[0.011s] Invoking command in '/home/qianlab/single_turtle_workspace/build/turtle_high_controller': AMENT_PREFIX_PATH=/home/qianlab/single_turtle_workspace/install/traveler_msgs:${AMENT_PREFIX_PATH} CMAKE_PREFIX_PATH=/home/qianlab/single_turtle_workspace/install/traveler_msgs:/home/qianlab/lassie-traveler/dependencies/install/traveler_high_controller:/home/qianlab/lassie-traveler/dependencies/install/traveler_msgs:/opt/ros/foxy LD_LIBRARY_PATH=/home/qianlab/single_turtle_workspace/install/traveler_msgs/lib:${LD_LIBRARY_PATH} PYTHONPATH=/home/qianlab/single_turtle_workspace/install/traveler_msgs/lib/python3.8/site-packages:${PYTHONPATH} /usr/bin/cmake --build /home/qianlab/single_turtle_workspace/build/turtle_high_controller -- -j12 -l12
[0.050s] [35m[1mScanning dependencies of target odrive_can_interface[0m
[0.054s] [35m[1mScanning dependencies of target turtle_high_controller[0m
[0.090s] [ 14%] [32mBuilding CXX object CMakeFiles/odrive_can_interface.dir/src/can_driver/can_driver.cpp.o[0m
[0.090s] [ 14%] [32mBuilding CXX object CMakeFiles/odrive_can_interface.dir/src/can_driver/odrive_can.cpp.o[0m
[0.096s] [ 21%] [32mBuilding CXX object CMakeFiles/turtle_high_controller.dir/src/main.cpp.o[0m
[0.098s] [ 50%] [32mBuilding CXX object CMakeFiles/turtle_high_controller.dir/src/controller/trajectories_parser.cpp.o[0m
[0.098s] [ 50%] [32mBuilding CXX object CMakeFiles/turtle_high_controller.dir/src/proxy/upperproxy.cpp.o[0m
[0.098s] [ 50%] [32mBuilding CXX object CMakeFiles/turtle_high_controller.dir/src/proxy/lowerproxy.cpp.o[0m
[0.098s] [ 50%] [32mBuilding CXX object CMakeFiles/turtle_high_controller.dir/src/controller/Inverse_kinematics.cpp.o[0m
[0.098s] [ 57%] [32mBuilding CXX object CMakeFiles/turtle_high_controller.dir/src/can_driver/can_driver.cpp.o[0m
[0.473s] In file included from [01m[K/home/qianlab/single_turtle_workspace/dependencies/traveler_controller/include/controller/inverse_kinematics.h:6[m[K,
[0.473s]                  from [01m[K/home/qianlab/single_turtle_workspace/dependencies/traveler_controller/src/controller/Inverse_kinematics.cpp:1[m[K:
[0.473s] [01m[K/home/qianlab/single_turtle_workspace/dependencies/traveler_controller/include/controller/../proxy/control_data.h:[m[K In constructor ‘[01m[KWaypoint::Waypoint(float, float, float, float)[m[K’:
[0.473s] [01m[K/home/qianlab/single_turtle_workspace/dependencies/traveler_controller/include/controller/../proxy/control_data.h:31:63:[m[K [01;31m[Kerror: [m[K‘[01m[Kx[m[K’ was not declared in this scope
[0.473s]    31 |     Waypoint(float g, float t, float v, float d=0.0f) : point([01;31m[Kx[m[K,y), vel(v), delay(d) {}
[0.473s]       |                                                               [01;31m[K^[m[K
[0.474s] [01m[K/home/qianlab/single_turtle_workspace/dependencies/traveler_controller/include/controller/../proxy/control_data.h:31:65:[m[K [01;31m[Kerror: [m[K‘[01m[Ky[m[K’ was not declared in this scope; did you mean ‘[01m[Kyn[m[K’?
[0.474s]    31 |     Waypoint(float g, float t, float v, float d=0.0f) : point(x,[01;31m[Ky[m[K), vel(v), delay(d) {}
[0.474s]       |                                                                 [01;31m[K^[m[K
[0.474s]       |                                                                 [32m[Kyn[m[K
[0.474s] [01m[K/home/qianlab/single_turtle_workspace/dependencies/traveler_controller/include/controller/../proxy/control_data.h:31:20:[m[K [01;35m[Kwarning: [m[Kunused parameter ‘[01m[Kg[m[K’ [[01;35m[K-Wunused-parameter[m[K]
[0.475s]    31 |     Waypoint([01;35m[Kfloat g[m[K, float t, float v, float d=0.0f) : point(x,y), vel(v), delay(d) {}
[0.475s]       |              [01;35m[K~~~~~~^[m[K
[0.475s] [01m[K/home/qianlab/single_turtle_workspace/dependencies/traveler_controller/include/controller/../proxy/control_data.h:31:29:[m[K [01;35m[Kwarning: [m[Kunused parameter ‘[01m[Kt[m[K’ [[01;35m[K-Wunused-parameter[m[K]
[0.475s]    31 |     Waypoint(float g, [01;35m[Kfloat t[m[K, float v, float d=0.0f) : point(x,y), vel(v), delay(d) {}
[0.475s]       |                       [01;35m[K~~~~~~^[m[K
[0.476s] [01m[K/home/qianlab/single_turtle_workspace/dependencies/traveler_controller/include/controller/../proxy/control_data.h:[m[K At global scope:
[0.476s] [01m[K/home/qianlab/single_turtle_workspace/dependencies/traveler_controller/include/controller/../proxy/control_data.h:47:5:[m[K [01;31m[Kerror: [m[K‘[01m[KXY_pair[m[K’ does not name a type; did you mean ‘[01m[KGT_pair[m[K’?
[0.476s]    47 |     [01;31m[KXY_pair[m[K toe_position;
[0.476s]       |     [01;31m[K^~~~~~~[m[K
[0.476s]       |     [32m[KGT_pair[m[K
[0.479s] In file included from [01m[K/home/qianlab/single_turtle_workspace/dependencies/traveler_controller/src/controller/Inverse_kinematics.cpp:1[m[K:
[0.479s] [01m[K/home/qianlab/single_turtle_workspace/dependencies/traveler_controller/include/controller/inverse_kinematics.h:14:47:[m[K [01;31m[Kerror: [m[K‘[01m[KXY_pair[m[K’ has not been declared
[0.479s]    14 | void abstractToPhysical(float L, float Theta, [01;31m[KXY_pair[m[K& point);
[0.479s]       |                                               [01;31m[K^~~~~~~[m[K
[0.479s] [01m[K/home/qianlab/single_turtle_workspace/dependencies/traveler_controller/include/controller/inverse_kinematics.h:20:41:[m[K [01;31m[Kerror: [m[K‘[01m[KXY_pair[m[K’ has not been declared
[0.480s]    20 | bool linearTraj(float t_rel, float vel, [01;31m[KXY_pair[m[K A, XY_pair B, float& X, float& Y);
[0.480s]       |                                         [01;31m[K^~~~~~~[m[K
[0.480s] [01m[K/home/qianlab/single_turtle_workspace/dependencies/traveler_controller/include/controller/inverse_kinematics.h:20:52:[m[K [01;31m[Kerror: [m[K‘[01m[KXY_pair[m[K’ has not been declared
[0.480s]    20 | bool linearTraj(float t_rel, float vel, XY_pair A, [01;31m[KXY_pair[m[K B, float& X, float& Y);
[0.480s]       |                                                    [01;31m[K^~~~~~~[m[K
[0.480s] [01m[K/home/qianlab/single_turtle_workspace/dependencies/traveler_controller/include/controller/inverse_kinematics.h:21:41:[m[K [01;31m[Kerror: [m[K‘[01m[KXY_pair[m[K’ has not been declared
[0.480s]    21 | bool linearTraj(float t_rel, float vel, [01;31m[KXY_pair[m[K A, XY_pair B,
[0.480s]       |                                         [01;31m[K^~~~~~~[m[K
[0.480s] [01m[K/home/qianlab/single_turtle_workspace/dependencies/traveler_controller/include/controller/inverse_kinematics.h:21:52:[m[K [01;31m[Kerror: [m[K‘[01m[KXY_pair[m[K’ has not been declared
[0.480s]    21 | bool linearTraj(float t_rel, float vel, XY_pair A, [01;31m[KXY_pair[m[K B,
[0.481s]       |                                                    [01;31m[K^~~~~~~[m[K
[0.481s] [01m[K/home/qianlab/single_turtle_workspace/dependencies/traveler_controller/include/controller/inverse_kinematics.h:22:17:[m[K [01;31m[Kerror: [m[K‘[01m[KXY_pair[m[K’ has not been declared
[0.481s]    22 |                 [01;31m[KXY_pair[m[K ToeXY, float& X, float& Y, float threshold = 0.01f);
[0.481s]       |                 [01;31m[K^~~~~~~[m[K
[0.481s] [01m[K/home/qianlab/single_turtle_workspace/dependencies/traveler_controller/include/controller/inverse_kinematics.h:27:16:[m[K [01;31m[Kerror: [m[K‘[01m[KXY_pair[m[K’ was not declared in this scope; did you mean ‘[01m[KGT_pair[m[K’?
[0.481s]    27 | bool validPath([01;31m[KXY_pair[m[K A, XY_pair B);
[0.481s]       |                [01;31m[K^~~~~~~[m[K
[0.481s]       |                [32m[KGT_pair[m[K
[0.482s] [01m[K/home/qianlab/single_turtle_workspace/dependencies/traveler_controller/include/controller/inverse_kinematics.h:27:27:[m[K [01;31m[Kerror: [m[K‘[01m[KXY_pair[m[K’ was not declared in this scope; did you mean ‘[01m[KGT_pair[m[K’?
[0.482s]    27 | bool validPath(XY_pair A, [01;31m[KXY_pair[m[K B);
[0.482s]       |                           [01;31m[K^~~~~~~[m[K
[0.482s]       |                           [32m[KGT_pair[m[K
[0.482s] [01m[K/home/qianlab/single_turtle_workspace/dependencies/traveler_controller/include/controller/inverse_kinematics.h:27:36:[m[K [01;31m[Kerror: [m[Kexpression list treated as compound expression in initializer [[01;31m[K-fpermissive[m[K]
[0.482s]    27 | bool validPath(XY_pair A, XY_pair B[01;31m[K)[m[K;
[0.482s]       |                                    [01;31m[K^[m[K
[0.483s] [01m[K/home/qianlab/single_turtle_workspace/dependencies/traveler_controller/include/controller/inverse_kinematics.h:28:28:[m[K [01;31m[Kerror: [m[K‘[01m[KXY_pair[m[K’ was not declared in this scope; did you mean ‘[01m[KGT_pair[m[K’?
[0.483s]    28 | Point_Pair findSwingPoints([01;31m[KXY_pair[m[K A, XY_pair B);
[0.483s]       |                            [01;31m[K^~~~~~~[m[K
[0.483s]       |                            [32m[KGT_pair[m[K
[0.484s] [01m[K/home/qianlab/single_turtle_workspace/dependencies/traveler_controller/include/controller/inverse_kinematics.h:28:39:[m[K [01;31m[Kerror: [m[K‘[01m[KXY_pair[m[K’ was not declared in this scope; did you mean ‘[01m[KGT_pair[m[K’?
[0.484s]    28 | Point_Pair findSwingPoints(XY_pair A, [01;31m[KXY_pair[m[K B);
[0.484s]       |                                       [01;31m[K^~~~~~~[m[K
[0.485s]       |                                       [32m[KGT_pair[m[K
[0.486s] [01m[K/home/qianlab/single_turtle_workspace/dependencies/traveler_controller/include/controller/inverse_kinematics.h:33:15:[m[K [01;31m[Kerror: [m[K‘[01m[KXY_pair[m[K’ was not declared in this scope; did you mean ‘[01m[KGT_pair[m[K’?
[0.486s]    33 | bool inBounds([01;31m[KXY_pair[m[K ToeXY);
[0.486s]       |               [01;31m[K^~~~~~~[m[K
[0.486s]       |               [32m[KGT_pair[m[K
[0.486s] [01m[K/home/qianlab/single_turtle_workspace/dependencies/traveler_controller/include/controller/inverse_kinematics.h:34:31:[m[K [01;31m[Kerror: [m[K‘[01m[Kbool inBounds(float, float)[m[K’ redeclared as different kind of entity
[0.486s]    34 | bool inBounds(float x, float y[01;31m[K)[m[K;
[0.486s]       |                               [01;31m[K^[m[K
[0.486s] [01m[K/home/qianlab/single_turtle_workspace/dependencies/traveler_controller/include/controller/inverse_kinematics.h:33:6:[m[K [01;36m[Knote: [m[Kprevious declaration ‘[01m[Kbool inBounds[m[K’
[0.486s]    33 | bool [01;36m[KinBounds[m[K(XY_pair ToeXY);
[0.487s]       |      [01;36m[K^~~~~~~~[m[K
[0.487s] [01m[K/home/qianlab/single_turtle_workspace/dependencies/traveler_controller/include/controller/inverse_kinematics.h:36:15:[m[K [01;31m[Kerror: [m[K‘[01m[KXY_pair[m[K’ was not declared in this scope; did you mean ‘[01m[KGT_pair[m[K’?
[0.487s]    36 | bool clamp_XY([01;31m[KXY_pair[m[K& P, float L = 0.0f);
[0.487s]       |               [01;31m[K^~~~~~~[m[K
[0.487s]       |               [32m[KGT_pair[m[K
[0.488s] [01m[K/home/qianlab/single_turtle_workspace/dependencies/traveler_controller/include/controller/inverse_kinematics.h:36:24:[m[K [01;31m[Kerror: [m[K‘[01m[KP[m[K’ was not declared in this scope
[0.488s]    36 | bool clamp_XY(XY_pair& [01;31m[KP[m[K, float L = 0.0f);
[0.488s]       |                        [01;31m[K^[m[K
[0.489s] [01m[K/home/qianlab/single_turtle_workspace/dependencies/traveler_controller/include/controller/inverse_kinematics.h:36:27:[m[K [01;31m[Kerror: [m[Kexpected primary-expression before ‘[01m[Kfloat[m[K’
[0.489s]    36 | bool clamp_XY(XY_pair& P, [01;31m[Kfloat[m[K L = 0.0f);
[0.489s]       |                           [01;31m[K^~~~~[m[K
[0.489s] [01m[K/home/qianlab/single_turtle_workspace/dependencies/traveler_controller/include/controller/inverse_kinematics.h:36:41:[m[K [01;31m[Kerror: [m[Kexpression list treated as compound expression in initializer [[01;31m[K-fpermissive[m[K]
[0.489s]    36 | bool clamp_XY(XY_pair& P, float L = 0.0f[01;31m[K)[m[K;
[0.489s]       |                                         [01;31m[K^[m[K
[0.490s] [01m[K/home/qianlab/single_turtle_workspace/dependencies/traveler_controller/include/controller/inverse_kinematics.h:37:16:[m[K [01;31m[Kerror: [m[K‘[01m[KXY_pair[m[K’ was not declared in this scope; did you mean ‘[01m[KGT_pair[m[K’?
[0.490s]    37 | float distance([01;31m[KXY_pair[m[K A, XY_pair B);
[0.490s]       |                [01;31m[K^~~~~~~[m[K
[0.490s]       |                [32m[KGT_pair[m[K
[0.491s] [01m[K/home/qianlab/single_turtle_workspace/dependencies/traveler_controller/include/controller/inverse_kinematics.h:37:27:[m[K [01;31m[Kerror: [m[K‘[01m[KXY_pair[m[K’ was not declared in this scope; did you mean ‘[01m[KGT_pair[m[K’?
[0.491s]    37 | float distance(XY_pair A, [01;31m[KXY_pair[m[K B);
[0.491s]       |                           [01;31m[K^~~~~~~[m[K
[0.491s]       |                           [32m[KGT_pair[m[K
[0.491s] [01m[K/home/qianlab/single_turtle_workspace/dependencies/traveler_controller/include/controller/inverse_kinematics.h:37:36:[m[K [01;31m[Kerror: [m[Kexpression list treated as compound expression in initializer [[01;31m[K-fpermissive[m[K]
[0.491s]    37 | float distance(XY_pair A, XY_pair B[01;31m[K)[m[K;
[0.491s]       |                                    [01;31m[K^[m[K
[0.492s] [01m[K/home/qianlab/single_turtle_workspace/dependencies/traveler_controller/src/controller/Inverse_kinematics.cpp:48:47:[m[K [01;31m[Kerror: [m[K‘[01m[KXY_pair[m[K’ has not been declared
[0.492s]    48 | void abstractToPhysical(float L, float Theta, [01;31m[KXY_pair[m[K &point)
[0.492s]       |                                               [01;31m[K^~~~~~~[m[K
[0.492s] [01m[K/home/qianlab/single_turtle_workspace/dependencies/traveler_controller/src/controller/Inverse_kinematics.cpp:[m[K In function ‘[01m[Kvoid abstractToPhysical(float, float, int&)[m[K’:
[0.492s] [01m[K/home/qianlab/single_turtle_workspace/dependencies/traveler_controller/src/controller/Inverse_kinematics.cpp:50:11:[m[K [01;31m[Kerror: [m[Krequest for member ‘[01m[Kx[m[K’ in ‘[01m[Kpoint[m[K’, which is of non-class type ‘[01m[Kint[m[K’
[0.493s]    50 |     point.[01;31m[Kx[m[K = -L * sinf(Theta);
[0.493s]       |           [01;31m[K^[m[K
[0.493s] [01m[K/home/qianlab/single_turtle_workspace/dependencies/traveler_controller/src/controller/Inverse_kinematics.cpp:51:11:[m[K [01;31m[Kerror: [m[Krequest for member ‘[01m[Ky[m[K’ in ‘[01m[Kpoint[m[K’, which is of non-class type ‘[01m[Kint[m[K’
[0.493s]    51 |     point.[01;31m[Ky[m[K =  L * cosf(Theta);
[0.493s]       |           [01;31m[K^[m[K
[0.494s] [01m[K/home/qianlab/single_turtle_workspace/dependencies/traveler_controller/src/controller/Inverse_kinematics.cpp:[m[K At global scope:
[0.494s] [01m[K/home/qianlab/single_turtle_workspace/dependencies/traveler_controller/src/controller/Inverse_kinematics.cpp:64:41:[m[K [01;31m[Kerror: [m[K‘[01m[KXY_pair[m[K’ has not been declared
[0.494s]    64 | bool linearTraj(float t_rel, float vel, [01;31m[KXY_pair[m[K A, XY_pair B, float &X, float &Y)
[0.494s]       |                                         [01;31m[K^~~~~~~[m[K
[0.494s] [01m[K/home/qianlab/single_turtle_workspace/dependencies/traveler_controller/src/controller/Inverse_kinematics.cpp:64:52:[m[K [01;31m[Kerror: [m[K‘[01m[KXY_pair[m[K’ has not been declared
[0.494s]    64 | bool linearTraj(float t_rel, float vel, XY_pair A, [01;31m[KXY_pair[m[K B, float &X, float &Y)
[0.494s]       |                                                    [01;31m[K^~~~~~~[m[K
[0.494s] [01m[K/home/qianlab/single_turtle_workspace/dependencies/traveler_controller/src/controller/Inverse_kinematics.cpp:[m[K In function ‘[01m[Kbool linearTraj(float, float, int, int, float&, float&)[m[K’:
[0.495s] [01m[K/home/qianlab/single_turtle_workspace/dependencies/traveler_controller/src/controller/Inverse_kinematics.cpp:66:18:[m[K [01;31m[Kerror: [m[Krequest for member ‘[01m[Kx[m[K’ in ‘[01m[KB[m[K’, which is of non-class type ‘[01m[Kint[m[K’
[0.495s]    66 |     float dx = B.[01;31m[Kx[m[K - A.x;
[0.495s]       |                  [01;31m[K^[m[K
[0.495s] [01m[K/home/qianlab/single_turtle_workspace/dependencies/traveler_controller/src/controller/Inverse_kinematics.cpp:66:24:[m[K [01;31m[Kerror: [m[Krequest for member ‘[01m[Kx[m[K’ in ‘[01m[KA[m[K’, which is of non-class type ‘[01m[Kint[m[K’
[0.495s]    66 |     float dx = B.x - A.[01;31m[Kx[m[K;
[0.495s]       |                        [01;31m[K^[m[K
[0.495s] [01m[K/home/qianlab/single_turtle_workspace/dependencies/traveler_controller/src/controller/Inverse_kinematics.cpp:67:18:[m[K [01;31m[Kerror: [m[Krequest for member ‘[01m[Ky[m[K’ in ‘[01m[KB[m[K’, which is of non-class type ‘[01m[Kint[m[K’
[0.495s]    67 |     float dy = B.[01;31m[Ky[m[K - A.y;
[0.495s]       |                  [01;31m[K^[m[K
[0.495s] [01m[K/home/qianlab/single_turtle_workspace/dependencies/traveler_controller/src/controller/Inverse_kinematics.cpp:67:24:[m[K [01;31m[Kerror: [m[Krequest for member ‘[01m[Ky[m[K’ in ‘[01m[KA[m[K’, which is of non-class type ‘[01m[Kint[m[K’
[0.495s]    67 |     float dy = B.y - A.[01;31m[Ky[m[K;
[0.496s]       |                        [01;31m[K^[m[K
[0.496s] [01m[K/home/qianlab/single_turtle_workspace/dependencies/traveler_controller/src/controller/Inverse_kinematics.cpp:71:15:[m[K [01;31m[Kerror: [m[Krequest for member ‘[01m[Kx[m[K’ in ‘[01m[KA[m[K’, which is of non-class type ‘[01m[Kint[m[K’
[0.496s]    71 |         X = A.[01;31m[Kx[m[K;
[0.496s]       |               [01;31m[K^[m[K
[0.496s] [01m[K/home/qianlab/single_turtle_workspace/dependencies/traveler_controller/src/controller/Inverse_kinematics.cpp:72:15:[m[K [01;31m[Kerror: [m[Krequest for member ‘[01m[Ky[m[K’ in ‘[01m[KA[m[K’, which is of non-class type ‘[01m[Kint[m[K’
[0.496s]    72 |         Y = A.[01;31m[Ky[m[K;
[0.496s]       |               [01;31m[K^[m[K
[0.496s] [01m[K/home/qianlab/single_turtle_workspace/dependencies/traveler_controller/src/controller/Inverse_kinematics.cpp:77:33:[m[K [01;31m[Kerror: [m[Krequest for member ‘[01m[Kx[m[K’ in ‘[01m[KA[m[K’, which is of non-class type ‘[01m[Kint[m[K’
[0.496s]    77 |     X = scalar * dx * t_rel + A.[01;31m[Kx[m[K;
[0.496s]       |                                 [01;31m[K^[m[K
[0.497s] [01m[K/home/qianlab/single_turtle_workspace/dependencies/traveler_controller/src/controller/Inverse_kinematics.cpp:78:33:[m[K [01;31m[Kerror: [m[Krequest for member ‘[01m[Ky[m[K’ in ‘[01m[KA[m[K’, which is of non-class type ‘[01m[Kint[m[K’
[0.497s]    78 |     Y = scalar * dy * t_rel + A.[01;31m[Ky[m[K;
[0.497s]       |                                 [01;31m[K^[m[K
[0.497s] [01m[K/home/qianlab/single_turtle_workspace/dependencies/traveler_controller/src/controller/Inverse_kinematics.cpp:80:38:[m[K [01;31m[Kerror: [m[Krequest for member ‘[01m[Kx[m[K’ in ‘[01m[KA[m[K’, which is of non-class type ‘[01m[Kint[m[K’
[0.497s]    80 |     float actual_dist = sqrtf((X - A.[01;31m[Kx[m[K)*(X - A.x) + (Y - A.y)*(Y - A.y));
[0.497s]       |                                      [01;31m[K^[m[K
[0.497s] [01m[K/home/qianlab/single_turtle_workspace/dependencies/traveler_controller/src/controller/Inverse_kinematics.cpp:80:48:[m[K [01;31m[Kerror: [m[Krequest for member ‘[01m[Kx[m[K’ in ‘[01m[KA[m[K’, which is of non-class type ‘[01m[Kint[m[K’
[0.497s]    80 |     float actual_dist = sqrtf((X - A.x)*(X - A.[01;31m[Kx[m[K) + (Y - A.y)*(Y - A.y));
[0.497s]       |                                                [01;31m[K^[m[K
[0.497s] [01m[K/home/qianlab/single_turtle_workspace/dependencies/traveler_controller/src/controller/Inverse_kinematics.cpp:80:60:[m[K [01;31m[Kerror: [m[Krequest for member ‘[01m[Ky[m[K’ in ‘[01m[KA[m[K’, which is of non-class type ‘[01m[Kint[m[K’
[0.498s]    80 |     float actual_dist = sqrtf((X - A.x)*(X - A.x) + (Y - A.[01;31m[Ky[m[K)*(Y - A.y));
[0.498s]       |                                                            [01;31m[K^[m[K
[0.498s] [01m[K/home/qianlab/single_turtle_workspace/dependencies/traveler_controller/src/controller/Inverse_kinematics.cpp:80:70:[m[K [01;31m[Kerror: [m[Krequest for member ‘[01m[Ky[m[K’ in ‘[01m[KA[m[K’, which is of non-class type ‘[01m[Kint[m[K’
[0.498s]    80 |     float actual_dist = sqrtf((X - A.x)*(X - A.x) + (Y - A.y)*(Y - A.[01;31m[Ky[m[K));
[0.498s]       |                                                                      [01;31m[K^[m[K
[0.498s] [01m[K/home/qianlab/single_turtle_workspace/dependencies/traveler_controller/src/controller/Inverse_kinematics.cpp:[m[K At global scope:
[0.498s] [01m[K/home/qianlab/single_turtle_workspace/dependencies/traveler_controller/src/controller/Inverse_kinematics.cpp:90:41:[m[K [01;31m[Kerror: [m[K‘[01m[KXY_pair[m[K’ has not been declared
[0.498s]    90 | bool linearTraj(float t_rel, float vel, [01;31m[KXY_pair[m[K A, XY_pair B, XY_pair ToeXY, float& X, float& Y, float threshold) {
[0.498s]       |                                         [01;31m[K^~~~~~~[m[K
[0.498s] [01m[K/home/qianlab/single_turtle_workspace/dependencies/traveler_controller/src/controller/Inverse_kinematics.cpp:90:52:[m[K [01;31m[Kerror: [m[K‘[01m[KXY_pair[m[K’ has not been declared
[0.498s]    90 | bool linearTraj(float t_rel, float vel, XY_pair A, [01;31m[KXY_pair[m[K B, XY_pair ToeXY, float& X, float& Y, float threshold) {
[0.498s]       |                                                    [01;31m[K^~~~~~~[m[K
[0.499s] [01m[K/home/qianlab/single_turtle_workspace/dependencies/traveler_controller/src/controller/Inverse_kinematics.cpp:90:63:[m[K [01;31m[Kerror: [m[K‘[01m[KXY_pair[m[K’ has not been declared
[0.499s]    90 | bool linearTraj(float t_rel, float vel, XY_pair A, XY_pair B, [01;31m[KXY_pair[m[K ToeXY, float& X, float& Y, float threshold) {
[0.499s]       |                                                               [01;31m[K^~~~~~~[m[K
[0.506s] [01m[K/home/qianlab/single_turtle_workspace/dependencies/traveler_controller/src/controller/Inverse_kinematics.cpp:96:6:[m[K [01;31m[Kerror: [m[Kredefinition of ‘[01m[Kbool validPath[m[K’
[0.506s]    96 | bool [01;31m[KvalidPath[m[K(XY_pair A, XY_pair B) {
[0.506s]       |      [01;31m[K^~~~~~~~~[m[K
[0.506s] In file included from [01m[K/home/qianlab/single_turtle_workspace/dependencies/traveler_controller/src/controller/Inverse_kinematics.cpp:1[m[K:
[0.506s] [01m[K/home/qianlab/single_turtle_workspace/dependencies/traveler_controller/include/controller/inverse_kinematics.h:27:6:[m[K [01;36m[Knote: [m[K‘[01m[Kbool validPath[m[K’ previously defined here
[0.507s]    27 | bool [01;36m[KvalidPath[m[K(XY_pair A, XY_pair B);
[0.507s]       |      [01;36m[K^~~~~~~~~[m[K
[0.507s] [01m[K/home/qianlab/single_turtle_workspace/dependencies/traveler_controller/src/controller/Inverse_kinematics.cpp:96:16:[m[K [01;31m[Kerror: [m[K‘[01m[KXY_pair[m[K’ was not declared in this scope; did you mean ‘[01m[KGT_pair[m[K’?
[0.507s]    96 | bool validPath([01;31m[KXY_pair[m[K A, XY_pair B) {
[0.507s]       |                [01;31m[K^~~~~~~[m[K
[0.507s]       |                [32m[KGT_pair[m[K
[0.507s] [01m[K/home/qianlab/single_turtle_workspace/dependencies/traveler_controller/src/controller/Inverse_kinematics.cpp:96:27:[m[K [01;31m[Kerror: [m[K‘[01m[KXY_pair[m[K’ was not declared in this scope; did you mean ‘[01m[KGT_pair[m[K’?
[0.507s]    96 | bool validPath(XY_pair A, [01;31m[KXY_pair[m[K B) {
[0.507s]       |                           [01;31m[K^~~~~~~[m[K
[0.507s]       |                           [32m[KGT_pair[m[K
[0.507s] [01m[K/home/qianlab/single_turtle_workspace/dependencies/traveler_controller/src/controller/Inverse_kinematics.cpp:102:12:[m[K [01;31m[Kerror: [m[Kredefinition of ‘[01m[KPoint_Pair findSwingPoints[m[K’
[0.508s]   102 | Point_Pair [01;31m[KfindSwingPoints[m[K(XY_pair A, XY_pair B) {
[0.508s]       |            [01;31m[K^~~~~~~~~~~~~~~[m[K
[0.508s] In file included from [01m[K/home/qianlab/single_turtle_workspace/dependencies/traveler_controller/src/controller/Inverse_kinematics.cpp:1[m[K:
[0.508s] [01m[K/home/qianlab/single_turtle_workspace/dependencies/traveler_controller/include/controller/inverse_kinematics.h:28:12:[m[K [01;36m[Knote: [m[K‘[01m[KPoint_Pair findSwingPoints[m[K’ previously declared here
[0.508s]    28 | Point_Pair [01;36m[KfindSwingPoints[m[K(XY_pair A, XY_pair B);
[0.508s]       |            [01;36m[K^~~~~~~~~~~~~~~[m[K
[0.508s] [01m[K/home/qianlab/single_turtle_workspace/dependencies/traveler_controller/src/controller/Inverse_kinematics.cpp:102:28:[m[K [01;31m[Kerror: [m[K‘[01m[KXY_pair[m[K’ was not declared in this scope; did you mean ‘[01m[KGT_pair[m[K’?
[0.508s]   102 | Point_Pair findSwingPoints([01;31m[KXY_pair[m[K A, XY_pair B) {
[0.508s]       |                            [01;31m[K^~~~~~~[m[K
[0.508s]       |                            [32m[KGT_pair[m[K
[0.508s] [01m[K/home/qianlab/single_turtle_workspace/dependencies/traveler_controller/src/controller/Inverse_kinematics.cpp:102:39:[m[K [01;31m[Kerror: [m[K‘[01m[KXY_pair[m[K’ was not declared in this scope; did you mean ‘[01m[KGT_pair[m[K’?
[0.508s]   102 | Point_Pair findSwingPoints(XY_pair A, [01;31m[KXY_pair[m[K B) {
[0.509s]       |                                       [01;31m[K^~~~~~~[m[K
[0.509s]       |                                       [32m[KGT_pair[m[K
[0.509s] [01m[K/home/qianlab/single_turtle_workspace/dependencies/traveler_controller/src/controller/Inverse_kinematics.cpp:110:6:[m[K [01;31m[Kerror: [m[Kredefinition of ‘[01m[Kbool inBounds[m[K’
[0.509s]   110 | bool [01;31m[KinBounds[m[K(XY_pair ToeXY) {
[0.509s]       |      [01;31m[K^~~~~~~~[m[K
[0.509s] In file included from [01m[K/home/qianlab/single_turtle_workspace/dependencies/traveler_controller/src/controller/Inverse_kinematics.cpp:1[m[K:
[0.509s] [01m[K/home/qianlab/single_turtle_workspace/dependencies/traveler_controller/include/controller/inverse_kinematics.h:33:6:[m[K [01;36m[Knote: [m[K‘[01m[Kbool inBounds[m[K’ previously defined here
[0.509s]    33 | bool [01;36m[KinBounds[m[K(XY_pair ToeXY);
[0.509s]       |      [01;36m[K^~~~~~~~[m[K
[0.509s] [01m[K/home/qianlab/single_turtle_workspace/dependencies/traveler_controller/src/controller/Inverse_kinematics.cpp:110:15:[m[K [01;31m[Kerror: [m[K‘[01m[KXY_pair[m[K’ was not declared in this scope; did you mean ‘[01m[KGT_pair[m[K’?
[0.509s]   110 | bool inBounds([01;31m[KXY_pair[m[K ToeXY) {
[0.509s]       |               [01;31m[K^~~~~~~[m[K
[0.509s]       |               [32m[KGT_pair[m[K
[0.510s] [01m[K/home/qianlab/single_turtle_workspace/dependencies/traveler_controller/src/controller/Inverse_kinematics.cpp:114:31:[m[K [01;31m[Kerror: [m[K‘[01m[Kbool inBounds(float, float)[m[K’ redeclared as different kind of entity
[0.510s]   114 | bool inBounds(float x, float y[01;31m[K)[m[K {
[0.510s]       |                               [01;31m[K^[m[K
[0.510s] In file included from [01m[K/home/qianlab/single_turtle_workspace/dependencies/traveler_controller/src/controller/Inverse_kinematics.cpp:1[m[K:
[0.510s] [01m[K/home/qianlab/single_turtle_workspace/dependencies/traveler_controller/include/controller/inverse_kinematics.h:33:6:[m[K [01;36m[Knote: [m[Kprevious declaration ‘[01m[Kbool inBounds[m[K’
[0.510s]    33 | bool [01;36m[KinBounds[m[K(XY_pair ToeXY);
[0.510s]       |      [01;36m[K^~~~~~~~[m[K
[0.510s] [01m[K/home/qianlab/single_turtle_workspace/dependencies/traveler_controller/src/controller/Inverse_kinematics.cpp:120:6:[m[K [01;31m[Kerror: [m[Kredefinition of ‘[01m[Kbool clamp_XY[m[K’
[0.510s]   120 | bool [01;31m[Kclamp_XY[m[K(XY_pair& P, float L) {
[0.510s]       |      [01;31m[K^~~~~~~~[m[K
[0.510s] In file included from [01m[K/home/qianlab/single_turtle_workspace/dependencies/traveler_controller/src/controller/Inverse_kinematics.cpp:1[m[K:
[0.510s] [01m[K/home/qianlab/single_turtle_workspace/dependencies/traveler_controller/include/controller/inverse_kinematics.h:36:6:[m[K [01;36m[Knote: [m[K‘[01m[Kbool clamp_XY[m[K’ previously defined here
[0.511s]    36 | bool [01;36m[Kclamp_XY[m[K(XY_pair& P, float L = 0.0f);
[0.511s]       |      [01;36m[K^~~~~~~~[m[K
[0.511s] [01m[K/home/qianlab/single_turtle_workspace/dependencies/traveler_controller/src/controller/Inverse_kinematics.cpp:120:15:[m[K [01;31m[Kerror: [m[K‘[01m[KXY_pair[m[K’ was not declared in this scope; did you mean ‘[01m[KGT_pair[m[K’?
[0.511s]   120 | bool clamp_XY([01;31m[KXY_pair[m[K& P, float L) {
[0.511s]       |               [01;31m[K^~~~~~~[m[K
[0.511s]       |               [32m[KGT_pair[m[K
[0.511s] [01m[K/home/qianlab/single_turtle_workspace/dependencies/traveler_controller/src/controller/Inverse_kinematics.cpp:120:24:[m[K [01;31m[Kerror: [m[K‘[01m[KP[m[K’ was not declared in this scope
[0.511s]   120 | bool clamp_XY(XY_pair& [01;31m[KP[m[K, float L) {
[0.511s]       |                        [01;31m[K^[m[K
[0.511s] [01m[K/home/qianlab/single_turtle_workspace/dependencies/traveler_controller/src/controller/Inverse_kinematics.cpp:120:27:[m[K [01;31m[Kerror: [m[Kexpected primary-expression before ‘[01m[Kfloat[m[K’
[0.511s]   120 | bool clamp_XY(XY_pair& P, [01;31m[Kfloat[m[K L) {
[0.511s]       |                           [01;31m[K^~~~~[m[K
[0.512s] [01m[K/home/qianlab/single_turtle_workspace/dependencies/traveler_controller/src/controller/Inverse_kinematics.cpp:137:7:[m[K [01;31m[Kerror: [m[Kredefinition of ‘[01m[Kfloat distance[m[K’
[0.512s]   137 | float [01;31m[Kdistance[m[K(XY_pair A, XY_pair B) {
[0.512s]       |       [01;31m[K^~~~~~~~[m[K
[0.512s] In file included from [01m[K/home/qianlab/single_turtle_workspace/dependencies/traveler_controller/src/controller/Inverse_kinematics.cpp:1[m[K:
[0.512s] [01m[K/home/qianlab/single_turtle_workspace/dependencies/traveler_controller/include/controller/inverse_kinematics.h:37:7:[m[K [01;36m[Knote: [m[K‘[01m[Kfloat distance[m[K’ previously defined here
[0.512s]    37 | float [01;36m[Kdistance[m[K(XY_pair A, XY_pair B);
[0.512s]       |       [01;36m[K^~~~~~~~[m[K
[0.512s] [01m[K/home/qianlab/single_turtle_workspace/dependencies/traveler_controller/src/controller/Inverse_kinematics.cpp:137:16:[m[K [01;31m[Kerror: [m[K‘[01m[KXY_pair[m[K’ was not declared in this scope; did you mean ‘[01m[KGT_pair[m[K’?
[0.512s]   137 | float distance([01;31m[KXY_pair[m[K A, XY_pair B) {
[0.512s]       |                [01;31m[K^~~~~~~[m[K
[0.512s]       |                [32m[KGT_pair[m[K
[0.512s] [01m[K/home/qianlab/single_turtle_workspace/dependencies/traveler_controller/src/controller/Inverse_kinematics.cpp:137:27:[m[K [01;31m[Kerror: [m[K‘[01m[KXY_pair[m[K’ was not declared in this scope; did you mean ‘[01m[KGT_pair[m[K’?
[0.513s]   137 | float distance(XY_pair A, [01;31m[KXY_pair[m[K B) {
[0.513s]       |                           [01;31m[K^~~~~~~[m[K
[0.513s]       |                           [32m[KGT_pair[m[K
[0.533s] In file included from [01m[K/home/qianlab/single_turtle_workspace/dependencies/traveler_controller/include/controller/trajectories_parser.h:7[m[K,
[0.533s]                  from [01m[K/home/qianlab/single_turtle_workspace/dependencies/traveler_controller/src/controller/trajectories_parser.cpp:3[m[K:
[0.534s] [01m[K/home/qianlab/single_turtle_workspace/dependencies/traveler_controller/include/proxy/control_data.h:[m[K In constructor ‘[01m[KWaypoint::Waypoint(float, float, float, float)[m[K’:
[0.534s] [01m[K/home/qianlab/single_turtle_workspace/dependencies/traveler_controller/include/proxy/control_data.h:31:63:[m[K [01;31m[Kerror: [m[K‘[01m[Kx[m[K’ was not declared in this scope
[0.534s]    31 |     Waypoint(float g, float t, float v, float d=0.0f) : point([01;31m[Kx[m[K,y), vel(v), delay(d) {}
[0.534s]       |                                                               [01;31m[K^[m[K
[0.534s] [01m[K/home/qianlab/single_turtle_workspace/dependencies/traveler_controller/include/proxy/control_data.h:31:65:[m[K [01;31m[Kerror: [m[K‘[01m[Ky[m[K’ was not declared in this scope; did you mean ‘[01m[Kyn[m[K’?
[0.534s]    31 |     Waypoint(float g, float t, float v, float d=0.0f) : point(x,[01;31m[Ky[m[K), vel(v), delay(d) {}
[0.535s]       |                                                                 [01;31m[K^[m[K
[0.535s]       |                                                                 [32m[Kyn[m[K
[0.535s] [01m[K/home/qianlab/single_turtle_workspace/dependencies/traveler_controller/include/proxy/control_data.h:31:20:[m[K [01;35m[Kwarning: [m[Kunused parameter ‘[01m[Kg[m[K’ [[01;35m[K-Wunused-parameter[m[K]
[0.535s]    31 |     Waypoint([01;35m[Kfloat g[m[K, float t, float v, float d=0.0f) : point(x,y), vel(v), delay(d) {}
[0.535s]       |              [01;35m[K~~~~~~^[m[K
[0.535s] [01m[K/home/qianlab/single_turtle_workspace/dependencies/traveler_controller/include/proxy/control_data.h:31:29:[m[K [01;35m[Kwarning: [m[Kunused parameter ‘[01m[Kt[m[K’ [[01;35m[K-Wunused-parameter[m[K]
[0.535s]    31 |     Waypoint(float g, [01;35m[Kfloat t[m[K, float v, float d=0.0f) : point(x,y), vel(v), delay(d) {}
[0.535s]       |                       [01;35m[K~~~~~~^[m[K
[0.535s] [01m[K/home/qianlab/single_turtle_workspace/dependencies/traveler_controller/include/proxy/control_data.h:[m[K At global scope:
[0.535s] [01m[K/home/qianlab/single_turtle_workspace/dependencies/traveler_controller/include/proxy/control_data.h:47:5:[m[K [01;31m[Kerror: [m[K‘[01m[KXY_pair[m[K’ does not name a type; did you mean ‘[01m[KGT_pair[m[K’?
[0.535s]    47 |     [01;31m[KXY_pair[m[K toe_position;
[0.536s]       |     [01;31m[K^~~~~~~[m[K
[0.536s]       |     [32m[KGT_pair[m[K
[0.540s] In file included from [01m[K/home/qianlab/single_turtle_workspace/dependencies/traveler_controller/include/controller/trajectories_parser.h:8[m[K,
[0.540s]                  from [01m[K/home/qianlab/single_turtle_workspace/dependencies/traveler_controller/src/controller/trajectories_parser.cpp:3[m[K:
[0.540s] [01m[K/home/qianlab/single_turtle_workspace/dependencies/traveler_controller/include/controller/inverse_kinematics.h:14:47:[m[K [01;31m[Kerror: [m[K‘[01m[KXY_pair[m[K’ has not been declared
[0.540s]    14 | void abstractToPhysical(float L, float Theta, [01;31m[KXY_pair[m[K& point);
[0.540s]       |                                               [01;31m[K^~~~~~~[m[K
[0.540s] [01m[K/home/qianlab/single_turtle_workspace/dependencies/traveler_controller/include/controller/inverse_kinematics.h:20:41:[m[K [01;31m[Kerror: [m[K‘[01m[KXY_pair[m[K’ has not been declared
[0.540s]    20 | bool linearTraj(float t_rel, float vel, [01;31m[KXY_pair[m[K A, XY_pair B, float& X, float& Y);
[0.541s]       |                                         [01;31m[K^~~~~~~[m[K
[0.541s] [01m[K/home/qianlab/single_turtle_workspace/dependencies/traveler_controller/include/controller/inverse_kinematics.h:20:52:[m[K [01;31m[Kerror: [m[K‘[01m[KXY_pair[m[K’ has not been declared
[0.541s]    20 | bool linearTraj(float t_rel, float vel, XY_pair A, [01;31m[KXY_pair[m[K B, float& X, float& Y);
[0.541s]       |                                                    [01;31m[K^~~~~~~[m[K
[0.541s] [01m[K/home/qianlab/single_turtle_workspace/dependencies/traveler_controller/include/controller/inverse_kinematics.h:21:41:[m[K [01;31m[Kerror: [m[K‘[01m[KXY_pair[m[K’ has not been declared
[0.541s]    21 | bool linearTraj(float t_rel, float vel, [01;31m[KXY_pair[m[K A, XY_pair B,
[0.541s]       |                                         [01;31m[K^~~~~~~[m[K
[0.541s] [01m[K/home/qianlab/single_turtle_workspace/dependencies/traveler_controller/include/controller/inverse_kinematics.h:21:52:[m[K [01;31m[Kerror: [m[K‘[01m[KXY_pair[m[K’ has not been declared
[0.541s]    21 | bool linearTraj(float t_rel, float vel, XY_pair A, [01;31m[KXY_pair[m[K B,
[0.541s]       |                                                    [01;31m[K^~~~~~~[m[K
[0.541s] [01m[K/home/qianlab/single_turtle_workspace/dependencies/traveler_controller/include/controller/inverse_kinematics.h:22:17:[m[K [01;31m[Kerror: [m[K‘[01m[KXY_pair[m[K’ has not been declared
[0.542s]    22 |                 [01;31m[KXY_pair[m[K ToeXY, float& X, float& Y, float threshold = 0.01f);
[0.542s]       |                 [01;31m[K^~~~~~~[m[K
[0.542s] [01m[K/home/qianlab/single_turtle_workspace/dependencies/traveler_controller/include/controller/inverse_kinematics.h:27:16:[m[K [01;31m[Kerror: [m[K‘[01m[KXY_pair[m[K’ was not declared in this scope; did you mean ‘[01m[KGT_pair[m[K’?
[0.542s]    27 | bool validPath([01;31m[KXY_pair[m[K A, XY_pair B);
[0.542s]       |                [01;31m[K^~~~~~~[m[K
[0.542s]       |                [32m[KGT_pair[m[K
[0.542s] [01m[K/home/qianlab/single_turtle_workspace/dependencies/traveler_controller/include/controller/inverse_kinematics.h:27:27:[m[K [01;31m[Kerror: [m[K‘[01m[KXY_pair[m[K’ was not declared in this scope; did you mean ‘[01m[KGT_pair[m[K’?
[0.542s]    27 | bool validPath(XY_pair A, [01;31m[KXY_pair[m[K B);
[0.542s]       |                           [01;31m[K^~~~~~~[m[K
[0.542s]       |                           [32m[KGT_pair[m[K
[0.542s] [01m[K/home/qianlab/single_turtle_workspace/dependencies/traveler_controller/include/controller/inverse_kinematics.h:27:36:[m[K [01;31m[Kerror: [m[Kexpression list treated as compound expression in initializer [[01;31m[K-fpermissive[m[K]
[0.543s]    27 | bool validPath(XY_pair A, XY_pair B[01;31m[K)[m[K;
[0.543s]       |                                    [01;31m[K^[m[K
[0.543s] In file included from [01m[K/home/qianlab/single_turtle_workspace/dependencies/traveler_controller/include/can_driver/can_driver.hpp:4[m[K,
[0.543s]                  from [01m[K/home/qianlab/single_turtle_workspace/dependencies/traveler_controller/src/can_driver/can_driver.cpp:1[m[K:
[0.543s] [01m[K/home/qianlab/single_turtle_workspace/dependencies/traveler_controller/include/proxy/control_data.h:[m[K In constructor ‘[01m[KWaypoint::Waypoint(float, float, float, float)[m[K’:
[0.543s] [01m[K/home/qianlab/single_turtle_workspace/dependencies/traveler_controller/include/proxy/control_data.h:31:63:[m[K [01;31m[Kerror: [m[K‘[01m[Kx[m[K’ was not declared in this scope
[0.543s]    31 |     Waypoint(float g, float t, float v, float d=0.0f) : point([01;31m[Kx[m[K,y), vel(v), delay(d) {}
[0.543s]       |                                                               [01;31m[K^[m[K
[0.543s] [01m[K/home/qianlab/single_turtle_workspace/dependencies/traveler_controller/include/controller/inverse_kinematics.h:28:28:[m[K [01;31m[Kerror: [m[K‘[01m[KXY_pair[m[K’ was not declared in this scope; did you mean ‘[01m[KGT_pair[m[K’?
[0.543s]    28 | Point_Pair findSwingPoints([01;31m[KXY_pair[m[K A, XY_pair B);
[0.543s]       |                            [01;31m[K^~~~~~~[m[K
[0.544s]       |                            [32m[KGT_pair[m[K
[0.544s] [01m[K/home/qianlab/single_turtle_workspace/dependencies/traveler_controller/include/controller/inverse_kinematics.h:28:39:[m[K [01;31m[Kerror: [m[K‘[01m[KXY_pair[m[K’ was not declared in this scope; did you mean ‘[01m[KGT_pair[m[K’?
[0.544s]    28 | Point_Pair findSwingPoints(XY_pair A, [01;31m[KXY_pair[m[K B);
[0.544s]       |                                       [01;31m[K^~~~~~~[m[K
[0.544s]       |                                       [32m[KGT_pair[m[K
[0.544s] [01m[K/home/qianlab/single_turtle_workspace/dependencies/traveler_controller/include/proxy/control_data.h:31:65:[m[K [01;31m[Kerror: [m[K‘[01m[Ky[m[K’ was not declared in this scope; did you mean ‘[01m[Kyn[m[K’?
[0.544s]    31 |     Waypoint(float g, float t, float v, float d=0.0f) : point(x,[01;31m[Ky[m[K), vel(v), delay(d) {}
[0.544s]       |                                                                 [01;31m[K^[m[K
[0.544s]       |                                                                 [32m[Kyn[m[K
[0.544s] [01m[K/home/qianlab/single_turtle_workspace/dependencies/traveler_controller/include/proxy/control_data.h:31:20:[m[K [01;35m[Kwarning: [m[Kunused parameter ‘[01m[Kg[m[K’ [[01;35m[K-Wunused-parameter[m[K]
[0.544s]    31 |     Waypoint([01;35m[Kfloat g[m[K, float t, float v, float d=0.0f) : point(x,y), vel(v), delay(d) {}
[0.545s]       |              [01;35m[K~~~~~~^[m[K
[0.545s] [01m[K/home/qianlab/single_turtle_workspace/dependencies/traveler_controller/include/proxy/control_data.h:31:29:[m[K [01;35m[Kwarning: [m[Kunused parameter ‘[01m[Kt[m[K’ [[01;35m[K-Wunused-parameter[m[K]
[0.545s]    31 |     Waypoint(float g, [01;35m[Kfloat t[m[K, float v, float d=0.0f) : point(x,y), vel(v), delay(d) {}
[0.545s]       |                       [01;35m[K~~~~~~^[m[K
[0.545s] [01m[K/home/qianlab/single_turtle_workspace/dependencies/traveler_controller/include/controller/inverse_kinematics.h:33:15:[m[K [01;31m[Kerror: [m[K‘[01m[KXY_pair[m[K’ was not declared in this scope; did you mean ‘[01m[KGT_pair[m[K’?
[0.545s]    33 | bool inBounds([01;31m[KXY_pair[m[K ToeXY);
[0.545s]       |               [01;31m[K^~~~~~~[m[K
[0.545s]       |               [32m[KGT_pair[m[K
[0.545s] [01m[K/home/qianlab/single_turtle_workspace/dependencies/traveler_controller/include/controller/inverse_kinematics.h:34:31:[m[K [01;31m[Kerror: [m[K‘[01m[Kbool inBounds(float, float)[m[K’ redeclared as different kind of entity
[0.546s]    34 | bool inBounds(float x, float y[01;31m[K)[m[K;
[0.546s]       |                               [01;31m[K^[m[K
[0.546s] [01m[K/home/qianlab/single_turtle_workspace/dependencies/traveler_controller/include/controller/inverse_kinematics.h:33:6:[m[K [01;36m[Knote: [m[Kprevious declaration ‘[01m[Kbool inBounds[m[K’
[0.546s]    33 | bool [01;36m[KinBounds[m[K(XY_pair ToeXY);
[0.546s]       |      [01;36m[K^~~~~~~~[m[K
[0.546s] [01m[K/home/qianlab/single_turtle_workspace/dependencies/traveler_controller/include/controller/inverse_kinematics.h:36:15:[m[K [01;31m[Kerror: [m[K‘[01m[KXY_pair[m[K’ was not declared in this scope; did you mean ‘[01m[KGT_pair[m[K’?
[0.546s]    36 | bool clamp_XY([01;31m[KXY_pair[m[K& P, float L = 0.0f);
[0.546s]       |               [01;31m[K^~~~~~~[m[K
[0.546s]       |               [32m[KGT_pair[m[K
[0.546s] [01m[K/home/qianlab/single_turtle_workspace/dependencies/traveler_controller/include/proxy/control_data.h:[m[K At global scope:
[0.546s] [01m[K/home/qianlab/single_turtle_workspace/dependencies/traveler_controller/include/proxy/control_data.h:47:5:[m[K [01;31m[Kerror: [m[K‘[01m[KXY_pair[m[K’ does not name a type; did you mean ‘[01m[KGT_pair[m[K’?
[0.547s]    47 |     [01;31m[KXY_pair[m[K toe_position;
[0.547s]       |     [01;31m[K^~~~~~~[m[K
[0.547s]       |     [32m[KGT_pair[m[K
[0.547s] [01m[K/home/qianlab/single_turtle_workspace/dependencies/traveler_controller/include/controller/inverse_kinematics.h:36:24:[m[K [01;31m[Kerror: [m[K‘[01m[KP[m[K’ was not declared in this scope
[0.547s]    36 | bool clamp_XY(XY_pair& [01;31m[KP[m[K, float L = 0.0f);
[0.547s]       |                        [01;31m[K^[m[K
[0.547s] [01m[K/home/qianlab/single_turtle_workspace/dependencies/traveler_controller/include/controller/inverse_kinematics.h:36:27:[m[K [01;31m[Kerror: [m[Kexpected primary-expression before ‘[01m[Kfloat[m[K’
[0.547s]    36 | bool clamp_XY(XY_pair& P, [01;31m[Kfloat[m[K L = 0.0f);
[0.547s]       |                           [01;31m[K^~~~~[m[K
[0.547s] [01m[K/home/qianlab/single_turtle_workspace/dependencies/traveler_controller/include/controller/inverse_kinematics.h:36:41:[m[K [01;31m[Kerror: [m[Kexpression list treated as compound expression in initializer [[01;31m[K-fpermissive[m[K]
[0.547s]    36 | bool clamp_XY(XY_pair& P, float L = 0.0f[01;31m[K)[m[K;
[0.547s]       |                                         [01;31m[K^[m[K
[0.547s] [01m[K/home/qianlab/single_turtle_workspace/dependencies/traveler_controller/include/controller/inverse_kinematics.h:37:16:[m[K [01;31m[Kerror: [m[K‘[01m[KXY_pair[m[K’ was not declared in this scope; did you mean ‘[01m[KGT_pair[m[K’?
[0.548s]    37 | float distance([01;31m[KXY_pair[m[K A, XY_pair B);
[0.548s]       |                [01;31m[K^~~~~~~[m[K
[0.548s]       |                [32m[KGT_pair[m[K
[0.548s] [01m[K/home/qianlab/single_turtle_workspace/dependencies/traveler_controller/include/controller/inverse_kinematics.h:37:27:[m[K [01;31m[Kerror: [m[K‘[01m[KXY_pair[m[K’ was not declared in this scope; did you mean ‘[01m[KGT_pair[m[K’?
[0.548s]    37 | float distance(XY_pair A, [01;31m[KXY_pair[m[K B);
[0.548s]       |                           [01;31m[K^~~~~~~[m[K
[0.548s]       |                           [32m[KGT_pair[m[K
[0.548s] [01m[K/home/qianlab/single_turtle_workspace/dependencies/traveler_controller/include/controller/inverse_kinematics.h:37:36:[m[K [01;31m[Kerror: [m[Kexpression list treated as compound expression in initializer [[01;31m[K-fpermissive[m[K]
[0.548s]    37 | float distance(XY_pair A, XY_pair B[01;31m[K)[m[K;
[0.548s]       |                                    [01;31m[K^[m[K
[0.549s] [01m[K/home/qianlab/single_turtle_workspace/dependencies/traveler_controller/src/controller/trajectories_parser.cpp:18:14:[m[K [01;31m[Kerror: [m[Kno declaration matches ‘[01m[Kvoid turtle_namespace::control::TrajectoriesParser::init()[m[K’
[0.549s]    18 |         void [01;31m[KTrajectoriesParser[m[K::init() {
[0.549s]       |              [01;31m[K^~~~~~~~~~~~~~~~~~[m[K
[0.549s] [01m[K/home/qianlab/single_turtle_workspace/dependencies/traveler_controller/src/controller/trajectories_parser.cpp:18:14:[m[K [01;36m[Knote: [m[Kno functions named ‘[01m[Kvoid turtle_namespace::control::TrajectoriesParser::init()[m[K’
[0.549s] In file included from [01m[K/home/qianlab/single_turtle_workspace/dependencies/traveler_controller/src/controller/trajectories_parser.cpp:3[m[K:
[0.549s] [01m[K/home/qianlab/single_turtle_workspace/dependencies/traveler_controller/include/controller/trajectories_parser.h:13:7:[m[K [01;36m[Knote: [m[K‘[01m[Kclass turtle_namespace::control::TrajectoriesParser[m[K’ defined here
[0.549s]    13 | class [01;36m[KTrajectoriesParser[m[K
[0.549s]       |       [01;36m[K^~~~~~~~~~~~~~~~~~[m[K
[0.551s] [01m[K/home/qianlab/single_turtle_workspace/dependencies/traveler_controller/src/controller/trajectories_parser.cpp:[m[K In member function ‘[01m[Kbool turtle_namespace::control::TrajectoriesParser::waypointTrajectory(turtle&)[m[K’:
[0.551s] [01m[K/home/qianlab/single_turtle_workspace/dependencies/traveler_controller/src/controller/trajectories_parser.cpp:28:17:[m[K [01;31m[Kerror: [m[K‘[01m[Kwaypoint_state_[m[K’ was not declared in this scope; did you mean ‘[01m[Kwaypoints_[m[K’?
[0.551s]    28 |                 [01;31m[Kwaypoint_state_[m[K = 0;
[0.551s]       |                 [01;31m[K^~~~~~~~~~~~~~~[m[K
[0.551s]       |                 [32m[Kwaypoints_[m[K
[0.553s] [01m[K/home/qianlab/single_turtle_workspace/dependencies/traveler_controller/src/controller/trajectories_parser.cpp:29:17:[m[K [01;31m[Kerror: [m[K‘[01m[Kstate_flag_[m[K’ was not declared in this scope
[0.553s]    29 |                 [01;31m[Kstate_flag_[m[K = 0;
[0.553s]       |                 [01;31m[K^~~~~~~~~~~[m[K
[0.555s] [01m[K/home/qianlab/single_turtle_workspace/dependencies/traveler_controller/src/controller/trajectories_parser.cpp:49:21:[m[K [01;31m[Kerror: [m[K‘[01m[Kstate_flag_[m[K’ was not declared in this scope
[0.555s]    49 |                     [01;31m[Kstate_flag_[m[K = waypoint_index_;
[0.555s]       |                     [01;31m[K^~~~~~~~~~~[m[K
[0.557s] [01m[K/home/qianlab/single_turtle_workspace/dependencies/traveler_controller/src/controller/trajectories_parser.cpp:59:21:[m[K [01;31m[Kerror: [m[K‘[01m[Kstate_flag_[m[K’ was not declared in this scope
[0.557s]    59 |                     [01;31m[Kstate_flag_[m[K = waypoint_index_;
[0.557s]       |                     [01;31m[K^~~~~~~~~~~[m[K
[0.557s] [01m[K/home/qianlab/single_turtle_workspace/dependencies/traveler_controller/src/controller/trajectories_parser.cpp:61:41:[m[K [01;35m[Kwarning: [m[Kcomparison of integer expressions of different signedness: ‘[01m[Kint[m[K’ and ‘[01m[Kstd::vector<Waypoint>::size_type[m[K’ {aka ‘[01m[Klong unsigned int[m[K’} [[01;35m[K-Wsign-compare[m[K]
[0.557s]    61 |                     if ([01;35m[Kwaypoint_index_ < waypoints_.size()[m[K) {
[0.557s]       |                         [01;35m[K~~~~~~~~~~~~~~~~^~~~~~~~~~~~~~~~~~~[m[K
[0.560s] make[2]: *** [CMakeFiles/turtle_high_controller.dir/build.make:76: CMakeFiles/turtle_high_controller.dir/src/controller/Inverse_kinematics.cpp.o] Error 1
[0.560s] make[2]: *** Waiting for unfinished jobs....
[0.560s] [01m[K/home/qianlab/single_turtle_workspace/dependencies/traveler_controller/src/controller/trajectories_parser.cpp:[m[K In member function ‘[01m[Kbool turtle_namespace::control::TrajectoriesParser::processWaypoint(turtle&)[m[K’:
[0.561s] [01m[K/home/qianlab/single_turtle_workspace/dependencies/traveler_controller/src/controller/trajectories_parser.cpp:80:20:[m[K [01;31m[Kerror: [m[K‘[01m[Kwaypoint_state_[m[K’ was not declared in this scope; did you mean ‘[01m[Kwaypoints_[m[K’?
[0.561s]    80 |             switch([01;31m[Kwaypoint_state_[m[K) {
[0.561s]       |                    [01;31m[K^~~~~~~~~~~~~~~[m[K
[0.561s]       |                    [32m[Kwaypoints_[m[K
[0.561s] [01m[K/home/qianlab/single_turtle_workspace/dependencies/traveler_controller/src/controller/trajectories_parser.cpp:87:104:[m[K [01;31m[Kerror: [m[K‘[01m[Kgamma2[m[K’ was not declared in this scope; did you mean ‘[01m[Kgamma_[m[K’?
[0.561s]    87 |                     if (linearTraj(t_, curr_waypoint_.vel, prev_waypoint_.point, curr_waypoint_.point, [01;31m[Kgamma2[m[K, theta2))
[0.561s]       |                                                                                                        [01;31m[K^~~~~~[m[K
[0.561s]       |                                                                                                        [32m[Kgamma_[m[K
[0.562s] [01m[K/home/qianlab/single_turtle_workspace/dependencies/traveler_controller/src/controller/trajectories_parser.cpp:87:112:[m[K [01;31m[Kerror: [m[K‘[01m[Ktheta2[m[K’ was not declared in this scope; did you mean ‘[01m[Ktheta_[m[K’?
[0.562s]    87 |                     if (linearTraj(t_, curr_waypoint_.vel, prev_waypoint_.point, curr_waypoint_.point, gamma2, [01;31m[Ktheta2[m[K))
[0.562s]       |                                                                                                                [01;31m[K^~~~~~[m[K
[0.562s]       |                                                                                                                [32m[Ktheta_[m[K
[0.562s] [01m[K/home/qianlab/single_turtle_workspace/dependencies/traveler_controller/src/controller/trajectories_parser.cpp:95:102:[m[K [01;31m[Kerror: [m[K‘[01m[Kgamma2[m[K’ was not declared in this scope; did you mean ‘[01m[Kgamma_[m[K’?
[0.562s]    95 |                     turtle.turtle_control.right_adduction.set_input_position_radian.input_position = [01;31m[Kgamma2[m[K;
[0.562s]       |                                                                                                      [01;31m[K^~~~~~[m[K
[0.562s]       |                                                                                                      [32m[Kgamma_[m[K
[0.563s] [01m[K/home/qianlab/single_turtle_workspace/dependencies/traveler_controller/src/controller/trajectories_parser.cpp:96:101:[m[K [01;31m[Kerror: [m[K‘[01m[Ktheta2[m[K’ was not declared in this scope; did you mean ‘[01m[Ktheta_[m[K’?
[0.563s]    96 |                     turtle.turtle_control.right_sweeping.set_input_position_radian.input_position = [01;31m[Ktheta2[m[K;
[0.563s]       |                                                                                                     [01;31m[K^~~~~~[m[K
[0.563s]       |                                                                                                     [32m[Ktheta_[m[K
[0.563s] [01m[K/home/qianlab/single_turtle_workspace/dependencies/traveler_controller/src/controller/trajectories_parser.cpp:[m[K In member function ‘[01m[Kvoid turtle_namespace::control::TrajectoriesParser::generateWaypoints(turtle&)[m[K’:
[0.563s] [01m[K/home/qianlab/single_turtle_workspace/dependencies/traveler_controller/src/controller/trajectories_parser.cpp:127:31:[m[K [01;35m[Kwarning: [m[Kcomparison of integer expressions of different signedness: ‘[01m[Kint[m[K’ and ‘[01m[Kstd::vector<Waypoint>::size_type[m[K’ {aka ‘[01m[Klong unsigned int[m[K’} [[01;35m[K-Wsign-compare[m[K]
[0.563s]   127 |             for (int i = 0; [01;35m[Ki < waypoints_.size()[m[K; i++) {
[0.563s]       |                             [01;35m[K~~^~~~~~~~~~~~~~~~~~~[m[K
[0.563s] [01m[K/home/qianlab/single_turtle_workspace/dependencies/traveler_controller/src/controller/trajectories_parser.cpp:113:17:[m[K [01;35m[Kwarning: [m[Kunused variable ‘[01m[Ktrajectory[m[K’ [[01;35m[K-Wunused-variable[m[K]
[0.563s]   113 |             int [01;35m[Ktrajectory[m[K = turtle.turtle_gui.drag_traj;
[0.563s]       |                 [01;35m[K^~~~~~~~~~[m[K
[0.564s] [01m[K/home/qianlab/single_turtle_workspace/dependencies/traveler_controller/src/controller/trajectories_parser.cpp:[m[K In member function ‘[01m[Kvoid turtle_namespace::control::TrajectoriesParser::generateTempTraj(turtle&)[m[K’:
[0.565s] [01m[K/home/qianlab/single_turtle_workspace/dependencies/traveler_controller/src/controller/trajectories_parser.cpp:142:13:[m[K [01;31m[Kerror: [m[K‘[01m[Kprev_toe_pos[m[K’ was not declared in this scope
[0.565s]   142 |             [01;31m[Kprev_toe_pos[m[K = curr_toe_pos;
[0.565s]       |             [01;31m[K^~~~~~~~~~~~[m[K
[0.566s] [01m[K/home/qianlab/single_turtle_workspace/dependencies/traveler_controller/src/controller/trajectories_parser.cpp:142:28:[m[K [01;31m[Kerror: [m[K‘[01m[Kcurr_toe_pos[m[K’ was not declared in this scope
[0.566s]   142 |             prev_toe_pos = [01;31m[Kcurr_toe_pos[m[K;
[0.566s]       |                            [01;31m[K^~~~~~~~~~~~[m[K
[0.568s] [01m[K/home/qianlab/single_turtle_workspace/dependencies/traveler_controller/src/controller/trajectories_parser.cpp:144:13:[m[K [01;31m[Kerror: [m[K‘[01m[KMove_Dist[m[K’ was not declared in this scope
[0.568s]   144 |             [01;31m[KMove_Dist[m[K = distance(prev_toe_pos, curr_toe_pos);
[0.568s]       |             [01;31m[K^~~~~~~~~[m[K
[0.568s] [01m[K/home/qianlab/single_turtle_workspace/dependencies/traveler_controller/src/controller/trajectories_parser.cpp:144:25:[m[K [01;31m[Kerror: [m[Kreference to ‘[01m[Kdistance[m[K’ is ambiguous
[0.568s]   144 |             Move_Dist = [01;31m[Kdistance[m[K(prev_toe_pos, curr_toe_pos);
[0.568s]       |                         [01;31m[K^~~~~~~~[m[K
[0.568s] In file included from [01m[K/usr/include/c++/9/bits/stl_algobase.h:66[m[K,
[0.568s]                  from [01m[K/usr/include/c++/9/bits/char_traits.h:39[m[K,
[0.568s]                  from [01m[K/usr/include/c++/9/ios:40[m[K,
[0.568s]                  from [01m[K/usr/include/c++/9/ostream:38[m[K,
[0.568s]                  from [01m[K/usr/include/c++/9/iostream:39[m[K,
[0.568s]                  from [01m[K/home/qianlab/single_turtle_workspace/dependencies/traveler_controller/include/controller/trajectories_parser.h:4[m[K,
[0.568s]                  from [01m[K/home/qianlab/single_turtle_workspace/dependencies/traveler_controller/src/controller/trajectories_parser.cpp:3[m[K:
[0.569s] [01m[K/usr/include/c++/9/bits/stl_iterator_base_funcs.h:138:5:[m[K [01;36m[Knote: [m[Kcandidates are: ‘[01m[Ktemplate<class _InputIterator> typename std::iterator_traits<_Iterator>::difference_type std::distance(_InputIterator, _InputIterator)[m[K’
[0.569s]   138 |     [01;36m[Kdistance[m[K(_InputIterator __first, _InputIterator __last)
[0.569s]       |     [01;36m[K^~~~~~~~[m[K
[0.569s] In file included from [01m[K/home/qianlab/single_turtle_workspace/dependencies/traveler_controller/include/controller/trajectories_parser.h:8[m[K,
[0.569s]                  from [01m[K/home/qianlab/single_turtle_workspace/dependencies/traveler_controller/src/controller/trajectories_parser.cpp:3[m[K:
[0.569s] [01m[K/home/qianlab/single_turtle_workspace/dependencies/traveler_controller/include/controller/inverse_kinematics.h:37:7:[m[K [01;36m[Knote: [m[K                ‘[01m[Kfloat distance[m[K’
[0.569s]    37 | float [01;36m[Kdistance[m[K(XY_pair A, XY_pair B);
[0.569s]       |       [01;36m[K^~~~~~~~[m[K
[0.569s] [01m[K/home/qianlab/single_turtle_workspace/dependencies/traveler_controller/src/controller/trajectories_parser.cpp:150:17:[m[K [01;31m[Kerror: [m[K‘[01m[Kclock1_start_[m[K’ was not declared in this scope; did you mean ‘[01m[Kclock_start_[m[K’?
[0.569s]   150 |                 [01;31m[Kclock1_start_[m[K = chrono::steady_clock::now();
[0.569s]       |                 [01;31m[K^~~~~~~~~~~~~[m[K
[0.569s]       |                 [32m[Kclock_start_[m[K
[0.570s] [01m[K/home/qianlab/single_turtle_workspace/dependencies/traveler_controller/src/controller/trajectories_parser.cpp:151:17:[m[K [01;31m[Kerror: [m[K‘[01m[Kclock2_start_[m[K’ was not declared in this scope; did you mean ‘[01m[Kclock_start_[m[K’?
[0.570s]   151 |                 [01;31m[Kclock2_start_[m[K = chrono::steady_clock::now();
[0.570s]       |                 [01;31m[K^~~~~~~~~~~~~[m[K
[0.570s]       |                 [32m[Kclock_start_[m[K
[0.571s] [01m[K/home/qianlab/single_turtle_workspace/dependencies/traveler_controller/src/controller/trajectories_parser.cpp:154:17:[m[K [01;31m[Kerror: [m[K‘[01m[KGTP_first_iteration[m[K’ was not declared in this scope; did you mean ‘[01m[Kfirst_iteration[m[K’?
[0.571s]   154 |                 [01;31m[KGTP_first_iteration[m[K = true;
[0.571s]       |                 [01;31m[K^~~~~~~~~~~~~~~~~~~[m[K
[0.571s]       |                 [32m[Kfirst_iteration[m[K
[0.573s] [01m[K/home/qianlab/single_turtle_workspace/dependencies/traveler_controller/src/controller/trajectories_parser.cpp:155:17:[m[K [01;31m[Kerror: [m[K‘[01m[KtraverseParams[m[K’ was not declared in this scope
[0.573s]   155 |                 [01;31m[KtraverseParams[m[K.run = true;
[0.573s]       |                 [01;31m[K^~~~~~~~~~~~~~[m[K
[0.573s] [01m[K/home/qianlab/single_turtle_workspace/dependencies/traveler_controller/src/controller/trajectories_parser.cpp:156:17:[m[K [01;31m[Kerror: [m[K‘[01m[Krun_[m[K’ was not declared in this scope
[0.574s]   156 |                 [01;31m[Krun_[m[K = true;
[0.574s]       |                 [01;31m[K^~~~[m[K
[0.575s] [01m[K/home/qianlab/single_turtle_workspace/dependencies/traveler_controller/src/controller/trajectories_parser.cpp:157:17:[m[K [01;31m[Kerror: [m[K‘[01m[Kstate_flag_[m[K’ was not declared in this scope
[0.575s]   157 |                 [01;31m[Kstate_flag_[m[K = 0;
[0.575s]       |                 [01;31m[K^~~~~~~~~~~[m[K
[0.576s] [01m[K/home/qianlab/single_turtle_workspace/dependencies/traveler_controller/src/controller/trajectories_parser.cpp:158:17:[m[K [01;31m[Kerror: [m[K‘[01m[KPene_state[m[K’ was not declared in this scope; did you mean ‘[01m[Ksetstate[m[K’?
[0.576s]   158 |                 [01;31m[KPene_state[m[K = 0;
[0.576s]       |                 [01;31m[K^~~~~~~~~~[m[K
[0.576s]       |                 [32m[Ksetstate[m[K
[0.577s] [01m[K/home/qianlab/single_turtle_workspace/dependencies/traveler_controller/src/controller/trajectories_parser.cpp:159:17:[m[K [01;31m[Kerror: [m[K‘[01m[KWT_state[m[K’ was not declared in this scope
[0.577s]   159 |                 [01;31m[KWT_state[m[K = 0;
[0.577s]       |                 [01;31m[K^~~~~~~~[m[K
[0.578s] [01m[K/home/qianlab/single_turtle_workspace/dependencies/traveler_controller/src/controller/trajectories_parser.cpp:160:17:[m[K [01;31m[Kerror: [m[K‘[01m[Kps[m[K’ was not declared in this scope
[0.578s]   160 |                 [01;31m[Kps[m[K.first_iteration = true;
[0.578s]       |                 [01;31m[K^~[m[K
[0.578s] [01m[K/home/qianlab/single_turtle_workspace/dependencies/traveler_controller/src/controller/trajectories_parser.cpp:161:17:[m[K [01;31m[Kerror: [m[K‘[01m[Kdg[m[K’ was not declared in this scope
[0.578s]   161 |                 [01;31m[Kdg[m[K.first_iteration = true;
[0.578s]       |                 [01;31m[K^~[m[K
[0.579s] [01m[K/home/qianlab/single_turtle_workspace/dependencies/traveler_controller/src/controller/trajectories_parser.cpp:163:17:[m[K [01;31m[Kerror: [m[K‘[01m[KE_STOP[m[K’ was not declared in this scope
[0.579s]   163 |                 [01;31m[KE_STOP[m[K = false;
[0.579s]       |                 [01;31m[K^~~~~~[m[K
[0.580s] In file included from [01m[K/home/qianlab/single_turtle_workspace/dependencies/traveler_controller/include/proxy/lowerproxy.h:16[m[K,
[0.580s]                  from [01m[K/home/qianlab/single_turtle_workspace/dependencies/traveler_controller/src/proxy/lowerproxy.cpp:8[m[K:
[0.580s] [01m[K/home/qianlab/single_turtle_workspace/dependencies/traveler_controller/include/proxy/control_data.h:[m[K In constructor ‘[01m[KWaypoint::Waypoint(float, float, float, float)[m[K’:
[0.580s] [01m[K/home/qianlab/single_turtle_workspace/dependencies/traveler_controller/include/proxy/control_data.h:31:63:[m[K [01;31m[Kerror: [m[K‘[01m[Kx[m[K’ was not declared in this scope
[0.580s]    31 |     Waypoint(float g, float t, float v, float d=0.0f) : point([01;31m[Kx[m[K,y), vel(v), delay(d) {}
[0.580s]       |                                                               [01;31m[K^[m[K
[0.580s] [01m[K/home/qianlab/single_turtle_workspace/dependencies/traveler_controller/src/controller/trajectories_parser.cpp:166:21:[m[K [01;31m[Kerror: [m[K‘[01m[KE_STOP[m[K’ was not declared in this scope
[0.581s]   166 |                 if ([01;31m[KE_STOP[m[K) {
[0.581s]       |                     [01;31m[K^~~~~~[m[K
[0.581s] [01m[K/home/qianlab/single_turtle_workspace/dependencies/traveler_controller/src/controller/trajectories_parser.cpp:180:53:[m[K [01;31m[Kerror: [m[K‘[01m[Kstruct leg_structure[m[K’ has no member named ‘[01m[Ktoe_position[m[K’
[0.581s]   180 |                        turtle.turtle_chassis.Leg_lf.[01;31m[Ktoe_position[m[K.x,
[0.581s]       |                                                     [01;31m[K^~~~~~~~~~~~[m[K
[0.581s] [01m[K/home/qianlab/single_turtle_workspace/dependencies/traveler_controller/src/controller/trajectories_parser.cpp:181:53:[m[K [01;31m[Kerror: [m[K‘[01m[Kstruct leg_structure[m[K’ has no member named ‘[01m[Ktoe_position[m[K’
[0.581s]   181 |                        turtle.turtle_chassis.Leg_lf.[01;31m[Ktoe_position[m[K.y);
[0.581s]       |                                                     [01;31m[K^~~~~~~~~~~~[m[K
[0.581s] [01m[K/home/qianlab/single_turtle_workspace/dependencies/traveler_controller/include/proxy/control_data.h:31:65:[m[K [01;31m[Kerror: [m[K‘[01m[Ky[m[K’ was not declared in this scope; did you mean ‘[01m[Kyn[m[K’?
[0.581s]    31 |     Waypoint(float g, float t, float v, float d=0.0f) : point(x,[01;31m[Ky[m[K), vel(v), delay(d) {}
[0.581s]       |                                                                 [01;31m[K^[m[K
[0.581s]       |                                                                 [32m[Kyn[m[K
[0.581s] [01m[K/home/qianlab/single_turtle_workspace/dependencies/traveler_controller/src/controller/trajectories_parser.cpp:137:17:[m[K [01;35m[Kwarning: [m[Kunused variable ‘[01m[Ktrajectory[m[K’ [[01;35m[K-Wunused-variable[m[K]
[0.581s]   137 |             int [01;35m[Ktrajectory[m[K = turtle.turtle_gui.drag_traj;
[0.581s]       |                 [01;35m[K^~~~~~~~~~[m[K
[0.582s] [01m[K/home/qianlab/single_turtle_workspace/dependencies/traveler_controller/include/proxy/control_data.h:31:20:[m[K [01;35m[Kwarning: [m[Kunused parameter ‘[01m[Kg[m[K’ [[01;35m[K-Wunused-parameter[m[K]
[0.582s]    31 |     Waypoint([01;35m[Kfloat g[m[K, float t, float v, float d=0.0f) : point(x,y), vel(v), delay(d) {}
[0.582s]       |              [01;35m[K~~~~~~^[m[K
[0.582s] [01m[K/home/qianlab/single_turtle_workspace/dependencies/traveler_controller/include/proxy/control_data.h:31:29:[m[K [01;35m[Kwarning: [m[Kunused parameter ‘[01m[Kt[m[K’ [[01;35m[K-Wunused-parameter[m[K]
[0.582s]    31 |     Waypoint(float g, [01;35m[Kfloat t[m[K, float v, float d=0.0f) : point(x,y), vel(v), delay(d) {}
[0.582s]       |                       [01;35m[K~~~~~~^[m[K
[0.582s] [01m[K/home/qianlab/single_turtle_workspace/dependencies/traveler_controller/include/proxy/control_data.h:[m[K At global scope:
[0.582s] [01m[K/home/qianlab/single_turtle_workspace/dependencies/traveler_controller/include/proxy/control_data.h:47:5:[m[K [01;31m[Kerror: [m[K‘[01m[KXY_pair[m[K’ does not name a type; did you mean ‘[01m[KGT_pair[m[K’?
[0.582s]    47 |     [01;31m[KXY_pair[m[K toe_position;
[0.582s]       |     [01;31m[K^~~~~~~[m[K
[0.582s]       |     [32m[KGT_pair[m[K
[0.584s] In file included from [01m[K/home/qianlab/single_turtle_workspace/dependencies/traveler_controller/include/proxy/upperproxy.h:14[m[K,
[0.584s]                  from [01m[K/home/qianlab/single_turtle_workspace/dependencies/traveler_controller/src/proxy/upperproxy.cpp:8[m[K:
[0.584s] [01m[K/home/qianlab/single_turtle_workspace/dependencies/traveler_controller/include/proxy/control_data.h:[m[K In constructor ‘[01m[KWaypoint::Waypoint(float, float, float, float)[m[K’:
[0.584s] [01m[K/home/qianlab/single_turtle_workspace/dependencies/traveler_controller/include/proxy/control_data.h:31:63:[m[K [01;31m[Kerror: [m[K‘[01m[Kx[m[K’ was not declared in this scope
[0.584s]    31 |     Waypoint(float g, float t, float v, float d=0.0f) : point([01;31m[Kx[m[K,y), vel(v), delay(d) {}
[0.584s]       |                                                               [01;31m[K^[m[K
[0.585s] In file included from [01m[K/home/qianlab/single_turtle_workspace/dependencies/traveler_controller/include/proxy/lowerproxy.h:16[m[K,
[0.585s]                  from [01m[K/home/qianlab/single_turtle_workspace/dependencies/traveler_controller/include/main.h:11[m[K,
[0.585s]                  from [01m[K/home/qianlab/single_turtle_workspace/dependencies/traveler_controller/src/main.cpp:8[m[K:
[0.585s] [01m[K/home/qianlab/single_turtle_workspace/dependencies/traveler_controller/include/proxy/control_data.h:[m[K In constructor ‘[01m[KWaypoint::Waypoint(float, float, float, float)[m[K’:
[0.585s] [01m[K/home/qianlab/single_turtle_workspace/dependencies/traveler_controller/include/proxy/control_data.h:31:63:[m[K [01;31m[Kerror: [m[K‘[01m[Kx[m[K’ was not declared in this scope
[0.585s]    31 |     Waypoint(float g, float t, float v, float d=0.0f) : point([01;31m[Kx[m[K,y), vel(v), delay(d) {}
[0.585s]       |                                                               [01;31m[K^[m[K
[0.585s] [01m[K/home/qianlab/single_turtle_workspace/dependencies/traveler_controller/include/proxy/control_data.h:31:65:[m[K [01;31m[Kerror: [m[K‘[01m[Ky[m[K’ was not declared in this scope; did you mean ‘[01m[Kyn[m[K’?
[0.585s]    31 |     Waypoint(float g, float t, float v, float d=0.0f) : point(x,[01;31m[Ky[m[K), vel(v), delay(d) {}
[0.585s]       |                                                                 [01;31m[K^[m[K
[0.585s]       |                                                                 [32m[Kyn[m[K
[0.585s] [01m[K/home/qianlab/single_turtle_workspace/dependencies/traveler_controller/include/proxy/control_data.h:31:20:[m[K [01;35m[Kwarning: [m[Kunused parameter ‘[01m[Kg[m[K’ [[01;35m[K-Wunused-parameter[m[K]
[0.585s]    31 |     Waypoint([01;35m[Kfloat g[m[K, float t, float v, float d=0.0f) : point(x,y), vel(v), delay(d) {}
[0.585s]       |              [01;35m[K~~~~~~^[m[K
[0.586s] [01m[K/home/qianlab/single_turtle_workspace/dependencies/traveler_controller/include/proxy/control_data.h:31:29:[m[K [01;35m[Kwarning: [m[Kunused parameter ‘[01m[Kt[m[K’ [[01;35m[K-Wunused-parameter[m[K]
[0.586s]    31 |     Waypoint(float g, [01;35m[Kfloat t[m[K, float v, float d=0.0f) : point(x,y), vel(v), delay(d) {}
[0.586s]       |                       [01;35m[K~~~~~~^[m[K
[0.586s] [01m[K/home/qianlab/single_turtle_workspace/dependencies/traveler_controller/include/proxy/control_data.h:31:65:[m[K [01;31m[Kerror: [m[K‘[01m[Ky[m[K’ was not declared in this scope; did you mean ‘[01m[Kyn[m[K’?
[0.586s]    31 |     Waypoint(float g, float t, float v, float d=0.0f) : point(x,[01;31m[Ky[m[K), vel(v), delay(d) {}
[0.586s]       |                                                                 [01;31m[K^[m[K
[0.586s]       |                                                                 [32m[Kyn[m[K
[0.586s] [01m[K/home/qianlab/single_turtle_workspace/dependencies/traveler_controller/include/proxy/control_data.h:31:20:[m[K [01;35m[Kwarning: [m[Kunused parameter ‘[01m[Kg[m[K’ [[01;35m[K-Wunused-parameter[m[K]
[0.586s]    31 |     Waypoint([01;35m[Kfloat g[m[K, float t, float v, float d=0.0f) : point(x,y), vel(v), delay(d) {}
[0.586s]       |              [01;35m[K~~~~~~^[m[K
[0.586s] [01m[K/home/qianlab/single_turtle_workspace/dependencies/traveler_controller/include/proxy/control_data.h:31:29:[m[K [01;35m[Kwarning: [m[Kunused parameter ‘[01m[Kt[m[K’ [[01;35m[K-Wunused-parameter[m[K]
[0.586s]    31 |     Waypoint(float g, [01;35m[Kfloat t[m[K, float v, float d=0.0f) : point(x,y), vel(v), delay(d) {}
[0.586s]       |                       [01;35m[K~~~~~~^[m[K
[0.587s] [01m[K/home/qianlab/single_turtle_workspace/dependencies/traveler_controller/include/proxy/control_data.h:[m[K At global scope:
[0.587s] [01m[K/home/qianlab/single_turtle_workspace/dependencies/traveler_controller/include/proxy/control_data.h:47:5:[m[K [01;31m[Kerror: [m[K‘[01m[KXY_pair[m[K’ does not name a type; did you mean ‘[01m[KGT_pair[m[K’?
[0.587s]    47 |     [01;31m[KXY_pair[m[K toe_position;
[0.587s]       |     [01;31m[K^~~~~~~[m[K
[0.587s]       |     [32m[KGT_pair[m[K
[0.587s] [01m[K/home/qianlab/single_turtle_workspace/dependencies/traveler_controller/include/proxy/control_data.h:[m[K At global scope:
[0.587s] [01m[K/home/qianlab/single_turtle_workspace/dependencies/traveler_controller/include/proxy/control_data.h:47:5:[m[K [01;31m[Kerror: [m[K‘[01m[KXY_pair[m[K’ does not name a type; did you mean ‘[01m[KGT_pair[m[K’?
[0.588s]    47 |     [01;31m[KXY_pair[m[K toe_position;
[0.588s]       |     [01;31m[K^~~~~~~[m[K
[0.588s]       |     [32m[KGT_pair[m[K
[0.590s] In file included from [01m[K/home/qianlab/single_turtle_workspace/dependencies/traveler_controller/include/can_driver/can_driver.hpp:4[m[K,
[0.590s]                  from [01m[K/home/qianlab/single_turtle_workspace/dependencies/traveler_controller/src/can_driver/can_driver.cpp:1[m[K:
[0.590s] [01m[K/home/qianlab/single_turtle_workspace/dependencies/traveler_controller/include/proxy/control_data.h:[m[K In constructor ‘[01m[KWaypoint::Waypoint(float, float, float, float)[m[K’:
[0.590s] [01m[K/home/qianlab/single_turtle_workspace/dependencies/traveler_controller/include/proxy/control_data.h:31:63:[m[K [01;31m[Kerror: [m[K‘[01m[Kx[m[K’ was not declared in this scope
[0.590s]    31 |     Waypoint(float g, float t, float v, float d=0.0f) : point([01;31m[Kx[m[K,y), vel(v), delay(d) {}
[0.590s]       |                                                               [01;31m[K^[m[K
[0.591s] [01m[K/home/qianlab/single_turtle_workspace/dependencies/traveler_controller/include/proxy/control_data.h:31:65:[m[K [01;31m[Kerror: [m[K‘[01m[Ky[m[K’ was not declared in this scope; did you mean ‘[01m[Kyn[m[K’?
[0.591s]    31 |     Waypoint(float g, float t, float v, float d=0.0f) : point(x,[01;31m[Ky[m[K), vel(v), delay(d) {}
[0.591s]       |                                                                 [01;31m[K^[m[K
[0.591s]       |                                                                 [32m[Kyn[m[K
[0.591s] [01m[K/home/qianlab/single_turtle_workspace/dependencies/traveler_controller/include/proxy/control_data.h:31:20:[m[K [01;35m[Kwarning: [m[Kunused parameter ‘[01m[Kg[m[K’ [[01;35m[K-Wunused-parameter[m[K]
[0.591s]    31 |     Waypoint([01;35m[Kfloat g[m[K, float t, float v, float d=0.0f) : point(x,y), vel(v), delay(d) {}
[0.591s]       |              [01;35m[K~~~~~~^[m[K
[0.591s] [01m[K/home/qianlab/single_turtle_workspace/dependencies/traveler_controller/include/proxy/control_data.h:31:29:[m[K [01;35m[Kwarning: [m[Kunused parameter ‘[01m[Kt[m[K’ [[01;35m[K-Wunused-parameter[m[K]
[0.591s]    31 |     Waypoint(float g, [01;35m[Kfloat t[m[K, float v, float d=0.0f) : point(x,y), vel(v), delay(d) {}
[0.591s]       |                       [01;35m[K~~~~~~^[m[K
[0.592s] [01m[K/home/qianlab/single_turtle_workspace/dependencies/traveler_controller/include/proxy/control_data.h:[m[K At global scope:
[0.592s] [01m[K/home/qianlab/single_turtle_workspace/dependencies/traveler_controller/include/proxy/control_data.h:47:5:[m[K [01;31m[Kerror: [m[K‘[01m[KXY_pair[m[K’ does not name a type; did you mean ‘[01m[KGT_pair[m[K’?
[0.592s]    47 |     [01;31m[KXY_pair[m[K toe_position;
[0.593s]       |     [01;31m[K^~~~~~~[m[K
[0.593s]       |     [32m[KGT_pair[m[K
[0.639s] make[2]: *** [CMakeFiles/turtle_high_controller.dir/build.make:89: CMakeFiles/turtle_high_controller.dir/src/controller/trajectories_parser.cpp.o] Error 1
[1.530s] In file included from [01m[K/home/qianlab/single_turtle_workspace/dependencies/traveler_controller/include/main.h:11[m[K,
[1.530s]                  from [01m[K/home/qianlab/single_turtle_workspace/dependencies/traveler_controller/src/main.cpp:8[m[K:
[1.530s] [01m[K/home/qianlab/single_turtle_workspace/dependencies/traveler_controller/include/proxy/lowerproxy.h:91:17:[m[K [01;31m[Kerror: [m[K‘[01m[KXY_pair[m[K’ was not declared in this scope; did you mean ‘[01m[KGT_pair[m[K’?
[1.530s]    91 |     std::vector<[01;31m[KXY_pair[m[K> precomputed_;
[1.530s]       |                 [01;31m[K^~~~~~~[m[K
[1.530s]       |                 [32m[KGT_pair[m[K
[1.530s] [01m[K/home/qianlab/single_turtle_workspace/dependencies/traveler_controller/include/proxy/lowerproxy.h:91:24:[m[K [01;31m[Kerror: [m[Ktemplate argument 1 is invalid
[1.530s]    91 |     std::vector<XY_pair[01;31m[K>[m[K precomputed_;
[1.530s]       |                        [01;31m[K^[m[K
[1.530s] [01m[K/home/qianlab/single_turtle_workspace/dependencies/traveler_controller/include/proxy/lowerproxy.h:91:24:[m[K [01;31m[Kerror: [m[Ktemplate argument 2 is invalid
[1.534s] In file included from [01m[K/home/qianlab/single_turtle_workspace/dependencies/traveler_controller/include/controller/trajectories_parser.h:8[m[K,
[1.534s]                  from [01m[K/home/qianlab/single_turtle_workspace/dependencies/traveler_controller/include/main.h:13[m[K,
[1.534s]                  from [01m[K/home/qianlab/single_turtle_workspace/dependencies/traveler_controller/src/main.cpp:8[m[K:
[1.534s] [01m[K/home/qianlab/single_turtle_workspace/dependencies/traveler_controller/include/controller/inverse_kinematics.h:14:47:[m[K [01;31m[Kerror: [m[K‘[01m[KXY_pair[m[K’ has not been declared
[1.535s]    14 | void abstractToPhysical(float L, float Theta, [01;31m[KXY_pair[m[K& point);
[1.535s]       |                                               [01;31m[K^~~~~~~[m[K
[1.535s] [01m[K/home/qianlab/single_turtle_workspace/dependencies/traveler_controller/include/controller/inverse_kinematics.h:20:41:[m[K [01;31m[Kerror: [m[K‘[01m[KXY_pair[m[K’ has not been declared
[1.535s]    20 | bool linearTraj(float t_rel, float vel, [01;31m[KXY_pair[m[K A, XY_pair B, float& X, float& Y);
[1.535s]       |                                         [01;31m[K^~~~~~~[m[K
[1.535s] [01m[K/home/qianlab/single_turtle_workspace/dependencies/traveler_controller/include/controller/inverse_kinematics.h:20:52:[m[K [01;31m[Kerror: [m[K‘[01m[KXY_pair[m[K’ has not been declared
[1.535s]    20 | bool linearTraj(float t_rel, float vel, XY_pair A, [01;31m[KXY_pair[m[K B, float& X, float& Y);
[1.535s]       |                                                    [01;31m[K^~~~~~~[m[K
[1.535s] [01m[K/home/qianlab/single_turtle_workspace/dependencies/traveler_controller/include/controller/inverse_kinematics.h:21:41:[m[K [01;31m[Kerror: [m[K‘[01m[KXY_pair[m[K’ has not been declared
[1.535s]    21 | bool linearTraj(float t_rel, float vel, [01;31m[KXY_pair[m[K A, XY_pair B,
[1.535s]       |                                         [01;31m[K^~~~~~~[m[K
[1.535s] [01m[K/home/qianlab/single_turtle_workspace/dependencies/traveler_controller/include/controller/inverse_kinematics.h:21:52:[m[K [01;31m[Kerror: [m[K‘[01m[KXY_pair[m[K’ has not been declared
[1.536s]    21 | bool linearTraj(float t_rel, float vel, XY_pair A, [01;31m[KXY_pair[m[K B,
[1.536s]       |                                                    [01;31m[K^~~~~~~[m[K
[1.536s] [01m[K/home/qianlab/single_turtle_workspace/dependencies/traveler_controller/include/controller/inverse_kinematics.h:22:17:[m[K [01;31m[Kerror: [m[K‘[01m[KXY_pair[m[K’ has not been declared
[1.536s]    22 |                 [01;31m[KXY_pair[m[K ToeXY, float& X, float& Y, float threshold = 0.01f);
[1.536s]       |                 [01;31m[K^~~~~~~[m[K
[1.536s] [01m[K/home/qianlab/single_turtle_workspace/dependencies/traveler_controller/include/controller/inverse_kinematics.h:27:16:[m[K [01;31m[Kerror: [m[K‘[01m[KXY_pair[m[K’ was not declared in this scope; did you mean ‘[01m[KGT_pair[m[K’?
[1.536s]    27 | bool validPath([01;31m[KXY_pair[m[K A, XY_pair B);
[1.536s]       |                [01;31m[K^~~~~~~[m[K
[1.536s]       |                [32m[KGT_pair[m[K
[1.537s] [01m[K/home/qianlab/single_turtle_workspace/dependencies/traveler_controller/include/controller/inverse_kinematics.h:27:27:[m[K [01;31m[Kerror: [m[K‘[01m[KXY_pair[m[K’ was not declared in this scope; did you mean ‘[01m[KGT_pair[m[K’?
[1.537s]    27 | bool validPath(XY_pair A, [01;31m[KXY_pair[m[K B);
[1.537s]       |                           [01;31m[K^~~~~~~[m[K
[1.537s]       |                           [32m[KGT_pair[m[K
[1.537s] [01m[K/home/qianlab/single_turtle_workspace/dependencies/traveler_controller/include/controller/inverse_kinematics.h:27:36:[m[K [01;31m[Kerror: [m[Kexpression list treated as compound expression in initializer [[01;31m[K-fpermissive[m[K]
[1.537s]    27 | bool validPath(XY_pair A, XY_pair B[01;31m[K)[m[K;
[1.538s]       |                                    [01;31m[K^[m[K
[1.539s] [01m[K/home/qianlab/single_turtle_workspace/dependencies/traveler_controller/include/controller/inverse_kinematics.h:28:28:[m[K [01;31m[Kerror: [m[K‘[01m[KXY_pair[m[K’ was not declared in this scope; did you mean ‘[01m[KGT_pair[m[K’?
[1.539s]    28 | Point_Pair findSwingPoints([01;31m[KXY_pair[m[K A, XY_pair B);
[1.539s]       |                            [01;31m[K^~~~~~~[m[K
[1.539s]       |                            [32m[KGT_pair[m[K
[1.540s] [01m[K/home/qianlab/single_turtle_workspace/dependencies/traveler_controller/include/controller/inverse_kinematics.h:28:39:[m[K [01;31m[Kerror: [m[K‘[01m[KXY_pair[m[K’ was not declared in this scope; did you mean ‘[01m[KGT_pair[m[K’?
[1.540s]    28 | Point_Pair findSwingPoints(XY_pair A, [01;31m[KXY_pair[m[K B);
[1.540s]       |                                       [01;31m[K^~~~~~~[m[K
[1.540s]       |                                       [32m[KGT_pair[m[K
[1.541s] [01m[K/home/qianlab/single_turtle_workspace/dependencies/traveler_controller/include/controller/inverse_kinematics.h:33:15:[m[K [01;31m[Kerror: [m[K‘[01m[KXY_pair[m[K’ was not declared in this scope; did you mean ‘[01m[KGT_pair[m[K’?
[1.541s]    33 | bool inBounds([01;31m[KXY_pair[m[K ToeXY);
[1.541s]       |               [01;31m[K^~~~~~~[m[K
[1.541s]       |               [32m[KGT_pair[m[K
[1.541s] [01m[K/home/qianlab/single_turtle_workspace/dependencies/traveler_controller/include/controller/inverse_kinematics.h:34:31:[m[K [01;31m[Kerror: [m[K‘[01m[Kbool inBounds(float, float)[m[K’ redeclared as different kind of entity
[1.542s]    34 | bool inBounds(float x, float y[01;31m[K)[m[K;
[1.542s]       |                               [01;31m[K^[m[K
[1.542s] [01m[K/home/qianlab/single_turtle_workspace/dependencies/traveler_controller/include/controller/inverse_kinematics.h:33:6:[m[K [01;36m[Knote: [m[Kprevious declaration ‘[01m[Kbool inBounds[m[K’
[1.542s]    33 | bool [01;36m[KinBounds[m[K(XY_pair ToeXY);
[1.542s]       |      [01;36m[K^~~~~~~~[m[K
[1.542s] [01m[K/home/qianlab/single_turtle_workspace/dependencies/traveler_controller/include/controller/inverse_kinematics.h:36:15:[m[K [01;31m[Kerror: [m[K‘[01m[KXY_pair[m[K’ was not declared in this scope; did you mean ‘[01m[KGT_pair[m[K’?
[1.542s]    36 | bool clamp_XY([01;31m[KXY_pair[m[K& P, float L = 0.0f);
[1.543s]       |               [01;31m[K^~~~~~~[m[K
[1.543s]       |               [32m[KGT_pair[m[K
[1.544s] [01m[K/home/qianlab/single_turtle_workspace/dependencies/traveler_controller/include/controller/inverse_kinematics.h:36:24:[m[K [01;31m[Kerror: [m[K‘[01m[KP[m[K’ was not declared in this scope
[1.544s]    36 | bool clamp_XY(XY_pair& [01;31m[KP[m[K, float L = 0.0f);
[1.544s]       |                        [01;31m[K^[m[K
[1.544s] [01m[K/home/qianlab/single_turtle_workspace/dependencies/traveler_controller/include/controller/inverse_kinematics.h:36:27:[m[K [01;31m[Kerror: [m[Kexpected primary-expression before ‘[01m[Kfloat[m[K’
[1.544s]    36 | bool clamp_XY(XY_pair& P, [01;31m[Kfloat[m[K L = 0.0f);
[1.544s]       |                           [01;31m[K^~~~~[m[K
[1.544s] [01m[K/home/qianlab/single_turtle_workspace/dependencies/traveler_controller/include/controller/inverse_kinematics.h:36:41:[m[K [01;31m[Kerror: [m[Kexpression list treated as compound expression in initializer [[01;31m[K-fpermissive[m[K]
[1.544s]    36 | bool clamp_XY(XY_pair& P, float L = 0.0f[01;31m[K)[m[K;
[1.544s]       |                                         [01;31m[K^[m[K
[1.545s] [01m[K/home/qianlab/single_turtle_workspace/dependencies/traveler_controller/include/controller/inverse_kinematics.h:37:16:[m[K [01;31m[Kerror: [m[K‘[01m[KXY_pair[m[K’ was not declared in this scope; did you mean ‘[01m[KGT_pair[m[K’?
[1.545s]    37 | float distance([01;31m[KXY_pair[m[K A, XY_pair B);
[1.545s]       |                [01;31m[K^~~~~~~[m[K
[1.545s]       |                [32m[KGT_pair[m[K
[1.546s] [01m[K/home/qianlab/single_turtle_workspace/dependencies/traveler_controller/include/controller/inverse_kinematics.h:37:27:[m[K [01;31m[Kerror: [m[K‘[01m[KXY_pair[m[K’ was not declared in this scope; did you mean ‘[01m[KGT_pair[m[K’?
[1.546s]    37 | float distance(XY_pair A, [01;31m[KXY_pair[m[K B);
[1.546s]       |                           [01;31m[K^~~~~~~[m[K
[1.546s]       |                           [32m[KGT_pair[m[K
[1.546s] [01m[K/home/qianlab/single_turtle_workspace/dependencies/traveler_controller/include/controller/inverse_kinematics.h:37:36:[m[K [01;31m[Kerror: [m[Kexpression list treated as compound expression in initializer [[01;31m[K-fpermissive[m[K]
[1.546s]    37 | float distance(XY_pair A, XY_pair B[01;31m[K)[m[K;
[1.546s]       |                                    [01;31m[K^[m[K
[1.715s] make[2]: *** [CMakeFiles/turtle_high_controller.dir/build.make:128: CMakeFiles/turtle_high_controller.dir/src/can_driver/can_driver.cpp.o] Error 1
[1.726s] In file included from [01m[K/home/qianlab/single_turtle_workspace/dependencies/traveler_controller/src/proxy/lowerproxy.cpp:8[m[K:
[1.726s] [01m[K/home/qianlab/single_turtle_workspace/dependencies/traveler_controller/include/proxy/lowerproxy.h:91:17:[m[K [01;31m[Kerror: [m[K‘[01m[KXY_pair[m[K’ was not declared in this scope; did you mean ‘[01m[KGT_pair[m[K’?
[1.726s]    91 |     std::vector<[01;31m[KXY_pair[m[K> precomputed_;
[1.726s]       |                 [01;31m[K^~~~~~~[m[K
[1.726s]       |                 [32m[KGT_pair[m[K
[1.727s] [01m[K/home/qianlab/single_turtle_workspace/dependencies/traveler_controller/include/proxy/lowerproxy.h:91:24:[m[K [01;31m[Kerror: [m[Ktemplate argument 1 is invalid
[1.727s]    91 |     std::vector<XY_pair[01;31m[K>[m[K precomputed_;
[1.727s]       |                        [01;31m[K^[m[K
[1.727s] [01m[K/home/qianlab/single_turtle_workspace/dependencies/traveler_controller/include/proxy/lowerproxy.h:91:24:[m[K [01;31m[Kerror: [m[Ktemplate argument 2 is invalid
[1.727s] In file included from [01m[K/home/qianlab/single_turtle_workspace/dependencies/traveler_controller/src/proxy/lowerproxy.cpp:9[m[K:
[1.727s] [01m[K/home/qianlab/single_turtle_workspace/dependencies/traveler_controller/include/controller/inverse_kinematics.h:14:47:[m[K [01;31m[Kerror: [m[K‘[01m[KXY_pair[m[K’ has not been declared
[1.727s]    14 | void abstractToPhysical(float L, float Theta, [01;31m[KXY_pair[m[K& point);
[1.727s]       |                                               [01;31m[K^~~~~~~[m[K
[1.727s] [01m[K/home/qianlab/single_turtle_workspace/dependencies/traveler_controller/include/controller/inverse_kinematics.h:20:41:[m[K [01;31m[Kerror: [m[K‘[01m[KXY_pair[m[K’ has not been declared
[1.727s]    20 | bool linearTraj(float t_rel, float vel, [01;31m[KXY_pair[m[K A, XY_pair B, float& X, float& Y);
[1.727s]       |                                         [01;31m[K^~~~~~~[m[K
[1.727s] [01m[K/home/qianlab/single_turtle_workspace/dependencies/traveler_controller/include/controller/inverse_kinematics.h:20:52:[m[K [01;31m[Kerror: [m[K‘[01m[KXY_pair[m[K’ has not been declared
[1.728s]    20 | bool linearTraj(float t_rel, float vel, XY_pair A, [01;31m[KXY_pair[m[K B, float& X, float& Y);
[1.728s]       |                                                    [01;31m[K^~~~~~~[m[K
[1.728s] [01m[K/home/qianlab/single_turtle_workspace/dependencies/traveler_controller/include/controller/inverse_kinematics.h:21:41:[m[K [01;31m[Kerror: [m[K‘[01m[KXY_pair[m[K’ has not been declared
[1.728s]    21 | bool linearTraj(float t_rel, float vel, [01;31m[KXY_pair[m[K A, XY_pair B,
[1.728s]       |                                         [01;31m[K^~~~~~~[m[K
[1.728s] [01m[K/home/qianlab/single_turtle_workspace/dependencies/traveler_controller/include/controller/inverse_kinematics.h:21:52:[m[K [01;31m[Kerror: [m[K‘[01m[KXY_pair[m[K’ has not been declared
[1.728s]    21 | bool linearTraj(float t_rel, float vel, XY_pair A, [01;31m[KXY_pair[m[K B,
[1.728s]       |                                                    [01;31m[K^~~~~~~[m[K
[1.728s] [01m[K/home/qianlab/single_turtle_workspace/dependencies/traveler_controller/include/controller/inverse_kinematics.h:22:17:[m[K [01;31m[Kerror: [m[K‘[01m[KXY_pair[m[K’ has not been declared
[1.728s]    22 |                 [01;31m[KXY_pair[m[K ToeXY, float& X, float& Y, float threshold = 0.01f);
[1.728s]       |                 [01;31m[K^~~~~~~[m[K
[1.729s] [01m[K/home/qianlab/single_turtle_workspace/dependencies/traveler_controller/include/controller/inverse_kinematics.h:27:16:[m[K [01;31m[Kerror: [m[K‘[01m[KXY_pair[m[K’ was not declared in this scope; did you mean ‘[01m[KGT_pair[m[K’?
[1.729s]    27 | bool validPath([01;31m[KXY_pair[m[K A, XY_pair B);
[1.729s]       |                [01;31m[K^~~~~~~[m[K
[1.729s]       |                [32m[KGT_pair[m[K
[1.730s] [01m[K/home/qianlab/single_turtle_workspace/dependencies/traveler_controller/include/controller/inverse_kinematics.h:27:27:[m[K [01;31m[Kerror: [m[K‘[01m[KXY_pair[m[K’ was not declared in this scope; did you mean ‘[01m[KGT_pair[m[K’?
[1.730s]    27 | bool validPath(XY_pair A, [01;31m[KXY_pair[m[K B);
[1.730s]       |                           [01;31m[K^~~~~~~[m[K
[1.730s]       |                           [32m[KGT_pair[m[K
[1.730s] [01m[K/home/qianlab/single_turtle_workspace/dependencies/traveler_controller/include/controller/inverse_kinematics.h:27:36:[m[K [01;31m[Kerror: [m[Kexpression list treated as compound expression in initializer [[01;31m[K-fpermissive[m[K]
[1.730s]    27 | bool validPath(XY_pair A, XY_pair B[01;31m[K)[m[K;
[1.730s]       |                                    [01;31m[K^[m[K
[1.731s] [01m[K/home/qianlab/single_turtle_workspace/dependencies/traveler_controller/include/controller/inverse_kinematics.h:28:28:[m[K [01;31m[Kerror: [m[K‘[01m[KXY_pair[m[K’ was not declared in this scope; did you mean ‘[01m[KGT_pair[m[K’?
[1.731s]    28 | Point_Pair findSwingPoints([01;31m[KXY_pair[m[K A, XY_pair B);
[1.732s]       |                            [01;31m[K^~~~~~~[m[K
[1.732s]       |                            [32m[KGT_pair[m[K
[1.733s] [01m[K/home/qianlab/single_turtle_workspace/dependencies/traveler_controller/include/controller/inverse_kinematics.h:28:39:[m[K [01;31m[Kerror: [m[K‘[01m[KXY_pair[m[K’ was not declared in this scope; did you mean ‘[01m[KGT_pair[m[K’?
[1.733s]    28 | Point_Pair findSwingPoints(XY_pair A, [01;31m[KXY_pair[m[K B);
[1.733s]       |                                       [01;31m[K^~~~~~~[m[K
[1.733s]       |                                       [32m[KGT_pair[m[K
[1.735s] [01m[K/home/qianlab/single_turtle_workspace/dependencies/traveler_controller/include/controller/inverse_kinematics.h:33:15:[m[K [01;31m[Kerror: [m[K‘[01m[KXY_pair[m[K’ was not declared in this scope; did you mean ‘[01m[KGT_pair[m[K’?
[1.735s]    33 | bool inBounds([01;31m[KXY_pair[m[K ToeXY);
[1.735s]       |               [01;31m[K^~~~~~~[m[K
[1.735s]       |               [32m[KGT_pair[m[K
[1.735s] [01m[K/home/qianlab/single_turtle_workspace/dependencies/traveler_controller/include/controller/inverse_kinematics.h:34:31:[m[K [01;31m[Kerror: [m[K‘[01m[Kbool inBounds(float, float)[m[K’ redeclared as different kind of entity
[1.735s]    34 | bool inBounds(float x, float y[01;31m[K)[m[K;
[1.735s]       |                               [01;31m[K^[m[K
[1.735s] [01m[K/home/qianlab/single_turtle_workspace/dependencies/traveler_controller/include/controller/inverse_kinematics.h:33:6:[m[K [01;36m[Knote: [m[Kprevious declaration ‘[01m[Kbool inBounds[m[K’
[1.735s]    33 | bool [01;36m[KinBounds[m[K(XY_pair ToeXY);
[1.735s]       |      [01;36m[K^~~~~~~~[m[K
[1.736s] [01m[K/home/qianlab/single_turtle_workspace/dependencies/traveler_controller/include/controller/inverse_kinematics.h:36:15:[m[K [01;31m[Kerror: [m[K‘[01m[KXY_pair[m[K’ was not declared in this scope; did you mean ‘[01m[KGT_pair[m[K’?
[1.737s]    36 | bool clamp_XY([01;31m[KXY_pair[m[K& P, float L = 0.0f);
[1.737s]       |               [01;31m[K^~~~~~~[m[K
[1.737s]       |               [32m[KGT_pair[m[K
[1.738s] [01m[K/home/qianlab/single_turtle_workspace/dependencies/traveler_controller/include/controller/inverse_kinematics.h:36:24:[m[K [01;31m[Kerror: [m[K‘[01m[KP[m[K’ was not declared in this scope
[1.738s]    36 | bool clamp_XY(XY_pair& [01;31m[KP[m[K, float L = 0.0f);
[1.738s]       |                        [01;31m[K^[m[K
[1.738s] [01m[K/home/qianlab/single_turtle_workspace/dependencies/traveler_controller/include/controller/inverse_kinematics.h:36:27:[m[K [01;31m[Kerror: [m[Kexpected primary-expression before ‘[01m[Kfloat[m[K’
[1.738s]    36 | bool clamp_XY(XY_pair& P, [01;31m[Kfloat[m[K L = 0.0f);
[1.738s]       |                           [01;31m[K^~~~~[m[K
[1.739s] [01m[K/home/qianlab/single_turtle_workspace/dependencies/traveler_controller/include/controller/inverse_kinematics.h:36:41:[m[K [01;31m[Kerror: [m[Kexpression list treated as compound expression in initializer [[01;31m[K-fpermissive[m[K]
[1.739s]    36 | bool clamp_XY(XY_pair& P, float L = 0.0f[01;31m[K)[m[K;
[1.739s]       |                                         [01;31m[K^[m[K
[1.740s] [01m[K/home/qianlab/single_turtle_workspace/dependencies/traveler_controller/include/controller/inverse_kinematics.h:37:16:[m[K [01;31m[Kerror: [m[K‘[01m[KXY_pair[m[K’ was not declared in this scope; did you mean ‘[01m[KGT_pair[m[K’?
[1.740s]    37 | float distance([01;31m[KXY_pair[m[K A, XY_pair B);
[1.740s]       |                [01;31m[K^~~~~~~[m[K
[1.740s]       |                [32m[KGT_pair[m[K
[1.741s] [01m[K/home/qianlab/single_turtle_workspace/dependencies/traveler_controller/include/controller/inverse_kinematics.h:37:27:[m[K [01;31m[Kerror: [m[K‘[01m[KXY_pair[m[K’ was not declared in this scope; did you mean ‘[01m[KGT_pair[m[K’?
[1.741s]    37 | float distance(XY_pair A, [01;31m[KXY_pair[m[K B);
[1.741s]       |                           [01;31m[K^~~~~~~[m[K
[1.741s]       |                           [32m[KGT_pair[m[K
[1.741s] [01m[K/home/qianlab/single_turtle_workspace/dependencies/traveler_controller/include/controller/inverse_kinematics.h:37:36:[m[K [01;31m[Kerror: [m[Kexpression list treated as compound expression in initializer [[01;31m[K-fpermissive[m[K]
[1.741s]    37 | float distance(XY_pair A, XY_pair B[01;31m[K)[m[K;
[1.742s]       |                                    [01;31m[K^[m[K
[1.793s] In file included from [01m[K/home/qianlab/single_turtle_workspace/dependencies/traveler_controller/include/can_driver/can_driver.hpp:4[m[K,
[1.793s]                  from [01m[K/home/qianlab/single_turtle_workspace/dependencies/traveler_controller/src/can_driver/odrive_can.cpp:7[m[K:
[1.794s] [01m[K/home/qianlab/single_turtle_workspace/dependencies/traveler_controller/include/proxy/control_data.h:[m[K In constructor ‘[01m[KWaypoint::Waypoint(float, float, float, float)[m[K’:
[1.794s] [01m[K/home/qianlab/single_turtle_workspace/dependencies/traveler_controller/include/proxy/control_data.h:31:63:[m[K [01;31m[Kerror: [m[K‘[01m[Kx[m[K’ was not declared in this scope
[1.794s]    31 |     Waypoint(float g, float t, float v, float d=0.0f) : point([01;31m[Kx[m[K,y), vel(v), delay(d) {}
[1.794s]       |                                                               [01;31m[K^[m[K
[1.794s] [01m[K/home/qianlab/single_turtle_workspace/dependencies/traveler_controller/include/proxy/control_data.h:31:65:[m[K [01;31m[Kerror: [m[K‘[01m[Ky[m[K’ was not declared in this scope; did you mean ‘[01m[Kyn[m[K’?
[1.795s]    31 |     Waypoint(float g, float t, float v, float d=0.0f) : point(x,[01;31m[Ky[m[K), vel(v), delay(d) {}
[1.795s]       |                                                                 [01;31m[K^[m[K
[1.795s]       |                                                                 [32m[Kyn[m[K
[1.795s] [01m[K/home/qianlab/single_turtle_workspace/dependencies/traveler_controller/include/proxy/control_data.h:31:20:[m[K [01;35m[Kwarning: [m[Kunused parameter ‘[01m[Kg[m[K’ [[01;35m[K-Wunused-parameter[m[K]
[1.795s]    31 |     Waypoint([01;35m[Kfloat g[m[K, float t, float v, float d=0.0f) : point(x,y), vel(v), delay(d) {}
[1.795s]       |              [01;35m[K~~~~~~^[m[K
[1.795s] [01m[K/home/qianlab/single_turtle_workspace/dependencies/traveler_controller/include/proxy/control_data.h:31:29:[m[K [01;35m[Kwarning: [m[Kunused parameter ‘[01m[Kt[m[K’ [[01;35m[K-Wunused-parameter[m[K]
[1.795s]    31 |     Waypoint(float g, [01;35m[Kfloat t[m[K, float v, float d=0.0f) : point(x,y), vel(v), delay(d) {}
[1.795s]       |                       [01;35m[K~~~~~~^[m[K
[1.795s] [01m[K/home/qianlab/single_turtle_workspace/dependencies/traveler_controller/include/proxy/control_data.h:[m[K At global scope:
[1.795s] [01m[K/home/qianlab/single_turtle_workspace/dependencies/traveler_controller/include/proxy/control_data.h:47:5:[m[K [01;31m[Kerror: [m[K‘[01m[KXY_pair[m[K’ does not name a type; did you mean ‘[01m[KGT_pair[m[K’?
[1.796s]    47 |     [01;31m[KXY_pair[m[K toe_position;
[1.796s]       |     [01;31m[K^~~~~~~[m[K
[1.796s]       |     [32m[KGT_pair[m[K
[1.818s] [01m[K/home/qianlab/single_turtle_workspace/dependencies/traveler_controller/src/proxy/lowerproxy.cpp:[m[K In member function ‘[01m[Kvoid turtle_namespace::control::lowerproxy::calculate_position(turtle&)[m[K’:
[1.819s] [01m[K/home/qianlab/single_turtle_workspace/dependencies/traveler_controller/src/proxy/lowerproxy.cpp:186:24:[m[K [01;35m[Kwarning: [m[Kunused variable ‘[01m[Kback_curr_time[m[K’ [[01;35m[K-Wunused-variable[m[K]
[1.819s]   186 |                 double [01;35m[Kback_curr_time[m[K = deltaTime.count();
[1.819s]       |                        [01;35m[K^~~~~~~~~~~~~~[m[K
[1.994s] make[2]: *** [CMakeFiles/turtle_high_controller.dir/build.make:63: CMakeFiles/turtle_high_controller.dir/src/main.cpp.o] Error 1
[2.040s] make[2]: *** [CMakeFiles/odrive_can_interface.dir/build.make:76: CMakeFiles/odrive_can_interface.dir/src/can_driver/can_driver.cpp.o] Error 1
[2.040s] make[2]: *** Waiting for unfinished jobs....
[2.252s] make[2]: *** [CMakeFiles/odrive_can_interface.dir/build.make:63: CMakeFiles/odrive_can_interface.dir/src/can_driver/odrive_can.cpp.o] Error 1
[2.253s] make[1]: *** [CMakeFiles/Makefile2:80: CMakeFiles/odrive_can_interface.dir/all] Error 2
[2.253s] make[1]: *** Waiting for unfinished jobs....
[2.612s] make[2]: *** [CMakeFiles/turtle_high_controller.dir/build.make:102: CMakeFiles/turtle_high_controller.dir/src/proxy/lowerproxy.cpp.o] Error 1
[3.023s] make[2]: *** [CMakeFiles/turtle_high_controller.dir/build.make:115: CMakeFiles/turtle_high_controller.dir/src/proxy/upperproxy.cpp.o] Error 1
[3.023s] make[1]: *** [CMakeFiles/Makefile2:107: CMakeFiles/turtle_high_controller.dir/all] Error 2
[3.023s] make: *** [Makefile:141: all] Error 2
[3.026s] Invoked command in '/home/qianlab/single_turtle_workspace/build/turtle_high_controller' returned '2': AMENT_PREFIX_PATH=/home/qianlab/single_turtle_workspace/install/traveler_msgs:${AMENT_PREFIX_PATH} CMAKE_PREFIX_PATH=/home/qianlab/single_turtle_workspace/install/traveler_msgs:/home/qianlab/lassie-traveler/dependencies/install/traveler_high_controller:/home/qianlab/lassie-traveler/dependencies/install/traveler_msgs:/opt/ros/foxy LD_LIBRARY_PATH=/home/qianlab/single_turtle_workspace/install/traveler_msgs/lib:${LD_LIBRARY_PATH} PYTHONPATH=/home/qianlab/single_turtle_workspace/install/traveler_msgs/lib/python3.8/site-packages:${PYTHONPATH} /usr/bin/cmake --build /home/qianlab/single_turtle_workspace/build/turtle_high_controller -- -j12 -l12
