[0.000000] (-) TimerEvent: {}
[0.000102] (traveler_msgs) JobQueued: {'identifier': 'traveler_msgs', 'dependencies': OrderedDict()}
[0.000123] (traveler_optitrack) JobQueued: {'identifier': 'traveler_optitrack', 'dependencies': OrderedDict()}
[0.000143] (turtle_high_controller) JobQueued: {'identifier': 'turtle_high_controller', 'dependencies': OrderedDict([('traveler_msgs', '/home/qianlab/single_turtle_workspace/install/traveler_msgs')])}
[0.000154] (traveler_msgs) JobStarted: {'identifier': 'traveler_msgs'}
[0.005057] (traveler_optitrack) JobStarted: {'identifier': 'traveler_optitrack'}
[0.010433] (traveler_msgs) JobProgress: {'identifier': 'traveler_msgs', 'progress': 'cmake'}
[0.011464] (traveler_msgs) JobProgress: {'identifier': 'traveler_msgs', 'progress': 'build'}
[0.011579] (traveler_msgs) Command: {'cmd': ['/usr/bin/cmake', '--build', '/home/qianlab/single_turtle_workspace/build/traveler_msgs', '--', '-j12', '-l12'], 'cwd': '/home/qianlab/single_turtle_workspace/build/traveler_msgs', 'env': OrderedDict([('GJS_DEBUG_TOPICS', 'JS ERROR;JS LOG'), ('LESSOPEN', '| /usr/bin/lesspipe %s'), ('USER', 'qianlab'), ('SSH_AGENT_PID', '2033'), ('XDG_SESSION_TYPE', 'x11'), ('GIT_ASKPASS', '/usr/share/code/resources/app/extensions/git/dist/askpass.sh'), ('SHLVL', '1'), ('LD_LIBRARY_PATH', '/home/qianlab/lassie-traveler/dependencies/install/traveler_msgs/lib:/opt/ros/foxy/opt/yaml_cpp_vendor/lib:/opt/ros/foxy/opt/rviz_ogre_vendor/lib:/opt/ros/foxy/lib/x86_64-linux-gnu:/opt/ros/foxy/lib'), ('HOME', '/home/qianlab'), ('CHROME_DESKTOP', 'code.desktop'), ('CONDA_SHLVL', '0'), ('TERM_PROGRAM_VERSION', '1.100.3'), ('DESKTOP_SESSION', 'ubuntu'), ('NVM_BIN', '/home/qianlab/.nvm/versions/node/v12.18.3/bin'), ('NVM_INC', '/home/qianlab/.nvm/versions/node/v12.18.3/include/node'), ('GIO_LAUNCHED_DESKTOP_FILE', '/usr/share/applications/code.desktop'), ('ROS_PYTHON_VERSION', '3'), ('GNOME_SHELL_SESSION_MODE', 'ubuntu'), ('GTK_MODULES', 'gail:atk-bridge'), ('VSCODE_GIT_ASKPASS_MAIN', '/usr/share/code/resources/app/extensions/git/dist/askpass-main.js'), ('VSCODE_GIT_ASKPASS_NODE', '/usr/share/code/code'), ('MANAGERPID', '1924'), ('DBUS_SESSION_BUS_ADDRESS', 'unix:path=/run/user/1000/bus'), ('COLORTERM', 'truecolor'), ('_CE_M', ''), ('GIO_LAUNCHED_DESKTOP_FILE_PID', '2660'), ('NVM_DIR', '/home/qianlab/.nvm'), ('MANDATORY_PATH', '/usr/share/gconf/ubuntu.mandatory.path'), ('IM_CONFIG_PHASE', '1'), ('COLCON_PREFIX_PATH', '/home/qianlab/lassie-traveler/dependencies/install'), ('ROS_DISTRO', 'foxy'), ('LOGNAME', 'qianlab'), ('JOURNAL_STREAM', '8:56505'), ('_', '/usr/bin/colcon'), ('ROS_VERSION', '2'), ('XDG_SESSION_CLASS', 'user'), ('DEFAULTS_PATH', '/usr/share/gconf/ubuntu.default.path'), ('USERNAME', 'qianlab'), ('TERM', 'xterm-256color'), ('GNOME_DESKTOP_SESSION_ID', 'this-is-deprecated'), ('_CE_CONDA', ''), ('ROS_LOCALHOST_ONLY', '0'), ('WINDOWPATH', '2'), ('PATH', '/home/qianlab/ghost_robotics/arm_toolchain/bin:/home/qianlab/.local/bin:/home/qianlab/ghost_robotics/arm_toolchain/bin:/home/qianlab/miniconda3/condabin:/home/qianlab/.nvm/versions/node/v12.18.3/bin:/opt/ros/foxy/bin:/home/qianlab/.local/bin:/usr/local/sbin:/usr/local/bin:/usr/sbin:/usr/bin:/sbin:/bin:/usr/games:/usr/local/games:/snap/bin'), ('SESSION_MANAGER', 'local/qianlab-Yoga-7-14IAL7:@/tmp/.ICE-unix/2071,unix/qianlab-Yoga-7-14IAL7:/tmp/.ICE-unix/2071'), ('INVOCATION_ID', 'ada520d1c1f94e228d33304f77e601b8'), ('XDG_MENU_PREFIX', 'gnome-'), ('XDG_RUNTIME_DIR', '/run/user/1000'), ('GDK_BACKEND', 'x11'), ('DISPLAY', ':0'), ('LANG', 'en_US.UTF-8'), ('XDG_CURRENT_DESKTOP', 'Unity'), ('XMODIFIERS', '@im=ibus'), ('XDG_SESSION_DESKTOP', 'ubuntu'), ('XAUTHORITY', '/run/user/1000/gdm/Xauthority'), ('LS_COLORS', 'rs=0:di=01;34:ln=01;36:mh=00:pi=40;33:so=01;35:do=01;35:bd=40;33;01:cd=40;33;01:or=40;31;01:mi=00:su=37;41:sg=30;43:ca=30;41:tw=30;42:ow=34;42:st=37;44:ex=01;32:*.tar=01;31:*.tgz=01;31:*.arc=01;31:*.arj=01;31:*.taz=01;31:*.lha=01;31:*.lz4=01;31:*.lzh=01;31:*.lzma=01;31:*.tlz=01;31:*.txz=01;31:*.tzo=01;31:*.t7z=01;31:*.zip=01;31:*.z=01;31:*.dz=01;31:*.gz=01;31:*.lrz=01;31:*.lz=01;31:*.lzo=01;31:*.xz=01;31:*.zst=01;31:*.tzst=01;31:*.bz2=01;31:*.bz=01;31:*.tbz=01;31:*.tbz2=01;31:*.tz=01;31:*.deb=01;31:*.rpm=01;31:*.jar=01;31:*.war=01;31:*.ear=01;31:*.sar=01;31:*.rar=01;31:*.alz=01;31:*.ace=01;31:*.zoo=01;31:*.cpio=01;31:*.7z=01;31:*.rz=01;31:*.cab=01;31:*.wim=01;31:*.swm=01;31:*.dwm=01;31:*.esd=01;31:*.jpg=01;35:*.jpeg=01;35:*.mjpg=01;35:*.mjpeg=01;35:*.gif=01;35:*.bmp=01;35:*.pbm=01;35:*.pgm=01;35:*.ppm=01;35:*.tga=01;35:*.xbm=01;35:*.xpm=01;35:*.tif=01;35:*.tiff=01;35:*.png=01;35:*.svg=01;35:*.svgz=01;35:*.mng=01;35:*.pcx=01;35:*.mov=01;35:*.mpg=01;35:*.mpeg=01;35:*.m2v=01;35:*.mkv=01;35:*.webm=01;35:*.ogm=01;35:*.mp4=01;35:*.m4v=01;35:*.mp4v=01;35:*.vob=01;35:*.qt=01;35:*.nuv=01;35:*.wmv=01;35:*.asf=01;35:*.rm=01;35:*.rmvb=01;35:*.flc=01;35:*.avi=01;35:*.fli=01;35:*.flv=01;35:*.gl=01;35:*.dl=01;35:*.xcf=01;35:*.xwd=01;35:*.yuv=01;35:*.cgm=01;35:*.emf=01;35:*.ogv=01;35:*.ogx=01;35:*.aac=00;36:*.au=00;36:*.flac=00;36:*.m4a=00;36:*.mid=00;36:*.midi=00;36:*.mka=00;36:*.mp3=00;36:*.mpc=00;36:*.ogg=00;36:*.ra=00;36:*.wav=00;36:*.oga=00;36:*.opus=00;36:*.spx=00;36:*.xspf=00;36:'), ('VSCODE_GIT_IPC_HANDLE', '/run/user/1000/vscode-git-66f982bc43.sock'), ('TERM_PROGRAM', 'vscode'), ('SSH_AUTH_SOCK', '/run/user/1000/keyring/ssh'), ('ROS_DOMAIN_ID', '19'), ('AMENT_PREFIX_PATH', '/home/qianlab/lassie-traveler/dependencies/install/traveler_high_controller:/home/qianlab/lassie-traveler/dependencies/install/traveler_msgs:/opt/ros/foxy'), ('CONDA_PYTHON_EXE', '/home/qianlab/miniconda3/bin/python'), ('ORIGINAL_XDG_CURRENT_DESKTOP', 'ubuntu:GNOME'), ('SHELL', '/bin/bash'), ('QT_ACCESSIBILITY', '1'), ('GDMSESSION', 'ubuntu'), ('LESSCLOSE', '/usr/bin/lesspipe %s %s'), ('GPG_AGENT_INFO', '/run/user/1000/gnupg/S.gpg-agent:0:1'), ('GJS_DEBUG_OUTPUT', 'stderr'), ('VSCODE_GIT_ASKPASS_EXTRA_ARGS', ''), ('QT_IM_MODULE', 'ibus'), ('PWD', '/home/qianlab/single_turtle_workspace/build/traveler_msgs'), ('XDG_CONFIG_DIRS', '/etc/xdg/xdg-ubuntu:/etc/xdg'), ('CONDA_EXE', '/home/qianlab/miniconda3/bin/conda'), ('NVM_CD_FLAGS', ''), ('XDG_DATA_DIRS', '/usr/share/ubuntu:/usr/local/share/:/usr/share/:/var/lib/snapd/desktop'), ('PYTHONPATH', '/home/qianlab/lassie-traveler/dependencies/install/traveler_msgs/lib/python3.8/site-packages:/opt/ros/foxy/lib/python3.8/site-packages'), ('CUSTOM_ENV_NAME', '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'), ('COLCON', '1'), ('CMAKE_PREFIX_PATH', '/home/qianlab/lassie-traveler/dependencies/install/traveler_high_controller:/home/qianlab/lassie-traveler/dependencies/install/traveler_msgs:/opt/ros/foxy')]), 'shell': False}
[0.054165] (traveler_msgs) StdoutLine: {'line': b'[  1%] Built target traveler_msgs__cpp\n'}
[0.061453] (traveler_msgs) StdoutLine: {'line': b'[ 12%] Built target traveler_msgs__rosidl_generator_c\n'}
[0.071695] (traveler_msgs) StdoutLine: {'line': b'[ 23%] Built target traveler_msgs__rosidl_typesupport_cpp\n'}
[0.077770] (traveler_msgs) StdoutLine: {'line': b'[ 40%] Built target traveler_msgs__rosidl_typesupport_introspection_c\n'}
[0.077966] (traveler_msgs) StdoutLine: {'line': b'[ 46%] Built target traveler_msgs__rosidl_typesupport_introspection_cpp\n'}
[0.082658] (traveler_msgs) StdoutLine: {'line': b'[ 69%] Built target traveler_msgs__rosidl_typesupport_fastrtps_cpp\n'}
[0.082843] (traveler_msgs) StdoutLine: {'line': b'[ 69%] Built target traveler_msgs__rosidl_typesupport_c\n'}
[0.099519] (-) TimerEvent: {}
[0.100802] (traveler_msgs) StdoutLine: {'line': b'[ 80%] Built target traveler_msgs__rosidl_typesupport_fastrtps_c\n'}
[0.114762] (traveler_msgs) StdoutLine: {'line': b'[ 80%] Built target traveler_msgs\n'}
[0.129494] (traveler_msgs) StdoutLine: {'line': b'[ 81%] Built target traveler_msgs__py\n'}
[0.151129] (traveler_msgs) StdoutLine: {'line': b'[ 91%] Built target traveler_msgs__python\n'}
[0.172322] (traveler_msgs) StdoutLine: {'line': b'[ 94%] Built target traveler_msgs__rosidl_typesupport_introspection_c__pyext\n'}
[0.172710] (traveler_msgs) StdoutLine: {'line': b'[ 97%] Built target traveler_msgs__rosidl_typesupport_fastrtps_c__pyext\n'}
[0.177452] (traveler_msgs) StdoutLine: {'line': b'[100%] Built target traveler_msgs__rosidl_typesupport_c__pyext\n'}
[0.187032] (traveler_msgs) CommandEnded: {'returncode': 0}
[0.199625] (-) TimerEvent: {}
[0.248729] (traveler_msgs) JobProgress: {'identifier': 'traveler_msgs', 'progress': 'install'}
[0.256275] (traveler_msgs) Command: {'cmd': ['/usr/bin/cmake', '--install', '/home/qianlab/single_turtle_workspace/build/traveler_msgs'], 'cwd': '/home/qianlab/single_turtle_workspace/build/traveler_msgs', 'env': OrderedDict([('GJS_DEBUG_TOPICS', 'JS ERROR;JS LOG'), ('LESSOPEN', '| /usr/bin/lesspipe %s'), ('USER', 'qianlab'), ('SSH_AGENT_PID', '2033'), ('XDG_SESSION_TYPE', 'x11'), ('GIT_ASKPASS', '/usr/share/code/resources/app/extensions/git/dist/askpass.sh'), ('SHLVL', '1'), ('LD_LIBRARY_PATH', '/home/qianlab/lassie-traveler/dependencies/install/traveler_msgs/lib:/opt/ros/foxy/opt/yaml_cpp_vendor/lib:/opt/ros/foxy/opt/rviz_ogre_vendor/lib:/opt/ros/foxy/lib/x86_64-linux-gnu:/opt/ros/foxy/lib'), ('HOME', '/home/qianlab'), ('CHROME_DESKTOP', 'code.desktop'), ('CONDA_SHLVL', '0'), ('TERM_PROGRAM_VERSION', '1.100.3'), ('DESKTOP_SESSION', 'ubuntu'), ('NVM_BIN', '/home/qianlab/.nvm/versions/node/v12.18.3/bin'), ('NVM_INC', '/home/qianlab/.nvm/versions/node/v12.18.3/include/node'), ('GIO_LAUNCHED_DESKTOP_FILE', '/usr/share/applications/code.desktop'), ('ROS_PYTHON_VERSION', '3'), ('GNOME_SHELL_SESSION_MODE', 'ubuntu'), ('GTK_MODULES', 'gail:atk-bridge'), ('VSCODE_GIT_ASKPASS_MAIN', '/usr/share/code/resources/app/extensions/git/dist/askpass-main.js'), ('VSCODE_GIT_ASKPASS_NODE', '/usr/share/code/code'), ('MANAGERPID', '1924'), ('DBUS_SESSION_BUS_ADDRESS', 'unix:path=/run/user/1000/bus'), ('COLORTERM', 'truecolor'), ('_CE_M', ''), ('GIO_LAUNCHED_DESKTOP_FILE_PID', '2660'), ('NVM_DIR', '/home/qianlab/.nvm'), ('MANDATORY_PATH', '/usr/share/gconf/ubuntu.mandatory.path'), ('IM_CONFIG_PHASE', '1'), ('COLCON_PREFIX_PATH', '/home/qianlab/lassie-traveler/dependencies/install'), ('ROS_DISTRO', 'foxy'), ('LOGNAME', 'qianlab'), ('JOURNAL_STREAM', '8:56505'), ('_', '/usr/bin/colcon'), ('ROS_VERSION', '2'), ('XDG_SESSION_CLASS', 'user'), ('DEFAULTS_PATH', '/usr/share/gconf/ubuntu.default.path'), ('USERNAME', 'qianlab'), ('TERM', 'xterm-256color'), ('GNOME_DESKTOP_SESSION_ID', 'this-is-deprecated'), ('_CE_CONDA', ''), ('ROS_LOCALHOST_ONLY', '0'), ('WINDOWPATH', '2'), ('PATH', '/home/qianlab/ghost_robotics/arm_toolchain/bin:/home/qianlab/.local/bin:/home/qianlab/ghost_robotics/arm_toolchain/bin:/home/qianlab/miniconda3/condabin:/home/qianlab/.nvm/versions/node/v12.18.3/bin:/opt/ros/foxy/bin:/home/qianlab/.local/bin:/usr/local/sbin:/usr/local/bin:/usr/sbin:/usr/bin:/sbin:/bin:/usr/games:/usr/local/games:/snap/bin'), ('SESSION_MANAGER', 'local/qianlab-Yoga-7-14IAL7:@/tmp/.ICE-unix/2071,unix/qianlab-Yoga-7-14IAL7:/tmp/.ICE-unix/2071'), ('INVOCATION_ID', 'ada520d1c1f94e228d33304f77e601b8'), ('XDG_MENU_PREFIX', 'gnome-'), ('XDG_RUNTIME_DIR', '/run/user/1000'), ('GDK_BACKEND', 'x11'), ('DISPLAY', ':0'), ('LANG', 'en_US.UTF-8'), ('XDG_CURRENT_DESKTOP', 'Unity'), ('XMODIFIERS', '@im=ibus'), ('XDG_SESSION_DESKTOP', 'ubuntu'), ('XAUTHORITY', '/run/user/1000/gdm/Xauthority'), ('LS_COLORS', 'rs=0:di=01;34:ln=01;36:mh=00:pi=40;33:so=01;35:do=01;35:bd=40;33;01:cd=40;33;01:or=40;31;01:mi=00:su=37;41:sg=30;43:ca=30;41:tw=30;42:ow=34;42:st=37;44:ex=01;32:*.tar=01;31:*.tgz=01;31:*.arc=01;31:*.arj=01;31:*.taz=01;31:*.lha=01;31:*.lz4=01;31:*.lzh=01;31:*.lzma=01;31:*.tlz=01;31:*.txz=01;31:*.tzo=01;31:*.t7z=01;31:*.zip=01;31:*.z=01;31:*.dz=01;31:*.gz=01;31:*.lrz=01;31:*.lz=01;31:*.lzo=01;31:*.xz=01;31:*.zst=01;31:*.tzst=01;31:*.bz2=01;31:*.bz=01;31:*.tbz=01;31:*.tbz2=01;31:*.tz=01;31:*.deb=01;31:*.rpm=01;31:*.jar=01;31:*.war=01;31:*.ear=01;31:*.sar=01;31:*.rar=01;31:*.alz=01;31:*.ace=01;31:*.zoo=01;31:*.cpio=01;31:*.7z=01;31:*.rz=01;31:*.cab=01;31:*.wim=01;31:*.swm=01;31:*.dwm=01;31:*.esd=01;31:*.jpg=01;35:*.jpeg=01;35:*.mjpg=01;35:*.mjpeg=01;35:*.gif=01;35:*.bmp=01;35:*.pbm=01;35:*.pgm=01;35:*.ppm=01;35:*.tga=01;35:*.xbm=01;35:*.xpm=01;35:*.tif=01;35:*.tiff=01;35:*.png=01;35:*.svg=01;35:*.svgz=01;35:*.mng=01;35:*.pcx=01;35:*.mov=01;35:*.mpg=01;35:*.mpeg=01;35:*.m2v=01;35:*.mkv=01;35:*.webm=01;35:*.ogm=01;35:*.mp4=01;35:*.m4v=01;35:*.mp4v=01;35:*.vob=01;35:*.qt=01;35:*.nuv=01;35:*.wmv=01;35:*.asf=01;35:*.rm=01;35:*.rmvb=01;35:*.flc=01;35:*.avi=01;35:*.fli=01;35:*.flv=01;35:*.gl=01;35:*.dl=01;35:*.xcf=01;35:*.xwd=01;35:*.yuv=01;35:*.cgm=01;35:*.emf=01;35:*.ogv=01;35:*.ogx=01;35:*.aac=00;36:*.au=00;36:*.flac=00;36:*.m4a=00;36:*.mid=00;36:*.midi=00;36:*.mka=00;36:*.mp3=00;36:*.mpc=00;36:*.ogg=00;36:*.ra=00;36:*.wav=00;36:*.oga=00;36:*.opus=00;36:*.spx=00;36:*.xspf=00;36:'), ('VSCODE_GIT_IPC_HANDLE', '/run/user/1000/vscode-git-66f982bc43.sock'), ('TERM_PROGRAM', 'vscode'), ('SSH_AUTH_SOCK', '/run/user/1000/keyring/ssh'), ('ROS_DOMAIN_ID', '19'), ('AMENT_PREFIX_PATH', '/home/qianlab/lassie-traveler/dependencies/install/traveler_high_controller:/home/qianlab/lassie-traveler/dependencies/install/traveler_msgs:/opt/ros/foxy'), ('CONDA_PYTHON_EXE', '/home/qianlab/miniconda3/bin/python'), ('ORIGINAL_XDG_CURRENT_DESKTOP', 'ubuntu:GNOME'), ('SHELL', '/bin/bash'), ('QT_ACCESSIBILITY', '1'), ('GDMSESSION', 'ubuntu'), ('LESSCLOSE', '/usr/bin/lesspipe %s %s'), ('GPG_AGENT_INFO', '/run/user/1000/gnupg/S.gpg-agent:0:1'), ('GJS_DEBUG_OUTPUT', 'stderr'), ('VSCODE_GIT_ASKPASS_EXTRA_ARGS', ''), ('QT_IM_MODULE', 'ibus'), ('PWD', '/home/qianlab/single_turtle_workspace/build/traveler_msgs'), ('XDG_CONFIG_DIRS', '/etc/xdg/xdg-ubuntu:/etc/xdg'), ('CONDA_EXE', '/home/qianlab/miniconda3/bin/conda'), ('NVM_CD_FLAGS', ''), ('XDG_DATA_DIRS', '/usr/share/ubuntu:/usr/local/share/:/usr/share/:/var/lib/snapd/desktop'), ('PYTHONPATH', '/home/qianlab/lassie-traveler/dependencies/install/traveler_msgs/lib/python3.8/site-packages:/opt/ros/foxy/lib/python3.8/site-packages'), ('CUSTOM_ENV_NAME', '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'), ('COLCON', '1'), ('CMAKE_PREFIX_PATH', '/home/qianlab/lassie-traveler/dependencies/install/traveler_high_controller:/home/qianlab/lassie-traveler/dependencies/install/traveler_msgs:/opt/ros/foxy')]), 'shell': False}
[0.263982] (traveler_msgs) StdoutLine: {'line': b'-- Install configuration: ""\n'}
[0.264331] (traveler_msgs) StdoutLine: {'line': b'-- Up-to-date: /home/qianlab/single_turtle_workspace/install/traveler_msgs/share/ament_index/resource_index/rosidl_interfaces/traveler_msgs\n'}
[0.264527] (traveler_msgs) StdoutLine: {'line': b'-- Up-to-date: /home/qianlab/single_turtle_workspace/install/traveler_msgs/include/traveler_msgs\n'}
[0.264623] (traveler_msgs) StdoutLine: {'line': b'-- Up-to-date: /home/qianlab/single_turtle_workspace/install/traveler_msgs/include/traveler_msgs/msg\n'}
[0.264710] (traveler_msgs) StdoutLine: {'line': b'-- Up-to-date: /home/qianlab/single_turtle_workspace/install/traveler_msgs/include/traveler_msgs/msg/rosidl_generator_c__visibility_control.h\n'}
[0.264804] (traveler_msgs) StdoutLine: {'line': b'-- Up-to-date: /home/qianlab/single_turtle_workspace/install/traveler_msgs/include/traveler_msgs/msg/set_state.h\n'}
[0.264930] (traveler_msgs) StdoutLine: {'line': b'-- Up-to-date: /home/qianlab/single_turtle_workspace/install/traveler_msgs/include/traveler_msgs/msg/traveler_mode.h\n'}
[0.265004] (traveler_msgs) StdoutLine: {'line': b'-- Up-to-date: /home/qianlab/single_turtle_workspace/install/traveler_msgs/include/traveler_msgs/msg/odrive_status.h\n'}
[0.265083] (traveler_msgs) StdoutLine: {'line': b'-- Up-to-date: /home/qianlab/single_turtle_workspace/install/traveler_msgs/include/traveler_msgs/msg/traveler_config.h\n'}
[0.265149] (traveler_msgs) StdoutLine: {'line': b'-- Up-to-date: /home/qianlab/single_turtle_workspace/install/traveler_msgs/include/traveler_msgs/msg/traveler_status.h\n'}
[0.265248] (traveler_msgs) StdoutLine: {'line': b'-- Up-to-date: /home/qianlab/single_turtle_workspace/install/traveler_msgs/include/traveler_msgs/msg/set_input_position.h\n'}
[0.265360] (traveler_msgs) StdoutLine: {'line': b'-- Up-to-date: /home/qianlab/single_turtle_workspace/install/traveler_msgs/include/traveler_msgs/msg/detail\n'}
[0.265427] (traveler_msgs) StdoutLine: {'line': b'-- Up-to-date: /home/qianlab/single_turtle_workspace/install/traveler_msgs/include/traveler_msgs/msg/detail/set_state__struct.h\n'}
[0.265514] (traveler_msgs) StdoutLine: {'line': b'-- Up-to-date: /home/qianlab/single_turtle_workspace/install/traveler_msgs/include/traveler_msgs/msg/detail/traveler_config__struct.h\n'}
[0.265579] (traveler_msgs) StdoutLine: {'line': b'-- Up-to-date: /home/qianlab/single_turtle_workspace/install/traveler_msgs/include/traveler_msgs/msg/detail/odrive_status__struct.h\n'}
[0.265691] (traveler_msgs) StdoutLine: {'line': b'-- Up-to-date: /home/qianlab/single_turtle_workspace/install/traveler_msgs/include/traveler_msgs/msg/detail/odrive_status__functions.c\n'}
[0.265856] (traveler_msgs) StdoutLine: {'line': b'-- Up-to-date: /home/qianlab/single_turtle_workspace/install/traveler_msgs/include/traveler_msgs/msg/detail/traveler_config__functions.h\n'}
[0.265963] (traveler_msgs) StdoutLine: {'line': b'-- Up-to-date: /home/qianlab/single_turtle_workspace/install/traveler_msgs/include/traveler_msgs/msg/detail/traveler_config__functions.c\n'}
[0.266053] (traveler_msgs) StdoutLine: {'line': b'-- Up-to-date: /home/qianlab/single_turtle_workspace/install/traveler_msgs/include/traveler_msgs/msg/detail/traveler_status__functions.h\n'}
[0.266135] (traveler_msgs) StdoutLine: {'line': b'-- Up-to-date: /home/qianlab/single_turtle_workspace/install/traveler_msgs/include/traveler_msgs/msg/detail/odrive_status__type_support.h\n'}
[0.266236] (traveler_msgs) StdoutLine: {'line': b'-- Up-to-date: /home/qianlab/single_turtle_workspace/install/traveler_msgs/include/traveler_msgs/msg/detail/traveler_mode__functions.h\n'}
[0.266343] (traveler_msgs) StdoutLine: {'line': b'-- Up-to-date: /home/qianlab/single_turtle_workspace/install/traveler_msgs/include/traveler_msgs/msg/detail/set_input_position__functions.c\n'}
[0.266491] (traveler_msgs) StdoutLine: {'line': b'-- Up-to-date: /home/qianlab/single_turtle_workspace/install/traveler_msgs/include/traveler_msgs/msg/detail/traveler_status__struct.h\n'}
[0.266653] (traveler_msgs) StdoutLine: {'line': b'-- Up-to-date: /home/qianlab/single_turtle_workspace/install/traveler_msgs/include/traveler_msgs/msg/detail/traveler_status__functions.c\n'}
[0.266790] (traveler_msgs) StdoutLine: {'line': b'-- Up-to-date: /home/qianlab/single_turtle_workspace/install/traveler_msgs/include/traveler_msgs/msg/detail/traveler_mode__struct.h\n'}
[0.266880] (traveler_msgs) StdoutLine: {'line': b'-- Up-to-date: /home/qianlab/single_turtle_workspace/install/traveler_msgs/include/traveler_msgs/msg/detail/set_state__functions.h\n'}
[0.267026] (traveler_msgs) StdoutLine: {'line': b'-- Up-to-date: /home/qianlab/single_turtle_workspace/install/traveler_msgs/include/traveler_msgs/msg/detail/set_input_position__functions.h\n'}
[0.267114] (traveler_msgs) StdoutLine: {'line': b'-- Up-to-date: /home/qianlab/single_turtle_workspace/install/traveler_msgs/include/traveler_msgs/msg/detail/set_input_position__type_support.h\n'}
[0.267206] (traveler_msgs) StdoutLine: {'line': b'-- Up-to-date: /home/qianlab/single_turtle_workspace/install/traveler_msgs/include/traveler_msgs/msg/detail/odrive_status__functions.h\n'}
[0.267279] (traveler_msgs) StdoutLine: {'line': b'-- Up-to-date: /home/qianlab/single_turtle_workspace/install/traveler_msgs/include/traveler_msgs/msg/detail/traveler_mode__type_support.h\n'}
[0.267349] (traveler_msgs) StdoutLine: {'line': b'-- Up-to-date: /home/qianlab/single_turtle_workspace/install/traveler_msgs/include/traveler_msgs/msg/detail/traveler_mode__functions.c\n'}
[0.267432] (traveler_msgs) StdoutLine: {'line': b'-- Up-to-date: /home/qianlab/single_turtle_workspace/install/traveler_msgs/include/traveler_msgs/msg/detail/set_state__functions.c\n'}
[0.267514] (traveler_msgs) StdoutLine: {'line': b'-- Up-to-date: /home/qianlab/single_turtle_workspace/install/traveler_msgs/include/traveler_msgs/msg/detail/set_input_position__struct.h\n'}
[0.267607] (traveler_msgs) StdoutLine: {'line': b'-- Up-to-date: /home/qianlab/single_turtle_workspace/install/traveler_msgs/include/traveler_msgs/msg/detail/set_state__type_support.h\n'}
[0.267686] (traveler_msgs) StdoutLine: {'line': b'-- Up-to-date: /home/qianlab/single_turtle_workspace/install/traveler_msgs/include/traveler_msgs/msg/detail/traveler_status__type_support.h\n'}
[0.267753] (traveler_msgs) StdoutLine: {'line': b'-- Up-to-date: /home/qianlab/single_turtle_workspace/install/traveler_msgs/include/traveler_msgs/msg/detail/traveler_config__type_support.h\n'}
[0.267819] (traveler_msgs) StdoutLine: {'line': b'-- Up-to-date: /home/qianlab/single_turtle_workspace/install/traveler_msgs/share/traveler_msgs/environment/library_path.sh\n'}
[0.267886] (traveler_msgs) StdoutLine: {'line': b'-- Up-to-date: /home/qianlab/single_turtle_workspace/install/traveler_msgs/share/traveler_msgs/environment/library_path.dsv\n'}
[0.267953] (traveler_msgs) StdoutLine: {'line': b'-- Up-to-date: /home/qianlab/single_turtle_workspace/install/traveler_msgs/lib/libtraveler_msgs__rosidl_generator_c.so\n'}
[0.268021] (traveler_msgs) StdoutLine: {'line': b'-- Up-to-date: /home/qianlab/single_turtle_workspace/install/traveler_msgs/include/traveler_msgs\n'}
[0.268088] (traveler_msgs) StdoutLine: {'line': b'-- Up-to-date: /home/qianlab/single_turtle_workspace/install/traveler_msgs/include/traveler_msgs/msg\n'}
[0.268160] (traveler_msgs) StdoutLine: {'line': b'-- Up-to-date: /home/qianlab/single_turtle_workspace/install/traveler_msgs/include/traveler_msgs/msg/rosidl_typesupport_fastrtps_c__visibility_control.h\n'}
[0.268230] (traveler_msgs) StdoutLine: {'line': b'-- Up-to-date: /home/qianlab/single_turtle_workspace/install/traveler_msgs/include/traveler_msgs/msg/detail\n'}
[0.268298] (traveler_msgs) StdoutLine: {'line': b'-- Up-to-date: /home/qianlab/single_turtle_workspace/install/traveler_msgs/include/traveler_msgs/msg/detail/traveler_config__rosidl_typesupport_fastrtps_c.h\n'}
[0.268367] (traveler_msgs) StdoutLine: {'line': b'-- Up-to-date: /home/qianlab/single_turtle_workspace/install/traveler_msgs/include/traveler_msgs/msg/detail/traveler_mode__rosidl_typesupport_fastrtps_c.h\n'}
[0.268435] (traveler_msgs) StdoutLine: {'line': b'-- Up-to-date: /home/qianlab/single_turtle_workspace/install/traveler_msgs/include/traveler_msgs/msg/detail/traveler_status__rosidl_typesupport_fastrtps_c.h\n'}
[0.268505] (traveler_msgs) StdoutLine: {'line': b'-- Up-to-date: /home/qianlab/single_turtle_workspace/install/traveler_msgs/include/traveler_msgs/msg/detail/set_input_position__rosidl_typesupport_fastrtps_c.h\n'}
[0.268578] (traveler_msgs) StdoutLine: {'line': b'-- Up-to-date: /home/qianlab/single_turtle_workspace/install/traveler_msgs/include/traveler_msgs/msg/detail/set_state__rosidl_typesupport_fastrtps_c.h\n'}
[0.268650] (traveler_msgs) StdoutLine: {'line': b'-- Up-to-date: /home/qianlab/single_turtle_workspace/install/traveler_msgs/include/traveler_msgs/msg/detail/odrive_status__rosidl_typesupport_fastrtps_c.h\n'}
[0.268716] (traveler_msgs) StdoutLine: {'line': b'-- Up-to-date: /home/qianlab/single_turtle_workspace/install/traveler_msgs/lib/libtraveler_msgs__rosidl_typesupport_fastrtps_c.so\n'}
[0.268784] (traveler_msgs) StdoutLine: {'line': b'-- Up-to-date: /home/qianlab/single_turtle_workspace/install/traveler_msgs/include/traveler_msgs\n'}
[0.268850] (traveler_msgs) StdoutLine: {'line': b'-- Up-to-date: /home/qianlab/single_turtle_workspace/install/traveler_msgs/include/traveler_msgs/msg\n'}
[0.268915] (traveler_msgs) StdoutLine: {'line': b'-- Up-to-date: /home/qianlab/single_turtle_workspace/install/traveler_msgs/include/traveler_msgs/msg/detail\n'}
[0.268981] (traveler_msgs) StdoutLine: {'line': b'-- Up-to-date: /home/qianlab/single_turtle_workspace/install/traveler_msgs/include/traveler_msgs/msg/detail/traveler_config__rosidl_typesupport_fastrtps_cpp.hpp\n'}
[0.269046] (traveler_msgs) StdoutLine: {'line': b'-- Up-to-date: /home/qianlab/single_turtle_workspace/install/traveler_msgs/include/traveler_msgs/msg/detail/traveler_mode__rosidl_typesupport_fastrtps_cpp.hpp\n'}
[0.269111] (traveler_msgs) StdoutLine: {'line': b'-- Up-to-date: /home/qianlab/single_turtle_workspace/install/traveler_msgs/include/traveler_msgs/msg/detail/set_input_position__rosidl_typesupport_fastrtps_cpp.hpp\n'}
[0.269181] (traveler_msgs) StdoutLine: {'line': b'-- Up-to-date: /home/qianlab/single_turtle_workspace/install/traveler_msgs/include/traveler_msgs/msg/detail/dds_fastrtps\n'}
[0.269247] (traveler_msgs) StdoutLine: {'line': b'-- Up-to-date: /home/qianlab/single_turtle_workspace/install/traveler_msgs/include/traveler_msgs/msg/detail/traveler_status__rosidl_typesupport_fastrtps_cpp.hpp\n'}
[0.269320] (traveler_msgs) StdoutLine: {'line': b'-- Up-to-date: /home/qianlab/single_turtle_workspace/install/traveler_msgs/include/traveler_msgs/msg/detail/odrive_status__rosidl_typesupport_fastrtps_cpp.hpp\n'}
[0.269389] (traveler_msgs) StdoutLine: {'line': b'-- Up-to-date: /home/qianlab/single_turtle_workspace/install/traveler_msgs/include/traveler_msgs/msg/detail/set_state__rosidl_typesupport_fastrtps_cpp.hpp\n'}
[0.269456] (traveler_msgs) StdoutLine: {'line': b'-- Up-to-date: /home/qianlab/single_turtle_workspace/install/traveler_msgs/include/traveler_msgs/msg/rosidl_typesupport_fastrtps_cpp__visibility_control.h\n'}
[0.269522] (traveler_msgs) StdoutLine: {'line': b'-- Up-to-date: /home/qianlab/single_turtle_workspace/install/traveler_msgs/lib/libtraveler_msgs__rosidl_typesupport_fastrtps_cpp.so\n'}
[0.269587] (traveler_msgs) StdoutLine: {'line': b'-- Up-to-date: /home/qianlab/single_turtle_workspace/install/traveler_msgs/include/traveler_msgs\n'}
[0.269654] (traveler_msgs) StdoutLine: {'line': b'-- Up-to-date: /home/qianlab/single_turtle_workspace/install/traveler_msgs/include/traveler_msgs/msg\n'}
[0.269720] (traveler_msgs) StdoutLine: {'line': b'-- Up-to-date: /home/qianlab/single_turtle_workspace/install/traveler_msgs/include/traveler_msgs/msg/rosidl_typesupport_introspection_c__visibility_control.h\n'}
[0.269787] (traveler_msgs) StdoutLine: {'line': b'-- Up-to-date: /home/qianlab/single_turtle_workspace/install/traveler_msgs/include/traveler_msgs/msg/detail\n'}
[0.269853] (traveler_msgs) StdoutLine: {'line': b'-- Up-to-date: /home/qianlab/single_turtle_workspace/install/traveler_msgs/include/traveler_msgs/msg/detail/traveler_status__rosidl_typesupport_introspection_c.h\n'}
[0.269918] (traveler_msgs) StdoutLine: {'line': b'-- Up-to-date: /home/qianlab/single_turtle_workspace/install/traveler_msgs/include/traveler_msgs/msg/detail/traveler_config__rosidl_typesupport_introspection_c.h\n'}
[0.269983] (traveler_msgs) StdoutLine: {'line': b'-- Up-to-date: /home/qianlab/single_turtle_workspace/install/traveler_msgs/include/traveler_msgs/msg/detail/set_state__type_support.c\n'}
[0.270048] (traveler_msgs) StdoutLine: {'line': b'-- Up-to-date: /home/qianlab/single_turtle_workspace/install/traveler_msgs/include/traveler_msgs/msg/detail/traveler_mode__rosidl_typesupport_introspection_c.h\n'}
[0.270122] (traveler_msgs) StdoutLine: {'line': b'-- Up-to-date: /home/qianlab/single_turtle_workspace/install/traveler_msgs/include/traveler_msgs/msg/detail/set_input_position__rosidl_typesupport_introspection_c.h\n'}
[0.270190] (traveler_msgs) StdoutLine: {'line': b'-- Up-to-date: /home/qianlab/single_turtle_workspace/install/traveler_msgs/include/traveler_msgs/msg/detail/odrive_status__rosidl_typesupport_introspection_c.h\n'}
[0.270254] (traveler_msgs) StdoutLine: {'line': b'-- Up-to-date: /home/qianlab/single_turtle_workspace/install/traveler_msgs/include/traveler_msgs/msg/detail/traveler_mode__type_support.c\n'}
[0.270320] (traveler_msgs) StdoutLine: {'line': b'-- Up-to-date: /home/qianlab/single_turtle_workspace/install/traveler_msgs/include/traveler_msgs/msg/detail/set_input_position__type_support.c\n'}
[0.270386] (traveler_msgs) StdoutLine: {'line': b'-- Up-to-date: /home/qianlab/single_turtle_workspace/install/traveler_msgs/include/traveler_msgs/msg/detail/set_state__rosidl_typesupport_introspection_c.h\n'}
[0.270456] (traveler_msgs) StdoutLine: {'line': b'-- Up-to-date: /home/qianlab/single_turtle_workspace/install/traveler_msgs/include/traveler_msgs/msg/detail/traveler_status__type_support.c\n'}
[0.270521] (traveler_msgs) StdoutLine: {'line': b'-- Up-to-date: /home/qianlab/single_turtle_workspace/install/traveler_msgs/include/traveler_msgs/msg/detail/traveler_config__type_support.c\n'}
[0.270589] (traveler_msgs) StdoutLine: {'line': b'-- Up-to-date: /home/qianlab/single_turtle_workspace/install/traveler_msgs/include/traveler_msgs/msg/detail/odrive_status__type_support.c\n'}
[0.270653] (traveler_msgs) StdoutLine: {'line': b'-- Up-to-date: /home/qianlab/single_turtle_workspace/install/traveler_msgs/lib/libtraveler_msgs__rosidl_typesupport_introspection_c.so\n'}
[0.270717] (traveler_msgs) StdoutLine: {'line': b'-- Up-to-date: /home/qianlab/single_turtle_workspace/install/traveler_msgs/lib/libtraveler_msgs__rosidl_typesupport_c.so\n'}
[0.270780] (traveler_msgs) StdoutLine: {'line': b'-- Up-to-date: /home/qianlab/single_turtle_workspace/install/traveler_msgs/include/traveler_msgs\n'}
[0.270844] (traveler_msgs) StdoutLine: {'line': b'-- Up-to-date: /home/qianlab/single_turtle_workspace/install/traveler_msgs/include/traveler_msgs/msg\n'}
[0.270907] (traveler_msgs) StdoutLine: {'line': b'-- Up-to-date: /home/qianlab/single_turtle_workspace/install/traveler_msgs/include/traveler_msgs/msg/set_state.hpp\n'}
[0.270970] (traveler_msgs) StdoutLine: {'line': b'-- Up-to-date: /home/qianlab/single_turtle_workspace/install/traveler_msgs/include/traveler_msgs/msg/rosidl_generator_cpp__visibility_control.hpp\n'}
[0.271034] (traveler_msgs) StdoutLine: {'line': b'-- Up-to-date: /home/qianlab/single_turtle_workspace/install/traveler_msgs/include/traveler_msgs/msg/traveler_status.hpp\n'}
[0.271097] (traveler_msgs) StdoutLine: {'line': b'-- Up-to-date: /home/qianlab/single_turtle_workspace/install/traveler_msgs/include/traveler_msgs/msg/traveler_mode.hpp\n'}
[0.271160] (traveler_msgs) StdoutLine: {'line': b'-- Up-to-date: /home/qianlab/single_turtle_workspace/install/traveler_msgs/include/traveler_msgs/msg/traveler_config.hpp\n'}
[0.271230] (traveler_msgs) StdoutLine: {'line': b'-- Up-to-date: /home/qianlab/single_turtle_workspace/install/traveler_msgs/include/traveler_msgs/msg/set_input_position.hpp\n'}
[0.271295] (traveler_msgs) StdoutLine: {'line': b'-- Up-to-date: /home/qianlab/single_turtle_workspace/install/traveler_msgs/include/traveler_msgs/msg/odrive_status.hpp\n'}
[0.271359] (traveler_msgs) StdoutLine: {'line': b'-- Up-to-date: /home/qianlab/single_turtle_workspace/install/traveler_msgs/include/traveler_msgs/msg/detail\n'}
[0.271422] (traveler_msgs) StdoutLine: {'line': b'-- Up-to-date: /home/qianlab/single_turtle_workspace/install/traveler_msgs/include/traveler_msgs/msg/detail/traveler_config__builder.hpp\n'}
[0.271485] (traveler_msgs) StdoutLine: {'line': b'-- Up-to-date: /home/qianlab/single_turtle_workspace/install/traveler_msgs/include/traveler_msgs/msg/detail/traveler_status__builder.hpp\n'}
[0.271548] (traveler_msgs) StdoutLine: {'line': b'-- Up-to-date: /home/qianlab/single_turtle_workspace/install/traveler_msgs/include/traveler_msgs/msg/detail/traveler_config__type_support.hpp\n'}
[0.271612] (traveler_msgs) StdoutLine: {'line': b'-- Up-to-date: /home/qianlab/single_turtle_workspace/install/traveler_msgs/include/traveler_msgs/msg/detail/traveler_config__traits.hpp\n'}
[0.271675] (traveler_msgs) StdoutLine: {'line': b'-- Up-to-date: /home/qianlab/single_turtle_workspace/install/traveler_msgs/include/traveler_msgs/msg/detail/traveler_mode__builder.hpp\n'}
[0.271738] (traveler_msgs) StdoutLine: {'line': b'-- Up-to-date: /home/qianlab/single_turtle_workspace/install/traveler_msgs/include/traveler_msgs/msg/detail/odrive_status__traits.hpp\n'}
[0.271802] (traveler_msgs) StdoutLine: {'line': b'-- Up-to-date: /home/qianlab/single_turtle_workspace/install/traveler_msgs/include/traveler_msgs/msg/detail/set_input_position__struct.hpp\n'}
[0.271865] (traveler_msgs) StdoutLine: {'line': b'-- Up-to-date: /home/qianlab/single_turtle_workspace/install/traveler_msgs/include/traveler_msgs/msg/detail/set_state__traits.hpp\n'}
[0.271928] (traveler_msgs) StdoutLine: {'line': b'-- Up-to-date: /home/qianlab/single_turtle_workspace/install/traveler_msgs/include/traveler_msgs/msg/detail/odrive_status__builder.hpp\n'}
[0.271992] (traveler_msgs) StdoutLine: {'line': b'-- Up-to-date: /home/qianlab/single_turtle_workspace/install/traveler_msgs/include/traveler_msgs/msg/detail/traveler_mode__struct.hpp\n'}
[0.272059] (traveler_msgs) StdoutLine: {'line': b'-- Up-to-date: /home/qianlab/single_turtle_workspace/install/traveler_msgs/include/traveler_msgs/msg/detail/set_state__builder.hpp\n'}
[0.272123] (traveler_msgs) StdoutLine: {'line': b'-- Up-to-date: /home/qianlab/single_turtle_workspace/install/traveler_msgs/include/traveler_msgs/msg/detail/set_input_position__type_support.hpp\n'}
[0.272187] (traveler_msgs) StdoutLine: {'line': b'-- Up-to-date: /home/qianlab/single_turtle_workspace/install/traveler_msgs/include/traveler_msgs/msg/detail/traveler_status__traits.hpp\n'}
[0.272251] (traveler_msgs) StdoutLine: {'line': b'-- Up-to-date: /home/qianlab/single_turtle_workspace/install/traveler_msgs/include/traveler_msgs/msg/detail/traveler_mode__type_support.hpp\n'}
[0.272314] (traveler_msgs) StdoutLine: {'line': b'-- Up-to-date: /home/qianlab/single_turtle_workspace/install/traveler_msgs/include/traveler_msgs/msg/detail/set_state__type_support.hpp\n'}
[0.272382] (traveler_msgs) StdoutLine: {'line': b'-- Up-to-date: /home/qianlab/single_turtle_workspace/install/traveler_msgs/include/traveler_msgs/msg/detail/traveler_config__struct.hpp\n'}
[0.272445] (traveler_msgs) StdoutLine: {'line': b'-- Up-to-date: /home/qianlab/single_turtle_workspace/install/traveler_msgs/include/traveler_msgs/msg/detail/odrive_status__type_support.hpp\n'}
[0.272508] (traveler_msgs) StdoutLine: {'line': b'-- Up-to-date: /home/qianlab/single_turtle_workspace/install/traveler_msgs/include/traveler_msgs/msg/detail/odrive_status__struct.hpp\n'}
[0.272571] (traveler_msgs) StdoutLine: {'line': b'-- Up-to-date: /home/qianlab/single_turtle_workspace/install/traveler_msgs/include/traveler_msgs/msg/detail/traveler_status__type_support.hpp\n'}
[0.272634] (traveler_msgs) StdoutLine: {'line': b'-- Up-to-date: /home/qianlab/single_turtle_workspace/install/traveler_msgs/include/traveler_msgs/msg/detail/set_input_position__builder.hpp\n'}
[0.272697] (traveler_msgs) StdoutLine: {'line': b'-- Up-to-date: /home/qianlab/single_turtle_workspace/install/traveler_msgs/include/traveler_msgs/msg/detail/traveler_status__struct.hpp\n'}
[0.272761] (traveler_msgs) StdoutLine: {'line': b'-- Up-to-date: /home/qianlab/single_turtle_workspace/install/traveler_msgs/include/traveler_msgs/msg/detail/traveler_mode__traits.hpp\n'}
[0.272824] (traveler_msgs) StdoutLine: {'line': b'-- Up-to-date: /home/qianlab/single_turtle_workspace/install/traveler_msgs/include/traveler_msgs/msg/detail/set_state__struct.hpp\n'}
[0.272887] (traveler_msgs) StdoutLine: {'line': b'-- Up-to-date: /home/qianlab/single_turtle_workspace/install/traveler_msgs/include/traveler_msgs/msg/detail/set_input_position__traits.hpp\n'}
[0.272950] (traveler_msgs) StdoutLine: {'line': b'-- Up-to-date: /home/qianlab/single_turtle_workspace/install/traveler_msgs/include/traveler_msgs\n'}
[0.273014] (traveler_msgs) StdoutLine: {'line': b'-- Up-to-date: /home/qianlab/single_turtle_workspace/install/traveler_msgs/include/traveler_msgs/msg\n'}
[0.273077] (traveler_msgs) StdoutLine: {'line': b'-- Up-to-date: /home/qianlab/single_turtle_workspace/install/traveler_msgs/include/traveler_msgs/msg/detail\n'}
[0.273140] (traveler_msgs) StdoutLine: {'line': b'-- Up-to-date: /home/qianlab/single_turtle_workspace/install/traveler_msgs/include/traveler_msgs/msg/detail/traveler_mode__type_support.cpp\n'}
[0.273204] (traveler_msgs) StdoutLine: {'line': b'-- Up-to-date: /home/qianlab/single_turtle_workspace/install/traveler_msgs/include/traveler_msgs/msg/detail/odrive_status__rosidl_typesupport_introspection_cpp.hpp\n'}
[0.273274] (traveler_msgs) StdoutLine: {'line': b'-- Up-to-date: /home/qianlab/single_turtle_workspace/install/traveler_msgs/include/traveler_msgs/msg/detail/set_state__rosidl_typesupport_introspection_cpp.hpp\n'}
[0.273338] (traveler_msgs) StdoutLine: {'line': b'-- Up-to-date: /home/qianlab/single_turtle_workspace/install/traveler_msgs/include/traveler_msgs/msg/detail/traveler_status__type_support.cpp\n'}
[0.273405] (traveler_msgs) StdoutLine: {'line': b'-- Up-to-date: /home/qianlab/single_turtle_workspace/install/traveler_msgs/include/traveler_msgs/msg/detail/traveler_status__rosidl_typesupport_introspection_cpp.hpp\n'}
[0.273469] (traveler_msgs) StdoutLine: {'line': b'-- Up-to-date: /home/qianlab/single_turtle_workspace/install/traveler_msgs/include/traveler_msgs/msg/detail/set_input_position__rosidl_typesupport_introspection_cpp.hpp\n'}
[0.273532] (traveler_msgs) StdoutLine: {'line': b'-- Up-to-date: /home/qianlab/single_turtle_workspace/install/traveler_msgs/include/traveler_msgs/msg/detail/odrive_status__type_support.cpp\n'}
[0.273595] (traveler_msgs) StdoutLine: {'line': b'-- Up-to-date: /home/qianlab/single_turtle_workspace/install/traveler_msgs/include/traveler_msgs/msg/detail/traveler_mode__rosidl_typesupport_introspection_cpp.hpp\n'}
[0.273658] (traveler_msgs) StdoutLine: {'line': b'-- Up-to-date: /home/qianlab/single_turtle_workspace/install/traveler_msgs/include/traveler_msgs/msg/detail/set_state__type_support.cpp\n'}
[0.273722] (traveler_msgs) StdoutLine: {'line': b'-- Up-to-date: /home/qianlab/single_turtle_workspace/install/traveler_msgs/include/traveler_msgs/msg/detail/traveler_config__type_support.cpp\n'}
[0.273785] (traveler_msgs) StdoutLine: {'line': b'-- Up-to-date: /home/qianlab/single_turtle_workspace/install/traveler_msgs/include/traveler_msgs/msg/detail/set_input_position__type_support.cpp\n'}
[0.273849] (traveler_msgs) StdoutLine: {'line': b'-- Up-to-date: /home/qianlab/single_turtle_workspace/install/traveler_msgs/include/traveler_msgs/msg/detail/traveler_config__rosidl_typesupport_introspection_cpp.hpp\n'}
[0.273912] (traveler_msgs) StdoutLine: {'line': b'-- Up-to-date: /home/qianlab/single_turtle_workspace/install/traveler_msgs/lib/libtraveler_msgs__rosidl_typesupport_introspection_cpp.so\n'}
[0.273975] (traveler_msgs) StdoutLine: {'line': b'-- Up-to-date: /home/qianlab/single_turtle_workspace/install/traveler_msgs/lib/libtraveler_msgs__rosidl_typesupport_cpp.so\n'}
[0.274038] (traveler_msgs) StdoutLine: {'line': b'-- Up-to-date: /home/qianlab/single_turtle_workspace/install/traveler_msgs/share/traveler_msgs/environment/pythonpath.sh\n'}
[0.274198] (traveler_msgs) StdoutLine: {'line': b'-- Up-to-date: /home/qianlab/single_turtle_workspace/install/traveler_msgs/share/traveler_msgs/environment/pythonpath.dsv\n'}
[0.274273] (traveler_msgs) StdoutLine: {'line': b'-- Up-to-date: /home/qianlab/single_turtle_workspace/install/traveler_msgs/lib/python3.8/site-packages/traveler_msgs/__init__.py\n'}
[0.290869] (traveler_msgs) StdoutLine: {'line': b'-- Up-to-date: /home/qianlab/single_turtle_workspace/install/traveler_msgs/lib/python3.8/site-packages/traveler_msgs/msg\n'}
[0.291089] (traveler_msgs) StdoutLine: {'line': b'-- Up-to-date: /home/qianlab/single_turtle_workspace/install/traveler_msgs/lib/python3.8/site-packages/traveler_msgs/msg/_set_input_position_s.c\n'}
[0.291200] (traveler_msgs) StdoutLine: {'line': b'-- Up-to-date: /home/qianlab/single_turtle_workspace/install/traveler_msgs/lib/python3.8/site-packages/traveler_msgs/msg/_traveler_mode.py\n'}
[0.291365] (traveler_msgs) StdoutLine: {'line': b'-- Up-to-date: /home/qianlab/single_turtle_workspace/install/traveler_msgs/lib/python3.8/site-packages/traveler_msgs/msg/_odrive_status_s.c\n'}
[0.291462] (traveler_msgs) StdoutLine: {'line': b'-- Up-to-date: /home/qianlab/single_turtle_workspace/install/traveler_msgs/lib/python3.8/site-packages/traveler_msgs/msg/_traveler_mode_s.c\n'}
[0.291538] (traveler_msgs) StdoutLine: {'line': b'-- Up-to-date: /home/qianlab/single_turtle_workspace/install/traveler_msgs/lib/python3.8/site-packages/traveler_msgs/msg/_traveler_status.py\n'}
[0.291606] (traveler_msgs) StdoutLine: {'line': b'-- Up-to-date: /home/qianlab/single_turtle_workspace/install/traveler_msgs/lib/python3.8/site-packages/traveler_msgs/msg/_set_input_position.py\n'}
[0.291672] (traveler_msgs) StdoutLine: {'line': b'-- Up-to-date: /home/qianlab/single_turtle_workspace/install/traveler_msgs/lib/python3.8/site-packages/traveler_msgs/msg/_odrive_status.py\n'}
[0.291750] (traveler_msgs) StdoutLine: {'line': b'-- Up-to-date: /home/qianlab/single_turtle_workspace/install/traveler_msgs/lib/python3.8/site-packages/traveler_msgs/msg/_traveler_config_s.c\n'}
[0.291815] (traveler_msgs) StdoutLine: {'line': b'-- Up-to-date: /home/qianlab/single_turtle_workspace/install/traveler_msgs/lib/python3.8/site-packages/traveler_msgs/msg/_set_state_s.c\n'}
[0.291879] (traveler_msgs) StdoutLine: {'line': b'-- Up-to-date: /home/qianlab/single_turtle_workspace/install/traveler_msgs/lib/python3.8/site-packages/traveler_msgs/msg/_traveler_status_s.c\n'}
[0.291943] (traveler_msgs) StdoutLine: {'line': b'-- Up-to-date: /home/qianlab/single_turtle_workspace/install/traveler_msgs/lib/python3.8/site-packages/traveler_msgs/msg/_traveler_config.py\n'}
[0.292006] (traveler_msgs) StdoutLine: {'line': b'-- Up-to-date: /home/qianlab/single_turtle_workspace/install/traveler_msgs/lib/python3.8/site-packages/traveler_msgs/msg/_set_state.py\n'}
[0.292174] (traveler_msgs) StdoutLine: {'line': b'-- Up-to-date: /home/qianlab/single_turtle_workspace/install/traveler_msgs/lib/python3.8/site-packages/traveler_msgs/msg/__init__.py\n'}
[0.292255] (traveler_msgs) StdoutLine: {'line': b'-- Up-to-date: /home/qianlab/single_turtle_workspace/install/traveler_msgs/lib/python3.8/site-packages/traveler_msgs/traveler_msgs_s__rosidl_typesupport_fastrtps_c.cpython-38-x86_64-linux-gnu.so\n'}
[0.292327] (traveler_msgs) StdoutLine: {'line': b'-- Up-to-date: /home/qianlab/single_turtle_workspace/install/traveler_msgs/lib/python3.8/site-packages/traveler_msgs/traveler_msgs_s__rosidl_typesupport_introspection_c.cpython-38-x86_64-linux-gnu.so\n'}
[0.292676] (traveler_msgs) StdoutLine: {'line': b'-- Up-to-date: /home/qianlab/single_turtle_workspace/install/traveler_msgs/lib/python3.8/site-packages/traveler_msgs/traveler_msgs_s__rosidl_typesupport_c.cpython-38-x86_64-linux-gnu.so\n'}
[0.293045] (traveler_msgs) StdoutLine: {'line': b'-- Up-to-date: /home/qianlab/single_turtle_workspace/install/traveler_msgs/lib/libtraveler_msgs__python.so\n'}
[0.293194] (traveler_msgs) StdoutLine: {'line': b'-- Up-to-date: /home/qianlab/single_turtle_workspace/install/traveler_msgs/share/traveler_msgs/msg/OdriveStatus.idl\n'}
[0.293281] (traveler_msgs) StdoutLine: {'line': b'-- Up-to-date: /home/qianlab/single_turtle_workspace/install/traveler_msgs/share/traveler_msgs/msg/TravelerConfig.idl\n'}
[0.293367] (traveler_msgs) StdoutLine: {'line': b'-- Up-to-date: /home/qianlab/single_turtle_workspace/install/traveler_msgs/share/traveler_msgs/msg/TravelerMode.idl\n'}
[0.293444] (traveler_msgs) StdoutLine: {'line': b'-- Up-to-date: /home/qianlab/single_turtle_workspace/install/traveler_msgs/share/traveler_msgs/msg/TravelerStatus.idl\n'}
[0.293526] (traveler_msgs) StdoutLine: {'line': b'-- Up-to-date: /home/qianlab/single_turtle_workspace/install/traveler_msgs/share/traveler_msgs/msg/SetState.idl\n'}
[0.293609] (traveler_msgs) StdoutLine: {'line': b'-- Up-to-date: /home/qianlab/single_turtle_workspace/install/traveler_msgs/share/traveler_msgs/msg/SetInputPosition.idl\n'}
[0.293685] (traveler_msgs) StdoutLine: {'line': b'-- Up-to-date: /home/qianlab/single_turtle_workspace/install/traveler_msgs/share/traveler_msgs/msg/OdriveStatus.msg\n'}
[0.293768] (traveler_msgs) StdoutLine: {'line': b'-- Up-to-date: /home/qianlab/single_turtle_workspace/install/traveler_msgs/share/traveler_msgs/msg/TravelerConfig.msg\n'}
[0.293843] (traveler_msgs) StdoutLine: {'line': b'-- Up-to-date: /home/qianlab/single_turtle_workspace/install/traveler_msgs/share/traveler_msgs/msg/TravelerMode.msg\n'}
[0.293923] (traveler_msgs) StdoutLine: {'line': b'-- Up-to-date: /home/qianlab/single_turtle_workspace/install/traveler_msgs/share/traveler_msgs/msg/TravelerStatus.msg\n'}
[0.294006] (traveler_msgs) StdoutLine: {'line': b'-- Up-to-date: /home/qianlab/single_turtle_workspace/install/traveler_msgs/share/traveler_msgs/odrivemsg/SetState.msg\n'}
[0.294082] (traveler_msgs) StdoutLine: {'line': b'-- Up-to-date: /home/qianlab/single_turtle_workspace/install/traveler_msgs/share/traveler_msgs/odrivemsg/SetInputPosition.msg\n'}
[0.294206] (traveler_msgs) StdoutLine: {'line': b'-- Up-to-date: /home/qianlab/single_turtle_workspace/install/traveler_msgs/share/ament_index/resource_index/package_run_dependencies/traveler_msgs\n'}
[0.294274] (traveler_msgs) StdoutLine: {'line': b'-- Up-to-date: /home/qianlab/single_turtle_workspace/install/traveler_msgs/share/ament_index/resource_index/parent_prefix_path/traveler_msgs\n'}
[0.294363] (traveler_msgs) StdoutLine: {'line': b'-- Up-to-date: /home/qianlab/single_turtle_workspace/install/traveler_msgs/share/traveler_msgs/environment/ament_prefix_path.sh\n'}
[0.294452] (traveler_msgs) StdoutLine: {'line': b'-- Up-to-date: /home/qianlab/single_turtle_workspace/install/traveler_msgs/share/traveler_msgs/environment/ament_prefix_path.dsv\n'}
[0.294517] (traveler_msgs) StdoutLine: {'line': b'-- Up-to-date: /home/qianlab/single_turtle_workspace/install/traveler_msgs/share/traveler_msgs/environment/path.sh\n'}
[0.294596] (traveler_msgs) StdoutLine: {'line': b'-- Up-to-date: /home/qianlab/single_turtle_workspace/install/traveler_msgs/share/traveler_msgs/environment/path.dsv\n'}
[0.294662] (traveler_msgs) StdoutLine: {'line': b'-- Up-to-date: /home/qianlab/single_turtle_workspace/install/traveler_msgs/share/traveler_msgs/local_setup.bash\n'}
[0.294738] (traveler_msgs) StdoutLine: {'line': b'-- Up-to-date: /home/qianlab/single_turtle_workspace/install/traveler_msgs/share/traveler_msgs/local_setup.sh\n'}
[0.294815] (traveler_msgs) StdoutLine: {'line': b'-- Up-to-date: /home/qianlab/single_turtle_workspace/install/traveler_msgs/share/traveler_msgs/local_setup.zsh\n'}
[0.294879] (traveler_msgs) StdoutLine: {'line': b'-- Up-to-date: /home/qianlab/single_turtle_workspace/install/traveler_msgs/share/traveler_msgs/local_setup.dsv\n'}
[0.294955] (traveler_msgs) StdoutLine: {'line': b'-- Installing: /home/qianlab/single_turtle_workspace/install/traveler_msgs/share/traveler_msgs/package.dsv\n'}
[0.295036] (traveler_msgs) StdoutLine: {'line': b'-- Up-to-date: /home/qianlab/single_turtle_workspace/install/traveler_msgs/share/ament_index/resource_index/packages/traveler_msgs\n'}
[0.295100] (traveler_msgs) StdoutLine: {'line': b'-- Up-to-date: /home/qianlab/single_turtle_workspace/install/traveler_msgs/share/traveler_msgs/cmake/traveler_msgs__rosidl_generator_cExport.cmake\n'}
[0.295177] (traveler_msgs) StdoutLine: {'line': b'-- Up-to-date: /home/qianlab/single_turtle_workspace/install/traveler_msgs/share/traveler_msgs/cmake/traveler_msgs__rosidl_generator_cExport-noconfig.cmake\n'}
[0.295253] (traveler_msgs) StdoutLine: {'line': b'-- Up-to-date: /home/qianlab/single_turtle_workspace/install/traveler_msgs/share/traveler_msgs/cmake/traveler_msgs__rosidl_typesupport_introspection_cExport.cmake\n'}
[0.295326] (traveler_msgs) StdoutLine: {'line': b'-- Up-to-date: /home/qianlab/single_turtle_workspace/install/traveler_msgs/share/traveler_msgs/cmake/traveler_msgs__rosidl_typesupport_introspection_cExport-noconfig.cmake\n'}
[0.295404] (traveler_msgs) StdoutLine: {'line': b'-- Up-to-date: /home/qianlab/single_turtle_workspace/install/traveler_msgs/share/traveler_msgs/cmake/traveler_msgs__rosidl_typesupport_cExport.cmake\n'}
[0.295468] (traveler_msgs) StdoutLine: {'line': b'-- Up-to-date: /home/qianlab/single_turtle_workspace/install/traveler_msgs/share/traveler_msgs/cmake/traveler_msgs__rosidl_typesupport_cExport-noconfig.cmake\n'}
[0.295545] (traveler_msgs) StdoutLine: {'line': b'-- Up-to-date: /home/qianlab/single_turtle_workspace/install/traveler_msgs/share/traveler_msgs/cmake/traveler_msgs__rosidl_generator_cppExport.cmake\n'}
[0.295620] (traveler_msgs) StdoutLine: {'line': b'-- Up-to-date: /home/qianlab/single_turtle_workspace/install/traveler_msgs/share/traveler_msgs/cmake/traveler_msgs__rosidl_typesupport_introspection_cppExport.cmake\n'}
[0.295684] (traveler_msgs) StdoutLine: {'line': b'-- Up-to-date: /home/qianlab/single_turtle_workspace/install/traveler_msgs/share/traveler_msgs/cmake/traveler_msgs__rosidl_typesupport_introspection_cppExport-noconfig.cmake\n'}
[0.295766] (traveler_msgs) StdoutLine: {'line': b'-- Up-to-date: /home/qianlab/single_turtle_workspace/install/traveler_msgs/share/traveler_msgs/cmake/traveler_msgs__rosidl_typesupport_cppExport.cmake\n'}
[0.295852] (traveler_msgs) StdoutLine: {'line': b'-- Up-to-date: /home/qianlab/single_turtle_workspace/install/traveler_msgs/share/traveler_msgs/cmake/traveler_msgs__rosidl_typesupport_cppExport-noconfig.cmake\n'}
[0.295935] (traveler_msgs) StdoutLine: {'line': b'-- Up-to-date: /home/qianlab/single_turtle_workspace/install/traveler_msgs/share/traveler_msgs/cmake/rosidl_cmake-extras.cmake\n'}
[0.296012] (traveler_msgs) StdoutLine: {'line': b'-- Up-to-date: /home/qianlab/single_turtle_workspace/install/traveler_msgs/share/traveler_msgs/cmake/ament_cmake_export_dependencies-extras.cmake\n'}
[0.296100] (traveler_msgs) StdoutLine: {'line': b'-- Up-to-date: /home/qianlab/single_turtle_workspace/install/traveler_msgs/share/traveler_msgs/cmake/ament_cmake_export_libraries-extras.cmake\n'}
[0.296178] (traveler_msgs) StdoutLine: {'line': b'-- Up-to-date: /home/qianlab/single_turtle_workspace/install/traveler_msgs/share/traveler_msgs/cmake/ament_cmake_export_targets-extras.cmake\n'}
[0.296272] (traveler_msgs) StdoutLine: {'line': b'-- Up-to-date: /home/qianlab/single_turtle_workspace/install/traveler_msgs/share/traveler_msgs/cmake/ament_cmake_export_include_directories-extras.cmake\n'}
[0.296338] (traveler_msgs) StdoutLine: {'line': b'-- Up-to-date: /home/qianlab/single_turtle_workspace/install/traveler_msgs/share/traveler_msgs/cmake/rosidl_cmake_export_typesupport_libraries-extras.cmake\n'}
[0.296402] (traveler_msgs) StdoutLine: {'line': b'-- Up-to-date: /home/qianlab/single_turtle_workspace/install/traveler_msgs/share/traveler_msgs/cmake/rosidl_cmake_export_typesupport_targets-extras.cmake\n'}
[0.296466] (traveler_msgs) StdoutLine: {'line': b'-- Up-to-date: /home/qianlab/single_turtle_workspace/install/traveler_msgs/share/traveler_msgs/cmake/traveler_msgsConfig.cmake\n'}
[0.296531] (traveler_msgs) StdoutLine: {'line': b'-- Up-to-date: /home/qianlab/single_turtle_workspace/install/traveler_msgs/share/traveler_msgs/cmake/traveler_msgsConfig-version.cmake\n'}
[0.296595] (traveler_msgs) StdoutLine: {'line': b'-- Up-to-date: /home/qianlab/single_turtle_workspace/install/traveler_msgs/share/traveler_msgs/package.xml\n'}
[0.298433] (traveler_msgs) CommandEnded: {'returncode': 0}
[0.299694] (-) TimerEvent: {}
[0.393477] (traveler_msgs) JobEnded: {'identifier': 'traveler_msgs', 'rc': 0}
[0.394618] (turtle_high_controller) JobStarted: {'identifier': 'turtle_high_controller'}
[0.399824] (-) TimerEvent: {}
[0.402792] (turtle_high_controller) JobProgress: {'identifier': 'turtle_high_controller', 'progress': 'cmake'}
[0.403711] (turtle_high_controller) JobProgress: {'identifier': 'turtle_high_controller', 'progress': 'build'}
[0.403985] (turtle_high_controller) Command: {'cmd': ['/usr/bin/cmake', '--build', '/home/qianlab/single_turtle_workspace/build/turtle_high_controller', '--', '-j12', '-l12'], 'cwd': '/home/qianlab/single_turtle_workspace/build/turtle_high_controller', 'env': OrderedDict([('GJS_DEBUG_TOPICS', 'JS ERROR;JS LOG'), ('LESSOPEN', '| /usr/bin/lesspipe %s'), ('USER', 'qianlab'), ('SSH_AGENT_PID', '2033'), ('XDG_SESSION_TYPE', 'x11'), ('GIT_ASKPASS', '/usr/share/code/resources/app/extensions/git/dist/askpass.sh'), ('SHLVL', '1'), ('LD_LIBRARY_PATH', '/home/qianlab/single_turtle_workspace/install/traveler_msgs/lib:/home/qianlab/lassie-traveler/dependencies/install/traveler_msgs/lib:/opt/ros/foxy/opt/yaml_cpp_vendor/lib:/opt/ros/foxy/opt/rviz_ogre_vendor/lib:/opt/ros/foxy/lib/x86_64-linux-gnu:/opt/ros/foxy/lib'), ('HOME', '/home/qianlab'), ('CHROME_DESKTOP', 'code.desktop'), ('CONDA_SHLVL', '0'), ('TERM_PROGRAM_VERSION', '1.100.3'), ('DESKTOP_SESSION', 'ubuntu'), ('NVM_BIN', '/home/qianlab/.nvm/versions/node/v12.18.3/bin'), ('NVM_INC', '/home/qianlab/.nvm/versions/node/v12.18.3/include/node'), ('GIO_LAUNCHED_DESKTOP_FILE', '/usr/share/applications/code.desktop'), ('ROS_PYTHON_VERSION', '3'), ('GNOME_SHELL_SESSION_MODE', 'ubuntu'), ('GTK_MODULES', 'gail:atk-bridge'), ('VSCODE_GIT_ASKPASS_MAIN', '/usr/share/code/resources/app/extensions/git/dist/askpass-main.js'), ('VSCODE_GIT_ASKPASS_NODE', '/usr/share/code/code'), ('MANAGERPID', '1924'), ('DBUS_SESSION_BUS_ADDRESS', 'unix:path=/run/user/1000/bus'), ('COLORTERM', 'truecolor'), ('_CE_M', ''), ('GIO_LAUNCHED_DESKTOP_FILE_PID', '2660'), ('NVM_DIR', '/home/qianlab/.nvm'), ('MANDATORY_PATH', '/usr/share/gconf/ubuntu.mandatory.path'), ('IM_CONFIG_PHASE', '1'), ('COLCON_PREFIX_PATH', '/home/qianlab/lassie-traveler/dependencies/install'), ('ROS_DISTRO', 'foxy'), ('LOGNAME', 'qianlab'), ('JOURNAL_STREAM', '8:56505'), ('_', '/usr/bin/colcon'), ('ROS_VERSION', '2'), ('XDG_SESSION_CLASS', 'user'), ('DEFAULTS_PATH', '/usr/share/gconf/ubuntu.default.path'), ('USERNAME', 'qianlab'), ('TERM', 'xterm-256color'), ('GNOME_DESKTOP_SESSION_ID', 'this-is-deprecated'), ('_CE_CONDA', ''), ('ROS_LOCALHOST_ONLY', '0'), ('WINDOWPATH', '2'), ('PATH', '/home/qianlab/ghost_robotics/arm_toolchain/bin:/home/qianlab/.local/bin:/home/qianlab/ghost_robotics/arm_toolchain/bin:/home/qianlab/miniconda3/condabin:/home/qianlab/.nvm/versions/node/v12.18.3/bin:/opt/ros/foxy/bin:/home/qianlab/.local/bin:/usr/local/sbin:/usr/local/bin:/usr/sbin:/usr/bin:/sbin:/bin:/usr/games:/usr/local/games:/snap/bin'), ('SESSION_MANAGER', 'local/qianlab-Yoga-7-14IAL7:@/tmp/.ICE-unix/2071,unix/qianlab-Yoga-7-14IAL7:/tmp/.ICE-unix/2071'), ('INVOCATION_ID', 'ada520d1c1f94e228d33304f77e601b8'), ('XDG_MENU_PREFIX', 'gnome-'), ('XDG_RUNTIME_DIR', '/run/user/1000'), ('GDK_BACKEND', 'x11'), ('DISPLAY', ':0'), ('LANG', 'en_US.UTF-8'), ('XDG_CURRENT_DESKTOP', 'Unity'), ('XMODIFIERS', '@im=ibus'), ('XDG_SESSION_DESKTOP', 'ubuntu'), ('XAUTHORITY', '/run/user/1000/gdm/Xauthority'), ('LS_COLORS', 'rs=0:di=01;34:ln=01;36:mh=00:pi=40;33:so=01;35:do=01;35:bd=40;33;01:cd=40;33;01:or=40;31;01:mi=00:su=37;41:sg=30;43:ca=30;41:tw=30;42:ow=34;42:st=37;44:ex=01;32:*.tar=01;31:*.tgz=01;31:*.arc=01;31:*.arj=01;31:*.taz=01;31:*.lha=01;31:*.lz4=01;31:*.lzh=01;31:*.lzma=01;31:*.tlz=01;31:*.txz=01;31:*.tzo=01;31:*.t7z=01;31:*.zip=01;31:*.z=01;31:*.dz=01;31:*.gz=01;31:*.lrz=01;31:*.lz=01;31:*.lzo=01;31:*.xz=01;31:*.zst=01;31:*.tzst=01;31:*.bz2=01;31:*.bz=01;31:*.tbz=01;31:*.tbz2=01;31:*.tz=01;31:*.deb=01;31:*.rpm=01;31:*.jar=01;31:*.war=01;31:*.ear=01;31:*.sar=01;31:*.rar=01;31:*.alz=01;31:*.ace=01;31:*.zoo=01;31:*.cpio=01;31:*.7z=01;31:*.rz=01;31:*.cab=01;31:*.wim=01;31:*.swm=01;31:*.dwm=01;31:*.esd=01;31:*.jpg=01;35:*.jpeg=01;35:*.mjpg=01;35:*.mjpeg=01;35:*.gif=01;35:*.bmp=01;35:*.pbm=01;35:*.pgm=01;35:*.ppm=01;35:*.tga=01;35:*.xbm=01;35:*.xpm=01;35:*.tif=01;35:*.tiff=01;35:*.png=01;35:*.svg=01;35:*.svgz=01;35:*.mng=01;35:*.pcx=01;35:*.mov=01;35:*.mpg=01;35:*.mpeg=01;35:*.m2v=01;35:*.mkv=01;35:*.webm=01;35:*.ogm=01;35:*.mp4=01;35:*.m4v=01;35:*.mp4v=01;35:*.vob=01;35:*.qt=01;35:*.nuv=01;35:*.wmv=01;35:*.asf=01;35:*.rm=01;35:*.rmvb=01;35:*.flc=01;35:*.avi=01;35:*.fli=01;35:*.flv=01;35:*.gl=01;35:*.dl=01;35:*.xcf=01;35:*.xwd=01;35:*.yuv=01;35:*.cgm=01;35:*.emf=01;35:*.ogv=01;35:*.ogx=01;35:*.aac=00;36:*.au=00;36:*.flac=00;36:*.m4a=00;36:*.mid=00;36:*.midi=00;36:*.mka=00;36:*.mp3=00;36:*.mpc=00;36:*.ogg=00;36:*.ra=00;36:*.wav=00;36:*.oga=00;36:*.opus=00;36:*.spx=00;36:*.xspf=00;36:'), ('VSCODE_GIT_IPC_HANDLE', '/run/user/1000/vscode-git-66f982bc43.sock'), ('TERM_PROGRAM', 'vscode'), ('SSH_AUTH_SOCK', '/run/user/1000/keyring/ssh'), ('ROS_DOMAIN_ID', '19'), ('AMENT_PREFIX_PATH', '/home/qianlab/single_turtle_workspace/install/traveler_msgs:/home/qianlab/lassie-traveler/dependencies/install/traveler_high_controller:/home/qianlab/lassie-traveler/dependencies/install/traveler_msgs:/opt/ros/foxy'), ('CONDA_PYTHON_EXE', '/home/qianlab/miniconda3/bin/python'), ('ORIGINAL_XDG_CURRENT_DESKTOP', 'ubuntu:GNOME'), ('SHELL', '/bin/bash'), ('QT_ACCESSIBILITY', '1'), ('GDMSESSION', 'ubuntu'), ('LESSCLOSE', '/usr/bin/lesspipe %s %s'), ('GPG_AGENT_INFO', '/run/user/1000/gnupg/S.gpg-agent:0:1'), ('GJS_DEBUG_OUTPUT', 'stderr'), ('VSCODE_GIT_ASKPASS_EXTRA_ARGS', ''), ('QT_IM_MODULE', 'ibus'), ('PWD', '/home/qianlab/single_turtle_workspace/build/turtle_high_controller'), ('XDG_CONFIG_DIRS', '/etc/xdg/xdg-ubuntu:/etc/xdg'), ('CONDA_EXE', '/home/qianlab/miniconda3/bin/conda'), ('NVM_CD_FLAGS', ''), ('XDG_DATA_DIRS', '/usr/share/ubuntu:/usr/local/share/:/usr/share/:/var/lib/snapd/desktop'), ('PYTHONPATH', '/home/qianlab/single_turtle_workspace/install/traveler_msgs/lib/python3.8/site-packages:/home/qianlab/lassie-traveler/dependencies/install/traveler_msgs/lib/python3.8/site-packages:/opt/ros/foxy/lib/python3.8/site-packages'), ('CUSTOM_ENV_NAME', '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'), ('COLCON', '1'), ('CMAKE_PREFIX_PATH', '/home/qianlab/single_turtle_workspace/install/traveler_msgs:/home/qianlab/lassie-traveler/dependencies/install/traveler_high_controller:/home/qianlab/lassie-traveler/dependencies/install/traveler_msgs:/opt/ros/foxy')]), 'shell': False}
[0.452148] (turtle_high_controller) StdoutLine: {'line': b'[  7%] \x1b[32mBuilding CXX object CMakeFiles/turtle_high_controller.dir/src/proxy/lowerproxy.cpp.o\x1b[0m\n'}
[0.453011] (turtle_high_controller) StdoutLine: {'line': b'[ 28%] \x1b[32mBuilding CXX object CMakeFiles/turtle_high_controller.dir/src/main.cpp.o\x1b[0m\n'}
[0.453204] (turtle_high_controller) StdoutLine: {'line': b'[ 50%] Built target odrive_can_interface\n'}
[0.453310] (turtle_high_controller) StdoutLine: {'line': b'[ 57%] \x1b[32mBuilding CXX object CMakeFiles/turtle_high_controller.dir/src/controller/trajectories_parser.cpp.o\x1b[0m\n'}
[0.453778] (turtle_high_controller) StdoutLine: {'line': b'[ 64%] \x1b[32mBuilding CXX object CMakeFiles/turtle_high_controller.dir/src/controller/Inverse_kinematics.cpp.o\x1b[0m\n'}
[0.454018] (turtle_high_controller) StdoutLine: {'line': b'[ 71%] \x1b[32mBuilding CXX object CMakeFiles/turtle_high_controller.dir/src/proxy/upperproxy.cpp.o\x1b[0m\n'}
[0.499924] (-) TimerEvent: {}
[0.600275] (-) TimerEvent: {}
[0.700683] (-) TimerEvent: {}
[0.714011] (turtle_high_controller) StderrLine: {'line': b'In file included from \x1b[01m\x1b[K/home/qianlab/single_turtle_workspace/dependencies/traveler_controller/include/controller/trajectories_parser.h:10\x1b[m\x1b[K,\n'}
[0.714259] (turtle_high_controller) StderrLine: {'line': b'                 from \x1b[01m\x1b[K/home/qianlab/single_turtle_workspace/dependencies/traveler_controller/src/controller/trajectories_parser.cpp:3\x1b[m\x1b[K:\n'}
[0.714347] (turtle_high_controller) StderrLine: {'line': b'\x1b[01m\x1b[K/home/qianlab/single_turtle_workspace/dependencies/traveler_controller/include/controller/inverse_kinematics.h:12:8:\x1b[m\x1b[K \x1b[01;31m\x1b[Kerror: \x1b[m\x1b[Kredefinition of \xe2\x80\x98\x1b[01m\x1b[Kstruct XY_pair\x1b[m\x1b[K\xe2\x80\x99\n'}
[0.714409] (turtle_high_controller) StderrLine: {'line': b'   12 | struct \x1b[01;31m\x1b[KXY_pair\x1b[m\x1b[K {\n'}
[0.714465] (turtle_high_controller) StderrLine: {'line': b'      |        \x1b[01;31m\x1b[K^~~~~~~\x1b[m\x1b[K\n'}
[0.714523] (turtle_high_controller) StderrLine: {'line': b'In file included from \x1b[01m\x1b[K/home/qianlab/single_turtle_workspace/dependencies/traveler_controller/include/controller/trajectories_parser.h:9\x1b[m\x1b[K,\n'}
[0.714583] (turtle_high_controller) StderrLine: {'line': b'                 from \x1b[01m\x1b[K/home/qianlab/single_turtle_workspace/dependencies/traveler_controller/src/controller/trajectories_parser.cpp:3\x1b[m\x1b[K:\n'}
[0.714814] (turtle_high_controller) StderrLine: {'line': b'\x1b[01m\x1b[K/home/qianlab/single_turtle_workspace/dependencies/traveler_controller/include/proxy/control_data.h:17:8:\x1b[m\x1b[K \x1b[01;36m\x1b[Knote: \x1b[m\x1b[Kprevious definition of \xe2\x80\x98\x1b[01m\x1b[Kstruct XY_pair\x1b[m\x1b[K\xe2\x80\x99\n'}
[0.714917] (turtle_high_controller) StderrLine: {'line': b'   17 | struct \x1b[01;36m\x1b[KXY_pair\x1b[m\x1b[K {\n'}
[0.715011] (turtle_high_controller) StderrLine: {'line': b'      |        \x1b[01;36m\x1b[K^~~~~~~\x1b[m\x1b[K\n'}
[0.715722] (turtle_high_controller) StderrLine: {'line': b'In file included from \x1b[01m\x1b[K/home/qianlab/single_turtle_workspace/dependencies/traveler_controller/src/controller/trajectories_parser.cpp:3\x1b[m\x1b[K:\n'}
[0.715981] (turtle_high_controller) StderrLine: {'line': b'\x1b[01m\x1b[K/home/qianlab/single_turtle_workspace/dependencies/traveler_controller/include/controller/trajectories_parser.h:86:17:\x1b[m\x1b[K \x1b[01;31m\x1b[Kerror: \x1b[m\x1b[K\xe2\x80\x98\x1b[01m\x1b[KWaypoint\x1b[m\x1b[K\xe2\x80\x99 was not declared in this scope\n'}
[0.716096] (turtle_high_controller) StderrLine: {'line': b'   86 |     std::vector<\x1b[01;31m\x1b[KWaypoint\x1b[m\x1b[K> waypoints_;\n'}
[0.716187] (turtle_high_controller) StderrLine: {'line': b'      |                 \x1b[01;31m\x1b[K^~~~~~~~\x1b[m\x1b[K\n'}
[0.716271] (turtle_high_controller) StderrLine: {'line': b'\x1b[01m\x1b[K/home/qianlab/single_turtle_workspace/dependencies/traveler_controller/include/controller/trajectories_parser.h:86:25:\x1b[m\x1b[K \x1b[01;31m\x1b[Kerror: \x1b[m\x1b[Ktemplate argument 1 is invalid\n'}
[0.716348] (turtle_high_controller) StderrLine: {'line': b'   86 |     std::vector<Waypoint\x1b[01;31m\x1b[K>\x1b[m\x1b[K waypoints_;\n'}
[0.716424] (turtle_high_controller) StderrLine: {'line': b'      |                         \x1b[01;31m\x1b[K^\x1b[m\x1b[K\n'}
[0.716505] (turtle_high_controller) StderrLine: {'line': b'\x1b[01m\x1b[K/home/qianlab/single_turtle_workspace/dependencies/traveler_controller/include/controller/trajectories_parser.h:86:25:\x1b[m\x1b[K \x1b[01;31m\x1b[Kerror: \x1b[m\x1b[Ktemplate argument 2 is invalid\n'}
[0.717062] (turtle_high_controller) StderrLine: {'line': b'\x1b[01m\x1b[K/home/qianlab/single_turtle_workspace/dependencies/traveler_controller/include/controller/trajectories_parser.h:87:5:\x1b[m\x1b[K \x1b[01;31m\x1b[Kerror: \x1b[m\x1b[K\xe2\x80\x98\x1b[01m\x1b[KWaypoint\x1b[m\x1b[K\xe2\x80\x99 does not name a type\n'}
[0.717233] (turtle_high_controller) StderrLine: {'line': b'   87 |     \x1b[01;31m\x1b[KWaypoint\x1b[m\x1b[K curr_waypoint_{};\n'}
[0.717314] (turtle_high_controller) StderrLine: {'line': b'      |     \x1b[01;31m\x1b[K^~~~~~~~\x1b[m\x1b[K\n'}
[0.717390] (turtle_high_controller) StderrLine: {'line': b'\x1b[01m\x1b[K/home/qianlab/single_turtle_workspace/dependencies/traveler_controller/include/controller/trajectories_parser.h:87:30:\x1b[m\x1b[K \x1b[01;35m\x1b[Kwarning: \x1b[m\x1b[Kextra \xe2\x80\x98\x1b[01m\x1b[K;\x1b[m\x1b[K\xe2\x80\x99 [\x1b[01;35m\x1b[K-Wpedantic\x1b[m\x1b[K]\n'}
[0.717487] (turtle_high_controller) StderrLine: {'line': b'   87 |     Waypoint curr_waypoint_{}\x1b[01;35m\x1b[K;\x1b[m\x1b[K\n'}
[0.717562] (turtle_high_controller) StderrLine: {'line': b'      |                              \x1b[01;35m\x1b[K^\x1b[m\x1b[K\n'}
[0.717638] (turtle_high_controller) StderrLine: {'line': b'      |                              \x1b[31m\x1b[K-\x1b[m\x1b[K\n'}
[0.718396] (turtle_high_controller) StderrLine: {'line': b'\x1b[01m\x1b[K/home/qianlab/single_turtle_workspace/dependencies/traveler_controller/include/controller/trajectories_parser.h:88:5:\x1b[m\x1b[K \x1b[01;31m\x1b[Kerror: \x1b[m\x1b[K\xe2\x80\x98\x1b[01m\x1b[KWaypoint\x1b[m\x1b[K\xe2\x80\x99 does not name a type\n'}
[0.718557] (turtle_high_controller) StderrLine: {'line': b'   88 |     \x1b[01;31m\x1b[KWaypoint\x1b[m\x1b[K prev_waypoint_{};\n'}
[0.718646] (turtle_high_controller) StderrLine: {'line': b'      |     \x1b[01;31m\x1b[K^~~~~~~~\x1b[m\x1b[K\n'}
[0.718732] (turtle_high_controller) StderrLine: {'line': b'\x1b[01m\x1b[K/home/qianlab/single_turtle_workspace/dependencies/traveler_controller/include/controller/trajectories_parser.h:88:30:\x1b[m\x1b[K \x1b[01;35m\x1b[Kwarning: \x1b[m\x1b[Kextra \xe2\x80\x98\x1b[01m\x1b[K;\x1b[m\x1b[K\xe2\x80\x99 [\x1b[01;35m\x1b[K-Wpedantic\x1b[m\x1b[K]\n'}
[0.718811] (turtle_high_controller) StderrLine: {'line': b'   88 |     Waypoint prev_waypoint_{}\x1b[01;35m\x1b[K;\x1b[m\x1b[K\n'}
[0.718888] (turtle_high_controller) StderrLine: {'line': b'      |                              \x1b[01;35m\x1b[K^\x1b[m\x1b[K\n'}
[0.718963] (turtle_high_controller) StderrLine: {'line': b'      |                              \x1b[31m\x1b[K-\x1b[m\x1b[K\n'}
[0.721629] (turtle_high_controller) StderrLine: {'line': b'\x1b[01m\x1b[K/home/qianlab/single_turtle_workspace/dependencies/traveler_controller/src/controller/trajectories_parser.cpp:\x1b[m\x1b[K In member function \xe2\x80\x98\x1b[01m\x1b[Kbool turtle_namespace::control::TrajectoriesParser::waypointTrajectory(turtle&)\x1b[m\x1b[K\xe2\x80\x99:\n'}
[0.721900] (turtle_high_controller) StderrLine: {'line': b'\x1b[01m\x1b[K/home/qianlab/single_turtle_workspace/dependencies/traveler_controller/src/controller/trajectories_parser.cpp:47:9:\x1b[m\x1b[K \x1b[01;31m\x1b[Kerror: \x1b[m\x1b[K\xe2\x80\x98\x1b[01m\x1b[Kprev_waypoint_\x1b[m\x1b[K\xe2\x80\x99 was not declared in this scope\n'}
[0.722006] (turtle_high_controller) StderrLine: {'line': b'   47 |         \x1b[01;31m\x1b[Kprev_waypoint_\x1b[m\x1b[K = Waypoint(turtle.turtle_chassis.Leg_lf.toe_position, 0.0f, 0.0f);\n'}
[0.722113] (turtle_high_controller) StderrLine: {'line': b'      |         \x1b[01;31m\x1b[K^~~~~~~~~~~~~~\x1b[m\x1b[K\n'}
[0.722211] (turtle_high_controller) StderrLine: {'line': b'\x1b[01m\x1b[K/home/qianlab/single_turtle_workspace/dependencies/traveler_controller/src/controller/trajectories_parser.cpp:47:57:\x1b[m\x1b[K \x1b[01;31m\x1b[Kerror: \x1b[m\x1b[K\xe2\x80\x98\x1b[01m\x1b[Kstruct turtle_status\x1b[m\x1b[K\xe2\x80\x99 has no member named \xe2\x80\x98\x1b[01m\x1b[KLeg_lf\x1b[m\x1b[K\xe2\x80\x99\n'}
[0.722293] (turtle_high_controller) StderrLine: {'line': b'   47 |         prev_waypoint_ = Waypoint(turtle.turtle_chassis.\x1b[01;31m\x1b[KLeg_lf\x1b[m\x1b[K.toe_position, 0.0f, 0.0f);\n'}
[0.722369] (turtle_high_controller) StderrLine: {'line': b'      |                                                         \x1b[01;31m\x1b[K^~~~~~\x1b[m\x1b[K\n'}
[0.722918] (turtle_high_controller) StderrLine: {'line': b'\x1b[01m\x1b[K/home/qianlab/single_turtle_workspace/dependencies/traveler_controller/src/controller/trajectories_parser.cpp:47:26:\x1b[m\x1b[K \x1b[01;31m\x1b[Kerror: \x1b[m\x1b[K\xe2\x80\x98\x1b[01m\x1b[KWaypoint\x1b[m\x1b[K\xe2\x80\x99 was not declared in this scope; did you mean \xe2\x80\x98\x1b[01m\x1b[Kwaypoints_\x1b[m\x1b[K\xe2\x80\x99?\n'}
[0.723062] (turtle_high_controller) StderrLine: {'line': b'   47 |         prev_waypoint_ = \x1b[01;31m\x1b[KWaypoint\x1b[m\x1b[K(turtle.turtle_chassis.Leg_lf.toe_position, 0.0f, 0.0f);\n'}
[0.723138] (turtle_high_controller) StderrLine: {'line': b'      |                          \x1b[01;31m\x1b[K^~~~~~~~\x1b[m\x1b[K\n'}
[0.723209] (turtle_high_controller) StderrLine: {'line': b'      |                          \x1b[32m\x1b[Kwaypoints_\x1b[m\x1b[K\n'}
[0.723280] (turtle_high_controller) StderrLine: {'line': b'\x1b[01m\x1b[K/home/qianlab/single_turtle_workspace/dependencies/traveler_controller/src/controller/trajectories_parser.cpp:48:25:\x1b[m\x1b[K \x1b[01;31m\x1b[Kerror: \x1b[m\x1b[Krequest for member \xe2\x80\x98\x1b[01m\x1b[Kempty\x1b[m\x1b[K\xe2\x80\x99 in \xe2\x80\x98\x1b[01m\x1b[K((turtle_namespace::control::TrajectoriesParser*)this)->turtle_namespace::control::TrajectoriesParser::waypoints_\x1b[m\x1b[K\xe2\x80\x99, which is of non-class type \xe2\x80\x98\x1b[01m\x1b[Kint\x1b[m\x1b[K\xe2\x80\x99\n'}
[0.723356] (turtle_high_controller) StderrLine: {'line': b'   48 |         if (!waypoints_.\x1b[01;31m\x1b[Kempty\x1b[m\x1b[K()) {\n'}
[0.723431] (turtle_high_controller) StderrLine: {'line': b'      |                         \x1b[01;31m\x1b[K^~~~~\x1b[m\x1b[K\n'}
[0.724418] (turtle_high_controller) StderrLine: {'line': b'\x1b[01m\x1b[K/home/qianlab/single_turtle_workspace/dependencies/traveler_controller/src/controller/trajectories_parser.cpp:49:13:\x1b[m\x1b[K \x1b[01;31m\x1b[Kerror: \x1b[m\x1b[K\xe2\x80\x98\x1b[01m\x1b[Kcurr_waypoint_\x1b[m\x1b[K\xe2\x80\x99 was not declared in this scope\n'}
[0.724626] (turtle_high_controller) StderrLine: {'line': b'   49 |             \x1b[01;31m\x1b[Kcurr_waypoint_\x1b[m\x1b[K = waypoints_[waypoint_index_];\n'}
[0.724715] (turtle_high_controller) StderrLine: {'line': b'      |             \x1b[01;31m\x1b[K^~~~~~~~~~~~~~\x1b[m\x1b[K\n'}
[0.724798] (turtle_high_controller) StderrLine: {'line': b'\x1b[01m\x1b[K/home/qianlab/single_turtle_workspace/dependencies/traveler_controller/src/controller/trajectories_parser.cpp:49:56:\x1b[m\x1b[K \x1b[01;31m\x1b[Kerror: \x1b[m\x1b[Kinvalid types \xe2\x80\x98\x1b[01m\x1b[Kint[int]\x1b[m\x1b[K\xe2\x80\x99 for array subscript\n'}
[0.724905] (turtle_high_controller) StderrLine: {'line': b'   49 |             curr_waypoint_ = waypoints_[waypoint_index_\x1b[01;31m\x1b[K]\x1b[m\x1b[K;\n'}
[0.724987] (turtle_high_controller) StderrLine: {'line': b'      |                                                        \x1b[01;31m\x1b[K^\x1b[m\x1b[K\n'}
[0.725065] (turtle_high_controller) StderrLine: {'line': b'\x1b[01m\x1b[K/home/qianlab/single_turtle_workspace/dependencies/traveler_controller/src/controller/trajectories_parser.cpp:55:25:\x1b[m\x1b[K \x1b[01;31m\x1b[Kerror: \x1b[m\x1b[Krequest for member \xe2\x80\x98\x1b[01m\x1b[Kempty\x1b[m\x1b[K\xe2\x80\x99 in \xe2\x80\x98\x1b[01m\x1b[K((turtle_namespace::control::TrajectoriesParser*)this)->turtle_namespace::control::TrajectoriesParser::waypoints_\x1b[m\x1b[K\xe2\x80\x99, which is of non-class type \xe2\x80\x98\x1b[01m\x1b[Kint\x1b[m\x1b[K\xe2\x80\x99\n'}
[0.725157] (turtle_high_controller) StderrLine: {'line': b'   55 |         if (!waypoints_.\x1b[01;31m\x1b[Kempty\x1b[m\x1b[K()) {\n'}
[0.725246] (turtle_high_controller) StderrLine: {'line': b'      |                         \x1b[01;31m\x1b[K^~~~~\x1b[m\x1b[K\n'}
[0.726074] (turtle_high_controller) StderrLine: {'line': b'\x1b[01m\x1b[K/home/qianlab/single_turtle_workspace/dependencies/traveler_controller/src/controller/trajectories_parser.cpp:57:20:\x1b[m\x1b[K \x1b[01;31m\x1b[Kerror: \x1b[m\x1b[K\xe2\x80\x98\x1b[01m\x1b[Kcurr_waypoint_\x1b[m\x1b[K\xe2\x80\x99 was not declared in this scope\n'}
[0.726353] (turtle_high_controller) StderrLine: {'line': b'   57 |                    \x1b[01;31m\x1b[Kcurr_waypoint_\x1b[m\x1b[K.point.x, curr_waypoint_.point.y);\n'}
[0.726458] (turtle_high_controller) StderrLine: {'line': b'      |                    \x1b[01;31m\x1b[K^~~~~~~~~~~~~~\x1b[m\x1b[K\n'}
[0.726548] (turtle_high_controller) StderrLine: {'line': b'\x1b[01m\x1b[K/home/qianlab/single_turtle_workspace/dependencies/traveler_controller/src/controller/trajectories_parser.cpp:69:31:\x1b[m\x1b[K \x1b[01;31m\x1b[Kerror: \x1b[m\x1b[K\xe2\x80\x98\x1b[01m\x1b[Kstruct turtle_status\x1b[m\x1b[K\xe2\x80\x99 has no member named \xe2\x80\x98\x1b[01m\x1b[KLeg_lf\x1b[m\x1b[K\xe2\x80\x99\n'}
[0.726641] (turtle_high_controller) StderrLine: {'line': b'   69 |         turtle.turtle_chassis.\x1b[01;31m\x1b[KLeg_lf\x1b[m\x1b[K.state_flag = state_flag_;\n'}
[0.726730] (turtle_high_controller) StderrLine: {'line': b'      |                               \x1b[01;31m\x1b[K^~~~~~\x1b[m\x1b[K\n'}
[0.726819] (turtle_high_controller) StderrLine: {'line': b'\x1b[01m\x1b[K/home/qianlab/single_turtle_workspace/dependencies/traveler_controller/src/controller/trajectories_parser.cpp:71:42:\x1b[m\x1b[K \x1b[01;31m\x1b[Kerror: \x1b[m\x1b[Krequest for member \xe2\x80\x98\x1b[01m\x1b[Ksize\x1b[m\x1b[K\xe2\x80\x99 in \xe2\x80\x98\x1b[01m\x1b[K((turtle_namespace::control::TrajectoriesParser*)this)->turtle_namespace::control::TrajectoriesParser::waypoints_\x1b[m\x1b[K\xe2\x80\x99, which is of non-class type \xe2\x80\x98\x1b[01m\x1b[Kint\x1b[m\x1b[K\xe2\x80\x99\n'}
[0.726934] (turtle_high_controller) StderrLine: {'line': b'   71 |         if (waypoint_index_ < waypoints_.\x1b[01;31m\x1b[Ksize\x1b[m\x1b[K()) {\n'}
[0.727014] (turtle_high_controller) StderrLine: {'line': b'      |                                          \x1b[01;31m\x1b[K^~~~\x1b[m\x1b[K\n'}
[0.727974] (turtle_high_controller) StderrLine: {'line': b'\x1b[01m\x1b[K/home/qianlab/single_turtle_workspace/dependencies/traveler_controller/src/controller/trajectories_parser.cpp:72:13:\x1b[m\x1b[K \x1b[01;31m\x1b[Kerror: \x1b[m\x1b[K\xe2\x80\x98\x1b[01m\x1b[Kprev_waypoint_\x1b[m\x1b[K\xe2\x80\x99 was not declared in this scope\n'}
[0.728178] (turtle_high_controller) StderrLine: {'line': b'   72 |             \x1b[01;31m\x1b[Kprev_waypoint_\x1b[m\x1b[K = curr_waypoint_;\n'}
[0.728275] (turtle_high_controller) StderrLine: {'line': b'      |             \x1b[01;31m\x1b[K^~~~~~~~~~~~~~\x1b[m\x1b[K\n'}
[0.729482] (turtle_high_controller) StderrLine: {'line': b'\x1b[01m\x1b[K/home/qianlab/single_turtle_workspace/dependencies/traveler_controller/src/controller/trajectories_parser.cpp:72:30:\x1b[m\x1b[K \x1b[01;31m\x1b[Kerror: \x1b[m\x1b[K\xe2\x80\x98\x1b[01m\x1b[Kcurr_waypoint_\x1b[m\x1b[K\xe2\x80\x99 was not declared in this scope\n'}
[0.729674] (turtle_high_controller) StderrLine: {'line': b'   72 |             prev_waypoint_ = \x1b[01;31m\x1b[Kcurr_waypoint_\x1b[m\x1b[K;\n'}
[0.729761] (turtle_high_controller) StderrLine: {'line': b'      |                              \x1b[01;31m\x1b[K^~~~~~~~~~~~~~\x1b[m\x1b[K\n'}
[0.729835] (turtle_high_controller) StderrLine: {'line': b'\x1b[01m\x1b[K/home/qianlab/single_turtle_workspace/dependencies/traveler_controller/src/controller/trajectories_parser.cpp:73:56:\x1b[m\x1b[K \x1b[01;31m\x1b[Kerror: \x1b[m\x1b[Kinvalid types \xe2\x80\x98\x1b[01m\x1b[Kint[int]\x1b[m\x1b[K\xe2\x80\x99 for array subscript\n'}
[0.729906] (turtle_high_controller) StderrLine: {'line': b'   73 |             curr_waypoint_ = waypoints_[waypoint_index_\x1b[01;31m\x1b[K]\x1b[m\x1b[K;\n'}
[0.729976] (turtle_high_controller) StderrLine: {'line': b'      |                                                        \x1b[01;31m\x1b[K^\x1b[m\x1b[K\n'}
[0.734570] (turtle_high_controller) StderrLine: {'line': b'\x1b[01m\x1b[K/home/qianlab/single_turtle_workspace/dependencies/traveler_controller/src/controller/trajectories_parser.cpp:\x1b[m\x1b[K In member function \xe2\x80\x98\x1b[01m\x1b[Kbool turtle_namespace::control::TrajectoriesParser::processWaypoint(turtle&)\x1b[m\x1b[K\xe2\x80\x99:\n'}
[0.734800] (turtle_high_controller) StderrLine: {'line': b'\x1b[01m\x1b[K/home/qianlab/single_turtle_workspace/dependencies/traveler_controller/src/controller/trajectories_parser.cpp:93:22:\x1b[m\x1b[K \x1b[01;31m\x1b[Kerror: \x1b[m\x1b[K\xe2\x80\x98\x1b[01m\x1b[Kcurr_waypoint_\x1b[m\x1b[K\xe2\x80\x99 was not declared in this scope\n'}
[0.734907] (turtle_high_controller) StderrLine: {'line': b'   93 |             clamp_XY(\x1b[01;31m\x1b[Kcurr_waypoint_\x1b[m\x1b[K.point);\n'}
[0.734999] (turtle_high_controller) StderrLine: {'line': b'      |                      \x1b[01;31m\x1b[K^~~~~~~~~~~~~~\x1b[m\x1b[K\n'}
[0.736914] (turtle_high_controller) StderrLine: {'line': b'\x1b[01m\x1b[K/home/qianlab/single_turtle_workspace/dependencies/traveler_controller/src/controller/trajectories_parser.cpp:100:32:\x1b[m\x1b[K \x1b[01;31m\x1b[Kerror: \x1b[m\x1b[K\xe2\x80\x98\x1b[01m\x1b[Kcurr_waypoint_\x1b[m\x1b[K\xe2\x80\x99 was not declared in this scope\n'}
[0.737129] (turtle_high_controller) StderrLine: {'line': b'  100 |             if (linearTraj(t_, \x1b[01;31m\x1b[Kcurr_waypoint_\x1b[m\x1b[K.vel,\n'}
[0.737217] (turtle_high_controller) StderrLine: {'line': b'      |                                \x1b[01;31m\x1b[K^~~~~~~~~~~~~~\x1b[m\x1b[K\n'}
[0.738532] (turtle_high_controller) StderrLine: {'line': b'\x1b[01m\x1b[K/home/qianlab/single_turtle_workspace/dependencies/traveler_controller/src/controller/trajectories_parser.cpp:101:28:\x1b[m\x1b[K \x1b[01;31m\x1b[Kerror: \x1b[m\x1b[K\xe2\x80\x98\x1b[01m\x1b[Kprev_waypoint_\x1b[m\x1b[K\xe2\x80\x99 was not declared in this scope\n'}
[0.738737] (turtle_high_controller) StderrLine: {'line': b'  101 |                            \x1b[01;31m\x1b[Kprev_waypoint_\x1b[m\x1b[K.point, curr_waypoint_.point,\n'}
[0.738819] (turtle_high_controller) StderrLine: {'line': b'      |                            \x1b[01;31m\x1b[K^~~~~~~~~~~~~~\x1b[m\x1b[K\n'}
[0.740081] (turtle_high_controller) StderrLine: {'line': b'\x1b[01m\x1b[K/home/qianlab/single_turtle_workspace/dependencies/traveler_controller/src/controller/trajectories_parser.cpp:120:22:\x1b[m\x1b[K \x1b[01;31m\x1b[Kerror: \x1b[m\x1b[K\xe2\x80\x98\x1b[01m\x1b[Kcurr_waypoint_\x1b[m\x1b[K\xe2\x80\x99 was not declared in this scope\n'}
[0.740325] (turtle_high_controller) StderrLine: {'line': b'  120 |             if (t_ > \x1b[01;31m\x1b[Kcurr_waypoint_\x1b[m\x1b[K.delay) {\n'}
[0.740435] (turtle_high_controller) StderrLine: {'line': b'      |                      \x1b[01;31m\x1b[K^~~~~~~~~~~~~~\x1b[m\x1b[K\n'}
[0.740517] (turtle_high_controller) StderrLine: {'line': b'\x1b[01m\x1b[K/home/qianlab/single_turtle_workspace/dependencies/traveler_controller/src/controller/trajectories_parser.cpp:\x1b[m\x1b[K In member function \xe2\x80\x98\x1b[01m\x1b[Kvoid turtle_namespace::control::TrajectoriesParser::generateWaypoints(turtle&)\x1b[m\x1b[K\xe2\x80\x99:\n'}
[0.740603] (turtle_high_controller) StderrLine: {'line': b'\x1b[01m\x1b[K/home/qianlab/single_turtle_workspace/dependencies/traveler_controller/src/controller/trajectories_parser.cpp:136:16:\x1b[m\x1b[K \x1b[01;31m\x1b[Kerror: \x1b[m\x1b[Krequest for member \xe2\x80\x98\x1b[01m\x1b[Kclear\x1b[m\x1b[K\xe2\x80\x99 in \xe2\x80\x98\x1b[01m\x1b[K((turtle_namespace::control::TrajectoriesParser*)this)->turtle_namespace::control::TrajectoriesParser::waypoints_\x1b[m\x1b[K\xe2\x80\x99, which is of non-class type \xe2\x80\x98\x1b[01m\x1b[Kint\x1b[m\x1b[K\xe2\x80\x99\n'}
[0.740696] (turtle_high_controller) StderrLine: {'line': b'  136 |     waypoints_.\x1b[01;31m\x1b[Kclear\x1b[m\x1b[K();\n'}
[0.740777] (turtle_high_controller) StderrLine: {'line': b'      |                \x1b[01;31m\x1b[K^~~~~\x1b[m\x1b[K\n'}
[0.740860] (turtle_high_controller) StderrLine: {'line': b'\x1b[01m\x1b[K/home/qianlab/single_turtle_workspace/dependencies/traveler_controller/src/controller/trajectories_parser.cpp:142:20:\x1b[m\x1b[K \x1b[01;31m\x1b[Kerror: \x1b[m\x1b[Krequest for member \xe2\x80\x98\x1b[01m\x1b[Kpush_back\x1b[m\x1b[K\xe2\x80\x99 in \xe2\x80\x98\x1b[01m\x1b[K((turtle_namespace::control::TrajectoriesParser*)this)->turtle_namespace::control::TrajectoriesParser::waypoints_\x1b[m\x1b[K\xe2\x80\x99, which is of non-class type \xe2\x80\x98\x1b[01m\x1b[Kint\x1b[m\x1b[K\xe2\x80\x99\n'}
[0.740953] (turtle_high_controller) StderrLine: {'line': b'  142 |         waypoints_.\x1b[01;31m\x1b[Kpush_back\x1b[m\x1b[K(Waypoint(x, y, v, 0.0f)); // zero delay between points\n'}
[0.741032] (turtle_high_controller) StderrLine: {'line': b'      |                    \x1b[01;31m\x1b[K^~~~~~~~~\x1b[m\x1b[K\n'}
[0.741442] (turtle_high_controller) StderrLine: {'line': b'\x1b[01m\x1b[K/home/qianlab/single_turtle_workspace/dependencies/traveler_controller/src/controller/trajectories_parser.cpp:142:30:\x1b[m\x1b[K \x1b[01;31m\x1b[Kerror: \x1b[m\x1b[K\xe2\x80\x98\x1b[01m\x1b[KWaypoint\x1b[m\x1b[K\xe2\x80\x99 was not declared in this scope; did you mean \xe2\x80\x98\x1b[01m\x1b[Kwaypoints_\x1b[m\x1b[K\xe2\x80\x99?\n'}
[0.741590] (turtle_high_controller) StderrLine: {'line': b'  142 |         waypoints_.push_back(\x1b[01;31m\x1b[KWaypoint\x1b[m\x1b[K(x, y, v, 0.0f)); // zero delay between points\n'}
[0.741678] (turtle_high_controller) StderrLine: {'line': b'      |                              \x1b[01;31m\x1b[K^~~~~~~~\x1b[m\x1b[K\n'}
[0.741763] (turtle_high_controller) StderrLine: {'line': b'      |                              \x1b[32m\x1b[Kwaypoints_\x1b[m\x1b[K\n'}
[0.741850] (turtle_high_controller) StderrLine: {'line': b'\x1b[01m\x1b[K/home/qianlab/single_turtle_workspace/dependencies/traveler_controller/src/controller/trajectories_parser.cpp:146:53:\x1b[m\x1b[K \x1b[01;31m\x1b[Kerror: \x1b[m\x1b[Krequest for member \xe2\x80\x98\x1b[01m\x1b[Ksize\x1b[m\x1b[K\xe2\x80\x99 in \xe2\x80\x98\x1b[01m\x1b[K((turtle_namespace::control::TrajectoriesParser*)this)->turtle_namespace::control::TrajectoriesParser::waypoints_\x1b[m\x1b[K\xe2\x80\x99, which is of non-class type \xe2\x80\x98\x1b[01m\x1b[Kint\x1b[m\x1b[K\xe2\x80\x99\n'}
[0.741948] (turtle_high_controller) StderrLine: {'line': b'  146 |     for (int i = 0; i < static_cast<int>(waypoints_.\x1b[01;31m\x1b[Ksize\x1b[m\x1b[K()); ++i) {\n'}
[0.742033] (turtle_high_controller) StderrLine: {'line': b'      |                                                     \x1b[01;31m\x1b[K^~~~\x1b[m\x1b[K\n'}
[0.742127] (turtle_high_controller) StderrLine: {'line': b'\x1b[01m\x1b[K/home/qianlab/single_turtle_workspace/dependencies/traveler_controller/src/controller/trajectories_parser.cpp:148:31:\x1b[m\x1b[K \x1b[01;31m\x1b[Kerror: \x1b[m\x1b[Kinvalid types \xe2\x80\x98\x1b[01m\x1b[Kint[int]\x1b[m\x1b[K\xe2\x80\x99 for array subscript\n'}
[0.742227] (turtle_high_controller) StderrLine: {'line': b'  148 |                i, waypoints_[i\x1b[01;31m\x1b[K]\x1b[m\x1b[K.point.x, waypoints_[i].point.y,\n'}
[0.742312] (turtle_high_controller) StderrLine: {'line': b'      |                               \x1b[01;31m\x1b[K^\x1b[m\x1b[K\n'}
[0.742393] (turtle_high_controller) StderrLine: {'line': b'\x1b[01m\x1b[K/home/qianlab/single_turtle_workspace/dependencies/traveler_controller/src/controller/trajectories_parser.cpp:148:54:\x1b[m\x1b[K \x1b[01;31m\x1b[Kerror: \x1b[m\x1b[Kinvalid types \xe2\x80\x98\x1b[01m\x1b[Kint[int]\x1b[m\x1b[K\xe2\x80\x99 for array subscript\n'}
[0.742473] (turtle_high_controller) StderrLine: {'line': b'  148 |                i, waypoints_[i].point.x, waypoints_[i\x1b[01;31m\x1b[K]\x1b[m\x1b[K.point.y,\n'}
[0.742551] (turtle_high_controller) StderrLine: {'line': b'      |                                                      \x1b[01;31m\x1b[K^\x1b[m\x1b[K\n'}
[0.742628] (turtle_high_controller) StderrLine: {'line': b'\x1b[01m\x1b[K/home/qianlab/single_turtle_workspace/dependencies/traveler_controller/src/controller/trajectories_parser.cpp:149:28:\x1b[m\x1b[K \x1b[01;31m\x1b[Kerror: \x1b[m\x1b[Kinvalid types \xe2\x80\x98\x1b[01m\x1b[Kint[int]\x1b[m\x1b[K\xe2\x80\x99 for array subscript\n'}
[0.742713] (turtle_high_controller) StderrLine: {'line': b'  149 |                waypoints_[i\x1b[01;31m\x1b[K]\x1b[m\x1b[K.vel, waypoints_[i].delay);\n'}
[0.742789] (turtle_high_controller) StderrLine: {'line': b'      |                            \x1b[01;31m\x1b[K^\x1b[m\x1b[K\n'}
[0.742859] (turtle_high_controller) StderrLine: {'line': b'\x1b[01m\x1b[K/home/qianlab/single_turtle_workspace/dependencies/traveler_controller/src/controller/trajectories_parser.cpp:149:47:\x1b[m\x1b[K \x1b[01;31m\x1b[Kerror: \x1b[m\x1b[Kinvalid types \xe2\x80\x98\x1b[01m\x1b[Kint[int]\x1b[m\x1b[K\xe2\x80\x99 for array subscript\n'}
[0.742931] (turtle_high_controller) StderrLine: {'line': b'  149 |                waypoints_[i].vel, waypoints_[i\x1b[01;31m\x1b[K]\x1b[m\x1b[K.delay);\n'}
[0.743134] (turtle_high_controller) StderrLine: {'line': b'      |                                               \x1b[01;31m\x1b[K^\x1b[m\x1b[K\n'}
[0.743221] (turtle_high_controller) StderrLine: {'line': b'\x1b[01m\x1b[K/home/qianlab/single_turtle_workspace/dependencies/traveler_controller/src/controller/trajectories_parser.cpp:\x1b[m\x1b[K In member function \xe2\x80\x98\x1b[01m\x1b[Kvoid turtle_namespace::control::TrajectoriesParser::generateTempTraj(turtle&)\x1b[m\x1b[K\xe2\x80\x99:\n'}
[0.743295] (turtle_high_controller) StderrLine: {'line': b'\x1b[01m\x1b[K/home/qianlab/single_turtle_workspace/dependencies/traveler_controller/src/controller/trajectories_parser.cpp:161:5:\x1b[m\x1b[K \x1b[01;31m\x1b[Kerror: \x1b[m\x1b[K\xe2\x80\x98\x1b[01m\x1b[Kprev_toe_pos\x1b[m\x1b[K\xe2\x80\x99 was not declared in this scope\n'}
[0.743363] (turtle_high_controller) StderrLine: {'line': b'  161 |     \x1b[01;31m\x1b[Kprev_toe_pos\x1b[m\x1b[K = curr_toe_pos;\n'}
[0.743428] (turtle_high_controller) StderrLine: {'line': b'      |     \x1b[01;31m\x1b[K^~~~~~~~~~~~\x1b[m\x1b[K\n'}
[0.744357] (turtle_high_controller) StderrLine: {'line': b'\x1b[01m\x1b[K/home/qianlab/single_turtle_workspace/dependencies/traveler_controller/src/controller/trajectories_parser.cpp:161:20:\x1b[m\x1b[K \x1b[01;31m\x1b[Kerror: \x1b[m\x1b[K\xe2\x80\x98\x1b[01m\x1b[Kcurr_toe_pos\x1b[m\x1b[K\xe2\x80\x99 was not declared in this scope\n'}
[0.744558] (turtle_high_controller) StderrLine: {'line': b'  161 |     prev_toe_pos = \x1b[01;31m\x1b[Kcurr_toe_pos\x1b[m\x1b[K;\n'}
[0.744710] (turtle_high_controller) StderrLine: {'line': b'      |                    \x1b[01;31m\x1b[K^~~~~~~~~~~~\x1b[m\x1b[K\n'}
[0.744788] (turtle_high_controller) StderrLine: {'line': b'\x1b[01m\x1b[K/home/qianlab/single_turtle_workspace/dependencies/traveler_controller/src/controller/trajectories_parser.cpp:162:42:\x1b[m\x1b[K \x1b[01;31m\x1b[Kerror: \x1b[m\x1b[K\xe2\x80\x98\x1b[01m\x1b[Kstruct turtle_status\x1b[m\x1b[K\xe2\x80\x99 has no member named \xe2\x80\x98\x1b[01m\x1b[KLeg_lf\x1b[m\x1b[K\xe2\x80\x99\n'}
[0.744881] (turtle_high_controller) StderrLine: {'line': b'  162 |     curr_toe_pos = turtle.turtle_chassis.\x1b[01;31m\x1b[KLeg_lf\x1b[m\x1b[K.toe_position;\n'}
[0.744958] (turtle_high_controller) StderrLine: {'line': b'      |                                          \x1b[01;31m\x1b[K^~~~~~\x1b[m\x1b[K\n'}
[0.745031] (turtle_high_controller) StderrLine: {'line': b'\x1b[01m\x1b[K/home/qianlab/single_turtle_workspace/dependencies/traveler_controller/src/controller/trajectories_parser.cpp:184:38:\x1b[m\x1b[K \x1b[01;31m\x1b[Kerror: \x1b[m\x1b[K\xe2\x80\x98\x1b[01m\x1b[Kstruct turtle_status\x1b[m\x1b[K\xe2\x80\x99 has no member named \xe2\x80\x98\x1b[01m\x1b[KLeg_lf\x1b[m\x1b[K\xe2\x80\x99\n'}
[0.745108] (turtle_high_controller) StderrLine: {'line': b'  184 |                turtle.turtle_chassis.\x1b[01;31m\x1b[KLeg_lf\x1b[m\x1b[K.toe_position.x,\n'}
[0.745182] (turtle_high_controller) StderrLine: {'line': b'      |                                      \x1b[01;31m\x1b[K^~~~~~\x1b[m\x1b[K\n'}
[0.745264] (turtle_high_controller) StderrLine: {'line': b'\x1b[01m\x1b[K/home/qianlab/single_turtle_workspace/dependencies/traveler_controller/src/controller/trajectories_parser.cpp:185:38:\x1b[m\x1b[K \x1b[01;31m\x1b[Kerror: \x1b[m\x1b[K\xe2\x80\x98\x1b[01m\x1b[Kstruct turtle_status\x1b[m\x1b[K\xe2\x80\x99 has no member named \xe2\x80\x98\x1b[01m\x1b[KLeg_lf\x1b[m\x1b[K\xe2\x80\x99\n'}
[0.745339] (turtle_high_controller) StderrLine: {'line': b'  185 |                turtle.turtle_chassis.\x1b[01;31m\x1b[KLeg_lf\x1b[m\x1b[K.toe_position.y);\n'}
[0.745425] (turtle_high_controller) StderrLine: {'line': b'      |                                      \x1b[01;31m\x1b[K^~~~~~\x1b[m\x1b[K\n'}
[0.745506] (turtle_high_controller) StderrLine: {'line': b'\x1b[01m\x1b[K/home/qianlab/single_turtle_workspace/dependencies/traveler_controller/src/controller/trajectories_parser.cpp:191:22:\x1b[m\x1b[K \x1b[01;31m\x1b[Kerror: \x1b[m\x1b[K\xe2\x80\x98\x1b[01m\x1b[Kstruct TrajectoryData\x1b[m\x1b[K\xe2\x80\x99 has no member named \xe2\x80\x98\x1b[01m\x1b[Kcurrent_t\x1b[m\x1b[K\xe2\x80\x99\n'}
[0.745583] (turtle_high_controller) StderrLine: {'line': b'  191 |     turtle.traj_data.\x1b[01;31m\x1b[Kcurrent_t\x1b[m\x1b[K += 0.01000f;\n'}
[0.745656] (turtle_high_controller) StderrLine: {'line': b'      |                      \x1b[01;31m\x1b[K^~~~~~~~~\x1b[m\x1b[K\n'}
[0.745729] (turtle_high_controller) StderrLine: {'line': b'\x1b[01m\x1b[K/home/qianlab/single_turtle_workspace/dependencies/traveler_controller/src/controller/trajectories_parser.cpp:\x1b[m\x1b[K In member function \xe2\x80\x98\x1b[01m\x1b[Kvoid turtle_namespace::control::TrajectoriesParser::printTrajData(turtle&)\x1b[m\x1b[K\xe2\x80\x99:\n'}
[0.745800] (turtle_high_controller) StderrLine: {'line': b'\x1b[01m\x1b[K/home/qianlab/single_turtle_workspace/dependencies/traveler_controller/src/controller/trajectories_parser.cpp:205:58:\x1b[m\x1b[K \x1b[01;31m\x1b[Kerror: \x1b[m\x1b[K\xe2\x80\x98\x1b[01m\x1b[Kstruct TrajectoryData\x1b[m\x1b[K\xe2\x80\x99 has no member named \xe2\x80\x98\x1b[01m\x1b[Kwiggle_time\x1b[m\x1b[K\xe2\x80\x99\n'}
[0.745873] (turtle_high_controller) StderrLine: {'line': b'  205 |     printf("wiggle_time:         %f\\n", turtle.traj_data.\x1b[01;31m\x1b[Kwiggle_time\x1b[m\x1b[K);\n'}
[0.745943] (turtle_high_controller) StderrLine: {'line': b'      |                                                          \x1b[01;31m\x1b[K^~~~~~~~~~~\x1b[m\x1b[K\n'}
[0.746014] (turtle_high_controller) StderrLine: {'line': b'\x1b[01m\x1b[K/home/qianlab/single_turtle_workspace/dependencies/traveler_controller/src/controller/trajectories_parser.cpp:208:58:\x1b[m\x1b[K \x1b[01;31m\x1b[Kerror: \x1b[m\x1b[K\xe2\x80\x98\x1b[01m\x1b[Kstruct TrajectoryData\x1b[m\x1b[K\xe2\x80\x99 has no member named \xe2\x80\x98\x1b[01m\x1b[Kwiggle_frequency\x1b[m\x1b[K\xe2\x80\x99\n'}
[0.746117] (turtle_high_controller) StderrLine: {'line': b'  208 |     printf("wiggle_frequency:    %f\\n", turtle.traj_data.\x1b[01;31m\x1b[Kwiggle_frequency\x1b[m\x1b[K);\n'}
[0.746197] (turtle_high_controller) StderrLine: {'line': b'      |                                                          \x1b[01;31m\x1b[K^~~~~~~~~~~~~~~~\x1b[m\x1b[K\n'}
[0.746272] (turtle_high_controller) StderrLine: {'line': b'\x1b[01m\x1b[K/home/qianlab/single_turtle_workspace/dependencies/traveler_controller/src/controller/trajectories_parser.cpp:210:58:\x1b[m\x1b[K \x1b[01;31m\x1b[Kerror: \x1b[m\x1b[K\xe2\x80\x98\x1b[01m\x1b[Kstruct TrajectoryData\x1b[m\x1b[K\xe2\x80\x99 has no member named \xe2\x80\x98\x1b[01m\x1b[Kwiggle_amptitude\x1b[m\x1b[K\xe2\x80\x99\n'}
[0.746346] (turtle_high_controller) StderrLine: {'line': b'  210 |     printf("wiggle_amptitude:    %f\\n", turtle.traj_data.\x1b[01;31m\x1b[Kwiggle_amptitude\x1b[m\x1b[K);\n'}
[0.746416] (turtle_high_controller) StderrLine: {'line': b'      |                                                          \x1b[01;31m\x1b[K^~~~~~~~~~~~~~~~\x1b[m\x1b[K\n'}
[0.756696] (traveler_optitrack) Command: {'cmd': ['/usr/bin/python3', '-W', 'ignore:setup.py install is deprecated', '-W', 'ignore:easy_install command is deprecated', 'setup.py', 'egg_info', '--egg-base', '../../build/traveler_optitrack', 'build', '--build-base', '/home/qianlab/single_turtle_workspace/build/traveler_optitrack/build', 'install', '--record', '/home/qianlab/single_turtle_workspace/build/traveler_optitrack/install.log', '--install-scripts', '$base/lib/traveler_optitrack', '--single-version-externally-managed', 'install_data'], 'cwd': '/home/qianlab/single_turtle_workspace/highlevel/traveler_optitrack', 'env': {'GJS_DEBUG_TOPICS': 'JS ERROR;JS LOG', 'LESSOPEN': '| /usr/bin/lesspipe %s', 'USER': 'qianlab', 'SSH_AGENT_PID': '2033', 'XDG_SESSION_TYPE': 'x11', 'GIT_ASKPASS': '/usr/share/code/resources/app/extensions/git/dist/askpass.sh', 'SHLVL': '1', 'LD_LIBRARY_PATH': '/home/qianlab/lassie-traveler/dependencies/install/traveler_msgs/lib:/opt/ros/foxy/opt/yaml_cpp_vendor/lib:/opt/ros/foxy/opt/rviz_ogre_vendor/lib:/opt/ros/foxy/lib/x86_64-linux-gnu:/opt/ros/foxy/lib', 'HOME': '/home/qianlab', 'CHROME_DESKTOP': 'code.desktop', 'CONDA_SHLVL': '0', 'TERM_PROGRAM_VERSION': '1.100.3', 'DESKTOP_SESSION': 'ubuntu', 'NVM_BIN': '/home/qianlab/.nvm/versions/node/v12.18.3/bin', 'NVM_INC': '/home/qianlab/.nvm/versions/node/v12.18.3/include/node', 'GIO_LAUNCHED_DESKTOP_FILE': '/usr/share/applications/code.desktop', 'ROS_PYTHON_VERSION': '3', 'GNOME_SHELL_SESSION_MODE': 'ubuntu', 'GTK_MODULES': 'gail:atk-bridge', 'VSCODE_GIT_ASKPASS_MAIN': '/usr/share/code/resources/app/extensions/git/dist/askpass-main.js', 'VSCODE_GIT_ASKPASS_NODE': '/usr/share/code/code', 'MANAGERPID': '1924', 'DBUS_SESSION_BUS_ADDRESS': 'unix:path=/run/user/1000/bus', 'COLORTERM': 'truecolor', '_CE_M': '', 'GIO_LAUNCHED_DESKTOP_FILE_PID': '2660', 'NVM_DIR': '/home/qianlab/.nvm', 'MANDATORY_PATH': '/usr/share/gconf/ubuntu.mandatory.path', 'IM_CONFIG_PHASE': '1', 'COLCON_PREFIX_PATH': '/home/qianlab/lassie-traveler/dependencies/install', 'ROS_DISTRO': 'foxy', 'LOGNAME': 'qianlab', 'JOURNAL_STREAM': '8:56505', '_': '/usr/bin/colcon', 'ROS_VERSION': '2', 'XDG_SESSION_CLASS': 'user', 'DEFAULTS_PATH': '/usr/share/gconf/ubuntu.default.path', 'USERNAME': 'qianlab', 'TERM': 'xterm-256color', 'GNOME_DESKTOP_SESSION_ID': 'this-is-deprecated', '_CE_CONDA': '', 'ROS_LOCALHOST_ONLY': '0', 'WINDOWPATH': '2', 'PATH': '/home/qianlab/ghost_robotics/arm_toolchain/bin:/home/qianlab/.local/bin:/home/qianlab/ghost_robotics/arm_toolchain/bin:/home/qianlab/miniconda3/condabin:/home/qianlab/.nvm/versions/node/v12.18.3/bin:/opt/ros/foxy/bin:/home/qianlab/.local/bin:/usr/local/sbin:/usr/local/bin:/usr/sbin:/usr/bin:/sbin:/bin:/usr/games:/usr/local/games:/snap/bin', 'SESSION_MANAGER': 'local/qianlab-Yoga-7-14IAL7:@/tmp/.ICE-unix/2071,unix/qianlab-Yoga-7-14IAL7:/tmp/.ICE-unix/2071', 'INVOCATION_ID': 'ada520d1c1f94e228d33304f77e601b8', 'XDG_MENU_PREFIX': 'gnome-', 'XDG_RUNTIME_DIR': '/run/user/1000', 'GDK_BACKEND': 'x11', 'DISPLAY': ':0', 'LANG': 'en_US.UTF-8', 'XDG_CURRENT_DESKTOP': 'Unity', 'XMODIFIERS': '@im=ibus', 'XDG_SESSION_DESKTOP': 'ubuntu', 'XAUTHORITY': '/run/user/1000/gdm/Xauthority', 'LS_COLORS': 'rs=0:di=01;34:ln=01;36:mh=00:pi=40;33:so=01;35:do=01;35:bd=40;33;01:cd=40;33;01:or=40;31;01:mi=00:su=37;41:sg=30;43:ca=30;41:tw=30;42:ow=34;42:st=37;44:ex=01;32:*.tar=01;31:*.tgz=01;31:*.arc=01;31:*.arj=01;31:*.taz=01;31:*.lha=01;31:*.lz4=01;31:*.lzh=01;31:*.lzma=01;31:*.tlz=01;31:*.txz=01;31:*.tzo=01;31:*.t7z=01;31:*.zip=01;31:*.z=01;31:*.dz=01;31:*.gz=01;31:*.lrz=01;31:*.lz=01;31:*.lzo=01;31:*.xz=01;31:*.zst=01;31:*.tzst=01;31:*.bz2=01;31:*.bz=01;31:*.tbz=01;31:*.tbz2=01;31:*.tz=01;31:*.deb=01;31:*.rpm=01;31:*.jar=01;31:*.war=01;31:*.ear=01;31:*.sar=01;31:*.rar=01;31:*.alz=01;31:*.ace=01;31:*.zoo=01;31:*.cpio=01;31:*.7z=01;31:*.rz=01;31:*.cab=01;31:*.wim=01;31:*.swm=01;31:*.dwm=01;31:*.esd=01;31:*.jpg=01;35:*.jpeg=01;35:*.mjpg=01;35:*.mjpeg=01;35:*.gif=01;35:*.bmp=01;35:*.pbm=01;35:*.pgm=01;35:*.ppm=01;35:*.tga=01;35:*.xbm=01;35:*.xpm=01;35:*.tif=01;35:*.tiff=01;35:*.png=01;35:*.svg=01;35:*.svgz=01;35:*.mng=01;35:*.pcx=01;35:*.mov=01;35:*.mpg=01;35:*.mpeg=01;35:*.m2v=01;35:*.mkv=01;35:*.webm=01;35:*.ogm=01;35:*.mp4=01;35:*.m4v=01;35:*.mp4v=01;35:*.vob=01;35:*.qt=01;35:*.nuv=01;35:*.wmv=01;35:*.asf=01;35:*.rm=01;35:*.rmvb=01;35:*.flc=01;35:*.avi=01;35:*.fli=01;35:*.flv=01;35:*.gl=01;35:*.dl=01;35:*.xcf=01;35:*.xwd=01;35:*.yuv=01;35:*.cgm=01;35:*.emf=01;35:*.ogv=01;35:*.ogx=01;35:*.aac=00;36:*.au=00;36:*.flac=00;36:*.m4a=00;36:*.mid=00;36:*.midi=00;36:*.mka=00;36:*.mp3=00;36:*.mpc=00;36:*.ogg=00;36:*.ra=00;36:*.wav=00;36:*.oga=00;36:*.opus=00;36:*.spx=00;36:*.xspf=00;36:', 'VSCODE_GIT_IPC_HANDLE': '/run/user/1000/vscode-git-66f982bc43.sock', 'TERM_PROGRAM': 'vscode', 'SSH_AUTH_SOCK': '/run/user/1000/keyring/ssh', 'ROS_DOMAIN_ID': '19', 'AMENT_PREFIX_PATH': '/home/qianlab/lassie-traveler/dependencies/install/traveler_high_controller:/home/qianlab/lassie-traveler/dependencies/install/traveler_msgs:/opt/ros/foxy', 'CONDA_PYTHON_EXE': '/home/qianlab/miniconda3/bin/python', 'ORIGINAL_XDG_CURRENT_DESKTOP': 'ubuntu:GNOME', 'SHELL': '/bin/bash', 'QT_ACCESSIBILITY': '1', 'GDMSESSION': 'ubuntu', 'LESSCLOSE': '/usr/bin/lesspipe %s %s', 'GPG_AGENT_INFO': '/run/user/1000/gnupg/S.gpg-agent:0:1', 'GJS_DEBUG_OUTPUT': 'stderr', 'VSCODE_GIT_ASKPASS_EXTRA_ARGS': '', 'QT_IM_MODULE': 'ibus', 'PWD': '/home/qianlab/single_turtle_workspace/build/traveler_optitrack', 'XDG_CONFIG_DIRS': '/etc/xdg/xdg-ubuntu:/etc/xdg', 'CONDA_EXE': '/home/qianlab/miniconda3/bin/conda', 'NVM_CD_FLAGS': '', 'XDG_DATA_DIRS': '/usr/share/ubuntu:/usr/local/share/:/usr/share/:/var/lib/snapd/desktop', 'PYTHONPATH': '/home/qianlab/single_turtle_workspace/build/traveler_optitrack/prefix_override:/usr/lib/python3/dist-packages/colcon_core/task/python/colcon_distutils_commands:/home/qianlab/single_turtle_workspace/install/traveler_optitrack/lib/python3.8/site-packages:/home/qianlab/lassie-traveler/dependencies/install/traveler_msgs/lib/python3.8/site-packages:/opt/ros/foxy/lib/python3.8/site-packages', 'CUSTOM_ENV_NAME': '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', 'COLCON': '1', 'CMAKE_PREFIX_PATH': '/home/qianlab/lassie-traveler/dependencies/install/traveler_high_controller:/home/qianlab/lassie-traveler/dependencies/install/traveler_msgs'}, 'shell': False}
[0.774532] (turtle_high_controller) StderrLine: {'line': b'make[2]: *** [CMakeFiles/turtle_high_controller.dir/build.make:89: CMakeFiles/turtle_high_controller.dir/src/controller/trajectories_parser.cpp.o] Error 1\n'}
[0.774770] (turtle_high_controller) StderrLine: {'line': b'make[2]: *** Waiting for unfinished jobs....\n'}
[0.800768] (-) TimerEvent: {}
[0.834821] (turtle_high_controller) StderrLine: {'line': b'In file included from \x1b[01m\x1b[K/home/qianlab/single_turtle_workspace/dependencies/traveler_controller/src/controller/Inverse_kinematics.cpp:1\x1b[m\x1b[K:\n'}
[0.835030] (turtle_high_controller) StderrLine: {'line': b'\x1b[01m\x1b[K/home/qianlab/single_turtle_workspace/dependencies/traveler_controller/include/controller/inverse_kinematics.h:12:8:\x1b[m\x1b[K \x1b[01;31m\x1b[Kerror: \x1b[m\x1b[Kredefinition of \xe2\x80\x98\x1b[01m\x1b[Kstruct XY_pair\x1b[m\x1b[K\xe2\x80\x99\n'}
[0.835135] (turtle_high_controller) StderrLine: {'line': b'   12 | struct \x1b[01;31m\x1b[KXY_pair\x1b[m\x1b[K {\n'}
[0.835220] (turtle_high_controller) StderrLine: {'line': b'      |        \x1b[01;31m\x1b[K^~~~~~~\x1b[m\x1b[K\n'}
[0.835311] (turtle_high_controller) StderrLine: {'line': b'In file included from \x1b[01m\x1b[K/home/qianlab/single_turtle_workspace/dependencies/traveler_controller/include/controller/inverse_kinematics.h:11\x1b[m\x1b[K,\n'}
[0.835398] (turtle_high_controller) StderrLine: {'line': b'                 from \x1b[01m\x1b[K/home/qianlab/single_turtle_workspace/dependencies/traveler_controller/src/controller/Inverse_kinematics.cpp:1\x1b[m\x1b[K:\n'}
[0.835484] (turtle_high_controller) StderrLine: {'line': b'\x1b[01m\x1b[K/home/qianlab/single_turtle_workspace/dependencies/traveler_controller/include/controller/../proxy/control_data.h:17:8:\x1b[m\x1b[K \x1b[01;36m\x1b[Knote: \x1b[m\x1b[Kprevious definition of \xe2\x80\x98\x1b[01m\x1b[Kstruct XY_pair\x1b[m\x1b[K\xe2\x80\x99\n'}
[0.835572] (turtle_high_controller) StderrLine: {'line': b'   17 | struct \x1b[01;36m\x1b[KXY_pair\x1b[m\x1b[K {\n'}
[0.835646] (turtle_high_controller) StderrLine: {'line': b'      |        \x1b[01;36m\x1b[K^~~~~~~\x1b[m\x1b[K\n'}
[0.835828] (turtle_high_controller) StderrLine: {'line': b'\x1b[01m\x1b[K/home/qianlab/single_turtle_workspace/dependencies/traveler_controller/src/controller/Inverse_kinematics.cpp:\x1b[m\x1b[K In function \xe2\x80\x98\x1b[01m\x1b[Kvoid getGamma(float, float&)\x1b[m\x1b[K\xe2\x80\x99:\n'}
[0.835958] (turtle_high_controller) StderrLine: {'line': b'\x1b[01m\x1b[K/home/qianlab/single_turtle_workspace/dependencies/traveler_controller/src/controller/Inverse_kinematics.cpp:26:47:\x1b[m\x1b[K \x1b[01;31m\x1b[Kerror: \x1b[m\x1b[K\xe2\x80\x98\x1b[01m\x1b[KL3\x1b[m\x1b[K\xe2\x80\x99 was not declared in this scope; did you mean \xe2\x80\x98\x1b[01m\x1b[KL\x1b[m\x1b[K\xe2\x80\x99?\n'}
[0.836043] (turtle_high_controller) StderrLine: {'line': b'   26 |     gamma = static_cast<float>(acosf((pow(L - \x1b[01;31m\x1b[KL3\x1b[m\x1b[K, 2) + L1 * L1 - L2 * L2) / (2 * L1 * (L - L3))));\n'}
[0.836141] (turtle_high_controller) StderrLine: {'line': b'      |                                               \x1b[01;31m\x1b[K^~\x1b[m\x1b[K\n'}
[0.836219] (turtle_high_controller) StderrLine: {'line': b'      |                                               \x1b[32m\x1b[KL\x1b[m\x1b[K\n'}
[0.836468] (turtle_high_controller) StderrLine: {'line': b'\x1b[01m\x1b[K/home/qianlab/single_turtle_workspace/dependencies/traveler_controller/src/controller/Inverse_kinematics.cpp:26:56:\x1b[m\x1b[K \x1b[01;31m\x1b[Kerror: \x1b[m\x1b[K\xe2\x80\x98\x1b[01m\x1b[KL1\x1b[m\x1b[K\xe2\x80\x99 was not declared in this scope; did you mean \xe2\x80\x98\x1b[01m\x1b[KL\x1b[m\x1b[K\xe2\x80\x99?\n'}
[0.836598] (turtle_high_controller) StderrLine: {'line': b'   26 |     gamma = static_cast<float>(acosf((pow(L - L3, 2) + \x1b[01;31m\x1b[KL1\x1b[m\x1b[K * L1 - L2 * L2) / (2 * L1 * (L - L3))));\n'}
[0.836687] (turtle_high_controller) StderrLine: {'line': b'      |                                                        \x1b[01;31m\x1b[K^~\x1b[m\x1b[K\n'}
[0.836767] (turtle_high_controller) StderrLine: {'line': b'      |                                                        \x1b[32m\x1b[KL\x1b[m\x1b[K\n'}
[0.836993] (turtle_high_controller) StderrLine: {'line': b'\x1b[01m\x1b[K/home/qianlab/single_turtle_workspace/dependencies/traveler_controller/src/controller/Inverse_kinematics.cpp:26:66:\x1b[m\x1b[K \x1b[01;31m\x1b[Kerror: \x1b[m\x1b[K\xe2\x80\x98\x1b[01m\x1b[KL2\x1b[m\x1b[K\xe2\x80\x99 was not declared in this scope; did you mean \xe2\x80\x98\x1b[01m\x1b[KL\x1b[m\x1b[K\xe2\x80\x99?\n'}
[0.837107] (turtle_high_controller) StderrLine: {'line': b'   26 |     gamma = static_cast<float>(acosf((pow(L - L3, 2) + L1 * L1 - \x1b[01;31m\x1b[KL2\x1b[m\x1b[K * L2) / (2 * L1 * (L - L3))));\n'}
[0.837200] (turtle_high_controller) StderrLine: {'line': b'      |                                                                  \x1b[01;31m\x1b[K^~\x1b[m\x1b[K\n'}
[0.837270] (turtle_high_controller) StderrLine: {'line': b'      |                                                                  \x1b[32m\x1b[KL\x1b[m\x1b[K\n'}
[0.837933] (turtle_high_controller) StderrLine: {'line': b'\x1b[01m\x1b[K/home/qianlab/single_turtle_workspace/dependencies/traveler_controller/src/controller/Inverse_kinematics.cpp:\x1b[m\x1b[K In function \xe2\x80\x98\x1b[01m\x1b[Kvoid physicalToAbstract(float, float, float&, float&, float&)\x1b[m\x1b[K\xe2\x80\x99:\n'}
[0.838118] (turtle_high_controller) StderrLine: {'line': b'\x1b[01m\x1b[K/home/qianlab/single_turtle_workspace/dependencies/traveler_controller/src/controller/Inverse_kinematics.cpp:54:47:\x1b[m\x1b[K \x1b[01;31m\x1b[Kerror: \x1b[m\x1b[K\xe2\x80\x98\x1b[01m\x1b[KL3\x1b[m\x1b[K\xe2\x80\x99 was not declared in this scope; did you mean \xe2\x80\x98\x1b[01m\x1b[KL\x1b[m\x1b[K\xe2\x80\x99?\n'}
[0.838220] (turtle_high_controller) StderrLine: {'line': b'   54 |     gamma = static_cast<float>(acosf((pow(L - \x1b[01;31m\x1b[KL3\x1b[m\x1b[K, 2) + L1 * L1 - L2 * L2) / (2 * L1 * (L - L3))));\n'}
[0.838306] (turtle_high_controller) StderrLine: {'line': b'      |                                               \x1b[01;31m\x1b[K^~\x1b[m\x1b[K\n'}
[0.838489] (turtle_high_controller) StderrLine: {'line': b'      |                                               \x1b[32m\x1b[KL\x1b[m\x1b[K\n'}
[0.838586] (turtle_high_controller) StderrLine: {'line': b'\x1b[01m\x1b[K/home/qianlab/single_turtle_workspace/dependencies/traveler_controller/src/controller/Inverse_kinematics.cpp:54:56:\x1b[m\x1b[K \x1b[01;31m\x1b[Kerror: \x1b[m\x1b[K\xe2\x80\x98\x1b[01m\x1b[KL1\x1b[m\x1b[K\xe2\x80\x99 was not declared in this scope; did you mean \xe2\x80\x98\x1b[01m\x1b[KL\x1b[m\x1b[K\xe2\x80\x99?\n'}
[0.838677] (turtle_high_controller) StderrLine: {'line': b'   54 |     gamma = static_cast<float>(acosf((pow(L - L3, 2) + \x1b[01;31m\x1b[KL1\x1b[m\x1b[K * L1 - L2 * L2) / (2 * L1 * (L - L3))));\n'}
[0.838762] (turtle_high_controller) StderrLine: {'line': b'      |                                                        \x1b[01;31m\x1b[K^~\x1b[m\x1b[K\n'}
[0.838840] (turtle_high_controller) StderrLine: {'line': b'      |                                                        \x1b[32m\x1b[KL\x1b[m\x1b[K\n'}
[0.838953] (turtle_high_controller) StderrLine: {'line': b'\x1b[01m\x1b[K/home/qianlab/single_turtle_workspace/dependencies/traveler_controller/src/controller/Inverse_kinematics.cpp:54:66:\x1b[m\x1b[K \x1b[01;31m\x1b[Kerror: \x1b[m\x1b[K\xe2\x80\x98\x1b[01m\x1b[KL2\x1b[m\x1b[K\xe2\x80\x99 was not declared in this scope; did you mean \xe2\x80\x98\x1b[01m\x1b[KL\x1b[m\x1b[K\xe2\x80\x99?\n'}
[0.839026] (turtle_high_controller) StderrLine: {'line': b'   54 |     gamma = static_cast<float>(acosf((pow(L - L3, 2) + L1 * L1 - \x1b[01;31m\x1b[KL2\x1b[m\x1b[K * L2) / (2 * L1 * (L - L3))));\n'}
[0.839095] (turtle_high_controller) StderrLine: {'line': b'      |                                                                  \x1b[01;31m\x1b[K^~\x1b[m\x1b[K\n'}
[0.839164] (turtle_high_controller) StderrLine: {'line': b'      |                                                                  \x1b[32m\x1b[KL\x1b[m\x1b[K\n'}
[0.839709] (turtle_high_controller) StderrLine: {'line': b'\x1b[01m\x1b[K/home/qianlab/single_turtle_workspace/dependencies/traveler_controller/src/controller/Inverse_kinematics.cpp:\x1b[m\x1b[K In function \xe2\x80\x98\x1b[01m\x1b[Kvoid physicalToAbstract(float, float, float&, float&, bool)\x1b[m\x1b[K\xe2\x80\x99:\n'}
[0.839822] (turtle_high_controller) StderrLine: {'line': b'\x1b[01m\x1b[K/home/qianlab/single_turtle_workspace/dependencies/traveler_controller/src/controller/Inverse_kinematics.cpp:86:47:\x1b[m\x1b[K \x1b[01;31m\x1b[Kerror: \x1b[m\x1b[K\xe2\x80\x98\x1b[01m\x1b[KL3\x1b[m\x1b[K\xe2\x80\x99 was not declared in this scope; did you mean \xe2\x80\x98\x1b[01m\x1b[KL\x1b[m\x1b[K\xe2\x80\x99?\n'}
[0.839926] (turtle_high_controller) StderrLine: {'line': b'   86 |     gamma = static_cast<float>(acosf((pow(L - \x1b[01;31m\x1b[KL3\x1b[m\x1b[K, 2) + L1 * L1 - L2 * L2) / (2 * L1 * (L - L3))));\n'}
[0.839998] (turtle_high_controller) StderrLine: {'line': b'      |                                               \x1b[01;31m\x1b[K^~\x1b[m\x1b[K\n'}
[0.840071] (turtle_high_controller) StderrLine: {'line': b'      |                                               \x1b[32m\x1b[KL\x1b[m\x1b[K\n'}
[0.840278] (turtle_high_controller) StderrLine: {'line': b'\x1b[01m\x1b[K/home/qianlab/single_turtle_workspace/dependencies/traveler_controller/src/controller/Inverse_kinematics.cpp:86:56:\x1b[m\x1b[K \x1b[01;31m\x1b[Kerror: \x1b[m\x1b[K\xe2\x80\x98\x1b[01m\x1b[KL1\x1b[m\x1b[K\xe2\x80\x99 was not declared in this scope; did you mean \xe2\x80\x98\x1b[01m\x1b[KL\x1b[m\x1b[K\xe2\x80\x99?\n'}
[0.840377] (turtle_high_controller) StderrLine: {'line': b'   86 |     gamma = static_cast<float>(acosf((pow(L - L3, 2) + \x1b[01;31m\x1b[KL1\x1b[m\x1b[K * L1 - L2 * L2) / (2 * L1 * (L - L3))));\n'}
[0.840484] (turtle_high_controller) StderrLine: {'line': b'      |                                                        \x1b[01;31m\x1b[K^~\x1b[m\x1b[K\n'}
[0.840559] (turtle_high_controller) StderrLine: {'line': b'      |                                                        \x1b[32m\x1b[KL\x1b[m\x1b[K\n'}
[0.840629] (turtle_high_controller) StderrLine: {'line': b'\x1b[01m\x1b[K/home/qianlab/single_turtle_workspace/dependencies/traveler_controller/src/controller/Inverse_kinematics.cpp:86:66:\x1b[m\x1b[K \x1b[01;31m\x1b[Kerror: \x1b[m\x1b[K\xe2\x80\x98\x1b[01m\x1b[KL2\x1b[m\x1b[K\xe2\x80\x99 was not declared in this scope; did you mean \xe2\x80\x98\x1b[01m\x1b[KL\x1b[m\x1b[K\xe2\x80\x99?\n'}
[0.840698] (turtle_high_controller) StderrLine: {'line': b'   86 |     gamma = static_cast<float>(acosf((pow(L - L3, 2) + L1 * L1 - \x1b[01;31m\x1b[KL2\x1b[m\x1b[K * L2) / (2 * L1 * (L - L3))));\n'}
[0.840767] (turtle_high_controller) StderrLine: {'line': b'      |                                                                  \x1b[01;31m\x1b[K^~\x1b[m\x1b[K\n'}
[0.840836] (turtle_high_controller) StderrLine: {'line': b'      |                                                                  \x1b[32m\x1b[KL\x1b[m\x1b[K\n'}
[0.842459] (turtle_high_controller) StderrLine: {'line': b'\x1b[01m\x1b[K/home/qianlab/single_turtle_workspace/dependencies/traveler_controller/src/controller/Inverse_kinematics.cpp:\x1b[m\x1b[K In function \xe2\x80\x98\x1b[01m\x1b[Kbool clamp_XY(float&, float&, float)\x1b[m\x1b[K\xe2\x80\x99:\n'}
[0.842645] (turtle_high_controller) StderrLine: {'line': b'\x1b[01m\x1b[K/home/qianlab/single_turtle_workspace/dependencies/traveler_controller/src/controller/Inverse_kinematics.cpp:194:14:\x1b[m\x1b[K \x1b[01;31m\x1b[Kerror: \x1b[m\x1b[K\xe2\x80\x98\x1b[01m\x1b[KMAX_EXT\x1b[m\x1b[K\xe2\x80\x99 was not declared in this scope\n'}
[0.842727] (turtle_high_controller) StderrLine: {'line': b'  194 |     if (L > (\x1b[01;31m\x1b[KMAX_EXT\x1b[m\x1b[K)) {\n'}
[0.842803] (turtle_high_controller) StderrLine: {'line': b'      |              \x1b[01;31m\x1b[K^~~~~~~\x1b[m\x1b[K\n'}
[0.843184] (turtle_high_controller) StderrLine: {'line': b'\x1b[01m\x1b[K/home/qianlab/single_turtle_workspace/dependencies/traveler_controller/src/controller/Inverse_kinematics.cpp:198:21:\x1b[m\x1b[K \x1b[01;31m\x1b[Kerror: \x1b[m\x1b[K\xe2\x80\x98\x1b[01m\x1b[KMIN_EXT\x1b[m\x1b[K\xe2\x80\x99 was not declared in this scope\n'}
[0.843310] (turtle_high_controller) StderrLine: {'line': b'  198 |     } else if (L < (\x1b[01;31m\x1b[KMIN_EXT\x1b[m\x1b[K)) {\n'}
[0.843392] (turtle_high_controller) StderrLine: {'line': b'      |                     \x1b[01;31m\x1b[K^~~~~~~\x1b[m\x1b[K\n'}
[0.844105] (turtle_high_controller) StderrLine: {'line': b'\x1b[01m\x1b[K/home/qianlab/single_turtle_workspace/dependencies/traveler_controller/src/controller/Inverse_kinematics.cpp:\x1b[m\x1b[K In function \xe2\x80\x98\x1b[01m\x1b[Kbool clamp_XY(XY_pair&, float)\x1b[m\x1b[K\xe2\x80\x99:\n'}
[0.844249] (turtle_high_controller) StderrLine: {'line': b'\x1b[01m\x1b[K/home/qianlab/single_turtle_workspace/dependencies/traveler_controller/src/controller/Inverse_kinematics.cpp:214:14:\x1b[m\x1b[K \x1b[01;31m\x1b[Kerror: \x1b[m\x1b[K\xe2\x80\x98\x1b[01m\x1b[KMAX_EXT\x1b[m\x1b[K\xe2\x80\x99 was not declared in this scope\n'}
[0.844325] (turtle_high_controller) StderrLine: {'line': b'  214 |     if (L > (\x1b[01;31m\x1b[KMAX_EXT\x1b[m\x1b[K)) {\n'}
[0.844393] (turtle_high_controller) StderrLine: {'line': b'      |              \x1b[01;31m\x1b[K^~~~~~~\x1b[m\x1b[K\n'}
[0.844825] (turtle_high_controller) StderrLine: {'line': b'\x1b[01m\x1b[K/home/qianlab/single_turtle_workspace/dependencies/traveler_controller/src/controller/Inverse_kinematics.cpp:220:21:\x1b[m\x1b[K \x1b[01;31m\x1b[Kerror: \x1b[m\x1b[K\xe2\x80\x98\x1b[01m\x1b[KMIN_EXT\x1b[m\x1b[K\xe2\x80\x99 was not declared in this scope\n'}
[0.844915] (turtle_high_controller) StderrLine: {'line': b'  220 |     } else if (L < (\x1b[01;31m\x1b[KMIN_EXT\x1b[m\x1b[K)) {\n'}
[0.844983] (turtle_high_controller) StderrLine: {'line': b'      |                     \x1b[01;31m\x1b[K^~~~~~~\x1b[m\x1b[K\n'}
[0.876665] (traveler_optitrack) StderrLine: {'line': b'/home/qianlab/.local/lib/python3.8/site-packages/setuptools/dist.py:498: SetuptoolsDeprecationWarning: Invalid dash-separated options\n'}
[0.876889] (traveler_optitrack) StderrLine: {'line': b'!!\n'}
[0.876976] (traveler_optitrack) StderrLine: {'line': b'\n'}
[0.877055] (traveler_optitrack) StderrLine: {'line': b'        ********************************************************************************\n'}
[0.877129] (traveler_optitrack) StderrLine: {'line': b"        Usage of dash-separated 'script-dir' will not be supported in future\n"}
[0.877207] (traveler_optitrack) StderrLine: {'line': b"        versions. Please use the underscore name 'script_dir' instead.\n"}
[0.877283] (traveler_optitrack) StderrLine: {'line': b'\n'}
[0.877355] (traveler_optitrack) StderrLine: {'line': b'        This deprecation is overdue, please update your project and remove deprecated\n'}
[0.877429] (traveler_optitrack) StderrLine: {'line': b'        calls to avoid build errors in the future.\n'}
[0.877502] (traveler_optitrack) StderrLine: {'line': b'\n'}
[0.877581] (traveler_optitrack) StderrLine: {'line': b'        See https://setuptools.pypa.io/en/latest/userguide/declarative_config.html for details.\n'}
[0.877660] (traveler_optitrack) StderrLine: {'line': b'        ********************************************************************************\n'}
[0.877733] (traveler_optitrack) StderrLine: {'line': b'\n'}
[0.877802] (traveler_optitrack) StderrLine: {'line': b'!!\n'}
[0.877873] (traveler_optitrack) StderrLine: {'line': b'  opt = self.warn_dash_deprecation(opt, section)\n'}
[0.879668] (turtle_high_controller) StderrLine: {'line': b'\x1b[01m\x1b[K/home/qianlab/single_turtle_workspace/dependencies/traveler_controller/src/controller/Inverse_kinematics.cpp:\x1b[m\x1b[K In function \xe2\x80\x98\x1b[01m\x1b[Kbool clamp_XY(float&, float&, float)\x1b[m\x1b[K\xe2\x80\x99:\n'}
[0.879876] (turtle_high_controller) StderrLine: {'line': b'\x1b[01m\x1b[K/home/qianlab/single_turtle_workspace/dependencies/traveler_controller/src/controller/Inverse_kinematics.cpp:205:1:\x1b[m\x1b[K \x1b[01;35m\x1b[Kwarning: \x1b[m\x1b[Kcontrol reaches end of non-void function [\x1b[01;35m\x1b[K-Wreturn-type\x1b[m\x1b[K]\n'}
[0.879982] (turtle_high_controller) StderrLine: {'line': b'  205 | \x1b[01;35m\x1b[K}\x1b[m\x1b[K\n'}
[0.880067] (turtle_high_controller) StderrLine: {'line': b'      | \x1b[01;35m\x1b[K^\x1b[m\x1b[K\n'}
[0.880148] (turtle_high_controller) StderrLine: {'line': b'\x1b[01m\x1b[K/home/qianlab/single_turtle_workspace/dependencies/traveler_controller/src/controller/Inverse_kinematics.cpp:\x1b[m\x1b[K In function \xe2\x80\x98\x1b[01m\x1b[Kbool clamp_XY(XY_pair&, float)\x1b[m\x1b[K\xe2\x80\x99:\n'}
[0.880227] (turtle_high_controller) StderrLine: {'line': b'\x1b[01m\x1b[K/home/qianlab/single_turtle_workspace/dependencies/traveler_controller/src/controller/Inverse_kinematics.cpp:229:1:\x1b[m\x1b[K \x1b[01;35m\x1b[Kwarning: \x1b[m\x1b[Kcontrol reaches end of non-void function [\x1b[01;35m\x1b[K-Wreturn-type\x1b[m\x1b[K]\n'}
[0.880322] (turtle_high_controller) StderrLine: {'line': b'  229 | \x1b[01;35m\x1b[K}\x1b[m\x1b[K\n'}
[0.880402] (turtle_high_controller) StderrLine: {'line': b'      | \x1b[01;35m\x1b[K^\x1b[m\x1b[K\n'}
[0.884231] (turtle_high_controller) StderrLine: {'line': b'make[2]: *** [CMakeFiles/turtle_high_controller.dir/build.make:76: CMakeFiles/turtle_high_controller.dir/src/controller/Inverse_kinematics.cpp.o] Error 1\n'}
[0.900864] (-) TimerEvent: {}
[1.001185] (-) TimerEvent: {}
[1.025393] (traveler_optitrack) StdoutLine: {'line': b'running egg_info\n'}
[1.045706] (traveler_optitrack) StdoutLine: {'line': b'writing ../../build/traveler_optitrack/traveler_optitrack.egg-info/PKG-INFO\n'}
[1.046265] (traveler_optitrack) StdoutLine: {'line': b'writing dependency_links to ../../build/traveler_optitrack/traveler_optitrack.egg-info/dependency_links.txt\n'}
[1.046496] (traveler_optitrack) StdoutLine: {'line': b'writing entry points to ../../build/traveler_optitrack/traveler_optitrack.egg-info/entry_points.txt\n'}
[1.046714] (traveler_optitrack) StdoutLine: {'line': b'writing requirements to ../../build/traveler_optitrack/traveler_optitrack.egg-info/requires.txt\n'}
[1.046898] (traveler_optitrack) StdoutLine: {'line': b'writing top-level names to ../../build/traveler_optitrack/traveler_optitrack.egg-info/top_level.txt\n'}
[1.101320] (-) TimerEvent: {}
[1.201647] (-) TimerEvent: {}
[1.216067] (traveler_optitrack) StdoutLine: {'line': b"reading manifest file '../../build/traveler_optitrack/traveler_optitrack.egg-info/SOURCES.txt'\n"}
[1.217199] (traveler_optitrack) StdoutLine: {'line': b"writing manifest file '../../build/traveler_optitrack/traveler_optitrack.egg-info/SOURCES.txt'\n"}
[1.217529] (traveler_optitrack) StdoutLine: {'line': b'running build\n'}
[1.217641] (traveler_optitrack) StdoutLine: {'line': b'running build_py\n'}
[1.218057] (traveler_optitrack) StdoutLine: {'line': b'running install\n'}
[1.223225] (traveler_optitrack) StdoutLine: {'line': b'running install_lib\n'}
[1.243415] (traveler_optitrack) StdoutLine: {'line': b'running install_data\n'}
[1.243651] (traveler_optitrack) StdoutLine: {'line': b'running install_egg_info\n'}
[1.263938] (traveler_optitrack) StdoutLine: {'line': b"removing '/home/qianlab/single_turtle_workspace/install/traveler_optitrack/lib/python3.8/site-packages/traveler_optitrack-0.0.0-py3.8.egg-info' (and everything under it)\n"}
[1.265309] (traveler_optitrack) StdoutLine: {'line': b'Copying ../../build/traveler_optitrack/traveler_optitrack.egg-info to /home/qianlab/single_turtle_workspace/install/traveler_optitrack/lib/python3.8/site-packages/traveler_optitrack-0.0.0-py3.8.egg-info\n'}
[1.266525] (traveler_optitrack) StdoutLine: {'line': b'running install_scripts\n'}
[1.301778] (-) TimerEvent: {}
[1.323442] (traveler_optitrack) StdoutLine: {'line': b'Installing traveler_optitrack script to /home/qianlab/single_turtle_workspace/install/traveler_optitrack/lib/traveler_optitrack\n'}
[1.323826] (traveler_optitrack) StdoutLine: {'line': b"writing list of installed files to '/home/qianlab/single_turtle_workspace/build/traveler_optitrack/install.log'\n"}
[1.356773] (traveler_optitrack) CommandEnded: {'returncode': 0}
[1.364127] (traveler_optitrack) JobEnded: {'identifier': 'traveler_optitrack', 'rc': 0}
[1.401889] (-) TimerEvent: {}
[1.502166] (-) TimerEvent: {}
[1.527004] (turtle_high_controller) StderrLine: {'line': b'In file included from \x1b[01m\x1b[K/home/qianlab/single_turtle_workspace/dependencies/traveler_controller/src/proxy/lowerproxy.cpp:8\x1b[m\x1b[K:\n'}
[1.527197] (turtle_high_controller) StderrLine: {'line': b'\x1b[01m\x1b[K/home/qianlab/single_turtle_workspace/dependencies/traveler_controller/include/proxy/lowerproxy.h:97:17:\x1b[m\x1b[K \x1b[01;31m\x1b[Kerror: \x1b[m\x1b[K\xe2\x80\x98\x1b[01m\x1b[KTrajectoryPoint\x1b[m\x1b[K\xe2\x80\x99 was not declared in this scope; did you mean \xe2\x80\x98\x1b[01m\x1b[KTrajectoryData\x1b[m\x1b[K\xe2\x80\x99?\n'}
[1.527289] (turtle_high_controller) StderrLine: {'line': b'   97 |     std::vector<\x1b[01;31m\x1b[KTrajectoryPoint\x1b[m\x1b[K> precomputed_;\n'}
[1.527358] (turtle_high_controller) StderrLine: {'line': b'      |                 \x1b[01;31m\x1b[K^~~~~~~~~~~~~~~\x1b[m\x1b[K\n'}
[1.527428] (turtle_high_controller) StderrLine: {'line': b'      |                 \x1b[32m\x1b[KTrajectoryData\x1b[m\x1b[K\n'}
[1.527493] (turtle_high_controller) StderrLine: {'line': b'\x1b[01m\x1b[K/home/qianlab/single_turtle_workspace/dependencies/traveler_controller/include/proxy/lowerproxy.h:97:32:\x1b[m\x1b[K \x1b[01;31m\x1b[Kerror: \x1b[m\x1b[Ktemplate argument 1 is invalid\n'}
[1.527559] (turtle_high_controller) StderrLine: {'line': b'   97 |     std::vector<TrajectoryPoint\x1b[01;31m\x1b[K>\x1b[m\x1b[K precomputed_;\n'}
[1.527622] (turtle_high_controller) StderrLine: {'line': b'      |                                \x1b[01;31m\x1b[K^\x1b[m\x1b[K\n'}
[1.527843] (turtle_high_controller) StderrLine: {'line': b'\x1b[01m\x1b[K/home/qianlab/single_turtle_workspace/dependencies/traveler_controller/include/proxy/lowerproxy.h:97:32:\x1b[m\x1b[K \x1b[01;31m\x1b[Kerror: \x1b[m\x1b[Ktemplate argument 2 is invalid\n'}
[1.527919] (turtle_high_controller) StderrLine: {'line': b'In file included from \x1b[01m\x1b[K/home/qianlab/single_turtle_workspace/dependencies/traveler_controller/src/proxy/lowerproxy.cpp:9\x1b[m\x1b[K:\n'}
[1.527987] (turtle_high_controller) StderrLine: {'line': b'\x1b[01m\x1b[K/home/qianlab/single_turtle_workspace/dependencies/traveler_controller/include/controller/inverse_kinematics.h:12:8:\x1b[m\x1b[K \x1b[01;31m\x1b[Kerror: \x1b[m\x1b[Kredefinition of \xe2\x80\x98\x1b[01m\x1b[Kstruct XY_pair\x1b[m\x1b[K\xe2\x80\x99\n'}
[1.528065] (turtle_high_controller) StderrLine: {'line': b'   12 | struct \x1b[01;31m\x1b[KXY_pair\x1b[m\x1b[K {\n'}
[1.528134] (turtle_high_controller) StderrLine: {'line': b'      |        \x1b[01;31m\x1b[K^~~~~~~\x1b[m\x1b[K\n'}
[1.528202] (turtle_high_controller) StderrLine: {'line': b'In file included from \x1b[01m\x1b[K/home/qianlab/single_turtle_workspace/dependencies/traveler_controller/include/proxy/lowerproxy.h:16\x1b[m\x1b[K,\n'}
[1.528269] (turtle_high_controller) StderrLine: {'line': b'                 from \x1b[01m\x1b[K/home/qianlab/single_turtle_workspace/dependencies/traveler_controller/src/proxy/lowerproxy.cpp:8\x1b[m\x1b[K:\n'}
[1.528337] (turtle_high_controller) StderrLine: {'line': b'\x1b[01m\x1b[K/home/qianlab/single_turtle_workspace/dependencies/traveler_controller/include/proxy/control_data.h:17:8:\x1b[m\x1b[K \x1b[01;36m\x1b[Knote: \x1b[m\x1b[Kprevious definition of \xe2\x80\x98\x1b[01m\x1b[Kstruct XY_pair\x1b[m\x1b[K\xe2\x80\x99\n'}
[1.528407] (turtle_high_controller) StderrLine: {'line': b'   17 | struct \x1b[01;36m\x1b[KXY_pair\x1b[m\x1b[K {\n'}
[1.528476] (turtle_high_controller) StderrLine: {'line': b'      |        \x1b[01;36m\x1b[K^~~~~~~\x1b[m\x1b[K\n'}
[1.573533] (turtle_high_controller) StderrLine: {'line': b'\x1b[01m\x1b[K/home/qianlab/single_turtle_workspace/dependencies/traveler_controller/src/proxy/lowerproxy.cpp:\x1b[m\x1b[K In member function \xe2\x80\x98\x1b[01m\x1b[Kvoid turtle_namespace::control::lowerproxy::calculate_position(turtle&)\x1b[m\x1b[K\xe2\x80\x99:\n'}
[1.573733] (turtle_high_controller) StderrLine: {'line': b'\x1b[01m\x1b[K/home/qianlab/single_turtle_workspace/dependencies/traveler_controller/src/proxy/lowerproxy.cpp:35:45:\x1b[m\x1b[K \x1b[01;35m\x1b[Kwarning: \x1b[m\x1b[Kunused parameter \xe2\x80\x98\x1b[01m\x1b[Kturtle_\x1b[m\x1b[K\xe2\x80\x99 [\x1b[01;35m\x1b[K-Wunused-parameter\x1b[m\x1b[K]\n'}
[1.573812] (turtle_high_controller) StderrLine: {'line': b'   35 | void lowerproxy::calculate_position(\x1b[01;35m\x1b[Kturtle &turtle_\x1b[m\x1b[K) {\n'}
[1.573880] (turtle_high_controller) StderrLine: {'line': b'      |                                     \x1b[01;35m\x1b[K~~~~~~~~^~~~~~~\x1b[m\x1b[K\n'}
[1.602261] (-) TimerEvent: {}
[1.640502] (turtle_high_controller) StderrLine: {'line': b'\x1b[01m\x1b[K/home/qianlab/single_turtle_workspace/dependencies/traveler_controller/src/proxy/upperproxy.cpp:\x1b[m\x1b[K In member function \xe2\x80\x98\x1b[01m\x1b[Kvoid turtle_namespace::control::upperproxy::handle_gui(std_msgs::msg::Float64MultiArray_<std::allocator<void> >::SharedPtr)\x1b[m\x1b[K\xe2\x80\x99:\n'}
[1.640726] (turtle_high_controller) StderrLine: {'line': b'\x1b[01m\x1b[K/home/qianlab/single_turtle_workspace/dependencies/traveler_controller/src/proxy/upperproxy.cpp:38:29:\x1b[m\x1b[K \x1b[01;31m\x1b[Kerror: \x1b[m\x1b[K\xe2\x80\x98\x1b[01m\x1b[Kstruct TrajectoryData\x1b[m\x1b[K\xe2\x80\x99 has no member named \xe2\x80\x98\x1b[01m\x1b[Kwiggle_time\x1b[m\x1b[K\xe2\x80\x99\n'}
[1.640802] (turtle_high_controller) StderrLine: {'line': b'   38 |     turtle_inter_.traj_data.\x1b[01;31m\x1b[Kwiggle_time\x1b[m\x1b[K        = msg->data[4];\n'}
[1.640872] (turtle_high_controller) StderrLine: {'line': b'      |                             \x1b[01;31m\x1b[K^~~~~~~~~~~\x1b[m\x1b[K\n'}
[1.640939] (turtle_high_controller) StderrLine: {'line': b'\x1b[01m\x1b[K/home/qianlab/single_turtle_workspace/dependencies/traveler_controller/src/proxy/upperproxy.cpp:41:29:\x1b[m\x1b[K \x1b[01;31m\x1b[Kerror: \x1b[m\x1b[K\xe2\x80\x98\x1b[01m\x1b[Kstruct TrajectoryData\x1b[m\x1b[K\xe2\x80\x99 has no member named \xe2\x80\x98\x1b[01m\x1b[Kwiggle_frequency\x1b[m\x1b[K\xe2\x80\x99\n'}
[1.641005] (turtle_high_controller) StderrLine: {'line': b'   41 |     turtle_inter_.traj_data.\x1b[01;31m\x1b[Kwiggle_frequency\x1b[m\x1b[K   = msg->data[7];\n'}
[1.641069] (turtle_high_controller) StderrLine: {'line': b'      |                             \x1b[01;31m\x1b[K^~~~~~~~~~~~~~~~\x1b[m\x1b[K\n'}
[1.641136] (turtle_high_controller) StderrLine: {'line': b'\x1b[01m\x1b[K/home/qianlab/single_turtle_workspace/dependencies/traveler_controller/src/proxy/upperproxy.cpp:43:29:\x1b[m\x1b[K \x1b[01;31m\x1b[Kerror: \x1b[m\x1b[K\xe2\x80\x98\x1b[01m\x1b[Kstruct TrajectoryData\x1b[m\x1b[K\xe2\x80\x99 has no member named \xe2\x80\x98\x1b[01m\x1b[Kwiggle_amptitude\x1b[m\x1b[K\xe2\x80\x99\n'}
[1.641201] (turtle_high_controller) StderrLine: {'line': b'   43 |     turtle_inter_.traj_data.\x1b[01;31m\x1b[Kwiggle_amptitude\x1b[m\x1b[K   = msg->data[9];\n'}
[1.641269] (turtle_high_controller) StderrLine: {'line': b'      |                             \x1b[01;31m\x1b[K^~~~~~~~~~~~~~~~\x1b[m\x1b[K\n'}
[1.702371] (-) TimerEvent: {}
[1.802698] (-) TimerEvent: {}
[1.903014] (-) TimerEvent: {}
[1.912024] (turtle_high_controller) StderrLine: {'line': b'In file included from \x1b[01m\x1b[K/home/qianlab/single_turtle_workspace/dependencies/traveler_controller/include/main.h:13\x1b[m\x1b[K,\n'}
[1.912225] (turtle_high_controller) StderrLine: {'line': b'                 from \x1b[01m\x1b[K/home/qianlab/single_turtle_workspace/dependencies/traveler_controller/src/main.cpp:8\x1b[m\x1b[K:\n'}
[1.912300] (turtle_high_controller) StderrLine: {'line': b'\x1b[01m\x1b[K/home/qianlab/single_turtle_workspace/dependencies/traveler_controller/include/proxy/lowerproxy.h:97:17:\x1b[m\x1b[K \x1b[01;31m\x1b[Kerror: \x1b[m\x1b[K\xe2\x80\x98\x1b[01m\x1b[KTrajectoryPoint\x1b[m\x1b[K\xe2\x80\x99 was not declared in this scope; did you mean \xe2\x80\x98\x1b[01m\x1b[KTrajectoryData\x1b[m\x1b[K\xe2\x80\x99?\n'}
[1.912387] (turtle_high_controller) StderrLine: {'line': b'   97 |     std::vector<\x1b[01;31m\x1b[KTrajectoryPoint\x1b[m\x1b[K> precomputed_;\n'}
[1.912454] (turtle_high_controller) StderrLine: {'line': b'      |                 \x1b[01;31m\x1b[K^~~~~~~~~~~~~~~\x1b[m\x1b[K\n'}
[1.912518] (turtle_high_controller) StderrLine: {'line': b'      |                 \x1b[32m\x1b[KTrajectoryData\x1b[m\x1b[K\n'}
[1.912581] (turtle_high_controller) StderrLine: {'line': b'\x1b[01m\x1b[K/home/qianlab/single_turtle_workspace/dependencies/traveler_controller/include/proxy/lowerproxy.h:97:32:\x1b[m\x1b[K \x1b[01;31m\x1b[Kerror: \x1b[m\x1b[Ktemplate argument 1 is invalid\n'}
[1.912645] (turtle_high_controller) StderrLine: {'line': b'   97 |     std::vector<TrajectoryPoint\x1b[01;31m\x1b[K>\x1b[m\x1b[K precomputed_;\n'}
[1.912713] (turtle_high_controller) StderrLine: {'line': b'      |                                \x1b[01;31m\x1b[K^\x1b[m\x1b[K\n'}
[1.912781] (turtle_high_controller) StderrLine: {'line': b'\x1b[01m\x1b[K/home/qianlab/single_turtle_workspace/dependencies/traveler_controller/include/proxy/lowerproxy.h:97:32:\x1b[m\x1b[K \x1b[01;31m\x1b[Kerror: \x1b[m\x1b[Ktemplate argument 2 is invalid\n'}
[1.935967] (turtle_high_controller) StderrLine: {'line': b'In file included from \x1b[01m\x1b[K/home/qianlab/single_turtle_workspace/dependencies/traveler_controller/include/controller/trajectories_parser.h:10\x1b[m\x1b[K,\n'}
[1.936214] (turtle_high_controller) StderrLine: {'line': b'                 from \x1b[01m\x1b[K/home/qianlab/single_turtle_workspace/dependencies/traveler_controller/src/main.cpp:10\x1b[m\x1b[K:\n'}
[1.936295] (turtle_high_controller) StderrLine: {'line': b'\x1b[01m\x1b[K/home/qianlab/single_turtle_workspace/dependencies/traveler_controller/include/controller/inverse_kinematics.h:12:8:\x1b[m\x1b[K \x1b[01;31m\x1b[Kerror: \x1b[m\x1b[Kredefinition of \xe2\x80\x98\x1b[01m\x1b[Kstruct XY_pair\x1b[m\x1b[K\xe2\x80\x99\n'}
[1.936372] (turtle_high_controller) StderrLine: {'line': b'   12 | struct \x1b[01;31m\x1b[KXY_pair\x1b[m\x1b[K {\n'}
[1.936441] (turtle_high_controller) StderrLine: {'line': b'      |        \x1b[01;31m\x1b[K^~~~~~~\x1b[m\x1b[K\n'}
[1.936509] (turtle_high_controller) StderrLine: {'line': b'In file included from \x1b[01m\x1b[K/home/qianlab/single_turtle_workspace/dependencies/traveler_controller/include/proxy/lowerproxy.h:16\x1b[m\x1b[K,\n'}
[1.936576] (turtle_high_controller) StderrLine: {'line': b'                 from \x1b[01m\x1b[K/home/qianlab/single_turtle_workspace/dependencies/traveler_controller/include/main.h:13\x1b[m\x1b[K,\n'}
[1.936641] (turtle_high_controller) StderrLine: {'line': b'                 from \x1b[01m\x1b[K/home/qianlab/single_turtle_workspace/dependencies/traveler_controller/src/main.cpp:8\x1b[m\x1b[K:\n'}
[1.936707] (turtle_high_controller) StderrLine: {'line': b'\x1b[01m\x1b[K/home/qianlab/single_turtle_workspace/dependencies/traveler_controller/include/proxy/control_data.h:17:8:\x1b[m\x1b[K \x1b[01;36m\x1b[Knote: \x1b[m\x1b[Kprevious definition of \xe2\x80\x98\x1b[01m\x1b[Kstruct XY_pair\x1b[m\x1b[K\xe2\x80\x99\n'}
[1.936774] (turtle_high_controller) StderrLine: {'line': b'   17 | struct \x1b[01;36m\x1b[KXY_pair\x1b[m\x1b[K {\n'}
[1.936838] (turtle_high_controller) StderrLine: {'line': b'      |        \x1b[01;36m\x1b[K^~~~~~~\x1b[m\x1b[K\n'}
[1.938321] (turtle_high_controller) StderrLine: {'line': b'In file included from \x1b[01m\x1b[K/home/qianlab/single_turtle_workspace/dependencies/traveler_controller/src/main.cpp:10\x1b[m\x1b[K:\n'}
[1.938407] (turtle_high_controller) StderrLine: {'line': b'\x1b[01m\x1b[K/home/qianlab/single_turtle_workspace/dependencies/traveler_controller/include/controller/trajectories_parser.h:86:17:\x1b[m\x1b[K \x1b[01;31m\x1b[Kerror: \x1b[m\x1b[K\xe2\x80\x98\x1b[01m\x1b[KWaypoint\x1b[m\x1b[K\xe2\x80\x99 was not declared in this scope\n'}
[1.938473] (turtle_high_controller) StderrLine: {'line': b'   86 |     std::vector<\x1b[01;31m\x1b[KWaypoint\x1b[m\x1b[K> waypoints_;\n'}
[1.938539] (turtle_high_controller) StderrLine: {'line': b'      |                 \x1b[01;31m\x1b[K^~~~~~~~\x1b[m\x1b[K\n'}
[1.938604] (turtle_high_controller) StderrLine: {'line': b'\x1b[01m\x1b[K/home/qianlab/single_turtle_workspace/dependencies/traveler_controller/include/controller/trajectories_parser.h:86:25:\x1b[m\x1b[K \x1b[01;31m\x1b[Kerror: \x1b[m\x1b[Ktemplate argument 1 is invalid\n'}
[1.938667] (turtle_high_controller) StderrLine: {'line': b'   86 |     std::vector<Waypoint\x1b[01;31m\x1b[K>\x1b[m\x1b[K waypoints_;\n'}
[1.938729] (turtle_high_controller) StderrLine: {'line': b'      |                         \x1b[01;31m\x1b[K^\x1b[m\x1b[K\n'}
[1.938790] (turtle_high_controller) StderrLine: {'line': b'\x1b[01m\x1b[K/home/qianlab/single_turtle_workspace/dependencies/traveler_controller/include/controller/trajectories_parser.h:86:25:\x1b[m\x1b[K \x1b[01;31m\x1b[Kerror: \x1b[m\x1b[Ktemplate argument 2 is invalid\n'}
[1.939718] (turtle_high_controller) StderrLine: {'line': b'\x1b[01m\x1b[K/home/qianlab/single_turtle_workspace/dependencies/traveler_controller/include/controller/trajectories_parser.h:87:5:\x1b[m\x1b[K \x1b[01;31m\x1b[Kerror: \x1b[m\x1b[K\xe2\x80\x98\x1b[01m\x1b[KWaypoint\x1b[m\x1b[K\xe2\x80\x99 does not name a type\n'}
[1.939790] (turtle_high_controller) StderrLine: {'line': b'   87 |     \x1b[01;31m\x1b[KWaypoint\x1b[m\x1b[K curr_waypoint_{};\n'}
[1.939853] (turtle_high_controller) StderrLine: {'line': b'      |     \x1b[01;31m\x1b[K^~~~~~~~\x1b[m\x1b[K\n'}
[1.939916] (turtle_high_controller) StderrLine: {'line': b'\x1b[01m\x1b[K/home/qianlab/single_turtle_workspace/dependencies/traveler_controller/include/controller/trajectories_parser.h:87:30:\x1b[m\x1b[K \x1b[01;35m\x1b[Kwarning: \x1b[m\x1b[Kextra \xe2\x80\x98\x1b[01m\x1b[K;\x1b[m\x1b[K\xe2\x80\x99 [\x1b[01;35m\x1b[K-Wpedantic\x1b[m\x1b[K]\n'}
[1.939981] (turtle_high_controller) StderrLine: {'line': b'   87 |     Waypoint curr_waypoint_{}\x1b[01;35m\x1b[K;\x1b[m\x1b[K\n'}
[1.940043] (turtle_high_controller) StderrLine: {'line': b'      |                              \x1b[01;35m\x1b[K^\x1b[m\x1b[K\n'}
[1.940104] (turtle_high_controller) StderrLine: {'line': b'      |                              \x1b[31m\x1b[K-\x1b[m\x1b[K\n'}
[1.940946] (turtle_high_controller) StderrLine: {'line': b'\x1b[01m\x1b[K/home/qianlab/single_turtle_workspace/dependencies/traveler_controller/include/controller/trajectories_parser.h:88:5:\x1b[m\x1b[K \x1b[01;31m\x1b[Kerror: \x1b[m\x1b[K\xe2\x80\x98\x1b[01m\x1b[KWaypoint\x1b[m\x1b[K\xe2\x80\x99 does not name a type\n'}
[1.941015] (turtle_high_controller) StderrLine: {'line': b'   88 |     \x1b[01;31m\x1b[KWaypoint\x1b[m\x1b[K prev_waypoint_{};\n'}
[1.941078] (turtle_high_controller) StderrLine: {'line': b'      |     \x1b[01;31m\x1b[K^~~~~~~~\x1b[m\x1b[K\n'}
[1.941141] (turtle_high_controller) StderrLine: {'line': b'\x1b[01m\x1b[K/home/qianlab/single_turtle_workspace/dependencies/traveler_controller/include/controller/trajectories_parser.h:88:30:\x1b[m\x1b[K \x1b[01;35m\x1b[Kwarning: \x1b[m\x1b[Kextra \xe2\x80\x98\x1b[01m\x1b[K;\x1b[m\x1b[K\xe2\x80\x99 [\x1b[01;35m\x1b[K-Wpedantic\x1b[m\x1b[K]\n'}
[1.941205] (turtle_high_controller) StderrLine: {'line': b'   88 |     Waypoint prev_waypoint_{}\x1b[01;35m\x1b[K;\x1b[m\x1b[K\n'}
[1.941307] (turtle_high_controller) StderrLine: {'line': b'      |                              \x1b[01;35m\x1b[K^\x1b[m\x1b[K\n'}
[1.941369] (turtle_high_controller) StderrLine: {'line': b'      |                              \x1b[31m\x1b[K-\x1b[m\x1b[K\n'}
[1.941431] (turtle_high_controller) StderrLine: {'line': b'\x1b[01m\x1b[K/home/qianlab/single_turtle_workspace/dependencies/traveler_controller/src/main.cpp:19:54:\x1b[m\x1b[K \x1b[01;31m\x1b[Kerror: \x1b[m\x1b[K\xe2\x80\x98\x1b[01m\x1b[Kturtle_namespace::control::TrajectoriesParser::TrajectoriesParser()\x1b[m\x1b[K\xe2\x80\x99 is private within this context\n'}
[1.941498] (turtle_high_controller) StderrLine: {'line': b'   19 | static turtle_namespace::control::TrajectoriesParser \x1b[01;31m\x1b[Ktraj\x1b[m\x1b[K;\n'}
[1.941561] (turtle_high_controller) StderrLine: {'line': b'      |                                                      \x1b[01;31m\x1b[K^~~~\x1b[m\x1b[K\n'}
[1.941622] (turtle_high_controller) StderrLine: {'line': b'In file included from \x1b[01m\x1b[K/home/qianlab/single_turtle_workspace/dependencies/traveler_controller/src/main.cpp:10\x1b[m\x1b[K:\n'}
[1.941684] (turtle_high_controller) StderrLine: {'line': b'\x1b[01m\x1b[K/home/qianlab/single_turtle_workspace/dependencies/traveler_controller/include/controller/trajectories_parser.h:94:5:\x1b[m\x1b[K \x1b[01;36m\x1b[Knote: \x1b[m\x1b[Kdeclared private here\n'}
[1.941747] (turtle_high_controller) StderrLine: {'line': b'   94 |     \x1b[01;36m\x1b[KTrajectoriesParser\x1b[m\x1b[K() = default;\n'}
[1.941809] (turtle_high_controller) StderrLine: {'line': b'      |     \x1b[01;36m\x1b[K^~~~~~~~~~~~~~~~~~\x1b[m\x1b[K\n'}
[2.003148] (-) TimerEvent: {}
[2.103507] (-) TimerEvent: {}
[2.203873] (-) TimerEvent: {}
[2.304237] (-) TimerEvent: {}
[2.344757] (turtle_high_controller) StderrLine: {'line': b'make[2]: *** [CMakeFiles/turtle_high_controller.dir/build.make:102: CMakeFiles/turtle_high_controller.dir/src/proxy/lowerproxy.cpp.o] Error 1\n'}
[2.364455] (turtle_high_controller) StderrLine: {'line': b'In file included from \x1b[01m\x1b[K/usr/include/x86_64-linux-gnu/c++/9/bits/c++allocator.h:33\x1b[m\x1b[K,\n'}
[2.364655] (turtle_high_controller) StderrLine: {'line': b'                 from \x1b[01m\x1b[K/usr/include/c++/9/bits/allocator.h:46\x1b[m\x1b[K,\n'}
[2.364731] (turtle_high_controller) StderrLine: {'line': b'                 from \x1b[01m\x1b[K/usr/include/c++/9/string:41\x1b[m\x1b[K,\n'}
[2.364799] (turtle_high_controller) StderrLine: {'line': b'                 from \x1b[01m\x1b[K/usr/include/c++/9/stdexcept:39\x1b[m\x1b[K,\n'}
[2.364868] (turtle_high_controller) StderrLine: {'line': b'                 from \x1b[01m\x1b[K/usr/include/c++/9/array:39\x1b[m\x1b[K,\n'}
[2.364932] (turtle_high_controller) StderrLine: {'line': b'                 from \x1b[01m\x1b[K/usr/include/c++/9/tuple:39\x1b[m\x1b[K,\n'}
[2.364996] (turtle_high_controller) StderrLine: {'line': b'                 from \x1b[01m\x1b[K/usr/include/c++/9/functional:54\x1b[m\x1b[K,\n'}
[2.365059] (turtle_high_controller) StderrLine: {'line': b'                 from \x1b[01m\x1b[K/home/qianlab/single_turtle_workspace/dependencies/traveler_controller/include/proxy/lowerproxy.h:12\x1b[m\x1b[K,\n'}
[2.365124] (turtle_high_controller) StderrLine: {'line': b'                 from \x1b[01m\x1b[K/home/qianlab/single_turtle_workspace/dependencies/traveler_controller/include/main.h:13\x1b[m\x1b[K,\n'}
[2.365189] (turtle_high_controller) StderrLine: {'line': b'                 from \x1b[01m\x1b[K/home/qianlab/single_turtle_workspace/dependencies/traveler_controller/src/main.cpp:8\x1b[m\x1b[K:\n'}
[2.365253] (turtle_high_controller) StderrLine: {'line': b'/usr/include/c++/9/ext/new_allocator.h: In instantiation of \xe2\x80\x98\x1b[01m\x1b[Kvoid __gnu_cxx::new_allocator<_Tp>::construct(_Up*, _Args&& ...) [with _Up = turtle_namespace::control::upperproxy; _Args = {}; _Tp = turtle_namespace::control::upperproxy]\x1b[m\x1b[K\xe2\x80\x99:\n'}
[2.365319] (turtle_high_controller) StderrLine: {'line': b'\x1b[01m\x1b[K/usr/include/c++/9/bits/alloc_traits.h:483:4:\x1b[m\x1b[K   required from \xe2\x80\x98\x1b[01m\x1b[Kstatic void std::allocator_traits<std::allocator<_CharT> >::construct(std::allocator_traits<std::allocator<_CharT> >::allocator_type&, _Up*, _Args&& ...) [with _Up = turtle_namespace::control::upperproxy; _Args = {}; _Tp = turtle_namespace::control::upperproxy; std::allocator_traits<std::allocator<_CharT> >::allocator_type = std::allocator<turtle_namespace::control::upperproxy>]\x1b[m\x1b[K\xe2\x80\x99\n'}
[2.365391] (turtle_high_controller) StderrLine: {'line': b'\x1b[01m\x1b[K/usr/include/c++/9/bits/shared_ptr_base.h:548:39:\x1b[m\x1b[K   required from \xe2\x80\x98\x1b[01m\x1b[Kstd::_Sp_counted_ptr_inplace<_Tp, _Alloc, _Lp>::_Sp_counted_ptr_inplace(_Alloc, _Args&& ...) [with _Args = {}; _Tp = turtle_namespace::control::upperproxy; _Alloc = std::allocator<turtle_namespace::control::upperproxy>; __gnu_cxx::_Lock_policy _Lp = __gnu_cxx::_S_atomic]\x1b[m\x1b[K\xe2\x80\x99\n'}
[2.365464] (turtle_high_controller) StderrLine: {'line': b'\x1b[01m\x1b[K/usr/include/c++/9/bits/shared_ptr_base.h:679:16:\x1b[m\x1b[K   required from \xe2\x80\x98\x1b[01m\x1b[Kstd::__shared_count<_Lp>::__shared_count(_Tp*&, std::_Sp_alloc_shared_tag<_Alloc>, _Args&& ...) [with _Tp = turtle_namespace::control::upperproxy; _Alloc = std::allocator<turtle_namespace::control::upperproxy>; _Args = {}; __gnu_cxx::_Lock_policy _Lp = __gnu_cxx::_S_atomic]\x1b[m\x1b[K\xe2\x80\x99\n'}
[2.365537] (turtle_high_controller) StderrLine: {'line': b'\x1b[01m\x1b[K/usr/include/c++/9/bits/shared_ptr_base.h:1344:71:\x1b[m\x1b[K   required from \xe2\x80\x98\x1b[01m\x1b[Kstd::__shared_ptr<_Tp, _Lp>::__shared_ptr(std::_Sp_alloc_shared_tag<_Tp>, _Args&& ...) [with _Alloc = std::allocator<turtle_namespace::control::upperproxy>; _Args = {}; _Tp = turtle_namespace::control::upperproxy; __gnu_cxx::_Lock_policy _Lp = __gnu_cxx::_S_atomic]\x1b[m\x1b[K\xe2\x80\x99\n'}
[2.365641] (turtle_high_controller) StderrLine: {'line': b'\x1b[01m\x1b[K/usr/include/c++/9/bits/shared_ptr.h:359:59:\x1b[m\x1b[K   required from \xe2\x80\x98\x1b[01m\x1b[Kstd::shared_ptr<_Tp>::shared_ptr(std::_Sp_alloc_shared_tag<_Tp>, _Args&& ...) [with _Alloc = std::allocator<turtle_namespace::control::upperproxy>; _Args = {}; _Tp = turtle_namespace::control::upperproxy]\x1b[m\x1b[K\xe2\x80\x99\n'}
[2.365734] (turtle_high_controller) StderrLine: {'line': b'\x1b[01m\x1b[K/usr/include/c++/9/bits/shared_ptr.h:701:14:\x1b[m\x1b[K   required from \xe2\x80\x98\x1b[01m\x1b[Kstd::shared_ptr<_Tp> std::allocate_shared(const _Alloc&, _Args&& ...) [with _Tp = turtle_namespace::control::upperproxy; _Alloc = std::allocator<turtle_namespace::control::upperproxy>; _Args = {}]\x1b[m\x1b[K\xe2\x80\x99\n'}
[2.365815] (turtle_high_controller) StderrLine: {'line': b'\x1b[01m\x1b[K/usr/include/c++/9/bits/shared_ptr.h:717:39:\x1b[m\x1b[K   required from \xe2\x80\x98\x1b[01m\x1b[Kstd::shared_ptr<_Tp> std::make_shared(_Args&& ...) [with _Tp = turtle_namespace::control::upperproxy; _Args = {}]\x1b[m\x1b[K\xe2\x80\x99\n'}
[2.365888] (turtle_high_controller) StderrLine: {'line': b'\x1b[01m\x1b[K/home/qianlab/single_turtle_workspace/dependencies/traveler_controller/src/main.cpp:26:74:\x1b[m\x1b[K   required from here\n'}
[2.365960] (turtle_high_controller) StderrLine: {'line': b'\x1b[01m\x1b[K/usr/include/c++/9/ext/new_allocator.h:146:4:\x1b[m\x1b[K \x1b[01;31m\x1b[Kerror: \x1b[m\x1b[Kno matching function for call to \xe2\x80\x98\x1b[01m\x1b[Kturtle_namespace::control::upperproxy::upperproxy()\x1b[m\x1b[K\xe2\x80\x99\n'}
[2.366035] (turtle_high_controller) StderrLine: {'line': b'  146 |  { \x1b[01;31m\x1b[K::new((void *)__p) _Up(std::forward<_Args>(__args)...)\x1b[m\x1b[K; }\n'}
[2.366115] (turtle_high_controller) StderrLine: {'line': b'      |    \x1b[01;31m\x1b[K^~~~~~~~~~~~~~~~~~~~~~~~~~~~~~~~~~~~~~~~~~~~~~~~~~~~~~\x1b[m\x1b[K\n'}
[2.366189] (turtle_high_controller) StderrLine: {'line': b'In file included from \x1b[01m\x1b[K/home/qianlab/single_turtle_workspace/dependencies/traveler_controller/include/main.h:14\x1b[m\x1b[K,\n'}
[2.366257] (turtle_high_controller) StderrLine: {'line': b'                 from \x1b[01m\x1b[K/home/qianlab/single_turtle_workspace/dependencies/traveler_controller/src/main.cpp:8\x1b[m\x1b[K:\n'}
[2.366329] (turtle_high_controller) StderrLine: {'line': b'\x1b[01m\x1b[K/home/qianlab/single_turtle_workspace/dependencies/traveler_controller/include/proxy/upperproxy.h:37:4:\x1b[m\x1b[K \x1b[01;36m\x1b[Knote: \x1b[m\x1b[Kcandidate: \xe2\x80\x98\x1b[01m\x1b[Kturtle_namespace::control::upperproxy::upperproxy(std::string)\x1b[m\x1b[K\xe2\x80\x99\n'}
[2.366399] (turtle_high_controller) StderrLine: {'line': b'   37 |    \x1b[01;36m\x1b[Kupperproxy\x1b[m\x1b[K(std::string name);\n'}
[2.366470] (turtle_high_controller) StderrLine: {'line': b'      |    \x1b[01;36m\x1b[K^~~~~~~~~~\x1b[m\x1b[K\n'}
[2.366541] (turtle_high_controller) StderrLine: {'line': b'\x1b[01m\x1b[K/home/qianlab/single_turtle_workspace/dependencies/traveler_controller/include/proxy/upperproxy.h:37:4:\x1b[m\x1b[K \x1b[01;36m\x1b[Knote: \x1b[m\x1b[K  candidate expects 1 argument, 0 provided\n'}
[2.404394] (-) TimerEvent: {}
[2.419600] (turtle_high_controller) StderrLine: {'line': b'In file included from \x1b[01m\x1b[K/home/qianlab/single_turtle_workspace/dependencies/traveler_controller/src/main.cpp:8\x1b[m\x1b[K:\n'}
[2.419816] (turtle_high_controller) StderrLine: {'line': b'\x1b[01m\x1b[K/home/qianlab/single_turtle_workspace/dependencies/traveler_controller/include/main.h:46:14:\x1b[m\x1b[K \x1b[01;35m\x1b[Kwarning: \x1b[m\x1b[K\xe2\x80\x98\x1b[01m\x1b[Ktimer\x1b[m\x1b[K\xe2\x80\x99 defined but not used [\x1b[01;35m\x1b[K-Wunused-variable\x1b[m\x1b[K]\n'}
[2.419895] (turtle_high_controller) StderrLine: {'line': b'   46 | static float \x1b[01;35m\x1b[Ktimer\x1b[m\x1b[K[10] = { 0 };\n'}
[2.419978] (turtle_high_controller) StderrLine: {'line': b'      |              \x1b[01;35m\x1b[K^~~~~\x1b[m\x1b[K\n'}
[2.420047] (turtle_high_controller) StderrLine: {'line': b'\x1b[01m\x1b[K/home/qianlab/single_turtle_workspace/dependencies/traveler_controller/include/main.h:44:12:\x1b[m\x1b[K \x1b[01;35m\x1b[Kwarning: \x1b[m\x1b[K\xe2\x80\x98\x1b[01m\x1b[Kinit_done\x1b[m\x1b[K\xe2\x80\x99 defined but not used [\x1b[01;35m\x1b[K-Wunused-variable\x1b[m\x1b[K]\n'}
[2.420116] (turtle_high_controller) StderrLine: {'line': b'   44 | static int \x1b[01;35m\x1b[Kinit_done\x1b[m\x1b[K = 0;\n'}
[2.420182] (turtle_high_controller) StderrLine: {'line': b'      |            \x1b[01;35m\x1b[K^~~~~~~~~\x1b[m\x1b[K\n'}
[2.420249] (turtle_high_controller) StderrLine: {'line': b'\x1b[01m\x1b[K/home/qianlab/single_turtle_workspace/dependencies/traveler_controller/include/main.h:43:14:\x1b[m\x1b[K \x1b[01;35m\x1b[Kwarning: \x1b[m\x1b[K\xe2\x80\x98\x1b[01m\x1b[Kinit_cnt\x1b[m\x1b[K\xe2\x80\x99 defined but not used [\x1b[01;35m\x1b[K-Wunused-variable\x1b[m\x1b[K]\n'}
[2.420317] (turtle_high_controller) StderrLine: {'line': b'   43 | static float \x1b[01;35m\x1b[Kinit_cnt\x1b[m\x1b[K = 0;\n'}
[2.420382] (turtle_high_controller) StderrLine: {'line': b'      |              \x1b[01;35m\x1b[K^~~~~~~~\x1b[m\x1b[K\n'}
[2.433750] (turtle_high_controller) StderrLine: {'line': b'make[2]: *** [CMakeFiles/turtle_high_controller.dir/build.make:63: CMakeFiles/turtle_high_controller.dir/src/main.cpp.o] Error 1\n'}
[2.504532] (-) TimerEvent: {}
[2.604899] (-) TimerEvent: {}
[2.692916] (turtle_high_controller) StderrLine: {'line': b'make[2]: *** [CMakeFiles/turtle_high_controller.dir/build.make:115: CMakeFiles/turtle_high_controller.dir/src/proxy/upperproxy.cpp.o] Error 1\n'}
[2.693236] (turtle_high_controller) StderrLine: {'line': b'make[1]: *** [CMakeFiles/Makefile2:107: CMakeFiles/turtle_high_controller.dir/all] Error 2\n'}
[2.693328] (turtle_high_controller) StderrLine: {'line': b'make: *** [Makefile:141: all] Error 2\n'}
[2.697031] (turtle_high_controller) CommandEnded: {'returncode': 2}
[2.705110] (-) TimerEvent: {}
[2.725385] (turtle_high_controller) JobEnded: {'identifier': 'turtle_high_controller', 'rc': 2}
[2.736133] (-) EventReactorShutdown: {}
