[0.000000] (-) TimerEvent: {}
[0.000096] (traveler_msgs) JobQueued: {'identifier': 'traveler_msgs', 'dependencies': OrderedDict()}
[0.000117] (traveler_optitrack) JobQueued: {'identifier': 'traveler_optitrack', 'dependencies': OrderedDict()}
[0.000130] (turtle_high_controller) JobQueued: {'identifier': 'turtle_high_controller', 'dependencies': OrderedDict([('traveler_msgs', '/home/qianlab/single_turtle_workspace/install/traveler_msgs')])}
[0.000640] (traveler_msgs) JobStarted: {'identifier': 'traveler_msgs'}
[0.005515] (traveler_optitrack) JobStarted: {'identifier': 'traveler_optitrack'}
[0.011529] (traveler_msgs) JobProgress: {'identifier': 'traveler_msgs', 'progress': 'cmake'}
[0.012299] (traveler_msgs) JobProgress: {'identifier': 'traveler_msgs', 'progress': 'build'}
[0.012535] (traveler_msgs) Command: {'cmd': ['/usr/bin/cmake', '--build', '/home/qianlab/single_turtle_workspace/build/traveler_msgs', '--', '-j12', '-l12'], 'cwd': '/home/qianlab/single_turtle_workspace/build/traveler_msgs', 'env': OrderedDict([('GJS_DEBUG_TOPICS', 'JS ERROR;JS LOG'), ('LESSOPEN', '| /usr/bin/lesspipe %s'), ('USER', 'qianlab'), ('SSH_AGENT_PID', '2033'), ('XDG_SESSION_TYPE', 'x11'), ('GIT_ASKPASS', '/usr/share/code/resources/app/extensions/git/dist/askpass.sh'), ('SHLVL', '1'), ('LD_LIBRARY_PATH', '/home/qianlab/lassie-traveler/dependencies/install/traveler_msgs/lib:/opt/ros/foxy/opt/yaml_cpp_vendor/lib:/opt/ros/foxy/opt/rviz_ogre_vendor/lib:/opt/ros/foxy/lib/x86_64-linux-gnu:/opt/ros/foxy/lib'), ('HOME', '/home/qianlab'), ('CHROME_DESKTOP', 'code.desktop'), ('CONDA_SHLVL', '0'), ('TERM_PROGRAM_VERSION', '1.100.3'), ('DESKTOP_SESSION', 'ubuntu'), ('NVM_BIN', '/home/qianlab/.nvm/versions/node/v12.18.3/bin'), ('NVM_INC', '/home/qianlab/.nvm/versions/node/v12.18.3/include/node'), ('GIO_LAUNCHED_DESKTOP_FILE', '/usr/share/applications/code.desktop'), ('ROS_PYTHON_VERSION', '3'), ('GNOME_SHELL_SESSION_MODE', 'ubuntu'), ('GTK_MODULES', 'gail:atk-bridge'), ('VSCODE_GIT_ASKPASS_MAIN', '/usr/share/code/resources/app/extensions/git/dist/askpass-main.js'), ('VSCODE_GIT_ASKPASS_NODE', '/usr/share/code/code'), ('MANAGERPID', '1924'), ('DBUS_SESSION_BUS_ADDRESS', 'unix:path=/run/user/1000/bus'), ('COLORTERM', 'truecolor'), ('_CE_M', ''), ('GIO_LAUNCHED_DESKTOP_FILE_PID', '2660'), ('NVM_DIR', '/home/qianlab/.nvm'), ('MANDATORY_PATH', '/usr/share/gconf/ubuntu.mandatory.path'), ('IM_CONFIG_PHASE', '1'), ('COLCON_PREFIX_PATH', '/home/qianlab/lassie-traveler/dependencies/install'), ('ROS_DISTRO', 'foxy'), ('LOGNAME', 'qianlab'), ('JOURNAL_STREAM', '8:56505'), ('_', '/usr/bin/colcon'), ('ROS_VERSION', '2'), ('XDG_SESSION_CLASS', 'user'), ('DEFAULTS_PATH', '/usr/share/gconf/ubuntu.default.path'), ('USERNAME', 'qianlab'), ('TERM', 'xterm-256color'), ('GNOME_DESKTOP_SESSION_ID', 'this-is-deprecated'), ('_CE_CONDA', ''), ('ROS_LOCALHOST_ONLY', '0'), ('WINDOWPATH', '2'), ('PATH', '/home/qianlab/ghost_robotics/arm_toolchain/bin:/home/qianlab/.local/bin:/home/qianlab/ghost_robotics/arm_toolchain/bin:/home/qianlab/miniconda3/condabin:/home/qianlab/.nvm/versions/node/v12.18.3/bin:/opt/ros/foxy/bin:/home/qianlab/.local/bin:/usr/local/sbin:/usr/local/bin:/usr/sbin:/usr/bin:/sbin:/bin:/usr/games:/usr/local/games:/snap/bin'), ('SESSION_MANAGER', 'local/qianlab-Yoga-7-14IAL7:@/tmp/.ICE-unix/2071,unix/qianlab-Yoga-7-14IAL7:/tmp/.ICE-unix/2071'), ('INVOCATION_ID', 'ada520d1c1f94e228d33304f77e601b8'), ('XDG_MENU_PREFIX', 'gnome-'), ('XDG_RUNTIME_DIR', '/run/user/1000'), ('GDK_BACKEND', 'x11'), ('DISPLAY', ':0'), ('LANG', 'en_US.UTF-8'), ('XDG_CURRENT_DESKTOP', 'Unity'), ('XMODIFIERS', '@im=ibus'), ('XDG_SESSION_DESKTOP', 'ubuntu'), ('XAUTHORITY', '/run/user/1000/gdm/Xauthority'), ('LS_COLORS', 'rs=0:di=01;34:ln=01;36:mh=00:pi=40;33:so=01;35:do=01;35:bd=40;33;01:cd=40;33;01:or=40;31;01:mi=00:su=37;41:sg=30;43:ca=30;41:tw=30;42:ow=34;42:st=37;44:ex=01;32:*.tar=01;31:*.tgz=01;31:*.arc=01;31:*.arj=01;31:*.taz=01;31:*.lha=01;31:*.lz4=01;31:*.lzh=01;31:*.lzma=01;31:*.tlz=01;31:*.txz=01;31:*.tzo=01;31:*.t7z=01;31:*.zip=01;31:*.z=01;31:*.dz=01;31:*.gz=01;31:*.lrz=01;31:*.lz=01;31:*.lzo=01;31:*.xz=01;31:*.zst=01;31:*.tzst=01;31:*.bz2=01;31:*.bz=01;31:*.tbz=01;31:*.tbz2=01;31:*.tz=01;31:*.deb=01;31:*.rpm=01;31:*.jar=01;31:*.war=01;31:*.ear=01;31:*.sar=01;31:*.rar=01;31:*.alz=01;31:*.ace=01;31:*.zoo=01;31:*.cpio=01;31:*.7z=01;31:*.rz=01;31:*.cab=01;31:*.wim=01;31:*.swm=01;31:*.dwm=01;31:*.esd=01;31:*.jpg=01;35:*.jpeg=01;35:*.mjpg=01;35:*.mjpeg=01;35:*.gif=01;35:*.bmp=01;35:*.pbm=01;35:*.pgm=01;35:*.ppm=01;35:*.tga=01;35:*.xbm=01;35:*.xpm=01;35:*.tif=01;35:*.tiff=01;35:*.png=01;35:*.svg=01;35:*.svgz=01;35:*.mng=01;35:*.pcx=01;35:*.mov=01;35:*.mpg=01;35:*.mpeg=01;35:*.m2v=01;35:*.mkv=01;35:*.webm=01;35:*.ogm=01;35:*.mp4=01;35:*.m4v=01;35:*.mp4v=01;35:*.vob=01;35:*.qt=01;35:*.nuv=01;35:*.wmv=01;35:*.asf=01;35:*.rm=01;35:*.rmvb=01;35:*.flc=01;35:*.avi=01;35:*.fli=01;35:*.flv=01;35:*.gl=01;35:*.dl=01;35:*.xcf=01;35:*.xwd=01;35:*.yuv=01;35:*.cgm=01;35:*.emf=01;35:*.ogv=01;35:*.ogx=01;35:*.aac=00;36:*.au=00;36:*.flac=00;36:*.m4a=00;36:*.mid=00;36:*.midi=00;36:*.mka=00;36:*.mp3=00;36:*.mpc=00;36:*.ogg=00;36:*.ra=00;36:*.wav=00;36:*.oga=00;36:*.opus=00;36:*.spx=00;36:*.xspf=00;36:'), ('VSCODE_GIT_IPC_HANDLE', '/run/user/1000/vscode-git-66f982bc43.sock'), ('TERM_PROGRAM', 'vscode'), ('SSH_AUTH_SOCK', '/run/user/1000/keyring/ssh'), ('ROS_DOMAIN_ID', '19'), ('AMENT_PREFIX_PATH', '/home/qianlab/lassie-traveler/dependencies/install/traveler_high_controller:/home/qianlab/lassie-traveler/dependencies/install/traveler_msgs:/opt/ros/foxy'), ('CONDA_PYTHON_EXE', '/home/qianlab/miniconda3/bin/python'), ('ORIGINAL_XDG_CURRENT_DESKTOP', 'ubuntu:GNOME'), ('SHELL', '/bin/bash'), ('QT_ACCESSIBILITY', '1'), ('GDMSESSION', 'ubuntu'), ('LESSCLOSE', '/usr/bin/lesspipe %s %s'), ('GPG_AGENT_INFO', '/run/user/1000/gnupg/S.gpg-agent:0:1'), ('GJS_DEBUG_OUTPUT', 'stderr'), ('VSCODE_GIT_ASKPASS_EXTRA_ARGS', ''), ('QT_IM_MODULE', 'ibus'), ('PWD', '/home/qianlab/single_turtle_workspace/build/traveler_msgs'), ('XDG_CONFIG_DIRS', '/etc/xdg/xdg-ubuntu:/etc/xdg'), ('CONDA_EXE', '/home/qianlab/miniconda3/bin/conda'), ('NVM_CD_FLAGS', ''), ('XDG_DATA_DIRS', '/usr/share/ubuntu:/usr/local/share/:/usr/share/:/var/lib/snapd/desktop'), ('PYTHONPATH', '/home/qianlab/lassie-traveler/dependencies/install/traveler_msgs/lib/python3.8/site-packages:/opt/ros/foxy/lib/python3.8/site-packages'), ('CUSTOM_ENV_NAME', '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'), ('COLCON', '1'), ('CMAKE_PREFIX_PATH', '/home/qianlab/lassie-traveler/dependencies/install/traveler_high_controller:/home/qianlab/lassie-traveler/dependencies/install/traveler_msgs:/opt/ros/foxy')]), 'shell': False}
[0.063785] (traveler_msgs) StdoutLine: {'line': b'-- Found ament_cmake: 0.9.12 (/opt/ros/foxy/share/ament_cmake/cmake)\n'}
[0.080126] (traveler_msgs) StdoutLine: {'line': b'-- Found PythonInterp: /usr/bin/python3 (found suitable version "3.8.10", minimum required is "3") \n'}
[0.080292] (traveler_msgs) StdoutLine: {'line': b'-- Using PYTHON_EXECUTABLE: /usr/bin/python3\n'}
[0.099948] (-) TimerEvent: {}
[0.200296] (-) TimerEvent: {}
[0.230360] (traveler_msgs) StdoutLine: {'line': b'-- Found rclcpp: 2.4.3 (/opt/ros/foxy/share/rclcpp/cmake)\n'}
[0.259102] (traveler_msgs) StdoutLine: {'line': b'-- Using all available rosidl_typesupport_c: rosidl_typesupport_fastrtps_c;rosidl_typesupport_introspection_c\n'}
[0.261848] (traveler_msgs) StdoutLine: {'line': b'-- Found rosidl_adapter: 1.3.1 (/opt/ros/foxy/share/rosidl_adapter/cmake)\n'}
[0.300494] (-) TimerEvent: {}
[0.346851] (traveler_msgs) StdoutLine: {'line': b'-- Using all available rosidl_typesupport_cpp: rosidl_typesupport_fastrtps_cpp;rosidl_typesupport_introspection_cpp\n'}
[0.384191] (traveler_msgs) StdoutLine: {'line': b'-- Found rmw_implementation_cmake: 1.0.4 (/opt/ros/foxy/share/rmw_implementation_cmake/cmake)\n'}
[0.386423] (traveler_msgs) StdoutLine: {'line': b"-- Using RMW implementation 'rmw_fastrtps_cpp' as default\n"}
[0.400703] (-) TimerEvent: {}
[0.501041] (-) TimerEvent: {}
[0.504376] (traveler_msgs) StdoutLine: {'line': b'-- Found rosidl_default_generators: 1.0.1 (/opt/ros/foxy/share/rosidl_default_generators/cmake)\n'}
[0.529753] (traveler_msgs) StdoutLine: {'line': b'-- Found PythonInterp: /usr/bin/python3 (found version "3.8.10") \n'}
[0.601712] (traveler_optitrack) Command: {'cmd': ['/usr/bin/python3', '-W', 'ignore:setup.py install is deprecated', '-W', 'ignore:easy_install command is deprecated', 'setup.py', 'egg_info', '--egg-base', '../../build/traveler_optitrack', 'build', '--build-base', '/home/qianlab/single_turtle_workspace/build/traveler_optitrack/build', 'install', '--record', '/home/qianlab/single_turtle_workspace/build/traveler_optitrack/install.log', '--install-scripts', '$base/lib/traveler_optitrack', '--single-version-externally-managed', 'install_data'], 'cwd': '/home/qianlab/single_turtle_workspace/highlevel/traveler_optitrack', 'env': {'GJS_DEBUG_TOPICS': 'JS ERROR;JS LOG', 'LESSOPEN': '| /usr/bin/lesspipe %s', 'USER': 'qianlab', 'SSH_AGENT_PID': '2033', 'XDG_SESSION_TYPE': 'x11', 'GIT_ASKPASS': '/usr/share/code/resources/app/extensions/git/dist/askpass.sh', 'SHLVL': '1', 'LD_LIBRARY_PATH': '/home/qianlab/lassie-traveler/dependencies/install/traveler_msgs/lib:/opt/ros/foxy/opt/yaml_cpp_vendor/lib:/opt/ros/foxy/opt/rviz_ogre_vendor/lib:/opt/ros/foxy/lib/x86_64-linux-gnu:/opt/ros/foxy/lib', 'HOME': '/home/qianlab', 'CHROME_DESKTOP': 'code.desktop', 'CONDA_SHLVL': '0', 'TERM_PROGRAM_VERSION': '1.100.3', 'DESKTOP_SESSION': 'ubuntu', 'NVM_BIN': '/home/qianlab/.nvm/versions/node/v12.18.3/bin', 'NVM_INC': '/home/qianlab/.nvm/versions/node/v12.18.3/include/node', 'GIO_LAUNCHED_DESKTOP_FILE': '/usr/share/applications/code.desktop', 'ROS_PYTHON_VERSION': '3', 'GNOME_SHELL_SESSION_MODE': 'ubuntu', 'GTK_MODULES': 'gail:atk-bridge', 'VSCODE_GIT_ASKPASS_MAIN': '/usr/share/code/resources/app/extensions/git/dist/askpass-main.js', 'VSCODE_GIT_ASKPASS_NODE': '/usr/share/code/code', 'MANAGERPID': '1924', 'DBUS_SESSION_BUS_ADDRESS': 'unix:path=/run/user/1000/bus', 'COLORTERM': 'truecolor', '_CE_M': '', 'GIO_LAUNCHED_DESKTOP_FILE_PID': '2660', 'NVM_DIR': '/home/qianlab/.nvm', 'MANDATORY_PATH': '/usr/share/gconf/ubuntu.mandatory.path', 'IM_CONFIG_PHASE': '1', 'COLCON_PREFIX_PATH': '/home/qianlab/lassie-traveler/dependencies/install', 'ROS_DISTRO': 'foxy', 'LOGNAME': 'qianlab', 'JOURNAL_STREAM': '8:56505', '_': '/usr/bin/colcon', 'ROS_VERSION': '2', 'XDG_SESSION_CLASS': 'user', 'DEFAULTS_PATH': '/usr/share/gconf/ubuntu.default.path', 'USERNAME': 'qianlab', 'TERM': 'xterm-256color', 'GNOME_DESKTOP_SESSION_ID': 'this-is-deprecated', '_CE_CONDA': '', 'ROS_LOCALHOST_ONLY': '0', 'WINDOWPATH': '2', 'PATH': '/home/qianlab/ghost_robotics/arm_toolchain/bin:/home/qianlab/.local/bin:/home/qianlab/ghost_robotics/arm_toolchain/bin:/home/qianlab/miniconda3/condabin:/home/qianlab/.nvm/versions/node/v12.18.3/bin:/opt/ros/foxy/bin:/home/qianlab/.local/bin:/usr/local/sbin:/usr/local/bin:/usr/sbin:/usr/bin:/sbin:/bin:/usr/games:/usr/local/games:/snap/bin', 'SESSION_MANAGER': 'local/qianlab-Yoga-7-14IAL7:@/tmp/.ICE-unix/2071,unix/qianlab-Yoga-7-14IAL7:/tmp/.ICE-unix/2071', 'INVOCATION_ID': 'ada520d1c1f94e228d33304f77e601b8', 'XDG_MENU_PREFIX': 'gnome-', 'XDG_RUNTIME_DIR': '/run/user/1000', 'GDK_BACKEND': 'x11', 'DISPLAY': ':0', 'LANG': 'en_US.UTF-8', 'XDG_CURRENT_DESKTOP': 'Unity', 'XMODIFIERS': '@im=ibus', 'XDG_SESSION_DESKTOP': 'ubuntu', 'XAUTHORITY': '/run/user/1000/gdm/Xauthority', 'LS_COLORS': 'rs=0:di=01;34:ln=01;36:mh=00:pi=40;33:so=01;35:do=01;35:bd=40;33;01:cd=40;33;01:or=40;31;01:mi=00:su=37;41:sg=30;43:ca=30;41:tw=30;42:ow=34;42:st=37;44:ex=01;32:*.tar=01;31:*.tgz=01;31:*.arc=01;31:*.arj=01;31:*.taz=01;31:*.lha=01;31:*.lz4=01;31:*.lzh=01;31:*.lzma=01;31:*.tlz=01;31:*.txz=01;31:*.tzo=01;31:*.t7z=01;31:*.zip=01;31:*.z=01;31:*.dz=01;31:*.gz=01;31:*.lrz=01;31:*.lz=01;31:*.lzo=01;31:*.xz=01;31:*.zst=01;31:*.tzst=01;31:*.bz2=01;31:*.bz=01;31:*.tbz=01;31:*.tbz2=01;31:*.tz=01;31:*.deb=01;31:*.rpm=01;31:*.jar=01;31:*.war=01;31:*.ear=01;31:*.sar=01;31:*.rar=01;31:*.alz=01;31:*.ace=01;31:*.zoo=01;31:*.cpio=01;31:*.7z=01;31:*.rz=01;31:*.cab=01;31:*.wim=01;31:*.swm=01;31:*.dwm=01;31:*.esd=01;31:*.jpg=01;35:*.jpeg=01;35:*.mjpg=01;35:*.mjpeg=01;35:*.gif=01;35:*.bmp=01;35:*.pbm=01;35:*.pgm=01;35:*.ppm=01;35:*.tga=01;35:*.xbm=01;35:*.xpm=01;35:*.tif=01;35:*.tiff=01;35:*.png=01;35:*.svg=01;35:*.svgz=01;35:*.mng=01;35:*.pcx=01;35:*.mov=01;35:*.mpg=01;35:*.mpeg=01;35:*.m2v=01;35:*.mkv=01;35:*.webm=01;35:*.ogm=01;35:*.mp4=01;35:*.m4v=01;35:*.mp4v=01;35:*.vob=01;35:*.qt=01;35:*.nuv=01;35:*.wmv=01;35:*.asf=01;35:*.rm=01;35:*.rmvb=01;35:*.flc=01;35:*.avi=01;35:*.fli=01;35:*.flv=01;35:*.gl=01;35:*.dl=01;35:*.xcf=01;35:*.xwd=01;35:*.yuv=01;35:*.cgm=01;35:*.emf=01;35:*.ogv=01;35:*.ogx=01;35:*.aac=00;36:*.au=00;36:*.flac=00;36:*.m4a=00;36:*.mid=00;36:*.midi=00;36:*.mka=00;36:*.mp3=00;36:*.mpc=00;36:*.ogg=00;36:*.ra=00;36:*.wav=00;36:*.oga=00;36:*.opus=00;36:*.spx=00;36:*.xspf=00;36:', 'VSCODE_GIT_IPC_HANDLE': '/run/user/1000/vscode-git-66f982bc43.sock', 'TERM_PROGRAM': 'vscode', 'SSH_AUTH_SOCK': '/run/user/1000/keyring/ssh', 'ROS_DOMAIN_ID': '19', 'AMENT_PREFIX_PATH': '/home/qianlab/lassie-traveler/dependencies/install/traveler_high_controller:/home/qianlab/lassie-traveler/dependencies/install/traveler_msgs:/opt/ros/foxy', 'CONDA_PYTHON_EXE': '/home/qianlab/miniconda3/bin/python', 'ORIGINAL_XDG_CURRENT_DESKTOP': 'ubuntu:GNOME', 'SHELL': '/bin/bash', 'QT_ACCESSIBILITY': '1', 'GDMSESSION': 'ubuntu', 'LESSCLOSE': '/usr/bin/lesspipe %s %s', 'GPG_AGENT_INFO': '/run/user/1000/gnupg/S.gpg-agent:0:1', 'GJS_DEBUG_OUTPUT': 'stderr', 'VSCODE_GIT_ASKPASS_EXTRA_ARGS': '', 'QT_IM_MODULE': 'ibus', 'PWD': '/home/qianlab/single_turtle_workspace/build/traveler_optitrack', 'XDG_CONFIG_DIRS': '/etc/xdg/xdg-ubuntu:/etc/xdg', 'CONDA_EXE': '/home/qianlab/miniconda3/bin/conda', 'NVM_CD_FLAGS': '', 'XDG_DATA_DIRS': '/usr/share/ubuntu:/usr/local/share/:/usr/share/:/var/lib/snapd/desktop', 'PYTHONPATH': '/home/qianlab/single_turtle_workspace/build/traveler_optitrack/prefix_override:/usr/lib/python3/dist-packages/colcon_core/task/python/colcon_distutils_commands:/home/qianlab/single_turtle_workspace/install/traveler_optitrack/lib/python3.8/site-packages:/home/qianlab/lassie-traveler/dependencies/install/traveler_msgs/lib/python3.8/site-packages:/opt/ros/foxy/lib/python3.8/site-packages', 'CUSTOM_ENV_NAME': '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', 'COLCON': '1', 'CMAKE_PREFIX_PATH': '/home/qianlab/lassie-traveler/dependencies/install/traveler_high_controller:/home/qianlab/lassie-traveler/dependencies/install/traveler_msgs'}, 'shell': False}
[0.603636] (-) TimerEvent: {}
[0.627403] (traveler_msgs) StdoutLine: {'line': b'-- Found ament_cmake_ros: 0.9.2 (/opt/ros/foxy/share/ament_cmake_ros/cmake)\n'}
[0.693567] (traveler_optitrack) StderrLine: {'line': b'/home/qianlab/.local/lib/python3.8/site-packages/setuptools/dist.py:498: SetuptoolsDeprecationWarning: Invalid dash-separated options\n'}
[0.693839] (traveler_optitrack) StderrLine: {'line': b'!!\n'}
[0.693925] (traveler_optitrack) StderrLine: {'line': b'\n'}
[0.694001] (traveler_optitrack) StderrLine: {'line': b'        ********************************************************************************\n'}
[0.694076] (traveler_optitrack) StderrLine: {'line': b"        Usage of dash-separated 'script-dir' will not be supported in future\n"}
[0.694145] (traveler_optitrack) StderrLine: {'line': b"        versions. Please use the underscore name 'script_dir' instead.\n"}
[0.694220] (traveler_optitrack) StderrLine: {'line': b'\n'}
[0.694291] (traveler_optitrack) StderrLine: {'line': b'        This deprecation is overdue, please update your project and remove deprecated\n'}
[0.694360] (traveler_optitrack) StderrLine: {'line': b'        calls to avoid build errors in the future.\n'}
[0.694425] (traveler_optitrack) StderrLine: {'line': b'\n'}
[0.694493] (traveler_optitrack) StderrLine: {'line': b'        See https://setuptools.pypa.io/en/latest/userguide/declarative_config.html for details.\n'}
[0.694562] (traveler_optitrack) StderrLine: {'line': b'        ********************************************************************************\n'}
[0.694633] (traveler_optitrack) StderrLine: {'line': b'\n'}
[0.694703] (traveler_optitrack) StderrLine: {'line': b'!!\n'}
[0.694768] (traveler_optitrack) StderrLine: {'line': b'  opt = self.warn_dash_deprecation(opt, section)\n'}
[0.703748] (-) TimerEvent: {}
[0.706231] (traveler_msgs) StdoutLine: {'line': b'-- Using all available rosidl_typesupport_c: rosidl_typesupport_fastrtps_c;rosidl_typesupport_introspection_c\n'}
[0.715611] (traveler_msgs) StdoutLine: {'line': b'-- Using all available rosidl_typesupport_cpp: rosidl_typesupport_fastrtps_cpp;rosidl_typesupport_introspection_cpp\n'}
[0.735369] (traveler_msgs) StdoutLine: {'line': b'-- Found PythonInterp: /usr/bin/python3 (found suitable version "3.8.10", minimum required is "3.5") \n'}
[0.735725] (traveler_msgs) StdoutLine: {'line': b'-- Found python_cmake_module: 0.8.1 (/opt/ros/foxy/share/python_cmake_module/cmake)\n'}
[0.753276] (traveler_msgs) StdoutLine: {'line': b'-- Using PYTHON_EXECUTABLE: /usr/bin/python3\n'}
[0.753469] (traveler_msgs) StdoutLine: {'line': b'-- Using PYTHON_INCLUDE_DIRS: /usr/include/python3.8\n'}
[0.753549] (traveler_msgs) StdoutLine: {'line': b'-- Using PYTHON_LIBRARIES: /usr/lib/x86_64-linux-gnu/libpython3.8.so\n'}
[0.763339] (traveler_msgs) StdoutLine: {'line': b'-- Found ament_lint_auto: 0.9.8 (/opt/ros/foxy/share/ament_lint_auto/cmake)\n'}
[0.764859] (traveler_optitrack) StdoutLine: {'line': b'running egg_info\n'}
[0.774031] (traveler_optitrack) StdoutLine: {'line': b'writing ../../build/traveler_optitrack/traveler_optitrack.egg-info/PKG-INFO\n'}
[0.774340] (traveler_optitrack) StdoutLine: {'line': b'writing dependency_links to ../../build/traveler_optitrack/traveler_optitrack.egg-info/dependency_links.txt\n'}
[0.774532] (traveler_optitrack) StdoutLine: {'line': b'writing entry points to ../../build/traveler_optitrack/traveler_optitrack.egg-info/entry_points.txt\n'}
[0.774707] (traveler_optitrack) StdoutLine: {'line': b'writing requirements to ../../build/traveler_optitrack/traveler_optitrack.egg-info/requires.txt\n'}
[0.774815] (traveler_optitrack) StdoutLine: {'line': b'writing top-level names to ../../build/traveler_optitrack/traveler_optitrack.egg-info/top_level.txt\n'}
[0.775363] (traveler_msgs) StdoutLine: {'line': b"-- Added test 'lint_cmake' to check CMake code style\n"}
[0.777373] (traveler_msgs) StdoutLine: {'line': b"-- Added test 'xmllint' to check XML markup files\n"}
[0.781940] (traveler_msgs) StdoutLine: {'line': b'-- Configuring done\n'}
[0.803876] (-) TimerEvent: {}
[0.822086] (traveler_msgs) StdoutLine: {'line': b'-- Generating done\n'}
[0.825267] (traveler_msgs) StdoutLine: {'line': b'-- Build files have been written to: /home/qianlab/single_turtle_workspace/build/traveler_msgs\n'}
[0.845590] (traveler_msgs) StdoutLine: {'line': b'[  1%] \x1b[34m\x1b[1mGenerating C code for ROS interfaces\x1b[0m\n'}
[0.853020] (traveler_msgs) StdoutLine: {'line': b'[  2%] \x1b[34m\x1b[1mGenerating C++ code for ROS interfaces\x1b[0m\n'}
[0.875685] (traveler_optitrack) StdoutLine: {'line': b"reading manifest file '../../build/traveler_optitrack/traveler_optitrack.egg-info/SOURCES.txt'\n"}
[0.876759] (traveler_optitrack) StdoutLine: {'line': b"writing manifest file '../../build/traveler_optitrack/traveler_optitrack.egg-info/SOURCES.txt'\n"}
[0.876931] (traveler_optitrack) StdoutLine: {'line': b'running build\n'}
[0.877027] (traveler_optitrack) StdoutLine: {'line': b'running build_py\n'}
[0.877097] (traveler_optitrack) StdoutLine: {'line': b'copying traveler_optitrack/traveler_optitrack.py -> /home/qianlab/single_turtle_workspace/build/traveler_optitrack/build/lib/traveler_optitrack\n'}
[0.877260] (traveler_optitrack) StdoutLine: {'line': b'copying traveler_optitrack/import socket.py -> /home/qianlab/single_turtle_workspace/build/traveler_optitrack/build/lib/traveler_optitrack\n'}
[0.877437] (traveler_optitrack) StdoutLine: {'line': b'copying traveler_optitrack/__init__.py -> /home/qianlab/single_turtle_workspace/build/traveler_optitrack/build/lib/traveler_optitrack\n'}
[0.877654] (traveler_optitrack) StdoutLine: {'line': b'running install\n'}
[0.882680] (traveler_optitrack) StdoutLine: {'line': b'running install_lib\n'}
[0.902852] (traveler_optitrack) StdoutLine: {'line': b'running install_data\n'}
[0.903054] (traveler_optitrack) StdoutLine: {'line': b'running install_egg_info\n'}
[0.904085] (-) TimerEvent: {}
[0.923053] (traveler_optitrack) StdoutLine: {'line': b"removing '/home/qianlab/single_turtle_workspace/install/traveler_optitrack/lib/python3.8/site-packages/traveler_optitrack-0.0.0-py3.8.egg-info' (and everything under it)\n"}
[0.923317] (traveler_optitrack) StdoutLine: {'line': b'Copying ../../build/traveler_optitrack/traveler_optitrack.egg-info to /home/qianlab/single_turtle_workspace/install/traveler_optitrack/lib/python3.8/site-packages/traveler_optitrack-0.0.0-py3.8.egg-info\n'}
[0.924161] (traveler_optitrack) StdoutLine: {'line': b'running install_scripts\n'}
[0.978622] (traveler_optitrack) StdoutLine: {'line': b'Installing traveler_optitrack script to /home/qianlab/single_turtle_workspace/install/traveler_optitrack/lib/traveler_optitrack\n'}
[0.978996] (traveler_optitrack) StdoutLine: {'line': b"writing list of installed files to '/home/qianlab/single_turtle_workspace/build/traveler_optitrack/install.log'\n"}
[1.004300] (-) TimerEvent: {}
[1.005932] (traveler_optitrack) CommandEnded: {'returncode': 0}
[1.027837] (traveler_optitrack) JobEnded: {'identifier': 'traveler_optitrack', 'rc': 0}
[1.104439] (-) TimerEvent: {}
[1.140282] (traveler_msgs) StdoutLine: {'line': b'[  2%] Built target traveler_msgs__cpp\n'}
[1.150215] (traveler_msgs) StdoutLine: {'line': b'[  4%] \x1b[34m\x1b[1mGenerating C++ type support dispatch for ROS interfaces\x1b[0m\n'}
[1.155326] (traveler_msgs) StdoutLine: {'line': b'[  5%] \x1b[34m\x1b[1mGenerating C++ introspection for ROS interfaces\x1b[0m\n'}
[1.158653] (traveler_msgs) StdoutLine: {'line': b'[  7%] \x1b[34m\x1b[1mGenerating C++ type support for eProsima Fast-RTPS\x1b[0m\n'}
[1.172848] (traveler_msgs) StdoutLine: {'line': b'\x1b[35m\x1b[1mScanning dependencies of target traveler_msgs__rosidl_generator_c\x1b[0m\n'}
[1.187429] (traveler_msgs) StdoutLine: {'line': b'[ 14%] \x1b[32mBuilding C object CMakeFiles/traveler_msgs__rosidl_generator_c.dir/rosidl_generator_c/traveler_msgs/msg/detail/traveler_status__functions.c.o\x1b[0m\n'}
[1.187639] (traveler_msgs) StdoutLine: {'line': b'[ 14%] \x1b[32mBuilding C object CMakeFiles/traveler_msgs__rosidl_generator_c.dir/rosidl_generator_c/traveler_msgs/msg/detail/odrive_status__functions.c.o\x1b[0m\n'}
[1.187712] (traveler_msgs) StdoutLine: {'line': b'[ 14%] \x1b[32mBuilding C object CMakeFiles/traveler_msgs__rosidl_generator_c.dir/rosidl_generator_c/traveler_msgs/msg/detail/traveler_config__functions.c.o\x1b[0m\n'}
[1.187772] (traveler_msgs) StdoutLine: {'line': b'[ 14%] \x1b[32mBuilding C object CMakeFiles/traveler_msgs__rosidl_generator_c.dir/rosidl_generator_c/traveler_msgs/msg/detail/traveler_mode__functions.c.o\x1b[0m\n'}
[1.187827] (traveler_msgs) StdoutLine: {'line': b'[ 14%] \x1b[32mBuilding C object CMakeFiles/traveler_msgs__rosidl_generator_c.dir/rosidl_generator_c/traveler_msgs/msg/detail/set_input_position__functions.c.o\x1b[0m\n'}
[1.187883] (traveler_msgs) StdoutLine: {'line': b'[ 15%] \x1b[32mBuilding C object CMakeFiles/traveler_msgs__rosidl_generator_c.dir/rosidl_generator_c/traveler_msgs/msg/detail/set_state__functions.c.o\x1b[0m\n'}
[1.204536] (-) TimerEvent: {}
[1.269180] (traveler_msgs) StdoutLine: {'line': b'[ 16%] \x1b[32m\x1b[1mLinking C shared library libtraveler_msgs__rosidl_generator_c.so\x1b[0m\n'}
[1.304635] (-) TimerEvent: {}
[1.308139] (traveler_msgs) StdoutLine: {'line': b'[ 16%] Built target traveler_msgs__rosidl_generator_c\n'}
[1.319439] (traveler_msgs) StdoutLine: {'line': b'[ 19%] \x1b[34m\x1b[1mGenerating C introspection for ROS interfaces\x1b[0m\n'}
[1.319618] (traveler_msgs) StdoutLine: {'line': b'[ 19%] \x1b[34m\x1b[1mGenerating C type support dispatch for ROS interfaces\x1b[0m\n'}
[1.404739] (-) TimerEvent: {}
[1.416700] (traveler_msgs) StdoutLine: {'line': b'\x1b[35m\x1b[1mScanning dependencies of target traveler_msgs__rosidl_typesupport_introspection_cpp\x1b[0m\n'}
[1.440664] (traveler_msgs) StdoutLine: {'line': b'[ 25%] \x1b[32mBuilding CXX object CMakeFiles/traveler_msgs__rosidl_typesupport_introspection_cpp.dir/rosidl_typesupport_introspection_cpp/traveler_msgs/msg/detail/set_input_position__type_support.cpp.o\x1b[0m\n'}
[1.440918] (traveler_msgs) StdoutLine: {'line': b'[ 25%] \x1b[32mBuilding CXX object CMakeFiles/traveler_msgs__rosidl_typesupport_introspection_cpp.dir/rosidl_typesupport_introspection_cpp/traveler_msgs/msg/detail/odrive_status__type_support.cpp.o\x1b[0m\n'}
[1.441018] (traveler_msgs) StdoutLine: {'line': b'[ 25%] \x1b[32mBuilding CXX object CMakeFiles/traveler_msgs__rosidl_typesupport_introspection_cpp.dir/rosidl_typesupport_introspection_cpp/traveler_msgs/msg/detail/traveler_status__type_support.cpp.o\x1b[0m\n'}
[1.441184] (traveler_msgs) StdoutLine: {'line': b'[ 26%] \x1b[32mBuilding CXX object CMakeFiles/traveler_msgs__rosidl_typesupport_introspection_cpp.dir/rosidl_typesupport_introspection_cpp/traveler_msgs/msg/detail/traveler_mode__type_support.cpp.o\x1b[0m\n'}
[1.441645] (traveler_msgs) StdoutLine: {'line': b'[ 26%] \x1b[32mBuilding CXX object CMakeFiles/traveler_msgs__rosidl_typesupport_introspection_cpp.dir/rosidl_typesupport_introspection_cpp/traveler_msgs/msg/detail/traveler_config__type_support.cpp.o\x1b[0m\n'}
[1.445936] (traveler_msgs) StdoutLine: {'line': b'\x1b[35m\x1b[1mScanning dependencies of target traveler_msgs__rosidl_typesupport_fastrtps_cpp\x1b[0m\n'}
[1.448186] (traveler_msgs) StdoutLine: {'line': b'[ 28%] \x1b[32mBuilding CXX object CMakeFiles/traveler_msgs__rosidl_typesupport_introspection_cpp.dir/rosidl_typesupport_introspection_cpp/traveler_msgs/msg/detail/set_state__type_support.cpp.o\x1b[0m\n'}
[1.463176] (traveler_msgs) StdoutLine: {'line': b'[ 32%] \x1b[32mBuilding CXX object CMakeFiles/traveler_msgs__rosidl_typesupport_fastrtps_cpp.dir/rosidl_typesupport_fastrtps_cpp/traveler_msgs/msg/detail/dds_fastrtps/traveler_mode__type_support.cpp.o\x1b[0m\n'}
[1.463405] (traveler_msgs) StdoutLine: {'line': b'[ 32%] \x1b[32mBuilding CXX object CMakeFiles/traveler_msgs__rosidl_typesupport_fastrtps_cpp.dir/rosidl_typesupport_fastrtps_cpp/traveler_msgs/msg/detail/dds_fastrtps/traveler_config__type_support.cpp.o\x1b[0m\n'}
[1.463481] (traveler_msgs) StdoutLine: {'line': b'[ 32%] \x1b[32mBuilding CXX object CMakeFiles/traveler_msgs__rosidl_typesupport_fastrtps_cpp.dir/rosidl_typesupport_fastrtps_cpp/traveler_msgs/msg/detail/dds_fastrtps/odrive_status__type_support.cpp.o\x1b[0m\n'}
[1.504846] (-) TimerEvent: {}
[1.516881] (traveler_msgs) StdoutLine: {'line': b'\x1b[35m\x1b[1mScanning dependencies of target traveler_msgs__rosidl_typesupport_cpp\x1b[0m\n'}
[1.532092] (traveler_msgs) StdoutLine: {'line': b'[ 33%] \x1b[32mBuilding CXX object CMakeFiles/traveler_msgs__rosidl_typesupport_cpp.dir/rosidl_typesupport_cpp/traveler_msgs/msg/odrive_status__type_support.cpp.o\x1b[0m\n'}
[1.604961] (-) TimerEvent: {}
[1.705313] (-) TimerEvent: {}
[1.709504] (traveler_msgs) StdoutLine: {'line': b'\x1b[35m\x1b[1mScanning dependencies of target traveler_msgs__rosidl_typesupport_c\x1b[0m\n'}
[1.744674] (traveler_msgs) StdoutLine: {'line': b'[ 35%] \x1b[32mBuilding CXX object CMakeFiles/traveler_msgs__rosidl_typesupport_c.dir/rosidl_typesupport_c/traveler_msgs/msg/odrive_status__type_support.cpp.o\x1b[0m\n'}
[1.794846] (traveler_msgs) StdoutLine: {'line': b'[ 36%] \x1b[32mBuilding CXX object CMakeFiles/traveler_msgs__rosidl_typesupport_cpp.dir/rosidl_typesupport_cpp/traveler_msgs/msg/traveler_config__type_support.cpp.o\x1b[0m\n'}
[1.805444] (-) TimerEvent: {}
[1.806087] (traveler_msgs) StdoutLine: {'line': b'[ 38%] \x1b[32mBuilding CXX object CMakeFiles/traveler_msgs__rosidl_typesupport_cpp.dir/rosidl_typesupport_cpp/traveler_msgs/msg/traveler_mode__type_support.cpp.o\x1b[0m\n'}
[1.812282] (traveler_msgs) StdoutLine: {'line': b'[ 39%] \x1b[32mBuilding CXX object CMakeFiles/traveler_msgs__rosidl_typesupport_c.dir/rosidl_typesupport_c/traveler_msgs/msg/traveler_config__type_support.cpp.o\x1b[0m\n'}
[1.820300] (traveler_msgs) StdoutLine: {'line': b'[ 40%] \x1b[32mBuilding CXX object CMakeFiles/traveler_msgs__rosidl_typesupport_cpp.dir/rosidl_typesupport_cpp/traveler_msgs/msg/traveler_status__type_support.cpp.o\x1b[0m\n'}
[1.866398] (traveler_msgs) StdoutLine: {'line': b'[ 42%] \x1b[32mBuilding CXX object CMakeFiles/traveler_msgs__rosidl_typesupport_cpp.dir/rosidl_typesupport_cpp/traveler_msgs/msg/set_state__type_support.cpp.o\x1b[0m\n'}
[1.896701] (traveler_msgs) StdoutLine: {'line': b'[ 43%] \x1b[32mBuilding CXX object CMakeFiles/traveler_msgs__rosidl_typesupport_c.dir/rosidl_typesupport_c/traveler_msgs/msg/traveler_mode__type_support.cpp.o\x1b[0m\n'}
[1.905594] (-) TimerEvent: {}
[1.935015] (traveler_msgs) StdoutLine: {'line': b'[ 45%] \x1b[32mBuilding CXX object CMakeFiles/traveler_msgs__rosidl_typesupport_fastrtps_cpp.dir/rosidl_typesupport_fastrtps_cpp/traveler_msgs/msg/detail/dds_fastrtps/traveler_status__type_support.cpp.o\x1b[0m\n'}
[1.959414] (traveler_msgs) StdoutLine: {'line': b'[ 46%] \x1b[32mBuilding CXX object CMakeFiles/traveler_msgs__rosidl_typesupport_fastrtps_cpp.dir/rosidl_typesupport_fastrtps_cpp/traveler_msgs/msg/detail/dds_fastrtps/set_state__type_support.cpp.o\x1b[0m\n'}
[1.961639] (traveler_msgs) StdoutLine: {'line': b'[ 47%] \x1b[32mBuilding CXX object CMakeFiles/traveler_msgs__rosidl_typesupport_c.dir/rosidl_typesupport_c/traveler_msgs/msg/traveler_status__type_support.cpp.o\x1b[0m\n'}
[1.998667] (traveler_msgs) StdoutLine: {'line': b'[ 49%] \x1b[32mBuilding CXX object CMakeFiles/traveler_msgs__rosidl_typesupport_fastrtps_cpp.dir/rosidl_typesupport_fastrtps_cpp/traveler_msgs/msg/detail/dds_fastrtps/set_input_position__type_support.cpp.o\x1b[0m\n'}
[2.004152] (traveler_msgs) StdoutLine: {'line': b'[ 50%] \x1b[32mBuilding CXX object CMakeFiles/traveler_msgs__rosidl_typesupport_cpp.dir/rosidl_typesupport_cpp/traveler_msgs/msg/set_input_position__type_support.cpp.o\x1b[0m\n'}
[2.005717] (-) TimerEvent: {}
[2.008029] (traveler_msgs) StdoutLine: {'line': b'[ 52%] \x1b[32mBuilding CXX object CMakeFiles/traveler_msgs__rosidl_typesupport_c.dir/rosidl_typesupport_c/traveler_msgs/msg/set_state__type_support.cpp.o\x1b[0m\n'}
[2.042798] (traveler_msgs) StdoutLine: {'line': b'[ 53%] \x1b[32mBuilding CXX object CMakeFiles/traveler_msgs__rosidl_typesupport_c.dir/rosidl_typesupport_c/traveler_msgs/msg/set_input_position__type_support.cpp.o\x1b[0m\n'}
[2.082300] (traveler_msgs) StdoutLine: {'line': b'\x1b[35m\x1b[1mScanning dependencies of target traveler_msgs__rosidl_typesupport_introspection_c\x1b[0m\n'}
[2.082601] (traveler_msgs) StdoutLine: {'line': b'[ 54%] \x1b[32m\x1b[1mLinking CXX shared library libtraveler_msgs__rosidl_typesupport_c.so\x1b[0m\n'}
[2.097050] (traveler_msgs) StdoutLine: {'line': b'[ 56%] \x1b[32mBuilding C object CMakeFiles/traveler_msgs__rosidl_typesupport_introspection_c.dir/rosidl_typesupport_introspection_c/traveler_msgs/msg/detail/odrive_status__type_support.c.o\x1b[0m\n'}
[2.105843] (-) TimerEvent: {}
[2.111012] (traveler_msgs) StdoutLine: {'line': b'[ 57%] \x1b[32m\x1b[1mLinking CXX shared library libtraveler_msgs__rosidl_typesupport_introspection_cpp.so\x1b[0m\n'}
[2.116482] (traveler_msgs) StdoutLine: {'line': b'[ 59%] \x1b[32mBuilding C object CMakeFiles/traveler_msgs__rosidl_typesupport_introspection_c.dir/rosidl_typesupport_introspection_c/traveler_msgs/msg/detail/traveler_config__type_support.c.o\x1b[0m\n'}
[2.138942] (traveler_msgs) StdoutLine: {'line': b'[ 60%] \x1b[32mBuilding C object CMakeFiles/traveler_msgs__rosidl_typesupport_introspection_c.dir/rosidl_typesupport_introspection_c/traveler_msgs/msg/detail/traveler_mode__type_support.c.o\x1b[0m\n'}
[2.143159] (traveler_msgs) StdoutLine: {'line': b'[ 61%] \x1b[32mBuilding C object CMakeFiles/traveler_msgs__rosidl_typesupport_introspection_c.dir/rosidl_typesupport_introspection_c/traveler_msgs/msg/detail/traveler_status__type_support.c.o\x1b[0m\n'}
[2.153406] (traveler_msgs) StdoutLine: {'line': b'[ 61%] Built target traveler_msgs__rosidl_typesupport_c\n'}
[2.159068] (traveler_msgs) StdoutLine: {'line': b'[ 64%] \x1b[32mBuilding C object CMakeFiles/traveler_msgs__rosidl_typesupport_introspection_c.dir/rosidl_typesupport_introspection_c/traveler_msgs/msg/detail/set_input_position__type_support.c.o\x1b[0m\n'}
[2.159294] (traveler_msgs) StdoutLine: {'line': b'[ 64%] \x1b[32mBuilding C object CMakeFiles/traveler_msgs__rosidl_typesupport_introspection_c.dir/rosidl_typesupport_introspection_c/traveler_msgs/msg/detail/set_state__type_support.c.o\x1b[0m\n'}
[2.198811] (traveler_msgs) StdoutLine: {'line': b'[ 66%] \x1b[32m\x1b[1mLinking C shared library libtraveler_msgs__rosidl_typesupport_introspection_c.so\x1b[0m\n'}
[2.205975] (-) TimerEvent: {}
[2.218507] (traveler_msgs) StdoutLine: {'line': b'[ 66%] Built target traveler_msgs__rosidl_typesupport_introspection_cpp\n'}
[2.224188] (traveler_msgs) StdoutLine: {'line': b'[ 66%] Built target traveler_msgs__rosidl_typesupport_introspection_c\n'}
[2.306092] (-) TimerEvent: {}
[2.334676] (traveler_msgs) StdoutLine: {'line': b'[ 67%] \x1b[32m\x1b[1mLinking CXX shared library libtraveler_msgs__rosidl_typesupport_cpp.so\x1b[0m\n'}
[2.371936] (traveler_msgs) StdoutLine: {'line': b'[ 67%] Built target traveler_msgs__rosidl_typesupport_cpp\n'}
[2.406222] (-) TimerEvent: {}
[2.432020] (traveler_msgs) StdoutLine: {'line': b'[ 69%] \x1b[32m\x1b[1mLinking CXX shared library libtraveler_msgs__rosidl_typesupport_fastrtps_cpp.so\x1b[0m\n'}
[2.492363] (traveler_msgs) StdoutLine: {'line': b'[ 69%] Built target traveler_msgs__rosidl_typesupport_fastrtps_cpp\n'}
[2.499868] (traveler_msgs) StdoutLine: {'line': b'[ 70%] \x1b[34m\x1b[1mGenerating C type support for eProsima Fast-RTPS\x1b[0m\n'}
[2.506373] (-) TimerEvent: {}
[2.606630] (-) TimerEvent: {}
[2.706933] (-) TimerEvent: {}
[2.747941] (traveler_msgs) StdoutLine: {'line': b'\x1b[35m\x1b[1mScanning dependencies of target traveler_msgs__rosidl_typesupport_fastrtps_c\x1b[0m\n'}
[2.759803] (traveler_msgs) StdoutLine: {'line': b'[ 71%] \x1b[32mBuilding CXX object CMakeFiles/traveler_msgs__rosidl_typesupport_fastrtps_c.dir/rosidl_typesupport_fastrtps_c/traveler_msgs/msg/detail/traveler_mode__type_support_c.cpp.o\x1b[0m\n'}
[2.760806] (traveler_msgs) StdoutLine: {'line': b'[ 76%] \x1b[32mBuilding CXX object CMakeFiles/traveler_msgs__rosidl_typesupport_fastrtps_c.dir/rosidl_typesupport_fastrtps_c/traveler_msgs/msg/detail/odrive_status__type_support_c.cpp.o\x1b[0m\n'}
[2.761007] (traveler_msgs) StdoutLine: {'line': b'[ 76%] \x1b[32mBuilding CXX object CMakeFiles/traveler_msgs__rosidl_typesupport_fastrtps_c.dir/rosidl_typesupport_fastrtps_c/traveler_msgs/msg/detail/traveler_config__type_support_c.cpp.o\x1b[0m\n'}
[2.761090] (traveler_msgs) StdoutLine: {'line': b'[ 76%] \x1b[32mBuilding CXX object CMakeFiles/traveler_msgs__rosidl_typesupport_fastrtps_c.dir/rosidl_typesupport_fastrtps_c/traveler_msgs/msg/detail/traveler_status__type_support_c.cpp.o\x1b[0m\n'}
[2.761309] (traveler_msgs) StdoutLine: {'line': b'[ 78%] \x1b[32mBuilding CXX object CMakeFiles/traveler_msgs__rosidl_typesupport_fastrtps_c.dir/rosidl_typesupport_fastrtps_c/traveler_msgs/msg/detail/set_input_position__type_support_c.cpp.o\x1b[0m\n'}
[2.761722] (traveler_msgs) StdoutLine: {'line': b'[ 77%] \x1b[32mBuilding CXX object CMakeFiles/traveler_msgs__rosidl_typesupport_fastrtps_c.dir/rosidl_typesupport_fastrtps_c/traveler_msgs/msg/detail/set_state__type_support_c.cpp.o\x1b[0m\n'}
[2.807041] (-) TimerEvent: {}
[2.907352] (-) TimerEvent: {}
[3.007712] (-) TimerEvent: {}
[3.108024] (-) TimerEvent: {}
[3.126228] (traveler_msgs) StdoutLine: {'line': b'[ 80%] \x1b[32m\x1b[1mLinking CXX shared library libtraveler_msgs__rosidl_typesupport_fastrtps_c.so\x1b[0m\n'}
[3.185982] (traveler_msgs) StdoutLine: {'line': b'[ 80%] Built target traveler_msgs__rosidl_typesupport_fastrtps_c\n'}
[3.199328] (traveler_msgs) StdoutLine: {'line': b'[ 80%] Built target traveler_msgs\n'}
[3.208171] (-) TimerEvent: {}
[3.213429] (traveler_msgs) StdoutLine: {'line': b'[ 81%] \x1b[34m\x1b[1mGenerating Python code for ROS interfaces\x1b[0m\n'}
[3.308602] (-) TimerEvent: {}
[3.409015] (-) TimerEvent: {}
[3.509506] (-) TimerEvent: {}
[3.609794] (-) TimerEvent: {}
[3.710096] (-) TimerEvent: {}
[3.780812] (traveler_msgs) StdoutLine: {'line': b'[ 81%] Built target traveler_msgs__py\n'}
[3.790030] (traveler_msgs) StdoutLine: {'line': b'\x1b[35m\x1b[1mScanning dependencies of target traveler_msgs__python\x1b[0m\n'}
[3.806095] (traveler_msgs) StdoutLine: {'line': b'[ 83%] \x1b[32mBuilding C object CMakeFiles/traveler_msgs__python.dir/rosidl_generator_py/traveler_msgs/msg/_odrive_status_s.c.o\x1b[0m\n'}
[3.808295] (traveler_msgs) StdoutLine: {'line': b'[ 85%] \x1b[32mBuilding C object CMakeFiles/traveler_msgs__python.dir/rosidl_generator_py/traveler_msgs/msg/_traveler_config_s.c.o\x1b[0m\n'}
[3.808549] (traveler_msgs) StdoutLine: {'line': b'[ 85%] \x1b[32mBuilding C object CMakeFiles/traveler_msgs__python.dir/rosidl_generator_py/traveler_msgs/msg/_set_state_s.c.o\x1b[0m\n'}
[3.808659] (traveler_msgs) StdoutLine: {'line': b'[ 87%] \x1b[32mBuilding C object CMakeFiles/traveler_msgs__python.dir/rosidl_generator_py/traveler_msgs/msg/_traveler_status_s.c.o\x1b[0m\n'}
[3.808932] (traveler_msgs) StdoutLine: {'line': b'[ 90%] \x1b[32mBuilding C object CMakeFiles/traveler_msgs__python.dir/rosidl_generator_py/traveler_msgs/msg/_set_input_position_s.c.o\x1b[0m\n'}
[3.809049] (traveler_msgs) StdoutLine: {'line': b'[ 90%] \x1b[32mBuilding C object CMakeFiles/traveler_msgs__python.dir/rosidl_generator_py/traveler_msgs/msg/_traveler_mode_s.c.o\x1b[0m\n'}
[3.810239] (-) TimerEvent: {}
[3.906486] (traveler_msgs) StdoutLine: {'line': b'[ 91%] \x1b[32m\x1b[1mLinking C shared library rosidl_generator_py/traveler_msgs/libtraveler_msgs__python.so\x1b[0m\n'}
[3.910295] (-) TimerEvent: {}
[3.934852] (traveler_msgs) StdoutLine: {'line': b'[ 91%] Built target traveler_msgs__python\n'}
[3.942860] (traveler_msgs) StdoutLine: {'line': b'\x1b[35m\x1b[1mScanning dependencies of target traveler_msgs__rosidl_typesupport_introspection_c__pyext\x1b[0m\n'}
[3.945959] (traveler_msgs) StdoutLine: {'line': b'\x1b[35m\x1b[1mScanning dependencies of target traveler_msgs__rosidl_typesupport_fastrtps_c__pyext\x1b[0m\n'}
[3.946158] (traveler_msgs) StdoutLine: {'line': b'\x1b[35m\x1b[1mScanning dependencies of target traveler_msgs__rosidl_typesupport_c__pyext\x1b[0m\n'}
[3.956216] (traveler_msgs) StdoutLine: {'line': b'[ 92%] \x1b[32mBuilding C object CMakeFiles/traveler_msgs__rosidl_typesupport_introspection_c__pyext.dir/rosidl_generator_py/traveler_msgs/_traveler_msgs_s.ep.rosidl_typesupport_introspection_c.c.o\x1b[0m\n'}
[3.961163] (traveler_msgs) StdoutLine: {'line': b'[ 94%] \x1b[32mBuilding C object CMakeFiles/traveler_msgs__rosidl_typesupport_c__pyext.dir/rosidl_generator_py/traveler_msgs/_traveler_msgs_s.ep.rosidl_typesupport_c.c.o\x1b[0m\n'}
[3.962118] (traveler_msgs) StdoutLine: {'line': b'[ 95%] \x1b[32mBuilding C object CMakeFiles/traveler_msgs__rosidl_typesupport_fastrtps_c__pyext.dir/rosidl_generator_py/traveler_msgs/_traveler_msgs_s.ep.rosidl_typesupport_fastrtps_c.c.o\x1b[0m\n'}
[4.010428] (-) TimerEvent: {}
[4.019312] (traveler_msgs) StdoutLine: {'line': b'[ 97%] \x1b[32m\x1b[1mLinking C shared library rosidl_generator_py/traveler_msgs/traveler_msgs_s__rosidl_typesupport_introspection_c.cpython-38-x86_64-linux-gnu.so\x1b[0m\n'}
[4.050705] (traveler_msgs) StdoutLine: {'line': b'[ 98%] \x1b[32m\x1b[1mLinking C shared library rosidl_generator_py/traveler_msgs/traveler_msgs_s__rosidl_typesupport_c.cpython-38-x86_64-linux-gnu.so\x1b[0m\n'}
[4.050939] (traveler_msgs) StdoutLine: {'line': b'[ 98%] Built target traveler_msgs__rosidl_typesupport_introspection_c__pyext\n'}
[4.064025] (traveler_msgs) StdoutLine: {'line': b'[100%] \x1b[32m\x1b[1mLinking CXX shared library rosidl_generator_py/traveler_msgs/traveler_msgs_s__rosidl_typesupport_fastrtps_c.cpython-38-x86_64-linux-gnu.so\x1b[0m\n'}
[4.080078] (traveler_msgs) StdoutLine: {'line': b'[100%] Built target traveler_msgs__rosidl_typesupport_c__pyext\n'}
[4.107924] (traveler_msgs) StdoutLine: {'line': b'[100%] Built target traveler_msgs__rosidl_typesupport_fastrtps_c__pyext\n'}
[4.110522] (-) TimerEvent: {}
[4.117847] (traveler_msgs) CommandEnded: {'returncode': 0}
[4.182304] (traveler_msgs) JobProgress: {'identifier': 'traveler_msgs', 'progress': 'install'}
[4.190544] (traveler_msgs) Command: {'cmd': ['/usr/bin/cmake', '--install', '/home/qianlab/single_turtle_workspace/build/traveler_msgs'], 'cwd': '/home/qianlab/single_turtle_workspace/build/traveler_msgs', 'env': OrderedDict([('GJS_DEBUG_TOPICS', 'JS ERROR;JS LOG'), ('LESSOPEN', '| /usr/bin/lesspipe %s'), ('USER', 'qianlab'), ('SSH_AGENT_PID', '2033'), ('XDG_SESSION_TYPE', 'x11'), ('GIT_ASKPASS', '/usr/share/code/resources/app/extensions/git/dist/askpass.sh'), ('SHLVL', '1'), ('LD_LIBRARY_PATH', '/home/qianlab/lassie-traveler/dependencies/install/traveler_msgs/lib:/opt/ros/foxy/opt/yaml_cpp_vendor/lib:/opt/ros/foxy/opt/rviz_ogre_vendor/lib:/opt/ros/foxy/lib/x86_64-linux-gnu:/opt/ros/foxy/lib'), ('HOME', '/home/qianlab'), ('CHROME_DESKTOP', 'code.desktop'), ('CONDA_SHLVL', '0'), ('TERM_PROGRAM_VERSION', '1.100.3'), ('DESKTOP_SESSION', 'ubuntu'), ('NVM_BIN', '/home/qianlab/.nvm/versions/node/v12.18.3/bin'), ('NVM_INC', '/home/qianlab/.nvm/versions/node/v12.18.3/include/node'), ('GIO_LAUNCHED_DESKTOP_FILE', '/usr/share/applications/code.desktop'), ('ROS_PYTHON_VERSION', '3'), ('GNOME_SHELL_SESSION_MODE', 'ubuntu'), ('GTK_MODULES', 'gail:atk-bridge'), ('VSCODE_GIT_ASKPASS_MAIN', '/usr/share/code/resources/app/extensions/git/dist/askpass-main.js'), ('VSCODE_GIT_ASKPASS_NODE', '/usr/share/code/code'), ('MANAGERPID', '1924'), ('DBUS_SESSION_BUS_ADDRESS', 'unix:path=/run/user/1000/bus'), ('COLORTERM', 'truecolor'), ('_CE_M', ''), ('GIO_LAUNCHED_DESKTOP_FILE_PID', '2660'), ('NVM_DIR', '/home/qianlab/.nvm'), ('MANDATORY_PATH', '/usr/share/gconf/ubuntu.mandatory.path'), ('IM_CONFIG_PHASE', '1'), ('COLCON_PREFIX_PATH', '/home/qianlab/lassie-traveler/dependencies/install'), ('ROS_DISTRO', 'foxy'), ('LOGNAME', 'qianlab'), ('JOURNAL_STREAM', '8:56505'), ('_', '/usr/bin/colcon'), ('ROS_VERSION', '2'), ('XDG_SESSION_CLASS', 'user'), ('DEFAULTS_PATH', '/usr/share/gconf/ubuntu.default.path'), ('USERNAME', 'qianlab'), ('TERM', 'xterm-256color'), ('GNOME_DESKTOP_SESSION_ID', 'this-is-deprecated'), ('_CE_CONDA', ''), ('ROS_LOCALHOST_ONLY', '0'), ('WINDOWPATH', '2'), ('PATH', '/home/qianlab/ghost_robotics/arm_toolchain/bin:/home/qianlab/.local/bin:/home/qianlab/ghost_robotics/arm_toolchain/bin:/home/qianlab/miniconda3/condabin:/home/qianlab/.nvm/versions/node/v12.18.3/bin:/opt/ros/foxy/bin:/home/qianlab/.local/bin:/usr/local/sbin:/usr/local/bin:/usr/sbin:/usr/bin:/sbin:/bin:/usr/games:/usr/local/games:/snap/bin'), ('SESSION_MANAGER', 'local/qianlab-Yoga-7-14IAL7:@/tmp/.ICE-unix/2071,unix/qianlab-Yoga-7-14IAL7:/tmp/.ICE-unix/2071'), ('INVOCATION_ID', 'ada520d1c1f94e228d33304f77e601b8'), ('XDG_MENU_PREFIX', 'gnome-'), ('XDG_RUNTIME_DIR', '/run/user/1000'), ('GDK_BACKEND', 'x11'), ('DISPLAY', ':0'), ('LANG', 'en_US.UTF-8'), ('XDG_CURRENT_DESKTOP', 'Unity'), ('XMODIFIERS', '@im=ibus'), ('XDG_SESSION_DESKTOP', 'ubuntu'), ('XAUTHORITY', '/run/user/1000/gdm/Xauthority'), ('LS_COLORS', 'rs=0:di=01;34:ln=01;36:mh=00:pi=40;33:so=01;35:do=01;35:bd=40;33;01:cd=40;33;01:or=40;31;01:mi=00:su=37;41:sg=30;43:ca=30;41:tw=30;42:ow=34;42:st=37;44:ex=01;32:*.tar=01;31:*.tgz=01;31:*.arc=01;31:*.arj=01;31:*.taz=01;31:*.lha=01;31:*.lz4=01;31:*.lzh=01;31:*.lzma=01;31:*.tlz=01;31:*.txz=01;31:*.tzo=01;31:*.t7z=01;31:*.zip=01;31:*.z=01;31:*.dz=01;31:*.gz=01;31:*.lrz=01;31:*.lz=01;31:*.lzo=01;31:*.xz=01;31:*.zst=01;31:*.tzst=01;31:*.bz2=01;31:*.bz=01;31:*.tbz=01;31:*.tbz2=01;31:*.tz=01;31:*.deb=01;31:*.rpm=01;31:*.jar=01;31:*.war=01;31:*.ear=01;31:*.sar=01;31:*.rar=01;31:*.alz=01;31:*.ace=01;31:*.zoo=01;31:*.cpio=01;31:*.7z=01;31:*.rz=01;31:*.cab=01;31:*.wim=01;31:*.swm=01;31:*.dwm=01;31:*.esd=01;31:*.jpg=01;35:*.jpeg=01;35:*.mjpg=01;35:*.mjpeg=01;35:*.gif=01;35:*.bmp=01;35:*.pbm=01;35:*.pgm=01;35:*.ppm=01;35:*.tga=01;35:*.xbm=01;35:*.xpm=01;35:*.tif=01;35:*.tiff=01;35:*.png=01;35:*.svg=01;35:*.svgz=01;35:*.mng=01;35:*.pcx=01;35:*.mov=01;35:*.mpg=01;35:*.mpeg=01;35:*.m2v=01;35:*.mkv=01;35:*.webm=01;35:*.ogm=01;35:*.mp4=01;35:*.m4v=01;35:*.mp4v=01;35:*.vob=01;35:*.qt=01;35:*.nuv=01;35:*.wmv=01;35:*.asf=01;35:*.rm=01;35:*.rmvb=01;35:*.flc=01;35:*.avi=01;35:*.fli=01;35:*.flv=01;35:*.gl=01;35:*.dl=01;35:*.xcf=01;35:*.xwd=01;35:*.yuv=01;35:*.cgm=01;35:*.emf=01;35:*.ogv=01;35:*.ogx=01;35:*.aac=00;36:*.au=00;36:*.flac=00;36:*.m4a=00;36:*.mid=00;36:*.midi=00;36:*.mka=00;36:*.mp3=00;36:*.mpc=00;36:*.ogg=00;36:*.ra=00;36:*.wav=00;36:*.oga=00;36:*.opus=00;36:*.spx=00;36:*.xspf=00;36:'), ('VSCODE_GIT_IPC_HANDLE', '/run/user/1000/vscode-git-66f982bc43.sock'), ('TERM_PROGRAM', 'vscode'), ('SSH_AUTH_SOCK', '/run/user/1000/keyring/ssh'), ('ROS_DOMAIN_ID', '19'), ('AMENT_PREFIX_PATH', '/home/qianlab/lassie-traveler/dependencies/install/traveler_high_controller:/home/qianlab/lassie-traveler/dependencies/install/traveler_msgs:/opt/ros/foxy'), ('CONDA_PYTHON_EXE', '/home/qianlab/miniconda3/bin/python'), ('ORIGINAL_XDG_CURRENT_DESKTOP', 'ubuntu:GNOME'), ('SHELL', '/bin/bash'), ('QT_ACCESSIBILITY', '1'), ('GDMSESSION', 'ubuntu'), ('LESSCLOSE', '/usr/bin/lesspipe %s %s'), ('GPG_AGENT_INFO', '/run/user/1000/gnupg/S.gpg-agent:0:1'), ('GJS_DEBUG_OUTPUT', 'stderr'), ('VSCODE_GIT_ASKPASS_EXTRA_ARGS', ''), ('QT_IM_MODULE', 'ibus'), ('PWD', '/home/qianlab/single_turtle_workspace/build/traveler_msgs'), ('XDG_CONFIG_DIRS', '/etc/xdg/xdg-ubuntu:/etc/xdg'), ('CONDA_EXE', '/home/qianlab/miniconda3/bin/conda'), ('NVM_CD_FLAGS', ''), ('XDG_DATA_DIRS', '/usr/share/ubuntu:/usr/local/share/:/usr/share/:/var/lib/snapd/desktop'), ('PYTHONPATH', '/home/qianlab/lassie-traveler/dependencies/install/traveler_msgs/lib/python3.8/site-packages:/opt/ros/foxy/lib/python3.8/site-packages'), ('CUSTOM_ENV_NAME', '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'), ('COLCON', '1'), ('CMAKE_PREFIX_PATH', '/home/qianlab/lassie-traveler/dependencies/install/traveler_high_controller:/home/qianlab/lassie-traveler/dependencies/install/traveler_msgs:/opt/ros/foxy')]), 'shell': False}
[4.198281] (traveler_msgs) StdoutLine: {'line': b'-- Install configuration: ""\n'}
[4.198510] (traveler_msgs) StdoutLine: {'line': b'-- Up-to-date: /home/qianlab/single_turtle_workspace/install/traveler_msgs/share/ament_index/resource_index/rosidl_interfaces/traveler_msgs\n'}
[4.198666] (traveler_msgs) StdoutLine: {'line': b'-- Up-to-date: /home/qianlab/single_turtle_workspace/install/traveler_msgs/include/traveler_msgs\n'}
[4.198767] (traveler_msgs) StdoutLine: {'line': b'-- Up-to-date: /home/qianlab/single_turtle_workspace/install/traveler_msgs/include/traveler_msgs/msg\n'}
[4.198889] (traveler_msgs) StdoutLine: {'line': b'-- Up-to-date: /home/qianlab/single_turtle_workspace/install/traveler_msgs/include/traveler_msgs/msg/rosidl_generator_c__visibility_control.h\n'}
[4.199022] (traveler_msgs) StdoutLine: {'line': b'-- Installing: /home/qianlab/single_turtle_workspace/install/traveler_msgs/include/traveler_msgs/msg/set_state.h\n'}
[4.199125] (traveler_msgs) StdoutLine: {'line': b'-- Installing: /home/qianlab/single_turtle_workspace/install/traveler_msgs/include/traveler_msgs/msg/traveler_mode.h\n'}
[4.199226] (traveler_msgs) StdoutLine: {'line': b'-- Installing: /home/qianlab/single_turtle_workspace/install/traveler_msgs/include/traveler_msgs/msg/odrive_status.h\n'}
[4.199338] (traveler_msgs) StdoutLine: {'line': b'-- Installing: /home/qianlab/single_turtle_workspace/install/traveler_msgs/include/traveler_msgs/msg/traveler_config.h\n'}
[4.199440] (traveler_msgs) StdoutLine: {'line': b'-- Installing: /home/qianlab/single_turtle_workspace/install/traveler_msgs/include/traveler_msgs/msg/traveler_status.h\n'}
[4.199540] (traveler_msgs) StdoutLine: {'line': b'-- Installing: /home/qianlab/single_turtle_workspace/install/traveler_msgs/include/traveler_msgs/msg/set_input_position.h\n'}
[4.199652] (traveler_msgs) StdoutLine: {'line': b'-- Up-to-date: /home/qianlab/single_turtle_workspace/install/traveler_msgs/include/traveler_msgs/msg/detail\n'}
[4.199749] (traveler_msgs) StdoutLine: {'line': b'-- Installing: /home/qianlab/single_turtle_workspace/install/traveler_msgs/include/traveler_msgs/msg/detail/set_state__struct.h\n'}
[4.199862] (traveler_msgs) StdoutLine: {'line': b'-- Installing: /home/qianlab/single_turtle_workspace/install/traveler_msgs/include/traveler_msgs/msg/detail/traveler_config__struct.h\n'}
[4.199960] (traveler_msgs) StdoutLine: {'line': b'-- Installing: /home/qianlab/single_turtle_workspace/install/traveler_msgs/include/traveler_msgs/msg/detail/odrive_status__struct.h\n'}
[4.200046] (traveler_msgs) StdoutLine: {'line': b'-- Installing: /home/qianlab/single_turtle_workspace/install/traveler_msgs/include/traveler_msgs/msg/detail/odrive_status__functions.c\n'}
[4.200141] (traveler_msgs) StdoutLine: {'line': b'-- Installing: /home/qianlab/single_turtle_workspace/install/traveler_msgs/include/traveler_msgs/msg/detail/traveler_config__functions.h\n'}
[4.200218] (traveler_msgs) StdoutLine: {'line': b'-- Installing: /home/qianlab/single_turtle_workspace/install/traveler_msgs/include/traveler_msgs/msg/detail/traveler_config__functions.c\n'}
[4.200298] (traveler_msgs) StdoutLine: {'line': b'-- Installing: /home/qianlab/single_turtle_workspace/install/traveler_msgs/include/traveler_msgs/msg/detail/traveler_status__functions.h\n'}
[4.200365] (traveler_msgs) StdoutLine: {'line': b'-- Installing: /home/qianlab/single_turtle_workspace/install/traveler_msgs/include/traveler_msgs/msg/detail/odrive_status__type_support.h\n'}
[4.200431] (traveler_msgs) StdoutLine: {'line': b'-- Installing: /home/qianlab/single_turtle_workspace/install/traveler_msgs/include/traveler_msgs/msg/detail/traveler_mode__functions.h\n'}
[4.200535] (traveler_msgs) StdoutLine: {'line': b'-- Installing: /home/qianlab/single_turtle_workspace/install/traveler_msgs/include/traveler_msgs/msg/detail/set_input_position__functions.c\n'}
[4.200644] (traveler_msgs) StdoutLine: {'line': b'-- Installing: /home/qianlab/single_turtle_workspace/install/traveler_msgs/include/traveler_msgs/msg/detail/traveler_status__struct.h\n'}
[4.200741] (traveler_msgs) StdoutLine: {'line': b'-- Installing: /home/qianlab/single_turtle_workspace/install/traveler_msgs/include/traveler_msgs/msg/detail/traveler_status__functions.c\n'}
[4.200867] (traveler_msgs) StdoutLine: {'line': b'-- Installing: /home/qianlab/single_turtle_workspace/install/traveler_msgs/include/traveler_msgs/msg/detail/traveler_mode__struct.h\n'}
[4.200938] (traveler_msgs) StdoutLine: {'line': b'-- Installing: /home/qianlab/single_turtle_workspace/install/traveler_msgs/include/traveler_msgs/msg/detail/set_state__functions.h\n'}
[4.201034] (traveler_msgs) StdoutLine: {'line': b'-- Installing: /home/qianlab/single_turtle_workspace/install/traveler_msgs/include/traveler_msgs/msg/detail/set_input_position__functions.h\n'}
[4.201103] (traveler_msgs) StdoutLine: {'line': b'-- Installing: /home/qianlab/single_turtle_workspace/install/traveler_msgs/include/traveler_msgs/msg/detail/set_input_position__type_support.h\n'}
[4.201194] (traveler_msgs) StdoutLine: {'line': b'-- Installing: /home/qianlab/single_turtle_workspace/install/traveler_msgs/include/traveler_msgs/msg/detail/odrive_status__functions.h\n'}
[4.201317] (traveler_msgs) StdoutLine: {'line': b'-- Installing: /home/qianlab/single_turtle_workspace/install/traveler_msgs/include/traveler_msgs/msg/detail/traveler_mode__type_support.h\n'}
[4.201387] (traveler_msgs) StdoutLine: {'line': b'-- Installing: /home/qianlab/single_turtle_workspace/install/traveler_msgs/include/traveler_msgs/msg/detail/traveler_mode__functions.c\n'}
[4.201493] (traveler_msgs) StdoutLine: {'line': b'-- Installing: /home/qianlab/single_turtle_workspace/install/traveler_msgs/include/traveler_msgs/msg/detail/set_state__functions.c\n'}
[4.201605] (traveler_msgs) StdoutLine: {'line': b'-- Installing: /home/qianlab/single_turtle_workspace/install/traveler_msgs/include/traveler_msgs/msg/detail/set_input_position__struct.h\n'}
[4.201672] (traveler_msgs) StdoutLine: {'line': b'-- Installing: /home/qianlab/single_turtle_workspace/install/traveler_msgs/include/traveler_msgs/msg/detail/set_state__type_support.h\n'}
[4.201754] (traveler_msgs) StdoutLine: {'line': b'-- Installing: /home/qianlab/single_turtle_workspace/install/traveler_msgs/include/traveler_msgs/msg/detail/traveler_status__type_support.h\n'}
[4.201822] (traveler_msgs) StdoutLine: {'line': b'-- Installing: /home/qianlab/single_turtle_workspace/install/traveler_msgs/include/traveler_msgs/msg/detail/traveler_config__type_support.h\n'}
[4.201896] (traveler_msgs) StdoutLine: {'line': b'-- Up-to-date: /home/qianlab/single_turtle_workspace/install/traveler_msgs/share/traveler_msgs/environment/library_path.sh\n'}
[4.201986] (traveler_msgs) StdoutLine: {'line': b'-- Installing: /home/qianlab/single_turtle_workspace/install/traveler_msgs/share/traveler_msgs/environment/library_path.dsv\n'}
[4.202122] (traveler_msgs) StdoutLine: {'line': b'-- Installing: /home/qianlab/single_turtle_workspace/install/traveler_msgs/lib/libtraveler_msgs__rosidl_generator_c.so\n'}
[4.202234] (traveler_msgs) StdoutLine: {'line': b'-- Set runtime path of "/home/qianlab/single_turtle_workspace/install/traveler_msgs/lib/libtraveler_msgs__rosidl_generator_c.so" to ""\n'}
[4.202342] (traveler_msgs) StdoutLine: {'line': b'-- Up-to-date: /home/qianlab/single_turtle_workspace/install/traveler_msgs/include/traveler_msgs\n'}
[4.202441] (traveler_msgs) StdoutLine: {'line': b'-- Up-to-date: /home/qianlab/single_turtle_workspace/install/traveler_msgs/include/traveler_msgs/msg\n'}
[4.202544] (traveler_msgs) StdoutLine: {'line': b'-- Up-to-date: /home/qianlab/single_turtle_workspace/install/traveler_msgs/include/traveler_msgs/msg/rosidl_typesupport_fastrtps_c__visibility_control.h\n'}
[4.202628] (traveler_msgs) StdoutLine: {'line': b'-- Up-to-date: /home/qianlab/single_turtle_workspace/install/traveler_msgs/include/traveler_msgs/msg/detail\n'}
[4.202694] (traveler_msgs) StdoutLine: {'line': b'-- Installing: /home/qianlab/single_turtle_workspace/install/traveler_msgs/include/traveler_msgs/msg/detail/traveler_config__rosidl_typesupport_fastrtps_c.h\n'}
[4.202781] (traveler_msgs) StdoutLine: {'line': b'-- Installing: /home/qianlab/single_turtle_workspace/install/traveler_msgs/include/traveler_msgs/msg/detail/traveler_mode__rosidl_typesupport_fastrtps_c.h\n'}
[4.202850] (traveler_msgs) StdoutLine: {'line': b'-- Installing: /home/qianlab/single_turtle_workspace/install/traveler_msgs/include/traveler_msgs/msg/detail/traveler_status__rosidl_typesupport_fastrtps_c.h\n'}
[4.202937] (traveler_msgs) StdoutLine: {'line': b'-- Installing: /home/qianlab/single_turtle_workspace/install/traveler_msgs/include/traveler_msgs/msg/detail/set_input_position__rosidl_typesupport_fastrtps_c.h\n'}
[4.203031] (traveler_msgs) StdoutLine: {'line': b'-- Installing: /home/qianlab/single_turtle_workspace/install/traveler_msgs/include/traveler_msgs/msg/detail/set_state__rosidl_typesupport_fastrtps_c.h\n'}
[4.203100] (traveler_msgs) StdoutLine: {'line': b'-- Installing: /home/qianlab/single_turtle_workspace/install/traveler_msgs/include/traveler_msgs/msg/detail/odrive_status__rosidl_typesupport_fastrtps_c.h\n'}
[4.203186] (traveler_msgs) StdoutLine: {'line': b'-- Installing: /home/qianlab/single_turtle_workspace/install/traveler_msgs/lib/libtraveler_msgs__rosidl_typesupport_fastrtps_c.so\n'}
[4.203300] (traveler_msgs) StdoutLine: {'line': b'-- Set runtime path of "/home/qianlab/single_turtle_workspace/install/traveler_msgs/lib/libtraveler_msgs__rosidl_typesupport_fastrtps_c.so" to ""\n'}
[4.203396] (traveler_msgs) StdoutLine: {'line': b'-- Up-to-date: /home/qianlab/single_turtle_workspace/install/traveler_msgs/include/traveler_msgs\n'}
[4.203523] (traveler_msgs) StdoutLine: {'line': b'-- Up-to-date: /home/qianlab/single_turtle_workspace/install/traveler_msgs/include/traveler_msgs/msg\n'}
[4.203628] (traveler_msgs) StdoutLine: {'line': b'-- Up-to-date: /home/qianlab/single_turtle_workspace/install/traveler_msgs/include/traveler_msgs/msg/detail\n'}
[4.203736] (traveler_msgs) StdoutLine: {'line': b'-- Installing: /home/qianlab/single_turtle_workspace/install/traveler_msgs/include/traveler_msgs/msg/detail/traveler_config__rosidl_typesupport_fastrtps_cpp.hpp\n'}
[4.203822] (traveler_msgs) StdoutLine: {'line': b'-- Installing: /home/qianlab/single_turtle_workspace/install/traveler_msgs/include/traveler_msgs/msg/detail/traveler_mode__rosidl_typesupport_fastrtps_cpp.hpp\n'}
[4.203925] (traveler_msgs) StdoutLine: {'line': b'-- Installing: /home/qianlab/single_turtle_workspace/install/traveler_msgs/include/traveler_msgs/msg/detail/set_input_position__rosidl_typesupport_fastrtps_cpp.hpp\n'}
[4.204023] (traveler_msgs) StdoutLine: {'line': b'-- Up-to-date: /home/qianlab/single_turtle_workspace/install/traveler_msgs/include/traveler_msgs/msg/detail/dds_fastrtps\n'}
[4.204134] (traveler_msgs) StdoutLine: {'line': b'-- Installing: /home/qianlab/single_turtle_workspace/install/traveler_msgs/include/traveler_msgs/msg/detail/traveler_status__rosidl_typesupport_fastrtps_cpp.hpp\n'}
[4.204232] (traveler_msgs) StdoutLine: {'line': b'-- Installing: /home/qianlab/single_turtle_workspace/install/traveler_msgs/include/traveler_msgs/msg/detail/odrive_status__rosidl_typesupport_fastrtps_cpp.hpp\n'}
[4.204344] (traveler_msgs) StdoutLine: {'line': b'-- Installing: /home/qianlab/single_turtle_workspace/install/traveler_msgs/include/traveler_msgs/msg/detail/set_state__rosidl_typesupport_fastrtps_cpp.hpp\n'}
[4.204466] (traveler_msgs) StdoutLine: {'line': b'-- Up-to-date: /home/qianlab/single_turtle_workspace/install/traveler_msgs/include/traveler_msgs/msg/rosidl_typesupport_fastrtps_cpp__visibility_control.h\n'}
[4.204560] (traveler_msgs) StdoutLine: {'line': b'-- Installing: /home/qianlab/single_turtle_workspace/install/traveler_msgs/lib/libtraveler_msgs__rosidl_typesupport_fastrtps_cpp.so\n'}
[4.204672] (traveler_msgs) StdoutLine: {'line': b'-- Set runtime path of "/home/qianlab/single_turtle_workspace/install/traveler_msgs/lib/libtraveler_msgs__rosidl_typesupport_fastrtps_cpp.so" to ""\n'}
[4.204767] (traveler_msgs) StdoutLine: {'line': b'-- Up-to-date: /home/qianlab/single_turtle_workspace/install/traveler_msgs/include/traveler_msgs\n'}
[4.204850] (traveler_msgs) StdoutLine: {'line': b'-- Up-to-date: /home/qianlab/single_turtle_workspace/install/traveler_msgs/include/traveler_msgs/msg\n'}
[4.204943] (traveler_msgs) StdoutLine: {'line': b'-- Up-to-date: /home/qianlab/single_turtle_workspace/install/traveler_msgs/include/traveler_msgs/msg/rosidl_typesupport_introspection_c__visibility_control.h\n'}
[4.205043] (traveler_msgs) StdoutLine: {'line': b'-- Up-to-date: /home/qianlab/single_turtle_workspace/install/traveler_msgs/include/traveler_msgs/msg/detail\n'}
[4.205140] (traveler_msgs) StdoutLine: {'line': b'-- Installing: /home/qianlab/single_turtle_workspace/install/traveler_msgs/include/traveler_msgs/msg/detail/traveler_status__rosidl_typesupport_introspection_c.h\n'}
[4.205235] (traveler_msgs) StdoutLine: {'line': b'-- Installing: /home/qianlab/single_turtle_workspace/install/traveler_msgs/include/traveler_msgs/msg/detail/traveler_config__rosidl_typesupport_introspection_c.h\n'}
[4.205302] (traveler_msgs) StdoutLine: {'line': b'-- Installing: /home/qianlab/single_turtle_workspace/install/traveler_msgs/include/traveler_msgs/msg/detail/set_state__type_support.c\n'}
[4.205368] (traveler_msgs) StdoutLine: {'line': b'-- Installing: /home/qianlab/single_turtle_workspace/install/traveler_msgs/include/traveler_msgs/msg/detail/traveler_mode__rosidl_typesupport_introspection_c.h\n'}
[4.205452] (traveler_msgs) StdoutLine: {'line': b'-- Installing: /home/qianlab/single_turtle_workspace/install/traveler_msgs/include/traveler_msgs/msg/detail/set_input_position__rosidl_typesupport_introspection_c.h\n'}
[4.205517] (traveler_msgs) StdoutLine: {'line': b'-- Installing: /home/qianlab/single_turtle_workspace/install/traveler_msgs/include/traveler_msgs/msg/detail/odrive_status__rosidl_typesupport_introspection_c.h\n'}
[4.205581] (traveler_msgs) StdoutLine: {'line': b'-- Installing: /home/qianlab/single_turtle_workspace/install/traveler_msgs/include/traveler_msgs/msg/detail/traveler_mode__type_support.c\n'}
[4.205665] (traveler_msgs) StdoutLine: {'line': b'-- Installing: /home/qianlab/single_turtle_workspace/install/traveler_msgs/include/traveler_msgs/msg/detail/set_input_position__type_support.c\n'}
[4.205751] (traveler_msgs) StdoutLine: {'line': b'-- Installing: /home/qianlab/single_turtle_workspace/install/traveler_msgs/include/traveler_msgs/msg/detail/set_state__rosidl_typesupport_introspection_c.h\n'}
[4.205817] (traveler_msgs) StdoutLine: {'line': b'-- Installing: /home/qianlab/single_turtle_workspace/install/traveler_msgs/include/traveler_msgs/msg/detail/traveler_status__type_support.c\n'}
[4.205908] (traveler_msgs) StdoutLine: {'line': b'-- Installing: /home/qianlab/single_turtle_workspace/install/traveler_msgs/include/traveler_msgs/msg/detail/traveler_config__type_support.c\n'}
[4.205993] (traveler_msgs) StdoutLine: {'line': b'-- Installing: /home/qianlab/single_turtle_workspace/install/traveler_msgs/include/traveler_msgs/msg/detail/odrive_status__type_support.c\n'}
[4.206061] (traveler_msgs) StdoutLine: {'line': b'-- Installing: /home/qianlab/single_turtle_workspace/install/traveler_msgs/lib/libtraveler_msgs__rosidl_typesupport_introspection_c.so\n'}
[4.206128] (traveler_msgs) StdoutLine: {'line': b'-- Set runtime path of "/home/qianlab/single_turtle_workspace/install/traveler_msgs/lib/libtraveler_msgs__rosidl_typesupport_introspection_c.so" to ""\n'}
[4.206217] (traveler_msgs) StdoutLine: {'line': b'-- Installing: /home/qianlab/single_turtle_workspace/install/traveler_msgs/lib/libtraveler_msgs__rosidl_typesupport_c.so\n'}
[4.206306] (traveler_msgs) StdoutLine: {'line': b'-- Set runtime path of "/home/qianlab/single_turtle_workspace/install/traveler_msgs/lib/libtraveler_msgs__rosidl_typesupport_c.so" to ""\n'}
[4.206374] (traveler_msgs) StdoutLine: {'line': b'-- Up-to-date: /home/qianlab/single_turtle_workspace/install/traveler_msgs/include/traveler_msgs\n'}
[4.206441] (traveler_msgs) StdoutLine: {'line': b'-- Up-to-date: /home/qianlab/single_turtle_workspace/install/traveler_msgs/include/traveler_msgs/msg\n'}
[4.206507] (traveler_msgs) StdoutLine: {'line': b'-- Installing: /home/qianlab/single_turtle_workspace/install/traveler_msgs/include/traveler_msgs/msg/set_state.hpp\n'}
[4.206579] (traveler_msgs) StdoutLine: {'line': b'-- Up-to-date: /home/qianlab/single_turtle_workspace/install/traveler_msgs/include/traveler_msgs/msg/rosidl_generator_cpp__visibility_control.hpp\n'}
[4.206647] (traveler_msgs) StdoutLine: {'line': b'-- Installing: /home/qianlab/single_turtle_workspace/install/traveler_msgs/include/traveler_msgs/msg/traveler_status.hpp\n'}
[4.206713] (traveler_msgs) StdoutLine: {'line': b'-- Installing: /home/qianlab/single_turtle_workspace/install/traveler_msgs/include/traveler_msgs/msg/traveler_mode.hpp\n'}
[4.206779] (traveler_msgs) StdoutLine: {'line': b'-- Installing: /home/qianlab/single_turtle_workspace/install/traveler_msgs/include/traveler_msgs/msg/traveler_config.hpp\n'}
[4.206846] (traveler_msgs) StdoutLine: {'line': b'-- Installing: /home/qianlab/single_turtle_workspace/install/traveler_msgs/include/traveler_msgs/msg/set_input_position.hpp\n'}
[4.206913] (traveler_msgs) StdoutLine: {'line': b'-- Installing: /home/qianlab/single_turtle_workspace/install/traveler_msgs/include/traveler_msgs/msg/odrive_status.hpp\n'}
[4.206980] (traveler_msgs) StdoutLine: {'line': b'-- Up-to-date: /home/qianlab/single_turtle_workspace/install/traveler_msgs/include/traveler_msgs/msg/detail\n'}
[4.207046] (traveler_msgs) StdoutLine: {'line': b'-- Installing: /home/qianlab/single_turtle_workspace/install/traveler_msgs/include/traveler_msgs/msg/detail/traveler_config__builder.hpp\n'}
[4.207111] (traveler_msgs) StdoutLine: {'line': b'-- Installing: /home/qianlab/single_turtle_workspace/install/traveler_msgs/include/traveler_msgs/msg/detail/traveler_status__builder.hpp\n'}
[4.207177] (traveler_msgs) StdoutLine: {'line': b'-- Installing: /home/qianlab/single_turtle_workspace/install/traveler_msgs/include/traveler_msgs/msg/detail/traveler_config__type_support.hpp\n'}
[4.207244] (traveler_msgs) StdoutLine: {'line': b'-- Installing: /home/qianlab/single_turtle_workspace/install/traveler_msgs/include/traveler_msgs/msg/detail/traveler_config__traits.hpp\n'}
[4.207313] (traveler_msgs) StdoutLine: {'line': b'-- Installing: /home/qianlab/single_turtle_workspace/install/traveler_msgs/include/traveler_msgs/msg/detail/traveler_mode__builder.hpp\n'}
[4.207379] (traveler_msgs) StdoutLine: {'line': b'-- Installing: /home/qianlab/single_turtle_workspace/install/traveler_msgs/include/traveler_msgs/msg/detail/odrive_status__traits.hpp\n'}
[4.207451] (traveler_msgs) StdoutLine: {'line': b'-- Installing: /home/qianlab/single_turtle_workspace/install/traveler_msgs/include/traveler_msgs/msg/detail/set_input_position__struct.hpp\n'}
[4.207519] (traveler_msgs) StdoutLine: {'line': b'-- Installing: /home/qianlab/single_turtle_workspace/install/traveler_msgs/include/traveler_msgs/msg/detail/set_state__traits.hpp\n'}
[4.207585] (traveler_msgs) StdoutLine: {'line': b'-- Installing: /home/qianlab/single_turtle_workspace/install/traveler_msgs/include/traveler_msgs/msg/detail/odrive_status__builder.hpp\n'}
[4.207652] (traveler_msgs) StdoutLine: {'line': b'-- Installing: /home/qianlab/single_turtle_workspace/install/traveler_msgs/include/traveler_msgs/msg/detail/traveler_mode__struct.hpp\n'}
[4.207723] (traveler_msgs) StdoutLine: {'line': b'-- Installing: /home/qianlab/single_turtle_workspace/install/traveler_msgs/include/traveler_msgs/msg/detail/set_state__builder.hpp\n'}
[4.207795] (traveler_msgs) StdoutLine: {'line': b'-- Installing: /home/qianlab/single_turtle_workspace/install/traveler_msgs/include/traveler_msgs/msg/detail/set_input_position__type_support.hpp\n'}
[4.207867] (traveler_msgs) StdoutLine: {'line': b'-- Installing: /home/qianlab/single_turtle_workspace/install/traveler_msgs/include/traveler_msgs/msg/detail/traveler_status__traits.hpp\n'}
[4.207956] (traveler_msgs) StdoutLine: {'line': b'-- Installing: /home/qianlab/single_turtle_workspace/install/traveler_msgs/include/traveler_msgs/msg/detail/traveler_mode__type_support.hpp\n'}
[4.208032] (traveler_msgs) StdoutLine: {'line': b'-- Installing: /home/qianlab/single_turtle_workspace/install/traveler_msgs/include/traveler_msgs/msg/detail/set_state__type_support.hpp\n'}
[4.208101] (traveler_msgs) StdoutLine: {'line': b'-- Installing: /home/qianlab/single_turtle_workspace/install/traveler_msgs/include/traveler_msgs/msg/detail/traveler_config__struct.hpp\n'}
[4.208168] (traveler_msgs) StdoutLine: {'line': b'-- Installing: /home/qianlab/single_turtle_workspace/install/traveler_msgs/include/traveler_msgs/msg/detail/odrive_status__type_support.hpp\n'}
[4.208234] (traveler_msgs) StdoutLine: {'line': b'-- Installing: /home/qianlab/single_turtle_workspace/install/traveler_msgs/include/traveler_msgs/msg/detail/odrive_status__struct.hpp\n'}
[4.208298] (traveler_msgs) StdoutLine: {'line': b'-- Installing: /home/qianlab/single_turtle_workspace/install/traveler_msgs/include/traveler_msgs/msg/detail/traveler_status__type_support.hpp\n'}
[4.208363] (traveler_msgs) StdoutLine: {'line': b'-- Installing: /home/qianlab/single_turtle_workspace/install/traveler_msgs/include/traveler_msgs/msg/detail/set_input_position__builder.hpp\n'}
[4.208428] (traveler_msgs) StdoutLine: {'line': b'-- Installing: /home/qianlab/single_turtle_workspace/install/traveler_msgs/include/traveler_msgs/msg/detail/traveler_status__struct.hpp\n'}
[4.208494] (traveler_msgs) StdoutLine: {'line': b'-- Installing: /home/qianlab/single_turtle_workspace/install/traveler_msgs/include/traveler_msgs/msg/detail/traveler_mode__traits.hpp\n'}
[4.208565] (traveler_msgs) StdoutLine: {'line': b'-- Installing: /home/qianlab/single_turtle_workspace/install/traveler_msgs/include/traveler_msgs/msg/detail/set_state__struct.hpp\n'}
[4.208631] (traveler_msgs) StdoutLine: {'line': b'-- Installing: /home/qianlab/single_turtle_workspace/install/traveler_msgs/include/traveler_msgs/msg/detail/set_input_position__traits.hpp\n'}
[4.208697] (traveler_msgs) StdoutLine: {'line': b'-- Up-to-date: /home/qianlab/single_turtle_workspace/install/traveler_msgs/include/traveler_msgs\n'}
[4.208765] (traveler_msgs) StdoutLine: {'line': b'-- Up-to-date: /home/qianlab/single_turtle_workspace/install/traveler_msgs/include/traveler_msgs/msg\n'}
[4.208846] (traveler_msgs) StdoutLine: {'line': b'-- Up-to-date: /home/qianlab/single_turtle_workspace/install/traveler_msgs/include/traveler_msgs/msg/detail\n'}
[4.208920] (traveler_msgs) StdoutLine: {'line': b'-- Installing: /home/qianlab/single_turtle_workspace/install/traveler_msgs/include/traveler_msgs/msg/detail/traveler_mode__type_support.cpp\n'}
[4.209003] (traveler_msgs) StdoutLine: {'line': b'-- Installing: /home/qianlab/single_turtle_workspace/install/traveler_msgs/include/traveler_msgs/msg/detail/odrive_status__rosidl_typesupport_introspection_cpp.hpp\n'}
[4.209074] (traveler_msgs) StdoutLine: {'line': b'-- Installing: /home/qianlab/single_turtle_workspace/install/traveler_msgs/include/traveler_msgs/msg/detail/set_state__rosidl_typesupport_introspection_cpp.hpp\n'}
[4.209146] (traveler_msgs) StdoutLine: {'line': b'-- Installing: /home/qianlab/single_turtle_workspace/install/traveler_msgs/include/traveler_msgs/msg/detail/traveler_status__type_support.cpp\n'}
[4.209217] (traveler_msgs) StdoutLine: {'line': b'-- Installing: /home/qianlab/single_turtle_workspace/install/traveler_msgs/include/traveler_msgs/msg/detail/traveler_status__rosidl_typesupport_introspection_cpp.hpp\n'}
[4.209285] (traveler_msgs) StdoutLine: {'line': b'-- Installing: /home/qianlab/single_turtle_workspace/install/traveler_msgs/include/traveler_msgs/msg/detail/set_input_position__rosidl_typesupport_introspection_cpp.hpp\n'}
[4.209361] (traveler_msgs) StdoutLine: {'line': b'-- Installing: /home/qianlab/single_turtle_workspace/install/traveler_msgs/include/traveler_msgs/msg/detail/odrive_status__type_support.cpp\n'}
[4.209432] (traveler_msgs) StdoutLine: {'line': b'-- Installing: /home/qianlab/single_turtle_workspace/install/traveler_msgs/include/traveler_msgs/msg/detail/traveler_mode__rosidl_typesupport_introspection_cpp.hpp\n'}
[4.209503] (traveler_msgs) StdoutLine: {'line': b'-- Installing: /home/qianlab/single_turtle_workspace/install/traveler_msgs/include/traveler_msgs/msg/detail/set_state__type_support.cpp\n'}
[4.209574] (traveler_msgs) StdoutLine: {'line': b'-- Installing: /home/qianlab/single_turtle_workspace/install/traveler_msgs/include/traveler_msgs/msg/detail/traveler_config__type_support.cpp\n'}
[4.209647] (traveler_msgs) StdoutLine: {'line': b'-- Installing: /home/qianlab/single_turtle_workspace/install/traveler_msgs/include/traveler_msgs/msg/detail/set_input_position__type_support.cpp\n'}
[4.209720] (traveler_msgs) StdoutLine: {'line': b'-- Installing: /home/qianlab/single_turtle_workspace/install/traveler_msgs/include/traveler_msgs/msg/detail/traveler_config__rosidl_typesupport_introspection_cpp.hpp\n'}
[4.209798] (traveler_msgs) StdoutLine: {'line': b'-- Installing: /home/qianlab/single_turtle_workspace/install/traveler_msgs/lib/libtraveler_msgs__rosidl_typesupport_introspection_cpp.so\n'}
[4.209870] (traveler_msgs) StdoutLine: {'line': b'-- Set runtime path of "/home/qianlab/single_turtle_workspace/install/traveler_msgs/lib/libtraveler_msgs__rosidl_typesupport_introspection_cpp.so" to ""\n'}
[4.209939] (traveler_msgs) StdoutLine: {'line': b'-- Installing: /home/qianlab/single_turtle_workspace/install/traveler_msgs/lib/libtraveler_msgs__rosidl_typesupport_cpp.so\n'}
[4.210019] (traveler_msgs) StdoutLine: {'line': b'-- Set runtime path of "/home/qianlab/single_turtle_workspace/install/traveler_msgs/lib/libtraveler_msgs__rosidl_typesupport_cpp.so" to ""\n'}
[4.210088] (traveler_msgs) StdoutLine: {'line': b'-- Up-to-date: /home/qianlab/single_turtle_workspace/install/traveler_msgs/share/traveler_msgs/environment/pythonpath.sh\n'}
[4.210161] (traveler_msgs) StdoutLine: {'line': b'-- Installing: /home/qianlab/single_turtle_workspace/install/traveler_msgs/share/traveler_msgs/environment/pythonpath.dsv\n'}
[4.210246] (traveler_msgs) StdoutLine: {'line': b'-- Installing: /home/qianlab/single_turtle_workspace/install/traveler_msgs/lib/python3.8/site-packages/traveler_msgs/__init__.py\n'}
[4.210584] (-) TimerEvent: {}
[4.228597] (traveler_msgs) StdoutLine: {'line': b"Compiling '/home/qianlab/single_turtle_workspace/install/traveler_msgs/lib/python3.8/site-packages/traveler_msgs/__init__.py'...\n"}
[4.232041] (traveler_msgs) StdoutLine: {'line': b'-- Up-to-date: /home/qianlab/single_turtle_workspace/install/traveler_msgs/lib/python3.8/site-packages/traveler_msgs/msg\n'}
[4.232333] (traveler_msgs) StdoutLine: {'line': b'-- Installing: /home/qianlab/single_turtle_workspace/install/traveler_msgs/lib/python3.8/site-packages/traveler_msgs/msg/_set_input_position_s.c\n'}
[4.232558] (traveler_msgs) StdoutLine: {'line': b'-- Installing: /home/qianlab/single_turtle_workspace/install/traveler_msgs/lib/python3.8/site-packages/traveler_msgs/msg/_traveler_mode.py\n'}
[4.232678] (traveler_msgs) StdoutLine: {'line': b'-- Installing: /home/qianlab/single_turtle_workspace/install/traveler_msgs/lib/python3.8/site-packages/traveler_msgs/msg/_odrive_status_s.c\n'}
[4.232852] (traveler_msgs) StdoutLine: {'line': b'-- Installing: /home/qianlab/single_turtle_workspace/install/traveler_msgs/lib/python3.8/site-packages/traveler_msgs/msg/_traveler_mode_s.c\n'}
[4.232976] (traveler_msgs) StdoutLine: {'line': b'-- Installing: /home/qianlab/single_turtle_workspace/install/traveler_msgs/lib/python3.8/site-packages/traveler_msgs/msg/_traveler_status.py\n'}
[4.233057] (traveler_msgs) StdoutLine: {'line': b'-- Installing: /home/qianlab/single_turtle_workspace/install/traveler_msgs/lib/python3.8/site-packages/traveler_msgs/msg/_set_input_position.py\n'}
[4.233148] (traveler_msgs) StdoutLine: {'line': b'-- Installing: /home/qianlab/single_turtle_workspace/install/traveler_msgs/lib/python3.8/site-packages/traveler_msgs/msg/_odrive_status.py\n'}
[4.233236] (traveler_msgs) StdoutLine: {'line': b'-- Installing: /home/qianlab/single_turtle_workspace/install/traveler_msgs/lib/python3.8/site-packages/traveler_msgs/msg/_traveler_config_s.c\n'}
[4.233322] (traveler_msgs) StdoutLine: {'line': b'-- Installing: /home/qianlab/single_turtle_workspace/install/traveler_msgs/lib/python3.8/site-packages/traveler_msgs/msg/_set_state_s.c\n'}
[4.233409] (traveler_msgs) StdoutLine: {'line': b'-- Installing: /home/qianlab/single_turtle_workspace/install/traveler_msgs/lib/python3.8/site-packages/traveler_msgs/msg/_traveler_status_s.c\n'}
[4.233480] (traveler_msgs) StdoutLine: {'line': b'-- Installing: /home/qianlab/single_turtle_workspace/install/traveler_msgs/lib/python3.8/site-packages/traveler_msgs/msg/_traveler_config.py\n'}
[4.233547] (traveler_msgs) StdoutLine: {'line': b'-- Installing: /home/qianlab/single_turtle_workspace/install/traveler_msgs/lib/python3.8/site-packages/traveler_msgs/msg/_set_state.py\n'}
[4.233612] (traveler_msgs) StdoutLine: {'line': b'-- Installing: /home/qianlab/single_turtle_workspace/install/traveler_msgs/lib/python3.8/site-packages/traveler_msgs/msg/__init__.py\n'}
[4.233846] (traveler_msgs) StdoutLine: {'line': b'-- Installing: /home/qianlab/single_turtle_workspace/install/traveler_msgs/lib/python3.8/site-packages/traveler_msgs/traveler_msgs_s__rosidl_typesupport_fastrtps_c.cpython-38-x86_64-linux-gnu.so\n'}
[4.234368] (traveler_msgs) StdoutLine: {'line': b'-- Set runtime path of "/home/qianlab/single_turtle_workspace/install/traveler_msgs/lib/python3.8/site-packages/traveler_msgs/traveler_msgs_s__rosidl_typesupport_fastrtps_c.cpython-38-x86_64-linux-gnu.so" to ""\n'}
[4.234745] (traveler_msgs) StdoutLine: {'line': b'-- Installing: /home/qianlab/single_turtle_workspace/install/traveler_msgs/lib/python3.8/site-packages/traveler_msgs/traveler_msgs_s__rosidl_typesupport_introspection_c.cpython-38-x86_64-linux-gnu.so\n'}
[4.235238] (traveler_msgs) StdoutLine: {'line': b'-- Set runtime path of "/home/qianlab/single_turtle_workspace/install/traveler_msgs/lib/python3.8/site-packages/traveler_msgs/traveler_msgs_s__rosidl_typesupport_introspection_c.cpython-38-x86_64-linux-gnu.so" to ""\n'}
[4.235508] (traveler_msgs) StdoutLine: {'line': b'-- Installing: /home/qianlab/single_turtle_workspace/install/traveler_msgs/lib/python3.8/site-packages/traveler_msgs/traveler_msgs_s__rosidl_typesupport_c.cpython-38-x86_64-linux-gnu.so\n'}
[4.235977] (traveler_msgs) StdoutLine: {'line': b'-- Set runtime path of "/home/qianlab/single_turtle_workspace/install/traveler_msgs/lib/python3.8/site-packages/traveler_msgs/traveler_msgs_s__rosidl_typesupport_c.cpython-38-x86_64-linux-gnu.so" to ""\n'}
[4.236162] (traveler_msgs) StdoutLine: {'line': b'-- Installing: /home/qianlab/single_turtle_workspace/install/traveler_msgs/lib/libtraveler_msgs__python.so\n'}
[4.236575] (traveler_msgs) StdoutLine: {'line': b'-- Set runtime path of "/home/qianlab/single_turtle_workspace/install/traveler_msgs/lib/libtraveler_msgs__python.so" to ""\n'}
[4.236678] (traveler_msgs) StdoutLine: {'line': b'-- Up-to-date: /home/qianlab/single_turtle_workspace/install/traveler_msgs/share/traveler_msgs/msg/OdriveStatus.idl\n'}
[4.236778] (traveler_msgs) StdoutLine: {'line': b'-- Installing: /home/qianlab/single_turtle_workspace/install/traveler_msgs/share/traveler_msgs/msg/TravelerConfig.idl\n'}
[4.236866] (traveler_msgs) StdoutLine: {'line': b'-- Up-to-date: /home/qianlab/single_turtle_workspace/install/traveler_msgs/share/traveler_msgs/msg/TravelerMode.idl\n'}
[4.236954] (traveler_msgs) StdoutLine: {'line': b'-- Installing: /home/qianlab/single_turtle_workspace/install/traveler_msgs/share/traveler_msgs/msg/TravelerStatus.idl\n'}
[4.237036] (traveler_msgs) StdoutLine: {'line': b'-- Up-to-date: /home/qianlab/single_turtle_workspace/install/traveler_msgs/share/traveler_msgs/msg/SetState.idl\n'}
[4.237134] (traveler_msgs) StdoutLine: {'line': b'-- Up-to-date: /home/qianlab/single_turtle_workspace/install/traveler_msgs/share/traveler_msgs/msg/SetInputPosition.idl\n'}
[4.237220] (traveler_msgs) StdoutLine: {'line': b'-- Up-to-date: /home/qianlab/single_turtle_workspace/install/traveler_msgs/share/traveler_msgs/msg/OdriveStatus.msg\n'}
[4.237294] (traveler_msgs) StdoutLine: {'line': b'-- Installing: /home/qianlab/single_turtle_workspace/install/traveler_msgs/share/traveler_msgs/msg/TravelerConfig.msg\n'}
[4.237384] (traveler_msgs) StdoutLine: {'line': b'-- Installing: /home/qianlab/single_turtle_workspace/install/traveler_msgs/share/traveler_msgs/msg/TravelerMode.msg\n'}
[4.237469] (traveler_msgs) StdoutLine: {'line': b'-- Installing: /home/qianlab/single_turtle_workspace/install/traveler_msgs/share/traveler_msgs/msg/TravelerStatus.msg\n'}
[4.237594] (traveler_msgs) StdoutLine: {'line': b'-- Up-to-date: /home/qianlab/single_turtle_workspace/install/traveler_msgs/share/traveler_msgs/odrivemsg/SetState.msg\n'}
[4.237684] (traveler_msgs) StdoutLine: {'line': b'-- Up-to-date: /home/qianlab/single_turtle_workspace/install/traveler_msgs/share/traveler_msgs/odrivemsg/SetInputPosition.msg\n'}
[4.237780] (traveler_msgs) StdoutLine: {'line': b'-- Up-to-date: /home/qianlab/single_turtle_workspace/install/traveler_msgs/share/ament_index/resource_index/package_run_dependencies/traveler_msgs\n'}
[4.237851] (traveler_msgs) StdoutLine: {'line': b'-- Installing: /home/qianlab/single_turtle_workspace/install/traveler_msgs/share/ament_index/resource_index/parent_prefix_path/traveler_msgs\n'}
[4.237943] (traveler_msgs) StdoutLine: {'line': b'-- Up-to-date: /home/qianlab/single_turtle_workspace/install/traveler_msgs/share/traveler_msgs/environment/ament_prefix_path.sh\n'}
[4.238030] (traveler_msgs) StdoutLine: {'line': b'-- Installing: /home/qianlab/single_turtle_workspace/install/traveler_msgs/share/traveler_msgs/environment/ament_prefix_path.dsv\n'}
[4.238127] (traveler_msgs) StdoutLine: {'line': b'-- Up-to-date: /home/qianlab/single_turtle_workspace/install/traveler_msgs/share/traveler_msgs/environment/path.sh\n'}
[4.238226] (traveler_msgs) StdoutLine: {'line': b'-- Installing: /home/qianlab/single_turtle_workspace/install/traveler_msgs/share/traveler_msgs/environment/path.dsv\n'}
[4.238336] (traveler_msgs) StdoutLine: {'line': b'-- Up-to-date: /home/qianlab/single_turtle_workspace/install/traveler_msgs/share/traveler_msgs/local_setup.bash\n'}
[4.238426] (traveler_msgs) StdoutLine: {'line': b'-- Up-to-date: /home/qianlab/single_turtle_workspace/install/traveler_msgs/share/traveler_msgs/local_setup.sh\n'}
[4.238527] (traveler_msgs) StdoutLine: {'line': b'-- Up-to-date: /home/qianlab/single_turtle_workspace/install/traveler_msgs/share/traveler_msgs/local_setup.zsh\n'}
[4.238598] (traveler_msgs) StdoutLine: {'line': b'-- Installing: /home/qianlab/single_turtle_workspace/install/traveler_msgs/share/traveler_msgs/local_setup.dsv\n'}
[4.238686] (traveler_msgs) StdoutLine: {'line': b'-- Installing: /home/qianlab/single_turtle_workspace/install/traveler_msgs/share/traveler_msgs/package.dsv\n'}
[4.238785] (traveler_msgs) StdoutLine: {'line': b'-- Up-to-date: /home/qianlab/single_turtle_workspace/install/traveler_msgs/share/ament_index/resource_index/packages/traveler_msgs\n'}
[4.238926] (traveler_msgs) StdoutLine: {'line': b'-- Up-to-date: /home/qianlab/single_turtle_workspace/install/traveler_msgs/share/traveler_msgs/cmake/traveler_msgs__rosidl_generator_cExport.cmake\n'}
[4.239021] (traveler_msgs) StdoutLine: {'line': b'-- Installing: /home/qianlab/single_turtle_workspace/install/traveler_msgs/share/traveler_msgs/cmake/traveler_msgs__rosidl_generator_cExport-noconfig.cmake\n'}
[4.239268] (traveler_msgs) StdoutLine: {'line': b'-- Up-to-date: /home/qianlab/single_turtle_workspace/install/traveler_msgs/share/traveler_msgs/cmake/traveler_msgs__rosidl_typesupport_introspection_cExport.cmake\n'}
[4.239367] (traveler_msgs) StdoutLine: {'line': b'-- Installing: /home/qianlab/single_turtle_workspace/install/traveler_msgs/share/traveler_msgs/cmake/traveler_msgs__rosidl_typesupport_introspection_cExport-noconfig.cmake\n'}
[4.239585] (traveler_msgs) StdoutLine: {'line': b'-- Up-to-date: /home/qianlab/single_turtle_workspace/install/traveler_msgs/share/traveler_msgs/cmake/traveler_msgs__rosidl_typesupport_cExport.cmake\n'}
[4.239680] (traveler_msgs) StdoutLine: {'line': b'-- Installing: /home/qianlab/single_turtle_workspace/install/traveler_msgs/share/traveler_msgs/cmake/traveler_msgs__rosidl_typesupport_cExport-noconfig.cmake\n'}
[4.239884] (traveler_msgs) StdoutLine: {'line': b'-- Up-to-date: /home/qianlab/single_turtle_workspace/install/traveler_msgs/share/traveler_msgs/cmake/traveler_msgs__rosidl_generator_cppExport.cmake\n'}
[4.240053] (traveler_msgs) StdoutLine: {'line': b'-- Up-to-date: /home/qianlab/single_turtle_workspace/install/traveler_msgs/share/traveler_msgs/cmake/traveler_msgs__rosidl_typesupport_introspection_cppExport.cmake\n'}
[4.240147] (traveler_msgs) StdoutLine: {'line': b'-- Installing: /home/qianlab/single_turtle_workspace/install/traveler_msgs/share/traveler_msgs/cmake/traveler_msgs__rosidl_typesupport_introspection_cppExport-noconfig.cmake\n'}
[4.240346] (traveler_msgs) StdoutLine: {'line': b'-- Up-to-date: /home/qianlab/single_turtle_workspace/install/traveler_msgs/share/traveler_msgs/cmake/traveler_msgs__rosidl_typesupport_cppExport.cmake\n'}
[4.240441] (traveler_msgs) StdoutLine: {'line': b'-- Installing: /home/qianlab/single_turtle_workspace/install/traveler_msgs/share/traveler_msgs/cmake/traveler_msgs__rosidl_typesupport_cppExport-noconfig.cmake\n'}
[4.240552] (traveler_msgs) StdoutLine: {'line': b'-- Up-to-date: /home/qianlab/single_turtle_workspace/install/traveler_msgs/share/traveler_msgs/cmake/rosidl_cmake-extras.cmake\n'}
[4.240642] (traveler_msgs) StdoutLine: {'line': b'-- Up-to-date: /home/qianlab/single_turtle_workspace/install/traveler_msgs/share/traveler_msgs/cmake/ament_cmake_export_dependencies-extras.cmake\n'}
[4.240737] (traveler_msgs) StdoutLine: {'line': b'-- Up-to-date: /home/qianlab/single_turtle_workspace/install/traveler_msgs/share/traveler_msgs/cmake/ament_cmake_export_libraries-extras.cmake\n'}
[4.240836] (traveler_msgs) StdoutLine: {'line': b'-- Up-to-date: /home/qianlab/single_turtle_workspace/install/traveler_msgs/share/traveler_msgs/cmake/ament_cmake_export_targets-extras.cmake\n'}
[4.240936] (traveler_msgs) StdoutLine: {'line': b'-- Up-to-date: /home/qianlab/single_turtle_workspace/install/traveler_msgs/share/traveler_msgs/cmake/ament_cmake_export_include_directories-extras.cmake\n'}
[4.241025] (traveler_msgs) StdoutLine: {'line': b'-- Up-to-date: /home/qianlab/single_turtle_workspace/install/traveler_msgs/share/traveler_msgs/cmake/rosidl_cmake_export_typesupport_libraries-extras.cmake\n'}
[4.241093] (traveler_msgs) StdoutLine: {'line': b'-- Up-to-date: /home/qianlab/single_turtle_workspace/install/traveler_msgs/share/traveler_msgs/cmake/rosidl_cmake_export_typesupport_targets-extras.cmake\n'}
[4.241162] (traveler_msgs) StdoutLine: {'line': b'-- Up-to-date: /home/qianlab/single_turtle_workspace/install/traveler_msgs/share/traveler_msgs/cmake/traveler_msgsConfig.cmake\n'}
[4.241241] (traveler_msgs) StdoutLine: {'line': b'-- Up-to-date: /home/qianlab/single_turtle_workspace/install/traveler_msgs/share/traveler_msgs/cmake/traveler_msgsConfig-version.cmake\n'}
[4.241319] (traveler_msgs) StdoutLine: {'line': b'-- Up-to-date: /home/qianlab/single_turtle_workspace/install/traveler_msgs/share/traveler_msgs/package.xml\n'}
[4.243391] (traveler_msgs) CommandEnded: {'returncode': 0}
[4.310728] (-) TimerEvent: {}
[4.331382] (traveler_msgs) JobEnded: {'identifier': 'traveler_msgs', 'rc': 0}
[4.332564] (turtle_high_controller) JobStarted: {'identifier': 'turtle_high_controller'}
[4.340266] (turtle_high_controller) JobProgress: {'identifier': 'turtle_high_controller', 'progress': 'cmake'}
[4.340858] (turtle_high_controller) JobProgress: {'identifier': 'turtle_high_controller', 'progress': 'build'}
[4.341109] (turtle_high_controller) Command: {'cmd': ['/usr/bin/cmake', '--build', '/home/qianlab/single_turtle_workspace/build/turtle_high_controller', '--', '-j12', '-l12'], 'cwd': '/home/qianlab/single_turtle_workspace/build/turtle_high_controller', 'env': OrderedDict([('GJS_DEBUG_TOPICS', 'JS ERROR;JS LOG'), ('LESSOPEN', '| /usr/bin/lesspipe %s'), ('USER', 'qianlab'), ('SSH_AGENT_PID', '2033'), ('XDG_SESSION_TYPE', 'x11'), ('GIT_ASKPASS', '/usr/share/code/resources/app/extensions/git/dist/askpass.sh'), ('SHLVL', '1'), ('LD_LIBRARY_PATH', '/home/qianlab/single_turtle_workspace/install/traveler_msgs/lib:/home/qianlab/lassie-traveler/dependencies/install/traveler_msgs/lib:/opt/ros/foxy/opt/yaml_cpp_vendor/lib:/opt/ros/foxy/opt/rviz_ogre_vendor/lib:/opt/ros/foxy/lib/x86_64-linux-gnu:/opt/ros/foxy/lib'), ('HOME', '/home/qianlab'), ('CHROME_DESKTOP', 'code.desktop'), ('CONDA_SHLVL', '0'), ('TERM_PROGRAM_VERSION', '1.100.3'), ('DESKTOP_SESSION', 'ubuntu'), ('NVM_BIN', '/home/qianlab/.nvm/versions/node/v12.18.3/bin'), ('NVM_INC', '/home/qianlab/.nvm/versions/node/v12.18.3/include/node'), ('GIO_LAUNCHED_DESKTOP_FILE', '/usr/share/applications/code.desktop'), ('ROS_PYTHON_VERSION', '3'), ('GNOME_SHELL_SESSION_MODE', 'ubuntu'), ('GTK_MODULES', 'gail:atk-bridge'), ('VSCODE_GIT_ASKPASS_MAIN', '/usr/share/code/resources/app/extensions/git/dist/askpass-main.js'), ('VSCODE_GIT_ASKPASS_NODE', '/usr/share/code/code'), ('MANAGERPID', '1924'), ('DBUS_SESSION_BUS_ADDRESS', 'unix:path=/run/user/1000/bus'), ('COLORTERM', 'truecolor'), ('_CE_M', ''), ('GIO_LAUNCHED_DESKTOP_FILE_PID', '2660'), ('NVM_DIR', '/home/qianlab/.nvm'), ('MANDATORY_PATH', '/usr/share/gconf/ubuntu.mandatory.path'), ('IM_CONFIG_PHASE', '1'), ('COLCON_PREFIX_PATH', '/home/qianlab/lassie-traveler/dependencies/install'), ('ROS_DISTRO', 'foxy'), ('LOGNAME', 'qianlab'), ('JOURNAL_STREAM', '8:56505'), ('_', '/usr/bin/colcon'), ('ROS_VERSION', '2'), ('XDG_SESSION_CLASS', 'user'), ('DEFAULTS_PATH', '/usr/share/gconf/ubuntu.default.path'), ('USERNAME', 'qianlab'), ('TERM', 'xterm-256color'), ('GNOME_DESKTOP_SESSION_ID', 'this-is-deprecated'), ('_CE_CONDA', ''), ('ROS_LOCALHOST_ONLY', '0'), ('WINDOWPATH', '2'), ('PATH', '/home/qianlab/ghost_robotics/arm_toolchain/bin:/home/qianlab/.local/bin:/home/qianlab/ghost_robotics/arm_toolchain/bin:/home/qianlab/miniconda3/condabin:/home/qianlab/.nvm/versions/node/v12.18.3/bin:/opt/ros/foxy/bin:/home/qianlab/.local/bin:/usr/local/sbin:/usr/local/bin:/usr/sbin:/usr/bin:/sbin:/bin:/usr/games:/usr/local/games:/snap/bin'), ('SESSION_MANAGER', 'local/qianlab-Yoga-7-14IAL7:@/tmp/.ICE-unix/2071,unix/qianlab-Yoga-7-14IAL7:/tmp/.ICE-unix/2071'), ('INVOCATION_ID', 'ada520d1c1f94e228d33304f77e601b8'), ('XDG_MENU_PREFIX', 'gnome-'), ('XDG_RUNTIME_DIR', '/run/user/1000'), ('GDK_BACKEND', 'x11'), ('DISPLAY', ':0'), ('LANG', 'en_US.UTF-8'), ('XDG_CURRENT_DESKTOP', 'Unity'), ('XMODIFIERS', '@im=ibus'), ('XDG_SESSION_DESKTOP', 'ubuntu'), ('XAUTHORITY', '/run/user/1000/gdm/Xauthority'), ('LS_COLORS', 'rs=0:di=01;34:ln=01;36:mh=00:pi=40;33:so=01;35:do=01;35:bd=40;33;01:cd=40;33;01:or=40;31;01:mi=00:su=37;41:sg=30;43:ca=30;41:tw=30;42:ow=34;42:st=37;44:ex=01;32:*.tar=01;31:*.tgz=01;31:*.arc=01;31:*.arj=01;31:*.taz=01;31:*.lha=01;31:*.lz4=01;31:*.lzh=01;31:*.lzma=01;31:*.tlz=01;31:*.txz=01;31:*.tzo=01;31:*.t7z=01;31:*.zip=01;31:*.z=01;31:*.dz=01;31:*.gz=01;31:*.lrz=01;31:*.lz=01;31:*.lzo=01;31:*.xz=01;31:*.zst=01;31:*.tzst=01;31:*.bz2=01;31:*.bz=01;31:*.tbz=01;31:*.tbz2=01;31:*.tz=01;31:*.deb=01;31:*.rpm=01;31:*.jar=01;31:*.war=01;31:*.ear=01;31:*.sar=01;31:*.rar=01;31:*.alz=01;31:*.ace=01;31:*.zoo=01;31:*.cpio=01;31:*.7z=01;31:*.rz=01;31:*.cab=01;31:*.wim=01;31:*.swm=01;31:*.dwm=01;31:*.esd=01;31:*.jpg=01;35:*.jpeg=01;35:*.mjpg=01;35:*.mjpeg=01;35:*.gif=01;35:*.bmp=01;35:*.pbm=01;35:*.pgm=01;35:*.ppm=01;35:*.tga=01;35:*.xbm=01;35:*.xpm=01;35:*.tif=01;35:*.tiff=01;35:*.png=01;35:*.svg=01;35:*.svgz=01;35:*.mng=01;35:*.pcx=01;35:*.mov=01;35:*.mpg=01;35:*.mpeg=01;35:*.m2v=01;35:*.mkv=01;35:*.webm=01;35:*.ogm=01;35:*.mp4=01;35:*.m4v=01;35:*.mp4v=01;35:*.vob=01;35:*.qt=01;35:*.nuv=01;35:*.wmv=01;35:*.asf=01;35:*.rm=01;35:*.rmvb=01;35:*.flc=01;35:*.avi=01;35:*.fli=01;35:*.flv=01;35:*.gl=01;35:*.dl=01;35:*.xcf=01;35:*.xwd=01;35:*.yuv=01;35:*.cgm=01;35:*.emf=01;35:*.ogv=01;35:*.ogx=01;35:*.aac=00;36:*.au=00;36:*.flac=00;36:*.m4a=00;36:*.mid=00;36:*.midi=00;36:*.mka=00;36:*.mp3=00;36:*.mpc=00;36:*.ogg=00;36:*.ra=00;36:*.wav=00;36:*.oga=00;36:*.opus=00;36:*.spx=00;36:*.xspf=00;36:'), ('VSCODE_GIT_IPC_HANDLE', '/run/user/1000/vscode-git-66f982bc43.sock'), ('TERM_PROGRAM', 'vscode'), ('SSH_AUTH_SOCK', '/run/user/1000/keyring/ssh'), ('ROS_DOMAIN_ID', '19'), ('AMENT_PREFIX_PATH', '/home/qianlab/single_turtle_workspace/install/traveler_msgs:/home/qianlab/lassie-traveler/dependencies/install/traveler_high_controller:/home/qianlab/lassie-traveler/dependencies/install/traveler_msgs:/opt/ros/foxy'), ('CONDA_PYTHON_EXE', '/home/qianlab/miniconda3/bin/python'), ('ORIGINAL_XDG_CURRENT_DESKTOP', 'ubuntu:GNOME'), ('SHELL', '/bin/bash'), ('QT_ACCESSIBILITY', '1'), ('GDMSESSION', 'ubuntu'), ('LESSCLOSE', '/usr/bin/lesspipe %s %s'), ('GPG_AGENT_INFO', '/run/user/1000/gnupg/S.gpg-agent:0:1'), ('GJS_DEBUG_OUTPUT', 'stderr'), ('VSCODE_GIT_ASKPASS_EXTRA_ARGS', ''), ('QT_IM_MODULE', 'ibus'), ('PWD', '/home/qianlab/single_turtle_workspace/build/turtle_high_controller'), ('XDG_CONFIG_DIRS', '/etc/xdg/xdg-ubuntu:/etc/xdg'), ('CONDA_EXE', '/home/qianlab/miniconda3/bin/conda'), ('NVM_CD_FLAGS', ''), ('XDG_DATA_DIRS', '/usr/share/ubuntu:/usr/local/share/:/usr/share/:/var/lib/snapd/desktop'), ('PYTHONPATH', '/home/qianlab/single_turtle_workspace/install/traveler_msgs/lib/python3.8/site-packages:/home/qianlab/lassie-traveler/dependencies/install/traveler_msgs/lib/python3.8/site-packages:/opt/ros/foxy/lib/python3.8/site-packages'), ('CUSTOM_ENV_NAME', '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'), ('COLCON', '1'), ('CMAKE_PREFIX_PATH', '/home/qianlab/single_turtle_workspace/install/traveler_msgs:/home/qianlab/lassie-traveler/dependencies/install/traveler_high_controller:/home/qianlab/lassie-traveler/dependencies/install/traveler_msgs:/opt/ros/foxy')]), 'shell': False}
[4.367190] (turtle_high_controller) StdoutLine: {'line': b'-- Found ament_cmake: 0.9.12 (/opt/ros/foxy/share/ament_cmake/cmake)\n'}
[4.383944] (turtle_high_controller) StdoutLine: {'line': b'-- Using PYTHON_EXECUTABLE: /usr/bin/python3\n'}
[4.410839] (-) TimerEvent: {}
[4.511219] (turtle_high_controller) StdoutLine: {'line': b'-- Found rclcpp: 2.4.3 (/opt/ros/foxy/share/rclcpp/cmake)\n'}
[4.511433] (-) TimerEvent: {}
[4.548467] (turtle_high_controller) StdoutLine: {'line': b'-- Using all available rosidl_typesupport_c: rosidl_typesupport_fastrtps_c;rosidl_typesupport_introspection_c\n'}
[4.552137] (turtle_high_controller) StdoutLine: {'line': b'-- Found rosidl_adapter: 1.3.1 (/opt/ros/foxy/share/rosidl_adapter/cmake)\n'}
[4.611560] (-) TimerEvent: {}
[4.647626] (turtle_high_controller) StdoutLine: {'line': b'-- Using all available rosidl_typesupport_cpp: rosidl_typesupport_fastrtps_cpp;rosidl_typesupport_introspection_cpp\n'}
[4.681190] (turtle_high_controller) StdoutLine: {'line': b'-- Found rmw_implementation_cmake: 1.0.4 (/opt/ros/foxy/share/rmw_implementation_cmake/cmake)\n'}
[4.682218] (turtle_high_controller) StdoutLine: {'line': b"-- Using RMW implementation 'rmw_fastrtps_cpp' as default\n"}
[4.711672] (-) TimerEvent: {}
[4.789468] (turtle_high_controller) StdoutLine: {'line': b'-- Found control_msgs: 2.5.1 (/opt/ros/foxy/share/control_msgs/cmake)\n'}
[4.811813] (-) TimerEvent: {}
[4.912121] (-) TimerEvent: {}
[5.012534] (-) TimerEvent: {}
[5.057073] (turtle_high_controller) StdoutLine: {'line': b'-- Found traveler_msgs: 0.0.0 (/home/qianlab/single_turtle_workspace/install/traveler_msgs/share/traveler_msgs/cmake)\n'}
[5.109186] (turtle_high_controller) StdoutLine: {'line': b'-- Configuring done\n'}
[5.112695] (-) TimerEvent: {}
[5.122547] (turtle_high_controller) StdoutLine: {'line': b'-- Generating done\n'}
[5.123452] (turtle_high_controller) StdoutLine: {'line': b'-- Build files have been written to: /home/qianlab/single_turtle_workspace/build/turtle_high_controller\n'}
[5.147624] (turtle_high_controller) StdoutLine: {'line': b'\x1b[35m\x1b[1mScanning dependencies of target odrive_can_interface\x1b[0m\n'}
[5.152138] (turtle_high_controller) StdoutLine: {'line': b'\x1b[35m\x1b[1mScanning dependencies of target turtle_high_controller\x1b[0m\n'}
[5.176830] (turtle_high_controller) StdoutLine: {'line': b'[ 21%] \x1b[32mBuilding CXX object CMakeFiles/odrive_can_interface.dir/src/can_driver/can_suber.cpp.o\x1b[0m\n'}
[5.177004] (turtle_high_controller) StdoutLine: {'line': b'[ 21%] \x1b[32mBuilding CXX object CMakeFiles/odrive_can_interface.dir/src/can_driver/odrive_can.cpp.o\x1b[0m\n'}
[5.177049] (turtle_high_controller) StdoutLine: {'line': b'[ 21%] \x1b[32mBuilding CXX object CMakeFiles/odrive_can_interface.dir/src/can_driver/can_driver.cpp.o\x1b[0m\n'}
[5.207636] (turtle_high_controller) StdoutLine: {'line': b'[ 28%] \x1b[32mBuilding CXX object CMakeFiles/turtle_high_controller.dir/src/main.cpp.o\x1b[0m\n'}
[5.208608] (turtle_high_controller) StdoutLine: {'line': b'[ 35%] \x1b[32mBuilding CXX object CMakeFiles/turtle_high_controller.dir/src/proxy/lowerproxy.cpp.o\x1b[0m\n'}
[5.209114] (turtle_high_controller) StdoutLine: {'line': b'[ 50%] \x1b[32mBuilding CXX object CMakeFiles/turtle_high_controller.dir/src/proxy/upperproxy.cpp.o\x1b[0m\n'}
[5.209265] (turtle_high_controller) StdoutLine: {'line': b'[ 50%] \x1b[32mBuilding CXX object CMakeFiles/turtle_high_controller.dir/src/can_driver/can_suber.cpp.o\x1b[0m\n'}
[5.209811] (turtle_high_controller) StdoutLine: {'line': b'[ 57%] \x1b[32mBuilding CXX object CMakeFiles/turtle_high_controller.dir/src/can_driver/can_driver.cpp.o\x1b[0m\n'}
[5.212336] (turtle_high_controller) StdoutLine: {'line': b'[ 64%] \x1b[32mBuilding CXX object CMakeFiles/turtle_high_controller.dir/src/controller/Inverse_kinematics.cpp.o\x1b[0m\n'}
[5.214129] (-) TimerEvent: {}
[5.231203] (turtle_high_controller) StdoutLine: {'line': b'[ 71%] \x1b[32mBuilding CXX object CMakeFiles/turtle_high_controller.dir/src/controller/trajectories_parser.cpp.o\x1b[0m\n'}
[5.314590] (-) TimerEvent: {}
[5.414934] (-) TimerEvent: {}
[5.515302] (-) TimerEvent: {}
[5.615651] (-) TimerEvent: {}
[5.715996] (-) TimerEvent: {}
[5.816397] (-) TimerEvent: {}
[5.916732] (-) TimerEvent: {}
[6.017092] (-) TimerEvent: {}
[6.117784] (-) TimerEvent: {}
[6.218127] (-) TimerEvent: {}
[6.318526] (-) TimerEvent: {}
[6.418994] (-) TimerEvent: {}
[6.519468] (-) TimerEvent: {}
[6.619817] (-) TimerEvent: {}
[6.666789] (turtle_high_controller) StderrLine: {'line': b'\x1b[01m\x1b[K/home/qianlab/single_turtle_workspace/dependencies/traveler_controller/src/proxy/lowerproxy.cpp:\x1b[m\x1b[K In member function \xe2\x80\x98\x1b[01m\x1b[Kvoid turtle_namespace::control::lowerproxy::calculate_position(turtle&)\x1b[m\x1b[K\xe2\x80\x99:\n'}
[6.667433] (turtle_high_controller) StderrLine: {'line': b'\x1b[01m\x1b[K/home/qianlab/single_turtle_workspace/dependencies/traveler_controller/src/proxy/lowerproxy.cpp:35:45:\x1b[m\x1b[K \x1b[01;35m\x1b[Kwarning: \x1b[m\x1b[Kunused parameter \xe2\x80\x98\x1b[01m\x1b[Kturtle_\x1b[m\x1b[K\xe2\x80\x99 [\x1b[01;35m\x1b[K-Wunused-parameter\x1b[m\x1b[K]\n'}
[6.667598] (turtle_high_controller) StderrLine: {'line': b'   35 | void lowerproxy::calculate_position(\x1b[01;35m\x1b[Kturtle &turtle_\x1b[m\x1b[K) {\n'}
[6.667698] (turtle_high_controller) StderrLine: {'line': b'      |                                     \x1b[01;35m\x1b[K~~~~~~~~^~~~~~~\x1b[m\x1b[K\n'}
[6.719941] (-) TimerEvent: {}
[6.820498] (-) TimerEvent: {}
[6.921321] (-) TimerEvent: {}
[7.022027] (-) TimerEvent: {}
[7.123356] (-) TimerEvent: {}
[7.224375] (-) TimerEvent: {}
[7.324924] (-) TimerEvent: {}
[7.425737] (-) TimerEvent: {}
[7.526127] (-) TimerEvent: {}
[7.626556] (-) TimerEvent: {}
[7.726943] (-) TimerEvent: {}
[7.827340] (-) TimerEvent: {}
[7.927794] (-) TimerEvent: {}
[8.028170] (-) TimerEvent: {}
[8.095534] (turtle_high_controller) StderrLine: {'line': b'In file included from \x1b[01m\x1b[K/home/qianlab/single_turtle_workspace/dependencies/traveler_controller/src/main.cpp:1\x1b[m\x1b[K:\n'}
[8.095742] (turtle_high_controller) StderrLine: {'line': b'\x1b[01m\x1b[K/home/qianlab/single_turtle_workspace/dependencies/traveler_controller/include/main.h:46:14:\x1b[m\x1b[K \x1b[01;35m\x1b[Kwarning: \x1b[m\x1b[K\xe2\x80\x98\x1b[01m\x1b[Ktimer\x1b[m\x1b[K\xe2\x80\x99 defined but not used [\x1b[01;35m\x1b[K-Wunused-variable\x1b[m\x1b[K]\n'}
[8.095839] (turtle_high_controller) StderrLine: {'line': b'   46 | static float \x1b[01;35m\x1b[Ktimer\x1b[m\x1b[K[10] = { 0 };\n'}
[8.095899] (turtle_high_controller) StderrLine: {'line': b'      |              \x1b[01;35m\x1b[K^~~~~\x1b[m\x1b[K\n'}
[8.095955] (turtle_high_controller) StderrLine: {'line': b'\x1b[01m\x1b[K/home/qianlab/single_turtle_workspace/dependencies/traveler_controller/include/main.h:44:12:\x1b[m\x1b[K \x1b[01;35m\x1b[Kwarning: \x1b[m\x1b[K\xe2\x80\x98\x1b[01m\x1b[Kinit_done\x1b[m\x1b[K\xe2\x80\x99 defined but not used [\x1b[01;35m\x1b[K-Wunused-variable\x1b[m\x1b[K]\n'}
[8.096016] (turtle_high_controller) StderrLine: {'line': b'   44 | static int \x1b[01;35m\x1b[Kinit_done\x1b[m\x1b[K = 0;\n'}
[8.096073] (turtle_high_controller) StderrLine: {'line': b'      |            \x1b[01;35m\x1b[K^~~~~~~~~\x1b[m\x1b[K\n'}
[8.096125] (turtle_high_controller) StderrLine: {'line': b'\x1b[01m\x1b[K/home/qianlab/single_turtle_workspace/dependencies/traveler_controller/include/main.h:43:14:\x1b[m\x1b[K \x1b[01;35m\x1b[Kwarning: \x1b[m\x1b[K\xe2\x80\x98\x1b[01m\x1b[Kinit_cnt\x1b[m\x1b[K\xe2\x80\x99 defined but not used [\x1b[01;35m\x1b[K-Wunused-variable\x1b[m\x1b[K]\n'}
[8.096177] (turtle_high_controller) StderrLine: {'line': b'   43 | static float \x1b[01;35m\x1b[Kinit_cnt\x1b[m\x1b[K = 0;\n'}
[8.096228] (turtle_high_controller) StderrLine: {'line': b'      |              \x1b[01;35m\x1b[K^~~~~~~~\x1b[m\x1b[K\n'}
[8.128317] (-) TimerEvent: {}
[8.228662] (-) TimerEvent: {}
[8.328993] (-) TimerEvent: {}
[8.429332] (-) TimerEvent: {}
[8.529669] (-) TimerEvent: {}
[8.630018] (-) TimerEvent: {}
[8.730369] (-) TimerEvent: {}
[8.830738] (-) TimerEvent: {}
[8.931133] (-) TimerEvent: {}
[9.031535] (-) TimerEvent: {}
[9.132026] (-) TimerEvent: {}
[9.232363] (-) TimerEvent: {}
[9.332685] (-) TimerEvent: {}
[9.433016] (-) TimerEvent: {}
[9.533346] (-) TimerEvent: {}
[9.633648] (-) TimerEvent: {}
[9.733970] (-) TimerEvent: {}
[9.834360] (-) TimerEvent: {}
[9.934684] (-) TimerEvent: {}
[10.035018] (-) TimerEvent: {}
[10.135352] (-) TimerEvent: {}
[10.235847] (-) TimerEvent: {}
[10.336177] (-) TimerEvent: {}
[10.436507] (-) TimerEvent: {}
[10.536836] (-) TimerEvent: {}
[10.637136] (-) TimerEvent: {}
[10.737441] (-) TimerEvent: {}
[10.837775] (-) TimerEvent: {}
[10.938111] (-) TimerEvent: {}
[11.038416] (-) TimerEvent: {}
[11.138712] (-) TimerEvent: {}
[11.239048] (-) TimerEvent: {}
[11.339395] (-) TimerEvent: {}
[11.439825] (-) TimerEvent: {}
[11.540244] (-) TimerEvent: {}
[11.557097] (turtle_high_controller) StdoutLine: {'line': b'[ 78%] \x1b[32m\x1b[1mLinking CXX executable odrive_can_interface\x1b[0m\n'}
[11.593808] (turtle_high_controller) StdoutLine: {'line': b'[ 85%] \x1b[32m\x1b[1mLinking CXX executable turtle_high_controller\x1b[0m\n'}
[11.640424] (-) TimerEvent: {}
[11.740780] (-) TimerEvent: {}
[11.805184] (turtle_high_controller) StdoutLine: {'line': b'[ 92%] Built target odrive_can_interface\n'}
[11.840888] (-) TimerEvent: {}
[11.941203] (-) TimerEvent: {}
[12.015799] (turtle_high_controller) StdoutLine: {'line': b'[100%] Built target turtle_high_controller\n'}
[12.025945] (turtle_high_controller) CommandEnded: {'returncode': 0}
[12.041294] (-) TimerEvent: {}
[12.047126] (turtle_high_controller) JobProgress: {'identifier': 'turtle_high_controller', 'progress': 'install'}
[12.047749] (turtle_high_controller) Command: {'cmd': ['/usr/bin/cmake', '--install', '/home/qianlab/single_turtle_workspace/build/turtle_high_controller'], 'cwd': '/home/qianlab/single_turtle_workspace/build/turtle_high_controller', 'env': OrderedDict([('GJS_DEBUG_TOPICS', 'JS ERROR;JS LOG'), ('LESSOPEN', '| /usr/bin/lesspipe %s'), ('USER', 'qianlab'), ('SSH_AGENT_PID', '2033'), ('XDG_SESSION_TYPE', 'x11'), ('GIT_ASKPASS', '/usr/share/code/resources/app/extensions/git/dist/askpass.sh'), ('SHLVL', '1'), ('LD_LIBRARY_PATH', '/home/qianlab/single_turtle_workspace/install/traveler_msgs/lib:/home/qianlab/lassie-traveler/dependencies/install/traveler_msgs/lib:/opt/ros/foxy/opt/yaml_cpp_vendor/lib:/opt/ros/foxy/opt/rviz_ogre_vendor/lib:/opt/ros/foxy/lib/x86_64-linux-gnu:/opt/ros/foxy/lib'), ('HOME', '/home/qianlab'), ('CHROME_DESKTOP', 'code.desktop'), ('CONDA_SHLVL', '0'), ('TERM_PROGRAM_VERSION', '1.100.3'), ('DESKTOP_SESSION', 'ubuntu'), ('NVM_BIN', '/home/qianlab/.nvm/versions/node/v12.18.3/bin'), ('NVM_INC', '/home/qianlab/.nvm/versions/node/v12.18.3/include/node'), ('GIO_LAUNCHED_DESKTOP_FILE', '/usr/share/applications/code.desktop'), ('ROS_PYTHON_VERSION', '3'), ('GNOME_SHELL_SESSION_MODE', 'ubuntu'), ('GTK_MODULES', 'gail:atk-bridge'), ('VSCODE_GIT_ASKPASS_MAIN', '/usr/share/code/resources/app/extensions/git/dist/askpass-main.js'), ('VSCODE_GIT_ASKPASS_NODE', '/usr/share/code/code'), ('MANAGERPID', '1924'), ('DBUS_SESSION_BUS_ADDRESS', 'unix:path=/run/user/1000/bus'), ('COLORTERM', 'truecolor'), ('_CE_M', ''), ('GIO_LAUNCHED_DESKTOP_FILE_PID', '2660'), ('NVM_DIR', '/home/qianlab/.nvm'), ('MANDATORY_PATH', '/usr/share/gconf/ubuntu.mandatory.path'), ('IM_CONFIG_PHASE', '1'), ('COLCON_PREFIX_PATH', '/home/qianlab/lassie-traveler/dependencies/install'), ('ROS_DISTRO', 'foxy'), ('LOGNAME', 'qianlab'), ('JOURNAL_STREAM', '8:56505'), ('_', '/usr/bin/colcon'), ('ROS_VERSION', '2'), ('XDG_SESSION_CLASS', 'user'), ('DEFAULTS_PATH', '/usr/share/gconf/ubuntu.default.path'), ('USERNAME', 'qianlab'), ('TERM', 'xterm-256color'), ('GNOME_DESKTOP_SESSION_ID', 'this-is-deprecated'), ('_CE_CONDA', ''), ('ROS_LOCALHOST_ONLY', '0'), ('WINDOWPATH', '2'), ('PATH', '/home/qianlab/ghost_robotics/arm_toolchain/bin:/home/qianlab/.local/bin:/home/qianlab/ghost_robotics/arm_toolchain/bin:/home/qianlab/miniconda3/condabin:/home/qianlab/.nvm/versions/node/v12.18.3/bin:/opt/ros/foxy/bin:/home/qianlab/.local/bin:/usr/local/sbin:/usr/local/bin:/usr/sbin:/usr/bin:/sbin:/bin:/usr/games:/usr/local/games:/snap/bin'), ('SESSION_MANAGER', 'local/qianlab-Yoga-7-14IAL7:@/tmp/.ICE-unix/2071,unix/qianlab-Yoga-7-14IAL7:/tmp/.ICE-unix/2071'), ('INVOCATION_ID', 'ada520d1c1f94e228d33304f77e601b8'), ('XDG_MENU_PREFIX', 'gnome-'), ('XDG_RUNTIME_DIR', '/run/user/1000'), ('GDK_BACKEND', 'x11'), ('DISPLAY', ':0'), ('LANG', 'en_US.UTF-8'), ('XDG_CURRENT_DESKTOP', 'Unity'), ('XMODIFIERS', '@im=ibus'), ('XDG_SESSION_DESKTOP', 'ubuntu'), ('XAUTHORITY', '/run/user/1000/gdm/Xauthority'), ('LS_COLORS', 'rs=0:di=01;34:ln=01;36:mh=00:pi=40;33:so=01;35:do=01;35:bd=40;33;01:cd=40;33;01:or=40;31;01:mi=00:su=37;41:sg=30;43:ca=30;41:tw=30;42:ow=34;42:st=37;44:ex=01;32:*.tar=01;31:*.tgz=01;31:*.arc=01;31:*.arj=01;31:*.taz=01;31:*.lha=01;31:*.lz4=01;31:*.lzh=01;31:*.lzma=01;31:*.tlz=01;31:*.txz=01;31:*.tzo=01;31:*.t7z=01;31:*.zip=01;31:*.z=01;31:*.dz=01;31:*.gz=01;31:*.lrz=01;31:*.lz=01;31:*.lzo=01;31:*.xz=01;31:*.zst=01;31:*.tzst=01;31:*.bz2=01;31:*.bz=01;31:*.tbz=01;31:*.tbz2=01;31:*.tz=01;31:*.deb=01;31:*.rpm=01;31:*.jar=01;31:*.war=01;31:*.ear=01;31:*.sar=01;31:*.rar=01;31:*.alz=01;31:*.ace=01;31:*.zoo=01;31:*.cpio=01;31:*.7z=01;31:*.rz=01;31:*.cab=01;31:*.wim=01;31:*.swm=01;31:*.dwm=01;31:*.esd=01;31:*.jpg=01;35:*.jpeg=01;35:*.mjpg=01;35:*.mjpeg=01;35:*.gif=01;35:*.bmp=01;35:*.pbm=01;35:*.pgm=01;35:*.ppm=01;35:*.tga=01;35:*.xbm=01;35:*.xpm=01;35:*.tif=01;35:*.tiff=01;35:*.png=01;35:*.svg=01;35:*.svgz=01;35:*.mng=01;35:*.pcx=01;35:*.mov=01;35:*.mpg=01;35:*.mpeg=01;35:*.m2v=01;35:*.mkv=01;35:*.webm=01;35:*.ogm=01;35:*.mp4=01;35:*.m4v=01;35:*.mp4v=01;35:*.vob=01;35:*.qt=01;35:*.nuv=01;35:*.wmv=01;35:*.asf=01;35:*.rm=01;35:*.rmvb=01;35:*.flc=01;35:*.avi=01;35:*.fli=01;35:*.flv=01;35:*.gl=01;35:*.dl=01;35:*.xcf=01;35:*.xwd=01;35:*.yuv=01;35:*.cgm=01;35:*.emf=01;35:*.ogv=01;35:*.ogx=01;35:*.aac=00;36:*.au=00;36:*.flac=00;36:*.m4a=00;36:*.mid=00;36:*.midi=00;36:*.mka=00;36:*.mp3=00;36:*.mpc=00;36:*.ogg=00;36:*.ra=00;36:*.wav=00;36:*.oga=00;36:*.opus=00;36:*.spx=00;36:*.xspf=00;36:'), ('VSCODE_GIT_IPC_HANDLE', '/run/user/1000/vscode-git-66f982bc43.sock'), ('TERM_PROGRAM', 'vscode'), ('SSH_AUTH_SOCK', '/run/user/1000/keyring/ssh'), ('ROS_DOMAIN_ID', '19'), ('AMENT_PREFIX_PATH', '/home/qianlab/single_turtle_workspace/install/traveler_msgs:/home/qianlab/lassie-traveler/dependencies/install/traveler_high_controller:/home/qianlab/lassie-traveler/dependencies/install/traveler_msgs:/opt/ros/foxy'), ('CONDA_PYTHON_EXE', '/home/qianlab/miniconda3/bin/python'), ('ORIGINAL_XDG_CURRENT_DESKTOP', 'ubuntu:GNOME'), ('SHELL', '/bin/bash'), ('QT_ACCESSIBILITY', '1'), ('GDMSESSION', 'ubuntu'), ('LESSCLOSE', '/usr/bin/lesspipe %s %s'), ('GPG_AGENT_INFO', '/run/user/1000/gnupg/S.gpg-agent:0:1'), ('GJS_DEBUG_OUTPUT', 'stderr'), ('VSCODE_GIT_ASKPASS_EXTRA_ARGS', ''), ('QT_IM_MODULE', 'ibus'), ('PWD', '/home/qianlab/single_turtle_workspace/build/turtle_high_controller'), ('XDG_CONFIG_DIRS', '/etc/xdg/xdg-ubuntu:/etc/xdg'), ('CONDA_EXE', '/home/qianlab/miniconda3/bin/conda'), ('NVM_CD_FLAGS', ''), ('XDG_DATA_DIRS', '/usr/share/ubuntu:/usr/local/share/:/usr/share/:/var/lib/snapd/desktop'), ('PYTHONPATH', '/home/qianlab/single_turtle_workspace/install/traveler_msgs/lib/python3.8/site-packages:/home/qianlab/lassie-traveler/dependencies/install/traveler_msgs/lib/python3.8/site-packages:/opt/ros/foxy/lib/python3.8/site-packages'), ('CUSTOM_ENV_NAME', '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'), ('COLCON', '1'), ('CMAKE_PREFIX_PATH', '/home/qianlab/single_turtle_workspace/install/traveler_msgs:/home/qianlab/lassie-traveler/dependencies/install/traveler_high_controller:/home/qianlab/lassie-traveler/dependencies/install/traveler_msgs:/opt/ros/foxy')]), 'shell': False}
[12.054837] (turtle_high_controller) StdoutLine: {'line': b'-- Install configuration: "Debug"\n'}
[12.055353] (turtle_high_controller) StdoutLine: {'line': b'-- Installing: /home/qianlab/single_turtle_workspace/install/turtle_high_controller/lib/turtle_high_controller/turtle_high_controller\n'}
[12.063129] (turtle_high_controller) StdoutLine: {'line': b'-- Set runtime path of "/home/qianlab/single_turtle_workspace/install/turtle_high_controller/lib/turtle_high_controller/turtle_high_controller" to ""\n'}
[12.063415] (turtle_high_controller) StdoutLine: {'line': b'-- Installing: /home/qianlab/single_turtle_workspace/install/turtle_high_controller/lib/turtle_high_controller/odrive_can_interface\n'}
[12.067868] (turtle_high_controller) StdoutLine: {'line': b'-- Set runtime path of "/home/qianlab/single_turtle_workspace/install/turtle_high_controller/lib/turtle_high_controller/odrive_can_interface" to ""\n'}
[12.068050] (turtle_high_controller) StdoutLine: {'line': b'-- Up-to-date: /home/qianlab/single_turtle_workspace/install/turtle_high_controller/share/ament_index/resource_index/package_run_dependencies/turtle_high_controller\n'}
[12.068126] (turtle_high_controller) StdoutLine: {'line': b'-- Installing: /home/qianlab/single_turtle_workspace/install/turtle_high_controller/share/ament_index/resource_index/parent_prefix_path/turtle_high_controller\n'}
[12.068265] (turtle_high_controller) StdoutLine: {'line': b'-- Up-to-date: /home/qianlab/single_turtle_workspace/install/turtle_high_controller/share/turtle_high_controller/environment/ament_prefix_path.sh\n'}
[12.068522] (turtle_high_controller) StdoutLine: {'line': b'-- Installing: /home/qianlab/single_turtle_workspace/install/turtle_high_controller/share/turtle_high_controller/environment/ament_prefix_path.dsv\n'}
[12.068648] (turtle_high_controller) StdoutLine: {'line': b'-- Up-to-date: /home/qianlab/single_turtle_workspace/install/turtle_high_controller/share/turtle_high_controller/environment/path.sh\n'}
[12.068723] (turtle_high_controller) StdoutLine: {'line': b'-- Installing: /home/qianlab/single_turtle_workspace/install/turtle_high_controller/share/turtle_high_controller/environment/path.dsv\n'}
[12.068797] (turtle_high_controller) StdoutLine: {'line': b'-- Up-to-date: /home/qianlab/single_turtle_workspace/install/turtle_high_controller/share/turtle_high_controller/local_setup.bash\n'}
[12.068863] (turtle_high_controller) StdoutLine: {'line': b'-- Up-to-date: /home/qianlab/single_turtle_workspace/install/turtle_high_controller/share/turtle_high_controller/local_setup.sh\n'}
[12.068927] (turtle_high_controller) StdoutLine: {'line': b'-- Up-to-date: /home/qianlab/single_turtle_workspace/install/turtle_high_controller/share/turtle_high_controller/local_setup.zsh\n'}
[12.068998] (turtle_high_controller) StdoutLine: {'line': b'-- Installing: /home/qianlab/single_turtle_workspace/install/turtle_high_controller/share/turtle_high_controller/local_setup.dsv\n'}
[12.069062] (turtle_high_controller) StdoutLine: {'line': b'-- Installing: /home/qianlab/single_turtle_workspace/install/turtle_high_controller/share/turtle_high_controller/package.dsv\n'}
[12.069125] (turtle_high_controller) StdoutLine: {'line': b'-- Up-to-date: /home/qianlab/single_turtle_workspace/install/turtle_high_controller/share/ament_index/resource_index/packages/turtle_high_controller\n'}
[12.069189] (turtle_high_controller) StdoutLine: {'line': b'-- Up-to-date: /home/qianlab/single_turtle_workspace/install/turtle_high_controller/share/turtle_high_controller/cmake/turtle_high_controllerConfig.cmake\n'}
[12.069252] (turtle_high_controller) StdoutLine: {'line': b'-- Up-to-date: /home/qianlab/single_turtle_workspace/install/turtle_high_controller/share/turtle_high_controller/cmake/turtle_high_controllerConfig-version.cmake\n'}
[12.069316] (turtle_high_controller) StdoutLine: {'line': b'-- Installing: /home/qianlab/single_turtle_workspace/install/turtle_high_controller/share/turtle_high_controller/package.xml\n'}
[12.070253] (turtle_high_controller) CommandEnded: {'returncode': 0}
[12.106521] (turtle_high_controller) JobEnded: {'identifier': 'turtle_high_controller', 'rc': 0}
[12.107321] (-) EventReactorShutdown: {}
