[0.000000] (-) TimerEvent: {}
[0.000188] (traveler_msgs) JobQueued: {'identifier': 'traveler_msgs', 'dependencies': OrderedDict()}
[0.000318] (traveler_optitrack) JobQueued: {'identifier': 'traveler_optitrack', 'dependencies': OrderedDict()}
[0.000386] (turtle_high_controller) JobQueued: {'identifier': 'turtle_high_controller', 'dependencies': OrderedDict([('traveler_msgs', '/home/qianlab/single_turtle_workspace/install/traveler_msgs')])}
[0.000479] (traveler_msgs) JobStarted: {'identifier': 'traveler_msgs'}
[0.005797] (traveler_optitrack) JobStarted: {'identifier': 'traveler_optitrack'}
[0.011848] (traveler_msgs) JobProgress: {'identifier': 'traveler_msgs', 'progress': 'cmake'}
[0.012306] (traveler_msgs) JobProgress: {'identifier': 'traveler_msgs', 'progress': 'build'}
[0.012792] (traveler_msgs) Command: {'cmd': ['/usr/bin/cmake', '--build', '/home/qianlab/single_turtle_workspace/build/traveler_msgs', '--', '-j12', '-l12'], 'cwd': '/home/qianlab/single_turtle_workspace/build/traveler_msgs', 'env': OrderedDict([('GJS_DEBUG_TOPICS', 'JS ERROR;JS LOG'), ('LESSOPEN', '| /usr/bin/lesspipe %s'), ('USER', 'qianlab'), ('SSH_AGENT_PID', '2033'), ('XDG_SESSION_TYPE', 'x11'), ('GIT_ASKPASS', '/usr/share/code/resources/app/extensions/git/dist/askpass.sh'), ('SHLVL', '1'), ('LD_LIBRARY_PATH', '/home/qianlab/lassie-traveler/dependencies/install/traveler_msgs/lib:/opt/ros/foxy/opt/yaml_cpp_vendor/lib:/opt/ros/foxy/opt/rviz_ogre_vendor/lib:/opt/ros/foxy/lib/x86_64-linux-gnu:/opt/ros/foxy/lib'), ('HOME', '/home/qianlab'), ('CHROME_DESKTOP', 'code.desktop'), ('CONDA_SHLVL', '0'), ('TERM_PROGRAM_VERSION', '1.100.3'), ('DESKTOP_SESSION', 'ubuntu'), ('NVM_BIN', '/home/qianlab/.nvm/versions/node/v12.18.3/bin'), ('NVM_INC', '/home/qianlab/.nvm/versions/node/v12.18.3/include/node'), ('GIO_LAUNCHED_DESKTOP_FILE', '/usr/share/applications/code.desktop'), ('ROS_PYTHON_VERSION', '3'), ('GNOME_SHELL_SESSION_MODE', 'ubuntu'), ('GTK_MODULES', 'gail:atk-bridge'), ('VSCODE_GIT_ASKPASS_MAIN', '/usr/share/code/resources/app/extensions/git/dist/askpass-main.js'), ('VSCODE_GIT_ASKPASS_NODE', '/usr/share/code/code'), ('MANAGERPID', '1924'), ('DBUS_SESSION_BUS_ADDRESS', 'unix:path=/run/user/1000/bus'), ('COLORTERM', 'truecolor'), ('_CE_M', ''), ('GIO_LAUNCHED_DESKTOP_FILE_PID', '471252'), ('NVM_DIR', '/home/qianlab/.nvm'), ('MANDATORY_PATH', '/usr/share/gconf/ubuntu.mandatory.path'), ('IM_CONFIG_PHASE', '1'), ('COLCON_PREFIX_PATH', '/home/qianlab/lassie-traveler/dependencies/install'), ('ROS_DISTRO', 'foxy'), ('LOGNAME', 'qianlab'), ('JOURNAL_STREAM', '8:56505'), ('_', '/usr/bin/colcon'), ('ROS_VERSION', '2'), ('XDG_SESSION_CLASS', 'user'), ('DEFAULTS_PATH', '/usr/share/gconf/ubuntu.default.path'), ('USERNAME', 'qianlab'), ('TERM', 'xterm-256color'), ('GNOME_DESKTOP_SESSION_ID', 'this-is-deprecated'), ('_CE_CONDA', ''), ('ROS_LOCALHOST_ONLY', '0'), ('WINDOWPATH', '2'), ('PATH', '/home/qianlab/ghost_robotics/arm_toolchain/bin:/home/qianlab/.local/bin:/home/qianlab/ghost_robotics/arm_toolchain/bin:/home/qianlab/miniconda3/condabin:/home/qianlab/.nvm/versions/node/v12.18.3/bin:/opt/ros/foxy/bin:/home/qianlab/.local/bin:/usr/local/sbin:/usr/local/bin:/usr/sbin:/usr/bin:/sbin:/bin:/usr/games:/usr/local/games:/snap/bin'), ('SESSION_MANAGER', 'local/qianlab-Yoga-7-14IAL7:@/tmp/.ICE-unix/2071,unix/qianlab-Yoga-7-14IAL7:/tmp/.ICE-unix/2071'), ('INVOCATION_ID', 'ada520d1c1f94e228d33304f77e601b8'), ('XDG_MENU_PREFIX', 'gnome-'), ('XDG_RUNTIME_DIR', '/run/user/1000'), ('GDK_BACKEND', 'x11'), ('DISPLAY', ':0'), ('LANG', 'en_US.UTF-8'), ('XDG_CURRENT_DESKTOP', 'Unity'), ('XMODIFIERS', '@im=ibus'), ('XDG_SESSION_DESKTOP', 'ubuntu'), ('XAUTHORITY', '/run/user/1000/gdm/Xauthority'), ('LS_COLORS', 'rs=0:di=01;34:ln=01;36:mh=00:pi=40;33:so=01;35:do=01;35:bd=40;33;01:cd=40;33;01:or=40;31;01:mi=00:su=37;41:sg=30;43:ca=30;41:tw=30;42:ow=34;42:st=37;44:ex=01;32:*.tar=01;31:*.tgz=01;31:*.arc=01;31:*.arj=01;31:*.taz=01;31:*.lha=01;31:*.lz4=01;31:*.lzh=01;31:*.lzma=01;31:*.tlz=01;31:*.txz=01;31:*.tzo=01;31:*.t7z=01;31:*.zip=01;31:*.z=01;31:*.dz=01;31:*.gz=01;31:*.lrz=01;31:*.lz=01;31:*.lzo=01;31:*.xz=01;31:*.zst=01;31:*.tzst=01;31:*.bz2=01;31:*.bz=01;31:*.tbz=01;31:*.tbz2=01;31:*.tz=01;31:*.deb=01;31:*.rpm=01;31:*.jar=01;31:*.war=01;31:*.ear=01;31:*.sar=01;31:*.rar=01;31:*.alz=01;31:*.ace=01;31:*.zoo=01;31:*.cpio=01;31:*.7z=01;31:*.rz=01;31:*.cab=01;31:*.wim=01;31:*.swm=01;31:*.dwm=01;31:*.esd=01;31:*.jpg=01;35:*.jpeg=01;35:*.mjpg=01;35:*.mjpeg=01;35:*.gif=01;35:*.bmp=01;35:*.pbm=01;35:*.pgm=01;35:*.ppm=01;35:*.tga=01;35:*.xbm=01;35:*.xpm=01;35:*.tif=01;35:*.tiff=01;35:*.png=01;35:*.svg=01;35:*.svgz=01;35:*.mng=01;35:*.pcx=01;35:*.mov=01;35:*.mpg=01;35:*.mpeg=01;35:*.m2v=01;35:*.mkv=01;35:*.webm=01;35:*.ogm=01;35:*.mp4=01;35:*.m4v=01;35:*.mp4v=01;35:*.vob=01;35:*.qt=01;35:*.nuv=01;35:*.wmv=01;35:*.asf=01;35:*.rm=01;35:*.rmvb=01;35:*.flc=01;35:*.avi=01;35:*.fli=01;35:*.flv=01;35:*.gl=01;35:*.dl=01;35:*.xcf=01;35:*.xwd=01;35:*.yuv=01;35:*.cgm=01;35:*.emf=01;35:*.ogv=01;35:*.ogx=01;35:*.aac=00;36:*.au=00;36:*.flac=00;36:*.m4a=00;36:*.mid=00;36:*.midi=00;36:*.mka=00;36:*.mp3=00;36:*.mpc=00;36:*.ogg=00;36:*.ra=00;36:*.wav=00;36:*.oga=00;36:*.opus=00;36:*.spx=00;36:*.xspf=00;36:'), ('VSCODE_GIT_IPC_HANDLE', '/run/user/1000/vscode-git-66f982bc43.sock'), ('TERM_PROGRAM', 'vscode'), ('SSH_AUTH_SOCK', '/run/user/1000/keyring/ssh'), ('ROS_DOMAIN_ID', '2'), ('AMENT_PREFIX_PATH', '/home/qianlab/lassie-traveler/dependencies/install/traveler_high_controller:/home/qianlab/lassie-traveler/dependencies/install/traveler_msgs:/opt/ros/foxy'), ('CONDA_PYTHON_EXE', '/home/qianlab/miniconda3/bin/python'), ('ORIGINAL_XDG_CURRENT_DESKTOP', 'ubuntu:GNOME'), ('SHELL', '/bin/bash'), ('QT_ACCESSIBILITY', '1'), ('GDMSESSION', 'ubuntu'), ('LESSCLOSE', '/usr/bin/lesspipe %s %s'), ('GPG_AGENT_INFO', '/run/user/1000/gnupg/S.gpg-agent:0:1'), ('GJS_DEBUG_OUTPUT', 'stderr'), ('VSCODE_GIT_ASKPASS_EXTRA_ARGS', ''), ('QT_IM_MODULE', 'ibus'), ('PWD', '/home/qianlab/single_turtle_workspace/build/traveler_msgs'), ('XDG_CONFIG_DIRS', '/etc/xdg/xdg-ubuntu:/etc/xdg'), ('CONDA_EXE', '/home/qianlab/miniconda3/bin/conda'), ('NVM_CD_FLAGS', ''), ('XDG_DATA_DIRS', '/usr/share/ubuntu:/usr/local/share/:/usr/share/:/var/lib/snapd/desktop'), ('PYTHONPATH', '/home/qianlab/lassie-traveler/dependencies/install/traveler_msgs/lib/python3.8/site-packages:/opt/ros/foxy/lib/python3.8/site-packages'), ('CUSTOM_ENV_NAME', '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'), ('COLCON', '1'), ('CMAKE_PREFIX_PATH', '/home/qianlab/lassie-traveler/dependencies/install/traveler_high_controller:/home/qianlab/lassie-traveler/dependencies/install/traveler_msgs:/opt/ros/foxy')]), 'shell': False}
[0.099955] (-) TimerEvent: {}
[0.200471] (-) TimerEvent: {}
[0.215135] (traveler_msgs) StdoutLine: {'line': b'[  1%] Built target traveler_msgs__cpp\n'}
[0.215717] (traveler_msgs) StdoutLine: {'line': b'[ 12%] Built target traveler_msgs__rosidl_generator_c\n'}
[0.215970] (traveler_msgs) StdoutLine: {'line': b'[ 23%] Built target traveler_msgs__rosidl_typesupport_fastrtps_cpp\n'}
[0.216300] (traveler_msgs) StdoutLine: {'line': b'[ 35%] Built target traveler_msgs__rosidl_typesupport_introspection_c\n'}
[0.217000] (traveler_msgs) StdoutLine: {'line': b'[ 57%] Built target traveler_msgs__rosidl_typesupport_introspection_cpp\n'}
[0.218325] (traveler_msgs) StdoutLine: {'line': b'[ 57%] Built target traveler_msgs__rosidl_typesupport_cpp\n'}
[0.219211] (traveler_msgs) StdoutLine: {'line': b'[ 69%] Built target traveler_msgs__rosidl_typesupport_c\n'}
[0.219315] (traveler_msgs) StdoutLine: {'line': b'[ 80%] Built target traveler_msgs__rosidl_typesupport_fastrtps_c\n'}
[0.219483] (traveler_msgs) StdoutLine: {'line': b'[ 80%] Built target traveler_msgs\n'}
[0.219808] (traveler_msgs) StdoutLine: {'line': b'[ 81%] Built target traveler_msgs__py\n'}
[0.219920] (traveler_msgs) StdoutLine: {'line': b'[ 91%] Built target traveler_msgs__python\n'}
[0.220295] (traveler_msgs) StdoutLine: {'line': b'[ 97%] Built target traveler_msgs__rosidl_typesupport_introspection_c__pyext\n'}
[0.220430] (traveler_msgs) StdoutLine: {'line': b'[ 97%] Built target traveler_msgs__rosidl_typesupport_fastrtps_c__pyext\n'}
[0.220798] (traveler_msgs) StdoutLine: {'line': b'[100%] Built target traveler_msgs__rosidl_typesupport_c__pyext\n'}
[0.221995] (traveler_msgs) CommandEnded: {'returncode': 0}
[0.277541] (traveler_msgs) JobProgress: {'identifier': 'traveler_msgs', 'progress': 'install'}
[0.285700] (traveler_msgs) Command: {'cmd': ['/usr/bin/cmake', '--install', '/home/qianlab/single_turtle_workspace/build/traveler_msgs'], 'cwd': '/home/qianlab/single_turtle_workspace/build/traveler_msgs', 'env': OrderedDict([('GJS_DEBUG_TOPICS', 'JS ERROR;JS LOG'), ('LESSOPEN', '| /usr/bin/lesspipe %s'), ('USER', 'qianlab'), ('SSH_AGENT_PID', '2033'), ('XDG_SESSION_TYPE', 'x11'), ('GIT_ASKPASS', '/usr/share/code/resources/app/extensions/git/dist/askpass.sh'), ('SHLVL', '1'), ('LD_LIBRARY_PATH', '/home/qianlab/lassie-traveler/dependencies/install/traveler_msgs/lib:/opt/ros/foxy/opt/yaml_cpp_vendor/lib:/opt/ros/foxy/opt/rviz_ogre_vendor/lib:/opt/ros/foxy/lib/x86_64-linux-gnu:/opt/ros/foxy/lib'), ('HOME', '/home/qianlab'), ('CHROME_DESKTOP', 'code.desktop'), ('CONDA_SHLVL', '0'), ('TERM_PROGRAM_VERSION', '1.100.3'), ('DESKTOP_SESSION', 'ubuntu'), ('NVM_BIN', '/home/qianlab/.nvm/versions/node/v12.18.3/bin'), ('NVM_INC', '/home/qianlab/.nvm/versions/node/v12.18.3/include/node'), ('GIO_LAUNCHED_DESKTOP_FILE', '/usr/share/applications/code.desktop'), ('ROS_PYTHON_VERSION', '3'), ('GNOME_SHELL_SESSION_MODE', 'ubuntu'), ('GTK_MODULES', 'gail:atk-bridge'), ('VSCODE_GIT_ASKPASS_MAIN', '/usr/share/code/resources/app/extensions/git/dist/askpass-main.js'), ('VSCODE_GIT_ASKPASS_NODE', '/usr/share/code/code'), ('MANAGERPID', '1924'), ('DBUS_SESSION_BUS_ADDRESS', 'unix:path=/run/user/1000/bus'), ('COLORTERM', 'truecolor'), ('_CE_M', ''), ('GIO_LAUNCHED_DESKTOP_FILE_PID', '471252'), ('NVM_DIR', '/home/qianlab/.nvm'), ('MANDATORY_PATH', '/usr/share/gconf/ubuntu.mandatory.path'), ('IM_CONFIG_PHASE', '1'), ('COLCON_PREFIX_PATH', '/home/qianlab/lassie-traveler/dependencies/install'), ('ROS_DISTRO', 'foxy'), ('LOGNAME', 'qianlab'), ('JOURNAL_STREAM', '8:56505'), ('_', '/usr/bin/colcon'), ('ROS_VERSION', '2'), ('XDG_SESSION_CLASS', 'user'), ('DEFAULTS_PATH', '/usr/share/gconf/ubuntu.default.path'), ('USERNAME', 'qianlab'), ('TERM', 'xterm-256color'), ('GNOME_DESKTOP_SESSION_ID', 'this-is-deprecated'), ('_CE_CONDA', ''), ('ROS_LOCALHOST_ONLY', '0'), ('WINDOWPATH', '2'), ('PATH', '/home/qianlab/ghost_robotics/arm_toolchain/bin:/home/qianlab/.local/bin:/home/qianlab/ghost_robotics/arm_toolchain/bin:/home/qianlab/miniconda3/condabin:/home/qianlab/.nvm/versions/node/v12.18.3/bin:/opt/ros/foxy/bin:/home/qianlab/.local/bin:/usr/local/sbin:/usr/local/bin:/usr/sbin:/usr/bin:/sbin:/bin:/usr/games:/usr/local/games:/snap/bin'), ('SESSION_MANAGER', 'local/qianlab-Yoga-7-14IAL7:@/tmp/.ICE-unix/2071,unix/qianlab-Yoga-7-14IAL7:/tmp/.ICE-unix/2071'), ('INVOCATION_ID', 'ada520d1c1f94e228d33304f77e601b8'), ('XDG_MENU_PREFIX', 'gnome-'), ('XDG_RUNTIME_DIR', '/run/user/1000'), ('GDK_BACKEND', 'x11'), ('DISPLAY', ':0'), ('LANG', 'en_US.UTF-8'), ('XDG_CURRENT_DESKTOP', 'Unity'), ('XMODIFIERS', '@im=ibus'), ('XDG_SESSION_DESKTOP', 'ubuntu'), ('XAUTHORITY', '/run/user/1000/gdm/Xauthority'), ('LS_COLORS', 'rs=0:di=01;34:ln=01;36:mh=00:pi=40;33:so=01;35:do=01;35:bd=40;33;01:cd=40;33;01:or=40;31;01:mi=00:su=37;41:sg=30;43:ca=30;41:tw=30;42:ow=34;42:st=37;44:ex=01;32:*.tar=01;31:*.tgz=01;31:*.arc=01;31:*.arj=01;31:*.taz=01;31:*.lha=01;31:*.lz4=01;31:*.lzh=01;31:*.lzma=01;31:*.tlz=01;31:*.txz=01;31:*.tzo=01;31:*.t7z=01;31:*.zip=01;31:*.z=01;31:*.dz=01;31:*.gz=01;31:*.lrz=01;31:*.lz=01;31:*.lzo=01;31:*.xz=01;31:*.zst=01;31:*.tzst=01;31:*.bz2=01;31:*.bz=01;31:*.tbz=01;31:*.tbz2=01;31:*.tz=01;31:*.deb=01;31:*.rpm=01;31:*.jar=01;31:*.war=01;31:*.ear=01;31:*.sar=01;31:*.rar=01;31:*.alz=01;31:*.ace=01;31:*.zoo=01;31:*.cpio=01;31:*.7z=01;31:*.rz=01;31:*.cab=01;31:*.wim=01;31:*.swm=01;31:*.dwm=01;31:*.esd=01;31:*.jpg=01;35:*.jpeg=01;35:*.mjpg=01;35:*.mjpeg=01;35:*.gif=01;35:*.bmp=01;35:*.pbm=01;35:*.pgm=01;35:*.ppm=01;35:*.tga=01;35:*.xbm=01;35:*.xpm=01;35:*.tif=01;35:*.tiff=01;35:*.png=01;35:*.svg=01;35:*.svgz=01;35:*.mng=01;35:*.pcx=01;35:*.mov=01;35:*.mpg=01;35:*.mpeg=01;35:*.m2v=01;35:*.mkv=01;35:*.webm=01;35:*.ogm=01;35:*.mp4=01;35:*.m4v=01;35:*.mp4v=01;35:*.vob=01;35:*.qt=01;35:*.nuv=01;35:*.wmv=01;35:*.asf=01;35:*.rm=01;35:*.rmvb=01;35:*.flc=01;35:*.avi=01;35:*.fli=01;35:*.flv=01;35:*.gl=01;35:*.dl=01;35:*.xcf=01;35:*.xwd=01;35:*.yuv=01;35:*.cgm=01;35:*.emf=01;35:*.ogv=01;35:*.ogx=01;35:*.aac=00;36:*.au=00;36:*.flac=00;36:*.m4a=00;36:*.mid=00;36:*.midi=00;36:*.mka=00;36:*.mp3=00;36:*.mpc=00;36:*.ogg=00;36:*.ra=00;36:*.wav=00;36:*.oga=00;36:*.opus=00;36:*.spx=00;36:*.xspf=00;36:'), ('VSCODE_GIT_IPC_HANDLE', '/run/user/1000/vscode-git-66f982bc43.sock'), ('TERM_PROGRAM', 'vscode'), ('SSH_AUTH_SOCK', '/run/user/1000/keyring/ssh'), ('ROS_DOMAIN_ID', '2'), ('AMENT_PREFIX_PATH', '/home/qianlab/lassie-traveler/dependencies/install/traveler_high_controller:/home/qianlab/lassie-traveler/dependencies/install/traveler_msgs:/opt/ros/foxy'), ('CONDA_PYTHON_EXE', '/home/qianlab/miniconda3/bin/python'), ('ORIGINAL_XDG_CURRENT_DESKTOP', 'ubuntu:GNOME'), ('SHELL', '/bin/bash'), ('QT_ACCESSIBILITY', '1'), ('GDMSESSION', 'ubuntu'), ('LESSCLOSE', '/usr/bin/lesspipe %s %s'), ('GPG_AGENT_INFO', '/run/user/1000/gnupg/S.gpg-agent:0:1'), ('GJS_DEBUG_OUTPUT', 'stderr'), ('VSCODE_GIT_ASKPASS_EXTRA_ARGS', ''), ('QT_IM_MODULE', 'ibus'), ('PWD', '/home/qianlab/single_turtle_workspace/build/traveler_msgs'), ('XDG_CONFIG_DIRS', '/etc/xdg/xdg-ubuntu:/etc/xdg'), ('CONDA_EXE', '/home/qianlab/miniconda3/bin/conda'), ('NVM_CD_FLAGS', ''), ('XDG_DATA_DIRS', '/usr/share/ubuntu:/usr/local/share/:/usr/share/:/var/lib/snapd/desktop'), ('PYTHONPATH', '/home/qianlab/lassie-traveler/dependencies/install/traveler_msgs/lib/python3.8/site-packages:/opt/ros/foxy/lib/python3.8/site-packages'), ('CUSTOM_ENV_NAME', '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'), ('COLCON', '1'), ('CMAKE_PREFIX_PATH', '/home/qianlab/lassie-traveler/dependencies/install/traveler_high_controller:/home/qianlab/lassie-traveler/dependencies/install/traveler_msgs:/opt/ros/foxy')]), 'shell': False}
[0.295831] (traveler_msgs) StdoutLine: {'line': b'-- Install configuration: ""\n'}
[0.296182] (traveler_msgs) StdoutLine: {'line': b'-- Up-to-date: /home/qianlab/single_turtle_workspace/install/traveler_msgs/share/ament_index/resource_index/rosidl_interfaces/traveler_msgs\n'}
[0.296409] (traveler_msgs) StdoutLine: {'line': b'-- Up-to-date: /home/qianlab/single_turtle_workspace/install/traveler_msgs/include/traveler_msgs\n'}
[0.296503] (traveler_msgs) StdoutLine: {'line': b'-- Up-to-date: /home/qianlab/single_turtle_workspace/install/traveler_msgs/include/traveler_msgs/msg\n'}
[0.296578] (traveler_msgs) StdoutLine: {'line': b'-- Up-to-date: /home/qianlab/single_turtle_workspace/install/traveler_msgs/include/traveler_msgs/msg/rosidl_generator_c__visibility_control.h\n'}
[0.296711] (traveler_msgs) StdoutLine: {'line': b'-- Up-to-date: /home/qianlab/single_turtle_workspace/install/traveler_msgs/include/traveler_msgs/msg/set_state.h\n'}
[0.296812] (traveler_msgs) StdoutLine: {'line': b'-- Up-to-date: /home/qianlab/single_turtle_workspace/install/traveler_msgs/include/traveler_msgs/msg/traveler_mode.h\n'}
[0.296897] (traveler_msgs) StdoutLine: {'line': b'-- Up-to-date: /home/qianlab/single_turtle_workspace/install/traveler_msgs/include/traveler_msgs/msg/odrive_status.h\n'}
[0.296967] (traveler_msgs) StdoutLine: {'line': b'-- Up-to-date: /home/qianlab/single_turtle_workspace/install/traveler_msgs/include/traveler_msgs/msg/traveler_config.h\n'}
[0.297158] (traveler_msgs) StdoutLine: {'line': b'-- Up-to-date: /home/qianlab/single_turtle_workspace/install/traveler_msgs/include/traveler_msgs/msg/traveler_status.h\n'}
[0.297228] (traveler_msgs) StdoutLine: {'line': b'-- Up-to-date: /home/qianlab/single_turtle_workspace/install/traveler_msgs/include/traveler_msgs/msg/set_input_position.h\n'}
[0.297320] (traveler_msgs) StdoutLine: {'line': b'-- Up-to-date: /home/qianlab/single_turtle_workspace/install/traveler_msgs/include/traveler_msgs/msg/detail\n'}
[0.297388] (traveler_msgs) StdoutLine: {'line': b'-- Up-to-date: /home/qianlab/single_turtle_workspace/install/traveler_msgs/include/traveler_msgs/msg/detail/set_state__struct.h\n'}
[0.297489] (traveler_msgs) StdoutLine: {'line': b'-- Up-to-date: /home/qianlab/single_turtle_workspace/install/traveler_msgs/include/traveler_msgs/msg/detail/traveler_config__struct.h\n'}
[0.297635] (traveler_msgs) StdoutLine: {'line': b'-- Up-to-date: /home/qianlab/single_turtle_workspace/install/traveler_msgs/include/traveler_msgs/msg/detail/odrive_status__struct.h\n'}
[0.297773] (traveler_msgs) StdoutLine: {'line': b'-- Up-to-date: /home/qianlab/single_turtle_workspace/install/traveler_msgs/include/traveler_msgs/msg/detail/odrive_status__functions.c\n'}
[0.297954] (traveler_msgs) StdoutLine: {'line': b'-- Up-to-date: /home/qianlab/single_turtle_workspace/install/traveler_msgs/include/traveler_msgs/msg/detail/traveler_config__functions.h\n'}
[0.298078] (traveler_msgs) StdoutLine: {'line': b'-- Up-to-date: /home/qianlab/single_turtle_workspace/install/traveler_msgs/include/traveler_msgs/msg/detail/traveler_config__functions.c\n'}
[0.298160] (traveler_msgs) StdoutLine: {'line': b'-- Up-to-date: /home/qianlab/single_turtle_workspace/install/traveler_msgs/include/traveler_msgs/msg/detail/traveler_status__functions.h\n'}
[0.298229] (traveler_msgs) StdoutLine: {'line': b'-- Up-to-date: /home/qianlab/single_turtle_workspace/install/traveler_msgs/include/traveler_msgs/msg/detail/odrive_status__type_support.h\n'}
[0.298304] (traveler_msgs) StdoutLine: {'line': b'-- Up-to-date: /home/qianlab/single_turtle_workspace/install/traveler_msgs/include/traveler_msgs/msg/detail/traveler_mode__functions.h\n'}
[0.298386] (traveler_msgs) StdoutLine: {'line': b'-- Up-to-date: /home/qianlab/single_turtle_workspace/install/traveler_msgs/include/traveler_msgs/msg/detail/set_input_position__functions.c\n'}
[0.298465] (traveler_msgs) StdoutLine: {'line': b'-- Up-to-date: /home/qianlab/single_turtle_workspace/install/traveler_msgs/include/traveler_msgs/msg/detail/traveler_status__struct.h\n'}
[0.298559] (traveler_msgs) StdoutLine: {'line': b'-- Up-to-date: /home/qianlab/single_turtle_workspace/install/traveler_msgs/include/traveler_msgs/msg/detail/traveler_status__functions.c\n'}
[0.298629] (traveler_msgs) StdoutLine: {'line': b'-- Up-to-date: /home/qianlab/single_turtle_workspace/install/traveler_msgs/include/traveler_msgs/msg/detail/traveler_mode__struct.h\n'}
[0.298697] (traveler_msgs) StdoutLine: {'line': b'-- Up-to-date: /home/qianlab/single_turtle_workspace/install/traveler_msgs/include/traveler_msgs/msg/detail/set_state__functions.h\n'}
[0.298766] (traveler_msgs) StdoutLine: {'line': b'-- Up-to-date: /home/qianlab/single_turtle_workspace/install/traveler_msgs/include/traveler_msgs/msg/detail/set_input_position__functions.h\n'}
[0.298844] (traveler_msgs) StdoutLine: {'line': b'-- Up-to-date: /home/qianlab/single_turtle_workspace/install/traveler_msgs/include/traveler_msgs/msg/detail/set_input_position__type_support.h\n'}
[0.298912] (traveler_msgs) StdoutLine: {'line': b'-- Up-to-date: /home/qianlab/single_turtle_workspace/install/traveler_msgs/include/traveler_msgs/msg/detail/odrive_status__functions.h\n'}
[0.298981] (traveler_msgs) StdoutLine: {'line': b'-- Up-to-date: /home/qianlab/single_turtle_workspace/install/traveler_msgs/include/traveler_msgs/msg/detail/traveler_mode__type_support.h\n'}
[0.299049] (traveler_msgs) StdoutLine: {'line': b'-- Up-to-date: /home/qianlab/single_turtle_workspace/install/traveler_msgs/include/traveler_msgs/msg/detail/traveler_mode__functions.c\n'}
[0.299117] (traveler_msgs) StdoutLine: {'line': b'-- Up-to-date: /home/qianlab/single_turtle_workspace/install/traveler_msgs/include/traveler_msgs/msg/detail/set_state__functions.c\n'}
[0.299185] (traveler_msgs) StdoutLine: {'line': b'-- Up-to-date: /home/qianlab/single_turtle_workspace/install/traveler_msgs/include/traveler_msgs/msg/detail/set_input_position__struct.h\n'}
[0.299254] (traveler_msgs) StdoutLine: {'line': b'-- Up-to-date: /home/qianlab/single_turtle_workspace/install/traveler_msgs/include/traveler_msgs/msg/detail/set_state__type_support.h\n'}
[0.299325] (traveler_msgs) StdoutLine: {'line': b'-- Up-to-date: /home/qianlab/single_turtle_workspace/install/traveler_msgs/include/traveler_msgs/msg/detail/traveler_status__type_support.h\n'}
[0.299393] (traveler_msgs) StdoutLine: {'line': b'-- Up-to-date: /home/qianlab/single_turtle_workspace/install/traveler_msgs/include/traveler_msgs/msg/detail/traveler_config__type_support.h\n'}
[0.299460] (traveler_msgs) StdoutLine: {'line': b'-- Up-to-date: /home/qianlab/single_turtle_workspace/install/traveler_msgs/share/traveler_msgs/environment/library_path.sh\n'}
[0.299528] (traveler_msgs) StdoutLine: {'line': b'-- Up-to-date: /home/qianlab/single_turtle_workspace/install/traveler_msgs/share/traveler_msgs/environment/library_path.dsv\n'}
[0.299595] (traveler_msgs) StdoutLine: {'line': b'-- Up-to-date: /home/qianlab/single_turtle_workspace/install/traveler_msgs/lib/libtraveler_msgs__rosidl_generator_c.so\n'}
[0.299663] (traveler_msgs) StdoutLine: {'line': b'-- Up-to-date: /home/qianlab/single_turtle_workspace/install/traveler_msgs/include/traveler_msgs\n'}
[0.299730] (traveler_msgs) StdoutLine: {'line': b'-- Up-to-date: /home/qianlab/single_turtle_workspace/install/traveler_msgs/include/traveler_msgs/msg\n'}
[0.299800] (traveler_msgs) StdoutLine: {'line': b'-- Up-to-date: /home/qianlab/single_turtle_workspace/install/traveler_msgs/include/traveler_msgs/msg/rosidl_typesupport_fastrtps_c__visibility_control.h\n'}
[0.299867] (traveler_msgs) StdoutLine: {'line': b'-- Up-to-date: /home/qianlab/single_turtle_workspace/install/traveler_msgs/include/traveler_msgs/msg/detail\n'}
[0.299934] (traveler_msgs) StdoutLine: {'line': b'-- Up-to-date: /home/qianlab/single_turtle_workspace/install/traveler_msgs/include/traveler_msgs/msg/detail/traveler_config__rosidl_typesupport_fastrtps_c.h\n'}
[0.300001] (traveler_msgs) StdoutLine: {'line': b'-- Up-to-date: /home/qianlab/single_turtle_workspace/install/traveler_msgs/include/traveler_msgs/msg/detail/traveler_mode__rosidl_typesupport_fastrtps_c.h\n'}
[0.300068] (traveler_msgs) StdoutLine: {'line': b'-- Up-to-date: /home/qianlab/single_turtle_workspace/install/traveler_msgs/include/traveler_msgs/msg/detail/traveler_status__rosidl_typesupport_fastrtps_c.h\n'}
[0.300136] (traveler_msgs) StdoutLine: {'line': b'-- Up-to-date: /home/qianlab/single_turtle_workspace/install/traveler_msgs/include/traveler_msgs/msg/detail/set_input_position__rosidl_typesupport_fastrtps_c.h\n'}
[0.300203] (traveler_msgs) StdoutLine: {'line': b'-- Up-to-date: /home/qianlab/single_turtle_workspace/install/traveler_msgs/include/traveler_msgs/msg/detail/set_state__rosidl_typesupport_fastrtps_c.h\n'}
[0.300275] (traveler_msgs) StdoutLine: {'line': b'-- Up-to-date: /home/qianlab/single_turtle_workspace/install/traveler_msgs/include/traveler_msgs/msg/detail/odrive_status__rosidl_typesupport_fastrtps_c.h\n'}
[0.300344] (traveler_msgs) StdoutLine: {'line': b'-- Up-to-date: /home/qianlab/single_turtle_workspace/install/traveler_msgs/lib/libtraveler_msgs__rosidl_typesupport_fastrtps_c.so\n'}
[0.300411] (traveler_msgs) StdoutLine: {'line': b'-- Up-to-date: /home/qianlab/single_turtle_workspace/install/traveler_msgs/include/traveler_msgs\n'}
[0.300477] (-) TimerEvent: {}
[0.300627] (traveler_msgs) StdoutLine: {'line': b'-- Up-to-date: /home/qianlab/single_turtle_workspace/install/traveler_msgs/include/traveler_msgs/msg\n'}
[0.300708] (traveler_msgs) StdoutLine: {'line': b'-- Up-to-date: /home/qianlab/single_turtle_workspace/install/traveler_msgs/include/traveler_msgs/msg/detail\n'}
[0.300777] (traveler_msgs) StdoutLine: {'line': b'-- Up-to-date: /home/qianlab/single_turtle_workspace/install/traveler_msgs/include/traveler_msgs/msg/detail/traveler_config__rosidl_typesupport_fastrtps_cpp.hpp\n'}
[0.300846] (traveler_msgs) StdoutLine: {'line': b'-- Up-to-date: /home/qianlab/single_turtle_workspace/install/traveler_msgs/include/traveler_msgs/msg/detail/traveler_mode__rosidl_typesupport_fastrtps_cpp.hpp\n'}
[0.300914] (traveler_msgs) StdoutLine: {'line': b'-- Up-to-date: /home/qianlab/single_turtle_workspace/install/traveler_msgs/include/traveler_msgs/msg/detail/set_input_position__rosidl_typesupport_fastrtps_cpp.hpp\n'}
[0.300986] (traveler_msgs) StdoutLine: {'line': b'-- Up-to-date: /home/qianlab/single_turtle_workspace/install/traveler_msgs/include/traveler_msgs/msg/detail/dds_fastrtps\n'}
[0.301053] (traveler_msgs) StdoutLine: {'line': b'-- Up-to-date: /home/qianlab/single_turtle_workspace/install/traveler_msgs/include/traveler_msgs/msg/detail/traveler_status__rosidl_typesupport_fastrtps_cpp.hpp\n'}
[0.301125] (traveler_msgs) StdoutLine: {'line': b'-- Up-to-date: /home/qianlab/single_turtle_workspace/install/traveler_msgs/include/traveler_msgs/msg/detail/odrive_status__rosidl_typesupport_fastrtps_cpp.hpp\n'}
[0.301193] (traveler_msgs) StdoutLine: {'line': b'-- Up-to-date: /home/qianlab/single_turtle_workspace/install/traveler_msgs/include/traveler_msgs/msg/detail/set_state__rosidl_typesupport_fastrtps_cpp.hpp\n'}
[0.301258] (traveler_msgs) StdoutLine: {'line': b'-- Up-to-date: /home/qianlab/single_turtle_workspace/install/traveler_msgs/include/traveler_msgs/msg/rosidl_typesupport_fastrtps_cpp__visibility_control.h\n'}
[0.301321] (traveler_msgs) StdoutLine: {'line': b'-- Up-to-date: /home/qianlab/single_turtle_workspace/install/traveler_msgs/lib/libtraveler_msgs__rosidl_typesupport_fastrtps_cpp.so\n'}
[0.301384] (traveler_msgs) StdoutLine: {'line': b'-- Up-to-date: /home/qianlab/single_turtle_workspace/install/traveler_msgs/include/traveler_msgs\n'}
[0.301447] (traveler_msgs) StdoutLine: {'line': b'-- Up-to-date: /home/qianlab/single_turtle_workspace/install/traveler_msgs/include/traveler_msgs/msg\n'}
[0.301510] (traveler_msgs) StdoutLine: {'line': b'-- Up-to-date: /home/qianlab/single_turtle_workspace/install/traveler_msgs/include/traveler_msgs/msg/rosidl_typesupport_introspection_c__visibility_control.h\n'}
[0.301573] (traveler_msgs) StdoutLine: {'line': b'-- Up-to-date: /home/qianlab/single_turtle_workspace/install/traveler_msgs/include/traveler_msgs/msg/detail\n'}
[0.301636] (traveler_msgs) StdoutLine: {'line': b'-- Up-to-date: /home/qianlab/single_turtle_workspace/install/traveler_msgs/include/traveler_msgs/msg/detail/traveler_status__rosidl_typesupport_introspection_c.h\n'}
[0.301699] (traveler_msgs) StdoutLine: {'line': b'-- Up-to-date: /home/qianlab/single_turtle_workspace/install/traveler_msgs/include/traveler_msgs/msg/detail/traveler_config__rosidl_typesupport_introspection_c.h\n'}
[0.301763] (traveler_msgs) StdoutLine: {'line': b'-- Up-to-date: /home/qianlab/single_turtle_workspace/install/traveler_msgs/include/traveler_msgs/msg/detail/set_state__type_support.c\n'}
[0.301826] (traveler_msgs) StdoutLine: {'line': b'-- Up-to-date: /home/qianlab/single_turtle_workspace/install/traveler_msgs/include/traveler_msgs/msg/detail/traveler_mode__rosidl_typesupport_introspection_c.h\n'}
[0.301889] (traveler_msgs) StdoutLine: {'line': b'-- Up-to-date: /home/qianlab/single_turtle_workspace/install/traveler_msgs/include/traveler_msgs/msg/detail/set_input_position__rosidl_typesupport_introspection_c.h\n'}
[0.301952] (traveler_msgs) StdoutLine: {'line': b'-- Up-to-date: /home/qianlab/single_turtle_workspace/install/traveler_msgs/include/traveler_msgs/msg/detail/odrive_status__rosidl_typesupport_introspection_c.h\n'}
[0.302016] (traveler_msgs) StdoutLine: {'line': b'-- Up-to-date: /home/qianlab/single_turtle_workspace/install/traveler_msgs/include/traveler_msgs/msg/detail/traveler_mode__type_support.c\n'}
[0.302079] (traveler_msgs) StdoutLine: {'line': b'-- Up-to-date: /home/qianlab/single_turtle_workspace/install/traveler_msgs/include/traveler_msgs/msg/detail/set_input_position__type_support.c\n'}
[0.302143] (traveler_msgs) StdoutLine: {'line': b'-- Up-to-date: /home/qianlab/single_turtle_workspace/install/traveler_msgs/include/traveler_msgs/msg/detail/set_state__rosidl_typesupport_introspection_c.h\n'}
[0.302210] (traveler_msgs) StdoutLine: {'line': b'-- Up-to-date: /home/qianlab/single_turtle_workspace/install/traveler_msgs/include/traveler_msgs/msg/detail/traveler_status__type_support.c\n'}
[0.302275] (traveler_msgs) StdoutLine: {'line': b'-- Up-to-date: /home/qianlab/single_turtle_workspace/install/traveler_msgs/include/traveler_msgs/msg/detail/traveler_config__type_support.c\n'}
[0.302342] (traveler_msgs) StdoutLine: {'line': b'-- Up-to-date: /home/qianlab/single_turtle_workspace/install/traveler_msgs/include/traveler_msgs/msg/detail/odrive_status__type_support.c\n'}
[0.302405] (traveler_msgs) StdoutLine: {'line': b'-- Up-to-date: /home/qianlab/single_turtle_workspace/install/traveler_msgs/lib/libtraveler_msgs__rosidl_typesupport_introspection_c.so\n'}
[0.302467] (traveler_msgs) StdoutLine: {'line': b'-- Up-to-date: /home/qianlab/single_turtle_workspace/install/traveler_msgs/lib/libtraveler_msgs__rosidl_typesupport_c.so\n'}
[0.302529] (traveler_msgs) StdoutLine: {'line': b'-- Up-to-date: /home/qianlab/single_turtle_workspace/install/traveler_msgs/include/traveler_msgs\n'}
[0.302592] (traveler_msgs) StdoutLine: {'line': b'-- Up-to-date: /home/qianlab/single_turtle_workspace/install/traveler_msgs/include/traveler_msgs/msg\n'}
[0.302654] (traveler_msgs) StdoutLine: {'line': b'-- Up-to-date: /home/qianlab/single_turtle_workspace/install/traveler_msgs/include/traveler_msgs/msg/set_state.hpp\n'}
[0.302717] (traveler_msgs) StdoutLine: {'line': b'-- Up-to-date: /home/qianlab/single_turtle_workspace/install/traveler_msgs/include/traveler_msgs/msg/rosidl_generator_cpp__visibility_control.hpp\n'}
[0.302779] (traveler_msgs) StdoutLine: {'line': b'-- Up-to-date: /home/qianlab/single_turtle_workspace/install/traveler_msgs/include/traveler_msgs/msg/traveler_status.hpp\n'}
[0.302840] (traveler_msgs) StdoutLine: {'line': b'-- Up-to-date: /home/qianlab/single_turtle_workspace/install/traveler_msgs/include/traveler_msgs/msg/traveler_mode.hpp\n'}
[0.302902] (traveler_msgs) StdoutLine: {'line': b'-- Up-to-date: /home/qianlab/single_turtle_workspace/install/traveler_msgs/include/traveler_msgs/msg/traveler_config.hpp\n'}
[0.302973] (traveler_msgs) StdoutLine: {'line': b'-- Up-to-date: /home/qianlab/single_turtle_workspace/install/traveler_msgs/include/traveler_msgs/msg/set_input_position.hpp\n'}
[0.303035] (traveler_msgs) StdoutLine: {'line': b'-- Up-to-date: /home/qianlab/single_turtle_workspace/install/traveler_msgs/include/traveler_msgs/msg/odrive_status.hpp\n'}
[0.303096] (traveler_msgs) StdoutLine: {'line': b'-- Up-to-date: /home/qianlab/single_turtle_workspace/install/traveler_msgs/include/traveler_msgs/msg/detail\n'}
[0.303158] (traveler_msgs) StdoutLine: {'line': b'-- Up-to-date: /home/qianlab/single_turtle_workspace/install/traveler_msgs/include/traveler_msgs/msg/detail/traveler_config__builder.hpp\n'}
[0.303220] (traveler_msgs) StdoutLine: {'line': b'-- Up-to-date: /home/qianlab/single_turtle_workspace/install/traveler_msgs/include/traveler_msgs/msg/detail/traveler_status__builder.hpp\n'}
[0.303282] (traveler_msgs) StdoutLine: {'line': b'-- Up-to-date: /home/qianlab/single_turtle_workspace/install/traveler_msgs/include/traveler_msgs/msg/detail/traveler_config__type_support.hpp\n'}
[0.303345] (traveler_msgs) StdoutLine: {'line': b'-- Up-to-date: /home/qianlab/single_turtle_workspace/install/traveler_msgs/include/traveler_msgs/msg/detail/traveler_config__traits.hpp\n'}
[0.303407] (traveler_msgs) StdoutLine: {'line': b'-- Up-to-date: /home/qianlab/single_turtle_workspace/install/traveler_msgs/include/traveler_msgs/msg/detail/traveler_mode__builder.hpp\n'}
[0.303470] (traveler_msgs) StdoutLine: {'line': b'-- Up-to-date: /home/qianlab/single_turtle_workspace/install/traveler_msgs/include/traveler_msgs/msg/detail/odrive_status__traits.hpp\n'}
[0.303534] (traveler_msgs) StdoutLine: {'line': b'-- Up-to-date: /home/qianlab/single_turtle_workspace/install/traveler_msgs/include/traveler_msgs/msg/detail/set_input_position__struct.hpp\n'}
[0.303600] (traveler_msgs) StdoutLine: {'line': b'-- Up-to-date: /home/qianlab/single_turtle_workspace/install/traveler_msgs/include/traveler_msgs/msg/detail/set_state__traits.hpp\n'}
[0.303663] (traveler_msgs) StdoutLine: {'line': b'-- Up-to-date: /home/qianlab/single_turtle_workspace/install/traveler_msgs/include/traveler_msgs/msg/detail/odrive_status__builder.hpp\n'}
[0.303729] (traveler_msgs) StdoutLine: {'line': b'-- Up-to-date: /home/qianlab/single_turtle_workspace/install/traveler_msgs/include/traveler_msgs/msg/detail/traveler_mode__struct.hpp\n'}
[0.303792] (traveler_msgs) StdoutLine: {'line': b'-- Up-to-date: /home/qianlab/single_turtle_workspace/install/traveler_msgs/include/traveler_msgs/msg/detail/set_state__builder.hpp\n'}
[0.303855] (traveler_msgs) StdoutLine: {'line': b'-- Up-to-date: /home/qianlab/single_turtle_workspace/install/traveler_msgs/include/traveler_msgs/msg/detail/set_input_position__type_support.hpp\n'}
[0.303918] (traveler_msgs) StdoutLine: {'line': b'-- Up-to-date: /home/qianlab/single_turtle_workspace/install/traveler_msgs/include/traveler_msgs/msg/detail/traveler_status__traits.hpp\n'}
[0.303980] (traveler_msgs) StdoutLine: {'line': b'-- Up-to-date: /home/qianlab/single_turtle_workspace/install/traveler_msgs/include/traveler_msgs/msg/detail/traveler_mode__type_support.hpp\n'}
[0.304042] (traveler_msgs) StdoutLine: {'line': b'-- Up-to-date: /home/qianlab/single_turtle_workspace/install/traveler_msgs/include/traveler_msgs/msg/detail/set_state__type_support.hpp\n'}
[0.304107] (traveler_msgs) StdoutLine: {'line': b'-- Up-to-date: /home/qianlab/single_turtle_workspace/install/traveler_msgs/include/traveler_msgs/msg/detail/traveler_config__struct.hpp\n'}
[0.304170] (traveler_msgs) StdoutLine: {'line': b'-- Up-to-date: /home/qianlab/single_turtle_workspace/install/traveler_msgs/include/traveler_msgs/msg/detail/odrive_status__type_support.hpp\n'}
[0.304232] (traveler_msgs) StdoutLine: {'line': b'-- Up-to-date: /home/qianlab/single_turtle_workspace/install/traveler_msgs/include/traveler_msgs/msg/detail/odrive_status__struct.hpp\n'}
[0.304294] (traveler_msgs) StdoutLine: {'line': b'-- Up-to-date: /home/qianlab/single_turtle_workspace/install/traveler_msgs/include/traveler_msgs/msg/detail/traveler_status__type_support.hpp\n'}
[0.304357] (traveler_msgs) StdoutLine: {'line': b'-- Up-to-date: /home/qianlab/single_turtle_workspace/install/traveler_msgs/include/traveler_msgs/msg/detail/set_input_position__builder.hpp\n'}
[0.304419] (traveler_msgs) StdoutLine: {'line': b'-- Up-to-date: /home/qianlab/single_turtle_workspace/install/traveler_msgs/include/traveler_msgs/msg/detail/traveler_status__struct.hpp\n'}
[0.304482] (traveler_msgs) StdoutLine: {'line': b'-- Up-to-date: /home/qianlab/single_turtle_workspace/install/traveler_msgs/include/traveler_msgs/msg/detail/traveler_mode__traits.hpp\n'}
[0.304553] (traveler_msgs) StdoutLine: {'line': b'-- Up-to-date: /home/qianlab/single_turtle_workspace/install/traveler_msgs/include/traveler_msgs/msg/detail/set_state__struct.hpp\n'}
[0.304619] (traveler_msgs) StdoutLine: {'line': b'-- Up-to-date: /home/qianlab/single_turtle_workspace/install/traveler_msgs/include/traveler_msgs/msg/detail/set_input_position__traits.hpp\n'}
[0.304682] (traveler_msgs) StdoutLine: {'line': b'-- Up-to-date: /home/qianlab/single_turtle_workspace/install/traveler_msgs/include/traveler_msgs\n'}
[0.304744] (traveler_msgs) StdoutLine: {'line': b'-- Up-to-date: /home/qianlab/single_turtle_workspace/install/traveler_msgs/include/traveler_msgs/msg\n'}
[0.304806] (traveler_msgs) StdoutLine: {'line': b'-- Up-to-date: /home/qianlab/single_turtle_workspace/install/traveler_msgs/include/traveler_msgs/msg/detail\n'}
[0.304868] (traveler_msgs) StdoutLine: {'line': b'-- Up-to-date: /home/qianlab/single_turtle_workspace/install/traveler_msgs/include/traveler_msgs/msg/detail/traveler_mode__type_support.cpp\n'}
[0.304931] (traveler_msgs) StdoutLine: {'line': b'-- Up-to-date: /home/qianlab/single_turtle_workspace/install/traveler_msgs/include/traveler_msgs/msg/detail/odrive_status__rosidl_typesupport_introspection_cpp.hpp\n'}
[0.305000] (traveler_msgs) StdoutLine: {'line': b'-- Up-to-date: /home/qianlab/single_turtle_workspace/install/traveler_msgs/include/traveler_msgs/msg/detail/set_state__rosidl_typesupport_introspection_cpp.hpp\n'}
[0.305063] (traveler_msgs) StdoutLine: {'line': b'-- Up-to-date: /home/qianlab/single_turtle_workspace/install/traveler_msgs/include/traveler_msgs/msg/detail/traveler_status__type_support.cpp\n'}
[0.305129] (traveler_msgs) StdoutLine: {'line': b'-- Up-to-date: /home/qianlab/single_turtle_workspace/install/traveler_msgs/include/traveler_msgs/msg/detail/traveler_status__rosidl_typesupport_introspection_cpp.hpp\n'}
[0.305191] (traveler_msgs) StdoutLine: {'line': b'-- Up-to-date: /home/qianlab/single_turtle_workspace/install/traveler_msgs/include/traveler_msgs/msg/detail/set_input_position__rosidl_typesupport_introspection_cpp.hpp\n'}
[0.305254] (traveler_msgs) StdoutLine: {'line': b'-- Up-to-date: /home/qianlab/single_turtle_workspace/install/traveler_msgs/include/traveler_msgs/msg/detail/odrive_status__type_support.cpp\n'}
[0.305316] (traveler_msgs) StdoutLine: {'line': b'-- Up-to-date: /home/qianlab/single_turtle_workspace/install/traveler_msgs/include/traveler_msgs/msg/detail/traveler_mode__rosidl_typesupport_introspection_cpp.hpp\n'}
[0.305377] (traveler_msgs) StdoutLine: {'line': b'-- Up-to-date: /home/qianlab/single_turtle_workspace/install/traveler_msgs/include/traveler_msgs/msg/detail/set_state__type_support.cpp\n'}
[0.305438] (traveler_msgs) StdoutLine: {'line': b'-- Up-to-date: /home/qianlab/single_turtle_workspace/install/traveler_msgs/include/traveler_msgs/msg/detail/traveler_config__type_support.cpp\n'}
[0.305500] (traveler_msgs) StdoutLine: {'line': b'-- Up-to-date: /home/qianlab/single_turtle_workspace/install/traveler_msgs/include/traveler_msgs/msg/detail/set_input_position__type_support.cpp\n'}
[0.305563] (traveler_msgs) StdoutLine: {'line': b'-- Up-to-date: /home/qianlab/single_turtle_workspace/install/traveler_msgs/include/traveler_msgs/msg/detail/traveler_config__rosidl_typesupport_introspection_cpp.hpp\n'}
[0.305626] (traveler_msgs) StdoutLine: {'line': b'-- Up-to-date: /home/qianlab/single_turtle_workspace/install/traveler_msgs/lib/libtraveler_msgs__rosidl_typesupport_introspection_cpp.so\n'}
[0.305689] (traveler_msgs) StdoutLine: {'line': b'-- Up-to-date: /home/qianlab/single_turtle_workspace/install/traveler_msgs/lib/libtraveler_msgs__rosidl_typesupport_cpp.so\n'}
[0.305751] (traveler_msgs) StdoutLine: {'line': b'-- Up-to-date: /home/qianlab/single_turtle_workspace/install/traveler_msgs/share/traveler_msgs/environment/pythonpath.sh\n'}
[0.305813] (traveler_msgs) StdoutLine: {'line': b'-- Up-to-date: /home/qianlab/single_turtle_workspace/install/traveler_msgs/share/traveler_msgs/environment/pythonpath.dsv\n'}
[0.305878] (traveler_msgs) StdoutLine: {'line': b'-- Up-to-date: /home/qianlab/single_turtle_workspace/install/traveler_msgs/lib/python3.8/site-packages/traveler_msgs/__init__.py\n'}
[0.322919] (traveler_msgs) StdoutLine: {'line': b'-- Up-to-date: /home/qianlab/single_turtle_workspace/install/traveler_msgs/lib/python3.8/site-packages/traveler_msgs/msg\n'}
[0.323105] (traveler_msgs) StdoutLine: {'line': b'-- Up-to-date: /home/qianlab/single_turtle_workspace/install/traveler_msgs/lib/python3.8/site-packages/traveler_msgs/msg/_set_input_position_s.c\n'}
[0.323182] (traveler_msgs) StdoutLine: {'line': b'-- Up-to-date: /home/qianlab/single_turtle_workspace/install/traveler_msgs/lib/python3.8/site-packages/traveler_msgs/msg/_traveler_mode.py\n'}
[0.323252] (traveler_msgs) StdoutLine: {'line': b'-- Up-to-date: /home/qianlab/single_turtle_workspace/install/traveler_msgs/lib/python3.8/site-packages/traveler_msgs/msg/_odrive_status_s.c\n'}
[0.323418] (traveler_msgs) StdoutLine: {'line': b'-- Up-to-date: /home/qianlab/single_turtle_workspace/install/traveler_msgs/lib/python3.8/site-packages/traveler_msgs/msg/_traveler_mode_s.c\n'}
[0.323505] (traveler_msgs) StdoutLine: {'line': b'-- Up-to-date: /home/qianlab/single_turtle_workspace/install/traveler_msgs/lib/python3.8/site-packages/traveler_msgs/msg/_traveler_status.py\n'}
[0.323576] (traveler_msgs) StdoutLine: {'line': b'-- Up-to-date: /home/qianlab/single_turtle_workspace/install/traveler_msgs/lib/python3.8/site-packages/traveler_msgs/msg/_set_input_position.py\n'}
[0.323643] (traveler_msgs) StdoutLine: {'line': b'-- Up-to-date: /home/qianlab/single_turtle_workspace/install/traveler_msgs/lib/python3.8/site-packages/traveler_msgs/msg/_odrive_status.py\n'}
[0.323719] (traveler_msgs) StdoutLine: {'line': b'-- Up-to-date: /home/qianlab/single_turtle_workspace/install/traveler_msgs/lib/python3.8/site-packages/traveler_msgs/msg/_traveler_config_s.c\n'}
[0.323784] (traveler_msgs) StdoutLine: {'line': b'-- Up-to-date: /home/qianlab/single_turtle_workspace/install/traveler_msgs/lib/python3.8/site-packages/traveler_msgs/msg/_set_state_s.c\n'}
[0.323851] (traveler_msgs) StdoutLine: {'line': b'-- Up-to-date: /home/qianlab/single_turtle_workspace/install/traveler_msgs/lib/python3.8/site-packages/traveler_msgs/msg/_traveler_status_s.c\n'}
[0.323937] (traveler_msgs) StdoutLine: {'line': b'-- Up-to-date: /home/qianlab/single_turtle_workspace/install/traveler_msgs/lib/python3.8/site-packages/traveler_msgs/msg/_traveler_config.py\n'}
[0.324002] (traveler_msgs) StdoutLine: {'line': b'-- Up-to-date: /home/qianlab/single_turtle_workspace/install/traveler_msgs/lib/python3.8/site-packages/traveler_msgs/msg/_set_state.py\n'}
[0.324075] (traveler_msgs) StdoutLine: {'line': b'-- Up-to-date: /home/qianlab/single_turtle_workspace/install/traveler_msgs/lib/python3.8/site-packages/traveler_msgs/msg/__init__.py\n'}
[0.324139] (traveler_msgs) StdoutLine: {'line': b'-- Up-to-date: /home/qianlab/single_turtle_workspace/install/traveler_msgs/lib/python3.8/site-packages/traveler_msgs/traveler_msgs_s__rosidl_typesupport_fastrtps_c.cpython-38-x86_64-linux-gnu.so\n'}
[0.324204] (traveler_msgs) StdoutLine: {'line': b'-- Up-to-date: /home/qianlab/single_turtle_workspace/install/traveler_msgs/lib/python3.8/site-packages/traveler_msgs/traveler_msgs_s__rosidl_typesupport_introspection_c.cpython-38-x86_64-linux-gnu.so\n'}
[0.324396] (traveler_msgs) StdoutLine: {'line': b'-- Up-to-date: /home/qianlab/single_turtle_workspace/install/traveler_msgs/lib/python3.8/site-packages/traveler_msgs/traveler_msgs_s__rosidl_typesupport_c.cpython-38-x86_64-linux-gnu.so\n'}
[0.324893] (traveler_msgs) StdoutLine: {'line': b'-- Up-to-date: /home/qianlab/single_turtle_workspace/install/traveler_msgs/lib/libtraveler_msgs__python.so\n'}
[0.325124] (traveler_msgs) StdoutLine: {'line': b'-- Up-to-date: /home/qianlab/single_turtle_workspace/install/traveler_msgs/share/traveler_msgs/msg/OdriveStatus.idl\n'}
[0.325287] (traveler_msgs) StdoutLine: {'line': b'-- Up-to-date: /home/qianlab/single_turtle_workspace/install/traveler_msgs/share/traveler_msgs/msg/TravelerConfig.idl\n'}
[0.325365] (traveler_msgs) StdoutLine: {'line': b'-- Up-to-date: /home/qianlab/single_turtle_workspace/install/traveler_msgs/share/traveler_msgs/msg/TravelerMode.idl\n'}
[0.325435] (traveler_msgs) StdoutLine: {'line': b'-- Up-to-date: /home/qianlab/single_turtle_workspace/install/traveler_msgs/share/traveler_msgs/msg/TravelerStatus.idl\n'}
[0.325568] (traveler_msgs) StdoutLine: {'line': b'-- Up-to-date: /home/qianlab/single_turtle_workspace/install/traveler_msgs/share/traveler_msgs/msg/SetState.idl\n'}
[0.325655] (traveler_msgs) StdoutLine: {'line': b'-- Up-to-date: /home/qianlab/single_turtle_workspace/install/traveler_msgs/share/traveler_msgs/msg/SetInputPosition.idl\n'}
[0.325750] (traveler_msgs) StdoutLine: {'line': b'-- Up-to-date: /home/qianlab/single_turtle_workspace/install/traveler_msgs/share/traveler_msgs/msg/OdriveStatus.msg\n'}
[0.325846] (traveler_msgs) StdoutLine: {'line': b'-- Up-to-date: /home/qianlab/single_turtle_workspace/install/traveler_msgs/share/traveler_msgs/msg/TravelerConfig.msg\n'}
[0.325945] (traveler_msgs) StdoutLine: {'line': b'-- Up-to-date: /home/qianlab/single_turtle_workspace/install/traveler_msgs/share/traveler_msgs/msg/TravelerMode.msg\n'}
[0.326053] (traveler_msgs) StdoutLine: {'line': b'-- Up-to-date: /home/qianlab/single_turtle_workspace/install/traveler_msgs/share/traveler_msgs/msg/TravelerStatus.msg\n'}
[0.326150] (traveler_msgs) StdoutLine: {'line': b'-- Up-to-date: /home/qianlab/single_turtle_workspace/install/traveler_msgs/share/traveler_msgs/odrivemsg/SetState.msg\n'}
[0.326235] (traveler_msgs) StdoutLine: {'line': b'-- Up-to-date: /home/qianlab/single_turtle_workspace/install/traveler_msgs/share/traveler_msgs/odrivemsg/SetInputPosition.msg\n'}
[0.326314] (traveler_msgs) StdoutLine: {'line': b'-- Up-to-date: /home/qianlab/single_turtle_workspace/install/traveler_msgs/share/ament_index/resource_index/package_run_dependencies/traveler_msgs\n'}
[0.326392] (traveler_msgs) StdoutLine: {'line': b'-- Up-to-date: /home/qianlab/single_turtle_workspace/install/traveler_msgs/share/ament_index/resource_index/parent_prefix_path/traveler_msgs\n'}
[0.326463] (traveler_msgs) StdoutLine: {'line': b'-- Up-to-date: /home/qianlab/single_turtle_workspace/install/traveler_msgs/share/traveler_msgs/environment/ament_prefix_path.sh\n'}
[0.326559] (traveler_msgs) StdoutLine: {'line': b'-- Up-to-date: /home/qianlab/single_turtle_workspace/install/traveler_msgs/share/traveler_msgs/environment/ament_prefix_path.dsv\n'}
[0.326629] (traveler_msgs) StdoutLine: {'line': b'-- Up-to-date: /home/qianlab/single_turtle_workspace/install/traveler_msgs/share/traveler_msgs/environment/path.sh\n'}
[0.326697] (traveler_msgs) StdoutLine: {'line': b'-- Up-to-date: /home/qianlab/single_turtle_workspace/install/traveler_msgs/share/traveler_msgs/environment/path.dsv\n'}
[0.326784] (traveler_msgs) StdoutLine: {'line': b'-- Up-to-date: /home/qianlab/single_turtle_workspace/install/traveler_msgs/share/traveler_msgs/local_setup.bash\n'}
[0.326869] (traveler_msgs) StdoutLine: {'line': b'-- Up-to-date: /home/qianlab/single_turtle_workspace/install/traveler_msgs/share/traveler_msgs/local_setup.sh\n'}
[0.326936] (traveler_msgs) StdoutLine: {'line': b'-- Up-to-date: /home/qianlab/single_turtle_workspace/install/traveler_msgs/share/traveler_msgs/local_setup.zsh\n'}
[0.327003] (traveler_msgs) StdoutLine: {'line': b'-- Up-to-date: /home/qianlab/single_turtle_workspace/install/traveler_msgs/share/traveler_msgs/local_setup.dsv\n'}
[0.327069] (traveler_msgs) StdoutLine: {'line': b'-- Installing: /home/qianlab/single_turtle_workspace/install/traveler_msgs/share/traveler_msgs/package.dsv\n'}
[0.327171] (traveler_msgs) StdoutLine: {'line': b'-- Up-to-date: /home/qianlab/single_turtle_workspace/install/traveler_msgs/share/ament_index/resource_index/packages/traveler_msgs\n'}
[0.327238] (traveler_msgs) StdoutLine: {'line': b'-- Up-to-date: /home/qianlab/single_turtle_workspace/install/traveler_msgs/share/traveler_msgs/cmake/traveler_msgs__rosidl_generator_cExport.cmake\n'}
[0.327307] (traveler_msgs) StdoutLine: {'line': b'-- Up-to-date: /home/qianlab/single_turtle_workspace/install/traveler_msgs/share/traveler_msgs/cmake/traveler_msgs__rosidl_generator_cExport-noconfig.cmake\n'}
[0.327373] (traveler_msgs) StdoutLine: {'line': b'-- Up-to-date: /home/qianlab/single_turtle_workspace/install/traveler_msgs/share/traveler_msgs/cmake/traveler_msgs__rosidl_typesupport_introspection_cExport.cmake\n'}
[0.327483] (traveler_msgs) StdoutLine: {'line': b'-- Up-to-date: /home/qianlab/single_turtle_workspace/install/traveler_msgs/share/traveler_msgs/cmake/traveler_msgs__rosidl_typesupport_introspection_cExport-noconfig.cmake\n'}
[0.327558] (traveler_msgs) StdoutLine: {'line': b'-- Up-to-date: /home/qianlab/single_turtle_workspace/install/traveler_msgs/share/traveler_msgs/cmake/traveler_msgs__rosidl_typesupport_cExport.cmake\n'}
[0.327630] (traveler_msgs) StdoutLine: {'line': b'-- Up-to-date: /home/qianlab/single_turtle_workspace/install/traveler_msgs/share/traveler_msgs/cmake/traveler_msgs__rosidl_typesupport_cExport-noconfig.cmake\n'}
[0.327721] (traveler_msgs) StdoutLine: {'line': b'-- Up-to-date: /home/qianlab/single_turtle_workspace/install/traveler_msgs/share/traveler_msgs/cmake/traveler_msgs__rosidl_generator_cppExport.cmake\n'}
[0.327988] (traveler_msgs) StdoutLine: {'line': b'-- Up-to-date: /home/qianlab/single_turtle_workspace/install/traveler_msgs/share/traveler_msgs/cmake/traveler_msgs__rosidl_typesupport_introspection_cppExport.cmake\n'}
[0.328085] (traveler_msgs) StdoutLine: {'line': b'-- Up-to-date: /home/qianlab/single_turtle_workspace/install/traveler_msgs/share/traveler_msgs/cmake/traveler_msgs__rosidl_typesupport_introspection_cppExport-noconfig.cmake\n'}
[0.328300] (traveler_msgs) StdoutLine: {'line': b'-- Up-to-date: /home/qianlab/single_turtle_workspace/install/traveler_msgs/share/traveler_msgs/cmake/traveler_msgs__rosidl_typesupport_cppExport.cmake\n'}
[0.328397] (traveler_msgs) StdoutLine: {'line': b'-- Up-to-date: /home/qianlab/single_turtle_workspace/install/traveler_msgs/share/traveler_msgs/cmake/traveler_msgs__rosidl_typesupport_cppExport-noconfig.cmake\n'}
[0.328500] (traveler_msgs) StdoutLine: {'line': b'-- Up-to-date: /home/qianlab/single_turtle_workspace/install/traveler_msgs/share/traveler_msgs/cmake/rosidl_cmake-extras.cmake\n'}
[0.328600] (traveler_msgs) StdoutLine: {'line': b'-- Up-to-date: /home/qianlab/single_turtle_workspace/install/traveler_msgs/share/traveler_msgs/cmake/ament_cmake_export_dependencies-extras.cmake\n'}
[0.328699] (traveler_msgs) StdoutLine: {'line': b'-- Up-to-date: /home/qianlab/single_turtle_workspace/install/traveler_msgs/share/traveler_msgs/cmake/ament_cmake_export_libraries-extras.cmake\n'}
[0.328806] (traveler_msgs) StdoutLine: {'line': b'-- Up-to-date: /home/qianlab/single_turtle_workspace/install/traveler_msgs/share/traveler_msgs/cmake/ament_cmake_export_targets-extras.cmake\n'}
[0.328887] (traveler_msgs) StdoutLine: {'line': b'-- Up-to-date: /home/qianlab/single_turtle_workspace/install/traveler_msgs/share/traveler_msgs/cmake/ament_cmake_export_include_directories-extras.cmake\n'}
[0.328953] (traveler_msgs) StdoutLine: {'line': b'-- Up-to-date: /home/qianlab/single_turtle_workspace/install/traveler_msgs/share/traveler_msgs/cmake/rosidl_cmake_export_typesupport_libraries-extras.cmake\n'}
[0.329018] (traveler_msgs) StdoutLine: {'line': b'-- Up-to-date: /home/qianlab/single_turtle_workspace/install/traveler_msgs/share/traveler_msgs/cmake/rosidl_cmake_export_typesupport_targets-extras.cmake\n'}
[0.329083] (traveler_msgs) StdoutLine: {'line': b'-- Up-to-date: /home/qianlab/single_turtle_workspace/install/traveler_msgs/share/traveler_msgs/cmake/traveler_msgsConfig.cmake\n'}
[0.329150] (traveler_msgs) StdoutLine: {'line': b'-- Up-to-date: /home/qianlab/single_turtle_workspace/install/traveler_msgs/share/traveler_msgs/cmake/traveler_msgsConfig-version.cmake\n'}
[0.329217] (traveler_msgs) StdoutLine: {'line': b'-- Up-to-date: /home/qianlab/single_turtle_workspace/install/traveler_msgs/share/traveler_msgs/package.xml\n'}
[0.331562] (traveler_msgs) CommandEnded: {'returncode': 0}
[0.400783] (-) TimerEvent: {}
[0.431984] (traveler_msgs) JobEnded: {'identifier': 'traveler_msgs', 'rc': 0}
[0.433155] (turtle_high_controller) JobStarted: {'identifier': 'turtle_high_controller'}
[0.439640] (turtle_high_controller) JobProgress: {'identifier': 'turtle_high_controller', 'progress': 'cmake'}
[0.440318] (turtle_high_controller) JobProgress: {'identifier': 'turtle_high_controller', 'progress': 'build'}
[0.440766] (turtle_high_controller) Command: {'cmd': ['/usr/bin/cmake', '--build', '/home/qianlab/single_turtle_workspace/build/turtle_high_controller', '--', '-j12', '-l12'], 'cwd': '/home/qianlab/single_turtle_workspace/build/turtle_high_controller', 'env': OrderedDict([('GJS_DEBUG_TOPICS', 'JS ERROR;JS LOG'), ('LESSOPEN', '| /usr/bin/lesspipe %s'), ('USER', 'qianlab'), ('SSH_AGENT_PID', '2033'), ('XDG_SESSION_TYPE', 'x11'), ('GIT_ASKPASS', '/usr/share/code/resources/app/extensions/git/dist/askpass.sh'), ('SHLVL', '1'), ('LD_LIBRARY_PATH', '/home/qianlab/single_turtle_workspace/install/traveler_msgs/lib:/home/qianlab/lassie-traveler/dependencies/install/traveler_msgs/lib:/opt/ros/foxy/opt/yaml_cpp_vendor/lib:/opt/ros/foxy/opt/rviz_ogre_vendor/lib:/opt/ros/foxy/lib/x86_64-linux-gnu:/opt/ros/foxy/lib'), ('HOME', '/home/qianlab'), ('CHROME_DESKTOP', 'code.desktop'), ('CONDA_SHLVL', '0'), ('TERM_PROGRAM_VERSION', '1.100.3'), ('DESKTOP_SESSION', 'ubuntu'), ('NVM_BIN', '/home/qianlab/.nvm/versions/node/v12.18.3/bin'), ('NVM_INC', '/home/qianlab/.nvm/versions/node/v12.18.3/include/node'), ('GIO_LAUNCHED_DESKTOP_FILE', '/usr/share/applications/code.desktop'), ('ROS_PYTHON_VERSION', '3'), ('GNOME_SHELL_SESSION_MODE', 'ubuntu'), ('GTK_MODULES', 'gail:atk-bridge'), ('VSCODE_GIT_ASKPASS_MAIN', '/usr/share/code/resources/app/extensions/git/dist/askpass-main.js'), ('VSCODE_GIT_ASKPASS_NODE', '/usr/share/code/code'), ('MANAGERPID', '1924'), ('DBUS_SESSION_BUS_ADDRESS', 'unix:path=/run/user/1000/bus'), ('COLORTERM', 'truecolor'), ('_CE_M', ''), ('GIO_LAUNCHED_DESKTOP_FILE_PID', '471252'), ('NVM_DIR', '/home/qianlab/.nvm'), ('MANDATORY_PATH', '/usr/share/gconf/ubuntu.mandatory.path'), ('IM_CONFIG_PHASE', '1'), ('COLCON_PREFIX_PATH', '/home/qianlab/lassie-traveler/dependencies/install'), ('ROS_DISTRO', 'foxy'), ('LOGNAME', 'qianlab'), ('JOURNAL_STREAM', '8:56505'), ('_', '/usr/bin/colcon'), ('ROS_VERSION', '2'), ('XDG_SESSION_CLASS', 'user'), ('DEFAULTS_PATH', '/usr/share/gconf/ubuntu.default.path'), ('USERNAME', 'qianlab'), ('TERM', 'xterm-256color'), ('GNOME_DESKTOP_SESSION_ID', 'this-is-deprecated'), ('_CE_CONDA', ''), ('ROS_LOCALHOST_ONLY', '0'), ('WINDOWPATH', '2'), ('PATH', '/home/qianlab/ghost_robotics/arm_toolchain/bin:/home/qianlab/.local/bin:/home/qianlab/ghost_robotics/arm_toolchain/bin:/home/qianlab/miniconda3/condabin:/home/qianlab/.nvm/versions/node/v12.18.3/bin:/opt/ros/foxy/bin:/home/qianlab/.local/bin:/usr/local/sbin:/usr/local/bin:/usr/sbin:/usr/bin:/sbin:/bin:/usr/games:/usr/local/games:/snap/bin'), ('SESSION_MANAGER', 'local/qianlab-Yoga-7-14IAL7:@/tmp/.ICE-unix/2071,unix/qianlab-Yoga-7-14IAL7:/tmp/.ICE-unix/2071'), ('INVOCATION_ID', 'ada520d1c1f94e228d33304f77e601b8'), ('XDG_MENU_PREFIX', 'gnome-'), ('XDG_RUNTIME_DIR', '/run/user/1000'), ('GDK_BACKEND', 'x11'), ('DISPLAY', ':0'), ('LANG', 'en_US.UTF-8'), ('XDG_CURRENT_DESKTOP', 'Unity'), ('XMODIFIERS', '@im=ibus'), ('XDG_SESSION_DESKTOP', 'ubuntu'), ('XAUTHORITY', '/run/user/1000/gdm/Xauthority'), ('LS_COLORS', 'rs=0:di=01;34:ln=01;36:mh=00:pi=40;33:so=01;35:do=01;35:bd=40;33;01:cd=40;33;01:or=40;31;01:mi=00:su=37;41:sg=30;43:ca=30;41:tw=30;42:ow=34;42:st=37;44:ex=01;32:*.tar=01;31:*.tgz=01;31:*.arc=01;31:*.arj=01;31:*.taz=01;31:*.lha=01;31:*.lz4=01;31:*.lzh=01;31:*.lzma=01;31:*.tlz=01;31:*.txz=01;31:*.tzo=01;31:*.t7z=01;31:*.zip=01;31:*.z=01;31:*.dz=01;31:*.gz=01;31:*.lrz=01;31:*.lz=01;31:*.lzo=01;31:*.xz=01;31:*.zst=01;31:*.tzst=01;31:*.bz2=01;31:*.bz=01;31:*.tbz=01;31:*.tbz2=01;31:*.tz=01;31:*.deb=01;31:*.rpm=01;31:*.jar=01;31:*.war=01;31:*.ear=01;31:*.sar=01;31:*.rar=01;31:*.alz=01;31:*.ace=01;31:*.zoo=01;31:*.cpio=01;31:*.7z=01;31:*.rz=01;31:*.cab=01;31:*.wim=01;31:*.swm=01;31:*.dwm=01;31:*.esd=01;31:*.jpg=01;35:*.jpeg=01;35:*.mjpg=01;35:*.mjpeg=01;35:*.gif=01;35:*.bmp=01;35:*.pbm=01;35:*.pgm=01;35:*.ppm=01;35:*.tga=01;35:*.xbm=01;35:*.xpm=01;35:*.tif=01;35:*.tiff=01;35:*.png=01;35:*.svg=01;35:*.svgz=01;35:*.mng=01;35:*.pcx=01;35:*.mov=01;35:*.mpg=01;35:*.mpeg=01;35:*.m2v=01;35:*.mkv=01;35:*.webm=01;35:*.ogm=01;35:*.mp4=01;35:*.m4v=01;35:*.mp4v=01;35:*.vob=01;35:*.qt=01;35:*.nuv=01;35:*.wmv=01;35:*.asf=01;35:*.rm=01;35:*.rmvb=01;35:*.flc=01;35:*.avi=01;35:*.fli=01;35:*.flv=01;35:*.gl=01;35:*.dl=01;35:*.xcf=01;35:*.xwd=01;35:*.yuv=01;35:*.cgm=01;35:*.emf=01;35:*.ogv=01;35:*.ogx=01;35:*.aac=00;36:*.au=00;36:*.flac=00;36:*.m4a=00;36:*.mid=00;36:*.midi=00;36:*.mka=00;36:*.mp3=00;36:*.mpc=00;36:*.ogg=00;36:*.ra=00;36:*.wav=00;36:*.oga=00;36:*.opus=00;36:*.spx=00;36:*.xspf=00;36:'), ('VSCODE_GIT_IPC_HANDLE', '/run/user/1000/vscode-git-66f982bc43.sock'), ('TERM_PROGRAM', 'vscode'), ('SSH_AUTH_SOCK', '/run/user/1000/keyring/ssh'), ('ROS_DOMAIN_ID', '2'), ('AMENT_PREFIX_PATH', '/home/qianlab/single_turtle_workspace/install/traveler_msgs:/home/qianlab/lassie-traveler/dependencies/install/traveler_high_controller:/home/qianlab/lassie-traveler/dependencies/install/traveler_msgs:/opt/ros/foxy'), ('CONDA_PYTHON_EXE', '/home/qianlab/miniconda3/bin/python'), ('ORIGINAL_XDG_CURRENT_DESKTOP', 'ubuntu:GNOME'), ('SHELL', '/bin/bash'), ('QT_ACCESSIBILITY', '1'), ('GDMSESSION', 'ubuntu'), ('LESSCLOSE', '/usr/bin/lesspipe %s %s'), ('GPG_AGENT_INFO', '/run/user/1000/gnupg/S.gpg-agent:0:1'), ('GJS_DEBUG_OUTPUT', 'stderr'), ('VSCODE_GIT_ASKPASS_EXTRA_ARGS', ''), ('QT_IM_MODULE', 'ibus'), ('PWD', '/home/qianlab/single_turtle_workspace/build/turtle_high_controller'), ('XDG_CONFIG_DIRS', '/etc/xdg/xdg-ubuntu:/etc/xdg'), ('CONDA_EXE', '/home/qianlab/miniconda3/bin/conda'), ('NVM_CD_FLAGS', ''), ('XDG_DATA_DIRS', '/usr/share/ubuntu:/usr/local/share/:/usr/share/:/var/lib/snapd/desktop'), ('PYTHONPATH', '/home/qianlab/single_turtle_workspace/install/traveler_msgs/lib/python3.8/site-packages:/home/qianlab/lassie-traveler/dependencies/install/traveler_msgs/lib/python3.8/site-packages:/opt/ros/foxy/lib/python3.8/site-packages'), ('CUSTOM_ENV_NAME', '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'), ('COLCON', '1'), ('CMAKE_PREFIX_PATH', '/home/qianlab/single_turtle_workspace/install/traveler_msgs:/home/qianlab/lassie-traveler/dependencies/install/traveler_high_controller:/home/qianlab/lassie-traveler/dependencies/install/traveler_msgs:/opt/ros/foxy')]), 'shell': False}
[0.474662] (turtle_high_controller) StdoutLine: {'line': b'\x1b[35m\x1b[1mScanning dependencies of target odrive_can_interface\x1b[0m\n'}
[0.475808] (turtle_high_controller) StdoutLine: {'line': b'\x1b[35m\x1b[1mScanning dependencies of target turtle_high_controller\x1b[0m\n'}
[0.500154] (turtle_high_controller) StdoutLine: {'line': b'[  7%] \x1b[32mBuilding CXX object CMakeFiles/odrive_can_interface.dir/src/can_driver/odrive_can.cpp.o\x1b[0m\n'}
[0.500624] (-) TimerEvent: {}
[0.502572] (turtle_high_controller) StdoutLine: {'line': b'[ 14%] \x1b[32mBuilding CXX object CMakeFiles/odrive_can_interface.dir/src/can_driver/can_driver.cpp.o\x1b[0m\n'}
[0.515632] (turtle_high_controller) StdoutLine: {'line': b'[ 21%] \x1b[32mBuilding CXX object CMakeFiles/turtle_high_controller.dir/src/main.cpp.o\x1b[0m\n'}
[0.517297] (turtle_high_controller) StdoutLine: {'line': b'[ 35%] \x1b[32mBuilding CXX object CMakeFiles/turtle_high_controller.dir/src/proxy/upperproxy.cpp.o\x1b[0m\n'}
[0.517460] (turtle_high_controller) StdoutLine: {'line': b'[ 35%] \x1b[32mBuilding CXX object CMakeFiles/turtle_high_controller.dir/src/controller/trajectories_parser.cpp.o\x1b[0m\n'}
[0.517523] (turtle_high_controller) StdoutLine: {'line': b'[ 50%] \x1b[32mBuilding CXX object CMakeFiles/turtle_high_controller.dir/src/proxy/lowerproxy.cpp.o\x1b[0m\n'}
[0.517576] (turtle_high_controller) StdoutLine: {'line': b'[ 50%] \x1b[32mBuilding CXX object CMakeFiles/turtle_high_controller.dir/src/can_driver/can_driver.cpp.o\x1b[0m\n'}
[0.520215] (turtle_high_controller) StdoutLine: {'line': b'[ 57%] \x1b[32mBuilding CXX object CMakeFiles/turtle_high_controller.dir/src/controller/Inverse_kinematics.cpp.o\x1b[0m\n'}
[0.600902] (-) TimerEvent: {}
[0.702082] (-) TimerEvent: {}
[0.802416] (-) TimerEvent: {}
[0.839508] (traveler_optitrack) Command: {'cmd': ['/usr/bin/python3', '-W', 'ignore:setup.py install is deprecated', '-W', 'ignore:easy_install command is deprecated', 'setup.py', 'egg_info', '--egg-base', '../../build/traveler_optitrack', 'build', '--build-base', '/home/qianlab/single_turtle_workspace/build/traveler_optitrack/build', 'install', '--record', '/home/qianlab/single_turtle_workspace/build/traveler_optitrack/install.log', '--install-scripts', '$base/lib/traveler_optitrack', '--single-version-externally-managed', 'install_data'], 'cwd': '/home/qianlab/single_turtle_workspace/highlevel/traveler_optitrack', 'env': {'GJS_DEBUG_TOPICS': 'JS ERROR;JS LOG', 'LESSOPEN': '| /usr/bin/lesspipe %s', 'USER': 'qianlab', 'SSH_AGENT_PID': '2033', 'XDG_SESSION_TYPE': 'x11', 'GIT_ASKPASS': '/usr/share/code/resources/app/extensions/git/dist/askpass.sh', 'SHLVL': '1', 'LD_LIBRARY_PATH': '/home/qianlab/lassie-traveler/dependencies/install/traveler_msgs/lib:/opt/ros/foxy/opt/yaml_cpp_vendor/lib:/opt/ros/foxy/opt/rviz_ogre_vendor/lib:/opt/ros/foxy/lib/x86_64-linux-gnu:/opt/ros/foxy/lib', 'HOME': '/home/qianlab', 'CHROME_DESKTOP': 'code.desktop', 'CONDA_SHLVL': '0', 'TERM_PROGRAM_VERSION': '1.100.3', 'DESKTOP_SESSION': 'ubuntu', 'NVM_BIN': '/home/qianlab/.nvm/versions/node/v12.18.3/bin', 'NVM_INC': '/home/qianlab/.nvm/versions/node/v12.18.3/include/node', 'GIO_LAUNCHED_DESKTOP_FILE': '/usr/share/applications/code.desktop', 'ROS_PYTHON_VERSION': '3', 'GNOME_SHELL_SESSION_MODE': 'ubuntu', 'GTK_MODULES': 'gail:atk-bridge', 'VSCODE_GIT_ASKPASS_MAIN': '/usr/share/code/resources/app/extensions/git/dist/askpass-main.js', 'VSCODE_GIT_ASKPASS_NODE': '/usr/share/code/code', 'MANAGERPID': '1924', 'DBUS_SESSION_BUS_ADDRESS': 'unix:path=/run/user/1000/bus', 'COLORTERM': 'truecolor', '_CE_M': '', 'GIO_LAUNCHED_DESKTOP_FILE_PID': '471252', 'NVM_DIR': '/home/qianlab/.nvm', 'MANDATORY_PATH': '/usr/share/gconf/ubuntu.mandatory.path', 'IM_CONFIG_PHASE': '1', 'COLCON_PREFIX_PATH': '/home/qianlab/lassie-traveler/dependencies/install', 'ROS_DISTRO': 'foxy', 'LOGNAME': 'qianlab', 'JOURNAL_STREAM': '8:56505', '_': '/usr/bin/colcon', 'ROS_VERSION': '2', 'XDG_SESSION_CLASS': 'user', 'DEFAULTS_PATH': '/usr/share/gconf/ubuntu.default.path', 'USERNAME': 'qianlab', 'TERM': 'xterm-256color', 'GNOME_DESKTOP_SESSION_ID': 'this-is-deprecated', '_CE_CONDA': '', 'ROS_LOCALHOST_ONLY': '0', 'WINDOWPATH': '2', 'PATH': '/home/qianlab/ghost_robotics/arm_toolchain/bin:/home/qianlab/.local/bin:/home/qianlab/ghost_robotics/arm_toolchain/bin:/home/qianlab/miniconda3/condabin:/home/qianlab/.nvm/versions/node/v12.18.3/bin:/opt/ros/foxy/bin:/home/qianlab/.local/bin:/usr/local/sbin:/usr/local/bin:/usr/sbin:/usr/bin:/sbin:/bin:/usr/games:/usr/local/games:/snap/bin', 'SESSION_MANAGER': 'local/qianlab-Yoga-7-14IAL7:@/tmp/.ICE-unix/2071,unix/qianlab-Yoga-7-14IAL7:/tmp/.ICE-unix/2071', 'INVOCATION_ID': 'ada520d1c1f94e228d33304f77e601b8', 'XDG_MENU_PREFIX': 'gnome-', 'XDG_RUNTIME_DIR': '/run/user/1000', 'GDK_BACKEND': 'x11', 'DISPLAY': ':0', 'LANG': 'en_US.UTF-8', 'XDG_CURRENT_DESKTOP': 'Unity', 'XMODIFIERS': '@im=ibus', 'XDG_SESSION_DESKTOP': 'ubuntu', 'XAUTHORITY': '/run/user/1000/gdm/Xauthority', 'LS_COLORS': 'rs=0:di=01;34:ln=01;36:mh=00:pi=40;33:so=01;35:do=01;35:bd=40;33;01:cd=40;33;01:or=40;31;01:mi=00:su=37;41:sg=30;43:ca=30;41:tw=30;42:ow=34;42:st=37;44:ex=01;32:*.tar=01;31:*.tgz=01;31:*.arc=01;31:*.arj=01;31:*.taz=01;31:*.lha=01;31:*.lz4=01;31:*.lzh=01;31:*.lzma=01;31:*.tlz=01;31:*.txz=01;31:*.tzo=01;31:*.t7z=01;31:*.zip=01;31:*.z=01;31:*.dz=01;31:*.gz=01;31:*.lrz=01;31:*.lz=01;31:*.lzo=01;31:*.xz=01;31:*.zst=01;31:*.tzst=01;31:*.bz2=01;31:*.bz=01;31:*.tbz=01;31:*.tbz2=01;31:*.tz=01;31:*.deb=01;31:*.rpm=01;31:*.jar=01;31:*.war=01;31:*.ear=01;31:*.sar=01;31:*.rar=01;31:*.alz=01;31:*.ace=01;31:*.zoo=01;31:*.cpio=01;31:*.7z=01;31:*.rz=01;31:*.cab=01;31:*.wim=01;31:*.swm=01;31:*.dwm=01;31:*.esd=01;31:*.jpg=01;35:*.jpeg=01;35:*.mjpg=01;35:*.mjpeg=01;35:*.gif=01;35:*.bmp=01;35:*.pbm=01;35:*.pgm=01;35:*.ppm=01;35:*.tga=01;35:*.xbm=01;35:*.xpm=01;35:*.tif=01;35:*.tiff=01;35:*.png=01;35:*.svg=01;35:*.svgz=01;35:*.mng=01;35:*.pcx=01;35:*.mov=01;35:*.mpg=01;35:*.mpeg=01;35:*.m2v=01;35:*.mkv=01;35:*.webm=01;35:*.ogm=01;35:*.mp4=01;35:*.m4v=01;35:*.mp4v=01;35:*.vob=01;35:*.qt=01;35:*.nuv=01;35:*.wmv=01;35:*.asf=01;35:*.rm=01;35:*.rmvb=01;35:*.flc=01;35:*.avi=01;35:*.fli=01;35:*.flv=01;35:*.gl=01;35:*.dl=01;35:*.xcf=01;35:*.xwd=01;35:*.yuv=01;35:*.cgm=01;35:*.emf=01;35:*.ogv=01;35:*.ogx=01;35:*.aac=00;36:*.au=00;36:*.flac=00;36:*.m4a=00;36:*.mid=00;36:*.midi=00;36:*.mka=00;36:*.mp3=00;36:*.mpc=00;36:*.ogg=00;36:*.ra=00;36:*.wav=00;36:*.oga=00;36:*.opus=00;36:*.spx=00;36:*.xspf=00;36:', 'VSCODE_GIT_IPC_HANDLE': '/run/user/1000/vscode-git-66f982bc43.sock', 'TERM_PROGRAM': 'vscode', 'SSH_AUTH_SOCK': '/run/user/1000/keyring/ssh', 'ROS_DOMAIN_ID': '2', 'AMENT_PREFIX_PATH': '/home/qianlab/lassie-traveler/dependencies/install/traveler_high_controller:/home/qianlab/lassie-traveler/dependencies/install/traveler_msgs:/opt/ros/foxy', 'CONDA_PYTHON_EXE': '/home/qianlab/miniconda3/bin/python', 'ORIGINAL_XDG_CURRENT_DESKTOP': 'ubuntu:GNOME', 'SHELL': '/bin/bash', 'QT_ACCESSIBILITY': '1', 'GDMSESSION': 'ubuntu', 'LESSCLOSE': '/usr/bin/lesspipe %s %s', 'GPG_AGENT_INFO': '/run/user/1000/gnupg/S.gpg-agent:0:1', 'GJS_DEBUG_OUTPUT': 'stderr', 'VSCODE_GIT_ASKPASS_EXTRA_ARGS': '', 'QT_IM_MODULE': 'ibus', 'PWD': '/home/qianlab/single_turtle_workspace/build/traveler_optitrack', 'XDG_CONFIG_DIRS': '/etc/xdg/xdg-ubuntu:/etc/xdg', 'CONDA_EXE': '/home/qianlab/miniconda3/bin/conda', 'NVM_CD_FLAGS': '', 'XDG_DATA_DIRS': '/usr/share/ubuntu:/usr/local/share/:/usr/share/:/var/lib/snapd/desktop', 'PYTHONPATH': '/home/qianlab/single_turtle_workspace/build/traveler_optitrack/prefix_override:/usr/lib/python3/dist-packages/colcon_core/task/python/colcon_distutils_commands:/home/qianlab/single_turtle_workspace/install/traveler_optitrack/lib/python3.8/site-packages:/home/qianlab/lassie-traveler/dependencies/install/traveler_msgs/lib/python3.8/site-packages:/opt/ros/foxy/lib/python3.8/site-packages', 'CUSTOM_ENV_NAME': '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', 'COLCON': '1', 'CMAKE_PREFIX_PATH': '/home/qianlab/lassie-traveler/dependencies/install/traveler_high_controller:/home/qianlab/lassie-traveler/dependencies/install/traveler_msgs'}, 'shell': False}
[0.902546] (-) TimerEvent: {}
[0.912175] (turtle_high_controller) StderrLine: {'line': b'In file included from \x1b[01m\x1b[K/home/qianlab/single_turtle_workspace/dependencies/traveler_controller/src/controller/Inverse_kinematics.cpp:1\x1b[m\x1b[K:\n'}
[0.912365] (turtle_high_controller) StderrLine: {'line': b'\x1b[01m\x1b[K/home/qianlab/single_turtle_workspace/dependencies/traveler_controller/include/controller/inverse_kinematics.h:14:47:\x1b[m\x1b[K \x1b[01;31m\x1b[Kerror: \x1b[m\x1b[K\xe2\x80\x98\x1b[01m\x1b[KXY_pair\x1b[m\x1b[K\xe2\x80\x99 has not been declared\n'}
[0.912411] (turtle_high_controller) StderrLine: {'line': b'   14 | void abstractToPhysical(float L, float Theta, \x1b[01;31m\x1b[KXY_pair\x1b[m\x1b[K& point);\n'}
[0.912446] (turtle_high_controller) StderrLine: {'line': b'      |                                               \x1b[01;31m\x1b[K^~~~~~~\x1b[m\x1b[K\n'}
[0.912480] (turtle_high_controller) StderrLine: {'line': b'\x1b[01m\x1b[K/home/qianlab/single_turtle_workspace/dependencies/traveler_controller/include/controller/inverse_kinematics.h:20:41:\x1b[m\x1b[K \x1b[01;31m\x1b[Kerror: \x1b[m\x1b[K\xe2\x80\x98\x1b[01m\x1b[KXY_pair\x1b[m\x1b[K\xe2\x80\x99 has not been declared\n'}
[0.912557] (turtle_high_controller) StderrLine: {'line': b'   20 | bool linearTraj(float t_rel, float vel, \x1b[01;31m\x1b[KXY_pair\x1b[m\x1b[K A, XY_pair B, float& X, float& Y);\n'}
[0.912618] (turtle_high_controller) StderrLine: {'line': b'      |                                         \x1b[01;31m\x1b[K^~~~~~~\x1b[m\x1b[K\n'}
[0.912686] (turtle_high_controller) StderrLine: {'line': b'\x1b[01m\x1b[K/home/qianlab/single_turtle_workspace/dependencies/traveler_controller/include/controller/inverse_kinematics.h:20:52:\x1b[m\x1b[K \x1b[01;31m\x1b[Kerror: \x1b[m\x1b[K\xe2\x80\x98\x1b[01m\x1b[KXY_pair\x1b[m\x1b[K\xe2\x80\x99 has not been declared\n'}
[0.912754] (turtle_high_controller) StderrLine: {'line': b'   20 | bool linearTraj(float t_rel, float vel, XY_pair A, \x1b[01;31m\x1b[KXY_pair\x1b[m\x1b[K B, float& X, float& Y);\n'}
[0.912830] (turtle_high_controller) StderrLine: {'line': b'      |                                                    \x1b[01;31m\x1b[K^~~~~~~\x1b[m\x1b[K\n'}
[0.912902] (turtle_high_controller) StderrLine: {'line': b'\x1b[01m\x1b[K/home/qianlab/single_turtle_workspace/dependencies/traveler_controller/include/controller/inverse_kinematics.h:21:41:\x1b[m\x1b[K \x1b[01;31m\x1b[Kerror: \x1b[m\x1b[K\xe2\x80\x98\x1b[01m\x1b[KXY_pair\x1b[m\x1b[K\xe2\x80\x99 has not been declared\n'}
[0.912971] (turtle_high_controller) StderrLine: {'line': b'   21 | bool linearTraj(float t_rel, float vel, \x1b[01;31m\x1b[KXY_pair\x1b[m\x1b[K A, XY_pair B,\n'}
[0.913040] (turtle_high_controller) StderrLine: {'line': b'      |                                         \x1b[01;31m\x1b[K^~~~~~~\x1b[m\x1b[K\n'}
[0.913098] (turtle_high_controller) StderrLine: {'line': b'\x1b[01m\x1b[K/home/qianlab/single_turtle_workspace/dependencies/traveler_controller/include/controller/inverse_kinematics.h:21:52:\x1b[m\x1b[K \x1b[01;31m\x1b[Kerror: \x1b[m\x1b[K\xe2\x80\x98\x1b[01m\x1b[KXY_pair\x1b[m\x1b[K\xe2\x80\x99 has not been declared\n'}
[0.913149] (turtle_high_controller) StderrLine: {'line': b'   21 | bool linearTraj(float t_rel, float vel, XY_pair A, \x1b[01;31m\x1b[KXY_pair\x1b[m\x1b[K B,\n'}
[0.913252] (turtle_high_controller) StderrLine: {'line': b'      |                                                    \x1b[01;31m\x1b[K^~~~~~~\x1b[m\x1b[K\n'}
[0.913327] (turtle_high_controller) StderrLine: {'line': b'\x1b[01m\x1b[K/home/qianlab/single_turtle_workspace/dependencies/traveler_controller/include/controller/inverse_kinematics.h:22:17:\x1b[m\x1b[K \x1b[01;31m\x1b[Kerror: \x1b[m\x1b[K\xe2\x80\x98\x1b[01m\x1b[KXY_pair\x1b[m\x1b[K\xe2\x80\x99 has not been declared\n'}
[0.913395] (turtle_high_controller) StderrLine: {'line': b'   22 |                 \x1b[01;31m\x1b[KXY_pair\x1b[m\x1b[K ToeXY, float& X, float& Y, float threshold = 0.01f);\n'}
[0.913469] (turtle_high_controller) StderrLine: {'line': b'      |                 \x1b[01;31m\x1b[K^~~~~~~\x1b[m\x1b[K\n'}
[0.913605] (turtle_high_controller) StderrLine: {'line': b'\x1b[01m\x1b[K/home/qianlab/single_turtle_workspace/dependencies/traveler_controller/include/controller/inverse_kinematics.h:27:16:\x1b[m\x1b[K \x1b[01;31m\x1b[Kerror: \x1b[m\x1b[K\xe2\x80\x98\x1b[01m\x1b[KXY_pair\x1b[m\x1b[K\xe2\x80\x99 was not declared in this scope; did you mean \xe2\x80\x98\x1b[01m\x1b[KGT_pair\x1b[m\x1b[K\xe2\x80\x99?\n'}
[0.913693] (turtle_high_controller) StderrLine: {'line': b'   27 | bool validPath(\x1b[01;31m\x1b[KXY_pair\x1b[m\x1b[K A, XY_pair B);\n'}
[0.913752] (turtle_high_controller) StderrLine: {'line': b'      |                \x1b[01;31m\x1b[K^~~~~~~\x1b[m\x1b[K\n'}
[0.913809] (turtle_high_controller) StderrLine: {'line': b'      |                \x1b[32m\x1b[KGT_pair\x1b[m\x1b[K\n'}
[0.914286] (turtle_high_controller) StderrLine: {'line': b'\x1b[01m\x1b[K/home/qianlab/single_turtle_workspace/dependencies/traveler_controller/include/controller/inverse_kinematics.h:27:27:\x1b[m\x1b[K \x1b[01;31m\x1b[Kerror: \x1b[m\x1b[K\xe2\x80\x98\x1b[01m\x1b[KXY_pair\x1b[m\x1b[K\xe2\x80\x99 was not declared in this scope; did you mean \xe2\x80\x98\x1b[01m\x1b[KGT_pair\x1b[m\x1b[K\xe2\x80\x99?\n'}
[0.914395] (turtle_high_controller) StderrLine: {'line': b'   27 | bool validPath(XY_pair A, \x1b[01;31m\x1b[KXY_pair\x1b[m\x1b[K B);\n'}
[0.914443] (turtle_high_controller) StderrLine: {'line': b'      |                           \x1b[01;31m\x1b[K^~~~~~~\x1b[m\x1b[K\n'}
[0.914476] (turtle_high_controller) StderrLine: {'line': b'      |                           \x1b[32m\x1b[KGT_pair\x1b[m\x1b[K\n'}
[0.914506] (turtle_high_controller) StderrLine: {'line': b'\x1b[01m\x1b[K/home/qianlab/single_turtle_workspace/dependencies/traveler_controller/include/controller/inverse_kinematics.h:27:36:\x1b[m\x1b[K \x1b[01;31m\x1b[Kerror: \x1b[m\x1b[Kexpression list treated as compound expression in initializer [\x1b[01;31m\x1b[K-fpermissive\x1b[m\x1b[K]\n'}
[0.914538] (turtle_high_controller) StderrLine: {'line': b'   27 | bool validPath(XY_pair A, XY_pair B\x1b[01;31m\x1b[K)\x1b[m\x1b[K;\n'}
[0.914567] (turtle_high_controller) StderrLine: {'line': b'      |                                    \x1b[01;31m\x1b[K^\x1b[m\x1b[K\n'}
[0.915199] (turtle_high_controller) StderrLine: {'line': b'\x1b[01m\x1b[K/home/qianlab/single_turtle_workspace/dependencies/traveler_controller/include/controller/inverse_kinematics.h:28:28:\x1b[m\x1b[K \x1b[01;31m\x1b[Kerror: \x1b[m\x1b[K\xe2\x80\x98\x1b[01m\x1b[KXY_pair\x1b[m\x1b[K\xe2\x80\x99 was not declared in this scope; did you mean \xe2\x80\x98\x1b[01m\x1b[KGT_pair\x1b[m\x1b[K\xe2\x80\x99?\n'}
[0.915295] (turtle_high_controller) StderrLine: {'line': b'   28 | Point_Pair findSwingPoints(\x1b[01;31m\x1b[KXY_pair\x1b[m\x1b[K A, XY_pair B);\n'}
[0.915331] (turtle_high_controller) StderrLine: {'line': b'      |                            \x1b[01;31m\x1b[K^~~~~~~\x1b[m\x1b[K\n'}
[0.915363] (turtle_high_controller) StderrLine: {'line': b'      |                            \x1b[32m\x1b[KGT_pair\x1b[m\x1b[K\n'}
[0.915891] (turtle_high_controller) StderrLine: {'line': b'\x1b[01m\x1b[K/home/qianlab/single_turtle_workspace/dependencies/traveler_controller/include/controller/inverse_kinematics.h:28:39:\x1b[m\x1b[K \x1b[01;31m\x1b[Kerror: \x1b[m\x1b[K\xe2\x80\x98\x1b[01m\x1b[KXY_pair\x1b[m\x1b[K\xe2\x80\x99 was not declared in this scope; did you mean \xe2\x80\x98\x1b[01m\x1b[KGT_pair\x1b[m\x1b[K\xe2\x80\x99?\n'}
[0.916028] (turtle_high_controller) StderrLine: {'line': b'   28 | Point_Pair findSwingPoints(XY_pair A, \x1b[01;31m\x1b[KXY_pair\x1b[m\x1b[K B);\n'}
[0.916089] (turtle_high_controller) StderrLine: {'line': b'      |                                       \x1b[01;31m\x1b[K^~~~~~~\x1b[m\x1b[K\n'}
[0.916141] (turtle_high_controller) StderrLine: {'line': b'      |                                       \x1b[32m\x1b[KGT_pair\x1b[m\x1b[K\n'}
[0.916714] (turtle_high_controller) StderrLine: {'line': b'\x1b[01m\x1b[K/home/qianlab/single_turtle_workspace/dependencies/traveler_controller/include/controller/inverse_kinematics.h:33:15:\x1b[m\x1b[K \x1b[01;31m\x1b[Kerror: \x1b[m\x1b[K\xe2\x80\x98\x1b[01m\x1b[KXY_pair\x1b[m\x1b[K\xe2\x80\x99 was not declared in this scope; did you mean \xe2\x80\x98\x1b[01m\x1b[KGT_pair\x1b[m\x1b[K\xe2\x80\x99?\n'}
[0.916816] (turtle_high_controller) StderrLine: {'line': b'   33 | bool inBounds(\x1b[01;31m\x1b[KXY_pair\x1b[m\x1b[K ToeXY);\n'}
[0.916852] (turtle_high_controller) StderrLine: {'line': b'      |               \x1b[01;31m\x1b[K^~~~~~~\x1b[m\x1b[K\n'}
[0.916884] (turtle_high_controller) StderrLine: {'line': b'      |               \x1b[32m\x1b[KGT_pair\x1b[m\x1b[K\n'}
[0.916919] (turtle_high_controller) StderrLine: {'line': b'\x1b[01m\x1b[K/home/qianlab/single_turtle_workspace/dependencies/traveler_controller/include/controller/inverse_kinematics.h:34:31:\x1b[m\x1b[K \x1b[01;31m\x1b[Kerror: \x1b[m\x1b[K\xe2\x80\x98\x1b[01m\x1b[Kbool inBounds(float, float)\x1b[m\x1b[K\xe2\x80\x99 redeclared as different kind of entity\n'}
[0.916964] (turtle_high_controller) StderrLine: {'line': b'   34 | bool inBounds(float x, float y\x1b[01;31m\x1b[K)\x1b[m\x1b[K;\n'}
[0.917013] (turtle_high_controller) StderrLine: {'line': b'      |                               \x1b[01;31m\x1b[K^\x1b[m\x1b[K\n'}
[0.917064] (turtle_high_controller) StderrLine: {'line': b'\x1b[01m\x1b[K/home/qianlab/single_turtle_workspace/dependencies/traveler_controller/include/controller/inverse_kinematics.h:33:6:\x1b[m\x1b[K \x1b[01;36m\x1b[Knote: \x1b[m\x1b[Kprevious declaration \xe2\x80\x98\x1b[01m\x1b[Kbool inBounds\x1b[m\x1b[K\xe2\x80\x99\n'}
[0.917127] (turtle_high_controller) StderrLine: {'line': b'   33 | bool \x1b[01;36m\x1b[KinBounds\x1b[m\x1b[K(XY_pair ToeXY);\n'}
[0.917182] (turtle_high_controller) StderrLine: {'line': b'      |      \x1b[01;36m\x1b[K^~~~~~~~\x1b[m\x1b[K\n'}
[0.917497] (turtle_high_controller) StderrLine: {'line': b'\x1b[01m\x1b[K/home/qianlab/single_turtle_workspace/dependencies/traveler_controller/include/controller/inverse_kinematics.h:36:15:\x1b[m\x1b[K \x1b[01;31m\x1b[Kerror: \x1b[m\x1b[K\xe2\x80\x98\x1b[01m\x1b[KXY_pair\x1b[m\x1b[K\xe2\x80\x99 was not declared in this scope; did you mean \xe2\x80\x98\x1b[01m\x1b[KGT_pair\x1b[m\x1b[K\xe2\x80\x99?\n'}
[0.917577] (turtle_high_controller) StderrLine: {'line': b'   36 | bool clamp_XY(\x1b[01;31m\x1b[KXY_pair\x1b[m\x1b[K& P, float L = 0.0f);\n'}
[0.917621] (turtle_high_controller) StderrLine: {'line': b'      |               \x1b[01;31m\x1b[K^~~~~~~\x1b[m\x1b[K\n'}
[0.917654] (turtle_high_controller) StderrLine: {'line': b'      |               \x1b[32m\x1b[KGT_pair\x1b[m\x1b[K\n'}
[0.918064] (turtle_high_controller) StderrLine: {'line': b'\x1b[01m\x1b[K/home/qianlab/single_turtle_workspace/dependencies/traveler_controller/include/controller/inverse_kinematics.h:36:24:\x1b[m\x1b[K \x1b[01;31m\x1b[Kerror: \x1b[m\x1b[K\xe2\x80\x98\x1b[01m\x1b[KP\x1b[m\x1b[K\xe2\x80\x99 was not declared in this scope\n'}
[0.918175] (turtle_high_controller) StderrLine: {'line': b'   36 | bool clamp_XY(XY_pair& \x1b[01;31m\x1b[KP\x1b[m\x1b[K, float L = 0.0f);\n'}
[0.918231] (turtle_high_controller) StderrLine: {'line': b'      |                        \x1b[01;31m\x1b[K^\x1b[m\x1b[K\n'}
[0.918283] (turtle_high_controller) StderrLine: {'line': b'\x1b[01m\x1b[K/home/qianlab/single_turtle_workspace/dependencies/traveler_controller/include/controller/inverse_kinematics.h:36:27:\x1b[m\x1b[K \x1b[01;31m\x1b[Kerror: \x1b[m\x1b[Kexpected primary-expression before \xe2\x80\x98\x1b[01m\x1b[Kfloat\x1b[m\x1b[K\xe2\x80\x99\n'}
[0.918351] (turtle_high_controller) StderrLine: {'line': b'   36 | bool clamp_XY(XY_pair& P, \x1b[01;31m\x1b[Kfloat\x1b[m\x1b[K L = 0.0f);\n'}
[0.918405] (turtle_high_controller) StderrLine: {'line': b'      |                           \x1b[01;31m\x1b[K^~~~~\x1b[m\x1b[K\n'}
[0.918463] (turtle_high_controller) StderrLine: {'line': b'\x1b[01m\x1b[K/home/qianlab/single_turtle_workspace/dependencies/traveler_controller/include/controller/inverse_kinematics.h:36:41:\x1b[m\x1b[K \x1b[01;31m\x1b[Kerror: \x1b[m\x1b[Kexpression list treated as compound expression in initializer [\x1b[01;31m\x1b[K-fpermissive\x1b[m\x1b[K]\n'}
[0.918538] (turtle_high_controller) StderrLine: {'line': b'   36 | bool clamp_XY(XY_pair& P, float L = 0.0f\x1b[01;31m\x1b[K)\x1b[m\x1b[K;\n'}
[0.918605] (turtle_high_controller) StderrLine: {'line': b'      |                                         \x1b[01;31m\x1b[K^\x1b[m\x1b[K\n'}
[0.918883] (turtle_high_controller) StderrLine: {'line': b'\x1b[01m\x1b[K/home/qianlab/single_turtle_workspace/dependencies/traveler_controller/include/controller/inverse_kinematics.h:37:16:\x1b[m\x1b[K \x1b[01;31m\x1b[Kerror: \x1b[m\x1b[K\xe2\x80\x98\x1b[01m\x1b[KXY_pair\x1b[m\x1b[K\xe2\x80\x99 was not declared in this scope; did you mean \xe2\x80\x98\x1b[01m\x1b[KGT_pair\x1b[m\x1b[K\xe2\x80\x99?\n'}
[0.918988] (turtle_high_controller) StderrLine: {'line': b'   37 | float distance(\x1b[01;31m\x1b[KXY_pair\x1b[m\x1b[K A, XY_pair B);\n'}
[0.919060] (turtle_high_controller) StderrLine: {'line': b'      |                \x1b[01;31m\x1b[K^~~~~~~\x1b[m\x1b[K\n'}
[0.919107] (turtle_high_controller) StderrLine: {'line': b'      |                \x1b[32m\x1b[KGT_pair\x1b[m\x1b[K\n'}
[0.919825] (turtle_high_controller) StderrLine: {'line': b'\x1b[01m\x1b[K/home/qianlab/single_turtle_workspace/dependencies/traveler_controller/include/controller/inverse_kinematics.h:37:27:\x1b[m\x1b[K \x1b[01;31m\x1b[Kerror: \x1b[m\x1b[K\xe2\x80\x98\x1b[01m\x1b[KXY_pair\x1b[m\x1b[K\xe2\x80\x99 was not declared in this scope; did you mean \xe2\x80\x98\x1b[01m\x1b[KGT_pair\x1b[m\x1b[K\xe2\x80\x99?\n'}
[0.920012] (turtle_high_controller) StderrLine: {'line': b'   37 | float distance(XY_pair A, \x1b[01;31m\x1b[KXY_pair\x1b[m\x1b[K B);\n'}
[0.920090] (turtle_high_controller) StderrLine: {'line': b'      |                           \x1b[01;31m\x1b[K^~~~~~~\x1b[m\x1b[K\n'}
[0.920141] (turtle_high_controller) StderrLine: {'line': b'      |                           \x1b[32m\x1b[KGT_pair\x1b[m\x1b[K\n'}
[0.920186] (turtle_high_controller) StderrLine: {'line': b'\x1b[01m\x1b[K/home/qianlab/single_turtle_workspace/dependencies/traveler_controller/include/controller/inverse_kinematics.h:37:36:\x1b[m\x1b[K \x1b[01;31m\x1b[Kerror: \x1b[m\x1b[Kexpression list treated as compound expression in initializer [\x1b[01;31m\x1b[K-fpermissive\x1b[m\x1b[K]\n'}
[0.920234] (turtle_high_controller) StderrLine: {'line': b'   37 | float distance(XY_pair A, XY_pair B\x1b[01;31m\x1b[K)\x1b[m\x1b[K;\n'}
[0.920300] (turtle_high_controller) StderrLine: {'line': b'      |                                    \x1b[01;31m\x1b[K^\x1b[m\x1b[K\n'}
[0.920570] (turtle_high_controller) StderrLine: {'line': b'\x1b[01m\x1b[K/home/qianlab/single_turtle_workspace/dependencies/traveler_controller/src/controller/Inverse_kinematics.cpp:48:47:\x1b[m\x1b[K \x1b[01;31m\x1b[Kerror: \x1b[m\x1b[K\xe2\x80\x98\x1b[01m\x1b[KXY_pair\x1b[m\x1b[K\xe2\x80\x99 has not been declared\n'}
[0.920904] (turtle_high_controller) StderrLine: {'line': b'   48 | void abstractToPhysical(float L, float Theta, \x1b[01;31m\x1b[KXY_pair\x1b[m\x1b[K &point)\n'}
[0.920987] (turtle_high_controller) StderrLine: {'line': b'      |                                               \x1b[01;31m\x1b[K^~~~~~~\x1b[m\x1b[K\n'}
[0.921046] (turtle_high_controller) StderrLine: {'line': b'\x1b[01m\x1b[K/home/qianlab/single_turtle_workspace/dependencies/traveler_controller/src/controller/Inverse_kinematics.cpp:\x1b[m\x1b[K In function \xe2\x80\x98\x1b[01m\x1b[Kvoid abstractToPhysical(float, float, int&)\x1b[m\x1b[K\xe2\x80\x99:\n'}
[0.921233] (turtle_high_controller) StderrLine: {'line': b'\x1b[01m\x1b[K/home/qianlab/single_turtle_workspace/dependencies/traveler_controller/src/controller/Inverse_kinematics.cpp:50:11:\x1b[m\x1b[K \x1b[01;31m\x1b[Kerror: \x1b[m\x1b[Krequest for member \xe2\x80\x98\x1b[01m\x1b[Kx\x1b[m\x1b[K\xe2\x80\x99 in \xe2\x80\x98\x1b[01m\x1b[Kpoint\x1b[m\x1b[K\xe2\x80\x99, which is of non-class type \xe2\x80\x98\x1b[01m\x1b[Kint\x1b[m\x1b[K\xe2\x80\x99\n'}
[0.921291] (turtle_high_controller) StderrLine: {'line': b'   50 |     point.\x1b[01;31m\x1b[Kx\x1b[m\x1b[K = -L * sinf(Theta);\n'}
[0.921336] (turtle_high_controller) StderrLine: {'line': b'      |           \x1b[01;31m\x1b[K^\x1b[m\x1b[K\n'}
[0.921383] (turtle_high_controller) StderrLine: {'line': b'\x1b[01m\x1b[K/home/qianlab/single_turtle_workspace/dependencies/traveler_controller/src/controller/Inverse_kinematics.cpp:51:11:\x1b[m\x1b[K \x1b[01;31m\x1b[Kerror: \x1b[m\x1b[Krequest for member \xe2\x80\x98\x1b[01m\x1b[Ky\x1b[m\x1b[K\xe2\x80\x99 in \xe2\x80\x98\x1b[01m\x1b[Kpoint\x1b[m\x1b[K\xe2\x80\x99, which is of non-class type \xe2\x80\x98\x1b[01m\x1b[Kint\x1b[m\x1b[K\xe2\x80\x99\n'}
[0.921432] (turtle_high_controller) StderrLine: {'line': b'   51 |     point.\x1b[01;31m\x1b[Ky\x1b[m\x1b[K =  L * cosf(Theta);\n'}
[0.921483] (turtle_high_controller) StderrLine: {'line': b'      |           \x1b[01;31m\x1b[K^\x1b[m\x1b[K\n'}
[0.921527] (turtle_high_controller) StderrLine: {'line': b'\x1b[01m\x1b[K/home/qianlab/single_turtle_workspace/dependencies/traveler_controller/src/controller/Inverse_kinematics.cpp:\x1b[m\x1b[K At global scope:\n'}
[0.921590] (turtle_high_controller) StderrLine: {'line': b'\x1b[01m\x1b[K/home/qianlab/single_turtle_workspace/dependencies/traveler_controller/src/controller/Inverse_kinematics.cpp:64:41:\x1b[m\x1b[K \x1b[01;31m\x1b[Kerror: \x1b[m\x1b[K\xe2\x80\x98\x1b[01m\x1b[KXY_pair\x1b[m\x1b[K\xe2\x80\x99 has not been declared\n'}
[0.921652] (turtle_high_controller) StderrLine: {'line': b'   64 | bool linearTraj(float t_rel, float vel, \x1b[01;31m\x1b[KXY_pair\x1b[m\x1b[K A, XY_pair B, float &X, float &Y)\n'}
[0.921720] (turtle_high_controller) StderrLine: {'line': b'      |                                         \x1b[01;31m\x1b[K^~~~~~~\x1b[m\x1b[K\n'}
[0.921774] (turtle_high_controller) StderrLine: {'line': b'\x1b[01m\x1b[K/home/qianlab/single_turtle_workspace/dependencies/traveler_controller/src/controller/Inverse_kinematics.cpp:64:52:\x1b[m\x1b[K \x1b[01;31m\x1b[Kerror: \x1b[m\x1b[K\xe2\x80\x98\x1b[01m\x1b[KXY_pair\x1b[m\x1b[K\xe2\x80\x99 has not been declared\n'}
[0.921830] (turtle_high_controller) StderrLine: {'line': b'   64 | bool linearTraj(float t_rel, float vel, XY_pair A, \x1b[01;31m\x1b[KXY_pair\x1b[m\x1b[K B, float &X, float &Y)\n'}
[0.921882] (turtle_high_controller) StderrLine: {'line': b'      |                                                    \x1b[01;31m\x1b[K^~~~~~~\x1b[m\x1b[K\n'}
[0.921937] (turtle_high_controller) StderrLine: {'line': b'\x1b[01m\x1b[K/home/qianlab/single_turtle_workspace/dependencies/traveler_controller/src/controller/Inverse_kinematics.cpp:\x1b[m\x1b[K In function \xe2\x80\x98\x1b[01m\x1b[Kbool linearTraj(float, float, int, int, float&, float&)\x1b[m\x1b[K\xe2\x80\x99:\n'}
[0.922072] (turtle_high_controller) StderrLine: {'line': b'\x1b[01m\x1b[K/home/qianlab/single_turtle_workspace/dependencies/traveler_controller/src/controller/Inverse_kinematics.cpp:66:18:\x1b[m\x1b[K \x1b[01;31m\x1b[Kerror: \x1b[m\x1b[Krequest for member \xe2\x80\x98\x1b[01m\x1b[Kx\x1b[m\x1b[K\xe2\x80\x99 in \xe2\x80\x98\x1b[01m\x1b[KB\x1b[m\x1b[K\xe2\x80\x99, which is of non-class type \xe2\x80\x98\x1b[01m\x1b[Kint\x1b[m\x1b[K\xe2\x80\x99\n'}
[0.922131] (turtle_high_controller) StderrLine: {'line': b'   66 |     float dx = B.\x1b[01;31m\x1b[Kx\x1b[m\x1b[K - A.x;\n'}
[0.922184] (turtle_high_controller) StderrLine: {'line': b'      |                  \x1b[01;31m\x1b[K^\x1b[m\x1b[K\n'}
[0.922246] (turtle_high_controller) StderrLine: {'line': b'\x1b[01m\x1b[K/home/qianlab/single_turtle_workspace/dependencies/traveler_controller/src/controller/Inverse_kinematics.cpp:66:24:\x1b[m\x1b[K \x1b[01;31m\x1b[Kerror: \x1b[m\x1b[Krequest for member \xe2\x80\x98\x1b[01m\x1b[Kx\x1b[m\x1b[K\xe2\x80\x99 in \xe2\x80\x98\x1b[01m\x1b[KA\x1b[m\x1b[K\xe2\x80\x99, which is of non-class type \xe2\x80\x98\x1b[01m\x1b[Kint\x1b[m\x1b[K\xe2\x80\x99\n'}
[0.922314] (turtle_high_controller) StderrLine: {'line': b'   66 |     float dx = B.x - A.\x1b[01;31m\x1b[Kx\x1b[m\x1b[K;\n'}
[0.922367] (turtle_high_controller) StderrLine: {'line': b'      |                        \x1b[01;31m\x1b[K^\x1b[m\x1b[K\n'}
[0.922438] (turtle_high_controller) StderrLine: {'line': b'\x1b[01m\x1b[K/home/qianlab/single_turtle_workspace/dependencies/traveler_controller/src/controller/Inverse_kinematics.cpp:67:18:\x1b[m\x1b[K \x1b[01;31m\x1b[Kerror: \x1b[m\x1b[Krequest for member \xe2\x80\x98\x1b[01m\x1b[Ky\x1b[m\x1b[K\xe2\x80\x99 in \xe2\x80\x98\x1b[01m\x1b[KB\x1b[m\x1b[K\xe2\x80\x99, which is of non-class type \xe2\x80\x98\x1b[01m\x1b[Kint\x1b[m\x1b[K\xe2\x80\x99\n'}
[0.922512] (turtle_high_controller) StderrLine: {'line': b'   67 |     float dy = B.\x1b[01;31m\x1b[Ky\x1b[m\x1b[K - A.y;\n'}
[0.922574] (turtle_high_controller) StderrLine: {'line': b'      |                  \x1b[01;31m\x1b[K^\x1b[m\x1b[K\n'}
[0.922639] (turtle_high_controller) StderrLine: {'line': b'\x1b[01m\x1b[K/home/qianlab/single_turtle_workspace/dependencies/traveler_controller/src/controller/Inverse_kinematics.cpp:67:24:\x1b[m\x1b[K \x1b[01;31m\x1b[Kerror: \x1b[m\x1b[Krequest for member \xe2\x80\x98\x1b[01m\x1b[Ky\x1b[m\x1b[K\xe2\x80\x99 in \xe2\x80\x98\x1b[01m\x1b[KA\x1b[m\x1b[K\xe2\x80\x99, which is of non-class type \xe2\x80\x98\x1b[01m\x1b[Kint\x1b[m\x1b[K\xe2\x80\x99\n'}
[0.922695] (turtle_high_controller) StderrLine: {'line': b'   67 |     float dy = B.y - A.\x1b[01;31m\x1b[Ky\x1b[m\x1b[K;\n'}
[0.922757] (turtle_high_controller) StderrLine: {'line': b'      |                        \x1b[01;31m\x1b[K^\x1b[m\x1b[K\n'}
[0.922975] (turtle_high_controller) StderrLine: {'line': b'\x1b[01m\x1b[K/home/qianlab/single_turtle_workspace/dependencies/traveler_controller/src/controller/Inverse_kinematics.cpp:71:15:\x1b[m\x1b[K \x1b[01;31m\x1b[Kerror: \x1b[m\x1b[Krequest for member \xe2\x80\x98\x1b[01m\x1b[Kx\x1b[m\x1b[K\xe2\x80\x99 in \xe2\x80\x98\x1b[01m\x1b[KA\x1b[m\x1b[K\xe2\x80\x99, which is of non-class type \xe2\x80\x98\x1b[01m\x1b[Kint\x1b[m\x1b[K\xe2\x80\x99\n'}
[0.923064] (turtle_high_controller) StderrLine: {'line': b'   71 |         X = A.\x1b[01;31m\x1b[Kx\x1b[m\x1b[K;\n'}
[0.923136] (turtle_high_controller) StderrLine: {'line': b'      |               \x1b[01;31m\x1b[K^\x1b[m\x1b[K\n'}
[0.923191] (turtle_high_controller) StderrLine: {'line': b'\x1b[01m\x1b[K/home/qianlab/single_turtle_workspace/dependencies/traveler_controller/src/controller/Inverse_kinematics.cpp:72:15:\x1b[m\x1b[K \x1b[01;31m\x1b[Kerror: \x1b[m\x1b[Krequest for member \xe2\x80\x98\x1b[01m\x1b[Ky\x1b[m\x1b[K\xe2\x80\x99 in \xe2\x80\x98\x1b[01m\x1b[KA\x1b[m\x1b[K\xe2\x80\x99, which is of non-class type \xe2\x80\x98\x1b[01m\x1b[Kint\x1b[m\x1b[K\xe2\x80\x99\n'}
[0.923255] (turtle_high_controller) StderrLine: {'line': b'   72 |         Y = A.\x1b[01;31m\x1b[Ky\x1b[m\x1b[K;\n'}
[0.923327] (turtle_high_controller) StderrLine: {'line': b'      |               \x1b[01;31m\x1b[K^\x1b[m\x1b[K\n'}
[0.923382] (turtle_high_controller) StderrLine: {'line': b'\x1b[01m\x1b[K/home/qianlab/single_turtle_workspace/dependencies/traveler_controller/src/controller/Inverse_kinematics.cpp:77:33:\x1b[m\x1b[K \x1b[01;31m\x1b[Kerror: \x1b[m\x1b[Krequest for member \xe2\x80\x98\x1b[01m\x1b[Kx\x1b[m\x1b[K\xe2\x80\x99 in \xe2\x80\x98\x1b[01m\x1b[KA\x1b[m\x1b[K\xe2\x80\x99, which is of non-class type \xe2\x80\x98\x1b[01m\x1b[Kint\x1b[m\x1b[K\xe2\x80\x99\n'}
[0.923435] (turtle_high_controller) StderrLine: {'line': b'   77 |     X = scalar * dx * t_rel + A.\x1b[01;31m\x1b[Kx\x1b[m\x1b[K;\n'}
[0.923492] (turtle_high_controller) StderrLine: {'line': b'      |                                 \x1b[01;31m\x1b[K^\x1b[m\x1b[K\n'}
[0.923552] (turtle_high_controller) StderrLine: {'line': b'\x1b[01m\x1b[K/home/qianlab/single_turtle_workspace/dependencies/traveler_controller/src/controller/Inverse_kinematics.cpp:78:33:\x1b[m\x1b[K \x1b[01;31m\x1b[Kerror: \x1b[m\x1b[Krequest for member \xe2\x80\x98\x1b[01m\x1b[Ky\x1b[m\x1b[K\xe2\x80\x99 in \xe2\x80\x98\x1b[01m\x1b[KA\x1b[m\x1b[K\xe2\x80\x99, which is of non-class type \xe2\x80\x98\x1b[01m\x1b[Kint\x1b[m\x1b[K\xe2\x80\x99\n'}
[0.923676] (turtle_high_controller) StderrLine: {'line': b'   78 |     Y = scalar * dy * t_rel + A.\x1b[01;31m\x1b[Ky\x1b[m\x1b[K;\n'}
[0.923739] (turtle_high_controller) StderrLine: {'line': b'      |                                 \x1b[01;31m\x1b[K^\x1b[m\x1b[K\n'}
[0.923808] (turtle_high_controller) StderrLine: {'line': b'\x1b[01m\x1b[K/home/qianlab/single_turtle_workspace/dependencies/traveler_controller/src/controller/Inverse_kinematics.cpp:80:38:\x1b[m\x1b[K \x1b[01;31m\x1b[Kerror: \x1b[m\x1b[Krequest for member \xe2\x80\x98\x1b[01m\x1b[Kx\x1b[m\x1b[K\xe2\x80\x99 in \xe2\x80\x98\x1b[01m\x1b[KA\x1b[m\x1b[K\xe2\x80\x99, which is of non-class type \xe2\x80\x98\x1b[01m\x1b[Kint\x1b[m\x1b[K\xe2\x80\x99\n'}
[0.923885] (turtle_high_controller) StderrLine: {'line': b'   80 |     float actual_dist = sqrtf((X - A.\x1b[01;31m\x1b[Kx\x1b[m\x1b[K)*(X - A.x) + (Y - A.y)*(Y - A.y));\n'}
[0.923946] (turtle_high_controller) StderrLine: {'line': b'      |                                      \x1b[01;31m\x1b[K^\x1b[m\x1b[K\n'}
[0.923994] (turtle_high_controller) StderrLine: {'line': b'\x1b[01m\x1b[K/home/qianlab/single_turtle_workspace/dependencies/traveler_controller/src/controller/Inverse_kinematics.cpp:80:48:\x1b[m\x1b[K \x1b[01;31m\x1b[Kerror: \x1b[m\x1b[Krequest for member \xe2\x80\x98\x1b[01m\x1b[Kx\x1b[m\x1b[K\xe2\x80\x99 in \xe2\x80\x98\x1b[01m\x1b[KA\x1b[m\x1b[K\xe2\x80\x99, which is of non-class type \xe2\x80\x98\x1b[01m\x1b[Kint\x1b[m\x1b[K\xe2\x80\x99\n'}
[0.924049] (turtle_high_controller) StderrLine: {'line': b'   80 |     float actual_dist = sqrtf((X - A.x)*(X - A.\x1b[01;31m\x1b[Kx\x1b[m\x1b[K) + (Y - A.y)*(Y - A.y));\n'}
[0.924111] (turtle_high_controller) StderrLine: {'line': b'      |                                                \x1b[01;31m\x1b[K^\x1b[m\x1b[K\n'}
[0.924171] (turtle_high_controller) StderrLine: {'line': b'\x1b[01m\x1b[K/home/qianlab/single_turtle_workspace/dependencies/traveler_controller/src/controller/Inverse_kinematics.cpp:80:60:\x1b[m\x1b[K \x1b[01;31m\x1b[Kerror: \x1b[m\x1b[Krequest for member \xe2\x80\x98\x1b[01m\x1b[Ky\x1b[m\x1b[K\xe2\x80\x99 in \xe2\x80\x98\x1b[01m\x1b[KA\x1b[m\x1b[K\xe2\x80\x99, which is of non-class type \xe2\x80\x98\x1b[01m\x1b[Kint\x1b[m\x1b[K\xe2\x80\x99\n'}
[0.924251] (turtle_high_controller) StderrLine: {'line': b'   80 |     float actual_dist = sqrtf((X - A.x)*(X - A.x) + (Y - A.\x1b[01;31m\x1b[Ky\x1b[m\x1b[K)*(Y - A.y));\n'}
[0.924315] (turtle_high_controller) StderrLine: {'line': b'      |                                                            \x1b[01;31m\x1b[K^\x1b[m\x1b[K\n'}
[0.924383] (turtle_high_controller) StderrLine: {'line': b'\x1b[01m\x1b[K/home/qianlab/single_turtle_workspace/dependencies/traveler_controller/src/controller/Inverse_kinematics.cpp:80:70:\x1b[m\x1b[K \x1b[01;31m\x1b[Kerror: \x1b[m\x1b[Krequest for member \xe2\x80\x98\x1b[01m\x1b[Ky\x1b[m\x1b[K\xe2\x80\x99 in \xe2\x80\x98\x1b[01m\x1b[KA\x1b[m\x1b[K\xe2\x80\x99, which is of non-class type \xe2\x80\x98\x1b[01m\x1b[Kint\x1b[m\x1b[K\xe2\x80\x99\n'}
[0.924573] (turtle_high_controller) StderrLine: {'line': b'   80 |     float actual_dist = sqrtf((X - A.x)*(X - A.x) + (Y - A.y)*(Y - A.\x1b[01;31m\x1b[Ky\x1b[m\x1b[K));\n'}
[0.924648] (turtle_high_controller) StderrLine: {'line': b'      |                                                                      \x1b[01;31m\x1b[K^\x1b[m\x1b[K\n'}
[0.924723] (turtle_high_controller) StderrLine: {'line': b'\x1b[01m\x1b[K/home/qianlab/single_turtle_workspace/dependencies/traveler_controller/src/controller/Inverse_kinematics.cpp:\x1b[m\x1b[K At global scope:\n'}
[0.924789] (turtle_high_controller) StderrLine: {'line': b'\x1b[01m\x1b[K/home/qianlab/single_turtle_workspace/dependencies/traveler_controller/src/controller/Inverse_kinematics.cpp:90:41:\x1b[m\x1b[K \x1b[01;31m\x1b[Kerror: \x1b[m\x1b[K\xe2\x80\x98\x1b[01m\x1b[KXY_pair\x1b[m\x1b[K\xe2\x80\x99 has not been declared\n'}
[0.924858] (turtle_high_controller) StderrLine: {'line': b'   90 | bool linearTraj(float t_rel, float vel, \x1b[01;31m\x1b[KXY_pair\x1b[m\x1b[K A, XY_pair B, XY_pair ToeXY, float& X, float& Y, float threshold) {\n'}
[0.924929] (turtle_high_controller) StderrLine: {'line': b'      |                                         \x1b[01;31m\x1b[K^~~~~~~\x1b[m\x1b[K\n'}
[0.924985] (turtle_high_controller) StderrLine: {'line': b'\x1b[01m\x1b[K/home/qianlab/single_turtle_workspace/dependencies/traveler_controller/src/controller/Inverse_kinematics.cpp:90:52:\x1b[m\x1b[K \x1b[01;31m\x1b[Kerror: \x1b[m\x1b[K\xe2\x80\x98\x1b[01m\x1b[KXY_pair\x1b[m\x1b[K\xe2\x80\x99 has not been declared\n'}
[0.925041] (turtle_high_controller) StderrLine: {'line': b'   90 | bool linearTraj(float t_rel, float vel, XY_pair A, \x1b[01;31m\x1b[KXY_pair\x1b[m\x1b[K B, XY_pair ToeXY, float& X, float& Y, float threshold) {\n'}
[0.925110] (turtle_high_controller) StderrLine: {'line': b'      |                                                    \x1b[01;31m\x1b[K^~~~~~~\x1b[m\x1b[K\n'}
[0.925170] (turtle_high_controller) StderrLine: {'line': b'\x1b[01m\x1b[K/home/qianlab/single_turtle_workspace/dependencies/traveler_controller/src/controller/Inverse_kinematics.cpp:90:63:\x1b[m\x1b[K \x1b[01;31m\x1b[Kerror: \x1b[m\x1b[K\xe2\x80\x98\x1b[01m\x1b[KXY_pair\x1b[m\x1b[K\xe2\x80\x99 has not been declared\n'}
[0.925224] (turtle_high_controller) StderrLine: {'line': b'   90 | bool linearTraj(float t_rel, float vel, XY_pair A, XY_pair B, \x1b[01;31m\x1b[KXY_pair\x1b[m\x1b[K ToeXY, float& X, float& Y, float threshold) {\n'}
[0.925499] (turtle_high_controller) StderrLine: {'line': b'      |                                                               \x1b[01;31m\x1b[K^~~~~~~\x1b[m\x1b[K\n'}
[0.925580] (turtle_high_controller) StderrLine: {'line': b'\x1b[01m\x1b[K/home/qianlab/single_turtle_workspace/dependencies/traveler_controller/src/controller/Inverse_kinematics.cpp:96:6:\x1b[m\x1b[K \x1b[01;31m\x1b[Kerror: \x1b[m\x1b[Kredefinition of \xe2\x80\x98\x1b[01m\x1b[Kbool validPath\x1b[m\x1b[K\xe2\x80\x99\n'}
[0.925638] (turtle_high_controller) StderrLine: {'line': b'   96 | bool \x1b[01;31m\x1b[KvalidPath\x1b[m\x1b[K(XY_pair A, XY_pair B) {\n'}
[0.925701] (turtle_high_controller) StderrLine: {'line': b'      |      \x1b[01;31m\x1b[K^~~~~~~~~\x1b[m\x1b[K\n'}
[0.925765] (turtle_high_controller) StderrLine: {'line': b'In file included from \x1b[01m\x1b[K/home/qianlab/single_turtle_workspace/dependencies/traveler_controller/src/controller/Inverse_kinematics.cpp:1\x1b[m\x1b[K:\n'}
[0.925855] (turtle_high_controller) StderrLine: {'line': b'\x1b[01m\x1b[K/home/qianlab/single_turtle_workspace/dependencies/traveler_controller/include/controller/inverse_kinematics.h:27:6:\x1b[m\x1b[K \x1b[01;36m\x1b[Knote: \x1b[m\x1b[K\xe2\x80\x98\x1b[01m\x1b[Kbool validPath\x1b[m\x1b[K\xe2\x80\x99 previously defined here\n'}
[0.925922] (turtle_high_controller) StderrLine: {'line': b'   27 | bool \x1b[01;36m\x1b[KvalidPath\x1b[m\x1b[K(XY_pair A, XY_pair B);\n'}
[0.925980] (turtle_high_controller) StderrLine: {'line': b'      |      \x1b[01;36m\x1b[K^~~~~~~~~\x1b[m\x1b[K\n'}
[0.926035] (turtle_high_controller) StderrLine: {'line': b'\x1b[01m\x1b[K/home/qianlab/single_turtle_workspace/dependencies/traveler_controller/src/controller/Inverse_kinematics.cpp:96:16:\x1b[m\x1b[K \x1b[01;31m\x1b[Kerror: \x1b[m\x1b[K\xe2\x80\x98\x1b[01m\x1b[KXY_pair\x1b[m\x1b[K\xe2\x80\x99 was not declared in this scope; did you mean \xe2\x80\x98\x1b[01m\x1b[KGT_pair\x1b[m\x1b[K\xe2\x80\x99?\n'}
[0.926095] (turtle_high_controller) StderrLine: {'line': b'   96 | bool validPath(\x1b[01;31m\x1b[KXY_pair\x1b[m\x1b[K A, XY_pair B) {\n'}
[0.926162] (turtle_high_controller) StderrLine: {'line': b'      |                \x1b[01;31m\x1b[K^~~~~~~\x1b[m\x1b[K\n'}
[0.926217] (turtle_high_controller) StderrLine: {'line': b'      |                \x1b[32m\x1b[KGT_pair\x1b[m\x1b[K\n'}
[0.926274] (turtle_high_controller) StderrLine: {'line': b'\x1b[01m\x1b[K/home/qianlab/single_turtle_workspace/dependencies/traveler_controller/src/controller/Inverse_kinematics.cpp:96:27:\x1b[m\x1b[K \x1b[01;31m\x1b[Kerror: \x1b[m\x1b[K\xe2\x80\x98\x1b[01m\x1b[KXY_pair\x1b[m\x1b[K\xe2\x80\x99 was not declared in this scope; did you mean \xe2\x80\x98\x1b[01m\x1b[KGT_pair\x1b[m\x1b[K\xe2\x80\x99?\n'}
[0.926332] (turtle_high_controller) StderrLine: {'line': b'   96 | bool validPath(XY_pair A, \x1b[01;31m\x1b[KXY_pair\x1b[m\x1b[K B) {\n'}
[0.926393] (turtle_high_controller) StderrLine: {'line': b'      |                           \x1b[01;31m\x1b[K^~~~~~~\x1b[m\x1b[K\n'}
[0.926446] (turtle_high_controller) StderrLine: {'line': b'      |                           \x1b[32m\x1b[KGT_pair\x1b[m\x1b[K\n'}
[0.926500] (turtle_high_controller) StderrLine: {'line': b'\x1b[01m\x1b[K/home/qianlab/single_turtle_workspace/dependencies/traveler_controller/src/controller/Inverse_kinematics.cpp:102:12:\x1b[m\x1b[K \x1b[01;31m\x1b[Kerror: \x1b[m\x1b[Kredefinition of \xe2\x80\x98\x1b[01m\x1b[KPoint_Pair findSwingPoints\x1b[m\x1b[K\xe2\x80\x99\n'}
[0.926555] (turtle_high_controller) StderrLine: {'line': b'  102 | Point_Pair \x1b[01;31m\x1b[KfindSwingPoints\x1b[m\x1b[K(XY_pair A, XY_pair B) {\n'}
[0.926607] (turtle_high_controller) StderrLine: {'line': b'      |            \x1b[01;31m\x1b[K^~~~~~~~~~~~~~~\x1b[m\x1b[K\n'}
[0.926664] (turtle_high_controller) StderrLine: {'line': b'In file included from \x1b[01m\x1b[K/home/qianlab/single_turtle_workspace/dependencies/traveler_controller/src/controller/Inverse_kinematics.cpp:1\x1b[m\x1b[K:\n'}
[0.926737] (turtle_high_controller) StderrLine: {'line': b'\x1b[01m\x1b[K/home/qianlab/single_turtle_workspace/dependencies/traveler_controller/include/controller/inverse_kinematics.h:28:12:\x1b[m\x1b[K \x1b[01;36m\x1b[Knote: \x1b[m\x1b[K\xe2\x80\x98\x1b[01m\x1b[KPoint_Pair findSwingPoints\x1b[m\x1b[K\xe2\x80\x99 previously declared here\n'}
[0.926796] (turtle_high_controller) StderrLine: {'line': b'   28 | Point_Pair \x1b[01;36m\x1b[KfindSwingPoints\x1b[m\x1b[K(XY_pair A, XY_pair B);\n'}
[0.926854] (turtle_high_controller) StderrLine: {'line': b'      |            \x1b[01;36m\x1b[K^~~~~~~~~~~~~~~\x1b[m\x1b[K\n'}
[0.926928] (turtle_high_controller) StderrLine: {'line': b'\x1b[01m\x1b[K/home/qianlab/single_turtle_workspace/dependencies/traveler_controller/src/controller/Inverse_kinematics.cpp:102:28:\x1b[m\x1b[K \x1b[01;31m\x1b[Kerror: \x1b[m\x1b[K\xe2\x80\x98\x1b[01m\x1b[KXY_pair\x1b[m\x1b[K\xe2\x80\x99 was not declared in this scope; did you mean \xe2\x80\x98\x1b[01m\x1b[KGT_pair\x1b[m\x1b[K\xe2\x80\x99?\n'}
[0.927194] (turtle_high_controller) StderrLine: {'line': b'  102 | Point_Pair findSwingPoints(\x1b[01;31m\x1b[KXY_pair\x1b[m\x1b[K A, XY_pair B) {\n'}
[0.927295] (turtle_high_controller) StderrLine: {'line': b'      |                            \x1b[01;31m\x1b[K^~~~~~~\x1b[m\x1b[K\n'}
[0.927376] (turtle_high_controller) StderrLine: {'line': b'      |                            \x1b[32m\x1b[KGT_pair\x1b[m\x1b[K\n'}
[0.927458] (turtle_high_controller) StderrLine: {'line': b'\x1b[01m\x1b[K/home/qianlab/single_turtle_workspace/dependencies/traveler_controller/src/controller/Inverse_kinematics.cpp:102:39:\x1b[m\x1b[K \x1b[01;31m\x1b[Kerror: \x1b[m\x1b[K\xe2\x80\x98\x1b[01m\x1b[KXY_pair\x1b[m\x1b[K\xe2\x80\x99 was not declared in this scope; did you mean \xe2\x80\x98\x1b[01m\x1b[KGT_pair\x1b[m\x1b[K\xe2\x80\x99?\n'}
[0.927560] (turtle_high_controller) StderrLine: {'line': b'  102 | Point_Pair findSwingPoints(XY_pair A, \x1b[01;31m\x1b[KXY_pair\x1b[m\x1b[K B) {\n'}
[0.927662] (turtle_high_controller) StderrLine: {'line': b'      |                                       \x1b[01;31m\x1b[K^~~~~~~\x1b[m\x1b[K\n'}
[0.927876] (turtle_high_controller) StderrLine: {'line': b'      |                                       \x1b[32m\x1b[KGT_pair\x1b[m\x1b[K\n'}
[0.928098] (turtle_high_controller) StderrLine: {'line': b'\x1b[01m\x1b[K/home/qianlab/single_turtle_workspace/dependencies/traveler_controller/src/controller/Inverse_kinematics.cpp:110:6:\x1b[m\x1b[K \x1b[01;31m\x1b[Kerror: \x1b[m\x1b[Kredefinition of \xe2\x80\x98\x1b[01m\x1b[Kbool inBounds\x1b[m\x1b[K\xe2\x80\x99\n'}
[0.928195] (turtle_high_controller) StderrLine: {'line': b'  110 | bool \x1b[01;31m\x1b[KinBounds\x1b[m\x1b[K(XY_pair ToeXY) {\n'}
[0.928276] (turtle_high_controller) StderrLine: {'line': b'      |      \x1b[01;31m\x1b[K^~~~~~~~\x1b[m\x1b[K\n'}
[0.928354] (turtle_high_controller) StderrLine: {'line': b'In file included from \x1b[01m\x1b[K/home/qianlab/single_turtle_workspace/dependencies/traveler_controller/src/controller/Inverse_kinematics.cpp:1\x1b[m\x1b[K:\n'}
[0.928431] (turtle_high_controller) StderrLine: {'line': b'\x1b[01m\x1b[K/home/qianlab/single_turtle_workspace/dependencies/traveler_controller/include/controller/inverse_kinematics.h:33:6:\x1b[m\x1b[K \x1b[01;36m\x1b[Knote: \x1b[m\x1b[K\xe2\x80\x98\x1b[01m\x1b[Kbool inBounds\x1b[m\x1b[K\xe2\x80\x99 previously defined here\n'}
[0.928643] (turtle_high_controller) StderrLine: {'line': b'   33 | bool \x1b[01;36m\x1b[KinBounds\x1b[m\x1b[K(XY_pair ToeXY);\n'}
[0.928786] (turtle_high_controller) StderrLine: {'line': b'      |      \x1b[01;36m\x1b[K^~~~~~~~\x1b[m\x1b[K\n'}
[0.928855] (turtle_high_controller) StderrLine: {'line': b'\x1b[01m\x1b[K/home/qianlab/single_turtle_workspace/dependencies/traveler_controller/src/controller/Inverse_kinematics.cpp:110:15:\x1b[m\x1b[K \x1b[01;31m\x1b[Kerror: \x1b[m\x1b[K\xe2\x80\x98\x1b[01m\x1b[KXY_pair\x1b[m\x1b[K\xe2\x80\x99 was not declared in this scope; did you mean \xe2\x80\x98\x1b[01m\x1b[KGT_pair\x1b[m\x1b[K\xe2\x80\x99?\n'}
[0.928937] (turtle_high_controller) StderrLine: {'line': b'  110 | bool inBounds(\x1b[01;31m\x1b[KXY_pair\x1b[m\x1b[K ToeXY) {\n'}
[0.929007] (turtle_high_controller) StderrLine: {'line': b'      |               \x1b[01;31m\x1b[K^~~~~~~\x1b[m\x1b[K\n'}
[0.929076] (turtle_high_controller) StderrLine: {'line': b'      |               \x1b[32m\x1b[KGT_pair\x1b[m\x1b[K\n'}
[0.929146] (turtle_high_controller) StderrLine: {'line': b'\x1b[01m\x1b[K/home/qianlab/single_turtle_workspace/dependencies/traveler_controller/src/controller/Inverse_kinematics.cpp:114:31:\x1b[m\x1b[K \x1b[01;31m\x1b[Kerror: \x1b[m\x1b[K\xe2\x80\x98\x1b[01m\x1b[Kbool inBounds(float, float)\x1b[m\x1b[K\xe2\x80\x99 redeclared as different kind of entity\n'}
[0.929218] (turtle_high_controller) StderrLine: {'line': b'  114 | bool inBounds(float x, float y\x1b[01;31m\x1b[K)\x1b[m\x1b[K {\n'}
[0.929290] (turtle_high_controller) StderrLine: {'line': b'      |                               \x1b[01;31m\x1b[K^\x1b[m\x1b[K\n'}
[0.929469] (turtle_high_controller) StderrLine: {'line': b'In file included from \x1b[01m\x1b[K/home/qianlab/single_turtle_workspace/dependencies/traveler_controller/src/controller/Inverse_kinematics.cpp:1\x1b[m\x1b[K:\n'}
[0.929550] (turtle_high_controller) StderrLine: {'line': b'\x1b[01m\x1b[K/home/qianlab/single_turtle_workspace/dependencies/traveler_controller/include/controller/inverse_kinematics.h:33:6:\x1b[m\x1b[K \x1b[01;36m\x1b[Knote: \x1b[m\x1b[Kprevious declaration \xe2\x80\x98\x1b[01m\x1b[Kbool inBounds\x1b[m\x1b[K\xe2\x80\x99\n'}
[0.929627] (turtle_high_controller) StderrLine: {'line': b'   33 | bool \x1b[01;36m\x1b[KinBounds\x1b[m\x1b[K(XY_pair ToeXY);\n'}
[0.929700] (turtle_high_controller) StderrLine: {'line': b'      |      \x1b[01;36m\x1b[K^~~~~~~~\x1b[m\x1b[K\n'}
[0.929771] (turtle_high_controller) StderrLine: {'line': b'\x1b[01m\x1b[K/home/qianlab/single_turtle_workspace/dependencies/traveler_controller/src/controller/Inverse_kinematics.cpp:120:6:\x1b[m\x1b[K \x1b[01;31m\x1b[Kerror: \x1b[m\x1b[Kredefinition of \xe2\x80\x98\x1b[01m\x1b[Kbool clamp_XY\x1b[m\x1b[K\xe2\x80\x99\n'}
[0.930305] (turtle_high_controller) StderrLine: {'line': b'  120 | bool \x1b[01;31m\x1b[Kclamp_XY\x1b[m\x1b[K(XY_pair& P, float L) {\n'}
[0.930461] (turtle_high_controller) StderrLine: {'line': b'      |      \x1b[01;31m\x1b[K^~~~~~~~\x1b[m\x1b[K\n'}
[0.930537] (turtle_high_controller) StderrLine: {'line': b'In file included from \x1b[01m\x1b[K/home/qianlab/single_turtle_workspace/dependencies/traveler_controller/src/controller/Inverse_kinematics.cpp:1\x1b[m\x1b[K:\n'}
[0.930610] (turtle_high_controller) StderrLine: {'line': b'\x1b[01m\x1b[K/home/qianlab/single_turtle_workspace/dependencies/traveler_controller/include/controller/inverse_kinematics.h:36:6:\x1b[m\x1b[K \x1b[01;36m\x1b[Knote: \x1b[m\x1b[K\xe2\x80\x98\x1b[01m\x1b[Kbool clamp_XY\x1b[m\x1b[K\xe2\x80\x99 previously defined here\n'}
[0.930682] (turtle_high_controller) StderrLine: {'line': b'   36 | bool \x1b[01;36m\x1b[Kclamp_XY\x1b[m\x1b[K(XY_pair& P, float L = 0.0f);\n'}
[0.930753] (turtle_high_controller) StderrLine: {'line': b'      |      \x1b[01;36m\x1b[K^~~~~~~~\x1b[m\x1b[K\n'}
[0.930827] (turtle_high_controller) StderrLine: {'line': b'\x1b[01m\x1b[K/home/qianlab/single_turtle_workspace/dependencies/traveler_controller/src/controller/Inverse_kinematics.cpp:120:15:\x1b[m\x1b[K \x1b[01;31m\x1b[Kerror: \x1b[m\x1b[K\xe2\x80\x98\x1b[01m\x1b[KXY_pair\x1b[m\x1b[K\xe2\x80\x99 was not declared in this scope; did you mean \xe2\x80\x98\x1b[01m\x1b[KGT_pair\x1b[m\x1b[K\xe2\x80\x99?\n'}
[0.930913] (turtle_high_controller) StderrLine: {'line': b'  120 | bool clamp_XY(\x1b[01;31m\x1b[KXY_pair\x1b[m\x1b[K& P, float L) {\n'}
[0.930996] (turtle_high_controller) StderrLine: {'line': b'      |               \x1b[01;31m\x1b[K^~~~~~~\x1b[m\x1b[K\n'}
[0.931075] (turtle_high_controller) StderrLine: {'line': b'      |               \x1b[32m\x1b[KGT_pair\x1b[m\x1b[K\n'}
[0.931154] (turtle_high_controller) StderrLine: {'line': b'\x1b[01m\x1b[K/home/qianlab/single_turtle_workspace/dependencies/traveler_controller/src/controller/Inverse_kinematics.cpp:120:24:\x1b[m\x1b[K \x1b[01;31m\x1b[Kerror: \x1b[m\x1b[K\xe2\x80\x98\x1b[01m\x1b[KP\x1b[m\x1b[K\xe2\x80\x99 was not declared in this scope\n'}
[0.931245] (turtle_high_controller) StderrLine: {'line': b'  120 | bool clamp_XY(XY_pair& \x1b[01;31m\x1b[KP\x1b[m\x1b[K, float L) {\n'}
[0.931325] (turtle_high_controller) StderrLine: {'line': b'      |                        \x1b[01;31m\x1b[K^\x1b[m\x1b[K\n'}
[0.931404] (turtle_high_controller) StderrLine: {'line': b'\x1b[01m\x1b[K/home/qianlab/single_turtle_workspace/dependencies/traveler_controller/src/controller/Inverse_kinematics.cpp:120:27:\x1b[m\x1b[K \x1b[01;31m\x1b[Kerror: \x1b[m\x1b[Kexpected primary-expression before \xe2\x80\x98\x1b[01m\x1b[Kfloat\x1b[m\x1b[K\xe2\x80\x99\n'}
[0.931482] (turtle_high_controller) StderrLine: {'line': b'  120 | bool clamp_XY(XY_pair& P, \x1b[01;31m\x1b[Kfloat\x1b[m\x1b[K L) {\n'}
[0.931562] (turtle_high_controller) StderrLine: {'line': b'      |                           \x1b[01;31m\x1b[K^~~~~\x1b[m\x1b[K\n'}
[0.931637] (turtle_high_controller) StderrLine: {'line': b'\x1b[01m\x1b[K/home/qianlab/single_turtle_workspace/dependencies/traveler_controller/src/controller/Inverse_kinematics.cpp:137:7:\x1b[m\x1b[K \x1b[01;31m\x1b[Kerror: \x1b[m\x1b[Kredefinition of \xe2\x80\x98\x1b[01m\x1b[Kfloat distance\x1b[m\x1b[K\xe2\x80\x99\n'}
[0.931713] (turtle_high_controller) StderrLine: {'line': b'  137 | float \x1b[01;31m\x1b[Kdistance\x1b[m\x1b[K(XY_pair A, XY_pair B) {\n'}
[0.931784] (turtle_high_controller) StderrLine: {'line': b'      |       \x1b[01;31m\x1b[K^~~~~~~~\x1b[m\x1b[K\n'}
[0.931855] (turtle_high_controller) StderrLine: {'line': b'In file included from \x1b[01m\x1b[K/home/qianlab/single_turtle_workspace/dependencies/traveler_controller/src/controller/Inverse_kinematics.cpp:1\x1b[m\x1b[K:\n'}
[0.931935] (turtle_high_controller) StderrLine: {'line': b'\x1b[01m\x1b[K/home/qianlab/single_turtle_workspace/dependencies/traveler_controller/include/controller/inverse_kinematics.h:37:7:\x1b[m\x1b[K \x1b[01;36m\x1b[Knote: \x1b[m\x1b[K\xe2\x80\x98\x1b[01m\x1b[Kfloat distance\x1b[m\x1b[K\xe2\x80\x99 previously defined here\n'}
[0.932005] (turtle_high_controller) StderrLine: {'line': b'   37 | float \x1b[01;36m\x1b[Kdistance\x1b[m\x1b[K(XY_pair A, XY_pair B);\n'}
[0.932087] (turtle_high_controller) StderrLine: {'line': b'      |       \x1b[01;36m\x1b[K^~~~~~~~\x1b[m\x1b[K\n'}
[0.932158] (turtle_high_controller) StderrLine: {'line': b'\x1b[01m\x1b[K/home/qianlab/single_turtle_workspace/dependencies/traveler_controller/src/controller/Inverse_kinematics.cpp:137:16:\x1b[m\x1b[K \x1b[01;31m\x1b[Kerror: \x1b[m\x1b[K\xe2\x80\x98\x1b[01m\x1b[KXY_pair\x1b[m\x1b[K\xe2\x80\x99 was not declared in this scope; did you mean \xe2\x80\x98\x1b[01m\x1b[KGT_pair\x1b[m\x1b[K\xe2\x80\x99?\n'}
[0.932239] (turtle_high_controller) StderrLine: {'line': b'  137 | float distance(\x1b[01;31m\x1b[KXY_pair\x1b[m\x1b[K A, XY_pair B) {\n'}
[0.932311] (turtle_high_controller) StderrLine: {'line': b'      |                \x1b[01;31m\x1b[K^~~~~~~\x1b[m\x1b[K\n'}
[0.932379] (turtle_high_controller) StderrLine: {'line': b'      |                \x1b[32m\x1b[KGT_pair\x1b[m\x1b[K\n'}
[0.932447] (turtle_high_controller) StderrLine: {'line': b'\x1b[01m\x1b[K/home/qianlab/single_turtle_workspace/dependencies/traveler_controller/src/controller/Inverse_kinematics.cpp:137:27:\x1b[m\x1b[K \x1b[01;31m\x1b[Kerror: \x1b[m\x1b[K\xe2\x80\x98\x1b[01m\x1b[KXY_pair\x1b[m\x1b[K\xe2\x80\x99 was not declared in this scope; did you mean \xe2\x80\x98\x1b[01m\x1b[KGT_pair\x1b[m\x1b[K\xe2\x80\x99?\n'}
[0.932533] (turtle_high_controller) StderrLine: {'line': b'  137 | float distance(XY_pair A, \x1b[01;31m\x1b[KXY_pair\x1b[m\x1b[K B) {\n'}
[0.932606] (turtle_high_controller) StderrLine: {'line': b'      |                           \x1b[01;31m\x1b[K^~~~~~~\x1b[m\x1b[K\n'}
[0.932676] (turtle_high_controller) StderrLine: {'line': b'      |                           \x1b[32m\x1b[KGT_pair\x1b[m\x1b[K\n'}
[0.976352] (turtle_high_controller) StderrLine: {'line': b'make[2]: *** [CMakeFiles/turtle_high_controller.dir/build.make:76: CMakeFiles/turtle_high_controller.dir/src/controller/Inverse_kinematics.cpp.o] Error 1\n'}
[0.976585] (turtle_high_controller) StderrLine: {'line': b'make[2]: *** Waiting for unfinished jobs....\n'}
[0.980821] (turtle_high_controller) StderrLine: {'line': b'In file included from \x1b[01m\x1b[K/home/qianlab/single_turtle_workspace/dependencies/traveler_controller/include/controller/trajectories_parser.h:8\x1b[m\x1b[K,\n'}
[0.981044] (turtle_high_controller) StderrLine: {'line': b'                 from \x1b[01m\x1b[K/home/qianlab/single_turtle_workspace/dependencies/traveler_controller/src/controller/trajectories_parser.cpp:3\x1b[m\x1b[K:\n'}
[0.981136] (turtle_high_controller) StderrLine: {'line': b'\x1b[01m\x1b[K/home/qianlab/single_turtle_workspace/dependencies/traveler_controller/include/controller/inverse_kinematics.h:14:47:\x1b[m\x1b[K \x1b[01;31m\x1b[Kerror: \x1b[m\x1b[K\xe2\x80\x98\x1b[01m\x1b[KXY_pair\x1b[m\x1b[K\xe2\x80\x99 has not been declared\n'}
[0.981228] (turtle_high_controller) StderrLine: {'line': b'   14 | void abstractToPhysical(float L, float Theta, \x1b[01;31m\x1b[KXY_pair\x1b[m\x1b[K& point);\n'}
[0.981306] (turtle_high_controller) StderrLine: {'line': b'      |                                               \x1b[01;31m\x1b[K^~~~~~~\x1b[m\x1b[K\n'}
[0.981386] (turtle_high_controller) StderrLine: {'line': b'\x1b[01m\x1b[K/home/qianlab/single_turtle_workspace/dependencies/traveler_controller/include/controller/inverse_kinematics.h:20:41:\x1b[m\x1b[K \x1b[01;31m\x1b[Kerror: \x1b[m\x1b[K\xe2\x80\x98\x1b[01m\x1b[KXY_pair\x1b[m\x1b[K\xe2\x80\x99 has not been declared\n'}
[0.981496] (turtle_high_controller) StderrLine: {'line': b'   20 | bool linearTraj(float t_rel, float vel, \x1b[01;31m\x1b[KXY_pair\x1b[m\x1b[K A, XY_pair B, float& X, float& Y);\n'}
[0.981585] (turtle_high_controller) StderrLine: {'line': b'      |                                         \x1b[01;31m\x1b[K^~~~~~~\x1b[m\x1b[K\n'}
[0.981659] (turtle_high_controller) StderrLine: {'line': b'\x1b[01m\x1b[K/home/qianlab/single_turtle_workspace/dependencies/traveler_controller/include/controller/inverse_kinematics.h:20:52:\x1b[m\x1b[K \x1b[01;31m\x1b[Kerror: \x1b[m\x1b[K\xe2\x80\x98\x1b[01m\x1b[KXY_pair\x1b[m\x1b[K\xe2\x80\x99 has not been declared\n'}
[0.981744] (turtle_high_controller) StderrLine: {'line': b'   20 | bool linearTraj(float t_rel, float vel, XY_pair A, \x1b[01;31m\x1b[KXY_pair\x1b[m\x1b[K B, float& X, float& Y);\n'}
[0.981820] (turtle_high_controller) StderrLine: {'line': b'      |                                                    \x1b[01;31m\x1b[K^~~~~~~\x1b[m\x1b[K\n'}
[0.981895] (turtle_high_controller) StderrLine: {'line': b'\x1b[01m\x1b[K/home/qianlab/single_turtle_workspace/dependencies/traveler_controller/include/controller/inverse_kinematics.h:21:41:\x1b[m\x1b[K \x1b[01;31m\x1b[Kerror: \x1b[m\x1b[K\xe2\x80\x98\x1b[01m\x1b[KXY_pair\x1b[m\x1b[K\xe2\x80\x99 has not been declared\n'}
[0.981968] (turtle_high_controller) StderrLine: {'line': b'   21 | bool linearTraj(float t_rel, float vel, \x1b[01;31m\x1b[KXY_pair\x1b[m\x1b[K A, XY_pair B,\n'}
[0.982047] (turtle_high_controller) StderrLine: {'line': b'      |                                         \x1b[01;31m\x1b[K^~~~~~~\x1b[m\x1b[K\n'}
[0.982123] (turtle_high_controller) StderrLine: {'line': b'\x1b[01m\x1b[K/home/qianlab/single_turtle_workspace/dependencies/traveler_controller/include/controller/inverse_kinematics.h:21:52:\x1b[m\x1b[K \x1b[01;31m\x1b[Kerror: \x1b[m\x1b[K\xe2\x80\x98\x1b[01m\x1b[KXY_pair\x1b[m\x1b[K\xe2\x80\x99 has not been declared\n'}
[0.982196] (turtle_high_controller) StderrLine: {'line': b'   21 | bool linearTraj(float t_rel, float vel, XY_pair A, \x1b[01;31m\x1b[KXY_pair\x1b[m\x1b[K B,\n'}
[0.982270] (turtle_high_controller) StderrLine: {'line': b'      |                                                    \x1b[01;31m\x1b[K^~~~~~~\x1b[m\x1b[K\n'}
[0.982345] (turtle_high_controller) StderrLine: {'line': b'\x1b[01m\x1b[K/home/qianlab/single_turtle_workspace/dependencies/traveler_controller/include/controller/inverse_kinematics.h:22:17:\x1b[m\x1b[K \x1b[01;31m\x1b[Kerror: \x1b[m\x1b[K\xe2\x80\x98\x1b[01m\x1b[KXY_pair\x1b[m\x1b[K\xe2\x80\x99 has not been declared\n'}
[0.982419] (turtle_high_controller) StderrLine: {'line': b'   22 |                 \x1b[01;31m\x1b[KXY_pair\x1b[m\x1b[K ToeXY, float& X, float& Y, float threshold = 0.01f);\n'}
[0.982493] (turtle_high_controller) StderrLine: {'line': b'      |                 \x1b[01;31m\x1b[K^~~~~~~\x1b[m\x1b[K\n'}
[0.982709] (turtle_high_controller) StderrLine: {'line': b'\x1b[01m\x1b[K/home/qianlab/single_turtle_workspace/dependencies/traveler_controller/include/controller/inverse_kinematics.h:27:16:\x1b[m\x1b[K \x1b[01;31m\x1b[Kerror: \x1b[m\x1b[K\xe2\x80\x98\x1b[01m\x1b[KXY_pair\x1b[m\x1b[K\xe2\x80\x99 was not declared in this scope; did you mean \xe2\x80\x98\x1b[01m\x1b[KGT_pair\x1b[m\x1b[K\xe2\x80\x99?\n'}
[0.982823] (turtle_high_controller) StderrLine: {'line': b'   27 | bool validPath(\x1b[01;31m\x1b[KXY_pair\x1b[m\x1b[K A, XY_pair B);\n'}
[0.982906] (turtle_high_controller) StderrLine: {'line': b'      |                \x1b[01;31m\x1b[K^~~~~~~\x1b[m\x1b[K\n'}
[0.982979] (turtle_high_controller) StderrLine: {'line': b'      |                \x1b[32m\x1b[KGT_pair\x1b[m\x1b[K\n'}
[0.983050] (turtle_high_controller) StderrLine: {'line': b'\x1b[01m\x1b[K/home/qianlab/single_turtle_workspace/dependencies/traveler_controller/include/controller/inverse_kinematics.h:27:27:\x1b[m\x1b[K \x1b[01;31m\x1b[Kerror: \x1b[m\x1b[K\xe2\x80\x98\x1b[01m\x1b[KXY_pair\x1b[m\x1b[K\xe2\x80\x99 was not declared in this scope; did you mean \xe2\x80\x98\x1b[01m\x1b[KGT_pair\x1b[m\x1b[K\xe2\x80\x99?\n'}
[0.983123] (turtle_high_controller) StderrLine: {'line': b'   27 | bool validPath(XY_pair A, \x1b[01;31m\x1b[KXY_pair\x1b[m\x1b[K B);\n'}
[0.983195] (turtle_high_controller) StderrLine: {'line': b'      |                           \x1b[01;31m\x1b[K^~~~~~~\x1b[m\x1b[K\n'}
[0.983266] (turtle_high_controller) StderrLine: {'line': b'      |                           \x1b[32m\x1b[KGT_pair\x1b[m\x1b[K\n'}
[0.983337] (turtle_high_controller) StderrLine: {'line': b'\x1b[01m\x1b[K/home/qianlab/single_turtle_workspace/dependencies/traveler_controller/include/controller/inverse_kinematics.h:27:36:\x1b[m\x1b[K \x1b[01;31m\x1b[Kerror: \x1b[m\x1b[Kexpression list treated as compound expression in initializer [\x1b[01;31m\x1b[K-fpermissive\x1b[m\x1b[K]\n'}
[0.983419] (turtle_high_controller) StderrLine: {'line': b'   27 | bool validPath(XY_pair A, XY_pair B\x1b[01;31m\x1b[K)\x1b[m\x1b[K;\n'}
[0.983490] (turtle_high_controller) StderrLine: {'line': b'      |                                    \x1b[01;31m\x1b[K^\x1b[m\x1b[K\n'}
[0.983562] (turtle_high_controller) StderrLine: {'line': b'\x1b[01m\x1b[K/home/qianlab/single_turtle_workspace/dependencies/traveler_controller/include/controller/inverse_kinematics.h:28:28:\x1b[m\x1b[K \x1b[01;31m\x1b[Kerror: \x1b[m\x1b[K\xe2\x80\x98\x1b[01m\x1b[KXY_pair\x1b[m\x1b[K\xe2\x80\x99 was not declared in this scope; did you mean \xe2\x80\x98\x1b[01m\x1b[KGT_pair\x1b[m\x1b[K\xe2\x80\x99?\n'}
[0.983638] (turtle_high_controller) StderrLine: {'line': b'   28 | Point_Pair findSwingPoints(\x1b[01;31m\x1b[KXY_pair\x1b[m\x1b[K A, XY_pair B);\n'}
[0.983717] (turtle_high_controller) StderrLine: {'line': b'      |                            \x1b[01;31m\x1b[K^~~~~~~\x1b[m\x1b[K\n'}
[0.983797] (turtle_high_controller) StderrLine: {'line': b'      |                            \x1b[32m\x1b[KGT_pair\x1b[m\x1b[K\n'}
[0.983998] (turtle_high_controller) StderrLine: {'line': b'\x1b[01m\x1b[K/home/qianlab/single_turtle_workspace/dependencies/traveler_controller/include/controller/inverse_kinematics.h:28:39:\x1b[m\x1b[K \x1b[01;31m\x1b[Kerror: \x1b[m\x1b[K\xe2\x80\x98\x1b[01m\x1b[KXY_pair\x1b[m\x1b[K\xe2\x80\x99 was not declared in this scope; did you mean \xe2\x80\x98\x1b[01m\x1b[KGT_pair\x1b[m\x1b[K\xe2\x80\x99?\n'}
[0.984094] (turtle_high_controller) StderrLine: {'line': b'   28 | Point_Pair findSwingPoints(XY_pair A, \x1b[01;31m\x1b[KXY_pair\x1b[m\x1b[K B);\n'}
[0.984173] (turtle_high_controller) StderrLine: {'line': b'      |                                       \x1b[01;31m\x1b[K^~~~~~~\x1b[m\x1b[K\n'}
[0.984259] (turtle_high_controller) StderrLine: {'line': b'      |                                       \x1b[32m\x1b[KGT_pair\x1b[m\x1b[K\n'}
[0.984335] (turtle_high_controller) StderrLine: {'line': b'\x1b[01m\x1b[K/home/qianlab/single_turtle_workspace/dependencies/traveler_controller/include/controller/inverse_kinematics.h:33:15:\x1b[m\x1b[K \x1b[01;31m\x1b[Kerror: \x1b[m\x1b[K\xe2\x80\x98\x1b[01m\x1b[KXY_pair\x1b[m\x1b[K\xe2\x80\x99 was not declared in this scope; did you mean \xe2\x80\x98\x1b[01m\x1b[KGT_pair\x1b[m\x1b[K\xe2\x80\x99?\n'}
[0.984412] (turtle_high_controller) StderrLine: {'line': b'   33 | bool inBounds(\x1b[01;31m\x1b[KXY_pair\x1b[m\x1b[K ToeXY);\n'}
[0.984502] (turtle_high_controller) StderrLine: {'line': b'      |               \x1b[01;31m\x1b[K^~~~~~~\x1b[m\x1b[K\n'}
[0.984583] (turtle_high_controller) StderrLine: {'line': b'      |               \x1b[32m\x1b[KGT_pair\x1b[m\x1b[K\n'}
[0.984666] (turtle_high_controller) StderrLine: {'line': b'\x1b[01m\x1b[K/home/qianlab/single_turtle_workspace/dependencies/traveler_controller/include/controller/inverse_kinematics.h:34:31:\x1b[m\x1b[K \x1b[01;31m\x1b[Kerror: \x1b[m\x1b[K\xe2\x80\x98\x1b[01m\x1b[Kbool inBounds(float, float)\x1b[m\x1b[K\xe2\x80\x99 redeclared as different kind of entity\n'}
[0.984749] (turtle_high_controller) StderrLine: {'line': b'   34 | bool inBounds(float x, float y\x1b[01;31m\x1b[K)\x1b[m\x1b[K;\n'}
[0.984829] (turtle_high_controller) StderrLine: {'line': b'      |                               \x1b[01;31m\x1b[K^\x1b[m\x1b[K\n'}
[0.984902] (turtle_high_controller) StderrLine: {'line': b'\x1b[01m\x1b[K/home/qianlab/single_turtle_workspace/dependencies/traveler_controller/include/controller/inverse_kinematics.h:33:6:\x1b[m\x1b[K \x1b[01;36m\x1b[Knote: \x1b[m\x1b[Kprevious declaration \xe2\x80\x98\x1b[01m\x1b[Kbool inBounds\x1b[m\x1b[K\xe2\x80\x99\n'}
[0.984976] (turtle_high_controller) StderrLine: {'line': b'   33 | bool \x1b[01;36m\x1b[KinBounds\x1b[m\x1b[K(XY_pair ToeXY);\n'}
[0.985047] (turtle_high_controller) StderrLine: {'line': b'      |      \x1b[01;36m\x1b[K^~~~~~~~\x1b[m\x1b[K\n'}
[0.985226] (turtle_high_controller) StderrLine: {'line': b'\x1b[01m\x1b[K/home/qianlab/single_turtle_workspace/dependencies/traveler_controller/include/controller/inverse_kinematics.h:36:15:\x1b[m\x1b[K \x1b[01;31m\x1b[Kerror: \x1b[m\x1b[K\xe2\x80\x98\x1b[01m\x1b[KXY_pair\x1b[m\x1b[K\xe2\x80\x99 was not declared in this scope; did you mean \xe2\x80\x98\x1b[01m\x1b[KGT_pair\x1b[m\x1b[K\xe2\x80\x99?\n'}
[0.985334] (turtle_high_controller) StderrLine: {'line': b'   36 | bool clamp_XY(\x1b[01;31m\x1b[KXY_pair\x1b[m\x1b[K& P, float L = 0.0f);\n'}
[0.985482] (turtle_high_controller) StderrLine: {'line': b'      |               \x1b[01;31m\x1b[K^~~~~~~\x1b[m\x1b[K\n'}
[0.985573] (turtle_high_controller) StderrLine: {'line': b'      |               \x1b[32m\x1b[KGT_pair\x1b[m\x1b[K\n'}
[0.985654] (turtle_high_controller) StderrLine: {'line': b'\x1b[01m\x1b[K/home/qianlab/single_turtle_workspace/dependencies/traveler_controller/include/controller/inverse_kinematics.h:36:24:\x1b[m\x1b[K \x1b[01;31m\x1b[Kerror: \x1b[m\x1b[K\xe2\x80\x98\x1b[01m\x1b[KP\x1b[m\x1b[K\xe2\x80\x99 was not declared in this scope\n'}
[0.985738] (turtle_high_controller) StderrLine: {'line': b'   36 | bool clamp_XY(XY_pair& \x1b[01;31m\x1b[KP\x1b[m\x1b[K, float L = 0.0f);\n'}
[0.985822] (turtle_high_controller) StderrLine: {'line': b'      |                        \x1b[01;31m\x1b[K^\x1b[m\x1b[K\n'}
[0.985906] (turtle_high_controller) StderrLine: {'line': b'\x1b[01m\x1b[K/home/qianlab/single_turtle_workspace/dependencies/traveler_controller/include/controller/inverse_kinematics.h:36:27:\x1b[m\x1b[K \x1b[01;31m\x1b[Kerror: \x1b[m\x1b[Kexpected primary-expression before \xe2\x80\x98\x1b[01m\x1b[Kfloat\x1b[m\x1b[K\xe2\x80\x99\n'}
[0.986064] (turtle_high_controller) StderrLine: {'line': b'   36 | bool clamp_XY(XY_pair& P, \x1b[01;31m\x1b[Kfloat\x1b[m\x1b[K L = 0.0f);\n'}
[0.986151] (turtle_high_controller) StderrLine: {'line': b'      |                           \x1b[01;31m\x1b[K^~~~~\x1b[m\x1b[K\n'}
[0.986230] (turtle_high_controller) StderrLine: {'line': b'\x1b[01m\x1b[K/home/qianlab/single_turtle_workspace/dependencies/traveler_controller/include/controller/inverse_kinematics.h:36:41:\x1b[m\x1b[K \x1b[01;31m\x1b[Kerror: \x1b[m\x1b[Kexpression list treated as compound expression in initializer [\x1b[01;31m\x1b[K-fpermissive\x1b[m\x1b[K]\n'}
[0.986314] (turtle_high_controller) StderrLine: {'line': b'   36 | bool clamp_XY(XY_pair& P, float L = 0.0f\x1b[01;31m\x1b[K)\x1b[m\x1b[K;\n'}
[0.986401] (turtle_high_controller) StderrLine: {'line': b'      |                                         \x1b[01;31m\x1b[K^\x1b[m\x1b[K\n'}
[0.986478] (turtle_high_controller) StderrLine: {'line': b'\x1b[01m\x1b[K/home/qianlab/single_turtle_workspace/dependencies/traveler_controller/include/controller/inverse_kinematics.h:37:16:\x1b[m\x1b[K \x1b[01;31m\x1b[Kerror: \x1b[m\x1b[K\xe2\x80\x98\x1b[01m\x1b[KXY_pair\x1b[m\x1b[K\xe2\x80\x99 was not declared in this scope; did you mean \xe2\x80\x98\x1b[01m\x1b[KGT_pair\x1b[m\x1b[K\xe2\x80\x99?\n'}
[0.986557] (turtle_high_controller) StderrLine: {'line': b'   37 | float distance(\x1b[01;31m\x1b[KXY_pair\x1b[m\x1b[K A, XY_pair B);\n'}
[0.986643] (turtle_high_controller) StderrLine: {'line': b'      |                \x1b[01;31m\x1b[K^~~~~~~\x1b[m\x1b[K\n'}
[0.986730] (turtle_high_controller) StderrLine: {'line': b'      |                \x1b[32m\x1b[KGT_pair\x1b[m\x1b[K\n'}
[0.986813] (turtle_high_controller) StderrLine: {'line': b'\x1b[01m\x1b[K/home/qianlab/single_turtle_workspace/dependencies/traveler_controller/include/controller/inverse_kinematics.h:37:27:\x1b[m\x1b[K \x1b[01;31m\x1b[Kerror: \x1b[m\x1b[K\xe2\x80\x98\x1b[01m\x1b[KXY_pair\x1b[m\x1b[K\xe2\x80\x99 was not declared in this scope; did you mean \xe2\x80\x98\x1b[01m\x1b[KGT_pair\x1b[m\x1b[K\xe2\x80\x99?\n'}
[0.986898] (turtle_high_controller) StderrLine: {'line': b'   37 | float distance(XY_pair A, \x1b[01;31m\x1b[KXY_pair\x1b[m\x1b[K B);\n'}
[0.986982] (turtle_high_controller) StderrLine: {'line': b'      |                           \x1b[01;31m\x1b[K^~~~~~~\x1b[m\x1b[K\n'}
[0.987062] (turtle_high_controller) StderrLine: {'line': b'      |                           \x1b[32m\x1b[KGT_pair\x1b[m\x1b[K\n'}
[0.987161] (turtle_high_controller) StderrLine: {'line': b'\x1b[01m\x1b[K/home/qianlab/single_turtle_workspace/dependencies/traveler_controller/include/controller/inverse_kinematics.h:37:36:\x1b[m\x1b[K \x1b[01;31m\x1b[Kerror: \x1b[m\x1b[Kexpression list treated as compound expression in initializer [\x1b[01;31m\x1b[K-fpermissive\x1b[m\x1b[K]\n'}
[0.987250] (turtle_high_controller) StderrLine: {'line': b'   37 | float distance(XY_pair A, XY_pair B\x1b[01;31m\x1b[K)\x1b[m\x1b[K;\n'}
[0.987336] (turtle_high_controller) StderrLine: {'line': b'      |                                    \x1b[01;31m\x1b[K^\x1b[m\x1b[K\n'}
[0.988593] (turtle_high_controller) StderrLine: {'line': b'\x1b[01m\x1b[K/home/qianlab/single_turtle_workspace/dependencies/traveler_controller/src/controller/trajectories_parser.cpp:18:14:\x1b[m\x1b[K \x1b[01;31m\x1b[Kerror: \x1b[m\x1b[Kno declaration matches \xe2\x80\x98\x1b[01m\x1b[Kvoid turtle_namespace::control::TrajectoriesParser::init()\x1b[m\x1b[K\xe2\x80\x99\n'}
[0.988808] (turtle_high_controller) StderrLine: {'line': b'   18 |         void \x1b[01;31m\x1b[KTrajectoriesParser\x1b[m\x1b[K::init() {\n'}
[0.989007] (turtle_high_controller) StderrLine: {'line': b'      |              \x1b[01;31m\x1b[K^~~~~~~~~~~~~~~~~~\x1b[m\x1b[K\n'}
[0.989104] (turtle_high_controller) StderrLine: {'line': b'\x1b[01m\x1b[K/home/qianlab/single_turtle_workspace/dependencies/traveler_controller/src/controller/trajectories_parser.cpp:18:14:\x1b[m\x1b[K \x1b[01;36m\x1b[Knote: \x1b[m\x1b[Kno functions named \xe2\x80\x98\x1b[01m\x1b[Kvoid turtle_namespace::control::TrajectoriesParser::init()\x1b[m\x1b[K\xe2\x80\x99\n'}
[0.989194] (turtle_high_controller) StderrLine: {'line': b'In file included from \x1b[01m\x1b[K/home/qianlab/single_turtle_workspace/dependencies/traveler_controller/src/controller/trajectories_parser.cpp:3\x1b[m\x1b[K:\n'}
[0.989275] (turtle_high_controller) StderrLine: {'line': b'\x1b[01m\x1b[K/home/qianlab/single_turtle_workspace/dependencies/traveler_controller/include/controller/trajectories_parser.h:13:7:\x1b[m\x1b[K \x1b[01;36m\x1b[Knote: \x1b[m\x1b[K\xe2\x80\x98\x1b[01m\x1b[Kclass turtle_namespace::control::TrajectoriesParser\x1b[m\x1b[K\xe2\x80\x99 defined here\n'}
[0.989358] (turtle_high_controller) StderrLine: {'line': b'   13 | class \x1b[01;36m\x1b[KTrajectoriesParser\x1b[m\x1b[K\n'}
[0.989435] (turtle_high_controller) StderrLine: {'line': b'      |       \x1b[01;36m\x1b[K^~~~~~~~~~~~~~~~~~\x1b[m\x1b[K\n'}
[0.989946] (turtle_high_controller) StderrLine: {'line': b'\x1b[01m\x1b[K/home/qianlab/single_turtle_workspace/dependencies/traveler_controller/src/controller/trajectories_parser.cpp:\x1b[m\x1b[K In member function \xe2\x80\x98\x1b[01m\x1b[Kbool turtle_namespace::control::TrajectoriesParser::waypointTrajectory(turtle&)\x1b[m\x1b[K\xe2\x80\x99:\n'}
[0.990135] (turtle_high_controller) StderrLine: {'line': b'\x1b[01m\x1b[K/home/qianlab/single_turtle_workspace/dependencies/traveler_controller/src/controller/trajectories_parser.cpp:28:17:\x1b[m\x1b[K \x1b[01;31m\x1b[Kerror: \x1b[m\x1b[K\xe2\x80\x98\x1b[01m\x1b[Kwaypoint_state_\x1b[m\x1b[K\xe2\x80\x99 was not declared in this scope; did you mean \xe2\x80\x98\x1b[01m\x1b[Kwaypoints_\x1b[m\x1b[K\xe2\x80\x99?\n'}
[0.990244] (turtle_high_controller) StderrLine: {'line': b'   28 |                 \x1b[01;31m\x1b[Kwaypoint_state_\x1b[m\x1b[K = 0;\n'}
[0.990331] (turtle_high_controller) StderrLine: {'line': b'      |                 \x1b[01;31m\x1b[K^~~~~~~~~~~~~~~\x1b[m\x1b[K\n'}
[0.990411] (turtle_high_controller) StderrLine: {'line': b'      |                 \x1b[32m\x1b[Kwaypoints_\x1b[m\x1b[K\n'}
[0.991518] (turtle_high_controller) StderrLine: {'line': b'\x1b[01m\x1b[K/home/qianlab/single_turtle_workspace/dependencies/traveler_controller/src/controller/trajectories_parser.cpp:29:17:\x1b[m\x1b[K \x1b[01;31m\x1b[Kerror: \x1b[m\x1b[K\xe2\x80\x98\x1b[01m\x1b[Kstate_flag_\x1b[m\x1b[K\xe2\x80\x99 was not declared in this scope\n'}
[0.991747] (turtle_high_controller) StderrLine: {'line': b'   29 |                 \x1b[01;31m\x1b[Kstate_flag_\x1b[m\x1b[K = 0;\n'}
[0.991849] (turtle_high_controller) StderrLine: {'line': b'      |                 \x1b[01;31m\x1b[K^~~~~~~~~~~\x1b[m\x1b[K\n'}
[0.993822] (turtle_high_controller) StderrLine: {'line': b'\x1b[01m\x1b[K/home/qianlab/single_turtle_workspace/dependencies/traveler_controller/src/controller/trajectories_parser.cpp:49:21:\x1b[m\x1b[K \x1b[01;31m\x1b[Kerror: \x1b[m\x1b[K\xe2\x80\x98\x1b[01m\x1b[Kstate_flag_\x1b[m\x1b[K\xe2\x80\x99 was not declared in this scope\n'}
[0.994050] (turtle_high_controller) StderrLine: {'line': b'   49 |                     \x1b[01;31m\x1b[Kstate_flag_\x1b[m\x1b[K = waypoint_index_;\n'}
[0.994440] (turtle_high_controller) StderrLine: {'line': b'      |                     \x1b[01;31m\x1b[K^~~~~~~~~~~\x1b[m\x1b[K\n'}
[0.995890] (turtle_high_controller) StderrLine: {'line': b'\x1b[01m\x1b[K/home/qianlab/single_turtle_workspace/dependencies/traveler_controller/src/controller/trajectories_parser.cpp:59:21:\x1b[m\x1b[K \x1b[01;31m\x1b[Kerror: \x1b[m\x1b[K\xe2\x80\x98\x1b[01m\x1b[Kstate_flag_\x1b[m\x1b[K\xe2\x80\x99 was not declared in this scope\n'}
[0.996109] (turtle_high_controller) StderrLine: {'line': b'   59 |                     \x1b[01;31m\x1b[Kstate_flag_\x1b[m\x1b[K = waypoint_index_;\n'}
[0.996217] (turtle_high_controller) StderrLine: {'line': b'      |                     \x1b[01;31m\x1b[K^~~~~~~~~~~\x1b[m\x1b[K\n'}
[0.996304] (turtle_high_controller) StderrLine: {'line': b'\x1b[01m\x1b[K/home/qianlab/single_turtle_workspace/dependencies/traveler_controller/src/controller/trajectories_parser.cpp:61:41:\x1b[m\x1b[K \x1b[01;35m\x1b[Kwarning: \x1b[m\x1b[Kcomparison of integer expressions of different signedness: \xe2\x80\x98\x1b[01m\x1b[Kint\x1b[m\x1b[K\xe2\x80\x99 and \xe2\x80\x98\x1b[01m\x1b[Kstd::vector<Waypoint>::size_type\x1b[m\x1b[K\xe2\x80\x99 {aka \xe2\x80\x98\x1b[01m\x1b[Klong unsigned int\x1b[m\x1b[K\xe2\x80\x99} [\x1b[01;35m\x1b[K-Wsign-compare\x1b[m\x1b[K]\n'}
[0.996401] (turtle_high_controller) StderrLine: {'line': b'   61 |                     if (\x1b[01;35m\x1b[Kwaypoint_index_ < waypoints_.size()\x1b[m\x1b[K) {\n'}
[0.996478] (turtle_high_controller) StderrLine: {'line': b'      |                         \x1b[01;35m\x1b[K~~~~~~~~~~~~~~~~^~~~~~~~~~~~~~~~~~~\x1b[m\x1b[K\n'}
[0.999050] (turtle_high_controller) StderrLine: {'line': b'\x1b[01m\x1b[K/home/qianlab/single_turtle_workspace/dependencies/traveler_controller/src/controller/trajectories_parser.cpp:\x1b[m\x1b[K In member function \xe2\x80\x98\x1b[01m\x1b[Kbool turtle_namespace::control::TrajectoriesParser::processWaypoint(turtle&)\x1b[m\x1b[K\xe2\x80\x99:\n'}
[0.999257] (turtle_high_controller) StderrLine: {'line': b'\x1b[01m\x1b[K/home/qianlab/single_turtle_workspace/dependencies/traveler_controller/src/controller/trajectories_parser.cpp:80:20:\x1b[m\x1b[K \x1b[01;31m\x1b[Kerror: \x1b[m\x1b[K\xe2\x80\x98\x1b[01m\x1b[Kwaypoint_state_\x1b[m\x1b[K\xe2\x80\x99 was not declared in this scope; did you mean \xe2\x80\x98\x1b[01m\x1b[Kwaypoints_\x1b[m\x1b[K\xe2\x80\x99?\n'}
[0.999356] (turtle_high_controller) StderrLine: {'line': b'   80 |             switch(\x1b[01;31m\x1b[Kwaypoint_state_\x1b[m\x1b[K) {\n'}
[0.999434] (turtle_high_controller) StderrLine: {'line': b'      |                    \x1b[01;31m\x1b[K^~~~~~~~~~~~~~~\x1b[m\x1b[K\n'}
[0.999515] (turtle_high_controller) StderrLine: {'line': b'      |                    \x1b[32m\x1b[Kwaypoints_\x1b[m\x1b[K\n'}
[0.999774] (turtle_high_controller) StderrLine: {'line': b'\x1b[01m\x1b[K/home/qianlab/single_turtle_workspace/dependencies/traveler_controller/src/controller/trajectories_parser.cpp:87:104:\x1b[m\x1b[K \x1b[01;31m\x1b[Kerror: \x1b[m\x1b[K\xe2\x80\x98\x1b[01m\x1b[Kgamma2\x1b[m\x1b[K\xe2\x80\x99 was not declared in this scope; did you mean \xe2\x80\x98\x1b[01m\x1b[Kgamma_\x1b[m\x1b[K\xe2\x80\x99?\n'}
[0.999910] (turtle_high_controller) StderrLine: {'line': b'   87 |                     if (linearTraj(t_, curr_waypoint_.vel, prev_waypoint_.point, curr_waypoint_.point, \x1b[01;31m\x1b[Kgamma2\x1b[m\x1b[K, theta2))\n'}
[1.000010] (turtle_high_controller) StderrLine: {'line': b'      |                                                                                                        \x1b[01;31m\x1b[K^~~~~~\x1b[m\x1b[K\n'}
[1.000085] (turtle_high_controller) StderrLine: {'line': b'      |                                                                                                        \x1b[32m\x1b[Kgamma_\x1b[m\x1b[K\n'}
[1.000330] (turtle_high_controller) StderrLine: {'line': b'\x1b[01m\x1b[K/home/qianlab/single_turtle_workspace/dependencies/traveler_controller/src/controller/trajectories_parser.cpp:87:112:\x1b[m\x1b[K \x1b[01;31m\x1b[Kerror: \x1b[m\x1b[K\xe2\x80\x98\x1b[01m\x1b[Ktheta2\x1b[m\x1b[K\xe2\x80\x99 was not declared in this scope; did you mean \xe2\x80\x98\x1b[01m\x1b[Ktheta_\x1b[m\x1b[K\xe2\x80\x99?\n'}
[1.000424] (turtle_high_controller) StderrLine: {'line': b'   87 |                     if (linearTraj(t_, curr_waypoint_.vel, prev_waypoint_.point, curr_waypoint_.point, gamma2, \x1b[01;31m\x1b[Ktheta2\x1b[m\x1b[K))\n'}
[1.000508] (turtle_high_controller) StderrLine: {'line': b'      |                                                                                                                \x1b[01;31m\x1b[K^~~~~~\x1b[m\x1b[K\n'}
[1.000583] (turtle_high_controller) StderrLine: {'line': b'      |                                                                                                                \x1b[32m\x1b[Ktheta_\x1b[m\x1b[K\n'}
[1.001164] (turtle_high_controller) StderrLine: {'line': b'\x1b[01m\x1b[K/home/qianlab/single_turtle_workspace/dependencies/traveler_controller/src/controller/trajectories_parser.cpp:95:102:\x1b[m\x1b[K \x1b[01;31m\x1b[Kerror: \x1b[m\x1b[K\xe2\x80\x98\x1b[01m\x1b[Kgamma2\x1b[m\x1b[K\xe2\x80\x99 was not declared in this scope; did you mean \xe2\x80\x98\x1b[01m\x1b[Kgamma_\x1b[m\x1b[K\xe2\x80\x99?\n'}
[1.001347] (turtle_high_controller) StderrLine: {'line': b'   95 |                     turtle.turtle_control.right_adduction.set_input_position_radian.input_position = \x1b[01;31m\x1b[Kgamma2\x1b[m\x1b[K;\n'}
[1.001437] (turtle_high_controller) StderrLine: {'line': b'      |                                                                                                      \x1b[01;31m\x1b[K^~~~~~\x1b[m\x1b[K\n'}
[1.001521] (turtle_high_controller) StderrLine: {'line': b'      |                                                                                                      \x1b[32m\x1b[Kgamma_\x1b[m\x1b[K\n'}
[1.001846] (turtle_high_controller) StderrLine: {'line': b'\x1b[01m\x1b[K/home/qianlab/single_turtle_workspace/dependencies/traveler_controller/src/controller/trajectories_parser.cpp:96:101:\x1b[m\x1b[K \x1b[01;31m\x1b[Kerror: \x1b[m\x1b[K\xe2\x80\x98\x1b[01m\x1b[Ktheta2\x1b[m\x1b[K\xe2\x80\x99 was not declared in this scope; did you mean \xe2\x80\x98\x1b[01m\x1b[Ktheta_\x1b[m\x1b[K\xe2\x80\x99?\n'}
[1.001981] (turtle_high_controller) StderrLine: {'line': b'   96 |                     turtle.turtle_control.right_sweeping.set_input_position_radian.input_position = \x1b[01;31m\x1b[Ktheta2\x1b[m\x1b[K;\n'}
[1.002082] (turtle_high_controller) StderrLine: {'line': b'      |                                                                                                     \x1b[01;31m\x1b[K^~~~~~\x1b[m\x1b[K\n'}
[1.002263] (turtle_high_controller) StderrLine: {'line': b'      |                                                                                                     \x1b[32m\x1b[Ktheta_\x1b[m\x1b[K\n'}
[1.002342] (turtle_high_controller) StderrLine: {'line': b'\x1b[01m\x1b[K/home/qianlab/single_turtle_workspace/dependencies/traveler_controller/src/controller/trajectories_parser.cpp:\x1b[m\x1b[K In member function \xe2\x80\x98\x1b[01m\x1b[Kvoid turtle_namespace::control::TrajectoriesParser::generateWaypoints(turtle&)\x1b[m\x1b[K\xe2\x80\x99:\n'}
[1.002416] (turtle_high_controller) StderrLine: {'line': b'\x1b[01m\x1b[K/home/qianlab/single_turtle_workspace/dependencies/traveler_controller/src/controller/trajectories_parser.cpp:127:31:\x1b[m\x1b[K \x1b[01;35m\x1b[Kwarning: \x1b[m\x1b[Kcomparison of integer expressions of different signedness: \xe2\x80\x98\x1b[01m\x1b[Kint\x1b[m\x1b[K\xe2\x80\x99 and \xe2\x80\x98\x1b[01m\x1b[Kstd::vector<Waypoint>::size_type\x1b[m\x1b[K\xe2\x80\x99 {aka \xe2\x80\x98\x1b[01m\x1b[Klong unsigned int\x1b[m\x1b[K\xe2\x80\x99} [\x1b[01;35m\x1b[K-Wsign-compare\x1b[m\x1b[K]\n'}
[1.002502] (turtle_high_controller) StderrLine: {'line': b'  127 |             for (int i = 0; \x1b[01;35m\x1b[Ki < waypoints_.size()\x1b[m\x1b[K; i++) {\n'}
[1.002572] (-) TimerEvent: {}
[1.003179] (turtle_high_controller) StderrLine: {'line': b'      |                             \x1b[01;35m\x1b[K~~^~~~~~~~~~~~~~~~~~~\x1b[m\x1b[K\n'}
[1.003336] (turtle_high_controller) StderrLine: {'line': b'\x1b[01m\x1b[K/home/qianlab/single_turtle_workspace/dependencies/traveler_controller/src/controller/trajectories_parser.cpp:113:17:\x1b[m\x1b[K \x1b[01;35m\x1b[Kwarning: \x1b[m\x1b[Kunused variable \xe2\x80\x98\x1b[01m\x1b[Ktrajectory\x1b[m\x1b[K\xe2\x80\x99 [\x1b[01;35m\x1b[K-Wunused-variable\x1b[m\x1b[K]\n'}
[1.003428] (turtle_high_controller) StderrLine: {'line': b'  113 |             int \x1b[01;35m\x1b[Ktrajectory\x1b[m\x1b[K = turtle.turtle_gui.drag_traj;\n'}
[1.003505] (turtle_high_controller) StderrLine: {'line': b'      |                 \x1b[01;35m\x1b[K^~~~~~~~~~\x1b[m\x1b[K\n'}
[1.003773] (turtle_high_controller) StderrLine: {'line': b'\x1b[01m\x1b[K/home/qianlab/single_turtle_workspace/dependencies/traveler_controller/src/controller/trajectories_parser.cpp:\x1b[m\x1b[K In member function \xe2\x80\x98\x1b[01m\x1b[Kvoid turtle_namespace::control::TrajectoriesParser::generateTempTraj(turtle&)\x1b[m\x1b[K\xe2\x80\x99:\n'}
[1.003876] (turtle_high_controller) StderrLine: {'line': b'\x1b[01m\x1b[K/home/qianlab/single_turtle_workspace/dependencies/traveler_controller/src/controller/trajectories_parser.cpp:142:13:\x1b[m\x1b[K \x1b[01;31m\x1b[Kerror: \x1b[m\x1b[K\xe2\x80\x98\x1b[01m\x1b[Kprev_toe_pos\x1b[m\x1b[K\xe2\x80\x99 was not declared in this scope\n'}
[1.003956] (turtle_high_controller) StderrLine: {'line': b'  142 |             \x1b[01;31m\x1b[Kprev_toe_pos\x1b[m\x1b[K = curr_toe_pos;\n'}
[1.004029] (turtle_high_controller) StderrLine: {'line': b'      |             \x1b[01;31m\x1b[K^~~~~~~~~~~~\x1b[m\x1b[K\n'}
[1.005194] (turtle_high_controller) StderrLine: {'line': b'\x1b[01m\x1b[K/home/qianlab/single_turtle_workspace/dependencies/traveler_controller/src/controller/trajectories_parser.cpp:142:28:\x1b[m\x1b[K \x1b[01;31m\x1b[Kerror: \x1b[m\x1b[K\xe2\x80\x98\x1b[01m\x1b[Kcurr_toe_pos\x1b[m\x1b[K\xe2\x80\x99 was not declared in this scope\n'}
[1.005397] (turtle_high_controller) StderrLine: {'line': b'  142 |             prev_toe_pos = \x1b[01;31m\x1b[Kcurr_toe_pos\x1b[m\x1b[K;\n'}
[1.005488] (turtle_high_controller) StderrLine: {'line': b'      |                            \x1b[01;31m\x1b[K^~~~~~~~~~~~\x1b[m\x1b[K\n'}
[1.006475] (turtle_high_controller) StderrLine: {'line': b'\x1b[01m\x1b[K/home/qianlab/single_turtle_workspace/dependencies/traveler_controller/src/controller/trajectories_parser.cpp:144:13:\x1b[m\x1b[K \x1b[01;31m\x1b[Kerror: \x1b[m\x1b[K\xe2\x80\x98\x1b[01m\x1b[KMove_Dist\x1b[m\x1b[K\xe2\x80\x99 was not declared in this scope\n'}
[1.006672] (turtle_high_controller) StderrLine: {'line': b'  144 |             \x1b[01;31m\x1b[KMove_Dist\x1b[m\x1b[K = distance(prev_toe_pos, curr_toe_pos);\n'}
[1.006760] (turtle_high_controller) StderrLine: {'line': b'      |             \x1b[01;31m\x1b[K^~~~~~~~~\x1b[m\x1b[K\n'}
[1.006843] (turtle_high_controller) StderrLine: {'line': b'\x1b[01m\x1b[K/home/qianlab/single_turtle_workspace/dependencies/traveler_controller/src/controller/trajectories_parser.cpp:144:25:\x1b[m\x1b[K \x1b[01;31m\x1b[Kerror: \x1b[m\x1b[Kreference to \xe2\x80\x98\x1b[01m\x1b[Kdistance\x1b[m\x1b[K\xe2\x80\x99 is ambiguous\n'}
[1.006928] (turtle_high_controller) StderrLine: {'line': b'  144 |             Move_Dist = \x1b[01;31m\x1b[Kdistance\x1b[m\x1b[K(prev_toe_pos, curr_toe_pos);\n'}
[1.007004] (turtle_high_controller) StderrLine: {'line': b'      |                         \x1b[01;31m\x1b[K^~~~~~~~\x1b[m\x1b[K\n'}
[1.007095] (turtle_high_controller) StderrLine: {'line': b'In file included from \x1b[01m\x1b[K/usr/include/c++/9/bits/stl_algobase.h:66\x1b[m\x1b[K,\n'}
[1.007175] (turtle_high_controller) StderrLine: {'line': b'                 from \x1b[01m\x1b[K/usr/include/c++/9/bits/char_traits.h:39\x1b[m\x1b[K,\n'}
[1.007361] (turtle_high_controller) StderrLine: {'line': b'                 from \x1b[01m\x1b[K/usr/include/c++/9/ios:40\x1b[m\x1b[K,\n'}
[1.007449] (turtle_high_controller) StderrLine: {'line': b'                 from \x1b[01m\x1b[K/usr/include/c++/9/ostream:38\x1b[m\x1b[K,\n'}
[1.007538] (turtle_high_controller) StderrLine: {'line': b'                 from \x1b[01m\x1b[K/usr/include/c++/9/iostream:39\x1b[m\x1b[K,\n'}
[1.007617] (turtle_high_controller) StderrLine: {'line': b'                 from \x1b[01m\x1b[K/home/qianlab/single_turtle_workspace/dependencies/traveler_controller/include/controller/trajectories_parser.h:4\x1b[m\x1b[K,\n'}
[1.007692] (turtle_high_controller) StderrLine: {'line': b'                 from \x1b[01m\x1b[K/home/qianlab/single_turtle_workspace/dependencies/traveler_controller/src/controller/trajectories_parser.cpp:3\x1b[m\x1b[K:\n'}
[1.007769] (turtle_high_controller) StderrLine: {'line': b'\x1b[01m\x1b[K/usr/include/c++/9/bits/stl_iterator_base_funcs.h:138:5:\x1b[m\x1b[K \x1b[01;36m\x1b[Knote: \x1b[m\x1b[Kcandidates are: \xe2\x80\x98\x1b[01m\x1b[Ktemplate<class _InputIterator> typename std::iterator_traits<_Iterator>::difference_type std::distance(_InputIterator, _InputIterator)\x1b[m\x1b[K\xe2\x80\x99\n'}
[1.007855] (turtle_high_controller) StderrLine: {'line': b'  138 |     \x1b[01;36m\x1b[Kdistance\x1b[m\x1b[K(_InputIterator __first, _InputIterator __last)\n'}
[1.007937] (turtle_high_controller) StderrLine: {'line': b'      |     \x1b[01;36m\x1b[K^~~~~~~~\x1b[m\x1b[K\n'}
[1.008013] (turtle_high_controller) StderrLine: {'line': b'In file included from \x1b[01m\x1b[K/home/qianlab/single_turtle_workspace/dependencies/traveler_controller/include/controller/trajectories_parser.h:8\x1b[m\x1b[K,\n'}
[1.008096] (turtle_high_controller) StderrLine: {'line': b'                 from \x1b[01m\x1b[K/home/qianlab/single_turtle_workspace/dependencies/traveler_controller/src/controller/trajectories_parser.cpp:3\x1b[m\x1b[K:\n'}
[1.010178] (turtle_high_controller) StderrLine: {'line': b'\x1b[01m\x1b[K/home/qianlab/single_turtle_workspace/dependencies/traveler_controller/include/controller/inverse_kinematics.h:37:7:\x1b[m\x1b[K \x1b[01;36m\x1b[Knote: \x1b[m\x1b[K                \xe2\x80\x98\x1b[01m\x1b[Kfloat distance\x1b[m\x1b[K\xe2\x80\x99\n'}
[1.010450] (turtle_high_controller) StderrLine: {'line': b'   37 | float \x1b[01;36m\x1b[Kdistance\x1b[m\x1b[K(XY_pair A, XY_pair B);\n'}
[1.010559] (turtle_high_controller) StderrLine: {'line': b'      |       \x1b[01;36m\x1b[K^~~~~~~~\x1b[m\x1b[K\n'}
[1.010644] (turtle_high_controller) StderrLine: {'line': b'\x1b[01m\x1b[K/home/qianlab/single_turtle_workspace/dependencies/traveler_controller/src/controller/trajectories_parser.cpp:150:17:\x1b[m\x1b[K \x1b[01;31m\x1b[Kerror: \x1b[m\x1b[K\xe2\x80\x98\x1b[01m\x1b[Kclock1_start_\x1b[m\x1b[K\xe2\x80\x99 was not declared in this scope; did you mean \xe2\x80\x98\x1b[01m\x1b[Kclock_start_\x1b[m\x1b[K\xe2\x80\x99?\n'}
[1.010734] (turtle_high_controller) StderrLine: {'line': b'  150 |                 \x1b[01;31m\x1b[Kclock1_start_\x1b[m\x1b[K = chrono::steady_clock::now();\n'}
[1.010823] (turtle_high_controller) StderrLine: {'line': b'      |                 \x1b[01;31m\x1b[K^~~~~~~~~~~~~\x1b[m\x1b[K\n'}
[1.010918] (turtle_high_controller) StderrLine: {'line': b'      |                 \x1b[32m\x1b[Kclock_start_\x1b[m\x1b[K\n'}
[1.011004] (turtle_high_controller) StderrLine: {'line': b'\x1b[01m\x1b[K/home/qianlab/single_turtle_workspace/dependencies/traveler_controller/src/controller/trajectories_parser.cpp:151:17:\x1b[m\x1b[K \x1b[01;31m\x1b[Kerror: \x1b[m\x1b[K\xe2\x80\x98\x1b[01m\x1b[Kclock2_start_\x1b[m\x1b[K\xe2\x80\x99 was not declared in this scope; did you mean \xe2\x80\x98\x1b[01m\x1b[Kclock_start_\x1b[m\x1b[K\xe2\x80\x99?\n'}
[1.011106] (turtle_high_controller) StderrLine: {'line': b'  151 |                 \x1b[01;31m\x1b[Kclock2_start_\x1b[m\x1b[K = chrono::steady_clock::now();\n'}
[1.011192] (turtle_high_controller) StderrLine: {'line': b'      |                 \x1b[01;31m\x1b[K^~~~~~~~~~~~~\x1b[m\x1b[K\n'}
[1.011269] (turtle_high_controller) StderrLine: {'line': b'      |                 \x1b[32m\x1b[Kclock_start_\x1b[m\x1b[K\n'}
[1.011353] (turtle_high_controller) StderrLine: {'line': b'\x1b[01m\x1b[K/home/qianlab/single_turtle_workspace/dependencies/traveler_controller/src/controller/trajectories_parser.cpp:154:17:\x1b[m\x1b[K \x1b[01;31m\x1b[Kerror: \x1b[m\x1b[K\xe2\x80\x98\x1b[01m\x1b[KGTP_first_iteration\x1b[m\x1b[K\xe2\x80\x99 was not declared in this scope; did you mean \xe2\x80\x98\x1b[01m\x1b[Kfirst_iteration\x1b[m\x1b[K\xe2\x80\x99?\n'}
[1.011443] (turtle_high_controller) StderrLine: {'line': b'  154 |                 \x1b[01;31m\x1b[KGTP_first_iteration\x1b[m\x1b[K = true;\n'}
[1.011525] (turtle_high_controller) StderrLine: {'line': b'      |                 \x1b[01;31m\x1b[K^~~~~~~~~~~~~~~~~~~\x1b[m\x1b[K\n'}
[1.011608] (turtle_high_controller) StderrLine: {'line': b'      |                 \x1b[32m\x1b[Kfirst_iteration\x1b[m\x1b[K\n'}
[1.011802] (turtle_high_controller) StderrLine: {'line': b'\x1b[01m\x1b[K/home/qianlab/single_turtle_workspace/dependencies/traveler_controller/src/controller/trajectories_parser.cpp:155:17:\x1b[m\x1b[K \x1b[01;31m\x1b[Kerror: \x1b[m\x1b[K\xe2\x80\x98\x1b[01m\x1b[KtraverseParams\x1b[m\x1b[K\xe2\x80\x99 was not declared in this scope\n'}
[1.011895] (turtle_high_controller) StderrLine: {'line': b'  155 |                 \x1b[01;31m\x1b[KtraverseParams\x1b[m\x1b[K.run = true;\n'}
[1.011968] (turtle_high_controller) StderrLine: {'line': b'      |                 \x1b[01;31m\x1b[K^~~~~~~~~~~~~~\x1b[m\x1b[K\n'}
[1.012945] (turtle_high_controller) StderrLine: {'line': b'\x1b[01m\x1b[K/home/qianlab/single_turtle_workspace/dependencies/traveler_controller/src/controller/trajectories_parser.cpp:156:17:\x1b[m\x1b[K \x1b[01;31m\x1b[Kerror: \x1b[m\x1b[K\xe2\x80\x98\x1b[01m\x1b[Krun_\x1b[m\x1b[K\xe2\x80\x99 was not declared in this scope\n'}
[1.013147] (turtle_high_controller) StderrLine: {'line': b'  156 |                 \x1b[01;31m\x1b[Krun_\x1b[m\x1b[K = true;\n'}
[1.013229] (turtle_high_controller) StderrLine: {'line': b'      |                 \x1b[01;31m\x1b[K^~~~\x1b[m\x1b[K\n'}
[1.014578] (turtle_high_controller) StderrLine: {'line': b'\x1b[01m\x1b[K/home/qianlab/single_turtle_workspace/dependencies/traveler_controller/src/controller/trajectories_parser.cpp:157:17:\x1b[m\x1b[K \x1b[01;31m\x1b[Kerror: \x1b[m\x1b[K\xe2\x80\x98\x1b[01m\x1b[Kstate_flag_\x1b[m\x1b[K\xe2\x80\x99 was not declared in this scope\n'}
[1.014826] (turtle_high_controller) StderrLine: {'line': b'  157 |                 \x1b[01;31m\x1b[Kstate_flag_\x1b[m\x1b[K = 0;\n'}
[1.014926] (turtle_high_controller) StderrLine: {'line': b'      |                 \x1b[01;31m\x1b[K^~~~~~~~~~~\x1b[m\x1b[K\n'}
[1.015844] (turtle_high_controller) StderrLine: {'line': b'\x1b[01m\x1b[K/home/qianlab/single_turtle_workspace/dependencies/traveler_controller/src/controller/trajectories_parser.cpp:158:17:\x1b[m\x1b[K \x1b[01;31m\x1b[Kerror: \x1b[m\x1b[K\xe2\x80\x98\x1b[01m\x1b[KPene_state\x1b[m\x1b[K\xe2\x80\x99 was not declared in this scope; did you mean \xe2\x80\x98\x1b[01m\x1b[Ksetstate\x1b[m\x1b[K\xe2\x80\x99?\n'}
[1.016047] (turtle_high_controller) StderrLine: {'line': b'  158 |                 \x1b[01;31m\x1b[KPene_state\x1b[m\x1b[K = 0;\n'}
[1.016136] (turtle_high_controller) StderrLine: {'line': b'      |                 \x1b[01;31m\x1b[K^~~~~~~~~~\x1b[m\x1b[K\n'}
[1.016217] (turtle_high_controller) StderrLine: {'line': b'      |                 \x1b[32m\x1b[Ksetstate\x1b[m\x1b[K\n'}
[1.016898] (turtle_high_controller) StderrLine: {'line': b'\x1b[01m\x1b[K/home/qianlab/single_turtle_workspace/dependencies/traveler_controller/src/controller/trajectories_parser.cpp:159:17:\x1b[m\x1b[K \x1b[01;31m\x1b[Kerror: \x1b[m\x1b[K\xe2\x80\x98\x1b[01m\x1b[KWT_state\x1b[m\x1b[K\xe2\x80\x99 was not declared in this scope\n'}
[1.017090] (turtle_high_controller) StderrLine: {'line': b'  159 |                 \x1b[01;31m\x1b[KWT_state\x1b[m\x1b[K = 0;\n'}
[1.017175] (turtle_high_controller) StderrLine: {'line': b'      |                 \x1b[01;31m\x1b[K^~~~~~~~\x1b[m\x1b[K\n'}
[1.017538] (turtle_high_controller) StderrLine: {'line': b'\x1b[01m\x1b[K/home/qianlab/single_turtle_workspace/dependencies/traveler_controller/src/controller/trajectories_parser.cpp:160:17:\x1b[m\x1b[K \x1b[01;31m\x1b[Kerror: \x1b[m\x1b[K\xe2\x80\x98\x1b[01m\x1b[Kps\x1b[m\x1b[K\xe2\x80\x99 was not declared in this scope\n'}
[1.017673] (turtle_high_controller) StderrLine: {'line': b'  160 |                 \x1b[01;31m\x1b[Kps\x1b[m\x1b[K.first_iteration = true;\n'}
[1.017756] (turtle_high_controller) StderrLine: {'line': b'      |                 \x1b[01;31m\x1b[K^~\x1b[m\x1b[K\n'}
[1.018100] (turtle_high_controller) StderrLine: {'line': b'\x1b[01m\x1b[K/home/qianlab/single_turtle_workspace/dependencies/traveler_controller/src/controller/trajectories_parser.cpp:161:17:\x1b[m\x1b[K \x1b[01;31m\x1b[Kerror: \x1b[m\x1b[K\xe2\x80\x98\x1b[01m\x1b[Kdg\x1b[m\x1b[K\xe2\x80\x99 was not declared in this scope\n'}
[1.018251] (turtle_high_controller) StderrLine: {'line': b'  161 |                 \x1b[01;31m\x1b[Kdg\x1b[m\x1b[K.first_iteration = true;\n'}
[1.018335] (turtle_high_controller) StderrLine: {'line': b'      |                 \x1b[01;31m\x1b[K^~\x1b[m\x1b[K\n'}
[1.019071] (turtle_high_controller) StderrLine: {'line': b'\x1b[01m\x1b[K/home/qianlab/single_turtle_workspace/dependencies/traveler_controller/src/controller/trajectories_parser.cpp:163:17:\x1b[m\x1b[K \x1b[01;31m\x1b[Kerror: \x1b[m\x1b[K\xe2\x80\x98\x1b[01m\x1b[KE_STOP\x1b[m\x1b[K\xe2\x80\x99 was not declared in this scope\n'}
[1.019263] (turtle_high_controller) StderrLine: {'line': b'  163 |                 \x1b[01;31m\x1b[KE_STOP\x1b[m\x1b[K = false;\n'}
[1.019349] (turtle_high_controller) StderrLine: {'line': b'      |                 \x1b[01;31m\x1b[K^~~~~~\x1b[m\x1b[K\n'}
[1.019974] (turtle_high_controller) StderrLine: {'line': b'\x1b[01m\x1b[K/home/qianlab/single_turtle_workspace/dependencies/traveler_controller/src/controller/trajectories_parser.cpp:166:21:\x1b[m\x1b[K \x1b[01;31m\x1b[Kerror: \x1b[m\x1b[K\xe2\x80\x98\x1b[01m\x1b[KE_STOP\x1b[m\x1b[K\xe2\x80\x99 was not declared in this scope\n'}
[1.020206] (turtle_high_controller) StderrLine: {'line': b'  166 |                 if (\x1b[01;31m\x1b[KE_STOP\x1b[m\x1b[K) {\n'}
[1.020288] (turtle_high_controller) StderrLine: {'line': b'      |                     \x1b[01;31m\x1b[K^~~~~~\x1b[m\x1b[K\n'}
[1.020361] (turtle_high_controller) StderrLine: {'line': b'\x1b[01m\x1b[K/home/qianlab/single_turtle_workspace/dependencies/traveler_controller/src/controller/trajectories_parser.cpp:180:66:\x1b[m\x1b[K \x1b[01;31m\x1b[Kerror: \x1b[m\x1b[K\xe2\x80\x98\x1b[01m\x1b[Kstruct GT_pair\x1b[m\x1b[K\xe2\x80\x99 has no member named \xe2\x80\x98\x1b[01m\x1b[Kx\x1b[m\x1b[K\xe2\x80\x99\n'}
[1.020439] (turtle_high_controller) StderrLine: {'line': b'  180 |                        turtle.turtle_chassis.Leg_lf.toe_position.\x1b[01;31m\x1b[Kx\x1b[m\x1b[K,\n'}
[1.020530] (turtle_high_controller) StderrLine: {'line': b'      |                                                                  \x1b[01;31m\x1b[K^\x1b[m\x1b[K\n'}
[1.020611] (turtle_high_controller) StderrLine: {'line': b'\x1b[01m\x1b[K/home/qianlab/single_turtle_workspace/dependencies/traveler_controller/src/controller/trajectories_parser.cpp:181:66:\x1b[m\x1b[K \x1b[01;31m\x1b[Kerror: \x1b[m\x1b[K\xe2\x80\x98\x1b[01m\x1b[Kstruct GT_pair\x1b[m\x1b[K\xe2\x80\x99 has no member named \xe2\x80\x98\x1b[01m\x1b[Ky\x1b[m\x1b[K\xe2\x80\x99\n'}
[1.020687] (turtle_high_controller) StderrLine: {'line': b'  181 |                        turtle.turtle_chassis.Leg_lf.toe_position.\x1b[01;31m\x1b[Ky\x1b[m\x1b[K);\n'}
[1.020761] (turtle_high_controller) StderrLine: {'line': b'      |                                                                  \x1b[01;31m\x1b[K^\x1b[m\x1b[K\n'}
[1.020847] (turtle_high_controller) StderrLine: {'line': b'\x1b[01m\x1b[K/home/qianlab/single_turtle_workspace/dependencies/traveler_controller/src/controller/trajectories_parser.cpp:137:17:\x1b[m\x1b[K \x1b[01;35m\x1b[Kwarning: \x1b[m\x1b[Kunused variable \xe2\x80\x98\x1b[01m\x1b[Ktrajectory\x1b[m\x1b[K\xe2\x80\x99 [\x1b[01;35m\x1b[K-Wunused-variable\x1b[m\x1b[K]\n'}
[1.020928] (turtle_high_controller) StderrLine: {'line': b'  137 |             int \x1b[01;35m\x1b[Ktrajectory\x1b[m\x1b[K = turtle.turtle_gui.drag_traj;\n'}
[1.021010] (turtle_high_controller) StderrLine: {'line': b'      |                 \x1b[01;35m\x1b[K^~~~~~~~~~\x1b[m\x1b[K\n'}
[1.049872] (traveler_optitrack) StderrLine: {'line': b'/home/qianlab/.local/lib/python3.8/site-packages/setuptools/dist.py:498: SetuptoolsDeprecationWarning: Invalid dash-separated options\n'}
[1.050107] (traveler_optitrack) StderrLine: {'line': b'!!\n'}
[1.050195] (traveler_optitrack) StderrLine: {'line': b'\n'}
[1.050268] (traveler_optitrack) StderrLine: {'line': b'        ********************************************************************************\n'}
[1.050356] (traveler_optitrack) StderrLine: {'line': b"        Usage of dash-separated 'script-dir' will not be supported in future\n"}
[1.050435] (traveler_optitrack) StderrLine: {'line': b"        versions. Please use the underscore name 'script_dir' instead.\n"}
[1.050510] (traveler_optitrack) StderrLine: {'line': b'\n'}
[1.050587] (traveler_optitrack) StderrLine: {'line': b'        This deprecation is overdue, please update your project and remove deprecated\n'}
[1.050669] (traveler_optitrack) StderrLine: {'line': b'        calls to avoid build errors in the future.\n'}
[1.050749] (traveler_optitrack) StderrLine: {'line': b'\n'}
[1.050828] (traveler_optitrack) StderrLine: {'line': b'        See https://setuptools.pypa.io/en/latest/userguide/declarative_config.html for details.\n'}
[1.050908] (traveler_optitrack) StderrLine: {'line': b'        ********************************************************************************\n'}
[1.050994] (traveler_optitrack) StderrLine: {'line': b'\n'}
[1.051090] (traveler_optitrack) StderrLine: {'line': b'!!\n'}
[1.051173] (traveler_optitrack) StderrLine: {'line': b'  opt = self.warn_dash_deprecation(opt, section)\n'}
[1.062550] (turtle_high_controller) StderrLine: {'line': b'make[2]: *** [CMakeFiles/turtle_high_controller.dir/build.make:89: CMakeFiles/turtle_high_controller.dir/src/controller/trajectories_parser.cpp.o] Error 1\n'}
[1.102708] (-) TimerEvent: {}
[1.137336] (traveler_optitrack) StdoutLine: {'line': b'running egg_info\n'}
[1.149187] (traveler_optitrack) StdoutLine: {'line': b'writing ../../build/traveler_optitrack/traveler_optitrack.egg-info/PKG-INFO\n'}
[1.149675] (traveler_optitrack) StdoutLine: {'line': b'writing dependency_links to ../../build/traveler_optitrack/traveler_optitrack.egg-info/dependency_links.txt\n'}
[1.149845] (traveler_optitrack) StdoutLine: {'line': b'writing entry points to ../../build/traveler_optitrack/traveler_optitrack.egg-info/entry_points.txt\n'}
[1.149957] (traveler_optitrack) StdoutLine: {'line': b'writing requirements to ../../build/traveler_optitrack/traveler_optitrack.egg-info/requires.txt\n'}
[1.150054] (traveler_optitrack) StdoutLine: {'line': b'writing top-level names to ../../build/traveler_optitrack/traveler_optitrack.egg-info/top_level.txt\n'}
[1.202807] (-) TimerEvent: {}
[1.242795] (traveler_optitrack) StdoutLine: {'line': b"reading manifest file '../../build/traveler_optitrack/traveler_optitrack.egg-info/SOURCES.txt'\n"}
[1.243823] (traveler_optitrack) StdoutLine: {'line': b"writing manifest file '../../build/traveler_optitrack/traveler_optitrack.egg-info/SOURCES.txt'\n"}
[1.244048] (traveler_optitrack) StdoutLine: {'line': b'running build\n'}
[1.244156] (traveler_optitrack) StdoutLine: {'line': b'running build_py\n'}
[1.244322] (traveler_optitrack) StdoutLine: {'line': b'running install\n'}
[1.248282] (traveler_optitrack) StdoutLine: {'line': b'running install_lib\n'}
[1.259569] (traveler_optitrack) StdoutLine: {'line': b'running install_data\n'}
[1.259826] (traveler_optitrack) StdoutLine: {'line': b'running install_egg_info\n'}
[1.271157] (traveler_optitrack) StdoutLine: {'line': b"removing '/home/qianlab/single_turtle_workspace/install/traveler_optitrack/lib/python3.8/site-packages/traveler_optitrack-0.0.0-py3.8.egg-info' (and everything under it)\n"}
[1.271398] (traveler_optitrack) StdoutLine: {'line': b'Copying ../../build/traveler_optitrack/traveler_optitrack.egg-info to /home/qianlab/single_turtle_workspace/install/traveler_optitrack/lib/python3.8/site-packages/traveler_optitrack-0.0.0-py3.8.egg-info\n'}
[1.271778] (traveler_optitrack) StdoutLine: {'line': b'running install_scripts\n'}
[1.302906] (-) TimerEvent: {}
[1.306662] (traveler_optitrack) StdoutLine: {'line': b'Installing traveler_optitrack script to /home/qianlab/single_turtle_workspace/install/traveler_optitrack/lib/traveler_optitrack\n'}
[1.306929] (traveler_optitrack) StdoutLine: {'line': b"writing list of installed files to '/home/qianlab/single_turtle_workspace/build/traveler_optitrack/install.log'\n"}
[1.341351] (traveler_optitrack) CommandEnded: {'returncode': 0}
[1.348956] (traveler_optitrack) JobEnded: {'identifier': 'traveler_optitrack', 'rc': 0}
[1.403129] (-) TimerEvent: {}
[1.503513] (-) TimerEvent: {}
[1.603805] (-) TimerEvent: {}
[1.704142] (-) TimerEvent: {}
[1.804488] (-) TimerEvent: {}
[1.904796] (-) TimerEvent: {}
[2.005092] (-) TimerEvent: {}
[2.081912] (turtle_high_controller) StderrLine: {'line': b'In file included from \x1b[01m\x1b[K/home/qianlab/single_turtle_workspace/dependencies/traveler_controller/include/main.h:11\x1b[m\x1b[K,\n'}
[2.082129] (turtle_high_controller) StderrLine: {'line': b'                 from \x1b[01m\x1b[K/home/qianlab/single_turtle_workspace/dependencies/traveler_controller/src/main.cpp:8\x1b[m\x1b[K:\n'}
[2.082204] (turtle_high_controller) StderrLine: {'line': b'\x1b[01m\x1b[K/home/qianlab/single_turtle_workspace/dependencies/traveler_controller/include/proxy/lowerproxy.h:91:17:\x1b[m\x1b[K \x1b[01;31m\x1b[Kerror: \x1b[m\x1b[K\xe2\x80\x98\x1b[01m\x1b[KXY_pair\x1b[m\x1b[K\xe2\x80\x99 was not declared in this scope; did you mean \xe2\x80\x98\x1b[01m\x1b[KGT_pair\x1b[m\x1b[K\xe2\x80\x99?\n'}
[2.082288] (turtle_high_controller) StderrLine: {'line': b'   91 |     std::vector<\x1b[01;31m\x1b[KXY_pair\x1b[m\x1b[K> precomputed_;\n'}
[2.082358] (turtle_high_controller) StderrLine: {'line': b'      |                 \x1b[01;31m\x1b[K^~~~~~~\x1b[m\x1b[K\n'}
[2.082428] (turtle_high_controller) StderrLine: {'line': b'      |                 \x1b[32m\x1b[KGT_pair\x1b[m\x1b[K\n'}
[2.082499] (turtle_high_controller) StderrLine: {'line': b'\x1b[01m\x1b[K/home/qianlab/single_turtle_workspace/dependencies/traveler_controller/include/proxy/lowerproxy.h:91:24:\x1b[m\x1b[K \x1b[01;31m\x1b[Kerror: \x1b[m\x1b[Ktemplate argument 1 is invalid\n'}
[2.082571] (turtle_high_controller) StderrLine: {'line': b'   91 |     std::vector<XY_pair\x1b[01;31m\x1b[K>\x1b[m\x1b[K precomputed_;\n'}
[2.082644] (turtle_high_controller) StderrLine: {'line': b'      |                        \x1b[01;31m\x1b[K^\x1b[m\x1b[K\n'}
[2.082720] (turtle_high_controller) StderrLine: {'line': b'\x1b[01m\x1b[K/home/qianlab/single_turtle_workspace/dependencies/traveler_controller/include/proxy/lowerproxy.h:91:24:\x1b[m\x1b[K \x1b[01;31m\x1b[Kerror: \x1b[m\x1b[Ktemplate argument 2 is invalid\n'}
[2.086132] (turtle_high_controller) StderrLine: {'line': b'In file included from \x1b[01m\x1b[K/home/qianlab/single_turtle_workspace/dependencies/traveler_controller/include/controller/trajectories_parser.h:8\x1b[m\x1b[K,\n'}
[2.086419] (turtle_high_controller) StderrLine: {'line': b'                 from \x1b[01m\x1b[K/home/qianlab/single_turtle_workspace/dependencies/traveler_controller/include/main.h:13\x1b[m\x1b[K,\n'}
[2.086496] (turtle_high_controller) StderrLine: {'line': b'                 from \x1b[01m\x1b[K/home/qianlab/single_turtle_workspace/dependencies/traveler_controller/src/main.cpp:8\x1b[m\x1b[K:\n'}
[2.086578] (turtle_high_controller) StderrLine: {'line': b'\x1b[01m\x1b[K/home/qianlab/single_turtle_workspace/dependencies/traveler_controller/include/controller/inverse_kinematics.h:14:47:\x1b[m\x1b[K \x1b[01;31m\x1b[Kerror: \x1b[m\x1b[K\xe2\x80\x98\x1b[01m\x1b[KXY_pair\x1b[m\x1b[K\xe2\x80\x99 has not been declared\n'}
[2.086646] (turtle_high_controller) StderrLine: {'line': b'   14 | void abstractToPhysical(float L, float Theta, \x1b[01;31m\x1b[KXY_pair\x1b[m\x1b[K& point);\n'}
[2.086712] (turtle_high_controller) StderrLine: {'line': b'      |                                               \x1b[01;31m\x1b[K^~~~~~~\x1b[m\x1b[K\n'}
[2.086782] (turtle_high_controller) StderrLine: {'line': b'\x1b[01m\x1b[K/home/qianlab/single_turtle_workspace/dependencies/traveler_controller/include/controller/inverse_kinematics.h:20:41:\x1b[m\x1b[K \x1b[01;31m\x1b[Kerror: \x1b[m\x1b[K\xe2\x80\x98\x1b[01m\x1b[KXY_pair\x1b[m\x1b[K\xe2\x80\x99 has not been declared\n'}
[2.086848] (turtle_high_controller) StderrLine: {'line': b'   20 | bool linearTraj(float t_rel, float vel, \x1b[01;31m\x1b[KXY_pair\x1b[m\x1b[K A, XY_pair B, float& X, float& Y);\n'}
[2.086913] (turtle_high_controller) StderrLine: {'line': b'      |                                         \x1b[01;31m\x1b[K^~~~~~~\x1b[m\x1b[K\n'}
[2.086976] (turtle_high_controller) StderrLine: {'line': b'\x1b[01m\x1b[K/home/qianlab/single_turtle_workspace/dependencies/traveler_controller/include/controller/inverse_kinematics.h:20:52:\x1b[m\x1b[K \x1b[01;31m\x1b[Kerror: \x1b[m\x1b[K\xe2\x80\x98\x1b[01m\x1b[KXY_pair\x1b[m\x1b[K\xe2\x80\x99 has not been declared\n'}
[2.087040] (turtle_high_controller) StderrLine: {'line': b'   20 | bool linearTraj(float t_rel, float vel, XY_pair A, \x1b[01;31m\x1b[KXY_pair\x1b[m\x1b[K B, float& X, float& Y);\n'}
[2.087103] (turtle_high_controller) StderrLine: {'line': b'      |                                                    \x1b[01;31m\x1b[K^~~~~~~\x1b[m\x1b[K\n'}
[2.087167] (turtle_high_controller) StderrLine: {'line': b'\x1b[01m\x1b[K/home/qianlab/single_turtle_workspace/dependencies/traveler_controller/include/controller/inverse_kinematics.h:21:41:\x1b[m\x1b[K \x1b[01;31m\x1b[Kerror: \x1b[m\x1b[K\xe2\x80\x98\x1b[01m\x1b[KXY_pair\x1b[m\x1b[K\xe2\x80\x99 has not been declared\n'}
[2.087232] (turtle_high_controller) StderrLine: {'line': b'   21 | bool linearTraj(float t_rel, float vel, \x1b[01;31m\x1b[KXY_pair\x1b[m\x1b[K A, XY_pair B,\n'}
[2.087298] (turtle_high_controller) StderrLine: {'line': b'      |                                         \x1b[01;31m\x1b[K^~~~~~~\x1b[m\x1b[K\n'}
[2.087362] (turtle_high_controller) StderrLine: {'line': b'\x1b[01m\x1b[K/home/qianlab/single_turtle_workspace/dependencies/traveler_controller/include/controller/inverse_kinematics.h:21:52:\x1b[m\x1b[K \x1b[01;31m\x1b[Kerror: \x1b[m\x1b[K\xe2\x80\x98\x1b[01m\x1b[KXY_pair\x1b[m\x1b[K\xe2\x80\x99 has not been declared\n'}
[2.087428] (turtle_high_controller) StderrLine: {'line': b'   21 | bool linearTraj(float t_rel, float vel, XY_pair A, \x1b[01;31m\x1b[KXY_pair\x1b[m\x1b[K B,\n'}
[2.087521] (turtle_high_controller) StderrLine: {'line': b'      |                                                    \x1b[01;31m\x1b[K^~~~~~~\x1b[m\x1b[K\n'}
[2.087587] (turtle_high_controller) StderrLine: {'line': b'\x1b[01m\x1b[K/home/qianlab/single_turtle_workspace/dependencies/traveler_controller/include/controller/inverse_kinematics.h:22:17:\x1b[m\x1b[K \x1b[01;31m\x1b[Kerror: \x1b[m\x1b[K\xe2\x80\x98\x1b[01m\x1b[KXY_pair\x1b[m\x1b[K\xe2\x80\x99 has not been declared\n'}
[2.087652] (turtle_high_controller) StderrLine: {'line': b'   22 |                 \x1b[01;31m\x1b[KXY_pair\x1b[m\x1b[K ToeXY, float& X, float& Y, float threshold = 0.01f);\n'}
[2.087717] (turtle_high_controller) StderrLine: {'line': b'      |                 \x1b[01;31m\x1b[K^~~~~~~\x1b[m\x1b[K\n'}
[2.088046] (turtle_high_controller) StderrLine: {'line': b'\x1b[01m\x1b[K/home/qianlab/single_turtle_workspace/dependencies/traveler_controller/include/controller/inverse_kinematics.h:27:16:\x1b[m\x1b[K \x1b[01;31m\x1b[Kerror: \x1b[m\x1b[K\xe2\x80\x98\x1b[01m\x1b[KXY_pair\x1b[m\x1b[K\xe2\x80\x99 was not declared in this scope; did you mean \xe2\x80\x98\x1b[01m\x1b[KGT_pair\x1b[m\x1b[K\xe2\x80\x99?\n'}
[2.088164] (turtle_high_controller) StderrLine: {'line': b'   27 | bool validPath(\x1b[01;31m\x1b[KXY_pair\x1b[m\x1b[K A, XY_pair B);\n'}
[2.088201] (turtle_high_controller) StderrLine: {'line': b'      |                \x1b[01;31m\x1b[K^~~~~~~\x1b[m\x1b[K\n'}
[2.088233] (turtle_high_controller) StderrLine: {'line': b'      |                \x1b[32m\x1b[KGT_pair\x1b[m\x1b[K\n'}
[2.089859] (turtle_high_controller) StderrLine: {'line': b'\x1b[01m\x1b[K/home/qianlab/single_turtle_workspace/dependencies/traveler_controller/include/controller/inverse_kinematics.h:27:27:\x1b[m\x1b[K \x1b[01;31m\x1b[Kerror: \x1b[m\x1b[K\xe2\x80\x98\x1b[01m\x1b[KXY_pair\x1b[m\x1b[K\xe2\x80\x99 was not declared in this scope; did you mean \xe2\x80\x98\x1b[01m\x1b[KGT_pair\x1b[m\x1b[K\xe2\x80\x99?\n'}
[2.090056] (turtle_high_controller) StderrLine: {'line': b'   27 | bool validPath(XY_pair A, \x1b[01;31m\x1b[KXY_pair\x1b[m\x1b[K B);\n'}
[2.090134] (turtle_high_controller) StderrLine: {'line': b'      |                           \x1b[01;31m\x1b[K^~~~~~~\x1b[m\x1b[K\n'}
[2.090207] (turtle_high_controller) StderrLine: {'line': b'      |                           \x1b[32m\x1b[KGT_pair\x1b[m\x1b[K\n'}
[2.090277] (turtle_high_controller) StderrLine: {'line': b'\x1b[01m\x1b[K/home/qianlab/single_turtle_workspace/dependencies/traveler_controller/include/controller/inverse_kinematics.h:27:36:\x1b[m\x1b[K \x1b[01;31m\x1b[Kerror: \x1b[m\x1b[Kexpression list treated as compound expression in initializer [\x1b[01;31m\x1b[K-fpermissive\x1b[m\x1b[K]\n'}
[2.090352] (turtle_high_controller) StderrLine: {'line': b'   27 | bool validPath(XY_pair A, XY_pair B\x1b[01;31m\x1b[K)\x1b[m\x1b[K;\n'}
[2.090441] (turtle_high_controller) StderrLine: {'line': b'      |                                    \x1b[01;31m\x1b[K^\x1b[m\x1b[K\n'}
[2.092024] (turtle_high_controller) StderrLine: {'line': b'\x1b[01m\x1b[K/home/qianlab/single_turtle_workspace/dependencies/traveler_controller/include/controller/inverse_kinematics.h:28:28:\x1b[m\x1b[K \x1b[01;31m\x1b[Kerror: \x1b[m\x1b[K\xe2\x80\x98\x1b[01m\x1b[KXY_pair\x1b[m\x1b[K\xe2\x80\x99 was not declared in this scope; did you mean \xe2\x80\x98\x1b[01m\x1b[KGT_pair\x1b[m\x1b[K\xe2\x80\x99?\n'}
[2.092253] (turtle_high_controller) StderrLine: {'line': b'   28 | Point_Pair findSwingPoints(\x1b[01;31m\x1b[KXY_pair\x1b[m\x1b[K A, XY_pair B);\n'}
[2.092338] (turtle_high_controller) StderrLine: {'line': b'      |                            \x1b[01;31m\x1b[K^~~~~~~\x1b[m\x1b[K\n'}
[2.092412] (turtle_high_controller) StderrLine: {'line': b'      |                            \x1b[32m\x1b[KGT_pair\x1b[m\x1b[K\n'}
[2.093678] (turtle_high_controller) StderrLine: {'line': b'\x1b[01m\x1b[K/home/qianlab/single_turtle_workspace/dependencies/traveler_controller/include/controller/inverse_kinematics.h:28:39:\x1b[m\x1b[K \x1b[01;31m\x1b[Kerror: \x1b[m\x1b[K\xe2\x80\x98\x1b[01m\x1b[KXY_pair\x1b[m\x1b[K\xe2\x80\x99 was not declared in this scope; did you mean \xe2\x80\x98\x1b[01m\x1b[KGT_pair\x1b[m\x1b[K\xe2\x80\x99?\n'}
[2.093889] (turtle_high_controller) StderrLine: {'line': b'   28 | Point_Pair findSwingPoints(XY_pair A, \x1b[01;31m\x1b[KXY_pair\x1b[m\x1b[K B);\n'}
[2.093961] (turtle_high_controller) StderrLine: {'line': b'      |                                       \x1b[01;31m\x1b[K^~~~~~~\x1b[m\x1b[K\n'}
[2.094026] (turtle_high_controller) StderrLine: {'line': b'      |                                       \x1b[32m\x1b[KGT_pair\x1b[m\x1b[K\n'}
[2.095859] (turtle_high_controller) StderrLine: {'line': b'\x1b[01m\x1b[K/home/qianlab/single_turtle_workspace/dependencies/traveler_controller/include/controller/inverse_kinematics.h:33:15:\x1b[m\x1b[K \x1b[01;31m\x1b[Kerror: \x1b[m\x1b[K\xe2\x80\x98\x1b[01m\x1b[KXY_pair\x1b[m\x1b[K\xe2\x80\x99 was not declared in this scope; did you mean \xe2\x80\x98\x1b[01m\x1b[KGT_pair\x1b[m\x1b[K\xe2\x80\x99?\n'}
[2.096095] (turtle_high_controller) StderrLine: {'line': b'   33 | bool inBounds(\x1b[01;31m\x1b[KXY_pair\x1b[m\x1b[K ToeXY);\n'}
[2.096187] (turtle_high_controller) StderrLine: {'line': b'      |               \x1b[01;31m\x1b[K^~~~~~~\x1b[m\x1b[K\n'}
[2.096259] (turtle_high_controller) StderrLine: {'line': b'      |               \x1b[32m\x1b[KGT_pair\x1b[m\x1b[K\n'}
[2.096328] (turtle_high_controller) StderrLine: {'line': b'\x1b[01m\x1b[K/home/qianlab/single_turtle_workspace/dependencies/traveler_controller/include/controller/inverse_kinematics.h:34:31:\x1b[m\x1b[K \x1b[01;31m\x1b[Kerror: \x1b[m\x1b[K\xe2\x80\x98\x1b[01m\x1b[Kbool inBounds(float, float)\x1b[m\x1b[K\xe2\x80\x99 redeclared as different kind of entity\n'}
[2.096396] (turtle_high_controller) StderrLine: {'line': b'   34 | bool inBounds(float x, float y\x1b[01;31m\x1b[K)\x1b[m\x1b[K;\n'}
[2.096462] (turtle_high_controller) StderrLine: {'line': b'      |                               \x1b[01;31m\x1b[K^\x1b[m\x1b[K\n'}
[2.096544] (turtle_high_controller) StderrLine: {'line': b'\x1b[01m\x1b[K/home/qianlab/single_turtle_workspace/dependencies/traveler_controller/include/controller/inverse_kinematics.h:33:6:\x1b[m\x1b[K \x1b[01;36m\x1b[Knote: \x1b[m\x1b[Kprevious declaration \xe2\x80\x98\x1b[01m\x1b[Kbool inBounds\x1b[m\x1b[K\xe2\x80\x99\n'}
[2.096621] (turtle_high_controller) StderrLine: {'line': b'   33 | bool \x1b[01;36m\x1b[KinBounds\x1b[m\x1b[K(XY_pair ToeXY);\n'}
[2.096686] (turtle_high_controller) StderrLine: {'line': b'      |      \x1b[01;36m\x1b[K^~~~~~~~\x1b[m\x1b[K\n'}
[2.097861] (turtle_high_controller) StderrLine: {'line': b'\x1b[01m\x1b[K/home/qianlab/single_turtle_workspace/dependencies/traveler_controller/include/controller/inverse_kinematics.h:36:15:\x1b[m\x1b[K \x1b[01;31m\x1b[Kerror: \x1b[m\x1b[K\xe2\x80\x98\x1b[01m\x1b[KXY_pair\x1b[m\x1b[K\xe2\x80\x99 was not declared in this scope; did you mean \xe2\x80\x98\x1b[01m\x1b[KGT_pair\x1b[m\x1b[K\xe2\x80\x99?\n'}
[2.098012] (turtle_high_controller) StderrLine: {'line': b'   36 | bool clamp_XY(\x1b[01;31m\x1b[KXY_pair\x1b[m\x1b[K& P, float L = 0.0f);\n'}
[2.098084] (turtle_high_controller) StderrLine: {'line': b'      |               \x1b[01;31m\x1b[K^~~~~~~\x1b[m\x1b[K\n'}
[2.098151] (turtle_high_controller) StderrLine: {'line': b'      |               \x1b[32m\x1b[KGT_pair\x1b[m\x1b[K\n'}
[2.099341] (turtle_high_controller) StderrLine: {'line': b'\x1b[01m\x1b[K/home/qianlab/single_turtle_workspace/dependencies/traveler_controller/include/controller/inverse_kinematics.h:36:24:\x1b[m\x1b[K \x1b[01;31m\x1b[Kerror: \x1b[m\x1b[K\xe2\x80\x98\x1b[01m\x1b[KP\x1b[m\x1b[K\xe2\x80\x99 was not declared in this scope\n'}
[2.099456] (turtle_high_controller) StderrLine: {'line': b'   36 | bool clamp_XY(XY_pair& \x1b[01;31m\x1b[KP\x1b[m\x1b[K, float L = 0.0f);\n'}
[2.099528] (turtle_high_controller) StderrLine: {'line': b'      |                        \x1b[01;31m\x1b[K^\x1b[m\x1b[K\n'}
[2.099595] (turtle_high_controller) StderrLine: {'line': b'\x1b[01m\x1b[K/home/qianlab/single_turtle_workspace/dependencies/traveler_controller/include/controller/inverse_kinematics.h:36:27:\x1b[m\x1b[K \x1b[01;31m\x1b[Kerror: \x1b[m\x1b[Kexpected primary-expression before \xe2\x80\x98\x1b[01m\x1b[Kfloat\x1b[m\x1b[K\xe2\x80\x99\n'}
[2.099663] (turtle_high_controller) StderrLine: {'line': b'   36 | bool clamp_XY(XY_pair& P, \x1b[01;31m\x1b[Kfloat\x1b[m\x1b[K L = 0.0f);\n'}
[2.099740] (turtle_high_controller) StderrLine: {'line': b'      |                           \x1b[01;31m\x1b[K^~~~~\x1b[m\x1b[K\n'}
[2.099805] (turtle_high_controller) StderrLine: {'line': b'\x1b[01m\x1b[K/home/qianlab/single_turtle_workspace/dependencies/traveler_controller/include/controller/inverse_kinematics.h:36:41:\x1b[m\x1b[K \x1b[01;31m\x1b[Kerror: \x1b[m\x1b[Kexpression list treated as compound expression in initializer [\x1b[01;31m\x1b[K-fpermissive\x1b[m\x1b[K]\n'}
[2.099870] (turtle_high_controller) StderrLine: {'line': b'   36 | bool clamp_XY(XY_pair& P, float L = 0.0f\x1b[01;31m\x1b[K)\x1b[m\x1b[K;\n'}
[2.099933] (turtle_high_controller) StderrLine: {'line': b'      |                                         \x1b[01;31m\x1b[K^\x1b[m\x1b[K\n'}
[2.101062] (turtle_high_controller) StderrLine: {'line': b'\x1b[01m\x1b[K/home/qianlab/single_turtle_workspace/dependencies/traveler_controller/include/controller/inverse_kinematics.h:37:16:\x1b[m\x1b[K \x1b[01;31m\x1b[Kerror: \x1b[m\x1b[K\xe2\x80\x98\x1b[01m\x1b[KXY_pair\x1b[m\x1b[K\xe2\x80\x99 was not declared in this scope; did you mean \xe2\x80\x98\x1b[01m\x1b[KGT_pair\x1b[m\x1b[K\xe2\x80\x99?\n'}
[2.101181] (turtle_high_controller) StderrLine: {'line': b'   37 | float distance(\x1b[01;31m\x1b[KXY_pair\x1b[m\x1b[K A, XY_pair B);\n'}
[2.101252] (turtle_high_controller) StderrLine: {'line': b'      |                \x1b[01;31m\x1b[K^~~~~~~\x1b[m\x1b[K\n'}
[2.101317] (turtle_high_controller) StderrLine: {'line': b'      |                \x1b[32m\x1b[KGT_pair\x1b[m\x1b[K\n'}
[2.102927] (turtle_high_controller) StderrLine: {'line': b'\x1b[01m\x1b[K/home/qianlab/single_turtle_workspace/dependencies/traveler_controller/include/controller/inverse_kinematics.h:37:27:\x1b[m\x1b[K \x1b[01;31m\x1b[Kerror: \x1b[m\x1b[K\xe2\x80\x98\x1b[01m\x1b[KXY_pair\x1b[m\x1b[K\xe2\x80\x99 was not declared in this scope; did you mean \xe2\x80\x98\x1b[01m\x1b[KGT_pair\x1b[m\x1b[K\xe2\x80\x99?\n'}
[2.103063] (turtle_high_controller) StderrLine: {'line': b'   37 | float distance(XY_pair A, \x1b[01;31m\x1b[KXY_pair\x1b[m\x1b[K B);\n'}
[2.103139] (turtle_high_controller) StderrLine: {'line': b'      |                           \x1b[01;31m\x1b[K^~~~~~~\x1b[m\x1b[K\n'}
[2.103213] (turtle_high_controller) StderrLine: {'line': b'      |                           \x1b[32m\x1b[KGT_pair\x1b[m\x1b[K\n'}
[2.103280] (turtle_high_controller) StderrLine: {'line': b'\x1b[01m\x1b[K/home/qianlab/single_turtle_workspace/dependencies/traveler_controller/include/controller/inverse_kinematics.h:37:36:\x1b[m\x1b[K \x1b[01;31m\x1b[Kerror: \x1b[m\x1b[Kexpression list treated as compound expression in initializer [\x1b[01;31m\x1b[K-fpermissive\x1b[m\x1b[K]\n'}
[2.103350] (turtle_high_controller) StderrLine: {'line': b'   37 | float distance(XY_pair A, XY_pair B\x1b[01;31m\x1b[K)\x1b[m\x1b[K;\n'}
[2.103415] (turtle_high_controller) StderrLine: {'line': b'      |                                    \x1b[01;31m\x1b[K^\x1b[m\x1b[K\n'}
[2.105186] (-) TimerEvent: {}
[2.205452] (-) TimerEvent: {}
[2.293506] (turtle_high_controller) StderrLine: {'line': b'In file included from \x1b[01m\x1b[K/home/qianlab/single_turtle_workspace/dependencies/traveler_controller/src/proxy/lowerproxy.cpp:8\x1b[m\x1b[K:\n'}
[2.293715] (turtle_high_controller) StderrLine: {'line': b'\x1b[01m\x1b[K/home/qianlab/single_turtle_workspace/dependencies/traveler_controller/include/proxy/lowerproxy.h:91:17:\x1b[m\x1b[K \x1b[01;31m\x1b[Kerror: \x1b[m\x1b[K\xe2\x80\x98\x1b[01m\x1b[KXY_pair\x1b[m\x1b[K\xe2\x80\x99 was not declared in this scope; did you mean \xe2\x80\x98\x1b[01m\x1b[KGT_pair\x1b[m\x1b[K\xe2\x80\x99?\n'}
[2.293794] (turtle_high_controller) StderrLine: {'line': b'   91 |     std::vector<\x1b[01;31m\x1b[KXY_pair\x1b[m\x1b[K> precomputed_;\n'}
[2.293875] (turtle_high_controller) StderrLine: {'line': b'      |                 \x1b[01;31m\x1b[K^~~~~~~\x1b[m\x1b[K\n'}
[2.293941] (turtle_high_controller) StderrLine: {'line': b'      |                 \x1b[32m\x1b[KGT_pair\x1b[m\x1b[K\n'}
[2.294011] (turtle_high_controller) StderrLine: {'line': b'\x1b[01m\x1b[K/home/qianlab/single_turtle_workspace/dependencies/traveler_controller/include/proxy/lowerproxy.h:91:24:\x1b[m\x1b[K \x1b[01;31m\x1b[Kerror: \x1b[m\x1b[Ktemplate argument 1 is invalid\n'}
[2.294081] (turtle_high_controller) StderrLine: {'line': b'   91 |     std::vector<XY_pair\x1b[01;31m\x1b[K>\x1b[m\x1b[K precomputed_;\n'}
[2.294149] (turtle_high_controller) StderrLine: {'line': b'      |                        \x1b[01;31m\x1b[K^\x1b[m\x1b[K\n'}
[2.294216] (turtle_high_controller) StderrLine: {'line': b'\x1b[01m\x1b[K/home/qianlab/single_turtle_workspace/dependencies/traveler_controller/include/proxy/lowerproxy.h:91:24:\x1b[m\x1b[K \x1b[01;31m\x1b[Kerror: \x1b[m\x1b[Ktemplate argument 2 is invalid\n'}
[2.294570] (turtle_high_controller) StderrLine: {'line': b'In file included from \x1b[01m\x1b[K/home/qianlab/single_turtle_workspace/dependencies/traveler_controller/src/proxy/lowerproxy.cpp:9\x1b[m\x1b[K:\n'}
[2.294689] (turtle_high_controller) StderrLine: {'line': b'\x1b[01m\x1b[K/home/qianlab/single_turtle_workspace/dependencies/traveler_controller/include/controller/inverse_kinematics.h:14:47:\x1b[m\x1b[K \x1b[01;31m\x1b[Kerror: \x1b[m\x1b[K\xe2\x80\x98\x1b[01m\x1b[KXY_pair\x1b[m\x1b[K\xe2\x80\x99 has not been declared\n'}
[2.294766] (turtle_high_controller) StderrLine: {'line': b'   14 | void abstractToPhysical(float L, float Theta, \x1b[01;31m\x1b[KXY_pair\x1b[m\x1b[K& point);\n'}
[2.294838] (turtle_high_controller) StderrLine: {'line': b'      |                                               \x1b[01;31m\x1b[K^~~~~~~\x1b[m\x1b[K\n'}
[2.294907] (turtle_high_controller) StderrLine: {'line': b'\x1b[01m\x1b[K/home/qianlab/single_turtle_workspace/dependencies/traveler_controller/include/controller/inverse_kinematics.h:20:41:\x1b[m\x1b[K \x1b[01;31m\x1b[Kerror: \x1b[m\x1b[K\xe2\x80\x98\x1b[01m\x1b[KXY_pair\x1b[m\x1b[K\xe2\x80\x99 has not been declared\n'}
[2.294975] (turtle_high_controller) StderrLine: {'line': b'   20 | bool linearTraj(float t_rel, float vel, \x1b[01;31m\x1b[KXY_pair\x1b[m\x1b[K A, XY_pair B, float& X, float& Y);\n'}
[2.295047] (turtle_high_controller) StderrLine: {'line': b'      |                                         \x1b[01;31m\x1b[K^~~~~~~\x1b[m\x1b[K\n'}
[2.295116] (turtle_high_controller) StderrLine: {'line': b'\x1b[01m\x1b[K/home/qianlab/single_turtle_workspace/dependencies/traveler_controller/include/controller/inverse_kinematics.h:20:52:\x1b[m\x1b[K \x1b[01;31m\x1b[Kerror: \x1b[m\x1b[K\xe2\x80\x98\x1b[01m\x1b[KXY_pair\x1b[m\x1b[K\xe2\x80\x99 has not been declared\n'}
[2.295194] (turtle_high_controller) StderrLine: {'line': b'   20 | bool linearTraj(float t_rel, float vel, XY_pair A, \x1b[01;31m\x1b[KXY_pair\x1b[m\x1b[K B, float& X, float& Y);\n'}
[2.295263] (turtle_high_controller) StderrLine: {'line': b'      |                                                    \x1b[01;31m\x1b[K^~~~~~~\x1b[m\x1b[K\n'}
[2.295328] (turtle_high_controller) StderrLine: {'line': b'\x1b[01m\x1b[K/home/qianlab/single_turtle_workspace/dependencies/traveler_controller/include/controller/inverse_kinematics.h:21:41:\x1b[m\x1b[K \x1b[01;31m\x1b[Kerror: \x1b[m\x1b[K\xe2\x80\x98\x1b[01m\x1b[KXY_pair\x1b[m\x1b[K\xe2\x80\x99 has not been declared\n'}
[2.295392] (turtle_high_controller) StderrLine: {'line': b'   21 | bool linearTraj(float t_rel, float vel, \x1b[01;31m\x1b[KXY_pair\x1b[m\x1b[K A, XY_pair B,\n'}
[2.295457] (turtle_high_controller) StderrLine: {'line': b'      |                                         \x1b[01;31m\x1b[K^~~~~~~\x1b[m\x1b[K\n'}
[2.295521] (turtle_high_controller) StderrLine: {'line': b'\x1b[01m\x1b[K/home/qianlab/single_turtle_workspace/dependencies/traveler_controller/include/controller/inverse_kinematics.h:21:52:\x1b[m\x1b[K \x1b[01;31m\x1b[Kerror: \x1b[m\x1b[K\xe2\x80\x98\x1b[01m\x1b[KXY_pair\x1b[m\x1b[K\xe2\x80\x99 has not been declared\n'}
[2.295588] (turtle_high_controller) StderrLine: {'line': b'   21 | bool linearTraj(float t_rel, float vel, XY_pair A, \x1b[01;31m\x1b[KXY_pair\x1b[m\x1b[K B,\n'}
[2.295656] (turtle_high_controller) StderrLine: {'line': b'      |                                                    \x1b[01;31m\x1b[K^~~~~~~\x1b[m\x1b[K\n'}
[2.295724] (turtle_high_controller) StderrLine: {'line': b'\x1b[01m\x1b[K/home/qianlab/single_turtle_workspace/dependencies/traveler_controller/include/controller/inverse_kinematics.h:22:17:\x1b[m\x1b[K \x1b[01;31m\x1b[Kerror: \x1b[m\x1b[K\xe2\x80\x98\x1b[01m\x1b[KXY_pair\x1b[m\x1b[K\xe2\x80\x99 has not been declared\n'}
[2.295791] (turtle_high_controller) StderrLine: {'line': b'   22 |                 \x1b[01;31m\x1b[KXY_pair\x1b[m\x1b[K ToeXY, float& X, float& Y, float threshold = 0.01f);\n'}
[2.295858] (turtle_high_controller) StderrLine: {'line': b'      |                 \x1b[01;31m\x1b[K^~~~~~~\x1b[m\x1b[K\n'}
[2.296396] (turtle_high_controller) StderrLine: {'line': b'\x1b[01m\x1b[K/home/qianlab/single_turtle_workspace/dependencies/traveler_controller/include/controller/inverse_kinematics.h:27:16:\x1b[m\x1b[K \x1b[01;31m\x1b[Kerror: \x1b[m\x1b[K\xe2\x80\x98\x1b[01m\x1b[KXY_pair\x1b[m\x1b[K\xe2\x80\x99 was not declared in this scope; did you mean \xe2\x80\x98\x1b[01m\x1b[KGT_pair\x1b[m\x1b[K\xe2\x80\x99?\n'}
[2.296563] (turtle_high_controller) StderrLine: {'line': b'   27 | bool validPath(\x1b[01;31m\x1b[KXY_pair\x1b[m\x1b[K A, XY_pair B);\n'}
[2.296642] (turtle_high_controller) StderrLine: {'line': b'      |                \x1b[01;31m\x1b[K^~~~~~~\x1b[m\x1b[K\n'}
[2.296710] (turtle_high_controller) StderrLine: {'line': b'      |                \x1b[32m\x1b[KGT_pair\x1b[m\x1b[K\n'}
[2.298146] (turtle_high_controller) StderrLine: {'line': b'\x1b[01m\x1b[K/home/qianlab/single_turtle_workspace/dependencies/traveler_controller/include/controller/inverse_kinematics.h:27:27:\x1b[m\x1b[K \x1b[01;31m\x1b[Kerror: \x1b[m\x1b[K\xe2\x80\x98\x1b[01m\x1b[KXY_pair\x1b[m\x1b[K\xe2\x80\x99 was not declared in this scope; did you mean \xe2\x80\x98\x1b[01m\x1b[KGT_pair\x1b[m\x1b[K\xe2\x80\x99?\n'}
[2.298256] (turtle_high_controller) StderrLine: {'line': b'   27 | bool validPath(XY_pair A, \x1b[01;31m\x1b[KXY_pair\x1b[m\x1b[K B);\n'}
[2.298329] (turtle_high_controller) StderrLine: {'line': b'      |                           \x1b[01;31m\x1b[K^~~~~~~\x1b[m\x1b[K\n'}
[2.298395] (turtle_high_controller) StderrLine: {'line': b'      |                           \x1b[32m\x1b[KGT_pair\x1b[m\x1b[K\n'}
[2.298462] (turtle_high_controller) StderrLine: {'line': b'\x1b[01m\x1b[K/home/qianlab/single_turtle_workspace/dependencies/traveler_controller/include/controller/inverse_kinematics.h:27:36:\x1b[m\x1b[K \x1b[01;31m\x1b[Kerror: \x1b[m\x1b[Kexpression list treated as compound expression in initializer [\x1b[01;31m\x1b[K-fpermissive\x1b[m\x1b[K]\n'}
[2.298538] (turtle_high_controller) StderrLine: {'line': b'   27 | bool validPath(XY_pair A, XY_pair B\x1b[01;31m\x1b[K)\x1b[m\x1b[K;\n'}
[2.298604] (turtle_high_controller) StderrLine: {'line': b'      |                                    \x1b[01;31m\x1b[K^\x1b[m\x1b[K\n'}
[2.299695] (turtle_high_controller) StderrLine: {'line': b'\x1b[01m\x1b[K/home/qianlab/single_turtle_workspace/dependencies/traveler_controller/include/controller/inverse_kinematics.h:28:28:\x1b[m\x1b[K \x1b[01;31m\x1b[Kerror: \x1b[m\x1b[K\xe2\x80\x98\x1b[01m\x1b[KXY_pair\x1b[m\x1b[K\xe2\x80\x99 was not declared in this scope; did you mean \xe2\x80\x98\x1b[01m\x1b[KGT_pair\x1b[m\x1b[K\xe2\x80\x99?\n'}
[2.299796] (turtle_high_controller) StderrLine: {'line': b'   28 | Point_Pair findSwingPoints(\x1b[01;31m\x1b[KXY_pair\x1b[m\x1b[K A, XY_pair B);\n'}
[2.299868] (turtle_high_controller) StderrLine: {'line': b'      |                            \x1b[01;31m\x1b[K^~~~~~~\x1b[m\x1b[K\n'}
[2.299935] (turtle_high_controller) StderrLine: {'line': b'      |                            \x1b[32m\x1b[KGT_pair\x1b[m\x1b[K\n'}
[2.301181] (turtle_high_controller) StderrLine: {'line': b'\x1b[01m\x1b[K/home/qianlab/single_turtle_workspace/dependencies/traveler_controller/include/controller/inverse_kinematics.h:28:39:\x1b[m\x1b[K \x1b[01;31m\x1b[Kerror: \x1b[m\x1b[K\xe2\x80\x98\x1b[01m\x1b[KXY_pair\x1b[m\x1b[K\xe2\x80\x99 was not declared in this scope; did you mean \xe2\x80\x98\x1b[01m\x1b[KGT_pair\x1b[m\x1b[K\xe2\x80\x99?\n'}
[2.301286] (turtle_high_controller) StderrLine: {'line': b'   28 | Point_Pair findSwingPoints(XY_pair A, \x1b[01;31m\x1b[KXY_pair\x1b[m\x1b[K B);\n'}
[2.301356] (turtle_high_controller) StderrLine: {'line': b'      |                                       \x1b[01;31m\x1b[K^~~~~~~\x1b[m\x1b[K\n'}
[2.301420] (turtle_high_controller) StderrLine: {'line': b'      |                                       \x1b[32m\x1b[KGT_pair\x1b[m\x1b[K\n'}
[2.302782] (turtle_high_controller) StderrLine: {'line': b'\x1b[01m\x1b[K/home/qianlab/single_turtle_workspace/dependencies/traveler_controller/include/controller/inverse_kinematics.h:33:15:\x1b[m\x1b[K \x1b[01;31m\x1b[Kerror: \x1b[m\x1b[K\xe2\x80\x98\x1b[01m\x1b[KXY_pair\x1b[m\x1b[K\xe2\x80\x99 was not declared in this scope; did you mean \xe2\x80\x98\x1b[01m\x1b[KGT_pair\x1b[m\x1b[K\xe2\x80\x99?\n'}
[2.302893] (turtle_high_controller) StderrLine: {'line': b'   33 | bool inBounds(\x1b[01;31m\x1b[KXY_pair\x1b[m\x1b[K ToeXY);\n'}
[2.302965] (turtle_high_controller) StderrLine: {'line': b'      |               \x1b[01;31m\x1b[K^~~~~~~\x1b[m\x1b[K\n'}
[2.303039] (turtle_high_controller) StderrLine: {'line': b'      |               \x1b[32m\x1b[KGT_pair\x1b[m\x1b[K\n'}
[2.303106] (turtle_high_controller) StderrLine: {'line': b'\x1b[01m\x1b[K/home/qianlab/single_turtle_workspace/dependencies/traveler_controller/include/controller/inverse_kinematics.h:34:31:\x1b[m\x1b[K \x1b[01;31m\x1b[Kerror: \x1b[m\x1b[K\xe2\x80\x98\x1b[01m\x1b[Kbool inBounds(float, float)\x1b[m\x1b[K\xe2\x80\x99 redeclared as different kind of entity\n'}
[2.303172] (turtle_high_controller) StderrLine: {'line': b'   34 | bool inBounds(float x, float y\x1b[01;31m\x1b[K)\x1b[m\x1b[K;\n'}
[2.303238] (turtle_high_controller) StderrLine: {'line': b'      |                               \x1b[01;31m\x1b[K^\x1b[m\x1b[K\n'}
[2.303305] (turtle_high_controller) StderrLine: {'line': b'\x1b[01m\x1b[K/home/qianlab/single_turtle_workspace/dependencies/traveler_controller/include/controller/inverse_kinematics.h:33:6:\x1b[m\x1b[K \x1b[01;36m\x1b[Knote: \x1b[m\x1b[Kprevious declaration \xe2\x80\x98\x1b[01m\x1b[Kbool inBounds\x1b[m\x1b[K\xe2\x80\x99\n'}
[2.303372] (turtle_high_controller) StderrLine: {'line': b'   33 | bool \x1b[01;36m\x1b[KinBounds\x1b[m\x1b[K(XY_pair ToeXY);\n'}
[2.303439] (turtle_high_controller) StderrLine: {'line': b'      |      \x1b[01;36m\x1b[K^~~~~~~~\x1b[m\x1b[K\n'}
[2.304206] (turtle_high_controller) StderrLine: {'line': b'\x1b[01m\x1b[K/home/qianlab/single_turtle_workspace/dependencies/traveler_controller/include/controller/inverse_kinematics.h:36:15:\x1b[m\x1b[K \x1b[01;31m\x1b[Kerror: \x1b[m\x1b[K\xe2\x80\x98\x1b[01m\x1b[KXY_pair\x1b[m\x1b[K\xe2\x80\x99 was not declared in this scope; did you mean \xe2\x80\x98\x1b[01m\x1b[KGT_pair\x1b[m\x1b[K\xe2\x80\x99?\n'}
[2.304308] (turtle_high_controller) StderrLine: {'line': b'   36 | bool clamp_XY(\x1b[01;31m\x1b[KXY_pair\x1b[m\x1b[K& P, float L = 0.0f);\n'}
[2.304379] (turtle_high_controller) StderrLine: {'line': b'      |               \x1b[01;31m\x1b[K^~~~~~~\x1b[m\x1b[K\n'}
[2.304444] (turtle_high_controller) StderrLine: {'line': b'      |               \x1b[32m\x1b[KGT_pair\x1b[m\x1b[K\n'}
[2.305408] (turtle_high_controller) StderrLine: {'line': b'\x1b[01m\x1b[K/home/qianlab/single_turtle_workspace/dependencies/traveler_controller/include/controller/inverse_kinematics.h:36:24:\x1b[m\x1b[K \x1b[01;31m\x1b[Kerror: \x1b[m\x1b[K\xe2\x80\x98\x1b[01m\x1b[KP\x1b[m\x1b[K\xe2\x80\x99 was not declared in this scope\n'}
[2.305514] (-) TimerEvent: {}
[2.305622] (turtle_high_controller) StderrLine: {'line': b'   36 | bool clamp_XY(XY_pair& \x1b[01;31m\x1b[KP\x1b[m\x1b[K, float L = 0.0f);\n'}
[2.305707] (turtle_high_controller) StderrLine: {'line': b'      |                        \x1b[01;31m\x1b[K^\x1b[m\x1b[K\n'}
[2.305785] (turtle_high_controller) StderrLine: {'line': b'\x1b[01m\x1b[K/home/qianlab/single_turtle_workspace/dependencies/traveler_controller/include/controller/inverse_kinematics.h:36:27:\x1b[m\x1b[K \x1b[01;31m\x1b[Kerror: \x1b[m\x1b[Kexpected primary-expression before \xe2\x80\x98\x1b[01m\x1b[Kfloat\x1b[m\x1b[K\xe2\x80\x99\n'}
[2.305866] (turtle_high_controller) StderrLine: {'line': b'   36 | bool clamp_XY(XY_pair& P, \x1b[01;31m\x1b[Kfloat\x1b[m\x1b[K L = 0.0f);\n'}
[2.305949] (turtle_high_controller) StderrLine: {'line': b'      |                           \x1b[01;31m\x1b[K^~~~~\x1b[m\x1b[K\n'}
[2.306024] (turtle_high_controller) StderrLine: {'line': b'\x1b[01m\x1b[K/home/qianlab/single_turtle_workspace/dependencies/traveler_controller/include/controller/inverse_kinematics.h:36:41:\x1b[m\x1b[K \x1b[01;31m\x1b[Kerror: \x1b[m\x1b[Kexpression list treated as compound expression in initializer [\x1b[01;31m\x1b[K-fpermissive\x1b[m\x1b[K]\n'}
[2.306106] (turtle_high_controller) StderrLine: {'line': b'   36 | bool clamp_XY(XY_pair& P, float L = 0.0f\x1b[01;31m\x1b[K)\x1b[m\x1b[K;\n'}
[2.306179] (turtle_high_controller) StderrLine: {'line': b'      |                                         \x1b[01;31m\x1b[K^\x1b[m\x1b[K\n'}
[2.306919] (turtle_high_controller) StderrLine: {'line': b'\x1b[01m\x1b[K/home/qianlab/single_turtle_workspace/dependencies/traveler_controller/include/controller/inverse_kinematics.h:37:16:\x1b[m\x1b[K \x1b[01;31m\x1b[Kerror: \x1b[m\x1b[K\xe2\x80\x98\x1b[01m\x1b[KXY_pair\x1b[m\x1b[K\xe2\x80\x99 was not declared in this scope; did you mean \xe2\x80\x98\x1b[01m\x1b[KGT_pair\x1b[m\x1b[K\xe2\x80\x99?\n'}
[2.307025] (turtle_high_controller) StderrLine: {'line': b'   37 | float distance(\x1b[01;31m\x1b[KXY_pair\x1b[m\x1b[K A, XY_pair B);\n'}
[2.307098] (turtle_high_controller) StderrLine: {'line': b'      |                \x1b[01;31m\x1b[K^~~~~~~\x1b[m\x1b[K\n'}
[2.307166] (turtle_high_controller) StderrLine: {'line': b'      |                \x1b[32m\x1b[KGT_pair\x1b[m\x1b[K\n'}
[2.308503] (turtle_high_controller) StderrLine: {'line': b'\x1b[01m\x1b[K/home/qianlab/single_turtle_workspace/dependencies/traveler_controller/include/controller/inverse_kinematics.h:37:27:\x1b[m\x1b[K \x1b[01;31m\x1b[Kerror: \x1b[m\x1b[K\xe2\x80\x98\x1b[01m\x1b[KXY_pair\x1b[m\x1b[K\xe2\x80\x99 was not declared in this scope; did you mean \xe2\x80\x98\x1b[01m\x1b[KGT_pair\x1b[m\x1b[K\xe2\x80\x99?\n'}
[2.308699] (turtle_high_controller) StderrLine: {'line': b'   37 | float distance(XY_pair A, \x1b[01;31m\x1b[KXY_pair\x1b[m\x1b[K B);\n'}
[2.308780] (turtle_high_controller) StderrLine: {'line': b'      |                           \x1b[01;31m\x1b[K^~~~~~~\x1b[m\x1b[K\n'}
[2.308857] (turtle_high_controller) StderrLine: {'line': b'      |                           \x1b[32m\x1b[KGT_pair\x1b[m\x1b[K\n'}
[2.308925] (turtle_high_controller) StderrLine: {'line': b'\x1b[01m\x1b[K/home/qianlab/single_turtle_workspace/dependencies/traveler_controller/include/controller/inverse_kinematics.h:37:36:\x1b[m\x1b[K \x1b[01;31m\x1b[Kerror: \x1b[m\x1b[Kexpression list treated as compound expression in initializer [\x1b[01;31m\x1b[K-fpermissive\x1b[m\x1b[K]\n'}
[2.309000] (turtle_high_controller) StderrLine: {'line': b'   37 | float distance(XY_pair A, XY_pair B\x1b[01;31m\x1b[K)\x1b[m\x1b[K;\n'}
[2.309073] (turtle_high_controller) StderrLine: {'line': b'      |                                    \x1b[01;31m\x1b[K^\x1b[m\x1b[K\n'}
[2.392441] (turtle_high_controller) StderrLine: {'line': b'\x1b[01m\x1b[K/home/qianlab/single_turtle_workspace/dependencies/traveler_controller/src/proxy/lowerproxy.cpp:\x1b[m\x1b[K In member function \xe2\x80\x98\x1b[01m\x1b[Kvoid turtle_namespace::control::lowerproxy::calculate_position(turtle&)\x1b[m\x1b[K\xe2\x80\x99:\n'}
[2.392684] (turtle_high_controller) StderrLine: {'line': b'\x1b[01m\x1b[K/home/qianlab/single_turtle_workspace/dependencies/traveler_controller/src/proxy/lowerproxy.cpp:186:24:\x1b[m\x1b[K \x1b[01;35m\x1b[Kwarning: \x1b[m\x1b[Kunused variable \xe2\x80\x98\x1b[01m\x1b[Kback_curr_time\x1b[m\x1b[K\xe2\x80\x99 [\x1b[01;35m\x1b[K-Wunused-variable\x1b[m\x1b[K]\n'}
[2.392784] (turtle_high_controller) StderrLine: {'line': b'  186 |                 double \x1b[01;35m\x1b[Kback_curr_time\x1b[m\x1b[K = deltaTime.count();\n'}
[2.392862] (turtle_high_controller) StderrLine: {'line': b'      |                        \x1b[01;35m\x1b[K^~~~~~~~~~~~~~\x1b[m\x1b[K\n'}
[2.405712] (-) TimerEvent: {}
[2.506118] (-) TimerEvent: {}
[2.606463] (-) TimerEvent: {}
[2.706801] (-) TimerEvent: {}
[2.713309] (turtle_high_controller) StdoutLine: {'line': b'[ 64%] \x1b[32m\x1b[1mLinking CXX executable odrive_can_interface\x1b[0m\n'}
[2.740562] (turtle_high_controller) StderrLine: {'line': b'make[2]: *** [CMakeFiles/turtle_high_controller.dir/build.make:63: CMakeFiles/turtle_high_controller.dir/src/main.cpp.o] Error 1\n'}
[2.806948] (-) TimerEvent: {}
[2.907300] (-) TimerEvent: {}
[2.999878] (turtle_high_controller) StdoutLine: {'line': b'[ 78%] Built target odrive_can_interface\n'}
[3.007402] (-) TimerEvent: {}
[3.107727] (-) TimerEvent: {}
[3.208167] (-) TimerEvent: {}
[3.253379] (turtle_high_controller) StderrLine: {'line': b'make[2]: *** [CMakeFiles/turtle_high_controller.dir/build.make:102: CMakeFiles/turtle_high_controller.dir/src/proxy/lowerproxy.cpp.o] Error 1\n'}
[3.308408] (-) TimerEvent: {}
[3.408798] (-) TimerEvent: {}
[3.509155] (-) TimerEvent: {}
[3.609496] (-) TimerEvent: {}
[3.709906] (-) TimerEvent: {}
[3.810245] (-) TimerEvent: {}
[3.910600] (-) TimerEvent: {}
[4.010957] (-) TimerEvent: {}
[4.111283] (-) TimerEvent: {}
[4.211636] (-) TimerEvent: {}
[4.312091] (-) TimerEvent: {}
[4.412454] (-) TimerEvent: {}
[4.512776] (-) TimerEvent: {}
[4.613085] (-) TimerEvent: {}
[4.713454] (-) TimerEvent: {}
[4.813800] (-) TimerEvent: {}
[4.914151] (-) TimerEvent: {}
[5.014548] (-) TimerEvent: {}
[5.114866] (-) TimerEvent: {}
[5.215210] (-) TimerEvent: {}
[5.315605] (-) TimerEvent: {}
[5.415988] (-) TimerEvent: {}
[5.516279] (-) TimerEvent: {}
[5.616705] (-) TimerEvent: {}
[5.717140] (-) TimerEvent: {}
[5.780498] (turtle_high_controller) StderrLine: {'line': b'make[1]: *** [CMakeFiles/Makefile2:107: CMakeFiles/turtle_high_controller.dir/all] Error 2\n'}
[5.780898] (turtle_high_controller) StderrLine: {'line': b'make: *** [Makefile:141: all] Error 2\n'}
[5.784449] (turtle_high_controller) CommandEnded: {'returncode': 2}
[5.812637] (turtle_high_controller) JobEnded: {'identifier': 'turtle_high_controller', 'rc': 2}
[5.814112] (-) EventReactorShutdown: {}
