[0.000000] (-) TimerEvent: {}
[0.000394] (traveler_msgs) JobQueued: {'identifier': 'traveler_msgs', 'dependencies': OrderedDict()}
[0.000418] (traveler_optitrack) JobQueued: {'identifier': 'traveler_optitrack', 'dependencies': OrderedDict()}
[0.000443] (turtle_high_controller) JobQueued: {'identifier': 'turtle_high_controller', 'dependencies': OrderedDict([('traveler_msgs', '/home/qianlab/single_turtle_workspace/install/traveler_msgs')])}
[0.000456] (traveler_msgs) JobStarted: {'identifier': 'traveler_msgs'}
[0.005796] (traveler_optitrack) JobStarted: {'identifier': 'traveler_optitrack'}
[0.011210] (traveler_msgs) JobProgress: {'identifier': 'traveler_msgs', 'progress': 'cmake'}
[0.011822] (traveler_msgs) JobProgress: {'identifier': 'traveler_msgs', 'progress': 'build'}
[0.012068] (traveler_msgs) Command: {'cmd': ['/usr/bin/cmake', '--build', '/home/qianlab/single_turtle_workspace/build/traveler_msgs', '--', '-j12', '-l12'], 'cwd': '/home/qianlab/single_turtle_workspace/build/traveler_msgs', 'env': OrderedDict([('GJS_DEBUG_TOPICS', 'JS ERROR;JS LOG'), ('LESSOPEN', '| /usr/bin/lesspipe %s'), ('USER', 'qianlab'), ('SSH_AGENT_PID', '2033'), ('XDG_SESSION_TYPE', 'x11'), ('GIT_ASKPASS', '/usr/share/code/resources/app/extensions/git/dist/askpass.sh'), ('SHLVL', '1'), ('LD_LIBRARY_PATH', '/home/qianlab/lassie-traveler/dependencies/install/traveler_msgs/lib:/opt/ros/foxy/opt/yaml_cpp_vendor/lib:/opt/ros/foxy/opt/rviz_ogre_vendor/lib:/opt/ros/foxy/lib/x86_64-linux-gnu:/opt/ros/foxy/lib'), ('HOME', '/home/qianlab'), ('CHROME_DESKTOP', 'code.desktop'), ('CONDA_SHLVL', '0'), ('TERM_PROGRAM_VERSION', '1.100.3'), ('DESKTOP_SESSION', 'ubuntu'), ('NVM_BIN', '/home/qianlab/.nvm/versions/node/v12.18.3/bin'), ('NVM_INC', '/home/qianlab/.nvm/versions/node/v12.18.3/include/node'), ('GIO_LAUNCHED_DESKTOP_FILE', '/usr/share/applications/code.desktop'), ('ROS_PYTHON_VERSION', '3'), ('GNOME_SHELL_SESSION_MODE', 'ubuntu'), ('GTK_MODULES', 'gail:atk-bridge'), ('VSCODE_GIT_ASKPASS_MAIN', '/usr/share/code/resources/app/extensions/git/dist/askpass-main.js'), ('VSCODE_GIT_ASKPASS_NODE', '/usr/share/code/code'), ('MANAGERPID', '1924'), ('DBUS_SESSION_BUS_ADDRESS', 'unix:path=/run/user/1000/bus'), ('COLORTERM', 'truecolor'), ('_CE_M', ''), ('GIO_LAUNCHED_DESKTOP_FILE_PID', '471252'), ('NVM_DIR', '/home/qianlab/.nvm'), ('MANDATORY_PATH', '/usr/share/gconf/ubuntu.mandatory.path'), ('IM_CONFIG_PHASE', '1'), ('COLCON_PREFIX_PATH', '/home/qianlab/lassie-traveler/dependencies/install'), ('ROS_DISTRO', 'foxy'), ('LOGNAME', 'qianlab'), ('JOURNAL_STREAM', '8:56505'), ('_', '/usr/bin/colcon'), ('ROS_VERSION', '2'), ('XDG_SESSION_CLASS', 'user'), ('DEFAULTS_PATH', '/usr/share/gconf/ubuntu.default.path'), ('USERNAME', 'qianlab'), ('TERM', 'xterm-256color'), ('GNOME_DESKTOP_SESSION_ID', 'this-is-deprecated'), ('_CE_CONDA', ''), ('ROS_LOCALHOST_ONLY', '0'), ('WINDOWPATH', '2'), ('PATH', '/home/qianlab/ghost_robotics/arm_toolchain/bin:/home/qianlab/.local/bin:/home/qianlab/ghost_robotics/arm_toolchain/bin:/home/qianlab/miniconda3/condabin:/home/qianlab/.nvm/versions/node/v12.18.3/bin:/opt/ros/foxy/bin:/home/qianlab/.local/bin:/usr/local/sbin:/usr/local/bin:/usr/sbin:/usr/bin:/sbin:/bin:/usr/games:/usr/local/games:/snap/bin'), ('SESSION_MANAGER', 'local/qianlab-Yoga-7-14IAL7:@/tmp/.ICE-unix/2071,unix/qianlab-Yoga-7-14IAL7:/tmp/.ICE-unix/2071'), ('INVOCATION_ID', 'ada520d1c1f94e228d33304f77e601b8'), ('XDG_MENU_PREFIX', 'gnome-'), ('XDG_RUNTIME_DIR', '/run/user/1000'), ('GDK_BACKEND', 'x11'), ('DISPLAY', ':0'), ('LANG', 'en_US.UTF-8'), ('XDG_CURRENT_DESKTOP', 'Unity'), ('XMODIFIERS', '@im=ibus'), ('XDG_SESSION_DESKTOP', 'ubuntu'), ('XAUTHORITY', '/run/user/1000/gdm/Xauthority'), ('LS_COLORS', 'rs=0:di=01;34:ln=01;36:mh=00:pi=40;33:so=01;35:do=01;35:bd=40;33;01:cd=40;33;01:or=40;31;01:mi=00:su=37;41:sg=30;43:ca=30;41:tw=30;42:ow=34;42:st=37;44:ex=01;32:*.tar=01;31:*.tgz=01;31:*.arc=01;31:*.arj=01;31:*.taz=01;31:*.lha=01;31:*.lz4=01;31:*.lzh=01;31:*.lzma=01;31:*.tlz=01;31:*.txz=01;31:*.tzo=01;31:*.t7z=01;31:*.zip=01;31:*.z=01;31:*.dz=01;31:*.gz=01;31:*.lrz=01;31:*.lz=01;31:*.lzo=01;31:*.xz=01;31:*.zst=01;31:*.tzst=01;31:*.bz2=01;31:*.bz=01;31:*.tbz=01;31:*.tbz2=01;31:*.tz=01;31:*.deb=01;31:*.rpm=01;31:*.jar=01;31:*.war=01;31:*.ear=01;31:*.sar=01;31:*.rar=01;31:*.alz=01;31:*.ace=01;31:*.zoo=01;31:*.cpio=01;31:*.7z=01;31:*.rz=01;31:*.cab=01;31:*.wim=01;31:*.swm=01;31:*.dwm=01;31:*.esd=01;31:*.jpg=01;35:*.jpeg=01;35:*.mjpg=01;35:*.mjpeg=01;35:*.gif=01;35:*.bmp=01;35:*.pbm=01;35:*.pgm=01;35:*.ppm=01;35:*.tga=01;35:*.xbm=01;35:*.xpm=01;35:*.tif=01;35:*.tiff=01;35:*.png=01;35:*.svg=01;35:*.svgz=01;35:*.mng=01;35:*.pcx=01;35:*.mov=01;35:*.mpg=01;35:*.mpeg=01;35:*.m2v=01;35:*.mkv=01;35:*.webm=01;35:*.ogm=01;35:*.mp4=01;35:*.m4v=01;35:*.mp4v=01;35:*.vob=01;35:*.qt=01;35:*.nuv=01;35:*.wmv=01;35:*.asf=01;35:*.rm=01;35:*.rmvb=01;35:*.flc=01;35:*.avi=01;35:*.fli=01;35:*.flv=01;35:*.gl=01;35:*.dl=01;35:*.xcf=01;35:*.xwd=01;35:*.yuv=01;35:*.cgm=01;35:*.emf=01;35:*.ogv=01;35:*.ogx=01;35:*.aac=00;36:*.au=00;36:*.flac=00;36:*.m4a=00;36:*.mid=00;36:*.midi=00;36:*.mka=00;36:*.mp3=00;36:*.mpc=00;36:*.ogg=00;36:*.ra=00;36:*.wav=00;36:*.oga=00;36:*.opus=00;36:*.spx=00;36:*.xspf=00;36:'), ('VSCODE_GIT_IPC_HANDLE', '/run/user/1000/vscode-git-66f982bc43.sock'), ('TERM_PROGRAM', 'vscode'), ('SSH_AUTH_SOCK', '/run/user/1000/keyring/ssh'), ('ROS_DOMAIN_ID', '2'), ('AMENT_PREFIX_PATH', '/home/qianlab/lassie-traveler/dependencies/install/traveler_high_controller:/home/qianlab/lassie-traveler/dependencies/install/traveler_msgs:/opt/ros/foxy'), ('CONDA_PYTHON_EXE', '/home/qianlab/miniconda3/bin/python'), ('ORIGINAL_XDG_CURRENT_DESKTOP', 'ubuntu:GNOME'), ('SHELL', '/bin/bash'), ('QT_ACCESSIBILITY', '1'), ('GDMSESSION', 'ubuntu'), ('LESSCLOSE', '/usr/bin/lesspipe %s %s'), ('GPG_AGENT_INFO', '/run/user/1000/gnupg/S.gpg-agent:0:1'), ('GJS_DEBUG_OUTPUT', 'stderr'), ('VSCODE_GIT_ASKPASS_EXTRA_ARGS', ''), ('QT_IM_MODULE', 'ibus'), ('PWD', '/home/qianlab/single_turtle_workspace/build/traveler_msgs'), ('XDG_CONFIG_DIRS', '/etc/xdg/xdg-ubuntu:/etc/xdg'), ('CONDA_EXE', '/home/qianlab/miniconda3/bin/conda'), ('NVM_CD_FLAGS', ''), ('XDG_DATA_DIRS', '/usr/share/ubuntu:/usr/local/share/:/usr/share/:/var/lib/snapd/desktop'), ('PYTHONPATH', '/home/qianlab/lassie-traveler/dependencies/install/traveler_msgs/lib/python3.8/site-packages:/opt/ros/foxy/lib/python3.8/site-packages'), ('CUSTOM_ENV_NAME', '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'), ('COLCON', '1'), ('CMAKE_PREFIX_PATH', '/home/qianlab/lassie-traveler/dependencies/install/traveler_high_controller:/home/qianlab/lassie-traveler/dependencies/install/traveler_msgs:/opt/ros/foxy')]), 'shell': False}
[0.054536] (traveler_msgs) StdoutLine: {'line': b'[  1%] Built target traveler_msgs__cpp\n'}
[0.060915] (traveler_msgs) StdoutLine: {'line': b'[ 12%] Built target traveler_msgs__rosidl_generator_c\n'}
[0.076107] (traveler_msgs) StdoutLine: {'line': b'[ 23%] Built target traveler_msgs__rosidl_typesupport_introspection_cpp\n'}
[0.079209] (traveler_msgs) StdoutLine: {'line': b'[ 35%] Built target traveler_msgs__rosidl_typesupport_cpp\n'}
[0.081392] (traveler_msgs) StdoutLine: {'line': b'[ 46%] Built target traveler_msgs__rosidl_typesupport_c\n'}
[0.082646] (traveler_msgs) StdoutLine: {'line': b'[ 57%] Built target traveler_msgs__rosidl_typesupport_introspection_c\n'}
[0.084559] (traveler_msgs) StdoutLine: {'line': b'[ 69%] Built target traveler_msgs__rosidl_typesupport_fastrtps_cpp\n'}
[0.099862] (-) TimerEvent: {}
[0.102463] (traveler_msgs) StdoutLine: {'line': b'[ 80%] Built target traveler_msgs__rosidl_typesupport_fastrtps_c\n'}
[0.115807] (traveler_msgs) StdoutLine: {'line': b'[ 80%] Built target traveler_msgs\n'}
[0.131161] (traveler_msgs) StdoutLine: {'line': b'[ 81%] Built target traveler_msgs__py\n'}
[0.156519] (traveler_msgs) StdoutLine: {'line': b'[ 91%] Built target traveler_msgs__python\n'}
[0.177503] (traveler_msgs) StdoutLine: {'line': b'[ 97%] Built target traveler_msgs__rosidl_typesupport_fastrtps_c__pyext\n'}
[0.177839] (traveler_msgs) StdoutLine: {'line': b'[ 97%] Built target traveler_msgs__rosidl_typesupport_c__pyext\n'}
[0.182657] (traveler_msgs) StdoutLine: {'line': b'[100%] Built target traveler_msgs__rosidl_typesupport_introspection_c__pyext\n'}
[0.191694] (traveler_msgs) CommandEnded: {'returncode': 0}
[0.199975] (-) TimerEvent: {}
[0.254617] (traveler_msgs) JobProgress: {'identifier': 'traveler_msgs', 'progress': 'install'}
[0.263101] (traveler_msgs) Command: {'cmd': ['/usr/bin/cmake', '--install', '/home/qianlab/single_turtle_workspace/build/traveler_msgs'], 'cwd': '/home/qianlab/single_turtle_workspace/build/traveler_msgs', 'env': OrderedDict([('GJS_DEBUG_TOPICS', 'JS ERROR;JS LOG'), ('LESSOPEN', '| /usr/bin/lesspipe %s'), ('USER', 'qianlab'), ('SSH_AGENT_PID', '2033'), ('XDG_SESSION_TYPE', 'x11'), ('GIT_ASKPASS', '/usr/share/code/resources/app/extensions/git/dist/askpass.sh'), ('SHLVL', '1'), ('LD_LIBRARY_PATH', '/home/qianlab/lassie-traveler/dependencies/install/traveler_msgs/lib:/opt/ros/foxy/opt/yaml_cpp_vendor/lib:/opt/ros/foxy/opt/rviz_ogre_vendor/lib:/opt/ros/foxy/lib/x86_64-linux-gnu:/opt/ros/foxy/lib'), ('HOME', '/home/qianlab'), ('CHROME_DESKTOP', 'code.desktop'), ('CONDA_SHLVL', '0'), ('TERM_PROGRAM_VERSION', '1.100.3'), ('DESKTOP_SESSION', 'ubuntu'), ('NVM_BIN', '/home/qianlab/.nvm/versions/node/v12.18.3/bin'), ('NVM_INC', '/home/qianlab/.nvm/versions/node/v12.18.3/include/node'), ('GIO_LAUNCHED_DESKTOP_FILE', '/usr/share/applications/code.desktop'), ('ROS_PYTHON_VERSION', '3'), ('GNOME_SHELL_SESSION_MODE', 'ubuntu'), ('GTK_MODULES', 'gail:atk-bridge'), ('VSCODE_GIT_ASKPASS_MAIN', '/usr/share/code/resources/app/extensions/git/dist/askpass-main.js'), ('VSCODE_GIT_ASKPASS_NODE', '/usr/share/code/code'), ('MANAGERPID', '1924'), ('DBUS_SESSION_BUS_ADDRESS', 'unix:path=/run/user/1000/bus'), ('COLORTERM', 'truecolor'), ('_CE_M', ''), ('GIO_LAUNCHED_DESKTOP_FILE_PID', '471252'), ('NVM_DIR', '/home/qianlab/.nvm'), ('MANDATORY_PATH', '/usr/share/gconf/ubuntu.mandatory.path'), ('IM_CONFIG_PHASE', '1'), ('COLCON_PREFIX_PATH', '/home/qianlab/lassie-traveler/dependencies/install'), ('ROS_DISTRO', 'foxy'), ('LOGNAME', 'qianlab'), ('JOURNAL_STREAM', '8:56505'), ('_', '/usr/bin/colcon'), ('ROS_VERSION', '2'), ('XDG_SESSION_CLASS', 'user'), ('DEFAULTS_PATH', '/usr/share/gconf/ubuntu.default.path'), ('USERNAME', 'qianlab'), ('TERM', 'xterm-256color'), ('GNOME_DESKTOP_SESSION_ID', 'this-is-deprecated'), ('_CE_CONDA', ''), ('ROS_LOCALHOST_ONLY', '0'), ('WINDOWPATH', '2'), ('PATH', '/home/qianlab/ghost_robotics/arm_toolchain/bin:/home/qianlab/.local/bin:/home/qianlab/ghost_robotics/arm_toolchain/bin:/home/qianlab/miniconda3/condabin:/home/qianlab/.nvm/versions/node/v12.18.3/bin:/opt/ros/foxy/bin:/home/qianlab/.local/bin:/usr/local/sbin:/usr/local/bin:/usr/sbin:/usr/bin:/sbin:/bin:/usr/games:/usr/local/games:/snap/bin'), ('SESSION_MANAGER', 'local/qianlab-Yoga-7-14IAL7:@/tmp/.ICE-unix/2071,unix/qianlab-Yoga-7-14IAL7:/tmp/.ICE-unix/2071'), ('INVOCATION_ID', 'ada520d1c1f94e228d33304f77e601b8'), ('XDG_MENU_PREFIX', 'gnome-'), ('XDG_RUNTIME_DIR', '/run/user/1000'), ('GDK_BACKEND', 'x11'), ('DISPLAY', ':0'), ('LANG', 'en_US.UTF-8'), ('XDG_CURRENT_DESKTOP', 'Unity'), ('XMODIFIERS', '@im=ibus'), ('XDG_SESSION_DESKTOP', 'ubuntu'), ('XAUTHORITY', '/run/user/1000/gdm/Xauthority'), ('LS_COLORS', 'rs=0:di=01;34:ln=01;36:mh=00:pi=40;33:so=01;35:do=01;35:bd=40;33;01:cd=40;33;01:or=40;31;01:mi=00:su=37;41:sg=30;43:ca=30;41:tw=30;42:ow=34;42:st=37;44:ex=01;32:*.tar=01;31:*.tgz=01;31:*.arc=01;31:*.arj=01;31:*.taz=01;31:*.lha=01;31:*.lz4=01;31:*.lzh=01;31:*.lzma=01;31:*.tlz=01;31:*.txz=01;31:*.tzo=01;31:*.t7z=01;31:*.zip=01;31:*.z=01;31:*.dz=01;31:*.gz=01;31:*.lrz=01;31:*.lz=01;31:*.lzo=01;31:*.xz=01;31:*.zst=01;31:*.tzst=01;31:*.bz2=01;31:*.bz=01;31:*.tbz=01;31:*.tbz2=01;31:*.tz=01;31:*.deb=01;31:*.rpm=01;31:*.jar=01;31:*.war=01;31:*.ear=01;31:*.sar=01;31:*.rar=01;31:*.alz=01;31:*.ace=01;31:*.zoo=01;31:*.cpio=01;31:*.7z=01;31:*.rz=01;31:*.cab=01;31:*.wim=01;31:*.swm=01;31:*.dwm=01;31:*.esd=01;31:*.jpg=01;35:*.jpeg=01;35:*.mjpg=01;35:*.mjpeg=01;35:*.gif=01;35:*.bmp=01;35:*.pbm=01;35:*.pgm=01;35:*.ppm=01;35:*.tga=01;35:*.xbm=01;35:*.xpm=01;35:*.tif=01;35:*.tiff=01;35:*.png=01;35:*.svg=01;35:*.svgz=01;35:*.mng=01;35:*.pcx=01;35:*.mov=01;35:*.mpg=01;35:*.mpeg=01;35:*.m2v=01;35:*.mkv=01;35:*.webm=01;35:*.ogm=01;35:*.mp4=01;35:*.m4v=01;35:*.mp4v=01;35:*.vob=01;35:*.qt=01;35:*.nuv=01;35:*.wmv=01;35:*.asf=01;35:*.rm=01;35:*.rmvb=01;35:*.flc=01;35:*.avi=01;35:*.fli=01;35:*.flv=01;35:*.gl=01;35:*.dl=01;35:*.xcf=01;35:*.xwd=01;35:*.yuv=01;35:*.cgm=01;35:*.emf=01;35:*.ogv=01;35:*.ogx=01;35:*.aac=00;36:*.au=00;36:*.flac=00;36:*.m4a=00;36:*.mid=00;36:*.midi=00;36:*.mka=00;36:*.mp3=00;36:*.mpc=00;36:*.ogg=00;36:*.ra=00;36:*.wav=00;36:*.oga=00;36:*.opus=00;36:*.spx=00;36:*.xspf=00;36:'), ('VSCODE_GIT_IPC_HANDLE', '/run/user/1000/vscode-git-66f982bc43.sock'), ('TERM_PROGRAM', 'vscode'), ('SSH_AUTH_SOCK', '/run/user/1000/keyring/ssh'), ('ROS_DOMAIN_ID', '2'), ('AMENT_PREFIX_PATH', '/home/qianlab/lassie-traveler/dependencies/install/traveler_high_controller:/home/qianlab/lassie-traveler/dependencies/install/traveler_msgs:/opt/ros/foxy'), ('CONDA_PYTHON_EXE', '/home/qianlab/miniconda3/bin/python'), ('ORIGINAL_XDG_CURRENT_DESKTOP', 'ubuntu:GNOME'), ('SHELL', '/bin/bash'), ('QT_ACCESSIBILITY', '1'), ('GDMSESSION', 'ubuntu'), ('LESSCLOSE', '/usr/bin/lesspipe %s %s'), ('GPG_AGENT_INFO', '/run/user/1000/gnupg/S.gpg-agent:0:1'), ('GJS_DEBUG_OUTPUT', 'stderr'), ('VSCODE_GIT_ASKPASS_EXTRA_ARGS', ''), ('QT_IM_MODULE', 'ibus'), ('PWD', '/home/qianlab/single_turtle_workspace/build/traveler_msgs'), ('XDG_CONFIG_DIRS', '/etc/xdg/xdg-ubuntu:/etc/xdg'), ('CONDA_EXE', '/home/qianlab/miniconda3/bin/conda'), ('NVM_CD_FLAGS', ''), ('XDG_DATA_DIRS', '/usr/share/ubuntu:/usr/local/share/:/usr/share/:/var/lib/snapd/desktop'), ('PYTHONPATH', '/home/qianlab/lassie-traveler/dependencies/install/traveler_msgs/lib/python3.8/site-packages:/opt/ros/foxy/lib/python3.8/site-packages'), ('CUSTOM_ENV_NAME', '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'), ('COLCON', '1'), ('CMAKE_PREFIX_PATH', '/home/qianlab/lassie-traveler/dependencies/install/traveler_high_controller:/home/qianlab/lassie-traveler/dependencies/install/traveler_msgs:/opt/ros/foxy')]), 'shell': False}
[0.270041] (traveler_msgs) StdoutLine: {'line': b'-- Install configuration: ""\n'}
[0.270230] (traveler_msgs) StdoutLine: {'line': b'-- Up-to-date: /home/qianlab/single_turtle_workspace/install/traveler_msgs/share/ament_index/resource_index/rosidl_interfaces/traveler_msgs\n'}
[0.270356] (traveler_msgs) StdoutLine: {'line': b'-- Up-to-date: /home/qianlab/single_turtle_workspace/install/traveler_msgs/include/traveler_msgs\n'}
[0.270555] (traveler_msgs) StdoutLine: {'line': b'-- Up-to-date: /home/qianlab/single_turtle_workspace/install/traveler_msgs/include/traveler_msgs/msg\n'}
[0.270629] (traveler_msgs) StdoutLine: {'line': b'-- Up-to-date: /home/qianlab/single_turtle_workspace/install/traveler_msgs/include/traveler_msgs/msg/rosidl_generator_c__visibility_control.h\n'}
[0.270719] (traveler_msgs) StdoutLine: {'line': b'-- Up-to-date: /home/qianlab/single_turtle_workspace/install/traveler_msgs/include/traveler_msgs/msg/set_state.h\n'}
[0.270790] (traveler_msgs) StdoutLine: {'line': b'-- Up-to-date: /home/qianlab/single_turtle_workspace/install/traveler_msgs/include/traveler_msgs/msg/traveler_mode.h\n'}
[0.270860] (traveler_msgs) StdoutLine: {'line': b'-- Up-to-date: /home/qianlab/single_turtle_workspace/install/traveler_msgs/include/traveler_msgs/msg/odrive_status.h\n'}
[0.270943] (traveler_msgs) StdoutLine: {'line': b'-- Up-to-date: /home/qianlab/single_turtle_workspace/install/traveler_msgs/include/traveler_msgs/msg/traveler_config.h\n'}
[0.271200] (traveler_msgs) StdoutLine: {'line': b'-- Up-to-date: /home/qianlab/single_turtle_workspace/install/traveler_msgs/include/traveler_msgs/msg/traveler_status.h\n'}
[0.271311] (traveler_msgs) StdoutLine: {'line': b'-- Up-to-date: /home/qianlab/single_turtle_workspace/install/traveler_msgs/include/traveler_msgs/msg/set_input_position.h\n'}
[0.271411] (traveler_msgs) StdoutLine: {'line': b'-- Up-to-date: /home/qianlab/single_turtle_workspace/install/traveler_msgs/include/traveler_msgs/msg/detail\n'}
[0.271487] (traveler_msgs) StdoutLine: {'line': b'-- Up-to-date: /home/qianlab/single_turtle_workspace/install/traveler_msgs/include/traveler_msgs/msg/detail/set_state__struct.h\n'}
[0.271577] (traveler_msgs) StdoutLine: {'line': b'-- Up-to-date: /home/qianlab/single_turtle_workspace/install/traveler_msgs/include/traveler_msgs/msg/detail/traveler_config__struct.h\n'}
[0.271687] (traveler_msgs) StdoutLine: {'line': b'-- Up-to-date: /home/qianlab/single_turtle_workspace/install/traveler_msgs/include/traveler_msgs/msg/detail/odrive_status__struct.h\n'}
[0.271785] (traveler_msgs) StdoutLine: {'line': b'-- Up-to-date: /home/qianlab/single_turtle_workspace/install/traveler_msgs/include/traveler_msgs/msg/detail/odrive_status__functions.c\n'}
[0.271885] (traveler_msgs) StdoutLine: {'line': b'-- Up-to-date: /home/qianlab/single_turtle_workspace/install/traveler_msgs/include/traveler_msgs/msg/detail/traveler_config__functions.h\n'}
[0.271960] (traveler_msgs) StdoutLine: {'line': b'-- Up-to-date: /home/qianlab/single_turtle_workspace/install/traveler_msgs/include/traveler_msgs/msg/detail/traveler_config__functions.c\n'}
[0.272036] (traveler_msgs) StdoutLine: {'line': b'-- Up-to-date: /home/qianlab/single_turtle_workspace/install/traveler_msgs/include/traveler_msgs/msg/detail/traveler_status__functions.h\n'}
[0.272131] (traveler_msgs) StdoutLine: {'line': b'-- Up-to-date: /home/qianlab/single_turtle_workspace/install/traveler_msgs/include/traveler_msgs/msg/detail/odrive_status__type_support.h\n'}
[0.272214] (traveler_msgs) StdoutLine: {'line': b'-- Up-to-date: /home/qianlab/single_turtle_workspace/install/traveler_msgs/include/traveler_msgs/msg/detail/traveler_mode__functions.h\n'}
[0.272289] (traveler_msgs) StdoutLine: {'line': b'-- Up-to-date: /home/qianlab/single_turtle_workspace/install/traveler_msgs/include/traveler_msgs/msg/detail/set_input_position__functions.c\n'}
[0.272401] (traveler_msgs) StdoutLine: {'line': b'-- Up-to-date: /home/qianlab/single_turtle_workspace/install/traveler_msgs/include/traveler_msgs/msg/detail/traveler_status__struct.h\n'}
[0.272518] (traveler_msgs) StdoutLine: {'line': b'-- Up-to-date: /home/qianlab/single_turtle_workspace/install/traveler_msgs/include/traveler_msgs/msg/detail/traveler_status__functions.c\n'}
[0.272714] (traveler_msgs) StdoutLine: {'line': b'-- Up-to-date: /home/qianlab/single_turtle_workspace/install/traveler_msgs/include/traveler_msgs/msg/detail/traveler_mode__struct.h\n'}
[0.272812] (traveler_msgs) StdoutLine: {'line': b'-- Up-to-date: /home/qianlab/single_turtle_workspace/install/traveler_msgs/include/traveler_msgs/msg/detail/set_state__functions.h\n'}
[0.272909] (traveler_msgs) StdoutLine: {'line': b'-- Up-to-date: /home/qianlab/single_turtle_workspace/install/traveler_msgs/include/traveler_msgs/msg/detail/set_input_position__functions.h\n'}
[0.272995] (traveler_msgs) StdoutLine: {'line': b'-- Up-to-date: /home/qianlab/single_turtle_workspace/install/traveler_msgs/include/traveler_msgs/msg/detail/set_input_position__type_support.h\n'}
[0.273064] (traveler_msgs) StdoutLine: {'line': b'-- Up-to-date: /home/qianlab/single_turtle_workspace/install/traveler_msgs/include/traveler_msgs/msg/detail/odrive_status__functions.h\n'}
[0.273132] (traveler_msgs) StdoutLine: {'line': b'-- Up-to-date: /home/qianlab/single_turtle_workspace/install/traveler_msgs/include/traveler_msgs/msg/detail/traveler_mode__type_support.h\n'}
[0.273199] (traveler_msgs) StdoutLine: {'line': b'-- Up-to-date: /home/qianlab/single_turtle_workspace/install/traveler_msgs/include/traveler_msgs/msg/detail/traveler_mode__functions.c\n'}
[0.273286] (traveler_msgs) StdoutLine: {'line': b'-- Up-to-date: /home/qianlab/single_turtle_workspace/install/traveler_msgs/include/traveler_msgs/msg/detail/set_state__functions.c\n'}
[0.273368] (traveler_msgs) StdoutLine: {'line': b'-- Up-to-date: /home/qianlab/single_turtle_workspace/install/traveler_msgs/include/traveler_msgs/msg/detail/set_input_position__struct.h\n'}
[0.273468] (traveler_msgs) StdoutLine: {'line': b'-- Up-to-date: /home/qianlab/single_turtle_workspace/install/traveler_msgs/include/traveler_msgs/msg/detail/set_state__type_support.h\n'}
[0.273568] (traveler_msgs) StdoutLine: {'line': b'-- Up-to-date: /home/qianlab/single_turtle_workspace/install/traveler_msgs/include/traveler_msgs/msg/detail/traveler_status__type_support.h\n'}
[0.273705] (traveler_msgs) StdoutLine: {'line': b'-- Up-to-date: /home/qianlab/single_turtle_workspace/install/traveler_msgs/include/traveler_msgs/msg/detail/traveler_config__type_support.h\n'}
[0.273828] (traveler_msgs) StdoutLine: {'line': b'-- Up-to-date: /home/qianlab/single_turtle_workspace/install/traveler_msgs/share/traveler_msgs/environment/library_path.sh\n'}
[0.273945] (traveler_msgs) StdoutLine: {'line': b'-- Up-to-date: /home/qianlab/single_turtle_workspace/install/traveler_msgs/share/traveler_msgs/environment/library_path.dsv\n'}
[0.274048] (traveler_msgs) StdoutLine: {'line': b'-- Up-to-date: /home/qianlab/single_turtle_workspace/install/traveler_msgs/lib/libtraveler_msgs__rosidl_generator_c.so\n'}
[0.274152] (traveler_msgs) StdoutLine: {'line': b'-- Up-to-date: /home/qianlab/single_turtle_workspace/install/traveler_msgs/include/traveler_msgs\n'}
[0.274270] (traveler_msgs) StdoutLine: {'line': b'-- Up-to-date: /home/qianlab/single_turtle_workspace/install/traveler_msgs/include/traveler_msgs/msg\n'}
[0.274381] (traveler_msgs) StdoutLine: {'line': b'-- Up-to-date: /home/qianlab/single_turtle_workspace/install/traveler_msgs/include/traveler_msgs/msg/rosidl_typesupport_fastrtps_c__visibility_control.h\n'}
[0.274455] (traveler_msgs) StdoutLine: {'line': b'-- Up-to-date: /home/qianlab/single_turtle_workspace/install/traveler_msgs/include/traveler_msgs/msg/detail\n'}
[0.274527] (traveler_msgs) StdoutLine: {'line': b'-- Up-to-date: /home/qianlab/single_turtle_workspace/install/traveler_msgs/include/traveler_msgs/msg/detail/traveler_config__rosidl_typesupport_fastrtps_c.h\n'}
[0.274609] (traveler_msgs) StdoutLine: {'line': b'-- Up-to-date: /home/qianlab/single_turtle_workspace/install/traveler_msgs/include/traveler_msgs/msg/detail/traveler_mode__rosidl_typesupport_fastrtps_c.h\n'}
[0.274680] (traveler_msgs) StdoutLine: {'line': b'-- Up-to-date: /home/qianlab/single_turtle_workspace/install/traveler_msgs/include/traveler_msgs/msg/detail/traveler_status__rosidl_typesupport_fastrtps_c.h\n'}
[0.274748] (traveler_msgs) StdoutLine: {'line': b'-- Up-to-date: /home/qianlab/single_turtle_workspace/install/traveler_msgs/include/traveler_msgs/msg/detail/set_input_position__rosidl_typesupport_fastrtps_c.h\n'}
[0.274818] (traveler_msgs) StdoutLine: {'line': b'-- Up-to-date: /home/qianlab/single_turtle_workspace/install/traveler_msgs/include/traveler_msgs/msg/detail/set_state__rosidl_typesupport_fastrtps_c.h\n'}
[0.274895] (traveler_msgs) StdoutLine: {'line': b'-- Up-to-date: /home/qianlab/single_turtle_workspace/install/traveler_msgs/include/traveler_msgs/msg/detail/odrive_status__rosidl_typesupport_fastrtps_c.h\n'}
[0.275003] (traveler_msgs) StdoutLine: {'line': b'-- Up-to-date: /home/qianlab/single_turtle_workspace/install/traveler_msgs/lib/libtraveler_msgs__rosidl_typesupport_fastrtps_c.so\n'}
[0.275080] (traveler_msgs) StdoutLine: {'line': b'-- Up-to-date: /home/qianlab/single_turtle_workspace/install/traveler_msgs/include/traveler_msgs\n'}
[0.275172] (traveler_msgs) StdoutLine: {'line': b'-- Up-to-date: /home/qianlab/single_turtle_workspace/install/traveler_msgs/include/traveler_msgs/msg\n'}
[0.275260] (traveler_msgs) StdoutLine: {'line': b'-- Up-to-date: /home/qianlab/single_turtle_workspace/install/traveler_msgs/include/traveler_msgs/msg/detail\n'}
[0.275352] (traveler_msgs) StdoutLine: {'line': b'-- Up-to-date: /home/qianlab/single_turtle_workspace/install/traveler_msgs/include/traveler_msgs/msg/detail/traveler_config__rosidl_typesupport_fastrtps_cpp.hpp\n'}
[0.275438] (traveler_msgs) StdoutLine: {'line': b'-- Up-to-date: /home/qianlab/single_turtle_workspace/install/traveler_msgs/include/traveler_msgs/msg/detail/traveler_mode__rosidl_typesupport_fastrtps_cpp.hpp\n'}
[0.275523] (traveler_msgs) StdoutLine: {'line': b'-- Up-to-date: /home/qianlab/single_turtle_workspace/install/traveler_msgs/include/traveler_msgs/msg/detail/set_input_position__rosidl_typesupport_fastrtps_cpp.hpp\n'}
[0.275611] (traveler_msgs) StdoutLine: {'line': b'-- Up-to-date: /home/qianlab/single_turtle_workspace/install/traveler_msgs/include/traveler_msgs/msg/detail/dds_fastrtps\n'}
[0.275696] (traveler_msgs) StdoutLine: {'line': b'-- Up-to-date: /home/qianlab/single_turtle_workspace/install/traveler_msgs/include/traveler_msgs/msg/detail/traveler_status__rosidl_typesupport_fastrtps_cpp.hpp\n'}
[0.275783] (traveler_msgs) StdoutLine: {'line': b'-- Up-to-date: /home/qianlab/single_turtle_workspace/install/traveler_msgs/include/traveler_msgs/msg/detail/odrive_status__rosidl_typesupport_fastrtps_cpp.hpp\n'}
[0.275858] (traveler_msgs) StdoutLine: {'line': b'-- Up-to-date: /home/qianlab/single_turtle_workspace/install/traveler_msgs/include/traveler_msgs/msg/detail/set_state__rosidl_typesupport_fastrtps_cpp.hpp\n'}
[0.275932] (traveler_msgs) StdoutLine: {'line': b'-- Up-to-date: /home/qianlab/single_turtle_workspace/install/traveler_msgs/include/traveler_msgs/msg/rosidl_typesupport_fastrtps_cpp__visibility_control.h\n'}
[0.276005] (traveler_msgs) StdoutLine: {'line': b'-- Up-to-date: /home/qianlab/single_turtle_workspace/install/traveler_msgs/lib/libtraveler_msgs__rosidl_typesupport_fastrtps_cpp.so\n'}
[0.276074] (traveler_msgs) StdoutLine: {'line': b'-- Up-to-date: /home/qianlab/single_turtle_workspace/install/traveler_msgs/include/traveler_msgs\n'}
[0.276141] (traveler_msgs) StdoutLine: {'line': b'-- Up-to-date: /home/qianlab/single_turtle_workspace/install/traveler_msgs/include/traveler_msgs/msg\n'}
[0.276209] (traveler_msgs) StdoutLine: {'line': b'-- Up-to-date: /home/qianlab/single_turtle_workspace/install/traveler_msgs/include/traveler_msgs/msg/rosidl_typesupport_introspection_c__visibility_control.h\n'}
[0.276277] (traveler_msgs) StdoutLine: {'line': b'-- Up-to-date: /home/qianlab/single_turtle_workspace/install/traveler_msgs/include/traveler_msgs/msg/detail\n'}
[0.276344] (traveler_msgs) StdoutLine: {'line': b'-- Up-to-date: /home/qianlab/single_turtle_workspace/install/traveler_msgs/include/traveler_msgs/msg/detail/traveler_status__rosidl_typesupport_introspection_c.h\n'}
[0.276413] (traveler_msgs) StdoutLine: {'line': b'-- Up-to-date: /home/qianlab/single_turtle_workspace/install/traveler_msgs/include/traveler_msgs/msg/detail/traveler_config__rosidl_typesupport_introspection_c.h\n'}
[0.276482] (traveler_msgs) StdoutLine: {'line': b'-- Up-to-date: /home/qianlab/single_turtle_workspace/install/traveler_msgs/include/traveler_msgs/msg/detail/set_state__type_support.c\n'}
[0.276549] (traveler_msgs) StdoutLine: {'line': b'-- Up-to-date: /home/qianlab/single_turtle_workspace/install/traveler_msgs/include/traveler_msgs/msg/detail/traveler_mode__rosidl_typesupport_introspection_c.h\n'}
[0.276616] (traveler_msgs) StdoutLine: {'line': b'-- Up-to-date: /home/qianlab/single_turtle_workspace/install/traveler_msgs/include/traveler_msgs/msg/detail/set_input_position__rosidl_typesupport_introspection_c.h\n'}
[0.276683] (traveler_msgs) StdoutLine: {'line': b'-- Up-to-date: /home/qianlab/single_turtle_workspace/install/traveler_msgs/include/traveler_msgs/msg/detail/odrive_status__rosidl_typesupport_introspection_c.h\n'}
[0.276749] (traveler_msgs) StdoutLine: {'line': b'-- Up-to-date: /home/qianlab/single_turtle_workspace/install/traveler_msgs/include/traveler_msgs/msg/detail/traveler_mode__type_support.c\n'}
[0.276814] (traveler_msgs) StdoutLine: {'line': b'-- Up-to-date: /home/qianlab/single_turtle_workspace/install/traveler_msgs/include/traveler_msgs/msg/detail/set_input_position__type_support.c\n'}
[0.276880] (traveler_msgs) StdoutLine: {'line': b'-- Up-to-date: /home/qianlab/single_turtle_workspace/install/traveler_msgs/include/traveler_msgs/msg/detail/set_state__rosidl_typesupport_introspection_c.h\n'}
[0.276952] (traveler_msgs) StdoutLine: {'line': b'-- Up-to-date: /home/qianlab/single_turtle_workspace/install/traveler_msgs/include/traveler_msgs/msg/detail/traveler_status__type_support.c\n'}
[0.277020] (traveler_msgs) StdoutLine: {'line': b'-- Up-to-date: /home/qianlab/single_turtle_workspace/install/traveler_msgs/include/traveler_msgs/msg/detail/traveler_config__type_support.c\n'}
[0.277091] (traveler_msgs) StdoutLine: {'line': b'-- Up-to-date: /home/qianlab/single_turtle_workspace/install/traveler_msgs/include/traveler_msgs/msg/detail/odrive_status__type_support.c\n'}
[0.277160] (traveler_msgs) StdoutLine: {'line': b'-- Up-to-date: /home/qianlab/single_turtle_workspace/install/traveler_msgs/lib/libtraveler_msgs__rosidl_typesupport_introspection_c.so\n'}
[0.277231] (traveler_msgs) StdoutLine: {'line': b'-- Up-to-date: /home/qianlab/single_turtle_workspace/install/traveler_msgs/lib/libtraveler_msgs__rosidl_typesupport_c.so\n'}
[0.277300] (traveler_msgs) StdoutLine: {'line': b'-- Up-to-date: /home/qianlab/single_turtle_workspace/install/traveler_msgs/include/traveler_msgs\n'}
[0.277371] (traveler_msgs) StdoutLine: {'line': b'-- Up-to-date: /home/qianlab/single_turtle_workspace/install/traveler_msgs/include/traveler_msgs/msg\n'}
[0.277441] (traveler_msgs) StdoutLine: {'line': b'-- Up-to-date: /home/qianlab/single_turtle_workspace/install/traveler_msgs/include/traveler_msgs/msg/set_state.hpp\n'}
[0.277509] (traveler_msgs) StdoutLine: {'line': b'-- Up-to-date: /home/qianlab/single_turtle_workspace/install/traveler_msgs/include/traveler_msgs/msg/rosidl_generator_cpp__visibility_control.hpp\n'}
[0.277579] (traveler_msgs) StdoutLine: {'line': b'-- Up-to-date: /home/qianlab/single_turtle_workspace/install/traveler_msgs/include/traveler_msgs/msg/traveler_status.hpp\n'}
[0.277701] (traveler_msgs) StdoutLine: {'line': b'-- Up-to-date: /home/qianlab/single_turtle_workspace/install/traveler_msgs/include/traveler_msgs/msg/traveler_mode.hpp\n'}
[0.277769] (traveler_msgs) StdoutLine: {'line': b'-- Up-to-date: /home/qianlab/single_turtle_workspace/install/traveler_msgs/include/traveler_msgs/msg/traveler_config.hpp\n'}
[0.277847] (traveler_msgs) StdoutLine: {'line': b'-- Up-to-date: /home/qianlab/single_turtle_workspace/install/traveler_msgs/include/traveler_msgs/msg/set_input_position.hpp\n'}
[0.277914] (traveler_msgs) StdoutLine: {'line': b'-- Up-to-date: /home/qianlab/single_turtle_workspace/install/traveler_msgs/include/traveler_msgs/msg/odrive_status.hpp\n'}
[0.277981] (traveler_msgs) StdoutLine: {'line': b'-- Up-to-date: /home/qianlab/single_turtle_workspace/install/traveler_msgs/include/traveler_msgs/msg/detail\n'}
[0.278047] (traveler_msgs) StdoutLine: {'line': b'-- Up-to-date: /home/qianlab/single_turtle_workspace/install/traveler_msgs/include/traveler_msgs/msg/detail/traveler_config__builder.hpp\n'}
[0.278112] (traveler_msgs) StdoutLine: {'line': b'-- Up-to-date: /home/qianlab/single_turtle_workspace/install/traveler_msgs/include/traveler_msgs/msg/detail/traveler_status__builder.hpp\n'}
[0.278176] (traveler_msgs) StdoutLine: {'line': b'-- Up-to-date: /home/qianlab/single_turtle_workspace/install/traveler_msgs/include/traveler_msgs/msg/detail/traveler_config__type_support.hpp\n'}
[0.278239] (traveler_msgs) StdoutLine: {'line': b'-- Up-to-date: /home/qianlab/single_turtle_workspace/install/traveler_msgs/include/traveler_msgs/msg/detail/traveler_config__traits.hpp\n'}
[0.278302] (traveler_msgs) StdoutLine: {'line': b'-- Up-to-date: /home/qianlab/single_turtle_workspace/install/traveler_msgs/include/traveler_msgs/msg/detail/traveler_mode__builder.hpp\n'}
[0.278366] (traveler_msgs) StdoutLine: {'line': b'-- Up-to-date: /home/qianlab/single_turtle_workspace/install/traveler_msgs/include/traveler_msgs/msg/detail/odrive_status__traits.hpp\n'}
[0.278428] (traveler_msgs) StdoutLine: {'line': b'-- Up-to-date: /home/qianlab/single_turtle_workspace/install/traveler_msgs/include/traveler_msgs/msg/detail/set_input_position__struct.hpp\n'}
[0.278491] (traveler_msgs) StdoutLine: {'line': b'-- Up-to-date: /home/qianlab/single_turtle_workspace/install/traveler_msgs/include/traveler_msgs/msg/detail/set_state__traits.hpp\n'}
[0.278556] (traveler_msgs) StdoutLine: {'line': b'-- Up-to-date: /home/qianlab/single_turtle_workspace/install/traveler_msgs/include/traveler_msgs/msg/detail/odrive_status__builder.hpp\n'}
[0.278619] (traveler_msgs) StdoutLine: {'line': b'-- Up-to-date: /home/qianlab/single_turtle_workspace/install/traveler_msgs/include/traveler_msgs/msg/detail/traveler_mode__struct.hpp\n'}
[0.278690] (traveler_msgs) StdoutLine: {'line': b'-- Up-to-date: /home/qianlab/single_turtle_workspace/install/traveler_msgs/include/traveler_msgs/msg/detail/set_state__builder.hpp\n'}
[0.278752] (traveler_msgs) StdoutLine: {'line': b'-- Up-to-date: /home/qianlab/single_turtle_workspace/install/traveler_msgs/include/traveler_msgs/msg/detail/set_input_position__type_support.hpp\n'}
[0.278820] (traveler_msgs) StdoutLine: {'line': b'-- Up-to-date: /home/qianlab/single_turtle_workspace/install/traveler_msgs/include/traveler_msgs/msg/detail/traveler_status__traits.hpp\n'}
[0.278885] (traveler_msgs) StdoutLine: {'line': b'-- Up-to-date: /home/qianlab/single_turtle_workspace/install/traveler_msgs/include/traveler_msgs/msg/detail/traveler_mode__type_support.hpp\n'}
[0.278951] (traveler_msgs) StdoutLine: {'line': b'-- Up-to-date: /home/qianlab/single_turtle_workspace/install/traveler_msgs/include/traveler_msgs/msg/detail/set_state__type_support.hpp\n'}
[0.279020] (traveler_msgs) StdoutLine: {'line': b'-- Up-to-date: /home/qianlab/single_turtle_workspace/install/traveler_msgs/include/traveler_msgs/msg/detail/traveler_config__struct.hpp\n'}
[0.279083] (traveler_msgs) StdoutLine: {'line': b'-- Up-to-date: /home/qianlab/single_turtle_workspace/install/traveler_msgs/include/traveler_msgs/msg/detail/odrive_status__type_support.hpp\n'}
[0.279146] (traveler_msgs) StdoutLine: {'line': b'-- Up-to-date: /home/qianlab/single_turtle_workspace/install/traveler_msgs/include/traveler_msgs/msg/detail/odrive_status__struct.hpp\n'}
[0.279208] (traveler_msgs) StdoutLine: {'line': b'-- Up-to-date: /home/qianlab/single_turtle_workspace/install/traveler_msgs/include/traveler_msgs/msg/detail/traveler_status__type_support.hpp\n'}
[0.279271] (traveler_msgs) StdoutLine: {'line': b'-- Up-to-date: /home/qianlab/single_turtle_workspace/install/traveler_msgs/include/traveler_msgs/msg/detail/set_input_position__builder.hpp\n'}
[0.279334] (traveler_msgs) StdoutLine: {'line': b'-- Up-to-date: /home/qianlab/single_turtle_workspace/install/traveler_msgs/include/traveler_msgs/msg/detail/traveler_status__struct.hpp\n'}
[0.279396] (traveler_msgs) StdoutLine: {'line': b'-- Up-to-date: /home/qianlab/single_turtle_workspace/install/traveler_msgs/include/traveler_msgs/msg/detail/traveler_mode__traits.hpp\n'}
[0.279458] (traveler_msgs) StdoutLine: {'line': b'-- Up-to-date: /home/qianlab/single_turtle_workspace/install/traveler_msgs/include/traveler_msgs/msg/detail/set_state__struct.hpp\n'}
[0.279521] (traveler_msgs) StdoutLine: {'line': b'-- Up-to-date: /home/qianlab/single_turtle_workspace/install/traveler_msgs/include/traveler_msgs/msg/detail/set_input_position__traits.hpp\n'}
[0.279582] (traveler_msgs) StdoutLine: {'line': b'-- Up-to-date: /home/qianlab/single_turtle_workspace/install/traveler_msgs/include/traveler_msgs\n'}
[0.279644] (traveler_msgs) StdoutLine: {'line': b'-- Up-to-date: /home/qianlab/single_turtle_workspace/install/traveler_msgs/include/traveler_msgs/msg\n'}
[0.279706] (traveler_msgs) StdoutLine: {'line': b'-- Up-to-date: /home/qianlab/single_turtle_workspace/install/traveler_msgs/include/traveler_msgs/msg/detail\n'}
[0.279768] (traveler_msgs) StdoutLine: {'line': b'-- Up-to-date: /home/qianlab/single_turtle_workspace/install/traveler_msgs/include/traveler_msgs/msg/detail/traveler_mode__type_support.cpp\n'}
[0.279831] (traveler_msgs) StdoutLine: {'line': b'-- Up-to-date: /home/qianlab/single_turtle_workspace/install/traveler_msgs/include/traveler_msgs/msg/detail/odrive_status__rosidl_typesupport_introspection_cpp.hpp\n'}
[0.279902] (traveler_msgs) StdoutLine: {'line': b'-- Up-to-date: /home/qianlab/single_turtle_workspace/install/traveler_msgs/include/traveler_msgs/msg/detail/set_state__rosidl_typesupport_introspection_cpp.hpp\n'}
[0.279964] (traveler_msgs) StdoutLine: {'line': b'-- Up-to-date: /home/qianlab/single_turtle_workspace/install/traveler_msgs/include/traveler_msgs/msg/detail/traveler_status__type_support.cpp\n'}
[0.280031] (traveler_msgs) StdoutLine: {'line': b'-- Up-to-date: /home/qianlab/single_turtle_workspace/install/traveler_msgs/include/traveler_msgs/msg/detail/traveler_status__rosidl_typesupport_introspection_cpp.hpp\n'}
[0.280093] (traveler_msgs) StdoutLine: {'line': b'-- Up-to-date: /home/qianlab/single_turtle_workspace/install/traveler_msgs/include/traveler_msgs/msg/detail/set_input_position__rosidl_typesupport_introspection_cpp.hpp\n'}
[0.280155] (traveler_msgs) StdoutLine: {'line': b'-- Up-to-date: /home/qianlab/single_turtle_workspace/install/traveler_msgs/include/traveler_msgs/msg/detail/odrive_status__type_support.cpp\n'}
[0.280217] (traveler_msgs) StdoutLine: {'line': b'-- Up-to-date: /home/qianlab/single_turtle_workspace/install/traveler_msgs/include/traveler_msgs/msg/detail/traveler_mode__rosidl_typesupport_introspection_cpp.hpp\n'}
[0.280279] (traveler_msgs) StdoutLine: {'line': b'-- Up-to-date: /home/qianlab/single_turtle_workspace/install/traveler_msgs/include/traveler_msgs/msg/detail/set_state__type_support.cpp\n'}
[0.280341] (traveler_msgs) StdoutLine: {'line': b'-- Up-to-date: /home/qianlab/single_turtle_workspace/install/traveler_msgs/include/traveler_msgs/msg/detail/traveler_config__type_support.cpp\n'}
[0.280402] (traveler_msgs) StdoutLine: {'line': b'-- Up-to-date: /home/qianlab/single_turtle_workspace/install/traveler_msgs/include/traveler_msgs/msg/detail/set_input_position__type_support.cpp\n'}
[0.280464] (traveler_msgs) StdoutLine: {'line': b'-- Up-to-date: /home/qianlab/single_turtle_workspace/install/traveler_msgs/include/traveler_msgs/msg/detail/traveler_config__rosidl_typesupport_introspection_cpp.hpp\n'}
[0.280526] (traveler_msgs) StdoutLine: {'line': b'-- Up-to-date: /home/qianlab/single_turtle_workspace/install/traveler_msgs/lib/libtraveler_msgs__rosidl_typesupport_introspection_cpp.so\n'}
[0.280589] (traveler_msgs) StdoutLine: {'line': b'-- Up-to-date: /home/qianlab/single_turtle_workspace/install/traveler_msgs/lib/libtraveler_msgs__rosidl_typesupport_cpp.so\n'}
[0.280652] (traveler_msgs) StdoutLine: {'line': b'-- Up-to-date: /home/qianlab/single_turtle_workspace/install/traveler_msgs/share/traveler_msgs/environment/pythonpath.sh\n'}
[0.280714] (traveler_msgs) StdoutLine: {'line': b'-- Up-to-date: /home/qianlab/single_turtle_workspace/install/traveler_msgs/share/traveler_msgs/environment/pythonpath.dsv\n'}
[0.280780] (traveler_msgs) StdoutLine: {'line': b'-- Up-to-date: /home/qianlab/single_turtle_workspace/install/traveler_msgs/lib/python3.8/site-packages/traveler_msgs/__init__.py\n'}
[0.299032] (traveler_msgs) StdoutLine: {'line': b'-- Up-to-date: /home/qianlab/single_turtle_workspace/install/traveler_msgs/lib/python3.8/site-packages/traveler_msgs/msg\n'}
[0.299229] (traveler_msgs) StdoutLine: {'line': b'-- Up-to-date: /home/qianlab/single_turtle_workspace/install/traveler_msgs/lib/python3.8/site-packages/traveler_msgs/msg/_set_input_position_s.c\n'}
[0.299306] (traveler_msgs) StdoutLine: {'line': b'-- Up-to-date: /home/qianlab/single_turtle_workspace/install/traveler_msgs/lib/python3.8/site-packages/traveler_msgs/msg/_traveler_mode.py\n'}
[0.299375] (traveler_msgs) StdoutLine: {'line': b'-- Up-to-date: /home/qianlab/single_turtle_workspace/install/traveler_msgs/lib/python3.8/site-packages/traveler_msgs/msg/_odrive_status_s.c\n'}
[0.299454] (traveler_msgs) StdoutLine: {'line': b'-- Up-to-date: /home/qianlab/single_turtle_workspace/install/traveler_msgs/lib/python3.8/site-packages/traveler_msgs/msg/_traveler_mode_s.c\n'}
[0.299523] (traveler_msgs) StdoutLine: {'line': b'-- Up-to-date: /home/qianlab/single_turtle_workspace/install/traveler_msgs/lib/python3.8/site-packages/traveler_msgs/msg/_traveler_status.py\n'}
[0.299588] (traveler_msgs) StdoutLine: {'line': b'-- Up-to-date: /home/qianlab/single_turtle_workspace/install/traveler_msgs/lib/python3.8/site-packages/traveler_msgs/msg/_set_input_position.py\n'}
[0.299653] (traveler_msgs) StdoutLine: {'line': b'-- Up-to-date: /home/qianlab/single_turtle_workspace/install/traveler_msgs/lib/python3.8/site-packages/traveler_msgs/msg/_odrive_status.py\n'}
[0.299727] (traveler_msgs) StdoutLine: {'line': b'-- Up-to-date: /home/qianlab/single_turtle_workspace/install/traveler_msgs/lib/python3.8/site-packages/traveler_msgs/msg/_traveler_config_s.c\n'}
[0.299791] (traveler_msgs) StdoutLine: {'line': b'-- Up-to-date: /home/qianlab/single_turtle_workspace/install/traveler_msgs/lib/python3.8/site-packages/traveler_msgs/msg/_set_state_s.c\n'}
[0.299855] (traveler_msgs) StdoutLine: {'line': b'-- Up-to-date: /home/qianlab/single_turtle_workspace/install/traveler_msgs/lib/python3.8/site-packages/traveler_msgs/msg/_traveler_status_s.c\n'}
[0.299919] (traveler_msgs) StdoutLine: {'line': b'-- Up-to-date: /home/qianlab/single_turtle_workspace/install/traveler_msgs/lib/python3.8/site-packages/traveler_msgs/msg/_traveler_config.py\n'}
[0.299980] (-) TimerEvent: {}
[0.300123] (traveler_msgs) StdoutLine: {'line': b'-- Up-to-date: /home/qianlab/single_turtle_workspace/install/traveler_msgs/lib/python3.8/site-packages/traveler_msgs/msg/_set_state.py\n'}
[0.300206] (traveler_msgs) StdoutLine: {'line': b'-- Up-to-date: /home/qianlab/single_turtle_workspace/install/traveler_msgs/lib/python3.8/site-packages/traveler_msgs/msg/__init__.py\n'}
[0.300271] (traveler_msgs) StdoutLine: {'line': b'-- Up-to-date: /home/qianlab/single_turtle_workspace/install/traveler_msgs/lib/python3.8/site-packages/traveler_msgs/traveler_msgs_s__rosidl_typesupport_fastrtps_c.cpython-38-x86_64-linux-gnu.so\n'}
[0.300335] (traveler_msgs) StdoutLine: {'line': b'-- Up-to-date: /home/qianlab/single_turtle_workspace/install/traveler_msgs/lib/python3.8/site-packages/traveler_msgs/traveler_msgs_s__rosidl_typesupport_introspection_c.cpython-38-x86_64-linux-gnu.so\n'}
[0.300629] (traveler_msgs) StdoutLine: {'line': b'-- Up-to-date: /home/qianlab/single_turtle_workspace/install/traveler_msgs/lib/python3.8/site-packages/traveler_msgs/traveler_msgs_s__rosidl_typesupport_c.cpython-38-x86_64-linux-gnu.so\n'}
[0.301031] (traveler_msgs) StdoutLine: {'line': b'-- Up-to-date: /home/qianlab/single_turtle_workspace/install/traveler_msgs/lib/libtraveler_msgs__python.so\n'}
[0.301146] (traveler_msgs) StdoutLine: {'line': b'-- Up-to-date: /home/qianlab/single_turtle_workspace/install/traveler_msgs/share/traveler_msgs/msg/OdriveStatus.idl\n'}
[0.301234] (traveler_msgs) StdoutLine: {'line': b'-- Up-to-date: /home/qianlab/single_turtle_workspace/install/traveler_msgs/share/traveler_msgs/msg/TravelerConfig.idl\n'}
[0.301321] (traveler_msgs) StdoutLine: {'line': b'-- Up-to-date: /home/qianlab/single_turtle_workspace/install/traveler_msgs/share/traveler_msgs/msg/TravelerMode.idl\n'}
[0.301405] (traveler_msgs) StdoutLine: {'line': b'-- Up-to-date: /home/qianlab/single_turtle_workspace/install/traveler_msgs/share/traveler_msgs/msg/TravelerStatus.idl\n'}
[0.301489] (traveler_msgs) StdoutLine: {'line': b'-- Up-to-date: /home/qianlab/single_turtle_workspace/install/traveler_msgs/share/traveler_msgs/msg/SetState.idl\n'}
[0.301571] (traveler_msgs) StdoutLine: {'line': b'-- Up-to-date: /home/qianlab/single_turtle_workspace/install/traveler_msgs/share/traveler_msgs/msg/SetInputPosition.idl\n'}
[0.301660] (traveler_msgs) StdoutLine: {'line': b'-- Up-to-date: /home/qianlab/single_turtle_workspace/install/traveler_msgs/share/traveler_msgs/msg/OdriveStatus.msg\n'}
[0.301726] (traveler_msgs) StdoutLine: {'line': b'-- Up-to-date: /home/qianlab/single_turtle_workspace/install/traveler_msgs/share/traveler_msgs/msg/TravelerConfig.msg\n'}
[0.301791] (traveler_msgs) StdoutLine: {'line': b'-- Up-to-date: /home/qianlab/single_turtle_workspace/install/traveler_msgs/share/traveler_msgs/msg/TravelerMode.msg\n'}
[0.301862] (traveler_msgs) StdoutLine: {'line': b'-- Up-to-date: /home/qianlab/single_turtle_workspace/install/traveler_msgs/share/traveler_msgs/msg/TravelerStatus.msg\n'}
[0.301928] (traveler_msgs) StdoutLine: {'line': b'-- Up-to-date: /home/qianlab/single_turtle_workspace/install/traveler_msgs/share/traveler_msgs/odrivemsg/SetState.msg\n'}
[0.302074] (traveler_msgs) StdoutLine: {'line': b'-- Up-to-date: /home/qianlab/single_turtle_workspace/install/traveler_msgs/share/traveler_msgs/odrivemsg/SetInputPosition.msg\n'}
[0.302179] (traveler_msgs) StdoutLine: {'line': b'-- Up-to-date: /home/qianlab/single_turtle_workspace/install/traveler_msgs/share/ament_index/resource_index/package_run_dependencies/traveler_msgs\n'}
[0.302270] (traveler_msgs) StdoutLine: {'line': b'-- Up-to-date: /home/qianlab/single_turtle_workspace/install/traveler_msgs/share/ament_index/resource_index/parent_prefix_path/traveler_msgs\n'}
[0.302341] (traveler_msgs) StdoutLine: {'line': b'-- Up-to-date: /home/qianlab/single_turtle_workspace/install/traveler_msgs/share/traveler_msgs/environment/ament_prefix_path.sh\n'}
[0.302407] (traveler_msgs) StdoutLine: {'line': b'-- Up-to-date: /home/qianlab/single_turtle_workspace/install/traveler_msgs/share/traveler_msgs/environment/ament_prefix_path.dsv\n'}
[0.302500] (traveler_msgs) StdoutLine: {'line': b'-- Up-to-date: /home/qianlab/single_turtle_workspace/install/traveler_msgs/share/traveler_msgs/environment/path.sh\n'}
[0.302566] (traveler_msgs) StdoutLine: {'line': b'-- Up-to-date: /home/qianlab/single_turtle_workspace/install/traveler_msgs/share/traveler_msgs/environment/path.dsv\n'}
[0.302631] (traveler_msgs) StdoutLine: {'line': b'-- Up-to-date: /home/qianlab/single_turtle_workspace/install/traveler_msgs/share/traveler_msgs/local_setup.bash\n'}
[0.302716] (traveler_msgs) StdoutLine: {'line': b'-- Up-to-date: /home/qianlab/single_turtle_workspace/install/traveler_msgs/share/traveler_msgs/local_setup.sh\n'}
[0.302780] (traveler_msgs) StdoutLine: {'line': b'-- Up-to-date: /home/qianlab/single_turtle_workspace/install/traveler_msgs/share/traveler_msgs/local_setup.zsh\n'}
[0.302843] (traveler_msgs) StdoutLine: {'line': b'-- Up-to-date: /home/qianlab/single_turtle_workspace/install/traveler_msgs/share/traveler_msgs/local_setup.dsv\n'}
[0.302931] (traveler_msgs) StdoutLine: {'line': b'-- Installing: /home/qianlab/single_turtle_workspace/install/traveler_msgs/share/traveler_msgs/package.dsv\n'}
[0.302998] (traveler_msgs) StdoutLine: {'line': b'-- Up-to-date: /home/qianlab/single_turtle_workspace/install/traveler_msgs/share/ament_index/resource_index/packages/traveler_msgs\n'}
[0.303074] (traveler_msgs) StdoutLine: {'line': b'-- Up-to-date: /home/qianlab/single_turtle_workspace/install/traveler_msgs/share/traveler_msgs/cmake/traveler_msgs__rosidl_generator_cExport.cmake\n'}
[0.303138] (traveler_msgs) StdoutLine: {'line': b'-- Up-to-date: /home/qianlab/single_turtle_workspace/install/traveler_msgs/share/traveler_msgs/cmake/traveler_msgs__rosidl_generator_cExport-noconfig.cmake\n'}
[0.303216] (traveler_msgs) StdoutLine: {'line': b'-- Up-to-date: /home/qianlab/single_turtle_workspace/install/traveler_msgs/share/traveler_msgs/cmake/traveler_msgs__rosidl_typesupport_introspection_cExport.cmake\n'}
[0.303302] (traveler_msgs) StdoutLine: {'line': b'-- Up-to-date: /home/qianlab/single_turtle_workspace/install/traveler_msgs/share/traveler_msgs/cmake/traveler_msgs__rosidl_typesupport_introspection_cExport-noconfig.cmake\n'}
[0.303368] (traveler_msgs) StdoutLine: {'line': b'-- Up-to-date: /home/qianlab/single_turtle_workspace/install/traveler_msgs/share/traveler_msgs/cmake/traveler_msgs__rosidl_typesupport_cExport.cmake\n'}
[0.303447] (traveler_msgs) StdoutLine: {'line': b'-- Up-to-date: /home/qianlab/single_turtle_workspace/install/traveler_msgs/share/traveler_msgs/cmake/traveler_msgs__rosidl_typesupport_cExport-noconfig.cmake\n'}
[0.303540] (traveler_msgs) StdoutLine: {'line': b'-- Up-to-date: /home/qianlab/single_turtle_workspace/install/traveler_msgs/share/traveler_msgs/cmake/traveler_msgs__rosidl_generator_cppExport.cmake\n'}
[0.303613] (traveler_msgs) StdoutLine: {'line': b'-- Up-to-date: /home/qianlab/single_turtle_workspace/install/traveler_msgs/share/traveler_msgs/cmake/traveler_msgs__rosidl_typesupport_introspection_cppExport.cmake\n'}
[0.303681] (traveler_msgs) StdoutLine: {'line': b'-- Up-to-date: /home/qianlab/single_turtle_workspace/install/traveler_msgs/share/traveler_msgs/cmake/traveler_msgs__rosidl_typesupport_introspection_cppExport-noconfig.cmake\n'}
[0.303752] (traveler_msgs) StdoutLine: {'line': b'-- Up-to-date: /home/qianlab/single_turtle_workspace/install/traveler_msgs/share/traveler_msgs/cmake/traveler_msgs__rosidl_typesupport_cppExport.cmake\n'}
[0.303818] (traveler_msgs) StdoutLine: {'line': b'-- Up-to-date: /home/qianlab/single_turtle_workspace/install/traveler_msgs/share/traveler_msgs/cmake/traveler_msgs__rosidl_typesupport_cppExport-noconfig.cmake\n'}
[0.303957] (traveler_msgs) StdoutLine: {'line': b'-- Up-to-date: /home/qianlab/single_turtle_workspace/install/traveler_msgs/share/traveler_msgs/cmake/rosidl_cmake-extras.cmake\n'}
[0.304021] (traveler_msgs) StdoutLine: {'line': b'-- Up-to-date: /home/qianlab/single_turtle_workspace/install/traveler_msgs/share/traveler_msgs/cmake/ament_cmake_export_dependencies-extras.cmake\n'}
[0.304089] (traveler_msgs) StdoutLine: {'line': b'-- Up-to-date: /home/qianlab/single_turtle_workspace/install/traveler_msgs/share/traveler_msgs/cmake/ament_cmake_export_libraries-extras.cmake\n'}
[0.304153] (traveler_msgs) StdoutLine: {'line': b'-- Up-to-date: /home/qianlab/single_turtle_workspace/install/traveler_msgs/share/traveler_msgs/cmake/ament_cmake_export_targets-extras.cmake\n'}
[0.304217] (traveler_msgs) StdoutLine: {'line': b'-- Up-to-date: /home/qianlab/single_turtle_workspace/install/traveler_msgs/share/traveler_msgs/cmake/ament_cmake_export_include_directories-extras.cmake\n'}
[0.304281] (traveler_msgs) StdoutLine: {'line': b'-- Up-to-date: /home/qianlab/single_turtle_workspace/install/traveler_msgs/share/traveler_msgs/cmake/rosidl_cmake_export_typesupport_libraries-extras.cmake\n'}
[0.304346] (traveler_msgs) StdoutLine: {'line': b'-- Up-to-date: /home/qianlab/single_turtle_workspace/install/traveler_msgs/share/traveler_msgs/cmake/rosidl_cmake_export_typesupport_targets-extras.cmake\n'}
[0.304411] (traveler_msgs) StdoutLine: {'line': b'-- Up-to-date: /home/qianlab/single_turtle_workspace/install/traveler_msgs/share/traveler_msgs/cmake/traveler_msgsConfig.cmake\n'}
[0.304475] (traveler_msgs) StdoutLine: {'line': b'-- Up-to-date: /home/qianlab/single_turtle_workspace/install/traveler_msgs/share/traveler_msgs/cmake/traveler_msgsConfig-version.cmake\n'}
[0.304543] (traveler_msgs) StdoutLine: {'line': b'-- Up-to-date: /home/qianlab/single_turtle_workspace/install/traveler_msgs/share/traveler_msgs/package.xml\n'}
[0.305516] (traveler_msgs) CommandEnded: {'returncode': 0}
[0.395561] (traveler_msgs) JobEnded: {'identifier': 'traveler_msgs', 'rc': 0}
[0.396191] (turtle_high_controller) JobStarted: {'identifier': 'turtle_high_controller'}
[0.400089] (-) TimerEvent: {}
[0.401151] (turtle_high_controller) JobProgress: {'identifier': 'turtle_high_controller', 'progress': 'cmake'}
[0.401569] (turtle_high_controller) JobProgress: {'identifier': 'turtle_high_controller', 'progress': 'build'}
[0.402698] (turtle_high_controller) Command: {'cmd': ['/usr/bin/cmake', '--build', '/home/qianlab/single_turtle_workspace/build/turtle_high_controller', '--', '-j12', '-l12'], 'cwd': '/home/qianlab/single_turtle_workspace/build/turtle_high_controller', 'env': OrderedDict([('GJS_DEBUG_TOPICS', 'JS ERROR;JS LOG'), ('LESSOPEN', '| /usr/bin/lesspipe %s'), ('USER', 'qianlab'), ('SSH_AGENT_PID', '2033'), ('XDG_SESSION_TYPE', 'x11'), ('GIT_ASKPASS', '/usr/share/code/resources/app/extensions/git/dist/askpass.sh'), ('SHLVL', '1'), ('LD_LIBRARY_PATH', '/home/qianlab/single_turtle_workspace/install/traveler_msgs/lib:/home/qianlab/lassie-traveler/dependencies/install/traveler_msgs/lib:/opt/ros/foxy/opt/yaml_cpp_vendor/lib:/opt/ros/foxy/opt/rviz_ogre_vendor/lib:/opt/ros/foxy/lib/x86_64-linux-gnu:/opt/ros/foxy/lib'), ('HOME', '/home/qianlab'), ('CHROME_DESKTOP', 'code.desktop'), ('CONDA_SHLVL', '0'), ('TERM_PROGRAM_VERSION', '1.100.3'), ('DESKTOP_SESSION', 'ubuntu'), ('NVM_BIN', '/home/qianlab/.nvm/versions/node/v12.18.3/bin'), ('NVM_INC', '/home/qianlab/.nvm/versions/node/v12.18.3/include/node'), ('GIO_LAUNCHED_DESKTOP_FILE', '/usr/share/applications/code.desktop'), ('ROS_PYTHON_VERSION', '3'), ('GNOME_SHELL_SESSION_MODE', 'ubuntu'), ('GTK_MODULES', 'gail:atk-bridge'), ('VSCODE_GIT_ASKPASS_MAIN', '/usr/share/code/resources/app/extensions/git/dist/askpass-main.js'), ('VSCODE_GIT_ASKPASS_NODE', '/usr/share/code/code'), ('MANAGERPID', '1924'), ('DBUS_SESSION_BUS_ADDRESS', 'unix:path=/run/user/1000/bus'), ('COLORTERM', 'truecolor'), ('_CE_M', ''), ('GIO_LAUNCHED_DESKTOP_FILE_PID', '471252'), ('NVM_DIR', '/home/qianlab/.nvm'), ('MANDATORY_PATH', '/usr/share/gconf/ubuntu.mandatory.path'), ('IM_CONFIG_PHASE', '1'), ('COLCON_PREFIX_PATH', '/home/qianlab/lassie-traveler/dependencies/install'), ('ROS_DISTRO', 'foxy'), ('LOGNAME', 'qianlab'), ('JOURNAL_STREAM', '8:56505'), ('_', '/usr/bin/colcon'), ('ROS_VERSION', '2'), ('XDG_SESSION_CLASS', 'user'), ('DEFAULTS_PATH', '/usr/share/gconf/ubuntu.default.path'), ('USERNAME', 'qianlab'), ('TERM', 'xterm-256color'), ('GNOME_DESKTOP_SESSION_ID', 'this-is-deprecated'), ('_CE_CONDA', ''), ('ROS_LOCALHOST_ONLY', '0'), ('WINDOWPATH', '2'), ('PATH', '/home/qianlab/ghost_robotics/arm_toolchain/bin:/home/qianlab/.local/bin:/home/qianlab/ghost_robotics/arm_toolchain/bin:/home/qianlab/miniconda3/condabin:/home/qianlab/.nvm/versions/node/v12.18.3/bin:/opt/ros/foxy/bin:/home/qianlab/.local/bin:/usr/local/sbin:/usr/local/bin:/usr/sbin:/usr/bin:/sbin:/bin:/usr/games:/usr/local/games:/snap/bin'), ('SESSION_MANAGER', 'local/qianlab-Yoga-7-14IAL7:@/tmp/.ICE-unix/2071,unix/qianlab-Yoga-7-14IAL7:/tmp/.ICE-unix/2071'), ('INVOCATION_ID', 'ada520d1c1f94e228d33304f77e601b8'), ('XDG_MENU_PREFIX', 'gnome-'), ('XDG_RUNTIME_DIR', '/run/user/1000'), ('GDK_BACKEND', 'x11'), ('DISPLAY', ':0'), ('LANG', 'en_US.UTF-8'), ('XDG_CURRENT_DESKTOP', 'Unity'), ('XMODIFIERS', '@im=ibus'), ('XDG_SESSION_DESKTOP', 'ubuntu'), ('XAUTHORITY', '/run/user/1000/gdm/Xauthority'), ('LS_COLORS', 'rs=0:di=01;34:ln=01;36:mh=00:pi=40;33:so=01;35:do=01;35:bd=40;33;01:cd=40;33;01:or=40;31;01:mi=00:su=37;41:sg=30;43:ca=30;41:tw=30;42:ow=34;42:st=37;44:ex=01;32:*.tar=01;31:*.tgz=01;31:*.arc=01;31:*.arj=01;31:*.taz=01;31:*.lha=01;31:*.lz4=01;31:*.lzh=01;31:*.lzma=01;31:*.tlz=01;31:*.txz=01;31:*.tzo=01;31:*.t7z=01;31:*.zip=01;31:*.z=01;31:*.dz=01;31:*.gz=01;31:*.lrz=01;31:*.lz=01;31:*.lzo=01;31:*.xz=01;31:*.zst=01;31:*.tzst=01;31:*.bz2=01;31:*.bz=01;31:*.tbz=01;31:*.tbz2=01;31:*.tz=01;31:*.deb=01;31:*.rpm=01;31:*.jar=01;31:*.war=01;31:*.ear=01;31:*.sar=01;31:*.rar=01;31:*.alz=01;31:*.ace=01;31:*.zoo=01;31:*.cpio=01;31:*.7z=01;31:*.rz=01;31:*.cab=01;31:*.wim=01;31:*.swm=01;31:*.dwm=01;31:*.esd=01;31:*.jpg=01;35:*.jpeg=01;35:*.mjpg=01;35:*.mjpeg=01;35:*.gif=01;35:*.bmp=01;35:*.pbm=01;35:*.pgm=01;35:*.ppm=01;35:*.tga=01;35:*.xbm=01;35:*.xpm=01;35:*.tif=01;35:*.tiff=01;35:*.png=01;35:*.svg=01;35:*.svgz=01;35:*.mng=01;35:*.pcx=01;35:*.mov=01;35:*.mpg=01;35:*.mpeg=01;35:*.m2v=01;35:*.mkv=01;35:*.webm=01;35:*.ogm=01;35:*.mp4=01;35:*.m4v=01;35:*.mp4v=01;35:*.vob=01;35:*.qt=01;35:*.nuv=01;35:*.wmv=01;35:*.asf=01;35:*.rm=01;35:*.rmvb=01;35:*.flc=01;35:*.avi=01;35:*.fli=01;35:*.flv=01;35:*.gl=01;35:*.dl=01;35:*.xcf=01;35:*.xwd=01;35:*.yuv=01;35:*.cgm=01;35:*.emf=01;35:*.ogv=01;35:*.ogx=01;35:*.aac=00;36:*.au=00;36:*.flac=00;36:*.m4a=00;36:*.mid=00;36:*.midi=00;36:*.mka=00;36:*.mp3=00;36:*.mpc=00;36:*.ogg=00;36:*.ra=00;36:*.wav=00;36:*.oga=00;36:*.opus=00;36:*.spx=00;36:*.xspf=00;36:'), ('VSCODE_GIT_IPC_HANDLE', '/run/user/1000/vscode-git-66f982bc43.sock'), ('TERM_PROGRAM', 'vscode'), ('SSH_AUTH_SOCK', '/run/user/1000/keyring/ssh'), ('ROS_DOMAIN_ID', '2'), ('AMENT_PREFIX_PATH', '/home/qianlab/single_turtle_workspace/install/traveler_msgs:/home/qianlab/lassie-traveler/dependencies/install/traveler_high_controller:/home/qianlab/lassie-traveler/dependencies/install/traveler_msgs:/opt/ros/foxy'), ('CONDA_PYTHON_EXE', '/home/qianlab/miniconda3/bin/python'), ('ORIGINAL_XDG_CURRENT_DESKTOP', 'ubuntu:GNOME'), ('SHELL', '/bin/bash'), ('QT_ACCESSIBILITY', '1'), ('GDMSESSION', 'ubuntu'), ('LESSCLOSE', '/usr/bin/lesspipe %s %s'), ('GPG_AGENT_INFO', '/run/user/1000/gnupg/S.gpg-agent:0:1'), ('GJS_DEBUG_OUTPUT', 'stderr'), ('VSCODE_GIT_ASKPASS_EXTRA_ARGS', ''), ('QT_IM_MODULE', 'ibus'), ('PWD', '/home/qianlab/single_turtle_workspace/build/turtle_high_controller'), ('XDG_CONFIG_DIRS', '/etc/xdg/xdg-ubuntu:/etc/xdg'), ('CONDA_EXE', '/home/qianlab/miniconda3/bin/conda'), ('NVM_CD_FLAGS', ''), ('XDG_DATA_DIRS', '/usr/share/ubuntu:/usr/local/share/:/usr/share/:/var/lib/snapd/desktop'), ('PYTHONPATH', '/home/qianlab/single_turtle_workspace/install/traveler_msgs/lib/python3.8/site-packages:/home/qianlab/lassie-traveler/dependencies/install/traveler_msgs/lib/python3.8/site-packages:/opt/ros/foxy/lib/python3.8/site-packages'), ('CUSTOM_ENV_NAME', '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'), ('COLCON', '1'), ('CMAKE_PREFIX_PATH', '/home/qianlab/single_turtle_workspace/install/traveler_msgs:/home/qianlab/lassie-traveler/dependencies/install/traveler_high_controller:/home/qianlab/lassie-traveler/dependencies/install/traveler_msgs:/opt/ros/foxy')]), 'shell': False}
[0.438602] (turtle_high_controller) StdoutLine: {'line': b'\x1b[35m\x1b[1mScanning dependencies of target turtle_high_controller\x1b[0m\n'}
[0.457450] (turtle_high_controller) StdoutLine: {'line': b'[ 35%] Built target odrive_can_interface\n'}
[0.465042] (turtle_high_controller) StdoutLine: {'line': b'[ 42%] \x1b[32mBuilding CXX object CMakeFiles/turtle_high_controller.dir/src/controller/trajectories_parser.cpp.o\x1b[0m\n'}
[0.500218] (-) TimerEvent: {}
[0.600569] (-) TimerEvent: {}
[0.701033] (traveler_optitrack) Command: {'cmd': ['/usr/bin/python3', '-W', 'ignore:setup.py install is deprecated', '-W', 'ignore:easy_install command is deprecated', 'setup.py', 'egg_info', '--egg-base', '../../build/traveler_optitrack', 'build', '--build-base', '/home/qianlab/single_turtle_workspace/build/traveler_optitrack/build', 'install', '--record', '/home/qianlab/single_turtle_workspace/build/traveler_optitrack/install.log', '--install-scripts', '$base/lib/traveler_optitrack', '--single-version-externally-managed', 'install_data'], 'cwd': '/home/qianlab/single_turtle_workspace/highlevel/traveler_optitrack', 'env': {'GJS_DEBUG_TOPICS': 'JS ERROR;JS LOG', 'LESSOPEN': '| /usr/bin/lesspipe %s', 'USER': 'qianlab', 'SSH_AGENT_PID': '2033', 'XDG_SESSION_TYPE': 'x11', 'GIT_ASKPASS': '/usr/share/code/resources/app/extensions/git/dist/askpass.sh', 'SHLVL': '1', 'LD_LIBRARY_PATH': '/home/qianlab/lassie-traveler/dependencies/install/traveler_msgs/lib:/opt/ros/foxy/opt/yaml_cpp_vendor/lib:/opt/ros/foxy/opt/rviz_ogre_vendor/lib:/opt/ros/foxy/lib/x86_64-linux-gnu:/opt/ros/foxy/lib', 'HOME': '/home/qianlab', 'CHROME_DESKTOP': 'code.desktop', 'CONDA_SHLVL': '0', 'TERM_PROGRAM_VERSION': '1.100.3', 'DESKTOP_SESSION': 'ubuntu', 'NVM_BIN': '/home/qianlab/.nvm/versions/node/v12.18.3/bin', 'NVM_INC': '/home/qianlab/.nvm/versions/node/v12.18.3/include/node', 'GIO_LAUNCHED_DESKTOP_FILE': '/usr/share/applications/code.desktop', 'ROS_PYTHON_VERSION': '3', 'GNOME_SHELL_SESSION_MODE': 'ubuntu', 'GTK_MODULES': 'gail:atk-bridge', 'VSCODE_GIT_ASKPASS_MAIN': '/usr/share/code/resources/app/extensions/git/dist/askpass-main.js', 'VSCODE_GIT_ASKPASS_NODE': '/usr/share/code/code', 'MANAGERPID': '1924', 'DBUS_SESSION_BUS_ADDRESS': 'unix:path=/run/user/1000/bus', 'COLORTERM': 'truecolor', '_CE_M': '', 'GIO_LAUNCHED_DESKTOP_FILE_PID': '471252', 'NVM_DIR': '/home/qianlab/.nvm', 'MANDATORY_PATH': '/usr/share/gconf/ubuntu.mandatory.path', 'IM_CONFIG_PHASE': '1', 'COLCON_PREFIX_PATH': '/home/qianlab/lassie-traveler/dependencies/install', 'ROS_DISTRO': 'foxy', 'LOGNAME': 'qianlab', 'JOURNAL_STREAM': '8:56505', '_': '/usr/bin/colcon', 'ROS_VERSION': '2', 'XDG_SESSION_CLASS': 'user', 'DEFAULTS_PATH': '/usr/share/gconf/ubuntu.default.path', 'USERNAME': 'qianlab', 'TERM': 'xterm-256color', 'GNOME_DESKTOP_SESSION_ID': 'this-is-deprecated', '_CE_CONDA': '', 'ROS_LOCALHOST_ONLY': '0', 'WINDOWPATH': '2', 'PATH': '/home/qianlab/ghost_robotics/arm_toolchain/bin:/home/qianlab/.local/bin:/home/qianlab/ghost_robotics/arm_toolchain/bin:/home/qianlab/miniconda3/condabin:/home/qianlab/.nvm/versions/node/v12.18.3/bin:/opt/ros/foxy/bin:/home/qianlab/.local/bin:/usr/local/sbin:/usr/local/bin:/usr/sbin:/usr/bin:/sbin:/bin:/usr/games:/usr/local/games:/snap/bin', 'SESSION_MANAGER': 'local/qianlab-Yoga-7-14IAL7:@/tmp/.ICE-unix/2071,unix/qianlab-Yoga-7-14IAL7:/tmp/.ICE-unix/2071', 'INVOCATION_ID': 'ada520d1c1f94e228d33304f77e601b8', 'XDG_MENU_PREFIX': 'gnome-', 'XDG_RUNTIME_DIR': '/run/user/1000', 'GDK_BACKEND': 'x11', 'DISPLAY': ':0', 'LANG': 'en_US.UTF-8', 'XDG_CURRENT_DESKTOP': 'Unity', 'XMODIFIERS': '@im=ibus', 'XDG_SESSION_DESKTOP': 'ubuntu', 'XAUTHORITY': '/run/user/1000/gdm/Xauthority', 'LS_COLORS': 'rs=0:di=01;34:ln=01;36:mh=00:pi=40;33:so=01;35:do=01;35:bd=40;33;01:cd=40;33;01:or=40;31;01:mi=00:su=37;41:sg=30;43:ca=30;41:tw=30;42:ow=34;42:st=37;44:ex=01;32:*.tar=01;31:*.tgz=01;31:*.arc=01;31:*.arj=01;31:*.taz=01;31:*.lha=01;31:*.lz4=01;31:*.lzh=01;31:*.lzma=01;31:*.tlz=01;31:*.txz=01;31:*.tzo=01;31:*.t7z=01;31:*.zip=01;31:*.z=01;31:*.dz=01;31:*.gz=01;31:*.lrz=01;31:*.lz=01;31:*.lzo=01;31:*.xz=01;31:*.zst=01;31:*.tzst=01;31:*.bz2=01;31:*.bz=01;31:*.tbz=01;31:*.tbz2=01;31:*.tz=01;31:*.deb=01;31:*.rpm=01;31:*.jar=01;31:*.war=01;31:*.ear=01;31:*.sar=01;31:*.rar=01;31:*.alz=01;31:*.ace=01;31:*.zoo=01;31:*.cpio=01;31:*.7z=01;31:*.rz=01;31:*.cab=01;31:*.wim=01;31:*.swm=01;31:*.dwm=01;31:*.esd=01;31:*.jpg=01;35:*.jpeg=01;35:*.mjpg=01;35:*.mjpeg=01;35:*.gif=01;35:*.bmp=01;35:*.pbm=01;35:*.pgm=01;35:*.ppm=01;35:*.tga=01;35:*.xbm=01;35:*.xpm=01;35:*.tif=01;35:*.tiff=01;35:*.png=01;35:*.svg=01;35:*.svgz=01;35:*.mng=01;35:*.pcx=01;35:*.mov=01;35:*.mpg=01;35:*.mpeg=01;35:*.m2v=01;35:*.mkv=01;35:*.webm=01;35:*.ogm=01;35:*.mp4=01;35:*.m4v=01;35:*.mp4v=01;35:*.vob=01;35:*.qt=01;35:*.nuv=01;35:*.wmv=01;35:*.asf=01;35:*.rm=01;35:*.rmvb=01;35:*.flc=01;35:*.avi=01;35:*.fli=01;35:*.flv=01;35:*.gl=01;35:*.dl=01;35:*.xcf=01;35:*.xwd=01;35:*.yuv=01;35:*.cgm=01;35:*.emf=01;35:*.ogv=01;35:*.ogx=01;35:*.aac=00;36:*.au=00;36:*.flac=00;36:*.m4a=00;36:*.mid=00;36:*.midi=00;36:*.mka=00;36:*.mp3=00;36:*.mpc=00;36:*.ogg=00;36:*.ra=00;36:*.wav=00;36:*.oga=00;36:*.opus=00;36:*.spx=00;36:*.xspf=00;36:', 'VSCODE_GIT_IPC_HANDLE': '/run/user/1000/vscode-git-66f982bc43.sock', 'TERM_PROGRAM': 'vscode', 'SSH_AUTH_SOCK': '/run/user/1000/keyring/ssh', 'ROS_DOMAIN_ID': '2', 'AMENT_PREFIX_PATH': '/home/qianlab/lassie-traveler/dependencies/install/traveler_high_controller:/home/qianlab/lassie-traveler/dependencies/install/traveler_msgs:/opt/ros/foxy', 'CONDA_PYTHON_EXE': '/home/qianlab/miniconda3/bin/python', 'ORIGINAL_XDG_CURRENT_DESKTOP': 'ubuntu:GNOME', 'SHELL': '/bin/bash', 'QT_ACCESSIBILITY': '1', 'GDMSESSION': 'ubuntu', 'LESSCLOSE': '/usr/bin/lesspipe %s %s', 'GPG_AGENT_INFO': '/run/user/1000/gnupg/S.gpg-agent:0:1', 'GJS_DEBUG_OUTPUT': 'stderr', 'VSCODE_GIT_ASKPASS_EXTRA_ARGS': '', 'QT_IM_MODULE': 'ibus', 'PWD': '/home/qianlab/single_turtle_workspace/build/traveler_optitrack', 'XDG_CONFIG_DIRS': '/etc/xdg/xdg-ubuntu:/etc/xdg', 'CONDA_EXE': '/home/qianlab/miniconda3/bin/conda', 'NVM_CD_FLAGS': '', 'XDG_DATA_DIRS': '/usr/share/ubuntu:/usr/local/share/:/usr/share/:/var/lib/snapd/desktop', 'PYTHONPATH': '/home/qianlab/single_turtle_workspace/build/traveler_optitrack/prefix_override:/usr/lib/python3/dist-packages/colcon_core/task/python/colcon_distutils_commands:/home/qianlab/single_turtle_workspace/install/traveler_optitrack/lib/python3.8/site-packages:/home/qianlab/lassie-traveler/dependencies/install/traveler_msgs/lib/python3.8/site-packages:/opt/ros/foxy/lib/python3.8/site-packages', 'CUSTOM_ENV_NAME': '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', 'COLCON': '1', 'CMAKE_PREFIX_PATH': '/home/qianlab/lassie-traveler/dependencies/install/traveler_high_controller:/home/qianlab/lassie-traveler/dependencies/install/traveler_msgs'}, 'shell': False}
[0.703321] (-) TimerEvent: {}
[0.704416] (turtle_high_controller) StderrLine: {'line': b'\x1b[01m\x1b[K/home/qianlab/single_turtle_workspace/dependencies/traveler_controller/src/controller/trajectories_parser.cpp:18:14:\x1b[m\x1b[K \x1b[01;31m\x1b[Kerror: \x1b[m\x1b[Kno declaration matches \xe2\x80\x98\x1b[01m\x1b[Kvoid turtle_namespace::control::TrajectoriesParser::init()\x1b[m\x1b[K\xe2\x80\x99\n'}
[0.704634] (turtle_high_controller) StderrLine: {'line': b'   18 |         void \x1b[01;31m\x1b[KTrajectoriesParser\x1b[m\x1b[K::init() {\n'}
[0.704735] (turtle_high_controller) StderrLine: {'line': b'      |              \x1b[01;31m\x1b[K^~~~~~~~~~~~~~~~~~\x1b[m\x1b[K\n'}
[0.704816] (turtle_high_controller) StderrLine: {'line': b'\x1b[01m\x1b[K/home/qianlab/single_turtle_workspace/dependencies/traveler_controller/src/controller/trajectories_parser.cpp:18:14:\x1b[m\x1b[K \x1b[01;36m\x1b[Knote: \x1b[m\x1b[Kno functions named \xe2\x80\x98\x1b[01m\x1b[Kvoid turtle_namespace::control::TrajectoriesParser::init()\x1b[m\x1b[K\xe2\x80\x99\n'}
[0.704898] (turtle_high_controller) StderrLine: {'line': b'In file included from \x1b[01m\x1b[K/home/qianlab/single_turtle_workspace/dependencies/traveler_controller/src/controller/trajectories_parser.cpp:3\x1b[m\x1b[K:\n'}
[0.704980] (turtle_high_controller) StderrLine: {'line': b'\x1b[01m\x1b[K/home/qianlab/single_turtle_workspace/dependencies/traveler_controller/include/controller/trajectories_parser.h:13:7:\x1b[m\x1b[K \x1b[01;36m\x1b[Knote: \x1b[m\x1b[K\xe2\x80\x98\x1b[01m\x1b[Kclass turtle_namespace::control::TrajectoriesParser\x1b[m\x1b[K\xe2\x80\x99 defined here\n'}
[0.705059] (turtle_high_controller) StderrLine: {'line': b'   13 | class \x1b[01;36m\x1b[KTrajectoriesParser\x1b[m\x1b[K\n'}
[0.705134] (turtle_high_controller) StderrLine: {'line': b'      |       \x1b[01;36m\x1b[K^~~~~~~~~~~~~~~~~~\x1b[m\x1b[K\n'}
[0.705599] (turtle_high_controller) StderrLine: {'line': b'\x1b[01m\x1b[K/home/qianlab/single_turtle_workspace/dependencies/traveler_controller/src/controller/trajectories_parser.cpp:\x1b[m\x1b[K In member function \xe2\x80\x98\x1b[01m\x1b[Kbool turtle_namespace::control::TrajectoriesParser::waypointTrajectory(turtle&)\x1b[m\x1b[K\xe2\x80\x99:\n'}
[0.705731] (turtle_high_controller) StderrLine: {'line': b'\x1b[01m\x1b[K/home/qianlab/single_turtle_workspace/dependencies/traveler_controller/src/controller/trajectories_parser.cpp:28:17:\x1b[m\x1b[K \x1b[01;31m\x1b[Kerror: \x1b[m\x1b[K\xe2\x80\x98\x1b[01m\x1b[Kwaypoint_state_\x1b[m\x1b[K\xe2\x80\x99 was not declared in this scope; did you mean \xe2\x80\x98\x1b[01m\x1b[Kwaypoints_\x1b[m\x1b[K\xe2\x80\x99?\n'}
[0.705818] (turtle_high_controller) StderrLine: {'line': b'   28 |                 \x1b[01;31m\x1b[Kwaypoint_state_\x1b[m\x1b[K = 0;\n'}
[0.705896] (turtle_high_controller) StderrLine: {'line': b'      |                 \x1b[01;31m\x1b[K^~~~~~~~~~~~~~~\x1b[m\x1b[K\n'}
[0.705969] (turtle_high_controller) StderrLine: {'line': b'      |                 \x1b[32m\x1b[Kwaypoints_\x1b[m\x1b[K\n'}
[0.706742] (turtle_high_controller) StderrLine: {'line': b'\x1b[01m\x1b[K/home/qianlab/single_turtle_workspace/dependencies/traveler_controller/src/controller/trajectories_parser.cpp:29:17:\x1b[m\x1b[K \x1b[01;31m\x1b[Kerror: \x1b[m\x1b[K\xe2\x80\x98\x1b[01m\x1b[Kstate_flag_\x1b[m\x1b[K\xe2\x80\x99 was not declared in this scope\n'}
[0.706879] (turtle_high_controller) StderrLine: {'line': b'   29 |                 \x1b[01;31m\x1b[Kstate_flag_\x1b[m\x1b[K = 0;\n'}
[0.706956] (turtle_high_controller) StderrLine: {'line': b'      |                 \x1b[01;31m\x1b[K^~~~~~~~~~~\x1b[m\x1b[K\n'}
[0.707357] (turtle_high_controller) StderrLine: {'line': b'\x1b[01m\x1b[K/home/qianlab/single_turtle_workspace/dependencies/traveler_controller/src/controller/trajectories_parser.cpp:32:43:\x1b[m\x1b[K \x1b[01;31m\x1b[Kerror: \x1b[m\x1b[K\xe2\x80\x98\x1b[01m\x1b[KGT_pair\x1b[m\x1b[K\xe2\x80\x99 was not declared in this scope; did you mean \xe2\x80\x98\x1b[01m\x1b[KXY_pair\x1b[m\x1b[K\xe2\x80\x99?\n'}
[0.707485] (turtle_high_controller) StderrLine: {'line': b'   32 |                 prev_waypoint_ = Waypoint(\x1b[01;31m\x1b[KGT_pair\x1b[m\x1b[K(0.0f, 0.0f), 0.0f, 0.0f);\n'}
[0.707657] (turtle_high_controller) StderrLine: {'line': b'      |                                           \x1b[01;31m\x1b[K^~~~~~~\x1b[m\x1b[K\n'}
[0.707739] (turtle_high_controller) StderrLine: {'line': b'      |                                           \x1b[32m\x1b[KXY_pair\x1b[m\x1b[K\n'}
[0.707809] (turtle_high_controller) StderrLine: {'line': b'\x1b[01m\x1b[K/home/qianlab/single_turtle_workspace/dependencies/traveler_controller/src/controller/trajectories_parser.cpp:38:78:\x1b[m\x1b[K \x1b[01;31m\x1b[Kerror: \x1b[m\x1b[K\xe2\x80\x98\x1b[01m\x1b[Kstruct XY_pair\x1b[m\x1b[K\xe2\x80\x99 has no member named \xe2\x80\x98\x1b[01m\x1b[Kg\x1b[m\x1b[K\xe2\x80\x99\n'}
[0.707892] (turtle_high_controller) StderrLine: {'line': b'   38 |                 printf("Previous Waypoint :(%f, %f)\\n", prev_waypoint_.point.\x1b[01;31m\x1b[Kg\x1b[m\x1b[K, prev_waypoint_.point.t);\n'}
[0.707968] (turtle_high_controller) StderrLine: {'line': b'      |                                                                              \x1b[01;31m\x1b[K^\x1b[m\x1b[K\n'}
[0.708036] (turtle_high_controller) StderrLine: {'line': b'\x1b[01m\x1b[K/home/qianlab/single_turtle_workspace/dependencies/traveler_controller/src/controller/trajectories_parser.cpp:38:102:\x1b[m\x1b[K \x1b[01;31m\x1b[Kerror: \x1b[m\x1b[K\xe2\x80\x98\x1b[01m\x1b[Kstruct XY_pair\x1b[m\x1b[K\xe2\x80\x99 has no member named \xe2\x80\x98\x1b[01m\x1b[Kt\x1b[m\x1b[K\xe2\x80\x99\n'}
[0.708104] (turtle_high_controller) StderrLine: {'line': b'   38 |                 printf("Previous Waypoint :(%f, %f)\\n", prev_waypoint_.point.g, prev_waypoint_.point.\x1b[01;31m\x1b[Kt\x1b[m\x1b[K);\n'}
[0.708169] (turtle_high_controller) StderrLine: {'line': b'      |                                                                                                      \x1b[01;31m\x1b[K^\x1b[m\x1b[K\n'}
[0.708239] (turtle_high_controller) StderrLine: {'line': b'\x1b[01m\x1b[K/home/qianlab/single_turtle_workspace/dependencies/traveler_controller/src/controller/trajectories_parser.cpp:39:97:\x1b[m\x1b[K \x1b[01;31m\x1b[Kerror: \x1b[m\x1b[K\xe2\x80\x98\x1b[01m\x1b[Kstruct XY_pair\x1b[m\x1b[K\xe2\x80\x99 has no member named \xe2\x80\x98\x1b[01m\x1b[Kg\x1b[m\x1b[K\xe2\x80\x99\n'}
[0.708308] (turtle_high_controller) StderrLine: {'line': b'   39 |                 printf("Current Waypoint %d: (%f, %f)\\n", waypoint_index_, curr_waypoint_.point.\x1b[01;31m\x1b[Kg\x1b[m\x1b[K, curr_waypoint_.point.t);\n'}
[0.708381] (turtle_high_controller) StderrLine: {'line': b'      |                                                                                                 \x1b[01;31m\x1b[K^\x1b[m\x1b[K\n'}
[0.708453] (turtle_high_controller) StderrLine: {'line': b'\x1b[01m\x1b[K/home/qianlab/single_turtle_workspace/dependencies/traveler_controller/src/controller/trajectories_parser.cpp:39:121:\x1b[m\x1b[K \x1b[01;31m\x1b[Kerror: \x1b[m\x1b[K\xe2\x80\x98\x1b[01m\x1b[Kstruct XY_pair\x1b[m\x1b[K\xe2\x80\x99 has no member named \xe2\x80\x98\x1b[01m\x1b[Kt\x1b[m\x1b[K\xe2\x80\x99\n'}
[0.708521] (turtle_high_controller) StderrLine: {'line': b'   39 |                 printf("Current Waypoint %d: (%f, %f)\\n", waypoint_index_, curr_waypoint_.point.g, curr_waypoint_.point.\x1b[01;31m\x1b[Kt\x1b[m\x1b[K);\n'}
[0.708590] (turtle_high_controller) StderrLine: {'line': b'      |                                                                                                                         \x1b[01;31m\x1b[K^\x1b[m\x1b[K\n'}
[0.708832] (turtle_high_controller) StderrLine: {'line': b'\x1b[01m\x1b[K/home/qianlab/single_turtle_workspace/dependencies/traveler_controller/src/controller/trajectories_parser.cpp:49:21:\x1b[m\x1b[K \x1b[01;31m\x1b[Kerror: \x1b[m\x1b[K\xe2\x80\x98\x1b[01m\x1b[Kstate_flag_\x1b[m\x1b[K\xe2\x80\x99 was not declared in this scope\n'}
[0.708922] (turtle_high_controller) StderrLine: {'line': b'   49 |                     \x1b[01;31m\x1b[Kstate_flag_\x1b[m\x1b[K = waypoint_index_;\n'}
[0.708994] (turtle_high_controller) StderrLine: {'line': b'      |                     \x1b[01;31m\x1b[K^~~~~~~~~~~\x1b[m\x1b[K\n'}
[0.709062] (turtle_high_controller) StderrLine: {'line': b'\x1b[01m\x1b[K/home/qianlab/single_turtle_workspace/dependencies/traveler_controller/src/controller/trajectories_parser.cpp:53:101:\x1b[m\x1b[K \x1b[01;31m\x1b[Kerror: \x1b[m\x1b[K\xe2\x80\x98\x1b[01m\x1b[Kstruct XY_pair\x1b[m\x1b[K\xe2\x80\x99 has no member named \xe2\x80\x98\x1b[01m\x1b[Kg\x1b[m\x1b[K\xe2\x80\x99\n'}
[0.709138] (turtle_high_controller) StderrLine: {'line': b'   53 |                     printf("Current Waypoint %d: (%f, %f)\\n", waypoint_index_, curr_waypoint_.point.\x1b[01;31m\x1b[Kg\x1b[m\x1b[K, curr_waypoint_.point.t);\n'}
[0.709207] (turtle_high_controller) StderrLine: {'line': b'      |                                                                                                     \x1b[01;31m\x1b[K^\x1b[m\x1b[K\n'}
[0.709273] (turtle_high_controller) StderrLine: {'line': b'\x1b[01m\x1b[K/home/qianlab/single_turtle_workspace/dependencies/traveler_controller/src/controller/trajectories_parser.cpp:53:125:\x1b[m\x1b[K \x1b[01;31m\x1b[Kerror: \x1b[m\x1b[K\xe2\x80\x98\x1b[01m\x1b[Kstruct XY_pair\x1b[m\x1b[K\xe2\x80\x99 has no member named \xe2\x80\x98\x1b[01m\x1b[Kt\x1b[m\x1b[K\xe2\x80\x99\n'}
[0.709342] (turtle_high_controller) StderrLine: {'line': b'   53 |                     printf("Current Waypoint %d: (%f, %f)\\n", waypoint_index_, curr_waypoint_.point.g, curr_waypoint_.point.\x1b[01;31m\x1b[Kt\x1b[m\x1b[K);\n'}
[0.709416] (turtle_high_controller) StderrLine: {'line': b'      |                                                                                                                             \x1b[01;31m\x1b[K^\x1b[m\x1b[K\n'}
[0.709874] (turtle_high_controller) StderrLine: {'line': b'\x1b[01m\x1b[K/home/qianlab/single_turtle_workspace/dependencies/traveler_controller/src/controller/trajectories_parser.cpp:59:21:\x1b[m\x1b[K \x1b[01;31m\x1b[Kerror: \x1b[m\x1b[K\xe2\x80\x98\x1b[01m\x1b[Kstate_flag_\x1b[m\x1b[K\xe2\x80\x99 was not declared in this scope\n'}
[0.710061] (turtle_high_controller) StderrLine: {'line': b'   59 |                     \x1b[01;31m\x1b[Kstate_flag_\x1b[m\x1b[K = waypoint_index_;\n'}
[0.710136] (turtle_high_controller) StderrLine: {'line': b'      |                     \x1b[01;31m\x1b[K^~~~~~~~~~~\x1b[m\x1b[K\n'}
[0.710206] (turtle_high_controller) StderrLine: {'line': b'\x1b[01m\x1b[K/home/qianlab/single_turtle_workspace/dependencies/traveler_controller/src/controller/trajectories_parser.cpp:61:41:\x1b[m\x1b[K \x1b[01;35m\x1b[Kwarning: \x1b[m\x1b[Kcomparison of integer expressions of different signedness: \xe2\x80\x98\x1b[01m\x1b[Kint\x1b[m\x1b[K\xe2\x80\x99 and \xe2\x80\x98\x1b[01m\x1b[Kstd::vector<Waypoint>::size_type\x1b[m\x1b[K\xe2\x80\x99 {aka \xe2\x80\x98\x1b[01m\x1b[Klong unsigned int\x1b[m\x1b[K\xe2\x80\x99} [\x1b[01;35m\x1b[K-Wsign-compare\x1b[m\x1b[K]\n'}
[0.710276] (turtle_high_controller) StderrLine: {'line': b'   61 |                     if (\x1b[01;35m\x1b[Kwaypoint_index_ < waypoints_.size()\x1b[m\x1b[K) {\n'}
[0.710350] (turtle_high_controller) StderrLine: {'line': b'      |                         \x1b[01;35m\x1b[K~~~~~~~~~~~~~~~~^~~~~~~~~~~~~~~~~~~\x1b[m\x1b[K\n'}
[0.710415] (turtle_high_controller) StderrLine: {'line': b'\x1b[01m\x1b[K/home/qianlab/single_turtle_workspace/dependencies/traveler_controller/src/controller/trajectories_parser.cpp:64:105:\x1b[m\x1b[K \x1b[01;31m\x1b[Kerror: \x1b[m\x1b[K\xe2\x80\x98\x1b[01m\x1b[Kstruct XY_pair\x1b[m\x1b[K\xe2\x80\x99 has no member named \xe2\x80\x98\x1b[01m\x1b[Kg\x1b[m\x1b[K\xe2\x80\x99\n'}
[0.710490] (turtle_high_controller) StderrLine: {'line': b'   64 |                         printf("Current Waypoint %d: (%f, %f)\\n", waypoint_index_, curr_waypoint_.point.\x1b[01;31m\x1b[Kg\x1b[m\x1b[K, curr_waypoint_.point.t);\n'}
[0.710554] (turtle_high_controller) StderrLine: {'line': b'      |                                                                                                         \x1b[01;31m\x1b[K^\x1b[m\x1b[K\n'}
[0.710617] (turtle_high_controller) StderrLine: {'line': b'\x1b[01m\x1b[K/home/qianlab/single_turtle_workspace/dependencies/traveler_controller/src/controller/trajectories_parser.cpp:64:129:\x1b[m\x1b[K \x1b[01;31m\x1b[Kerror: \x1b[m\x1b[K\xe2\x80\x98\x1b[01m\x1b[Kstruct XY_pair\x1b[m\x1b[K\xe2\x80\x99 has no member named \xe2\x80\x98\x1b[01m\x1b[Kt\x1b[m\x1b[K\xe2\x80\x99\n'}
[0.710681] (turtle_high_controller) StderrLine: {'line': b'   64 |                         printf("Current Waypoint %d: (%f, %f)\\n", waypoint_index_, curr_waypoint_.point.g, curr_waypoint_.point.\x1b[01;31m\x1b[Kt\x1b[m\x1b[K);\n'}
[0.710748] (turtle_high_controller) StderrLine: {'line': b'      |                                                                                                                                 \x1b[01;31m\x1b[K^\x1b[m\x1b[K\n'}
[0.712188] (turtle_high_controller) StderrLine: {'line': b'\x1b[01m\x1b[K/home/qianlab/single_turtle_workspace/dependencies/traveler_controller/src/controller/trajectories_parser.cpp:\x1b[m\x1b[K In member function \xe2\x80\x98\x1b[01m\x1b[Kbool turtle_namespace::control::TrajectoriesParser::processWaypoint(turtle&)\x1b[m\x1b[K\xe2\x80\x99:\n'}
[0.712305] (turtle_high_controller) StderrLine: {'line': b'\x1b[01m\x1b[K/home/qianlab/single_turtle_workspace/dependencies/traveler_controller/src/controller/trajectories_parser.cpp:80:20:\x1b[m\x1b[K \x1b[01;31m\x1b[Kerror: \x1b[m\x1b[K\xe2\x80\x98\x1b[01m\x1b[Kwaypoint_state_\x1b[m\x1b[K\xe2\x80\x99 was not declared in this scope; did you mean \xe2\x80\x98\x1b[01m\x1b[Kwaypoints_\x1b[m\x1b[K\xe2\x80\x99?\n'}
[0.712382] (turtle_high_controller) StderrLine: {'line': b'   80 |             switch(\x1b[01;31m\x1b[Kwaypoint_state_\x1b[m\x1b[K) {\n'}
[0.712449] (turtle_high_controller) StderrLine: {'line': b'      |                    \x1b[01;31m\x1b[K^~~~~~~~~~~~~~~\x1b[m\x1b[K\n'}
[0.712513] (turtle_high_controller) StderrLine: {'line': b'      |                    \x1b[32m\x1b[Kwaypoints_\x1b[m\x1b[K\n'}
[0.712657] (turtle_high_controller) StderrLine: {'line': b'\x1b[01m\x1b[K/home/qianlab/single_turtle_workspace/dependencies/traveler_controller/src/controller/trajectories_parser.cpp:87:104:\x1b[m\x1b[K \x1b[01;31m\x1b[Kerror: \x1b[m\x1b[K\xe2\x80\x98\x1b[01m\x1b[Kgamma2\x1b[m\x1b[K\xe2\x80\x99 was not declared in this scope; did you mean \xe2\x80\x98\x1b[01m\x1b[Kgamma_\x1b[m\x1b[K\xe2\x80\x99?\n'}
[0.712758] (turtle_high_controller) StderrLine: {'line': b'   87 |                     if (linearTraj(t_, curr_waypoint_.vel, prev_waypoint_.point, curr_waypoint_.point, \x1b[01;31m\x1b[Kgamma2\x1b[m\x1b[K, theta2))\n'}
[0.712832] (turtle_high_controller) StderrLine: {'line': b'      |                                                                                                        \x1b[01;31m\x1b[K^~~~~~\x1b[m\x1b[K\n'}
[0.712900] (turtle_high_controller) StderrLine: {'line': b'      |                                                                                                        \x1b[32m\x1b[Kgamma_\x1b[m\x1b[K\n'}
[0.713035] (turtle_high_controller) StderrLine: {'line': b'\x1b[01m\x1b[K/home/qianlab/single_turtle_workspace/dependencies/traveler_controller/src/controller/trajectories_parser.cpp:87:112:\x1b[m\x1b[K \x1b[01;31m\x1b[Kerror: \x1b[m\x1b[K\xe2\x80\x98\x1b[01m\x1b[Ktheta2\x1b[m\x1b[K\xe2\x80\x99 was not declared in this scope; did you mean \xe2\x80\x98\x1b[01m\x1b[Ktheta_\x1b[m\x1b[K\xe2\x80\x99?\n'}
[0.713131] (turtle_high_controller) StderrLine: {'line': b'   87 |                     if (linearTraj(t_, curr_waypoint_.vel, prev_waypoint_.point, curr_waypoint_.point, gamma2, \x1b[01;31m\x1b[Ktheta2\x1b[m\x1b[K))\n'}
[0.713202] (turtle_high_controller) StderrLine: {'line': b'      |                                                                                                                \x1b[01;31m\x1b[K^~~~~~\x1b[m\x1b[K\n'}
[0.713270] (turtle_high_controller) StderrLine: {'line': b'      |                                                                                                                \x1b[32m\x1b[Ktheta_\x1b[m\x1b[K\n'}
[0.713373] (turtle_high_controller) StderrLine: {'line': b'\x1b[01m\x1b[K/home/qianlab/single_turtle_workspace/dependencies/traveler_controller/src/controller/trajectories_parser.cpp:95:102:\x1b[m\x1b[K \x1b[01;31m\x1b[Kerror: \x1b[m\x1b[K\xe2\x80\x98\x1b[01m\x1b[Kgamma2\x1b[m\x1b[K\xe2\x80\x99 was not declared in this scope; did you mean \xe2\x80\x98\x1b[01m\x1b[Kgamma_\x1b[m\x1b[K\xe2\x80\x99?\n'}
[0.713444] (turtle_high_controller) StderrLine: {'line': b'   95 |                     turtle.turtle_control.right_adduction.set_input_position_radian.input_position = \x1b[01;31m\x1b[Kgamma2\x1b[m\x1b[K;\n'}
[0.713518] (turtle_high_controller) StderrLine: {'line': b'      |                                                                                                      \x1b[01;31m\x1b[K^~~~~~\x1b[m\x1b[K\n'}
[0.713583] (turtle_high_controller) StderrLine: {'line': b'      |                                                                                                      \x1b[32m\x1b[Kgamma_\x1b[m\x1b[K\n'}
[0.713709] (turtle_high_controller) StderrLine: {'line': b'\x1b[01m\x1b[K/home/qianlab/single_turtle_workspace/dependencies/traveler_controller/src/controller/trajectories_parser.cpp:96:101:\x1b[m\x1b[K \x1b[01;31m\x1b[Kerror: \x1b[m\x1b[K\xe2\x80\x98\x1b[01m\x1b[Ktheta2\x1b[m\x1b[K\xe2\x80\x99 was not declared in this scope; did you mean \xe2\x80\x98\x1b[01m\x1b[Ktheta_\x1b[m\x1b[K\xe2\x80\x99?\n'}
[0.713781] (turtle_high_controller) StderrLine: {'line': b'   96 |                     turtle.turtle_control.right_sweeping.set_input_position_radian.input_position = \x1b[01;31m\x1b[Ktheta2\x1b[m\x1b[K;\n'}
[0.713849] (turtle_high_controller) StderrLine: {'line': b'      |                                                                                                     \x1b[01;31m\x1b[K^~~~~~\x1b[m\x1b[K\n'}
[0.713976] (turtle_high_controller) StderrLine: {'line': b'      |                                                                                                     \x1b[32m\x1b[Ktheta_\x1b[m\x1b[K\n'}
[0.714131] (turtle_high_controller) StderrLine: {'line': b'\x1b[01m\x1b[K/home/qianlab/single_turtle_workspace/dependencies/traveler_controller/src/controller/trajectories_parser.cpp:\x1b[m\x1b[K In member function \xe2\x80\x98\x1b[01m\x1b[Kvoid turtle_namespace::control::TrajectoriesParser::generateWaypoints(turtle&)\x1b[m\x1b[K\xe2\x80\x99:\n'}
[0.714203] (turtle_high_controller) StderrLine: {'line': b'\x1b[01m\x1b[K/home/qianlab/single_turtle_workspace/dependencies/traveler_controller/src/controller/trajectories_parser.cpp:118:44:\x1b[m\x1b[K \x1b[01;31m\x1b[Kerror: \x1b[m\x1b[K\xe2\x80\x98\x1b[01m\x1b[Kstruct TrajectoryData\x1b[m\x1b[K\xe2\x80\x99 has no member named \xe2\x80\x98\x1b[01m\x1b[Kwaypoints_g\x1b[m\x1b[K\xe2\x80\x99; did you mean \xe2\x80\x98\x1b[01m\x1b[Kwaypoints_x\x1b[m\x1b[K\xe2\x80\x99?\n'}
[0.714272] (turtle_high_controller) StderrLine: {'line': b'  118 |                 float g = turtle.traj_data.\x1b[01;31m\x1b[Kwaypoints_g\x1b[m\x1b[K[i];\n'}
[0.714335] (turtle_high_controller) StderrLine: {'line': b'      |                                            \x1b[01;31m\x1b[K^~~~~~~~~~~\x1b[m\x1b[K\n'}
[0.714400] (turtle_high_controller) StderrLine: {'line': b'      |                                            \x1b[32m\x1b[Kwaypoints_x\x1b[m\x1b[K\n'}
[0.714470] (turtle_high_controller) StderrLine: {'line': b'\x1b[01m\x1b[K/home/qianlab/single_turtle_workspace/dependencies/traveler_controller/src/controller/trajectories_parser.cpp:119:44:\x1b[m\x1b[K \x1b[01;31m\x1b[Kerror: \x1b[m\x1b[K\xe2\x80\x98\x1b[01m\x1b[Kstruct TrajectoryData\x1b[m\x1b[K\xe2\x80\x99 has no member named \xe2\x80\x98\x1b[01m\x1b[Kwaypoints_t\x1b[m\x1b[K\xe2\x80\x99; did you mean \xe2\x80\x98\x1b[01m\x1b[Kwaypoints_x\x1b[m\x1b[K\xe2\x80\x99?\n'}
[0.714540] (turtle_high_controller) StderrLine: {'line': b'  119 |                 float t = turtle.traj_data.\x1b[01;31m\x1b[Kwaypoints_t\x1b[m\x1b[K[i];\n'}
[0.714604] (turtle_high_controller) StderrLine: {'line': b'      |                                            \x1b[01;31m\x1b[K^~~~~~~~~~~\x1b[m\x1b[K\n'}
[0.714667] (turtle_high_controller) StderrLine: {'line': b'      |                                            \x1b[32m\x1b[Kwaypoints_x\x1b[m\x1b[K\n'}
[0.714730] (turtle_high_controller) StderrLine: {'line': b'\x1b[01m\x1b[K/home/qianlab/single_turtle_workspace/dependencies/traveler_controller/src/controller/trajectories_parser.cpp:127:31:\x1b[m\x1b[K \x1b[01;35m\x1b[Kwarning: \x1b[m\x1b[Kcomparison of integer expressions of different signedness: \xe2\x80\x98\x1b[01m\x1b[Kint\x1b[m\x1b[K\xe2\x80\x99 and \xe2\x80\x98\x1b[01m\x1b[Kstd::vector<Waypoint>::size_type\x1b[m\x1b[K\xe2\x80\x99 {aka \xe2\x80\x98\x1b[01m\x1b[Klong unsigned int\x1b[m\x1b[K\xe2\x80\x99} [\x1b[01;35m\x1b[K-Wsign-compare\x1b[m\x1b[K]\n'}
[0.714801] (turtle_high_controller) StderrLine: {'line': b'  127 |             for (int i = 0; \x1b[01;35m\x1b[Ki < waypoints_.size()\x1b[m\x1b[K; i++) {\n'}
[0.714866] (turtle_high_controller) StderrLine: {'line': b'      |                             \x1b[01;35m\x1b[K~~^~~~~~~~~~~~~~~~~~~\x1b[m\x1b[K\n'}
[0.714931] (turtle_high_controller) StderrLine: {'line': b'\x1b[01m\x1b[K/home/qianlab/single_turtle_workspace/dependencies/traveler_controller/src/controller/trajectories_parser.cpp:129:47:\x1b[m\x1b[K \x1b[01;31m\x1b[Kerror: \x1b[m\x1b[K\xe2\x80\x98\x1b[01m\x1b[Kstruct XY_pair\x1b[m\x1b[K\xe2\x80\x99 has no member named \xe2\x80\x98\x1b[01m\x1b[Kg\x1b[m\x1b[K\xe2\x80\x99\n'}
[0.714996] (turtle_high_controller) StderrLine: {'line': b'  129 |                        i, waypoints_[i].point.\x1b[01;31m\x1b[Kg\x1b[m\x1b[K, waypoints_[i].point.t,\n'}
[0.715060] (turtle_high_controller) StderrLine: {'line': b'      |                                               \x1b[01;31m\x1b[K^\x1b[m\x1b[K\n'}
[0.715127] (turtle_high_controller) StderrLine: {'line': b'\x1b[01m\x1b[K/home/qianlab/single_turtle_workspace/dependencies/traveler_controller/src/controller/trajectories_parser.cpp:129:70:\x1b[m\x1b[K \x1b[01;31m\x1b[Kerror: \x1b[m\x1b[K\xe2\x80\x98\x1b[01m\x1b[Kstruct XY_pair\x1b[m\x1b[K\xe2\x80\x99 has no member named \xe2\x80\x98\x1b[01m\x1b[Kt\x1b[m\x1b[K\xe2\x80\x99\n'}
[0.715229] (turtle_high_controller) StderrLine: {'line': b'  129 |                        i, waypoints_[i].point.g, waypoints_[i].point.\x1b[01;31m\x1b[Kt\x1b[m\x1b[K,\n'}
[0.715292] (turtle_high_controller) StderrLine: {'line': b'      |                                                                      \x1b[01;31m\x1b[K^\x1b[m\x1b[K\n'}
[0.715355] (turtle_high_controller) StderrLine: {'line': b'\x1b[01m\x1b[K/home/qianlab/single_turtle_workspace/dependencies/traveler_controller/src/controller/trajectories_parser.cpp:113:17:\x1b[m\x1b[K \x1b[01;35m\x1b[Kwarning: \x1b[m\x1b[Kunused variable \xe2\x80\x98\x1b[01m\x1b[Ktrajectory\x1b[m\x1b[K\xe2\x80\x99 [\x1b[01;35m\x1b[K-Wunused-variable\x1b[m\x1b[K]\n'}
[0.715419] (turtle_high_controller) StderrLine: {'line': b'  113 |             int \x1b[01;35m\x1b[Ktrajectory\x1b[m\x1b[K = turtle.turtle_gui.drag_traj;\n'}
[0.715483] (turtle_high_controller) StderrLine: {'line': b'      |                 \x1b[01;35m\x1b[K^~~~~~~~~~\x1b[m\x1b[K\n'}
[0.715547] (turtle_high_controller) StderrLine: {'line': b'\x1b[01m\x1b[K/home/qianlab/single_turtle_workspace/dependencies/traveler_controller/src/controller/trajectories_parser.cpp:\x1b[m\x1b[K In member function \xe2\x80\x98\x1b[01m\x1b[Kvoid turtle_namespace::control::TrajectoriesParser::generateTempTraj(turtle&)\x1b[m\x1b[K\xe2\x80\x99:\n'}
[0.715616] (turtle_high_controller) StderrLine: {'line': b'\x1b[01m\x1b[K/home/qianlab/single_turtle_workspace/dependencies/traveler_controller/src/controller/trajectories_parser.cpp:142:13:\x1b[m\x1b[K \x1b[01;31m\x1b[Kerror: \x1b[m\x1b[K\xe2\x80\x98\x1b[01m\x1b[Kprev_toe_pos\x1b[m\x1b[K\xe2\x80\x99 was not declared in this scope\n'}
[0.715682] (turtle_high_controller) StderrLine: {'line': b'  142 |             \x1b[01;31m\x1b[Kprev_toe_pos\x1b[m\x1b[K = curr_toe_pos;\n'}
[0.715748] (turtle_high_controller) StderrLine: {'line': b'      |             \x1b[01;31m\x1b[K^~~~~~~~~~~~\x1b[m\x1b[K\n'}
[0.716143] (turtle_high_controller) StderrLine: {'line': b'\x1b[01m\x1b[K/home/qianlab/single_turtle_workspace/dependencies/traveler_controller/src/controller/trajectories_parser.cpp:142:28:\x1b[m\x1b[K \x1b[01;31m\x1b[Kerror: \x1b[m\x1b[K\xe2\x80\x98\x1b[01m\x1b[Kcurr_toe_pos\x1b[m\x1b[K\xe2\x80\x99 was not declared in this scope\n'}
[0.716217] (turtle_high_controller) StderrLine: {'line': b'  142 |             prev_toe_pos = \x1b[01;31m\x1b[Kcurr_toe_pos\x1b[m\x1b[K;\n'}
[0.716289] (turtle_high_controller) StderrLine: {'line': b'      |                            \x1b[01;31m\x1b[K^~~~~~~~~~~~\x1b[m\x1b[K\n'}
[0.716683] (turtle_high_controller) StderrLine: {'line': b'\x1b[01m\x1b[K/home/qianlab/single_turtle_workspace/dependencies/traveler_controller/src/controller/trajectories_parser.cpp:143:28:\x1b[m\x1b[K \x1b[01;31m\x1b[Kerror: \x1b[m\x1b[K\xe2\x80\x98\x1b[01m\x1b[KGT_pair\x1b[m\x1b[K\xe2\x80\x99 was not declared in this scope; did you mean \xe2\x80\x98\x1b[01m\x1b[KXY_pair\x1b[m\x1b[K\xe2\x80\x99?\n'}
[0.716757] (turtle_high_controller) StderrLine: {'line': b'  143 |             curr_toe_pos = \x1b[01;31m\x1b[KGT_pair\x1b[m\x1b[K(0.0f, 0.0f);\n'}
[0.716825] (turtle_high_controller) StderrLine: {'line': b'      |                            \x1b[01;31m\x1b[K^~~~~~~\x1b[m\x1b[K\n'}
[0.716895] (turtle_high_controller) StderrLine: {'line': b'      |                            \x1b[32m\x1b[KXY_pair\x1b[m\x1b[K\n'}
[0.717489] (turtle_high_controller) StderrLine: {'line': b'\x1b[01m\x1b[K/home/qianlab/single_turtle_workspace/dependencies/traveler_controller/src/controller/trajectories_parser.cpp:144:13:\x1b[m\x1b[K \x1b[01;31m\x1b[Kerror: \x1b[m\x1b[K\xe2\x80\x98\x1b[01m\x1b[KMove_Dist\x1b[m\x1b[K\xe2\x80\x99 was not declared in this scope\n'}
[0.717595] (turtle_high_controller) StderrLine: {'line': b'  144 |             \x1b[01;31m\x1b[KMove_Dist\x1b[m\x1b[K = distance(prev_toe_pos, curr_toe_pos);\n'}
[0.717669] (turtle_high_controller) StderrLine: {'line': b'      |             \x1b[01;31m\x1b[K^~~~~~~~~\x1b[m\x1b[K\n'}
[0.718001] (turtle_high_controller) StderrLine: {'line': b'\x1b[01m\x1b[K/home/qianlab/single_turtle_workspace/dependencies/traveler_controller/src/controller/trajectories_parser.cpp:151:17:\x1b[m\x1b[K \x1b[01;31m\x1b[Kerror: \x1b[m\x1b[K\xe2\x80\x98\x1b[01m\x1b[Kclock1_start_\x1b[m\x1b[K\xe2\x80\x99 was not declared in this scope; did you mean \xe2\x80\x98\x1b[01m\x1b[Kclock_start_\x1b[m\x1b[K\xe2\x80\x99?\n'}
[0.718099] (turtle_high_controller) StderrLine: {'line': b'  151 |                 \x1b[01;31m\x1b[Kclock1_start_\x1b[m\x1b[K = chrono::steady_clock::now();\n'}
[0.718168] (turtle_high_controller) StderrLine: {'line': b'      |                 \x1b[01;31m\x1b[K^~~~~~~~~~~~~\x1b[m\x1b[K\n'}
[0.718234] (turtle_high_controller) StderrLine: {'line': b'      |                 \x1b[32m\x1b[Kclock_start_\x1b[m\x1b[K\n'}
[0.718423] (turtle_high_controller) StderrLine: {'line': b'\x1b[01m\x1b[K/home/qianlab/single_turtle_workspace/dependencies/traveler_controller/src/controller/trajectories_parser.cpp:152:17:\x1b[m\x1b[K \x1b[01;31m\x1b[Kerror: \x1b[m\x1b[K\xe2\x80\x98\x1b[01m\x1b[Kclock2_start_\x1b[m\x1b[K\xe2\x80\x99 was not declared in this scope; did you mean \xe2\x80\x98\x1b[01m\x1b[Kclock_start_\x1b[m\x1b[K\xe2\x80\x99?\n'}
[0.718517] (turtle_high_controller) StderrLine: {'line': b'  152 |                 \x1b[01;31m\x1b[Kclock2_start_\x1b[m\x1b[K = chrono::steady_clock::now();\n'}
[0.718586] (turtle_high_controller) StderrLine: {'line': b'      |                 \x1b[01;31m\x1b[K^~~~~~~~~~~~~\x1b[m\x1b[K\n'}
[0.718652] (turtle_high_controller) StderrLine: {'line': b'      |                 \x1b[32m\x1b[Kclock_start_\x1b[m\x1b[K\n'}
[0.719021] (turtle_high_controller) StderrLine: {'line': b'\x1b[01m\x1b[K/home/qianlab/single_turtle_workspace/dependencies/traveler_controller/src/controller/trajectories_parser.cpp:155:17:\x1b[m\x1b[K \x1b[01;31m\x1b[Kerror: \x1b[m\x1b[K\xe2\x80\x98\x1b[01m\x1b[KGTP_first_iteration\x1b[m\x1b[K\xe2\x80\x99 was not declared in this scope; did you mean \xe2\x80\x98\x1b[01m\x1b[Kfirst_iteration\x1b[m\x1b[K\xe2\x80\x99?\n'}
[0.719104] (turtle_high_controller) StderrLine: {'line': b'  155 |                 \x1b[01;31m\x1b[KGTP_first_iteration\x1b[m\x1b[K = true;\n'}
[0.719169] (turtle_high_controller) StderrLine: {'line': b'      |                 \x1b[01;31m\x1b[K^~~~~~~~~~~~~~~~~~~\x1b[m\x1b[K\n'}
[0.719234] (turtle_high_controller) StderrLine: {'line': b'      |                 \x1b[32m\x1b[Kfirst_iteration\x1b[m\x1b[K\n'}
[0.719958] (turtle_high_controller) StderrLine: {'line': b'\x1b[01m\x1b[K/home/qianlab/single_turtle_workspace/dependencies/traveler_controller/src/controller/trajectories_parser.cpp:156:17:\x1b[m\x1b[K \x1b[01;31m\x1b[Kerror: \x1b[m\x1b[K\xe2\x80\x98\x1b[01m\x1b[KtraverseParams\x1b[m\x1b[K\xe2\x80\x99 was not declared in this scope\n'}
[0.720050] (turtle_high_controller) StderrLine: {'line': b'  156 |                 \x1b[01;31m\x1b[KtraverseParams\x1b[m\x1b[K.run = true;\n'}
[0.720116] (turtle_high_controller) StderrLine: {'line': b'      |                 \x1b[01;31m\x1b[K^~~~~~~~~~~~~~\x1b[m\x1b[K\n'}
[0.720351] (turtle_high_controller) StderrLine: {'line': b'\x1b[01m\x1b[K/home/qianlab/single_turtle_workspace/dependencies/traveler_controller/src/controller/trajectories_parser.cpp:157:17:\x1b[m\x1b[K \x1b[01;31m\x1b[Kerror: \x1b[m\x1b[K\xe2\x80\x98\x1b[01m\x1b[Krun_\x1b[m\x1b[K\xe2\x80\x99 was not declared in this scope\n'}
[0.720423] (turtle_high_controller) StderrLine: {'line': b'  157 |                 \x1b[01;31m\x1b[Krun_\x1b[m\x1b[K = true;\n'}
[0.720487] (turtle_high_controller) StderrLine: {'line': b'      |                 \x1b[01;31m\x1b[K^~~~\x1b[m\x1b[K\n'}
[0.721357] (turtle_high_controller) StderrLine: {'line': b'\x1b[01m\x1b[K/home/qianlab/single_turtle_workspace/dependencies/traveler_controller/src/controller/trajectories_parser.cpp:158:17:\x1b[m\x1b[K \x1b[01;31m\x1b[Kerror: \x1b[m\x1b[K\xe2\x80\x98\x1b[01m\x1b[Kstate_flag_\x1b[m\x1b[K\xe2\x80\x99 was not declared in this scope\n'}
[0.721504] (turtle_high_controller) StderrLine: {'line': b'  158 |                 \x1b[01;31m\x1b[Kstate_flag_\x1b[m\x1b[K = 0;\n'}
[0.721585] (turtle_high_controller) StderrLine: {'line': b'      |                 \x1b[01;31m\x1b[K^~~~~~~~~~~\x1b[m\x1b[K\n'}
[0.722329] (turtle_high_controller) StderrLine: {'line': b'\x1b[01m\x1b[K/home/qianlab/single_turtle_workspace/dependencies/traveler_controller/src/controller/trajectories_parser.cpp:159:17:\x1b[m\x1b[K \x1b[01;31m\x1b[Kerror: \x1b[m\x1b[K\xe2\x80\x98\x1b[01m\x1b[KPene_state\x1b[m\x1b[K\xe2\x80\x99 was not declared in this scope; did you mean \xe2\x80\x98\x1b[01m\x1b[Ksetstate\x1b[m\x1b[K\xe2\x80\x99?\n'}
[0.722439] (turtle_high_controller) StderrLine: {'line': b'  159 |                 \x1b[01;31m\x1b[KPene_state\x1b[m\x1b[K = 0;\n'}
[0.722514] (turtle_high_controller) StderrLine: {'line': b'      |                 \x1b[01;31m\x1b[K^~~~~~~~~~\x1b[m\x1b[K\n'}
[0.722584] (turtle_high_controller) StderrLine: {'line': b'      |                 \x1b[32m\x1b[Ksetstate\x1b[m\x1b[K\n'}
[0.723179] (turtle_high_controller) StderrLine: {'line': b'\x1b[01m\x1b[K/home/qianlab/single_turtle_workspace/dependencies/traveler_controller/src/controller/trajectories_parser.cpp:160:17:\x1b[m\x1b[K \x1b[01;31m\x1b[Kerror: \x1b[m\x1b[K\xe2\x80\x98\x1b[01m\x1b[KWT_state\x1b[m\x1b[K\xe2\x80\x99 was not declared in this scope\n'}
[0.723287] (turtle_high_controller) StderrLine: {'line': b'  160 |                 \x1b[01;31m\x1b[KWT_state\x1b[m\x1b[K = 0;\n'}
[0.723358] (turtle_high_controller) StderrLine: {'line': b'      |                 \x1b[01;31m\x1b[K^~~~~~~~\x1b[m\x1b[K\n'}
[0.723699] (turtle_high_controller) StderrLine: {'line': b'\x1b[01m\x1b[K/home/qianlab/single_turtle_workspace/dependencies/traveler_controller/src/controller/trajectories_parser.cpp:161:17:\x1b[m\x1b[K \x1b[01;31m\x1b[Kerror: \x1b[m\x1b[K\xe2\x80\x98\x1b[01m\x1b[Kps\x1b[m\x1b[K\xe2\x80\x99 was not declared in this scope\n'}
[0.723843] (turtle_high_controller) StderrLine: {'line': b'  161 |                 \x1b[01;31m\x1b[Kps\x1b[m\x1b[K.first_iteration = true;\n'}
[0.723929] (turtle_high_controller) StderrLine: {'line': b'      |                 \x1b[01;31m\x1b[K^~\x1b[m\x1b[K\n'}
[0.724129] (turtle_high_controller) StderrLine: {'line': b'\x1b[01m\x1b[K/home/qianlab/single_turtle_workspace/dependencies/traveler_controller/src/controller/trajectories_parser.cpp:162:17:\x1b[m\x1b[K \x1b[01;31m\x1b[Kerror: \x1b[m\x1b[K\xe2\x80\x98\x1b[01m\x1b[Kdg\x1b[m\x1b[K\xe2\x80\x99 was not declared in this scope\n'}
[0.724221] (turtle_high_controller) StderrLine: {'line': b'  162 |                 \x1b[01;31m\x1b[Kdg\x1b[m\x1b[K.first_iteration = true;\n'}
[0.724316] (turtle_high_controller) StderrLine: {'line': b'      |                 \x1b[01;31m\x1b[K^~\x1b[m\x1b[K\n'}
[0.724821] (turtle_high_controller) StderrLine: {'line': b'\x1b[01m\x1b[K/home/qianlab/single_turtle_workspace/dependencies/traveler_controller/src/controller/trajectories_parser.cpp:164:17:\x1b[m\x1b[K \x1b[01;31m\x1b[Kerror: \x1b[m\x1b[K\xe2\x80\x98\x1b[01m\x1b[KE_STOP\x1b[m\x1b[K\xe2\x80\x99 was not declared in this scope\n'}
[0.724918] (turtle_high_controller) StderrLine: {'line': b'  164 |                 \x1b[01;31m\x1b[KE_STOP\x1b[m\x1b[K = false;\n'}
[0.724996] (turtle_high_controller) StderrLine: {'line': b'      |                 \x1b[01;31m\x1b[K^~~~~~\x1b[m\x1b[K\n'}
[0.725569] (turtle_high_controller) StderrLine: {'line': b'\x1b[01m\x1b[K/home/qianlab/single_turtle_workspace/dependencies/traveler_controller/src/controller/trajectories_parser.cpp:167:21:\x1b[m\x1b[K \x1b[01;31m\x1b[Kerror: \x1b[m\x1b[K\xe2\x80\x98\x1b[01m\x1b[KE_STOP\x1b[m\x1b[K\xe2\x80\x99 was not declared in this scope\n'}
[0.725706] (turtle_high_controller) StderrLine: {'line': b'  167 |                 if (\x1b[01;31m\x1b[KE_STOP\x1b[m\x1b[K) {\n'}
[0.725823] (turtle_high_controller) StderrLine: {'line': b'      |                     \x1b[01;31m\x1b[K^~~~~~\x1b[m\x1b[K\n'}
[0.725901] (turtle_high_controller) StderrLine: {'line': b'\x1b[01m\x1b[K/home/qianlab/single_turtle_workspace/dependencies/traveler_controller/src/controller/trajectories_parser.cpp:137:17:\x1b[m\x1b[K \x1b[01;35m\x1b[Kwarning: \x1b[m\x1b[Kunused variable \xe2\x80\x98\x1b[01m\x1b[Ktrajectory\x1b[m\x1b[K\xe2\x80\x99 [\x1b[01;35m\x1b[K-Wunused-variable\x1b[m\x1b[K]\n'}
[0.725972] (turtle_high_controller) StderrLine: {'line': b'  137 |             int \x1b[01;35m\x1b[Ktrajectory\x1b[m\x1b[K = turtle.turtle_gui.drag_traj;\n'}
[0.726040] (turtle_high_controller) StderrLine: {'line': b'      |                 \x1b[01;35m\x1b[K^~~~~~~~~~\x1b[m\x1b[K\n'}
[0.762818] (turtle_high_controller) StderrLine: {'line': b'make[2]: *** [CMakeFiles/turtle_high_controller.dir/build.make:89: CMakeFiles/turtle_high_controller.dir/src/controller/trajectories_parser.cpp.o] Error 1\n'}
[0.763053] (turtle_high_controller) StderrLine: {'line': b'make[1]: *** [CMakeFiles/Makefile2:107: CMakeFiles/turtle_high_controller.dir/all] Error 2\n'}
[0.763563] (turtle_high_controller) StderrLine: {'line': b'make: *** [Makefile:141: all] Error 2\n'}
[0.765345] (turtle_high_controller) CommandEnded: {'returncode': 2}
[0.794710] (turtle_high_controller) JobEnded: {'identifier': 'turtle_high_controller', 'rc': 2}
[0.799219] (traveler_optitrack) StderrLine: {'line': b'/home/qianlab/.local/lib/python3.8/site-packages/setuptools/dist.py:498: SetuptoolsDeprecationWarning: Invalid dash-separated options\n'}
[0.799371] (traveler_optitrack) StderrLine: {'line': b'!!\n'}
[0.799448] (traveler_optitrack) StderrLine: {'line': b'\n'}
[0.799520] (traveler_optitrack) StderrLine: {'line': b'        ********************************************************************************\n'}
[0.799589] (traveler_optitrack) StderrLine: {'line': b"        Usage of dash-separated 'script-dir' will not be supported in future\n"}
[0.799657] (traveler_optitrack) StderrLine: {'line': b"        versions. Please use the underscore name 'script_dir' instead.\n"}
[0.799723] (traveler_optitrack) StderrLine: {'line': b'\n'}
[0.799791] (traveler_optitrack) StderrLine: {'line': b'        This deprecation is overdue, please update your project and remove deprecated\n'}
[0.799858] (traveler_optitrack) StderrLine: {'line': b'        calls to avoid build errors in the future.\n'}
[0.799924] (traveler_optitrack) StderrLine: {'line': b'\n'}
[0.799988] (traveler_optitrack) StderrLine: {'line': b'        See https://setuptools.pypa.io/en/latest/userguide/declarative_config.html for details.\n'}
[0.800054] (traveler_optitrack) StderrLine: {'line': b'        ********************************************************************************\n'}
[0.800124] (traveler_optitrack) StderrLine: {'line': b'\n'}
[0.800189] (traveler_optitrack) StderrLine: {'line': b'!!\n'}
[0.800254] (traveler_optitrack) StderrLine: {'line': b'  opt = self.warn_dash_deprecation(opt, section)\n'}
[0.803402] (-) TimerEvent: {}
[0.872585] (traveler_optitrack) StdoutLine: {'line': b'running egg_info\n'}
[0.884429] (traveler_optitrack) StdoutLine: {'line': b'writing ../../build/traveler_optitrack/traveler_optitrack.egg-info/PKG-INFO\n'}
[0.884769] (traveler_optitrack) StdoutLine: {'line': b'writing dependency_links to ../../build/traveler_optitrack/traveler_optitrack.egg-info/dependency_links.txt\n'}
[0.884904] (traveler_optitrack) StdoutLine: {'line': b'writing entry points to ../../build/traveler_optitrack/traveler_optitrack.egg-info/entry_points.txt\n'}
[0.884995] (traveler_optitrack) StdoutLine: {'line': b'writing requirements to ../../build/traveler_optitrack/traveler_optitrack.egg-info/requires.txt\n'}
[0.885062] (traveler_optitrack) StdoutLine: {'line': b'writing top-level names to ../../build/traveler_optitrack/traveler_optitrack.egg-info/top_level.txt\n'}
[0.903532] (-) TimerEvent: {}
[0.978624] (traveler_optitrack) StdoutLine: {'line': b"reading manifest file '../../build/traveler_optitrack/traveler_optitrack.egg-info/SOURCES.txt'\n"}
[0.979382] (traveler_optitrack) StdoutLine: {'line': b"writing manifest file '../../build/traveler_optitrack/traveler_optitrack.egg-info/SOURCES.txt'\n"}
[0.979549] (traveler_optitrack) StdoutLine: {'line': b'running build\n'}
[0.979638] (traveler_optitrack) StdoutLine: {'line': b'running build_py\n'}
[0.979711] (traveler_optitrack) StdoutLine: {'line': b'running install\n'}
[0.983242] (traveler_optitrack) StdoutLine: {'line': b'running install_lib\n'}
[0.993384] (traveler_optitrack) StdoutLine: {'line': b'running install_data\n'}
[0.993578] (traveler_optitrack) StdoutLine: {'line': b'running install_egg_info\n'}
[1.002893] (traveler_optitrack) StdoutLine: {'line': b"removing '/home/qianlab/single_turtle_workspace/install/traveler_optitrack/lib/python3.8/site-packages/traveler_optitrack-0.0.0-py3.8.egg-info' (and everything under it)\n"}
[1.003068] (traveler_optitrack) StdoutLine: {'line': b'Copying ../../build/traveler_optitrack/traveler_optitrack.egg-info to /home/qianlab/single_turtle_workspace/install/traveler_optitrack/lib/python3.8/site-packages/traveler_optitrack-0.0.0-py3.8.egg-info\n'}
[1.003371] (traveler_optitrack) StdoutLine: {'line': b'running install_scripts\n'}
[1.003586] (-) TimerEvent: {}
[1.033729] (traveler_optitrack) StdoutLine: {'line': b'Installing traveler_optitrack script to /home/qianlab/single_turtle_workspace/install/traveler_optitrack/lib/traveler_optitrack\n'}
[1.034025] (traveler_optitrack) StdoutLine: {'line': b"writing list of installed files to '/home/qianlab/single_turtle_workspace/build/traveler_optitrack/install.log'\n"}
[1.056342] (traveler_optitrack) JobEnded: {'identifier': 'traveler_optitrack', 'rc': 'SIGINT'}
[1.067072] (-) EventReactorShutdown: {}
