[0.000000] (-) TimerEvent: {}
[0.000180] (traveler_msgs) JobQueued: {'identifier': 'traveler_msgs', 'dependencies': OrderedDict()}
[0.000234] (traveler_optitrack) JobQueued: {'identifier': 'traveler_optitrack', 'dependencies': OrderedDict()}
[0.000283] (turtle_high_controller) JobQueued: {'identifier': 'turtle_high_controller', 'dependencies': OrderedDict([('traveler_msgs', '/home/qianlab/single_turtle_workspace/install/traveler_msgs')])}
[0.000621] (traveler_msgs) JobStarted: {'identifier': 'traveler_msgs'}
[0.005771] (traveler_optitrack) JobStarted: {'identifier': 'traveler_optitrack'}
[0.012019] (traveler_msgs) JobProgress: {'identifier': 'traveler_msgs', 'progress': 'cmake'}
[0.012848] (traveler_msgs) JobProgress: {'identifier': 'traveler_msgs', 'progress': 'build'}
[0.013663] (traveler_msgs) Command: {'cmd': ['/usr/bin/cmake', '--build', '/home/qianlab/single_turtle_workspace/build/traveler_msgs', '--', '-j12', '-l12'], 'cwd': '/home/qianlab/single_turtle_workspace/build/traveler_msgs', 'env': OrderedDict([('GJS_DEBUG_TOPICS', 'JS ERROR;JS LOG'), ('LESSOPEN', '| /usr/bin/lesspipe %s'), ('USER', 'qianlab'), ('SSH_AGENT_PID', '2033'), ('XDG_SESSION_TYPE', 'x11'), ('GIT_ASKPASS', '/usr/share/code/resources/app/extensions/git/dist/askpass.sh'), ('SHLVL', '1'), ('LD_LIBRARY_PATH', '/home/qianlab/lassie-traveler/dependencies/install/traveler_msgs/lib:/opt/ros/foxy/opt/yaml_cpp_vendor/lib:/opt/ros/foxy/opt/rviz_ogre_vendor/lib:/opt/ros/foxy/lib/x86_64-linux-gnu:/opt/ros/foxy/lib'), ('HOME', '/home/qianlab'), ('CHROME_DESKTOP', 'code.desktop'), ('CONDA_SHLVL', '0'), ('TERM_PROGRAM_VERSION', '1.100.3'), ('DESKTOP_SESSION', 'ubuntu'), ('NVM_BIN', '/home/qianlab/.nvm/versions/node/v12.18.3/bin'), ('NVM_INC', '/home/qianlab/.nvm/versions/node/v12.18.3/include/node'), ('GIO_LAUNCHED_DESKTOP_FILE', '/usr/share/applications/code.desktop'), ('ROS_PYTHON_VERSION', '3'), ('GNOME_SHELL_SESSION_MODE', 'ubuntu'), ('GTK_MODULES', 'gail:atk-bridge'), ('VSCODE_GIT_ASKPASS_MAIN', '/usr/share/code/resources/app/extensions/git/dist/askpass-main.js'), ('VSCODE_GIT_ASKPASS_NODE', '/usr/share/code/code'), ('MANAGERPID', '1924'), ('DBUS_SESSION_BUS_ADDRESS', 'unix:path=/run/user/1000/bus'), ('COLORTERM', 'truecolor'), ('_CE_M', ''), ('GIO_LAUNCHED_DESKTOP_FILE_PID', '2660'), ('NVM_DIR', '/home/qianlab/.nvm'), ('MANDATORY_PATH', '/usr/share/gconf/ubuntu.mandatory.path'), ('IM_CONFIG_PHASE', '1'), ('COLCON_PREFIX_PATH', '/home/qianlab/lassie-traveler/dependencies/install'), ('ROS_DISTRO', 'foxy'), ('LOGNAME', 'qianlab'), ('JOURNAL_STREAM', '8:56505'), ('_', '/usr/bin/colcon'), ('ROS_VERSION', '2'), ('XDG_SESSION_CLASS', 'user'), ('DEFAULTS_PATH', '/usr/share/gconf/ubuntu.default.path'), ('USERNAME', 'qianlab'), ('TERM', 'xterm-256color'), ('GNOME_DESKTOP_SESSION_ID', 'this-is-deprecated'), ('_CE_CONDA', ''), ('ROS_LOCALHOST_ONLY', '0'), ('WINDOWPATH', '2'), ('PATH', '/home/qianlab/ghost_robotics/arm_toolchain/bin:/home/qianlab/.local/bin:/home/qianlab/ghost_robotics/arm_toolchain/bin:/home/qianlab/miniconda3/condabin:/home/qianlab/.nvm/versions/node/v12.18.3/bin:/opt/ros/foxy/bin:/home/qianlab/.local/bin:/usr/local/sbin:/usr/local/bin:/usr/sbin:/usr/bin:/sbin:/bin:/usr/games:/usr/local/games:/snap/bin'), ('SESSION_MANAGER', 'local/qianlab-Yoga-7-14IAL7:@/tmp/.ICE-unix/2071,unix/qianlab-Yoga-7-14IAL7:/tmp/.ICE-unix/2071'), ('INVOCATION_ID', 'ada520d1c1f94e228d33304f77e601b8'), ('XDG_MENU_PREFIX', 'gnome-'), ('XDG_RUNTIME_DIR', '/run/user/1000'), ('GDK_BACKEND', 'x11'), ('DISPLAY', ':0'), ('LANG', 'en_US.UTF-8'), ('XDG_CURRENT_DESKTOP', 'Unity'), ('XMODIFIERS', '@im=ibus'), ('XDG_SESSION_DESKTOP', 'ubuntu'), ('XAUTHORITY', '/run/user/1000/gdm/Xauthority'), ('LS_COLORS', 'rs=0:di=01;34:ln=01;36:mh=00:pi=40;33:so=01;35:do=01;35:bd=40;33;01:cd=40;33;01:or=40;31;01:mi=00:su=37;41:sg=30;43:ca=30;41:tw=30;42:ow=34;42:st=37;44:ex=01;32:*.tar=01;31:*.tgz=01;31:*.arc=01;31:*.arj=01;31:*.taz=01;31:*.lha=01;31:*.lz4=01;31:*.lzh=01;31:*.lzma=01;31:*.tlz=01;31:*.txz=01;31:*.tzo=01;31:*.t7z=01;31:*.zip=01;31:*.z=01;31:*.dz=01;31:*.gz=01;31:*.lrz=01;31:*.lz=01;31:*.lzo=01;31:*.xz=01;31:*.zst=01;31:*.tzst=01;31:*.bz2=01;31:*.bz=01;31:*.tbz=01;31:*.tbz2=01;31:*.tz=01;31:*.deb=01;31:*.rpm=01;31:*.jar=01;31:*.war=01;31:*.ear=01;31:*.sar=01;31:*.rar=01;31:*.alz=01;31:*.ace=01;31:*.zoo=01;31:*.cpio=01;31:*.7z=01;31:*.rz=01;31:*.cab=01;31:*.wim=01;31:*.swm=01;31:*.dwm=01;31:*.esd=01;31:*.jpg=01;35:*.jpeg=01;35:*.mjpg=01;35:*.mjpeg=01;35:*.gif=01;35:*.bmp=01;35:*.pbm=01;35:*.pgm=01;35:*.ppm=01;35:*.tga=01;35:*.xbm=01;35:*.xpm=01;35:*.tif=01;35:*.tiff=01;35:*.png=01;35:*.svg=01;35:*.svgz=01;35:*.mng=01;35:*.pcx=01;35:*.mov=01;35:*.mpg=01;35:*.mpeg=01;35:*.m2v=01;35:*.mkv=01;35:*.webm=01;35:*.ogm=01;35:*.mp4=01;35:*.m4v=01;35:*.mp4v=01;35:*.vob=01;35:*.qt=01;35:*.nuv=01;35:*.wmv=01;35:*.asf=01;35:*.rm=01;35:*.rmvb=01;35:*.flc=01;35:*.avi=01;35:*.fli=01;35:*.flv=01;35:*.gl=01;35:*.dl=01;35:*.xcf=01;35:*.xwd=01;35:*.yuv=01;35:*.cgm=01;35:*.emf=01;35:*.ogv=01;35:*.ogx=01;35:*.aac=00;36:*.au=00;36:*.flac=00;36:*.m4a=00;36:*.mid=00;36:*.midi=00;36:*.mka=00;36:*.mp3=00;36:*.mpc=00;36:*.ogg=00;36:*.ra=00;36:*.wav=00;36:*.oga=00;36:*.opus=00;36:*.spx=00;36:*.xspf=00;36:'), ('VSCODE_GIT_IPC_HANDLE', '/run/user/1000/vscode-git-66f982bc43.sock'), ('TERM_PROGRAM', 'vscode'), ('SSH_AUTH_SOCK', '/run/user/1000/keyring/ssh'), ('ROS_DOMAIN_ID', '19'), ('AMENT_PREFIX_PATH', '/home/qianlab/lassie-traveler/dependencies/install/traveler_high_controller:/home/qianlab/lassie-traveler/dependencies/install/traveler_msgs:/opt/ros/foxy'), ('CONDA_PYTHON_EXE', '/home/qianlab/miniconda3/bin/python'), ('ORIGINAL_XDG_CURRENT_DESKTOP', 'ubuntu:GNOME'), ('SHELL', '/bin/bash'), ('QT_ACCESSIBILITY', '1'), ('GDMSESSION', 'ubuntu'), ('LESSCLOSE', '/usr/bin/lesspipe %s %s'), ('GPG_AGENT_INFO', '/run/user/1000/gnupg/S.gpg-agent:0:1'), ('GJS_DEBUG_OUTPUT', 'stderr'), ('VSCODE_GIT_ASKPASS_EXTRA_ARGS', ''), ('QT_IM_MODULE', 'ibus'), ('PWD', '/home/qianlab/single_turtle_workspace/build/traveler_msgs'), ('XDG_CONFIG_DIRS', '/etc/xdg/xdg-ubuntu:/etc/xdg'), ('CONDA_EXE', '/home/qianlab/miniconda3/bin/conda'), ('NVM_CD_FLAGS', ''), ('XDG_DATA_DIRS', '/usr/share/ubuntu:/usr/local/share/:/usr/share/:/var/lib/snapd/desktop'), ('PYTHONPATH', '/home/qianlab/lassie-traveler/dependencies/install/traveler_msgs/lib/python3.8/site-packages:/opt/ros/foxy/lib/python3.8/site-packages'), ('CUSTOM_ENV_NAME', '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'), ('COLCON', '1'), ('CMAKE_PREFIX_PATH', '/home/qianlab/lassie-traveler/dependencies/install/traveler_high_controller:/home/qianlab/lassie-traveler/dependencies/install/traveler_msgs:/opt/ros/foxy')]), 'shell': False}
[0.099910] (-) TimerEvent: {}
[0.167361] (traveler_msgs) StdoutLine: {'line': b'[  1%] Built target traveler_msgs__cpp\n'}
[0.167782] (traveler_msgs) StdoutLine: {'line': b'[ 12%] Built target traveler_msgs__rosidl_generator_c\n'}
[0.168245] (traveler_msgs) StdoutLine: {'line': b'[ 23%] Built target traveler_msgs__rosidl_typesupport_cpp\n'}
[0.168534] (traveler_msgs) StdoutLine: {'line': b'[ 35%] Built target traveler_msgs__rosidl_typesupport_introspection_cpp\n'}
[0.168908] (traveler_msgs) StdoutLine: {'line': b'[ 46%] Built target traveler_msgs__rosidl_typesupport_c\n'}
[0.170298] (traveler_msgs) StdoutLine: {'line': b'[ 57%] Built target traveler_msgs__rosidl_typesupport_fastrtps_cpp\n'}
[0.170711] (traveler_msgs) StdoutLine: {'line': b'[ 69%] Built target traveler_msgs__rosidl_typesupport_introspection_c\n'}
[0.170843] (traveler_msgs) StdoutLine: {'line': b'[ 80%] Built target traveler_msgs__rosidl_typesupport_fastrtps_c\n'}
[0.170955] (traveler_msgs) StdoutLine: {'line': b'[ 80%] Built target traveler_msgs\n'}
[0.171906] (traveler_msgs) StdoutLine: {'line': b'[ 81%] Built target traveler_msgs__py\n'}
[0.172009] (traveler_msgs) StdoutLine: {'line': b'[ 91%] Built target traveler_msgs__python\n'}
[0.172092] (traveler_msgs) StdoutLine: {'line': b'[ 94%] Built target traveler_msgs__rosidl_typesupport_fastrtps_c__pyext\n'}
[0.173667] (traveler_msgs) StdoutLine: {'line': b'[100%] Built target traveler_msgs__rosidl_typesupport_c__pyext\n'}
[0.173775] (traveler_msgs) StdoutLine: {'line': b'[100%] Built target traveler_msgs__rosidl_typesupport_introspection_c__pyext\n'}
[0.183187] (traveler_msgs) CommandEnded: {'returncode': 0}
[0.200006] (-) TimerEvent: {}
[0.245816] (traveler_msgs) JobProgress: {'identifier': 'traveler_msgs', 'progress': 'install'}
[0.255160] (traveler_msgs) Command: {'cmd': ['/usr/bin/cmake', '--install', '/home/qianlab/single_turtle_workspace/build/traveler_msgs'], 'cwd': '/home/qianlab/single_turtle_workspace/build/traveler_msgs', 'env': OrderedDict([('GJS_DEBUG_TOPICS', 'JS ERROR;JS LOG'), ('LESSOPEN', '| /usr/bin/lesspipe %s'), ('USER', 'qianlab'), ('SSH_AGENT_PID', '2033'), ('XDG_SESSION_TYPE', 'x11'), ('GIT_ASKPASS', '/usr/share/code/resources/app/extensions/git/dist/askpass.sh'), ('SHLVL', '1'), ('LD_LIBRARY_PATH', '/home/qianlab/lassie-traveler/dependencies/install/traveler_msgs/lib:/opt/ros/foxy/opt/yaml_cpp_vendor/lib:/opt/ros/foxy/opt/rviz_ogre_vendor/lib:/opt/ros/foxy/lib/x86_64-linux-gnu:/opt/ros/foxy/lib'), ('HOME', '/home/qianlab'), ('CHROME_DESKTOP', 'code.desktop'), ('CONDA_SHLVL', '0'), ('TERM_PROGRAM_VERSION', '1.100.3'), ('DESKTOP_SESSION', 'ubuntu'), ('NVM_BIN', '/home/qianlab/.nvm/versions/node/v12.18.3/bin'), ('NVM_INC', '/home/qianlab/.nvm/versions/node/v12.18.3/include/node'), ('GIO_LAUNCHED_DESKTOP_FILE', '/usr/share/applications/code.desktop'), ('ROS_PYTHON_VERSION', '3'), ('GNOME_SHELL_SESSION_MODE', 'ubuntu'), ('GTK_MODULES', 'gail:atk-bridge'), ('VSCODE_GIT_ASKPASS_MAIN', '/usr/share/code/resources/app/extensions/git/dist/askpass-main.js'), ('VSCODE_GIT_ASKPASS_NODE', '/usr/share/code/code'), ('MANAGERPID', '1924'), ('DBUS_SESSION_BUS_ADDRESS', 'unix:path=/run/user/1000/bus'), ('COLORTERM', 'truecolor'), ('_CE_M', ''), ('GIO_LAUNCHED_DESKTOP_FILE_PID', '2660'), ('NVM_DIR', '/home/qianlab/.nvm'), ('MANDATORY_PATH', '/usr/share/gconf/ubuntu.mandatory.path'), ('IM_CONFIG_PHASE', '1'), ('COLCON_PREFIX_PATH', '/home/qianlab/lassie-traveler/dependencies/install'), ('ROS_DISTRO', 'foxy'), ('LOGNAME', 'qianlab'), ('JOURNAL_STREAM', '8:56505'), ('_', '/usr/bin/colcon'), ('ROS_VERSION', '2'), ('XDG_SESSION_CLASS', 'user'), ('DEFAULTS_PATH', '/usr/share/gconf/ubuntu.default.path'), ('USERNAME', 'qianlab'), ('TERM', 'xterm-256color'), ('GNOME_DESKTOP_SESSION_ID', 'this-is-deprecated'), ('_CE_CONDA', ''), ('ROS_LOCALHOST_ONLY', '0'), ('WINDOWPATH', '2'), ('PATH', '/home/qianlab/ghost_robotics/arm_toolchain/bin:/home/qianlab/.local/bin:/home/qianlab/ghost_robotics/arm_toolchain/bin:/home/qianlab/miniconda3/condabin:/home/qianlab/.nvm/versions/node/v12.18.3/bin:/opt/ros/foxy/bin:/home/qianlab/.local/bin:/usr/local/sbin:/usr/local/bin:/usr/sbin:/usr/bin:/sbin:/bin:/usr/games:/usr/local/games:/snap/bin'), ('SESSION_MANAGER', 'local/qianlab-Yoga-7-14IAL7:@/tmp/.ICE-unix/2071,unix/qianlab-Yoga-7-14IAL7:/tmp/.ICE-unix/2071'), ('INVOCATION_ID', 'ada520d1c1f94e228d33304f77e601b8'), ('XDG_MENU_PREFIX', 'gnome-'), ('XDG_RUNTIME_DIR', '/run/user/1000'), ('GDK_BACKEND', 'x11'), ('DISPLAY', ':0'), ('LANG', 'en_US.UTF-8'), ('XDG_CURRENT_DESKTOP', 'Unity'), ('XMODIFIERS', '@im=ibus'), ('XDG_SESSION_DESKTOP', 'ubuntu'), ('XAUTHORITY', '/run/user/1000/gdm/Xauthority'), ('LS_COLORS', 'rs=0:di=01;34:ln=01;36:mh=00:pi=40;33:so=01;35:do=01;35:bd=40;33;01:cd=40;33;01:or=40;31;01:mi=00:su=37;41:sg=30;43:ca=30;41:tw=30;42:ow=34;42:st=37;44:ex=01;32:*.tar=01;31:*.tgz=01;31:*.arc=01;31:*.arj=01;31:*.taz=01;31:*.lha=01;31:*.lz4=01;31:*.lzh=01;31:*.lzma=01;31:*.tlz=01;31:*.txz=01;31:*.tzo=01;31:*.t7z=01;31:*.zip=01;31:*.z=01;31:*.dz=01;31:*.gz=01;31:*.lrz=01;31:*.lz=01;31:*.lzo=01;31:*.xz=01;31:*.zst=01;31:*.tzst=01;31:*.bz2=01;31:*.bz=01;31:*.tbz=01;31:*.tbz2=01;31:*.tz=01;31:*.deb=01;31:*.rpm=01;31:*.jar=01;31:*.war=01;31:*.ear=01;31:*.sar=01;31:*.rar=01;31:*.alz=01;31:*.ace=01;31:*.zoo=01;31:*.cpio=01;31:*.7z=01;31:*.rz=01;31:*.cab=01;31:*.wim=01;31:*.swm=01;31:*.dwm=01;31:*.esd=01;31:*.jpg=01;35:*.jpeg=01;35:*.mjpg=01;35:*.mjpeg=01;35:*.gif=01;35:*.bmp=01;35:*.pbm=01;35:*.pgm=01;35:*.ppm=01;35:*.tga=01;35:*.xbm=01;35:*.xpm=01;35:*.tif=01;35:*.tiff=01;35:*.png=01;35:*.svg=01;35:*.svgz=01;35:*.mng=01;35:*.pcx=01;35:*.mov=01;35:*.mpg=01;35:*.mpeg=01;35:*.m2v=01;35:*.mkv=01;35:*.webm=01;35:*.ogm=01;35:*.mp4=01;35:*.m4v=01;35:*.mp4v=01;35:*.vob=01;35:*.qt=01;35:*.nuv=01;35:*.wmv=01;35:*.asf=01;35:*.rm=01;35:*.rmvb=01;35:*.flc=01;35:*.avi=01;35:*.fli=01;35:*.flv=01;35:*.gl=01;35:*.dl=01;35:*.xcf=01;35:*.xwd=01;35:*.yuv=01;35:*.cgm=01;35:*.emf=01;35:*.ogv=01;35:*.ogx=01;35:*.aac=00;36:*.au=00;36:*.flac=00;36:*.m4a=00;36:*.mid=00;36:*.midi=00;36:*.mka=00;36:*.mp3=00;36:*.mpc=00;36:*.ogg=00;36:*.ra=00;36:*.wav=00;36:*.oga=00;36:*.opus=00;36:*.spx=00;36:*.xspf=00;36:'), ('VSCODE_GIT_IPC_HANDLE', '/run/user/1000/vscode-git-66f982bc43.sock'), ('TERM_PROGRAM', 'vscode'), ('SSH_AUTH_SOCK', '/run/user/1000/keyring/ssh'), ('ROS_DOMAIN_ID', '19'), ('AMENT_PREFIX_PATH', '/home/qianlab/lassie-traveler/dependencies/install/traveler_high_controller:/home/qianlab/lassie-traveler/dependencies/install/traveler_msgs:/opt/ros/foxy'), ('CONDA_PYTHON_EXE', '/home/qianlab/miniconda3/bin/python'), ('ORIGINAL_XDG_CURRENT_DESKTOP', 'ubuntu:GNOME'), ('SHELL', '/bin/bash'), ('QT_ACCESSIBILITY', '1'), ('GDMSESSION', 'ubuntu'), ('LESSCLOSE', '/usr/bin/lesspipe %s %s'), ('GPG_AGENT_INFO', '/run/user/1000/gnupg/S.gpg-agent:0:1'), ('GJS_DEBUG_OUTPUT', 'stderr'), ('VSCODE_GIT_ASKPASS_EXTRA_ARGS', ''), ('QT_IM_MODULE', 'ibus'), ('PWD', '/home/qianlab/single_turtle_workspace/build/traveler_msgs'), ('XDG_CONFIG_DIRS', '/etc/xdg/xdg-ubuntu:/etc/xdg'), ('CONDA_EXE', '/home/qianlab/miniconda3/bin/conda'), ('NVM_CD_FLAGS', ''), ('XDG_DATA_DIRS', '/usr/share/ubuntu:/usr/local/share/:/usr/share/:/var/lib/snapd/desktop'), ('PYTHONPATH', '/home/qianlab/lassie-traveler/dependencies/install/traveler_msgs/lib/python3.8/site-packages:/opt/ros/foxy/lib/python3.8/site-packages'), ('CUSTOM_ENV_NAME', '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'), ('COLCON', '1'), ('CMAKE_PREFIX_PATH', '/home/qianlab/lassie-traveler/dependencies/install/traveler_high_controller:/home/qianlab/lassie-traveler/dependencies/install/traveler_msgs:/opt/ros/foxy')]), 'shell': False}
[0.261020] (traveler_msgs) StdoutLine: {'line': b'-- Install configuration: ""\n'}
[0.261456] (traveler_msgs) StdoutLine: {'line': b'-- Up-to-date: /home/qianlab/single_turtle_workspace/install/traveler_msgs/share/ament_index/resource_index/rosidl_interfaces/traveler_msgs\n'}
[0.261577] (traveler_msgs) StdoutLine: {'line': b'-- Up-to-date: /home/qianlab/single_turtle_workspace/install/traveler_msgs/include/traveler_msgs\n'}
[0.261661] (traveler_msgs) StdoutLine: {'line': b'-- Up-to-date: /home/qianlab/single_turtle_workspace/install/traveler_msgs/include/traveler_msgs/msg\n'}
[0.261821] (traveler_msgs) StdoutLine: {'line': b'-- Up-to-date: /home/qianlab/single_turtle_workspace/install/traveler_msgs/include/traveler_msgs/msg/rosidl_generator_c__visibility_control.h\n'}
[0.261900] (traveler_msgs) StdoutLine: {'line': b'-- Up-to-date: /home/qianlab/single_turtle_workspace/install/traveler_msgs/include/traveler_msgs/msg/set_state.h\n'}
[0.261994] (traveler_msgs) StdoutLine: {'line': b'-- Up-to-date: /home/qianlab/single_turtle_workspace/install/traveler_msgs/include/traveler_msgs/msg/traveler_mode.h\n'}
[0.262127] (traveler_msgs) StdoutLine: {'line': b'-- Up-to-date: /home/qianlab/single_turtle_workspace/install/traveler_msgs/include/traveler_msgs/msg/odrive_status.h\n'}
[0.262237] (traveler_msgs) StdoutLine: {'line': b'-- Up-to-date: /home/qianlab/single_turtle_workspace/install/traveler_msgs/include/traveler_msgs/msg/traveler_config.h\n'}
[0.262327] (traveler_msgs) StdoutLine: {'line': b'-- Up-to-date: /home/qianlab/single_turtle_workspace/install/traveler_msgs/include/traveler_msgs/msg/traveler_status.h\n'}
[0.262401] (traveler_msgs) StdoutLine: {'line': b'-- Up-to-date: /home/qianlab/single_turtle_workspace/install/traveler_msgs/include/traveler_msgs/msg/set_input_position.h\n'}
[0.262584] (traveler_msgs) StdoutLine: {'line': b'-- Up-to-date: /home/qianlab/single_turtle_workspace/install/traveler_msgs/include/traveler_msgs/msg/detail\n'}
[0.262664] (traveler_msgs) StdoutLine: {'line': b'-- Up-to-date: /home/qianlab/single_turtle_workspace/install/traveler_msgs/include/traveler_msgs/msg/detail/set_state__struct.h\n'}
[0.262754] (traveler_msgs) StdoutLine: {'line': b'-- Up-to-date: /home/qianlab/single_turtle_workspace/install/traveler_msgs/include/traveler_msgs/msg/detail/traveler_config__struct.h\n'}
[0.262828] (traveler_msgs) StdoutLine: {'line': b'-- Up-to-date: /home/qianlab/single_turtle_workspace/install/traveler_msgs/include/traveler_msgs/msg/detail/odrive_status__struct.h\n'}
[0.262919] (traveler_msgs) StdoutLine: {'line': b'-- Up-to-date: /home/qianlab/single_turtle_workspace/install/traveler_msgs/include/traveler_msgs/msg/detail/odrive_status__functions.c\n'}
[0.263033] (traveler_msgs) StdoutLine: {'line': b'-- Up-to-date: /home/qianlab/single_turtle_workspace/install/traveler_msgs/include/traveler_msgs/msg/detail/traveler_config__functions.h\n'}
[0.263261] (traveler_msgs) StdoutLine: {'line': b'-- Up-to-date: /home/qianlab/single_turtle_workspace/install/traveler_msgs/include/traveler_msgs/msg/detail/traveler_config__functions.c\n'}
[0.263443] (traveler_msgs) StdoutLine: {'line': b'-- Up-to-date: /home/qianlab/single_turtle_workspace/install/traveler_msgs/include/traveler_msgs/msg/detail/traveler_status__functions.h\n'}
[0.263567] (traveler_msgs) StdoutLine: {'line': b'-- Up-to-date: /home/qianlab/single_turtle_workspace/install/traveler_msgs/include/traveler_msgs/msg/detail/odrive_status__type_support.h\n'}
[0.263677] (traveler_msgs) StdoutLine: {'line': b'-- Up-to-date: /home/qianlab/single_turtle_workspace/install/traveler_msgs/include/traveler_msgs/msg/detail/traveler_mode__functions.h\n'}
[0.263755] (traveler_msgs) StdoutLine: {'line': b'-- Up-to-date: /home/qianlab/single_turtle_workspace/install/traveler_msgs/include/traveler_msgs/msg/detail/set_input_position__functions.c\n'}
[0.263847] (traveler_msgs) StdoutLine: {'line': b'-- Up-to-date: /home/qianlab/single_turtle_workspace/install/traveler_msgs/include/traveler_msgs/msg/detail/traveler_status__struct.h\n'}
[0.263919] (traveler_msgs) StdoutLine: {'line': b'-- Up-to-date: /home/qianlab/single_turtle_workspace/install/traveler_msgs/include/traveler_msgs/msg/detail/traveler_status__functions.c\n'}
[0.264031] (traveler_msgs) StdoutLine: {'line': b'-- Up-to-date: /home/qianlab/single_turtle_workspace/install/traveler_msgs/include/traveler_msgs/msg/detail/traveler_mode__struct.h\n'}
[0.264105] (traveler_msgs) StdoutLine: {'line': b'-- Up-to-date: /home/qianlab/single_turtle_workspace/install/traveler_msgs/include/traveler_msgs/msg/detail/set_state__functions.h\n'}
[0.264174] (traveler_msgs) StdoutLine: {'line': b'-- Up-to-date: /home/qianlab/single_turtle_workspace/install/traveler_msgs/include/traveler_msgs/msg/detail/set_input_position__functions.h\n'}
[0.264255] (traveler_msgs) StdoutLine: {'line': b'-- Up-to-date: /home/qianlab/single_turtle_workspace/install/traveler_msgs/include/traveler_msgs/msg/detail/set_input_position__type_support.h\n'}
[0.264327] (traveler_msgs) StdoutLine: {'line': b'-- Up-to-date: /home/qianlab/single_turtle_workspace/install/traveler_msgs/include/traveler_msgs/msg/detail/odrive_status__functions.h\n'}
[0.264398] (traveler_msgs) StdoutLine: {'line': b'-- Up-to-date: /home/qianlab/single_turtle_workspace/install/traveler_msgs/include/traveler_msgs/msg/detail/traveler_mode__type_support.h\n'}
[0.264469] (traveler_msgs) StdoutLine: {'line': b'-- Up-to-date: /home/qianlab/single_turtle_workspace/install/traveler_msgs/include/traveler_msgs/msg/detail/traveler_mode__functions.c\n'}
[0.264540] (traveler_msgs) StdoutLine: {'line': b'-- Up-to-date: /home/qianlab/single_turtle_workspace/install/traveler_msgs/include/traveler_msgs/msg/detail/set_state__functions.c\n'}
[0.264612] (traveler_msgs) StdoutLine: {'line': b'-- Up-to-date: /home/qianlab/single_turtle_workspace/install/traveler_msgs/include/traveler_msgs/msg/detail/set_input_position__struct.h\n'}
[0.264695] (traveler_msgs) StdoutLine: {'line': b'-- Up-to-date: /home/qianlab/single_turtle_workspace/install/traveler_msgs/include/traveler_msgs/msg/detail/set_state__type_support.h\n'}
[0.264771] (traveler_msgs) StdoutLine: {'line': b'-- Up-to-date: /home/qianlab/single_turtle_workspace/install/traveler_msgs/include/traveler_msgs/msg/detail/traveler_status__type_support.h\n'}
[0.264838] (traveler_msgs) StdoutLine: {'line': b'-- Up-to-date: /home/qianlab/single_turtle_workspace/install/traveler_msgs/include/traveler_msgs/msg/detail/traveler_config__type_support.h\n'}
[0.264905] (traveler_msgs) StdoutLine: {'line': b'-- Up-to-date: /home/qianlab/single_turtle_workspace/install/traveler_msgs/share/traveler_msgs/environment/library_path.sh\n'}
[0.264975] (traveler_msgs) StdoutLine: {'line': b'-- Up-to-date: /home/qianlab/single_turtle_workspace/install/traveler_msgs/share/traveler_msgs/environment/library_path.dsv\n'}
[0.265049] (traveler_msgs) StdoutLine: {'line': b'-- Up-to-date: /home/qianlab/single_turtle_workspace/install/traveler_msgs/lib/libtraveler_msgs__rosidl_generator_c.so\n'}
[0.265123] (traveler_msgs) StdoutLine: {'line': b'-- Up-to-date: /home/qianlab/single_turtle_workspace/install/traveler_msgs/include/traveler_msgs\n'}
[0.265197] (traveler_msgs) StdoutLine: {'line': b'-- Up-to-date: /home/qianlab/single_turtle_workspace/install/traveler_msgs/include/traveler_msgs/msg\n'}
[0.265272] (traveler_msgs) StdoutLine: {'line': b'-- Up-to-date: /home/qianlab/single_turtle_workspace/install/traveler_msgs/include/traveler_msgs/msg/rosidl_typesupport_fastrtps_c__visibility_control.h\n'}
[0.265345] (traveler_msgs) StdoutLine: {'line': b'-- Up-to-date: /home/qianlab/single_turtle_workspace/install/traveler_msgs/include/traveler_msgs/msg/detail\n'}
[0.265418] (traveler_msgs) StdoutLine: {'line': b'-- Up-to-date: /home/qianlab/single_turtle_workspace/install/traveler_msgs/include/traveler_msgs/msg/detail/traveler_config__rosidl_typesupport_fastrtps_c.h\n'}
[0.265489] (traveler_msgs) StdoutLine: {'line': b'-- Up-to-date: /home/qianlab/single_turtle_workspace/install/traveler_msgs/include/traveler_msgs/msg/detail/traveler_mode__rosidl_typesupport_fastrtps_c.h\n'}
[0.265558] (traveler_msgs) StdoutLine: {'line': b'-- Up-to-date: /home/qianlab/single_turtle_workspace/install/traveler_msgs/include/traveler_msgs/msg/detail/traveler_status__rosidl_typesupport_fastrtps_c.h\n'}
[0.265628] (traveler_msgs) StdoutLine: {'line': b'-- Up-to-date: /home/qianlab/single_turtle_workspace/install/traveler_msgs/include/traveler_msgs/msg/detail/set_input_position__rosidl_typesupport_fastrtps_c.h\n'}
[0.265695] (traveler_msgs) StdoutLine: {'line': b'-- Up-to-date: /home/qianlab/single_turtle_workspace/install/traveler_msgs/include/traveler_msgs/msg/detail/set_state__rosidl_typesupport_fastrtps_c.h\n'}
[0.265765] (traveler_msgs) StdoutLine: {'line': b'-- Up-to-date: /home/qianlab/single_turtle_workspace/install/traveler_msgs/include/traveler_msgs/msg/detail/odrive_status__rosidl_typesupport_fastrtps_c.h\n'}
[0.265847] (traveler_msgs) StdoutLine: {'line': b'-- Up-to-date: /home/qianlab/single_turtle_workspace/install/traveler_msgs/lib/libtraveler_msgs__rosidl_typesupport_fastrtps_c.so\n'}
[0.265915] (traveler_msgs) StdoutLine: {'line': b'-- Up-to-date: /home/qianlab/single_turtle_workspace/install/traveler_msgs/include/traveler_msgs\n'}
[0.265981] (traveler_msgs) StdoutLine: {'line': b'-- Up-to-date: /home/qianlab/single_turtle_workspace/install/traveler_msgs/include/traveler_msgs/msg\n'}
[0.266046] (traveler_msgs) StdoutLine: {'line': b'-- Up-to-date: /home/qianlab/single_turtle_workspace/install/traveler_msgs/include/traveler_msgs/msg/detail\n'}
[0.266111] (traveler_msgs) StdoutLine: {'line': b'-- Up-to-date: /home/qianlab/single_turtle_workspace/install/traveler_msgs/include/traveler_msgs/msg/detail/traveler_config__rosidl_typesupport_fastrtps_cpp.hpp\n'}
[0.266176] (traveler_msgs) StdoutLine: {'line': b'-- Up-to-date: /home/qianlab/single_turtle_workspace/install/traveler_msgs/include/traveler_msgs/msg/detail/traveler_mode__rosidl_typesupport_fastrtps_cpp.hpp\n'}
[0.266241] (traveler_msgs) StdoutLine: {'line': b'-- Up-to-date: /home/qianlab/single_turtle_workspace/install/traveler_msgs/include/traveler_msgs/msg/detail/set_input_position__rosidl_typesupport_fastrtps_cpp.hpp\n'}
[0.266309] (traveler_msgs) StdoutLine: {'line': b'-- Up-to-date: /home/qianlab/single_turtle_workspace/install/traveler_msgs/include/traveler_msgs/msg/detail/dds_fastrtps\n'}
[0.266374] (traveler_msgs) StdoutLine: {'line': b'-- Up-to-date: /home/qianlab/single_turtle_workspace/install/traveler_msgs/include/traveler_msgs/msg/detail/traveler_status__rosidl_typesupport_fastrtps_cpp.hpp\n'}
[0.266446] (traveler_msgs) StdoutLine: {'line': b'-- Up-to-date: /home/qianlab/single_turtle_workspace/install/traveler_msgs/include/traveler_msgs/msg/detail/odrive_status__rosidl_typesupport_fastrtps_cpp.hpp\n'}
[0.266509] (traveler_msgs) StdoutLine: {'line': b'-- Up-to-date: /home/qianlab/single_turtle_workspace/install/traveler_msgs/include/traveler_msgs/msg/detail/set_state__rosidl_typesupport_fastrtps_cpp.hpp\n'}
[0.266573] (traveler_msgs) StdoutLine: {'line': b'-- Up-to-date: /home/qianlab/single_turtle_workspace/install/traveler_msgs/include/traveler_msgs/msg/rosidl_typesupport_fastrtps_cpp__visibility_control.h\n'}
[0.266636] (traveler_msgs) StdoutLine: {'line': b'-- Up-to-date: /home/qianlab/single_turtle_workspace/install/traveler_msgs/lib/libtraveler_msgs__rosidl_typesupport_fastrtps_cpp.so\n'}
[0.266699] (traveler_msgs) StdoutLine: {'line': b'-- Up-to-date: /home/qianlab/single_turtle_workspace/install/traveler_msgs/include/traveler_msgs\n'}
[0.266763] (traveler_msgs) StdoutLine: {'line': b'-- Up-to-date: /home/qianlab/single_turtle_workspace/install/traveler_msgs/include/traveler_msgs/msg\n'}
[0.266825] (traveler_msgs) StdoutLine: {'line': b'-- Up-to-date: /home/qianlab/single_turtle_workspace/install/traveler_msgs/include/traveler_msgs/msg/rosidl_typesupport_introspection_c__visibility_control.h\n'}
[0.266891] (traveler_msgs) StdoutLine: {'line': b'-- Up-to-date: /home/qianlab/single_turtle_workspace/install/traveler_msgs/include/traveler_msgs/msg/detail\n'}
[0.266955] (traveler_msgs) StdoutLine: {'line': b'-- Up-to-date: /home/qianlab/single_turtle_workspace/install/traveler_msgs/include/traveler_msgs/msg/detail/traveler_status__rosidl_typesupport_introspection_c.h\n'}
[0.267018] (traveler_msgs) StdoutLine: {'line': b'-- Up-to-date: /home/qianlab/single_turtle_workspace/install/traveler_msgs/include/traveler_msgs/msg/detail/traveler_config__rosidl_typesupport_introspection_c.h\n'}
[0.267082] (traveler_msgs) StdoutLine: {'line': b'-- Up-to-date: /home/qianlab/single_turtle_workspace/install/traveler_msgs/include/traveler_msgs/msg/detail/set_state__type_support.c\n'}
[0.267146] (traveler_msgs) StdoutLine: {'line': b'-- Up-to-date: /home/qianlab/single_turtle_workspace/install/traveler_msgs/include/traveler_msgs/msg/detail/traveler_mode__rosidl_typesupport_introspection_c.h\n'}
[0.267211] (traveler_msgs) StdoutLine: {'line': b'-- Up-to-date: /home/qianlab/single_turtle_workspace/install/traveler_msgs/include/traveler_msgs/msg/detail/set_input_position__rosidl_typesupport_introspection_c.h\n'}
[0.267275] (traveler_msgs) StdoutLine: {'line': b'-- Up-to-date: /home/qianlab/single_turtle_workspace/install/traveler_msgs/include/traveler_msgs/msg/detail/odrive_status__rosidl_typesupport_introspection_c.h\n'}
[0.267338] (traveler_msgs) StdoutLine: {'line': b'-- Up-to-date: /home/qianlab/single_turtle_workspace/install/traveler_msgs/include/traveler_msgs/msg/detail/traveler_mode__type_support.c\n'}
[0.267401] (traveler_msgs) StdoutLine: {'line': b'-- Up-to-date: /home/qianlab/single_turtle_workspace/install/traveler_msgs/include/traveler_msgs/msg/detail/set_input_position__type_support.c\n'}
[0.267463] (traveler_msgs) StdoutLine: {'line': b'-- Up-to-date: /home/qianlab/single_turtle_workspace/install/traveler_msgs/include/traveler_msgs/msg/detail/set_state__rosidl_typesupport_introspection_c.h\n'}
[0.267530] (traveler_msgs) StdoutLine: {'line': b'-- Up-to-date: /home/qianlab/single_turtle_workspace/install/traveler_msgs/include/traveler_msgs/msg/detail/traveler_status__type_support.c\n'}
[0.267594] (traveler_msgs) StdoutLine: {'line': b'-- Up-to-date: /home/qianlab/single_turtle_workspace/install/traveler_msgs/include/traveler_msgs/msg/detail/traveler_config__type_support.c\n'}
[0.267663] (traveler_msgs) StdoutLine: {'line': b'-- Up-to-date: /home/qianlab/single_turtle_workspace/install/traveler_msgs/include/traveler_msgs/msg/detail/odrive_status__type_support.c\n'}
[0.267726] (traveler_msgs) StdoutLine: {'line': b'-- Up-to-date: /home/qianlab/single_turtle_workspace/install/traveler_msgs/lib/libtraveler_msgs__rosidl_typesupport_introspection_c.so\n'}
[0.267789] (traveler_msgs) StdoutLine: {'line': b'-- Up-to-date: /home/qianlab/single_turtle_workspace/install/traveler_msgs/lib/libtraveler_msgs__rosidl_typesupport_c.so\n'}
[0.267851] (traveler_msgs) StdoutLine: {'line': b'-- Up-to-date: /home/qianlab/single_turtle_workspace/install/traveler_msgs/include/traveler_msgs\n'}
[0.267916] (traveler_msgs) StdoutLine: {'line': b'-- Up-to-date: /home/qianlab/single_turtle_workspace/install/traveler_msgs/include/traveler_msgs/msg\n'}
[0.267979] (traveler_msgs) StdoutLine: {'line': b'-- Up-to-date: /home/qianlab/single_turtle_workspace/install/traveler_msgs/include/traveler_msgs/msg/set_state.hpp\n'}
[0.268042] (traveler_msgs) StdoutLine: {'line': b'-- Up-to-date: /home/qianlab/single_turtle_workspace/install/traveler_msgs/include/traveler_msgs/msg/rosidl_generator_cpp__visibility_control.hpp\n'}
[0.268105] (traveler_msgs) StdoutLine: {'line': b'-- Up-to-date: /home/qianlab/single_turtle_workspace/install/traveler_msgs/include/traveler_msgs/msg/traveler_status.hpp\n'}
[0.268168] (traveler_msgs) StdoutLine: {'line': b'-- Up-to-date: /home/qianlab/single_turtle_workspace/install/traveler_msgs/include/traveler_msgs/msg/traveler_mode.hpp\n'}
[0.268231] (traveler_msgs) StdoutLine: {'line': b'-- Up-to-date: /home/qianlab/single_turtle_workspace/install/traveler_msgs/include/traveler_msgs/msg/traveler_config.hpp\n'}
[0.268301] (traveler_msgs) StdoutLine: {'line': b'-- Up-to-date: /home/qianlab/single_turtle_workspace/install/traveler_msgs/include/traveler_msgs/msg/set_input_position.hpp\n'}
[0.268365] (traveler_msgs) StdoutLine: {'line': b'-- Up-to-date: /home/qianlab/single_turtle_workspace/install/traveler_msgs/include/traveler_msgs/msg/odrive_status.hpp\n'}
[0.268428] (traveler_msgs) StdoutLine: {'line': b'-- Up-to-date: /home/qianlab/single_turtle_workspace/install/traveler_msgs/include/traveler_msgs/msg/detail\n'}
[0.268492] (traveler_msgs) StdoutLine: {'line': b'-- Up-to-date: /home/qianlab/single_turtle_workspace/install/traveler_msgs/include/traveler_msgs/msg/detail/traveler_config__builder.hpp\n'}
[0.268555] (traveler_msgs) StdoutLine: {'line': b'-- Up-to-date: /home/qianlab/single_turtle_workspace/install/traveler_msgs/include/traveler_msgs/msg/detail/traveler_status__builder.hpp\n'}
[0.268618] (traveler_msgs) StdoutLine: {'line': b'-- Up-to-date: /home/qianlab/single_turtle_workspace/install/traveler_msgs/include/traveler_msgs/msg/detail/traveler_config__type_support.hpp\n'}
[0.268681] (traveler_msgs) StdoutLine: {'line': b'-- Up-to-date: /home/qianlab/single_turtle_workspace/install/traveler_msgs/include/traveler_msgs/msg/detail/traveler_config__traits.hpp\n'}
[0.268744] (traveler_msgs) StdoutLine: {'line': b'-- Up-to-date: /home/qianlab/single_turtle_workspace/install/traveler_msgs/include/traveler_msgs/msg/detail/traveler_mode__builder.hpp\n'}
[0.268807] (traveler_msgs) StdoutLine: {'line': b'-- Up-to-date: /home/qianlab/single_turtle_workspace/install/traveler_msgs/include/traveler_msgs/msg/detail/odrive_status__traits.hpp\n'}
[0.268869] (traveler_msgs) StdoutLine: {'line': b'-- Up-to-date: /home/qianlab/single_turtle_workspace/install/traveler_msgs/include/traveler_msgs/msg/detail/set_input_position__struct.hpp\n'}
[0.268934] (traveler_msgs) StdoutLine: {'line': b'-- Up-to-date: /home/qianlab/single_turtle_workspace/install/traveler_msgs/include/traveler_msgs/msg/detail/set_state__traits.hpp\n'}
[0.268997] (traveler_msgs) StdoutLine: {'line': b'-- Up-to-date: /home/qianlab/single_turtle_workspace/install/traveler_msgs/include/traveler_msgs/msg/detail/odrive_status__builder.hpp\n'}
[0.269060] (traveler_msgs) StdoutLine: {'line': b'-- Up-to-date: /home/qianlab/single_turtle_workspace/install/traveler_msgs/include/traveler_msgs/msg/detail/traveler_mode__struct.hpp\n'}
[0.269127] (traveler_msgs) StdoutLine: {'line': b'-- Up-to-date: /home/qianlab/single_turtle_workspace/install/traveler_msgs/include/traveler_msgs/msg/detail/set_state__builder.hpp\n'}
[0.269190] (traveler_msgs) StdoutLine: {'line': b'-- Up-to-date: /home/qianlab/single_turtle_workspace/install/traveler_msgs/include/traveler_msgs/msg/detail/set_input_position__type_support.hpp\n'}
[0.269254] (traveler_msgs) StdoutLine: {'line': b'-- Up-to-date: /home/qianlab/single_turtle_workspace/install/traveler_msgs/include/traveler_msgs/msg/detail/traveler_status__traits.hpp\n'}
[0.269316] (traveler_msgs) StdoutLine: {'line': b'-- Up-to-date: /home/qianlab/single_turtle_workspace/install/traveler_msgs/include/traveler_msgs/msg/detail/traveler_mode__type_support.hpp\n'}
[0.269380] (traveler_msgs) StdoutLine: {'line': b'-- Up-to-date: /home/qianlab/single_turtle_workspace/install/traveler_msgs/include/traveler_msgs/msg/detail/set_state__type_support.hpp\n'}
[0.269446] (traveler_msgs) StdoutLine: {'line': b'-- Up-to-date: /home/qianlab/single_turtle_workspace/install/traveler_msgs/include/traveler_msgs/msg/detail/traveler_config__struct.hpp\n'}
[0.269509] (traveler_msgs) StdoutLine: {'line': b'-- Up-to-date: /home/qianlab/single_turtle_workspace/install/traveler_msgs/include/traveler_msgs/msg/detail/odrive_status__type_support.hpp\n'}
[0.269573] (traveler_msgs) StdoutLine: {'line': b'-- Up-to-date: /home/qianlab/single_turtle_workspace/install/traveler_msgs/include/traveler_msgs/msg/detail/odrive_status__struct.hpp\n'}
[0.269636] (traveler_msgs) StdoutLine: {'line': b'-- Up-to-date: /home/qianlab/single_turtle_workspace/install/traveler_msgs/include/traveler_msgs/msg/detail/traveler_status__type_support.hpp\n'}
[0.269699] (traveler_msgs) StdoutLine: {'line': b'-- Up-to-date: /home/qianlab/single_turtle_workspace/install/traveler_msgs/include/traveler_msgs/msg/detail/set_input_position__builder.hpp\n'}
[0.269762] (traveler_msgs) StdoutLine: {'line': b'-- Up-to-date: /home/qianlab/single_turtle_workspace/install/traveler_msgs/include/traveler_msgs/msg/detail/traveler_status__struct.hpp\n'}
[0.269830] (traveler_msgs) StdoutLine: {'line': b'-- Up-to-date: /home/qianlab/single_turtle_workspace/install/traveler_msgs/include/traveler_msgs/msg/detail/traveler_mode__traits.hpp\n'}
[0.269895] (traveler_msgs) StdoutLine: {'line': b'-- Up-to-date: /home/qianlab/single_turtle_workspace/install/traveler_msgs/include/traveler_msgs/msg/detail/set_state__struct.hpp\n'}
[0.269959] (traveler_msgs) StdoutLine: {'line': b'-- Up-to-date: /home/qianlab/single_turtle_workspace/install/traveler_msgs/include/traveler_msgs/msg/detail/set_input_position__traits.hpp\n'}
[0.270022] (traveler_msgs) StdoutLine: {'line': b'-- Up-to-date: /home/qianlab/single_turtle_workspace/install/traveler_msgs/include/traveler_msgs\n'}
[0.270085] (traveler_msgs) StdoutLine: {'line': b'-- Up-to-date: /home/qianlab/single_turtle_workspace/install/traveler_msgs/include/traveler_msgs/msg\n'}
[0.270148] (traveler_msgs) StdoutLine: {'line': b'-- Up-to-date: /home/qianlab/single_turtle_workspace/install/traveler_msgs/include/traveler_msgs/msg/detail\n'}
[0.270212] (traveler_msgs) StdoutLine: {'line': b'-- Up-to-date: /home/qianlab/single_turtle_workspace/install/traveler_msgs/include/traveler_msgs/msg/detail/traveler_mode__type_support.cpp\n'}
[0.270276] (traveler_msgs) StdoutLine: {'line': b'-- Up-to-date: /home/qianlab/single_turtle_workspace/install/traveler_msgs/include/traveler_msgs/msg/detail/odrive_status__rosidl_typesupport_introspection_cpp.hpp\n'}
[0.270346] (traveler_msgs) StdoutLine: {'line': b'-- Up-to-date: /home/qianlab/single_turtle_workspace/install/traveler_msgs/include/traveler_msgs/msg/detail/set_state__rosidl_typesupport_introspection_cpp.hpp\n'}
[0.270410] (traveler_msgs) StdoutLine: {'line': b'-- Up-to-date: /home/qianlab/single_turtle_workspace/install/traveler_msgs/include/traveler_msgs/msg/detail/traveler_status__type_support.cpp\n'}
[0.270476] (traveler_msgs) StdoutLine: {'line': b'-- Up-to-date: /home/qianlab/single_turtle_workspace/install/traveler_msgs/include/traveler_msgs/msg/detail/traveler_status__rosidl_typesupport_introspection_cpp.hpp\n'}
[0.270540] (traveler_msgs) StdoutLine: {'line': b'-- Up-to-date: /home/qianlab/single_turtle_workspace/install/traveler_msgs/include/traveler_msgs/msg/detail/set_input_position__rosidl_typesupport_introspection_cpp.hpp\n'}
[0.270603] (traveler_msgs) StdoutLine: {'line': b'-- Up-to-date: /home/qianlab/single_turtle_workspace/install/traveler_msgs/include/traveler_msgs/msg/detail/odrive_status__type_support.cpp\n'}
[0.270666] (traveler_msgs) StdoutLine: {'line': b'-- Up-to-date: /home/qianlab/single_turtle_workspace/install/traveler_msgs/include/traveler_msgs/msg/detail/traveler_mode__rosidl_typesupport_introspection_cpp.hpp\n'}
[0.270728] (traveler_msgs) StdoutLine: {'line': b'-- Up-to-date: /home/qianlab/single_turtle_workspace/install/traveler_msgs/include/traveler_msgs/msg/detail/set_state__type_support.cpp\n'}
[0.270791] (traveler_msgs) StdoutLine: {'line': b'-- Up-to-date: /home/qianlab/single_turtle_workspace/install/traveler_msgs/include/traveler_msgs/msg/detail/traveler_config__type_support.cpp\n'}
[0.270854] (traveler_msgs) StdoutLine: {'line': b'-- Up-to-date: /home/qianlab/single_turtle_workspace/install/traveler_msgs/include/traveler_msgs/msg/detail/set_input_position__type_support.cpp\n'}
[0.270917] (traveler_msgs) StdoutLine: {'line': b'-- Up-to-date: /home/qianlab/single_turtle_workspace/install/traveler_msgs/include/traveler_msgs/msg/detail/traveler_config__rosidl_typesupport_introspection_cpp.hpp\n'}
[0.270981] (traveler_msgs) StdoutLine: {'line': b'-- Up-to-date: /home/qianlab/single_turtle_workspace/install/traveler_msgs/lib/libtraveler_msgs__rosidl_typesupport_introspection_cpp.so\n'}
[0.271044] (traveler_msgs) StdoutLine: {'line': b'-- Up-to-date: /home/qianlab/single_turtle_workspace/install/traveler_msgs/lib/libtraveler_msgs__rosidl_typesupport_cpp.so\n'}
[0.271107] (traveler_msgs) StdoutLine: {'line': b'-- Up-to-date: /home/qianlab/single_turtle_workspace/install/traveler_msgs/share/traveler_msgs/environment/pythonpath.sh\n'}
[0.271170] (traveler_msgs) StdoutLine: {'line': b'-- Up-to-date: /home/qianlab/single_turtle_workspace/install/traveler_msgs/share/traveler_msgs/environment/pythonpath.dsv\n'}
[0.271237] (traveler_msgs) StdoutLine: {'line': b'-- Up-to-date: /home/qianlab/single_turtle_workspace/install/traveler_msgs/lib/python3.8/site-packages/traveler_msgs/__init__.py\n'}
[0.287167] (traveler_msgs) StdoutLine: {'line': b'-- Up-to-date: /home/qianlab/single_turtle_workspace/install/traveler_msgs/lib/python3.8/site-packages/traveler_msgs/msg\n'}
[0.287490] (traveler_msgs) StdoutLine: {'line': b'-- Up-to-date: /home/qianlab/single_turtle_workspace/install/traveler_msgs/lib/python3.8/site-packages/traveler_msgs/msg/_set_input_position_s.c\n'}
[0.287573] (traveler_msgs) StdoutLine: {'line': b'-- Up-to-date: /home/qianlab/single_turtle_workspace/install/traveler_msgs/lib/python3.8/site-packages/traveler_msgs/msg/_traveler_mode.py\n'}
[0.287646] (traveler_msgs) StdoutLine: {'line': b'-- Up-to-date: /home/qianlab/single_turtle_workspace/install/traveler_msgs/lib/python3.8/site-packages/traveler_msgs/msg/_odrive_status_s.c\n'}
[0.287824] (traveler_msgs) StdoutLine: {'line': b'-- Up-to-date: /home/qianlab/single_turtle_workspace/install/traveler_msgs/lib/python3.8/site-packages/traveler_msgs/msg/_traveler_mode_s.c\n'}
[0.287905] (traveler_msgs) StdoutLine: {'line': b'-- Up-to-date: /home/qianlab/single_turtle_workspace/install/traveler_msgs/lib/python3.8/site-packages/traveler_msgs/msg/_traveler_status.py\n'}
[0.287975] (traveler_msgs) StdoutLine: {'line': b'-- Up-to-date: /home/qianlab/single_turtle_workspace/install/traveler_msgs/lib/python3.8/site-packages/traveler_msgs/msg/_set_input_position.py\n'}
[0.288041] (traveler_msgs) StdoutLine: {'line': b'-- Up-to-date: /home/qianlab/single_turtle_workspace/install/traveler_msgs/lib/python3.8/site-packages/traveler_msgs/msg/_odrive_status.py\n'}
[0.288117] (traveler_msgs) StdoutLine: {'line': b'-- Up-to-date: /home/qianlab/single_turtle_workspace/install/traveler_msgs/lib/python3.8/site-packages/traveler_msgs/msg/_traveler_config_s.c\n'}
[0.288181] (traveler_msgs) StdoutLine: {'line': b'-- Up-to-date: /home/qianlab/single_turtle_workspace/install/traveler_msgs/lib/python3.8/site-packages/traveler_msgs/msg/_set_state_s.c\n'}
[0.288318] (traveler_msgs) StdoutLine: {'line': b'-- Up-to-date: /home/qianlab/single_turtle_workspace/install/traveler_msgs/lib/python3.8/site-packages/traveler_msgs/msg/_traveler_status_s.c\n'}
[0.288416] (traveler_msgs) StdoutLine: {'line': b'-- Up-to-date: /home/qianlab/single_turtle_workspace/install/traveler_msgs/lib/python3.8/site-packages/traveler_msgs/msg/_traveler_config.py\n'}
[0.288487] (traveler_msgs) StdoutLine: {'line': b'-- Up-to-date: /home/qianlab/single_turtle_workspace/install/traveler_msgs/lib/python3.8/site-packages/traveler_msgs/msg/_set_state.py\n'}
[0.288561] (traveler_msgs) StdoutLine: {'line': b'-- Up-to-date: /home/qianlab/single_turtle_workspace/install/traveler_msgs/lib/python3.8/site-packages/traveler_msgs/msg/__init__.py\n'}
[0.288626] (traveler_msgs) StdoutLine: {'line': b'-- Up-to-date: /home/qianlab/single_turtle_workspace/install/traveler_msgs/lib/python3.8/site-packages/traveler_msgs/traveler_msgs_s__rosidl_typesupport_fastrtps_c.cpython-38-x86_64-linux-gnu.so\n'}
[0.288692] (traveler_msgs) StdoutLine: {'line': b'-- Up-to-date: /home/qianlab/single_turtle_workspace/install/traveler_msgs/lib/python3.8/site-packages/traveler_msgs/traveler_msgs_s__rosidl_typesupport_introspection_c.cpython-38-x86_64-linux-gnu.so\n'}
[0.288827] (traveler_msgs) StdoutLine: {'line': b'-- Up-to-date: /home/qianlab/single_turtle_workspace/install/traveler_msgs/lib/python3.8/site-packages/traveler_msgs/traveler_msgs_s__rosidl_typesupport_c.cpython-38-x86_64-linux-gnu.so\n'}
[0.289173] (traveler_msgs) StdoutLine: {'line': b'-- Up-to-date: /home/qianlab/single_turtle_workspace/install/traveler_msgs/lib/libtraveler_msgs__python.so\n'}
[0.289343] (traveler_msgs) StdoutLine: {'line': b'-- Up-to-date: /home/qianlab/single_turtle_workspace/install/traveler_msgs/share/traveler_msgs/msg/OdriveStatus.idl\n'}
[0.289470] (traveler_msgs) StdoutLine: {'line': b'-- Up-to-date: /home/qianlab/single_turtle_workspace/install/traveler_msgs/share/traveler_msgs/msg/TravelerConfig.idl\n'}
[0.289566] (traveler_msgs) StdoutLine: {'line': b'-- Up-to-date: /home/qianlab/single_turtle_workspace/install/traveler_msgs/share/traveler_msgs/msg/TravelerMode.idl\n'}
[0.289656] (traveler_msgs) StdoutLine: {'line': b'-- Up-to-date: /home/qianlab/single_turtle_workspace/install/traveler_msgs/share/traveler_msgs/msg/TravelerStatus.idl\n'}
[0.289745] (traveler_msgs) StdoutLine: {'line': b'-- Up-to-date: /home/qianlab/single_turtle_workspace/install/traveler_msgs/share/traveler_msgs/msg/SetState.idl\n'}
[0.289838] (traveler_msgs) StdoutLine: {'line': b'-- Up-to-date: /home/qianlab/single_turtle_workspace/install/traveler_msgs/share/traveler_msgs/msg/SetInputPosition.idl\n'}
[0.289918] (traveler_msgs) StdoutLine: {'line': b'-- Up-to-date: /home/qianlab/single_turtle_workspace/install/traveler_msgs/share/traveler_msgs/msg/OdriveStatus.msg\n'}
[0.290082] (traveler_msgs) StdoutLine: {'line': b'-- Up-to-date: /home/qianlab/single_turtle_workspace/install/traveler_msgs/share/traveler_msgs/msg/TravelerConfig.msg\n'}
[0.290147] (traveler_msgs) StdoutLine: {'line': b'-- Up-to-date: /home/qianlab/single_turtle_workspace/install/traveler_msgs/share/traveler_msgs/msg/TravelerMode.msg\n'}
[0.290220] (traveler_msgs) StdoutLine: {'line': b'-- Up-to-date: /home/qianlab/single_turtle_workspace/install/traveler_msgs/share/traveler_msgs/msg/TravelerStatus.msg\n'}
[0.290287] (traveler_msgs) StdoutLine: {'line': b'-- Up-to-date: /home/qianlab/single_turtle_workspace/install/traveler_msgs/share/traveler_msgs/odrivemsg/SetState.msg\n'}
[0.290352] (traveler_msgs) StdoutLine: {'line': b'-- Up-to-date: /home/qianlab/single_turtle_workspace/install/traveler_msgs/share/traveler_msgs/odrivemsg/SetInputPosition.msg\n'}
[0.290490] (traveler_msgs) StdoutLine: {'line': b'-- Up-to-date: /home/qianlab/single_turtle_workspace/install/traveler_msgs/share/ament_index/resource_index/package_run_dependencies/traveler_msgs\n'}
[0.290572] (traveler_msgs) StdoutLine: {'line': b'-- Up-to-date: /home/qianlab/single_turtle_workspace/install/traveler_msgs/share/ament_index/resource_index/parent_prefix_path/traveler_msgs\n'}
[0.290660] (traveler_msgs) StdoutLine: {'line': b'-- Up-to-date: /home/qianlab/single_turtle_workspace/install/traveler_msgs/share/traveler_msgs/environment/ament_prefix_path.sh\n'}
[0.290726] (traveler_msgs) StdoutLine: {'line': b'-- Up-to-date: /home/qianlab/single_turtle_workspace/install/traveler_msgs/share/traveler_msgs/environment/ament_prefix_path.dsv\n'}
[0.290812] (traveler_msgs) StdoutLine: {'line': b'-- Up-to-date: /home/qianlab/single_turtle_workspace/install/traveler_msgs/share/traveler_msgs/environment/path.sh\n'}
[0.290904] (traveler_msgs) StdoutLine: {'line': b'-- Up-to-date: /home/qianlab/single_turtle_workspace/install/traveler_msgs/share/traveler_msgs/environment/path.dsv\n'}
[0.290984] (traveler_msgs) StdoutLine: {'line': b'-- Up-to-date: /home/qianlab/single_turtle_workspace/install/traveler_msgs/share/traveler_msgs/local_setup.bash\n'}
[0.291049] (traveler_msgs) StdoutLine: {'line': b'-- Up-to-date: /home/qianlab/single_turtle_workspace/install/traveler_msgs/share/traveler_msgs/local_setup.sh\n'}
[0.291140] (traveler_msgs) StdoutLine: {'line': b'-- Up-to-date: /home/qianlab/single_turtle_workspace/install/traveler_msgs/share/traveler_msgs/local_setup.zsh\n'}
[0.291231] (traveler_msgs) StdoutLine: {'line': b'-- Up-to-date: /home/qianlab/single_turtle_workspace/install/traveler_msgs/share/traveler_msgs/local_setup.dsv\n'}
[0.291350] (traveler_msgs) StdoutLine: {'line': b'-- Installing: /home/qianlab/single_turtle_workspace/install/traveler_msgs/share/traveler_msgs/package.dsv\n'}
[0.291468] (traveler_msgs) StdoutLine: {'line': b'-- Up-to-date: /home/qianlab/single_turtle_workspace/install/traveler_msgs/share/ament_index/resource_index/packages/traveler_msgs\n'}
[0.291533] (traveler_msgs) StdoutLine: {'line': b'-- Up-to-date: /home/qianlab/single_turtle_workspace/install/traveler_msgs/share/traveler_msgs/cmake/traveler_msgs__rosidl_generator_cExport.cmake\n'}
[0.291599] (traveler_msgs) StdoutLine: {'line': b'-- Up-to-date: /home/qianlab/single_turtle_workspace/install/traveler_msgs/share/traveler_msgs/cmake/traveler_msgs__rosidl_generator_cExport-noconfig.cmake\n'}
[0.291663] (traveler_msgs) StdoutLine: {'line': b'-- Up-to-date: /home/qianlab/single_turtle_workspace/install/traveler_msgs/share/traveler_msgs/cmake/traveler_msgs__rosidl_typesupport_introspection_cExport.cmake\n'}
[0.291735] (traveler_msgs) StdoutLine: {'line': b'-- Up-to-date: /home/qianlab/single_turtle_workspace/install/traveler_msgs/share/traveler_msgs/cmake/traveler_msgs__rosidl_typesupport_introspection_cExport-noconfig.cmake\n'}
[0.291800] (traveler_msgs) StdoutLine: {'line': b'-- Up-to-date: /home/qianlab/single_turtle_workspace/install/traveler_msgs/share/traveler_msgs/cmake/traveler_msgs__rosidl_typesupport_cExport.cmake\n'}
[0.291863] (traveler_msgs) StdoutLine: {'line': b'-- Up-to-date: /home/qianlab/single_turtle_workspace/install/traveler_msgs/share/traveler_msgs/cmake/traveler_msgs__rosidl_typesupport_cExport-noconfig.cmake\n'}
[0.291926] (traveler_msgs) StdoutLine: {'line': b'-- Up-to-date: /home/qianlab/single_turtle_workspace/install/traveler_msgs/share/traveler_msgs/cmake/traveler_msgs__rosidl_generator_cppExport.cmake\n'}
[0.291990] (traveler_msgs) StdoutLine: {'line': b'-- Up-to-date: /home/qianlab/single_turtle_workspace/install/traveler_msgs/share/traveler_msgs/cmake/traveler_msgs__rosidl_typesupport_introspection_cppExport.cmake\n'}
[0.292053] (traveler_msgs) StdoutLine: {'line': b'-- Up-to-date: /home/qianlab/single_turtle_workspace/install/traveler_msgs/share/traveler_msgs/cmake/traveler_msgs__rosidl_typesupport_introspection_cppExport-noconfig.cmake\n'}
[0.292120] (traveler_msgs) StdoutLine: {'line': b'-- Up-to-date: /home/qianlab/single_turtle_workspace/install/traveler_msgs/share/traveler_msgs/cmake/traveler_msgs__rosidl_typesupport_cppExport.cmake\n'}
[0.292183] (traveler_msgs) StdoutLine: {'line': b'-- Up-to-date: /home/qianlab/single_turtle_workspace/install/traveler_msgs/share/traveler_msgs/cmake/traveler_msgs__rosidl_typesupport_cppExport-noconfig.cmake\n'}
[0.292246] (traveler_msgs) StdoutLine: {'line': b'-- Up-to-date: /home/qianlab/single_turtle_workspace/install/traveler_msgs/share/traveler_msgs/cmake/rosidl_cmake-extras.cmake\n'}
[0.292309] (traveler_msgs) StdoutLine: {'line': b'-- Up-to-date: /home/qianlab/single_turtle_workspace/install/traveler_msgs/share/traveler_msgs/cmake/ament_cmake_export_dependencies-extras.cmake\n'}
[0.292376] (traveler_msgs) StdoutLine: {'line': b'-- Up-to-date: /home/qianlab/single_turtle_workspace/install/traveler_msgs/share/traveler_msgs/cmake/ament_cmake_export_libraries-extras.cmake\n'}
[0.292439] (traveler_msgs) StdoutLine: {'line': b'-- Up-to-date: /home/qianlab/single_turtle_workspace/install/traveler_msgs/share/traveler_msgs/cmake/ament_cmake_export_targets-extras.cmake\n'}
[0.292502] (traveler_msgs) StdoutLine: {'line': b'-- Up-to-date: /home/qianlab/single_turtle_workspace/install/traveler_msgs/share/traveler_msgs/cmake/ament_cmake_export_include_directories-extras.cmake\n'}
[0.292565] (traveler_msgs) StdoutLine: {'line': b'-- Up-to-date: /home/qianlab/single_turtle_workspace/install/traveler_msgs/share/traveler_msgs/cmake/rosidl_cmake_export_typesupport_libraries-extras.cmake\n'}
[0.292630] (traveler_msgs) StdoutLine: {'line': b'-- Up-to-date: /home/qianlab/single_turtle_workspace/install/traveler_msgs/share/traveler_msgs/cmake/rosidl_cmake_export_typesupport_targets-extras.cmake\n'}
[0.292693] (traveler_msgs) StdoutLine: {'line': b'-- Up-to-date: /home/qianlab/single_turtle_workspace/install/traveler_msgs/share/traveler_msgs/cmake/traveler_msgsConfig.cmake\n'}
[0.292756] (traveler_msgs) StdoutLine: {'line': b'-- Up-to-date: /home/qianlab/single_turtle_workspace/install/traveler_msgs/share/traveler_msgs/cmake/traveler_msgsConfig-version.cmake\n'}
[0.292820] (traveler_msgs) StdoutLine: {'line': b'-- Up-to-date: /home/qianlab/single_turtle_workspace/install/traveler_msgs/share/traveler_msgs/package.xml\n'}
[0.293566] (traveler_msgs) CommandEnded: {'returncode': 0}
[0.307359] (-) TimerEvent: {}
[0.382745] (traveler_msgs) JobEnded: {'identifier': 'traveler_msgs', 'rc': 0}
[0.383862] (turtle_high_controller) JobStarted: {'identifier': 'turtle_high_controller'}
[0.389278] (turtle_high_controller) JobProgress: {'identifier': 'turtle_high_controller', 'progress': 'cmake'}
[0.389721] (turtle_high_controller) JobProgress: {'identifier': 'turtle_high_controller', 'progress': 'build'}
[0.389881] (turtle_high_controller) Command: {'cmd': ['/usr/bin/cmake', '--build', '/home/qianlab/single_turtle_workspace/build/turtle_high_controller', '--', '-j12', '-l12'], 'cwd': '/home/qianlab/single_turtle_workspace/build/turtle_high_controller', 'env': OrderedDict([('GJS_DEBUG_TOPICS', 'JS ERROR;JS LOG'), ('LESSOPEN', '| /usr/bin/lesspipe %s'), ('USER', 'qianlab'), ('SSH_AGENT_PID', '2033'), ('XDG_SESSION_TYPE', 'x11'), ('GIT_ASKPASS', '/usr/share/code/resources/app/extensions/git/dist/askpass.sh'), ('SHLVL', '1'), ('LD_LIBRARY_PATH', '/home/qianlab/single_turtle_workspace/install/traveler_msgs/lib:/home/qianlab/lassie-traveler/dependencies/install/traveler_msgs/lib:/opt/ros/foxy/opt/yaml_cpp_vendor/lib:/opt/ros/foxy/opt/rviz_ogre_vendor/lib:/opt/ros/foxy/lib/x86_64-linux-gnu:/opt/ros/foxy/lib'), ('HOME', '/home/qianlab'), ('CHROME_DESKTOP', 'code.desktop'), ('CONDA_SHLVL', '0'), ('TERM_PROGRAM_VERSION', '1.100.3'), ('DESKTOP_SESSION', 'ubuntu'), ('NVM_BIN', '/home/qianlab/.nvm/versions/node/v12.18.3/bin'), ('NVM_INC', '/home/qianlab/.nvm/versions/node/v12.18.3/include/node'), ('GIO_LAUNCHED_DESKTOP_FILE', '/usr/share/applications/code.desktop'), ('ROS_PYTHON_VERSION', '3'), ('GNOME_SHELL_SESSION_MODE', 'ubuntu'), ('GTK_MODULES', 'gail:atk-bridge'), ('VSCODE_GIT_ASKPASS_MAIN', '/usr/share/code/resources/app/extensions/git/dist/askpass-main.js'), ('VSCODE_GIT_ASKPASS_NODE', '/usr/share/code/code'), ('MANAGERPID', '1924'), ('DBUS_SESSION_BUS_ADDRESS', 'unix:path=/run/user/1000/bus'), ('COLORTERM', 'truecolor'), ('_CE_M', ''), ('GIO_LAUNCHED_DESKTOP_FILE_PID', '2660'), ('NVM_DIR', '/home/qianlab/.nvm'), ('MANDATORY_PATH', '/usr/share/gconf/ubuntu.mandatory.path'), ('IM_CONFIG_PHASE', '1'), ('COLCON_PREFIX_PATH', '/home/qianlab/lassie-traveler/dependencies/install'), ('ROS_DISTRO', 'foxy'), ('LOGNAME', 'qianlab'), ('JOURNAL_STREAM', '8:56505'), ('_', '/usr/bin/colcon'), ('ROS_VERSION', '2'), ('XDG_SESSION_CLASS', 'user'), ('DEFAULTS_PATH', '/usr/share/gconf/ubuntu.default.path'), ('USERNAME', 'qianlab'), ('TERM', 'xterm-256color'), ('GNOME_DESKTOP_SESSION_ID', 'this-is-deprecated'), ('_CE_CONDA', ''), ('ROS_LOCALHOST_ONLY', '0'), ('WINDOWPATH', '2'), ('PATH', '/home/qianlab/ghost_robotics/arm_toolchain/bin:/home/qianlab/.local/bin:/home/qianlab/ghost_robotics/arm_toolchain/bin:/home/qianlab/miniconda3/condabin:/home/qianlab/.nvm/versions/node/v12.18.3/bin:/opt/ros/foxy/bin:/home/qianlab/.local/bin:/usr/local/sbin:/usr/local/bin:/usr/sbin:/usr/bin:/sbin:/bin:/usr/games:/usr/local/games:/snap/bin'), ('SESSION_MANAGER', 'local/qianlab-Yoga-7-14IAL7:@/tmp/.ICE-unix/2071,unix/qianlab-Yoga-7-14IAL7:/tmp/.ICE-unix/2071'), ('INVOCATION_ID', 'ada520d1c1f94e228d33304f77e601b8'), ('XDG_MENU_PREFIX', 'gnome-'), ('XDG_RUNTIME_DIR', '/run/user/1000'), ('GDK_BACKEND', 'x11'), ('DISPLAY', ':0'), ('LANG', 'en_US.UTF-8'), ('XDG_CURRENT_DESKTOP', 'Unity'), ('XMODIFIERS', '@im=ibus'), ('XDG_SESSION_DESKTOP', 'ubuntu'), ('XAUTHORITY', '/run/user/1000/gdm/Xauthority'), ('LS_COLORS', 'rs=0:di=01;34:ln=01;36:mh=00:pi=40;33:so=01;35:do=01;35:bd=40;33;01:cd=40;33;01:or=40;31;01:mi=00:su=37;41:sg=30;43:ca=30;41:tw=30;42:ow=34;42:st=37;44:ex=01;32:*.tar=01;31:*.tgz=01;31:*.arc=01;31:*.arj=01;31:*.taz=01;31:*.lha=01;31:*.lz4=01;31:*.lzh=01;31:*.lzma=01;31:*.tlz=01;31:*.txz=01;31:*.tzo=01;31:*.t7z=01;31:*.zip=01;31:*.z=01;31:*.dz=01;31:*.gz=01;31:*.lrz=01;31:*.lz=01;31:*.lzo=01;31:*.xz=01;31:*.zst=01;31:*.tzst=01;31:*.bz2=01;31:*.bz=01;31:*.tbz=01;31:*.tbz2=01;31:*.tz=01;31:*.deb=01;31:*.rpm=01;31:*.jar=01;31:*.war=01;31:*.ear=01;31:*.sar=01;31:*.rar=01;31:*.alz=01;31:*.ace=01;31:*.zoo=01;31:*.cpio=01;31:*.7z=01;31:*.rz=01;31:*.cab=01;31:*.wim=01;31:*.swm=01;31:*.dwm=01;31:*.esd=01;31:*.jpg=01;35:*.jpeg=01;35:*.mjpg=01;35:*.mjpeg=01;35:*.gif=01;35:*.bmp=01;35:*.pbm=01;35:*.pgm=01;35:*.ppm=01;35:*.tga=01;35:*.xbm=01;35:*.xpm=01;35:*.tif=01;35:*.tiff=01;35:*.png=01;35:*.svg=01;35:*.svgz=01;35:*.mng=01;35:*.pcx=01;35:*.mov=01;35:*.mpg=01;35:*.mpeg=01;35:*.m2v=01;35:*.mkv=01;35:*.webm=01;35:*.ogm=01;35:*.mp4=01;35:*.m4v=01;35:*.mp4v=01;35:*.vob=01;35:*.qt=01;35:*.nuv=01;35:*.wmv=01;35:*.asf=01;35:*.rm=01;35:*.rmvb=01;35:*.flc=01;35:*.avi=01;35:*.fli=01;35:*.flv=01;35:*.gl=01;35:*.dl=01;35:*.xcf=01;35:*.xwd=01;35:*.yuv=01;35:*.cgm=01;35:*.emf=01;35:*.ogv=01;35:*.ogx=01;35:*.aac=00;36:*.au=00;36:*.flac=00;36:*.m4a=00;36:*.mid=00;36:*.midi=00;36:*.mka=00;36:*.mp3=00;36:*.mpc=00;36:*.ogg=00;36:*.ra=00;36:*.wav=00;36:*.oga=00;36:*.opus=00;36:*.spx=00;36:*.xspf=00;36:'), ('VSCODE_GIT_IPC_HANDLE', '/run/user/1000/vscode-git-66f982bc43.sock'), ('TERM_PROGRAM', 'vscode'), ('SSH_AUTH_SOCK', '/run/user/1000/keyring/ssh'), ('ROS_DOMAIN_ID', '19'), ('AMENT_PREFIX_PATH', '/home/qianlab/single_turtle_workspace/install/traveler_msgs:/home/qianlab/lassie-traveler/dependencies/install/traveler_high_controller:/home/qianlab/lassie-traveler/dependencies/install/traveler_msgs:/opt/ros/foxy'), ('CONDA_PYTHON_EXE', '/home/qianlab/miniconda3/bin/python'), ('ORIGINAL_XDG_CURRENT_DESKTOP', 'ubuntu:GNOME'), ('SHELL', '/bin/bash'), ('QT_ACCESSIBILITY', '1'), ('GDMSESSION', 'ubuntu'), ('LESSCLOSE', '/usr/bin/lesspipe %s %s'), ('GPG_AGENT_INFO', '/run/user/1000/gnupg/S.gpg-agent:0:1'), ('GJS_DEBUG_OUTPUT', 'stderr'), ('VSCODE_GIT_ASKPASS_EXTRA_ARGS', ''), ('QT_IM_MODULE', 'ibus'), ('PWD', '/home/qianlab/single_turtle_workspace/build/turtle_high_controller'), ('XDG_CONFIG_DIRS', '/etc/xdg/xdg-ubuntu:/etc/xdg'), ('CONDA_EXE', '/home/qianlab/miniconda3/bin/conda'), ('NVM_CD_FLAGS', ''), ('XDG_DATA_DIRS', '/usr/share/ubuntu:/usr/local/share/:/usr/share/:/var/lib/snapd/desktop'), ('PYTHONPATH', '/home/qianlab/single_turtle_workspace/install/traveler_msgs/lib/python3.8/site-packages:/home/qianlab/lassie-traveler/dependencies/install/traveler_msgs/lib/python3.8/site-packages:/opt/ros/foxy/lib/python3.8/site-packages'), ('CUSTOM_ENV_NAME', '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'), ('COLCON', '1'), ('CMAKE_PREFIX_PATH', '/home/qianlab/single_turtle_workspace/install/traveler_msgs:/home/qianlab/lassie-traveler/dependencies/install/traveler_high_controller:/home/qianlab/lassie-traveler/dependencies/install/traveler_msgs:/opt/ros/foxy')]), 'shell': False}
[0.407570] (-) TimerEvent: {}
[0.425917] (turtle_high_controller) StdoutLine: {'line': b'\x1b[35m\x1b[1mScanning dependencies of target odrive_can_interface\x1b[0m\n'}
[0.427353] (turtle_high_controller) StdoutLine: {'line': b'\x1b[35m\x1b[1mScanning dependencies of target turtle_high_controller\x1b[0m\n'}
[0.459197] (turtle_high_controller) StdoutLine: {'line': b'[  7%] \x1b[32mBuilding CXX object CMakeFiles/turtle_high_controller.dir/src/can_driver/can_driver.cpp.o\x1b[0m\n'}
[0.459535] (turtle_high_controller) StdoutLine: {'line': b'[ 35%] \x1b[32mBuilding CXX object CMakeFiles/turtle_high_controller.dir/src/proxy/lowerproxy.cpp.o\x1b[0m\n'}
[0.459673] (turtle_high_controller) StdoutLine: {'line': b'[ 35%] \x1b[32mBuilding CXX object CMakeFiles/turtle_high_controller.dir/src/controller/Inverse_kinematics.cpp.o\x1b[0m\n'}
[0.459775] (turtle_high_controller) StdoutLine: {'line': b'[ 35%] \x1b[32mBuilding CXX object CMakeFiles/turtle_high_controller.dir/src/controller/trajectories_parser.cpp.o\x1b[0m\n'}
[0.459863] (turtle_high_controller) StdoutLine: {'line': b'[ 35%] \x1b[32mBuilding CXX object CMakeFiles/turtle_high_controller.dir/src/main.cpp.o\x1b[0m\n'}
[0.459947] (turtle_high_controller) StdoutLine: {'line': b'[ 42%] \x1b[32mBuilding CXX object CMakeFiles/turtle_high_controller.dir/src/proxy/upperproxy.cpp.o\x1b[0m\n'}
[0.460512] (turtle_high_controller) StdoutLine: {'line': b'[ 50%] \x1b[32mBuilding CXX object CMakeFiles/odrive_can_interface.dir/src/can_driver/can_driver.cpp.o\x1b[0m\n'}
[0.507672] (-) TimerEvent: {}
[0.598500] (traveler_optitrack) Command: {'cmd': ['/usr/bin/python3', '-W', 'ignore:setup.py install is deprecated', '-W', 'ignore:easy_install command is deprecated', 'setup.py', 'egg_info', '--egg-base', '../../build/traveler_optitrack', 'build', '--build-base', '/home/qianlab/single_turtle_workspace/build/traveler_optitrack/build', 'install', '--record', '/home/qianlab/single_turtle_workspace/build/traveler_optitrack/install.log', '--install-scripts', '$base/lib/traveler_optitrack', '--single-version-externally-managed', 'install_data'], 'cwd': '/home/qianlab/single_turtle_workspace/highlevel/traveler_optitrack', 'env': {'GJS_DEBUG_TOPICS': 'JS ERROR;JS LOG', 'LESSOPEN': '| /usr/bin/lesspipe %s', 'USER': 'qianlab', 'SSH_AGENT_PID': '2033', 'XDG_SESSION_TYPE': 'x11', 'GIT_ASKPASS': '/usr/share/code/resources/app/extensions/git/dist/askpass.sh', 'SHLVL': '1', 'LD_LIBRARY_PATH': '/home/qianlab/lassie-traveler/dependencies/install/traveler_msgs/lib:/opt/ros/foxy/opt/yaml_cpp_vendor/lib:/opt/ros/foxy/opt/rviz_ogre_vendor/lib:/opt/ros/foxy/lib/x86_64-linux-gnu:/opt/ros/foxy/lib', 'HOME': '/home/qianlab', 'CHROME_DESKTOP': 'code.desktop', 'CONDA_SHLVL': '0', 'TERM_PROGRAM_VERSION': '1.100.3', 'DESKTOP_SESSION': 'ubuntu', 'NVM_BIN': '/home/qianlab/.nvm/versions/node/v12.18.3/bin', 'NVM_INC': '/home/qianlab/.nvm/versions/node/v12.18.3/include/node', 'GIO_LAUNCHED_DESKTOP_FILE': '/usr/share/applications/code.desktop', 'ROS_PYTHON_VERSION': '3', 'GNOME_SHELL_SESSION_MODE': 'ubuntu', 'GTK_MODULES': 'gail:atk-bridge', 'VSCODE_GIT_ASKPASS_MAIN': '/usr/share/code/resources/app/extensions/git/dist/askpass-main.js', 'VSCODE_GIT_ASKPASS_NODE': '/usr/share/code/code', 'MANAGERPID': '1924', 'DBUS_SESSION_BUS_ADDRESS': 'unix:path=/run/user/1000/bus', 'COLORTERM': 'truecolor', '_CE_M': '', 'GIO_LAUNCHED_DESKTOP_FILE_PID': '2660', 'NVM_DIR': '/home/qianlab/.nvm', 'MANDATORY_PATH': '/usr/share/gconf/ubuntu.mandatory.path', 'IM_CONFIG_PHASE': '1', 'COLCON_PREFIX_PATH': '/home/qianlab/lassie-traveler/dependencies/install', 'ROS_DISTRO': 'foxy', 'LOGNAME': 'qianlab', 'JOURNAL_STREAM': '8:56505', '_': '/usr/bin/colcon', 'ROS_VERSION': '2', 'XDG_SESSION_CLASS': 'user', 'DEFAULTS_PATH': '/usr/share/gconf/ubuntu.default.path', 'USERNAME': 'qianlab', 'TERM': 'xterm-256color', 'GNOME_DESKTOP_SESSION_ID': 'this-is-deprecated', '_CE_CONDA': '', 'ROS_LOCALHOST_ONLY': '0', 'WINDOWPATH': '2', 'PATH': '/home/qianlab/ghost_robotics/arm_toolchain/bin:/home/qianlab/.local/bin:/home/qianlab/ghost_robotics/arm_toolchain/bin:/home/qianlab/miniconda3/condabin:/home/qianlab/.nvm/versions/node/v12.18.3/bin:/opt/ros/foxy/bin:/home/qianlab/.local/bin:/usr/local/sbin:/usr/local/bin:/usr/sbin:/usr/bin:/sbin:/bin:/usr/games:/usr/local/games:/snap/bin', 'SESSION_MANAGER': 'local/qianlab-Yoga-7-14IAL7:@/tmp/.ICE-unix/2071,unix/qianlab-Yoga-7-14IAL7:/tmp/.ICE-unix/2071', 'INVOCATION_ID': 'ada520d1c1f94e228d33304f77e601b8', 'XDG_MENU_PREFIX': 'gnome-', 'XDG_RUNTIME_DIR': '/run/user/1000', 'GDK_BACKEND': 'x11', 'DISPLAY': ':0', 'LANG': 'en_US.UTF-8', 'XDG_CURRENT_DESKTOP': 'Unity', 'XMODIFIERS': '@im=ibus', 'XDG_SESSION_DESKTOP': 'ubuntu', 'XAUTHORITY': '/run/user/1000/gdm/Xauthority', 'LS_COLORS': 'rs=0:di=01;34:ln=01;36:mh=00:pi=40;33:so=01;35:do=01;35:bd=40;33;01:cd=40;33;01:or=40;31;01:mi=00:su=37;41:sg=30;43:ca=30;41:tw=30;42:ow=34;42:st=37;44:ex=01;32:*.tar=01;31:*.tgz=01;31:*.arc=01;31:*.arj=01;31:*.taz=01;31:*.lha=01;31:*.lz4=01;31:*.lzh=01;31:*.lzma=01;31:*.tlz=01;31:*.txz=01;31:*.tzo=01;31:*.t7z=01;31:*.zip=01;31:*.z=01;31:*.dz=01;31:*.gz=01;31:*.lrz=01;31:*.lz=01;31:*.lzo=01;31:*.xz=01;31:*.zst=01;31:*.tzst=01;31:*.bz2=01;31:*.bz=01;31:*.tbz=01;31:*.tbz2=01;31:*.tz=01;31:*.deb=01;31:*.rpm=01;31:*.jar=01;31:*.war=01;31:*.ear=01;31:*.sar=01;31:*.rar=01;31:*.alz=01;31:*.ace=01;31:*.zoo=01;31:*.cpio=01;31:*.7z=01;31:*.rz=01;31:*.cab=01;31:*.wim=01;31:*.swm=01;31:*.dwm=01;31:*.esd=01;31:*.jpg=01;35:*.jpeg=01;35:*.mjpg=01;35:*.mjpeg=01;35:*.gif=01;35:*.bmp=01;35:*.pbm=01;35:*.pgm=01;35:*.ppm=01;35:*.tga=01;35:*.xbm=01;35:*.xpm=01;35:*.tif=01;35:*.tiff=01;35:*.png=01;35:*.svg=01;35:*.svgz=01;35:*.mng=01;35:*.pcx=01;35:*.mov=01;35:*.mpg=01;35:*.mpeg=01;35:*.m2v=01;35:*.mkv=01;35:*.webm=01;35:*.ogm=01;35:*.mp4=01;35:*.m4v=01;35:*.mp4v=01;35:*.vob=01;35:*.qt=01;35:*.nuv=01;35:*.wmv=01;35:*.asf=01;35:*.rm=01;35:*.rmvb=01;35:*.flc=01;35:*.avi=01;35:*.fli=01;35:*.flv=01;35:*.gl=01;35:*.dl=01;35:*.xcf=01;35:*.xwd=01;35:*.yuv=01;35:*.cgm=01;35:*.emf=01;35:*.ogv=01;35:*.ogx=01;35:*.aac=00;36:*.au=00;36:*.flac=00;36:*.m4a=00;36:*.mid=00;36:*.midi=00;36:*.mka=00;36:*.mp3=00;36:*.mpc=00;36:*.ogg=00;36:*.ra=00;36:*.wav=00;36:*.oga=00;36:*.opus=00;36:*.spx=00;36:*.xspf=00;36:', 'VSCODE_GIT_IPC_HANDLE': '/run/user/1000/vscode-git-66f982bc43.sock', 'TERM_PROGRAM': 'vscode', 'SSH_AUTH_SOCK': '/run/user/1000/keyring/ssh', 'ROS_DOMAIN_ID': '19', 'AMENT_PREFIX_PATH': '/home/qianlab/lassie-traveler/dependencies/install/traveler_high_controller:/home/qianlab/lassie-traveler/dependencies/install/traveler_msgs:/opt/ros/foxy', 'CONDA_PYTHON_EXE': '/home/qianlab/miniconda3/bin/python', 'ORIGINAL_XDG_CURRENT_DESKTOP': 'ubuntu:GNOME', 'SHELL': '/bin/bash', 'QT_ACCESSIBILITY': '1', 'GDMSESSION': 'ubuntu', 'LESSCLOSE': '/usr/bin/lesspipe %s %s', 'GPG_AGENT_INFO': '/run/user/1000/gnupg/S.gpg-agent:0:1', 'GJS_DEBUG_OUTPUT': 'stderr', 'VSCODE_GIT_ASKPASS_EXTRA_ARGS': '', 'QT_IM_MODULE': 'ibus', 'PWD': '/home/qianlab/single_turtle_workspace/build/traveler_optitrack', 'XDG_CONFIG_DIRS': '/etc/xdg/xdg-ubuntu:/etc/xdg', 'CONDA_EXE': '/home/qianlab/miniconda3/bin/conda', 'NVM_CD_FLAGS': '', 'XDG_DATA_DIRS': '/usr/share/ubuntu:/usr/local/share/:/usr/share/:/var/lib/snapd/desktop', 'PYTHONPATH': '/home/qianlab/single_turtle_workspace/build/traveler_optitrack/prefix_override:/usr/lib/python3/dist-packages/colcon_core/task/python/colcon_distutils_commands:/home/qianlab/single_turtle_workspace/install/traveler_optitrack/lib/python3.8/site-packages:/home/qianlab/lassie-traveler/dependencies/install/traveler_msgs/lib/python3.8/site-packages:/opt/ros/foxy/lib/python3.8/site-packages', 'CUSTOM_ENV_NAME': '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', 'COLCON': '1', 'CMAKE_PREFIX_PATH': '/home/qianlab/lassie-traveler/dependencies/install/traveler_high_controller:/home/qianlab/lassie-traveler/dependencies/install/traveler_msgs'}, 'shell': False}
[0.607808] (-) TimerEvent: {}
[0.708165] (-) TimerEvent: {}
[0.732825] (turtle_high_controller) StderrLine: {'line': b'In file included from \x1b[01m\x1b[K/home/qianlab/single_turtle_workspace/dependencies/traveler_controller/src/controller/Inverse_kinematics.cpp:1\x1b[m\x1b[K:\n'}
[0.733147] (turtle_high_controller) StderrLine: {'line': b'\x1b[01m\x1b[K/home/qianlab/single_turtle_workspace/dependencies/traveler_controller/include/controller/inverse_kinematics.h:14:47:\x1b[m\x1b[K \x1b[01;31m\x1b[Kerror: \x1b[m\x1b[K\xe2\x80\x98\x1b[01m\x1b[KXY_pair\x1b[m\x1b[K\xe2\x80\x99 has not been declared\n'}
[0.733253] (turtle_high_controller) StderrLine: {'line': b'   14 | void abstractToPhysical(float L, float Theta, \x1b[01;31m\x1b[KXY_pair\x1b[m\x1b[K& point);\n'}
[0.733339] (turtle_high_controller) StderrLine: {'line': b'      |                                               \x1b[01;31m\x1b[K^~~~~~~\x1b[m\x1b[K\n'}
[0.733424] (turtle_high_controller) StderrLine: {'line': b'\x1b[01m\x1b[K/home/qianlab/single_turtle_workspace/dependencies/traveler_controller/include/controller/inverse_kinematics.h:19:41:\x1b[m\x1b[K \x1b[01;31m\x1b[Kerror: \x1b[m\x1b[K\xe2\x80\x98\x1b[01m\x1b[KXY_pair\x1b[m\x1b[K\xe2\x80\x99 has not been declared\n'}
[0.733504] (turtle_high_controller) StderrLine: {'line': b'   19 | bool linearTraj(float t_rel, float vel, \x1b[01;31m\x1b[KXY_pair\x1b[m\x1b[K A, XY_pair B, float& X, float& Y);\n'}
[0.733587] (turtle_high_controller) StderrLine: {'line': b'      |                                         \x1b[01;31m\x1b[K^~~~~~~\x1b[m\x1b[K\n'}
[0.733665] (turtle_high_controller) StderrLine: {'line': b'\x1b[01m\x1b[K/home/qianlab/single_turtle_workspace/dependencies/traveler_controller/include/controller/inverse_kinematics.h:19:52:\x1b[m\x1b[K \x1b[01;31m\x1b[Kerror: \x1b[m\x1b[K\xe2\x80\x98\x1b[01m\x1b[KXY_pair\x1b[m\x1b[K\xe2\x80\x99 has not been declared\n'}
[0.733754] (turtle_high_controller) StderrLine: {'line': b'   19 | bool linearTraj(float t_rel, float vel, XY_pair A, \x1b[01;31m\x1b[KXY_pair\x1b[m\x1b[K B, float& X, float& Y);\n'}
[0.733860] (turtle_high_controller) StderrLine: {'line': b'      |                                                    \x1b[01;31m\x1b[K^~~~~~~\x1b[m\x1b[K\n'}
[0.733949] (turtle_high_controller) StderrLine: {'line': b'\x1b[01m\x1b[K/home/qianlab/single_turtle_workspace/dependencies/traveler_controller/include/controller/inverse_kinematics.h:20:41:\x1b[m\x1b[K \x1b[01;31m\x1b[Kerror: \x1b[m\x1b[K\xe2\x80\x98\x1b[01m\x1b[KXY_pair\x1b[m\x1b[K\xe2\x80\x99 has not been declared\n'}
[0.734043] (turtle_high_controller) StderrLine: {'line': b'   20 | bool linearTraj(float t_rel, float vel, \x1b[01;31m\x1b[KXY_pair\x1b[m\x1b[K A, XY_pair B,\n'}
[0.734140] (turtle_high_controller) StderrLine: {'line': b'      |                                         \x1b[01;31m\x1b[K^~~~~~~\x1b[m\x1b[K\n'}
[0.734227] (turtle_high_controller) StderrLine: {'line': b'\x1b[01m\x1b[K/home/qianlab/single_turtle_workspace/dependencies/traveler_controller/include/controller/inverse_kinematics.h:20:52:\x1b[m\x1b[K \x1b[01;31m\x1b[Kerror: \x1b[m\x1b[K\xe2\x80\x98\x1b[01m\x1b[KXY_pair\x1b[m\x1b[K\xe2\x80\x99 has not been declared\n'}
[0.734322] (turtle_high_controller) StderrLine: {'line': b'   20 | bool linearTraj(float t_rel, float vel, XY_pair A, \x1b[01;31m\x1b[KXY_pair\x1b[m\x1b[K B,\n'}
[0.734409] (turtle_high_controller) StderrLine: {'line': b'      |                                                    \x1b[01;31m\x1b[K^~~~~~~\x1b[m\x1b[K\n'}
[0.734512] (turtle_high_controller) StderrLine: {'line': b'\x1b[01m\x1b[K/home/qianlab/single_turtle_workspace/dependencies/traveler_controller/include/controller/inverse_kinematics.h:21:17:\x1b[m\x1b[K \x1b[01;31m\x1b[Kerror: \x1b[m\x1b[K\xe2\x80\x98\x1b[01m\x1b[KXY_pair\x1b[m\x1b[K\xe2\x80\x99 has not been declared\n'}
[0.734609] (turtle_high_controller) StderrLine: {'line': b'   21 |                 \x1b[01;31m\x1b[KXY_pair\x1b[m\x1b[K ToeXY, float& X, float& Y, float threshold = 0.01f);\n'}
[0.734696] (turtle_high_controller) StderrLine: {'line': b'      |                 \x1b[01;31m\x1b[K^~~~~~~\x1b[m\x1b[K\n'}
[0.734904] (turtle_high_controller) StderrLine: {'line': b'\x1b[01m\x1b[K/home/qianlab/single_turtle_workspace/dependencies/traveler_controller/include/controller/inverse_kinematics.h:26:16:\x1b[m\x1b[K \x1b[01;31m\x1b[Kerror: \x1b[m\x1b[K\xe2\x80\x98\x1b[01m\x1b[KXY_pair\x1b[m\x1b[K\xe2\x80\x99 was not declared in this scope\n'}
[0.735013] (turtle_high_controller) StderrLine: {'line': b'   26 | bool validPath(\x1b[01;31m\x1b[KXY_pair\x1b[m\x1b[K A, XY_pair B);\n'}
[0.735068] (turtle_high_controller) StderrLine: {'line': b'      |                \x1b[01;31m\x1b[K^~~~~~~\x1b[m\x1b[K\n'}
[0.735115] (turtle_high_controller) StderrLine: {'line': b'\x1b[01m\x1b[K/home/qianlab/single_turtle_workspace/dependencies/traveler_controller/include/controller/inverse_kinematics.h:26:27:\x1b[m\x1b[K \x1b[01;31m\x1b[Kerror: \x1b[m\x1b[K\xe2\x80\x98\x1b[01m\x1b[KXY_pair\x1b[m\x1b[K\xe2\x80\x99 was not declared in this scope\n'}
[0.735163] (turtle_high_controller) StderrLine: {'line': b'   26 | bool validPath(XY_pair A, \x1b[01;31m\x1b[KXY_pair\x1b[m\x1b[K B);\n'}
[0.735210] (turtle_high_controller) StderrLine: {'line': b'      |                           \x1b[01;31m\x1b[K^~~~~~~\x1b[m\x1b[K\n'}
[0.735264] (turtle_high_controller) StderrLine: {'line': b'\x1b[01m\x1b[K/home/qianlab/single_turtle_workspace/dependencies/traveler_controller/include/controller/inverse_kinematics.h:26:36:\x1b[m\x1b[K \x1b[01;31m\x1b[Kerror: \x1b[m\x1b[Kexpression list treated as compound expression in initializer [\x1b[01;31m\x1b[K-fpermissive\x1b[m\x1b[K]\n'}
[0.735342] (turtle_high_controller) StderrLine: {'line': b'   26 | bool validPath(XY_pair A, XY_pair B\x1b[01;31m\x1b[K)\x1b[m\x1b[K;\n'}
[0.735400] (turtle_high_controller) StderrLine: {'line': b'      |                                    \x1b[01;31m\x1b[K^\x1b[m\x1b[K\n'}
[0.735967] (turtle_high_controller) StderrLine: {'line': b'\x1b[01m\x1b[K/home/qianlab/single_turtle_workspace/dependencies/traveler_controller/include/controller/inverse_kinematics.h:32:15:\x1b[m\x1b[K \x1b[01;31m\x1b[Kerror: \x1b[m\x1b[K\xe2\x80\x98\x1b[01m\x1b[KXY_pair\x1b[m\x1b[K\xe2\x80\x99 was not declared in this scope\n'}
[0.736110] (turtle_high_controller) StderrLine: {'line': b'   32 | bool inBounds(\x1b[01;31m\x1b[KXY_pair\x1b[m\x1b[K ToeXY);\n'}
[0.736205] (turtle_high_controller) StderrLine: {'line': b'      |               \x1b[01;31m\x1b[K^~~~~~~\x1b[m\x1b[K\n'}
[0.736295] (turtle_high_controller) StderrLine: {'line': b'\x1b[01m\x1b[K/home/qianlab/single_turtle_workspace/dependencies/traveler_controller/include/controller/inverse_kinematics.h:33:31:\x1b[m\x1b[K \x1b[01;31m\x1b[Kerror: \x1b[m\x1b[K\xe2\x80\x98\x1b[01m\x1b[Kbool inBounds(float, float)\x1b[m\x1b[K\xe2\x80\x99 redeclared as different kind of entity\n'}
[0.736377] (turtle_high_controller) StderrLine: {'line': b'   33 | bool inBounds(float x, float y\x1b[01;31m\x1b[K)\x1b[m\x1b[K;\n'}
[0.736459] (turtle_high_controller) StderrLine: {'line': b'      |                               \x1b[01;31m\x1b[K^\x1b[m\x1b[K\n'}
[0.736570] (turtle_high_controller) StderrLine: {'line': b'\x1b[01m\x1b[K/home/qianlab/single_turtle_workspace/dependencies/traveler_controller/include/controller/inverse_kinematics.h:32:6:\x1b[m\x1b[K \x1b[01;36m\x1b[Knote: \x1b[m\x1b[Kprevious declaration \xe2\x80\x98\x1b[01m\x1b[Kbool inBounds\x1b[m\x1b[K\xe2\x80\x99\n'}
[0.736663] (turtle_high_controller) StderrLine: {'line': b'   32 | bool \x1b[01;36m\x1b[KinBounds\x1b[m\x1b[K(XY_pair ToeXY);\n'}
[0.736761] (turtle_high_controller) StderrLine: {'line': b'      |      \x1b[01;36m\x1b[K^~~~~~~~\x1b[m\x1b[K\n'}
[0.737430] (turtle_high_controller) StderrLine: {'line': b'\x1b[01m\x1b[K/home/qianlab/single_turtle_workspace/dependencies/traveler_controller/include/controller/inverse_kinematics.h:35:15:\x1b[m\x1b[K \x1b[01;31m\x1b[Kerror: \x1b[m\x1b[K\xe2\x80\x98\x1b[01m\x1b[KXY_pair\x1b[m\x1b[K\xe2\x80\x99 was not declared in this scope\n'}
[0.737612] (turtle_high_controller) StderrLine: {'line': b'   35 | bool clamp_XY(\x1b[01;31m\x1b[KXY_pair\x1b[m\x1b[K& P, float L = 0.0f);\n'}
[0.737674] (turtle_high_controller) StderrLine: {'line': b'      |               \x1b[01;31m\x1b[K^~~~~~~\x1b[m\x1b[K\n'}
[0.738333] (turtle_high_controller) StderrLine: {'line': b'\x1b[01m\x1b[K/home/qianlab/single_turtle_workspace/dependencies/traveler_controller/include/controller/inverse_kinematics.h:35:24:\x1b[m\x1b[K \x1b[01;31m\x1b[Kerror: \x1b[m\x1b[K\xe2\x80\x98\x1b[01m\x1b[KP\x1b[m\x1b[K\xe2\x80\x99 was not declared in this scope\n'}
[0.738523] (turtle_high_controller) StderrLine: {'line': b'   35 | bool clamp_XY(XY_pair& \x1b[01;31m\x1b[KP\x1b[m\x1b[K, float L = 0.0f);\n'}
[0.738604] (turtle_high_controller) StderrLine: {'line': b'      |                        \x1b[01;31m\x1b[K^\x1b[m\x1b[K\n'}
[0.738678] (turtle_high_controller) StderrLine: {'line': b'\x1b[01m\x1b[K/home/qianlab/single_turtle_workspace/dependencies/traveler_controller/include/controller/inverse_kinematics.h:35:27:\x1b[m\x1b[K \x1b[01;31m\x1b[Kerror: \x1b[m\x1b[Kexpected primary-expression before \xe2\x80\x98\x1b[01m\x1b[Kfloat\x1b[m\x1b[K\xe2\x80\x99\n'}
[0.738756] (turtle_high_controller) StderrLine: {'line': b'   35 | bool clamp_XY(XY_pair& P, \x1b[01;31m\x1b[Kfloat\x1b[m\x1b[K L = 0.0f);\n'}
[0.738829] (turtle_high_controller) StderrLine: {'line': b'      |                           \x1b[01;31m\x1b[K^~~~~\x1b[m\x1b[K\n'}
[0.738903] (turtle_high_controller) StderrLine: {'line': b'\x1b[01m\x1b[K/home/qianlab/single_turtle_workspace/dependencies/traveler_controller/include/controller/inverse_kinematics.h:35:41:\x1b[m\x1b[K \x1b[01;31m\x1b[Kerror: \x1b[m\x1b[Kexpression list treated as compound expression in initializer [\x1b[01;31m\x1b[K-fpermissive\x1b[m\x1b[K]\n'}
[0.738977] (turtle_high_controller) StderrLine: {'line': b'   35 | bool clamp_XY(XY_pair& P, float L = 0.0f\x1b[01;31m\x1b[K)\x1b[m\x1b[K;\n'}
[0.739070] (turtle_high_controller) StderrLine: {'line': b'      |                                         \x1b[01;31m\x1b[K^\x1b[m\x1b[K\n'}
[0.739220] (turtle_high_controller) StderrLine: {'line': b'\x1b[01m\x1b[K/home/qianlab/single_turtle_workspace/dependencies/traveler_controller/include/controller/inverse_kinematics.h:36:16:\x1b[m\x1b[K \x1b[01;31m\x1b[Kerror: \x1b[m\x1b[K\xe2\x80\x98\x1b[01m\x1b[KXY_pair\x1b[m\x1b[K\xe2\x80\x99 was not declared in this scope\n'}
[0.739296] (turtle_high_controller) StderrLine: {'line': b'   36 | float distance(\x1b[01;31m\x1b[KXY_pair\x1b[m\x1b[K A, XY_pair B);\n'}
[0.739381] (turtle_high_controller) StderrLine: {'line': b'      |                \x1b[01;31m\x1b[K^~~~~~~\x1b[m\x1b[K\n'}
[0.740089] (turtle_high_controller) StderrLine: {'line': b'\x1b[01m\x1b[K/home/qianlab/single_turtle_workspace/dependencies/traveler_controller/include/controller/inverse_kinematics.h:36:27:\x1b[m\x1b[K \x1b[01;31m\x1b[Kerror: \x1b[m\x1b[K\xe2\x80\x98\x1b[01m\x1b[KXY_pair\x1b[m\x1b[K\xe2\x80\x99 was not declared in this scope\n'}
[0.740397] (turtle_high_controller) StderrLine: {'line': b'   36 | float distance(XY_pair A, \x1b[01;31m\x1b[KXY_pair\x1b[m\x1b[K B);\n'}
[0.740474] (turtle_high_controller) StderrLine: {'line': b'      |                           \x1b[01;31m\x1b[K^~~~~~~\x1b[m\x1b[K\n'}
[0.740927] (turtle_high_controller) StderrLine: {'line': b'\x1b[01m\x1b[K/home/qianlab/single_turtle_workspace/dependencies/traveler_controller/include/controller/inverse_kinematics.h:36:36:\x1b[m\x1b[K \x1b[01;31m\x1b[Kerror: \x1b[m\x1b[Kexpression list treated as compound expression in initializer [\x1b[01;31m\x1b[K-fpermissive\x1b[m\x1b[K]\n'}
[0.741022] (turtle_high_controller) StderrLine: {'line': b'   36 | float distance(XY_pair A, XY_pair B\x1b[01;31m\x1b[K)\x1b[m\x1b[K;\n'}
[0.741094] (turtle_high_controller) StderrLine: {'line': b'      |                                    \x1b[01;31m\x1b[K^\x1b[m\x1b[K\n'}
[0.741162] (turtle_high_controller) StderrLine: {'line': b'\x1b[01m\x1b[K/home/qianlab/single_turtle_workspace/dependencies/traveler_controller/src/controller/Inverse_kinematics.cpp:11:13:\x1b[m\x1b[K \x1b[01;31m\x1b[Kerror: \x1b[m\x1b[Kredefinition of \xe2\x80\x98\x1b[01m\x1b[Kconst float L1\x1b[m\x1b[K\xe2\x80\x99\n'}
[0.741233] (turtle_high_controller) StderrLine: {'line': b'   11 | const float \x1b[01;31m\x1b[KL1\x1b[m\x1b[K = 0.130f;   // flipper length\n'}
[0.741303] (turtle_high_controller) StderrLine: {'line': b'      |             \x1b[01;31m\x1b[K^~\x1b[m\x1b[K\n'}
[0.741371] (turtle_high_controller) StderrLine: {'line': b'In file included from \x1b[01m\x1b[K/home/qianlab/single_turtle_workspace/dependencies/traveler_controller/include/controller/inverse_kinematics.h:6\x1b[m\x1b[K,\n'}
[0.741440] (turtle_high_controller) StderrLine: {'line': b'                 from \x1b[01m\x1b[K/home/qianlab/single_turtle_workspace/dependencies/traveler_controller/src/controller/Inverse_kinematics.cpp:1\x1b[m\x1b[K:\n'}
[0.741517] (turtle_high_controller) StderrLine: {'line': b'\x1b[01m\x1b[K/home/qianlab/single_turtle_workspace/dependencies/traveler_controller/include/controller/../proxy/control_data.h:23:13:\x1b[m\x1b[K \x1b[01;36m\x1b[Knote: \x1b[m\x1b[K\xe2\x80\x98\x1b[01m\x1b[Kconst float L1\x1b[m\x1b[K\xe2\x80\x99 previously defined here\n'}
[0.741586] (turtle_high_controller) StderrLine: {'line': b'   23 | const float \x1b[01;36m\x1b[KL1\x1b[m\x1b[K = 0.1f;\n'}
[0.741658] (turtle_high_controller) StderrLine: {'line': b'      |             \x1b[01;36m\x1b[K^~\x1b[m\x1b[K\n'}
[0.741729] (turtle_high_controller) StderrLine: {'line': b'\x1b[01m\x1b[K/home/qianlab/single_turtle_workspace/dependencies/traveler_controller/src/controller/Inverse_kinematics.cpp:12:13:\x1b[m\x1b[K \x1b[01;31m\x1b[Kerror: \x1b[m\x1b[Kredefinition of \xe2\x80\x98\x1b[01m\x1b[Kconst float L2\x1b[m\x1b[K\xe2\x80\x99\n'}
[0.741798] (turtle_high_controller) StderrLine: {'line': b'   12 | const float \x1b[01;31m\x1b[KL2\x1b[m\x1b[K = 0.079f;   // hip-to-ground height\n'}
[0.741890] (turtle_high_controller) StderrLine: {'line': b'      |             \x1b[01;31m\x1b[K^~\x1b[m\x1b[K\n'}
[0.741979] (turtle_high_controller) StderrLine: {'line': b'In file included from \x1b[01m\x1b[K/home/qianlab/single_turtle_workspace/dependencies/traveler_controller/include/controller/inverse_kinematics.h:6\x1b[m\x1b[K,\n'}
[0.743613] (turtle_high_controller) StderrLine: {'line': b'                 from \x1b[01m\x1b[K/home/qianlab/single_turtle_workspace/dependencies/traveler_controller/src/controller/Inverse_kinematics.cpp:1\x1b[m\x1b[K:\n'}
[0.743820] (turtle_high_controller) StderrLine: {'line': b'\x1b[01m\x1b[K/home/qianlab/single_turtle_workspace/dependencies/traveler_controller/include/controller/../proxy/control_data.h:24:13:\x1b[m\x1b[K \x1b[01;36m\x1b[Knote: \x1b[m\x1b[K\xe2\x80\x98\x1b[01m\x1b[Kconst float L2\x1b[m\x1b[K\xe2\x80\x99 previously defined here\n'}
[0.743907] (turtle_high_controller) StderrLine: {'line': b'   24 | const float \x1b[01;36m\x1b[KL2\x1b[m\x1b[K = 0.2f;\n'}
[0.743997] (turtle_high_controller) StderrLine: {'line': b'      |             \x1b[01;36m\x1b[K^~\x1b[m\x1b[K\n'}
[0.744079] (turtle_high_controller) StderrLine: {'line': b'\x1b[01m\x1b[K/home/qianlab/single_turtle_workspace/dependencies/traveler_controller/src/controller/Inverse_kinematics.cpp:13:13:\x1b[m\x1b[K \x1b[01;31m\x1b[Kerror: \x1b[m\x1b[Kredefinition of \xe2\x80\x98\x1b[01m\x1b[Kconst float L3\x1b[m\x1b[K\xe2\x80\x99\n'}
[0.744172] (turtle_high_controller) StderrLine: {'line': b'   13 | const float \x1b[01;31m\x1b[KL3\x1b[m\x1b[K = 0.055f;   // offset below hip\n'}
[0.744254] (turtle_high_controller) StderrLine: {'line': b'      |             \x1b[01;31m\x1b[K^~\x1b[m\x1b[K\n'}
[0.744341] (turtle_high_controller) StderrLine: {'line': b'In file included from \x1b[01m\x1b[K/home/qianlab/single_turtle_workspace/dependencies/traveler_controller/include/controller/inverse_kinematics.h:6\x1b[m\x1b[K,\n'}
[0.744448] (turtle_high_controller) StderrLine: {'line': b'                 from \x1b[01m\x1b[K/home/qianlab/single_turtle_workspace/dependencies/traveler_controller/src/controller/Inverse_kinematics.cpp:1\x1b[m\x1b[K:\n'}
[0.744531] (turtle_high_controller) StderrLine: {'line': b'\x1b[01m\x1b[K/home/qianlab/single_turtle_workspace/dependencies/traveler_controller/include/controller/../proxy/control_data.h:25:13:\x1b[m\x1b[K \x1b[01;36m\x1b[Knote: \x1b[m\x1b[K\xe2\x80\x98\x1b[01m\x1b[Kconst float L3\x1b[m\x1b[K\xe2\x80\x99 previously defined here\n'}
[0.744616] (turtle_high_controller) StderrLine: {'line': b'   25 | const float \x1b[01;36m\x1b[KL3\x1b[m\x1b[K = 0.05f;\n'}
[0.744697] (turtle_high_controller) StderrLine: {'line': b'      |             \x1b[01;36m\x1b[K^~\x1b[m\x1b[K\n'}
[0.744777] (turtle_high_controller) StderrLine: {'line': b'\x1b[01m\x1b[K/home/qianlab/single_turtle_workspace/dependencies/traveler_controller/src/controller/Inverse_kinematics.cpp:\x1b[m\x1b[K In function \xe2\x80\x98\x1b[01m\x1b[Kvoid physicalToAbstract(float, float, float&, float&, bool)\x1b[m\x1b[K\xe2\x80\x99:\n'}
[0.744858] (turtle_high_controller) StderrLine: {'line': b'\x1b[01m\x1b[K/home/qianlab/single_turtle_workspace/dependencies/traveler_controller/src/controller/Inverse_kinematics.cpp:24:76:\x1b[m\x1b[K \x1b[01;35m\x1b[Kwarning: \x1b[m\x1b[Kunused parameter \xe2\x80\x98\x1b[01m\x1b[Kclamp\x1b[m\x1b[K\xe2\x80\x99 [\x1b[01;35m\x1b[K-Wunused-parameter\x1b[m\x1b[K]\n'}
[0.744948] (turtle_high_controller) StderrLine: {'line': b'   24 | void physicalToAbstract(float X, float Y, float &theta, float &gamma, \x1b[01;35m\x1b[Kbool clamp\x1b[m\x1b[K)\n'}
[0.745033] (turtle_high_controller) StderrLine: {'line': b'      |                                                                       \x1b[01;35m\x1b[K~~~~~^~~~~\x1b[m\x1b[K\n'}
[0.745109] (turtle_high_controller) StderrLine: {'line': b'\x1b[01m\x1b[K/home/qianlab/single_turtle_workspace/dependencies/traveler_controller/src/controller/Inverse_kinematics.cpp:\x1b[m\x1b[K At global scope:\n'}
[0.745193] (turtle_high_controller) StderrLine: {'line': b'\x1b[01m\x1b[K/home/qianlab/single_turtle_workspace/dependencies/traveler_controller/src/controller/Inverse_kinematics.cpp:46:47:\x1b[m\x1b[K \x1b[01;31m\x1b[Kerror: \x1b[m\x1b[K\xe2\x80\x98\x1b[01m\x1b[KXY_pair\x1b[m\x1b[K\xe2\x80\x99 has not been declared\n'}
[0.745271] (turtle_high_controller) StderrLine: {'line': b'   46 | void abstractToPhysical(float L, float Theta, \x1b[01;31m\x1b[KXY_pair\x1b[m\x1b[K &point)\n'}
[0.745344] (turtle_high_controller) StderrLine: {'line': b'      |                                               \x1b[01;31m\x1b[K^~~~~~~\x1b[m\x1b[K\n'}
[0.745415] (turtle_high_controller) StderrLine: {'line': b'\x1b[01m\x1b[K/home/qianlab/single_turtle_workspace/dependencies/traveler_controller/src/controller/Inverse_kinematics.cpp:\x1b[m\x1b[K In function \xe2\x80\x98\x1b[01m\x1b[Kvoid abstractToPhysical(float, float, int&)\x1b[m\x1b[K\xe2\x80\x99:\n'}
[0.745498] (turtle_high_controller) StderrLine: {'line': b'\x1b[01m\x1b[K/home/qianlab/single_turtle_workspace/dependencies/traveler_controller/src/controller/Inverse_kinematics.cpp:48:11:\x1b[m\x1b[K \x1b[01;31m\x1b[Kerror: \x1b[m\x1b[Krequest for member \xe2\x80\x98\x1b[01m\x1b[Kx\x1b[m\x1b[K\xe2\x80\x99 in \xe2\x80\x98\x1b[01m\x1b[Kpoint\x1b[m\x1b[K\xe2\x80\x99, which is of non-class type \xe2\x80\x98\x1b[01m\x1b[Kint\x1b[m\x1b[K\xe2\x80\x99\n'}
[0.745586] (turtle_high_controller) StderrLine: {'line': b'   48 |     point.\x1b[01;31m\x1b[Kx\x1b[m\x1b[K = -L * sinf(Theta);\n'}
[0.745663] (turtle_high_controller) StderrLine: {'line': b'      |           \x1b[01;31m\x1b[K^\x1b[m\x1b[K\n'}
[0.745748] (turtle_high_controller) StderrLine: {'line': b'\x1b[01m\x1b[K/home/qianlab/single_turtle_workspace/dependencies/traveler_controller/src/controller/Inverse_kinematics.cpp:49:11:\x1b[m\x1b[K \x1b[01;31m\x1b[Kerror: \x1b[m\x1b[Krequest for member \xe2\x80\x98\x1b[01m\x1b[Ky\x1b[m\x1b[K\xe2\x80\x99 in \xe2\x80\x98\x1b[01m\x1b[Kpoint\x1b[m\x1b[K\xe2\x80\x99, which is of non-class type \xe2\x80\x98\x1b[01m\x1b[Kint\x1b[m\x1b[K\xe2\x80\x99\n'}
[0.745868] (turtle_high_controller) StderrLine: {'line': b'   49 |     point.\x1b[01;31m\x1b[Ky\x1b[m\x1b[K =  L * cosf(Theta);\n'}
[0.745950] (turtle_high_controller) StderrLine: {'line': b'      |           \x1b[01;31m\x1b[K^\x1b[m\x1b[K\n'}
[0.746021] (turtle_high_controller) StderrLine: {'line': b'\x1b[01m\x1b[K/home/qianlab/single_turtle_workspace/dependencies/traveler_controller/src/controller/Inverse_kinematics.cpp:\x1b[m\x1b[K At global scope:\n'}
[0.746094] (turtle_high_controller) StderrLine: {'line': b'\x1b[01m\x1b[K/home/qianlab/single_turtle_workspace/dependencies/traveler_controller/src/controller/Inverse_kinematics.cpp:62:41:\x1b[m\x1b[K \x1b[01;31m\x1b[Kerror: \x1b[m\x1b[K\xe2\x80\x98\x1b[01m\x1b[KXY_pair\x1b[m\x1b[K\xe2\x80\x99 has not been declared\n'}
[0.746168] (turtle_high_controller) StderrLine: {'line': b'   62 | bool linearTraj(float t_rel, float vel, \x1b[01;31m\x1b[KXY_pair\x1b[m\x1b[K A, XY_pair B, float &X, float &Y)\n'}
[0.746241] (turtle_high_controller) StderrLine: {'line': b'      |                                         \x1b[01;31m\x1b[K^~~~~~~\x1b[m\x1b[K\n'}
[0.746315] (turtle_high_controller) StderrLine: {'line': b'\x1b[01m\x1b[K/home/qianlab/single_turtle_workspace/dependencies/traveler_controller/src/controller/Inverse_kinematics.cpp:62:52:\x1b[m\x1b[K \x1b[01;31m\x1b[Kerror: \x1b[m\x1b[K\xe2\x80\x98\x1b[01m\x1b[KXY_pair\x1b[m\x1b[K\xe2\x80\x99 has not been declared\n'}
[0.746400] (turtle_high_controller) StderrLine: {'line': b'   62 | bool linearTraj(float t_rel, float vel, XY_pair A, \x1b[01;31m\x1b[KXY_pair\x1b[m\x1b[K B, float &X, float &Y)\n'}
[0.746470] (turtle_high_controller) StderrLine: {'line': b'      |                                                    \x1b[01;31m\x1b[K^~~~~~~\x1b[m\x1b[K\n'}
[0.746540] (turtle_high_controller) StderrLine: {'line': b'\x1b[01m\x1b[K/home/qianlab/single_turtle_workspace/dependencies/traveler_controller/src/controller/Inverse_kinematics.cpp:\x1b[m\x1b[K In function \xe2\x80\x98\x1b[01m\x1b[Kbool linearTraj(float, float, int, int, float&, float&)\x1b[m\x1b[K\xe2\x80\x99:\n'}
[0.746609] (turtle_high_controller) StderrLine: {'line': b'\x1b[01m\x1b[K/home/qianlab/single_turtle_workspace/dependencies/traveler_controller/src/controller/Inverse_kinematics.cpp:64:18:\x1b[m\x1b[K \x1b[01;31m\x1b[Kerror: \x1b[m\x1b[Krequest for member \xe2\x80\x98\x1b[01m\x1b[Kx\x1b[m\x1b[K\xe2\x80\x99 in \xe2\x80\x98\x1b[01m\x1b[KB\x1b[m\x1b[K\xe2\x80\x99, which is of non-class type \xe2\x80\x98\x1b[01m\x1b[Kint\x1b[m\x1b[K\xe2\x80\x99\n'}
[0.746680] (turtle_high_controller) StderrLine: {'line': b'   64 |     float dx = B.\x1b[01;31m\x1b[Kx\x1b[m\x1b[K - A.x;\n'}
[0.746762] (turtle_high_controller) StderrLine: {'line': b'      |                  \x1b[01;31m\x1b[K^\x1b[m\x1b[K\n'}
[0.746834] (turtle_high_controller) StderrLine: {'line': b'\x1b[01m\x1b[K/home/qianlab/single_turtle_workspace/dependencies/traveler_controller/src/controller/Inverse_kinematics.cpp:64:24:\x1b[m\x1b[K \x1b[01;31m\x1b[Kerror: \x1b[m\x1b[Krequest for member \xe2\x80\x98\x1b[01m\x1b[Kx\x1b[m\x1b[K\xe2\x80\x99 in \xe2\x80\x98\x1b[01m\x1b[KA\x1b[m\x1b[K\xe2\x80\x99, which is of non-class type \xe2\x80\x98\x1b[01m\x1b[Kint\x1b[m\x1b[K\xe2\x80\x99\n'}
[0.746910] (turtle_high_controller) StderrLine: {'line': b'   64 |     float dx = B.x - A.\x1b[01;31m\x1b[Kx\x1b[m\x1b[K;\n'}
[0.746977] (turtle_high_controller) StderrLine: {'line': b'      |                        \x1b[01;31m\x1b[K^\x1b[m\x1b[K\n'}
[0.747043] (turtle_high_controller) StderrLine: {'line': b'\x1b[01m\x1b[K/home/qianlab/single_turtle_workspace/dependencies/traveler_controller/src/controller/Inverse_kinematics.cpp:65:18:\x1b[m\x1b[K \x1b[01;31m\x1b[Kerror: \x1b[m\x1b[Krequest for member \xe2\x80\x98\x1b[01m\x1b[Ky\x1b[m\x1b[K\xe2\x80\x99 in \xe2\x80\x98\x1b[01m\x1b[KB\x1b[m\x1b[K\xe2\x80\x99, which is of non-class type \xe2\x80\x98\x1b[01m\x1b[Kint\x1b[m\x1b[K\xe2\x80\x99\n'}
[0.747126] (turtle_high_controller) StderrLine: {'line': b'   65 |     float dy = B.\x1b[01;31m\x1b[Ky\x1b[m\x1b[K - A.y;\n'}
[0.747196] (turtle_high_controller) StderrLine: {'line': b'      |                  \x1b[01;31m\x1b[K^\x1b[m\x1b[K\n'}
[0.747267] (turtle_high_controller) StderrLine: {'line': b'\x1b[01m\x1b[K/home/qianlab/single_turtle_workspace/dependencies/traveler_controller/src/controller/Inverse_kinematics.cpp:65:24:\x1b[m\x1b[K \x1b[01;31m\x1b[Kerror: \x1b[m\x1b[Krequest for member \xe2\x80\x98\x1b[01m\x1b[Ky\x1b[m\x1b[K\xe2\x80\x99 in \xe2\x80\x98\x1b[01m\x1b[KA\x1b[m\x1b[K\xe2\x80\x99, which is of non-class type \xe2\x80\x98\x1b[01m\x1b[Kint\x1b[m\x1b[K\xe2\x80\x99\n'}
[0.747339] (turtle_high_controller) StderrLine: {'line': b'   65 |     float dy = B.y - A.\x1b[01;31m\x1b[Ky\x1b[m\x1b[K;\n'}
[0.747406] (turtle_high_controller) StderrLine: {'line': b'      |                        \x1b[01;31m\x1b[K^\x1b[m\x1b[K\n'}
[0.747472] (turtle_high_controller) StderrLine: {'line': b'\x1b[01m\x1b[K/home/qianlab/single_turtle_workspace/dependencies/traveler_controller/src/controller/Inverse_kinematics.cpp:69:15:\x1b[m\x1b[K \x1b[01;31m\x1b[Kerror: \x1b[m\x1b[Krequest for member \xe2\x80\x98\x1b[01m\x1b[Kx\x1b[m\x1b[K\xe2\x80\x99 in \xe2\x80\x98\x1b[01m\x1b[KA\x1b[m\x1b[K\xe2\x80\x99, which is of non-class type \xe2\x80\x98\x1b[01m\x1b[Kint\x1b[m\x1b[K\xe2\x80\x99\n'}
[0.747544] (turtle_high_controller) StderrLine: {'line': b'   69 |         X = A.\x1b[01;31m\x1b[Kx\x1b[m\x1b[K;\n'}
[0.747611] (turtle_high_controller) StderrLine: {'line': b'      |               \x1b[01;31m\x1b[K^\x1b[m\x1b[K\n'}
[0.747676] (turtle_high_controller) StderrLine: {'line': b'\x1b[01m\x1b[K/home/qianlab/single_turtle_workspace/dependencies/traveler_controller/src/controller/Inverse_kinematics.cpp:70:15:\x1b[m\x1b[K \x1b[01;31m\x1b[Kerror: \x1b[m\x1b[Krequest for member \xe2\x80\x98\x1b[01m\x1b[Ky\x1b[m\x1b[K\xe2\x80\x99 in \xe2\x80\x98\x1b[01m\x1b[KA\x1b[m\x1b[K\xe2\x80\x99, which is of non-class type \xe2\x80\x98\x1b[01m\x1b[Kint\x1b[m\x1b[K\xe2\x80\x99\n'}
[0.747745] (turtle_high_controller) StderrLine: {'line': b'   70 |         Y = A.\x1b[01;31m\x1b[Ky\x1b[m\x1b[K;\n'}
[0.747810] (turtle_high_controller) StderrLine: {'line': b'      |               \x1b[01;31m\x1b[K^\x1b[m\x1b[K\n'}
[0.747879] (turtle_high_controller) StderrLine: {'line': b'\x1b[01m\x1b[K/home/qianlab/single_turtle_workspace/dependencies/traveler_controller/src/controller/Inverse_kinematics.cpp:75:33:\x1b[m\x1b[K \x1b[01;31m\x1b[Kerror: \x1b[m\x1b[Krequest for member \xe2\x80\x98\x1b[01m\x1b[Kx\x1b[m\x1b[K\xe2\x80\x99 in \xe2\x80\x98\x1b[01m\x1b[KA\x1b[m\x1b[K\xe2\x80\x99, which is of non-class type \xe2\x80\x98\x1b[01m\x1b[Kint\x1b[m\x1b[K\xe2\x80\x99\n'}
[0.747946] (turtle_high_controller) StderrLine: {'line': b'   75 |     X = scalar * dx * t_rel + A.\x1b[01;31m\x1b[Kx\x1b[m\x1b[K;\n'}
[0.748012] (turtle_high_controller) StderrLine: {'line': b'      |                                 \x1b[01;31m\x1b[K^\x1b[m\x1b[K\n'}
[0.748077] (turtle_high_controller) StderrLine: {'line': b'\x1b[01m\x1b[K/home/qianlab/single_turtle_workspace/dependencies/traveler_controller/src/controller/Inverse_kinematics.cpp:76:33:\x1b[m\x1b[K \x1b[01;31m\x1b[Kerror: \x1b[m\x1b[Krequest for member \xe2\x80\x98\x1b[01m\x1b[Ky\x1b[m\x1b[K\xe2\x80\x99 in \xe2\x80\x98\x1b[01m\x1b[KA\x1b[m\x1b[K\xe2\x80\x99, which is of non-class type \xe2\x80\x98\x1b[01m\x1b[Kint\x1b[m\x1b[K\xe2\x80\x99\n'}
[0.748153] (turtle_high_controller) StderrLine: {'line': b'   76 |     Y = scalar * dy * t_rel + A.\x1b[01;31m\x1b[Ky\x1b[m\x1b[K;\n'}
[0.748219] (turtle_high_controller) StderrLine: {'line': b'      |                                 \x1b[01;31m\x1b[K^\x1b[m\x1b[K\n'}
[0.748285] (turtle_high_controller) StderrLine: {'line': b'\x1b[01m\x1b[K/home/qianlab/single_turtle_workspace/dependencies/traveler_controller/src/controller/Inverse_kinematics.cpp:78:38:\x1b[m\x1b[K \x1b[01;31m\x1b[Kerror: \x1b[m\x1b[Krequest for member \xe2\x80\x98\x1b[01m\x1b[Kx\x1b[m\x1b[K\xe2\x80\x99 in \xe2\x80\x98\x1b[01m\x1b[KA\x1b[m\x1b[K\xe2\x80\x99, which is of non-class type \xe2\x80\x98\x1b[01m\x1b[Kint\x1b[m\x1b[K\xe2\x80\x99\n'}
[0.748358] (turtle_high_controller) StderrLine: {'line': b'   78 |     float actual_dist = sqrtf((X - A.\x1b[01;31m\x1b[Kx\x1b[m\x1b[K)*(X - A.x) + (Y - A.y)*(Y - A.y));\n'}
[0.748426] (turtle_high_controller) StderrLine: {'line': b'      |                                      \x1b[01;31m\x1b[K^\x1b[m\x1b[K\n'}
[0.748494] (turtle_high_controller) StderrLine: {'line': b'\x1b[01m\x1b[K/home/qianlab/single_turtle_workspace/dependencies/traveler_controller/src/controller/Inverse_kinematics.cpp:78:48:\x1b[m\x1b[K \x1b[01;31m\x1b[Kerror: \x1b[m\x1b[Krequest for member \xe2\x80\x98\x1b[01m\x1b[Kx\x1b[m\x1b[K\xe2\x80\x99 in \xe2\x80\x98\x1b[01m\x1b[KA\x1b[m\x1b[K\xe2\x80\x99, which is of non-class type \xe2\x80\x98\x1b[01m\x1b[Kint\x1b[m\x1b[K\xe2\x80\x99\n'}
[0.748570] (turtle_high_controller) StderrLine: {'line': b'   78 |     float actual_dist = sqrtf((X - A.x)*(X - A.\x1b[01;31m\x1b[Kx\x1b[m\x1b[K) + (Y - A.y)*(Y - A.y));\n'}
[0.748637] (turtle_high_controller) StderrLine: {'line': b'      |                                                \x1b[01;31m\x1b[K^\x1b[m\x1b[K\n'}
[0.748705] (turtle_high_controller) StderrLine: {'line': b'\x1b[01m\x1b[K/home/qianlab/single_turtle_workspace/dependencies/traveler_controller/src/controller/Inverse_kinematics.cpp:78:60:\x1b[m\x1b[K \x1b[01;31m\x1b[Kerror: \x1b[m\x1b[Krequest for member \xe2\x80\x98\x1b[01m\x1b[Ky\x1b[m\x1b[K\xe2\x80\x99 in \xe2\x80\x98\x1b[01m\x1b[KA\x1b[m\x1b[K\xe2\x80\x99, which is of non-class type \xe2\x80\x98\x1b[01m\x1b[Kint\x1b[m\x1b[K\xe2\x80\x99\n'}
[0.748777] (turtle_high_controller) StderrLine: {'line': b'   78 |     float actual_dist = sqrtf((X - A.x)*(X - A.x) + (Y - A.\x1b[01;31m\x1b[Ky\x1b[m\x1b[K)*(Y - A.y));\n'}
[0.748844] (turtle_high_controller) StderrLine: {'line': b'      |                                                            \x1b[01;31m\x1b[K^\x1b[m\x1b[K\n'}
[0.748915] (turtle_high_controller) StderrLine: {'line': b'\x1b[01m\x1b[K/home/qianlab/single_turtle_workspace/dependencies/traveler_controller/src/controller/Inverse_kinematics.cpp:78:70:\x1b[m\x1b[K \x1b[01;31m\x1b[Kerror: \x1b[m\x1b[Krequest for member \xe2\x80\x98\x1b[01m\x1b[Ky\x1b[m\x1b[K\xe2\x80\x99 in \xe2\x80\x98\x1b[01m\x1b[KA\x1b[m\x1b[K\xe2\x80\x99, which is of non-class type \xe2\x80\x98\x1b[01m\x1b[Kint\x1b[m\x1b[K\xe2\x80\x99\n'}
[0.748990] (turtle_high_controller) StderrLine: {'line': b'   78 |     float actual_dist = sqrtf((X - A.x)*(X - A.x) + (Y - A.y)*(Y - A.\x1b[01;31m\x1b[Ky\x1b[m\x1b[K));\n'}
[0.749065] (turtle_high_controller) StderrLine: {'line': b'      |                                                                      \x1b[01;31m\x1b[K^\x1b[m\x1b[K\n'}
[0.753991] (traveler_optitrack) StderrLine: {'line': b'/home/qianlab/.local/lib/python3.8/site-packages/setuptools/dist.py:498: SetuptoolsDeprecationWarning: Invalid dash-separated options\n'}
[0.754216] (traveler_optitrack) StderrLine: {'line': b'!!\n'}
[0.754304] (traveler_optitrack) StderrLine: {'line': b'\n'}
[0.754382] (traveler_optitrack) StderrLine: {'line': b'        ********************************************************************************\n'}
[0.754460] (traveler_optitrack) StderrLine: {'line': b"        Usage of dash-separated 'script-dir' will not be supported in future\n"}
[0.754537] (traveler_optitrack) StderrLine: {'line': b"        versions. Please use the underscore name 'script_dir' instead.\n"}
[0.754618] (traveler_optitrack) StderrLine: {'line': b'\n'}
[0.754691] (traveler_optitrack) StderrLine: {'line': b'        This deprecation is overdue, please update your project and remove deprecated\n'}
[0.754773] (traveler_optitrack) StderrLine: {'line': b'        calls to avoid build errors in the future.\n'}
[0.754845] (traveler_optitrack) StderrLine: {'line': b'\n'}
[0.754913] (traveler_optitrack) StderrLine: {'line': b'        See https://setuptools.pypa.io/en/latest/userguide/declarative_config.html for details.\n'}
[0.755014] (traveler_optitrack) StderrLine: {'line': b'        ********************************************************************************\n'}
[0.755087] (traveler_optitrack) StderrLine: {'line': b'\n'}
[0.755158] (traveler_optitrack) StderrLine: {'line': b'!!\n'}
[0.755239] (traveler_optitrack) StderrLine: {'line': b'  opt = self.warn_dash_deprecation(opt, section)\n'}
[0.771659] (turtle_high_controller) StderrLine: {'line': b'make[2]: *** [CMakeFiles/turtle_high_controller.dir/build.make:76: CMakeFiles/turtle_high_controller.dir/src/controller/Inverse_kinematics.cpp.o] Error 1\n'}
[0.771868] (turtle_high_controller) StderrLine: {'line': b'make[2]: *** Waiting for unfinished jobs....\n'}
[0.808307] (-) TimerEvent: {}
[0.825059] (turtle_high_controller) StderrLine: {'line': b'In file included from \x1b[01m\x1b[K/home/qianlab/single_turtle_workspace/dependencies/traveler_controller/include/controller/trajectories_parser.h:8\x1b[m\x1b[K,\n'}
[0.825266] (turtle_high_controller) StderrLine: {'line': b'                 from \x1b[01m\x1b[K/home/qianlab/single_turtle_workspace/dependencies/traveler_controller/src/controller/trajectories_parser.cpp:1\x1b[m\x1b[K:\n'}
[0.825350] (turtle_high_controller) StderrLine: {'line': b'\x1b[01m\x1b[K/home/qianlab/single_turtle_workspace/dependencies/traveler_controller/include/controller/inverse_kinematics.h:14:47:\x1b[m\x1b[K \x1b[01;31m\x1b[Kerror: \x1b[m\x1b[K\xe2\x80\x98\x1b[01m\x1b[KXY_pair\x1b[m\x1b[K\xe2\x80\x99 has not been declared\n'}
[0.825429] (turtle_high_controller) StderrLine: {'line': b'   14 | void abstractToPhysical(float L, float Theta, \x1b[01;31m\x1b[KXY_pair\x1b[m\x1b[K& point);\n'}
[0.825502] (turtle_high_controller) StderrLine: {'line': b'      |                                               \x1b[01;31m\x1b[K^~~~~~~\x1b[m\x1b[K\n'}
[0.825572] (turtle_high_controller) StderrLine: {'line': b'\x1b[01m\x1b[K/home/qianlab/single_turtle_workspace/dependencies/traveler_controller/include/controller/inverse_kinematics.h:19:41:\x1b[m\x1b[K \x1b[01;31m\x1b[Kerror: \x1b[m\x1b[K\xe2\x80\x98\x1b[01m\x1b[KXY_pair\x1b[m\x1b[K\xe2\x80\x99 has not been declared\n'}
[0.825643] (turtle_high_controller) StderrLine: {'line': b'   19 | bool linearTraj(float t_rel, float vel, \x1b[01;31m\x1b[KXY_pair\x1b[m\x1b[K A, XY_pair B, float& X, float& Y);\n'}
[0.825713] (turtle_high_controller) StderrLine: {'line': b'      |                                         \x1b[01;31m\x1b[K^~~~~~~\x1b[m\x1b[K\n'}
[0.825784] (turtle_high_controller) StderrLine: {'line': b'\x1b[01m\x1b[K/home/qianlab/single_turtle_workspace/dependencies/traveler_controller/include/controller/inverse_kinematics.h:19:52:\x1b[m\x1b[K \x1b[01;31m\x1b[Kerror: \x1b[m\x1b[K\xe2\x80\x98\x1b[01m\x1b[KXY_pair\x1b[m\x1b[K\xe2\x80\x99 has not been declared\n'}
[0.825878] (turtle_high_controller) StderrLine: {'line': b'   19 | bool linearTraj(float t_rel, float vel, XY_pair A, \x1b[01;31m\x1b[KXY_pair\x1b[m\x1b[K B, float& X, float& Y);\n'}
[0.826065] (turtle_high_controller) StderrLine: {'line': b'      |                                                    \x1b[01;31m\x1b[K^~~~~~~\x1b[m\x1b[K\n'}
[0.826156] (turtle_high_controller) StderrLine: {'line': b'\x1b[01m\x1b[K/home/qianlab/single_turtle_workspace/dependencies/traveler_controller/include/controller/inverse_kinematics.h:20:41:\x1b[m\x1b[K \x1b[01;31m\x1b[Kerror: \x1b[m\x1b[K\xe2\x80\x98\x1b[01m\x1b[KXY_pair\x1b[m\x1b[K\xe2\x80\x99 has not been declared\n'}
[0.826234] (turtle_high_controller) StderrLine: {'line': b'   20 | bool linearTraj(float t_rel, float vel, \x1b[01;31m\x1b[KXY_pair\x1b[m\x1b[K A, XY_pair B,\n'}
[0.826307] (turtle_high_controller) StderrLine: {'line': b'      |                                         \x1b[01;31m\x1b[K^~~~~~~\x1b[m\x1b[K\n'}
[0.826393] (turtle_high_controller) StderrLine: {'line': b'\x1b[01m\x1b[K/home/qianlab/single_turtle_workspace/dependencies/traveler_controller/include/controller/inverse_kinematics.h:20:52:\x1b[m\x1b[K \x1b[01;31m\x1b[Kerror: \x1b[m\x1b[K\xe2\x80\x98\x1b[01m\x1b[KXY_pair\x1b[m\x1b[K\xe2\x80\x99 has not been declared\n'}
[0.826475] (turtle_high_controller) StderrLine: {'line': b'   20 | bool linearTraj(float t_rel, float vel, XY_pair A, \x1b[01;31m\x1b[KXY_pair\x1b[m\x1b[K B,\n'}
[0.826681] (turtle_high_controller) StderrLine: {'line': b'      |                                                    \x1b[01;31m\x1b[K^~~~~~~\x1b[m\x1b[K\n'}
[0.826774] (turtle_high_controller) StderrLine: {'line': b'\x1b[01m\x1b[K/home/qianlab/single_turtle_workspace/dependencies/traveler_controller/include/controller/inverse_kinematics.h:21:17:\x1b[m\x1b[K \x1b[01;31m\x1b[Kerror: \x1b[m\x1b[K\xe2\x80\x98\x1b[01m\x1b[KXY_pair\x1b[m\x1b[K\xe2\x80\x99 has not been declared\n'}
[0.826856] (turtle_high_controller) StderrLine: {'line': b'   21 |                 \x1b[01;31m\x1b[KXY_pair\x1b[m\x1b[K ToeXY, float& X, float& Y, float threshold = 0.01f);\n'}
[0.826937] (turtle_high_controller) StderrLine: {'line': b'      |                 \x1b[01;31m\x1b[K^~~~~~~\x1b[m\x1b[K\n'}
[0.827017] (turtle_high_controller) StderrLine: {'line': b'\x1b[01m\x1b[K/home/qianlab/single_turtle_workspace/dependencies/traveler_controller/include/controller/inverse_kinematics.h:26:16:\x1b[m\x1b[K \x1b[01;31m\x1b[Kerror: \x1b[m\x1b[K\xe2\x80\x98\x1b[01m\x1b[KXY_pair\x1b[m\x1b[K\xe2\x80\x99 was not declared in this scope\n'}
[0.827109] (turtle_high_controller) StderrLine: {'line': b'   26 | bool validPath(\x1b[01;31m\x1b[KXY_pair\x1b[m\x1b[K A, XY_pair B);\n'}
[0.827197] (turtle_high_controller) StderrLine: {'line': b'      |                \x1b[01;31m\x1b[K^~~~~~~\x1b[m\x1b[K\n'}
[0.827281] (turtle_high_controller) StderrLine: {'line': b'\x1b[01m\x1b[K/home/qianlab/single_turtle_workspace/dependencies/traveler_controller/include/controller/inverse_kinematics.h:26:27:\x1b[m\x1b[K \x1b[01;31m\x1b[Kerror: \x1b[m\x1b[K\xe2\x80\x98\x1b[01m\x1b[KXY_pair\x1b[m\x1b[K\xe2\x80\x99 was not declared in this scope\n'}
[0.827382] (turtle_high_controller) StderrLine: {'line': b'   26 | bool validPath(XY_pair A, \x1b[01;31m\x1b[KXY_pair\x1b[m\x1b[K B);\n'}
[0.827480] (turtle_high_controller) StderrLine: {'line': b'      |                           \x1b[01;31m\x1b[K^~~~~~~\x1b[m\x1b[K\n'}
[0.827566] (turtle_high_controller) StderrLine: {'line': b'\x1b[01m\x1b[K/home/qianlab/single_turtle_workspace/dependencies/traveler_controller/include/controller/inverse_kinematics.h:26:36:\x1b[m\x1b[K \x1b[01;31m\x1b[Kerror: \x1b[m\x1b[Kexpression list treated as compound expression in initializer [\x1b[01;31m\x1b[K-fpermissive\x1b[m\x1b[K]\n'}
[0.827778] (turtle_high_controller) StderrLine: {'line': b'   26 | bool validPath(XY_pair A, XY_pair B\x1b[01;31m\x1b[K)\x1b[m\x1b[K;\n'}
[0.827851] (turtle_high_controller) StderrLine: {'line': b'      |                                    \x1b[01;31m\x1b[K^\x1b[m\x1b[K\n'}
[0.827903] (turtle_high_controller) StderrLine: {'line': b'\x1b[01m\x1b[K/home/qianlab/single_turtle_workspace/dependencies/traveler_controller/include/controller/inverse_kinematics.h:32:15:\x1b[m\x1b[K \x1b[01;31m\x1b[Kerror: \x1b[m\x1b[K\xe2\x80\x98\x1b[01m\x1b[KXY_pair\x1b[m\x1b[K\xe2\x80\x99 was not declared in this scope\n'}
[0.827952] (turtle_high_controller) StderrLine: {'line': b'   32 | bool inBounds(\x1b[01;31m\x1b[KXY_pair\x1b[m\x1b[K ToeXY);\n'}
[0.827998] (turtle_high_controller) StderrLine: {'line': b'      |               \x1b[01;31m\x1b[K^~~~~~~\x1b[m\x1b[K\n'}
[0.828047] (turtle_high_controller) StderrLine: {'line': b'\x1b[01m\x1b[K/home/qianlab/single_turtle_workspace/dependencies/traveler_controller/include/controller/inverse_kinematics.h:33:31:\x1b[m\x1b[K \x1b[01;31m\x1b[Kerror: \x1b[m\x1b[K\xe2\x80\x98\x1b[01m\x1b[Kbool inBounds(float, float)\x1b[m\x1b[K\xe2\x80\x99 redeclared as different kind of entity\n'}
[0.828106] (turtle_high_controller) StderrLine: {'line': b'   33 | bool inBounds(float x, float y\x1b[01;31m\x1b[K)\x1b[m\x1b[K;\n'}
[0.828220] (turtle_high_controller) StderrLine: {'line': b'      |                               \x1b[01;31m\x1b[K^\x1b[m\x1b[K\n'}
[0.828270] (turtle_high_controller) StderrLine: {'line': b'\x1b[01m\x1b[K/home/qianlab/single_turtle_workspace/dependencies/traveler_controller/include/controller/inverse_kinematics.h:32:6:\x1b[m\x1b[K \x1b[01;36m\x1b[Knote: \x1b[m\x1b[Kprevious declaration \xe2\x80\x98\x1b[01m\x1b[Kbool inBounds\x1b[m\x1b[K\xe2\x80\x99\n'}
[0.828334] (turtle_high_controller) StderrLine: {'line': b'   32 | bool \x1b[01;36m\x1b[KinBounds\x1b[m\x1b[K(XY_pair ToeXY);\n'}
[0.828391] (turtle_high_controller) StderrLine: {'line': b'      |      \x1b[01;36m\x1b[K^~~~~~~~\x1b[m\x1b[K\n'}
[0.828443] (turtle_high_controller) StderrLine: {'line': b'\x1b[01m\x1b[K/home/qianlab/single_turtle_workspace/dependencies/traveler_controller/include/controller/inverse_kinematics.h:35:15:\x1b[m\x1b[K \x1b[01;31m\x1b[Kerror: \x1b[m\x1b[K\xe2\x80\x98\x1b[01m\x1b[KXY_pair\x1b[m\x1b[K\xe2\x80\x99 was not declared in this scope\n'}
[0.828494] (turtle_high_controller) StderrLine: {'line': b'   35 | bool clamp_XY(\x1b[01;31m\x1b[KXY_pair\x1b[m\x1b[K& P, float L = 0.0f);\n'}
[0.828546] (turtle_high_controller) StderrLine: {'line': b'      |               \x1b[01;31m\x1b[K^~~~~~~\x1b[m\x1b[K\n'}
[0.828725] (turtle_high_controller) StderrLine: {'line': b'\x1b[01m\x1b[K/home/qianlab/single_turtle_workspace/dependencies/traveler_controller/include/controller/inverse_kinematics.h:35:24:\x1b[m\x1b[K \x1b[01;31m\x1b[Kerror: \x1b[m\x1b[K\xe2\x80\x98\x1b[01m\x1b[KP\x1b[m\x1b[K\xe2\x80\x99 was not declared in this scope\n'}
[0.828805] (turtle_high_controller) StderrLine: {'line': b'   35 | bool clamp_XY(XY_pair& \x1b[01;31m\x1b[KP\x1b[m\x1b[K, float L = 0.0f);\n'}
[0.828853] (turtle_high_controller) StderrLine: {'line': b'      |                        \x1b[01;31m\x1b[K^\x1b[m\x1b[K\n'}
[0.828900] (turtle_high_controller) StderrLine: {'line': b'\x1b[01m\x1b[K/home/qianlab/single_turtle_workspace/dependencies/traveler_controller/include/controller/inverse_kinematics.h:35:27:\x1b[m\x1b[K \x1b[01;31m\x1b[Kerror: \x1b[m\x1b[Kexpected primary-expression before \xe2\x80\x98\x1b[01m\x1b[Kfloat\x1b[m\x1b[K\xe2\x80\x99\n'}
[0.828949] (turtle_high_controller) StderrLine: {'line': b'   35 | bool clamp_XY(XY_pair& P, \x1b[01;31m\x1b[Kfloat\x1b[m\x1b[K L = 0.0f);\n'}
[0.829006] (turtle_high_controller) StderrLine: {'line': b'      |                           \x1b[01;31m\x1b[K^~~~~\x1b[m\x1b[K\n'}
[0.829052] (turtle_high_controller) StderrLine: {'line': b'\x1b[01m\x1b[K/home/qianlab/single_turtle_workspace/dependencies/traveler_controller/include/controller/inverse_kinematics.h:35:41:\x1b[m\x1b[K \x1b[01;31m\x1b[Kerror: \x1b[m\x1b[Kexpression list treated as compound expression in initializer [\x1b[01;31m\x1b[K-fpermissive\x1b[m\x1b[K]\n'}
[0.829104] (turtle_high_controller) StderrLine: {'line': b'   35 | bool clamp_XY(XY_pair& P, float L = 0.0f\x1b[01;31m\x1b[K)\x1b[m\x1b[K;\n'}
[0.829169] (turtle_high_controller) StderrLine: {'line': b'      |                                         \x1b[01;31m\x1b[K^\x1b[m\x1b[K\n'}
[0.829621] (turtle_high_controller) StderrLine: {'line': b'\x1b[01m\x1b[K/home/qianlab/single_turtle_workspace/dependencies/traveler_controller/include/controller/inverse_kinematics.h:36:16:\x1b[m\x1b[K \x1b[01;31m\x1b[Kerror: \x1b[m\x1b[K\xe2\x80\x98\x1b[01m\x1b[KXY_pair\x1b[m\x1b[K\xe2\x80\x99 was not declared in this scope\n'}
[0.829750] (turtle_high_controller) StderrLine: {'line': b'   36 | float distance(\x1b[01;31m\x1b[KXY_pair\x1b[m\x1b[K A, XY_pair B);\n'}
[0.829811] (turtle_high_controller) StderrLine: {'line': b'      |                \x1b[01;31m\x1b[K^~~~~~~\x1b[m\x1b[K\n'}
[0.830603] (turtle_high_controller) StderrLine: {'line': b'\x1b[01m\x1b[K/home/qianlab/single_turtle_workspace/dependencies/traveler_controller/include/controller/inverse_kinematics.h:36:27:\x1b[m\x1b[K \x1b[01;31m\x1b[Kerror: \x1b[m\x1b[K\xe2\x80\x98\x1b[01m\x1b[KXY_pair\x1b[m\x1b[K\xe2\x80\x99 was not declared in this scope\n'}
[0.830789] (turtle_high_controller) StderrLine: {'line': b'   36 | float distance(XY_pair A, \x1b[01;31m\x1b[KXY_pair\x1b[m\x1b[K B);\n'}
[0.830857] (turtle_high_controller) StderrLine: {'line': b'      |                           \x1b[01;31m\x1b[K^~~~~~~\x1b[m\x1b[K\n'}
[0.830926] (turtle_high_controller) StderrLine: {'line': b'\x1b[01m\x1b[K/home/qianlab/single_turtle_workspace/dependencies/traveler_controller/include/controller/inverse_kinematics.h:36:36:\x1b[m\x1b[K \x1b[01;31m\x1b[Kerror: \x1b[m\x1b[Kexpression list treated as compound expression in initializer [\x1b[01;31m\x1b[K-fpermissive\x1b[m\x1b[K]\n'}
[0.830982] (turtle_high_controller) StderrLine: {'line': b'   36 | float distance(XY_pair A, XY_pair B\x1b[01;31m\x1b[K)\x1b[m\x1b[K;\n'}
[0.831179] (turtle_high_controller) StderrLine: {'line': b'      |                                    \x1b[01;31m\x1b[K^\x1b[m\x1b[K\n'}
[0.832413] (turtle_high_controller) StderrLine: {'line': b'In file included from \x1b[01m\x1b[K/home/qianlab/single_turtle_workspace/dependencies/traveler_controller/src/controller/trajectories_parser.cpp:1\x1b[m\x1b[K:\n'}
[0.832618] (turtle_high_controller) StderrLine: {'line': b'\x1b[01m\x1b[K/home/qianlab/single_turtle_workspace/dependencies/traveler_controller/include/controller/trajectories_parser.h:40:17:\x1b[m\x1b[K \x1b[01;31m\x1b[Kerror: \x1b[m\x1b[K\xe2\x80\x98\x1b[01m\x1b[KWaypoint\x1b[m\x1b[K\xe2\x80\x99 was not declared in this scope\n'}
[0.832709] (turtle_high_controller) StderrLine: {'line': b'   40 |     std::vector<\x1b[01;31m\x1b[KWaypoint\x1b[m\x1b[K> waypoints_;\n'}
[0.832784] (turtle_high_controller) StderrLine: {'line': b'      |                 \x1b[01;31m\x1b[K^~~~~~~~\x1b[m\x1b[K\n'}
[0.832873] (turtle_high_controller) StderrLine: {'line': b'\x1b[01m\x1b[K/home/qianlab/single_turtle_workspace/dependencies/traveler_controller/include/controller/trajectories_parser.h:40:25:\x1b[m\x1b[K \x1b[01;31m\x1b[Kerror: \x1b[m\x1b[Ktemplate argument 1 is invalid\n'}
[0.832967] (turtle_high_controller) StderrLine: {'line': b'   40 |     std::vector<Waypoint\x1b[01;31m\x1b[K>\x1b[m\x1b[K waypoints_;\n'}
[0.833049] (turtle_high_controller) StderrLine: {'line': b'      |                         \x1b[01;31m\x1b[K^\x1b[m\x1b[K\n'}
[0.833124] (turtle_high_controller) StderrLine: {'line': b'\x1b[01m\x1b[K/home/qianlab/single_turtle_workspace/dependencies/traveler_controller/include/controller/trajectories_parser.h:40:25:\x1b[m\x1b[K \x1b[01;31m\x1b[Kerror: \x1b[m\x1b[Ktemplate argument 2 is invalid\n'}
[0.833249] (turtle_high_controller) StderrLine: {'line': b'\x1b[01m\x1b[K/home/qianlab/single_turtle_workspace/dependencies/traveler_controller/include/controller/trajectories_parser.h:41:5:\x1b[m\x1b[K \x1b[01;31m\x1b[Kerror: \x1b[m\x1b[K\xe2\x80\x98\x1b[01m\x1b[KWaypoint\x1b[m\x1b[K\xe2\x80\x99 does not name a type\n'}
[0.833323] (turtle_high_controller) StderrLine: {'line': b'   41 |     \x1b[01;31m\x1b[KWaypoint\x1b[m\x1b[K curr_waypoint_;\n'}
[0.833396] (turtle_high_controller) StderrLine: {'line': b'      |     \x1b[01;31m\x1b[K^~~~~~~~\x1b[m\x1b[K\n'}
[0.834069] (turtle_high_controller) StderrLine: {'line': b'\x1b[01m\x1b[K/home/qianlab/single_turtle_workspace/dependencies/traveler_controller/include/controller/trajectories_parser.h:42:5:\x1b[m\x1b[K \x1b[01;31m\x1b[Kerror: \x1b[m\x1b[K\xe2\x80\x98\x1b[01m\x1b[KWaypoint\x1b[m\x1b[K\xe2\x80\x99 does not name a type\n'}
[0.834243] (turtle_high_controller) StderrLine: {'line': b'   42 |     \x1b[01;31m\x1b[KWaypoint\x1b[m\x1b[K prev_waypoint_;\n'}
[0.834354] (turtle_high_controller) StderrLine: {'line': b'      |     \x1b[01;31m\x1b[K^~~~~~~~\x1b[m\x1b[K\n'}
[0.834612] (turtle_high_controller) StderrLine: {'line': b'\x1b[01m\x1b[K/home/qianlab/single_turtle_workspace/dependencies/traveler_controller/src/controller/trajectories_parser.cpp:\x1b[m\x1b[K In member function \xe2\x80\x98\x1b[01m\x1b[Kvoid turtle_namespace::control::TrajectoriesParser::generateWaypoints(turtle&)\x1b[m\x1b[K\xe2\x80\x99:\n'}
[0.834775] (turtle_high_controller) StderrLine: {'line': b'\x1b[01m\x1b[K/home/qianlab/single_turtle_workspace/dependencies/traveler_controller/src/controller/trajectories_parser.cpp:20:16:\x1b[m\x1b[K \x1b[01;31m\x1b[Kerror: \x1b[m\x1b[Krequest for member \xe2\x80\x98\x1b[01m\x1b[Kclear\x1b[m\x1b[K\xe2\x80\x99 in \xe2\x80\x98\x1b[01m\x1b[K((turtle_namespace::control::TrajectoriesParser*)this)->turtle_namespace::control::TrajectoriesParser::waypoints_\x1b[m\x1b[K\xe2\x80\x99, which is of non-class type \xe2\x80\x98\x1b[01m\x1b[Kint\x1b[m\x1b[K\xe2\x80\x99\n'}
[0.834886] (turtle_high_controller) StderrLine: {'line': b'   20 |     waypoints_.\x1b[01;31m\x1b[Kclear\x1b[m\x1b[K();\n'}
[0.834979] (turtle_high_controller) StderrLine: {'line': b'      |                \x1b[01;31m\x1b[K^~~~~\x1b[m\x1b[K\n'}
[0.835061] (turtle_high_controller) StderrLine: {'line': b'\x1b[01m\x1b[K/home/qianlab/single_turtle_workspace/dependencies/traveler_controller/src/controller/trajectories_parser.cpp:21:42:\x1b[m\x1b[K \x1b[01;31m\x1b[Kerror: \x1b[m\x1b[K\xe2\x80\x98\x1b[01m\x1b[Kstruct TrajectoryData\x1b[m\x1b[K\xe2\x80\x99 has no member named \xe2\x80\x98\x1b[01m\x1b[Knum_waypoints\x1b[m\x1b[K\xe2\x80\x99\n'}
[0.835208] (turtle_high_controller) StderrLine: {'line': b'   21 |     for (int i = 0; i < turtle.traj_data.\x1b[01;31m\x1b[Knum_waypoints\x1b[m\x1b[K; i++) {\n'}
[0.835286] (turtle_high_controller) StderrLine: {'line': b'      |                                          \x1b[01;31m\x1b[K^~~~~~~~~~~~~\x1b[m\x1b[K\n'}
[0.835355] (turtle_high_controller) StderrLine: {'line': b'\x1b[01m\x1b[K/home/qianlab/single_turtle_workspace/dependencies/traveler_controller/src/controller/trajectories_parser.cpp:22:36:\x1b[m\x1b[K \x1b[01;31m\x1b[Kerror: \x1b[m\x1b[K\xe2\x80\x98\x1b[01m\x1b[Kstruct TrajectoryData\x1b[m\x1b[K\xe2\x80\x99 has no member named \xe2\x80\x98\x1b[01m\x1b[Kwaypoints_x\x1b[m\x1b[K\xe2\x80\x99\n'}
[0.835427] (turtle_high_controller) StderrLine: {'line': b'   22 |         float x = turtle.traj_data.\x1b[01;31m\x1b[Kwaypoints_x\x1b[m\x1b[K[i];\n'}
[0.835512] (turtle_high_controller) StderrLine: {'line': b'      |                                    \x1b[01;31m\x1b[K^~~~~~~~~~~\x1b[m\x1b[K\n'}
[0.835587] (turtle_high_controller) StderrLine: {'line': b'\x1b[01m\x1b[K/home/qianlab/single_turtle_workspace/dependencies/traveler_controller/src/controller/trajectories_parser.cpp:23:36:\x1b[m\x1b[K \x1b[01;31m\x1b[Kerror: \x1b[m\x1b[K\xe2\x80\x98\x1b[01m\x1b[Kstruct TrajectoryData\x1b[m\x1b[K\xe2\x80\x99 has no member named \xe2\x80\x98\x1b[01m\x1b[Kwaypoints_y\x1b[m\x1b[K\xe2\x80\x99\n'}
[0.835656] (turtle_high_controller) StderrLine: {'line': b'   23 |         float y = turtle.traj_data.\x1b[01;31m\x1b[Kwaypoints_y\x1b[m\x1b[K[i];\n'}
[0.835854] (turtle_high_controller) StderrLine: {'line': b'      |                                    \x1b[01;31m\x1b[K^~~~~~~~~~~\x1b[m\x1b[K\n'}
[0.835944] (turtle_high_controller) StderrLine: {'line': b'\x1b[01m\x1b[K/home/qianlab/single_turtle_workspace/dependencies/traveler_controller/src/controller/trajectories_parser.cpp:24:36:\x1b[m\x1b[K \x1b[01;31m\x1b[Kerror: \x1b[m\x1b[K\xe2\x80\x98\x1b[01m\x1b[Kstruct TrajectoryData\x1b[m\x1b[K\xe2\x80\x99 has no member named \xe2\x80\x98\x1b[01m\x1b[Kwaypoints_v\x1b[m\x1b[K\xe2\x80\x99\n'}
[0.836037] (turtle_high_controller) StderrLine: {'line': b'   24 |         float v = turtle.traj_data.\x1b[01;31m\x1b[Kwaypoints_v\x1b[m\x1b[K[i];\n'}
[0.836128] (turtle_high_controller) StderrLine: {'line': b'      |                                    \x1b[01;31m\x1b[K^~~~~~~~~~~\x1b[m\x1b[K\n'}
[0.836237] (turtle_high_controller) StderrLine: {'line': b'\x1b[01m\x1b[K/home/qianlab/single_turtle_workspace/dependencies/traveler_controller/src/controller/trajectories_parser.cpp:25:20:\x1b[m\x1b[K \x1b[01;31m\x1b[Kerror: \x1b[m\x1b[Krequest for member \xe2\x80\x98\x1b[01m\x1b[Kpush_back\x1b[m\x1b[K\xe2\x80\x99 in \xe2\x80\x98\x1b[01m\x1b[K((turtle_namespace::control::TrajectoriesParser*)this)->turtle_namespace::control::TrajectoriesParser::waypoints_\x1b[m\x1b[K\xe2\x80\x99, which is of non-class type \xe2\x80\x98\x1b[01m\x1b[Kint\x1b[m\x1b[K\xe2\x80\x99\n'}
[0.836339] (turtle_high_controller) StderrLine: {'line': b'   25 |         waypoints_.\x1b[01;31m\x1b[Kpush_back\x1b[m\x1b[K(Waypoint(x, y, v, 0.0f));\n'}
[0.836416] (turtle_high_controller) StderrLine: {'line': b'      |                    \x1b[01;31m\x1b[K^~~~~~~~~\x1b[m\x1b[K\n'}
[0.836495] (turtle_high_controller) StderrLine: {'line': b'\x1b[01m\x1b[K/home/qianlab/single_turtle_workspace/dependencies/traveler_controller/src/controller/trajectories_parser.cpp:25:30:\x1b[m\x1b[K \x1b[01;31m\x1b[Kerror: \x1b[m\x1b[K\xe2\x80\x98\x1b[01m\x1b[KWaypoint\x1b[m\x1b[K\xe2\x80\x99 was not declared in this scope; did you mean \xe2\x80\x98\x1b[01m\x1b[Kwaypoints_\x1b[m\x1b[K\xe2\x80\x99?\n'}
[0.836570] (turtle_high_controller) StderrLine: {'line': b'   25 |         waypoints_.push_back(\x1b[01;31m\x1b[KWaypoint\x1b[m\x1b[K(x, y, v, 0.0f));\n'}
[0.836640] (turtle_high_controller) StderrLine: {'line': b'      |                              \x1b[01;31m\x1b[K^~~~~~~~\x1b[m\x1b[K\n'}
[0.836711] (turtle_high_controller) StderrLine: {'line': b'      |                              \x1b[32m\x1b[Kwaypoints_\x1b[m\x1b[K\n'}
[0.836783] (turtle_high_controller) StderrLine: {'line': b'\x1b[01m\x1b[K/home/qianlab/single_turtle_workspace/dependencies/traveler_controller/src/controller/trajectories_parser.cpp:29:36:\x1b[m\x1b[K \x1b[01;31m\x1b[Kerror: \x1b[m\x1b[Krequest for member \xe2\x80\x98\x1b[01m\x1b[Ksize\x1b[m\x1b[K\xe2\x80\x99 in \xe2\x80\x98\x1b[01m\x1b[K((turtle_namespace::control::TrajectoriesParser*)this)->turtle_namespace::control::TrajectoriesParser::waypoints_\x1b[m\x1b[K\xe2\x80\x99, which is of non-class type \xe2\x80\x98\x1b[01m\x1b[Kint\x1b[m\x1b[K\xe2\x80\x99\n'}
[0.836861] (turtle_high_controller) StderrLine: {'line': b'   29 |     for (int i = 0; i < waypoints_.\x1b[01;31m\x1b[Ksize\x1b[m\x1b[K(); i++) {\n'}
[0.836933] (turtle_high_controller) StderrLine: {'line': b'      |                                    \x1b[01;31m\x1b[K^~~~\x1b[m\x1b[K\n'}
[0.837018] (turtle_high_controller) StderrLine: {'line': b'\x1b[01m\x1b[K/home/qianlab/single_turtle_workspace/dependencies/traveler_controller/src/controller/trajectories_parser.cpp:31:31:\x1b[m\x1b[K \x1b[01;31m\x1b[Kerror: \x1b[m\x1b[Kinvalid types \xe2\x80\x98\x1b[01m\x1b[Kint[int]\x1b[m\x1b[K\xe2\x80\x99 for array subscript\n'}
[0.837110] (turtle_high_controller) StderrLine: {'line': b'   31 |                i, waypoints_[i\x1b[01;31m\x1b[K]\x1b[m\x1b[K.point.x, waypoints_[i].point.y, waypoints_[i].vel);\n'}
[0.837187] (turtle_high_controller) StderrLine: {'line': b'      |                               \x1b[01;31m\x1b[K^\x1b[m\x1b[K\n'}
[0.837261] (turtle_high_controller) StderrLine: {'line': b'\x1b[01m\x1b[K/home/qianlab/single_turtle_workspace/dependencies/traveler_controller/src/controller/trajectories_parser.cpp:31:54:\x1b[m\x1b[K \x1b[01;31m\x1b[Kerror: \x1b[m\x1b[Kinvalid types \xe2\x80\x98\x1b[01m\x1b[Kint[int]\x1b[m\x1b[K\xe2\x80\x99 for array subscript\n'}
[0.837336] (turtle_high_controller) StderrLine: {'line': b'   31 |                i, waypoints_[i].point.x, waypoints_[i\x1b[01;31m\x1b[K]\x1b[m\x1b[K.point.y, waypoints_[i].vel);\n'}
[0.837409] (turtle_high_controller) StderrLine: {'line': b'      |                                                      \x1b[01;31m\x1b[K^\x1b[m\x1b[K\n'}
[0.837482] (turtle_high_controller) StderrLine: {'line': b'\x1b[01m\x1b[K/home/qianlab/single_turtle_workspace/dependencies/traveler_controller/src/controller/trajectories_parser.cpp:31:77:\x1b[m\x1b[K \x1b[01;31m\x1b[Kerror: \x1b[m\x1b[Kinvalid types \xe2\x80\x98\x1b[01m\x1b[Kint[int]\x1b[m\x1b[K\xe2\x80\x99 for array subscript\n'}
[0.837554] (turtle_high_controller) StderrLine: {'line': b'   31 |                i, waypoints_[i].point.x, waypoints_[i].point.y, waypoints_[i\x1b[01;31m\x1b[K]\x1b[m\x1b[K.vel);\n'}
[0.837629] (turtle_high_controller) StderrLine: {'line': b'      |                                                                             \x1b[01;31m\x1b[K^\x1b[m\x1b[K\n'}
[0.838475] (turtle_high_controller) StderrLine: {'line': b'\x1b[01m\x1b[K/home/qianlab/single_turtle_workspace/dependencies/traveler_controller/src/controller/trajectories_parser.cpp:\x1b[m\x1b[K In member function \xe2\x80\x98\x1b[01m\x1b[Kbool turtle_namespace::control::TrajectoriesParser::processWaypoint(turtle&)\x1b[m\x1b[K\xe2\x80\x99:\n'}
[0.838601] (turtle_high_controller) StderrLine: {'line': b'\x1b[01m\x1b[K/home/qianlab/single_turtle_workspace/dependencies/traveler_controller/src/controller/trajectories_parser.cpp:38:24:\x1b[m\x1b[K \x1b[01;31m\x1b[Kerror: \x1b[m\x1b[K\xe2\x80\x98\x1b[01m\x1b[Kcurr_waypoint_\x1b[m\x1b[K\xe2\x80\x99 was not declared in this scope\n'}
[0.838681] (turtle_high_controller) StderrLine: {'line': b'   38 |     if (linearTraj(t_, \x1b[01;31m\x1b[Kcurr_waypoint_\x1b[m\x1b[K.vel,\n'}
[0.838759] (turtle_high_controller) StderrLine: {'line': b'      |                        \x1b[01;31m\x1b[K^~~~~~~~~~~~~~\x1b[m\x1b[K\n'}
[0.839668] (turtle_high_controller) StderrLine: {'line': b'\x1b[01m\x1b[K/home/qianlab/single_turtle_workspace/dependencies/traveler_controller/src/controller/trajectories_parser.cpp:39:20:\x1b[m\x1b[K \x1b[01;31m\x1b[Kerror: \x1b[m\x1b[K\xe2\x80\x98\x1b[01m\x1b[Kprev_waypoint_\x1b[m\x1b[K\xe2\x80\x99 was not declared in this scope\n'}
[0.839793] (turtle_high_controller) StderrLine: {'line': b'   39 |                    \x1b[01;31m\x1b[Kprev_waypoint_\x1b[m\x1b[K.point, curr_waypoint_.point,\n'}
[0.839868] (turtle_high_controller) StderrLine: {'line': b'      |                    \x1b[01;31m\x1b[K^~~~~~~~~~~~~~\x1b[m\x1b[K\n'}
[0.841049] (turtle_high_controller) StderrLine: {'line': b'\x1b[01m\x1b[K/home/qianlab/single_turtle_workspace/dependencies/traveler_controller/src/controller/trajectories_parser.cpp:\x1b[m\x1b[K In member function \xe2\x80\x98\x1b[01m\x1b[Kbool turtle_namespace::control::TrajectoriesParser::waypointTrajectory(turtle&)\x1b[m\x1b[K\xe2\x80\x99:\n'}
[0.841220] (turtle_high_controller) StderrLine: {'line': b'\x1b[01m\x1b[K/home/qianlab/single_turtle_workspace/dependencies/traveler_controller/src/controller/trajectories_parser.cpp:52:9:\x1b[m\x1b[K \x1b[01;31m\x1b[Kerror: \x1b[m\x1b[K\xe2\x80\x98\x1b[01m\x1b[Kprev_waypoint_\x1b[m\x1b[K\xe2\x80\x99 was not declared in this scope\n'}
[0.841323] (turtle_high_controller) StderrLine: {'line': b'   52 |         \x1b[01;31m\x1b[Kprev_waypoint_\x1b[m\x1b[K = Waypoint(turtle.turtle_chassis.left_adduction.pos_estimate, turtle.turtle_chassis.left_sweeping.pos_estimate, 0.0f, 0.0f);\n'}
[0.841404] (turtle_high_controller) StderrLine: {'line': b'      |         \x1b[01;31m\x1b[K^~~~~~~~~~~~~~\x1b[m\x1b[K\n'}
[0.841878] (turtle_high_controller) StderrLine: {'line': b'\x1b[01m\x1b[K/home/qianlab/single_turtle_workspace/dependencies/traveler_controller/src/controller/trajectories_parser.cpp:52:26:\x1b[m\x1b[K \x1b[01;31m\x1b[Kerror: \x1b[m\x1b[K\xe2\x80\x98\x1b[01m\x1b[KWaypoint\x1b[m\x1b[K\xe2\x80\x99 was not declared in this scope; did you mean \xe2\x80\x98\x1b[01m\x1b[Kwaypoints_\x1b[m\x1b[K\xe2\x80\x99?\n'}
[0.842009] (turtle_high_controller) StderrLine: {'line': b'   52 |         prev_waypoint_ = \x1b[01;31m\x1b[KWaypoint\x1b[m\x1b[K(turtle.turtle_chassis.left_adduction.pos_estimate, turtle.turtle_chassis.left_sweeping.pos_estimate, 0.0f, 0.0f);\n'}
[0.842065] (turtle_high_controller) StderrLine: {'line': b'      |                          \x1b[01;31m\x1b[K^~~~~~~~\x1b[m\x1b[K\n'}
[0.842115] (turtle_high_controller) StderrLine: {'line': b'      |                          \x1b[32m\x1b[Kwaypoints_\x1b[m\x1b[K\n'}
[0.843278] (turtle_high_controller) StderrLine: {'line': b'\x1b[01m\x1b[K/home/qianlab/single_turtle_workspace/dependencies/traveler_controller/src/controller/trajectories_parser.cpp:53:9:\x1b[m\x1b[K \x1b[01;31m\x1b[Kerror: \x1b[m\x1b[K\xe2\x80\x98\x1b[01m\x1b[Kcurr_waypoint_\x1b[m\x1b[K\xe2\x80\x99 was not declared in this scope\n'}
[0.843520] (turtle_high_controller) StderrLine: {'line': b'   53 |         \x1b[01;31m\x1b[Kcurr_waypoint_\x1b[m\x1b[K = waypoints_[waypoint_index_];\n'}
[0.843614] (turtle_high_controller) StderrLine: {'line': b'      |         \x1b[01;31m\x1b[K^~~~~~~~~~~~~~\x1b[m\x1b[K\n'}
[0.843692] (turtle_high_controller) StderrLine: {'line': b'\x1b[01m\x1b[K/home/qianlab/single_turtle_workspace/dependencies/traveler_controller/src/controller/trajectories_parser.cpp:53:52:\x1b[m\x1b[K \x1b[01;31m\x1b[Kerror: \x1b[m\x1b[Kinvalid types \xe2\x80\x98\x1b[01m\x1b[Kint[int]\x1b[m\x1b[K\xe2\x80\x99 for array subscript\n'}
[0.843793] (turtle_high_controller) StderrLine: {'line': b'   53 |         curr_waypoint_ = waypoints_[waypoint_index_\x1b[01;31m\x1b[K]\x1b[m\x1b[K;\n'}
[0.843874] (turtle_high_controller) StderrLine: {'line': b'      |                                                    \x1b[01;31m\x1b[K^\x1b[m\x1b[K\n'}
[0.843952] (turtle_high_controller) StderrLine: {'line': b'\x1b[01m\x1b[K/home/qianlab/single_turtle_workspace/dependencies/traveler_controller/src/controller/trajectories_parser.cpp:58:39:\x1b[m\x1b[K \x1b[01;31m\x1b[Kerror: \x1b[m\x1b[Krequest for member \xe2\x80\x98\x1b[01m\x1b[Ksize\x1b[m\x1b[K\xe2\x80\x99 in \xe2\x80\x98\x1b[01m\x1b[K((turtle_namespace::control::TrajectoriesParser*)this)->turtle_namespace::control::TrajectoriesParser::waypoints_\x1b[m\x1b[K\xe2\x80\x99, which is of non-class type \xe2\x80\x98\x1b[01m\x1b[Kint\x1b[m\x1b[K\xe2\x80\x99\n'}
[0.844040] (turtle_high_controller) StderrLine: {'line': b'   58 |     if (waypoint_index_ >= waypoints_.\x1b[01;31m\x1b[Ksize\x1b[m\x1b[K()) {\n'}
[0.844123] (turtle_high_controller) StderrLine: {'line': b'      |                                       \x1b[01;31m\x1b[K^~~~\x1b[m\x1b[K\n'}
[0.844204] (turtle_high_controller) StderrLine: {'line': b'\x1b[01m\x1b[K/home/qianlab/single_turtle_workspace/dependencies/traveler_controller/src/controller/trajectories_parser.cpp:65:42:\x1b[m\x1b[K \x1b[01;31m\x1b[Kerror: \x1b[m\x1b[Krequest for member \xe2\x80\x98\x1b[01m\x1b[Ksize\x1b[m\x1b[K\xe2\x80\x99 in \xe2\x80\x98\x1b[01m\x1b[K((turtle_namespace::control::TrajectoriesParser*)this)->turtle_namespace::control::TrajectoriesParser::waypoints_\x1b[m\x1b[K\xe2\x80\x99, which is of non-class type \xe2\x80\x98\x1b[01m\x1b[Kint\x1b[m\x1b[K\xe2\x80\x99\n'}
[0.844285] (turtle_high_controller) StderrLine: {'line': b'   65 |         if (waypoint_index_ < waypoints_.\x1b[01;31m\x1b[Ksize\x1b[m\x1b[K()) {\n'}
[0.844362] (turtle_high_controller) StderrLine: {'line': b'      |                                          \x1b[01;31m\x1b[K^~~~\x1b[m\x1b[K\n'}
[0.844990] (turtle_high_controller) StderrLine: {'line': b'\x1b[01m\x1b[K/home/qianlab/single_turtle_workspace/dependencies/traveler_controller/src/controller/trajectories_parser.cpp:66:13:\x1b[m\x1b[K \x1b[01;31m\x1b[Kerror: \x1b[m\x1b[K\xe2\x80\x98\x1b[01m\x1b[Kprev_waypoint_\x1b[m\x1b[K\xe2\x80\x99 was not declared in this scope\n'}
[0.845122] (turtle_high_controller) StderrLine: {'line': b'   66 |             \x1b[01;31m\x1b[Kprev_waypoint_\x1b[m\x1b[K = curr_waypoint_;\n'}
[0.845195] (turtle_high_controller) StderrLine: {'line': b'      |             \x1b[01;31m\x1b[K^~~~~~~~~~~~~~\x1b[m\x1b[K\n'}
[0.846924] (turtle_high_controller) StderrLine: {'line': b'\x1b[01m\x1b[K/home/qianlab/single_turtle_workspace/dependencies/traveler_controller/src/controller/trajectories_parser.cpp:66:30:\x1b[m\x1b[K \x1b[01;31m\x1b[Kerror: \x1b[m\x1b[K\xe2\x80\x98\x1b[01m\x1b[Kcurr_waypoint_\x1b[m\x1b[K\xe2\x80\x99 was not declared in this scope\n'}
[0.847146] (turtle_high_controller) StderrLine: {'line': b'   66 |             prev_waypoint_ = \x1b[01;31m\x1b[Kcurr_waypoint_\x1b[m\x1b[K;\n'}
[0.847232] (turtle_high_controller) StderrLine: {'line': b'      |                              \x1b[01;31m\x1b[K^~~~~~~~~~~~~~\x1b[m\x1b[K\n'}
[0.847305] (turtle_high_controller) StderrLine: {'line': b'\x1b[01m\x1b[K/home/qianlab/single_turtle_workspace/dependencies/traveler_controller/src/controller/trajectories_parser.cpp:67:56:\x1b[m\x1b[K \x1b[01;31m\x1b[Kerror: \x1b[m\x1b[Kinvalid types \xe2\x80\x98\x1b[01m\x1b[Kint[int]\x1b[m\x1b[K\xe2\x80\x99 for array subscript\n'}
[0.847380] (turtle_high_controller) StderrLine: {'line': b'   67 |             curr_waypoint_ = waypoints_[waypoint_index_\x1b[01;31m\x1b[K]\x1b[m\x1b[K;\n'}
[0.847453] (turtle_high_controller) StderrLine: {'line': b'      |                                                        \x1b[01;31m\x1b[K^\x1b[m\x1b[K\n'}
[0.876683] (turtle_high_controller) StderrLine: {'line': b'make[2]: *** [CMakeFiles/turtle_high_controller.dir/build.make:89: CMakeFiles/turtle_high_controller.dir/src/controller/trajectories_parser.cpp.o] Error 1\n'}
[0.895985] (traveler_optitrack) StdoutLine: {'line': b'running egg_info\n'}
[0.906578] (traveler_optitrack) StdoutLine: {'line': b'writing ../../build/traveler_optitrack/traveler_optitrack.egg-info/PKG-INFO\n'}
[0.907011] (traveler_optitrack) StdoutLine: {'line': b'writing dependency_links to ../../build/traveler_optitrack/traveler_optitrack.egg-info/dependency_links.txt\n'}
[0.907272] (traveler_optitrack) StdoutLine: {'line': b'writing entry points to ../../build/traveler_optitrack/traveler_optitrack.egg-info/entry_points.txt\n'}
[0.907439] (traveler_optitrack) StdoutLine: {'line': b'writing requirements to ../../build/traveler_optitrack/traveler_optitrack.egg-info/requires.txt\n'}
[0.907523] (traveler_optitrack) StdoutLine: {'line': b'writing top-level names to ../../build/traveler_optitrack/traveler_optitrack.egg-info/top_level.txt\n'}
[0.908389] (-) TimerEvent: {}
[0.992980] (traveler_optitrack) StdoutLine: {'line': b"reading manifest file '../../build/traveler_optitrack/traveler_optitrack.egg-info/SOURCES.txt'\n"}
[0.993591] (traveler_optitrack) StdoutLine: {'line': b"writing manifest file '../../build/traveler_optitrack/traveler_optitrack.egg-info/SOURCES.txt'\n"}
[0.993752] (traveler_optitrack) StdoutLine: {'line': b'running build\n'}
[0.993855] (traveler_optitrack) StdoutLine: {'line': b'running build_py\n'}
[0.994177] (traveler_optitrack) StdoutLine: {'line': b'running install\n'}
[0.998260] (traveler_optitrack) StdoutLine: {'line': b'running install_lib\n'}
[1.008535] (-) TimerEvent: {}
[1.008830] (traveler_optitrack) StdoutLine: {'line': b'running install_data\n'}
[1.009018] (traveler_optitrack) StdoutLine: {'line': b'running install_egg_info\n'}
[1.020104] (traveler_optitrack) StdoutLine: {'line': b"removing '/home/qianlab/single_turtle_workspace/install/traveler_optitrack/lib/python3.8/site-packages/traveler_optitrack-0.0.0-py3.8.egg-info' (and everything under it)\n"}
[1.020339] (traveler_optitrack) StdoutLine: {'line': b'Copying ../../build/traveler_optitrack/traveler_optitrack.egg-info to /home/qianlab/single_turtle_workspace/install/traveler_optitrack/lib/python3.8/site-packages/traveler_optitrack-0.0.0-py3.8.egg-info\n'}
[1.020776] (traveler_optitrack) StdoutLine: {'line': b'running install_scripts\n'}
[1.054641] (traveler_optitrack) StdoutLine: {'line': b'Installing traveler_optitrack script to /home/qianlab/single_turtle_workspace/install/traveler_optitrack/lib/traveler_optitrack\n'}
[1.055021] (traveler_optitrack) StdoutLine: {'line': b"writing list of installed files to '/home/qianlab/single_turtle_workspace/build/traveler_optitrack/install.log'\n"}
[1.090349] (traveler_optitrack) CommandEnded: {'returncode': 0}
[1.095146] (traveler_optitrack) JobEnded: {'identifier': 'traveler_optitrack', 'rc': 0}
[1.108684] (-) TimerEvent: {}
[1.209038] (-) TimerEvent: {}
[1.309385] (-) TimerEvent: {}
[1.409706] (-) TimerEvent: {}
[1.510035] (-) TimerEvent: {}
[1.534530] (turtle_high_controller) StderrLine: {'line': b'\x1b[01m\x1b[K/home/qianlab/single_turtle_workspace/dependencies/traveler_controller/src/proxy/upperproxy.cpp:\x1b[m\x1b[K In member function \xe2\x80\x98\x1b[01m\x1b[Kvoid turtle_namespace::control::upperproxy::manual_waypoints()\x1b[m\x1b[K\xe2\x80\x99:\n'}
[1.534894] (turtle_high_controller) StderrLine: {'line': b'\x1b[01m\x1b[K/home/qianlab/single_turtle_workspace/dependencies/traveler_controller/src/proxy/upperproxy.cpp:33:8:\x1b[m\x1b[K \x1b[01;31m\x1b[Kerror: \x1b[m\x1b[K\xe2\x80\x98\x1b[01m\x1b[Kstruct TrajectoryData\x1b[m\x1b[K\xe2\x80\x99 has no member named \xe2\x80\x98\x1b[01m\x1b[Knum_waypoints\x1b[m\x1b[K\xe2\x80\x99\n'}
[1.535000] (turtle_high_controller) StderrLine: {'line': b'   33 |     td.\x1b[01;31m\x1b[Knum_waypoints\x1b[m\x1b[K = 0;\n'}
[1.535083] (turtle_high_controller) StderrLine: {'line': b'      |        \x1b[01;31m\x1b[K^~~~~~~~~~~~~\x1b[m\x1b[K\n'}
[1.535166] (turtle_high_controller) StderrLine: {'line': b'\x1b[01m\x1b[K/home/qianlab/single_turtle_workspace/dependencies/traveler_controller/src/proxy/upperproxy.cpp:34:8:\x1b[m\x1b[K \x1b[01;31m\x1b[Kerror: \x1b[m\x1b[K\xe2\x80\x98\x1b[01m\x1b[Kstruct TrajectoryData\x1b[m\x1b[K\xe2\x80\x99 has no member named \xe2\x80\x98\x1b[01m\x1b[Kwaypoints_x\x1b[m\x1b[K\xe2\x80\x99\n'}
[1.535268] (turtle_high_controller) StderrLine: {'line': b'   34 |     td.\x1b[01;31m\x1b[Kwaypoints_x\x1b[m\x1b[K.clear();\n'}
[1.535349] (turtle_high_controller) StderrLine: {'line': b'      |        \x1b[01;31m\x1b[K^~~~~~~~~~~\x1b[m\x1b[K\n'}
[1.535441] (turtle_high_controller) StderrLine: {'line': b'\x1b[01m\x1b[K/home/qianlab/single_turtle_workspace/dependencies/traveler_controller/src/proxy/upperproxy.cpp:35:8:\x1b[m\x1b[K \x1b[01;31m\x1b[Kerror: \x1b[m\x1b[K\xe2\x80\x98\x1b[01m\x1b[Kstruct TrajectoryData\x1b[m\x1b[K\xe2\x80\x99 has no member named \xe2\x80\x98\x1b[01m\x1b[Kwaypoints_y\x1b[m\x1b[K\xe2\x80\x99\n'}
[1.535533] (turtle_high_controller) StderrLine: {'line': b'   35 |     td.\x1b[01;31m\x1b[Kwaypoints_y\x1b[m\x1b[K.clear();\n'}
[1.535617] (turtle_high_controller) StderrLine: {'line': b'      |        \x1b[01;31m\x1b[K^~~~~~~~~~~\x1b[m\x1b[K\n'}
[1.535706] (turtle_high_controller) StderrLine: {'line': b'\x1b[01m\x1b[K/home/qianlab/single_turtle_workspace/dependencies/traveler_controller/src/proxy/upperproxy.cpp:36:8:\x1b[m\x1b[K \x1b[01;31m\x1b[Kerror: \x1b[m\x1b[K\xe2\x80\x98\x1b[01m\x1b[Kstruct TrajectoryData\x1b[m\x1b[K\xe2\x80\x99 has no member named \xe2\x80\x98\x1b[01m\x1b[Kwaypoints_v\x1b[m\x1b[K\xe2\x80\x99\n'}
[1.535789] (turtle_high_controller) StderrLine: {'line': b'   36 |     td.\x1b[01;31m\x1b[Kwaypoints_v\x1b[m\x1b[K.clear();\n'}
[1.535871] (turtle_high_controller) StderrLine: {'line': b'      |        \x1b[01;31m\x1b[K^~~~~~~~~~~\x1b[m\x1b[K\n'}
[1.535950] (turtle_high_controller) StderrLine: {'line': b'\x1b[01m\x1b[K/home/qianlab/single_turtle_workspace/dependencies/traveler_controller/src/proxy/upperproxy.cpp:\x1b[m\x1b[K In lambda function:\n'}
[1.536033] (turtle_high_controller) StderrLine: {'line': b'\x1b[01m\x1b[K/home/qianlab/single_turtle_workspace/dependencies/traveler_controller/src/proxy/upperproxy.cpp:39:12:\x1b[m\x1b[K \x1b[01;31m\x1b[Kerror: \x1b[m\x1b[K\xe2\x80\x98\x1b[01m\x1b[Kstruct TrajectoryData\x1b[m\x1b[K\xe2\x80\x99 has no member named \xe2\x80\x98\x1b[01m\x1b[Kwaypoints_x\x1b[m\x1b[K\xe2\x80\x99\n'}
[1.536112] (turtle_high_controller) StderrLine: {'line': b'   39 |         td.\x1b[01;31m\x1b[Kwaypoints_x\x1b[m\x1b[K.push_back(x);\n'}
[1.536187] (turtle_high_controller) StderrLine: {'line': b'      |            \x1b[01;31m\x1b[K^~~~~~~~~~~\x1b[m\x1b[K\n'}
[1.536267] (turtle_high_controller) StderrLine: {'line': b'\x1b[01m\x1b[K/home/qianlab/single_turtle_workspace/dependencies/traveler_controller/src/proxy/upperproxy.cpp:40:12:\x1b[m\x1b[K \x1b[01;31m\x1b[Kerror: \x1b[m\x1b[K\xe2\x80\x98\x1b[01m\x1b[Kstruct TrajectoryData\x1b[m\x1b[K\xe2\x80\x99 has no member named \xe2\x80\x98\x1b[01m\x1b[Kwaypoints_y\x1b[m\x1b[K\xe2\x80\x99\n'}
[1.536350] (turtle_high_controller) StderrLine: {'line': b'   40 |         td.\x1b[01;31m\x1b[Kwaypoints_y\x1b[m\x1b[K.push_back(y);\n'}
[1.536429] (turtle_high_controller) StderrLine: {'line': b'      |            \x1b[01;31m\x1b[K^~~~~~~~~~~\x1b[m\x1b[K\n'}
[1.536501] (turtle_high_controller) StderrLine: {'line': b'\x1b[01m\x1b[K/home/qianlab/single_turtle_workspace/dependencies/traveler_controller/src/proxy/upperproxy.cpp:41:12:\x1b[m\x1b[K \x1b[01;31m\x1b[Kerror: \x1b[m\x1b[K\xe2\x80\x98\x1b[01m\x1b[Kstruct TrajectoryData\x1b[m\x1b[K\xe2\x80\x99 has no member named \xe2\x80\x98\x1b[01m\x1b[Kwaypoints_v\x1b[m\x1b[K\xe2\x80\x99\n'}
[1.536577] (turtle_high_controller) StderrLine: {'line': b'   41 |         td.\x1b[01;31m\x1b[Kwaypoints_v\x1b[m\x1b[K.push_back(v);\n'}
[1.536655] (turtle_high_controller) StderrLine: {'line': b'      |            \x1b[01;31m\x1b[K^~~~~~~~~~~\x1b[m\x1b[K\n'}
[1.536732] (turtle_high_controller) StderrLine: {'line': b'\x1b[01m\x1b[K/home/qianlab/single_turtle_workspace/dependencies/traveler_controller/src/proxy/upperproxy.cpp:42:12:\x1b[m\x1b[K \x1b[01;31m\x1b[Kerror: \x1b[m\x1b[K\xe2\x80\x98\x1b[01m\x1b[Kstruct TrajectoryData\x1b[m\x1b[K\xe2\x80\x99 has no member named \xe2\x80\x98\x1b[01m\x1b[Knum_waypoints\x1b[m\x1b[K\xe2\x80\x99\n'}
[1.536815] (turtle_high_controller) StderrLine: {'line': b'   42 |         td.\x1b[01;31m\x1b[Knum_waypoints\x1b[m\x1b[K++;\n'}
[1.536888] (turtle_high_controller) StderrLine: {'line': b'      |            \x1b[01;31m\x1b[K^~~~~~~~~~~~~\x1b[m\x1b[K\n'}
[1.536963] (turtle_high_controller) StderrLine: {'line': b'\x1b[01m\x1b[K/home/qianlab/single_turtle_workspace/dependencies/traveler_controller/src/proxy/upperproxy.cpp:44:19:\x1b[m\x1b[K \x1b[01;31m\x1b[Kerror: \x1b[m\x1b[K\xe2\x80\x98\x1b[01m\x1b[Kstruct TrajectoryData\x1b[m\x1b[K\xe2\x80\x99 has no member named \xe2\x80\x98\x1b[01m\x1b[Knum_waypoints\x1b[m\x1b[K\xe2\x80\x99\n'}
[1.537039] (turtle_high_controller) StderrLine: {'line': b'   44 |                td.\x1b[01;31m\x1b[Knum_waypoints\x1b[m\x1b[K, x, y, v);\n'}
[1.537115] (turtle_high_controller) StderrLine: {'line': b'      |                   \x1b[01;31m\x1b[K^~~~~~~~~~~~~\x1b[m\x1b[K\n'}
[1.537196] (turtle_high_controller) StderrLine: {'line': b'\x1b[01m\x1b[K/home/qianlab/single_turtle_workspace/dependencies/traveler_controller/src/proxy/upperproxy.cpp:\x1b[m\x1b[K In member function \xe2\x80\x98\x1b[01m\x1b[Kvoid turtle_namespace::control::upperproxy::manual_waypoints()\x1b[m\x1b[K\xe2\x80\x99:\n'}
[1.537274] (turtle_high_controller) StderrLine: {'line': b'\x1b[01m\x1b[K/home/qianlab/single_turtle_workspace/dependencies/traveler_controller/src/proxy/upperproxy.cpp:47:5:\x1b[m\x1b[K \x1b[01;31m\x1b[Kerror: \x1b[m\x1b[Kexpected \xe2\x80\x98\x1b[01m\x1b[K,\x1b[m\x1b[K\xe2\x80\x99 or \xe2\x80\x98\x1b[01m\x1b[K;\x1b[m\x1b[K\xe2\x80\x99 before \xe2\x80\x98\x1b[01m\x1b[Kpush_xy\x1b[m\x1b[K\xe2\x80\x99\n'}
[1.537359] (turtle_high_controller) StderrLine: {'line': b'   47 |     \x1b[01;31m\x1b[Kpush_xy\x1b[m\x1b[K(0.10f, 0.12f, 0.03f);\n'}
[1.537432] (turtle_high_controller) StderrLine: {'line': b'      |     \x1b[01;31m\x1b[K^~~~~~~\x1b[m\x1b[K\n'}
[1.610145] (-) TimerEvent: {}
[1.706465] (turtle_high_controller) StderrLine: {'line': b'\x1b[01m\x1b[K/home/qianlab/single_turtle_workspace/dependencies/traveler_controller/src/can_driver/can_driver.cpp:\x1b[m\x1b[K In member function \xe2\x80\x98\x1b[01m\x1b[Kvoid can_driver::get_motor_status(turtle&)\x1b[m\x1b[K\xe2\x80\x99:\n'}
[1.706758] (turtle_high_controller) StderrLine: {'line': b'\x1b[01m\x1b[K/home/qianlab/single_turtle_workspace/dependencies/traveler_controller/src/can_driver/can_driver.cpp:219:30:\x1b[m\x1b[K \x1b[01;31m\x1b[Kerror: \x1b[m\x1b[K\xe2\x80\x98\x1b[01m\x1b[Kstruct turtle_status\x1b[m\x1b[K\xe2\x80\x99 has no member named \xe2\x80\x98\x1b[01m\x1b[Kright_adduction\x1b[m\x1b[K\xe2\x80\x99; did you mean \xe2\x80\x98\x1b[01m\x1b[Kleft_adduction\x1b[m\x1b[K\xe2\x80\x99?\n'}
[1.706869] (turtle_high_controller) StderrLine: {'line': b'  219 |       turtle_.turtle_chassis.\x1b[01;31m\x1b[Kright_adduction\x1b[m\x1b[K = odrive_status_msg_1_axis1;\n'}
[1.707209] (turtle_high_controller) StderrLine: {'line': b'      |                              \x1b[01;31m\x1b[K^~~~~~~~~~~~~~~\x1b[m\x1b[K\n'}
[1.707317] (turtle_high_controller) StderrLine: {'line': b'      |                              \x1b[32m\x1b[Kleft_adduction\x1b[m\x1b[K\n'}
[1.707375] (turtle_high_controller) StderrLine: {'line': b'\x1b[01m\x1b[K/home/qianlab/single_turtle_workspace/dependencies/traveler_controller/src/can_driver/can_driver.cpp:220:30:\x1b[m\x1b[K \x1b[01;31m\x1b[Kerror: \x1b[m\x1b[K\xe2\x80\x98\x1b[01m\x1b[Kstruct turtle_status\x1b[m\x1b[K\xe2\x80\x99 has no member named \xe2\x80\x98\x1b[01m\x1b[Kright_sweeping\x1b[m\x1b[K\xe2\x80\x99; did you mean \xe2\x80\x98\x1b[01m\x1b[Kleft_sweeping\x1b[m\x1b[K\xe2\x80\x99?\n'}
[1.707437] (turtle_high_controller) StderrLine: {'line': b'  220 |       turtle_.turtle_chassis.\x1b[01;31m\x1b[Kright_sweeping\x1b[m\x1b[K = odrive_status_msg_1_axis0;\n'}
[1.707918] (turtle_high_controller) StderrLine: {'line': b'      |                              \x1b[01;31m\x1b[K^~~~~~~~~~~~~~\x1b[m\x1b[K\n'}
[1.707994] (turtle_high_controller) StderrLine: {'line': b'      |                              \x1b[32m\x1b[Kleft_sweeping\x1b[m\x1b[K\n'}
[1.708048] (turtle_high_controller) StderrLine: {'line': b'\x1b[01m\x1b[K/home/qianlab/single_turtle_workspace/dependencies/traveler_controller/src/can_driver/can_driver.cpp:\x1b[m\x1b[K In member function \xe2\x80\x98\x1b[01m\x1b[Kvoid can_driver::setControl(turtle&)\x1b[m\x1b[K\xe2\x80\x99:\n'}
[1.708102] (turtle_high_controller) StderrLine: {'line': b'\x1b[01m\x1b[K/home/qianlab/single_turtle_workspace/dependencies/traveler_controller/src/can_driver/can_driver.cpp:228:27:\x1b[m\x1b[K \x1b[01;31m\x1b[Kerror: \x1b[m\x1b[K\xe2\x80\x98\x1b[01m\x1b[Kstruct turtle_command\x1b[m\x1b[K\xe2\x80\x99 has no member named \xe2\x80\x98\x1b[01m\x1b[Kright_adduction\x1b[m\x1b[K\xe2\x80\x99; did you mean \xe2\x80\x98\x1b[01m\x1b[Kleft_adduction\x1b[m\x1b[K\xe2\x80\x99?\n'}
[1.708156] (turtle_high_controller) StderrLine: {'line': b'  228 |    turtle_.turtle_control.\x1b[01;31m\x1b[Kright_adduction\x1b[m\x1b[K.set_input_position_radian.can_channel = 1;\n'}
[1.708205] (turtle_high_controller) StderrLine: {'line': b'      |                           \x1b[01;31m\x1b[K^~~~~~~~~~~~~~~\x1b[m\x1b[K\n'}
[1.708255] (turtle_high_controller) StderrLine: {'line': b'      |                           \x1b[32m\x1b[Kleft_adduction\x1b[m\x1b[K\n'}
[1.708305] (turtle_high_controller) StderrLine: {'line': b'\x1b[01m\x1b[K/home/qianlab/single_turtle_workspace/dependencies/traveler_controller/src/can_driver/can_driver.cpp:229:27:\x1b[m\x1b[K \x1b[01;31m\x1b[Kerror: \x1b[m\x1b[K\xe2\x80\x98\x1b[01m\x1b[Kstruct turtle_command\x1b[m\x1b[K\xe2\x80\x99 has no member named \xe2\x80\x98\x1b[01m\x1b[Kright_sweeping\x1b[m\x1b[K\xe2\x80\x99; did you mean \xe2\x80\x98\x1b[01m\x1b[Kleft_sweeping\x1b[m\x1b[K\xe2\x80\x99?\n'}
[1.708361] (turtle_high_controller) StderrLine: {'line': b'  229 |    turtle_.turtle_control.\x1b[01;31m\x1b[Kright_sweeping\x1b[m\x1b[K.set_input_position_radian.can_channel = 1;\n'}
[1.708417] (turtle_high_controller) StderrLine: {'line': b'      |                           \x1b[01;31m\x1b[K^~~~~~~~~~~~~~\x1b[m\x1b[K\n'}
[1.708470] (turtle_high_controller) StderrLine: {'line': b'      |                           \x1b[32m\x1b[Kleft_sweeping\x1b[m\x1b[K\n'}
[1.708523] (turtle_high_controller) StderrLine: {'line': b'\x1b[01m\x1b[K/home/qianlab/single_turtle_workspace/dependencies/traveler_controller/src/can_driver/can_driver.cpp:235:58:\x1b[m\x1b[K \x1b[01;31m\x1b[Kerror: \x1b[m\x1b[K\xe2\x80\x98\x1b[01m\x1b[Kstruct turtle_command\x1b[m\x1b[K\xe2\x80\x99 has no member named \xe2\x80\x98\x1b[01m\x1b[Kright_adduction\x1b[m\x1b[K\xe2\x80\x99; did you mean \xe2\x80\x98\x1b[01m\x1b[Kleft_adduction\x1b[m\x1b[K\xe2\x80\x99?\n'}
[1.708583] (turtle_high_controller) StderrLine: {'line': b'  235 |       setPosition_right_adduction(turtle_.turtle_control.\x1b[01;31m\x1b[Kright_adduction\x1b[m\x1b[K.set_input_position_radian);\n'}
[1.708641] (turtle_high_controller) StderrLine: {'line': b'      |                                                          \x1b[01;31m\x1b[K^~~~~~~~~~~~~~~\x1b[m\x1b[K\n'}
[1.708704] (turtle_high_controller) StderrLine: {'line': b'      |                                                          \x1b[32m\x1b[Kleft_adduction\x1b[m\x1b[K\n'}
[1.708769] (turtle_high_controller) StderrLine: {'line': b'\x1b[01m\x1b[K/home/qianlab/single_turtle_workspace/dependencies/traveler_controller/src/can_driver/can_driver.cpp:236:57:\x1b[m\x1b[K \x1b[01;31m\x1b[Kerror: \x1b[m\x1b[K\xe2\x80\x98\x1b[01m\x1b[Kstruct turtle_command\x1b[m\x1b[K\xe2\x80\x99 has no member named \xe2\x80\x98\x1b[01m\x1b[Kright_sweeping\x1b[m\x1b[K\xe2\x80\x99; did you mean \xe2\x80\x98\x1b[01m\x1b[Kleft_sweeping\x1b[m\x1b[K\xe2\x80\x99?\n'}
[1.708839] (turtle_high_controller) StderrLine: {'line': b'  236 |       setPosition_right_sweeping(turtle_.turtle_control.\x1b[01;31m\x1b[Kright_sweeping\x1b[m\x1b[K.set_input_position_radian);\n'}
[1.708912] (turtle_high_controller) StderrLine: {'line': b'      |                                                         \x1b[01;31m\x1b[K^~~~~~~~~~~~~~\x1b[m\x1b[K\n'}
[1.708997] (turtle_high_controller) StderrLine: {'line': b'      |                                                         \x1b[32m\x1b[Kleft_sweeping\x1b[m\x1b[K\n'}
[1.709060] (turtle_high_controller) StderrLine: {'line': b'\x1b[01m\x1b[K/home/qianlab/single_turtle_workspace/dependencies/traveler_controller/src/can_driver/can_driver.cpp:\x1b[m\x1b[K In member function \xe2\x80\x98\x1b[01m\x1b[Kvoid can_driver::change_odrive_state(turtle&)\x1b[m\x1b[K\xe2\x80\x99:\n'}
[1.709114] (turtle_high_controller) StderrLine: {'line': b'\x1b[01m\x1b[K/home/qianlab/single_turtle_workspace/dependencies/traveler_controller/src/can_driver/can_driver.cpp:248:51:\x1b[m\x1b[K \x1b[01;31m\x1b[Kerror: \x1b[m\x1b[K\xe2\x80\x98\x1b[01m\x1b[Kstruct motor_command\x1b[m\x1b[K\xe2\x80\x99 has no member named \xe2\x80\x98\x1b[01m\x1b[Kset_state\x1b[m\x1b[K\xe2\x80\x99\n'}
[1.709165] (turtle_high_controller) StderrLine: {'line': b'  248 |             turtle_.turtle_control.left_adduction.\x1b[01;31m\x1b[Kset_state\x1b[m\x1b[K.can_channel = 1;\n'}
[1.709216] (turtle_high_controller) StderrLine: {'line': b'      |                                                   \x1b[01;31m\x1b[K^~~~~~~~~\x1b[m\x1b[K\n'}
[1.709265] (turtle_high_controller) StderrLine: {'line': b'\x1b[01m\x1b[K/home/qianlab/single_turtle_workspace/dependencies/traveler_controller/src/can_driver/can_driver.cpp:249:50:\x1b[m\x1b[K \x1b[01;31m\x1b[Kerror: \x1b[m\x1b[K\xe2\x80\x98\x1b[01m\x1b[Kstruct motor_command\x1b[m\x1b[K\xe2\x80\x99 has no member named \xe2\x80\x98\x1b[01m\x1b[Kset_state\x1b[m\x1b[K\xe2\x80\x99\n'}
[1.709324] (turtle_high_controller) StderrLine: {'line': b'  249 |             turtle_.turtle_control.left_sweeping.\x1b[01;31m\x1b[Kset_state\x1b[m\x1b[K.can_channel = 1;\n'}
[1.709377] (turtle_high_controller) StderrLine: {'line': b'      |                                                  \x1b[01;31m\x1b[K^~~~~~~~~\x1b[m\x1b[K\n'}
[1.709433] (turtle_high_controller) StderrLine: {'line': b'\x1b[01m\x1b[K/home/qianlab/single_turtle_workspace/dependencies/traveler_controller/src/can_driver/can_driver.cpp:250:36:\x1b[m\x1b[K \x1b[01;31m\x1b[Kerror: \x1b[m\x1b[K\xe2\x80\x98\x1b[01m\x1b[Kstruct turtle_command\x1b[m\x1b[K\xe2\x80\x99 has no member named \xe2\x80\x98\x1b[01m\x1b[Kright_adduction\x1b[m\x1b[K\xe2\x80\x99; did you mean \xe2\x80\x98\x1b[01m\x1b[Kleft_adduction\x1b[m\x1b[K\xe2\x80\x99?\n'}
[1.709487] (turtle_high_controller) StderrLine: {'line': b'  250 |             turtle_.turtle_control.\x1b[01;31m\x1b[Kright_adduction\x1b[m\x1b[K.set_state.can_channel = 0;\n'}
[1.709537] (turtle_high_controller) StderrLine: {'line': b'      |                                    \x1b[01;31m\x1b[K^~~~~~~~~~~~~~~\x1b[m\x1b[K\n'}
[1.709586] (turtle_high_controller) StderrLine: {'line': b'      |                                    \x1b[32m\x1b[Kleft_adduction\x1b[m\x1b[K\n'}
[1.709632] (turtle_high_controller) StderrLine: {'line': b'\x1b[01m\x1b[K/home/qianlab/single_turtle_workspace/dependencies/traveler_controller/src/can_driver/can_driver.cpp:251:36:\x1b[m\x1b[K \x1b[01;31m\x1b[Kerror: \x1b[m\x1b[K\xe2\x80\x98\x1b[01m\x1b[Kstruct turtle_command\x1b[m\x1b[K\xe2\x80\x99 has no member named \xe2\x80\x98\x1b[01m\x1b[Kright_sweeping\x1b[m\x1b[K\xe2\x80\x99; did you mean \xe2\x80\x98\x1b[01m\x1b[Kleft_sweeping\x1b[m\x1b[K\xe2\x80\x99?\n'}
[1.709683] (turtle_high_controller) StderrLine: {'line': b'  251 |             turtle_.turtle_control.\x1b[01;31m\x1b[Kright_sweeping\x1b[m\x1b[K.set_state.can_channel = 0;\n'}
[1.709728] (turtle_high_controller) StderrLine: {'line': b'      |                                    \x1b[01;31m\x1b[K^~~~~~~~~~~~~~\x1b[m\x1b[K\n'}
[1.709775] (turtle_high_controller) StderrLine: {'line': b'      |                                    \x1b[32m\x1b[Kleft_sweeping\x1b[m\x1b[K\n'}
[1.709836] (turtle_high_controller) StderrLine: {'line': b'\x1b[01m\x1b[K/home/qianlab/single_turtle_workspace/dependencies/traveler_controller/src/can_driver/can_driver.cpp:252:51:\x1b[m\x1b[K \x1b[01;31m\x1b[Kerror: \x1b[m\x1b[K\xe2\x80\x98\x1b[01m\x1b[Kstruct motor_command\x1b[m\x1b[K\xe2\x80\x99 has no member named \xe2\x80\x98\x1b[01m\x1b[Kset_state\x1b[m\x1b[K\xe2\x80\x99\n'}
[1.709897] (turtle_high_controller) StderrLine: {'line': b'  252 |             turtle_.turtle_control.left_adduction.\x1b[01;31m\x1b[Kset_state\x1b[m\x1b[K.set_state = 8;\n'}
[1.709946] (turtle_high_controller) StderrLine: {'line': b'      |                                                   \x1b[01;31m\x1b[K^~~~~~~~~\x1b[m\x1b[K\n'}
[1.709991] (turtle_high_controller) StderrLine: {'line': b'\x1b[01m\x1b[K/home/qianlab/single_turtle_workspace/dependencies/traveler_controller/src/can_driver/can_driver.cpp:253:50:\x1b[m\x1b[K \x1b[01;31m\x1b[Kerror: \x1b[m\x1b[K\xe2\x80\x98\x1b[01m\x1b[Kstruct motor_command\x1b[m\x1b[K\xe2\x80\x99 has no member named \xe2\x80\x98\x1b[01m\x1b[Kset_state\x1b[m\x1b[K\xe2\x80\x99\n'}
[1.710042] (turtle_high_controller) StderrLine: {'line': b'  253 |             turtle_.turtle_control.left_sweeping.\x1b[01;31m\x1b[Kset_state\x1b[m\x1b[K.set_state = 8;\n'}
[1.710091] (turtle_high_controller) StderrLine: {'line': b'      |                                                  \x1b[01;31m\x1b[K^~~~~~~~~\x1b[m\x1b[K\n'}
[1.710140] (-) TimerEvent: {}
[1.710263] (turtle_high_controller) StderrLine: {'line': b'\x1b[01m\x1b[K/home/qianlab/single_turtle_workspace/dependencies/traveler_controller/src/can_driver/can_driver.cpp:254:36:\x1b[m\x1b[K \x1b[01;31m\x1b[Kerror: \x1b[m\x1b[K\xe2\x80\x98\x1b[01m\x1b[Kstruct turtle_command\x1b[m\x1b[K\xe2\x80\x99 has no member named \xe2\x80\x98\x1b[01m\x1b[Kright_adduction\x1b[m\x1b[K\xe2\x80\x99; did you mean \xe2\x80\x98\x1b[01m\x1b[Kleft_adduction\x1b[m\x1b[K\xe2\x80\x99?\n'}
[1.710338] (turtle_high_controller) StderrLine: {'line': b'  254 |             turtle_.turtle_control.\x1b[01;31m\x1b[Kright_adduction\x1b[m\x1b[K.set_state.set_state = 8;\n'}
[1.710387] (turtle_high_controller) StderrLine: {'line': b'      |                                    \x1b[01;31m\x1b[K^~~~~~~~~~~~~~~\x1b[m\x1b[K\n'}
[1.710440] (turtle_high_controller) StderrLine: {'line': b'      |                                    \x1b[32m\x1b[Kleft_adduction\x1b[m\x1b[K\n'}
[1.710488] (turtle_high_controller) StderrLine: {'line': b'\x1b[01m\x1b[K/home/qianlab/single_turtle_workspace/dependencies/traveler_controller/src/can_driver/can_driver.cpp:255:36:\x1b[m\x1b[K \x1b[01;31m\x1b[Kerror: \x1b[m\x1b[K\xe2\x80\x98\x1b[01m\x1b[Kstruct turtle_command\x1b[m\x1b[K\xe2\x80\x99 has no member named \xe2\x80\x98\x1b[01m\x1b[Kright_sweeping\x1b[m\x1b[K\xe2\x80\x99; did you mean \xe2\x80\x98\x1b[01m\x1b[Kleft_sweeping\x1b[m\x1b[K\xe2\x80\x99?\n'}
[1.710539] (turtle_high_controller) StderrLine: {'line': b'  255 |             turtle_.turtle_control.\x1b[01;31m\x1b[Kright_sweeping\x1b[m\x1b[K.set_state.set_state = 8;\n'}
[1.710597] (turtle_high_controller) StderrLine: {'line': b'      |                                    \x1b[01;31m\x1b[K^~~~~~~~~~~~~~\x1b[m\x1b[K\n'}
[1.710646] (turtle_high_controller) StderrLine: {'line': b'      |                                    \x1b[32m\x1b[Kleft_sweeping\x1b[m\x1b[K\n'}
[1.710696] (turtle_high_controller) StderrLine: {'line': b'\x1b[01m\x1b[K/home/qianlab/single_turtle_workspace/dependencies/traveler_controller/src/can_driver/can_driver.cpp:256:75:\x1b[m\x1b[K \x1b[01;31m\x1b[Kerror: \x1b[m\x1b[K\xe2\x80\x98\x1b[01m\x1b[Kstruct motor_command\x1b[m\x1b[K\xe2\x80\x99 has no member named \xe2\x80\x98\x1b[01m\x1b[Kset_state\x1b[m\x1b[K\xe2\x80\x99\n'}
[1.710746] (turtle_high_controller) StderrLine: {'line': b'  256 |             setstate_left_adduction(turtle_.turtle_control.left_adduction.\x1b[01;31m\x1b[Kset_state\x1b[m\x1b[K);\n'}
[1.710793] (turtle_high_controller) StderrLine: {'line': b'      |                                                                           \x1b[01;31m\x1b[K^~~~~~~~~\x1b[m\x1b[K\n'}
[1.710841] (turtle_high_controller) StderrLine: {'line': b'\x1b[01m\x1b[K/home/qianlab/single_turtle_workspace/dependencies/traveler_controller/src/can_driver/can_driver.cpp:257:73:\x1b[m\x1b[K \x1b[01;31m\x1b[Kerror: \x1b[m\x1b[K\xe2\x80\x98\x1b[01m\x1b[Kstruct motor_command\x1b[m\x1b[K\xe2\x80\x99 has no member named \xe2\x80\x98\x1b[01m\x1b[Kset_state\x1b[m\x1b[K\xe2\x80\x99\n'}
[1.710897] (turtle_high_controller) StderrLine: {'line': b'  257 |             setstate_left_sweeping(turtle_.turtle_control.left_sweeping.\x1b[01;31m\x1b[Kset_state\x1b[m\x1b[K);\n'}
[1.710949] (turtle_high_controller) StderrLine: {'line': b'      |                                                                         \x1b[01;31m\x1b[K^~~~~~~~~\x1b[m\x1b[K\n'}
[1.710998] (turtle_high_controller) StderrLine: {'line': b'\x1b[01m\x1b[K/home/qianlab/single_turtle_workspace/dependencies/traveler_controller/src/can_driver/can_driver.cpp:258:61:\x1b[m\x1b[K \x1b[01;31m\x1b[Kerror: \x1b[m\x1b[K\xe2\x80\x98\x1b[01m\x1b[Kstruct turtle_command\x1b[m\x1b[K\xe2\x80\x99 has no member named \xe2\x80\x98\x1b[01m\x1b[Kright_adduction\x1b[m\x1b[K\xe2\x80\x99; did you mean \xe2\x80\x98\x1b[01m\x1b[Kleft_adduction\x1b[m\x1b[K\xe2\x80\x99?\n'}
[1.711049] (turtle_high_controller) StderrLine: {'line': b'  258 |             setstate_right_adduction(turtle_.turtle_control.\x1b[01;31m\x1b[Kright_adduction\x1b[m\x1b[K.set_state);\n'}
[1.711097] (turtle_high_controller) StderrLine: {'line': b'      |                                                             \x1b[01;31m\x1b[K^~~~~~~~~~~~~~~\x1b[m\x1b[K\n'}
[1.711144] (turtle_high_controller) StderrLine: {'line': b'      |                                                             \x1b[32m\x1b[Kleft_adduction\x1b[m\x1b[K\n'}
[1.711193] (turtle_high_controller) StderrLine: {'line': b'\x1b[01m\x1b[K/home/qianlab/single_turtle_workspace/dependencies/traveler_controller/src/can_driver/can_driver.cpp:259:60:\x1b[m\x1b[K \x1b[01;31m\x1b[Kerror: \x1b[m\x1b[K\xe2\x80\x98\x1b[01m\x1b[Kstruct turtle_command\x1b[m\x1b[K\xe2\x80\x99 has no member named \xe2\x80\x98\x1b[01m\x1b[Kright_sweeping\x1b[m\x1b[K\xe2\x80\x99; did you mean \xe2\x80\x98\x1b[01m\x1b[Kleft_sweeping\x1b[m\x1b[K\xe2\x80\x99?\n'}
[1.711243] (turtle_high_controller) StderrLine: {'line': b'  259 |             setstate_right_sweeping(turtle_.turtle_control.\x1b[01;31m\x1b[Kright_sweeping\x1b[m\x1b[K.set_state);\n'}
[1.711294] (turtle_high_controller) StderrLine: {'line': b'      |                                                            \x1b[01;31m\x1b[K^~~~~~~~~~~~~~\x1b[m\x1b[K\n'}
[1.711343] (turtle_high_controller) StderrLine: {'line': b'      |                                                            \x1b[32m\x1b[Kleft_sweeping\x1b[m\x1b[K\n'}
[1.711393] (turtle_high_controller) StderrLine: {'line': b'\x1b[01m\x1b[K/home/qianlab/single_turtle_workspace/dependencies/traveler_controller/src/can_driver/can_driver.cpp:270:51:\x1b[m\x1b[K \x1b[01;31m\x1b[Kerror: \x1b[m\x1b[K\xe2\x80\x98\x1b[01m\x1b[Kstruct motor_command\x1b[m\x1b[K\xe2\x80\x99 has no member named \xe2\x80\x98\x1b[01m\x1b[Kset_state\x1b[m\x1b[K\xe2\x80\x99\n'}
[1.711444] (turtle_high_controller) StderrLine: {'line': b'  270 |             turtle_.turtle_control.left_adduction.\x1b[01;31m\x1b[Kset_state\x1b[m\x1b[K.can_channel = 1;\n'}
[1.711492] (turtle_high_controller) StderrLine: {'line': b'      |                                                   \x1b[01;31m\x1b[K^~~~~~~~~\x1b[m\x1b[K\n'}
[1.711539] (turtle_high_controller) StderrLine: {'line': b'\x1b[01m\x1b[K/home/qianlab/single_turtle_workspace/dependencies/traveler_controller/src/can_driver/can_driver.cpp:271:50:\x1b[m\x1b[K \x1b[01;31m\x1b[Kerror: \x1b[m\x1b[K\xe2\x80\x98\x1b[01m\x1b[Kstruct motor_command\x1b[m\x1b[K\xe2\x80\x99 has no member named \xe2\x80\x98\x1b[01m\x1b[Kset_state\x1b[m\x1b[K\xe2\x80\x99\n'}
[1.711589] (turtle_high_controller) StderrLine: {'line': b'  271 |             turtle_.turtle_control.left_sweeping.\x1b[01;31m\x1b[Kset_state\x1b[m\x1b[K.can_channel = 1;\n'}
[1.711640] (turtle_high_controller) StderrLine: {'line': b'      |                                                  \x1b[01;31m\x1b[K^~~~~~~~~\x1b[m\x1b[K\n'}
[1.711690] (turtle_high_controller) StderrLine: {'line': b'\x1b[01m\x1b[K/home/qianlab/single_turtle_workspace/dependencies/traveler_controller/src/can_driver/can_driver.cpp:272:36:\x1b[m\x1b[K \x1b[01;31m\x1b[Kerror: \x1b[m\x1b[K\xe2\x80\x98\x1b[01m\x1b[Kstruct turtle_command\x1b[m\x1b[K\xe2\x80\x99 has no member named \xe2\x80\x98\x1b[01m\x1b[Kright_adduction\x1b[m\x1b[K\xe2\x80\x99; did you mean \xe2\x80\x98\x1b[01m\x1b[Kleft_adduction\x1b[m\x1b[K\xe2\x80\x99?\n'}
[1.711751] (turtle_high_controller) StderrLine: {'line': b'  272 |             turtle_.turtle_control.\x1b[01;31m\x1b[Kright_adduction\x1b[m\x1b[K.set_state.can_channel = 0;\n'}
[1.711803] (turtle_high_controller) StderrLine: {'line': b'      |                                    \x1b[01;31m\x1b[K^~~~~~~~~~~~~~~\x1b[m\x1b[K\n'}
[1.711852] (turtle_high_controller) StderrLine: {'line': b'      |                                    \x1b[32m\x1b[Kleft_adduction\x1b[m\x1b[K\n'}
[1.711900] (turtle_high_controller) StderrLine: {'line': b'\x1b[01m\x1b[K/home/qianlab/single_turtle_workspace/dependencies/traveler_controller/src/can_driver/can_driver.cpp:273:36:\x1b[m\x1b[K \x1b[01;31m\x1b[Kerror: \x1b[m\x1b[K\xe2\x80\x98\x1b[01m\x1b[Kstruct turtle_command\x1b[m\x1b[K\xe2\x80\x99 has no member named \xe2\x80\x98\x1b[01m\x1b[Kright_sweeping\x1b[m\x1b[K\xe2\x80\x99; did you mean \xe2\x80\x98\x1b[01m\x1b[Kleft_sweeping\x1b[m\x1b[K\xe2\x80\x99?\n'}
[1.711962] (turtle_high_controller) StderrLine: {'line': b'  273 |             turtle_.turtle_control.\x1b[01;31m\x1b[Kright_sweeping\x1b[m\x1b[K.set_state.can_channel = 0;\n'}
[1.712013] (turtle_high_controller) StderrLine: {'line': b'      |                                    \x1b[01;31m\x1b[K^~~~~~~~~~~~~~\x1b[m\x1b[K\n'}
[1.712066] (turtle_high_controller) StderrLine: {'line': b'      |                                    \x1b[32m\x1b[Kleft_sweeping\x1b[m\x1b[K\n'}
[1.712113] (turtle_high_controller) StderrLine: {'line': b'\x1b[01m\x1b[K/home/qianlab/single_turtle_workspace/dependencies/traveler_controller/src/can_driver/can_driver.cpp:274:51:\x1b[m\x1b[K \x1b[01;31m\x1b[Kerror: \x1b[m\x1b[K\xe2\x80\x98\x1b[01m\x1b[Kstruct motor_command\x1b[m\x1b[K\xe2\x80\x99 has no member named \xe2\x80\x98\x1b[01m\x1b[Kset_state\x1b[m\x1b[K\xe2\x80\x99\n'}
[1.712164] (turtle_high_controller) StderrLine: {'line': b'  274 |             turtle_.turtle_control.left_adduction.\x1b[01;31m\x1b[Kset_state\x1b[m\x1b[K.set_state = 1;\n'}
[1.712216] (turtle_high_controller) StderrLine: {'line': b'      |                                                   \x1b[01;31m\x1b[K^~~~~~~~~\x1b[m\x1b[K\n'}
[1.712265] (turtle_high_controller) StderrLine: {'line': b'\x1b[01m\x1b[K/home/qianlab/single_turtle_workspace/dependencies/traveler_controller/src/can_driver/can_driver.cpp:275:50:\x1b[m\x1b[K \x1b[01;31m\x1b[Kerror: \x1b[m\x1b[K\xe2\x80\x98\x1b[01m\x1b[Kstruct motor_command\x1b[m\x1b[K\xe2\x80\x99 has no member named \xe2\x80\x98\x1b[01m\x1b[Kset_state\x1b[m\x1b[K\xe2\x80\x99\n'}
[1.712317] (turtle_high_controller) StderrLine: {'line': b'  275 |             turtle_.turtle_control.left_sweeping.\x1b[01;31m\x1b[Kset_state\x1b[m\x1b[K.set_state = 1;\n'}
[1.712368] (turtle_high_controller) StderrLine: {'line': b'      |                                                  \x1b[01;31m\x1b[K^~~~~~~~~\x1b[m\x1b[K\n'}
[1.712417] (turtle_high_controller) StderrLine: {'line': b'\x1b[01m\x1b[K/home/qianlab/single_turtle_workspace/dependencies/traveler_controller/src/can_driver/can_driver.cpp:276:36:\x1b[m\x1b[K \x1b[01;31m\x1b[Kerror: \x1b[m\x1b[K\xe2\x80\x98\x1b[01m\x1b[Kstruct turtle_command\x1b[m\x1b[K\xe2\x80\x99 has no member named \xe2\x80\x98\x1b[01m\x1b[Kright_adduction\x1b[m\x1b[K\xe2\x80\x99; did you mean \xe2\x80\x98\x1b[01m\x1b[Kleft_adduction\x1b[m\x1b[K\xe2\x80\x99?\n'}
[1.712469] (turtle_high_controller) StderrLine: {'line': b'  276 |             turtle_.turtle_control.\x1b[01;31m\x1b[Kright_adduction\x1b[m\x1b[K.set_state.set_state = 1;\n'}
[1.712518] (turtle_high_controller) StderrLine: {'line': b'      |                                    \x1b[01;31m\x1b[K^~~~~~~~~~~~~~~\x1b[m\x1b[K\n'}
[1.712566] (turtle_high_controller) StderrLine: {'line': b'      |                                    \x1b[32m\x1b[Kleft_adduction\x1b[m\x1b[K\n'}
[1.712620] (turtle_high_controller) StderrLine: {'line': b'\x1b[01m\x1b[K/home/qianlab/single_turtle_workspace/dependencies/traveler_controller/src/can_driver/can_driver.cpp:277:36:\x1b[m\x1b[K \x1b[01;31m\x1b[Kerror: \x1b[m\x1b[K\xe2\x80\x98\x1b[01m\x1b[Kstruct turtle_command\x1b[m\x1b[K\xe2\x80\x99 has no member named \xe2\x80\x98\x1b[01m\x1b[Kright_sweeping\x1b[m\x1b[K\xe2\x80\x99; did you mean \xe2\x80\x98\x1b[01m\x1b[Kleft_sweeping\x1b[m\x1b[K\xe2\x80\x99?\n'}
[1.712673] (turtle_high_controller) StderrLine: {'line': b'  277 |             turtle_.turtle_control.\x1b[01;31m\x1b[Kright_sweeping\x1b[m\x1b[K.set_state.set_state = 1;\n'}
[1.712722] (turtle_high_controller) StderrLine: {'line': b'      |                                    \x1b[01;31m\x1b[K^~~~~~~~~~~~~~\x1b[m\x1b[K\n'}
[1.712769] (turtle_high_controller) StderrLine: {'line': b'      |                                    \x1b[32m\x1b[Kleft_sweeping\x1b[m\x1b[K\n'}
[1.712815] (turtle_high_controller) StderrLine: {'line': b'\x1b[01m\x1b[K/home/qianlab/single_turtle_workspace/dependencies/traveler_controller/src/can_driver/can_driver.cpp:278:75:\x1b[m\x1b[K \x1b[01;31m\x1b[Kerror: \x1b[m\x1b[K\xe2\x80\x98\x1b[01m\x1b[Kstruct motor_command\x1b[m\x1b[K\xe2\x80\x99 has no member named \xe2\x80\x98\x1b[01m\x1b[Kset_state\x1b[m\x1b[K\xe2\x80\x99\n'}
[1.712865] (turtle_high_controller) StderrLine: {'line': b'  278 |             setstate_left_adduction(turtle_.turtle_control.left_adduction.\x1b[01;31m\x1b[Kset_state\x1b[m\x1b[K);\n'}
[1.712915] (turtle_high_controller) StderrLine: {'line': b'      |                                                                           \x1b[01;31m\x1b[K^~~~~~~~~\x1b[m\x1b[K\n'}
[1.712964] (turtle_high_controller) StderrLine: {'line': b'\x1b[01m\x1b[K/home/qianlab/single_turtle_workspace/dependencies/traveler_controller/src/can_driver/can_driver.cpp:279:73:\x1b[m\x1b[K \x1b[01;31m\x1b[Kerror: \x1b[m\x1b[K\xe2\x80\x98\x1b[01m\x1b[Kstruct motor_command\x1b[m\x1b[K\xe2\x80\x99 has no member named \xe2\x80\x98\x1b[01m\x1b[Kset_state\x1b[m\x1b[K\xe2\x80\x99\n'}
[1.713018] (turtle_high_controller) StderrLine: {'line': b'  279 |             setstate_left_sweeping(turtle_.turtle_control.left_sweeping.\x1b[01;31m\x1b[Kset_state\x1b[m\x1b[K);\n'}
[1.713068] (turtle_high_controller) StderrLine: {'line': b'      |                                                                         \x1b[01;31m\x1b[K^~~~~~~~~\x1b[m\x1b[K\n'}
[1.713117] (turtle_high_controller) StderrLine: {'line': b'\x1b[01m\x1b[K/home/qianlab/single_turtle_workspace/dependencies/traveler_controller/src/can_driver/can_driver.cpp:280:61:\x1b[m\x1b[K \x1b[01;31m\x1b[Kerror: \x1b[m\x1b[K\xe2\x80\x98\x1b[01m\x1b[Kstruct turtle_command\x1b[m\x1b[K\xe2\x80\x99 has no member named \xe2\x80\x98\x1b[01m\x1b[Kright_adduction\x1b[m\x1b[K\xe2\x80\x99; did you mean \xe2\x80\x98\x1b[01m\x1b[Kleft_adduction\x1b[m\x1b[K\xe2\x80\x99?\n'}
[1.713172] (turtle_high_controller) StderrLine: {'line': b'  280 |             setstate_right_adduction(turtle_.turtle_control.\x1b[01;31m\x1b[Kright_adduction\x1b[m\x1b[K.set_state);\n'}
[1.713224] (turtle_high_controller) StderrLine: {'line': b'      |                                                             \x1b[01;31m\x1b[K^~~~~~~~~~~~~~~\x1b[m\x1b[K\n'}
[1.713274] (turtle_high_controller) StderrLine: {'line': b'      |                                                             \x1b[32m\x1b[Kleft_adduction\x1b[m\x1b[K\n'}
[1.713334] (turtle_high_controller) StderrLine: {'line': b'\x1b[01m\x1b[K/home/qianlab/single_turtle_workspace/dependencies/traveler_controller/src/can_driver/can_driver.cpp:281:60:\x1b[m\x1b[K \x1b[01;31m\x1b[Kerror: \x1b[m\x1b[K\xe2\x80\x98\x1b[01m\x1b[Kstruct turtle_command\x1b[m\x1b[K\xe2\x80\x99 has no member named \xe2\x80\x98\x1b[01m\x1b[Kright_sweeping\x1b[m\x1b[K\xe2\x80\x99; did you mean \xe2\x80\x98\x1b[01m\x1b[Kleft_sweeping\x1b[m\x1b[K\xe2\x80\x99?\n'}
[1.713393] (turtle_high_controller) StderrLine: {'line': b'  281 |             setstate_right_sweeping(turtle_.turtle_control.\x1b[01;31m\x1b[Kright_sweeping\x1b[m\x1b[K.set_state);\n'}
[1.713451] (turtle_high_controller) StderrLine: {'line': b'      |                                                            \x1b[01;31m\x1b[K^~~~~~~~~~~~~~\x1b[m\x1b[K\n'}
[1.713501] (turtle_high_controller) StderrLine: {'line': b'      |                                                            \x1b[32m\x1b[Kleft_sweeping\x1b[m\x1b[K\n'}
[1.810271] (-) TimerEvent: {}
[1.910625] (-) TimerEvent: {}
[1.989195] (turtle_high_controller) StderrLine: {'line': b'In file included from \x1b[01m\x1b[K/home/qianlab/single_turtle_workspace/dependencies/traveler_controller/src/proxy/lowerproxy.cpp:8\x1b[m\x1b[K:\n'}
[1.989413] (turtle_high_controller) StderrLine: {'line': b'\x1b[01m\x1b[K/home/qianlab/single_turtle_workspace/dependencies/traveler_controller/include/proxy/lowerproxy.h:97:17:\x1b[m\x1b[K \x1b[01;31m\x1b[Kerror: \x1b[m\x1b[K\xe2\x80\x98\x1b[01m\x1b[KXY_pair\x1b[m\x1b[K\xe2\x80\x99 was not declared in this scope\n'}
[1.989481] (turtle_high_controller) StderrLine: {'line': b'   97 |     std::vector<\x1b[01;31m\x1b[KXY_pair\x1b[m\x1b[K> precomputed_;\n'}
[1.989530] (turtle_high_controller) StderrLine: {'line': b'      |                 \x1b[01;31m\x1b[K^~~~~~~\x1b[m\x1b[K\n'}
[1.989579] (turtle_high_controller) StderrLine: {'line': b'\x1b[01m\x1b[K/home/qianlab/single_turtle_workspace/dependencies/traveler_controller/include/proxy/lowerproxy.h:97:24:\x1b[m\x1b[K \x1b[01;31m\x1b[Kerror: \x1b[m\x1b[Ktemplate argument 1 is invalid\n'}
[1.989628] (turtle_high_controller) StderrLine: {'line': b'   97 |     std::vector<XY_pair\x1b[01;31m\x1b[K>\x1b[m\x1b[K precomputed_;\n'}
[1.989675] (turtle_high_controller) StderrLine: {'line': b'      |                        \x1b[01;31m\x1b[K^\x1b[m\x1b[K\n'}
[1.989721] (turtle_high_controller) StderrLine: {'line': b'\x1b[01m\x1b[K/home/qianlab/single_turtle_workspace/dependencies/traveler_controller/include/proxy/lowerproxy.h:97:24:\x1b[m\x1b[K \x1b[01;31m\x1b[Kerror: \x1b[m\x1b[Ktemplate argument 2 is invalid\n'}
[1.989903] (turtle_high_controller) StderrLine: {'line': b'In file included from \x1b[01m\x1b[K/home/qianlab/single_turtle_workspace/dependencies/traveler_controller/src/proxy/lowerproxy.cpp:9\x1b[m\x1b[K:\n'}
[1.990040] (turtle_high_controller) StderrLine: {'line': b'\x1b[01m\x1b[K/home/qianlab/single_turtle_workspace/dependencies/traveler_controller/include/controller/inverse_kinematics.h:14:47:\x1b[m\x1b[K \x1b[01;31m\x1b[Kerror: \x1b[m\x1b[K\xe2\x80\x98\x1b[01m\x1b[KXY_pair\x1b[m\x1b[K\xe2\x80\x99 has not been declared\n'}
[1.990092] (turtle_high_controller) StderrLine: {'line': b'   14 | void abstractToPhysical(float L, float Theta, \x1b[01;31m\x1b[KXY_pair\x1b[m\x1b[K& point);\n'}
[1.990139] (turtle_high_controller) StderrLine: {'line': b'      |                                               \x1b[01;31m\x1b[K^~~~~~~\x1b[m\x1b[K\n'}
[1.990185] (turtle_high_controller) StderrLine: {'line': b'\x1b[01m\x1b[K/home/qianlab/single_turtle_workspace/dependencies/traveler_controller/include/controller/inverse_kinematics.h:19:41:\x1b[m\x1b[K \x1b[01;31m\x1b[Kerror: \x1b[m\x1b[K\xe2\x80\x98\x1b[01m\x1b[KXY_pair\x1b[m\x1b[K\xe2\x80\x99 has not been declared\n'}
[1.990231] (turtle_high_controller) StderrLine: {'line': b'   19 | bool linearTraj(float t_rel, float vel, \x1b[01;31m\x1b[KXY_pair\x1b[m\x1b[K A, XY_pair B, float& X, float& Y);\n'}
[1.990275] (turtle_high_controller) StderrLine: {'line': b'      |                                         \x1b[01;31m\x1b[K^~~~~~~\x1b[m\x1b[K\n'}
[1.990322] (turtle_high_controller) StderrLine: {'line': b'\x1b[01m\x1b[K/home/qianlab/single_turtle_workspace/dependencies/traveler_controller/include/controller/inverse_kinematics.h:19:52:\x1b[m\x1b[K \x1b[01;31m\x1b[Kerror: \x1b[m\x1b[K\xe2\x80\x98\x1b[01m\x1b[KXY_pair\x1b[m\x1b[K\xe2\x80\x99 has not been declared\n'}
[1.990367] (turtle_high_controller) StderrLine: {'line': b'   19 | bool linearTraj(float t_rel, float vel, XY_pair A, \x1b[01;31m\x1b[KXY_pair\x1b[m\x1b[K B, float& X, float& Y);\n'}
[1.990418] (turtle_high_controller) StderrLine: {'line': b'      |                                                    \x1b[01;31m\x1b[K^~~~~~~\x1b[m\x1b[K\n'}
[1.990466] (turtle_high_controller) StderrLine: {'line': b'\x1b[01m\x1b[K/home/qianlab/single_turtle_workspace/dependencies/traveler_controller/include/controller/inverse_kinematics.h:20:41:\x1b[m\x1b[K \x1b[01;31m\x1b[Kerror: \x1b[m\x1b[K\xe2\x80\x98\x1b[01m\x1b[KXY_pair\x1b[m\x1b[K\xe2\x80\x99 has not been declared\n'}
[1.990513] (turtle_high_controller) StderrLine: {'line': b'   20 | bool linearTraj(float t_rel, float vel, \x1b[01;31m\x1b[KXY_pair\x1b[m\x1b[K A, XY_pair B,\n'}
[1.990561] (turtle_high_controller) StderrLine: {'line': b'      |                                         \x1b[01;31m\x1b[K^~~~~~~\x1b[m\x1b[K\n'}
[1.990608] (turtle_high_controller) StderrLine: {'line': b'\x1b[01m\x1b[K/home/qianlab/single_turtle_workspace/dependencies/traveler_controller/include/controller/inverse_kinematics.h:20:52:\x1b[m\x1b[K \x1b[01;31m\x1b[Kerror: \x1b[m\x1b[K\xe2\x80\x98\x1b[01m\x1b[KXY_pair\x1b[m\x1b[K\xe2\x80\x99 has not been declared\n'}
[1.990653] (turtle_high_controller) StderrLine: {'line': b'   20 | bool linearTraj(float t_rel, float vel, XY_pair A, \x1b[01;31m\x1b[KXY_pair\x1b[m\x1b[K B,\n'}
[1.990697] (turtle_high_controller) StderrLine: {'line': b'      |                                                    \x1b[01;31m\x1b[K^~~~~~~\x1b[m\x1b[K\n'}
[1.990742] (turtle_high_controller) StderrLine: {'line': b'\x1b[01m\x1b[K/home/qianlab/single_turtle_workspace/dependencies/traveler_controller/include/controller/inverse_kinematics.h:21:17:\x1b[m\x1b[K \x1b[01;31m\x1b[Kerror: \x1b[m\x1b[K\xe2\x80\x98\x1b[01m\x1b[KXY_pair\x1b[m\x1b[K\xe2\x80\x99 has not been declared\n'}
[1.990788] (turtle_high_controller) StderrLine: {'line': b'   21 |                 \x1b[01;31m\x1b[KXY_pair\x1b[m\x1b[K ToeXY, float& X, float& Y, float threshold = 0.01f);\n'}
[1.990838] (turtle_high_controller) StderrLine: {'line': b'      |                 \x1b[01;31m\x1b[K^~~~~~~\x1b[m\x1b[K\n'}
[1.991692] (turtle_high_controller) StderrLine: {'line': b'\x1b[01m\x1b[K/home/qianlab/single_turtle_workspace/dependencies/traveler_controller/include/controller/inverse_kinematics.h:26:16:\x1b[m\x1b[K \x1b[01;31m\x1b[Kerror: \x1b[m\x1b[K\xe2\x80\x98\x1b[01m\x1b[KXY_pair\x1b[m\x1b[K\xe2\x80\x99 was not declared in this scope\n'}
[1.991799] (turtle_high_controller) StderrLine: {'line': b'   26 | bool validPath(\x1b[01;31m\x1b[KXY_pair\x1b[m\x1b[K A, XY_pair B);\n'}
[1.991848] (turtle_high_controller) StderrLine: {'line': b'      |                \x1b[01;31m\x1b[K^~~~~~~\x1b[m\x1b[K\n'}
[1.993067] (turtle_high_controller) StderrLine: {'line': b'\x1b[01m\x1b[K/home/qianlab/single_turtle_workspace/dependencies/traveler_controller/include/controller/inverse_kinematics.h:26:27:\x1b[m\x1b[K \x1b[01;31m\x1b[Kerror: \x1b[m\x1b[K\xe2\x80\x98\x1b[01m\x1b[KXY_pair\x1b[m\x1b[K\xe2\x80\x99 was not declared in this scope\n'}
[1.993209] (turtle_high_controller) StderrLine: {'line': b'   26 | bool validPath(XY_pair A, \x1b[01;31m\x1b[KXY_pair\x1b[m\x1b[K B);\n'}
[1.993264] (turtle_high_controller) StderrLine: {'line': b'      |                           \x1b[01;31m\x1b[K^~~~~~~\x1b[m\x1b[K\n'}
[1.993310] (turtle_high_controller) StderrLine: {'line': b'\x1b[01m\x1b[K/home/qianlab/single_turtle_workspace/dependencies/traveler_controller/include/controller/inverse_kinematics.h:26:36:\x1b[m\x1b[K \x1b[01;31m\x1b[Kerror: \x1b[m\x1b[Kexpression list treated as compound expression in initializer [\x1b[01;31m\x1b[K-fpermissive\x1b[m\x1b[K]\n'}
[1.993368] (turtle_high_controller) StderrLine: {'line': b'   26 | bool validPath(XY_pair A, XY_pair B\x1b[01;31m\x1b[K)\x1b[m\x1b[K;\n'}
[1.993414] (turtle_high_controller) StderrLine: {'line': b'      |                                    \x1b[01;31m\x1b[K^\x1b[m\x1b[K\n'}
[1.994644] (turtle_high_controller) StderrLine: {'line': b'\x1b[01m\x1b[K/home/qianlab/single_turtle_workspace/dependencies/traveler_controller/include/controller/inverse_kinematics.h:32:15:\x1b[m\x1b[K \x1b[01;31m\x1b[Kerror: \x1b[m\x1b[K\xe2\x80\x98\x1b[01m\x1b[KXY_pair\x1b[m\x1b[K\xe2\x80\x99 was not declared in this scope\n'}
[1.994830] (turtle_high_controller) StderrLine: {'line': b'   32 | bool inBounds(\x1b[01;31m\x1b[KXY_pair\x1b[m\x1b[K ToeXY);\n'}
[1.994886] (turtle_high_controller) StderrLine: {'line': b'      |               \x1b[01;31m\x1b[K^~~~~~~\x1b[m\x1b[K\n'}
[1.994936] (turtle_high_controller) StderrLine: {'line': b'\x1b[01m\x1b[K/home/qianlab/single_turtle_workspace/dependencies/traveler_controller/include/controller/inverse_kinematics.h:33:31:\x1b[m\x1b[K \x1b[01;31m\x1b[Kerror: \x1b[m\x1b[K\xe2\x80\x98\x1b[01m\x1b[Kbool inBounds(float, float)\x1b[m\x1b[K\xe2\x80\x99 redeclared as different kind of entity\n'}
[1.994986] (turtle_high_controller) StderrLine: {'line': b'   33 | bool inBounds(float x, float y\x1b[01;31m\x1b[K)\x1b[m\x1b[K;\n'}
[1.995039] (turtle_high_controller) StderrLine: {'line': b'      |                               \x1b[01;31m\x1b[K^\x1b[m\x1b[K\n'}
[1.995087] (turtle_high_controller) StderrLine: {'line': b'\x1b[01m\x1b[K/home/qianlab/single_turtle_workspace/dependencies/traveler_controller/include/controller/inverse_kinematics.h:32:6:\x1b[m\x1b[K \x1b[01;36m\x1b[Knote: \x1b[m\x1b[Kprevious declaration \xe2\x80\x98\x1b[01m\x1b[Kbool inBounds\x1b[m\x1b[K\xe2\x80\x99\n'}
[1.995145] (turtle_high_controller) StderrLine: {'line': b'   32 | bool \x1b[01;36m\x1b[KinBounds\x1b[m\x1b[K(XY_pair ToeXY);\n'}
[1.995199] (turtle_high_controller) StderrLine: {'line': b'      |      \x1b[01;36m\x1b[K^~~~~~~~\x1b[m\x1b[K\n'}
[1.996492] (turtle_high_controller) StderrLine: {'line': b'\x1b[01m\x1b[K/home/qianlab/single_turtle_workspace/dependencies/traveler_controller/include/controller/inverse_kinematics.h:35:15:\x1b[m\x1b[K \x1b[01;31m\x1b[Kerror: \x1b[m\x1b[K\xe2\x80\x98\x1b[01m\x1b[KXY_pair\x1b[m\x1b[K\xe2\x80\x99 was not declared in this scope\n'}
[1.996648] (turtle_high_controller) StderrLine: {'line': b'   35 | bool clamp_XY(\x1b[01;31m\x1b[KXY_pair\x1b[m\x1b[K& P, float L = 0.0f);\n'}
[1.996703] (turtle_high_controller) StderrLine: {'line': b'      |               \x1b[01;31m\x1b[K^~~~~~~\x1b[m\x1b[K\n'}
[1.997664] (turtle_high_controller) StderrLine: {'line': b'\x1b[01m\x1b[K/home/qianlab/single_turtle_workspace/dependencies/traveler_controller/include/controller/inverse_kinematics.h:35:24:\x1b[m\x1b[K \x1b[01;31m\x1b[Kerror: \x1b[m\x1b[K\xe2\x80\x98\x1b[01m\x1b[KP\x1b[m\x1b[K\xe2\x80\x99 was not declared in this scope\n'}
[1.997868] (turtle_high_controller) StderrLine: {'line': b'   35 | bool clamp_XY(XY_pair& \x1b[01;31m\x1b[KP\x1b[m\x1b[K, float L = 0.0f);\n'}
[1.998010] (turtle_high_controller) StderrLine: {'line': b'      |                        \x1b[01;31m\x1b[K^\x1b[m\x1b[K\n'}
[1.998087] (turtle_high_controller) StderrLine: {'line': b'\x1b[01m\x1b[K/home/qianlab/single_turtle_workspace/dependencies/traveler_controller/include/controller/inverse_kinematics.h:35:27:\x1b[m\x1b[K \x1b[01;31m\x1b[Kerror: \x1b[m\x1b[Kexpected primary-expression before \xe2\x80\x98\x1b[01m\x1b[Kfloat\x1b[m\x1b[K\xe2\x80\x99\n'}
[1.998161] (turtle_high_controller) StderrLine: {'line': b'   35 | bool clamp_XY(XY_pair& P, \x1b[01;31m\x1b[Kfloat\x1b[m\x1b[K L = 0.0f);\n'}
[1.998228] (turtle_high_controller) StderrLine: {'line': b'      |                           \x1b[01;31m\x1b[K^~~~~\x1b[m\x1b[K\n'}
[1.998295] (turtle_high_controller) StderrLine: {'line': b'\x1b[01m\x1b[K/home/qianlab/single_turtle_workspace/dependencies/traveler_controller/include/controller/inverse_kinematics.h:35:41:\x1b[m\x1b[K \x1b[01;31m\x1b[Kerror: \x1b[m\x1b[Kexpression list treated as compound expression in initializer [\x1b[01;31m\x1b[K-fpermissive\x1b[m\x1b[K]\n'}
[1.998368] (turtle_high_controller) StderrLine: {'line': b'   35 | bool clamp_XY(XY_pair& P, float L = 0.0f\x1b[01;31m\x1b[K)\x1b[m\x1b[K;\n'}
[1.998439] (turtle_high_controller) StderrLine: {'line': b'      |                                         \x1b[01;31m\x1b[K^\x1b[m\x1b[K\n'}
[1.999383] (turtle_high_controller) StderrLine: {'line': b'\x1b[01m\x1b[K/home/qianlab/single_turtle_workspace/dependencies/traveler_controller/include/controller/inverse_kinematics.h:36:16:\x1b[m\x1b[K \x1b[01;31m\x1b[Kerror: \x1b[m\x1b[K\xe2\x80\x98\x1b[01m\x1b[KXY_pair\x1b[m\x1b[K\xe2\x80\x99 was not declared in this scope\n'}
[1.999567] (turtle_high_controller) StderrLine: {'line': b'   36 | float distance(\x1b[01;31m\x1b[KXY_pair\x1b[m\x1b[K A, XY_pair B);\n'}
[1.999642] (turtle_high_controller) StderrLine: {'line': b'      |                \x1b[01;31m\x1b[K^~~~~~~\x1b[m\x1b[K\n'}
[2.001001] (turtle_high_controller) StderrLine: {'line': b'\x1b[01m\x1b[K/home/qianlab/single_turtle_workspace/dependencies/traveler_controller/include/controller/inverse_kinematics.h:36:27:\x1b[m\x1b[K \x1b[01;31m\x1b[Kerror: \x1b[m\x1b[K\xe2\x80\x98\x1b[01m\x1b[KXY_pair\x1b[m\x1b[K\xe2\x80\x99 was not declared in this scope\n'}
[2.001175] (turtle_high_controller) StderrLine: {'line': b'   36 | float distance(XY_pair A, \x1b[01;31m\x1b[KXY_pair\x1b[m\x1b[K B);\n'}
[2.001251] (turtle_high_controller) StderrLine: {'line': b'      |                           \x1b[01;31m\x1b[K^~~~~~~\x1b[m\x1b[K\n'}
[2.001321] (turtle_high_controller) StderrLine: {'line': b'\x1b[01m\x1b[K/home/qianlab/single_turtle_workspace/dependencies/traveler_controller/include/controller/inverse_kinematics.h:36:36:\x1b[m\x1b[K \x1b[01;31m\x1b[Kerror: \x1b[m\x1b[Kexpression list treated as compound expression in initializer [\x1b[01;31m\x1b[K-fpermissive\x1b[m\x1b[K]\n'}
[2.001391] (turtle_high_controller) StderrLine: {'line': b'   36 | float distance(XY_pair A, XY_pair B\x1b[01;31m\x1b[K)\x1b[m\x1b[K;\n'}
[2.001460] (turtle_high_controller) StderrLine: {'line': b'      |                                    \x1b[01;31m\x1b[K^\x1b[m\x1b[K\n'}
[2.010742] (-) TimerEvent: {}
[2.011142] (turtle_high_controller) StderrLine: {'line': b'\x1b[01m\x1b[K/home/qianlab/single_turtle_workspace/dependencies/traveler_controller/src/can_driver/can_driver.cpp:\x1b[m\x1b[K In member function \xe2\x80\x98\x1b[01m\x1b[Kvoid can_driver::get_motor_status(turtle&)\x1b[m\x1b[K\xe2\x80\x99:\n'}
[2.011392] (turtle_high_controller) StderrLine: {'line': b'\x1b[01m\x1b[K/home/qianlab/single_turtle_workspace/dependencies/traveler_controller/src/can_driver/can_driver.cpp:219:30:\x1b[m\x1b[K \x1b[01;31m\x1b[Kerror: \x1b[m\x1b[K\xe2\x80\x98\x1b[01m\x1b[Kstruct turtle_status\x1b[m\x1b[K\xe2\x80\x99 has no member named \xe2\x80\x98\x1b[01m\x1b[Kright_adduction\x1b[m\x1b[K\xe2\x80\x99; did you mean \xe2\x80\x98\x1b[01m\x1b[Kleft_adduction\x1b[m\x1b[K\xe2\x80\x99?\n'}
[2.011526] (turtle_high_controller) StderrLine: {'line': b'  219 |       turtle_.turtle_chassis.\x1b[01;31m\x1b[Kright_adduction\x1b[m\x1b[K = odrive_status_msg_1_axis1;\n'}
[2.011618] (turtle_high_controller) StderrLine: {'line': b'      |                              \x1b[01;31m\x1b[K^~~~~~~~~~~~~~~\x1b[m\x1b[K\n'}
[2.011710] (turtle_high_controller) StderrLine: {'line': b'      |                              \x1b[32m\x1b[Kleft_adduction\x1b[m\x1b[K\n'}
[2.011808] (turtle_high_controller) StderrLine: {'line': b'\x1b[01m\x1b[K/home/qianlab/single_turtle_workspace/dependencies/traveler_controller/src/can_driver/can_driver.cpp:220:30:\x1b[m\x1b[K \x1b[01;31m\x1b[Kerror: \x1b[m\x1b[K\xe2\x80\x98\x1b[01m\x1b[Kstruct turtle_status\x1b[m\x1b[K\xe2\x80\x99 has no member named \xe2\x80\x98\x1b[01m\x1b[Kright_sweeping\x1b[m\x1b[K\xe2\x80\x99; did you mean \xe2\x80\x98\x1b[01m\x1b[Kleft_sweeping\x1b[m\x1b[K\xe2\x80\x99?\n'}
[2.011925] (turtle_high_controller) StderrLine: {'line': b'  220 |       turtle_.turtle_chassis.\x1b[01;31m\x1b[Kright_sweeping\x1b[m\x1b[K = odrive_status_msg_1_axis0;\n'}
[2.012026] (turtle_high_controller) StderrLine: {'line': b'      |                              \x1b[01;31m\x1b[K^~~~~~~~~~~~~~\x1b[m\x1b[K\n'}
[2.012244] (turtle_high_controller) StderrLine: {'line': b'      |                              \x1b[32m\x1b[Kleft_sweeping\x1b[m\x1b[K\n'}
[2.012592] (turtle_high_controller) StderrLine: {'line': b'\x1b[01m\x1b[K/home/qianlab/single_turtle_workspace/dependencies/traveler_controller/src/can_driver/can_driver.cpp:\x1b[m\x1b[K In member function \xe2\x80\x98\x1b[01m\x1b[Kvoid can_driver::setControl(turtle&)\x1b[m\x1b[K\xe2\x80\x99:\n'}
[2.012715] (turtle_high_controller) StderrLine: {'line': b'\x1b[01m\x1b[K/home/qianlab/single_turtle_workspace/dependencies/traveler_controller/src/can_driver/can_driver.cpp:228:27:\x1b[m\x1b[K \x1b[01;31m\x1b[Kerror: \x1b[m\x1b[K\xe2\x80\x98\x1b[01m\x1b[Kstruct turtle_command\x1b[m\x1b[K\xe2\x80\x99 has no member named \xe2\x80\x98\x1b[01m\x1b[Kright_adduction\x1b[m\x1b[K\xe2\x80\x99; did you mean \xe2\x80\x98\x1b[01m\x1b[Kleft_adduction\x1b[m\x1b[K\xe2\x80\x99?\n'}
[2.012801] (turtle_high_controller) StderrLine: {'line': b'  228 |    turtle_.turtle_control.\x1b[01;31m\x1b[Kright_adduction\x1b[m\x1b[K.set_input_position_radian.can_channel = 1;\n'}
[2.012878] (turtle_high_controller) StderrLine: {'line': b'      |                           \x1b[01;31m\x1b[K^~~~~~~~~~~~~~~\x1b[m\x1b[K\n'}
[2.013272] (turtle_high_controller) StderrLine: {'line': b'      |                           \x1b[32m\x1b[Kleft_adduction\x1b[m\x1b[K\n'}
[2.013356] (turtle_high_controller) StderrLine: {'line': b'\x1b[01m\x1b[K/home/qianlab/single_turtle_workspace/dependencies/traveler_controller/src/can_driver/can_driver.cpp:229:27:\x1b[m\x1b[K \x1b[01;31m\x1b[Kerror: \x1b[m\x1b[K\xe2\x80\x98\x1b[01m\x1b[Kstruct turtle_command\x1b[m\x1b[K\xe2\x80\x99 has no member named \xe2\x80\x98\x1b[01m\x1b[Kright_sweeping\x1b[m\x1b[K\xe2\x80\x99; did you mean \xe2\x80\x98\x1b[01m\x1b[Kleft_sweeping\x1b[m\x1b[K\xe2\x80\x99?\n'}
[2.013440] (turtle_high_controller) StderrLine: {'line': b'  229 |    turtle_.turtle_control.\x1b[01;31m\x1b[Kright_sweeping\x1b[m\x1b[K.set_input_position_radian.can_channel = 1;\n'}
[2.013520] (turtle_high_controller) StderrLine: {'line': b'      |                           \x1b[01;31m\x1b[K^~~~~~~~~~~~~~\x1b[m\x1b[K\n'}
[2.013595] (turtle_high_controller) StderrLine: {'line': b'      |                           \x1b[32m\x1b[Kleft_sweeping\x1b[m\x1b[K\n'}
[2.013673] (turtle_high_controller) StderrLine: {'line': b'\x1b[01m\x1b[K/home/qianlab/single_turtle_workspace/dependencies/traveler_controller/src/can_driver/can_driver.cpp:235:58:\x1b[m\x1b[K \x1b[01;31m\x1b[Kerror: \x1b[m\x1b[K\xe2\x80\x98\x1b[01m\x1b[Kstruct turtle_command\x1b[m\x1b[K\xe2\x80\x99 has no member named \xe2\x80\x98\x1b[01m\x1b[Kright_adduction\x1b[m\x1b[K\xe2\x80\x99; did you mean \xe2\x80\x98\x1b[01m\x1b[Kleft_adduction\x1b[m\x1b[K\xe2\x80\x99?\n'}
[2.013757] (turtle_high_controller) StderrLine: {'line': b'  235 |       setPosition_right_adduction(turtle_.turtle_control.\x1b[01;31m\x1b[Kright_adduction\x1b[m\x1b[K.set_input_position_radian);\n'}
[2.013854] (turtle_high_controller) StderrLine: {'line': b'      |                                                          \x1b[01;31m\x1b[K^~~~~~~~~~~~~~~\x1b[m\x1b[K\n'}
[2.013941] (turtle_high_controller) StderrLine: {'line': b'      |                                                          \x1b[32m\x1b[Kleft_adduction\x1b[m\x1b[K\n'}
[2.014037] (turtle_high_controller) StderrLine: {'line': b'\x1b[01m\x1b[K/home/qianlab/single_turtle_workspace/dependencies/traveler_controller/src/can_driver/can_driver.cpp:236:57:\x1b[m\x1b[K \x1b[01;31m\x1b[Kerror: \x1b[m\x1b[K\xe2\x80\x98\x1b[01m\x1b[Kstruct turtle_command\x1b[m\x1b[K\xe2\x80\x99 has no member named \xe2\x80\x98\x1b[01m\x1b[Kright_sweeping\x1b[m\x1b[K\xe2\x80\x99; did you mean \xe2\x80\x98\x1b[01m\x1b[Kleft_sweeping\x1b[m\x1b[K\xe2\x80\x99?\n'}
[2.014128] (turtle_high_controller) StderrLine: {'line': b'  236 |       setPosition_right_sweeping(turtle_.turtle_control.\x1b[01;31m\x1b[Kright_sweeping\x1b[m\x1b[K.set_input_position_radian);\n'}
[2.014209] (turtle_high_controller) StderrLine: {'line': b'      |                                                         \x1b[01;31m\x1b[K^~~~~~~~~~~~~~\x1b[m\x1b[K\n'}
[2.014283] (turtle_high_controller) StderrLine: {'line': b'      |                                                         \x1b[32m\x1b[Kleft_sweeping\x1b[m\x1b[K\n'}
[2.014354] (turtle_high_controller) StderrLine: {'line': b'\x1b[01m\x1b[K/home/qianlab/single_turtle_workspace/dependencies/traveler_controller/src/can_driver/can_driver.cpp:\x1b[m\x1b[K In member function \xe2\x80\x98\x1b[01m\x1b[Kvoid can_driver::change_odrive_state(turtle&)\x1b[m\x1b[K\xe2\x80\x99:\n'}
[2.014439] (turtle_high_controller) StderrLine: {'line': b'\x1b[01m\x1b[K/home/qianlab/single_turtle_workspace/dependencies/traveler_controller/src/can_driver/can_driver.cpp:248:51:\x1b[m\x1b[K \x1b[01;31m\x1b[Kerror: \x1b[m\x1b[K\xe2\x80\x98\x1b[01m\x1b[Kstruct motor_command\x1b[m\x1b[K\xe2\x80\x99 has no member named \xe2\x80\x98\x1b[01m\x1b[Kset_state\x1b[m\x1b[K\xe2\x80\x99\n'}
[2.014509] (turtle_high_controller) StderrLine: {'line': b'  248 |             turtle_.turtle_control.left_adduction.\x1b[01;31m\x1b[Kset_state\x1b[m\x1b[K.can_channel = 1;\n'}
[2.014580] (turtle_high_controller) StderrLine: {'line': b'      |                                                   \x1b[01;31m\x1b[K^~~~~~~~~\x1b[m\x1b[K\n'}
[2.014646] (turtle_high_controller) StderrLine: {'line': b'\x1b[01m\x1b[K/home/qianlab/single_turtle_workspace/dependencies/traveler_controller/src/can_driver/can_driver.cpp:249:50:\x1b[m\x1b[K \x1b[01;31m\x1b[Kerror: \x1b[m\x1b[K\xe2\x80\x98\x1b[01m\x1b[Kstruct motor_command\x1b[m\x1b[K\xe2\x80\x99 has no member named \xe2\x80\x98\x1b[01m\x1b[Kset_state\x1b[m\x1b[K\xe2\x80\x99\n'}
[2.014722] (turtle_high_controller) StderrLine: {'line': b'  249 |             turtle_.turtle_control.left_sweeping.\x1b[01;31m\x1b[Kset_state\x1b[m\x1b[K.can_channel = 1;\n'}
[2.014789] (turtle_high_controller) StderrLine: {'line': b'      |                                                  \x1b[01;31m\x1b[K^~~~~~~~~\x1b[m\x1b[K\n'}
[2.014857] (turtle_high_controller) StderrLine: {'line': b'\x1b[01m\x1b[K/home/qianlab/single_turtle_workspace/dependencies/traveler_controller/src/can_driver/can_driver.cpp:250:36:\x1b[m\x1b[K \x1b[01;31m\x1b[Kerror: \x1b[m\x1b[K\xe2\x80\x98\x1b[01m\x1b[Kstruct turtle_command\x1b[m\x1b[K\xe2\x80\x99 has no member named \xe2\x80\x98\x1b[01m\x1b[Kright_adduction\x1b[m\x1b[K\xe2\x80\x99; did you mean \xe2\x80\x98\x1b[01m\x1b[Kleft_adduction\x1b[m\x1b[K\xe2\x80\x99?\n'}
[2.014932] (turtle_high_controller) StderrLine: {'line': b'  250 |             turtle_.turtle_control.\x1b[01;31m\x1b[Kright_adduction\x1b[m\x1b[K.set_state.can_channel = 0;\n'}
[2.015001] (turtle_high_controller) StderrLine: {'line': b'      |                                    \x1b[01;31m\x1b[K^~~~~~~~~~~~~~~\x1b[m\x1b[K\n'}
[2.015070] (turtle_high_controller) StderrLine: {'line': b'      |                                    \x1b[32m\x1b[Kleft_adduction\x1b[m\x1b[K\n'}
[2.015139] (turtle_high_controller) StderrLine: {'line': b'\x1b[01m\x1b[K/home/qianlab/single_turtle_workspace/dependencies/traveler_controller/src/can_driver/can_driver.cpp:251:36:\x1b[m\x1b[K \x1b[01;31m\x1b[Kerror: \x1b[m\x1b[K\xe2\x80\x98\x1b[01m\x1b[Kstruct turtle_command\x1b[m\x1b[K\xe2\x80\x99 has no member named \xe2\x80\x98\x1b[01m\x1b[Kright_sweeping\x1b[m\x1b[K\xe2\x80\x99; did you mean \xe2\x80\x98\x1b[01m\x1b[Kleft_sweeping\x1b[m\x1b[K\xe2\x80\x99?\n'}
[2.015222] (turtle_high_controller) StderrLine: {'line': b'  251 |             turtle_.turtle_control.\x1b[01;31m\x1b[Kright_sweeping\x1b[m\x1b[K.set_state.can_channel = 0;\n'}
[2.015295] (turtle_high_controller) StderrLine: {'line': b'      |                                    \x1b[01;31m\x1b[K^~~~~~~~~~~~~~\x1b[m\x1b[K\n'}
[2.015367] (turtle_high_controller) StderrLine: {'line': b'      |                                    \x1b[32m\x1b[Kleft_sweeping\x1b[m\x1b[K\n'}
[2.015439] (turtle_high_controller) StderrLine: {'line': b'\x1b[01m\x1b[K/home/qianlab/single_turtle_workspace/dependencies/traveler_controller/src/can_driver/can_driver.cpp:252:51:\x1b[m\x1b[K \x1b[01;31m\x1b[Kerror: \x1b[m\x1b[K\xe2\x80\x98\x1b[01m\x1b[Kstruct motor_command\x1b[m\x1b[K\xe2\x80\x99 has no member named \xe2\x80\x98\x1b[01m\x1b[Kset_state\x1b[m\x1b[K\xe2\x80\x99\n'}
[2.015510] (turtle_high_controller) StderrLine: {'line': b'  252 |             turtle_.turtle_control.left_adduction.\x1b[01;31m\x1b[Kset_state\x1b[m\x1b[K.set_state = 8;\n'}
[2.015586] (turtle_high_controller) StderrLine: {'line': b'      |                                                   \x1b[01;31m\x1b[K^~~~~~~~~\x1b[m\x1b[K\n'}
[2.015656] (turtle_high_controller) StderrLine: {'line': b'\x1b[01m\x1b[K/home/qianlab/single_turtle_workspace/dependencies/traveler_controller/src/can_driver/can_driver.cpp:253:50:\x1b[m\x1b[K \x1b[01;31m\x1b[Kerror: \x1b[m\x1b[K\xe2\x80\x98\x1b[01m\x1b[Kstruct motor_command\x1b[m\x1b[K\xe2\x80\x99 has no member named \xe2\x80\x98\x1b[01m\x1b[Kset_state\x1b[m\x1b[K\xe2\x80\x99\n'}
[2.015729] (turtle_high_controller) StderrLine: {'line': b'  253 |             turtle_.turtle_control.left_sweeping.\x1b[01;31m\x1b[Kset_state\x1b[m\x1b[K.set_state = 8;\n'}
[2.015797] (turtle_high_controller) StderrLine: {'line': b'      |                                                  \x1b[01;31m\x1b[K^~~~~~~~~\x1b[m\x1b[K\n'}
[2.015864] (turtle_high_controller) StderrLine: {'line': b'\x1b[01m\x1b[K/home/qianlab/single_turtle_workspace/dependencies/traveler_controller/src/can_driver/can_driver.cpp:254:36:\x1b[m\x1b[K \x1b[01;31m\x1b[Kerror: \x1b[m\x1b[K\xe2\x80\x98\x1b[01m\x1b[Kstruct turtle_command\x1b[m\x1b[K\xe2\x80\x99 has no member named \xe2\x80\x98\x1b[01m\x1b[Kright_adduction\x1b[m\x1b[K\xe2\x80\x99; did you mean \xe2\x80\x98\x1b[01m\x1b[Kleft_adduction\x1b[m\x1b[K\xe2\x80\x99?\n'}
[2.015938] (turtle_high_controller) StderrLine: {'line': b'  254 |             turtle_.turtle_control.\x1b[01;31m\x1b[Kright_adduction\x1b[m\x1b[K.set_state.set_state = 8;\n'}
[2.016005] (turtle_high_controller) StderrLine: {'line': b'      |                                    \x1b[01;31m\x1b[K^~~~~~~~~~~~~~~\x1b[m\x1b[K\n'}
[2.016071] (turtle_high_controller) StderrLine: {'line': b'      |                                    \x1b[32m\x1b[Kleft_adduction\x1b[m\x1b[K\n'}
[2.016135] (turtle_high_controller) StderrLine: {'line': b'\x1b[01m\x1b[K/home/qianlab/single_turtle_workspace/dependencies/traveler_controller/src/can_driver/can_driver.cpp:255:36:\x1b[m\x1b[K \x1b[01;31m\x1b[Kerror: \x1b[m\x1b[K\xe2\x80\x98\x1b[01m\x1b[Kstruct turtle_command\x1b[m\x1b[K\xe2\x80\x99 has no member named \xe2\x80\x98\x1b[01m\x1b[Kright_sweeping\x1b[m\x1b[K\xe2\x80\x99; did you mean \xe2\x80\x98\x1b[01m\x1b[Kleft_sweeping\x1b[m\x1b[K\xe2\x80\x99?\n'}
[2.016202] (turtle_high_controller) StderrLine: {'line': b'  255 |             turtle_.turtle_control.\x1b[01;31m\x1b[Kright_sweeping\x1b[m\x1b[K.set_state.set_state = 8;\n'}
[2.016268] (turtle_high_controller) StderrLine: {'line': b'      |                                    \x1b[01;31m\x1b[K^~~~~~~~~~~~~~\x1b[m\x1b[K\n'}
[2.016335] (turtle_high_controller) StderrLine: {'line': b'      |                                    \x1b[32m\x1b[Kleft_sweeping\x1b[m\x1b[K\n'}
[2.016402] (turtle_high_controller) StderrLine: {'line': b'\x1b[01m\x1b[K/home/qianlab/single_turtle_workspace/dependencies/traveler_controller/src/can_driver/can_driver.cpp:256:75:\x1b[m\x1b[K \x1b[01;31m\x1b[Kerror: \x1b[m\x1b[K\xe2\x80\x98\x1b[01m\x1b[Kstruct motor_command\x1b[m\x1b[K\xe2\x80\x99 has no member named \xe2\x80\x98\x1b[01m\x1b[Kset_state\x1b[m\x1b[K\xe2\x80\x99\n'}
[2.016472] (turtle_high_controller) StderrLine: {'line': b'  256 |             setstate_left_adduction(turtle_.turtle_control.left_adduction.\x1b[01;31m\x1b[Kset_state\x1b[m\x1b[K);\n'}
[2.016541] (turtle_high_controller) StderrLine: {'line': b'      |                                                                           \x1b[01;31m\x1b[K^~~~~~~~~\x1b[m\x1b[K\n'}
[2.016611] (turtle_high_controller) StderrLine: {'line': b'\x1b[01m\x1b[K/home/qianlab/single_turtle_workspace/dependencies/traveler_controller/src/can_driver/can_driver.cpp:257:73:\x1b[m\x1b[K \x1b[01;31m\x1b[Kerror: \x1b[m\x1b[K\xe2\x80\x98\x1b[01m\x1b[Kstruct motor_command\x1b[m\x1b[K\xe2\x80\x99 has no member named \xe2\x80\x98\x1b[01m\x1b[Kset_state\x1b[m\x1b[K\xe2\x80\x99\n'}
[2.016683] (turtle_high_controller) StderrLine: {'line': b'  257 |             setstate_left_sweeping(turtle_.turtle_control.left_sweeping.\x1b[01;31m\x1b[Kset_state\x1b[m\x1b[K);\n'}
[2.016765] (turtle_high_controller) StderrLine: {'line': b'      |                                                                         \x1b[01;31m\x1b[K^~~~~~~~~\x1b[m\x1b[K\n'}
[2.016834] (turtle_high_controller) StderrLine: {'line': b'\x1b[01m\x1b[K/home/qianlab/single_turtle_workspace/dependencies/traveler_controller/src/can_driver/can_driver.cpp:258:61:\x1b[m\x1b[K \x1b[01;31m\x1b[Kerror: \x1b[m\x1b[K\xe2\x80\x98\x1b[01m\x1b[Kstruct turtle_command\x1b[m\x1b[K\xe2\x80\x99 has no member named \xe2\x80\x98\x1b[01m\x1b[Kright_adduction\x1b[m\x1b[K\xe2\x80\x99; did you mean \xe2\x80\x98\x1b[01m\x1b[Kleft_adduction\x1b[m\x1b[K\xe2\x80\x99?\n'}
[2.016909] (turtle_high_controller) StderrLine: {'line': b'  258 |             setstate_right_adduction(turtle_.turtle_control.\x1b[01;31m\x1b[Kright_adduction\x1b[m\x1b[K.set_state);\n'}
[2.016983] (turtle_high_controller) StderrLine: {'line': b'      |                                                             \x1b[01;31m\x1b[K^~~~~~~~~~~~~~~\x1b[m\x1b[K\n'}
[2.017056] (turtle_high_controller) StderrLine: {'line': b'      |                                                             \x1b[32m\x1b[Kleft_adduction\x1b[m\x1b[K\n'}
[2.017130] (turtle_high_controller) StderrLine: {'line': b'\x1b[01m\x1b[K/home/qianlab/single_turtle_workspace/dependencies/traveler_controller/src/can_driver/can_driver.cpp:259:60:\x1b[m\x1b[K \x1b[01;31m\x1b[Kerror: \x1b[m\x1b[K\xe2\x80\x98\x1b[01m\x1b[Kstruct turtle_command\x1b[m\x1b[K\xe2\x80\x99 has no member named \xe2\x80\x98\x1b[01m\x1b[Kright_sweeping\x1b[m\x1b[K\xe2\x80\x99; did you mean \xe2\x80\x98\x1b[01m\x1b[Kleft_sweeping\x1b[m\x1b[K\xe2\x80\x99?\n'}
[2.017211] (turtle_high_controller) StderrLine: {'line': b'  259 |             setstate_right_sweeping(turtle_.turtle_control.\x1b[01;31m\x1b[Kright_sweeping\x1b[m\x1b[K.set_state);\n'}
[2.017277] (turtle_high_controller) StderrLine: {'line': b'      |                                                            \x1b[01;31m\x1b[K^~~~~~~~~~~~~~\x1b[m\x1b[K\n'}
[2.017342] (turtle_high_controller) StderrLine: {'line': b'      |                                                            \x1b[32m\x1b[Kleft_sweeping\x1b[m\x1b[K\n'}
[2.017407] (turtle_high_controller) StderrLine: {'line': b'\x1b[01m\x1b[K/home/qianlab/single_turtle_workspace/dependencies/traveler_controller/src/can_driver/can_driver.cpp:270:51:\x1b[m\x1b[K \x1b[01;31m\x1b[Kerror: \x1b[m\x1b[K\xe2\x80\x98\x1b[01m\x1b[Kstruct motor_command\x1b[m\x1b[K\xe2\x80\x99 has no member named \xe2\x80\x98\x1b[01m\x1b[Kset_state\x1b[m\x1b[K\xe2\x80\x99\n'}
[2.017473] (turtle_high_controller) StderrLine: {'line': b'  270 |             turtle_.turtle_control.left_adduction.\x1b[01;31m\x1b[Kset_state\x1b[m\x1b[K.can_channel = 1;\n'}
[2.017537] (turtle_high_controller) StderrLine: {'line': b'      |                                                   \x1b[01;31m\x1b[K^~~~~~~~~\x1b[m\x1b[K\n'}
[2.017603] (turtle_high_controller) StderrLine: {'line': b'\x1b[01m\x1b[K/home/qianlab/single_turtle_workspace/dependencies/traveler_controller/src/can_driver/can_driver.cpp:271:50:\x1b[m\x1b[K \x1b[01;31m\x1b[Kerror: \x1b[m\x1b[K\xe2\x80\x98\x1b[01m\x1b[Kstruct motor_command\x1b[m\x1b[K\xe2\x80\x99 has no member named \xe2\x80\x98\x1b[01m\x1b[Kset_state\x1b[m\x1b[K\xe2\x80\x99\n'}
[2.017668] (turtle_high_controller) StderrLine: {'line': b'  271 |             turtle_.turtle_control.left_sweeping.\x1b[01;31m\x1b[Kset_state\x1b[m\x1b[K.can_channel = 1;\n'}
[2.017733] (turtle_high_controller) StderrLine: {'line': b'      |                                                  \x1b[01;31m\x1b[K^~~~~~~~~\x1b[m\x1b[K\n'}
[2.017798] (turtle_high_controller) StderrLine: {'line': b'\x1b[01m\x1b[K/home/qianlab/single_turtle_workspace/dependencies/traveler_controller/src/can_driver/can_driver.cpp:272:36:\x1b[m\x1b[K \x1b[01;31m\x1b[Kerror: \x1b[m\x1b[K\xe2\x80\x98\x1b[01m\x1b[Kstruct turtle_command\x1b[m\x1b[K\xe2\x80\x99 has no member named \xe2\x80\x98\x1b[01m\x1b[Kright_adduction\x1b[m\x1b[K\xe2\x80\x99; did you mean \xe2\x80\x98\x1b[01m\x1b[Kleft_adduction\x1b[m\x1b[K\xe2\x80\x99?\n'}
[2.017892] (turtle_high_controller) StderrLine: {'line': b'  272 |             turtle_.turtle_control.\x1b[01;31m\x1b[Kright_adduction\x1b[m\x1b[K.set_state.can_channel = 0;\n'}
[2.017959] (turtle_high_controller) StderrLine: {'line': b'      |                                    \x1b[01;31m\x1b[K^~~~~~~~~~~~~~~\x1b[m\x1b[K\n'}
[2.018025] (turtle_high_controller) StderrLine: {'line': b'      |                                    \x1b[32m\x1b[Kleft_adduction\x1b[m\x1b[K\n'}
[2.018091] (turtle_high_controller) StderrLine: {'line': b'\x1b[01m\x1b[K/home/qianlab/single_turtle_workspace/dependencies/traveler_controller/src/can_driver/can_driver.cpp:273:36:\x1b[m\x1b[K \x1b[01;31m\x1b[Kerror: \x1b[m\x1b[K\xe2\x80\x98\x1b[01m\x1b[Kstruct turtle_command\x1b[m\x1b[K\xe2\x80\x99 has no member named \xe2\x80\x98\x1b[01m\x1b[Kright_sweeping\x1b[m\x1b[K\xe2\x80\x99; did you mean \xe2\x80\x98\x1b[01m\x1b[Kleft_sweeping\x1b[m\x1b[K\xe2\x80\x99?\n'}
[2.018159] (turtle_high_controller) StderrLine: {'line': b'  273 |             turtle_.turtle_control.\x1b[01;31m\x1b[Kright_sweeping\x1b[m\x1b[K.set_state.can_channel = 0;\n'}
[2.018226] (turtle_high_controller) StderrLine: {'line': b'      |                                    \x1b[01;31m\x1b[K^~~~~~~~~~~~~~\x1b[m\x1b[K\n'}
[2.018290] (turtle_high_controller) StderrLine: {'line': b'      |                                    \x1b[32m\x1b[Kleft_sweeping\x1b[m\x1b[K\n'}
[2.018356] (turtle_high_controller) StderrLine: {'line': b'\x1b[01m\x1b[K/home/qianlab/single_turtle_workspace/dependencies/traveler_controller/src/can_driver/can_driver.cpp:274:51:\x1b[m\x1b[K \x1b[01;31m\x1b[Kerror: \x1b[m\x1b[K\xe2\x80\x98\x1b[01m\x1b[Kstruct motor_command\x1b[m\x1b[K\xe2\x80\x99 has no member named \xe2\x80\x98\x1b[01m\x1b[Kset_state\x1b[m\x1b[K\xe2\x80\x99\n'}
[2.018421] (turtle_high_controller) StderrLine: {'line': b'  274 |             turtle_.turtle_control.left_adduction.\x1b[01;31m\x1b[Kset_state\x1b[m\x1b[K.set_state = 1;\n'}
[2.018486] (turtle_high_controller) StderrLine: {'line': b'      |                                                   \x1b[01;31m\x1b[K^~~~~~~~~\x1b[m\x1b[K\n'}
[2.018551] (turtle_high_controller) StderrLine: {'line': b'\x1b[01m\x1b[K/home/qianlab/single_turtle_workspace/dependencies/traveler_controller/src/can_driver/can_driver.cpp:275:50:\x1b[m\x1b[K \x1b[01;31m\x1b[Kerror: \x1b[m\x1b[K\xe2\x80\x98\x1b[01m\x1b[Kstruct motor_command\x1b[m\x1b[K\xe2\x80\x99 has no member named \xe2\x80\x98\x1b[01m\x1b[Kset_state\x1b[m\x1b[K\xe2\x80\x99\n'}
[2.018618] (turtle_high_controller) StderrLine: {'line': b'  275 |             turtle_.turtle_control.left_sweeping.\x1b[01;31m\x1b[Kset_state\x1b[m\x1b[K.set_state = 1;\n'}
[2.018684] (turtle_high_controller) StderrLine: {'line': b'      |                                                  \x1b[01;31m\x1b[K^~~~~~~~~\x1b[m\x1b[K\n'}
[2.018757] (turtle_high_controller) StderrLine: {'line': b'\x1b[01m\x1b[K/home/qianlab/single_turtle_workspace/dependencies/traveler_controller/src/can_driver/can_driver.cpp:276:36:\x1b[m\x1b[K \x1b[01;31m\x1b[Kerror: \x1b[m\x1b[K\xe2\x80\x98\x1b[01m\x1b[Kstruct turtle_command\x1b[m\x1b[K\xe2\x80\x99 has no member named \xe2\x80\x98\x1b[01m\x1b[Kright_adduction\x1b[m\x1b[K\xe2\x80\x99; did you mean \xe2\x80\x98\x1b[01m\x1b[Kleft_adduction\x1b[m\x1b[K\xe2\x80\x99?\n'}
[2.018826] (turtle_high_controller) StderrLine: {'line': b'  276 |             turtle_.turtle_control.\x1b[01;31m\x1b[Kright_adduction\x1b[m\x1b[K.set_state.set_state = 1;\n'}
[2.018891] (turtle_high_controller) StderrLine: {'line': b'      |                                    \x1b[01;31m\x1b[K^~~~~~~~~~~~~~~\x1b[m\x1b[K\n'}
[2.018955] (turtle_high_controller) StderrLine: {'line': b'      |                                    \x1b[32m\x1b[Kleft_adduction\x1b[m\x1b[K\n'}
[2.019019] (turtle_high_controller) StderrLine: {'line': b'\x1b[01m\x1b[K/home/qianlab/single_turtle_workspace/dependencies/traveler_controller/src/can_driver/can_driver.cpp:277:36:\x1b[m\x1b[K \x1b[01;31m\x1b[Kerror: \x1b[m\x1b[K\xe2\x80\x98\x1b[01m\x1b[Kstruct turtle_command\x1b[m\x1b[K\xe2\x80\x99 has no member named \xe2\x80\x98\x1b[01m\x1b[Kright_sweeping\x1b[m\x1b[K\xe2\x80\x99; did you mean \xe2\x80\x98\x1b[01m\x1b[Kleft_sweeping\x1b[m\x1b[K\xe2\x80\x99?\n'}
[2.019092] (turtle_high_controller) StderrLine: {'line': b'  277 |             turtle_.turtle_control.\x1b[01;31m\x1b[Kright_sweeping\x1b[m\x1b[K.set_state.set_state = 1;\n'}
[2.019161] (turtle_high_controller) StderrLine: {'line': b'      |                                    \x1b[01;31m\x1b[K^~~~~~~~~~~~~~\x1b[m\x1b[K\n'}
[2.019224] (turtle_high_controller) StderrLine: {'line': b'      |                                    \x1b[32m\x1b[Kleft_sweeping\x1b[m\x1b[K\n'}
[2.019287] (turtle_high_controller) StderrLine: {'line': b'\x1b[01m\x1b[K/home/qianlab/single_turtle_workspace/dependencies/traveler_controller/src/can_driver/can_driver.cpp:278:75:\x1b[m\x1b[K \x1b[01;31m\x1b[Kerror: \x1b[m\x1b[K\xe2\x80\x98\x1b[01m\x1b[Kstruct motor_command\x1b[m\x1b[K\xe2\x80\x99 has no member named \xe2\x80\x98\x1b[01m\x1b[Kset_state\x1b[m\x1b[K\xe2\x80\x99\n'}
[2.019351] (turtle_high_controller) StderrLine: {'line': b'  278 |             setstate_left_adduction(turtle_.turtle_control.left_adduction.\x1b[01;31m\x1b[Kset_state\x1b[m\x1b[K);\n'}
[2.019414] (turtle_high_controller) StderrLine: {'line': b'      |                                                                           \x1b[01;31m\x1b[K^~~~~~~~~\x1b[m\x1b[K\n'}
[2.019476] (turtle_high_controller) StderrLine: {'line': b'\x1b[01m\x1b[K/home/qianlab/single_turtle_workspace/dependencies/traveler_controller/src/can_driver/can_driver.cpp:279:73:\x1b[m\x1b[K \x1b[01;31m\x1b[Kerror: \x1b[m\x1b[K\xe2\x80\x98\x1b[01m\x1b[Kstruct motor_command\x1b[m\x1b[K\xe2\x80\x99 has no member named \xe2\x80\x98\x1b[01m\x1b[Kset_state\x1b[m\x1b[K\xe2\x80\x99\n'}
[2.019543] (turtle_high_controller) StderrLine: {'line': b'  279 |             setstate_left_sweeping(turtle_.turtle_control.left_sweeping.\x1b[01;31m\x1b[Kset_state\x1b[m\x1b[K);\n'}
[2.019607] (turtle_high_controller) StderrLine: {'line': b'      |                                                                         \x1b[01;31m\x1b[K^~~~~~~~~\x1b[m\x1b[K\n'}
[2.019675] (turtle_high_controller) StderrLine: {'line': b'\x1b[01m\x1b[K/home/qianlab/single_turtle_workspace/dependencies/traveler_controller/src/can_driver/can_driver.cpp:280:61:\x1b[m\x1b[K \x1b[01;31m\x1b[Kerror: \x1b[m\x1b[K\xe2\x80\x98\x1b[01m\x1b[Kstruct turtle_command\x1b[m\x1b[K\xe2\x80\x99 has no member named \xe2\x80\x98\x1b[01m\x1b[Kright_adduction\x1b[m\x1b[K\xe2\x80\x99; did you mean \xe2\x80\x98\x1b[01m\x1b[Kleft_adduction\x1b[m\x1b[K\xe2\x80\x99?\n'}
[2.019742] (turtle_high_controller) StderrLine: {'line': b'  280 |             setstate_right_adduction(turtle_.turtle_control.\x1b[01;31m\x1b[Kright_adduction\x1b[m\x1b[K.set_state);\n'}
[2.019806] (turtle_high_controller) StderrLine: {'line': b'      |                                                             \x1b[01;31m\x1b[K^~~~~~~~~~~~~~~\x1b[m\x1b[K\n'}
[2.019872] (turtle_high_controller) StderrLine: {'line': b'      |                                                             \x1b[32m\x1b[Kleft_adduction\x1b[m\x1b[K\n'}
[2.019940] (turtle_high_controller) StderrLine: {'line': b'\x1b[01m\x1b[K/home/qianlab/single_turtle_workspace/dependencies/traveler_controller/src/can_driver/can_driver.cpp:281:60:\x1b[m\x1b[K \x1b[01;31m\x1b[Kerror: \x1b[m\x1b[K\xe2\x80\x98\x1b[01m\x1b[Kstruct turtle_command\x1b[m\x1b[K\xe2\x80\x99 has no member named \xe2\x80\x98\x1b[01m\x1b[Kright_sweeping\x1b[m\x1b[K\xe2\x80\x99; did you mean \xe2\x80\x98\x1b[01m\x1b[Kleft_sweeping\x1b[m\x1b[K\xe2\x80\x99?\n'}
[2.020011] (turtle_high_controller) StderrLine: {'line': b'  281 |             setstate_right_sweeping(turtle_.turtle_control.\x1b[01;31m\x1b[Kright_sweeping\x1b[m\x1b[K.set_state);\n'}
[2.020080] (turtle_high_controller) StderrLine: {'line': b'      |                                                            \x1b[01;31m\x1b[K^~~~~~~~~~~~~~\x1b[m\x1b[K\n'}
[2.020147] (turtle_high_controller) StderrLine: {'line': b'      |                                                            \x1b[32m\x1b[Kleft_sweeping\x1b[m\x1b[K\n'}
[2.049065] (turtle_high_controller) StderrLine: {'line': b'In file included from \x1b[01m\x1b[K/home/qianlab/single_turtle_workspace/dependencies/traveler_controller/include/main.h:13\x1b[m\x1b[K,\n'}
[2.049267] (turtle_high_controller) StderrLine: {'line': b'                 from \x1b[01m\x1b[K/home/qianlab/single_turtle_workspace/dependencies/traveler_controller/src/main.cpp:8\x1b[m\x1b[K:\n'}
[2.049343] (turtle_high_controller) StderrLine: {'line': b'\x1b[01m\x1b[K/home/qianlab/single_turtle_workspace/dependencies/traveler_controller/include/proxy/lowerproxy.h:97:17:\x1b[m\x1b[K \x1b[01;31m\x1b[Kerror: \x1b[m\x1b[K\xe2\x80\x98\x1b[01m\x1b[KXY_pair\x1b[m\x1b[K\xe2\x80\x99 was not declared in this scope\n'}
[2.049414] (turtle_high_controller) StderrLine: {'line': b'   97 |     std::vector<\x1b[01;31m\x1b[KXY_pair\x1b[m\x1b[K> precomputed_;\n'}
[2.049481] (turtle_high_controller) StderrLine: {'line': b'      |                 \x1b[01;31m\x1b[K^~~~~~~\x1b[m\x1b[K\n'}
[2.049547] (turtle_high_controller) StderrLine: {'line': b'\x1b[01m\x1b[K/home/qianlab/single_turtle_workspace/dependencies/traveler_controller/include/proxy/lowerproxy.h:97:24:\x1b[m\x1b[K \x1b[01;31m\x1b[Kerror: \x1b[m\x1b[Ktemplate argument 1 is invalid\n'}
[2.049614] (turtle_high_controller) StderrLine: {'line': b'   97 |     std::vector<XY_pair\x1b[01;31m\x1b[K>\x1b[m\x1b[K precomputed_;\n'}
[2.049680] (turtle_high_controller) StderrLine: {'line': b'      |                        \x1b[01;31m\x1b[K^\x1b[m\x1b[K\n'}
[2.049744] (turtle_high_controller) StderrLine: {'line': b'\x1b[01m\x1b[K/home/qianlab/single_turtle_workspace/dependencies/traveler_controller/include/proxy/lowerproxy.h:97:24:\x1b[m\x1b[K \x1b[01;31m\x1b[Kerror: \x1b[m\x1b[Ktemplate argument 2 is invalid\n'}
[2.052960] (turtle_high_controller) StderrLine: {'line': b'In file included from \x1b[01m\x1b[K/home/qianlab/single_turtle_workspace/dependencies/traveler_controller/include/controller/trajectories_parser.h:8\x1b[m\x1b[K,\n'}
[2.053171] (turtle_high_controller) StderrLine: {'line': b'                 from \x1b[01m\x1b[K/home/qianlab/single_turtle_workspace/dependencies/traveler_controller/include/main.h:15\x1b[m\x1b[K,\n'}
[2.053300] (turtle_high_controller) StderrLine: {'line': b'                 from \x1b[01m\x1b[K/home/qianlab/single_turtle_workspace/dependencies/traveler_controller/src/main.cpp:8\x1b[m\x1b[K:\n'}
[2.053370] (turtle_high_controller) StderrLine: {'line': b'\x1b[01m\x1b[K/home/qianlab/single_turtle_workspace/dependencies/traveler_controller/include/controller/inverse_kinematics.h:14:47:\x1b[m\x1b[K \x1b[01;31m\x1b[Kerror: \x1b[m\x1b[K\xe2\x80\x98\x1b[01m\x1b[KXY_pair\x1b[m\x1b[K\xe2\x80\x99 has not been declared\n'}
[2.053441] (turtle_high_controller) StderrLine: {'line': b'   14 | void abstractToPhysical(float L, float Theta, \x1b[01;31m\x1b[KXY_pair\x1b[m\x1b[K& point);\n'}
[2.053507] (turtle_high_controller) StderrLine: {'line': b'      |                                               \x1b[01;31m\x1b[K^~~~~~~\x1b[m\x1b[K\n'}
[2.053586] (turtle_high_controller) StderrLine: {'line': b'\x1b[01m\x1b[K/home/qianlab/single_turtle_workspace/dependencies/traveler_controller/include/controller/inverse_kinematics.h:19:41:\x1b[m\x1b[K \x1b[01;31m\x1b[Kerror: \x1b[m\x1b[K\xe2\x80\x98\x1b[01m\x1b[KXY_pair\x1b[m\x1b[K\xe2\x80\x99 has not been declared\n'}
[2.053651] (turtle_high_controller) StderrLine: {'line': b'   19 | bool linearTraj(float t_rel, float vel, \x1b[01;31m\x1b[KXY_pair\x1b[m\x1b[K A, XY_pair B, float& X, float& Y);\n'}
[2.053716] (turtle_high_controller) StderrLine: {'line': b'      |                                         \x1b[01;31m\x1b[K^~~~~~~\x1b[m\x1b[K\n'}
[2.053780] (turtle_high_controller) StderrLine: {'line': b'\x1b[01m\x1b[K/home/qianlab/single_turtle_workspace/dependencies/traveler_controller/include/controller/inverse_kinematics.h:19:52:\x1b[m\x1b[K \x1b[01;31m\x1b[Kerror: \x1b[m\x1b[K\xe2\x80\x98\x1b[01m\x1b[KXY_pair\x1b[m\x1b[K\xe2\x80\x99 has not been declared\n'}
[2.053866] (turtle_high_controller) StderrLine: {'line': b'   19 | bool linearTraj(float t_rel, float vel, XY_pair A, \x1b[01;31m\x1b[KXY_pair\x1b[m\x1b[K B, float& X, float& Y);\n'}
[2.053932] (turtle_high_controller) StderrLine: {'line': b'      |                                                    \x1b[01;31m\x1b[K^~~~~~~\x1b[m\x1b[K\n'}
[2.053996] (turtle_high_controller) StderrLine: {'line': b'\x1b[01m\x1b[K/home/qianlab/single_turtle_workspace/dependencies/traveler_controller/include/controller/inverse_kinematics.h:20:41:\x1b[m\x1b[K \x1b[01;31m\x1b[Kerror: \x1b[m\x1b[K\xe2\x80\x98\x1b[01m\x1b[KXY_pair\x1b[m\x1b[K\xe2\x80\x99 has not been declared\n'}
[2.054064] (turtle_high_controller) StderrLine: {'line': b'   20 | bool linearTraj(float t_rel, float vel, \x1b[01;31m\x1b[KXY_pair\x1b[m\x1b[K A, XY_pair B,\n'}
[2.054127] (turtle_high_controller) StderrLine: {'line': b'      |                                         \x1b[01;31m\x1b[K^~~~~~~\x1b[m\x1b[K\n'}
[2.054191] (turtle_high_controller) StderrLine: {'line': b'\x1b[01m\x1b[K/home/qianlab/single_turtle_workspace/dependencies/traveler_controller/include/controller/inverse_kinematics.h:20:52:\x1b[m\x1b[K \x1b[01;31m\x1b[Kerror: \x1b[m\x1b[K\xe2\x80\x98\x1b[01m\x1b[KXY_pair\x1b[m\x1b[K\xe2\x80\x99 has not been declared\n'}
[2.054258] (turtle_high_controller) StderrLine: {'line': b'   20 | bool linearTraj(float t_rel, float vel, XY_pair A, \x1b[01;31m\x1b[KXY_pair\x1b[m\x1b[K B,\n'}
[2.054321] (turtle_high_controller) StderrLine: {'line': b'      |                                                    \x1b[01;31m\x1b[K^~~~~~~\x1b[m\x1b[K\n'}
[2.054384] (turtle_high_controller) StderrLine: {'line': b'\x1b[01m\x1b[K/home/qianlab/single_turtle_workspace/dependencies/traveler_controller/include/controller/inverse_kinematics.h:21:17:\x1b[m\x1b[K \x1b[01;31m\x1b[Kerror: \x1b[m\x1b[K\xe2\x80\x98\x1b[01m\x1b[KXY_pair\x1b[m\x1b[K\xe2\x80\x99 has not been declared\n'}
[2.054449] (turtle_high_controller) StderrLine: {'line': b'   21 |                 \x1b[01;31m\x1b[KXY_pair\x1b[m\x1b[K ToeXY, float& X, float& Y, float threshold = 0.01f);\n'}
[2.054514] (turtle_high_controller) StderrLine: {'line': b'      |                 \x1b[01;31m\x1b[K^~~~~~~\x1b[m\x1b[K\n'}
[2.055001] (turtle_high_controller) StderrLine: {'line': b'\x1b[01m\x1b[K/home/qianlab/single_turtle_workspace/dependencies/traveler_controller/include/controller/inverse_kinematics.h:26:16:\x1b[m\x1b[K \x1b[01;31m\x1b[Kerror: \x1b[m\x1b[K\xe2\x80\x98\x1b[01m\x1b[KXY_pair\x1b[m\x1b[K\xe2\x80\x99 was not declared in this scope\n'}
[2.055086] (turtle_high_controller) StderrLine: {'line': b'   26 | bool validPath(\x1b[01;31m\x1b[KXY_pair\x1b[m\x1b[K A, XY_pair B);\n'}
[2.055150] (turtle_high_controller) StderrLine: {'line': b'      |                \x1b[01;31m\x1b[K^~~~~~~\x1b[m\x1b[K\n'}
[2.056784] (turtle_high_controller) StderrLine: {'line': b'\x1b[01m\x1b[K/home/qianlab/single_turtle_workspace/dependencies/traveler_controller/include/controller/inverse_kinematics.h:26:27:\x1b[m\x1b[K \x1b[01;31m\x1b[Kerror: \x1b[m\x1b[K\xe2\x80\x98\x1b[01m\x1b[KXY_pair\x1b[m\x1b[K\xe2\x80\x99 was not declared in this scope\n'}
[2.056896] (turtle_high_controller) StderrLine: {'line': b'   26 | bool validPath(XY_pair A, \x1b[01;31m\x1b[KXY_pair\x1b[m\x1b[K B);\n'}
[2.056961] (turtle_high_controller) StderrLine: {'line': b'      |                           \x1b[01;31m\x1b[K^~~~~~~\x1b[m\x1b[K\n'}
[2.057024] (turtle_high_controller) StderrLine: {'line': b'\x1b[01m\x1b[K/home/qianlab/single_turtle_workspace/dependencies/traveler_controller/include/controller/inverse_kinematics.h:26:36:\x1b[m\x1b[K \x1b[01;31m\x1b[Kerror: \x1b[m\x1b[Kexpression list treated as compound expression in initializer [\x1b[01;31m\x1b[K-fpermissive\x1b[m\x1b[K]\n'}
[2.057090] (turtle_high_controller) StderrLine: {'line': b'   26 | bool validPath(XY_pair A, XY_pair B\x1b[01;31m\x1b[K)\x1b[m\x1b[K;\n'}
[2.057154] (turtle_high_controller) StderrLine: {'line': b'      |                                    \x1b[01;31m\x1b[K^\x1b[m\x1b[K\n'}
[2.058514] (turtle_high_controller) StderrLine: {'line': b'\x1b[01m\x1b[K/home/qianlab/single_turtle_workspace/dependencies/traveler_controller/include/controller/inverse_kinematics.h:32:15:\x1b[m\x1b[K \x1b[01;31m\x1b[Kerror: \x1b[m\x1b[K\xe2\x80\x98\x1b[01m\x1b[KXY_pair\x1b[m\x1b[K\xe2\x80\x99 was not declared in this scope\n'}
[2.058679] (turtle_high_controller) StderrLine: {'line': b'   32 | bool inBounds(\x1b[01;31m\x1b[KXY_pair\x1b[m\x1b[K ToeXY);\n'}
[2.058764] (turtle_high_controller) StderrLine: {'line': b'      |               \x1b[01;31m\x1b[K^~~~~~~\x1b[m\x1b[K\n'}
[2.058833] (turtle_high_controller) StderrLine: {'line': b'\x1b[01m\x1b[K/home/qianlab/single_turtle_workspace/dependencies/traveler_controller/include/controller/inverse_kinematics.h:33:31:\x1b[m\x1b[K \x1b[01;31m\x1b[Kerror: \x1b[m\x1b[K\xe2\x80\x98\x1b[01m\x1b[Kbool inBounds(float, float)\x1b[m\x1b[K\xe2\x80\x99 redeclared as different kind of entity\n'}
[2.058903] (turtle_high_controller) StderrLine: {'line': b'   33 | bool inBounds(float x, float y\x1b[01;31m\x1b[K)\x1b[m\x1b[K;\n'}
[2.058972] (turtle_high_controller) StderrLine: {'line': b'      |                               \x1b[01;31m\x1b[K^\x1b[m\x1b[K\n'}
[2.059039] (turtle_high_controller) StderrLine: {'line': b'\x1b[01m\x1b[K/home/qianlab/single_turtle_workspace/dependencies/traveler_controller/include/controller/inverse_kinematics.h:32:6:\x1b[m\x1b[K \x1b[01;36m\x1b[Knote: \x1b[m\x1b[Kprevious declaration \xe2\x80\x98\x1b[01m\x1b[Kbool inBounds\x1b[m\x1b[K\xe2\x80\x99\n'}
[2.059109] (turtle_high_controller) StderrLine: {'line': b'   32 | bool \x1b[01;36m\x1b[KinBounds\x1b[m\x1b[K(XY_pair ToeXY);\n'}
[2.059180] (turtle_high_controller) StderrLine: {'line': b'      |      \x1b[01;36m\x1b[K^~~~~~~~\x1b[m\x1b[K\n'}
[2.060243] (turtle_high_controller) StderrLine: {'line': b'\x1b[01m\x1b[K/home/qianlab/single_turtle_workspace/dependencies/traveler_controller/include/controller/inverse_kinematics.h:35:15:\x1b[m\x1b[K \x1b[01;31m\x1b[Kerror: \x1b[m\x1b[K\xe2\x80\x98\x1b[01m\x1b[KXY_pair\x1b[m\x1b[K\xe2\x80\x99 was not declared in this scope\n'}
[2.060442] (turtle_high_controller) StderrLine: {'line': b'   35 | bool clamp_XY(\x1b[01;31m\x1b[KXY_pair\x1b[m\x1b[K& P, float L = 0.0f);\n'}
[2.060527] (turtle_high_controller) StderrLine: {'line': b'      |               \x1b[01;31m\x1b[K^~~~~~~\x1b[m\x1b[K\n'}
[2.061667] (turtle_high_controller) StderrLine: {'line': b'\x1b[01m\x1b[K/home/qianlab/single_turtle_workspace/dependencies/traveler_controller/include/controller/inverse_kinematics.h:35:24:\x1b[m\x1b[K \x1b[01;31m\x1b[Kerror: \x1b[m\x1b[K\xe2\x80\x98\x1b[01m\x1b[KP\x1b[m\x1b[K\xe2\x80\x99 was not declared in this scope\n'}
[2.061903] (turtle_high_controller) StderrLine: {'line': b'   35 | bool clamp_XY(XY_pair& \x1b[01;31m\x1b[KP\x1b[m\x1b[K, float L = 0.0f);\n'}
[2.061988] (turtle_high_controller) StderrLine: {'line': b'      |                        \x1b[01;31m\x1b[K^\x1b[m\x1b[K\n'}
[2.062064] (turtle_high_controller) StderrLine: {'line': b'\x1b[01m\x1b[K/home/qianlab/single_turtle_workspace/dependencies/traveler_controller/include/controller/inverse_kinematics.h:35:27:\x1b[m\x1b[K \x1b[01;31m\x1b[Kerror: \x1b[m\x1b[Kexpected primary-expression before \xe2\x80\x98\x1b[01m\x1b[Kfloat\x1b[m\x1b[K\xe2\x80\x99\n'}
[2.062158] (turtle_high_controller) StderrLine: {'line': b'   35 | bool clamp_XY(XY_pair& P, \x1b[01;31m\x1b[Kfloat\x1b[m\x1b[K L = 0.0f);\n'}
[2.062236] (turtle_high_controller) StderrLine: {'line': b'      |                           \x1b[01;31m\x1b[K^~~~~\x1b[m\x1b[K\n'}
[2.062319] (turtle_high_controller) StderrLine: {'line': b'\x1b[01m\x1b[K/home/qianlab/single_turtle_workspace/dependencies/traveler_controller/include/controller/inverse_kinematics.h:35:41:\x1b[m\x1b[K \x1b[01;31m\x1b[Kerror: \x1b[m\x1b[Kexpression list treated as compound expression in initializer [\x1b[01;31m\x1b[K-fpermissive\x1b[m\x1b[K]\n'}
[2.062401] (turtle_high_controller) StderrLine: {'line': b'   35 | bool clamp_XY(XY_pair& P, float L = 0.0f\x1b[01;31m\x1b[K)\x1b[m\x1b[K;\n'}
[2.062482] (turtle_high_controller) StderrLine: {'line': b'      |                                         \x1b[01;31m\x1b[K^\x1b[m\x1b[K\n'}
[2.063785] (turtle_high_controller) StderrLine: {'line': b'\x1b[01m\x1b[K/home/qianlab/single_turtle_workspace/dependencies/traveler_controller/include/controller/inverse_kinematics.h:36:16:\x1b[m\x1b[K \x1b[01;31m\x1b[Kerror: \x1b[m\x1b[K\xe2\x80\x98\x1b[01m\x1b[KXY_pair\x1b[m\x1b[K\xe2\x80\x99 was not declared in this scope\n'}
[2.063938] (turtle_high_controller) StderrLine: {'line': b'   36 | float distance(\x1b[01;31m\x1b[KXY_pair\x1b[m\x1b[K A, XY_pair B);\n'}
[2.064008] (turtle_high_controller) StderrLine: {'line': b'      |                \x1b[01;31m\x1b[K^~~~~~~\x1b[m\x1b[K\n'}
[2.065971] (turtle_high_controller) StderrLine: {'line': b'\x1b[01m\x1b[K/home/qianlab/single_turtle_workspace/dependencies/traveler_controller/include/controller/inverse_kinematics.h:36:27:\x1b[m\x1b[K \x1b[01;31m\x1b[Kerror: \x1b[m\x1b[K\xe2\x80\x98\x1b[01m\x1b[KXY_pair\x1b[m\x1b[K\xe2\x80\x99 was not declared in this scope\n'}
[2.066155] (turtle_high_controller) StderrLine: {'line': b'   36 | float distance(XY_pair A, \x1b[01;31m\x1b[KXY_pair\x1b[m\x1b[K B);\n'}
[2.066224] (turtle_high_controller) StderrLine: {'line': b'      |                           \x1b[01;31m\x1b[K^~~~~~~\x1b[m\x1b[K\n'}
[2.066288] (turtle_high_controller) StderrLine: {'line': b'\x1b[01m\x1b[K/home/qianlab/single_turtle_workspace/dependencies/traveler_controller/include/controller/inverse_kinematics.h:36:36:\x1b[m\x1b[K \x1b[01;31m\x1b[Kerror: \x1b[m\x1b[Kexpression list treated as compound expression in initializer [\x1b[01;31m\x1b[K-fpermissive\x1b[m\x1b[K]\n'}
[2.066353] (turtle_high_controller) StderrLine: {'line': b'   36 | float distance(XY_pair A, XY_pair B\x1b[01;31m\x1b[K)\x1b[m\x1b[K;\n'}
[2.066417] (turtle_high_controller) StderrLine: {'line': b'      |                                    \x1b[01;31m\x1b[K^\x1b[m\x1b[K\n'}
[2.068684] (turtle_high_controller) StderrLine: {'line': b'In file included from \x1b[01m\x1b[K/home/qianlab/single_turtle_workspace/dependencies/traveler_controller/include/main.h:15\x1b[m\x1b[K,\n'}
[2.068851] (turtle_high_controller) StderrLine: {'line': b'                 from \x1b[01m\x1b[K/home/qianlab/single_turtle_workspace/dependencies/traveler_controller/src/main.cpp:8\x1b[m\x1b[K:\n'}
[2.068919] (turtle_high_controller) StderrLine: {'line': b'\x1b[01m\x1b[K/home/qianlab/single_turtle_workspace/dependencies/traveler_controller/include/controller/trajectories_parser.h:40:17:\x1b[m\x1b[K \x1b[01;31m\x1b[Kerror: \x1b[m\x1b[K\xe2\x80\x98\x1b[01m\x1b[KWaypoint\x1b[m\x1b[K\xe2\x80\x99 was not declared in this scope\n'}
[2.068985] (turtle_high_controller) StderrLine: {'line': b'   40 |     std::vector<\x1b[01;31m\x1b[KWaypoint\x1b[m\x1b[K> waypoints_;\n'}
[2.069048] (turtle_high_controller) StderrLine: {'line': b'      |                 \x1b[01;31m\x1b[K^~~~~~~~\x1b[m\x1b[K\n'}
[2.069111] (turtle_high_controller) StderrLine: {'line': b'\x1b[01m\x1b[K/home/qianlab/single_turtle_workspace/dependencies/traveler_controller/include/controller/trajectories_parser.h:40:25:\x1b[m\x1b[K \x1b[01;31m\x1b[Kerror: \x1b[m\x1b[Ktemplate argument 1 is invalid\n'}
[2.069176] (turtle_high_controller) StderrLine: {'line': b'   40 |     std::vector<Waypoint\x1b[01;31m\x1b[K>\x1b[m\x1b[K waypoints_;\n'}
[2.069240] (turtle_high_controller) StderrLine: {'line': b'      |                         \x1b[01;31m\x1b[K^\x1b[m\x1b[K\n'}
[2.069304] (turtle_high_controller) StderrLine: {'line': b'\x1b[01m\x1b[K/home/qianlab/single_turtle_workspace/dependencies/traveler_controller/include/controller/trajectories_parser.h:40:25:\x1b[m\x1b[K \x1b[01;31m\x1b[Kerror: \x1b[m\x1b[Ktemplate argument 2 is invalid\n'}
[2.070378] (turtle_high_controller) StderrLine: {'line': b'\x1b[01m\x1b[K/home/qianlab/single_turtle_workspace/dependencies/traveler_controller/include/controller/trajectories_parser.h:41:5:\x1b[m\x1b[K \x1b[01;31m\x1b[Kerror: \x1b[m\x1b[K\xe2\x80\x98\x1b[01m\x1b[KWaypoint\x1b[m\x1b[K\xe2\x80\x99 does not name a type\n'}
[2.070494] (turtle_high_controller) StderrLine: {'line': b'   41 |     \x1b[01;31m\x1b[KWaypoint\x1b[m\x1b[K curr_waypoint_;\n'}
[2.070567] (turtle_high_controller) StderrLine: {'line': b'      |     \x1b[01;31m\x1b[K^~~~~~~~\x1b[m\x1b[K\n'}
[2.071380] (turtle_high_controller) StderrLine: {'line': b'\x1b[01m\x1b[K/home/qianlab/single_turtle_workspace/dependencies/traveler_controller/src/proxy/lowerproxy.cpp:\x1b[m\x1b[K In member function \xe2\x80\x98\x1b[01m\x1b[Kvoid turtle_namespace::control::lowerproxy::calculate_position(turtle&)\x1b[m\x1b[K\xe2\x80\x99:\n'}
[2.071477] (turtle_high_controller) StderrLine: {'line': b'\x1b[01m\x1b[K/home/qianlab/single_turtle_workspace/dependencies/traveler_controller/src/proxy/lowerproxy.cpp:42:47:\x1b[m\x1b[K \x1b[01;31m\x1b[Kerror: \x1b[m\x1b[K\xe2\x80\x98\x1b[01m\x1b[Kstruct motor_command\x1b[m\x1b[K\xe2\x80\x99 has no member named \xe2\x80\x98\x1b[01m\x1b[Kmotor_control_position\x1b[m\x1b[K\xe2\x80\x99\n'}
[2.071552] (turtle_high_controller) StderrLine: {'line': b'   42 |         turtle_.turtle_control.left_adduction.\x1b[01;31m\x1b[Kmotor_control_position\x1b[m\x1b[K;\n'}
[2.071617] (turtle_high_controller) StderrLine: {'line': b'      |                                               \x1b[01;31m\x1b[K^~~~~~~~~~~~~~~~~~~~~~\x1b[m\x1b[K\n'}
[2.071680] (turtle_high_controller) StderrLine: {'line': b'\x1b[01m\x1b[K/home/qianlab/single_turtle_workspace/dependencies/traveler_controller/src/proxy/lowerproxy.cpp:45:46:\x1b[m\x1b[K \x1b[01;31m\x1b[Kerror: \x1b[m\x1b[K\xe2\x80\x98\x1b[01m\x1b[Kstruct motor_command\x1b[m\x1b[K\xe2\x80\x99 has no member named \xe2\x80\x98\x1b[01m\x1b[Kmotor_control_position\x1b[m\x1b[K\xe2\x80\x99\n'}
[2.071752] (turtle_high_controller) StderrLine: {'line': b'   45 |         turtle_.turtle_control.left_sweeping.\x1b[01;31m\x1b[Kmotor_control_position\x1b[m\x1b[K;\n'}
[2.071815] (turtle_high_controller) StderrLine: {'line': b'      |                                              \x1b[01;31m\x1b[K^~~~~~~~~~~~~~~~~~~~~~\x1b[m\x1b[K\n'}
[2.071970] (turtle_high_controller) StderrLine: {'line': b'\x1b[01m\x1b[K/home/qianlab/single_turtle_workspace/dependencies/traveler_controller/include/controller/trajectories_parser.h:42:5:\x1b[m\x1b[K \x1b[01;31m\x1b[Kerror: \x1b[m\x1b[K\xe2\x80\x98\x1b[01m\x1b[KWaypoint\x1b[m\x1b[K\xe2\x80\x99 does not name a type\n'}
[2.072044] (turtle_high_controller) StderrLine: {'line': b'   42 |     \x1b[01;31m\x1b[KWaypoint\x1b[m\x1b[K prev_waypoint_;\n'}
[2.072108] (turtle_high_controller) StderrLine: {'line': b'      |     \x1b[01;31m\x1b[K^~~~~~~~\x1b[m\x1b[K\n'}
[2.110848] (-) TimerEvent: {}
[2.122665] (turtle_high_controller) StderrLine: {'line': b'make[2]: *** [CMakeFiles/turtle_high_controller.dir/build.make:128: CMakeFiles/turtle_high_controller.dir/src/can_driver/can_driver.cpp.o] Error 1\n'}
[2.210957] (-) TimerEvent: {}
[2.311269] (-) TimerEvent: {}
[2.411618] (-) TimerEvent: {}
[2.464924] (turtle_high_controller) StderrLine: {'line': b'make[2]: *** [CMakeFiles/odrive_can_interface.dir/build.make:76: CMakeFiles/odrive_can_interface.dir/src/can_driver/can_driver.cpp.o] Error 1\n'}
[2.465214] (turtle_high_controller) StderrLine: {'line': b'make[1]: *** [CMakeFiles/Makefile2:80: CMakeFiles/odrive_can_interface.dir/all] Error 2\n'}
[2.465294] (turtle_high_controller) StderrLine: {'line': b'make[1]: *** Waiting for unfinished jobs....\n'}
[2.511759] (-) TimerEvent: {}
[2.612071] (-) TimerEvent: {}
[2.630654] (turtle_high_controller) StderrLine: {'line': b'In file included from \x1b[01m\x1b[K/home/qianlab/single_turtle_workspace/dependencies/traveler_controller/src/main.cpp:8\x1b[m\x1b[K:\n'}
[2.630858] (turtle_high_controller) StderrLine: {'line': b'\x1b[01m\x1b[K/home/qianlab/single_turtle_workspace/dependencies/traveler_controller/include/main.h:48:14:\x1b[m\x1b[K \x1b[01;35m\x1b[Kwarning: \x1b[m\x1b[K\xe2\x80\x98\x1b[01m\x1b[Ktimer\x1b[m\x1b[K\xe2\x80\x99 defined but not used [\x1b[01;35m\x1b[K-Wunused-variable\x1b[m\x1b[K]\n'}
[2.630938] (turtle_high_controller) StderrLine: {'line': b'   48 | static float \x1b[01;35m\x1b[Ktimer\x1b[m\x1b[K[10] = { 0 };\n'}
[2.631007] (turtle_high_controller) StderrLine: {'line': b'      |              \x1b[01;35m\x1b[K^~~~~\x1b[m\x1b[K\n'}
[2.631088] (turtle_high_controller) StderrLine: {'line': b'\x1b[01m\x1b[K/home/qianlab/single_turtle_workspace/dependencies/traveler_controller/include/main.h:46:12:\x1b[m\x1b[K \x1b[01;35m\x1b[Kwarning: \x1b[m\x1b[K\xe2\x80\x98\x1b[01m\x1b[Kinit_done\x1b[m\x1b[K\xe2\x80\x99 defined but not used [\x1b[01;35m\x1b[K-Wunused-variable\x1b[m\x1b[K]\n'}
[2.631158] (turtle_high_controller) StderrLine: {'line': b'   46 | static int \x1b[01;35m\x1b[Kinit_done\x1b[m\x1b[K = 0;\n'}
[2.631223] (turtle_high_controller) StderrLine: {'line': b'      |            \x1b[01;35m\x1b[K^~~~~~~~~\x1b[m\x1b[K\n'}
[2.631287] (turtle_high_controller) StderrLine: {'line': b'\x1b[01m\x1b[K/home/qianlab/single_turtle_workspace/dependencies/traveler_controller/include/main.h:45:14:\x1b[m\x1b[K \x1b[01;35m\x1b[Kwarning: \x1b[m\x1b[K\xe2\x80\x98\x1b[01m\x1b[Kinit_cnt\x1b[m\x1b[K\xe2\x80\x99 defined but not used [\x1b[01;35m\x1b[K-Wunused-variable\x1b[m\x1b[K]\n'}
[2.631353] (turtle_high_controller) StderrLine: {'line': b'   45 | static float \x1b[01;35m\x1b[Kinit_cnt\x1b[m\x1b[K = 0;\n'}
[2.631417] (turtle_high_controller) StderrLine: {'line': b'      |              \x1b[01;35m\x1b[K^~~~~~~~\x1b[m\x1b[K\n'}
[2.639388] (turtle_high_controller) StderrLine: {'line': b'make[2]: *** [CMakeFiles/turtle_high_controller.dir/build.make:115: CMakeFiles/turtle_high_controller.dir/src/proxy/upperproxy.cpp.o] Error 1\n'}
[2.642955] (turtle_high_controller) StderrLine: {'line': b'make[2]: *** [CMakeFiles/turtle_high_controller.dir/build.make:63: CMakeFiles/turtle_high_controller.dir/src/main.cpp.o] Error 1\n'}
[2.712225] (-) TimerEvent: {}
[2.812560] (-) TimerEvent: {}
[2.844485] (turtle_high_controller) StderrLine: {'line': b'make[2]: *** [CMakeFiles/turtle_high_controller.dir/build.make:102: CMakeFiles/turtle_high_controller.dir/src/proxy/lowerproxy.cpp.o] Error 1\n'}
[2.844834] (turtle_high_controller) StderrLine: {'line': b'make[1]: *** [CMakeFiles/Makefile2:107: CMakeFiles/turtle_high_controller.dir/all] Error 2\n'}
[2.844963] (turtle_high_controller) StderrLine: {'line': b'make: *** [Makefile:141: all] Error 2\n'}
[2.846991] (turtle_high_controller) CommandEnded: {'returncode': 2}
[2.873758] (turtle_high_controller) JobEnded: {'identifier': 'turtle_high_controller', 'rc': 2}
[2.885571] (-) EventReactorShutdown: {}
