[0.000000] (-) TimerEvent: {}
[0.000119] (traveler_msgs) JobQueued: {'identifier': 'traveler_msgs', 'dependencies': OrderedDict()}
[0.000150] (turtle_high_controller) JobQueued: {'identifier': 'turtle_high_controller', 'dependencies': OrderedDict([('traveler_msgs', '/home/qianlab/single_turtle_workspace/install/traveler_msgs')])}
[0.000367] (traveler_msgs) JobStarted: {'identifier': 'traveler_msgs'}
[0.076935] (traveler_msgs) JobProgress: {'identifier': 'traveler_msgs', 'progress': 'cmake'}
[0.077012] (traveler_msgs) Command: {'cmd': ['/usr/bin/cmake', '/home/qianlab/single_turtle_workspace/dependencies/traveler_msgs', '-DCMAKE_INSTALL_PREFIX=/home/qianlab/single_turtle_workspace/install/traveler_msgs'], 'cwd': '/home/qianlab/single_turtle_workspace/build/traveler_msgs', 'env': OrderedDict([('LESSOPEN', '| /usr/bin/lesspipe %s'), ('USER', 'qianlab'), ('SSH_AGENT_PID', '2023'), ('XDG_SESSION_TYPE', 'x11'), ('SHLVL', '1'), ('LD_LIBRARY_PATH', '/opt/ros/foxy/opt/yaml_cpp_vendor/lib:/opt/ros/foxy/opt/rviz_ogre_vendor/lib:/opt/ros/foxy/lib/x86_64-linux-gnu:/opt/ros/foxy/lib'), ('HOME', '/home/qianlab'), ('CONDA_SHLVL', '0'), ('OLDPWD', '/home/qianlab'), ('DESKTOP_SESSION', 'ubuntu'), ('NVM_BIN', '/home/qianlab/.nvm/versions/node/v12.18.3/bin'), ('NVM_INC', '/home/qianlab/.nvm/versions/node/v12.18.3/include/node'), ('ROS_PYTHON_VERSION', '3'), ('GNOME_SHELL_SESSION_MODE', 'ubuntu'), ('GTK_MODULES', 'gail:atk-bridge'), ('MANAGERPID', '1839'), ('DBUS_SESSION_BUS_ADDRESS', 'unix:path=/run/user/1000/bus'), ('COLORTERM', 'truecolor'), ('_CE_M', ''), ('NVM_DIR', '/home/qianlab/.nvm'), ('MANDATORY_PATH', '/usr/share/gconf/ubuntu.mandatory.path'), ('IM_CONFIG_PHASE', '1'), ('ROS_DISTRO', 'foxy'), ('LOGNAME', 'qianlab'), ('JOURNAL_STREAM', '8:49068'), ('_', '/usr/bin/colcon'), ('ROS_VERSION', '2'), ('XDG_SESSION_CLASS', 'user'), ('DEFAULTS_PATH', '/usr/share/gconf/ubuntu.default.path'), ('USERNAME', 'qianlab'), ('TERM', 'xterm-256color'), ('GNOME_DESKTOP_SESSION_ID', 'this-is-deprecated'), ('_CE_CONDA', ''), ('ROS_LOCALHOST_ONLY', '0'), ('WINDOWPATH', '2'), ('PATH', '/home/qianlab/ghost_robotics/arm_toolchain/bin:/home/qianlab/miniconda3/condabin:/home/qianlab/.nvm/versions/node/v12.18.3/bin:/opt/ros/foxy/bin:/home/qianlab/.local/bin:/usr/local/sbin:/usr/local/bin:/usr/sbin:/usr/bin:/sbin:/bin:/usr/games:/usr/local/games:/snap/bin'), ('SESSION_MANAGER', 'local/qianlab-Yoga-7-14IAL7:@/tmp/.ICE-unix/2063,unix/qianlab-Yoga-7-14IAL7:/tmp/.ICE-unix/2063'), ('INVOCATION_ID', '8c31dceda17d4aa783e742d017147791'), ('XDG_MENU_PREFIX', 'gnome-'), ('GNOME_TERMINAL_SCREEN', '/org/gnome/Terminal/screen/d160deb8_172f_4f3d_acc3_d33c05531d8b'), ('XDG_RUNTIME_DIR', '/run/user/1000'), ('DISPLAY', ':0'), ('LANG', 'en_US.UTF-8'), ('XDG_CURRENT_DESKTOP', 'ubuntu:GNOME'), ('XMODIFIERS', '@im=ibus'), ('XDG_SESSION_DESKTOP', 'ubuntu'), ('XAUTHORITY', '/run/user/1000/gdm/Xauthority'), ('LS_COLORS', 'rs=0:di=01;34:ln=01;36:mh=00:pi=40;33:so=01;35:do=01;35:bd=40;33;01:cd=40;33;01:or=40;31;01:mi=00:su=37;41:sg=30;43:ca=30;41:tw=30;42:ow=34;42:st=37;44:ex=01;32:*.tar=01;31:*.tgz=01;31:*.arc=01;31:*.arj=01;31:*.taz=01;31:*.lha=01;31:*.lz4=01;31:*.lzh=01;31:*.lzma=01;31:*.tlz=01;31:*.txz=01;31:*.tzo=01;31:*.t7z=01;31:*.zip=01;31:*.z=01;31:*.dz=01;31:*.gz=01;31:*.lrz=01;31:*.lz=01;31:*.lzo=01;31:*.xz=01;31:*.zst=01;31:*.tzst=01;31:*.bz2=01;31:*.bz=01;31:*.tbz=01;31:*.tbz2=01;31:*.tz=01;31:*.deb=01;31:*.rpm=01;31:*.jar=01;31:*.war=01;31:*.ear=01;31:*.sar=01;31:*.rar=01;31:*.alz=01;31:*.ace=01;31:*.zoo=01;31:*.cpio=01;31:*.7z=01;31:*.rz=01;31:*.cab=01;31:*.wim=01;31:*.swm=01;31:*.dwm=01;31:*.esd=01;31:*.jpg=01;35:*.jpeg=01;35:*.mjpg=01;35:*.mjpeg=01;35:*.gif=01;35:*.bmp=01;35:*.pbm=01;35:*.pgm=01;35:*.ppm=01;35:*.tga=01;35:*.xbm=01;35:*.xpm=01;35:*.tif=01;35:*.tiff=01;35:*.png=01;35:*.svg=01;35:*.svgz=01;35:*.mng=01;35:*.pcx=01;35:*.mov=01;35:*.mpg=01;35:*.mpeg=01;35:*.m2v=01;35:*.mkv=01;35:*.webm=01;35:*.ogm=01;35:*.mp4=01;35:*.m4v=01;35:*.mp4v=01;35:*.vob=01;35:*.qt=01;35:*.nuv=01;35:*.wmv=01;35:*.asf=01;35:*.rm=01;35:*.rmvb=01;35:*.flc=01;35:*.avi=01;35:*.fli=01;35:*.flv=01;35:*.gl=01;35:*.dl=01;35:*.xcf=01;35:*.xwd=01;35:*.yuv=01;35:*.cgm=01;35:*.emf=01;35:*.ogv=01;35:*.ogx=01;35:*.aac=00;36:*.au=00;36:*.flac=00;36:*.m4a=00;36:*.mid=00;36:*.midi=00;36:*.mka=00;36:*.mp3=00;36:*.mpc=00;36:*.ogg=00;36:*.ra=00;36:*.wav=00;36:*.oga=00;36:*.opus=00;36:*.spx=00;36:*.xspf=00;36:'), ('GNOME_TERMINAL_SERVICE', ':1.113'), ('SSH_AUTH_SOCK', '/run/user/1000/keyring/ssh'), ('ROS_DOMAIN_ID', '2'), ('AMENT_PREFIX_PATH', '/opt/ros/foxy'), ('CONDA_PYTHON_EXE', '/home/qianlab/miniconda3/bin/python'), ('SHELL', '/bin/bash'), ('QT_ACCESSIBILITY', '1'), ('GDMSESSION', 'ubuntu'), ('LESSCLOSE', '/usr/bin/lesspipe %s %s'), ('GPG_AGENT_INFO', '/run/user/1000/gnupg/S.gpg-agent:0:1'), ('QT_IM_MODULE', 'ibus'), ('PWD', '/home/qianlab/single_turtle_workspace/build/traveler_msgs'), ('XDG_CONFIG_DIRS', '/etc/xdg/xdg-ubuntu:/etc/xdg'), ('CONDA_EXE', '/home/qianlab/miniconda3/bin/conda'), ('NVM_CD_FLAGS', ''), ('XDG_DATA_DIRS', '/usr/share/ubuntu:/usr/local/share/:/usr/share/:/var/lib/snapd/desktop'), ('PYTHONPATH', '/opt/ros/foxy/lib/python3.8/site-packages'), ('CUSTOM_ENV_NAME', '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'), ('COLCON', '1'), ('VTE_VERSION', '6003'), ('CMAKE_PREFIX_PATH', '/opt/ros/foxy')]), 'shell': False}
[0.099680] (-) TimerEvent: {}
[0.122320] (traveler_msgs) StdoutLine: {'line': b'-- The C compiler identification is GNU 9.4.0\n'}
[0.156055] (traveler_msgs) StdoutLine: {'line': b'-- The CXX compiler identification is GNU 9.4.0\n'}
[0.158933] (traveler_msgs) StdoutLine: {'line': b'-- Check for working C compiler: /usr/bin/cc\n'}
[0.199778] (-) TimerEvent: {}
[0.202273] (traveler_msgs) StdoutLine: {'line': b'-- Check for working C compiler: /usr/bin/cc -- works\n'}
[0.203437] (traveler_msgs) StdoutLine: {'line': b'-- Detecting C compiler ABI info\n'}
[0.252429] (traveler_msgs) StdoutLine: {'line': b'-- Detecting C compiler ABI info - done\n'}
[0.264321] (traveler_msgs) StdoutLine: {'line': b'-- Detecting C compile features\n'}
[0.264675] (traveler_msgs) StdoutLine: {'line': b'-- Detecting C compile features - done\n'}
[0.267188] (traveler_msgs) StdoutLine: {'line': b'-- Check for working CXX compiler: /usr/bin/c++\n'}
[0.299990] (-) TimerEvent: {}
[0.320223] (traveler_msgs) StdoutLine: {'line': b'-- Check for working CXX compiler: /usr/bin/c++ -- works\n'}
[0.321243] (traveler_msgs) StdoutLine: {'line': b'-- Detecting CXX compiler ABI info\n'}
[0.373704] (traveler_msgs) StdoutLine: {'line': b'-- Detecting CXX compiler ABI info - done\n'}
[0.380963] (traveler_msgs) StdoutLine: {'line': b'-- Detecting CXX compile features\n'}
[0.381169] (traveler_msgs) StdoutLine: {'line': b'-- Detecting CXX compile features - done\n'}
[0.383663] (traveler_msgs) StdoutLine: {'line': b'-- Found ament_cmake: 0.9.12 (/opt/ros/foxy/share/ament_cmake/cmake)\n'}
[0.398213] (traveler_msgs) StdoutLine: {'line': b'-- Found PythonInterp: /usr/bin/python3 (found suitable version "3.8.10", minimum required is "3") \n'}
[0.398410] (traveler_msgs) StdoutLine: {'line': b'-- Using PYTHON_EXECUTABLE: /usr/bin/python3\n'}
[0.400140] (-) TimerEvent: {}
[0.500367] (-) TimerEvent: {}
[0.521514] (traveler_msgs) StdoutLine: {'line': b'-- Found rclcpp: 2.4.3 (/opt/ros/foxy/share/rclcpp/cmake)\n'}
[0.548371] (traveler_msgs) StdoutLine: {'line': b'-- Using all available rosidl_typesupport_c: rosidl_typesupport_fastrtps_c;rosidl_typesupport_introspection_c\n'}
[0.552038] (traveler_msgs) StdoutLine: {'line': b'-- Found rosidl_adapter: 1.3.1 (/opt/ros/foxy/share/rosidl_adapter/cmake)\n'}
[0.600590] (-) TimerEvent: {}
[0.600818] (traveler_msgs) StdoutLine: {'line': b'-- Found OpenSSL: /usr/lib/x86_64-linux-gnu/libcrypto.so (found version "1.1.1f")  \n'}
[0.622535] (traveler_msgs) StdoutLine: {'line': b'-- Found FastRTPS: /opt/ros/foxy/include  \n'}
[0.669110] (traveler_msgs) StdoutLine: {'line': b'-- Using all available rosidl_typesupport_cpp: rosidl_typesupport_fastrtps_cpp;rosidl_typesupport_introspection_cpp\n'}
[0.700695] (traveler_msgs) StdoutLine: {'line': b'-- Found rmw_implementation_cmake: 1.0.4 (/opt/ros/foxy/share/rmw_implementation_cmake/cmake)\n'}
[0.700870] (-) TimerEvent: {}
[0.701474] (traveler_msgs) StdoutLine: {'line': b"-- Using RMW implementation 'rmw_fastrtps_cpp' as default\n"}
[0.702792] (traveler_msgs) StdoutLine: {'line': b'-- Looking for pthread.h\n'}
[0.748425] (traveler_msgs) StdoutLine: {'line': b'-- Looking for pthread.h - found\n'}
[0.748691] (traveler_msgs) StdoutLine: {'line': b'-- Performing Test CMAKE_HAVE_LIBC_PTHREAD\n'}
[0.796889] (traveler_msgs) StdoutLine: {'line': b'-- Performing Test CMAKE_HAVE_LIBC_PTHREAD - Failed\n'}
[0.797142] (traveler_msgs) StdoutLine: {'line': b'-- Looking for pthread_create in pthreads\n'}
[0.800967] (-) TimerEvent: {}
[0.837152] (traveler_msgs) StdoutLine: {'line': b'-- Looking for pthread_create in pthreads - not found\n'}
[0.837341] (traveler_msgs) StdoutLine: {'line': b'-- Looking for pthread_create in pthread\n'}
[0.884233] (traveler_msgs) StdoutLine: {'line': b'-- Looking for pthread_create in pthread - found\n'}
[0.884964] (traveler_msgs) StdoutLine: {'line': b'-- Found Threads: TRUE  \n'}
[0.901178] (-) TimerEvent: {}
[0.975939] (traveler_msgs) StdoutLine: {'line': b'-- Found rosidl_default_generators: 1.0.1 (/opt/ros/foxy/share/rosidl_default_generators/cmake)\n'}
[1.001356] (-) TimerEvent: {}
[1.004806] (traveler_msgs) StdoutLine: {'line': b'-- Found PythonInterp: /usr/bin/python3 (found version "3.8.10") \n'}
[1.099461] (traveler_msgs) StdoutLine: {'line': b'-- Found ament_cmake_ros: 0.9.2 (/opt/ros/foxy/share/ament_cmake_ros/cmake)\n'}
[1.101453] (-) TimerEvent: {}
[1.163266] (traveler_msgs) StdoutLine: {'line': b'-- Using all available rosidl_typesupport_c: rosidl_typesupport_fastrtps_c;rosidl_typesupport_introspection_c\n'}
[1.168733] (traveler_msgs) StdoutLine: {'line': b'-- Using all available rosidl_typesupport_cpp: rosidl_typesupport_fastrtps_cpp;rosidl_typesupport_introspection_cpp\n'}
[1.185740] (traveler_msgs) StdoutLine: {'line': b'-- Found PythonInterp: /usr/bin/python3 (found suitable version "3.8.10", minimum required is "3.5") \n'}
[1.187145] (traveler_msgs) StdoutLine: {'line': b'-- Found python_cmake_module: 0.8.1 (/opt/ros/foxy/share/python_cmake_module/cmake)\n'}
[1.201649] (-) TimerEvent: {}
[1.208082] (traveler_msgs) StdoutLine: {'line': b'-- Found PythonLibs: /usr/lib/x86_64-linux-gnu/libpython3.8.so (found suitable version "3.8.10", minimum required is "3.5") \n'}
[1.208265] (traveler_msgs) StdoutLine: {'line': b'-- Using PYTHON_EXECUTABLE: /usr/bin/python3\n'}
[1.208355] (traveler_msgs) StdoutLine: {'line': b'-- Using PYTHON_INCLUDE_DIRS: /usr/include/python3.8\n'}
[1.208419] (traveler_msgs) StdoutLine: {'line': b'-- Using PYTHON_LIBRARIES: /usr/lib/x86_64-linux-gnu/libpython3.8.so\n'}
[1.222804] (traveler_msgs) StdoutLine: {'line': b'-- Found PythonExtra: .so  \n'}
[1.249390] (traveler_msgs) StdoutLine: {'line': b'-- Found ament_lint_auto: 0.9.8 (/opt/ros/foxy/share/ament_lint_auto/cmake)\n'}
[1.262899] (traveler_msgs) StdoutLine: {'line': b"-- Added test 'lint_cmake' to check CMake code style\n"}
[1.263835] (traveler_msgs) StdoutLine: {'line': b"-- Added test 'xmllint' to check XML markup files\n"}
[1.266608] (traveler_msgs) StdoutLine: {'line': b'-- Configuring done\n'}
[1.290411] (traveler_msgs) StdoutLine: {'line': b'-- Generating done\n'}
[1.292166] (traveler_msgs) StdoutLine: {'line': b'-- Build files have been written to: /home/qianlab/single_turtle_workspace/build/traveler_msgs\n'}
[1.300100] (traveler_msgs) CommandEnded: {'returncode': 0}
[1.302449] (-) TimerEvent: {}
[1.302781] (traveler_msgs) JobProgress: {'identifier': 'traveler_msgs', 'progress': 'build'}
[1.302800] (traveler_msgs) Command: {'cmd': ['/usr/bin/cmake', '--build', '/home/qianlab/single_turtle_workspace/build/traveler_msgs', '--', '-j12', '-l12'], 'cwd': '/home/qianlab/single_turtle_workspace/build/traveler_msgs', 'env': OrderedDict([('LESSOPEN', '| /usr/bin/lesspipe %s'), ('USER', 'qianlab'), ('SSH_AGENT_PID', '2023'), ('XDG_SESSION_TYPE', 'x11'), ('SHLVL', '1'), ('LD_LIBRARY_PATH', '/opt/ros/foxy/opt/yaml_cpp_vendor/lib:/opt/ros/foxy/opt/rviz_ogre_vendor/lib:/opt/ros/foxy/lib/x86_64-linux-gnu:/opt/ros/foxy/lib'), ('HOME', '/home/qianlab'), ('CONDA_SHLVL', '0'), ('OLDPWD', '/home/qianlab'), ('DESKTOP_SESSION', 'ubuntu'), ('NVM_BIN', '/home/qianlab/.nvm/versions/node/v12.18.3/bin'), ('NVM_INC', '/home/qianlab/.nvm/versions/node/v12.18.3/include/node'), ('ROS_PYTHON_VERSION', '3'), ('GNOME_SHELL_SESSION_MODE', 'ubuntu'), ('GTK_MODULES', 'gail:atk-bridge'), ('MANAGERPID', '1839'), ('DBUS_SESSION_BUS_ADDRESS', 'unix:path=/run/user/1000/bus'), ('COLORTERM', 'truecolor'), ('_CE_M', ''), ('NVM_DIR', '/home/qianlab/.nvm'), ('MANDATORY_PATH', '/usr/share/gconf/ubuntu.mandatory.path'), ('IM_CONFIG_PHASE', '1'), ('ROS_DISTRO', 'foxy'), ('LOGNAME', 'qianlab'), ('JOURNAL_STREAM', '8:49068'), ('_', '/usr/bin/colcon'), ('ROS_VERSION', '2'), ('XDG_SESSION_CLASS', 'user'), ('DEFAULTS_PATH', '/usr/share/gconf/ubuntu.default.path'), ('USERNAME', 'qianlab'), ('TERM', 'xterm-256color'), ('GNOME_DESKTOP_SESSION_ID', 'this-is-deprecated'), ('_CE_CONDA', ''), ('ROS_LOCALHOST_ONLY', '0'), ('WINDOWPATH', '2'), ('PATH', '/home/qianlab/ghost_robotics/arm_toolchain/bin:/home/qianlab/miniconda3/condabin:/home/qianlab/.nvm/versions/node/v12.18.3/bin:/opt/ros/foxy/bin:/home/qianlab/.local/bin:/usr/local/sbin:/usr/local/bin:/usr/sbin:/usr/bin:/sbin:/bin:/usr/games:/usr/local/games:/snap/bin'), ('SESSION_MANAGER', 'local/qianlab-Yoga-7-14IAL7:@/tmp/.ICE-unix/2063,unix/qianlab-Yoga-7-14IAL7:/tmp/.ICE-unix/2063'), ('INVOCATION_ID', '8c31dceda17d4aa783e742d017147791'), ('XDG_MENU_PREFIX', 'gnome-'), ('GNOME_TERMINAL_SCREEN', '/org/gnome/Terminal/screen/d160deb8_172f_4f3d_acc3_d33c05531d8b'), ('XDG_RUNTIME_DIR', '/run/user/1000'), ('DISPLAY', ':0'), ('LANG', 'en_US.UTF-8'), ('XDG_CURRENT_DESKTOP', 'ubuntu:GNOME'), ('XMODIFIERS', '@im=ibus'), ('XDG_SESSION_DESKTOP', 'ubuntu'), ('XAUTHORITY', '/run/user/1000/gdm/Xauthority'), ('LS_COLORS', 'rs=0:di=01;34:ln=01;36:mh=00:pi=40;33:so=01;35:do=01;35:bd=40;33;01:cd=40;33;01:or=40;31;01:mi=00:su=37;41:sg=30;43:ca=30;41:tw=30;42:ow=34;42:st=37;44:ex=01;32:*.tar=01;31:*.tgz=01;31:*.arc=01;31:*.arj=01;31:*.taz=01;31:*.lha=01;31:*.lz4=01;31:*.lzh=01;31:*.lzma=01;31:*.tlz=01;31:*.txz=01;31:*.tzo=01;31:*.t7z=01;31:*.zip=01;31:*.z=01;31:*.dz=01;31:*.gz=01;31:*.lrz=01;31:*.lz=01;31:*.lzo=01;31:*.xz=01;31:*.zst=01;31:*.tzst=01;31:*.bz2=01;31:*.bz=01;31:*.tbz=01;31:*.tbz2=01;31:*.tz=01;31:*.deb=01;31:*.rpm=01;31:*.jar=01;31:*.war=01;31:*.ear=01;31:*.sar=01;31:*.rar=01;31:*.alz=01;31:*.ace=01;31:*.zoo=01;31:*.cpio=01;31:*.7z=01;31:*.rz=01;31:*.cab=01;31:*.wim=01;31:*.swm=01;31:*.dwm=01;31:*.esd=01;31:*.jpg=01;35:*.jpeg=01;35:*.mjpg=01;35:*.mjpeg=01;35:*.gif=01;35:*.bmp=01;35:*.pbm=01;35:*.pgm=01;35:*.ppm=01;35:*.tga=01;35:*.xbm=01;35:*.xpm=01;35:*.tif=01;35:*.tiff=01;35:*.png=01;35:*.svg=01;35:*.svgz=01;35:*.mng=01;35:*.pcx=01;35:*.mov=01;35:*.mpg=01;35:*.mpeg=01;35:*.m2v=01;35:*.mkv=01;35:*.webm=01;35:*.ogm=01;35:*.mp4=01;35:*.m4v=01;35:*.mp4v=01;35:*.vob=01;35:*.qt=01;35:*.nuv=01;35:*.wmv=01;35:*.asf=01;35:*.rm=01;35:*.rmvb=01;35:*.flc=01;35:*.avi=01;35:*.fli=01;35:*.flv=01;35:*.gl=01;35:*.dl=01;35:*.xcf=01;35:*.xwd=01;35:*.yuv=01;35:*.cgm=01;35:*.emf=01;35:*.ogv=01;35:*.ogx=01;35:*.aac=00;36:*.au=00;36:*.flac=00;36:*.m4a=00;36:*.mid=00;36:*.midi=00;36:*.mka=00;36:*.mp3=00;36:*.mpc=00;36:*.ogg=00;36:*.ra=00;36:*.wav=00;36:*.oga=00;36:*.opus=00;36:*.spx=00;36:*.xspf=00;36:'), ('GNOME_TERMINAL_SERVICE', ':1.113'), ('SSH_AUTH_SOCK', '/run/user/1000/keyring/ssh'), ('ROS_DOMAIN_ID', '2'), ('AMENT_PREFIX_PATH', '/opt/ros/foxy'), ('CONDA_PYTHON_EXE', '/home/qianlab/miniconda3/bin/python'), ('SHELL', '/bin/bash'), ('QT_ACCESSIBILITY', '1'), ('GDMSESSION', 'ubuntu'), ('LESSCLOSE', '/usr/bin/lesspipe %s %s'), ('GPG_AGENT_INFO', '/run/user/1000/gnupg/S.gpg-agent:0:1'), ('QT_IM_MODULE', 'ibus'), ('PWD', '/home/qianlab/single_turtle_workspace/build/traveler_msgs'), ('XDG_CONFIG_DIRS', '/etc/xdg/xdg-ubuntu:/etc/xdg'), ('CONDA_EXE', '/home/qianlab/miniconda3/bin/conda'), ('NVM_CD_FLAGS', ''), ('XDG_DATA_DIRS', '/usr/share/ubuntu:/usr/local/share/:/usr/share/:/var/lib/snapd/desktop'), ('PYTHONPATH', '/opt/ros/foxy/lib/python3.8/site-packages'), ('CUSTOM_ENV_NAME', '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'), ('COLCON', '1'), ('VTE_VERSION', '6003'), ('CMAKE_PREFIX_PATH', '/opt/ros/foxy')]), 'shell': False}
[1.329126] (traveler_msgs) StdoutLine: {'line': b'[  1%] \x1b[34m\x1b[1mGenerating C code for ROS interfaces\x1b[0m\n'}
[1.329422] (traveler_msgs) StdoutLine: {'line': b'\x1b[35m\x1b[1mScanning dependencies of target traveler_msgs__cpp\x1b[0m\n'}
[1.336155] (traveler_msgs) StdoutLine: {'line': b'[  2%] \x1b[34m\x1b[1mGenerating C++ code for ROS interfaces\x1b[0m\n'}
[1.402550] (-) TimerEvent: {}
[1.502913] (-) TimerEvent: {}
[1.603185] (-) TimerEvent: {}
[1.621937] (traveler_msgs) StdoutLine: {'line': b'[  2%] Built target traveler_msgs__cpp\n'}
[1.632565] (traveler_msgs) StdoutLine: {'line': b'[  4%] \x1b[34m\x1b[1mGenerating C++ type support for eProsima Fast-RTPS\x1b[0m\n'}
[1.633062] (traveler_msgs) StdoutLine: {'line': b'[  5%] \x1b[34m\x1b[1mGenerating C++ type support dispatch for ROS interfaces\x1b[0m\n'}
[1.634833] (traveler_msgs) StdoutLine: {'line': b'[  7%] \x1b[34m\x1b[1mGenerating C++ introspection for ROS interfaces\x1b[0m\n'}
[1.641414] (traveler_msgs) StdoutLine: {'line': b'\x1b[35m\x1b[1mScanning dependencies of target traveler_msgs__rosidl_generator_c\x1b[0m\n'}
[1.654170] (traveler_msgs) StdoutLine: {'line': b'[ 14%] \x1b[32mBuilding C object CMakeFiles/traveler_msgs__rosidl_generator_c.dir/rosidl_generator_c/traveler_msgs/msg/detail/traveler_config__functions.c.o\x1b[0m\n'}
[1.654882] (traveler_msgs) StdoutLine: {'line': b'[ 14%] \x1b[32mBuilding C object CMakeFiles/traveler_msgs__rosidl_generator_c.dir/rosidl_generator_c/traveler_msgs/msg/detail/odrive_status__functions.c.o\x1b[0m\n'}
[1.654989] (traveler_msgs) StdoutLine: {'line': b'[ 14%] \x1b[32mBuilding C object CMakeFiles/traveler_msgs__rosidl_generator_c.dir/rosidl_generator_c/traveler_msgs/msg/detail/set_input_position__functions.c.o\x1b[0m\n'}
[1.655088] (traveler_msgs) StdoutLine: {'line': b'[ 14%] \x1b[32mBuilding C object CMakeFiles/traveler_msgs__rosidl_generator_c.dir/rosidl_generator_c/traveler_msgs/msg/detail/traveler_mode__functions.c.o\x1b[0m\n'}
[1.655249] (traveler_msgs) StdoutLine: {'line': b'[ 14%] \x1b[32mBuilding C object CMakeFiles/traveler_msgs__rosidl_generator_c.dir/rosidl_generator_c/traveler_msgs/msg/detail/traveler_status__functions.c.o\x1b[0m\n'}
[1.655334] (traveler_msgs) StdoutLine: {'line': b'[ 15%] \x1b[32mBuilding C object CMakeFiles/traveler_msgs__rosidl_generator_c.dir/rosidl_generator_c/traveler_msgs/msg/detail/set_state__functions.c.o\x1b[0m\n'}
[1.703304] (-) TimerEvent: {}
[1.714909] (traveler_msgs) StdoutLine: {'line': b'[ 16%] \x1b[32m\x1b[1mLinking C shared library libtraveler_msgs__rosidl_generator_c.so\x1b[0m\n'}
[1.747215] (traveler_msgs) StdoutLine: {'line': b'[ 16%] Built target traveler_msgs__rosidl_generator_c\n'}
[1.757283] (traveler_msgs) StdoutLine: {'line': b'[ 19%] \x1b[34m\x1b[1mGenerating C type support dispatch for ROS interfaces\x1b[0m\n'}
[1.757475] (traveler_msgs) StdoutLine: {'line': b'[ 19%] \x1b[34m\x1b[1mGenerating C introspection for ROS interfaces\x1b[0m\n'}
[1.803422] (-) TimerEvent: {}
[1.841161] (traveler_msgs) StdoutLine: {'line': b'\x1b[35m\x1b[1mScanning dependencies of target traveler_msgs__rosidl_typesupport_cpp\x1b[0m\n'}
[1.850324] (traveler_msgs) StdoutLine: {'line': b'[ 21%] \x1b[32mBuilding CXX object CMakeFiles/traveler_msgs__rosidl_typesupport_cpp.dir/rosidl_typesupport_cpp/traveler_msgs/msg/odrive_status__type_support.cpp.o\x1b[0m\n'}
[1.851760] (traveler_msgs) StdoutLine: {'line': b'[ 23%] \x1b[32mBuilding CXX object CMakeFiles/traveler_msgs__rosidl_typesupport_cpp.dir/rosidl_typesupport_cpp/traveler_msgs/msg/traveler_config__type_support.cpp.o\x1b[0m\n'}
[1.851973] (traveler_msgs) StdoutLine: {'line': b'[ 23%] \x1b[32mBuilding CXX object CMakeFiles/traveler_msgs__rosidl_typesupport_cpp.dir/rosidl_typesupport_cpp/traveler_msgs/msg/traveler_mode__type_support.cpp.o\x1b[0m\n'}
[1.852043] (traveler_msgs) StdoutLine: {'line': b'[ 25%] \x1b[32mBuilding CXX object CMakeFiles/traveler_msgs__rosidl_typesupport_cpp.dir/rosidl_typesupport_cpp/traveler_msgs/msg/traveler_status__type_support.cpp.o\x1b[0m\n'}
[1.852103] (traveler_msgs) StdoutLine: {'line': b'[ 28%] \x1b[32mBuilding CXX object CMakeFiles/traveler_msgs__rosidl_typesupport_cpp.dir/rosidl_typesupport_cpp/traveler_msgs/msg/set_input_position__type_support.cpp.o\x1b[0m\n'}
[1.852153] (traveler_msgs) StdoutLine: {'line': b'[ 28%] \x1b[32mBuilding CXX object CMakeFiles/traveler_msgs__rosidl_typesupport_cpp.dir/rosidl_typesupport_cpp/traveler_msgs/msg/set_state__type_support.cpp.o\x1b[0m\n'}
[1.903533] (-) TimerEvent: {}
[1.949643] (traveler_msgs) StdoutLine: {'line': b'\x1b[35m\x1b[1mScanning dependencies of target traveler_msgs__rosidl_typesupport_fastrtps_cpp\x1b[0m\n'}
[1.970507] (traveler_msgs) StdoutLine: {'line': b'[ 30%] \x1b[32mBuilding CXX object CMakeFiles/traveler_msgs__rosidl_typesupport_fastrtps_cpp.dir/rosidl_typesupport_fastrtps_cpp/traveler_msgs/msg/detail/dds_fastrtps/odrive_status__type_support.cpp.o\x1b[0m\n'}
[1.970714] (traveler_msgs) StdoutLine: {'line': b'[ 30%] \x1b[32mBuilding CXX object CMakeFiles/traveler_msgs__rosidl_typesupport_fastrtps_cpp.dir/rosidl_typesupport_fastrtps_cpp/traveler_msgs/msg/detail/dds_fastrtps/traveler_config__type_support.cpp.o\x1b[0m\n'}
[2.003639] (-) TimerEvent: {}
[2.012321] (traveler_msgs) StdoutLine: {'line': b'[ 32%] \x1b[32mBuilding CXX object CMakeFiles/traveler_msgs__rosidl_typesupport_fastrtps_cpp.dir/rosidl_typesupport_fastrtps_cpp/traveler_msgs/msg/detail/dds_fastrtps/traveler_mode__type_support.cpp.o\x1b[0m\n'}
[2.103749] (-) TimerEvent: {}
[2.109409] (traveler_msgs) StdoutLine: {'line': b'[ 33%] \x1b[32mBuilding CXX object CMakeFiles/traveler_msgs__rosidl_typesupport_fastrtps_cpp.dir/rosidl_typesupport_fastrtps_cpp/traveler_msgs/msg/detail/dds_fastrtps/traveler_status__type_support.cpp.o\x1b[0m\n'}
[2.110886] (traveler_msgs) StdoutLine: {'line': b'\x1b[35m\x1b[1mScanning dependencies of target traveler_msgs__rosidl_typesupport_c\x1b[0m\n'}
[2.115442] (traveler_msgs) StdoutLine: {'line': b'[ 35%] \x1b[32mBuilding CXX object CMakeFiles/traveler_msgs__rosidl_typesupport_fastrtps_cpp.dir/rosidl_typesupport_fastrtps_cpp/traveler_msgs/msg/detail/dds_fastrtps/set_state__type_support.cpp.o\x1b[0m\n'}
[2.120306] (traveler_msgs) StdoutLine: {'line': b'\x1b[35m\x1b[1mScanning dependencies of target traveler_msgs__rosidl_typesupport_introspection_cpp\x1b[0m\n'}
[2.135430] (traveler_msgs) StdoutLine: {'line': b'[ 36%] \x1b[32mBuilding CXX object CMakeFiles/traveler_msgs__rosidl_typesupport_introspection_cpp.dir/rosidl_typesupport_introspection_cpp/traveler_msgs/msg/detail/odrive_status__type_support.cpp.o\x1b[0m\n'}
[2.163186] (traveler_msgs) StdoutLine: {'line': b'[ 39%] \x1b[32mBuilding CXX object CMakeFiles/traveler_msgs__rosidl_typesupport_introspection_cpp.dir/rosidl_typesupport_introspection_cpp/traveler_msgs/msg/detail/traveler_config__type_support.cpp.o\x1b[0m\n'}
[2.163412] (traveler_msgs) StdoutLine: {'line': b'[ 39%] \x1b[32mBuilding CXX object CMakeFiles/traveler_msgs__rosidl_typesupport_c.dir/rosidl_typesupport_c/traveler_msgs/msg/odrive_status__type_support.cpp.o\x1b[0m\n'}
[2.171632] (traveler_msgs) StdoutLine: {'line': b'[ 40%] \x1b[32mBuilding CXX object CMakeFiles/traveler_msgs__rosidl_typesupport_fastrtps_cpp.dir/rosidl_typesupport_fastrtps_cpp/traveler_msgs/msg/detail/dds_fastrtps/set_input_position__type_support.cpp.o\x1b[0m\n'}
[2.180976] (traveler_msgs) StdoutLine: {'line': b'[ 42%] \x1b[32mBuilding CXX object CMakeFiles/traveler_msgs__rosidl_typesupport_introspection_cpp.dir/rosidl_typesupport_introspection_cpp/traveler_msgs/msg/detail/traveler_mode__type_support.cpp.o\x1b[0m\n'}
[2.198537] (traveler_msgs) StdoutLine: {'line': b'[ 43%] \x1b[32mBuilding CXX object CMakeFiles/traveler_msgs__rosidl_typesupport_c.dir/rosidl_typesupport_c/traveler_msgs/msg/traveler_config__type_support.cpp.o\x1b[0m\n'}
[2.203856] (-) TimerEvent: {}
[2.210517] (traveler_msgs) StdoutLine: {'line': b'[ 45%] \x1b[32m\x1b[1mLinking CXX shared library libtraveler_msgs__rosidl_typesupport_cpp.so\x1b[0m\n'}
[2.235390] (traveler_msgs) StdoutLine: {'line': b'[ 46%] \x1b[32mBuilding CXX object CMakeFiles/traveler_msgs__rosidl_typesupport_c.dir/rosidl_typesupport_c/traveler_msgs/msg/traveler_mode__type_support.cpp.o\x1b[0m\n'}
[2.277006] (traveler_msgs) StdoutLine: {'line': b'\x1b[35m\x1b[1mScanning dependencies of target traveler_msgs__rosidl_typesupport_introspection_c\x1b[0m\n'}
[2.290284] (traveler_msgs) StdoutLine: {'line': b'[ 47%] \x1b[32mBuilding CXX object CMakeFiles/traveler_msgs__rosidl_typesupport_c.dir/rosidl_typesupport_c/traveler_msgs/msg/traveler_status__type_support.cpp.o\x1b[0m\n'}
[2.291940] (traveler_msgs) StdoutLine: {'line': b'[ 47%] Built target traveler_msgs__rosidl_typesupport_cpp\n'}
[2.295320] (traveler_msgs) StdoutLine: {'line': b'[ 49%] \x1b[32mBuilding C object CMakeFiles/traveler_msgs__rosidl_typesupport_introspection_c.dir/rosidl_typesupport_introspection_c/traveler_msgs/msg/detail/odrive_status__type_support.c.o\x1b[0m\n'}
[2.302324] (traveler_msgs) StdoutLine: {'line': b'[ 50%] \x1b[32mBuilding CXX object CMakeFiles/traveler_msgs__rosidl_typesupport_introspection_cpp.dir/rosidl_typesupport_introspection_cpp/traveler_msgs/msg/detail/traveler_status__type_support.cpp.o\x1b[0m\n'}
[2.303965] (-) TimerEvent: {}
[2.375487] (traveler_msgs) StdoutLine: {'line': b'[ 52%] \x1b[32mBuilding C object CMakeFiles/traveler_msgs__rosidl_typesupport_introspection_c.dir/rosidl_typesupport_introspection_c/traveler_msgs/msg/detail/traveler_config__type_support.c.o\x1b[0m\n'}
[2.384379] (traveler_msgs) StdoutLine: {'line': b'[ 53%] \x1b[32mBuilding CXX object CMakeFiles/traveler_msgs__rosidl_typesupport_c.dir/rosidl_typesupport_c/traveler_msgs/msg/set_state__type_support.cpp.o\x1b[0m\n'}
[2.404076] (-) TimerEvent: {}
[2.422752] (traveler_msgs) StdoutLine: {'line': b'[ 54%] \x1b[32mBuilding CXX object CMakeFiles/traveler_msgs__rosidl_typesupport_c.dir/rosidl_typesupport_c/traveler_msgs/msg/set_input_position__type_support.cpp.o\x1b[0m\n'}
[2.428959] (traveler_msgs) StdoutLine: {'line': b'[ 56%] \x1b[32mBuilding C object CMakeFiles/traveler_msgs__rosidl_typesupport_introspection_c.dir/rosidl_typesupport_introspection_c/traveler_msgs/msg/detail/traveler_mode__type_support.c.o\x1b[0m\n'}
[2.436856] (traveler_msgs) StdoutLine: {'line': b'[ 57%] \x1b[32mBuilding C object CMakeFiles/traveler_msgs__rosidl_typesupport_introspection_c.dir/rosidl_typesupport_introspection_c/traveler_msgs/msg/detail/traveler_status__type_support.c.o\x1b[0m\n'}
[2.458754] (traveler_msgs) StdoutLine: {'line': b'[ 59%] \x1b[32m\x1b[1mLinking CXX shared library libtraveler_msgs__rosidl_typesupport_c.so\x1b[0m\n'}
[2.466879] (traveler_msgs) StdoutLine: {'line': b'[ 60%] \x1b[32mBuilding C object CMakeFiles/traveler_msgs__rosidl_typesupport_introspection_c.dir/rosidl_typesupport_introspection_c/traveler_msgs/msg/detail/set_state__type_support.c.o\x1b[0m\n'}
[2.474386] (traveler_msgs) StdoutLine: {'line': b'[ 61%] \x1b[32mBuilding C object CMakeFiles/traveler_msgs__rosidl_typesupport_introspection_c.dir/rosidl_typesupport_introspection_c/traveler_msgs/msg/detail/set_input_position__type_support.c.o\x1b[0m\n'}
[2.486527] (traveler_msgs) StdoutLine: {'line': b'[ 63%] \x1b[32mBuilding CXX object CMakeFiles/traveler_msgs__rosidl_typesupport_introspection_cpp.dir/rosidl_typesupport_introspection_cpp/traveler_msgs/msg/detail/set_state__type_support.cpp.o\x1b[0m\n'}
[2.499305] (traveler_msgs) StdoutLine: {'line': b'[ 64%] \x1b[32mBuilding CXX object CMakeFiles/traveler_msgs__rosidl_typesupport_introspection_cpp.dir/rosidl_typesupport_introspection_cpp/traveler_msgs/msg/detail/set_input_position__type_support.cpp.o\x1b[0m\n'}
[2.502067] (traveler_msgs) StdoutLine: {'line': b'[ 64%] Built target traveler_msgs__rosidl_typesupport_c\n'}
[2.504184] (-) TimerEvent: {}
[2.506815] (traveler_msgs) StdoutLine: {'line': b'[ 66%] \x1b[32m\x1b[1mLinking C shared library libtraveler_msgs__rosidl_typesupport_introspection_c.so\x1b[0m\n'}
[2.528383] (traveler_msgs) StdoutLine: {'line': b'[ 66%] Built target traveler_msgs__rosidl_typesupport_introspection_c\n'}
[2.604324] (-) TimerEvent: {}
[2.639923] (traveler_msgs) StdoutLine: {'line': b'[ 67%] \x1b[32m\x1b[1mLinking CXX shared library libtraveler_msgs__rosidl_typesupport_fastrtps_cpp.so\x1b[0m\n'}
[2.697452] (traveler_msgs) StdoutLine: {'line': b'[ 67%] Built target traveler_msgs__rosidl_typesupport_fastrtps_cpp\n'}
[2.704237] (traveler_msgs) StdoutLine: {'line': b'[ 69%] \x1b[34m\x1b[1mGenerating C type support for eProsima Fast-RTPS\x1b[0m\n'}
[2.704375] (-) TimerEvent: {}
[2.728699] (traveler_msgs) StdoutLine: {'line': b'[ 70%] \x1b[32m\x1b[1mLinking CXX shared library libtraveler_msgs__rosidl_typesupport_introspection_cpp.so\x1b[0m\n'}
[2.768577] (traveler_msgs) StdoutLine: {'line': b'[ 70%] Built target traveler_msgs__rosidl_typesupport_introspection_cpp\n'}
[2.804561] (-) TimerEvent: {}
[2.905020] (-) TimerEvent: {}
[2.939107] (traveler_msgs) StdoutLine: {'line': b'\x1b[35m\x1b[1mScanning dependencies of target traveler_msgs__rosidl_typesupport_fastrtps_c\x1b[0m\n'}
[2.950065] (traveler_msgs) StdoutLine: {'line': b'[ 73%] \x1b[32mBuilding CXX object CMakeFiles/traveler_msgs__rosidl_typesupport_fastrtps_c.dir/rosidl_typesupport_fastrtps_c/traveler_msgs/msg/detail/traveler_config__type_support_c.cpp.o\x1b[0m\n'}
[2.950332] (traveler_msgs) StdoutLine: {'line': b'[ 73%] \x1b[32mBuilding CXX object CMakeFiles/traveler_msgs__rosidl_typesupport_fastrtps_c.dir/rosidl_typesupport_fastrtps_c/traveler_msgs/msg/detail/odrive_status__type_support_c.cpp.o\x1b[0m\n'}
[2.952981] (traveler_msgs) StdoutLine: {'line': b'[ 77%] \x1b[32mBuilding CXX object CMakeFiles/traveler_msgs__rosidl_typesupport_fastrtps_c.dir/rosidl_typesupport_fastrtps_c/traveler_msgs/msg/detail/traveler_mode__type_support_c.cpp.o\x1b[0m\n'}
[2.953214] (traveler_msgs) StdoutLine: {'line': b'[ 77%] \x1b[32mBuilding CXX object CMakeFiles/traveler_msgs__rosidl_typesupport_fastrtps_c.dir/rosidl_typesupport_fastrtps_c/traveler_msgs/msg/detail/traveler_status__type_support_c.cpp.o\x1b[0m\n'}
[2.953308] (traveler_msgs) StdoutLine: {'line': b'[ 77%] \x1b[32mBuilding CXX object CMakeFiles/traveler_msgs__rosidl_typesupport_fastrtps_c.dir/rosidl_typesupport_fastrtps_c/traveler_msgs/msg/detail/set_state__type_support_c.cpp.o\x1b[0m\n'}
[2.953393] (traveler_msgs) StdoutLine: {'line': b'[ 78%] \x1b[32mBuilding CXX object CMakeFiles/traveler_msgs__rosidl_typesupport_fastrtps_c.dir/rosidl_typesupport_fastrtps_c/traveler_msgs/msg/detail/set_input_position__type_support_c.cpp.o\x1b[0m\n'}
[3.005120] (-) TimerEvent: {}
[3.105417] (-) TimerEvent: {}
[3.205797] (-) TimerEvent: {}
[3.281964] (traveler_msgs) StdoutLine: {'line': b'[ 80%] \x1b[32m\x1b[1mLinking CXX shared library libtraveler_msgs__rosidl_typesupport_fastrtps_c.so\x1b[0m\n'}
[3.306021] (-) TimerEvent: {}
[3.334773] (traveler_msgs) StdoutLine: {'line': b'[ 80%] Built target traveler_msgs__rosidl_typesupport_fastrtps_c\n'}
[3.340704] (traveler_msgs) StdoutLine: {'line': b'\x1b[35m\x1b[1mScanning dependencies of target traveler_msgs\x1b[0m\n'}
[3.347149] (traveler_msgs) StdoutLine: {'line': b'[ 80%] Built target traveler_msgs\n'}
[3.353615] (traveler_msgs) StdoutLine: {'line': b'\x1b[35m\x1b[1mScanning dependencies of target traveler_msgs__py\x1b[0m\n'}
[3.360475] (traveler_msgs) StdoutLine: {'line': b'[ 81%] \x1b[34m\x1b[1mGenerating Python code for ROS interfaces\x1b[0m\n'}
[3.406185] (-) TimerEvent: {}
[3.506460] (-) TimerEvent: {}
[3.606818] (-) TimerEvent: {}
[3.707176] (-) TimerEvent: {}
[3.807442] (-) TimerEvent: {}
[3.858942] (traveler_msgs) StdoutLine: {'line': b'[ 81%] Built target traveler_msgs__py\n'}
[3.865558] (traveler_msgs) StdoutLine: {'line': b'\x1b[35m\x1b[1mScanning dependencies of target traveler_msgs__python\x1b[0m\n'}
[3.881629] (traveler_msgs) StdoutLine: {'line': b'[ 83%] \x1b[32mBuilding C object CMakeFiles/traveler_msgs__python.dir/rosidl_generator_py/traveler_msgs/msg/_odrive_status_s.c.o\x1b[0m\n'}
[3.883994] (traveler_msgs) StdoutLine: {'line': b'[ 88%] \x1b[32mBuilding C object CMakeFiles/traveler_msgs__python.dir/rosidl_generator_py/traveler_msgs/msg/_traveler_status_s.c.o\x1b[0m\n'}
[3.884215] (traveler_msgs) StdoutLine: {'line': b'[ 88%] \x1b[32mBuilding C object CMakeFiles/traveler_msgs__python.dir/rosidl_generator_py/traveler_msgs/msg/_traveler_mode_s.c.o\x1b[0m\n'}
[3.884310] (traveler_msgs) StdoutLine: {'line': b'[ 88%] \x1b[32mBuilding C object CMakeFiles/traveler_msgs__python.dir/rosidl_generator_py/traveler_msgs/msg/_set_state_s.c.o\x1b[0m\n'}
[3.884398] (traveler_msgs) StdoutLine: {'line': b'[ 88%] \x1b[32mBuilding C object CMakeFiles/traveler_msgs__python.dir/rosidl_generator_py/traveler_msgs/msg/_traveler_config_s.c.o\x1b[0m\n'}
[3.884509] (traveler_msgs) StdoutLine: {'line': b'[ 90%] \x1b[32mBuilding C object CMakeFiles/traveler_msgs__python.dir/rosidl_generator_py/traveler_msgs/msg/_set_input_position_s.c.o\x1b[0m\n'}
[3.907549] (-) TimerEvent: {}
[3.977944] (traveler_msgs) StdoutLine: {'line': b'[ 91%] \x1b[32m\x1b[1mLinking C shared library rosidl_generator_py/traveler_msgs/libtraveler_msgs__python.so\x1b[0m\n'}
[4.003239] (traveler_msgs) StdoutLine: {'line': b'[ 91%] Built target traveler_msgs__python\n'}
[4.007641] (-) TimerEvent: {}
[4.009420] (traveler_msgs) StdoutLine: {'line': b'\x1b[35m\x1b[1mScanning dependencies of target traveler_msgs__rosidl_typesupport_introspection_c__pyext\x1b[0m\n'}
[4.009589] (traveler_msgs) StdoutLine: {'line': b'\x1b[35m\x1b[1mScanning dependencies of target traveler_msgs__rosidl_typesupport_fastrtps_c__pyext\x1b[0m\n'}
[4.012431] (traveler_msgs) StdoutLine: {'line': b'\x1b[35m\x1b[1mScanning dependencies of target traveler_msgs__rosidl_typesupport_c__pyext\x1b[0m\n'}
[4.021688] (traveler_msgs) StdoutLine: {'line': b'[ 92%] \x1b[32mBuilding C object CMakeFiles/traveler_msgs__rosidl_typesupport_introspection_c__pyext.dir/rosidl_generator_py/traveler_msgs/_traveler_msgs_s.ep.rosidl_typesupport_introspection_c.c.o\x1b[0m\n'}
[4.022904] (traveler_msgs) StdoutLine: {'line': b'[ 94%] \x1b[32mBuilding C object CMakeFiles/traveler_msgs__rosidl_typesupport_fastrtps_c__pyext.dir/rosidl_generator_py/traveler_msgs/_traveler_msgs_s.ep.rosidl_typesupport_fastrtps_c.c.o\x1b[0m\n'}
[4.028413] (traveler_msgs) StdoutLine: {'line': b'[ 95%] \x1b[32mBuilding C object CMakeFiles/traveler_msgs__rosidl_typesupport_c__pyext.dir/rosidl_generator_py/traveler_msgs/_traveler_msgs_s.ep.rosidl_typesupport_c.c.o\x1b[0m\n'}
[4.080539] (traveler_msgs) StdoutLine: {'line': b'[ 97%] \x1b[32m\x1b[1mLinking C shared library rosidl_generator_py/traveler_msgs/traveler_msgs_s__rosidl_typesupport_introspection_c.cpython-38-x86_64-linux-gnu.so\x1b[0m\n'}
[4.087975] (traveler_msgs) StdoutLine: {'line': b'[ 98%] \x1b[32m\x1b[1mLinking C shared library rosidl_generator_py/traveler_msgs/traveler_msgs_s__rosidl_typesupport_c.cpython-38-x86_64-linux-gnu.so\x1b[0m\n'}
[4.104398] (traveler_msgs) StdoutLine: {'line': b'[ 98%] Built target traveler_msgs__rosidl_typesupport_introspection_c__pyext\n'}
[4.107764] (-) TimerEvent: {}
[4.110698] (traveler_msgs) StdoutLine: {'line': b'[100%] \x1b[32m\x1b[1mLinking CXX shared library rosidl_generator_py/traveler_msgs/traveler_msgs_s__rosidl_typesupport_fastrtps_c.cpython-38-x86_64-linux-gnu.so\x1b[0m\n'}
[4.112409] (traveler_msgs) StdoutLine: {'line': b'[100%] Built target traveler_msgs__rosidl_typesupport_c__pyext\n'}
[4.149753] (traveler_msgs) StdoutLine: {'line': b'[100%] Built target traveler_msgs__rosidl_typesupport_fastrtps_c__pyext\n'}
[4.157330] (traveler_msgs) CommandEnded: {'returncode': 0}
[4.207857] (-) TimerEvent: {}
[4.213671] (traveler_msgs) JobProgress: {'identifier': 'traveler_msgs', 'progress': 'install'}
[4.222078] (traveler_msgs) Command: {'cmd': ['/usr/bin/cmake', '--install', '/home/qianlab/single_turtle_workspace/build/traveler_msgs'], 'cwd': '/home/qianlab/single_turtle_workspace/build/traveler_msgs', 'env': OrderedDict([('LESSOPEN', '| /usr/bin/lesspipe %s'), ('USER', 'qianlab'), ('SSH_AGENT_PID', '2023'), ('XDG_SESSION_TYPE', 'x11'), ('SHLVL', '1'), ('LD_LIBRARY_PATH', '/opt/ros/foxy/opt/yaml_cpp_vendor/lib:/opt/ros/foxy/opt/rviz_ogre_vendor/lib:/opt/ros/foxy/lib/x86_64-linux-gnu:/opt/ros/foxy/lib'), ('HOME', '/home/qianlab'), ('CONDA_SHLVL', '0'), ('OLDPWD', '/home/qianlab'), ('DESKTOP_SESSION', 'ubuntu'), ('NVM_BIN', '/home/qianlab/.nvm/versions/node/v12.18.3/bin'), ('NVM_INC', '/home/qianlab/.nvm/versions/node/v12.18.3/include/node'), ('ROS_PYTHON_VERSION', '3'), ('GNOME_SHELL_SESSION_MODE', 'ubuntu'), ('GTK_MODULES', 'gail:atk-bridge'), ('MANAGERPID', '1839'), ('DBUS_SESSION_BUS_ADDRESS', 'unix:path=/run/user/1000/bus'), ('COLORTERM', 'truecolor'), ('_CE_M', ''), ('NVM_DIR', '/home/qianlab/.nvm'), ('MANDATORY_PATH', '/usr/share/gconf/ubuntu.mandatory.path'), ('IM_CONFIG_PHASE', '1'), ('ROS_DISTRO', 'foxy'), ('LOGNAME', 'qianlab'), ('JOURNAL_STREAM', '8:49068'), ('_', '/usr/bin/colcon'), ('ROS_VERSION', '2'), ('XDG_SESSION_CLASS', 'user'), ('DEFAULTS_PATH', '/usr/share/gconf/ubuntu.default.path'), ('USERNAME', 'qianlab'), ('TERM', 'xterm-256color'), ('GNOME_DESKTOP_SESSION_ID', 'this-is-deprecated'), ('_CE_CONDA', ''), ('ROS_LOCALHOST_ONLY', '0'), ('WINDOWPATH', '2'), ('PATH', '/home/qianlab/ghost_robotics/arm_toolchain/bin:/home/qianlab/miniconda3/condabin:/home/qianlab/.nvm/versions/node/v12.18.3/bin:/opt/ros/foxy/bin:/home/qianlab/.local/bin:/usr/local/sbin:/usr/local/bin:/usr/sbin:/usr/bin:/sbin:/bin:/usr/games:/usr/local/games:/snap/bin'), ('SESSION_MANAGER', 'local/qianlab-Yoga-7-14IAL7:@/tmp/.ICE-unix/2063,unix/qianlab-Yoga-7-14IAL7:/tmp/.ICE-unix/2063'), ('INVOCATION_ID', '8c31dceda17d4aa783e742d017147791'), ('XDG_MENU_PREFIX', 'gnome-'), ('GNOME_TERMINAL_SCREEN', '/org/gnome/Terminal/screen/d160deb8_172f_4f3d_acc3_d33c05531d8b'), ('XDG_RUNTIME_DIR', '/run/user/1000'), ('DISPLAY', ':0'), ('LANG', 'en_US.UTF-8'), ('XDG_CURRENT_DESKTOP', 'ubuntu:GNOME'), ('XMODIFIERS', '@im=ibus'), ('XDG_SESSION_DESKTOP', 'ubuntu'), ('XAUTHORITY', '/run/user/1000/gdm/Xauthority'), ('LS_COLORS', 'rs=0:di=01;34:ln=01;36:mh=00:pi=40;33:so=01;35:do=01;35:bd=40;33;01:cd=40;33;01:or=40;31;01:mi=00:su=37;41:sg=30;43:ca=30;41:tw=30;42:ow=34;42:st=37;44:ex=01;32:*.tar=01;31:*.tgz=01;31:*.arc=01;31:*.arj=01;31:*.taz=01;31:*.lha=01;31:*.lz4=01;31:*.lzh=01;31:*.lzma=01;31:*.tlz=01;31:*.txz=01;31:*.tzo=01;31:*.t7z=01;31:*.zip=01;31:*.z=01;31:*.dz=01;31:*.gz=01;31:*.lrz=01;31:*.lz=01;31:*.lzo=01;31:*.xz=01;31:*.zst=01;31:*.tzst=01;31:*.bz2=01;31:*.bz=01;31:*.tbz=01;31:*.tbz2=01;31:*.tz=01;31:*.deb=01;31:*.rpm=01;31:*.jar=01;31:*.war=01;31:*.ear=01;31:*.sar=01;31:*.rar=01;31:*.alz=01;31:*.ace=01;31:*.zoo=01;31:*.cpio=01;31:*.7z=01;31:*.rz=01;31:*.cab=01;31:*.wim=01;31:*.swm=01;31:*.dwm=01;31:*.esd=01;31:*.jpg=01;35:*.jpeg=01;35:*.mjpg=01;35:*.mjpeg=01;35:*.gif=01;35:*.bmp=01;35:*.pbm=01;35:*.pgm=01;35:*.ppm=01;35:*.tga=01;35:*.xbm=01;35:*.xpm=01;35:*.tif=01;35:*.tiff=01;35:*.png=01;35:*.svg=01;35:*.svgz=01;35:*.mng=01;35:*.pcx=01;35:*.mov=01;35:*.mpg=01;35:*.mpeg=01;35:*.m2v=01;35:*.mkv=01;35:*.webm=01;35:*.ogm=01;35:*.mp4=01;35:*.m4v=01;35:*.mp4v=01;35:*.vob=01;35:*.qt=01;35:*.nuv=01;35:*.wmv=01;35:*.asf=01;35:*.rm=01;35:*.rmvb=01;35:*.flc=01;35:*.avi=01;35:*.fli=01;35:*.flv=01;35:*.gl=01;35:*.dl=01;35:*.xcf=01;35:*.xwd=01;35:*.yuv=01;35:*.cgm=01;35:*.emf=01;35:*.ogv=01;35:*.ogx=01;35:*.aac=00;36:*.au=00;36:*.flac=00;36:*.m4a=00;36:*.mid=00;36:*.midi=00;36:*.mka=00;36:*.mp3=00;36:*.mpc=00;36:*.ogg=00;36:*.ra=00;36:*.wav=00;36:*.oga=00;36:*.opus=00;36:*.spx=00;36:*.xspf=00;36:'), ('GNOME_TERMINAL_SERVICE', ':1.113'), ('SSH_AUTH_SOCK', '/run/user/1000/keyring/ssh'), ('ROS_DOMAIN_ID', '2'), ('AMENT_PREFIX_PATH', '/opt/ros/foxy'), ('CONDA_PYTHON_EXE', '/home/qianlab/miniconda3/bin/python'), ('SHELL', '/bin/bash'), ('QT_ACCESSIBILITY', '1'), ('GDMSESSION', 'ubuntu'), ('LESSCLOSE', '/usr/bin/lesspipe %s %s'), ('GPG_AGENT_INFO', '/run/user/1000/gnupg/S.gpg-agent:0:1'), ('QT_IM_MODULE', 'ibus'), ('PWD', '/home/qianlab/single_turtle_workspace/build/traveler_msgs'), ('XDG_CONFIG_DIRS', '/etc/xdg/xdg-ubuntu:/etc/xdg'), ('CONDA_EXE', '/home/qianlab/miniconda3/bin/conda'), ('NVM_CD_FLAGS', ''), ('XDG_DATA_DIRS', '/usr/share/ubuntu:/usr/local/share/:/usr/share/:/var/lib/snapd/desktop'), ('PYTHONPATH', '/opt/ros/foxy/lib/python3.8/site-packages'), ('CUSTOM_ENV_NAME', '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'), ('COLCON', '1'), ('VTE_VERSION', '6003'), ('CMAKE_PREFIX_PATH', '/opt/ros/foxy')]), 'shell': False}
[4.227600] (traveler_msgs) StdoutLine: {'line': b'-- Install configuration: ""\n'}
[4.228736] (traveler_msgs) StdoutLine: {'line': b'-- Installing: /home/qianlab/single_turtle_workspace/install/traveler_msgs/share/ament_index/resource_index/rosidl_interfaces/traveler_msgs\n'}
[4.229035] (traveler_msgs) StdoutLine: {'line': b'-- Installing: /home/qianlab/single_turtle_workspace/install/traveler_msgs/include/traveler_msgs\n'}
[4.229343] (traveler_msgs) StdoutLine: {'line': b'-- Installing: /home/qianlab/single_turtle_workspace/install/traveler_msgs/include/traveler_msgs/msg\n'}
[4.229465] (traveler_msgs) StdoutLine: {'line': b'-- Installing: /home/qianlab/single_turtle_workspace/install/traveler_msgs/include/traveler_msgs/msg/rosidl_generator_c__visibility_control.h\n'}
[4.229540] (traveler_msgs) StdoutLine: {'line': b'-- Installing: /home/qianlab/single_turtle_workspace/install/traveler_msgs/include/traveler_msgs/msg/set_state.h\n'}
[4.229674] (traveler_msgs) StdoutLine: {'line': b'-- Installing: /home/qianlab/single_turtle_workspace/install/traveler_msgs/include/traveler_msgs/msg/traveler_mode.h\n'}
[4.229744] (traveler_msgs) StdoutLine: {'line': b'-- Installing: /home/qianlab/single_turtle_workspace/install/traveler_msgs/include/traveler_msgs/msg/odrive_status.h\n'}
[4.229810] (traveler_msgs) StdoutLine: {'line': b'-- Installing: /home/qianlab/single_turtle_workspace/install/traveler_msgs/include/traveler_msgs/msg/traveler_config.h\n'}
[4.229876] (traveler_msgs) StdoutLine: {'line': b'-- Installing: /home/qianlab/single_turtle_workspace/install/traveler_msgs/include/traveler_msgs/msg/traveler_status.h\n'}
[4.229955] (traveler_msgs) StdoutLine: {'line': b'-- Installing: /home/qianlab/single_turtle_workspace/install/traveler_msgs/include/traveler_msgs/msg/set_input_position.h\n'}
[4.230023] (traveler_msgs) StdoutLine: {'line': b'-- Installing: /home/qianlab/single_turtle_workspace/install/traveler_msgs/include/traveler_msgs/msg/detail\n'}
[4.230089] (traveler_msgs) StdoutLine: {'line': b'-- Installing: /home/qianlab/single_turtle_workspace/install/traveler_msgs/include/traveler_msgs/msg/detail/set_state__struct.h\n'}
[4.230155] (traveler_msgs) StdoutLine: {'line': b'-- Installing: /home/qianlab/single_turtle_workspace/install/traveler_msgs/include/traveler_msgs/msg/detail/traveler_config__struct.h\n'}
[4.230220] (traveler_msgs) StdoutLine: {'line': b'-- Installing: /home/qianlab/single_turtle_workspace/install/traveler_msgs/include/traveler_msgs/msg/detail/odrive_status__struct.h\n'}
[4.230293] (traveler_msgs) StdoutLine: {'line': b'-- Installing: /home/qianlab/single_turtle_workspace/install/traveler_msgs/include/traveler_msgs/msg/detail/odrive_status__functions.c\n'}
[4.230423] (traveler_msgs) StdoutLine: {'line': b'-- Installing: /home/qianlab/single_turtle_workspace/install/traveler_msgs/include/traveler_msgs/msg/detail/traveler_config__functions.h\n'}
[4.230527] (traveler_msgs) StdoutLine: {'line': b'-- Installing: /home/qianlab/single_turtle_workspace/install/traveler_msgs/include/traveler_msgs/msg/detail/traveler_config__functions.c\n'}
[4.230591] (traveler_msgs) StdoutLine: {'line': b'-- Installing: /home/qianlab/single_turtle_workspace/install/traveler_msgs/include/traveler_msgs/msg/detail/traveler_status__functions.h\n'}
[4.230653] (traveler_msgs) StdoutLine: {'line': b'-- Installing: /home/qianlab/single_turtle_workspace/install/traveler_msgs/include/traveler_msgs/msg/detail/odrive_status__type_support.h\n'}
[4.230741] (traveler_msgs) StdoutLine: {'line': b'-- Installing: /home/qianlab/single_turtle_workspace/install/traveler_msgs/include/traveler_msgs/msg/detail/traveler_mode__functions.h\n'}
[4.230808] (traveler_msgs) StdoutLine: {'line': b'-- Installing: /home/qianlab/single_turtle_workspace/install/traveler_msgs/include/traveler_msgs/msg/detail/set_input_position__functions.c\n'}
[4.230873] (traveler_msgs) StdoutLine: {'line': b'-- Installing: /home/qianlab/single_turtle_workspace/install/traveler_msgs/include/traveler_msgs/msg/detail/traveler_status__struct.h\n'}
[4.230982] (traveler_msgs) StdoutLine: {'line': b'-- Installing: /home/qianlab/single_turtle_workspace/install/traveler_msgs/include/traveler_msgs/msg/detail/traveler_status__functions.c\n'}
[4.231047] (traveler_msgs) StdoutLine: {'line': b'-- Installing: /home/qianlab/single_turtle_workspace/install/traveler_msgs/include/traveler_msgs/msg/detail/traveler_mode__struct.h\n'}
[4.231117] (traveler_msgs) StdoutLine: {'line': b'-- Installing: /home/qianlab/single_turtle_workspace/install/traveler_msgs/include/traveler_msgs/msg/detail/set_state__functions.h\n'}
[4.231182] (traveler_msgs) StdoutLine: {'line': b'-- Installing: /home/qianlab/single_turtle_workspace/install/traveler_msgs/include/traveler_msgs/msg/detail/set_input_position__functions.h\n'}
[4.231247] (traveler_msgs) StdoutLine: {'line': b'-- Installing: /home/qianlab/single_turtle_workspace/install/traveler_msgs/include/traveler_msgs/msg/detail/set_input_position__type_support.h\n'}
[4.231314] (traveler_msgs) StdoutLine: {'line': b'-- Installing: /home/qianlab/single_turtle_workspace/install/traveler_msgs/include/traveler_msgs/msg/detail/odrive_status__functions.h\n'}
[4.231379] (traveler_msgs) StdoutLine: {'line': b'-- Installing: /home/qianlab/single_turtle_workspace/install/traveler_msgs/include/traveler_msgs/msg/detail/traveler_mode__type_support.h\n'}
[4.231444] (traveler_msgs) StdoutLine: {'line': b'-- Installing: /home/qianlab/single_turtle_workspace/install/traveler_msgs/include/traveler_msgs/msg/detail/traveler_mode__functions.c\n'}
[4.231509] (traveler_msgs) StdoutLine: {'line': b'-- Installing: /home/qianlab/single_turtle_workspace/install/traveler_msgs/include/traveler_msgs/msg/detail/set_state__functions.c\n'}
[4.231573] (traveler_msgs) StdoutLine: {'line': b'-- Installing: /home/qianlab/single_turtle_workspace/install/traveler_msgs/include/traveler_msgs/msg/detail/set_input_position__struct.h\n'}
[4.231638] (traveler_msgs) StdoutLine: {'line': b'-- Installing: /home/qianlab/single_turtle_workspace/install/traveler_msgs/include/traveler_msgs/msg/detail/set_state__type_support.h\n'}
[4.231703] (traveler_msgs) StdoutLine: {'line': b'-- Installing: /home/qianlab/single_turtle_workspace/install/traveler_msgs/include/traveler_msgs/msg/detail/traveler_status__type_support.h\n'}
[4.231768] (traveler_msgs) StdoutLine: {'line': b'-- Installing: /home/qianlab/single_turtle_workspace/install/traveler_msgs/include/traveler_msgs/msg/detail/traveler_config__type_support.h\n'}
[4.231832] (traveler_msgs) StdoutLine: {'line': b'-- Installing: /home/qianlab/single_turtle_workspace/install/traveler_msgs/share/traveler_msgs/environment/library_path.sh\n'}
[4.231989] (traveler_msgs) StdoutLine: {'line': b'-- Installing: /home/qianlab/single_turtle_workspace/install/traveler_msgs/share/traveler_msgs/environment/library_path.dsv\n'}
[4.232054] (traveler_msgs) StdoutLine: {'line': b'-- Installing: /home/qianlab/single_turtle_workspace/install/traveler_msgs/lib/libtraveler_msgs__rosidl_generator_c.so\n'}
[4.232120] (traveler_msgs) StdoutLine: {'line': b'-- Set runtime path of "/home/qianlab/single_turtle_workspace/install/traveler_msgs/lib/libtraveler_msgs__rosidl_generator_c.so" to ""\n'}
[4.232187] (traveler_msgs) StdoutLine: {'line': b'-- Up-to-date: /home/qianlab/single_turtle_workspace/install/traveler_msgs/include/traveler_msgs\n'}
[4.232253] (traveler_msgs) StdoutLine: {'line': b'-- Up-to-date: /home/qianlab/single_turtle_workspace/install/traveler_msgs/include/traveler_msgs/msg\n'}
[4.232320] (traveler_msgs) StdoutLine: {'line': b'-- Installing: /home/qianlab/single_turtle_workspace/install/traveler_msgs/include/traveler_msgs/msg/rosidl_typesupport_fastrtps_c__visibility_control.h\n'}
[4.232385] (traveler_msgs) StdoutLine: {'line': b'-- Up-to-date: /home/qianlab/single_turtle_workspace/install/traveler_msgs/include/traveler_msgs/msg/detail\n'}
[4.232450] (traveler_msgs) StdoutLine: {'line': b'-- Installing: /home/qianlab/single_turtle_workspace/install/traveler_msgs/include/traveler_msgs/msg/detail/traveler_config__rosidl_typesupport_fastrtps_c.h\n'}
[4.232587] (traveler_msgs) StdoutLine: {'line': b'-- Installing: /home/qianlab/single_turtle_workspace/install/traveler_msgs/include/traveler_msgs/msg/detail/traveler_mode__rosidl_typesupport_fastrtps_c.h\n'}
[4.232681] (traveler_msgs) StdoutLine: {'line': b'-- Installing: /home/qianlab/single_turtle_workspace/install/traveler_msgs/include/traveler_msgs/msg/detail/traveler_status__rosidl_typesupport_fastrtps_c.h\n'}
[4.232748] (traveler_msgs) StdoutLine: {'line': b'-- Installing: /home/qianlab/single_turtle_workspace/install/traveler_msgs/include/traveler_msgs/msg/detail/set_input_position__rosidl_typesupport_fastrtps_c.h\n'}
[4.232813] (traveler_msgs) StdoutLine: {'line': b'-- Installing: /home/qianlab/single_turtle_workspace/install/traveler_msgs/include/traveler_msgs/msg/detail/set_state__rosidl_typesupport_fastrtps_c.h\n'}
[4.232878] (traveler_msgs) StdoutLine: {'line': b'-- Installing: /home/qianlab/single_turtle_workspace/install/traveler_msgs/include/traveler_msgs/msg/detail/odrive_status__rosidl_typesupport_fastrtps_c.h\n'}
[4.232943] (traveler_msgs) StdoutLine: {'line': b'-- Installing: /home/qianlab/single_turtle_workspace/install/traveler_msgs/lib/libtraveler_msgs__rosidl_typesupport_fastrtps_c.so\n'}
[4.233008] (traveler_msgs) StdoutLine: {'line': b'-- Set runtime path of "/home/qianlab/single_turtle_workspace/install/traveler_msgs/lib/libtraveler_msgs__rosidl_typesupport_fastrtps_c.so" to ""\n'}
[4.233074] (traveler_msgs) StdoutLine: {'line': b'-- Up-to-date: /home/qianlab/single_turtle_workspace/install/traveler_msgs/include/traveler_msgs\n'}
[4.233139] (traveler_msgs) StdoutLine: {'line': b'-- Up-to-date: /home/qianlab/single_turtle_workspace/install/traveler_msgs/include/traveler_msgs/msg\n'}
[4.233204] (traveler_msgs) StdoutLine: {'line': b'-- Up-to-date: /home/qianlab/single_turtle_workspace/install/traveler_msgs/include/traveler_msgs/msg/detail\n'}
[4.233269] (traveler_msgs) StdoutLine: {'line': b'-- Installing: /home/qianlab/single_turtle_workspace/install/traveler_msgs/include/traveler_msgs/msg/detail/traveler_config__rosidl_typesupport_fastrtps_cpp.hpp\n'}
[4.233336] (traveler_msgs) StdoutLine: {'line': b'-- Installing: /home/qianlab/single_turtle_workspace/install/traveler_msgs/include/traveler_msgs/msg/detail/traveler_mode__rosidl_typesupport_fastrtps_cpp.hpp\n'}
[4.233401] (traveler_msgs) StdoutLine: {'line': b'-- Installing: /home/qianlab/single_turtle_workspace/install/traveler_msgs/include/traveler_msgs/msg/detail/set_input_position__rosidl_typesupport_fastrtps_cpp.hpp\n'}
[4.233466] (traveler_msgs) StdoutLine: {'line': b'-- Installing: /home/qianlab/single_turtle_workspace/install/traveler_msgs/include/traveler_msgs/msg/detail/dds_fastrtps\n'}
[4.233531] (traveler_msgs) StdoutLine: {'line': b'-- Installing: /home/qianlab/single_turtle_workspace/install/traveler_msgs/include/traveler_msgs/msg/detail/traveler_status__rosidl_typesupport_fastrtps_cpp.hpp\n'}
[4.233597] (traveler_msgs) StdoutLine: {'line': b'-- Installing: /home/qianlab/single_turtle_workspace/install/traveler_msgs/include/traveler_msgs/msg/detail/odrive_status__rosidl_typesupport_fastrtps_cpp.hpp\n'}
[4.233661] (traveler_msgs) StdoutLine: {'line': b'-- Installing: /home/qianlab/single_turtle_workspace/install/traveler_msgs/include/traveler_msgs/msg/detail/set_state__rosidl_typesupport_fastrtps_cpp.hpp\n'}
[4.233727] (traveler_msgs) StdoutLine: {'line': b'-- Installing: /home/qianlab/single_turtle_workspace/install/traveler_msgs/include/traveler_msgs/msg/rosidl_typesupport_fastrtps_cpp__visibility_control.h\n'}
[4.233792] (traveler_msgs) StdoutLine: {'line': b'-- Installing: /home/qianlab/single_turtle_workspace/install/traveler_msgs/lib/libtraveler_msgs__rosidl_typesupport_fastrtps_cpp.so\n'}
[4.233857] (traveler_msgs) StdoutLine: {'line': b'-- Set runtime path of "/home/qianlab/single_turtle_workspace/install/traveler_msgs/lib/libtraveler_msgs__rosidl_typesupport_fastrtps_cpp.so" to ""\n'}
[4.233922] (traveler_msgs) StdoutLine: {'line': b'-- Up-to-date: /home/qianlab/single_turtle_workspace/install/traveler_msgs/include/traveler_msgs\n'}
[4.234006] (traveler_msgs) StdoutLine: {'line': b'-- Up-to-date: /home/qianlab/single_turtle_workspace/install/traveler_msgs/include/traveler_msgs/msg\n'}
[4.234192] (traveler_msgs) StdoutLine: {'line': b'-- Installing: /home/qianlab/single_turtle_workspace/install/traveler_msgs/include/traveler_msgs/msg/rosidl_typesupport_introspection_c__visibility_control.h\n'}
[4.234265] (traveler_msgs) StdoutLine: {'line': b'-- Up-to-date: /home/qianlab/single_turtle_workspace/install/traveler_msgs/include/traveler_msgs/msg/detail\n'}
[4.234354] (traveler_msgs) StdoutLine: {'line': b'-- Installing: /home/qianlab/single_turtle_workspace/install/traveler_msgs/include/traveler_msgs/msg/detail/traveler_status__rosidl_typesupport_introspection_c.h\n'}
[4.234433] (traveler_msgs) StdoutLine: {'line': b'-- Installing: /home/qianlab/single_turtle_workspace/install/traveler_msgs/include/traveler_msgs/msg/detail/traveler_config__rosidl_typesupport_introspection_c.h\n'}
[4.234499] (traveler_msgs) StdoutLine: {'line': b'-- Installing: /home/qianlab/single_turtle_workspace/install/traveler_msgs/include/traveler_msgs/msg/detail/set_state__type_support.c\n'}
[4.234566] (traveler_msgs) StdoutLine: {'line': b'-- Installing: /home/qianlab/single_turtle_workspace/install/traveler_msgs/include/traveler_msgs/msg/detail/traveler_mode__rosidl_typesupport_introspection_c.h\n'}
[4.234659] (traveler_msgs) StdoutLine: {'line': b'-- Installing: /home/qianlab/single_turtle_workspace/install/traveler_msgs/include/traveler_msgs/msg/detail/set_input_position__rosidl_typesupport_introspection_c.h\n'}
[4.234725] (traveler_msgs) StdoutLine: {'line': b'-- Installing: /home/qianlab/single_turtle_workspace/install/traveler_msgs/include/traveler_msgs/msg/detail/odrive_status__rosidl_typesupport_introspection_c.h\n'}
[4.234791] (traveler_msgs) StdoutLine: {'line': b'-- Installing: /home/qianlab/single_turtle_workspace/install/traveler_msgs/include/traveler_msgs/msg/detail/traveler_mode__type_support.c\n'}
[4.234858] (traveler_msgs) StdoutLine: {'line': b'-- Installing: /home/qianlab/single_turtle_workspace/install/traveler_msgs/include/traveler_msgs/msg/detail/set_input_position__type_support.c\n'}
[4.234921] (traveler_msgs) StdoutLine: {'line': b'-- Installing: /home/qianlab/single_turtle_workspace/install/traveler_msgs/include/traveler_msgs/msg/detail/set_state__rosidl_typesupport_introspection_c.h\n'}
[4.234989] (traveler_msgs) StdoutLine: {'line': b'-- Installing: /home/qianlab/single_turtle_workspace/install/traveler_msgs/include/traveler_msgs/msg/detail/traveler_status__type_support.c\n'}
[4.235055] (traveler_msgs) StdoutLine: {'line': b'-- Installing: /home/qianlab/single_turtle_workspace/install/traveler_msgs/include/traveler_msgs/msg/detail/traveler_config__type_support.c\n'}
[4.235119] (traveler_msgs) StdoutLine: {'line': b'-- Installing: /home/qianlab/single_turtle_workspace/install/traveler_msgs/include/traveler_msgs/msg/detail/odrive_status__type_support.c\n'}
[4.235182] (traveler_msgs) StdoutLine: {'line': b'-- Installing: /home/qianlab/single_turtle_workspace/install/traveler_msgs/lib/libtraveler_msgs__rosidl_typesupport_introspection_c.so\n'}
[4.235249] (traveler_msgs) StdoutLine: {'line': b'-- Set runtime path of "/home/qianlab/single_turtle_workspace/install/traveler_msgs/lib/libtraveler_msgs__rosidl_typesupport_introspection_c.so" to ""\n'}
[4.235312] (traveler_msgs) StdoutLine: {'line': b'-- Installing: /home/qianlab/single_turtle_workspace/install/traveler_msgs/lib/libtraveler_msgs__rosidl_typesupport_c.so\n'}
[4.235375] (traveler_msgs) StdoutLine: {'line': b'-- Set runtime path of "/home/qianlab/single_turtle_workspace/install/traveler_msgs/lib/libtraveler_msgs__rosidl_typesupport_c.so" to ""\n'}
[4.235437] (traveler_msgs) StdoutLine: {'line': b'-- Up-to-date: /home/qianlab/single_turtle_workspace/install/traveler_msgs/include/traveler_msgs\n'}
[4.235500] (traveler_msgs) StdoutLine: {'line': b'-- Up-to-date: /home/qianlab/single_turtle_workspace/install/traveler_msgs/include/traveler_msgs/msg\n'}
[4.235569] (traveler_msgs) StdoutLine: {'line': b'-- Installing: /home/qianlab/single_turtle_workspace/install/traveler_msgs/include/traveler_msgs/msg/set_state.hpp\n'}
[4.235633] (traveler_msgs) StdoutLine: {'line': b'-- Installing: /home/qianlab/single_turtle_workspace/install/traveler_msgs/include/traveler_msgs/msg/rosidl_generator_cpp__visibility_control.hpp\n'}
[4.235698] (traveler_msgs) StdoutLine: {'line': b'-- Installing: /home/qianlab/single_turtle_workspace/install/traveler_msgs/include/traveler_msgs/msg/traveler_status.hpp\n'}
[4.235762] (traveler_msgs) StdoutLine: {'line': b'-- Installing: /home/qianlab/single_turtle_workspace/install/traveler_msgs/include/traveler_msgs/msg/traveler_mode.hpp\n'}
[4.235826] (traveler_msgs) StdoutLine: {'line': b'-- Installing: /home/qianlab/single_turtle_workspace/install/traveler_msgs/include/traveler_msgs/msg/traveler_config.hpp\n'}
[4.235890] (traveler_msgs) StdoutLine: {'line': b'-- Installing: /home/qianlab/single_turtle_workspace/install/traveler_msgs/include/traveler_msgs/msg/set_input_position.hpp\n'}
[4.235953] (traveler_msgs) StdoutLine: {'line': b'-- Installing: /home/qianlab/single_turtle_workspace/install/traveler_msgs/include/traveler_msgs/msg/odrive_status.hpp\n'}
[4.236016] (traveler_msgs) StdoutLine: {'line': b'-- Up-to-date: /home/qianlab/single_turtle_workspace/install/traveler_msgs/include/traveler_msgs/msg/detail\n'}
[4.236080] (traveler_msgs) StdoutLine: {'line': b'-- Installing: /home/qianlab/single_turtle_workspace/install/traveler_msgs/include/traveler_msgs/msg/detail/traveler_config__builder.hpp\n'}
[4.236142] (traveler_msgs) StdoutLine: {'line': b'-- Installing: /home/qianlab/single_turtle_workspace/install/traveler_msgs/include/traveler_msgs/msg/detail/traveler_status__builder.hpp\n'}
[4.236205] (traveler_msgs) StdoutLine: {'line': b'-- Installing: /home/qianlab/single_turtle_workspace/install/traveler_msgs/include/traveler_msgs/msg/detail/traveler_config__type_support.hpp\n'}
[4.236277] (traveler_msgs) StdoutLine: {'line': b'-- Installing: /home/qianlab/single_turtle_workspace/install/traveler_msgs/include/traveler_msgs/msg/detail/traveler_config__traits.hpp\n'}
[4.236341] (traveler_msgs) StdoutLine: {'line': b'-- Installing: /home/qianlab/single_turtle_workspace/install/traveler_msgs/include/traveler_msgs/msg/detail/traveler_mode__builder.hpp\n'}
[4.236402] (traveler_msgs) StdoutLine: {'line': b'-- Installing: /home/qianlab/single_turtle_workspace/install/traveler_msgs/include/traveler_msgs/msg/detail/odrive_status__traits.hpp\n'}
[4.236460] (traveler_msgs) StdoutLine: {'line': b'-- Installing: /home/qianlab/single_turtle_workspace/install/traveler_msgs/include/traveler_msgs/msg/detail/set_input_position__struct.hpp\n'}
[4.236523] (traveler_msgs) StdoutLine: {'line': b'-- Installing: /home/qianlab/single_turtle_workspace/install/traveler_msgs/include/traveler_msgs/msg/detail/set_state__traits.hpp\n'}
[4.236582] (traveler_msgs) StdoutLine: {'line': b'-- Installing: /home/qianlab/single_turtle_workspace/install/traveler_msgs/include/traveler_msgs/msg/detail/odrive_status__builder.hpp\n'}
[4.236641] (traveler_msgs) StdoutLine: {'line': b'-- Installing: /home/qianlab/single_turtle_workspace/install/traveler_msgs/include/traveler_msgs/msg/detail/traveler_mode__struct.hpp\n'}
[4.236700] (traveler_msgs) StdoutLine: {'line': b'-- Installing: /home/qianlab/single_turtle_workspace/install/traveler_msgs/include/traveler_msgs/msg/detail/set_state__builder.hpp\n'}
[4.236759] (traveler_msgs) StdoutLine: {'line': b'-- Installing: /home/qianlab/single_turtle_workspace/install/traveler_msgs/include/traveler_msgs/msg/detail/set_input_position__type_support.hpp\n'}
[4.236818] (traveler_msgs) StdoutLine: {'line': b'-- Installing: /home/qianlab/single_turtle_workspace/install/traveler_msgs/include/traveler_msgs/msg/detail/traveler_status__traits.hpp\n'}
[4.236877] (traveler_msgs) StdoutLine: {'line': b'-- Installing: /home/qianlab/single_turtle_workspace/install/traveler_msgs/include/traveler_msgs/msg/detail/traveler_mode__type_support.hpp\n'}
[4.236939] (traveler_msgs) StdoutLine: {'line': b'-- Installing: /home/qianlab/single_turtle_workspace/install/traveler_msgs/include/traveler_msgs/msg/detail/set_state__type_support.hpp\n'}
[4.236997] (traveler_msgs) StdoutLine: {'line': b'-- Installing: /home/qianlab/single_turtle_workspace/install/traveler_msgs/include/traveler_msgs/msg/detail/traveler_config__struct.hpp\n'}
[4.237056] (traveler_msgs) StdoutLine: {'line': b'-- Installing: /home/qianlab/single_turtle_workspace/install/traveler_msgs/include/traveler_msgs/msg/detail/odrive_status__type_support.hpp\n'}
[4.237114] (traveler_msgs) StdoutLine: {'line': b'-- Installing: /home/qianlab/single_turtle_workspace/install/traveler_msgs/include/traveler_msgs/msg/detail/odrive_status__struct.hpp\n'}
[4.237173] (traveler_msgs) StdoutLine: {'line': b'-- Installing: /home/qianlab/single_turtle_workspace/install/traveler_msgs/include/traveler_msgs/msg/detail/traveler_status__type_support.hpp\n'}
[4.237231] (traveler_msgs) StdoutLine: {'line': b'-- Installing: /home/qianlab/single_turtle_workspace/install/traveler_msgs/include/traveler_msgs/msg/detail/set_input_position__builder.hpp\n'}
[4.237289] (traveler_msgs) StdoutLine: {'line': b'-- Installing: /home/qianlab/single_turtle_workspace/install/traveler_msgs/include/traveler_msgs/msg/detail/traveler_status__struct.hpp\n'}
[4.237346] (traveler_msgs) StdoutLine: {'line': b'-- Installing: /home/qianlab/single_turtle_workspace/install/traveler_msgs/include/traveler_msgs/msg/detail/traveler_mode__traits.hpp\n'}
[4.237405] (traveler_msgs) StdoutLine: {'line': b'-- Installing: /home/qianlab/single_turtle_workspace/install/traveler_msgs/include/traveler_msgs/msg/detail/set_state__struct.hpp\n'}
[4.237464] (traveler_msgs) StdoutLine: {'line': b'-- Installing: /home/qianlab/single_turtle_workspace/install/traveler_msgs/include/traveler_msgs/msg/detail/set_input_position__traits.hpp\n'}
[4.237524] (traveler_msgs) StdoutLine: {'line': b'-- Up-to-date: /home/qianlab/single_turtle_workspace/install/traveler_msgs/include/traveler_msgs\n'}
[4.237583] (traveler_msgs) StdoutLine: {'line': b'-- Up-to-date: /home/qianlab/single_turtle_workspace/install/traveler_msgs/include/traveler_msgs/msg\n'}
[4.237641] (traveler_msgs) StdoutLine: {'line': b'-- Up-to-date: /home/qianlab/single_turtle_workspace/install/traveler_msgs/include/traveler_msgs/msg/detail\n'}
[4.237700] (traveler_msgs) StdoutLine: {'line': b'-- Installing: /home/qianlab/single_turtle_workspace/install/traveler_msgs/include/traveler_msgs/msg/detail/traveler_mode__type_support.cpp\n'}
[4.237758] (traveler_msgs) StdoutLine: {'line': b'-- Installing: /home/qianlab/single_turtle_workspace/install/traveler_msgs/include/traveler_msgs/msg/detail/odrive_status__rosidl_typesupport_introspection_cpp.hpp\n'}
[4.237817] (traveler_msgs) StdoutLine: {'line': b'-- Installing: /home/qianlab/single_turtle_workspace/install/traveler_msgs/include/traveler_msgs/msg/detail/set_state__rosidl_typesupport_introspection_cpp.hpp\n'}
[4.237875] (traveler_msgs) StdoutLine: {'line': b'-- Installing: /home/qianlab/single_turtle_workspace/install/traveler_msgs/include/traveler_msgs/msg/detail/traveler_status__type_support.cpp\n'}
[4.237934] (traveler_msgs) StdoutLine: {'line': b'-- Installing: /home/qianlab/single_turtle_workspace/install/traveler_msgs/include/traveler_msgs/msg/detail/traveler_status__rosidl_typesupport_introspection_cpp.hpp\n'}
[4.237992] (traveler_msgs) StdoutLine: {'line': b'-- Installing: /home/qianlab/single_turtle_workspace/install/traveler_msgs/include/traveler_msgs/msg/detail/set_input_position__rosidl_typesupport_introspection_cpp.hpp\n'}
[4.238056] (traveler_msgs) StdoutLine: {'line': b'-- Installing: /home/qianlab/single_turtle_workspace/install/traveler_msgs/include/traveler_msgs/msg/detail/odrive_status__type_support.cpp\n'}
[4.238114] (traveler_msgs) StdoutLine: {'line': b'-- Installing: /home/qianlab/single_turtle_workspace/install/traveler_msgs/include/traveler_msgs/msg/detail/traveler_mode__rosidl_typesupport_introspection_cpp.hpp\n'}
[4.238175] (traveler_msgs) StdoutLine: {'line': b'-- Installing: /home/qianlab/single_turtle_workspace/install/traveler_msgs/include/traveler_msgs/msg/detail/set_state__type_support.cpp\n'}
[4.238241] (traveler_msgs) StdoutLine: {'line': b'-- Installing: /home/qianlab/single_turtle_workspace/install/traveler_msgs/include/traveler_msgs/msg/detail/traveler_config__type_support.cpp\n'}
[4.238315] (traveler_msgs) StdoutLine: {'line': b'-- Installing: /home/qianlab/single_turtle_workspace/install/traveler_msgs/include/traveler_msgs/msg/detail/set_input_position__type_support.cpp\n'}
[4.238375] (traveler_msgs) StdoutLine: {'line': b'-- Installing: /home/qianlab/single_turtle_workspace/install/traveler_msgs/include/traveler_msgs/msg/detail/traveler_config__rosidl_typesupport_introspection_cpp.hpp\n'}
[4.238433] (traveler_msgs) StdoutLine: {'line': b'-- Installing: /home/qianlab/single_turtle_workspace/install/traveler_msgs/lib/libtraveler_msgs__rosidl_typesupport_introspection_cpp.so\n'}
[4.238492] (traveler_msgs) StdoutLine: {'line': b'-- Set runtime path of "/home/qianlab/single_turtle_workspace/install/traveler_msgs/lib/libtraveler_msgs__rosidl_typesupport_introspection_cpp.so" to ""\n'}
[4.238551] (traveler_msgs) StdoutLine: {'line': b'-- Installing: /home/qianlab/single_turtle_workspace/install/traveler_msgs/lib/libtraveler_msgs__rosidl_typesupport_cpp.so\n'}
[4.238610] (traveler_msgs) StdoutLine: {'line': b'-- Set runtime path of "/home/qianlab/single_turtle_workspace/install/traveler_msgs/lib/libtraveler_msgs__rosidl_typesupport_cpp.so" to ""\n'}
[4.238668] (traveler_msgs) StdoutLine: {'line': b'-- Installing: /home/qianlab/single_turtle_workspace/install/traveler_msgs/share/traveler_msgs/environment/pythonpath.sh\n'}
[4.238726] (traveler_msgs) StdoutLine: {'line': b'-- Installing: /home/qianlab/single_turtle_workspace/install/traveler_msgs/share/traveler_msgs/environment/pythonpath.dsv\n'}
[4.238783] (traveler_msgs) StdoutLine: {'line': b'-- Installing: /home/qianlab/single_turtle_workspace/install/traveler_msgs/lib/python3.8/site-packages/traveler_msgs/__init__.py\n'}
[4.252714] (traveler_msgs) StdoutLine: {'line': b"Compiling '/home/qianlab/single_turtle_workspace/install/traveler_msgs/lib/python3.8/site-packages/traveler_msgs/__init__.py'...\n"}
[4.254925] (traveler_msgs) StdoutLine: {'line': b'-- Installing: /home/qianlab/single_turtle_workspace/install/traveler_msgs/lib/python3.8/site-packages/traveler_msgs/msg\n'}
[4.255144] (traveler_msgs) StdoutLine: {'line': b'-- Installing: /home/qianlab/single_turtle_workspace/install/traveler_msgs/lib/python3.8/site-packages/traveler_msgs/msg/_set_input_position_s.c\n'}
[4.255244] (traveler_msgs) StdoutLine: {'line': b'-- Installing: /home/qianlab/single_turtle_workspace/install/traveler_msgs/lib/python3.8/site-packages/traveler_msgs/msg/_traveler_mode.py\n'}
[4.255314] (traveler_msgs) StdoutLine: {'line': b'-- Installing: /home/qianlab/single_turtle_workspace/install/traveler_msgs/lib/python3.8/site-packages/traveler_msgs/msg/_odrive_status_s.c\n'}
[4.255381] (traveler_msgs) StdoutLine: {'line': b'-- Installing: /home/qianlab/single_turtle_workspace/install/traveler_msgs/lib/python3.8/site-packages/traveler_msgs/msg/_traveler_mode_s.c\n'}
[4.255447] (traveler_msgs) StdoutLine: {'line': b'-- Installing: /home/qianlab/single_turtle_workspace/install/traveler_msgs/lib/python3.8/site-packages/traveler_msgs/msg/_traveler_status.py\n'}
[4.255511] (traveler_msgs) StdoutLine: {'line': b'-- Installing: /home/qianlab/single_turtle_workspace/install/traveler_msgs/lib/python3.8/site-packages/traveler_msgs/msg/_set_input_position.py\n'}
[4.255576] (traveler_msgs) StdoutLine: {'line': b'-- Installing: /home/qianlab/single_turtle_workspace/install/traveler_msgs/lib/python3.8/site-packages/traveler_msgs/msg/_odrive_status.py\n'}
[4.255641] (traveler_msgs) StdoutLine: {'line': b'-- Installing: /home/qianlab/single_turtle_workspace/install/traveler_msgs/lib/python3.8/site-packages/traveler_msgs/msg/_traveler_config_s.c\n'}
[4.255705] (traveler_msgs) StdoutLine: {'line': b'-- Installing: /home/qianlab/single_turtle_workspace/install/traveler_msgs/lib/python3.8/site-packages/traveler_msgs/msg/_set_state_s.c\n'}
[4.255804] (traveler_msgs) StdoutLine: {'line': b'-- Installing: /home/qianlab/single_turtle_workspace/install/traveler_msgs/lib/python3.8/site-packages/traveler_msgs/msg/_traveler_status_s.c\n'}
[4.255870] (traveler_msgs) StdoutLine: {'line': b'-- Installing: /home/qianlab/single_turtle_workspace/install/traveler_msgs/lib/python3.8/site-packages/traveler_msgs/msg/_traveler_config.py\n'}
[4.255936] (traveler_msgs) StdoutLine: {'line': b'-- Installing: /home/qianlab/single_turtle_workspace/install/traveler_msgs/lib/python3.8/site-packages/traveler_msgs/msg/_set_state.py\n'}
[4.256003] (traveler_msgs) StdoutLine: {'line': b'-- Installing: /home/qianlab/single_turtle_workspace/install/traveler_msgs/lib/python3.8/site-packages/traveler_msgs/msg/__init__.py\n'}
[4.256068] (traveler_msgs) StdoutLine: {'line': b'-- Installing: /home/qianlab/single_turtle_workspace/install/traveler_msgs/lib/python3.8/site-packages/traveler_msgs/traveler_msgs_s__rosidl_typesupport_fastrtps_c.cpython-38-x86_64-linux-gnu.so\n'}
[4.256179] (traveler_msgs) StdoutLine: {'line': b'-- Set runtime path of "/home/qianlab/single_turtle_workspace/install/traveler_msgs/lib/python3.8/site-packages/traveler_msgs/traveler_msgs_s__rosidl_typesupport_fastrtps_c.cpython-38-x86_64-linux-gnu.so" to ""\n'}
[4.256247] (traveler_msgs) StdoutLine: {'line': b'-- Installing: /home/qianlab/single_turtle_workspace/install/traveler_msgs/lib/python3.8/site-packages/traveler_msgs/traveler_msgs_s__rosidl_typesupport_introspection_c.cpython-38-x86_64-linux-gnu.so\n'}
[4.256309] (traveler_msgs) StdoutLine: {'line': b'-- Set runtime path of "/home/qianlab/single_turtle_workspace/install/traveler_msgs/lib/python3.8/site-packages/traveler_msgs/traveler_msgs_s__rosidl_typesupport_introspection_c.cpython-38-x86_64-linux-gnu.so" to ""\n'}
[4.256373] (traveler_msgs) StdoutLine: {'line': b'-- Installing: /home/qianlab/single_turtle_workspace/install/traveler_msgs/lib/python3.8/site-packages/traveler_msgs/traveler_msgs_s__rosidl_typesupport_c.cpython-38-x86_64-linux-gnu.so\n'}
[4.256473] (traveler_msgs) StdoutLine: {'line': b'-- Set runtime path of "/home/qianlab/single_turtle_workspace/install/traveler_msgs/lib/python3.8/site-packages/traveler_msgs/traveler_msgs_s__rosidl_typesupport_c.cpython-38-x86_64-linux-gnu.so" to ""\n'}
[4.256539] (traveler_msgs) StdoutLine: {'line': b'-- Installing: /home/qianlab/single_turtle_workspace/install/traveler_msgs/lib/libtraveler_msgs__python.so\n'}
[4.256772] (traveler_msgs) StdoutLine: {'line': b'-- Set runtime path of "/home/qianlab/single_turtle_workspace/install/traveler_msgs/lib/libtraveler_msgs__python.so" to ""\n'}
[4.256858] (traveler_msgs) StdoutLine: {'line': b'-- Installing: /home/qianlab/single_turtle_workspace/install/traveler_msgs/share/traveler_msgs/msg/OdriveStatus.idl\n'}
[4.256936] (traveler_msgs) StdoutLine: {'line': b'-- Installing: /home/qianlab/single_turtle_workspace/install/traveler_msgs/share/traveler_msgs/msg/TravelerConfig.idl\n'}
[4.257045] (traveler_msgs) StdoutLine: {'line': b'-- Installing: /home/qianlab/single_turtle_workspace/install/traveler_msgs/share/traveler_msgs/msg/TravelerMode.idl\n'}
[4.257202] (traveler_msgs) StdoutLine: {'line': b'-- Installing: /home/qianlab/single_turtle_workspace/install/traveler_msgs/share/traveler_msgs/msg/TravelerStatus.idl\n'}
[4.257269] (traveler_msgs) StdoutLine: {'line': b'-- Installing: /home/qianlab/single_turtle_workspace/install/traveler_msgs/share/traveler_msgs/msg/SetState.idl\n'}
[4.257336] (traveler_msgs) StdoutLine: {'line': b'-- Installing: /home/qianlab/single_turtle_workspace/install/traveler_msgs/share/traveler_msgs/msg/SetInputPosition.idl\n'}
[4.257415] (traveler_msgs) StdoutLine: {'line': b'-- Installing: /home/qianlab/single_turtle_workspace/install/traveler_msgs/share/traveler_msgs/msg/OdriveStatus.msg\n'}
[4.257480] (traveler_msgs) StdoutLine: {'line': b'-- Installing: /home/qianlab/single_turtle_workspace/install/traveler_msgs/share/traveler_msgs/msg/TravelerConfig.msg\n'}
[4.257546] (traveler_msgs) StdoutLine: {'line': b'-- Installing: /home/qianlab/single_turtle_workspace/install/traveler_msgs/share/traveler_msgs/msg/TravelerMode.msg\n'}
[4.257663] (traveler_msgs) StdoutLine: {'line': b'-- Installing: /home/qianlab/single_turtle_workspace/install/traveler_msgs/share/traveler_msgs/msg/TravelerStatus.msg\n'}
[4.257729] (traveler_msgs) StdoutLine: {'line': b'-- Installing: /home/qianlab/single_turtle_workspace/install/traveler_msgs/share/traveler_msgs/odrivemsg/SetState.msg\n'}
[4.257797] (traveler_msgs) StdoutLine: {'line': b'-- Installing: /home/qianlab/single_turtle_workspace/install/traveler_msgs/share/traveler_msgs/odrivemsg/SetInputPosition.msg\n'}
[4.257864] (traveler_msgs) StdoutLine: {'line': b'-- Installing: /home/qianlab/single_turtle_workspace/install/traveler_msgs/share/ament_index/resource_index/package_run_dependencies/traveler_msgs\n'}
[4.257930] (traveler_msgs) StdoutLine: {'line': b'-- Installing: /home/qianlab/single_turtle_workspace/install/traveler_msgs/share/ament_index/resource_index/parent_prefix_path/traveler_msgs\n'}
[4.257998] (traveler_msgs) StdoutLine: {'line': b'-- Installing: /home/qianlab/single_turtle_workspace/install/traveler_msgs/share/traveler_msgs/environment/ament_prefix_path.sh\n'}
[4.258084] (traveler_msgs) StdoutLine: {'line': b'-- Installing: /home/qianlab/single_turtle_workspace/install/traveler_msgs/share/traveler_msgs/environment/ament_prefix_path.dsv\n'}
[4.258196] (traveler_msgs) StdoutLine: {'line': b'-- Installing: /home/qianlab/single_turtle_workspace/install/traveler_msgs/share/traveler_msgs/environment/path.sh\n'}
[4.258288] (traveler_msgs) StdoutLine: {'line': b'-- Installing: /home/qianlab/single_turtle_workspace/install/traveler_msgs/share/traveler_msgs/environment/path.dsv\n'}
[4.258376] (traveler_msgs) StdoutLine: {'line': b'-- Installing: /home/qianlab/single_turtle_workspace/install/traveler_msgs/share/traveler_msgs/local_setup.bash\n'}
[4.258442] (traveler_msgs) StdoutLine: {'line': b'-- Installing: /home/qianlab/single_turtle_workspace/install/traveler_msgs/share/traveler_msgs/local_setup.sh\n'}
[4.258508] (traveler_msgs) StdoutLine: {'line': b'-- Installing: /home/qianlab/single_turtle_workspace/install/traveler_msgs/share/traveler_msgs/local_setup.zsh\n'}
[4.258571] (traveler_msgs) StdoutLine: {'line': b'-- Installing: /home/qianlab/single_turtle_workspace/install/traveler_msgs/share/traveler_msgs/local_setup.dsv\n'}
[4.258669] (traveler_msgs) StdoutLine: {'line': b'-- Installing: /home/qianlab/single_turtle_workspace/install/traveler_msgs/share/traveler_msgs/package.dsv\n'}
[4.258752] (traveler_msgs) StdoutLine: {'line': b'-- Installing: /home/qianlab/single_turtle_workspace/install/traveler_msgs/share/ament_index/resource_index/packages/traveler_msgs\n'}
[4.258818] (traveler_msgs) StdoutLine: {'line': b'-- Installing: /home/qianlab/single_turtle_workspace/install/traveler_msgs/share/traveler_msgs/cmake/traveler_msgs__rosidl_generator_cExport.cmake\n'}
[4.258904] (traveler_msgs) StdoutLine: {'line': b'-- Installing: /home/qianlab/single_turtle_workspace/install/traveler_msgs/share/traveler_msgs/cmake/traveler_msgs__rosidl_generator_cExport-noconfig.cmake\n'}
[4.258972] (traveler_msgs) StdoutLine: {'line': b'-- Installing: /home/qianlab/single_turtle_workspace/install/traveler_msgs/share/traveler_msgs/cmake/traveler_msgs__rosidl_typesupport_introspection_cExport.cmake\n'}
[4.259039] (traveler_msgs) StdoutLine: {'line': b'-- Installing: /home/qianlab/single_turtle_workspace/install/traveler_msgs/share/traveler_msgs/cmake/traveler_msgs__rosidl_typesupport_introspection_cExport-noconfig.cmake\n'}
[4.259106] (traveler_msgs) StdoutLine: {'line': b'-- Installing: /home/qianlab/single_turtle_workspace/install/traveler_msgs/share/traveler_msgs/cmake/traveler_msgs__rosidl_typesupport_cExport.cmake\n'}
[4.259173] (traveler_msgs) StdoutLine: {'line': b'-- Installing: /home/qianlab/single_turtle_workspace/install/traveler_msgs/share/traveler_msgs/cmake/traveler_msgs__rosidl_typesupport_cExport-noconfig.cmake\n'}
[4.259240] (traveler_msgs) StdoutLine: {'line': b'-- Installing: /home/qianlab/single_turtle_workspace/install/traveler_msgs/share/traveler_msgs/cmake/traveler_msgs__rosidl_generator_cppExport.cmake\n'}
[4.259350] (traveler_msgs) StdoutLine: {'line': b'-- Installing: /home/qianlab/single_turtle_workspace/install/traveler_msgs/share/traveler_msgs/cmake/traveler_msgs__rosidl_typesupport_introspection_cppExport.cmake\n'}
[4.259417] (traveler_msgs) StdoutLine: {'line': b'-- Installing: /home/qianlab/single_turtle_workspace/install/traveler_msgs/share/traveler_msgs/cmake/traveler_msgs__rosidl_typesupport_introspection_cppExport-noconfig.cmake\n'}
[4.259481] (traveler_msgs) StdoutLine: {'line': b'-- Installing: /home/qianlab/single_turtle_workspace/install/traveler_msgs/share/traveler_msgs/cmake/traveler_msgs__rosidl_typesupport_cppExport.cmake\n'}
[4.259547] (traveler_msgs) StdoutLine: {'line': b'-- Installing: /home/qianlab/single_turtle_workspace/install/traveler_msgs/share/traveler_msgs/cmake/traveler_msgs__rosidl_typesupport_cppExport-noconfig.cmake\n'}
[4.259630] (traveler_msgs) StdoutLine: {'line': b'-- Installing: /home/qianlab/single_turtle_workspace/install/traveler_msgs/share/traveler_msgs/cmake/rosidl_cmake-extras.cmake\n'}
[4.259698] (traveler_msgs) StdoutLine: {'line': b'-- Installing: /home/qianlab/single_turtle_workspace/install/traveler_msgs/share/traveler_msgs/cmake/ament_cmake_export_dependencies-extras.cmake\n'}
[4.259768] (traveler_msgs) StdoutLine: {'line': b'-- Installing: /home/qianlab/single_turtle_workspace/install/traveler_msgs/share/traveler_msgs/cmake/ament_cmake_export_libraries-extras.cmake\n'}
[4.259835] (traveler_msgs) StdoutLine: {'line': b'-- Installing: /home/qianlab/single_turtle_workspace/install/traveler_msgs/share/traveler_msgs/cmake/ament_cmake_export_targets-extras.cmake\n'}
[4.259900] (traveler_msgs) StdoutLine: {'line': b'-- Installing: /home/qianlab/single_turtle_workspace/install/traveler_msgs/share/traveler_msgs/cmake/ament_cmake_export_include_directories-extras.cmake\n'}
[4.259965] (traveler_msgs) StdoutLine: {'line': b'-- Installing: /home/qianlab/single_turtle_workspace/install/traveler_msgs/share/traveler_msgs/cmake/rosidl_cmake_export_typesupport_libraries-extras.cmake\n'}
[4.260029] (traveler_msgs) StdoutLine: {'line': b'-- Installing: /home/qianlab/single_turtle_workspace/install/traveler_msgs/share/traveler_msgs/cmake/rosidl_cmake_export_typesupport_targets-extras.cmake\n'}
[4.260115] (traveler_msgs) StdoutLine: {'line': b'-- Installing: /home/qianlab/single_turtle_workspace/install/traveler_msgs/share/traveler_msgs/cmake/traveler_msgsConfig.cmake\n'}
[4.260195] (traveler_msgs) StdoutLine: {'line': b'-- Installing: /home/qianlab/single_turtle_workspace/install/traveler_msgs/share/traveler_msgs/cmake/traveler_msgsConfig-version.cmake\n'}
[4.260258] (traveler_msgs) StdoutLine: {'line': b'-- Installing: /home/qianlab/single_turtle_workspace/install/traveler_msgs/share/traveler_msgs/package.xml\n'}
[4.261322] (traveler_msgs) CommandEnded: {'returncode': 0}
[4.308746] (-) TimerEvent: {}
[4.409082] (-) TimerEvent: {}
[4.509808] (-) TimerEvent: {}
[4.608094] (traveler_msgs) JobEnded: {'identifier': 'traveler_msgs', 'rc': 0}
[4.608535] (turtle_high_controller) JobStarted: {'identifier': 'turtle_high_controller'}
[4.609980] (-) TimerEvent: {}
[4.686027] (turtle_high_controller) JobProgress: {'identifier': 'turtle_high_controller', 'progress': 'cmake'}
[4.687201] (turtle_high_controller) Command: {'cmd': ['/usr/bin/cmake', '/home/qianlab/single_turtle_workspace/dependencies/traveler_controller', '-DCMAKE_INSTALL_PREFIX=/home/qianlab/single_turtle_workspace/install/turtle_high_controller'], 'cwd': '/home/qianlab/single_turtle_workspace/build/turtle_high_controller', 'env': OrderedDict([('LESSOPEN', '| /usr/bin/lesspipe %s'), ('USER', 'qianlab'), ('SSH_AGENT_PID', '2023'), ('XDG_SESSION_TYPE', 'x11'), ('SHLVL', '1'), ('LD_LIBRARY_PATH', '/home/qianlab/single_turtle_workspace/install/traveler_msgs/lib:/opt/ros/foxy/opt/yaml_cpp_vendor/lib:/opt/ros/foxy/opt/rviz_ogre_vendor/lib:/opt/ros/foxy/lib/x86_64-linux-gnu:/opt/ros/foxy/lib'), ('HOME', '/home/qianlab'), ('CONDA_SHLVL', '0'), ('OLDPWD', '/home/qianlab'), ('DESKTOP_SESSION', 'ubuntu'), ('NVM_BIN', '/home/qianlab/.nvm/versions/node/v12.18.3/bin'), ('NVM_INC', '/home/qianlab/.nvm/versions/node/v12.18.3/include/node'), ('ROS_PYTHON_VERSION', '3'), ('GNOME_SHELL_SESSION_MODE', 'ubuntu'), ('GTK_MODULES', 'gail:atk-bridge'), ('MANAGERPID', '1839'), ('DBUS_SESSION_BUS_ADDRESS', 'unix:path=/run/user/1000/bus'), ('COLORTERM', 'truecolor'), ('_CE_M', ''), ('NVM_DIR', '/home/qianlab/.nvm'), ('MANDATORY_PATH', '/usr/share/gconf/ubuntu.mandatory.path'), ('IM_CONFIG_PHASE', '1'), ('ROS_DISTRO', 'foxy'), ('LOGNAME', 'qianlab'), ('JOURNAL_STREAM', '8:49068'), ('_', '/usr/bin/colcon'), ('ROS_VERSION', '2'), ('XDG_SESSION_CLASS', 'user'), ('DEFAULTS_PATH', '/usr/share/gconf/ubuntu.default.path'), ('USERNAME', 'qianlab'), ('TERM', 'xterm-256color'), ('GNOME_DESKTOP_SESSION_ID', 'this-is-deprecated'), ('_CE_CONDA', ''), ('ROS_LOCALHOST_ONLY', '0'), ('WINDOWPATH', '2'), ('PATH', '/home/qianlab/ghost_robotics/arm_toolchain/bin:/home/qianlab/miniconda3/condabin:/home/qianlab/.nvm/versions/node/v12.18.3/bin:/opt/ros/foxy/bin:/home/qianlab/.local/bin:/usr/local/sbin:/usr/local/bin:/usr/sbin:/usr/bin:/sbin:/bin:/usr/games:/usr/local/games:/snap/bin'), ('SESSION_MANAGER', 'local/qianlab-Yoga-7-14IAL7:@/tmp/.ICE-unix/2063,unix/qianlab-Yoga-7-14IAL7:/tmp/.ICE-unix/2063'), ('INVOCATION_ID', '8c31dceda17d4aa783e742d017147791'), ('XDG_MENU_PREFIX', 'gnome-'), ('GNOME_TERMINAL_SCREEN', '/org/gnome/Terminal/screen/d160deb8_172f_4f3d_acc3_d33c05531d8b'), ('XDG_RUNTIME_DIR', '/run/user/1000'), ('DISPLAY', ':0'), ('LANG', 'en_US.UTF-8'), ('XDG_CURRENT_DESKTOP', 'ubuntu:GNOME'), ('XMODIFIERS', '@im=ibus'), ('XDG_SESSION_DESKTOP', 'ubuntu'), ('XAUTHORITY', '/run/user/1000/gdm/Xauthority'), ('LS_COLORS', 'rs=0:di=01;34:ln=01;36:mh=00:pi=40;33:so=01;35:do=01;35:bd=40;33;01:cd=40;33;01:or=40;31;01:mi=00:su=37;41:sg=30;43:ca=30;41:tw=30;42:ow=34;42:st=37;44:ex=01;32:*.tar=01;31:*.tgz=01;31:*.arc=01;31:*.arj=01;31:*.taz=01;31:*.lha=01;31:*.lz4=01;31:*.lzh=01;31:*.lzma=01;31:*.tlz=01;31:*.txz=01;31:*.tzo=01;31:*.t7z=01;31:*.zip=01;31:*.z=01;31:*.dz=01;31:*.gz=01;31:*.lrz=01;31:*.lz=01;31:*.lzo=01;31:*.xz=01;31:*.zst=01;31:*.tzst=01;31:*.bz2=01;31:*.bz=01;31:*.tbz=01;31:*.tbz2=01;31:*.tz=01;31:*.deb=01;31:*.rpm=01;31:*.jar=01;31:*.war=01;31:*.ear=01;31:*.sar=01;31:*.rar=01;31:*.alz=01;31:*.ace=01;31:*.zoo=01;31:*.cpio=01;31:*.7z=01;31:*.rz=01;31:*.cab=01;31:*.wim=01;31:*.swm=01;31:*.dwm=01;31:*.esd=01;31:*.jpg=01;35:*.jpeg=01;35:*.mjpg=01;35:*.mjpeg=01;35:*.gif=01;35:*.bmp=01;35:*.pbm=01;35:*.pgm=01;35:*.ppm=01;35:*.tga=01;35:*.xbm=01;35:*.xpm=01;35:*.tif=01;35:*.tiff=01;35:*.png=01;35:*.svg=01;35:*.svgz=01;35:*.mng=01;35:*.pcx=01;35:*.mov=01;35:*.mpg=01;35:*.mpeg=01;35:*.m2v=01;35:*.mkv=01;35:*.webm=01;35:*.ogm=01;35:*.mp4=01;35:*.m4v=01;35:*.mp4v=01;35:*.vob=01;35:*.qt=01;35:*.nuv=01;35:*.wmv=01;35:*.asf=01;35:*.rm=01;35:*.rmvb=01;35:*.flc=01;35:*.avi=01;35:*.fli=01;35:*.flv=01;35:*.gl=01;35:*.dl=01;35:*.xcf=01;35:*.xwd=01;35:*.yuv=01;35:*.cgm=01;35:*.emf=01;35:*.ogv=01;35:*.ogx=01;35:*.aac=00;36:*.au=00;36:*.flac=00;36:*.m4a=00;36:*.mid=00;36:*.midi=00;36:*.mka=00;36:*.mp3=00;36:*.mpc=00;36:*.ogg=00;36:*.ra=00;36:*.wav=00;36:*.oga=00;36:*.opus=00;36:*.spx=00;36:*.xspf=00;36:'), ('GNOME_TERMINAL_SERVICE', ':1.113'), ('SSH_AUTH_SOCK', '/run/user/1000/keyring/ssh'), ('ROS_DOMAIN_ID', '2'), ('AMENT_PREFIX_PATH', '/home/qianlab/single_turtle_workspace/install/traveler_msgs:/opt/ros/foxy'), ('CONDA_PYTHON_EXE', '/home/qianlab/miniconda3/bin/python'), ('SHELL', '/bin/bash'), ('QT_ACCESSIBILITY', '1'), ('GDMSESSION', 'ubuntu'), ('LESSCLOSE', '/usr/bin/lesspipe %s %s'), ('GPG_AGENT_INFO', '/run/user/1000/gnupg/S.gpg-agent:0:1'), ('QT_IM_MODULE', 'ibus'), ('PWD', '/home/qianlab/single_turtle_workspace/build/turtle_high_controller'), ('XDG_CONFIG_DIRS', '/etc/xdg/xdg-ubuntu:/etc/xdg'), ('CONDA_EXE', '/home/qianlab/miniconda3/bin/conda'), ('NVM_CD_FLAGS', ''), ('XDG_DATA_DIRS', '/usr/share/ubuntu:/usr/local/share/:/usr/share/:/var/lib/snapd/desktop'), ('PYTHONPATH', '/home/qianlab/single_turtle_workspace/install/traveler_msgs/lib/python3.8/site-packages:/opt/ros/foxy/lib/python3.8/site-packages'), ('CUSTOM_ENV_NAME', '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'), ('COLCON', '1'), ('VTE_VERSION', '6003'), ('CMAKE_PREFIX_PATH', '/home/qianlab/single_turtle_workspace/install/traveler_msgs:/opt/ros/foxy')]), 'shell': False}
[4.710208] (-) TimerEvent: {}
[4.718875] (turtle_high_controller) StdoutLine: {'line': b'-- The C compiler identification is GNU 9.4.0\n'}
[4.751760] (turtle_high_controller) StdoutLine: {'line': b'-- The CXX compiler identification is GNU 9.4.0\n'}
[4.754363] (turtle_high_controller) StdoutLine: {'line': b'-- Check for working C compiler: /usr/bin/cc\n'}
[4.796434] (turtle_high_controller) StdoutLine: {'line': b'-- Check for working C compiler: /usr/bin/cc -- works\n'}
[4.796949] (turtle_high_controller) StdoutLine: {'line': b'-- Detecting C compiler ABI info\n'}
[4.810409] (-) TimerEvent: {}
[4.841661] (turtle_high_controller) StdoutLine: {'line': b'-- Detecting C compiler ABI info - done\n'}
[4.848021] (turtle_high_controller) StdoutLine: {'line': b'-- Detecting C compile features\n'}
[4.848252] (turtle_high_controller) StdoutLine: {'line': b'-- Detecting C compile features - done\n'}
[4.849532] (turtle_high_controller) StdoutLine: {'line': b'-- Check for working CXX compiler: /usr/bin/c++\n'}
[4.898821] (turtle_high_controller) StdoutLine: {'line': b'-- Check for working CXX compiler: /usr/bin/c++ -- works\n'}
[4.899856] (turtle_high_controller) StdoutLine: {'line': b'-- Detecting CXX compiler ABI info\n'}
[4.910604] (-) TimerEvent: {}
[4.951085] (turtle_high_controller) StdoutLine: {'line': b'-- Detecting CXX compiler ABI info - done\n'}
[4.957764] (turtle_high_controller) StdoutLine: {'line': b'-- Detecting CXX compile features\n'}
[4.958032] (turtle_high_controller) StdoutLine: {'line': b'-- Detecting CXX compile features - done\n'}
[4.959577] (turtle_high_controller) StdoutLine: {'line': b'-- Found ament_cmake: 0.9.12 (/opt/ros/foxy/share/ament_cmake/cmake)\n'}
[4.974753] (turtle_high_controller) StdoutLine: {'line': b'-- Found PythonInterp: /usr/bin/python3 (found suitable version "3.8.10", minimum required is "3") \n'}
[4.974893] (turtle_high_controller) StdoutLine: {'line': b'-- Using PYTHON_EXECUTABLE: /usr/bin/python3\n'}
[5.010710] (-) TimerEvent: {}
[5.095080] (turtle_high_controller) StdoutLine: {'line': b'-- Found rclcpp: 2.4.3 (/opt/ros/foxy/share/rclcpp/cmake)\n'}
[5.110833] (-) TimerEvent: {}
[5.120848] (turtle_high_controller) StdoutLine: {'line': b'-- Using all available rosidl_typesupport_c: rosidl_typesupport_fastrtps_c;rosidl_typesupport_introspection_c\n'}
[5.124481] (turtle_high_controller) StdoutLine: {'line': b'-- Found rosidl_adapter: 1.3.1 (/opt/ros/foxy/share/rosidl_adapter/cmake)\n'}
[5.172038] (turtle_high_controller) StdoutLine: {'line': b'-- Found OpenSSL: /usr/lib/x86_64-linux-gnu/libcrypto.so (found version "1.1.1f")  \n'}
[5.191173] (turtle_high_controller) StdoutLine: {'line': b'-- Found FastRTPS: /opt/ros/foxy/include  \n'}
[5.210967] (-) TimerEvent: {}
[5.236576] (turtle_high_controller) StdoutLine: {'line': b'-- Using all available rosidl_typesupport_cpp: rosidl_typesupport_fastrtps_cpp;rosidl_typesupport_introspection_cpp\n'}
[5.269866] (turtle_high_controller) StdoutLine: {'line': b'-- Found rmw_implementation_cmake: 1.0.4 (/opt/ros/foxy/share/rmw_implementation_cmake/cmake)\n'}
[5.270643] (turtle_high_controller) StdoutLine: {'line': b"-- Using RMW implementation 'rmw_fastrtps_cpp' as default\n"}
[5.271193] (turtle_high_controller) StdoutLine: {'line': b'-- Looking for pthread.h\n'}
[5.311221] (-) TimerEvent: {}
[5.317845] (turtle_high_controller) StdoutLine: {'line': b'-- Looking for pthread.h - found\n'}
[5.318063] (turtle_high_controller) StdoutLine: {'line': b'-- Performing Test CMAKE_HAVE_LIBC_PTHREAD\n'}
[5.366218] (turtle_high_controller) StdoutLine: {'line': b'-- Performing Test CMAKE_HAVE_LIBC_PTHREAD - Failed\n'}
[5.366506] (turtle_high_controller) StdoutLine: {'line': b'-- Looking for pthread_create in pthreads\n'}
[5.402865] (turtle_high_controller) StdoutLine: {'line': b'-- Looking for pthread_create in pthreads - not found\n'}
[5.403122] (turtle_high_controller) StdoutLine: {'line': b'-- Looking for pthread_create in pthread\n'}
[5.411346] (-) TimerEvent: {}
[5.450883] (turtle_high_controller) StdoutLine: {'line': b'-- Looking for pthread_create in pthread - found\n'}
[5.451768] (turtle_high_controller) StdoutLine: {'line': b'-- Found Threads: TRUE  \n'}
[5.511466] (-) TimerEvent: {}
[5.543360] (turtle_high_controller) StdoutLine: {'line': b'-- Found control_msgs: 2.5.1 (/opt/ros/foxy/share/control_msgs/cmake)\n'}
[5.611606] (-) TimerEvent: {}
[5.711981] (-) TimerEvent: {}
[5.789623] (turtle_high_controller) StdoutLine: {'line': b'-- Found traveler_msgs: 0.0.0 (/home/qianlab/single_turtle_workspace/install/traveler_msgs/share/traveler_msgs/cmake)\n'}
[5.812077] (-) TimerEvent: {}
[5.839142] (turtle_high_controller) StdoutLine: {'line': b'-- Configuring done\n'}
[5.852553] (turtle_high_controller) StdoutLine: {'line': b'-- Generating done\n'}
[5.853504] (turtle_high_controller) StdoutLine: {'line': b'-- Build files have been written to: /home/qianlab/single_turtle_workspace/build/turtle_high_controller\n'}
[5.859717] (turtle_high_controller) CommandEnded: {'returncode': 0}
[5.860143] (turtle_high_controller) JobProgress: {'identifier': 'turtle_high_controller', 'progress': 'build'}
[5.860316] (turtle_high_controller) Command: {'cmd': ['/usr/bin/cmake', '--build', '/home/qianlab/single_turtle_workspace/build/turtle_high_controller', '--', '-j12', '-l12'], 'cwd': '/home/qianlab/single_turtle_workspace/build/turtle_high_controller', 'env': OrderedDict([('LESSOPEN', '| /usr/bin/lesspipe %s'), ('USER', 'qianlab'), ('SSH_AGENT_PID', '2023'), ('XDG_SESSION_TYPE', 'x11'), ('SHLVL', '1'), ('LD_LIBRARY_PATH', '/home/qianlab/single_turtle_workspace/install/traveler_msgs/lib:/opt/ros/foxy/opt/yaml_cpp_vendor/lib:/opt/ros/foxy/opt/rviz_ogre_vendor/lib:/opt/ros/foxy/lib/x86_64-linux-gnu:/opt/ros/foxy/lib'), ('HOME', '/home/qianlab'), ('CONDA_SHLVL', '0'), ('OLDPWD', '/home/qianlab'), ('DESKTOP_SESSION', 'ubuntu'), ('NVM_BIN', '/home/qianlab/.nvm/versions/node/v12.18.3/bin'), ('NVM_INC', '/home/qianlab/.nvm/versions/node/v12.18.3/include/node'), ('ROS_PYTHON_VERSION', '3'), ('GNOME_SHELL_SESSION_MODE', 'ubuntu'), ('GTK_MODULES', 'gail:atk-bridge'), ('MANAGERPID', '1839'), ('DBUS_SESSION_BUS_ADDRESS', 'unix:path=/run/user/1000/bus'), ('COLORTERM', 'truecolor'), ('_CE_M', ''), ('NVM_DIR', '/home/qianlab/.nvm'), ('MANDATORY_PATH', '/usr/share/gconf/ubuntu.mandatory.path'), ('IM_CONFIG_PHASE', '1'), ('ROS_DISTRO', 'foxy'), ('LOGNAME', 'qianlab'), ('JOURNAL_STREAM', '8:49068'), ('_', '/usr/bin/colcon'), ('ROS_VERSION', '2'), ('XDG_SESSION_CLASS', 'user'), ('DEFAULTS_PATH', '/usr/share/gconf/ubuntu.default.path'), ('USERNAME', 'qianlab'), ('TERM', 'xterm-256color'), ('GNOME_DESKTOP_SESSION_ID', 'this-is-deprecated'), ('_CE_CONDA', ''), ('ROS_LOCALHOST_ONLY', '0'), ('WINDOWPATH', '2'), ('PATH', '/home/qianlab/ghost_robotics/arm_toolchain/bin:/home/qianlab/miniconda3/condabin:/home/qianlab/.nvm/versions/node/v12.18.3/bin:/opt/ros/foxy/bin:/home/qianlab/.local/bin:/usr/local/sbin:/usr/local/bin:/usr/sbin:/usr/bin:/sbin:/bin:/usr/games:/usr/local/games:/snap/bin'), ('SESSION_MANAGER', 'local/qianlab-Yoga-7-14IAL7:@/tmp/.ICE-unix/2063,unix/qianlab-Yoga-7-14IAL7:/tmp/.ICE-unix/2063'), ('INVOCATION_ID', '8c31dceda17d4aa783e742d017147791'), ('XDG_MENU_PREFIX', 'gnome-'), ('GNOME_TERMINAL_SCREEN', '/org/gnome/Terminal/screen/d160deb8_172f_4f3d_acc3_d33c05531d8b'), ('XDG_RUNTIME_DIR', '/run/user/1000'), ('DISPLAY', ':0'), ('LANG', 'en_US.UTF-8'), ('XDG_CURRENT_DESKTOP', 'ubuntu:GNOME'), ('XMODIFIERS', '@im=ibus'), ('XDG_SESSION_DESKTOP', 'ubuntu'), ('XAUTHORITY', '/run/user/1000/gdm/Xauthority'), ('LS_COLORS', 'rs=0:di=01;34:ln=01;36:mh=00:pi=40;33:so=01;35:do=01;35:bd=40;33;01:cd=40;33;01:or=40;31;01:mi=00:su=37;41:sg=30;43:ca=30;41:tw=30;42:ow=34;42:st=37;44:ex=01;32:*.tar=01;31:*.tgz=01;31:*.arc=01;31:*.arj=01;31:*.taz=01;31:*.lha=01;31:*.lz4=01;31:*.lzh=01;31:*.lzma=01;31:*.tlz=01;31:*.txz=01;31:*.tzo=01;31:*.t7z=01;31:*.zip=01;31:*.z=01;31:*.dz=01;31:*.gz=01;31:*.lrz=01;31:*.lz=01;31:*.lzo=01;31:*.xz=01;31:*.zst=01;31:*.tzst=01;31:*.bz2=01;31:*.bz=01;31:*.tbz=01;31:*.tbz2=01;31:*.tz=01;31:*.deb=01;31:*.rpm=01;31:*.jar=01;31:*.war=01;31:*.ear=01;31:*.sar=01;31:*.rar=01;31:*.alz=01;31:*.ace=01;31:*.zoo=01;31:*.cpio=01;31:*.7z=01;31:*.rz=01;31:*.cab=01;31:*.wim=01;31:*.swm=01;31:*.dwm=01;31:*.esd=01;31:*.jpg=01;35:*.jpeg=01;35:*.mjpg=01;35:*.mjpeg=01;35:*.gif=01;35:*.bmp=01;35:*.pbm=01;35:*.pgm=01;35:*.ppm=01;35:*.tga=01;35:*.xbm=01;35:*.xpm=01;35:*.tif=01;35:*.tiff=01;35:*.png=01;35:*.svg=01;35:*.svgz=01;35:*.mng=01;35:*.pcx=01;35:*.mov=01;35:*.mpg=01;35:*.mpeg=01;35:*.m2v=01;35:*.mkv=01;35:*.webm=01;35:*.ogm=01;35:*.mp4=01;35:*.m4v=01;35:*.mp4v=01;35:*.vob=01;35:*.qt=01;35:*.nuv=01;35:*.wmv=01;35:*.asf=01;35:*.rm=01;35:*.rmvb=01;35:*.flc=01;35:*.avi=01;35:*.fli=01;35:*.flv=01;35:*.gl=01;35:*.dl=01;35:*.xcf=01;35:*.xwd=01;35:*.yuv=01;35:*.cgm=01;35:*.emf=01;35:*.ogv=01;35:*.ogx=01;35:*.aac=00;36:*.au=00;36:*.flac=00;36:*.m4a=00;36:*.mid=00;36:*.midi=00;36:*.mka=00;36:*.mp3=00;36:*.mpc=00;36:*.ogg=00;36:*.ra=00;36:*.wav=00;36:*.oga=00;36:*.opus=00;36:*.spx=00;36:*.xspf=00;36:'), ('GNOME_TERMINAL_SERVICE', ':1.113'), ('SSH_AUTH_SOCK', '/run/user/1000/keyring/ssh'), ('ROS_DOMAIN_ID', '2'), ('AMENT_PREFIX_PATH', '/home/qianlab/single_turtle_workspace/install/traveler_msgs:/opt/ros/foxy'), ('CONDA_PYTHON_EXE', '/home/qianlab/miniconda3/bin/python'), ('SHELL', '/bin/bash'), ('QT_ACCESSIBILITY', '1'), ('GDMSESSION', 'ubuntu'), ('LESSCLOSE', '/usr/bin/lesspipe %s %s'), ('GPG_AGENT_INFO', '/run/user/1000/gnupg/S.gpg-agent:0:1'), ('QT_IM_MODULE', 'ibus'), ('PWD', '/home/qianlab/single_turtle_workspace/build/turtle_high_controller'), ('XDG_CONFIG_DIRS', '/etc/xdg/xdg-ubuntu:/etc/xdg'), ('CONDA_EXE', '/home/qianlab/miniconda3/bin/conda'), ('NVM_CD_FLAGS', ''), ('XDG_DATA_DIRS', '/usr/share/ubuntu:/usr/local/share/:/usr/share/:/var/lib/snapd/desktop'), ('PYTHONPATH', '/home/qianlab/single_turtle_workspace/install/traveler_msgs/lib/python3.8/site-packages:/opt/ros/foxy/lib/python3.8/site-packages'), ('CUSTOM_ENV_NAME', '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'), ('COLCON', '1'), ('VTE_VERSION', '6003'), ('CMAKE_PREFIX_PATH', '/home/qianlab/single_turtle_workspace/install/traveler_msgs:/opt/ros/foxy')]), 'shell': False}
[5.887922] (turtle_high_controller) StdoutLine: {'line': b'\x1b[35m\x1b[1mScanning dependencies of target odrive_can_interface\x1b[0m\n'}
[5.888152] (turtle_high_controller) StdoutLine: {'line': b'\x1b[35m\x1b[1mScanning dependencies of target turtle_high_controller\x1b[0m\n'}
[5.912188] (-) TimerEvent: {}
[5.916487] (turtle_high_controller) StdoutLine: {'line': b'[  7%] \x1b[32mBuilding CXX object CMakeFiles/odrive_can_interface.dir/src/can_driver/odrive_can.cpp.o\x1b[0m\n'}
[5.918468] (turtle_high_controller) StdoutLine: {'line': b'[ 30%] \x1b[32mBuilding CXX object CMakeFiles/odrive_can_interface.dir/src/can_driver/can_suber.cpp.o\x1b[0m\n'}
[5.918673] (turtle_high_controller) StdoutLine: {'line': b'[ 30%] \x1b[32mBuilding CXX object CMakeFiles/odrive_can_interface.dir/src/can_driver/can_driver.cpp.o\x1b[0m\n'}
[5.918752] (turtle_high_controller) StdoutLine: {'line': b'[ 30%] \x1b[32mBuilding CXX object CMakeFiles/odrive_can_interface.dir/src/can_driver/socketcan_interface.cpp.o\x1b[0m\n'}
[5.924640] (turtle_high_controller) StdoutLine: {'line': b'[ 46%] \x1b[32mBuilding CXX object CMakeFiles/turtle_high_controller.dir/src/proxy/lowerproxy.cpp.o\x1b[0m\n'}
[5.924857] (turtle_high_controller) StdoutLine: {'line': b'[ 46%] \x1b[32mBuilding CXX object CMakeFiles/turtle_high_controller.dir/src/can_driver/can_driver.cpp.o\x1b[0m\n'}
[5.924929] (turtle_high_controller) StdoutLine: {'line': b'[ 53%] \x1b[32mBuilding CXX object CMakeFiles/turtle_high_controller.dir/src/main.cpp.o\x1b[0m\n'}
[5.924980] (turtle_high_controller) StdoutLine: {'line': b'[ 61%] \x1b[32mBuilding CXX object CMakeFiles/turtle_high_controller.dir/src/controller/Inverse_kinematics.cpp.o\x1b[0m\n'}
[5.925221] (turtle_high_controller) StdoutLine: {'line': b'[ 69%] \x1b[32mBuilding CXX object CMakeFiles/turtle_high_controller.dir/src/proxy/upperproxy.cpp.o\x1b[0m\n'}
[5.926054] (turtle_high_controller) StdoutLine: {'line': b'[ 76%] \x1b[32mBuilding CXX object CMakeFiles/turtle_high_controller.dir/src/can_driver/can_suber.cpp.o\x1b[0m\n'}
[5.927797] (turtle_high_controller) StdoutLine: {'line': b'[ 84%] \x1b[32mBuilding CXX object CMakeFiles/turtle_high_controller.dir/src/can_driver/socketcan_interface.cpp.o\x1b[0m\n'}
[6.012297] (-) TimerEvent: {}
[6.112662] (-) TimerEvent: {}
[6.212963] (-) TimerEvent: {}
[6.313280] (-) TimerEvent: {}
[6.346721] (turtle_high_controller) StderrLine: {'line': b'\x1b[01m\x1b[K/home/qianlab/single_turtle_workspace/dependencies/traveler_controller/src/controller/Inverse_kinematics.cpp:\x1b[m\x1b[K In function \xe2\x80\x98\x1b[01m\x1b[Kvoid fixed_insertion_depth_gait_lower_point_version_3_analytic_solution(turtle&, float)\x1b[m\x1b[K\xe2\x80\x99:\n'}
[6.346958] (turtle_high_controller) StderrLine: {'line': b'\x1b[01m\x1b[K/home/qianlab/single_turtle_workspace/dependencies/traveler_controller/src/controller/Inverse_kinematics.cpp:209:12:\x1b[m\x1b[K \x1b[01;35m\x1b[Kwarning: \x1b[m\x1b[Kunused variable \xe2\x80\x98\x1b[01m\x1b[Kinitial_insertion_depth_deg\x1b[m\x1b[K\xe2\x80\x99 [\x1b[01;35m\x1b[K-Wunused-variable\x1b[m\x1b[K]\n'}
[6.347052] (turtle_high_controller) StderrLine: {'line': b'  209 |     double \x1b[01;35m\x1b[Kinitial_insertion_depth_deg\x1b[m\x1b[K=initial_insertion_depth_rad*180/M_PI;\n'}
[6.347150] (turtle_high_controller) StderrLine: {'line': b'      |            \x1b[01;35m\x1b[K^~~~~~~~~~~~~~~~~~~~~~~~~~~\x1b[m\x1b[K\n'}
[6.413403] (-) TimerEvent: {}
[6.513750] (-) TimerEvent: {}
[6.614092] (-) TimerEvent: {}
[6.714441] (-) TimerEvent: {}
[6.814845] (-) TimerEvent: {}
[6.915208] (-) TimerEvent: {}
[7.015539] (-) TimerEvent: {}
[7.115878] (-) TimerEvent: {}
[7.216222] (-) TimerEvent: {}
[7.316574] (-) TimerEvent: {}
[7.416909] (-) TimerEvent: {}
[7.517312] (-) TimerEvent: {}
[7.617674] (-) TimerEvent: {}
[7.691457] (turtle_high_controller) StderrLine: {'line': b'\x1b[01m\x1b[K/home/qianlab/single_turtle_workspace/dependencies/traveler_controller/src/proxy/lowerproxy.cpp:\x1b[m\x1b[K In member function \xe2\x80\x98\x1b[01m\x1b[Kvoid turtle_namespace::control::lowerproxy::calculate_position(turtle&)\x1b[m\x1b[K\xe2\x80\x99:\n'}
[7.691653] (turtle_high_controller) StderrLine: {'line': b'\x1b[01m\x1b[K/home/qianlab/single_turtle_workspace/dependencies/traveler_controller/src/proxy/lowerproxy.cpp:185:24:\x1b[m\x1b[K \x1b[01;35m\x1b[Kwarning: \x1b[m\x1b[Kunused variable \xe2\x80\x98\x1b[01m\x1b[Kback_curr_time\x1b[m\x1b[K\xe2\x80\x99 [\x1b[01;35m\x1b[K-Wunused-variable\x1b[m\x1b[K]\n'}
[7.691734] (turtle_high_controller) StderrLine: {'line': b'  185 |                 double \x1b[01;35m\x1b[Kback_curr_time\x1b[m\x1b[K = deltaTime.count();\n'}
[7.691801] (turtle_high_controller) StderrLine: {'line': b'      |                        \x1b[01;35m\x1b[K^~~~~~~~~~~~~~\x1b[m\x1b[K\n'}
[7.717815] (-) TimerEvent: {}
[7.726471] (turtle_high_controller) StderrLine: {'line': b'In file included from \x1b[01m\x1b[K/home/qianlab/single_turtle_workspace/dependencies/traveler_controller/src/main.cpp:8\x1b[m\x1b[K:\n'}
[7.726688] (turtle_high_controller) StderrLine: {'line': b'\x1b[01m\x1b[K/home/qianlab/single_turtle_workspace/dependencies/traveler_controller/include/main.h:46:14:\x1b[m\x1b[K \x1b[01;35m\x1b[Kwarning: \x1b[m\x1b[K\xe2\x80\x98\x1b[01m\x1b[Ktimer\x1b[m\x1b[K\xe2\x80\x99 defined but not used [\x1b[01;35m\x1b[K-Wunused-variable\x1b[m\x1b[K]\n'}
[7.726779] (turtle_high_controller) StderrLine: {'line': b'   46 | static float \x1b[01;35m\x1b[Ktimer\x1b[m\x1b[K[10] = { 0 };\n'}
[7.726852] (turtle_high_controller) StderrLine: {'line': b'      |              \x1b[01;35m\x1b[K^~~~~\x1b[m\x1b[K\n'}
[7.726925] (turtle_high_controller) StderrLine: {'line': b'\x1b[01m\x1b[K/home/qianlab/single_turtle_workspace/dependencies/traveler_controller/include/main.h:44:12:\x1b[m\x1b[K \x1b[01;35m\x1b[Kwarning: \x1b[m\x1b[K\xe2\x80\x98\x1b[01m\x1b[Kinit_done\x1b[m\x1b[K\xe2\x80\x99 defined but not used [\x1b[01;35m\x1b[K-Wunused-variable\x1b[m\x1b[K]\n'}
[7.727020] (turtle_high_controller) StderrLine: {'line': b'   44 | static int \x1b[01;35m\x1b[Kinit_done\x1b[m\x1b[K = 0;\n'}
[7.727092] (turtle_high_controller) StderrLine: {'line': b'      |            \x1b[01;35m\x1b[K^~~~~~~~~\x1b[m\x1b[K\n'}
[7.727161] (turtle_high_controller) StderrLine: {'line': b'\x1b[01m\x1b[K/home/qianlab/single_turtle_workspace/dependencies/traveler_controller/include/main.h:43:14:\x1b[m\x1b[K \x1b[01;35m\x1b[Kwarning: \x1b[m\x1b[K\xe2\x80\x98\x1b[01m\x1b[Kinit_cnt\x1b[m\x1b[K\xe2\x80\x99 defined but not used [\x1b[01;35m\x1b[K-Wunused-variable\x1b[m\x1b[K]\n'}
[7.727240] (turtle_high_controller) StderrLine: {'line': b'   43 | static float \x1b[01;35m\x1b[Kinit_cnt\x1b[m\x1b[K = 0;\n'}
[7.727309] (turtle_high_controller) StderrLine: {'line': b'      |              \x1b[01;35m\x1b[K^~~~~~~~\x1b[m\x1b[K\n'}
[7.817920] (-) TimerEvent: {}
[7.918284] (-) TimerEvent: {}
[8.018612] (-) TimerEvent: {}
[8.118934] (-) TimerEvent: {}
[8.219214] (-) TimerEvent: {}
[8.319556] (-) TimerEvent: {}
[8.419841] (-) TimerEvent: {}
[8.520231] (-) TimerEvent: {}
[8.620674] (-) TimerEvent: {}
[8.720976] (-) TimerEvent: {}
[8.821335] (-) TimerEvent: {}
[8.921599] (-) TimerEvent: {}
[9.021990] (-) TimerEvent: {}
[9.122285] (-) TimerEvent: {}
[9.222567] (-) TimerEvent: {}
[9.322849] (-) TimerEvent: {}
[9.423184] (-) TimerEvent: {}
[9.523515] (-) TimerEvent: {}
[9.623919] (-) TimerEvent: {}
[9.724295] (-) TimerEvent: {}
[9.824648] (-) TimerEvent: {}
[9.924965] (-) TimerEvent: {}
[10.025275] (-) TimerEvent: {}
[10.125577] (-) TimerEvent: {}
[10.225879] (-) TimerEvent: {}
[10.326156] (-) TimerEvent: {}
[10.426450] (-) TimerEvent: {}
[10.526736] (-) TimerEvent: {}
[10.627023] (-) TimerEvent: {}
[10.727298] (-) TimerEvent: {}
[10.827702] (-) TimerEvent: {}
[10.878452] (turtle_high_controller) StdoutLine: {'line': b'[ 92%] \x1b[32m\x1b[1mLinking CXX executable odrive_can_interface\x1b[0m\n'}
[10.927934] (-) TimerEvent: {}
[11.028332] (-) TimerEvent: {}
[11.064355] (turtle_high_controller) StdoutLine: {'line': b'[ 92%] Built target odrive_can_interface\n'}
[11.128568] (-) TimerEvent: {}
[11.228980] (-) TimerEvent: {}
[11.329393] (-) TimerEvent: {}
[11.429734] (-) TimerEvent: {}
[11.530158] (-) TimerEvent: {}
[11.547402] (turtle_high_controller) StdoutLine: {'line': b'[100%] \x1b[32m\x1b[1mLinking CXX executable turtle_high_controller\x1b[0m\n'}
[11.630392] (-) TimerEvent: {}
[11.730690] (-) TimerEvent: {}
[11.831080] (-) TimerEvent: {}
[11.848355] (turtle_high_controller) StdoutLine: {'line': b'[100%] Built target turtle_high_controller\n'}
[11.856274] (turtle_high_controller) CommandEnded: {'returncode': 0}
[11.879268] (turtle_high_controller) JobProgress: {'identifier': 'turtle_high_controller', 'progress': 'install'}
[11.881073] (turtle_high_controller) Command: {'cmd': ['/usr/bin/cmake', '--install', '/home/qianlab/single_turtle_workspace/build/turtle_high_controller'], 'cwd': '/home/qianlab/single_turtle_workspace/build/turtle_high_controller', 'env': OrderedDict([('LESSOPEN', '| /usr/bin/lesspipe %s'), ('USER', 'qianlab'), ('SSH_AGENT_PID', '2023'), ('XDG_SESSION_TYPE', 'x11'), ('SHLVL', '1'), ('LD_LIBRARY_PATH', '/home/qianlab/single_turtle_workspace/install/traveler_msgs/lib:/opt/ros/foxy/opt/yaml_cpp_vendor/lib:/opt/ros/foxy/opt/rviz_ogre_vendor/lib:/opt/ros/foxy/lib/x86_64-linux-gnu:/opt/ros/foxy/lib'), ('HOME', '/home/qianlab'), ('CONDA_SHLVL', '0'), ('OLDPWD', '/home/qianlab'), ('DESKTOP_SESSION', 'ubuntu'), ('NVM_BIN', '/home/qianlab/.nvm/versions/node/v12.18.3/bin'), ('NVM_INC', '/home/qianlab/.nvm/versions/node/v12.18.3/include/node'), ('ROS_PYTHON_VERSION', '3'), ('GNOME_SHELL_SESSION_MODE', 'ubuntu'), ('GTK_MODULES', 'gail:atk-bridge'), ('MANAGERPID', '1839'), ('DBUS_SESSION_BUS_ADDRESS', 'unix:path=/run/user/1000/bus'), ('COLORTERM', 'truecolor'), ('_CE_M', ''), ('NVM_DIR', '/home/qianlab/.nvm'), ('MANDATORY_PATH', '/usr/share/gconf/ubuntu.mandatory.path'), ('IM_CONFIG_PHASE', '1'), ('ROS_DISTRO', 'foxy'), ('LOGNAME', 'qianlab'), ('JOURNAL_STREAM', '8:49068'), ('_', '/usr/bin/colcon'), ('ROS_VERSION', '2'), ('XDG_SESSION_CLASS', 'user'), ('DEFAULTS_PATH', '/usr/share/gconf/ubuntu.default.path'), ('USERNAME', 'qianlab'), ('TERM', 'xterm-256color'), ('GNOME_DESKTOP_SESSION_ID', 'this-is-deprecated'), ('_CE_CONDA', ''), ('ROS_LOCALHOST_ONLY', '0'), ('WINDOWPATH', '2'), ('PATH', '/home/qianlab/ghost_robotics/arm_toolchain/bin:/home/qianlab/miniconda3/condabin:/home/qianlab/.nvm/versions/node/v12.18.3/bin:/opt/ros/foxy/bin:/home/qianlab/.local/bin:/usr/local/sbin:/usr/local/bin:/usr/sbin:/usr/bin:/sbin:/bin:/usr/games:/usr/local/games:/snap/bin'), ('SESSION_MANAGER', 'local/qianlab-Yoga-7-14IAL7:@/tmp/.ICE-unix/2063,unix/qianlab-Yoga-7-14IAL7:/tmp/.ICE-unix/2063'), ('INVOCATION_ID', '8c31dceda17d4aa783e742d017147791'), ('XDG_MENU_PREFIX', 'gnome-'), ('GNOME_TERMINAL_SCREEN', '/org/gnome/Terminal/screen/d160deb8_172f_4f3d_acc3_d33c05531d8b'), ('XDG_RUNTIME_DIR', '/run/user/1000'), ('DISPLAY', ':0'), ('LANG', 'en_US.UTF-8'), ('XDG_CURRENT_DESKTOP', 'ubuntu:GNOME'), ('XMODIFIERS', '@im=ibus'), ('XDG_SESSION_DESKTOP', 'ubuntu'), ('XAUTHORITY', '/run/user/1000/gdm/Xauthority'), ('LS_COLORS', 'rs=0:di=01;34:ln=01;36:mh=00:pi=40;33:so=01;35:do=01;35:bd=40;33;01:cd=40;33;01:or=40;31;01:mi=00:su=37;41:sg=30;43:ca=30;41:tw=30;42:ow=34;42:st=37;44:ex=01;32:*.tar=01;31:*.tgz=01;31:*.arc=01;31:*.arj=01;31:*.taz=01;31:*.lha=01;31:*.lz4=01;31:*.lzh=01;31:*.lzma=01;31:*.tlz=01;31:*.txz=01;31:*.tzo=01;31:*.t7z=01;31:*.zip=01;31:*.z=01;31:*.dz=01;31:*.gz=01;31:*.lrz=01;31:*.lz=01;31:*.lzo=01;31:*.xz=01;31:*.zst=01;31:*.tzst=01;31:*.bz2=01;31:*.bz=01;31:*.tbz=01;31:*.tbz2=01;31:*.tz=01;31:*.deb=01;31:*.rpm=01;31:*.jar=01;31:*.war=01;31:*.ear=01;31:*.sar=01;31:*.rar=01;31:*.alz=01;31:*.ace=01;31:*.zoo=01;31:*.cpio=01;31:*.7z=01;31:*.rz=01;31:*.cab=01;31:*.wim=01;31:*.swm=01;31:*.dwm=01;31:*.esd=01;31:*.jpg=01;35:*.jpeg=01;35:*.mjpg=01;35:*.mjpeg=01;35:*.gif=01;35:*.bmp=01;35:*.pbm=01;35:*.pgm=01;35:*.ppm=01;35:*.tga=01;35:*.xbm=01;35:*.xpm=01;35:*.tif=01;35:*.tiff=01;35:*.png=01;35:*.svg=01;35:*.svgz=01;35:*.mng=01;35:*.pcx=01;35:*.mov=01;35:*.mpg=01;35:*.mpeg=01;35:*.m2v=01;35:*.mkv=01;35:*.webm=01;35:*.ogm=01;35:*.mp4=01;35:*.m4v=01;35:*.mp4v=01;35:*.vob=01;35:*.qt=01;35:*.nuv=01;35:*.wmv=01;35:*.asf=01;35:*.rm=01;35:*.rmvb=01;35:*.flc=01;35:*.avi=01;35:*.fli=01;35:*.flv=01;35:*.gl=01;35:*.dl=01;35:*.xcf=01;35:*.xwd=01;35:*.yuv=01;35:*.cgm=01;35:*.emf=01;35:*.ogv=01;35:*.ogx=01;35:*.aac=00;36:*.au=00;36:*.flac=00;36:*.m4a=00;36:*.mid=00;36:*.midi=00;36:*.mka=00;36:*.mp3=00;36:*.mpc=00;36:*.ogg=00;36:*.ra=00;36:*.wav=00;36:*.oga=00;36:*.opus=00;36:*.spx=00;36:*.xspf=00;36:'), ('GNOME_TERMINAL_SERVICE', ':1.113'), ('SSH_AUTH_SOCK', '/run/user/1000/keyring/ssh'), ('ROS_DOMAIN_ID', '2'), ('AMENT_PREFIX_PATH', '/home/qianlab/single_turtle_workspace/install/traveler_msgs:/opt/ros/foxy'), ('CONDA_PYTHON_EXE', '/home/qianlab/miniconda3/bin/python'), ('SHELL', '/bin/bash'), ('QT_ACCESSIBILITY', '1'), ('GDMSESSION', 'ubuntu'), ('LESSCLOSE', '/usr/bin/lesspipe %s %s'), ('GPG_AGENT_INFO', '/run/user/1000/gnupg/S.gpg-agent:0:1'), ('QT_IM_MODULE', 'ibus'), ('PWD', '/home/qianlab/single_turtle_workspace/build/turtle_high_controller'), ('XDG_CONFIG_DIRS', '/etc/xdg/xdg-ubuntu:/etc/xdg'), ('CONDA_EXE', '/home/qianlab/miniconda3/bin/conda'), ('NVM_CD_FLAGS', ''), ('XDG_DATA_DIRS', '/usr/share/ubuntu:/usr/local/share/:/usr/share/:/var/lib/snapd/desktop'), ('PYTHONPATH', '/home/qianlab/single_turtle_workspace/install/traveler_msgs/lib/python3.8/site-packages:/opt/ros/foxy/lib/python3.8/site-packages'), ('CUSTOM_ENV_NAME', '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'), ('COLCON', '1'), ('VTE_VERSION', '6003'), ('CMAKE_PREFIX_PATH', '/home/qianlab/single_turtle_workspace/install/traveler_msgs:/opt/ros/foxy')]), 'shell': False}
[11.886646] (turtle_high_controller) StdoutLine: {'line': b'-- Install configuration: "Debug"\n'}
[11.888090] (turtle_high_controller) StdoutLine: {'line': b'-- Installing: /home/qianlab/single_turtle_workspace/install/turtle_high_controller/lib/turtle_high_controller/turtle_high_controller\n'}
[11.894189] (turtle_high_controller) StdoutLine: {'line': b'-- Set runtime path of "/home/qianlab/single_turtle_workspace/install/turtle_high_controller/lib/turtle_high_controller/turtle_high_controller" to ""\n'}
[11.894384] (turtle_high_controller) StdoutLine: {'line': b'-- Installing: /home/qianlab/single_turtle_workspace/install/turtle_high_controller/lib/turtle_high_controller/odrive_can_interface\n'}
[11.897894] (turtle_high_controller) StdoutLine: {'line': b'-- Set runtime path of "/home/qianlab/single_turtle_workspace/install/turtle_high_controller/lib/turtle_high_controller/odrive_can_interface" to ""\n'}
[11.898137] (turtle_high_controller) StdoutLine: {'line': b'-- Installing: /home/qianlab/single_turtle_workspace/install/turtle_high_controller/share/ament_index/resource_index/package_run_dependencies/turtle_high_controller\n'}
[11.898238] (turtle_high_controller) StdoutLine: {'line': b'-- Installing: /home/qianlab/single_turtle_workspace/install/turtle_high_controller/share/ament_index/resource_index/parent_prefix_path/turtle_high_controller\n'}
[11.898619] (turtle_high_controller) StdoutLine: {'line': b'-- Installing: /home/qianlab/single_turtle_workspace/install/turtle_high_controller/share/turtle_high_controller/environment/ament_prefix_path.sh\n'}
[11.898814] (turtle_high_controller) StdoutLine: {'line': b'-- Installing: /home/qianlab/single_turtle_workspace/install/turtle_high_controller/share/turtle_high_controller/environment/ament_prefix_path.dsv\n'}
[11.898901] (turtle_high_controller) StdoutLine: {'line': b'-- Installing: /home/qianlab/single_turtle_workspace/install/turtle_high_controller/share/turtle_high_controller/environment/path.sh\n'}
[11.899055] (turtle_high_controller) StdoutLine: {'line': b'-- Installing: /home/qianlab/single_turtle_workspace/install/turtle_high_controller/share/turtle_high_controller/environment/path.dsv\n'}
[11.899150] (turtle_high_controller) StdoutLine: {'line': b'-- Installing: /home/qianlab/single_turtle_workspace/install/turtle_high_controller/share/turtle_high_controller/local_setup.bash\n'}
[11.899221] (turtle_high_controller) StdoutLine: {'line': b'-- Installing: /home/qianlab/single_turtle_workspace/install/turtle_high_controller/share/turtle_high_controller/local_setup.sh\n'}
[11.899315] (turtle_high_controller) StdoutLine: {'line': b'-- Installing: /home/qianlab/single_turtle_workspace/install/turtle_high_controller/share/turtle_high_controller/local_setup.zsh\n'}
[11.899411] (turtle_high_controller) StdoutLine: {'line': b'-- Installing: /home/qianlab/single_turtle_workspace/install/turtle_high_controller/share/turtle_high_controller/local_setup.dsv\n'}
[11.899508] (turtle_high_controller) StdoutLine: {'line': b'-- Installing: /home/qianlab/single_turtle_workspace/install/turtle_high_controller/share/turtle_high_controller/package.dsv\n'}
[11.899642] (turtle_high_controller) StdoutLine: {'line': b'-- Installing: /home/qianlab/single_turtle_workspace/install/turtle_high_controller/share/ament_index/resource_index/packages/turtle_high_controller\n'}
[11.899769] (turtle_high_controller) StdoutLine: {'line': b'-- Installing: /home/qianlab/single_turtle_workspace/install/turtle_high_controller/share/turtle_high_controller/cmake/turtle_high_controllerConfig.cmake\n'}
[11.899833] (turtle_high_controller) StdoutLine: {'line': b'-- Installing: /home/qianlab/single_turtle_workspace/install/turtle_high_controller/share/turtle_high_controller/cmake/turtle_high_controllerConfig-version.cmake\n'}
[11.899924] (turtle_high_controller) StdoutLine: {'line': b'-- Installing: /home/qianlab/single_turtle_workspace/install/turtle_high_controller/share/turtle_high_controller/package.xml\n'}
[11.902040] (turtle_high_controller) CommandEnded: {'returncode': 0}
[11.931322] (-) TimerEvent: {}
[12.031850] (-) TimerEvent: {}
[12.133055] (-) TimerEvent: {}
[12.136067] (turtle_high_controller) JobEnded: {'identifier': 'turtle_high_controller', 'rc': 0}
[12.136811] (-) EventReactorShutdown: {}
