scenario,real_time_plot,lateral_angle_range,drag_speed,wiggle_time,servo_speed,extraction_height,wiggle frequency,insertion_angle,wiggle_amplitude
turtle,True,0.1,0.5,0.5,0.364,0.03,0.5235987755982988,0.0,0.0,0.0,0.0
time,turtle_state,leftadduction_pos,leftsweeping_pos,rightadduction_pos,rightsweeping_pos,leftadduction_curr,leftsweeping_curr,rightadduction_curr,rightsweeping_curr,insertiondepth,OptitrackPosition_x,OptitrackPosition_y,OptitrackPosition_z,OptitrackOrientation_x,OptitrackOrientation_y,OptitrackOrientation_z,OptitrackOrientation_w,LeftFlipperPosition_x,LeftFlipperPosition_y,LeftFlipperPosition_z,LeftFlipperOrientation_x,LeftFlipperOrientation_y,LeftFlipperOrientation_z,LeftFlipperOrientation_w,RightFlipperPosition_x,RightFlipperPosition_y,RightFlipperPosition_z,RightFlipperOrientation_x,RightFlipperOrientation_y,RightFlipperOrientation_z,RightFlipperOrientation_w
0.010190010070800781,5.0,0.0,0.0,0.0,0.0,0.0,0.0,0.0,0.0,0.03,0,0,0,0,0,0,0,0,0,0,0,0,0,0,0,0,0,0,0,0,0
0.013097047805786133,5.0,0.0,0.0,0.0,0.0,0.0,0.0,0.0,0.0,0.03,0,0,0,0,0,0,0,0,0,0,0,0,0,0,0,0,0,0,0,0,0
0.017000436782836914,5.0,0.0,0.0,0.0,0.0,0.0,0.0,0.0,0.0,0.03,0,0,0,0,0,0,0,0,0,0,0,0,0,0,0,0,0,0,0,0,0
0.018395185470581055,5.0,0.0,0.0,0.0,0.0,0.0,0.0,0.0,0.0,0.03,0,0,0,0,0,0,0,0,0,0,0,0,0,0,0,0,0,0,0,0,0
0.01957988739013672,5.0,0.0,0.0,0.0,0.0,0.0,0.0,0.0,0.0,0.03,0,0,0,0,0,0,0,0,0,0,0,0,0,0,0,0,0,0,0,0,0
0.020713090896606445,5.0,0.0,0.0,0.0,0.0,0.0,0.0,0.0,0.0,0.03,0,0,0,0,0,0,0,0,0,0,0,0,0,0,0,0,0,0,0,0,0
0.022203922271728516,5.0,0.0,0.0,0.0,0.0,0.0,0.0,0.0,0.0,0.03,0,0,0,0,0,0,0,0,0,0,0,0,0,0,0,0,0,0,0,0,0
0.024334192276000977,5.0,0.0,0.0,0.0,0.0,0.0,0.0,0.0,0.0,0.03,0,0,0,0,0,0,0,0,0,0,0,0,0,0,0,0,0,0,0,0,0
0.02640557289123535,5.0,0.0,0.0,0.0,0.0,0.0,0.0,0.0,0.0,0.03,0,0,0,0,0,0,0,0,0,0,0,0,0,0,0,0,0,0,0,0,0
0.02751469612121582,5.0,0.0,0.0,0.0,0.0,0.0,0.0,0.0,0.0,0.03,0,0,0,0,0,0,0,0,0,0,0,0,0,0,0,0,0,0,0,0,0
0.028720855712890625,5.0,0.0,0.0,0.0,0.0,0.0,0.0,0.0,0.0,0.03,0,0,0,0,0,0,0,0,0,0,0,0,0,0,0,0,0,0,0,0,0
0.030237913131713867,5.0,0.0,0.0,0.0,0.0,0.0,0.0,0.0,0.0,0.03,0,0,0,0,0,0,0,0,0,0,0,0,0,0,0,0,0,0,0,0,0
0.03162550926208496,5.0,0.0,0.0,0.0,0.0,0.0,0.0,0.0,0.0,0.03,0,0,0,0,0,0,0,0,0,0,0,0,0,0,0,0,0,0,0,0,0
0.0327150821685791,5.0,0.0,0.0,0.0,0.0,0.0,0.0,0.0,0.0,0.03,0,0,0,0,0,0,0,0,0,0,0,0,0,0,0,0,0,0,0,0,0
0.033891916275024414,5.0,0.0,0.0,0.0,0.0,0.0,0.0,0.0,0.0,0.03,0,0,0,0,0,0,0,0,0,0,0,0,0,0,0,0,0,0,0,0,0
0.03497886657714844,5.0,0.0,0.0,0.0,0.0,0.0,0.0,0.0,0.0,0.03,0,0,0,0,0,0,0,0,0,0,0,0,0,0,0,0,0,0,0,0,0
0.03606557846069336,5.0,0.0,0.0,0.0,0.0,0.0,0.0,0.0,0.0,0.03,0,0,0,0,0,0,0,0,0,0,0,0,0,0,0,0,0,0,0,0,0
0.03715658187866211,5.0,0.0,0.0,0.0,0.0,0.0,0.0,0.0,0.0,0.03,0,0,0,0,0,0,0,0,0,0,0,0,0,0,0,0,0,0,0,0,0
0.0388340950012207,5.0,0.0,0.0,0.0,0.0,0.0,0.0,0.0,0.0,0.03,0,0,0,0,0,0,0,0,0,0,0,0,0,0,0,0,0,0,0,0,0
0.04047560691833496,5.0,0.0,0.0,0.0,0.0,0.0,0.0,0.0,0.0,0.03,0,0,0,0,0,0,0,0,0,0,0,0,0,0,0,0,0,0,0,0,0
0.04189467430114746,5.0,0.0,0.0,0.0,0.0,0.0,0.0,0.0,0.0,0.03,0,0,0,0,0,0,0,0,0,0,0,0,0,0,0,0,0,0,0,0,0
0.0434877872467041,5.0,0.0,0.0,0.0,0.0,0.0,0.0,0.0,0.0,0.03,0,0,0,0,0,0,0,0,0,0,0,0,0,0,0,0,0,0,0,0,0
0.0447239875793457,5.0,0.0,0.0,0.0,0.0,0.0,0.0,0.0,0.0,0.03,0,0,0,0,0,0,0,0,0,0,0,0,0,0,0,0,0,0,0,0,0
0.04603409767150879,5.0,0.0,0.0,0.0,0.0,0.0,0.0,0.0,0.0,0.03,0,0,0,0,0,0,0,0,0,0,0,0,0,0,0,0,0,0,0,0,0
0.047246456146240234,5.0,0.0,0.0,0.0,0.0,0.0,0.0,0.0,0.0,0.03,0,0,0,0,0,0,0,0,0,0,0,0,0,0,0,0,0,0,0,0,0
0.04851388931274414,5.0,0.0,0.0,0.0,0.0,0.0,0.0,0.0,0.0,0.03,0,0,0,0,0,0,0,0,0,0,0,0,0,0,0,0,0,0,0,0,0
0.04990053176879883,5.0,0.0,0.0,0.0,0.0,0.0,0.0,0.0,0.0,0.03,0,0,0,0,0,0,0,0,0,0,0,0,0,0,0,0,0,0,0,0,0
0.051254987716674805,5.0,0.0,0.0,0.0,0.0,0.0,0.0,0.0,0.0,0.03,0,0,0,0,0,0,0,0,0,0,0,0,0,0,0,0,0,0,0,0,0
0.05235028266906738,5.0,0.0,0.0,0.0,0.0,0.0,0.0,0.0,0.0,0.03,0,0,0,0,0,0,0,0,0,0,0,0,0,0,0,0,0,0,0,0,0
0.05353713035583496,5.0,0.0,0.0,0.0,0.0,0.0,0.0,0.0,0.0,0.03,0,0,0,0,0,0,0,0,0,0,0,0,0,0,0,0,0,0,0,0,0
0.0546565055847168,5.0,0.0,0.0,0.0,0.0,0.0,0.0,0.0,0.0,0.03,0,0,0,0,0,0,0,0,0,0,0,0,0,0,0,0,0,0,0,0,0
0.05573892593383789,5.0,0.0,0.0,0.0,0.0,0.0,0.0,0.0,0.0,0.03,0,0,0,0,0,0,0,0,0,0,0,0,0,0,0,0,0,0,0,0,0
0.05682635307312012,5.0,0.0,0.0,0.0,0.0,0.0,0.0,0.0,0.0,0.03,0,0,0,0,0,0,0,0,0,0,0,0,0,0,0,0,0,0,0,0,0
0.05789899826049805,5.0,0.0,0.0,0.0,0.0,0.0,0.0,0.0,0.0,0.03,0,0,0,0,0,0,0,0,0,0,0,0,0,0,0,0,0,0,0,0,0
0.05951952934265137,5.0,0.0,0.0,0.0,0.0,0.0,0.0,0.0,0.0,0.03,0,0,0,0,0,0,0,0,0,0,0,0,0,0,0,0,0,0,0,0,0
0.06113290786743164,5.0,0.0,0.0,0.0,0.0,0.0,0.0,0.0,0.0,0.03,0,0,0,0,0,0,0,0,0,0,0,0,0,0,0,0,0,0,0,0,0
0.06337881088256836,5.0,0.0,0.0,0.0,0.0,0.0,0.0,0.0,0.0,0.03,0,0,0,0,0,0,0,0,0,0,0,0,0,0,0,0,0,0,0,0,0
0.06477856636047363,5.0,0.0,0.0,0.0,0.0,0.0,0.0,0.0,0.0,0.03,0,0,0,0,0,0,0,0,0,0,0,0,0,0,0,0,0,0,0,0,0
0.06640362739562988,5.0,0.0,0.0,0.0,0.0,0.0,0.0,0.0,0.0,0.03,0,0,0,0,0,0,0,0,0,0,0,0,0,0,0,0,0,0,0,0,0
0.06751894950866699,5.0,0.0,0.0,0.0,0.0,0.0,0.0,0.0,0.0,0.03,0,0,0,0,0,0,0,0,0,0,0,0,0,0,0,0,0,0,0,0,0
0.0689091682434082,5.0,0.0,0.0,0.0,0.0,0.0,0.0,0.0,0.0,0.03,0,0,0,0,0,0,0,0,0,0,0,0,0,0,0,0,0,0,0,0,0
0.07110452651977539,5.0,0.0,0.0,0.0,0.0,0.0,0.0,0.0,0.0,0.03,0,0,0,0,0,0,0,0,0,0,0,0,0,0,0,0,0,0,0,0,0
0.07218551635742188,5.0,0.0,0.0,0.0,0.0,0.0,0.0,0.0,0.0,0.03,0,0,0,0,0,0,0,0,0,0,0,0,0,0,0,0,0,0,0,0,0
0.0732717514038086,5.0,0.0,0.0,0.0,0.0,0.0,0.0,0.0,0.0,0.03,0,0,0,0,0,0,0,0,0,0,0,0,0,0,0,0,0,0,0,0,0
0.07436013221740723,5.0,0.0,0.0,0.0,0.0,0.0,0.0,0.0,0.0,0.03,0,0,0,0,0,0,0,0,0,0,0,0,0,0,0,0,0,0,0,0,0
0.07625985145568848,5.0,0.0,0.0,0.0,0.0,0.0,0.0,0.0,0.0,0.03,0,0,0,0,0,0,0,0,0,0,0,0,0,0,0,0,0,0,0,0,0
0.07764697074890137,5.0,0.0,0.0,0.0,0.0,0.0,0.0,0.0,0.0,0.03,0,0,0,0,0,0,0,0,0,0,0,0,0,0,0,0,0,0,0,0,0
0.0789647102355957,5.0,0.0,0.0,0.0,0.0,0.0,0.0,0.0,0.0,0.03,0,0,0,0,0,0,0,0,0,0,0,0,0,0,0,0,0,0,0,0,0
0.08085155487060547,5.0,0.0,0.0,0.0,0.0,0.0,0.0,0.0,0.0,0.03,0,0,0,0,0,0,0,0,0,0,0,0,0,0,0,0,0,0,0,0,0
0.0825645923614502,5.0,0.0,0.0,0.0,0.0,0.0,0.0,0.0,0.0,0.03,0,0,0,0,0,0,0,0,0,0,0,0,0,0,0,0,0,0,0,0,0
0.08456826210021973,5.0,0.0,0.0,0.0,0.0,0.0,0.0,0.0,0.0,0.03,0,0,0,0,0,0,0,0,0,0,0,0,0,0,0,0,0,0,0,0,0
0.08603453636169434,5.0,0.0,0.0,0.0,0.0,0.0,0.0,0.0,0.0,0.03,0,0,0,0,0,0,0,0,0,0,0,0,0,0,0,0,0,0,0,0,0
0.08734774589538574,5.0,0.0,0.0,0.0,0.0,0.0,0.0,0.0,0.0,0.03,0,0,0,0,0,0,0,0,0,0,0,0,0,0,0,0,0,0,0,0,0
0.08901238441467285,5.0,0.0,0.0,0.0,0.0,0.0,0.0,0.0,0.0,0.03,0,0,0,0,0,0,0,0,0,0,0,0,0,0,0,0,0,0,0,0,0
0.09034609794616699,5.0,0.0,0.0,0.0,0.0,0.0,0.0,0.0,0.0,0.03,0,0,0,0,0,0,0,0,0,0,0,0,0,0,0,0,0,0,0,0,0
0.09144473075866699,5.0,0.0,0.0,0.0,0.0,0.0,0.0,0.0,0.0,0.03,0,0,0,0,0,0,0,0,0,0,0,0,0,0,0,0,0,0,0,0,0
0.09337353706359863,5.0,0.0,0.0,0.0,0.0,0.0,0.0,0.0,0.0,0.03,0,0,0,0,0,0,0,0,0,0,0,0,0,0,0,0,0,0,0,0,0
0.0944833755493164,5.0,0.0,0.0,0.0,0.0,0.0,0.0,0.0,0.0,0.03,0,0,0,0,0,0,0,0,0,0,0,0,0,0,0,0,0,0,0,0,0
0.09567975997924805,5.0,0.0,0.0,0.0,0.0,0.0,0.0,0.0,0.0,0.03,0,0,0,0,0,0,0,0,0,0,0,0,0,0,0,0,0,0,0,0,0
0.09699153900146484,5.0,0.0,0.0,0.0,0.0,0.0,0.0,0.0,0.0,0.03,0,0,0,0,0,0,0,0,0,0,0,0,0,0,0,0,0,0,0,0,0
0.09812331199645996,5.0,0.0,0.0,0.0,0.0,0.0,0.0,0.0,0.0,0.03,0,0,0,0,0,0,0,0,0,0,0,0,0,0,0,0,0,0,0,0,0
0.09927868843078613,5.0,0.0,0.0,0.0,0.0,0.0,0.0,0.0,0.0,0.03,0,0,0,0,0,0,0,0,0,0,0,0,0,0,0,0,0,0,0,0,0
0.10176873207092285,5.0,0.0,0.0,0.0,0.0,0.0,0.0,0.0,0.0,0.03,0,0,0,0,0,0,0,0,0,0,0,0,0,0,0,0,0,0,0,0,0
0.10355234146118164,5.0,0.0,0.0,0.0,0.0,0.0,0.0,0.0,0.0,0.03,0,0,0,0,0,0,0,0,0,0,0,0,0,0,0,0,0,0,0,0,0
0.10525345802307129,5.0,0.0,0.0,0.0,0.0,0.0,0.0,0.0,0.0,0.03,0,0,0,0,0,0,0,0,0,0,0,0,0,0,0,0,0,0,0,0,0
0.10666084289550781,5.0,0.0,0.0,0.0,0.0,0.0,0.0,0.0,0.0,0.03,0,0,0,0,0,0,0,0,0,0,0,0,0,0,0,0,0,0,0,0,0
0.10789275169372559,5.0,0.0,0.0,0.0,0.0,0.0,0.0,0.0,0.0,0.03,0,0,0,0,0,0,0,0,0,0,0,0,0,0,0,0,0,0,0,0,0
0.10988807678222656,5.0,0.0,0.0,0.0,0.0,0.0,0.0,0.0,0.0,0.03,0,0,0,0,0,0,0,0,0,0,0,0,0,0,0,0,0,0,0,0,0
0.11111569404602051,5.0,0.0,0.0,0.0,0.0,0.0,0.0,0.0,0.0,0.03,0,0,0,0,0,0,0,0,0,0,0,0,0,0,0,0,0,0,0,0,0
0.11245918273925781,5.0,0.0,0.0,0.0,0.0,0.0,0.0,0.0,0.0,0.03,0,0,0,0,0,0,0,0,0,0,0,0,0,0,0,0,0,0,0,0,0
0.11403155326843262,5.0,0.0,0.0,0.0,0.0,0.0,0.0,0.0,0.0,0.03,0,0,0,0,0,0,0,0,0,0,0,0,0,0,0,0,0,0,0,0,0
0.11514544486999512,5.0,0.0,0.0,0.0,0.0,0.0,0.0,0.0,0.0,0.03,0,0,0,0,0,0,0,0,0,0,0,0,0,0,0,0,0,0,0,0,0
0.11625099182128906,5.0,0.0,0.0,0.0,0.0,0.0,0.0,0.0,0.0,0.03,0,0,0,0,0,0,0,0,0,0,0,0,0,0,0,0,0,0,0,0,0
0.11745190620422363,5.0,0.0,0.0,0.0,0.0,0.0,0.0,0.0,0.0,0.03,0,0,0,0,0,0,0,0,0,0,0,0,0,0,0,0,0,0,0,0,0
0.11930608749389648,5.0,0.0,0.0,0.0,0.0,0.0,0.0,0.0,0.0,0.03,0,0,0,0,0,0,0,0,0,0,0,0,0,0,0,0,0,0,0,0,0
0.12149763107299805,5.0,0.0,0.0,0.0,0.0,0.0,0.0,0.0,0.0,0.03,0,0,0,0,0,0,0,0,0,0,0,0,0,0,0,0,0,0,0,0,0
0.12379288673400879,5.0,0.0,0.0,0.0,0.0,0.0,0.0,0.0,0.0,0.03,0,0,0,0,0,0,0,0,0,0,0,0,0,0,0,0,0,0,0,0,0
0.12499737739562988,5.0,0.0,0.0,0.0,0.0,0.0,0.0,0.0,0.0,0.03,0,0,0,0,0,0,0,0,0,0,0,0,0,0,0,0,0,0,0,0,0
0.12663912773132324,5.0,0.0,0.0,0.0,0.0,0.0,0.0,0.0,0.0,0.03,0,0,0,0,0,0,0,0,0,0,0,0,0,0,0,0,0,0,0,0,0
0.12817740440368652,5.0,0.0,0.0,0.0,0.0,0.0,0.0,0.0,0.0,0.03,0,0,0,0,0,0,0,0,0,0,0,0,0,0,0,0,0,0,0,0,0
0.12952947616577148,5.0,0.0,0.0,0.0,0.0,0.0,0.0,0.0,0.0,0.03,0,0,0,0,0,0,0,0,0,0,0,0,0,0,0,0,0,0,0,0,0
0.13087105751037598,5.0,0.0,0.0,0.0,0.0,0.0,0.0,0.0,0.0,0.03,0,0,0,0,0,0,0,0,0,0,0,0,0,0,0,0,0,0,0,0,0
0.1320958137512207,5.0,0.0,0.0,0.0,0.0,0.0,0.0,0.0,0.0,0.03,0,0,0,0,0,0,0,0,0,0,0,0,0,0,0,0,0,0,0,0,0
0.13434123992919922,5.0,0.0,0.0,0.0,0.0,0.0,0.0,0.0,0.0,0.03,0,0,0,0,0,0,0,0,0,0,0,0,0,0,0,0,0,0,0,0,0
0.13603711128234863,5.0,0.0,0.0,0.0,0.0,0.0,0.0,0.0,0.0,0.03,0,0,0,0,0,0,0,0,0,0,0,0,0,0,0,0,0,0,0,0,0
0.1374039649963379,5.0,0.0,0.0,0.0,0.0,0.0,0.0,0.0,0.0,0.03,0,0,0,0,0,0,0,0,0,0,0,0,0,0,0,0,0,0,0,0,0
0.13930916786193848,5.0,0.0,0.0,0.0,0.0,0.0,0.0,0.0,0.0,0.03,0,0,0,0,0,0,0,0,0,0,0,0,0,0,0,0,0,0,0,0,0
0.14099526405334473,5.0,0.0,0.0,0.0,0.0,0.0,0.0,0.0,0.0,0.03,0,0,0,0,0,0,0,0,0,0,0,0,0,0,0,0,0,0,0,0,0
0.14294815063476562,5.0,0.0,0.0,0.0,0.0,0.0,0.0,0.0,0.0,0.03,0,0,0,0,0,0,0,0,0,0,0,0,0,0,0,0,0,0,0,0,0
0.14439940452575684,5.0,0.0,0.0,0.0,0.0,0.0,0.0,0.0,0.0,0.03,0,0,0,0,0,0,0,0,0,0,0,0,0,0,0,0,0,0,0,0,0
0.1457080841064453,5.0,0.0,0.0,0.0,0.0,0.0,0.0,0.0,0.0,0.03,0,0,0,0,0,0,0,0,0,0,0,0,0,0,0,0,0,0,0,0,0
0.14693903923034668,5.0,0.0,0.0,0.0,0.0,0.0,0.0,0.0,0.0,0.03,0,0,0,0,0,0,0,0,0,0,0,0,0,0,0,0,0,0,0,0,0
0.14820361137390137,5.0,0.0,0.0,0.0,0.0,0.0,0.0,0.0,0.0,0.03,0,0,0,0,0,0,0,0,0,0,0,0,0,0,0,0,0,0,0,0,0
0.14931654930114746,5.0,0.0,0.0,0.0,0.0,0.0,0.0,0.0,0.0,0.03,0,0,0,0,0,0,0,0,0,0,0,0,0,0,0,0,0,0,0,0,0
0.15041327476501465,5.0,0.0,0.0,0.0,0.0,0.0,0.0,0.0,0.0,0.03,0,0,0,0,0,0,0,0,0,0,0,0,0,0,0,0,0,0,0,0,0
0.15174627304077148,5.0,0.0,0.0,0.0,0.0,0.0,0.0,0.0,0.0,0.03,0,0,0,0,0,0,0,0,0,0,0,0,0,0,0,0,0,0,0,0,0
0.1529064178466797,5.0,0.0,0.0,0.0,0.0,0.0,0.0,0.0,0.0,0.03,0,0,0,0,0,0,0,0,0,0,0,0,0,0,0,0,0,0,0,0,0
0.15396761894226074,5.0,0.0,0.0,0.0,0.0,0.0,0.0,0.0,0.0,0.03,0,0,0,0,0,0,0,0,0,0,0,0,0,0,0,0,0,0,0,0,0
0.1551210880279541,5.0,0.0,0.0,0.0,0.0,0.0,0.0,0.0,0.0,0.03,0,0,0,0,0,0,0,0,0,0,0,0,0,0,0,0,0,0,0,0,0
0.15644049644470215,5.0,0.0,0.0,0.0,0.0,0.0,0.0,0.0,0.0,0.03,0,0,0,0,0,0,0,0,0,0,0,0,0,0,0,0,0,0,0,0,0
0.15752673149108887,5.0,0.0,0.0,0.0,0.0,0.0,0.0,0.0,0.0,0.03,0,0,0,0,0,0,0,0,0,0,0,0,0,0,0,0,0,0,0,0,0
0.159271240234375,5.0,0.0,0.0,0.0,0.0,0.0,0.0,0.0,0.0,0.03,0,0,0,0,0,0,0,0,0,0,0,0,0,0,0,0,0,0,0,0,0
0.1608421802520752,5.0,0.0,0.0,0.0,0.0,0.0,0.0,0.0,0.0,0.03,0,0,0,0,0,0,0,0,0,0,0,0,0,0,0,0,0,0,0,0,0
0.16244816780090332,5.0,0.0,0.0,0.0,0.0,0.0,0.0,0.0,0.0,0.03,0,0,0,0,0,0,0,0,0,0,0,0,0,0,0,0,0,0,0,0,0
0.16358208656311035,5.0,0.0,0.0,0.0,0.0,0.0,0.0,0.0,0.0,0.03,0,0,0,0,0,0,0,0,0,0,0,0,0,0,0,0,0,0,0,0,0
0.1647346019744873,5.0,0.0,0.0,0.0,0.0,0.0,0.0,0.0,0.0,0.03,0,0,0,0,0,0,0,0,0,0,0,0,0,0,0,0,0,0,0,0,0
0.16588258743286133,5.0,0.0,0.0,0.0,0.0,0.0,0.0,0.0,0.0,0.03,0,0,0,0,0,0,0,0,0,0,0,0,0,0,0,0,0,0,0,0,0
0.16713356971740723,5.0,0.0,0.0,0.0,0.0,0.0,0.0,0.0,0.0,0.03,0,0,0,0,0,0,0,0,0,0,0,0,0,0,0,0,0,0,0,0,0
0.16848444938659668,5.0,0.0,0.0,0.0,0.0,0.0,0.0,0.0,0.0,0.03,0,0,0,0,0,0,0,0,0,0,0,0,0,0,0,0,0,0,0,0,0
0.16972684860229492,5.0,0.0,0.0,0.0,0.0,0.0,0.0,0.0,0.0,0.03,0,0,0,0,0,0,0,0,0,0,0,0,0,0,0,0,0,0,0,0,0
0.17081975936889648,5.0,0.0,0.0,0.0,0.0,0.0,0.0,0.0,0.0,0.03,0,0,0,0,0,0,0,0,0,0,0,0,0,0,0,0,0,0,0,0,0
0.17233681678771973,5.0,0.0,0.0,0.0,0.0,0.0,0.0,0.0,0.0,0.03,0,0,0,0,0,0,0,0,0,0,0,0,0,0,0,0,0,0,0,0,0
0.17344045639038086,5.0,0.0,0.0,0.0,0.0,0.0,0.0,0.0,0.0,0.03,0,0,0,0,0,0,0,0,0,0,0,0,0,0,0,0,0,0,0,0,0
0.17470383644104004,5.0,0.0,0.0,0.0,0.0,0.0,0.0,0.0,0.0,0.03,0,0,0,0,0,0,0,0,0,0,0,0,0,0,0,0,0,0,0,0,0
0.17583513259887695,5.0,0.0,0.0,0.0,0.0,0.0,0.0,0.0,0.0,0.03,0,0,0,0,0,0,0,0,0,0,0,0,0,0,0,0,0,0,0,0,0
0.17692232131958008,5.0,0.0,0.0,0.0,0.0,0.0,0.0,0.0,0.0,0.03,0,0,0,0,0,0,0,0,0,0,0,0,0,0,0,0,0,0,0,0,0
0.17828774452209473,5.0,0.0,0.0,0.0,0.0,0.0,0.0,0.0,0.0,0.03,0,0,0,0,0,0,0,0,0,0,0,0,0,0,0,0,0,0,0,0,0
0.18011260032653809,5.0,0.0,0.0,0.0,0.0,0.0,0.0,0.0,0.0,0.03,0,0,0,0,0,0,0,0,0,0,0,0,0,0,0,0,0,0,0,0,0
0.18222880363464355,5.0,0.0,0.0,0.0,0.0,0.0,0.0,0.0,0.0,0.03,0,0,0,0,0,0,0,0,0,0,0,0,0,0,0,0,0,0,0,0,0
0.1833631992340088,5.0,0.0,0.0,0.0,0.0,0.0,0.0,0.0,0.0,0.03,0,0,0,0,0,0,0,0,0,0,0,0,0,0,0,0,0,0,0,0,0
0.18495392799377441,5.0,0.0,0.0,0.0,0.0,0.0,0.0,0.0,0.0,0.03,0,0,0,0,0,0,0,0,0,0,0,0,0,0,0,0,0,0,0,0,0
0.18651676177978516,5.0,0.0,0.0,0.0,0.0,0.0,0.0,0.0,0.0,0.03,0,0,0,0,0,0,0,0,0,0,0,0,0,0,0,0,0,0,0,0,0
0.18781614303588867,5.0,0.0,0.0,0.0,0.0,0.0,0.0,0.0,0.0,0.03,0,0,0,0,0,0,0,0,0,0,0,0,0,0,0,0,0,0,0,0,0
0.18912696838378906,5.0,0.0,0.0,0.0,0.0,0.0,0.0,0.0,0.0,0.03,0,0,0,0,0,0,0,0,0,0,0,0,0,0,0,0,0,0,0,0,0
0.19033360481262207,5.0,0.0,0.0,0.0,0.0,0.0,0.0,0.0,0.0,0.03,0,0,0,0,0,0,0,0,0,0,0,0,0,0,0,0,0,0,0,0,0
0.19397234916687012,5.0,0.0,0.0,0.0,0.0,0.0,0.0,0.0,0.0,0.03,0,0,0,0,0,0,0,0,0,0,0,0,0,0,0,0,0,0,0,0,0
0.19512939453125,5.0,0.0,0.0,0.0,0.0,0.0,0.0,0.0,0.0,0.03,0,0,0,0,0,0,0,0,0,0,0,0,0,0,0,0,0,0,0,0,0
0.19637274742126465,5.0,0.0,0.0,0.0,0.0,0.0,0.0,0.0,0.0,0.03,0,0,0,0,0,0,0,0,0,0,0,0,0,0,0,0,0,0,0,0,0
0.19785594940185547,5.0,0.0,0.0,0.0,0.0,0.0,0.0,0.0,0.0,0.03,0,0,0,0,0,0,0,0,0,0,0,0,0,0,0,0,0,0,0,0,0
0.19989299774169922,5.0,0.0,0.0,0.0,0.0,0.0,0.0,0.0,0.0,0.03,0,0,0,0,0,0,0,0,0,0,0,0,0,0,0,0,0,0,0,0,0
0.2020566463470459,5.0,0.0,0.0,0.0,0.0,0.0,0.0,0.0,0.0,0.03,0,0,0,0,0,0,0,0,0,0,0,0,0,0,0,0,0,0,0,0,0
0.2034749984741211,5.0,0.0,0.0,0.0,0.0,0.0,0.0,0.0,0.0,0.03,0,0,0,0,0,0,0,0,0,0,0,0,0,0,0,0,0,0,0,0,0
0.20487523078918457,5.0,0.0,0.0,0.0,0.0,0.0,0.0,0.0,0.0,0.03,0,0,0,0,0,0,0,0,0,0,0,0,0,0,0,0,0,0,0,0,0
0.20593786239624023,5.0,0.0,0.0,0.0,0.0,0.0,0.0,0.0,0.0,0.03,0,0,0,0,0,0,0,0,0,0,0,0,0,0,0,0,0,0,0,0,0
0.20742058753967285,5.0,0.0,0.0,0.0,0.0,0.0,0.0,0.0,0.0,0.03,0,0,0,0,0,0,0,0,0,0,0,0,0,0,0,0,0,0,0,0,0
0.2085409164428711,5.0,0.0,0.0,0.0,0.0,0.0,0.0,0.0,0.0,0.03,0,0,0,0,0,0,0,0,0,0,0,0,0,0,0,0,0,0,0,0,0
0.2111361026763916,5.0,0.0,0.0,0.0,0.0,0.0,0.0,0.0,0.0,0.03,0,0,0,0,0,0,0,0,0,0,0,0,0,0,0,0,0,0,0,0,0
0.21222782135009766,5.0,0.0,0.0,0.0,0.0,0.0,0.0,0.0,0.0,0.03,0,0,0,0,0,0,0,0,0,0,0,0,0,0,0,0,0,0,0,0,0
0.21337676048278809,5.0,0.0,0.0,0.0,0.0,0.0,0.0,0.0,0.0,0.03,0,0,0,0,0,0,0,0,0,0,0,0,0,0,0,0,0,0,0,0,0
0.21453595161437988,5.0,0.0,0.0,0.0,0.0,0.0,0.0,0.0,0.0,0.03,0,0,0,0,0,0,0,0,0,0,0,0,0,0,0,0,0,0,0,0,0
0.2156524658203125,5.0,0.0,0.0,0.0,0.0,0.0,0.0,0.0,0.0,0.03,0,0,0,0,0,0,0,0,0,0,0,0,0,0,0,0,0,0,0,0,0
0.21673798561096191,5.0,0.0,0.0,0.0,0.0,0.0,0.0,0.0,0.0,0.03,0,0,0,0,0,0,0,0,0,0,0,0,0,0,0,0,0,0,0,0,0
0.21810007095336914,5.0,0.0,0.0,0.0,0.0,0.0,0.0,0.0,0.0,0.03,0,0,0,0,0,0,0,0,0,0,0,0,0,0,0,0,0,0,0,0,0
0.2194352149963379,5.0,0.0,0.0,0.0,0.0,0.0,0.0,0.0,0.0,0.03,0,0,0,0,0,0,0,0,0,0,0,0,0,0,0,0,0,0,0,0,0
0.22258782386779785,5.0,0.0,0.0,0.0,0.0,0.0,0.0,0.0,0.0,0.03,0,0,0,0,0,0,0,0,0,0,0,0,0,0,0,0,0,0,0,0,0
0.2238149642944336,5.0,0.0,0.0,0.0,0.0,0.0,0.0,0.0,0.0,0.03,0,0,0,0,0,0,0,0,0,0,0,0,0,0,0,0,0,0,0,0,0
0.2257523536682129,5.0,0.0,0.0,0.0,0.0,0.0,0.0,0.0,0.0,0.03,0,0,0,0,0,0,0,0,0,0,0,0,0,0,0,0,0,0,0,0,0
0.2270035743713379,5.0,0.0,0.0,0.0,0.0,0.0,0.0,0.0,0.0,0.03,0,0,0,0,0,0,0,0,0,0,0,0,0,0,0,0,0,0,0,0,0
0.22812628746032715,5.0,0.0,0.0,0.0,0.0,0.0,0.0,0.0,0.0,0.03,0,0,0,0,0,0,0,0,0,0,0,0,0,0,0,0,0,0,0,0,0
0.22940540313720703,5.0,0.0,0.0,0.0,0.0,0.0,0.0,0.0,0.0,0.03,0,0,0,0,0,0,0,0,0,0,0,0,0,0,0,0,0,0,0,0,0
0.23089098930358887,5.0,0.0,0.0,0.0,0.0,0.0,0.0,0.0,0.0,0.03,0,0,0,0,0,0,0,0,0,0,0,0,0,0,0,0,0,0,0,0,0
0.2322685718536377,5.0,0.0,0.0,0.0,0.0,0.0,0.0,0.0,0.0,0.03,0,0,0,0,0,0,0,0,0,0,0,0,0,0,0,0,0,0,0,0,0
0.2333686351776123,5.0,0.0,0.0,0.0,0.0,0.0,0.0,0.0,0.0,0.03,0,0,0,0,0,0,0,0,0,0,0,0,0,0,0,0,0,0,0,0,0
0.2344527244567871,5.0,0.0,0.0,0.0,0.0,0.0,0.0,0.0,0.0,0.03,0,0,0,0,0,0,0,0,0,0,0,0,0,0,0,0,0,0,0,0,0
0.23595190048217773,5.0,0.0,0.0,0.0,0.0,0.0,0.0,0.0,0.0,0.03,0,0,0,0,0,0,0,0,0,0,0,0,0,0,0,0,0,0,0,0,0
0.24028229713439941,5.0,0.0,0.0,0.0,0.0,0.0,0.0,0.0,0.0,0.03,0,0,0,0,0,0,0,0,0,0,0,0,0,0,0,0,0,0,0,0,0
0.24139785766601562,5.0,0.0,0.0,0.0,0.0,0.0,0.0,0.0,0.0,0.03,0,0,0,0,0,0,0,0,0,0,0,0,0,0,0,0,0,0,0,0,0
0.24260210990905762,5.0,0.0,0.0,0.0,0.0,0.0,0.0,0.0,0.0,0.03,0,0,0,0,0,0,0,0,0,0,0,0,0,0,0,0,0,0,0,0,0
0.24472308158874512,5.0,0.0,0.0,0.0,0.0,0.0,0.0,0.0,0.0,0.03,0,0,0,0,0,0,0,0,0,0,0,0,0,0,0,0,0,0,0,0,0
0.24605202674865723,5.0,0.0,0.0,0.0,0.0,0.0,0.0,0.0,0.0,0.03,0,0,0,0,0,0,0,0,0,0,0,0,0,0,0,0,0,0,0,0,0
0.24724292755126953,5.0,0.0,0.0,0.0,0.0,0.0,0.0,0.0,0.0,0.03,0,0,0,0,0,0,0,0,0,0,0,0,0,0,0,0,0,0,0,0,0
0.24855732917785645,5.0,0.0,0.0,0.0,0.0,0.0,0.0,0.0,0.0,0.03,0,0,0,0,0,0,0,0,0,0,0,0,0,0,0,0,0,0,0,0,0
0.24966096878051758,5.0,0.0,0.0,0.0,0.0,0.0,0.0,0.0,0.0,0.03,0,0,0,0,0,0,0,0,0,0,0,0,0,0,0,0,0,0,0,0,0
0.25241661071777344,5.0,0.0,0.0,0.0,0.0,0.0,0.0,0.0,0.0,0.03,0,0,0,0,0,0,0,0,0,0,0,0,0,0,0,0,0,0,0,0,0
0.2535264492034912,5.0,0.0,0.0,0.0,0.0,0.0,0.0,0.0,0.0,0.03,0,0,0,0,0,0,0,0,0,0,0,0,0,0,0,0,0,0,0,0,0
0.25532102584838867,5.0,0.0,0.0,0.0,0.0,0.0,0.0,0.0,0.0,0.03,0,0,0,0,0,0,0,0,0,0,0,0,0,0,0,0,0,0,0,0,0
0.2564218044281006,5.0,0.0,0.0,0.0,0.0,0.0,0.0,0.0,0.0,0.03,0,0,0,0,0,0,0,0,0,0,0,0,0,0,0,0,0,0,0,0,0
0.25928401947021484,5.0,0.0,0.0,0.0,0.0,0.0,0.0,0.0,0.0,0.03,0,0,0,0,0,0,0,0,0,0,0,0,0,0,0,0,0,0,0,0,0
0.26040196418762207,5.0,0.0,0.0,0.0,0.0,0.0,0.0,0.0,0.0,0.03,0,0,0,0,0,0,0,0,0,0,0,0,0,0,0,0,0,0,0,0,0
0.2617459297180176,5.0,0.0,0.0,0.0,0.0,0.0,0.0,0.0,0.0,0.03,0,0,0,0,0,0,0,0,0,0,0,0,0,0,0,0,0,0,0,0,0
0.2638285160064697,5.0,0.0,0.0,0.0,0.0,0.0,0.0,0.0,0.0,0.03,0,0,0,0,0,0,0,0,0,0,0,0,0,0,0,0,0,0,0,0,0
0.26513195037841797,5.0,0.0,0.0,0.0,0.0,0.0,0.0,0.0,0.0,0.03,0,0,0,0,0,0,0,0,0,0,0,0,0,0,0,0,0,0,0,0,0
0.2663254737854004,5.0,0.0,0.0,0.0,0.0,0.0,0.0,0.0,0.0,0.03,0,0,0,0,0,0,0,0,0,0,0,0,0,0,0,0,0,0,0,0,0
0.26789331436157227,5.0,0.0,0.0,0.0,0.0,0.0,0.0,0.0,0.0,0.03,0,0,0,0,0,0,0,0,0,0,0,0,0,0,0,0,0,0,0,0,0
0.2692131996154785,5.0,0.0,0.0,0.0,0.0,0.0,0.0,0.0,0.0,0.03,0,0,0,0,0,0,0,0,0,0,0,0,0,0,0,0,0,0,0,0,0
0.27031683921813965,5.0,0.0,0.0,0.0,0.0,0.0,0.0,0.0,0.0,0.03,0,0,0,0,0,0,0,0,0,0,0,0,0,0,0,0,0,0,0,0,0
0.27147984504699707,5.0,0.0,0.0,0.0,0.0,0.0,0.0,0.0,0.0,0.03,0,0,0,0,0,0,0,0,0,0,0,0,0,0,0,0,0,0,0,0,0
0.27260899543762207,5.0,0.0,0.0,0.0,0.0,0.0,0.0,0.0,0.0,0.03,0,0,0,0,0,0,0,0,0,0,0,0,0,0,0,0,0,0,0,0,0
0.2736935615539551,5.0,0.0,0.0,0.0,0.0,0.0,0.0,0.0,0.0,0.03,0,0,0,0,0,0,0,0,0,0,0,0,0,0,0,0,0,0,0,0,0
0.2754189968109131,5.0,0.0,0.0,0.0,0.0,0.0,0.0,0.0,0.0,0.03,0,0,0,0,0,0,0,0,0,0,0,0,0,0,0,0,0,0,0,0,0
0.2770228385925293,5.0,0.0,0.0,0.0,0.0,0.0,0.0,0.0,0.0,0.03,0,0,0,0,0,0,0,0,0,0,0,0,0,0,0,0,0,0,0,0,0
0.2800769805908203,5.0,0.0,0.0,0.0,0.0,0.0,0.0,0.0,0.0,0.03,0,0,0,0,0,0,0,0,0,0,0,0,0,0,0,0,0,0,0,0,0
0.2812657356262207,5.0,0.0,0.0,0.0,0.0,0.0,0.0,0.0,0.0,0.03,0,0,0,0,0,0,0,0,0,0,0,0,0,0,0,0,0,0,0,0,0
0.28302741050720215,5.0,0.0,0.0,0.0,0.0,0.0,0.0,0.0,0.0,0.03,0,0,0,0,0,0,0,0,0,0,0,0,0,0,0,0,0,0,0,0,0
0.2851126194000244,5.0,0.0,0.0,0.0,0.0,0.0,0.0,0.0,0.0,0.03,0,0,0,0,0,0,0,0,0,0,0,0,0,0,0,0,0,0,0,0,0
0.2864949703216553,5.0,0.0,0.0,0.0,0.0,0.0,0.0,0.0,0.0,0.03,0,0,0,0,0,0,0,0,0,0,0,0,0,0,0,0,0,0,0,0,0
0.2876853942871094,5.0,0.0,0.0,0.0,0.0,0.0,0.0,0.0,0.0,0.03,0,0,0,0,0,0,0,0,0,0,0,0,0,0,0,0,0,0,0,0,0
0.28878045082092285,5.0,0.0,0.0,0.0,0.0,0.0,0.0,0.0,0.0,0.03,0,0,0,0,0,0,0,0,0,0,0,0,0,0,0,0,0,0,0,0,0
0.2899007797241211,5.0,0.0,0.0,0.0,0.0,0.0,0.0,0.0,0.0,0.03,0,0,0,0,0,0,0,0,0,0,0,0,0,0,0,0,0,0,0,0,0
0.2910292148590088,5.0,0.0,0.0,0.0,0.0,0.0,0.0,0.0,0.0,0.03,0,0,0,0,0,0,0,0,0,0,0,0,0,0,0,0,0,0,0,0,0
0.2921130657196045,5.0,0.0,0.0,0.0,0.0,0.0,0.0,0.0,0.0,0.03,0,0,0,0,0,0,0,0,0,0,0,0,0,0,0,0,0,0,0,0,0
0.2935664653778076,5.0,0.0,0.0,0.0,0.0,0.0,0.0,0.0,0.0,0.03,0,0,0,0,0,0,0,0,0,0,0,0,0,0,0,0,0,0,0,0,0
0.29485344886779785,5.0,0.0,0.0,0.0,0.0,0.0,0.0,0.0,0.0,0.03,0,0,0,0,0,0,0,0,0,0,0,0,0,0,0,0,0,0,0,0,0
0.2966139316558838,5.0,0.0,0.0,0.0,0.0,0.0,0.0,0.0,0.0,0.03,0,0,0,0,0,0,0,0,0,0,0,0,0,0,0,0,0,0,0,0,0
0.29785752296447754,5.0,0.0,0.0,0.0,0.0,0.0,0.0,0.0,0.0,0.03,0,0,0,0,0,0,0,0,0,0,0,0,0,0,0,0,0,0,0,0,0
0.29926633834838867,5.0,0.0,0.0,0.0,0.0,0.0,0.0,0.0,0.0,0.03,0,0,0,0,0,0,0,0,0,0,0,0,0,0,0,0,0,0,0,0,0
0.3005177974700928,5.0,0.0,0.0,0.0,0.0,0.0,0.0,0.0,0.0,0.03,0,0,0,0,0,0,0,0,0,0,0,0,0,0,0,0,0,0,0,0,0
0.3017556667327881,5.0,0.0,0.0,0.0,0.0,0.0,0.0,0.0,0.0,0.03,0,0,0,0,0,0,0,0,0,0,0,0,0,0,0,0,0,0,0,0,0
0.3028452396392822,5.0,0.0,0.0,0.0,0.0,0.0,0.0,0.0,0.0,0.03,0,0,0,0,0,0,0,0,0,0,0,0,0,0,0,0,0,0,0,0,0
0.30415987968444824,5.0,0.0,0.0,0.0,0.0,0.0,0.0,0.0,0.0,0.03,0,0,0,0,0,0,0,0,0,0,0,0,0,0,0,0,0,0,0,0,0
0.3058633804321289,5.0,0.0,0.0,0.0,0.0,0.0,0.0,0.0,0.0,0.03,0,0,0,0,0,0,0,0,0,0,0,0,0,0,0,0,0,0,0,0,0
0.3069472312927246,5.0,0.0,0.0,0.0,0.0,0.0,0.0,0.0,0.0,0.03,0,0,0,0,0,0,0,0,0,0,0,0,0,0,0,0,0,0,0,0,0
0.30840444564819336,5.0,0.0,0.0,0.0,0.0,0.0,0.0,0.0,0.0,0.03,0,0,0,0,0,0,0,0,0,0,0,0,0,0,0,0,0,0,0,0,0
0.3104517459869385,5.0,0.0,0.0,0.0,0.0,0.0,0.0,0.0,0.0,0.03,0,0,0,0,0,0,0,0,0,0,0,0,0,0,0,0,0,0,0,0,0
0.31232571601867676,5.0,0.0,0.0,0.0,0.0,0.0,0.0,0.0,0.0,0.03,0,0,0,0,0,0,0,0,0,0,0,0,0,0,0,0,0,0,0,0,0
0.31354641914367676,5.0,0.0,0.0,0.0,0.0,0.0,0.0,0.0,0.0,0.03,0,0,0,0,0,0,0,0,0,0,0,0,0,0,0,0,0,0,0,0,0
0.3155333995819092,5.0,0.0,0.0,0.0,0.0,0.0,0.0,0.0,0.0,0.03,0,0,0,0,0,0,0,0,0,0,0,0,0,0,0,0,0,0,0,0,0
0.31722068786621094,5.0,0.0,0.0,0.0,0.0,0.0,0.0,0.0,0.0,0.03,0,0,0,0,0,0,0,0,0,0,0,0,0,0,0,0,0,0,0,0,0
0.31876516342163086,5.0,0.0,0.0,0.0,0.0,0.0,0.0,0.0,0.0,0.03,0,0,0,0,0,0,0,0,0,0,0,0,0,0,0,0,0,0,0,0,0
0.3198230266571045,5.0,0.0,0.0,0.0,0.0,0.0,0.0,0.0,0.0,0.03,0,0,0,0,0,0,0,0,0,0,0,0,0,0,0,0,0,0,0,0,0
0.3210616111755371,5.0,0.0,0.0,0.0,0.0,0.0,0.0,0.0,0.0,0.03,0,0,0,0,0,0,0,0,0,0,0,0,0,0,0,0,0,0,0,0,0
0.32218241691589355,5.0,0.0,0.0,0.0,0.0,0.0,0.0,0.0,0.0,0.03,0,0,0,0,0,0,0,0,0,0,0,0,0,0,0,0,0,0,0,0,0
0.3232605457305908,5.0,0.0,0.0,0.0,0.0,0.0,0.0,0.0,0.0,0.03,0,0,0,0,0,0,0,0,0,0,0,0,0,0,0,0,0,0,0,0,0
0.32447338104248047,5.0,0.0,0.0,0.0,0.0,0.0,0.0,0.0,0.0,0.03,0,0,0,0,0,0,0,0,0,0,0,0,0,0,0,0,0,0,0,0,0
0.3256711959838867,5.0,0.0,0.0,0.0,0.0,0.0,0.0,0.0,0.0,0.03,0,0,0,0,0,0,0,0,0,0,0,0,0,0,0,0,0,0,0,0,0
0.32717347145080566,5.0,0.0,0.0,0.0,0.0,0.0,0.0,0.0,0.0,0.03,0,0,0,0,0,0,0,0,0,0,0,0,0,0,0,0,0,0,0,0,0
0.32848215103149414,5.0,0.0,0.0,0.0,0.0,0.0,0.0,0.0,0.0,0.03,0,0,0,0,0,0,0,0,0,0,0,0,0,0,0,0,0,0,0,0,0
0.32965755462646484,5.0,0.0,0.0,0.0,0.0,0.0,0.0,0.0,0.0,0.03,0,0,0,0,0,0,0,0,0,0,0,0,0,0,0,0,0,0,0,0,0
0.3309488296508789,5.0,0.0,0.0,0.0,0.0,0.0,0.0,0.0,0.0,0.03,0,0,0,0,0,0,0,0,0,0,0,0,0,0,0,0,0,0,0,0,0
0.33206653594970703,5.0,0.0,0.0,0.0,0.0,0.0,0.0,0.0,0.0,0.03,0,0,0,0,0,0,0,0,0,0,0,0,0,0,0,0,0,0,0,0,0
0.33321404457092285,5.0,0.0,0.0,0.0,0.0,0.0,0.0,0.0,0.0,0.03,0,0,0,0,0,0,0,0,0,0,0,0,0,0,0,0,0,0,0,0,0
0.3342893123626709,5.0,0.0,0.0,0.0,0.0,0.0,0.0,0.0,0.0,0.03,0,0,0,0,0,0,0,0,0,0,0,0,0,0,0,0,0,0,0,0,0
0.33556056022644043,5.0,0.0,0.0,0.0,0.0,0.0,0.0,0.0,0.0,0.03,0,0,0,0,0,0,0,0,0,0,0,0,0,0,0,0,0,0,0,0,0
0.3372969627380371,5.0,0.0,0.0,0.0,0.0,0.0,0.0,0.0,0.0,0.03,0,0,0,0,0,0,0,0,0,0,0,0,0,0,0,0,0,0,0,0,0
0.3390324115753174,5.0,0.0,0.0,0.0,0.0,0.0,0.0,0.0,0.0,0.03,0,0,0,0,0,0,0,0,0,0,0,0,0,0,0,0,0,0,0,0,0
0.3407318592071533,5.0,0.0,0.0,0.0,0.0,0.0,0.0,0.0,0.0,0.03,0,0,0,0,0,0,0,0,0,0,0,0,0,0,0,0,0,0,0,0,0
0.3418443202972412,5.0,0.0,0.0,0.0,0.0,0.0,0.0,0.0,0.0,0.03,0,0,0,0,0,0,0,0,0,0,0,0,0,0,0,0,0,0,0,0,0
0.3429396152496338,5.0,0.0,0.0,0.0,0.0,0.0,0.0,0.0,0.0,0.03,0,0,0,0,0,0,0,0,0,0,0,0,0,0,0,0,0,0,0,0,0
0.34485483169555664,5.0,0.0,0.0,0.0,0.0,0.0,0.0,0.0,0.0,0.03,0,0,0,0,0,0,0,0,0,0,0,0,0,0,0,0,0,0,0,0,0
0.34691953659057617,5.0,0.0,0.0,0.0,0.0,0.0,0.0,0.0,0.0,0.03,0,0,0,0,0,0,0,0,0,0,0,0,0,0,0,0,0,0,0,0,0
0.3480992317199707,5.0,0.0,0.0,0.0,0.0,0.0,0.0,0.0,0.0,0.03,0,0,0,0,0,0,0,0,0,0,0,0,0,0,0,0,0,0,0,0,0
0.34973907470703125,5.0,0.0,0.0,0.0,0.0,0.0,0.0,0.0,0.0,0.03,0,0,0,0,0,0,0,0,0,0,0,0,0,0,0,0,0,0,0,0,0
0.3508484363555908,5.0,0.0,0.0,0.0,0.0,0.0,0.0,0.0,0.0,0.03,0,0,0,0,0,0,0,0,0,0,0,0,0,0,0,0,0,0,0,0,0
0.35196876525878906,5.0,0.0,0.0,0.0,0.0,0.0,0.0,0.0,0.0,0.03,0,0,0,0,0,0,0,0,0,0,0,0,0,0,0,0,0,0,0,0,0
0.3531017303466797,5.0,0.0,0.0,0.0,0.0,0.0,0.0,0.0,0.0,0.03,0,0,0,0,0,0,0,0,0,0,0,0,0,0,0,0,0,0,0,0,0
0.354844331741333,5.0,0.0,0.0,0.0,0.0,0.0,0.0,0.0,0.0,0.03,0,0,0,0,0,0,0,0,0,0,0,0,0,0,0,0,0,0,0,0,0
0.3562774658203125,5.0,0.0,0.0,0.0,0.0,0.0,0.0,0.0,0.0,0.03,0,0,0,0,0,0,0,0,0,0,0,0,0,0,0,0,0,0,0,0,0
0.35772037506103516,5.0,0.0,0.0,0.0,0.0,0.0,0.0,0.0,0.0,0.03,0,0,0,0,0,0,0,0,0,0,0,0,0,0,0,0,0,0,0,0,0
0.35991621017456055,5.0,0.0,0.0,0.0,0.0,0.0,0.0,0.0,0.0,0.03,0,0,0,0,0,0,0,0,0,0,0,0,0,0,0,0,0,0,0,0,0
0.3611445426940918,5.0,0.0,0.0,0.0,0.0,0.0,0.0,0.0,0.0,0.03,0,0,0,0,0,0,0,0,0,0,0,0,0,0,0,0,0,0,0,0,0
0.36252665519714355,5.0,0.0,0.0,0.0,0.0,0.0,0.0,0.0,0.0,0.03,0,0,0,0,0,0,0,0,0,0,0,0,0,0,0,0,0,0,0,0,0
0.36428236961364746,5.0,0.0,0.0,0.0,0.0,0.0,0.0,0.0,0.0,0.03,0,0,0,0,0,0,0,0,0,0,0,0,0,0,0,0,0,0,0,0,0
0.3653724193572998,5.0,0.0,0.0,0.0,0.0,0.0,0.0,0.0,0.0,0.03,0,0,0,0,0,0,0,0,0,0,0,0,0,0,0,0,0,0,0,0,0
0.36669254302978516,5.0,0.0,0.0,0.0,0.0,0.0,0.0,0.0,0.0,0.03,0,0,0,0,0,0,0,0,0,0,0,0,0,0,0,0,0,0,0,0,0
0.3679015636444092,5.0,0.0,0.0,0.0,0.0,0.0,0.0,0.0,0.0,0.03,0,0,0,0,0,0,0,0,0,0,0,0,0,0,0,0,0,0,0,0,0
0.36919212341308594,5.0,0.0,0.0,0.0,0.0,0.0,0.0,0.0,0.0,0.03,0,0,0,0,0,0,0,0,0,0,0,0,0,0,0,0,0,0,0,0,0
0.37027859687805176,5.0,0.0,0.0,0.0,0.0,0.0,0.0,0.0,0.0,0.03,0,0,0,0,0,0,0,0,0,0,0,0,0,0,0,0,0,0,0,0,0
0.3721621036529541,5.0,0.0,0.0,0.0,0.0,0.0,0.0,0.0,0.0,0.03,0,0,0,0,0,0,0,0,0,0,0,0,0,0,0,0,0,0,0,0,0
0.37362003326416016,5.0,0.0,0.0,0.0,0.0,0.0,0.0,0.0,0.0,0.03,0,0,0,0,0,0,0,0,0,0,0,0,0,0,0,0,0,0,0,0,0
0.375474214553833,5.0,0.0,0.0,0.0,0.0,0.0,0.0,0.0,0.0,0.03,0,0,0,0,0,0,0,0,0,0,0,0,0,0,0,0,0,0,0,0,0
0.3774266242980957,5.0,0.0,0.0,0.0,0.0,0.0,0.0,0.0,0.0,0.03,0,0,0,0,0,0,0,0,0,0,0,0,0,0,0,0,0,0,0,0,0
0.37906694412231445,5.0,0.0,0.0,0.0,0.0,0.0,0.0,0.0,0.0,0.03,0,0,0,0,0,0,0,0,0,0,0,0,0,0,0,0,0,0,0,0,0
0.38102006912231445,5.0,0.0,0.0,0.0,0.0,0.0,0.0,0.0,0.0,0.03,0,0,0,0,0,0,0,0,0,0,0,0,0,0,0,0,0,0,0,0,0
0.3821086883544922,5.0,0.0,0.0,0.0,0.0,0.0,0.0,0.0,0.0,0.03,0,0,0,0,0,0,0,0,0,0,0,0,0,0,0,0,0,0,0,0,0
0.38321471214294434,5.0,0.0,0.0,0.0,0.0,0.0,0.0,0.0,0.0,0.03,0,0,0,0,0,0,0,0,0,0,0,0,0,0,0,0,0,0,0,0,0
0.38471317291259766,5.0,0.0,0.0,0.0,0.0,0.0,0.0,0.0,0.0,0.03,0,0,0,0,0,0,0,0,0,0,0,0,0,0,0,0,0,0,0,0,0
0.38616442680358887,5.0,0.0,0.0,0.0,0.0,0.0,0.0,0.0,0.0,0.03,0,0,0,0,0,0,0,0,0,0,0,0,0,0,0,0,0,0,0,0,0
0.38820672035217285,5.0,0.0,0.0,0.0,0.0,0.0,0.0,0.0,0.0,0.03,0,0,0,0,0,0,0,0,0,0,0,0,0,0,0,0,0,0,0,0,0
0.38927507400512695,5.0,0.0,0.0,0.0,0.0,0.0,0.0,0.0,0.0,0.03,0,0,0,0,0,0,0,0,0,0,0,0,0,0,0,0,0,0,0,0,0
0.3904447555541992,5.0,0.0,0.0,0.0,0.0,0.0,0.0,0.0,0.0,0.03,0,0,0,0,0,0,0,0,0,0,0,0,0,0,0,0,0,0,0,0,0
0.39154529571533203,5.0,0.0,0.0,0.0,0.0,0.0,0.0,0.0,0.0,0.03,0,0,0,0,0,0,0,0,0,0,0,0,0,0,0,0,0,0,0,0,0
0.39264345169067383,5.0,0.0,0.0,0.0,0.0,0.0,0.0,0.0,0.0,0.03,0,0,0,0,0,0,0,0,0,0,0,0,0,0,0,0,0,0,0,0,0
0.3938300609588623,5.0,0.0,0.0,0.0,0.0,0.0,0.0,0.0,0.0,0.03,0,0,0,0,0,0,0,0,0,0,0,0,0,0,0,0,0,0,0,0,0
0.39494752883911133,5.0,0.0,0.0,0.0,0.0,0.0,0.0,0.0,0.0,0.03,0,0,0,0,0,0,0,0,0,0,0,0,0,0,0,0,0,0,0,0,0
0.3960435390472412,5.0,0.0,0.0,0.0,0.0,0.0,0.0,0.0,0.0,0.03,0,0,0,0,0,0,0,0,0,0,0,0,0,0,0,0,0,0,0,0,0
0.39713025093078613,5.0,0.0,0.0,0.0,0.0,0.0,0.0,0.0,0.0,0.03,0,0,0,0,0,0,0,0,0,0,0,0,0,0,0,0,0,0,0,0,0
0.3985116481781006,5.0,0.0,0.0,0.0,0.0,0.0,0.0,0.0,0.0,0.03,0,0,0,0,0,0,0,0,0,0,0,0,0,0,0,0,0,0,0,0,0
0.4007401466369629,5.0,0.0,0.0,0.0,0.0,0.0,0.0,0.0,0.0,0.03,0,0,0,0,0,0,0,0,0,0,0,0,0,0,0,0,0,0,0,0,0
0.4034557342529297,5.0,0.0,0.0,0.0,0.0,0.0,0.0,0.0,0.0,0.03,0,0,0,0,0,0,0,0,0,0,0,0,0,0,0,0,0,0,0,0,0
0.4048430919647217,5.0,0.0,0.0,0.0,0.0,0.0,0.0,0.0,0.0,0.03,0,0,0,0,0,0,0,0,0,0,0,0,0,0,0,0,0,0,0,0,0
0.4061570167541504,5.0,0.0,0.0,0.0,0.0,0.0,0.0,0.0,0.0,0.03,0,0,0,0,0,0,0,0,0,0,0,0,0,0,0,0,0,0,0,0,0
0.40729188919067383,5.0,0.0,0.0,0.0,0.0,0.0,0.0,0.0,0.0,0.03,0,0,0,0,0,0,0,0,0,0,0,0,0,0,0,0,0,0,0,0,0
0.40880560874938965,5.0,0.0,0.0,0.0,0.0,0.0,0.0,0.0,0.0,0.03,0,0,0,0,0,0,0,0,0,0,0,0,0,0,0,0,0,0,0,0,0
0.41031861305236816,5.0,0.0,0.0,0.0,0.0,0.0,0.0,0.0,0.0,0.03,0,0,0,0,0,0,0,0,0,0,0,0,0,0,0,0,0,0,0,0,0
0.4117245674133301,5.0,0.0,0.0,0.0,0.0,0.0,0.0,0.0,0.0,0.03,0,0,0,0,0,0,0,0,0,0,0,0,0,0,0,0,0,0,0,0,0
0.41343069076538086,5.0,0.0,0.0,0.0,0.0,0.0,0.0,0.0,0.0,0.03,0,0,0,0,0,0,0,0,0,0,0,0,0,0,0,0,0,0,0,0,0
0.4146244525909424,5.0,0.0,0.0,0.0,0.0,0.0,0.0,0.0,0.0,0.03,0,0,0,0,0,0,0,0,0,0,0,0,0,0,0,0,0,0,0,0,0
0.41578245162963867,5.0,0.0,0.0,0.0,0.0,0.0,0.0,0.0,0.0,0.03,0,0,0,0,0,0,0,0,0,0,0,0,0,0,0,0,0,0,0,0,0
0.41696619987487793,5.0,0.0,0.0,0.0,0.0,0.0,0.0,0.0,0.0,0.03,0,0,0,0,0,0,0,0,0,0,0,0,0,0,0,0,0,0,0,0,0
0.4180281162261963,5.0,0.0,0.0,0.0,0.0,0.0,0.0,0.0,0.0,0.03,0,0,0,0,0,0,0,0,0,0,0,0,0,0,0,0,0,0,0,0,0
0.42060399055480957,5.0,0.0,0.0,0.0,0.0,0.0,0.0,0.0,0.0,0.03,0,0,0,0,0,0,0,0,0,0,0,0,0,0,0,0,0,0,0,0,0
0.4222273826599121,5.0,0.0,0.0,0.0,0.0,0.0,0.0,0.0,0.0,0.03,0,0,0,0,0,0,0,0,0,0,0,0,0,0,0,0,0,0,0,0,0
0.42354846000671387,5.0,0.0,0.0,0.0,0.0,0.0,0.0,0.0,0.0,0.03,0,0,0,0,0,0,0,0,0,0,0,0,0,0,0,0,0,0,0,0,0
0.42483019828796387,5.0,0.0,0.0,0.0,0.0,0.0,0.0,0.0,0.0,0.03,0,0,0,0,0,0,0,0,0,0,0,0,0,0,0,0,0,0,0,0,0
0.4260423183441162,5.0,0.0,0.0,0.0,0.0,0.0,0.0,0.0,0.0,0.03,0,0,0,0,0,0,0,0,0,0,0,0,0,0,0,0,0,0,0,0,0
0.4272007942199707,5.0,0.0,0.0,0.0,0.0,0.0,0.0,0.0,0.0,0.03,0,0,0,0,0,0,0,0,0,0,0,0,0,0,0,0,0,0,0,0,0
0.4287395477294922,5.0,0.0,0.0,0.0,0.0,0.0,0.0,0.0,0.0,0.03,0,0,0,0,0,0,0,0,0,0,0,0,0,0,0,0,0,0,0,0,0
0.430117130279541,5.0,0.0,0.0,0.0,0.0,0.0,0.0,0.0,0.0,0.03,0,0,0,0,0,0,0,0,0,0,0,0,0,0,0,0,0,0,0,0,0
0.43131136894226074,5.0,0.0,0.0,0.0,0.0,0.0,0.0,0.0,0.0,0.03,0,0,0,0,0,0,0,0,0,0,0,0,0,0,0,0,0,0,0,0,0
0.432420015335083,5.0,0.0,0.0,0.0,0.0,0.0,0.0,0.0,0.0,0.03,0,0,0,0,0,0,0,0,0,0,0,0,0,0,0,0,0,0,0,0,0
0.4363727569580078,5.0,0.0,0.0,0.0,0.0,0.0,0.0,0.0,0.0,0.03,0,0,0,0,0,0,0,0,0,0,0,0,0,0,0,0,0,0,0,0,0
0.4376394748687744,5.0,0.0,0.0,0.0,0.0,0.0,0.0,0.0,0.0,0.03,0,0,0,0,0,0,0,0,0,0,0,0,0,0,0,0,0,0,0,0,0
0.43985605239868164,5.0,0.0,0.0,0.0,0.0,0.0,0.0,0.0,0.0,0.03,0,0,0,0,0,0,0,0,0,0,0,0,0,0,0,0,0,0,0,0,0
0.4428672790527344,5.0,0.0,0.0,0.0,0.0,0.0,0.0,0.0,0.0,0.03,0,0,0,0,0,0,0,0,0,0,0,0,0,0,0,0,0,0,0,0,0
0.44434618949890137,5.0,0.0,0.0,0.0,0.0,0.0,0.0,0.0,0.0,0.03,0,0,0,0,0,0,0,0,0,0,0,0,0,0,0,0,0,0,0,0,0
0.4454612731933594,5.0,0.0,0.0,0.0,0.0,0.0,0.0,0.0,0.0,0.03,0,0,0,0,0,0,0,0,0,0,0,0,0,0,0,0,0,0,0,0,0
0.44742393493652344,5.0,0.0,0.0,0.0,0.0,0.0,0.0,0.0,0.0,0.03,0,0,0,0,0,0,0,0,0,0,0,0,0,0,0,0,0,0,0,0,0
0.4488556385040283,5.0,0.0,0.0,0.0,0.0,0.0,0.0,0.0,0.0,0.03,0,0,0,0,0,0,0,0,0,0,0,0,0,0,0,0,0,0,0,0,0
0.4500603675842285,5.0,0.0,0.0,0.0,0.0,0.0,0.0,0.0,0.0,0.03,0,0,0,0,0,0,0,0,0,0,0,0,0,0,0,0,0,0,0,0,0
0.4513378143310547,5.0,0.0,0.0,0.0,0.0,0.0,0.0,0.0,0.0,0.03,0,0,0,0,0,0,0,0,0,0,0,0,0,0,0,0,0,0,0,0,0
0.4524350166320801,5.0,0.0,0.0,0.0,0.0,0.0,0.0,0.0,0.0,0.03,0,0,0,0,0,0,0,0,0,0,0,0,0,0,0,0,0,0,0,0,0
0.4536106586456299,5.0,0.0,0.0,0.0,0.0,0.0,0.0,0.0,0.0,0.03,0,0,0,0,0,0,0,0,0,0,0,0,0,0,0,0,0,0,0,0,0
0.45474791526794434,5.0,0.0,0.0,0.0,0.0,0.0,0.0,0.0,0.0,0.03,0,0,0,0,0,0,0,0,0,0,0,0,0,0,0,0,0,0,0,0,0
0.45584774017333984,5.0,0.0,0.0,0.0,0.0,0.0,0.0,0.0,0.0,0.03,0,0,0,0,0,0,0,0,0,0,0,0,0,0,0,0,0,0,0,0,0
0.4571845531463623,5.0,0.0,0.0,0.0,0.0,0.0,0.0,0.0,0.0,0.03,0,0,0,0,0,0,0,0,0,0,0,0,0,0,0,0,0,0,0,0,0
0.45827293395996094,5.0,0.0,0.0,0.0,0.0,0.0,0.0,0.0,0.0,0.03,0,0,0,0,0,0,0,0,0,0,0,0,0,0,0,0,0,0,0,0,0
0.4611172676086426,5.0,0.0,0.0,0.0,0.0,0.0,0.0,0.0,0.0,0.03,0,0,0,0,0,0,0,0,0,0,0,0,0,0,0,0,0,0,0,0,0
0.4626922607421875,5.0,0.0,0.0,0.0,0.0,0.0,0.0,0.0,0.0,0.03,0,0,0,0,0,0,0,0,0,0,0,0,0,0,0,0,0,0,0,0,0
0.46404099464416504,5.0,0.0,0.0,0.0,0.0,0.0,0.0,0.0,0.0,0.03,0,0,0,0,0,0,0,0,0,0,0,0,0,0,0,0,0,0,0,0,0
0.46521687507629395,5.0,0.0,0.0,0.0,0.0,0.0,0.0,0.0,0.0,0.03,0,0,0,0,0,0,0,0,0,0,0,0,0,0,0,0,0,0,0,0,0
0.46633195877075195,5.0,0.0,0.0,0.0,0.0,0.0,0.0,0.0,0.0,0.03,0,0,0,0,0,0,0,0,0,0,0,0,0,0,0,0,0,0,0,0,0
0.4678499698638916,5.0,0.0,0.0,0.0,0.0,0.0,0.0,0.0,0.0,0.03,0,0,0,0,0,0,0,0,0,0,0,0,0,0,0,0,0,0,0,0,0
0.4689345359802246,5.0,0.0,0.0,0.0,0.0,0.0,0.0,0.0,0.0,0.03,0,0,0,0,0,0,0,0,0,0,0,0,0,0,0,0,0,0,0,0,0
0.4700016975402832,5.0,0.0,0.0,0.0,0.0,0.0,0.0,0.0,0.0,0.03,0,0,0,0,0,0,0,0,0,0,0,0,0,0,0,0,0,0,0,0,0
0.47132134437561035,5.0,0.0,0.0,0.0,0.0,0.0,0.0,0.0,0.0,0.03,0,0,0,0,0,0,0,0,0,0,0,0,0,0,0,0,0,0,0,0,0
0.47240400314331055,5.0,0.0,0.0,0.0,0.0,0.0,0.0,0.0,0.0,0.03,0,0,0,0,0,0,0,0,0,0,0,0,0,0,0,0,0,0,0,0,0
0.4735069274902344,5.0,0.0,0.0,0.0,0.0,0.0,0.0,0.0,0.0,0.03,0,0,0,0,0,0,0,0,0,0,0,0,0,0,0,0,0,0,0,0,0
0.47462916374206543,5.0,0.0,0.0,0.0,0.0,0.0,0.0,0.0,0.0,0.03,0,0,0,0,0,0,0,0,0,0,0,0,0,0,0,0,0,0,0,0,0
0.47571349143981934,5.0,0.0,0.0,0.0,0.0,0.0,0.0,0.0,0.0,0.03,0,0,0,0,0,0,0,0,0,0,0,0,0,0,0,0,0,0,0,0,0
0.47708988189697266,5.0,0.0,0.0,0.0,0.0,0.0,0.0,0.0,0.0,0.03,0,0,0,0,0,0,0,0,0,0,0,0,0,0,0,0,0,0,0,0,0
0.4786710739135742,5.0,0.0,0.0,0.0,0.0,0.0,0.0,0.0,0.0,0.03,0,0,0,0,0,0,0,0,0,0,0,0,0,0,0,0,0,0,0,0,0
0.48149776458740234,5.0,0.0,0.0,0.0,0.0,0.0,0.0,0.0,0.0,0.03,0,0,0,0,0,0,0,0,0,0,0,0,0,0,0,0,0,0,0,0,0
0.48274970054626465,5.0,0.0,0.0,0.0,0.0,0.0,0.0,0.0,0.0,0.03,0,0,0,0,0,0,0,0,0,0,0,0,0,0,0,0,0,0,0,0,0
0.484699010848999,5.0,0.0,0.0,0.0,0.0,0.0,0.0,0.0,0.0,0.03,0,0,0,0,0,0,0,0,0,0,0,0,0,0,0,0,0,0,0,0,0
0.4858524799346924,5.0,0.0,0.0,0.0,0.0,0.0,0.0,0.0,0.0,0.03,0,0,0,0,0,0,0,0,0,0,0,0,0,0,0,0,0,0,0,0,0
0.4872090816497803,5.0,0.0,0.0,0.0,0.0,0.0,0.0,0.0,0.0,0.03,0,0,0,0,0,0,0,0,0,0,0,0,0,0,0,0,0,0,0,0,0
0.4885287284851074,5.0,0.0,0.0,0.0,0.0,0.0,0.0,0.0,0.0,0.03,0,0,0,0,0,0,0,0,0,0,0,0,0,0,0,0,0,0,0,0,0
0.4898800849914551,5.0,0.0,0.0,0.0,0.0,0.0,0.0,0.0,0.0,0.03,0,0,0,0,0,0,0,0,0,0,0,0,0,0,0,0,0,0,0,0,0
0.492328405380249,5.0,0.0,0.0,0.0,0.0,0.0,0.0,0.0,0.0,0.03,0,0,0,0,0,0,0,0,0,0,0,0,0,0,0,0,0,0,0,0,0
0.49341392517089844,5.0,0.0,0.0,0.0,0.0,0.0,0.0,0.0,0.0,0.03,0,0,0,0,0,0,0,0,0,0,0,0,0,0,0,0,0,0,0,0,0
0.49455928802490234,5.0,0.0,0.0,0.0,0.0,0.0,0.0,0.0,0.0,0.03,0,0,0,0,0,0,0,0,0,0,0,0,0,0,0,0,0,0,0,0,0
0.4964137077331543,5.0,0.0,0.0,0.0,0.0,0.0,0.0,0.0,0.0,0.03,0,0,0,0,0,0,0,0,0,0,0,0,0,0,0,0,0,0,0,0,0
0.49790143966674805,5.0,0.0,0.0,0.0,0.0,0.0,0.0,0.0,0.0,0.03,0,0,0,0,0,0,0,0,0,0,0,0,0,0,0,0,0,0,0,0,0
0.4990096092224121,5.0,0.0,0.0,0.0,0.0,0.0,0.0,0.0,0.0,0.03,0,0,0,0,0,0,0,0,0,0,0,0,0,0,0,0,0,0,0,0,0
0.5003457069396973,5.0,0.0,0.0,0.0,0.0,0.0,0.0,0.0,0.0,0.03,0,0,0,0,0,0,0,0,0,0,0,0,0,0,0,0,0,0,0,0,0
0.5014326572418213,5.0,0.0,0.0,0.0,0.0,0.0,0.0,0.0,0.0,0.03,0,0,0,0,0,0,0,0,0,0,0,0,0,0,0,0,0,0,0,0,0
0.5028393268585205,5.0,0.0,0.0,0.0,0.0,0.0,0.0,0.0,0.0,0.03,0,0,0,0,0,0,0,0,0,0,0,0,0,0,0,0,0,0,0,0,0
0.5048544406890869,5.0,0.0,0.0,0.0,0.0,0.0,0.0,0.0,0.0,0.03,0,0,0,0,0,0,0,0,0,0,0,0,0,0,0,0,0,0,0,0,0
0.5062518119812012,5.0,0.0,0.0,0.0,0.0,0.0,0.0,0.0,0.0,0.03,0,0,0,0,0,0,0,0,0,0,0,0,0,0,0,0,0,0,0,0,0
0.5074925422668457,5.0,0.0,0.0,0.0,0.0,0.0,0.0,0.0,0.0,0.03,0,0,0,0,0,0,0,0,0,0,0,0,0,0,0,0,0,0,0,0,0
0.5095605850219727,5.0,0.0,0.0,0.0,0.0,0.0,0.0,0.0,0.0,0.03,0,0,0,0,0,0,0,0,0,0,0,0,0,0,0,0,0,0,0,0,0
0.5106489658355713,5.0,0.0,0.0,0.0,0.0,0.0,0.0,0.0,0.0,0.03,0,0,0,0,0,0,0,0,0,0,0,0,0,0,0,0,0,0,0,0,0
0.5118687152862549,5.0,0.0,0.0,0.0,0.0,0.0,0.0,0.0,0.0,0.03,0,0,0,0,0,0,0,0,0,0,0,0,0,0,0,0,0,0,0,0,0
0.5129613876342773,5.0,0.0,0.0,0.0,0.0,0.0,0.0,0.0,0.0,0.03,0,0,0,0,0,0,0,0,0,0,0,0,0,0,0,0,0,0,0,0,0
0.5140931606292725,5.0,0.0,0.0,0.0,0.0,0.0,0.0,0.0,0.0,0.03,0,0,0,0,0,0,0,0,0,0,0,0,0,0,0,0,0,0,0,0,0
0.5151782035827637,5.0,0.0,0.0,0.0,0.0,0.0,0.0,0.0,0.0,0.03,0,0,0,0,0,0,0,0,0,0,0,0,0,0,0,0,0,0,0,0,0
0.516740083694458,5.0,0.0,0.0,0.0,0.0,0.0,0.0,0.0,0.0,0.03,0,0,0,0,0,0,0,0,0,0,0,0,0,0,0,0,0,0,0,0,0
0.5179939270019531,5.0,0.0,0.0,0.0,0.0,0.0,0.0,0.0,0.0,0.03,0,0,0,0,0,0,0,0,0,0,0,0,0,0,0,0,0,0,0,0,0
0.5191748142242432,5.0,0.0,0.0,0.0,0.0,0.0,0.0,0.0,0.0,0.03,0,0,0,0,0,0,0,0,0,0,0,0,0,0,0,0,0,0,0,0,0
0.5215847492218018,5.0,0.0,0.0,0.0,0.0,0.0,0.0,0.0,0.0,0.03,0,0,0,0,0,0,0,0,0,0,0,0,0,0,0,0,0,0,0,0,0
0.522871732711792,5.0,0.0,0.0,0.0,0.0,0.0,0.0,0.0,0.0,0.03,0,0,0,0,0,0,0,0,0,0,0,0,0,0,0,0,0,0,0,0,0
0.5252525806427002,5.0,0.0,0.0,0.0,0.0,0.0,0.0,0.0,0.0,0.03,0,0,0,0,0,0,0,0,0,0,0,0,0,0,0,0,0,0,0,0,0
0.5265047550201416,5.0,0.0,0.0,0.0,0.0,0.0,0.0,0.0,0.0,0.03,0,0,0,0,0,0,0,0,0,0,0,0,0,0,0,0,0,0,0,0,0
0.5278520584106445,5.0,0.0,0.0,0.0,0.0,0.0,0.0,0.0,0.0,0.03,0,0,0,0,0,0,0,0,0,0,0,0,0,0,0,0,0,0,0,0,0
0.5294516086578369,5.0,0.0,0.0,0.0,0.0,0.0,0.0,0.0,0.0,0.03,0,0,0,0,0,0,0,0,0,0,0,0,0,0,0,0,0,0,0,0,0
0.5305683612823486,5.0,0.0,0.0,0.0,0.0,0.0,0.0,0.0,0.0,0.03,0,0,0,0,0,0,0,0,0,0,0,0,0,0,0,0,0,0,0,0,0
0.5317022800445557,5.0,0.0,0.0,0.0,0.0,0.0,0.0,0.0,0.0,0.03,0,0,0,0,0,0,0,0,0,0,0,0,0,0,0,0,0,0,0,0,0
0.5329210758209229,5.0,0.0,0.0,0.0,0.0,0.0,0.0,0.0,0.0,0.03,0,0,0,0,0,0,0,0,0,0,0,0,0,0,0,0,0,0,0,0,0
0.5339937210083008,5.0,0.0,0.0,0.0,0.0,0.0,0.0,0.0,0.0,0.03,0,0,0,0,0,0,0,0,0,0,0,0,0,0,0,0,0,0,0,0,0
0.5359375476837158,5.0,0.0,0.0,0.0,0.0,0.0,0.0,0.0,0.0,0.03,0,0,0,0,0,0,0,0,0,0,0,0,0,0,0,0,0,0,0,0,0
0.5375447273254395,5.0,0.0,0.0,0.0,0.0,0.0,0.0,0.0,0.0,0.03,0,0,0,0,0,0,0,0,0,0,0,0,0,0,0,0,0,0,0,0,0
0.5390188694000244,5.0,0.0,0.0,0.0,0.0,0.0,0.0,0.0,0.0,0.03,0,0,0,0,0,0,0,0,0,0,0,0,0,0,0,0,0,0,0,0,0
0.5401804447174072,5.0,0.0,0.0,0.0,0.0,0.0,0.0,0.0,0.0,0.03,0,0,0,0,0,0,0,0,0,0,0,0,0,0,0,0,0,0,0,0,0
0.5417611598968506,5.0,0.0,0.0,0.0,0.0,0.0,0.0,0.0,0.0,0.03,0,0,0,0,0,0,0,0,0,0,0,0,0,0,0,0,0,0,0,0,0
0.5433006286621094,5.0,0.0,0.0,0.0,0.0,0.0,0.0,0.0,0.0,0.03,0,0,0,0,0,0,0,0,0,0,0,0,0,0,0,0,0,0,0,0,0
0.5446372032165527,5.0,0.0,0.0,0.0,0.0,0.0,0.0,0.0,0.0,0.03,0,0,0,0,0,0,0,0,0,0,0,0,0,0,0,0,0,0,0,0,0
0.545961856842041,5.0,0.0,0.0,0.0,0.0,0.0,0.0,0.0,0.0,0.03,0,0,0,0,0,0,0,0,0,0,0,0,0,0,0,0,0,0,0,0,0
0.5471363067626953,5.0,0.0,0.0,0.0,0.0,0.0,0.0,0.0,0.0,0.03,0,0,0,0,0,0,0,0,0,0,0,0,0,0,0,0,0,0,0,0,0
0.5505630970001221,5.0,0.0,0.0,0.0,0.0,0.0,0.0,0.0,0.0,0.03,0,0,0,0,0,0,0,0,0,0,0,0,0,0,0,0,0,0,0,0,0
0.5520029067993164,5.0,0.0,0.0,0.0,0.0,0.0,0.0,0.0,0.0,0.03,0,0,0,0,0,0,0,0,0,0,0,0,0,0,0,0,0,0,0,0,0
0.5533292293548584,5.0,0.0,0.0,0.0,0.0,0.0,0.0,0.0,0.0,0.03,0,0,0,0,0,0,0,0,0,0,0,0,0,0,0,0,0,0,0,0,0
0.5556113719940186,5.0,0.0,0.0,0.0,0.0,0.0,0.0,0.0,0.0,0.03,0,0,0,0,0,0,0,0,0,0,0,0,0,0,0,0,0,0,0,0,0
0.5572803020477295,5.0,0.0,0.0,0.0,0.0,0.0,0.0,0.0,0.0,0.03,0,0,0,0,0,0,0,0,0,0,0,0,0,0,0,0,0,0,0,0,0
0.5584897994995117,5.0,0.0,0.0,0.0,0.0,0.0,0.0,0.0,0.0,0.03,0,0,0,0,0,0,0,0,0,0,0,0,0,0,0,0,0,0,0,0,0
0.5599050521850586,5.0,0.0,0.0,0.0,0.0,0.0,0.0,0.0,0.0,0.03,0,0,0,0,0,0,0,0,0,0,0,0,0,0,0,0,0,0,0,0,0
0.5617070198059082,5.0,0.0,0.0,0.0,0.0,0.0,0.0,0.0,0.0,0.03,0,0,0,0,0,0,0,0,0,0,0,0,0,0,0,0,0,0,0,0,0
0.5630326271057129,5.0,0.0,0.0,0.0,0.0,0.0,0.0,0.0,0.0,0.03,0,0,0,0,0,0,0,0,0,0,0,0,0,0,0,0,0,0,0,0,0
0.5641233921051025,5.0,0.0,0.0,0.0,0.0,0.0,0.0,0.0,0.0,0.03,0,0,0,0,0,0,0,0,0,0,0,0,0,0,0,0,0,0,0,0,0
0.5661942958831787,5.0,0.0,0.0,0.0,0.0,0.0,0.0,0.0,0.0,0.03,0,0,0,0,0,0,0,0,0,0,0,0,0,0,0,0,0,0,0,0,0
0.5672929286956787,5.0,0.0,0.0,0.0,0.0,0.0,0.0,0.0,0.0,0.03,0,0,0,0,0,0,0,0,0,0,0,0,0,0,0,0,0,0,0,0,0
0.5685420036315918,5.0,0.0,0.0,0.0,0.0,0.0,0.0,0.0,0.0,0.03,0,0,0,0,0,0,0,0,0,0,0,0,0,0,0,0,0,0,0,0,0
0.5696554183959961,5.0,0.0,0.0,0.0,0.0,0.0,0.0,0.0,0.0,0.03,0,0,0,0,0,0,0,0,0,0,0,0,0,0,0,0,0,0,0,0,0
0.5707824230194092,5.0,0.0,0.0,0.0,0.0,0.0,0.0,0.0,0.0,0.03,0,0,0,0,0,0,0,0,0,0,0,0,0,0,0,0,0,0,0,0,0
0.5718464851379395,5.0,0.0,0.0,0.0,0.0,0.0,0.0,0.0,0.0,0.03,0,0,0,0,0,0,0,0,0,0,0,0,0,0,0,0,0,0,0,0,0
0.5733428001403809,5.0,0.0,0.0,0.0,0.0,0.0,0.0,0.0,0.0,0.03,0,0,0,0,0,0,0,0,0,0,0,0,0,0,0,0,0,0,0,0,0
0.5746638774871826,5.0,0.0,0.0,0.0,0.0,0.0,0.0,0.0,0.0,0.03,0,0,0,0,0,0,0,0,0,0,0,0,0,0,0,0,0,0,0,0,0
0.5764355659484863,5.0,0.0,0.0,0.0,0.0,0.0,0.0,0.0,0.0,0.03,0,0,0,0,0,0,0,0,0,0,0,0,0,0,0,0,0,0,0,0,0
0.5778472423553467,5.0,0.0,0.0,0.0,0.0,0.0,0.0,0.0,0.0,0.03,0,0,0,0,0,0,0,0,0,0,0,0,0,0,0,0,0,0,0,0,0
0.5790038108825684,5.0,0.0,0.0,0.0,0.0,0.0,0.0,0.0,0.0,0.03,0,0,0,0,0,0,0,0,0,0,0,0,0,0,0,0,0,0,0,0,0
0.580564022064209,5.0,0.0,0.0,0.0,0.0,0.0,0.0,0.0,0.0,0.03,0,0,0,0,0,0,0,0,0,0,0,0,0,0,0,0,0,0,0,0,0
0.5828189849853516,5.0,0.0,0.0,0.0,0.0,0.0,0.0,0.0,0.0,0.03,0,0,0,0,0,0,0,0,0,0,0,0,0,0,0,0,0,0,0,0,0
0.5841331481933594,5.0,0.0,0.0,0.0,0.0,0.0,0.0,0.0,0.0,0.03,0,0,0,0,0,0,0,0,0,0,0,0,0,0,0,0,0,0,0,0,0
0.5852963924407959,5.0,0.0,0.0,0.0,0.0,0.0,0.0,0.0,0.0,0.03,0,0,0,0,0,0,0,0,0,0,0,0,0,0,0,0,0,0,0,0,0
0.5865464210510254,5.0,0.0,0.0,0.0,0.0,0.0,0.0,0.0,0.0,0.03,0,0,0,0,0,0,0,0,0,0,0,0,0,0,0,0,0,0,0,0,0
0.5876553058624268,5.0,0.0,0.0,0.0,0.0,0.0,0.0,0.0,0.0,0.03,0,0,0,0,0,0,0,0,0,0,0,0,0,0,0,0,0,0,0,0,0
0.5889005661010742,5.0,0.0,0.0,0.0,0.0,0.0,0.0,0.0,0.0,0.03,0,0,0,0,0,0,0,0,0,0,0,0,0,0,0,0,0,0,0,0,0
0.5899624824523926,5.0,0.0,0.0,0.0,0.0,0.0,0.0,0.0,0.0,0.03,0,0,0,0,0,0,0,0,0,0,0,0,0,0,0,0,0,0,0,0,0
0.591271162033081,5.0,0.0,0.0,0.0,0.0,0.0,0.0,0.0,0.0,0.03,0,0,0,0,0,0,0,0,0,0,0,0,0,0,0,0,0,0,0,0,0
0.5927543640136719,5.0,0.0,0.0,0.0,0.0,0.0,0.0,0.0,0.0,0.03,0,0,0,0,0,0,0,0,0,0,0,0,0,0,0,0,0,0,0,0,0
0.594048023223877,5.0,0.0,0.0,0.0,0.0,0.0,0.0,0.0,0.0,0.03,0,0,0,0,0,0,0,0,0,0,0,0,0,0,0,0,0,0,0,0,0
0.5954515933990479,5.0,0.0,0.0,0.0,0.0,0.0,0.0,0.0,0.0,0.03,0,0,0,0,0,0,0,0,0,0,0,0,0,0,0,0,0,0,0,0,0
0.5965914726257324,5.0,0.0,0.0,0.0,0.0,0.0,0.0,0.0,0.0,0.03,0,0,0,0,0,0,0,0,0,0,0,0,0,0,0,0,0,0,0,0,0
0.5985550880432129,5.0,0.0,0.0,0.0,0.0,0.0,0.0,0.0,0.0,0.03,0,0,0,0,0,0,0,0,0,0,0,0,0,0,0,0,0,0,0,0,0
0.5997061729431152,5.0,0.0,0.0,0.0,0.0,0.0,0.0,0.0,0.0,0.03,0,0,0,0,0,0,0,0,0,0,0,0,0,0,0,0,0,0,0,0,0
0.6008234024047852,5.0,0.0,0.0,0.0,0.0,0.0,0.0,0.0,0.0,0.03,0,0,0,0,0,0,0,0,0,0,0,0,0,0,0,0,0,0,0,0,0
0.6024651527404785,5.0,0.0,0.0,0.0,0.0,0.0,0.0,0.0,0.0,0.03,0,0,0,0,0,0,0,0,0,0,0,0,0,0,0,0,0,0,0,0,0
0.6036646366119385,5.0,0.0,0.0,0.0,0.0,0.0,0.0,0.0,0.0,0.03,0,0,0,0,0,0,0,0,0,0,0,0,0,0,0,0,0,0,0,0,0
0.6075520515441895,5.0,0.0,0.0,0.0,0.0,0.0,0.0,0.0,0.0,0.03,0,0,0,0,0,0,0,0,0,0,0,0,0,0,0,0,0,0,0,0,0
0.6089262962341309,5.0,0.0,0.0,0.0,0.0,0.0,0.0,0.0,0.0,0.03,0,0,0,0,0,0,0,0,0,0,0,0,0,0,0,0,0,0,0,0,0
0.6103079319000244,5.0,0.0,0.0,0.0,0.0,0.0,0.0,0.0,0.0,0.03,0,0,0,0,0,0,0,0,0,0,0,0,0,0,0,0,0,0,0,0,0
0.6117570400238037,5.0,0.0,0.0,0.0,0.0,0.0,0.0,0.0,0.0,0.03,0,0,0,0,0,0,0,0,0,0,0,0,0,0,0,0,0,0,0,0,0
0.6130692958831787,5.0,0.0,0.0,0.0,0.0,0.0,0.0,0.0,0.0,0.03,0,0,0,0,0,0,0,0,0,0,0,0,0,0,0,0,0,0,0,0,0
0.6147444248199463,5.0,0.0,0.0,0.0,0.0,0.0,0.0,0.0,0.0,0.03,0,0,0,0,0,0,0,0,0,0,0,0,0,0,0,0,0,0,0,0,0
0.6159429550170898,5.0,0.0,0.0,0.0,0.0,0.0,0.0,0.0,0.0,0.03,0,0,0,0,0,0,0,0,0,0,0,0,0,0,0,0,0,0,0,0,0
0.6173105239868164,5.0,0.0,0.0,0.0,0.0,0.0,0.0,0.0,0.0,0.03,0,0,0,0,0,0,0,0,0,0,0,0,0,0,0,0,0,0,0,0,0
0.6186635494232178,5.0,0.0,0.0,0.0,0.0,0.0,0.0,0.0,0.0,0.03,0,0,0,0,0,0,0,0,0,0,0,0,0,0,0,0,0,0,0,0,0
0.6198313236236572,5.0,0.0,0.0,0.0,0.0,0.0,0.0,0.0,0.0,0.03,0,0,0,0,0,0,0,0,0,0,0,0,0,0,0,0,0,0,0,0,0
0.6212048530578613,5.0,0.0,0.0,0.0,0.0,0.0,0.0,0.0,0.0,0.03,0,0,0,0,0,0,0,0,0,0,0,0,0,0,0,0,0,0,0,0,0
0.6224801540374756,5.0,0.0,0.0,0.0,0.0,0.0,0.0,0.0,0.0,0.03,0,0,0,0,0,0,0,0,0,0,0,0,0,0,0,0,0,0,0,0,0
0.6236977577209473,5.0,0.0,0.0,0.0,0.0,0.0,0.0,0.0,0.0,0.03,0,0,0,0,0,0,0,0,0,0,0,0,0,0,0,0,0,0,0,0,0
0.625274658203125,5.0,0.0,0.0,0.0,0.0,0.0,0.0,0.0,0.0,0.03,0,0,0,0,0,0,0,0,0,0,0,0,0,0,0,0,0,0,0,0,0
0.626434326171875,5.0,0.0,0.0,0.0,0.0,0.0,0.0,0.0,0.0,0.03,0,0,0,0,0,0,0,0,0,0,0,0,0,0,0,0,0,0,0,0,0
0.6275804042816162,5.0,0.0,0.0,0.0,0.0,0.0,0.0,0.0,0.0,0.03,0,0,0,0,0,0,0,0,0,0,0,0,0,0,0,0,0,0,0,0,0
0.6286394596099854,5.0,0.0,0.0,0.0,0.0,0.0,0.0,0.0,0.0,0.03,0,0,0,0,0,0,0,0,0,0,0,0,0,0,0,0,0,0,0,0,0
0.6298744678497314,5.0,0.0,0.0,0.0,0.0,0.0,0.0,0.0,0.0,0.03,0,0,0,0,0,0,0,0,0,0,0,0,0,0,0,0,0,0,0,0,0
0.6315686702728271,5.0,0.0,0.0,0.0,0.0,0.0,0.0,0.0,0.0,0.03,0,0,0,0,0,0,0,0,0,0,0,0,0,0,0,0,0,0,0,0,0
0.6328351497650146,5.0,0.0,0.0,0.0,0.0,0.0,0.0,0.0,0.0,0.03,0,0,0,0,0,0,0,0,0,0,0,0,0,0,0,0,0,0,0,0,0
0.6346502304077148,5.0,0.0,0.0,0.0,0.0,0.0,0.0,0.0,0.0,0.03,0,0,0,0,0,0,0,0,0,0,0,0,0,0,0,0,0,0,0,0,0
0.6362462043762207,5.0,0.0,0.0,0.0,0.0,0.0,0.0,0.0,0.0,0.03,0,0,0,0,0,0,0,0,0,0,0,0,0,0,0,0,0,0,0,0,0
0.637505054473877,5.0,0.0,0.0,0.0,0.0,0.0,0.0,0.0,0.0,0.03,0,0,0,0,0,0,0,0,0,0,0,0,0,0,0,0,0,0,0,0,0
0.6388542652130127,5.0,0.0,0.0,0.0,0.0,0.0,0.0,0.0,0.0,0.03,0,0,0,0,0,0,0,0,0,0,0,0,0,0,0,0,0,0,0,0,0
0.6401803493499756,5.0,0.0,0.0,0.0,0.0,0.0,0.0,0.0,0.0,0.03,0,0,0,0,0,0,0,0,0,0,0,0,0,0,0,0,0,0,0,0,0
0.6417124271392822,5.0,0.0,0.0,0.0,0.0,0.0,0.0,0.0,0.0,0.03,0,0,0,0,0,0,0,0,0,0,0,0,0,0,0,0,0,0,0,0,0
0.6429858207702637,5.0,0.0,0.0,0.0,0.0,0.0,0.0,0.0,0.0,0.03,0,0,0,0,0,0,0,0,0,0,0,0,0,0,0,0,0,0,0,0,0
0.6440494060516357,5.0,0.0,0.0,0.0,0.0,0.0,0.0,0.0,0.0,0.03,0,0,0,0,0,0,0,0,0,0,0,0,0,0,0,0,0,0,0,0,0
0.6451256275177002,5.0,0.0,0.0,0.0,0.0,0.0,0.0,0.0,0.0,0.03,0,0,0,0,0,0,0,0,0,0,0,0,0,0,0,0,0,0,0,0,0
0.6467809677124023,5.0,0.0,0.0,0.0,0.0,0.0,0.0,0.0,0.0,0.03,0,0,0,0,0,0,0,0,0,0,0,0,0,0,0,0,0,0,0,0,0
0.6479678153991699,5.0,0.0,0.0,0.0,0.0,0.0,0.0,0.0,0.0,0.03,0,0,0,0,0,0,0,0,0,0,0,0,0,0,0,0,0,0,0,0,0
0.649376392364502,5.0,0.0,0.0,0.0,0.0,0.0,0.0,0.0,0.0,0.03,0,0,0,0,0,0,0,0,0,0,0,0,0,0,0,0,0,0,0,0,0
0.6504426002502441,5.0,0.0,0.0,0.0,0.0,0.0,0.0,0.0,0.0,0.03,0,0,0,0,0,0,0,0,0,0,0,0,0,0,0,0,0,0,0,0,0
0.6518697738647461,5.0,0.0,0.0,0.0,0.0,0.0,0.0,0.0,0.0,0.03,0,0,0,0,0,0,0,0,0,0,0,0,0,0,0,0,0,0,0,0,0
0.6533193588256836,5.0,0.0,0.0,0.0,0.0,0.0,0.0,0.0,0.0,0.03,0,0,0,0,0,0,0,0,0,0,0,0,0,0,0,0,0,0,0,0,0
0.6560444831848145,5.0,0.0,0.0,0.0,0.0,0.0,0.0,0.0,0.0,0.03,0,0,0,0,0,0,0,0,0,0,0,0,0,0,0,0,0,0,0,0,0
0.6573596000671387,5.0,0.0,0.0,0.0,0.0,0.0,0.0,0.0,0.0,0.03,0,0,0,0,0,0,0,0,0,0,0,0,0,0,0,0,0,0,0,0,0
0.6584904193878174,5.0,0.0,0.0,0.0,0.0,0.0,0.0,0.0,0.0,0.03,0,0,0,0,0,0,0,0,0,0,0,0,0,0,0,0,0,0,0,0,0
0.6601731777191162,5.0,0.0,0.0,0.0,0.0,0.0,0.0,0.0,0.0,0.03,0,0,0,0,0,0,0,0,0,0,0,0,0,0,0,0,0,0,0,0,0
0.6626663208007812,5.0,0.0,0.0,0.0,0.0,0.0,0.0,0.0,0.0,0.03,0,0,0,0,0,0,0,0,0,0,0,0,0,0,0,0,0,0,0,0,0
0.6638424396514893,5.0,0.0,0.0,0.0,0.0,0.0,0.0,0.0,0.0,0.03,0,0,0,0,0,0,0,0,0,0,0,0,0,0,0,0,0,0,0,0,0
0.6653311252593994,5.0,0.0,0.0,0.0,0.0,0.0,0.0,0.0,0.0,0.03,0,0,0,0,0,0,0,0,0,0,0,0,0,0,0,0,0,0,0,0,0
0.6667520999908447,5.0,0.0,0.0,0.0,0.0,0.0,0.0,0.0,0.0,0.03,0,0,0,0,0,0,0,0,0,0,0,0,0,0,0,0,0,0,0,0,0
0.6678433418273926,5.0,0.0,0.0,0.0,0.0,0.0,0.0,0.0,0.0,0.03,0,0,0,0,0,0,0,0,0,0,0,0,0,0,0,0,0,0,0,0,0
0.6714749336242676,5.0,0.0,0.0,0.0,0.0,0.0,0.0,0.0,0.0,0.03,0,0,0,0,0,0,0,0,0,0,0,0,0,0,0,0,0,0,0,0,0
0.6725716590881348,5.0,0.0,0.0,0.0,0.0,0.0,0.0,0.0,0.0,0.03,0,0,0,0,0,0,0,0,0,0,0,0,0,0,0,0,0,0,0,0,0
0.6737494468688965,5.0,0.0,0.0,0.0,0.0,0.0,0.0,0.0,0.0,0.03,0,0,0,0,0,0,0,0,0,0,0,0,0,0,0,0,0,0,0,0,0
0.6753437519073486,5.0,0.0,0.0,0.0,0.0,0.0,0.0,0.0,0.0,0.03,0,0,0,0,0,0,0,0,0,0,0,0,0,0,0,0,0,0,0,0,0
0.6765923500061035,5.0,0.0,0.0,0.0,0.0,0.0,0.0,0.0,0.0,0.03,0,0,0,0,0,0,0,0,0,0,0,0,0,0,0,0,0,0,0,0,0
0.6776878833770752,5.0,0.0,0.0,0.0,0.0,0.0,0.0,0.0,0.0,0.03,0,0,0,0,0,0,0,0,0,0,0,0,0,0,0,0,0,0,0,0,0
0.6802413463592529,5.0,0.0,0.0,0.0,0.0,0.0,0.0,0.0,0.0,0.03,0,0,0,0,0,0,0,0,0,0,0,0,0,0,0,0,0,0,0,0,0
0.6816902160644531,5.0,0.0,0.0,0.0,0.0,0.0,0.0,0.0,0.0,0.03,0,0,0,0,0,0,0,0,0,0,0,0,0,0,0,0,0,0,0,0,0
0.6831707954406738,5.0,0.0,0.0,0.0,0.0,0.0,0.0,0.0,0.0,0.03,0,0,0,0,0,0,0,0,0,0,0,0,0,0,0,0,0,0,0,0,0
0.6855671405792236,5.0,0.0,0.0,0.0,0.0,0.0,0.0,0.0,0.0,0.03,0,0,0,0,0,0,0,0,0,0,0,0,0,0,0,0,0,0,0,0,0
0.6875176429748535,5.0,0.0,0.0,0.0,0.0,0.0,0.0,0.0,0.0,0.03,0,0,0,0,0,0,0,0,0,0,0,0,0,0,0,0,0,0,0,0,0
0.688662052154541,5.0,0.0,0.0,0.0,0.0,0.0,0.0,0.0,0.0,0.03,0,0,0,0,0,0,0,0,0,0,0,0,0,0,0,0,0,0,0,0,0
0.6904411315917969,5.0,0.0,0.0,0.0,0.0,0.0,0.0,0.0,0.0,0.03,0,0,0,0,0,0,0,0,0,0,0,0,0,0,0,0,0,0,0,0,0
0.6916515827178955,5.0,0.0,0.0,0.0,0.0,0.0,0.0,0.0,0.0,0.03,0,0,0,0,0,0,0,0,0,0,0,0,0,0,0,0,0,0,0,0,0
0.6928553581237793,5.0,0.0,0.0,0.0,0.0,0.0,0.0,0.0,0.0,0.03,0,0,0,0,0,0,0,0,0,0,0,0,0,0,0,0,0,0,0,0,0
0.6939785480499268,5.0,0.0,0.0,0.0,0.0,0.0,0.0,0.0,0.0,0.03,0,0,0,0,0,0,0,0,0,0,0,0,0,0,0,0,0,0,0,0,0
0.6951475143432617,5.0,0.0,0.0,0.0,0.0,0.0,0.0,0.0,0.0,0.03,0,0,0,0,0,0,0,0,0,0,0,0,0,0,0,0,0,0,0,0,0
0.6962509155273438,5.0,0.0,0.0,0.0,0.0,0.0,0.0,0.0,0.0,0.03,0,0,0,0,0,0,0,0,0,0,0,0,0,0,0,0,0,0,0,0,0
0.6978952884674072,5.0,0.0,0.0,0.0,0.0,0.0,0.0,0.0,0.0,0.03,0,0,0,0,0,0,0,0,0,0,0,0,0,0,0,0,0,0,0,0,0
0.69976806640625,5.0,0.0,0.0,0.0,0.0,0.0,0.0,0.0,0.0,0.03,0,0,0,0,0,0,0,0,0,0,0,0,0,0,0,0,0,0,0,0,0
0.7022213935852051,5.0,0.0,0.0,0.0,0.0,0.0,0.0,0.0,0.0,0.03,0,0,0,0,0,0,0,0,0,0,0,0,0,0,0,0,0,0,0,0,0
0.7038891315460205,5.0,0.0,0.0,0.0,0.0,0.0,0.0,0.0,0.0,0.03,0,0,0,0,0,0,0,0,0,0,0,0,0,0,0,0,0,0,0,0,0
0.7052953243255615,5.0,0.0,0.0,0.0,0.0,0.0,0.0,0.0,0.0,0.03,0,0,0,0,0,0,0,0,0,0,0,0,0,0,0,0,0,0,0,0,0
0.706714391708374,5.0,0.0,0.0,0.0,0.0,0.0,0.0,0.0,0.0,0.03,0,0,0,0,0,0,0,0,0,0,0,0,0,0,0,0,0,0,0,0,0
0.7090721130371094,5.0,0.0,0.0,0.0,0.0,0.0,0.0,0.0,0.0,0.03,0,0,0,0,0,0,0,0,0,0,0,0,0,0,0,0,0,0,0,0,0
0.7104659080505371,5.0,0.0,0.0,0.0,0.0,0.0,0.0,0.0,0.0,0.03,0,0,0,0,0,0,0,0,0,0,0,0,0,0,0,0,0,0,0,0,0
0.7117786407470703,5.0,0.0,0.0,0.0,0.0,0.0,0.0,0.0,0.0,0.03,0,0,0,0,0,0,0,0,0,0,0,0,0,0,0,0,0,0,0,0,0
0.7134528160095215,5.0,0.0,0.0,0.0,0.0,0.0,0.0,0.0,0.0,0.03,0,0,0,0,0,0,0,0,0,0,0,0,0,0,0,0,0,0,0,0,0
0.714583158493042,5.0,0.0,0.0,0.0,0.0,0.0,0.0,0.0,0.0,0.03,0,0,0,0,0,0,0,0,0,0,0,0,0,0,0,0,0,0,0,0,0
0.7156496047973633,5.0,0.0,0.0,0.0,0.0,0.0,0.0,0.0,0.0,0.03,0,0,0,0,0,0,0,0,0,0,0,0,0,0,0,0,0,0,0,0,0
0.716883659362793,5.0,0.0,0.0,0.0,0.0,0.0,0.0,0.0,0.0,0.03,0,0,0,0,0,0,0,0,0,0,0,0,0,0,0,0,0,0,0,0,0
0.7179481983184814,5.0,0.0,0.0,0.0,0.0,0.0,0.0,0.0,0.0,0.03,0,0,0,0,0,0,0,0,0,0,0,0,0,0,0,0,0,0,0,0,0
0.7194538116455078,5.0,0.0,0.0,0.0,0.0,0.0,0.0,0.0,0.0,0.03,0,0,0,0,0,0,0,0,0,0,0,0,0,0,0,0,0,0,0,0,0
0.7211980819702148,5.0,0.0,0.0,0.0,0.0,0.0,0.0,0.0,0.0,0.03,0,0,0,0,0,0,0,0,0,0,0,0,0,0,0,0,0,0,0,0,0
0.7228472232818604,5.0,0.0,0.0,0.0,0.0,0.0,0.0,0.0,0.0,0.03,0,0,0,0,0,0,0,0,0,0,0,0,0,0,0,0,0,0,0,0,0
0.7243082523345947,5.0,0.0,0.0,0.0,0.0,0.0,0.0,0.0,0.0,0.03,0,0,0,0,0,0,0,0,0,0,0,0,0,0,0,0,0,0,0,0,0
0.7256159782409668,5.0,0.0,0.0,0.0,0.0,0.0,0.0,0.0,0.0,0.03,0,0,0,0,0,0,0,0,0,0,0,0,0,0,0,0,0,0,0,0,0
0.7267374992370605,5.0,0.0,0.0,0.0,0.0,0.0,0.0,0.0,0.0,0.03,0,0,0,0,0,0,0,0,0,0,0,0,0,0,0,0,0,0,0,0,0
0.7278869152069092,5.0,0.0,0.0,0.0,0.0,0.0,0.0,0.0,0.0,0.03,0,0,0,0,0,0,0,0,0,0,0,0,0,0,0,0,0,0,0,0,0
0.7292435169219971,5.0,0.0,0.0,0.0,0.0,0.0,0.0,0.0,0.0,0.03,0,0,0,0,0,0,0,0,0,0,0,0,0,0,0,0,0,0,0,0,0
0.7304716110229492,-1.0,0.0,0.0,0.0,0.0,0.0,0.0,0.0,0.0,0.03,0,0,0,0,0,0,0,0,0,0,0,0,0,0,0,0,0,0,0,0,0
0.7318041324615479,-1.0,0.0,0.0,0.0,0.0,0.0,0.0,0.0,0.0,0.03,0,0,0,0,0,0,0,0,0,0,0,0,0,0,0,0,0,0,0,0,0
0.7331461906433105,-1.0,0.0,0.0,0.0,0.0,0.0,0.0,0.0,0.0,0.03,0,0,0,0,0,0,0,0,0,0,0,0,0,0,0,0,0,0,0,0,0
0.7342290878295898,-1.0,0.0,0.0,0.0,0.0,0.0,0.0,0.0,0.0,0.03,0,0,0,0,0,0,0,0,0,0,0,0,0,0,0,0,0,0,0,0,0
0.7353055477142334,-1.0,0.0,0.0,0.0,0.0,0.0,0.0,0.0,0.0,0.03,0,0,0,0,0,0,0,0,0,0,0,0,0,0,0,0,0,0,0,0,0
0.7374973297119141,-1.0,0.0,0.0,0.0,0.0,0.0,0.0,0.0,0.0,0.03,0,0,0,0,0,0,0,0,0,0,0,0,0,0,0,0,0,0,0,0,0
0.7388765811920166,-1.0,0.0,0.0,0.0,0.0,0.0,0.0,0.0,0.0,0.03,0,0,0,0,0,0,0,0,0,0,0,0,0,0,0,0,0,0,0,0,0
0.7400994300842285,-1.0,0.0,0.0,0.0,0.0,0.0,0.0,0.0,0.0,0.03,0,0,0,0,0,0,0,0,0,0,0,0,0,0,0,0,0,0,0,0,0
0.74127197265625,-1.0,0.0,0.0,0.0,0.0,0.0,0.0,0.0,0.0,0.03,0,0,0,0,0,0,0,0,0,0,0,0,0,0,0,0,0,0,0,0,0
0.7426862716674805,-1.0,0.0,0.0,0.0,0.0,0.0,0.0,0.0,0.0,0.03,0,0,0,0,0,0,0,0,0,0,0,0,0,0,0,0,0,0,0,0,0
0.7441661357879639,-1.0,0.0,0.0,0.0,0.0,0.0,0.0,0.0,0.0,0.03,0,0,0,0,0,0,0,0,0,0,0,0,0,0,0,0,0,0,0,0,0
0.745701789855957,-1.0,0.0,0.0,0.0,0.0,0.0,0.0,0.0,0.0,0.03,0,0,0,0,0,0,0,0,0,0,0,0,0,0,0,0,0,0,0,0,0
0.7470560073852539,-1.0,0.0,0.0,0.0,0.0,0.0,0.0,0.0,0.0,0.03,0,0,0,0,0,0,0,0,0,0,0,0,0,0,0,0,0,0,0,0,0
0.7486517429351807,-1.0,0.0,0.0,0.0,0.0,0.0,0.0,0.0,0.0,0.03,0,0,0,0,0,0,0,0,0,0,0,0,0,0,0,0,0,0,0,0,0
0.7503185272216797,-1.0,0.0,0.0,0.0,0.0,0.0,0.0,0.0,0.0,0.03,0,0,0,0,0,0,0,0,0,0,0,0,0,0,0,0,0,0,0,0,0
0.7517392635345459,-1.0,0.0,0.0,0.0,0.0,0.0,0.0,0.0,0.0,0.03,0,0,0,0,0,0,0,0,0,0,0,0,0,0,0,0,0,0,0,0,0
0.7529306411743164,-1.0,0.0,0.0,0.0,0.0,0.0,0.0,0.0,0.0,0.03,0,0,0,0,0,0,0,0,0,0,0,0,0,0,0,0,0,0,0,0,0
0.7549827098846436,-1.0,0.0,0.0,0.0,0.0,0.0,0.0,0.0,0.0,0.03,0,0,0,0,0,0,0,0,0,0,0,0,0,0,0,0,0,0,0,0,0
0.756084680557251,-1.0,0.0,0.0,0.0,0.0,0.0,0.0,0.0,0.0,0.03,0,0,0,0,0,0,0,0,0,0,0,0,0,0,0,0,0,0,0,0,0
0.7571732997894287,-1.0,0.0,0.0,0.0,0.0,0.0,0.0,0.0,0.0,0.03,0,0,0,0,0,0,0,0,0,0,0,0,0,0,0,0,0,0,0,0,0
0.7583169937133789,-1.0,0.0,0.0,0.0,0.0,0.0,0.0,0.0,0.0,0.03,0,0,0,0,0,0,0,0,0,0,0,0,0,0,0,0,0,0,0,0,0
0.7596406936645508,-1.0,0.0,0.0,0.0,0.0,0.0,0.0,0.0,0.0,0.03,0,0,0,0,0,0,0,0,0,0,0,0,0,0,0,0,0,0,0,0,0
0.760730504989624,-1.0,0.0,0.0,0.0,0.0,0.0,0.0,0.0,0.0,0.03,0,0,0,0,0,0,0,0,0,0,0,0,0,0,0,0,0,0,0,0,0
0.7622499465942383,-1.0,0.0,0.0,0.0,0.0,0.0,0.0,0.0,0.0,0.03,0,0,0,0,0,0,0,0,0,0,0,0,0,0,0,0,0,0,0,0,0
0.7638552188873291,-1.0,0.0,0.0,0.0,0.0,0.0,0.0,0.0,0.0,0.03,0,0,0,0,0,0,0,0,0,0,0,0,0,0,0,0,0,0,0,0,0
0.766338586807251,-1.0,0.0,0.0,0.0,0.0,0.0,0.0,0.0,0.0,0.03,0,0,0,0,0,0,0,0,0,0,0,0,0,0,0,0,0,0,0,0,0
0.7674429416656494,-1.0,0.0,0.0,0.0,0.0,0.0,0.0,0.0,0.0,0.03,0,0,0,0,0,0,0,0,0,0,0,0,0,0,0,0,0,0,0,0,0
0.7687785625457764,-1.0,0.0,0.0,0.0,0.0,0.0,0.0,0.0,0.0,0.03,0,0,0,0,0,0,0,0,0,0,0,0,0,0,0,0,0,0,0,0,0
0.7701201438903809,-1.0,0.0,0.0,0.0,0.0,0.0,0.0,0.0,0.0,0.03,0,0,0,0,0,0,0,0,0,0,0,0,0,0,0,0,0,0,0,0,0
0.7717492580413818,-1.0,0.0,0.0,0.0,0.0,0.0,0.0,0.0,0.0,0.03,0,0,0,0,0,0,0,0,0,0,0,0,0,0,0,0,0,0,0,0,0
0.773686408996582,-1.0,0.0,0.0,0.0,0.0,0.0,0.0,0.0,0.0,0.03,0,0,0,0,0,0,0,0,0,0,0,0,0,0,0,0,0,0,0,0,0
0.7749474048614502,-1.0,0.0,0.0,0.0,0.0,0.0,0.0,0.0,0.0,0.03,0,0,0,0,0,0,0,0,0,0,0,0,0,0,0,0,0,0,0,0,0
0.7772068977355957,-1.0,0.0,0.0,0.0,0.0,0.0,0.0,0.0,0.0,0.03,0,0,0,0,0,0,0,0,0,0,0,0,0,0,0,0,0,0,0,0,0
0.7785935401916504,-1.0,0.0,0.0,0.0,0.0,0.0,0.0,0.0,0.0,0.03,0,0,0,0,0,0,0,0,0,0,0,0,0,0,0,0,0,0,0,0,0
0.7797317504882812,-1.0,0.0,0.0,0.0,0.0,0.0,0.0,0.0,0.0,0.03,0,0,0,0,0,0,0,0,0,0,0,0,0,0,0,0,0,0,0,0,0
0.7808470726013184,-1.0,0.0,0.0,0.0,0.0,0.0,0.0,0.0,0.0,0.03,0,0,0,0,0,0,0,0,0,0,0,0,0,0,0,0,0,0,0,0,0
0.7821488380432129,-1.0,0.0,0.0,0.0,0.0,0.0,0.0,0.0,0.0,0.03,0,0,0,0,0,0,0,0,0,0,0,0,0,0,0,0,0,0,0,0,0
0.7838704586029053,-1.0,0.0,0.0,0.0,0.0,0.0,0.0,0.0,0.0,0.03,0,0,0,0,0,0,0,0,0,0,0,0,0,0,0,0,0,0,0,0,0
0.7857699394226074,-1.0,0.0,0.0,0.0,0.0,0.0,0.0,0.0,0.0,0.03,0,0,0,0,0,0,0,0,0,0,0,0,0,0,0,0,0,0,0,0,0
0.7869248390197754,-1.0,0.0,0.0,0.0,0.0,0.0,0.0,0.0,0.0,0.03,0,0,0,0,0,0,0,0,0,0,0,0,0,0,0,0,0,0,0,0,0
0.7893414497375488,-1.0,0.0,0.0,0.0,0.0,0.0,0.0,0.0,0.0,0.03,0,0,0,0,0,0,0,0,0,0,0,0,0,0,0,0,0,0,0,0,0
0.7904369831085205,-1.0,0.0,0.0,0.0,0.0,0.0,0.0,0.0,0.0,0.03,0,0,0,0,0,0,0,0,0,0,0,0,0,0,0,0,0,0,0,0,0
0.7917563915252686,-1.0,0.0,0.0,0.0,0.0,0.0,0.0,0.0,0.0,0.03,0,0,0,0,0,0,0,0,0,0,0,0,0,0,0,0,0,0,0,0,0
0.7931034564971924,-1.0,0.0,0.0,0.0,0.0,0.0,0.0,0.0,0.0,0.03,0,0,0,0,0,0,0,0,0,0,0,0,0,0,0,0,0,0,0,0,0
0.7946469783782959,-1.0,0.0,0.0,0.0,0.0,0.0,0.0,0.0,0.0,0.03,0,0,0,0,0,0,0,0,0,0,0,0,0,0,0,0,0,0,0,0,0
0.7958588600158691,-1.0,0.0,0.0,0.0,0.0,0.0,0.0,0.0,0.0,0.03,0,0,0,0,0,0,0,0,0,0,0,0,0,0,0,0,0,0,0,0,0
0.797774076461792,-1.0,0.0,0.0,0.0,0.0,0.0,0.0,0.0,0.0,0.03,0,0,0,0,0,0,0,0,0,0,0,0,0,0,0,0,0,0,0,0,0
0.7995843887329102,-1.0,0.0,0.0,0.0,0.0,0.0,0.0,0.0,0.0,0.03,0,0,0,0,0,0,0,0,0,0,0,0,0,0,0,0,0,0,0,0,0
0.800687313079834,-1.0,0.0,0.0,0.0,0.0,0.0,0.0,0.0,0.0,0.03,0,0,0,0,0,0,0,0,0,0,0,0,0,0,0,0,0,0,0,0,0
0.8047857284545898,-1.0,0.0,0.0,0.0,0.0,0.0,0.0,0.0,0.0,0.03,0,0,0,0,0,0,0,0,0,0,0,0,0,0,0,0,0,0,0,0,0
0.8063497543334961,-1.0,0.0,0.0,0.0,0.0,0.0,0.0,0.0,0.0,0.03,0,0,0,0,0,0,0,0,0,0,0,0,0,0,0,0,0,0,0,0,0
0.8083481788635254,-1.0,0.0,0.0,0.0,0.0,0.0,0.0,0.0,0.0,0.03,0,0,0,0,0,0,0,0,0,0,0,0,0,0,0,0,0,0,0,0,0
0.8095448017120361,-1.0,0.0,0.0,0.0,0.0,0.0,0.0,0.0,0.0,0.03,0,0,0,0,0,0,0,0,0,0,0,0,0,0,0,0,0,0,0,0,0
0.8113186359405518,-1.0,0.0,0.0,0.0,0.0,0.0,0.0,0.0,0.0,0.03,0,0,0,0,0,0,0,0,0,0,0,0,0,0,0,0,0,0,0,0,0
0.8124160766601562,-1.0,0.0,0.0,0.0,0.0,0.0,0.0,0.0,0.0,0.03,0,0,0,0,0,0,0,0,0,0,0,0,0,0,0,0,0,0,0,0,0
0.8135018348693848,-1.0,0.0,0.0,0.0,0.0,0.0,0.0,0.0,0.0,0.03,0,0,0,0,0,0,0,0,0,0,0,0,0,0,0,0,0,0,0,0,0
0.8149886131286621,-1.0,0.0,0.0,0.0,0.0,0.0,0.0,0.0,0.0,0.03,0,0,0,0,0,0,0,0,0,0,0,0,0,0,0,0,0,0,0,0,0
0.8166496753692627,-1.0,0.0,0.0,0.0,0.0,0.0,0.0,0.0,0.0,0.03,0,0,0,0,0,0,0,0,0,0,0,0,0,0,0,0,0,0,0,0,0
0.8188745975494385,-1.0,0.0,0.0,0.0,0.0,0.0,0.0,0.0,0.0,0.03,0,0,0,0,0,0,0,0,0,0,0,0,0,0,0,0,0,0,0,0,0
0.8203542232513428,-1.0,0.0,0.0,0.0,0.0,0.0,0.0,0.0,0.0,0.03,0,0,0,0,0,0,0,0,0,0,0,0,0,0,0,0,0,0,0,0,0
0.8216490745544434,-1.0,0.0,0.0,0.0,0.0,0.0,0.0,0.0,0.0,0.03,0,0,0,0,0,0,0,0,0,0,0,0,0,0,0,0,0,0,0,0,0
0.8228034973144531,-1.0,0.0,0.0,0.0,0.0,0.0,0.0,0.0,0.0,0.03,0,0,0,0,0,0,0,0,0,0,0,0,0,0,0,0,0,0,0,0,0
0.8238980770111084,-1.0,0.0,0.0,0.0,0.0,0.0,0.0,0.0,0.0,0.03,0,0,0,0,0,0,0,0,0,0,0,0,0,0,0,0,0,0,0,0,0
0.8249990940093994,-1.0,0.0,0.0,0.0,0.0,0.0,0.0,0.0,0.0,0.03,0,0,0,0,0,0,0,0,0,0,0,0,0,0,0,0,0,0,0,0,0
0.8261981010437012,-1.0,0.0,0.0,0.0,0.0,0.0,0.0,0.0,0.0,0.03,0,0,0,0,0,0,0,0,0,0,0,0,0,0,0,0,0,0,0,0,0
0.8273286819458008,-1.0,0.0,0.0,0.0,0.0,0.0,0.0,0.0,0.0,0.03,0,0,0,0,0,0,0,0,0,0,0,0,0,0,0,0,0,0,0,0,0
0.8285353183746338,-1.0,0.0,0.0,0.0,0.0,0.0,0.0,0.0,0.0,0.03,0,0,0,0,0,0,0,0,0,0,0,0,0,0,0,0,0,0,0,0,0
0.8298130035400391,-1.0,0.0,0.0,0.0,0.0,0.0,0.0,0.0,0.0,0.03,0,0,0,0,0,0,0,0,0,0,0,0,0,0,0,0,0,0,0,0,0
0.8315229415893555,-1.0,0.0,0.0,0.0,0.0,0.0,0.0,0.0,0.0,0.03,0,0,0,0,0,0,0,0,0,0,0,0,0,0,0,0,0,0,0,0,0
0.8327767848968506,-1.0,0.0,0.0,0.0,0.0,0.0,0.0,0.0,0.0,0.03,0,0,0,0,0,0,0,0,0,0,0,0,0,0,0,0,0,0,0,0,0
0.8346152305603027,-1.0,0.0,0.0,0.0,0.0,0.0,0.0,0.0,0.0,0.03,0,0,0,0,0,0,0,0,0,0,0,0,0,0,0,0,0,0,0,0,0
0.837069034576416,-1.0,0.0,0.0,0.0,0.0,0.0,0.0,0.0,0.0,0.03,0,0,0,0,0,0,0,0,0,0,0,0,0,0,0,0,0,0,0,0,0
0.8384537696838379,-1.0,0.0,0.0,0.0,0.0,0.0,0.0,0.0,0.0,0.03,0,0,0,0,0,0,0,0,0,0,0,0,0,0,0,0,0,0,0,0,0
0.840172529220581,-1.0,0.0,0.0,0.0,0.0,0.0,0.0,0.0,0.0,0.03,0,0,0,0,0,0,0,0,0,0,0,0,0,0,0,0,0,0,0,0,0
0.8416712284088135,-1.0,0.0,0.0,0.0,0.0,0.0,0.0,0.0,0.0,0.03,0,0,0,0,0,0,0,0,0,0,0,0,0,0,0,0,0,0,0,0,0
0.8429327011108398,-1.0,0.0,0.0,0.0,0.0,0.0,0.0,0.0,0.0,0.03,0,0,0,0,0,0,0,0,0,0,0,0,0,0,0,0,0,0,0,0,0
0.8442704677581787,-1.0,0.0,0.0,0.0,0.0,0.0,0.0,0.0,0.0,0.03,0,0,0,0,0,0,0,0,0,0,0,0,0,0,0,0,0,0,0,0,0
0.845536470413208,-1.0,0.0,0.0,0.0,0.0,0.0,0.0,0.0,0.0,0.03,0,0,0,0,0,0,0,0,0,0,0,0,0,0,0,0,0,0,0,0,0
0.8466084003448486,-1.0,0.0,0.0,0.0,0.0,0.0,0.0,0.0,0.0,0.03,0,0,0,0,0,0,0,0,0,0,0,0,0,0,0,0,0,0,0,0,0
0.8477189540863037,-1.0,0.0,0.0,0.0,0.0,0.0,0.0,0.0,0.0,0.03,0,0,0,0,0,0,0,0,0,0,0,0,0,0,0,0,0,0,0,0,0
0.8489408493041992,-1.0,0.0,0.0,0.0,0.0,0.0,0.0,0.0,0.0,0.03,0,0,0,0,0,0,0,0,0,0,0,0,0,0,0,0,0,0,0,0,0
0.8500378131866455,-1.0,0.0,0.0,0.0,0.0,0.0,0.0,0.0,0.0,0.03,0,0,0,0,0,0,0,0,0,0,0,0,0,0,0,0,0,0,0,0,0
0.8517587184906006,-1.0,0.0,0.0,0.0,0.0,0.0,0.0,0.0,0.0,0.03,0,0,0,0,0,0,0,0,0,0,0,0,0,0,0,0,0,0,0,0,0
0.8535699844360352,-1.0,0.0,0.0,0.0,0.0,0.0,0.0,0.0,0.0,0.03,0,0,0,0,0,0,0,0,0,0,0,0,0,0,0,0,0,0,0,0,0
0.8560822010040283,-1.0,0.0,0.0,0.0,0.0,0.0,0.0,0.0,0.0,0.03,0,0,0,0,0,0,0,0,0,0,0,0,0,0,0,0,0,0,0,0,0
0.8575584888458252,-1.0,0.0,0.0,0.0,0.0,0.0,0.0,0.0,0.0,0.03,0,0,0,0,0,0,0,0,0,0,0,0,0,0,0,0,0,0,0,0,0
0.8587477207183838,-1.0,0.0,0.0,0.0,0.0,0.0,0.0,0.0,0.0,0.03,0,0,0,0,0,0,0,0,0,0,0,0,0,0,0,0,0,0,0,0,0
0.8605442047119141,-1.0,0.0,0.0,0.0,0.0,0.0,0.0,0.0,0.0,0.03,0,0,0,0,0,0,0,0,0,0,0,0,0,0,0,0,0,0,0,0,0
0.8619108200073242,-1.0,0.0,0.0,0.0,0.0,0.0,0.0,0.0,0.0,0.03,0,0,0,0,0,0,0,0,0,0,0,0,0,0,0,0,0,0,0,0,0
0.8631956577301025,-1.0,0.0,0.0,0.0,0.0,0.0,0.0,0.0,0.0,0.03,0,0,0,0,0,0,0,0,0,0,0,0,0,0,0,0,0,0,0,0,0
0.8644101619720459,-1.0,0.0,0.0,0.0,0.0,0.0,0.0,0.0,0.0,0.03,0,0,0,0,0,0,0,0,0,0,0,0,0,0,0,0,0,0,0,0,0
0.8655431270599365,-1.0,0.0,0.0,0.0,0.0,0.0,0.0,0.0,0.0,0.03,0,0,0,0,0,0,0,0,0,0,0,0,0,0,0,0,0,0,0,0,0
0.8671164512634277,-1.0,0.0,0.0,0.0,0.0,0.0,0.0,0.0,0.0,0.03,0,0,0,0,0,0,0,0,0,0,0,0,0,0,0,0,0,0,0,0,0
0.8682105541229248,-1.0,0.0,0.0,0.0,0.0,0.0,0.0,0.0,0.0,0.03,0,0,0,0,0,0,0,0,0,0,0,0,0,0,0,0,0,0,0,0,0
0.87160325050354,-1.0,0.0,0.0,0.0,0.0,0.0,0.0,0.0,0.0,0.03,0,0,0,0,0,0,0,0,0,0,0,0,0,0,0,0,0,0,0,0,0
0.8731791973114014,-1.0,0.0,0.0,0.0,0.0,0.0,0.0,0.0,0.0,0.03,0,0,0,0,0,0,0,0,0,0,0,0,0,0,0,0,0,0,0,0,0
0.87526535987854,-1.0,0.0,0.0,0.0,0.0,0.0,0.0,0.0,0.0,0.03,0,0,0,0,0,0,0,0,0,0,0,0,0,0,0,0,0,0,0,0,0
0.8764371871948242,-1.0,0.0,0.0,0.0,0.0,0.0,0.0,0.0,0.0,0.03,0,0,0,0,0,0,0,0,0,0,0,0,0,0,0,0,0,0,0,0,0
0.8782405853271484,-1.0,0.0,0.0,0.0,0.0,0.0,0.0,0.0,0.0,0.03,0,0,0,0,0,0,0,0,0,0,0,0,0,0,0,0,0,0,0,0,0
0.8795719146728516,-1.0,0.0,0.0,0.0,0.0,0.0,0.0,0.0,0.0,0.03,0,0,0,0,0,0,0,0,0,0,0,0,0,0,0,0,0,0,0,0,0
0.8810305595397949,-1.0,0.0,0.0,0.0,0.0,0.0,0.0,0.0,0.0,0.03,0,0,0,0,0,0,0,0,0,0,0,0,0,0,0,0,0,0,0,0,0
0.8824005126953125,-1.0,0.0,0.0,0.0,0.0,0.0,0.0,0.0,0.0,0.03,0,0,0,0,0,0,0,0,0,0,0,0,0,0,0,0,0,0,0,0,0
0.8839535713195801,-1.0,0.0,0.0,0.0,0.0,0.0,0.0,0.0,0.0,0.03,0,0,0,0,0,0,0,0,0,0,0,0,0,0,0,0,0,0,0,0,0
0.8850765228271484,-1.0,0.0,0.0,0.0,0.0,0.0,0.0,0.0,0.0,0.03,0,0,0,0,0,0,0,0,0,0,0,0,0,0,0,0,0,0,0,0,0
0.886411190032959,-1.0,0.0,0.0,0.0,0.0,0.0,0.0,0.0,0.0,0.03,0,0,0,0,0,0,0,0,0,0,0,0,0,0,0,0,0,0,0,0,0
0.8876864910125732,-1.0,0.0,0.0,0.0,0.0,0.0,0.0,0.0,0.0,0.03,0,0,0,0,0,0,0,0,0,0,0,0,0,0,0,0,0,0,0,0,0
0.8887741565704346,-1.0,0.0,0.0,0.0,0.0,0.0,0.0,0.0,0.0,0.03,0,0,0,0,0,0,0,0,0,0,0,0,0,0,0,0,0,0,0,0,0
0.8900024890899658,-1.0,0.0,0.0,0.0,0.0,0.0,0.0,0.0,0.0,0.03,0,0,0,0,0,0,0,0,0,0,0,0,0,0,0,0,0,0,0,0,0
0.8911938667297363,-1.0,0.0,0.0,0.0,0.0,0.0,0.0,0.0,0.0,0.03,0,0,0,0,0,0,0,0,0,0,0,0,0,0,0,0,0,0,0,0,0
0.8925244808197021,-1.0,0.0,0.0,0.0,0.0,0.0,0.0,0.0,0.0,0.03,0,0,0,0,0,0,0,0,0,0,0,0,0,0,0,0,0,0,0,0,0
0.8936121463775635,-1.0,0.0,0.0,0.0,0.0,0.0,0.0,0.0,0.0,0.03,0,0,0,0,0,0,0,0,0,0,0,0,0,0,0,0,0,0,0,0,0
0.8950779438018799,-1.0,0.0,0.0,0.0,0.0,0.0,0.0,0.0,0.0,0.03,0,0,0,0,0,0,0,0,0,0,0,0,0,0,0,0,0,0,0,0,0
0.8966891765594482,-1.0,0.0,0.0,0.0,0.0,0.0,0.0,0.0,0.0,0.03,0,0,0,0,0,0,0,0,0,0,0,0,0,0,0,0,0,0,0,0,0
0.898583173751831,-1.0,0.0,0.0,0.0,0.0,0.0,0.0,0.0,0.0,0.03,0,0,0,0,0,0,0,0,0,0,0,0,0,0,0,0,0,0,0,0,0
0.9000918865203857,-1.0,0.0,0.0,0.0,0.0,0.0,0.0,0.0,0.0,0.03,0,0,0,0,0,0,0,0,0,0,0,0,0,0,0,0,0,0,0,0,0
0.9015135765075684,-1.0,0.0,0.0,0.0,0.0,0.0,0.0,0.0,0.0,0.03,0,0,0,0,0,0,0,0,0,0,0,0,0,0,0,0,0,0,0,0,0
0.9035627841949463,-1.0,0.0,0.0,0.0,0.0,0.0,0.0,0.0,0.0,0.03,0,0,0,0,0,0,0,0,0,0,0,0,0,0,0,0,0,0,0,0,0
0.9048659801483154,-1.0,0.0,0.0,0.0,0.0,0.0,0.0,0.0,0.0,0.03,0,0,0,0,0,0,0,0,0,0,0,0,0,0,0,0,0,0,0,0,0
0.9061281681060791,-1.0,0.0,0.0,0.0,0.0,0.0,0.0,0.0,0.0,0.03,0,0,0,0,0,0,0,0,0,0,0,0,0,0,0,0,0,0,0,0,0
0.9073691368103027,-1.0,0.0,0.0,0.0,0.0,0.0,0.0,0.0,0.0,0.03,0,0,0,0,0,0,0,0,0,0,0,0,0,0,0,0,0,0,0,0,0
0.9086637496948242,-1.0,0.0,0.0,0.0,0.0,0.0,0.0,0.0,0.0,0.03,0,0,0,0,0,0,0,0,0,0,0,0,0,0,0,0,0,0,0,0,0
0.9104588031768799,-1.0,0.0,0.0,0.0,0.0,0.0,0.0,0.0,0.0,0.03,0,0,0,0,0,0,0,0,0,0,0,0,0,0,0,0,0,0,0,0,0
0.9115867614746094,-1.0,0.0,0.0,0.0,0.0,0.0,0.0,0.0,0.0,0.03,0,0,0,0,0,0,0,0,0,0,0,0,0,0,0,0,0,0,0,0,0
0.9129009246826172,-1.0,0.0,0.0,0.0,0.0,0.0,0.0,0.0,0.0,0.03,0,0,0,0,0,0,0,0,0,0,0,0,0,0,0,0,0,0,0,0,0
0.9139623641967773,-1.0,0.0,0.0,0.0,0.0,0.0,0.0,0.0,0.0,0.03,0,0,0,0,0,0,0,0,0,0,0,0,0,0,0,0,0,0,0,0,0
0.9155466556549072,-1.0,0.0,0.0,0.0,0.0,0.0,0.0,0.0,0.0,0.03,0,0,0,0,0,0,0,0,0,0,0,0,0,0,0,0,0,0,0,0,0
0.917123556137085,-1.0,0.0,0.0,0.0,0.0,0.0,0.0,0.0,0.0,0.03,0,0,0,0,0,0,0,0,0,0,0,0,0,0,0,0,0,0,0,0,0
0.9184329509735107,-1.0,0.0,0.0,0.0,0.0,0.0,0.0,0.0,0.0,0.03,0,0,0,0,0,0,0,0,0,0,0,0,0,0,0,0,0,0,0,0,0
0.9210546016693115,-1.0,0.0,0.0,0.0,0.0,0.0,0.0,0.0,0.0,0.03,0,0,0,0,0,0,0,0,0,0,0,0,0,0,0,0,0,0,0,0,0
0.9223308563232422,-1.0,0.0,0.0,0.0,0.0,0.0,0.0,0.0,0.0,0.03,0,0,0,0,0,0,0,0,0,0,0,0,0,0,0,0,0,0,0,0,0
0.923480749130249,-1.0,0.0,0.0,0.0,0.0,0.0,0.0,0.0,0.0,0.03,0,0,0,0,0,0,0,0,0,0,0,0,0,0,0,0,0,0,0,0,0
0.9251971244812012,-1.0,0.0,0.0,0.0,0.0,0.0,0.0,0.0,0.0,0.03,0,0,0,0,0,0,0,0,0,0,0,0,0,0,0,0,0,0,0,0,0
0.9265542030334473,-1.0,0.0,0.0,0.0,0.0,0.0,0.0,0.0,0.0,0.03,0,0,0,0,0,0,0,0,0,0,0,0,0,0,0,0,0,0,0,0,0
0.9278116226196289,-1.0,0.0,0.0,0.0,0.0,0.0,0.0,0.0,0.0,0.03,0,0,0,0,0,0,0,0,0,0,0,0,0,0,0,0,0,0,0,0,0
0.9294273853302002,-1.0,0.0,0.0,0.0,0.0,0.0,0.0,0.0,0.0,0.03,0,0,0,0,0,0,0,0,0,0,0,0,0,0,0,0,0,0,0,0,0
0.9309377670288086,-1.0,0.0,0.0,0.0,0.0,0.0,0.0,0.0,0.0,0.03,0,0,0,0,0,0,0,0,0,0,0,0,0,0,0,0,0,0,0,0,0
0.9320414066314697,-1.0,0.0,0.0,0.0,0.0,0.0,0.0,0.0,0.0,0.03,0,0,0,0,0,0,0,0,0,0,0,0,0,0,0,0,0,0,0,0,0
0.9358975887298584,-1.0,0.0,0.0,0.0,0.0,0.0,0.0,0.0,0.0,0.03,0,0,0,0,0,0,0,0,0,0,0,0,0,0,0,0,0,0,0,0,0
0.9374032020568848,-1.0,0.0,0.0,0.0,0.0,0.0,0.0,0.0,0.0,0.03,0,0,0,0,0,0,0,0,0,0,0,0,0,0,0,0,0,0,0,0,0
0.9388530254364014,-1.0,0.0,0.0,0.0,0.0,0.0,0.0,0.0,0.0,0.03,0,0,0,0,0,0,0,0,0,0,0,0,0,0,0,0,0,0,0,0,0
0.9400966167449951,-1.0,0.0,0.0,0.0,0.0,0.0,0.0,0.0,0.0,0.03,0,0,0,0,0,0,0,0,0,0,0,0,0,0,0,0,0,0,0,0,0
0.9418938159942627,-1.0,0.0,0.0,0.0,0.0,0.0,0.0,0.0,0.0,0.03,0,0,0,0,0,0,0,0,0,0,0,0,0,0,0,0,0,0,0,0,0
0.9429588317871094,-1.0,0.0,0.0,0.0,0.0,0.0,0.0,0.0,0.0,0.03,0,0,0,0,0,0,0,0,0,0,0,0,0,0,0,0,0,0,0,0,0
0.9443981647491455,-1.0,0.0,0.0,0.0,0.0,0.0,0.0,0.0,0.0,0.03,0,0,0,0,0,0,0,0,0,0,0,0,0,0,0,0,0,0,0,0,0
0.9457697868347168,-1.0,0.0,0.0,0.0,0.0,0.0,0.0,0.0,0.0,0.03,0,0,0,0,0,0,0,0,0,0,0,0,0,0,0,0,0,0,0,0,0
0.9471311569213867,-1.0,0.0,0.0,0.0,0.0,0.0,0.0,0.0,0.0,0.03,0,0,0,0,0,0,0,0,0,0,0,0,0,0,0,0,0,0,0,0,0
0.94834303855896,-1.0,0.0,0.0,0.0,0.0,0.0,0.0,0.0,0.0,0.03,0,0,0,0,0,0,0,0,0,0,0,0,0,0,0,0,0,0,0,0,0
0.9494583606719971,-1.0,0.0,0.0,0.0,0.0,0.0,0.0,0.0,0.0,0.03,0,0,0,0,0,0,0,0,0,0,0,0,0,0,0,0,0,0,0,0,0
0.9512152671813965,-1.0,0.0,0.0,0.0,0.0,0.0,0.0,0.0,0.0,0.03,0,0,0,0,0,0,0,0,0,0,0,0,0,0,0,0,0,0,0,0,0
0.9523138999938965,-1.0,0.0,0.0,0.0,0.0,0.0,0.0,0.0,0.0,0.03,0,0,0,0,0,0,0,0,0,0,0,0,0,0,0,0,0,0,0,0,0
0.9534037113189697,-1.0,0.0,0.0,0.0,0.0,0.0,0.0,0.0,0.0,0.03,0,0,0,0,0,0,0,0,0,0,0,0,0,0,0,0,0,0,0,0,0
0.9545080661773682,-1.0,0.0,0.0,0.0,0.0,0.0,0.0,0.0,0.0,0.03,0,0,0,0,0,0,0,0,0,0,0,0,0,0,0,0,0,0,0,0,0
0.9556519985198975,-1.0,0.0,0.0,0.0,0.0,0.0,0.0,0.0,0.0,0.03,0,0,0,0,0,0,0,0,0,0,0,0,0,0,0,0,0,0,0,0,0
0.9567379951477051,-1.0,0.0,0.0,0.0,0.0,0.0,0.0,0.0,0.0,0.03,0,0,0,0,0,0,0,0,0,0,0,0,0,0,0,0,0,0,0,0,0
0.9584574699401855,-1.0,0.0,0.0,0.0,0.0,0.0,0.0,0.0,0.0,0.03,0,0,0,0,0,0,0,0,0,0,0,0,0,0,0,0,0,0,0,0,0
0.9600770473480225,-1.0,0.0,0.0,0.0,0.0,0.0,0.0,0.0,0.0,0.03,0,0,0,0,0,0,0,0,0,0,0,0,0,0,0,0,0,0,0,0,0
0.9631493091583252,-1.0,0.0,0.0,0.0,0.0,0.0,0.0,0.0,0.0,0.03,0,0,0,0,0,0,0,0,0,0,0,0,0,0,0,0,0,0,0,0,0
0.9642744064331055,-1.0,0.0,0.0,0.0,0.0,0.0,0.0,0.0,0.0,0.03,0,0,0,0,0,0,0,0,0,0,0,0,0,0,0,0,0,0,0,0,0
0.9654755592346191,-1.0,0.0,0.0,0.0,0.0,0.0,0.0,0.0,0.0,0.03,0,0,0,0,0,0,0,0,0,0,0,0,0,0,0,0,0,0,0,0,0
0.9673540592193604,-1.0,0.0,0.0,0.0,0.0,0.0,0.0,0.0,0.0,0.03,0,0,0,0,0,0,0,0,0,0,0,0,0,0,0,0,0,0,0,0,0
0.9685530662536621,-1.0,0.0,0.0,0.0,0.0,0.0,0.0,0.0,0.0,0.03,0,0,0,0,0,0,0,0,0,0,0,0,0,0,0,0,0,0,0,0,0
0.9698457717895508,-1.0,0.0,0.0,0.0,0.0,0.0,0.0,0.0,0.0,0.03,0,0,0,0,0,0,0,0,0,0,0,0,0,0,0,0,0,0,0,0,0
0.9717886447906494,-1.0,0.0,0.0,0.0,0.0,0.0,0.0,0.0,0.0,0.03,0,0,0,0,0,0,0,0,0,0,0,0,0,0,0,0,0,0,0,0,0
0.9734363555908203,-1.0,0.0,0.0,0.0,0.0,0.0,0.0,0.0,0.0,0.03,0,0,0,0,0,0,0,0,0,0,0,0,0,0,0,0,0,0,0,0,0
0.9746439456939697,-1.0,0.0,0.0,0.0,0.0,0.0,0.0,0.0,0.0,0.03,0,0,0,0,0,0,0,0,0,0,0,0,0,0,0,0,0,0,0,0,0
0.9758090972900391,-1.0,0.0,0.0,0.0,0.0,0.0,0.0,0.0,0.0,0.03,0,0,0,0,0,0,0,0,0,0,0,0,0,0,0,0,0,0,0,0,0
0.9768788814544678,-1.0,0.0,0.0,0.0,0.0,0.0,0.0,0.0,0.0,0.03,0,0,0,0,0,0,0,0,0,0,0,0,0,0,0,0,0,0,0,0,0
0.9783530235290527,-1.0,0.0,0.0,0.0,0.0,0.0,0.0,0.0,0.0,0.03,0,0,0,0,0,0,0,0,0,0,0,0,0,0,0,0,0,0,0,0,0
0.9799849987030029,-1.0,0.0,0.0,0.0,0.0,0.0,0.0,0.0,0.0,0.03,0,0,0,0,0,0,0,0,0,0,0,0,0,0,0,0,0,0,0,0,0
0.9836201667785645,-1.0,0.0,0.0,0.0,0.0,0.0,0.0,0.0,0.0,0.03,0,0,0,0,0,0,0,0,0,0,0,0,0,0,0,0,0,0,0,0,0
0.9848716259002686,-1.0,0.0,0.0,0.0,0.0,0.0,0.0,0.0,0.0,0.03,0,0,0,0,0,0,0,0,0,0,0,0,0,0,0,0,0,0,0,0,0
0.9859850406646729,-1.0,0.0,0.0,0.0,0.0,0.0,0.0,0.0,0.0,0.03,0,0,0,0,0,0,0,0,0,0,0,0,0,0,0,0,0,0,0,0,0
0.9876871109008789,-1.0,0.0,0.0,0.0,0.0,0.0,0.0,0.0,0.0,0.03,0,0,0,0,0,0,0,0,0,0,0,0,0,0,0,0,0,0,0,0,0
0.9889731407165527,-1.0,0.0,0.0,0.0,0.0,0.0,0.0,0.0,0.0,0.03,0,0,0,0,0,0,0,0,0,0,0,0,0,0,0,0,0,0,0,0,0
0.9902589321136475,-1.0,0.0,0.0,0.0,0.0,0.0,0.0,0.0,0.0,0.03,0,0,0,0,0,0,0,0,0,0,0,0,0,0,0,0,0,0,0,0,0
0.9918673038482666,-1.0,0.0,0.0,0.0,0.0,0.0,0.0,0.0,0.0,0.03,0,0,0,0,0,0,0,0,0,0,0,0,0,0,0,0,0,0,0,0,0
0.9932551383972168,-1.0,0.0,0.0,0.0,0.0,0.0,0.0,0.0,0.0,0.03,0,0,0,0,0,0,0,0,0,0,0,0,0,0,0,0,0,0,0,0,0
0.9943420886993408,-1.0,0.0,0.0,0.0,0.0,0.0,0.0,0.0,0.0,0.03,0,0,0,0,0,0,0,0,0,0,0,0,0,0,0,0,0,0,0,0,0
0.9956693649291992,-1.0,0.0,0.0,0.0,0.0,0.0,0.0,0.0,0.0,0.03,0,0,0,0,0,0,0,0,0,0,0,0,0,0,0,0,0,0,0,0,0
0.9990644454956055,-1.0,0.0,0.0,0.0,0.0,0.0,0.0,0.0,0.0,0.03,0,0,0,0,0,0,0,0,0,0,0,0,0,0,0,0,0,0,0,0,0
1.0025339126586914,-1.0,0.0,0.0,0.0,0.0,0.0,0.0,0.0,0.0,0.03,0,0,0,0,0,0,0,0,0,0,0,0,0,0,0,0,0,0,0,0,0
1.0041348934173584,-1.0,0.0,0.0,0.0,0.0,0.0,0.0,0.0,0.0,0.03,0,0,0,0,0,0,0,0,0,0,0,0,0,0,0,0,0,0,0,0,0
1.005549669265747,-1.0,0.0,0.0,0.0,0.0,0.0,0.0,0.0,0.0,0.03,0,0,0,0,0,0,0,0,0,0,0,0,0,0,0,0,0,0,0,0,0
1.0070199966430664,-1.0,0.0,0.0,0.0,0.0,0.0,0.0,0.0,0.0,0.03,0,0,0,0,0,0,0,0,0,0,0,0,0,0,0,0,0,0,0,0,0
1.0086028575897217,-1.0,0.0,0.0,0.0,0.0,0.0,0.0,0.0,0.0,0.03,0,0,0,0,0,0,0,0,0,0,0,0,0,0,0,0,0,0,0,0,0
1.0096893310546875,-1.0,0.0,0.0,0.0,0.0,0.0,0.0,0.0,0.0,0.03,0,0,0,0,0,0,0,0,0,0,0,0,0,0,0,0,0,0,0,0,0
1.0110394954681396,-1.0,0.0,0.0,0.0,0.0,0.0,0.0,0.0,0.0,0.03,0,0,0,0,0,0,0,0,0,0,0,0,0,0,0,0,0,0,0,0,0
1.0121994018554688,-1.0,0.0,0.0,0.0,0.0,0.0,0.0,0.0,0.0,0.03,0,0,0,0,0,0,0,0,0,0,0,0,0,0,0,0,0,0,0,0,0
1.0135464668273926,-1.0,0.0,0.0,0.0,0.0,0.0,0.0,0.0,0.0,0.03,0,0,0,0,0,0,0,0,0,0,0,0,0,0,0,0,0,0,0,0,0
1.01529860496521,-1.0,0.0,0.0,0.0,0.0,0.0,0.0,0.0,0.0,0.03,0,0,0,0,0,0,0,0,0,0,0,0,0,0,0,0,0,0,0,0,0
1.0165162086486816,-1.0,0.0,0.0,0.0,0.0,0.0,0.0,0.0,0.0,0.03,0,0,0,0,0,0,0,0,0,0,0,0,0,0,0,0,0,0,0,0,0
1.0176503658294678,-1.0,0.0,0.0,0.0,0.0,0.0,0.0,0.0,0.0,0.03,0,0,0,0,0,0,0,0,0,0,0,0,0,0,0,0,0,0,0,0,0
1.018784761428833,-1.0,0.0,0.0,0.0,0.0,0.0,0.0,0.0,0.0,0.03,0,0,0,0,0,0,0,0,0,0,0,0,0,0,0,0,0,0,0,0,0
1.0199158191680908,-1.0,0.0,0.0,0.0,0.0,0.0,0.0,0.0,0.0,0.03,0,0,0,0,0,0,0,0,0,0,0,0,0,0,0,0,0,0,0,0,0
1.0216600894927979,-1.0,0.0,0.0,0.0,0.0,0.0,0.0,0.0,0.0,0.03,0,0,0,0,0,0,0,0,0,0,0,0,0,0,0,0,0,0,0,0,0
1.0227866172790527,-1.0,0.0,0.0,0.0,0.0,0.0,0.0,0.0,0.0,0.03,0,0,0,0,0,0,0,0,0,0,0,0,0,0,0,0,0,0,0,0,0
1.024021863937378,-1.0,0.0,0.0,0.0,0.0,0.0,0.0,0.0,0.0,0.03,0,0,0,0,0,0,0,0,0,0,0,0,0,0,0,0,0,0,0,0,0
1.025580644607544,-1.0,0.0,0.0,0.0,0.0,0.0,0.0,0.0,0.0,0.03,0,0,0,0,0,0,0,0,0,0,0,0,0,0,0,0,0,0,0,0,0
1.0269601345062256,-1.0,0.0,0.0,0.0,0.0,0.0,0.0,0.0,0.0,0.03,0,0,0,0,0,0,0,0,0,0,0,0,0,0,0,0,0,0,0,0,0
1.0280706882476807,-1.0,0.0,0.0,0.0,0.0,0.0,0.0,0.0,0.0,0.03,0,0,0,0,0,0,0,0,0,0,0,0,0,0,0,0,0,0,0,0,0
1.0294039249420166,-1.0,0.0,0.0,0.0,0.0,0.0,0.0,0.0,0.0,0.03,0,0,0,0,0,0,0,0,0,0,0,0,0,0,0,0,0,0,0,0,0
1.0306787490844727,-1.0,0.0,0.0,0.0,0.0,0.0,0.0,0.0,0.0,0.03,0,0,0,0,0,0,0,0,0,0,0,0,0,0,0,0,0,0,0,0,0
1.0318379402160645,-1.0,0.0,0.0,0.0,0.0,0.0,0.0,0.0,0.0,0.03,0,0,0,0,0,0,0,0,0,0,0,0,0,0,0,0,0,0,0,0,0
1.0329768657684326,-1.0,0.0,0.0,0.0,0.0,0.0,0.0,0.0,0.0,0.03,0,0,0,0,0,0,0,0,0,0,0,0,0,0,0,0,0,0,0,0,0
1.0342817306518555,-1.0,0.0,0.0,0.0,0.0,0.0,0.0,0.0,0.0,0.03,0,0,0,0,0,0,0,0,0,0,0,0,0,0,0,0,0,0,0,0,0
1.0353693962097168,-1.0,0.0,0.0,0.0,0.0,0.0,0.0,0.0,0.0,0.03,0,0,0,0,0,0,0,0,0,0,0,0,0,0,0,0,0,0,0,0,0
1.036508321762085,-1.0,0.0,0.0,0.0,0.0,0.0,0.0,0.0,0.0,0.03,0,0,0,0,0,0,0,0,0,0,0,0,0,0,0,0,0,0,0,0,0
1.0376110076904297,-1.0,0.0,0.0,0.0,0.0,0.0,0.0,0.0,0.0,0.03,0,0,0,0,0,0,0,0,0,0,0,0,0,0,0,0,0,0,0,0,0
1.0388219356536865,-1.0,0.0,0.0,0.0,0.0,0.0,0.0,0.0,0.0,0.03,0,0,0,0,0,0,0,0,0,0,0,0,0,0,0,0,0,0,0,0,0
1.0402817726135254,-1.0,0.0,0.0,0.0,0.0,0.0,0.0,0.0,0.0,0.03,0,0,0,0,0,0,0,0,0,0,0,0,0,0,0,0,0,0,0,0,0
1.0426347255706787,-1.0,0.0,0.0,0.0,0.0,0.0,0.0,0.0,0.0,0.03,0,0,0,0,0,0,0,0,0,0,0,0,0,0,0,0,0,0,0,0,0
1.0442450046539307,-1.0,0.0,0.0,0.0,0.0,0.0,0.0,0.0,0.0,0.03,0,0,0,0,0,0,0,0,0,0,0,0,0,0,0,0,0,0,0,0,0
1.045351505279541,-1.0,0.0,0.0,0.0,0.0,0.0,0.0,0.0,0.0,0.03,0,0,0,0,0,0,0,0,0,0,0,0,0,0,0,0,0,0,0,0,0
1.0467026233673096,-1.0,0.0,0.0,0.0,0.0,0.0,0.0,0.0,0.0,0.03,0,0,0,0,0,0,0,0,0,0,0,0,0,0,0,0,0,0,0,0,0
1.0487449169158936,-1.0,0.0,0.0,0.0,0.0,0.0,0.0,0.0,0.0,0.03,0,0,0,0,0,0,0,0,0,0,0,0,0,0,0,0,0,0,0,0,0
1.0500733852386475,-1.0,0.0,0.0,0.0,0.0,0.0,0.0,0.0,0.0,0.03,0,0,0,0,0,0,0,0,0,0,0,0,0,0,0,0,0,0,0,0,0
1.0512585639953613,-1.0,0.0,0.0,0.0,0.0,0.0,0.0,0.0,0.0,0.03,0,0,0,0,0,0,0,0,0,0,0,0,0,0,0,0,0,0,0,0,0
1.053114891052246,-1.0,0.0,0.0,0.0,0.0,0.0,0.0,0.0,0.0,0.03,0,0,0,0,0,0,0,0,0,0,0,0,0,0,0,0,0,0,0,0,0
1.0541832447052002,-1.0,0.0,0.0,0.0,0.0,0.0,0.0,0.0,0.0,0.03,0,0,0,0,0,0,0,0,0,0,0,0,0,0,0,0,0,0,0,0,0
1.055267572402954,-1.0,0.0,0.0,0.0,0.0,0.0,0.0,0.0,0.0,0.03,0,0,0,0,0,0,0,0,0,0,0,0,0,0,0,0,0,0,0,0,0
1.0566065311431885,-1.0,0.0,0.0,0.0,0.0,0.0,0.0,0.0,0.0,0.03,0,0,0,0,0,0,0,0,0,0,0,0,0,0,0,0,0,0,0,0,0
1.0585274696350098,-1.0,0.0,0.0,0.0,0.0,0.0,0.0,0.0,0.0,0.03,0,0,0,0,0,0,0,0,0,0,0,0,0,0,0,0,0,0,0,0,0
1.0601506233215332,-1.0,0.0,0.0,0.0,0.0,0.0,0.0,0.0,0.0,0.03,0,0,0,0,0,0,0,0,0,0,0,0,0,0,0,0,0,0,0,0,0
1.0618312358856201,-1.0,0.0,0.0,0.0,0.0,0.0,0.0,0.0,0.0,0.03,0,0,0,0,0,0,0,0,0,0,0,0,0,0,0,0,0,0,0,0,0
1.063735008239746,-1.0,0.0,0.0,0.0,0.0,0.0,0.0,0.0,0.0,0.03,0,0,0,0,0,0,0,0,0,0,0,0,0,0,0,0,0,0,0,0,0
1.0660669803619385,-1.0,0.0,0.0,0.0,0.0,0.0,0.0,0.0,0.0,0.03,0,0,0,0,0,0,0,0,0,0,0,0,0,0,0,0,0,0,0,0,0
1.0671541690826416,-1.0,0.0,0.0,0.0,0.0,0.0,0.0,0.0,0.0,0.03,0,0,0,0,0,0,0,0,0,0,0,0,0,0,0,0,0,0,0,0,0
1.0685253143310547,-1.0,0.0,0.0,0.0,0.0,0.0,0.0,0.0,0.0,0.03,0,0,0,0,0,0,0,0,0,0,0,0,0,0,0,0,0,0,0,0,0
1.0702614784240723,-1.0,0.0,0.0,0.0,0.0,0.0,0.0,0.0,0.0,0.03,0,0,0,0,0,0,0,0,0,0,0,0,0,0,0,0,0,0,0,0,0
1.0715525150299072,-1.0,0.0,0.0,0.0,0.0,0.0,0.0,0.0,0.0,0.03,0,0,0,0,0,0,0,0,0,0,0,0,0,0,0,0,0,0,0,0,0
1.0726473331451416,-1.0,0.0,0.0,0.0,0.0,0.0,0.0,0.0,0.0,0.03,0,0,0,0,0,0,0,0,0,0,0,0,0,0,0,0,0,0,0,0,0
1.0745899677276611,-1.0,0.0,0.0,0.0,0.0,0.0,0.0,0.0,0.0,0.03,0,0,0,0,0,0,0,0,0,0,0,0,0,0,0,0,0,0,0,0,0
1.075681209564209,-1.0,0.0,0.0,0.0,0.0,0.0,0.0,0.0,0.0,0.03,0,0,0,0,0,0,0,0,0,0,0,0,0,0,0,0,0,0,0,0,0
1.0767621994018555,-1.0,0.0,0.0,0.0,0.0,0.0,0.0,0.0,0.0,0.03,0,0,0,0,0,0,0,0,0,0,0,0,0,0,0,0,0,0,0,0,0
1.0778818130493164,-1.0,0.0,0.0,0.0,0.0,0.0,0.0,0.0,0.0,0.03,0,0,0,0,0,0,0,0,0,0,0,0,0,0,0,0,0,0,0,0,0
1.0792136192321777,-1.0,0.0,0.0,0.0,0.0,0.0,0.0,0.0,0.0,0.03,0,0,0,0,0,0,0,0,0,0,0,0,0,0,0,0,0,0,0,0,0
1.0802967548370361,-1.0,0.0,0.0,0.0,0.0,0.0,0.0,0.0,0.0,0.03,0,0,0,0,0,0,0,0,0,0,0,0,0,0,0,0,0,0,0,0,0
1.0815956592559814,-1.0,0.0,0.0,0.0,0.0,0.0,0.0,0.0,0.0,0.03,0,0,0,0,0,0,0,0,0,0,0,0,0,0,0,0,0,0,0,0,0
1.0830729007720947,-1.0,0.0,0.0,0.0,0.0,0.0,0.0,0.0,0.0,0.03,0,0,0,0,0,0,0,0,0,0,0,0,0,0,0,0,0,0,0,0,0
1.0848429203033447,-1.0,0.0,0.0,0.0,0.0,0.0,0.0,0.0,0.0,0.03,0,0,0,0,0,0,0,0,0,0,0,0,0,0,0,0,0,0,0,0,0
1.0861811637878418,-1.0,0.0,0.0,0.0,0.0,0.0,0.0,0.0,0.0,0.03,0,0,0,0,0,0,0,0,0,0,0,0,0,0,0,0,0,0,0,0,0
1.087324857711792,-1.0,0.0,0.0,0.0,0.0,0.0,0.0,0.0,0.0,0.03,0,0,0,0,0,0,0,0,0,0,0,0,0,0,0,0,0,0,0,0,0
1.0884840488433838,-1.0,0.0,0.0,0.0,0.0,0.0,0.0,0.0,0.0,0.03,0,0,0,0,0,0,0,0,0,0,0,0,0,0,0,0,0,0,0,0,0
1.0896623134613037,-1.0,0.0,0.0,0.0,0.0,0.0,0.0,0.0,0.0,0.03,0,0,0,0,0,0,0,0,0,0,0,0,0,0,0,0,0,0,0,0,0
1.0910158157348633,-1.0,0.0,0.0,0.0,0.0,0.0,0.0,0.0,0.0,0.03,0,0,0,0,0,0,0,0,0,0,0,0,0,0,0,0,0,0,0,0,0
1.0922398567199707,-1.0,0.0,0.0,0.0,0.0,0.0,0.0,0.0,0.0,0.03,0,0,0,0,0,0,0,0,0,0,0,0,0,0,0,0,0,0,0,0,0
1.0945024490356445,-1.0,0.0,0.0,0.0,0.0,0.0,0.0,0.0,0.0,0.03,0,0,0,0,0,0,0,0,0,0,0,0,0,0,0,0,0,0,0,0,0
1.0956776142120361,-1.0,0.0,0.0,0.0,0.0,0.0,0.0,0.0,0.0,0.03,0,0,0,0,0,0,0,0,0,0,0,0,0,0,0,0,0,0,0,0,0
1.0967707633972168,-1.0,0.0,0.0,0.0,0.0,0.0,0.0,0.0,0.0,0.03,0,0,0,0,0,0,0,0,0,0,0,0,0,0,0,0,0,0,0,0,0
1.0980639457702637,-1.0,0.0,0.0,0.0,0.0,0.0,0.0,0.0,0.0,0.03,0,0,0,0,0,0,0,0,0,0,0,0,0,0,0,0,0,0,0,0,0
1.0997908115386963,-1.0,0.0,0.0,0.0,0.0,0.0,0.0,0.0,0.0,0.03,0,0,0,0,0,0,0,0,0,0,0,0,0,0,0,0,0,0,0,0,0
1.1013500690460205,-1.0,0.0,0.0,0.0,0.0,0.0,0.0,0.0,0.0,0.03,0,0,0,0,0,0,0,0,0,0,0,0,0,0,0,0,0,0,0,0,0
1.1039435863494873,-1.0,0.0,0.0,0.0,0.0,0.0,0.0,0.0,0.0,0.03,0,0,0,0,0,0,0,0,0,0,0,0,0,0,0,0,0,0,0,0,0
1.1050834655761719,-1.0,0.0,0.0,0.0,0.0,0.0,0.0,0.0,0.0,0.03,0,0,0,0,0,0,0,0,0,0,0,0,0,0,0,0,0,0,0,0,0
1.1062076091766357,-1.0,0.0,0.0,0.0,0.0,0.0,0.0,0.0,0.0,0.03,0,0,0,0,0,0,0,0,0,0,0,0,0,0,0,0,0,0,0,0,0
1.1086955070495605,-1.0,0.0,0.0,0.0,0.0,0.0,0.0,0.0,0.0,0.03,0,0,0,0,0,0,0,0,0,0,0,0,0,0,0,0,0,0,0,0,0
1.110201120376587,-1.0,0.0,0.0,0.0,0.0,0.0,0.0,0.0,0.0,0.03,0,0,0,0,0,0,0,0,0,0,0,0,0,0,0,0,0,0,0,0,0
1.111447811126709,-1.0,0.0,0.0,0.0,0.0,0.0,0.0,0.0,0.0,0.03,0,0,0,0,0,0,0,0,0,0,0,0,0,0,0,0,0,0,0,0,0
1.1133410930633545,-1.0,0.0,0.0,0.0,0.0,0.0,0.0,0.0,0.0,0.03,0,0,0,0,0,0,0,0,0,0,0,0,0,0,0,0,0,0,0,0,0
1.1144366264343262,-1.0,0.0,0.0,0.0,0.0,0.0,0.0,0.0,0.0,0.03,0,0,0,0,0,0,0,0,0,0,0,0,0,0,0,0,0,0,0,0,0
1.1155259609222412,-1.0,0.0,0.0,0.0,0.0,0.0,0.0,0.0,0.0,0.03,0,0,0,0,0,0,0,0,0,0,0,0,0,0,0,0,0,0,0,0,0
1.1185734272003174,-1.0,0.0,0.0,0.0,0.0,0.0,0.0,0.0,0.0,0.03,0,0,0,0,0,0,0,0,0,0,0,0,0,0,0,0,0,0,0,0,0
1.1199946403503418,-1.0,0.0,0.0,0.0,0.0,0.0,0.0,0.0,0.0,0.03,0,0,0,0,0,0,0,0,0,0,0,0,0,0,0,0,0,0,0,0,0
1.1212925910949707,-1.0,0.0,0.0,0.0,0.0,0.0,0.0,0.0,0.0,0.03,0,0,0,0,0,0,0,0,0,0,0,0,0,0,0,0,0,0,0,0,0
1.1245195865631104,-1.0,0.0,0.0,0.0,0.0,0.0,0.0,0.0,0.0,0.03,0,0,0,0,0,0,0,0,0,0,0,0,0,0,0,0,0,0,0,0,0
1.1259191036224365,-1.0,0.0,0.0,0.0,0.0,0.0,0.0,0.0,0.0,0.03,0,0,0,0,0,0,0,0,0,0,0,0,0,0,0,0,0,0,0,0,0
1.1272881031036377,-1.0,0.0,0.0,0.0,0.0,0.0,0.0,0.0,0.0,0.03,0,0,0,0,0,0,0,0,0,0,0,0,0,0,0,0,0,0,0,0,0
1.1284260749816895,-1.0,0.0,0.0,0.0,0.0,0.0,0.0,0.0,0.0,0.03,0,0,0,0,0,0,0,0,0,0,0,0,0,0,0,0,0,0,0,0,0
1.1295266151428223,-1.0,0.0,0.0,0.0,0.0,0.0,0.0,0.0,0.0,0.03,0,0,0,0,0,0,0,0,0,0,0,0,0,0,0,0,0,0,0,0,0
1.130922794342041,-1.0,0.0,0.0,0.0,0.0,0.0,0.0,0.0,0.0,0.03,0,0,0,0,0,0,0,0,0,0,0,0,0,0,0,0,0,0,0,0,0
1.132096767425537,-1.0,0.0,0.0,0.0,0.0,0.0,0.0,0.0,0.0,0.03,0,0,0,0,0,0,0,0,0,0,0,0,0,0,0,0,0,0,0,0,0
1.1333703994750977,-1.0,0.0,0.0,0.0,0.0,0.0,0.0,0.0,0.0,0.03,0,0,0,0,0,0,0,0,0,0,0,0,0,0,0,0,0,0,0,0,0
1.1345345973968506,-1.0,0.0,0.0,0.0,0.0,0.0,0.0,0.0,0.0,0.03,0,0,0,0,0,0,0,0,0,0,0,0,0,0,0,0,0,0,0,0,0
1.1357109546661377,-1.0,0.0,0.0,0.0,0.0,0.0,0.0,0.0,0.0,0.03,0,0,0,0,0,0,0,0,0,0,0,0,0,0,0,0,0,0,0,0,0
1.1367988586425781,-1.0,0.0,0.0,0.0,0.0,0.0,0.0,0.0,0.0,0.03,0,0,0,0,0,0,0,0,0,0,0,0,0,0,0,0,0,0,0,0,0
1.1379153728485107,-1.0,0.0,0.0,0.0,0.0,0.0,0.0,0.0,0.0,0.03,0,0,0,0,0,0,0,0,0,0,0,0,0,0,0,0,0,0,0,0,0
1.1390917301177979,-1.0,0.0,0.0,0.0,0.0,0.0,0.0,0.0,0.0,0.03,0,0,0,0,0,0,0,0,0,0,0,0,0,0,0,0,0,0,0,0,0
1.140319585800171,-1.0,0.0,0.0,0.0,0.0,0.0,0.0,0.0,0.0,0.03,0,0,0,0,0,0,0,0,0,0,0,0,0,0,0,0,0,0,0,0,0
1.1431834697723389,-1.0,0.0,0.0,0.0,0.0,0.0,0.0,0.0,0.0,0.03,0,0,0,0,0,0,0,0,0,0,0,0,0,0,0,0,0,0,0,0,0
1.1451160907745361,-1.0,0.0,0.0,0.0,0.0,0.0,0.0,0.0,0.0,0.03,0,0,0,0,0,0,0,0,0,0,0,0,0,0,0,0,0,0,0,0,0
1.146543264389038,-1.0,0.0,0.0,0.0,0.0,0.0,0.0,0.0,0.0,0.03,0,0,0,0,0,0,0,0,0,0,0,0,0,0,0,0,0,0,0,0,0
1.1477375030517578,-1.0,0.0,0.0,0.0,0.0,0.0,0.0,0.0,0.0,0.03,0,0,0,0,0,0,0,0,0,0,0,0,0,0,0,0,0,0,0,0,0
1.1494395732879639,-1.0,0.0,0.0,0.0,0.0,0.0,0.0,0.0,0.0,0.03,0,0,0,0,0,0,0,0,0,0,0,0,0,0,0,0,0,0,0,0,0
1.151531457901001,-1.0,0.0,0.0,0.0,0.0,0.0,0.0,0.0,0.0,0.03,0,0,0,0,0,0,0,0,0,0,0,0,0,0,0,0,0,0,0,0,0
1.152775526046753,-1.0,0.0,0.0,0.0,0.0,0.0,0.0,0.0,0.0,0.03,0,0,0,0,0,0,0,0,0,0,0,0,0,0,0,0,0,0,0,0,0
1.154799222946167,-1.0,0.0,0.0,0.0,0.0,0.0,0.0,0.0,0.0,0.03,0,0,0,0,0,0,0,0,0,0,0,0,0,0,0,0,0,0,0,0,0
1.1561546325683594,-1.0,0.0,0.0,0.0,0.0,0.0,0.0,0.0,0.0,0.03,0,0,0,0,0,0,0,0,0,0,0,0,0,0,0,0,0,0,0,0,0
1.1573421955108643,-1.0,0.0,0.0,0.0,0.0,0.0,0.0,0.0,0.0,0.03,0,0,0,0,0,0,0,0,0,0,0,0,0,0,0,0,0,0,0,0,0
1.1585254669189453,-1.0,0.0,0.0,0.0,0.0,0.0,0.0,0.0,0.0,0.03,0,0,0,0,0,0,0,0,0,0,0,0,0,0,0,0,0,0,0,0,0
1.1596136093139648,-1.0,0.0,0.0,0.0,0.0,0.0,0.0,0.0,0.0,0.03,0,0,0,0,0,0,0,0,0,0,0,0,0,0,0,0,0,0,0,0,0
1.1609134674072266,-1.0,0.0,0.0,0.0,0.0,0.0,0.0,0.0,0.0,0.03,0,0,0,0,0,0,0,0,0,0,0,0,0,0,0,0,0,0,0,0,0
1.1626622676849365,-1.0,0.0,0.0,0.0,0.0,0.0,0.0,0.0,0.0,0.03,0,0,0,0,0,0,0,0,0,0,0,0,0,0,0,0,0,0,0,0,0
1.1646854877471924,-1.0,0.0,0.0,0.0,0.0,0.0,0.0,0.0,0.0,0.03,0,0,0,0,0,0,0,0,0,0,0,0,0,0,0,0,0,0,0,0,0
1.1662981510162354,-1.0,0.0,0.0,0.0,0.0,0.0,0.0,0.0,0.0,0.03,0,0,0,0,0,0,0,0,0,0,0,0,0,0,0,0,0,0,0,0,0
1.1675758361816406,-1.0,0.0,0.0,0.0,0.0,0.0,0.0,0.0,0.0,0.03,0,0,0,0,0,0,0,0,0,0,0,0,0,0,0,0,0,0,0,0,0
1.1686804294586182,-1.0,0.0,0.0,0.0,0.0,0.0,0.0,0.0,0.0,0.03,0,0,0,0,0,0,0,0,0,0,0,0,0,0,0,0,0,0,0,0,0
1.1697924137115479,-1.0,0.0,0.0,0.0,0.0,0.0,0.0,0.0,0.0,0.03,0,0,0,0,0,0,0,0,0,0,0,0,0,0,0,0,0,0,0,0,0
1.1719036102294922,-1.0,0.0,0.0,0.0,0.0,0.0,0.0,0.0,0.0,0.03,0,0,0,0,0,0,0,0,0,0,0,0,0,0,0,0,0,0,0,0,0
1.1731672286987305,-1.0,0.0,0.0,0.0,0.0,0.0,0.0,0.0,0.0,0.03,0,0,0,0,0,0,0,0,0,0,0,0,0,0,0,0,0,0,0,0,0
1.174790382385254,-1.0,0.0,0.0,0.0,0.0,0.0,0.0,0.0,0.0,0.03,0,0,0,0,0,0,0,0,0,0,0,0,0,0,0,0,0,0,0,0,0
1.1761822700500488,-1.0,0.0,0.0,0.0,0.0,0.0,0.0,0.0,0.0,0.03,0,0,0,0,0,0,0,0,0,0,0,0,0,0,0,0,0,0,0,0,0
1.1772708892822266,-1.0,0.0,0.0,0.0,0.0,0.0,0.0,0.0,0.0,0.03,0,0,0,0,0,0,0,0,0,0,0,0,0,0,0,0,0,0,0,0,0
1.1803865432739258,-1.0,0.0,0.0,0.0,0.0,0.0,0.0,0.0,0.0,0.03,0,0,0,0,0,0,0,0,0,0,0,0,0,0,0,0,0,0,0,0,0
1.1817858219146729,-1.0,0.0,0.0,0.0,0.0,0.0,0.0,0.0,0.0,0.03,0,0,0,0,0,0,0,0,0,0,0,0,0,0,0,0,0,0,0,0,0
1.1838295459747314,-1.0,0.0,0.0,0.0,0.0,0.0,0.0,0.0,0.0,0.03,0,0,0,0,0,0,0,0,0,0,0,0,0,0,0,0,0,0,0,0,0
1.1858181953430176,-1.0,0.0,0.0,0.0,0.0,0.0,0.0,0.0,0.0,0.03,0,0,0,0,0,0,0,0,0,0,0,0,0,0,0,0,0,0,0,0,0
1.1872217655181885,-1.0,0.0,0.0,0.0,0.0,0.0,0.0,0.0,0.0,0.03,0,0,0,0,0,0,0,0,0,0,0,0,0,0,0,0,0,0,0,0,0
1.1883318424224854,-1.0,0.0,0.0,0.0,0.0,0.0,0.0,0.0,0.0,0.03,0,0,0,0,0,0,0,0,0,0,0,0,0,0,0,0,0,0,0,0,0
1.1896121501922607,-1.0,0.0,0.0,0.0,0.0,0.0,0.0,0.0,0.0,0.03,0,0,0,0,0,0,0,0,0,0,0,0,0,0,0,0,0,0,0,0,0
1.191741943359375,-1.0,0.0,0.0,0.0,0.0,0.0,0.0,0.0,0.0,0.03,0,0,0,0,0,0,0,0,0,0,0,0,0,0,0,0,0,0,0,0,0
1.1933422088623047,-1.0,0.0,0.0,0.0,0.0,0.0,0.0,0.0,0.0,0.03,0,0,0,0,0,0,0,0,0,0,0,0,0,0,0,0,0,0,0,0,0
1.19443678855896,-1.0,0.0,0.0,0.0,0.0,0.0,0.0,0.0,0.0,0.03,0,0,0,0,0,0,0,0,0,0,0,0,0,0,0,0,0,0,0,0,0
1.1959843635559082,-1.0,0.0,0.0,0.0,0.0,0.0,0.0,0.0,0.0,0.03,0,0,0,0,0,0,0,0,0,0,0,0,0,0,0,0,0,0,0,0,0
1.1972379684448242,-1.0,0.0,0.0,0.0,0.0,0.0,0.0,0.0,0.0,0.03,0,0,0,0,0,0,0,0,0,0,0,0,0,0,0,0,0,0,0,0,0
1.1983952522277832,-1.0,0.0,0.0,0.0,0.0,0.0,0.0,0.0,0.0,0.03,0,0,0,0,0,0,0,0,0,0,0,0,0,0,0,0,0,0,0,0,0
1.1995930671691895,-1.0,0.0,0.0,0.0,0.0,0.0,0.0,0.0,0.0,0.03,0,0,0,0,0,0,0,0,0,0,0,0,0,0,0,0,0,0,0,0,0
1.200937271118164,-1.0,0.0,0.0,0.0,0.0,0.0,0.0,0.0,0.0,0.03,0,0,0,0,0,0,0,0,0,0,0,0,0,0,0,0,0,0,0,0,0
1.2022192478179932,-1.0,0.0,0.0,0.0,0.0,0.0,0.0,0.0,0.0,0.03,0,0,0,0,0,0,0,0,0,0,0,0,0,0,0,0,0,0,0,0,0
1.2039737701416016,-1.0,0.0,0.0,0.0,0.0,0.0,0.0,0.0,0.0,0.03,0,0,0,0,0,0,0,0,0,0,0,0,0,0,0,0,0,0,0,0,0
1.205545425415039,-1.0,0.0,0.0,0.0,0.0,0.0,0.0,0.0,0.0,0.03,0,0,0,0,0,0,0,0,0,0,0,0,0,0,0,0,0,0,0,0,0
1.2088680267333984,-1.0,0.0,0.0,0.0,0.0,0.0,0.0,0.0,0.0,0.03,0,0,0,0,0,0,0,0,0,0,0,0,0,0,0,0,0,0,0,0,0
1.2100465297698975,-1.0,0.0,0.0,0.0,0.0,0.0,0.0,0.0,0.0,0.03,0,0,0,0,0,0,0,0,0,0,0,0,0,0,0,0,0,0,0,0,0
1.211198329925537,-1.0,0.0,0.0,0.0,0.0,0.0,0.0,0.0,0.0,0.03,0,0,0,0,0,0,0,0,0,0,0,0,0,0,0,0,0,0,0,0,0
1.2129080295562744,-1.0,0.0,0.0,0.0,0.0,0.0,0.0,0.0,0.0,0.03,0,0,0,0,0,0,0,0,0,0,0,0,0,0,0,0,0,0,0,0,0
1.2140405178070068,-1.0,0.0,0.0,0.0,0.0,0.0,0.0,0.0,0.0,0.03,0,0,0,0,0,0,0,0,0,0,0,0,0,0,0,0,0,0,0,0,0
1.2152392864227295,-1.0,0.0,0.0,0.0,0.0,0.0,0.0,0.0,0.0,0.03,0,0,0,0,0,0,0,0,0,0,0,0,0,0,0,0,0,0,0,0,0
1.2167253494262695,-1.0,0.0,0.0,0.0,0.0,0.0,0.0,0.0,0.0,0.03,0,0,0,0,0,0,0,0,0,0,0,0,0,0,0,0,0,0,0,0,0
1.217846393585205,-1.0,0.0,0.0,0.0,0.0,0.0,0.0,0.0,0.0,0.03,0,0,0,0,0,0,0,0,0,0,0,0,0,0,0,0,0,0,0,0,0
1.2190065383911133,-1.0,0.0,0.0,0.0,0.0,0.0,0.0,0.0,0.0,0.03,0,0,0,0,0,0,0,0,0,0,0,0,0,0,0,0,0,0,0,0,0
1.2201087474822998,-1.0,0.0,0.0,0.0,0.0,0.0,0.0,0.0,0.0,0.03,0,0,0,0,0,0,0,0,0,0,0,0,0,0,0,0,0,0,0,0,0
1.221388339996338,-1.0,0.0,0.0,0.0,0.0,0.0,0.0,0.0,0.0,0.03,0,0,0,0,0,0,0,0,0,0,0,0,0,0,0,0,0,0,0,0,0
1.2232036590576172,-1.0,0.0,0.0,0.0,0.0,0.0,0.0,0.0,0.0,0.03,0,0,0,0,0,0,0,0,0,0,0,0,0,0,0,0,0,0,0,0,0
1.22471022605896,-1.0,0.0,0.0,0.0,0.0,0.0,0.0,0.0,0.0,0.03,0,0,0,0,0,0,0,0,0,0,0,0,0,0,0,0,0,0,0,0,0
1.226987361907959,-1.0,0.0,0.0,0.0,0.0,0.0,0.0,0.0,0.0,0.03,0,0,0,0,0,0,0,0,0,0,0,0,0,0,0,0,0,0,0,0,0
1.2282567024230957,-1.0,0.0,0.0,0.0,0.0,0.0,0.0,0.0,0.0,0.03,0,0,0,0,0,0,0,0,0,0,0,0,0,0,0,0,0,0,0,0,0
1.2296247482299805,-1.0,0.0,0.0,0.0,0.0,0.0,0.0,0.0,0.0,0.03,0,0,0,0,0,0,0,0,0,0,0,0,0,0,0,0,0,0,0,0,0
1.231677770614624,-1.0,0.0,0.0,0.0,0.0,0.0,0.0,0.0,0.0,0.03,0,0,0,0,0,0,0,0,0,0,0,0,0,0,0,0,0,0,0,0,0
1.2329201698303223,-1.0,0.0,0.0,0.0,0.0,0.0,0.0,0.0,0.0,0.03,0,0,0,0,0,0,0,0,0,0,0,0,0,0,0,0,0,0,0,0,0
1.2341992855072021,-1.0,0.0,0.0,0.0,0.0,0.0,0.0,0.0,0.0,0.03,0,0,0,0,0,0,0,0,0,0,0,0,0,0,0,0,0,0,0,0,0
1.2358591556549072,-1.0,0.0,0.0,0.0,0.0,0.0,0.0,0.0,0.0,0.03,0,0,0,0,0,0,0,0,0,0,0,0,0,0,0,0,0,0,0,0,0
1.2370340824127197,-1.0,0.0,0.0,0.0,0.0,0.0,0.0,0.0,0.0,0.03,0,0,0,0,0,0,0,0,0,0,0,0,0,0,0,0,0,0,0,0,0
1.2380986213684082,-1.0,0.0,0.0,0.0,0.0,0.0,0.0,0.0,0.0,0.03,0,0,0,0,0,0,0,0,0,0,0,0,0,0,0,0,0,0,0,0,0
1.241095781326294,-1.0,0.0,0.0,0.0,0.0,0.0,0.0,0.0,0.0,0.03,0,0,0,0,0,0,0,0,0,0,0,0,0,0,0,0,0,0,0,0,0
1.2426798343658447,-1.0,0.0,0.0,0.0,0.0,0.0,0.0,0.0,0.0,0.03,0,0,0,0,0,0,0,0,0,0,0,0,0,0,0,0,0,0,0,0,0
1.244575023651123,-1.0,0.0,0.0,0.0,0.0,0.0,0.0,0.0,0.0,0.03,0,0,0,0,0,0,0,0,0,0,0,0,0,0,0,0,0,0,0,0,0
1.246016263961792,-1.0,0.0,0.0,0.0,0.0,0.0,0.0,0.0,0.0,0.03,0,0,0,0,0,0,0,0,0,0,0,0,0,0,0,0,0,0,0,0,0
1.2472405433654785,-1.0,0.0,0.0,0.0,0.0,0.0,0.0,0.0,0.0,0.03,0,0,0,0,0,0,0,0,0,0,0,0,0,0,0,0,0,0,0,0,0
1.248751163482666,-1.0,0.0,0.0,0.0,0.0,0.0,0.0,0.0,0.0,0.03,0,0,0,0,0,0,0,0,0,0,0,0,0,0,0,0,0,0,0,0,0
1.2501375675201416,-1.0,0.0,0.0,0.0,0.0,0.0,0.0,0.0,0.0,0.03,0,0,0,0,0,0,0,0,0,0,0,0,0,0,0,0,0,0,0,0,0
1.2516052722930908,-1.0,0.0,0.0,0.0,0.0,0.0,0.0,0.0,0.0,0.03,0,0,0,0,0,0,0,0,0,0,0,0,0,0,0,0,0,0,0,0,0
1.2527213096618652,-1.0,0.0,0.0,0.0,0.0,0.0,0.0,0.0,0.0,0.03,0,0,0,0,0,0,0,0,0,0,0,0,0,0,0,0,0,0,0,0,0
1.2543418407440186,-1.0,0.0,0.0,0.0,0.0,0.0,0.0,0.0,0.0,0.03,0,0,0,0,0,0,0,0,0,0,0,0,0,0,0,0,0,0,0,0,0
1.2554347515106201,-1.0,0.0,0.0,0.0,0.0,0.0,0.0,0.0,0.0,0.03,0,0,0,0,0,0,0,0,0,0,0,0,0,0,0,0,0,0,0,0,0
1.2566633224487305,-1.0,0.0,0.0,0.0,0.0,0.0,0.0,0.0,0.0,0.03,0,0,0,0,0,0,0,0,0,0,0,0,0,0,0,0,0,0,0,0,0
1.257784366607666,-1.0,0.0,0.0,0.0,0.0,0.0,0.0,0.0,0.0,0.03,0,0,0,0,0,0,0,0,0,0,0,0,0,0,0,0,0,0,0,0,0
1.2589473724365234,-1.0,0.0,0.0,0.0,0.0,0.0,0.0,0.0,0.0,0.03,0,0,0,0,0,0,0,0,0,0,0,0,0,0,0,0,0,0,0,0,0
1.260035514831543,-1.0,0.0,0.0,0.0,0.0,0.0,0.0,0.0,0.0,0.03,0,0,0,0,0,0,0,0,0,0,0,0,0,0,0,0,0,0,0,0,0
1.2611563205718994,-1.0,0.0,0.0,0.0,0.0,0.0,0.0,0.0,0.0,0.03,0,0,0,0,0,0,0,0,0,0,0,0,0,0,0,0,0,0,0,0,0
1.2623646259307861,-1.0,0.0,0.0,0.0,0.0,0.0,0.0,0.0,0.0,0.03,0,0,0,0,0,0,0,0,0,0,0,0,0,0,0,0,0,0,0,0,0
1.2634539604187012,-1.0,0.0,0.0,0.0,0.0,0.0,0.0,0.0,0.0,0.03,0,0,0,0,0,0,0,0,0,0,0,0,0,0,0,0,0,0,0,0,0
1.2646362781524658,-1.0,0.0,0.0,0.0,0.0,0.0,0.0,0.0,0.0,0.03,0,0,0,0,0,0,0,0,0,0,0,0,0,0,0,0,0,0,0,0,0
1.2662367820739746,-1.0,0.0,0.0,0.0,0.0,0.0,0.0,0.0,0.0,0.03,0,0,0,0,0,0,0,0,0,0,0,0,0,0,0,0,0,0,0,0,0
1.2687687873840332,-1.0,0.0,0.0,0.0,0.0,0.0,0.0,0.0,0.0,0.03,0,0,0,0,0,0,0,0,0,0,0,0,0,0,0,0,0,0,0,0,0
1.269897222518921,-1.0,0.0,0.0,0.0,0.0,0.0,0.0,0.0,0.0,0.03,0,0,0,0,0,0,0,0,0,0,0,0,0,0,0,0,0,0,0,0,0
1.2710468769073486,-1.0,0.0,0.0,0.0,0.0,0.0,0.0,0.0,0.0,0.03,0,0,0,0,0,0,0,0,0,0,0,0,0,0,0,0,0,0,0,0,0
1.2734837532043457,-1.0,0.0,0.0,0.0,0.0,0.0,0.0,0.0,0.0,0.03,0,0,0,0,0,0,0,0,0,0,0,0,0,0,0,0,0,0,0,0,0
1.2748827934265137,-1.0,0.0,0.0,0.0,0.0,0.0,0.0,0.0,0.0,0.03,0,0,0,0,0,0,0,0,0,0,0,0,0,0,0,0,0,0,0,0,0
1.276113510131836,-1.0,0.0,0.0,0.0,0.0,0.0,0.0,0.0,0.0,0.03,0,0,0,0,0,0,0,0,0,0,0,0,0,0,0,0,0,0,0,0,0
1.2772822380065918,-1.0,0.0,0.0,0.0,0.0,0.0,0.0,0.0,0.0,0.03,0,0,0,0,0,0,0,0,0,0,0,0,0,0,0,0,0,0,0,0,0
1.2783775329589844,-1.0,0.0,0.0,0.0,0.0,0.0,0.0,0.0,0.0,0.03,0,0,0,0,0,0,0,0,0,0,0,0,0,0,0,0,0,0,0,0,0
1.2794737815856934,-1.0,0.0,0.0,0.0,0.0,0.0,0.0,0.0,0.0,0.03,0,0,0,0,0,0,0,0,0,0,0,0,0,0,0,0,0,0,0,0,0
1.2805969715118408,-1.0,0.0,0.0,0.0,0.0,0.0,0.0,0.0,0.0,0.03,0,0,0,0,0,0,0,0,0,0,0,0,0,0,0,0,0,0,0,0,0
1.2819406986236572,-1.0,0.0,0.0,0.0,0.0,0.0,0.0,0.0,0.0,0.03,0,0,0,0,0,0,0,0,0,0,0,0,0,0,0,0,0,0,0,0,0
1.2836785316467285,-1.0,0.0,0.0,0.0,0.0,0.0,0.0,0.0,0.0,0.03,0,0,0,0,0,0,0,0,0,0,0,0,0,0,0,0,0,0,0,0,0
1.2859246730804443,-1.0,0.0,0.0,0.0,0.0,0.0,0.0,0.0,0.0,0.03,0,0,0,0,0,0,0,0,0,0,0,0,0,0,0,0,0,0,0,0,0
1.2876715660095215,-1.0,0.0,0.0,0.0,0.0,0.0,0.0,0.0,0.0,0.03,0,0,0,0,0,0,0,0,0,0,0,0,0,0,0,0,0,0,0,0,0
1.288764476776123,-1.0,0.0,0.0,0.0,0.0,0.0,0.0,0.0,0.0,0.03,0,0,0,0,0,0,0,0,0,0,0,0,0,0,0,0,0,0,0,0,0
1.2901332378387451,-1.0,0.0,0.0,0.0,0.0,0.0,0.0,0.0,0.0,0.03,0,0,0,0,0,0,0,0,0,0,0,0,0,0,0,0,0,0,0,0,0
1.291750192642212,-1.0,0.0,0.0,0.0,0.0,0.0,0.0,0.0,0.0,0.03,0,0,0,0,0,0,0,0,0,0,0,0,0,0,0,0,0,0,0,0,0
1.2934041023254395,-1.0,0.0,0.0,0.0,0.0,0.0,0.0,0.0,0.0,0.03,0,0,0,0,0,0,0,0,0,0,0,0,0,0,0,0,0,0,0,0,0
1.2946598529815674,-1.0,0.0,0.0,0.0,0.0,0.0,0.0,0.0,0.0,0.03,0,0,0,0,0,0,0,0,0,0,0,0,0,0,0,0,0,0,0,0,0
1.29624342918396,-1.0,0.0,0.0,0.0,0.0,0.0,0.0,0.0,0.0,0.03,0,0,0,0,0,0,0,0,0,0,0,0,0,0,0,0,0,0,0,0,0
1.2974355220794678,-1.0,0.0,0.0,0.0,0.0,0.0,0.0,0.0,0.0,0.03,0,0,0,0,0,0,0,0,0,0,0,0,0,0,0,0,0,0,0,0,0
1.2985272407531738,-1.0,0.0,0.0,0.0,0.0,0.0,0.0,0.0,0.0,0.03,0,0,0,0,0,0,0,0,0,0,0,0,0,0,0,0,0,0,0,0,0
1.3011376857757568,-1.0,0.0,0.0,0.0,0.0,0.0,0.0,0.0,0.0,0.03,0,0,0,0,0,0,0,0,0,0,0,0,0,0,0,0,0,0,0,0,0
1.3030190467834473,-1.0,0.0,0.0,0.0,0.0,0.0,0.0,0.0,0.0,0.03,0,0,0,0,0,0,0,0,0,0,0,0,0,0,0,0,0,0,0,0,0
1.304736852645874,-1.0,0.0,0.0,0.0,0.0,0.0,0.0,0.0,0.0,0.03,0,0,0,0,0,0,0,0,0,0,0,0,0,0,0,0,0,0,0,0,0
1.3058316707611084,-1.0,0.0,0.0,0.0,0.0,0.0,0.0,0.0,0.0,0.03,0,0,0,0,0,0,0,0,0,0,0,0,0,0,0,0,0,0,0,0,0
1.3080699443817139,-1.0,0.0,0.0,0.0,0.0,0.0,0.0,0.0,0.0,0.03,0,0,0,0,0,0,0,0,0,0,0,0,0,0,0,0,0,0,0,0,0
1.3095073699951172,-1.0,0.0,0.0,0.0,0.0,0.0,0.0,0.0,0.0,0.03,0,0,0,0,0,0,0,0,0,0,0,0,0,0,0,0,0,0,0,0,0
1.310826063156128,-1.0,0.0,0.0,0.0,0.0,0.0,0.0,0.0,0.0,0.03,0,0,0,0,0,0,0,0,0,0,0,0,0,0,0,0,0,0,0,0,0
1.3131237030029297,-1.0,0.0,0.0,0.0,0.0,0.0,0.0,0.0,0.0,0.03,0,0,0,0,0,0,0,0,0,0,0,0,0,0,0,0,0,0,0,0,0
1.3144500255584717,-1.0,0.0,0.0,0.0,0.0,0.0,0.0,0.0,0.0,0.03,0,0,0,0,0,0,0,0,0,0,0,0,0,0,0,0,0,0,0,0,0
1.3155581951141357,-1.0,0.0,0.0,0.0,0.0,0.0,0.0,0.0,0.0,0.03,0,0,0,0,0,0,0,0,0,0,0,0,0,0,0,0,0,0,0,0,0
1.3168165683746338,-1.0,0.0,0.0,0.0,0.0,0.0,0.0,0.0,0.0,0.03,0,0,0,0,0,0,0,0,0,0,0,0,0,0,0,0,0,0,0,0,0
1.3184776306152344,-1.0,0.0,0.0,0.0,0.0,0.0,0.0,0.0,0.0,0.03,0,0,0,0,0,0,0,0,0,0,0,0,0,0,0,0,0,0,0,0,0
1.3196191787719727,-1.0,0.0,0.0,0.0,0.0,0.0,0.0,0.0,0.0,0.03,0,0,0,0,0,0,0,0,0,0,0,0,0,0,0,0,0,0,0,0,0
1.3208203315734863,-1.0,0.0,0.0,0.0,0.0,0.0,0.0,0.0,0.0,0.03,0,0,0,0,0,0,0,0,0,0,0,0,0,0,0,0,0,0,0,0,0
1.3221421241760254,-1.0,0.0,0.0,0.0,0.0,0.0,0.0,0.0,0.0,0.03,0,0,0,0,0,0,0,0,0,0,0,0,0,0,0,0,0,0,0,0,0
1.323240041732788,-1.0,0.0,0.0,0.0,0.0,0.0,0.0,0.0,0.0,0.03,0,0,0,0,0,0,0,0,0,0,0,0,0,0,0,0,0,0,0,0,0
1.324523687362671,-1.0,0.0,0.0,0.0,0.0,0.0,0.0,0.0,0.0,0.03,0,0,0,0,0,0,0,0,0,0,0,0,0,0,0,0,0,0,0,0,0
1.3261940479278564,-1.0,0.0,0.0,0.0,0.0,0.0,0.0,0.0,0.0,0.03,0,0,0,0,0,0,0,0,0,0,0,0,0,0,0,0,0,0,0,0,0
1.3294718265533447,-1.0,0.0,0.0,0.0,0.0,0.0,0.0,0.0,0.0,0.03,0,0,0,0,0,0,0,0,0,0,0,0,0,0,0,0,0,0,0,0,0
1.3306248188018799,-1.0,0.0,0.0,0.0,0.0,0.0,0.0,0.0,0.0,0.03,0,0,0,0,0,0,0,0,0,0,0,0,0,0,0,0,0,0,0,0,0
1.3317391872406006,-1.0,0.0,0.0,0.0,0.0,0.0,0.0,0.0,0.0,0.03,0,0,0,0,0,0,0,0,0,0,0,0,0,0,0,0,0,0,0,0,0
1.33341646194458,-1.0,0.0,0.0,0.0,0.0,0.0,0.0,0.0,0.0,0.03,0,0,0,0,0,0,0,0,0,0,0,0,0,0,0,0,0,0,0,0,0
1.3347768783569336,-1.0,0.0,0.0,0.0,0.0,0.0,0.0,0.0,0.0,0.03,0,0,0,0,0,0,0,0,0,0,0,0,0,0,0,0,0,0,0,0,0
1.336003303527832,-1.0,0.0,0.0,0.0,0.0,0.0,0.0,0.0,0.0,0.03,0,0,0,0,0,0,0,0,0,0,0,0,0,0,0,0,0,0,0,0,0
1.3378486633300781,-1.0,0.0,0.0,0.0,0.0,0.0,0.0,0.0,0.0,0.03,0,0,0,0,0,0,0,0,0,0,0,0,0,0,0,0,0,0,0,0,0
1.3390076160430908,-1.0,0.0,0.0,0.0,0.0,0.0,0.0,0.0,0.0,0.03,0,0,0,0,0,0,0,0,0,0,0,0,0,0,0,0,0,0,0,0,0
1.340162754058838,-1.0,0.0,0.0,0.0,0.0,0.0,0.0,0.0,0.0,0.03,0,0,0,0,0,0,0,0,0,0,0,0,0,0,0,0,0,0,0,0,0
1.341451644897461,-1.0,0.0,0.0,0.0,0.0,0.0,0.0,0.0,0.0,0.03,0,0,0,0,0,0,0,0,0,0,0,0,0,0,0,0,0,0,0,0,0
1.3425393104553223,-1.0,0.0,0.0,0.0,0.0,0.0,0.0,0.0,0.0,0.03,0,0,0,0,0,0,0,0,0,0,0,0,0,0,0,0,0,0,0,0,0
1.3438665866851807,-1.0,0.0,0.0,0.0,0.0,0.0,0.0,0.0,0.0,0.03,0,0,0,0,0,0,0,0,0,0,0,0,0,0,0,0,0,0,0,0,0
1.3451542854309082,-1.0,0.0,0.0,0.0,0.0,0.0,0.0,0.0,0.0,0.03,0,0,0,0,0,0,0,0,0,0,0,0,0,0,0,0,0,0,0,0,0
1.3469645977020264,-1.0,0.0,0.0,0.0,0.0,0.0,0.0,0.0,0.0,0.03,0,0,0,0,0,0,0,0,0,0,0,0,0,0,0,0,0,0,0,0,0
1.3483974933624268,-1.0,0.0,0.0,0.0,0.0,0.0,0.0,0.0,0.0,0.03,0,0,0,0,0,0,0,0,0,0,0,0,0,0,0,0,0,0,0,0,0
1.3494892120361328,-1.0,0.0,0.0,0.0,0.0,0.0,0.0,0.0,0.0,0.03,0,0,0,0,0,0,0,0,0,0,0,0,0,0,0,0,0,0,0,0,0
1.3505840301513672,-1.0,0.0,0.0,0.0,0.0,0.0,0.0,0.0,0.0,0.03,0,0,0,0,0,0,0,0,0,0,0,0,0,0,0,0,0,0,0,0,0
1.3518714904785156,-1.0,0.0,0.0,0.0,0.0,0.0,0.0,0.0,0.0,0.03,0,0,0,0,0,0,0,0,0,0,0,0,0,0,0,0,0,0,0,0,0
1.3535363674163818,-1.0,0.0,0.0,0.0,0.0,0.0,0.0,0.0,0.0,0.03,0,0,0,0,0,0,0,0,0,0,0,0,0,0,0,0,0,0,0,0,0
1.3547651767730713,-1.0,0.0,0.0,0.0,0.0,0.0,0.0,0.0,0.0,0.03,0,0,0,0,0,0,0,0,0,0,0,0,0,0,0,0,0,0,0,0,0
1.356388807296753,-1.0,0.0,0.0,0.0,0.0,0.0,0.0,0.0,0.0,0.03,0,0,0,0,0,0,0,0,0,0,0,0,0,0,0,0,0,0,0,0,0
1.3576195240020752,-1.0,0.0,0.0,0.0,0.0,0.0,0.0,0.0,0.0,0.03,0,0,0,0,0,0,0,0,0,0,0,0,0,0,0,0,0,0,0,0,0
1.3613343238830566,-1.0,0.0,0.0,0.0,0.0,0.0,0.0,0.0,0.0,0.03,0,0,0,0,0,0,0,0,0,0,0,0,0,0,0,0,0,0,0,0,0
1.3626165390014648,-1.0,0.0,0.0,0.0,0.0,0.0,0.0,0.0,0.0,0.03,0,0,0,0,0,0,0,0,0,0,0,0,0,0,0,0,0,0,0,0,0
1.364673137664795,-1.0,0.0,0.0,0.0,0.0,0.0,0.0,0.0,0.0,0.03,0,0,0,0,0,0,0,0,0,0,0,0,0,0,0,0,0,0,0,0,0
1.3667171001434326,-1.0,0.0,0.0,0.0,0.0,0.0,0.0,0.0,0.0,0.03,0,0,0,0,0,0,0,0,0,0,0,0,0,0,0,0,0,0,0,0,0
1.3682396411895752,-1.0,0.0,0.0,0.0,0.0,0.0,0.0,0.0,0.0,0.03,0,0,0,0,0,0,0,0,0,0,0,0,0,0,0,0,0,0,0,0,0
1.369339942932129,-1.0,0.0,0.0,0.0,0.0,0.0,0.0,0.0,0.0,0.03,0,0,0,0,0,0,0,0,0,0,0,0,0,0,0,0,0,0,0,0,0
1.370638370513916,-1.0,0.0,0.0,0.0,0.0,0.0,0.0,0.0,0.0,0.03,0,0,0,0,0,0,0,0,0,0,0,0,0,0,0,0,0,0,0,0,0
1.3722829818725586,-1.0,0.0,0.0,0.0,0.0,0.0,0.0,0.0,0.0,0.03,0,0,0,0,0,0,0,0,0,0,0,0,0,0,0,0,0,0,0,0,0
1.3734729290008545,-1.0,0.0,0.0,0.0,0.0,0.0,0.0,0.0,0.0,0.03,0,0,0,0,0,0,0,0,0,0,0,0,0,0,0,0,0,0,0,0,0
1.3748013973236084,-1.0,0.0,0.0,0.0,0.0,0.0,0.0,0.0,0.0,0.03,0,0,0,0,0,0,0,0,0,0,0,0,0,0,0,0,0,0,0,0,0
1.3759028911590576,-1.0,0.0,0.0,0.0,0.0,0.0,0.0,0.0,0.0,0.03,0,0,0,0,0,0,0,0,0,0,0,0,0,0,0,0,0,0,0,0,0
1.3771235942840576,-1.0,0.0,0.0,0.0,0.0,0.0,0.0,0.0,0.0,0.03,0,0,0,0,0,0,0,0,0,0,0,0,0,0,0,0,0,0,0,0,0
1.3782446384429932,-1.0,0.0,0.0,0.0,0.0,0.0,0.0,0.0,0.0,0.03,0,0,0,0,0,0,0,0,0,0,0,0,0,0,0,0,0,0,0,0,0
1.3793447017669678,-1.0,0.0,0.0,0.0,0.0,0.0,0.0,0.0,0.0,0.03,0,0,0,0,0,0,0,0,0,0,0,0,0,0,0,0,0,0,0,0,0
1.3805761337280273,-1.0,0.0,0.0,0.0,0.0,0.0,0.0,0.0,0.0,0.03,0,0,0,0,0,0,0,0,0,0,0,0,0,0,0,0,0,0,0,0,0
1.381688117980957,-1.0,0.0,0.0,0.0,0.0,0.0,0.0,0.0,0.0,0.03,0,0,0,0,0,0,0,0,0,0,0,0,0,0,0,0,0,0,0,0,0
1.3831541538238525,-1.0,0.0,0.0,0.0,0.0,0.0,0.0,0.0,0.0,0.03,0,0,0,0,0,0,0,0,0,0,0,0,0,0,0,0,0,0,0,0,0
1.3842649459838867,-1.0,0.0,0.0,0.0,0.0,0.0,0.0,0.0,0.0,0.03,0,0,0,0,0,0,0,0,0,0,0,0,0,0,0,0,0,0,0,0,0
1.3853511810302734,-1.0,0.0,0.0,0.0,0.0,0.0,0.0,0.0,0.0,0.03,0,0,0,0,0,0,0,0,0,0,0,0,0,0,0,0,0,0,0,0,0
1.3864476680755615,-1.0,0.0,0.0,0.0,0.0,0.0,0.0,0.0,0.0,0.03,0,0,0,0,0,0,0,0,0,0,0,0,0,0,0,0,0,0,0,0,0
1.3894927501678467,-1.0,0.0,0.0,0.0,0.0,0.0,0.0,0.0,0.0,0.03,0,0,0,0,0,0,0,0,0,0,0,0,0,0,0,0,0,0,0,0,0
1.390627384185791,-1.0,0.0,0.0,0.0,0.0,0.0,0.0,0.0,0.0,0.03,0,0,0,0,0,0,0,0,0,0,0,0,0,0,0,0,0,0,0,0,0
1.391749382019043,-1.0,0.0,0.0,0.0,0.0,0.0,0.0,0.0,0.0,0.03,0,0,0,0,0,0,0,0,0,0,0,0,0,0,0,0,0,0,0,0,0
1.394042730331421,-1.0,0.0,0.0,0.0,0.0,0.0,0.0,0.0,0.0,0.03,0,0,0,0,0,0,0,0,0,0,0,0,0,0,0,0,0,0,0,0,0
1.3956925868988037,-1.0,0.0,0.0,0.0,0.0,0.0,0.0,0.0,0.0,0.03,0,0,0,0,0,0,0,0,0,0,0,0,0,0,0,0,0,0,0,0,0
1.3969213962554932,-1.0,0.0,0.0,0.0,0.0,0.0,0.0,0.0,0.0,0.03,0,0,0,0,0,0,0,0,0,0,0,0,0,0,0,0,0,0,0,0,0
1.3984637260437012,-1.0,0.0,0.0,0.0,0.0,0.0,0.0,0.0,0.0,0.03,0,0,0,0,0,0,0,0,0,0,0,0,0,0,0,0,0,0,0,0,0
1.3999884128570557,-1.0,0.0,0.0,0.0,0.0,0.0,0.0,0.0,0.0,0.03,0,0,0,0,0,0,0,0,0,0,0,0,0,0,0,0,0,0,0,0,0
1.4013519287109375,-1.0,0.0,0.0,0.0,0.0,0.0,0.0,0.0,0.0,0.03,0,0,0,0,0,0,0,0,0,0,0,0,0,0,0,0,0,0,0,0,0
1.402510643005371,-1.0,0.0,0.0,0.0,0.0,0.0,0.0,0.0,0.0,0.03,0,0,0,0,0,0,0,0,0,0,0,0,0,0,0,0,0,0,0,0,0
1.4035964012145996,-1.0,0.0,0.0,0.0,0.0,0.0,0.0,0.0,0.0,0.03,0,0,0,0,0,0,0,0,0,0,0,0,0,0,0,0,0,0,0,0,0
1.404848337173462,-1.0,0.0,0.0,0.0,0.0,0.0,0.0,0.0,0.0,0.03,0,0,0,0,0,0,0,0,0,0,0,0,0,0,0,0,0,0,0,0,0
1.4059350490570068,-1.0,0.0,0.0,0.0,0.0,0.0,0.0,0.0,0.0,0.03,0,0,0,0,0,0,0,0,0,0,0,0,0,0,0,0,0,0,0,0,0
1.4073290824890137,-1.0,0.0,0.0,0.0,0.0,0.0,0.0,0.0,0.0,0.03,0,0,0,0,0,0,0,0,0,0,0,0,0,0,0,0,0,0,0,0,0
1.4089477062225342,-1.0,0.0,0.0,0.0,0.0,0.0,0.0,0.0,0.0,0.03,0,0,0,0,0,0,0,0,0,0,0,0,0,0,0,0,0,0,0,0,0
1.4100961685180664,-1.0,0.0,0.0,0.0,0.0,0.0,0.0,0.0,0.0,0.03,0,0,0,0,0,0,0,0,0,0,0,0,0,0,0,0,0,0,0,0,0
1.411485195159912,-1.0,0.0,0.0,0.0,0.0,0.0,0.0,0.0,0.0,0.03,0,0,0,0,0,0,0,0,0,0,0,0,0,0,0,0,0,0,0,0,0
1.4132616519927979,-1.0,0.0,0.0,0.0,0.0,0.0,0.0,0.0,0.0,0.03,0,0,0,0,0,0,0,0,0,0,0,0,0,0,0,0,0,0,0,0,0
1.4148108959197998,-1.0,0.0,0.0,0.0,0.0,0.0,0.0,0.0,0.0,0.03,0,0,0,0,0,0,0,0,0,0,0,0,0,0,0,0,0,0,0,0,0
1.4160330295562744,-1.0,0.0,0.0,0.0,0.0,0.0,0.0,0.0,0.0,0.03,0,0,0,0,0,0,0,0,0,0,0,0,0,0,0,0,0,0,0,0,0
1.4176499843597412,-1.0,0.0,0.0,0.0,0.0,0.0,0.0,0.0,0.0,0.03,0,0,0,0,0,0,0,0,0,0,0,0,0,0,0,0,0,0,0,0,0
1.4189131259918213,-1.0,0.0,0.0,0.0,0.0,0.0,0.0,0.0,0.0,0.03,0,0,0,0,0,0,0,0,0,0,0,0,0,0,0,0,0,0,0,0,0
1.4211289882659912,-1.0,0.0,0.0,0.0,0.0,0.0,0.0,0.0,0.0,0.03,0,0,0,0,0,0,0,0,0,0,0,0,0,0,0,0,0,0,0,0,0
1.422661542892456,-1.0,0.0,0.0,0.0,0.0,0.0,0.0,0.0,0.0,0.03,0,0,0,0,0,0,0,0,0,0,0,0,0,0,0,0,0,0,0,0,0
1.4241290092468262,-1.0,0.0,0.0,0.0,0.0,0.0,0.0,0.0,0.0,0.03,0,0,0,0,0,0,0,0,0,0,0,0,0,0,0,0,0,0,0,0,0
1.426039218902588,-1.0,0.0,0.0,0.0,0.0,0.0,0.0,0.0,0.0,0.03,0,0,0,0,0,0,0,0,0,0,0,0,0,0,0,0,0,0,0,0,0
1.4277374744415283,-1.0,0.0,0.0,0.0,0.0,0.0,0.0,0.0,0.0,0.03,0,0,0,0,0,0,0,0,0,0,0,0,0,0,0,0,0,0,0,0,0
1.429621934890747,-1.0,0.0,0.0,0.0,0.0,0.0,0.0,0.0,0.0,0.03,0,0,0,0,0,0,0,0,0,0,0,0,0,0,0,0,0,0,0,0,0
1.4311301708221436,-1.0,0.0,0.0,0.0,0.0,0.0,0.0,0.0,0.0,0.03,0,0,0,0,0,0,0,0,0,0,0,0,0,0,0,0,0,0,0,0,0
1.4324650764465332,-1.0,0.0,0.0,0.0,0.0,0.0,0.0,0.0,0.0,0.03,0,0,0,0,0,0,0,0,0,0,0,0,0,0,0,0,0,0,0,0,0
1.4342725276947021,-1.0,0.0,0.0,0.0,0.0,0.0,0.0,0.0,0.0,0.03,0,0,0,0,0,0,0,0,0,0,0,0,0,0,0,0,0,0,0,0,0
1.436375617980957,-1.0,0.0,0.0,0.0,0.0,0.0,0.0,0.0,0.0,0.03,0,0,0,0,0,0,0,0,0,0,0,0,0,0,0,0,0,0,0,0,0
1.4374637603759766,-1.0,0.0,0.0,0.0,0.0,0.0,0.0,0.0,0.0,0.03,0,0,0,0,0,0,0,0,0,0,0,0,0,0,0,0,0,0,0,0,0
1.439021110534668,-1.0,0.0,0.0,0.0,0.0,0.0,0.0,0.0,0.0,0.03,0,0,0,0,0,0,0,0,0,0,0,0,0,0,0,0,0,0,0,0,0
1.4403555393218994,-1.0,0.0,0.0,0.0,0.0,0.0,0.0,0.0,0.0,0.03,0,0,0,0,0,0,0,0,0,0,0,0,0,0,0,0,0,0,0,0,0
1.4414770603179932,-1.0,0.0,0.0,0.0,0.0,0.0,0.0,0.0,0.0,0.03,0,0,0,0,0,0,0,0,0,0,0,0,0,0,0,0,0,0,0,0,0
1.4425883293151855,-1.0,0.0,0.0,0.0,0.0,0.0,0.0,0.0,0.0,0.03,0,0,0,0,0,0,0,0,0,0,0,0,0,0,0,0,0,0,0,0,0
1.4437406063079834,-1.0,0.0,0.0,0.0,0.0,0.0,0.0,0.0,0.0,0.03,0,0,0,0,0,0,0,0,0,0,0,0,0,0,0,0,0,0,0,0,0
1.4448268413543701,-1.0,0.0,0.0,0.0,0.0,0.0,0.0,0.0,0.0,0.03,0,0,0,0,0,0,0,0,0,0,0,0,0,0,0,0,0,0,0,0,0
1.447251319885254,-1.0,0.0,0.0,0.0,0.0,0.0,0.0,0.0,0.0,0.03,0,0,0,0,0,0,0,0,0,0,0,0,0,0,0,0,0,0,0,0,0
1.4489412307739258,-1.0,0.0,0.0,0.0,0.0,0.0,0.0,0.0,0.0,0.03,0,0,0,0,0,0,0,0,0,0,0,0,0,0,0,0,0,0,0,0,0
1.4520375728607178,-1.0,0.0,0.0,0.0,0.0,0.0,0.0,0.0,0.0,0.03,0,0,0,0,0,0,0,0,0,0,0,0,0,0,0,0,0,0,0,0,0
1.4531762599945068,-1.0,0.0,0.0,0.0,0.0,0.0,0.0,0.0,0.0,0.03,0,0,0,0,0,0,0,0,0,0,0,0,0,0,0,0,0,0,0,0,0
1.454310655593872,-1.0,0.0,0.0,0.0,0.0,0.0,0.0,0.0,0.0,0.03,0,0,0,0,0,0,0,0,0,0,0,0,0,0,0,0,0,0,0,0,0
1.4564745426177979,-1.0,0.0,0.0,0.0,0.0,0.0,0.0,0.0,0.0,0.03,0,0,0,0,0,0,0,0,0,0,0,0,0,0,0,0,0,0,0,0,0
1.458301067352295,-1.0,0.0,0.0,0.0,0.0,0.0,0.0,0.0,0.0,0.03,0,0,0,0,0,0,0,0,0,0,0,0,0,0,0,0,0,0,0,0,0
1.4595825672149658,-1.0,0.0,0.0,0.0,0.0,0.0,0.0,0.0,0.0,0.03,0,0,0,0,0,0,0,0,0,0,0,0,0,0,0,0,0,0,0,0,0
1.461184024810791,-1.0,0.0,0.0,0.0,0.0,0.0,0.0,0.0,0.0,0.03,0,0,0,0,0,0,0,0,0,0,0,0,0,0,0,0,0,0,0,0,0
1.462327480316162,-1.0,0.0,0.0,0.0,0.0,0.0,0.0,0.0,0.0,0.03,0,0,0,0,0,0,0,0,0,0,0,0,0,0,0,0,0,0,0,0,0
1.4633915424346924,-1.0,0.0,0.0,0.0,0.0,0.0,0.0,0.0,0.0,0.03,0,0,0,0,0,0,0,0,0,0,0,0,0,0,0,0,0,0,0,0,0
1.464568853378296,-1.0,0.0,0.0,0.0,0.0,0.0,0.0,0.0,0.0,0.03,0,0,0,0,0,0,0,0,0,0,0,0,0,0,0,0,0,0,0,0,0
1.4657018184661865,-1.0,0.0,0.0,0.0,0.0,0.0,0.0,0.0,0.0,0.03,0,0,0,0,0,0,0,0,0,0,0,0,0,0,0,0,0,0,0,0,0
1.4667656421661377,-1.0,0.0,0.0,0.0,0.0,0.0,0.0,0.0,0.0,0.03,0,0,0,0,0,0,0,0,0,0,0,0,0,0,0,0,0,0,0,0,0
1.4678590297698975,-1.0,0.0,0.0,0.0,0.0,0.0,0.0,0.0,0.0,0.03,0,0,0,0,0,0,0,0,0,0,0,0,0,0,0,0,0,0,0,0,0
1.4692256450653076,-1.0,0.0,0.0,0.0,0.0,0.0,0.0,0.0,0.0,0.03,0,0,0,0,0,0,0,0,0,0,0,0,0,0,0,0,0,0,0,0,0
1.47035813331604,-1.0,0.0,0.0,0.0,0.0,0.0,0.0,0.0,0.0,0.03,0,0,0,0,0,0,0,0,0,0,0,0,0,0,0,0,0,0,0,0,0
1.4724249839782715,-1.0,0.0,0.0,0.0,0.0,0.0,0.0,0.0,0.0,0.03,0,0,0,0,0,0,0,0,0,0,0,0,0,0,0,0,0,0,0,0,0
1.4736332893371582,-1.0,0.0,0.0,0.0,0.0,0.0,0.0,0.0,0.0,0.03,0,0,0,0,0,0,0,0,0,0,0,0,0,0,0,0,0,0,0,0,0
1.474780797958374,-1.0,0.0,0.0,0.0,0.0,0.0,0.0,0.0,0.0,0.03,0,0,0,0,0,0,0,0,0,0,0,0,0,0,0,0,0,0,0,0,0
1.476198673248291,-1.0,0.0,0.0,0.0,0.0,0.0,0.0,0.0,0.0,0.03,0,0,0,0,0,0,0,0,0,0,0,0,0,0,0,0,0,0,0,0,0
1.4773995876312256,-1.0,0.0,0.0,0.0,0.0,0.0,0.0,0.0,0.0,0.03,0,0,0,0,0,0,0,0,0,0,0,0,0,0,0,0,0,0,0,0,0
1.4785642623901367,-1.0,0.0,0.0,0.0,0.0,0.0,0.0,0.0,0.0,0.03,0,0,0,0,0,0,0,0,0,0,0,0,0,0,0,0,0,0,0,0,0
1.4797887802124023,-1.0,0.0,0.0,0.0,0.0,0.0,0.0,0.0,0.0,0.03,0,0,0,0,0,0,0,0,0,0,0,0,0,0,0,0,0,0,0,0,0
1.4814295768737793,-1.0,0.0,0.0,0.0,0.0,0.0,0.0,0.0,0.0,0.03,0,0,0,0,0,0,0,0,0,0,0,0,0,0,0,0,0,0,0,0,0
1.482597827911377,-1.0,0.0,0.0,0.0,0.0,0.0,0.0,0.0,0.0,0.03,0,0,0,0,0,0,0,0,0,0,0,0,0,0,0,0,0,0,0,0,0
1.483673334121704,-1.0,0.0,0.0,0.0,0.0,0.0,0.0,0.0,0.0,0.03,0,0,0,0,0,0,0,0,0,0,0,0,0,0,0,0,0,0,0,0,0
1.486816644668579,-1.0,0.0,0.0,0.0,0.0,0.0,0.0,0.0,0.0,0.03,0,0,0,0,0,0,0,0,0,0,0,0,0,0,0,0,0,0,0,0,0
1.4884135723114014,-1.0,0.0,0.0,0.0,0.0,0.0,0.0,0.0,0.0,0.03,0,0,0,0,0,0,0,0,0,0,0,0,0,0,0,0,0,0,0,0,0
1.4904417991638184,-1.0,0.0,0.0,0.0,0.0,0.0,0.0,0.0,0.0,0.03,0,0,0,0,0,0,0,0,0,0,0,0,0,0,0,0,0,0,0,0,0
1.4915618896484375,-1.0,0.0,0.0,0.0,0.0,0.0,0.0,0.0,0.0,0.03,0,0,0,0,0,0,0,0,0,0,0,0,0,0,0,0,0,0,0,0,0
1.4943125247955322,-1.0,0.0,0.0,0.0,0.0,0.0,0.0,0.0,0.0,0.03,0,0,0,0,0,0,0,0,0,0,0,0,0,0,0,0,0,0,0,0,0
1.495875597000122,-1.0,0.0,0.0,0.0,0.0,0.0,0.0,0.0,0.0,0.03,0,0,0,0,0,0,0,0,0,0,0,0,0,0,0,0,0,0,0,0,0
1.497265338897705,-1.0,0.0,0.0,0.0,0.0,0.0,0.0,0.0,0.0,0.03,0,0,0,0,0,0,0,0,0,0,0,0,0,0,0,0,0,0,0,0,0
1.4984240531921387,-1.0,0.0,0.0,0.0,0.0,0.0,0.0,0.0,0.0,0.03,0,0,0,0,0,0,0,0,0,0,0,0,0,0,0,0,0,0,0,0,0
1.499741554260254,-1.0,0.0,0.0,0.0,0.0,0.0,0.0,0.0,0.0,0.03,0,0,0,0,0,0,0,0,0,0,0,0,0,0,0,0,0,0,0,0,0
1.5009117126464844,-1.0,0.0,0.0,0.0,0.0,0.0,0.0,0.0,0.0,0.03,0,0,0,0,0,0,0,0,0,0,0,0,0,0,0,0,0,0,0,0,0
1.5019729137420654,-1.0,0.0,0.0,0.0,0.0,0.0,0.0,0.0,0.0,0.03,0,0,0,0,0,0,0,0,0,0,0,0,0,0,0,0,0,0,0,0,0
1.5030665397644043,-1.0,0.0,0.0,0.0,0.0,0.0,0.0,0.0,0.0,0.03,0,0,0,0,0,0,0,0,0,0,0,0,0,0,0,0,0,0,0,0,0
1.5043141841888428,-1.0,0.0,0.0,0.0,0.0,0.0,0.0,0.0,0.0,0.03,0,0,0,0,0,0,0,0,0,0,0,0,0,0,0,0,0,0,0,0,0
1.5054023265838623,-1.0,0.0,0.0,0.0,0.0,0.0,0.0,0.0,0.0,0.03,0,0,0,0,0,0,0,0,0,0,0,0,0,0,0,0,0,0,0,0,0
1.5065321922302246,-1.0,0.0,0.0,0.0,0.0,0.0,0.0,0.0,0.0,0.03,0,0,0,0,0,0,0,0,0,0,0,0,0,0,0,0,0,0,0,0,0
1.5076587200164795,-1.0,0.0,0.0,0.0,0.0,0.0,0.0,0.0,0.0,0.03,0,0,0,0,0,0,0,0,0,0,0,0,0,0,0,0,0,0,0,0,0
1.508803129196167,-1.0,0.0,0.0,0.0,0.0,0.0,0.0,0.0,0.0,0.03,0,0,0,0,0,0,0,0,0,0,0,0,0,0,0,0,0,0,0,0,0
1.5100796222686768,-1.0,0.0,0.0,0.0,0.0,0.0,0.0,0.0,0.0,0.03,0,0,0,0,0,0,0,0,0,0,0,0,0,0,0,0,0,0,0,0,0
1.5114562511444092,-1.0,0.0,0.0,0.0,0.0,0.0,0.0,0.0,0.0,0.03,0,0,0,0,0,0,0,0,0,0,0,0,0,0,0,0,0,0,0,0,0
1.5131161212921143,-1.0,0.0,0.0,0.0,0.0,0.0,0.0,0.0,0.0,0.03,0,0,0,0,0,0,0,0,0,0,0,0,0,0,0,0,0,0,0,0,0
1.514350414276123,-1.0,0.0,0.0,0.0,0.0,0.0,0.0,0.0,0.0,0.03,0,0,0,0,0,0,0,0,0,0,0,0,0,0,0,0,0,0,0,0,0
1.5165047645568848,-1.0,0.0,0.0,0.0,0.0,0.0,0.0,0.0,0.0,0.03,0,0,0,0,0,0,0,0,0,0,0,0,0,0,0,0,0,0,0,0,0
1.5176372528076172,-1.0,0.0,0.0,0.0,0.0,0.0,0.0,0.0,0.0,0.03,0,0,0,0,0,0,0,0,0,0,0,0,0,0,0,0,0,0,0,0,0
1.518733024597168,-1.0,0.0,0.0,0.0,0.0,0.0,0.0,0.0,0.0,0.03,0,0,0,0,0,0,0,0,0,0,0,0,0,0,0,0,0,0,0,0,0
1.5205161571502686,-1.0,0.0,0.0,0.0,0.0,0.0,0.0,0.0,0.0,0.03,0,0,0,0,0,0,0,0,0,0,0,0,0,0,0,0,0,0,0,0,0
1.5217773914337158,-1.0,0.0,0.0,0.0,0.0,0.0,0.0,0.0,0.0,0.03,0,0,0,0,0,0,0,0,0,0,0,0,0,0,0,0,0,0,0,0,0
1.522923469543457,-1.0,0.0,0.0,0.0,0.0,0.0,0.0,0.0,0.0,0.03,0,0,0,0,0,0,0,0,0,0,0,0,0,0,0,0,0,0,0,0,0
1.524139642715454,-1.0,0.0,0.0,0.0,0.0,0.0,0.0,0.0,0.0,0.03,0,0,0,0,0,0,0,0,0,0,0,0,0,0,0,0,0,0,0,0,0
1.5254499912261963,-1.0,0.0,0.0,0.0,0.0,0.0,0.0,0.0,0.0,0.03,0,0,0,0,0,0,0,0,0,0,0,0,0,0,0,0,0,0,0,0,0
1.526970386505127,-1.0,0.0,0.0,0.0,0.0,0.0,0.0,0.0,0.0,0.03,0,0,0,0,0,0,0,0,0,0,0,0,0,0,0,0,0,0,0,0,0
1.5280723571777344,-1.0,0.0,0.0,0.0,0.0,0.0,0.0,0.0,0.0,0.03,0,0,0,0,0,0,0,0,0,0,0,0,0,0,0,0,0,0,0,0,0
1.5293803215026855,-1.0,0.0,0.0,0.0,0.0,0.0,0.0,0.0,0.0,0.03,0,0,0,0,0,0,0,0,0,0,0,0,0,0,0,0,0,0,0,0,0
1.5304677486419678,-1.0,0.0,0.0,0.0,0.0,0.0,0.0,0.0,0.0,0.03,0,0,0,0,0,0,0,0,0,0,0,0,0,0,0,0,0,0,0,0,0
1.531764268875122,-1.0,0.0,0.0,0.0,0.0,0.0,0.0,0.0,0.0,0.03,0,0,0,0,0,0,0,0,0,0,0,0,0,0,0,0,0,0,0,0,0
1.532994270324707,-1.0,0.0,0.0,0.0,0.0,0.0,0.0,0.0,0.0,0.03,0,0,0,0,0,0,0,0,0,0,0,0,0,0,0,0,0,0,0,0,0
1.5352628231048584,-1.0,0.0,0.0,0.0,0.0,0.0,0.0,0.0,0.0,0.03,0,0,0,0,0,0,0,0,0,0,0,0,0,0,0,0,0,0,0,0,0
1.5365872383117676,-1.0,0.0,0.0,0.0,0.0,0.0,0.0,0.0,0.0,0.03,0,0,0,0,0,0,0,0,0,0,0,0,0,0,0,0,0,0,0,0,0
1.5379464626312256,-1.0,0.0,0.0,0.0,0.0,0.0,0.0,0.0,0.0,0.03,0,0,0,0,0,0,0,0,0,0,0,0,0,0,0,0,0,0,0,0,0
1.5399916172027588,-1.0,0.0,0.0,0.0,0.0,0.0,0.0,0.0,0.0,0.03,0,0,0,0,0,0,0,0,0,0,0,0,0,0,0,0,0,0,0,0,0
1.54130220413208,-1.0,0.0,0.0,0.0,0.0,0.0,0.0,0.0,0.0,0.03,0,0,0,0,0,0,0,0,0,0,0,0,0,0,0,0,0,0,0,0,0
1.5425324440002441,-1.0,0.0,0.0,0.0,0.0,0.0,0.0,0.0,0.0,0.03,0,0,0,0,0,0,0,0,0,0,0,0,0,0,0,0,0,0,0,0,0
1.544546127319336,-1.0,0.0,0.0,0.0,0.0,0.0,0.0,0.0,0.0,0.03,0,0,0,0,0,0,0,0,0,0,0,0,0,0,0,0,0,0,0,0,0
1.5458214282989502,-1.0,0.0,0.0,0.0,0.0,0.0,0.0,0.0,0.0,0.03,0,0,0,0,0,0,0,0,0,0,0,0,0,0,0,0,0,0,0,0,0
1.5473434925079346,-1.0,0.0,0.0,0.0,0.0,0.0,0.0,0.0,0.0,0.03,0,0,0,0,0,0,0,0,0,0,0,0,0,0,0,0,0,0,0,0,0
1.548992395401001,-1.0,0.0,0.0,0.0,0.0,0.0,0.0,0.0,0.0,0.03,0,0,0,0,0,0,0,0,0,0,0,0,0,0,0,0,0,0,0,0,0
1.5505733489990234,-1.0,0.0,0.0,0.0,0.0,0.0,0.0,0.0,0.0,0.03,0,0,0,0,0,0,0,0,0,0,0,0,0,0,0,0,0,0,0,0,0
1.552419662475586,-1.0,0.0,0.0,0.0,0.0,0.0,0.0,0.0,0.0,0.03,0,0,0,0,0,0,0,0,0,0,0,0,0,0,0,0,0,0,0,0,0
1.5544559955596924,-1.0,0.0,0.0,0.0,0.0,0.0,0.0,0.0,0.0,0.03,0,0,0,0,0,0,0,0,0,0,0,0,0,0,0,0,0,0,0,0,0
1.5560545921325684,-1.0,0.0,0.0,0.0,0.0,0.0,0.0,0.0,0.0,0.03,0,0,0,0,0,0,0,0,0,0,0,0,0,0,0,0,0,0,0,0,0
1.5574769973754883,-1.0,0.0,0.0,0.0,0.0,0.0,0.0,0.0,0.0,0.03,0,0,0,0,0,0,0,0,0,0,0,0,0,0,0,0,0,0,0,0,0
1.558875322341919,-1.0,0.0,0.0,0.0,0.0,0.0,0.0,0.0,0.0,0.03,0,0,0,0,0,0,0,0,0,0,0,0,0,0,0,0,0,0,0,0,0
1.5610134601593018,-1.0,0.0,0.0,0.0,0.0,0.0,0.0,0.0,0.0,0.03,0,0,0,0,0,0,0,0,0,0,0,0,0,0,0,0,0,0,0,0,0
1.5631349086761475,-1.0,0.0,0.0,0.0,0.0,0.0,0.0,0.0,0.0,0.03,0,0,0,0,0,0,0,0,0,0,0,0,0,0,0,0,0,0,0,0,0
1.5642178058624268,-1.0,0.0,0.0,0.0,0.0,0.0,0.0,0.0,0.0,0.03,0,0,0,0,0,0,0,0,0,0,0,0,0,0,0,0,0,0,0,0,0
1.5654830932617188,-1.0,0.0,0.0,0.0,0.0,0.0,0.0,0.0,0.0,0.03,0,0,0,0,0,0,0,0,0,0,0,0,0,0,0,0,0,0,0,0,0
1.5671632289886475,-1.0,0.0,0.0,0.0,0.0,0.0,0.0,0.0,0.0,0.03,0,0,0,0,0,0,0,0,0,0,0,0,0,0,0,0,0,0,0,0,0
1.5683317184448242,-1.0,0.0,0.0,0.0,0.0,0.0,0.0,0.0,0.0,0.03,0,0,0,0,0,0,0,0,0,0,0,0,0,0,0,0,0,0,0,0,0
1.5694477558135986,-1.0,0.0,0.0,0.0,0.0,0.0,0.0,0.0,0.0,0.03,0,0,0,0,0,0,0,0,0,0,0,0,0,0,0,0,0,0,0,0,0
1.5705921649932861,-1.0,0.0,0.0,0.0,0.0,0.0,0.0,0.0,0.0,0.03,0,0,0,0,0,0,0,0,0,0,0,0,0,0,0,0,0,0,0,0,0
1.5717270374298096,-1.0,0.0,0.0,0.0,0.0,0.0,0.0,0.0,0.0,0.03,0,0,0,0,0,0,0,0,0,0,0,0,0,0,0,0,0,0,0,0,0
1.5733873844146729,-1.0,0.0,0.0,0.0,0.0,0.0,0.0,0.0,0.0,0.03,0,0,0,0,0,0,0,0,0,0,0,0,0,0,0,0,0,0,0,0,0
1.5749893188476562,-1.0,0.0,0.0,0.0,0.0,0.0,0.0,0.0,0.0,0.03,0,0,0,0,0,0,0,0,0,0,0,0,0,0,0,0,0,0,0,0,0
1.5767967700958252,-1.0,0.0,0.0,0.0,0.0,0.0,0.0,0.0,0.0,0.03,0,0,0,0,0,0,0,0,0,0,0,0,0,0,0,0,0,0,0,0,0
1.5784096717834473,-1.0,0.0,0.0,0.0,0.0,0.0,0.0,0.0,0.0,0.03,0,0,0,0,0,0,0,0,0,0,0,0,0,0,0,0,0,0,0,0,0
1.5795893669128418,-1.0,0.0,0.0,0.0,0.0,0.0,0.0,0.0,0.0,0.03,0,0,0,0,0,0,0,0,0,0,0,0,0,0,0,0,0,0,0,0,0
1.5806758403778076,-1.0,0.0,0.0,0.0,0.0,0.0,0.0,0.0,0.0,0.03,0,0,0,0,0,0,0,0,0,0,0,0,0,0,0,0,0,0,0,0,0
1.5833702087402344,-1.0,0.0,0.0,0.0,0.0,0.0,0.0,0.0,0.0,0.03,0,0,0,0,0,0,0,0,0,0,0,0,0,0,0,0,0,0,0,0,0
1.5847604274749756,-1.0,0.0,0.0,0.0,0.0,0.0,0.0,0.0,0.0,0.03,0,0,0,0,0,0,0,0,0,0,0,0,0,0,0,0,0,0,0,0,0
1.5860342979431152,-1.0,0.0,0.0,0.0,0.0,0.0,0.0,0.0,0.0,0.03,0,0,0,0,0,0,0,0,0,0,0,0,0,0,0,0,0,0,0,0,0
1.587608814239502,-1.0,0.0,0.0,0.0,0.0,0.0,0.0,0.0,0.0,0.03,0,0,0,0,0,0,0,0,0,0,0,0,0,0,0,0,0,0,0,0,0
1.5891265869140625,-1.0,0.0,0.0,0.0,0.0,0.0,0.0,0.0,0.0,0.03,0,0,0,0,0,0,0,0,0,0,0,0,0,0,0,0,0,0,0,0,0
1.5903301239013672,-1.0,0.0,0.0,0.0,0.0,0.0,0.0,0.0,0.0,0.03,0,0,0,0,0,0,0,0,0,0,0,0,0,0,0,0,0,0,0,0,0
1.5916268825531006,-1.0,0.0,0.0,0.0,0.0,0.0,0.0,0.0,0.0,0.03,0,0,0,0,0,0,0,0,0,0,0,0,0,0,0,0,0,0,0,0,0
1.5927138328552246,-1.0,0.0,0.0,0.0,0.0,0.0,0.0,0.0,0.0,0.03,0,0,0,0,0,0,0,0,0,0,0,0,0,0,0,0,0,0,0,0,0
1.5942866802215576,-1.0,0.0,0.0,0.0,0.0,0.0,0.0,0.0,0.0,0.03,0,0,0,0,0,0,0,0,0,0,0,0,0,0,0,0,0,0,0,0,0
1.595844030380249,-1.0,0.0,0.0,0.0,0.0,0.0,0.0,0.0,0.0,0.03,0,0,0,0,0,0,0,0,0,0,0,0,0,0,0,0,0,0,0,0,0
1.5970549583435059,-1.0,0.0,0.0,0.0,0.0,0.0,0.0,0.0,0.0,0.03,0,0,0,0,0,0,0,0,0,0,0,0,0,0,0,0,0,0,0,0,0
1.5983264446258545,-1.0,0.0,0.0,0.0,0.0,0.0,0.0,0.0,0.0,0.03,0,0,0,0,0,0,0,0,0,0,0,0,0,0,0,0,0,0,0,0,0
1.5994327068328857,-1.0,0.0,0.0,0.0,0.0,0.0,0.0,0.0,0.0,0.03,0,0,0,0,0,0,0,0,0,0,0,0,0,0,0,0,0,0,0,0,0
1.6008453369140625,-1.0,0.0,0.0,0.0,0.0,0.0,0.0,0.0,0.0,0.03,0,0,0,0,0,0,0,0,0,0,0,0,0,0,0,0,0,0,0,0,0
1.6031630039215088,-1.0,0.0,0.0,0.0,0.0,0.0,0.0,0.0,0.0,0.03,0,0,0,0,0,0,0,0,0,0,0,0,0,0,0,0,0,0,0,0,0
1.6043128967285156,-1.0,0.0,0.0,0.0,0.0,0.0,0.0,0.0,0.0,0.03,0,0,0,0,0,0,0,0,0,0,0,0,0,0,0,0,0,0,0,0,0
1.605574131011963,-1.0,0.0,0.0,0.0,0.0,0.0,0.0,0.0,0.0,0.03,0,0,0,0,0,0,0,0,0,0,0,0,0,0,0,0,0,0,0,0,0
1.6081483364105225,-1.0,0.0,0.0,0.0,0.0,0.0,0.0,0.0,0.0,0.03,0,0,0,0,0,0,0,0,0,0,0,0,0,0,0,0,0,0,0,0,0
1.6092329025268555,-1.0,0.0,0.0,0.0,0.0,0.0,0.0,0.0,0.0,0.03,0,0,0,0,0,0,0,0,0,0,0,0,0,0,0,0,0,0,0,0,0
1.6125192642211914,-1.0,0.0,0.0,0.0,0.0,0.0,0.0,0.0,0.0,0.03,0,0,0,0,0,0,0,0,0,0,0,0,0,0,0,0,0,0,0,0,0
1.6140320301055908,-1.0,0.0,0.0,0.0,0.0,0.0,0.0,0.0,0.0,0.03,0,0,0,0,0,0,0,0,0,0,0,0,0,0,0,0,0,0,0,0,0
1.6156034469604492,-1.0,0.0,0.0,0.0,0.0,0.0,0.0,0.0,0.0,0.03,0,0,0,0,0,0,0,0,0,0,0,0,0,0,0,0,0,0,0,0,0
1.6182913780212402,-1.0,0.0,0.0,0.0,0.0,0.0,0.0,0.0,0.0,0.03,0,0,0,0,0,0,0,0,0,0,0,0,0,0,0,0,0,0,0,0,0
1.619523286819458,-1.0,0.0,0.0,0.0,0.0,0.0,0.0,0.0,0.0,0.03,0,0,0,0,0,0,0,0,0,0,0,0,0,0,0,0,0,0,0,0,0
1.620995283126831,-1.0,0.0,0.0,0.0,0.0,0.0,0.0,0.0,0.0,0.03,0,0,0,0,0,0,0,0,0,0,0,0,0,0,0,0,0,0,0,0,0
1.622300386428833,-1.0,0.0,0.0,0.0,0.0,0.0,0.0,0.0,0.0,0.03,0,0,0,0,0,0,0,0,0,0,0,0,0,0,0,0,0,0,0,0,0
1.6248273849487305,-1.0,0.0,0.0,0.0,0.0,0.0,0.0,0.0,0.0,0.03,0,0,0,0,0,0,0,0,0,0,0,0,0,0,0,0,0,0,0,0,0
1.626619815826416,-1.0,0.0,0.0,0.0,0.0,0.0,0.0,0.0,0.0,0.03,0,0,0,0,0,0,0,0,0,0,0,0,0,0,0,0,0,0,0,0,0
1.6280059814453125,-1.0,0.0,0.0,0.0,0.0,0.0,0.0,0.0,0.0,0.03,0,0,0,0,0,0,0,0,0,0,0,0,0,0,0,0,0,0,0,0,0
1.6292405128479004,-1.0,0.0,0.0,0.0,0.0,0.0,0.0,0.0,0.0,0.03,0,0,0,0,0,0,0,0,0,0,0,0,0,0,0,0,0,0,0,0,0
1.630608320236206,-1.0,0.0,0.0,0.0,0.0,0.0,0.0,0.0,0.0,0.03,0,0,0,0,0,0,0,0,0,0,0,0,0,0,0,0,0,0,0,0,0
1.631744623184204,-1.0,0.0,0.0,0.0,0.0,0.0,0.0,0.0,0.0,0.03,0,0,0,0,0,0,0,0,0,0,0,0,0,0,0,0,0,0,0,0,0
1.6328704357147217,-1.0,0.0,0.0,0.0,0.0,0.0,0.0,0.0,0.0,0.03,0,0,0,0,0,0,0,0,0,0,0,0,0,0,0,0,0,0,0,0,0
1.633988618850708,-1.0,0.0,0.0,0.0,0.0,0.0,0.0,0.0,0.0,0.03,0,0,0,0,0,0,0,0,0,0,0,0,0,0,0,0,0,0,0,0,0
1.635176658630371,-1.0,0.0,0.0,0.0,0.0,0.0,0.0,0.0,0.0,0.03,0,0,0,0,0,0,0,0,0,0,0,0,0,0,0,0,0,0,0,0,0
1.636925220489502,-1.0,0.0,0.0,0.0,0.0,0.0,0.0,0.0,0.0,0.03,0,0,0,0,0,0,0,0,0,0,0,0,0,0,0,0,0,0,0,0,0
1.6384952068328857,-1.0,0.0,0.0,0.0,0.0,0.0,0.0,0.0,0.0,0.03,0,0,0,0,0,0,0,0,0,0,0,0,0,0,0,0,0,0,0,0,0
1.6419098377227783,-1.0,0.0,0.0,0.0,0.0,0.0,0.0,0.0,0.0,0.03,0,0,0,0,0,0,0,0,0,0,0,0,0,0,0,0,0,0,0,0,0
1.6430974006652832,-1.0,0.0,0.0,0.0,0.0,0.0,0.0,0.0,0.0,0.03,0,0,0,0,0,0,0,0,0,0,0,0,0,0,0,0,0,0,0,0,0
1.6445200443267822,-1.0,0.0,0.0,0.0,0.0,0.0,0.0,0.0,0.0,0.03,0,0,0,0,0,0,0,0,0,0,0,0,0,0,0,0,0,0,0,0,0
1.6459977626800537,-1.0,0.0,0.0,0.0,0.0,0.0,0.0,0.0,0.0,0.03,0,0,0,0,0,0,0,0,0,0,0,0,0,0,0,0,0,0,0,0,0
1.6481387615203857,-1.0,0.0,0.0,0.0,0.0,0.0,0.0,0.0,0.0,0.03,0,0,0,0,0,0,0,0,0,0,0,0,0,0,0,0,0,0,0,0,0
1.6499099731445312,-1.0,0.0,0.0,0.0,0.0,0.0,0.0,0.0,0.0,0.03,0,0,0,0,0,0,0,0,0,0,0,0,0,0,0,0,0,0,0,0,0
1.6511547565460205,-1.0,0.0,0.0,0.0,0.0,0.0,0.0,0.0,0.0,0.03,0,0,0,0,0,0,0,0,0,0,0,0,0,0,0,0,0,0,0,0,0
1.6522424221038818,-1.0,0.0,0.0,0.0,0.0,0.0,0.0,0.0,0.0,0.03,0,0,0,0,0,0,0,0,0,0,0,0,0,0,0,0,0,0,0,0,0
1.6534755229949951,-1.0,0.0,0.0,0.0,0.0,0.0,0.0,0.0,0.0,0.03,0,0,0,0,0,0,0,0,0,0,0,0,0,0,0,0,0,0,0,0,0
1.6545886993408203,-1.0,0.0,0.0,0.0,0.0,0.0,0.0,0.0,0.0,0.03,0,0,0,0,0,0,0,0,0,0,0,0,0,0,0,0,0,0,0,0,0
1.6556851863861084,-1.0,0.0,0.0,0.0,0.0,0.0,0.0,0.0,0.0,0.03,0,0,0,0,0,0,0,0,0,0,0,0,0,0,0,0,0,0,0,0,0
1.6567730903625488,-1.0,0.0,0.0,0.0,0.0,0.0,0.0,0.0,0.0,0.03,0,0,0,0,0,0,0,0,0,0,0,0,0,0,0,0,0,0,0,0,0
1.6587886810302734,-1.0,0.0,0.0,0.0,0.0,0.0,0.0,0.0,0.0,0.03,0,0,0,0,0,0,0,0,0,0,0,0,0,0,0,0,0,0,0,0,0
1.6600065231323242,-1.0,0.0,0.0,0.0,0.0,0.0,0.0,0.0,0.0,0.03,0,0,0,0,0,0,0,0,0,0,0,0,0,0,0,0,0,0,0,0,0
1.6624810695648193,-1.0,0.0,0.0,0.0,0.0,0.0,0.0,0.0,0.0,0.03,0,0,0,0,0,0,0,0,0,0,0,0,0,0,0,0,0,0,0,0,0
1.6637563705444336,-1.0,0.0,0.0,0.0,0.0,0.0,0.0,0.0,0.0,0.03,0,0,0,0,0,0,0,0,0,0,0,0,0,0,0,0,0,0,0,0,0
1.6649866104125977,-1.0,0.0,0.0,0.0,0.0,0.0,0.0,0.0,0.0,0.03,0,0,0,0,0,0,0,0,0,0,0,0,0,0,0,0,0,0,0,0,0
1.6665887832641602,-1.0,0.0,0.0,0.0,0.0,0.0,0.0,0.0,0.0,0.03,0,0,0,0,0,0,0,0,0,0,0,0,0,0,0,0,0,0,0,0,0
1.6683659553527832,-1.0,0.0,0.0,0.0,0.0,0.0,0.0,0.0,0.0,0.03,0,0,0,0,0,0,0,0,0,0,0,0,0,0,0,0,0,0,0,0,0
1.669651746749878,-1.0,0.0,0.0,0.0,0.0,0.0,0.0,0.0,0.0,0.03,0,0,0,0,0,0,0,0,0,0,0,0,0,0,0,0,0,0,0,0,0
1.6712620258331299,-1.0,0.0,0.0,0.0,0.0,0.0,0.0,0.0,0.0,0.03,0,0,0,0,0,0,0,0,0,0,0,0,0,0,0,0,0,0,0,0,0
1.672682285308838,-1.0,0.0,0.0,0.0,0.0,0.0,0.0,0.0,0.0,0.03,0,0,0,0,0,0,0,0,0,0,0,0,0,0,0,0,0,0,0,0,0
1.6737687587738037,-1.0,0.0,0.0,0.0,0.0,0.0,0.0,0.0,0.0,0.03,0,0,0,0,0,0,0,0,0,0,0,0,0,0,0,0,0,0,0,0,0
1.677027940750122,-1.0,0.0,0.0,0.0,0.0,0.0,0.0,0.0,0.0,0.03,0,0,0,0,0,0,0,0,0,0,0,0,0,0,0,0,0,0,0,0,0
1.678462266921997,-1.0,0.0,0.0,0.0,0.0,0.0,0.0,0.0,0.0,0.03,0,0,0,0,0,0,0,0,0,0,0,0,0,0,0,0,0,0,0,0,0
1.6802418231964111,-1.0,0.0,0.0,0.0,0.0,0.0,0.0,0.0,0.0,0.03,0,0,0,0,0,0,0,0,0,0,0,0,0,0,0,0,0,0,0,0,0
1.6827540397644043,-1.0,0.0,0.0,0.0,0.0,0.0,0.0,0.0,0.0,0.03,0,0,0,0,0,0,0,0,0,0,0,0,0,0,0,0,0,0,0,0,0
1.683919906616211,-1.0,0.0,0.0,0.0,0.0,0.0,0.0,0.0,0.0,0.03,0,0,0,0,0,0,0,0,0,0,0,0,0,0,0,0,0,0,0,0,0
1.685389757156372,-1.0,0.0,0.0,0.0,0.0,0.0,0.0,0.0,0.0,0.03,0,0,0,0,0,0,0,0,0,0,0,0,0,0,0,0,0,0,0,0,0
1.6868603229522705,-1.0,0.0,0.0,0.0,0.0,0.0,0.0,0.0,0.0,0.03,0,0,0,0,0,0,0,0,0,0,0,0,0,0,0,0,0,0,0,0,0
1.6885712146759033,-1.0,0.0,0.0,0.0,0.0,0.0,0.0,0.0,0.0,0.03,0,0,0,0,0,0,0,0,0,0,0,0,0,0,0,0,0,0,0,0,0
1.689690113067627,-1.0,0.0,0.0,0.0,0.0,0.0,0.0,0.0,0.0,0.03,0,0,0,0,0,0,0,0,0,0,0,0,0,0,0,0,0,0,0,0,0
1.6908481121063232,-1.0,0.0,0.0,0.0,0.0,0.0,0.0,0.0,0.0,0.03,0,0,0,0,0,0,0,0,0,0,0,0,0,0,0,0,0,0,0,0,0
1.6919705867767334,-1.0,0.0,0.0,0.0,0.0,0.0,0.0,0.0,0.0,0.03,0,0,0,0,0,0,0,0,0,0,0,0,0,0,0,0,0,0,0,0,0
1.6935193538665771,-1.0,0.0,0.0,0.0,0.0,0.0,0.0,0.0,0.0,0.03,0,0,0,0,0,0,0,0,0,0,0,0,0,0,0,0,0,0,0,0,0
1.6949570178985596,-1.0,0.0,0.0,0.0,0.0,0.0,0.0,0.0,0.0,0.03,0,0,0,0,0,0,0,0,0,0,0,0,0,0,0,0,0,0,0,0,0
1.6960761547088623,-1.0,0.0,0.0,0.0,0.0,0.0,0.0,0.0,0.0,0.03,0,0,0,0,0,0,0,0,0,0,0,0,0,0,0,0,0,0,0,0,0
1.6972081661224365,-1.0,0.0,0.0,0.0,0.0,0.0,0.0,0.0,0.0,0.03,0,0,0,0,0,0,0,0,0,0,0,0,0,0,0,0,0,0,0,0,0
1.69838285446167,-1.0,0.0,0.0,0.0,0.0,0.0,0.0,0.0,0.0,0.03,0,0,0,0,0,0,0,0,0,0,0,0,0,0,0,0,0,0,0,0,0
1.699646234512329,-1.0,0.0,0.0,0.0,0.0,0.0,0.0,0.0,0.0,0.03,0,0,0,0,0,0,0,0,0,0,0,0,0,0,0,0,0,0,0,0,0
1.7007336616516113,-1.0,0.0,0.0,0.0,0.0,0.0,0.0,0.0,0.0,0.03,0,0,0,0,0,0,0,0,0,0,0,0,0,0,0,0,0,0,0,0,0
1.7033531665802002,-1.0,0.0,0.0,0.0,0.0,0.0,0.0,0.0,0.0,0.03,0,0,0,0,0,0,0,0,0,0,0,0,0,0,0,0,0,0,0,0,0
1.7056233882904053,-1.0,0.0,0.0,0.0,0.0,0.0,0.0,0.0,0.0,0.03,0,0,0,0,0,0,0,0,0,0,0,0,0,0,0,0,0,0,0,0,0
1.707139492034912,-1.0,0.0,0.0,0.0,0.0,0.0,0.0,0.0,0.0,0.03,0,0,0,0,0,0,0,0,0,0,0,0,0,0,0,0,0,0,0,0,0
1.7083876132965088,-1.0,0.0,0.0,0.0,0.0,0.0,0.0,0.0,0.0,0.03,0,0,0,0,0,0,0,0,0,0,0,0,0,0,0,0,0,0,0,0,0
1.7095398902893066,-1.0,0.0,0.0,0.0,0.0,0.0,0.0,0.0,0.0,0.03,0,0,0,0,0,0,0,0,0,0,0,0,0,0,0,0,0,0,0,0,0
1.711735486984253,-1.0,0.0,0.0,0.0,0.0,0.0,0.0,0.0,0.0,0.03,0,0,0,0,0,0,0,0,0,0,0,0,0,0,0,0,0,0,0,0,0
1.7131359577178955,-1.0,0.0,0.0,0.0,0.0,0.0,0.0,0.0,0.0,0.03,0,0,0,0,0,0,0,0,0,0,0,0,0,0,0,0,0,0,0,0,0
1.7144038677215576,-1.0,0.0,0.0,0.0,0.0,0.0,0.0,0.0,0.0,0.03,0,0,0,0,0,0,0,0,0,0,0,0,0,0,0,0,0,0,0,0,0
1.7163870334625244,-1.0,0.0,0.0,0.0,0.0,0.0,0.0,0.0,0.0,0.03,0,0,0,0,0,0,0,0,0,0,0,0,0,0,0,0,0,0,0,0,0
1.7175137996673584,-1.0,0.0,0.0,0.0,0.0,0.0,0.0,0.0,0.0,0.03,0,0,0,0,0,0,0,0,0,0,0,0,0,0,0,0,0,0,0,0,0
1.718681812286377,-1.0,0.0,0.0,0.0,0.0,0.0,0.0,0.0,0.0,0.03,0,0,0,0,0,0,0,0,0,0,0,0,0,0,0,0,0,0,0,0,0
1.7200579643249512,-1.0,0.0,0.0,0.0,0.0,0.0,0.0,0.0,0.0,0.03,0,0,0,0,0,0,0,0,0,0,0,0,0,0,0,0,0,0,0,0,0
1.721144437789917,-1.0,0.0,0.0,0.0,0.0,0.0,0.0,0.0,0.0,0.03,0,0,0,0,0,0,0,0,0,0,0,0,0,0,0,0,0,0,0,0,0
1.7222373485565186,-1.0,0.0,0.0,0.0,0.0,0.0,0.0,0.0,0.0,0.03,0,0,0,0,0,0,0,0,0,0,0,0,0,0,0,0,0,0,0,0,0
1.723701000213623,-1.0,0.0,0.0,0.0,0.0,0.0,0.0,0.0,0.0,0.03,0,0,0,0,0,0,0,0,0,0,0,0,0,0,0,0,0,0,0,0,0
1.725020408630371,-1.0,0.0,0.0,0.0,0.0,0.0,0.0,0.0,0.0,0.03,0,0,0,0,0,0,0,0,0,0,0,0,0,0,0,0,0,0,0,0,0
1.7271738052368164,-1.0,0.0,0.0,0.0,0.0,0.0,0.0,0.0,0.0,0.03,0,0,0,0,0,0,0,0,0,0,0,0,0,0,0,0,0,0,0,0,0
1.7283449172973633,-1.0,0.0,0.0,0.0,0.0,0.0,0.0,0.0,0.0,0.03,0,0,0,0,0,0,0,0,0,0,0,0,0,0,0,0,0,0,0,0,0
1.7294878959655762,-1.0,0.0,0.0,0.0,0.0,0.0,0.0,0.0,0.0,0.03,0,0,0,0,0,0,0,0,0,0,0,0,0,0,0,0,0,0,0,0,0
1.7308235168457031,-1.0,0.0,0.0,0.0,0.0,0.0,0.0,0.0,0.0,0.03,0,0,0,0,0,0,0,0,0,0,0,0,0,0,0,0,0,0,0,0,0
1.7323460578918457,-1.0,0.0,0.0,0.0,0.0,0.0,0.0,0.0,0.0,0.03,0,0,0,0,0,0,0,0,0,0,0,0,0,0,0,0,0,0,0,0,0
1.733600378036499,-1.0,0.0,0.0,0.0,0.0,0.0,0.0,0.0,0.0,0.03,0,0,0,0,0,0,0,0,0,0,0,0,0,0,0,0,0,0,0,0,0
1.7351467609405518,-1.0,0.0,0.0,0.0,0.0,0.0,0.0,0.0,0.0,0.03,0,0,0,0,0,0,0,0,0,0,0,0,0,0,0,0,0,0,0,0,0
1.7363829612731934,-1.0,0.0,0.0,0.0,0.0,0.0,0.0,0.0,0.0,0.03,0,0,0,0,0,0,0,0,0,0,0,0,0,0,0,0,0,0,0,0,0
1.7374722957611084,-1.0,0.0,0.0,0.0,0.0,0.0,0.0,0.0,0.0,0.03,0,0,0,0,0,0,0,0,0,0,0,0,0,0,0,0,0,0,0,0,0
1.7385728359222412,-1.0,0.0,0.0,0.0,0.0,0.0,0.0,0.0,0.0,0.03,0,0,0,0,0,0,0,0,0,0,0,0,0,0,0,0,0,0,0,0,0
1.7401843070983887,-1.0,0.0,0.0,0.0,0.0,0.0,0.0,0.0,0.0,0.03,0,0,0,0,0,0,0,0,0,0,0,0,0,0,0,0,0,0,0,0,0
1.7417559623718262,-1.0,0.0,0.0,0.0,0.0,0.0,0.0,0.0,0.0,0.03,0,0,0,0,0,0,0,0,0,0,0,0,0,0,0,0,0,0,0,0,0
1.7434217929840088,-1.0,0.0,0.0,0.0,0.0,0.0,0.0,0.0,0.0,0.03,0,0,0,0,0,0,0,0,0,0,0,0,0,0,0,0,0,0,0,0,0
1.746396541595459,-1.0,0.0,0.0,0.0,0.0,0.0,0.0,0.0,0.0,0.03,0,0,0,0,0,0,0,0,0,0,0,0,0,0,0,0,0,0,0,0,0
1.7474656105041504,-1.0,0.0,0.0,0.0,0.0,0.0,0.0,0.0,0.0,0.03,0,0,0,0,0,0,0,0,0,0,0,0,0,0,0,0,0,0,0,0,0
1.7485787868499756,-1.0,0.0,0.0,0.0,0.0,0.0,0.0,0.0,0.0,0.03,0,0,0,0,0,0,0,0,0,0,0,0,0,0,0,0,0,0,0,0,0
1.749967336654663,-1.0,0.0,0.0,0.0,0.0,0.0,0.0,0.0,0.0,0.03,0,0,0,0,0,0,0,0,0,0,0,0,0,0,0,0,0,0,0,0,0
1.7511694431304932,-1.0,0.0,0.0,0.0,0.0,0.0,0.0,0.0,0.0,0.03,0,0,0,0,0,0,0,0,0,0,0,0,0,0,0,0,0,0,0,0,0
1.7523293495178223,-1.0,0.0,0.0,0.0,0.0,0.0,0.0,0.0,0.0,0.03,0,0,0,0,0,0,0,0,0,0,0,0,0,0,0,0,0,0,0,0,0
1.7539355754852295,-1.0,0.0,0.0,0.0,0.0,0.0,0.0,0.0,0.0,0.03,0,0,0,0,0,0,0,0,0,0,0,0,0,0,0,0,0,0,0,0,0
1.7551910877227783,-1.0,0.0,0.0,0.0,0.0,0.0,0.0,0.0,0.0,0.03,0,0,0,0,0,0,0,0,0,0,0,0,0,0,0,0,0,0,0,0,0
1.7568035125732422,-1.0,0.0,0.0,0.0,0.0,0.0,0.0,0.0,0.0,0.03,0,0,0,0,0,0,0,0,0,0,0,0,0,0,0,0,0,0,0,0,0
1.757960319519043,-1.0,0.0,0.0,0.0,0.0,0.0,0.0,0.0,0.0,0.03,0,0,0,0,0,0,0,0,0,0,0,0,0,0,0,0,0,0,0,0,0
1.7591118812561035,-1.0,0.0,0.0,0.0,0.0,0.0,0.0,0.0,0.0,0.03,0,0,0,0,0,0,0,0,0,0,0,0,0,0,0,0,0,0,0,0,0
1.760272741317749,-1.0,0.0,0.0,0.0,0.0,0.0,0.0,0.0,0.0,0.03,0,0,0,0,0,0,0,0,0,0,0,0,0,0,0,0,0,0,0,0,0
1.761359453201294,-1.0,0.0,0.0,0.0,0.0,0.0,0.0,0.0,0.0,0.03,0,0,0,0,0,0,0,0,0,0,0,0,0,0,0,0,0,0,0,0,0
1.7627668380737305,-1.0,0.0,0.0,0.0,0.0,0.0,0.0,0.0,0.0,0.03,0,0,0,0,0,0,0,0,0,0,0,0,0,0,0,0,0,0,0,0,0
1.7638554573059082,-1.0,0.0,0.0,0.0,0.0,0.0,0.0,0.0,0.0,0.03,0,0,0,0,0,0,0,0,0,0,0,0,0,0,0,0,0,0,0,0,0
1.7650084495544434,-1.0,0.0,0.0,0.0,0.0,0.0,0.0,0.0,0.0,0.03,0,0,0,0,0,0,0,0,0,0,0,0,0,0,0,0,0,0,0,0,0
1.7666652202606201,-1.0,0.0,0.0,0.0,0.0,0.0,0.0,0.0,0.0,0.03,0,0,0,0,0,0,0,0,0,0,0,0,0,0,0,0,0,0,0,0,0
1.7700161933898926,-1.0,0.0,0.0,0.0,0.0,0.0,0.0,0.0,0.0,0.03,0,0,0,0,0,0,0,0,0,0,0,0,0,0,0,0,0,0,0,0,0
1.7713491916656494,-1.0,0.0,0.0,0.0,0.0,0.0,0.0,0.0,0.0,0.03,0,0,0,0,0,0,0,0,0,0,0,0,0,0,0,0,0,0,0,0,0
1.7725999355316162,-1.0,0.0,0.0,0.0,0.0,0.0,0.0,0.0,0.0,0.03,0,0,0,0,0,0,0,0,0,0,0,0,0,0,0,0,0,0,0,0,0
1.7740521430969238,-1.0,0.0,0.0,0.0,0.0,0.0,0.0,0.0,0.0,0.03,0,0,0,0,0,0,0,0,0,0,0,0,0,0,0,0,0,0,0,0,0
1.7755491733551025,-1.0,0.0,0.0,0.0,0.0,0.0,0.0,0.0,0.0,0.03,0,0,0,0,0,0,0,0,0,0,0,0,0,0,0,0,0,0,0,0,0
1.7774691581726074,-1.0,0.0,0.0,0.0,0.0,0.0,0.0,0.0,0.0,0.03,0,0,0,0,0,0,0,0,0,0,0,0,0,0,0,0,0,0,0,0,0
1.7786266803741455,-1.0,0.0,0.0,0.0,0.0,0.0,0.0,0.0,0.0,0.03,0,0,0,0,0,0,0,0,0,0,0,0,0,0,0,0,0,0,0,0,0
1.7797985076904297,-1.0,0.0,0.0,0.0,0.0,0.0,0.0,0.0,0.0,0.03,0,0,0,0,0,0,0,0,0,0,0,0,0,0,0,0,0,0,0,0,0
1.781468152999878,-1.0,0.0,0.0,0.0,0.0,0.0,0.0,0.0,0.0,0.03,0,0,0,0,0,0,0,0,0,0,0,0,0,0,0,0,0,0,0,0,0
1.7832460403442383,-1.0,0.0,0.0,0.0,0.0,0.0,0.0,0.0,0.0,0.03,0,0,0,0,0,0,0,0,0,0,0,0,0,0,0,0,0,0,0,0,0
1.7844352722167969,-1.0,0.0,0.0,0.0,0.0,0.0,0.0,0.0,0.0,0.03,0,0,0,0,0,0,0,0,0,0,0,0,0,0,0,0,0,0,0,0,0
1.7856018543243408,-1.0,0.0,0.0,0.0,0.0,0.0,0.0,0.0,0.0,0.03,0,0,0,0,0,0,0,0,0,0,0,0,0,0,0,0,0,0,0,0,0
1.7869112491607666,-1.0,0.0,0.0,0.0,0.0,0.0,0.0,0.0,0.0,0.03,0,0,0,0,0,0,0,0,0,0,0,0,0,0,0,0,0,0,0,0,0
1.7884657382965088,-1.0,0.0,0.0,0.0,0.0,0.0,0.0,0.0,0.0,0.03,0,0,0,0,0,0,0,0,0,0,0,0,0,0,0,0,0,0,0,0,0
1.789557695388794,-1.0,0.0,0.0,0.0,0.0,0.0,0.0,0.0,0.0,0.03,0,0,0,0,0,0,0,0,0,0,0,0,0,0,0,0,0,0,0,0,0
1.7909905910491943,-1.0,0.0,0.0,0.0,0.0,0.0,0.0,0.0,0.0,0.03,0,0,0,0,0,0,0,0,0,0,0,0,0,0,0,0,0,0,0,0,0
1.7924373149871826,-1.0,0.0,0.0,0.0,0.0,0.0,0.0,0.0,0.0,0.03,0,0,0,0,0,0,0,0,0,0,0,0,0,0,0,0,0,0,0,0,0
1.7938463687896729,-1.0,0.0,0.0,0.0,0.0,0.0,0.0,0.0,0.0,0.03,0,0,0,0,0,0,0,0,0,0,0,0,0,0,0,0,0,0,0,0,0
1.7952237129211426,-1.0,0.0,0.0,0.0,0.0,0.0,0.0,0.0,0.0,0.03,0,0,0,0,0,0,0,0,0,0,0,0,0,0,0,0,0,0,0,0,0
1.7970495223999023,-1.0,0.0,0.0,0.0,0.0,0.0,0.0,0.0,0.0,0.03,0,0,0,0,0,0,0,0,0,0,0,0,0,0,0,0,0,0,0,0,0
1.798635721206665,-1.0,0.0,0.0,0.0,0.0,0.0,0.0,0.0,0.0,0.03,0,0,0,0,0,0,0,0,0,0,0,0,0,0,0,0,0,0,0,0,0
1.7999467849731445,-1.0,0.0,0.0,0.0,0.0,0.0,0.0,0.0,0.0,0.03,0,0,0,0,0,0,0,0,0,0,0,0,0,0,0,0,0,0,0,0,0
1.8011305332183838,-1.0,0.0,0.0,0.0,0.0,0.0,0.0,0.0,0.0,0.03,0,0,0,0,0,0,0,0,0,0,0,0,0,0,0,0,0,0,0,0,0
1.8037128448486328,-1.0,0.0,0.0,0.0,0.0,0.0,0.0,0.0,0.0,0.03,0,0,0,0,0,0,0,0,0,0,0,0,0,0,0,0,0,0,0,0,0
1.804783582687378,-1.0,0.0,0.0,0.0,0.0,0.0,0.0,0.0,0.0,0.03,0,0,0,0,0,0,0,0,0,0,0,0,0,0,0,0,0,0,0,0,0
1.80600905418396,-1.0,0.0,0.0,0.0,0.0,0.0,0.0,0.0,0.0,0.03,0,0,0,0,0,0,0,0,0,0,0,0,0,0,0,0,0,0,0,0,0
1.8093616962432861,-1.0,0.0,0.0,0.0,0.0,0.0,0.0,0.0,0.0,0.03,0,0,0,0,0,0,0,0,0,0,0,0,0,0,0,0,0,0,0,0,0
1.810926914215088,-1.0,0.0,0.0,0.0,0.0,0.0,0.0,0.0,0.0,0.03,0,0,0,0,0,0,0,0,0,0,0,0,0,0,0,0,0,0,0,0,0
1.8127615451812744,-1.0,0.0,0.0,0.0,0.0,0.0,0.0,0.0,0.0,0.03,0,0,0,0,0,0,0,0,0,0,0,0,0,0,0,0,0,0,0,0,0
1.8144128322601318,-1.0,0.0,0.0,0.0,0.0,0.0,0.0,0.0,0.0,0.03,0,0,0,0,0,0,0,0,0,0,0,0,0,0,0,0,0,0,0,0,0
1.8164665699005127,-1.0,0.0,0.0,0.0,0.0,0.0,0.0,0.0,0.0,0.03,0,0,0,0,0,0,0,0,0,0,0,0,0,0,0,0,0,0,0,0,0
1.8175382614135742,-1.0,0.0,0.0,0.0,0.0,0.0,0.0,0.0,0.0,0.03,0,0,0,0,0,0,0,0,0,0,0,0,0,0,0,0,0,0,0,0,0
1.8189609050750732,-1.0,0.0,0.0,0.0,0.0,0.0,0.0,0.0,0.0,0.03,0,0,0,0,0,0,0,0,0,0,0,0,0,0,0,0,0,0,0,0,0
1.8218929767608643,-1.0,0.0,0.0,0.0,0.0,0.0,0.0,0.0,0.0,0.03,0,0,0,0,0,0,0,0,0,0,0,0,0,0,0,0,0,0,0,0,0
1.8232500553131104,-1.0,0.0,0.0,0.0,0.0,0.0,0.0,0.0,0.0,0.03,0,0,0,0,0,0,0,0,0,0,0,0,0,0,0,0,0,0,0,0,0
1.824336051940918,-1.0,0.0,0.0,0.0,0.0,0.0,0.0,0.0,0.0,0.03,0,0,0,0,0,0,0,0,0,0,0,0,0,0,0,0,0,0,0,0,0
1.8262648582458496,-1.0,0.0,0.0,0.0,0.0,0.0,0.0,0.0,0.0,0.03,0,0,0,0,0,0,0,0,0,0,0,0,0,0,0,0,0,0,0,0,0
1.82733154296875,-1.0,0.0,0.0,0.0,0.0,0.0,0.0,0.0,0.0,0.03,0,0,0,0,0,0,0,0,0,0,0,0,0,0,0,0,0,0,0,0,0
1.828394889831543,-1.0,0.0,0.0,0.0,0.0,0.0,0.0,0.0,0.0,0.03,0,0,0,0,0,0,0,0,0,0,0,0,0,0,0,0,0,0,0,0,0
1.8295965194702148,-1.0,0.0,0.0,0.0,0.0,0.0,0.0,0.0,0.0,0.03,0,0,0,0,0,0,0,0,0,0,0,0,0,0,0,0,0,0,0,0,0
1.830949306488037,-1.0,0.0,0.0,0.0,0.0,0.0,0.0,0.0,0.0,0.03,0,0,0,0,0,0,0,0,0,0,0,0,0,0,0,0,0,0,0,0,0
1.8320162296295166,-1.0,0.0,0.0,0.0,0.0,0.0,0.0,0.0,0.0,0.03,0,0,0,0,0,0,0,0,0,0,0,0,0,0,0,0,0,0,0,0,0
1.83369779586792,-1.0,0.0,0.0,0.0,0.0,0.0,0.0,0.0,0.0,0.03,0,0,0,0,0,0,0,0,0,0,0,0,0,0,0,0,0,0,0,0,0
1.8352012634277344,-1.0,0.0,0.0,0.0,0.0,0.0,0.0,0.0,0.0,0.03,0,0,0,0,0,0,0,0,0,0,0,0,0,0,0,0,0,0,0,0,0
1.8363661766052246,-1.0,0.0,0.0,0.0,0.0,0.0,0.0,0.0,0.0,0.03,0,0,0,0,0,0,0,0,0,0,0,0,0,0,0,0,0,0,0,0,0
1.838075876235962,-1.0,0.0,0.0,0.0,0.0,0.0,0.0,0.0,0.0,0.03,0,0,0,0,0,0,0,0,0,0,0,0,0,0,0,0,0,0,0,0,0
1.8392918109893799,-1.0,0.0,0.0,0.0,0.0,0.0,0.0,0.0,0.0,0.03,0,0,0,0,0,0,0,0,0,0,0,0,0,0,0,0,0,0,0,0,0
1.840453863143921,-1.0,0.0,0.0,0.0,0.0,0.0,0.0,0.0,0.0,0.03,0,0,0,0,0,0,0,0,0,0,0,0,0,0,0,0,0,0,0,0,0
1.8415818214416504,-1.0,0.0,0.0,0.0,0.0,0.0,0.0,0.0,0.0,0.03,0,0,0,0,0,0,0,0,0,0,0,0,0,0,0,0,0,0,0,0,0
1.84271240234375,-1.0,0.0,0.0,0.0,0.0,0.0,0.0,0.0,0.0,0.03,0,0,0,0,0,0,0,0,0,0,0,0,0,0,0,0,0,0,0,0,0
1.843991994857788,-1.0,0.0,0.0,0.0,0.0,0.0,0.0,0.0,0.0,0.03,0,0,0,0,0,0,0,0,0,0,0,0,0,0,0,0,0,0,0,0,0
1.8451778888702393,-1.0,0.0,0.0,0.0,0.0,0.0,0.0,0.0,0.0,0.03,0,0,0,0,0,0,0,0,0,0,0,0,0,0,0,0,0,0,0,0,0
1.846419334411621,-1.0,0.0,0.0,0.0,0.0,0.0,0.0,0.0,0.0,0.03,0,0,0,0,0,0,0,0,0,0,0,0,0,0,0,0,0,0,0,0,0
1.8477630615234375,-1.0,0.0,0.0,0.0,0.0,0.0,0.0,0.0,0.0,0.03,0,0,0,0,0,0,0,0,0,0,0,0,0,0,0,0,0,0,0,0,0
1.8493590354919434,-1.0,0.0,0.0,0.0,0.0,0.0,0.0,0.0,0.0,0.03,0,0,0,0,0,0,0,0,0,0,0,0,0,0,0,0,0,0,0,0,0
1.8504900932312012,-1.0,0.0,0.0,0.0,0.0,0.0,0.0,0.0,0.0,0.03,0,0,0,0,0,0,0,0,0,0,0,0,0,0,0,0,0,0,0,0,0
1.8516652584075928,-1.0,0.0,0.0,0.0,0.0,0.0,0.0,0.0,0.0,0.03,0,0,0,0,0,0,0,0,0,0,0,0,0,0,0,0,0,0,0,0,0
1.852750539779663,-1.0,0.0,0.0,0.0,0.0,0.0,0.0,0.0,0.0,0.03,0,0,0,0,0,0,0,0,0,0,0,0,0,0,0,0,0,0,0,0,0
1.8544044494628906,-1.0,0.0,0.0,0.0,0.0,0.0,0.0,0.0,0.0,0.03,0,0,0,0,0,0,0,0,0,0,0,0,0,0,0,0,0,0,0,0,0
1.8557448387145996,-1.0,0.0,0.0,0.0,0.0,0.0,0.0,0.0,0.0,0.03,0,0,0,0,0,0,0,0,0,0,0,0,0,0,0,0,0,0,0,0,0
1.858546495437622,-1.0,0.0,0.0,0.0,0.0,0.0,0.0,0.0,0.0,0.03,0,0,0,0,0,0,0,0,0,0,0,0,0,0,0,0,0,0,0,0,0
1.8596947193145752,-1.0,0.0,0.0,0.0,0.0,0.0,0.0,0.0,0.0,0.03,0,0,0,0,0,0,0,0,0,0,0,0,0,0,0,0,0,0,0,0,0
1.861090898513794,-1.0,0.0,0.0,0.0,0.0,0.0,0.0,0.0,0.0,0.03,0,0,0,0,0,0,0,0,0,0,0,0,0,0,0,0,0,0,0,0,0
1.8638792037963867,-1.0,0.0,0.0,0.0,0.0,0.0,0.0,0.0,0.0,0.03,0,0,0,0,0,0,0,0,0,0,0,0,0,0,0,0,0,0,0,0,0
1.865171194076538,-1.0,0.0,0.0,0.0,0.0,0.0,0.0,0.0,0.0,0.03,0,0,0,0,0,0,0,0,0,0,0,0,0,0,0,0,0,0,0,0,0
1.8664414882659912,-1.0,0.0,0.0,0.0,0.0,0.0,0.0,0.0,0.0,0.03,0,0,0,0,0,0,0,0,0,0,0,0,0,0,0,0,0,0,0,0,0
1.8678524494171143,-1.0,0.0,0.0,0.0,0.0,0.0,0.0,0.0,0.0,0.03,0,0,0,0,0,0,0,0,0,0,0,0,0,0,0,0,0,0,0,0,0
1.8691253662109375,-1.0,0.0,0.0,0.0,0.0,0.0,0.0,0.0,0.0,0.03,0,0,0,0,0,0,0,0,0,0,0,0,0,0,0,0,0,0,0,0,0
1.8706741333007812,-1.0,0.0,0.0,0.0,0.0,0.0,0.0,0.0,0.0,0.03,0,0,0,0,0,0,0,0,0,0,0,0,0,0,0,0,0,0,0,0,0
1.8723347187042236,-1.0,0.0,0.0,0.0,0.0,0.0,0.0,0.0,0.0,0.03,0,0,0,0,0,0,0,0,0,0,0,0,0,0,0,0,0,0,0,0,0
1.8739280700683594,-1.0,0.0,0.0,0.0,0.0,0.0,0.0,0.0,0.0,0.03,0,0,0,0,0,0,0,0,0,0,0,0,0,0,0,0,0,0,0,0,0
1.8752355575561523,-1.0,0.0,0.0,0.0,0.0,0.0,0.0,0.0,0.0,0.03,0,0,0,0,0,0,0,0,0,0,0,0,0,0,0,0,0,0,0,0,0
1.8764476776123047,-1.0,0.0,0.0,0.0,0.0,0.0,0.0,0.0,0.0,0.03,0,0,0,0,0,0,0,0,0,0,0,0,0,0,0,0,0,0,0,0,0
1.8783400058746338,-1.0,0.0,0.0,0.0,0.0,0.0,0.0,0.0,0.0,0.03,0,0,0,0,0,0,0,0,0,0,0,0,0,0,0,0,0,0,0,0,0
1.8797621726989746,-1.0,0.0,0.0,0.0,0.0,0.0,0.0,0.0,0.0,0.03,0,0,0,0,0,0,0,0,0,0,0,0,0,0,0,0,0,0,0,0,0
1.8811862468719482,-1.0,0.0,0.0,0.0,0.0,0.0,0.0,0.0,0.0,0.03,0,0,0,0,0,0,0,0,0,0,0,0,0,0,0,0,0,0,0,0,0
1.8825969696044922,-1.0,0.0,0.0,0.0,0.0,0.0,0.0,0.0,0.0,0.03,0,0,0,0,0,0,0,0,0,0,0,0,0,0,0,0,0,0,0,0,0
1.883972406387329,-1.0,0.0,0.0,0.0,0.0,0.0,0.0,0.0,0.0,0.03,0,0,0,0,0,0,0,0,0,0,0,0,0,0,0,0,0,0,0,0,0
1.8853683471679688,-1.0,0.0,0.0,0.0,0.0,0.0,0.0,0.0,0.0,0.03,0,0,0,0,0,0,0,0,0,0,0,0,0,0,0,0,0,0,0,0,0
1.8865492343902588,-1.0,0.0,0.0,0.0,0.0,0.0,0.0,0.0,0.0,0.03,0,0,0,0,0,0,0,0,0,0,0,0,0,0,0,0,0,0,0,0,0
1.8876385688781738,-1.0,0.0,0.0,0.0,0.0,0.0,0.0,0.0,0.0,0.03,0,0,0,0,0,0,0,0,0,0,0,0,0,0,0,0,0,0,0,0,0
1.8889427185058594,-1.0,0.0,0.0,0.0,0.0,0.0,0.0,0.0,0.0,0.03,0,0,0,0,0,0,0,0,0,0,0,0,0,0,0,0,0,0,0,0,0
1.8902325630187988,-1.0,0.0,0.0,0.0,0.0,0.0,0.0,0.0,0.0,0.03,0,0,0,0,0,0,0,0,0,0,0,0,0,0,0,0,0,0,0,0,0
1.8914027214050293,-1.0,0.0,0.0,0.0,0.0,0.0,0.0,0.0,0.0,0.03,0,0,0,0,0,0,0,0,0,0,0,0,0,0,0,0,0,0,0,0,0
1.8925199508666992,-1.0,0.0,0.0,0.0,0.0,0.0,0.0,0.0,0.0,0.03,0,0,0,0,0,0,0,0,0,0,0,0,0,0,0,0,0,0,0,0,0
1.8936505317687988,-1.0,0.0,0.0,0.0,0.0,0.0,0.0,0.0,0.0,0.03,0,0,0,0,0,0,0,0,0,0,0,0,0,0,0,0,0,0,0,0,0
1.8947763442993164,-1.0,0.0,0.0,0.0,0.0,0.0,0.0,0.0,0.0,0.03,0,0,0,0,0,0,0,0,0,0,0,0,0,0,0,0,0,0,0,0,0
1.8965468406677246,-1.0,0.0,0.0,0.0,0.0,0.0,0.0,0.0,0.0,0.03,0,0,0,0,0,0,0,0,0,0,0,0,0,0,0,0,0,0,0,0,0
1.8978335857391357,-1.0,0.0,0.0,0.0,0.0,0.0,0.0,0.0,0.0,0.03,0,0,0,0,0,0,0,0,0,0,0,0,0,0,0,0,0,0,0,0,0
1.8989551067352295,-1.0,0.0,0.0,0.0,0.0,0.0,0.0,0.0,0.0,0.03,0,0,0,0,0,0,0,0,0,0,0,0,0,0,0,0,0,0,0,0,0
1.9018869400024414,-1.0,0.0,0.0,0.0,0.0,0.0,0.0,0.0,0.0,0.03,0,0,0,0,0,0,0,0,0,0,0,0,0,0,0,0,0,0,0,0,0
1.9031713008880615,-1.0,0.0,0.0,0.0,0.0,0.0,0.0,0.0,0.0,0.03,0,0,0,0,0,0,0,0,0,0,0,0,0,0,0,0,0,0,0,0,0
1.9044358730316162,-1.0,0.0,0.0,0.0,0.0,0.0,0.0,0.0,0.0,0.03,0,0,0,0,0,0,0,0,0,0,0,0,0,0,0,0,0,0,0,0,0
1.9068748950958252,-1.0,0.0,0.0,0.0,0.0,0.0,0.0,0.0,0.0,0.03,0,0,0,0,0,0,0,0,0,0,0,0,0,0,0,0,0,0,0,0,0
1.9082591533660889,-1.0,0.0,0.0,0.0,0.0,0.0,0.0,0.0,0.0,0.03,0,0,0,0,0,0,0,0,0,0,0,0,0,0,0,0,0,0,0,0,0
1.9094955921173096,-1.0,0.0,0.0,0.0,0.0,0.0,0.0,0.0,0.0,0.03,0,0,0,0,0,0,0,0,0,0,0,0,0,0,0,0,0,0,0,0,0
1.9111247062683105,-1.0,0.0,0.0,0.0,0.0,0.0,0.0,0.0,0.0,0.03,0,0,0,0,0,0,0,0,0,0,0,0,0,0,0,0,0,0,0,0,0
1.9122178554534912,-1.0,0.0,0.0,0.0,0.0,0.0,0.0,0.0,0.0,0.03,0,0,0,0,0,0,0,0,0,0,0,0,0,0,0,0,0,0,0,0,0
1.9133632183074951,-1.0,0.0,0.0,0.0,0.0,0.0,0.0,0.0,0.0,0.03,0,0,0,0,0,0,0,0,0,0,0,0,0,0,0,0,0,0,0,0,0
1.9145448207855225,-1.0,0.0,0.0,0.0,0.0,0.0,0.0,0.0,0.0,0.03,0,0,0,0,0,0,0,0,0,0,0,0,0,0,0,0,0,0,0,0,0
1.915773630142212,-1.0,0.0,0.0,0.0,0.0,0.0,0.0,0.0,0.0,0.03,0,0,0,0,0,0,0,0,0,0,0,0,0,0,0,0,0,0,0,0,0
1.917144536972046,-1.0,0.0,0.0,0.0,0.0,0.0,0.0,0.0,0.0,0.03,0,0,0,0,0,0,0,0,0,0,0,0,0,0,0,0,0,0,0,0,0
1.9195280075073242,-1.0,0.0,0.0,0.0,0.0,0.0,0.0,0.0,0.0,0.03,0,0,0,0,0,0,0,0,0,0,0,0,0,0,0,0,0,0,0,0,0
1.921628475189209,-1.0,0.0,0.0,0.0,0.0,0.0,0.0,0.0,0.0,0.03,0,0,0,0,0,0,0,0,0,0,0,0,0,0,0,0,0,0,0,0,0
1.9227654933929443,-1.0,0.0,0.0,0.0,0.0,0.0,0.0,0.0,0.0,0.03,0,0,0,0,0,0,0,0,0,0,0,0,0,0,0,0,0,0,0,0,0
1.9240856170654297,-1.0,0.0,0.0,0.0,0.0,0.0,0.0,0.0,0.0,0.03,0,0,0,0,0,0,0,0,0,0,0,0,0,0,0,0,0,0,0,0,0
1.925755500793457,-1.0,0.0,0.0,0.0,0.0,0.0,0.0,0.0,0.0,0.03,0,0,0,0,0,0,0,0,0,0,0,0,0,0,0,0,0,0,0,0,0
1.9270455837249756,-1.0,0.0,0.0,0.0,0.0,0.0,0.0,0.0,0.0,0.03,0,0,0,0,0,0,0,0,0,0,0,0,0,0,0,0,0,0,0,0,0
1.9282793998718262,-1.0,0.0,0.0,0.0,0.0,0.0,0.0,0.0,0.0,0.03,0,0,0,0,0,0,0,0,0,0,0,0,0,0,0,0,0,0,0,0,0
1.9298367500305176,-1.0,0.0,0.0,0.0,0.0,0.0,0.0,0.0,0.0,0.03,0,0,0,0,0,0,0,0,0,0,0,0,0,0,0,0,0,0,0,0,0
1.9311161041259766,-1.0,0.0,0.0,0.0,0.0,0.0,0.0,0.0,0.0,0.03,0,0,0,0,0,0,0,0,0,0,0,0,0,0,0,0,0,0,0,0,0
1.9348905086517334,-1.0,0.0,0.0,0.0,0.0,0.0,0.0,0.0,0.0,0.03,0,0,0,0,0,0,0,0,0,0,0,0,0,0,0,0,0,0,0,0,0
1.9362492561340332,-1.0,0.0,0.0,0.0,0.0,0.0,0.0,0.0,0.0,0.03,0,0,0,0,0,0,0,0,0,0,0,0,0,0,0,0,0,0,0,0,0
1.9379513263702393,-1.0,0.0,0.0,0.0,0.0,0.0,0.0,0.0,0.0,0.03,0,0,0,0,0,0,0,0,0,0,0,0,0,0,0,0,0,0,0,0,0
1.940237283706665,-1.0,0.0,0.0,0.0,0.0,0.0,0.0,0.0,0.0,0.03,0,0,0,0,0,0,0,0,0,0,0,0,0,0,0,0,0,0,0,0,0
1.94181227684021,-1.0,0.0,0.0,0.0,0.0,0.0,0.0,0.0,0.0,0.03,0,0,0,0,0,0,0,0,0,0,0,0,0,0,0,0,0,0,0,0,0
1.9433181285858154,-1.0,0.0,0.0,0.0,0.0,0.0,0.0,0.0,0.0,0.03,0,0,0,0,0,0,0,0,0,0,0,0,0,0,0,0,0,0,0,0,0
1.9446582794189453,-1.0,0.0,0.0,0.0,0.0,0.0,0.0,0.0,0.0,0.03,0,0,0,0,0,0,0,0,0,0,0,0,0,0,0,0,0,0,0,0,0
1.945751667022705,-1.0,0.0,0.0,0.0,0.0,0.0,0.0,0.0,0.0,0.03,0,0,0,0,0,0,0,0,0,0,0,0,0,0,0,0,0,0,0,0,0
1.9478416442871094,-1.0,0.0,0.0,0.0,0.0,0.0,0.0,0.0,0.0,0.03,0,0,0,0,0,0,0,0,0,0,0,0,0,0,0,0,0,0,0,0,0
1.9493317604064941,-1.0,0.0,0.0,0.0,0.0,0.0,0.0,0.0,0.0,0.03,0,0,0,0,0,0,0,0,0,0,0,0,0,0,0,0,0,0,0,0,0
1.9504477977752686,-1.0,0.0,0.0,0.0,0.0,0.0,0.0,0.0,0.0,0.03,0,0,0,0,0,0,0,0,0,0,0,0,0,0,0,0,0,0,0,0,0
1.9516985416412354,-1.0,0.0,0.0,0.0,0.0,0.0,0.0,0.0,0.0,0.03,0,0,0,0,0,0,0,0,0,0,0,0,0,0,0,0,0,0,0,0,0
1.9527990818023682,-1.0,0.0,0.0,0.0,0.0,0.0,0.0,0.0,0.0,0.03,0,0,0,0,0,0,0,0,0,0,0,0,0,0,0,0,0,0,0,0,0
1.9539384841918945,-1.0,0.0,0.0,0.0,0.0,0.0,0.0,0.0,0.0,0.03,0,0,0,0,0,0,0,0,0,0,0,0,0,0,0,0,0,0,0,0,0
1.9551150798797607,-1.0,0.0,0.0,0.0,0.0,0.0,0.0,0.0,0.0,0.03,0,0,0,0,0,0,0,0,0,0,0,0,0,0,0,0,0,0,0,0,0
1.956277847290039,-1.0,0.0,0.0,0.0,0.0,0.0,0.0,0.0,0.0,0.03,0,0,0,0,0,0,0,0,0,0,0,0,0,0,0,0,0,0,0,0,0
1.9575724601745605,-1.0,0.0,0.0,0.0,0.0,0.0,0.0,0.0,0.0,0.03,0,0,0,0,0,0,0,0,0,0,0,0,0,0,0,0,0,0,0,0,0
1.9586422443389893,-1.0,0.0,0.0,0.0,0.0,0.0,0.0,0.0,0.0,0.03,0,0,0,0,0,0,0,0,0,0,0,0,0,0,0,0,0,0,0,0,0
1.9599387645721436,-1.0,0.0,0.0,0.0,0.0,0.0,0.0,0.0,0.0,0.03,0,0,0,0,0,0,0,0,0,0,0,0,0,0,0,0,0,0,0,0,0
1.9615647792816162,-1.0,0.0,0.0,0.0,0.0,0.0,0.0,0.0,0.0,0.03,0,0,0,0,0,0,0,0,0,0,0,0,0,0,0,0,0,0,0,0,0
1.9634437561035156,-1.0,0.0,0.0,0.0,0.0,0.0,0.0,0.0,0.0,0.03,0,0,0,0,0,0,0,0,0,0,0,0,0,0,0,0,0,0,0,0,0
1.9649884700775146,-1.0,0.0,0.0,0.0,0.0,0.0,0.0,0.0,0.0,0.03,0,0,0,0,0,0,0,0,0,0,0,0,0,0,0,0,0,0,0,0,0
1.9662132263183594,-1.0,0.0,0.0,0.0,0.0,0.0,0.0,0.0,0.0,0.03,0,0,0,0,0,0,0,0,0,0,0,0,0,0,0,0,0,0,0,0,0
1.9673457145690918,-1.0,0.0,0.0,0.0,0.0,0.0,0.0,0.0,0.0,0.03,0,0,0,0,0,0,0,0,0,0,0,0,0,0,0,0,0,0,0,0,0
1.9687178134918213,-1.0,0.0,0.0,0.0,0.0,0.0,0.0,0.0,0.0,0.03,0,0,0,0,0,0,0,0,0,0,0,0,0,0,0,0,0,0,0,0,0
1.9700064659118652,-1.0,0.0,0.0,0.0,0.0,0.0,0.0,0.0,0.0,0.03,0,0,0,0,0,0,0,0,0,0,0,0,0,0,0,0,0,0,0,0,0
1.9711835384368896,-1.0,0.0,0.0,0.0,0.0,0.0,0.0,0.0,0.0,0.03,0,0,0,0,0,0,0,0,0,0,0,0,0,0,0,0,0,0,0,0,0
1.9724586009979248,-1.0,0.0,0.0,0.0,0.0,0.0,0.0,0.0,0.0,0.03,0,0,0,0,0,0,0,0,0,0,0,0,0,0,0,0,0,0,0,0,0
1.975132942199707,-1.0,0.0,0.0,0.0,0.0,0.0,0.0,0.0,0.0,0.03,0,0,0,0,0,0,0,0,0,0,0,0,0,0,0,0,0,0,0,0,0
1.976224422454834,-1.0,0.0,0.0,0.0,0.0,0.0,0.0,0.0,0.0,0.03,0,0,0,0,0,0,0,0,0,0,0,0,0,0,0,0,0,0,0,0,0
1.977348804473877,-1.0,0.0,0.0,0.0,0.0,0.0,0.0,0.0,0.0,0.03,0,0,0,0,0,0,0,0,0,0,0,0,0,0,0,0,0,0,0,0,0
1.9784510135650635,-1.0,0.0,0.0,0.0,0.0,0.0,0.0,0.0,0.0,0.03,0,0,0,0,0,0,0,0,0,0,0,0,0,0,0,0,0,0,0,0,0
1.9795379638671875,-1.0,0.0,0.0,0.0,0.0,0.0,0.0,0.0,0.0,0.03,0,0,0,0,0,0,0,0,0,0,0,0,0,0,0,0,0,0,0,0,0
1.9812848567962646,-1.0,0.0,0.0,0.0,0.0,0.0,0.0,0.0,0.0,0.03,0,0,0,0,0,0,0,0,0,0,0,0,0,0,0,0,0,0,0,0,0
1.9824965000152588,-1.0,0.0,0.0,0.0,0.0,0.0,0.0,0.0,0.0,0.03,0,0,0,0,0,0,0,0,0,0,0,0,0,0,0,0,0,0,0,0,0
1.9849326610565186,-1.0,0.0,0.0,0.0,0.0,0.0,0.0,0.0,0.0,0.03,0,0,0,0,0,0,0,0,0,0,0,0,0,0,0,0,0,0,0,0,0
1.9865515232086182,-1.0,0.0,0.0,0.0,0.0,0.0,0.0,0.0,0.0,0.03,0,0,0,0,0,0,0,0,0,0,0,0,0,0,0,0,0,0,0,0,0
1.9878933429718018,-1.0,0.0,0.0,0.0,0.0,0.0,0.0,0.0,0.0,0.03,0,0,0,0,0,0,0,0,0,0,0,0,0,0,0,0,0,0,0,0,0
1.9890317916870117,-1.0,0.0,0.0,0.0,0.0,0.0,0.0,0.0,0.0,0.03,0,0,0,0,0,0,0,0,0,0,0,0,0,0,0,0,0,0,0,0,0
1.9907896518707275,-1.0,0.0,0.0,0.0,0.0,0.0,0.0,0.0,0.0,0.03,0,0,0,0,0,0,0,0,0,0,0,0,0,0,0,0,0,0,0,0,0
1.9920568466186523,-1.0,0.0,0.0,0.0,0.0,0.0,0.0,0.0,0.0,0.03,0,0,0,0,0,0,0,0,0,0,0,0,0,0,0,0,0,0,0,0,0
1.9934160709381104,-1.0,0.0,0.0,0.0,0.0,0.0,0.0,0.0,0.0,0.03,0,0,0,0,0,0,0,0,0,0,0,0,0,0,0,0,0,0,0,0,0
1.9950830936431885,-1.0,0.0,0.0,0.0,0.0,0.0,0.0,0.0,0.0,0.03,0,0,0,0,0,0,0,0,0,0,0,0,0,0,0,0,0,0,0,0,0
1.9964723587036133,-1.0,0.0,0.0,0.0,0.0,0.0,0.0,0.0,0.0,0.03,0,0,0,0,0,0,0,0,0,0,0,0,0,0,0,0,0,0,0,0,0
1.9975459575653076,-1.0,0.0,0.0,0.0,0.0,0.0,0.0,0.0,0.0,0.03,0,0,0,0,0,0,0,0,0,0,0,0,0,0,0,0,0,0,0,0,0
2.000570297241211,-1.0,0.0,0.0,0.0,0.0,0.0,0.0,0.0,0.0,0.03,0,0,0,0,0,0,0,0,0,0,0,0,0,0,0,0,0,0,0,0,0
2.0022177696228027,-1.0,0.0,0.0,0.0,0.0,0.0,0.0,0.0,0.0,0.03,0,0,0,0,0,0,0,0,0,0,0,0,0,0,0,0,0,0,0,0,0
2.003347158432007,-1.0,0.0,0.0,0.0,0.0,0.0,0.0,0.0,0.0,0.03,0,0,0,0,0,0,0,0,0,0,0,0,0,0,0,0,0,0,0,0,0
2.0046298503875732,-1.0,0.0,0.0,0.0,0.0,0.0,0.0,0.0,0.0,0.03,0,0,0,0,0,0,0,0,0,0,0,0,0,0,0,0,0,0,0,0,0
2.0063788890838623,-1.0,0.0,0.0,0.0,0.0,0.0,0.0,0.0,0.0,0.03,0,0,0,0,0,0,0,0,0,0,0,0,0,0,0,0,0,0,0,0,0
2.0078439712524414,-1.0,0.0,0.0,0.0,0.0,0.0,0.0,0.0,0.0,0.03,0,0,0,0,0,0,0,0,0,0,0,0,0,0,0,0,0,0,0,0,0
2.0093276500701904,-1.0,0.0,0.0,0.0,0.0,0.0,0.0,0.0,0.0,0.03,0,0,0,0,0,0,0,0,0,0,0,0,0,0,0,0,0,0,0,0,0
2.0107340812683105,-1.0,0.0,0.0,0.0,0.0,0.0,0.0,0.0,0.0,0.03,0,0,0,0,0,0,0,0,0,0,0,0,0,0,0,0,0,0,0,0,0
2.012139081954956,-1.0,0.0,0.0,0.0,0.0,0.0,0.0,0.0,0.0,0.03,0,0,0,0,0,0,0,0,0,0,0,0,0,0,0,0,0,0,0,0,0
2.0138659477233887,-1.0,0.0,0.0,0.0,0.0,0.0,0.0,0.0,0.0,0.03,0,0,0,0,0,0,0,0,0,0,0,0,0,0,0,0,0,0,0,0,0
2.0157957077026367,-1.0,0.0,0.0,0.0,0.0,0.0,0.0,0.0,0.0,0.03,0,0,0,0,0,0,0,0,0,0,0,0,0,0,0,0,0,0,0,0,0
2.0169012546539307,-1.0,0.0,0.0,0.0,0.0,0.0,0.0,0.0,0.0,0.03,0,0,0,0,0,0,0,0,0,0,0,0,0,0,0,0,0,0,0,0,0
2.018468141555786,-1.0,0.0,0.0,0.0,0.0,0.0,0.0,0.0,0.0,0.03,0,0,0,0,0,0,0,0,0,0,0,0,0,0,0,0,0,0,0,0,0
2.0198445320129395,-1.0,0.0,0.0,0.0,0.0,0.0,0.0,0.0,0.0,0.03,0,0,0,0,0,0,0,0,0,0,0,0,0,0,0,0,0,0,0,0,0
2.0209860801696777,-1.0,0.0,0.0,0.0,0.0,0.0,0.0,0.0,0.0,0.03,0,0,0,0,0,0,0,0,0,0,0,0,0,0,0,0,0,0,0,0,0
2.02204966545105,-1.0,0.0,0.0,0.0,0.0,0.0,0.0,0.0,0.0,0.03,0,0,0,0,0,0,0,0,0,0,0,0,0,0,0,0,0,0,0,0,0
2.023188829421997,-1.0,0.0,0.0,0.0,0.0,0.0,0.0,0.0,0.0,0.03,0,0,0,0,0,0,0,0,0,0,0,0,0,0,0,0,0,0,0,0,0
2.0243451595306396,-1.0,0.0,0.0,0.0,0.0,0.0,0.0,0.0,0.0,0.03,0,0,0,0,0,0,0,0,0,0,0,0,0,0,0,0,0,0,0,0,0
2.0261757373809814,-1.0,0.0,0.0,0.0,0.0,0.0,0.0,0.0,0.0,0.03,0,0,0,0,0,0,0,0,0,0,0,0,0,0,0,0,0,0,0,0,0
2.027738571166992,-1.0,0.0,0.0,0.0,0.0,0.0,0.0,0.0,0.0,0.03,0,0,0,0,0,0,0,0,0,0,0,0,0,0,0,0,0,0,0,0,0
2.0307936668395996,-1.0,0.0,0.0,0.0,0.0,0.0,0.0,0.0,0.0,0.03,0,0,0,0,0,0,0,0,0,0,0,0,0,0,0,0,0,0,0,0,0
2.031992197036743,-1.0,0.0,0.0,0.0,0.0,0.0,0.0,0.0,0.0,0.03,0,0,0,0,0,0,0,0,0,0,0,0,0,0,0,0,0,0,0,0,0
2.0330917835235596,-1.0,0.0,0.0,0.0,0.0,0.0,0.0,0.0,0.0,0.03,0,0,0,0,0,0,0,0,0,0,0,0,0,0,0,0,0,0,0,0,0
2.034266710281372,-1.0,0.0,0.0,0.0,0.0,0.0,0.0,0.0,0.0,0.03,0,0,0,0,0,0,0,0,0,0,0,0,0,0,0,0,0,0,0,0,0
2.0358359813690186,-1.0,0.0,0.0,0.0,0.0,0.0,0.0,0.0,0.0,0.03,0,0,0,0,0,0,0,0,0,0,0,0,0,0,0,0,0,0,0,0,0
2.0374505519866943,-1.0,0.0,0.0,0.0,0.0,0.0,0.0,0.0,0.0,0.03,0,0,0,0,0,0,0,0,0,0,0,0,0,0,0,0,0,0,0,0,0
2.038738965988159,-1.0,0.0,0.0,0.0,0.0,0.0,0.0,0.0,0.0,0.03,0,0,0,0,0,0,0,0,0,0,0,0,0,0,0,0,0,0,0,0,0
2.0409672260284424,-1.0,0.0,0.0,0.0,0.0,0.0,0.0,0.0,0.0,0.03,0,0,0,0,0,0,0,0,0,0,0,0,0,0,0,0,0,0,0,0,0
2.0420756340026855,-1.0,0.0,0.0,0.0,0.0,0.0,0.0,0.0,0.0,0.03,0,0,0,0,0,0,0,0,0,0,0,0,0,0,0,0,0,0,0,0,0
2.043170213699341,-1.0,0.0,0.0,0.0,0.0,0.0,0.0,0.0,0.0,0.03,0,0,0,0,0,0,0,0,0,0,0,0,0,0,0,0,0,0,0,0,0
2.044313669204712,-1.0,0.0,0.0,0.0,0.0,0.0,0.0,0.0,0.0,0.03,0,0,0,0,0,0,0,0,0,0,0,0,0,0,0,0,0,0,0,0,0
2.0454022884368896,-1.0,0.0,0.0,0.0,0.0,0.0,0.0,0.0,0.0,0.03,0,0,0,0,0,0,0,0,0,0,0,0,0,0,0,0,0,0,0,0,0
2.047691822052002,-1.0,0.0,0.0,0.0,0.0,0.0,0.0,0.0,0.0,0.03,0,0,0,0,0,0,0,0,0,0,0,0,0,0,0,0,0,0,0,0,0
2.0496952533721924,-1.0,0.0,0.0,0.0,0.0,0.0,0.0,0.0,0.0,0.03,0,0,0,0,0,0,0,0,0,0,0,0,0,0,0,0,0,0,0,0,0
2.0511491298675537,-1.0,0.0,0.0,0.0,0.0,0.0,0.0,0.0,0.0,0.03,0,0,0,0,0,0,0,0,0,0,0,0,0,0,0,0,0,0,0,0,0
2.052239418029785,-1.0,0.0,0.0,0.0,0.0,0.0,0.0,0.0,0.0,0.03,0,0,0,0,0,0,0,0,0,0,0,0,0,0,0,0,0,0,0,0,0
2.0539073944091797,-1.0,0.0,0.0,0.0,0.0,0.0,0.0,0.0,0.0,0.03,0,0,0,0,0,0,0,0,0,0,0,0,0,0,0,0,0,0,0,0,0
2.0556275844573975,-1.0,0.0,0.0,0.0,0.0,0.0,0.0,0.0,0.0,0.03,0,0,0,0,0,0,0,0,0,0,0,0,0,0,0,0,0,0,0,0,0
2.0568912029266357,-1.0,0.0,0.0,0.0,0.0,0.0,0.0,0.0,0.0,0.03,0,0,0,0,0,0,0,0,0,0,0,0,0,0,0,0,0,0,0,0,0
2.058089256286621,-1.0,0.0,0.0,0.0,0.0,0.0,0.0,0.0,0.0,0.03,0,0,0,0,0,0,0,0,0,0,0,0,0,0,0,0,0,0,0,0,0
2.0593910217285156,-1.0,0.0,0.0,0.0,0.0,0.0,0.0,0.0,0.0,0.03,0,0,0,0,0,0,0,0,0,0,0,0,0,0,0,0,0,0,0,0,0
2.0604889392852783,-1.0,0.0,0.0,0.0,0.0,0.0,0.0,0.0,0.0,0.03,0,0,0,0,0,0,0,0,0,0,0,0,0,0,0,0,0,0,0,0,0
2.064116954803467,-1.0,0.0,0.0,0.0,0.0,0.0,0.0,0.0,0.0,0.03,0,0,0,0,0,0,0,0,0,0,0,0,0,0,0,0,0,0,0,0,0
2.065683126449585,-1.0,0.0,0.0,0.0,0.0,0.0,0.0,0.0,0.0,0.03,0,0,0,0,0,0,0,0,0,0,0,0,0,0,0,0,0,0,0,0,0
2.067561388015747,-1.0,0.0,0.0,0.0,0.0,0.0,0.0,0.0,0.0,0.03,0,0,0,0,0,0,0,0,0,0,0,0,0,0,0,0,0,0,0,0,0
2.070880174636841,-1.0,0.0,0.0,0.0,0.0,0.0,0.0,0.0,0.0,0.03,0,0,0,0,0,0,0,0,0,0,0,0,0,0,0,0,0,0,0,0,0
2.071974277496338,-1.0,0.0,0.0,0.0,0.0,0.0,0.0,0.0,0.0,0.03,0,0,0,0,0,0,0,0,0,0,0,0,0,0,0,0,0,0,0,0,0
2.073375701904297,-1.0,0.0,0.0,0.0,0.0,0.0,0.0,0.0,0.0,0.03,0,0,0,0,0,0,0,0,0,0,0,0,0,0,0,0,0,0,0,0,0
2.0746235847473145,-1.0,0.0,0.0,0.0,0.0,0.0,0.0,0.0,0.0,0.03,0,0,0,0,0,0,0,0,0,0,0,0,0,0,0,0,0,0,0,0,0
2.0760715007781982,-1.0,0.0,0.0,0.0,0.0,0.0,0.0,0.0,0.0,0.03,0,0,0,0,0,0,0,0,0,0,0,0,0,0,0,0,0,0,0,0,0
2.07718825340271,-1.0,0.0,0.0,0.0,0.0,0.0,0.0,0.0,0.0,0.03,0,0,0,0,0,0,0,0,0,0,0,0,0,0,0,0,0,0,0,0,0
2.078519105911255,-1.0,0.0,0.0,0.0,0.0,0.0,0.0,0.0,0.0,0.03,0,0,0,0,0,0,0,0,0,0,0,0,0,0,0,0,0,0,0,0,0
2.07962703704834,-1.0,0.0,0.0,0.0,0.0,0.0,0.0,0.0,0.0,0.03,0,0,0,0,0,0,0,0,0,0,0,0,0,0,0,0,0,0,0,0,0
2.0806949138641357,-1.0,0.0,0.0,0.0,0.0,0.0,0.0,0.0,0.0,0.03,0,0,0,0,0,0,0,0,0,0,0,0,0,0,0,0,0,0,0,0,0
2.0818114280700684,-1.0,0.0,0.0,0.0,0.0,0.0,0.0,0.0,0.0,0.03,0,0,0,0,0,0,0,0,0,0,0,0,0,0,0,0,0,0,0,0,0
2.0830562114715576,-1.0,0.0,0.0,0.0,0.0,0.0,0.0,0.0,0.0,0.03,0,0,0,0,0,0,0,0,0,0,0,0,0,0,0,0,0,0,0,0,0
2.08414626121521,-1.0,0.0,0.0,0.0,0.0,0.0,0.0,0.0,0.0,0.03,0,0,0,0,0,0,0,0,0,0,0,0,0,0,0,0,0,0,0,0,0
2.0852301120758057,-1.0,0.0,0.0,0.0,0.0,0.0,0.0,0.0,0.0,0.03,0,0,0,0,0,0,0,0,0,0,0,0,0,0,0,0,0,0,0,0,0
2.0867886543273926,-1.0,0.0,0.0,0.0,0.0,0.0,0.0,0.0,0.0,0.03,0,0,0,0,0,0,0,0,0,0,0,0,0,0,0,0,0,0,0,0,0
2.0883870124816895,-1.0,0.0,0.0,0.0,0.0,0.0,0.0,0.0,0.0,0.03,0,0,0,0,0,0,0,0,0,0,0,0,0,0,0,0,0,0,0,0,0
2.0915732383728027,-1.0,0.0,0.0,0.0,0.0,0.0,0.0,0.0,0.0,0.03,0,0,0,0,0,0,0,0,0,0,0,0,0,0,0,0,0,0,0,0,0
2.092769145965576,-1.0,0.0,0.0,0.0,0.0,0.0,0.0,0.0,0.0,0.03,0,0,0,0,0,0,0,0,0,0,0,0,0,0,0,0,0,0,0,0,0
2.094111919403076,-1.0,0.0,0.0,0.0,0.0,0.0,0.0,0.0,0.0,0.03,0,0,0,0,0,0,0,0,0,0,0,0,0,0,0,0,0,0,0,0,0
2.096146821975708,-1.0,0.0,0.0,0.0,0.0,0.0,0.0,0.0,0.0,0.03,0,0,0,0,0,0,0,0,0,0,0,0,0,0,0,0,0,0,0,0,0
2.097412347793579,-1.0,0.0,0.0,0.0,0.0,0.0,0.0,0.0,0.0,0.03,0,0,0,0,0,0,0,0,0,0,0,0,0,0,0,0,0,0,0,0,0
2.0986523628234863,-1.0,0.0,0.0,0.0,0.0,0.0,0.0,0.0,0.0,0.03,0,0,0,0,0,0,0,0,0,0,0,0,0,0,0,0,0,0,0,0,0
2.099741220474243,-1.0,0.0,0.0,0.0,0.0,0.0,0.0,0.0,0.0,0.03,0,0,0,0,0,0,0,0,0,0,0,0,0,0,0,0,0,0,0,0,0
2.10099720954895,-1.0,0.0,0.0,0.0,0.0,0.0,0.0,0.0,0.0,0.03,0,0,0,0,0,0,0,0,0,0,0,0,0,0,0,0,0,0,0,0,0
2.102120876312256,-1.0,0.0,0.0,0.0,0.0,0.0,0.0,0.0,0.0,0.03,0,0,0,0,0,0,0,0,0,0,0,0,0,0,0,0,0,0,0,0,0
2.1032938957214355,-1.0,0.0,0.0,0.0,0.0,0.0,0.0,0.0,0.0,0.03,0,0,0,0,0,0,0,0,0,0,0,0,0,0,0,0,0,0,0,0,0
2.104379415512085,-1.0,0.0,0.0,0.0,0.0,0.0,0.0,0.0,0.0,0.03,0,0,0,0,0,0,0,0,0,0,0,0,0,0,0,0,0,0,0,0,0
2.105743885040283,-1.0,0.0,0.0,0.0,0.0,0.0,0.0,0.0,0.0,0.03,0,0,0,0,0,0,0,0,0,0,0,0,0,0,0,0,0,0,0,0,0
2.1072916984558105,-1.0,0.0,0.0,0.0,0.0,0.0,0.0,0.0,0.0,0.03,0,0,0,0,0,0,0,0,0,0,0,0,0,0,0,0,0,0,0,0,0
2.109067440032959,-1.0,0.0,0.0,0.0,0.0,0.0,0.0,0.0,0.0,0.03,0,0,0,0,0,0,0,0,0,0,0,0,0,0,0,0,0,0,0,0,0
2.1104891300201416,-1.0,0.0,0.0,0.0,0.0,0.0,0.0,0.0,0.0,0.03,0,0,0,0,0,0,0,0,0,0,0,0,0,0,0,0,0,0,0,0,0
2.1119134426116943,-1.0,0.0,0.0,0.0,0.0,0.0,0.0,0.0,0.0,0.03,0,0,0,0,0,0,0,0,0,0,0,0,0,0,0,0,0,0,0,0,0
2.1135435104370117,-1.0,0.0,0.0,0.0,0.0,0.0,0.0,0.0,0.0,0.03,0,0,0,0,0,0,0,0,0,0,0,0,0,0,0,0,0,0,0,0,0
2.1147544384002686,-1.0,0.0,0.0,0.0,0.0,0.0,0.0,0.0,0.0,0.03,0,0,0,0,0,0,0,0,0,0,0,0,0,0,0,0,0,0,0,0,0
2.1158852577209473,-1.0,0.0,0.0,0.0,0.0,0.0,0.0,0.0,0.0,0.03,0,0,0,0,0,0,0,0,0,0,0,0,0,0,0,0,0,0,0,0,0
2.117095947265625,-1.0,0.0,0.0,0.0,0.0,0.0,0.0,0.0,0.0,0.03,0,0,0,0,0,0,0,0,0,0,0,0,0,0,0,0,0,0,0,0,0
2.1184003353118896,-1.0,0.0,0.0,0.0,0.0,0.0,0.0,0.0,0.0,0.03,0,0,0,0,0,0,0,0,0,0,0,0,0,0,0,0,0,0,0,0,0
2.1196210384368896,-1.0,0.0,0.0,0.0,0.0,0.0,0.0,0.0,0.0,0.03,0,0,0,0,0,0,0,0,0,0,0,0,0,0,0,0,0,0,0,0,0
2.1207094192504883,-1.0,0.0,0.0,0.0,0.0,0.0,0.0,0.0,0.0,0.03,0,0,0,0,0,0,0,0,0,0,0,0,0,0,0,0,0,0,0,0,0
2.1233322620391846,-1.0,0.0,0.0,0.0,0.0,0.0,0.0,0.0,0.0,0.03,0,0,0,0,0,0,0,0,0,0,0,0,0,0,0,0,0,0,0,0,0
2.1247737407684326,-1.0,0.0,0.0,0.0,0.0,0.0,0.0,0.0,0.0,0.03,0,0,0,0,0,0,0,0,0,0,0,0,0,0,0,0,0,0,0,0,0
2.1264002323150635,-1.0,0.0,0.0,0.0,0.0,0.0,0.0,0.0,0.0,0.03,0,0,0,0,0,0,0,0,0,0,0,0,0,0,0,0,0,0,0,0,0
2.1284406185150146,-1.0,0.0,0.0,0.0,0.0,0.0,0.0,0.0,0.0,0.03,0,0,0,0,0,0,0,0,0,0,0,0,0,0,0,0,0,0,0,0,0
2.129791736602783,-1.0,0.0,0.0,0.0,0.0,0.0,0.0,0.0,0.0,0.03,0,0,0,0,0,0,0,0,0,0,0,0,0,0,0,0,0,0,0,0,0
2.1309821605682373,-1.0,0.0,0.0,0.0,0.0,0.0,0.0,0.0,0.0,0.03,0,0,0,0,0,0,0,0,0,0,0,0,0,0,0,0,0,0,0,0,0
2.1321427822113037,-1.0,0.0,0.0,0.0,0.0,0.0,0.0,0.0,0.0,0.03,0,0,0,0,0,0,0,0,0,0,0,0,0,0,0,0,0,0,0,0,0
2.13398814201355,-1.0,0.0,0.0,0.0,0.0,0.0,0.0,0.0,0.0,0.03,0,0,0,0,0,0,0,0,0,0,0,0,0,0,0,0,0,0,0,0,0
2.135078191757202,-1.0,0.0,0.0,0.0,0.0,0.0,0.0,0.0,0.0,0.03,0,0,0,0,0,0,0,0,0,0,0,0,0,0,0,0,0,0,0,0,0
2.1364991664886475,-1.0,0.0,0.0,0.0,0.0,0.0,0.0,0.0,0.0,0.03,0,0,0,0,0,0,0,0,0,0,0,0,0,0,0,0,0,0,0,0,0
2.137596368789673,-1.0,0.0,0.0,0.0,0.0,0.0,0.0,0.0,0.0,0.03,0,0,0,0,0,0,0,0,0,0,0,0,0,0,0,0,0,0,0,0,0
2.1393611431121826,-1.0,0.0,0.0,0.0,0.0,0.0,0.0,0.0,0.0,0.03,0,0,0,0,0,0,0,0,0,0,0,0,0,0,0,0,0,0,0,0,0
2.1408939361572266,-1.0,0.0,0.0,0.0,0.0,0.0,0.0,0.0,0.0,0.03,0,0,0,0,0,0,0,0,0,0,0,0,0,0,0,0,0,0,0,0,0
2.142083168029785,-1.0,0.0,0.0,0.0,0.0,0.0,0.0,0.0,0.0,0.03,0,0,0,0,0,0,0,0,0,0,0,0,0,0,0,0,0,0,0,0,0
2.1431798934936523,-1.0,0.0,0.0,0.0,0.0,0.0,0.0,0.0,0.0,0.03,0,0,0,0,0,0,0,0,0,0,0,0,0,0,0,0,0,0,0,0,0
2.1443889141082764,-1.0,0.0,0.0,0.0,0.0,0.0,0.0,0.0,0.0,0.03,0,0,0,0,0,0,0,0,0,0,0,0,0,0,0,0,0,0,0,0,0
2.14558482170105,-1.0,0.0,0.0,0.0,0.0,0.0,0.0,0.0,0.0,0.03,0,0,0,0,0,0,0,0,0,0,0,0,0,0,0,0,0,0,0,0,0
2.1467130184173584,-1.0,0.0,0.0,0.0,0.0,0.0,0.0,0.0,0.0,0.03,0,0,0,0,0,0,0,0,0,0,0,0,0,0,0,0,0,0,0,0,0
2.1485400199890137,-1.0,0.0,0.0,0.0,0.0,0.0,0.0,0.0,0.0,0.03,0,0,0,0,0,0,0,0,0,0,0,0,0,0,0,0,0,0,0,0,0
2.149721384048462,-1.0,0.0,0.0,0.0,0.0,0.0,0.0,0.0,0.0,0.03,0,0,0,0,0,0,0,0,0,0,0,0,0,0,0,0,0,0,0,0,0
2.1525800228118896,-1.0,0.0,0.0,0.0,0.0,0.0,0.0,0.0,0.0,0.03,0,0,0,0,0,0,0,0,0,0,0,0,0,0,0,0,0,0,0,0,0
2.153796672821045,-1.0,0.0,0.0,0.0,0.0,0.0,0.0,0.0,0.0,0.03,0,0,0,0,0,0,0,0,0,0,0,0,0,0,0,0,0,0,0,0,0
2.1556036472320557,-1.0,0.0,0.0,0.0,0.0,0.0,0.0,0.0,0.0,0.03,0,0,0,0,0,0,0,0,0,0,0,0,0,0,0,0,0,0,0,0,0
2.1572859287261963,-1.0,0.0,0.0,0.0,0.0,0.0,0.0,0.0,0.0,0.03,0,0,0,0,0,0,0,0,0,0,0,0,0,0,0,0,0,0,0,0,0
2.158615827560425,-1.0,0.0,0.0,0.0,0.0,0.0,0.0,0.0,0.0,0.03,0,0,0,0,0,0,0,0,0,0,0,0,0,0,0,0,0,0,0,0,0
2.1609389781951904,-1.0,0.0,0.0,0.0,0.0,0.0,0.0,0.0,0.0,0.03,0,0,0,0,0,0,0,0,0,0,0,0,0,0,0,0,0,0,0,0,0
2.1620073318481445,-1.0,0.0,0.0,0.0,0.0,0.0,0.0,0.0,0.0,0.03,0,0,0,0,0,0,0,0,0,0,0,0,0,0,0,0,0,0,0,0,0
2.163127899169922,-1.0,0.0,0.0,0.0,0.0,0.0,0.0,0.0,0.0,0.03,0,0,0,0,0,0,0,0,0,0,0,0,0,0,0,0,0,0,0,0,0
2.1642649173736572,-1.0,0.0,0.0,0.0,0.0,0.0,0.0,0.0,0.0,0.03,0,0,0,0,0,0,0,0,0,0,0,0,0,0,0,0,0,0,0,0,0
2.1655025482177734,-1.0,0.0,0.0,0.0,0.0,0.0,0.0,0.0,0.0,0.03,0,0,0,0,0,0,0,0,0,0,0,0,0,0,0,0,0,0,0,0,0
2.166642427444458,-1.0,0.0,0.0,0.0,0.0,0.0,0.0,0.0,0.0,0.03,0,0,0,0,0,0,0,0,0,0,0,0,0,0,0,0,0,0,0,0,0
2.169837236404419,-1.0,0.0,0.0,0.0,0.0,0.0,0.0,0.0,0.0,0.03,0,0,0,0,0,0,0,0,0,0,0,0,0,0,0,0,0,0,0,0,0
2.1712725162506104,-1.0,0.0,0.0,0.0,0.0,0.0,0.0,0.0,0.0,0.03,0,0,0,0,0,0,0,0,0,0,0,0,0,0,0,0,0,0,0,0,0
2.172581195831299,-1.0,0.0,0.0,0.0,0.0,0.0,0.0,0.0,0.0,0.03,0,0,0,0,0,0,0,0,0,0,0,0,0,0,0,0,0,0,0,0,0
2.173676013946533,-1.0,0.0,0.0,0.0,0.0,0.0,0.0,0.0,0.0,0.03,0,0,0,0,0,0,0,0,0,0,0,0,0,0,0,0,0,0,0,0,0
2.17537522315979,-1.0,0.0,0.0,0.0,0.0,0.0,0.0,0.0,0.0,0.03,0,0,0,0,0,0,0,0,0,0,0,0,0,0,0,0,0,0,0,0,0
2.1774165630340576,-1.0,0.0,0.0,0.0,0.0,0.0,0.0,0.0,0.0,0.03,0,0,0,0,0,0,0,0,0,0,0,0,0,0,0,0,0,0,0,0,0
2.1787497997283936,-1.0,0.0,0.0,0.0,0.0,0.0,0.0,0.0,0.0,0.03,0,0,0,0,0,0,0,0,0,0,0,0,0,0,0,0,0,0,0,0,0
2.180293083190918,-1.0,0.0,0.0,0.0,0.0,0.0,0.0,0.0,0.0,0.03,0,0,0,0,0,0,0,0,0,0,0,0,0,0,0,0,0,0,0,0,0
2.18156361579895,-1.0,0.0,0.0,0.0,0.0,0.0,0.0,0.0,0.0,0.03,0,0,0,0,0,0,0,0,0,0,0,0,0,0,0,0,0,0,0,0,0
2.1826529502868652,-1.0,0.0,0.0,0.0,0.0,0.0,0.0,0.0,0.0,0.03,0,0,0,0,0,0,0,0,0,0,0,0,0,0,0,0,0,0,0,0,0
2.1854777336120605,-1.0,0.0,0.0,0.0,0.0,0.0,0.0,0.0,0.0,0.03,0,0,0,0,0,0,0,0,0,0,0,0,0,0,0,0,0,0,0,0,0
2.187030076980591,-1.0,0.0,0.0,0.0,0.0,0.0,0.0,0.0,0.0,0.03,0,0,0,0,0,0,0,0,0,0,0,0,0,0,0,0,0,0,0,0,0
2.1891820430755615,-1.0,0.0,0.0,0.0,0.0,0.0,0.0,0.0,0.0,0.03,0,0,0,0,0,0,0,0,0,0,0,0,0,0,0,0,0,0,0,0,0
2.190568208694458,-1.0,0.0,0.0,0.0,0.0,0.0,0.0,0.0,0.0,0.03,0,0,0,0,0,0,0,0,0,0,0,0,0,0,0,0,0,0,0,0,0
2.1922647953033447,-1.0,0.0,0.0,0.0,0.0,0.0,0.0,0.0,0.0,0.03,0,0,0,0,0,0,0,0,0,0,0,0,0,0,0,0,0,0,0,0,0
2.1937363147735596,-1.0,0.0,0.0,0.0,0.0,0.0,0.0,0.0,0.0,0.03,0,0,0,0,0,0,0,0,0,0,0,0,0,0,0,0,0,0,0,0,0
2.195265531539917,-1.0,0.0,0.0,0.0,0.0,0.0,0.0,0.0,0.0,0.03,0,0,0,0,0,0,0,0,0,0,0,0,0,0,0,0,0,0,0,0,0
2.1963322162628174,-1.0,0.0,0.0,0.0,0.0,0.0,0.0,0.0,0.0,0.03,0,0,0,0,0,0,0,0,0,0,0,0,0,0,0,0,0,0,0,0,0
2.1976027488708496,-1.0,0.0,0.0,0.0,0.0,0.0,0.0,0.0,0.0,0.03,0,0,0,0,0,0,0,0,0,0,0,0,0,0,0,0,0,0,0,0,0
2.1987826824188232,-1.0,0.0,0.0,0.0,0.0,0.0,0.0,0.0,0.0,0.03,0,0,0,0,0,0,0,0,0,0,0,0,0,0,0,0,0,0,0,0,0
2.200103282928467,-1.0,0.0,0.0,0.0,0.0,0.0,0.0,0.0,0.0,0.03,0,0,0,0,0,0,0,0,0,0,0,0,0,0,0,0,0,0,0,0,0
2.2015576362609863,-1.0,0.0,0.0,0.0,0.0,0.0,0.0,0.0,0.0,0.03,0,0,0,0,0,0,0,0,0,0,0,0,0,0,0,0,0,0,0,0,0
2.202648401260376,-1.0,0.0,0.0,0.0,0.0,0.0,0.0,0.0,0.0,0.03,0,0,0,0,0,0,0,0,0,0,0,0,0,0,0,0,0,0,0,0,0
2.203881025314331,-1.0,0.0,0.0,0.0,0.0,0.0,0.0,0.0,0.0,0.03,0,0,0,0,0,0,0,0,0,0,0,0,0,0,0,0,0,0,0,0,0
2.205122947692871,-1.0,0.0,0.0,0.0,0.0,0.0,0.0,0.0,0.0,0.03,0,0,0,0,0,0,0,0,0,0,0,0,0,0,0,0,0,0,0,0,0
2.2062201499938965,-1.0,0.0,0.0,0.0,0.0,0.0,0.0,0.0,0.0,0.03,0,0,0,0,0,0,0,0,0,0,0,0,0,0,0,0,0,0,0,0,0
2.2073068618774414,-1.0,0.0,0.0,0.0,0.0,0.0,0.0,0.0,0.0,0.03,0,0,0,0,0,0,0,0,0,0,0,0,0,0,0,0,0,0,0,0,0
2.2088139057159424,-1.0,0.0,0.0,0.0,0.0,0.0,0.0,0.0,0.0,0.03,0,0,0,0,0,0,0,0,0,0,0,0,0,0,0,0,0,0,0,0,0
2.2103607654571533,-1.0,0.0,0.0,0.0,0.0,0.0,0.0,0.0,0.0,0.03,0,0,0,0,0,0,0,0,0,0,0,0,0,0,0,0,0,0,0,0,0
2.212132692337036,-1.0,0.0,0.0,0.0,0.0,0.0,0.0,0.0,0.0,0.03,0,0,0,0,0,0,0,0,0,0,0,0,0,0,0,0,0,0,0,0,0
2.213413715362549,-1.0,0.0,0.0,0.0,0.0,0.0,0.0,0.0,0.0,0.03,0,0,0,0,0,0,0,0,0,0,0,0,0,0,0,0,0,0,0,0,0
2.2145917415618896,-1.0,0.0,0.0,0.0,0.0,0.0,0.0,0.0,0.0,0.03,0,0,0,0,0,0,0,0,0,0,0,0,0,0,0,0,0,0,0,0,0
2.2158443927764893,-1.0,0.0,0.0,0.0,0.0,0.0,0.0,0.0,0.0,0.03,0,0,0,0,0,0,0,0,0,0,0,0,0,0,0,0,0,0,0,0,0
2.217043399810791,-1.0,0.0,0.0,0.0,0.0,0.0,0.0,0.0,0.0,0.03,0,0,0,0,0,0,0,0,0,0,0,0,0,0,0,0,0,0,0,0,0
2.218201160430908,-1.0,0.0,0.0,0.0,0.0,0.0,0.0,0.0,0.0,0.03,0,0,0,0,0,0,0,0,0,0,0,0,0,0,0,0,0,0,0,0,0
2.2194199562072754,-1.0,0.0,0.0,0.0,0.0,0.0,0.0,0.0,0.0,0.03,0,0,0,0,0,0,0,0,0,0,0,0,0,0,0,0,0,0,0,0,0
2.2207202911376953,-1.0,0.0,0.0,0.0,0.0,0.0,0.0,0.0,0.0,0.03,0,0,0,0,0,0,0,0,0,0,0,0,0,0,0,0,0,0,0,0,0
2.2222816944122314,-1.0,0.0,0.0,0.0,0.0,0.0,0.0,0.0,0.0,0.03,0,0,0,0,0,0,0,0,0,0,0,0,0,0,0,0,0,0,0,0,0
2.2234385013580322,-1.0,0.0,0.0,0.0,0.0,0.0,0.0,0.0,0.0,0.03,0,0,0,0,0,0,0,0,0,0,0,0,0,0,0,0,0,0,0,0,0
2.224773645401001,-1.0,0.0,0.0,0.0,0.0,0.0,0.0,0.0,0.0,0.03,0,0,0,0,0,0,0,0,0,0,0,0,0,0,0,0,0,0,0,0,0
2.225822687149048,-1.0,0.0,0.0,0.0,0.0,0.0,0.0,0.0,0.0,0.03,0,0,0,0,0,0,0,0,0,0,0,0,0,0,0,0,0,0,0,0,0
2.2274045944213867,-1.0,0.0,0.0,0.0,0.0,0.0,0.0,0.0,0.0,0.03,0,0,0,0,0,0,0,0,0,0,0,0,0,0,0,0,0,0,0,0,0
2.228766918182373,-1.0,0.0,0.0,0.0,0.0,0.0,0.0,0.0,0.0,0.03,0,0,0,0,0,0,0,0,0,0,0,0,0,0,0,0,0,0,0,0,0
2.2299249172210693,-1.0,0.0,0.0,0.0,0.0,0.0,0.0,0.0,0.0,0.03,0,0,0,0,0,0,0,0,0,0,0,0,0,0,0,0,0,0,0,0,0
2.232309341430664,-1.0,0.0,0.0,0.0,0.0,0.0,0.0,0.0,0.0,0.03,0,0,0,0,0,0,0,0,0,0,0,0,0,0,0,0,0,0,0,0,0
2.2334561347961426,-1.0,0.0,0.0,0.0,0.0,0.0,0.0,0.0,0.0,0.03,0,0,0,0,0,0,0,0,0,0,0,0,0,0,0,0,0,0,0,0,0
2.2345497608184814,-1.0,0.0,0.0,0.0,0.0,0.0,0.0,0.0,0.0,0.03,0,0,0,0,0,0,0,0,0,0,0,0,0,0,0,0,0,0,0,0,0
2.2359793186187744,-1.0,0.0,0.0,0.0,0.0,0.0,0.0,0.0,0.0,0.03,0,0,0,0,0,0,0,0,0,0,0,0,0,0,0,0,0,0,0,0,0
2.237539768218994,-1.0,0.0,0.0,0.0,0.0,0.0,0.0,0.0,0.0,0.03,0,0,0,0,0,0,0,0,0,0,0,0,0,0,0,0,0,0,0,0,0
2.2388336658477783,-1.0,0.0,0.0,0.0,0.0,0.0,0.0,0.0,0.0,0.03,0,0,0,0,0,0,0,0,0,0,0,0,0,0,0,0,0,0,0,0,0
2.2404074668884277,-1.0,0.0,0.0,0.0,0.0,0.0,0.0,0.0,0.0,0.03,0,0,0,0,0,0,0,0,0,0,0,0,0,0,0,0,0,0,0,0,0
2.241647958755493,-1.0,0.0,0.0,0.0,0.0,0.0,0.0,0.0,0.0,0.03,0,0,0,0,0,0,0,0,0,0,0,0,0,0,0,0,0,0,0,0,0
2.2427351474761963,-1.0,0.0,0.0,0.0,0.0,0.0,0.0,0.0,0.0,0.03,0,0,0,0,0,0,0,0,0,0,0,0,0,0,0,0,0,0,0,0,0
2.2454988956451416,-1.0,0.0,0.0,0.0,0.0,0.0,0.0,0.0,0.0,0.03,0,0,0,0,0,0,0,0,0,0,0,0,0,0,0,0,0,0,0,0,0
2.2470703125,-1.0,0.0,0.0,0.0,0.0,0.0,0.0,0.0,0.0,0.03,0,0,0,0,0,0,0,0,0,0,0,0,0,0,0,0,0,0,0,0,0
2.248908281326294,-1.0,0.0,0.0,0.0,0.0,0.0,0.0,0.0,0.0,0.03,0,0,0,0,0,0,0,0,0,0,0,0,0,0,0,0,0,0,0,0,0
2.251307725906372,-1.0,0.0,0.0,0.0,0.0,0.0,0.0,0.0,0.0,0.03,0,0,0,0,0,0,0,0,0,0,0,0,0,0,0,0,0,0,0,0,0
2.2528326511383057,-1.0,0.0,0.0,0.0,0.0,0.0,0.0,0.0,0.0,0.03,0,0,0,0,0,0,0,0,0,0,0,0,0,0,0,0,0,0,0,0,0
2.2541961669921875,-1.0,0.0,0.0,0.0,0.0,0.0,0.0,0.0,0.0,0.03,0,0,0,0,0,0,0,0,0,0,0,0,0,0,0,0,0,0,0,0,0
2.2556638717651367,-1.0,0.0,0.0,0.0,0.0,0.0,0.0,0.0,0.0,0.03,0,0,0,0,0,0,0,0,0,0,0,0,0,0,0,0,0,0,0,0,0
2.2572526931762695,-1.0,0.0,0.0,0.0,0.0,0.0,0.0,0.0,0.0,0.03,0,0,0,0,0,0,0,0,0,0,0,0,0,0,0,0,0,0,0,0,0
2.2583963871002197,-1.0,0.0,0.0,0.0,0.0,0.0,0.0,0.0,0.0,0.03,0,0,0,0,0,0,0,0,0,0,0,0,0,0,0,0,0,0,0,0,0
2.260126829147339,-1.0,0.0,0.0,0.0,0.0,0.0,0.0,0.0,0.0,0.03,0,0,0,0,0,0,0,0,0,0,0,0,0,0,0,0,0,0,0,0,0
2.2613840103149414,-1.0,0.0,0.0,0.0,0.0,0.0,0.0,0.0,0.0,0.03,0,0,0,0,0,0,0,0,0,0,0,0,0,0,0,0,0,0,0,0,0
2.262604236602783,-1.0,0.0,0.0,0.0,0.0,0.0,0.0,0.0,0.0,0.03,0,0,0,0,0,0,0,0,0,0,0,0,0,0,0,0,0,0,0,0,0
2.2636990547180176,-1.0,0.0,0.0,0.0,0.0,0.0,0.0,0.0,0.0,0.03,0,0,0,0,0,0,0,0,0,0,0,0,0,0,0,0,0,0,0,0,0
2.264883518218994,-1.0,0.0,0.0,0.0,0.0,0.0,0.0,0.0,0.0,0.03,0,0,0,0,0,0,0,0,0,0,0,0,0,0,0,0,0,0,0,0,0
2.266270160675049,-1.0,0.0,0.0,0.0,0.0,0.0,0.0,0.0,0.0,0.03,0,0,0,0,0,0,0,0,0,0,0,0,0,0,0,0,0,0,0,0,0
2.2674849033355713,-1.0,0.0,0.0,0.0,0.0,0.0,0.0,0.0,0.0,0.03,0,0,0,0,0,0,0,0,0,0,0,0,0,0,0,0,0,0,0,0,0
2.2694902420043945,-1.0,0.0,0.0,0.0,0.0,0.0,0.0,0.0,0.0,0.03,0,0,0,0,0,0,0,0,0,0,0,0,0,0,0,0,0,0,0,0,0
2.2726099491119385,-1.0,0.0,0.0,0.0,0.0,0.0,0.0,0.0,0.0,0.03,0,0,0,0,0,0,0,0,0,0,0,0,0,0,0,0,0,0,0,0,0
2.2737555503845215,-1.0,0.0,0.0,0.0,0.0,0.0,0.0,0.0,0.0,0.03,0,0,0,0,0,0,0,0,0,0,0,0,0,0,0,0,0,0,0,0,0
2.275437831878662,-1.0,0.0,0.0,0.0,0.0,0.0,0.0,0.0,0.0,0.03,0,0,0,0,0,0,0,0,0,0,0,0,0,0,0,0,0,0,0,0,0
2.277482271194458,-1.0,0.0,0.0,0.0,0.0,0.0,0.0,0.0,0.0,0.03,0,0,0,0,0,0,0,0,0,0,0,0,0,0,0,0,0,0,0,0,0
2.278796672821045,-1.0,0.0,0.0,0.0,0.0,0.0,0.0,0.0,0.0,0.03,0,0,0,0,0,0,0,0,0,0,0,0,0,0,0,0,0,0,0,0,0
2.2810685634613037,-1.0,0.0,0.0,0.0,0.0,0.0,0.0,0.0,0.0,0.03,0,0,0,0,0,0,0,0,0,0,0,0,0,0,0,0,0,0,0,0,0
2.282226085662842,-1.0,0.0,0.0,0.0,0.0,0.0,0.0,0.0,0.0,0.03,0,0,0,0,0,0,0,0,0,0,0,0,0,0,0,0,0,0,0,0,0
2.283337354660034,-1.0,0.0,0.0,0.0,0.0,0.0,0.0,0.0,0.0,0.03,0,0,0,0,0,0,0,0,0,0,0,0,0,0,0,0,0,0,0,0,0
2.2845027446746826,-1.0,0.0,0.0,0.0,0.0,0.0,0.0,0.0,0.0,0.03,0,0,0,0,0,0,0,0,0,0,0,0,0,0,0,0,0,0,0,0,0
2.2855896949768066,-1.0,0.0,0.0,0.0,0.0,0.0,0.0,0.0,0.0,0.03,0,0,0,0,0,0,0,0,0,0,0,0,0,0,0,0,0,0,0,0,0
2.286696672439575,-1.0,0.0,0.0,0.0,0.0,0.0,0.0,0.0,0.0,0.03,0,0,0,0,0,0,0,0,0,0,0,0,0,0,0,0,0,0,0,0,0
2.2881782054901123,-1.0,0.0,0.0,0.0,0.0,0.0,0.0,0.0,0.0,0.03,0,0,0,0,0,0,0,0,0,0,0,0,0,0,0,0,0,0,0,0,0
2.290006637573242,-1.0,0.0,0.0,0.0,0.0,0.0,0.0,0.0,0.0,0.03,0,0,0,0,0,0,0,0,0,0,0,0,0,0,0,0,0,0,0,0,0
2.291395664215088,-1.0,0.0,0.0,0.0,0.0,0.0,0.0,0.0,0.0,0.03,0,0,0,0,0,0,0,0,0,0,0,0,0,0,0,0,0,0,0,0,0
2.292505979537964,-1.0,0.0,0.0,0.0,0.0,0.0,0.0,0.0,0.0,0.03,0,0,0,0,0,0,0,0,0,0,0,0,0,0,0,0,0,0,0,0,0
2.2941417694091797,-1.0,0.0,0.0,0.0,0.0,0.0,0.0,0.0,0.0,0.03,0,0,0,0,0,0,0,0,0,0,0,0,0,0,0,0,0,0,0,0,0
2.296487808227539,-1.0,0.0,0.0,0.0,0.0,0.0,0.0,0.0,0.0,0.03,0,0,0,0,0,0,0,0,0,0,0,0,0,0,0,0,0,0,0,0,0
2.2977206707000732,-1.0,0.0,0.0,0.0,0.0,0.0,0.0,0.0,0.0,0.03,0,0,0,0,0,0,0,0,0,0,0,0,0,0,0,0,0,0,0,0,0
2.299372911453247,-1.0,0.0,0.0,0.0,0.0,0.0,0.0,0.0,0.0,0.03,0,0,0,0,0,0,0,0,0,0,0,0,0,0,0,0,0,0,0,0,0
2.30057430267334,-1.0,0.0,0.0,0.0,0.0,0.0,0.0,0.0,0.0,0.03,0,0,0,0,0,0,0,0,0,0,0,0,0,0,0,0,0,0,0,0,0
2.301635503768921,-1.0,0.0,0.0,0.0,0.0,0.0,0.0,0.0,0.0,0.03,0,0,0,0,0,0,0,0,0,0,0,0,0,0,0,0,0,0,0,0,0
2.304474353790283,-1.0,0.0,0.0,0.0,0.0,0.0,0.0,0.0,0.0,0.03,0,0,0,0,0,0,0,0,0,0,0,0,0,0,0,0,0,0,0,0,0
2.3060660362243652,-1.0,0.0,0.0,0.0,0.0,0.0,0.0,0.0,0.0,0.03,0,0,0,0,0,0,0,0,0,0,0,0,0,0,0,0,0,0,0,0,0
2.30759859085083,-1.0,0.0,0.0,0.0,0.0,0.0,0.0,0.0,0.0,0.03,0,0,0,0,0,0,0,0,0,0,0,0,0,0,0,0,0,0,0,0,0
2.3093631267547607,-1.0,0.0,0.0,0.0,0.0,0.0,0.0,0.0,0.0,0.03,0,0,0,0,0,0,0,0,0,0,0,0,0,0,0,0,0,0,0,0,0
2.3105742931365967,-1.0,0.0,0.0,0.0,0.0,0.0,0.0,0.0,0.0,0.03,0,0,0,0,0,0,0,0,0,0,0,0,0,0,0,0,0,0,0,0,0
2.3118462562561035,-1.0,0.0,0.0,0.0,0.0,0.0,0.0,0.0,0.0,0.03,0,0,0,0,0,0,0,0,0,0,0,0,0,0,0,0,0,0,0,0,0
2.3132505416870117,-1.0,0.0,0.0,0.0,0.0,0.0,0.0,0.0,0.0,0.03,0,0,0,0,0,0,0,0,0,0,0,0,0,0,0,0,0,0,0,0,0
2.314507484436035,-1.0,0.0,0.0,0.0,0.0,0.0,0.0,0.0,0.0,0.03,0,0,0,0,0,0,0,0,0,0,0,0,0,0,0,0,0,0,0,0,0
2.316664695739746,-1.0,0.0,0.0,0.0,0.0,0.0,0.0,0.0,0.0,0.03,0,0,0,0,0,0,0,0,0,0,0,0,0,0,0,0,0,0,0,0,0
2.317812442779541,-1.0,0.0,0.0,0.0,0.0,0.0,0.0,0.0,0.0,0.03,0,0,0,0,0,0,0,0,0,0,0,0,0,0,0,0,0,0,0,0,0
2.318901300430298,-1.0,0.0,0.0,0.0,0.0,0.0,0.0,0.0,0.0,0.03,0,0,0,0,0,0,0,0,0,0,0,0,0,0,0,0,0,0,0,0,0
2.320113182067871,-1.0,0.0,0.0,0.0,0.0,0.0,0.0,0.0,0.0,0.03,0,0,0,0,0,0,0,0,0,0,0,0,0,0,0,0,0,0,0,0,0
2.3213179111480713,-1.0,0.0,0.0,0.0,0.0,0.0,0.0,0.0,0.0,0.03,0,0,0,0,0,0,0,0,0,0,0,0,0,0,0,0,0,0,0,0,0
2.322416067123413,-1.0,0.0,0.0,0.0,0.0,0.0,0.0,0.0,0.0,0.03,0,0,0,0,0,0,0,0,0,0,0,0,0,0,0,0,0,0,0,0,0
2.323634147644043,-1.0,0.0,0.0,0.0,0.0,0.0,0.0,0.0,0.0,0.03,0,0,0,0,0,0,0,0,0,0,0,0,0,0,0,0,0,0,0,0,0
2.324753761291504,-1.0,0.0,0.0,0.0,0.0,0.0,0.0,0.0,0.0,0.03,0,0,0,0,0,0,0,0,0,0,0,0,0,0,0,0,0,0,0,0,0
2.3257858753204346,-1.0,0.0,0.0,0.0,0.0,0.0,0.0,0.0,0.0,0.03,0,0,0,0,0,0,0,0,0,0,0,0,0,0,0,0,0,0,0,0,0
2.3274240493774414,-1.0,0.0,0.0,0.0,0.0,0.0,0.0,0.0,0.0,0.03,0,0,0,0,0,0,0,0,0,0,0,0,0,0,0,0,0,0,0,0,0
2.328986167907715,-1.0,0.0,0.0,0.0,0.0,0.0,0.0,0.0,0.0,0.03,0,0,0,0,0,0,0,0,0,0,0,0,0,0,0,0,0,0,0,0,0
2.3317630290985107,-1.0,0.0,0.0,0.0,0.0,0.0,0.0,0.0,0.0,0.03,0,0,0,0,0,0,0,0,0,0,0,0,0,0,0,0,0,0,0,0,0
2.3329405784606934,-1.0,0.0,0.0,0.0,0.0,0.0,0.0,0.0,0.0,0.03,0,0,0,0,0,0,0,0,0,0,0,0,0,0,0,0,0,0,0,0,0
2.334120750427246,-1.0,0.0,0.0,0.0,0.0,0.0,0.0,0.0,0.0,0.03,0,0,0,0,0,0,0,0,0,0,0,0,0,0,0,0,0,0,0,0,0
2.3352348804473877,-1.0,0.0,0.0,0.0,0.0,0.0,0.0,0.0,0.0,0.03,0,0,0,0,0,0,0,0,0,0,0,0,0,0,0,0,0,0,0,0,0
2.33659029006958,-1.0,0.0,0.0,0.0,0.0,0.0,0.0,0.0,0.0,0.03,0,0,0,0,0,0,0,0,0,0,0,0,0,0,0,0,0,0,0,0,0
2.3378489017486572,-1.0,0.0,0.0,0.0,0.0,0.0,0.0,0.0,0.0,0.03,0,0,0,0,0,0,0,0,0,0,0,0,0,0,0,0,0,0,0,0,0
2.3401575088500977,-1.0,0.0,0.0,0.0,0.0,0.0,0.0,0.0,0.0,0.03,0,0,0,0,0,0,0,0,0,0,0,0,0,0,0,0,0,0,0,0,0
2.3412749767303467,-1.0,0.0,0.0,0.0,0.0,0.0,0.0,0.0,0.0,0.03,0,0,0,0,0,0,0,0,0,0,0,0,0,0,0,0,0,0,0,0,0
2.3424363136291504,-1.0,0.0,0.0,0.0,0.0,0.0,0.0,0.0,0.0,0.03,0,0,0,0,0,0,0,0,0,0,0,0,0,0,0,0,0,0,0,0,0
2.343602180480957,-1.0,0.0,0.0,0.0,0.0,0.0,0.0,0.0,0.0,0.03,0,0,0,0,0,0,0,0,0,0,0,0,0,0,0,0,0,0,0,0,0
2.344684362411499,-1.0,0.0,0.0,0.0,0.0,0.0,0.0,0.0,0.0,0.03,0,0,0,0,0,0,0,0,0,0,0,0,0,0,0,0,0,0,0,0,0
2.347055196762085,-1.0,0.0,0.0,0.0,0.0,0.0,0.0,0.0,0.0,0.03,0,0,0,0,0,0,0,0,0,0,0,0,0,0,0,0,0,0,0,0,0
2.348947286605835,-1.0,0.0,0.0,0.0,0.0,0.0,0.0,0.0,0.0,0.03,0,0,0,0,0,0,0,0,0,0,0,0,0,0,0,0,0,0,0,0,0
2.3505098819732666,-1.0,0.0,0.0,0.0,0.0,0.0,0.0,0.0,0.0,0.03,0,0,0,0,0,0,0,0,0,0,0,0,0,0,0,0,0,0,0,0,0
2.351912021636963,-1.0,0.0,0.0,0.0,0.0,0.0,0.0,0.0,0.0,0.03,0,0,0,0,0,0,0,0,0,0,0,0,0,0,0,0,0,0,0,0,0
2.3543622493743896,-1.0,0.0,0.0,0.0,0.0,0.0,0.0,0.0,0.0,0.03,0,0,0,0,0,0,0,0,0,0,0,0,0,0,0,0,0,0,0,0,0
2.3556644916534424,-1.0,0.0,0.0,0.0,0.0,0.0,0.0,0.0,0.0,0.03,0,0,0,0,0,0,0,0,0,0,0,0,0,0,0,0,0,0,0,0,0
2.356884002685547,-1.0,0.0,0.0,0.0,0.0,0.0,0.0,0.0,0.0,0.03,0,0,0,0,0,0,0,0,0,0,0,0,0,0,0,0,0,0,0,0,0
2.358808755874634,-1.0,0.0,0.0,0.0,0.0,0.0,0.0,0.0,0.0,0.03,0,0,0,0,0,0,0,0,0,0,0,0,0,0,0,0,0,0,0,0,0
2.359907627105713,-1.0,0.0,0.0,0.0,0.0,0.0,0.0,0.0,0.0,0.03,0,0,0,0,0,0,0,0,0,0,0,0,0,0,0,0,0,0,0,0,0
2.3614087104797363,-1.0,0.0,0.0,0.0,0.0,0.0,0.0,0.0,0.0,0.03,0,0,0,0,0,0,0,0,0,0,0,0,0,0,0,0,0,0,0,0,0
2.363342761993408,-1.0,0.0,0.0,0.0,0.0,0.0,0.0,0.0,0.0,0.03,0,0,0,0,0,0,0,0,0,0,0,0,0,0,0,0,0,0,0,0,0
2.3648228645324707,-1.0,0.0,0.0,0.0,0.0,0.0,0.0,0.0,0.0,0.03,0,0,0,0,0,0,0,0,0,0,0,0,0,0,0,0,0,0,0,0,0
2.366032123565674,-1.0,0.0,0.0,0.0,0.0,0.0,0.0,0.0,0.0,0.03,0,0,0,0,0,0,0,0,0,0,0,0,0,0,0,0,0,0,0,0,0
2.3676059246063232,-1.0,0.0,0.0,0.0,0.0,0.0,0.0,0.0,0.0,0.03,0,0,0,0,0,0,0,0,0,0,0,0,0,0,0,0,0,0,0,0,0
2.3700058460235596,-1.0,0.0,0.0,0.0,0.0,0.0,0.0,0.0,0.0,0.03,0,0,0,0,0,0,0,0,0,0,0,0,0,0,0,0,0,0,0,0,0
2.3714816570281982,-1.0,0.0,0.0,0.0,0.0,0.0,0.0,0.0,0.0,0.03,0,0,0,0,0,0,0,0,0,0,0,0,0,0,0,0,0,0,0,0,0
2.3726651668548584,-1.0,0.0,0.0,0.0,0.0,0.0,0.0,0.0,0.0,0.03,0,0,0,0,0,0,0,0,0,0,0,0,0,0,0,0,0,0,0,0,0
2.375048875808716,-1.0,0.0,0.0,0.0,0.0,0.0,0.0,0.0,0.0,0.03,0,0,0,0,0,0,0,0,0,0,0,0,0,0,0,0,0,0,0,0,0
2.3761749267578125,-1.0,0.0,0.0,0.0,0.0,0.0,0.0,0.0,0.0,0.03,0,0,0,0,0,0,0,0,0,0,0,0,0,0,0,0,0,0,0,0,0
2.377492904663086,-1.0,0.0,0.0,0.0,0.0,0.0,0.0,0.0,0.0,0.03,0,0,0,0,0,0,0,0,0,0,0,0,0,0,0,0,0,0,0,0,0
2.378800392150879,-1.0,0.0,0.0,0.0,0.0,0.0,0.0,0.0,0.0,0.03,0,0,0,0,0,0,0,0,0,0,0,0,0,0,0,0,0,0,0,0,0
2.3798959255218506,-1.0,0.0,0.0,0.0,0.0,0.0,0.0,0.0,0.0,0.03,0,0,0,0,0,0,0,0,0,0,0,0,0,0,0,0,0,0,0,0,0
2.3809592723846436,-1.0,0.0,0.0,0.0,0.0,0.0,0.0,0.0,0.0,0.03,0,0,0,0,0,0,0,0,0,0,0,0,0,0,0,0,0,0,0,0,0
2.382133960723877,-1.0,0.0,0.0,0.0,0.0,0.0,0.0,0.0,0.0,0.03,0,0,0,0,0,0,0,0,0,0,0,0,0,0,0,0,0,0,0,0,0
2.383265495300293,-1.0,0.0,0.0,0.0,0.0,0.0,0.0,0.0,0.0,0.03,0,0,0,0,0,0,0,0,0,0,0,0,0,0,0,0,0,0,0,0,0
2.3846049308776855,-1.0,0.0,0.0,0.0,0.0,0.0,0.0,0.0,0.0,0.03,0,0,0,0,0,0,0,0,0,0,0,0,0,0,0,0,0,0,0,0,0
2.386408805847168,-1.0,0.0,0.0,0.0,0.0,0.0,0.0,0.0,0.0,0.03,0,0,0,0,0,0,0,0,0,0,0,0,0,0,0,0,0,0,0,0,0
2.387969732284546,-1.0,0.0,0.0,0.0,0.0,0.0,0.0,0.0,0.0,0.03,0,0,0,0,0,0,0,0,0,0,0,0,0,0,0,0,0,0,0,0,0
2.3903768062591553,-1.0,0.0,0.0,0.0,0.0,0.0,0.0,0.0,0.0,0.03,0,0,0,0,0,0,0,0,0,0,0,0,0,0,0,0,0,0,0,0,0
2.39178204536438,-1.0,0.0,0.0,0.0,0.0,0.0,0.0,0.0,0.0,0.03,0,0,0,0,0,0,0,0,0,0,0,0,0,0,0,0,0,0,0,0,0
2.39312744140625,-1.0,0.0,0.0,0.0,0.0,0.0,0.0,0.0,0.0,0.03,0,0,0,0,0,0,0,0,0,0,0,0,0,0,0,0,0,0,0,0,0
2.395235538482666,-1.0,0.0,0.0,0.0,0.0,0.0,0.0,0.0,0.0,0.03,0,0,0,0,0,0,0,0,0,0,0,0,0,0,0,0,0,0,0,0,0
2.396683692932129,-1.0,0.0,0.0,0.0,0.0,0.0,0.0,0.0,0.0,0.03,0,0,0,0,0,0,0,0,0,0,0,0,0,0,0,0,0,0,0,0,0
2.3977596759796143,-1.0,0.0,0.0,0.0,0.0,0.0,0.0,0.0,0.0,0.03,0,0,0,0,0,0,0,0,0,0,0,0,0,0,0,0,0,0,0,0,0
2.4001004695892334,-1.0,0.0,0.0,0.0,0.0,0.0,0.0,0.0,0.0,0.03,0,0,0,0,0,0,0,0,0,0,0,0,0,0,0,0,0,0,0,0,0
2.4018917083740234,-1.0,0.0,0.0,0.0,0.0,0.0,0.0,0.0,0.0,0.03,0,0,0,0,0,0,0,0,0,0,0,0,0,0,0,0,0,0,0,0,0
2.4031434059143066,-1.0,0.0,0.0,0.0,0.0,0.0,0.0,0.0,0.0,0.03,0,0,0,0,0,0,0,0,0,0,0,0,0,0,0,0,0,0,0,0,0
2.4044017791748047,-1.0,0.0,0.0,0.0,0.0,0.0,0.0,0.0,0.0,0.03,0,0,0,0,0,0,0,0,0,0,0,0,0,0,0,0,0,0,0,0,0
2.4055216312408447,-1.0,0.0,0.0,0.0,0.0,0.0,0.0,0.0,0.0,0.03,0,0,0,0,0,0,0,0,0,0,0,0,0,0,0,0,0,0,0,0,0
2.406635284423828,-1.0,0.0,0.0,0.0,0.0,0.0,0.0,0.0,0.0,0.03,0,0,0,0,0,0,0,0,0,0,0,0,0,0,0,0,0,0,0,0,0
2.408818006515503,-1.0,0.0,0.0,0.0,0.0,0.0,0.0,0.0,0.0,0.03,0,0,0,0,0,0,0,0,0,0,0,0,0,0,0,0,0,0,0,0,0
2.4099202156066895,-1.0,0.0,0.0,0.0,0.0,0.0,0.0,0.0,0.0,0.03,0,0,0,0,0,0,0,0,0,0,0,0,0,0,0,0,0,0,0,0,0
2.4115405082702637,-1.0,0.0,0.0,0.0,0.0,0.0,0.0,0.0,0.0,0.03,0,0,0,0,0,0,0,0,0,0,0,0,0,0,0,0,0,0,0,0,0
2.412599802017212,-1.0,0.0,0.0,0.0,0.0,0.0,0.0,0.0,0.0,0.03,0,0,0,0,0,0,0,0,0,0,0,0,0,0,0,0,0,0,0,0,0
2.413893699645996,-1.0,0.0,0.0,0.0,0.0,0.0,0.0,0.0,0.0,0.03,0,0,0,0,0,0,0,0,0,0,0,0,0,0,0,0,0,0,0,0,0
2.4150428771972656,-1.0,0.0,0.0,0.0,0.0,0.0,0.0,0.0,0.0,0.03,0,0,0,0,0,0,0,0,0,0,0,0,0,0,0,0,0,0,0,0,0
2.4168591499328613,-1.0,0.0,0.0,0.0,0.0,0.0,0.0,0.0,0.0,0.03,0,0,0,0,0,0,0,0,0,0,0,0,0,0,0,0,0,0,0,0,0
2.418194532394409,-1.0,0.0,0.0,0.0,0.0,0.0,0.0,0.0,0.0,0.03,0,0,0,0,0,0,0,0,0,0,0,0,0,0,0,0,0,0,0,0,0
2.4194626808166504,-1.0,0.0,0.0,0.0,0.0,0.0,0.0,0.0,0.0,0.03,0,0,0,0,0,0,0,0,0,0,0,0,0,0,0,0,0,0,0,0,0
2.421461820602417,-1.0,0.0,0.0,0.0,0.0,0.0,0.0,0.0,0.0,0.03,0,0,0,0,0,0,0,0,0,0,0,0,0,0,0,0,0,0,0,0,0
2.4225592613220215,-1.0,0.0,0.0,0.0,0.0,0.0,0.0,0.0,0.0,0.03,0,0,0,0,0,0,0,0,0,0,0,0,0,0,0,0,0,0,0,0,0
2.423647165298462,-1.0,0.0,0.0,0.0,0.0,0.0,0.0,0.0,0.0,0.03,0,0,0,0,0,0,0,0,0,0,0,0,0,0,0,0,0,0,0,0,0
2.4266574382781982,-1.0,0.0,0.0,0.0,0.0,0.0,0.0,0.0,0.0,0.03,0,0,0,0,0,0,0,0,0,0,0,0,0,0,0,0,0,0,0,0,0
2.4282708168029785,-1.0,0.0,0.0,0.0,0.0,0.0,0.0,0.0,0.0,0.03,0,0,0,0,0,0,0,0,0,0,0,0,0,0,0,0,0,0,0,0,0
2.429541826248169,-1.0,0.0,0.0,0.0,0.0,0.0,0.0,0.0,0.0,0.03,0,0,0,0,0,0,0,0,0,0,0,0,0,0,0,0,0,0,0,0,0
2.433546781539917,-1.0,0.0,0.0,0.0,0.0,0.0,0.0,0.0,0.0,0.03,0,0,0,0,0,0,0,0,0,0,0,0,0,0,0,0,0,0,0,0,0
2.4350321292877197,-1.0,0.0,0.0,0.0,0.0,0.0,0.0,0.0,0.0,0.03,0,0,0,0,0,0,0,0,0,0,0,0,0,0,0,0,0,0,0,0,0
2.437317371368408,-1.0,0.0,0.0,0.0,0.0,0.0,0.0,0.0,0.0,0.03,0,0,0,0,0,0,0,0,0,0,0,0,0,0,0,0,0,0,0,0,0
2.439178466796875,-1.0,0.0,0.0,0.0,0.0,0.0,0.0,0.0,0.0,0.03,0,0,0,0,0,0,0,0,0,0,0,0,0,0,0,0,0,0,0,0,0
2.4402546882629395,-1.0,0.0,0.0,0.0,0.0,0.0,0.0,0.0,0.0,0.03,0,0,0,0,0,0,0,0,0,0,0,0,0,0,0,0,0,0,0,0,0
2.4415361881256104,-1.0,0.0,0.0,0.0,0.0,0.0,0.0,0.0,0.0,0.03,0,0,0,0,0,0,0,0,0,0,0,0,0,0,0,0,0,0,0,0,0
2.4425978660583496,-1.0,0.0,0.0,0.0,0.0,0.0,0.0,0.0,0.0,0.03,0,0,0,0,0,0,0,0,0,0,0,0,0,0,0,0,0,0,0,0,0
2.4437670707702637,-1.0,0.0,0.0,0.0,0.0,0.0,0.0,0.0,0.0,0.03,0,0,0,0,0,0,0,0,0,0,0,0,0,0,0,0,0,0,0,0,0
2.4449684619903564,-1.0,0.0,0.0,0.0,0.0,0.0,0.0,0.0,0.0,0.03,0,0,0,0,0,0,0,0,0,0,0,0,0,0,0,0,0,0,0,0,0
2.4461123943328857,-1.0,0.0,0.0,0.0,0.0,0.0,0.0,0.0,0.0,0.03,0,0,0,0,0,0,0,0,0,0,0,0,0,0,0,0,0,0,0,0,0
2.4472577571868896,-1.0,0.0,0.0,0.0,0.0,0.0,0.0,0.0,0.0,0.03,0,0,0,0,0,0,0,0,0,0,0,0,0,0,0,0,0,0,0,0,0
2.4483330249786377,-1.0,0.0,0.0,0.0,0.0,0.0,0.0,0.0,0.0,0.03,0,0,0,0,0,0,0,0,0,0,0,0,0,0,0,0,0,0,0,0,0
2.450133800506592,-1.0,0.0,0.0,0.0,0.0,0.0,0.0,0.0,0.0,0.03,0,0,0,0,0,0,0,0,0,0,0,0,0,0,0,0,0,0,0,0,0
2.4518184661865234,-1.0,0.0,0.0,0.0,0.0,0.0,0.0,0.0,0.0,0.03,0,0,0,0,0,0,0,0,0,0,0,0,0,0,0,0,0,0,0,0,0
2.4538614749908447,-1.0,0.0,0.0,0.0,0.0,0.0,0.0,0.0,0.0,0.03,0,0,0,0,0,0,0,0,0,0,0,0,0,0,0,0,0,0,0,0,0
2.4550387859344482,-1.0,0.0,0.0,0.0,0.0,0.0,0.0,0.0,0.0,0.03,0,0,0,0,0,0,0,0,0,0,0,0,0,0,0,0,0,0,0,0,0
2.4562480449676514,-1.0,0.0,0.0,0.0,0.0,0.0,0.0,0.0,0.0,0.03,0,0,0,0,0,0,0,0,0,0,0,0,0,0,0,0,0,0,0,0,0
2.4583325386047363,-1.0,0.0,0.0,0.0,0.0,0.0,0.0,0.0,0.0,0.03,0,0,0,0,0,0,0,0,0,0,0,0,0,0,0,0,0,0,0,0,0
2.4601058959960938,-1.0,0.0,0.0,0.0,0.0,0.0,0.0,0.0,0.0,0.03,0,0,0,0,0,0,0,0,0,0,0,0,0,0,0,0,0,0,0,0,0
2.461395263671875,-1.0,0.0,0.0,0.0,0.0,0.0,0.0,0.0,0.0,0.03,0,0,0,0,0,0,0,0,0,0,0,0,0,0,0,0,0,0,0,0,0
2.4630041122436523,-1.0,0.0,0.0,0.0,0.0,0.0,0.0,0.0,0.0,0.03,0,0,0,0,0,0,0,0,0,0,0,0,0,0,0,0,0,0,0,0,0
2.4641363620758057,-1.0,0.0,0.0,0.0,0.0,0.0,0.0,0.0,0.0,0.03,0,0,0,0,0,0,0,0,0,0,0,0,0,0,0,0,0,0,0,0,0
2.465221881866455,-1.0,0.0,0.0,0.0,0.0,0.0,0.0,0.0,0.0,0.03,0,0,0,0,0,0,0,0,0,0,0,0,0,0,0,0,0,0,0,0,0
2.466336250305176,-1.0,0.0,0.0,0.0,0.0,0.0,0.0,0.0,0.0,0.03,0,0,0,0,0,0,0,0,0,0,0,0,0,0,0,0,0,0,0,0,0
2.467548131942749,-1.0,0.0,0.0,0.0,0.0,0.0,0.0,0.0,0.0,0.03,0,0,0,0,0,0,0,0,0,0,0,0,0,0,0,0,0,0,0,0,0
2.468780994415283,-1.0,0.0,0.0,0.0,0.0,0.0,0.0,0.0,0.0,0.03,0,0,0,0,0,0,0,0,0,0,0,0,0,0,0,0,0,0,0,0,0
2.4701664447784424,-1.0,0.0,0.0,0.0,0.0,0.0,0.0,0.0,0.0,0.03,0,0,0,0,0,0,0,0,0,0,0,0,0,0,0,0,0,0,0,0,0
2.47267484664917,-1.0,0.0,0.0,0.0,0.0,0.0,0.0,0.0,0.0,0.03,0,0,0,0,0,0,0,0,0,0,0,0,0,0,0,0,0,0,0,0,0
2.4740617275238037,-1.0,0.0,0.0,0.0,0.0,0.0,0.0,0.0,0.0,0.03,0,0,0,0,0,0,0,0,0,0,0,0,0,0,0,0,0,0,0,0,0
2.4752047061920166,-1.0,0.0,0.0,0.0,0.0,0.0,0.0,0.0,0.0,0.03,0,0,0,0,0,0,0,0,0,0,0,0,0,0,0,0,0,0,0,0,0
2.477198600769043,-1.0,0.0,0.0,0.0,0.0,0.0,0.0,0.0,0.0,0.03,0,0,0,0,0,0,0,0,0,0,0,0,0,0,0,0,0,0,0,0,0
2.4783778190612793,-1.0,0.0,0.0,0.0,0.0,0.0,0.0,0.0,0.0,0.03,0,0,0,0,0,0,0,0,0,0,0,0,0,0,0,0,0,0,0,0,0
2.4795007705688477,-1.0,0.0,0.0,0.0,0.0,0.0,0.0,0.0,0.0,0.03,0,0,0,0,0,0,0,0,0,0,0,0,0,0,0,0,0,0,0,0,0
2.480682373046875,-1.0,0.0,0.0,0.0,0.0,0.0,0.0,0.0,0.0,0.03,0,0,0,0,0,0,0,0,0,0,0,0,0,0,0,0,0,0,0,0,0
2.481933355331421,-1.0,0.0,0.0,0.0,0.0,0.0,0.0,0.0,0.0,0.03,0,0,0,0,0,0,0,0,0,0,0,0,0,0,0,0,0,0,0,0,0
2.483206272125244,-1.0,0.0,0.0,0.0,0.0,0.0,0.0,0.0,0.0,0.03,0,0,0,0,0,0,0,0,0,0,0,0,0,0,0,0,0,0,0,0,0
2.4872326850891113,-1.0,0.0,0.0,0.0,0.0,0.0,0.0,0.0,0.0,0.03,0,0,0,0,0,0,0,0,0,0,0,0,0,0,0,0,0,0,0,0,0
2.4888663291931152,-1.0,0.0,0.0,0.0,0.0,0.0,0.0,0.0,0.0,0.03,0,0,0,0,0,0,0,0,0,0,0,0,0,0,0,0,0,0,0,0,0
2.490813970565796,-1.0,0.0,0.0,0.0,0.0,0.0,0.0,0.0,0.0,0.03,0,0,0,0,0,0,0,0,0,0,0,0,0,0,0,0,0,0,0,0,0
2.493473529815674,-1.0,0.0,0.0,0.0,0.0,0.0,0.0,0.0,0.0,0.03,0,0,0,0,0,0,0,0,0,0,0,0,0,0,0,0,0,0,0,0,0
2.4948885440826416,-1.0,0.0,0.0,0.0,0.0,0.0,0.0,0.0,0.0,0.03,0,0,0,0,0,0,0,0,0,0,0,0,0,0,0,0,0,0,0,0,0
2.496262311935425,-1.0,0.0,0.0,0.0,0.0,0.0,0.0,0.0,0.0,0.03,0,0,0,0,0,0,0,0,0,0,0,0,0,0,0,0,0,0,0,0,0
2.498014450073242,-1.0,0.0,0.0,0.0,0.0,0.0,0.0,0.0,0.0,0.03,0,0,0,0,0,0,0,0,0,0,0,0,0,0,0,0,0,0,0,0,0
2.499690532684326,-1.0,0.0,0.0,0.0,0.0,0.0,0.0,0.0,0.0,0.03,0,0,0,0,0,0,0,0,0,0,0,0,0,0,0,0,0,0,0,0,0
2.5011396408081055,-1.0,0.0,0.0,0.0,0.0,0.0,0.0,0.0,0.0,0.03,0,0,0,0,0,0,0,0,0,0,0,0,0,0,0,0,0,0,0,0,0
2.502354383468628,-1.0,0.0,0.0,0.0,0.0,0.0,0.0,0.0,0.0,0.03,0,0,0,0,0,0,0,0,0,0,0,0,0,0,0,0,0,0,0,0,0
2.5041093826293945,-1.0,0.0,0.0,0.0,0.0,0.0,0.0,0.0,0.0,0.03,0,0,0,0,0,0,0,0,0,0,0,0,0,0,0,0,0,0,0,0,0
2.505255937576294,-1.0,0.0,0.0,0.0,0.0,0.0,0.0,0.0,0.0,0.03,0,0,0,0,0,0,0,0,0,0,0,0,0,0,0,0,0,0,0,0,0
2.5063459873199463,-1.0,0.0,0.0,0.0,0.0,0.0,0.0,0.0,0.0,0.03,0,0,0,0,0,0,0,0,0,0,0,0,0,0,0,0,0,0,0,0,0
2.5074310302734375,-1.0,0.0,0.0,0.0,0.0,0.0,0.0,0.0,0.0,0.03,0,0,0,0,0,0,0,0,0,0,0,0,0,0,0,0,0,0,0,0,0
2.508657217025757,-1.0,0.0,0.0,0.0,0.0,0.0,0.0,0.0,0.0,0.03,0,0,0,0,0,0,0,0,0,0,0,0,0,0,0,0,0,0,0,0,0
2.509810209274292,-1.0,0.0,0.0,0.0,0.0,0.0,0.0,0.0,0.0,0.03,0,0,0,0,0,0,0,0,0,0,0,0,0,0,0,0,0,0,0,0,0
2.510897636413574,-1.0,0.0,0.0,0.0,0.0,0.0,0.0,0.0,0.0,0.03,0,0,0,0,0,0,0,0,0,0,0,0,0,0,0,0,0,0,0,0,0
2.5120716094970703,-1.0,0.0,0.0,0.0,0.0,0.0,0.0,0.0,0.0,0.03,0,0,0,0,0,0,0,0,0,0,0,0,0,0,0,0,0,0,0,0,0
2.5133543014526367,-1.0,0.0,0.0,0.0,0.0,0.0,0.0,0.0,0.0,0.03,0,0,0,0,0,0,0,0,0,0,0,0,0,0,0,0,0,0,0,0,0
2.5144925117492676,-1.0,0.0,0.0,0.0,0.0,0.0,0.0,0.0,0.0,0.03,0,0,0,0,0,0,0,0,0,0,0,0,0,0,0,0,0,0,0,0,0
2.5161375999450684,-1.0,0.0,0.0,0.0,0.0,0.0,0.0,0.0,0.0,0.03,0,0,0,0,0,0,0,0,0,0,0,0,0,0,0,0,0,0,0,0,0
2.517294406890869,-1.0,0.0,0.0,0.0,0.0,0.0,0.0,0.0,0.0,0.03,0,0,0,0,0,0,0,0,0,0,0,0,0,0,0,0,0,0,0,0,0
2.518394947052002,-1.0,0.0,0.0,0.0,0.0,0.0,0.0,0.0,0.0,0.03,0,0,0,0,0,0,0,0,0,0,0,0,0,0,0,0,0,0,0,0,0
2.519735336303711,-1.0,0.0,0.0,0.0,0.0,0.0,0.0,0.0,0.0,0.03,0,0,0,0,0,0,0,0,0,0,0,0,0,0,0,0,0,0,0,0,0
2.5217559337615967,-1.0,0.0,0.0,0.0,0.0,0.0,0.0,0.0,0.0,0.03,0,0,0,0,0,0,0,0,0,0,0,0,0,0,0,0,0,0,0,0,0
2.5230228900909424,-1.0,0.0,0.0,0.0,0.0,0.0,0.0,0.0,0.0,0.03,0,0,0,0,0,0,0,0,0,0,0,0,0,0,0,0,0,0,0,0,0
2.5248608589172363,-1.0,0.0,0.0,0.0,0.0,0.0,0.0,0.0,0.0,0.03,0,0,0,0,0,0,0,0,0,0,0,0,0,0,0,0,0,0,0,0,0
2.5261402130126953,-1.0,0.0,0.0,0.0,0.0,0.0,0.0,0.0,0.0,0.03,0,0,0,0,0,0,0,0,0,0,0,0,0,0,0,0,0,0,0,0,0
2.5272769927978516,-1.0,0.0,0.0,0.0,0.0,0.0,0.0,0.0,0.0,0.03,0,0,0,0,0,0,0,0,0,0,0,0,0,0,0,0,0,0,0,0,0
2.528625249862671,-1.0,0.0,0.0,0.0,0.0,0.0,0.0,0.0,0.0,0.03,0,0,0,0,0,0,0,0,0,0,0,0,0,0,0,0,0,0,0,0,0
2.5297114849090576,-1.0,0.0,0.0,0.0,0.0,0.0,0.0,0.0,0.0,0.03,0,0,0,0,0,0,0,0,0,0,0,0,0,0,0,0,0,0,0,0,0
2.5308022499084473,-1.0,0.0,0.0,0.0,0.0,0.0,0.0,0.0,0.0,0.03,0,0,0,0,0,0,0,0,0,0,0,0,0,0,0,0,0,0,0,0,0
2.532291889190674,-1.0,0.0,0.0,0.0,0.0,0.0,0.0,0.0,0.0,0.03,0,0,0,0,0,0,0,0,0,0,0,0,0,0,0,0,0,0,0,0,0
2.5339205265045166,-1.0,0.0,0.0,0.0,0.0,0.0,0.0,0.0,0.0,0.03,0,0,0,0,0,0,0,0,0,0,0,0,0,0,0,0,0,0,0,0,0
2.535496473312378,-1.0,0.0,0.0,0.0,0.0,0.0,0.0,0.0,0.0,0.03,0,0,0,0,0,0,0,0,0,0,0,0,0,0,0,0,0,0,0,0,0
2.5365915298461914,-1.0,0.0,0.0,0.0,0.0,0.0,0.0,0.0,0.0,0.03,0,0,0,0,0,0,0,0,0,0,0,0,0,0,0,0,0,0,0,0,0
2.53859806060791,-1.0,0.0,0.0,0.0,0.0,0.0,0.0,0.0,0.0,0.03,0,0,0,0,0,0,0,0,0,0,0,0,0,0,0,0,0,0,0,0,0
2.540581226348877,-1.0,0.0,0.0,0.0,0.0,0.0,0.0,0.0,0.0,0.03,0,0,0,0,0,0,0,0,0,0,0,0,0,0,0,0,0,0,0,0,0
2.5418457984924316,-1.0,0.0,0.0,0.0,0.0,0.0,0.0,0.0,0.0,0.03,0,0,0,0,0,0,0,0,0,0,0,0,0,0,0,0,0,0,0,0,0
2.543450355529785,-1.0,0.0,0.0,0.0,0.0,0.0,0.0,0.0,0.0,0.03,0,0,0,0,0,0,0,0,0,0,0,0,0,0,0,0,0,0,0,0,0
2.5447287559509277,-1.0,0.0,0.0,0.0,0.0,0.0,0.0,0.0,0.0,0.03,0,0,0,0,0,0,0,0,0,0,0,0,0,0,0,0,0,0,0,0,0
2.5484001636505127,-1.0,0.0,0.0,0.0,0.0,0.0,0.0,0.0,0.0,0.03,0,0,0,0,0,0,0,0,0,0,0,0,0,0,0,0,0,0,0,0,0
2.5499658584594727,-1.0,0.0,0.0,0.0,0.0,0.0,0.0,0.0,0.0,0.03,0,0,0,0,0,0,0,0,0,0,0,0,0,0,0,0,0,0,0,0,0
2.551767110824585,-1.0,0.0,0.0,0.0,0.0,0.0,0.0,0.0,0.0,0.03,0,0,0,0,0,0,0,0,0,0,0,0,0,0,0,0,0,0,0,0,0
2.5534260272979736,-1.0,0.0,0.0,0.0,0.0,0.0,0.0,0.0,0.0,0.03,0,0,0,0,0,0,0,0,0,0,0,0,0,0,0,0,0,0,0,0,0
2.5551910400390625,-1.0,0.0,0.0,0.0,0.0,0.0,0.0,0.0,0.0,0.03,0,0,0,0,0,0,0,0,0,0,0,0,0,0,0,0,0,0,0,0,0
2.556565523147583,-1.0,0.0,0.0,0.0,0.0,0.0,0.0,0.0,0.0,0.03,0,0,0,0,0,0,0,0,0,0,0,0,0,0,0,0,0,0,0,0,0
2.5586318969726562,-1.0,0.0,0.0,0.0,0.0,0.0,0.0,0.0,0.0,0.03,0,0,0,0,0,0,0,0,0,0,0,0,0,0,0,0,0,0,0,0,0
2.5608625411987305,-1.0,0.0,0.0,0.0,0.0,0.0,0.0,0.0,0.0,0.03,0,0,0,0,0,0,0,0,0,0,0,0,0,0,0,0,0,0,0,0,0
2.5619993209838867,-1.0,0.0,0.0,0.0,0.0,0.0,0.0,0.0,0.0,0.03,0,0,0,0,0,0,0,0,0,0,0,0,0,0,0,0,0,0,0,0,0
2.563410997390747,-1.0,0.0,0.0,0.0,0.0,0.0,0.0,0.0,0.0,0.03,0,0,0,0,0,0,0,0,0,0,0,0,0,0,0,0,0,0,0,0,0
2.564500331878662,-1.0,0.0,0.0,0.0,0.0,0.0,0.0,0.0,0.0,0.03,0,0,0,0,0,0,0,0,0,0,0,0,0,0,0,0,0,0,0,0,0
2.5657479763031006,-1.0,0.0,0.0,0.0,0.0,0.0,0.0,0.0,0.0,0.03,0,0,0,0,0,0,0,0,0,0,0,0,0,0,0,0,0,0,0,0,0
2.566847085952759,-1.0,0.0,0.0,0.0,0.0,0.0,0.0,0.0,0.0,0.03,0,0,0,0,0,0,0,0,0,0,0,0,0,0,0,0,0,0,0,0,0
2.567939043045044,-1.0,0.0,0.0,0.0,0.0,0.0,0.0,0.0,0.0,0.03,0,0,0,0,0,0,0,0,0,0,0,0,0,0,0,0,0,0,0,0,0
2.569141149520874,-1.0,0.0,0.0,0.0,0.0,0.0,0.0,0.0,0.0,0.03,0,0,0,0,0,0,0,0,0,0,0,0,0,0,0,0,0,0,0,0,0
2.5702273845672607,-1.0,0.0,0.0,0.0,0.0,0.0,0.0,0.0,0.0,0.03,0,0,0,0,0,0,0,0,0,0,0,0,0,0,0,0,0,0,0,0,0
2.571763515472412,-1.0,0.0,0.0,0.0,0.0,0.0,0.0,0.0,0.0,0.03,0,0,0,0,0,0,0,0,0,0,0,0,0,0,0,0,0,0,0,0,0
2.5730931758880615,-1.0,0.0,0.0,0.0,0.0,0.0,0.0,0.0,0.0,0.03,0,0,0,0,0,0,0,0,0,0,0,0,0,0,0,0,0,0,0,0,0
2.5751614570617676,-1.0,0.0,0.0,0.0,0.0,0.0,0.0,0.0,0.0,0.03,0,0,0,0,0,0,0,0,0,0,0,0,0,0,0,0,0,0,0,0,0
2.576568365097046,-1.0,0.0,0.0,0.0,0.0,0.0,0.0,0.0,0.0,0.03,0,0,0,0,0,0,0,0,0,0,0,0,0,0,0,0,0,0,0,0,0
2.5777127742767334,-1.0,0.0,0.0,0.0,0.0,0.0,0.0,0.0,0.0,0.03,0,0,0,0,0,0,0,0,0,0,0,0,0,0,0,0,0,0,0,0,0
2.5799038410186768,-1.0,0.0,0.0,0.0,0.0,0.0,0.0,0.0,0.0,0.03,0,0,0,0,0,0,0,0,0,0,0,0,0,0,0,0,0,0,0,0,0
2.5815107822418213,-1.0,0.0,0.0,0.0,0.0,0.0,0.0,0.0,0.0,0.03,0,0,0,0,0,0,0,0,0,0,0,0,0,0,0,0,0,0,0,0,0
2.582785129547119,-1.0,0.0,0.0,0.0,0.0,0.0,0.0,0.0,0.0,0.03,0,0,0,0,0,0,0,0,0,0,0,0,0,0,0,0,0,0,0,0,0
2.5843749046325684,-1.0,0.0,0.0,0.0,0.0,0.0,0.0,0.0,0.0,0.03,0,0,0,0,0,0,0,0,0,0,0,0,0,0,0,0,0,0,0,0,0
2.5854721069335938,-1.0,0.0,0.0,0.0,0.0,0.0,0.0,0.0,0.0,0.03,0,0,0,0,0,0,0,0,0,0,0,0,0,0,0,0,0,0,0,0,0
2.586686372756958,-1.0,0.0,0.0,0.0,0.0,0.0,0.0,0.0,0.0,0.03,0,0,0,0,0,0,0,0,0,0,0,0,0,0,0,0,0,0,0,0,0
2.587867498397827,-1.0,0.0,0.0,0.0,0.0,0.0,0.0,0.0,0.0,0.03,0,0,0,0,0,0,0,0,0,0,0,0,0,0,0,0,0,0,0,0,0
2.589081048965454,-1.0,0.0,0.0,0.0,0.0,0.0,0.0,0.0,0.0,0.03,0,0,0,0,0,0,0,0,0,0,0,0,0,0,0,0,0,0,0,0,0
2.5906455516815186,-1.0,0.0,0.0,0.0,0.0,0.0,0.0,0.0,0.0,0.03,0,0,0,0,0,0,0,0,0,0,0,0,0,0,0,0,0,0,0,0,0
2.592130422592163,-1.0,0.0,0.0,0.0,0.0,0.0,0.0,0.0,0.0,0.03,0,0,0,0,0,0,0,0,0,0,0,0,0,0,0,0,0,0,0,0,0
2.5939440727233887,-1.0,0.0,0.0,0.0,0.0,0.0,0.0,0.0,0.0,0.03,0,0,0,0,0,0,0,0,0,0,0,0,0,0,0,0,0,0,0,0,0
2.5953359603881836,-1.0,0.0,0.0,0.0,0.0,0.0,0.0,0.0,0.0,0.03,0,0,0,0,0,0,0,0,0,0,0,0,0,0,0,0,0,0,0,0,0
2.596426010131836,-1.0,0.0,0.0,0.0,0.0,0.0,0.0,0.0,0.0,0.03,0,0,0,0,0,0,0,0,0,0,0,0,0,0,0,0,0,0,0,0,0
2.5984365940093994,-1.0,0.0,0.0,0.0,0.0,0.0,0.0,0.0,0.0,0.03,0,0,0,0,0,0,0,0,0,0,0,0,0,0,0,0,0,0,0,0,0
2.599787950515747,-1.0,0.0,0.0,0.0,0.0,0.0,0.0,0.0,0.0,0.03,0,0,0,0,0,0,0,0,0,0,0,0,0,0,0,0,0,0,0,0,0
2.6008479595184326,-1.0,0.0,0.0,0.0,0.0,0.0,0.0,0.0,0.0,0.03,0,0,0,0,0,0,0,0,0,0,0,0,0,0,0,0,0,0,0,0,0
2.6020078659057617,-1.0,0.0,0.0,0.0,0.0,0.0,0.0,0.0,0.0,0.03,0,0,0,0,0,0,0,0,0,0,0,0,0,0,0,0,0,0,0,0,0
2.603198289871216,-1.0,0.0,0.0,0.0,0.0,0.0,0.0,0.0,0.0,0.03,0,0,0,0,0,0,0,0,0,0,0,0,0,0,0,0,0,0,0,0,0
2.604644536972046,-1.0,0.0,0.0,0.0,0.0,0.0,0.0,0.0,0.0,0.03,0,0,0,0,0,0,0,0,0,0,0,0,0,0,0,0,0,0,0,0,0
2.6060168743133545,-1.0,0.0,0.0,0.0,0.0,0.0,0.0,0.0,0.0,0.03,0,0,0,0,0,0,0,0,0,0,0,0,0,0,0,0,0,0,0,0,0
2.6092426776885986,-1.0,0.0,0.0,0.0,0.0,0.0,0.0,0.0,0.0,0.03,0,0,0,0,0,0,0,0,0,0,0,0,0,0,0,0,0,0,0,0,0
2.6108357906341553,-1.0,0.0,0.0,0.0,0.0,0.0,0.0,0.0,0.0,0.03,0,0,0,0,0,0,0,0,0,0,0,0,0,0,0,0,0,0,0,0,0
2.61285662651062,-1.0,0.0,0.0,0.0,0.0,0.0,0.0,0.0,0.0,0.03,0,0,0,0,0,0,0,0,0,0,0,0,0,0,0,0,0,0,0,0,0
2.614000082015991,-1.0,0.0,0.0,0.0,0.0,0.0,0.0,0.0,0.0,0.03,0,0,0,0,0,0,0,0,0,0,0,0,0,0,0,0,0,0,0,0,0
2.616485357284546,-1.0,0.0,0.0,0.0,0.0,0.0,0.0,0.0,0.0,0.03,0,0,0,0,0,0,0,0,0,0,0,0,0,0,0,0,0,0,0,0,0
2.6179819107055664,-1.0,0.0,0.0,0.0,0.0,0.0,0.0,0.0,0.0,0.03,0,0,0,0,0,0,0,0,0,0,0,0,0,0,0,0,0,0,0,0,0
2.6198999881744385,-1.0,0.0,0.0,0.0,0.0,0.0,0.0,0.0,0.0,0.03,0,0,0,0,0,0,0,0,0,0,0,0,0,0,0,0,0,0,0,0,0
2.6216790676116943,-1.0,0.0,0.0,0.0,0.0,0.0,0.0,0.0,0.0,0.03,0,0,0,0,0,0,0,0,0,0,0,0,0,0,0,0,0,0,0,0,0
2.6227777004241943,-1.0,0.0,0.0,0.0,0.0,0.0,0.0,0.0,0.0,0.03,0,0,0,0,0,0,0,0,0,0,0,0,0,0,0,0,0,0,0,0,0
2.6247425079345703,-1.0,0.0,0.0,0.0,0.0,0.0,0.0,0.0,0.0,0.03,0,0,0,0,0,0,0,0,0,0,0,0,0,0,0,0,0,0,0,0,0
2.6262388229370117,-1.0,0.0,0.0,0.0,0.0,0.0,0.0,0.0,0.0,0.03,0,0,0,0,0,0,0,0,0,0,0,0,0,0,0,0,0,0,0,0,0
2.627326011657715,-1.0,0.0,0.0,0.0,0.0,0.0,0.0,0.0,0.0,0.03,0,0,0,0,0,0,0,0,0,0,0,0,0,0,0,0,0,0,0,0,0
2.6285762786865234,-1.0,0.0,0.0,0.0,0.0,0.0,0.0,0.0,0.0,0.03,0,0,0,0,0,0,0,0,0,0,0,0,0,0,0,0,0,0,0,0,0
2.6296722888946533,-1.0,0.0,0.0,0.0,0.0,0.0,0.0,0.0,0.0,0.03,0,0,0,0,0,0,0,0,0,0,0,0,0,0,0,0,0,0,0,0,0
2.630951404571533,-1.0,0.0,0.0,0.0,0.0,0.0,0.0,0.0,0.0,0.03,0,0,0,0,0,0,0,0,0,0,0,0,0,0,0,0,0,0,0,0,0
2.6320412158966064,-1.0,0.0,0.0,0.0,0.0,0.0,0.0,0.0,0.0,0.03,0,0,0,0,0,0,0,0,0,0,0,0,0,0,0,0,0,0,0,0,0
2.6334235668182373,-1.0,0.0,0.0,0.0,0.0,0.0,0.0,0.0,0.0,0.03,0,0,0,0,0,0,0,0,0,0,0,0,0,0,0,0,0,0,0,0,0
2.6345927715301514,-1.0,0.0,0.0,0.0,0.0,0.0,0.0,0.0,0.0,0.03,0,0,0,0,0,0,0,0,0,0,0,0,0,0,0,0,0,0,0,0,0
2.6358373165130615,-1.0,0.0,0.0,0.0,0.0,0.0,0.0,0.0,0.0,0.03,0,0,0,0,0,0,0,0,0,0,0,0,0,0,0,0,0,0,0,0,0
2.6379482746124268,-1.0,0.0,0.0,0.0,0.0,0.0,0.0,0.0,0.0,0.03,0,0,0,0,0,0,0,0,0,0,0,0,0,0,0,0,0,0,0,0,0
2.6390976905822754,-1.0,0.0,0.0,0.0,0.0,0.0,0.0,0.0,0.0,0.03,0,0,0,0,0,0,0,0,0,0,0,0,0,0,0,0,0,0,0,0,0
2.6401891708374023,-1.0,0.0,0.0,0.0,0.0,0.0,0.0,0.0,0.0,0.03,0,0,0,0,0,0,0,0,0,0,0,0,0,0,0,0,0,0,0,0,0
2.6414220333099365,-1.0,0.0,0.0,0.0,0.0,0.0,0.0,0.0,0.0,0.03,0,0,0,0,0,0,0,0,0,0,0,0,0,0,0,0,0,0,0,0,0
2.643218755722046,-1.0,0.0,0.0,0.0,0.0,0.0,0.0,0.0,0.0,0.03,0,0,0,0,0,0,0,0,0,0,0,0,0,0,0,0,0,0,0,0,0
2.6444308757781982,-1.0,0.0,0.0,0.0,0.0,0.0,0.0,0.0,0.0,0.03,0,0,0,0,0,0,0,0,0,0,0,0,0,0,0,0,0,0,0,0,0
2.6460859775543213,-1.0,0.0,0.0,0.0,0.0,0.0,0.0,0.0,0.0,0.03,0,0,0,0,0,0,0,0,0,0,0,0,0,0,0,0,0,0,0,0,0
2.647625207901001,-1.0,0.0,0.0,0.0,0.0,0.0,0.0,0.0,0.0,0.03,0,0,0,0,0,0,0,0,0,0,0,0,0,0,0,0,0,0,0,0,0
2.648831844329834,-1.0,0.0,0.0,0.0,0.0,0.0,0.0,0.0,0.0,0.03,0,0,0,0,0,0,0,0,0,0,0,0,0,0,0,0,0,0,0,0,0
2.64992094039917,-1.0,0.0,0.0,0.0,0.0,0.0,0.0,0.0,0.0,0.03,0,0,0,0,0,0,0,0,0,0,0,0,0,0,0,0,0,0,0,0,0
2.651005506515503,-1.0,0.0,0.0,0.0,0.0,0.0,0.0,0.0,0.0,0.03,0,0,0,0,0,0,0,0,0,0,0,0,0,0,0,0,0,0,0,0,0
2.6524295806884766,-1.0,0.0,0.0,0.0,0.0,0.0,0.0,0.0,0.0,0.03,0,0,0,0,0,0,0,0,0,0,0,0,0,0,0,0,0,0,0,0,0
2.65393328666687,-1.0,0.0,0.0,0.0,0.0,0.0,0.0,0.0,0.0,0.03,0,0,0,0,0,0,0,0,0,0,0,0,0,0,0,0,0,0,0,0,0
2.6556904315948486,-1.0,0.0,0.0,0.0,0.0,0.0,0.0,0.0,0.0,0.03,0,0,0,0,0,0,0,0,0,0,0,0,0,0,0,0,0,0,0,0,0
2.657101631164551,-1.0,0.0,0.0,0.0,0.0,0.0,0.0,0.0,0.0,0.03,0,0,0,0,0,0,0,0,0,0,0,0,0,0,0,0,0,0,0,0,0
2.6582069396972656,-1.0,0.0,0.0,0.0,0.0,0.0,0.0,0.0,0.0,0.03,0,0,0,0,0,0,0,0,0,0,0,0,0,0,0,0,0,0,0,0,0
2.660872459411621,-1.0,0.0,0.0,0.0,0.0,0.0,0.0,0.0,0.0,0.03,0,0,0,0,0,0,0,0,0,0,0,0,0,0,0,0,0,0,0,0,0
2.6621556282043457,-1.0,0.0,0.0,0.0,0.0,0.0,0.0,0.0,0.0,0.03,0,0,0,0,0,0,0,0,0,0,0,0,0,0,0,0,0,0,0,0,0
2.663339853286743,-1.0,0.0,0.0,0.0,0.0,0.0,0.0,0.0,0.0,0.03,0,0,0,0,0,0,0,0,0,0,0,0,0,0,0,0,0,0,0,0,0
2.66557240486145,-1.0,0.0,0.0,0.0,0.0,0.0,0.0,0.0,0.0,0.03,0,0,0,0,0,0,0,0,0,0,0,0,0,0,0,0,0,0,0,0,0
2.666663408279419,-1.0,0.0,0.0,0.0,0.0,0.0,0.0,0.0,0.0,0.03,0,0,0,0,0,0,0,0,0,0,0,0,0,0,0,0,0,0,0,0,0
2.669891357421875,-1.0,0.0,0.0,0.0,0.0,0.0,0.0,0.0,0.0,0.03,0,0,0,0,0,0,0,0,0,0,0,0,0,0,0,0,0,0,0,0,0
2.671509265899658,-1.0,0.0,0.0,0.0,0.0,0.0,0.0,0.0,0.0,0.03,0,0,0,0,0,0,0,0,0,0,0,0,0,0,0,0,0,0,0,0,0
2.673405170440674,-1.0,0.0,0.0,0.0,0.0,0.0,0.0,0.0,0.0,0.03,0,0,0,0,0,0,0,0,0,0,0,0,0,0,0,0,0,0,0,0,0
2.6751644611358643,-1.0,0.0,0.0,0.0,0.0,0.0,0.0,0.0,0.0,0.03,0,0,0,0,0,0,0,0,0,0,0,0,0,0,0,0,0,0,0,0,0
2.6770102977752686,-1.0,0.0,0.0,0.0,0.0,0.0,0.0,0.0,0.0,0.03,0,0,0,0,0,0,0,0,0,0,0,0,0,0,0,0,0,0,0,0,0
2.6780760288238525,-1.0,0.0,0.0,0.0,0.0,0.0,0.0,0.0,0.0,0.03,0,0,0,0,0,0,0,0,0,0,0,0,0,0,0,0,0,0,0,0,0
2.679462432861328,-1.0,0.0,0.0,0.0,0.0,0.0,0.0,0.0,0.0,0.03,0,0,0,0,0,0,0,0,0,0,0,0,0,0,0,0,0,0,0,0,0
2.6806697845458984,-1.0,0.0,0.0,0.0,0.0,0.0,0.0,0.0,0.0,0.03,0,0,0,0,0,0,0,0,0,0,0,0,0,0,0,0,0,0,0,0,0
2.683027505874634,-1.0,0.0,0.0,0.0,0.0,0.0,0.0,0.0,0.0,0.03,0,0,0,0,0,0,0,0,0,0,0,0,0,0,0,0,0,0,0,0,0
2.6841320991516113,-1.0,0.0,0.0,0.0,0.0,0.0,0.0,0.0,0.0,0.03,0,0,0,0,0,0,0,0,0,0,0,0,0,0,0,0,0,0,0,0,0
2.685689687728882,-1.0,0.0,0.0,0.0,0.0,0.0,0.0,0.0,0.0,0.03,0,0,0,0,0,0,0,0,0,0,0,0,0,0,0,0,0,0,0,0,0
2.68715763092041,-1.0,0.0,0.0,0.0,0.0,0.0,0.0,0.0,0.0,0.03,0,0,0,0,0,0,0,0,0,0,0,0,0,0,0,0,0,0,0,0,0
2.6883015632629395,-1.0,0.0,0.0,0.0,0.0,0.0,0.0,0.0,0.0,0.03,0,0,0,0,0,0,0,0,0,0,0,0,0,0,0,0,0,0,0,0,0
2.6893837451934814,-1.0,0.0,0.0,0.0,0.0,0.0,0.0,0.0,0.0,0.03,0,0,0,0,0,0,0,0,0,0,0,0,0,0,0,0,0,0,0,0,0
2.690488576889038,-1.0,0.0,0.0,0.0,0.0,0.0,0.0,0.0,0.0,0.03,0,0,0,0,0,0,0,0,0,0,0,0,0,0,0,0,0,0,0,0,0
2.691828727722168,-1.0,0.0,0.0,0.0,0.0,0.0,0.0,0.0,0.0,0.03,0,0,0,0,0,0,0,0,0,0,0,0,0,0,0,0,0,0,0,0,0
2.6929423809051514,-1.0,0.0,0.0,0.0,0.0,0.0,0.0,0.0,0.0,0.03,0,0,0,0,0,0,0,0,0,0,0,0,0,0,0,0,0,0,0,0,0
2.6947953701019287,-1.0,0.0,0.0,0.0,0.0,0.0,0.0,0.0,0.0,0.03,0,0,0,0,0,0,0,0,0,0,0,0,0,0,0,0,0,0,0,0,0
2.6963589191436768,-1.0,0.0,0.0,0.0,0.0,0.0,0.0,0.0,0.0,0.03,0,0,0,0,0,0,0,0,0,0,0,0,0,0,0,0,0,0,0,0,0
2.698503255844116,-1.0,0.0,0.0,0.0,0.0,0.0,0.0,0.0,0.0,0.03,0,0,0,0,0,0,0,0,0,0,0,0,0,0,0,0,0,0,0,0,0
2.6996657848358154,-1.0,0.0,0.0,0.0,0.0,0.0,0.0,0.0,0.0,0.03,0,0,0,0,0,0,0,0,0,0,0,0,0,0,0,0,0,0,0,0,0
2.7013726234436035,-1.0,0.0,0.0,0.0,0.0,0.0,0.0,0.0,0.0,0.03,0,0,0,0,0,0,0,0,0,0,0,0,0,0,0,0,0,0,0,0,0
2.7029645442962646,-1.0,0.0,0.0,0.0,0.0,0.0,0.0,0.0,0.0,0.03,0,0,0,0,0,0,0,0,0,0,0,0,0,0,0,0,0,0,0,0,0
2.7042951583862305,-1.0,0.0,0.0,0.0,0.0,0.0,0.0,0.0,0.0,0.03,0,0,0,0,0,0,0,0,0,0,0,0,0,0,0,0,0,0,0,0,0
2.7056846618652344,-1.0,0.0,0.0,0.0,0.0,0.0,0.0,0.0,0.0,0.03,0,0,0,0,0,0,0,0,0,0,0,0,0,0,0,0,0,0,0,0,0
2.7068123817443848,-1.0,0.0,0.0,0.0,0.0,0.0,0.0,0.0,0.0,0.03,0,0,0,0,0,0,0,0,0,0,0,0,0,0,0,0,0,0,0,0,0
2.707998514175415,-1.0,0.0,0.0,0.0,0.0,0.0,0.0,0.0,0.0,0.03,0,0,0,0,0,0,0,0,0,0,0,0,0,0,0,0,0,0,0,0,0
2.709327220916748,-1.0,0.0,0.0,0.0,0.0,0.0,0.0,0.0,0.0,0.03,0,0,0,0,0,0,0,0,0,0,0,0,0,0,0,0,0,0,0,0,0
2.7105188369750977,-1.0,0.0,0.0,0.0,0.0,0.0,0.0,0.0,0.0,0.03,0,0,0,0,0,0,0,0,0,0,0,0,0,0,0,0,0,0,0,0,0
2.7118773460388184,-1.0,0.0,0.0,0.0,0.0,0.0,0.0,0.0,0.0,0.03,0,0,0,0,0,0,0,0,0,0,0,0,0,0,0,0,0,0,0,0,0
2.712963581085205,-1.0,0.0,0.0,0.0,0.0,0.0,0.0,0.0,0.0,0.03,0,0,0,0,0,0,0,0,0,0,0,0,0,0,0,0,0,0,0,0,0
2.7140796184539795,-1.0,0.0,0.0,0.0,0.0,0.0,0.0,0.0,0.0,0.03,0,0,0,0,0,0,0,0,0,0,0,0,0,0,0,0,0,0,0,0,0
2.7159576416015625,-1.0,0.0,0.0,0.0,0.0,0.0,0.0,0.0,0.0,0.03,0,0,0,0,0,0,0,0,0,0,0,0,0,0,0,0,0,0,0,0,0
2.718777894973755,-1.0,0.0,0.0,0.0,0.0,0.0,0.0,0.0,0.0,0.03,0,0,0,0,0,0,0,0,0,0,0,0,0,0,0,0,0,0,0,0,0
2.7198870182037354,-1.0,0.0,0.0,0.0,0.0,0.0,0.0,0.0,0.0,0.03,0,0,0,0,0,0,0,0,0,0,0,0,0,0,0,0,0,0,0,0,0
2.7218611240386963,-1.0,0.0,0.0,0.0,0.0,0.0,0.0,0.0,0.0,0.03,0,0,0,0,0,0,0,0,0,0,0,0,0,0,0,0,0,0,0,0,0
2.7238268852233887,-1.0,0.0,0.0,0.0,0.0,0.0,0.0,0.0,0.0,0.03,0,0,0,0,0,0,0,0,0,0,0,0,0,0,0,0,0,0,0,0,0
2.725064754486084,-1.0,0.0,0.0,0.0,0.0,0.0,0.0,0.0,0.0,0.03,0,0,0,0,0,0,0,0,0,0,0,0,0,0,0,0,0,0,0,0,0
2.7262585163116455,-1.0,0.0,0.0,0.0,0.0,0.0,0.0,0.0,0.0,0.03,0,0,0,0,0,0,0,0,0,0,0,0,0,0,0,0,0,0,0,0,0
2.727407455444336,-1.0,0.0,0.0,0.0,0.0,0.0,0.0,0.0,0.0,0.03,0,0,0,0,0,0,0,0,0,0,0,0,0,0,0,0,0,0,0,0,0
2.728492498397827,-1.0,0.0,0.0,0.0,0.0,0.0,0.0,0.0,0.0,0.03,0,0,0,0,0,0,0,0,0,0,0,0,0,0,0,0,0,0,0,0,0
2.7301900386810303,-1.0,0.0,0.0,0.0,0.0,0.0,0.0,0.0,0.0,0.03,0,0,0,0,0,0,0,0,0,0,0,0,0,0,0,0,0,0,0,0,0
2.7314939498901367,-1.0,0.0,0.0,0.0,0.0,0.0,0.0,0.0,0.0,0.03,0,0,0,0,0,0,0,0,0,0,0,0,0,0,0,0,0,0,0,0,0
2.7330713272094727,-1.0,0.0,0.0,0.0,0.0,0.0,0.0,0.0,0.0,0.03,0,0,0,0,0,0,0,0,0,0,0,0,0,0,0,0,0,0,0,0,0
2.7343618869781494,-1.0,0.0,0.0,0.0,0.0,0.0,0.0,0.0,0.0,0.03,0,0,0,0,0,0,0,0,0,0,0,0,0,0,0,0,0,0,0,0,0
2.7369885444641113,-1.0,0.0,0.0,0.0,0.0,0.0,0.0,0.0,0.0,0.03,0,0,0,0,0,0,0,0,0,0,0,0,0,0,0,0,0,0,0,0,0
2.7384448051452637,-1.0,0.0,0.0,0.0,0.0,0.0,0.0,0.0,0.0,0.03,0,0,0,0,0,0,0,0,0,0,0,0,0,0,0,0,0,0,0,0,0
2.7398886680603027,-1.0,0.0,0.0,0.0,0.0,0.0,0.0,0.0,0.0,0.03,0,0,0,0,0,0,0,0,0,0,0,0,0,0,0,0,0,0,0,0,0
2.741976022720337,-1.0,0.0,0.0,0.0,0.0,0.0,0.0,0.0,0.0,0.03,0,0,0,0,0,0,0,0,0,0,0,0,0,0,0,0,0,0,0,0,0
2.7440786361694336,-1.0,0.0,0.0,0.0,0.0,0.0,0.0,0.0,0.0,0.03,0,0,0,0,0,0,0,0,0,0,0,0,0,0,0,0,0,0,0,0,0
2.74517822265625,-1.0,0.0,0.0,0.0,0.0,0.0,0.0,0.0,0.0,0.03,0,0,0,0,0,0,0,0,0,0,0,0,0,0,0,0,0,0,0,0,0
2.746267080307007,-1.0,0.0,0.0,0.0,0.0,0.0,0.0,0.0,0.0,0.03,0,0,0,0,0,0,0,0,0,0,0,0,0,0,0,0,0,0,0,0,0
2.747389554977417,-1.0,0.0,0.0,0.0,0.0,0.0,0.0,0.0,0.0,0.03,0,0,0,0,0,0,0,0,0,0,0,0,0,0,0,0,0,0,0,0,0
2.748593330383301,-1.0,0.0,0.0,0.0,0.0,0.0,0.0,0.0,0.0,0.03,0,0,0,0,0,0,0,0,0,0,0,0,0,0,0,0,0,0,0,0,0
2.749807119369507,-1.0,0.0,0.0,0.0,0.0,0.0,0.0,0.0,0.0,0.03,0,0,0,0,0,0,0,0,0,0,0,0,0,0,0,0,0,0,0,0,0
2.7509477138519287,-1.0,0.0,0.0,0.0,0.0,0.0,0.0,0.0,0.0,0.03,0,0,0,0,0,0,0,0,0,0,0,0,0,0,0,0,0,0,0,0,0
2.7520751953125,-1.0,0.0,0.0,0.0,0.0,0.0,0.0,0.0,0.0,0.03,0,0,0,0,0,0,0,0,0,0,0,0,0,0,0,0,0,0,0,0,0
2.753152847290039,-1.0,0.0,0.0,0.0,0.0,0.0,0.0,0.0,0.0,0.03,0,0,0,0,0,0,0,0,0,0,0,0,0,0,0,0,0,0,0,0,0
2.7546730041503906,-1.0,0.0,0.0,0.0,0.0,0.0,0.0,0.0,0.0,0.03,0,0,0,0,0,0,0,0,0,0,0,0,0,0,0,0,0,0,0,0,0
2.7562501430511475,-1.0,0.0,0.0,0.0,0.0,0.0,0.0,0.0,0.0,0.03,0,0,0,0,0,0,0,0,0,0,0,0,0,0,0,0,0,0,0,0,0
2.758558511734009,-1.0,0.0,0.0,0.0,0.0,0.0,0.0,0.0,0.0,0.03,0,0,0,0,0,0,0,0,0,0,0,0,0,0,0,0,0,0,0,0,0
2.759861707687378,-1.0,0.0,0.0,0.0,0.0,0.0,0.0,0.0,0.0,0.03,0,0,0,0,0,0,0,0,0,0,0,0,0,0,0,0,0,0,0,0,0
2.7610044479370117,-1.0,0.0,0.0,0.0,0.0,0.0,0.0,0.0,0.0,0.03,0,0,0,0,0,0,0,0,0,0,0,0,0,0,0,0,0,0,0,0,0
2.7623958587646484,-1.0,0.0,0.0,0.0,0.0,0.0,0.0,0.0,0.0,0.03,0,0,0,0,0,0,0,0,0,0,0,0,0,0,0,0,0,0,0,0,0
2.7643988132476807,-1.0,0.0,0.0,0.0,0.0,0.0,0.0,0.0,0.0,0.03,0,0,0,0,0,0,0,0,0,0,0,0,0,0,0,0,0,0,0,0,0
2.765657424926758,-1.0,0.0,0.0,0.0,0.0,0.0,0.0,0.0,0.0,0.03,0,0,0,0,0,0,0,0,0,0,0,0,0,0,0,0,0,0,0,0,0
2.7672595977783203,-1.0,0.0,0.0,0.0,0.0,0.0,0.0,0.0,0.0,0.03,0,0,0,0,0,0,0,0,0,0,0,0,0,0,0,0,0,0,0,0,0
2.768794536590576,-1.0,0.0,0.0,0.0,0.0,0.0,0.0,0.0,0.0,0.03,0,0,0,0,0,0,0,0,0,0,0,0,0,0,0,0,0,0,0,0,0
2.7699618339538574,-1.0,0.0,0.0,0.0,0.0,0.0,0.0,0.0,0.0,0.03,0,0,0,0,0,0,0,0,0,0,0,0,0,0,0,0,0,0,0,0,0
2.7710506916046143,-1.0,0.0,0.0,0.0,0.0,0.0,0.0,0.0,0.0,0.03,0,0,0,0,0,0,0,0,0,0,0,0,0,0,0,0,0,0,0,0,0
2.7721364498138428,-1.0,0.0,0.0,0.0,0.0,0.0,0.0,0.0,0.0,0.03,0,0,0,0,0,0,0,0,0,0,0,0,0,0,0,0,0,0,0,0,0
2.7735273838043213,-1.0,0.0,0.0,0.0,0.0,0.0,0.0,0.0,0.0,0.03,0,0,0,0,0,0,0,0,0,0,0,0,0,0,0,0,0,0,0,0,0
2.7747738361358643,-1.0,0.0,0.0,0.0,0.0,0.0,0.0,0.0,0.0,0.03,0,0,0,0,0,0,0,0,0,0,0,0,0,0,0,0,0,0,0,0,0
2.776057720184326,-1.0,0.0,0.0,0.0,0.0,0.0,0.0,0.0,0.0,0.03,0,0,0,0,0,0,0,0,0,0,0,0,0,0,0,0,0,0,0,0,0
2.777876615524292,-1.0,0.0,0.0,0.0,0.0,0.0,0.0,0.0,0.0,0.03,0,0,0,0,0,0,0,0,0,0,0,0,0,0,0,0,0,0,0,0,0
2.778984308242798,-1.0,0.0,0.0,0.0,0.0,0.0,0.0,0.0,0.0,0.03,0,0,0,0,0,0,0,0,0,0,0,0,0,0,0,0,0,0,0,0,0
2.780341625213623,-1.0,0.0,0.0,0.0,0.0,0.0,0.0,0.0,0.0,0.03,0,0,0,0,0,0,0,0,0,0,0,0,0,0,0,0,0,0,0,0,0
2.7816169261932373,-1.0,0.0,0.0,0.0,0.0,0.0,0.0,0.0,0.0,0.03,0,0,0,0,0,0,0,0,0,0,0,0,0,0,0,0,0,0,0,0,0
2.7832775115966797,-1.0,0.0,0.0,0.0,0.0,0.0,0.0,0.0,0.0,0.03,0,0,0,0,0,0,0,0,0,0,0,0,0,0,0,0,0,0,0,0,0
2.784463882446289,-1.0,0.0,0.0,0.0,0.0,0.0,0.0,0.0,0.0,0.03,0,0,0,0,0,0,0,0,0,0,0,0,0,0,0,0,0,0,0,0,0
2.786499500274658,-1.0,0.0,0.0,0.0,0.0,0.0,0.0,0.0,0.0,0.03,0,0,0,0,0,0,0,0,0,0,0,0,0,0,0,0,0,0,0,0,0
2.787787914276123,-1.0,0.0,0.0,0.0,0.0,0.0,0.0,0.0,0.0,0.03,0,0,0,0,0,0,0,0,0,0,0,0,0,0,0,0,0,0,0,0,0
2.7912354469299316,-1.0,0.0,0.0,0.0,0.0,0.0,0.0,0.0,0.0,0.03,0,0,0,0,0,0,0,0,0,0,0,0,0,0,0,0,0,0,0,0,0
2.792926073074341,-1.0,0.0,0.0,0.0,0.0,0.0,0.0,0.0,0.0,0.03,0,0,0,0,0,0,0,0,0,0,0,0,0,0,0,0,0,0,0,0,0
2.7948436737060547,-1.0,0.0,0.0,0.0,0.0,0.0,0.0,0.0,0.0,0.03,0,0,0,0,0,0,0,0,0,0,0,0,0,0,0,0,0,0,0,0,0
2.7965054512023926,-1.0,0.0,0.0,0.0,0.0,0.0,0.0,0.0,0.0,0.03,0,0,0,0,0,0,0,0,0,0,0,0,0,0,0,0,0,0,0,0,0
2.7977871894836426,-1.0,0.0,0.0,0.0,0.0,0.0,0.0,0.0,0.0,0.03,0,0,0,0,0,0,0,0,0,0,0,0,0,0,0,0,0,0,0,0,0
2.7988922595977783,-1.0,0.0,0.0,0.0,0.0,0.0,0.0,0.0,0.0,0.03,0,0,0,0,0,0,0,0,0,0,0,0,0,0,0,0,0,0,0,0,0
2.800316333770752,-1.0,0.0,0.0,0.0,0.0,0.0,0.0,0.0,0.0,0.03,0,0,0,0,0,0,0,0,0,0,0,0,0,0,0,0,0,0,0,0,0
2.8030412197113037,-1.0,0.0,0.0,0.0,0.0,0.0,0.0,0.0,0.0,0.03,0,0,0,0,0,0,0,0,0,0,0,0,0,0,0,0,0,0,0,0,0
2.8042423725128174,-1.0,0.0,0.0,0.0,0.0,0.0,0.0,0.0,0.0,0.03,0,0,0,0,0,0,0,0,0,0,0,0,0,0,0,0,0,0,0,0,0
2.805344343185425,-1.0,0.0,0.0,0.0,0.0,0.0,0.0,0.0,0.0,0.03,0,0,0,0,0,0,0,0,0,0,0,0,0,0,0,0,0,0,0,0,0
2.8064825534820557,-1.0,0.0,0.0,0.0,0.0,0.0,0.0,0.0,0.0,0.03,0,0,0,0,0,0,0,0,0,0,0,0,0,0,0,0,0,0,0,0,0
2.80796217918396,-1.0,0.0,0.0,0.0,0.0,0.0,0.0,0.0,0.0,0.03,0,0,0,0,0,0,0,0,0,0,0,0,0,0,0,0,0,0,0,0,0
2.809389114379883,-1.0,0.0,0.0,0.0,0.0,0.0,0.0,0.0,0.0,0.03,0,0,0,0,0,0,0,0,0,0,0,0,0,0,0,0,0,0,0,0,0
2.8105297088623047,-1.0,0.0,0.0,0.0,0.0,0.0,0.0,0.0,0.0,0.03,0,0,0,0,0,0,0,0,0,0,0,0,0,0,0,0,0,0,0,0,0
2.811612367630005,-1.0,0.0,0.0,0.0,0.0,0.0,0.0,0.0,0.0,0.03,0,0,0,0,0,0,0,0,0,0,0,0,0,0,0,0,0,0,0,0,0
2.812816619873047,-1.0,0.0,0.0,0.0,0.0,0.0,0.0,0.0,0.0,0.03,0,0,0,0,0,0,0,0,0,0,0,0,0,0,0,0,0,0,0,0,0
2.8139898777008057,-1.0,0.0,0.0,0.0,0.0,0.0,0.0,0.0,0.0,0.03,0,0,0,0,0,0,0,0,0,0,0,0,0,0,0,0,0,0,0,0,0
2.815079927444458,-1.0,0.0,0.0,0.0,0.0,0.0,0.0,0.0,0.0,0.03,0,0,0,0,0,0,0,0,0,0,0,0,0,0,0,0,0,0,0,0,0
2.8173959255218506,-1.0,0.0,0.0,0.0,0.0,0.0,0.0,0.0,0.0,0.03,0,0,0,0,0,0,0,0,0,0,0,0,0,0,0,0,0,0,0,0,0
2.8192079067230225,-1.0,0.0,0.0,0.0,0.0,0.0,0.0,0.0,0.0,0.03,0,0,0,0,0,0,0,0,0,0,0,0,0,0,0,0,0,0,0,0,0
2.8205301761627197,-1.0,0.0,0.0,0.0,0.0,0.0,0.0,0.0,0.0,0.03,0,0,0,0,0,0,0,0,0,0,0,0,0,0,0,0,0,0,0,0,0
2.821645736694336,-1.0,0.0,0.0,0.0,0.0,0.0,0.0,0.0,0.0,0.03,0,0,0,0,0,0,0,0,0,0,0,0,0,0,0,0,0,0,0,0,0
2.8233749866485596,-1.0,0.0,0.0,0.0,0.0,0.0,0.0,0.0,0.0,0.03,0,0,0,0,0,0,0,0,0,0,0,0,0,0,0,0,0,0,0,0,0
2.825425863265991,-1.0,0.0,0.0,0.0,0.0,0.0,0.0,0.0,0.0,0.03,0,0,0,0,0,0,0,0,0,0,0,0,0,0,0,0,0,0,0,0,0
2.826700448989868,-1.0,0.0,0.0,0.0,0.0,0.0,0.0,0.0,0.0,0.03,0,0,0,0,0,0,0,0,0,0,0,0,0,0,0,0,0,0,0,0,0
2.8282320499420166,-1.0,0.0,0.0,0.0,0.0,0.0,0.0,0.0,0.0,0.03,0,0,0,0,0,0,0,0,0,0,0,0,0,0,0,0,0,0,0,0,0
2.829359531402588,-1.0,0.0,0.0,0.0,0.0,0.0,0.0,0.0,0.0,0.03,0,0,0,0,0,0,0,0,0,0,0,0,0,0,0,0,0,0,0,0,0
2.830566644668579,-1.0,0.0,0.0,0.0,0.0,0.0,0.0,0.0,0.0,0.03,0,0,0,0,0,0,0,0,0,0,0,0,0,0,0,0,0,0,0,0,0
2.8317856788635254,-1.0,0.0,0.0,0.0,0.0,0.0,0.0,0.0,0.0,0.03,0,0,0,0,0,0,0,0,0,0,0,0,0,0,0,0,0,0,0,0,0
2.8329997062683105,-1.0,0.0,0.0,0.0,0.0,0.0,0.0,0.0,0.0,0.03,0,0,0,0,0,0,0,0,0,0,0,0,0,0,0,0,0,0,0,0,0
2.834493637084961,-1.0,0.0,0.0,0.0,0.0,0.0,0.0,0.0,0.0,0.03,0,0,0,0,0,0,0,0,0,0,0,0,0,0,0,0,0,0,0,0,0
2.8359594345092773,-1.0,0.0,0.0,0.0,0.0,0.0,0.0,0.0,0.0,0.03,0,0,0,0,0,0,0,0,0,0,0,0,0,0,0,0,0,0,0,0,0
2.8379204273223877,-1.0,0.0,0.0,0.0,0.0,0.0,0.0,0.0,0.0,0.03,0,0,0,0,0,0,0,0,0,0,0,0,0,0,0,0,0,0,0,0,0
2.839141368865967,-1.0,0.0,0.0,0.0,0.0,0.0,0.0,0.0,0.0,0.03,0,0,0,0,0,0,0,0,0,0,0,0,0,0,0,0,0,0,0,0,0
2.840230703353882,-1.0,0.0,0.0,0.0,0.0,0.0,0.0,0.0,0.0,0.03,0,0,0,0,0,0,0,0,0,0,0,0,0,0,0,0,0,0,0,0,0
2.84293270111084,-1.0,0.0,0.0,0.0,0.0,0.0,0.0,0.0,0.0,0.03,0,0,0,0,0,0,0,0,0,0,0,0,0,0,0,0,0,0,0,0,0
2.844219207763672,-1.0,0.0,0.0,0.0,0.0,0.0,0.0,0.0,0.0,0.03,0,0,0,0,0,0,0,0,0,0,0,0,0,0,0,0,0,0,0,0,0
2.8454439640045166,-1.0,0.0,0.0,0.0,0.0,0.0,0.0,0.0,0.0,0.03,0,0,0,0,0,0,0,0,0,0,0,0,0,0,0,0,0,0,0,0,0
2.847031831741333,-1.0,0.0,0.0,0.0,0.0,0.0,0.0,0.0,0.0,0.03,0,0,0,0,0,0,0,0,0,0,0,0,0,0,0,0,0,0,0,0,0
2.8483057022094727,-1.0,0.0,0.0,0.0,0.0,0.0,0.0,0.0,0.0,0.03,0,0,0,0,0,0,0,0,0,0,0,0,0,0,0,0,0,0,0,0,0
2.852010488510132,-1.0,0.0,0.0,0.0,0.0,0.0,0.0,0.0,0.0,0.03,0,0,0,0,0,0,0,0,0,0,0,0,0,0,0,0,0,0,0,0,0
2.85367751121521,-1.0,0.0,0.0,0.0,0.0,0.0,0.0,0.0,0.0,0.03,0,0,0,0,0,0,0,0,0,0,0,0,0,0,0,0,0,0,0,0,0
2.8549964427948,-1.0,0.0,0.0,0.0,0.0,0.0,0.0,0.0,0.0,0.03,0,0,0,0,0,0,0,0,0,0,0,0,0,0,0,0,0,0,0,0,0
2.857571840286255,-1.0,0.0,0.0,0.0,0.0,0.0,0.0,0.0,0.0,0.03,0,0,0,0,0,0,0,0,0,0,0,0,0,0,0,0,0,0,0,0,0
2.8587214946746826,-1.0,0.0,0.0,0.0,0.0,0.0,0.0,0.0,0.0,0.03,0,0,0,0,0,0,0,0,0,0,0,0,0,0,0,0,0,0,0,0,0
2.8600032329559326,-1.0,0.0,0.0,0.0,0.0,0.0,0.0,0.0,0.0,0.03,0,0,0,0,0,0,0,0,0,0,0,0,0,0,0,0,0,0,0,0,0
2.861111640930176,-1.0,0.0,0.0,0.0,0.0,0.0,0.0,0.0,0.0,0.03,0,0,0,0,0,0,0,0,0,0,0,0,0,0,0,0,0,0,0,0,0
2.8623228073120117,-1.0,0.0,0.0,0.0,0.0,0.0,0.0,0.0,0.0,0.03,0,0,0,0,0,0,0,0,0,0,0,0,0,0,0,0,0,0,0,0,0
2.8636040687561035,-1.0,0.0,0.0,0.0,0.0,0.0,0.0,0.0,0.0,0.03,0,0,0,0,0,0,0,0,0,0,0,0,0,0,0,0,0,0,0,0,0
2.864694118499756,-1.0,0.0,0.0,0.0,0.0,0.0,0.0,0.0,0.0,0.03,0,0,0,0,0,0,0,0,0,0,0,0,0,0,0,0,0,0,0,0,0
2.8659157752990723,-1.0,0.0,0.0,0.0,0.0,0.0,0.0,0.0,0.0,0.03,0,0,0,0,0,0,0,0,0,0,0,0,0,0,0,0,0,0,0,0,0
2.8675448894500732,-1.0,0.0,0.0,0.0,0.0,0.0,0.0,0.0,0.0,0.03,0,0,0,0,0,0,0,0,0,0,0,0,0,0,0,0,0,0,0,0,0
2.8686585426330566,-1.0,0.0,0.0,0.0,0.0,0.0,0.0,0.0,0.0,0.03,0,0,0,0,0,0,0,0,0,0,0,0,0,0,0,0,0,0,0,0,0
2.869788885116577,-1.0,0.0,0.0,0.0,0.0,0.0,0.0,0.0,0.0,0.03,0,0,0,0,0,0,0,0,0,0,0,0,0,0,0,0,0,0,0,0,0
2.8708930015563965,-1.0,0.0,0.0,0.0,0.0,0.0,0.0,0.0,0.0,0.03,0,0,0,0,0,0,0,0,0,0,0,0,0,0,0,0,0,0,0,0,0
2.8719844818115234,-1.0,0.0,0.0,0.0,0.0,0.0,0.0,0.0,0.0,0.03,0,0,0,0,0,0,0,0,0,0,0,0,0,0,0,0,0,0,0,0,0
2.8731906414031982,-1.0,0.0,0.0,0.0,0.0,0.0,0.0,0.0,0.0,0.03,0,0,0,0,0,0,0,0,0,0,0,0,0,0,0,0,0,0,0,0,0
2.874279260635376,-1.0,0.0,0.0,0.0,0.0,0.0,0.0,0.0,0.0,0.03,0,0,0,0,0,0,0,0,0,0,0,0,0,0,0,0,0,0,0,0,0
2.877476930618286,-1.0,0.0,0.0,0.0,0.0,0.0,0.0,0.0,0.0,0.03,0,0,0,0,0,0,0,0,0,0,0,0,0,0,0,0,0,0,0,0,0
2.8804070949554443,-1.0,0.0,0.0,0.0,0.0,0.0,0.0,0.0,0.0,0.03,0,0,0,0,0,0,0,0,0,0,0,0,0,0,0,0,0,0,0,0,0
2.8815033435821533,-1.0,0.0,0.0,0.0,0.0,0.0,0.0,0.0,0.0,0.03,0,0,0,0,0,0,0,0,0,0,0,0,0,0,0,0,0,0,0,0,0
2.882669687271118,-1.0,0.0,0.0,0.0,0.0,0.0,0.0,0.0,0.0,0.03,0,0,0,0,0,0,0,0,0,0,0,0,0,0,0,0,0,0,0,0,0
2.8847458362579346,-1.0,0.0,0.0,0.0,0.0,0.0,0.0,0.0,0.0,0.03,0,0,0,0,0,0,0,0,0,0,0,0,0,0,0,0,0,0,0,0,0
2.8861238956451416,-1.0,0.0,0.0,0.0,0.0,0.0,0.0,0.0,0.0,0.03,0,0,0,0,0,0,0,0,0,0,0,0,0,0,0,0,0,0,0,0,0
2.8873701095581055,-1.0,0.0,0.0,0.0,0.0,0.0,0.0,0.0,0.0,0.03,0,0,0,0,0,0,0,0,0,0,0,0,0,0,0,0,0,0,0,0,0
2.8889670372009277,-1.0,0.0,0.0,0.0,0.0,0.0,0.0,0.0,0.0,0.03,0,0,0,0,0,0,0,0,0,0,0,0,0,0,0,0,0,0,0,0,0
2.890127420425415,-1.0,0.0,0.0,0.0,0.0,0.0,0.0,0.0,0.0,0.03,0,0,0,0,0,0,0,0,0,0,0,0,0,0,0,0,0,0,0,0,0
2.891211748123169,-1.0,0.0,0.0,0.0,0.0,0.0,0.0,0.0,0.0,0.03,0,0,0,0,0,0,0,0,0,0,0,0,0,0,0,0,0,0,0,0,0
2.8924100399017334,-1.0,0.0,0.0,0.0,0.0,0.0,0.0,0.0,0.0,0.03,0,0,0,0,0,0,0,0,0,0,0,0,0,0,0,0,0,0,0,0,0
2.8938381671905518,-1.0,0.0,0.0,0.0,0.0,0.0,0.0,0.0,0.0,0.03,0,0,0,0,0,0,0,0,0,0,0,0,0,0,0,0,0,0,0,0,0
2.895413637161255,-1.0,0.0,0.0,0.0,0.0,0.0,0.0,0.0,0.0,0.03,0,0,0,0,0,0,0,0,0,0,0,0,0,0,0,0,0,0,0,0,0
2.8970253467559814,-1.0,0.0,0.0,0.0,0.0,0.0,0.0,0.0,0.0,0.03,0,0,0,0,0,0,0,0,0,0,0,0,0,0,0,0,0,0,0,0,0
2.8988916873931885,-1.0,0.0,0.0,0.0,0.0,0.0,0.0,0.0,0.0,0.03,0,0,0,0,0,0,0,0,0,0,0,0,0,0,0,0,0,0,0,0,0
2.900346040725708,-1.0,0.0,0.0,0.0,0.0,0.0,0.0,0.0,0.0,0.03,0,0,0,0,0,0,0,0,0,0,0,0,0,0,0,0,0,0,0,0,0
2.9020063877105713,-1.0,0.0,0.0,0.0,0.0,0.0,0.0,0.0,0.0,0.03,0,0,0,0,0,0,0,0,0,0,0,0,0,0,0,0,0,0,0,0,0
2.903116464614868,-1.0,0.0,0.0,0.0,0.0,0.0,0.0,0.0,0.0,0.03,0,0,0,0,0,0,0,0,0,0,0,0,0,0,0,0,0,0,0,0,0
2.904733896255493,-1.0,0.0,0.0,0.0,0.0,0.0,0.0,0.0,0.0,0.03,0,0,0,0,0,0,0,0,0,0,0,0,0,0,0,0,0,0,0,0,0
2.906431198120117,-1.0,0.0,0.0,0.0,0.0,0.0,0.0,0.0,0.0,0.03,0,0,0,0,0,0,0,0,0,0,0,0,0,0,0,0,0,0,0,0,0
2.9078004360198975,-1.0,0.0,0.0,0.0,0.0,0.0,0.0,0.0,0.0,0.03,0,0,0,0,0,0,0,0,0,0,0,0,0,0,0,0,0,0,0,0,0
2.9098668098449707,-1.0,0.0,0.0,0.0,0.0,0.0,0.0,0.0,0.0,0.03,0,0,0,0,0,0,0,0,0,0,0,0,0,0,0,0,0,0,0,0,0
2.9112699031829834,-1.0,0.0,0.0,0.0,0.0,0.0,0.0,0.0,0.0,0.03,0,0,0,0,0,0,0,0,0,0,0,0,0,0,0,0,0,0,0,0,0
2.9123566150665283,-1.0,0.0,0.0,0.0,0.0,0.0,0.0,0.0,0.0,0.03,0,0,0,0,0,0,0,0,0,0,0,0,0,0,0,0,0,0,0,0,0
2.913975477218628,-1.0,0.0,0.0,0.0,0.0,0.0,0.0,0.0,0.0,0.03,0,0,0,0,0,0,0,0,0,0,0,0,0,0,0,0,0,0,0,0,0
2.915341377258301,-1.0,0.0,0.0,0.0,0.0,0.0,0.0,0.0,0.0,0.03,0,0,0,0,0,0,0,0,0,0,0,0,0,0,0,0,0,0,0,0,0
2.9166276454925537,-1.0,0.0,0.0,0.0,0.0,0.0,0.0,0.0,0.0,0.03,0,0,0,0,0,0,0,0,0,0,0,0,0,0,0,0,0,0,0,0,0
2.917863368988037,-1.0,0.0,0.0,0.0,0.0,0.0,0.0,0.0,0.0,0.03,0,0,0,0,0,0,0,0,0,0,0,0,0,0,0,0,0,0,0,0,0
2.920168876647949,-1.0,0.0,0.0,0.0,0.0,0.0,0.0,0.0,0.0,0.03,0,0,0,0,0,0,0,0,0,0,0,0,0,0,0,0,0,0,0,0,0
2.9222230911254883,-1.0,0.0,0.0,0.0,0.0,0.0,0.0,0.0,0.0,0.03,0,0,0,0,0,0,0,0,0,0,0,0,0,0,0,0,0,0,0,0,0
2.92368483543396,-1.0,0.0,0.0,0.0,0.0,0.0,0.0,0.0,0.0,0.03,0,0,0,0,0,0,0,0,0,0,0,0,0,0,0,0,0,0,0,0,0
2.924959659576416,-1.0,0.0,0.0,0.0,0.0,0.0,0.0,0.0,0.0,0.03,0,0,0,0,0,0,0,0,0,0,0,0,0,0,0,0,0,0,0,0,0
2.9264655113220215,-1.0,0.0,0.0,0.0,0.0,0.0,0.0,0.0,0.0,0.03,0,0,0,0,0,0,0,0,0,0,0,0,0,0,0,0,0,0,0,0,0
2.928229331970215,-1.0,0.0,0.0,0.0,0.0,0.0,0.0,0.0,0.0,0.03,0,0,0,0,0,0,0,0,0,0,0,0,0,0,0,0,0,0,0,0,0
2.9295055866241455,-1.0,0.0,0.0,0.0,0.0,0.0,0.0,0.0,0.0,0.03,0,0,0,0,0,0,0,0,0,0,0,0,0,0,0,0,0,0,0,0,0
2.93068528175354,-1.0,0.0,0.0,0.0,0.0,0.0,0.0,0.0,0.0,0.03,0,0,0,0,0,0,0,0,0,0,0,0,0,0,0,0,0,0,0,0,0
2.9317963123321533,-1.0,0.0,0.0,0.0,0.0,0.0,0.0,0.0,0.0,0.03,0,0,0,0,0,0,0,0,0,0,0,0,0,0,0,0,0,0,0,0,0
2.932962417602539,-1.0,0.0,0.0,0.0,0.0,0.0,0.0,0.0,0.0,0.03,0,0,0,0,0,0,0,0,0,0,0,0,0,0,0,0,0,0,0,0,0
2.934030532836914,-1.0,0.0,0.0,0.0,0.0,0.0,0.0,0.0,0.0,0.03,0,0,0,0,0,0,0,0,0,0,0,0,0,0,0,0,0,0,0,0,0
2.935114860534668,-1.0,0.0,0.0,0.0,0.0,0.0,0.0,0.0,0.0,0.03,0,0,0,0,0,0,0,0,0,0,0,0,0,0,0,0,0,0,0,0,0
2.9362640380859375,-1.0,0.0,0.0,0.0,0.0,0.0,0.0,0.0,0.0,0.03,0,0,0,0,0,0,0,0,0,0,0,0,0,0,0,0,0,0,0,0,0
2.9373934268951416,-1.0,0.0,0.0,0.0,0.0,0.0,0.0,0.0,0.0,0.03,0,0,0,0,0,0,0,0,0,0,0,0,0,0,0,0,0,0,0,0,0
2.938481330871582,-1.0,0.0,0.0,0.0,0.0,0.0,0.0,0.0,0.0,0.03,0,0,0,0,0,0,0,0,0,0,0,0,0,0,0,0,0,0,0,0,0
2.939883232116699,-1.0,0.0,0.0,0.0,0.0,0.0,0.0,0.0,0.0,0.03,0,0,0,0,0,0,0,0,0,0,0,0,0,0,0,0,0,0,0,0,0
2.9415283203125,-1.0,0.0,0.0,0.0,0.0,0.0,0.0,0.0,0.0,0.03,0,0,0,0,0,0,0,0,0,0,0,0,0,0,0,0,0,0,0,0,0
2.9426751136779785,-1.0,0.0,0.0,0.0,0.0,0.0,0.0,0.0,0.0,0.03,0,0,0,0,0,0,0,0,0,0,0,0,0,0,0,0,0,0,0,0,0
2.945013999938965,-1.0,0.0,0.0,0.0,0.0,0.0,0.0,0.0,0.0,0.03,0,0,0,0,0,0,0,0,0,0,0,0,0,0,0,0,0,0,0,0,0
2.946352243423462,-1.0,0.0,0.0,0.0,0.0,0.0,0.0,0.0,0.0,0.03,0,0,0,0,0,0,0,0,0,0,0,0,0,0,0,0,0,0,0,0,0
2.9474148750305176,-1.0,0.0,0.0,0.0,0.0,0.0,0.0,0.0,0.0,0.03,0,0,0,0,0,0,0,0,0,0,0,0,0,0,0,0,0,0,0,0,0
2.9491801261901855,-1.0,0.0,0.0,0.0,0.0,0.0,0.0,0.0,0.0,0.03,0,0,0,0,0,0,0,0,0,0,0,0,0,0,0,0,0,0,0,0,0
2.9504268169403076,-1.0,0.0,0.0,0.0,0.0,0.0,0.0,0.0,0.0,0.03,0,0,0,0,0,0,0,0,0,0,0,0,0,0,0,0,0,0,0,0,0
2.9517030715942383,-1.0,0.0,0.0,0.0,0.0,0.0,0.0,0.0,0.0,0.03,0,0,0,0,0,0,0,0,0,0,0,0,0,0,0,0,0,0,0,0,0
2.9529192447662354,-1.0,0.0,0.0,0.0,0.0,0.0,0.0,0.0,0.0,0.03,0,0,0,0,0,0,0,0,0,0,0,0,0,0,0,0,0,0,0,0,0
2.9543616771698,-1.0,0.0,0.0,0.0,0.0,0.0,0.0,0.0,0.0,0.03,0,0,0,0,0,0,0,0,0,0,0,0,0,0,0,0,0,0,0,0,0
2.9556636810302734,-1.0,0.0,0.0,0.0,0.0,0.0,0.0,0.0,0.0,0.03,0,0,0,0,0,0,0,0,0,0,0,0,0,0,0,0,0,0,0,0,0
2.9568769931793213,-1.0,0.0,0.0,0.0,0.0,0.0,0.0,0.0,0.0,0.03,0,0,0,0,0,0,0,0,0,0,0,0,0,0,0,0,0,0,0,0,0
2.9579479694366455,-1.0,0.0,0.0,0.0,0.0,0.0,0.0,0.0,0.0,0.03,0,0,0,0,0,0,0,0,0,0,0,0,0,0,0,0,0,0,0,0,0
2.9590487480163574,-1.0,0.0,0.0,0.0,0.0,0.0,0.0,0.0,0.0,0.03,0,0,0,0,0,0,0,0,0,0,0,0,0,0,0,0,0,0,0,0,0
2.9607608318328857,-1.0,0.0,0.0,0.0,0.0,0.0,0.0,0.0,0.0,0.03,0,0,0,0,0,0,0,0,0,0,0,0,0,0,0,0,0,0,0,0,0
2.962151050567627,-1.0,0.0,0.0,0.0,0.0,0.0,0.0,0.0,0.0,0.03,0,0,0,0,0,0,0,0,0,0,0,0,0,0,0,0,0,0,0,0,0
2.96419620513916,-1.0,0.0,0.0,0.0,0.0,0.0,0.0,0.0,0.0,0.03,0,0,0,0,0,0,0,0,0,0,0,0,0,0,0,0,0,0,0,0,0
2.9656240940093994,-1.0,0.0,0.0,0.0,0.0,0.0,0.0,0.0,0.0,0.03,0,0,0,0,0,0,0,0,0,0,0,0,0,0,0,0,0,0,0,0,0
2.966766357421875,-1.0,0.0,0.0,0.0,0.0,0.0,0.0,0.0,0.0,0.03,0,0,0,0,0,0,0,0,0,0,0,0,0,0,0,0,0,0,0,0,0
2.96880841255188,-1.0,0.0,0.0,0.0,0.0,0.0,0.0,0.0,0.0,0.03,0,0,0,0,0,0,0,0,0,0,0,0,0,0,0,0,0,0,0,0,0
2.969960927963257,-1.0,0.0,0.0,0.0,0.0,0.0,0.0,0.0,0.0,0.03,0,0,0,0,0,0,0,0,0,0,0,0,0,0,0,0,0,0,0,0,0
2.9711432456970215,-1.0,0.0,0.0,0.0,0.0,0.0,0.0,0.0,0.0,0.03,0,0,0,0,0,0,0,0,0,0,0,0,0,0,0,0,0,0,0,0,0
2.972346305847168,-1.0,0.0,0.0,0.0,0.0,0.0,0.0,0.0,0.0,0.03,0,0,0,0,0,0,0,0,0,0,0,0,0,0,0,0,0,0,0,0,0
2.973919153213501,-1.0,0.0,0.0,0.0,0.0,0.0,0.0,0.0,0.0,0.03,0,0,0,0,0,0,0,0,0,0,0,0,0,0,0,0,0,0,0,0,0
2.9750077724456787,-1.0,0.0,0.0,0.0,0.0,0.0,0.0,0.0,0.0,0.03,0,0,0,0,0,0,0,0,0,0,0,0,0,0,0,0,0,0,0,0,0
2.976553201675415,-1.0,0.0,0.0,0.0,0.0,0.0,0.0,0.0,0.0,0.03,0,0,0,0,0,0,0,0,0,0,0,0,0,0,0,0,0,0,0,0,0
2.9786767959594727,-1.0,0.0,0.0,0.0,0.0,0.0,0.0,0.0,0.0,0.03,0,0,0,0,0,0,0,0,0,0,0,0,0,0,0,0,0,0,0,0,0
2.9803364276885986,-1.0,0.0,0.0,0.0,0.0,0.0,0.0,0.0,0.0,0.03,0,0,0,0,0,0,0,0,0,0,0,0,0,0,0,0,0,0,0,0,0
2.9822068214416504,-1.0,0.0,0.0,0.0,0.0,0.0,0.0,0.0,0.0,0.03,0,0,0,0,0,0,0,0,0,0,0,0,0,0,0,0,0,0,0,0,0
2.9838714599609375,-1.0,0.0,0.0,0.0,0.0,0.0,0.0,0.0,0.0,0.03,0,0,0,0,0,0,0,0,0,0,0,0,0,0,0,0,0,0,0,0,0
2.9855523109436035,-1.0,0.0,0.0,0.0,0.0,0.0,0.0,0.0,0.0,0.03,0,0,0,0,0,0,0,0,0,0,0,0,0,0,0,0,0,0,0,0,0
2.9866862297058105,-1.0,0.0,0.0,0.0,0.0,0.0,0.0,0.0,0.0,0.03,0,0,0,0,0,0,0,0,0,0,0,0,0,0,0,0,0,0,0,0,0
2.9880149364471436,-1.0,0.0,0.0,0.0,0.0,0.0,0.0,0.0,0.0,0.03,0,0,0,0,0,0,0,0,0,0,0,0,0,0,0,0,0,0,0,0,0
2.989600896835327,-1.0,0.0,0.0,0.0,0.0,0.0,0.0,0.0,0.0,0.03,0,0,0,0,0,0,0,0,0,0,0,0,0,0,0,0,0,0,0,0,0
2.9917688369750977,-1.0,0.0,0.0,0.0,0.0,0.0,0.0,0.0,0.0,0.03,0,0,0,0,0,0,0,0,0,0,0,0,0,0,0,0,0,0,0,0,0
2.9929308891296387,-1.0,0.0,0.0,0.0,0.0,0.0,0.0,0.0,0.0,0.03,0,0,0,0,0,0,0,0,0,0,0,0,0,0,0,0,0,0,0,0,0
2.995025873184204,-1.0,0.0,0.0,0.0,0.0,0.0,0.0,0.0,0.0,0.03,0,0,0,0,0,0,0,0,0,0,0,0,0,0,0,0,0,0,0,0,0
2.9961791038513184,-1.0,0.0,0.0,0.0,0.0,0.0,0.0,0.0,0.0,0.03,0,0,0,0,0,0,0,0,0,0,0,0,0,0,0,0,0,0,0,0,0
2.9972445964813232,-1.0,0.0,0.0,0.0,0.0,0.0,0.0,0.0,0.0,0.03,0,0,0,0,0,0,0,0,0,0,0,0,0,0,0,0,0,0,0,0,0
2.9983344078063965,-1.0,0.0,0.0,0.0,0.0,0.0,0.0,0.0,0.0,0.03,0,0,0,0,0,0,0,0,0,0,0,0,0,0,0,0,0,0,0,0,0
2.999490976333618,-1.0,0.0,0.0,0.0,0.0,0.0,0.0,0.0,0.0,0.03,0,0,0,0,0,0,0,0,0,0,0,0,0,0,0,0,0,0,0,0,0
3.0012834072113037,-1.0,0.0,0.0,0.0,0.0,0.0,0.0,0.0,0.0,0.03,0,0,0,0,0,0,0,0,0,0,0,0,0,0,0,0,0,0,0,0,0
3.0029330253601074,-1.0,0.0,0.0,0.0,0.0,0.0,0.0,0.0,0.0,0.03,0,0,0,0,0,0,0,0,0,0,0,0,0,0,0,0,0,0,0,0,0
3.0045549869537354,-1.0,0.0,0.0,0.0,0.0,0.0,0.0,0.0,0.0,0.03,0,0,0,0,0,0,0,0,0,0,0,0,0,0,0,0,0,0,0,0,0
3.0063865184783936,-1.0,0.0,0.0,0.0,0.0,0.0,0.0,0.0,0.0,0.03,0,0,0,0,0,0,0,0,0,0,0,0,0,0,0,0,0,0,0,0,0
3.007856607437134,-1.0,0.0,0.0,0.0,0.0,0.0,0.0,0.0,0.0,0.03,0,0,0,0,0,0,0,0,0,0,0,0,0,0,0,0,0,0,0,0,0
3.0090489387512207,-1.0,0.0,0.0,0.0,0.0,0.0,0.0,0.0,0.0,0.03,0,0,0,0,0,0,0,0,0,0,0,0,0,0,0,0,0,0,0,0,0
3.0101919174194336,-1.0,0.0,0.0,0.0,0.0,0.0,0.0,0.0,0.0,0.03,0,0,0,0,0,0,0,0,0,0,0,0,0,0,0,0,0,0,0,0,0
3.0116355419158936,-1.0,0.0,0.0,0.0,0.0,0.0,0.0,0.0,0.0,0.03,0,0,0,0,0,0,0,0,0,0,0,0,0,0,0,0,0,0,0,0,0
3.0132384300231934,-1.0,0.0,0.0,0.0,0.0,0.0,0.0,0.0,0.0,0.03,0,0,0,0,0,0,0,0,0,0,0,0,0,0,0,0,0,0,0,0,0
3.014538288116455,-1.0,0.0,0.0,0.0,0.0,0.0,0.0,0.0,0.0,0.03,0,0,0,0,0,0,0,0,0,0,0,0,0,0,0,0,0,0,0,0,0
3.0164284706115723,-1.0,0.0,0.0,0.0,0.0,0.0,0.0,0.0,0.0,0.03,0,0,0,0,0,0,0,0,0,0,0,0,0,0,0,0,0,0,0,0,0
3.0176920890808105,-1.0,0.0,0.0,0.0,0.0,0.0,0.0,0.0,0.0,0.03,0,0,0,0,0,0,0,0,0,0,0,0,0,0,0,0,0,0,0,0,0
3.0188496112823486,-1.0,0.0,0.0,0.0,0.0,0.0,0.0,0.0,0.0,0.03,0,0,0,0,0,0,0,0,0,0,0,0,0,0,0,0,0,0,0,0,0
3.019942045211792,-1.0,0.0,0.0,0.0,0.0,0.0,0.0,0.0,0.0,0.03,0,0,0,0,0,0,0,0,0,0,0,0,0,0,0,0,0,0,0,0,0
3.021108865737915,-1.0,0.0,0.0,0.0,0.0,0.0,0.0,0.0,0.0,0.03,0,0,0,0,0,0,0,0,0,0,0,0,0,0,0,0,0,0,0,0,0
3.022780179977417,-1.0,0.0,0.0,0.0,0.0,0.0,0.0,0.0,0.0,0.03,0,0,0,0,0,0,0,0,0,0,0,0,0,0,0,0,0,0,0,0,0
3.0240347385406494,-1.0,0.0,0.0,0.0,0.0,0.0,0.0,0.0,0.0,0.03,0,0,0,0,0,0,0,0,0,0,0,0,0,0,0,0,0,0,0,0,0
3.0251305103302,-1.0,0.0,0.0,0.0,0.0,0.0,0.0,0.0,0.0,0.03,0,0,0,0,0,0,0,0,0,0,0,0,0,0,0,0,0,0,0,0,0
3.0267419815063477,-1.0,0.0,0.0,0.0,0.0,0.0,0.0,0.0,0.0,0.03,0,0,0,0,0,0,0,0,0,0,0,0,0,0,0,0,0,0,0,0,0
3.027855634689331,-1.0,0.0,0.0,0.0,0.0,0.0,0.0,0.0,0.0,0.03,0,0,0,0,0,0,0,0,0,0,0,0,0,0,0,0,0,0,0,0,0
3.0292203426361084,-1.0,0.0,0.0,0.0,0.0,0.0,0.0,0.0,0.0,0.03,0,0,0,0,0,0,0,0,0,0,0,0,0,0,0,0,0,0,0,0,0
3.0306403636932373,-1.0,0.0,0.0,0.0,0.0,0.0,0.0,0.0,0.0,0.03,0,0,0,0,0,0,0,0,0,0,0,0,0,0,0,0,0,0,0,0,0
3.0325942039489746,-1.0,0.0,0.0,0.0,0.0,0.0,0.0,0.0,0.0,0.03,0,0,0,0,0,0,0,0,0,0,0,0,0,0,0,0,0,0,0,0,0
3.0337963104248047,-1.0,0.0,0.0,0.0,0.0,0.0,0.0,0.0,0.0,0.03,0,0,0,0,0,0,0,0,0,0,0,0,0,0,0,0,0,0,0,0,0
3.0354249477386475,-1.0,0.0,0.0,0.0,0.0,0.0,0.0,0.0,0.0,0.03,0,0,0,0,0,0,0,0,0,0,0,0,0,0,0,0,0,0,0,0,0
3.0366480350494385,-1.0,0.0,0.0,0.0,0.0,0.0,0.0,0.0,0.0,0.03,0,0,0,0,0,0,0,0,0,0,0,0,0,0,0,0,0,0,0,0,0
3.0377466678619385,-1.0,0.0,0.0,0.0,0.0,0.0,0.0,0.0,0.0,0.03,0,0,0,0,0,0,0,0,0,0,0,0,0,0,0,0,0,0,0,0,0
3.039860725402832,-1.0,0.0,0.0,0.0,0.0,0.0,0.0,0.0,0.0,0.03,0,0,0,0,0,0,0,0,0,0,0,0,0,0,0,0,0,0,0,0,0
3.041386842727661,-1.0,0.0,0.0,0.0,0.0,0.0,0.0,0.0,0.0,0.03,0,0,0,0,0,0,0,0,0,0,0,0,0,0,0,0,0,0,0,0,0
3.0426273345947266,-1.0,0.0,0.0,0.0,0.0,0.0,0.0,0.0,0.0,0.03,0,0,0,0,0,0,0,0,0,0,0,0,0,0,0,0,0,0,0,0,0
3.0443592071533203,-1.0,0.0,0.0,0.0,0.0,0.0,0.0,0.0,0.0,0.03,0,0,0,0,0,0,0,0,0,0,0,0,0,0,0,0,0,0,0,0,0
3.045952796936035,-1.0,0.0,0.0,0.0,0.0,0.0,0.0,0.0,0.0,0.03,0,0,0,0,0,0,0,0,0,0,0,0,0,0,0,0,0,0,0,0,0
3.047255277633667,-1.0,0.0,0.0,0.0,0.0,0.0,0.0,0.0,0.0,0.03,0,0,0,0,0,0,0,0,0,0,0,0,0,0,0,0,0,0,0,0,0
3.0487003326416016,-1.0,0.0,0.0,0.0,0.0,0.0,0.0,0.0,0.0,0.03,0,0,0,0,0,0,0,0,0,0,0,0,0,0,0,0,0,0,0,0,0
3.0501883029937744,-1.0,0.0,0.0,0.0,0.0,0.0,0.0,0.0,0.0,0.03,0,0,0,0,0,0,0,0,0,0,0,0,0,0,0,0,0,0,0,0,0
3.051288366317749,-1.0,0.0,0.0,0.0,0.0,0.0,0.0,0.0,0.0,0.03,0,0,0,0,0,0,0,0,0,0,0,0,0,0,0,0,0,0,0,0,0
3.0527737140655518,-1.0,0.0,0.0,0.0,0.0,0.0,0.0,0.0,0.0,0.03,0,0,0,0,0,0,0,0,0,0,0,0,0,0,0,0,0,0,0,0,0
3.0538766384124756,-1.0,0.0,0.0,0.0,0.0,0.0,0.0,0.0,0.0,0.03,0,0,0,0,0,0,0,0,0,0,0,0,0,0,0,0,0,0,0,0,0
3.0549793243408203,-1.0,0.0,0.0,0.0,0.0,0.0,0.0,0.0,0.0,0.03,0,0,0,0,0,0,0,0,0,0,0,0,0,0,0,0,0,0,0,0,0
3.0560762882232666,-1.0,0.0,0.0,0.0,0.0,0.0,0.0,0.0,0.0,0.03,0,0,0,0,0,0,0,0,0,0,0,0,0,0,0,0,0,0,0,0,0
3.0575382709503174,-1.0,0.0,0.0,0.0,0.0,0.0,0.0,0.0,0.0,0.03,0,0,0,0,0,0,0,0,0,0,0,0,0,0,0,0,0,0,0,0,0
3.0590102672576904,-1.0,0.0,0.0,0.0,0.0,0.0,0.0,0.0,0.0,0.03,0,0,0,0,0,0,0,0,0,0,0,0,0,0,0,0,0,0,0,0,0
3.0601699352264404,-1.0,0.0,0.0,0.0,0.0,0.0,0.0,0.0,0.0,0.03,0,0,0,0,0,0,0,0,0,0,0,0,0,0,0,0,0,0,0,0,0
3.0613136291503906,-1.0,0.0,0.0,0.0,0.0,0.0,0.0,0.0,0.0,0.03,0,0,0,0,0,0,0,0,0,0,0,0,0,0,0,0,0,0,0,0,0
3.0624160766601562,-1.0,0.0,0.0,0.0,0.0,0.0,0.0,0.0,0.0,0.03,0,0,0,0,0,0,0,0,0,0,0,0,0,0,0,0,0,0,0,0,0
3.0637426376342773,-1.0,0.0,0.0,0.0,0.0,0.0,0.0,0.0,0.0,0.03,0,0,0,0,0,0,0,0,0,0,0,0,0,0,0,0,0,0,0,0,0
3.0648412704467773,-1.0,0.0,0.0,0.0,0.0,0.0,0.0,0.0,0.0,0.03,0,0,0,0,0,0,0,0,0,0,0,0,0,0,0,0,0,0,0,0,0
3.067258834838867,-1.0,0.0,0.0,0.0,0.0,0.0,0.0,0.0,0.0,0.03,0,0,0,0,0,0,0,0,0,0,0,0,0,0,0,0,0,0,0,0,0
3.0705318450927734,-1.0,0.0,0.0,0.0,0.0,0.0,0.0,0.0,0.0,0.03,0,0,0,0,0,0,0,0,0,0,0,0,0,0,0,0,0,0,0,0,0
3.071744203567505,-1.0,0.0,0.0,0.0,0.0,0.0,0.0,0.0,0.0,0.03,0,0,0,0,0,0,0,0,0,0,0,0,0,0,0,0,0,0,0,0,0
3.0728485584259033,-1.0,0.0,0.0,0.0,0.0,0.0,0.0,0.0,0.0,0.03,0,0,0,0,0,0,0,0,0,0,0,0,0,0,0,0,0,0,0,0,0
3.073927164077759,-1.0,0.0,0.0,0.0,0.0,0.0,0.0,0.0,0.0,0.03,0,0,0,0,0,0,0,0,0,0,0,0,0,0,0,0,0,0,0,0,0
3.0760586261749268,-1.0,0.0,0.0,0.0,0.0,0.0,0.0,0.0,0.0,0.03,0,0,0,0,0,0,0,0,0,0,0,0,0,0,0,0,0,0,0,0,0
3.077252149581909,-1.0,0.0,0.0,0.0,0.0,0.0,0.0,0.0,0.0,0.03,0,0,0,0,0,0,0,0,0,0,0,0,0,0,0,0,0,0,0,0,0
3.078951358795166,-1.0,0.0,0.0,0.0,0.0,0.0,0.0,0.0,0.0,0.03,0,0,0,0,0,0,0,0,0,0,0,0,0,0,0,0,0,0,0,0,0
3.0800397396087646,-1.0,0.0,0.0,0.0,0.0,0.0,0.0,0.0,0.0,0.03,0,0,0,0,0,0,0,0,0,0,0,0,0,0,0,0,0,0,0,0,0
3.081249952316284,-1.0,0.0,0.0,0.0,0.0,0.0,0.0,0.0,0.0,0.03,0,0,0,0,0,0,0,0,0,0,0,0,0,0,0,0,0,0,0,0,0
3.082357168197632,-1.0,0.0,0.0,0.0,0.0,0.0,0.0,0.0,0.0,0.03,0,0,0,0,0,0,0,0,0,0,0,0,0,0,0,0,0,0,0,0,0
3.0837700366973877,-1.0,0.0,0.0,0.0,0.0,0.0,0.0,0.0,0.0,0.03,0,0,0,0,0,0,0,0,0,0,0,0,0,0,0,0,0,0,0,0,0
3.085272789001465,-1.0,0.0,0.0,0.0,0.0,0.0,0.0,0.0,0.0,0.03,0,0,0,0,0,0,0,0,0,0,0,0,0,0,0,0,0,0,0,0,0
3.086521863937378,-1.0,0.0,0.0,0.0,0.0,0.0,0.0,0.0,0.0,0.03,0,0,0,0,0,0,0,0,0,0,0,0,0,0,0,0,0,0,0,0,0
3.0885262489318848,-1.0,0.0,0.0,0.0,0.0,0.0,0.0,0.0,0.0,0.03,0,0,0,0,0,0,0,0,0,0,0,0,0,0,0,0,0,0,0,0,0
3.0899531841278076,-1.0,0.0,0.0,0.0,0.0,0.0,0.0,0.0,0.0,0.03,0,0,0,0,0,0,0,0,0,0,0,0,0,0,0,0,0,0,0,0,0
3.0910470485687256,-1.0,0.0,0.0,0.0,0.0,0.0,0.0,0.0,0.0,0.03,0,0,0,0,0,0,0,0,0,0,0,0,0,0,0,0,0,0,0,0,0
3.093026638031006,-1.0,0.0,0.0,0.0,0.0,0.0,0.0,0.0,0.0,0.03,0,0,0,0,0,0,0,0,0,0,0,0,0,0,0,0,0,0,0,0,0
3.0950541496276855,-1.0,0.0,0.0,0.0,0.0,0.0,0.0,0.0,0.0,0.03,0,0,0,0,0,0,0,0,0,0,0,0,0,0,0,0,0,0,0,0,0
3.096306085586548,-1.0,0.0,0.0,0.0,0.0,0.0,0.0,0.0,0.0,0.03,0,0,0,0,0,0,0,0,0,0,0,0,0,0,0,0,0,0,0,0,0
3.0978527069091797,-1.0,0.0,0.0,0.0,0.0,0.0,0.0,0.0,0.0,0.03,0,0,0,0,0,0,0,0,0,0,0,0,0,0,0,0,0,0,0,0,0
3.0990986824035645,-1.0,0.0,0.0,0.0,0.0,0.0,0.0,0.0,0.0,0.03,0,0,0,0,0,0,0,0,0,0,0,0,0,0,0,0,0,0,0,0,0
3.100187301635742,-1.0,0.0,0.0,0.0,0.0,0.0,0.0,0.0,0.0,0.03,0,0,0,0,0,0,0,0,0,0,0,0,0,0,0,0,0,0,0,0,0
3.102811098098755,-1.0,0.0,0.0,0.0,0.0,0.0,0.0,0.0,0.0,0.03,0,0,0,0,0,0,0,0,0,0,0,0,0,0,0,0,0,0,0,0,0
3.104074001312256,-1.0,0.0,0.0,0.0,0.0,0.0,0.0,0.0,0.0,0.03,0,0,0,0,0,0,0,0,0,0,0,0,0,0,0,0,0,0,0,0,0
3.105339765548706,-1.0,0.0,0.0,0.0,0.0,0.0,0.0,0.0,0.0,0.03,0,0,0,0,0,0,0,0,0,0,0,0,0,0,0,0,0,0,0,0,0
3.1067988872528076,-1.0,0.0,0.0,0.0,0.0,0.0,0.0,0.0,0.0,0.03,0,0,0,0,0,0,0,0,0,0,0,0,0,0,0,0,0,0,0,0,0
3.1093430519104004,-1.0,0.0,0.0,0.0,0.0,0.0,0.0,0.0,0.0,0.03,0,0,0,0,0,0,0,0,0,0,0,0,0,0,0,0,0,0,0,0,0
3.1108405590057373,-1.0,0.0,0.0,0.0,0.0,0.0,0.0,0.0,0.0,0.03,0,0,0,0,0,0,0,0,0,0,0,0,0,0,0,0,0,0,0,0,0
3.1122024059295654,-1.0,0.0,0.0,0.0,0.0,0.0,0.0,0.0,0.0,0.03,0,0,0,0,0,0,0,0,0,0,0,0,0,0,0,0,0,0,0,0,0
3.1145312786102295,-1.0,0.0,0.0,0.0,0.0,0.0,0.0,0.0,0.0,0.03,0,0,0,0,0,0,0,0,0,0,0,0,0,0,0,0,0,0,0,0,0
3.115668773651123,-1.0,0.0,0.0,0.0,0.0,0.0,0.0,0.0,0.0,0.03,0,0,0,0,0,0,0,0,0,0,0,0,0,0,0,0,0,0,0,0,0
3.1168344020843506,-1.0,0.0,0.0,0.0,0.0,0.0,0.0,0.0,0.0,0.03,0,0,0,0,0,0,0,0,0,0,0,0,0,0,0,0,0,0,0,0,0
3.1179492473602295,-1.0,0.0,0.0,0.0,0.0,0.0,0.0,0.0,0.0,0.03,0,0,0,0,0,0,0,0,0,0,0,0,0,0,0,0,0,0,0,0,0
3.1193602085113525,-1.0,0.0,0.0,0.0,0.0,0.0,0.0,0.0,0.0,0.03,0,0,0,0,0,0,0,0,0,0,0,0,0,0,0,0,0,0,0,0,0
3.1204724311828613,-1.0,0.0,0.0,0.0,0.0,0.0,0.0,0.0,0.0,0.03,0,0,0,0,0,0,0,0,0,0,0,0,0,0,0,0,0,0,0,0,0
3.121607780456543,-1.0,0.0,0.0,0.0,0.0,0.0,0.0,0.0,0.0,0.03,0,0,0,0,0,0,0,0,0,0,0,0,0,0,0,0,0,0,0,0,0
3.122734546661377,-1.0,0.0,0.0,0.0,0.0,0.0,0.0,0.0,0.0,0.03,0,0,0,0,0,0,0,0,0,0,0,0,0,0,0,0,0,0,0,0,0
3.123847484588623,-1.0,0.0,0.0,0.0,0.0,0.0,0.0,0.0,0.0,0.03,0,0,0,0,0,0,0,0,0,0,0,0,0,0,0,0,0,0,0,0,0
3.1250545978546143,-1.0,0.0,0.0,0.0,0.0,0.0,0.0,0.0,0.0,0.03,0,0,0,0,0,0,0,0,0,0,0,0,0,0,0,0,0,0,0,0,0
3.12611722946167,-1.0,0.0,0.0,0.0,0.0,0.0,0.0,0.0,0.0,0.03,0,0,0,0,0,0,0,0,0,0,0,0,0,0,0,0,0,0,0,0,0
3.1277852058410645,-1.0,0.0,0.0,0.0,0.0,0.0,0.0,0.0,0.0,0.03,0,0,0,0,0,0,0,0,0,0,0,0,0,0,0,0,0,0,0,0,0
3.1293578147888184,-1.0,0.0,0.0,0.0,0.0,0.0,0.0,0.0,0.0,0.03,0,0,0,0,0,0,0,0,0,0,0,0,0,0,0,0,0,0,0,0,0
3.131166696548462,-1.0,0.0,0.0,0.0,0.0,0.0,0.0,0.0,0.0,0.03,0,0,0,0,0,0,0,0,0,0,0,0,0,0,0,0,0,0,0,0,0
3.1326093673706055,-1.0,0.0,0.0,0.0,0.0,0.0,0.0,0.0,0.0,0.03,0,0,0,0,0,0,0,0,0,0,0,0,0,0,0,0,0,0,0,0,0
3.1338119506835938,-1.0,0.0,0.0,0.0,0.0,0.0,0.0,0.0,0.0,0.03,0,0,0,0,0,0,0,0,0,0,0,0,0,0,0,0,0,0,0,0,0
3.134917736053467,-1.0,0.0,0.0,0.0,0.0,0.0,0.0,0.0,0.0,0.03,0,0,0,0,0,0,0,0,0,0,0,0,0,0,0,0,0,0,0,0,0
3.1363492012023926,-1.0,0.0,0.0,0.0,0.0,0.0,0.0,0.0,0.0,0.03,0,0,0,0,0,0,0,0,0,0,0,0,0,0,0,0,0,0,0,0,0
3.1377904415130615,-1.0,0.0,0.0,0.0,0.0,0.0,0.0,0.0,0.0,0.03,0,0,0,0,0,0,0,0,0,0,0,0,0,0,0,0,0,0,0,0,0
3.138977527618408,-1.0,0.0,0.0,0.0,0.0,0.0,0.0,0.0,0.0,0.03,0,0,0,0,0,0,0,0,0,0,0,0,0,0,0,0,0,0,0,0,0
3.1415162086486816,-1.0,0.0,0.0,0.0,0.0,0.0,0.0,0.0,0.0,0.03,0,0,0,0,0,0,0,0,0,0,0,0,0,0,0,0,0,0,0,0,0
3.142627239227295,-1.0,0.0,0.0,0.0,0.0,0.0,0.0,0.0,0.0,0.03,0,0,0,0,0,0,0,0,0,0,0,0,0,0,0,0,0,0,0,0,0
3.143745183944702,-1.0,0.0,0.0,0.0,0.0,0.0,0.0,0.0,0.0,0.03,0,0,0,0,0,0,0,0,0,0,0,0,0,0,0,0,0,0,0,0,0
3.1449217796325684,-1.0,0.0,0.0,0.0,0.0,0.0,0.0,0.0,0.0,0.03,0,0,0,0,0,0,0,0,0,0,0,0,0,0,0,0,0,0,0,0,0
3.1459851264953613,-1.0,0.0,0.0,0.0,0.0,0.0,0.0,0.0,0.0,0.03,0,0,0,0,0,0,0,0,0,0,0,0,0,0,0,0,0,0,0,0,0
3.147101879119873,-1.0,0.0,0.0,0.0,0.0,0.0,0.0,0.0,0.0,0.03,0,0,0,0,0,0,0,0,0,0,0,0,0,0,0,0,0,0,0,0,0
3.1485981941223145,-1.0,0.0,0.0,0.0,0.0,0.0,0.0,0.0,0.0,0.03,0,0,0,0,0,0,0,0,0,0,0,0,0,0,0,0,0,0,0,0,0
3.1503891944885254,-1.0,0.0,0.0,0.0,0.0,0.0,0.0,0.0,0.0,0.03,0,0,0,0,0,0,0,0,0,0,0,0,0,0,0,0,0,0,0,0,0
3.151808261871338,-1.0,0.0,0.0,0.0,0.0,0.0,0.0,0.0,0.0,0.03,0,0,0,0,0,0,0,0,0,0,0,0,0,0,0,0,0,0,0,0,0
3.1528995037078857,-1.0,0.0,0.0,0.0,0.0,0.0,0.0,0.0,0.0,0.03,0,0,0,0,0,0,0,0,0,0,0,0,0,0,0,0,0,0,0,0,0
3.154387950897217,-1.0,0.0,0.0,0.0,0.0,0.0,0.0,0.0,0.0,0.03,0,0,0,0,0,0,0,0,0,0,0,0,0,0,0,0,0,0,0,0,0
3.1556429862976074,-1.0,0.0,0.0,0.0,0.0,0.0,0.0,0.0,0.0,0.03,0,0,0,0,0,0,0,0,0,0,0,0,0,0,0,0,0,0,0,0,0
3.1569135189056396,-1.0,0.0,0.0,0.0,0.0,0.0,0.0,0.0,0.0,0.03,0,0,0,0,0,0,0,0,0,0,0,0,0,0,0,0,0,0,0,0,0
3.1579742431640625,-1.0,0.0,0.0,0.0,0.0,0.0,0.0,0.0,0.0,0.03,0,0,0,0,0,0,0,0,0,0,0,0,0,0,0,0,0,0,0,0,0
3.1604552268981934,-1.0,0.0,0.0,0.0,0.0,0.0,0.0,0.0,0.0,0.03,0,0,0,0,0,0,0,0,0,0,0,0,0,0,0,0,0,0,0,0,0
3.161539316177368,-1.0,0.0,0.0,0.0,0.0,0.0,0.0,0.0,0.0,0.03,0,0,0,0,0,0,0,0,0,0,0,0,0,0,0,0,0,0,0,0,0
3.164003372192383,-1.0,0.0,0.0,0.0,0.0,0.0,0.0,0.0,0.0,0.03,0,0,0,0,0,0,0,0,0,0,0,0,0,0,0,0,0,0,0,0,0
3.165134906768799,-1.0,0.0,0.0,0.0,0.0,0.0,0.0,0.0,0.0,0.03,0,0,0,0,0,0,0,0,0,0,0,0,0,0,0,0,0,0,0,0,0
3.166313648223877,-1.0,0.0,0.0,0.0,0.0,0.0,0.0,0.0,0.0,0.03,0,0,0,0,0,0,0,0,0,0,0,0,0,0,0,0,0,0,0,0,0
3.1681039333343506,-1.0,0.0,0.0,0.0,0.0,0.0,0.0,0.0,0.0,0.03,0,0,0,0,0,0,0,0,0,0,0,0,0,0,0,0,0,0,0,0,0
3.1704723834991455,-1.0,0.0,0.0,0.0,0.0,0.0,0.0,0.0,0.0,0.03,0,0,0,0,0,0,0,0,0,0,0,0,0,0,0,0,0,0,0,0,0
3.171560764312744,-1.0,0.0,0.0,0.0,0.0,0.0,0.0,0.0,0.0,0.03,0,0,0,0,0,0,0,0,0,0,0,0,0,0,0,0,0,0,0,0,0
3.1730525493621826,-1.0,0.0,0.0,0.0,0.0,0.0,0.0,0.0,0.0,0.03,0,0,0,0,0,0,0,0,0,0,0,0,0,0,0,0,0,0,0,0,0
3.174370288848877,-1.0,0.0,0.0,0.0,0.0,0.0,0.0,0.0,0.0,0.03,0,0,0,0,0,0,0,0,0,0,0,0,0,0,0,0,0,0,0,0,0
3.175568103790283,-1.0,0.0,0.0,0.0,0.0,0.0,0.0,0.0,0.0,0.03,0,0,0,0,0,0,0,0,0,0,0,0,0,0,0,0,0,0,0,0,0
3.1771621704101562,-1.0,0.0,0.0,0.0,0.0,0.0,0.0,0.0,0.0,0.03,0,0,0,0,0,0,0,0,0,0,0,0,0,0,0,0,0,0,0,0,0
3.178257703781128,-1.0,0.0,0.0,0.0,0.0,0.0,0.0,0.0,0.0,0.03,0,0,0,0,0,0,0,0,0,0,0,0,0,0,0,0,0,0,0,0,0
3.1793198585510254,-1.0,0.0,0.0,0.0,0.0,0.0,0.0,0.0,0.0,0.03,0,0,0,0,0,0,0,0,0,0,0,0,0,0,0,0,0,0,0,0,0
3.180480480194092,-1.0,0.0,0.0,0.0,0.0,0.0,0.0,0.0,0.0,0.03,0,0,0,0,0,0,0,0,0,0,0,0,0,0,0,0,0,0,0,0,0
3.1815881729125977,-1.0,0.0,0.0,0.0,0.0,0.0,0.0,0.0,0.0,0.03,0,0,0,0,0,0,0,0,0,0,0,0,0,0,0,0,0,0,0,0,0
3.182687759399414,-1.0,0.0,0.0,0.0,0.0,0.0,0.0,0.0,0.0,0.03,0,0,0,0,0,0,0,0,0,0,0,0,0,0,0,0,0,0,0,0,0
3.18377685546875,-1.0,0.0,0.0,0.0,0.0,0.0,0.0,0.0,0.0,0.03,0,0,0,0,0,0,0,0,0,0,0,0,0,0,0,0,0,0,0,0,0
3.184894323348999,-1.0,0.0,0.0,0.0,0.0,0.0,0.0,0.0,0.0,0.03,0,0,0,0,0,0,0,0,0,0,0,0,0,0,0,0,0,0,0,0,0
3.1860194206237793,-1.0,0.0,0.0,0.0,0.0,0.0,0.0,0.0,0.0,0.03,0,0,0,0,0,0,0,0,0,0,0,0,0,0,0,0,0,0,0,0,0
3.187182903289795,-1.0,0.0,0.0,0.0,0.0,0.0,0.0,0.0,0.0,0.03,0,0,0,0,0,0,0,0,0,0,0,0,0,0,0,0,0,0,0,0,0
3.188310146331787,-1.0,0.0,0.0,0.0,0.0,0.0,0.0,0.0,0.0,0.03,0,0,0,0,0,0,0,0,0,0,0,0,0,0,0,0,0,0,0,0,0
3.190474271774292,-1.0,0.0,0.0,0.0,0.0,0.0,0.0,0.0,0.0,0.03,0,0,0,0,0,0,0,0,0,0,0,0,0,0,0,0,0,0,0,0,0
3.193235158920288,0.0,0.0,0.0,0.0,0.0,0.0,0.0,0.0,0.0,0.03,0,0,0,0,0,0,0,0,0,0,0,0,0,0,0,0,0,0,0,0,0
3.1949613094329834,0.0,0.0,0.0,0.0,0.0,0.0,0.0,0.0,0.0,0.03,0,0,0,0,0,0,0,0,0,0,0,0,0,0,0,0,0,0,0,0,0
3.196287155151367,0.0,0.0,0.0,0.0,0.0,0.0,0.0,0.0,0.0,0.03,0,0,0,0,0,0,0,0,0,0,0,0,0,0,0,0,0,0,0,0,0
3.197510242462158,0.0,0.0,0.0,0.0,0.0,0.0,0.0,0.0,0.0,0.03,0,0,0,0,0,0,0,0,0,0,0,0,0,0,0,0,0,0,0,0,0
3.1989498138427734,0.0,0.0,0.0,0.0,0.0,0.0,0.0,0.0,0.0,0.03,0,0,0,0,0,0,0,0,0,0,0,0,0,0,0,0,0,0,0,0,0
3.2008919715881348,0.0,0.0,0.0,0.0,0.0,0.0,0.0,0.0,0.0,0.03,0,0,0,0,0,0,0,0,0,0,0,0,0,0,0,0,0,0,0,0,0
3.202016592025757,0.0,0.0,0.0,0.0,0.0,0.0,0.0,0.0,0.0,0.03,0,0,0,0,0,0,0,0,0,0,0,0,0,0,0,0,0,0,0,0,0
3.203390598297119,0.0,0.0,0.0,0.0,0.0,0.0,0.0,0.0,0.0,0.03,0,0,0,0,0,0,0,0,0,0,0,0,0,0,0,0,0,0,0,0,0
3.2045085430145264,0.0,0.0,0.0,0.0,0.0,0.0,0.0,0.0,0.0,0.03,0,0,0,0,0,0,0,0,0,0,0,0,0,0,0,0,0,0,0,0,0
3.2056241035461426,0.0,0.0,0.0,0.0,0.0,0.0,0.0,0.0,0.0,0.03,0,0,0,0,0,0,0,0,0,0,0,0,0,0,0,0,0,0,0,0,0
3.206726312637329,0.0,0.0,0.0,0.0,0.0,0.0,0.0,0.0,0.0,0.03,0,0,0,0,0,0,0,0,0,0,0,0,0,0,0,0,0,0,0,0,0
3.2079358100891113,0.0,0.0,0.0,0.0,0.0,0.0,0.0,0.0,0.0,0.03,0,0,0,0,0,0,0,0,0,0,0,0,0,0,0,0,0,0,0,0,0
3.2091524600982666,0.0,0.0,0.0,0.0,0.0,0.0,0.0,0.0,0.0,0.03,0,0,0,0,0,0,0,0,0,0,0,0,0,0,0,0,0,0,0,0,0
3.210240364074707,0.0,0.0,0.0,0.0,0.0,0.0,0.0,0.0,0.0,0.03,0,0,0,0,0,0,0,0,0,0,0,0,0,0,0,0,0,0,0,0,0
3.211656093597412,0.0,0.0,0.0,0.0,0.0,0.0,0.0,0.0,0.0,0.03,0,0,0,0,0,0,0,0,0,0,0,0,0,0,0,0,0,0,0,0,0
3.2140109539031982,0.0,0.0,0.0,0.0,0.0,0.0,0.0,0.0,0.0,0.03,0,0,0,0,0,0,0,0,0,0,0,0,0,0,0,0,0,0,0,0,0
3.2150962352752686,0.0,0.0,0.0,0.0,0.0,0.0,0.0,0.0,0.0,0.03,0,0,0,0,0,0,0,0,0,0,0,0,0,0,0,0,0,0,0,0,0
3.216655969619751,0.0,0.0,0.0,0.0,0.0,0.0,0.0,0.0,0.0,0.03,0,0,0,0,0,0,0,0,0,0,0,0,0,0,0,0,0,0,0,0,0
3.2181241512298584,0.0,0.0,0.0,0.0,0.0,0.0,0.0,0.0,0.0,0.03,0,0,0,0,0,0,0,0,0,0,0,0,0,0,0,0,0,0,0,0,0
3.219245672225952,0.0,0.0,0.0,0.0,0.0,0.0,0.0,0.0,0.0,0.03,0,0,0,0,0,0,0,0,0,0,0,0,0,0,0,0,0,0,0,0,0
3.220655918121338,0.0,0.0,0.0,0.0,0.0,0.0,0.0,0.0,0.0,0.03,0,0,0,0,0,0,0,0,0,0,0,0,0,0,0,0,0,0,0,0,0
3.222440481185913,0.0,0.0,0.0,0.0,0.0,0.0,0.0,0.0,0.0,0.03,0,0,0,0,0,0,0,0,0,0,0,0,0,0,0,0,0,0,0,0,0
3.223721742630005,0.0,0.0,0.0,0.0,0.0,0.0,0.0,0.0,0.0,0.03,0,0,0,0,0,0,0,0,0,0,0,0,0,0,0,0,0,0,0,0,0
3.2260520458221436,0.0,0.0,0.0,0.0,0.0,0.0,0.0,0.0,0.0,0.03,0,0,0,0,0,0,0,0,0,0,0,0,0,0,0,0,0,0,0,0,0
3.227410078048706,0.0,0.0,0.0,0.0,0.0,0.0,0.0,0.0,0.0,0.03,0,0,0,0,0,0,0,0,0,0,0,0,0,0,0,0,0,0,0,0,0
3.2310142517089844,0.0,0.0,0.0,0.0,0.0,0.0,0.0,0.0,0.0,0.03,0,0,0,0,0,0,0,0,0,0,0,0,0,0,0,0,0,0,0,0,0
3.2327165603637695,0.0,0.0,0.0,0.0,0.0,0.0,0.0,0.0,0.0,0.03,0,0,0,0,0,0,0,0,0,0,0,0,0,0,0,0,0,0,0,0,0
3.2345213890075684,0.0,0.0,0.0,0.0,0.0,0.0,0.0,0.0,0.0,0.03,0,0,0,0,0,0,0,0,0,0,0,0,0,0,0,0,0,0,0,0,0
3.2361996173858643,0.0,0.0,0.0,0.0,0.0,0.0,0.0,0.0,0.0,0.03,0,0,0,0,0,0,0,0,0,0,0,0,0,0,0,0,0,0,0,0,0
3.2379095554351807,0.0,0.0,0.0,0.0,0.0,0.0,0.0,0.0,0.0,0.03,0,0,0,0,0,0,0,0,0,0,0,0,0,0,0,0,0,0,0,0,0
3.239048480987549,0.0,0.0,0.0,0.0,0.0,0.0,0.0,0.0,0.0,0.03,0,0,0,0,0,0,0,0,0,0,0,0,0,0,0,0,0,0,0,0,0
3.2403857707977295,0.0,0.0,0.0,0.0,0.0,0.0,0.0,0.0,0.0,0.03,0,0,0,0,0,0,0,0,0,0,0,0,0,0,0,0,0,0,0,0,0
3.2419536113739014,0.0,0.0,0.0,0.0,0.0,0.0,0.0,0.0,0.0,0.03,0,0,0,0,0,0,0,0,0,0,0,0,0,0,0,0,0,0,0,0,0
3.24312686920166,0.0,0.0,0.0,0.0,0.0,0.0,0.0,0.0,0.0,0.03,0,0,0,0,0,0,0,0,0,0,0,0,0,0,0,0,0,0,0,0,0
3.244257926940918,0.0,0.0,0.0,0.0,0.0,0.0,0.0,0.0,0.0,0.03,0,0,0,0,0,0,0,0,0,0,0,0,0,0,0,0,0,0,0,0,0
3.2453579902648926,0.0,0.0,0.0,0.0,0.0,0.0,0.0,0.0,0.0,0.03,0,0,0,0,0,0,0,0,0,0,0,0,0,0,0,0,0,0,0,0,0
3.246568441390991,0.0,0.0,0.0,0.0,0.0,0.0,0.0,0.0,0.0,0.03,0,0,0,0,0,0,0,0,0,0,0,0,0,0,0,0,0,0,0,0,0
3.2476882934570312,0.0,0.0,0.0,0.0,0.0,0.0,0.0,0.0,0.0,0.03,0,0,0,0,0,0,0,0,0,0,0,0,0,0,0,0,0,0,0,0,0
3.2488083839416504,0.0,0.0,0.0,0.0,0.0,0.0,0.0,0.0,0.0,0.03,0,0,0,0,0,0,0,0,0,0,0,0,0,0,0,0,0,0,0,0,0
3.249873161315918,0.0,0.0,0.0,0.0,0.0,0.0,0.0,0.0,0.0,0.03,0,0,0,0,0,0,0,0,0,0,0,0,0,0,0,0,0,0,0,0,0
3.251087188720703,0.0,0.0,0.0,0.0,0.0,0.0,0.0,0.0,0.0,0.03,0,0,0,0,0,0,0,0,0,0,0,0,0,0,0,0,0,0,0,0,0
3.252241611480713,0.0,0.0,0.0,0.0,0.0,0.0,0.0,0.0,0.0,0.03,0,0,0,0,0,0,0,0,0,0,0,0,0,0,0,0,0,0,0,0,0
3.2535645961761475,0.0,0.0,0.0,0.0,0.0,0.0,0.0,0.0,0.0,0.03,0,0,0,0,0,0,0,0,0,0,0,0,0,0,0,0,0,0,0,0,0
3.254711866378784,0.0,0.0,0.0,0.0,0.0,0.0,0.0,0.0,0.0,0.03,0,0,0,0,0,0,0,0,0,0,0,0,0,0,0,0,0,0,0,0,0
3.2559452056884766,0.0,0.0,0.0,0.0,0.0,0.0,0.0,0.0,0.0,0.03,0,0,0,0,0,0,0,0,0,0,0,0,0,0,0,0,0,0,0,0,0
3.25708270072937,0.0,0.0,0.0,0.0,0.0,0.0,0.0,0.0,0.0,0.03,0,0,0,0,0,0,0,0,0,0,0,0,0,0,0,0,0,0,0,0,0
3.2596516609191895,0.0,0.0,0.0,0.0,0.0,0.0,0.0,0.0,0.0,0.03,0,0,0,0,0,0,0,0,0,0,0,0,0,0,0,0,0,0,0,0,0
3.2607948780059814,0.0,0.0,0.0,0.0,0.0,0.0,0.0,0.0,0.0,0.03,0,0,0,0,0,0,0,0,0,0,0,0,0,0,0,0,0,0,0,0,0
3.2619733810424805,0.0,0.0,0.0,0.0,0.0,0.0,0.0,0.0,0.0,0.03,0,0,0,0,0,0,0,0,0,0,0,0,0,0,0,0,0,0,0,0,0
3.2634053230285645,0.0,0.0,0.0,0.0,0.0,0.0,0.0,0.0,0.0,0.03,0,0,0,0,0,0,0,0,0,0,0,0,0,0,0,0,0,0,0,0,0
3.2644925117492676,0.0,0.0,0.0,0.0,0.0,0.0,0.0,0.0,0.0,0.03,0,0,0,0,0,0,0,0,0,0,0,0,0,0,0,0,0,0,0,0,0
3.265791416168213,0.0,0.0,0.0,0.0,0.0,0.0,0.0,0.0,0.0,0.03,0,0,0,0,0,0,0,0,0,0,0,0,0,0,0,0,0,0,0,0,0
3.2670626640319824,0.0,0.0,0.0,0.0,0.0,0.0,0.0,0.0,0.0,0.03,0,0,0,0,0,0,0,0,0,0,0,0,0,0,0,0,0,0,0,0,0
3.268639087677002,0.0,0.0,0.0,0.0,0.0,0.0,0.0,0.0,0.0,0.03,0,0,0,0,0,0,0,0,0,0,0,0,0,0,0,0,0,0,0,0,0
3.2697722911834717,0.0,0.0,0.0,0.0,0.0,0.0,0.0,0.0,0.0,0.03,0,0,0,0,0,0,0,0,0,0,0,0,0,0,0,0,0,0,0,0,0
3.270998239517212,0.0,0.0,0.0,0.0,0.0,0.0,0.0,0.0,0.0,0.03,0,0,0,0,0,0,0,0,0,0,0,0,0,0,0,0,0,0,0,0,0
3.272090435028076,0.0,0.0,0.0,0.0,0.0,0.0,0.0,0.0,0.0,0.03,0,0,0,0,0,0,0,0,0,0,0,0,0,0,0,0,0,0,0,0,0
3.2731773853302,0.0,0.0,0.0,0.0,0.0,0.0,0.0,0.0,0.0,0.03,0,0,0,0,0,0,0,0,0,0,0,0,0,0,0,0,0,0,0,0,0
3.274282693862915,0.0,0.0,0.0,0.0,0.0,0.0,0.0,0.0,0.0,0.03,0,0,0,0,0,0,0,0,0,0,0,0,0,0,0,0,0,0,0,0,0
3.275822639465332,0.0,0.0,0.0,0.0,0.0,0.0,0.0,0.0,0.0,0.03,0,0,0,0,0,0,0,0,0,0,0,0,0,0,0,0,0,0,0,0,0
3.2769291400909424,0.0,0.0,0.0,0.0,0.0,0.0,0.0,0.0,0.0,0.03,0,0,0,0,0,0,0,0,0,0,0,0,0,0,0,0,0,0,0,0,0
3.27878737449646,0.0,0.0,0.0,0.0,0.0,0.0,0.0,0.0,0.0,0.03,0,0,0,0,0,0,0,0,0,0,0,0,0,0,0,0,0,0,0,0,0
3.2800991535186768,0.0,0.0,0.0,0.0,0.0,0.0,0.0,0.0,0.0,0.03,0,0,0,0,0,0,0,0,0,0,0,0,0,0,0,0,0,0,0,0,0
3.281447649002075,0.0,0.0,0.0,0.0,0.0,0.0,0.0,0.0,0.0,0.03,0,0,0,0,0,0,0,0,0,0,0,0,0,0,0,0,0,0,0,0,0
3.2825372219085693,0.0,0.0,0.0,0.0,0.0,0.0,0.0,0.0,0.0,0.03,0,0,0,0,0,0,0,0,0,0,0,0,0,0,0,0,0,0,0,0,0
3.2848193645477295,0.0,0.0,0.0,0.0,0.0,0.0,0.0,0.0,0.0,0.03,0,0,0,0,0,0,0,0,0,0,0,0,0,0,0,0,0,0,0,0,0
3.2860491275787354,0.0,0.0,0.0,0.0,0.0,0.0,0.0,0.0,0.0,0.03,0,0,0,0,0,0,0,0,0,0,0,0,0,0,0,0,0,0,0,0,0
3.2872512340545654,0.0,0.0,0.0,0.0,0.0,0.0,0.0,0.0,0.0,0.03,0,0,0,0,0,0,0,0,0,0,0,0,0,0,0,0,0,0,0,0,0
3.2883949279785156,0.0,0.0,0.0,0.0,0.0,0.0,0.0,0.0,0.0,0.03,0,0,0,0,0,0,0,0,0,0,0,0,0,0,0,0,0,0,0,0,0
3.2894792556762695,0.0,0.0,0.0,0.0,0.0,0.0,0.0,0.0,0.0,0.03,0,0,0,0,0,0,0,0,0,0,0,0,0,0,0,0,0,0,0,0,0
3.291867256164551,0.0,0.0,0.0,0.0,0.0,0.0,0.0,0.0,0.0,0.03,0,0,0,0,0,0,0,0,0,0,0,0,0,0,0,0,0,0,0,0,0
3.2931530475616455,0.0,0.0,0.0,0.0,0.0,0.0,0.0,0.0,0.0,0.03,0,0,0,0,0,0,0,0,0,0,0,0,0,0,0,0,0,0,0,0,0
3.2957630157470703,0.0,0.0,0.0,0.0,0.0,0.0,0.0,0.0,0.0,0.03,0,0,0,0,0,0,0,0,0,0,0,0,0,0,0,0,0,0,0,0,0
3.29704213142395,0.0,0.0,0.0,0.0,0.0,0.0,0.0,0.0,0.0,0.03,0,0,0,0,0,0,0,0,0,0,0,0,0,0,0,0,0,0,0,0,0
3.299501419067383,0.0,0.0,0.0,0.0,0.0,0.0,0.0,0.0,0.0,0.03,0,0,0,0,0,0,0,0,0,0,0,0,0,0,0,0,0,0,0,0,0
3.3010663986206055,0.0,0.0,0.0,0.0,0.0,0.0,0.0,0.0,0.0,0.03,0,0,0,0,0,0,0,0,0,0,0,0,0,0,0,0,0,0,0,0,0
3.3026657104492188,0.0,0.0,0.0,0.0,0.0,0.0,0.0,0.0,0.0,0.03,0,0,0,0,0,0,0,0,0,0,0,0,0,0,0,0,0,0,0,0,0
3.304293632507324,0.0,0.0,0.0,0.0,0.0,0.0,0.0,0.0,0.0,0.03,0,0,0,0,0,0,0,0,0,0,0,0,0,0,0,0,0,0,0,0,0
3.3055944442749023,0.0,0.0,0.0,0.0,0.0,0.0,0.0,0.0,0.0,0.03,0,0,0,0,0,0,0,0,0,0,0,0,0,0,0,0,0,0,0,0,0
3.306800603866577,0.0,0.0,0.0,0.0,0.0,0.0,0.0,0.0,0.0,0.03,0,0,0,0,0,0,0,0,0,0,0,0,0,0,0,0,0,0,0,0,0
3.307955026626587,0.0,0.0,0.0,0.0,0.0,0.0,0.0,0.0,0.0,0.03,0,0,0,0,0,0,0,0,0,0,0,0,0,0,0,0,0,0,0,0,0
3.310415744781494,0.0,0.0,0.0,0.0,0.0,0.0,0.0,0.0,0.0,0.03,0,0,0,0,0,0,0,0,0,0,0,0,0,0,0,0,0,0,0,0,0
3.311547040939331,0.0,0.0,0.0,0.0,0.0,0.0,0.0,0.0,0.0,0.03,0,0,0,0,0,0,0,0,0,0,0,0,0,0,0,0,0,0,0,0,0
3.312784433364868,0.0,0.0,0.0,0.0,0.0,0.0,0.0,0.0,0.0,0.03,0,0,0,0,0,0,0,0,0,0,0,0,0,0,0,0,0,0,0,0,0
3.3139219284057617,0.0,0.0,0.0,0.0,0.0,0.0,0.0,0.0,0.0,0.03,0,0,0,0,0,0,0,0,0,0,0,0,0,0,0,0,0,0,0,0,0
3.315094232559204,0.0,0.0,0.0,0.0,0.0,0.0,0.0,0.0,0.0,0.03,0,0,0,0,0,0,0,0,0,0,0,0,0,0,0,0,0,0,0,0,0
3.316505193710327,0.0,0.0,0.0,0.0,0.0,0.0,0.0,0.0,0.0,0.03,0,0,0,0,0,0,0,0,0,0,0,0,0,0,0,0,0,0,0,0,0
3.3176302909851074,0.0,0.0,0.0,0.0,0.0,0.0,0.0,0.0,0.0,0.03,0,0,0,0,0,0,0,0,0,0,0,0,0,0,0,0,0,0,0,0,0
3.3193483352661133,0.0,0.0,0.0,0.0,0.0,0.0,0.0,0.0,0.0,0.03,0,0,0,0,0,0,0,0,0,0,0,0,0,0,0,0,0,0,0,0,0
3.3226213455200195,0.0,0.0,0.0,0.0,0.0,0.0,0.0,0.0,0.0,0.03,0,0,0,0,0,0,0,0,0,0,0,0,0,0,0,0,0,0,0,0,0
3.323770046234131,0.0,0.0,0.0,0.0,0.0,0.0,0.0,0.0,0.0,0.03,0,0,0,0,0,0,0,0,0,0,0,0,0,0,0,0,0,0,0,0,0
3.3248724937438965,0.0,0.0,0.0,0.0,0.0,0.0,0.0,0.0,0.0,0.03,0,0,0,0,0,0,0,0,0,0,0,0,0,0,0,0,0,0,0,0,0
3.3271071910858154,0.0,0.0,0.0,0.0,0.0,0.0,0.0,0.0,0.0,0.03,0,0,0,0,0,0,0,0,0,0,0,0,0,0,0,0,0,0,0,0,0
3.328725814819336,0.0,0.0,0.0,0.0,0.0,0.0,0.0,0.0,0.0,0.03,0,0,0,0,0,0,0,0,0,0,0,0,0,0,0,0,0,0,0,0,0
3.329956293106079,0.0,0.0,0.0,0.0,0.0,0.0,0.0,0.0,0.0,0.03,0,0,0,0,0,0,0,0,0,0,0,0,0,0,0,0,0,0,0,0,0
3.3314921855926514,0.0,0.0,0.0,0.0,0.0,0.0,0.0,0.0,0.0,0.03,0,0,0,0,0,0,0,0,0,0,0,0,0,0,0,0,0,0,0,0,0
3.332629680633545,0.0,0.0,0.0,0.0,0.0,0.0,0.0,0.0,0.0,0.03,0,0,0,0,0,0,0,0,0,0,0,0,0,0,0,0,0,0,0,0,0
3.333847999572754,0.0,0.0,0.0,0.0,0.0,0.0,0.0,0.0,0.0,0.03,0,0,0,0,0,0,0,0,0,0,0,0,0,0,0,0,0,0,0,0,0
3.3349413871765137,0.0,0.0,0.0,0.0,0.0,0.0,0.0,0.0,0.0,0.03,0,0,0,0,0,0,0,0,0,0,0,0,0,0,0,0,0,0,0,0,0
3.3362832069396973,0.0,0.0,0.0,0.0,0.0,0.0,0.0,0.0,0.0,0.03,0,0,0,0,0,0,0,0,0,0,0,0,0,0,0,0,0,0,0,0,0
3.337846517562866,0.0,0.0,0.0,0.0,0.0,0.0,0.0,0.0,0.0,0.03,0,0,0,0,0,0,0,0,0,0,0,0,0,0,0,0,0,0,0,0,0
3.339158773422241,0.0,0.0,0.0,0.0,0.0,0.0,0.0,0.0,0.0,0.03,0,0,0,0,0,0,0,0,0,0,0,0,0,0,0,0,0,0,0,0,0
3.341149091720581,0.0,0.0,0.0,0.0,0.0,0.0,0.0,0.0,0.0,0.03,0,0,0,0,0,0,0,0,0,0,0,0,0,0,0,0,0,0,0,0,0
3.342588186264038,0.0,0.0,0.0,0.0,0.0,0.0,0.0,0.0,0.0,0.03,0,0,0,0,0,0,0,0,0,0,0,0,0,0,0,0,0,0,0,0,0
3.3439509868621826,0.0,0.0,0.0,0.0,0.0,0.0,0.0,0.0,0.0,0.03,0,0,0,0,0,0,0,0,0,0,0,0,0,0,0,0,0,0,0,0,0
3.3463456630706787,0.0,0.0,0.0,0.0,0.0,0.0,0.0,0.0,0.0,0.03,0,0,0,0,0,0,0,0,0,0,0,0,0,0,0,0,0,0,0,0,0
3.347587823867798,0.0,0.0,0.0,0.0,0.0,0.0,0.0,0.0,0.0,0.03,0,0,0,0,0,0,0,0,0,0,0,0,0,0,0,0,0,0,0,0,0
3.3487513065338135,0.0,0.0,0.0,0.0,0.0,0.0,0.0,0.0,0.0,0.03,0,0,0,0,0,0,0,0,0,0,0,0,0,0,0,0,0,0,0,0,0
3.351036548614502,0.0,0.0,0.0,0.0,0.0,0.0,0.0,0.0,0.0,0.03,0,0,0,0,0,0,0,0,0,0,0,0,0,0,0,0,0,0,0,0,0
3.3521203994750977,0.0,0.0,0.0,0.0,0.0,0.0,0.0,0.0,0.0,0.03,0,0,0,0,0,0,0,0,0,0,0,0,0,0,0,0,0,0,0,0,0
3.3536460399627686,0.0,0.0,0.0,0.0,0.0,0.0,0.0,0.0,0.0,0.03,0,0,0,0,0,0,0,0,0,0,0,0,0,0,0,0,0,0,0,0,0
3.3552944660186768,0.0,0.0,0.0,0.0,0.0,0.0,0.0,0.0,0.0,0.03,0,0,0,0,0,0,0,0,0,0,0,0,0,0,0,0,0,0,0,0,0
3.356907844543457,0.0,0.0,0.0,0.0,0.0,0.0,0.0,0.0,0.0,0.03,0,0,0,0,0,0,0,0,0,0,0,0,0,0,0,0,0,0,0,0,0
3.3588175773620605,0.0,0.0,0.0,0.0,0.0,0.0,0.0,0.0,0.0,0.03,0,0,0,0,0,0,0,0,0,0,0,0,0,0,0,0,0,0,0,0,0
3.3609049320220947,0.0,0.0,0.0,0.0,0.0,0.0,0.0,0.0,0.0,0.03,0,0,0,0,0,0,0,0,0,0,0,0,0,0,0,0,0,0,0,0,0
3.3624861240386963,0.0,0.0,0.0,0.0,0.0,0.0,0.0,0.0,0.0,0.03,0,0,0,0,0,0,0,0,0,0,0,0,0,0,0,0,0,0,0,0,0
3.3639838695526123,0.0,0.0,0.0,0.0,0.0,0.0,0.0,0.0,0.0,0.03,0,0,0,0,0,0,0,0,0,0,0,0,0,0,0,0,0,0,0,0,0
3.365342140197754,0.0,0.0,0.0,0.0,0.0,0.0,0.0,0.0,0.0,0.03,0,0,0,0,0,0,0,0,0,0,0,0,0,0,0,0,0,0,0,0,0
3.367215871810913,0.0,0.0,0.0,0.0,0.0,0.0,0.0,0.0,0.0,0.03,0,0,0,0,0,0,0,0,0,0,0,0,0,0,0,0,0,0,0,0,0
3.3693761825561523,0.0,0.0,0.0,0.0,0.0,0.0,0.0,0.0,0.0,0.03,0,0,0,0,0,0,0,0,0,0,0,0,0,0,0,0,0,0,0,0,0
3.370551347732544,0.0,0.0,0.0,0.0,0.0,0.0,0.0,0.0,0.0,0.03,0,0,0,0,0,0,0,0,0,0,0,0,0,0,0,0,0,0,0,0,0
3.3721654415130615,0.0,0.0,0.0,0.0,0.0,0.0,0.0,0.0,0.0,0.03,0,0,0,0,0,0,0,0,0,0,0,0,0,0,0,0,0,0,0,0,0
3.3736491203308105,0.0,0.0,0.0,0.0,0.0,0.0,0.0,0.0,0.0,0.03,0,0,0,0,0,0,0,0,0,0,0,0,0,0,0,0,0,0,0,0,0
3.374824047088623,0.0,0.0,0.0,0.0,0.0,0.0,0.0,0.0,0.0,0.03,0,0,0,0,0,0,0,0,0,0,0,0,0,0,0,0,0,0,0,0,0
3.3759069442749023,0.0,0.0,0.0,0.0,0.0,0.0,0.0,0.0,0.0,0.03,0,0,0,0,0,0,0,0,0,0,0,0,0,0,0,0,0,0,0,0,0
3.3770761489868164,0.0,0.0,0.0,0.0,0.0,0.0,0.0,0.0,0.0,0.03,0,0,0,0,0,0,0,0,0,0,0,0,0,0,0,0,0,0,0,0,0
3.3784451484680176,0.0,0.0,0.0,0.0,0.0,0.0,0.0,0.0,0.0,0.03,0,0,0,0,0,0,0,0,0,0,0,0,0,0,0,0,0,0,0,0,0
3.3795669078826904,0.0,0.0,0.0,0.0,0.0,0.0,0.0,0.0,0.0,0.03,0,0,0,0,0,0,0,0,0,0,0,0,0,0,0,0,0,0,0,0,0
3.3819375038146973,0.0,0.0,0.0,0.0,0.0,0.0,0.0,0.0,0.0,0.03,0,0,0,0,0,0,0,0,0,0,0,0,0,0,0,0,0,0,0,0,0
3.385312080383301,0.0,0.0,0.0,0.0,0.0,0.0,0.0,0.0,0.0,0.03,0,0,0,0,0,0,0,0,0,0,0,0,0,0,0,0,0,0,0,0,0
3.386568069458008,0.0,0.0,0.0,0.0,0.0,0.0,0.0,0.0,0.0,0.03,0,0,0,0,0,0,0,0,0,0,0,0,0,0,0,0,0,0,0,0,0
3.3876585960388184,0.0,0.0,0.0,0.0,0.0,0.0,0.0,0.0,0.0,0.03,0,0,0,0,0,0,0,0,0,0,0,0,0,0,0,0,0,0,0,0,0
3.388928174972534,0.0,0.0,0.0,0.0,0.0,0.0,0.0,0.0,0.0,0.03,0,0,0,0,0,0,0,0,0,0,0,0,0,0,0,0,0,0,0,0,0
3.3900530338287354,0.0,0.0,0.0,0.0,0.0,0.0,0.0,0.0,0.0,0.03,0,0,0,0,0,0,0,0,0,0,0,0,0,0,0,0,0,0,0,0,0
3.391685724258423,0.0,0.0,0.0,0.0,0.0,0.0,0.0,0.0,0.0,0.03,0,0,0,0,0,0,0,0,0,0,0,0,0,0,0,0,0,0,0,0,0
3.39292311668396,0.0,0.0,0.0,0.0,0.0,0.0,0.0,0.0,0.0,0.03,0,0,0,0,0,0,0,0,0,0,0,0,0,0,0,0,0,0,0,0,0
3.3945140838623047,0.0,0.0,0.0,0.0,0.0,0.0,0.0,0.0,0.0,0.03,0,0,0,0,0,0,0,0,0,0,0,0,0,0,0,0,0,0,0,0,0
3.395658016204834,0.0,0.0,0.0,0.0,0.0,0.0,0.0,0.0,0.0,0.03,0,0,0,0,0,0,0,0,0,0,0,0,0,0,0,0,0,0,0,0,0
3.3968851566314697,0.0,0.0,0.0,0.0,0.0,0.0,0.0,0.0,0.0,0.03,0,0,0,0,0,0,0,0,0,0,0,0,0,0,0,0,0,0,0,0,0
3.3979952335357666,0.0,0.0,0.0,0.0,0.0,0.0,0.0,0.0,0.0,0.03,0,0,0,0,0,0,0,0,0,0,0,0,0,0,0,0,0,0,0,0,0
3.399118185043335,0.0,0.0,0.0,0.0,0.0,0.0,0.0,0.0,0.0,0.03,0,0,0,0,0,0,0,0,0,0,0,0,0,0,0,0,0,0,0,0,0
3.400339365005493,0.0,0.0,0.0,0.0,0.0,0.0,0.0,0.0,0.0,0.03,0,0,0,0,0,0,0,0,0,0,0,0,0,0,0,0,0,0,0,0,0
3.4016342163085938,0.0,0.0,0.0,0.0,0.0,0.0,0.0,0.0,0.0,0.03,0,0,0,0,0,0,0,0,0,0,0,0,0,0,0,0,0,0,0,0,0
3.4027276039123535,0.0,0.0,0.0,0.0,0.0,0.0,0.0,0.0,0.0,0.03,0,0,0,0,0,0,0,0,0,0,0,0,0,0,0,0,0,0,0,0,0
3.404470920562744,0.0,0.0,0.0,0.0,0.0,0.0,0.0,0.0,0.0,0.03,0,0,0,0,0,0,0,0,0,0,0,0,0,0,0,0,0,0,0,0,0
3.4071593284606934,0.0,0.0,0.0,0.0,0.0,0.0,0.0,0.0,0.0,0.03,0,0,0,0,0,0,0,0,0,0,0,0,0,0,0,0,0,0,0,0,0
3.4083611965179443,0.0,0.0,0.0,0.0,0.0,0.0,0.0,0.0,0.0,0.03,0,0,0,0,0,0,0,0,0,0,0,0,0,0,0,0,0,0,0,0,0
3.4094908237457275,0.0,0.0,0.0,0.0,0.0,0.0,0.0,0.0,0.0,0.03,0,0,0,0,0,0,0,0,0,0,0,0,0,0,0,0,0,0,0,0,0
3.4109714031219482,0.0,0.0,0.0,0.0,0.0,0.0,0.0,0.0,0.0,0.03,0,0,0,0,0,0,0,0,0,0,0,0,0,0,0,0,0,0,0,0,0
3.4125096797943115,0.0,0.0,0.0,0.0,0.0,0.0,0.0,0.0,0.0,0.03,0,0,0,0,0,0,0,0,0,0,0,0,0,0,0,0,0,0,0,0,0
3.413749933242798,0.0,0.0,0.0,0.0,0.0,0.0,0.0,0.0,0.0,0.03,0,0,0,0,0,0,0,0,0,0,0,0,0,0,0,0,0,0,0,0,0
3.4153504371643066,0.0,0.0,0.0,0.0,0.0,0.0,0.0,0.0,0.0,0.03,0,0,0,0,0,0,0,0,0,0,0,0,0,0,0,0,0,0,0,0,0
3.416832685470581,0.0,0.0,0.0,0.0,0.0,0.0,0.0,0.0,0.0,0.03,0,0,0,0,0,0,0,0,0,0,0,0,0,0,0,0,0,0,0,0,0
3.4179036617279053,0.0,0.0,0.0,0.0,0.0,0.0,0.0,0.0,0.0,0.03,0,0,0,0,0,0,0,0,0,0,0,0,0,0,0,0,0,0,0,0,0
3.4211511611938477,0.0,0.0,0.0,0.0,0.0,0.0,0.0,0.0,0.0,0.03,0,0,0,0,0,0,0,0,0,0,0,0,0,0,0,0,0,0,0,0,0
3.422938585281372,0.0,0.0,0.0,0.0,0.0,0.0,0.0,0.0,0.0,0.03,0,0,0,0,0,0,0,0,0,0,0,0,0,0,0,0,0,0,0,0,0
3.4247348308563232,0.0,0.0,0.0,0.0,0.0,0.0,0.0,0.0,0.0,0.03,0,0,0,0,0,0,0,0,0,0,0,0,0,0,0,0,0,0,0,0,0
3.4274072647094727,0.0,0.0,0.0,0.0,0.0,0.0,0.0,0.0,0.0,0.03,0,0,0,0,0,0,0,0,0,0,0,0,0,0,0,0,0,0,0,0,0
3.4288101196289062,0.0,0.0,0.0,0.0,0.0,0.0,0.0,0.0,0.0,0.03,0,0,0,0,0,0,0,0,0,0,0,0,0,0,0,0,0,0,0,0,0
3.430222749710083,0.0,0.0,0.0,0.0,0.0,0.0,0.0,0.0,0.0,0.03,0,0,0,0,0,0,0,0,0,0,0,0,0,0,0,0,0,0,0,0,0
3.4316022396087646,0.0,0.0,0.0,0.0,0.0,0.0,0.0,0.0,0.0,0.03,0,0,0,0,0,0,0,0,0,0,0,0,0,0,0,0,0,0,0,0,0
3.4330391883850098,0.0,0.0,0.0,0.0,0.0,0.0,0.0,0.0,0.0,0.03,0,0,0,0,0,0,0,0,0,0,0,0,0,0,0,0,0,0,0,0,0
3.435311794281006,0.0,0.0,0.0,0.0,0.0,0.0,0.0,0.0,0.0,0.03,0,0,0,0,0,0,0,0,0,0,0,0,0,0,0,0,0,0,0,0,0
3.436401844024658,0.0,0.0,0.0,0.0,0.0,0.0,0.0,0.0,0.0,0.03,0,0,0,0,0,0,0,0,0,0,0,0,0,0,0,0,0,0,0,0,0
3.4381134510040283,0.0,0.0,0.0,0.0,0.0,0.0,0.0,0.0,0.0,0.03,0,0,0,0,0,0,0,0,0,0,0,0,0,0,0,0,0,0,0,0,0
3.4397170543670654,0.0,0.0,0.0,0.0,0.0,0.0,0.0,0.0,0.0,0.03,0,0,0,0,0,0,0,0,0,0,0,0,0,0,0,0,0,0,0,0,0
3.440869092941284,0.0,0.0,0.0,0.0,0.0,0.0,0.0,0.0,0.0,0.03,0,0,0,0,0,0,0,0,0,0,0,0,0,0,0,0,0,0,0,0,0
3.4419288635253906,0.0,0.0,0.0,0.0,0.0,0.0,0.0,0.0,0.0,0.03,0,0,0,0,0,0,0,0,0,0,0,0,0,0,0,0,0,0,0,0,0
3.4432427883148193,0.0,0.0,0.0,0.0,0.0,0.0,0.0,0.0,0.0,0.03,0,0,0,0,0,0,0,0,0,0,0,0,0,0,0,0,0,0,0,0,0
3.4444169998168945,0.0,0.0,0.0,0.0,0.0,0.0,0.0,0.0,0.0,0.03,0,0,0,0,0,0,0,0,0,0,0,0,0,0,0,0,0,0,0,0,0
3.4455389976501465,0.0,0.0,0.0,0.0,0.0,0.0,0.0,0.0,0.0,0.03,0,0,0,0,0,0,0,0,0,0,0,0,0,0,0,0,0,0,0,0,0
3.4479129314422607,0.0,0.0,0.0,0.0,0.0,0.0,0.0,0.0,0.0,0.03,0,0,0,0,0,0,0,0,0,0,0,0,0,0,0,0,0,0,0,0,0
3.450476884841919,0.0,0.0,0.0,0.0,0.0,0.0,0.0,0.0,0.0,0.03,0,0,0,0,0,0,0,0,0,0,0,0,0,0,0,0,0,0,0,0,0
3.4517695903778076,0.0,0.0,0.0,0.0,0.0,0.0,0.0,0.0,0.0,0.03,0,0,0,0,0,0,0,0,0,0,0,0,0,0,0,0,0,0,0,0,0
3.452883243560791,0.0,0.0,0.0,0.0,0.0,0.0,0.0,0.0,0.0,0.03,0,0,0,0,0,0,0,0,0,0,0,0,0,0,0,0,0,0,0,0,0
3.453993320465088,0.0,0.0,0.0,0.0,0.0,0.0,0.0,0.0,0.0,0.03,0,0,0,0,0,0,0,0,0,0,0,0,0,0,0,0,0,0,0,0,0
3.4551045894622803,0.0,0.0,0.0,0.0,0.0,0.0,0.0,0.0,0.0,0.03,0,0,0,0,0,0,0,0,0,0,0,0,0,0,0,0,0,0,0,0,0
3.457213878631592,0.0,0.0,0.0,0.0,0.0,0.0,0.0,0.0,0.0,0.03,0,0,0,0,0,0,0,0,0,0,0,0,0,0,0,0,0,0,0,0,0
3.458505630493164,0.0,0.0,0.0,0.0,0.0,0.0,0.0,0.0,0.0,0.03,0,0,0,0,0,0,0,0,0,0,0,0,0,0,0,0,0,0,0,0,0
3.4600560665130615,0.0,0.0,0.0,0.0,0.0,0.0,0.0,0.0,0.0,0.03,0,0,0,0,0,0,0,0,0,0,0,0,0,0,0,0,0,0,0,0,0
3.4612090587615967,0.0,0.0,0.0,0.0,0.0,0.0,0.0,0.0,0.0,0.03,0,0,0,0,0,0,0,0,0,0,0,0,0,0,0,0,0,0,0,0,0
3.4623029232025146,0.0,0.0,0.0,0.0,0.0,0.0,0.0,0.0,0.0,0.03,0,0,0,0,0,0,0,0,0,0,0,0,0,0,0,0,0,0,0,0,0
3.4634311199188232,0.0,0.0,0.0,0.0,0.0,0.0,0.0,0.0,0.0,0.03,0,0,0,0,0,0,0,0,0,0,0,0,0,0,0,0,0,0,0,0,0
3.464667320251465,0.0,0.0,0.0,0.0,0.0,0.0,0.0,0.0,0.0,0.03,0,0,0,0,0,0,0,0,0,0,0,0,0,0,0,0,0,0,0,0,0
3.4657697677612305,0.0,0.0,0.0,0.0,0.0,0.0,0.0,0.0,0.0,0.03,0,0,0,0,0,0,0,0,0,0,0,0,0,0,0,0,0,0,0,0,0
3.4680185317993164,0.0,0.0,0.0,0.0,0.0,0.0,0.0,0.0,0.0,0.03,0,0,0,0,0,0,0,0,0,0,0,0,0,0,0,0,0,0,0,0,0
3.4697954654693604,0.0,0.0,0.0,0.0,0.0,0.0,0.0,0.0,0.0,0.03,0,0,0,0,0,0,0,0,0,0,0,0,0,0,0,0,0,0,0,0,0
3.4711997509002686,0.0,0.0,0.0,0.0,0.0,0.0,0.0,0.0,0.0,0.03,0,0,0,0,0,0,0,0,0,0,0,0,0,0,0,0,0,0,0,0,0
3.4725706577301025,0.0,0.0,0.0,0.0,0.0,0.0,0.0,0.0,0.0,0.03,0,0,0,0,0,0,0,0,0,0,0,0,0,0,0,0,0,0,0,0,0
3.4736900329589844,0.0,0.0,0.0,0.0,0.0,0.0,0.0,0.0,0.0,0.03,0,0,0,0,0,0,0,0,0,0,0,0,0,0,0,0,0,0,0,0,0
3.4749934673309326,0.0,0.0,0.0,0.0,0.0,0.0,0.0,0.0,0.0,0.03,0,0,0,0,0,0,0,0,0,0,0,0,0,0,0,0,0,0,0,0,0
3.4762520790100098,0.0,0.0,0.0,0.0,0.0,0.0,0.0,0.0,0.0,0.03,0,0,0,0,0,0,0,0,0,0,0,0,0,0,0,0,0,0,0,0,0
3.4774739742279053,0.0,0.0,0.0,0.0,0.0,0.0,0.0,0.0,0.0,0.03,0,0,0,0,0,0,0,0,0,0,0,0,0,0,0,0,0,0,0,0,0
3.479490280151367,0.0,0.0,0.0,0.0,0.0,0.0,0.0,0.0,0.0,0.03,0,0,0,0,0,0,0,0,0,0,0,0,0,0,0,0,0,0,0,0,0
3.480790376663208,0.0,0.0,0.0,0.0,0.0,0.0,0.0,0.0,0.0,0.03,0,0,0,0,0,0,0,0,0,0,0,0,0,0,0,0,0,0,0,0,0
3.484337329864502,0.0,0.0,0.0,0.0,0.0,0.0,0.0,0.0,0.0,0.03,0,0,0,0,0,0,0,0,0,0,0,0,0,0,0,0,0,0,0,0,0
3.4860026836395264,0.0,0.0,0.0,0.0,0.0,0.0,0.0,0.0,0.0,0.03,0,0,0,0,0,0,0,0,0,0,0,0,0,0,0,0,0,0,0,0,0
3.4873878955841064,0.0,0.0,0.0,0.0,0.0,0.0,0.0,0.0,0.0,0.03,0,0,0,0,0,0,0,0,0,0,0,0,0,0,0,0,0,0,0,0,0
3.4896159172058105,0.0,0.0,0.0,0.0,0.0,0.0,0.0,0.0,0.0,0.03,0,0,0,0,0,0,0,0,0,0,0,0,0,0,0,0,0,0,0,0,0
3.491055727005005,0.0,0.0,0.0,0.0,0.0,0.0,0.0,0.0,0.0,0.03,0,0,0,0,0,0,0,0,0,0,0,0,0,0,0,0,0,0,0,0,0
3.492511510848999,0.0,0.0,0.0,0.0,0.0,0.0,0.0,0.0,0.0,0.03,0,0,0,0,0,0,0,0,0,0,0,0,0,0,0,0,0,0,0,0,0
3.493927001953125,0.0,0.0,0.0,0.0,0.0,0.0,0.0,0.0,0.0,0.03,0,0,0,0,0,0,0,0,0,0,0,0,0,0,0,0,0,0,0,0,0
3.495400905609131,0.0,0.0,0.0,0.0,0.0,0.0,0.0,0.0,0.0,0.03,0,0,0,0,0,0,0,0,0,0,0,0,0,0,0,0,0,0,0,0,0
3.4965860843658447,0.0,0.0,0.0,0.0,0.0,0.0,0.0,0.0,0.0,0.03,0,0,0,0,0,0,0,0,0,0,0,0,0,0,0,0,0,0,0,0,0
3.4976999759674072,0.0,0.0,0.0,0.0,0.0,0.0,0.0,0.0,0.0,0.03,0,0,0,0,0,0,0,0,0,0,0,0,0,0,0,0,0,0,0,0,0
3.4990944862365723,0.0,0.0,0.0,0.0,0.0,0.0,0.0,0.0,0.0,0.03,0,0,0,0,0,0,0,0,0,0,0,0,0,0,0,0,0,0,0,0,0
3.5004758834838867,0.0,0.0,0.0,0.0,0.0,0.0,0.0,0.0,0.0,0.03,0,0,0,0,0,0,0,0,0,0,0,0,0,0,0,0,0,0,0,0,0
3.50158429145813,0.0,0.0,0.0,0.0,0.0,0.0,0.0,0.0,0.0,0.03,0,0,0,0,0,0,0,0,0,0,0,0,0,0,0,0,0,0,0,0,0
3.503103017807007,0.0,0.0,0.0,0.0,0.0,0.0,0.0,0.0,0.0,0.03,0,0,0,0,0,0,0,0,0,0,0,0,0,0,0,0,0,0,0,0,0
3.504188299179077,0.0,0.0,0.0,0.0,0.0,0.0,0.0,0.0,0.0,0.03,0,0,0,0,0,0,0,0,0,0,0,0,0,0,0,0,0,0,0,0,0
3.505289316177368,0.0,0.0,0.0,0.0,0.0,0.0,0.0,0.0,0.0,0.03,0,0,0,0,0,0,0,0,0,0,0,0,0,0,0,0,0,0,0,0,0
3.5064749717712402,0.0,0.0,0.0,0.0,0.0,0.0,0.0,0.0,0.0,0.03,0,0,0,0,0,0,0,0,0,0,0,0,0,0,0,0,0,0,0,0,0
3.507784128189087,0.0,0.0,0.0,0.0,0.0,0.0,0.0,0.0,0.0,0.03,0,0,0,0,0,0,0,0,0,0,0,0,0,0,0,0,0,0,0,0,0
3.508847236633301,0.0,0.0,0.0,0.0,0.0,0.0,0.0,0.0,0.0,0.03,0,0,0,0,0,0,0,0,0,0,0,0,0,0,0,0,0,0,0,0,0
3.510256767272949,0.0,0.0,0.0,0.0,0.0,0.0,0.0,0.0,0.0,0.03,0,0,0,0,0,0,0,0,0,0,0,0,0,0,0,0,0,0,0,0,0
3.511594295501709,0.0,0.0,0.0,0.0,0.0,0.0,0.0,0.0,0.0,0.03,0,0,0,0,0,0,0,0,0,0,0,0,0,0,0,0,0,0,0,0,0
3.512692451477051,0.0,0.0,0.0,0.0,0.0,0.0,0.0,0.0,0.0,0.03,0,0,0,0,0,0,0,0,0,0,0,0,0,0,0,0,0,0,0,0,0
3.515180826187134,0.0,0.0,0.0,0.0,0.0,0.0,0.0,0.0,0.0,0.03,0,0,0,0,0,0,0,0,0,0,0,0,0,0,0,0,0,0,0,0,0
3.516335964202881,0.0,0.0,0.0,0.0,0.0,0.0,0.0,0.0,0.0,0.03,0,0,0,0,0,0,0,0,0,0,0,0,0,0,0,0,0,0,0,0,0
3.517472267150879,0.0,0.0,0.0,0.0,0.0,0.0,0.0,0.0,0.0,0.03,0,0,0,0,0,0,0,0,0,0,0,0,0,0,0,0,0,0,0,0,0
3.5189368724823,0.0,0.0,0.0,0.0,0.0,0.0,0.0,0.0,0.0,0.03,0,0,0,0,0,0,0,0,0,0,0,0,0,0,0,0,0,0,0,0,0
3.5203936100006104,0.0,0.0,0.0,0.0,0.0,0.0,0.0,0.0,0.0,0.03,0,0,0,0,0,0,0,0,0,0,0,0,0,0,0,0,0,0,0,0,0
3.5216894149780273,0.0,0.0,0.0,0.0,0.0,0.0,0.0,0.0,0.0,0.03,0,0,0,0,0,0,0,0,0,0,0,0,0,0,0,0,0,0,0,0,0
3.522942543029785,0.0,0.0,0.0,0.0,0.0,0.0,0.0,0.0,0.0,0.03,0,0,0,0,0,0,0,0,0,0,0,0,0,0,0,0,0,0,0,0,0
3.524230480194092,0.0,0.0,0.0,0.0,0.0,0.0,0.0,0.0,0.0,0.03,0,0,0,0,0,0,0,0,0,0,0,0,0,0,0,0,0,0,0,0,0
3.52551531791687,0.0,0.0,0.0,0.0,0.0,0.0,0.0,0.0,0.0,0.03,0,0,0,0,0,0,0,0,0,0,0,0,0,0,0,0,0,0,0,0,0
3.526724100112915,0.0,0.0,0.0,0.0,0.0,0.0,0.0,0.0,0.0,0.03,0,0,0,0,0,0,0,0,0,0,0,0,0,0,0,0,0,0,0,0,0
3.5278162956237793,0.0,0.0,0.0,0.0,0.0,0.0,0.0,0.0,0.0,0.03,0,0,0,0,0,0,0,0,0,0,0,0,0,0,0,0,0,0,0,0,0
3.5289011001586914,0.0,0.0,0.0,0.0,0.0,0.0,0.0,0.0,0.0,0.03,0,0,0,0,0,0,0,0,0,0,0,0,0,0,0,0,0,0,0,0,0
3.5303993225097656,0.0,0.0,0.0,0.0,0.0,0.0,0.0,0.0,0.0,0.03,0,0,0,0,0,0,0,0,0,0,0,0,0,0,0,0,0,0,0,0,0
3.5327253341674805,0.0,0.0,0.0,0.0,0.0,0.0,0.0,0.0,0.0,0.03,0,0,0,0,0,0,0,0,0,0,0,0,0,0,0,0,0,0,0,0,0
3.534332513809204,0.0,0.0,0.0,0.0,0.0,0.0,0.0,0.0,0.0,0.03,0,0,0,0,0,0,0,0,0,0,0,0,0,0,0,0,0,0,0,0,0
3.535649538040161,0.0,0.0,0.0,0.0,0.0,0.0,0.0,0.0,0.0,0.03,0,0,0,0,0,0,0,0,0,0,0,0,0,0,0,0,0,0,0,0,0
3.536742687225342,0.0,0.0,0.0,0.0,0.0,0.0,0.0,0.0,0.0,0.03,0,0,0,0,0,0,0,0,0,0,0,0,0,0,0,0,0,0,0,0,0
3.53889536857605,0.0,0.0,0.0,0.0,0.0,0.0,0.0,0.0,0.0,0.03,0,0,0,0,0,0,0,0,0,0,0,0,0,0,0,0,0,0,0,0,0
3.540456533432007,0.0,0.0,0.0,0.0,0.0,0.0,0.0,0.0,0.0,0.03,0,0,0,0,0,0,0,0,0,0,0,0,0,0,0,0,0,0,0,0,0
3.5417380332946777,0.0,0.0,0.0,0.0,0.0,0.0,0.0,0.0,0.0,0.03,0,0,0,0,0,0,0,0,0,0,0,0,0,0,0,0,0,0,0,0,0
3.5428359508514404,0.0,0.0,0.0,0.0,0.0,0.0,0.0,0.0,0.0,0.03,0,0,0,0,0,0,0,0,0,0,0,0,0,0,0,0,0,0,0,0,0
3.544084310531616,0.0,0.0,0.0,0.0,0.0,0.0,0.0,0.0,0.0,0.03,0,0,0,0,0,0,0,0,0,0,0,0,0,0,0,0,0,0,0,0,0
3.5451784133911133,0.0,0.0,0.0,0.0,0.0,0.0,0.0,0.0,0.0,0.03,0,0,0,0,0,0,0,0,0,0,0,0,0,0,0,0,0,0,0,0,0
3.54848575592041,0.0,0.0,0.0,0.0,0.0,0.0,0.0,0.0,0.0,0.03,0,0,0,0,0,0,0,0,0,0,0,0,0,0,0,0,0,0,0,0,0
3.5500378608703613,0.0,0.0,0.0,0.0,0.0,0.0,0.0,0.0,0.0,0.03,0,0,0,0,0,0,0,0,0,0,0,0,0,0,0,0,0,0,0,0,0
3.5520479679107666,0.0,0.0,0.0,0.0,0.0,0.0,0.0,0.0,0.0,0.03,0,0,0,0,0,0,0,0,0,0,0,0,0,0,0,0,0,0,0,0,0
3.5541207790374756,0.0,0.0,0.0,0.0,0.0,0.0,0.0,0.0,0.0,0.03,0,0,0,0,0,0,0,0,0,0,0,0,0,0,0,0,0,0,0,0,0
3.5555341243743896,0.0,0.0,0.0,0.0,0.0,0.0,0.0,0.0,0.0,0.03,0,0,0,0,0,0,0,0,0,0,0,0,0,0,0,0,0,0,0,0,0
3.5566489696502686,0.0,0.0,0.0,0.0,0.0,0.0,0.0,0.0,0.0,0.03,0,0,0,0,0,0,0,0,0,0,0,0,0,0,0,0,0,0,0,0,0
3.558030366897583,0.0,0.0,0.0,0.0,0.0,0.0,0.0,0.0,0.0,0.03,0,0,0,0,0,0,0,0,0,0,0,0,0,0,0,0,0,0,0,0,0
3.560162305831909,0.0,0.0,0.0,0.0,0.0,0.0,0.0,0.0,0.0,0.03,0,0,0,0,0,0,0,0,0,0,0,0,0,0,0,0,0,0,0,0,0
3.5624070167541504,0.0,0.0,0.0,0.0,0.0,0.0,0.0,0.0,0.0,0.03,0,0,0,0,0,0,0,0,0,0,0,0,0,0,0,0,0,0,0,0,0
3.563493490219116,0.0,0.0,0.0,0.0,0.0,0.0,0.0,0.0,0.0,0.03,0,0,0,0,0,0,0,0,0,0,0,0,0,0,0,0,0,0,0,0,0
3.564678907394409,0.0,0.0,0.0,0.0,0.0,0.0,0.0,0.0,0.0,0.03,0,0,0,0,0,0,0,0,0,0,0,0,0,0,0,0,0,0,0,0,0
3.565748453140259,0.0,0.0,0.0,0.0,0.0,0.0,0.0,0.0,0.0,0.03,0,0,0,0,0,0,0,0,0,0,0,0,0,0,0,0,0,0,0,0,0
3.5668561458587646,0.0,0.0,0.0,0.0,0.0,0.0,0.0,0.0,0.0,0.03,0,0,0,0,0,0,0,0,0,0,0,0,0,0,0,0,0,0,0,0,0
3.567997932434082,0.0,0.0,0.0,0.0,0.0,0.0,0.0,0.0,0.0,0.03,0,0,0,0,0,0,0,0,0,0,0,0,0,0,0,0,0,0,0,0,0
3.5690903663635254,0.0,0.0,0.0,0.0,0.0,0.0,0.0,0.0,0.0,0.03,0,0,0,0,0,0,0,0,0,0,0,0,0,0,0,0,0,0,0,0,0
3.570225238800049,0.0,0.0,0.0,0.0,0.0,0.0,0.0,0.0,0.0,0.03,0,0,0,0,0,0,0,0,0,0,0,0,0,0,0,0,0,0,0,0,0
3.5715491771698,0.0,0.0,0.0,0.0,0.0,0.0,0.0,0.0,0.0,0.03,0,0,0,0,0,0,0,0,0,0,0,0,0,0,0,0,0,0,0,0,0
3.572672128677368,0.0,0.0,0.0,0.0,0.0,0.0,0.0,0.0,0.0,0.03,0,0,0,0,0,0,0,0,0,0,0,0,0,0,0,0,0,0,0,0,0
3.5750482082366943,0.0,0.0,0.0,0.0,0.0,0.0,0.0,0.0,0.0,0.03,0,0,0,0,0,0,0,0,0,0,0,0,0,0,0,0,0,0,0,0,0
3.577366590499878,0.0,0.0,0.0,0.0,0.0,0.0,0.0,0.0,0.0,0.03,0,0,0,0,0,0,0,0,0,0,0,0,0,0,0,0,0,0,0,0,0
3.5788302421569824,0.0,0.0,0.0,0.0,0.0,0.0,0.0,0.0,0.0,0.03,0,0,0,0,0,0,0,0,0,0,0,0,0,0,0,0,0,0,0,0,0
3.579977512359619,0.0,0.0,0.0,0.0,0.0,0.0,0.0,0.0,0.0,0.03,0,0,0,0,0,0,0,0,0,0,0,0,0,0,0,0,0,0,0,0,0
3.581084728240967,0.0,0.0,0.0,0.0,0.0,0.0,0.0,0.0,0.0,0.03,0,0,0,0,0,0,0,0,0,0,0,0,0,0,0,0,0,0,0,0,0
3.5828588008880615,0.0,0.0,0.0,0.0,0.0,0.0,0.0,0.0,0.0,0.03,0,0,0,0,0,0,0,0,0,0,0,0,0,0,0,0,0,0,0,0,0
3.584221363067627,0.0,0.0,0.0,0.0,0.0,0.0,0.0,0.0,0.0,0.03,0,0,0,0,0,0,0,0,0,0,0,0,0,0,0,0,0,0,0,0,0
3.585474729537964,0.0,0.0,0.0,0.0,0.0,0.0,0.0,0.0,0.0,0.03,0,0,0,0,0,0,0,0,0,0,0,0,0,0,0,0,0,0,0,0,0
3.587575912475586,0.0,0.0,0.0,0.0,0.0,0.0,0.0,0.0,0.0,0.03,0,0,0,0,0,0,0,0,0,0,0,0,0,0,0,0,0,0,0,0,0
3.5887510776519775,0.0,0.0,0.0,0.0,0.0,0.0,0.0,0.0,0.0,0.03,0,0,0,0,0,0,0,0,0,0,0,0,0,0,0,0,0,0,0,0,0
3.589843511581421,0.0,0.0,0.0,0.0,0.0,0.0,0.0,0.0,0.0,0.03,0,0,0,0,0,0,0,0,0,0,0,0,0,0,0,0,0,0,0,0,0
3.590939998626709,0.0,0.0,0.0,0.0,0.0,0.0,0.0,0.0,0.0,0.03,0,0,0,0,0,0,0,0,0,0,0,0,0,0,0,0,0,0,0,0,0
3.5920567512512207,0.0,0.0,0.0,0.0,0.0,0.0,0.0,0.0,0.0,0.03,0,0,0,0,0,0,0,0,0,0,0,0,0,0,0,0,0,0,0,0,0
3.5936813354492188,0.0,0.0,0.0,0.0,0.0,0.0,0.0,0.0,0.0,0.03,0,0,0,0,0,0,0,0,0,0,0,0,0,0,0,0,0,0,0,0,0
3.5947751998901367,0.0,0.0,0.0,0.0,0.0,0.0,0.0,0.0,0.0,0.03,0,0,0,0,0,0,0,0,0,0,0,0,0,0,0,0,0,0,0,0,0
3.596013307571411,0.0,0.0,0.0,0.0,0.0,0.0,0.0,0.0,0.0,0.03,0,0,0,0,0,0,0,0,0,0,0,0,0,0,0,0,0,0,0,0,0
3.5972535610198975,0.0,0.0,0.0,0.0,0.0,0.0,0.0,0.0,0.0,0.03,0,0,0,0,0,0,0,0,0,0,0,0,0,0,0,0,0,0,0,0,0
3.598545789718628,0.0,0.0,0.0,0.0,0.0,0.0,0.0,0.0,0.0,0.03,0,0,0,0,0,0,0,0,0,0,0,0,0,0,0,0,0,0,0,0,0
3.599646806716919,0.0,0.0,0.0,0.0,0.0,0.0,0.0,0.0,0.0,0.03,0,0,0,0,0,0,0,0,0,0,0,0,0,0,0,0,0,0,0,0,0
3.600771188735962,0.0,0.0,0.0,0.0,0.0,0.0,0.0,0.0,0.0,0.03,0,0,0,0,0,0,0,0,0,0,0,0,0,0,0,0,0,0,0,0,0
3.602182149887085,0.0,0.0,0.0,0.0,0.0,0.0,0.0,0.0,0.0,0.03,0,0,0,0,0,0,0,0,0,0,0,0,0,0,0,0,0,0,0,0,0
3.604146718978882,0.0,0.0,0.0,0.0,0.0,0.0,0.0,0.0,0.0,0.03,0,0,0,0,0,0,0,0,0,0,0,0,0,0,0,0,0,0,0,0,0
3.6054413318634033,0.0,0.0,0.0,0.0,0.0,0.0,0.0,0.0,0.0,0.03,0,0,0,0,0,0,0,0,0,0,0,0,0,0,0,0,0,0,0,0,0
3.6066975593566895,0.0,0.0,0.0,0.0,0.0,0.0,0.0,0.0,0.0,0.03,0,0,0,0,0,0,0,0,0,0,0,0,0,0,0,0,0,0,0,0,0
3.6078600883483887,0.0,0.0,0.0,0.0,0.0,0.0,0.0,0.0,0.0,0.03,0,0,0,0,0,0,0,0,0,0,0,0,0,0,0,0,0,0,0,0,0
3.6089437007904053,0.0,0.0,0.0,0.0,0.0,0.0,0.0,0.0,0.0,0.03,0,0,0,0,0,0,0,0,0,0,0,0,0,0,0,0,0,0,0,0,0
3.6121108531951904,0.0,0.0,0.0,0.0,0.0,0.0,0.0,0.0,0.0,0.03,0,0,0,0,0,0,0,0,0,0,0,0,0,0,0,0,0,0,0,0,0
3.6137542724609375,0.0,0.0,0.0,0.0,0.0,0.0,0.0,0.0,0.0,0.03,0,0,0,0,0,0,0,0,0,0,0,0,0,0,0,0,0,0,0,0,0
3.615025520324707,0.0,0.0,0.0,0.0,0.0,0.0,0.0,0.0,0.0,0.03,0,0,0,0,0,0,0,0,0,0,0,0,0,0,0,0,0,0,0,0,0
3.618002414703369,0.0,0.0,0.0,0.0,0.0,0.0,0.0,0.0,0.0,0.03,0,0,0,0,0,0,0,0,0,0,0,0,0,0,0,0,0,0,0,0,0
3.6191437244415283,0.0,0.0,0.0,0.0,0.0,0.0,0.0,0.0,0.0,0.03,0,0,0,0,0,0,0,0,0,0,0,0,0,0,0,0,0,0,0,0,0
3.6206116676330566,0.0,0.0,0.0,0.0,0.0,0.0,0.0,0.0,0.0,0.03,0,0,0,0,0,0,0,0,0,0,0,0,0,0,0,0,0,0,0,0,0
3.6219115257263184,0.0,0.0,0.0,0.0,0.0,0.0,0.0,0.0,0.0,0.03,0,0,0,0,0,0,0,0,0,0,0,0,0,0,0,0,0,0,0,0,0
3.623239755630493,0.0,0.0,0.0,0.0,0.0,0.0,0.0,0.0,0.0,0.03,0,0,0,0,0,0,0,0,0,0,0,0,0,0,0,0,0,0,0,0,0
3.6244895458221436,0.0,0.0,0.0,0.0,0.0,0.0,0.0,0.0,0.0,0.03,0,0,0,0,0,0,0,0,0,0,0,0,0,0,0,0,0,0,0,0,0
3.6259024143218994,0.0,0.0,0.0,0.0,0.0,0.0,0.0,0.0,0.0,0.03,0,0,0,0,0,0,0,0,0,0,0,0,0,0,0,0,0,0,0,0,0
3.627025604248047,0.0,0.0,0.0,0.0,0.0,0.0,0.0,0.0,0.0,0.03,0,0,0,0,0,0,0,0,0,0,0,0,0,0,0,0,0,0,0,0,0
3.628094434738159,0.0,0.0,0.0,0.0,0.0,0.0,0.0,0.0,0.0,0.03,0,0,0,0,0,0,0,0,0,0,0,0,0,0,0,0,0,0,0,0,0
3.629161834716797,0.0,0.0,0.0,0.0,0.0,0.0,0.0,0.0,0.0,0.03,0,0,0,0,0,0,0,0,0,0,0,0,0,0,0,0,0,0,0,0,0
3.630241870880127,0.0,0.0,0.0,0.0,0.0,0.0,0.0,0.0,0.0,0.03,0,0,0,0,0,0,0,0,0,0,0,0,0,0,0,0,0,0,0,0,0
3.631395101547241,0.0,0.0,0.0,0.0,0.0,0.0,0.0,0.0,0.0,0.03,0,0,0,0,0,0,0,0,0,0,0,0,0,0,0,0,0,0,0,0,0
3.6324779987335205,0.0,0.0,0.0,0.0,0.0,0.0,0.0,0.0,0.0,0.03,0,0,0,0,0,0,0,0,0,0,0,0,0,0,0,0,0,0,0,0,0
3.633601665496826,0.0,0.0,0.0,0.0,0.0,0.0,0.0,0.0,0.0,0.03,0,0,0,0,0,0,0,0,0,0,0,0,0,0,0,0,0,0,0,0,0
3.634956121444702,0.0,0.0,0.0,0.0,0.0,0.0,0.0,0.0,0.0,0.03,0,0,0,0,0,0,0,0,0,0,0,0,0,0,0,0,0,0,0,0,0
3.6360745429992676,0.0,0.0,0.0,0.0,0.0,0.0,0.0,0.0,0.0,0.03,0,0,0,0,0,0,0,0,0,0,0,0,0,0,0,0,0,0,0,0,0
3.6382365226745605,0.0,0.0,0.0,0.0,0.0,0.0,0.0,0.0,0.0,0.03,0,0,0,0,0,0,0,0,0,0,0,0,0,0,0,0,0,0,0,0,0
3.6393535137176514,0.0,0.0,0.0,0.0,0.0,0.0,0.0,0.0,0.0,0.03,0,0,0,0,0,0,0,0,0,0,0,0,0,0,0,0,0,0,0,0,0
3.6418118476867676,0.0,0.0,0.0,0.0,0.0,0.0,0.0,0.0,0.0,0.03,0,0,0,0,0,0,0,0,0,0,0,0,0,0,0,0,0,0,0,0,0
3.6430249214172363,0.0,0.0,0.0,0.0,0.0,0.0,0.0,0.0,0.0,0.03,0,0,0,0,0,0,0,0,0,0,0,0,0,0,0,0,0,0,0,0,0
3.6441280841827393,0.0,0.0,0.0,0.0,0.0,0.0,0.0,0.0,0.0,0.03,0,0,0,0,0,0,0,0,0,0,0,0,0,0,0,0,0,0,0,0,0
3.646352767944336,0.0,0.0,0.0,0.0,0.0,0.0,0.0,0.0,0.0,0.03,0,0,0,0,0,0,0,0,0,0,0,0,0,0,0,0,0,0,0,0,0
3.6478545665740967,0.0,0.0,0.0,0.0,0.0,0.0,0.0,0.0,0.0,0.03,0,0,0,0,0,0,0,0,0,0,0,0,0,0,0,0,0,0,0,0,0
3.649113655090332,0.0,0.0,0.0,0.0,0.0,0.0,0.0,0.0,0.0,0.03,0,0,0,0,0,0,0,0,0,0,0,0,0,0,0,0,0,0,0,0,0
3.65120530128479,0.0,0.0,0.0,0.0,0.0,0.0,0.0,0.0,0.0,0.03,0,0,0,0,0,0,0,0,0,0,0,0,0,0,0,0,0,0,0,0,0
3.652452230453491,0.0,0.0,0.0,0.0,0.0,0.0,0.0,0.0,0.0,0.03,0,0,0,0,0,0,0,0,0,0,0,0,0,0,0,0,0,0,0,0,0
3.653553009033203,0.0,0.0,0.0,0.0,0.0,0.0,0.0,0.0,0.0,0.03,0,0,0,0,0,0,0,0,0,0,0,0,0,0,0,0,0,0,0,0,0
3.654676914215088,0.0,0.0,0.0,0.0,0.0,0.0,0.0,0.0,0.0,0.03,0,0,0,0,0,0,0,0,0,0,0,0,0,0,0,0,0,0,0,0,0
3.6558289527893066,0.0,0.0,0.0,0.0,0.0,0.0,0.0,0.0,0.0,0.03,0,0,0,0,0,0,0,0,0,0,0,0,0,0,0,0,0,0,0,0,0
3.6573245525360107,0.0,0.0,0.0,0.0,0.0,0.0,0.0,0.0,0.0,0.03,0,0,0,0,0,0,0,0,0,0,0,0,0,0,0,0,0,0,0,0,0
3.6588687896728516,0.0,0.0,0.0,0.0,0.0,0.0,0.0,0.0,0.0,0.03,0,0,0,0,0,0,0,0,0,0,0,0,0,0,0,0,0,0,0,0,0
3.660646677017212,0.0,0.0,0.0,0.0,0.0,0.0,0.0,0.0,0.0,0.03,0,0,0,0,0,0,0,0,0,0,0,0,0,0,0,0,0,0,0,0,0
3.6620993614196777,0.0,0.0,0.0,0.0,0.0,0.0,0.0,0.0,0.0,0.03,0,0,0,0,0,0,0,0,0,0,0,0,0,0,0,0,0,0,0,0,0
3.6631903648376465,0.0,0.0,0.0,0.0,0.0,0.0,0.0,0.0,0.0,0.03,0,0,0,0,0,0,0,0,0,0,0,0,0,0,0,0,0,0,0,0,0
3.665186882019043,0.0,0.0,0.0,0.0,0.0,0.0,0.0,0.0,0.0,0.03,0,0,0,0,0,0,0,0,0,0,0,0,0,0,0,0,0,0,0,0,0
3.6672143936157227,0.0,0.0,0.0,0.0,0.0,0.0,0.0,0.0,0.0,0.03,0,0,0,0,0,0,0,0,0,0,0,0,0,0,0,0,0,0,0,0,0
3.6684188842773438,0.0,0.0,0.0,0.0,0.0,0.0,0.0,0.0,0.0,0.03,0,0,0,0,0,0,0,0,0,0,0,0,0,0,0,0,0,0,0,0,0
3.670027256011963,0.0,0.0,0.0,0.0,0.0,0.0,0.0,0.0,0.0,0.03,0,0,0,0,0,0,0,0,0,0,0,0,0,0,0,0,0,0,0,0,0
3.6713078022003174,0.0,0.0,0.0,0.0,0.0,0.0,0.0,0.0,0.0,0.03,0,0,0,0,0,0,0,0,0,0,0,0,0,0,0,0,0,0,0,0,0
3.674962043762207,0.0,0.0,0.0,0.0,0.0,0.0,0.0,0.0,0.0,0.03,0,0,0,0,0,0,0,0,0,0,0,0,0,0,0,0,0,0,0,0,0
3.676781415939331,0.0,0.0,0.0,0.0,0.0,0.0,0.0,0.0,0.0,0.03,0,0,0,0,0,0,0,0,0,0,0,0,0,0,0,0,0,0,0,0,0
3.6780893802642822,0.0,0.0,0.0,0.0,0.0,0.0,0.0,0.0,0.0,0.03,0,0,0,0,0,0,0,0,0,0,0,0,0,0,0,0,0,0,0,0,0
3.679809093475342,0.0,0.0,0.0,0.0,0.0,0.0,0.0,0.0,0.0,0.03,0,0,0,0,0,0,0,0,0,0,0,0,0,0,0,0,0,0,0,0,0
3.682445764541626,0.0,0.0,0.0,0.0,0.0,0.0,0.0,0.0,0.0,0.03,0,0,0,0,0,0,0,0,0,0,0,0,0,0,0,0,0,0,0,0,0
3.683603525161743,0.0,0.0,0.0,0.0,0.0,0.0,0.0,0.0,0.0,0.03,0,0,0,0,0,0,0,0,0,0,0,0,0,0,0,0,0,0,0,0,0
3.6849870681762695,0.0,0.0,0.0,0.0,0.0,0.0,0.0,0.0,0.0,0.03,0,0,0,0,0,0,0,0,0,0,0,0,0,0,0,0,0,0,0,0,0
3.6875410079956055,0.0,0.0,0.0,0.0,0.0,0.0,0.0,0.0,0.0,0.03,0,0,0,0,0,0,0,0,0,0,0,0,0,0,0,0,0,0,0,0,0
3.688828229904175,0.0,0.0,0.0,0.0,0.0,0.0,0.0,0.0,0.0,0.03,0,0,0,0,0,0,0,0,0,0,0,0,0,0,0,0,0,0,0,0,0
3.6901426315307617,0.0,0.0,0.0,0.0,0.0,0.0,0.0,0.0,0.0,0.03,0,0,0,0,0,0,0,0,0,0,0,0,0,0,0,0,0,0,0,0,0
3.6919260025024414,0.0,0.0,0.0,0.0,0.0,0.0,0.0,0.0,0.0,0.03,0,0,0,0,0,0,0,0,0,0,0,0,0,0,0,0,0,0,0,0,0
3.693007707595825,0.0,0.0,0.0,0.0,0.0,0.0,0.0,0.0,0.0,0.03,0,0,0,0,0,0,0,0,0,0,0,0,0,0,0,0,0,0,0,0,0
3.6941609382629395,0.0,0.0,0.0,0.0,0.0,0.0,0.0,0.0,0.0,0.03,0,0,0,0,0,0,0,0,0,0,0,0,0,0,0,0,0,0,0,0,0
3.695282459259033,0.0,0.0,0.0,0.0,0.0,0.0,0.0,0.0,0.0,0.03,0,0,0,0,0,0,0,0,0,0,0,0,0,0,0,0,0,0,0,0,0
3.6964290142059326,0.0,0.0,0.0,0.0,0.0,0.0,0.0,0.0,0.0,0.03,0,0,0,0,0,0,0,0,0,0,0,0,0,0,0,0,0,0,0,0,0
3.6976418495178223,0.0,0.0,0.0,0.0,0.0,0.0,0.0,0.0,0.0,0.03,0,0,0,0,0,0,0,0,0,0,0,0,0,0,0,0,0,0,0,0,0
3.69872784614563,0.0,0.0,0.0,0.0,0.0,0.0,0.0,0.0,0.0,0.03,0,0,0,0,0,0,0,0,0,0,0,0,0,0,0,0,0,0,0,0,0
3.700377941131592,0.0,0.0,0.0,0.0,0.0,0.0,0.0,0.0,0.0,0.03,0,0,0,0,0,0,0,0,0,0,0,0,0,0,0,0,0,0,0,0,0
3.7022974491119385,0.0,0.0,0.0,0.0,0.0,0.0,0.0,0.0,0.0,0.03,0,0,0,0,0,0,0,0,0,0,0,0,0,0,0,0,0,0,0,0,0
3.705214738845825,0.0,0.0,0.0,0.0,0.0,0.0,0.0,0.0,0.0,0.03,0,0,0,0,0,0,0,0,0,0,0,0,0,0,0,0,0,0,0,0,0
3.7063539028167725,0.0,0.0,0.0,0.0,0.0,0.0,0.0,0.0,0.0,0.03,0,0,0,0,0,0,0,0,0,0,0,0,0,0,0,0,0,0,0,0,0
3.707750082015991,0.0,0.0,0.0,0.0,0.0,0.0,0.0,0.0,0.0,0.03,0,0,0,0,0,0,0,0,0,0,0,0,0,0,0,0,0,0,0,0,0
3.7088124752044678,0.0,0.0,0.0,0.0,0.0,0.0,0.0,0.0,0.0,0.03,0,0,0,0,0,0,0,0,0,0,0,0,0,0,0,0,0,0,0,0,0
3.709925651550293,0.0,0.0,0.0,0.0,0.0,0.0,0.0,0.0,0.0,0.03,0,0,0,0,0,0,0,0,0,0,0,0,0,0,0,0,0,0,0,0,0
3.711758852005005,0.0,0.0,0.0,0.0,0.0,0.0,0.0,0.0,0.0,0.03,0,0,0,0,0,0,0,0,0,0,0,0,0,0,0,0,0,0,0,0,0
3.7129807472229004,0.0,0.0,0.0,0.0,0.0,0.0,0.0,0.0,0.0,0.03,0,0,0,0,0,0,0,0,0,0,0,0,0,0,0,0,0,0,0,0,0
3.7142410278320312,0.0,0.0,0.0,0.0,0.0,0.0,0.0,0.0,0.0,0.03,0,0,0,0,0,0,0,0,0,0,0,0,0,0,0,0,0,0,0,0,0
3.7153780460357666,0.0,0.0,0.0,0.0,0.0,0.0,0.0,0.0,0.0,0.03,0,0,0,0,0,0,0,0,0,0,0,0,0,0,0,0,0,0,0,0,0
3.7170677185058594,0.0,0.0,0.0,0.0,0.0,0.0,0.0,0.0,0.0,0.03,0,0,0,0,0,0,0,0,0,0,0,0,0,0,0,0,0,0,0,0,0
3.718146800994873,0.0,0.0,0.0,0.0,0.0,0.0,0.0,0.0,0.0,0.03,0,0,0,0,0,0,0,0,0,0,0,0,0,0,0,0,0,0,0,0,0
3.7193148136138916,0.0,0.0,0.0,0.0,0.0,0.0,0.0,0.0,0.0,0.03,0,0,0,0,0,0,0,0,0,0,0,0,0,0,0,0,0,0,0,0,0
3.7205262184143066,0.0,0.0,0.0,0.0,0.0,0.0,0.0,0.0,0.0,0.03,0,0,0,0,0,0,0,0,0,0,0,0,0,0,0,0,0,0,0,0,0
3.7217283248901367,0.0,0.0,0.0,0.0,0.0,0.0,0.0,0.0,0.0,0.03,0,0,0,0,0,0,0,0,0,0,0,0,0,0,0,0,0,0,0,0,0
3.723500967025757,0.0,0.0,0.0,0.0,0.0,0.0,0.0,0.0,0.0,0.03,0,0,0,0,0,0,0,0,0,0,0,0,0,0,0,0,0,0,0,0,0
3.724642515182495,0.0,0.0,0.0,0.0,0.0,0.0,0.0,0.0,0.0,0.03,0,0,0,0,0,0,0,0,0,0,0,0,0,0,0,0,0,0,0,0,0
3.7281274795532227,0.0,0.0,0.0,0.0,0.0,0.0,0.0,0.0,0.0,0.03,0,0,0,0,0,0,0,0,0,0,0,0,0,0,0,0,0,0,0,0,0
3.729337215423584,0.0,0.0,0.0,0.0,0.0,0.0,0.0,0.0,0.0,0.03,0,0,0,0,0,0,0,0,0,0,0,0,0,0,0,0,0,0,0,0,0
3.7305476665496826,0.0,0.0,0.0,0.0,0.0,0.0,0.0,0.0,0.0,0.03,0,0,0,0,0,0,0,0,0,0,0,0,0,0,0,0,0,0,0,0,0
3.732811212539673,0.0,0.0,0.0,0.0,0.0,0.0,0.0,0.0,0.0,0.03,0,0,0,0,0,0,0,0,0,0,0,0,0,0,0,0,0,0,0,0,0
3.7342498302459717,0.0,0.0,0.0,0.0,0.0,0.0,0.0,0.0,0.0,0.03,0,0,0,0,0,0,0,0,0,0,0,0,0,0,0,0,0,0,0,0,0
3.7355029582977295,0.0,0.0,0.0,0.0,0.0,0.0,0.0,0.0,0.0,0.03,0,0,0,0,0,0,0,0,0,0,0,0,0,0,0,0,0,0,0,0,0
3.737924098968506,0.0,0.0,0.0,0.0,0.0,0.0,0.0,0.0,0.0,0.03,0,0,0,0,0,0,0,0,0,0,0,0,0,0,0,0,0,0,0,0,0
3.7393665313720703,0.0,0.0,0.0,0.0,0.0,0.0,0.0,0.0,0.0,0.03,0,0,0,0,0,0,0,0,0,0,0,0,0,0,0,0,0,0,0,0,0
3.7430479526519775,0.0,0.0,0.0,0.0,0.0,0.0,0.0,0.0,0.0,0.03,0,0,0,0,0,0,0,0,0,0,0,0,0,0,0,0,0,0,0,0,0
3.7448205947875977,0.0,0.0,0.0,0.0,0.0,0.0,0.0,0.0,0.0,0.03,0,0,0,0,0,0,0,0,0,0,0,0,0,0,0,0,0,0,0,0,0
3.7461302280426025,0.0,0.0,0.0,0.0,0.0,0.0,0.0,0.0,0.0,0.03,0,0,0,0,0,0,0,0,0,0,0,0,0,0,0,0,0,0,0,0,0
3.7474942207336426,0.0,0.0,0.0,0.0,0.0,0.0,0.0,0.0,0.0,0.03,0,0,0,0,0,0,0,0,0,0,0,0,0,0,0,0,0,0,0,0,0
3.750474691390991,0.0,0.0,0.0,0.0,0.0,0.0,0.0,0.0,0.0,0.03,0,0,0,0,0,0,0,0,0,0,0,0,0,0,0,0,0,0,0,0,0
3.7518630027770996,0.0,0.0,0.0,0.0,0.0,0.0,0.0,0.0,0.0,0.03,0,0,0,0,0,0,0,0,0,0,0,0,0,0,0,0,0,0,0,0,0
3.753148317337036,0.0,0.0,0.0,0.0,0.0,0.0,0.0,0.0,0.0,0.03,0,0,0,0,0,0,0,0,0,0,0,0,0,0,0,0,0,0,0,0,0
3.7548677921295166,0.0,0.0,0.0,0.0,0.0,0.0,0.0,0.0,0.0,0.03,0,0,0,0,0,0,0,0,0,0,0,0,0,0,0,0,0,0,0,0,0
3.7569494247436523,0.0,0.0,0.0,0.0,0.0,0.0,0.0,0.0,0.0,0.03,0,0,0,0,0,0,0,0,0,0,0,0,0,0,0,0,0,0,0,0,0
3.7581124305725098,0.0,0.0,0.0,0.0,0.0,0.0,0.0,0.0,0.0,0.03,0,0,0,0,0,0,0,0,0,0,0,0,0,0,0,0,0,0,0,0,0
3.7598376274108887,0.0,0.0,0.0,0.0,0.0,0.0,0.0,0.0,0.0,0.03,0,0,0,0,0,0,0,0,0,0,0,0,0,0,0,0,0,0,0,0,0
3.761502265930176,0.0,0.0,0.0,0.0,0.0,0.0,0.0,0.0,0.0,0.03,0,0,0,0,0,0,0,0,0,0,0,0,0,0,0,0,0,0,0,0,0
3.762610912322998,0.0,0.0,0.0,0.0,0.0,0.0,0.0,0.0,0.0,0.03,0,0,0,0,0,0,0,0,0,0,0,0,0,0,0,0,0,0,0,0,0
3.763798713684082,0.0,0.0,0.0,0.0,0.0,0.0,0.0,0.0,0.0,0.03,0,0,0,0,0,0,0,0,0,0,0,0,0,0,0,0,0,0,0,0,0
3.7649059295654297,0.0,0.0,0.0,0.0,0.0,0.0,0.0,0.0,0.0,0.03,0,0,0,0,0,0,0,0,0,0,0,0,0,0,0,0,0,0,0,0,0
3.766172170639038,0.0,0.0,0.0,0.0,0.0,0.0,0.0,0.0,0.0,0.03,0,0,0,0,0,0,0,0,0,0,0,0,0,0,0,0,0,0,0,0,0
3.767259120941162,0.0,0.0,0.0,0.0,0.0,0.0,0.0,0.0,0.0,0.03,0,0,0,0,0,0,0,0,0,0,0,0,0,0,0,0,0,0,0,0,0
3.768563985824585,0.0,0.0,0.0,0.0,0.0,0.0,0.0,0.0,0.0,0.03,0,0,0,0,0,0,0,0,0,0,0,0,0,0,0,0,0,0,0,0,0
3.7699639797210693,0.0,0.0,0.0,0.0,0.0,0.0,0.0,0.0,0.0,0.03,0,0,0,0,0,0,0,0,0,0,0,0,0,0,0,0,0,0,0,0,0
3.77108097076416,0.0,0.0,0.0,0.0,0.0,0.0,0.0,0.0,0.0,0.03,0,0,0,0,0,0,0,0,0,0,0,0,0,0,0,0,0,0,0,0,0
3.773193120956421,0.0,0.0,0.0,0.0,0.0,0.0,0.0,0.0,0.0,0.03,0,0,0,0,0,0,0,0,0,0,0,0,0,0,0,0,0,0,0,0,0
3.774402618408203,0.0,0.0,0.0,0.0,0.0,0.0,0.0,0.0,0.0,0.03,0,0,0,0,0,0,0,0,0,0,0,0,0,0,0,0,0,0,0,0,0
3.775564670562744,0.0,0.0,0.0,0.0,0.0,0.0,0.0,0.0,0.0,0.03,0,0,0,0,0,0,0,0,0,0,0,0,0,0,0,0,0,0,0,0,0
3.778172254562378,0.0,0.0,0.0,0.0,0.0,0.0,0.0,0.0,0.0,0.03,0,0,0,0,0,0,0,0,0,0,0,0,0,0,0,0,0,0,0,0,0
3.7795894145965576,0.0,0.0,0.0,0.0,0.0,0.0,0.0,0.0,0.0,0.03,0,0,0,0,0,0,0,0,0,0,0,0,0,0,0,0,0,0,0,0,0
3.780818223953247,0.0,0.0,0.0,0.0,0.0,0.0,0.0,0.0,0.0,0.03,0,0,0,0,0,0,0,0,0,0,0,0,0,0,0,0,0,0,0,0,0
3.781878709793091,0.0,0.0,0.0,0.0,0.0,0.0,0.0,0.0,0.0,0.03,0,0,0,0,0,0,0,0,0,0,0,0,0,0,0,0,0,0,0,0,0
3.7831380367279053,0.0,0.0,0.0,0.0,0.0,0.0,0.0,0.0,0.0,0.03,0,0,0,0,0,0,0,0,0,0,0,0,0,0,0,0,0,0,0,0,0
3.784230947494507,0.0,0.0,0.0,0.0,0.0,0.0,0.0,0.0,0.0,0.03,0,0,0,0,0,0,0,0,0,0,0,0,0,0,0,0,0,0,0,0,0
3.785365104675293,0.0,0.0,0.0,0.0,0.0,0.0,0.0,0.0,0.0,0.03,0,0,0,0,0,0,0,0,0,0,0,0,0,0,0,0,0,0,0,0,0
3.786583423614502,0.0,0.0,0.0,0.0,0.0,0.0,0.0,0.0,0.0,0.03,0,0,0,0,0,0,0,0,0,0,0,0,0,0,0,0,0,0,0,0,0
3.7879087924957275,0.0,0.0,0.0,0.0,0.0,0.0,0.0,0.0,0.0,0.03,0,0,0,0,0,0,0,0,0,0,0,0,0,0,0,0,0,0,0,0,0
3.789030075073242,0.0,0.0,0.0,0.0,0.0,0.0,0.0,0.0,0.0,0.03,0,0,0,0,0,0,0,0,0,0,0,0,0,0,0,0,0,0,0,0,0
3.7903506755828857,0.0,0.0,0.0,0.0,0.0,0.0,0.0,0.0,0.0,0.03,0,0,0,0,0,0,0,0,0,0,0,0,0,0,0,0,0,0,0,0,0
3.791419744491577,0.0,0.0,0.0,0.0,0.0,0.0,0.0,0.0,0.0,0.03,0,0,0,0,0,0,0,0,0,0,0,0,0,0,0,0,0,0,0,0,0
3.7942540645599365,0.0,0.0,0.0,0.0,0.0,0.0,0.0,0.0,0.0,0.03,0,0,0,0,0,0,0,0,0,0,0,0,0,0,0,0,0,0,0,0,0
3.7958953380584717,0.0,0.0,0.0,0.0,0.0,0.0,0.0,0.0,0.0,0.03,0,0,0,0,0,0,0,0,0,0,0,0,0,0,0,0,0,0,0,0,0
3.797349691390991,0.0,0.0,0.0,0.0,0.0,0.0,0.0,0.0,0.0,0.03,0,0,0,0,0,0,0,0,0,0,0,0,0,0,0,0,0,0,0,0,0
3.7988545894622803,0.0,0.0,0.0,0.0,0.0,0.0,0.0,0.0,0.0,0.03,0,0,0,0,0,0,0,0,0,0,0,0,0,0,0,0,0,0,0,0,0
3.800401449203491,0.0,0.0,0.0,0.0,0.0,0.0,0.0,0.0,0.0,0.03,0,0,0,0,0,0,0,0,0,0,0,0,0,0,0,0,0,0,0,0,0
3.8026623725891113,0.0,0.0,0.0,0.0,0.0,0.0,0.0,0.0,0.0,0.03,0,0,0,0,0,0,0,0,0,0,0,0,0,0,0,0,0,0,0,0,0
3.803770065307617,0.0,0.0,0.0,0.0,0.0,0.0,0.0,0.0,0.0,0.03,0,0,0,0,0,0,0,0,0,0,0,0,0,0,0,0,0,0,0,0,0
3.806617021560669,0.0,0.0,0.0,0.0,0.0,0.0,0.0,0.0,0.0,0.03,0,0,0,0,0,0,0,0,0,0,0,0,0,0,0,0,0,0,0,0,0
3.808077096939087,0.0,0.0,0.0,0.0,0.0,0.0,0.0,0.0,0.0,0.03,0,0,0,0,0,0,0,0,0,0,0,0,0,0,0,0,0,0,0,0,0
3.811385154724121,0.0,0.0,0.0,0.0,0.0,0.0,0.0,0.0,0.0,0.03,0,0,0,0,0,0,0,0,0,0,0,0,0,0,0,0,0,0,0,0,0
3.813084363937378,0.0,0.0,0.0,0.0,0.0,0.0,0.0,0.0,0.0,0.03,0,0,0,0,0,0,0,0,0,0,0,0,0,0,0,0,0,0,0,0,0
3.8145828247070312,0.0,0.0,0.0,0.0,0.0,0.0,0.0,0.0,0.0,0.03,0,0,0,0,0,0,0,0,0,0,0,0,0,0,0,0,0,0,0,0,0
3.815889358520508,0.0,0.0,0.0,0.0,0.0,0.0,0.0,0.0,0.0,0.03,0,0,0,0,0,0,0,0,0,0,0,0,0,0,0,0,0,0,0,0,0
3.818509817123413,0.0,0.0,0.0,0.0,0.0,0.0,0.0,0.0,0.0,0.03,0,0,0,0,0,0,0,0,0,0,0,0,0,0,0,0,0,0,0,0,0
3.819991111755371,0.0,0.0,0.0,0.0,0.0,0.0,0.0,0.0,0.0,0.03,0,0,0,0,0,0,0,0,0,0,0,0,0,0,0,0,0,0,0,0,0
3.8213279247283936,0.0,0.0,0.0,0.0,0.0,0.0,0.0,0.0,0.0,0.03,0,0,0,0,0,0,0,0,0,0,0,0,0,0,0,0,0,0,0,0,0
3.8234965801239014,0.0,0.0,0.0,0.0,0.0,0.0,0.0,0.0,0.0,0.03,0,0,0,0,0,0,0,0,0,0,0,0,0,0,0,0,0,0,0,0,0
3.8257670402526855,0.0,0.0,0.0,0.0,0.0,0.0,0.0,0.0,0.0,0.03,0,0,0,0,0,0,0,0,0,0,0,0,0,0,0,0,0,0,0,0,0
3.826885938644409,0.0,0.0,0.0,0.0,0.0,0.0,0.0,0.0,0.0,0.03,0,0,0,0,0,0,0,0,0,0,0,0,0,0,0,0,0,0,0,0,0
3.8289945125579834,0.0,0.0,0.0,0.0,0.0,0.0,0.0,0.0,0.0,0.03,0,0,0,0,0,0,0,0,0,0,0,0,0,0,0,0,0,0,0,0,0
3.8301877975463867,0.0,0.0,0.0,0.0,0.0,0.0,0.0,0.0,0.0,0.03,0,0,0,0,0,0,0,0,0,0,0,0,0,0,0,0,0,0,0,0,0
3.831427812576294,0.0,0.0,0.0,0.0,0.0,0.0,0.0,0.0,0.0,0.03,0,0,0,0,0,0,0,0,0,0,0,0,0,0,0,0,0,0,0,0,0
3.8325276374816895,0.0,0.0,0.0,0.0,0.0,0.0,0.0,0.0,0.0,0.03,0,0,0,0,0,0,0,0,0,0,0,0,0,0,0,0,0,0,0,0,0
3.8336098194122314,0.0,0.0,0.0,0.0,0.0,0.0,0.0,0.0,0.0,0.03,0,0,0,0,0,0,0,0,0,0,0,0,0,0,0,0,0,0,0,0,0
3.834961414337158,0.0,0.0,0.0,0.0,0.0,0.0,0.0,0.0,0.0,0.03,0,0,0,0,0,0,0,0,0,0,0,0,0,0,0,0,0,0,0,0,0
3.836101770401001,0.0,0.0,0.0,0.0,0.0,0.0,0.0,0.0,0.0,0.03,0,0,0,0,0,0,0,0,0,0,0,0,0,0,0,0,0,0,0,0,0
3.8393020629882812,0.0,0.0,0.0,0.0,0.0,0.0,0.0,0.0,0.0,0.03,0,0,0,0,0,0,0,0,0,0,0,0,0,0,0,0,0,0,0,0,0
3.8411033153533936,0.0,0.0,0.0,0.0,0.0,0.0,0.0,0.0,0.0,0.03,0,0,0,0,0,0,0,0,0,0,0,0,0,0,0,0,0,0,0,0,0
3.8423802852630615,0.0,0.0,0.0,0.0,0.0,0.0,0.0,0.0,0.0,0.03,0,0,0,0,0,0,0,0,0,0,0,0,0,0,0,0,0,0,0,0,0
3.843513011932373,0.0,0.0,0.0,0.0,0.0,0.0,0.0,0.0,0.0,0.03,0,0,0,0,0,0,0,0,0,0,0,0,0,0,0,0,0,0,0,0,0
3.844675302505493,0.0,0.0,0.0,0.0,0.0,0.0,0.0,0.0,0.0,0.03,0,0,0,0,0,0,0,0,0,0,0,0,0,0,0,0,0,0,0,0,0
3.8466908931732178,0.0,0.0,0.0,0.0,0.0,0.0,0.0,0.0,0.0,0.03,0,0,0,0,0,0,0,0,0,0,0,0,0,0,0,0,0,0,0,0,0
3.8483471870422363,0.0,0.0,0.0,0.0,0.0,0.0,0.0,0.0,0.0,0.03,0,0,0,0,0,0,0,0,0,0,0,0,0,0,0,0,0,0,0,0,0
3.849561929702759,0.0,0.0,0.0,0.0,0.0,0.0,0.0,0.0,0.0,0.03,0,0,0,0,0,0,0,0,0,0,0,0,0,0,0,0,0,0,0,0,0
3.851186752319336,0.0,0.0,0.0,0.0,0.0,0.0,0.0,0.0,0.0,0.03,0,0,0,0,0,0,0,0,0,0,0,0,0,0,0,0,0,0,0,0,0
3.8523154258728027,0.0,0.0,0.0,0.0,0.0,0.0,0.0,0.0,0.0,0.03,0,0,0,0,0,0,0,0,0,0,0,0,0,0,0,0,0,0,0,0,0
3.853538990020752,0.0,0.0,0.0,0.0,0.0,0.0,0.0,0.0,0.0,0.03,0,0,0,0,0,0,0,0,0,0,0,0,0,0,0,0,0,0,0,0,0
3.854710102081299,0.0,0.0,0.0,0.0,0.0,0.0,0.0,0.0,0.0,0.03,0,0,0,0,0,0,0,0,0,0,0,0,0,0,0,0,0,0,0,0,0
3.8558425903320312,0.0,0.0,0.0,0.0,0.0,0.0,0.0,0.0,0.0,0.03,0,0,0,0,0,0,0,0,0,0,0,0,0,0,0,0,0,0,0,0,0
3.8569631576538086,0.0,0.0,0.0,0.0,0.0,0.0,0.0,0.0,0.0,0.03,0,0,0,0,0,0,0,0,0,0,0,0,0,0,0,0,0,0,0,0,0
3.858151912689209,0.0,0.0,0.0,0.0,0.0,0.0,0.0,0.0,0.0,0.03,0,0,0,0,0,0,0,0,0,0,0,0,0,0,0,0,0,0,0,0,0
3.8610143661499023,0.0,0.0,0.0,0.0,0.0,0.0,0.0,0.0,0.0,0.03,0,0,0,0,0,0,0,0,0,0,0,0,0,0,0,0,0,0,0,0,0
3.862393856048584,0.0,0.0,0.0,0.0,0.0,0.0,0.0,0.0,0.0,0.03,0,0,0,0,0,0,0,0,0,0,0,0,0,0,0,0,0,0,0,0,0
3.8635385036468506,0.0,0.0,0.0,0.0,0.0,0.0,0.0,0.0,0.0,0.03,0,0,0,0,0,0,0,0,0,0,0,0,0,0,0,0,0,0,0,0,0
3.8658816814422607,0.0,0.0,0.0,0.0,0.0,0.0,0.0,0.0,0.0,0.03,0,0,0,0,0,0,0,0,0,0,0,0,0,0,0,0,0,0,0,0,0
3.8675477504730225,0.0,0.0,0.0,0.0,0.0,0.0,0.0,0.0,0.0,0.03,0,0,0,0,0,0,0,0,0,0,0,0,0,0,0,0,0,0,0,0,0
3.8687326908111572,0.0,0.0,0.0,0.0,0.0,0.0,0.0,0.0,0.0,0.03,0,0,0,0,0,0,0,0,0,0,0,0,0,0,0,0,0,0,0,0,0
3.8710477352142334,0.0,0.0,0.0,0.0,0.0,0.0,0.0,0.0,0.0,0.03,0,0,0,0,0,0,0,0,0,0,0,0,0,0,0,0,0,0,0,0,0
3.8721323013305664,0.0,0.0,0.0,0.0,0.0,0.0,0.0,0.0,0.0,0.03,0,0,0,0,0,0,0,0,0,0,0,0,0,0,0,0,0,0,0,0,0
3.873595952987671,0.0,0.0,0.0,0.0,0.0,0.0,0.0,0.0,0.0,0.03,0,0,0,0,0,0,0,0,0,0,0,0,0,0,0,0,0,0,0,0,0
3.8752975463867188,0.0,0.0,0.0,0.0,0.0,0.0,0.0,0.0,0.0,0.03,0,0,0,0,0,0,0,0,0,0,0,0,0,0,0,0,0,0,0,0,0
3.876957893371582,0.0,0.0,0.0,0.0,0.0,0.0,0.0,0.0,0.0,0.03,0,0,0,0,0,0,0,0,0,0,0,0,0,0,0,0,0,0,0,0,0
3.8787975311279297,0.0,0.0,0.0,0.0,0.0,0.0,0.0,0.0,0.0,0.03,0,0,0,0,0,0,0,0,0,0,0,0,0,0,0,0,0,0,0,0,0
3.8813867568969727,0.0,0.0,0.0,0.0,0.0,0.0,0.0,0.0,0.0,0.03,0,0,0,0,0,0,0,0,0,0,0,0,0,0,0,0,0,0,0,0,0
3.882896900177002,0.0,0.0,0.0,0.0,0.0,0.0,0.0,0.0,0.0,0.03,0,0,0,0,0,0,0,0,0,0,0,0,0,0,0,0,0,0,0,0,0
3.8842947483062744,0.0,0.0,0.0,0.0,0.0,0.0,0.0,0.0,0.0,0.03,0,0,0,0,0,0,0,0,0,0,0,0,0,0,0,0,0,0,0,0,0
3.885622978210449,0.0,0.0,0.0,0.0,0.0,0.0,0.0,0.0,0.0,0.03,0,0,0,0,0,0,0,0,0,0,0,0,0,0,0,0,0,0,0,0,0
3.887455463409424,0.0,0.0,0.0,0.0,0.0,0.0,0.0,0.0,0.0,0.03,0,0,0,0,0,0,0,0,0,0,0,0,0,0,0,0,0,0,0,0,0
3.889634132385254,0.0,0.0,0.0,0.0,0.0,0.0,0.0,0.0,0.0,0.03,0,0,0,0,0,0,0,0,0,0,0,0,0,0,0,0,0,0,0,0,0
3.8908183574676514,0.0,0.0,0.0,0.0,0.0,0.0,0.0,0.0,0.0,0.03,0,0,0,0,0,0,0,0,0,0,0,0,0,0,0,0,0,0,0,0,0
3.892184019088745,0.0,0.0,0.0,0.0,0.0,0.0,0.0,0.0,0.0,0.03,0,0,0,0,0,0,0,0,0,0,0,0,0,0,0,0,0,0,0,0,0
3.8932673931121826,0.0,0.0,0.0,0.0,0.0,0.0,0.0,0.0,0.0,0.03,0,0,0,0,0,0,0,0,0,0,0,0,0,0,0,0,0,0,0,0,0
3.8944296836853027,0.0,0.0,0.0,0.0,0.0,0.0,0.0,0.0,0.0,0.03,0,0,0,0,0,0,0,0,0,0,0,0,0,0,0,0,0,0,0,0,0
3.8955798149108887,0.0,0.0,0.0,0.0,0.0,0.0,0.0,0.0,0.0,0.03,0,0,0,0,0,0,0,0,0,0,0,0,0,0,0,0,0,0,0,0,0
3.8966877460479736,0.0,0.0,0.0,0.0,0.0,0.0,0.0,0.0,0.0,0.03,0,0,0,0,0,0,0,0,0,0,0,0,0,0,0,0,0,0,0,0,0
3.897793769836426,0.0,0.0,0.0,0.0,0.0,0.0,0.0,0.0,0.0,0.03,0,0,0,0,0,0,0,0,0,0,0,0,0,0,0,0,0,0,0,0,0
3.8990070819854736,0.0,0.0,0.0,0.0,0.0,0.0,0.0,0.0,0.0,0.03,0,0,0,0,0,0,0,0,0,0,0,0,0,0,0,0,0,0,0,0,0
3.9006869792938232,0.0,0.0,0.0,0.0,0.0,0.0,0.0,0.0,0.0,0.03,0,0,0,0,0,0,0,0,0,0,0,0,0,0,0,0,0,0,0,0,0
3.901832103729248,0.0,0.0,0.0,0.0,0.0,0.0,0.0,0.0,0.0,0.03,0,0,0,0,0,0,0,0,0,0,0,0,0,0,0,0,0,0,0,0,0
3.9034440517425537,0.0,0.0,0.0,0.0,0.0,0.0,0.0,0.0,0.0,0.03,0,0,0,0,0,0,0,0,0,0,0,0,0,0,0,0,0,0,0,0,0
3.9060444831848145,0.0,0.0,0.0,0.0,0.0,0.0,0.0,0.0,0.0,0.03,0,0,0,0,0,0,0,0,0,0,0,0,0,0,0,0,0,0,0,0,0
3.9072744846343994,0.0,0.0,0.0,0.0,0.0,0.0,0.0,0.0,0.0,0.03,0,0,0,0,0,0,0,0,0,0,0,0,0,0,0,0,0,0,0,0,0
3.9084460735321045,0.0,0.0,0.0,0.0,0.0,0.0,0.0,0.0,0.0,0.03,0,0,0,0,0,0,0,0,0,0,0,0,0,0,0,0,0,0,0,0,0
3.9095582962036133,0.0,0.0,0.0,0.0,0.0,0.0,0.0,0.0,0.0,0.03,0,0,0,0,0,0,0,0,0,0,0,0,0,0,0,0,0,0,0,0,0
3.911919355392456,0.0,0.0,0.0,0.0,0.0,0.0,0.0,0.0,0.0,0.03,0,0,0,0,0,0,0,0,0,0,0,0,0,0,0,0,0,0,0,0,0
3.913242816925049,0.0,0.0,0.0,0.0,0.0,0.0,0.0,0.0,0.0,0.03,0,0,0,0,0,0,0,0,0,0,0,0,0,0,0,0,0,0,0,0,0
3.914611577987671,0.0,0.0,0.0,0.0,0.0,0.0,0.0,0.0,0.0,0.03,0,0,0,0,0,0,0,0,0,0,0,0,0,0,0,0,0,0,0,0,0
3.9168455600738525,0.0,0.0,0.0,0.0,0.0,0.0,0.0,0.0,0.0,0.03,0,0,0,0,0,0,0,0,0,0,0,0,0,0,0,0,0,0,0,0,0
3.918351411819458,0.0,0.0,0.0,0.0,0.0,0.0,0.0,0.0,0.0,0.03,0,0,0,0,0,0,0,0,0,0,0,0,0,0,0,0,0,0,0,0,0
3.9195168018341064,0.0,0.0,0.0,0.0,0.0,0.0,0.0,0.0,0.0,0.03,0,0,0,0,0,0,0,0,0,0,0,0,0,0,0,0,0,0,0,0,0
3.92061185836792,0.0,0.0,0.0,0.0,0.0,0.0,0.0,0.0,0.0,0.03,0,0,0,0,0,0,0,0,0,0,0,0,0,0,0,0,0,0,0,0,0
3.9218554496765137,0.0,0.0,0.0,0.0,0.0,0.0,0.0,0.0,0.0,0.03,0,0,0,0,0,0,0,0,0,0,0,0,0,0,0,0,0,0,0,0,0
3.9236152172088623,0.0,0.0,0.0,0.0,0.0,0.0,0.0,0.0,0.0,0.03,0,0,0,0,0,0,0,0,0,0,0,0,0,0,0,0,0,0,0,0,0
3.92497181892395,0.0,0.0,0.0,0.0,0.0,0.0,0.0,0.0,0.0,0.03,0,0,0,0,0,0,0,0,0,0,0,0,0,0,0,0,0,0,0,0,0
3.926161766052246,0.0,0.0,0.0,0.0,0.0,0.0,0.0,0.0,0.0,0.03,0,0,0,0,0,0,0,0,0,0,0,0,0,0,0,0,0,0,0,0,0
3.9286258220672607,0.0,0.0,0.0,0.0,0.0,0.0,0.0,0.0,0.0,0.03,0,0,0,0,0,0,0,0,0,0,0,0,0,0,0,0,0,0,0,0,0
3.9299755096435547,0.0,0.0,0.0,0.0,0.0,0.0,0.0,0.0,0.0,0.03,0,0,0,0,0,0,0,0,0,0,0,0,0,0,0,0,0,0,0,0,0
3.9312222003936768,0.0,0.0,0.0,0.0,0.0,0.0,0.0,0.0,0.0,0.03,0,0,0,0,0,0,0,0,0,0,0,0,0,0,0,0,0,0,0,0,0
3.9325125217437744,0.0,0.0,0.0,0.0,0.0,0.0,0.0,0.0,0.0,0.03,0,0,0,0,0,0,0,0,0,0,0,0,0,0,0,0,0,0,0,0,0
3.933722734451294,0.0,0.0,0.0,0.0,0.0,0.0,0.0,0.0,0.0,0.03,0,0,0,0,0,0,0,0,0,0,0,0,0,0,0,0,0,0,0,0,0
3.934819459915161,0.0,0.0,0.0,0.0,0.0,0.0,0.0,0.0,0.0,0.03,0,0,0,0,0,0,0,0,0,0,0,0,0,0,0,0,0,0,0,0,0
3.936161994934082,0.0,0.0,0.0,0.0,0.0,0.0,0.0,0.0,0.0,0.03,0,0,0,0,0,0,0,0,0,0,0,0,0,0,0,0,0,0,0,0,0
3.9374520778656006,0.0,0.0,0.0,0.0,0.0,0.0,0.0,0.0,0.0,0.03,0,0,0,0,0,0,0,0,0,0,0,0,0,0,0,0,0,0,0,0,0
3.9389071464538574,0.0,0.0,0.0,0.0,0.0,0.0,0.0,0.0,0.0,0.03,0,0,0,0,0,0,0,0,0,0,0,0,0,0,0,0,0,0,0,0,0
3.939995527267456,0.0,0.0,0.0,0.0,0.0,0.0,0.0,0.0,0.0,0.03,0,0,0,0,0,0,0,0,0,0,0,0,0,0,0,0,0,0,0,0,0
3.943242073059082,0.0,0.0,0.0,0.0,0.0,0.0,0.0,0.0,0.0,0.03,0,0,0,0,0,0,0,0,0,0,0,0,0,0,0,0,0,0,0,0,0
3.9449965953826904,0.0,0.0,0.0,0.0,0.0,0.0,0.0,0.0,0.0,0.03,0,0,0,0,0,0,0,0,0,0,0,0,0,0,0,0,0,0,0,0,0
3.946826934814453,0.0,0.0,0.0,0.0,0.0,0.0,0.0,0.0,0.0,0.03,0,0,0,0,0,0,0,0,0,0,0,0,0,0,0,0,0,0,0,0,0
3.948333501815796,0.0,0.0,0.0,0.0,0.0,0.0,0.0,0.0,0.0,0.03,0,0,0,0,0,0,0,0,0,0,0,0,0,0,0,0,0,0,0,0,0
3.9504802227020264,0.0,0.0,0.0,0.0,0.0,0.0,0.0,0.0,0.0,0.03,0,0,0,0,0,0,0,0,0,0,0,0,0,0,0,0,0,0,0,0,0
3.951906681060791,0.0,0.0,0.0,0.0,0.0,0.0,0.0,0.0,0.0,0.03,0,0,0,0,0,0,0,0,0,0,0,0,0,0,0,0,0,0,0,0,0
3.9532246589660645,0.0,0.0,0.0,0.0,0.0,0.0,0.0,0.0,0.0,0.03,0,0,0,0,0,0,0,0,0,0,0,0,0,0,0,0,0,0,0,0,0
3.9562504291534424,0.0,0.0,0.0,0.0,0.0,0.0,0.0,0.0,0.0,0.03,0,0,0,0,0,0,0,0,0,0,0,0,0,0,0,0,0,0,0,0,0
3.9575915336608887,0.0,0.0,0.0,0.0,0.0,0.0,0.0,0.0,0.0,0.03,0,0,0,0,0,0,0,0,0,0,0,0,0,0,0,0,0,0,0,0,0
3.958803653717041,0.0,0.0,0.0,0.0,0.0,0.0,0.0,0.0,0.0,0.03,0,0,0,0,0,0,0,0,0,0,0,0,0,0,0,0,0,0,0,0,0
3.9601693153381348,0.0,0.0,0.0,0.0,0.0,0.0,0.0,0.0,0.0,0.03,0,0,0,0,0,0,0,0,0,0,0,0,0,0,0,0,0,0,0,0,0
3.9612855911254883,0.0,0.0,0.0,0.0,0.0,0.0,0.0,0.0,0.0,0.03,0,0,0,0,0,0,0,0,0,0,0,0,0,0,0,0,0,0,0,0,0
3.9626567363739014,0.0,0.0,0.0,0.0,0.0,0.0,0.0,0.0,0.0,0.03,0,0,0,0,0,0,0,0,0,0,0,0,0,0,0,0,0,0,0,0,0
3.964088201522827,0.0,0.0,0.0,0.0,0.0,0.0,0.0,0.0,0.0,0.03,0,0,0,0,0,0,0,0,0,0,0,0,0,0,0,0,0,0,0,0,0
3.9651918411254883,0.0,0.0,0.0,0.0,0.0,0.0,0.0,0.0,0.0,0.03,0,0,0,0,0,0,0,0,0,0,0,0,0,0,0,0,0,0,0,0,0
3.9662961959838867,0.0,0.0,0.0,0.0,0.0,0.0,0.0,0.0,0.0,0.03,0,0,0,0,0,0,0,0,0,0,0,0,0,0,0,0,0,0,0,0,0
3.967388391494751,0.0,0.0,0.0,0.0,0.0,0.0,0.0,0.0,0.0,0.03,0,0,0,0,0,0,0,0,0,0,0,0,0,0,0,0,0,0,0,0,0
3.968745470046997,0.0,0.0,0.0,0.0,0.0,0.0,0.0,0.0,0.0,0.03,0,0,0,0,0,0,0,0,0,0,0,0,0,0,0,0,0,0,0,0,0
3.970496892929077,0.0,0.0,0.0,0.0,0.0,0.0,0.0,0.0,0.0,0.03,0,0,0,0,0,0,0,0,0,0,0,0,0,0,0,0,0,0,0,0,0
3.9739184379577637,0.0,0.0,0.0,0.0,0.0,0.0,0.0,0.0,0.0,0.03,0,0,0,0,0,0,0,0,0,0,0,0,0,0,0,0,0,0,0,0,0
3.975057363510132,0.0,0.0,0.0,0.0,0.0,0.0,0.0,0.0,0.0,0.03,0,0,0,0,0,0,0,0,0,0,0,0,0,0,0,0,0,0,0,0,0
3.976175308227539,0.0,0.0,0.0,0.0,0.0,0.0,0.0,0.0,0.0,0.03,0,0,0,0,0,0,0,0,0,0,0,0,0,0,0,0,0,0,0,0,0
3.978461265563965,0.0,0.0,0.0,0.0,0.0,0.0,0.0,0.0,0.0,0.03,0,0,0,0,0,0,0,0,0,0,0,0,0,0,0,0,0,0,0,0,0
3.9802966117858887,0.0,0.0,0.0,0.0,0.0,0.0,0.0,0.0,0.0,0.03,0,0,0,0,0,0,0,0,0,0,0,0,0,0,0,0,0,0,0,0,0
3.9815890789031982,0.0,0.0,0.0,0.0,0.0,0.0,0.0,0.0,0.0,0.03,0,0,0,0,0,0,0,0,0,0,0,0,0,0,0,0,0,0,0,0,0
3.9836742877960205,0.0,0.0,0.0,0.0,0.0,0.0,0.0,0.0,0.0,0.03,0,0,0,0,0,0,0,0,0,0,0,0,0,0,0,0,0,0,0,0,0
3.98483943939209,0.0,0.0,0.0,0.0,0.0,0.0,0.0,0.0,0.0,0.03,0,0,0,0,0,0,0,0,0,0,0,0,0,0,0,0,0,0,0,0,0
3.9859390258789062,0.0,0.0,0.0,0.0,0.0,0.0,0.0,0.0,0.0,0.03,0,0,0,0,0,0,0,0,0,0,0,0,0,0,0,0,0,0,0,0,0
3.9870290756225586,0.0,0.0,0.0,0.0,0.0,0.0,0.0,0.0,0.0,0.03,0,0,0,0,0,0,0,0,0,0,0,0,0,0,0,0,0,0,0,0,0
3.9881250858306885,0.0,0.0,0.0,0.0,0.0,0.0,0.0,0.0,0.0,0.03,0,0,0,0,0,0,0,0,0,0,0,0,0,0,0,0,0,0,0,0,0
3.9896504878997803,0.0,0.0,0.0,0.0,0.0,0.0,0.0,0.0,0.0,0.03,0,0,0,0,0,0,0,0,0,0,0,0,0,0,0,0,0,0,0,0,0
3.9909722805023193,0.0,0.0,0.0,0.0,0.0,0.0,0.0,0.0,0.0,0.03,0,0,0,0,0,0,0,0,0,0,0,0,0,0,0,0,0,0,0,0,0
3.994418144226074,0.0,0.0,0.0,0.0,0.0,0.0,0.0,0.0,0.0,0.03,0,0,0,0,0,0,0,0,0,0,0,0,0,0,0,0,0,0,0,0,0
3.995512008666992,0.0,0.0,0.0,0.0,0.0,0.0,0.0,0.0,0.0,0.03,0,0,0,0,0,0,0,0,0,0,0,0,0,0,0,0,0,0,0,0,0
3.996898889541626,0.0,0.0,0.0,0.0,0.0,0.0,0.0,0.0,0.0,0.03,0,0,0,0,0,0,0,0,0,0,0,0,0,0,0,0,0,0,0,0,0
3.998189926147461,0.0,0.0,0.0,0.0,0.0,0.0,0.0,0.0,0.0,0.03,0,0,0,0,0,0,0,0,0,0,0,0,0,0,0,0,0,0,0,0,0
3.9994540214538574,0.0,0.0,0.0,0.0,0.0,0.0,0.0,0.0,0.0,0.03,0,0,0,0,0,0,0,0,0,0,0,0,0,0,0,0,0,0,0,0,0
4.00069785118103,0.0,0.0,0.0,0.0,0.0,0.0,0.0,0.0,0.0,0.03,0,0,0,0,0,0,0,0,0,0,0,0,0,0,0,0,0,0,0,0,0
4.001869440078735,0.0,0.0,0.0,0.0,0.0,0.0,0.0,0.0,0.0,0.03,0,0,0,0,0,0,0,0,0,0,0,0,0,0,0,0,0,0,0,0,0
4.003442049026489,0.0,0.0,0.0,0.0,0.0,0.0,0.0,0.0,0.0,0.03,0,0,0,0,0,0,0,0,0,0,0,0,0,0,0,0,0,0,0,0,0
4.004526376724243,0.0,0.0,0.0,0.0,0.0,0.0,0.0,0.0,0.0,0.03,0,0,0,0,0,0,0,0,0,0,0,0,0,0,0,0,0,0,0,0,0
4.007989406585693,0.0,0.0,0.0,0.0,0.0,0.0,0.0,0.0,0.0,0.03,0,0,0,0,0,0,0,0,0,0,0,0,0,0,0,0,0,0,0,0,0
4.009834289550781,0.0,0.0,0.0,0.0,0.0,0.0,0.0,0.0,0.0,0.03,0,0,0,0,0,0,0,0,0,0,0,0,0,0,0,0,0,0,0,0,0
4.011646509170532,0.0,0.0,0.0,0.0,0.0,0.0,0.0,0.0,0.0,0.03,0,0,0,0,0,0,0,0,0,0,0,0,0,0,0,0,0,0,0,0,0
4.014323711395264,0.0,0.0,0.0,0.0,0.0,0.0,0.0,0.0,0.0,0.03,0,0,0,0,0,0,0,0,0,0,0,0,0,0,0,0,0,0,0,0,0
4.015878915786743,0.0,0.0,0.0,0.0,0.0,0.0,0.0,0.0,0.0,0.03,0,0,0,0,0,0,0,0,0,0,0,0,0,0,0,0,0,0,0,0,0
4.017316579818726,0.0,0.0,0.0,0.0,0.0,0.0,0.0,0.0,0.0,0.03,0,0,0,0,0,0,0,0,0,0,0,0,0,0,0,0,0,0,0,0,0
4.0186991691589355,0.0,0.0,0.0,0.0,0.0,0.0,0.0,0.0,0.0,0.03,0,0,0,0,0,0,0,0,0,0,0,0,0,0,0,0,0,0,0,0,0
4.021258592605591,0.0,0.0,0.0,0.0,0.0,0.0,0.0,0.0,0.0,0.03,0,0,0,0,0,0,0,0,0,0,0,0,0,0,0,0,0,0,0,0,0
4.0226616859436035,0.0,0.0,0.0,0.0,0.0,0.0,0.0,0.0,0.0,0.03,0,0,0,0,0,0,0,0,0,0,0,0,0,0,0,0,0,0,0,0,0
4.023742914199829,0.0,0.0,0.0,0.0,0.0,0.0,0.0,0.0,0.0,0.03,0,0,0,0,0,0,0,0,0,0,0,0,0,0,0,0,0,0,0,0,0
4.025452136993408,0.0,0.0,0.0,0.0,0.0,0.0,0.0,0.0,0.0,0.03,0,0,0,0,0,0,0,0,0,0,0,0,0,0,0,0,0,0,0,0,0
4.026982069015503,0.0,0.0,0.0,0.0,0.0,0.0,0.0,0.0,0.0,0.03,0,0,0,0,0,0,0,0,0,0,0,0,0,0,0,0,0,0,0,0,0
4.028137445449829,0.0,0.0,0.0,0.0,0.0,0.0,0.0,0.0,0.0,0.03,0,0,0,0,0,0,0,0,0,0,0,0,0,0,0,0,0,0,0,0,0
4.029224634170532,0.0,0.0,0.0,0.0,0.0,0.0,0.0,0.0,0.0,0.03,0,0,0,0,0,0,0,0,0,0,0,0,0,0,0,0,0,0,0,0,0
4.030601501464844,0.0,0.0,0.0,0.0,0.0,0.0,0.0,0.0,0.0,0.03,0,0,0,0,0,0,0,0,0,0,0,0,0,0,0,0,0,0,0,0,0
4.031779050827026,0.0,0.0,0.0,0.0,0.0,0.0,0.0,0.0,0.0,0.03,0,0,0,0,0,0,0,0,0,0,0,0,0,0,0,0,0,0,0,0,0
4.032935619354248,0.0,0.0,0.0,0.0,0.0,0.0,0.0,0.0,0.0,0.03,0,0,0,0,0,0,0,0,0,0,0,0,0,0,0,0,0,0,0,0,0
4.034201383590698,0.0,0.0,0.0,0.0,0.0,0.0,0.0,0.0,0.0,0.03,0,0,0,0,0,0,0,0,0,0,0,0,0,0,0,0,0,0,0,0,0
4.035321474075317,0.0,0.0,0.0,0.0,0.0,0.0,0.0,0.0,0.0,0.03,0,0,0,0,0,0,0,0,0,0,0,0,0,0,0,0,0,0,0,0,0
4.038721084594727,0.0,0.0,0.0,0.0,0.0,0.0,0.0,0.0,0.0,0.03,0,0,0,0,0,0,0,0,0,0,0,0,0,0,0,0,0,0,0,0,0
4.039899110794067,0.0,0.0,0.0,0.0,0.0,0.0,0.0,0.0,0.0,0.03,0,0,0,0,0,0,0,0,0,0,0,0,0,0,0,0,0,0,0,0,0
4.040996551513672,0.0,0.0,0.0,0.0,0.0,0.0,0.0,0.0,0.0,0.03,0,0,0,0,0,0,0,0,0,0,0,0,0,0,0,0,0,0,0,0,0
4.043325424194336,0.0,0.0,0.0,0.0,0.0,0.0,0.0,0.0,0.0,0.03,0,0,0,0,0,0,0,0,0,0,0,0,0,0,0,0,0,0,0,0,0
4.044947385787964,0.0,0.0,0.0,0.0,0.0,0.0,0.0,0.0,0.0,0.03,0,0,0,0,0,0,0,0,0,0,0,0,0,0,0,0,0,0,0,0,0
4.04619288444519,0.0,0.0,0.0,0.0,0.0,0.0,0.0,0.0,0.0,0.03,0,0,0,0,0,0,0,0,0,0,0,0,0,0,0,0,0,0,0,0,0
4.047744274139404,0.0,0.0,0.0,0.0,0.0,0.0,0.0,0.0,0.0,0.03,0,0,0,0,0,0,0,0,0,0,0,0,0,0,0,0,0,0,0,0,0
4.048889875411987,0.0,0.0,0.0,0.0,0.0,0.0,0.0,0.0,0.0,0.03,0,0,0,0,0,0,0,0,0,0,0,0,0,0,0,0,0,0,0,0,0
4.050004720687866,0.0,0.0,0.0,0.0,0.0,0.0,0.0,0.0,0.0,0.03,0,0,0,0,0,0,0,0,0,0,0,0,0,0,0,0,0,0,0,0,0
4.051090478897095,0.0,0.0,0.0,0.0,0.0,0.0,0.0,0.0,0.0,0.03,0,0,0,0,0,0,0,0,0,0,0,0,0,0,0,0,0,0,0,0,0
4.052462816238403,0.0,0.0,0.0,0.0,0.0,0.0,0.0,0.0,0.0,0.03,0,0,0,0,0,0,0,0,0,0,0,0,0,0,0,0,0,0,0,0,0
4.053595066070557,0.0,0.0,0.0,0.0,0.0,0.0,0.0,0.0,0.0,0.03,0,0,0,0,0,0,0,0,0,0,0,0,0,0,0,0,0,0,0,0,0
4.057249546051025,0.0,0.0,0.0,0.0,0.0,0.0,0.0,0.0,0.0,0.03,0,0,0,0,0,0,0,0,0,0,0,0,0,0,0,0,0,0,0,0,0
4.059252023696899,0.0,0.0,0.0,0.0,0.0,0.0,0.0,0.0,0.0,0.03,0,0,0,0,0,0,0,0,0,0,0,0,0,0,0,0,0,0,0,0,0
4.060562372207642,0.0,0.0,0.0,0.0,0.0,0.0,0.0,0.0,0.0,0.03,0,0,0,0,0,0,0,0,0,0,0,0,0,0,0,0,0,0,0,0,0
4.061697959899902,0.0,0.0,0.0,0.0,0.0,0.0,0.0,0.0,0.0,0.03,0,0,0,0,0,0,0,0,0,0,0,0,0,0,0,0,0,0,0,0,0
4.064182996749878,0.0,0.0,0.0,0.0,0.0,0.0,0.0,0.0,0.0,0.03,0,0,0,0,0,0,0,0,0,0,0,0,0,0,0,0,0,0,0,0,0
4.065487623214722,0.0,0.0,0.0,0.0,0.0,0.0,0.0,0.0,0.0,0.03,0,0,0,0,0,0,0,0,0,0,0,0,0,0,0,0,0,0,0,0,0
4.0666892528533936,0.0,0.0,0.0,0.0,0.0,0.0,0.0,0.0,0.0,0.03,0,0,0,0,0,0,0,0,0,0,0,0,0,0,0,0,0,0,0,0,0
4.068305969238281,0.0,0.0,0.0,0.0,0.0,0.0,0.0,0.0,0.0,0.03,0,0,0,0,0,0,0,0,0,0,0,0,0,0,0,0,0,0,0,0,0
4.069601058959961,0.0,0.0,0.0,0.0,0.0,0.0,0.0,0.0,0.0,0.03,0,0,0,0,0,0,0,0,0,0,0,0,0,0,0,0,0,0,0,0,0
4.07068657875061,0.0,0.0,0.0,0.0,0.0,0.0,0.0,0.0,0.0,0.03,0,0,0,0,0,0,0,0,0,0,0,0,0,0,0,0,0,0,0,0,0
4.072299242019653,0.0,0.0,0.0,0.0,0.0,0.0,0.0,0.0,0.0,0.03,0,0,0,0,0,0,0,0,0,0,0,0,0,0,0,0,0,0,0,0,0
4.07401704788208,0.0,0.0,0.0,0.0,0.0,0.0,0.0,0.0,0.0,0.03,0,0,0,0,0,0,0,0,0,0,0,0,0,0,0,0,0,0,0,0,0
4.075648784637451,0.0,0.0,0.0,0.0,0.0,0.0,0.0,0.0,0.0,0.03,0,0,0,0,0,0,0,0,0,0,0,0,0,0,0,0,0,0,0,0,0
4.07690691947937,0.0,0.0,0.0,0.0,0.0,0.0,0.0,0.0,0.0,0.03,0,0,0,0,0,0,0,0,0,0,0,0,0,0,0,0,0,0,0,0,0
4.078387498855591,0.0,0.0,0.0,0.0,0.0,0.0,0.0,0.0,0.0,0.03,0,0,0,0,0,0,0,0,0,0,0,0,0,0,0,0,0,0,0,0,0
4.080420255661011,0.0,0.0,0.0,0.0,0.0,0.0,0.0,0.0,0.0,0.03,0,0,0,0,0,0,0,0,0,0,0,0,0,0,0,0,0,0,0,0,0
4.081541299819946,0.0,0.0,0.0,0.0,0.0,0.0,0.0,0.0,0.0,0.03,0,0,0,0,0,0,0,0,0,0,0,0,0,0,0,0,0,0,0,0,0
4.082978248596191,0.0,0.0,0.0,0.0,0.0,0.0,0.0,0.0,0.0,0.03,0,0,0,0,0,0,0,0,0,0,0,0,0,0,0,0,0,0,0,0,0
4.084357738494873,0.0,0.0,0.0,0.0,0.0,0.0,0.0,0.0,0.0,0.03,0,0,0,0,0,0,0,0,0,0,0,0,0,0,0,0,0,0,0,0,0
4.086537837982178,0.0,0.0,0.0,0.0,0.0,0.0,0.0,0.0,0.0,0.03,0,0,0,0,0,0,0,0,0,0,0,0,0,0,0,0,0,0,0,0,0
4.087912559509277,0.0,0.0,0.0,0.0,0.0,0.0,0.0,0.0,0.0,0.03,0,0,0,0,0,0,0,0,0,0,0,0,0,0,0,0,0,0,0,0,0
4.089387655258179,0.0,0.0,0.0,0.0,0.0,0.0,0.0,0.0,0.0,0.03,0,0,0,0,0,0,0,0,0,0,0,0,0,0,0,0,0,0,0,0,0
4.0907018184661865,0.0,0.0,0.0,0.0,0.0,0.0,0.0,0.0,0.0,0.03,0,0,0,0,0,0,0,0,0,0,0,0,0,0,0,0,0,0,0,0,0
4.09219217300415,0.0,0.0,0.0,0.0,0.0,0.0,0.0,0.0,0.0,0.03,0,0,0,0,0,0,0,0,0,0,0,0,0,0,0,0,0,0,0,0,0
4.093341827392578,0.0,0.0,0.0,0.0,0.0,0.0,0.0,0.0,0.0,0.03,0,0,0,0,0,0,0,0,0,0,0,0,0,0,0,0,0,0,0,0,0
4.094430923461914,0.0,0.0,0.0,0.0,0.0,0.0,0.0,0.0,0.0,0.03,0,0,0,0,0,0,0,0,0,0,0,0,0,0,0,0,0,0,0,0,0
4.095639944076538,0.0,0.0,0.0,0.0,0.0,0.0,0.0,0.0,0.0,0.03,0,0,0,0,0,0,0,0,0,0,0,0,0,0,0,0,0,0,0,0,0
4.0969767570495605,0.0,0.0,0.0,0.0,0.0,0.0,0.0,0.0,0.0,0.03,0,0,0,0,0,0,0,0,0,0,0,0,0,0,0,0,0,0,0,0,0
4.098153591156006,0.0,0.0,0.0,0.0,0.0,0.0,0.0,0.0,0.0,0.03,0,0,0,0,0,0,0,0,0,0,0,0,0,0,0,0,0,0,0,0,0
4.100903034210205,0.0,0.0,0.0,0.0,0.0,0.0,0.0,0.0,0.0,0.03,0,0,0,0,0,0,0,0,0,0,0,0,0,0,0,0,0,0,0,0,0
4.102679491043091,0.0,0.0,0.0,0.0,0.0,0.0,0.0,0.0,0.0,0.03,0,0,0,0,0,0,0,0,0,0,0,0,0,0,0,0,0,0,0,0,0
4.104191541671753,0.0,0.0,0.0,0.0,0.0,0.0,0.0,0.0,0.0,0.03,0,0,0,0,0,0,0,0,0,0,0,0,0,0,0,0,0,0,0,0,0
4.105412483215332,0.0,0.0,0.0,0.0,0.0,0.0,0.0,0.0,0.0,0.03,0,0,0,0,0,0,0,0,0,0,0,0,0,0,0,0,0,0,0,0,0
4.106627702713013,0.0,0.0,0.0,0.0,0.0,0.0,0.0,0.0,0.0,0.03,0,0,0,0,0,0,0,0,0,0,0,0,0,0,0,0,0,0,0,0,0
4.10787034034729,0.0,0.0,0.0,0.0,0.0,0.0,0.0,0.0,0.0,0.03,0,0,0,0,0,0,0,0,0,0,0,0,0,0,0,0,0,0,0,0,0
4.1098926067352295,0.0,0.0,0.0,0.0,0.0,0.0,0.0,0.0,0.0,0.03,0,0,0,0,0,0,0,0,0,0,0,0,0,0,0,0,0,0,0,0,0
4.111324071884155,0.0,0.0,0.0,0.0,0.0,0.0,0.0,0.0,0.0,0.03,0,0,0,0,0,0,0,0,0,0,0,0,0,0,0,0,0,0,0,0,0
4.112631797790527,0.0,0.0,0.0,0.0,0.0,0.0,0.0,0.0,0.0,0.03,0,0,0,0,0,0,0,0,0,0,0,0,0,0,0,0,0,0,0,0,0
4.114165782928467,0.0,0.0,0.0,0.0,0.0,0.0,0.0,0.0,0.0,0.03,0,0,0,0,0,0,0,0,0,0,0,0,0,0,0,0,0,0,0,0,0
4.115269899368286,0.0,0.0,0.0,0.0,0.0,0.0,0.0,0.0,0.0,0.03,0,0,0,0,0,0,0,0,0,0,0,0,0,0,0,0,0,0,0,0,0
4.1164069175720215,0.0,0.0,0.0,0.0,0.0,0.0,0.0,0.0,0.0,0.03,0,0,0,0,0,0,0,0,0,0,0,0,0,0,0,0,0,0,0,0,0
4.117584228515625,0.0,0.0,0.0,0.0,0.0,0.0,0.0,0.0,0.0,0.03,0,0,0,0,0,0,0,0,0,0,0,0,0,0,0,0,0,0,0,0,0
4.1187052726745605,0.0,0.0,0.0,0.0,0.0,0.0,0.0,0.0,0.0,0.03,0,0,0,0,0,0,0,0,0,0,0,0,0,0,0,0,0,0,0,0,0
4.119791269302368,0.0,0.0,0.0,0.0,0.0,0.0,0.0,0.0,0.0,0.03,0,0,0,0,0,0,0,0,0,0,0,0,0,0,0,0,0,0,0,0,0
4.1211512088775635,0.0,0.0,0.0,0.0,0.0,0.0,0.0,0.0,0.0,0.03,0,0,0,0,0,0,0,0,0,0,0,0,0,0,0,0,0,0,0,0,0
4.1224260330200195,0.0,0.0,0.0,0.0,0.0,0.0,0.0,0.0,0.0,0.03,0,0,0,0,0,0,0,0,0,0,0,0,0,0,0,0,0,0,0,0,0
4.123521327972412,0.0,0.0,0.0,0.0,0.0,0.0,0.0,0.0,0.0,0.03,0,0,0,0,0,0,0,0,0,0,0,0,0,0,0,0,0,0,0,0,0
4.125521898269653,0.0,0.0,0.0,0.0,0.0,0.0,0.0,0.0,0.0,0.03,0,0,0,0,0,0,0,0,0,0,0,0,0,0,0,0,0,0,0,0,0
4.12673282623291,0.0,0.0,0.0,0.0,0.0,0.0,0.0,0.0,0.0,0.03,0,0,0,0,0,0,0,0,0,0,0,0,0,0,0,0,0,0,0,0,0
4.12816309928894,0.0,0.0,0.0,0.0,0.0,0.0,0.0,0.0,0.0,0.03,0,0,0,0,0,0,0,0,0,0,0,0,0,0,0,0,0,0,0,0,0
4.1296679973602295,0.0,0.0,0.0,0.0,0.0,0.0,0.0,0.0,0.0,0.03,0,0,0,0,0,0,0,0,0,0,0,0,0,0,0,0,0,0,0,0,0
4.131312847137451,0.0,0.0,0.0,0.0,0.0,0.0,0.0,0.0,0.0,0.03,0,0,0,0,0,0,0,0,0,0,0,0,0,0,0,0,0,0,0,0,0
4.132631063461304,0.0,0.0,0.0,0.0,0.0,0.0,0.0,0.0,0.0,0.03,0,0,0,0,0,0,0,0,0,0,0,0,0,0,0,0,0,0,0,0,0
4.134979009628296,0.0,0.0,0.0,0.0,0.0,0.0,0.0,0.0,0.0,0.03,0,0,0,0,0,0,0,0,0,0,0,0,0,0,0,0,0,0,0,0,0
4.136409759521484,0.0,0.0,0.0,0.0,0.0,0.0,0.0,0.0,0.0,0.03,0,0,0,0,0,0,0,0,0,0,0,0,0,0,0,0,0,0,0,0,0
4.140060186386108,0.0,0.0,0.0,0.0,0.0,0.0,0.0,0.0,0.0,0.03,0,0,0,0,0,0,0,0,0,0,0,0,0,0,0,0,0,0,0,0,0
4.1418843269348145,0.0,0.0,0.0,0.0,0.0,0.0,0.0,0.0,0.0,0.03,0,0,0,0,0,0,0,0,0,0,0,0,0,0,0,0,0,0,0,0,0
4.143662214279175,0.0,0.0,0.0,0.0,0.0,0.0,0.0,0.0,0.0,0.03,0,0,0,0,0,0,0,0,0,0,0,0,0,0,0,0,0,0,0,0,0
4.146313667297363,0.0,0.0,0.0,0.0,0.0,0.0,0.0,0.0,0.0,0.03,0,0,0,0,0,0,0,0,0,0,0,0,0,0,0,0,0,0,0,0,0
4.147771835327148,0.0,0.0,0.0,0.0,0.0,0.0,0.0,0.0,0.0,0.03,0,0,0,0,0,0,0,0,0,0,0,0,0,0,0,0,0,0,0,0,0
4.1491310596466064,0.0,0.0,0.0,0.0,0.0,0.0,0.0,0.0,0.0,0.03,0,0,0,0,0,0,0,0,0,0,0,0,0,0,0,0,0,0,0,0,0
4.150265455245972,0.0,0.0,0.0,0.0,0.0,0.0,0.0,0.0,0.0,0.03,0,0,0,0,0,0,0,0,0,0,0,0,0,0,0,0,0,0,0,0,0
4.152400493621826,0.0,0.0,0.0,0.0,0.0,0.0,0.0,0.0,0.0,0.03,0,0,0,0,0,0,0,0,0,0,0,0,0,0,0,0,0,0,0,0,0
4.153505086898804,0.0,0.0,0.0,0.0,0.0,0.0,0.0,0.0,0.0,0.03,0,0,0,0,0,0,0,0,0,0,0,0,0,0,0,0,0,0,0,0,0
4.15489649772644,0.0,0.0,0.0,0.0,0.0,0.0,0.0,0.0,0.0,0.03,0,0,0,0,0,0,0,0,0,0,0,0,0,0,0,0,0,0,0,0,0
4.156076908111572,0.0,0.0,0.0,0.0,0.0,0.0,0.0,0.0,0.0,0.03,0,0,0,0,0,0,0,0,0,0,0,0,0,0,0,0,0,0,0,0,0
4.157269716262817,0.0,0.0,0.0,0.0,0.0,0.0,0.0,0.0,0.0,0.03,0,0,0,0,0,0,0,0,0,0,0,0,0,0,0,0,0,0,0,0,0
4.158489465713501,0.0,0.0,0.0,0.0,0.0,0.0,0.0,0.0,0.0,0.03,0,0,0,0,0,0,0,0,0,0,0,0,0,0,0,0,0,0,0,0,0
4.159579515457153,0.0,0.0,0.0,0.0,0.0,0.0,0.0,0.0,0.0,0.03,0,0,0,0,0,0,0,0,0,0,0,0,0,0,0,0,0,0,0,0,0
4.160668849945068,0.0,0.0,0.0,0.0,0.0,0.0,0.0,0.0,0.0,0.03,0,0,0,0,0,0,0,0,0,0,0,0,0,0,0,0,0,0,0,0,0
4.161809682846069,0.0,0.0,0.0,0.0,0.0,0.0,0.0,0.0,0.0,0.03,0,0,0,0,0,0,0,0,0,0,0,0,0,0,0,0,0,0,0,0,0
4.163060665130615,0.0,0.0,0.0,0.0,0.0,0.0,0.0,0.0,0.0,0.03,0,0,0,0,0,0,0,0,0,0,0,0,0,0,0,0,0,0,0,0,0
4.164835453033447,0.0,0.0,0.0,0.0,0.0,0.0,0.0,0.0,0.0,0.03,0,0,0,0,0,0,0,0,0,0,0,0,0,0,0,0,0,0,0,0,0
4.167504549026489,0.0,0.0,0.0,0.0,0.0,0.0,0.0,0.0,0.0,0.03,0,0,0,0,0,0,0,0,0,0,0,0,0,0,0,0,0,0,0,0,0
4.168765544891357,0.0,0.0,0.0,0.0,0.0,0.0,0.0,0.0,0.0,0.03,0,0,0,0,0,0,0,0,0,0,0,0,0,0,0,0,0,0,0,0,0
4.169981956481934,0.0,0.0,0.0,0.0,0.0,0.0,0.0,0.0,0.0,0.03,0,0,0,0,0,0,0,0,0,0,0,0,0,0,0,0,0,0,0,0,0
4.171163558959961,0.0,0.0,0.0,0.0,0.0,0.0,0.0,0.0,0.0,0.03,0,0,0,0,0,0,0,0,0,0,0,0,0,0,0,0,0,0,0,0,0
4.172343969345093,0.0,0.0,0.0,0.0,0.0,0.0,0.0,0.0,0.0,0.03,0,0,0,0,0,0,0,0,0,0,0,0,0,0,0,0,0,0,0,0,0
4.1734843254089355,0.0,0.0,0.0,0.0,0.0,0.0,0.0,0.0,0.0,0.03,0,0,0,0,0,0,0,0,0,0,0,0,0,0,0,0,0,0,0,0,0
4.174756050109863,0.0,0.0,0.0,0.0,0.0,0.0,0.0,0.0,0.0,0.03,0,0,0,0,0,0,0,0,0,0,0,0,0,0,0,0,0,0,0,0,0
4.176724672317505,0.0,0.0,0.0,0.0,0.0,0.0,0.0,0.0,0.0,0.03,0,0,0,0,0,0,0,0,0,0,0,0,0,0,0,0,0,0,0,0,0
4.177916765213013,0.0,0.0,0.0,0.0,0.0,0.0,0.0,0.0,0.0,0.03,0,0,0,0,0,0,0,0,0,0,0,0,0,0,0,0,0,0,0,0,0
4.179123640060425,0.0,0.0,0.0,0.0,0.0,0.0,0.0,0.0,0.0,0.03,0,0,0,0,0,0,0,0,0,0,0,0,0,0,0,0,0,0,0,0,0
4.180221796035767,0.0,0.0,0.0,0.0,0.0,0.0,0.0,0.0,0.0,0.03,0,0,0,0,0,0,0,0,0,0,0,0,0,0,0,0,0,0,0,0,0
4.181307554244995,0.0,0.0,0.0,0.0,0.0,0.0,0.0,0.0,0.0,0.03,0,0,0,0,0,0,0,0,0,0,0,0,0,0,0,0,0,0,0,0,0
4.183048725128174,0.0,0.0,0.0,0.0,0.0,0.0,0.0,0.0,0.0,0.03,0,0,0,0,0,0,0,0,0,0,0,0,0,0,0,0,0,0,0,0,0
4.1870903968811035,0.0,0.0,0.0,0.0,0.0,0.0,0.0,0.0,0.0,0.03,0,0,0,0,0,0,0,0,0,0,0,0,0,0,0,0,0,0,0,0,0
4.1881937980651855,0.0,0.0,0.0,0.0,0.0,0.0,0.0,0.0,0.0,0.03,0,0,0,0,0,0,0,0,0,0,0,0,0,0,0,0,0,0,0,0,0
4.1894989013671875,0.0,0.0,0.0,0.0,0.0,0.0,0.0,0.0,0.0,0.03,0,0,0,0,0,0,0,0,0,0,0,0,0,0,0,0,0,0,0,0,0
4.190835475921631,0.0,0.0,0.0,0.0,0.0,0.0,0.0,0.0,0.0,0.03,0,0,0,0,0,0,0,0,0,0,0,0,0,0,0,0,0,0,0,0,0
4.192502737045288,0.0,0.0,0.0,0.0,0.0,0.0,0.0,0.0,0.0,0.03,0,0,0,0,0,0,0,0,0,0,0,0,0,0,0,0,0,0,0,0,0
4.193742275238037,0.0,0.0,0.0,0.0,0.0,0.0,0.0,0.0,0.0,0.03,0,0,0,0,0,0,0,0,0,0,0,0,0,0,0,0,0,0,0,0,0
4.195770740509033,0.0,0.0,0.0,0.0,0.0,0.0,0.0,0.0,0.0,0.03,0,0,0,0,0,0,0,0,0,0,0,0,0,0,0,0,0,0,0,0,0
4.197086572647095,0.0,0.0,0.0,0.0,0.0,0.0,0.0,0.0,0.0,0.03,0,0,0,0,0,0,0,0,0,0,0,0,0,0,0,0,0,0,0,0,0
4.199274063110352,0.0,0.0,0.0,0.0,0.0,0.0,0.0,0.0,0.0,0.03,0,0,0,0,0,0,0,0,0,0,0,0,0,0,0,0,0,0,0,0,0
4.200398683547974,0.0,0.0,0.0,0.0,0.0,0.0,0.0,0.0,0.0,0.03,0,0,0,0,0,0,0,0,0,0,0,0,0,0,0,0,0,0,0,0,0
4.201635360717773,0.0,0.0,0.0,0.0,0.0,0.0,0.0,0.0,0.0,0.03,0,0,0,0,0,0,0,0,0,0,0,0,0,0,0,0,0,0,0,0,0
4.203831911087036,0.0,0.0,0.0,0.0,0.0,0.0,0.0,0.0,0.0,0.03,0,0,0,0,0,0,0,0,0,0,0,0,0,0,0,0,0,0,0,0,0
4.207741022109985,0.0,0.0,0.0,0.0,0.0,0.0,0.0,0.0,0.0,0.03,0,0,0,0,0,0,0,0,0,0,0,0,0,0,0,0,0,0,0,0,0
4.209176301956177,0.0,0.0,0.0,0.0,0.0,0.0,0.0,0.0,0.0,0.03,0,0,0,0,0,0,0,0,0,0,0,0,0,0,0,0,0,0,0,0,0
4.210346937179565,0.0,0.0,0.0,0.0,0.0,0.0,0.0,0.0,0.0,0.03,0,0,0,0,0,0,0,0,0,0,0,0,0,0,0,0,0,0,0,0,0
4.211439609527588,0.0,0.0,0.0,0.0,0.0,0.0,0.0,0.0,0.0,0.03,0,0,0,0,0,0,0,0,0,0,0,0,0,0,0,0,0,0,0,0,0
4.2128753662109375,0.0,0.0,0.0,0.0,0.0,0.0,0.0,0.0,0.0,0.03,0,0,0,0,0,0,0,0,0,0,0,0,0,0,0,0,0,0,0,0,0
4.2141828536987305,0.0,0.0,0.0,0.0,0.0,0.0,0.0,0.0,0.0,0.03,0,0,0,0,0,0,0,0,0,0,0,0,0,0,0,0,0,0,0,0,0
4.215531826019287,0.0,0.0,0.0,0.0,0.0,0.0,0.0,0.0,0.0,0.03,0,0,0,0,0,0,0,0,0,0,0,0,0,0,0,0,0,0,0,0,0
4.21672511100769,0.0,0.0,0.0,0.0,0.0,0.0,0.0,0.0,0.0,0.03,0,0,0,0,0,0,0,0,0,0,0,0,0,0,0,0,0,0,0,0,0
4.217874765396118,0.0,0.0,0.0,0.0,0.0,0.0,0.0,0.0,0.0,0.03,0,0,0,0,0,0,0,0,0,0,0,0,0,0,0,0,0,0,0,0,0
4.21906852722168,0.0,0.0,0.0,0.0,0.0,0.0,0.0,0.0,0.0,0.03,0,0,0,0,0,0,0,0,0,0,0,0,0,0,0,0,0,0,0,0,0
4.220249652862549,0.0,0.0,0.0,0.0,0.0,0.0,0.0,0.0,0.0,0.03,0,0,0,0,0,0,0,0,0,0,0,0,0,0,0,0,0,0,0,0,0
4.221350193023682,0.0,0.0,0.0,0.0,0.0,0.0,0.0,0.0,0.0,0.03,0,0,0,0,0,0,0,0,0,0,0,0,0,0,0,0,0,0,0,0,0
4.222435712814331,0.0,0.0,0.0,0.0,0.0,0.0,0.0,0.0,0.0,0.03,0,0,0,0,0,0,0,0,0,0,0,0,0,0,0,0,0,0,0,0,0
4.22428035736084,0.0,0.0,0.0,0.0,0.0,0.0,0.0,0.0,0.0,0.03,0,0,0,0,0,0,0,0,0,0,0,0,0,0,0,0,0,0,0,0,0
4.225906848907471,0.0,0.0,0.0,0.0,0.0,0.0,0.0,0.0,0.0,0.03,0,0,0,0,0,0,0,0,0,0,0,0,0,0,0,0,0,0,0,0,0
4.227740526199341,0.0,0.0,0.0,0.0,0.0,0.0,0.0,0.0,0.0,0.03,0,0,0,0,0,0,0,0,0,0,0,0,0,0,0,0,0,0,0,0,0
4.229038238525391,0.0,0.0,0.0,0.0,0.0,0.0,0.0,0.0,0.0,0.03,0,0,0,0,0,0,0,0,0,0,0,0,0,0,0,0,0,0,0,0,0
4.230150461196899,0.0,0.0,0.0,0.0,0.0,0.0,0.0,0.0,0.0,0.03,0,0,0,0,0,0,0,0,0,0,0,0,0,0,0,0,0,0,0,0,0
4.231411695480347,0.0,0.0,0.0,0.0,0.0,0.0,0.0,0.0,0.0,0.03,0,0,0,0,0,0,0,0,0,0,0,0,0,0,0,0,0,0,0,0,0
4.233403205871582,0.0,0.0,0.0,0.0,0.0,0.0,0.0,0.0,0.0,0.03,0,0,0,0,0,0,0,0,0,0,0,0,0,0,0,0,0,0,0,0,0
4.234689235687256,0.0,0.0,0.0,0.0,0.0,0.0,0.0,0.0,0.0,0.03,0,0,0,0,0,0,0,0,0,0,0,0,0,0,0,0,0,0,0,0,0
4.236311674118042,0.0,0.0,0.0,0.0,0.0,0.0,0.0,0.0,0.0,0.03,0,0,0,0,0,0,0,0,0,0,0,0,0,0,0,0,0,0,0,0,0
4.237454891204834,0.0,0.0,0.0,0.0,0.0,0.0,0.0,0.0,0.0,0.03,0,0,0,0,0,0,0,0,0,0,0,0,0,0,0,0,0,0,0,0,0
4.238547325134277,0.0,0.0,0.0,0.0,0.0,0.0,0.0,0.0,0.0,0.03,0,0,0,0,0,0,0,0,0,0,0,0,0,0,0,0,0,0,0,0,0
4.239631652832031,0.0,0.0,0.0,0.0,0.0,0.0,0.0,0.0,0.0,0.03,0,0,0,0,0,0,0,0,0,0,0,0,0,0,0,0,0,0,0,0,0
4.241006851196289,0.0,0.0,0.0,0.0,0.0,0.0,0.0,0.0,0.0,0.03,0,0,0,0,0,0,0,0,0,0,0,0,0,0,0,0,0,0,0,0,0
4.242079019546509,0.0,0.0,0.0,0.0,0.0,0.0,0.0,0.0,0.0,0.03,0,0,0,0,0,0,0,0,0,0,0,0,0,0,0,0,0,0,0,0,0
4.243395805358887,0.0,0.0,0.0,0.0,0.0,0.0,0.0,0.0,0.0,0.03,0,0,0,0,0,0,0,0,0,0,0,0,0,0,0,0,0,0,0,0,0
4.244853496551514,0.0,0.0,0.0,0.0,0.0,0.0,0.0,0.0,0.0,0.03,0,0,0,0,0,0,0,0,0,0,0,0,0,0,0,0,0,0,0,0,0
4.247145175933838,0.0,0.0,0.0,0.0,0.0,0.0,0.0,0.0,0.0,0.03,0,0,0,0,0,0,0,0,0,0,0,0,0,0,0,0,0,0,0,0,0
4.248750686645508,0.0,0.0,0.0,0.0,0.0,0.0,0.0,0.0,0.0,0.03,0,0,0,0,0,0,0,0,0,0,0,0,0,0,0,0,0,0,0,0,0
4.249958515167236,0.0,0.0,0.0,0.0,0.0,0.0,0.0,0.0,0.0,0.03,0,0,0,0,0,0,0,0,0,0,0,0,0,0,0,0,0,0,0,0,0
4.251110076904297,0.0,0.0,0.0,0.0,0.0,0.0,0.0,0.0,0.0,0.03,0,0,0,0,0,0,0,0,0,0,0,0,0,0,0,0,0,0,0,0,0
4.2524330615997314,0.0,0.0,0.0,0.0,0.0,0.0,0.0,0.0,0.0,0.03,0,0,0,0,0,0,0,0,0,0,0,0,0,0,0,0,0,0,0,0,0
4.2541749477386475,0.0,0.0,0.0,0.0,0.0,0.0,0.0,0.0,0.0,0.03,0,0,0,0,0,0,0,0,0,0,0,0,0,0,0,0,0,0,0,0,0
4.255398988723755,0.0,0.0,0.0,0.0,0.0,0.0,0.0,0.0,0.0,0.03,0,0,0,0,0,0,0,0,0,0,0,0,0,0,0,0,0,0,0,0,0
4.257683753967285,0.0,0.0,0.0,0.0,0.0,0.0,0.0,0.0,0.0,0.03,0,0,0,0,0,0,0,0,0,0,0,0,0,0,0,0,0,0,0,0,0
4.258998870849609,0.0,0.0,0.0,0.0,0.0,0.0,0.0,0.0,0.0,0.03,0,0,0,0,0,0,0,0,0,0,0,0,0,0,0,0,0,0,0,0,0
4.262429237365723,0.0,0.0,0.0,0.0,0.0,0.0,0.0,0.0,0.0,0.03,0,0,0,0,0,0,0,0,0,0,0,0,0,0,0,0,0,0,0,0,0
4.2644288539886475,0.0,0.0,0.0,0.0,0.0,0.0,0.0,0.0,0.0,0.03,0,0,0,0,0,0,0,0,0,0,0,0,0,0,0,0,0,0,0,0,0
4.266081094741821,0.0,0.0,0.0,0.0,0.0,0.0,0.0,0.0,0.0,0.03,0,0,0,0,0,0,0,0,0,0,0,0,0,0,0,0,0,0,0,0,0
4.267481327056885,0.0,0.0,0.0,0.0,0.0,0.0,0.0,0.0,0.0,0.03,0,0,0,0,0,0,0,0,0,0,0,0,0,0,0,0,0,0,0,0,0
4.269410848617554,0.0,0.0,0.0,0.0,0.0,0.0,0.0,0.0,0.0,0.03,0,0,0,0,0,0,0,0,0,0,0,0,0,0,0,0,0,0,0,0,0
4.270874738693237,0.0,0.0,0.0,0.0,0.0,0.0,0.0,0.0,0.0,0.03,0,0,0,0,0,0,0,0,0,0,0,0,0,0,0,0,0,0,0,0,0
4.2723939418792725,0.0,0.0,0.0,0.0,0.0,0.0,0.0,0.0,0.0,0.03,0,0,0,0,0,0,0,0,0,0,0,0,0,0,0,0,0,0,0,0,0
4.273487567901611,0.0,0.0,0.0,0.0,0.0,0.0,0.0,0.0,0.0,0.03,0,0,0,0,0,0,0,0,0,0,0,0,0,0,0,0,0,0,0,0,0
4.274847984313965,0.0,0.0,0.0,0.0,0.0,0.0,0.0,0.0,0.0,0.03,0,0,0,0,0,0,0,0,0,0,0,0,0,0,0,0,0,0,0,0,0
4.275959491729736,0.0,0.0,0.0,0.0,0.0,0.0,0.0,0.0,0.0,0.03,0,0,0,0,0,0,0,0,0,0,0,0,0,0,0,0,0,0,0,0,0
4.277603387832642,0.0,0.0,0.0,0.0,0.0,0.0,0.0,0.0,0.0,0.03,0,0,0,0,0,0,0,0,0,0,0,0,0,0,0,0,0,0,0,0,0
4.279213905334473,0.0,0.0,0.0,0.0,0.0,0.0,0.0,0.0,0.0,0.03,0,0,0,0,0,0,0,0,0,0,0,0,0,0,0,0,0,0,0,0,0
4.280349016189575,0.0,0.0,0.0,0.0,0.0,0.0,0.0,0.0,0.0,0.03,0,0,0,0,0,0,0,0,0,0,0,0,0,0,0,0,0,0,0,0,0
4.281447887420654,0.0,0.0,0.0,0.0,0.0,0.0,0.0,0.0,0.0,0.03,0,0,0,0,0,0,0,0,0,0,0,0,0,0,0,0,0,0,0,0,0
4.283032417297363,0.0,0.0,0.0,0.0,0.0,0.0,0.0,0.0,0.0,0.03,0,0,0,0,0,0,0,0,0,0,0,0,0,0,0,0,0,0,0,0,0
4.284130811691284,0.0,0.0,0.0,0.0,0.0,0.0,0.0,0.0,0.0,0.03,0,0,0,0,0,0,0,0,0,0,0,0,0,0,0,0,0,0,0,0,0
4.285832405090332,0.0,0.0,0.0,0.0,0.0,0.0,0.0,0.0,0.0,0.03,0,0,0,0,0,0,0,0,0,0,0,0,0,0,0,0,0,0,0,0,0
4.287513732910156,0.0,0.0,0.0,0.0,0.0,0.0,0.0,0.0,0.0,0.03,0,0,0,0,0,0,0,0,0,0,0,0,0,0,0,0,0,0,0,0,0
4.29004168510437,0.0,0.0,0.0,0.0,0.0,0.0,0.0,0.0,0.0,0.03,0,0,0,0,0,0,0,0,0,0,0,0,0,0,0,0,0,0,0,0,0
4.291439533233643,0.0,0.0,0.0,0.0,0.0,0.0,0.0,0.0,0.0,0.03,0,0,0,0,0,0,0,0,0,0,0,0,0,0,0,0,0,0,0,0,0
4.292700290679932,0.0,0.0,0.0,0.0,0.0,0.0,0.0,0.0,0.0,0.03,0,0,0,0,0,0,0,0,0,0,0,0,0,0,0,0,0,0,0,0,0
4.293887138366699,0.0,0.0,0.0,0.0,0.0,0.0,0.0,0.0,0.0,0.03,0,0,0,0,0,0,0,0,0,0,0,0,0,0,0,0,0,0,0,0,0
4.294978380203247,0.0,0.0,0.0,0.0,0.0,0.0,0.0,0.0,0.0,0.03,0,0,0,0,0,0,0,0,0,0,0,0,0,0,0,0,0,0,0,0,0
4.296208620071411,0.0,0.0,0.0,0.0,0.0,0.0,0.0,0.0,0.0,0.03,0,0,0,0,0,0,0,0,0,0,0,0,0,0,0,0,0,0,0,0,0
4.298467636108398,0.0,0.0,0.0,0.0,0.0,0.0,0.0,0.0,0.0,0.03,0,0,0,0,0,0,0,0,0,0,0,0,0,0,0,0,0,0,0,0,0
4.299619674682617,0.0,0.0,0.0,0.0,0.0,0.0,0.0,0.0,0.0,0.03,0,0,0,0,0,0,0,0,0,0,0,0,0,0,0,0,0,0,0,0,0
4.300769805908203,0.0,0.0,0.0,0.0,0.0,0.0,0.0,0.0,0.0,0.03,0,0,0,0,0,0,0,0,0,0,0,0,0,0,0,0,0,0,0,0,0
4.301872730255127,0.0,0.0,0.0,0.0,0.0,0.0,0.0,0.0,0.0,0.03,0,0,0,0,0,0,0,0,0,0,0,0,0,0,0,0,0,0,0,0,0
4.303125619888306,0.0,0.0,0.0,0.0,0.0,0.0,0.0,0.0,0.0,0.03,0,0,0,0,0,0,0,0,0,0,0,0,0,0,0,0,0,0,0,0,0
4.304667711257935,0.0,0.0,0.0,0.0,0.0,0.0,0.0,0.0,0.0,0.03,0,0,0,0,0,0,0,0,0,0,0,0,0,0,0,0,0,0,0,0,0
4.306172132492065,0.0,0.0,0.0,0.0,0.0,0.0,0.0,0.0,0.0,0.03,0,0,0,0,0,0,0,0,0,0,0,0,0,0,0,0,0,0,0,0,0
4.308632135391235,0.0,0.0,0.0,0.0,0.0,0.0,0.0,0.0,0.0,0.03,0,0,0,0,0,0,0,0,0,0,0,0,0,0,0,0,0,0,0,0,0
4.309737682342529,0.0,0.0,0.0,0.0,0.0,0.0,0.0,0.0,0.0,0.03,0,0,0,0,0,0,0,0,0,0,0,0,0,0,0,0,0,0,0,0,0
4.310821056365967,0.0,0.0,0.0,0.0,0.0,0.0,0.0,0.0,0.0,0.03,0,0,0,0,0,0,0,0,0,0,0,0,0,0,0,0,0,0,0,0,0
4.3124682903289795,0.0,0.0,0.0,0.0,0.0,0.0,0.0,0.0,0.0,0.03,0,0,0,0,0,0,0,0,0,0,0,0,0,0,0,0,0,0,0,0,0
4.314472436904907,0.0,0.0,0.0,0.0,0.0,0.0,0.0,0.0,0.0,0.03,0,0,0,0,0,0,0,0,0,0,0,0,0,0,0,0,0,0,0,0,0
4.315682888031006,0.0,0.0,0.0,0.0,0.0,0.0,0.0,0.0,0.0,0.03,0,0,0,0,0,0,0,0,0,0,0,0,0,0,0,0,0,0,0,0,0
4.316899061203003,0.0,0.0,0.0,0.0,0.0,0.0,0.0,0.0,0.0,0.03,0,0,0,0,0,0,0,0,0,0,0,0,0,0,0,0,0,0,0,0,0
4.317970275878906,0.0,0.0,0.0,0.0,0.0,0.0,0.0,0.0,0.0,0.03,0,0,0,0,0,0,0,0,0,0,0,0,0,0,0,0,0,0,0,0,0
4.319064378738403,0.0,0.0,0.0,0.0,0.0,0.0,0.0,0.0,0.0,0.03,0,0,0,0,0,0,0,0,0,0,0,0,0,0,0,0,0,0,0,0,0
4.321240663528442,0.0,0.0,0.0,0.0,0.0,0.0,0.0,0.0,0.0,0.03,0,0,0,0,0,0,0,0,0,0,0,0,0,0,0,0,0,0,0,0,0
4.322667837142944,0.0,0.0,0.0,0.0,0.0,0.0,0.0,0.0,0.0,0.03,0,0,0,0,0,0,0,0,0,0,0,0,0,0,0,0,0,0,0,0,0
4.323979616165161,0.0,0.0,0.0,0.0,0.0,0.0,0.0,0.0,0.0,0.03,0,0,0,0,0,0,0,0,0,0,0,0,0,0,0,0,0,0,0,0,0
4.3254454135894775,0.0,0.0,0.0,0.0,0.0,0.0,0.0,0.0,0.0,0.03,0,0,0,0,0,0,0,0,0,0,0,0,0,0,0,0,0,0,0,0,0
4.326568841934204,0.0,0.0,0.0,0.0,0.0,0.0,0.0,0.0,0.0,0.03,0,0,0,0,0,0,0,0,0,0,0,0,0,0,0,0,0,0,0,0,0
4.329067230224609,0.0,0.0,0.0,0.0,0.0,0.0,0.0,0.0,0.0,0.03,0,0,0,0,0,0,0,0,0,0,0,0,0,0,0,0,0,0,0,0,0
4.330534934997559,0.0,0.0,0.0,0.0,0.0,0.0,0.0,0.0,0.0,0.03,0,0,0,0,0,0,0,0,0,0,0,0,0,0,0,0,0,0,0,0,0
4.331657886505127,0.0,0.0,0.0,0.0,0.0,0.0,0.0,0.0,0.0,0.03,0,0,0,0,0,0,0,0,0,0,0,0,0,0,0,0,0,0,0,0,0
4.3340349197387695,0.0,0.0,0.0,0.0,0.0,0.0,0.0,0.0,0.0,0.03,0,0,0,0,0,0,0,0,0,0,0,0,0,0,0,0,0,0,0,0,0
4.335295915603638,0.0,0.0,0.0,0.0,0.0,0.0,0.0,0.0,0.0,0.03,0,0,0,0,0,0,0,0,0,0,0,0,0,0,0,0,0,0,0,0,0
4.336700201034546,0.0,0.0,0.0,0.0,0.0,0.0,0.0,0.0,0.0,0.03,0,0,0,0,0,0,0,0,0,0,0,0,0,0,0,0,0,0,0,0,0
4.33780574798584,0.0,0.0,0.0,0.0,0.0,0.0,0.0,0.0,0.0,0.03,0,0,0,0,0,0,0,0,0,0,0,0,0,0,0,0,0,0,0,0,0
4.3389060497283936,0.0,0.0,0.0,0.0,0.0,0.0,0.0,0.0,0.0,0.03,0,0,0,0,0,0,0,0,0,0,0,0,0,0,0,0,0,0,0,0,0
4.339996337890625,0.0,0.0,0.0,0.0,0.0,0.0,0.0,0.0,0.0,0.03,0,0,0,0,0,0,0,0,0,0,0,0,0,0,0,0,0,0,0,0,0
4.341088533401489,0.0,0.0,0.0,0.0,0.0,0.0,0.0,0.0,0.0,0.03,0,0,0,0,0,0,0,0,0,0,0,0,0,0,0,0,0,0,0,0,0
4.342446565628052,0.0,0.0,0.0,0.0,0.0,0.0,0.0,0.0,0.0,0.03,0,0,0,0,0,0,0,0,0,0,0,0,0,0,0,0,0,0,0,0,0
4.3435938358306885,0.0,0.0,0.0,0.0,0.0,0.0,0.0,0.0,0.0,0.03,0,0,0,0,0,0,0,0,0,0,0,0,0,0,0,0,0,0,0,0,0
4.3447182178497314,0.0,0.0,0.0,0.0,0.0,0.0,0.0,0.0,0.0,0.03,0,0,0,0,0,0,0,0,0,0,0,0,0,0,0,0,0,0,0,0,0
4.346593618392944,0.0,0.0,0.0,0.0,0.0,0.0,0.0,0.0,0.0,0.03,0,0,0,0,0,0,0,0,0,0,0,0,0,0,0,0,0,0,0,0,0
4.348129034042358,0.0,0.0,0.0,0.0,0.0,0.0,0.0,0.0,0.0,0.03,0,0,0,0,0,0,0,0,0,0,0,0,0,0,0,0,0,0,0,0,0
4.350046396255493,0.0,0.0,0.0,0.0,0.0,0.0,0.0,0.0,0.0,0.03,0,0,0,0,0,0,0,0,0,0,0,0,0,0,0,0,0,0,0,0,0
4.351202011108398,0.0,0.0,0.0,0.0,0.0,0.0,0.0,0.0,0.0,0.03,0,0,0,0,0,0,0,0,0,0,0,0,0,0,0,0,0,0,0,0,0
4.352322816848755,0.0,0.0,0.0,0.0,0.0,0.0,0.0,0.0,0.0,0.03,0,0,0,0,0,0,0,0,0,0,0,0,0,0,0,0,0,0,0,0,0
4.35365629196167,0.0,0.0,0.0,0.0,0.0,0.0,0.0,0.0,0.0,0.03,0,0,0,0,0,0,0,0,0,0,0,0,0,0,0,0,0,0,0,0,0
4.355297327041626,0.0,0.0,0.0,0.0,0.0,0.0,0.0,0.0,0.0,0.03,0,0,0,0,0,0,0,0,0,0,0,0,0,0,0,0,0,0,0,0,0
4.35655665397644,0.0,0.0,0.0,0.0,0.0,0.0,0.0,0.0,0.0,0.03,0,0,0,0,0,0,0,0,0,0,0,0,0,0,0,0,0,0,0,0,0
4.35764479637146,0.0,0.0,0.0,0.0,0.0,0.0,0.0,0.0,0.0,0.03,0,0,0,0,0,0,0,0,0,0,0,0,0,0,0,0,0,0,0,0,0
4.3589863777160645,0.0,0.0,0.0,0.0,0.0,0.0,0.0,0.0,0.0,0.03,0,0,0,0,0,0,0,0,0,0,0,0,0,0,0,0,0,0,0,0,0
4.360075950622559,0.0,0.0,0.0,0.0,0.0,0.0,0.0,0.0,0.0,0.03,0,0,0,0,0,0,0,0,0,0,0,0,0,0,0,0,0,0,0,0,0
4.361191034317017,0.0,0.0,0.0,0.0,0.0,0.0,0.0,0.0,0.0,0.03,0,0,0,0,0,0,0,0,0,0,0,0,0,0,0,0,0,0,0,0,0
4.3623058795928955,0.0,0.0,0.0,0.0,0.0,0.0,0.0,0.0,0.0,0.03,0,0,0,0,0,0,0,0,0,0,0,0,0,0,0,0,0,0,0,0,0
4.3635218143463135,0.0,0.0,0.0,0.0,0.0,0.0,0.0,0.0,0.0,0.03,0,0,0,0,0,0,0,0,0,0,0,0,0,0,0,0,0,0,0,0,0
4.3652074337005615,0.0,0.0,0.0,0.0,0.0,0.0,0.0,0.0,0.0,0.03,0,0,0,0,0,0,0,0,0,0,0,0,0,0,0,0,0,0,0,0,0
4.366695165634155,0.0,0.0,0.0,0.0,0.0,0.0,0.0,0.0,0.0,0.03,0,0,0,0,0,0,0,0,0,0,0,0,0,0,0,0,0,0,0,0,0
4.369556665420532,0.0,0.0,0.0,0.0,0.0,0.0,0.0,0.0,0.0,0.03,0,0,0,0,0,0,0,0,0,0,0,0,0,0,0,0,0,0,0,0,0
4.370661735534668,0.0,0.0,0.0,0.0,0.0,0.0,0.0,0.0,0.0,0.03,0,0,0,0,0,0,0,0,0,0,0,0,0,0,0,0,0,0,0,0,0
4.372041940689087,0.0,0.0,0.0,0.0,0.0,0.0,0.0,0.0,0.0,0.03,0,0,0,0,0,0,0,0,0,0,0,0,0,0,0,0,0,0,0,0,0
4.373689889907837,0.0,0.0,0.0,0.0,0.0,0.0,0.0,0.0,0.0,0.03,0,0,0,0,0,0,0,0,0,0,0,0,0,0,0,0,0,0,0,0,0
4.37497615814209,0.0,0.0,0.0,0.0,0.0,0.0,0.0,0.0,0.0,0.03,0,0,0,0,0,0,0,0,0,0,0,0,0,0,0,0,0,0,0,0,0
4.376158237457275,0.0,0.0,0.0,0.0,0.0,0.0,0.0,0.0,0.0,0.03,0,0,0,0,0,0,0,0,0,0,0,0,0,0,0,0,0,0,0,0,0
4.377746820449829,0.0,0.0,0.0,0.0,0.0,0.0,0.0,0.0,0.0,0.03,0,0,0,0,0,0,0,0,0,0,0,0,0,0,0,0,0,0,0,0,0
4.379001617431641,0.0,0.0,0.0,0.0,0.0,0.0,0.0,0.0,0.0,0.03,0,0,0,0,0,0,0,0,0,0,0,0,0,0,0,0,0,0,0,0,0
4.38008713722229,0.0,0.0,0.0,0.0,0.0,0.0,0.0,0.0,0.0,0.03,0,0,0,0,0,0,0,0,0,0,0,0,0,0,0,0,0,0,0,0,0
4.382633924484253,0.0,0.0,0.0,0.0,0.0,0.0,0.0,0.0,0.0,0.03,0,0,0,0,0,0,0,0,0,0,0,0,0,0,0,0,0,0,0,0,0
4.384264707565308,0.0,0.0,0.0,0.0,0.0,0.0,0.0,0.0,0.0,0.03,0,0,0,0,0,0,0,0,0,0,0,0,0,0,0,0,0,0,0,0,0
4.385673522949219,0.0,0.0,0.0,0.0,0.0,0.0,0.0,0.0,0.0,0.03,0,0,0,0,0,0,0,0,0,0,0,0,0,0,0,0,0,0,0,0,0
4.387459754943848,0.0,0.0,0.0,0.0,0.0,0.0,0.0,0.0,0.0,0.03,0,0,0,0,0,0,0,0,0,0,0,0,0,0,0,0,0,0,0,0,0
4.3892388343811035,0.0,0.0,0.0,0.0,0.0,0.0,0.0,0.0,0.0,0.03,0,0,0,0,0,0,0,0,0,0,0,0,0,0,0,0,0,0,0,0,0
4.3906190395355225,0.0,0.0,0.0,0.0,0.0,0.0,0.0,0.0,0.0,0.03,0,0,0,0,0,0,0,0,0,0,0,0,0,0,0,0,0,0,0,0,0
4.392617225646973,0.0,0.0,0.0,0.0,0.0,0.0,0.0,0.0,0.0,0.03,0,0,0,0,0,0,0,0,0,0,0,0,0,0,0,0,0,0,0,0,0
4.3939385414123535,0.0,0.0,0.0,0.0,0.0,0.0,0.0,0.0,0.0,0.03,0,0,0,0,0,0,0,0,0,0,0,0,0,0,0,0,0,0,0,0,0
4.3950700759887695,0.0,0.0,0.0,0.0,0.0,0.0,0.0,0.0,0.0,0.03,0,0,0,0,0,0,0,0,0,0,0,0,0,0,0,0,0,0,0,0,0
4.396830320358276,0.0,0.0,0.0,0.0,0.0,0.0,0.0,0.0,0.0,0.03,0,0,0,0,0,0,0,0,0,0,0,0,0,0,0,0,0,0,0,0,0
4.398259162902832,0.0,0.0,0.0,0.0,0.0,0.0,0.0,0.0,0.0,0.03,0,0,0,0,0,0,0,0,0,0,0,0,0,0,0,0,0,0,0,0,0
4.3994176387786865,0.0,0.0,0.0,0.0,0.0,0.0,0.0,0.0,0.0,0.03,0,0,0,0,0,0,0,0,0,0,0,0,0,0,0,0,0,0,0,0,0
4.400501012802124,0.0,0.0,0.0,0.0,0.0,0.0,0.0,0.0,0.0,0.03,0,0,0,0,0,0,0,0,0,0,0,0,0,0,0,0,0,0,0,0,0
4.401703357696533,0.0,0.0,0.0,0.0,0.0,0.0,0.0,0.0,0.0,0.03,0,0,0,0,0,0,0,0,0,0,0,0,0,0,0,0,0,0,0,0,0
4.402813196182251,0.0,0.0,0.0,0.0,0.0,0.0,0.0,0.0,0.0,0.03,0,0,0,0,0,0,0,0,0,0,0,0,0,0,0,0,0,0,0,0,0
4.403972387313843,0.0,0.0,0.0,0.0,0.0,0.0,0.0,0.0,0.0,0.03,0,0,0,0,0,0,0,0,0,0,0,0,0,0,0,0,0,0,0,0,0
4.40565299987793,0.0,0.0,0.0,0.0,0.0,0.0,0.0,0.0,0.0,0.03,0,0,0,0,0,0,0,0,0,0,0,0,0,0,0,0,0,0,0,0,0
4.407380819320679,0.0,0.0,0.0,0.0,0.0,0.0,0.0,0.0,0.0,0.03,0,0,0,0,0,0,0,0,0,0,0,0,0,0,0,0,0,0,0,0,0
4.410613059997559,0.0,0.0,0.0,0.0,0.0,0.0,0.0,0.0,0.0,0.03,0,0,0,0,0,0,0,0,0,0,0,0,0,0,0,0,0,0,0,0,0
4.411778211593628,0.0,0.0,0.0,0.0,0.0,0.0,0.0,0.0,0.0,0.03,0,0,0,0,0,0,0,0,0,0,0,0,0,0,0,0,0,0,0,0,0
4.413081645965576,0.0,0.0,0.0,0.0,0.0,0.0,0.0,0.0,0.0,0.03,0,0,0,0,0,0,0,0,0,0,0,0,0,0,0,0,0,0,0,0,0
4.4143452644348145,0.0,0.0,0.0,0.0,0.0,0.0,0.0,0.0,0.0,0.03,0,0,0,0,0,0,0,0,0,0,0,0,0,0,0,0,0,0,0,0,0
4.415621280670166,0.0,0.0,0.0,0.0,0.0,0.0,0.0,0.0,0.0,0.03,0,0,0,0,0,0,0,0,0,0,0,0,0,0,0,0,0,0,0,0,0
4.416938066482544,0.0,0.0,0.0,0.0,0.0,0.0,0.0,0.0,0.0,0.03,0,0,0,0,0,0,0,0,0,0,0,0,0,0,0,0,0,0,0,0,0
4.418064594268799,0.0,0.0,0.0,0.0,0.0,0.0,0.0,0.0,0.0,0.03,0,0,0,0,0,0,0,0,0,0,0,0,0,0,0,0,0,0,0,0,0
4.419645547866821,0.0,0.0,0.0,0.0,0.0,0.0,0.0,0.0,0.0,0.03,0,0,0,0,0,0,0,0,0,0,0,0,0,0,0,0,0,0,0,0,0
4.420742988586426,0.0,0.0,0.0,0.0,0.0,0.0,0.0,0.0,0.0,0.03,0,0,0,0,0,0,0,0,0,0,0,0,0,0,0,0,0,0,0,0,0
4.421965837478638,0.0,0.0,0.0,0.0,0.0,0.0,0.0,0.0,0.0,0.03,0,0,0,0,0,0,0,0,0,0,0,0,0,0,0,0,0,0,0,0,0
4.4231202602386475,0.0,0.0,0.0,0.0,0.0,0.0,0.0,0.0,0.0,0.03,0,0,0,0,0,0,0,0,0,0,0,0,0,0,0,0,0,0,0,0,0
4.424289226531982,0.0,0.0,0.0,0.0,0.0,0.0,0.0,0.0,0.0,0.03,0,0,0,0,0,0,0,0,0,0,0,0,0,0,0,0,0,0,0,0,0
4.425961017608643,0.0,0.0,0.0,0.0,0.0,0.0,0.0,0.0,0.0,0.03,0,0,0,0,0,0,0,0,0,0,0,0,0,0,0,0,0,0,0,0,0
4.427095651626587,0.0,0.0,0.0,0.0,0.0,0.0,0.0,0.0,0.0,0.03,0,0,0,0,0,0,0,0,0,0,0,0,0,0,0,0,0,0,0,0,0
4.4283881187438965,0.0,0.0,0.0,0.0,0.0,0.0,0.0,0.0,0.0,0.03,0,0,0,0,0,0,0,0,0,0,0,0,0,0,0,0,0,0,0,0,0
4.430770397186279,0.0,0.0,0.0,0.0,0.0,0.0,0.0,0.0,0.0,0.03,0,0,0,0,0,0,0,0,0,0,0,0,0,0,0,0,0,0,0,0,0
4.432112693786621,0.0,0.0,0.0,0.0,0.0,0.0,0.0,0.0,0.0,0.03,0,0,0,0,0,0,0,0,0,0,0,0,0,0,0,0,0,0,0,0,0
4.433282375335693,0.0,0.0,0.0,0.0,0.0,0.0,0.0,0.0,0.0,0.03,0,0,0,0,0,0,0,0,0,0,0,0,0,0,0,0,0,0,0,0,0
4.4343812465667725,0.0,0.0,0.0,0.0,0.0,0.0,0.0,0.0,0.0,0.03,0,0,0,0,0,0,0,0,0,0,0,0,0,0,0,0,0,0,0,0,0
4.435490131378174,0.0,0.0,0.0,0.0,0.0,0.0,0.0,0.0,0.0,0.03,0,0,0,0,0,0,0,0,0,0,0,0,0,0,0,0,0,0,0,0,0
4.436835289001465,0.0,0.0,0.0,0.0,0.0,0.0,0.0,0.0,0.0,0.03,0,0,0,0,0,0,0,0,0,0,0,0,0,0,0,0,0,0,0,0,0
4.437949895858765,0.0,0.0,0.0,0.0,0.0,0.0,0.0,0.0,0.0,0.03,0,0,0,0,0,0,0,0,0,0,0,0,0,0,0,0,0,0,0,0,0
4.4393510818481445,0.0,0.0,0.0,0.0,0.0,0.0,0.0,0.0,0.0,0.03,0,0,0,0,0,0,0,0,0,0,0,0,0,0,0,0,0,0,0,0,0
4.440410614013672,0.0,0.0,0.0,0.0,0.0,0.0,0.0,0.0,0.0,0.03,0,0,0,0,0,0,0,0,0,0,0,0,0,0,0,0,0,0,0,0,0
4.4417853355407715,0.0,0.0,0.0,0.0,0.0,0.0,0.0,0.0,0.0,0.03,0,0,0,0,0,0,0,0,0,0,0,0,0,0,0,0,0,0,0,0,0
4.445412635803223,0.0,0.0,0.0,0.0,0.0,0.0,0.0,0.0,0.0,0.03,0,0,0,0,0,0,0,0,0,0,0,0,0,0,0,0,0,0,0,0,0
4.449187278747559,0.0,0.0,0.0,0.0,0.0,0.0,0.0,0.0,0.0,0.03,0,0,0,0,0,0,0,0,0,0,0,0,0,0,0,0,0,0,0,0,0
4.451176166534424,0.0,0.0,0.0,0.0,0.0,0.0,0.0,0.0,0.0,0.03,0,0,0,0,0,0,0,0,0,0,0,0,0,0,0,0,0,0,0,0,0
4.4523069858551025,0.0,0.0,0.0,0.0,0.0,0.0,0.0,0.0,0.0,0.03,0,0,0,0,0,0,0,0,0,0,0,0,0,0,0,0,0,0,0,0,0
4.4535744190216064,0.0,0.0,0.0,0.0,0.0,0.0,0.0,0.0,0.0,0.03,0,0,0,0,0,0,0,0,0,0,0,0,0,0,0,0,0,0,0,0,0
4.455226182937622,0.0,0.0,0.0,0.0,0.0,0.0,0.0,0.0,0.0,0.03,0,0,0,0,0,0,0,0,0,0,0,0,0,0,0,0,0,0,0,0,0
4.4566733837127686,0.0,0.0,0.0,0.0,0.0,0.0,0.0,0.0,0.0,0.03,0,0,0,0,0,0,0,0,0,0,0,0,0,0,0,0,0,0,0,0,0
4.457777738571167,0.0,0.0,0.0,0.0,0.0,0.0,0.0,0.0,0.0,0.03,0,0,0,0,0,0,0,0,0,0,0,0,0,0,0,0,0,0,0,0,0
4.460118770599365,0.0,0.0,0.0,0.0,0.0,0.0,0.0,0.0,0.0,0.03,0,0,0,0,0,0,0,0,0,0,0,0,0,0,0,0,0,0,0,0,0
4.46122932434082,0.0,0.0,0.0,0.0,0.0,0.0,0.0,0.0,0.0,0.03,0,0,0,0,0,0,0,0,0,0,0,0,0,0,0,0,0,0,0,0,0
4.462453126907349,0.0,0.0,0.0,0.0,0.0,0.0,0.0,0.0,0.0,0.03,0,0,0,0,0,0,0,0,0,0,0,0,0,0,0,0,0,0,0,0,0
4.463663578033447,0.0,0.0,0.0,0.0,0.0,0.0,0.0,0.0,0.0,0.03,0,0,0,0,0,0,0,0,0,0,0,0,0,0,0,0,0,0,0,0,0
4.464753866195679,0.0,0.0,0.0,0.0,0.0,0.0,0.0,0.0,0.0,0.03,0,0,0,0,0,0,0,0,0,0,0,0,0,0,0,0,0,0,0,0,0
4.4658732414245605,0.0,0.0,0.0,0.0,0.0,0.0,0.0,0.0,0.0,0.03,0,0,0,0,0,0,0,0,0,0,0,0,0,0,0,0,0,0,0,0,0
4.4672276973724365,0.0,0.0,0.0,0.0,0.0,0.0,0.0,0.0,0.0,0.03,0,0,0,0,0,0,0,0,0,0,0,0,0,0,0,0,0,0,0,0,0
4.468337774276733,0.0,0.0,0.0,0.0,0.0,0.0,0.0,0.0,0.0,0.03,0,0,0,0,0,0,0,0,0,0,0,0,0,0,0,0,0,0,0,0,0
4.470151662826538,0.0,0.0,0.0,0.0,0.0,0.0,0.0,0.0,0.0,0.03,0,0,0,0,0,0,0,0,0,0,0,0,0,0,0,0,0,0,0,0,0
4.472755670547485,0.0,0.0,0.0,0.0,0.0,0.0,0.0,0.0,0.0,0.03,0,0,0,0,0,0,0,0,0,0,0,0,0,0,0,0,0,0,0,0,0
4.473904132843018,0.0,0.0,0.0,0.0,0.0,0.0,0.0,0.0,0.0,0.03,0,0,0,0,0,0,0,0,0,0,0,0,0,0,0,0,0,0,0,0,0
4.475175380706787,0.0,0.0,0.0,0.0,0.0,0.0,0.0,0.0,0.0,0.03,0,0,0,0,0,0,0,0,0,0,0,0,0,0,0,0,0,0,0,0,0
4.476819038391113,0.0,0.0,0.0,0.0,0.0,0.0,0.0,0.0,0.0,0.03,0,0,0,0,0,0,0,0,0,0,0,0,0,0,0,0,0,0,0,0,0
4.478260517120361,0.0,0.0,0.0,0.0,0.0,0.0,0.0,0.0,0.0,0.03,0,0,0,0,0,0,0,0,0,0,0,0,0,0,0,0,0,0,0,0,0
4.4795238971710205,0.0,0.0,0.0,0.0,0.0,0.0,0.0,0.0,0.0,0.03,0,0,0,0,0,0,0,0,0,0,0,0,0,0,0,0,0,0,0,0,0
4.481466054916382,0.0,0.0,0.0,0.0,0.0,0.0,0.0,0.0,0.0,0.03,0,0,0,0,0,0,0,0,0,0,0,0,0,0,0,0,0,0,0,0,0
4.482977390289307,0.0,0.0,0.0,0.0,0.0,0.0,0.0,0.0,0.0,0.03,0,0,0,0,0,0,0,0,0,0,0,0,0,0,0,0,0,0,0,0,0
4.484153509140015,0.0,0.0,0.0,0.0,0.0,0.0,0.0,0.0,0.0,0.03,0,0,0,0,0,0,0,0,0,0,0,0,0,0,0,0,0,0,0,0,0
4.485297203063965,0.0,0.0,0.0,0.0,0.0,0.0,0.0,0.0,0.0,0.03,0,0,0,0,0,0,0,0,0,0,0,0,0,0,0,0,0,0,0,0,0
4.486554861068726,0.0,0.0,0.0,0.0,0.0,0.0,0.0,0.0,0.0,0.03,0,0,0,0,0,0,0,0,0,0,0,0,0,0,0,0,0,0,0,0,0
4.488262414932251,0.0,0.0,0.0,0.0,0.0,0.0,0.0,0.0,0.0,0.03,0,0,0,0,0,0,0,0,0,0,0,0,0,0,0,0,0,0,0,0,0
4.490598201751709,0.0,0.0,0.0,0.0,0.0,0.0,0.0,0.0,0.0,0.03,0,0,0,0,0,0,0,0,0,0,0,0,0,0,0,0,0,0,0,0,0
4.492778301239014,0.0,0.0,0.0,0.0,0.0,0.0,0.0,0.0,0.0,0.03,0,0,0,0,0,0,0,0,0,0,0,0,0,0,0,0,0,0,0,0,0
4.4939422607421875,0.0,0.0,0.0,0.0,0.0,0.0,0.0,0.0,0.0,0.03,0,0,0,0,0,0,0,0,0,0,0,0,0,0,0,0,0,0,0,0,0
4.49503755569458,0.0,0.0,0.0,0.0,0.0,0.0,0.0,0.0,0.0,0.03,0,0,0,0,0,0,0,0,0,0,0,0,0,0,0,0,0,0,0,0,0
4.497070074081421,0.0,0.0,0.0,0.0,0.0,0.0,0.0,0.0,0.0,0.03,0,0,0,0,0,0,0,0,0,0,0,0,0,0,0,0,0,0,0,0,0
4.49837851524353,0.0,0.0,0.0,0.0,0.0,0.0,0.0,0.0,0.0,0.03,0,0,0,0,0,0,0,0,0,0,0,0,0,0,0,0,0,0,0,0,0
4.499648094177246,0.0,0.0,0.0,0.0,0.0,0.0,0.0,0.0,0.0,0.03,0,0,0,0,0,0,0,0,0,0,0,0,0,0,0,0,0,0,0,0,0
4.502403974533081,0.0,0.0,0.0,0.0,0.0,0.0,0.0,0.0,0.0,0.03,0,0,0,0,0,0,0,0,0,0,0,0,0,0,0,0,0,0,0,0,0
4.503615617752075,0.0,0.0,0.0,0.0,0.0,0.0,0.0,0.0,0.0,0.03,0,0,0,0,0,0,0,0,0,0,0,0,0,0,0,0,0,0,0,0,0
4.5067079067230225,0.0,0.0,0.0,0.0,0.0,0.0,0.0,0.0,0.0,0.03,0,0,0,0,0,0,0,0,0,0,0,0,0,0,0,0,0,0,0,0,0
4.5086095333099365,0.0,0.0,0.0,0.0,0.0,0.0,0.0,0.0,0.0,0.03,0,0,0,0,0,0,0,0,0,0,0,0,0,0,0,0,0,0,0,0,0
4.50991415977478,0.0,0.0,0.0,0.0,0.0,0.0,0.0,0.0,0.0,0.03,0,0,0,0,0,0,0,0,0,0,0,0,0,0,0,0,0,0,0,0,0
4.5122010707855225,0.0,0.0,0.0,0.0,0.0,0.0,0.0,0.0,0.0,0.03,0,0,0,0,0,0,0,0,0,0,0,0,0,0,0,0,0,0,0,0,0
4.513394355773926,0.0,0.0,0.0,0.0,0.0,0.0,0.0,0.0,0.0,0.03,0,0,0,0,0,0,0,0,0,0,0,0,0,0,0,0,0,0,0,0,0
4.514761447906494,0.0,0.0,0.0,0.0,0.0,0.0,0.0,0.0,0.0,0.03,0,0,0,0,0,0,0,0,0,0,0,0,0,0,0,0,0,0,0,0,0
4.516135215759277,0.0,0.0,0.0,0.0,0.0,0.0,0.0,0.0,0.0,0.03,0,0,0,0,0,0,0,0,0,0,0,0,0,0,0,0,0,0,0,0,0
4.517895698547363,0.0,0.0,0.0,0.0,0.0,0.0,0.0,0.0,0.0,0.03,0,0,0,0,0,0,0,0,0,0,0,0,0,0,0,0,0,0,0,0,0
4.519234895706177,0.0,0.0,0.0,0.0,0.0,0.0,0.0,0.0,0.0,0.03,0,0,0,0,0,0,0,0,0,0,0,0,0,0,0,0,0,0,0,0,0
4.520349740982056,0.0,0.0,0.0,0.0,0.0,0.0,0.0,0.0,0.0,0.03,0,0,0,0,0,0,0,0,0,0,0,0,0,0,0,0,0,0,0,0,0
4.521568775177002,0.0,0.0,0.0,0.0,0.0,0.0,0.0,0.0,0.0,0.03,0,0,0,0,0,0,0,0,0,0,0,0,0,0,0,0,0,0,0,0,0
4.522726774215698,0.0,0.0,0.0,0.0,0.0,0.0,0.0,0.0,0.0,0.03,0,0,0,0,0,0,0,0,0,0,0,0,0,0,0,0,0,0,0,0,0
4.523836612701416,0.0,0.0,0.0,0.0,0.0,0.0,0.0,0.0,0.0,0.03,0,0,0,0,0,0,0,0,0,0,0,0,0,0,0,0,0,0,0,0,0
4.525022983551025,0.0,0.0,0.0,0.0,0.0,0.0,0.0,0.0,0.0,0.03,0,0,0,0,0,0,0,0,0,0,0,0,0,0,0,0,0,0,0,0,0
4.52617621421814,0.0,0.0,0.0,0.0,0.0,0.0,0.0,0.0,0.0,0.03,0,0,0,0,0,0,0,0,0,0,0,0,0,0,0,0,0,0,0,0,0
4.527541875839233,0.0,0.0,0.0,0.0,0.0,0.0,0.0,0.0,0.0,0.03,0,0,0,0,0,0,0,0,0,0,0,0,0,0,0,0,0,0,0,0,0
4.528625249862671,0.0,0.0,0.0,0.0,0.0,0.0,0.0,0.0,0.0,0.03,0,0,0,0,0,0,0,0,0,0,0,0,0,0,0,0,0,0,0,0,0
4.530379056930542,0.0,0.0,0.0,0.0,0.0,0.0,0.0,0.0,0.0,0.03,0,0,0,0,0,0,0,0,0,0,0,0,0,0,0,0,0,0,0,0,0
4.532152891159058,0.0,0.0,0.0,0.0,0.0,0.0,0.0,0.0,0.0,0.03,0,0,0,0,0,0,0,0,0,0,0,0,0,0,0,0,0,0,0,0,0
4.53400182723999,0.0,0.0,0.0,0.0,0.0,0.0,0.0,0.0,0.0,0.03,0,0,0,0,0,0,0,0,0,0,0,0,0,0,0,0,0,0,0,0,0
4.535370588302612,0.0,0.0,0.0,0.0,0.0,0.0,0.0,0.0,0.0,0.03,0,0,0,0,0,0,0,0,0,0,0,0,0,0,0,0,0,0,0,0,0
4.536530256271362,0.0,0.0,0.0,0.0,0.0,0.0,0.0,0.0,0.0,0.03,0,0,0,0,0,0,0,0,0,0,0,0,0,0,0,0,0,0,0,0,0
4.538239240646362,0.0,0.0,0.0,0.0,0.0,0.0,0.0,0.0,0.0,0.03,0,0,0,0,0,0,0,0,0,0,0,0,0,0,0,0,0,0,0,0,0
4.539854049682617,0.0,0.0,0.0,0.0,0.0,0.0,0.0,0.0,0.0,0.03,0,0,0,0,0,0,0,0,0,0,0,0,0,0,0,0,0,0,0,0,0
4.541069984436035,0.0,0.0,0.0,0.0,0.0,0.0,0.0,0.0,0.0,0.03,0,0,0,0,0,0,0,0,0,0,0,0,0,0,0,0,0,0,0,0,0
4.542730808258057,0.0,0.0,0.0,0.0,0.0,0.0,0.0,0.0,0.0,0.03,0,0,0,0,0,0,0,0,0,0,0,0,0,0,0,0,0,0,0,0,0
4.5438549518585205,0.0,0.0,0.0,0.0,0.0,0.0,0.0,0.0,0.0,0.03,0,0,0,0,0,0,0,0,0,0,0,0,0,0,0,0,0,0,0,0,0
4.544961452484131,0.0,0.0,0.0,0.0,0.0,0.0,0.0,0.0,0.0,0.03,0,0,0,0,0,0,0,0,0,0,0,0,0,0,0,0,0,0,0,0,0
4.546048879623413,0.0,0.0,0.0,0.0,0.0,0.0,0.0,0.0,0.0,0.03,0,0,0,0,0,0,0,0,0,0,0,0,0,0,0,0,0,0,0,0,0
4.547192096710205,0.0,0.0,0.0,0.0,0.0,0.0,0.0,0.0,0.0,0.03,0,0,0,0,0,0,0,0,0,0,0,0,0,0,0,0,0,0,0,0,0
4.548274517059326,0.0,0.0,0.0,0.0,0.0,0.0,0.0,0.0,0.0,0.03,0,0,0,0,0,0,0,0,0,0,0,0,0,0,0,0,0,0,0,0,0
4.549545049667358,0.0,0.0,0.0,0.0,0.0,0.0,0.0,0.0,0.0,0.03,0,0,0,0,0,0,0,0,0,0,0,0,0,0,0,0,0,0,0,0,0
4.551166534423828,0.0,0.0,0.0,0.0,0.0,0.0,0.0,0.0,0.0,0.03,0,0,0,0,0,0,0,0,0,0,0,0,0,0,0,0,0,0,0,0,0
4.552834749221802,0.0,0.0,0.0,0.0,0.0,0.0,0.0,0.0,0.0,0.03,0,0,0,0,0,0,0,0,0,0,0,0,0,0,0,0,0,0,0,0,0
4.554427146911621,0.0,0.0,0.0,0.0,0.0,0.0,0.0,0.0,0.0,0.03,0,0,0,0,0,0,0,0,0,0,0,0,0,0,0,0,0,0,0,0,0
4.555863380432129,0.0,0.0,0.0,0.0,0.0,0.0,0.0,0.0,0.0,0.03,0,0,0,0,0,0,0,0,0,0,0,0,0,0,0,0,0,0,0,0,0
4.557496070861816,0.0,0.0,0.0,0.0,0.0,0.0,0.0,0.0,0.0,0.03,0,0,0,0,0,0,0,0,0,0,0,0,0,0,0,0,0,0,0,0,0
4.559487342834473,0.0,0.0,0.0,0.0,0.0,0.0,0.0,0.0,0.0,0.03,0,0,0,0,0,0,0,0,0,0,0,0,0,0,0,0,0,0,0,0,0
4.560737133026123,0.0,0.0,0.0,0.0,0.0,0.0,0.0,0.0,0.0,0.03,0,0,0,0,0,0,0,0,0,0,0,0,0,0,0,0,0,0,0,0,0
4.562330484390259,0.0,0.0,0.0,0.0,0.0,0.0,0.0,0.0,0.0,0.03,0,0,0,0,0,0,0,0,0,0,0,0,0,0,0,0,0,0,0,0,0
4.563621997833252,0.0,0.0,0.0,0.0,0.0,0.0,0.0,0.0,0.0,0.03,0,0,0,0,0,0,0,0,0,0,0,0,0,0,0,0,0,0,0,0,0
4.564703702926636,0.0,0.0,0.0,0.0,0.0,0.0,0.0,0.0,0.0,0.03,0,0,0,0,0,0,0,0,0,0,0,0,0,0,0,0,0,0,0,0,0
4.567307710647583,0.0,0.0,0.0,0.0,0.0,0.0,0.0,0.0,0.0,0.03,0,0,0,0,0,0,0,0,0,0,0,0,0,0,0,0,0,0,0,0,0
4.569056034088135,0.0,0.0,0.0,0.0,0.0,0.0,0.0,0.0,0.0,0.03,0,0,0,0,0,0,0,0,0,0,0,0,0,0,0,0,0,0,0,0,0
4.570799350738525,0.0,0.0,0.0,0.0,0.0,0.0,0.0,0.0,0.0,0.03,0,0,0,0,0,0,0,0,0,0,0,0,0,0,0,0,0,0,0,0,0
4.574167251586914,0.0,0.0,0.0,0.0,0.0,0.0,0.0,0.0,0.0,0.03,0,0,0,0,0,0,0,0,0,0,0,0,0,0,0,0,0,0,0,0,0
4.575567007064819,0.0,0.0,0.0,0.0,0.0,0.0,0.0,0.0,0.0,0.03,0,0,0,0,0,0,0,0,0,0,0,0,0,0,0,0,0,0,0,0,0
4.5775392055511475,0.0,0.0,0.0,0.0,0.0,0.0,0.0,0.0,0.0,0.03,0,0,0,0,0,0,0,0,0,0,0,0,0,0,0,0,0,0,0,0,0
4.578943490982056,0.0,0.0,0.0,0.0,0.0,0.0,0.0,0.0,0.0,0.03,0,0,0,0,0,0,0,0,0,0,0,0,0,0,0,0,0,0,0,0,0
4.580151081085205,0.0,0.0,0.0,0.0,0.0,0.0,0.0,0.0,0.0,0.03,0,0,0,0,0,0,0,0,0,0,0,0,0,0,0,0,0,0,0,0,0
4.58156156539917,0.0,0.0,0.0,0.0,0.0,0.0,0.0,0.0,0.0,0.03,0,0,0,0,0,0,0,0,0,0,0,0,0,0,0,0,0,0,0,0,0
4.582689046859741,0.0,0.0,0.0,0.0,0.0,0.0,0.0,0.0,0.0,0.03,0,0,0,0,0,0,0,0,0,0,0,0,0,0,0,0,0,0,0,0,0
4.583812713623047,0.0,0.0,0.0,0.0,0.0,0.0,0.0,0.0,0.0,0.03,0,0,0,0,0,0,0,0,0,0,0,0,0,0,0,0,0,0,0,0,0
4.584991693496704,0.0,0.0,0.0,0.0,0.0,0.0,0.0,0.0,0.0,0.03,0,0,0,0,0,0,0,0,0,0,0,0,0,0,0,0,0,0,0,0,0
4.586099147796631,0.0,0.0,0.0,0.0,0.0,0.0,0.0,0.0,0.0,0.03,0,0,0,0,0,0,0,0,0,0,0,0,0,0,0,0,0,0,0,0,0
4.587439060211182,0.0,0.0,0.0,0.0,0.0,0.0,0.0,0.0,0.0,0.03,0,0,0,0,0,0,0,0,0,0,0,0,0,0,0,0,0,0,0,0,0
4.588528394699097,0.0,0.0,0.0,0.0,0.0,0.0,0.0,0.0,0.0,0.03,0,0,0,0,0,0,0,0,0,0,0,0,0,0,0,0,0,0,0,0,0
4.590052843093872,0.0,0.0,0.0,0.0,0.0,0.0,0.0,0.0,0.0,0.03,0,0,0,0,0,0,0,0,0,0,0,0,0,0,0,0,0,0,0,0,0
4.591570615768433,0.0,0.0,0.0,0.0,0.0,0.0,0.0,0.0,0.0,0.03,0,0,0,0,0,0,0,0,0,0,0,0,0,0,0,0,0,0,0,0,0
4.5950398445129395,0.0,0.0,0.0,0.0,0.0,0.0,0.0,0.0,0.0,0.03,0,0,0,0,0,0,0,0,0,0,0,0,0,0,0,0,0,0,0,0,0
4.596200704574585,0.0,0.0,0.0,0.0,0.0,0.0,0.0,0.0,0.0,0.03,0,0,0,0,0,0,0,0,0,0,0,0,0,0,0,0,0,0,0,0,0
4.597430229187012,0.0,0.0,0.0,0.0,0.0,0.0,0.0,0.0,0.0,0.03,0,0,0,0,0,0,0,0,0,0,0,0,0,0,0,0,0,0,0,0,0
4.5986552238464355,0.0,0.0,0.0,0.0,0.0,0.0,0.0,0.0,0.0,0.03,0,0,0,0,0,0,0,0,0,0,0,0,0,0,0,0,0,0,0,0,0
4.599797487258911,0.0,0.0,0.0,0.0,0.0,0.0,0.0,0.0,0.0,0.03,0,0,0,0,0,0,0,0,0,0,0,0,0,0,0,0,0,0,0,0,0
4.601075172424316,0.0,0.0,0.0,0.0,0.0,0.0,0.0,0.0,0.0,0.03,0,0,0,0,0,0,0,0,0,0,0,0,0,0,0,0,0,0,0,0,0
4.602264404296875,0.0,0.0,0.0,0.0,0.0,0.0,0.0,0.0,0.0,0.03,0,0,0,0,0,0,0,0,0,0,0,0,0,0,0,0,0,0,0,0,0
4.603644132614136,0.0,0.0,0.0,0.0,0.0,0.0,0.0,0.0,0.0,0.03,0,0,0,0,0,0,0,0,0,0,0,0,0,0,0,0,0,0,0,0,0
4.60478138923645,0.0,0.0,0.0,0.0,0.0,0.0,0.0,0.0,0.0,0.03,0,0,0,0,0,0,0,0,0,0,0,0,0,0,0,0,0,0,0,0,0
4.605940341949463,0.0,0.0,0.0,0.0,0.0,0.0,0.0,0.0,0.0,0.03,0,0,0,0,0,0,0,0,0,0,0,0,0,0,0,0,0,0,0,0,0
4.607045888900757,0.0,0.0,0.0,0.0,0.0,0.0,0.0,0.0,0.0,0.03,0,0,0,0,0,0,0,0,0,0,0,0,0,0,0,0,0,0,0,0,0
4.608407497406006,0.0,0.0,0.0,0.0,0.0,0.0,0.0,0.0,0.0,0.03,0,0,0,0,0,0,0,0,0,0,0,0,0,0,0,0,0,0,0,0,0
4.61008358001709,0.0,0.0,0.0,0.0,0.0,0.0,0.0,0.0,0.0,0.03,0,0,0,0,0,0,0,0,0,0,0,0,0,0,0,0,0,0,0,0,0
4.612624883651733,0.0,0.0,0.0,0.0,0.0,0.0,0.0,0.0,0.0,0.03,0,0,0,0,0,0,0,0,0,0,0,0,0,0,0,0,0,0,0,0,0
4.613857984542847,0.0,0.0,0.0,0.0,0.0,0.0,0.0,0.0,0.0,0.03,0,0,0,0,0,0,0,0,0,0,0,0,0,0,0,0,0,0,0,0,0
4.615123510360718,0.0,0.0,0.0,0.0,0.0,0.0,0.0,0.0,0.0,0.03,0,0,0,0,0,0,0,0,0,0,0,0,0,0,0,0,0,0,0,0,0
4.61621618270874,0.0,0.0,0.0,0.0,0.0,0.0,0.0,0.0,0.0,0.03,0,0,0,0,0,0,0,0,0,0,0,0,0,0,0,0,0,0,0,0,0
4.618853569030762,0.0,0.0,0.0,0.0,0.0,0.0,0.0,0.0,0.0,0.03,0,0,0,0,0,0,0,0,0,0,0,0,0,0,0,0,0,0,0,0,0
4.6204001903533936,0.0,0.0,0.0,0.0,0.0,0.0,0.0,0.0,0.0,0.03,0,0,0,0,0,0,0,0,0,0,0,0,0,0,0,0,0,0,0,0,0
4.621572017669678,0.0,0.0,0.0,0.0,0.0,0.0,0.0,0.0,0.0,0.03,0,0,0,0,0,0,0,0,0,0,0,0,0,0,0,0,0,0,0,0,0
4.622666358947754,0.0,0.0,0.0,0.0,0.0,0.0,0.0,0.0,0.0,0.03,0,0,0,0,0,0,0,0,0,0,0,0,0,0,0,0,0,0,0,0,0
4.62395167350769,0.0,0.0,0.0,0.0,0.0,0.0,0.0,0.0,0.0,0.03,0,0,0,0,0,0,0,0,0,0,0,0,0,0,0,0,0,0,0,0,0
4.625073671340942,0.0,0.0,0.0,0.0,0.0,0.0,0.0,0.0,0.0,0.03,0,0,0,0,0,0,0,0,0,0,0,0,0,0,0,0,0,0,0,0,0
4.628559827804565,0.0,0.0,0.0,0.0,0.0,0.0,0.0,0.0,0.0,0.03,0,0,0,0,0,0,0,0,0,0,0,0,0,0,0,0,0,0,0,0,0
4.629824876785278,0.0,0.0,0.0,0.0,0.0,0.0,0.0,0.0,0.0,0.03,0,0,0,0,0,0,0,0,0,0,0,0,0,0,0,0,0,0,0,0,0
4.6316492557525635,0.0,0.0,0.0,0.0,0.0,0.0,0.0,0.0,0.0,0.03,0,0,0,0,0,0,0,0,0,0,0,0,0,0,0,0,0,0,0,0,0
4.633180618286133,0.0,0.0,0.0,0.0,0.0,0.0,0.0,0.0,0.0,0.03,0,0,0,0,0,0,0,0,0,0,0,0,0,0,0,0,0,0,0,0,0
4.634634017944336,0.0,0.0,0.0,0.0,0.0,0.0,0.0,0.0,0.0,0.03,0,0,0,0,0,0,0,0,0,0,0,0,0,0,0,0,0,0,0,0,0
4.63602614402771,0.0,0.0,0.0,0.0,0.0,0.0,0.0,0.0,0.0,0.03,0,0,0,0,0,0,0,0,0,0,0,0,0,0,0,0,0,0,0,0,0
4.63716197013855,0.0,0.0,0.0,0.0,0.0,0.0,0.0,0.0,0.0,0.03,0,0,0,0,0,0,0,0,0,0,0,0,0,0,0,0,0,0,0,0,0
4.638442516326904,0.0,0.0,0.0,0.0,0.0,0.0,0.0,0.0,0.0,0.03,0,0,0,0,0,0,0,0,0,0,0,0,0,0,0,0,0,0,0,0,0
4.640142917633057,0.0,0.0,0.0,0.0,0.0,0.0,0.0,0.0,0.0,0.03,0,0,0,0,0,0,0,0,0,0,0,0,0,0,0,0,0,0,0,0,0
4.641289710998535,0.0,0.0,0.0,0.0,0.0,0.0,0.0,0.0,0.0,0.03,0,0,0,0,0,0,0,0,0,0,0,0,0,0,0,0,0,0,0,0,0
4.642616033554077,0.0,0.0,0.0,0.0,0.0,0.0,0.0,0.0,0.0,0.03,0,0,0,0,0,0,0,0,0,0,0,0,0,0,0,0,0,0,0,0,0
4.643772602081299,0.0,0.0,0.0,0.0,0.0,0.0,0.0,0.0,0.0,0.03,0,0,0,0,0,0,0,0,0,0,0,0,0,0,0,0,0,0,0,0,0
4.644898414611816,0.0,0.0,0.0,0.0,0.0,0.0,0.0,0.0,0.0,0.03,0,0,0,0,0,0,0,0,0,0,0,0,0,0,0,0,0,0,0,0,0
4.64617395401001,0.0,0.0,0.0,0.0,0.0,0.0,0.0,0.0,0.0,0.03,0,0,0,0,0,0,0,0,0,0,0,0,0,0,0,0,0,0,0,0,0
4.647305011749268,0.0,0.0,0.0,0.0,0.0,0.0,0.0,0.0,0.0,0.03,0,0,0,0,0,0,0,0,0,0,0,0,0,0,0,0,0,0,0,0,0
4.648529291152954,0.0,0.0,0.0,0.0,0.0,0.0,0.0,0.0,0.0,0.03,0,0,0,0,0,0,0,0,0,0,0,0,0,0,0,0,0,0,0,0,0
4.649615526199341,0.0,0.0,0.0,0.0,0.0,0.0,0.0,0.0,0.0,0.03,0,0,0,0,0,0,0,0,0,0,0,0,0,0,0,0,0,0,0,0,0
4.650810718536377,0.0,0.0,0.0,0.0,0.0,0.0,0.0,0.0,0.0,0.03,0,0,0,0,0,0,0,0,0,0,0,0,0,0,0,0,0,0,0,0,0
4.653427362442017,0.0,0.0,0.0,0.0,0.0,0.0,0.0,0.0,0.0,0.03,0,0,0,0,0,0,0,0,0,0,0,0,0,0,0,0,0,0,0,0,0
4.6567301750183105,0.0,0.0,0.0,0.0,0.0,0.0,0.0,0.0,0.0,0.03,0,0,0,0,0,0,0,0,0,0,0,0,0,0,0,0,0,0,0,0,0
4.657924652099609,0.0,0.0,0.0,0.0,0.0,0.0,0.0,0.0,0.0,0.03,0,0,0,0,0,0,0,0,0,0,0,0,0,0,0,0,0,0,0,0,0
4.659386873245239,0.0,0.0,0.0,0.0,0.0,0.0,0.0,0.0,0.0,0.03,0,0,0,0,0,0,0,0,0,0,0,0,0,0,0,0,0,0,0,0,0
4.661457061767578,0.0,0.0,0.0,0.0,0.0,0.0,0.0,0.0,0.0,0.03,0,0,0,0,0,0,0,0,0,0,0,0,0,0,0,0,0,0,0,0,0
4.662551641464233,0.0,0.0,0.0,0.0,0.0,0.0,0.0,0.0,0.0,0.03,0,0,0,0,0,0,0,0,0,0,0,0,0,0,0,0,0,0,0,0,0
4.664761304855347,0.0,0.0,0.0,0.0,0.0,0.0,0.0,0.0,0.0,0.03,0,0,0,0,0,0,0,0,0,0,0,0,0,0,0,0,0,0,0,0,0
4.665861129760742,0.0,0.0,0.0,0.0,0.0,0.0,0.0,0.0,0.0,0.03,0,0,0,0,0,0,0,0,0,0,0,0,0,0,0,0,0,0,0,0,0
4.667038679122925,0.0,0.0,0.0,0.0,0.0,0.0,0.0,0.0,0.0,0.03,0,0,0,0,0,0,0,0,0,0,0,0,0,0,0,0,0,0,0,0,0
4.668165683746338,0.0,0.0,0.0,0.0,0.0,0.0,0.0,0.0,0.0,0.03,0,0,0,0,0,0,0,0,0,0,0,0,0,0,0,0,0,0,0,0,0
4.669363975524902,0.0,0.0,0.0,0.0,0.0,0.0,0.0,0.0,0.0,0.03,0,0,0,0,0,0,0,0,0,0,0,0,0,0,0,0,0,0,0,0,0
4.670548439025879,0.0,0.0,0.0,0.0,0.0,0.0,0.0,0.0,0.0,0.03,0,0,0,0,0,0,0,0,0,0,0,0,0,0,0,0,0,0,0,0,0
4.671710252761841,0.0,0.0,0.0,0.0,0.0,0.0,0.0,0.0,0.0,0.03,0,0,0,0,0,0,0,0,0,0,0,0,0,0,0,0,0,0,0,0,0
4.674107074737549,0.0,0.0,0.0,0.0,0.0,0.0,0.0,0.0,0.0,0.03,0,0,0,0,0,0,0,0,0,0,0,0,0,0,0,0,0,0,0,0,0
4.676663398742676,0.0,0.0,0.0,0.0,0.0,0.0,0.0,0.0,0.0,0.03,0,0,0,0,0,0,0,0,0,0,0,0,0,0,0,0,0,0,0,0,0
4.6778740882873535,0.0,0.0,0.0,0.0,0.0,0.0,0.0,0.0,0.0,0.03,0,0,0,0,0,0,0,0,0,0,0,0,0,0,0,0,0,0,0,0,0
4.679327487945557,0.0,0.0,0.0,0.0,0.0,0.0,0.0,0.0,0.0,0.03,0,0,0,0,0,0,0,0,0,0,0,0,0,0,0,0,0,0,0,0,0
4.681396961212158,0.0,0.0,0.0,0.0,0.0,0.0,0.0,0.0,0.0,0.03,0,0,0,0,0,0,0,0,0,0,0,0,0,0,0,0,0,0,0,0,0
4.6827552318573,0.0,0.0,0.0,0.0,0.0,0.0,0.0,0.0,0.0,0.03,0,0,0,0,0,0,0,0,0,0,0,0,0,0,0,0,0,0,0,0,0
4.6840150356292725,0.0,0.0,0.0,0.0,0.0,0.0,0.0,0.0,0.0,0.03,0,0,0,0,0,0,0,0,0,0,0,0,0,0,0,0,0,0,0,0,0
4.686319589614868,0.0,0.0,0.0,0.0,0.0,0.0,0.0,0.0,0.0,0.03,0,0,0,0,0,0,0,0,0,0,0,0,0,0,0,0,0,0,0,0,0
4.687480926513672,0.0,0.0,0.0,0.0,0.0,0.0,0.0,0.0,0.0,0.03,0,0,0,0,0,0,0,0,0,0,0,0,0,0,0,0,0,0,0,0,0
4.690063953399658,0.0,0.0,0.0,0.0,0.0,0.0,0.0,0.0,0.0,0.03,0,0,0,0,0,0,0,0,0,0,0,0,0,0,0,0,0,0,0,0,0
4.691132545471191,0.0,0.0,0.0,0.0,0.0,0.0,0.0,0.0,0.0,0.03,0,0,0,0,0,0,0,0,0,0,0,0,0,0,0,0,0,0,0,0,0
4.692468166351318,0.0,0.0,0.0,0.0,0.0,0.0,0.0,0.0,0.0,0.03,0,0,0,0,0,0,0,0,0,0,0,0,0,0,0,0,0,0,0,0,0
4.694320440292358,0.0,0.0,0.0,0.0,0.0,0.0,0.0,0.0,0.0,0.03,0,0,0,0,0,0,0,0,0,0,0,0,0,0,0,0,0,0,0,0,0
4.695868253707886,0.0,0.0,0.0,0.0,0.0,0.0,0.0,0.0,0.0,0.03,0,0,0,0,0,0,0,0,0,0,0,0,0,0,0,0,0,0,0,0,0
4.697000980377197,0.0,0.0,0.0,0.0,0.0,0.0,0.0,0.0,0.0,0.03,0,0,0,0,0,0,0,0,0,0,0,0,0,0,0,0,0,0,0,0,0
4.698321342468262,0.0,0.0,0.0,0.0,0.0,0.0,0.0,0.0,0.0,0.03,0,0,0,0,0,0,0,0,0,0,0,0,0,0,0,0,0,0,0,0,0
4.699692249298096,0.0,0.0,0.0,0.0,0.0,0.0,0.0,0.0,0.0,0.03,0,0,0,0,0,0,0,0,0,0,0,0,0,0,0,0,0,0,0,0,0
4.701355934143066,0.0,0.0,0.0,0.0,0.0,0.0,0.0,0.0,0.0,0.03,0,0,0,0,0,0,0,0,0,0,0,0,0,0,0,0,0,0,0,0,0
4.7037811279296875,0.0,0.0,0.0,0.0,0.0,0.0,0.0,0.0,0.0,0.03,0,0,0,0,0,0,0,0,0,0,0,0,0,0,0,0,0,0,0,0,0
4.705023765563965,0.0,0.0,0.0,0.0,0.0,0.0,0.0,0.0,0.0,0.03,0,0,0,0,0,0,0,0,0,0,0,0,0,0,0,0,0,0,0,0,0
4.706398010253906,0.0,0.0,0.0,0.0,0.0,0.0,0.0,0.0,0.0,0.03,0,0,0,0,0,0,0,0,0,0,0,0,0,0,0,0,0,0,0,0,0
4.70754337310791,0.0,0.0,0.0,0.0,0.0,0.0,0.0,0.0,0.0,0.03,0,0,0,0,0,0,0,0,0,0,0,0,0,0,0,0,0,0,0,0,0
4.708798170089722,0.0,0.0,0.0,0.0,0.0,0.0,0.0,0.0,0.0,0.03,0,0,0,0,0,0,0,0,0,0,0,0,0,0,0,0,0,0,0,0,0
4.710047483444214,0.0,0.0,0.0,0.0,0.0,0.0,0.0,0.0,0.0,0.03,0,0,0,0,0,0,0,0,0,0,0,0,0,0,0,0,0,0,0,0,0
4.711164712905884,0.0,0.0,0.0,0.0,0.0,0.0,0.0,0.0,0.0,0.03,0,0,0,0,0,0,0,0,0,0,0,0,0,0,0,0,0,0,0,0,0
4.71253514289856,0.0,0.0,0.0,0.0,0.0,0.0,0.0,0.0,0.0,0.03,0,0,0,0,0,0,0,0,0,0,0,0,0,0,0,0,0,0,0,0,0
4.713620662689209,0.0,0.0,0.0,0.0,0.0,0.0,0.0,0.0,0.0,0.03,0,0,0,0,0,0,0,0,0,0,0,0,0,0,0,0,0,0,0,0,0
4.714716911315918,0.0,0.0,0.0,0.0,0.0,0.0,0.0,0.0,0.0,0.03,0,0,0,0,0,0,0,0,0,0,0,0,0,0,0,0,0,0,0,0,0
4.716548442840576,0.0,0.0,0.0,0.0,0.0,0.0,0.0,0.0,0.0,0.03,0,0,0,0,0,0,0,0,0,0,0,0,0,0,0,0,0,0,0,0,0
4.717701435089111,0.0,0.0,0.0,0.0,0.0,0.0,0.0,0.0,0.0,0.03,0,0,0,0,0,0,0,0,0,0,0,0,0,0,0,0,0,0,0,0,0
4.720443487167358,0.0,0.0,0.0,0.0,0.0,0.0,0.0,0.0,0.0,0.03,0,0,0,0,0,0,0,0,0,0,0,0,0,0,0,0,0,0,0,0,0
4.721644878387451,0.0,0.0,0.0,0.0,0.0,0.0,0.0,0.0,0.0,0.03,0,0,0,0,0,0,0,0,0,0,0,0,0,0,0,0,0,0,0,0,0
4.723149538040161,0.0,0.0,0.0,0.0,0.0,0.0,0.0,0.0,0.0,0.03,0,0,0,0,0,0,0,0,0,0,0,0,0,0,0,0,0,0,0,0,0
4.724837064743042,0.0,0.0,0.0,0.0,0.0,0.0,0.0,0.0,0.0,0.03,0,0,0,0,0,0,0,0,0,0,0,0,0,0,0,0,0,0,0,0,0
4.7261247634887695,0.0,0.0,0.0,0.0,0.0,0.0,0.0,0.0,0.0,0.03,0,0,0,0,0,0,0,0,0,0,0,0,0,0,0,0,0,0,0,0,0
4.7276458740234375,0.0,0.0,0.0,0.0,0.0,0.0,0.0,0.0,0.0,0.03,0,0,0,0,0,0,0,0,0,0,0,0,0,0,0,0,0,0,0,0,0
4.72881817817688,0.0,0.0,0.0,0.0,0.0,0.0,0.0,0.0,0.0,0.03,0,0,0,0,0,0,0,0,0,0,0,0,0,0,0,0,0,0,0,0,0
4.729918479919434,0.0,0.0,0.0,0.0,0.0,0.0,0.0,0.0,0.0,0.03,0,0,0,0,0,0,0,0,0,0,0,0,0,0,0,0,0,0,0,0,0
4.730997562408447,0.0,0.0,0.0,0.0,0.0,0.0,0.0,0.0,0.0,0.03,0,0,0,0,0,0,0,0,0,0,0,0,0,0,0,0,0,0,0,0,0
4.732097864151001,0.0,0.0,0.0,0.0,0.0,0.0,0.0,0.0,0.0,0.03,0,0,0,0,0,0,0,0,0,0,0,0,0,0,0,0,0,0,0,0,0
4.733177900314331,0.0,0.0,0.0,0.0,0.0,0.0,0.0,0.0,0.0,0.03,0,0,0,0,0,0,0,0,0,0,0,0,0,0,0,0,0,0,0,0,0
4.734834671020508,0.0,0.0,0.0,0.0,0.0,0.0,0.0,0.0,0.0,0.03,0,0,0,0,0,0,0,0,0,0,0,0,0,0,0,0,0,0,0,0,0
4.736297845840454,0.0,0.0,0.0,0.0,0.0,0.0,0.0,0.0,0.0,0.03,0,0,0,0,0,0,0,0,0,0,0,0,0,0,0,0,0,0,0,0,0
4.738075494766235,0.0,0.0,0.0,0.0,0.0,0.0,0.0,0.0,0.0,0.03,0,0,0,0,0,0,0,0,0,0,0,0,0,0,0,0,0,0,0,0,0
4.739453554153442,0.0,0.0,0.0,0.0,0.0,0.0,0.0,0.0,0.0,0.03,0,0,0,0,0,0,0,0,0,0,0,0,0,0,0,0,0,0,0,0,0
4.740857124328613,0.0,0.0,0.0,0.0,0.0,0.0,0.0,0.0,0.0,0.03,0,0,0,0,0,0,0,0,0,0,0,0,0,0,0,0,0,0,0,0,0
4.74248194694519,0.0,0.0,0.0,0.0,0.0,0.0,0.0,0.0,0.0,0.03,0,0,0,0,0,0,0,0,0,0,0,0,0,0,0,0,0,0,0,0,0
4.7444586753845215,0.0,0.0,0.0,0.0,0.0,0.0,0.0,0.0,0.0,0.03,0,0,0,0,0,0,0,0,0,0,0,0,0,0,0,0,0,0,0,0,0
4.745664358139038,0.0,0.0,0.0,0.0,0.0,0.0,0.0,0.0,0.0,0.03,0,0,0,0,0,0,0,0,0,0,0,0,0,0,0,0,0,0,0,0,0
4.747547626495361,0.0,0.0,0.0,0.0,0.0,0.0,0.0,0.0,0.0,0.03,0,0,0,0,0,0,0,0,0,0,0,0,0,0,0,0,0,0,0,0,0
4.748660087585449,0.0,0.0,0.0,0.0,0.0,0.0,0.0,0.0,0.0,0.03,0,0,0,0,0,0,0,0,0,0,0,0,0,0,0,0,0,0,0,0,0
4.749748945236206,0.0,0.0,0.0,0.0,0.0,0.0,0.0,0.0,0.0,0.03,0,0,0,0,0,0,0,0,0,0,0,0,0,0,0,0,0,0,0,0,0
4.751068830490112,0.0,0.0,0.0,0.0,0.0,0.0,0.0,0.0,0.0,0.03,0,0,0,0,0,0,0,0,0,0,0,0,0,0,0,0,0,0,0,0,0
4.752650260925293,0.0,0.0,0.0,0.0,0.0,0.0,0.0,0.0,0.0,0.03,0,0,0,0,0,0,0,0,0,0,0,0,0,0,0,0,0,0,0,0,0
4.754501819610596,0.0,0.0,0.0,0.0,0.0,0.0,0.0,0.0,0.0,0.03,0,0,0,0,0,0,0,0,0,0,0,0,0,0,0,0,0,0,0,0,0
4.756234169006348,0.0,0.0,0.0,0.0,0.0,0.0,0.0,0.0,0.0,0.03,0,0,0,0,0,0,0,0,0,0,0,0,0,0,0,0,0,0,0,0,0
4.757823467254639,0.0,0.0,0.0,0.0,0.0,0.0,0.0,0.0,0.0,0.03,0,0,0,0,0,0,0,0,0,0,0,0,0,0,0,0,0,0,0,0,0
4.7596704959869385,0.0,0.0,0.0,0.0,0.0,0.0,0.0,0.0,0.0,0.03,0,0,0,0,0,0,0,0,0,0,0,0,0,0,0,0,0,0,0,0,0
4.761022567749023,0.0,0.0,0.0,0.0,0.0,0.0,0.0,0.0,0.0,0.03,0,0,0,0,0,0,0,0,0,0,0,0,0,0,0,0,0,0,0,0,0
4.7624921798706055,0.0,0.0,0.0,0.0,0.0,0.0,0.0,0.0,0.0,0.03,0,0,0,0,0,0,0,0,0,0,0,0,0,0,0,0,0,0,0,0,0
4.764766693115234,0.0,0.0,0.0,0.0,0.0,0.0,0.0,0.0,0.0,0.03,0,0,0,0,0,0,0,0,0,0,0,0,0,0,0,0,0,0,0,0,0
4.765844821929932,0.0,0.0,0.0,0.0,0.0,0.0,0.0,0.0,0.0,0.03,0,0,0,0,0,0,0,0,0,0,0,0,0,0,0,0,0,0,0,0,0
4.767147541046143,0.0,0.0,0.0,0.0,0.0,0.0,0.0,0.0,0.0,0.03,0,0,0,0,0,0,0,0,0,0,0,0,0,0,0,0,0,0,0,0,0
4.768260717391968,0.0,0.0,0.0,0.0,0.0,0.0,0.0,0.0,0.0,0.03,0,0,0,0,0,0,0,0,0,0,0,0,0,0,0,0,0,0,0,0,0
4.769397497177124,0.0,0.0,0.0,0.0,0.0,0.0,0.0,0.0,0.0,0.03,0,0,0,0,0,0,0,0,0,0,0,0,0,0,0,0,0,0,0,0,0
4.770571231842041,0.0,0.0,0.0,0.0,0.0,0.0,0.0,0.0,0.0,0.03,0,0,0,0,0,0,0,0,0,0,0,0,0,0,0,0,0,0,0,0,0
4.771656036376953,0.0,0.0,0.0,0.0,0.0,0.0,0.0,0.0,0.0,0.03,0,0,0,0,0,0,0,0,0,0,0,0,0,0,0,0,0,0,0,0,0
4.772982597351074,0.0,0.0,0.0,0.0,0.0,0.0,0.0,0.0,0.0,0.03,0,0,0,0,0,0,0,0,0,0,0,0,0,0,0,0,0,0,0,0,0
4.774045705795288,0.0,0.0,0.0,0.0,0.0,0.0,0.0,0.0,0.0,0.03,0,0,0,0,0,0,0,0,0,0,0,0,0,0,0,0,0,0,0,0,0
4.775774002075195,0.0,0.0,0.0,0.0,0.0,0.0,0.0,0.0,0.0,0.03,0,0,0,0,0,0,0,0,0,0,0,0,0,0,0,0,0,0,0,0,0
4.77751350402832,0.0,0.0,0.0,0.0,0.0,0.0,0.0,0.0,0.0,0.03,0,0,0,0,0,0,0,0,0,0,0,0,0,0,0,0,0,0,0,0,0
4.779199838638306,0.0,0.0,0.0,0.0,0.0,0.0,0.0,0.0,0.0,0.03,0,0,0,0,0,0,0,0,0,0,0,0,0,0,0,0,0,0,0,0,0
4.780818939208984,0.0,0.0,0.0,0.0,0.0,0.0,0.0,0.0,0.0,0.03,0,0,0,0,0,0,0,0,0,0,0,0,0,0,0,0,0,0,0,0,0
4.7820069789886475,0.0,0.0,0.0,0.0,0.0,0.0,0.0,0.0,0.0,0.03,0,0,0,0,0,0,0,0,0,0,0,0,0,0,0,0,0,0,0,0,0
4.783327102661133,0.0,0.0,0.0,0.0,0.0,0.0,0.0,0.0,0.0,0.03,0,0,0,0,0,0,0,0,0,0,0,0,0,0,0,0,0,0,0,0,0
4.784585237503052,0.0,0.0,0.0,0.0,0.0,0.0,0.0,0.0,0.0,0.03,0,0,0,0,0,0,0,0,0,0,0,0,0,0,0,0,0,0,0,0,0
4.78567910194397,0.0,0.0,0.0,0.0,0.0,0.0,0.0,0.0,0.0,0.03,0,0,0,0,0,0,0,0,0,0,0,0,0,0,0,0,0,0,0,0,0
4.786913871765137,0.0,0.0,0.0,0.0,0.0,0.0,0.0,0.0,0.0,0.03,0,0,0,0,0,0,0,0,0,0,0,0,0,0,0,0,0,0,0,0,0
4.788546800613403,0.0,0.0,0.0,0.0,0.0,0.0,0.0,0.0,0.0,0.03,0,0,0,0,0,0,0,0,0,0,0,0,0,0,0,0,0,0,0,0,0
4.7897350788116455,0.0,0.0,0.0,0.0,0.0,0.0,0.0,0.0,0.0,0.03,0,0,0,0,0,0,0,0,0,0,0,0,0,0,0,0,0,0,0,0,0
4.790861129760742,0.0,0.0,0.0,0.0,0.0,0.0,0.0,0.0,0.0,0.03,0,0,0,0,0,0,0,0,0,0,0,0,0,0,0,0,0,0,0,0,0
4.7919464111328125,0.0,0.0,0.0,0.0,0.0,0.0,0.0,0.0,0.0,0.03,0,0,0,0,0,0,0,0,0,0,0,0,0,0,0,0,0,0,0,0,0
4.793062686920166,0.0,0.0,0.0,0.0,0.0,0.0,0.0,0.0,0.0,0.03,0,0,0,0,0,0,0,0,0,0,0,0,0,0,0,0,0,0,0,0,0
4.794150352478027,0.0,0.0,0.0,0.0,0.0,0.0,0.0,0.0,0.0,0.03,0,0,0,0,0,0,0,0,0,0,0,0,0,0,0,0,0,0,0,0,0
4.795819282531738,0.0,0.0,0.0,0.0,0.0,0.0,0.0,0.0,0.0,0.03,0,0,0,0,0,0,0,0,0,0,0,0,0,0,0,0,0,0,0,0,0
4.797072887420654,0.0,0.0,0.0,0.0,0.0,0.0,0.0,0.0,0.0,0.03,0,0,0,0,0,0,0,0,0,0,0,0,0,0,0,0,0,0,0,0,0
4.7982258796691895,0.0,0.0,0.0,0.0,0.0,0.0,0.0,0.0,0.0,0.03,0,0,0,0,0,0,0,0,0,0,0,0,0,0,0,0,0,0,0,0,0
4.79931902885437,0.0,0.0,0.0,0.0,0.0,0.0,0.0,0.0,0.0,0.03,0,0,0,0,0,0,0,0,0,0,0,0,0,0,0,0,0,0,0,0,0
4.800494432449341,0.0,0.0,0.0,0.0,0.0,0.0,0.0,0.0,0.0,0.03,0,0,0,0,0,0,0,0,0,0,0,0,0,0,0,0,0,0,0,0,0
4.801695823669434,0.0,0.0,0.0,0.0,0.0,0.0,0.0,0.0,0.0,0.03,0,0,0,0,0,0,0,0,0,0,0,0,0,0,0,0,0,0,0,0,0
4.803063154220581,0.0,0.0,0.0,0.0,0.0,0.0,0.0,0.0,0.0,0.03,0,0,0,0,0,0,0,0,0,0,0,0,0,0,0,0,0,0,0,0,0
4.804726600646973,0.0,0.0,0.0,0.0,0.0,0.0,0.0,0.0,0.0,0.03,0,0,0,0,0,0,0,0,0,0,0,0,0,0,0,0,0,0,0,0,0
4.806023359298706,0.0,0.0,0.0,0.0,0.0,0.0,0.0,0.0,0.0,0.03,0,0,0,0,0,0,0,0,0,0,0,0,0,0,0,0,0,0,0,0,0
4.807215690612793,0.0,0.0,0.0,0.0,0.0,0.0,0.0,0.0,0.0,0.03,0,0,0,0,0,0,0,0,0,0,0,0,0,0,0,0,0,0,0,0,0
4.808785438537598,0.0,0.0,0.0,0.0,0.0,0.0,0.0,0.0,0.0,0.03,0,0,0,0,0,0,0,0,0,0,0,0,0,0,0,0,0,0,0,0,0
4.8101043701171875,0.0,0.0,0.0,0.0,0.0,0.0,0.0,0.0,0.0,0.03,0,0,0,0,0,0,0,0,0,0,0,0,0,0,0,0,0,0,0,0,0
4.813759088516235,0.0,0.0,0.0,0.0,0.0,0.0,0.0,0.0,0.0,0.03,0,0,0,0,0,0,0,0,0,0,0,0,0,0,0,0,0,0,0,0,0
4.816504955291748,0.0,0.0,0.0,0.0,0.0,0.0,0.0,0.0,0.0,0.03,0,0,0,0,0,0,0,0,0,0,0,0,0,0,0,0,0,0,0,0,0
4.817917346954346,0.0,0.0,0.0,0.0,0.0,0.0,0.0,0.0,0.0,0.03,0,0,0,0,0,0,0,0,0,0,0,0,0,0,0,0,0,0,0,0,0
4.819688320159912,0.0,0.0,0.0,0.0,0.0,0.0,0.0,0.0,0.0,0.03,0,0,0,0,0,0,0,0,0,0,0,0,0,0,0,0,0,0,0,0,0
4.8208396434783936,0.0,0.0,0.0,0.0,0.0,0.0,0.0,0.0,0.0,0.03,0,0,0,0,0,0,0,0,0,0,0,0,0,0,0,0,0,0,0,0,0
4.821969270706177,0.0,0.0,0.0,0.0,0.0,0.0,0.0,0.0,0.0,0.03,0,0,0,0,0,0,0,0,0,0,0,0,0,0,0,0,0,0,0,0,0
4.823249340057373,0.0,0.0,0.0,0.0,0.0,0.0,0.0,0.0,0.0,0.03,0,0,0,0,0,0,0,0,0,0,0,0,0,0,0,0,0,0,0,0,0
4.825469255447388,0.0,0.0,0.0,0.0,0.0,0.0,0.0,0.0,0.0,0.03,0,0,0,0,0,0,0,0,0,0,0,0,0,0,0,0,0,0,0,0,0
4.82718563079834,0.0,0.0,0.0,0.0,0.0,0.0,0.0,0.0,0.0,0.03,0,0,0,0,0,0,0,0,0,0,0,0,0,0,0,0,0,0,0,0,0
4.828397750854492,0.0,0.0,0.0,0.0,0.0,0.0,0.0,0.0,0.0,0.03,0,0,0,0,0,0,0,0,0,0,0,0,0,0,0,0,0,0,0,0,0
4.830566883087158,0.0,0.0,0.0,0.0,0.0,0.0,0.0,0.0,0.0,0.03,0,0,0,0,0,0,0,0,0,0,0,0,0,0,0,0,0,0,0,0,0
4.831756114959717,0.0,0.0,0.0,0.0,0.0,0.0,0.0,0.0,0.0,0.03,0,0,0,0,0,0,0,0,0,0,0,0,0,0,0,0,0,0,0,0,0
4.832849740982056,0.0,0.0,0.0,0.0,0.0,0.0,0.0,0.0,0.0,0.03,0,0,0,0,0,0,0,0,0,0,0,0,0,0,0,0,0,0,0,0,0
4.83404016494751,0.0,0.0,0.0,0.0,0.0,0.0,0.0,0.0,0.0,0.03,0,0,0,0,0,0,0,0,0,0,0,0,0,0,0,0,0,0,0,0,0
4.8351709842681885,0.0,0.0,0.0,0.0,0.0,0.0,0.0,0.0,0.0,0.03,0,0,0,0,0,0,0,0,0,0,0,0,0,0,0,0,0,0,0,0,0
4.836264371871948,0.0,0.0,0.0,0.0,0.0,0.0,0.0,0.0,0.0,0.03,0,0,0,0,0,0,0,0,0,0,0,0,0,0,0,0,0,0,0,0,0
4.837330102920532,0.0,0.0,0.0,0.0,0.0,0.0,0.0,0.0,0.0,0.03,0,0,0,0,0,0,0,0,0,0,0,0,0,0,0,0,0,0,0,0,0
4.839156866073608,0.0,0.0,0.0,0.0,0.0,0.0,0.0,0.0,0.0,0.03,0,0,0,0,0,0,0,0,0,0,0,0,0,0,0,0,0,0,0,0,0
4.840863466262817,0.0,0.0,0.0,0.0,0.0,0.0,0.0,0.0,0.0,0.03,0,0,0,0,0,0,0,0,0,0,0,0,0,0,0,0,0,0,0,0,0
4.841951847076416,0.0,0.0,0.0,0.0,0.0,0.0,0.0,0.0,0.0,0.03,0,0,0,0,0,0,0,0,0,0,0,0,0,0,0,0,0,0,0,0,0
4.84325909614563,0.0,0.0,0.0,0.0,0.0,0.0,0.0,0.0,0.0,0.03,0,0,0,0,0,0,0,0,0,0,0,0,0,0,0,0,0,0,0,0,0
4.844616651535034,0.0,0.0,0.0,0.0,0.0,0.0,0.0,0.0,0.0,0.03,0,0,0,0,0,0,0,0,0,0,0,0,0,0,0,0,0,0,0,0,0
4.84605598449707,0.0,0.0,0.0,0.0,0.0,0.0,0.0,0.0,0.0,0.03,0,0,0,0,0,0,0,0,0,0,0,0,0,0,0,0,0,0,0,0,0
4.8476362228393555,0.0,0.0,0.0,0.0,0.0,0.0,0.0,0.0,0.0,0.03,0,0,0,0,0,0,0,0,0,0,0,0,0,0,0,0,0,0,0,0,0
4.84899640083313,0.0,0.0,0.0,0.0,0.0,0.0,0.0,0.0,0.0,0.03,0,0,0,0,0,0,0,0,0,0,0,0,0,0,0,0,0,0,0,0,0
4.850212812423706,0.0,0.0,0.0,0.0,0.0,0.0,0.0,0.0,0.0,0.03,0,0,0,0,0,0,0,0,0,0,0,0,0,0,0,0,0,0,0,0,0
4.852102994918823,0.0,0.0,0.0,0.0,0.0,0.0,0.0,0.0,0.0,0.03,0,0,0,0,0,0,0,0,0,0,0,0,0,0,0,0,0,0,0,0,0
4.853554010391235,0.0,0.0,0.0,0.0,0.0,0.0,0.0,0.0,0.0,0.03,0,0,0,0,0,0,0,0,0,0,0,0,0,0,0,0,0,0,0,0,0
4.85475754737854,0.0,0.0,0.0,0.0,0.0,0.0,0.0,0.0,0.0,0.03,0,0,0,0,0,0,0,0,0,0,0,0,0,0,0,0,0,0,0,0,0
4.855902910232544,0.0,0.0,0.0,0.0,0.0,0.0,0.0,0.0,0.0,0.03,0,0,0,0,0,0,0,0,0,0,0,0,0,0,0,0,0,0,0,0,0
4.8570170402526855,0.0,0.0,0.0,0.0,0.0,0.0,0.0,0.0,0.0,0.03,0,0,0,0,0,0,0,0,0,0,0,0,0,0,0,0,0,0,0,0,0
4.8586342334747314,0.0,0.0,0.0,0.0,0.0,0.0,0.0,0.0,0.0,0.03,0,0,0,0,0,0,0,0,0,0,0,0,0,0,0,0,0,0,0,0,0
4.860133171081543,0.0,0.0,0.0,0.0,0.0,0.0,0.0,0.0,0.0,0.03,0,0,0,0,0,0,0,0,0,0,0,0,0,0,0,0,0,0,0,0,0
4.863497257232666,0.0,0.0,0.0,0.0,0.0,0.0,0.0,0.0,0.0,0.03,0,0,0,0,0,0,0,0,0,0,0,0,0,0,0,0,0,0,0,0,0
4.864610433578491,0.0,0.0,0.0,0.0,0.0,0.0,0.0,0.0,0.0,0.03,0,0,0,0,0,0,0,0,0,0,0,0,0,0,0,0,0,0,0,0,0
4.865703105926514,0.0,0.0,0.0,0.0,0.0,0.0,0.0,0.0,0.0,0.03,0,0,0,0,0,0,0,0,0,0,0,0,0,0,0,0,0,0,0,0,0
4.8667943477630615,0.0,0.0,0.0,0.0,0.0,0.0,0.0,0.0,0.0,0.03,0,0,0,0,0,0,0,0,0,0,0,0,0,0,0,0,0,0,0,0,0
4.868777751922607,0.0,0.0,0.0,0.0,0.0,0.0,0.0,0.0,0.0,0.03,0,0,0,0,0,0,0,0,0,0,0,0,0,0,0,0,0,0,0,0,0
4.869978189468384,0.0,0.0,0.0,0.0,0.0,0.0,0.0,0.0,0.0,0.03,0,0,0,0,0,0,0,0,0,0,0,0,0,0,0,0,0,0,0,0,0
4.871616363525391,0.0,0.0,0.0,0.0,0.0,0.0,0.0,0.0,0.0,0.03,0,0,0,0,0,0,0,0,0,0,0,0,0,0,0,0,0,0,0,0,0
4.872965574264526,0.0,0.0,0.0,0.0,0.0,0.0,0.0,0.0,0.0,0.03,0,0,0,0,0,0,0,0,0,0,0,0,0,0,0,0,0,0,0,0,0
4.87402868270874,0.0,0.0,0.0,0.0,0.0,0.0,0.0,0.0,0.0,0.03,0,0,0,0,0,0,0,0,0,0,0,0,0,0,0,0,0,0,0,0,0
4.877093315124512,0.0,0.0,0.0,0.0,0.0,0.0,0.0,0.0,0.0,0.03,0,0,0,0,0,0,0,0,0,0,0,0,0,0,0,0,0,0,0,0,0
4.878288507461548,0.0,0.0,0.0,0.0,0.0,0.0,0.0,0.0,0.0,0.03,0,0,0,0,0,0,0,0,0,0,0,0,0,0,0,0,0,0,0,0,0
4.880694627761841,0.0,0.0,0.0,0.0,0.0,0.0,0.0,0.0,0.0,0.03,0,0,0,0,0,0,0,0,0,0,0,0,0,0,0,0,0,0,0,0,0
4.882714748382568,0.0,0.0,0.0,0.0,0.0,0.0,0.0,0.0,0.0,0.03,0,0,0,0,0,0,0,0,0,0,0,0,0,0,0,0,0,0,0,0,0
4.8840155601501465,0.0,0.0,0.0,0.0,0.0,0.0,0.0,0.0,0.0,0.03,0,0,0,0,0,0,0,0,0,0,0,0,0,0,0,0,0,0,0,0,0
4.885453701019287,0.0,0.0,0.0,0.0,0.0,0.0,0.0,0.0,0.0,0.03,0,0,0,0,0,0,0,0,0,0,0,0,0,0,0,0,0,0,0,0,0
4.887226581573486,0.0,0.0,0.0,0.0,0.0,0.0,0.0,0.0,0.0,0.03,0,0,0,0,0,0,0,0,0,0,0,0,0,0,0,0,0,0,0,0,0
4.888700485229492,0.0,0.0,0.0,0.0,0.0,0.0,0.0,0.0,0.0,0.03,0,0,0,0,0,0,0,0,0,0,0,0,0,0,0,0,0,0,0,0,0
4.890053033828735,0.0,0.0,0.0,0.0,0.0,0.0,0.0,0.0,0.0,0.03,0,0,0,0,0,0,0,0,0,0,0,0,0,0,0,0,0,0,0,0,0
4.892330884933472,0.0,0.0,0.0,0.0,0.0,0.0,0.0,0.0,0.0,0.03,0,0,0,0,0,0,0,0,0,0,0,0,0,0,0,0,0,0,0,0,0
4.893471717834473,0.0,0.0,0.0,0.0,0.0,0.0,0.0,0.0,0.0,0.03,0,0,0,0,0,0,0,0,0,0,0,0,0,0,0,0,0,0,0,0,0
4.8946692943573,0.0,0.0,0.0,0.0,0.0,0.0,0.0,0.0,0.0,0.03,0,0,0,0,0,0,0,0,0,0,0,0,0,0,0,0,0,0,0,0,0
4.895833730697632,0.0,0.0,0.0,0.0,0.0,0.0,0.0,0.0,0.0,0.03,0,0,0,0,0,0,0,0,0,0,0,0,0,0,0,0,0,0,0,0,0
4.896941423416138,0.0,0.0,0.0,0.0,0.0,0.0,0.0,0.0,0.0,0.03,0,0,0,0,0,0,0,0,0,0,0,0,0,0,0,0,0,0,0,0,0
4.8981711864471436,0.0,0.0,0.0,0.0,0.0,0.0,0.0,0.0,0.0,0.03,0,0,0,0,0,0,0,0,0,0,0,0,0,0,0,0,0,0,0,0,0
4.8995201587677,0.0,0.0,0.0,0.0,0.0,0.0,0.0,0.0,0.0,0.03,0,0,0,0,0,0,0,0,0,0,0,0,0,0,0,0,0,0,0,0,0
4.900696754455566,0.0,0.0,0.0,0.0,0.0,0.0,0.0,0.0,0.0,0.03,0,0,0,0,0,0,0,0,0,0,0,0,0,0,0,0,0,0,0,0,0
4.9020397663116455,0.0,0.0,0.0,0.0,0.0,0.0,0.0,0.0,0.0,0.03,0,0,0,0,0,0,0,0,0,0,0,0,0,0,0,0,0,0,0,0,0
4.904799699783325,0.0,0.0,0.0,0.0,0.0,0.0,0.0,0.0,0.0,0.03,0,0,0,0,0,0,0,0,0,0,0,0,0,0,0,0,0,0,0,0,0
4.906069755554199,0.0,0.0,0.0,0.0,0.0,0.0,0.0,0.0,0.0,0.03,0,0,0,0,0,0,0,0,0,0,0,0,0,0,0,0,0,0,0,0,0
4.907207727432251,0.0,0.0,0.0,0.0,0.0,0.0,0.0,0.0,0.0,0.03,0,0,0,0,0,0,0,0,0,0,0,0,0,0,0,0,0,0,0,0,0
4.909173011779785,0.0,0.0,0.0,0.0,0.0,0.0,0.0,0.0,0.0,0.03,0,0,0,0,0,0,0,0,0,0,0,0,0,0,0,0,0,0,0,0,0
4.910946369171143,0.0,0.0,0.0,0.0,0.0,0.0,0.0,0.0,0.0,0.03,0,0,0,0,0,0,0,0,0,0,0,0,0,0,0,0,0,0,0,0,0
4.912148475646973,0.0,0.0,0.0,0.0,0.0,0.0,0.0,0.0,0.0,0.03,0,0,0,0,0,0,0,0,0,0,0,0,0,0,0,0,0,0,0,0,0
4.914220333099365,0.0,0.0,0.0,0.0,0.0,0.0,0.0,0.0,0.0,0.03,0,0,0,0,0,0,0,0,0,0,0,0,0,0,0,0,0,0,0,0,0
4.915477275848389,0.0,0.0,0.0,0.0,0.0,0.0,0.0,0.0,0.0,0.03,0,0,0,0,0,0,0,0,0,0,0,0,0,0,0,0,0,0,0,0,0
4.916615724563599,0.0,0.0,0.0,0.0,0.0,0.0,0.0,0.0,0.0,0.03,0,0,0,0,0,0,0,0,0,0,0,0,0,0,0,0,0,0,0,0,0
4.917707681655884,0.0,0.0,0.0,0.0,0.0,0.0,0.0,0.0,0.0,0.03,0,0,0,0,0,0,0,0,0,0,0,0,0,0,0,0,0,0,0,0,0
4.919002294540405,0.0,0.0,0.0,0.0,0.0,0.0,0.0,0.0,0.0,0.03,0,0,0,0,0,0,0,0,0,0,0,0,0,0,0,0,0,0,0,0,0
4.922258615493774,0.0,0.0,0.0,0.0,0.0,0.0,0.0,0.0,0.0,0.03,0,0,0,0,0,0,0,0,0,0,0,0,0,0,0,0,0,0,0,0,0
4.92369818687439,0.0,0.0,0.0,0.0,0.0,0.0,0.0,0.0,0.0,0.03,0,0,0,0,0,0,0,0,0,0,0,0,0,0,0,0,0,0,0,0,0
4.9249513149261475,0.0,0.0,0.0,0.0,0.0,0.0,0.0,0.0,0.0,0.03,0,0,0,0,0,0,0,0,0,0,0,0,0,0,0,0,0,0,0,0,0
4.926150560379028,0.0,0.0,0.0,0.0,0.0,0.0,0.0,0.0,0.0,0.03,0,0,0,0,0,0,0,0,0,0,0,0,0,0,0,0,0,0,0,0,0
4.927277565002441,0.0,0.0,0.0,0.0,0.0,0.0,0.0,0.0,0.0,0.03,0,0,0,0,0,0,0,0,0,0,0,0,0,0,0,0,0,0,0,0,0
4.928796768188477,0.0,0.0,0.0,0.0,0.0,0.0,0.0,0.0,0.0,0.03,0,0,0,0,0,0,0,0,0,0,0,0,0,0,0,0,0,0,0,0,0
4.931127071380615,0.0,0.0,0.0,0.0,0.0,0.0,0.0,0.0,0.0,0.03,0,0,0,0,0,0,0,0,0,0,0,0,0,0,0,0,0,0,0,0,0
4.932257652282715,0.0,0.0,0.0,0.0,0.0,0.0,0.0,0.0,0.0,0.03,0,0,0,0,0,0,0,0,0,0,0,0,0,0,0,0,0,0,0,0,0
4.934025287628174,0.0,0.0,0.0,0.0,0.0,0.0,0.0,0.0,0.0,0.03,0,0,0,0,0,0,0,0,0,0,0,0,0,0,0,0,0,0,0,0,0
4.935830354690552,0.0,0.0,0.0,0.0,0.0,0.0,0.0,0.0,0.0,0.03,0,0,0,0,0,0,0,0,0,0,0,0,0,0,0,0,0,0,0,0,0
4.936926603317261,0.0,0.0,0.0,0.0,0.0,0.0,0.0,0.0,0.0,0.03,0,0,0,0,0,0,0,0,0,0,0,0,0,0,0,0,0,0,0,0,0
4.9399096965789795,0.0,0.0,0.0,0.0,0.0,0.0,0.0,0.0,0.0,0.03,0,0,0,0,0,0,0,0,0,0,0,0,0,0,0,0,0,0,0,0,0
4.941695690155029,0.0,0.0,0.0,0.0,0.0,0.0,0.0,0.0,0.0,0.03,0,0,0,0,0,0,0,0,0,0,0,0,0,0,0,0,0,0,0,0,0
4.942788362503052,0.0,0.0,0.0,0.0,0.0,0.0,0.0,0.0,0.0,0.03,0,0,0,0,0,0,0,0,0,0,0,0,0,0,0,0,0,0,0,0,0
4.943995475769043,0.0,0.0,0.0,0.0,0.0,0.0,0.0,0.0,0.0,0.03,0,0,0,0,0,0,0,0,0,0,0,0,0,0,0,0,0,0,0,0,0
4.946458578109741,0.0,0.0,0.0,0.0,0.0,0.0,0.0,0.0,0.0,0.03,0,0,0,0,0,0,0,0,0,0,0,0,0,0,0,0,0,0,0,0,0
4.9478440284729,0.0,0.0,0.0,0.0,0.0,0.0,0.0,0.0,0.0,0.03,0,0,0,0,0,0,0,0,0,0,0,0,0,0,0,0,0,0,0,0,0
4.9489428997039795,0.0,0.0,0.0,0.0,0.0,0.0,0.0,0.0,0.0,0.03,0,0,0,0,0,0,0,0,0,0,0,0,0,0,0,0,0,0,0,0,0
4.9502854347229,0.0,0.0,0.0,0.0,0.0,0.0,0.0,0.0,0.0,0.03,0,0,0,0,0,0,0,0,0,0,0,0,0,0,0,0,0,0,0,0,0
4.951679706573486,0.0,0.0,0.0,0.0,0.0,0.0,0.0,0.0,0.0,0.03,0,0,0,0,0,0,0,0,0,0,0,0,0,0,0,0,0,0,0,0,0
4.953144788742065,0.0,0.0,0.0,0.0,0.0,0.0,0.0,0.0,0.0,0.03,0,0,0,0,0,0,0,0,0,0,0,0,0,0,0,0,0,0,0,0,0
4.954281330108643,0.0,0.0,0.0,0.0,0.0,0.0,0.0,0.0,0.0,0.03,0,0,0,0,0,0,0,0,0,0,0,0,0,0,0,0,0,0,0,0,0
4.955587863922119,0.0,0.0,0.0,0.0,0.0,0.0,0.0,0.0,0.0,0.03,0,0,0,0,0,0,0,0,0,0,0,0,0,0,0,0,0,0,0,0,0
4.956744432449341,0.0,0.0,0.0,0.0,0.0,0.0,0.0,0.0,0.0,0.03,0,0,0,0,0,0,0,0,0,0,0,0,0,0,0,0,0,0,0,0,0
4.9580042362213135,0.0,0.0,0.0,0.0,0.0,0.0,0.0,0.0,0.0,0.03,0,0,0,0,0,0,0,0,0,0,0,0,0,0,0,0,0,0,0,0,0
4.959156513214111,0.0,0.0,0.0,0.0,0.0,0.0,0.0,0.0,0.0,0.03,0,0,0,0,0,0,0,0,0,0,0,0,0,0,0,0,0,0,0,0,0
4.960330009460449,0.0,0.0,0.0,0.0,0.0,0.0,0.0,0.0,0.0,0.03,0,0,0,0,0,0,0,0,0,0,0,0,0,0,0,0,0,0,0,0,0
4.961533546447754,0.0,0.0,0.0,0.0,0.0,0.0,0.0,0.0,0.0,0.03,0,0,0,0,0,0,0,0,0,0,0,0,0,0,0,0,0,0,0,0,0
4.962620973587036,0.0,0.0,0.0,0.0,0.0,0.0,0.0,0.0,0.0,0.03,0,0,0,0,0,0,0,0,0,0,0,0,0,0,0,0,0,0,0,0,0
4.964334726333618,0.0,0.0,0.0,0.0,0.0,0.0,0.0,0.0,0.0,0.03,0,0,0,0,0,0,0,0,0,0,0,0,0,0,0,0,0,0,0,0,0
4.966158866882324,0.0,0.0,0.0,0.0,0.0,0.0,0.0,0.0,0.0,0.03,0,0,0,0,0,0,0,0,0,0,0,0,0,0,0,0,0,0,0,0,0
4.9680256843566895,0.0,0.0,0.0,0.0,0.0,0.0,0.0,0.0,0.0,0.03,0,0,0,0,0,0,0,0,0,0,0,0,0,0,0,0,0,0,0,0,0
4.9695165157318115,0.0,0.0,0.0,0.0,0.0,0.0,0.0,0.0,0.0,0.03,0,0,0,0,0,0,0,0,0,0,0,0,0,0,0,0,0,0,0,0,0
4.970784902572632,0.0,0.0,0.0,0.0,0.0,0.0,0.0,0.0,0.0,0.03,0,0,0,0,0,0,0,0,0,0,0,0,0,0,0,0,0,0,0,0,0
4.973154306411743,0.0,0.0,0.0,0.0,0.0,0.0,0.0,0.0,0.0,0.03,0,0,0,0,0,0,0,0,0,0,0,0,0,0,0,0,0,0,0,0,0
4.974568128585815,0.0,0.0,0.0,0.0,0.0,0.0,0.0,0.0,0.0,0.03,0,0,0,0,0,0,0,0,0,0,0,0,0,0,0,0,0,0,0,0,0
4.975838899612427,0.0,0.0,0.0,0.0,0.0,0.0,0.0,0.0,0.0,0.03,0,0,0,0,0,0,0,0,0,0,0,0,0,0,0,0,0,0,0,0,0
4.977890253067017,0.0,0.0,0.0,0.0,0.0,0.0,0.0,0.0,0.0,0.03,0,0,0,0,0,0,0,0,0,0,0,0,0,0,0,0,0,0,0,0,0
4.979105710983276,0.0,0.0,0.0,0.0,0.0,0.0,0.0,0.0,0.0,0.03,0,0,0,0,0,0,0,0,0,0,0,0,0,0,0,0,0,0,0,0,0
4.980257272720337,0.0,0.0,0.0,0.0,0.0,0.0,0.0,0.0,0.0,0.03,0,0,0,0,0,0,0,0,0,0,0,0,0,0,0,0,0,0,0,0,0
4.981400489807129,0.0,0.0,0.0,0.0,0.0,0.0,0.0,0.0,0.0,0.03,0,0,0,0,0,0,0,0,0,0,0,0,0,0,0,0,0,0,0,0,0
4.982573509216309,0.0,0.0,0.0,0.0,0.0,0.0,0.0,0.0,0.0,0.03,0,0,0,0,0,0,0,0,0,0,0,0,0,0,0,0,0,0,0,0,0
4.984137296676636,0.0,0.0,0.0,0.0,0.0,0.0,0.0,0.0,0.0,0.03,0,0,0,0,0,0,0,0,0,0,0,0,0,0,0,0,0,0,0,0,0
4.9855968952178955,0.0,0.0,0.0,0.0,0.0,0.0,0.0,0.0,0.0,0.03,0,0,0,0,0,0,0,0,0,0,0,0,0,0,0,0,0,0,0,0,0
4.9875452518463135,0.0,0.0,0.0,0.0,0.0,0.0,0.0,0.0,0.0,0.03,0,0,0,0,0,0,0,0,0,0,0,0,0,0,0,0,0,0,0,0,0
4.98868989944458,0.0,0.0,0.0,0.0,0.0,0.0,0.0,0.0,0.0,0.03,0,0,0,0,0,0,0,0,0,0,0,0,0,0,0,0,0,0,0,0,0
4.989806890487671,0.0,0.0,0.0,0.0,0.0,0.0,0.0,0.0,0.0,0.03,0,0,0,0,0,0,0,0,0,0,0,0,0,0,0,0,0,0,0,0,0
4.991449356079102,0.0,0.0,0.0,0.0,0.0,0.0,0.0,0.0,0.0,0.03,0,0,0,0,0,0,0,0,0,0,0,0,0,0,0,0,0,0,0,0,0
4.993794679641724,0.0,0.0,0.0,0.0,0.0,0.0,0.0,0.0,0.0,0.03,0,0,0,0,0,0,0,0,0,0,0,0,0,0,0,0,0,0,0,0,0
4.995020389556885,0.0,0.0,0.0,0.0,0.0,0.0,0.0,0.0,0.0,0.03,0,0,0,0,0,0,0,0,0,0,0,0,0,0,0,0,0,0,0,0,0
4.996952056884766,0.0,0.0,0.0,0.0,0.0,0.0,0.0,0.0,0.0,0.03,0,0,0,0,0,0,0,0,0,0,0,0,0,0,0,0,0,0,0,0,0
4.9980223178863525,0.0,0.0,0.0,0.0,0.0,0.0,0.0,0.0,0.0,0.03,0,0,0,0,0,0,0,0,0,0,0,0,0,0,0,0,0,0,0,0,0
4.999109745025635,0.0,0.0,0.0,0.0,0.0,0.0,0.0,0.0,0.0,0.03,0,0,0,0,0,0,0,0,0,0,0,0,0,0,0,0,0,0,0,0,0
5.002763271331787,0.0,0.0,0.0,0.0,0.0,0.0,0.0,0.0,0.0,0.03,0,0,0,0,0,0,0,0,0,0,0,0,0,0,0,0,0,0,0,0,0
5.004682540893555,0.0,0.0,0.0,0.0,0.0,0.0,0.0,0.0,0.0,0.03,0,0,0,0,0,0,0,0,0,0,0,0,0,0,0,0,0,0,0,0,0
5.0064427852630615,0.0,0.0,0.0,0.0,0.0,0.0,0.0,0.0,0.0,0.03,0,0,0,0,0,0,0,0,0,0,0,0,0,0,0,0,0,0,0,0,0
5.008021354675293,0.0,0.0,0.0,0.0,0.0,0.0,0.0,0.0,0.0,0.03,0,0,0,0,0,0,0,0,0,0,0,0,0,0,0,0,0,0,0,0,0
5.009641408920288,0.0,0.0,0.0,0.0,0.0,0.0,0.0,0.0,0.0,0.03,0,0,0,0,0,0,0,0,0,0,0,0,0,0,0,0,0,0,0,0,0
5.011003255844116,0.0,0.0,0.0,0.0,0.0,0.0,0.0,0.0,0.0,0.03,0,0,0,0,0,0,0,0,0,0,0,0,0,0,0,0,0,0,0,0,0
5.013799667358398,0.0,0.0,0.0,0.0,0.0,0.0,0.0,0.0,0.0,0.03,0,0,0,0,0,0,0,0,0,0,0,0,0,0,0,0,0,0,0,0,0
5.015276193618774,0.0,0.0,0.0,0.0,0.0,0.0,0.0,0.0,0.0,0.03,0,0,0,0,0,0,0,0,0,0,0,0,0,0,0,0,0,0,0,0,0
5.0164854526519775,0.0,0.0,0.0,0.0,0.0,0.0,0.0,0.0,0.0,0.03,0,0,0,0,0,0,0,0,0,0,0,0,0,0,0,0,0,0,0,0,0
5.01823353767395,0.0,0.0,0.0,0.0,0.0,0.0,0.0,0.0,0.0,0.03,0,0,0,0,0,0,0,0,0,0,0,0,0,0,0,0,0,0,0,0,0
5.019670248031616,0.0,0.0,0.0,0.0,0.0,0.0,0.0,0.0,0.0,0.03,0,0,0,0,0,0,0,0,0,0,0,0,0,0,0,0,0,0,0,0,0
5.020859956741333,0.0,0.0,0.0,0.0,0.0,0.0,0.0,0.0,0.0,0.03,0,0,0,0,0,0,0,0,0,0,0,0,0,0,0,0,0,0,0,0,0
5.0220489501953125,0.0,0.0,0.0,0.0,0.0,0.0,0.0,0.0,0.0,0.03,0,0,0,0,0,0,0,0,0,0,0,0,0,0,0,0,0,0,0,0,0
5.02314567565918,0.0,0.0,0.0,0.0,0.0,0.0,0.0,0.0,0.0,0.03,0,0,0,0,0,0,0,0,0,0,0,0,0,0,0,0,0,0,0,0,0
5.024627447128296,0.0,0.0,0.0,0.0,0.0,0.0,0.0,0.0,0.0,0.03,0,0,0,0,0,0,0,0,0,0,0,0,0,0,0,0,0,0,0,0,0
5.0259950160980225,0.0,0.0,0.0,0.0,0.0,0.0,0.0,0.0,0.0,0.03,0,0,0,0,0,0,0,0,0,0,0,0,0,0,0,0,0,0,0,0,0
5.027233362197876,0.0,0.0,0.0,0.0,0.0,0.0,0.0,0.0,0.0,0.03,0,0,0,0,0,0,0,0,0,0,0,0,0,0,0,0,0,0,0,0,0
5.0286266803741455,0.0,0.0,0.0,0.0,0.0,0.0,0.0,0.0,0.0,0.03,0,0,0,0,0,0,0,0,0,0,0,0,0,0,0,0,0,0,0,0,0
5.030545949935913,0.0,0.0,0.0,0.0,0.0,0.0,0.0,0.0,0.0,0.03,0,0,0,0,0,0,0,0,0,0,0,0,0,0,0,0,0,0,0,0,0
5.032097339630127,0.0,0.0,0.0,0.0,0.0,0.0,0.0,0.0,0.0,0.03,0,0,0,0,0,0,0,0,0,0,0,0,0,0,0,0,0,0,0,0,0
5.033368349075317,0.0,0.0,0.0,0.0,0.0,0.0,0.0,0.0,0.0,0.03,0,0,0,0,0,0,0,0,0,0,0,0,0,0,0,0,0,0,0,0,0
5.035978555679321,0.0,0.0,0.0,0.0,0.0,0.0,0.0,0.0,0.0,0.03,0,0,0,0,0,0,0,0,0,0,0,0,0,0,0,0,0,0,0,0,0
5.037527084350586,0.0,0.0,0.0,0.0,0.0,0.0,0.0,0.0,0.0,0.03,0,0,0,0,0,0,0,0,0,0,0,0,0,0,0,0,0,0,0,0,0
5.03882098197937,0.0,0.0,0.0,0.0,0.0,0.0,0.0,0.0,0.0,0.03,0,0,0,0,0,0,0,0,0,0,0,0,0,0,0,0,0,0,0,0,0
5.040382385253906,0.0,0.0,0.0,0.0,0.0,0.0,0.0,0.0,0.0,0.03,0,0,0,0,0,0,0,0,0,0,0,0,0,0,0,0,0,0,0,0,0
5.0416460037231445,0.0,0.0,0.0,0.0,0.0,0.0,0.0,0.0,0.0,0.03,0,0,0,0,0,0,0,0,0,0,0,0,0,0,0,0,0,0,0,0,0
5.042742967605591,0.0,0.0,0.0,0.0,0.0,0.0,0.0,0.0,0.0,0.03,0,0,0,0,0,0,0,0,0,0,0,0,0,0,0,0,0,0,0,0,0
5.043846845626831,0.0,0.0,0.0,0.0,0.0,0.0,0.0,0.0,0.0,0.03,0,0,0,0,0,0,0,0,0,0,0,0,0,0,0,0,0,0,0,0,0
5.044940233230591,0.0,0.0,0.0,0.0,0.0,0.0,0.0,0.0,0.0,0.03,0,0,0,0,0,0,0,0,0,0,0,0,0,0,0,0,0,0,0,0,0
5.046002149581909,0.0,0.0,0.0,0.0,0.0,0.0,0.0,0.0,0.0,0.03,0,0,0,0,0,0,0,0,0,0,0,0,0,0,0,0,0,0,0,0,0
5.047646760940552,0.0,0.0,0.0,0.0,0.0,0.0,0.0,0.0,0.0,0.03,0,0,0,0,0,0,0,0,0,0,0,0,0,0,0,0,0,0,0,0,0
5.0489842891693115,0.0,0.0,0.0,0.0,0.0,0.0,0.0,0.0,0.0,0.03,0,0,0,0,0,0,0,0,0,0,0,0,0,0,0,0,0,0,0,0,0
5.051025390625,0.0,0.0,0.0,0.0,0.0,0.0,0.0,0.0,0.0,0.03,0,0,0,0,0,0,0,0,0,0,0,0,0,0,0,0,0,0,0,0,0
5.052428960800171,0.0,0.0,0.0,0.0,0.0,0.0,0.0,0.0,0.0,0.03,0,0,0,0,0,0,0,0,0,0,0,0,0,0,0,0,0,0,0,0,0
5.053836345672607,0.0,0.0,0.0,0.0,0.0,0.0,0.0,0.0,0.0,0.03,0,0,0,0,0,0,0,0,0,0,0,0,0,0,0,0,0,0,0,0,0
5.055185317993164,0.0,0.0,0.0,0.0,0.0,0.0,0.0,0.0,0.0,0.03,0,0,0,0,0,0,0,0,0,0,0,0,0,0,0,0,0,0,0,0,0
5.0562708377838135,0.0,0.0,0.0,0.0,0.0,0.0,0.0,0.0,0.0,0.03,0,0,0,0,0,0,0,0,0,0,0,0,0,0,0,0,0,0,0,0,0
5.057563304901123,0.0,0.0,0.0,0.0,0.0,0.0,0.0,0.0,0.0,0.03,0,0,0,0,0,0,0,0,0,0,0,0,0,0,0,0,0,0,0,0,0
5.058815240859985,0.0,0.0,0.0,0.0,0.0,0.0,0.0,0.0,0.0,0.03,0,0,0,0,0,0,0,0,0,0,0,0,0,0,0,0,0,0,0,0,0
5.06039834022522,0.0,0.0,0.0,0.0,0.0,0.0,0.0,0.0,0.0,0.03,0,0,0,0,0,0,0,0,0,0,0,0,0,0,0,0,0,0,0,0,0
5.061662673950195,0.0,0.0,0.0,0.0,0.0,0.0,0.0,0.0,0.0,0.03,0,0,0,0,0,0,0,0,0,0,0,0,0,0,0,0,0,0,0,0,0
5.062749862670898,0.0,0.0,0.0,0.0,0.0,0.0,0.0,0.0,0.0,0.03,0,0,0,0,0,0,0,0,0,0,0,0,0,0,0,0,0,0,0,0,0
5.065387010574341,0.0,0.0,0.0,0.0,0.0,0.0,0.0,0.0,0.0,0.03,0,0,0,0,0,0,0,0,0,0,0,0,0,0,0,0,0,0,0,0,0
5.067217588424683,0.0,0.0,0.0,0.0,0.0,0.0,0.0,0.0,0.0,0.03,0,0,0,0,0,0,0,0,0,0,0,0,0,0,0,0,0,0,0,0,0
5.068696737289429,0.0,0.0,0.0,0.0,0.0,0.0,0.0,0.0,0.0,0.03,0,0,0,0,0,0,0,0,0,0,0,0,0,0,0,0,0,0,0,0,0
5.070697546005249,0.0,0.0,0.0,0.0,0.0,0.0,0.0,0.0,0.0,0.03,0,0,0,0,0,0,0,0,0,0,0,0,0,0,0,0,0,0,0,0,0
5.072427034378052,0.0,0.0,0.0,0.0,0.0,0.0,0.0,0.0,0.0,0.03,0,0,0,0,0,0,0,0,0,0,0,0,0,0,0,0,0,0,0,0,0
5.073847055435181,0.0,0.0,0.0,0.0,0.0,0.0,0.0,0.0,0.0,0.03,0,0,0,0,0,0,0,0,0,0,0,0,0,0,0,0,0,0,0,0,0
5.076447486877441,0.0,0.0,0.0,0.0,0.0,0.0,0.0,0.0,0.0,0.03,0,0,0,0,0,0,0,0,0,0,0,0,0,0,0,0,0,0,0,0,0
5.07787561416626,0.0,0.0,0.0,0.0,0.0,0.0,0.0,0.0,0.0,0.03,0,0,0,0,0,0,0,0,0,0,0,0,0,0,0,0,0,0,0,0,0
5.078991889953613,0.0,0.0,0.0,0.0,0.0,0.0,0.0,0.0,0.0,0.03,0,0,0,0,0,0,0,0,0,0,0,0,0,0,0,0,0,0,0,0,0
5.080272197723389,0.0,0.0,0.0,0.0,0.0,0.0,0.0,0.0,0.0,0.03,0,0,0,0,0,0,0,0,0,0,0,0,0,0,0,0,0,0,0,0,0
5.081489324569702,0.0,0.0,0.0,0.0,0.0,0.0,0.0,0.0,0.0,0.03,0,0,0,0,0,0,0,0,0,0,0,0,0,0,0,0,0,0,0,0,0
5.08269476890564,0.0,0.0,0.0,0.0,0.0,0.0,0.0,0.0,0.0,0.03,0,0,0,0,0,0,0,0,0,0,0,0,0,0,0,0,0,0,0,0,0
5.083894968032837,0.0,0.0,0.0,0.0,0.0,0.0,0.0,0.0,0.0,0.03,0,0,0,0,0,0,0,0,0,0,0,0,0,0,0,0,0,0,0,0,0
5.085062742233276,0.0,0.0,0.0,0.0,0.0,0.0,0.0,0.0,0.0,0.03,0,0,0,0,0,0,0,0,0,0,0,0,0,0,0,0,0,0,0,0,0
5.086151599884033,0.0,0.0,0.0,0.0,0.0,0.0,0.0,0.0,0.0,0.03,0,0,0,0,0,0,0,0,0,0,0,0,0,0,0,0,0,0,0,0,0
5.087238311767578,0.0,0.0,0.0,0.0,0.0,0.0,0.0,0.0,0.0,0.03,0,0,0,0,0,0,0,0,0,0,0,0,0,0,0,0,0,0,0,0,0
5.088374614715576,0.0,0.0,0.0,0.0,0.0,0.0,0.0,0.0,0.0,0.03,0,0,0,0,0,0,0,0,0,0,0,0,0,0,0,0,0,0,0,0,0
5.0914671421051025,0.0,0.0,0.0,0.0,0.0,0.0,0.0,0.0,0.0,0.03,0,0,0,0,0,0,0,0,0,0,0,0,0,0,0,0,0,0,0,0,0
5.093590259552002,0.0,0.0,0.0,0.0,0.0,0.0,0.0,0.0,0.0,0.03,0,0,0,0,0,0,0,0,0,0,0,0,0,0,0,0,0,0,0,0,0
5.09472131729126,0.0,0.0,0.0,0.0,0.0,0.0,0.0,0.0,0.0,0.03,0,0,0,0,0,0,0,0,0,0,0,0,0,0,0,0,0,0,0,0,0
5.095870733261108,0.0,0.0,0.0,0.0,0.0,0.0,0.0,0.0,0.0,0.03,0,0,0,0,0,0,0,0,0,0,0,0,0,0,0,0,0,0,0,0,0
5.097845792770386,0.0,0.0,0.0,0.0,0.0,0.0,0.0,0.0,0.0,0.03,0,0,0,0,0,0,0,0,0,0,0,0,0,0,0,0,0,0,0,0,0
5.099228382110596,0.0,0.0,0.0,0.0,0.0,0.0,0.0,0.0,0.0,0.03,0,0,0,0,0,0,0,0,0,0,0,0,0,0,0,0,0,0,0,0,0
5.100446939468384,0.0,0.0,0.0,0.0,0.0,0.0,0.0,0.0,0.0,0.03,0,0,0,0,0,0,0,0,0,0,0,0,0,0,0,0,0,0,0,0,0
5.10161280632019,0.0,0.0,0.0,0.0,0.0,0.0,0.0,0.0,0.0,0.03,0,0,0,0,0,0,0,0,0,0,0,0,0,0,0,0,0,0,0,0,0
5.103201150894165,0.0,0.0,0.0,0.0,0.0,0.0,0.0,0.0,0.0,0.03,0,0,0,0,0,0,0,0,0,0,0,0,0,0,0,0,0,0,0,0,0
5.104300022125244,0.0,0.0,0.0,0.0,0.0,0.0,0.0,0.0,0.0,0.03,0,0,0,0,0,0,0,0,0,0,0,0,0,0,0,0,0,0,0,0,0
5.105561971664429,0.0,0.0,0.0,0.0,0.0,0.0,0.0,0.0,0.0,0.03,0,0,0,0,0,0,0,0,0,0,0,0,0,0,0,0,0,0,0,0,0
5.106948614120483,0.0,0.0,0.0,0.0,0.0,0.0,0.0,0.0,0.0,0.03,0,0,0,0,0,0,0,0,0,0,0,0,0,0,0,0,0,0,0,0,0
5.1083433628082275,0.0,0.0,0.0,0.0,0.0,0.0,0.0,0.0,0.0,0.03,0,0,0,0,0,0,0,0,0,0,0,0,0,0,0,0,0,0,0,0,0
5.109606504440308,0.0,0.0,0.0,0.0,0.0,0.0,0.0,0.0,0.0,0.03,0,0,0,0,0,0,0,0,0,0,0,0,0,0,0,0,0,0,0,0,0
5.112033367156982,0.0,0.0,0.0,0.0,0.0,0.0,0.0,0.0,0.0,0.03,0,0,0,0,0,0,0,0,0,0,0,0,0,0,0,0,0,0,0,0,0
5.113799810409546,0.0,0.0,0.0,0.0,0.0,0.0,0.0,0.0,0.0,0.03,0,0,0,0,0,0,0,0,0,0,0,0,0,0,0,0,0,0,0,0,0
5.115383863449097,0.0,0.0,0.0,0.0,0.0,0.0,0.0,0.0,0.0,0.03,0,0,0,0,0,0,0,0,0,0,0,0,0,0,0,0,0,0,0,0,0
5.116496801376343,0.0,0.0,0.0,0.0,0.0,0.0,0.0,0.0,0.0,0.03,0,0,0,0,0,0,0,0,0,0,0,0,0,0,0,0,0,0,0,0,0
5.11799955368042,0.0,0.0,0.0,0.0,0.0,0.0,0.0,0.0,0.0,0.03,0,0,0,0,0,0,0,0,0,0,0,0,0,0,0,0,0,0,0,0,0
5.119286298751831,0.0,0.0,0.0,0.0,0.0,0.0,0.0,0.0,0.0,0.03,0,0,0,0,0,0,0,0,0,0,0,0,0,0,0,0,0,0,0,0,0
5.120642185211182,0.0,0.0,0.0,0.0,0.0,0.0,0.0,0.0,0.0,0.03,0,0,0,0,0,0,0,0,0,0,0,0,0,0,0,0,0,0,0,0,0
5.121899604797363,0.0,0.0,0.0,0.0,0.0,0.0,0.0,0.0,0.0,0.03,0,0,0,0,0,0,0,0,0,0,0,0,0,0,0,0,0,0,0,0,0
5.123574733734131,0.0,0.0,0.0,0.0,0.0,0.0,0.0,0.0,0.0,0.03,0,0,0,0,0,0,0,0,0,0,0,0,0,0,0,0,0,0,0,0,0
5.124959468841553,0.0,0.0,0.0,0.0,0.0,0.0,0.0,0.0,0.0,0.03,0,0,0,0,0,0,0,0,0,0,0,0,0,0,0,0,0,0,0,0,0
5.126023530960083,0.0,0.0,0.0,0.0,0.0,0.0,0.0,0.0,0.0,0.03,0,0,0,0,0,0,0,0,0,0,0,0,0,0,0,0,0,0,0,0,0
5.1290271282196045,0.0,0.0,0.0,0.0,0.0,0.0,0.0,0.0,0.0,0.03,0,0,0,0,0,0,0,0,0,0,0,0,0,0,0,0,0,0,0,0,0
5.130127906799316,0.0,0.0,0.0,0.0,0.0,0.0,0.0,0.0,0.0,0.03,0,0,0,0,0,0,0,0,0,0,0,0,0,0,0,0,0,0,0,0,0
5.1314332485198975,0.0,0.0,0.0,0.0,0.0,0.0,0.0,0.0,0.0,0.03,0,0,0,0,0,0,0,0,0,0,0,0,0,0,0,0,0,0,0,0,0
5.1325318813323975,0.0,0.0,0.0,0.0,0.0,0.0,0.0,0.0,0.0,0.03,0,0,0,0,0,0,0,0,0,0,0,0,0,0,0,0,0,0,0,0,0
5.135952711105347,0.0,0.0,0.0,0.0,0.0,0.0,0.0,0.0,0.0,0.03,0,0,0,0,0,0,0,0,0,0,0,0,0,0,0,0,0,0,0,0,0
5.13720703125,0.0,0.0,0.0,0.0,0.0,0.0,0.0,0.0,0.0,0.03,0,0,0,0,0,0,0,0,0,0,0,0,0,0,0,0,0,0,0,0,0
5.139528036117554,0.0,0.0,0.0,0.0,0.0,0.0,0.0,0.0,0.0,0.03,0,0,0,0,0,0,0,0,0,0,0,0,0,0,0,0,0,0,0,0,0
5.141132354736328,0.0,0.0,0.0,0.0,0.0,0.0,0.0,0.0,0.0,0.03,0,0,0,0,0,0,0,0,0,0,0,0,0,0,0,0,0,0,0,0,0
5.142255067825317,0.0,0.0,0.0,0.0,0.0,0.0,0.0,0.0,0.0,0.03,0,0,0,0,0,0,0,0,0,0,0,0,0,0,0,0,0,0,0,0,0
5.143583059310913,0.0,0.0,0.0,0.0,0.0,0.0,0.0,0.0,0.0,0.03,0,0,0,0,0,0,0,0,0,0,0,0,0,0,0,0,0,0,0,0,0
5.144789695739746,0.0,0.0,0.0,0.0,0.0,0.0,0.0,0.0,0.0,0.03,0,0,0,0,0,0,0,0,0,0,0,0,0,0,0,0,0,0,0,0,0
5.146009683609009,0.0,0.0,0.0,0.0,0.0,0.0,0.0,0.0,0.0,0.03,0,0,0,0,0,0,0,0,0,0,0,0,0,0,0,0,0,0,0,0,0
5.147072792053223,0.0,0.0,0.0,0.0,0.0,0.0,0.0,0.0,0.0,0.03,0,0,0,0,0,0,0,0,0,0,0,0,0,0,0,0,0,0,0,0,0
5.1482133865356445,0.0,0.0,0.0,0.0,0.0,0.0,0.0,0.0,0.0,0.03,0,0,0,0,0,0,0,0,0,0,0,0,0,0,0,0,0,0,0,0,0
5.149596929550171,0.0,0.0,0.0,0.0,0.0,0.0,0.0,0.0,0.0,0.03,0,0,0,0,0,0,0,0,0,0,0,0,0,0,0,0,0,0,0,0,0
5.150679111480713,0.0,0.0,0.0,0.0,0.0,0.0,0.0,0.0,0.0,0.03,0,0,0,0,0,0,0,0,0,0,0,0,0,0,0,0,0,0,0,0,0
5.152500867843628,0.0,0.0,0.0,0.0,0.0,0.0,0.0,0.0,0.0,0.03,0,0,0,0,0,0,0,0,0,0,0,0,0,0,0,0,0,0,0,0,0
5.153699159622192,0.0,0.0,0.0,0.0,0.0,0.0,0.0,0.0,0.0,0.03,0,0,0,0,0,0,0,0,0,0,0,0,0,0,0,0,0,0,0,0,0
5.156912803649902,0.0,0.0,0.0,0.0,0.0,0.0,0.0,0.0,0.0,0.03,0,0,0,0,0,0,0,0,0,0,0,0,0,0,0,0,0,0,0,0,0
5.15815544128418,0.0,0.0,0.0,0.0,0.0,0.0,0.0,0.0,0.0,0.03,0,0,0,0,0,0,0,0,0,0,0,0,0,0,0,0,0,0,0,0,0
5.159363508224487,0.0,0.0,0.0,0.0,0.0,0.0,0.0,0.0,0.0,0.03,0,0,0,0,0,0,0,0,0,0,0,0,0,0,0,0,0,0,0,0,0
5.161539554595947,0.0,0.0,0.0,0.0,0.0,0.0,0.0,0.0,0.0,0.03,0,0,0,0,0,0,0,0,0,0,0,0,0,0,0,0,0,0,0,0,0
5.162974119186401,0.0,0.0,0.0,0.0,0.0,0.0,0.0,0.0,0.0,0.03,0,0,0,0,0,0,0,0,0,0,0,0,0,0,0,0,0,0,0,0,0
5.164271116256714,0.0,0.0,0.0,0.0,0.0,0.0,0.0,0.0,0.0,0.03,0,0,0,0,0,0,0,0,0,0,0,0,0,0,0,0,0,0,0,0,0
5.16533637046814,0.0,0.0,0.0,0.0,0.0,0.0,0.0,0.0,0.0,0.03,0,0,0,0,0,0,0,0,0,0,0,0,0,0,0,0,0,0,0,0,0
5.166704416275024,0.0,0.0,0.0,0.0,0.0,0.0,0.0,0.0,0.0,0.03,0,0,0,0,0,0,0,0,0,0,0,0,0,0,0,0,0,0,0,0,0
5.167844533920288,0.0,0.0,0.0,0.0,0.0,0.0,0.0,0.0,0.0,0.03,0,0,0,0,0,0,0,0,0,0,0,0,0,0,0,0,0,0,0,0,0
5.169048547744751,0.0,0.0,0.0,0.0,0.0,0.0,0.0,0.0,0.0,0.03,0,0,0,0,0,0,0,0,0,0,0,0,0,0,0,0,0,0,0,0,0
5.170210123062134,0.0,0.0,0.0,0.0,0.0,0.0,0.0,0.0,0.0,0.03,0,0,0,0,0,0,0,0,0,0,0,0,0,0,0,0,0,0,0,0,0
5.171429634094238,0.0,0.0,0.0,0.0,0.0,0.0,0.0,0.0,0.0,0.03,0,0,0,0,0,0,0,0,0,0,0,0,0,0,0,0,0,0,0,0,0
5.1731743812561035,0.0,0.0,0.0,0.0,0.0,0.0,0.0,0.0,0.0,0.03,0,0,0,0,0,0,0,0,0,0,0,0,0,0,0,0,0,0,0,0,0
5.176392555236816,0.0,0.0,0.0,0.0,0.0,0.0,0.0,0.0,0.0,0.03,0,0,0,0,0,0,0,0,0,0,0,0,0,0,0,0,0,0,0,0,0
5.177955389022827,0.0,0.0,0.0,0.0,0.0,0.0,0.0,0.0,0.0,0.03,0,0,0,0,0,0,0,0,0,0,0,0,0,0,0,0,0,0,0,0,0
5.179082155227661,0.0,0.0,0.0,0.0,0.0,0.0,0.0,0.0,0.0,0.03,0,0,0,0,0,0,0,0,0,0,0,0,0,0,0,0,0,0,0,0,0
5.180233001708984,0.0,0.0,0.0,0.0,0.0,0.0,0.0,0.0,0.0,0.03,0,0,0,0,0,0,0,0,0,0,0,0,0,0,0,0,0,0,0,0,0
5.181544780731201,0.0,0.0,0.0,0.0,0.0,0.0,0.0,0.0,0.0,0.03,0,0,0,0,0,0,0,0,0,0,0,0,0,0,0,0,0,0,0,0,0
5.183074474334717,0.0,0.0,0.0,0.0,0.0,0.0,0.0,0.0,0.0,0.03,0,0,0,0,0,0,0,0,0,0,0,0,0,0,0,0,0,0,0,0,0
5.184320449829102,0.0,0.0,0.0,0.0,0.0,0.0,0.0,0.0,0.0,0.03,0,0,0,0,0,0,0,0,0,0,0,0,0,0,0,0,0,0,0,0,0
5.185847997665405,0.0,0.0,0.0,0.0,0.0,0.0,0.0,0.0,0.0,0.03,0,0,0,0,0,0,0,0,0,0,0,0,0,0,0,0,0,0,0,0,0
5.187164783477783,0.0,0.0,0.0,0.0,0.0,0.0,0.0,0.0,0.0,0.03,0,0,0,0,0,0,0,0,0,0,0,0,0,0,0,0,0,0,0,0,0
5.1907970905303955,0.0,0.0,0.0,0.0,0.0,0.0,0.0,0.0,0.0,0.03,0,0,0,0,0,0,0,0,0,0,0,0,0,0,0,0,0,0,0,0,0
5.1926374435424805,0.0,0.0,0.0,0.0,0.0,0.0,0.0,0.0,0.0,0.03,0,0,0,0,0,0,0,0,0,0,0,0,0,0,0,0,0,0,0,0,0
5.1944310665130615,0.0,0.0,0.0,0.0,0.0,0.0,0.0,0.0,0.0,0.03,0,0,0,0,0,0,0,0,0,0,0,0,0,0,0,0,0,0,0,0,0
5.196134090423584,0.0,0.0,0.0,0.0,0.0,0.0,0.0,0.0,0.0,0.03,0,0,0,0,0,0,0,0,0,0,0,0,0,0,0,0,0,0,0,0,0
5.1979639530181885,0.0,0.0,0.0,0.0,0.0,0.0,0.0,0.0,0.0,0.03,0,0,0,0,0,0,0,0,0,0,0,0,0,0,0,0,0,0,0,0,0
5.1993536949157715,0.0,0.0,0.0,0.0,0.0,0.0,0.0,0.0,0.0,0.03,0,0,0,0,0,0,0,0,0,0,0,0,0,0,0,0,0,0,0,0,0
5.202764272689819,0.0,0.0,0.0,0.0,0.0,0.0,0.0,0.0,0.0,0.03,0,0,0,0,0,0,0,0,0,0,0,0,0,0,0,0,0,0,0,0,0
5.204221248626709,0.0,0.0,0.0,0.0,0.0,0.0,0.0,0.0,0.0,0.03,0,0,0,0,0,0,0,0,0,0,0,0,0,0,0,0,0,0,0,0,0
5.2054283618927,0.0,0.0,0.0,0.0,0.0,0.0,0.0,0.0,0.0,0.03,0,0,0,0,0,0,0,0,0,0,0,0,0,0,0,0,0,0,0,0,0
5.207182884216309,0.0,0.0,0.0,0.0,0.0,0.0,0.0,0.0,0.0,0.03,0,0,0,0,0,0,0,0,0,0,0,0,0,0,0,0,0,0,0,0,0
5.208317518234253,0.0,0.0,0.0,0.0,0.0,0.0,0.0,0.0,0.0,0.03,0,0,0,0,0,0,0,0,0,0,0,0,0,0,0,0,0,0,0,0,0
5.209463834762573,0.0,0.0,0.0,0.0,0.0,0.0,0.0,0.0,0.0,0.03,0,0,0,0,0,0,0,0,0,0,0,0,0,0,0,0,0,0,0,0,0
5.210675001144409,0.0,0.0,0.0,0.0,0.0,0.0,0.0,0.0,0.0,0.03,0,0,0,0,0,0,0,0,0,0,0,0,0,0,0,0,0,0,0,0,0
5.211789608001709,0.0,0.0,0.0,0.0,0.0,0.0,0.0,0.0,0.0,0.03,0,0,0,0,0,0,0,0,0,0,0,0,0,0,0,0,0,0,0,0,0
5.21300482749939,0.0,0.0,0.0,0.0,0.0,0.0,0.0,0.0,0.0,0.03,0,0,0,0,0,0,0,0,0,0,0,0,0,0,0,0,0,0,0,0,0
5.214068174362183,0.0,0.0,0.0,0.0,0.0,0.0,0.0,0.0,0.0,0.03,0,0,0,0,0,0,0,0,0,0,0,0,0,0,0,0,0,0,0,0,0
5.215158224105835,0.0,0.0,0.0,0.0,0.0,0.0,0.0,0.0,0.0,0.03,0,0,0,0,0,0,0,0,0,0,0,0,0,0,0,0,0,0,0,0,0
5.216912508010864,0.0,0.0,0.0,0.0,0.0,0.0,0.0,0.0,0.0,0.03,0,0,0,0,0,0,0,0,0,0,0,0,0,0,0,0,0,0,0,0,0
5.220035552978516,0.0,0.0,0.0,0.0,0.0,0.0,0.0,0.0,0.0,0.03,0,0,0,0,0,0,0,0,0,0,0,0,0,0,0,0,0,0,0,0,0
5.221339225769043,0.0,0.0,0.0,0.0,0.0,0.0,0.0,0.0,0.0,0.03,0,0,0,0,0,0,0,0,0,0,0,0,0,0,0,0,0,0,0,0,0
5.222735166549683,0.0,0.0,0.0,0.0,0.0,0.0,0.0,0.0,0.0,0.03,0,0,0,0,0,0,0,0,0,0,0,0,0,0,0,0,0,0,0,0,0
5.224364519119263,0.0,0.0,0.0,0.0,0.0,0.0,0.0,0.0,0.0,0.03,0,0,0,0,0,0,0,0,0,0,0,0,0,0,0,0,0,0,0,0,0
5.2257184982299805,0.0,0.0,0.0,0.0,0.0,0.0,0.0,0.0,0.0,0.03,0,0,0,0,0,0,0,0,0,0,0,0,0,0,0,0,0,0,0,0,0
5.226994752883911,0.0,0.0,0.0,0.0,0.0,0.0,0.0,0.0,0.0,0.03,0,0,0,0,0,0,0,0,0,0,0,0,0,0,0,0,0,0,0,0,0
5.228543758392334,0.0,0.0,0.0,0.0,0.0,0.0,0.0,0.0,0.0,0.03,0,0,0,0,0,0,0,0,0,0,0,0,0,0,0,0,0,0,0,0,0
5.229755878448486,0.0,0.0,0.0,0.0,0.0,0.0,0.0,0.0,0.0,0.03,0,0,0,0,0,0,0,0,0,0,0,0,0,0,0,0,0,0,0,0,0
5.230933666229248,0.0,0.0,0.0,0.0,0.0,0.0,0.0,0.0,0.0,0.03,0,0,0,0,0,0,0,0,0,0,0,0,0,0,0,0,0,0,0,0,0
5.232024431228638,0.0,0.0,0.0,0.0,0.0,0.0,0.0,0.0,0.0,0.03,0,0,0,0,0,0,0,0,0,0,0,0,0,0,0,0,0,0,0,0,0
5.233416318893433,0.0,0.0,0.0,0.0,0.0,0.0,0.0,0.0,0.0,0.03,0,0,0,0,0,0,0,0,0,0,0,0,0,0,0,0,0,0,0,0,0
5.234711170196533,0.0,0.0,0.0,0.0,0.0,0.0,0.0,0.0,0.0,0.03,0,0,0,0,0,0,0,0,0,0,0,0,0,0,0,0,0,0,0,0,0
5.236222982406616,0.0,0.0,0.0,0.0,0.0,0.0,0.0,0.0,0.0,0.03,0,0,0,0,0,0,0,0,0,0,0,0,0,0,0,0,0,0,0,0,0
5.237764120101929,0.0,0.0,0.0,0.0,0.0,0.0,0.0,0.0,0.0,0.03,0,0,0,0,0,0,0,0,0,0,0,0,0,0,0,0,0,0,0,0,0
5.239165544509888,0.0,0.0,0.0,0.0,0.0,0.0,0.0,0.0,0.0,0.03,0,0,0,0,0,0,0,0,0,0,0,0,0,0,0,0,0,0,0,0,0
5.240470886230469,0.0,0.0,0.0,0.0,0.0,0.0,0.0,0.0,0.0,0.03,0,0,0,0,0,0,0,0,0,0,0,0,0,0,0,0,0,0,0,0,0
5.241816759109497,0.0,0.0,0.0,0.0,0.0,0.0,0.0,0.0,0.0,0.03,0,0,0,0,0,0,0,0,0,0,0,0,0,0,0,0,0,0,0,0,0
5.243183374404907,0.0,0.0,0.0,0.0,0.0,0.0,0.0,0.0,0.0,0.03,0,0,0,0,0,0,0,0,0,0,0,0,0,0,0,0,0,0,0,0,0
5.245179653167725,0.0,0.0,0.0,0.0,0.0,0.0,0.0,0.0,0.0,0.03,0,0,0,0,0,0,0,0,0,0,0,0,0,0,0,0,0,0,0,0,0
5.246378660202026,0.0,0.0,0.0,0.0,0.0,0.0,0.0,0.0,0.0,0.03,0,0,0,0,0,0,0,0,0,0,0,0,0,0,0,0,0,0,0,0,0
5.247610330581665,0.0,0.0,0.0,0.0,0.0,0.0,0.0,0.0,0.0,0.03,0,0,0,0,0,0,0,0,0,0,0,0,0,0,0,0,0,0,0,0,0
5.2487452030181885,0.0,0.0,0.0,0.0,0.0,0.0,0.0,0.0,0.0,0.03,0,0,0,0,0,0,0,0,0,0,0,0,0,0,0,0,0,0,0,0,0
5.249807834625244,0.0,0.0,0.0,0.0,0.0,0.0,0.0,0.0,0.0,0.03,0,0,0,0,0,0,0,0,0,0,0,0,0,0,0,0,0,0,0,0,0
5.253102540969849,0.0,0.0,0.0,0.0,0.0,0.0,0.0,0.0,0.0,0.03,0,0,0,0,0,0,0,0,0,0,0,0,0,0,0,0,0,0,0,0,0
5.255034685134888,0.0,0.0,0.0,0.0,0.0,0.0,0.0,0.0,0.0,0.03,0,0,0,0,0,0,0,0,0,0,0,0,0,0,0,0,0,0,0,0,0
5.256497621536255,0.0,0.0,0.0,0.0,0.0,0.0,0.0,0.0,0.0,0.03,0,0,0,0,0,0,0,0,0,0,0,0,0,0,0,0,0,0,0,0,0
5.259349346160889,0.0,0.0,0.0,0.0,0.0,0.0,0.0,0.0,0.0,0.03,0,0,0,0,0,0,0,0,0,0,0,0,0,0,0,0,0,0,0,0,0
5.260653257369995,0.0,0.0,0.0,0.0,0.0,0.0,0.0,0.0,0.0,0.03,0,0,0,0,0,0,0,0,0,0,0,0,0,0,0,0,0,0,0,0,0
5.2619287967681885,0.0,0.0,0.0,0.0,0.0,0.0,0.0,0.0,0.0,0.03,0,0,0,0,0,0,0,0,0,0,0,0,0,0,0,0,0,0,0,0,0
5.263376474380493,0.0,0.0,0.0,0.0,0.0,0.0,0.0,0.0,0.0,0.03,0,0,0,0,0,0,0,0,0,0,0,0,0,0,0,0,0,0,0,0,0
5.2647740840911865,0.0,0.0,0.0,0.0,0.0,0.0,0.0,0.0,0.0,0.03,0,0,0,0,0,0,0,0,0,0,0,0,0,0,0,0,0,0,0,0,0
5.265996932983398,0.0,0.0,0.0,0.0,0.0,0.0,0.0,0.0,0.0,0.03,0,0,0,0,0,0,0,0,0,0,0,0,0,0,0,0,0,0,0,0,0
5.26708722114563,0.0,0.0,0.0,0.0,0.0,0.0,0.0,0.0,0.0,0.03,0,0,0,0,0,0,0,0,0,0,0,0,0,0,0,0,0,0,0,0,0
5.268648147583008,0.0,0.0,0.0,0.0,0.0,0.0,0.0,0.0,0.0,0.03,0,0,0,0,0,0,0,0,0,0,0,0,0,0,0,0,0,0,0,0,0
5.269930839538574,0.0,0.0,0.0,0.0,0.0,0.0,0.0,0.0,0.0,0.03,0,0,0,0,0,0,0,0,0,0,0,0,0,0,0,0,0,0,0,0,0
5.2711145877838135,0.0,0.0,0.0,0.0,0.0,0.0,0.0,0.0,0.0,0.03,0,0,0,0,0,0,0,0,0,0,0,0,0,0,0,0,0,0,0,0,0
5.272213697433472,0.0,0.0,0.0,0.0,0.0,0.0,0.0,0.0,0.0,0.03,0,0,0,0,0,0,0,0,0,0,0,0,0,0,0,0,0,0,0,0,0
5.273303031921387,0.0,0.0,0.0,0.0,0.0,0.0,0.0,0.0,0.0,0.03,0,0,0,0,0,0,0,0,0,0,0,0,0,0,0,0,0,0,0,0,0
5.274726152420044,0.0,0.0,0.0,0.0,0.0,0.0,0.0,0.0,0.0,0.03,0,0,0,0,0,0,0,0,0,0,0,0,0,0,0,0,0,0,0,0,0
5.275932550430298,0.0,0.0,0.0,0.0,0.0,0.0,0.0,0.0,0.0,0.03,0,0,0,0,0,0,0,0,0,0,0,0,0,0,0,0,0,0,0,0,0
5.278550863265991,0.0,0.0,0.0,0.0,0.0,0.0,0.0,0.0,0.0,0.03,0,0,0,0,0,0,0,0,0,0,0,0,0,0,0,0,0,0,0,0,0
5.279631614685059,0.0,0.0,0.0,0.0,0.0,0.0,0.0,0.0,0.0,0.03,0,0,0,0,0,0,0,0,0,0,0,0,0,0,0,0,0,0,0,0,0
5.280890941619873,0.0,0.0,0.0,0.0,0.0,0.0,0.0,0.0,0.0,0.03,0,0,0,0,0,0,0,0,0,0,0,0,0,0,0,0,0,0,0,0,0
5.2821855545043945,0.0,0.0,0.0,0.0,0.0,0.0,0.0,0.0,0.0,0.03,0,0,0,0,0,0,0,0,0,0,0,0,0,0,0,0,0,0,0,0,0
5.283312082290649,0.0,0.0,0.0,0.0,0.0,0.0,0.0,0.0,0.0,0.03,0,0,0,0,0,0,0,0,0,0,0,0,0,0,0,0,0,0,0,0,0
5.2852654457092285,0.0,0.0,0.0,0.0,0.0,0.0,0.0,0.0,0.0,0.03,0,0,0,0,0,0,0,0,0,0,0,0,0,0,0,0,0,0,0,0,0
5.286648750305176,0.0,0.0,0.0,0.0,0.0,0.0,0.0,0.0,0.0,0.03,0,0,0,0,0,0,0,0,0,0,0,0,0,0,0,0,0,0,0,0,0
5.287864923477173,0.0,0.0,0.0,0.0,0.0,0.0,0.0,0.0,0.0,0.03,0,0,0,0,0,0,0,0,0,0,0,0,0,0,0,0,0,0,0,0,0
5.289928674697876,0.0,0.0,0.0,0.0,0.0,0.0,0.0,0.0,0.0,0.03,0,0,0,0,0,0,0,0,0,0,0,0,0,0,0,0,0,0,0,0,0
5.291127681732178,0.0,0.0,0.0,0.0,0.0,0.0,0.0,0.0,0.0,0.03,0,0,0,0,0,0,0,0,0,0,0,0,0,0,0,0,0,0,0,0,0
5.292289733886719,0.0,0.0,0.0,0.0,0.0,0.0,0.0,0.0,0.0,0.03,0,0,0,0,0,0,0,0,0,0,0,0,0,0,0,0,0,0,0,0,0
5.2934417724609375,0.0,0.0,0.0,0.0,0.0,0.0,0.0,0.0,0.0,0.03,0,0,0,0,0,0,0,0,0,0,0,0,0,0,0,0,0,0,0,0,0
5.294756174087524,0.0,0.0,0.0,0.0,0.0,0.0,0.0,0.0,0.0,0.03,0,0,0,0,0,0,0,0,0,0,0,0,0,0,0,0,0,0,0,0,0
5.295867204666138,0.0,0.0,0.0,0.0,0.0,0.0,0.0,0.0,0.0,0.03,0,0,0,0,0,0,0,0,0,0,0,0,0,0,0,0,0,0,0,0,0
5.297380447387695,0.0,0.0,0.0,0.0,0.0,0.0,0.0,0.0,0.0,0.03,0,0,0,0,0,0,0,0,0,0,0,0,0,0,0,0,0,0,0,0,0
5.298837184906006,0.0,0.0,0.0,0.0,0.0,0.0,0.0,0.0,0.0,0.03,0,0,0,0,0,0,0,0,0,0,0,0,0,0,0,0,0,0,0,0,0
5.300373554229736,0.0,0.0,0.0,0.0,0.0,0.0,0.0,0.0,0.0,0.03,0,0,0,0,0,0,0,0,0,0,0,0,0,0,0,0,0,0,0,0,0
5.301808595657349,0.0,0.0,0.0,0.0,0.0,0.0,0.0,0.0,0.0,0.03,0,0,0,0,0,0,0,0,0,0,0,0,0,0,0,0,0,0,0,0,0
5.303036689758301,0.0,0.0,0.0,0.0,0.0,0.0,0.0,0.0,0.0,0.03,0,0,0,0,0,0,0,0,0,0,0,0,0,0,0,0,0,0,0,0,0
5.304179430007935,0.0,0.0,0.0,0.0,0.0,0.0,0.0,0.0,0.0,0.03,0,0,0,0,0,0,0,0,0,0,0,0,0,0,0,0,0,0,0,0,0
5.305312395095825,0.0,0.0,0.0,0.0,0.0,0.0,0.0,0.0,0.0,0.03,0,0,0,0,0,0,0,0,0,0,0,0,0,0,0,0,0,0,0,0,0
5.307005167007446,0.0,0.0,0.0,0.0,0.0,0.0,0.0,0.0,0.0,0.03,0,0,0,0,0,0,0,0,0,0,0,0,0,0,0,0,0,0,0,0,0
5.308128833770752,0.0,0.0,0.0,0.0,0.0,0.0,0.0,0.0,0.0,0.03,0,0,0,0,0,0,0,0,0,0,0,0,0,0,0,0,0,0,0,0,0
5.3092827796936035,0.0,0.0,0.0,0.0,0.0,0.0,0.0,0.0,0.0,0.03,0,0,0,0,0,0,0,0,0,0,0,0,0,0,0,0,0,0,0,0,0
5.3104164600372314,0.0,0.0,0.0,0.0,0.0,0.0,0.0,0.0,0.0,0.03,0,0,0,0,0,0,0,0,0,0,0,0,0,0,0,0,0,0,0,0,0
5.311898708343506,0.0,0.0,0.0,0.0,0.0,0.0,0.0,0.0,0.0,0.03,0,0,0,0,0,0,0,0,0,0,0,0,0,0,0,0,0,0,0,0,0
5.312976121902466,0.0,0.0,0.0,0.0,0.0,0.0,0.0,0.0,0.0,0.03,0,0,0,0,0,0,0,0,0,0,0,0,0,0,0,0,0,0,0,0,0
5.314181804656982,0.0,0.0,0.0,0.0,0.0,0.0,0.0,0.0,0.0,0.03,0,0,0,0,0,0,0,0,0,0,0,0,0,0,0,0,0,0,0,0,0
5.316508769989014,0.0,0.0,0.0,0.0,0.0,0.0,0.0,0.0,0.0,0.03,0,0,0,0,0,0,0,0,0,0,0,0,0,0,0,0,0,0,0,0,0
5.31779408454895,0.0,0.0,0.0,0.0,0.0,0.0,0.0,0.0,0.0,0.03,0,0,0,0,0,0,0,0,0,0,0,0,0,0,0,0,0,0,0,0,0
5.319266319274902,0.0,0.0,0.0,0.0,0.0,0.0,0.0,0.0,0.0,0.03,0,0,0,0,0,0,0,0,0,0,0,0,0,0,0,0,0,0,0,0,0
5.322859048843384,0.0,0.0,0.0,0.0,0.0,0.0,0.0,0.0,0.0,0.03,0,0,0,0,0,0,0,0,0,0,0,0,0,0,0,0,0,0,0,0,0
5.324310541152954,0.0,0.0,0.0,0.0,0.0,0.0,0.0,0.0,0.0,0.03,0,0,0,0,0,0,0,0,0,0,0,0,0,0,0,0,0,0,0,0,0
5.32563328742981,0.0,0.0,0.0,0.0,0.0,0.0,0.0,0.0,0.0,0.03,0,0,0,0,0,0,0,0,0,0,0,0,0,0,0,0,0,0,0,0,0
5.326947450637817,0.0,0.0,0.0,0.0,0.0,0.0,0.0,0.0,0.0,0.03,0,0,0,0,0,0,0,0,0,0,0,0,0,0,0,0,0,0,0,0,0
5.32831072807312,0.0,0.0,0.0,0.0,0.0,0.0,0.0,0.0,0.0,0.03,0,0,0,0,0,0,0,0,0,0,0,0,0,0,0,0,0,0,0,0,0
5.329396486282349,0.0,0.0,0.0,0.0,0.0,0.0,0.0,0.0,0.0,0.03,0,0,0,0,0,0,0,0,0,0,0,0,0,0,0,0,0,0,0,0,0
5.331146478652954,0.0,0.0,0.0,0.0,0.0,0.0,0.0,0.0,0.0,0.03,0,0,0,0,0,0,0,0,0,0,0,0,0,0,0,0,0,0,0,0,0
5.332527160644531,0.0,0.0,0.0,0.0,0.0,0.0,0.0,0.0,0.0,0.03,0,0,0,0,0,0,0,0,0,0,0,0,0,0,0,0,0,0,0,0,0
5.333621025085449,0.0,0.0,0.0,0.0,0.0,0.0,0.0,0.0,0.0,0.03,0,0,0,0,0,0,0,0,0,0,0,0,0,0,0,0,0,0,0,0,0
5.334703683853149,0.0,0.0,0.0,0.0,0.0,0.0,0.0,0.0,0.0,0.03,0,0,0,0,0,0,0,0,0,0,0,0,0,0,0,0,0,0,0,0,0
5.33584451675415,0.0,0.0,0.0,0.0,0.0,0.0,0.0,0.0,0.0,0.03,0,0,0,0,0,0,0,0,0,0,0,0,0,0,0,0,0,0,0,0,0
5.337046384811401,0.0,0.0,0.0,0.0,0.0,0.0,0.0,0.0,0.0,0.03,0,0,0,0,0,0,0,0,0,0,0,0,0,0,0,0,0,0,0,0,0
5.338392019271851,0.0,0.0,0.0,0.0,0.0,0.0,0.0,0.0,0.0,0.03,0,0,0,0,0,0,0,0,0,0,0,0,0,0,0,0,0,0,0,0,0
5.3395466804504395,0.0,0.0,0.0,0.0,0.0,0.0,0.0,0.0,0.0,0.03,0,0,0,0,0,0,0,0,0,0,0,0,0,0,0,0,0,0,0,0,0
5.340973377227783,0.0,0.0,0.0,0.0,0.0,0.0,0.0,0.0,0.0,0.03,0,0,0,0,0,0,0,0,0,0,0,0,0,0,0,0,0,0,0,0,0
5.342111110687256,0.0,0.0,0.0,0.0,0.0,0.0,0.0,0.0,0.0,0.03,0,0,0,0,0,0,0,0,0,0,0,0,0,0,0,0,0,0,0,0,0
5.344475746154785,0.0,0.0,0.0,0.0,0.0,0.0,0.0,0.0,0.0,0.03,0,0,0,0,0,0,0,0,0,0,0,0,0,0,0,0,0,0,0,0,0
5.345608234405518,0.0,0.0,0.0,0.0,0.0,0.0,0.0,0.0,0.0,0.03,0,0,0,0,0,0,0,0,0,0,0,0,0,0,0,0,0,0,0,0,0
5.347291707992554,0.0,0.0,0.0,0.0,0.0,0.0,0.0,0.0,0.0,0.03,0,0,0,0,0,0,0,0,0,0,0,0,0,0,0,0,0,0,0,0,0
5.34929084777832,0.0,0.0,0.0,0.0,0.0,0.0,0.0,0.0,0.0,0.03,0,0,0,0,0,0,0,0,0,0,0,0,0,0,0,0,0,0,0,0,0
5.350572824478149,0.0,0.0,0.0,0.0,0.0,0.0,0.0,0.0,0.0,0.03,0,0,0,0,0,0,0,0,0,0,0,0,0,0,0,0,0,0,0,0,0
5.351773262023926,0.0,0.0,0.0,0.0,0.0,0.0,0.0,0.0,0.0,0.03,0,0,0,0,0,0,0,0,0,0,0,0,0,0,0,0,0,0,0,0,0
5.352871656417847,0.0,0.0,0.0,0.0,0.0,0.0,0.0,0.0,0.0,0.03,0,0,0,0,0,0,0,0,0,0,0,0,0,0,0,0,0,0,0,0,0
5.353935241699219,0.0,0.0,0.0,0.0,0.0,0.0,0.0,0.0,0.0,0.03,0,0,0,0,0,0,0,0,0,0,0,0,0,0,0,0,0,0,0,0,0
5.355090379714966,0.0,0.0,0.0,0.0,0.0,0.0,0.0,0.0,0.0,0.03,0,0,0,0,0,0,0,0,0,0,0,0,0,0,0,0,0,0,0,0,0
5.356289625167847,0.0,0.0,0.0,0.0,0.0,0.0,0.0,0.0,0.0,0.03,0,0,0,0,0,0,0,0,0,0,0,0,0,0,0,0,0,0,0,0,0
5.357445001602173,0.0,0.0,0.0,0.0,0.0,0.0,0.0,0.0,0.0,0.03,0,0,0,0,0,0,0,0,0,0,0,0,0,0,0,0,0,0,0,0,0
5.358540773391724,0.0,0.0,0.0,0.0,0.0,0.0,0.0,0.0,0.0,0.03,0,0,0,0,0,0,0,0,0,0,0,0,0,0,0,0,0,0,0,0,0
5.360830545425415,0.0,0.0,0.0,0.0,0.0,0.0,0.0,0.0,0.0,0.03,0,0,0,0,0,0,0,0,0,0,0,0,0,0,0,0,0,0,0,0,0
5.3637449741363525,0.0,0.0,0.0,0.0,0.0,0.0,0.0,0.0,0.0,0.03,0,0,0,0,0,0,0,0,0,0,0,0,0,0,0,0,0,0,0,0,0
5.364875793457031,0.0,0.0,0.0,0.0,0.0,0.0,0.0,0.0,0.0,0.03,0,0,0,0,0,0,0,0,0,0,0,0,0,0,0,0,0,0,0,0,0
5.366279602050781,0.0,0.0,0.0,0.0,0.0,0.0,0.0,0.0,0.0,0.03,0,0,0,0,0,0,0,0,0,0,0,0,0,0,0,0,0,0,0,0,0
5.367697238922119,0.0,0.0,0.0,0.0,0.0,0.0,0.0,0.0,0.0,0.03,0,0,0,0,0,0,0,0,0,0,0,0,0,0,0,0,0,0,0,0,0
5.369204521179199,0.0,0.0,0.0,0.0,0.0,0.0,0.0,0.0,0.0,0.03,0,0,0,0,0,0,0,0,0,0,0,0,0,0,0,0,0,0,0,0,0
5.370542764663696,0.0,0.0,0.0,0.0,0.0,0.0,0.0,0.0,0.0,0.03,0,0,0,0,0,0,0,0,0,0,0,0,0,0,0,0,0,0,0,0,0
5.371747255325317,0.0,0.0,0.0,0.0,0.0,0.0,0.0,0.0,0.0,0.03,0,0,0,0,0,0,0,0,0,0,0,0,0,0,0,0,0,0,0,0,0
5.373358964920044,0.0,0.0,0.0,0.0,0.0,0.0,0.0,0.0,0.0,0.03,0,0,0,0,0,0,0,0,0,0,0,0,0,0,0,0,0,0,0,0,0
5.374421119689941,0.0,0.0,0.0,0.0,0.0,0.0,0.0,0.0,0.0,0.03,0,0,0,0,0,0,0,0,0,0,0,0,0,0,0,0,0,0,0,0,0
5.377243518829346,0.0,0.0,0.0,0.0,0.0,0.0,0.0,0.0,0.0,0.03,0,0,0,0,0,0,0,0,0,0,0,0,0,0,0,0,0,0,0,0,0
5.379168748855591,0.0,0.0,0.0,0.0,0.0,0.0,0.0,0.0,0.0,0.03,0,0,0,0,0,0,0,0,0,0,0,0,0,0,0,0,0,0,0,0,0
5.380380153656006,0.0,0.0,0.0,0.0,0.0,0.0,0.0,0.0,0.0,0.03,0,0,0,0,0,0,0,0,0,0,0,0,0,0,0,0,0,0,0,0,0
5.382420778274536,0.0,0.0,0.0,0.0,0.0,0.0,0.0,0.0,0.0,0.03,0,0,0,0,0,0,0,0,0,0,0,0,0,0,0,0,0,0,0,0,0
5.384357213973999,0.0,0.0,0.0,0.0,0.0,0.0,0.0,0.0,0.0,0.03,0,0,0,0,0,0,0,0,0,0,0,0,0,0,0,0,0,0,0,0,0
5.385712623596191,0.0,0.0,0.0,0.0,0.0,0.0,0.0,0.0,0.0,0.03,0,0,0,0,0,0,0,0,0,0,0,0,0,0,0,0,0,0,0,0,0
5.3871519565582275,0.0,0.0,0.0,0.0,0.0,0.0,0.0,0.0,0.0,0.03,0,0,0,0,0,0,0,0,0,0,0,0,0,0,0,0,0,0,0,0,0
5.389122724533081,0.0,0.0,0.0,0.0,0.0,0.0,0.0,0.0,0.0,0.03,0,0,0,0,0,0,0,0,0,0,0,0,0,0,0,0,0,0,0,0,0
5.390527009963989,0.0,0.0,0.0,0.0,0.0,0.0,0.0,0.0,0.0,0.03,0,0,0,0,0,0,0,0,0,0,0,0,0,0,0,0,0,0,0,0,0
5.391669750213623,0.0,0.0,0.0,0.0,0.0,0.0,0.0,0.0,0.0,0.03,0,0,0,0,0,0,0,0,0,0,0,0,0,0,0,0,0,0,0,0,0
5.393640041351318,0.0,0.0,0.0,0.0,0.0,0.0,0.0,0.0,0.0,0.03,0,0,0,0,0,0,0,0,0,0,0,0,0,0,0,0,0,0,0,0,0
5.39488673210144,0.0,0.0,0.0,0.0,0.0,0.0,0.0,0.0,0.0,0.03,0,0,0,0,0,0,0,0,0,0,0,0,0,0,0,0,0,0,0,0,0
5.396092176437378,0.0,0.0,0.0,0.0,0.0,0.0,0.0,0.0,0.0,0.03,0,0,0,0,0,0,0,0,0,0,0,0,0,0,0,0,0,0,0,0,0
5.397231101989746,0.0,0.0,0.0,0.0,0.0,0.0,0.0,0.0,0.0,0.03,0,0,0,0,0,0,0,0,0,0,0,0,0,0,0,0,0,0,0,0,0
5.398434400558472,0.0,0.0,0.0,0.0,0.0,0.0,0.0,0.0,0.0,0.03,0,0,0,0,0,0,0,0,0,0,0,0,0,0,0,0,0,0,0,0,0
5.3995866775512695,0.0,0.0,0.0,0.0,0.0,0.0,0.0,0.0,0.0,0.03,0,0,0,0,0,0,0,0,0,0,0,0,0,0,0,0,0,0,0,0,0
5.401424884796143,0.0,0.0,0.0,0.0,0.0,0.0,0.0,0.0,0.0,0.03,0,0,0,0,0,0,0,0,0,0,0,0,0,0,0,0,0,0,0,0,0
5.404281377792358,0.0,0.0,0.0,0.0,0.0,0.0,0.0,0.0,0.0,0.03,0,0,0,0,0,0,0,0,0,0,0,0,0,0,0,0,0,0,0,0,0
5.407193899154663,0.0,0.0,0.0,0.0,0.0,0.0,0.0,0.0,0.0,0.03,0,0,0,0,0,0,0,0,0,0,0,0,0,0,0,0,0,0,0,0,0
5.40845513343811,0.0,0.0,0.0,0.0,0.0,0.0,0.0,0.0,0.0,0.03,0,0,0,0,0,0,0,0,0,0,0,0,0,0,0,0,0,0,0,0,0
5.409573078155518,0.0,0.0,0.0,0.0,0.0,0.0,0.0,0.0,0.0,0.03,0,0,0,0,0,0,0,0,0,0,0,0,0,0,0,0,0,0,0,0,0
5.410908937454224,0.0,0.0,0.0,0.0,0.0,0.0,0.0,0.0,0.0,0.03,0,0,0,0,0,0,0,0,0,0,0,0,0,0,0,0,0,0,0,0,0
5.412103891372681,0.0,0.0,0.0,0.0,0.0,0.0,0.0,0.0,0.0,0.03,0,0,0,0,0,0,0,0,0,0,0,0,0,0,0,0,0,0,0,0,0
5.41343879699707,0.0,0.0,0.0,0.0,0.0,0.0,0.0,0.0,0.0,0.03,0,0,0,0,0,0,0,0,0,0,0,0,0,0,0,0,0,0,0,0,0
5.414785623550415,0.0,0.0,0.0,0.0,0.0,0.0,0.0,0.0,0.0,0.03,0,0,0,0,0,0,0,0,0,0,0,0,0,0,0,0,0,0,0,0,0
5.415890455245972,0.0,0.0,0.0,0.0,0.0,0.0,0.0,0.0,0.0,0.03,0,0,0,0,0,0,0,0,0,0,0,0,0,0,0,0,0,0,0,0,0
5.417161703109741,0.0,0.0,0.0,0.0,0.0,0.0,0.0,0.0,0.0,0.03,0,0,0,0,0,0,0,0,0,0,0,0,0,0,0,0,0,0,0,0,0
5.418245792388916,0.0,0.0,0.0,0.0,0.0,0.0,0.0,0.0,0.0,0.03,0,0,0,0,0,0,0,0,0,0,0,0,0,0,0,0,0,0,0,0,0
5.419358015060425,0.0,0.0,0.0,0.0,0.0,0.0,0.0,0.0,0.0,0.03,0,0,0,0,0,0,0,0,0,0,0,0,0,0,0,0,0,0,0,0,0
5.420635223388672,0.0,0.0,0.0,0.0,0.0,0.0,0.0,0.0,0.0,0.03,0,0,0,0,0,0,0,0,0,0,0,0,0,0,0,0,0,0,0,0,0
5.4217259883880615,0.0,0.0,0.0,0.0,0.0,0.0,0.0,0.0,0.0,0.03,0,0,0,0,0,0,0,0,0,0,0,0,0,0,0,0,0,0,0,0,0
5.423354625701904,0.0,0.0,0.0,0.0,0.0,0.0,0.0,0.0,0.0,0.03,0,0,0,0,0,0,0,0,0,0,0,0,0,0,0,0,0,0,0,0,0
5.425073146820068,0.0,0.0,0.0,0.0,0.0,0.0,0.0,0.0,0.0,0.03,0,0,0,0,0,0,0,0,0,0,0,0,0,0,0,0,0,0,0,0,0
5.4262330532073975,0.0,0.0,0.0,0.0,0.0,0.0,0.0,0.0,0.0,0.03,0,0,0,0,0,0,0,0,0,0,0,0,0,0,0,0,0,0,0,0,0
5.428530216217041,0.0,0.0,0.0,0.0,0.0,0.0,0.0,0.0,0.0,0.03,0,0,0,0,0,0,0,0,0,0,0,0,0,0,0,0,0,0,0,0,0
5.429656028747559,0.0,0.0,0.0,0.0,0.0,0.0,0.0,0.0,0.0,0.03,0,0,0,0,0,0,0,0,0,0,0,0,0,0,0,0,0,0,0,0,0
5.430891752243042,0.0,0.0,0.0,0.0,0.0,0.0,0.0,0.0,0.0,0.03,0,0,0,0,0,0,0,0,0,0,0,0,0,0,0,0,0,0,0,0,0
5.431993722915649,0.0,0.0,0.0,0.0,0.0,0.0,0.0,0.0,0.0,0.03,0,0,0,0,0,0,0,0,0,0,0,0,0,0,0,0,0,0,0,0,0
5.434051275253296,0.0,0.0,0.0,0.0,0.0,0.0,0.0,0.0,0.0,0.03,0,0,0,0,0,0,0,0,0,0,0,0,0,0,0,0,0,0,0,0,0
5.435310363769531,0.0,0.0,0.0,0.0,0.0,0.0,0.0,0.0,0.0,0.03,0,0,0,0,0,0,0,0,0,0,0,0,0,0,0,0,0,0,0,0,0
5.436920404434204,0.0,0.0,0.0,0.0,0.0,0.0,0.0,0.0,0.0,0.03,0,0,0,0,0,0,0,0,0,0,0,0,0,0,0,0,0,0,0,0,0
5.438329219818115,0.0,0.0,0.0,0.0,0.0,0.0,0.0,0.0,0.0,0.03,0,0,0,0,0,0,0,0,0,0,0,0,0,0,0,0,0,0,0,0,0
5.439418315887451,0.0,0.0,0.0,0.0,0.0,0.0,0.0,0.0,0.0,0.03,0,0,0,0,0,0,0,0,0,0,0,0,0,0,0,0,0,0,0,0,0
5.440549850463867,0.0,0.0,0.0,0.0,0.0,0.0,0.0,0.0,0.0,0.03,0,0,0,0,0,0,0,0,0,0,0,0,0,0,0,0,0,0,0,0,0
5.441981315612793,0.0,0.0,0.0,0.0,0.0,0.0,0.0,0.0,0.0,0.03,0,0,0,0,0,0,0,0,0,0,0,0,0,0,0,0,0,0,0,0,0
5.443771123886108,0.0,0.0,0.0,0.0,0.0,0.0,0.0,0.0,0.0,0.03,0,0,0,0,0,0,0,0,0,0,0,0,0,0,0,0,0,0,0,0,0
5.444976806640625,0.0,0.0,0.0,0.0,0.0,0.0,0.0,0.0,0.0,0.03,0,0,0,0,0,0,0,0,0,0,0,0,0,0,0,0,0,0,0,0,0
5.446368217468262,0.0,0.0,0.0,0.0,0.0,0.0,0.0,0.0,0.0,0.03,0,0,0,0,0,0,0,0,0,0,0,0,0,0,0,0,0,0,0,0,0
5.448849678039551,0.0,0.0,0.0,0.0,0.0,0.0,0.0,0.0,0.0,0.03,0,0,0,0,0,0,0,0,0,0,0,0,0,0,0,0,0,0,0,0,0
5.450207471847534,0.0,0.0,0.0,0.0,0.0,0.0,0.0,0.0,0.0,0.03,0,0,0,0,0,0,0,0,0,0,0,0,0,0,0,0,0,0,0,0,0
5.452084541320801,0.0,0.0,0.0,0.0,0.0,0.0,0.0,0.0,0.0,0.03,0,0,0,0,0,0,0,0,0,0,0,0,0,0,0,0,0,0,0,0,0
5.454102516174316,0.0,0.0,0.0,0.0,0.0,0.0,0.0,0.0,0.0,0.03,0,0,0,0,0,0,0,0,0,0,0,0,0,0,0,0,0,0,0,0,0
5.455220460891724,0.0,0.0,0.0,0.0,0.0,0.0,0.0,0.0,0.0,0.03,0,0,0,0,0,0,0,0,0,0,0,0,0,0,0,0,0,0,0,0,0
5.456797361373901,0.0,0.0,0.0,0.0,0.0,0.0,0.0,0.0,0.0,0.03,0,0,0,0,0,0,0,0,0,0,0,0,0,0,0,0,0,0,0,0,0
5.458386421203613,0.0,0.0,0.0,0.0,0.0,0.0,0.0,0.0,0.0,0.03,0,0,0,0,0,0,0,0,0,0,0,0,0,0,0,0,0,0,0,0,0
5.459604263305664,0.0,0.0,0.0,0.0,0.0,0.0,0.0,0.0,0.0,0.03,0,0,0,0,0,0,0,0,0,0,0,0,0,0,0,0,0,0,0,0,0
5.460754632949829,0.0,0.0,0.0,0.0,0.0,0.0,0.0,0.0,0.0,0.03,0,0,0,0,0,0,0,0,0,0,0,0,0,0,0,0,0,0,0,0,0
5.461871862411499,0.0,0.0,0.0,0.0,0.0,0.0,0.0,0.0,0.0,0.03,0,0,0,0,0,0,0,0,0,0,0,0,0,0,0,0,0,0,0,0,0
5.462960720062256,0.0,0.0,0.0,0.0,0.0,0.0,0.0,0.0,0.0,0.03,0,0,0,0,0,0,0,0,0,0,0,0,0,0,0,0,0,0,0,0,0
5.464036703109741,0.0,0.0,0.0,0.0,0.0,0.0,0.0,0.0,0.0,0.03,0,0,0,0,0,0,0,0,0,0,0,0,0,0,0,0,0,0,0,0,0
5.465729475021362,0.0,0.0,0.0,0.0,0.0,0.0,0.0,0.0,0.0,0.03,0,0,0,0,0,0,0,0,0,0,0,0,0,0,0,0,0,0,0,0,0
5.467253923416138,0.0,0.0,0.0,0.0,0.0,0.0,0.0,0.0,0.0,0.03,0,0,0,0,0,0,0,0,0,0,0,0,0,0,0,0,0,0,0,0,0
5.470162391662598,0.0,0.0,0.0,0.0,0.0,0.0,0.0,0.0,0.0,0.03,0,0,0,0,0,0,0,0,0,0,0,0,0,0,0,0,0,0,0,0,0
5.471357107162476,0.0,0.0,0.0,0.0,0.0,0.0,0.0,0.0,0.0,0.03,0,0,0,0,0,0,0,0,0,0,0,0,0,0,0,0,0,0,0,0,0
5.472588062286377,0.0,0.0,0.0,0.0,0.0,0.0,0.0,0.0,0.0,0.03,0,0,0,0,0,0,0,0,0,0,0,0,0,0,0,0,0,0,0,0,0
5.473988771438599,0.0,0.0,0.0,0.0,0.0,0.0,0.0,0.0,0.0,0.03,0,0,0,0,0,0,0,0,0,0,0,0,0,0,0,0,0,0,0,0,0
5.476061105728149,0.0,0.0,0.0,0.0,0.0,0.0,0.0,0.0,0.0,0.03,0,0,0,0,0,0,0,0,0,0,0,0,0,0,0,0,0,0,0,0,0
5.477280855178833,0.0,0.0,0.0,0.0,0.0,0.0,0.0,0.0,0.0,0.03,0,0,0,0,0,0,0,0,0,0,0,0,0,0,0,0,0,0,0,0,0
5.4789369106292725,0.0,0.0,0.0,0.0,0.0,0.0,0.0,0.0,0.0,0.03,0,0,0,0,0,0,0,0,0,0,0,0,0,0,0,0,0,0,0,0,0
5.480172395706177,0.0,0.0,0.0,0.0,0.0,0.0,0.0,0.0,0.0,0.03,0,0,0,0,0,0,0,0,0,0,0,0,0,0,0,0,0,0,0,0,0
5.481398820877075,0.0,0.0,0.0,0.0,0.0,0.0,0.0,0.0,0.0,0.03,0,0,0,0,0,0,0,0,0,0,0,0,0,0,0,0,0,0,0,0,0
5.48254656791687,0.0,0.0,0.0,0.0,0.0,0.0,0.0,0.0,0.0,0.03,0,0,0,0,0,0,0,0,0,0,0,0,0,0,0,0,0,0,0,0,0
5.483636140823364,0.0,0.0,0.0,0.0,0.0,0.0,0.0,0.0,0.0,0.03,0,0,0,0,0,0,0,0,0,0,0,0,0,0,0,0,0,0,0,0,0
5.484720230102539,0.0,0.0,0.0,0.0,0.0,0.0,0.0,0.0,0.0,0.03,0,0,0,0,0,0,0,0,0,0,0,0,0,0,0,0,0,0,0,0,0
5.4861979484558105,0.0,0.0,0.0,0.0,0.0,0.0,0.0,0.0,0.0,0.03,0,0,0,0,0,0,0,0,0,0,0,0,0,0,0,0,0,0,0,0,0
5.4877893924713135,0.0,0.0,0.0,0.0,0.0,0.0,0.0,0.0,0.0,0.03,0,0,0,0,0,0,0,0,0,0,0,0,0,0,0,0,0,0,0,0,0
5.490773439407349,0.0,0.0,0.0,0.0,0.0,0.0,0.0,0.0,0.0,0.03,0,0,0,0,0,0,0,0,0,0,0,0,0,0,0,0,0,0,0,0,0
5.49193811416626,0.0,0.0,0.0,0.0,0.0,0.0,0.0,0.0,0.0,0.03,0,0,0,0,0,0,0,0,0,0,0,0,0,0,0,0,0,0,0,0,0
5.493290662765503,0.0,0.0,0.0,0.0,0.0,0.0,0.0,0.0,0.0,0.03,0,0,0,0,0,0,0,0,0,0,0,0,0,0,0,0,0,0,0,0,0
5.494964838027954,0.0,0.0,0.0,0.0,0.0,0.0,0.0,0.0,0.0,0.03,0,0,0,0,0,0,0,0,0,0,0,0,0,0,0,0,0,0,0,0,0
5.496243238449097,0.0,0.0,0.0,0.0,0.0,0.0,0.0,0.0,0.0,0.03,0,0,0,0,0,0,0,0,0,0,0,0,0,0,0,0,0,0,0,0,0
5.49743914604187,0.0,0.0,0.0,0.0,0.0,0.0,0.0,0.0,0.0,0.03,0,0,0,0,0,0,0,0,0,0,0,0,0,0,0,0,0,0,0,0,0
5.499466180801392,0.0,0.0,0.0,0.0,0.0,0.0,0.0,0.0,0.0,0.03,0,0,0,0,0,0,0,0,0,0,0,0,0,0,0,0,0,0,0,0,0
5.500797510147095,0.0,0.0,0.0,0.0,0.0,0.0,0.0,0.0,0.0,0.03,0,0,0,0,0,0,0,0,0,0,0,0,0,0,0,0,0,0,0,0,0
5.50244140625,0.0,0.0,0.0,0.0,0.0,0.0,0.0,0.0,0.0,0.03,0,0,0,0,0,0,0,0,0,0,0,0,0,0,0,0,0,0,0,0,0
5.504015922546387,0.0,0.0,0.0,0.0,0.0,0.0,0.0,0.0,0.0,0.03,0,0,0,0,0,0,0,0,0,0,0,0,0,0,0,0,0,0,0,0,0
5.505803108215332,0.0,0.0,0.0,0.0,0.0,0.0,0.0,0.0,0.0,0.03,0,0,0,0,0,0,0,0,0,0,0,0,0,0,0,0,0,0,0,0,0
5.5078675746917725,0.0,0.0,0.0,0.0,0.0,0.0,0.0,0.0,0.0,0.03,0,0,0,0,0,0,0,0,0,0,0,0,0,0,0,0,0,0,0,0,0
5.509005546569824,0.0,0.0,0.0,0.0,0.0,0.0,0.0,0.0,0.0,0.03,0,0,0,0,0,0,0,0,0,0,0,0,0,0,0,0,0,0,0,0,0
5.5109875202178955,0.0,0.0,0.0,0.0,0.0,0.0,0.0,0.0,0.0,0.03,0,0,0,0,0,0,0,0,0,0,0,0,0,0,0,0,0,0,0,0,0
5.512323617935181,0.0,0.0,0.0,0.0,0.0,0.0,0.0,0.0,0.0,0.03,0,0,0,0,0,0,0,0,0,0,0,0,0,0,0,0,0,0,0,0,0
5.514214277267456,0.0,0.0,0.0,0.0,0.0,0.0,0.0,0.0,0.0,0.03,0,0,0,0,0,0,0,0,0,0,0,0,0,0,0,0,0,0,0,0,0
5.515578985214233,0.0,0.0,0.0,0.0,0.0,0.0,0.0,0.0,0.0,0.03,0,0,0,0,0,0,0,0,0,0,0,0,0,0,0,0,0,0,0,0,0
5.516772270202637,0.0,0.0,0.0,0.0,0.0,0.0,0.0,0.0,0.0,0.03,0,0,0,0,0,0,0,0,0,0,0,0,0,0,0,0,0,0,0,0,0
5.517857313156128,0.0,0.0,0.0,0.0,0.0,0.0,0.0,0.0,0.0,0.03,0,0,0,0,0,0,0,0,0,0,0,0,0,0,0,0,0,0,0,0,0
5.519436597824097,0.0,0.0,0.0,0.0,0.0,0.0,0.0,0.0,0.0,0.03,0,0,0,0,0,0,0,0,0,0,0,0,0,0,0,0,0,0,0,0,0
5.520660161972046,0.0,0.0,0.0,0.0,0.0,0.0,0.0,0.0,0.0,0.03,0,0,0,0,0,0,0,0,0,0,0,0,0,0,0,0,0,0,0,0,0
5.521817445755005,0.0,0.0,0.0,0.0,0.0,0.0,0.0,0.0,0.0,0.03,0,0,0,0,0,0,0,0,0,0,0,0,0,0,0,0,0,0,0,0,0
5.522912502288818,0.0,0.0,0.0,0.0,0.0,0.0,0.0,0.0,0.0,0.03,0,0,0,0,0,0,0,0,0,0,0,0,0,0,0,0,0,0,0,0,0
5.52402663230896,0.0,0.0,0.0,0.0,0.0,0.0,0.0,0.0,0.0,0.03,0,0,0,0,0,0,0,0,0,0,0,0,0,0,0,0,0,0,0,0,0
5.5254669189453125,0.0,0.0,0.0,0.0,0.0,0.0,0.0,0.0,0.0,0.03,0,0,0,0,0,0,0,0,0,0,0,0,0,0,0,0,0,0,0,0,0
5.526658773422241,0.0,0.0,0.0,0.0,0.0,0.0,0.0,0.0,0.0,0.03,0,0,0,0,0,0,0,0,0,0,0,0,0,0,0,0,0,0,0,0,0
5.529268741607666,0.0,0.0,0.0,0.0,0.0,0.0,0.0,0.0,0.0,0.03,0,0,0,0,0,0,0,0,0,0,0,0,0,0,0,0,0,0,0,0,0
5.531656980514526,0.0,0.0,0.0,0.0,0.0,0.0,0.0,0.0,0.0,0.03,0,0,0,0,0,0,0,0,0,0,0,0,0,0,0,0,0,0,0,0,0
5.5329835414886475,0.0,0.0,0.0,0.0,0.0,0.0,0.0,0.0,0.0,0.03,0,0,0,0,0,0,0,0,0,0,0,0,0,0,0,0,0,0,0,0,0
5.534070253372192,0.0,0.0,0.0,0.0,0.0,0.0,0.0,0.0,0.0,0.03,0,0,0,0,0,0,0,0,0,0,0,0,0,0,0,0,0,0,0,0,0
5.535342454910278,0.0,0.0,0.0,0.0,0.0,0.0,0.0,0.0,0.0,0.03,0,0,0,0,0,0,0,0,0,0,0,0,0,0,0,0,0,0,0,0,0
5.5373852252960205,0.0,0.0,0.0,0.0,0.0,0.0,0.0,0.0,0.0,0.03,0,0,0,0,0,0,0,0,0,0,0,0,0,0,0,0,0,0,0,0,0
5.5386433601379395,0.0,0.0,0.0,0.0,0.0,0.0,0.0,0.0,0.0,0.03,0,0,0,0,0,0,0,0,0,0,0,0,0,0,0,0,0,0,0,0,0
5.539917945861816,0.0,0.0,0.0,0.0,0.0,0.0,0.0,0.0,0.0,0.03,0,0,0,0,0,0,0,0,0,0,0,0,0,0,0,0,0,0,0,0,0
5.541021823883057,0.0,0.0,0.0,0.0,0.0,0.0,0.0,0.0,0.0,0.03,0,0,0,0,0,0,0,0,0,0,0,0,0,0,0,0,0,0,0,0,0
5.542086601257324,0.0,0.0,0.0,0.0,0.0,0.0,0.0,0.0,0.0,0.03,0,0,0,0,0,0,0,0,0,0,0,0,0,0,0,0,0,0,0,0,0
5.543276071548462,0.0,0.0,0.0,0.0,0.0,0.0,0.0,0.0,0.0,0.03,0,0,0,0,0,0,0,0,0,0,0,0,0,0,0,0,0,0,0,0,0
5.544415235519409,0.0,0.0,0.0,0.0,0.0,0.0,0.0,0.0,0.0,0.03,0,0,0,0,0,0,0,0,0,0,0,0,0,0,0,0,0,0,0,0,0
5.545499324798584,0.0,0.0,0.0,0.0,0.0,0.0,0.0,0.0,0.0,0.03,0,0,0,0,0,0,0,0,0,0,0,0,0,0,0,0,0,0,0,0,0
5.547010183334351,0.0,0.0,0.0,0.0,0.0,0.0,0.0,0.0,0.0,0.03,0,0,0,0,0,0,0,0,0,0,0,0,0,0,0,0,0,0,0,0,0
5.548505783081055,0.0,0.0,0.0,0.0,0.0,0.0,0.0,0.0,0.0,0.03,0,0,0,0,0,0,0,0,0,0,0,0,0,0,0,0,0,0,0,0,0
5.5502848625183105,0.0,0.0,0.0,0.0,0.0,0.0,0.0,0.0,0.0,0.03,0,0,0,0,0,0,0,0,0,0,0,0,0,0,0,0,0,0,0,0,0
5.551670789718628,0.0,0.0,0.0,0.0,0.0,0.0,0.0,0.0,0.0,0.03,0,0,0,0,0,0,0,0,0,0,0,0,0,0,0,0,0,0,0,0,0
5.552762985229492,0.0,0.0,0.0,0.0,0.0,0.0,0.0,0.0,0.0,0.03,0,0,0,0,0,0,0,0,0,0,0,0,0,0,0,0,0,0,0,0,0
5.554752349853516,0.0,0.0,0.0,0.0,0.0,0.0,0.0,0.0,0.0,0.03,0,0,0,0,0,0,0,0,0,0,0,0,0,0,0,0,0,0,0,0,0
5.555908441543579,0.0,0.0,0.0,0.0,0.0,0.0,0.0,0.0,0.0,0.03,0,0,0,0,0,0,0,0,0,0,0,0,0,0,0,0,0,0,0,0,0
5.557031154632568,0.0,0.0,0.0,0.0,0.0,0.0,0.0,0.0,0.0,0.03,0,0,0,0,0,0,0,0,0,0,0,0,0,0,0,0,0,0,0,0,0
5.558267116546631,0.0,0.0,0.0,0.0,0.0,0.0,0.0,0.0,0.0,0.03,0,0,0,0,0,0,0,0,0,0,0,0,0,0,0,0,0,0,0,0,0
5.559363603591919,0.0,0.0,0.0,0.0,0.0,0.0,0.0,0.0,0.0,0.03,0,0,0,0,0,0,0,0,0,0,0,0,0,0,0,0,0,0,0,0,0
5.5607709884643555,0.0,0.0,0.0,0.0,0.0,0.0,0.0,0.0,0.0,0.03,0,0,0,0,0,0,0,0,0,0,0,0,0,0,0,0,0,0,0,0,0
5.561816692352295,0.0,0.0,0.0,0.0,0.0,0.0,0.0,0.0,0.0,0.03,0,0,0,0,0,0,0,0,0,0,0,0,0,0,0,0,0,0,0,0,0
5.563663482666016,0.0,0.0,0.0,0.0,0.0,0.0,0.0,0.0,0.0,0.03,0,0,0,0,0,0,0,0,0,0,0,0,0,0,0,0,0,0,0,0,0
5.564952850341797,0.0,0.0,0.0,0.0,0.0,0.0,0.0,0.0,0.0,0.03,0,0,0,0,0,0,0,0,0,0,0,0,0,0,0,0,0,0,0,0,0
5.56639838218689,0.0,0.0,0.0,0.0,0.0,0.0,0.0,0.0,0.0,0.03,0,0,0,0,0,0,0,0,0,0,0,0,0,0,0,0,0,0,0,0,0
5.568110704421997,0.0,0.0,0.0,0.0,0.0,0.0,0.0,0.0,0.0,0.03,0,0,0,0,0,0,0,0,0,0,0,0,0,0,0,0,0,0,0,0,0
5.569735527038574,0.0,0.0,0.0,0.0,0.0,0.0,0.0,0.0,0.0,0.03,0,0,0,0,0,0,0,0,0,0,0,0,0,0,0,0,0,0,0,0,0
5.571486234664917,0.0,0.0,0.0,0.0,0.0,0.0,0.0,0.0,0.0,0.03,0,0,0,0,0,0,0,0,0,0,0,0,0,0,0,0,0,0,0,0,0
5.572885990142822,0.0,0.0,0.0,0.0,0.0,0.0,0.0,0.0,0.0,0.03,0,0,0,0,0,0,0,0,0,0,0,0,0,0,0,0,0,0,0,0,0
5.574650049209595,0.0,0.0,0.0,0.0,0.0,0.0,0.0,0.0,0.0,0.03,0,0,0,0,0,0,0,0,0,0,0,0,0,0,0,0,0,0,0,0,0
5.575925588607788,0.0,0.0,0.0,0.0,0.0,0.0,0.0,0.0,0.0,0.03,0,0,0,0,0,0,0,0,0,0,0,0,0,0,0,0,0,0,0,0,0
5.577081918716431,0.0,0.0,0.0,0.0,0.0,0.0,0.0,0.0,0.0,0.03,0,0,0,0,0,0,0,0,0,0,0,0,0,0,0,0,0,0,0,0,0
5.578174591064453,0.0,0.0,0.0,0.0,0.0,0.0,0.0,0.0,0.0,0.03,0,0,0,0,0,0,0,0,0,0,0,0,0,0,0,0,0,0,0,0,0
5.579381704330444,0.0,0.0,0.0,0.0,0.0,0.0,0.0,0.0,0.0,0.03,0,0,0,0,0,0,0,0,0,0,0,0,0,0,0,0,0,0,0,0,0
5.580869913101196,0.0,0.0,0.0,0.0,0.0,0.0,0.0,0.0,0.0,0.03,0,0,0,0,0,0,0,0,0,0,0,0,0,0,0,0,0,0,0,0,0
5.58193302154541,0.0,0.0,0.0,0.0,0.0,0.0,0.0,0.0,0.0,0.03,0,0,0,0,0,0,0,0,0,0,0,0,0,0,0,0,0,0,0,0,0
5.583045721054077,0.0,0.0,0.0,0.0,0.0,0.0,0.0,0.0,0.0,0.03,0,0,0,0,0,0,0,0,0,0,0,0,0,0,0,0,0,0,0,0,0
5.58413553237915,0.0,0.0,0.0,0.0,0.0,0.0,0.0,0.0,0.0,0.03,0,0,0,0,0,0,0,0,0,0,0,0,0,0,0,0,0,0,0,0,0
5.58544659614563,0.0,0.0,0.0,0.0,0.0,0.0,0.0,0.0,0.0,0.03,0,0,0,0,0,0,0,0,0,0,0,0,0,0,0,0,0,0,0,0,0
5.586818218231201,0.0,0.0,0.0,0.0,0.0,0.0,0.0,0.0,0.0,0.03,0,0,0,0,0,0,0,0,0,0,0,0,0,0,0,0,0,0,0,0,0
5.5880608558654785,0.0,0.0,0.0,0.0,0.0,0.0,0.0,0.0,0.0,0.03,0,0,0,0,0,0,0,0,0,0,0,0,0,0,0,0,0,0,0,0,0
5.589775562286377,0.0,0.0,0.0,0.0,0.0,0.0,0.0,0.0,0.0,0.03,0,0,0,0,0,0,0,0,0,0,0,0,0,0,0,0,0,0,0,0,0
5.592371463775635,0.0,0.0,0.0,0.0,0.0,0.0,0.0,0.0,0.0,0.03,0,0,0,0,0,0,0,0,0,0,0,0,0,0,0,0,0,0,0,0,0
5.593488454818726,0.0,0.0,0.0,0.0,0.0,0.0,0.0,0.0,0.0,0.03,0,0,0,0,0,0,0,0,0,0,0,0,0,0,0,0,0,0,0,0,0
5.594735145568848,0.0,0.0,0.0,0.0,0.0,0.0,0.0,0.0,0.0,0.03,0,0,0,0,0,0,0,0,0,0,0,0,0,0,0,0,0,0,0,0,0
5.596679925918579,0.0,0.0,0.0,0.0,0.0,0.0,0.0,0.0,0.0,0.03,0,0,0,0,0,0,0,0,0,0,0,0,0,0,0,0,0,0,0,0,0
5.59807825088501,0.0,0.0,0.0,0.0,0.0,0.0,0.0,0.0,0.0,0.03,0,0,0,0,0,0,0,0,0,0,0,0,0,0,0,0,0,0,0,0,0
5.599345922470093,0.0,0.0,0.0,0.0,0.0,0.0,0.0,0.0,0.0,0.03,0,0,0,0,0,0,0,0,0,0,0,0,0,0,0,0,0,0,0,0,0
5.600880146026611,0.0,0.0,0.0,0.0,0.0,0.0,0.0,0.0,0.0,0.03,0,0,0,0,0,0,0,0,0,0,0,0,0,0,0,0,0,0,0,0,0
5.602079391479492,0.0,0.0,0.0,0.0,0.0,0.0,0.0,0.0,0.0,0.03,0,0,0,0,0,0,0,0,0,0,0,0,0,0,0,0,0,0,0,0,0
5.603216886520386,0.0,0.0,0.0,0.0,0.0,0.0,0.0,0.0,0.0,0.03,0,0,0,0,0,0,0,0,0,0,0,0,0,0,0,0,0,0,0,0,0
5.60440993309021,0.0,0.0,0.0,0.0,0.0,0.0,0.0,0.0,0.0,0.03,0,0,0,0,0,0,0,0,0,0,0,0,0,0,0,0,0,0,0,0,0
5.605474233627319,0.0,0.0,0.0,0.0,0.0,0.0,0.0,0.0,0.0,0.03,0,0,0,0,0,0,0,0,0,0,0,0,0,0,0,0,0,0,0,0,0
5.606756687164307,0.0,0.0,0.0,0.0,0.0,0.0,0.0,0.0,0.0,0.03,0,0,0,0,0,0,0,0,0,0,0,0,0,0,0,0,0,0,0,0,0
5.608349800109863,0.0,0.0,0.0,0.0,0.0,0.0,0.0,0.0,0.0,0.03,0,0,0,0,0,0,0,0,0,0,0,0,0,0,0,0,0,0,0,0,0
5.60985255241394,0.0,0.0,0.0,0.0,0.0,0.0,0.0,0.0,0.0,0.03,0,0,0,0,0,0,0,0,0,0,0,0,0,0,0,0,0,0,0,0,0
5.612716197967529,0.0,0.0,0.0,0.0,0.0,0.0,0.0,0.0,0.0,0.03,0,0,0,0,0,0,0,0,0,0,0,0,0,0,0,0,0,0,0,0,0
5.613842725753784,0.0,0.0,0.0,0.0,0.0,0.0,0.0,0.0,0.0,0.03,0,0,0,0,0,0,0,0,0,0,0,0,0,0,0,0,0,0,0,0,0
5.615176677703857,0.0,0.0,0.0,0.0,0.0,0.0,0.0,0.0,0.0,0.03,0,0,0,0,0,0,0,0,0,0,0,0,0,0,0,0,0,0,0,0,0
5.616881847381592,0.0,0.0,0.0,0.0,0.0,0.0,0.0,0.0,0.0,0.03,0,0,0,0,0,0,0,0,0,0,0,0,0,0,0,0,0,0,0,0,0
5.618157386779785,0.0,0.0,0.0,0.0,0.0,0.0,0.0,0.0,0.0,0.03,0,0,0,0,0,0,0,0,0,0,0,0,0,0,0,0,0,0,0,0,0
5.6194000244140625,0.0,0.0,0.0,0.0,0.0,0.0,0.0,0.0,0.0,0.03,0,0,0,0,0,0,0,0,0,0,0,0,0,0,0,0,0,0,0,0,0
5.621671676635742,0.0,0.0,0.0,0.0,0.0,0.0,0.0,0.0,0.0,0.03,0,0,0,0,0,0,0,0,0,0,0,0,0,0,0,0,0,0,0,0,0
5.622785329818726,0.0,0.0,0.0,0.0,0.0,0.0,0.0,0.0,0.0,0.03,0,0,0,0,0,0,0,0,0,0,0,0,0,0,0,0,0,0,0,0,0
5.624522924423218,0.0,0.0,0.0,0.0,0.0,0.0,0.0,0.0,0.0,0.03,0,0,0,0,0,0,0,0,0,0,0,0,0,0,0,0,0,0,0,0,0
5.62671422958374,0.0,0.0,0.0,0.0,0.0,0.0,0.0,0.0,0.0,0.03,0,0,0,0,0,0,0,0,0,0,0,0,0,0,0,0,0,0,0,0,0
5.628221273422241,0.0,0.0,0.0,0.0,0.0,0.0,0.0,0.0,0.0,0.03,0,0,0,0,0,0,0,0,0,0,0,0,0,0,0,0,0,0,0,0,0
5.629415035247803,0.0,0.0,0.0,0.0,0.0,0.0,0.0,0.0,0.0,0.03,0,0,0,0,0,0,0,0,0,0,0,0,0,0,0,0,0,0,0,0,0
5.630896091461182,0.0,0.0,0.0,0.0,0.0,0.0,0.0,0.0,0.0,0.03,0,0,0,0,0,0,0,0,0,0,0,0,0,0,0,0,0,0,0,0,0
5.6328699588775635,0.0,0.0,0.0,0.0,0.0,0.0,0.0,0.0,0.0,0.03,0,0,0,0,0,0,0,0,0,0,0,0,0,0,0,0,0,0,0,0,0
5.634266138076782,0.0,0.0,0.0,0.0,0.0,0.0,0.0,0.0,0.0,0.03,0,0,0,0,0,0,0,0,0,0,0,0,0,0,0,0,0,0,0,0,0
5.636428117752075,0.0,0.0,0.0,0.0,0.0,0.0,0.0,0.0,0.0,0.03,0,0,0,0,0,0,0,0,0,0,0,0,0,0,0,0,0,0,0,0,0
5.638180732727051,0.0,0.0,0.0,0.0,0.0,0.0,0.0,0.0,0.0,0.03,0,0,0,0,0,0,0,0,0,0,0,0,0,0,0,0,0,0,0,0,0
5.639284133911133,0.0,0.0,0.0,0.0,0.0,0.0,0.0,0.0,0.0,0.03,0,0,0,0,0,0,0,0,0,0,0,0,0,0,0,0,0,0,0,0,0
5.640572786331177,0.0,0.0,0.0,0.0,0.0,0.0,0.0,0.0,0.0,0.03,0,0,0,0,0,0,0,0,0,0,0,0,0,0,0,0,0,0,0,0,0
5.64172625541687,0.0,0.0,0.0,0.0,0.0,0.0,0.0,0.0,0.0,0.03,0,0,0,0,0,0,0,0,0,0,0,0,0,0,0,0,0,0,0,0,0
5.642927646636963,0.0,0.0,0.0,0.0,0.0,0.0,0.0,0.0,0.0,0.03,0,0,0,0,0,0,0,0,0,0,0,0,0,0,0,0,0,0,0,0,0
5.64416241645813,0.0,0.0,0.0,0.0,0.0,0.0,0.0,0.0,0.0,0.03,0,0,0,0,0,0,0,0,0,0,0,0,0,0,0,0,0,0,0,0,0
5.645310640335083,0.0,0.0,0.0,0.0,0.0,0.0,0.0,0.0,0.0,0.03,0,0,0,0,0,0,0,0,0,0,0,0,0,0,0,0,0,0,0,0,0
5.6463727951049805,0.0,0.0,0.0,0.0,0.0,0.0,0.0,0.0,0.0,0.03,0,0,0,0,0,0,0,0,0,0,0,0,0,0,0,0,0,0,0,0,0
5.6474525928497314,0.0,0.0,0.0,0.0,0.0,0.0,0.0,0.0,0.0,0.03,0,0,0,0,0,0,0,0,0,0,0,0,0,0,0,0,0,0,0,0,0
5.648721694946289,0.0,0.0,0.0,0.0,0.0,0.0,0.0,0.0,0.0,0.03,0,0,0,0,0,0,0,0,0,0,0,0,0,0,0,0,0,0,0,0,0
5.651304006576538,0.0,0.0,0.0,0.0,0.0,0.0,0.0,0.0,0.0,0.03,0,0,0,0,0,0,0,0,0,0,0,0,0,0,0,0,0,0,0,0,0
5.654417991638184,0.0,0.0,0.0,0.0,0.0,0.0,0.0,0.0,0.0,0.03,0,0,0,0,0,0,0,0,0,0,0,0,0,0,0,0,0,0,0,0,0
5.6561808586120605,0.0,0.0,0.0,0.0,0.0,0.0,0.0,0.0,0.0,0.03,0,0,0,0,0,0,0,0,0,0,0,0,0,0,0,0,0,0,0,0,0
5.6581947803497314,0.0,0.0,0.0,0.0,0.0,0.0,0.0,0.0,0.0,0.03,0,0,0,0,0,0,0,0,0,0,0,0,0,0,0,0,0,0,0,0,0
5.659415245056152,0.0,0.0,0.0,0.0,0.0,0.0,0.0,0.0,0.0,0.03,0,0,0,0,0,0,0,0,0,0,0,0,0,0,0,0,0,0,0,0,0
5.660562753677368,0.0,0.0,0.0,0.0,0.0,0.0,0.0,0.0,0.0,0.03,0,0,0,0,0,0,0,0,0,0,0,0,0,0,0,0,0,0,0,0,0
5.661799907684326,0.0,0.0,0.0,0.0,0.0,0.0,0.0,0.0,0.0,0.03,0,0,0,0,0,0,0,0,0,0,0,0,0,0,0,0,0,0,0,0,0
5.663064241409302,0.0,0.0,0.0,0.0,0.0,0.0,0.0,0.0,0.0,0.03,0,0,0,0,0,0,0,0,0,0,0,0,0,0,0,0,0,0,0,0,0
5.664299726486206,0.0,0.0,0.0,0.0,0.0,0.0,0.0,0.0,0.0,0.03,0,0,0,0,0,0,0,0,0,0,0,0,0,0,0,0,0,0,0,0,0
5.665440559387207,0.0,0.0,0.0,0.0,0.0,0.0,0.0,0.0,0.0,0.03,0,0,0,0,0,0,0,0,0,0,0,0,0,0,0,0,0,0,0,0,0
5.6665380001068115,0.0,0.0,0.0,0.0,0.0,0.0,0.0,0.0,0.0,0.03,0,0,0,0,0,0,0,0,0,0,0,0,0,0,0,0,0,0,0,0,0
5.66766881942749,0.0,0.0,0.0,0.0,0.0,0.0,0.0,0.0,0.0,0.03,0,0,0,0,0,0,0,0,0,0,0,0,0,0,0,0,0,0,0,0,0
5.668764114379883,0.0,0.0,0.0,0.0,0.0,0.0,0.0,0.0,0.0,0.03,0,0,0,0,0,0,0,0,0,0,0,0,0,0,0,0,0,0,0,0,0
5.670137166976929,0.0,0.0,0.0,0.0,0.0,0.0,0.0,0.0,0.0,0.03,0,0,0,0,0,0,0,0,0,0,0,0,0,0,0,0,0,0,0,0,0
5.671729326248169,0.0,0.0,0.0,0.0,0.0,0.0,0.0,0.0,0.0,0.03,0,0,0,0,0,0,0,0,0,0,0,0,0,0,0,0,0,0,0,0,0
5.674334287643433,0.0,0.0,0.0,0.0,0.0,0.0,0.0,0.0,0.0,0.03,0,0,0,0,0,0,0,0,0,0,0,0,0,0,0,0,0,0,0,0,0
5.6754326820373535,0.0,0.0,0.0,0.0,0.0,0.0,0.0,0.0,0.0,0.03,0,0,0,0,0,0,0,0,0,0,0,0,0,0,0,0,0,0,0,0,0
5.676687717437744,0.0,0.0,0.0,0.0,0.0,0.0,0.0,0.0,0.0,0.03,0,0,0,0,0,0,0,0,0,0,0,0,0,0,0,0,0,0,0,0,0
5.678068399429321,0.0,0.0,0.0,0.0,0.0,0.0,0.0,0.0,0.0,0.03,0,0,0,0,0,0,0,0,0,0,0,0,0,0,0,0,0,0,0,0,0
5.679333448410034,0.0,0.0,0.0,0.0,0.0,0.0,0.0,0.0,0.0,0.03,0,0,0,0,0,0,0,0,0,0,0,0,0,0,0,0,0,0,0,0,0
5.680457592010498,0.0,0.0,0.0,0.0,0.0,0.0,0.0,0.0,0.0,0.03,0,0,0,0,0,0,0,0,0,0,0,0,0,0,0,0,0,0,0,0,0
5.68169093132019,0.0,0.0,0.0,0.0,0.0,0.0,0.0,0.0,0.0,0.03,0,0,0,0,0,0,0,0,0,0,0,0,0,0,0,0,0,0,0,0,0
5.684070825576782,0.0,0.0,0.0,0.0,0.0,0.0,0.0,0.0,0.0,0.03,0,0,0,0,0,0,0,0,0,0,0,0,0,0,0,0,0,0,0,0,0
5.685448408126831,0.0,0.0,0.0,0.0,0.0,0.0,0.0,0.0,0.0,0.03,0,0,0,0,0,0,0,0,0,0,0,0,0,0,0,0,0,0,0,0,0
5.689069747924805,0.0,0.0,0.0,0.0,0.0,0.0,0.0,0.0,0.0,0.03,0,0,0,0,0,0,0,0,0,0,0,0,0,0,0,0,0,0,0,0,0
5.690199375152588,0.0,0.0,0.0,0.0,0.0,0.0,0.0,0.0,0.0,0.03,0,0,0,0,0,0,0,0,0,0,0,0,0,0,0,0,0,0,0,0,0
5.692332029342651,0.0,0.0,0.0,0.0,0.0,0.0,0.0,0.0,0.0,0.03,0,0,0,0,0,0,0,0,0,0,0,0,0,0,0,0,0,0,0,0,0
5.693540334701538,0.0,0.0,0.0,0.0,0.0,0.0,0.0,0.0,0.0,0.03,0,0,0,0,0,0,0,0,0,0,0,0,0,0,0,0,0,0,0,0,0
5.695271730422974,0.0,0.0,0.0,0.0,0.0,0.0,0.0,0.0,0.0,0.03,0,0,0,0,0,0,0,0,0,0,0,0,0,0,0,0,0,0,0,0,0
5.696334362030029,0.0,0.0,0.0,0.0,0.0,0.0,0.0,0.0,0.0,0.03,0,0,0,0,0,0,0,0,0,0,0,0,0,0,0,0,0,0,0,0,0
5.697697401046753,0.0,0.0,0.0,0.0,0.0,0.0,0.0,0.0,0.0,0.03,0,0,0,0,0,0,0,0,0,0,0,0,0,0,0,0,0,0,0,0,0
5.69961404800415,0.0,0.0,0.0,0.0,0.0,0.0,0.0,0.0,0.0,0.03,0,0,0,0,0,0,0,0,0,0,0,0,0,0,0,0,0,0,0,0,0
5.700929880142212,0.0,0.0,0.0,0.0,0.0,0.0,0.0,0.0,0.0,0.03,0,0,0,0,0,0,0,0,0,0,0,0,0,0,0,0,0,0,0,0,0
5.702113628387451,0.0,0.0,0.0,0.0,0.0,0.0,0.0,0.0,0.0,0.03,0,0,0,0,0,0,0,0,0,0,0,0,0,0,0,0,0,0,0,0,0
5.703229904174805,0.0,0.0,0.0,0.0,0.0,0.0,0.0,0.0,0.0,0.03,0,0,0,0,0,0,0,0,0,0,0,0,0,0,0,0,0,0,0,0,0
5.7045228481292725,0.0,0.0,0.0,0.0,0.0,0.0,0.0,0.0,0.0,0.03,0,0,0,0,0,0,0,0,0,0,0,0,0,0,0,0,0,0,0,0,0
5.705625772476196,0.0,0.0,0.0,0.0,0.0,0.0,0.0,0.0,0.0,0.03,0,0,0,0,0,0,0,0,0,0,0,0,0,0,0,0,0,0,0,0,0
5.706817150115967,0.0,0.0,0.0,0.0,0.0,0.0,0.0,0.0,0.0,0.03,0,0,0,0,0,0,0,0,0,0,0,0,0,0,0,0,0,0,0,0,0
5.708033800125122,0.0,0.0,0.0,0.0,0.0,0.0,0.0,0.0,0.0,0.03,0,0,0,0,0,0,0,0,0,0,0,0,0,0,0,0,0,0,0,0,0
5.709165811538696,0.0,0.0,0.0,0.0,0.0,0.0,0.0,0.0,0.0,0.03,0,0,0,0,0,0,0,0,0,0,0,0,0,0,0,0,0,0,0,0,0
5.710526943206787,0.0,0.0,0.0,0.0,0.0,0.0,0.0,0.0,0.0,0.03,0,0,0,0,0,0,0,0,0,0,0,0,0,0,0,0,0,0,0,0,0
5.711622714996338,0.0,0.0,0.0,0.0,0.0,0.0,0.0,0.0,0.0,0.03,0,0,0,0,0,0,0,0,0,0,0,0,0,0,0,0,0,0,0,0,0
5.713557481765747,0.0,0.0,0.0,0.0,0.0,0.0,0.0,0.0,0.0,0.03,0,0,0,0,0,0,0,0,0,0,0,0,0,0,0,0,0,0,0,0,0
5.714717864990234,0.0,0.0,0.0,0.0,0.0,0.0,0.0,0.0,0.0,0.03,0,0,0,0,0,0,0,0,0,0,0,0,0,0,0,0,0,0,0,0,0
5.716129302978516,0.0,0.0,0.0,0.0,0.0,0.0,0.0,0.0,0.0,0.03,0,0,0,0,0,0,0,0,0,0,0,0,0,0,0,0,0,0,0,0,0
5.717793226242065,0.0,0.0,0.0,0.0,0.0,0.0,0.0,0.0,0.0,0.03,0,0,0,0,0,0,0,0,0,0,0,0,0,0,0,0,0,0,0,0,0
5.7189414501190186,0.0,0.0,0.0,0.0,0.0,0.0,0.0,0.0,0.0,0.03,0,0,0,0,0,0,0,0,0,0,0,0,0,0,0,0,0,0,0,0,0
5.720309495925903,0.0,0.0,0.0,0.0,0.0,0.0,0.0,0.0,0.0,0.03,0,0,0,0,0,0,0,0,0,0,0,0,0,0,0,0,0,0,0,0,0
5.721580266952515,0.0,0.0,0.0,0.0,0.0,0.0,0.0,0.0,0.0,0.03,0,0,0,0,0,0,0,0,0,0,0,0,0,0,0,0,0,0,0,0,0
5.723358154296875,0.0,0.0,0.0,0.0,0.0,0.0,0.0,0.0,0.0,0.03,0,0,0,0,0,0,0,0,0,0,0,0,0,0,0,0,0,0,0,0,0
5.724623441696167,0.0,0.0,0.0,0.0,0.0,0.0,0.0,0.0,0.0,0.03,0,0,0,0,0,0,0,0,0,0,0,0,0,0,0,0,0,0,0,0,0
5.725851774215698,0.0,0.0,0.0,0.0,0.0,0.0,0.0,0.0,0.0,0.03,0,0,0,0,0,0,0,0,0,0,0,0,0,0,0,0,0,0,0,0,0
5.726939916610718,0.0,0.0,0.0,0.0,0.0,0.0,0.0,0.0,0.0,0.03,0,0,0,0,0,0,0,0,0,0,0,0,0,0,0,0,0,0,0,0,0
5.728121757507324,0.0,0.0,0.0,0.0,0.0,0.0,0.0,0.0,0.0,0.03,0,0,0,0,0,0,0,0,0,0,0,0,0,0,0,0,0,0,0,0,0
5.729363679885864,0.0,0.0,0.0,0.0,0.0,0.0,0.0,0.0,0.0,0.03,0,0,0,0,0,0,0,0,0,0,0,0,0,0,0,0,0,0,0,0,0
5.730658531188965,0.0,0.0,0.0,0.0,0.0,0.0,0.0,0.0,0.0,0.03,0,0,0,0,0,0,0,0,0,0,0,0,0,0,0,0,0,0,0,0,0
5.731725215911865,0.0,0.0,0.0,0.0,0.0,0.0,0.0,0.0,0.0,0.03,0,0,0,0,0,0,0,0,0,0,0,0,0,0,0,0,0,0,0,0,0
5.732959270477295,0.0,0.0,0.0,0.0,0.0,0.0,0.0,0.0,0.0,0.03,0,0,0,0,0,0,0,0,0,0,0,0,0,0,0,0,0,0,0,0,0
5.735209226608276,0.0,0.0,0.0,0.0,0.0,0.0,0.0,0.0,0.0,0.03,0,0,0,0,0,0,0,0,0,0,0,0,0,0,0,0,0,0,0,0,0
5.737685441970825,0.0,0.0,0.0,0.0,0.0,0.0,0.0,0.0,0.0,0.03,0,0,0,0,0,0,0,0,0,0,0,0,0,0,0,0,0,0,0,0,0
5.7391040325164795,0.0,0.0,0.0,0.0,0.0,0.0,0.0,0.0,0.0,0.03,0,0,0,0,0,0,0,0,0,0,0,0,0,0,0,0,0,0,0,0,0
5.741510629653931,0.0,0.0,0.0,0.0,0.0,0.0,0.0,0.0,0.0,0.03,0,0,0,0,0,0,0,0,0,0,0,0,0,0,0,0,0,0,0,0,0
5.742800712585449,0.0,0.0,0.0,0.0,0.0,0.0,0.0,0.0,0.0,0.03,0,0,0,0,0,0,0,0,0,0,0,0,0,0,0,0,0,0,0,0,0
5.7440431118011475,0.0,0.0,0.0,0.0,0.0,0.0,0.0,0.0,0.0,0.03,0,0,0,0,0,0,0,0,0,0,0,0,0,0,0,0,0,0,0,0,0
5.745628833770752,0.0,0.0,0.0,0.0,0.0,0.0,0.0,0.0,0.0,0.03,0,0,0,0,0,0,0,0,0,0,0,0,0,0,0,0,0,0,0,0,0
5.746918201446533,0.0,0.0,0.0,0.0,0.0,0.0,0.0,0.0,0.0,0.03,0,0,0,0,0,0,0,0,0,0,0,0,0,0,0,0,0,0,0,0,0
5.750561714172363,0.0,0.0,0.0,0.0,0.0,0.0,0.0,0.0,0.0,0.03,0,0,0,0,0,0,0,0,0,0,0,0,0,0,0,0,0,0,0,0,0
5.752440452575684,0.0,0.0,0.0,0.0,0.0,0.0,0.0,0.0,0.0,0.03,0,0,0,0,0,0,0,0,0,0,0,0,0,0,0,0,0,0,0,0,0
5.7548558712005615,0.0,0.0,0.0,0.0,0.0,0.0,0.0,0.0,0.0,0.03,0,0,0,0,0,0,0,0,0,0,0,0,0,0,0,0,0,0,0,0,0
5.757174730300903,0.0,0.0,0.0,0.0,0.0,0.0,0.0,0.0,0.0,0.03,0,0,0,0,0,0,0,0,0,0,0,0,0,0,0,0,0,0,0,0,0
5.758648872375488,0.0,0.0,0.0,0.0,0.0,0.0,0.0,0.0,0.0,0.03,0,0,0,0,0,0,0,0,0,0,0,0,0,0,0,0,0,0,0,0,0
5.759943008422852,0.0,0.0,0.0,0.0,0.0,0.0,0.0,0.0,0.0,0.03,0,0,0,0,0,0,0,0,0,0,0,0,0,0,0,0,0,0,0,0,0
5.7614500522613525,0.0,0.0,0.0,0.0,0.0,0.0,0.0,0.0,0.0,0.03,0,0,0,0,0,0,0,0,0,0,0,0,0,0,0,0,0,0,0,0,0
5.763566493988037,0.0,0.0,0.0,0.0,0.0,0.0,0.0,0.0,0.0,0.03,0,0,0,0,0,0,0,0,0,0,0,0,0,0,0,0,0,0,0,0,0
5.764680862426758,0.0,0.0,0.0,0.0,0.0,0.0,0.0,0.0,0.0,0.03,0,0,0,0,0,0,0,0,0,0,0,0,0,0,0,0,0,0,0,0,0
5.766007900238037,0.0,0.0,0.0,0.0,0.0,0.0,0.0,0.0,0.0,0.03,0,0,0,0,0,0,0,0,0,0,0,0,0,0,0,0,0,0,0,0,0
5.767179250717163,0.0,0.0,0.0,0.0,0.0,0.0,0.0,0.0,0.0,0.03,0,0,0,0,0,0,0,0,0,0,0,0,0,0,0,0,0,0,0,0,0
5.768386363983154,0.0,0.0,0.0,0.0,0.0,0.0,0.0,0.0,0.0,0.03,0,0,0,0,0,0,0,0,0,0,0,0,0,0,0,0,0,0,0,0,0
5.769602537155151,0.0,0.0,0.0,0.0,0.0,0.0,0.0,0.0,0.0,0.03,0,0,0,0,0,0,0,0,0,0,0,0,0,0,0,0,0,0,0,0,0
5.7707624435424805,0.0,0.0,0.0,0.0,0.0,0.0,0.0,0.0,0.0,0.03,0,0,0,0,0,0,0,0,0,0,0,0,0,0,0,0,0,0,0,0,0
5.772101879119873,0.0,0.0,0.0,0.0,0.0,0.0,0.0,0.0,0.0,0.03,0,0,0,0,0,0,0,0,0,0,0,0,0,0,0,0,0,0,0,0,0
5.773192644119263,0.0,0.0,0.0,0.0,0.0,0.0,0.0,0.0,0.0,0.03,0,0,0,0,0,0,0,0,0,0,0,0,0,0,0,0,0,0,0,0,0
5.77435302734375,0.0,0.0,0.0,0.0,0.0,0.0,0.0,0.0,0.0,0.03,0,0,0,0,0,0,0,0,0,0,0,0,0,0,0,0,0,0,0,0,0
5.776000261306763,0.0,0.0,0.0,0.0,0.0,0.0,0.0,0.0,0.0,0.03,0,0,0,0,0,0,0,0,0,0,0,0,0,0,0,0,0,0,0,0,0
5.777513742446899,0.0,0.0,0.0,0.0,0.0,0.0,0.0,0.0,0.0,0.03,0,0,0,0,0,0,0,0,0,0,0,0,0,0,0,0,0,0,0,0,0
5.780111789703369,0.0,0.0,0.0,0.0,0.0,0.0,0.0,0.0,0.0,0.03,0,0,0,0,0,0,0,0,0,0,0,0,0,0,0,0,0,0,0,0,0
5.781242370605469,0.0,0.0,0.0,0.0,0.0,0.0,0.0,0.0,0.0,0.03,0,0,0,0,0,0,0,0,0,0,0,0,0,0,0,0,0,0,0,0,0
5.782331228256226,0.0,0.0,0.0,0.0,0.0,0.0,0.0,0.0,0.0,0.03,0,0,0,0,0,0,0,0,0,0,0,0,0,0,0,0,0,0,0,0,0
5.784006834030151,0.0,0.0,0.0,0.0,0.0,0.0,0.0,0.0,0.0,0.03,0,0,0,0,0,0,0,0,0,0,0,0,0,0,0,0,0,0,0,0,0
5.785375356674194,0.0,0.0,0.0,0.0,0.0,0.0,0.0,0.0,0.0,0.03,0,0,0,0,0,0,0,0,0,0,0,0,0,0,0,0,0,0,0,0,0
5.786626100540161,0.0,0.0,0.0,0.0,0.0,0.0,0.0,0.0,0.0,0.03,0,0,0,0,0,0,0,0,0,0,0,0,0,0,0,0,0,0,0,0,0
5.788944244384766,0.0,0.0,0.0,0.0,0.0,0.0,0.0,0.0,0.0,0.03,0,0,0,0,0,0,0,0,0,0,0,0,0,0,0,0,0,0,0,0,0
5.790019512176514,0.0,0.0,0.0,0.0,0.0,0.0,0.0,0.0,0.0,0.03,0,0,0,0,0,0,0,0,0,0,0,0,0,0,0,0,0,0,0,0,0
5.791298866271973,0.0,0.0,0.0,0.0,0.0,0.0,0.0,0.0,0.0,0.03,0,0,0,0,0,0,0,0,0,0,0,0,0,0,0,0,0,0,0,0,0
5.792457580566406,0.0,0.0,0.0,0.0,0.0,0.0,0.0,0.0,0.0,0.03,0,0,0,0,0,0,0,0,0,0,0,0,0,0,0,0,0,0,0,0,0
5.793550968170166,0.0,0.0,0.0,0.0,0.0,0.0,0.0,0.0,0.0,0.03,0,0,0,0,0,0,0,0,0,0,0,0,0,0,0,0,0,0,0,0,0
5.795073747634888,0.0,0.0,0.0,0.0,0.0,0.0,0.0,0.0,0.0,0.03,0,0,0,0,0,0,0,0,0,0,0,0,0,0,0,0,0,0,0,0,0
5.796570301055908,0.0,0.0,0.0,0.0,0.0,0.0,0.0,0.0,0.0,0.03,0,0,0,0,0,0,0,0,0,0,0,0,0,0,0,0,0,0,0,0,0
5.799258708953857,0.0,0.0,0.0,0.0,0.0,0.0,0.0,0.0,0.0,0.03,0,0,0,0,0,0,0,0,0,0,0,0,0,0,0,0,0,0,0,0,0
5.8006110191345215,0.0,0.0,0.0,0.0,0.0,0.0,0.0,0.0,0.0,0.03,0,0,0,0,0,0,0,0,0,0,0,0,0,0,0,0,0,0,0,0,0
5.801776647567749,0.0,0.0,0.0,0.0,0.0,0.0,0.0,0.0,0.0,0.03,0,0,0,0,0,0,0,0,0,0,0,0,0,0,0,0,0,0,0,0,0
5.802851915359497,0.0,0.0,0.0,0.0,0.0,0.0,0.0,0.0,0.0,0.03,0,0,0,0,0,0,0,0,0,0,0,0,0,0,0,0,0,0,0,0,0
5.80423903465271,0.0,0.0,0.0,0.0,0.0,0.0,0.0,0.0,0.0,0.03,0,0,0,0,0,0,0,0,0,0,0,0,0,0,0,0,0,0,0,0,0
5.80924391746521,0.0,0.0,0.0,0.0,0.0,0.0,0.0,0.0,0.0,0.03,0,0,0,0,0,0,0,0,0,0,0,0,0,0,0,0,0,0,0,0,0
5.81063437461853,0.0,0.0,0.0,0.0,0.0,0.0,0.0,0.0,0.0,0.03,0,0,0,0,0,0,0,0,0,0,0,0,0,0,0,0,0,0,0,0,0
5.811847925186157,0.0,0.0,0.0,0.0,0.0,0.0,0.0,0.0,0.0,0.03,0,0,0,0,0,0,0,0,0,0,0,0,0,0,0,0,0,0,0,0,0
5.8132164478302,0.0,0.0,0.0,0.0,0.0,0.0,0.0,0.0,0.0,0.03,0,0,0,0,0,0,0,0,0,0,0,0,0,0,0,0,0,0,0,0,0
5.81432580947876,0.0,0.0,0.0,0.0,0.0,0.0,0.0,0.0,0.0,0.03,0,0,0,0,0,0,0,0,0,0,0,0,0,0,0,0,0,0,0,0,0
5.815511226654053,0.0,0.0,0.0,0.0,0.0,0.0,0.0,0.0,0.0,0.03,0,0,0,0,0,0,0,0,0,0,0,0,0,0,0,0,0,0,0,0,0
5.816605567932129,0.0,0.0,0.0,0.0,0.0,0.0,0.0,0.0,0.0,0.03,0,0,0,0,0,0,0,0,0,0,0,0,0,0,0,0,0,0,0,0,0
5.817694425582886,0.0,0.0,0.0,0.0,0.0,0.0,0.0,0.0,0.0,0.03,0,0,0,0,0,0,0,0,0,0,0,0,0,0,0,0,0,0,0,0,0
5.8193840980529785,0.0,0.0,0.0,0.0,0.0,0.0,0.0,0.0,0.0,0.03,0,0,0,0,0,0,0,0,0,0,0,0,0,0,0,0,0,0,0,0,0
5.820544242858887,0.0,0.0,0.0,0.0,0.0,0.0,0.0,0.0,0.0,0.03,0,0,0,0,0,0,0,0,0,0,0,0,0,0,0,0,0,0,0,0,0
5.821707487106323,0.0,0.0,0.0,0.0,0.0,0.0,0.0,0.0,0.0,0.03,0,0,0,0,0,0,0,0,0,0,0,0,0,0,0,0,0,0,0,0,0
5.823324680328369,0.0,0.0,0.0,0.0,0.0,0.0,0.0,0.0,0.0,0.03,0,0,0,0,0,0,0,0,0,0,0,0,0,0,0,0,0,0,0,0,0
5.824429512023926,0.0,0.0,0.0,0.0,0.0,0.0,0.0,0.0,0.0,0.03,0,0,0,0,0,0,0,0,0,0,0,0,0,0,0,0,0,0,0,0,0
5.825652599334717,0.0,0.0,0.0,0.0,0.0,0.0,0.0,0.0,0.0,0.03,0,0,0,0,0,0,0,0,0,0,0,0,0,0,0,0,0,0,0,0,0
5.826756954193115,0.0,0.0,0.0,0.0,0.0,0.0,0.0,0.0,0.0,0.03,0,0,0,0,0,0,0,0,0,0,0,0,0,0,0,0,0,0,0,0,0
5.82814359664917,0.0,0.0,0.0,0.0,0.0,0.0,0.0,0.0,0.0,0.03,0,0,0,0,0,0,0,0,0,0,0,0,0,0,0,0,0,0,0,0,0
5.829385995864868,0.0,0.0,0.0,0.0,0.0,0.0,0.0,0.0,0.0,0.03,0,0,0,0,0,0,0,0,0,0,0,0,0,0,0,0,0,0,0,0,0
5.8304736614227295,0.0,0.0,0.0,0.0,0.0,0.0,0.0,0.0,0.0,0.03,0,0,0,0,0,0,0,0,0,0,0,0,0,0,0,0,0,0,0,0,0
5.831829786300659,0.0,0.0,0.0,0.0,0.0,0.0,0.0,0.0,0.0,0.03,0,0,0,0,0,0,0,0,0,0,0,0,0,0,0,0,0,0,0,0,0
5.833673715591431,0.0,0.0,0.0,0.0,0.0,0.0,0.0,0.0,0.0,0.03,0,0,0,0,0,0,0,0,0,0,0,0,0,0,0,0,0,0,0,0,0
5.8348305225372314,0.0,0.0,0.0,0.0,0.0,0.0,0.0,0.0,0.0,0.03,0,0,0,0,0,0,0,0,0,0,0,0,0,0,0,0,0,0,0,0,0
5.836803674697876,0.0,0.0,0.0,0.0,0.0,0.0,0.0,0.0,0.0,0.03,0,0,0,0,0,0,0,0,0,0,0,0,0,0,0,0,0,0,0,0,0
5.838003635406494,0.0,0.0,0.0,0.0,0.0,0.0,0.0,0.0,0.0,0.03,0,0,0,0,0,0,0,0,0,0,0,0,0,0,0,0,0,0,0,0,0
5.839200496673584,0.0,0.0,0.0,0.0,0.0,0.0,0.0,0.0,0.0,0.03,0,0,0,0,0,0,0,0,0,0,0,0,0,0,0,0,0,0,0,0,0
5.8403894901275635,0.0,0.0,0.0,0.0,0.0,0.0,0.0,0.0,0.0,0.03,0,0,0,0,0,0,0,0,0,0,0,0,0,0,0,0,0,0,0,0,0
5.841506481170654,0.0,0.0,0.0,0.0,0.0,0.0,0.0,0.0,0.0,0.03,0,0,0,0,0,0,0,0,0,0,0,0,0,0,0,0,0,0,0,0,0
5.842646598815918,0.0,0.0,0.0,0.0,0.0,0.0,0.0,0.0,0.0,0.03,0,0,0,0,0,0,0,0,0,0,0,0,0,0,0,0,0,0,0,0,0
5.844077825546265,0.0,0.0,0.0,0.0,0.0,0.0,0.0,0.0,0.0,0.03,0,0,0,0,0,0,0,0,0,0,0,0,0,0,0,0,0,0,0,0,0
5.845274209976196,0.0,0.0,0.0,0.0,0.0,0.0,0.0,0.0,0.0,0.03,0,0,0,0,0,0,0,0,0,0,0,0,0,0,0,0,0,0,0,0,0
5.847013235092163,0.0,0.0,0.0,0.0,0.0,0.0,0.0,0.0,0.0,0.03,0,0,0,0,0,0,0,0,0,0,0,0,0,0,0,0,0,0,0,0,0
5.850298881530762,0.0,0.0,0.0,0.0,0.0,0.0,0.0,0.0,0.0,0.03,0,0,0,0,0,0,0,0,0,0,0,0,0,0,0,0,0,0,0,0,0
5.851629734039307,0.0,0.0,0.0,0.0,0.0,0.0,0.0,0.0,0.0,0.03,0,0,0,0,0,0,0,0,0,0,0,0,0,0,0,0,0,0,0,0,0
5.852870225906372,0.0,0.0,0.0,0.0,0.0,0.0,0.0,0.0,0.0,0.03,0,0,0,0,0,0,0,0,0,0,0,0,0,0,0,0,0,0,0,0,0
5.854797124862671,0.0,0.0,0.0,0.0,0.0,0.0,0.0,0.0,0.0,0.03,0,0,0,0,0,0,0,0,0,0,0,0,0,0,0,0,0,0,0,0,0
5.856129884719849,0.0,0.0,0.0,0.0,0.0,0.0,0.0,0.0,0.0,0.03,0,0,0,0,0,0,0,0,0,0,0,0,0,0,0,0,0,0,0,0,0
5.857356071472168,0.0,0.0,0.0,0.0,0.0,0.0,0.0,0.0,0.0,0.03,0,0,0,0,0,0,0,0,0,0,0,0,0,0,0,0,0,0,0,0,0
5.8587212562561035,0.0,0.0,0.0,0.0,0.0,0.0,0.0,0.0,0.0,0.03,0,0,0,0,0,0,0,0,0,0,0,0,0,0,0,0,0,0,0,0,0
5.860921621322632,0.0,0.0,0.0,0.0,0.0,0.0,0.0,0.0,0.0,0.03,0,0,0,0,0,0,0,0,0,0,0,0,0,0,0,0,0,0,0,0,0
5.862073183059692,0.0,0.0,0.0,0.0,0.0,0.0,0.0,0.0,0.0,0.03,0,0,0,0,0,0,0,0,0,0,0,0,0,0,0,0,0,0,0,0,0
5.863266229629517,0.0,0.0,0.0,0.0,0.0,0.0,0.0,0.0,0.0,0.03,0,0,0,0,0,0,0,0,0,0,0,0,0,0,0,0,0,0,0,0,0
5.8643598556518555,0.0,0.0,0.0,0.0,0.0,0.0,0.0,0.0,0.0,0.03,0,0,0,0,0,0,0,0,0,0,0,0,0,0,0,0,0,0,0,0,0
5.865666151046753,0.0,0.0,0.0,0.0,0.0,0.0,0.0,0.0,0.0,0.03,0,0,0,0,0,0,0,0,0,0,0,0,0,0,0,0,0,0,0,0,0
5.866788625717163,0.0,0.0,0.0,0.0,0.0,0.0,0.0,0.0,0.0,0.03,0,0,0,0,0,0,0,0,0,0,0,0,0,0,0,0,0,0,0,0,0
5.868951320648193,0.0,0.0,0.0,0.0,0.0,0.0,0.0,0.0,0.0,0.03,0,0,0,0,0,0,0,0,0,0,0,0,0,0,0,0,0,0,0,0,0
5.870020866394043,0.0,0.0,0.0,0.0,0.0,0.0,0.0,0.0,0.0,0.03,0,0,0,0,0,0,0,0,0,0,0,0,0,0,0,0,0,0,0,0,0
5.8716113567352295,0.0,0.0,0.0,0.0,0.0,0.0,0.0,0.0,0.0,0.03,0,0,0,0,0,0,0,0,0,0,0,0,0,0,0,0,0,0,0,0,0
5.87301778793335,0.0,0.0,0.0,0.0,0.0,0.0,0.0,0.0,0.0,0.03,0,0,0,0,0,0,0,0,0,0,0,0,0,0,0,0,0,0,0,0,0
5.874127626419067,0.0,0.0,0.0,0.0,0.0,0.0,0.0,0.0,0.0,0.03,0,0,0,0,0,0,0,0,0,0,0,0,0,0,0,0,0,0,0,0,0
5.87583065032959,0.0,0.0,0.0,0.0,0.0,0.0,0.0,0.0,0.0,0.03,0,0,0,0,0,0,0,0,0,0,0,0,0,0,0,0,0,0,0,0,0
5.877575874328613,0.0,0.0,0.0,0.0,0.0,0.0,0.0,0.0,0.0,0.03,0,0,0,0,0,0,0,0,0,0,0,0,0,0,0,0,0,0,0,0,0
5.878949165344238,0.0,0.0,0.0,0.0,0.0,0.0,0.0,0.0,0.0,0.03,0,0,0,0,0,0,0,0,0,0,0,0,0,0,0,0,0,0,0,0,0
5.880688428878784,0.0,0.0,0.0,0.0,0.0,0.0,0.0,0.0,0.0,0.03,0,0,0,0,0,0,0,0,0,0,0,0,0,0,0,0,0,0,0,0,0
5.881847620010376,0.0,0.0,0.0,0.0,0.0,0.0,0.0,0.0,0.0,0.03,0,0,0,0,0,0,0,0,0,0,0,0,0,0,0,0,0,0,0,0,0
5.883305788040161,0.0,0.0,0.0,0.0,0.0,0.0,0.0,0.0,0.0,0.03,0,0,0,0,0,0,0,0,0,0,0,0,0,0,0,0,0,0,0,0,0
5.887048721313477,0.0,0.0,0.0,0.0,0.0,0.0,0.0,0.0,0.0,0.03,0,0,0,0,0,0,0,0,0,0,0,0,0,0,0,0,0,0,0,0,0
5.888143539428711,0.0,0.0,0.0,0.0,0.0,0.0,0.0,0.0,0.0,0.03,0,0,0,0,0,0,0,0,0,0,0,0,0,0,0,0,0,0,0,0,0
5.890533447265625,0.0,0.0,0.0,0.0,0.0,0.0,0.0,0.0,0.0,0.03,0,0,0,0,0,0,0,0,0,0,0,0,0,0,0,0,0,0,0,0,0
5.891645669937134,0.0,0.0,0.0,0.0,0.0,0.0,0.0,0.0,0.0,0.03,0,0,0,0,0,0,0,0,0,0,0,0,0,0,0,0,0,0,0,0,0
5.89341402053833,0.0,0.0,0.0,0.0,0.0,0.0,0.0,0.0,0.0,0.03,0,0,0,0,0,0,0,0,0,0,0,0,0,0,0,0,0,0,0,0,0
5.89451265335083,0.0,0.0,0.0,0.0,0.0,0.0,0.0,0.0,0.0,0.03,0,0,0,0,0,0,0,0,0,0,0,0,0,0,0,0,0,0,0,0,0
5.895870685577393,0.0,0.0,0.0,0.0,0.0,0.0,0.0,0.0,0.0,0.03,0,0,0,0,0,0,0,0,0,0,0,0,0,0,0,0,0,0,0,0,0
5.897226333618164,0.0,0.0,0.0,0.0,0.0,0.0,0.0,0.0,0.0,0.03,0,0,0,0,0,0,0,0,0,0,0,0,0,0,0,0,0,0,0,0,0
5.8992249965667725,0.0,0.0,0.0,0.0,0.0,0.0,0.0,0.0,0.0,0.03,0,0,0,0,0,0,0,0,0,0,0,0,0,0,0,0,0,0,0,0,0
5.90056586265564,0.0,0.0,0.0,0.0,0.0,0.0,0.0,0.0,0.0,0.03,0,0,0,0,0,0,0,0,0,0,0,0,0,0,0,0,0,0,0,0,0
5.9016947746276855,0.0,0.0,0.0,0.0,0.0,0.0,0.0,0.0,0.0,0.03,0,0,0,0,0,0,0,0,0,0,0,0,0,0,0,0,0,0,0,0,0
5.903119325637817,0.0,0.0,0.0,0.0,0.0,0.0,0.0,0.0,0.0,0.03,0,0,0,0,0,0,0,0,0,0,0,0,0,0,0,0,0,0,0,0,0
5.904196739196777,0.0,0.0,0.0,0.0,0.0,0.0,0.0,0.0,0.0,0.03,0,0,0,0,0,0,0,0,0,0,0,0,0,0,0,0,0,0,0,0,0
5.9052956104278564,0.0,0.0,0.0,0.0,0.0,0.0,0.0,0.0,0.0,0.03,0,0,0,0,0,0,0,0,0,0,0,0,0,0,0,0,0,0,0,0,0
5.906465291976929,0.0,0.0,0.0,0.0,0.0,0.0,0.0,0.0,0.0,0.03,0,0,0,0,0,0,0,0,0,0,0,0,0,0,0,0,0,0,0,0,0
5.907625198364258,0.0,0.0,0.0,0.0,0.0,0.0,0.0,0.0,0.0,0.03,0,0,0,0,0,0,0,0,0,0,0,0,0,0,0,0,0,0,0,0,0
5.908731460571289,0.0,0.0,0.0,0.0,0.0,0.0,0.0,0.0,0.0,0.03,0,0,0,0,0,0,0,0,0,0,0,0,0,0,0,0,0,0,0,0,0
5.909816026687622,0.0,0.0,0.0,0.0,0.0,0.0,0.0,0.0,0.0,0.03,0,0,0,0,0,0,0,0,0,0,0,0,0,0,0,0,0,0,0,0,0
5.9108850955963135,0.0,0.0,0.0,0.0,0.0,0.0,0.0,0.0,0.0,0.03,0,0,0,0,0,0,0,0,0,0,0,0,0,0,0,0,0,0,0,0,0
5.912419080734253,0.0,0.0,0.0,0.0,0.0,0.0,0.0,0.0,0.0,0.03,0,0,0,0,0,0,0,0,0,0,0,0,0,0,0,0,0,0,0,0,0
5.9145190715789795,0.0,0.0,0.0,0.0,0.0,0.0,0.0,0.0,0.0,0.03,0,0,0,0,0,0,0,0,0,0,0,0,0,0,0,0,0,0,0,0,0
5.916508197784424,0.0,0.0,0.0,0.0,0.0,0.0,0.0,0.0,0.0,0.03,0,0,0,0,0,0,0,0,0,0,0,0,0,0,0,0,0,0,0,0,0
5.917937994003296,0.0,0.0,0.0,0.0,0.0,0.0,0.0,0.0,0.0,0.03,0,0,0,0,0,0,0,0,0,0,0,0,0,0,0,0,0,0,0,0,0
5.919032573699951,0.0,0.0,0.0,0.0,0.0,0.0,0.0,0.0,0.0,0.03,0,0,0,0,0,0,0,0,0,0,0,0,0,0,0,0,0,0,0,0,0
5.921447277069092,0.0,0.0,0.0,0.0,0.0,0.0,0.0,0.0,0.0,0.03,0,0,0,0,0,0,0,0,0,0,0,0,0,0,0,0,0,0,0,0,0
5.9228291511535645,0.0,0.0,0.0,0.0,0.0,0.0,0.0,0.0,0.0,0.03,0,0,0,0,0,0,0,0,0,0,0,0,0,0,0,0,0,0,0,0,0
5.924064874649048,0.0,0.0,0.0,0.0,0.0,0.0,0.0,0.0,0.0,0.03,0,0,0,0,0,0,0,0,0,0,0,0,0,0,0,0,0,0,0,0,0
5.92616081237793,0.0,0.0,0.0,0.0,0.0,0.0,0.0,0.0,0.0,0.03,0,0,0,0,0,0,0,0,0,0,0,0,0,0,0,0,0,0,0,0,0
5.927449703216553,0.0,0.0,0.0,0.0,0.0,0.0,0.0,0.0,0.0,0.03,0,0,0,0,0,0,0,0,0,0,0,0,0,0,0,0,0,0,0,0,0
5.928702116012573,0.0,0.0,0.0,0.0,0.0,0.0,0.0,0.0,0.0,0.03,0,0,0,0,0,0,0,0,0,0,0,0,0,0,0,0,0,0,0,0,0
5.9297943115234375,0.0,0.0,0.0,0.0,0.0,0.0,0.0,0.0,0.0,0.03,0,0,0,0,0,0,0,0,0,0,0,0,0,0,0,0,0,0,0,0,0
5.931078195571899,0.0,0.0,0.0,0.0,0.0,0.0,0.0,0.0,0.0,0.03,0,0,0,0,0,0,0,0,0,0,0,0,0,0,0,0,0,0,0,0,0
5.932922601699829,0.0,0.0,0.0,0.0,0.0,0.0,0.0,0.0,0.0,0.03,0,0,0,0,0,0,0,0,0,0,0,0,0,0,0,0,0,0,0,0,0
5.934422492980957,0.0,0.0,0.0,0.0,0.0,0.0,0.0,0.0,0.0,0.03,0,0,0,0,0,0,0,0,0,0,0,0,0,0,0,0,0,0,0,0,0
5.936712980270386,0.0,0.0,0.0,0.0,0.0,0.0,0.0,0.0,0.0,0.03,0,0,0,0,0,0,0,0,0,0,0,0,0,0,0,0,0,0,0,0,0
5.937990427017212,0.0,0.0,0.0,0.0,0.0,0.0,0.0,0.0,0.0,0.03,0,0,0,0,0,0,0,0,0,0,0,0,0,0,0,0,0,0,0,0,0
5.939314365386963,0.0,0.0,0.0,0.0,0.0,0.0,0.0,0.0,0.0,0.03,0,0,0,0,0,0,0,0,0,0,0,0,0,0,0,0,0,0,0,0,0
5.941226243972778,0.0,0.0,0.0,0.0,0.0,0.0,0.0,0.0,0.0,0.03,0,0,0,0,0,0,0,0,0,0,0,0,0,0,0,0,0,0,0,0,0
5.942784070968628,0.0,0.0,0.0,0.0,0.0,0.0,0.0,0.0,0.0,0.03,0,0,0,0,0,0,0,0,0,0,0,0,0,0,0,0,0,0,0,0,0
5.943993806838989,0.0,0.0,0.0,0.0,0.0,0.0,0.0,0.0,0.0,0.03,0,0,0,0,0,0,0,0,0,0,0,0,0,0,0,0,0,0,0,0,0
5.9460413455963135,0.0,0.0,0.0,0.0,0.0,0.0,0.0,0.0,0.0,0.03,0,0,0,0,0,0,0,0,0,0,0,0,0,0,0,0,0,0,0,0,0
5.947372913360596,0.0,0.0,0.0,0.0,0.0,0.0,0.0,0.0,0.0,0.03,0,0,0,0,0,0,0,0,0,0,0,0,0,0,0,0,0,0,0,0,0
5.95078444480896,0.0,0.0,0.0,0.0,0.0,0.0,0.0,0.0,0.0,0.03,0,0,0,0,0,0,0,0,0,0,0,0,0,0,0,0,0,0,0,0,0
5.95192551612854,0.0,0.0,0.0,0.0,0.0,0.0,0.0,0.0,0.0,0.03,0,0,0,0,0,0,0,0,0,0,0,0,0,0,0,0,0,0,0,0,0
5.953989505767822,0.0,0.0,0.0,0.0,0.0,0.0,0.0,0.0,0.0,0.03,0,0,0,0,0,0,0,0,0,0,0,0,0,0,0,0,0,0,0,0,0
5.95591926574707,0.0,0.0,0.0,0.0,0.0,0.0,0.0,0.0,0.0,0.03,0,0,0,0,0,0,0,0,0,0,0,0,0,0,0,0,0,0,0,0,0
5.957740068435669,0.0,0.0,0.0,0.0,0.0,0.0,0.0,0.0,0.0,0.03,0,0,0,0,0,0,0,0,0,0,0,0,0,0,0,0,0,0,0,0,0
5.959203243255615,0.0,0.0,0.0,0.0,0.0,0.0,0.0,0.0,0.0,0.03,0,0,0,0,0,0,0,0,0,0,0,0,0,0,0,0,0,0,0,0,0
5.960450649261475,0.0,0.0,0.0,0.0,0.0,0.0,0.0,0.0,0.0,0.03,0,0,0,0,0,0,0,0,0,0,0,0,0,0,0,0,0,0,0,0,0
5.962538957595825,0.0,0.0,0.0,0.0,0.0,0.0,0.0,0.0,0.0,0.03,0,0,0,0,0,0,0,0,0,0,0,0,0,0,0,0,0,0,0,0,0
5.964033603668213,0.0,0.0,0.0,0.0,0.0,0.0,0.0,0.0,0.0,0.03,0,0,0,0,0,0,0,0,0,0,0,0,0,0,0,0,0,0,0,0,0
5.965161323547363,0.0,0.0,0.0,0.0,0.0,0.0,0.0,0.0,0.0,0.03,0,0,0,0,0,0,0,0,0,0,0,0,0,0,0,0,0,0,0,0,0
5.966274261474609,0.0,0.0,0.0,0.0,0.0,0.0,0.0,0.0,0.0,0.03,0,0,0,0,0,0,0,0,0,0,0,0,0,0,0,0,0,0,0,0,0
5.967362642288208,0.0,0.0,0.0,0.0,0.0,0.0,0.0,0.0,0.0,0.03,0,0,0,0,0,0,0,0,0,0,0,0,0,0,0,0,0,0,0,0,0
5.9685139656066895,0.0,0.0,0.0,0.0,0.0,0.0,0.0,0.0,0.0,0.03,0,0,0,0,0,0,0,0,0,0,0,0,0,0,0,0,0,0,0,0,0
5.969662427902222,0.0,0.0,0.0,0.0,0.0,0.0,0.0,0.0,0.0,0.03,0,0,0,0,0,0,0,0,0,0,0,0,0,0,0,0,0,0,0,0,0
5.9708287715911865,0.0,0.0,0.0,0.0,0.0,0.0,0.0,0.0,0.0,0.03,0,0,0,0,0,0,0,0,0,0,0,0,0,0,0,0,0,0,0,0,0
5.971965789794922,0.0,0.0,0.0,0.0,0.0,0.0,0.0,0.0,0.0,0.03,0,0,0,0,0,0,0,0,0,0,0,0,0,0,0,0,0,0,0,0,0
5.9734320640563965,0.0,0.0,0.0,0.0,0.0,0.0,0.0,0.0,0.0,0.03,0,0,0,0,0,0,0,0,0,0,0,0,0,0,0,0,0,0,0,0,0
5.9747114181518555,0.0,0.0,0.0,0.0,0.0,0.0,0.0,0.0,0.0,0.03,0,0,0,0,0,0,0,0,0,0,0,0,0,0,0,0,0,0,0,0,0
5.976978302001953,0.0,0.0,0.0,0.0,0.0,0.0,0.0,0.0,0.0,0.03,0,0,0,0,0,0,0,0,0,0,0,0,0,0,0,0,0,0,0,0,0
5.979065656661987,0.0,0.0,0.0,0.0,0.0,0.0,0.0,0.0,0.0,0.03,0,0,0,0,0,0,0,0,0,0,0,0,0,0,0,0,0,0,0,0,0
5.980540752410889,0.0,0.0,0.0,0.0,0.0,0.0,0.0,0.0,0.0,0.03,0,0,0,0,0,0,0,0,0,0,0,0,0,0,0,0,0,0,0,0,0
5.981669187545776,0.0,0.0,0.0,0.0,0.0,0.0,0.0,0.0,0.0,0.03,0,0,0,0,0,0,0,0,0,0,0,0,0,0,0,0,0,0,0,0,0
5.982761383056641,0.0,0.0,0.0,0.0,0.0,0.0,0.0,0.0,0.0,0.03,0,0,0,0,0,0,0,0,0,0,0,0,0,0,0,0,0,0,0,0,0
5.984454870223999,0.0,0.0,0.0,0.0,0.0,0.0,0.0,0.0,0.0,0.03,0,0,0,0,0,0,0,0,0,0,0,0,0,0,0,0,0,0,0,0,0
5.985822677612305,0.0,0.0,0.0,0.0,0.0,0.0,0.0,0.0,0.0,0.03,0,0,0,0,0,0,0,0,0,0,0,0,0,0,0,0,0,0,0,0,0
5.987081289291382,0.0,0.0,0.0,0.0,0.0,0.0,0.0,0.0,0.0,0.03,0,0,0,0,0,0,0,0,0,0,0,0,0,0,0,0,0,0,0,0,0
5.988636255264282,0.0,0.0,0.0,0.0,0.0,0.0,0.0,0.0,0.0,0.03,0,0,0,0,0,0,0,0,0,0,0,0,0,0,0,0,0,0,0,0,0
5.989837884902954,0.0,0.0,0.0,0.0,0.0,0.0,0.0,0.0,0.0,0.03,0,0,0,0,0,0,0,0,0,0,0,0,0,0,0,0,0,0,0,0,0
5.990965843200684,0.0,0.0,0.0,0.0,0.0,0.0,0.0,0.0,0.0,0.03,0,0,0,0,0,0,0,0,0,0,0,0,0,0,0,0,0,0,0,0,0
5.992051839828491,0.0,0.0,0.0,0.0,0.0,0.0,0.0,0.0,0.0,0.03,0,0,0,0,0,0,0,0,0,0,0,0,0,0,0,0,0,0,0,0,0
5.9931464195251465,0.0,0.0,0.0,0.0,0.0,0.0,0.0,0.0,0.0,0.03,0,0,0,0,0,0,0,0,0,0,0,0,0,0,0,0,0,0,0,0,0
5.994234800338745,0.0,0.0,0.0,0.0,0.0,0.0,0.0,0.0,0.0,0.03,0,0,0,0,0,0,0,0,0,0,0,0,0,0,0,0,0,0,0,0,0
5.995478868484497,0.0,0.0,0.0,0.0,0.0,0.0,0.0,0.0,0.0,0.03,0,0,0,0,0,0,0,0,0,0,0,0,0,0,0,0,0,0,0,0,0
5.996974468231201,0.0,0.0,0.0,0.0,0.0,0.0,0.0,0.0,0.0,0.03,0,0,0,0,0,0,0,0,0,0,0,0,0,0,0,0,0,0,0,0,0
5.999441385269165,0.0,0.0,0.0,0.0,0.0,0.0,0.0,0.0,0.0,0.03,0,0,0,0,0,0,0,0,0,0,0,0,0,0,0,0,0,0,0,0,0
6.0005528926849365,0.0,0.0,0.0,0.0,0.0,0.0,0.0,0.0,0.0,0.03,0,0,0,0,0,0,0,0,0,0,0,0,0,0,0,0,0,0,0,0,0
6.001852512359619,0.0,0.0,0.0,0.0,0.0,0.0,0.0,0.0,0.0,0.03,0,0,0,0,0,0,0,0,0,0,0,0,0,0,0,0,0,0,0,0,0
6.003260135650635,0.0,0.0,0.0,0.0,0.0,0.0,0.0,0.0,0.0,0.03,0,0,0,0,0,0,0,0,0,0,0,0,0,0,0,0,0,0,0,0,0
6.004635810852051,0.0,0.0,0.0,0.0,0.0,0.0,0.0,0.0,0.0,0.03,0,0,0,0,0,0,0,0,0,0,0,0,0,0,0,0,0,0,0,0,0
6.005757093429565,0.0,0.0,0.0,0.0,0.0,0.0,0.0,0.0,0.0,0.03,0,0,0,0,0,0,0,0,0,0,0,0,0,0,0,0,0,0,0,0,0
6.007012128829956,0.0,0.0,0.0,0.0,0.0,0.0,0.0,0.0,0.0,0.03,0,0,0,0,0,0,0,0,0,0,0,0,0,0,0,0,0,0,0,0,0
6.008476495742798,0.0,0.0,0.0,0.0,0.0,0.0,0.0,0.0,0.0,0.03,0,0,0,0,0,0,0,0,0,0,0,0,0,0,0,0,0,0,0,0,0
6.009838342666626,0.0,0.0,0.0,0.0,0.0,0.0,0.0,0.0,0.0,0.03,0,0,0,0,0,0,0,0,0,0,0,0,0,0,0,0,0,0,0,0,0
6.010947942733765,0.0,0.0,0.0,0.0,0.0,0.0,0.0,0.0,0.0,0.03,0,0,0,0,0,0,0,0,0,0,0,0,0,0,0,0,0,0,0,0,0
6.014402866363525,0.0,0.0,0.0,0.0,0.0,0.0,0.0,0.0,0.0,0.03,0,0,0,0,0,0,0,0,0,0,0,0,0,0,0,0,0,0,0,0,0
6.015507459640503,0.0,0.0,0.0,0.0,0.0,0.0,0.0,0.0,0.0,0.03,0,0,0,0,0,0,0,0,0,0,0,0,0,0,0,0,0,0,0,0,0
6.016812086105347,0.0,0.0,0.0,0.0,0.0,0.0,0.0,0.0,0.0,0.03,0,0,0,0,0,0,0,0,0,0,0,0,0,0,0,0,0,0,0,0,0
6.01830792427063,0.0,0.0,0.0,0.0,0.0,0.0,0.0,0.0,0.0,0.03,0,0,0,0,0,0,0,0,0,0,0,0,0,0,0,0,0,0,0,0,0
6.021061182022095,0.0,0.0,0.0,0.0,0.0,0.0,0.0,0.0,0.0,0.03,0,0,0,0,0,0,0,0,0,0,0,0,0,0,0,0,0,0,0,0,0
6.022464752197266,0.0,0.0,0.0,0.0,0.0,0.0,0.0,0.0,0.0,0.03,0,0,0,0,0,0,0,0,0,0,0,0,0,0,0,0,0,0,0,0,0
6.023864030838013,0.0,0.0,0.0,0.0,0.0,0.0,0.0,0.0,0.0,0.03,0,0,0,0,0,0,0,0,0,0,0,0,0,0,0,0,0,0,0,0,0
6.02557373046875,0.0,0.0,0.0,0.0,0.0,0.0,0.0,0.0,0.0,0.03,0,0,0,0,0,0,0,0,0,0,0,0,0,0,0,0,0,0,0,0,0
6.026780366897583,0.0,0.0,0.0,0.0,0.0,0.0,0.0,0.0,0.0,0.03,0,0,0,0,0,0,0,0,0,0,0,0,0,0,0,0,0,0,0,0,0
6.028257369995117,0.0,0.0,0.0,0.0,0.0,0.0,0.0,0.0,0.0,0.03,0,0,0,0,0,0,0,0,0,0,0,0,0,0,0,0,0,0,0,0,0
6.0294530391693115,0.0,0.0,0.0,0.0,0.0,0.0,0.0,0.0,0.0,0.03,0,0,0,0,0,0,0,0,0,0,0,0,0,0,0,0,0,0,0,0,0
6.0314247608184814,0.0,0.0,0.0,0.0,0.0,0.0,0.0,0.0,0.0,0.03,0,0,0,0,0,0,0,0,0,0,0,0,0,0,0,0,0,0,0,0,0
6.032978773117065,0.0,0.0,0.0,0.0,0.0,0.0,0.0,0.0,0.0,0.03,0,0,0,0,0,0,0,0,0,0,0,0,0,0,0,0,0,0,0,0,0
6.034054756164551,0.0,0.0,0.0,0.0,0.0,0.0,0.0,0.0,0.0,0.03,0,0,0,0,0,0,0,0,0,0,0,0,0,0,0,0,0,0,0,0,0
6.035286903381348,0.0,0.0,0.0,0.0,0.0,0.0,0.0,0.0,0.0,0.03,0,0,0,0,0,0,0,0,0,0,0,0,0,0,0,0,0,0,0,0,0
6.036473035812378,0.0,0.0,0.0,0.0,0.0,0.0,0.0,0.0,0.0,0.03,0,0,0,0,0,0,0,0,0,0,0,0,0,0,0,0,0,0,0,0,0
6.037587881088257,0.0,0.0,0.0,0.0,0.0,0.0,0.0,0.0,0.0,0.03,0,0,0,0,0,0,0,0,0,0,0,0,0,0,0,0,0,0,0,0,0
6.038676738739014,0.0,0.0,0.0,0.0,0.0,0.0,0.0,0.0,0.0,0.03,0,0,0,0,0,0,0,0,0,0,0,0,0,0,0,0,0,0,0,0,0
6.039925575256348,0.0,0.0,0.0,0.0,0.0,0.0,0.0,0.0,0.0,0.03,0,0,0,0,0,0,0,0,0,0,0,0,0,0,0,0,0,0,0,0,0
6.04157018661499,0.0,0.0,0.0,0.0,0.0,0.0,0.0,0.0,0.0,0.03,0,0,0,0,0,0,0,0,0,0,0,0,0,0,0,0,0,0,0,0,0
6.043584108352661,0.0,0.0,0.0,0.0,0.0,0.0,0.0,0.0,0.0,0.03,0,0,0,0,0,0,0,0,0,0,0,0,0,0,0,0,0,0,0,0,0
6.046044588088989,0.0,0.0,0.0,0.0,0.0,0.0,0.0,0.0,0.0,0.03,0,0,0,0,0,0,0,0,0,0,0,0,0,0,0,0,0,0,0,0,0
6.047194719314575,0.0,0.0,0.0,0.0,0.0,0.0,0.0,0.0,0.0,0.03,0,0,0,0,0,0,0,0,0,0,0,0,0,0,0,0,0,0,0,0,0
6.0492753982543945,0.0,0.0,0.0,0.0,0.0,0.0,0.0,0.0,0.0,0.03,0,0,0,0,0,0,0,0,0,0,0,0,0,0,0,0,0,0,0,0,0
6.051345348358154,0.0,0.0,0.0,0.0,0.0,0.0,0.0,0.0,0.0,0.03,0,0,0,0,0,0,0,0,0,0,0,0,0,0,0,0,0,0,0,0,0
6.052587270736694,0.0,0.0,0.0,0.0,0.0,0.0,0.0,0.0,0.0,0.03,0,0,0,0,0,0,0,0,0,0,0,0,0,0,0,0,0,0,0,0,0
6.0542097091674805,0.0,0.0,0.0,0.0,0.0,0.0,0.0,0.0,0.0,0.03,0,0,0,0,0,0,0,0,0,0,0,0,0,0,0,0,0,0,0,0,0
6.055401802062988,0.0,0.0,0.0,0.0,0.0,0.0,0.0,0.0,0.0,0.03,0,0,0,0,0,0,0,0,0,0,0,0,0,0,0,0,0,0,0,0,0
6.0565025806427,0.0,0.0,0.0,0.0,0.0,0.0,0.0,0.0,0.0,0.03,0,0,0,0,0,0,0,0,0,0,0,0,0,0,0,0,0,0,0,0,0
6.057589769363403,0.0,0.0,0.0,0.0,0.0,0.0,0.0,0.0,0.0,0.03,0,0,0,0,0,0,0,0,0,0,0,0,0,0,0,0,0,0,0,0,0
6.058683156967163,0.0,0.0,0.0,0.0,0.0,0.0,0.0,0.0,0.0,0.03,0,0,0,0,0,0,0,0,0,0,0,0,0,0,0,0,0,0,0,0,0
6.059770584106445,0.0,0.0,0.0,0.0,0.0,0.0,0.0,0.0,0.0,0.03,0,0,0,0,0,0,0,0,0,0,0,0,0,0,0,0,0,0,0,0,0
6.060988903045654,0.0,0.0,0.0,0.0,0.0,0.0,0.0,0.0,0.0,0.03,0,0,0,0,0,0,0,0,0,0,0,0,0,0,0,0,0,0,0,0,0
6.062272071838379,0.0,0.0,0.0,0.0,0.0,0.0,0.0,0.0,0.0,0.03,0,0,0,0,0,0,0,0,0,0,0,0,0,0,0,0,0,0,0,0,0
6.063378810882568,0.0,0.0,0.0,0.0,0.0,0.0,0.0,0.0,0.0,0.03,0,0,0,0,0,0,0,0,0,0,0,0,0,0,0,0,0,0,0,0,0
6.065855503082275,0.0,0.0,0.0,0.0,0.0,0.0,0.0,0.0,0.0,0.03,0,0,0,0,0,0,0,0,0,0,0,0,0,0,0,0,0,0,0,0,0
6.067909240722656,9.0,0.0,0.0,0.0,0.0,0.0,0.0,0.0,0.0,0.03,0,0,0,0,0,0,0,0,0,0,0,0,0,0,0,0,0,0,0,0,0
6.069133520126343,9.0,0.0,0.0,0.0,0.0,0.0,0.0,0.0,0.0,0.03,0,0,0,0,0,0,0,0,0,0,0,0,0,0,0,0,0,0,0,0,0
6.070461273193359,9.0,0.0,0.0,0.0,0.0,0.0,0.0,0.0,0.0,0.03,0,0,0,0,0,0,0,0,0,0,0,0,0,0,0,0,0,0,0,0,0
6.0717809200286865,9.0,0.0,0.0,0.0,0.0,0.0,0.0,0.0,0.0,0.03,0,0,0,0,0,0,0,0,0,0,0,0,0,0,0,0,0,0,0,0,0
6.073010444641113,9.0,0.0,0.0,0.0,0.0,0.0,0.0,0.0,0.0,0.03,0,0,0,0,0,0,0,0,0,0,0,0,0,0,0,0,0,0,0,0,0
6.0751237869262695,9.0,0.0,0.0,0.0,0.0,0.0,0.0,0.0,0.0,0.03,0,0,0,0,0,0,0,0,0,0,0,0,0,0,0,0,0,0,0,0,0
6.076197624206543,9.0,0.0,0.0,0.0,0.0,0.0,0.0,0.0,0.0,0.03,0,0,0,0,0,0,0,0,0,0,0,0,0,0,0,0,0,0,0,0,0
6.077263355255127,9.0,0.0,0.0,0.0,0.0,0.0,0.0,0.0,0.0,0.03,0,0,0,0,0,0,0,0,0,0,0,0,0,0,0,0,0,0,0,0,0
6.080382347106934,9.0,0.0,0.0,0.0,0.0,0.0,0.0,0.0,0.0,0.03,0,0,0,0,0,0,0,0,0,0,0,0,0,0,0,0,0,0,0,0,0
6.081556558609009,9.0,0.0,0.0,0.0,0.0,0.0,0.0,0.0,0.0,0.03,0,0,0,0,0,0,0,0,0,0,0,0,0,0,0,0,0,0,0,0,0
6.084240674972534,9.0,0.0,0.0,0.0,0.0,0.0,0.0,0.0,0.0,0.03,0,0,0,0,0,0,0,0,0,0,0,0,0,0,0,0,0,0,0,0,0
6.086754560470581,9.0,0.0,0.0,0.0,0.0,0.0,0.0,0.0,0.0,0.03,0,0,0,0,0,0,0,0,0,0,0,0,0,0,0,0,0,0,0,0,0
6.088059186935425,9.0,0.0,0.0,0.0,0.0,0.0,0.0,0.0,0.0,0.03,0,0,0,0,0,0,0,0,0,0,0,0,0,0,0,0,0,0,0,0,0
6.0892860889434814,9.0,0.0,0.0,0.0,0.0,0.0,0.0,0.0,0.0,0.03,0,0,0,0,0,0,0,0,0,0,0,0,0,0,0,0,0,0,0,0,0
6.090487480163574,9.0,0.0,0.0,0.0,0.0,0.0,0.0,0.0,0.0,0.03,0,0,0,0,0,0,0,0,0,0,0,0,0,0,0,0,0,0,0,0,0
6.091819524765015,9.0,0.0,0.0,0.0,0.0,0.0,0.0,0.0,0.0,0.03,0,0,0,0,0,0,0,0,0,0,0,0,0,0,0,0,0,0,0,0,0
6.093204736709595,9.0,0.0,0.0,0.0,0.0,0.0,0.0,0.0,0.0,0.03,0,0,0,0,0,0,0,0,0,0,0,0,0,0,0,0,0,0,0,0,0
6.094384670257568,9.0,0.0,0.0,0.0,0.0,0.0,0.0,0.0,0.0,0.03,0,0,0,0,0,0,0,0,0,0,0,0,0,0,0,0,0,0,0,0,0
6.09574294090271,9.0,0.0,0.0,0.0,0.0,0.0,0.0,0.0,0.0,0.03,0,0,0,0,0,0,0,0,0,0,0,0,0,0,0,0,0,0,0,0,0
6.096926212310791,9.0,0.0,0.0,0.0,0.0,0.0,0.0,0.0,0.0,0.03,0,0,0,0,0,0,0,0,0,0,0,0,0,0,0,0,0,0,0,0,0
6.098158836364746,9.0,0.0,0.0,0.0,0.0,0.0,0.0,0.0,0.0,0.03,0,0,0,0,0,0,0,0,0,0,0,0,0,0,0,0,0,0,0,0,0
6.099424600601196,9.0,0.0,0.0,0.0,0.0,0.0,0.0,0.0,0.0,0.03,0,0,0,0,0,0,0,0,0,0,0,0,0,0,0,0,0,0,0,0,0
6.100603818893433,9.0,0.0,0.0,0.0,0.0,0.0,0.0,0.0,0.0,0.03,0,0,0,0,0,0,0,0,0,0,0,0,0,0,0,0,0,0,0,0,0
6.101704835891724,9.0,0.0,0.0,0.0,0.0,0.0,0.0,0.0,0.0,0.03,0,0,0,0,0,0,0,0,0,0,0,0,0,0,0,0,0,0,0,0,0
6.102837085723877,9.0,0.0,0.0,0.0,0.0,0.0,0.0,0.0,0.0,0.03,0,0,0,0,0,0,0,0,0,0,0,0,0,0,0,0,0,0,0,0,0
6.103926181793213,9.0,0.0,0.0,0.0,0.0,0.0,0.0,0.0,0.0,0.03,0,0,0,0,0,0,0,0,0,0,0,0,0,0,0,0,0,0,0,0,0
6.105428218841553,9.0,0.0,0.0,0.0,0.0,0.0,0.0,0.0,0.0,0.03,0,0,0,0,0,0,0,0,0,0,0,0,0,0,0,0,0,0,0,0,0
6.107339143753052,9.0,0.0,0.0,0.0,0.0,0.0,0.0,0.0,0.0,0.03,0,0,0,0,0,0,0,0,0,0,0,0,0,0,0,0,0,0,0,0,0
6.109391689300537,9.0,0.0,0.0,0.0,0.0,0.0,0.0,0.0,0.0,0.03,0,0,0,0,0,0,0,0,0,0,0,0,0,0,0,0,0,0,0,0,0
6.110589265823364,9.0,0.0,0.0,0.0,0.0,0.0,0.0,0.0,0.0,0.03,0,0,0,0,0,0,0,0,0,0,0,0,0,0,0,0,0,0,0,0,0
6.111799716949463,9.0,0.0,0.0,0.0,0.0,0.0,0.0,0.0,0.0,0.03,0,0,0,0,0,0,0,0,0,0,0,0,0,0,0,0,0,0,0,0,0
6.113645315170288,9.0,0.0,0.0,0.0,0.0,0.0,0.0,0.0,0.0,0.03,0,0,0,0,0,0,0,0,0,0,0,0,0,0,0,0,0,0,0,0,0
6.114968776702881,9.0,0.0,0.0,0.0,0.0,0.0,0.0,0.0,0.0,0.03,0,0,0,0,0,0,0,0,0,0,0,0,0,0,0,0,0,0,0,0,0
6.116341590881348,9.0,0.0,0.0,0.0,0.0,0.0,0.0,0.0,0.0,0.03,0,0,0,0,0,0,0,0,0,0,0,0,0,0,0,0,0,0,0,0,0
6.117876768112183,9.0,0.0,0.0,0.0,0.0,0.0,0.0,0.0,0.0,0.03,0,0,0,0,0,0,0,0,0,0,0,0,0,0,0,0,0,0,0,0,0
6.119119167327881,9.0,0.0,0.0,0.0,0.0,0.0,0.0,0.0,0.0,0.03,0,0,0,0,0,0,0,0,0,0,0,0,0,0,0,0,0,0,0,0,0
6.120360612869263,9.0,0.0,0.0,0.0,0.0,0.0,0.0,0.0,0.0,0.03,0,0,0,0,0,0,0,0,0,0,0,0,0,0,0,0,0,0,0,0,0
6.121525764465332,9.0,0.0,0.0,0.0,0.0,0.0,0.0,0.0,0.0,0.03,0,0,0,0,0,0,0,0,0,0,0,0,0,0,0,0,0,0,0,0,0
6.122654914855957,9.0,0.0,0.0,0.0,0.0,0.0,0.0,0.0,0.0,0.03,0,0,0,0,0,0,0,0,0,0,0,0,0,0,0,0,0,0,0,0,0
6.123914003372192,9.0,0.0,0.0,0.0,0.0,0.0,0.0,0.0,0.0,0.03,0,0,0,0,0,0,0,0,0,0,0,0,0,0,0,0,0,0,0,0,0
6.125070810317993,9.0,0.0,0.0,0.0,0.0,0.0,0.0,0.0,0.0,0.03,0,0,0,0,0,0,0,0,0,0,0,0,0,0,0,0,0,0,0,0,0
6.127448081970215,9.0,0.0,0.0,0.0,0.0,0.0,0.0,0.0,0.0,0.03,0,0,0,0,0,0,0,0,0,0,0,0,0,0,0,0,0,0,0,0,0
6.130353212356567,9.0,0.0,0.0,0.0,0.0,0.0,0.0,0.0,0.0,0.03,0,0,0,0,0,0,0,0,0,0,0,0,0,0,0,0,0,0,0,0,0
6.131458759307861,9.0,0.0,0.0,0.0,0.0,0.0,0.0,0.0,0.0,0.03,0,0,0,0,0,0,0,0,0,0,0,0,0,0,0,0,0,0,0,0,0
6.132655620574951,9.0,0.0,0.0,0.0,0.0,0.0,0.0,0.0,0.0,0.03,0,0,0,0,0,0,0,0,0,0,0,0,0,0,0,0,0,0,0,0,0
6.134261131286621,9.0,0.0,0.0,0.0,0.0,0.0,0.0,0.0,0.0,0.03,0,0,0,0,0,0,0,0,0,0,0,0,0,0,0,0,0,0,0,0,0
6.135470390319824,9.0,0.0,0.0,0.0,0.0,0.0,0.0,0.0,0.0,0.03,0,0,0,0,0,0,0,0,0,0,0,0,0,0,0,0,0,0,0,0,0
6.137313365936279,9.0,0.0,0.0,0.0,0.0,0.0,0.0,0.0,0.0,0.03,0,0,0,0,0,0,0,0,0,0,0,0,0,0,0,0,0,0,0,0,0
6.138502597808838,9.0,0.0,0.0,0.0,0.0,0.0,0.0,0.0,0.0,0.03,0,0,0,0,0,0,0,0,0,0,0,0,0,0,0,0,0,0,0,0,0
6.141993045806885,9.0,0.0,0.0,0.0,0.0,0.0,0.0,0.0,0.0,0.03,0,0,0,0,0,0,0,0,0,0,0,0,0,0,0,0,0,0,0,0,0
6.143076181411743,9.0,0.0,0.0,0.0,0.0,0.0,0.0,0.0,0.0,0.03,0,0,0,0,0,0,0,0,0,0,0,0,0,0,0,0,0,0,0,0,0
6.1456520557403564,9.0,0.0,0.0,0.0,0.0,0.0,0.0,0.0,0.0,0.03,0,0,0,0,0,0,0,0,0,0,0,0,0,0,0,0,0,0,0,0,0
6.147142171859741,9.0,0.0,0.0,0.0,0.0,0.0,0.0,0.0,0.0,0.03,0,0,0,0,0,0,0,0,0,0,0,0,0,0,0,0,0,0,0,0,0
6.149158239364624,9.0,0.0,0.0,0.0,0.0,0.0,0.0,0.0,0.0,0.03,0,0,0,0,0,0,0,0,0,0,0,0,0,0,0,0,0,0,0,0,0
6.150527477264404,9.0,0.0,0.0,0.0,0.0,0.0,0.0,0.0,0.0,0.03,0,0,0,0,0,0,0,0,0,0,0,0,0,0,0,0,0,0,0,0,0
6.151809930801392,9.0,0.0,0.0,0.0,0.0,0.0,0.0,0.0,0.0,0.03,0,0,0,0,0,0,0,0,0,0,0,0,0,0,0,0,0,0,0,0,0
6.153296709060669,9.0,0.0,0.0,0.0,0.0,0.0,0.0,0.0,0.0,0.03,0,0,0,0,0,0,0,0,0,0,0,0,0,0,0,0,0,0,0,0,0
6.154966592788696,9.0,0.0,0.0,0.0,0.0,0.0,0.0,0.0,0.0,0.03,0,0,0,0,0,0,0,0,0,0,0,0,0,0,0,0,0,0,0,0,0
6.156061172485352,9.0,0.0,0.0,0.0,0.0,0.0,0.0,0.0,0.0,0.03,0,0,0,0,0,0,0,0,0,0,0,0,0,0,0,0,0,0,0,0,0
6.158109188079834,9.0,0.0,0.0,0.0,0.0,0.0,0.0,0.0,0.0,0.03,0,0,0,0,0,0,0,0,0,0,0,0,0,0,0,0,0,0,0,0,0
6.159327983856201,9.0,0.0,0.0,0.0,0.0,0.0,0.0,0.0,0.0,0.03,0,0,0,0,0,0,0,0,0,0,0,0,0,0,0,0,0,0,0,0,0
6.160493850708008,9.0,0.0,0.0,0.0,0.0,0.0,0.0,0.0,0.0,0.03,0,0,0,0,0,0,0,0,0,0,0,0,0,0,0,0,0,0,0,0,0
6.161708116531372,9.0,0.0,0.0,0.0,0.0,0.0,0.0,0.0,0.0,0.03,0,0,0,0,0,0,0,0,0,0,0,0,0,0,0,0,0,0,0,0,0
6.162890672683716,9.0,0.0,0.0,0.0,0.0,0.0,0.0,0.0,0.0,0.03,0,0,0,0,0,0,0,0,0,0,0,0,0,0,0,0,0,0,0,0,0
6.164039373397827,9.0,0.0,0.0,0.0,0.0,0.0,0.0,0.0,0.0,0.03,0,0,0,0,0,0,0,0,0,0,0,0,0,0,0,0,0,0,0,0,0
6.165107250213623,9.0,0.0,0.0,0.0,0.0,0.0,0.0,0.0,0.0,0.03,0,0,0,0,0,0,0,0,0,0,0,0,0,0,0,0,0,0,0,0,0
6.16671085357666,9.0,0.0,0.0,0.0,0.0,0.0,0.0,0.0,0.0,0.03,0,0,0,0,0,0,0,0,0,0,0,0,0,0,0,0,0,0,0,0,0
6.16833233833313,9.0,0.0,0.0,0.0,0.0,0.0,0.0,0.0,0.0,0.03,0,0,0,0,0,0,0,0,0,0,0,0,0,0,0,0,0,0,0,0,0
6.170659065246582,9.0,0.0,0.0,0.0,0.0,0.0,0.0,0.0,0.0,0.03,0,0,0,0,0,0,0,0,0,0,0,0,0,0,0,0,0,0,0,0,0
6.171816110610962,9.0,0.0,0.0,0.0,0.0,0.0,0.0,0.0,0.0,0.03,0,0,0,0,0,0,0,0,0,0,0,0,0,0,0,0,0,0,0,0,0
6.17292332649231,9.0,0.0,0.0,0.0,0.0,0.0,0.0,0.0,0.0,0.03,0,0,0,0,0,0,0,0,0,0,0,0,0,0,0,0,0,0,0,0,0
6.1747119426727295,9.0,0.0,0.0,0.0,0.0,0.0,0.0,0.0,0.0,0.03,0,0,0,0,0,0,0,0,0,0,0,0,0,0,0,0,0,0,0,0,0
6.176629304885864,9.0,0.0,0.0,0.0,0.0,0.0,0.0,0.0,0.0,0.03,0,0,0,0,0,0,0,0,0,0,0,0,0,0,0,0,0,0,0,0,0
6.17786717414856,9.0,0.0,0.0,0.0,0.0,0.0,0.0,0.0,0.0,0.03,0,0,0,0,0,0,0,0,0,0,0,0,0,0,0,0,0,0,0,0,0
6.179055690765381,9.0,0.0,0.0,0.0,0.0,0.0,0.0,0.0,0.0,0.03,0,0,0,0,0,0,0,0,0,0,0,0,0,0,0,0,0,0,0,0,0
6.180427551269531,9.0,0.0,0.0,0.0,0.0,0.0,0.0,0.0,0.0,0.03,0,0,0,0,0,0,0,0,0,0,0,0,0,0,0,0,0,0,0,0,0
6.1815080642700195,9.0,0.0,0.0,0.0,0.0,0.0,0.0,0.0,0.0,0.03,0,0,0,0,0,0,0,0,0,0,0,0,0,0,0,0,0,0,0,0,0
6.182627201080322,9.0,0.0,0.0,0.0,0.0,0.0,0.0,0.0,0.0,0.03,0,0,0,0,0,0,0,0,0,0,0,0,0,0,0,0,0,0,0,0,0
6.183729648590088,9.0,0.0,0.0,0.0,0.0,0.0,0.0,0.0,0.0,0.03,0,0,0,0,0,0,0,0,0,0,0,0,0,0,0,0,0,0,0,0,0
6.184811115264893,9.0,0.0,0.0,0.0,0.0,0.0,0.0,0.0,0.0,0.03,0,0,0,0,0,0,0,0,0,0,0,0,0,0,0,0,0,0,0,0,0
6.187209606170654,9.0,0.0,0.0,0.0,0.0,0.0,0.0,0.0,0.0,0.03,0,0,0,0,0,0,0,0,0,0,0,0,0,0,0,0,0,0,0,0,0
6.190451145172119,9.0,0.0,0.0,0.0,0.0,0.0,0.0,0.0,0.0,0.03,0,0,0,0,0,0,0,0,0,0,0,0,0,0,0,0,0,0,0,0,0
6.191575527191162,9.0,0.0,0.0,0.0,0.0,0.0,0.0,0.0,0.0,0.03,0,0,0,0,0,0,0,0,0,0,0,0,0,0,0,0,0,0,0,0,0
6.1927478313446045,9.0,0.0,0.0,0.0,0.0,0.0,0.0,0.0,0.0,0.03,0,0,0,0,0,0,0,0,0,0,0,0,0,0,0,0,0,0,0,0,0
6.194550275802612,9.0,0.0,0.0,0.0,0.0,0.0,0.0,0.0,0.0,0.03,0,0,0,0,0,0,0,0,0,0,0,0,0,0,0,0,0,0,0,0,0
6.195764541625977,9.0,0.0,0.0,0.0,0.0,0.0,0.0,0.0,0.0,0.03,0,0,0,0,0,0,0,0,0,0,0,0,0,0,0,0,0,0,0,0,0
6.197246074676514,9.0,0.0,0.0,0.0,0.0,0.0,0.0,0.0,0.0,0.03,0,0,0,0,0,0,0,0,0,0,0,0,0,0,0,0,0,0,0,0,0
6.198349952697754,9.0,0.0,0.0,0.0,0.0,0.0,0.0,0.0,0.0,0.03,0,0,0,0,0,0,0,0,0,0,0,0,0,0,0,0,0,0,0,0,0
6.201519727706909,9.0,0.0,0.0,0.0,0.0,0.0,0.0,0.0,0.0,0.03,0,0,0,0,0,0,0,0,0,0,0,0,0,0,0,0,0,0,0,0,0
6.202640056610107,9.0,0.0,0.0,0.0,0.0,0.0,0.0,0.0,0.0,0.03,0,0,0,0,0,0,0,0,0,0,0,0,0,0,0,0,0,0,0,0,0
6.203975439071655,9.0,0.0,0.0,0.0,0.0,0.0,0.0,0.0,0.0,0.03,0,0,0,0,0,0,0,0,0,0,0,0,0,0,0,0,0,0,0,0,0
6.205074787139893,9.0,0.0,0.0,0.0,0.0,0.0,0.0,0.0,0.0,0.03,0,0,0,0,0,0,0,0,0,0,0,0,0,0,0,0,0,0,0,0,0
6.2062156200408936,9.0,0.0,0.0,0.0,0.0,0.0,0.0,0.0,0.0,0.03,0,0,0,0,0,0,0,0,0,0,0,0,0,0,0,0,0,0,0,0,0
6.207549095153809,9.0,0.0,0.0,0.0,0.0,0.0,0.0,0.0,0.0,0.03,0,0,0,0,0,0,0,0,0,0,0,0,0,0,0,0,0,0,0,0,0
6.209211826324463,9.0,0.0,0.0,0.0,0.0,0.0,0.0,0.0,0.0,0.03,0,0,0,0,0,0,0,0,0,0,0,0,0,0,0,0,0,0,0,0,0
6.210955619812012,9.0,0.0,0.0,0.0,0.0,0.0,0.0,0.0,0.0,0.03,0,0,0,0,0,0,0,0,0,0,0,0,0,0,0,0,0,0,0,0,0
6.213110685348511,9.0,0.0,0.0,0.0,0.0,0.0,0.0,0.0,0.0,0.03,0,0,0,0,0,0,0,0,0,0,0,0,0,0,0,0,0,0,0,0,0
6.2152063846588135,9.0,0.0,0.0,0.0,0.0,0.0,0.0,0.0,0.0,0.03,0,0,0,0,0,0,0,0,0,0,0,0,0,0,0,0,0,0,0,0,0
6.2164318561553955,9.0,0.0,0.0,0.0,0.0,0.0,0.0,0.0,0.0,0.03,0,0,0,0,0,0,0,0,0,0,0,0,0,0,0,0,0,0,0,0,0
6.218867301940918,9.0,0.0,0.0,0.0,0.0,0.0,0.0,0.0,0.0,0.03,0,0,0,0,0,0,0,0,0,0,0,0,0,0,0,0,0,0,0,0,0
6.2204554080963135,9.0,0.0,0.0,0.0,0.0,0.0,0.0,0.0,0.0,0.03,0,0,0,0,0,0,0,0,0,0,0,0,0,0,0,0,0,0,0,0,0
6.221684694290161,9.0,0.0,0.0,0.0,0.0,0.0,0.0,0.0,0.0,0.03,0,0,0,0,0,0,0,0,0,0,0,0,0,0,0,0,0,0,0,0,0
6.222785711288452,9.0,0.0,0.0,0.0,0.0,0.0,0.0,0.0,0.0,0.03,0,0,0,0,0,0,0,0,0,0,0,0,0,0,0,0,0,0,0,0,0
6.22388482093811,9.0,0.0,0.0,0.0,0.0,0.0,0.0,0.0,0.0,0.03,0,0,0,0,0,0,0,0,0,0,0,0,0,0,0,0,0,0,0,0,0
6.225085735321045,9.0,0.0,0.0,0.0,0.0,0.0,0.0,0.0,0.0,0.03,0,0,0,0,0,0,0,0,0,0,0,0,0,0,0,0,0,0,0,0,0
6.226163148880005,9.0,0.0,0.0,0.0,0.0,0.0,0.0,0.0,0.0,0.03,0,0,0,0,0,0,0,0,0,0,0,0,0,0,0,0,0,0,0,0,0
6.22742772102356,9.0,0.0,0.0,0.0,0.0,0.0,0.0,0.0,0.0,0.03,0,0,0,0,0,0,0,0,0,0,0,0,0,0,0,0,0,0,0,0,0
6.228630542755127,9.0,0.0,0.0,0.0,0.0,0.0,0.0,0.0,0.0,0.03,0,0,0,0,0,0,0,0,0,0,0,0,0,0,0,0,0,0,0,0,0
6.2300145626068115,9.0,0.0,0.0,0.0,0.0,0.0,0.0,0.0,0.0,0.03,0,0,0,0,0,0,0,0,0,0,0,0,0,0,0,0,0,0,0,0,0
6.23171329498291,9.0,0.0,0.0,0.0,0.0,0.0,0.0,0.0,0.0,0.03,0,0,0,0,0,0,0,0,0,0,0,0,0,0,0,0,0,0,0,0,0
6.232837200164795,9.0,0.0,0.0,0.0,0.0,0.0,0.0,0.0,0.0,0.03,0,0,0,0,0,0,0,0,0,0,0,0,0,0,0,0,0,0,0,0,0
6.233953237533569,9.0,0.0,0.0,0.0,0.0,0.0,0.0,0.0,0.0,0.03,0,0,0,0,0,0,0,0,0,0,0,0,0,0,0,0,0,0,0,0,0
6.235292196273804,9.0,0.0,0.0,0.0,0.0,0.0,0.0,0.0,0.0,0.03,0,0,0,0,0,0,0,0,0,0,0,0,0,0,0,0,0,0,0,0,0
6.236534118652344,9.0,0.0,0.0,0.0,0.0,0.0,0.0,0.0,0.0,0.03,0,0,0,0,0,0,0,0,0,0,0,0,0,0,0,0,0,0,0,0,0
6.237802028656006,9.0,0.0,0.0,0.0,0.0,0.0,0.0,0.0,0.0,0.03,0,0,0,0,0,0,0,0,0,0,0,0,0,0,0,0,0,0,0,0,0
6.238880634307861,9.0,0.0,0.0,0.0,0.0,0.0,0.0,0.0,0.0,0.03,0,0,0,0,0,0,0,0,0,0,0,0,0,0,0,0,0,0,0,0,0
6.240264892578125,9.0,0.0,0.0,0.0,0.0,0.0,0.0,0.0,0.0,0.03,0,0,0,0,0,0,0,0,0,0,0,0,0,0,0,0,0,0,0,0,0
6.241908073425293,9.0,0.0,0.0,0.0,0.0,0.0,0.0,0.0,0.0,0.03,0,0,0,0,0,0,0,0,0,0,0,0,0,0,0,0,0,0,0,0,0
6.242998123168945,9.0,0.0,0.0,0.0,0.0,0.0,0.0,0.0,0.0,0.03,0,0,0,0,0,0,0,0,0,0,0,0,0,0,0,0,0,0,0,0,0
6.244088888168335,9.0,0.0,0.0,0.0,0.0,0.0,0.0,0.0,0.0,0.03,0,0,0,0,0,0,0,0,0,0,0,0,0,0,0,0,0,0,0,0,0
6.245160818099976,9.0,0.0,0.0,0.0,0.0,0.0,0.0,0.0,0.0,0.03,0,0,0,0,0,0,0,0,0,0,0,0,0,0,0,0,0,0,0,0,0
6.246488809585571,9.0,0.0,0.0,0.0,0.0,0.0,0.0,0.0,0.0,0.03,0,0,0,0,0,0,0,0,0,0,0,0,0,0,0,0,0,0,0,0,0
6.247564077377319,9.0,0.0,0.0,0.0,0.0,0.0,0.0,0.0,0.0,0.03,0,0,0,0,0,0,0,0,0,0,0,0,0,0,0,0,0,0,0,0,0
6.2488014698028564,9.0,0.0,0.0,0.0,0.0,0.0,0.0,0.0,0.0,0.03,0,0,0,0,0,0,0,0,0,0,0,0,0,0,0,0,0,0,0,0,0
6.249914884567261,9.0,0.0,0.0,0.0,0.0,0.0,0.0,0.0,0.0,0.03,0,0,0,0,0,0,0,0,0,0,0,0,0,0,0,0,0,0,0,0,0
6.251644849777222,9.0,0.0,0.0,0.0,0.0,0.0,0.0,0.0,0.0,0.03,0,0,0,0,0,0,0,0,0,0,0,0,0,0,0,0,0,0,0,0,0
6.252794504165649,9.0,0.0,0.0,0.0,0.0,0.0,0.0,0.0,0.0,0.03,0,0,0,0,0,0,0,0,0,0,0,0,0,0,0,0,0,0,0,0,0
6.253891229629517,9.0,0.0,0.0,0.0,0.0,0.0,0.0,0.0,0.0,0.03,0,0,0,0,0,0,0,0,0,0,0,0,0,0,0,0,0,0,0,0,0
6.255047559738159,9.0,0.0,0.0,0.0,0.0,0.0,0.0,0.0,0.0,0.03,0,0,0,0,0,0,0,0,0,0,0,0,0,0,0,0,0,0,0,0,0
6.2566704750061035,9.0,0.0,0.0,0.0,0.0,0.0,0.0,0.0,0.0,0.03,0,0,0,0,0,0,0,0,0,0,0,0,0,0,0,0,0,0,0,0,0
6.257952451705933,9.0,0.0,0.0,0.0,0.0,0.0,0.0,0.0,0.0,0.03,0,0,0,0,0,0,0,0,0,0,0,0,0,0,0,0,0,0,0,0,0
6.259326219558716,9.0,0.0,0.0,0.0,0.0,0.0,0.0,0.0,0.0,0.03,0,0,0,0,0,0,0,0,0,0,0,0,0,0,0,0,0,0,0,0,0
6.260934829711914,9.0,0.0,0.0,0.0,0.0,0.0,0.0,0.0,0.0,0.03,0,0,0,0,0,0,0,0,0,0,0,0,0,0,0,0,0,0,0,0,0
6.262146949768066,9.0,0.0,0.0,0.0,0.0,0.0,0.0,0.0,0.0,0.03,0,0,0,0,0,0,0,0,0,0,0,0,0,0,0,0,0,0,0,0,0
6.263394117355347,9.0,0.0,0.0,0.0,0.0,0.0,0.0,0.0,0.0,0.03,0,0,0,0,0,0,0,0,0,0,0,0,0,0,0,0,0,0,0,0,0
6.265760898590088,9.0,0.0,0.0,0.0,0.0,0.0,0.0,0.0,0.0,0.03,0,0,0,0,0,0,0,0,0,0,0,0,0,0,0,0,0,0,0,0,0
6.2673659324646,9.0,0.0,0.0,0.0,0.0,0.0,0.0,0.0,0.0,0.03,0,0,0,0,0,0,0,0,0,0,0,0,0,0,0,0,0,0,0,0,0
6.2692131996154785,9.0,0.0,0.0,0.0,0.0,0.0,0.0,0.0,0.0,0.03,0,0,0,0,0,0,0,0,0,0,0,0,0,0,0,0,0,0,0,0,0
6.270342111587524,9.0,0.0,0.0,0.0,0.0,0.0,0.0,0.0,0.0,0.03,0,0,0,0,0,0,0,0,0,0,0,0,0,0,0,0,0,0,0,0,0
6.272917985916138,9.0,0.0,0.0,0.0,0.0,0.0,0.0,0.0,0.0,0.03,0,0,0,0,0,0,0,0,0,0,0,0,0,0,0,0,0,0,0,0,0
6.274013996124268,9.0,0.0,0.0,0.0,0.0,0.0,0.0,0.0,0.0,0.03,0,0,0,0,0,0,0,0,0,0,0,0,0,0,0,0,0,0,0,0,0
6.275344133377075,9.0,0.0,0.0,0.0,0.0,0.0,0.0,0.0,0.0,0.03,0,0,0,0,0,0,0,0,0,0,0,0,0,0,0,0,0,0,0,0,0
6.277414321899414,9.0,0.0,0.0,0.0,0.0,0.0,0.0,0.0,0.0,0.03,0,0,0,0,0,0,0,0,0,0,0,0,0,0,0,0,0,0,0,0,0
6.279224634170532,9.0,0.0,0.0,0.0,0.0,0.0,0.0,0.0,0.0,0.03,0,0,0,0,0,0,0,0,0,0,0,0,0,0,0,0,0,0,0,0,0
6.280353307723999,9.0,0.0,0.0,0.0,0.0,0.0,0.0,0.0,0.0,0.03,0,0,0,0,0,0,0,0,0,0,0,0,0,0,0,0,0,0,0,0,0
6.282230615615845,9.0,0.0,0.0,0.0,0.0,0.0,0.0,0.0,0.0,0.03,0,0,0,0,0,0,0,0,0,0,0,0,0,0,0,0,0,0,0,0,0
6.283682823181152,9.0,0.0,0.0,0.0,0.0,0.0,0.0,0.0,0.0,0.03,0,0,0,0,0,0,0,0,0,0,0,0,0,0,0,0,0,0,0,0,0
6.284846067428589,9.0,0.0,0.0,0.0,0.0,0.0,0.0,0.0,0.0,0.03,0,0,0,0,0,0,0,0,0,0,0,0,0,0,0,0,0,0,0,0,0
6.285909175872803,9.0,0.0,0.0,0.0,0.0,0.0,0.0,0.0,0.0,0.03,0,0,0,0,0,0,0,0,0,0,0,0,0,0,0,0,0,0,0,0,0
6.287001848220825,9.0,0.0,0.0,0.0,0.0,0.0,0.0,0.0,0.0,0.03,0,0,0,0,0,0,0,0,0,0,0,0,0,0,0,0,0,0,0,0,0
6.28832745552063,9.0,0.0,0.0,0.0,0.0,0.0,0.0,0.0,0.0,0.03,0,0,0,0,0,0,0,0,0,0,0,0,0,0,0,0,0,0,0,0,0
6.289690732955933,9.0,0.0,0.0,0.0,0.0,0.0,0.0,0.0,0.0,0.03,0,0,0,0,0,0,0,0,0,0,0,0,0,0,0,0,0,0,0,0,0
6.290945053100586,9.0,0.0,0.0,0.0,0.0,0.0,0.0,0.0,0.0,0.03,0,0,0,0,0,0,0,0,0,0,0,0,0,0,0,0,0,0,0,0,0
6.292523145675659,9.0,0.0,0.0,0.0,0.0,0.0,0.0,0.0,0.0,0.03,0,0,0,0,0,0,0,0,0,0,0,0,0,0,0,0,0,0,0,0,0
6.294648885726929,9.0,0.0,0.0,0.0,0.0,0.0,0.0,0.0,0.0,0.03,0,0,0,0,0,0,0,0,0,0,0,0,0,0,0,0,0,0,0,0,0
6.296023845672607,9.0,0.0,0.0,0.0,0.0,0.0,0.0,0.0,0.0,0.03,0,0,0,0,0,0,0,0,0,0,0,0,0,0,0,0,0,0,0,0,0
6.297425270080566,9.0,0.0,0.0,0.0,0.0,0.0,0.0,0.0,0.0,0.03,0,0,0,0,0,0,0,0,0,0,0,0,0,0,0,0,0,0,0,0,0
6.298823595046997,9.0,0.0,0.0,0.0,0.0,0.0,0.0,0.0,0.0,0.03,0,0,0,0,0,0,0,0,0,0,0,0,0,0,0,0,0,0,0,0,0
6.300214767456055,9.0,0.0,0.0,0.0,0.0,0.0,0.0,0.0,0.0,0.03,0,0,0,0,0,0,0,0,0,0,0,0,0,0,0,0,0,0,0,0,0
6.301455974578857,9.0,0.0,0.0,0.0,0.0,0.0,0.0,0.0,0.0,0.03,0,0,0,0,0,0,0,0,0,0,0,0,0,0,0,0,0,0,0,0,0
6.302580833435059,9.0,0.0,0.0,0.0,0.0,0.0,0.0,0.0,0.0,0.03,0,0,0,0,0,0,0,0,0,0,0,0,0,0,0,0,0,0,0,0,0
6.3040831089019775,9.0,0.0,0.0,0.0,0.0,0.0,0.0,0.0,0.0,0.03,0,0,0,0,0,0,0,0,0,0,0,0,0,0,0,0,0,0,0,0,0
6.305170297622681,9.0,0.0,0.0,0.0,0.0,0.0,0.0,0.0,0.0,0.03,0,0,0,0,0,0,0,0,0,0,0,0,0,0,0,0,0,0,0,0,0
6.306278705596924,9.0,0.0,0.0,0.0,0.0,0.0,0.0,0.0,0.0,0.03,0,0,0,0,0,0,0,0,0,0,0,0,0,0,0,0,0,0,0,0,0
6.3073976039886475,9.0,0.0,0.0,0.0,0.0,0.0,0.0,0.0,0.0,0.03,0,0,0,0,0,0,0,0,0,0,0,0,0,0,0,0,0,0,0,0,0
6.30852746963501,9.0,0.0,0.0,0.0,0.0,0.0,0.0,0.0,0.0,0.03,0,0,0,0,0,0,0,0,0,0,0,0,0,0,0,0,0,0,0,0,0
6.30962610244751,9.0,0.0,0.0,0.0,0.0,0.0,0.0,0.0,0.0,0.03,0,0,0,0,0,0,0,0,0,0,0,0,0,0,0,0,0,0,0,0,0
6.3108673095703125,9.0,0.0,0.0,0.0,0.0,0.0,0.0,0.0,0.0,0.03,0,0,0,0,0,0,0,0,0,0,0,0,0,0,0,0,0,0,0,0,0
6.312075138092041,9.0,0.0,0.0,0.0,0.0,0.0,0.0,0.0,0.0,0.03,0,0,0,0,0,0,0,0,0,0,0,0,0,0,0,0,0,0,0,0,0
6.313205242156982,9.0,0.0,0.0,0.0,0.0,0.0,0.0,0.0,0.0,0.03,0,0,0,0,0,0,0,0,0,0,0,0,0,0,0,0,0,0,0,0,0
6.314298868179321,9.0,0.0,0.0,0.0,0.0,0.0,0.0,0.0,0.0,0.03,0,0,0,0,0,0,0,0,0,0,0,0,0,0,0,0,0,0,0,0,0
6.315474271774292,9.0,0.0,0.0,0.0,0.0,0.0,0.0,0.0,0.0,0.03,0,0,0,0,0,0,0,0,0,0,0,0,0,0,0,0,0,0,0,0,0
6.317798137664795,9.0,0.0,0.0,0.0,0.0,0.0,0.0,0.0,0.0,0.03,0,0,0,0,0,0,0,0,0,0,0,0,0,0,0,0,0,0,0,0,0
6.319172382354736,9.0,0.0,0.0,0.0,0.0,0.0,0.0,0.0,0.0,0.03,0,0,0,0,0,0,0,0,0,0,0,0,0,0,0,0,0,0,0,0,0
6.3203911781311035,9.0,0.0,0.0,0.0,0.0,0.0,0.0,0.0,0.0,0.03,0,0,0,0,0,0,0,0,0,0,0,0,0,0,0,0,0,0,0,0,0
6.321885824203491,9.0,0.0,0.0,0.0,0.0,0.0,0.0,0.0,0.0,0.03,0,0,0,0,0,0,0,0,0,0,0,0,0,0,0,0,0,0,0,0,0
6.323001861572266,9.0,0.0,0.0,0.0,0.0,0.0,0.0,0.0,0.0,0.03,0,0,0,0,0,0,0,0,0,0,0,0,0,0,0,0,0,0,0,0,0
6.326168775558472,9.0,0.0,0.0,0.0,0.0,0.0,0.0,0.0,0.0,0.03,0,0,0,0,0,0,0,0,0,0,0,0,0,0,0,0,0,0,0,0,0
6.327258110046387,9.0,0.0,0.0,0.0,0.0,0.0,0.0,0.0,0.0,0.03,0,0,0,0,0,0,0,0,0,0,0,0,0,0,0,0,0,0,0,0,0
6.329111099243164,9.0,0.0,0.0,0.0,0.0,0.0,0.0,0.0,0.0,0.03,0,0,0,0,0,0,0,0,0,0,0,0,0,0,0,0,0,0,0,0,0
6.330279588699341,9.0,0.0,0.0,0.0,0.0,0.0,0.0,0.0,0.0,0.03,0,0,0,0,0,0,0,0,0,0,0,0,0,0,0,0,0,0,0,0,0
6.3315935134887695,9.0,0.0,0.0,0.0,0.0,0.0,0.0,0.0,0.0,0.03,0,0,0,0,0,0,0,0,0,0,0,0,0,0,0,0,0,0,0,0,0
6.333401203155518,9.0,0.0,0.0,0.0,0.0,0.0,0.0,0.0,0.0,0.03,0,0,0,0,0,0,0,0,0,0,0,0,0,0,0,0,0,0,0,0,0
6.3347578048706055,9.0,0.0,0.0,0.0,0.0,0.0,0.0,0.0,0.0,0.03,0,0,0,0,0,0,0,0,0,0,0,0,0,0,0,0,0,0,0,0,0
6.336068868637085,9.0,0.0,0.0,0.0,0.0,0.0,0.0,0.0,0.0,0.03,0,0,0,0,0,0,0,0,0,0,0,0,0,0,0,0,0,0,0,0,0
6.337872743606567,9.0,0.0,0.0,0.0,0.0,0.0,0.0,0.0,0.0,0.03,0,0,0,0,0,0,0,0,0,0,0,0,0,0,0,0,0,0,0,0,0
6.339197397232056,9.0,0.0,0.0,0.0,0.0,0.0,0.0,0.0,0.0,0.03,0,0,0,0,0,0,0,0,0,0,0,0,0,0,0,0,0,0,0,0,0
6.34028697013855,9.0,0.0,0.0,0.0,0.0,0.0,0.0,0.0,0.0,0.03,0,0,0,0,0,0,0,0,0,0,0,0,0,0,0,0,0,0,0,0,0
6.342379808425903,9.0,0.0,0.0,0.0,0.0,0.0,0.0,0.0,0.0,0.03,0,0,0,0,0,0,0,0,0,0,0,0,0,0,0,0,0,0,0,0,0
6.3435750007629395,9.0,0.0,0.0,0.0,0.0,0.0,0.0,0.0,0.0,0.03,0,0,0,0,0,0,0,0,0,0,0,0,0,0,0,0,0,0,0,0,0
6.344789028167725,9.0,0.0,0.0,0.0,0.0,0.0,0.0,0.0,0.0,0.03,0,0,0,0,0,0,0,0,0,0,0,0,0,0,0,0,0,0,0,0,0
6.345898866653442,9.0,0.0,0.0,0.0,0.0,0.0,0.0,0.0,0.0,0.03,0,0,0,0,0,0,0,0,0,0,0,0,0,0,0,0,0,0,0,0,0
6.346990585327148,9.0,0.0,0.0,0.0,0.0,0.0,0.0,0.0,0.0,0.03,0,0,0,0,0,0,0,0,0,0,0,0,0,0,0,0,0,0,0,0,0
6.348159313201904,9.0,0.0,0.0,0.0,0.0,0.0,0.0,0.0,0.0,0.03,0,0,0,0,0,0,0,0,0,0,0,0,0,0,0,0,0,0,0,0,0
6.349252700805664,9.0,0.0,0.0,0.0,0.0,0.0,0.0,0.0,0.0,0.03,0,0,0,0,0,0,0,0,0,0,0,0,0,0,0,0,0,0,0,0,0
6.350398778915405,9.0,0.0,0.0,0.0,0.0,0.0,0.0,0.0,0.0,0.03,0,0,0,0,0,0,0,0,0,0,0,0,0,0,0,0,0,0,0,0,0
6.3526811599731445,9.0,0.0,0.0,0.0,0.0,0.0,0.0,0.0,0.0,0.03,0,0,0,0,0,0,0,0,0,0,0,0,0,0,0,0,0,0,0,0,0
6.354231119155884,9.0,0.0,0.0,0.0,0.0,0.0,0.0,0.0,0.0,0.03,0,0,0,0,0,0,0,0,0,0,0,0,0,0,0,0,0,0,0,0,0
6.3557209968566895,9.0,0.0,0.0,0.0,0.0,0.0,0.0,0.0,0.0,0.03,0,0,0,0,0,0,0,0,0,0,0,0,0,0,0,0,0,0,0,0,0
6.356856822967529,9.0,0.0,0.0,0.0,0.0,0.0,0.0,0.0,0.0,0.03,0,0,0,0,0,0,0,0,0,0,0,0,0,0,0,0,0,0,0,0,0
6.357941627502441,9.0,0.0,0.0,0.0,0.0,0.0,0.0,0.0,0.0,0.03,0,0,0,0,0,0,0,0,0,0,0,0,0,0,0,0,0,0,0,0,0
6.359266757965088,9.0,0.0,0.0,0.0,0.0,0.0,0.0,0.0,0.0,0.03,0,0,0,0,0,0,0,0,0,0,0,0,0,0,0,0,0,0,0,0,0
6.360917568206787,9.0,0.0,0.0,0.0,0.0,0.0,0.0,0.0,0.0,0.03,0,0,0,0,0,0,0,0,0,0,0,0,0,0,0,0,0,0,0,0,0
6.362144947052002,9.0,0.0,0.0,0.0,0.0,0.0,0.0,0.0,0.0,0.03,0,0,0,0,0,0,0,0,0,0,0,0,0,0,0,0,0,0,0,0,0
6.363314151763916,9.0,0.0,0.0,0.0,0.0,0.0,0.0,0.0,0.0,0.03,0,0,0,0,0,0,0,0,0,0,0,0,0,0,0,0,0,0,0,0,0
6.36467170715332,9.0,0.0,0.0,0.0,0.0,0.0,0.0,0.0,0.0,0.03,0,0,0,0,0,0,0,0,0,0,0,0,0,0,0,0,0,0,0,0,0
6.365828990936279,9.0,0.0,0.0,0.0,0.0,0.0,0.0,0.0,0.0,0.03,0,0,0,0,0,0,0,0,0,0,0,0,0,0,0,0,0,0,0,0,0
6.36692476272583,9.0,0.0,0.0,0.0,0.0,0.0,0.0,0.0,0.0,0.03,0,0,0,0,0,0,0,0,0,0,0,0,0,0,0,0,0,0,0,0,0
6.368042230606079,9.0,0.0,0.0,0.0,0.0,0.0,0.0,0.0,0.0,0.03,0,0,0,0,0,0,0,0,0,0,0,0,0,0,0,0,0,0,0,0,0
6.369309425354004,9.0,0.0,0.0,0.0,0.0,0.0,0.0,0.0,0.0,0.03,0,0,0,0,0,0,0,0,0,0,0,0,0,0,0,0,0,0,0,0,0
6.370777606964111,9.0,0.0,0.0,0.0,0.0,0.0,0.0,0.0,0.0,0.03,0,0,0,0,0,0,0,0,0,0,0,0,0,0,0,0,0,0,0,0,0
6.372354030609131,9.0,0.0,0.0,0.0,0.0,0.0,0.0,0.0,0.0,0.03,0,0,0,0,0,0,0,0,0,0,0,0,0,0,0,0,0,0,0,0,0
6.37438702583313,9.0,0.0,0.0,0.0,0.0,0.0,0.0,0.0,0.0,0.03,0,0,0,0,0,0,0,0,0,0,0,0,0,0,0,0,0,0,0,0,0
6.375612020492554,9.0,0.0,0.0,0.0,0.0,0.0,0.0,0.0,0.0,0.03,0,0,0,0,0,0,0,0,0,0,0,0,0,0,0,0,0,0,0,0,0
6.376709222793579,9.0,0.0,0.0,0.0,0.0,0.0,0.0,0.0,0.0,0.03,0,0,0,0,0,0,0,0,0,0,0,0,0,0,0,0,0,0,0,0,0
6.378294229507446,9.0,0.0,0.0,0.0,0.0,0.0,0.0,0.0,0.0,0.03,0,0,0,0,0,0,0,0,0,0,0,0,0,0,0,0,0,0,0,0,0
6.379566669464111,9.0,0.0,0.0,0.0,0.0,0.0,0.0,0.0,0.0,0.03,0,0,0,0,0,0,0,0,0,0,0,0,0,0,0,0,0,0,0,0,0
6.3818511962890625,9.0,0.0,0.0,0.0,0.0,0.0,0.0,0.0,0.0,0.03,0,0,0,0,0,0,0,0,0,0,0,0,0,0,0,0,0,0,0,0,0
6.383410215377808,9.0,0.0,0.0,0.0,0.0,0.0,0.0,0.0,0.0,0.03,0,0,0,0,0,0,0,0,0,0,0,0,0,0,0,0,0,0,0,0,0
6.384501695632935,9.0,0.0,0.0,0.0,0.0,0.0,0.0,0.0,0.0,0.03,0,0,0,0,0,0,0,0,0,0,0,0,0,0,0,0,0,0,0,0,0
6.387195587158203,9.0,0.0,0.0,0.0,0.0,0.0,0.0,0.0,0.0,0.03,0,0,0,0,0,0,0,0,0,0,0,0,0,0,0,0,0,0,0,0,0
6.388369083404541,9.0,0.0,0.0,0.0,0.0,0.0,0.0,0.0,0.0,0.03,0,0,0,0,0,0,0,0,0,0,0,0,0,0,0,0,0,0,0,0,0
6.3902716636657715,9.0,0.0,0.0,0.0,0.0,0.0,0.0,0.0,0.0,0.03,0,0,0,0,0,0,0,0,0,0,0,0,0,0,0,0,0,0,0,0,0
6.391895294189453,9.0,0.0,0.0,0.0,0.0,0.0,0.0,0.0,0.0,0.03,0,0,0,0,0,0,0,0,0,0,0,0,0,0,0,0,0,0,0,0,0
6.394442081451416,9.0,0.0,0.0,0.0,0.0,0.0,0.0,0.0,0.0,0.03,0,0,0,0,0,0,0,0,0,0,0,0,0,0,0,0,0,0,0,0,0
6.395539999008179,9.0,0.0,0.0,0.0,0.0,0.0,0.0,0.0,0.0,0.03,0,0,0,0,0,0,0,0,0,0,0,0,0,0,0,0,0,0,0,0,0
6.396912097930908,9.0,0.0,0.0,0.0,0.0,0.0,0.0,0.0,0.0,0.03,0,0,0,0,0,0,0,0,0,0,0,0,0,0,0,0,0,0,0,0,0
6.3982367515563965,9.0,0.0,0.0,0.0,0.0,0.0,0.0,0.0,0.0,0.03,0,0,0,0,0,0,0,0,0,0,0,0,0,0,0,0,0,0,0,0,0
6.400363445281982,9.0,0.0,0.0,0.0,0.0,0.0,0.0,0.0,0.0,0.03,0,0,0,0,0,0,0,0,0,0,0,0,0,0,0,0,0,0,0,0,0
6.4019880294799805,9.0,0.0,0.0,0.0,0.0,0.0,0.0,0.0,0.0,0.03,0,0,0,0,0,0,0,0,0,0,0,0,0,0,0,0,0,0,0,0,0
6.403567552566528,9.0,0.0,0.0,0.0,0.0,0.0,0.0,0.0,0.0,0.03,0,0,0,0,0,0,0,0,0,0,0,0,0,0,0,0,0,0,0,0,0
6.404670476913452,9.0,0.0,0.0,0.0,0.0,0.0,0.0,0.0,0.0,0.03,0,0,0,0,0,0,0,0,0,0,0,0,0,0,0,0,0,0,0,0,0
6.405765533447266,9.0,0.0,0.0,0.0,0.0,0.0,0.0,0.0,0.0,0.03,0,0,0,0,0,0,0,0,0,0,0,0,0,0,0,0,0,0,0,0,0
6.406965494155884,9.0,0.0,0.0,0.0,0.0,0.0,0.0,0.0,0.0,0.03,0,0,0,0,0,0,0,0,0,0,0,0,0,0,0,0,0,0,0,0,0
6.408069849014282,9.0,0.0,0.0,0.0,0.0,0.0,0.0,0.0,0.0,0.03,0,0,0,0,0,0,0,0,0,0,0,0,0,0,0,0,0,0,0,0,0
6.409250259399414,9.0,0.0,0.0,0.0,0.0,0.0,0.0,0.0,0.0,0.03,0,0,0,0,0,0,0,0,0,0,0,0,0,0,0,0,0,0,0,0,0
6.410419225692749,9.0,0.0,0.0,0.0,0.0,0.0,0.0,0.0,0.0,0.03,0,0,0,0,0,0,0,0,0,0,0,0,0,0,0,0,0,0,0,0,0
6.411502838134766,9.0,0.0,0.0,0.0,0.0,0.0,0.0,0.0,0.0,0.03,0,0,0,0,0,0,0,0,0,0,0,0,0,0,0,0,0,0,0,0,0
6.4126877784729,9.0,0.0,0.0,0.0,0.0,0.0,0.0,0.0,0.0,0.03,0,0,0,0,0,0,0,0,0,0,0,0,0,0,0,0,0,0,0,0,0
6.415398597717285,9.0,0.0,0.0,0.0,0.0,0.0,0.0,0.0,0.0,0.03,0,0,0,0,0,0,0,0,0,0,0,0,0,0,0,0,0,0,0,0,0
6.41787576675415,9.0,0.0,0.0,0.0,0.0,0.0,0.0,0.0,0.0,0.03,0,0,0,0,0,0,0,0,0,0,0,0,0,0,0,0,0,0,0,0,0
6.419138431549072,9.0,0.0,0.0,0.0,0.0,0.0,0.0,0.0,0.0,0.03,0,0,0,0,0,0,0,0,0,0,0,0,0,0,0,0,0,0,0,0,0
6.420309066772461,9.0,0.0,0.0,0.0,0.0,0.0,0.0,0.0,0.0,0.03,0,0,0,0,0,0,0,0,0,0,0,0,0,0,0,0,0,0,0,0,0
6.422123193740845,9.0,0.0,0.0,0.0,0.0,0.0,0.0,0.0,0.0,0.03,0,0,0,0,0,0,0,0,0,0,0,0,0,0,0,0,0,0,0,0,0
6.424143552780151,9.0,0.0,0.0,0.0,0.0,0.0,0.0,0.0,0.0,0.03,0,0,0,0,0,0,0,0,0,0,0,0,0,0,0,0,0,0,0,0,0
6.4254231452941895,9.0,0.0,0.0,0.0,0.0,0.0,0.0,0.0,0.0,0.03,0,0,0,0,0,0,0,0,0,0,0,0,0,0,0,0,0,0,0,0,0
6.426628351211548,9.0,0.0,0.0,0.0,0.0,0.0,0.0,0.0,0.0,0.03,0,0,0,0,0,0,0,0,0,0,0,0,0,0,0,0,0,0,0,0,0
6.428103923797607,9.0,0.0,0.0,0.0,0.0,0.0,0.0,0.0,0.0,0.03,0,0,0,0,0,0,0,0,0,0,0,0,0,0,0,0,0,0,0,0,0
6.429196834564209,9.0,0.0,0.0,0.0,0.0,0.0,0.0,0.0,0.0,0.03,0,0,0,0,0,0,0,0,0,0,0,0,0,0,0,0,0,0,0,0,0
6.4303247928619385,9.0,0.0,0.0,0.0,0.0,0.0,0.0,0.0,0.0,0.03,0,0,0,0,0,0,0,0,0,0,0,0,0,0,0,0,0,0,0,0,0
6.431431293487549,9.0,0.0,0.0,0.0,0.0,0.0,0.0,0.0,0.0,0.03,0,0,0,0,0,0,0,0,0,0,0,0,0,0,0,0,0,0,0,0,0
6.432512998580933,9.0,0.0,0.0,0.0,0.0,0.0,0.0,0.0,0.0,0.03,0,0,0,0,0,0,0,0,0,0,0,0,0,0,0,0,0,0,0,0,0
6.433998107910156,9.0,0.0,0.0,0.0,0.0,0.0,0.0,0.0,0.0,0.03,0,0,0,0,0,0,0,0,0,0,0,0,0,0,0,0,0,0,0,0,0
6.435267686843872,9.0,0.0,0.0,0.0,0.0,0.0,0.0,0.0,0.0,0.03,0,0,0,0,0,0,0,0,0,0,0,0,0,0,0,0,0,0,0,0,0
6.437050819396973,9.0,0.0,0.0,0.0,0.0,0.0,0.0,0.0,0.0,0.03,0,0,0,0,0,0,0,0,0,0,0,0,0,0,0,0,0,0,0,0,0
6.438412666320801,9.0,0.0,0.0,0.0,0.0,0.0,0.0,0.0,0.0,0.03,0,0,0,0,0,0,0,0,0,0,0,0,0,0,0,0,0,0,0,0,0
6.439546346664429,9.0,0.0,0.0,0.0,0.0,0.0,0.0,0.0,0.0,0.03,0,0,0,0,0,0,0,0,0,0,0,0,0,0,0,0,0,0,0,0,0
6.440805196762085,9.0,0.0,0.0,0.0,0.0,0.0,0.0,0.0,0.0,0.03,0,0,0,0,0,0,0,0,0,0,0,0,0,0,0,0,0,0,0,0,0
6.44186544418335,9.0,0.0,0.0,0.0,0.0,0.0,0.0,0.0,0.0,0.03,0,0,0,0,0,0,0,0,0,0,0,0,0,0,0,0,0,0,0,0,0
6.443186521530151,9.0,0.0,0.0,0.0,0.0,0.0,0.0,0.0,0.0,0.03,0,0,0,0,0,0,0,0,0,0,0,0,0,0,0,0,0,0,0,0,0
6.444620370864868,9.0,0.0,0.0,0.0,0.0,0.0,0.0,0.0,0.0,0.03,0,0,0,0,0,0,0,0,0,0,0,0,0,0,0,0,0,0,0,0,0
6.445918321609497,9.0,0.0,0.0,0.0,0.0,0.0,0.0,0.0,0.0,0.03,0,0,0,0,0,0,0,0,0,0,0,0,0,0,0,0,0,0,0,0,0
6.449848890304565,9.0,0.0,0.0,0.0,0.0,0.0,0.0,0.0,0.0,0.03,0,0,0,0,0,0,0,0,0,0,0,0,0,0,0,0,0,0,0,0,0
6.450946807861328,9.0,0.0,0.0,0.0,0.0,0.0,0.0,0.0,0.0,0.03,0,0,0,0,0,0,0,0,0,0,0,0,0,0,0,0,0,0,0,0,0
6.453529357910156,9.0,0.0,0.0,0.0,0.0,0.0,0.0,0.0,0.0,0.03,0,0,0,0,0,0,0,0,0,0,0,0,0,0,0,0,0,0,0,0,0
6.455010414123535,9.0,0.0,0.0,0.0,0.0,0.0,0.0,0.0,0.0,0.03,0,0,0,0,0,0,0,0,0,0,0,0,0,0,0,0,0,0,0,0,0
6.456136703491211,9.0,0.0,0.0,0.0,0.0,0.0,0.0,0.0,0.0,0.03,0,0,0,0,0,0,0,0,0,0,0,0,0,0,0,0,0,0,0,0,0
6.457546710968018,9.0,0.0,0.0,0.0,0.0,0.0,0.0,0.0,0.0,0.03,0,0,0,0,0,0,0,0,0,0,0,0,0,0,0,0,0,0,0,0,0
6.458827257156372,9.0,0.0,0.0,0.0,0.0,0.0,0.0,0.0,0.0,0.03,0,0,0,0,0,0,0,0,0,0,0,0,0,0,0,0,0,0,0,0,0
6.46074652671814,9.0,0.0,0.0,0.0,0.0,0.0,0.0,0.0,0.0,0.03,0,0,0,0,0,0,0,0,0,0,0,0,0,0,0,0,0,0,0,0,0
6.462195873260498,9.0,0.0,0.0,0.0,0.0,0.0,0.0,0.0,0.0,0.03,0,0,0,0,0,0,0,0,0,0,0,0,0,0,0,0,0,0,0,0,0
6.463465929031372,9.0,0.0,0.0,0.0,0.0,0.0,0.0,0.0,0.0,0.03,0,0,0,0,0,0,0,0,0,0,0,0,0,0,0,0,0,0,0,0,0
6.4645771980285645,9.0,0.0,0.0,0.0,0.0,0.0,0.0,0.0,0.0,0.03,0,0,0,0,0,0,0,0,0,0,0,0,0,0,0,0,0,0,0,0,0
6.466015100479126,9.0,0.0,0.0,0.0,0.0,0.0,0.0,0.0,0.0,0.03,0,0,0,0,0,0,0,0,0,0,0,0,0,0,0,0,0,0,0,0,0
6.467526912689209,9.0,0.0,0.0,0.0,0.0,0.0,0.0,0.0,0.0,0.03,0,0,0,0,0,0,0,0,0,0,0,0,0,0,0,0,0,0,0,0,0
6.468691110610962,9.0,0.0,0.0,0.0,0.0,0.0,0.0,0.0,0.0,0.03,0,0,0,0,0,0,0,0,0,0,0,0,0,0,0,0,0,0,0,0,0
6.469936370849609,9.0,0.0,0.0,0.0,0.0,0.0,0.0,0.0,0.0,0.03,0,0,0,0,0,0,0,0,0,0,0,0,0,0,0,0,0,0,0,0,0
6.471122741699219,9.0,0.0,0.0,0.0,0.0,0.0,0.0,0.0,0.0,0.03,0,0,0,0,0,0,0,0,0,0,0,0,0,0,0,0,0,0,0,0,0
6.47261643409729,9.0,0.0,0.0,0.0,0.0,0.0,0.0,0.0,0.0,0.03,0,0,0,0,0,0,0,0,0,0,0,0,0,0,0,0,0,0,0,0,0
6.473925352096558,9.0,0.0,0.0,0.0,0.0,0.0,0.0,0.0,0.0,0.03,0,0,0,0,0,0,0,0,0,0,0,0,0,0,0,0,0,0,0,0,0
6.477190017700195,9.0,0.0,0.0,0.0,0.0,0.0,0.0,0.0,0.0,0.03,0,0,0,0,0,0,0,0,0,0,0,0,0,0,0,0,0,0,0,0,0
6.479509592056274,9.0,0.0,0.0,0.0,0.0,0.0,0.0,0.0,0.0,0.03,0,0,0,0,0,0,0,0,0,0,0,0,0,0,0,0,0,0,0,0,0
6.480626821517944,9.0,0.0,0.0,0.0,0.0,0.0,0.0,0.0,0.0,0.03,0,0,0,0,0,0,0,0,0,0,0,0,0,0,0,0,0,0,0,0,0
6.481719970703125,9.0,0.0,0.0,0.0,0.0,0.0,0.0,0.0,0.0,0.03,0,0,0,0,0,0,0,0,0,0,0,0,0,0,0,0,0,0,0,0,0
6.483047962188721,9.0,0.0,0.0,0.0,0.0,0.0,0.0,0.0,0.0,0.03,0,0,0,0,0,0,0,0,0,0,0,0,0,0,0,0,0,0,0,0,0
6.484675884246826,9.0,0.0,0.0,0.0,0.0,0.0,0.0,0.0,0.0,0.03,0,0,0,0,0,0,0,0,0,0,0,0,0,0,0,0,0,0,0,0,0
6.485952615737915,9.0,0.0,0.0,0.0,0.0,0.0,0.0,0.0,0.0,0.03,0,0,0,0,0,0,0,0,0,0,0,0,0,0,0,0,0,0,0,0,0
6.487489461898804,9.0,0.0,0.0,0.0,0.0,0.0,0.0,0.0,0.0,0.03,0,0,0,0,0,0,0,0,0,0,0,0,0,0,0,0,0,0,0,0,0
6.488593339920044,9.0,0.0,0.0,0.0,0.0,0.0,0.0,0.0,0.0,0.03,0,0,0,0,0,0,0,0,0,0,0,0,0,0,0,0,0,0,0,0,0
6.489677667617798,9.0,0.0,0.0,0.0,0.0,0.0,0.0,0.0,0.0,0.03,0,0,0,0,0,0,0,0,0,0,0,0,0,0,0,0,0,0,0,0,0
6.490778923034668,9.0,0.0,0.0,0.0,0.0,0.0,0.0,0.0,0.0,0.03,0,0,0,0,0,0,0,0,0,0,0,0,0,0,0,0,0,0,0,0,0
6.491916656494141,9.0,0.0,0.0,0.0,0.0,0.0,0.0,0.0,0.0,0.03,0,0,0,0,0,0,0,0,0,0,0,0,0,0,0,0,0,0,0,0,0
6.493004560470581,9.0,0.0,0.0,0.0,0.0,0.0,0.0,0.0,0.0,0.03,0,0,0,0,0,0,0,0,0,0,0,0,0,0,0,0,0,0,0,0,0
6.494135141372681,9.0,0.0,0.0,0.0,0.0,0.0,0.0,0.0,0.0,0.03,0,0,0,0,0,0,0,0,0,0,0,0,0,0,0,0,0,0,0,0,0
6.49566912651062,9.0,0.0,0.0,0.0,0.0,0.0,0.0,0.0,0.0,0.03,0,0,0,0,0,0,0,0,0,0,0,0,0,0,0,0,0,0,0,0,0
6.498461723327637,9.0,0.0,0.0,0.0,0.0,0.0,0.0,0.0,0.0,0.03,0,0,0,0,0,0,0,0,0,0,0,0,0,0,0,0,0,0,0,0,0
6.499868869781494,9.0,0.0,0.0,0.0,0.0,0.0,0.0,0.0,0.0,0.03,0,0,0,0,0,0,0,0,0,0,0,0,0,0,0,0,0,0,0,0,0
6.501725673675537,9.0,0.0,0.0,0.0,0.0,0.0,0.0,0.0,0.0,0.03,0,0,0,0,0,0,0,0,0,0,0,0,0,0,0,0,0,0,0,0,0
6.502957582473755,9.0,0.0,0.0,0.0,0.0,0.0,0.0,0.0,0.0,0.03,0,0,0,0,0,0,0,0,0,0,0,0,0,0,0,0,0,0,0,0,0
6.50419282913208,9.0,0.0,0.0,0.0,0.0,0.0,0.0,0.0,0.0,0.03,0,0,0,0,0,0,0,0,0,0,0,0,0,0,0,0,0,0,0,0,0
6.505308389663696,9.0,0.0,0.0,0.0,0.0,0.0,0.0,0.0,0.0,0.03,0,0,0,0,0,0,0,0,0,0,0,0,0,0,0,0,0,0,0,0,0
6.506403684616089,9.0,0.0,0.0,0.0,0.0,0.0,0.0,0.0,0.0,0.03,0,0,0,0,0,0,0,0,0,0,0,0,0,0,0,0,0,0,0,0,0
6.509025812149048,9.0,0.0,0.0,0.0,0.0,0.0,0.0,0.0,0.0,0.03,0,0,0,0,0,0,0,0,0,0,0,0,0,0,0,0,0,0,0,0,0
6.510526180267334,9.0,0.0,0.0,0.0,0.0,0.0,0.0,0.0,0.0,0.03,0,0,0,0,0,0,0,0,0,0,0,0,0,0,0,0,0,0,0,0,0
6.5118584632873535,9.0,0.0,0.0,0.0,0.0,0.0,0.0,0.0,0.0,0.03,0,0,0,0,0,0,0,0,0,0,0,0,0,0,0,0,0,0,0,0,0
6.513111352920532,9.0,0.0,0.0,0.0,0.0,0.0,0.0,0.0,0.0,0.03,0,0,0,0,0,0,0,0,0,0,0,0,0,0,0,0,0,0,0,0,0
6.517152547836304,9.0,0.0,0.0,0.0,0.0,0.0,0.0,0.0,0.0,0.03,0,0,0,0,0,0,0,0,0,0,0,0,0,0,0,0,0,0,0,0,0
6.518523931503296,9.0,0.0,0.0,0.0,0.0,0.0,0.0,0.0,0.0,0.03,0,0,0,0,0,0,0,0,0,0,0,0,0,0,0,0,0,0,0,0,0
6.519783020019531,9.0,0.0,0.0,0.0,0.0,0.0,0.0,0.0,0.0,0.03,0,0,0,0,0,0,0,0,0,0,0,0,0,0,0,0,0,0,0,0,0
6.5211687088012695,9.0,0.0,0.0,0.0,0.0,0.0,0.0,0.0,0.0,0.03,0,0,0,0,0,0,0,0,0,0,0,0,0,0,0,0,0,0,0,0,0
6.522642374038696,9.0,0.0,0.0,0.0,0.0,0.0,0.0,0.0,0.0,0.03,0,0,0,0,0,0,0,0,0,0,0,0,0,0,0,0,0,0,0,0,0
6.524054527282715,9.0,0.0,0.0,0.0,0.0,0.0,0.0,0.0,0.0,0.03,0,0,0,0,0,0,0,0,0,0,0,0,0,0,0,0,0,0,0,0,0
6.525310039520264,9.0,0.0,0.0,0.0,0.0,0.0,0.0,0.0,0.0,0.03,0,0,0,0,0,0,0,0,0,0,0,0,0,0,0,0,0,0,0,0,0
6.526505470275879,9.0,0.0,0.0,0.0,0.0,0.0,0.0,0.0,0.0,0.03,0,0,0,0,0,0,0,0,0,0,0,0,0,0,0,0,0,0,0,0,0
6.527685642242432,9.0,0.0,0.0,0.0,0.0,0.0,0.0,0.0,0.0,0.03,0,0,0,0,0,0,0,0,0,0,0,0,0,0,0,0,0,0,0,0,0
6.528769493103027,9.0,0.0,0.0,0.0,0.0,0.0,0.0,0.0,0.0,0.03,0,0,0,0,0,0,0,0,0,0,0,0,0,0,0,0,0,0,0,0,0
6.529841184616089,9.0,0.0,0.0,0.0,0.0,0.0,0.0,0.0,0.0,0.03,0,0,0,0,0,0,0,0,0,0,0,0,0,0,0,0,0,0,0,0,0
6.531002759933472,9.0,0.0,0.0,0.0,0.0,0.0,0.0,0.0,0.0,0.03,0,0,0,0,0,0,0,0,0,0,0,0,0,0,0,0,0,0,0,0,0
6.532520532608032,9.0,0.0,0.0,0.0,0.0,0.0,0.0,0.0,0.0,0.03,0,0,0,0,0,0,0,0,0,0,0,0,0,0,0,0,0,0,0,0,0
6.533831357955933,9.0,0.0,0.0,0.0,0.0,0.0,0.0,0.0,0.0,0.03,0,0,0,0,0,0,0,0,0,0,0,0,0,0,0,0,0,0,0,0,0
6.536337614059448,9.0,0.0,0.0,0.0,0.0,0.0,0.0,0.0,0.0,0.03,0,0,0,0,0,0,0,0,0,0,0,0,0,0,0,0,0,0,0,0,0
6.537954568862915,9.0,0.0,0.0,0.0,0.0,0.0,0.0,0.0,0.0,0.03,0,0,0,0,0,0,0,0,0,0,0,0,0,0,0,0,0,0,0,0,0
6.539065361022949,9.0,0.0,0.0,0.0,0.0,0.0,0.0,0.0,0.0,0.03,0,0,0,0,0,0,0,0,0,0,0,0,0,0,0,0,0,0,0,0,0
6.540197849273682,9.0,0.0,0.0,0.0,0.0,0.0,0.0,0.0,0.0,0.03,0,0,0,0,0,0,0,0,0,0,0,0,0,0,0,0,0,0,0,0,0
6.54126763343811,9.0,0.0,0.0,0.0,0.0,0.0,0.0,0.0,0.0,0.03,0,0,0,0,0,0,0,0,0,0,0,0,0,0,0,0,0,0,0,0,0
6.543140888214111,9.0,0.0,0.0,0.0,0.0,0.0,0.0,0.0,0.0,0.03,0,0,0,0,0,0,0,0,0,0,0,0,0,0,0,0,0,0,0,0,0
6.544646501541138,9.0,0.0,0.0,0.0,0.0,0.0,0.0,0.0,0.0,0.03,0,0,0,0,0,0,0,0,0,0,0,0,0,0,0,0,0,0,0,0,0
6.545891046524048,9.0,0.0,0.0,0.0,0.0,0.0,0.0,0.0,0.0,0.03,0,0,0,0,0,0,0,0,0,0,0,0,0,0,0,0,0,0,0,0,0
6.547197103500366,9.0,0.0,0.0,0.0,0.0,0.0,0.0,0.0,0.0,0.03,0,0,0,0,0,0,0,0,0,0,0,0,0,0,0,0,0,0,0,0,0
6.54848051071167,9.0,0.0,0.0,0.0,0.0,0.0,0.0,0.0,0.0,0.03,0,0,0,0,0,0,0,0,0,0,0,0,0,0,0,0,0,0,0,0,0
6.549564838409424,9.0,0.0,0.0,0.0,0.0,0.0,0.0,0.0,0.0,0.03,0,0,0,0,0,0,0,0,0,0,0,0,0,0,0,0,0,0,0,0,0
6.550658941268921,9.0,0.0,0.0,0.0,0.0,0.0,0.0,0.0,0.0,0.03,0,0,0,0,0,0,0,0,0,0,0,0,0,0,0,0,0,0,0,0,0
6.551769971847534,9.0,0.0,0.0,0.0,0.0,0.0,0.0,0.0,0.0,0.03,0,0,0,0,0,0,0,0,0,0,0,0,0,0,0,0,0,0,0,0,0
6.552865505218506,9.0,0.0,0.0,0.0,0.0,0.0,0.0,0.0,0.0,0.03,0,0,0,0,0,0,0,0,0,0,0,0,0,0,0,0,0,0,0,0,0
6.554101943969727,9.0,0.0,0.0,0.0,0.0,0.0,0.0,0.0,0.0,0.03,0,0,0,0,0,0,0,0,0,0,0,0,0,0,0,0,0,0,0,0,0
6.555298566818237,9.0,0.0,0.0,0.0,0.0,0.0,0.0,0.0,0.0,0.03,0,0,0,0,0,0,0,0,0,0,0,0,0,0,0,0,0,0,0,0,0
6.5570502281188965,9.0,0.0,0.0,0.0,0.0,0.0,0.0,0.0,0.0,0.03,0,0,0,0,0,0,0,0,0,0,0,0,0,0,0,0,0,0,0,0,0
6.558334589004517,9.0,0.0,0.0,0.0,0.0,0.0,0.0,0.0,0.0,0.03,0,0,0,0,0,0,0,0,0,0,0,0,0,0,0,0,0,0,0,0,0
6.559434175491333,9.0,0.0,0.0,0.0,0.0,0.0,0.0,0.0,0.0,0.03,0,0,0,0,0,0,0,0,0,0,0,0,0,0,0,0,0,0,0,0,0
6.560618877410889,9.0,0.0,0.0,0.0,0.0,0.0,0.0,0.0,0.0,0.03,0,0,0,0,0,0,0,0,0,0,0,0,0,0,0,0,0,0,0,0,0
6.561880826950073,9.0,0.0,0.0,0.0,0.0,0.0,0.0,0.0,0.0,0.03,0,0,0,0,0,0,0,0,0,0,0,0,0,0,0,0,0,0,0,0,0
6.563060522079468,9.0,0.0,0.0,0.0,0.0,0.0,0.0,0.0,0.0,0.03,0,0,0,0,0,0,0,0,0,0,0,0,0,0,0,0,0,0,0,0,0
6.564192771911621,9.0,0.0,0.0,0.0,0.0,0.0,0.0,0.0,0.0,0.03,0,0,0,0,0,0,0,0,0,0,0,0,0,0,0,0,0,0,0,0,0
6.565672397613525,9.0,0.0,0.0,0.0,0.0,0.0,0.0,0.0,0.0,0.03,0,0,0,0,0,0,0,0,0,0,0,0,0,0,0,0,0,0,0,0,0
6.566846132278442,9.0,0.0,0.0,0.0,0.0,0.0,0.0,0.0,0.0,0.03,0,0,0,0,0,0,0,0,0,0,0,0,0,0,0,0,0,0,0,0,0
6.569991588592529,9.0,0.0,0.0,0.0,0.0,0.0,0.0,0.0,0.0,0.03,0,0,0,0,0,0,0,0,0,0,0,0,0,0,0,0,0,0,0,0,0
6.571098327636719,9.0,0.0,0.0,0.0,0.0,0.0,0.0,0.0,0.0,0.03,0,0,0,0,0,0,0,0,0,0,0,0,0,0,0,0,0,0,0,0,0
6.57375168800354,9.0,0.0,0.0,0.0,0.0,0.0,0.0,0.0,0.0,0.03,0,0,0,0,0,0,0,0,0,0,0,0,0,0,0,0,0,0,0,0,0
6.576364755630493,9.0,0.0,0.0,0.0,0.0,0.0,0.0,0.0,0.0,0.03,0,0,0,0,0,0,0,0,0,0,0,0,0,0,0,0,0,0,0,0,0
6.5775861740112305,9.0,0.0,0.0,0.0,0.0,0.0,0.0,0.0,0.0,0.03,0,0,0,0,0,0,0,0,0,0,0,0,0,0,0,0,0,0,0,0,0
6.579019546508789,9.0,0.0,0.0,0.0,0.0,0.0,0.0,0.0,0.0,0.03,0,0,0,0,0,0,0,0,0,0,0,0,0,0,0,0,0,0,0,0,0
6.580410480499268,9.0,0.0,0.0,0.0,0.0,0.0,0.0,0.0,0.0,0.03,0,0,0,0,0,0,0,0,0,0,0,0,0,0,0,0,0,0,0,0,0
6.582193851470947,9.0,0.0,0.0,0.0,0.0,0.0,0.0,0.0,0.0,0.03,0,0,0,0,0,0,0,0,0,0,0,0,0,0,0,0,0,0,0,0,0
6.583864688873291,9.0,0.0,0.0,0.0,0.0,0.0,0.0,0.0,0.0,0.03,0,0,0,0,0,0,0,0,0,0,0,0,0,0,0,0,0,0,0,0,0
6.584948539733887,9.0,0.0,0.0,0.0,0.0,0.0,0.0,0.0,0.0,0.03,0,0,0,0,0,0,0,0,0,0,0,0,0,0,0,0,0,0,0,0,0
6.586302995681763,9.0,0.0,0.0,0.0,0.0,0.0,0.0,0.0,0.0,0.03,0,0,0,0,0,0,0,0,0,0,0,0,0,0,0,0,0,0,0,0,0
6.587498664855957,9.0,0.0,0.0,0.0,0.0,0.0,0.0,0.0,0.0,0.03,0,0,0,0,0,0,0,0,0,0,0,0,0,0,0,0,0,0,0,0,0
6.588667869567871,9.0,0.0,0.0,0.0,0.0,0.0,0.0,0.0,0.0,0.03,0,0,0,0,0,0,0,0,0,0,0,0,0,0,0,0,0,0,0,0,0
6.590088129043579,9.0,0.0,0.0,0.0,0.0,0.0,0.0,0.0,0.0,0.03,0,0,0,0,0,0,0,0,0,0,0,0,0,0,0,0,0,0,0,0,0
6.591263055801392,9.0,0.0,0.0,0.0,0.0,0.0,0.0,0.0,0.0,0.03,0,0,0,0,0,0,0,0,0,0,0,0,0,0,0,0,0,0,0,0,0
6.592580318450928,9.0,0.0,0.0,0.0,0.0,0.0,0.0,0.0,0.0,0.03,0,0,0,0,0,0,0,0,0,0,0,0,0,0,0,0,0,0,0,0,0
6.593734502792358,9.0,0.0,0.0,0.0,0.0,0.0,0.0,0.0,0.0,0.03,0,0,0,0,0,0,0,0,0,0,0,0,0,0,0,0,0,0,0,0,0
6.595144033432007,9.0,0.0,0.0,0.0,0.0,0.0,0.0,0.0,0.0,0.03,0,0,0,0,0,0,0,0,0,0,0,0,0,0,0,0,0,0,0,0,0
6.596538782119751,9.0,0.0,0.0,0.0,0.0,0.0,0.0,0.0,0.0,0.03,0,0,0,0,0,0,0,0,0,0,0,0,0,0,0,0,0,0,0,0,0
6.597749471664429,9.0,0.0,0.0,0.0,0.0,0.0,0.0,0.0,0.0,0.03,0,0,0,0,0,0,0,0,0,0,0,0,0,0,0,0,0,0,0,0,0
6.598972320556641,9.0,0.0,0.0,0.0,0.0,0.0,0.0,0.0,0.0,0.03,0,0,0,0,0,0,0,0,0,0,0,0,0,0,0,0,0,0,0,0,0
6.600067138671875,9.0,0.0,0.0,0.0,0.0,0.0,0.0,0.0,0.0,0.03,0,0,0,0,0,0,0,0,0,0,0,0,0,0,0,0,0,0,0,0,0
6.601480960845947,9.0,0.0,0.0,0.0,0.0,0.0,0.0,0.0,0.0,0.03,0,0,0,0,0,0,0,0,0,0,0,0,0,0,0,0,0,0,0,0,0
6.6027672290802,9.0,0.0,0.0,0.0,0.0,0.0,0.0,0.0,0.0,0.03,0,0,0,0,0,0,0,0,0,0,0,0,0,0,0,0,0,0,0,0,0
6.604007244110107,9.0,0.0,0.0,0.0,0.0,0.0,0.0,0.0,0.0,0.03,0,0,0,0,0,0,0,0,0,0,0,0,0,0,0,0,0,0,0,0,0
6.60515284538269,9.0,0.0,0.0,0.0,0.0,0.0,0.0,0.0,0.0,0.03,0,0,0,0,0,0,0,0,0,0,0,0,0,0,0,0,0,0,0,0,0
6.606239080429077,9.0,0.0,0.0,0.0,0.0,0.0,0.0,0.0,0.0,0.03,0,0,0,0,0,0,0,0,0,0,0,0,0,0,0,0,0,0,0,0,0
6.6073386669158936,9.0,0.0,0.0,0.0,0.0,0.0,0.0,0.0,0.0,0.03,0,0,0,0,0,0,0,0,0,0,0,0,0,0,0,0,0,0,0,0,0
6.608642101287842,9.0,0.0,0.0,0.0,0.0,0.0,0.0,0.0,0.0,0.03,0,0,0,0,0,0,0,0,0,0,0,0,0,0,0,0,0,0,0,0,0
6.610026121139526,9.0,0.0,0.0,0.0,0.0,0.0,0.0,0.0,0.0,0.03,0,0,0,0,0,0,0,0,0,0,0,0,0,0,0,0,0,0,0,0,0
6.611502170562744,9.0,0.0,0.0,0.0,0.0,0.0,0.0,0.0,0.0,0.03,0,0,0,0,0,0,0,0,0,0,0,0,0,0,0,0,0,0,0,0,0
6.61259126663208,9.0,0.0,0.0,0.0,0.0,0.0,0.0,0.0,0.0,0.03,0,0,0,0,0,0,0,0,0,0,0,0,0,0,0,0,0,0,0,0,0
6.613690614700317,9.0,0.0,0.0,0.0,0.0,0.0,0.0,0.0,0.0,0.03,0,0,0,0,0,0,0,0,0,0,0,0,0,0,0,0,0,0,0,0,0
6.614785194396973,9.0,0.0,0.0,0.0,0.0,0.0,0.0,0.0,0.0,0.03,0,0,0,0,0,0,0,0,0,0,0,0,0,0,0,0,0,0,0,0,0
6.615911960601807,9.0,0.0,0.0,0.0,0.0,0.0,0.0,0.0,0.0,0.03,0,0,0,0,0,0,0,0,0,0,0,0,0,0,0,0,0,0,0,0,0
6.617777347564697,9.0,0.0,0.0,0.0,0.0,0.0,0.0,0.0,0.0,0.03,0,0,0,0,0,0,0,0,0,0,0,0,0,0,0,0,0,0,0,0,0
6.619362115859985,9.0,0.0,0.0,0.0,0.0,0.0,0.0,0.0,0.0,0.03,0,0,0,0,0,0,0,0,0,0,0,0,0,0,0,0,0,0,0,0,0
6.622251272201538,9.0,0.0,0.0,0.0,0.0,0.0,0.0,0.0,0.0,0.03,0,0,0,0,0,0,0,0,0,0,0,0,0,0,0,0,0,0,0,0,0
6.623354434967041,9.0,0.0,0.0,0.0,0.0,0.0,0.0,0.0,0.0,0.03,0,0,0,0,0,0,0,0,0,0,0,0,0,0,0,0,0,0,0,0,0
6.625024795532227,9.0,0.0,0.0,0.0,0.0,0.0,0.0,0.0,0.0,0.03,0,0,0,0,0,0,0,0,0,0,0,0,0,0,0,0,0,0,0,0,0
6.626406669616699,9.0,0.0,0.0,0.0,0.0,0.0,0.0,0.0,0.0,0.03,0,0,0,0,0,0,0,0,0,0,0,0,0,0,0,0,0,0,0,0,0
6.627649784088135,9.0,0.0,0.0,0.0,0.0,0.0,0.0,0.0,0.0,0.03,0,0,0,0,0,0,0,0,0,0,0,0,0,0,0,0,0,0,0,0,0
6.628777742385864,9.0,0.0,0.0,0.0,0.0,0.0,0.0,0.0,0.0,0.03,0,0,0,0,0,0,0,0,0,0,0,0,0,0,0,0,0,0,0,0,0
6.629848003387451,9.0,0.0,0.0,0.0,0.0,0.0,0.0,0.0,0.0,0.03,0,0,0,0,0,0,0,0,0,0,0,0,0,0,0,0,0,0,0,0,0
6.630931615829468,9.0,0.0,0.0,0.0,0.0,0.0,0.0,0.0,0.0,0.03,0,0,0,0,0,0,0,0,0,0,0,0,0,0,0,0,0,0,0,0,0
6.633668422698975,9.0,0.0,0.0,0.0,0.0,0.0,0.0,0.0,0.0,0.03,0,0,0,0,0,0,0,0,0,0,0,0,0,0,0,0,0,0,0,0,0
6.634820938110352,9.0,0.0,0.0,0.0,0.0,0.0,0.0,0.0,0.0,0.03,0,0,0,0,0,0,0,0,0,0,0,0,0,0,0,0,0,0,0,0,0
6.6368372440338135,9.0,0.0,0.0,0.0,0.0,0.0,0.0,0.0,0.0,0.03,0,0,0,0,0,0,0,0,0,0,0,0,0,0,0,0,0,0,0,0,0
6.638239622116089,9.0,0.0,0.0,0.0,0.0,0.0,0.0,0.0,0.0,0.03,0,0,0,0,0,0,0,0,0,0,0,0,0,0,0,0,0,0,0,0,0
6.639450788497925,9.0,0.0,0.0,0.0,0.0,0.0,0.0,0.0,0.0,0.03,0,0,0,0,0,0,0,0,0,0,0,0,0,0,0,0,0,0,0,0,0
6.640833139419556,9.0,0.0,0.0,0.0,0.0,0.0,0.0,0.0,0.0,0.03,0,0,0,0,0,0,0,0,0,0,0,0,0,0,0,0,0,0,0,0,0
6.641953706741333,9.0,0.0,0.0,0.0,0.0,0.0,0.0,0.0,0.0,0.03,0,0,0,0,0,0,0,0,0,0,0,0,0,0,0,0,0,0,0,0,0
6.643664836883545,9.0,0.0,0.0,0.0,0.0,0.0,0.0,0.0,0.0,0.03,0,0,0,0,0,0,0,0,0,0,0,0,0,0,0,0,0,0,0,0,0
6.645654201507568,9.0,0.0,0.0,0.0,0.0,0.0,0.0,0.0,0.0,0.03,0,0,0,0,0,0,0,0,0,0,0,0,0,0,0,0,0,0,0,0,0
6.6472601890563965,9.0,0.0,0.0,0.0,0.0,0.0,0.0,0.0,0.0,0.03,0,0,0,0,0,0,0,0,0,0,0,0,0,0,0,0,0,0,0,0,0
6.648356676101685,9.0,0.0,0.0,0.0,0.0,0.0,0.0,0.0,0.0,0.03,0,0,0,0,0,0,0,0,0,0,0,0,0,0,0,0,0,0,0,0,0
6.650457382202148,9.0,0.0,0.0,0.0,0.0,0.0,0.0,0.0,0.0,0.03,0,0,0,0,0,0,0,0,0,0,0,0,0,0,0,0,0,0,0,0,0
6.651644468307495,9.0,0.0,0.0,0.0,0.0,0.0,0.0,0.0,0.0,0.03,0,0,0,0,0,0,0,0,0,0,0,0,0,0,0,0,0,0,0,0,0
6.652853727340698,9.0,0.0,0.0,0.0,0.0,0.0,0.0,0.0,0.0,0.03,0,0,0,0,0,0,0,0,0,0,0,0,0,0,0,0,0,0,0,0,0
6.653913736343384,9.0,0.0,0.0,0.0,0.0,0.0,0.0,0.0,0.0,0.03,0,0,0,0,0,0,0,0,0,0,0,0,0,0,0,0,0,0,0,0,0
6.6550352573394775,9.0,0.0,0.0,0.0,0.0,0.0,0.0,0.0,0.0,0.03,0,0,0,0,0,0,0,0,0,0,0,0,0,0,0,0,0,0,0,0,0
6.656353950500488,9.0,0.0,0.0,0.0,0.0,0.0,0.0,0.0,0.0,0.03,0,0,0,0,0,0,0,0,0,0,0,0,0,0,0,0,0,0,0,0,0
6.657766580581665,9.0,0.0,0.0,0.0,0.0,0.0,0.0,0.0,0.0,0.03,0,0,0,0,0,0,0,0,0,0,0,0,0,0,0,0,0,0,0,0,0
6.659010648727417,9.0,0.0,0.0,0.0,0.0,0.0,0.0,0.0,0.0,0.03,0,0,0,0,0,0,0,0,0,0,0,0,0,0,0,0,0,0,0,0,0
6.660359859466553,9.0,0.0,0.0,0.0,0.0,0.0,0.0,0.0,0.0,0.03,0,0,0,0,0,0,0,0,0,0,0,0,0,0,0,0,0,0,0,0,0
6.663302183151245,9.0,0.0,0.0,0.0,0.0,0.0,0.0,0.0,0.0,0.03,0,0,0,0,0,0,0,0,0,0,0,0,0,0,0,0,0,0,0,0,0
6.664458274841309,9.0,0.0,0.0,0.0,0.0,0.0,0.0,0.0,0.0,0.03,0,0,0,0,0,0,0,0,0,0,0,0,0,0,0,0,0,0,0,0,0
6.665879487991333,9.0,0.0,0.0,0.0,0.0,0.0,0.0,0.0,0.0,0.03,0,0,0,0,0,0,0,0,0,0,0,0,0,0,0,0,0,0,0,0,0
6.667328834533691,9.0,0.0,0.0,0.0,0.0,0.0,0.0,0.0,0.0,0.03,0,0,0,0,0,0,0,0,0,0,0,0,0,0,0,0,0,0,0,0,0
6.668827056884766,9.0,0.0,0.0,0.0,0.0,0.0,0.0,0.0,0.0,0.03,0,0,0,0,0,0,0,0,0,0,0,0,0,0,0,0,0,0,0,0,0
6.670086622238159,9.0,0.0,0.0,0.0,0.0,0.0,0.0,0.0,0.0,0.03,0,0,0,0,0,0,0,0,0,0,0,0,0,0,0,0,0,0,0,0,0
6.671628713607788,9.0,0.0,0.0,0.0,0.0,0.0,0.0,0.0,0.0,0.03,0,0,0,0,0,0,0,0,0,0,0,0,0,0,0,0,0,0,0,0,0
6.672731161117554,9.0,0.0,0.0,0.0,0.0,0.0,0.0,0.0,0.0,0.03,0,0,0,0,0,0,0,0,0,0,0,0,0,0,0,0,0,0,0,0,0
6.673814296722412,9.0,0.0,0.0,0.0,0.0,0.0,0.0,0.0,0.0,0.03,0,0,0,0,0,0,0,0,0,0,0,0,0,0,0,0,0,0,0,0,0
6.674957752227783,9.0,0.0,0.0,0.0,0.0,0.0,0.0,0.0,0.0,0.03,0,0,0,0,0,0,0,0,0,0,0,0,0,0,0,0,0,0,0,0,0
6.676058530807495,9.0,0.0,0.0,0.0,0.0,0.0,0.0,0.0,0.0,0.03,0,0,0,0,0,0,0,0,0,0,0,0,0,0,0,0,0,0,0,0,0
6.677145957946777,9.0,0.0,0.0,0.0,0.0,0.0,0.0,0.0,0.0,0.03,0,0,0,0,0,0,0,0,0,0,0,0,0,0,0,0,0,0,0,0,0
6.678466320037842,9.0,0.0,0.0,0.0,0.0,0.0,0.0,0.0,0.0,0.03,0,0,0,0,0,0,0,0,0,0,0,0,0,0,0,0,0,0,0,0,0
6.679647445678711,9.0,0.0,0.0,0.0,0.0,0.0,0.0,0.0,0.0,0.03,0,0,0,0,0,0,0,0,0,0,0,0,0,0,0,0,0,0,0,0,0
6.682634592056274,9.0,0.0,0.0,0.0,0.0,0.0,0.0,0.0,0.0,0.03,0,0,0,0,0,0,0,0,0,0,0,0,0,0,0,0,0,0,0,0,0
6.683767318725586,9.0,0.0,0.0,0.0,0.0,0.0,0.0,0.0,0.0,0.03,0,0,0,0,0,0,0,0,0,0,0,0,0,0,0,0,0,0,0,0,0
6.684952259063721,9.0,0.0,0.0,0.0,0.0,0.0,0.0,0.0,0.0,0.03,0,0,0,0,0,0,0,0,0,0,0,0,0,0,0,0,0,0,0,0,0
6.686774730682373,9.0,0.0,0.0,0.0,0.0,0.0,0.0,0.0,0.0,0.03,0,0,0,0,0,0,0,0,0,0,0,0,0,0,0,0,0,0,0,0,0
6.688007593154907,9.0,0.0,0.0,0.0,0.0,0.0,0.0,0.0,0.0,0.03,0,0,0,0,0,0,0,0,0,0,0,0,0,0,0,0,0,0,0,0,0
6.689262390136719,9.0,0.0,0.0,0.0,0.0,0.0,0.0,0.0,0.0,0.03,0,0,0,0,0,0,0,0,0,0,0,0,0,0,0,0,0,0,0,0,0
6.690613508224487,9.0,0.0,0.0,0.0,0.0,0.0,0.0,0.0,0.0,0.03,0,0,0,0,0,0,0,0,0,0,0,0,0,0,0,0,0,0,0,0,0
6.6940813064575195,9.0,0.0,0.0,0.0,0.0,0.0,0.0,0.0,0.0,0.03,0,0,0,0,0,0,0,0,0,0,0,0,0,0,0,0,0,0,0,0,0
6.695256948471069,9.0,0.0,0.0,0.0,0.0,0.0,0.0,0.0,0.0,0.03,0,0,0,0,0,0,0,0,0,0,0,0,0,0,0,0,0,0,0,0,0
6.696752071380615,9.0,0.0,0.0,0.0,0.0,0.0,0.0,0.0,0.0,0.03,0,0,0,0,0,0,0,0,0,0,0,0,0,0,0,0,0,0,0,0,0
6.698225736618042,9.0,0.0,0.0,0.0,0.0,0.0,0.0,0.0,0.0,0.03,0,0,0,0,0,0,0,0,0,0,0,0,0,0,0,0,0,0,0,0,0
6.699950933456421,9.0,0.0,0.0,0.0,0.0,0.0,0.0,0.0,0.0,0.03,0,0,0,0,0,0,0,0,0,0,0,0,0,0,0,0,0,0,0,0,0
6.701294898986816,9.0,0.0,0.0,0.0,0.0,0.0,0.0,0.0,0.0,0.03,0,0,0,0,0,0,0,0,0,0,0,0,0,0,0,0,0,0,0,0,0
6.7028257846832275,9.0,0.0,0.0,0.0,0.0,0.0,0.0,0.0,0.0,0.03,0,0,0,0,0,0,0,0,0,0,0,0,0,0,0,0,0,0,0,0,0
6.704190015792847,9.0,0.0,0.0,0.0,0.0,0.0,0.0,0.0,0.0,0.03,0,0,0,0,0,0,0,0,0,0,0,0,0,0,0,0,0,0,0,0,0
6.7055394649505615,9.0,0.0,0.0,0.0,0.0,0.0,0.0,0.0,0.0,0.03,0,0,0,0,0,0,0,0,0,0,0,0,0,0,0,0,0,0,0,0,0
6.706870794296265,9.0,0.0,0.0,0.0,0.0,0.0,0.0,0.0,0.0,0.03,0,0,0,0,0,0,0,0,0,0,0,0,0,0,0,0,0,0,0,0,0
6.7083141803741455,9.0,0.0,0.0,0.0,0.0,0.0,0.0,0.0,0.0,0.03,0,0,0,0,0,0,0,0,0,0,0,0,0,0,0,0,0,0,0,0,0
6.7095115184783936,9.0,0.0,0.0,0.0,0.0,0.0,0.0,0.0,0.0,0.03,0,0,0,0,0,0,0,0,0,0,0,0,0,0,0,0,0,0,0,0,0
6.710693836212158,9.0,0.0,0.0,0.0,0.0,0.0,0.0,0.0,0.0,0.03,0,0,0,0,0,0,0,0,0,0,0,0,0,0,0,0,0,0,0,0,0
6.7121360301971436,9.0,0.0,0.0,0.0,0.0,0.0,0.0,0.0,0.0,0.03,0,0,0,0,0,0,0,0,0,0,0,0,0,0,0,0,0,0,0,0,0
6.713244438171387,9.0,0.0,0.0,0.0,0.0,0.0,0.0,0.0,0.0,0.03,0,0,0,0,0,0,0,0,0,0,0,0,0,0,0,0,0,0,0,0,0
6.714484214782715,9.0,0.0,0.0,0.0,0.0,0.0,0.0,0.0,0.0,0.03,0,0,0,0,0,0,0,0,0,0,0,0,0,0,0,0,0,0,0,0,0
6.715609312057495,9.0,0.0,0.0,0.0,0.0,0.0,0.0,0.0,0.0,0.03,0,0,0,0,0,0,0,0,0,0,0,0,0,0,0,0,0,0,0,0,0
6.716815948486328,9.0,0.0,0.0,0.0,0.0,0.0,0.0,0.0,0.0,0.03,0,0,0,0,0,0,0,0,0,0,0,0,0,0,0,0,0,0,0,0,0
6.717891693115234,9.0,0.0,0.0,0.0,0.0,0.0,0.0,0.0,0.0,0.03,0,0,0,0,0,0,0,0,0,0,0,0,0,0,0,0,0,0,0,0,0
6.719040632247925,9.0,0.0,0.0,0.0,0.0,0.0,0.0,0.0,0.0,0.03,0,0,0,0,0,0,0,0,0,0,0,0,0,0,0,0,0,0,0,0,0
6.7201151847839355,9.0,0.0,0.0,0.0,0.0,0.0,0.0,0.0,0.0,0.03,0,0,0,0,0,0,0,0,0,0,0,0,0,0,0,0,0,0,0,0,0
6.721296072006226,9.0,0.0,0.0,0.0,0.0,0.0,0.0,0.0,0.0,0.03,0,0,0,0,0,0,0,0,0,0,0,0,0,0,0,0,0,0,0,0,0
6.722388982772827,9.0,0.0,0.0,0.0,0.0,0.0,0.0,0.0,0.0,0.03,0,0,0,0,0,0,0,0,0,0,0,0,0,0,0,0,0,0,0,0,0
6.723641872406006,9.0,0.0,0.0,0.0,0.0,0.0,0.0,0.0,0.0,0.03,0,0,0,0,0,0,0,0,0,0,0,0,0,0,0,0,0,0,0,0,0
6.725665330886841,9.0,0.0,0.0,0.0,0.0,0.0,0.0,0.0,0.0,0.03,0,0,0,0,0,0,0,0,0,0,0,0,0,0,0,0,0,0,0,0,0
6.726850509643555,9.0,0.0,0.0,0.0,0.0,0.0,0.0,0.0,0.0,0.03,0,0,0,0,0,0,0,0,0,0,0,0,0,0,0,0,0,0,0,0,0
6.72829794883728,9.0,0.0,0.0,0.0,0.0,0.0,0.0,0.0,0.0,0.03,0,0,0,0,0,0,0,0,0,0,0,0,0,0,0,0,0,0,0,0,0
6.73017692565918,9.0,0.0,0.0,0.0,0.0,0.0,0.0,0.0,0.0,0.03,0,0,0,0,0,0,0,0,0,0,0,0,0,0,0,0,0,0,0,0,0
6.731677293777466,9.0,0.0,0.0,0.0,0.0,0.0,0.0,0.0,0.0,0.03,0,0,0,0,0,0,0,0,0,0,0,0,0,0,0,0,0,0,0,0,0
6.732948064804077,9.0,0.0,0.0,0.0,0.0,0.0,0.0,0.0,0.0,0.03,0,0,0,0,0,0,0,0,0,0,0,0,0,0,0,0,0,0,0,0,0
6.734442472457886,9.0,0.0,0.0,0.0,0.0,0.0,0.0,0.0,0.0,0.03,0,0,0,0,0,0,0,0,0,0,0,0,0,0,0,0,0,0,0,0,0
6.735538482666016,9.0,0.0,0.0,0.0,0.0,0.0,0.0,0.0,0.0,0.03,0,0,0,0,0,0,0,0,0,0,0,0,0,0,0,0,0,0,0,0,0
6.7366228103637695,9.0,0.0,0.0,0.0,0.0,0.0,0.0,0.0,0.0,0.03,0,0,0,0,0,0,0,0,0,0,0,0,0,0,0,0,0,0,0,0,0
6.737718820571899,9.0,0.0,0.0,0.0,0.0,0.0,0.0,0.0,0.0,0.03,0,0,0,0,0,0,0,0,0,0,0,0,0,0,0,0,0,0,0,0,0
6.738831043243408,9.0,0.0,0.0,0.0,0.0,0.0,0.0,0.0,0.0,0.03,0,0,0,0,0,0,0,0,0,0,0,0,0,0,0,0,0,0,0,0,0
6.73991847038269,9.0,0.0,0.0,0.0,0.0,0.0,0.0,0.0,0.0,0.03,0,0,0,0,0,0,0,0,0,0,0,0,0,0,0,0,0,0,0,0,0
6.741089344024658,9.0,0.0,0.0,0.0,0.0,0.0,0.0,0.0,0.0,0.03,0,0,0,0,0,0,0,0,0,0,0,0,0,0,0,0,0,0,0,0,0
6.742299318313599,9.0,0.0,0.0,0.0,0.0,0.0,0.0,0.0,0.0,0.03,0,0,0,0,0,0,0,0,0,0,0,0,0,0,0,0,0,0,0,0,0
6.745333194732666,9.0,0.0,0.0,0.0,0.0,0.0,0.0,0.0,0.0,0.03,0,0,0,0,0,0,0,0,0,0,0,0,0,0,0,0,0,0,0,0,0
6.746447801589966,9.0,0.0,0.0,0.0,0.0,0.0,0.0,0.0,0.0,0.03,0,0,0,0,0,0,0,0,0,0,0,0,0,0,0,0,0,0,0,0,0
6.747632741928101,9.0,0.0,0.0,0.0,0.0,0.0,0.0,0.0,0.0,0.03,0,0,0,0,0,0,0,0,0,0,0,0,0,0,0,0,0,0,0,0,0
6.749433994293213,9.0,0.0,0.0,0.0,0.0,0.0,0.0,0.0,0.0,0.03,0,0,0,0,0,0,0,0,0,0,0,0,0,0,0,0,0,0,0,0,0
6.750664949417114,9.0,0.0,0.0,0.0,0.0,0.0,0.0,0.0,0.0,0.03,0,0,0,0,0,0,0,0,0,0,0,0,0,0,0,0,0,0,0,0,0
6.751776218414307,9.0,0.0,0.0,0.0,0.0,0.0,0.0,0.0,0.0,0.03,0,0,0,0,0,0,0,0,0,0,0,0,0,0,0,0,0,0,0,0,0
6.752874374389648,9.0,0.0,0.0,0.0,0.0,0.0,0.0,0.0,0.0,0.03,0,0,0,0,0,0,0,0,0,0,0,0,0,0,0,0,0,0,0,0,0
6.756469011306763,9.0,0.0,0.0,0.0,0.0,0.0,0.0,0.0,0.0,0.03,0,0,0,0,0,0,0,0,0,0,0,0,0,0,0,0,0,0,0,0,0
6.757604122161865,9.0,0.0,0.0,0.0,0.0,0.0,0.0,0.0,0.0,0.03,0,0,0,0,0,0,0,0,0,0,0,0,0,0,0,0,0,0,0,0,0
6.759454727172852,9.0,0.0,0.0,0.0,0.0,0.0,0.0,0.0,0.0,0.03,0,0,0,0,0,0,0,0,0,0,0,0,0,0,0,0,0,0,0,0,0
6.760980844497681,9.0,0.0,0.0,0.0,0.0,0.0,0.0,0.0,0.0,0.03,0,0,0,0,0,0,0,0,0,0,0,0,0,0,0,0,0,0,0,0,0
6.763147354125977,9.0,0.0,0.0,0.0,0.0,0.0,0.0,0.0,0.0,0.03,0,0,0,0,0,0,0,0,0,0,0,0,0,0,0,0,0,0,0,0,0
6.764655828475952,9.0,0.0,0.0,0.0,0.0,0.0,0.0,0.0,0.0,0.03,0,0,0,0,0,0,0,0,0,0,0,0,0,0,0,0,0,0,0,0,0
6.766046047210693,9.0,0.0,0.0,0.0,0.0,0.0,0.0,0.0,0.0,0.03,0,0,0,0,0,0,0,0,0,0,0,0,0,0,0,0,0,0,0,0,0
6.767298698425293,9.0,0.0,0.0,0.0,0.0,0.0,0.0,0.0,0.0,0.03,0,0,0,0,0,0,0,0,0,0,0,0,0,0,0,0,0,0,0,0,0
6.769247531890869,9.0,0.0,0.0,0.0,0.0,0.0,0.0,0.0,0.0,0.03,0,0,0,0,0,0,0,0,0,0,0,0,0,0,0,0,0,0,0,0,0
6.770670652389526,9.0,0.0,0.0,0.0,0.0,0.0,0.0,0.0,0.0,0.03,0,0,0,0,0,0,0,0,0,0,0,0,0,0,0,0,0,0,0,0,0
6.771823167800903,9.0,0.0,0.0,0.0,0.0,0.0,0.0,0.0,0.0,0.03,0,0,0,0,0,0,0,0,0,0,0,0,0,0,0,0,0,0,0,0,0
6.773099184036255,9.0,0.0,0.0,0.0,0.0,0.0,0.0,0.0,0.0,0.03,0,0,0,0,0,0,0,0,0,0,0,0,0,0,0,0,0,0,0,0,0
6.7742249965667725,9.0,0.0,0.0,0.0,0.0,0.0,0.0,0.0,0.0,0.03,0,0,0,0,0,0,0,0,0,0,0,0,0,0,0,0,0,0,0,0,0
6.775320529937744,9.0,0.0,0.0,0.0,0.0,0.0,0.0,0.0,0.0,0.03,0,0,0,0,0,0,0,0,0,0,0,0,0,0,0,0,0,0,0,0,0
6.776406764984131,9.0,0.0,0.0,0.0,0.0,0.0,0.0,0.0,0.0,0.03,0,0,0,0,0,0,0,0,0,0,0,0,0,0,0,0,0,0,0,0,0
6.777592897415161,9.0,0.0,0.0,0.0,0.0,0.0,0.0,0.0,0.0,0.03,0,0,0,0,0,0,0,0,0,0,0,0,0,0,0,0,0,0,0,0,0
6.778677701950073,9.0,0.0,0.0,0.0,0.0,0.0,0.0,0.0,0.0,0.03,0,0,0,0,0,0,0,0,0,0,0,0,0,0,0,0,0,0,0,0,0
6.779956340789795,9.0,0.0,0.0,0.0,0.0,0.0,0.0,0.0,0.0,0.03,0,0,0,0,0,0,0,0,0,0,0,0,0,0,0,0,0,0,0,0,0
6.781351327896118,9.0,0.0,0.0,0.0,0.0,0.0,0.0,0.0,0.0,0.03,0,0,0,0,0,0,0,0,0,0,0,0,0,0,0,0,0,0,0,0,0
6.782593727111816,9.0,0.0,0.0,0.0,0.0,0.0,0.0,0.0,0.0,0.03,0,0,0,0,0,0,0,0,0,0,0,0,0,0,0,0,0,0,0,0,0
6.7839133739471436,9.0,0.0,0.0,0.0,0.0,0.0,0.0,0.0,0.0,0.03,0,0,0,0,0,0,0,0,0,0,0,0,0,0,0,0,0,0,0,0,0
6.785750865936279,9.0,0.0,0.0,0.0,0.0,0.0,0.0,0.0,0.0,0.03,0,0,0,0,0,0,0,0,0,0,0,0,0,0,0,0,0,0,0,0,0
6.78732442855835,9.0,0.0,0.0,0.0,0.0,0.0,0.0,0.0,0.0,0.03,0,0,0,0,0,0,0,0,0,0,0,0,0,0,0,0,0,0,0,0,0
6.788430213928223,9.0,0.0,0.0,0.0,0.0,0.0,0.0,0.0,0.0,0.03,0,0,0,0,0,0,0,0,0,0,0,0,0,0,0,0,0,0,0,0,0
6.789536714553833,9.0,0.0,0.0,0.0,0.0,0.0,0.0,0.0,0.0,0.03,0,0,0,0,0,0,0,0,0,0,0,0,0,0,0,0,0,0,0,0,0
6.790977954864502,9.0,0.0,0.0,0.0,0.0,0.0,0.0,0.0,0.0,0.03,0,0,0,0,0,0,0,0,0,0,0,0,0,0,0,0,0,0,0,0,0
6.793000936508179,9.0,0.0,0.0,0.0,0.0,0.0,0.0,0.0,0.0,0.03,0,0,0,0,0,0,0,0,0,0,0,0,0,0,0,0,0,0,0,0,0
6.794111490249634,9.0,0.0,0.0,0.0,0.0,0.0,0.0,0.0,0.0,0.03,0,0,0,0,0,0,0,0,0,0,0,0,0,0,0,0,0,0,0,0,0
6.79596734046936,9.0,0.0,0.0,0.0,0.0,0.0,0.0,0.0,0.0,0.03,0,0,0,0,0,0,0,0,0,0,0,0,0,0,0,0,0,0,0,0,0
6.797313451766968,9.0,0.0,0.0,0.0,0.0,0.0,0.0,0.0,0.0,0.03,0,0,0,0,0,0,0,0,0,0,0,0,0,0,0,0,0,0,0,0,0
6.798398494720459,9.0,0.0,0.0,0.0,0.0,0.0,0.0,0.0,0.0,0.03,0,0,0,0,0,0,0,0,0,0,0,0,0,0,0,0,0,0,0,0,0
6.799494504928589,9.0,0.0,0.0,0.0,0.0,0.0,0.0,0.0,0.0,0.03,0,0,0,0,0,0,0,0,0,0,0,0,0,0,0,0,0,0,0,0,0
6.800619125366211,9.0,0.0,0.0,0.0,0.0,0.0,0.0,0.0,0.0,0.03,0,0,0,0,0,0,0,0,0,0,0,0,0,0,0,0,0,0,0,0,0
6.801954030990601,9.0,0.0,0.0,0.0,0.0,0.0,0.0,0.0,0.0,0.03,0,0,0,0,0,0,0,0,0,0,0,0,0,0,0,0,0,0,0,0,0
6.803373098373413,9.0,0.0,0.0,0.0,0.0,0.0,0.0,0.0,0.0,0.03,0,0,0,0,0,0,0,0,0,0,0,0,0,0,0,0,0,0,0,0,0
6.8046581745147705,9.0,0.0,0.0,0.0,0.0,0.0,0.0,0.0,0.0,0.03,0,0,0,0,0,0,0,0,0,0,0,0,0,0,0,0,0,0,0,0,0
6.806381940841675,9.0,0.0,0.0,0.0,0.0,0.0,0.0,0.0,0.0,0.03,0,0,0,0,0,0,0,0,0,0,0,0,0,0,0,0,0,0,0,0,0
6.807950973510742,9.0,0.0,0.0,0.0,0.0,0.0,0.0,0.0,0.0,0.03,0,0,0,0,0,0,0,0,0,0,0,0,0,0,0,0,0,0,0,0,0
6.809082984924316,9.0,0.0,0.0,0.0,0.0,0.0,0.0,0.0,0.0,0.03,0,0,0,0,0,0,0,0,0,0,0,0,0,0,0,0,0,0,0,0,0
6.8111958503723145,9.0,0.0,0.0,0.0,0.0,0.0,0.0,0.0,0.0,0.03,0,0,0,0,0,0,0,0,0,0,0,0,0,0,0,0,0,0,0,0,0
6.812443494796753,9.0,0.0,0.0,0.0,0.0,0.0,0.0,0.0,0.0,0.03,0,0,0,0,0,0,0,0,0,0,0,0,0,0,0,0,0,0,0,0,0
6.813551902770996,9.0,0.0,0.0,0.0,0.0,0.0,0.0,0.0,0.0,0.03,0,0,0,0,0,0,0,0,0,0,0,0,0,0,0,0,0,0,0,0,0
6.815399646759033,9.0,0.0,0.0,0.0,0.0,0.0,0.0,0.0,0.0,0.03,0,0,0,0,0,0,0,0,0,0,0,0,0,0,0,0,0,0,0,0,0
6.816616535186768,9.0,0.0,0.0,0.0,0.0,0.0,0.0,0.0,0.0,0.03,0,0,0,0,0,0,0,0,0,0,0,0,0,0,0,0,0,0,0,0,0
6.817914247512817,9.0,0.0,0.0,0.0,0.0,0.0,0.0,0.0,0.0,0.03,0,0,0,0,0,0,0,0,0,0,0,0,0,0,0,0,0,0,0,0,0
6.819736957550049,9.0,0.0,0.0,0.0,0.0,0.0,0.0,0.0,0.0,0.03,0,0,0,0,0,0,0,0,0,0,0,0,0,0,0,0,0,0,0,0,0
6.820932865142822,9.0,0.0,0.0,0.0,0.0,0.0,0.0,0.0,0.0,0.03,0,0,0,0,0,0,0,0,0,0,0,0,0,0,0,0,0,0,0,0,0
6.822855710983276,9.0,0.0,0.0,0.0,0.0,0.0,0.0,0.0,0.0,0.03,0,0,0,0,0,0,0,0,0,0,0,0,0,0,0,0,0,0,0,0,0
6.824064493179321,9.0,0.0,0.0,0.0,0.0,0.0,0.0,0.0,0.0,0.03,0,0,0,0,0,0,0,0,0,0,0,0,0,0,0,0,0,0,0,0,0
6.827523708343506,9.0,0.0,0.0,0.0,0.0,0.0,0.0,0.0,0.0,0.03,0,0,0,0,0,0,0,0,0,0,0,0,0,0,0,0,0,0,0,0,0
6.828986883163452,9.0,0.0,0.0,0.0,0.0,0.0,0.0,0.0,0.0,0.03,0,0,0,0,0,0,0,0,0,0,0,0,0,0,0,0,0,0,0,0,0
6.83008074760437,9.0,0.0,0.0,0.0,0.0,0.0,0.0,0.0,0.0,0.03,0,0,0,0,0,0,0,0,0,0,0,0,0,0,0,0,0,0,0,0,0
6.831525087356567,9.0,0.0,0.0,0.0,0.0,0.0,0.0,0.0,0.0,0.03,0,0,0,0,0,0,0,0,0,0,0,0,0,0,0,0,0,0,0,0,0
6.832654714584351,9.0,0.0,0.0,0.0,0.0,0.0,0.0,0.0,0.0,0.03,0,0,0,0,0,0,0,0,0,0,0,0,0,0,0,0,0,0,0,0,0
6.834447622299194,9.0,0.0,0.0,0.0,0.0,0.0,0.0,0.0,0.0,0.03,0,0,0,0,0,0,0,0,0,0,0,0,0,0,0,0,0,0,0,0,0
6.835572719573975,9.0,0.0,0.0,0.0,0.0,0.0,0.0,0.0,0.0,0.03,0,0,0,0,0,0,0,0,0,0,0,0,0,0,0,0,0,0,0,0,0
6.8372814655303955,9.0,0.0,0.0,0.0,0.0,0.0,0.0,0.0,0.0,0.03,0,0,0,0,0,0,0,0,0,0,0,0,0,0,0,0,0,0,0,0,0
6.838862180709839,9.0,0.0,0.0,0.0,0.0,0.0,0.0,0.0,0.0,0.03,0,0,0,0,0,0,0,0,0,0,0,0,0,0,0,0,0,0,0,0,0
6.839998245239258,9.0,0.0,0.0,0.0,0.0,0.0,0.0,0.0,0.0,0.03,0,0,0,0,0,0,0,0,0,0,0,0,0,0,0,0,0,0,0,0,0
6.84121298789978,9.0,0.0,0.0,0.0,0.0,0.0,0.0,0.0,0.0,0.03,0,0,0,0,0,0,0,0,0,0,0,0,0,0,0,0,0,0,0,0,0
6.842382431030273,9.0,0.0,0.0,0.0,0.0,0.0,0.0,0.0,0.0,0.03,0,0,0,0,0,0,0,0,0,0,0,0,0,0,0,0,0,0,0,0,0
6.843467950820923,9.0,0.0,0.0,0.0,0.0,0.0,0.0,0.0,0.0,0.03,0,0,0,0,0,0,0,0,0,0,0,0,0,0,0,0,0,0,0,0,0
6.844558238983154,9.0,0.0,0.0,0.0,0.0,0.0,0.0,0.0,0.0,0.03,0,0,0,0,0,0,0,0,0,0,0,0,0,0,0,0,0,0,0,0,0
6.846002817153931,9.0,0.0,0.0,0.0,0.0,0.0,0.0,0.0,0.0,0.03,0,0,0,0,0,0,0,0,0,0,0,0,0,0,0,0,0,0,0,0,0
6.847736120223999,9.0,0.0,0.0,0.0,0.0,0.0,0.0,0.0,0.0,0.03,0,0,0,0,0,0,0,0,0,0,0,0,0,0,0,0,0,0,0,0,0
6.849329233169556,9.0,0.0,0.0,0.0,0.0,0.0,0.0,0.0,0.0,0.03,0,0,0,0,0,0,0,0,0,0,0,0,0,0,0,0,0,0,0,0,0
6.850904703140259,9.0,0.0,0.0,0.0,0.0,0.0,0.0,0.0,0.0,0.03,0,0,0,0,0,0,0,0,0,0,0,0,0,0,0,0,0,0,0,0,0
6.852169036865234,9.0,0.0,0.0,0.0,0.0,0.0,0.0,0.0,0.0,0.03,0,0,0,0,0,0,0,0,0,0,0,0,0,0,0,0,0,0,0,0,0
6.85327410697937,9.0,0.0,0.0,0.0,0.0,0.0,0.0,0.0,0.0,0.03,0,0,0,0,0,0,0,0,0,0,0,0,0,0,0,0,0,0,0,0,0
6.854740142822266,9.0,0.0,0.0,0.0,0.0,0.0,0.0,0.0,0.0,0.03,0,0,0,0,0,0,0,0,0,0,0,0,0,0,0,0,0,0,0,0,0
6.856625318527222,9.0,0.0,0.0,0.0,0.0,0.0,0.0,0.0,0.0,0.03,0,0,0,0,0,0,0,0,0,0,0,0,0,0,0,0,0,0,0,0,0
6.857734441757202,9.0,0.0,0.0,0.0,0.0,0.0,0.0,0.0,0.0,0.03,0,0,0,0,0,0,0,0,0,0,0,0,0,0,0,0,0,0,0,0,0
6.858884334564209,9.0,0.0,0.0,0.0,0.0,0.0,0.0,0.0,0.0,0.03,0,0,0,0,0,0,0,0,0,0,0,0,0,0,0,0,0,0,0,0,0
6.860098361968994,9.0,0.0,0.0,0.0,0.0,0.0,0.0,0.0,0.0,0.03,0,0,0,0,0,0,0,0,0,0,0,0,0,0,0,0,0,0,0,0,0
6.8612658977508545,9.0,0.0,0.0,0.0,0.0,0.0,0.0,0.0,0.0,0.03,0,0,0,0,0,0,0,0,0,0,0,0,0,0,0,0,0,0,0,0,0
6.862414598464966,9.0,0.0,0.0,0.0,0.0,0.0,0.0,0.0,0.0,0.03,0,0,0,0,0,0,0,0,0,0,0,0,0,0,0,0,0,0,0,0,0
6.863507032394409,9.0,0.0,0.0,0.0,0.0,0.0,0.0,0.0,0.0,0.03,0,0,0,0,0,0,0,0,0,0,0,0,0,0,0,0,0,0,0,0,0
6.864753246307373,9.0,0.0,0.0,0.0,0.0,0.0,0.0,0.0,0.0,0.03,0,0,0,0,0,0,0,0,0,0,0,0,0,0,0,0,0,0,0,0,0
6.865860939025879,9.0,0.0,0.0,0.0,0.0,0.0,0.0,0.0,0.0,0.03,0,0,0,0,0,0,0,0,0,0,0,0,0,0,0,0,0,0,0,0,0
6.867971897125244,9.0,0.0,0.0,0.0,0.0,0.0,0.0,0.0,0.0,0.03,0,0,0,0,0,0,0,0,0,0,0,0,0,0,0,0,0,0,0,0,0
6.869392395019531,9.0,0.0,0.0,0.0,0.0,0.0,0.0,0.0,0.0,0.03,0,0,0,0,0,0,0,0,0,0,0,0,0,0,0,0,0,0,0,0,0
6.870607852935791,9.0,0.0,0.0,0.0,0.0,0.0,0.0,0.0,0.0,0.03,0,0,0,0,0,0,0,0,0,0,0,0,0,0,0,0,0,0,0,0,0
6.871908903121948,9.0,0.0,0.0,0.0,0.0,0.0,0.0,0.0,0.0,0.03,0,0,0,0,0,0,0,0,0,0,0,0,0,0,0,0,0,0,0,0,0
6.873106956481934,9.0,0.0,0.0,0.0,0.0,0.0,0.0,0.0,0.0,0.03,0,0,0,0,0,0,0,0,0,0,0,0,0,0,0,0,0,0,0,0,0
6.876026391983032,9.0,0.0,0.0,0.0,0.0,0.0,0.0,0.0,0.0,0.03,0,0,0,0,0,0,0,0,0,0,0,0,0,0,0,0,0,0,0,0,0
6.8772971630096436,9.0,0.0,0.0,0.0,0.0,0.0,0.0,0.0,0.0,0.03,0,0,0,0,0,0,0,0,0,0,0,0,0,0,0,0,0,0,0,0,0
6.878676652908325,9.0,0.0,0.0,0.0,0.0,0.0,0.0,0.0,0.0,0.03,0,0,0,0,0,0,0,0,0,0,0,0,0,0,0,0,0,0,0,0,0
6.880358457565308,9.0,0.0,0.0,0.0,0.0,0.0,0.0,0.0,0.0,0.03,0,0,0,0,0,0,0,0,0,0,0,0,0,0,0,0,0,0,0,0,0
6.88174843788147,9.0,0.0,0.0,0.0,0.0,0.0,0.0,0.0,0.0,0.03,0,0,0,0,0,0,0,0,0,0,0,0,0,0,0,0,0,0,0,0,0
6.885275602340698,9.0,0.0,0.0,0.0,0.0,0.0,0.0,0.0,0.0,0.03,0,0,0,0,0,0,0,0,0,0,0,0,0,0,0,0,0,0,0,0,0
6.886521577835083,9.0,0.0,0.0,0.0,0.0,0.0,0.0,0.0,0.0,0.03,0,0,0,0,0,0,0,0,0,0,0,0,0,0,0,0,0,0,0,0,0
6.889167070388794,9.0,0.0,0.0,0.0,0.0,0.0,0.0,0.0,0.0,0.03,0,0,0,0,0,0,0,0,0,0,0,0,0,0,0,0,0,0,0,0,0
6.890927314758301,9.0,0.0,0.0,0.0,0.0,0.0,0.0,0.0,0.0,0.03,0,0,0,0,0,0,0,0,0,0,0,0,0,0,0,0,0,0,0,0,0
6.892787218093872,9.0,0.0,0.0,0.0,0.0,0.0,0.0,0.0,0.0,0.03,0,0,0,0,0,0,0,0,0,0,0,0,0,0,0,0,0,0,0,0,0
6.894182205200195,9.0,0.0,0.0,0.0,0.0,0.0,0.0,0.0,0.0,0.03,0,0,0,0,0,0,0,0,0,0,0,0,0,0,0,0,0,0,0,0,0
6.89545202255249,9.0,0.0,0.0,0.0,0.0,0.0,0.0,0.0,0.0,0.03,0,0,0,0,0,0,0,0,0,0,0,0,0,0,0,0,0,0,0,0,0
6.896530866622925,9.0,0.0,0.0,0.0,0.0,0.0,0.0,0.0,0.0,0.03,0,0,0,0,0,0,0,0,0,0,0,0,0,0,0,0,0,0,0,0,0
6.89778470993042,9.0,0.0,0.0,0.0,0.0,0.0,0.0,0.0,0.0,0.03,0,0,0,0,0,0,0,0,0,0,0,0,0,0,0,0,0,0,0,0,0
6.899116516113281,9.0,0.0,0.0,0.0,0.0,0.0,0.0,0.0,0.0,0.03,0,0,0,0,0,0,0,0,0,0,0,0,0,0,0,0,0,0,0,0,0
6.900476932525635,9.0,0.0,0.0,0.0,0.0,0.0,0.0,0.0,0.0,0.03,0,0,0,0,0,0,0,0,0,0,0,0,0,0,0,0,0,0,0,0,0
6.902021884918213,9.0,0.0,0.0,0.0,0.0,0.0,0.0,0.0,0.0,0.03,0,0,0,0,0,0,0,0,0,0,0,0,0,0,0,0,0,0,0,0,0
6.903130292892456,9.0,0.0,0.0,0.0,0.0,0.0,0.0,0.0,0.0,0.03,0,0,0,0,0,0,0,0,0,0,0,0,0,0,0,0,0,0,0,0,0
6.904387712478638,9.0,0.0,0.0,0.0,0.0,0.0,0.0,0.0,0.0,0.03,0,0,0,0,0,0,0,0,0,0,0,0,0,0,0,0,0,0,0,0,0
6.905473709106445,9.0,0.0,0.0,0.0,0.0,0.0,0.0,0.0,0.0,0.03,0,0,0,0,0,0,0,0,0,0,0,0,0,0,0,0,0,0,0,0,0
6.9065916538238525,9.0,0.0,0.0,0.0,0.0,0.0,0.0,0.0,0.0,0.03,0,0,0,0,0,0,0,0,0,0,0,0,0,0,0,0,0,0,0,0,0
6.907758712768555,9.0,0.0,0.0,0.0,0.0,0.0,0.0,0.0,0.0,0.03,0,0,0,0,0,0,0,0,0,0,0,0,0,0,0,0,0,0,0,0,0
6.909013032913208,9.0,0.0,0.0,0.0,0.0,0.0,0.0,0.0,0.0,0.03,0,0,0,0,0,0,0,0,0,0,0,0,0,0,0,0,0,0,0,0,0
6.910075426101685,9.0,0.0,0.0,0.0,0.0,0.0,0.0,0.0,0.0,0.03,0,0,0,0,0,0,0,0,0,0,0,0,0,0,0,0,0,0,0,0,0
6.911164283752441,9.0,0.0,0.0,0.0,0.0,0.0,0.0,0.0,0.0,0.03,0,0,0,0,0,0,0,0,0,0,0,0,0,0,0,0,0,0,0,0,0
6.912362813949585,9.0,0.0,0.0,0.0,0.0,0.0,0.0,0.0,0.0,0.03,0,0,0,0,0,0,0,0,0,0,0,0,0,0,0,0,0,0,0,0,0
6.913465261459351,9.0,0.0,0.0,0.0,0.0,0.0,0.0,0.0,0.0,0.03,0,0,0,0,0,0,0,0,0,0,0,0,0,0,0,0,0,0,0,0,0
6.916303396224976,9.0,0.0,0.0,0.0,0.0,0.0,0.0,0.0,0.0,0.03,0,0,0,0,0,0,0,0,0,0,0,0,0,0,0,0,0,0,0,0,0
6.917881965637207,9.0,0.0,0.0,0.0,0.0,0.0,0.0,0.0,0.0,0.03,0,0,0,0,0,0,0,0,0,0,0,0,0,0,0,0,0,0,0,0,0
6.919265031814575,9.0,0.0,0.0,0.0,0.0,0.0,0.0,0.0,0.0,0.03,0,0,0,0,0,0,0,0,0,0,0,0,0,0,0,0,0,0,0,0,0
6.920731067657471,9.0,0.0,0.0,0.0,0.0,0.0,0.0,0.0,0.0,0.03,0,0,0,0,0,0,0,0,0,0,0,0,0,0,0,0,0,0,0,0,0
6.921993255615234,9.0,0.0,0.0,0.0,0.0,0.0,0.0,0.0,0.0,0.03,0,0,0,0,0,0,0,0,0,0,0,0,0,0,0,0,0,0,0,0,0
6.923330783843994,9.0,0.0,0.0,0.0,0.0,0.0,0.0,0.0,0.0,0.03,0,0,0,0,0,0,0,0,0,0,0,0,0,0,0,0,0,0,0,0,0
6.92455792427063,9.0,0.0,0.0,0.0,0.0,0.0,0.0,0.0,0.0,0.03,0,0,0,0,0,0,0,0,0,0,0,0,0,0,0,0,0,0,0,0,0
6.925752639770508,9.0,0.0,0.0,0.0,0.0,0.0,0.0,0.0,0.0,0.03,0,0,0,0,0,0,0,0,0,0,0,0,0,0,0,0,0,0,0,0,0
6.926854133605957,9.0,0.0,0.0,0.0,0.0,0.0,0.0,0.0,0.0,0.03,0,0,0,0,0,0,0,0,0,0,0,0,0,0,0,0,0,0,0,0,0
6.928062438964844,9.0,0.0,0.0,0.0,0.0,0.0,0.0,0.0,0.0,0.03,0,0,0,0,0,0,0,0,0,0,0,0,0,0,0,0,0,0,0,0,0
6.92921781539917,9.0,0.0,0.0,0.0,0.0,0.0,0.0,0.0,0.0,0.03,0,0,0,0,0,0,0,0,0,0,0,0,0,0,0,0,0,0,0,0,0
6.930342197418213,9.0,0.0,0.0,0.0,0.0,0.0,0.0,0.0,0.0,0.03,0,0,0,0,0,0,0,0,0,0,0,0,0,0,0,0,0,0,0,0,0
6.931582450866699,9.0,0.0,0.0,0.0,0.0,0.0,0.0,0.0,0.0,0.03,0,0,0,0,0,0,0,0,0,0,0,0,0,0,0,0,0,0,0,0,0
6.93308424949646,9.0,0.0,0.0,0.0,0.0,0.0,0.0,0.0,0.0,0.03,0,0,0,0,0,0,0,0,0,0,0,0,0,0,0,0,0,0,0,0,0
6.93436861038208,9.0,0.0,0.0,0.0,0.0,0.0,0.0,0.0,0.0,0.03,0,0,0,0,0,0,0,0,0,0,0,0,0,0,0,0,0,0,0,0,0
6.935925722122192,9.0,0.0,0.0,0.0,0.0,0.0,0.0,0.0,0.0,0.03,0,0,0,0,0,0,0,0,0,0,0,0,0,0,0,0,0,0,0,0,0
6.937218904495239,9.0,0.0,0.0,0.0,0.0,0.0,0.0,0.0,0.0,0.03,0,0,0,0,0,0,0,0,0,0,0,0,0,0,0,0,0,0,0,0,0
6.938821077346802,9.0,0.0,0.0,0.0,0.0,0.0,0.0,0.0,0.0,0.03,0,0,0,0,0,0,0,0,0,0,0,0,0,0,0,0,0,0,0,0,0
6.9406328201293945,9.0,0.0,0.0,0.0,0.0,0.0,0.0,0.0,0.0,0.03,0,0,0,0,0,0,0,0,0,0,0,0,0,0,0,0,0,0,0,0,0
6.9418323040008545,9.0,0.0,0.0,0.0,0.0,0.0,0.0,0.0,0.0,0.03,0,0,0,0,0,0,0,0,0,0,0,0,0,0,0,0,0,0,0,0,0
6.943353176116943,9.0,0.0,0.0,0.0,0.0,0.0,0.0,0.0,0.0,0.03,0,0,0,0,0,0,0,0,0,0,0,0,0,0,0,0,0,0,0,0,0
6.944451332092285,9.0,0.0,0.0,0.0,0.0,0.0,0.0,0.0,0.0,0.03,0,0,0,0,0,0,0,0,0,0,0,0,0,0,0,0,0,0,0,0,0
6.947744131088257,9.0,0.0,0.0,0.0,0.0,0.0,0.0,0.0,0.0,0.03,0,0,0,0,0,0,0,0,0,0,0,0,0,0,0,0,0,0,0,0,0
6.948918104171753,9.0,0.0,0.0,0.0,0.0,0.0,0.0,0.0,0.0,0.03,0,0,0,0,0,0,0,0,0,0,0,0,0,0,0,0,0,0,0,0,0
6.951523780822754,9.0,0.0,0.0,0.0,0.0,0.0,0.0,0.0,0.0,0.03,0,0,0,0,0,0,0,0,0,0,0,0,0,0,0,0,0,0,0,0,0
6.953219413757324,9.0,0.0,0.0,0.0,0.0,0.0,0.0,0.0,0.0,0.03,0,0,0,0,0,0,0,0,0,0,0,0,0,0,0,0,0,0,0,0,0
6.9551427364349365,9.0,0.0,0.0,0.0,0.0,0.0,0.0,0.0,0.0,0.03,0,0,0,0,0,0,0,0,0,0,0,0,0,0,0,0,0,0,0,0,0
6.95650839805603,9.0,0.0,0.0,0.0,0.0,0.0,0.0,0.0,0.0,0.03,0,0,0,0,0,0,0,0,0,0,0,0,0,0,0,0,0,0,0,0,0
6.9577741622924805,9.0,0.0,0.0,0.0,0.0,0.0,0.0,0.0,0.0,0.03,0,0,0,0,0,0,0,0,0,0,0,0,0,0,0,0,0,0,0,0,0
6.9603047370910645,9.0,0.0,0.0,0.0,0.0,0.0,0.0,0.0,0.0,0.03,0,0,0,0,0,0,0,0,0,0,0,0,0,0,0,0,0,0,0,0,0
6.961474657058716,9.0,0.0,0.0,0.0,0.0,0.0,0.0,0.0,0.0,0.03,0,0,0,0,0,0,0,0,0,0,0,0,0,0,0,0,0,0,0,0,0
6.962623357772827,9.0,0.0,0.0,0.0,0.0,0.0,0.0,0.0,0.0,0.03,0,0,0,0,0,0,0,0,0,0,0,0,0,0,0,0,0,0,0,0,0
6.964662790298462,9.0,0.0,0.0,0.0,0.0,0.0,0.0,0.0,0.0,0.03,0,0,0,0,0,0,0,0,0,0,0,0,0,0,0,0,0,0,0,0,0
6.966256380081177,9.0,0.0,0.0,0.0,0.0,0.0,0.0,0.0,0.0,0.03,0,0,0,0,0,0,0,0,0,0,0,0,0,0,0,0,0,0,0,0,0
6.967352628707886,9.0,0.0,0.0,0.0,0.0,0.0,0.0,0.0,0.0,0.03,0,0,0,0,0,0,0,0,0,0,0,0,0,0,0,0,0,0,0,0,0
6.968466281890869,9.0,0.0,0.0,0.0,0.0,0.0,0.0,0.0,0.0,0.03,0,0,0,0,0,0,0,0,0,0,0,0,0,0,0,0,0,0,0,0,0
6.969605922698975,9.0,0.0,0.0,0.0,0.0,0.0,0.0,0.0,0.0,0.03,0,0,0,0,0,0,0,0,0,0,0,0,0,0,0,0,0,0,0,0,0
6.970689058303833,9.0,0.0,0.0,0.0,0.0,0.0,0.0,0.0,0.0,0.03,0,0,0,0,0,0,0,0,0,0,0,0,0,0,0,0,0,0,0,0,0
6.971757411956787,9.0,0.0,0.0,0.0,0.0,0.0,0.0,0.0,0.0,0.03,0,0,0,0,0,0,0,0,0,0,0,0,0,0,0,0,0,0,0,0,0
6.973643064498901,9.0,0.0,0.0,0.0,0.0,0.0,0.0,0.0,0.0,0.03,0,0,0,0,0,0,0,0,0,0,0,0,0,0,0,0,0,0,0,0,0
6.975277423858643,9.0,0.0,0.0,0.0,0.0,0.0,0.0,0.0,0.0,0.03,0,0,0,0,0,0,0,0,0,0,0,0,0,0,0,0,0,0,0,0,0
6.976843357086182,9.0,0.0,0.0,0.0,0.0,0.0,0.0,0.0,0.0,0.03,0,0,0,0,0,0,0,0,0,0,0,0,0,0,0,0,0,0,0,0,0
6.978408098220825,9.0,0.0,0.0,0.0,0.0,0.0,0.0,0.0,0.0,0.03,0,0,0,0,0,0,0,0,0,0,0,0,0,0,0,0,0,0,0,0,0
6.979519844055176,9.0,0.0,0.0,0.0,0.0,0.0,0.0,0.0,0.0,0.03,0,0,0,0,0,0,0,0,0,0,0,0,0,0,0,0,0,0,0,0,0
6.980608701705933,9.0,0.0,0.0,0.0,0.0,0.0,0.0,0.0,0.0,0.03,0,0,0,0,0,0,0,0,0,0,0,0,0,0,0,0,0,0,0,0,0
6.982780694961548,9.0,0.0,0.0,0.0,0.0,0.0,0.0,0.0,0.0,0.03,0,0,0,0,0,0,0,0,0,0,0,0,0,0,0,0,0,0,0,0,0
6.984061241149902,9.0,0.0,0.0,0.0,0.0,0.0,0.0,0.0,0.0,0.03,0,0,0,0,0,0,0,0,0,0,0,0,0,0,0,0,0,0,0,0,0
6.985308647155762,9.0,0.0,0.0,0.0,0.0,0.0,0.0,0.0,0.0,0.03,0,0,0,0,0,0,0,0,0,0,0,0,0,0,0,0,0,0,0,0,0
6.986660003662109,9.0,0.0,0.0,0.0,0.0,0.0,0.0,0.0,0.0,0.03,0,0,0,0,0,0,0,0,0,0,0,0,0,0,0,0,0,0,0,0,0
6.987932443618774,9.0,0.0,0.0,0.0,0.0,0.0,0.0,0.0,0.0,0.03,0,0,0,0,0,0,0,0,0,0,0,0,0,0,0,0,0,0,0,0,0
6.989012241363525,9.0,0.0,0.0,0.0,0.0,0.0,0.0,0.0,0.0,0.03,0,0,0,0,0,0,0,0,0,0,0,0,0,0,0,0,0,0,0,0,0
6.990098476409912,9.0,0.0,0.0,0.0,0.0,0.0,0.0,0.0,0.0,0.03,0,0,0,0,0,0,0,0,0,0,0,0,0,0,0,0,0,0,0,0,0
6.99125599861145,9.0,0.0,0.0,0.0,0.0,0.0,0.0,0.0,0.0,0.03,0,0,0,0,0,0,0,0,0,0,0,0,0,0,0,0,0,0,0,0,0
6.992337703704834,9.0,0.0,0.0,0.0,0.0,0.0,0.0,0.0,0.0,0.03,0,0,0,0,0,0,0,0,0,0,0,0,0,0,0,0,0,0,0,0,0
6.993639707565308,9.0,0.0,0.0,0.0,0.0,0.0,0.0,0.0,0.0,0.03,0,0,0,0,0,0,0,0,0,0,0,0,0,0,0,0,0,0,0,0,0
6.995083332061768,9.0,0.0,0.0,0.0,0.0,0.0,0.0,0.0,0.0,0.03,0,0,0,0,0,0,0,0,0,0,0,0,0,0,0,0,0,0,0,0,0
6.996175289154053,9.0,0.0,0.0,0.0,0.0,0.0,0.0,0.0,0.0,0.03,0,0,0,0,0,0,0,0,0,0,0,0,0,0,0,0,0,0,0,0,0
6.997514009475708,9.0,0.0,0.0,0.0,0.0,0.0,0.0,0.0,0.0,0.03,0,0,0,0,0,0,0,0,0,0,0,0,0,0,0,0,0,0,0,0,0
6.998626470565796,9.0,0.0,0.0,0.0,0.0,0.0,0.0,0.0,0.0,0.03,0,0,0,0,0,0,0,0,0,0,0,0,0,0,0,0,0,0,0,0,0
6.999871253967285,9.0,0.0,0.0,0.0,0.0,0.0,0.0,0.0,0.0,0.03,0,0,0,0,0,0,0,0,0,0,0,0,0,0,0,0,0,0,0,0,0
7.001492500305176,9.0,0.0,0.0,0.0,0.0,0.0,0.0,0.0,0.0,0.03,0,0,0,0,0,0,0,0,0,0,0,0,0,0,0,0,0,0,0,0,0
7.002780199050903,9.0,0.0,0.0,0.0,0.0,0.0,0.0,0.0,0.0,0.03,0,0,0,0,0,0,0,0,0,0,0,0,0,0,0,0,0,0,0,0,0
7.003885984420776,9.0,0.0,0.0,0.0,0.0,0.0,0.0,0.0,0.0,0.03,0,0,0,0,0,0,0,0,0,0,0,0,0,0,0,0,0,0,0,0,0
7.005388021469116,9.0,0.0,0.0,0.0,0.0,0.0,0.0,0.0,0.0,0.03,0,0,0,0,0,0,0,0,0,0,0,0,0,0,0,0,0,0,0,0,0
7.006603717803955,9.0,0.0,0.0,0.0,0.0,0.0,0.0,0.0,0.0,0.03,0,0,0,0,0,0,0,0,0,0,0,0,0,0,0,0,0,0,0,0,0
7.010101318359375,9.0,0.0,0.0,0.0,0.0,0.0,0.0,0.0,0.0,0.03,0,0,0,0,0,0,0,0,0,0,0,0,0,0,0,0,0,0,0,0,0
7.0113091468811035,9.0,0.0,0.0,0.0,0.0,0.0,0.0,0.0,0.0,0.03,0,0,0,0,0,0,0,0,0,0,0,0,0,0,0,0,0,0,0,0,0
7.0140464305877686,9.0,0.0,0.0,0.0,0.0,0.0,0.0,0.0,0.0,0.03,0,0,0,0,0,0,0,0,0,0,0,0,0,0,0,0,0,0,0,0,0
7.01668381690979,9.0,0.0,0.0,0.0,0.0,0.0,0.0,0.0,0.0,0.03,0,0,0,0,0,0,0,0,0,0,0,0,0,0,0,0,0,0,0,0,0
7.018178939819336,9.0,0.0,0.0,0.0,0.0,0.0,0.0,0.0,0.0,0.03,0,0,0,0,0,0,0,0,0,0,0,0,0,0,0,0,0,0,0,0,0
7.0194056034088135,9.0,0.0,0.0,0.0,0.0,0.0,0.0,0.0,0.0,0.03,0,0,0,0,0,0,0,0,0,0,0,0,0,0,0,0,0,0,0,0,0
7.020655632019043,9.0,0.0,0.0,0.0,0.0,0.0,0.0,0.0,0.0,0.03,0,0,0,0,0,0,0,0,0,0,0,0,0,0,0,0,0,0,0,0,0
7.021881818771362,9.0,0.0,0.0,0.0,0.0,0.0,0.0,0.0,0.0,0.03,0,0,0,0,0,0,0,0,0,0,0,0,0,0,0,0,0,0,0,0,0
7.023358345031738,9.0,0.0,0.0,0.0,0.0,0.0,0.0,0.0,0.0,0.03,0,0,0,0,0,0,0,0,0,0,0,0,0,0,0,0,0,0,0,0,0
7.0246195793151855,9.0,0.0,0.0,0.0,0.0,0.0,0.0,0.0,0.0,0.03,0,0,0,0,0,0,0,0,0,0,0,0,0,0,0,0,0,0,0,0,0
7.026832342147827,9.0,0.0,0.0,0.0,0.0,0.0,0.0,0.0,0.0,0.03,0,0,0,0,0,0,0,0,0,0,0,0,0,0,0,0,0,0,0,0,0
7.028461694717407,9.0,0.0,0.0,0.0,0.0,0.0,0.0,0.0,0.0,0.03,0,0,0,0,0,0,0,0,0,0,0,0,0,0,0,0,0,0,0,0,0
7.029541730880737,9.0,0.0,0.0,0.0,0.0,0.0,0.0,0.0,0.0,0.03,0,0,0,0,0,0,0,0,0,0,0,0,0,0,0,0,0,0,0,0,0
7.03065299987793,9.0,0.0,0.0,0.0,0.0,0.0,0.0,0.0,0.0,0.03,0,0,0,0,0,0,0,0,0,0,0,0,0,0,0,0,0,0,0,0,0
7.031874895095825,9.0,0.0,0.0,0.0,0.0,0.0,0.0,0.0,0.0,0.03,0,0,0,0,0,0,0,0,0,0,0,0,0,0,0,0,0,0,0,0,0
7.032971143722534,9.0,0.0,0.0,0.0,0.0,0.0,0.0,0.0,0.0,0.03,0,0,0,0,0,0,0,0,0,0,0,0,0,0,0,0,0,0,0,0,0
7.034034252166748,9.0,0.0,0.0,0.0,0.0,0.0,0.0,0.0,0.0,0.03,0,0,0,0,0,0,0,0,0,0,0,0,0,0,0,0,0,0,0,0,0
7.035156965255737,9.0,0.0,0.0,0.0,0.0,0.0,0.0,0.0,0.0,0.03,0,0,0,0,0,0,0,0,0,0,0,0,0,0,0,0,0,0,0,0,0
7.036850452423096,9.0,0.0,0.0,0.0,0.0,0.0,0.0,0.0,0.0,0.03,0,0,0,0,0,0,0,0,0,0,0,0,0,0,0,0,0,0,0,0,0
7.040313005447388,9.0,0.0,0.0,0.0,0.0,0.0,0.0,0.0,0.0,0.03,0,0,0,0,0,0,0,0,0,0,0,0,0,0,0,0,0,0,0,0,0
7.041475057601929,9.0,0.0,0.0,0.0,0.0,0.0,0.0,0.0,0.0,0.03,0,0,0,0,0,0,0,0,0,0,0,0,0,0,0,0,0,0,0,0,0
7.042886257171631,9.0,0.0,0.0,0.0,0.0,0.0,0.0,0.0,0.0,0.03,0,0,0,0,0,0,0,0,0,0,0,0,0,0,0,0,0,0,0,0,0
7.045051574707031,9.0,0.0,0.0,0.0,0.0,0.0,0.0,0.0,0.0,0.03,0,0,0,0,0,0,0,0,0,0,0,0,0,0,0,0,0,0,0,0,0
7.046335697174072,9.0,0.0,0.0,0.0,0.0,0.0,0.0,0.0,0.0,0.03,0,0,0,0,0,0,0,0,0,0,0,0,0,0,0,0,0,0,0,0,0
7.047605991363525,9.0,0.0,0.0,0.0,0.0,0.0,0.0,0.0,0.0,0.03,0,0,0,0,0,0,0,0,0,0,0,0,0,0,0,0,0,0,0,0,0
7.049100875854492,9.0,0.0,0.0,0.0,0.0,0.0,0.0,0.0,0.0,0.03,0,0,0,0,0,0,0,0,0,0,0,0,0,0,0,0,0,0,0,0,0
7.050185680389404,9.0,0.0,0.0,0.0,0.0,0.0,0.0,0.0,0.0,0.03,0,0,0,0,0,0,0,0,0,0,0,0,0,0,0,0,0,0,0,0,0
7.0513105392456055,9.0,0.0,0.0,0.0,0.0,0.0,0.0,0.0,0.0,0.03,0,0,0,0,0,0,0,0,0,0,0,0,0,0,0,0,0,0,0,0,0
7.052434206008911,9.0,0.0,0.0,0.0,0.0,0.0,0.0,0.0,0.0,0.03,0,0,0,0,0,0,0,0,0,0,0,0,0,0,0,0,0,0,0,0,0
7.053562164306641,9.0,0.0,0.0,0.0,0.0,0.0,0.0,0.0,0.0,0.03,0,0,0,0,0,0,0,0,0,0,0,0,0,0,0,0,0,0,0,0,0
7.05463719367981,9.0,0.0,0.0,0.0,0.0,0.0,0.0,0.0,0.0,0.03,0,0,0,0,0,0,0,0,0,0,0,0,0,0,0,0,0,0,0,0,0
7.056297779083252,9.0,0.0,0.0,0.0,0.0,0.0,0.0,0.0,0.0,0.03,0,0,0,0,0,0,0,0,0,0,0,0,0,0,0,0,0,0,0,0,0
7.057977676391602,9.0,0.0,0.0,0.0,0.0,0.0,0.0,0.0,0.0,0.03,0,0,0,0,0,0,0,0,0,0,0,0,0,0,0,0,0,0,0,0,0
7.059276342391968,9.0,0.0,0.0,0.0,0.0,0.0,0.0,0.0,0.0,0.03,0,0,0,0,0,0,0,0,0,0,0,0,0,0,0,0,0,0,0,0,0
7.060488224029541,9.0,0.0,0.0,0.0,0.0,0.0,0.0,0.0,0.0,0.03,0,0,0,0,0,0,0,0,0,0,0,0,0,0,0,0,0,0,0,0,0
7.061641693115234,9.0,0.0,0.0,0.0,0.0,0.0,0.0,0.0,0.0,0.03,0,0,0,0,0,0,0,0,0,0,0,0,0,0,0,0,0,0,0,0,0
7.062833070755005,9.0,0.0,0.0,0.0,0.0,0.0,0.0,0.0,0.0,0.03,0,0,0,0,0,0,0,0,0,0,0,0,0,0,0,0,0,0,0,0,0
7.06445574760437,9.0,0.0,0.0,0.0,0.0,0.0,0.0,0.0,0.0,0.03,0,0,0,0,0,0,0,0,0,0,0,0,0,0,0,0,0,0,0,0,0
7.065722227096558,9.0,0.0,0.0,0.0,0.0,0.0,0.0,0.0,0.0,0.03,0,0,0,0,0,0,0,0,0,0,0,0,0,0,0,0,0,0,0,0,0
7.06688928604126,9.0,0.0,0.0,0.0,0.0,0.0,0.0,0.0,0.0,0.03,0,0,0,0,0,0,0,0,0,0,0,0,0,0,0,0,0,0,0,0,0
7.067970037460327,9.0,0.0,0.0,0.0,0.0,0.0,0.0,0.0,0.0,0.03,0,0,0,0,0,0,0,0,0,0,0,0,0,0,0,0,0,0,0,0,0
7.069441318511963,9.0,0.0,0.0,0.0,0.0,0.0,0.0,0.0,0.0,0.03,0,0,0,0,0,0,0,0,0,0,0,0,0,0,0,0,0,0,0,0,0
7.070520639419556,9.0,0.0,0.0,0.0,0.0,0.0,0.0,0.0,0.0,0.03,0,0,0,0,0,0,0,0,0,0,0,0,0,0,0,0,0,0,0,0,0
7.072071075439453,9.0,0.0,0.0,0.0,0.0,0.0,0.0,0.0,0.0,0.03,0,0,0,0,0,0,0,0,0,0,0,0,0,0,0,0,0,0,0,0,0
7.073695182800293,9.0,0.0,0.0,0.0,0.0,0.0,0.0,0.0,0.0,0.03,0,0,0,0,0,0,0,0,0,0,0,0,0,0,0,0,0,0,0,0,0
7.075244426727295,9.0,0.0,0.0,0.0,0.0,0.0,0.0,0.0,0.0,0.03,0,0,0,0,0,0,0,0,0,0,0,0,0,0,0,0,0,0,0,0,0
7.077049255371094,9.0,0.0,0.0,0.0,0.0,0.0,0.0,0.0,0.0,0.03,0,0,0,0,0,0,0,0,0,0,0,0,0,0,0,0,0,0,0,0,0
7.080928325653076,9.0,0.0,0.0,0.0,0.0,0.0,0.0,0.0,0.0,0.03,0,0,0,0,0,0,0,0,0,0,0,0,0,0,0,0,0,0,0,0,0
7.08240532875061,9.0,0.0,0.0,0.0,0.0,0.0,0.0,0.0,0.0,0.03,0,0,0,0,0,0,0,0,0,0,0,0,0,0,0,0,0,0,0,0,0
7.083728313446045,9.0,0.0,0.0,0.0,0.0,0.0,0.0,0.0,0.0,0.03,0,0,0,0,0,0,0,0,0,0,0,0,0,0,0,0,0,0,0,0,0
7.08630633354187,9.0,0.0,0.0,0.0,0.0,0.0,0.0,0.0,0.0,0.03,0,0,0,0,0,0,0,0,0,0,0,0,0,0,0,0,0,0,0,0,0
7.087648391723633,9.0,0.0,0.0,0.0,0.0,0.0,0.0,0.0,0.0,0.03,0,0,0,0,0,0,0,0,0,0,0,0,0,0,0,0,0,0,0,0,0
7.088740348815918,9.0,0.0,0.0,0.0,0.0,0.0,0.0,0.0,0.0,0.03,0,0,0,0,0,0,0,0,0,0,0,0,0,0,0,0,0,0,0,0,0
7.090115785598755,9.0,0.0,0.0,0.0,0.0,0.0,0.0,0.0,0.0,0.03,0,0,0,0,0,0,0,0,0,0,0,0,0,0,0,0,0,0,0,0,0
7.091362953186035,9.0,0.0,0.0,0.0,0.0,0.0,0.0,0.0,0.0,0.03,0,0,0,0,0,0,0,0,0,0,0,0,0,0,0,0,0,0,0,0,0
7.092538833618164,9.0,0.0,0.0,0.0,0.0,0.0,0.0,0.0,0.0,0.03,0,0,0,0,0,0,0,0,0,0,0,0,0,0,0,0,0,0,0,0,0
7.09387469291687,9.0,0.0,0.0,0.0,0.0,0.0,0.0,0.0,0.0,0.03,0,0,0,0,0,0,0,0,0,0,0,0,0,0,0,0,0,0,0,0,0
7.094972372055054,9.0,0.0,0.0,0.0,0.0,0.0,0.0,0.0,0.0,0.03,0,0,0,0,0,0,0,0,0,0,0,0,0,0,0,0,0,0,0,0,0
7.096072673797607,9.0,0.0,0.0,0.0,0.0,0.0,0.0,0.0,0.0,0.03,0,0,0,0,0,0,0,0,0,0,0,0,0,0,0,0,0,0,0,0,0
7.097208023071289,9.0,0.0,0.0,0.0,0.0,0.0,0.0,0.0,0.0,0.03,0,0,0,0,0,0,0,0,0,0,0,0,0,0,0,0,0,0,0,0,0
7.098580598831177,9.0,0.0,0.0,0.0,0.0,0.0,0.0,0.0,0.0,0.03,0,0,0,0,0,0,0,0,0,0,0,0,0,0,0,0,0,0,0,0,0
7.100303649902344,9.0,0.0,0.0,0.0,0.0,0.0,0.0,0.0,0.0,0.03,0,0,0,0,0,0,0,0,0,0,0,0,0,0,0,0,0,0,0,0,0
7.101590633392334,9.0,0.0,0.0,0.0,0.0,0.0,0.0,0.0,0.0,0.03,0,0,0,0,0,0,0,0,0,0,0,0,0,0,0,0,0,0,0,0,0
7.1037867069244385,9.0,0.0,0.0,0.0,0.0,0.0,0.0,0.0,0.0,0.03,0,0,0,0,0,0,0,0,0,0,0,0,0,0,0,0,0,0,0,0,0
7.105017185211182,9.0,0.0,0.0,0.0,0.0,0.0,0.0,0.0,0.0,0.03,0,0,0,0,0,0,0,0,0,0,0,0,0,0,0,0,0,0,0,0,0
7.1060872077941895,9.0,0.0,0.0,0.0,0.0,0.0,0.0,0.0,0.0,0.03,0,0,0,0,0,0,0,0,0,0,0,0,0,0,0,0,0,0,0,0,0
7.108657598495483,9.0,0.0,0.0,0.0,0.0,0.0,0.0,0.0,0.0,0.03,0,0,0,0,0,0,0,0,0,0,0,0,0,0,0,0,0,0,0,0,0
7.10976243019104,9.0,0.0,0.0,0.0,0.0,0.0,0.0,0.0,0.0,0.03,0,0,0,0,0,0,0,0,0,0,0,0,0,0,0,0,0,0,0,0,0
7.110853672027588,9.0,0.0,0.0,0.0,0.0,0.0,0.0,0.0,0.0,0.03,0,0,0,0,0,0,0,0,0,0,0,0,0,0,0,0,0,0,0,0,0
7.112300872802734,9.0,0.0,0.0,0.0,0.0,0.0,0.0,0.0,0.0,0.03,0,0,0,0,0,0,0,0,0,0,0,0,0,0,0,0,0,0,0,0,0
7.113515138626099,9.0,0.0,0.0,0.0,0.0,0.0,0.0,0.0,0.0,0.03,0,0,0,0,0,0,0,0,0,0,0,0,0,0,0,0,0,0,0,0,0
7.114784479141235,9.0,0.0,0.0,0.0,0.0,0.0,0.0,0.0,0.0,0.03,0,0,0,0,0,0,0,0,0,0,0,0,0,0,0,0,0,0,0,0,0
7.115978240966797,9.0,0.0,0.0,0.0,0.0,0.0,0.0,0.0,0.0,0.03,0,0,0,0,0,0,0,0,0,0,0,0,0,0,0,0,0,0,0,0,0
7.117115497589111,9.0,0.0,0.0,0.0,0.0,0.0,0.0,0.0,0.0,0.03,0,0,0,0,0,0,0,0,0,0,0,0,0,0,0,0,0,0,0,0,0
7.1182496547698975,9.0,0.0,0.0,0.0,0.0,0.0,0.0,0.0,0.0,0.03,0,0,0,0,0,0,0,0,0,0,0,0,0,0,0,0,0,0,0,0,0
7.11988091468811,9.0,0.0,0.0,0.0,0.0,0.0,0.0,0.0,0.0,0.03,0,0,0,0,0,0,0,0,0,0,0,0,0,0,0,0,0,0,0,0,0
7.1212968826293945,9.0,0.0,0.0,0.0,0.0,0.0,0.0,0.0,0.0,0.03,0,0,0,0,0,0,0,0,0,0,0,0,0,0,0,0,0,0,0,0,0
7.122854709625244,9.0,0.0,0.0,0.0,0.0,0.0,0.0,0.0,0.0,0.03,0,0,0,0,0,0,0,0,0,0,0,0,0,0,0,0,0,0,0,0,0
7.124146461486816,9.0,0.0,0.0,0.0,0.0,0.0,0.0,0.0,0.0,0.03,0,0,0,0,0,0,0,0,0,0,0,0,0,0,0,0,0,0,0,0,0
7.12555718421936,9.0,0.0,0.0,0.0,0.0,0.0,0.0,0.0,0.0,0.03,0,0,0,0,0,0,0,0,0,0,0,0,0,0,0,0,0,0,0,0,0
7.127068758010864,9.0,0.0,0.0,0.0,0.0,0.0,0.0,0.0,0.0,0.03,0,0,0,0,0,0,0,0,0,0,0,0,0,0,0,0,0,0,0,0,0
7.12818169593811,9.0,0.0,0.0,0.0,0.0,0.0,0.0,0.0,0.0,0.03,0,0,0,0,0,0,0,0,0,0,0,0,0,0,0,0,0,0,0,0,0
7.129417657852173,9.0,0.0,0.0,0.0,0.0,0.0,0.0,0.0,0.0,0.03,0,0,0,0,0,0,0,0,0,0,0,0,0,0,0,0,0,0,0,0,0
7.130535364151001,9.0,0.0,0.0,0.0,0.0,0.0,0.0,0.0,0.0,0.03,0,0,0,0,0,0,0,0,0,0,0,0,0,0,0,0,0,0,0,0,0
7.131618976593018,9.0,0.0,0.0,0.0,0.0,0.0,0.0,0.0,0.0,0.03,0,0,0,0,0,0,0,0,0,0,0,0,0,0,0,0,0,0,0,0,0
7.135223865509033,9.0,0.0,0.0,0.0,0.0,0.0,0.0,0.0,0.0,0.03,0,0,0,0,0,0,0,0,0,0,0,0,0,0,0,0,0,0,0,0,0
7.136394262313843,9.0,0.0,0.0,0.0,0.0,0.0,0.0,0.0,0.0,0.03,0,0,0,0,0,0,0,0,0,0,0,0,0,0,0,0,0,0,0,0,0
7.139052867889404,9.0,0.0,0.0,0.0,0.0,0.0,0.0,0.0,0.0,0.03,0,0,0,0,0,0,0,0,0,0,0,0,0,0,0,0,0,0,0,0,0
7.140512466430664,9.0,0.0,0.0,0.0,0.0,0.0,0.0,0.0,0.0,0.03,0,0,0,0,0,0,0,0,0,0,0,0,0,0,0,0,0,0,0,0,0
7.14268946647644,9.0,0.0,0.0,0.0,0.0,0.0,0.0,0.0,0.0,0.03,0,0,0,0,0,0,0,0,0,0,0,0,0,0,0,0,0,0,0,0,0
7.144080400466919,9.0,0.0,0.0,0.0,0.0,0.0,0.0,0.0,0.0,0.03,0,0,0,0,0,0,0,0,0,0,0,0,0,0,0,0,0,0,0,0,0
7.145403146743774,9.0,0.0,0.0,0.0,0.0,0.0,0.0,0.0,0.0,0.03,0,0,0,0,0,0,0,0,0,0,0,0,0,0,0,0,0,0,0,0,0
7.146499872207642,9.0,0.0,0.0,0.0,0.0,0.0,0.0,0.0,0.0,0.03,0,0,0,0,0,0,0,0,0,0,0,0,0,0,0,0,0,0,0,0,0
7.147969484329224,9.0,0.0,0.0,0.0,0.0,0.0,0.0,0.0,0.0,0.03,0,0,0,0,0,0,0,0,0,0,0,0,0,0,0,0,0,0,0,0,0
7.1490936279296875,9.0,0.0,0.0,0.0,0.0,0.0,0.0,0.0,0.0,0.03,0,0,0,0,0,0,0,0,0,0,0,0,0,0,0,0,0,0,0,0,0
7.150407791137695,9.0,0.0,0.0,0.0,0.0,0.0,0.0,0.0,0.0,0.03,0,0,0,0,0,0,0,0,0,0,0,0,0,0,0,0,0,0,0,0,0
7.1517767906188965,9.0,0.0,0.0,0.0,0.0,0.0,0.0,0.0,0.0,0.03,0,0,0,0,0,0,0,0,0,0,0,0,0,0,0,0,0,0,0,0,0
7.153008937835693,9.0,0.0,0.0,0.0,0.0,0.0,0.0,0.0,0.0,0.03,0,0,0,0,0,0,0,0,0,0,0,0,0,0,0,0,0,0,0,0,0
7.154201984405518,9.0,0.0,0.0,0.0,0.0,0.0,0.0,0.0,0.0,0.03,0,0,0,0,0,0,0,0,0,0,0,0,0,0,0,0,0,0,0,0,0
7.155480146408081,9.0,0.0,0.0,0.0,0.0,0.0,0.0,0.0,0.0,0.03,0,0,0,0,0,0,0,0,0,0,0,0,0,0,0,0,0,0,0,0,0
7.156696081161499,9.0,0.0,0.0,0.0,0.0,0.0,0.0,0.0,0.0,0.03,0,0,0,0,0,0,0,0,0,0,0,0,0,0,0,0,0,0,0,0,0
7.157912492752075,9.0,0.0,0.0,0.0,0.0,0.0,0.0,0.0,0.0,0.03,0,0,0,0,0,0,0,0,0,0,0,0,0,0,0,0,0,0,0,0,0
7.158992290496826,9.0,0.0,0.0,0.0,0.0,0.0,0.0,0.0,0.0,0.03,0,0,0,0,0,0,0,0,0,0,0,0,0,0,0,0,0,0,0,0,0
7.1601550579071045,9.0,0.0,0.0,0.0,0.0,0.0,0.0,0.0,0.0,0.03,0,0,0,0,0,0,0,0,0,0,0,0,0,0,0,0,0,0,0,0,0
7.1626293659210205,9.0,0.0,0.0,0.0,0.0,0.0,0.0,0.0,0.0,0.03,0,0,0,0,0,0,0,0,0,0,0,0,0,0,0,0,0,0,0,0,0
7.165724515914917,9.0,0.0,0.0,0.0,0.0,0.0,0.0,0.0,0.0,0.03,0,0,0,0,0,0,0,0,0,0,0,0,0,0,0,0,0,0,0,0,0
7.1668055057525635,9.0,0.0,0.0,0.0,0.0,0.0,0.0,0.0,0.0,0.03,0,0,0,0,0,0,0,0,0,0,0,0,0,0,0,0,0,0,0,0,0
7.1678948402404785,9.0,0.0,0.0,0.0,0.0,0.0,0.0,0.0,0.0,0.03,0,0,0,0,0,0,0,0,0,0,0,0,0,0,0,0,0,0,0,0,0
7.170019865036011,9.0,0.0,0.0,0.0,0.0,0.0,0.0,0.0,0.0,0.03,0,0,0,0,0,0,0,0,0,0,0,0,0,0,0,0,0,0,0,0,0
7.171260118484497,9.0,0.0,0.0,0.0,0.0,0.0,0.0,0.0,0.0,0.03,0,0,0,0,0,0,0,0,0,0,0,0,0,0,0,0,0,0,0,0,0
7.1724817752838135,9.0,0.0,0.0,0.0,0.0,0.0,0.0,0.0,0.0,0.03,0,0,0,0,0,0,0,0,0,0,0,0,0,0,0,0,0,0,0,0,0
7.17401909828186,9.0,0.0,0.0,0.0,0.0,0.0,0.0,0.0,0.0,0.03,0,0,0,0,0,0,0,0,0,0,0,0,0,0,0,0,0,0,0,0,0
7.175146102905273,9.0,0.0,0.0,0.0,0.0,0.0,0.0,0.0,0.0,0.03,0,0,0,0,0,0,0,0,0,0,0,0,0,0,0,0,0,0,0,0,0
7.1762049198150635,9.0,0.0,0.0,0.0,0.0,0.0,0.0,0.0,0.0,0.03,0,0,0,0,0,0,0,0,0,0,0,0,0,0,0,0,0,0,0,0,0
7.177329778671265,9.0,0.0,0.0,0.0,0.0,0.0,0.0,0.0,0.0,0.03,0,0,0,0,0,0,0,0,0,0,0,0,0,0,0,0,0,0,0,0,0
7.178468227386475,9.0,0.0,0.0,0.0,0.0,0.0,0.0,0.0,0.0,0.03,0,0,0,0,0,0,0,0,0,0,0,0,0,0,0,0,0,0,0,0,0
7.179548978805542,9.0,0.0,0.0,0.0,0.0,0.0,0.0,0.0,0.0,0.03,0,0,0,0,0,0,0,0,0,0,0,0,0,0,0,0,0,0,0,0,0
7.180782318115234,9.0,0.0,0.0,0.0,0.0,0.0,0.0,0.0,0.0,0.03,0,0,0,0,0,0,0,0,0,0,0,0,0,0,0,0,0,0,0,0,0
7.181987762451172,9.0,0.0,0.0,0.0,0.0,0.0,0.0,0.0,0.0,0.03,0,0,0,0,0,0,0,0,0,0,0,0,0,0,0,0,0,0,0,0,0
7.183118581771851,9.0,0.0,0.0,0.0,0.0,0.0,0.0,0.0,0.0,0.03,0,0,0,0,0,0,0,0,0,0,0,0,0,0,0,0,0,0,0,0,0
7.184653282165527,9.0,0.0,0.0,0.0,0.0,0.0,0.0,0.0,0.0,0.03,0,0,0,0,0,0,0,0,0,0,0,0,0,0,0,0,0,0,0,0,0
7.18610954284668,9.0,0.0,0.0,0.0,0.0,0.0,0.0,0.0,0.0,0.03,0,0,0,0,0,0,0,0,0,0,0,0,0,0,0,0,0,0,0,0,0
7.187978267669678,9.0,0.0,0.0,0.0,0.0,0.0,0.0,0.0,0.0,0.03,0,0,0,0,0,0,0,0,0,0,0,0,0,0,0,0,0,0,0,0,0
7.189103126525879,9.0,0.0,0.0,0.0,0.0,0.0,0.0,0.0,0.0,0.03,0,0,0,0,0,0,0,0,0,0,0,0,0,0,0,0,0,0,0,0,0
7.190360069274902,9.0,0.0,0.0,0.0,0.0,0.0,0.0,0.0,0.0,0.03,0,0,0,0,0,0,0,0,0,0,0,0,0,0,0,0,0,0,0,0,0
7.191829442977905,9.0,0.0,0.0,0.0,0.0,0.0,0.0,0.0,0.0,0.03,0,0,0,0,0,0,0,0,0,0,0,0,0,0,0,0,0,0,0,0,0
7.192936182022095,9.0,0.0,0.0,0.0,0.0,0.0,0.0,0.0,0.0,0.03,0,0,0,0,0,0,0,0,0,0,0,0,0,0,0,0,0,0,0,0,0
7.1960859298706055,9.0,0.0,0.0,0.0,0.0,0.0,0.0,0.0,0.0,0.03,0,0,0,0,0,0,0,0,0,0,0,0,0,0,0,0,0,0,0,0,0
7.197254419326782,9.0,0.0,0.0,0.0,0.0,0.0,0.0,0.0,0.0,0.03,0,0,0,0,0,0,0,0,0,0,0,0,0,0,0,0,0,0,0,0,0
7.199899911880493,9.0,0.0,0.0,0.0,0.0,0.0,0.0,0.0,0.0,0.03,0,0,0,0,0,0,0,0,0,0,0,0,0,0,0,0,0,0,0,0,0
7.201073884963989,9.0,0.0,0.0,0.0,0.0,0.0,0.0,0.0,0.0,0.03,0,0,0,0,0,0,0,0,0,0,0,0,0,0,0,0,0,0,0,0,0
7.202458143234253,9.0,0.0,0.0,0.0,0.0,0.0,0.0,0.0,0.0,0.03,0,0,0,0,0,0,0,0,0,0,0,0,0,0,0,0,0,0,0,0,0
7.204102516174316,9.0,0.0,0.0,0.0,0.0,0.0,0.0,0.0,0.0,0.03,0,0,0,0,0,0,0,0,0,0,0,0,0,0,0,0,0,0,0,0,0
7.205461025238037,9.0,0.0,0.0,0.0,0.0,0.0,0.0,0.0,0.0,0.03,0,0,0,0,0,0,0,0,0,0,0,0,0,0,0,0,0,0,0,0,0
7.2068727016448975,9.0,0.0,0.0,0.0,0.0,0.0,0.0,0.0,0.0,0.03,0,0,0,0,0,0,0,0,0,0,0,0,0,0,0,0,0,0,0,0,0
7.209133148193359,9.0,0.0,0.0,0.0,0.0,0.0,0.0,0.0,0.0,0.03,0,0,0,0,0,0,0,0,0,0,0,0,0,0,0,0,0,0,0,0,0
7.210873126983643,9.0,0.0,0.0,0.0,0.0,0.0,0.0,0.0,0.0,0.03,0,0,0,0,0,0,0,0,0,0,0,0,0,0,0,0,0,0,0,0,0
7.212101459503174,9.0,0.0,0.0,0.0,0.0,0.0,0.0,0.0,0.0,0.03,0,0,0,0,0,0,0,0,0,0,0,0,0,0,0,0,0,0,0,0,0
7.213932037353516,9.0,0.0,0.0,0.0,0.0,0.0,0.0,0.0,0.0,0.03,0,0,0,0,0,0,0,0,0,0,0,0,0,0,0,0,0,0,0,0,0
7.2154834270477295,9.0,0.0,0.0,0.0,0.0,0.0,0.0,0.0,0.0,0.03,0,0,0,0,0,0,0,0,0,0,0,0,0,0,0,0,0,0,0,0,0
7.216693162918091,9.0,0.0,0.0,0.0,0.0,0.0,0.0,0.0,0.0,0.03,0,0,0,0,0,0,0,0,0,0,0,0,0,0,0,0,0,0,0,0,0
7.217783689498901,9.0,0.0,0.0,0.0,0.0,0.0,0.0,0.0,0.0,0.03,0,0,0,0,0,0,0,0,0,0,0,0,0,0,0,0,0,0,0,0,0
7.21889066696167,9.0,0.0,0.0,0.0,0.0,0.0,0.0,0.0,0.0,0.03,0,0,0,0,0,0,0,0,0,0,0,0,0,0,0,0,0,0,0,0,0
7.219951629638672,9.0,0.0,0.0,0.0,0.0,0.0,0.0,0.0,0.0,0.03,0,0,0,0,0,0,0,0,0,0,0,0,0,0,0,0,0,0,0,0,0
7.2210352420806885,9.0,0.0,0.0,0.0,0.0,0.0,0.0,0.0,0.0,0.03,0,0,0,0,0,0,0,0,0,0,0,0,0,0,0,0,0,0,0,0,0
7.222871780395508,9.0,0.0,0.0,0.0,0.0,0.0,0.0,0.0,0.0,0.03,0,0,0,0,0,0,0,0,0,0,0,0,0,0,0,0,0,0,0,0,0
7.224420785903931,9.0,0.0,0.0,0.0,0.0,0.0,0.0,0.0,0.0,0.03,0,0,0,0,0,0,0,0,0,0,0,0,0,0,0,0,0,0,0,0,0
7.225790977478027,9.0,0.0,0.0,0.0,0.0,0.0,0.0,0.0,0.0,0.03,0,0,0,0,0,0,0,0,0,0,0,0,0,0,0,0,0,0,0,0,0
7.227519750595093,9.0,0.0,0.0,0.0,0.0,0.0,0.0,0.0,0.0,0.03,0,0,0,0,0,0,0,0,0,0,0,0,0,0,0,0,0,0,0,0,0
7.2286155223846436,9.0,0.0,0.0,0.0,0.0,0.0,0.0,0.0,0.0,0.03,0,0,0,0,0,0,0,0,0,0,0,0,0,0,0,0,0,0,0,0,0
7.230014801025391,9.0,0.0,0.0,0.0,0.0,0.0,0.0,0.0,0.0,0.03,0,0,0,0,0,0,0,0,0,0,0,0,0,0,0,0,0,0,0,0,0
7.231759071350098,9.0,0.0,0.0,0.0,0.0,0.0,0.0,0.0,0.0,0.03,0,0,0,0,0,0,0,0,0,0,0,0,0,0,0,0,0,0,0,0,0
7.232985973358154,9.0,0.0,0.0,0.0,0.0,0.0,0.0,0.0,0.0,0.03,0,0,0,0,0,0,0,0,0,0,0,0,0,0,0,0,0,0,0,0,0
7.234297275543213,9.0,0.0,0.0,0.0,0.0,0.0,0.0,0.0,0.0,0.03,0,0,0,0,0,0,0,0,0,0,0,0,0,0,0,0,0,0,0,0,0
7.23578143119812,9.0,0.0,0.0,0.0,0.0,0.0,0.0,0.0,0.0,0.03,0,0,0,0,0,0,0,0,0,0,0,0,0,0,0,0,0,0,0,0,0
7.236883640289307,9.0,0.0,0.0,0.0,0.0,0.0,0.0,0.0,0.0,0.03,0,0,0,0,0,0,0,0,0,0,0,0,0,0,0,0,0,0,0,0,0
7.238012075424194,9.0,0.0,0.0,0.0,0.0,0.0,0.0,0.0,0.0,0.03,0,0,0,0,0,0,0,0,0,0,0,0,0,0,0,0,0,0,0,0,0
7.2390899658203125,9.0,0.0,0.0,0.0,0.0,0.0,0.0,0.0,0.0,0.03,0,0,0,0,0,0,0,0,0,0,0,0,0,0,0,0,0,0,0,0,0
7.240200996398926,9.0,0.0,0.0,0.0,0.0,0.0,0.0,0.0,0.0,0.03,0,0,0,0,0,0,0,0,0,0,0,0,0,0,0,0,0,0,0,0,0
7.241281032562256,9.0,0.0,0.0,0.0,0.0,0.0,0.0,0.0,0.0,0.03,0,0,0,0,0,0,0,0,0,0,0,0,0,0,0,0,0,0,0,0,0
7.242888689041138,9.0,0.0,0.0,0.0,0.0,0.0,0.0,0.0,0.0,0.03,0,0,0,0,0,0,0,0,0,0,0,0,0,0,0,0,0,0,0,0,0
7.244417190551758,9.0,0.0,0.0,0.0,0.0,0.0,0.0,0.0,0.0,0.03,0,0,0,0,0,0,0,0,0,0,0,0,0,0,0,0,0,0,0,0,0
7.245940208435059,9.0,0.0,0.0,0.0,0.0,0.0,0.0,0.0,0.0,0.03,0,0,0,0,0,0,0,0,0,0,0,0,0,0,0,0,0,0,0,0,0
7.247659206390381,9.0,0.0,0.0,0.0,0.0,0.0,0.0,0.0,0.0,0.03,0,0,0,0,0,0,0,0,0,0,0,0,0,0,0,0,0,0,0,0,0
7.248839616775513,9.0,0.0,0.0,0.0,0.0,0.0,0.0,0.0,0.0,0.03,0,0,0,0,0,0,0,0,0,0,0,0,0,0,0,0,0,0,0,0,0
7.250893592834473,9.0,0.0,0.0,0.0,0.0,0.0,0.0,0.0,0.0,0.03,0,0,0,0,0,0,0,0,0,0,0,0,0,0,0,0,0,0,0,0,0
7.252079010009766,9.0,0.0,0.0,0.0,0.0,0.0,0.0,0.0,0.0,0.03,0,0,0,0,0,0,0,0,0,0,0,0,0,0,0,0,0,0,0,0,0
7.2533278465271,9.0,0.0,0.0,0.0,0.0,0.0,0.0,0.0,0.0,0.03,0,0,0,0,0,0,0,0,0,0,0,0,0,0,0,0,0,0,0,0,0
7.254509925842285,9.0,0.0,0.0,0.0,0.0,0.0,0.0,0.0,0.0,0.03,0,0,0,0,0,0,0,0,0,0,0,0,0,0,0,0,0,0,0,0,0
7.255617141723633,9.0,0.0,0.0,0.0,0.0,0.0,0.0,0.0,0.0,0.03,0,0,0,0,0,0,0,0,0,0,0,0,0,0,0,0,0,0,0,0,0
7.256700277328491,9.0,0.0,0.0,0.0,0.0,0.0,0.0,0.0,0.0,0.03,0,0,0,0,0,0,0,0,0,0,0,0,0,0,0,0,0,0,0,0,0
7.25976824760437,9.0,0.0,0.0,0.0,0.0,0.0,0.0,0.0,0.0,0.03,0,0,0,0,0,0,0,0,0,0,0,0,0,0,0,0,0,0,0,0,0
7.260981321334839,9.0,0.0,0.0,0.0,0.0,0.0,0.0,0.0,0.0,0.03,0,0,0,0,0,0,0,0,0,0,0,0,0,0,0,0,0,0,0,0,0
7.263626337051392,9.0,0.0,0.0,0.0,0.0,0.0,0.0,0.0,0.0,0.03,0,0,0,0,0,0,0,0,0,0,0,0,0,0,0,0,0,0,0,0,0
7.265631914138794,9.0,0.0,0.0,0.0,0.0,0.0,0.0,0.0,0.0,0.03,0,0,0,0,0,0,0,0,0,0,0,0,0,0,0,0,0,0,0,0,0
7.267072439193726,9.0,0.0,0.0,0.0,0.0,0.0,0.0,0.0,0.0,0.03,0,0,0,0,0,0,0,0,0,0,0,0,0,0,0,0,0,0,0,0,0
7.268560409545898,9.0,0.0,0.0,0.0,0.0,0.0,0.0,0.0,0.0,0.03,0,0,0,0,0,0,0,0,0,0,0,0,0,0,0,0,0,0,0,0,0
7.269654750823975,9.0,0.0,0.0,0.0,0.0,0.0,0.0,0.0,0.0,0.03,0,0,0,0,0,0,0,0,0,0,0,0,0,0,0,0,0,0,0,0,0
7.27172327041626,9.0,0.0,0.0,0.0,0.0,0.0,0.0,0.0,0.0,0.03,0,0,0,0,0,0,0,0,0,0,0,0,0,0,0,0,0,0,0,0,0
7.272924423217773,9.0,0.0,0.0,0.0,0.0,0.0,0.0,0.0,0.0,0.03,0,0,0,0,0,0,0,0,0,0,0,0,0,0,0,0,0,0,0,0,0
7.274237871170044,9.0,0.0,0.0,0.0,0.0,0.0,0.0,0.0,0.0,0.03,0,0,0,0,0,0,0,0,0,0,0,0,0,0,0,0,0,0,0,0,0
7.275921821594238,9.0,0.0,0.0,0.0,0.0,0.0,0.0,0.0,0.0,0.03,0,0,0,0,0,0,0,0,0,0,0,0,0,0,0,0,0,0,0,0,0
7.2771155834198,9.0,0.0,0.0,0.0,0.0,0.0,0.0,0.0,0.0,0.03,0,0,0,0,0,0,0,0,0,0,0,0,0,0,0,0,0,0,0,0,0
7.2782111167907715,9.0,0.0,0.0,0.0,0.0,0.0,0.0,0.0,0.0,0.03,0,0,0,0,0,0,0,0,0,0,0,0,0,0,0,0,0,0,0,0,0
7.279270887374878,9.0,0.0,0.0,0.0,0.0,0.0,0.0,0.0,0.0,0.03,0,0,0,0,0,0,0,0,0,0,0,0,0,0,0,0,0,0,0,0,0
7.280363082885742,9.0,0.0,0.0,0.0,0.0,0.0,0.0,0.0,0.0,0.03,0,0,0,0,0,0,0,0,0,0,0,0,0,0,0,0,0,0,0,0,0
7.28152871131897,9.0,0.0,0.0,0.0,0.0,0.0,0.0,0.0,0.0,0.03,0,0,0,0,0,0,0,0,0,0,0,0,0,0,0,0,0,0,0,0,0
7.282647609710693,9.0,0.0,0.0,0.0,0.0,0.0,0.0,0.0,0.0,0.03,0,0,0,0,0,0,0,0,0,0,0,0,0,0,0,0,0,0,0,0,0
7.283711194992065,9.0,0.0,0.0,0.0,0.0,0.0,0.0,0.0,0.0,0.03,0,0,0,0,0,0,0,0,0,0,0,0,0,0,0,0,0,0,0,0,0
7.284950017929077,9.0,0.0,0.0,0.0,0.0,0.0,0.0,0.0,0.0,0.03,0,0,0,0,0,0,0,0,0,0,0,0,0,0,0,0,0,0,0,0,0
7.287185192108154,9.0,0.0,0.0,0.0,0.0,0.0,0.0,0.0,0.0,0.03,0,0,0,0,0,0,0,0,0,0,0,0,0,0,0,0,0,0,0,0,0
7.290294408798218,9.0,0.0,0.0,0.0,0.0,0.0,0.0,0.0,0.0,0.03,0,0,0,0,0,0,0,0,0,0,0,0,0,0,0,0,0,0,0,0,0
7.291472911834717,9.0,0.0,0.0,0.0,0.0,0.0,0.0,0.0,0.0,0.03,0,0,0,0,0,0,0,0,0,0,0,0,0,0,0,0,0,0,0,0,0
7.292874574661255,9.0,0.0,0.0,0.0,0.0,0.0,0.0,0.0,0.0,0.03,0,0,0,0,0,0,0,0,0,0,0,0,0,0,0,0,0,0,0,0,0
7.29463791847229,9.0,0.0,0.0,0.0,0.0,0.0,0.0,0.0,0.0,0.03,0,0,0,0,0,0,0,0,0,0,0,0,0,0,0,0,0,0,0,0,0
7.295887470245361,9.0,0.0,0.0,0.0,0.0,0.0,0.0,0.0,0.0,0.03,0,0,0,0,0,0,0,0,0,0,0,0,0,0,0,0,0,0,0,0,0
7.296982288360596,9.0,0.0,0.0,0.0,0.0,0.0,0.0,0.0,0.0,0.03,0,0,0,0,0,0,0,0,0,0,0,0,0,0,0,0,0,0,0,0,0
7.2985029220581055,9.0,0.0,0.0,0.0,0.0,0.0,0.0,0.0,0.0,0.03,0,0,0,0,0,0,0,0,0,0,0,0,0,0,0,0,0,0,0,0,0
7.299864768981934,9.0,0.0,0.0,0.0,0.0,0.0,0.0,0.0,0.0,0.03,0,0,0,0,0,0,0,0,0,0,0,0,0,0,0,0,0,0,0,0,0
7.300999641418457,9.0,0.0,0.0,0.0,0.0,0.0,0.0,0.0,0.0,0.03,0,0,0,0,0,0,0,0,0,0,0,0,0,0,0,0,0,0,0,0,0
7.3021159172058105,9.0,0.0,0.0,0.0,0.0,0.0,0.0,0.0,0.0,0.03,0,0,0,0,0,0,0,0,0,0,0,0,0,0,0,0,0,0,0,0,0
7.3032801151275635,9.0,0.0,0.0,0.0,0.0,0.0,0.0,0.0,0.0,0.03,0,0,0,0,0,0,0,0,0,0,0,0,0,0,0,0,0,0,0,0,0
7.30441689491272,9.0,0.0,0.0,0.0,0.0,0.0,0.0,0.0,0.0,0.03,0,0,0,0,0,0,0,0,0,0,0,0,0,0,0,0,0,0,0,0,0
7.306100130081177,9.0,0.0,0.0,0.0,0.0,0.0,0.0,0.0,0.0,0.03,0,0,0,0,0,0,0,0,0,0,0,0,0,0,0,0,0,0,0,0,0
7.307533025741577,9.0,0.0,0.0,0.0,0.0,0.0,0.0,0.0,0.0,0.03,0,0,0,0,0,0,0,0,0,0,0,0,0,0,0,0,0,0,0,0,0
7.309711456298828,9.0,0.0,0.0,0.0,0.0,0.0,0.0,0.0,0.0,0.03,0,0,0,0,0,0,0,0,0,0,0,0,0,0,0,0,0,0,0,0,0
7.311057090759277,9.0,0.0,0.0,0.0,0.0,0.0,0.0,0.0,0.0,0.03,0,0,0,0,0,0,0,0,0,0,0,0,0,0,0,0,0,0,0,0,0
7.312620639801025,9.0,0.0,0.0,0.0,0.0,0.0,0.0,0.0,0.0,0.03,0,0,0,0,0,0,0,0,0,0,0,0,0,0,0,0,0,0,0,0,0
7.314417362213135,9.0,0.0,0.0,0.0,0.0,0.0,0.0,0.0,0.0,0.03,0,0,0,0,0,0,0,0,0,0,0,0,0,0,0,0,0,0,0,0,0
7.315618515014648,9.0,0.0,0.0,0.0,0.0,0.0,0.0,0.0,0.0,0.03,0,0,0,0,0,0,0,0,0,0,0,0,0,0,0,0,0,0,0,0,0
7.317107200622559,9.0,0.0,0.0,0.0,0.0,0.0,0.0,0.0,0.0,0.03,0,0,0,0,0,0,0,0,0,0,0,0,0,0,0,0,0,0,0,0,0
7.318227291107178,9.0,0.0,0.0,0.0,0.0,0.0,0.0,0.0,0.0,0.03,0,0,0,0,0,0,0,0,0,0,0,0,0,0,0,0,0,0,0,0,0
7.321416139602661,9.0,0.0,0.0,0.0,0.0,0.0,0.0,0.0,0.0,0.03,0,0,0,0,0,0,0,0,0,0,0,0,0,0,0,0,0,0,0,0,0
7.32263445854187,9.0,0.0,0.0,0.0,0.0,0.0,0.0,0.0,0.0,0.03,0,0,0,0,0,0,0,0,0,0,0,0,0,0,0,0,0,0,0,0,0
7.325054168701172,9.0,0.0,0.0,0.0,0.0,0.0,0.0,0.0,0.0,0.03,0,0,0,0,0,0,0,0,0,0,0,0,0,0,0,0,0,0,0,0,0
7.328066349029541,9.0,0.0,0.0,0.0,0.0,0.0,0.0,0.0,0.0,0.03,0,0,0,0,0,0,0,0,0,0,0,0,0,0,0,0,0,0,0,0,0
7.329228639602661,9.0,0.0,0.0,0.0,0.0,0.0,0.0,0.0,0.0,0.03,0,0,0,0,0,0,0,0,0,0,0,0,0,0,0,0,0,0,0,0,0
7.330513954162598,9.0,0.0,0.0,0.0,0.0,0.0,0.0,0.0,0.0,0.03,0,0,0,0,0,0,0,0,0,0,0,0,0,0,0,0,0,0,0,0,0
7.3317999839782715,9.0,0.0,0.0,0.0,0.0,0.0,0.0,0.0,0.0,0.03,0,0,0,0,0,0,0,0,0,0,0,0,0,0,0,0,0,0,0,0,0
7.33431601524353,9.0,0.0,0.0,0.0,0.0,0.0,0.0,0.0,0.0,0.03,0,0,0,0,0,0,0,0,0,0,0,0,0,0,0,0,0,0,0,0,0
7.335680723190308,9.0,0.0,0.0,0.0,0.0,0.0,0.0,0.0,0.0,0.03,0,0,0,0,0,0,0,0,0,0,0,0,0,0,0,0,0,0,0,0,0
7.336795806884766,9.0,0.0,0.0,0.0,0.0,0.0,0.0,0.0,0.0,0.03,0,0,0,0,0,0,0,0,0,0,0,0,0,0,0,0,0,0,0,0,0
7.337871551513672,9.0,0.0,0.0,0.0,0.0,0.0,0.0,0.0,0.0,0.03,0,0,0,0,0,0,0,0,0,0,0,0,0,0,0,0,0,0,0,0,0
7.338958263397217,9.0,0.0,0.0,0.0,0.0,0.0,0.0,0.0,0.0,0.03,0,0,0,0,0,0,0,0,0,0,0,0,0,0,0,0,0,0,0,0,0
7.340107679367065,9.0,0.0,0.0,0.0,0.0,0.0,0.0,0.0,0.0,0.03,0,0,0,0,0,0,0,0,0,0,0,0,0,0,0,0,0,0,0,0,0
7.341277122497559,9.0,0.0,0.0,0.0,0.0,0.0,0.0,0.0,0.0,0.03,0,0,0,0,0,0,0,0,0,0,0,0,0,0,0,0,0,0,0,0,0
7.342375040054321,9.0,0.0,0.0,0.0,0.0,0.0,0.0,0.0,0.0,0.03,0,0,0,0,0,0,0,0,0,0,0,0,0,0,0,0,0,0,0,0,0
7.3434882164001465,9.0,0.0,0.0,0.0,0.0,0.0,0.0,0.0,0.0,0.03,0,0,0,0,0,0,0,0,0,0,0,0,0,0,0,0,0,0,0,0,0
7.344688177108765,9.0,0.0,0.0,0.0,0.0,0.0,0.0,0.0,0.0,0.03,0,0,0,0,0,0,0,0,0,0,0,0,0,0,0,0,0,0,0,0,0
7.345771551132202,9.0,0.0,0.0,0.0,0.0,0.0,0.0,0.0,0.0,0.03,0,0,0,0,0,0,0,0,0,0,0,0,0,0,0,0,0,0,0,0,0
7.347482681274414,9.0,0.0,0.0,0.0,0.0,0.0,0.0,0.0,0.0,0.03,0,0,0,0,0,0,0,0,0,0,0,0,0,0,0,0,0,0,0,0,0
7.3490822315216064,9.0,0.0,0.0,0.0,0.0,0.0,0.0,0.0,0.0,0.03,0,0,0,0,0,0,0,0,0,0,0,0,0,0,0,0,0,0,0,0,0
7.35056209564209,9.0,0.0,0.0,0.0,0.0,0.0,0.0,0.0,0.0,0.03,0,0,0,0,0,0,0,0,0,0,0,0,0,0,0,0,0,0,0,0,0
7.352240800857544,9.0,0.0,0.0,0.0,0.0,0.0,0.0,0.0,0.0,0.03,0,0,0,0,0,0,0,0,0,0,0,0,0,0,0,0,0,0,0,0,0
7.3533711433410645,9.0,0.0,0.0,0.0,0.0,0.0,0.0,0.0,0.0,0.03,0,0,0,0,0,0,0,0,0,0,0,0,0,0,0,0,0,0,0,0,0
7.35447359085083,9.0,0.0,0.0,0.0,0.0,0.0,0.0,0.0,0.0,0.03,0,0,0,0,0,0,0,0,0,0,0,0,0,0,0,0,0,0,0,0,0
7.3558738231658936,9.0,0.0,0.0,0.0,0.0,0.0,0.0,0.0,0.0,0.03,0,0,0,0,0,0,0,0,0,0,0,0,0,0,0,0,0,0,0,0,0
7.357590436935425,9.0,0.0,0.0,0.0,0.0,0.0,0.0,0.0,0.0,0.03,0,0,0,0,0,0,0,0,0,0,0,0,0,0,0,0,0,0,0,0,0
7.358793020248413,9.0,0.0,0.0,0.0,0.0,0.0,0.0,0.0,0.0,0.03,0,0,0,0,0,0,0,0,0,0,0,0,0,0,0,0,0,0,0,0,0
7.359951734542847,9.0,0.0,0.0,0.0,0.0,0.0,0.0,0.0,0.0,0.03,0,0,0,0,0,0,0,0,0,0,0,0,0,0,0,0,0,0,0,0,0
7.3611602783203125,9.0,0.0,0.0,0.0,0.0,0.0,0.0,0.0,0.0,0.03,0,0,0,0,0,0,0,0,0,0,0,0,0,0,0,0,0,0,0,0,0
7.362331867218018,9.0,0.0,0.0,0.0,0.0,0.0,0.0,0.0,0.0,0.03,0,0,0,0,0,0,0,0,0,0,0,0,0,0,0,0,0,0,0,0,0
7.363514423370361,9.0,0.0,0.0,0.0,0.0,0.0,0.0,0.0,0.0,0.03,0,0,0,0,0,0,0,0,0,0,0,0,0,0,0,0,0,0,0,0,0
7.36465048789978,9.0,0.0,0.0,0.0,0.0,0.0,0.0,0.0,0.0,0.03,0,0,0,0,0,0,0,0,0,0,0,0,0,0,0,0,0,0,0,0,0
7.365773439407349,9.0,0.0,0.0,0.0,0.0,0.0,0.0,0.0,0.0,0.03,0,0,0,0,0,0,0,0,0,0,0,0,0,0,0,0,0,0,0,0,0
7.367513418197632,9.0,0.0,0.0,0.0,0.0,0.0,0.0,0.0,0.0,0.03,0,0,0,0,0,0,0,0,0,0,0,0,0,0,0,0,0,0,0,0,0
7.369043588638306,9.0,0.0,0.0,0.0,0.0,0.0,0.0,0.0,0.0,0.03,0,0,0,0,0,0,0,0,0,0,0,0,0,0,0,0,0,0,0,0,0
7.370595693588257,9.0,0.0,0.0,0.0,0.0,0.0,0.0,0.0,0.0,0.03,0,0,0,0,0,0,0,0,0,0,0,0,0,0,0,0,0,0,0,0,0
7.371843338012695,9.0,0.0,0.0,0.0,0.0,0.0,0.0,0.0,0.0,0.03,0,0,0,0,0,0,0,0,0,0,0,0,0,0,0,0,0,0,0,0,0
7.372991323471069,9.0,0.0,0.0,0.0,0.0,0.0,0.0,0.0,0.0,0.03,0,0,0,0,0,0,0,0,0,0,0,0,0,0,0,0,0,0,0,0,0
7.374051809310913,9.0,0.0,0.0,0.0,0.0,0.0,0.0,0.0,0.0,0.03,0,0,0,0,0,0,0,0,0,0,0,0,0,0,0,0,0,0,0,0,0
7.375524520874023,9.0,0.0,0.0,0.0,0.0,0.0,0.0,0.0,0.0,0.03,0,0,0,0,0,0,0,0,0,0,0,0,0,0,0,0,0,0,0,0,0
7.376657009124756,9.0,0.0,0.0,0.0,0.0,0.0,0.0,0.0,0.0,0.03,0,0,0,0,0,0,0,0,0,0,0,0,0,0,0,0,0,0,0,0,0
7.378575086593628,9.0,0.0,0.0,0.0,0.0,0.0,0.0,0.0,0.0,0.03,0,0,0,0,0,0,0,0,0,0,0,0,0,0,0,0,0,0,0,0,0
7.379977464675903,9.0,0.0,0.0,0.0,0.0,0.0,0.0,0.0,0.0,0.03,0,0,0,0,0,0,0,0,0,0,0,0,0,0,0,0,0,0,0,0,0
7.383540391921997,9.0,0.0,0.0,0.0,0.0,0.0,0.0,0.0,0.0,0.03,0,0,0,0,0,0,0,0,0,0,0,0,0,0,0,0,0,0,0,0,0
7.384711742401123,9.0,0.0,0.0,0.0,0.0,0.0,0.0,0.0,0.0,0.03,0,0,0,0,0,0,0,0,0,0,0,0,0,0,0,0,0,0,0,0,0
7.387417793273926,9.0,0.0,0.0,0.0,0.0,0.0,0.0,0.0,0.0,0.03,0,0,0,0,0,0,0,0,0,0,0,0,0,0,0,0,0,0,0,0,0
7.390028715133667,9.0,0.0,0.0,0.0,0.0,0.0,0.0,0.0,0.0,0.03,0,0,0,0,0,0,0,0,0,0,0,0,0,0,0,0,0,0,0,0,0
7.3914430141448975,9.0,0.0,0.0,0.0,0.0,0.0,0.0,0.0,0.0,0.03,0,0,0,0,0,0,0,0,0,0,0,0,0,0,0,0,0,0,0,0,0
7.39276647567749,9.0,0.0,0.0,0.0,0.0,0.0,0.0,0.0,0.0,0.03,0,0,0,0,0,0,0,0,0,0,0,0,0,0,0,0,0,0,0,0,0
7.394079685211182,9.0,0.0,0.0,0.0,0.0,0.0,0.0,0.0,0.0,0.03,0,0,0,0,0,0,0,0,0,0,0,0,0,0,0,0,0,0,0,0,0
7.395352602005005,9.0,0.0,0.0,0.0,0.0,0.0,0.0,0.0,0.0,0.03,0,0,0,0,0,0,0,0,0,0,0,0,0,0,0,0,0,0,0,0,0
7.396836519241333,9.0,0.0,0.0,0.0,0.0,0.0,0.0,0.0,0.0,0.03,0,0,0,0,0,0,0,0,0,0,0,0,0,0,0,0,0,0,0,0,0
7.398078918457031,9.0,0.0,0.0,0.0,0.0,0.0,0.0,0.0,0.0,0.03,0,0,0,0,0,0,0,0,0,0,0,0,0,0,0,0,0,0,0,0,0
7.399179697036743,9.0,0.0,0.0,0.0,0.0,0.0,0.0,0.0,0.0,0.03,0,0,0,0,0,0,0,0,0,0,0,0,0,0,0,0,0,0,0,0,0
7.4008471965789795,9.0,0.0,0.0,0.0,0.0,0.0,0.0,0.0,0.0,0.03,0,0,0,0,0,0,0,0,0,0,0,0,0,0,0,0,0,0,0,0,0
7.401918411254883,9.0,0.0,0.0,0.0,0.0,0.0,0.0,0.0,0.0,0.03,0,0,0,0,0,0,0,0,0,0,0,0,0,0,0,0,0,0,0,0,0
7.403114318847656,9.0,0.0,0.0,0.0,0.0,0.0,0.0,0.0,0.0,0.03,0,0,0,0,0,0,0,0,0,0,0,0,0,0,0,0,0,0,0,0,0
7.40425968170166,9.0,0.0,0.0,0.0,0.0,0.0,0.0,0.0,0.0,0.03,0,0,0,0,0,0,0,0,0,0,0,0,0,0,0,0,0,0,0,0,0
7.405361175537109,9.0,0.0,0.0,0.0,0.0,0.0,0.0,0.0,0.0,0.03,0,0,0,0,0,0,0,0,0,0,0,0,0,0,0,0,0,0,0,0,0
7.406501054763794,9.0,0.0,0.0,0.0,0.0,0.0,0.0,0.0,0.0,0.03,0,0,0,0,0,0,0,0,0,0,0,0,0,0,0,0,0,0,0,0,0
7.407731294631958,9.0,0.0,0.0,0.0,0.0,0.0,0.0,0.0,0.0,0.03,0,0,0,0,0,0,0,0,0,0,0,0,0,0,0,0,0,0,0,0,0
7.408830642700195,9.0,0.0,0.0,0.0,0.0,0.0,0.0,0.0,0.0,0.03,0,0,0,0,0,0,0,0,0,0,0,0,0,0,0,0,0,0,0,0,0
7.4100446701049805,9.0,0.0,0.0,0.0,0.0,0.0,0.0,0.0,0.0,0.03,0,0,0,0,0,0,0,0,0,0,0,0,0,0,0,0,0,0,0,0,0
7.414747714996338,9.0,0.0,0.0,0.0,0.0,0.0,0.0,0.0,0.0,0.03,0,0,0,0,0,0,0,0,0,0,0,0,0,0,0,0,0,0,0,0,0
7.415872573852539,9.0,0.0,0.0,0.0,0.0,0.0,0.0,0.0,0.0,0.03,0,0,0,0,0,0,0,0,0,0,0,0,0,0,0,0,0,0,0,0,0
7.417237997055054,9.0,0.0,0.0,0.0,0.0,0.0,0.0,0.0,0.0,0.03,0,0,0,0,0,0,0,0,0,0,0,0,0,0,0,0,0,0,0,0,0
7.418350696563721,9.0,0.0,0.0,0.0,0.0,0.0,0.0,0.0,0.0,0.03,0,0,0,0,0,0,0,0,0,0,0,0,0,0,0,0,0,0,0,0,0
7.419743537902832,9.0,0.0,0.0,0.0,0.0,0.0,0.0,0.0,0.0,0.03,0,0,0,0,0,0,0,0,0,0,0,0,0,0,0,0,0,0,0,0,0
7.420902967453003,9.0,0.0,0.0,0.0,0.0,0.0,0.0,0.0,0.0,0.03,0,0,0,0,0,0,0,0,0,0,0,0,0,0,0,0,0,0,0,0,0
7.422450304031372,9.0,0.0,0.0,0.0,0.0,0.0,0.0,0.0,0.0,0.03,0,0,0,0,0,0,0,0,0,0,0,0,0,0,0,0,0,0,0,0,0
7.4236016273498535,9.0,0.0,0.0,0.0,0.0,0.0,0.0,0.0,0.0,0.03,0,0,0,0,0,0,0,0,0,0,0,0,0,0,0,0,0,0,0,0,0
7.424805402755737,9.0,0.0,0.0,0.0,0.0,0.0,0.0,0.0,0.0,0.03,0,0,0,0,0,0,0,0,0,0,0,0,0,0,0,0,0,0,0,0,0
7.4258644580841064,9.0,0.0,0.0,0.0,0.0,0.0,0.0,0.0,0.0,0.03,0,0,0,0,0,0,0,0,0,0,0,0,0,0,0,0,0,0,0,0,0
7.427103757858276,9.0,0.0,0.0,0.0,0.0,0.0,0.0,0.0,0.0,0.03,0,0,0,0,0,0,0,0,0,0,0,0,0,0,0,0,0,0,0,0,0
7.428340673446655,9.0,0.0,0.0,0.0,0.0,0.0,0.0,0.0,0.0,0.03,0,0,0,0,0,0,0,0,0,0,0,0,0,0,0,0,0,0,0,0,0
7.430037021636963,9.0,0.0,0.0,0.0,0.0,0.0,0.0,0.0,0.0,0.03,0,0,0,0,0,0,0,0,0,0,0,0,0,0,0,0,0,0,0,0,0
7.431468963623047,9.0,0.0,0.0,0.0,0.0,0.0,0.0,0.0,0.0,0.03,0,0,0,0,0,0,0,0,0,0,0,0,0,0,0,0,0,0,0,0,0
7.432808876037598,9.0,0.0,0.0,0.0,0.0,0.0,0.0,0.0,0.0,0.03,0,0,0,0,0,0,0,0,0,0,0,0,0,0,0,0,0,0,0,0,0
7.43420934677124,9.0,0.0,0.0,0.0,0.0,0.0,0.0,0.0,0.0,0.03,0,0,0,0,0,0,0,0,0,0,0,0,0,0,0,0,0,0,0,0,0
7.435687780380249,9.0,0.0,0.0,0.0,0.0,0.0,0.0,0.0,0.0,0.03,0,0,0,0,0,0,0,0,0,0,0,0,0,0,0,0,0,0,0,0,0
7.436809301376343,9.0,0.0,0.0,0.0,0.0,0.0,0.0,0.0,0.0,0.03,0,0,0,0,0,0,0,0,0,0,0,0,0,0,0,0,0,0,0,0,0
7.438323974609375,9.0,0.0,0.0,0.0,0.0,0.0,0.0,0.0,0.0,0.03,0,0,0,0,0,0,0,0,0,0,0,0,0,0,0,0,0,0,0,0,0
7.44039511680603,9.0,0.0,0.0,0.0,0.0,0.0,0.0,0.0,0.0,0.03,0,0,0,0,0,0,0,0,0,0,0,0,0,0,0,0,0,0,0,0,0
7.4416892528533936,9.0,0.0,0.0,0.0,0.0,0.0,0.0,0.0,0.0,0.03,0,0,0,0,0,0,0,0,0,0,0,0,0,0,0,0,0,0,0,0,0
7.445345163345337,9.0,0.0,0.0,0.0,0.0,0.0,0.0,0.0,0.0,0.03,0,0,0,0,0,0,0,0,0,0,0,0,0,0,0,0,0,0,0,0,0
7.446555852890015,9.0,0.0,0.0,0.0,0.0,0.0,0.0,0.0,0.0,0.03,0,0,0,0,0,0,0,0,0,0,0,0,0,0,0,0,0,0,0,0,0
7.449240684509277,9.0,0.0,0.0,0.0,0.0,0.0,0.0,0.0,0.0,0.03,0,0,0,0,0,0,0,0,0,0,0,0,0,0,0,0,0,0,0,0,0
7.450716733932495,9.0,0.0,0.0,0.0,0.0,0.0,0.0,0.0,0.0,0.03,0,0,0,0,0,0,0,0,0,0,0,0,0,0,0,0,0,0,0,0,0
7.452795743942261,9.0,0.0,0.0,0.0,0.0,0.0,0.0,0.0,0.0,0.03,0,0,0,0,0,0,0,0,0,0,0,0,0,0,0,0,0,0,0,0,0
7.454105854034424,9.0,0.0,0.0,0.0,0.0,0.0,0.0,0.0,0.0,0.03,0,0,0,0,0,0,0,0,0,0,0,0,0,0,0,0,0,0,0,0,0
7.455335378646851,9.0,0.0,0.0,0.0,0.0,0.0,0.0,0.0,0.0,0.03,0,0,0,0,0,0,0,0,0,0,0,0,0,0,0,0,0,0,0,0,0
7.457715272903442,9.0,0.0,0.0,0.0,0.0,0.0,0.0,0.0,0.0,0.03,0,0,0,0,0,0,0,0,0,0,0,0,0,0,0,0,0,0,0,0,0
7.4591147899627686,9.0,0.0,0.0,0.0,0.0,0.0,0.0,0.0,0.0,0.03,0,0,0,0,0,0,0,0,0,0,0,0,0,0,0,0,0,0,0,0,0
7.460187196731567,9.0,0.0,0.0,0.0,0.0,0.0,0.0,0.0,0.0,0.03,0,0,0,0,0,0,0,0,0,0,0,0,0,0,0,0,0,0,0,0,0
7.462458372116089,9.0,0.0,0.0,0.0,0.0,0.0,0.0,0.0,0.0,0.03,0,0,0,0,0,0,0,0,0,0,0,0,0,0,0,0,0,0,0,0,0
7.463711977005005,9.0,0.0,0.0,0.0,0.0,0.0,0.0,0.0,0.0,0.03,0,0,0,0,0,0,0,0,0,0,0,0,0,0,0,0,0,0,0,0,0
7.464946269989014,9.0,0.0,0.0,0.0,0.0,0.0,0.0,0.0,0.0,0.03,0,0,0,0,0,0,0,0,0,0,0,0,0,0,0,0,0,0,0,0,0
7.466034412384033,9.0,0.0,0.0,0.0,0.0,0.0,0.0,0.0,0.0,0.03,0,0,0,0,0,0,0,0,0,0,0,0,0,0,0,0,0,0,0,0,0
7.4671947956085205,9.0,0.0,0.0,0.0,0.0,0.0,0.0,0.0,0.0,0.03,0,0,0,0,0,0,0,0,0,0,0,0,0,0,0,0,0,0,0,0,0
7.4685163497924805,9.0,0.0,0.0,0.0,0.0,0.0,0.0,0.0,0.0,0.03,0,0,0,0,0,0,0,0,0,0,0,0,0,0,0,0,0,0,0,0,0
7.469934463500977,9.0,0.0,0.0,0.0,0.0,0.0,0.0,0.0,0.0,0.03,0,0,0,0,0,0,0,0,0,0,0,0,0,0,0,0,0,0,0,0,0
7.471182107925415,9.0,0.0,0.0,0.0,0.0,0.0,0.0,0.0,0.0,0.03,0,0,0,0,0,0,0,0,0,0,0,0,0,0,0,0,0,0,0,0,0
7.472751140594482,9.0,0.0,0.0,0.0,0.0,0.0,0.0,0.0,0.0,0.03,0,0,0,0,0,0,0,0,0,0,0,0,0,0,0,0,0,0,0,0,0
7.475074052810669,9.0,0.0,0.0,0.0,0.0,0.0,0.0,0.0,0.0,0.03,0,0,0,0,0,0,0,0,0,0,0,0,0,0,0,0,0,0,0,0,0
7.476262331008911,9.0,0.0,0.0,0.0,0.0,0.0,0.0,0.0,0.0,0.03,0,0,0,0,0,0,0,0,0,0,0,0,0,0,0,0,0,0,0,0,0
7.477375030517578,9.0,0.0,0.0,0.0,0.0,0.0,0.0,0.0,0.0,0.03,0,0,0,0,0,0,0,0,0,0,0,0,0,0,0,0,0,0,0,0,0
7.478469133377075,9.0,0.0,0.0,0.0,0.0,0.0,0.0,0.0,0.0,0.03,0,0,0,0,0,0,0,0,0,0,0,0,0,0,0,0,0,0,0,0,0
7.479814529418945,9.0,0.0,0.0,0.0,0.0,0.0,0.0,0.0,0.0,0.03,0,0,0,0,0,0,0,0,0,0,0,0,0,0,0,0,0,0,0,0,0
7.481393575668335,9.0,0.0,0.0,0.0,0.0,0.0,0.0,0.0,0.0,0.03,0,0,0,0,0,0,0,0,0,0,0,0,0,0,0,0,0,0,0,0,0
7.482735633850098,9.0,0.0,0.0,0.0,0.0,0.0,0.0,0.0,0.0,0.03,0,0,0,0,0,0,0,0,0,0,0,0,0,0,0,0,0,0,0,0,0
7.484213352203369,9.0,0.0,0.0,0.0,0.0,0.0,0.0,0.0,0.0,0.03,0,0,0,0,0,0,0,0,0,0,0,0,0,0,0,0,0,0,0,0,0
7.485307216644287,9.0,0.0,0.0,0.0,0.0,0.0,0.0,0.0,0.0,0.03,0,0,0,0,0,0,0,0,0,0,0,0,0,0,0,0,0,0,0,0,0
7.486391305923462,9.0,0.0,0.0,0.0,0.0,0.0,0.0,0.0,0.0,0.03,0,0,0,0,0,0,0,0,0,0,0,0,0,0,0,0,0,0,0,0,0
7.487565755844116,9.0,0.0,0.0,0.0,0.0,0.0,0.0,0.0,0.0,0.03,0,0,0,0,0,0,0,0,0,0,0,0,0,0,0,0,0,0,0,0,0
7.488715171813965,9.0,0.0,0.0,0.0,0.0,0.0,0.0,0.0,0.0,0.03,0,0,0,0,0,0,0,0,0,0,0,0,0,0,0,0,0,0,0,0,0
7.489813566207886,9.0,0.0,0.0,0.0,0.0,0.0,0.0,0.0,0.0,0.03,0,0,0,0,0,0,0,0,0,0,0,0,0,0,0,0,0,0,0,0,0
7.491085767745972,9.0,0.0,0.0,0.0,0.0,0.0,0.0,0.0,0.0,0.03,0,0,0,0,0,0,0,0,0,0,0,0,0,0,0,0,0,0,0,0,0
7.492303848266602,9.0,0.0,0.0,0.0,0.0,0.0,0.0,0.0,0.0,0.03,0,0,0,0,0,0,0,0,0,0,0,0,0,0,0,0,0,0,0,0,0
7.494063854217529,9.0,0.0,0.0,0.0,0.0,0.0,0.0,0.0,0.0,0.03,0,0,0,0,0,0,0,0,0,0,0,0,0,0,0,0,0,0,0,0,0
7.495269536972046,9.0,0.0,0.0,0.0,0.0,0.0,0.0,0.0,0.0,0.03,0,0,0,0,0,0,0,0,0,0,0,0,0,0,0,0,0,0,0,0,0
7.496405124664307,9.0,0.0,0.0,0.0,0.0,0.0,0.0,0.0,0.0,0.03,0,0,0,0,0,0,0,0,0,0,0,0,0,0,0,0,0,0,0,0,0
7.498254776000977,9.0,0.0,0.0,0.0,0.0,0.0,0.0,0.0,0.0,0.03,0,0,0,0,0,0,0,0,0,0,0,0,0,0,0,0,0,0,0,0,0
7.499374151229858,9.0,0.0,0.0,0.0,0.0,0.0,0.0,0.0,0.0,0.03,0,0,0,0,0,0,0,0,0,0,0,0,0,0,0,0,0,0,0,0,0
7.500604152679443,9.0,0.0,0.0,0.0,0.0,0.0,0.0,0.0,0.0,0.03,0,0,0,0,0,0,0,0,0,0,0,0,0,0,0,0,0,0,0,0,0
7.502474308013916,9.0,0.0,0.0,0.0,0.0,0.0,0.0,0.0,0.0,0.03,0,0,0,0,0,0,0,0,0,0,0,0,0,0,0,0,0,0,0,0,0
7.503599643707275,9.0,0.0,0.0,0.0,0.0,0.0,0.0,0.0,0.0,0.03,0,0,0,0,0,0,0,0,0,0,0,0,0,0,0,0,0,0,0,0,0
7.504802942276001,9.0,0.0,0.0,0.0,0.0,0.0,0.0,0.0,0.0,0.03,0,0,0,0,0,0,0,0,0,0,0,0,0,0,0,0,0,0,0,0,0
7.50671648979187,9.0,0.0,0.0,0.0,0.0,0.0,0.0,0.0,0.0,0.03,0,0,0,0,0,0,0,0,0,0,0,0,0,0,0,0,0,0,0,0,0
7.507918119430542,9.0,0.0,0.0,0.0,0.0,0.0,0.0,0.0,0.0,0.03,0,0,0,0,0,0,0,0,0,0,0,0,0,0,0,0,0,0,0,0,0
7.510654449462891,9.0,0.0,0.0,0.0,0.0,0.0,0.0,0.0,0.0,0.03,0,0,0,0,0,0,0,0,0,0,0,0,0,0,0,0,0,0,0,0,0
7.512260675430298,9.0,0.0,0.0,0.0,0.0,0.0,0.0,0.0,0.0,0.03,0,0,0,0,0,0,0,0,0,0,0,0,0,0,0,0,0,0,0,0,0
7.513494253158569,9.0,0.0,0.0,0.0,0.0,0.0,0.0,0.0,0.0,0.03,0,0,0,0,0,0,0,0,0,0,0,0,0,0,0,0,0,0,0,0,0
7.514998435974121,9.0,0.0,0.0,0.0,0.0,0.0,0.0,0.0,0.0,0.03,0,0,0,0,0,0,0,0,0,0,0,0,0,0,0,0,0,0,0,0,0
7.5162975788116455,9.0,0.0,0.0,0.0,0.0,0.0,0.0,0.0,0.0,0.03,0,0,0,0,0,0,0,0,0,0,0,0,0,0,0,0,0,0,0,0,0
7.517565727233887,9.0,0.0,0.0,0.0,0.0,0.0,0.0,0.0,0.0,0.03,0,0,0,0,0,0,0,0,0,0,0,0,0,0,0,0,0,0,0,0,0
7.519170761108398,9.0,0.0,0.0,0.0,0.0,0.0,0.0,0.0,0.0,0.03,0,0,0,0,0,0,0,0,0,0,0,0,0,0,0,0,0,0,0,0,0
7.520775556564331,9.0,0.0,0.0,0.0,0.0,0.0,0.0,0.0,0.0,0.03,0,0,0,0,0,0,0,0,0,0,0,0,0,0,0,0,0,0,0,0,0
7.521897315979004,9.0,0.0,0.0,0.0,0.0,0.0,0.0,0.0,0.0,0.03,0,0,0,0,0,0,0,0,0,0,0,0,0,0,0,0,0,0,0,0,0
7.523623466491699,9.0,0.0,0.0,0.0,0.0,0.0,0.0,0.0,0.0,0.03,0,0,0,0,0,0,0,0,0,0,0,0,0,0,0,0,0,0,0,0,0
7.525156021118164,9.0,0.0,0.0,0.0,0.0,0.0,0.0,0.0,0.0,0.03,0,0,0,0,0,0,0,0,0,0,0,0,0,0,0,0,0,0,0,0,0
7.526374578475952,9.0,0.0,0.0,0.0,0.0,0.0,0.0,0.0,0.0,0.03,0,0,0,0,0,0,0,0,0,0,0,0,0,0,0,0,0,0,0,0,0
7.5274658203125,9.0,0.0,0.0,0.0,0.0,0.0,0.0,0.0,0.0,0.03,0,0,0,0,0,0,0,0,0,0,0,0,0,0,0,0,0,0,0,0,0
7.528580188751221,9.0,0.0,0.0,0.0,0.0,0.0,0.0,0.0,0.0,0.03,0,0,0,0,0,0,0,0,0,0,0,0,0,0,0,0,0,0,0,0,0
7.529909610748291,9.0,0.0,0.0,0.0,0.0,0.0,0.0,0.0,0.0,0.03,0,0,0,0,0,0,0,0,0,0,0,0,0,0,0,0,0,0,0,0,0
7.531340599060059,9.0,0.0,0.0,0.0,0.0,0.0,0.0,0.0,0.0,0.03,0,0,0,0,0,0,0,0,0,0,0,0,0,0,0,0,0,0,0,0,0
7.5325846672058105,9.0,0.0,0.0,0.0,0.0,0.0,0.0,0.0,0.0,0.03,0,0,0,0,0,0,0,0,0,0,0,0,0,0,0,0,0,0,0,0,0
7.534167289733887,9.0,0.0,0.0,0.0,0.0,0.0,0.0,0.0,0.0,0.03,0,0,0,0,0,0,0,0,0,0,0,0,0,0,0,0,0,0,0,0,0
7.53570294380188,9.0,0.0,0.0,0.0,0.0,0.0,0.0,0.0,0.0,0.03,0,0,0,0,0,0,0,0,0,0,0,0,0,0,0,0,0,0,0,0,0
7.537227392196655,9.0,0.0,0.0,0.0,0.0,0.0,0.0,0.0,0.0,0.03,0,0,0,0,0,0,0,0,0,0,0,0,0,0,0,0,0,0,0,0,0
7.538377285003662,9.0,0.0,0.0,0.0,0.0,0.0,0.0,0.0,0.0,0.03,0,0,0,0,0,0,0,0,0,0,0,0,0,0,0,0,0,0,0,0,0
7.539743185043335,9.0,0.0,0.0,0.0,0.0,0.0,0.0,0.0,0.0,0.03,0,0,0,0,0,0,0,0,0,0,0,0,0,0,0,0,0,0,0,0,0
7.541191339492798,9.0,0.0,0.0,0.0,0.0,0.0,0.0,0.0,0.0,0.03,0,0,0,0,0,0,0,0,0,0,0,0,0,0,0,0,0,0,0,0,0
7.54288911819458,9.0,0.0,0.0,0.0,0.0,0.0,0.0,0.0,0.0,0.03,0,0,0,0,0,0,0,0,0,0,0,0,0,0,0,0,0,0,0,0,0
7.54416298866272,9.0,0.0,0.0,0.0,0.0,0.0,0.0,0.0,0.0,0.03,0,0,0,0,0,0,0,0,0,0,0,0,0,0,0,0,0,0,0,0,0
7.545660495758057,9.0,0.0,0.0,0.0,0.0,0.0,0.0,0.0,0.0,0.03,0,0,0,0,0,0,0,0,0,0,0,0,0,0,0,0,0,0,0,0,0
7.5468058586120605,9.0,0.0,0.0,0.0,0.0,0.0,0.0,0.0,0.0,0.03,0,0,0,0,0,0,0,0,0,0,0,0,0,0,0,0,0,0,0,0,0
7.547889947891235,9.0,0.0,0.0,0.0,0.0,0.0,0.0,0.0,0.0,0.03,0,0,0,0,0,0,0,0,0,0,0,0,0,0,0,0,0,0,0,0,0
7.548976182937622,9.0,0.0,0.0,0.0,0.0,0.0,0.0,0.0,0.0,0.03,0,0,0,0,0,0,0,0,0,0,0,0,0,0,0,0,0,0,0,0,0
7.550093650817871,9.0,0.0,0.0,0.0,0.0,0.0,0.0,0.0,0.0,0.03,0,0,0,0,0,0,0,0,0,0,0,0,0,0,0,0,0,0,0,0,0
7.551177740097046,9.0,0.0,0.0,0.0,0.0,0.0,0.0,0.0,0.0,0.03,0,0,0,0,0,0,0,0,0,0,0,0,0,0,0,0,0,0,0,0,0
7.552632808685303,9.0,0.0,0.0,0.0,0.0,0.0,0.0,0.0,0.0,0.03,0,0,0,0,0,0,0,0,0,0,0,0,0,0,0,0,0,0,0,0,0
7.553807497024536,9.0,0.0,0.0,0.0,0.0,0.0,0.0,0.0,0.0,0.03,0,0,0,0,0,0,0,0,0,0,0,0,0,0,0,0,0,0,0,0,0
7.555556774139404,9.0,0.0,0.0,0.0,0.0,0.0,0.0,0.0,0.0,0.03,0,0,0,0,0,0,0,0,0,0,0,0,0,0,0,0,0,0,0,0,0
7.5568108558654785,9.0,0.0,0.0,0.0,0.0,0.0,0.0,0.0,0.0,0.03,0,0,0,0,0,0,0,0,0,0,0,0,0,0,0,0,0,0,0,0,0
7.55789041519165,9.0,0.0,0.0,0.0,0.0,0.0,0.0,0.0,0.0,0.03,0,0,0,0,0,0,0,0,0,0,0,0,0,0,0,0,0,0,0,0,0
7.559081792831421,9.0,0.0,0.0,0.0,0.0,0.0,0.0,0.0,0.0,0.03,0,0,0,0,0,0,0,0,0,0,0,0,0,0,0,0,0,0,0,0,0
7.560889720916748,9.0,0.0,0.0,0.0,0.0,0.0,0.0,0.0,0.0,0.03,0,0,0,0,0,0,0,0,0,0,0,0,0,0,0,0,0,0,0,0,0
7.562148332595825,9.0,0.0,0.0,0.0,0.0,0.0,0.0,0.0,0.0,0.03,0,0,0,0,0,0,0,0,0,0,0,0,0,0,0,0,0,0,0,0,0
7.563263654708862,9.0,0.0,0.0,0.0,0.0,0.0,0.0,0.0,0.0,0.03,0,0,0,0,0,0,0,0,0,0,0,0,0,0,0,0,0,0,0,0,0
7.5643556118011475,9.0,0.0,0.0,0.0,0.0,0.0,0.0,0.0,0.0,0.03,0,0,0,0,0,0,0,0,0,0,0,0,0,0,0,0,0,0,0,0,0
7.568022012710571,9.0,0.0,0.0,0.0,0.0,0.0,0.0,0.0,0.0,0.03,0,0,0,0,0,0,0,0,0,0,0,0,0,0,0,0,0,0,0,0,0
7.569269895553589,9.0,0.0,0.0,0.0,0.0,0.0,0.0,0.0,0.0,0.03,0,0,0,0,0,0,0,0,0,0,0,0,0,0,0,0,0,0,0,0,0
7.571943759918213,9.0,0.0,0.0,0.0,0.0,0.0,0.0,0.0,0.0,0.03,0,0,0,0,0,0,0,0,0,0,0,0,0,0,0,0,0,0,0,0,0
7.573570489883423,9.0,0.0,0.0,0.0,0.0,0.0,0.0,0.0,0.0,0.03,0,0,0,0,0,0,0,0,0,0,0,0,0,0,0,0,0,0,0,0,0
7.575485706329346,9.0,0.0,0.0,0.0,0.0,0.0,0.0,0.0,0.0,0.03,0,0,0,0,0,0,0,0,0,0,0,0,0,0,0,0,0,0,0,0,0
7.576810121536255,9.0,0.0,0.0,0.0,0.0,0.0,0.0,0.0,0.0,0.03,0,0,0,0,0,0,0,0,0,0,0,0,0,0,0,0,0,0,0,0,0
7.578167915344238,9.0,0.0,0.0,0.0,0.0,0.0,0.0,0.0,0.0,0.03,0,0,0,0,0,0,0,0,0,0,0,0,0,0,0,0,0,0,0,0,0
7.579923391342163,9.0,0.0,0.0,0.0,0.0,0.0,0.0,0.0,0.0,0.03,0,0,0,0,0,0,0,0,0,0,0,0,0,0,0,0,0,0,0,0,0
7.58213472366333,9.0,0.0,0.0,0.0,0.0,0.0,0.0,0.0,0.0,0.03,0,0,0,0,0,0,0,0,0,0,0,0,0,0,0,0,0,0,0,0,0
7.583263874053955,9.0,0.0,0.0,0.0,0.0,0.0,0.0,0.0,0.0,0.03,0,0,0,0,0,0,0,0,0,0,0,0,0,0,0,0,0,0,0,0,0
7.584628582000732,9.0,0.0,0.0,0.0,0.0,0.0,0.0,0.0,0.0,0.03,0,0,0,0,0,0,0,0,0,0,0,0,0,0,0,0,0,0,0,0,0
7.5857834815979,9.0,0.0,0.0,0.0,0.0,0.0,0.0,0.0,0.0,0.03,0,0,0,0,0,0,0,0,0,0,0,0,0,0,0,0,0,0,0,0,0
7.586996793746948,9.0,0.0,0.0,0.0,0.0,0.0,0.0,0.0,0.0,0.03,0,0,0,0,0,0,0,0,0,0,0,0,0,0,0,0,0,0,0,0,0
7.588301420211792,9.0,0.0,0.0,0.0,0.0,0.0,0.0,0.0,0.0,0.03,0,0,0,0,0,0,0,0,0,0,0,0,0,0,0,0,0,0,0,0,0
7.589405298233032,9.0,0.0,0.0,0.0,0.0,0.0,0.0,0.0,0.0,0.03,0,0,0,0,0,0,0,0,0,0,0,0,0,0,0,0,0,0,0,0,0
7.590532302856445,9.0,0.0,0.0,0.0,0.0,0.0,0.0,0.0,0.0,0.03,0,0,0,0,0,0,0,0,0,0,0,0,0,0,0,0,0,0,0,0,0
7.591726303100586,9.0,0.0,0.0,0.0,0.0,0.0,0.0,0.0,0.0,0.03,0,0,0,0,0,0,0,0,0,0,0,0,0,0,0,0,0,0,0,0,0
7.592813491821289,9.0,0.0,0.0,0.0,0.0,0.0,0.0,0.0,0.0,0.03,0,0,0,0,0,0,0,0,0,0,0,0,0,0,0,0,0,0,0,0,0
7.594076871871948,9.0,0.0,0.0,0.0,0.0,0.0,0.0,0.0,0.0,0.03,0,0,0,0,0,0,0,0,0,0,0,0,0,0,0,0,0,0,0,0,0
7.595417261123657,9.0,0.0,0.0,0.0,0.0,0.0,0.0,0.0,0.0,0.03,0,0,0,0,0,0,0,0,0,0,0,0,0,0,0,0,0,0,0,0,0
7.59720778465271,9.0,0.0,0.0,0.0,0.0,0.0,0.0,0.0,0.0,0.03,0,0,0,0,0,0,0,0,0,0,0,0,0,0,0,0,0,0,0,0,0
7.5983827114105225,9.0,0.0,0.0,0.0,0.0,0.0,0.0,0.0,0.0,0.03,0,0,0,0,0,0,0,0,0,0,0,0,0,0,0,0,0,0,0,0,0
7.59950852394104,9.0,0.0,0.0,0.0,0.0,0.0,0.0,0.0,0.0,0.03,0,0,0,0,0,0,0,0,0,0,0,0,0,0,0,0,0,0,0,0,0
7.600604772567749,9.0,0.0,0.0,0.0,0.0,0.0,0.0,0.0,0.0,0.03,0,0,0,0,0,0,0,0,0,0,0,0,0,0,0,0,0,0,0,0,0
7.601740598678589,9.0,0.0,0.0,0.0,0.0,0.0,0.0,0.0,0.0,0.03,0,0,0,0,0,0,0,0,0,0,0,0,0,0,0,0,0,0,0,0,0
7.603248834609985,9.0,0.0,0.0,0.0,0.0,0.0,0.0,0.0,0.0,0.03,0,0,0,0,0,0,0,0,0,0,0,0,0,0,0,0,0,0,0,0,0
7.604766845703125,9.0,0.0,0.0,0.0,0.0,0.0,0.0,0.0,0.0,0.03,0,0,0,0,0,0,0,0,0,0,0,0,0,0,0,0,0,0,0,0,0
7.606041669845581,9.0,0.0,0.0,0.0,0.0,0.0,0.0,0.0,0.0,0.03,0,0,0,0,0,0,0,0,0,0,0,0,0,0,0,0,0,0,0,0,0
7.607179880142212,9.0,0.0,0.0,0.0,0.0,0.0,0.0,0.0,0.0,0.03,0,0,0,0,0,0,0,0,0,0,0,0,0,0,0,0,0,0,0,0,0
7.608624696731567,9.0,0.0,0.0,0.0,0.0,0.0,0.0,0.0,0.0,0.03,0,0,0,0,0,0,0,0,0,0,0,0,0,0,0,0,0,0,0,0,0
7.6097235679626465,9.0,0.0,0.0,0.0,0.0,0.0,0.0,0.0,0.0,0.03,0,0,0,0,0,0,0,0,0,0,0,0,0,0,0,0,0,0,0,0,0
7.610806703567505,9.0,0.0,0.0,0.0,0.0,0.0,0.0,0.0,0.0,0.03,0,0,0,0,0,0,0,0,0,0,0,0,0,0,0,0,0,0,0,0,0
7.612054109573364,9.0,0.0,0.0,0.0,0.0,0.0,0.0,0.0,0.0,0.03,0,0,0,0,0,0,0,0,0,0,0,0,0,0,0,0,0,0,0,0,0
7.613140106201172,9.0,0.0,0.0,0.0,0.0,0.0,0.0,0.0,0.0,0.03,0,0,0,0,0,0,0,0,0,0,0,0,0,0,0,0,0,0,0,0,0
7.61450719833374,9.0,0.0,0.0,0.0,0.0,0.0,0.0,0.0,0.0,0.03,0,0,0,0,0,0,0,0,0,0,0,0,0,0,0,0,0,0,0,0,0
7.6160337924957275,9.0,0.0,0.0,0.0,0.0,0.0,0.0,0.0,0.0,0.03,0,0,0,0,0,0,0,0,0,0,0,0,0,0,0,0,0,0,0,0,0
7.617576360702515,9.0,0.0,0.0,0.0,0.0,0.0,0.0,0.0,0.0,0.03,0,0,0,0,0,0,0,0,0,0,0,0,0,0,0,0,0,0,0,0,0
7.6188366413116455,9.0,0.0,0.0,0.0,0.0,0.0,0.0,0.0,0.0,0.03,0,0,0,0,0,0,0,0,0,0,0,0,0,0,0,0,0,0,0,0,0
7.6200292110443115,9.0,0.0,0.0,0.0,0.0,0.0,0.0,0.0,0.0,0.03,0,0,0,0,0,0,0,0,0,0,0,0,0,0,0,0,0,0,0,0,0
7.621513605117798,9.0,0.0,0.0,0.0,0.0,0.0,0.0,0.0,0.0,0.03,0,0,0,0,0,0,0,0,0,0,0,0,0,0,0,0,0,0,0,0,0
7.623039960861206,9.0,0.0,0.0,0.0,0.0,0.0,0.0,0.0,0.0,0.03,0,0,0,0,0,0,0,0,0,0,0,0,0,0,0,0,0,0,0,0,0
7.624324321746826,9.0,0.0,0.0,0.0,0.0,0.0,0.0,0.0,0.0,0.03,0,0,0,0,0,0,0,0,0,0,0,0,0,0,0,0,0,0,0,0,0
7.625579357147217,9.0,0.0,0.0,0.0,0.0,0.0,0.0,0.0,0.0,0.03,0,0,0,0,0,0,0,0,0,0,0,0,0,0,0,0,0,0,0,0,0
7.626986980438232,9.0,0.0,0.0,0.0,0.0,0.0,0.0,0.0,0.0,0.03,0,0,0,0,0,0,0,0,0,0,0,0,0,0,0,0,0,0,0,0,0
7.630502462387085,9.0,0.0,0.0,0.0,0.0,0.0,0.0,0.0,0.0,0.03,0,0,0,0,0,0,0,0,0,0,0,0,0,0,0,0,0,0,0,0,0
7.631717920303345,9.0,0.0,0.0,0.0,0.0,0.0,0.0,0.0,0.0,0.03,0,0,0,0,0,0,0,0,0,0,0,0,0,0,0,0,0,0,0,0,0
7.6329967975616455,9.0,0.0,0.0,0.0,0.0,0.0,0.0,0.0,0.0,0.03,0,0,0,0,0,0,0,0,0,0,0,0,0,0,0,0,0,0,0,0,0
7.634430646896362,9.0,0.0,0.0,0.0,0.0,0.0,0.0,0.0,0.0,0.03,0,0,0,0,0,0,0,0,0,0,0,0,0,0,0,0,0,0,0,0,0
7.635878086090088,9.0,0.0,0.0,0.0,0.0,0.0,0.0,0.0,0.0,0.03,0,0,0,0,0,0,0,0,0,0,0,0,0,0,0,0,0,0,0,0,0
7.637937784194946,9.0,0.0,0.0,0.0,0.0,0.0,0.0,0.0,0.0,0.03,0,0,0,0,0,0,0,0,0,0,0,0,0,0,0,0,0,0,0,0,0
7.639380931854248,9.0,0.0,0.0,0.0,0.0,0.0,0.0,0.0,0.0,0.03,0,0,0,0,0,0,0,0,0,0,0,0,0,0,0,0,0,0,0,0,0
7.6406214237213135,9.0,0.0,0.0,0.0,0.0,0.0,0.0,0.0,0.0,0.03,0,0,0,0,0,0,0,0,0,0,0,0,0,0,0,0,0,0,0,0,0
7.641989707946777,9.0,0.0,0.0,0.0,0.0,0.0,0.0,0.0,0.0,0.03,0,0,0,0,0,0,0,0,0,0,0,0,0,0,0,0,0,0,0,0,0
7.643195390701294,9.0,0.0,0.0,0.0,0.0,0.0,0.0,0.0,0.0,0.03,0,0,0,0,0,0,0,0,0,0,0,0,0,0,0,0,0,0,0,0,0
7.644848585128784,9.0,0.0,0.0,0.0,0.0,0.0,0.0,0.0,0.0,0.03,0,0,0,0,0,0,0,0,0,0,0,0,0,0,0,0,0,0,0,0,0
7.646100282669067,9.0,0.0,0.0,0.0,0.0,0.0,0.0,0.0,0.0,0.03,0,0,0,0,0,0,0,0,0,0,0,0,0,0,0,0,0,0,0,0,0
7.647772550582886,9.0,0.0,0.0,0.0,0.0,0.0,0.0,0.0,0.0,0.03,0,0,0,0,0,0,0,0,0,0,0,0,0,0,0,0,0,0,0,0,0
7.649388551712036,9.0,0.0,0.0,0.0,0.0,0.0,0.0,0.0,0.0,0.03,0,0,0,0,0,0,0,0,0,0,0,0,0,0,0,0,0,0,0,0,0
7.650557994842529,9.0,0.0,0.0,0.0,0.0,0.0,0.0,0.0,0.0,0.03,0,0,0,0,0,0,0,0,0,0,0,0,0,0,0,0,0,0,0,0,0
7.651646137237549,9.0,0.0,0.0,0.0,0.0,0.0,0.0,0.0,0.0,0.03,0,0,0,0,0,0,0,0,0,0,0,0,0,0,0,0,0,0,0,0,0
7.652767658233643,9.0,0.0,0.0,0.0,0.0,0.0,0.0,0.0,0.0,0.03,0,0,0,0,0,0,0,0,0,0,0,0,0,0,0,0,0,0,0,0,0
7.653834581375122,9.0,0.0,0.0,0.0,0.0,0.0,0.0,0.0,0.0,0.03,0,0,0,0,0,0,0,0,0,0,0,0,0,0,0,0,0,0,0,0,0
7.654963493347168,9.0,0.0,0.0,0.0,0.0,0.0,0.0,0.0,0.0,0.03,0,0,0,0,0,0,0,0,0,0,0,0,0,0,0,0,0,0,0,0,0
7.65680456161499,9.0,0.0,0.0,0.0,0.0,0.0,0.0,0.0,0.0,0.03,0,0,0,0,0,0,0,0,0,0,0,0,0,0,0,0,0,0,0,0,0
7.658427715301514,9.0,0.0,0.0,0.0,0.0,0.0,0.0,0.0,0.0,0.03,0,0,0,0,0,0,0,0,0,0,0,0,0,0,0,0,0,0,0,0,0
7.660507917404175,9.0,0.0,0.0,0.0,0.0,0.0,0.0,0.0,0.0,0.03,0,0,0,0,0,0,0,0,0,0,0,0,0,0,0,0,0,0,0,0,0
7.661600589752197,9.0,0.0,0.0,0.0,0.0,0.0,0.0,0.0,0.0,0.03,0,0,0,0,0,0,0,0,0,0,0,0,0,0,0,0,0,0,0,0,0
7.66270899772644,9.0,0.0,0.0,0.0,0.0,0.0,0.0,0.0,0.0,0.03,0,0,0,0,0,0,0,0,0,0,0,0,0,0,0,0,0,0,0,0,0
7.664096117019653,9.0,0.0,0.0,0.0,0.0,0.0,0.0,0.0,0.0,0.03,0,0,0,0,0,0,0,0,0,0,0,0,0,0,0,0,0,0,0,0,0
7.665528774261475,9.0,0.0,0.0,0.0,0.0,0.0,0.0,0.0,0.0,0.03,0,0,0,0,0,0,0,0,0,0,0,0,0,0,0,0,0,0,0,0,0
7.666817903518677,9.0,0.0,0.0,0.0,0.0,0.0,0.0,0.0,0.0,0.03,0,0,0,0,0,0,0,0,0,0,0,0,0,0,0,0,0,0,0,0,0
7.668146371841431,9.0,0.0,0.0,0.0,0.0,0.0,0.0,0.0,0.0,0.03,0,0,0,0,0,0,0,0,0,0,0,0,0,0,0,0,0,0,0,0,0
7.66964054107666,9.0,0.0,0.0,0.0,0.0,0.0,0.0,0.0,0.0,0.03,0,0,0,0,0,0,0,0,0,0,0,0,0,0,0,0,0,0,0,0,0
7.670814752578735,9.0,0.0,0.0,0.0,0.0,0.0,0.0,0.0,0.0,0.03,0,0,0,0,0,0,0,0,0,0,0,0,0,0,0,0,0,0,0,0,0
7.671942710876465,9.0,0.0,0.0,0.0,0.0,0.0,0.0,0.0,0.0,0.03,0,0,0,0,0,0,0,0,0,0,0,0,0,0,0,0,0,0,0,0,0
7.673140525817871,9.0,0.0,0.0,0.0,0.0,0.0,0.0,0.0,0.0,0.03,0,0,0,0,0,0,0,0,0,0,0,0,0,0,0,0,0,0,0,0,0
7.674250841140747,9.0,0.0,0.0,0.0,0.0,0.0,0.0,0.0,0.0,0.03,0,0,0,0,0,0,0,0,0,0,0,0,0,0,0,0,0,0,0,0,0
7.675495862960815,9.0,0.0,0.0,0.0,0.0,0.0,0.0,0.0,0.0,0.03,0,0,0,0,0,0,0,0,0,0,0,0,0,0,0,0,0,0,0,0,0
7.677157402038574,9.0,0.0,0.0,0.0,0.0,0.0,0.0,0.0,0.0,0.03,0,0,0,0,0,0,0,0,0,0,0,0,0,0,0,0,0,0,0,0,0
7.678395509719849,9.0,0.0,0.0,0.0,0.0,0.0,0.0,0.0,0.0,0.03,0,0,0,0,0,0,0,0,0,0,0,0,0,0,0,0,0,0,0,0,0
7.6814117431640625,9.0,0.0,0.0,0.0,0.0,0.0,0.0,0.0,0.0,0.03,0,0,0,0,0,0,0,0,0,0,0,0,0,0,0,0,0,0,0,0,0
7.682537317276001,9.0,0.0,0.0,0.0,0.0,0.0,0.0,0.0,0.0,0.03,0,0,0,0,0,0,0,0,0,0,0,0,0,0,0,0,0,0,0,0,0
7.6840174198150635,9.0,0.0,0.0,0.0,0.0,0.0,0.0,0.0,0.0,0.03,0,0,0,0,0,0,0,0,0,0,0,0,0,0,0,0,0,0,0,0,0
7.68549919128418,9.0,0.0,0.0,0.0,0.0,0.0,0.0,0.0,0.0,0.03,0,0,0,0,0,0,0,0,0,0,0,0,0,0,0,0,0,0,0,0,0
7.686720609664917,9.0,0.0,0.0,0.0,0.0,0.0,0.0,0.0,0.0,0.03,0,0,0,0,0,0,0,0,0,0,0,0,0,0,0,0,0,0,0,0,0
7.688206911087036,9.0,0.0,0.0,0.0,0.0,0.0,0.0,0.0,0.0,0.03,0,0,0,0,0,0,0,0,0,0,0,0,0,0,0,0,0,0,0,0,0
7.689357042312622,9.0,0.0,0.0,0.0,0.0,0.0,0.0,0.0,0.0,0.03,0,0,0,0,0,0,0,0,0,0,0,0,0,0,0,0,0,0,0,0,0
7.692795991897583,9.0,0.0,0.0,0.0,0.0,0.0,0.0,0.0,0.0,0.03,0,0,0,0,0,0,0,0,0,0,0,0,0,0,0,0,0,0,0,0,0
7.694109916687012,9.0,0.0,0.0,0.0,0.0,0.0,0.0,0.0,0.0,0.03,0,0,0,0,0,0,0,0,0,0,0,0,0,0,0,0,0,0,0,0,0
7.695388078689575,9.0,0.0,0.0,0.0,0.0,0.0,0.0,0.0,0.0,0.03,0,0,0,0,0,0,0,0,0,0,0,0,0,0,0,0,0,0,0,0,0
7.696781873703003,9.0,0.0,0.0,0.0,0.0,0.0,0.0,0.0,0.0,0.03,0,0,0,0,0,0,0,0,0,0,0,0,0,0,0,0,0,0,0,0,0
7.698855876922607,9.0,0.0,0.0,0.0,0.0,0.0,0.0,0.0,0.0,0.03,0,0,0,0,0,0,0,0,0,0,0,0,0,0,0,0,0,0,0,0,0
7.70034384727478,9.0,0.0,0.0,0.0,0.0,0.0,0.0,0.0,0.0,0.03,0,0,0,0,0,0,0,0,0,0,0,0,0,0,0,0,0,0,0,0,0
7.7018797397613525,9.0,0.0,0.0,0.0,0.0,0.0,0.0,0.0,0.0,0.03,0,0,0,0,0,0,0,0,0,0,0,0,0,0,0,0,0,0,0,0,0
7.703226566314697,9.0,0.0,0.0,0.0,0.0,0.0,0.0,0.0,0.0,0.03,0,0,0,0,0,0,0,0,0,0,0,0,0,0,0,0,0,0,0,0,0
7.704594612121582,9.0,0.0,0.0,0.0,0.0,0.0,0.0,0.0,0.0,0.03,0,0,0,0,0,0,0,0,0,0,0,0,0,0,0,0,0,0,0,0,0
7.705993175506592,9.0,0.0,0.0,0.0,0.0,0.0,0.0,0.0,0.0,0.03,0,0,0,0,0,0,0,0,0,0,0,0,0,0,0,0,0,0,0,0,0
7.707440376281738,9.0,0.0,0.0,0.0,0.0,0.0,0.0,0.0,0.0,0.03,0,0,0,0,0,0,0,0,0,0,0,0,0,0,0,0,0,0,0,0,0
7.708710193634033,9.0,0.0,0.0,0.0,0.0,0.0,0.0,0.0,0.0,0.03,0,0,0,0,0,0,0,0,0,0,0,0,0,0,0,0,0,0,0,0,0
7.709883451461792,9.0,0.0,0.0,0.0,0.0,0.0,0.0,0.0,0.0,0.03,0,0,0,0,0,0,0,0,0,0,0,0,0,0,0,0,0,0,0,0,0
7.711785793304443,9.0,0.0,0.0,0.0,0.0,0.0,0.0,0.0,0.0,0.03,0,0,0,0,0,0,0,0,0,0,0,0,0,0,0,0,0,0,0,0,0
7.7131123542785645,9.0,0.0,0.0,0.0,0.0,0.0,0.0,0.0,0.0,0.03,0,0,0,0,0,0,0,0,0,0,0,0,0,0,0,0,0,0,0,0,0
7.714196443557739,9.0,0.0,0.0,0.0,0.0,0.0,0.0,0.0,0.0,0.03,0,0,0,0,0,0,0,0,0,0,0,0,0,0,0,0,0,0,0,0,0
7.715384006500244,9.0,0.0,0.0,0.0,0.0,0.0,0.0,0.0,0.0,0.03,0,0,0,0,0,0,0,0,0,0,0,0,0,0,0,0,0,0,0,0,0
7.716490983963013,9.0,0.0,0.0,0.0,0.0,0.0,0.0,0.0,0.0,0.03,0,0,0,0,0,0,0,0,0,0,0,0,0,0,0,0,0,0,0,0,0
7.717644214630127,9.0,0.0,0.0,0.0,0.0,0.0,0.0,0.0,0.0,0.03,0,0,0,0,0,0,0,0,0,0,0,0,0,0,0,0,0,0,0,0,0
7.7188379764556885,9.0,0.0,0.0,0.0,0.0,0.0,0.0,0.0,0.0,0.03,0,0,0,0,0,0,0,0,0,0,0,0,0,0,0,0,0,0,0,0,0
7.719970226287842,9.0,0.0,0.0,0.0,0.0,0.0,0.0,0.0,0.0,0.03,0,0,0,0,0,0,0,0,0,0,0,0,0,0,0,0,0,0,0,0,0
7.721226930618286,9.0,0.0,0.0,0.0,0.0,0.0,0.0,0.0,0.0,0.03,0,0,0,0,0,0,0,0,0,0,0,0,0,0,0,0,0,0,0,0,0
7.722943067550659,9.0,0.0,0.0,0.0,0.0,0.0,0.0,0.0,0.0,0.03,0,0,0,0,0,0,0,0,0,0,0,0,0,0,0,0,0,0,0,0,0
7.724143981933594,9.0,0.0,0.0,0.0,0.0,0.0,0.0,0.0,0.0,0.03,0,0,0,0,0,0,0,0,0,0,0,0,0,0,0,0,0,0,0,0,0
7.725435733795166,9.0,0.0,0.0,0.0,0.0,0.0,0.0,0.0,0.0,0.03,0,0,0,0,0,0,0,0,0,0,0,0,0,0,0,0,0,0,0,0,0
7.726792573928833,9.0,0.0,0.0,0.0,0.0,0.0,0.0,0.0,0.0,0.03,0,0,0,0,0,0,0,0,0,0,0,0,0,0,0,0,0,0,0,0,0
7.727950096130371,9.0,0.0,0.0,0.0,0.0,0.0,0.0,0.0,0.0,0.03,0,0,0,0,0,0,0,0,0,0,0,0,0,0,0,0,0,0,0,0,0
7.7290568351745605,9.0,0.0,0.0,0.0,0.0,0.0,0.0,0.0,0.0,0.03,0,0,0,0,0,0,0,0,0,0,0,0,0,0,0,0,0,0,0,0,0
7.730188846588135,9.0,0.0,0.0,0.0,0.0,0.0,0.0,0.0,0.0,0.03,0,0,0,0,0,0,0,0,0,0,0,0,0,0,0,0,0,0,0,0,0
7.7314293384552,9.0,0.0,0.0,0.0,0.0,0.0,0.0,0.0,0.0,0.03,0,0,0,0,0,0,0,0,0,0,0,0,0,0,0,0,0,0,0,0,0
7.732639789581299,9.0,0.0,0.0,0.0,0.0,0.0,0.0,0.0,0.0,0.03,0,0,0,0,0,0,0,0,0,0,0,0,0,0,0,0,0,0,0,0,0
7.733865976333618,9.0,0.0,0.0,0.0,0.0,0.0,0.0,0.0,0.0,0.03,0,0,0,0,0,0,0,0,0,0,0,0,0,0,0,0,0,0,0,0,0
7.73513388633728,9.0,0.0,0.0,0.0,0.0,0.0,0.0,0.0,0.0,0.03,0,0,0,0,0,0,0,0,0,0,0,0,0,0,0,0,0,0,0,0,0
7.736374378204346,9.0,0.0,0.0,0.0,0.0,0.0,0.0,0.0,0.0,0.03,0,0,0,0,0,0,0,0,0,0,0,0,0,0,0,0,0,0,0,0,0
7.737582445144653,9.0,0.0,0.0,0.0,0.0,0.0,0.0,0.0,0.0,0.03,0,0,0,0,0,0,0,0,0,0,0,0,0,0,0,0,0,0,0,0,0
7.738719701766968,9.0,0.0,0.0,0.0,0.0,0.0,0.0,0.0,0.0,0.03,0,0,0,0,0,0,0,0,0,0,0,0,0,0,0,0,0,0,0,0,0
7.739892244338989,9.0,0.0,0.0,0.0,0.0,0.0,0.0,0.0,0.0,0.03,0,0,0,0,0,0,0,0,0,0,0,0,0,0,0,0,0,0,0,0,0
7.7410759925842285,9.0,0.0,0.0,0.0,0.0,0.0,0.0,0.0,0.0,0.03,0,0,0,0,0,0,0,0,0,0,0,0,0,0,0,0,0,0,0,0,0
7.742328882217407,9.0,0.0,0.0,0.0,0.0,0.0,0.0,0.0,0.0,0.03,0,0,0,0,0,0,0,0,0,0,0,0,0,0,0,0,0,0,0,0,0
7.743568658828735,9.0,0.0,0.0,0.0,0.0,0.0,0.0,0.0,0.0,0.03,0,0,0,0,0,0,0,0,0,0,0,0,0,0,0,0,0,0,0,0,0
7.744680404663086,9.0,0.0,0.0,0.0,0.0,0.0,0.0,0.0,0.0,0.03,0,0,0,0,0,0,0,0,0,0,0,0,0,0,0,0,0,0,0,0,0
7.74634575843811,9.0,0.0,0.0,0.0,0.0,0.0,0.0,0.0,0.0,0.03,0,0,0,0,0,0,0,0,0,0,0,0,0,0,0,0,0,0,0,0,0
7.7477405071258545,9.0,0.0,0.0,0.0,0.0,0.0,0.0,0.0,0.0,0.03,0,0,0,0,0,0,0,0,0,0,0,0,0,0,0,0,0,0,0,0,0
7.748915672302246,9.0,0.0,0.0,0.0,0.0,0.0,0.0,0.0,0.0,0.03,0,0,0,0,0,0,0,0,0,0,0,0,0,0,0,0,0,0,0,0,0
7.750264883041382,9.0,0.0,0.0,0.0,0.0,0.0,0.0,0.0,0.0,0.03,0,0,0,0,0,0,0,0,0,0,0,0,0,0,0,0,0,0,0,0,0
7.751654863357544,9.0,0.0,0.0,0.0,0.0,0.0,0.0,0.0,0.0,0.03,0,0,0,0,0,0,0,0,0,0,0,0,0,0,0,0,0,0,0,0,0
7.752837896347046,9.0,0.0,0.0,0.0,0.0,0.0,0.0,0.0,0.0,0.03,0,0,0,0,0,0,0,0,0,0,0,0,0,0,0,0,0,0,0,0,0
7.754511833190918,9.0,0.0,0.0,0.0,0.0,0.0,0.0,0.0,0.0,0.03,0,0,0,0,0,0,0,0,0,0,0,0,0,0,0,0,0,0,0,0,0
7.755895137786865,9.0,0.0,0.0,0.0,0.0,0.0,0.0,0.0,0.0,0.03,0,0,0,0,0,0,0,0,0,0,0,0,0,0,0,0,0,0,0,0,0
7.75697135925293,9.0,0.0,0.0,0.0,0.0,0.0,0.0,0.0,0.0,0.03,0,0,0,0,0,0,0,0,0,0,0,0,0,0,0,0,0,0,0,0,0
7.759856224060059,9.0,0.0,0.0,0.0,0.0,0.0,0.0,0.0,0.0,0.03,0,0,0,0,0,0,0,0,0,0,0,0,0,0,0,0,0,0,0,0,0
7.761165142059326,9.0,0.0,0.0,0.0,0.0,0.0,0.0,0.0,0.0,0.03,0,0,0,0,0,0,0,0,0,0,0,0,0,0,0,0,0,0,0,0,0
7.76322865486145,9.0,0.0,0.0,0.0,0.0,0.0,0.0,0.0,0.0,0.03,0,0,0,0,0,0,0,0,0,0,0,0,0,0,0,0,0,0,0,0,0
7.764685392379761,9.0,0.0,0.0,0.0,0.0,0.0,0.0,0.0,0.0,0.03,0,0,0,0,0,0,0,0,0,0,0,0,0,0,0,0,0,0,0,0,0
7.766646385192871,9.0,0.0,0.0,0.0,0.0,0.0,0.0,0.0,0.0,0.03,0,0,0,0,0,0,0,0,0,0,0,0,0,0,0,0,0,0,0,0,0
7.7681732177734375,9.0,0.0,0.0,0.0,0.0,0.0,0.0,0.0,0.0,0.03,0,0,0,0,0,0,0,0,0,0,0,0,0,0,0,0,0,0,0,0,0
7.769556045532227,9.0,0.0,0.0,0.0,0.0,0.0,0.0,0.0,0.0,0.03,0,0,0,0,0,0,0,0,0,0,0,0,0,0,0,0,0,0,0,0,0
7.770908832550049,9.0,0.0,0.0,0.0,0.0,0.0,0.0,0.0,0.0,0.03,0,0,0,0,0,0,0,0,0,0,0,0,0,0,0,0,0,0,0,0,0
7.773470401763916,9.0,0.0,0.0,0.0,0.0,0.0,0.0,0.0,0.0,0.03,0,0,0,0,0,0,0,0,0,0,0,0,0,0,0,0,0,0,0,0,0
7.774813652038574,9.0,0.0,0.0,0.0,0.0,0.0,0.0,0.0,0.0,0.03,0,0,0,0,0,0,0,0,0,0,0,0,0,0,0,0,0,0,0,0,0
7.775928020477295,9.0,0.0,0.0,0.0,0.0,0.0,0.0,0.0,0.0,0.03,0,0,0,0,0,0,0,0,0,0,0,0,0,0,0,0,0,0,0,0,0
7.777226209640503,9.0,0.0,0.0,0.0,0.0,0.0,0.0,0.0,0.0,0.03,0,0,0,0,0,0,0,0,0,0,0,0,0,0,0,0,0,0,0,0,0
7.7783918380737305,9.0,0.0,0.0,0.0,0.0,0.0,0.0,0.0,0.0,0.03,0,0,0,0,0,0,0,0,0,0,0,0,0,0,0,0,0,0,0,0,0
7.779458045959473,9.0,0.0,0.0,0.0,0.0,0.0,0.0,0.0,0.0,0.03,0,0,0,0,0,0,0,0,0,0,0,0,0,0,0,0,0,0,0,0,0
7.7805914878845215,9.0,0.0,0.0,0.0,0.0,0.0,0.0,0.0,0.0,0.03,0,0,0,0,0,0,0,0,0,0,0,0,0,0,0,0,0,0,0,0,0
7.781691074371338,9.0,0.0,0.0,0.0,0.0,0.0,0.0,0.0,0.0,0.03,0,0,0,0,0,0,0,0,0,0,0,0,0,0,0,0,0,0,0,0,0
7.782876968383789,9.0,0.0,0.0,0.0,0.0,0.0,0.0,0.0,0.0,0.03,0,0,0,0,0,0,0,0,0,0,0,0,0,0,0,0,0,0,0,0,0
7.784222602844238,9.0,0.0,0.0,0.0,0.0,0.0,0.0,0.0,0.0,0.03,0,0,0,0,0,0,0,0,0,0,0,0,0,0,0,0,0,0,0,0,0
7.785306692123413,9.0,0.0,0.0,0.0,0.0,0.0,0.0,0.0,0.0,0.03,0,0,0,0,0,0,0,0,0,0,0,0,0,0,0,0,0,0,0,0,0
7.786972761154175,9.0,0.0,0.0,0.0,0.0,0.0,0.0,0.0,0.0,0.03,0,0,0,0,0,0,0,0,0,0,0,0,0,0,0,0,0,0,0,0,0
7.788288831710815,9.0,0.0,0.0,0.0,0.0,0.0,0.0,0.0,0.0,0.03,0,0,0,0,0,0,0,0,0,0,0,0,0,0,0,0,0,0,0,0,0
7.790642499923706,9.0,0.0,0.0,0.0,0.0,0.0,0.0,0.0,0.0,0.03,0,0,0,0,0,0,0,0,0,0,0,0,0,0,0,0,0,0,0,0,0
7.792107343673706,9.0,0.0,0.0,0.0,0.0,0.0,0.0,0.0,0.0,0.03,0,0,0,0,0,0,0,0,0,0,0,0,0,0,0,0,0,0,0,0,0
7.793449640274048,9.0,0.0,0.0,0.0,0.0,0.0,0.0,0.0,0.0,0.03,0,0,0,0,0,0,0,0,0,0,0,0,0,0,0,0,0,0,0,0,0
7.794571399688721,9.0,0.0,0.0,0.0,0.0,0.0,0.0,0.0,0.0,0.03,0,0,0,0,0,0,0,0,0,0,0,0,0,0,0,0,0,0,0,0,0
7.795714855194092,9.0,0.0,0.0,0.0,0.0,0.0,0.0,0.0,0.0,0.03,0,0,0,0,0,0,0,0,0,0,0,0,0,0,0,0,0,0,0,0,0
7.797668695449829,9.0,0.0,0.0,0.0,0.0,0.0,0.0,0.0,0.0,0.03,0,0,0,0,0,0,0,0,0,0,0,0,0,0,0,0,0,0,0,0,0
7.798982620239258,9.0,0.0,0.0,0.0,0.0,0.0,0.0,0.0,0.0,0.03,0,0,0,0,0,0,0,0,0,0,0,0,0,0,0,0,0,0,0,0,0
7.800473928451538,9.0,0.0,0.0,0.0,0.0,0.0,0.0,0.0,0.0,0.03,0,0,0,0,0,0,0,0,0,0,0,0,0,0,0,0,0,0,0,0,0
7.801896810531616,9.0,0.0,0.0,0.0,0.0,0.0,0.0,0.0,0.0,0.03,0,0,0,0,0,0,0,0,0,0,0,0,0,0,0,0,0,0,0,0,0
7.802978277206421,9.0,0.0,0.0,0.0,0.0,0.0,0.0,0.0,0.0,0.03,0,0,0,0,0,0,0,0,0,0,0,0,0,0,0,0,0,0,0,0,0
7.804157733917236,9.0,0.0,0.0,0.0,0.0,0.0,0.0,0.0,0.0,0.03,0,0,0,0,0,0,0,0,0,0,0,0,0,0,0,0,0,0,0,0,0
7.805258512496948,9.0,0.0,0.0,0.0,0.0,0.0,0.0,0.0,0.0,0.03,0,0,0,0,0,0,0,0,0,0,0,0,0,0,0,0,0,0,0,0,0
7.806501388549805,9.0,0.0,0.0,0.0,0.0,0.0,0.0,0.0,0.0,0.03,0,0,0,0,0,0,0,0,0,0,0,0,0,0,0,0,0,0,0,0,0
7.807669639587402,9.0,0.0,0.0,0.0,0.0,0.0,0.0,0.0,0.0,0.03,0,0,0,0,0,0,0,0,0,0,0,0,0,0,0,0,0,0,0,0,0
7.80926251411438,9.0,0.0,0.0,0.0,0.0,0.0,0.0,0.0,0.0,0.03,0,0,0,0,0,0,0,0,0,0,0,0,0,0,0,0,0,0,0,0,0
7.811032056808472,9.0,0.0,0.0,0.0,0.0,0.0,0.0,0.0,0.0,0.03,0,0,0,0,0,0,0,0,0,0,0,0,0,0,0,0,0,0,0,0,0
7.813936471939087,9.0,0.0,0.0,0.0,0.0,0.0,0.0,0.0,0.0,0.03,0,0,0,0,0,0,0,0,0,0,0,0,0,0,0,0,0,0,0,0,0
7.815422773361206,9.0,0.0,0.0,0.0,0.0,0.0,0.0,0.0,0.0,0.03,0,0,0,0,0,0,0,0,0,0,0,0,0,0,0,0,0,0,0,0,0
7.816922426223755,9.0,0.0,0.0,0.0,0.0,0.0,0.0,0.0,0.0,0.03,0,0,0,0,0,0,0,0,0,0,0,0,0,0,0,0,0,0,0,0,0
7.81808876991272,9.0,0.0,0.0,0.0,0.0,0.0,0.0,0.0,0.0,0.03,0,0,0,0,0,0,0,0,0,0,0,0,0,0,0,0,0,0,0,0,0
7.819831371307373,9.0,0.0,0.0,0.0,0.0,0.0,0.0,0.0,0.0,0.03,0,0,0,0,0,0,0,0,0,0,0,0,0,0,0,0,0,0,0,0,0
7.821243047714233,9.0,0.0,0.0,0.0,0.0,0.0,0.0,0.0,0.0,0.03,0,0,0,0,0,0,0,0,0,0,0,0,0,0,0,0,0,0,0,0,0
7.823149681091309,9.0,0.0,0.0,0.0,0.0,0.0,0.0,0.0,0.0,0.03,0,0,0,0,0,0,0,0,0,0,0,0,0,0,0,0,0,0,0,0,0
7.825074911117554,9.0,0.0,0.0,0.0,0.0,0.0,0.0,0.0,0.0,0.03,0,0,0,0,0,0,0,0,0,0,0,0,0,0,0,0,0,0,0,0,0
7.82615065574646,9.0,0.0,0.0,0.0,0.0,0.0,0.0,0.0,0.0,0.03,0,0,0,0,0,0,0,0,0,0,0,0,0,0,0,0,0,0,0,0,0
7.829289674758911,9.0,0.0,0.0,0.0,0.0,0.0,0.0,0.0,0.0,0.03,0,0,0,0,0,0,0,0,0,0,0,0,0,0,0,0,0,0,0,0,0
7.830411195755005,9.0,0.0,0.0,0.0,0.0,0.0,0.0,0.0,0.0,0.03,0,0,0,0,0,0,0,0,0,0,0,0,0,0,0,0,0,0,0,0,0
7.831616163253784,9.0,0.0,0.0,0.0,0.0,0.0,0.0,0.0,0.0,0.03,0,0,0,0,0,0,0,0,0,0,0,0,0,0,0,0,0,0,0,0,0
7.8327600955963135,9.0,0.0,0.0,0.0,0.0,0.0,0.0,0.0,0.0,0.03,0,0,0,0,0,0,0,0,0,0,0,0,0,0,0,0,0,0,0,0,0
7.833916902542114,9.0,0.0,0.0,0.0,0.0,0.0,0.0,0.0,0.0,0.03,0,0,0,0,0,0,0,0,0,0,0,0,0,0,0,0,0,0,0,0,0
7.837249517440796,9.0,0.0,0.0,0.0,0.0,0.0,0.0,0.0,0.0,0.03,0,0,0,0,0,0,0,0,0,0,0,0,0,0,0,0,0,0,0,0,0
7.838397979736328,9.0,0.0,0.0,0.0,0.0,0.0,0.0,0.0,0.0,0.03,0,0,0,0,0,0,0,0,0,0,0,0,0,0,0,0,0,0,0,0,0
7.839722156524658,9.0,0.0,0.0,0.0,0.0,0.0,0.0,0.0,0.0,0.03,0,0,0,0,0,0,0,0,0,0,0,0,0,0,0,0,0,0,0,0,0
7.841149806976318,9.0,0.0,0.0,0.0,0.0,0.0,0.0,0.0,0.0,0.03,0,0,0,0,0,0,0,0,0,0,0,0,0,0,0,0,0,0,0,0,0
7.842505693435669,9.0,0.0,0.0,0.0,0.0,0.0,0.0,0.0,0.0,0.03,0,0,0,0,0,0,0,0,0,0,0,0,0,0,0,0,0,0,0,0,0
7.844733238220215,9.0,0.0,0.0,0.0,0.0,0.0,0.0,0.0,0.0,0.03,0,0,0,0,0,0,0,0,0,0,0,0,0,0,0,0,0,0,0,0,0
7.845912933349609,9.0,0.0,0.0,0.0,0.0,0.0,0.0,0.0,0.0,0.03,0,0,0,0,0,0,0,0,0,0,0,0,0,0,0,0,0,0,0,0,0
7.847147226333618,9.0,0.0,0.0,0.0,0.0,0.0,0.0,0.0,0.0,0.03,0,0,0,0,0,0,0,0,0,0,0,0,0,0,0,0,0,0,0,0,0
7.848257064819336,9.0,0.0,0.0,0.0,0.0,0.0,0.0,0.0,0.0,0.03,0,0,0,0,0,0,0,0,0,0,0,0,0,0,0,0,0,0,0,0,0
7.849472284317017,9.0,0.0,0.0,0.0,0.0,0.0,0.0,0.0,0.0,0.03,0,0,0,0,0,0,0,0,0,0,0,0,0,0,0,0,0,0,0,0,0
7.8505682945251465,9.0,0.0,0.0,0.0,0.0,0.0,0.0,0.0,0.0,0.03,0,0,0,0,0,0,0,0,0,0,0,0,0,0,0,0,0,0,0,0,0
7.8518311977386475,9.0,0.0,0.0,0.0,0.0,0.0,0.0,0.0,0.0,0.03,0,0,0,0,0,0,0,0,0,0,0,0,0,0,0,0,0,0,0,0,0
7.852932691574097,9.0,0.0,0.0,0.0,0.0,0.0,0.0,0.0,0.0,0.03,0,0,0,0,0,0,0,0,0,0,0,0,0,0,0,0,0,0,0,0,0
7.854080677032471,9.0,0.0,0.0,0.0,0.0,0.0,0.0,0.0,0.0,0.03,0,0,0,0,0,0,0,0,0,0,0,0,0,0,0,0,0,0,0,0,0
7.855170249938965,9.0,0.0,0.0,0.0,0.0,0.0,0.0,0.0,0.0,0.03,0,0,0,0,0,0,0,0,0,0,0,0,0,0,0,0,0,0,0,0,0
7.856260061264038,9.0,0.0,0.0,0.0,0.0,0.0,0.0,0.0,0.0,0.03,0,0,0,0,0,0,0,0,0,0,0,0,0,0,0,0,0,0,0,0,0
7.857494115829468,9.0,0.0,0.0,0.0,0.0,0.0,0.0,0.0,0.0,0.03,0,0,0,0,0,0,0,0,0,0,0,0,0,0,0,0,0,0,0,0,0
7.8589026927948,9.0,0.0,0.0,0.0,0.0,0.0,0.0,0.0,0.0,0.03,0,0,0,0,0,0,0,0,0,0,0,0,0,0,0,0,0,0,0,0,0
7.861393690109253,9.0,0.0,0.0,0.0,0.0,0.0,0.0,0.0,0.0,0.03,0,0,0,0,0,0,0,0,0,0,0,0,0,0,0,0,0,0,0,0,0
7.862818002700806,9.0,0.0,0.0,0.0,0.0,0.0,0.0,0.0,0.0,0.03,0,0,0,0,0,0,0,0,0,0,0,0,0,0,0,0,0,0,0,0,0
7.8639235496521,9.0,0.0,0.0,0.0,0.0,0.0,0.0,0.0,0.0,0.03,0,0,0,0,0,0,0,0,0,0,0,0,0,0,0,0,0,0,0,0,0
7.865282773971558,9.0,0.0,0.0,0.0,0.0,0.0,0.0,0.0,0.0,0.03,0,0,0,0,0,0,0,0,0,0,0,0,0,0,0,0,0,0,0,0,0
7.86772894859314,9.0,0.0,0.0,0.0,0.0,0.0,0.0,0.0,0.0,0.03,0,0,0,0,0,0,0,0,0,0,0,0,0,0,0,0,0,0,0,0,0
7.869585275650024,9.0,0.0,0.0,0.0,0.0,0.0,0.0,0.0,0.0,0.03,0,0,0,0,0,0,0,0,0,0,0,0,0,0,0,0,0,0,0,0,0
7.871867895126343,9.0,0.0,0.0,0.0,0.0,0.0,0.0,0.0,0.0,0.03,0,0,0,0,0,0,0,0,0,0,0,0,0,0,0,0,0,0,0,0,0
7.873439311981201,9.0,0.0,0.0,0.0,0.0,0.0,0.0,0.0,0.0,0.03,0,0,0,0,0,0,0,0,0,0,0,0,0,0,0,0,0,0,0,0,0
7.874527931213379,9.0,0.0,0.0,0.0,0.0,0.0,0.0,0.0,0.0,0.03,0,0,0,0,0,0,0,0,0,0,0,0,0,0,0,0,0,0,0,0,0
7.875614643096924,9.0,0.0,0.0,0.0,0.0,0.0,0.0,0.0,0.0,0.03,0,0,0,0,0,0,0,0,0,0,0,0,0,0,0,0,0,0,0,0,0
7.876742601394653,9.0,0.0,0.0,0.0,0.0,0.0,0.0,0.0,0.0,0.03,0,0,0,0,0,0,0,0,0,0,0,0,0,0,0,0,0,0,0,0,0
7.8779401779174805,9.0,0.0,0.0,0.0,0.0,0.0,0.0,0.0,0.0,0.03,0,0,0,0,0,0,0,0,0,0,0,0,0,0,0,0,0,0,0,0,0
7.879005670547485,9.0,0.0,0.0,0.0,0.0,0.0,0.0,0.0,0.0,0.03,0,0,0,0,0,0,0,0,0,0,0,0,0,0,0,0,0,0,0,0,0
7.881602048873901,9.0,0.0,0.0,0.0,0.0,0.0,0.0,0.0,0.0,0.03,0,0,0,0,0,0,0,0,0,0,0,0,0,0,0,0,0,0,0,0,0
7.883739471435547,9.0,0.0,0.0,0.0,0.0,0.0,0.0,0.0,0.0,0.03,0,0,0,0,0,0,0,0,0,0,0,0,0,0,0,0,0,0,0,0,0
7.885074615478516,9.0,0.0,0.0,0.0,0.0,0.0,0.0,0.0,0.0,0.03,0,0,0,0,0,0,0,0,0,0,0,0,0,0,0,0,0,0,0,0,0
7.886229038238525,9.0,0.0,0.0,0.0,0.0,0.0,0.0,0.0,0.0,0.03,0,0,0,0,0,0,0,0,0,0,0,0,0,0,0,0,0,0,0,0,0
7.887495517730713,9.0,0.0,0.0,0.0,0.0,0.0,0.0,0.0,0.0,0.03,0,0,0,0,0,0,0,0,0,0,0,0,0,0,0,0,0,0,0,0,0
7.888882398605347,9.0,0.0,0.0,0.0,0.0,0.0,0.0,0.0,0.0,0.03,0,0,0,0,0,0,0,0,0,0,0,0,0,0,0,0,0,0,0,0,0
7.890154838562012,9.0,0.0,0.0,0.0,0.0,0.0,0.0,0.0,0.0,0.03,0,0,0,0,0,0,0,0,0,0,0,0,0,0,0,0,0,0,0,0,0
7.891426086425781,9.0,0.0,0.0,0.0,0.0,0.0,0.0,0.0,0.0,0.03,0,0,0,0,0,0,0,0,0,0,0,0,0,0,0,0,0,0,0,0,0
7.892527103424072,9.0,0.0,0.0,0.0,0.0,0.0,0.0,0.0,0.0,0.03,0,0,0,0,0,0,0,0,0,0,0,0,0,0,0,0,0,0,0,0,0
7.893615484237671,9.0,0.0,0.0,0.0,0.0,0.0,0.0,0.0,0.0,0.03,0,0,0,0,0,0,0,0,0,0,0,0,0,0,0,0,0,0,0,0,0
7.896227836608887,9.0,0.0,0.0,0.0,0.0,0.0,0.0,0.0,0.0,0.03,0,0,0,0,0,0,0,0,0,0,0,0,0,0,0,0,0,0,0,0,0
7.89749002456665,9.0,0.0,0.0,0.0,0.0,0.0,0.0,0.0,0.0,0.03,0,0,0,0,0,0,0,0,0,0,0,0,0,0,0,0,0,0,0,0,0
7.900208234786987,9.0,0.0,0.0,0.0,0.0,0.0,0.0,0.0,0.0,0.03,0,0,0,0,0,0,0,0,0,0,0,0,0,0,0,0,0,0,0,0,0
7.901910305023193,9.0,0.0,0.0,0.0,0.0,0.0,0.0,0.0,0.0,0.03,0,0,0,0,0,0,0,0,0,0,0,0,0,0,0,0,0,0,0,0,0
7.903150320053101,9.0,0.0,0.0,0.0,0.0,0.0,0.0,0.0,0.0,0.03,0,0,0,0,0,0,0,0,0,0,0,0,0,0,0,0,0,0,0,0,0
7.904453992843628,9.0,0.0,0.0,0.0,0.0,0.0,0.0,0.0,0.0,0.03,0,0,0,0,0,0,0,0,0,0,0,0,0,0,0,0,0,0,0,0,0
7.905827283859253,9.0,0.0,0.0,0.0,0.0,0.0,0.0,0.0,0.0,0.03,0,0,0,0,0,0,0,0,0,0,0,0,0,0,0,0,0,0,0,0,0
7.9072699546813965,9.0,0.0,0.0,0.0,0.0,0.0,0.0,0.0,0.0,0.03,0,0,0,0,0,0,0,0,0,0,0,0,0,0,0,0,0,0,0,0,0
7.9095048904418945,9.0,0.0,0.0,0.0,0.0,0.0,0.0,0.0,0.0,0.03,0,0,0,0,0,0,0,0,0,0,0,0,0,0,0,0,0,0,0,0,0
7.911776304244995,9.0,0.0,0.0,0.0,0.0,0.0,0.0,0.0,0.0,0.03,0,0,0,0,0,0,0,0,0,0,0,0,0,0,0,0,0,0,0,0,0
7.912959337234497,9.0,0.0,0.0,0.0,0.0,0.0,0.0,0.0,0.0,0.03,0,0,0,0,0,0,0,0,0,0,0,0,0,0,0,0,0,0,0,0,0
7.914938449859619,9.0,0.0,0.0,0.0,0.0,0.0,0.0,0.0,0.0,0.03,0,0,0,0,0,0,0,0,0,0,0,0,0,0,0,0,0,0,0,0,0
7.9164392948150635,9.0,0.0,0.0,0.0,0.0,0.0,0.0,0.0,0.0,0.03,0,0,0,0,0,0,0,0,0,0,0,0,0,0,0,0,0,0,0,0,0
7.917534589767456,9.0,0.0,0.0,0.0,0.0,0.0,0.0,0.0,0.0,0.03,0,0,0,0,0,0,0,0,0,0,0,0,0,0,0,0,0,0,0,0,0
7.918680191040039,9.0,0.0,0.0,0.0,0.0,0.0,0.0,0.0,0.0,0.03,0,0,0,0,0,0,0,0,0,0,0,0,0,0,0,0,0,0,0,0,0
7.9197914600372314,9.0,0.0,0.0,0.0,0.0,0.0,0.0,0.0,0.0,0.03,0,0,0,0,0,0,0,0,0,0,0,0,0,0,0,0,0,0,0,0,0
7.920877933502197,9.0,0.0,0.0,0.0,0.0,0.0,0.0,0.0,0.0,0.03,0,0,0,0,0,0,0,0,0,0,0,0,0,0,0,0,0,0,0,0,0
7.921942472457886,9.0,0.0,0.0,0.0,0.0,0.0,0.0,0.0,0.0,0.03,0,0,0,0,0,0,0,0,0,0,0,0,0,0,0,0,0,0,0,0,0
7.923051834106445,9.0,0.0,0.0,0.0,0.0,0.0,0.0,0.0,0.0,0.03,0,0,0,0,0,0,0,0,0,0,0,0,0,0,0,0,0,0,0,0,0
7.9255194664001465,9.0,0.0,0.0,0.0,0.0,0.0,0.0,0.0,0.0,0.03,0,0,0,0,0,0,0,0,0,0,0,0,0,0,0,0,0,0,0,0,0
7.927781581878662,9.0,0.0,0.0,0.0,0.0,0.0,0.0,0.0,0.0,0.03,0,0,0,0,0,0,0,0,0,0,0,0,0,0,0,0,0,0,0,0,0
7.929048538208008,9.0,0.0,0.0,0.0,0.0,0.0,0.0,0.0,0.0,0.03,0,0,0,0,0,0,0,0,0,0,0,0,0,0,0,0,0,0,0,0,0
7.930398464202881,9.0,0.0,0.0,0.0,0.0,0.0,0.0,0.0,0.0,0.03,0,0,0,0,0,0,0,0,0,0,0,0,0,0,0,0,0,0,0,0,0
7.931557655334473,9.0,0.0,0.0,0.0,0.0,0.0,0.0,0.0,0.0,0.03,0,0,0,0,0,0,0,0,0,0,0,0,0,0,0,0,0,0,0,0,0
7.933026075363159,9.0,0.0,0.0,0.0,0.0,0.0,0.0,0.0,0.0,0.03,0,0,0,0,0,0,0,0,0,0,0,0,0,0,0,0,0,0,0,0,0
7.934532642364502,9.0,0.0,0.0,0.0,0.0,0.0,0.0,0.0,0.0,0.03,0,0,0,0,0,0,0,0,0,0,0,0,0,0,0,0,0,0,0,0,0
7.935840606689453,9.0,0.0,0.0,0.0,0.0,0.0,0.0,0.0,0.0,0.03,0,0,0,0,0,0,0,0,0,0,0,0,0,0,0,0,0,0,0,0,0
7.937341213226318,9.0,0.0,0.0,0.0,0.0,0.0,0.0,0.0,0.0,0.03,0,0,0,0,0,0,0,0,0,0,0,0,0,0,0,0,0,0,0,0,0
7.938438892364502,9.0,0.0,0.0,0.0,0.0,0.0,0.0,0.0,0.0,0.03,0,0,0,0,0,0,0,0,0,0,0,0,0,0,0,0,0,0,0,0,0
7.939547300338745,9.0,0.0,0.0,0.0,0.0,0.0,0.0,0.0,0.0,0.03,0,0,0,0,0,0,0,0,0,0,0,0,0,0,0,0,0,0,0,0,0
7.940605878829956,9.0,0.0,0.0,0.0,0.0,0.0,0.0,0.0,0.0,0.03,0,0,0,0,0,0,0,0,0,0,0,0,0,0,0,0,0,0,0,0,0
7.941803216934204,9.0,0.0,0.0,0.0,0.0,0.0,0.0,0.0,0.0,0.03,0,0,0,0,0,0,0,0,0,0,0,0,0,0,0,0,0,0,0,0,0
7.942895174026489,9.0,0.0,0.0,0.0,0.0,0.0,0.0,0.0,0.0,0.03,0,0,0,0,0,0,0,0,0,0,0,0,0,0,0,0,0,0,0,0,0
7.944443941116333,9.0,0.0,0.0,0.0,0.0,0.0,0.0,0.0,0.0,0.03,0,0,0,0,0,0,0,0,0,0,0,0,0,0,0,0,0,0,0,0,0
7.945745468139648,9.0,0.0,0.0,0.0,0.0,0.0,0.0,0.0,0.0,0.03,0,0,0,0,0,0,0,0,0,0,0,0,0,0,0,0,0,0,0,0,0
7.947734594345093,9.0,0.0,0.0,0.0,0.0,0.0,0.0,0.0,0.0,0.03,0,0,0,0,0,0,0,0,0,0,0,0,0,0,0,0,0,0,0,0,0
7.949069261550903,9.0,0.0,0.0,0.0,0.0,0.0,0.0,0.0,0.0,0.03,0,0,0,0,0,0,0,0,0,0,0,0,0,0,0,0,0,0,0,0,0
7.950235843658447,9.0,0.0,0.0,0.0,0.0,0.0,0.0,0.0,0.0,0.03,0,0,0,0,0,0,0,0,0,0,0,0,0,0,0,0,0,0,0,0,0
7.951501369476318,9.0,0.0,0.0,0.0,0.0,0.0,0.0,0.0,0.0,0.03,0,0,0,0,0,0,0,0,0,0,0,0,0,0,0,0,0,0,0,0,0
7.953329801559448,9.0,0.0,0.0,0.0,0.0,0.0,0.0,0.0,0.0,0.03,0,0,0,0,0,0,0,0,0,0,0,0,0,0,0,0,0,0,0,0,0
7.954666614532471,9.0,0.0,0.0,0.0,0.0,0.0,0.0,0.0,0.0,0.03,0,0,0,0,0,0,0,0,0,0,0,0,0,0,0,0,0,0,0,0,0
7.955891847610474,9.0,0.0,0.0,0.0,0.0,0.0,0.0,0.0,0.0,0.03,0,0,0,0,0,0,0,0,0,0,0,0,0,0,0,0,0,0,0,0,0
7.957352876663208,9.0,0.0,0.0,0.0,0.0,0.0,0.0,0.0,0.0,0.03,0,0,0,0,0,0,0,0,0,0,0,0,0,0,0,0,0,0,0,0,0
7.959425449371338,9.0,0.0,0.0,0.0,0.0,0.0,0.0,0.0,0.0,0.03,0,0,0,0,0,0,0,0,0,0,0,0,0,0,0,0,0,0,0,0,0
7.960609197616577,9.0,0.0,0.0,0.0,0.0,0.0,0.0,0.0,0.0,0.03,0,0,0,0,0,0,0,0,0,0,0,0,0,0,0,0,0,0,0,0,0
7.961910247802734,9.0,0.0,0.0,0.0,0.0,0.0,0.0,0.0,0.0,0.03,0,0,0,0,0,0,0,0,0,0,0,0,0,0,0,0,0,0,0,0,0
7.963800430297852,9.0,0.0,0.0,0.0,0.0,0.0,0.0,0.0,0.0,0.03,0,0,0,0,0,0,0,0,0,0,0,0,0,0,0,0,0,0,0,0,0
7.9653778076171875,9.0,0.0,0.0,0.0,0.0,0.0,0.0,0.0,0.0,0.03,0,0,0,0,0,0,0,0,0,0,0,0,0,0,0,0,0,0,0,0,0
7.968137502670288,9.0,0.0,0.0,0.0,0.0,0.0,0.0,0.0,0.0,0.03,0,0,0,0,0,0,0,0,0,0,0,0,0,0,0,0,0,0,0,0,0
7.969237565994263,9.0,0.0,0.0,0.0,0.0,0.0,0.0,0.0,0.0,0.03,0,0,0,0,0,0,0,0,0,0,0,0,0,0,0,0,0,0,0,0,0
7.970463991165161,9.0,0.0,0.0,0.0,0.0,0.0,0.0,0.0,0.0,0.03,0,0,0,0,0,0,0,0,0,0,0,0,0,0,0,0,0,0,0,0,0
7.971698522567749,9.0,0.0,0.0,0.0,0.0,0.0,0.0,0.0,0.0,0.03,0,0,0,0,0,0,0,0,0,0,0,0,0,0,0,0,0,0,0,0,0
7.973396062850952,9.0,0.0,0.0,0.0,0.0,0.0,0.0,0.0,0.0,0.03,0,0,0,0,0,0,0,0,0,0,0,0,0,0,0,0,0,0,0,0,0
7.975069761276245,9.0,0.0,0.0,0.0,0.0,0.0,0.0,0.0,0.0,0.03,0,0,0,0,0,0,0,0,0,0,0,0,0,0,0,0,0,0,0,0,0
7.976167917251587,9.0,0.0,0.0,0.0,0.0,0.0,0.0,0.0,0.0,0.03,0,0,0,0,0,0,0,0,0,0,0,0,0,0,0,0,0,0,0,0,0
7.977501630783081,9.0,0.0,0.0,0.0,0.0,0.0,0.0,0.0,0.0,0.03,0,0,0,0,0,0,0,0,0,0,0,0,0,0,0,0,0,0,0,0,0
7.978604078292847,9.0,0.0,0.0,0.0,0.0,0.0,0.0,0.0,0.0,0.03,0,0,0,0,0,0,0,0,0,0,0,0,0,0,0,0,0,0,0,0,0
7.979677438735962,9.0,0.0,0.0,0.0,0.0,0.0,0.0,0.0,0.0,0.03,0,0,0,0,0,0,0,0,0,0,0,0,0,0,0,0,0,0,0,0,0
7.980802297592163,9.0,0.0,0.0,0.0,0.0,0.0,0.0,0.0,0.0,0.03,0,0,0,0,0,0,0,0,0,0,0,0,0,0,0,0,0,0,0,0,0
7.9818620681762695,9.0,0.0,0.0,0.0,0.0,0.0,0.0,0.0,0.0,0.03,0,0,0,0,0,0,0,0,0,0,0,0,0,0,0,0,0,0,0,0,0
7.982976675033569,9.0,0.0,0.0,0.0,0.0,0.0,0.0,0.0,0.0,0.03,0,0,0,0,0,0,0,0,0,0,0,0,0,0,0,0,0,0,0,0,0
7.984065532684326,9.0,0.0,0.0,0.0,0.0,0.0,0.0,0.0,0.0,0.03,0,0,0,0,0,0,0,0,0,0,0,0,0,0,0,0,0,0,0,0,0
7.985154628753662,9.0,0.0,0.0,0.0,0.0,0.0,0.0,0.0,0.0,0.03,0,0,0,0,0,0,0,0,0,0,0,0,0,0,0,0,0,0,0,0,0
7.986248970031738,9.0,0.0,0.0,0.0,0.0,0.0,0.0,0.0,0.0,0.03,0,0,0,0,0,0,0,0,0,0,0,0,0,0,0,0,0,0,0,0,0
7.9875805377960205,9.0,0.0,0.0,0.0,0.0,0.0,0.0,0.0,0.0,0.03,0,0,0,0,0,0,0,0,0,0,0,0,0,0,0,0,0,0,0,0,0
7.989314556121826,9.0,0.0,0.0,0.0,0.0,0.0,0.0,0.0,0.0,0.03,0,0,0,0,0,0,0,0,0,0,0,0,0,0,0,0,0,0,0,0,0
7.991498231887817,9.0,0.0,0.0,0.0,0.0,0.0,0.0,0.0,0.0,0.03,0,0,0,0,0,0,0,0,0,0,0,0,0,0,0,0,0,0,0,0,0
7.9926536083221436,9.0,0.0,0.0,0.0,0.0,0.0,0.0,0.0,0.0,0.03,0,0,0,0,0,0,0,0,0,0,0,0,0,0,0,0,0,0,0,0,0
7.9937424659729,9.0,0.0,0.0,0.0,0.0,0.0,0.0,0.0,0.0,0.03,0,0,0,0,0,0,0,0,0,0,0,0,0,0,0,0,0,0,0,0,0
7.9949047565460205,9.0,0.0,0.0,0.0,0.0,0.0,0.0,0.0,0.0,0.03,0,0,0,0,0,0,0,0,0,0,0,0,0,0,0,0,0,0,0,0,0
7.99637508392334,9.0,0.0,0.0,0.0,0.0,0.0,0.0,0.0,0.0,0.03,0,0,0,0,0,0,0,0,0,0,0,0,0,0,0,0,0,0,0,0,0
7.997905492782593,9.0,0.0,0.0,0.0,0.0,0.0,0.0,0.0,0.0,0.03,0,0,0,0,0,0,0,0,0,0,0,0,0,0,0,0,0,0,0,0,0
7.99910831451416,9.0,0.0,0.0,0.0,0.0,0.0,0.0,0.0,0.0,0.03,0,0,0,0,0,0,0,0,0,0,0,0,0,0,0,0,0,0,0,0,0
8.000631093978882,9.0,0.0,0.0,0.0,0.0,0.0,0.0,0.0,0.0,0.03,0,0,0,0,0,0,0,0,0,0,0,0,0,0,0,0,0,0,0,0,0
8.001936912536621,9.0,0.0,0.0,0.0,0.0,0.0,0.0,0.0,0.0,0.03,0,0,0,0,0,0,0,0,0,0,0,0,0,0,0,0,0,0,0,0,0
8.003159046173096,9.0,0.0,0.0,0.0,0.0,0.0,0.0,0.0,0.0,0.03,0,0,0,0,0,0,0,0,0,0,0,0,0,0,0,0,0,0,0,0,0
8.004332542419434,9.0,0.0,0.0,0.0,0.0,0.0,0.0,0.0,0.0,0.03,0,0,0,0,0,0,0,0,0,0,0,0,0,0,0,0,0,0,0,0,0
8.005522966384888,9.0,0.0,0.0,0.0,0.0,0.0,0.0,0.0,0.0,0.03,0,0,0,0,0,0,0,0,0,0,0,0,0,0,0,0,0,0,0,0,0
8.006873369216919,9.0,0.0,0.0,0.0,0.0,0.0,0.0,0.0,0.0,0.03,0,0,0,0,0,0,0,0,0,0,0,0,0,0,0,0,0,0,0,0,0
8.008727550506592,9.0,0.0,0.0,0.0,0.0,0.0,0.0,0.0,0.0,0.03,0,0,0,0,0,0,0,0,0,0,0,0,0,0,0,0,0,0,0,0,0
8.01010537147522,9.0,0.0,0.0,0.0,0.0,0.0,0.0,0.0,0.0,0.03,0,0,0,0,0,0,0,0,0,0,0,0,0,0,0,0,0,0,0,0,0
8.012829542160034,9.0,0.0,0.0,0.0,0.0,0.0,0.0,0.0,0.0,0.03,0,0,0,0,0,0,0,0,0,0,0,0,0,0,0,0,0,0,0,0,0
8.014023303985596,9.0,0.0,0.0,0.0,0.0,0.0,0.0,0.0,0.0,0.03,0,0,0,0,0,0,0,0,0,0,0,0,0,0,0,0,0,0,0,0,0
8.015565156936646,9.0,0.0,0.0,0.0,0.0,0.0,0.0,0.0,0.0,0.03,0,0,0,0,0,0,0,0,0,0,0,0,0,0,0,0,0,0,0,0,0
8.017359733581543,9.0,0.0,0.0,0.0,0.0,0.0,0.0,0.0,0.0,0.03,0,0,0,0,0,0,0,0,0,0,0,0,0,0,0,0,0,0,0,0,0
8.018639087677002,9.0,0.0,0.0,0.0,0.0,0.0,0.0,0.0,0.0,0.03,0,0,0,0,0,0,0,0,0,0,0,0,0,0,0,0,0,0,0,0,0
8.019933223724365,9.0,0.0,0.0,0.0,0.0,0.0,0.0,0.0,0.0,0.03,0,0,0,0,0,0,0,0,0,0,0,0,0,0,0,0,0,0,0,0,0
8.021272897720337,9.0,0.0,0.0,0.0,0.0,0.0,0.0,0.0,0.0,0.03,0,0,0,0,0,0,0,0,0,0,0,0,0,0,0,0,0,0,0,0,0
8.024515390396118,9.0,0.0,0.0,0.0,0.0,0.0,0.0,0.0,0.0,0.03,0,0,0,0,0,0,0,0,0,0,0,0,0,0,0,0,0,0,0,0,0
8.025794744491577,9.0,0.0,0.0,0.0,0.0,0.0,0.0,0.0,0.0,0.03,0,0,0,0,0,0,0,0,0,0,0,0,0,0,0,0,0,0,0,0,0
8.027856349945068,9.0,0.0,0.0,0.0,0.0,0.0,0.0,0.0,0.0,0.03,0,0,0,0,0,0,0,0,0,0,0,0,0,0,0,0,0,0,0,0,0
8.02994990348816,9.0,0.0,0.0,0.0,0.0,0.0,0.0,0.0,0.0,0.03,0,0,0,0,0,0,0,0,0,0,0,0,0,0,0,0,0,0,0,0,0
8.031100034713745,9.0,0.0,0.0,0.0,0.0,0.0,0.0,0.0,0.0,0.03,0,0,0,0,0,0,0,0,0,0,0,0,0,0,0,0,0,0,0,0,0
8.032565355300903,9.0,0.0,0.0,0.0,0.0,0.0,0.0,0.0,0.0,0.03,0,0,0,0,0,0,0,0,0,0,0,0,0,0,0,0,0,0,0,0,0
8.033835649490356,9.0,0.0,0.0,0.0,0.0,0.0,0.0,0.0,0.0,0.03,0,0,0,0,0,0,0,0,0,0,0,0,0,0,0,0,0,0,0,0,0
8.03509259223938,9.0,0.0,0.0,0.0,0.0,0.0,0.0,0.0,0.0,0.03,0,0,0,0,0,0,0,0,0,0,0,0,0,0,0,0,0,0,0,0,0
8.036754369735718,9.0,0.0,0.0,0.0,0.0,0.0,0.0,0.0,0.0,0.03,0,0,0,0,0,0,0,0,0,0,0,0,0,0,0,0,0,0,0,0,0
8.03830361366272,9.0,0.0,0.0,0.0,0.0,0.0,0.0,0.0,0.0,0.03,0,0,0,0,0,0,0,0,0,0,0,0,0,0,0,0,0,0,0,0,0
8.039618015289307,9.0,0.0,0.0,0.0,0.0,0.0,0.0,0.0,0.0,0.03,0,0,0,0,0,0,0,0,0,0,0,0,0,0,0,0,0,0,0,0,0
8.040894508361816,9.0,0.0,0.0,0.0,0.0,0.0,0.0,0.0,0.0,0.03,0,0,0,0,0,0,0,0,0,0,0,0,0,0,0,0,0,0,0,0,0
8.042146921157837,9.0,0.0,0.0,0.0,0.0,0.0,0.0,0.0,0.0,0.03,0,0,0,0,0,0,0,0,0,0,0,0,0,0,0,0,0,0,0,0,0
8.043385982513428,9.0,0.0,0.0,0.0,0.0,0.0,0.0,0.0,0.0,0.03,0,0,0,0,0,0,0,0,0,0,0,0,0,0,0,0,0,0,0,0,0
8.044567823410034,9.0,0.0,0.0,0.0,0.0,0.0,0.0,0.0,0.0,0.03,0,0,0,0,0,0,0,0,0,0,0,0,0,0,0,0,0,0,0,0,0
8.045628547668457,9.0,0.0,0.0,0.0,0.0,0.0,0.0,0.0,0.0,0.03,0,0,0,0,0,0,0,0,0,0,0,0,0,0,0,0,0,0,0,0,0
8.046858787536621,9.0,0.0,0.0,0.0,0.0,0.0,0.0,0.0,0.0,0.03,0,0,0,0,0,0,0,0,0,0,0,0,0,0,0,0,0,0,0,0,0
8.048030853271484,9.0,0.0,0.0,0.0,0.0,0.0,0.0,0.0,0.0,0.03,0,0,0,0,0,0,0,0,0,0,0,0,0,0,0,0,0,0,0,0,0
8.049115896224976,9.0,0.0,0.0,0.0,0.0,0.0,0.0,0.0,0.0,0.03,0,0,0,0,0,0,0,0,0,0,0,0,0,0,0,0,0,0,0,0,0
8.05036735534668,9.0,0.0,0.0,0.0,0.0,0.0,0.0,0.0,0.0,0.03,0,0,0,0,0,0,0,0,0,0,0,0,0,0,0,0,0,0,0,0,0
8.052093505859375,9.0,0.0,0.0,0.0,0.0,0.0,0.0,0.0,0.0,0.03,0,0,0,0,0,0,0,0,0,0,0,0,0,0,0,0,0,0,0,0,0
8.0537850856781,9.0,0.0,0.0,0.0,0.0,0.0,0.0,0.0,0.0,0.03,0,0,0,0,0,0,0,0,0,0,0,0,0,0,0,0,0,0,0,0,0
8.055377721786499,9.0,0.0,0.0,0.0,0.0,0.0,0.0,0.0,0.0,0.03,0,0,0,0,0,0,0,0,0,0,0,0,0,0,0,0,0,0,0,0,0
8.05646824836731,9.0,0.0,0.0,0.0,0.0,0.0,0.0,0.0,0.0,0.03,0,0,0,0,0,0,0,0,0,0,0,0,0,0,0,0,0,0,0,0,0
8.057673931121826,9.0,0.0,0.0,0.0,0.0,0.0,0.0,0.0,0.0,0.03,0,0,0,0,0,0,0,0,0,0,0,0,0,0,0,0,0,0,0,0,0
8.05876088142395,9.0,0.0,0.0,0.0,0.0,0.0,0.0,0.0,0.0,0.03,0,0,0,0,0,0,0,0,0,0,0,0,0,0,0,0,0,0,0,0,0
8.060611486434937,9.0,0.0,0.0,0.0,0.0,0.0,0.0,0.0,0.0,0.03,0,0,0,0,0,0,0,0,0,0,0,0,0,0,0,0,0,0,0,0,0
8.062592267990112,9.0,0.0,0.0,0.0,0.0,0.0,0.0,0.0,0.0,0.03,0,0,0,0,0,0,0,0,0,0,0,0,0,0,0,0,0,0,0,0,0
8.063866376876831,9.0,0.0,0.0,0.0,0.0,0.0,0.0,0.0,0.0,0.03,0,0,0,0,0,0,0,0,0,0,0,0,0,0,0,0,0,0,0,0,0
8.065343618392944,9.0,0.0,0.0,0.0,0.0,0.0,0.0,0.0,0.0,0.03,0,0,0,0,0,0,0,0,0,0,0,0,0,0,0,0,0,0,0,0,0
8.066457033157349,9.0,0.0,0.0,0.0,0.0,0.0,0.0,0.0,0.0,0.03,0,0,0,0,0,0,0,0,0,0,0,0,0,0,0,0,0,0,0,0,0
8.067525386810303,9.0,0.0,0.0,0.0,0.0,0.0,0.0,0.0,0.0,0.03,0,0,0,0,0,0,0,0,0,0,0,0,0,0,0,0,0,0,0,0,0
8.06860876083374,9.0,0.0,0.0,0.0,0.0,0.0,0.0,0.0,0.0,0.03,0,0,0,0,0,0,0,0,0,0,0,0,0,0,0,0,0,0,0,0,0
8.069732189178467,9.0,0.0,0.0,0.0,0.0,0.0,0.0,0.0,0.0,0.03,0,0,0,0,0,0,0,0,0,0,0,0,0,0,0,0,0,0,0,0,0
8.070950508117676,9.0,0.0,0.0,0.0,0.0,0.0,0.0,0.0,0.0,0.03,0,0,0,0,0,0,0,0,0,0,0,0,0,0,0,0,0,0,0,0,0
8.072696685791016,9.0,0.0,0.0,0.0,0.0,0.0,0.0,0.0,0.0,0.03,0,0,0,0,0,0,0,0,0,0,0,0,0,0,0,0,0,0,0,0,0
8.074312686920166,9.0,0.0,0.0,0.0,0.0,0.0,0.0,0.0,0.0,0.03,0,0,0,0,0,0,0,0,0,0,0,0,0,0,0,0,0,0,0,0,0
8.075976610183716,9.0,0.0,0.0,0.0,0.0,0.0,0.0,0.0,0.0,0.03,0,0,0,0,0,0,0,0,0,0,0,0,0,0,0,0,0,0,0,0,0
8.07736086845398,9.0,0.0,0.0,0.0,0.0,0.0,0.0,0.0,0.0,0.03,0,0,0,0,0,0,0,0,0,0,0,0,0,0,0,0,0,0,0,0,0
8.078571796417236,9.0,0.0,0.0,0.0,0.0,0.0,0.0,0.0,0.0,0.03,0,0,0,0,0,0,0,0,0,0,0,0,0,0,0,0,0,0,0,0,0
8.080345392227173,9.0,0.0,0.0,0.0,0.0,0.0,0.0,0.0,0.0,0.03,0,0,0,0,0,0,0,0,0,0,0,0,0,0,0,0,0,0,0,0,0
8.08196473121643,9.0,0.0,0.0,0.0,0.0,0.0,0.0,0.0,0.0,0.03,0,0,0,0,0,0,0,0,0,0,0,0,0,0,0,0,0,0,0,0,0
8.08332085609436,9.0,0.0,0.0,0.0,0.0,0.0,0.0,0.0,0.0,0.03,0,0,0,0,0,0,0,0,0,0,0,0,0,0,0,0,0,0,0,0,0
8.084691762924194,9.0,0.0,0.0,0.0,0.0,0.0,0.0,0.0,0.0,0.03,0,0,0,0,0,0,0,0,0,0,0,0,0,0,0,0,0,0,0,0,0
8.085783004760742,9.0,0.0,0.0,0.0,0.0,0.0,0.0,0.0,0.0,0.03,0,0,0,0,0,0,0,0,0,0,0,0,0,0,0,0,0,0,0,0,0
8.086875438690186,9.0,0.0,0.0,0.0,0.0,0.0,0.0,0.0,0.0,0.03,0,0,0,0,0,0,0,0,0,0,0,0,0,0,0,0,0,0,0,0,0
8.092101812362671,9.0,0.0,0.0,0.0,0.0,0.0,0.0,0.0,0.0,0.03,0,0,0,0,0,0,0,0,0,0,0,0,0,0,0,0,0,0,0,0,0
8.093552589416504,9.0,0.0,0.0,0.0,0.0,0.0,0.0,0.0,0.0,0.03,0,0,0,0,0,0,0,0,0,0,0,0,0,0,0,0,0,0,0,0,0
8.095451593399048,9.0,0.0,0.0,0.0,0.0,0.0,0.0,0.0,0.0,0.03,0,0,0,0,0,0,0,0,0,0,0,0,0,0,0,0,0,0,0,0,0
8.096732378005981,9.0,0.0,0.0,0.0,0.0,0.0,0.0,0.0,0.0,0.03,0,0,0,0,0,0,0,0,0,0,0,0,0,0,0,0,0,0,0,0,0
8.098182439804077,9.0,0.0,0.0,0.0,0.0,0.0,0.0,0.0,0.0,0.03,0,0,0,0,0,0,0,0,0,0,0,0,0,0,0,0,0,0,0,0,0
8.10151481628418,9.0,0.0,0.0,0.0,0.0,0.0,0.0,0.0,0.0,0.03,0,0,0,0,0,0,0,0,0,0,0,0,0,0,0,0,0,0,0,0,0
8.102882623672485,9.0,0.0,0.0,0.0,0.0,0.0,0.0,0.0,0.0,0.03,0,0,0,0,0,0,0,0,0,0,0,0,0,0,0,0,0,0,0,0,0
8.104022026062012,9.0,0.0,0.0,0.0,0.0,0.0,0.0,0.0,0.0,0.03,0,0,0,0,0,0,0,0,0,0,0,0,0,0,0,0,0,0,0,0,0
8.106055736541748,9.0,0.0,0.0,0.0,0.0,0.0,0.0,0.0,0.0,0.03,0,0,0,0,0,0,0,0,0,0,0,0,0,0,0,0,0,0,0,0,0
8.107460975646973,9.0,0.0,0.0,0.0,0.0,0.0,0.0,0.0,0.0,0.03,0,0,0,0,0,0,0,0,0,0,0,0,0,0,0,0,0,0,0,0,0
8.108812808990479,9.0,0.0,0.0,0.0,0.0,0.0,0.0,0.0,0.0,0.03,0,0,0,0,0,0,0,0,0,0,0,0,0,0,0,0,0,0,0,0,0
8.1102774143219,9.0,0.0,0.0,0.0,0.0,0.0,0.0,0.0,0.0,0.03,0,0,0,0,0,0,0,0,0,0,0,0,0,0,0,0,0,0,0,0,0
8.111652851104736,9.0,0.0,0.0,0.0,0.0,0.0,0.0,0.0,0.0,0.03,0,0,0,0,0,0,0,0,0,0,0,0,0,0,0,0,0,0,0,0,0
8.113162517547607,9.0,0.0,0.0,0.0,0.0,0.0,0.0,0.0,0.0,0.03,0,0,0,0,0,0,0,0,0,0,0,0,0,0,0,0,0,0,0,0,0
8.11498236656189,9.0,0.0,0.0,0.0,0.0,0.0,0.0,0.0,0.0,0.03,0,0,0,0,0,0,0,0,0,0,0,0,0,0,0,0,0,0,0,0,0
8.116468906402588,9.0,0.0,0.0,0.0,0.0,0.0,0.0,0.0,0.0,0.03,0,0,0,0,0,0,0,0,0,0,0,0,0,0,0,0,0,0,0,0,0
8.11848521232605,9.0,0.0,0.0,0.0,0.0,0.0,0.0,0.0,0.0,0.03,0,0,0,0,0,0,0,0,0,0,0,0,0,0,0,0,0,0,0,0,0
8.119839429855347,9.0,0.0,0.0,0.0,0.0,0.0,0.0,0.0,0.0,0.03,0,0,0,0,0,0,0,0,0,0,0,0,0,0,0,0,0,0,0,0,0
8.121111869812012,9.0,0.0,0.0,0.0,0.0,0.0,0.0,0.0,0.0,0.03,0,0,0,0,0,0,0,0,0,0,0,0,0,0,0,0,0,0,0,0,0
8.122464895248413,9.0,0.0,0.0,0.0,0.0,0.0,0.0,0.0,0.0,0.03,0,0,0,0,0,0,0,0,0,0,0,0,0,0,0,0,0,0,0,0,0
8.123767614364624,9.0,0.0,0.0,0.0,0.0,0.0,0.0,0.0,0.0,0.03,0,0,0,0,0,0,0,0,0,0,0,0,0,0,0,0,0,0,0,0,0
8.125252485275269,9.0,0.0,0.0,0.0,0.0,0.0,0.0,0.0,0.0,0.03,0,0,0,0,0,0,0,0,0,0,0,0,0,0,0,0,0,0,0,0,0
8.126366376876831,9.0,0.0,0.0,0.0,0.0,0.0,0.0,0.0,0.0,0.03,0,0,0,0,0,0,0,0,0,0,0,0,0,0,0,0,0,0,0,0,0
8.12773323059082,9.0,0.0,0.0,0.0,0.0,0.0,0.0,0.0,0.0,0.03,0,0,0,0,0,0,0,0,0,0,0,0,0,0,0,0,0,0,0,0,0
8.129148483276367,9.0,0.0,0.0,0.0,0.0,0.0,0.0,0.0,0.0,0.03,0,0,0,0,0,0,0,0,0,0,0,0,0,0,0,0,0,0,0,0,0
8.130308866500854,9.0,0.0,0.0,0.0,0.0,0.0,0.0,0.0,0.0,0.03,0,0,0,0,0,0,0,0,0,0,0,0,0,0,0,0,0,0,0,0,0
8.131399393081665,9.0,0.0,0.0,0.0,0.0,0.0,0.0,0.0,0.0,0.03,0,0,0,0,0,0,0,0,0,0,0,0,0,0,0,0,0,0,0,0,0
8.132634401321411,9.0,0.0,0.0,0.0,0.0,0.0,0.0,0.0,0.0,0.03,0,0,0,0,0,0,0,0,0,0,0,0,0,0,0,0,0,0,0,0,0
8.135342121124268,9.0,0.0,0.0,0.0,0.0,0.0,0.0,0.0,0.0,0.03,0,0,0,0,0,0,0,0,0,0,0,0,0,0,0,0,0,0,0,0,0
8.13698124885559,9.0,0.0,0.0,0.0,0.0,0.0,0.0,0.0,0.0,0.03,0,0,0,0,0,0,0,0,0,0,0,0,0,0,0,0,0,0,0,0,0
8.138922929763794,9.0,0.0,0.0,0.0,0.0,0.0,0.0,0.0,0.0,0.03,0,0,0,0,0,0,0,0,0,0,0,0,0,0,0,0,0,0,0,0,0
8.140125036239624,9.0,0.0,0.0,0.0,0.0,0.0,0.0,0.0,0.0,0.03,0,0,0,0,0,0,0,0,0,0,0,0,0,0,0,0,0,0,0,0,0
8.141274452209473,9.0,0.0,0.0,0.0,0.0,0.0,0.0,0.0,0.0,0.03,0,0,0,0,0,0,0,0,0,0,0,0,0,0,0,0,0,0,0,0,0
8.14411735534668,9.0,0.0,0.0,0.0,0.0,0.0,0.0,0.0,0.0,0.03,0,0,0,0,0,0,0,0,0,0,0,0,0,0,0,0,0,0,0,0,0
8.145529985427856,9.0,0.0,0.0,0.0,0.0,0.0,0.0,0.0,0.0,0.03,0,0,0,0,0,0,0,0,0,0,0,0,0,0,0,0,0,0,0,0,0
8.146920204162598,9.0,0.0,0.0,0.0,0.0,0.0,0.0,0.0,0.0,0.03,0,0,0,0,0,0,0,0,0,0,0,0,0,0,0,0,0,0,0,0,0
8.1486177444458,9.0,0.0,0.0,0.0,0.0,0.0,0.0,0.0,0.0,0.03,0,0,0,0,0,0,0,0,0,0,0,0,0,0,0,0,0,0,0,0,0
8.149835348129272,9.0,0.0,0.0,0.0,0.0,0.0,0.0,0.0,0.0,0.03,0,0,0,0,0,0,0,0,0,0,0,0,0,0,0,0,0,0,0,0,0
8.150895595550537,9.0,0.0,0.0,0.0,0.0,0.0,0.0,0.0,0.0,0.03,0,0,0,0,0,0,0,0,0,0,0,0,0,0,0,0,0,0,0,0,0
8.152024269104004,9.0,0.0,0.0,0.0,0.0,0.0,0.0,0.0,0.0,0.03,0,0,0,0,0,0,0,0,0,0,0,0,0,0,0,0,0,0,0,0,0
8.153216361999512,9.0,0.0,0.0,0.0,0.0,0.0,0.0,0.0,0.0,0.03,0,0,0,0,0,0,0,0,0,0,0,0,0,0,0,0,0,0,0,0,0
8.154672145843506,9.0,0.0,0.0,0.0,0.0,0.0,0.0,0.0,0.0,0.03,0,0,0,0,0,0,0,0,0,0,0,0,0,0,0,0,0,0,0,0,0
8.155964612960815,9.0,0.0,0.0,0.0,0.0,0.0,0.0,0.0,0.0,0.03,0,0,0,0,0,0,0,0,0,0,0,0,0,0,0,0,0,0,0,0,0
8.158803701400757,9.0,0.0,0.0,0.0,0.0,0.0,0.0,0.0,0.0,0.03,0,0,0,0,0,0,0,0,0,0,0,0,0,0,0,0,0,0,0,0,0
8.160040616989136,9.0,0.0,0.0,0.0,0.0,0.0,0.0,0.0,0.0,0.03,0,0,0,0,0,0,0,0,0,0,0,0,0,0,0,0,0,0,0,0,0
8.161564588546753,9.0,0.0,0.0,0.0,0.0,0.0,0.0,0.0,0.0,0.03,0,0,0,0,0,0,0,0,0,0,0,0,0,0,0,0,0,0,0,0,0
8.162752628326416,9.0,0.0,0.0,0.0,0.0,0.0,0.0,0.0,0.0,0.03,0,0,0,0,0,0,0,0,0,0,0,0,0,0,0,0,0,0,0,0,0
8.164049625396729,9.0,0.0,0.0,0.0,0.0,0.0,0.0,0.0,0.0,0.03,0,0,0,0,0,0,0,0,0,0,0,0,0,0,0,0,0,0,0,0,0
8.165521621704102,9.0,0.0,0.0,0.0,0.0,0.0,0.0,0.0,0.0,0.03,0,0,0,0,0,0,0,0,0,0,0,0,0,0,0,0,0,0,0,0,0
8.16675329208374,9.0,0.0,0.0,0.0,0.0,0.0,0.0,0.0,0.0,0.03,0,0,0,0,0,0,0,0,0,0,0,0,0,0,0,0,0,0,0,0,0
8.169076919555664,9.0,0.0,0.0,0.0,0.0,0.0,0.0,0.0,0.0,0.03,0,0,0,0,0,0,0,0,0,0,0,0,0,0,0,0,0,0,0,0,0
8.170325994491577,9.0,0.0,0.0,0.0,0.0,0.0,0.0,0.0,0.0,0.03,0,0,0,0,0,0,0,0,0,0,0,0,0,0,0,0,0,0,0,0,0
8.172132968902588,9.0,0.0,0.0,0.0,0.0,0.0,0.0,0.0,0.0,0.03,0,0,0,0,0,0,0,0,0,0,0,0,0,0,0,0,0,0,0,0,0
8.17347764968872,9.0,0.0,0.0,0.0,0.0,0.0,0.0,0.0,0.0,0.03,0,0,0,0,0,0,0,0,0,0,0,0,0,0,0,0,0,0,0,0,0
8.174872636795044,9.0,0.0,0.0,0.0,0.0,0.0,0.0,0.0,0.0,0.03,0,0,0,0,0,0,0,0,0,0,0,0,0,0,0,0,0,0,0,0,0
8.17638111114502,9.0,0.0,0.0,0.0,0.0,0.0,0.0,0.0,0.0,0.03,0,0,0,0,0,0,0,0,0,0,0,0,0,0,0,0,0,0,0,0,0
8.177690029144287,9.0,0.0,0.0,0.0,0.0,0.0,0.0,0.0,0.0,0.03,0,0,0,0,0,0,0,0,0,0,0,0,0,0,0,0,0,0,0,0,0
8.179554462432861,9.0,0.0,0.0,0.0,0.0,0.0,0.0,0.0,0.0,0.03,0,0,0,0,0,0,0,0,0,0,0,0,0,0,0,0,0,0,0,0,0
8.181591510772705,9.0,0.0,0.0,0.0,0.0,0.0,0.0,0.0,0.0,0.03,0,0,0,0,0,0,0,0,0,0,0,0,0,0,0,0,0,0,0,0,0
8.182930946350098,9.0,0.0,0.0,0.0,0.0,0.0,0.0,0.0,0.0,0.03,0,0,0,0,0,0,0,0,0,0,0,0,0,0,0,0,0,0,0,0,0
8.184191465377808,9.0,0.0,0.0,0.0,0.0,0.0,0.0,0.0,0.0,0.03,0,0,0,0,0,0,0,0,0,0,0,0,0,0,0,0,0,0,0,0,0
8.186473608016968,9.0,0.0,0.0,0.0,0.0,0.0,0.0,0.0,0.0,0.03,0,0,0,0,0,0,0,0,0,0,0,0,0,0,0,0,0,0,0,0,0
8.18818211555481,9.0,0.0,0.0,0.0,0.0,0.0,0.0,0.0,0.0,0.03,0,0,0,0,0,0,0,0,0,0,0,0,0,0,0,0,0,0,0,0,0
8.189582347869873,9.0,0.0,0.0,0.0,0.0,0.0,0.0,0.0,0.0,0.03,0,0,0,0,0,0,0,0,0,0,0,0,0,0,0,0,0,0,0,0,0
8.191843509674072,9.0,0.0,0.0,0.0,0.0,0.0,0.0,0.0,0.0,0.03,0,0,0,0,0,0,0,0,0,0,0,0,0,0,0,0,0,0,0,0,0
8.193316221237183,9.0,0.0,0.0,0.0,0.0,0.0,0.0,0.0,0.0,0.03,0,0,0,0,0,0,0,0,0,0,0,0,0,0,0,0,0,0,0,0,0
8.194448947906494,9.0,0.0,0.0,0.0,0.0,0.0,0.0,0.0,0.0,0.03,0,0,0,0,0,0,0,0,0,0,0,0,0,0,0,0,0,0,0,0,0
8.195592164993286,9.0,0.0,0.0,0.0,0.0,0.0,0.0,0.0,0.0,0.03,0,0,0,0,0,0,0,0,0,0,0,0,0,0,0,0,0,0,0,0,0
8.196709156036377,9.0,0.0,0.0,0.0,0.0,0.0,0.0,0.0,0.0,0.03,0,0,0,0,0,0,0,0,0,0,0,0,0,0,0,0,0,0,0,0,0
8.197961568832397,9.0,0.0,0.0,0.0,0.0,0.0,0.0,0.0,0.0,0.03,0,0,0,0,0,0,0,0,0,0,0,0,0,0,0,0,0,0,0,0,0
8.19926404953003,9.0,0.0,0.0,0.0,0.0,0.0,0.0,0.0,0.0,0.03,0,0,0,0,0,0,0,0,0,0,0,0,0,0,0,0,0,0,0,0,0
8.20039987564087,9.0,0.0,0.0,0.0,0.0,0.0,0.0,0.0,0.0,0.03,0,0,0,0,0,0,0,0,0,0,0,0,0,0,0,0,0,0,0,0,0
8.2020902633667,9.0,0.0,0.0,0.0,0.0,0.0,0.0,0.0,0.0,0.03,0,0,0,0,0,0,0,0,0,0,0,0,0,0,0,0,0,0,0,0,0
8.203377723693848,9.0,0.0,0.0,0.0,0.0,0.0,0.0,0.0,0.0,0.03,0,0,0,0,0,0,0,0,0,0,0,0,0,0,0,0,0,0,0,0,0
8.20460820198059,9.0,0.0,0.0,0.0,0.0,0.0,0.0,0.0,0.0,0.03,0,0,0,0,0,0,0,0,0,0,0,0,0,0,0,0,0,0,0,0,0
8.206690073013306,9.0,0.0,0.0,0.0,0.0,0.0,0.0,0.0,0.0,0.03,0,0,0,0,0,0,0,0,0,0,0,0,0,0,0,0,0,0,0,0,0
8.20803427696228,9.0,0.0,0.0,0.0,0.0,0.0,0.0,0.0,0.0,0.03,0,0,0,0,0,0,0,0,0,0,0,0,0,0,0,0,0,0,0,0,0
8.209275007247925,9.0,0.0,0.0,0.0,0.0,0.0,0.0,0.0,0.0,0.03,0,0,0,0,0,0,0,0,0,0,0,0,0,0,0,0,0,0,0,0,0
8.21051573753357,9.0,0.0,0.0,0.0,0.0,0.0,0.0,0.0,0.0,0.03,0,0,0,0,0,0,0,0,0,0,0,0,0,0,0,0,0,0,0,0,0
8.211808443069458,9.0,0.0,0.0,0.0,0.0,0.0,0.0,0.0,0.0,0.03,0,0,0,0,0,0,0,0,0,0,0,0,0,0,0,0,0,0,0,0,0
8.213221549987793,9.0,0.0,0.0,0.0,0.0,0.0,0.0,0.0,0.0,0.03,0,0,0,0,0,0,0,0,0,0,0,0,0,0,0,0,0,0,0,0,0
8.214515209197998,9.0,0.0,0.0,0.0,0.0,0.0,0.0,0.0,0.0,0.03,0,0,0,0,0,0,0,0,0,0,0,0,0,0,0,0,0,0,0,0,0
8.216097593307495,9.0,0.0,0.0,0.0,0.0,0.0,0.0,0.0,0.0,0.03,0,0,0,0,0,0,0,0,0,0,0,0,0,0,0,0,0,0,0,0,0
8.217187404632568,9.0,0.0,0.0,0.0,0.0,0.0,0.0,0.0,0.0,0.03,0,0,0,0,0,0,0,0,0,0,0,0,0,0,0,0,0,0,0,0,0
8.218372106552124,9.0,0.0,0.0,0.0,0.0,0.0,0.0,0.0,0.0,0.03,0,0,0,0,0,0,0,0,0,0,0,0,0,0,0,0,0,0,0,0,0
8.219469547271729,9.0,0.0,0.0,0.0,0.0,0.0,0.0,0.0,0.0,0.03,0,0,0,0,0,0,0,0,0,0,0,0,0,0,0,0,0,0,0,0,0
8.220690727233887,9.0,0.0,0.0,0.0,0.0,0.0,0.0,0.0,0.0,0.03,0,0,0,0,0,0,0,0,0,0,0,0,0,0,0,0,0,0,0,0,0
8.222735166549683,9.0,0.0,0.0,0.0,0.0,0.0,0.0,0.0,0.0,0.03,0,0,0,0,0,0,0,0,0,0,0,0,0,0,0,0,0,0,0,0,0
8.22425889968872,9.0,0.0,0.0,0.0,0.0,0.0,0.0,0.0,0.0,0.03,0,0,0,0,0,0,0,0,0,0,0,0,0,0,0,0,0,0,0,0,0
8.225732564926147,9.0,0.0,0.0,0.0,0.0,0.0,0.0,0.0,0.0,0.03,0,0,0,0,0,0,0,0,0,0,0,0,0,0,0,0,0,0,0,0,0
8.227258443832397,9.0,0.0,0.0,0.0,0.0,0.0,0.0,0.0,0.0,0.03,0,0,0,0,0,0,0,0,0,0,0,0,0,0,0,0,0,0,0,0,0
8.22852897644043,9.0,0.0,0.0,0.0,0.0,0.0,0.0,0.0,0.0,0.03,0,0,0,0,0,0,0,0,0,0,0,0,0,0,0,0,0,0,0,0,0
8.229644298553467,9.0,0.0,0.0,0.0,0.0,0.0,0.0,0.0,0.0,0.03,0,0,0,0,0,0,0,0,0,0,0,0,0,0,0,0,0,0,0,0,0
8.231899976730347,9.0,0.0,0.0,0.0,0.0,0.0,0.0,0.0,0.0,0.03,0,0,0,0,0,0,0,0,0,0,0,0,0,0,0,0,0,0,0,0,0
8.233193159103394,9.0,0.0,0.0,0.0,0.0,0.0,0.0,0.0,0.0,0.03,0,0,0,0,0,0,0,0,0,0,0,0,0,0,0,0,0,0,0,0,0
8.234467506408691,9.0,0.0,0.0,0.0,0.0,0.0,0.0,0.0,0.0,0.03,0,0,0,0,0,0,0,0,0,0,0,0,0,0,0,0,0,0,0,0,0
8.235574722290039,9.0,0.0,0.0,0.0,0.0,0.0,0.0,0.0,0.0,0.03,0,0,0,0,0,0,0,0,0,0,0,0,0,0,0,0,0,0,0,0,0
8.236662864685059,9.0,0.0,0.0,0.0,0.0,0.0,0.0,0.0,0.0,0.03,0,0,0,0,0,0,0,0,0,0,0,0,0,0,0,0,0,0,0,0,0
8.23927927017212,9.0,0.0,0.0,0.0,0.0,0.0,0.0,0.0,0.0,0.03,0,0,0,0,0,0,0,0,0,0,0,0,0,0,0,0,0,0,0,0,0
8.240639925003052,9.0,0.0,0.0,0.0,0.0,0.0,0.0,0.0,0.0,0.03,0,0,0,0,0,0,0,0,0,0,0,0,0,0,0,0,0,0,0,0,0
8.243577480316162,9.0,0.0,0.0,0.0,0.0,0.0,0.0,0.0,0.0,0.03,0,0,0,0,0,0,0,0,0,0,0,0,0,0,0,0,0,0,0,0,0
8.245187282562256,9.0,0.0,0.0,0.0,0.0,0.0,0.0,0.0,0.0,0.03,0,0,0,0,0,0,0,0,0,0,0,0,0,0,0,0,0,0,0,0,0
8.247243642807007,9.0,0.0,0.0,0.0,0.0,0.0,0.0,0.0,0.0,0.03,0,0,0,0,0,0,0,0,0,0,0,0,0,0,0,0,0,0,0,0,0
8.248655319213867,9.0,0.0,0.0,0.0,0.0,0.0,0.0,0.0,0.0,0.03,0,0,0,0,0,0,0,0,0,0,0,0,0,0,0,0,0,0,0,0,0
8.24985122680664,9.0,0.0,0.0,0.0,0.0,0.0,0.0,0.0,0.0,0.03,0,0,0,0,0,0,0,0,0,0,0,0,0,0,0,0,0,0,0,0,0
8.250940084457397,9.0,0.0,0.0,0.0,0.0,0.0,0.0,0.0,0.0,0.03,0,0,0,0,0,0,0,0,0,0,0,0,0,0,0,0,0,0,0,0,0
8.252065896987915,9.0,0.0,0.0,0.0,0.0,0.0,0.0,0.0,0.0,0.03,0,0,0,0,0,0,0,0,0,0,0,0,0,0,0,0,0,0,0,0,0
8.253239393234253,9.0,0.0,0.0,0.0,0.0,0.0,0.0,0.0,0.0,0.03,0,0,0,0,0,0,0,0,0,0,0,0,0,0,0,0,0,0,0,0,0
8.25446891784668,9.0,0.0,0.0,0.0,0.0,0.0,0.0,0.0,0.0,0.03,0,0,0,0,0,0,0,0,0,0,0,0,0,0,0,0,0,0,0,0,0
8.25577688217163,9.0,0.0,0.0,0.0,0.0,0.0,0.0,0.0,0.0,0.03,0,0,0,0,0,0,0,0,0,0,0,0,0,0,0,0,0,0,0,0,0
8.257259845733643,9.0,0.0,0.0,0.0,0.0,0.0,0.0,0.0,0.0,0.03,0,0,0,0,0,0,0,0,0,0,0,0,0,0,0,0,0,0,0,0,0
8.258321523666382,9.0,0.0,0.0,0.0,0.0,0.0,0.0,0.0,0.0,0.03,0,0,0,0,0,0,0,0,0,0,0,0,0,0,0,0,0,0,0,0,0
8.259421348571777,9.0,0.0,0.0,0.0,0.0,0.0,0.0,0.0,0.0,0.03,0,0,0,0,0,0,0,0,0,0,0,0,0,0,0,0,0,0,0,0,0
8.26052474975586,9.0,0.0,0.0,0.0,0.0,0.0,0.0,0.0,0.0,0.03,0,0,0,0,0,0,0,0,0,0,0,0,0,0,0,0,0,0,0,0,0
8.261728048324585,9.0,0.0,0.0,0.0,0.0,0.0,0.0,0.0,0.0,0.03,0,0,0,0,0,0,0,0,0,0,0,0,0,0,0,0,0,0,0,0,0
8.263066053390503,9.0,0.0,0.0,0.0,0.0,0.0,0.0,0.0,0.0,0.03,0,0,0,0,0,0,0,0,0,0,0,0,0,0,0,0,0,0,0,0,0
8.264268398284912,9.0,0.0,0.0,0.0,0.0,0.0,0.0,0.0,0.0,0.03,0,0,0,0,0,0,0,0,0,0,0,0,0,0,0,0,0,0,0,0,0
8.265588521957397,9.0,0.0,0.0,0.0,0.0,0.0,0.0,0.0,0.0,0.03,0,0,0,0,0,0,0,0,0,0,0,0,0,0,0,0,0,0,0,0,0
8.267312049865723,9.0,0.0,0.0,0.0,0.0,0.0,0.0,0.0,0.0,0.03,0,0,0,0,0,0,0,0,0,0,0,0,0,0,0,0,0,0,0,0,0
8.269766569137573,9.0,0.0,0.0,0.0,0.0,0.0,0.0,0.0,0.0,0.03,0,0,0,0,0,0,0,0,0,0,0,0,0,0,0,0,0,0,0,0,0
8.271026134490967,9.0,0.0,0.0,0.0,0.0,0.0,0.0,0.0,0.0,0.03,0,0,0,0,0,0,0,0,0,0,0,0,0,0,0,0,0,0,0,0,0
8.272194385528564,9.0,0.0,0.0,0.0,0.0,0.0,0.0,0.0,0.0,0.03,0,0,0,0,0,0,0,0,0,0,0,0,0,0,0,0,0,0,0,0,0
8.273889541625977,9.0,0.0,0.0,0.0,0.0,0.0,0.0,0.0,0.0,0.03,0,0,0,0,0,0,0,0,0,0,0,0,0,0,0,0,0,0,0,0,0
8.275218725204468,9.0,0.0,0.0,0.0,0.0,0.0,0.0,0.0,0.0,0.03,0,0,0,0,0,0,0,0,0,0,0,0,0,0,0,0,0,0,0,0,0
8.276581287384033,9.0,0.0,0.0,0.0,0.0,0.0,0.0,0.0,0.0,0.03,0,0,0,0,0,0,0,0,0,0,0,0,0,0,0,0,0,0,0,0,0
8.278099298477173,9.0,0.0,0.0,0.0,0.0,0.0,0.0,0.0,0.0,0.03,0,0,0,0,0,0,0,0,0,0,0,0,0,0,0,0,0,0,0,0,0
8.279492139816284,9.0,0.0,0.0,0.0,0.0,0.0,0.0,0.0,0.0,0.03,0,0,0,0,0,0,0,0,0,0,0,0,0,0,0,0,0,0,0,0,0
8.28055214881897,9.0,0.0,0.0,0.0,0.0,0.0,0.0,0.0,0.0,0.03,0,0,0,0,0,0,0,0,0,0,0,0,0,0,0,0,0,0,0,0,0
8.28175973892212,9.0,0.0,0.0,0.0,0.0,0.0,0.0,0.0,0.0,0.03,0,0,0,0,0,0,0,0,0,0,0,0,0,0,0,0,0,0,0,0,0
8.282879829406738,9.0,0.0,0.0,0.0,0.0,0.0,0.0,0.0,0.0,0.03,0,0,0,0,0,0,0,0,0,0,0,0,0,0,0,0,0,0,0,0,0
8.284544706344604,9.0,0.0,0.0,0.0,0.0,0.0,0.0,0.0,0.0,0.03,0,0,0,0,0,0,0,0,0,0,0,0,0,0,0,0,0,0,0,0,0
8.285978555679321,9.0,0.0,0.0,0.0,0.0,0.0,0.0,0.0,0.0,0.03,0,0,0,0,0,0,0,0,0,0,0,0,0,0,0,0,0,0,0,0,0
8.287277221679688,9.0,0.0,0.0,0.0,0.0,0.0,0.0,0.0,0.0,0.03,0,0,0,0,0,0,0,0,0,0,0,0,0,0,0,0,0,0,0,0,0
8.289910316467285,9.0,0.0,0.0,0.0,0.0,0.0,0.0,0.0,0.0,0.03,0,0,0,0,0,0,0,0,0,0,0,0,0,0,0,0,0,0,0,0,0
8.291774988174438,9.0,0.0,0.0,0.0,0.0,0.0,0.0,0.0,0.0,0.03,0,0,0,0,0,0,0,0,0,0,0,0,0,0,0,0,0,0,0,0,0
8.29323434829712,9.0,0.0,0.0,0.0,0.0,0.0,0.0,0.0,0.0,0.03,0,0,0,0,0,0,0,0,0,0,0,0,0,0,0,0,0,0,0,0,0
8.295170545578003,9.0,0.0,0.0,0.0,0.0,0.0,0.0,0.0,0.0,0.03,0,0,0,0,0,0,0,0,0,0,0,0,0,0,0,0,0,0,0,0,0
8.296534061431885,9.0,0.0,0.0,0.0,0.0,0.0,0.0,0.0,0.0,0.03,0,0,0,0,0,0,0,0,0,0,0,0,0,0,0,0,0,0,0,0,0
8.298871278762817,9.0,0.0,0.0,0.0,0.0,0.0,0.0,0.0,0.0,0.03,0,0,0,0,0,0,0,0,0,0,0,0,0,0,0,0,0,0,0,0,0
8.299960136413574,9.0,0.0,0.0,0.0,0.0,0.0,0.0,0.0,0.0,0.03,0,0,0,0,0,0,0,0,0,0,0,0,0,0,0,0,0,0,0,0,0
8.302898406982422,9.0,0.0,0.0,0.0,0.0,0.0,0.0,0.0,0.0,0.03,0,0,0,0,0,0,0,0,0,0,0,0,0,0,0,0,0,0,0,0,0
8.304319620132446,9.0,0.0,0.0,0.0,0.0,0.0,0.0,0.0,0.0,0.03,0,0,0,0,0,0,0,0,0,0,0,0,0,0,0,0,0,0,0,0,0
8.305678606033325,9.0,0.0,0.0,0.0,0.0,0.0,0.0,0.0,0.0,0.03,0,0,0,0,0,0,0,0,0,0,0,0,0,0,0,0,0,0,0,0,0
8.307627439498901,9.0,0.0,0.0,0.0,0.0,0.0,0.0,0.0,0.0,0.03,0,0,0,0,0,0,0,0,0,0,0,0,0,0,0,0,0,0,0,0,0
8.30872106552124,9.0,0.0,0.0,0.0,0.0,0.0,0.0,0.0,0.0,0.03,0,0,0,0,0,0,0,0,0,0,0,0,0,0,0,0,0,0,0,0,0
8.310181856155396,9.0,0.0,0.0,0.0,0.0,0.0,0.0,0.0,0.0,0.03,0,0,0,0,0,0,0,0,0,0,0,0,0,0,0,0,0,0,0,0,0
8.311248064041138,9.0,0.0,0.0,0.0,0.0,0.0,0.0,0.0,0.0,0.03,0,0,0,0,0,0,0,0,0,0,0,0,0,0,0,0,0,0,0,0,0
8.312713861465454,9.0,0.0,0.0,0.0,0.0,0.0,0.0,0.0,0.0,0.03,0,0,0,0,0,0,0,0,0,0,0,0,0,0,0,0,0,0,0,0,0
8.314011812210083,9.0,0.0,0.0,0.0,0.0,0.0,0.0,0.0,0.0,0.03,0,0,0,0,0,0,0,0,0,0,0,0,0,0,0,0,0,0,0,0,0
8.315101146697998,9.0,0.0,0.0,0.0,0.0,0.0,0.0,0.0,0.0,0.03,0,0,0,0,0,0,0,0,0,0,0,0,0,0,0,0,0,0,0,0,0
8.31621503829956,9.0,0.0,0.0,0.0,0.0,0.0,0.0,0.0,0.0,0.03,0,0,0,0,0,0,0,0,0,0,0,0,0,0,0,0,0,0,0,0,0
8.31736707687378,9.0,0.0,0.0,0.0,0.0,0.0,0.0,0.0,0.0,0.03,0,0,0,0,0,0,0,0,0,0,0,0,0,0,0,0,0,0,0,0,0
8.31992483139038,9.0,0.0,0.0,0.0,0.0,0.0,0.0,0.0,0.0,0.03,0,0,0,0,0,0,0,0,0,0,0,0,0,0,0,0,0,0,0,0,0
8.32134199142456,9.0,0.0,0.0,0.0,0.0,0.0,0.0,0.0,0.0,0.03,0,0,0,0,0,0,0,0,0,0,0,0,0,0,0,0,0,0,0,0,0
8.32242751121521,9.0,0.0,0.0,0.0,0.0,0.0,0.0,0.0,0.0,0.03,0,0,0,0,0,0,0,0,0,0,0,0,0,0,0,0,0,0,0,0,0
8.323529958724976,9.0,0.0,0.0,0.0,0.0,0.0,0.0,0.0,0.0,0.03,0,0,0,0,0,0,0,0,0,0,0,0,0,0,0,0,0,0,0,0,0
8.324627876281738,9.0,0.0,0.0,0.0,0.0,0.0,0.0,0.0,0.0,0.03,0,0,0,0,0,0,0,0,0,0,0,0,0,0,0,0,0,0,0,0,0
8.325834035873413,9.0,0.0,0.0,0.0,0.0,0.0,0.0,0.0,0.0,0.03,0,0,0,0,0,0,0,0,0,0,0,0,0,0,0,0,0,0,0,0,0
8.32728624343872,9.0,0.0,0.0,0.0,0.0,0.0,0.0,0.0,0.0,0.03,0,0,0,0,0,0,0,0,0,0,0,0,0,0,0,0,0,0,0,0,0
8.32845425605774,9.0,0.0,0.0,0.0,0.0,0.0,0.0,0.0,0.0,0.03,0,0,0,0,0,0,0,0,0,0,0,0,0,0,0,0,0,0,0,0,0
8.329809665679932,9.0,0.0,0.0,0.0,0.0,0.0,0.0,0.0,0.0,0.03,0,0,0,0,0,0,0,0,0,0,0,0,0,0,0,0,0,0,0,0,0
8.330940008163452,9.0,0.0,0.0,0.0,0.0,0.0,0.0,0.0,0.0,0.03,0,0,0,0,0,0,0,0,0,0,0,0,0,0,0,0,0,0,0,0,0
8.334649562835693,9.0,0.0,0.0,0.0,0.0,0.0,0.0,0.0,0.0,0.03,0,0,0,0,0,0,0,0,0,0,0,0,0,0,0,0,0,0,0,0,0
8.335938692092896,9.0,0.0,0.0,0.0,0.0,0.0,0.0,0.0,0.0,0.03,0,0,0,0,0,0,0,0,0,0,0,0,0,0,0,0,0,0,0,0,0
8.337281227111816,9.0,0.0,0.0,0.0,0.0,0.0,0.0,0.0,0.0,0.03,0,0,0,0,0,0,0,0,0,0,0,0,0,0,0,0,0,0,0,0,0
8.338793277740479,9.0,0.0,0.0,0.0,0.0,0.0,0.0,0.0,0.0,0.03,0,0,0,0,0,0,0,0,0,0,0,0,0,0,0,0,0,0,0,0,0
8.340072393417358,9.0,0.0,0.0,0.0,0.0,0.0,0.0,0.0,0.0,0.03,0,0,0,0,0,0,0,0,0,0,0,0,0,0,0,0,0,0,0,0,0
8.341235160827637,9.0,0.0,0.0,0.0,0.0,0.0,0.0,0.0,0.0,0.03,0,0,0,0,0,0,0,0,0,0,0,0,0,0,0,0,0,0,0,0,0
8.342469930648804,9.0,0.0,0.0,0.0,0.0,0.0,0.0,0.0,0.0,0.03,0,0,0,0,0,0,0,0,0,0,0,0,0,0,0,0,0,0,0,0,0
8.343663215637207,9.0,0.0,0.0,0.0,0.0,0.0,0.0,0.0,0.0,0.03,0,0,0,0,0,0,0,0,0,0,0,0,0,0,0,0,0,0,0,0,0
8.344841957092285,9.0,0.0,0.0,0.0,0.0,0.0,0.0,0.0,0.0,0.03,0,0,0,0,0,0,0,0,0,0,0,0,0,0,0,0,0,0,0,0,0
8.345901012420654,9.0,0.0,0.0,0.0,0.0,0.0,0.0,0.0,0.0,0.03,0,0,0,0,0,0,0,0,0,0,0,0,0,0,0,0,0,0,0,0,0
8.346988916397095,9.0,0.0,0.0,0.0,0.0,0.0,0.0,0.0,0.0,0.03,0,0,0,0,0,0,0,0,0,0,0,0,0,0,0,0,0,0,0,0,0
8.348301887512207,9.0,0.0,0.0,0.0,0.0,0.0,0.0,0.0,0.0,0.03,0,0,0,0,0,0,0,0,0,0,0,0,0,0,0,0,0,0,0,0,0
8.349496841430664,9.0,0.0,0.0,0.0,0.0,0.0,0.0,0.0,0.0,0.03,0,0,0,0,0,0,0,0,0,0,0,0,0,0,0,0,0,0,0,0,0
8.351497888565063,9.0,0.0,0.0,0.0,0.0,0.0,0.0,0.0,0.0,0.03,0,0,0,0,0,0,0,0,0,0,0,0,0,0,0,0,0,0,0,0,0
8.352750778198242,9.0,0.0,0.0,0.0,0.0,0.0,0.0,0.0,0.0,0.03,0,0,0,0,0,0,0,0,0,0,0,0,0,0,0,0,0,0,0,0,0
8.354878664016724,9.0,0.0,0.0,0.0,0.0,0.0,0.0,0.0,0.0,0.03,0,0,0,0,0,0,0,0,0,0,0,0,0,0,0,0,0,0,0,0,0
8.356093406677246,9.0,0.0,0.0,0.0,0.0,0.0,0.0,0.0,0.0,0.03,0,0,0,0,0,0,0,0,0,0,0,0,0,0,0,0,0,0,0,0,0
8.357516765594482,9.0,0.0,0.0,0.0,0.0,0.0,0.0,0.0,0.0,0.03,0,0,0,0,0,0,0,0,0,0,0,0,0,0,0,0,0,0,0,0,0
8.359471082687378,9.0,0.0,0.0,0.0,0.0,0.0,0.0,0.0,0.0,0.03,0,0,0,0,0,0,0,0,0,0,0,0,0,0,0,0,0,0,0,0,0
8.360825061798096,9.0,0.0,0.0,0.0,0.0,0.0,0.0,0.0,0.0,0.03,0,0,0,0,0,0,0,0,0,0,0,0,0,0,0,0,0,0,0,0,0
8.362114667892456,9.0,0.0,0.0,0.0,0.0,0.0,0.0,0.0,0.0,0.03,0,0,0,0,0,0,0,0,0,0,0,0,0,0,0,0,0,0,0,0,0
8.363293170928955,9.0,0.0,0.0,0.0,0.0,0.0,0.0,0.0,0.0,0.03,0,0,0,0,0,0,0,0,0,0,0,0,0,0,0,0,0,0,0,0,0
8.364380836486816,9.0,0.0,0.0,0.0,0.0,0.0,0.0,0.0,0.0,0.03,0,0,0,0,0,0,0,0,0,0,0,0,0,0,0,0,0,0,0,0,0
8.366915941238403,9.0,0.0,0.0,0.0,0.0,0.0,0.0,0.0,0.0,0.03,0,0,0,0,0,0,0,0,0,0,0,0,0,0,0,0,0,0,0,0,0
8.369107723236084,9.0,0.0,0.0,0.0,0.0,0.0,0.0,0.0,0.0,0.03,0,0,0,0,0,0,0,0,0,0,0,0,0,0,0,0,0,0,0,0,0
8.370910406112671,9.0,0.0,0.0,0.0,0.0,0.0,0.0,0.0,0.0,0.03,0,0,0,0,0,0,0,0,0,0,0,0,0,0,0,0,0,0,0,0,0
8.37205982208252,9.0,0.0,0.0,0.0,0.0,0.0,0.0,0.0,0.0,0.03,0,0,0,0,0,0,0,0,0,0,0,0,0,0,0,0,0,0,0,0,0
8.374776601791382,9.0,0.0,0.0,0.0,0.0,0.0,0.0,0.0,0.0,0.03,0,0,0,0,0,0,0,0,0,0,0,0,0,0,0,0,0,0,0,0,0
8.376178503036499,9.0,0.0,0.0,0.0,0.0,0.0,0.0,0.0,0.0,0.03,0,0,0,0,0,0,0,0,0,0,0,0,0,0,0,0,0,0,0,0,0
8.3785719871521,9.0,0.0,0.0,0.0,0.0,0.0,0.0,0.0,0.0,0.03,0,0,0,0,0,0,0,0,0,0,0,0,0,0,0,0,0,0,0,0,0
8.379720211029053,9.0,0.0,0.0,0.0,0.0,0.0,0.0,0.0,0.0,0.03,0,0,0,0,0,0,0,0,0,0,0,0,0,0,0,0,0,0,0,0,0
8.38088059425354,9.0,0.0,0.0,0.0,0.0,0.0,0.0,0.0,0.0,0.03,0,0,0,0,0,0,0,0,0,0,0,0,0,0,0,0,0,0,0,0,0
8.382097005844116,9.0,0.0,0.0,0.0,0.0,0.0,0.0,0.0,0.0,0.03,0,0,0,0,0,0,0,0,0,0,0,0,0,0,0,0,0,0,0,0,0
8.38347578048706,9.0,0.0,0.0,0.0,0.0,0.0,0.0,0.0,0.0,0.03,0,0,0,0,0,0,0,0,0,0,0,0,0,0,0,0,0,0,0,0,0
8.384859085083008,9.0,0.0,0.0,0.0,0.0,0.0,0.0,0.0,0.0,0.03,0,0,0,0,0,0,0,0,0,0,0,0,0,0,0,0,0,0,0,0,0
8.385930061340332,9.0,0.0,0.0,0.0,0.0,0.0,0.0,0.0,0.0,0.03,0,0,0,0,0,0,0,0,0,0,0,0,0,0,0,0,0,0,0,0,0
8.387130737304688,9.0,0.0,0.0,0.0,0.0,0.0,0.0,0.0,0.0,0.03,0,0,0,0,0,0,0,0,0,0,0,0,0,0,0,0,0,0,0,0,0
8.388242959976196,9.0,0.0,0.0,0.0,0.0,0.0,0.0,0.0,0.0,0.03,0,0,0,0,0,0,0,0,0,0,0,0,0,0,0,0,0,0,0,0,0
8.3893723487854,9.0,0.0,0.0,0.0,0.0,0.0,0.0,0.0,0.0,0.03,0,0,0,0,0,0,0,0,0,0,0,0,0,0,0,0,0,0,0,0,0
8.390644788742065,9.0,0.0,0.0,0.0,0.0,0.0,0.0,0.0,0.0,0.03,0,0,0,0,0,0,0,0,0,0,0,0,0,0,0,0,0,0,0,0,0
8.391821384429932,9.0,0.0,0.0,0.0,0.0,0.0,0.0,0.0,0.0,0.03,0,0,0,0,0,0,0,0,0,0,0,0,0,0,0,0,0,0,0,0,0
8.393189907073975,9.0,0.0,0.0,0.0,0.0,0.0,0.0,0.0,0.0,0.03,0,0,0,0,0,0,0,0,0,0,0,0,0,0,0,0,0,0,0,0,0
8.394938468933105,9.0,0.0,0.0,0.0,0.0,0.0,0.0,0.0,0.0,0.03,0,0,0,0,0,0,0,0,0,0,0,0,0,0,0,0,0,0,0,0,0
8.397472858428955,9.0,0.0,0.0,0.0,0.0,0.0,0.0,0.0,0.0,0.03,0,0,0,0,0,0,0,0,0,0,0,0,0,0,0,0,0,0,0,0,0
8.39862871170044,9.0,0.0,0.0,0.0,0.0,0.0,0.0,0.0,0.0,0.03,0,0,0,0,0,0,0,0,0,0,0,0,0,0,0,0,0,0,0,0,0
8.399804592132568,9.0,0.0,0.0,0.0,0.0,0.0,0.0,0.0,0.0,0.03,0,0,0,0,0,0,0,0,0,0,0,0,0,0,0,0,0,0,0,0,0
8.40194845199585,9.0,0.0,0.0,0.0,0.0,0.0,0.0,0.0,0.0,0.03,0,0,0,0,0,0,0,0,0,0,0,0,0,0,0,0,0,0,0,0,0
8.403462171554565,9.0,0.0,0.0,0.0,0.0,0.0,0.0,0.0,0.0,0.03,0,0,0,0,0,0,0,0,0,0,0,0,0,0,0,0,0,0,0,0,0
8.404793739318848,9.0,0.0,0.0,0.0,0.0,0.0,0.0,0.0,0.0,0.03,0,0,0,0,0,0,0,0,0,0,0,0,0,0,0,0,0,0,0,0,0
8.406074047088623,9.0,0.0,0.0,0.0,0.0,0.0,0.0,0.0,0.0,0.03,0,0,0,0,0,0,0,0,0,0,0,0,0,0,0,0,0,0,0,0,0
8.407610893249512,9.0,0.0,0.0,0.0,0.0,0.0,0.0,0.0,0.0,0.03,0,0,0,0,0,0,0,0,0,0,0,0,0,0,0,0,0,0,0,0,0
8.408694505691528,9.0,0.0,0.0,0.0,0.0,0.0,0.0,0.0,0.0,0.03,0,0,0,0,0,0,0,0,0,0,0,0,0,0,0,0,0,0,0,0,0
8.409852743148804,9.0,0.0,0.0,0.0,0.0,0.0,0.0,0.0,0.0,0.03,0,0,0,0,0,0,0,0,0,0,0,0,0,0,0,0,0,0,0,0,0
8.41104769706726,9.0,0.0,0.0,0.0,0.0,0.0,0.0,0.0,0.0,0.03,0,0,0,0,0,0,0,0,0,0,0,0,0,0,0,0,0,0,0,0,0
8.41213059425354,9.0,0.0,0.0,0.0,0.0,0.0,0.0,0.0,0.0,0.03,0,0,0,0,0,0,0,0,0,0,0,0,0,0,0,0,0,0,0,0,0
8.413758754730225,9.0,0.0,0.0,0.0,0.0,0.0,0.0,0.0,0.0,0.03,0,0,0,0,0,0,0,0,0,0,0,0,0,0,0,0,0,0,0,0,0
8.417196273803711,9.0,0.0,0.0,0.0,0.0,0.0,0.0,0.0,0.0,0.03,0,0,0,0,0,0,0,0,0,0,0,0,0,0,0,0,0,0,0,0,0
8.418401956558228,9.0,0.0,0.0,0.0,0.0,0.0,0.0,0.0,0.0,0.03,0,0,0,0,0,0,0,0,0,0,0,0,0,0,0,0,0,0,0,0,0
8.420970678329468,9.0,0.0,0.0,0.0,0.0,0.0,0.0,0.0,0.0,0.03,0,0,0,0,0,0,0,0,0,0,0,0,0,0,0,0,0,0,0,0,0
8.422097444534302,9.0,0.0,0.0,0.0,0.0,0.0,0.0,0.0,0.0,0.03,0,0,0,0,0,0,0,0,0,0,0,0,0,0,0,0,0,0,0,0,0
8.423336744308472,9.0,0.0,0.0,0.0,0.0,0.0,0.0,0.0,0.0,0.03,0,0,0,0,0,0,0,0,0,0,0,0,0,0,0,0,0,0,0,0,0
8.42444920539856,9.0,0.0,0.0,0.0,0.0,0.0,0.0,0.0,0.0,0.03,0,0,0,0,0,0,0,0,0,0,0,0,0,0,0,0,0,0,0,0,0
8.425537347793579,9.0,0.0,0.0,0.0,0.0,0.0,0.0,0.0,0.0,0.03,0,0,0,0,0,0,0,0,0,0,0,0,0,0,0,0,0,0,0,0,0
8.427160501480103,9.0,0.0,0.0,0.0,0.0,0.0,0.0,0.0,0.0,0.03,0,0,0,0,0,0,0,0,0,0,0,0,0,0,0,0,0,0,0,0,0
8.429091930389404,9.0,0.0,0.0,0.0,0.0,0.0,0.0,0.0,0.0,0.03,0,0,0,0,0,0,0,0,0,0,0,0,0,0,0,0,0,0,0,0,0
8.430401802062988,9.0,0.0,0.0,0.0,0.0,0.0,0.0,0.0,0.0,0.03,0,0,0,0,0,0,0,0,0,0,0,0,0,0,0,0,0,0,0,0,0
8.432788610458374,9.0,0.0,0.0,0.0,0.0,0.0,0.0,0.0,0.0,0.03,0,0,0,0,0,0,0,0,0,0,0,0,0,0,0,0,0,0,0,0,0
8.434066534042358,9.0,0.0,0.0,0.0,0.0,0.0,0.0,0.0,0.0,0.03,0,0,0,0,0,0,0,0,0,0,0,0,0,0,0,0,0,0,0,0,0
8.435612201690674,9.0,0.0,0.0,0.0,0.0,0.0,0.0,0.0,0.0,0.03,0,0,0,0,0,0,0,0,0,0,0,0,0,0,0,0,0,0,0,0,0
8.43688440322876,9.0,0.0,0.0,0.0,0.0,0.0,0.0,0.0,0.0,0.03,0,0,0,0,0,0,0,0,0,0,0,0,0,0,0,0,0,0,0,0,0
8.438211441040039,9.0,0.0,0.0,0.0,0.0,0.0,0.0,0.0,0.0,0.03,0,0,0,0,0,0,0,0,0,0,0,0,0,0,0,0,0,0,0,0,0
8.439512252807617,9.0,0.0,0.0,0.0,0.0,0.0,0.0,0.0,0.0,0.03,0,0,0,0,0,0,0,0,0,0,0,0,0,0,0,0,0,0,0,0,0
8.441126585006714,9.0,0.0,0.0,0.0,0.0,0.0,0.0,0.0,0.0,0.03,0,0,0,0,0,0,0,0,0,0,0,0,0,0,0,0,0,0,0,0,0
8.44222640991211,9.0,0.0,0.0,0.0,0.0,0.0,0.0,0.0,0.0,0.03,0,0,0,0,0,0,0,0,0,0,0,0,0,0,0,0,0,0,0,0,0
8.44417953491211,9.0,0.0,0.0,0.0,0.0,0.0,0.0,0.0,0.0,0.03,0,0,0,0,0,0,0,0,0,0,0,0,0,0,0,0,0,0,0,0,0
8.445484638214111,9.0,0.0,0.0,0.0,0.0,0.0,0.0,0.0,0.0,0.03,0,0,0,0,0,0,0,0,0,0,0,0,0,0,0,0,0,0,0,0,0
8.44657278060913,9.0,0.0,0.0,0.0,0.0,0.0,0.0,0.0,0.0,0.03,0,0,0,0,0,0,0,0,0,0,0,0,0,0,0,0,0,0,0,0,0
8.447750568389893,9.0,0.0,0.0,0.0,0.0,0.0,0.0,0.0,0.0,0.03,0,0,0,0,0,0,0,0,0,0,0,0,0,0,0,0,0,0,0,0,0
8.448914527893066,9.0,0.0,0.0,0.0,0.0,0.0,0.0,0.0,0.0,0.03,0,0,0,0,0,0,0,0,0,0,0,0,0,0,0,0,0,0,0,0,0
8.45026445388794,9.0,0.0,0.0,0.0,0.0,0.0,0.0,0.0,0.0,0.03,0,0,0,0,0,0,0,0,0,0,0,0,0,0,0,0,0,0,0,0,0
8.451353788375854,9.0,0.0,0.0,0.0,0.0,0.0,0.0,0.0,0.0,0.03,0,0,0,0,0,0,0,0,0,0,0,0,0,0,0,0,0,0,0,0,0
8.452528238296509,9.0,0.0,0.0,0.0,0.0,0.0,0.0,0.0,0.0,0.03,0,0,0,0,0,0,0,0,0,0,0,0,0,0,0,0,0,0,0,0,0
8.454556703567505,9.0,0.0,0.0,0.0,0.0,0.0,0.0,0.0,0.0,0.03,0,0,0,0,0,0,0,0,0,0,0,0,0,0,0,0,0,0,0,0,0
8.45580530166626,9.0,0.0,0.0,0.0,0.0,0.0,0.0,0.0,0.0,0.03,0,0,0,0,0,0,0,0,0,0,0,0,0,0,0,0,0,0,0,0,0
8.457593441009521,9.0,0.0,0.0,0.0,0.0,0.0,0.0,0.0,0.0,0.03,0,0,0,0,0,0,0,0,0,0,0,0,0,0,0,0,0,0,0,0,0
8.4587881565094,9.0,0.0,0.0,0.0,0.0,0.0,0.0,0.0,0.0,0.03,0,0,0,0,0,0,0,0,0,0,0,0,0,0,0,0,0,0,0,0,0
8.46008825302124,9.0,0.0,0.0,0.0,0.0,0.0,0.0,0.0,0.0,0.03,0,0,0,0,0,0,0,0,0,0,0,0,0,0,0,0,0,0,0,0,0
8.461268186569214,9.0,0.0,0.0,0.0,0.0,0.0,0.0,0.0,0.0,0.03,0,0,0,0,0,0,0,0,0,0,0,0,0,0,0,0,0,0,0,0,0
8.462570428848267,9.0,0.0,0.0,0.0,0.0,0.0,0.0,0.0,0.0,0.03,0,0,0,0,0,0,0,0,0,0,0,0,0,0,0,0,0,0,0,0,0
8.464621782302856,9.0,0.0,0.0,0.0,0.0,0.0,0.0,0.0,0.0,0.03,0,0,0,0,0,0,0,0,0,0,0,0,0,0,0,0,0,0,0,0,0
8.466074466705322,9.0,0.0,0.0,0.0,0.0,0.0,0.0,0.0,0.0,0.03,0,0,0,0,0,0,0,0,0,0,0,0,0,0,0,0,0,0,0,0,0
8.467193365097046,9.0,0.0,0.0,0.0,0.0,0.0,0.0,0.0,0.0,0.03,0,0,0,0,0,0,0,0,0,0,0,0,0,0,0,0,0,0,0,0,0
8.468282461166382,9.0,0.0,0.0,0.0,0.0,0.0,0.0,0.0,0.0,0.03,0,0,0,0,0,0,0,0,0,0,0,0,0,0,0,0,0,0,0,0,0
8.469370365142822,9.0,0.0,0.0,0.0,0.0,0.0,0.0,0.0,0.0,0.03,0,0,0,0,0,0,0,0,0,0,0,0,0,0,0,0,0,0,0,0,0
8.470455884933472,9.0,0.0,0.0,0.0,0.0,0.0,0.0,0.0,0.0,0.03,0,0,0,0,0,0,0,0,0,0,0,0,0,0,0,0,0,0,0,0,0
8.472169399261475,9.0,0.0,0.0,0.0,0.0,0.0,0.0,0.0,0.0,0.03,0,0,0,0,0,0,0,0,0,0,0,0,0,0,0,0,0,0,0,0,0
8.473639011383057,9.0,0.0,0.0,0.0,0.0,0.0,0.0,0.0,0.0,0.03,0,0,0,0,0,0,0,0,0,0,0,0,0,0,0,0,0,0,0,0,0
8.474735021591187,9.0,0.0,0.0,0.0,0.0,0.0,0.0,0.0,0.0,0.03,0,0,0,0,0,0,0,0,0,0,0,0,0,0,0,0,0,0,0,0,0
8.475838422775269,9.0,0.0,0.0,0.0,0.0,0.0,0.0,0.0,0.0,0.03,0,0,0,0,0,0,0,0,0,0,0,0,0,0,0,0,0,0,0,0,0
8.477178573608398,9.0,0.0,0.0,0.0,0.0,0.0,0.0,0.0,0.0,0.03,0,0,0,0,0,0,0,0,0,0,0,0,0,0,0,0,0,0,0,0,0
8.47951340675354,9.0,0.0,0.0,0.0,0.0,0.0,0.0,0.0,0.0,0.03,0,0,0,0,0,0,0,0,0,0,0,0,0,0,0,0,0,0,0,0,0
8.480731964111328,9.0,0.0,0.0,0.0,0.0,0.0,0.0,0.0,0.0,0.03,0,0,0,0,0,0,0,0,0,0,0,0,0,0,0,0,0,0,0,0,0
8.482016801834106,9.0,0.0,0.0,0.0,0.0,0.0,0.0,0.0,0.0,0.03,0,0,0,0,0,0,0,0,0,0,0,0,0,0,0,0,0,0,0,0,0
8.483524084091187,9.0,0.0,0.0,0.0,0.0,0.0,0.0,0.0,0.0,0.03,0,0,0,0,0,0,0,0,0,0,0,0,0,0,0,0,0,0,0,0,0
8.48489761352539,9.0,0.0,0.0,0.0,0.0,0.0,0.0,0.0,0.0,0.03,0,0,0,0,0,0,0,0,0,0,0,0,0,0,0,0,0,0,0,0,0
8.488410949707031,9.0,0.0,0.0,0.0,0.0,0.0,0.0,0.0,0.0,0.03,0,0,0,0,0,0,0,0,0,0,0,0,0,0,0,0,0,0,0,0,0
8.489504098892212,9.0,0.0,0.0,0.0,0.0,0.0,0.0,0.0,0.0,0.03,0,0,0,0,0,0,0,0,0,0,0,0,0,0,0,0,0,0,0,0,0
8.490770816802979,9.0,0.0,0.0,0.0,0.0,0.0,0.0,0.0,0.0,0.03,0,0,0,0,0,0,0,0,0,0,0,0,0,0,0,0,0,0,0,0,0
8.491892576217651,9.0,0.0,0.0,0.0,0.0,0.0,0.0,0.0,0.0,0.03,0,0,0,0,0,0,0,0,0,0,0,0,0,0,0,0,0,0,0,0,0
8.495280504226685,9.0,0.0,0.0,0.0,0.0,0.0,0.0,0.0,0.0,0.03,0,0,0,0,0,0,0,0,0,0,0,0,0,0,0,0,0,0,0,0,0
8.496637344360352,9.0,0.0,0.0,0.0,0.0,0.0,0.0,0.0,0.0,0.03,0,0,0,0,0,0,0,0,0,0,0,0,0,0,0,0,0,0,0,0,0
8.497968673706055,9.0,0.0,0.0,0.0,0.0,0.0,0.0,0.0,0.0,0.03,0,0,0,0,0,0,0,0,0,0,0,0,0,0,0,0,0,0,0,0,0
8.4993896484375,9.0,0.0,0.0,0.0,0.0,0.0,0.0,0.0,0.0,0.03,0,0,0,0,0,0,0,0,0,0,0,0,0,0,0,0,0,0,0,0,0
8.500669002532959,9.0,0.0,0.0,0.0,0.0,0.0,0.0,0.0,0.0,0.03,0,0,0,0,0,0,0,0,0,0,0,0,0,0,0,0,0,0,0,0,0
8.501821041107178,9.0,0.0,0.0,0.0,0.0,0.0,0.0,0.0,0.0,0.03,0,0,0,0,0,0,0,0,0,0,0,0,0,0,0,0,0,0,0,0,0
8.502920389175415,9.0,0.0,0.0,0.0,0.0,0.0,0.0,0.0,0.0,0.03,0,0,0,0,0,0,0,0,0,0,0,0,0,0,0,0,0,0,0,0,0
8.504118919372559,9.0,0.0,0.0,0.0,0.0,0.0,0.0,0.0,0.0,0.03,0,0,0,0,0,0,0,0,0,0,0,0,0,0,0,0,0,0,0,0,0
8.505834102630615,9.0,0.0,0.0,0.0,0.0,0.0,0.0,0.0,0.0,0.03,0,0,0,0,0,0,0,0,0,0,0,0,0,0,0,0,0,0,0,0,0
8.506895780563354,9.0,0.0,0.0,0.0,0.0,0.0,0.0,0.0,0.0,0.03,0,0,0,0,0,0,0,0,0,0,0,0,0,0,0,0,0,0,0,0,0
8.508070230484009,9.0,0.0,0.0,0.0,0.0,0.0,0.0,0.0,0.0,0.03,0,0,0,0,0,0,0,0,0,0,0,0,0,0,0,0,0,0,0,0,0
8.509223222732544,9.0,0.0,0.0,0.0,0.0,0.0,0.0,0.0,0.0,0.03,0,0,0,0,0,0,0,0,0,0,0,0,0,0,0,0,0,0,0,0,0
8.51041579246521,9.0,0.0,0.0,0.0,0.0,0.0,0.0,0.0,0.0,0.03,0,0,0,0,0,0,0,0,0,0,0,0,0,0,0,0,0,0,0,0,0
8.511505603790283,9.0,0.0,0.0,0.0,0.0,0.0,0.0,0.0,0.0,0.03,0,0,0,0,0,0,0,0,0,0,0,0,0,0,0,0,0,0,0,0,0
8.512572765350342,9.0,0.0,0.0,0.0,0.0,0.0,0.0,0.0,0.0,0.03,0,0,0,0,0,0,0,0,0,0,0,0,0,0,0,0,0,0,0,0,0
8.513952255249023,9.0,0.0,0.0,0.0,0.0,0.0,0.0,0.0,0.0,0.03,0,0,0,0,0,0,0,0,0,0,0,0,0,0,0,0,0,0,0,0,0
8.515924453735352,9.0,0.0,0.0,0.0,0.0,0.0,0.0,0.0,0.0,0.03,0,0,0,0,0,0,0,0,0,0,0,0,0,0,0,0,0,0,0,0,0
8.517186164855957,9.0,0.0,0.0,0.0,0.0,0.0,0.0,0.0,0.0,0.03,0,0,0,0,0,0,0,0,0,0,0,0,0,0,0,0,0,0,0,0,0
8.518534183502197,9.0,0.0,0.0,0.0,0.0,0.0,0.0,0.0,0.0,0.03,0,0,0,0,0,0,0,0,0,0,0,0,0,0,0,0,0,0,0,0,0
8.519760608673096,9.0,0.0,0.0,0.0,0.0,0.0,0.0,0.0,0.0,0.03,0,0,0,0,0,0,0,0,0,0,0,0,0,0,0,0,0,0,0,0,0
8.521686792373657,9.0,0.0,0.0,0.0,0.0,0.0,0.0,0.0,0.0,0.03,0,0,0,0,0,0,0,0,0,0,0,0,0,0,0,0,0,0,0,0,0
8.523011922836304,9.0,0.0,0.0,0.0,0.0,0.0,0.0,0.0,0.0,0.03,0,0,0,0,0,0,0,0,0,0,0,0,0,0,0,0,0,0,0,0,0
8.524268388748169,9.0,0.0,0.0,0.0,0.0,0.0,0.0,0.0,0.0,0.03,0,0,0,0,0,0,0,0,0,0,0,0,0,0,0,0,0,0,0,0,0
8.52574896812439,9.0,0.0,0.0,0.0,0.0,0.0,0.0,0.0,0.0,0.03,0,0,0,0,0,0,0,0,0,0,0,0,0,0,0,0,0,0,0,0,0
8.526885747909546,9.0,0.0,0.0,0.0,0.0,0.0,0.0,0.0,0.0,0.03,0,0,0,0,0,0,0,0,0,0,0,0,0,0,0,0,0,0,0,0,0
8.52802038192749,9.0,0.0,0.0,0.0,0.0,0.0,0.0,0.0,0.0,0.03,0,0,0,0,0,0,0,0,0,0,0,0,0,0,0,0,0,0,0,0,0
8.529102325439453,9.0,0.0,0.0,0.0,0.0,0.0,0.0,0.0,0.0,0.03,0,0,0,0,0,0,0,0,0,0,0,0,0,0,0,0,0,0,0,0,0
8.530240774154663,9.0,0.0,0.0,0.0,0.0,0.0,0.0,0.0,0.0,0.03,0,0,0,0,0,0,0,0,0,0,0,0,0,0,0,0,0,0,0,0,0
8.5313241481781,9.0,0.0,0.0,0.0,0.0,0.0,0.0,0.0,0.0,0.03,0,0,0,0,0,0,0,0,0,0,0,0,0,0,0,0,0,0,0,0,0
8.532972574234009,9.0,0.0,0.0,0.0,0.0,0.0,0.0,0.0,0.0,0.03,0,0,0,0,0,0,0,0,0,0,0,0,0,0,0,0,0,0,0,0,0
8.5341956615448,9.0,0.0,0.0,0.0,0.0,0.0,0.0,0.0,0.0,0.03,0,0,0,0,0,0,0,0,0,0,0,0,0,0,0,0,0,0,0,0,0
8.53592824935913,9.0,0.0,0.0,0.0,0.0,0.0,0.0,0.0,0.0,0.03,0,0,0,0,0,0,0,0,0,0,0,0,0,0,0,0,0,0,0,0,0
8.537128925323486,9.0,0.0,0.0,0.0,0.0,0.0,0.0,0.0,0.0,0.03,0,0,0,0,0,0,0,0,0,0,0,0,0,0,0,0,0,0,0,0,0
8.538312911987305,9.0,0.0,0.0,0.0,0.0,0.0,0.0,0.0,0.0,0.03,0,0,0,0,0,0,0,0,0,0,0,0,0,0,0,0,0,0,0,0,0
8.54015851020813,9.0,0.0,0.0,0.0,0.0,0.0,0.0,0.0,0.0,0.03,0,0,0,0,0,0,0,0,0,0,0,0,0,0,0,0,0,0,0,0,0
8.541277170181274,9.0,0.0,0.0,0.0,0.0,0.0,0.0,0.0,0.0,0.03,0,0,0,0,0,0,0,0,0,0,0,0,0,0,0,0,0,0,0,0,0
8.542534112930298,9.0,0.0,0.0,0.0,0.0,0.0,0.0,0.0,0.0,0.03,0,0,0,0,0,0,0,0,0,0,0,0,0,0,0,0,0,0,0,0,0
8.544040441513062,9.0,0.0,0.0,0.0,0.0,0.0,0.0,0.0,0.0,0.03,0,0,0,0,0,0,0,0,0,0,0,0,0,0,0,0,0,0,0,0,0
8.545173406600952,9.0,0.0,0.0,0.0,0.0,0.0,0.0,0.0,0.0,0.03,0,0,0,0,0,0,0,0,0,0,0,0,0,0,0,0,0,0,0,0,0
8.548389196395874,9.0,0.0,0.0,0.0,0.0,0.0,0.0,0.0,0.0,0.03,0,0,0,0,0,0,0,0,0,0,0,0,0,0,0,0,0,0,0,0,0
8.549737930297852,9.0,0.0,0.0,0.0,0.0,0.0,0.0,0.0,0.0,0.03,0,0,0,0,0,0,0,0,0,0,0,0,0,0,0,0,0,0,0,0,0
8.55193829536438,9.0,0.0,0.0,0.0,0.0,0.0,0.0,0.0,0.0,0.03,0,0,0,0,0,0,0,0,0,0,0,0,0,0,0,0,0,0,0,0,0
8.554628610610962,9.0,0.0,0.0,0.0,0.0,0.0,0.0,0.0,0.0,0.03,0,0,0,0,0,0,0,0,0,0,0,0,0,0,0,0,0,0,0,0,0
8.555937767028809,9.0,0.0,0.0,0.0,0.0,0.0,0.0,0.0,0.0,0.03,0,0,0,0,0,0,0,0,0,0,0,0,0,0,0,0,0,0,0,0,0
8.55725383758545,9.0,0.0,0.0,0.0,0.0,0.0,0.0,0.0,0.0,0.03,0,0,0,0,0,0,0,0,0,0,0,0,0,0,0,0,0,0,0,0,0
8.558654308319092,9.0,0.0,0.0,0.0,0.0,0.0,0.0,0.0,0.0,0.03,0,0,0,0,0,0,0,0,0,0,0,0,0,0,0,0,0,0,0,0,0
8.560710906982422,9.0,0.0,0.0,0.0,0.0,0.0,0.0,0.0,0.0,0.03,0,0,0,0,0,0,0,0,0,0,0,0,0,0,0,0,0,0,0,0,0
8.561815977096558,9.0,0.0,0.0,0.0,0.0,0.0,0.0,0.0,0.0,0.03,0,0,0,0,0,0,0,0,0,0,0,0,0,0,0,0,0,0,0,0,0
8.563134908676147,9.0,0.0,0.0,0.0,0.0,0.0,0.0,0.0,0.0,0.03,0,0,0,0,0,0,0,0,0,0,0,0,0,0,0,0,0,0,0,0,0
8.564242124557495,9.0,0.0,0.0,0.0,0.0,0.0,0.0,0.0,0.0,0.03,0,0,0,0,0,0,0,0,0,0,0,0,0,0,0,0,0,0,0,0,0
8.565335273742676,9.0,0.0,0.0,0.0,0.0,0.0,0.0,0.0,0.0,0.03,0,0,0,0,0,0,0,0,0,0,0,0,0,0,0,0,0,0,0,0,0
8.566419839859009,9.0,0.0,0.0,0.0,0.0,0.0,0.0,0.0,0.0,0.03,0,0,0,0,0,0,0,0,0,0,0,0,0,0,0,0,0,0,0,0,0
8.567525386810303,9.0,0.0,0.0,0.0,0.0,0.0,0.0,0.0,0.0,0.03,0,0,0,0,0,0,0,0,0,0,0,0,0,0,0,0,0,0,0,0,0
8.56866455078125,9.0,0.0,0.0,0.0,0.0,0.0,0.0,0.0,0.0,0.03,0,0,0,0,0,0,0,0,0,0,0,0,0,0,0,0,0,0,0,0,0
8.56982707977295,9.0,0.0,0.0,0.0,0.0,0.0,0.0,0.0,0.0,0.03,0,0,0,0,0,0,0,0,0,0,0,0,0,0,0,0,0,0,0,0,0
8.57091760635376,9.0,0.0,0.0,0.0,0.0,0.0,0.0,0.0,0.0,0.03,0,0,0,0,0,0,0,0,0,0,0,0,0,0,0,0,0,0,0,0,0
8.572009801864624,9.0,0.0,0.0,0.0,0.0,0.0,0.0,0.0,0.0,0.03,0,0,0,0,0,0,0,0,0,0,0,0,0,0,0,0,0,0,0,0,0
8.574317693710327,9.0,0.0,0.0,0.0,0.0,0.0,0.0,0.0,0.0,0.03,0,0,0,0,0,0,0,0,0,0,0,0,0,0,0,0,0,0,0,0,0
8.577523946762085,9.0,0.0,0.0,0.0,0.0,0.0,0.0,0.0,0.0,0.03,0,0,0,0,0,0,0,0,0,0,0,0,0,0,0,0,0,0,0,0,0
8.57867169380188,9.0,0.0,0.0,0.0,0.0,0.0,0.0,0.0,0.0,0.03,0,0,0,0,0,0,0,0,0,0,0,0,0,0,0,0,0,0,0,0,0
8.580328464508057,9.0,0.0,0.0,0.0,0.0,0.0,0.0,0.0,0.0,0.03,0,0,0,0,0,0,0,0,0,0,0,0,0,0,0,0,0,0,0,0,0
8.581811666488647,9.0,0.0,0.0,0.0,0.0,0.0,0.0,0.0,0.0,0.03,0,0,0,0,0,0,0,0,0,0,0,0,0,0,0,0,0,0,0,0,0
8.583043575286865,9.0,0.0,0.0,0.0,0.0,0.0,0.0,0.0,0.0,0.03,0,0,0,0,0,0,0,0,0,0,0,0,0,0,0,0,0,0,0,0,0
8.584301233291626,9.0,0.0,0.0,0.0,0.0,0.0,0.0,0.0,0.0,0.03,0,0,0,0,0,0,0,0,0,0,0,0,0,0,0,0,0,0,0,0,0
8.585577249526978,9.0,0.0,0.0,0.0,0.0,0.0,0.0,0.0,0.0,0.03,0,0,0,0,0,0,0,0,0,0,0,0,0,0,0,0,0,0,0,0,0
8.58666181564331,9.0,0.0,0.0,0.0,0.0,0.0,0.0,0.0,0.0,0.03,0,0,0,0,0,0,0,0,0,0,0,0,0,0,0,0,0,0,0,0,0
8.587763547897339,9.0,0.0,0.0,0.0,0.0,0.0,0.0,0.0,0.0,0.03,0,0,0,0,0,0,0,0,0,0,0,0,0,0,0,0,0,0,0,0,0
8.588979005813599,9.0,0.0,0.0,0.0,0.0,0.0,0.0,0.0,0.0,0.03,0,0,0,0,0,0,0,0,0,0,0,0,0,0,0,0,0,0,0,0,0
8.59006643295288,9.0,0.0,0.0,0.0,0.0,0.0,0.0,0.0,0.0,0.03,0,0,0,0,0,0,0,0,0,0,0,0,0,0,0,0,0,0,0,0,0
8.591184854507446,9.0,0.0,0.0,0.0,0.0,0.0,0.0,0.0,0.0,0.03,0,0,0,0,0,0,0,0,0,0,0,0,0,0,0,0,0,0,0,0,0
8.592899084091187,9.0,0.0,0.0,0.0,0.0,0.0,0.0,0.0,0.0,0.03,0,0,0,0,0,0,0,0,0,0,0,0,0,0,0,0,0,0,0,0,0
8.59401822090149,9.0,0.0,0.0,0.0,0.0,0.0,0.0,0.0,0.0,0.03,0,0,0,0,0,0,0,0,0,0,0,0,0,0,0,0,0,0,0,0,0
8.595835447311401,9.0,0.0,0.0,0.0,0.0,0.0,0.0,0.0,0.0,0.03,0,0,0,0,0,0,0,0,0,0,0,0,0,0,0,0,0,0,0,0,0
8.597230672836304,9.0,0.0,0.0,0.0,0.0,0.0,0.0,0.0,0.0,0.03,0,0,0,0,0,0,0,0,0,0,0,0,0,0,0,0,0,0,0,0,0
8.599164009094238,9.0,0.0,0.0,0.0,0.0,0.0,0.0,0.0,0.0,0.03,0,0,0,0,0,0,0,0,0,0,0,0,0,0,0,0,0,0,0,0,0
8.60032057762146,9.0,0.0,0.0,0.0,0.0,0.0,0.0,0.0,0.0,0.03,0,0,0,0,0,0,0,0,0,0,0,0,0,0,0,0,0,0,0,0,0
8.601642608642578,9.0,0.0,0.0,0.0,0.0,0.0,0.0,0.0,0.0,0.03,0,0,0,0,0,0,0,0,0,0,0,0,0,0,0,0,0,0,0,0,0
8.60291600227356,9.0,0.0,0.0,0.0,0.0,0.0,0.0,0.0,0.0,0.03,0,0,0,0,0,0,0,0,0,0,0,0,0,0,0,0,0,0,0,0,0
8.604347705841064,9.0,0.0,0.0,0.0,0.0,0.0,0.0,0.0,0.0,0.03,0,0,0,0,0,0,0,0,0,0,0,0,0,0,0,0,0,0,0,0,0
8.605435371398926,9.0,0.0,0.0,0.0,0.0,0.0,0.0,0.0,0.0,0.03,0,0,0,0,0,0,0,0,0,0,0,0,0,0,0,0,0,0,0,0,0
8.6071298122406,9.0,0.0,0.0,0.0,0.0,0.0,0.0,0.0,0.0,0.03,0,0,0,0,0,0,0,0,0,0,0,0,0,0,0,0,0,0,0,0,0
8.608209133148193,9.0,0.0,0.0,0.0,0.0,0.0,0.0,0.0,0.0,0.03,0,0,0,0,0,0,0,0,0,0,0,0,0,0,0,0,0,0,0,0,0
8.60954213142395,9.0,0.0,0.0,0.0,0.0,0.0,0.0,0.0,0.0,0.03,0,0,0,0,0,0,0,0,0,0,0,0,0,0,0,0,0,0,0,0,0
8.612050771713257,9.0,0.0,0.0,0.0,0.0,0.0,0.0,0.0,0.0,0.03,0,0,0,0,0,0,0,0,0,0,0,0,0,0,0,0,0,0,0,0,0
8.613937139511108,9.0,0.0,0.0,0.0,0.0,0.0,0.0,0.0,0.0,0.03,0,0,0,0,0,0,0,0,0,0,0,0,0,0,0,0,0,0,0,0,0
8.615728378295898,9.0,0.0,0.0,0.0,0.0,0.0,0.0,0.0,0.0,0.03,0,0,0,0,0,0,0,0,0,0,0,0,0,0,0,0,0,0,0,0,0
8.617006540298462,9.0,0.0,0.0,0.0,0.0,0.0,0.0,0.0,0.0,0.03,0,0,0,0,0,0,0,0,0,0,0,0,0,0,0,0,0,0,0,0,0
8.618417978286743,9.0,0.0,0.0,0.0,0.0,0.0,0.0,0.0,0.0,0.03,0,0,0,0,0,0,0,0,0,0,0,0,0,0,0,0,0,0,0,0,0
8.619672060012817,9.0,0.0,0.0,0.0,0.0,0.0,0.0,0.0,0.0,0.03,0,0,0,0,0,0,0,0,0,0,0,0,0,0,0,0,0,0,0,0,0
8.620798587799072,9.0,0.0,0.0,0.0,0.0,0.0,0.0,0.0,0.0,0.03,0,0,0,0,0,0,0,0,0,0,0,0,0,0,0,0,0,0,0,0,0
8.621986627578735,9.0,0.0,0.0,0.0,0.0,0.0,0.0,0.0,0.0,0.03,0,0,0,0,0,0,0,0,0,0,0,0,0,0,0,0,0,0,0,0,0
8.623523712158203,9.0,0.0,0.0,0.0,0.0,0.0,0.0,0.0,0.0,0.03,0,0,0,0,0,0,0,0,0,0,0,0,0,0,0,0,0,0,0,0,0
8.624619722366333,9.0,0.0,0.0,0.0,0.0,0.0,0.0,0.0,0.0,0.03,0,0,0,0,0,0,0,0,0,0,0,0,0,0,0,0,0,0,0,0,0
8.625715732574463,9.0,0.0,0.0,0.0,0.0,0.0,0.0,0.0,0.0,0.03,0,0,0,0,0,0,0,0,0,0,0,0,0,0,0,0,0,0,0,0,0
8.626816511154175,9.0,0.0,0.0,0.0,0.0,0.0,0.0,0.0,0.0,0.03,0,0,0,0,0,0,0,0,0,0,0,0,0,0,0,0,0,0,0,0,0
8.627983570098877,9.0,0.0,0.0,0.0,0.0,0.0,0.0,0.0,0.0,0.03,0,0,0,0,0,0,0,0,0,0,0,0,0,0,0,0,0,0,0,0,0
8.629180192947388,9.0,0.0,0.0,0.0,0.0,0.0,0.0,0.0,0.0,0.03,0,0,0,0,0,0,0,0,0,0,0,0,0,0,0,0,0,0,0,0,0
8.630378246307373,9.0,0.0,0.0,0.0,0.0,0.0,0.0,0.0,0.0,0.03,0,0,0,0,0,0,0,0,0,0,0,0,0,0,0,0,0,0,0,0,0
8.631469249725342,9.0,0.0,0.0,0.0,0.0,0.0,0.0,0.0,0.0,0.03,0,0,0,0,0,0,0,0,0,0,0,0,0,0,0,0,0,0,0,0,0
8.63279676437378,9.0,0.0,0.0,0.0,0.0,0.0,0.0,0.0,0.0,0.03,0,0,0,0,0,0,0,0,0,0,0,0,0,0,0,0,0,0,0,0,0
8.635421514511108,9.0,0.0,0.0,0.0,0.0,0.0,0.0,0.0,0.0,0.03,0,0,0,0,0,0,0,0,0,0,0,0,0,0,0,0,0,0,0,0,0
8.637458086013794,9.0,0.0,0.0,0.0,0.0,0.0,0.0,0.0,0.0,0.03,0,0,0,0,0,0,0,0,0,0,0,0,0,0,0,0,0,0,0,0,0
8.63883900642395,9.0,0.0,0.0,0.0,0.0,0.0,0.0,0.0,0.0,0.03,0,0,0,0,0,0,0,0,0,0,0,0,0,0,0,0,0,0,0,0,0
8.639927864074707,9.0,0.0,0.0,0.0,0.0,0.0,0.0,0.0,0.0,0.03,0,0,0,0,0,0,0,0,0,0,0,0,0,0,0,0,0,0,0,0,0
8.641615152359009,9.0,0.0,0.0,0.0,0.0,0.0,0.0,0.0,0.0,0.03,0,0,0,0,0,0,0,0,0,0,0,0,0,0,0,0,0,0,0,0,0
8.642991065979004,9.0,0.0,0.0,0.0,0.0,0.0,0.0,0.0,0.0,0.03,0,0,0,0,0,0,0,0,0,0,0,0,0,0,0,0,0,0,0,0,0
8.644245624542236,9.0,0.0,0.0,0.0,0.0,0.0,0.0,0.0,0.0,0.03,0,0,0,0,0,0,0,0,0,0,0,0,0,0,0,0,0,0,0,0,0
8.64586353302002,9.0,0.0,0.0,0.0,0.0,0.0,0.0,0.0,0.0,0.03,0,0,0,0,0,0,0,0,0,0,0,0,0,0,0,0,0,0,0,0,0
8.647196531295776,9.0,0.0,0.0,0.0,0.0,0.0,0.0,0.0,0.0,0.03,0,0,0,0,0,0,0,0,0,0,0,0,0,0,0,0,0,0,0,0,0
8.648360967636108,9.0,0.0,0.0,0.0,0.0,0.0,0.0,0.0,0.0,0.03,0,0,0,0,0,0,0,0,0,0,0,0,0,0,0,0,0,0,0,0,0
8.649444818496704,9.0,0.0,0.0,0.0,0.0,0.0,0.0,0.0,0.0,0.03,0,0,0,0,0,0,0,0,0,0,0,0,0,0,0,0,0,0,0,0,0
8.650656938552856,9.0,0.0,0.0,0.0,0.0,0.0,0.0,0.0,0.0,0.03,0,0,0,0,0,0,0,0,0,0,0,0,0,0,0,0,0,0,0,0,0
8.651764392852783,9.0,0.0,0.0,0.0,0.0,0.0,0.0,0.0,0.0,0.03,0,0,0,0,0,0,0,0,0,0,0,0,0,0,0,0,0,0,0,0,0
8.653678894042969,9.0,0.0,0.0,0.0,0.0,0.0,0.0,0.0,0.0,0.03,0,0,0,0,0,0,0,0,0,0,0,0,0,0,0,0,0,0,0,0,0
8.654848337173462,9.0,0.0,0.0,0.0,0.0,0.0,0.0,0.0,0.0,0.03,0,0,0,0,0,0,0,0,0,0,0,0,0,0,0,0,0,0,0,0,0
8.655958890914917,9.0,0.0,0.0,0.0,0.0,0.0,0.0,0.0,0.0,0.03,0,0,0,0,0,0,0,0,0,0,0,0,0,0,0,0,0,0,0,0,0
8.657719850540161,9.0,0.0,0.0,0.0,0.0,0.0,0.0,0.0,0.0,0.03,0,0,0,0,0,0,0,0,0,0,0,0,0,0,0,0,0,0,0,0,0
8.65898847579956,9.0,0.0,0.0,0.0,0.0,0.0,0.0,0.0,0.0,0.03,0,0,0,0,0,0,0,0,0,0,0,0,0,0,0,0,0,0,0,0,0
8.660336971282959,9.0,0.0,0.0,0.0,0.0,0.0,0.0,0.0,0.0,0.03,0,0,0,0,0,0,0,0,0,0,0,0,0,0,0,0,0,0,0,0,0
8.663812160491943,9.0,0.0,0.0,0.0,0.0,0.0,0.0,0.0,0.0,0.03,0,0,0,0,0,0,0,0,0,0,0,0,0,0,0,0,0,0,0,0,0
8.664997816085815,9.0,0.0,0.0,0.0,0.0,0.0,0.0,0.0,0.0,0.03,0,0,0,0,0,0,0,0,0,0,0,0,0,0,0,0,0,0,0,0,0
8.666728019714355,9.0,0.0,0.0,0.0,0.0,0.0,0.0,0.0,0.0,0.03,0,0,0,0,0,0,0,0,0,0,0,0,0,0,0,0,0,0,0,0,0
8.66812515258789,9.0,0.0,0.0,0.0,0.0,0.0,0.0,0.0,0.0,0.03,0,0,0,0,0,0,0,0,0,0,0,0,0,0,0,0,0,0,0,0,0
8.669219493865967,9.0,0.0,0.0,0.0,0.0,0.0,0.0,0.0,0.0,0.03,0,0,0,0,0,0,0,0,0,0,0,0,0,0,0,0,0,0,0,0,0
8.672376871109009,9.0,0.0,0.0,0.0,0.0,0.0,0.0,0.0,0.0,0.03,0,0,0,0,0,0,0,0,0,0,0,0,0,0,0,0,0,0,0,0,0
8.673462390899658,9.0,0.0,0.0,0.0,0.0,0.0,0.0,0.0,0.0,0.03,0,0,0,0,0,0,0,0,0,0,0,0,0,0,0,0,0,0,0,0,0
8.674834489822388,9.0,0.0,0.0,0.0,0.0,0.0,0.0,0.0,0.0,0.03,0,0,0,0,0,0,0,0,0,0,0,0,0,0,0,0,0,0,0,0,0
8.67662239074707,9.0,0.0,0.0,0.0,0.0,0.0,0.0,0.0,0.0,0.03,0,0,0,0,0,0,0,0,0,0,0,0,0,0,0,0,0,0,0,0,0
8.67772912979126,9.0,0.0,0.0,0.0,0.0,0.0,0.0,0.0,0.0,0.03,0,0,0,0,0,0,0,0,0,0,0,0,0,0,0,0,0,0,0,0,0
8.679447889328003,9.0,0.0,0.0,0.0,0.0,0.0,0.0,0.0,0.0,0.03,0,0,0,0,0,0,0,0,0,0,0,0,0,0,0,0,0,0,0,0,0
8.680785179138184,9.0,0.0,0.0,0.0,0.0,0.0,0.0,0.0,0.0,0.03,0,0,0,0,0,0,0,0,0,0,0,0,0,0,0,0,0,0,0,0,0
8.682237386703491,9.0,0.0,0.0,0.0,0.0,0.0,0.0,0.0,0.0,0.03,0,0,0,0,0,0,0,0,0,0,0,0,0,0,0,0,0,0,0,0,0
8.68362832069397,9.0,0.0,0.0,0.0,0.0,0.0,0.0,0.0,0.0,0.03,0,0,0,0,0,0,0,0,0,0,0,0,0,0,0,0,0,0,0,0,0
8.685206890106201,9.0,0.0,0.0,0.0,0.0,0.0,0.0,0.0,0.0,0.03,0,0,0,0,0,0,0,0,0,0,0,0,0,0,0,0,0,0,0,0,0
8.686402797698975,9.0,0.0,0.0,0.0,0.0,0.0,0.0,0.0,0.0,0.03,0,0,0,0,0,0,0,0,0,0,0,0,0,0,0,0,0,0,0,0,0
8.687660217285156,9.0,0.0,0.0,0.0,0.0,0.0,0.0,0.0,0.0,0.03,0,0,0,0,0,0,0,0,0,0,0,0,0,0,0,0,0,0,0,0,0
8.688843250274658,9.0,0.0,0.0,0.0,0.0,0.0,0.0,0.0,0.0,0.03,0,0,0,0,0,0,0,0,0,0,0,0,0,0,0,0,0,0,0,0,0
8.689906120300293,9.0,0.0,0.0,0.0,0.0,0.0,0.0,0.0,0.0,0.03,0,0,0,0,0,0,0,0,0,0,0,0,0,0,0,0,0,0,0,0,0
8.691183805465698,9.0,0.0,0.0,0.0,0.0,0.0,0.0,0.0,0.0,0.03,0,0,0,0,0,0,0,0,0,0,0,0,0,0,0,0,0,0,0,0,0
8.692359924316406,9.0,0.0,0.0,0.0,0.0,0.0,0.0,0.0,0.0,0.03,0,0,0,0,0,0,0,0,0,0,0,0,0,0,0,0,0,0,0,0,0
8.693652868270874,9.0,0.0,0.0,0.0,0.0,0.0,0.0,0.0,0.0,0.03,0,0,0,0,0,0,0,0,0,0,0,0,0,0,0,0,0,0,0,0,0
8.694837093353271,9.0,0.0,0.0,0.0,0.0,0.0,0.0,0.0,0.0,0.03,0,0,0,0,0,0,0,0,0,0,0,0,0,0,0,0,0,0,0,0,0
8.695919752120972,9.0,0.0,0.0,0.0,0.0,0.0,0.0,0.0,0.0,0.03,0,0,0,0,0,0,0,0,0,0,0,0,0,0,0,0,0,0,0,0,0
8.697046279907227,9.0,0.0,0.0,0.0,0.0,0.0,0.0,0.0,0.0,0.03,0,0,0,0,0,0,0,0,0,0,0,0,0,0,0,0,0,0,0,0,0
8.698186874389648,9.0,0.0,0.0,0.0,0.0,0.0,0.0,0.0,0.0,0.03,0,0,0,0,0,0,0,0,0,0,0,0,0,0,0,0,0,0,0,0,0
8.699589252471924,9.0,0.0,0.0,0.0,0.0,0.0,0.0,0.0,0.0,0.03,0,0,0,0,0,0,0,0,0,0,0,0,0,0,0,0,0,0,0,0,0
8.70073914527893,9.0,0.0,0.0,0.0,0.0,0.0,0.0,0.0,0.0,0.03,0,0,0,0,0,0,0,0,0,0,0,0,0,0,0,0,0,0,0,0,0
8.703194618225098,9.0,0.0,0.0,0.0,0.0,0.0,0.0,0.0,0.0,0.03,0,0,0,0,0,0,0,0,0,0,0,0,0,0,0,0,0,0,0,0,0
8.704322338104248,9.0,0.0,0.0,0.0,0.0,0.0,0.0,0.0,0.0,0.03,0,0,0,0,0,0,0,0,0,0,0,0,0,0,0,0,0,0,0,0,0
8.705873727798462,9.0,0.0,0.0,0.0,0.0,0.0,0.0,0.0,0.0,0.03,0,0,0,0,0,0,0,0,0,0,0,0,0,0,0,0,0,0,0,0,0
8.707619428634644,9.0,0.0,0.0,0.0,0.0,0.0,0.0,0.0,0.0,0.03,0,0,0,0,0,0,0,0,0,0,0,0,0,0,0,0,0,0,0,0,0
8.70895767211914,9.0,0.0,0.0,0.0,0.0,0.0,0.0,0.0,0.0,0.03,0,0,0,0,0,0,0,0,0,0,0,0,0,0,0,0,0,0,0,0,0
8.710935354232788,9.0,0.0,0.0,0.0,0.0,0.0,0.0,0.0,0.0,0.03,0,0,0,0,0,0,0,0,0,0,0,0,0,0,0,0,0,0,0,0,0
8.712105989456177,9.0,0.0,0.0,0.0,0.0,0.0,0.0,0.0,0.0,0.03,0,0,0,0,0,0,0,0,0,0,0,0,0,0,0,0,0,0,0,0,0
8.713186979293823,9.0,0.0,0.0,0.0,0.0,0.0,0.0,0.0,0.0,0.03,0,0,0,0,0,0,0,0,0,0,0,0,0,0,0,0,0,0,0,0,0
8.714430332183838,9.0,0.0,0.0,0.0,0.0,0.0,0.0,0.0,0.0,0.03,0,0,0,0,0,0,0,0,0,0,0,0,0,0,0,0,0,0,0,0,0
8.715580224990845,9.0,0.0,0.0,0.0,0.0,0.0,0.0,0.0,0.0,0.03,0,0,0,0,0,0,0,0,0,0,0,0,0,0,0,0,0,0,0,0,0
8.716919660568237,9.0,0.0,0.0,0.0,0.0,0.0,0.0,0.0,0.0,0.03,0,0,0,0,0,0,0,0,0,0,0,0,0,0,0,0,0,0,0,0,0
8.71804666519165,9.0,0.0,0.0,0.0,0.0,0.0,0.0,0.0,0.0,0.03,0,0,0,0,0,0,0,0,0,0,0,0,0,0,0,0,0,0,0,0,0
8.719639539718628,9.0,0.0,0.0,0.0,0.0,0.0,0.0,0.0,0.0,0.03,0,0,0,0,0,0,0,0,0,0,0,0,0,0,0,0,0,0,0,0,0
8.721361637115479,9.0,0.0,0.0,0.0,0.0,0.0,0.0,0.0,0.0,0.03,0,0,0,0,0,0,0,0,0,0,0,0,0,0,0,0,0,0,0,0,0
8.722952127456665,9.0,0.0,0.0,0.0,0.0,0.0,0.0,0.0,0.0,0.03,0,0,0,0,0,0,0,0,0,0,0,0,0,0,0,0,0,0,0,0,0
8.724360942840576,9.0,0.0,0.0,0.0,0.0,0.0,0.0,0.0,0.0,0.03,0,0,0,0,0,0,0,0,0,0,0,0,0,0,0,0,0,0,0,0,0
8.726026773452759,9.0,0.0,0.0,0.0,0.0,0.0,0.0,0.0,0.0,0.03,0,0,0,0,0,0,0,0,0,0,0,0,0,0,0,0,0,0,0,0,0
8.72734808921814,9.0,0.0,0.0,0.0,0.0,0.0,0.0,0.0,0.0,0.03,0,0,0,0,0,0,0,0,0,0,0,0,0,0,0,0,0,0,0,0,0
8.728603601455688,9.0,0.0,0.0,0.0,0.0,0.0,0.0,0.0,0.0,0.03,0,0,0,0,0,0,0,0,0,0,0,0,0,0,0,0,0,0,0,0,0
8.729729652404785,9.0,0.0,0.0,0.0,0.0,0.0,0.0,0.0,0.0,0.03,0,0,0,0,0,0,0,0,0,0,0,0,0,0,0,0,0,0,0,0,0
8.730830907821655,9.0,0.0,0.0,0.0,0.0,0.0,0.0,0.0,0.0,0.03,0,0,0,0,0,0,0,0,0,0,0,0,0,0,0,0,0,0,0,0,0
8.736893892288208,9.0,0.0,0.0,0.0,0.0,0.0,0.0,0.0,0.0,0.03,0,0,0,0,0,0,0,0,0,0,0,0,0,0,0,0,0,0,0,0,0
8.738776922225952,9.0,0.0,0.0,0.0,0.0,0.0,0.0,0.0,0.0,0.03,0,0,0,0,0,0,0,0,0,0,0,0,0,0,0,0,0,0,0,0,0
8.739999055862427,9.0,0.0,0.0,0.0,0.0,0.0,0.0,0.0,0.0,0.03,0,0,0,0,0,0,0,0,0,0,0,0,0,0,0,0,0,0,0,0,0
8.74155855178833,9.0,0.0,0.0,0.0,0.0,0.0,0.0,0.0,0.0,0.03,0,0,0,0,0,0,0,0,0,0,0,0,0,0,0,0,0,0,0,0,0
8.742748260498047,9.0,0.0,0.0,0.0,0.0,0.0,0.0,0.0,0.0,0.03,0,0,0,0,0,0,0,0,0,0,0,0,0,0,0,0,0,0,0,0,0
8.744200706481934,9.0,0.0,0.0,0.0,0.0,0.0,0.0,0.0,0.0,0.03,0,0,0,0,0,0,0,0,0,0,0,0,0,0,0,0,0,0,0,0,0
8.745307922363281,9.0,0.0,0.0,0.0,0.0,0.0,0.0,0.0,0.0,0.03,0,0,0,0,0,0,0,0,0,0,0,0,0,0,0,0,0,0,0,0,0
8.746697664260864,9.0,0.0,0.0,0.0,0.0,0.0,0.0,0.0,0.0,0.03,0,0,0,0,0,0,0,0,0,0,0,0,0,0,0,0,0,0,0,0,0
8.748001337051392,9.0,0.0,0.0,0.0,0.0,0.0,0.0,0.0,0.0,0.03,0,0,0,0,0,0,0,0,0,0,0,0,0,0,0,0,0,0,0,0,0
8.749141216278076,9.0,0.0,0.0,0.0,0.0,0.0,0.0,0.0,0.0,0.03,0,0,0,0,0,0,0,0,0,0,0,0,0,0,0,0,0,0,0,0,0
8.750918865203857,9.0,0.0,0.0,0.0,0.0,0.0,0.0,0.0,0.0,0.03,0,0,0,0,0,0,0,0,0,0,0,0,0,0,0,0,0,0,0,0,0
8.752290725708008,9.0,0.0,0.0,0.0,0.0,0.0,0.0,0.0,0.0,0.03,0,0,0,0,0,0,0,0,0,0,0,0,0,0,0,0,0,0,0,0,0
8.753397464752197,9.0,0.0,0.0,0.0,0.0,0.0,0.0,0.0,0.0,0.03,0,0,0,0,0,0,0,0,0,0,0,0,0,0,0,0,0,0,0,0,0
8.75449013710022,9.0,0.0,0.0,0.0,0.0,0.0,0.0,0.0,0.0,0.03,0,0,0,0,0,0,0,0,0,0,0,0,0,0,0,0,0,0,0,0,0
8.755687952041626,9.0,0.0,0.0,0.0,0.0,0.0,0.0,0.0,0.0,0.03,0,0,0,0,0,0,0,0,0,0,0,0,0,0,0,0,0,0,0,0,0
8.756763935089111,9.0,0.0,0.0,0.0,0.0,0.0,0.0,0.0,0.0,0.03,0,0,0,0,0,0,0,0,0,0,0,0,0,0,0,0,0,0,0,0,0
8.757904291152954,9.0,0.0,0.0,0.0,0.0,0.0,0.0,0.0,0.0,0.03,0,0,0,0,0,0,0,0,0,0,0,0,0,0,0,0,0,0,0,0,0
8.759037971496582,9.0,0.0,0.0,0.0,0.0,0.0,0.0,0.0,0.0,0.03,0,0,0,0,0,0,0,0,0,0,0,0,0,0,0,0,0,0,0,0,0
8.760356426239014,9.0,0.0,0.0,0.0,0.0,0.0,0.0,0.0,0.0,0.03,0,0,0,0,0,0,0,0,0,0,0,0,0,0,0,0,0,0,0,0,0
8.76198673248291,9.0,0.0,0.0,0.0,0.0,0.0,0.0,0.0,0.0,0.03,0,0,0,0,0,0,0,0,0,0,0,0,0,0,0,0,0,0,0,0,0
8.763410806655884,9.0,0.0,0.0,0.0,0.0,0.0,0.0,0.0,0.0,0.03,0,0,0,0,0,0,0,0,0,0,0,0,0,0,0,0,0,0,0,0,0
8.764797925949097,9.0,0.0,0.0,0.0,0.0,0.0,0.0,0.0,0.0,0.03,0,0,0,0,0,0,0,0,0,0,0,0,0,0,0,0,0,0,0,0,0
8.766103267669678,9.0,0.0,0.0,0.0,0.0,0.0,0.0,0.0,0.0,0.03,0,0,0,0,0,0,0,0,0,0,0,0,0,0,0,0,0,0,0,0,0
8.767528057098389,9.0,0.0,0.0,0.0,0.0,0.0,0.0,0.0,0.0,0.03,0,0,0,0,0,0,0,0,0,0,0,0,0,0,0,0,0,0,0,0,0
8.769237041473389,9.0,0.0,0.0,0.0,0.0,0.0,0.0,0.0,0.0,0.03,0,0,0,0,0,0,0,0,0,0,0,0,0,0,0,0,0,0,0,0,0
8.770385265350342,9.0,0.0,0.0,0.0,0.0,0.0,0.0,0.0,0.0,0.03,0,0,0,0,0,0,0,0,0,0,0,0,0,0,0,0,0,0,0,0,0
8.771837949752808,9.0,0.0,0.0,0.0,0.0,0.0,0.0,0.0,0.0,0.03,0,0,0,0,0,0,0,0,0,0,0,0,0,0,0,0,0,0,0,0,0
8.772995948791504,9.0,0.0,0.0,0.0,0.0,0.0,0.0,0.0,0.0,0.03,0,0,0,0,0,0,0,0,0,0,0,0,0,0,0,0,0,0,0,0,0
8.774149417877197,9.0,0.0,0.0,0.0,0.0,0.0,0.0,0.0,0.0,0.03,0,0,0,0,0,0,0,0,0,0,0,0,0,0,0,0,0,0,0,0,0
8.775224924087524,9.0,0.0,0.0,0.0,0.0,0.0,0.0,0.0,0.0,0.03,0,0,0,0,0,0,0,0,0,0,0,0,0,0,0,0,0,0,0,0,0
8.776318073272705,9.0,0.0,0.0,0.0,0.0,0.0,0.0,0.0,0.0,0.03,0,0,0,0,0,0,0,0,0,0,0,0,0,0,0,0,0,0,0,0,0
8.777490139007568,9.0,0.0,0.0,0.0,0.0,0.0,0.0,0.0,0.0,0.03,0,0,0,0,0,0,0,0,0,0,0,0,0,0,0,0,0,0,0,0,0
8.778623104095459,9.0,0.0,0.0,0.0,0.0,0.0,0.0,0.0,0.0,0.03,0,0,0,0,0,0,0,0,0,0,0,0,0,0,0,0,0,0,0,0,0
8.78052043914795,9.0,0.0,0.0,0.0,0.0,0.0,0.0,0.0,0.0,0.03,0,0,0,0,0,0,0,0,0,0,0,0,0,0,0,0,0,0,0,0,0
8.782192945480347,9.0,0.0,0.0,0.0,0.0,0.0,0.0,0.0,0.0,0.03,0,0,0,0,0,0,0,0,0,0,0,0,0,0,0,0,0,0,0,0,0
8.783294916152954,9.0,0.0,0.0,0.0,0.0,0.0,0.0,0.0,0.0,0.03,0,0,0,0,0,0,0,0,0,0,0,0,0,0,0,0,0,0,0,0,0
8.784578561782837,9.0,0.0,0.0,0.0,0.0,0.0,0.0,0.0,0.0,0.03,0,0,0,0,0,0,0,0,0,0,0,0,0,0,0,0,0,0,0,0,0
8.785717248916626,9.0,0.0,0.0,0.0,0.0,0.0,0.0,0.0,0.0,0.03,0,0,0,0,0,0,0,0,0,0,0,0,0,0,0,0,0,0,0,0,0
8.786866664886475,9.0,0.0,0.0,0.0,0.0,0.0,0.0,0.0,0.0,0.03,0,0,0,0,0,0,0,0,0,0,0,0,0,0,0,0,0,0,0,0,0
8.788519620895386,9.0,0.0,0.0,0.0,0.0,0.0,0.0,0.0,0.0,0.03,0,0,0,0,0,0,0,0,0,0,0,0,0,0,0,0,0,0,0,0,0
8.789771556854248,9.0,0.0,0.0,0.0,0.0,0.0,0.0,0.0,0.0,0.03,0,0,0,0,0,0,0,0,0,0,0,0,0,0,0,0,0,0,0,0,0
8.790941715240479,9.0,0.0,0.0,0.0,0.0,0.0,0.0,0.0,0.0,0.03,0,0,0,0,0,0,0,0,0,0,0,0,0,0,0,0,0,0,0,0,0
8.792783498764038,9.0,0.0,0.0,0.0,0.0,0.0,0.0,0.0,0.0,0.03,0,0,0,0,0,0,0,0,0,0,0,0,0,0,0,0,0,0,0,0,0
8.794033288955688,9.0,0.0,0.0,0.0,0.0,0.0,0.0,0.0,0.0,0.03,0,0,0,0,0,0,0,0,0,0,0,0,0,0,0,0,0,0,0,0,0
8.795344352722168,9.0,0.0,0.0,0.0,0.0,0.0,0.0,0.0,0.0,0.03,0,0,0,0,0,0,0,0,0,0,0,0,0,0,0,0,0,0,0,0,0
8.797171592712402,9.0,0.0,0.0,0.0,0.0,0.0,0.0,0.0,0.0,0.03,0,0,0,0,0,0,0,0,0,0,0,0,0,0,0,0,0,0,0,0,0
8.798253774642944,9.0,0.0,0.0,0.0,0.0,0.0,0.0,0.0,0.0,0.03,0,0,0,0,0,0,0,0,0,0,0,0,0,0,0,0,0,0,0,0,0
8.799577474594116,9.0,0.0,0.0,0.0,0.0,0.0,0.0,0.0,0.0,0.03,0,0,0,0,0,0,0,0,0,0,0,0,0,0,0,0,0,0,0,0,0
8.803616523742676,9.0,0.0,0.0,0.0,0.0,0.0,0.0,0.0,0.0,0.03,0,0,0,0,0,0,0,0,0,0,0,0,0,0,0,0,0,0,0,0,0
8.804766416549683,9.0,0.0,0.0,0.0,0.0,0.0,0.0,0.0,0.0,0.03,0,0,0,0,0,0,0,0,0,0,0,0,0,0,0,0,0,0,0,0,0
8.805986881256104,9.0,0.0,0.0,0.0,0.0,0.0,0.0,0.0,0.0,0.03,0,0,0,0,0,0,0,0,0,0,0,0,0,0,0,0,0,0,0,0,0
8.807352542877197,9.0,0.0,0.0,0.0,0.0,0.0,0.0,0.0,0.0,0.03,0,0,0,0,0,0,0,0,0,0,0,0,0,0,0,0,0,0,0,0,0
8.808858394622803,9.0,0.0,0.0,0.0,0.0,0.0,0.0,0.0,0.0,0.03,0,0,0,0,0,0,0,0,0,0,0,0,0,0,0,0,0,0,0,0,0
8.810568571090698,9.0,0.0,0.0,0.0,0.0,0.0,0.0,0.0,0.0,0.03,0,0,0,0,0,0,0,0,0,0,0,0,0,0,0,0,0,0,0,0,0
8.811826705932617,9.0,0.0,0.0,0.0,0.0,0.0,0.0,0.0,0.0,0.03,0,0,0,0,0,0,0,0,0,0,0,0,0,0,0,0,0,0,0,0,0
8.814072370529175,9.0,0.0,0.0,0.0,0.0,0.0,0.0,0.0,0.0,0.03,0,0,0,0,0,0,0,0,0,0,0,0,0,0,0,0,0,0,0,0,0
8.815465450286865,9.0,0.0,0.0,0.0,0.0,0.0,0.0,0.0,0.0,0.03,0,0,0,0,0,0,0,0,0,0,0,0,0,0,0,0,0,0,0,0,0
8.816561698913574,9.0,0.0,0.0,0.0,0.0,0.0,0.0,0.0,0.0,0.03,0,0,0,0,0,0,0,0,0,0,0,0,0,0,0,0,0,0,0,0,0
8.817745447158813,9.0,0.0,0.0,0.0,0.0,0.0,0.0,0.0,0.0,0.03,0,0,0,0,0,0,0,0,0,0,0,0,0,0,0,0,0,0,0,0,0
8.818907499313354,9.0,0.0,0.0,0.0,0.0,0.0,0.0,0.0,0.0,0.03,0,0,0,0,0,0,0,0,0,0,0,0,0,0,0,0,0,0,0,0,0
8.82004451751709,9.0,0.0,0.0,0.0,0.0,0.0,0.0,0.0,0.0,0.03,0,0,0,0,0,0,0,0,0,0,0,0,0,0,0,0,0,0,0,0,0
8.821259498596191,9.0,0.0,0.0,0.0,0.0,0.0,0.0,0.0,0.0,0.03,0,0,0,0,0,0,0,0,0,0,0,0,0,0,0,0,0,0,0,0,0
8.822453737258911,9.0,0.0,0.0,0.0,0.0,0.0,0.0,0.0,0.0,0.03,0,0,0,0,0,0,0,0,0,0,0,0,0,0,0,0,0,0,0,0,0
8.823764562606812,9.0,0.0,0.0,0.0,0.0,0.0,0.0,0.0,0.0,0.03,0,0,0,0,0,0,0,0,0,0,0,0,0,0,0,0,0,0,0,0,0
8.824959993362427,9.0,0.0,0.0,0.0,0.0,0.0,0.0,0.0,0.0,0.03,0,0,0,0,0,0,0,0,0,0,0,0,0,0,0,0,0,0,0,0,0
8.826749801635742,9.0,0.0,0.0,0.0,0.0,0.0,0.0,0.0,0.0,0.03,0,0,0,0,0,0,0,0,0,0,0,0,0,0,0,0,0,0,0,0,0
8.827966213226318,9.0,0.0,0.0,0.0,0.0,0.0,0.0,0.0,0.0,0.03,0,0,0,0,0,0,0,0,0,0,0,0,0,0,0,0,0,0,0,0,0
8.829121351242065,9.0,0.0,0.0,0.0,0.0,0.0,0.0,0.0,0.0,0.03,0,0,0,0,0,0,0,0,0,0,0,0,0,0,0,0,0,0,0,0,0
8.830320596694946,9.0,0.0,0.0,0.0,0.0,0.0,0.0,0.0,0.0,0.03,0,0,0,0,0,0,0,0,0,0,0,0,0,0,0,0,0,0,0,0,0
8.831960439682007,9.0,0.0,0.0,0.0,0.0,0.0,0.0,0.0,0.0,0.03,0,0,0,0,0,0,0,0,0,0,0,0,0,0,0,0,0,0,0,0,0
8.833338737487793,9.0,0.0,0.0,0.0,0.0,0.0,0.0,0.0,0.0,0.03,0,0,0,0,0,0,0,0,0,0,0,0,0,0,0,0,0,0,0,0,0
8.834467649459839,9.0,0.0,0.0,0.0,0.0,0.0,0.0,0.0,0.0,0.03,0,0,0,0,0,0,0,0,0,0,0,0,0,0,0,0,0,0,0,0,0
8.835958003997803,9.0,0.0,0.0,0.0,0.0,0.0,0.0,0.0,0.0,0.03,0,0,0,0,0,0,0,0,0,0,0,0,0,0,0,0,0,0,0,0,0
8.837095499038696,9.0,0.0,0.0,0.0,0.0,0.0,0.0,0.0,0.0,0.03,0,0,0,0,0,0,0,0,0,0,0,0,0,0,0,0,0,0,0,0,0
8.838175773620605,9.0,0.0,0.0,0.0,0.0,0.0,0.0,0.0,0.0,0.03,0,0,0,0,0,0,0,0,0,0,0,0,0,0,0,0,0,0,0,0,0
8.839287042617798,9.0,0.0,0.0,0.0,0.0,0.0,0.0,0.0,0.0,0.03,0,0,0,0,0,0,0,0,0,0,0,0,0,0,0,0,0,0,0,0,0
8.840343236923218,9.0,0.0,0.0,0.0,0.0,0.0,0.0,0.0,0.0,0.03,0,0,0,0,0,0,0,0,0,0,0,0,0,0,0,0,0,0,0,0,0
8.841480493545532,9.0,0.0,0.0,0.0,0.0,0.0,0.0,0.0,0.0,0.03,0,0,0,0,0,0,0,0,0,0,0,0,0,0,0,0,0,0,0,0,0
8.842700958251953,9.0,0.0,0.0,0.0,0.0,0.0,0.0,0.0,0.0,0.03,0,0,0,0,0,0,0,0,0,0,0,0,0,0,0,0,0,0,0,0,0
8.844558000564575,9.0,0.0,0.0,0.0,0.0,0.0,0.0,0.0,0.0,0.03,0,0,0,0,0,0,0,0,0,0,0,0,0,0,0,0,0,0,0,0,0
8.84688401222229,9.0,0.0,0.0,0.0,0.0,0.0,0.0,0.0,0.0,0.03,0,0,0,0,0,0,0,0,0,0,0,0,0,0,0,0,0,0,0,0,0
8.84945297241211,9.0,0.0,0.0,0.0,0.0,0.0,0.0,0.0,0.0,0.03,0,0,0,0,0,0,0,0,0,0,0,0,0,0,0,0,0,0,0,0,0
8.850553274154663,9.0,0.0,0.0,0.0,0.0,0.0,0.0,0.0,0.0,0.03,0,0,0,0,0,0,0,0,0,0,0,0,0,0,0,0,0,0,0,0,0
8.85265827178955,9.0,0.0,0.0,0.0,0.0,0.0,0.0,0.0,0.0,0.03,0,0,0,0,0,0,0,0,0,0,0,0,0,0,0,0,0,0,0,0,0
8.85408329963684,9.0,0.0,0.0,0.0,0.0,0.0,0.0,0.0,0.0,0.03,0,0,0,0,0,0,0,0,0,0,0,0,0,0,0,0,0,0,0,0,0
8.855180025100708,9.0,0.0,0.0,0.0,0.0,0.0,0.0,0.0,0.0,0.03,0,0,0,0,0,0,0,0,0,0,0,0,0,0,0,0,0,0,0,0,0
8.856446743011475,9.0,0.0,0.0,0.0,0.0,0.0,0.0,0.0,0.0,0.03,0,0,0,0,0,0,0,0,0,0,0,0,0,0,0,0,0,0,0,0,0
8.857576370239258,9.0,0.0,0.0,0.0,0.0,0.0,0.0,0.0,0.0,0.03,0,0,0,0,0,0,0,0,0,0,0,0,0,0,0,0,0,0,0,0,0
8.858912944793701,9.0,0.0,0.0,0.0,0.0,0.0,0.0,0.0,0.0,0.03,0,0,0,0,0,0,0,0,0,0,0,0,0,0,0,0,0,0,0,0,0
8.86033582687378,9.0,0.0,0.0,0.0,0.0,0.0,0.0,0.0,0.0,0.03,0,0,0,0,0,0,0,0,0,0,0,0,0,0,0,0,0,0,0,0,0
8.862647771835327,9.0,0.0,0.0,0.0,0.0,0.0,0.0,0.0,0.0,0.03,0,0,0,0,0,0,0,0,0,0,0,0,0,0,0,0,0,0,0,0,0
8.863730907440186,9.0,0.0,0.0,0.0,0.0,0.0,0.0,0.0,0.0,0.03,0,0,0,0,0,0,0,0,0,0,0,0,0,0,0,0,0,0,0,0,0
8.864927768707275,9.0,0.0,0.0,0.0,0.0,0.0,0.0,0.0,0.0,0.03,0,0,0,0,0,0,0,0,0,0,0,0,0,0,0,0,0,0,0,0,0
8.866542339324951,9.0,0.0,0.0,0.0,0.0,0.0,0.0,0.0,0.0,0.03,0,0,0,0,0,0,0,0,0,0,0,0,0,0,0,0,0,0,0,0,0
8.867983102798462,9.0,0.0,0.0,0.0,0.0,0.0,0.0,0.0,0.0,0.03,0,0,0,0,0,0,0,0,0,0,0,0,0,0,0,0,0,0,0,0,0
8.869474172592163,9.0,0.0,0.0,0.0,0.0,0.0,0.0,0.0,0.0,0.03,0,0,0,0,0,0,0,0,0,0,0,0,0,0,0,0,0,0,0,0,0
8.870938301086426,9.0,0.0,0.0,0.0,0.0,0.0,0.0,0.0,0.0,0.03,0,0,0,0,0,0,0,0,0,0,0,0,0,0,0,0,0,0,0,0,0
8.872523546218872,9.0,0.0,0.0,0.0,0.0,0.0,0.0,0.0,0.0,0.03,0,0,0,0,0,0,0,0,0,0,0,0,0,0,0,0,0,0,0,0,0
8.87364387512207,9.0,0.0,0.0,0.0,0.0,0.0,0.0,0.0,0.0,0.03,0,0,0,0,0,0,0,0,0,0,0,0,0,0,0,0,0,0,0,0,0
8.875105142593384,9.0,0.0,0.0,0.0,0.0,0.0,0.0,0.0,0.0,0.03,0,0,0,0,0,0,0,0,0,0,0,0,0,0,0,0,0,0,0,0,0
8.876500129699707,9.0,0.0,0.0,0.0,0.0,0.0,0.0,0.0,0.0,0.03,0,0,0,0,0,0,0,0,0,0,0,0,0,0,0,0,0,0,0,0,0
8.877941846847534,9.0,0.0,0.0,0.0,0.0,0.0,0.0,0.0,0.0,0.03,0,0,0,0,0,0,0,0,0,0,0,0,0,0,0,0,0,0,0,0,0
8.879248857498169,9.0,0.0,0.0,0.0,0.0,0.0,0.0,0.0,0.0,0.03,0,0,0,0,0,0,0,0,0,0,0,0,0,0,0,0,0,0,0,0,0
8.880362510681152,9.0,0.0,0.0,0.0,0.0,0.0,0.0,0.0,0.0,0.03,0,0,0,0,0,0,0,0,0,0,0,0,0,0,0,0,0,0,0,0,0
8.881521224975586,9.0,0.0,0.0,0.0,0.0,0.0,0.0,0.0,0.0,0.03,0,0,0,0,0,0,0,0,0,0,0,0,0,0,0,0,0,0,0,0,0
8.882628202438354,9.0,0.0,0.0,0.0,0.0,0.0,0.0,0.0,0.0,0.03,0,0,0,0,0,0,0,0,0,0,0,0,0,0,0,0,0,0,0,0,0
8.883757829666138,9.0,0.0,0.0,0.0,0.0,0.0,0.0,0.0,0.0,0.03,0,0,0,0,0,0,0,0,0,0,0,0,0,0,0,0,0,0,0,0,0
8.88494062423706,9.0,0.0,0.0,0.0,0.0,0.0,0.0,0.0,0.0,0.03,0,0,0,0,0,0,0,0,0,0,0,0,0,0,0,0,0,0,0,0,0
8.886142015457153,9.0,0.0,0.0,0.0,0.0,0.0,0.0,0.0,0.0,0.03,0,0,0,0,0,0,0,0,0,0,0,0,0,0,0,0,0,0,0,0,0
8.887238025665283,9.0,0.0,0.0,0.0,0.0,0.0,0.0,0.0,0.0,0.03,0,0,0,0,0,0,0,0,0,0,0,0,0,0,0,0,0,0,0,0,0
8.888469219207764,9.0,0.0,0.0,0.0,0.0,0.0,0.0,0.0,0.0,0.03,0,0,0,0,0,0,0,0,0,0,0,0,0,0,0,0,0,0,0,0,0
8.890005111694336,9.0,0.0,0.0,0.0,0.0,0.0,0.0,0.0,0.0,0.03,0,0,0,0,0,0,0,0,0,0,0,0,0,0,0,0,0,0,0,0,0
8.892290592193604,9.0,0.0,0.0,0.0,0.0,0.0,0.0,0.0,0.0,0.03,0,0,0,0,0,0,0,0,0,0,0,0,0,0,0,0,0,0,0,0,0
8.893629789352417,9.0,0.0,0.0,0.0,0.0,0.0,0.0,0.0,0.0,0.03,0,0,0,0,0,0,0,0,0,0,0,0,0,0,0,0,0,0,0,0,0
8.894970893859863,9.0,0.0,0.0,0.0,0.0,0.0,0.0,0.0,0.0,0.03,0,0,0,0,0,0,0,0,0,0,0,0,0,0,0,0,0,0,0,0,0
8.89609146118164,9.0,0.0,0.0,0.0,0.0,0.0,0.0,0.0,0.0,0.03,0,0,0,0,0,0,0,0,0,0,0,0,0,0,0,0,0,0,0,0,0
8.897194862365723,9.0,0.0,0.0,0.0,0.0,0.0,0.0,0.0,0.0,0.03,0,0,0,0,0,0,0,0,0,0,0,0,0,0,0,0,0,0,0,0,0
8.898581266403198,9.0,0.0,0.0,0.0,0.0,0.0,0.0,0.0,0.0,0.03,0,0,0,0,0,0,0,0,0,0,0,0,0,0,0,0,0,0,0,0,0
8.899935007095337,9.0,0.0,0.0,0.0,0.0,0.0,0.0,0.0,0.0,0.03,0,0,0,0,0,0,0,0,0,0,0,0,0,0,0,0,0,0,0,0,0
8.901910781860352,9.0,0.0,0.0,0.0,0.0,0.0,0.0,0.0,0.0,0.03,0,0,0,0,0,0,0,0,0,0,0,0,0,0,0,0,0,0,0,0,0
8.90330982208252,9.0,0.0,0.0,0.0,0.0,0.0,0.0,0.0,0.0,0.03,0,0,0,0,0,0,0,0,0,0,0,0,0,0,0,0,0,0,0,0,0
8.90439510345459,9.0,0.0,0.0,0.0,0.0,0.0,0.0,0.0,0.0,0.03,0,0,0,0,0,0,0,0,0,0,0,0,0,0,0,0,0,0,0,0,0
8.905507802963257,9.0,0.0,0.0,0.0,0.0,0.0,0.0,0.0,0.0,0.03,0,0,0,0,0,0,0,0,0,0,0,0,0,0,0,0,0,0,0,0,0
8.906601667404175,9.0,0.0,0.0,0.0,0.0,0.0,0.0,0.0,0.0,0.03,0,0,0,0,0,0,0,0,0,0,0,0,0,0,0,0,0,0,0,0,0
8.907836198806763,9.0,0.0,0.0,0.0,0.0,0.0,0.0,0.0,0.0,0.03,0,0,0,0,0,0,0,0,0,0,0,0,0,0,0,0,0,0,0,0,0
8.909283876419067,9.0,0.0,0.0,0.0,0.0,0.0,0.0,0.0,0.0,0.03,0,0,0,0,0,0,0,0,0,0,0,0,0,0,0,0,0,0,0,0,0
8.910996437072754,9.0,0.0,0.0,0.0,0.0,0.0,0.0,0.0,0.0,0.03,0,0,0,0,0,0,0,0,0,0,0,0,0,0,0,0,0,0,0,0,0
8.912513971328735,9.0,0.0,0.0,0.0,0.0,0.0,0.0,0.0,0.0,0.03,0,0,0,0,0,0,0,0,0,0,0,0,0,0,0,0,0,0,0,0,0
8.914750337600708,9.0,0.0,0.0,0.0,0.0,0.0,0.0,0.0,0.0,0.03,0,0,0,0,0,0,0,0,0,0,0,0,0,0,0,0,0,0,0,0,0
8.91588807106018,9.0,0.0,0.0,0.0,0.0,0.0,0.0,0.0,0.0,0.03,0,0,0,0,0,0,0,0,0,0,0,0,0,0,0,0,0,0,0,0,0
8.917282104492188,9.0,0.0,0.0,0.0,0.0,0.0,0.0,0.0,0.0,0.03,0,0,0,0,0,0,0,0,0,0,0,0,0,0,0,0,0,0,0,0,0
8.919294595718384,9.0,0.0,0.0,0.0,0.0,0.0,0.0,0.0,0.0,0.03,0,0,0,0,0,0,0,0,0,0,0,0,0,0,0,0,0,0,0,0,0
8.920633554458618,9.0,0.0,0.0,0.0,0.0,0.0,0.0,0.0,0.0,0.03,0,0,0,0,0,0,0,0,0,0,0,0,0,0,0,0,0,0,0,0,0
8.922016620635986,9.0,0.0,0.0,0.0,0.0,0.0,0.0,0.0,0.0,0.03,0,0,0,0,0,0,0,0,0,0,0,0,0,0,0,0,0,0,0,0,0
8.923112869262695,9.0,0.0,0.0,0.0,0.0,0.0,0.0,0.0,0.0,0.03,0,0,0,0,0,0,0,0,0,0,0,0,0,0,0,0,0,0,0,0,0
8.925589084625244,9.0,0.0,0.0,0.0,0.0,0.0,0.0,0.0,0.0,0.03,0,0,0,0,0,0,0,0,0,0,0,0,0,0,0,0,0,0,0,0,0
8.927204370498657,9.0,0.0,0.0,0.0,0.0,0.0,0.0,0.0,0.0,0.03,0,0,0,0,0,0,0,0,0,0,0,0,0,0,0,0,0,0,0,0,0
8.928335666656494,9.0,0.0,0.0,0.0,0.0,0.0,0.0,0.0,0.0,0.03,0,0,0,0,0,0,0,0,0,0,0,0,0,0,0,0,0,0,0,0,0
8.929567098617554,9.0,0.0,0.0,0.0,0.0,0.0,0.0,0.0,0.0,0.03,0,0,0,0,0,0,0,0,0,0,0,0,0,0,0,0,0,0,0,0,0
8.930757284164429,9.0,0.0,0.0,0.0,0.0,0.0,0.0,0.0,0.0,0.03,0,0,0,0,0,0,0,0,0,0,0,0,0,0,0,0,0,0,0,0,0
8.932961225509644,9.0,0.0,0.0,0.0,0.0,0.0,0.0,0.0,0.0,0.03,0,0,0,0,0,0,0,0,0,0,0,0,0,0,0,0,0,0,0,0,0
8.934056758880615,9.0,0.0,0.0,0.0,0.0,0.0,0.0,0.0,0.0,0.03,0,0,0,0,0,0,0,0,0,0,0,0,0,0,0,0,0,0,0,0,0
8.935237407684326,9.0,0.0,0.0,0.0,0.0,0.0,0.0,0.0,0.0,0.03,0,0,0,0,0,0,0,0,0,0,0,0,0,0,0,0,0,0,0,0,0
8.936397552490234,9.0,0.0,0.0,0.0,0.0,0.0,0.0,0.0,0.0,0.03,0,0,0,0,0,0,0,0,0,0,0,0,0,0,0,0,0,0,0,0,0
8.938045978546143,9.0,0.0,0.0,0.0,0.0,0.0,0.0,0.0,0.0,0.03,0,0,0,0,0,0,0,0,0,0,0,0,0,0,0,0,0,0,0,0,0
8.939179182052612,9.0,0.0,0.0,0.0,0.0,0.0,0.0,0.0,0.0,0.03,0,0,0,0,0,0,0,0,0,0,0,0,0,0,0,0,0,0,0,0,0
8.94024109840393,9.0,0.0,0.0,0.0,0.0,0.0,0.0,0.0,0.0,0.03,0,0,0,0,0,0,0,0,0,0,0,0,0,0,0,0,0,0,0,0,0
8.941433429718018,9.0,0.0,0.0,0.0,0.0,0.0,0.0,0.0,0.0,0.03,0,0,0,0,0,0,0,0,0,0,0,0,0,0,0,0,0,0,0,0,0
8.94399905204773,9.0,0.0,0.0,0.0,0.0,0.0,0.0,0.0,0.0,0.03,0,0,0,0,0,0,0,0,0,0,0,0,0,0,0,0,0,0,0,0,0
8.945443868637085,9.0,0.0,0.0,0.0,0.0,0.0,0.0,0.0,0.0,0.03,0,0,0,0,0,0,0,0,0,0,0,0,0,0,0,0,0,0,0,0,0
8.94653034210205,9.0,0.0,0.0,0.0,0.0,0.0,0.0,0.0,0.0,0.03,0,0,0,0,0,0,0,0,0,0,0,0,0,0,0,0,0,0,0,0,0
8.94764494895935,9.0,0.0,0.0,0.0,0.0,0.0,0.0,0.0,0.0,0.03,0,0,0,0,0,0,0,0,0,0,0,0,0,0,0,0,0,0,0,0,0
8.948755502700806,9.0,0.0,0.0,0.0,0.0,0.0,0.0,0.0,0.0,0.03,0,0,0,0,0,0,0,0,0,0,0,0,0,0,0,0,0,0,0,0,0
8.95000147819519,9.0,0.0,0.0,0.0,0.0,0.0,0.0,0.0,0.0,0.03,0,0,0,0,0,0,0,0,0,0,0,0,0,0,0,0,0,0,0,0,0
8.951274156570435,9.0,0.0,0.0,0.0,0.0,0.0,0.0,0.0,0.0,0.03,0,0,0,0,0,0,0,0,0,0,0,0,0,0,0,0,0,0,0,0,0
8.952480792999268,9.0,0.0,0.0,0.0,0.0,0.0,0.0,0.0,0.0,0.03,0,0,0,0,0,0,0,0,0,0,0,0,0,0,0,0,0,0,0,0,0
8.95388650894165,9.0,0.0,0.0,0.0,0.0,0.0,0.0,0.0,0.0,0.03,0,0,0,0,0,0,0,0,0,0,0,0,0,0,0,0,0,0,0,0,0
8.955599784851074,9.0,0.0,0.0,0.0,0.0,0.0,0.0,0.0,0.0,0.03,0,0,0,0,0,0,0,0,0,0,0,0,0,0,0,0,0,0,0,0,0
8.957303524017334,9.0,0.0,0.0,0.0,0.0,0.0,0.0,0.0,0.0,0.03,0,0,0,0,0,0,0,0,0,0,0,0,0,0,0,0,0,0,0,0,0
8.95876669883728,9.0,0.0,0.0,0.0,0.0,0.0,0.0,0.0,0.0,0.03,0,0,0,0,0,0,0,0,0,0,0,0,0,0,0,0,0,0,0,0,0
8.960896253585815,9.0,0.0,0.0,0.0,0.0,0.0,0.0,0.0,0.0,0.03,0,0,0,0,0,0,0,0,0,0,0,0,0,0,0,0,0,0,0,0,0
8.962137699127197,9.0,0.0,0.0,0.0,0.0,0.0,0.0,0.0,0.0,0.03,0,0,0,0,0,0,0,0,0,0,0,0,0,0,0,0,0,0,0,0,0
8.963475465774536,9.0,0.0,0.0,0.0,0.0,0.0,0.0,0.0,0.0,0.03,0,0,0,0,0,0,0,0,0,0,0,0,0,0,0,0,0,0,0,0,0
8.96476435661316,9.0,0.0,0.0,0.0,0.0,0.0,0.0,0.0,0.0,0.03,0,0,0,0,0,0,0,0,0,0,0,0,0,0,0,0,0,0,0,0,0
8.966464757919312,9.0,0.0,0.0,0.0,0.0,0.0,0.0,0.0,0.0,0.03,0,0,0,0,0,0,0,0,0,0,0,0,0,0,0,0,0,0,0,0,0
8.967833518981934,9.0,0.0,0.0,0.0,0.0,0.0,0.0,0.0,0.0,0.03,0,0,0,0,0,0,0,0,0,0,0,0,0,0,0,0,0,0,0,0,0
8.968918561935425,9.0,0.0,0.0,0.0,0.0,0.0,0.0,0.0,0.0,0.03,0,0,0,0,0,0,0,0,0,0,0,0,0,0,0,0,0,0,0,0,0
8.970107555389404,9.0,0.0,0.0,0.0,0.0,0.0,0.0,0.0,0.0,0.03,0,0,0,0,0,0,0,0,0,0,0,0,0,0,0,0,0,0,0,0,0
8.97128677368164,9.0,0.0,0.0,0.0,0.0,0.0,0.0,0.0,0.0,0.03,0,0,0,0,0,0,0,0,0,0,0,0,0,0,0,0,0,0,0,0,0
8.972497701644897,9.0,0.0,0.0,0.0,0.0,0.0,0.0,0.0,0.0,0.03,0,0,0,0,0,0,0,0,0,0,0,0,0,0,0,0,0,0,0,0,0
8.974463939666748,9.0,0.0,0.0,0.0,0.0,0.0,0.0,0.0,0.0,0.03,0,0,0,0,0,0,0,0,0,0,0,0,0,0,0,0,0,0,0,0,0
8.976124286651611,9.0,0.0,0.0,0.0,0.0,0.0,0.0,0.0,0.0,0.03,0,0,0,0,0,0,0,0,0,0,0,0,0,0,0,0,0,0,0,0,0
8.97781229019165,9.0,0.0,0.0,0.0,0.0,0.0,0.0,0.0,0.0,0.03,0,0,0,0,0,0,0,0,0,0,0,0,0,0,0,0,0,0,0,0,0
8.979247093200684,9.0,0.0,0.0,0.0,0.0,0.0,0.0,0.0,0.0,0.03,0,0,0,0,0,0,0,0,0,0,0,0,0,0,0,0,0,0,0,0,0
8.980340003967285,9.0,0.0,0.0,0.0,0.0,0.0,0.0,0.0,0.0,0.03,0,0,0,0,0,0,0,0,0,0,0,0,0,0,0,0,0,0,0,0,0
8.982242822647095,9.0,0.0,0.0,0.0,0.0,0.0,0.0,0.0,0.0,0.03,0,0,0,0,0,0,0,0,0,0,0,0,0,0,0,0,0,0,0,0,0
8.983891725540161,9.0,0.0,0.0,0.0,0.0,0.0,0.0,0.0,0.0,0.03,0,0,0,0,0,0,0,0,0,0,0,0,0,0,0,0,0,0,0,0,0
8.985214233398438,9.0,0.0,0.0,0.0,0.0,0.0,0.0,0.0,0.0,0.03,0,0,0,0,0,0,0,0,0,0,0,0,0,0,0,0,0,0,0,0,0
8.986877202987671,9.0,0.0,0.0,0.0,0.0,0.0,0.0,0.0,0.0,0.03,0,0,0,0,0,0,0,0,0,0,0,0,0,0,0,0,0,0,0,0,0
8.988241195678711,9.0,0.0,0.0,0.0,0.0,0.0,0.0,0.0,0.0,0.03,0,0,0,0,0,0,0,0,0,0,0,0,0,0,0,0,0,0,0,0,0
8.99411392211914,9.0,0.0,0.0,0.0,0.0,0.0,0.0,0.0,0.0,0.03,0,0,0,0,0,0,0,0,0,0,0,0,0,0,0,0,0,0,0,0,0
8.996117115020752,9.0,0.0,0.0,0.0,0.0,0.0,0.0,0.0,0.0,0.03,0,0,0,0,0,0,0,0,0,0,0,0,0,0,0,0,0,0,0,0,0
8.998356342315674,9.0,0.0,0.0,0.0,0.0,0.0,0.0,0.0,0.0,0.03,0,0,0,0,0,0,0,0,0,0,0,0,0,0,0,0,0,0,0,0,0
8.999742984771729,9.0,0.0,0.0,0.0,0.0,0.0,0.0,0.0,0.0,0.03,0,0,0,0,0,0,0,0,0,0,0,0,0,0,0,0,0,0,0,0,0
9.001603603363037,9.0,0.0,0.0,0.0,0.0,0.0,0.0,0.0,0.0,0.03,0,0,0,0,0,0,0,0,0,0,0,0,0,0,0,0,0,0,0,0,0
9.004016637802124,9.0,0.0,0.0,0.0,0.0,0.0,0.0,0.0,0.0,0.03,0,0,0,0,0,0,0,0,0,0,0,0,0,0,0,0,0,0,0,0,0
9.005139827728271,9.0,0.0,0.0,0.0,0.0,0.0,0.0,0.0,0.0,0.03,0,0,0,0,0,0,0,0,0,0,0,0,0,0,0,0,0,0,0,0,0
9.00625467300415,9.0,0.0,0.0,0.0,0.0,0.0,0.0,0.0,0.0,0.03,0,0,0,0,0,0,0,0,0,0,0,0,0,0,0,0,0,0,0,0,0
9.00752067565918,9.0,0.0,0.0,0.0,0.0,0.0,0.0,0.0,0.0,0.03,0,0,0,0,0,0,0,0,0,0,0,0,0,0,0,0,0,0,0,0,0
9.008876085281372,9.0,0.0,0.0,0.0,0.0,0.0,0.0,0.0,0.0,0.03,0,0,0,0,0,0,0,0,0,0,0,0,0,0,0,0,0,0,0,0,0
9.01034927368164,9.0,0.0,0.0,0.0,0.0,0.0,0.0,0.0,0.0,0.03,0,0,0,0,0,0,0,0,0,0,0,0,0,0,0,0,0,0,0,0,0
9.011415719985962,9.0,0.0,0.0,0.0,0.0,0.0,0.0,0.0,0.0,0.03,0,0,0,0,0,0,0,0,0,0,0,0,0,0,0,0,0,0,0,0,0
9.01252794265747,9.0,0.0,0.0,0.0,0.0,0.0,0.0,0.0,0.0,0.03,0,0,0,0,0,0,0,0,0,0,0,0,0,0,0,0,0,0,0,0,0
9.013655662536621,9.0,0.0,0.0,0.0,0.0,0.0,0.0,0.0,0.0,0.03,0,0,0,0,0,0,0,0,0,0,0,0,0,0,0,0,0,0,0,0,0
9.014858961105347,9.0,0.0,0.0,0.0,0.0,0.0,0.0,0.0,0.0,0.03,0,0,0,0,0,0,0,0,0,0,0,0,0,0,0,0,0,0,0,0,0
9.016264200210571,9.0,0.0,0.0,0.0,0.0,0.0,0.0,0.0,0.0,0.03,0,0,0,0,0,0,0,0,0,0,0,0,0,0,0,0,0,0,0,0,0
9.017458200454712,9.0,0.0,0.0,0.0,0.0,0.0,0.0,0.0,0.0,0.03,0,0,0,0,0,0,0,0,0,0,0,0,0,0,0,0,0,0,0,0,0
9.018825769424438,9.0,0.0,0.0,0.0,0.0,0.0,0.0,0.0,0.0,0.03,0,0,0,0,0,0,0,0,0,0,0,0,0,0,0,0,0,0,0,0,0
9.02054238319397,9.0,0.0,0.0,0.0,0.0,0.0,0.0,0.0,0.0,0.03,0,0,0,0,0,0,0,0,0,0,0,0,0,0,0,0,0,0,0,0,0
9.022993803024292,9.0,0.0,0.0,0.0,0.0,0.0,0.0,0.0,0.0,0.03,0,0,0,0,0,0,0,0,0,0,0,0,0,0,0,0,0,0,0,0,0
9.024198770523071,9.0,0.0,0.0,0.0,0.0,0.0,0.0,0.0,0.0,0.03,0,0,0,0,0,0,0,0,0,0,0,0,0,0,0,0,0,0,0,0,0
9.025372505187988,9.0,0.0,0.0,0.0,0.0,0.0,0.0,0.0,0.0,0.03,0,0,0,0,0,0,0,0,0,0,0,0,0,0,0,0,0,0,0,0,0
9.026786804199219,9.0,0.0,0.0,0.0,0.0,0.0,0.0,0.0,0.0,0.03,0,0,0,0,0,0,0,0,0,0,0,0,0,0,0,0,0,0,0,0,0
9.02837085723877,9.0,0.0,0.0,0.0,0.0,0.0,0.0,0.0,0.0,0.03,0,0,0,0,0,0,0,0,0,0,0,0,0,0,0,0,0,0,0,0,0
9.029808521270752,9.0,0.0,0.0,0.0,0.0,0.0,0.0,0.0,0.0,0.03,0,0,0,0,0,0,0,0,0,0,0,0,0,0,0,0,0,0,0,0,0
9.031501293182373,9.0,0.0,0.0,0.0,0.0,0.0,0.0,0.0,0.0,0.03,0,0,0,0,0,0,0,0,0,0,0,0,0,0,0,0,0,0,0,0,0
9.032805442810059,9.0,0.0,0.0,0.0,0.0,0.0,0.0,0.0,0.0,0.03,0,0,0,0,0,0,0,0,0,0,0,0,0,0,0,0,0,0,0,0,0
9.033865928649902,9.0,0.0,0.0,0.0,0.0,0.0,0.0,0.0,0.0,0.03,0,0,0,0,0,0,0,0,0,0,0,0,0,0,0,0,0,0,0,0,0
9.035057783126831,9.0,0.0,0.0,0.0,0.0,0.0,0.0,0.0,0.0,0.03,0,0,0,0,0,0,0,0,0,0,0,0,0,0,0,0,0,0,0,0,0
9.036218881607056,9.0,0.0,0.0,0.0,0.0,0.0,0.0,0.0,0.0,0.03,0,0,0,0,0,0,0,0,0,0,0,0,0,0,0,0,0,0,0,0,0
9.037555694580078,9.0,0.0,0.0,0.0,0.0,0.0,0.0,0.0,0.0,0.03,0,0,0,0,0,0,0,0,0,0,0,0,0,0,0,0,0,0,0,0,0
9.039773225784302,9.0,0.0,0.0,0.0,0.0,0.0,0.0,0.0,0.0,0.03,0,0,0,0,0,0,0,0,0,0,0,0,0,0,0,0,0,0,0,0,0
9.041239500045776,9.0,0.0,0.0,0.0,0.0,0.0,0.0,0.0,0.0,0.03,0,0,0,0,0,0,0,0,0,0,0,0,0,0,0,0,0,0,0,0,0
9.042447805404663,9.0,0.0,0.0,0.0,0.0,0.0,0.0,0.0,0.0,0.03,0,0,0,0,0,0,0,0,0,0,0,0,0,0,0,0,0,0,0,0,0
9.043936967849731,9.0,0.0,0.0,0.0,0.0,0.0,0.0,0.0,0.0,0.03,0,0,0,0,0,0,0,0,0,0,0,0,0,0,0,0,0,0,0,0,0
9.045653581619263,9.0,0.0,0.0,0.0,0.0,0.0,0.0,0.0,0.0,0.03,0,0,0,0,0,0,0,0,0,0,0,0,0,0,0,0,0,0,0,0,0
9.046916723251343,9.0,0.0,0.0,0.0,0.0,0.0,0.0,0.0,0.0,0.03,0,0,0,0,0,0,0,0,0,0,0,0,0,0,0,0,0,0,0,0,0
9.048613548278809,9.0,0.0,0.0,0.0,0.0,0.0,0.0,0.0,0.0,0.03,0,0,0,0,0,0,0,0,0,0,0,0,0,0,0,0,0,0,0,0,0
9.050014972686768,9.0,0.0,0.0,0.0,0.0,0.0,0.0,0.0,0.0,0.03,0,0,0,0,0,0,0,0,0,0,0,0,0,0,0,0,0,0,0,0,0
9.051754713058472,9.0,0.0,0.0,0.0,0.0,0.0,0.0,0.0,0.0,0.03,0,0,0,0,0,0,0,0,0,0,0,0,0,0,0,0,0,0,0,0,0
9.052863836288452,9.0,0.0,0.0,0.0,0.0,0.0,0.0,0.0,0.0,0.03,0,0,0,0,0,0,0,0,0,0,0,0,0,0,0,0,0,0,0,0,0
9.053926944732666,9.0,0.0,0.0,0.0,0.0,0.0,0.0,0.0,0.0,0.03,0,0,0,0,0,0,0,0,0,0,0,0,0,0,0,0,0,0,0,0,0
9.057136058807373,9.0,0.0,0.0,0.0,0.0,0.0,0.0,0.0,0.0,0.03,0,0,0,0,0,0,0,0,0,0,0,0,0,0,0,0,0,0,0,0,0
9.05843472480774,9.0,0.0,0.0,0.0,0.0,0.0,0.0,0.0,0.0,0.03,0,0,0,0,0,0,0,0,0,0,0,0,0,0,0,0,0,0,0,0,0
9.059823274612427,9.0,0.0,0.0,0.0,0.0,0.0,0.0,0.0,0.0,0.03,0,0,0,0,0,0,0,0,0,0,0,0,0,0,0,0,0,0,0,0,0
9.061678886413574,9.0,0.0,0.0,0.0,0.0,0.0,0.0,0.0,0.0,0.03,0,0,0,0,0,0,0,0,0,0,0,0,0,0,0,0,0,0,0,0,0
9.063033819198608,9.0,0.0,0.0,0.0,0.0,0.0,0.0,0.0,0.0,0.03,0,0,0,0,0,0,0,0,0,0,0,0,0,0,0,0,0,0,0,0,0
9.065287113189697,9.0,0.0,0.0,0.0,0.0,0.0,0.0,0.0,0.0,0.03,0,0,0,0,0,0,0,0,0,0,0,0,0,0,0,0,0,0,0,0,0
9.066413879394531,9.0,0.0,0.0,0.0,0.0,0.0,0.0,0.0,0.0,0.03,0,0,0,0,0,0,0,0,0,0,0,0,0,0,0,0,0,0,0,0,0
9.068166971206665,9.0,0.0,0.0,0.0,0.0,0.0,0.0,0.0,0.0,0.03,0,0,0,0,0,0,0,0,0,0,0,0,0,0,0,0,0,0,0,0,0
9.070569038391113,9.0,0.0,0.0,0.0,0.0,0.0,0.0,0.0,0.0,0.03,0,0,0,0,0,0,0,0,0,0,0,0,0,0,0,0,0,0,0,0,0
9.071833610534668,9.0,0.0,0.0,0.0,0.0,0.0,0.0,0.0,0.0,0.03,0,0,0,0,0,0,0,0,0,0,0,0,0,0,0,0,0,0,0,0,0
9.073771715164185,9.0,0.0,0.0,0.0,0.0,0.0,0.0,0.0,0.0,0.03,0,0,0,0,0,0,0,0,0,0,0,0,0,0,0,0,0,0,0,0,0
9.074866533279419,9.0,0.0,0.0,0.0,0.0,0.0,0.0,0.0,0.0,0.03,0,0,0,0,0,0,0,0,0,0,0,0,0,0,0,0,0,0,0,0,0
9.076069831848145,9.0,0.0,0.0,0.0,0.0,0.0,0.0,0.0,0.0,0.03,0,0,0,0,0,0,0,0,0,0,0,0,0,0,0,0,0,0,0,0,0
9.077219486236572,9.0,0.0,0.0,0.0,0.0,0.0,0.0,0.0,0.0,0.03,0,0,0,0,0,0,0,0,0,0,0,0,0,0,0,0,0,0,0,0,0
9.078426837921143,9.0,0.0,0.0,0.0,0.0,0.0,0.0,0.0,0.0,0.03,0,0,0,0,0,0,0,0,0,0,0,0,0,0,0,0,0,0,0,0,0
9.07957649230957,9.0,0.0,0.0,0.0,0.0,0.0,0.0,0.0,0.0,0.03,0,0,0,0,0,0,0,0,0,0,0,0,0,0,0,0,0,0,0,0,0
9.081278324127197,9.0,0.0,0.0,0.0,0.0,0.0,0.0,0.0,0.0,0.03,0,0,0,0,0,0,0,0,0,0,0,0,0,0,0,0,0,0,0,0,0
9.08234691619873,9.0,0.0,0.0,0.0,0.0,0.0,0.0,0.0,0.0,0.03,0,0,0,0,0,0,0,0,0,0,0,0,0,0,0,0,0,0,0,0,0
9.083606719970703,9.0,0.0,0.0,0.0,0.0,0.0,0.0,0.0,0.0,0.03,0,0,0,0,0,0,0,0,0,0,0,0,0,0,0,0,0,0,0,0,0
9.085430145263672,9.0,0.0,0.0,0.0,0.0,0.0,0.0,0.0,0.0,0.03,0,0,0,0,0,0,0,0,0,0,0,0,0,0,0,0,0,0,0,0,0
9.087136507034302,9.0,0.0,0.0,0.0,0.0,0.0,0.0,0.0,0.0,0.03,0,0,0,0,0,0,0,0,0,0,0,0,0,0,0,0,0,0,0,0,0
9.088563203811646,9.0,0.0,0.0,0.0,0.0,0.0,0.0,0.0,0.0,0.03,0,0,0,0,0,0,0,0,0,0,0,0,0,0,0,0,0,0,0,0,0
9.089734077453613,9.0,0.0,0.0,0.0,0.0,0.0,0.0,0.0,0.0,0.03,0,0,0,0,0,0,0,0,0,0,0,0,0,0,0,0,0,0,0,0,0
9.090918064117432,9.0,0.0,0.0,0.0,0.0,0.0,0.0,0.0,0.0,0.03,0,0,0,0,0,0,0,0,0,0,0,0,0,0,0,0,0,0,0,0,0
9.092575311660767,9.0,0.0,0.0,0.0,0.0,0.0,0.0,0.0,0.0,0.03,0,0,0,0,0,0,0,0,0,0,0,0,0,0,0,0,0,0,0,0,0
9.09375262260437,9.0,0.0,0.0,0.0,0.0,0.0,0.0,0.0,0.0,0.03,0,0,0,0,0,0,0,0,0,0,0,0,0,0,0,0,0,0,0,0,0
9.0950927734375,9.0,0.0,0.0,0.0,0.0,0.0,0.0,0.0,0.0,0.03,0,0,0,0,0,0,0,0,0,0,0,0,0,0,0,0,0,0,0,0,0
9.096705913543701,9.0,0.0,0.0,0.0,0.0,0.0,0.0,0.0,0.0,0.03,0,0,0,0,0,0,0,0,0,0,0,0,0,0,0,0,0,0,0,0,0
9.098343133926392,9.0,0.0,0.0,0.0,0.0,0.0,0.0,0.0,0.0,0.03,0,0,0,0,0,0,0,0,0,0,0,0,0,0,0,0,0,0,0,0,0
9.099429607391357,9.0,0.0,0.0,0.0,0.0,0.0,0.0,0.0,0.0,0.03,0,0,0,0,0,0,0,0,0,0,0,0,0,0,0,0,0,0,0,0,0
9.100526332855225,9.0,0.0,0.0,0.0,0.0,0.0,0.0,0.0,0.0,0.03,0,0,0,0,0,0,0,0,0,0,0,0,0,0,0,0,0,0,0,0,0
9.101680755615234,9.0,0.0,0.0,0.0,0.0,0.0,0.0,0.0,0.0,0.03,0,0,0,0,0,0,0,0,0,0,0,0,0,0,0,0,0,0,0,0,0
9.102776527404785,9.0,0.0,0.0,0.0,0.0,0.0,0.0,0.0,0.0,0.03,0,0,0,0,0,0,0,0,0,0,0,0,0,0,0,0,0,0,0,0,0
9.103864431381226,9.0,0.0,0.0,0.0,0.0,0.0,0.0,0.0,0.0,0.03,0,0,0,0,0,0,0,0,0,0,0,0,0,0,0,0,0,0,0,0,0
9.105220794677734,9.0,0.0,0.0,0.0,0.0,0.0,0.0,0.0,0.0,0.03,0,0,0,0,0,0,0,0,0,0,0,0,0,0,0,0,0,0,0,0,0
9.106788635253906,9.0,0.0,0.0,0.0,0.0,0.0,0.0,0.0,0.0,0.03,0,0,0,0,0,0,0,0,0,0,0,0,0,0,0,0,0,0,0,0,0
9.109259366989136,9.0,0.0,0.0,0.0,0.0,0.0,0.0,0.0,0.0,0.03,0,0,0,0,0,0,0,0,0,0,0,0,0,0,0,0,0,0,0,0,0
9.11037015914917,9.0,0.0,0.0,0.0,0.0,0.0,0.0,0.0,0.0,0.03,0,0,0,0,0,0,0,0,0,0,0,0,0,0,0,0,0,0,0,0,0
9.111521482467651,9.0,0.0,0.0,0.0,0.0,0.0,0.0,0.0,0.0,0.03,0,0,0,0,0,0,0,0,0,0,0,0,0,0,0,0,0,0,0,0,0
9.112908363342285,9.0,0.0,0.0,0.0,0.0,0.0,0.0,0.0,0.0,0.03,0,0,0,0,0,0,0,0,0,0,0,0,0,0,0,0,0,0,0,0,0
9.114400863647461,9.0,0.0,0.0,0.0,0.0,0.0,0.0,0.0,0.0,0.03,0,0,0,0,0,0,0,0,0,0,0,0,0,0,0,0,0,0,0,0,0
9.115544319152832,9.0,0.0,0.0,0.0,0.0,0.0,0.0,0.0,0.0,0.03,0,0,0,0,0,0,0,0,0,0,0,0,0,0,0,0,0,0,0,0,0
9.117522478103638,9.0,0.0,0.0,0.0,0.0,0.0,0.0,0.0,0.0,0.03,0,0,0,0,0,0,0,0,0,0,0,0,0,0,0,0,0,0,0,0,0
9.118786334991455,9.0,0.0,0.0,0.0,0.0,0.0,0.0,0.0,0.0,0.03,0,0,0,0,0,0,0,0,0,0,0,0,0,0,0,0,0,0,0,0,0
9.122121095657349,9.0,0.0,0.0,0.0,0.0,0.0,0.0,0.0,0.0,0.03,0,0,0,0,0,0,0,0,0,0,0,0,0,0,0,0,0,0,0,0,0
9.123192310333252,9.0,0.0,0.0,0.0,0.0,0.0,0.0,0.0,0.0,0.03,0,0,0,0,0,0,0,0,0,0,0,0,0,0,0,0,0,0,0,0,0
9.124316930770874,9.0,0.0,0.0,0.0,0.0,0.0,0.0,0.0,0.0,0.03,0,0,0,0,0,0,0,0,0,0,0,0,0,0,0,0,0,0,0,0,0
9.126365661621094,9.0,0.0,0.0,0.0,0.0,0.0,0.0,0.0,0.0,0.03,0,0,0,0,0,0,0,0,0,0,0,0,0,0,0,0,0,0,0,0,0
9.127719163894653,9.0,0.0,0.0,0.0,0.0,0.0,0.0,0.0,0.0,0.03,0,0,0,0,0,0,0,0,0,0,0,0,0,0,0,0,0,0,0,0,0
9.129929065704346,9.0,0.0,0.0,0.0,0.0,0.0,0.0,0.0,0.0,0.03,0,0,0,0,0,0,0,0,0,0,0,0,0,0,0,0,0,0,0,0,0
9.131285190582275,9.0,0.0,0.0,0.0,0.0,0.0,0.0,0.0,0.0,0.03,0,0,0,0,0,0,0,0,0,0,0,0,0,0,0,0,0,0,0,0,0
9.132639169692993,9.0,0.0,0.0,0.0,0.0,0.0,0.0,0.0,0.0,0.03,0,0,0,0,0,0,0,0,0,0,0,0,0,0,0,0,0,0,0,0,0
9.134445428848267,9.0,0.0,0.0,0.0,0.0,0.0,0.0,0.0,0.0,0.03,0,0,0,0,0,0,0,0,0,0,0,0,0,0,0,0,0,0,0,0,0
9.135669469833374,9.0,0.0,0.0,0.0,0.0,0.0,0.0,0.0,0.0,0.03,0,0,0,0,0,0,0,0,0,0,0,0,0,0,0,0,0,0,0,0,0
9.137638092041016,9.0,0.0,0.0,0.0,0.0,0.0,0.0,0.0,0.0,0.03,0,0,0,0,0,0,0,0,0,0,0,0,0,0,0,0,0,0,0,0,0
9.13946008682251,9.0,0.0,0.0,0.0,0.0,0.0,0.0,0.0,0.0,0.03,0,0,0,0,0,0,0,0,0,0,0,0,0,0,0,0,0,0,0,0,0
9.140838623046875,9.0,0.0,0.0,0.0,0.0,0.0,0.0,0.0,0.0,0.03,0,0,0,0,0,0,0,0,0,0,0,0,0,0,0,0,0,0,0,0,0
9.141935348510742,9.0,0.0,0.0,0.0,0.0,0.0,0.0,0.0,0.0,0.03,0,0,0,0,0,0,0,0,0,0,0,0,0,0,0,0,0,0,0,0,0
9.14309573173523,9.0,0.0,0.0,0.0,0.0,0.0,0.0,0.0,0.0,0.03,0,0,0,0,0,0,0,0,0,0,0,0,0,0,0,0,0,0,0,0,0
9.14429235458374,9.0,0.0,0.0,0.0,0.0,0.0,0.0,0.0,0.0,0.03,0,0,0,0,0,0,0,0,0,0,0,0,0,0,0,0,0,0,0,0,0
9.145530462265015,9.0,0.0,0.0,0.0,0.0,0.0,0.0,0.0,0.0,0.03,0,0,0,0,0,0,0,0,0,0,0,0,0,0,0,0,0,0,0,0,0
9.146796703338623,9.0,0.0,0.0,0.0,0.0,0.0,0.0,0.0,0.0,0.03,0,0,0,0,0,0,0,0,0,0,0,0,0,0,0,0,0,0,0,0,0
9.147898435592651,9.0,0.0,0.0,0.0,0.0,0.0,0.0,0.0,0.0,0.03,0,0,0,0,0,0,0,0,0,0,0,0,0,0,0,0,0,0,0,0,0
9.149267673492432,9.0,0.0,0.0,0.0,0.0,0.0,0.0,0.0,0.0,0.03,0,0,0,0,0,0,0,0,0,0,0,0,0,0,0,0,0,0,0,0,0
9.15106201171875,9.0,0.0,0.0,0.0,0.0,0.0,0.0,0.0,0.0,0.03,0,0,0,0,0,0,0,0,0,0,0,0,0,0,0,0,0,0,0,0,0
9.154202461242676,9.0,0.0,0.0,0.0,0.0,0.0,0.0,0.0,0.0,0.03,0,0,0,0,0,0,0,0,0,0,0,0,0,0,0,0,0,0,0,0,0
9.155564785003662,9.0,0.0,0.0,0.0,0.0,0.0,0.0,0.0,0.0,0.03,0,0,0,0,0,0,0,0,0,0,0,0,0,0,0,0,0,0,0,0,0
9.15779185295105,9.0,0.0,0.0,0.0,0.0,0.0,0.0,0.0,0.0,0.03,0,0,0,0,0,0,0,0,0,0,0,0,0,0,0,0,0,0,0,0,0
9.159162759780884,9.0,0.0,0.0,0.0,0.0,0.0,0.0,0.0,0.0,0.03,0,0,0,0,0,0,0,0,0,0,0,0,0,0,0,0,0,0,0,0,0
9.160322427749634,9.0,0.0,0.0,0.0,0.0,0.0,0.0,0.0,0.0,0.03,0,0,0,0,0,0,0,0,0,0,0,0,0,0,0,0,0,0,0,0,0
9.162217855453491,9.0,0.0,0.0,0.0,0.0,0.0,0.0,0.0,0.0,0.03,0,0,0,0,0,0,0,0,0,0,0,0,0,0,0,0,0,0,0,0,0
9.163654088973999,9.0,0.0,0.0,0.0,0.0,0.0,0.0,0.0,0.0,0.03,0,0,0,0,0,0,0,0,0,0,0,0,0,0,0,0,0,0,0,0,0
9.164714574813843,9.0,0.0,0.0,0.0,0.0,0.0,0.0,0.0,0.0,0.03,0,0,0,0,0,0,0,0,0,0,0,0,0,0,0,0,0,0,0,0,0
9.16588044166565,9.0,0.0,0.0,0.0,0.0,0.0,0.0,0.0,0.0,0.03,0,0,0,0,0,0,0,0,0,0,0,0,0,0,0,0,0,0,0,0,0
9.167158126831055,9.0,0.0,0.0,0.0,0.0,0.0,0.0,0.0,0.0,0.03,0,0,0,0,0,0,0,0,0,0,0,0,0,0,0,0,0,0,0,0,0
9.16862416267395,9.0,0.0,0.0,0.0,0.0,0.0,0.0,0.0,0.0,0.03,0,0,0,0,0,0,0,0,0,0,0,0,0,0,0,0,0,0,0,0,0
9.169736623764038,9.0,0.0,0.0,0.0,0.0,0.0,0.0,0.0,0.0,0.03,0,0,0,0,0,0,0,0,0,0,0,0,0,0,0,0,0,0,0,0,0
9.171215057373047,9.0,0.0,0.0,0.0,0.0,0.0,0.0,0.0,0.0,0.03,0,0,0,0,0,0,0,0,0,0,0,0,0,0,0,0,0,0,0,0,0
9.172419309616089,9.0,0.0,0.0,0.0,0.0,0.0,0.0,0.0,0.0,0.03,0,0,0,0,0,0,0,0,0,0,0,0,0,0,0,0,0,0,0,0,0
9.17355990409851,9.0,0.0,0.0,0.0,0.0,0.0,0.0,0.0,0.0,0.03,0,0,0,0,0,0,0,0,0,0,0,0,0,0,0,0,0,0,0,0,0
9.175631523132324,9.0,0.0,0.0,0.0,0.0,0.0,0.0,0.0,0.0,0.03,0,0,0,0,0,0,0,0,0,0,0,0,0,0,0,0,0,0,0,0,0
9.176917314529419,9.0,0.0,0.0,0.0,0.0,0.0,0.0,0.0,0.0,0.03,0,0,0,0,0,0,0,0,0,0,0,0,0,0,0,0,0,0,0,0,0
9.178091287612915,9.0,0.0,0.0,0.0,0.0,0.0,0.0,0.0,0.0,0.03,0,0,0,0,0,0,0,0,0,0,0,0,0,0,0,0,0,0,0,0,0
9.179688692092896,9.0,0.0,0.0,0.0,0.0,0.0,0.0,0.0,0.0,0.03,0,0,0,0,0,0,0,0,0,0,0,0,0,0,0,0,0,0,0,0,0
9.180988073348999,9.0,0.0,0.0,0.0,0.0,0.0,0.0,0.0,0.0,0.03,0,0,0,0,0,0,0,0,0,0,0,0,0,0,0,0,0,0,0,0,0
9.18209719657898,9.0,0.0,0.0,0.0,0.0,0.0,0.0,0.0,0.0,0.03,0,0,0,0,0,0,0,0,0,0,0,0,0,0,0,0,0,0,0,0,0
9.183332443237305,9.0,0.0,0.0,0.0,0.0,0.0,0.0,0.0,0.0,0.03,0,0,0,0,0,0,0,0,0,0,0,0,0,0,0,0,0,0,0,0,0
9.184860944747925,9.0,0.0,0.0,0.0,0.0,0.0,0.0,0.0,0.0,0.03,0,0,0,0,0,0,0,0,0,0,0,0,0,0,0,0,0,0,0,0,0
9.188482999801636,9.0,0.0,0.0,0.0,0.0,0.0,0.0,0.0,0.0,0.03,0,0,0,0,0,0,0,0,0,0,0,0,0,0,0,0,0,0,0,0,0
9.189635038375854,9.0,0.0,0.0,0.0,0.0,0.0,0.0,0.0,0.0,0.03,0,0,0,0,0,0,0,0,0,0,0,0,0,0,0,0,0,0,0,0,0
9.191064596176147,9.0,0.0,0.0,0.0,0.0,0.0,0.0,0.0,0.0,0.03,0,0,0,0,0,0,0,0,0,0,0,0,0,0,0,0,0,0,0,0,0
9.192960262298584,9.0,0.0,0.0,0.0,0.0,0.0,0.0,0.0,0.0,0.03,0,0,0,0,0,0,0,0,0,0,0,0,0,0,0,0,0,0,0,0,0
9.194130897521973,9.0,0.0,0.0,0.0,0.0,0.0,0.0,0.0,0.0,0.03,0,0,0,0,0,0,0,0,0,0,0,0,0,0,0,0,0,0,0,0,0
9.19657850265503,9.0,0.0,0.0,0.0,0.0,0.0,0.0,0.0,0.0,0.03,0,0,0,0,0,0,0,0,0,0,0,0,0,0,0,0,0,0,0,0,0
9.198124408721924,9.0,0.0,0.0,0.0,0.0,0.0,0.0,0.0,0.0,0.03,0,0,0,0,0,0,0,0,0,0,0,0,0,0,0,0,0,0,0,0,0
9.199384450912476,9.0,0.0,0.0,0.0,0.0,0.0,0.0,0.0,0.0,0.03,0,0,0,0,0,0,0,0,0,0,0,0,0,0,0,0,0,0,0,0,0
9.200476884841919,9.0,0.0,0.0,0.0,0.0,0.0,0.0,0.0,0.0,0.03,0,0,0,0,0,0,0,0,0,0,0,0,0,0,0,0,0,0,0,0,0
9.20175814628601,9.0,0.0,0.0,0.0,0.0,0.0,0.0,0.0,0.0,0.03,0,0,0,0,0,0,0,0,0,0,0,0,0,0,0,0,0,0,0,0,0
9.203060388565063,9.0,0.0,0.0,0.0,0.0,0.0,0.0,0.0,0.0,0.03,0,0,0,0,0,0,0,0,0,0,0,0,0,0,0,0,0,0,0,0,0
9.204318284988403,9.0,0.0,0.0,0.0,0.0,0.0,0.0,0.0,0.0,0.03,0,0,0,0,0,0,0,0,0,0,0,0,0,0,0,0,0,0,0,0,0
9.205662250518799,9.0,0.0,0.0,0.0,0.0,0.0,0.0,0.0,0.0,0.03,0,0,0,0,0,0,0,0,0,0,0,0,0,0,0,0,0,0,0,0,0
9.207058429718018,9.0,0.0,0.0,0.0,0.0,0.0,0.0,0.0,0.0,0.03,0,0,0,0,0,0,0,0,0,0,0,0,0,0,0,0,0,0,0,0,0
9.208141326904297,9.0,0.0,0.0,0.0,0.0,0.0,0.0,0.0,0.0,0.03,0,0,0,0,0,0,0,0,0,0,0,0,0,0,0,0,0,0,0,0,0
9.209312677383423,9.0,0.0,0.0,0.0,0.0,0.0,0.0,0.0,0.0,0.03,0,0,0,0,0,0,0,0,0,0,0,0,0,0,0,0,0,0,0,0,0
9.210474729537964,9.0,0.0,0.0,0.0,0.0,0.0,0.0,0.0,0.0,0.03,0,0,0,0,0,0,0,0,0,0,0,0,0,0,0,0,0,0,0,0,0
9.211683750152588,9.0,0.0,0.0,0.0,0.0,0.0,0.0,0.0,0.0,0.03,0,0,0,0,0,0,0,0,0,0,0,0,0,0,0,0,0,0,0,0,0
9.21299695968628,9.0,0.0,0.0,0.0,0.0,0.0,0.0,0.0,0.0,0.03,0,0,0,0,0,0,0,0,0,0,0,0,0,0,0,0,0,0,0,0,0
9.214226961135864,9.0,0.0,0.0,0.0,0.0,0.0,0.0,0.0,0.0,0.03,0,0,0,0,0,0,0,0,0,0,0,0,0,0,0,0,0,0,0,0,0
9.215535163879395,9.0,0.0,0.0,0.0,0.0,0.0,0.0,0.0,0.0,0.03,0,0,0,0,0,0,0,0,0,0,0,0,0,0,0,0,0,0,0,0,0
9.216618776321411,9.0,0.0,0.0,0.0,0.0,0.0,0.0,0.0,0.0,0.03,0,0,0,0,0,0,0,0,0,0,0,0,0,0,0,0,0,0,0,0,0
9.217934608459473,9.0,0.0,0.0,0.0,0.0,0.0,0.0,0.0,0.0,0.03,0,0,0,0,0,0,0,0,0,0,0,0,0,0,0,0,0,0,0,0,0
9.22007155418396,9.0,0.0,0.0,0.0,0.0,0.0,0.0,0.0,0.0,0.03,0,0,0,0,0,0,0,0,0,0,0,0,0,0,0,0,0,0,0,0,0
9.221191644668579,9.0,0.0,0.0,0.0,0.0,0.0,0.0,0.0,0.0,0.03,0,0,0,0,0,0,0,0,0,0,0,0,0,0,0,0,0,0,0,0,0
9.222766876220703,9.0,0.0,0.0,0.0,0.0,0.0,0.0,0.0,0.0,0.03,0,0,0,0,0,0,0,0,0,0,0,0,0,0,0,0,0,0,0,0,0
9.224385261535645,9.0,0.0,0.0,0.0,0.0,0.0,0.0,0.0,0.0,0.03,0,0,0,0,0,0,0,0,0,0,0,0,0,0,0,0,0,0,0,0,0
9.22559404373169,9.0,0.0,0.0,0.0,0.0,0.0,0.0,0.0,0.0,0.03,0,0,0,0,0,0,0,0,0,0,0,0,0,0,0,0,0,0,0,0,0
9.22716236114502,9.0,0.0,0.0,0.0,0.0,0.0,0.0,0.0,0.0,0.03,0,0,0,0,0,0,0,0,0,0,0,0,0,0,0,0,0,0,0,0,0
9.228294372558594,9.0,0.0,0.0,0.0,0.0,0.0,0.0,0.0,0.0,0.03,0,0,0,0,0,0,0,0,0,0,0,0,0,0,0,0,0,0,0,0,0
9.229433298110962,9.0,0.0,0.0,0.0,0.0,0.0,0.0,0.0,0.0,0.03,0,0,0,0,0,0,0,0,0,0,0,0,0,0,0,0,0,0,0,0,0
9.230512619018555,9.0,0.0,0.0,0.0,0.0,0.0,0.0,0.0,0.0,0.03,0,0,0,0,0,0,0,0,0,0,0,0,0,0,0,0,0,0,0,0,0
9.231737852096558,9.0,0.0,0.0,0.0,0.0,0.0,0.0,0.0,0.0,0.03,0,0,0,0,0,0,0,0,0,0,0,0,0,0,0,0,0,0,0,0,0
9.23281717300415,9.0,0.0,0.0,0.0,0.0,0.0,0.0,0.0,0.0,0.03,0,0,0,0,0,0,0,0,0,0,0,0,0,0,0,0,0,0,0,0,0
9.23392391204834,9.0,0.0,0.0,0.0,0.0,0.0,0.0,0.0,0.0,0.03,0,0,0,0,0,0,0,0,0,0,0,0,0,0,0,0,0,0,0,0,0
9.235720872879028,9.0,0.0,0.0,0.0,0.0,0.0,0.0,0.0,0.0,0.03,0,0,0,0,0,0,0,0,0,0,0,0,0,0,0,0,0,0,0,0,0
9.238125324249268,9.0,0.0,0.0,0.0,0.0,0.0,0.0,0.0,0.0,0.03,0,0,0,0,0,0,0,0,0,0,0,0,0,0,0,0,0,0,0,0,0
9.239462614059448,9.0,0.0,0.0,0.0,0.0,0.0,0.0,0.0,0.0,0.03,0,0,0,0,0,0,0,0,0,0,0,0,0,0,0,0,0,0,0,0,0
9.24101972579956,9.0,0.0,0.0,0.0,0.0,0.0,0.0,0.0,0.0,0.03,0,0,0,0,0,0,0,0,0,0,0,0,0,0,0,0,0,0,0,0,0
9.242156505584717,9.0,0.0,0.0,0.0,0.0,0.0,0.0,0.0,0.0,0.03,0,0,0,0,0,0,0,0,0,0,0,0,0,0,0,0,0,0,0,0,0
9.24347710609436,9.0,0.0,0.0,0.0,0.0,0.0,0.0,0.0,0.0,0.03,0,0,0,0,0,0,0,0,0,0,0,0,0,0,0,0,0,0,0,0,0
9.245359659194946,9.0,0.0,0.0,0.0,0.0,0.0,0.0,0.0,0.0,0.03,0,0,0,0,0,0,0,0,0,0,0,0,0,0,0,0,0,0,0,0,0
9.24674916267395,9.0,0.0,0.0,0.0,0.0,0.0,0.0,0.0,0.0,0.03,0,0,0,0,0,0,0,0,0,0,0,0,0,0,0,0,0,0,0,0,0
9.248466968536377,9.0,0.0,0.0,0.0,0.0,0.0,0.0,0.0,0.0,0.03,0,0,0,0,0,0,0,0,0,0,0,0,0,0,0,0,0,0,0,0,0
9.25171184539795,9.0,0.0,0.0,0.0,0.0,0.0,0.0,0.0,0.0,0.03,0,0,0,0,0,0,0,0,0,0,0,0,0,0,0,0,0,0,0,0,0
9.252839088439941,9.0,0.0,0.0,0.0,0.0,0.0,0.0,0.0,0.0,0.03,0,0,0,0,0,0,0,0,0,0,0,0,0,0,0,0,0,0,0,0,0
9.254396438598633,9.0,0.0,0.0,0.0,0.0,0.0,0.0,0.0,0.0,0.03,0,0,0,0,0,0,0,0,0,0,0,0,0,0,0,0,0,0,0,0,0
9.255701780319214,9.0,0.0,0.0,0.0,0.0,0.0,0.0,0.0,0.0,0.03,0,0,0,0,0,0,0,0,0,0,0,0,0,0,0,0,0,0,0,0,0
9.2578763961792,9.0,0.0,0.0,0.0,0.0,0.0,0.0,0.0,0.0,0.03,0,0,0,0,0,0,0,0,0,0,0,0,0,0,0,0,0,0,0,0,0
9.259001731872559,9.0,0.0,0.0,0.0,0.0,0.0,0.0,0.0,0.0,0.03,0,0,0,0,0,0,0,0,0,0,0,0,0,0,0,0,0,0,0,0,0
9.260937929153442,9.0,0.0,0.0,0.0,0.0,0.0,0.0,0.0,0.0,0.03,0,0,0,0,0,0,0,0,0,0,0,0,0,0,0,0,0,0,0,0,0
9.262591361999512,9.0,0.0,0.0,0.0,0.0,0.0,0.0,0.0,0.0,0.03,0,0,0,0,0,0,0,0,0,0,0,0,0,0,0,0,0,0,0,0,0
9.263654470443726,9.0,0.0,0.0,0.0,0.0,0.0,0.0,0.0,0.0,0.03,0,0,0,0,0,0,0,0,0,0,0,0,0,0,0,0,0,0,0,0,0
9.26477599143982,9.0,0.0,0.0,0.0,0.0,0.0,0.0,0.0,0.0,0.03,0,0,0,0,0,0,0,0,0,0,0,0,0,0,0,0,0,0,0,0,0
9.266597509384155,9.0,0.0,0.0,0.0,0.0,0.0,0.0,0.0,0.0,0.03,0,0,0,0,0,0,0,0,0,0,0,0,0,0,0,0,0,0,0,0,0
9.267925262451172,9.0,0.0,0.0,0.0,0.0,0.0,0.0,0.0,0.0,0.03,0,0,0,0,0,0,0,0,0,0,0,0,0,0,0,0,0,0,0,0,0
9.269141674041748,9.0,0.0,0.0,0.0,0.0,0.0,0.0,0.0,0.0,0.03,0,0,0,0,0,0,0,0,0,0,0,0,0,0,0,0,0,0,0,0,0
9.27033543586731,9.0,0.0,0.0,0.0,0.0,0.0,0.0,0.0,0.0,0.03,0,0,0,0,0,0,0,0,0,0,0,0,0,0,0,0,0,0,0,0,0
9.271513938903809,9.0,0.0,0.0,0.0,0.0,0.0,0.0,0.0,0.0,0.03,0,0,0,0,0,0,0,0,0,0,0,0,0,0,0,0,0,0,0,0,0
9.27260446548462,9.0,0.0,0.0,0.0,0.0,0.0,0.0,0.0,0.0,0.03,0,0,0,0,0,0,0,0,0,0,0,0,0,0,0,0,0,0,0,0,0
9.273688077926636,9.0,0.0,0.0,0.0,0.0,0.0,0.0,0.0,0.0,0.03,0,0,0,0,0,0,0,0,0,0,0,0,0,0,0,0,0,0,0,0,0
9.274953126907349,9.0,0.0,0.0,0.0,0.0,0.0,0.0,0.0,0.0,0.03,0,0,0,0,0,0,0,0,0,0,0,0,0,0,0,0,0,0,0,0,0
9.27744746208191,9.0,0.0,0.0,0.0,0.0,0.0,0.0,0.0,0.0,0.03,0,0,0,0,0,0,0,0,0,0,0,0,0,0,0,0,0,0,0,0,0
9.280333280563354,9.0,0.0,0.0,0.0,0.0,0.0,0.0,0.0,0.0,0.03,0,0,0,0,0,0,0,0,0,0,0,0,0,0,0,0,0,0,0,0,0
9.281502962112427,9.0,0.0,0.0,0.0,0.0,0.0,0.0,0.0,0.0,0.03,0,0,0,0,0,0,0,0,0,0,0,0,0,0,0,0,0,0,0,0,0
9.283419132232666,9.0,0.0,0.0,0.0,0.0,0.0,0.0,0.0,0.0,0.03,0,0,0,0,0,0,0,0,0,0,0,0,0,0,0,0,0,0,0,0,0
9.284659147262573,9.0,0.0,0.0,0.0,0.0,0.0,0.0,0.0,0.0,0.03,0,0,0,0,0,0,0,0,0,0,0,0,0,0,0,0,0,0,0,0,0
9.285934686660767,9.0,0.0,0.0,0.0,0.0,0.0,0.0,0.0,0.0,0.03,0,0,0,0,0,0,0,0,0,0,0,0,0,0,0,0,0,0,0,0,0
9.287425518035889,9.0,0.0,0.0,0.0,0.0,0.0,0.0,0.0,0.0,0.03,0,0,0,0,0,0,0,0,0,0,0,0,0,0,0,0,0,0,0,0,0
9.28852391242981,9.0,0.0,0.0,0.0,0.0,0.0,0.0,0.0,0.0,0.03,0,0,0,0,0,0,0,0,0,0,0,0,0,0,0,0,0,0,0,0,0
9.289690732955933,9.0,0.0,0.0,0.0,0.0,0.0,0.0,0.0,0.0,0.03,0,0,0,0,0,0,0,0,0,0,0,0,0,0,0,0,0,0,0,0,0
9.290771007537842,9.0,0.0,0.0,0.0,0.0,0.0,0.0,0.0,0.0,0.03,0,0,0,0,0,0,0,0,0,0,0,0,0,0,0,0,0,0,0,0,0
9.291992664337158,9.0,0.0,0.0,0.0,0.0,0.0,0.0,0.0,0.0,0.03,0,0,0,0,0,0,0,0,0,0,0,0,0,0,0,0,0,0,0,0,0
9.29307222366333,9.0,0.0,0.0,0.0,0.0,0.0,0.0,0.0,0.0,0.03,0,0,0,0,0,0,0,0,0,0,0,0,0,0,0,0,0,0,0,0,0
9.294739484786987,9.0,0.0,0.0,0.0,0.0,0.0,0.0,0.0,0.0,0.03,0,0,0,0,0,0,0,0,0,0,0,0,0,0,0,0,0,0,0,0,0
9.296144485473633,9.0,0.0,0.0,0.0,0.0,0.0,0.0,0.0,0.0,0.03,0,0,0,0,0,0,0,0,0,0,0,0,0,0,0,0,0,0,0,0,0
9.298354387283325,9.0,0.0,0.0,0.0,0.0,0.0,0.0,0.0,0.0,0.03,0,0,0,0,0,0,0,0,0,0,0,0,0,0,0,0,0,0,0,0,0
9.299728393554688,9.0,0.0,0.0,0.0,0.0,0.0,0.0,0.0,0.0,0.03,0,0,0,0,0,0,0,0,0,0,0,0,0,0,0,0,0,0,0,0,0
9.301146030426025,9.0,0.0,0.0,0.0,0.0,0.0,0.0,0.0,0.0,0.03,0,0,0,0,0,0,0,0,0,0,0,0,0,0,0,0,0,0,0,0,0
9.302335500717163,9.0,0.0,0.0,0.0,0.0,0.0,0.0,0.0,0.0,0.03,0,0,0,0,0,0,0,0,0,0,0,0,0,0,0,0,0,0,0,0,0
9.303612470626831,9.0,0.0,0.0,0.0,0.0,0.0,0.0,0.0,0.0,0.03,0,0,0,0,0,0,0,0,0,0,0,0,0,0,0,0,0,0,0,0,0
9.305037021636963,9.0,0.0,0.0,0.0,0.0,0.0,0.0,0.0,0.0,0.03,0,0,0,0,0,0,0,0,0,0,0,0,0,0,0,0,0,0,0,0,0
9.306726694107056,9.0,0.0,0.0,0.0,0.0,0.0,0.0,0.0,0.0,0.03,0,0,0,0,0,0,0,0,0,0,0,0,0,0,0,0,0,0,0,0,0
9.30796766281128,9.0,0.0,0.0,0.0,0.0,0.0,0.0,0.0,0.0,0.03,0,0,0,0,0,0,0,0,0,0,0,0,0,0,0,0,0,0,0,0,0
9.311599731445312,9.0,0.0,0.0,0.0,0.0,0.0,0.0,0.0,0.0,0.03,0,0,0,0,0,0,0,0,0,0,0,0,0,0,0,0,0,0,0,0,0
9.312777757644653,9.0,0.0,0.0,0.0,0.0,0.0,0.0,0.0,0.0,0.03,0,0,0,0,0,0,0,0,0,0,0,0,0,0,0,0,0,0,0,0,0
9.314028024673462,9.0,0.0,0.0,0.0,0.0,0.0,0.0,0.0,0.0,0.03,0,0,0,0,0,0,0,0,0,0,0,0,0,0,0,0,0,0,0,0,0
9.315455913543701,9.0,0.0,0.0,0.0,0.0,0.0,0.0,0.0,0.0,0.03,0,0,0,0,0,0,0,0,0,0,0,0,0,0,0,0,0,0,0,0,0
9.316781044006348,9.0,0.0,0.0,0.0,0.0,0.0,0.0,0.0,0.0,0.03,0,0,0,0,0,0,0,0,0,0,0,0,0,0,0,0,0,0,0,0,0
9.31794023513794,9.0,0.0,0.0,0.0,0.0,0.0,0.0,0.0,0.0,0.03,0,0,0,0,0,0,0,0,0,0,0,0,0,0,0,0,0,0,0,0,0
9.319572925567627,9.0,0.0,0.0,0.0,0.0,0.0,0.0,0.0,0.0,0.03,0,0,0,0,0,0,0,0,0,0,0,0,0,0,0,0,0,0,0,0,0
9.320793867111206,9.0,0.0,0.0,0.0,0.0,0.0,0.0,0.0,0.0,0.03,0,0,0,0,0,0,0,0,0,0,0,0,0,0,0,0,0,0,0,0,0
9.321887254714966,9.0,0.0,0.0,0.0,0.0,0.0,0.0,0.0,0.0,0.03,0,0,0,0,0,0,0,0,0,0,0,0,0,0,0,0,0,0,0,0,0
9.323555707931519,9.0,0.0,0.0,0.0,0.0,0.0,0.0,0.0,0.0,0.03,0,0,0,0,0,0,0,0,0,0,0,0,0,0,0,0,0,0,0,0,0
9.325021505355835,9.0,0.0,0.0,0.0,0.0,0.0,0.0,0.0,0.0,0.03,0,0,0,0,0,0,0,0,0,0,0,0,0,0,0,0,0,0,0,0,0
9.326276779174805,9.0,0.0,0.0,0.0,0.0,0.0,0.0,0.0,0.0,0.03,0,0,0,0,0,0,0,0,0,0,0,0,0,0,0,0,0,0,0,0,0
9.327799797058105,9.0,0.0,0.0,0.0,0.0,0.0,0.0,0.0,0.0,0.03,0,0,0,0,0,0,0,0,0,0,0,0,0,0,0,0,0,0,0,0,0
9.328882694244385,9.0,0.0,0.0,0.0,0.0,0.0,0.0,0.0,0.0,0.03,0,0,0,0,0,0,0,0,0,0,0,0,0,0,0,0,0,0,0,0,0
9.33009147644043,9.0,0.0,0.0,0.0,0.0,0.0,0.0,0.0,0.0,0.03,0,0,0,0,0,0,0,0,0,0,0,0,0,0,0,0,0,0,0,0,0
9.331281423568726,9.0,0.0,0.0,0.0,0.0,0.0,0.0,0.0,0.0,0.03,0,0,0,0,0,0,0,0,0,0,0,0,0,0,0,0,0,0,0,0,0
9.33268404006958,9.0,0.0,0.0,0.0,0.0,0.0,0.0,0.0,0.0,0.03,0,0,0,0,0,0,0,0,0,0,0,0,0,0,0,0,0,0,0,0,0
9.33374571800232,9.0,0.0,0.0,0.0,0.0,0.0,0.0,0.0,0.0,0.03,0,0,0,0,0,0,0,0,0,0,0,0,0,0,0,0,0,0,0,0,0
9.334857940673828,9.0,0.0,0.0,0.0,0.0,0.0,0.0,0.0,0.0,0.03,0,0,0,0,0,0,0,0,0,0,0,0,0,0,0,0,0,0,0,0,0
9.336230754852295,9.0,0.0,0.0,0.0,0.0,0.0,0.0,0.0,0.0,0.03,0,0,0,0,0,0,0,0,0,0,0,0,0,0,0,0,0,0,0,0,0
9.337319135665894,9.0,0.0,0.0,0.0,0.0,0.0,0.0,0.0,0.0,0.03,0,0,0,0,0,0,0,0,0,0,0,0,0,0,0,0,0,0,0,0,0
9.339255332946777,9.0,0.0,0.0,0.0,0.0,0.0,0.0,0.0,0.0,0.03,0,0,0,0,0,0,0,0,0,0,0,0,0,0,0,0,0,0,0,0,0
9.341121196746826,9.0,0.0,0.0,0.0,0.0,0.0,0.0,0.0,0.0,0.03,0,0,0,0,0,0,0,0,0,0,0,0,0,0,0,0,0,0,0,0,0
9.342775821685791,9.0,0.0,0.0,0.0,0.0,0.0,0.0,0.0,0.0,0.03,0,0,0,0,0,0,0,0,0,0,0,0,0,0,0,0,0,0,0,0,0
9.343875169754028,9.0,0.0,0.0,0.0,0.0,0.0,0.0,0.0,0.0,0.03,0,0,0,0,0,0,0,0,0,0,0,0,0,0,0,0,0,0,0,0,0
9.345122814178467,9.0,0.0,0.0,0.0,0.0,0.0,0.0,0.0,0.0,0.03,0,0,0,0,0,0,0,0,0,0,0,0,0,0,0,0,0,0,0,0,0
9.34684705734253,9.0,0.0,0.0,0.0,0.0,0.0,0.0,0.0,0.0,0.03,0,0,0,0,0,0,0,0,0,0,0,0,0,0,0,0,0,0,0,0,0
9.348346710205078,9.0,0.0,0.0,0.0,0.0,0.0,0.0,0.0,0.0,0.03,0,0,0,0,0,0,0,0,0,0,0,0,0,0,0,0,0,0,0,0,0
9.349538803100586,9.0,0.0,0.0,0.0,0.0,0.0,0.0,0.0,0.0,0.03,0,0,0,0,0,0,0,0,0,0,0,0,0,0,0,0,0,0,0,0,0
9.350684642791748,9.0,0.0,0.0,0.0,0.0,0.0,0.0,0.0,0.0,0.03,0,0,0,0,0,0,0,0,0,0,0,0,0,0,0,0,0,0,0,0,0
9.351959466934204,9.0,0.0,0.0,0.0,0.0,0.0,0.0,0.0,0.0,0.03,0,0,0,0,0,0,0,0,0,0,0,0,0,0,0,0,0,0,0,0,0
9.353545904159546,9.0,0.0,0.0,0.0,0.0,0.0,0.0,0.0,0.0,0.03,0,0,0,0,0,0,0,0,0,0,0,0,0,0,0,0,0,0,0,0,0
9.354628562927246,9.0,0.0,0.0,0.0,0.0,0.0,0.0,0.0,0.0,0.03,0,0,0,0,0,0,0,0,0,0,0,0,0,0,0,0,0,0,0,0,0
9.355807304382324,9.0,0.0,0.0,0.0,0.0,0.0,0.0,0.0,0.0,0.03,0,0,0,0,0,0,0,0,0,0,0,0,0,0,0,0,0,0,0,0,0
9.356900453567505,9.0,0.0,0.0,0.0,0.0,0.0,0.0,0.0,0.0,0.03,0,0,0,0,0,0,0,0,0,0,0,0,0,0,0,0,0,0,0,0,0
9.358122110366821,9.0,0.0,0.0,0.0,0.0,0.0,0.0,0.0,0.0,0.03,0,0,0,0,0,0,0,0,0,0,0,0,0,0,0,0,0,0,0,0,0
9.359475374221802,9.0,0.0,0.0,0.0,0.0,0.0,0.0,0.0,0.0,0.03,0,0,0,0,0,0,0,0,0,0,0,0,0,0,0,0,0,0,0,0,0
9.360737562179565,9.0,0.0,0.0,0.0,0.0,0.0,0.0,0.0,0.0,0.03,0,0,0,0,0,0,0,0,0,0,0,0,0,0,0,0,0,0,0,0,0
9.361967086791992,9.0,0.0,0.0,0.0,0.0,0.0,0.0,0.0,0.0,0.03,0,0,0,0,0,0,0,0,0,0,0,0,0,0,0,0,0,0,0,0,0
9.363641738891602,9.0,0.0,0.0,0.0,0.0,0.0,0.0,0.0,0.0,0.03,0,0,0,0,0,0,0,0,0,0,0,0,0,0,0,0,0,0,0,0,0
9.36520767211914,9.0,0.0,0.0,0.0,0.0,0.0,0.0,0.0,0.0,0.03,0,0,0,0,0,0,0,0,0,0,0,0,0,0,0,0,0,0,0,0,0
9.366561651229858,9.0,0.0,0.0,0.0,0.0,0.0,0.0,0.0,0.0,0.03,0,0,0,0,0,0,0,0,0,0,0,0,0,0,0,0,0,0,0,0,0
9.368760585784912,9.0,0.0,0.0,0.0,0.0,0.0,0.0,0.0,0.0,0.03,0,0,0,0,0,0,0,0,0,0,0,0,0,0,0,0,0,0,0,0,0
9.370110750198364,9.0,0.0,0.0,0.0,0.0,0.0,0.0,0.0,0.0,0.03,0,0,0,0,0,0,0,0,0,0,0,0,0,0,0,0,0,0,0,0,0
9.371456623077393,9.0,0.0,0.0,0.0,0.0,0.0,0.0,0.0,0.0,0.03,0,0,0,0,0,0,0,0,0,0,0,0,0,0,0,0,0,0,0,0,0
9.37317419052124,9.0,0.0,0.0,0.0,0.0,0.0,0.0,0.0,0.0,0.03,0,0,0,0,0,0,0,0,0,0,0,0,0,0,0,0,0,0,0,0,0
9.374269247055054,9.0,0.0,0.0,0.0,0.0,0.0,0.0,0.0,0.0,0.03,0,0,0,0,0,0,0,0,0,0,0,0,0,0,0,0,0,0,0,0,0
9.375359058380127,9.0,0.0,0.0,0.0,0.0,0.0,0.0,0.0,0.0,0.03,0,0,0,0,0,0,0,0,0,0,0,0,0,0,0,0,0,0,0,0,0
9.378458499908447,9.0,0.0,0.0,0.0,0.0,0.0,0.0,0.0,0.0,0.03,0,0,0,0,0,0,0,0,0,0,0,0,0,0,0,0,0,0,0,0,0
9.379668712615967,9.0,0.0,0.0,0.0,0.0,0.0,0.0,0.0,0.0,0.03,0,0,0,0,0,0,0,0,0,0,0,0,0,0,0,0,0,0,0,0,0
9.380938291549683,9.0,0.0,0.0,0.0,0.0,0.0,0.0,0.0,0.0,0.03,0,0,0,0,0,0,0,0,0,0,0,0,0,0,0,0,0,0,0,0,0
9.38237476348877,9.0,0.0,0.0,0.0,0.0,0.0,0.0,0.0,0.0,0.03,0,0,0,0,0,0,0,0,0,0,0,0,0,0,0,0,0,0,0,0,0
9.383688926696777,9.0,0.0,0.0,0.0,0.0,0.0,0.0,0.0,0.0,0.03,0,0,0,0,0,0,0,0,0,0,0,0,0,0,0,0,0,0,0,0,0
9.384798049926758,9.0,0.0,0.0,0.0,0.0,0.0,0.0,0.0,0.0,0.03,0,0,0,0,0,0,0,0,0,0,0,0,0,0,0,0,0,0,0,0,0
9.386610746383667,9.0,0.0,0.0,0.0,0.0,0.0,0.0,0.0,0.0,0.03,0,0,0,0,0,0,0,0,0,0,0,0,0,0,0,0,0,0,0,0,0
9.388019800186157,9.0,0.0,0.0,0.0,0.0,0.0,0.0,0.0,0.0,0.03,0,0,0,0,0,0,0,0,0,0,0,0,0,0,0,0,0,0,0,0,0
9.38960075378418,9.0,0.0,0.0,0.0,0.0,0.0,0.0,0.0,0.0,0.03,0,0,0,0,0,0,0,0,0,0,0,0,0,0,0,0,0,0,0,0,0
9.391780138015747,9.0,0.0,0.0,0.0,0.0,0.0,0.0,0.0,0.0,0.03,0,0,0,0,0,0,0,0,0,0,0,0,0,0,0,0,0,0,0,0,0
9.392883539199829,9.0,0.0,0.0,0.0,0.0,0.0,0.0,0.0,0.0,0.03,0,0,0,0,0,0,0,0,0,0,0,0,0,0,0,0,0,0,0,0,0
9.394994974136353,9.0,0.0,0.0,0.0,0.0,0.0,0.0,0.0,0.0,0.03,0,0,0,0,0,0,0,0,0,0,0,0,0,0,0,0,0,0,0,0,0
9.396430015563965,9.0,0.0,0.0,0.0,0.0,0.0,0.0,0.0,0.0,0.03,0,0,0,0,0,0,0,0,0,0,0,0,0,0,0,0,0,0,0,0,0
9.397545099258423,9.0,0.0,0.0,0.0,0.0,0.0,0.0,0.0,0.0,0.03,0,0,0,0,0,0,0,0,0,0,0,0,0,0,0,0,0,0,0,0,0
9.398738861083984,9.0,0.0,0.0,0.0,0.0,0.0,0.0,0.0,0.0,0.03,0,0,0,0,0,0,0,0,0,0,0,0,0,0,0,0,0,0,0,0,0
9.399870157241821,9.0,0.0,0.0,0.0,0.0,0.0,0.0,0.0,0.0,0.03,0,0,0,0,0,0,0,0,0,0,0,0,0,0,0,0,0,0,0,0,0
9.401017427444458,9.0,0.0,0.0,0.0,0.0,0.0,0.0,0.0,0.0,0.03,0,0,0,0,0,0,0,0,0,0,0,0,0,0,0,0,0,0,0,0,0
9.402277946472168,9.0,0.0,0.0,0.0,0.0,0.0,0.0,0.0,0.0,0.03,0,0,0,0,0,0,0,0,0,0,0,0,0,0,0,0,0,0,0,0,0
9.403894662857056,9.0,0.0,0.0,0.0,0.0,0.0,0.0,0.0,0.0,0.03,0,0,0,0,0,0,0,0,0,0,0,0,0,0,0,0,0,0,0,0,0
9.405259132385254,9.0,0.0,0.0,0.0,0.0,0.0,0.0,0.0,0.0,0.03,0,0,0,0,0,0,0,0,0,0,0,0,0,0,0,0,0,0,0,0,0
9.407006740570068,9.0,0.0,0.0,0.0,0.0,0.0,0.0,0.0,0.0,0.03,0,0,0,0,0,0,0,0,0,0,0,0,0,0,0,0,0,0,0,0,0
9.410026550292969,9.0,0.0,0.0,0.0,0.0,0.0,0.0,0.0,0.0,0.03,0,0,0,0,0,0,0,0,0,0,0,0,0,0,0,0,0,0,0,0,0
9.41141939163208,9.0,0.0,0.0,0.0,0.0,0.0,0.0,0.0,0.0,0.03,0,0,0,0,0,0,0,0,0,0,0,0,0,0,0,0,0,0,0,0,0
9.412652254104614,9.0,0.0,0.0,0.0,0.0,0.0,0.0,0.0,0.0,0.03,0,0,0,0,0,0,0,0,0,0,0,0,0,0,0,0,0,0,0,0,0
9.414592981338501,9.0,0.0,0.0,0.0,0.0,0.0,0.0,0.0,0.0,0.03,0,0,0,0,0,0,0,0,0,0,0,0,0,0,0,0,0,0,0,0,0
9.415858507156372,9.0,0.0,0.0,0.0,0.0,0.0,0.0,0.0,0.0,0.03,0,0,0,0,0,0,0,0,0,0,0,0,0,0,0,0,0,0,0,0,0
9.417380571365356,9.0,0.0,0.0,0.0,0.0,0.0,0.0,0.0,0.0,0.03,0,0,0,0,0,0,0,0,0,0,0,0,0,0,0,0,0,0,0,0,0
9.418667078018188,9.0,0.0,0.0,0.0,0.0,0.0,0.0,0.0,0.0,0.03,0,0,0,0,0,0,0,0,0,0,0,0,0,0,0,0,0,0,0,0,0
9.419865369796753,9.0,0.0,0.0,0.0,0.0,0.0,0.0,0.0,0.0,0.03,0,0,0,0,0,0,0,0,0,0,0,0,0,0,0,0,0,0,0,0,0
9.420957803726196,9.0,0.0,0.0,0.0,0.0,0.0,0.0,0.0,0.0,0.03,0,0,0,0,0,0,0,0,0,0,0,0,0,0,0,0,0,0,0,0,0
9.422028303146362,9.0,0.0,0.0,0.0,0.0,0.0,0.0,0.0,0.0,0.03,0,0,0,0,0,0,0,0,0,0,0,0,0,0,0,0,0,0,0,0,0
9.423260688781738,9.0,0.0,0.0,0.0,0.0,0.0,0.0,0.0,0.0,0.03,0,0,0,0,0,0,0,0,0,0,0,0,0,0,0,0,0,0,0,0,0
9.424323558807373,9.0,0.0,0.0,0.0,0.0,0.0,0.0,0.0,0.0,0.03,0,0,0,0,0,0,0,0,0,0,0,0,0,0,0,0,0,0,0,0,0
9.426247119903564,9.0,0.0,0.0,0.0,0.0,0.0,0.0,0.0,0.0,0.03,0,0,0,0,0,0,0,0,0,0,0,0,0,0,0,0,0,0,0,0,0
9.427475690841675,9.0,0.0,0.0,0.0,0.0,0.0,0.0,0.0,0.0,0.03,0,0,0,0,0,0,0,0,0,0,0,0,0,0,0,0,0,0,0,0,0
9.428918361663818,9.0,0.0,0.0,0.0,0.0,0.0,0.0,0.0,0.0,0.03,0,0,0,0,0,0,0,0,0,0,0,0,0,0,0,0,0,0,0,0,0
9.430286407470703,9.0,0.0,0.0,0.0,0.0,0.0,0.0,0.0,0.0,0.03,0,0,0,0,0,0,0,0,0,0,0,0,0,0,0,0,0,0,0,0,0
9.43166446685791,9.0,0.0,0.0,0.0,0.0,0.0,0.0,0.0,0.0,0.03,0,0,0,0,0,0,0,0,0,0,0,0,0,0,0,0,0,0,0,0,0
9.433289527893066,9.0,0.0,0.0,0.0,0.0,0.0,0.0,0.0,0.0,0.03,0,0,0,0,0,0,0,0,0,0,0,0,0,0,0,0,0,0,0,0,0
9.434431076049805,9.0,0.0,0.0,0.0,0.0,0.0,0.0,0.0,0.0,0.03,0,0,0,0,0,0,0,0,0,0,0,0,0,0,0,0,0,0,0,0,0
9.4358549118042,9.0,0.0,0.0,0.0,0.0,0.0,0.0,0.0,0.0,0.03,0,0,0,0,0,0,0,0,0,0,0,0,0,0,0,0,0,0,0,0,0
9.437130212783813,9.0,0.0,0.0,0.0,0.0,0.0,0.0,0.0,0.0,0.03,0,0,0,0,0,0,0,0,0,0,0,0,0,0,0,0,0,0,0,0,0
9.438192129135132,9.0,0.0,0.0,0.0,0.0,0.0,0.0,0.0,0.0,0.03,0,0,0,0,0,0,0,0,0,0,0,0,0,0,0,0,0,0,0,0,0
9.439532995223999,9.0,0.0,0.0,0.0,0.0,0.0,0.0,0.0,0.0,0.03,0,0,0,0,0,0,0,0,0,0,0,0,0,0,0,0,0,0,0,0,0
9.442061424255371,9.0,0.0,0.0,0.0,0.0,0.0,0.0,0.0,0.0,0.03,0,0,0,0,0,0,0,0,0,0,0,0,0,0,0,0,0,0,0,0,0
9.445101499557495,9.0,0.0,0.0,0.0,0.0,0.0,0.0,0.0,0.0,0.03,0,0,0,0,0,0,0,0,0,0,0,0,0,0,0,0,0,0,0,0,0
9.446343183517456,9.0,0.0,0.0,0.0,0.0,0.0,0.0,0.0,0.0,0.03,0,0,0,0,0,0,0,0,0,0,0,0,0,0,0,0,0,0,0,0,0
9.448699712753296,9.0,0.0,0.0,0.0,0.0,0.0,0.0,0.0,0.0,0.03,0,0,0,0,0,0,0,0,0,0,0,0,0,0,0,0,0,0,0,0,0
9.450026035308838,9.0,0.0,0.0,0.0,0.0,0.0,0.0,0.0,0.0,0.03,0,0,0,0,0,0,0,0,0,0,0,0,0,0,0,0,0,0,0,0,0
9.45167350769043,9.0,0.0,0.0,0.0,0.0,0.0,0.0,0.0,0.0,0.03,0,0,0,0,0,0,0,0,0,0,0,0,0,0,0,0,0,0,0,0,0
9.453582286834717,9.0,0.0,0.0,0.0,0.0,0.0,0.0,0.0,0.0,0.03,0,0,0,0,0,0,0,0,0,0,0,0,0,0,0,0,0,0,0,0,0
9.454747915267944,9.0,0.0,0.0,0.0,0.0,0.0,0.0,0.0,0.0,0.03,0,0,0,0,0,0,0,0,0,0,0,0,0,0,0,0,0,0,0,0,0
9.455971002578735,9.0,0.0,0.0,0.0,0.0,0.0,0.0,0.0,0.0,0.03,0,0,0,0,0,0,0,0,0,0,0,0,0,0,0,0,0,0,0,0,0
9.457199096679688,9.0,0.0,0.0,0.0,0.0,0.0,0.0,0.0,0.0,0.03,0,0,0,0,0,0,0,0,0,0,0,0,0,0,0,0,0,0,0,0,0
9.458294153213501,9.0,0.0,0.0,0.0,0.0,0.0,0.0,0.0,0.0,0.03,0,0,0,0,0,0,0,0,0,0,0,0,0,0,0,0,0,0,0,0,0
9.459379434585571,9.0,0.0,0.0,0.0,0.0,0.0,0.0,0.0,0.0,0.03,0,0,0,0,0,0,0,0,0,0,0,0,0,0,0,0,0,0,0,0,0
9.460632562637329,9.0,0.0,0.0,0.0,0.0,0.0,0.0,0.0,0.0,0.03,0,0,0,0,0,0,0,0,0,0,0,0,0,0,0,0,0,0,0,0,0
9.461833477020264,9.0,0.0,0.0,0.0,0.0,0.0,0.0,0.0,0.0,0.03,0,0,0,0,0,0,0,0,0,0,0,0,0,0,0,0,0,0,0,0,0
9.462975263595581,9.0,0.0,0.0,0.0,0.0,0.0,0.0,0.0,0.0,0.03,0,0,0,0,0,0,0,0,0,0,0,0,0,0,0,0,0,0,0,0,0
9.464065074920654,9.0,0.0,0.0,0.0,0.0,0.0,0.0,0.0,0.0,0.03,0,0,0,0,0,0,0,0,0,0,0,0,0,0,0,0,0,0,0,0,0
9.465337038040161,9.0,0.0,0.0,0.0,0.0,0.0,0.0,0.0,0.0,0.03,0,0,0,0,0,0,0,0,0,0,0,0,0,0,0,0,0,0,0,0,0
9.468070983886719,9.0,0.0,0.0,0.0,0.0,0.0,0.0,0.0,0.0,0.03,0,0,0,0,0,0,0,0,0,0,0,0,0,0,0,0,0,0,0,0,0
9.471186399459839,9.0,0.0,0.0,0.0,0.0,0.0,0.0,0.0,0.0,0.03,0,0,0,0,0,0,0,0,0,0,0,0,0,0,0,0,0,0,0,0,0
9.472357749938965,9.0,0.0,0.0,0.0,0.0,0.0,0.0,0.0,0.0,0.03,0,0,0,0,0,0,0,0,0,0,0,0,0,0,0,0,0,0,0,0,0
9.47371244430542,9.0,0.0,0.0,0.0,0.0,0.0,0.0,0.0,0.0,0.03,0,0,0,0,0,0,0,0,0,0,0,0,0,0,0,0,0,0,0,0,0
9.475659132003784,9.0,0.0,0.0,0.0,0.0,0.0,0.0,0.0,0.0,0.03,0,0,0,0,0,0,0,0,0,0,0,0,0,0,0,0,0,0,0,0,0
9.476871013641357,9.0,0.0,0.0,0.0,0.0,0.0,0.0,0.0,0.0,0.03,0,0,0,0,0,0,0,0,0,0,0,0,0,0,0,0,0,0,0,0,0
9.478074550628662,9.0,0.0,0.0,0.0,0.0,0.0,0.0,0.0,0.0,0.03,0,0,0,0,0,0,0,0,0,0,0,0,0,0,0,0,0,0,0,0,0
9.479574203491211,9.0,0.0,0.0,0.0,0.0,0.0,0.0,0.0,0.0,0.03,0,0,0,0,0,0,0,0,0,0,0,0,0,0,0,0,0,0,0,0,0
9.480774402618408,9.0,0.0,0.0,0.0,0.0,0.0,0.0,0.0,0.0,0.03,0,0,0,0,0,0,0,0,0,0,0,0,0,0,0,0,0,0,0,0,0
9.481935739517212,9.0,0.0,0.0,0.0,0.0,0.0,0.0,0.0,0.0,0.03,0,0,0,0,0,0,0,0,0,0,0,0,0,0,0,0,0,0,0,0,0
9.483052253723145,9.0,0.0,0.0,0.0,0.0,0.0,0.0,0.0,0.0,0.03,0,0,0,0,0,0,0,0,0,0,0,0,0,0,0,0,0,0,0,0,0
9.48427677154541,9.0,0.0,0.0,0.0,0.0,0.0,0.0,0.0,0.0,0.03,0,0,0,0,0,0,0,0,0,0,0,0,0,0,0,0,0,0,0,0,0
9.485481977462769,9.0,0.0,0.0,0.0,0.0,0.0,0.0,0.0,0.0,0.03,0,0,0,0,0,0,0,0,0,0,0,0,0,0,0,0,0,0,0,0,0
9.487488746643066,9.0,0.0,0.0,0.0,0.0,0.0,0.0,0.0,0.0,0.03,0,0,0,0,0,0,0,0,0,0,0,0,0,0,0,0,0,0,0,0,0
9.490422248840332,9.0,0.0,0.0,0.0,0.0,0.0,0.0,0.0,0.0,0.03,0,0,0,0,0,0,0,0,0,0,0,0,0,0,0,0,0,0,0,0,0
9.49157190322876,9.0,0.0,0.0,0.0,0.0,0.0,0.0,0.0,0.0,0.03,0,0,0,0,0,0,0,0,0,0,0,0,0,0,0,0,0,0,0,0,0
9.492764472961426,9.0,0.0,0.0,0.0,0.0,0.0,0.0,0.0,0.0,0.03,0,0,0,0,0,0,0,0,0,0,0,0,0,0,0,0,0,0,0,0,0
9.494591236114502,9.0,0.0,0.0,0.0,0.0,0.0,0.0,0.0,0.0,0.03,0,0,0,0,0,0,0,0,0,0,0,0,0,0,0,0,0,0,0,0,0
9.495662212371826,9.0,0.0,0.0,0.0,0.0,0.0,0.0,0.0,0.0,0.03,0,0,0,0,0,0,0,0,0,0,0,0,0,0,0,0,0,0,0,0,0
9.497429847717285,9.0,0.0,0.0,0.0,0.0,0.0,0.0,0.0,0.0,0.03,0,0,0,0,0,0,0,0,0,0,0,0,0,0,0,0,0,0,0,0,0
9.498610496520996,9.0,0.0,0.0,0.0,0.0,0.0,0.0,0.0,0.0,0.03,0,0,0,0,0,0,0,0,0,0,0,0,0,0,0,0,0,0,0,0,0
9.502640008926392,9.0,0.0,0.0,0.0,0.0,0.0,0.0,0.0,0.0,0.03,0,0,0,0,0,0,0,0,0,0,0,0,0,0,0,0,0,0,0,0,0
9.503883838653564,9.0,0.0,0.0,0.0,0.0,0.0,0.0,0.0,0.0,0.03,0,0,0,0,0,0,0,0,0,0,0,0,0,0,0,0,0,0,0,0,0
9.50525426864624,9.0,0.0,0.0,0.0,0.0,0.0,0.0,0.0,0.0,0.03,0,0,0,0,0,0,0,0,0,0,0,0,0,0,0,0,0,0,0,0,0
9.508839130401611,9.0,0.0,0.0,0.0,0.0,0.0,0.0,0.0,0.0,0.03,0,0,0,0,0,0,0,0,0,0,0,0,0,0,0,0,0,0,0,0,0
9.51074743270874,9.0,0.0,0.0,0.0,0.0,0.0,0.0,0.0,0.0,0.03,0,0,0,0,0,0,0,0,0,0,0,0,0,0,0,0,0,0,0,0,0
9.512176036834717,9.0,0.0,0.0,0.0,0.0,0.0,0.0,0.0,0.0,0.03,0,0,0,0,0,0,0,0,0,0,0,0,0,0,0,0,0,0,0,0,0
9.513715505599976,9.0,0.0,0.0,0.0,0.0,0.0,0.0,0.0,0.0,0.03,0,0,0,0,0,0,0,0,0,0,0,0,0,0,0,0,0,0,0,0,0
9.515838384628296,9.0,0.0,0.0,0.0,0.0,0.0,0.0,0.0,0.0,0.03,0,0,0,0,0,0,0,0,0,0,0,0,0,0,0,0,0,0,0,0,0
9.517086267471313,9.0,0.0,0.0,0.0,0.0,0.0,0.0,0.0,0.0,0.03,0,0,0,0,0,0,0,0,0,0,0,0,0,0,0,0,0,0,0,0,0
9.519169330596924,9.0,0.0,0.0,0.0,0.0,0.0,0.0,0.0,0.0,0.03,0,0,0,0,0,0,0,0,0,0,0,0,0,0,0,0,0,0,0,0,0
9.5204758644104,9.0,0.0,0.0,0.0,0.0,0.0,0.0,0.0,0.0,0.03,0,0,0,0,0,0,0,0,0,0,0,0,0,0,0,0,0,0,0,0,0
9.52167558670044,9.0,0.0,0.0,0.0,0.0,0.0,0.0,0.0,0.0,0.03,0,0,0,0,0,0,0,0,0,0,0,0,0,0,0,0,0,0,0,0,0
9.522889375686646,9.0,0.0,0.0,0.0,0.0,0.0,0.0,0.0,0.0,0.03,0,0,0,0,0,0,0,0,0,0,0,0,0,0,0,0,0,0,0,0,0
9.5239577293396,9.0,0.0,0.0,0.0,0.0,0.0,0.0,0.0,0.0,0.03,0,0,0,0,0,0,0,0,0,0,0,0,0,0,0,0,0,0,0,0,0
9.525052547454834,9.0,0.0,0.0,0.0,0.0,0.0,0.0,0.0,0.0,0.03,0,0,0,0,0,0,0,0,0,0,0,0,0,0,0,0,0,0,0,0,0
9.5261971950531,9.0,0.0,0.0,0.0,0.0,0.0,0.0,0.0,0.0,0.03,0,0,0,0,0,0,0,0,0,0,0,0,0,0,0,0,0,0,0,0,0
9.527350187301636,9.0,0.0,0.0,0.0,0.0,0.0,0.0,0.0,0.0,0.03,0,0,0,0,0,0,0,0,0,0,0,0,0,0,0,0,0,0,0,0,0
9.528642654418945,9.0,0.0,0.0,0.0,0.0,0.0,0.0,0.0,0.0,0.03,0,0,0,0,0,0,0,0,0,0,0,0,0,0,0,0,0,0,0,0,0
9.529729127883911,9.0,0.0,0.0,0.0,0.0,0.0,0.0,0.0,0.0,0.03,0,0,0,0,0,0,0,0,0,0,0,0,0,0,0,0,0,0,0,0,0
9.533061981201172,9.0,0.0,0.0,0.0,0.0,0.0,0.0,0.0,0.0,0.03,0,0,0,0,0,0,0,0,0,0,0,0,0,0,0,0,0,0,0,0,0
9.534271478652954,9.0,0.0,0.0,0.0,0.0,0.0,0.0,0.0,0.0,0.03,0,0,0,0,0,0,0,0,0,0,0,0,0,0,0,0,0,0,0,0,0
9.535722494125366,9.0,0.0,0.0,0.0,0.0,0.0,0.0,0.0,0.0,0.03,0,0,0,0,0,0,0,0,0,0,0,0,0,0,0,0,0,0,0,0,0
9.536969423294067,9.0,0.0,0.0,0.0,0.0,0.0,0.0,0.0,0.0,0.03,0,0,0,0,0,0,0,0,0,0,0,0,0,0,0,0,0,0,0,0,0
9.538326025009155,9.0,0.0,0.0,0.0,0.0,0.0,0.0,0.0,0.0,0.03,0,0,0,0,0,0,0,0,0,0,0,0,0,0,0,0,0,0,0,0,0
9.539522647857666,9.0,0.0,0.0,0.0,0.0,0.0,0.0,0.0,0.0,0.03,0,0,0,0,0,0,0,0,0,0,0,0,0,0,0,0,0,0,0,0,0
9.540831804275513,9.0,0.0,0.0,0.0,0.0,0.0,0.0,0.0,0.0,0.03,0,0,0,0,0,0,0,0,0,0,0,0,0,0,0,0,0,0,0,0,0
9.54222321510315,9.0,0.0,0.0,0.0,0.0,0.0,0.0,0.0,0.0,0.03,0,0,0,0,0,0,0,0,0,0,0,0,0,0,0,0,0,0,0,0,0
9.543406009674072,9.0,0.0,0.0,0.0,0.0,0.0,0.0,0.0,0.0,0.03,0,0,0,0,0,0,0,0,0,0,0,0,0,0,0,0,0,0,0,0,0
9.544567346572876,9.0,0.0,0.0,0.0,0.0,0.0,0.0,0.0,0.0,0.03,0,0,0,0,0,0,0,0,0,0,0,0,0,0,0,0,0,0,0,0,0
9.545700788497925,9.0,0.0,0.0,0.0,0.0,0.0,0.0,0.0,0.0,0.03,0,0,0,0,0,0,0,0,0,0,0,0,0,0,0,0,0,0,0,0,0
9.546857833862305,9.0,0.0,0.0,0.0,0.0,0.0,0.0,0.0,0.0,0.03,0,0,0,0,0,0,0,0,0,0,0,0,0,0,0,0,0,0,0,0,0
9.548020601272583,9.0,0.0,0.0,0.0,0.0,0.0,0.0,0.0,0.0,0.03,0,0,0,0,0,0,0,0,0,0,0,0,0,0,0,0,0,0,0,0,0
9.550067663192749,9.0,0.0,0.0,0.0,0.0,0.0,0.0,0.0,0.0,0.03,0,0,0,0,0,0,0,0,0,0,0,0,0,0,0,0,0,0,0,0,0
9.552223443984985,9.0,0.0,0.0,0.0,0.0,0.0,0.0,0.0,0.0,0.03,0,0,0,0,0,0,0,0,0,0,0,0,0,0,0,0,0,0,0,0,0
9.553419828414917,9.0,0.0,0.0,0.0,0.0,0.0,0.0,0.0,0.0,0.03,0,0,0,0,0,0,0,0,0,0,0,0,0,0,0,0,0,0,0,0,0
9.554898262023926,9.0,0.0,0.0,0.0,0.0,0.0,0.0,0.0,0.0,0.03,0,0,0,0,0,0,0,0,0,0,0,0,0,0,0,0,0,0,0,0,0
9.556007385253906,9.0,0.0,0.0,0.0,0.0,0.0,0.0,0.0,0.0,0.03,0,0,0,0,0,0,0,0,0,0,0,0,0,0,0,0,0,0,0,0,0
9.557137727737427,9.0,0.0,0.0,0.0,0.0,0.0,0.0,0.0,0.0,0.03,0,0,0,0,0,0,0,0,0,0,0,0,0,0,0,0,0,0,0,0,0
9.558475017547607,9.0,0.0,0.0,0.0,0.0,0.0,0.0,0.0,0.0,0.03,0,0,0,0,0,0,0,0,0,0,0,0,0,0,0,0,0,0,0,0,0
9.559666156768799,9.0,0.0,0.0,0.0,0.0,0.0,0.0,0.0,0.0,0.03,0,0,0,0,0,0,0,0,0,0,0,0,0,0,0,0,0,0,0,0,0
9.560760498046875,9.0,0.0,0.0,0.0,0.0,0.0,0.0,0.0,0.0,0.03,0,0,0,0,0,0,0,0,0,0,0,0,0,0,0,0,0,0,0,0,0
9.564429521560669,9.0,0.0,0.0,0.0,0.0,0.0,0.0,0.0,0.0,0.03,0,0,0,0,0,0,0,0,0,0,0,0,0,0,0,0,0,0,0,0,0
9.565651893615723,9.0,0.0,0.0,0.0,0.0,0.0,0.0,0.0,0.0,0.03,0,0,0,0,0,0,0,0,0,0,0,0,0,0,0,0,0,0,0,0,0
9.567012310028076,9.0,0.0,0.0,0.0,0.0,0.0,0.0,0.0,0.0,0.03,0,0,0,0,0,0,0,0,0,0,0,0,0,0,0,0,0,0,0,0,0
9.56987190246582,9.0,0.0,0.0,0.0,0.0,0.0,0.0,0.0,0.0,0.03,0,0,0,0,0,0,0,0,0,0,0,0,0,0,0,0,0,0,0,0,0
9.572352886199951,9.0,0.0,0.0,0.0,0.0,0.0,0.0,0.0,0.0,0.03,0,0,0,0,0,0,0,0,0,0,0,0,0,0,0,0,0,0,0,0,0
9.573876142501831,9.0,0.0,0.0,0.0,0.0,0.0,0.0,0.0,0.0,0.03,0,0,0,0,0,0,0,0,0,0,0,0,0,0,0,0,0,0,0,0,0
9.57554006576538,9.0,0.0,0.0,0.0,0.0,0.0,0.0,0.0,0.0,0.03,0,0,0,0,0,0,0,0,0,0,0,0,0,0,0,0,0,0,0,0,0
9.57669973373413,9.0,0.0,0.0,0.0,0.0,0.0,0.0,0.0,0.0,0.03,0,0,0,0,0,0,0,0,0,0,0,0,0,0,0,0,0,0,0,0,0
9.578169345855713,9.0,0.0,0.0,0.0,0.0,0.0,0.0,0.0,0.0,0.03,0,0,0,0,0,0,0,0,0,0,0,0,0,0,0,0,0,0,0,0,0
9.579346895217896,9.0,0.0,0.0,0.0,0.0,0.0,0.0,0.0,0.0,0.03,0,0,0,0,0,0,0,0,0,0,0,0,0,0,0,0,0,0,0,0,0
9.580605030059814,9.0,0.0,0.0,0.0,0.0,0.0,0.0,0.0,0.0,0.03,0,0,0,0,0,0,0,0,0,0,0,0,0,0,0,0,0,0,0,0,0
9.581703186035156,9.0,0.0,0.0,0.0,0.0,0.0,0.0,0.0,0.0,0.03,0,0,0,0,0,0,0,0,0,0,0,0,0,0,0,0,0,0,0,0,0
9.583004713058472,9.0,0.0,0.0,0.0,0.0,0.0,0.0,0.0,0.0,0.03,0,0,0,0,0,0,0,0,0,0,0,0,0,0,0,0,0,0,0,0,0
9.584240913391113,9.0,0.0,0.0,0.0,0.0,0.0,0.0,0.0,0.0,0.03,0,0,0,0,0,0,0,0,0,0,0,0,0,0,0,0,0,0,0,0,0
9.585334539413452,9.0,0.0,0.0,0.0,0.0,0.0,0.0,0.0,0.0,0.03,0,0,0,0,0,0,0,0,0,0,0,0,0,0,0,0,0,0,0,0,0
9.586556911468506,9.0,0.0,0.0,0.0,0.0,0.0,0.0,0.0,0.0,0.03,0,0,0,0,0,0,0,0,0,0,0,0,0,0,0,0,0,0,0,0,0
9.58795976638794,9.0,0.0,0.0,0.0,0.0,0.0,0.0,0.0,0.0,0.03,0,0,0,0,0,0,0,0,0,0,0,0,0,0,0,0,0,0,0,0,0
9.589054584503174,9.0,0.0,0.0,0.0,0.0,0.0,0.0,0.0,0.0,0.03,0,0,0,0,0,0,0,0,0,0,0,0,0,0,0,0,0,0,0,0,0
9.590405941009521,9.0,0.0,0.0,0.0,0.0,0.0,0.0,0.0,0.0,0.03,0,0,0,0,0,0,0,0,0,0,0,0,0,0,0,0,0,0,0,0,0
9.592599153518677,9.0,0.0,0.0,0.0,0.0,0.0,0.0,0.0,0.0,0.03,0,0,0,0,0,0,0,0,0,0,0,0,0,0,0,0,0,0,0,0,0
9.594606399536133,9.0,0.0,0.0,0.0,0.0,0.0,0.0,0.0,0.0,0.03,0,0,0,0,0,0,0,0,0,0,0,0,0,0,0,0,0,0,0,0,0
9.596004724502563,9.0,0.0,0.0,0.0,0.0,0.0,0.0,0.0,0.0,0.03,0,0,0,0,0,0,0,0,0,0,0,0,0,0,0,0,0,0,0,0,0
9.597125768661499,9.0,0.0,0.0,0.0,0.0,0.0,0.0,0.0,0.0,0.03,0,0,0,0,0,0,0,0,0,0,0,0,0,0,0,0,0,0,0,0,0
9.598465204238892,9.0,0.0,0.0,0.0,0.0,0.0,0.0,0.0,0.0,0.03,0,0,0,0,0,0,0,0,0,0,0,0,0,0,0,0,0,0,0,0,0
9.600831747055054,9.0,0.0,0.0,0.0,0.0,0.0,0.0,0.0,0.0,0.03,0,0,0,0,0,0,0,0,0,0,0,0,0,0,0,0,0,0,0,0,0
9.601994752883911,9.0,0.0,0.0,0.0,0.0,0.0,0.0,0.0,0.0,0.03,0,0,0,0,0,0,0,0,0,0,0,0,0,0,0,0,0,0,0,0,0
9.604122161865234,9.0,0.0,0.0,0.0,0.0,0.0,0.0,0.0,0.0,0.03,0,0,0,0,0,0,0,0,0,0,0,0,0,0,0,0,0,0,0,0,0
9.605312824249268,9.0,0.0,0.0,0.0,0.0,0.0,0.0,0.0,0.0,0.03,0,0,0,0,0,0,0,0,0,0,0,0,0,0,0,0,0,0,0,0,0
9.606462001800537,9.0,0.0,0.0,0.0,0.0,0.0,0.0,0.0,0.0,0.03,0,0,0,0,0,0,0,0,0,0,0,0,0,0,0,0,0,0,0,0,0
9.607611656188965,9.0,0.0,0.0,0.0,0.0,0.0,0.0,0.0,0.0,0.03,0,0,0,0,0,0,0,0,0,0,0,0,0,0,0,0,0,0,0,0,0
9.608790397644043,9.0,0.0,0.0,0.0,0.0,0.0,0.0,0.0,0.0,0.03,0,0,0,0,0,0,0,0,0,0,0,0,0,0,0,0,0,0,0,0,0
9.60995626449585,9.0,0.0,0.0,0.0,0.0,0.0,0.0,0.0,0.0,0.03,0,0,0,0,0,0,0,0,0,0,0,0,0,0,0,0,0,0,0,0,0
9.611685752868652,9.0,0.0,0.0,0.0,0.0,0.0,0.0,0.0,0.0,0.03,0,0,0,0,0,0,0,0,0,0,0,0,0,0,0,0,0,0,0,0,0
9.613110542297363,9.0,0.0,0.0,0.0,0.0,0.0,0.0,0.0,0.0,0.03,0,0,0,0,0,0,0,0,0,0,0,0,0,0,0,0,0,0,0,0,0
9.614797830581665,9.0,0.0,0.0,0.0,0.0,0.0,0.0,0.0,0.0,0.03,0,0,0,0,0,0,0,0,0,0,0,0,0,0,0,0,0,0,0,0,0
9.616066217422485,9.0,0.0,0.0,0.0,0.0,0.0,0.0,0.0,0.0,0.03,0,0,0,0,0,0,0,0,0,0,0,0,0,0,0,0,0,0,0,0,0
9.61716604232788,9.0,0.0,0.0,0.0,0.0,0.0,0.0,0.0,0.0,0.03,0,0,0,0,0,0,0,0,0,0,0,0,0,0,0,0,0,0,0,0,0
9.619049787521362,9.0,0.0,0.0,0.0,0.0,0.0,0.0,0.0,0.0,0.03,0,0,0,0,0,0,0,0,0,0,0,0,0,0,0,0,0,0,0,0,0
9.620193243026733,9.0,0.0,0.0,0.0,0.0,0.0,0.0,0.0,0.0,0.03,0,0,0,0,0,0,0,0,0,0,0,0,0,0,0,0,0,0,0,0,0
9.621594429016113,9.0,0.0,0.0,0.0,0.0,0.0,0.0,0.0,0.0,0.03,0,0,0,0,0,0,0,0,0,0,0,0,0,0,0,0,0,0,0,0,0
9.622925043106079,9.0,0.0,0.0,0.0,0.0,0.0,0.0,0.0,0.0,0.03,0,0,0,0,0,0,0,0,0,0,0,0,0,0,0,0,0,0,0,0,0
9.62432599067688,9.0,0.0,0.0,0.0,0.0,0.0,0.0,0.0,0.0,0.03,0,0,0,0,0,0,0,0,0,0,0,0,0,0,0,0,0,0,0,0,0
9.627540349960327,9.0,0.0,0.0,0.0,0.0,0.0,0.0,0.0,0.0,0.03,0,0,0,0,0,0,0,0,0,0,0,0,0,0,0,0,0,0,0,0,0
9.628724813461304,9.0,0.0,0.0,0.0,0.0,0.0,0.0,0.0,0.0,0.03,0,0,0,0,0,0,0,0,0,0,0,0,0,0,0,0,0,0,0,0,0
9.630022764205933,9.0,0.0,0.0,0.0,0.0,0.0,0.0,0.0,0.0,0.03,0,0,0,0,0,0,0,0,0,0,0,0,0,0,0,0,0,0,0,0,0
9.631152153015137,9.0,0.0,0.0,0.0,0.0,0.0,0.0,0.0,0.0,0.03,0,0,0,0,0,0,0,0,0,0,0,0,0,0,0,0,0,0,0,0,0
9.632923126220703,9.0,0.0,0.0,0.0,0.0,0.0,0.0,0.0,0.0,0.03,0,0,0,0,0,0,0,0,0,0,0,0,0,0,0,0,0,0,0,0,0
9.635401487350464,9.0,0.0,0.0,0.0,0.0,0.0,0.0,0.0,0.0,0.03,0,0,0,0,0,0,0,0,0,0,0,0,0,0,0,0,0,0,0,0,0
9.636822700500488,9.0,0.0,0.0,0.0,0.0,0.0,0.0,0.0,0.0,0.03,0,0,0,0,0,0,0,0,0,0,0,0,0,0,0,0,0,0,0,0,0
9.638307094573975,9.0,0.0,0.0,0.0,0.0,0.0,0.0,0.0,0.0,0.03,0,0,0,0,0,0,0,0,0,0,0,0,0,0,0,0,0,0,0,0,0
9.63945460319519,9.0,0.0,0.0,0.0,0.0,0.0,0.0,0.0,0.0,0.03,0,0,0,0,0,0,0,0,0,0,0,0,0,0,0,0,0,0,0,0,0
9.641031503677368,9.0,0.0,0.0,0.0,0.0,0.0,0.0,0.0,0.0,0.03,0,0,0,0,0,0,0,0,0,0,0,0,0,0,0,0,0,0,0,0,0
9.642401218414307,9.0,0.0,0.0,0.0,0.0,0.0,0.0,0.0,0.0,0.03,0,0,0,0,0,0,0,0,0,0,0,0,0,0,0,0,0,0,0,0,0
9.643480777740479,9.0,0.0,0.0,0.0,0.0,0.0,0.0,0.0,0.0,0.03,0,0,0,0,0,0,0,0,0,0,0,0,0,0,0,0,0,0,0,0,0
9.645256042480469,9.0,0.0,0.0,0.0,0.0,0.0,0.0,0.0,0.0,0.03,0,0,0,0,0,0,0,0,0,0,0,0,0,0,0,0,0,0,0,0,0
9.646646499633789,9.0,0.0,0.0,0.0,0.0,0.0,0.0,0.0,0.0,0.03,0,0,0,0,0,0,0,0,0,0,0,0,0,0,0,0,0,0,0,0,0
9.647867918014526,9.0,0.0,0.0,0.0,0.0,0.0,0.0,0.0,0.0,0.03,0,0,0,0,0,0,0,0,0,0,0,0,0,0,0,0,0,0,0,0,0
9.64901328086853,9.0,0.0,0.0,0.0,0.0,0.0,0.0,0.0,0.0,0.03,0,0,0,0,0,0,0,0,0,0,0,0,0,0,0,0,0,0,0,0,0
9.65011191368103,9.0,0.0,0.0,0.0,0.0,0.0,0.0,0.0,0.0,0.03,0,0,0,0,0,0,0,0,0,0,0,0,0,0,0,0,0,0,0,0,0
9.651278972625732,9.0,0.0,0.0,0.0,0.0,0.0,0.0,0.0,0.0,0.03,0,0,0,0,0,0,0,0,0,0,0,0,0,0,0,0,0,0,0,0,0
9.652414083480835,9.0,0.0,0.0,0.0,0.0,0.0,0.0,0.0,0.0,0.03,0,0,0,0,0,0,0,0,0,0,0,0,0,0,0,0,0,0,0,0,0
9.65358567237854,9.0,0.0,0.0,0.0,0.0,0.0,0.0,0.0,0.0,0.03,0,0,0,0,0,0,0,0,0,0,0,0,0,0,0,0,0,0,0,0,0
9.654918670654297,9.0,0.0,0.0,0.0,0.0,0.0,0.0,0.0,0.0,0.03,0,0,0,0,0,0,0,0,0,0,0,0,0,0,0,0,0,0,0,0,0
9.656296491622925,9.0,0.0,0.0,0.0,0.0,0.0,0.0,0.0,0.0,0.03,0,0,0,0,0,0,0,0,0,0,0,0,0,0,0,0,0,0,0,0,0
9.658503532409668,9.0,0.0,0.0,0.0,0.0,0.0,0.0,0.0,0.0,0.03,0,0,0,0,0,0,0,0,0,0,0,0,0,0,0,0,0,0,0,0,0
9.659709453582764,9.0,0.0,0.0,0.0,0.0,0.0,0.0,0.0,0.0,0.03,0,0,0,0,0,0,0,0,0,0,0,0,0,0,0,0,0,0,0,0,0
9.660856485366821,9.0,0.0,0.0,0.0,0.0,0.0,0.0,0.0,0.0,0.03,0,0,0,0,0,0,0,0,0,0,0,0,0,0,0,0,0,0,0,0,0
9.662964105606079,9.0,0.0,0.0,0.0,0.0,0.0,0.0,0.0,0.0,0.03,0,0,0,0,0,0,0,0,0,0,0,0,0,0,0,0,0,0,0,0,0
9.664394617080688,9.0,0.0,0.0,0.0,0.0,0.0,0.0,0.0,0.0,0.03,0,0,0,0,0,0,0,0,0,0,0,0,0,0,0,0,0,0,0,0,0
9.665757179260254,9.0,0.0,0.0,0.0,0.0,0.0,0.0,0.0,0.0,0.03,0,0,0,0,0,0,0,0,0,0,0,0,0,0,0,0,0,0,0,0,0
9.667462825775146,9.0,0.0,0.0,0.0,0.0,0.0,0.0,0.0,0.0,0.03,0,0,0,0,0,0,0,0,0,0,0,0,0,0,0,0,0,0,0,0,0
9.668894529342651,9.0,0.0,0.0,0.0,0.0,0.0,0.0,0.0,0.0,0.03,0,0,0,0,0,0,0,0,0,0,0,0,0,0,0,0,0,0,0,0,0
9.669916152954102,9.0,0.0,0.0,0.0,0.0,0.0,0.0,0.0,0.0,0.03,0,0,0,0,0,0,0,0,0,0,0,0,0,0,0,0,0,0,0,0,0
9.671112775802612,9.0,0.0,0.0,0.0,0.0,0.0,0.0,0.0,0.0,0.03,0,0,0,0,0,0,0,0,0,0,0,0,0,0,0,0,0,0,0,0,0
9.672252416610718,9.0,0.0,0.0,0.0,0.0,0.0,0.0,0.0,0.0,0.03,0,0,0,0,0,0,0,0,0,0,0,0,0,0,0,0,0,0,0,0,0
9.673338413238525,9.0,0.0,0.0,0.0,0.0,0.0,0.0,0.0,0.0,0.03,0,0,0,0,0,0,0,0,0,0,0,0,0,0,0,0,0,0,0,0,0
9.674426794052124,9.0,0.0,0.0,0.0,0.0,0.0,0.0,0.0,0.0,0.03,0,0,0,0,0,0,0,0,0,0,0,0,0,0,0,0,0,0,0,0,0
9.675615787506104,9.0,0.0,0.0,0.0,0.0,0.0,0.0,0.0,0.0,0.03,0,0,0,0,0,0,0,0,0,0,0,0,0,0,0,0,0,0,0,0,0
9.67714786529541,9.0,0.0,0.0,0.0,0.0,0.0,0.0,0.0,0.0,0.03,0,0,0,0,0,0,0,0,0,0,0,0,0,0,0,0,0,0,0,0,0
9.679633855819702,9.0,0.0,0.0,0.0,0.0,0.0,0.0,0.0,0.0,0.03,0,0,0,0,0,0,0,0,0,0,0,0,0,0,0,0,0,0,0,0,0
9.680708408355713,9.0,0.0,0.0,0.0,0.0,0.0,0.0,0.0,0.0,0.03,0,0,0,0,0,0,0,0,0,0,0,0,0,0,0,0,0,0,0,0,0
9.681872367858887,9.0,0.0,0.0,0.0,0.0,0.0,0.0,0.0,0.0,0.03,0,0,0,0,0,0,0,0,0,0,0,0,0,0,0,0,0,0,0,0,0
9.683402299880981,9.0,0.0,0.0,0.0,0.0,0.0,0.0,0.0,0.0,0.03,0,0,0,0,0,0,0,0,0,0,0,0,0,0,0,0,0,0,0,0,0
9.68460488319397,9.0,0.0,0.0,0.0,0.0,0.0,0.0,0.0,0.0,0.03,0,0,0,0,0,0,0,0,0,0,0,0,0,0,0,0,0,0,0,0,0
9.68567180633545,9.0,0.0,0.0,0.0,0.0,0.0,0.0,0.0,0.0,0.03,0,0,0,0,0,0,0,0,0,0,0,0,0,0,0,0,0,0,0,0,0
9.687547206878662,9.0,0.0,0.0,0.0,0.0,0.0,0.0,0.0,0.0,0.03,0,0,0,0,0,0,0,0,0,0,0,0,0,0,0,0,0,0,0,0,0
9.688875436782837,9.0,0.0,0.0,0.0,0.0,0.0,0.0,0.0,0.0,0.03,0,0,0,0,0,0,0,0,0,0,0,0,0,0,0,0,0,0,0,0,0
9.69330358505249,9.0,0.0,0.0,0.0,0.0,0.0,0.0,0.0,0.0,0.03,0,0,0,0,0,0,0,0,0,0,0,0,0,0,0,0,0,0,0,0,0
9.69442892074585,9.0,0.0,0.0,0.0,0.0,0.0,0.0,0.0,0.0,0.03,0,0,0,0,0,0,0,0,0,0,0,0,0,0,0,0,0,0,0,0,0
9.696880340576172,9.0,0.0,0.0,0.0,0.0,0.0,0.0,0.0,0.0,0.03,0,0,0,0,0,0,0,0,0,0,0,0,0,0,0,0,0,0,0,0,0
9.698469638824463,9.0,0.0,0.0,0.0,0.0,0.0,0.0,0.0,0.0,0.03,0,0,0,0,0,0,0,0,0,0,0,0,0,0,0,0,0,0,0,0,0
9.700523138046265,9.0,0.0,0.0,0.0,0.0,0.0,0.0,0.0,0.0,0.03,0,0,0,0,0,0,0,0,0,0,0,0,0,0,0,0,0,0,0,0,0
9.70200490951538,9.0,0.0,0.0,0.0,0.0,0.0,0.0,0.0,0.0,0.03,0,0,0,0,0,0,0,0,0,0,0,0,0,0,0,0,0,0,0,0,0
9.703298330307007,9.0,0.0,0.0,0.0,0.0,0.0,0.0,0.0,0.0,0.03,0,0,0,0,0,0,0,0,0,0,0,0,0,0,0,0,0,0,0,0,0
9.704736471176147,9.0,0.0,0.0,0.0,0.0,0.0,0.0,0.0,0.0,0.03,0,0,0,0,0,0,0,0,0,0,0,0,0,0,0,0,0,0,0,0,0
9.706098794937134,9.0,0.0,0.0,0.0,0.0,0.0,0.0,0.0,0.0,0.03,0,0,0,0,0,0,0,0,0,0,0,0,0,0,0,0,0,0,0,0,0
9.707428693771362,9.0,0.0,0.0,0.0,0.0,0.0,0.0,0.0,0.0,0.03,0,0,0,0,0,0,0,0,0,0,0,0,0,0,0,0,0,0,0,0,0
9.708640575408936,9.0,0.0,0.0,0.0,0.0,0.0,0.0,0.0,0.0,0.03,0,0,0,0,0,0,0,0,0,0,0,0,0,0,0,0,0,0,0,0,0
9.709873914718628,9.0,0.0,0.0,0.0,0.0,0.0,0.0,0.0,0.0,0.03,0,0,0,0,0,0,0,0,0,0,0,0,0,0,0,0,0,0,0,0,0
9.711334705352783,9.0,0.0,0.0,0.0,0.0,0.0,0.0,0.0,0.0,0.03,0,0,0,0,0,0,0,0,0,0,0,0,0,0,0,0,0,0,0,0,0
9.712621688842773,9.0,0.0,0.0,0.0,0.0,0.0,0.0,0.0,0.0,0.03,0,0,0,0,0,0,0,0,0,0,0,0,0,0,0,0,0,0,0,0,0
9.713748455047607,9.0,0.0,0.0,0.0,0.0,0.0,0.0,0.0,0.0,0.03,0,0,0,0,0,0,0,0,0,0,0,0,0,0,0,0,0,0,0,0,0
9.714876651763916,9.0,0.0,0.0,0.0,0.0,0.0,0.0,0.0,0.0,0.03,0,0,0,0,0,0,0,0,0,0,0,0,0,0,0,0,0,0,0,0,0
9.715978622436523,9.0,0.0,0.0,0.0,0.0,0.0,0.0,0.0,0.0,0.03,0,0,0,0,0,0,0,0,0,0,0,0,0,0,0,0,0,0,0,0,0
9.717106342315674,9.0,0.0,0.0,0.0,0.0,0.0,0.0,0.0,0.0,0.03,0,0,0,0,0,0,0,0,0,0,0,0,0,0,0,0,0,0,0,0,0
9.718318939208984,9.0,0.0,0.0,0.0,0.0,0.0,0.0,0.0,0.0,0.03,0,0,0,0,0,0,0,0,0,0,0,0,0,0,0,0,0,0,0,0,0
9.719643831253052,9.0,0.0,0.0,0.0,0.0,0.0,0.0,0.0,0.0,0.03,0,0,0,0,0,0,0,0,0,0,0,0,0,0,0,0,0,0,0,0,0
9.721405744552612,9.0,0.0,0.0,0.0,0.0,0.0,0.0,0.0,0.0,0.03,0,0,0,0,0,0,0,0,0,0,0,0,0,0,0,0,0,0,0,0,0
9.724442720413208,9.0,0.0,0.0,0.0,0.0,0.0,0.0,0.0,0.0,0.03,0,0,0,0,0,0,0,0,0,0,0,0,0,0,0,0,0,0,0,0,0
9.725563049316406,9.0,0.0,0.0,0.0,0.0,0.0,0.0,0.0,0.0,0.03,0,0,0,0,0,0,0,0,0,0,0,0,0,0,0,0,0,0,0,0,0
9.72707223892212,9.0,0.0,0.0,0.0,0.0,0.0,0.0,0.0,0.0,0.03,0,0,0,0,0,0,0,0,0,0,0,0,0,0,0,0,0,0,0,0,0
9.728162288665771,9.0,0.0,0.0,0.0,0.0,0.0,0.0,0.0,0.0,0.03,0,0,0,0,0,0,0,0,0,0,0,0,0,0,0,0,0,0,0,0,0
9.729369878768921,9.0,0.0,0.0,0.0,0.0,0.0,0.0,0.0,0.0,0.03,0,0,0,0,0,0,0,0,0,0,0,0,0,0,0,0,0,0,0,0,0
9.730668306350708,9.0,0.0,0.0,0.0,0.0,0.0,0.0,0.0,0.0,0.03,0,0,0,0,0,0,0,0,0,0,0,0,0,0,0,0,0,0,0,0,0
9.73214602470398,9.0,0.0,0.0,0.0,0.0,0.0,0.0,0.0,0.0,0.03,0,0,0,0,0,0,0,0,0,0,0,0,0,0,0,0,0,0,0,0,0
9.733293294906616,9.0,0.0,0.0,0.0,0.0,0.0,0.0,0.0,0.0,0.03,0,0,0,0,0,0,0,0,0,0,0,0,0,0,0,0,0,0,0,0,0
9.734379529953003,9.0,0.0,0.0,0.0,0.0,0.0,0.0,0.0,0.0,0.03,0,0,0,0,0,0,0,0,0,0,0,0,0,0,0,0,0,0,0,0,0
9.735464811325073,9.0,0.0,0.0,0.0,0.0,0.0,0.0,0.0,0.0,0.03,0,0,0,0,0,0,0,0,0,0,0,0,0,0,0,0,0,0,0,0,0
9.736676454544067,9.0,0.0,0.0,0.0,0.0,0.0,0.0,0.0,0.0,0.03,0,0,0,0,0,0,0,0,0,0,0,0,0,0,0,0,0,0,0,0,0
9.738013982772827,9.0,0.0,0.0,0.0,0.0,0.0,0.0,0.0,0.0,0.03,0,0,0,0,0,0,0,0,0,0,0,0,0,0,0,0,0,0,0,0,0
9.739157438278198,9.0,0.0,0.0,0.0,0.0,0.0,0.0,0.0,0.0,0.03,0,0,0,0,0,0,0,0,0,0,0,0,0,0,0,0,0,0,0,0,0
9.74136757850647,9.0,0.0,0.0,0.0,0.0,0.0,0.0,0.0,0.0,0.03,0,0,0,0,0,0,0,0,0,0,0,0,0,0,0,0,0,0,0,0,0
9.744260311126709,9.0,0.0,0.0,0.0,0.0,0.0,0.0,0.0,0.0,0.03,0,0,0,0,0,0,0,0,0,0,0,0,0,0,0,0,0,0,0,0,0
9.745356798171997,9.0,0.0,0.0,0.0,0.0,0.0,0.0,0.0,0.0,0.03,0,0,0,0,0,0,0,0,0,0,0,0,0,0,0,0,0,0,0,0,0
9.746578931808472,9.0,0.0,0.0,0.0,0.0,0.0,0.0,0.0,0.0,0.03,0,0,0,0,0,0,0,0,0,0,0,0,0,0,0,0,0,0,0,0,0
9.74850058555603,9.0,0.0,0.0,0.0,0.0,0.0,0.0,0.0,0.0,0.03,0,0,0,0,0,0,0,0,0,0,0,0,0,0,0,0,0,0,0,0,0
9.749810934066772,9.0,0.0,0.0,0.0,0.0,0.0,0.0,0.0,0.0,0.03,0,0,0,0,0,0,0,0,0,0,0,0,0,0,0,0,0,0,0,0,0
9.75135064125061,9.0,0.0,0.0,0.0,0.0,0.0,0.0,0.0,0.0,0.03,0,0,0,0,0,0,0,0,0,0,0,0,0,0,0,0,0,0,0,0,0
9.752518892288208,9.0,0.0,0.0,0.0,0.0,0.0,0.0,0.0,0.0,0.03,0,0,0,0,0,0,0,0,0,0,0,0,0,0,0,0,0,0,0,0,0
9.755862474441528,9.0,0.0,0.0,0.0,0.0,0.0,0.0,0.0,0.0,0.03,0,0,0,0,0,0,0,0,0,0,0,0,0,0,0,0,0,0,0,0,0
9.756960391998291,9.0,0.0,0.0,0.0,0.0,0.0,0.0,0.0,0.0,0.03,0,0,0,0,0,0,0,0,0,0,0,0,0,0,0,0,0,0,0,0,0
9.75817608833313,9.0,0.0,0.0,0.0,0.0,0.0,0.0,0.0,0.0,0.03,0,0,0,0,0,0,0,0,0,0,0,0,0,0,0,0,0,0,0,0,0
9.760163307189941,9.0,0.0,0.0,0.0,0.0,0.0,0.0,0.0,0.0,0.03,0,0,0,0,0,0,0,0,0,0,0,0,0,0,0,0,0,0,0,0,0
9.761744976043701,9.0,0.0,0.0,0.0,0.0,0.0,0.0,0.0,0.0,0.03,0,0,0,0,0,0,0,0,0,0,0,0,0,0,0,0,0,0,0,0,0
9.763934850692749,9.0,0.0,0.0,0.0,0.0,0.0,0.0,0.0,0.0,0.03,0,0,0,0,0,0,0,0,0,0,0,0,0,0,0,0,0,0,0,0,0
9.76525354385376,9.0,0.0,0.0,0.0,0.0,0.0,0.0,0.0,0.0,0.03,0,0,0,0,0,0,0,0,0,0,0,0,0,0,0,0,0,0,0,0,0
9.767165899276733,9.0,0.0,0.0,0.0,0.0,0.0,0.0,0.0,0.0,0.03,0,0,0,0,0,0,0,0,0,0,0,0,0,0,0,0,0,0,0,0,0
9.76921820640564,9.0,0.0,0.0,0.0,0.0,0.0,0.0,0.0,0.0,0.03,0,0,0,0,0,0,0,0,0,0,0,0,0,0,0,0,0,0,0,0,0
9.770376443862915,9.0,0.0,0.0,0.0,0.0,0.0,0.0,0.0,0.0,0.03,0,0,0,0,0,0,0,0,0,0,0,0,0,0,0,0,0,0,0,0,0
9.771925449371338,9.0,0.0,0.0,0.0,0.0,0.0,0.0,0.0,0.0,0.03,0,0,0,0,0,0,0,0,0,0,0,0,0,0,0,0,0,0,0,0,0
9.773021459579468,9.0,0.0,0.0,0.0,0.0,0.0,0.0,0.0,0.0,0.03,0,0,0,0,0,0,0,0,0,0,0,0,0,0,0,0,0,0,0,0,0
9.774154663085938,9.0,0.0,0.0,0.0,0.0,0.0,0.0,0.0,0.0,0.03,0,0,0,0,0,0,0,0,0,0,0,0,0,0,0,0,0,0,0,0,0
9.775238513946533,9.0,0.0,0.0,0.0,0.0,0.0,0.0,0.0,0.0,0.03,0,0,0,0,0,0,0,0,0,0,0,0,0,0,0,0,0,0,0,0,0
9.77632212638855,9.0,0.0,0.0,0.0,0.0,0.0,0.0,0.0,0.0,0.03,0,0,0,0,0,0,0,0,0,0,0,0,0,0,0,0,0,0,0,0,0
9.777411460876465,9.0,0.0,0.0,0.0,0.0,0.0,0.0,0.0,0.0,0.03,0,0,0,0,0,0,0,0,0,0,0,0,0,0,0,0,0,0,0,0,0
9.778512239456177,9.0,0.0,0.0,0.0,0.0,0.0,0.0,0.0,0.0,0.03,0,0,0,0,0,0,0,0,0,0,0,0,0,0,0,0,0,0,0,0,0
9.779597043991089,9.0,0.0,0.0,0.0,0.0,0.0,0.0,0.0,0.0,0.03,0,0,0,0,0,0,0,0,0,0,0,0,0,0,0,0,0,0,0,0,0
9.780784368515015,9.0,0.0,0.0,0.0,0.0,0.0,0.0,0.0,0.0,0.03,0,0,0,0,0,0,0,0,0,0,0,0,0,0,0,0,0,0,0,0,0
9.782601594924927,9.0,0.0,0.0,0.0,0.0,0.0,0.0,0.0,0.0,0.03,0,0,0,0,0,0,0,0,0,0,0,0,0,0,0,0,0,0,0,0,0
9.785025119781494,9.0,0.0,0.0,0.0,0.0,0.0,0.0,0.0,0.0,0.03,0,0,0,0,0,0,0,0,0,0,0,0,0,0,0,0,0,0,0,0,0
9.786544799804688,9.0,0.0,0.0,0.0,0.0,0.0,0.0,0.0,0.0,0.03,0,0,0,0,0,0,0,0,0,0,0,0,0,0,0,0,0,0,0,0,0
9.787850856781006,9.0,0.0,0.0,0.0,0.0,0.0,0.0,0.0,0.0,0.03,0,0,0,0,0,0,0,0,0,0,0,0,0,0,0,0,0,0,0,0,0
9.788950443267822,9.0,0.0,0.0,0.0,0.0,0.0,0.0,0.0,0.0,0.03,0,0,0,0,0,0,0,0,0,0,0,0,0,0,0,0,0,0,0,0,0
9.790368795394897,9.0,0.0,0.0,0.0,0.0,0.0,0.0,0.0,0.0,0.03,0,0,0,0,0,0,0,0,0,0,0,0,0,0,0,0,0,0,0,0,0
9.791860580444336,9.0,0.0,0.0,0.0,0.0,0.0,0.0,0.0,0.0,0.03,0,0,0,0,0,0,0,0,0,0,0,0,0,0,0,0,0,0,0,0,0
9.793066024780273,9.0,0.0,0.0,0.0,0.0,0.0,0.0,0.0,0.0,0.03,0,0,0,0,0,0,0,0,0,0,0,0,0,0,0,0,0,0,0,0,0
9.794610977172852,9.0,0.0,0.0,0.0,0.0,0.0,0.0,0.0,0.0,0.03,0,0,0,0,0,0,0,0,0,0,0,0,0,0,0,0,0,0,0,0,0
9.795719146728516,9.0,0.0,0.0,0.0,0.0,0.0,0.0,0.0,0.0,0.03,0,0,0,0,0,0,0,0,0,0,0,0,0,0,0,0,0,0,0,0,0
9.796788215637207,9.0,0.0,0.0,0.0,0.0,0.0,0.0,0.0,0.0,0.03,0,0,0,0,0,0,0,0,0,0,0,0,0,0,0,0,0,0,0,0,0
9.797988653182983,9.0,0.0,0.0,0.0,0.0,0.0,0.0,0.0,0.0,0.03,0,0,0,0,0,0,0,0,0,0,0,0,0,0,0,0,0,0,0,0,0
9.7991361618042,9.0,0.0,0.0,0.0,0.0,0.0,0.0,0.0,0.0,0.03,0,0,0,0,0,0,0,0,0,0,0,0,0,0,0,0,0,0,0,0,0
9.800439834594727,9.0,0.0,0.0,0.0,0.0,0.0,0.0,0.0,0.0,0.03,0,0,0,0,0,0,0,0,0,0,0,0,0,0,0,0,0,0,0,0,0
9.801727294921875,9.0,0.0,0.0,0.0,0.0,0.0,0.0,0.0,0.0,0.03,0,0,0,0,0,0,0,0,0,0,0,0,0,0,0,0,0,0,0,0,0
9.80384087562561,9.0,0.0,0.0,0.0,0.0,0.0,0.0,0.0,0.0,0.03,0,0,0,0,0,0,0,0,0,0,0,0,0,0,0,0,0,0,0,0,0
9.805110692977905,9.0,0.0,0.0,0.0,0.0,0.0,0.0,0.0,0.0,0.03,0,0,0,0,0,0,0,0,0,0,0,0,0,0,0,0,0,0,0,0,0
9.806995391845703,9.0,0.0,0.0,0.0,0.0,0.0,0.0,0.0,0.0,0.03,0,0,0,0,0,0,0,0,0,0,0,0,0,0,0,0,0,0,0,0,0
9.808234930038452,9.0,0.0,0.0,0.0,0.0,0.0,0.0,0.0,0.0,0.03,0,0,0,0,0,0,0,0,0,0,0,0,0,0,0,0,0,0,0,0,0
9.810290813446045,9.0,0.0,0.0,0.0,0.0,0.0,0.0,0.0,0.0,0.03,0,0,0,0,0,0,0,0,0,0,0,0,0,0,0,0,0,0,0,0,0
9.81164026260376,9.0,0.0,0.0,0.0,0.0,0.0,0.0,0.0,0.0,0.03,0,0,0,0,0,0,0,0,0,0,0,0,0,0,0,0,0,0,0,0,0
9.8128662109375,9.0,0.0,0.0,0.0,0.0,0.0,0.0,0.0,0.0,0.03,0,0,0,0,0,0,0,0,0,0,0,0,0,0,0,0,0,0,0,0,0
9.8141930103302,9.0,0.0,0.0,0.0,0.0,0.0,0.0,0.0,0.0,0.03,0,0,0,0,0,0,0,0,0,0,0,0,0,0,0,0,0,0,0,0,0
9.815296649932861,9.0,0.0,0.0,0.0,0.0,0.0,0.0,0.0,0.0,0.03,0,0,0,0,0,0,0,0,0,0,0,0,0,0,0,0,0,0,0,0,0
9.816389083862305,9.0,0.0,0.0,0.0,0.0,0.0,0.0,0.0,0.0,0.03,0,0,0,0,0,0,0,0,0,0,0,0,0,0,0,0,0,0,0,0,0
9.817499160766602,9.0,0.0,0.0,0.0,0.0,0.0,0.0,0.0,0.0,0.03,0,0,0,0,0,0,0,0,0,0,0,0,0,0,0,0,0,0,0,0,0
9.819485425949097,9.0,0.0,0.0,0.0,0.0,0.0,0.0,0.0,0.0,0.03,0,0,0,0,0,0,0,0,0,0,0,0,0,0,0,0,0,0,0,0,0
9.820671081542969,9.0,0.0,0.0,0.0,0.0,0.0,0.0,0.0,0.0,0.03,0,0,0,0,0,0,0,0,0,0,0,0,0,0,0,0,0,0,0,0,0
9.821916103363037,9.0,0.0,0.0,0.0,0.0,0.0,0.0,0.0,0.0,0.03,0,0,0,0,0,0,0,0,0,0,0,0,0,0,0,0,0,0,0,0,0
9.824638366699219,9.0,0.0,0.0,0.0,0.0,0.0,0.0,0.0,0.0,0.03,0,0,0,0,0,0,0,0,0,0,0,0,0,0,0,0,0,0,0,0,0
9.825913190841675,9.0,0.0,0.0,0.0,0.0,0.0,0.0,0.0,0.0,0.03,0,0,0,0,0,0,0,0,0,0,0,0,0,0,0,0,0,0,0,0,0
9.827261924743652,9.0,0.0,0.0,0.0,0.0,0.0,0.0,0.0,0.0,0.03,0,0,0,0,0,0,0,0,0,0,0,0,0,0,0,0,0,0,0,0,0
9.828669786453247,9.0,0.0,0.0,0.0,0.0,0.0,0.0,0.0,0.0,0.03,0,0,0,0,0,0,0,0,0,0,0,0,0,0,0,0,0,0,0,0,0
9.830333709716797,9.0,0.0,0.0,0.0,0.0,0.0,0.0,0.0,0.0,0.03,0,0,0,0,0,0,0,0,0,0,0,0,0,0,0,0,0,0,0,0,0
9.831988334655762,9.0,0.0,0.0,0.0,0.0,0.0,0.0,0.0,0.0,0.03,0,0,0,0,0,0,0,0,0,0,0,0,0,0,0,0,0,0,0,0,0
9.833603858947754,9.0,0.0,0.0,0.0,0.0,0.0,0.0,0.0,0.0,0.03,0,0,0,0,0,0,0,0,0,0,0,0,0,0,0,0,0,0,0,0,0
9.83497953414917,9.0,0.0,0.0,0.0,0.0,0.0,0.0,0.0,0.0,0.03,0,0,0,0,0,0,0,0,0,0,0,0,0,0,0,0,0,0,0,0,0
9.836065769195557,9.0,0.0,0.0,0.0,0.0,0.0,0.0,0.0,0.0,0.03,0,0,0,0,0,0,0,0,0,0,0,0,0,0,0,0,0,0,0,0,0
9.837223768234253,9.0,0.0,0.0,0.0,0.0,0.0,0.0,0.0,0.0,0.03,0,0,0,0,0,0,0,0,0,0,0,0,0,0,0,0,0,0,0,0,0
9.838409900665283,9.0,0.0,0.0,0.0,0.0,0.0,0.0,0.0,0.0,0.03,0,0,0,0,0,0,0,0,0,0,0,0,0,0,0,0,0,0,0,0,0
9.83948826789856,9.0,0.0,0.0,0.0,0.0,0.0,0.0,0.0,0.0,0.03,0,0,0,0,0,0,0,0,0,0,0,0,0,0,0,0,0,0,0,0,0
9.840703964233398,9.0,0.0,0.0,0.0,0.0,0.0,0.0,0.0,0.0,0.03,0,0,0,0,0,0,0,0,0,0,0,0,0,0,0,0,0,0,0,0,0
9.841921091079712,9.0,0.0,0.0,0.0,0.0,0.0,0.0,0.0,0.0,0.03,0,0,0,0,0,0,0,0,0,0,0,0,0,0,0,0,0,0,0,0,0
9.843067646026611,9.0,0.0,0.0,0.0,0.0,0.0,0.0,0.0,0.0,0.03,0,0,0,0,0,0,0,0,0,0,0,0,0,0,0,0,0,0,0,0,0
9.844157934188843,9.0,0.0,0.0,0.0,0.0,0.0,0.0,0.0,0.0,0.03,0,0,0,0,0,0,0,0,0,0,0,0,0,0,0,0,0,0,0,0,0
9.845272779464722,9.0,0.0,0.0,0.0,0.0,0.0,0.0,0.0,0.0,0.03,0,0,0,0,0,0,0,0,0,0,0,0,0,0,0,0,0,0,0,0,0
9.846356391906738,9.0,0.0,0.0,0.0,0.0,0.0,0.0,0.0,0.0,0.03,0,0,0,0,0,0,0,0,0,0,0,0,0,0,0,0,0,0,0,0,0
9.847633600234985,9.0,0.0,0.0,0.0,0.0,0.0,0.0,0.0,0.0,0.03,0,0,0,0,0,0,0,0,0,0,0,0,0,0,0,0,0,0,0,0,0
9.850028991699219,9.0,0.0,0.0,0.0,0.0,0.0,0.0,0.0,0.0,0.03,0,0,0,0,0,0,0,0,0,0,0,0,0,0,0,0,0,0,0,0,0
9.851608991622925,9.0,0.0,0.0,0.0,0.0,0.0,0.0,0.0,0.0,0.03,0,0,0,0,0,0,0,0,0,0,0,0,0,0,0,0,0,0,0,0,0
9.85319995880127,9.0,0.0,0.0,0.0,0.0,0.0,0.0,0.0,0.0,0.03,0,0,0,0,0,0,0,0,0,0,0,0,0,0,0,0,0,0,0,0,0
9.854387044906616,9.0,0.0,0.0,0.0,0.0,0.0,0.0,0.0,0.0,0.03,0,0,0,0,0,0,0,0,0,0,0,0,0,0,0,0,0,0,0,0,0
9.855709314346313,9.0,0.0,0.0,0.0,0.0,0.0,0.0,0.0,0.0,0.03,0,0,0,0,0,0,0,0,0,0,0,0,0,0,0,0,0,0,0,0,0
9.856946468353271,9.0,0.0,0.0,0.0,0.0,0.0,0.0,0.0,0.0,0.03,0,0,0,0,0,0,0,0,0,0,0,0,0,0,0,0,0,0,0,0,0
9.858309030532837,9.0,0.0,0.0,0.0,0.0,0.0,0.0,0.0,0.0,0.03,0,0,0,0,0,0,0,0,0,0,0,0,0,0,0,0,0,0,0,0,0
9.860471248626709,9.0,0.0,0.0,0.0,0.0,0.0,0.0,0.0,0.0,0.03,0,0,0,0,0,0,0,0,0,0,0,0,0,0,0,0,0,0,0,0,0
9.86191439628601,9.0,0.0,0.0,0.0,0.0,0.0,0.0,0.0,0.0,0.03,0,0,0,0,0,0,0,0,0,0,0,0,0,0,0,0,0,0,0,0,0
9.863093376159668,9.0,0.0,0.0,0.0,0.0,0.0,0.0,0.0,0.0,0.03,0,0,0,0,0,0,0,0,0,0,0,0,0,0,0,0,0,0,0,0,0
9.864176034927368,9.0,0.0,0.0,0.0,0.0,0.0,0.0,0.0,0.0,0.03,0,0,0,0,0,0,0,0,0,0,0,0,0,0,0,0,0,0,0,0,0
9.865399599075317,9.0,0.0,0.0,0.0,0.0,0.0,0.0,0.0,0.0,0.03,0,0,0,0,0,0,0,0,0,0,0,0,0,0,0,0,0,0,0,0,0
9.86648416519165,9.0,0.0,0.0,0.0,0.0,0.0,0.0,0.0,0.0,0.03,0,0,0,0,0,0,0,0,0,0,0,0,0,0,0,0,0,0,0,0,0
9.868253946304321,9.0,0.0,0.0,0.0,0.0,0.0,0.0,0.0,0.0,0.03,0,0,0,0,0,0,0,0,0,0,0,0,0,0,0,0,0,0,0,0,0
9.86979866027832,9.0,0.0,0.0,0.0,0.0,0.0,0.0,0.0,0.0,0.03,0,0,0,0,0,0,0,0,0,0,0,0,0,0,0,0,0,0,0,0,0
9.87135934829712,9.0,0.0,0.0,0.0,0.0,0.0,0.0,0.0,0.0,0.03,0,0,0,0,0,0,0,0,0,0,0,0,0,0,0,0,0,0,0,0,0
9.87258529663086,9.0,0.0,0.0,0.0,0.0,0.0,0.0,0.0,0.0,0.03,0,0,0,0,0,0,0,0,0,0,0,0,0,0,0,0,0,0,0,0,0
9.873712301254272,9.0,0.0,0.0,0.0,0.0,0.0,0.0,0.0,0.0,0.03,0,0,0,0,0,0,0,0,0,0,0,0,0,0,0,0,0,0,0,0,0
9.875176668167114,9.0,0.0,0.0,0.0,0.0,0.0,0.0,0.0,0.0,0.03,0,0,0,0,0,0,0,0,0,0,0,0,0,0,0,0,0,0,0,0,0
9.876877784729004,9.0,0.0,0.0,0.0,0.0,0.0,0.0,0.0,0.0,0.03,0,0,0,0,0,0,0,0,0,0,0,0,0,0,0,0,0,0,0,0,0
9.878174066543579,9.0,0.0,0.0,0.0,0.0,0.0,0.0,0.0,0.0,0.03,0,0,0,0,0,0,0,0,0,0,0,0,0,0,0,0,0,0,0,0,0
9.879454851150513,9.0,0.0,0.0,0.0,0.0,0.0,0.0,0.0,0.0,0.03,0,0,0,0,0,0,0,0,0,0,0,0,0,0,0,0,0,0,0,0,0
9.880846977233887,9.0,0.0,0.0,0.0,0.0,0.0,0.0,0.0,0.0,0.03,0,0,0,0,0,0,0,0,0,0,0,0,0,0,0,0,0,0,0,0,0
9.882152318954468,9.0,0.0,0.0,0.0,0.0,0.0,0.0,0.0,0.0,0.03,0,0,0,0,0,0,0,0,0,0,0,0,0,0,0,0,0,0,0,0,0
9.88659143447876,9.0,0.0,0.0,0.0,0.0,0.0,0.0,0.0,0.0,0.03,0,0,0,0,0,0,0,0,0,0,0,0,0,0,0,0,0,0,0,0,0
9.887797355651855,9.0,0.0,0.0,0.0,0.0,0.0,0.0,0.0,0.0,0.03,0,0,0,0,0,0,0,0,0,0,0,0,0,0,0,0,0,0,0,0,0
9.892008066177368,9.0,0.0,0.0,0.0,0.0,0.0,0.0,0.0,0.0,0.03,0,0,0,0,0,0,0,0,0,0,0,0,0,0,0,0,0,0,0,0,0
9.893402576446533,9.0,0.0,0.0,0.0,0.0,0.0,0.0,0.0,0.0,0.03,0,0,0,0,0,0,0,0,0,0,0,0,0,0,0,0,0,0,0,0,0
9.89589238166809,9.0,0.0,0.0,0.0,0.0,0.0,0.0,0.0,0.0,0.03,0,0,0,0,0,0,0,0,0,0,0,0,0,0,0,0,0,0,0,0,0
9.89714789390564,9.0,0.0,0.0,0.0,0.0,0.0,0.0,0.0,0.0,0.03,0,0,0,0,0,0,0,0,0,0,0,0,0,0,0,0,0,0,0,0,0
9.898523569107056,9.0,0.0,0.0,0.0,0.0,0.0,0.0,0.0,0.0,0.03,0,0,0,0,0,0,0,0,0,0,0,0,0,0,0,0,0,0,0,0,0
9.900176048278809,9.0,0.0,0.0,0.0,0.0,0.0,0.0,0.0,0.0,0.03,0,0,0,0,0,0,0,0,0,0,0,0,0,0,0,0,0,0,0,0,0
9.901444911956787,9.0,0.0,0.0,0.0,0.0,0.0,0.0,0.0,0.0,0.03,0,0,0,0,0,0,0,0,0,0,0,0,0,0,0,0,0,0,0,0,0
9.902891635894775,9.0,0.0,0.0,0.0,0.0,0.0,0.0,0.0,0.0,0.03,0,0,0,0,0,0,0,0,0,0,0,0,0,0,0,0,0,0,0,0,0
9.903978824615479,9.0,0.0,0.0,0.0,0.0,0.0,0.0,0.0,0.0,0.03,0,0,0,0,0,0,0,0,0,0,0,0,0,0,0,0,0,0,0,0,0
9.905147075653076,9.0,0.0,0.0,0.0,0.0,0.0,0.0,0.0,0.0,0.03,0,0,0,0,0,0,0,0,0,0,0,0,0,0,0,0,0,0,0,0,0
9.906277894973755,9.0,0.0,0.0,0.0,0.0,0.0,0.0,0.0,0.0,0.03,0,0,0,0,0,0,0,0,0,0,0,0,0,0,0,0,0,0,0,0,0
9.907375574111938,9.0,0.0,0.0,0.0,0.0,0.0,0.0,0.0,0.0,0.03,0,0,0,0,0,0,0,0,0,0,0,0,0,0,0,0,0,0,0,0,0
9.908543348312378,9.0,0.0,0.0,0.0,0.0,0.0,0.0,0.0,0.0,0.03,0,0,0,0,0,0,0,0,0,0,0,0,0,0,0,0,0,0,0,0,0
9.909923315048218,9.0,0.0,0.0,0.0,0.0,0.0,0.0,0.0,0.0,0.03,0,0,0,0,0,0,0,0,0,0,0,0,0,0,0,0,0,0,0,0,0
9.911150217056274,9.0,0.0,0.0,0.0,0.0,0.0,0.0,0.0,0.0,0.03,0,0,0,0,0,0,0,0,0,0,0,0,0,0,0,0,0,0,0,0,0
9.91315746307373,9.0,0.0,0.0,0.0,0.0,0.0,0.0,0.0,0.0,0.03,0,0,0,0,0,0,0,0,0,0,0,0,0,0,0,0,0,0,0,0,0
9.915521144866943,9.0,0.0,0.0,0.0,0.0,0.0,0.0,0.0,0.0,0.03,0,0,0,0,0,0,0,0,0,0,0,0,0,0,0,0,0,0,0,0,0
9.916762828826904,9.0,0.0,0.0,0.0,0.0,0.0,0.0,0.0,0.0,0.03,0,0,0,0,0,0,0,0,0,0,0,0,0,0,0,0,0,0,0,0,0
9.918408155441284,9.0,0.0,0.0,0.0,0.0,0.0,0.0,0.0,0.0,0.03,0,0,0,0,0,0,0,0,0,0,0,0,0,0,0,0,0,0,0,0,0
9.919641256332397,9.0,0.0,0.0,0.0,0.0,0.0,0.0,0.0,0.0,0.03,0,0,0,0,0,0,0,0,0,0,0,0,0,0,0,0,0,0,0,0,0
9.921157836914062,9.0,0.0,0.0,0.0,0.0,0.0,0.0,0.0,0.0,0.03,0,0,0,0,0,0,0,0,0,0,0,0,0,0,0,0,0,0,0,0,0
9.922938823699951,9.0,0.0,0.0,0.0,0.0,0.0,0.0,0.0,0.0,0.03,0,0,0,0,0,0,0,0,0,0,0,0,0,0,0,0,0,0,0,0,0
9.924079418182373,9.0,0.0,0.0,0.0,0.0,0.0,0.0,0.0,0.0,0.03,0,0,0,0,0,0,0,0,0,0,0,0,0,0,0,0,0,0,0,0,0
9.92531132698059,9.0,0.0,0.0,0.0,0.0,0.0,0.0,0.0,0.0,0.03,0,0,0,0,0,0,0,0,0,0,0,0,0,0,0,0,0,0,0,0,0
9.926399946212769,9.0,0.0,0.0,0.0,0.0,0.0,0.0,0.0,0.0,0.03,0,0,0,0,0,0,0,0,0,0,0,0,0,0,0,0,0,0,0,0,0
9.927531719207764,9.0,0.0,0.0,0.0,0.0,0.0,0.0,0.0,0.0,0.03,0,0,0,0,0,0,0,0,0,0,0,0,0,0,0,0,0,0,0,0,0
9.928755283355713,9.0,0.0,0.0,0.0,0.0,0.0,0.0,0.0,0.0,0.03,0,0,0,0,0,0,0,0,0,0,0,0,0,0,0,0,0,0,0,0,0
9.929826259613037,9.0,0.0,0.0,0.0,0.0,0.0,0.0,0.0,0.0,0.03,0,0,0,0,0,0,0,0,0,0,0,0,0,0,0,0,0,0,0,0,0
9.931860446929932,9.0,0.0,0.0,0.0,0.0,0.0,0.0,0.0,0.0,0.03,0,0,0,0,0,0,0,0,0,0,0,0,0,0,0,0,0,0,0,0,0
9.934925556182861,9.0,0.0,0.0,0.0,0.0,0.0,0.0,0.0,0.0,0.03,0,0,0,0,0,0,0,0,0,0,0,0,0,0,0,0,0,0,0,0,0
9.936113119125366,9.0,0.0,0.0,0.0,0.0,0.0,0.0,0.0,0.0,0.03,0,0,0,0,0,0,0,0,0,0,0,0,0,0,0,0,0,0,0,0,0
9.937545537948608,9.0,0.0,0.0,0.0,0.0,0.0,0.0,0.0,0.0,0.03,0,0,0,0,0,0,0,0,0,0,0,0,0,0,0,0,0,0,0,0,0
9.93885350227356,9.0,0.0,0.0,0.0,0.0,0.0,0.0,0.0,0.0,0.03,0,0,0,0,0,0,0,0,0,0,0,0,0,0,0,0,0,0,0,0,0
9.940004825592041,9.0,0.0,0.0,0.0,0.0,0.0,0.0,0.0,0.0,0.03,0,0,0,0,0,0,0,0,0,0,0,0,0,0,0,0,0,0,0,0,0
9.941211938858032,9.0,0.0,0.0,0.0,0.0,0.0,0.0,0.0,0.0,0.03,0,0,0,0,0,0,0,0,0,0,0,0,0,0,0,0,0,0,0,0,0
9.942496061325073,9.0,0.0,0.0,0.0,0.0,0.0,0.0,0.0,0.0,0.03,0,0,0,0,0,0,0,0,0,0,0,0,0,0,0,0,0,0,0,0,0
9.943898916244507,9.0,0.0,0.0,0.0,0.0,0.0,0.0,0.0,0.0,0.03,0,0,0,0,0,0,0,0,0,0,0,0,0,0,0,0,0,0,0,0,0
9.947292804718018,9.0,0.0,0.0,0.0,0.0,0.0,0.0,0.0,0.0,0.03,0,0,0,0,0,0,0,0,0,0,0,0,0,0,0,0,0,0,0,0,0
9.948386669158936,9.0,0.0,0.0,0.0,0.0,0.0,0.0,0.0,0.0,0.03,0,0,0,0,0,0,0,0,0,0,0,0,0,0,0,0,0,0,0,0,0
9.949727058410645,9.0,0.0,0.0,0.0,0.0,0.0,0.0,0.0,0.0,0.03,0,0,0,0,0,0,0,0,0,0,0,0,0,0,0,0,0,0,0,0,0
9.951536655426025,9.0,0.0,0.0,0.0,0.0,0.0,0.0,0.0,0.0,0.03,0,0,0,0,0,0,0,0,0,0,0,0,0,0,0,0,0,0,0,0,0
9.952744007110596,9.0,0.0,0.0,0.0,0.0,0.0,0.0,0.0,0.0,0.03,0,0,0,0,0,0,0,0,0,0,0,0,0,0,0,0,0,0,0,0,0
9.954370975494385,9.0,0.0,0.0,0.0,0.0,0.0,0.0,0.0,0.0,0.03,0,0,0,0,0,0,0,0,0,0,0,0,0,0,0,0,0,0,0,0,0
9.955642700195312,9.0,0.0,0.0,0.0,0.0,0.0,0.0,0.0,0.0,0.03,0,0,0,0,0,0,0,0,0,0,0,0,0,0,0,0,0,0,0,0,0
9.956943988800049,9.0,0.0,0.0,0.0,0.0,0.0,0.0,0.0,0.0,0.03,0,0,0,0,0,0,0,0,0,0,0,0,0,0,0,0,0,0,0,0,0
9.958823680877686,9.0,0.0,0.0,0.0,0.0,0.0,0.0,0.0,0.0,0.03,0,0,0,0,0,0,0,0,0,0,0,0,0,0,0,0,0,0,0,0,0
9.9599609375,9.0,0.0,0.0,0.0,0.0,0.0,0.0,0.0,0.0,0.03,0,0,0,0,0,0,0,0,0,0,0,0,0,0,0,0,0,0,0,0,0
9.961203575134277,9.0,0.0,0.0,0.0,0.0,0.0,0.0,0.0,0.0,0.03,0,0,0,0,0,0,0,0,0,0,0,0,0,0,0,0,0,0,0,0,0
9.962405443191528,9.0,0.0,0.0,0.0,0.0,0.0,0.0,0.0,0.0,0.03,0,0,0,0,0,0,0,0,0,0,0,0,0,0,0,0,0,0,0,0,0
9.964072704315186,9.0,0.0,0.0,0.0,0.0,0.0,0.0,0.0,0.0,0.03,0,0,0,0,0,0,0,0,0,0,0,0,0,0,0,0,0,0,0,0,0
9.965407848358154,9.0,0.0,0.0,0.0,0.0,0.0,0.0,0.0,0.0,0.03,0,0,0,0,0,0,0,0,0,0,0,0,0,0,0,0,0,0,0,0,0
9.966552734375,9.0,0.0,0.0,0.0,0.0,0.0,0.0,0.0,0.0,0.03,0,0,0,0,0,0,0,0,0,0,0,0,0,0,0,0,0,0,0,0,0
9.967721462249756,9.0,0.0,0.0,0.0,0.0,0.0,0.0,0.0,0.0,0.03,0,0,0,0,0,0,0,0,0,0,0,0,0,0,0,0,0,0,0,0,0
9.96883749961853,9.0,0.0,0.0,0.0,0.0,0.0,0.0,0.0,0.0,0.03,0,0,0,0,0,0,0,0,0,0,0,0,0,0,0,0,0,0,0,0,0
9.96996521949768,9.0,0.0,0.0,0.0,0.0,0.0,0.0,0.0,0.0,0.03,0,0,0,0,0,0,0,0,0,0,0,0,0,0,0,0,0,0,0,0,0
9.971227645874023,9.0,0.0,0.0,0.0,0.0,0.0,0.0,0.0,0.0,0.03,0,0,0,0,0,0,0,0,0,0,0,0,0,0,0,0,0,0,0,0,0
9.972392320632935,9.0,0.0,0.0,0.0,0.0,0.0,0.0,0.0,0.0,0.03,0,0,0,0,0,0,0,0,0,0,0,0,0,0,0,0,0,0,0,0,0
9.973931789398193,9.0,0.0,0.0,0.0,0.0,0.0,0.0,0.0,0.0,0.03,0,0,0,0,0,0,0,0,0,0,0,0,0,0,0,0,0,0,0,0,0
9.97556209564209,9.0,0.0,0.0,0.0,0.0,0.0,0.0,0.0,0.0,0.03,0,0,0,0,0,0,0,0,0,0,0,0,0,0,0,0,0,0,0,0,0
9.978193998336792,9.0,0.0,0.0,0.0,0.0,0.0,0.0,0.0,0.0,0.03,0,0,0,0,0,0,0,0,0,0,0,0,0,0,0,0,0,0,0,0,0
9.97932505607605,9.0,0.0,0.0,0.0,0.0,0.0,0.0,0.0,0.0,0.03,0,0,0,0,0,0,0,0,0,0,0,0,0,0,0,0,0,0,0,0,0
9.980425834655762,9.0,0.0,0.0,0.0,0.0,0.0,0.0,0.0,0.0,0.03,0,0,0,0,0,0,0,0,0,0,0,0,0,0,0,0,0,0,0,0,0
9.981563329696655,9.0,0.0,0.0,0.0,0.0,0.0,0.0,0.0,0.0,0.03,0,0,0,0,0,0,0,0,0,0,0,0,0,0,0,0,0,0,0,0,0
9.983520746231079,9.0,0.0,0.0,0.0,0.0,0.0,0.0,0.0,0.0,0.03,0,0,0,0,0,0,0,0,0,0,0,0,0,0,0,0,0,0,0,0,0
9.984758377075195,9.0,0.0,0.0,0.0,0.0,0.0,0.0,0.0,0.0,0.03,0,0,0,0,0,0,0,0,0,0,0,0,0,0,0,0,0,0,0,0,0
9.985888957977295,9.0,0.0,0.0,0.0,0.0,0.0,0.0,0.0,0.0,0.03,0,0,0,0,0,0,0,0,0,0,0,0,0,0,0,0,0,0,0,0,0
9.987616062164307,9.0,0.0,0.0,0.0,0.0,0.0,0.0,0.0,0.0,0.03,0,0,0,0,0,0,0,0,0,0,0,0,0,0,0,0,0,0,0,0,0
9.988797187805176,9.0,0.0,0.0,0.0,0.0,0.0,0.0,0.0,0.0,0.03,0,0,0,0,0,0,0,0,0,0,0,0,0,0,0,0,0,0,0,0,0
9.989856243133545,9.0,0.0,0.0,0.0,0.0,0.0,0.0,0.0,0.0,0.03,0,0,0,0,0,0,0,0,0,0,0,0,0,0,0,0,0,0,0,0,0
9.991007804870605,9.0,0.0,0.0,0.0,0.0,0.0,0.0,0.0,0.0,0.03,0,0,0,0,0,0,0,0,0,0,0,0,0,0,0,0,0,0,0,0,0
9.992167949676514,9.0,0.0,0.0,0.0,0.0,0.0,0.0,0.0,0.0,0.03,0,0,0,0,0,0,0,0,0,0,0,0,0,0,0,0,0,0,0,0,0
9.993957757949829,9.0,0.0,0.0,0.0,0.0,0.0,0.0,0.0,0.0,0.03,0,0,0,0,0,0,0,0,0,0,0,0,0,0,0,0,0,0,0,0,0
9.995304107666016,9.0,0.0,0.0,0.0,0.0,0.0,0.0,0.0,0.0,0.03,0,0,0,0,0,0,0,0,0,0,0,0,0,0,0,0,0,0,0,0,0
9.997936248779297,9.0,0.0,0.0,0.0,0.0,0.0,0.0,0.0,0.0,0.03,0,0,0,0,0,0,0,0,0,0,0,0,0,0,0,0,0,0,0,0,0
9.999137163162231,9.0,0.0,0.0,0.0,0.0,0.0,0.0,0.0,0.0,0.03,0,0,0,0,0,0,0,0,0,0,0,0,0,0,0,0,0,0,0,0,0
10.000648975372314,9.0,0.0,0.0,0.0,0.0,0.0,0.0,0.0,0.0,0.03,0,0,0,0,0,0,0,0,0,0,0,0,0,0,0,0,0,0,0,0,0
10.002724885940552,9.0,0.0,0.0,0.0,0.0,0.0,0.0,0.0,0.0,0.03,0,0,0,0,0,0,0,0,0,0,0,0,0,0,0,0,0,0,0,0,0
10.003864765167236,9.0,0.0,0.0,0.0,0.0,0.0,0.0,0.0,0.0,0.03,0,0,0,0,0,0,0,0,0,0,0,0,0,0,0,0,0,0,0,0,0
10.00529956817627,9.0,0.0,0.0,0.0,0.0,0.0,0.0,0.0,0.0,0.03,0,0,0,0,0,0,0,0,0,0,0,0,0,0,0,0,0,0,0,0,0
10.006937503814697,9.0,0.0,0.0,0.0,0.0,0.0,0.0,0.0,0.0,0.03,0,0,0,0,0,0,0,0,0,0,0,0,0,0,0,0,0,0,0,0,0
10.007996082305908,9.0,0.0,0.0,0.0,0.0,0.0,0.0,0.0,0.0,0.03,0,0,0,0,0,0,0,0,0,0,0,0,0,0,0,0,0,0,0,0,0
10.00973629951477,9.0,0.0,0.0,0.0,0.0,0.0,0.0,0.0,0.0,0.03,0,0,0,0,0,0,0,0,0,0,0,0,0,0,0,0,0,0,0,0,0
10.011375188827515,9.0,0.0,0.0,0.0,0.0,0.0,0.0,0.0,0.0,0.03,0,0,0,0,0,0,0,0,0,0,0,0,0,0,0,0,0,0,0,0,0
10.013264656066895,9.0,0.0,0.0,0.0,0.0,0.0,0.0,0.0,0.0,0.03,0,0,0,0,0,0,0,0,0,0,0,0,0,0,0,0,0,0,0,0,0
10.01455283164978,9.0,0.0,0.0,0.0,0.0,0.0,0.0,0.0,0.0,0.03,0,0,0,0,0,0,0,0,0,0,0,0,0,0,0,0,0,0,0,0,0
10.016355276107788,9.0,0.0,0.0,0.0,0.0,0.0,0.0,0.0,0.0,0.03,0,0,0,0,0,0,0,0,0,0,0,0,0,0,0,0,0,0,0,0,0
10.01888394355774,9.0,0.0,0.0,0.0,0.0,0.0,0.0,0.0,0.0,0.03,0,0,0,0,0,0,0,0,0,0,0,0,0,0,0,0,0,0,0,0,0
10.0202157497406,9.0,0.0,0.0,0.0,0.0,0.0,0.0,0.0,0.0,0.03,0,0,0,0,0,0,0,0,0,0,0,0,0,0,0,0,0,0,0,0,0
10.022260427474976,9.0,0.0,0.0,0.0,0.0,0.0,0.0,0.0,0.0,0.03,0,0,0,0,0,0,0,0,0,0,0,0,0,0,0,0,0,0,0,0,0
10.023390531539917,9.0,0.0,0.0,0.0,0.0,0.0,0.0,0.0,0.0,0.03,0,0,0,0,0,0,0,0,0,0,0,0,0,0,0,0,0,0,0,0,0
10.02453088760376,9.0,0.0,0.0,0.0,0.0,0.0,0.0,0.0,0.0,0.03,0,0,0,0,0,0,0,0,0,0,0,0,0,0,0,0,0,0,0,0,0
10.02574610710144,9.0,0.0,0.0,0.0,0.0,0.0,0.0,0.0,0.0,0.03,0,0,0,0,0,0,0,0,0,0,0,0,0,0,0,0,0,0,0,0,0
10.02754282951355,9.0,0.0,0.0,0.0,0.0,0.0,0.0,0.0,0.0,0.03,0,0,0,0,0,0,0,0,0,0,0,0,0,0,0,0,0,0,0,0,0
10.028723955154419,9.0,0.0,0.0,0.0,0.0,0.0,0.0,0.0,0.0,0.03,0,0,0,0,0,0,0,0,0,0,0,0,0,0,0,0,0,0,0,0,0
10.029815912246704,9.0,0.0,0.0,0.0,0.0,0.0,0.0,0.0,0.0,0.03,0,0,0,0,0,0,0,0,0,0,0,0,0,0,0,0,0,0,0,0,0
10.030898094177246,9.0,0.0,0.0,0.0,0.0,0.0,0.0,0.0,0.0,0.03,0,0,0,0,0,0,0,0,0,0,0,0,0,0,0,0,0,0,0,0,0
10.032002210617065,9.0,0.0,0.0,0.0,0.0,0.0,0.0,0.0,0.0,0.03,0,0,0,0,0,0,0,0,0,0,0,0,0,0,0,0,0,0,0,0,0
10.033159732818604,9.0,0.0,0.0,0.0,0.0,0.0,0.0,0.0,0.0,0.03,0,0,0,0,0,0,0,0,0,0,0,0,0,0,0,0,0,0,0,0,0
10.034446716308594,9.0,0.0,0.0,0.0,0.0,0.0,0.0,0.0,0.0,0.03,0,0,0,0,0,0,0,0,0,0,0,0,0,0,0,0,0,0,0,0,0
10.035701274871826,9.0,0.0,0.0,0.0,0.0,0.0,0.0,0.0,0.0,0.03,0,0,0,0,0,0,0,0,0,0,0,0,0,0,0,0,0,0,0,0,0
10.03705382347107,9.0,0.0,0.0,0.0,0.0,0.0,0.0,0.0,0.0,0.03,0,0,0,0,0,0,0,0,0,0,0,0,0,0,0,0,0,0,0,0,0
10.03842043876648,9.0,0.0,0.0,0.0,0.0,0.0,0.0,0.0,0.0,0.03,0,0,0,0,0,0,0,0,0,0,0,0,0,0,0,0,0,0,0,0,0
10.039805173873901,9.0,0.0,0.0,0.0,0.0,0.0,0.0,0.0,0.0,0.03,0,0,0,0,0,0,0,0,0,0,0,0,0,0,0,0,0,0,0,0,0
10.042365312576294,9.0,0.0,0.0,0.0,0.0,0.0,0.0,0.0,0.0,0.03,0,0,0,0,0,0,0,0,0,0,0,0,0,0,0,0,0,0,0,0,0
10.043660640716553,9.0,0.0,0.0,0.0,0.0,0.0,0.0,0.0,0.0,0.03,0,0,0,0,0,0,0,0,0,0,0,0,0,0,0,0,0,0,0,0,0
10.045077562332153,9.0,0.0,0.0,0.0,0.0,0.0,0.0,0.0,0.0,0.03,0,0,0,0,0,0,0,0,0,0,0,0,0,0,0,0,0,0,0,0,0
10.046947240829468,9.0,0.0,0.0,0.0,0.0,0.0,0.0,0.0,0.0,0.03,0,0,0,0,0,0,0,0,0,0,0,0,0,0,0,0,0,0,0,0,0
10.048355102539062,9.0,0.0,0.0,0.0,0.0,0.0,0.0,0.0,0.0,0.03,0,0,0,0,0,0,0,0,0,0,0,0,0,0,0,0,0,0,0,0,0
10.049711227416992,9.0,0.0,0.0,0.0,0.0,0.0,0.0,0.0,0.0,0.03,0,0,0,0,0,0,0,0,0,0,0,0,0,0,0,0,0,0,0,0,0
10.051112413406372,9.0,0.0,0.0,0.0,0.0,0.0,0.0,0.0,0.0,0.03,0,0,0,0,0,0,0,0,0,0,0,0,0,0,0,0,0,0,0,0,0
10.05278491973877,9.0,0.0,0.0,0.0,0.0,0.0,0.0,0.0,0.0,0.03,0,0,0,0,0,0,0,0,0,0,0,0,0,0,0,0,0,0,0,0,0
10.053844690322876,9.0,0.0,0.0,0.0,0.0,0.0,0.0,0.0,0.0,0.03,0,0,0,0,0,0,0,0,0,0,0,0,0,0,0,0,0,0,0,0,0
10.055033922195435,9.0,0.0,0.0,0.0,0.0,0.0,0.0,0.0,0.0,0.03,0,0,0,0,0,0,0,0,0,0,0,0,0,0,0,0,0,0,0,0,0
10.056190490722656,9.0,0.0,0.0,0.0,0.0,0.0,0.0,0.0,0.0,0.03,0,0,0,0,0,0,0,0,0,0,0,0,0,0,0,0,0,0,0,0,0
10.0575270652771,9.0,0.0,0.0,0.0,0.0,0.0,0.0,0.0,0.0,0.03,0,0,0,0,0,0,0,0,0,0,0,0,0,0,0,0,0,0,0,0,0
10.058614015579224,9.0,0.0,0.0,0.0,0.0,0.0,0.0,0.0,0.0,0.03,0,0,0,0,0,0,0,0,0,0,0,0,0,0,0,0,0,0,0,0,0
10.060138702392578,9.0,0.0,0.0,0.0,0.0,0.0,0.0,0.0,0.0,0.03,0,0,0,0,0,0,0,0,0,0,0,0,0,0,0,0,0,0,0,0,0
10.061506986618042,9.0,0.0,0.0,0.0,0.0,0.0,0.0,0.0,0.0,0.03,0,0,0,0,0,0,0,0,0,0,0,0,0,0,0,0,0,0,0,0,0
10.062587261199951,9.0,0.0,0.0,0.0,0.0,0.0,0.0,0.0,0.0,0.03,0,0,0,0,0,0,0,0,0,0,0,0,0,0,0,0,0,0,0,0,0
10.0655038356781,9.0,0.0,0.0,0.0,0.0,0.0,0.0,0.0,0.0,0.03,0,0,0,0,0,0,0,0,0,0,0,0,0,0,0,0,0,0,0,0,0
10.066709995269775,9.0,0.0,0.0,0.0,0.0,0.0,0.0,0.0,0.0,0.03,0,0,0,0,0,0,0,0,0,0,0,0,0,0,0,0,0,0,0,0,0
10.068387269973755,9.0,0.0,0.0,0.0,0.0,0.0,0.0,0.0,0.0,0.03,0,0,0,0,0,0,0,0,0,0,0,0,0,0,0,0,0,0,0,0,0
10.069580078125,9.0,0.0,0.0,0.0,0.0,0.0,0.0,0.0,0.0,0.03,0,0,0,0,0,0,0,0,0,0,0,0,0,0,0,0,0,0,0,0,0
10.071549654006958,9.0,0.0,0.0,0.0,0.0,0.0,0.0,0.0,0.0,0.03,0,0,0,0,0,0,0,0,0,0,0,0,0,0,0,0,0,0,0,0,0
10.073253631591797,9.0,0.0,0.0,0.0,0.0,0.0,0.0,0.0,0.0,0.03,0,0,0,0,0,0,0,0,0,0,0,0,0,0,0,0,0,0,0,0,0
10.074343919754028,9.0,0.0,0.0,0.0,0.0,0.0,0.0,0.0,0.0,0.03,0,0,0,0,0,0,0,0,0,0,0,0,0,0,0,0,0,0,0,0,0
10.07744836807251,9.0,0.0,0.0,0.0,0.0,0.0,0.0,0.0,0.0,0.03,0,0,0,0,0,0,0,0,0,0,0,0,0,0,0,0,0,0,0,0,0
10.078826189041138,9.0,0.0,0.0,0.0,0.0,0.0,0.0,0.0,0.0,0.03,0,0,0,0,0,0,0,0,0,0,0,0,0,0,0,0,0,0,0,0,0
10.080216407775879,9.0,0.0,0.0,0.0,0.0,0.0,0.0,0.0,0.0,0.03,0,0,0,0,0,0,0,0,0,0,0,0,0,0,0,0,0,0,0,0,0
10.081996202468872,9.0,0.0,0.0,0.0,0.0,0.0,0.0,0.0,0.0,0.03,0,0,0,0,0,0,0,0,0,0,0,0,0,0,0,0,0,0,0,0,0
10.083841800689697,9.0,0.0,0.0,0.0,0.0,0.0,0.0,0.0,0.0,0.03,0,0,0,0,0,0,0,0,0,0,0,0,0,0,0,0,0,0,0,0,0
10.085675477981567,9.0,0.0,0.0,0.0,0.0,0.0,0.0,0.0,0.0,0.03,0,0,0,0,0,0,0,0,0,0,0,0,0,0,0,0,0,0,0,0,0
10.08696722984314,9.0,0.0,0.0,0.0,0.0,0.0,0.0,0.0,0.0,0.03,0,0,0,0,0,0,0,0,0,0,0,0,0,0,0,0,0,0,0,0,0
10.088167905807495,9.0,0.0,0.0,0.0,0.0,0.0,0.0,0.0,0.0,0.03,0,0,0,0,0,0,0,0,0,0,0,0,0,0,0,0,0,0,0,0,0
10.089283466339111,9.0,0.0,0.0,0.0,0.0,0.0,0.0,0.0,0.0,0.03,0,0,0,0,0,0,0,0,0,0,0,0,0,0,0,0,0,0,0,0,0
10.090679407119751,9.0,0.0,0.0,0.0,0.0,0.0,0.0,0.0,0.0,0.03,0,0,0,0,0,0,0,0,0,0,0,0,0,0,0,0,0,0,0,0,0
10.093100309371948,9.0,0.0,0.0,0.0,0.0,0.0,0.0,0.0,0.0,0.03,0,0,0,0,0,0,0,0,0,0,0,0,0,0,0,0,0,0,0,0,0
10.094162940979004,9.0,0.0,0.0,0.0,0.0,0.0,0.0,0.0,0.0,0.03,0,0,0,0,0,0,0,0,0,0,0,0,0,0,0,0,0,0,0,0,0
10.09566593170166,9.0,0.0,0.0,0.0,0.0,0.0,0.0,0.0,0.0,0.03,0,0,0,0,0,0,0,0,0,0,0,0,0,0,0,0,0,0,0,0,0
10.096904277801514,9.0,0.0,0.0,0.0,0.0,0.0,0.0,0.0,0.0,0.03,0,0,0,0,0,0,0,0,0,0,0,0,0,0,0,0,0,0,0,0,0
10.097997188568115,9.0,0.0,0.0,0.0,0.0,0.0,0.0,0.0,0.0,0.03,0,0,0,0,0,0,0,0,0,0,0,0,0,0,0,0,0,0,0,0,0
10.099339008331299,9.0,0.0,0.0,0.0,0.0,0.0,0.0,0.0,0.0,0.03,0,0,0,0,0,0,0,0,0,0,0,0,0,0,0,0,0,0,0,0,0
10.100461959838867,9.0,0.0,0.0,0.0,0.0,0.0,0.0,0.0,0.0,0.03,0,0,0,0,0,0,0,0,0,0,0,0,0,0,0,0,0,0,0,0,0
10.101944923400879,9.0,0.0,0.0,0.0,0.0,0.0,0.0,0.0,0.0,0.03,0,0,0,0,0,0,0,0,0,0,0,0,0,0,0,0,0,0,0,0,0
10.103089094161987,9.0,0.0,0.0,0.0,0.0,0.0,0.0,0.0,0.0,0.03,0,0,0,0,0,0,0,0,0,0,0,0,0,0,0,0,0,0,0,0,0
10.105690717697144,9.0,0.0,0.0,0.0,0.0,0.0,0.0,0.0,0.0,0.03,0,0,0,0,0,0,0,0,0,0,0,0,0,0,0,0,0,0,0,0,0
10.108177900314331,9.0,0.0,0.0,0.0,0.0,0.0,0.0,0.0,0.0,0.03,0,0,0,0,0,0,0,0,0,0,0,0,0,0,0,0,0,0,0,0,0
10.109603643417358,9.0,0.0,0.0,0.0,0.0,0.0,0.0,0.0,0.0,0.03,0,0,0,0,0,0,0,0,0,0,0,0,0,0,0,0,0,0,0,0,0
10.110798597335815,9.0,0.0,0.0,0.0,0.0,0.0,0.0,0.0,0.0,0.03,0,0,0,0,0,0,0,0,0,0,0,0,0,0,0,0,0,0,0,0,0
10.111904382705688,9.0,0.0,0.0,0.0,0.0,0.0,0.0,0.0,0.0,0.03,0,0,0,0,0,0,0,0,0,0,0,0,0,0,0,0,0,0,0,0,0
10.114176750183105,9.0,0.0,0.0,0.0,0.0,0.0,0.0,0.0,0.0,0.03,0,0,0,0,0,0,0,0,0,0,0,0,0,0,0,0,0,0,0,0,0
10.115463256835938,9.0,0.0,0.0,0.0,0.0,0.0,0.0,0.0,0.0,0.03,0,0,0,0,0,0,0,0,0,0,0,0,0,0,0,0,0,0,0,0,0
10.116717338562012,9.0,0.0,0.0,0.0,0.0,0.0,0.0,0.0,0.0,0.03,0,0,0,0,0,0,0,0,0,0,0,0,0,0,0,0,0,0,0,0,0
10.118225574493408,9.0,0.0,0.0,0.0,0.0,0.0,0.0,0.0,0.0,0.03,0,0,0,0,0,0,0,0,0,0,0,0,0,0,0,0,0,0,0,0,0
10.119394063949585,9.0,0.0,0.0,0.0,0.0,0.0,0.0,0.0,0.0,0.03,0,0,0,0,0,0,0,0,0,0,0,0,0,0,0,0,0,0,0,0,0
10.120452404022217,9.0,0.0,0.0,0.0,0.0,0.0,0.0,0.0,0.0,0.03,0,0,0,0,0,0,0,0,0,0,0,0,0,0,0,0,0,0,0,0,0
10.121623516082764,9.0,0.0,0.0,0.0,0.0,0.0,0.0,0.0,0.0,0.03,0,0,0,0,0,0,0,0,0,0,0,0,0,0,0,0,0,0,0,0,0
10.123082876205444,9.0,0.0,0.0,0.0,0.0,0.0,0.0,0.0,0.0,0.03,0,0,0,0,0,0,0,0,0,0,0,0,0,0,0,0,0,0,0,0,0
10.124475002288818,9.0,0.0,0.0,0.0,0.0,0.0,0.0,0.0,0.0,0.03,0,0,0,0,0,0,0,0,0,0,0,0,0,0,0,0,0,0,0,0,0
10.128062725067139,9.0,0.0,0.0,0.0,0.0,0.0,0.0,0.0,0.0,0.03,0,0,0,0,0,0,0,0,0,0,0,0,0,0,0,0,0,0,0,0,0
10.129179000854492,9.0,0.0,0.0,0.0,0.0,0.0,0.0,0.0,0.0,0.03,0,0,0,0,0,0,0,0,0,0,0,0,0,0,0,0,0,0,0,0,0
10.130447387695312,9.0,0.0,0.0,0.0,0.0,0.0,0.0,0.0,0.0,0.03,0,0,0,0,0,0,0,0,0,0,0,0,0,0,0,0,0,0,0,0,0
10.131539106369019,9.0,0.0,0.0,0.0,0.0,0.0,0.0,0.0,0.0,0.03,0,0,0,0,0,0,0,0,0,0,0,0,0,0,0,0,0,0,0,0,0
10.13268518447876,9.0,0.0,0.0,0.0,0.0,0.0,0.0,0.0,0.0,0.03,0,0,0,0,0,0,0,0,0,0,0,0,0,0,0,0,0,0,0,0,0
10.13470983505249,9.0,0.0,0.0,0.0,0.0,0.0,0.0,0.0,0.0,0.03,0,0,0,0,0,0,0,0,0,0,0,0,0,0,0,0,0,0,0,0,0
10.136553764343262,9.0,0.0,0.0,0.0,0.0,0.0,0.0,0.0,0.0,0.03,0,0,0,0,0,0,0,0,0,0,0,0,0,0,0,0,0,0,0,0,0
10.1378493309021,9.0,0.0,0.0,0.0,0.0,0.0,0.0,0.0,0.0,0.03,0,0,0,0,0,0,0,0,0,0,0,0,0,0,0,0,0,0,0,0,0
10.138936042785645,9.0,0.0,0.0,0.0,0.0,0.0,0.0,0.0,0.0,0.03,0,0,0,0,0,0,0,0,0,0,0,0,0,0,0,0,0,0,0,0,0
10.140392780303955,9.0,0.0,0.0,0.0,0.0,0.0,0.0,0.0,0.0,0.03,0,0,0,0,0,0,0,0,0,0,0,0,0,0,0,0,0,0,0,0,0
10.141515016555786,9.0,0.0,0.0,0.0,0.0,0.0,0.0,0.0,0.0,0.03,0,0,0,0,0,0,0,0,0,0,0,0,0,0,0,0,0,0,0,0,0
10.142690896987915,9.0,0.0,0.0,0.0,0.0,0.0,0.0,0.0,0.0,0.03,0,0,0,0,0,0,0,0,0,0,0,0,0,0,0,0,0,0,0,0,0
10.14389705657959,9.0,0.0,0.0,0.0,0.0,0.0,0.0,0.0,0.0,0.03,0,0,0,0,0,0,0,0,0,0,0,0,0,0,0,0,0,0,0,0,0
10.145254373550415,9.0,0.0,0.0,0.0,0.0,0.0,0.0,0.0,0.0,0.03,0,0,0,0,0,0,0,0,0,0,0,0,0,0,0,0,0,0,0,0,0
10.146630048751831,9.0,0.0,0.0,0.0,0.0,0.0,0.0,0.0,0.0,0.03,0,0,0,0,0,0,0,0,0,0,0,0,0,0,0,0,0,0,0,0,0
10.148591995239258,9.0,0.0,0.0,0.0,0.0,0.0,0.0,0.0,0.0,0.03,0,0,0,0,0,0,0,0,0,0,0,0,0,0,0,0,0,0,0,0,0
10.149877786636353,9.0,0.0,0.0,0.0,0.0,0.0,0.0,0.0,0.0,0.03,0,0,0,0,0,0,0,0,0,0,0,0,0,0,0,0,0,0,0,0,0
10.151191711425781,9.0,0.0,0.0,0.0,0.0,0.0,0.0,0.0,0.0,0.03,0,0,0,0,0,0,0,0,0,0,0,0,0,0,0,0,0,0,0,0,0
10.152658224105835,9.0,0.0,0.0,0.0,0.0,0.0,0.0,0.0,0.0,0.03,0,0,0,0,0,0,0,0,0,0,0,0,0,0,0,0,0,0,0,0,0
10.154442548751831,9.0,0.0,0.0,0.0,0.0,0.0,0.0,0.0,0.0,0.03,0,0,0,0,0,0,0,0,0,0,0,0,0,0,0,0,0,0,0,0,0
10.15550422668457,9.0,0.0,0.0,0.0,0.0,0.0,0.0,0.0,0.0,0.03,0,0,0,0,0,0,0,0,0,0,0,0,0,0,0,0,0,0,0,0,0
10.157029628753662,9.0,0.0,0.0,0.0,0.0,0.0,0.0,0.0,0.0,0.03,0,0,0,0,0,0,0,0,0,0,0,0,0,0,0,0,0,0,0,0,0
10.15809154510498,9.0,0.0,0.0,0.0,0.0,0.0,0.0,0.0,0.0,0.03,0,0,0,0,0,0,0,0,0,0,0,0,0,0,0,0,0,0,0,0,0
10.159303426742554,9.0,0.0,0.0,0.0,0.0,0.0,0.0,0.0,0.0,0.03,0,0,0,0,0,0,0,0,0,0,0,0,0,0,0,0,0,0,0,0,0
10.160396575927734,9.0,0.0,0.0,0.0,0.0,0.0,0.0,0.0,0.0,0.03,0,0,0,0,0,0,0,0,0,0,0,0,0,0,0,0,0,0,0,0,0
10.161577463150024,9.0,0.0,0.0,0.0,0.0,0.0,0.0,0.0,0.0,0.03,0,0,0,0,0,0,0,0,0,0,0,0,0,0,0,0,0,0,0,0,0
10.162849187850952,9.0,0.0,0.0,0.0,0.0,0.0,0.0,0.0,0.0,0.03,0,0,0,0,0,0,0,0,0,0,0,0,0,0,0,0,0,0,0,0,0
10.164072751998901,9.0,0.0,0.0,0.0,0.0,0.0,0.0,0.0,0.0,0.03,0,0,0,0,0,0,0,0,0,0,0,0,0,0,0,0,0,0,0,0,0
10.165355682373047,9.0,0.0,0.0,0.0,0.0,0.0,0.0,0.0,0.0,0.03,0,0,0,0,0,0,0,0,0,0,0,0,0,0,0,0,0,0,0,0,0
10.166528463363647,9.0,0.0,0.0,0.0,0.0,0.0,0.0,0.0,0.0,0.03,0,0,0,0,0,0,0,0,0,0,0,0,0,0,0,0,0,0,0,0,0
10.170002460479736,9.0,0.0,0.0,0.0,0.0,0.0,0.0,0.0,0.0,0.03,0,0,0,0,0,0,0,0,0,0,0,0,0,0,0,0,0,0,0,0,0
10.172074556350708,9.0,0.0,0.0,0.0,0.0,0.0,0.0,0.0,0.0,0.03,0,0,0,0,0,0,0,0,0,0,0,0,0,0,0,0,0,0,0,0,0
10.173261404037476,9.0,0.0,0.0,0.0,0.0,0.0,0.0,0.0,0.0,0.03,0,0,0,0,0,0,0,0,0,0,0,0,0,0,0,0,0,0,0,0,0
10.174395084381104,9.0,0.0,0.0,0.0,0.0,0.0,0.0,0.0,0.0,0.03,0,0,0,0,0,0,0,0,0,0,0,0,0,0,0,0,0,0,0,0,0
10.176151752471924,9.0,0.0,0.0,0.0,0.0,0.0,0.0,0.0,0.0,0.03,0,0,0,0,0,0,0,0,0,0,0,0,0,0,0,0,0,0,0,0,0
10.177879810333252,9.0,0.0,0.0,0.0,0.0,0.0,0.0,0.0,0.0,0.03,0,0,0,0,0,0,0,0,0,0,0,0,0,0,0,0,0,0,0,0,0
10.179135084152222,9.0,0.0,0.0,0.0,0.0,0.0,0.0,0.0,0.0,0.03,0,0,0,0,0,0,0,0,0,0,0,0,0,0,0,0,0,0,0,0,0
10.1806161403656,9.0,0.0,0.0,0.0,0.0,0.0,0.0,0.0,0.0,0.03,0,0,0,0,0,0,0,0,0,0,0,0,0,0,0,0,0,0,0,0,0
10.18174147605896,9.0,0.0,0.0,0.0,0.0,0.0,0.0,0.0,0.0,0.03,0,0,0,0,0,0,0,0,0,0,0,0,0,0,0,0,0,0,0,0,0
10.182828664779663,9.0,0.0,0.0,0.0,0.0,0.0,0.0,0.0,0.0,0.03,0,0,0,0,0,0,0,0,0,0,0,0,0,0,0,0,0,0,0,0,0
10.183945655822754,9.0,0.0,0.0,0.0,0.0,0.0,0.0,0.0,0.0,0.03,0,0,0,0,0,0,0,0,0,0,0,0,0,0,0,0,0,0,0,0,0
10.185178279876709,9.0,0.0,0.0,0.0,0.0,0.0,0.0,0.0,0.0,0.03,0,0,0,0,0,0,0,0,0,0,0,0,0,0,0,0,0,0,0,0,0
10.186498880386353,9.0,0.0,0.0,0.0,0.0,0.0,0.0,0.0,0.0,0.03,0,0,0,0,0,0,0,0,0,0,0,0,0,0,0,0,0,0,0,0,0
10.187653303146362,9.0,0.0,0.0,0.0,0.0,0.0,0.0,0.0,0.0,0.03,0,0,0,0,0,0,0,0,0,0,0,0,0,0,0,0,0,0,0,0,0
10.189470529556274,9.0,0.0,0.0,0.0,0.0,0.0,0.0,0.0,0.0,0.03,0,0,0,0,0,0,0,0,0,0,0,0,0,0,0,0,0,0,0,0,0
10.190703868865967,9.0,0.0,0.0,0.0,0.0,0.0,0.0,0.0,0.0,0.03,0,0,0,0,0,0,0,0,0,0,0,0,0,0,0,0,0,0,0,0,0
10.191893100738525,9.0,0.0,0.0,0.0,0.0,0.0,0.0,0.0,0.0,0.03,0,0,0,0,0,0,0,0,0,0,0,0,0,0,0,0,0,0,0,0,0
10.193075895309448,9.0,0.0,0.0,0.0,0.0,0.0,0.0,0.0,0.0,0.03,0,0,0,0,0,0,0,0,0,0,0,0,0,0,0,0,0,0,0,0,0
10.19564962387085,9.0,0.0,0.0,0.0,0.0,0.0,0.0,0.0,0.0,0.03,0,0,0,0,0,0,0,0,0,0,0,0,0,0,0,0,0,0,0,0,0
10.196783065795898,9.0,0.0,0.0,0.0,0.0,0.0,0.0,0.0,0.0,0.03,0,0,0,0,0,0,0,0,0,0,0,0,0,0,0,0,0,0,0,0,0
10.198152542114258,9.0,0.0,0.0,0.0,0.0,0.0,0.0,0.0,0.0,0.03,0,0,0,0,0,0,0,0,0,0,0,0,0,0,0,0,0,0,0,0,0
10.199701309204102,9.0,0.0,0.0,0.0,0.0,0.0,0.0,0.0,0.0,0.03,0,0,0,0,0,0,0,0,0,0,0,0,0,0,0,0,0,0,0,0,0
10.200860977172852,9.0,0.0,0.0,0.0,0.0,0.0,0.0,0.0,0.0,0.03,0,0,0,0,0,0,0,0,0,0,0,0,0,0,0,0,0,0,0,0,0
10.204750776290894,9.0,0.0,0.0,0.0,0.0,0.0,0.0,0.0,0.0,0.03,0,0,0,0,0,0,0,0,0,0,0,0,0,0,0,0,0,0,0,0,0
10.206074476242065,9.0,0.0,0.0,0.0,0.0,0.0,0.0,0.0,0.0,0.03,0,0,0,0,0,0,0,0,0,0,0,0,0,0,0,0,0,0,0,0,0
10.207365036010742,9.0,0.0,0.0,0.0,0.0,0.0,0.0,0.0,0.0,0.03,0,0,0,0,0,0,0,0,0,0,0,0,0,0,0,0,0,0,0,0,0
10.20929765701294,9.0,0.0,0.0,0.0,0.0,0.0,0.0,0.0,0.0,0.03,0,0,0,0,0,0,0,0,0,0,0,0,0,0,0,0,0,0,0,0,0
10.213143110275269,9.0,0.0,0.0,0.0,0.0,0.0,0.0,0.0,0.0,0.03,0,0,0,0,0,0,0,0,0,0,0,0,0,0,0,0,0,0,0,0,0
10.214596271514893,9.0,0.0,0.0,0.0,0.0,0.0,0.0,0.0,0.0,0.03,0,0,0,0,0,0,0,0,0,0,0,0,0,0,0,0,0,0,0,0,0
10.216488361358643,9.0,0.0,0.0,0.0,0.0,0.0,0.0,0.0,0.0,0.03,0,0,0,0,0,0,0,0,0,0,0,0,0,0,0,0,0,0,0,0,0
10.218021631240845,9.0,0.0,0.0,0.0,0.0,0.0,0.0,0.0,0.0,0.03,0,0,0,0,0,0,0,0,0,0,0,0,0,0,0,0,0,0,0,0,0
10.219110250473022,9.0,0.0,0.0,0.0,0.0,0.0,0.0,0.0,0.0,0.03,0,0,0,0,0,0,0,0,0,0,0,0,0,0,0,0,0,0,0,0,0
10.220218896865845,9.0,0.0,0.0,0.0,0.0,0.0,0.0,0.0,0.0,0.03,0,0,0,0,0,0,0,0,0,0,0,0,0,0,0,0,0,0,0,0,0
10.221494436264038,9.0,0.0,0.0,0.0,0.0,0.0,0.0,0.0,0.0,0.03,0,0,0,0,0,0,0,0,0,0,0,0,0,0,0,0,0,0,0,0,0
10.222614049911499,9.0,0.0,0.0,0.0,0.0,0.0,0.0,0.0,0.0,0.03,0,0,0,0,0,0,0,0,0,0,0,0,0,0,0,0,0,0,0,0,0
10.22384262084961,9.0,0.0,0.0,0.0,0.0,0.0,0.0,0.0,0.0,0.03,0,0,0,0,0,0,0,0,0,0,0,0,0,0,0,0,0,0,0,0,0
10.225182294845581,9.0,0.0,0.0,0.0,0.0,0.0,0.0,0.0,0.0,0.03,0,0,0,0,0,0,0,0,0,0,0,0,0,0,0,0,0,0,0,0,0
10.226267576217651,9.0,0.0,0.0,0.0,0.0,0.0,0.0,0.0,0.0,0.03,0,0,0,0,0,0,0,0,0,0,0,0,0,0,0,0,0,0,0,0,0
10.2274329662323,9.0,0.0,0.0,0.0,0.0,0.0,0.0,0.0,0.0,0.03,0,0,0,0,0,0,0,0,0,0,0,0,0,0,0,0,0,0,0,0,0
10.22859811782837,9.0,0.0,0.0,0.0,0.0,0.0,0.0,0.0,0.0,0.03,0,0,0,0,0,0,0,0,0,0,0,0,0,0,0,0,0,0,0,0,0
10.229685068130493,9.0,0.0,0.0,0.0,0.0,0.0,0.0,0.0,0.0,0.03,0,0,0,0,0,0,0,0,0,0,0,0,0,0,0,0,0,0,0,0,0
10.230747938156128,9.0,0.0,0.0,0.0,0.0,0.0,0.0,0.0,0.0,0.03,0,0,0,0,0,0,0,0,0,0,0,0,0,0,0,0,0,0,0,0,0
10.232507944107056,9.0,0.0,0.0,0.0,0.0,0.0,0.0,0.0,0.0,0.03,0,0,0,0,0,0,0,0,0,0,0,0,0,0,0,0,0,0,0,0,0
10.23371934890747,9.0,0.0,0.0,0.0,0.0,0.0,0.0,0.0,0.0,0.03,0,0,0,0,0,0,0,0,0,0,0,0,0,0,0,0,0,0,0,0,0
10.236355543136597,9.0,0.0,0.0,0.0,0.0,0.0,0.0,0.0,0.0,0.03,0,0,0,0,0,0,0,0,0,0,0,0,0,0,0,0,0,0,0,0,0
10.237551927566528,9.0,0.0,0.0,0.0,0.0,0.0,0.0,0.0,0.0,0.03,0,0,0,0,0,0,0,0,0,0,0,0,0,0,0,0,0,0,0,0,0
10.239988327026367,9.0,0.0,0.0,0.0,0.0,0.0,0.0,0.0,0.0,0.03,0,0,0,0,0,0,0,0,0,0,0,0,0,0,0,0,0,0,0,0,0
10.241295576095581,9.0,0.0,0.0,0.0,0.0,0.0,0.0,0.0,0.0,0.03,0,0,0,0,0,0,0,0,0,0,0,0,0,0,0,0,0,0,0,0,0
10.242564916610718,9.0,0.0,0.0,0.0,0.0,0.0,0.0,0.0,0.0,0.03,0,0,0,0,0,0,0,0,0,0,0,0,0,0,0,0,0,0,0,0,0
10.243757247924805,9.0,0.0,0.0,0.0,0.0,0.0,0.0,0.0,0.0,0.03,0,0,0,0,0,0,0,0,0,0,0,0,0,0,0,0,0,0,0,0,0
10.245237112045288,9.0,0.0,0.0,0.0,0.0,0.0,0.0,0.0,0.0,0.03,0,0,0,0,0,0,0,0,0,0,0,0,0,0,0,0,0,0,0,0,0
10.2469961643219,9.0,0.0,0.0,0.0,0.0,0.0,0.0,0.0,0.0,0.03,0,0,0,0,0,0,0,0,0,0,0,0,0,0,0,0,0,0,0,0,0
10.248056650161743,9.0,0.0,0.0,0.0,0.0,0.0,0.0,0.0,0.0,0.03,0,0,0,0,0,0,0,0,0,0,0,0,0,0,0,0,0,0,0,0,0
10.249253749847412,9.0,0.0,0.0,0.0,0.0,0.0,0.0,0.0,0.0,0.03,0,0,0,0,0,0,0,0,0,0,0,0,0,0,0,0,0,0,0,0,0
10.2503182888031,9.0,0.0,0.0,0.0,0.0,0.0,0.0,0.0,0.0,0.03,0,0,0,0,0,0,0,0,0,0,0,0,0,0,0,0,0,0,0,0,0
10.25202488899231,9.0,0.0,0.0,0.0,0.0,0.0,0.0,0.0,0.0,0.03,0,0,0,0,0,0,0,0,0,0,0,0,0,0,0,0,0,0,0,0,0
10.254069805145264,9.0,0.0,0.0,0.0,0.0,0.0,0.0,0.0,0.0,0.03,0,0,0,0,0,0,0,0,0,0,0,0,0,0,0,0,0,0,0,0,0
10.255414485931396,9.0,0.0,0.0,0.0,0.0,0.0,0.0,0.0,0.0,0.03,0,0,0,0,0,0,0,0,0,0,0,0,0,0,0,0,0,0,0,0,0
10.256693363189697,9.0,0.0,0.0,0.0,0.0,0.0,0.0,0.0,0.0,0.03,0,0,0,0,0,0,0,0,0,0,0,0,0,0,0,0,0,0,0,0,0
10.257902383804321,9.0,0.0,0.0,0.0,0.0,0.0,0.0,0.0,0.0,0.03,0,0,0,0,0,0,0,0,0,0,0,0,0,0,0,0,0,0,0,0,0
10.259822845458984,9.0,0.0,0.0,0.0,0.0,0.0,0.0,0.0,0.0,0.03,0,0,0,0,0,0,0,0,0,0,0,0,0,0,0,0,0,0,0,0,0
10.26104998588562,9.0,0.0,0.0,0.0,0.0,0.0,0.0,0.0,0.0,0.03,0,0,0,0,0,0,0,0,0,0,0,0,0,0,0,0,0,0,0,0,0
10.26236343383789,9.0,0.0,0.0,0.0,0.0,0.0,0.0,0.0,0.0,0.03,0,0,0,0,0,0,0,0,0,0,0,0,0,0,0,0,0,0,0,0,0
10.26389765739441,9.0,0.0,0.0,0.0,0.0,0.0,0.0,0.0,0.0,0.03,0,0,0,0,0,0,0,0,0,0,0,0,0,0,0,0,0,0,0,0,0
10.265130519866943,9.0,0.0,0.0,0.0,0.0,0.0,0.0,0.0,0.0,0.03,0,0,0,0,0,0,0,0,0,0,0,0,0,0,0,0,0,0,0,0,0
10.268451452255249,9.0,0.0,0.0,0.0,0.0,0.0,0.0,0.0,0.0,0.03,0,0,0,0,0,0,0,0,0,0,0,0,0,0,0,0,0,0,0,0,0
10.269542932510376,9.0,0.0,0.0,0.0,0.0,0.0,0.0,0.0,0.0,0.03,0,0,0,0,0,0,0,0,0,0,0,0,0,0,0,0,0,0,0,0,0
10.270788669586182,9.0,0.0,0.0,0.0,0.0,0.0,0.0,0.0,0.0,0.03,0,0,0,0,0,0,0,0,0,0,0,0,0,0,0,0,0,0,0,0,0
10.275864601135254,9.0,0.0,0.0,0.0,0.0,0.0,0.0,0.0,0.0,0.03,0,0,0,0,0,0,0,0,0,0,0,0,0,0,0,0,0,0,0,0,0
10.277268171310425,9.0,0.0,0.0,0.0,0.0,0.0,0.0,0.0,0.0,0.03,0,0,0,0,0,0,0,0,0,0,0,0,0,0,0,0,0,0,0,0,0
10.278557538986206,9.0,0.0,0.0,0.0,0.0,0.0,0.0,0.0,0.0,0.03,0,0,0,0,0,0,0,0,0,0,0,0,0,0,0,0,0,0,0,0,0
10.280449628829956,9.0,0.0,0.0,0.0,0.0,0.0,0.0,0.0,0.0,0.03,0,0,0,0,0,0,0,0,0,0,0,0,0,0,0,0,0,0,0,0,0
10.282291412353516,9.0,0.0,0.0,0.0,0.0,0.0,0.0,0.0,0.0,0.03,0,0,0,0,0,0,0,0,0,0,0,0,0,0,0,0,0,0,0,0,0
10.283445596694946,9.0,0.0,0.0,0.0,0.0,0.0,0.0,0.0,0.0,0.03,0,0,0,0,0,0,0,0,0,0,0,0,0,0,0,0,0,0,0,0,0
10.284797191619873,9.0,0.0,0.0,0.0,0.0,0.0,0.0,0.0,0.0,0.03,0,0,0,0,0,0,0,0,0,0,0,0,0,0,0,0,0,0,0,0,0
10.286374568939209,9.0,0.0,0.0,0.0,0.0,0.0,0.0,0.0,0.0,0.03,0,0,0,0,0,0,0,0,0,0,0,0,0,0,0,0,0,0,0,0,0
10.287609577178955,9.0,0.0,0.0,0.0,0.0,0.0,0.0,0.0,0.0,0.03,0,0,0,0,0,0,0,0,0,0,0,0,0,0,0,0,0,0,0,0,0
10.289025068283081,9.0,0.0,0.0,0.0,0.0,0.0,0.0,0.0,0.0,0.03,0,0,0,0,0,0,0,0,0,0,0,0,0,0,0,0,0,0,0,0,0
10.29018759727478,9.0,0.0,0.0,0.0,0.0,0.0,0.0,0.0,0.0,0.03,0,0,0,0,0,0,0,0,0,0,0,0,0,0,0,0,0,0,0,0,0
10.291320085525513,9.0,0.0,0.0,0.0,0.0,0.0,0.0,0.0,0.0,0.03,0,0,0,0,0,0,0,0,0,0,0,0,0,0,0,0,0,0,0,0,0
10.292385578155518,9.0,0.0,0.0,0.0,0.0,0.0,0.0,0.0,0.0,0.03,0,0,0,0,0,0,0,0,0,0,0,0,0,0,0,0,0,0,0,0,0
10.29380488395691,9.0,0.0,0.0,0.0,0.0,0.0,0.0,0.0,0.0,0.03,0,0,0,0,0,0,0,0,0,0,0,0,0,0,0,0,0,0,0,0,0
10.296432733535767,9.0,0.0,0.0,0.0,0.0,0.0,0.0,0.0,0.0,0.03,0,0,0,0,0,0,0,0,0,0,0,0,0,0,0,0,0,0,0,0,0
10.297906398773193,9.0,0.0,0.0,0.0,0.0,0.0,0.0,0.0,0.0,0.03,0,0,0,0,0,0,0,0,0,0,0,0,0,0,0,0,0,0,0,0,0
10.299524307250977,9.0,0.0,0.0,0.0,0.0,0.0,0.0,0.0,0.0,0.03,0,0,0,0,0,0,0,0,0,0,0,0,0,0,0,0,0,0,0,0,0
10.30065631866455,9.0,0.0,0.0,0.0,0.0,0.0,0.0,0.0,0.0,0.03,0,0,0,0,0,0,0,0,0,0,0,0,0,0,0,0,0,0,0,0,0
10.301845788955688,9.0,0.0,0.0,0.0,0.0,0.0,0.0,0.0,0.0,0.03,0,0,0,0,0,0,0,0,0,0,0,0,0,0,0,0,0,0,0,0,0
10.303125381469727,9.0,0.0,0.0,0.0,0.0,0.0,0.0,0.0,0.0,0.03,0,0,0,0,0,0,0,0,0,0,0,0,0,0,0,0,0,0,0,0,0
10.304319858551025,9.0,0.0,0.0,0.0,0.0,0.0,0.0,0.0,0.0,0.03,0,0,0,0,0,0,0,0,0,0,0,0,0,0,0,0,0,0,0,0,0
10.305461168289185,9.0,0.0,0.0,0.0,0.0,0.0,0.0,0.0,0.0,0.03,0,0,0,0,0,0,0,0,0,0,0,0,0,0,0,0,0,0,0,0,0
10.306702852249146,9.0,0.0,0.0,0.0,0.0,0.0,0.0,0.0,0.0,0.03,0,0,0,0,0,0,0,0,0,0,0,0,0,0,0,0,0,0,0,0,0
10.307904481887817,9.0,0.0,0.0,0.0,0.0,0.0,0.0,0.0,0.0,0.03,0,0,0,0,0,0,0,0,0,0,0,0,0,0,0,0,0,0,0,0,0
10.308998346328735,9.0,0.0,0.0,0.0,0.0,0.0,0.0,0.0,0.0,0.03,0,0,0,0,0,0,0,0,0,0,0,0,0,0,0,0,0,0,0,0,0
10.310240983963013,9.0,0.0,0.0,0.0,0.0,0.0,0.0,0.0,0.0,0.03,0,0,0,0,0,0,0,0,0,0,0,0,0,0,0,0,0,0,0,0,0
10.311323165893555,9.0,0.0,0.0,0.0,0.0,0.0,0.0,0.0,0.0,0.03,0,0,0,0,0,0,0,0,0,0,0,0,0,0,0,0,0,0,0,0,0
10.312525510787964,9.0,0.0,0.0,0.0,0.0,0.0,0.0,0.0,0.0,0.03,0,0,0,0,0,0,0,0,0,0,0,0,0,0,0,0,0,0,0,0,0
10.313609838485718,9.0,0.0,0.0,0.0,0.0,0.0,0.0,0.0,0.0,0.03,0,0,0,0,0,0,0,0,0,0,0,0,0,0,0,0,0,0,0,0,0
10.314740657806396,9.0,0.0,0.0,0.0,0.0,0.0,0.0,0.0,0.0,0.03,0,0,0,0,0,0,0,0,0,0,0,0,0,0,0,0,0,0,0,0,0
10.316277265548706,9.0,0.0,0.0,0.0,0.0,0.0,0.0,0.0,0.0,0.03,0,0,0,0,0,0,0,0,0,0,0,0,0,0,0,0,0,0,0,0,0
10.31749701499939,9.0,0.0,0.0,0.0,0.0,0.0,0.0,0.0,0.0,0.03,0,0,0,0,0,0,0,0,0,0,0,0,0,0,0,0,0,0,0,0,0
10.318976879119873,9.0,0.0,0.0,0.0,0.0,0.0,0.0,0.0,0.0,0.03,0,0,0,0,0,0,0,0,0,0,0,0,0,0,0,0,0,0,0,0,0
10.320323705673218,9.0,0.0,0.0,0.0,0.0,0.0,0.0,0.0,0.0,0.03,0,0,0,0,0,0,0,0,0,0,0,0,0,0,0,0,0,0,0,0,0
10.322336196899414,9.0,0.0,0.0,0.0,0.0,0.0,0.0,0.0,0.0,0.03,0,0,0,0,0,0,0,0,0,0,0,0,0,0,0,0,0,0,0,0,0
10.323702096939087,9.0,0.0,0.0,0.0,0.0,0.0,0.0,0.0,0.0,0.03,0,0,0,0,0,0,0,0,0,0,0,0,0,0,0,0,0,0,0,0,0
10.324920415878296,9.0,0.0,0.0,0.0,0.0,0.0,0.0,0.0,0.0,0.03,0,0,0,0,0,0,0,0,0,0,0,0,0,0,0,0,0,0,0,0,0
10.326206922531128,9.0,0.0,0.0,0.0,0.0,0.0,0.0,0.0,0.0,0.03,0,0,0,0,0,0,0,0,0,0,0,0,0,0,0,0,0,0,0,0,0
10.327584743499756,9.0,0.0,0.0,0.0,0.0,0.0,0.0,0.0,0.0,0.03,0,0,0,0,0,0,0,0,0,0,0,0,0,0,0,0,0,0,0,0,0
10.331009864807129,9.0,0.0,0.0,0.0,0.0,0.0,0.0,0.0,0.0,0.03,0,0,0,0,0,0,0,0,0,0,0,0,0,0,0,0,0,0,0,0,0
10.332215547561646,9.0,0.0,0.0,0.0,0.0,0.0,0.0,0.0,0.0,0.03,0,0,0,0,0,0,0,0,0,0,0,0,0,0,0,0,0,0,0,0,0
10.333577156066895,9.0,0.0,0.0,0.0,0.0,0.0,0.0,0.0,0.0,0.03,0,0,0,0,0,0,0,0,0,0,0,0,0,0,0,0,0,0,0,0,0
10.334839344024658,9.0,0.0,0.0,0.0,0.0,0.0,0.0,0.0,0.0,0.03,0,0,0,0,0,0,0,0,0,0,0,0,0,0,0,0,0,0,0,0,0
10.336182355880737,9.0,0.0,0.0,0.0,0.0,0.0,0.0,0.0,0.0,0.03,0,0,0,0,0,0,0,0,0,0,0,0,0,0,0,0,0,0,0,0,0
10.337728500366211,9.0,0.0,0.0,0.0,0.0,0.0,0.0,0.0,0.0,0.03,0,0,0,0,0,0,0,0,0,0,0,0,0,0,0,0,0,0,0,0,0
10.338830471038818,9.0,0.0,0.0,0.0,0.0,0.0,0.0,0.0,0.0,0.03,0,0,0,0,0,0,0,0,0,0,0,0,0,0,0,0,0,0,0,0,0
10.340131759643555,9.0,0.0,0.0,0.0,0.0,0.0,0.0,0.0,0.0,0.03,0,0,0,0,0,0,0,0,0,0,0,0,0,0,0,0,0,0,0,0,0
10.342339277267456,9.0,0.0,0.0,0.0,0.0,0.0,0.0,0.0,0.0,0.03,0,0,0,0,0,0,0,0,0,0,0,0,0,0,0,0,0,0,0,0,0
10.343817949295044,9.0,0.0,0.0,0.0,0.0,0.0,0.0,0.0,0.0,0.03,0,0,0,0,0,0,0,0,0,0,0,0,0,0,0,0,0,0,0,0,0
10.345192193984985,9.0,0.0,0.0,0.0,0.0,0.0,0.0,0.0,0.0,0.03,0,0,0,0,0,0,0,0,0,0,0,0,0,0,0,0,0,0,0,0,0
10.346322536468506,9.0,0.0,0.0,0.0,0.0,0.0,0.0,0.0,0.0,0.03,0,0,0,0,0,0,0,0,0,0,0,0,0,0,0,0,0,0,0,0,0
10.347414016723633,9.0,0.0,0.0,0.0,0.0,0.0,0.0,0.0,0.0,0.03,0,0,0,0,0,0,0,0,0,0,0,0,0,0,0,0,0,0,0,0,0
10.348632574081421,9.0,0.0,0.0,0.0,0.0,0.0,0.0,0.0,0.0,0.03,0,0,0,0,0,0,0,0,0,0,0,0,0,0,0,0,0,0,0,0,0
10.34990668296814,9.0,0.0,0.0,0.0,0.0,0.0,0.0,0.0,0.0,0.03,0,0,0,0,0,0,0,0,0,0,0,0,0,0,0,0,0,0,0,0,0
10.35111379623413,9.0,0.0,0.0,0.0,0.0,0.0,0.0,0.0,0.0,0.03,0,0,0,0,0,0,0,0,0,0,0,0,0,0,0,0,0,0,0,0,0
10.35234260559082,9.0,0.0,0.0,0.0,0.0,0.0,0.0,0.0,0.0,0.03,0,0,0,0,0,0,0,0,0,0,0,0,0,0,0,0,0,0,0,0,0
10.353431940078735,9.0,0.0,0.0,0.0,0.0,0.0,0.0,0.0,0.0,0.03,0,0,0,0,0,0,0,0,0,0,0,0,0,0,0,0,0,0,0,0,0
10.354503154754639,9.0,0.0,0.0,0.0,0.0,0.0,0.0,0.0,0.0,0.03,0,0,0,0,0,0,0,0,0,0,0,0,0,0,0,0,0,0,0,0,0
10.355901002883911,9.0,0.0,0.0,0.0,0.0,0.0,0.0,0.0,0.0,0.03,0,0,0,0,0,0,0,0,0,0,0,0,0,0,0,0,0,0,0,0,0
10.357353448867798,9.0,0.0,0.0,0.0,0.0,0.0,0.0,0.0,0.0,0.03,0,0,0,0,0,0,0,0,0,0,0,0,0,0,0,0,0,0,0,0,0
10.359009981155396,9.0,0.0,0.0,0.0,0.0,0.0,0.0,0.0,0.0,0.03,0,0,0,0,0,0,0,0,0,0,0,0,0,0,0,0,0,0,0,0,0
10.360550880432129,9.0,0.0,0.0,0.0,0.0,0.0,0.0,0.0,0.0,0.03,0,0,0,0,0,0,0,0,0,0,0,0,0,0,0,0,0,0,0,0,0
10.361937761306763,9.0,0.0,0.0,0.0,0.0,0.0,0.0,0.0,0.0,0.03,0,0,0,0,0,0,0,0,0,0,0,0,0,0,0,0,0,0,0,0,0
10.363136529922485,9.0,0.0,0.0,0.0,0.0,0.0,0.0,0.0,0.0,0.03,0,0,0,0,0,0,0,0,0,0,0,0,0,0,0,0,0,0,0,0,0
10.36447024345398,9.0,0.0,0.0,0.0,0.0,0.0,0.0,0.0,0.0,0.03,0,0,0,0,0,0,0,0,0,0,0,0,0,0,0,0,0,0,0,0,0
10.366752624511719,9.0,0.0,0.0,0.0,0.0,0.0,0.0,0.0,0.0,0.03,0,0,0,0,0,0,0,0,0,0,0,0,0,0,0,0,0,0,0,0,0
10.368092775344849,9.0,0.0,0.0,0.0,0.0,0.0,0.0,0.0,0.0,0.03,0,0,0,0,0,0,0,0,0,0,0,0,0,0,0,0,0,0,0,0,0
10.369245290756226,9.0,0.0,0.0,0.0,0.0,0.0,0.0,0.0,0.0,0.03,0,0,0,0,0,0,0,0,0,0,0,0,0,0,0,0,0,0,0,0,0
10.370983839035034,9.0,0.0,0.0,0.0,0.0,0.0,0.0,0.0,0.0,0.03,0,0,0,0,0,0,0,0,0,0,0,0,0,0,0,0,0,0,0,0,0
10.372174501419067,9.0,0.0,0.0,0.0,0.0,0.0,0.0,0.0,0.0,0.03,0,0,0,0,0,0,0,0,0,0,0,0,0,0,0,0,0,0,0,0,0
10.373258113861084,9.0,0.0,0.0,0.0,0.0,0.0,0.0,0.0,0.0,0.03,0,0,0,0,0,0,0,0,0,0,0,0,0,0,0,0,0,0,0,0,0
10.374454736709595,9.0,0.0,0.0,0.0,0.0,0.0,0.0,0.0,0.0,0.03,0,0,0,0,0,0,0,0,0,0,0,0,0,0,0,0,0,0,0,0,0
10.375699281692505,9.0,0.0,0.0,0.0,0.0,0.0,0.0,0.0,0.0,0.03,0,0,0,0,0,0,0,0,0,0,0,0,0,0,0,0,0,0,0,0,0
10.376789093017578,9.0,0.0,0.0,0.0,0.0,0.0,0.0,0.0,0.0,0.03,0,0,0,0,0,0,0,0,0,0,0,0,0,0,0,0,0,0,0,0,0
10.378010272979736,9.0,0.0,0.0,0.0,0.0,0.0,0.0,0.0,0.0,0.03,0,0,0,0,0,0,0,0,0,0,0,0,0,0,0,0,0,0,0,0,0
10.3793044090271,9.0,0.0,0.0,0.0,0.0,0.0,0.0,0.0,0.0,0.03,0,0,0,0,0,0,0,0,0,0,0,0,0,0,0,0,0,0,0,0,0
10.380913019180298,9.0,0.0,0.0,0.0,0.0,0.0,0.0,0.0,0.0,0.03,0,0,0,0,0,0,0,0,0,0,0,0,0,0,0,0,0,0,0,0,0
10.38240671157837,9.0,0.0,0.0,0.0,0.0,0.0,0.0,0.0,0.0,0.03,0,0,0,0,0,0,0,0,0,0,0,0,0,0,0,0,0,0,0,0,0
10.383557319641113,9.0,0.0,0.0,0.0,0.0,0.0,0.0,0.0,0.0,0.03,0,0,0,0,0,0,0,0,0,0,0,0,0,0,0,0,0,0,0,0,0
10.38486647605896,9.0,0.0,0.0,0.0,0.0,0.0,0.0,0.0,0.0,0.03,0,0,0,0,0,0,0,0,0,0,0,0,0,0,0,0,0,0,0,0,0
10.38674020767212,9.0,0.0,0.0,0.0,0.0,0.0,0.0,0.0,0.0,0.03,0,0,0,0,0,0,0,0,0,0,0,0,0,0,0,0,0,0,0,0,0
10.388020992279053,9.0,0.0,0.0,0.0,0.0,0.0,0.0,0.0,0.0,0.03,0,0,0,0,0,0,0,0,0,0,0,0,0,0,0,0,0,0,0,0,0
10.389317035675049,9.0,0.0,0.0,0.0,0.0,0.0,0.0,0.0,0.0,0.03,0,0,0,0,0,0,0,0,0,0,0,0,0,0,0,0,0,0,0,0,0
10.390452861785889,9.0,0.0,0.0,0.0,0.0,0.0,0.0,0.0,0.0,0.03,0,0,0,0,0,0,0,0,0,0,0,0,0,0,0,0,0,0,0,0,0
10.391541957855225,9.0,0.0,0.0,0.0,0.0,0.0,0.0,0.0,0.0,0.03,0,0,0,0,0,0,0,0,0,0,0,0,0,0,0,0,0,0,0,0,0
10.394640922546387,9.0,0.0,0.0,0.0,0.0,0.0,0.0,0.0,0.0,0.03,0,0,0,0,0,0,0,0,0,0,0,0,0,0,0,0,0,0,0,0,0
10.39585828781128,9.0,0.0,0.0,0.0,0.0,0.0,0.0,0.0,0.0,0.03,0,0,0,0,0,0,0,0,0,0,0,0,0,0,0,0,0,0,0,0,0
10.397131443023682,9.0,0.0,0.0,0.0,0.0,0.0,0.0,0.0,0.0,0.03,0,0,0,0,0,0,0,0,0,0,0,0,0,0,0,0,0,0,0,0,0
10.398303031921387,9.0,0.0,0.0,0.0,0.0,0.0,0.0,0.0,0.0,0.03,0,0,0,0,0,0,0,0,0,0,0,0,0,0,0,0,0,0,0,0,0
10.402899980545044,9.0,0.0,0.0,0.0,0.0,0.0,0.0,0.0,0.0,0.03,0,0,0,0,0,0,0,0,0,0,0,0,0,0,0,0,0,0,0,0,0
10.40423059463501,9.0,0.0,0.0,0.0,0.0,0.0,0.0,0.0,0.0,0.03,0,0,0,0,0,0,0,0,0,0,0,0,0,0,0,0,0,0,0,0,0
10.407061100006104,9.0,0.0,0.0,0.0,0.0,0.0,0.0,0.0,0.0,0.03,0,0,0,0,0,0,0,0,0,0,0,0,0,0,0,0,0,0,0,0,0
10.408416748046875,9.0,0.0,0.0,0.0,0.0,0.0,0.0,0.0,0.0,0.03,0,0,0,0,0,0,0,0,0,0,0,0,0,0,0,0,0,0,0,0,0
10.40953254699707,9.0,0.0,0.0,0.0,0.0,0.0,0.0,0.0,0.0,0.03,0,0,0,0,0,0,0,0,0,0,0,0,0,0,0,0,0,0,0,0,0
10.410984516143799,9.0,0.0,0.0,0.0,0.0,0.0,0.0,0.0,0.0,0.03,0,0,0,0,0,0,0,0,0,0,0,0,0,0,0,0,0,0,0,0,0
10.41220498085022,9.0,0.0,0.0,0.0,0.0,0.0,0.0,0.0,0.0,0.03,0,0,0,0,0,0,0,0,0,0,0,0,0,0,0,0,0,0,0,0,0
10.413297653198242,9.0,0.0,0.0,0.0,0.0,0.0,0.0,0.0,0.0,0.03,0,0,0,0,0,0,0,0,0,0,0,0,0,0,0,0,0,0,0,0,0
10.414387941360474,9.0,0.0,0.0,0.0,0.0,0.0,0.0,0.0,0.0,0.03,0,0,0,0,0,0,0,0,0,0,0,0,0,0,0,0,0,0,0,0,0
10.415710210800171,9.0,0.0,0.0,0.0,0.0,0.0,0.0,0.0,0.0,0.03,0,0,0,0,0,0,0,0,0,0,0,0,0,0,0,0,0,0,0,0,0
10.416901111602783,9.0,0.0,0.0,0.0,0.0,0.0,0.0,0.0,0.0,0.03,0,0,0,0,0,0,0,0,0,0,0,0,0,0,0,0,0,0,0,0,0
10.418241500854492,9.0,0.0,0.0,0.0,0.0,0.0,0.0,0.0,0.0,0.03,0,0,0,0,0,0,0,0,0,0,0,0,0,0,0,0,0,0,0,0,0
10.419328451156616,9.0,0.0,0.0,0.0,0.0,0.0,0.0,0.0,0.0,0.03,0,0,0,0,0,0,0,0,0,0,0,0,0,0,0,0,0,0,0,0,0
10.420569896697998,9.0,0.0,0.0,0.0,0.0,0.0,0.0,0.0,0.0,0.03,0,0,0,0,0,0,0,0,0,0,0,0,0,0,0,0,0,0,0,0,0
10.422807931900024,9.0,0.0,0.0,0.0,0.0,0.0,0.0,0.0,0.0,0.03,0,0,0,0,0,0,0,0,0,0,0,0,0,0,0,0,0,0,0,0,0
10.426525354385376,9.0,0.0,0.0,0.0,0.0,0.0,0.0,0.0,0.0,0.03,0,0,0,0,0,0,0,0,0,0,0,0,0,0,0,0,0,0,0,0,0
10.428061485290527,9.0,0.0,0.0,0.0,0.0,0.0,0.0,0.0,0.0,0.03,0,0,0,0,0,0,0,0,0,0,0,0,0,0,0,0,0,0,0,0,0
10.429992198944092,9.0,0.0,0.0,0.0,0.0,0.0,0.0,0.0,0.0,0.03,0,0,0,0,0,0,0,0,0,0,0,0,0,0,0,0,0,0,0,0,0
10.43153190612793,9.0,0.0,0.0,0.0,0.0,0.0,0.0,0.0,0.0,0.03,0,0,0,0,0,0,0,0,0,0,0,0,0,0,0,0,0,0,0,0,0
10.432772159576416,9.0,0.0,0.0,0.0,0.0,0.0,0.0,0.0,0.0,0.03,0,0,0,0,0,0,0,0,0,0,0,0,0,0,0,0,0,0,0,0,0
10.43405795097351,9.0,0.0,0.0,0.0,0.0,0.0,0.0,0.0,0.0,0.03,0,0,0,0,0,0,0,0,0,0,0,0,0,0,0,0,0,0,0,0,0
10.435424089431763,9.0,0.0,0.0,0.0,0.0,0.0,0.0,0.0,0.0,0.03,0,0,0,0,0,0,0,0,0,0,0,0,0,0,0,0,0,0,0,0,0
10.43672227859497,9.0,0.0,0.0,0.0,0.0,0.0,0.0,0.0,0.0,0.03,0,0,0,0,0,0,0,0,0,0,0,0,0,0,0,0,0,0,0,0,0
10.437827110290527,9.0,0.0,0.0,0.0,0.0,0.0,0.0,0.0,0.0,0.03,0,0,0,0,0,0,0,0,0,0,0,0,0,0,0,0,0,0,0,0,0
10.438981771469116,9.0,0.0,0.0,0.0,0.0,0.0,0.0,0.0,0.0,0.03,0,0,0,0,0,0,0,0,0,0,0,0,0,0,0,0,0,0,0,0,0
10.44045901298523,9.0,0.0,0.0,0.0,0.0,0.0,0.0,0.0,0.0,0.03,0,0,0,0,0,0,0,0,0,0,0,0,0,0,0,0,0,0,0,0,0
10.44155216217041,9.0,0.0,0.0,0.0,0.0,0.0,0.0,0.0,0.0,0.03,0,0,0,0,0,0,0,0,0,0,0,0,0,0,0,0,0,0,0,0,0
10.443837881088257,9.0,0.0,0.0,0.0,0.0,0.0,0.0,0.0,0.0,0.03,0,0,0,0,0,0,0,0,0,0,0,0,0,0,0,0,0,0,0,0,0
10.44545841217041,9.0,0.0,0.0,0.0,0.0,0.0,0.0,0.0,0.0,0.03,0,0,0,0,0,0,0,0,0,0,0,0,0,0,0,0,0,0,0,0,0
10.446763277053833,9.0,0.0,0.0,0.0,0.0,0.0,0.0,0.0,0.0,0.03,0,0,0,0,0,0,0,0,0,0,0,0,0,0,0,0,0,0,0,0,0
10.447856903076172,9.0,0.0,0.0,0.0,0.0,0.0,0.0,0.0,0.0,0.03,0,0,0,0,0,0,0,0,0,0,0,0,0,0,0,0,0,0,0,0,0
10.44968056678772,9.0,0.0,0.0,0.0,0.0,0.0,0.0,0.0,0.0,0.03,0,0,0,0,0,0,0,0,0,0,0,0,0,0,0,0,0,0,0,0,0
10.450955867767334,9.0,0.0,0.0,0.0,0.0,0.0,0.0,0.0,0.0,0.03,0,0,0,0,0,0,0,0,0,0,0,0,0,0,0,0,0,0,0,0,0
10.452202320098877,9.0,0.0,0.0,0.0,0.0,0.0,0.0,0.0,0.0,0.03,0,0,0,0,0,0,0,0,0,0,0,0,0,0,0,0,0,0,0,0,0
10.453485012054443,9.0,0.0,0.0,0.0,0.0,0.0,0.0,0.0,0.0,0.03,0,0,0,0,0,0,0,0,0,0,0,0,0,0,0,0,0,0,0,0,0
10.454575777053833,9.0,0.0,0.0,0.0,0.0,0.0,0.0,0.0,0.0,0.03,0,0,0,0,0,0,0,0,0,0,0,0,0,0,0,0,0,0,0,0,0
10.458202838897705,9.0,0.0,0.0,0.0,0.0,0.0,0.0,0.0,0.0,0.03,0,0,0,0,0,0,0,0,0,0,0,0,0,0,0,0,0,0,0,0,0
10.45932388305664,9.0,0.0,0.0,0.0,0.0,0.0,0.0,0.0,0.0,0.03,0,0,0,0,0,0,0,0,0,0,0,0,0,0,0,0,0,0,0,0,0
10.460529088973999,9.0,0.0,0.0,0.0,0.0,0.0,0.0,0.0,0.0,0.03,0,0,0,0,0,0,0,0,0,0,0,0,0,0,0,0,0,0,0,0,0
10.461670398712158,9.0,0.0,0.0,0.0,0.0,0.0,0.0,0.0,0.0,0.03,0,0,0,0,0,0,0,0,0,0,0,0,0,0,0,0,0,0,0,0,0
10.466070890426636,9.0,0.0,0.0,0.0,0.0,0.0,0.0,0.0,0.0,0.03,0,0,0,0,0,0,0,0,0,0,0,0,0,0,0,0,0,0,0,0,0
10.467439889907837,9.0,0.0,0.0,0.0,0.0,0.0,0.0,0.0,0.0,0.03,0,0,0,0,0,0,0,0,0,0,0,0,0,0,0,0,0,0,0,0,0
10.468926668167114,9.0,0.0,0.0,0.0,0.0,0.0,0.0,0.0,0.0,0.03,0,0,0,0,0,0,0,0,0,0,0,0,0,0,0,0,0,0,0,0,0
10.469995975494385,9.0,0.0,0.0,0.0,0.0,0.0,0.0,0.0,0.0,0.03,0,0,0,0,0,0,0,0,0,0,0,0,0,0,0,0,0,0,0,0,0
10.472166776657104,9.0,0.0,0.0,0.0,0.0,0.0,0.0,0.0,0.0,0.03,0,0,0,0,0,0,0,0,0,0,0,0,0,0,0,0,0,0,0,0,0
10.473845481872559,9.0,0.0,0.0,0.0,0.0,0.0,0.0,0.0,0.0,0.03,0,0,0,0,0,0,0,0,0,0,0,0,0,0,0,0,0,0,0,0,0
10.47507095336914,9.0,0.0,0.0,0.0,0.0,0.0,0.0,0.0,0.0,0.03,0,0,0,0,0,0,0,0,0,0,0,0,0,0,0,0,0,0,0,0,0
10.476312160491943,9.0,0.0,0.0,0.0,0.0,0.0,0.0,0.0,0.0,0.03,0,0,0,0,0,0,0,0,0,0,0,0,0,0,0,0,0,0,0,0,0
10.477394104003906,9.0,0.0,0.0,0.0,0.0,0.0,0.0,0.0,0.0,0.03,0,0,0,0,0,0,0,0,0,0,0,0,0,0,0,0,0,0,0,0,0
10.47891116142273,9.0,0.0,0.0,0.0,0.0,0.0,0.0,0.0,0.0,0.03,0,0,0,0,0,0,0,0,0,0,0,0,0,0,0,0,0,0,0,0,0
10.480081796646118,9.0,0.0,0.0,0.0,0.0,0.0,0.0,0.0,0.0,0.03,0,0,0,0,0,0,0,0,0,0,0,0,0,0,0,0,0,0,0,0,0
10.481218338012695,9.0,0.0,0.0,0.0,0.0,0.0,0.0,0.0,0.0,0.03,0,0,0,0,0,0,0,0,0,0,0,0,0,0,0,0,0,0,0,0,0
10.48228144645691,9.0,0.0,0.0,0.0,0.0,0.0,0.0,0.0,0.0,0.03,0,0,0,0,0,0,0,0,0,0,0,0,0,0,0,0,0,0,0,0,0
10.483371496200562,9.0,0.0,0.0,0.0,0.0,0.0,0.0,0.0,0.0,0.03,0,0,0,0,0,0,0,0,0,0,0,0,0,0,0,0,0,0,0,0,0
10.484533071517944,9.0,0.0,0.0,0.0,0.0,0.0,0.0,0.0,0.0,0.03,0,0,0,0,0,0,0,0,0,0,0,0,0,0,0,0,0,0,0,0,0
10.485937595367432,9.0,0.0,0.0,0.0,0.0,0.0,0.0,0.0,0.0,0.03,0,0,0,0,0,0,0,0,0,0,0,0,0,0,0,0,0,0,0,0,0
10.48909616470337,9.0,0.0,0.0,0.0,0.0,0.0,0.0,0.0,0.0,0.03,0,0,0,0,0,0,0,0,0,0,0,0,0,0,0,0,0,0,0,0,0
10.490434646606445,9.0,0.0,0.0,0.0,0.0,0.0,0.0,0.0,0.0,0.03,0,0,0,0,0,0,0,0,0,0,0,0,0,0,0,0,0,0,0,0,0
10.491615056991577,9.0,0.0,0.0,0.0,0.0,0.0,0.0,0.0,0.0,0.03,0,0,0,0,0,0,0,0,0,0,0,0,0,0,0,0,0,0,0,0,0
10.493478059768677,9.0,0.0,0.0,0.0,0.0,0.0,0.0,0.0,0.0,0.03,0,0,0,0,0,0,0,0,0,0,0,0,0,0,0,0,0,0,0,0,0
10.494566202163696,9.0,0.0,0.0,0.0,0.0,0.0,0.0,0.0,0.0,0.03,0,0,0,0,0,0,0,0,0,0,0,0,0,0,0,0,0,0,0,0,0
10.497001886367798,9.0,0.0,0.0,0.0,0.0,0.0,0.0,0.0,0.0,0.03,0,0,0,0,0,0,0,0,0,0,0,0,0,0,0,0,0,0,0,0,0
10.49824070930481,9.0,0.0,0.0,0.0,0.0,0.0,0.0,0.0,0.0,0.03,0,0,0,0,0,0,0,0,0,0,0,0,0,0,0,0,0,0,0,0,0
10.499319791793823,9.0,0.0,0.0,0.0,0.0,0.0,0.0,0.0,0.0,0.03,0,0,0,0,0,0,0,0,0,0,0,0,0,0,0,0,0,0,0,0,0
10.501052141189575,9.0,0.0,0.0,0.0,0.0,0.0,0.0,0.0,0.0,0.03,0,0,0,0,0,0,0,0,0,0,0,0,0,0,0,0,0,0,0,0,0
10.502145051956177,9.0,0.0,0.0,0.0,0.0,0.0,0.0,0.0,0.0,0.03,0,0,0,0,0,0,0,0,0,0,0,0,0,0,0,0,0,0,0,0,0
10.503318786621094,9.0,0.0,0.0,0.0,0.0,0.0,0.0,0.0,0.0,0.03,0,0,0,0,0,0,0,0,0,0,0,0,0,0,0,0,0,0,0,0,0
10.504405498504639,9.0,0.0,0.0,0.0,0.0,0.0,0.0,0.0,0.0,0.03,0,0,0,0,0,0,0,0,0,0,0,0,0,0,0,0,0,0,0,0,0
10.505777597427368,9.0,0.0,0.0,0.0,0.0,0.0,0.0,0.0,0.0,0.03,0,0,0,0,0,0,0,0,0,0,0,0,0,0,0,0,0,0,0,0,0
10.50711703300476,9.0,0.0,0.0,0.0,0.0,0.0,0.0,0.0,0.0,0.03,0,0,0,0,0,0,0,0,0,0,0,0,0,0,0,0,0,0,0,0,0
10.50893783569336,9.0,0.0,0.0,0.0,0.0,0.0,0.0,0.0,0.0,0.03,0,0,0,0,0,0,0,0,0,0,0,0,0,0,0,0,0,0,0,0,0
10.510182857513428,9.0,0.0,0.0,0.0,0.0,0.0,0.0,0.0,0.0,0.03,0,0,0,0,0,0,0,0,0,0,0,0,0,0,0,0,0,0,0,0,0
10.511338472366333,9.0,0.0,0.0,0.0,0.0,0.0,0.0,0.0,0.0,0.03,0,0,0,0,0,0,0,0,0,0,0,0,0,0,0,0,0,0,0,0,0
10.512542963027954,9.0,0.0,0.0,0.0,0.0,0.0,0.0,0.0,0.0,0.03,0,0,0,0,0,0,0,0,0,0,0,0,0,0,0,0,0,0,0,0,0
10.514442443847656,9.0,0.0,0.0,0.0,0.0,0.0,0.0,0.0,0.0,0.03,0,0,0,0,0,0,0,0,0,0,0,0,0,0,0,0,0,0,0,0,0
10.515722274780273,9.0,0.0,0.0,0.0,0.0,0.0,0.0,0.0,0.0,0.03,0,0,0,0,0,0,0,0,0,0,0,0,0,0,0,0,0,0,0,0,0
10.517203569412231,9.0,0.0,0.0,0.0,0.0,0.0,0.0,0.0,0.0,0.03,0,0,0,0,0,0,0,0,0,0,0,0,0,0,0,0,0,0,0,0,0
10.518399238586426,9.0,0.0,0.0,0.0,0.0,0.0,0.0,0.0,0.0,0.03,0,0,0,0,0,0,0,0,0,0,0,0,0,0,0,0,0,0,0,0,0
10.521522045135498,9.0,0.0,0.0,0.0,0.0,0.0,0.0,0.0,0.0,0.03,0,0,0,0,0,0,0,0,0,0,0,0,0,0,0,0,0,0,0,0,0
10.522632122039795,9.0,0.0,0.0,0.0,0.0,0.0,0.0,0.0,0.0,0.03,0,0,0,0,0,0,0,0,0,0,0,0,0,0,0,0,0,0,0,0,0
10.523809909820557,9.0,0.0,0.0,0.0,0.0,0.0,0.0,0.0,0.0,0.03,0,0,0,0,0,0,0,0,0,0,0,0,0,0,0,0,0,0,0,0,0
10.524896621704102,9.0,0.0,0.0,0.0,0.0,0.0,0.0,0.0,0.0,0.03,0,0,0,0,0,0,0,0,0,0,0,0,0,0,0,0,0,0,0,0,0
10.526004314422607,9.0,0.0,0.0,0.0,0.0,0.0,0.0,0.0,0.0,0.03,0,0,0,0,0,0,0,0,0,0,0,0,0,0,0,0,0,0,0,0,0
10.528120279312134,9.0,0.0,0.0,0.0,0.0,0.0,0.0,0.0,0.0,0.03,0,0,0,0,0,0,0,0,0,0,0,0,0,0,0,0,0,0,0,0,0
10.529470682144165,9.0,0.0,0.0,0.0,0.0,0.0,0.0,0.0,0.0,0.03,0,0,0,0,0,0,0,0,0,0,0,0,0,0,0,0,0,0,0,0,0
10.530951738357544,9.0,0.0,0.0,0.0,0.0,0.0,0.0,0.0,0.0,0.03,0,0,0,0,0,0,0,0,0,0,0,0,0,0,0,0,0,0,0,0,0
10.532508134841919,9.0,0.0,0.0,0.0,0.0,0.0,0.0,0.0,0.0,0.03,0,0,0,0,0,0,0,0,0,0,0,0,0,0,0,0,0,0,0,0,0
10.533656597137451,9.0,0.0,0.0,0.0,0.0,0.0,0.0,0.0,0.0,0.03,0,0,0,0,0,0,0,0,0,0,0,0,0,0,0,0,0,0,0,0,0
10.535064458847046,9.0,0.0,0.0,0.0,0.0,0.0,0.0,0.0,0.0,0.03,0,0,0,0,0,0,0,0,0,0,0,0,0,0,0,0,0,0,0,0,0
10.536264896392822,9.0,0.0,0.0,0.0,0.0,0.0,0.0,0.0,0.0,0.03,0,0,0,0,0,0,0,0,0,0,0,0,0,0,0,0,0,0,0,0,0
10.53853154182434,9.0,0.0,0.0,0.0,0.0,0.0,0.0,0.0,0.0,0.03,0,0,0,0,0,0,0,0,0,0,0,0,0,0,0,0,0,0,0,0,0
10.539986848831177,9.0,0.0,0.0,0.0,0.0,0.0,0.0,0.0,0.0,0.03,0,0,0,0,0,0,0,0,0,0,0,0,0,0,0,0,0,0,0,0,0
10.541170597076416,9.0,0.0,0.0,0.0,0.0,0.0,0.0,0.0,0.0,0.03,0,0,0,0,0,0,0,0,0,0,0,0,0,0,0,0,0,0,0,0,0
10.543418169021606,9.0,0.0,0.0,0.0,0.0,0.0,0.0,0.0,0.0,0.03,0,0,0,0,0,0,0,0,0,0,0,0,0,0,0,0,0,0,0,0,0
10.544807195663452,9.0,0.0,0.0,0.0,0.0,0.0,0.0,0.0,0.0,0.03,0,0,0,0,0,0,0,0,0,0,0,0,0,0,0,0,0,0,0,0,0
10.545880794525146,9.0,0.0,0.0,0.0,0.0,0.0,0.0,0.0,0.0,0.03,0,0,0,0,0,0,0,0,0,0,0,0,0,0,0,0,0,0,0,0,0
10.54701018333435,9.0,0.0,0.0,0.0,0.0,0.0,0.0,0.0,0.0,0.03,0,0,0,0,0,0,0,0,0,0,0,0,0,0,0,0,0,0,0,0,0
10.548069953918457,9.0,0.0,0.0,0.0,0.0,0.0,0.0,0.0,0.0,0.03,0,0,0,0,0,0,0,0,0,0,0,0,0,0,0,0,0,0,0,0,0
10.549269199371338,9.0,0.0,0.0,0.0,0.0,0.0,0.0,0.0,0.0,0.03,0,0,0,0,0,0,0,0,0,0,0,0,0,0,0,0,0,0,0,0,0
10.550475120544434,9.0,0.0,0.0,0.0,0.0,0.0,0.0,0.0,0.0,0.03,0,0,0,0,0,0,0,0,0,0,0,0,0,0,0,0,0,0,0,0,0
10.551557540893555,9.0,0.0,0.0,0.0,0.0,0.0,0.0,0.0,0.0,0.03,0,0,0,0,0,0,0,0,0,0,0,0,0,0,0,0,0,0,0,0,0
10.553457498550415,9.0,0.0,0.0,0.0,0.0,0.0,0.0,0.0,0.0,0.03,0,0,0,0,0,0,0,0,0,0,0,0,0,0,0,0,0,0,0,0,0
10.554562091827393,9.0,0.0,0.0,0.0,0.0,0.0,0.0,0.0,0.0,0.03,0,0,0,0,0,0,0,0,0,0,0,0,0,0,0,0,0,0,0,0,0
10.556219339370728,9.0,0.0,0.0,0.0,0.0,0.0,0.0,0.0,0.0,0.03,0,0,0,0,0,0,0,0,0,0,0,0,0,0,0,0,0,0,0,0,0
10.557430028915405,9.0,0.0,0.0,0.0,0.0,0.0,0.0,0.0,0.0,0.03,0,0,0,0,0,0,0,0,0,0,0,0,0,0,0,0,0,0,0,0,0
10.558809280395508,9.0,0.0,0.0,0.0,0.0,0.0,0.0,0.0,0.0,0.03,0,0,0,0,0,0,0,0,0,0,0,0,0,0,0,0,0,0,0,0,0
10.55997610092163,9.0,0.0,0.0,0.0,0.0,0.0,0.0,0.0,0.0,0.03,0,0,0,0,0,0,0,0,0,0,0,0,0,0,0,0,0,0,0,0,0
10.561690092086792,9.0,0.0,0.0,0.0,0.0,0.0,0.0,0.0,0.0,0.03,0,0,0,0,0,0,0,0,0,0,0,0,0,0,0,0,0,0,0,0,0
10.563210010528564,9.0,0.0,0.0,0.0,0.0,0.0,0.0,0.0,0.0,0.03,0,0,0,0,0,0,0,0,0,0,0,0,0,0,0,0,0,0,0,0,0
10.564392805099487,9.0,0.0,0.0,0.0,0.0,0.0,0.0,0.0,0.0,0.03,0,0,0,0,0,0,0,0,0,0,0,0,0,0,0,0,0,0,0,0,0
10.565889120101929,9.0,0.0,0.0,0.0,0.0,0.0,0.0,0.0,0.0,0.03,0,0,0,0,0,0,0,0,0,0,0,0,0,0,0,0,0,0,0,0,0
10.567135572433472,9.0,0.0,0.0,0.0,0.0,0.0,0.0,0.0,0.0,0.03,0,0,0,0,0,0,0,0,0,0,0,0,0,0,0,0,0,0,0,0,0
10.568389892578125,9.0,0.0,0.0,0.0,0.0,0.0,0.0,0.0,0.0,0.03,0,0,0,0,0,0,0,0,0,0,0,0,0,0,0,0,0,0,0,0,0
10.569469213485718,9.0,0.0,0.0,0.0,0.0,0.0,0.0,0.0,0.0,0.03,0,0,0,0,0,0,0,0,0,0,0,0,0,0,0,0,0,0,0,0,0
10.570570468902588,9.0,0.0,0.0,0.0,0.0,0.0,0.0,0.0,0.0,0.03,0,0,0,0,0,0,0,0,0,0,0,0,0,0,0,0,0,0,0,0,0
10.571789026260376,9.0,0.0,0.0,0.0,0.0,0.0,0.0,0.0,0.0,0.03,0,0,0,0,0,0,0,0,0,0,0,0,0,0,0,0,0,0,0,0,0
10.573145151138306,9.0,0.0,0.0,0.0,0.0,0.0,0.0,0.0,0.0,0.03,0,0,0,0,0,0,0,0,0,0,0,0,0,0,0,0,0,0,0,0,0
10.574231624603271,9.0,0.0,0.0,0.0,0.0,0.0,0.0,0.0,0.0,0.03,0,0,0,0,0,0,0,0,0,0,0,0,0,0,0,0,0,0,0,0,0
10.575659275054932,9.0,0.0,0.0,0.0,0.0,0.0,0.0,0.0,0.0,0.03,0,0,0,0,0,0,0,0,0,0,0,0,0,0,0,0,0,0,0,0,0
10.579706192016602,9.0,0.0,0.0,0.0,0.0,0.0,0.0,0.0,0.0,0.03,0,0,0,0,0,0,0,0,0,0,0,0,0,0,0,0,0,0,0,0,0
10.580973386764526,9.0,0.0,0.0,0.0,0.0,0.0,0.0,0.0,0.0,0.03,0,0,0,0,0,0,0,0,0,0,0,0,0,0,0,0,0,0,0,0,0
10.582427740097046,9.0,0.0,0.0,0.0,0.0,0.0,0.0,0.0,0.0,0.03,0,0,0,0,0,0,0,0,0,0,0,0,0,0,0,0,0,0,0,0,0
10.583522081375122,9.0,0.0,0.0,0.0,0.0,0.0,0.0,0.0,0.0,0.03,0,0,0,0,0,0,0,0,0,0,0,0,0,0,0,0,0,0,0,0,0
10.584672689437866,9.0,0.0,0.0,0.0,0.0,0.0,0.0,0.0,0.0,0.03,0,0,0,0,0,0,0,0,0,0,0,0,0,0,0,0,0,0,0,0,0
10.585765838623047,9.0,0.0,0.0,0.0,0.0,0.0,0.0,0.0,0.0,0.03,0,0,0,0,0,0,0,0,0,0,0,0,0,0,0,0,0,0,0,0,0
10.58695673942566,9.0,0.0,0.0,0.0,0.0,0.0,0.0,0.0,0.0,0.03,0,0,0,0,0,0,0,0,0,0,0,0,0,0,0,0,0,0,0,0,0
10.588568687438965,9.0,0.0,0.0,0.0,0.0,0.0,0.0,0.0,0.0,0.03,0,0,0,0,0,0,0,0,0,0,0,0,0,0,0,0,0,0,0,0,0
10.589886665344238,9.0,0.0,0.0,0.0,0.0,0.0,0.0,0.0,0.0,0.03,0,0,0,0,0,0,0,0,0,0,0,0,0,0,0,0,0,0,0,0,0
10.591799974441528,9.0,0.0,0.0,0.0,0.0,0.0,0.0,0.0,0.0,0.03,0,0,0,0,0,0,0,0,0,0,0,0,0,0,0,0,0,0,0,0,0
10.593908786773682,9.0,0.0,0.0,0.0,0.0,0.0,0.0,0.0,0.0,0.03,0,0,0,0,0,0,0,0,0,0,0,0,0,0,0,0,0,0,0,0,0
10.595307350158691,9.0,0.0,0.0,0.0,0.0,0.0,0.0,0.0,0.0,0.03,0,0,0,0,0,0,0,0,0,0,0,0,0,0,0,0,0,0,0,0,0
10.596500158309937,9.0,0.0,0.0,0.0,0.0,0.0,0.0,0.0,0.0,0.03,0,0,0,0,0,0,0,0,0,0,0,0,0,0,0,0,0,0,0,0,0
10.597597122192383,9.0,0.0,0.0,0.0,0.0,0.0,0.0,0.0,0.0,0.03,0,0,0,0,0,0,0,0,0,0,0,0,0,0,0,0,0,0,0,0,0
10.599218606948853,9.0,0.0,0.0,0.0,0.0,0.0,0.0,0.0,0.0,0.03,0,0,0,0,0,0,0,0,0,0,0,0,0,0,0,0,0,0,0,0,0
10.601011037826538,9.0,0.0,0.0,0.0,0.0,0.0,0.0,0.0,0.0,0.03,0,0,0,0,0,0,0,0,0,0,0,0,0,0,0,0,0,0,0,0,0
10.603121995925903,9.0,0.0,0.0,0.0,0.0,0.0,0.0,0.0,0.0,0.03,0,0,0,0,0,0,0,0,0,0,0,0,0,0,0,0,0,0,0,0,0
10.604912996292114,9.0,0.0,0.0,0.0,0.0,0.0,0.0,0.0,0.0,0.03,0,0,0,0,0,0,0,0,0,0,0,0,0,0,0,0,0,0,0,0,0
10.606253147125244,9.0,0.0,0.0,0.0,0.0,0.0,0.0,0.0,0.0,0.03,0,0,0,0,0,0,0,0,0,0,0,0,0,0,0,0,0,0,0,0,0
10.607351779937744,9.0,0.0,0.0,0.0,0.0,0.0,0.0,0.0,0.0,0.03,0,0,0,0,0,0,0,0,0,0,0,0,0,0,0,0,0,0,0,0,0
10.608731508255005,9.0,0.0,0.0,0.0,0.0,0.0,0.0,0.0,0.0,0.03,0,0,0,0,0,0,0,0,0,0,0,0,0,0,0,0,0,0,0,0,0
10.610398769378662,9.0,0.0,0.0,0.0,0.0,0.0,0.0,0.0,0.0,0.03,0,0,0,0,0,0,0,0,0,0,0,0,0,0,0,0,0,0,0,0,0
10.611860513687134,9.0,0.0,0.0,0.0,0.0,0.0,0.0,0.0,0.0,0.03,0,0,0,0,0,0,0,0,0,0,0,0,0,0,0,0,0,0,0,0,0
10.612972259521484,9.0,0.0,0.0,0.0,0.0,0.0,0.0,0.0,0.0,0.03,0,0,0,0,0,0,0,0,0,0,0,0,0,0,0,0,0,0,0,0,0
10.614033937454224,9.0,0.0,0.0,0.0,0.0,0.0,0.0,0.0,0.0,0.03,0,0,0,0,0,0,0,0,0,0,0,0,0,0,0,0,0,0,0,0,0
10.616127490997314,9.0,0.0,0.0,0.0,0.0,0.0,0.0,0.0,0.0,0.03,0,0,0,0,0,0,0,0,0,0,0,0,0,0,0,0,0,0,0,0,0
10.617615222930908,9.0,0.0,0.0,0.0,0.0,0.0,0.0,0.0,0.0,0.03,0,0,0,0,0,0,0,0,0,0,0,0,0,0,0,0,0,0,0,0,0
10.618721723556519,9.0,0.0,0.0,0.0,0.0,0.0,0.0,0.0,0.0,0.03,0,0,0,0,0,0,0,0,0,0,0,0,0,0,0,0,0,0,0,0,0
10.619817018508911,9.0,0.0,0.0,0.0,0.0,0.0,0.0,0.0,0.0,0.03,0,0,0,0,0,0,0,0,0,0,0,0,0,0,0,0,0,0,0,0,0
10.620902061462402,9.0,0.0,0.0,0.0,0.0,0.0,0.0,0.0,0.0,0.03,0,0,0,0,0,0,0,0,0,0,0,0,0,0,0,0,0,0,0,0,0
10.622090578079224,9.0,0.0,0.0,0.0,0.0,0.0,0.0,0.0,0.0,0.03,0,0,0,0,0,0,0,0,0,0,0,0,0,0,0,0,0,0,0,0,0
10.623284339904785,9.0,0.0,0.0,0.0,0.0,0.0,0.0,0.0,0.0,0.03,0,0,0,0,0,0,0,0,0,0,0,0,0,0,0,0,0,0,0,0,0
10.62434983253479,9.0,0.0,0.0,0.0,0.0,0.0,0.0,0.0,0.0,0.03,0,0,0,0,0,0,0,0,0,0,0,0,0,0,0,0,0,0,0,0,0
10.625553131103516,9.0,0.0,0.0,0.0,0.0,0.0,0.0,0.0,0.0,0.03,0,0,0,0,0,0,0,0,0,0,0,0,0,0,0,0,0,0,0,0,0
10.627450466156006,9.0,0.0,0.0,0.0,0.0,0.0,0.0,0.0,0.0,0.03,0,0,0,0,0,0,0,0,0,0,0,0,0,0,0,0,0,0,0,0,0
10.62857985496521,9.0,0.0,0.0,0.0,0.0,0.0,0.0,0.0,0.0,0.03,0,0,0,0,0,0,0,0,0,0,0,0,0,0,0,0,0,0,0,0,0
10.630743026733398,9.0,0.0,0.0,0.0,0.0,0.0,0.0,0.0,0.0,0.03,0,0,0,0,0,0,0,0,0,0,0,0,0,0,0,0,0,0,0,0,0
10.631946086883545,9.0,0.0,0.0,0.0,0.0,0.0,0.0,0.0,0.0,0.03,0,0,0,0,0,0,0,0,0,0,0,0,0,0,0,0,0,0,0,0,0
10.633155822753906,9.0,0.0,0.0,0.0,0.0,0.0,0.0,0.0,0.0,0.03,0,0,0,0,0,0,0,0,0,0,0,0,0,0,0,0,0,0,0,0,0
10.635053396224976,9.0,0.0,0.0,0.0,0.0,0.0,0.0,0.0,0.0,0.03,0,0,0,0,0,0,0,0,0,0,0,0,0,0,0,0,0,0,0,0,0
10.63664984703064,9.0,0.0,0.0,0.0,0.0,0.0,0.0,0.0,0.0,0.03,0,0,0,0,0,0,0,0,0,0,0,0,0,0,0,0,0,0,0,0,0
10.637743949890137,9.0,0.0,0.0,0.0,0.0,0.0,0.0,0.0,0.0,0.03,0,0,0,0,0,0,0,0,0,0,0,0,0,0,0,0,0,0,0,0,0
10.63899040222168,9.0,0.0,0.0,0.0,0.0,0.0,0.0,0.0,0.0,0.03,0,0,0,0,0,0,0,0,0,0,0,0,0,0,0,0,0,0,0,0,0
10.640350818634033,9.0,0.0,0.0,0.0,0.0,0.0,0.0,0.0,0.0,0.03,0,0,0,0,0,0,0,0,0,0,0,0,0,0,0,0,0,0,0,0,0
10.64144515991211,9.0,0.0,0.0,0.0,0.0,0.0,0.0,0.0,0.0,0.03,0,0,0,0,0,0,0,0,0,0,0,0,0,0,0,0,0,0,0,0,0
10.642529010772705,9.0,0.0,0.0,0.0,0.0,0.0,0.0,0.0,0.0,0.03,0,0,0,0,0,0,0,0,0,0,0,0,0,0,0,0,0,0,0,0,0
10.643618822097778,9.0,0.0,0.0,0.0,0.0,0.0,0.0,0.0,0.0,0.03,0,0,0,0,0,0,0,0,0,0,0,0,0,0,0,0,0,0,0,0,0
10.644737005233765,9.0,0.0,0.0,0.0,0.0,0.0,0.0,0.0,0.0,0.03,0,0,0,0,0,0,0,0,0,0,0,0,0,0,0,0,0,0,0,0,0
10.646013021469116,9.0,0.0,0.0,0.0,0.0,0.0,0.0,0.0,0.0,0.03,0,0,0,0,0,0,0,0,0,0,0,0,0,0,0,0,0,0,0,0,0
10.647176504135132,9.0,0.0,0.0,0.0,0.0,0.0,0.0,0.0,0.0,0.03,0,0,0,0,0,0,0,0,0,0,0,0,0,0,0,0,0,0,0,0,0
10.649174690246582,9.0,0.0,0.0,0.0,0.0,0.0,0.0,0.0,0.0,0.03,0,0,0,0,0,0,0,0,0,0,0,0,0,0,0,0,0,0,0,0,0
10.650510311126709,9.0,0.0,0.0,0.0,0.0,0.0,0.0,0.0,0.0,0.03,0,0,0,0,0,0,0,0,0,0,0,0,0,0,0,0,0,0,0,0,0
10.652706861495972,9.0,0.0,0.0,0.0,0.0,0.0,0.0,0.0,0.0,0.03,0,0,0,0,0,0,0,0,0,0,0,0,0,0,0,0,0,0,0,0,0
10.653918504714966,9.0,0.0,0.0,0.0,0.0,0.0,0.0,0.0,0.0,0.03,0,0,0,0,0,0,0,0,0,0,0,0,0,0,0,0,0,0,0,0,0
10.655697584152222,9.0,0.0,0.0,0.0,0.0,0.0,0.0,0.0,0.0,0.03,0,0,0,0,0,0,0,0,0,0,0,0,0,0,0,0,0,0,0,0,0
10.657341241836548,9.0,0.0,0.0,0.0,0.0,0.0,0.0,0.0,0.0,0.03,0,0,0,0,0,0,0,0,0,0,0,0,0,0,0,0,0,0,0,0,0
10.658510446548462,9.0,0.0,0.0,0.0,0.0,0.0,0.0,0.0,0.0,0.03,0,0,0,0,0,0,0,0,0,0,0,0,0,0,0,0,0,0,0,0,0
10.660341024398804,9.0,0.0,0.0,0.0,0.0,0.0,0.0,0.0,0.0,0.03,0,0,0,0,0,0,0,0,0,0,0,0,0,0,0,0,0,0,0,0,0
10.661836862564087,9.0,0.0,0.0,0.0,0.0,0.0,0.0,0.0,0.0,0.03,0,0,0,0,0,0,0,0,0,0,0,0,0,0,0,0,0,0,0,0,0
10.666579961776733,9.0,0.0,0.0,0.0,0.0,0.0,0.0,0.0,0.0,0.03,0,0,0,0,0,0,0,0,0,0,0,0,0,0,0,0,0,0,0,0,0
10.668508768081665,9.0,0.0,0.0,0.0,0.0,0.0,0.0,0.0,0.0,0.03,0,0,0,0,0,0,0,0,0,0,0,0,0,0,0,0,0,0,0,0,0
10.670073509216309,9.0,0.0,0.0,0.0,0.0,0.0,0.0,0.0,0.0,0.03,0,0,0,0,0,0,0,0,0,0,0,0,0,0,0,0,0,0,0,0,0
10.671896934509277,9.0,0.0,0.0,0.0,0.0,0.0,0.0,0.0,0.0,0.03,0,0,0,0,0,0,0,0,0,0,0,0,0,0,0,0,0,0,0,0,0
10.673828363418579,9.0,0.0,0.0,0.0,0.0,0.0,0.0,0.0,0.0,0.03,0,0,0,0,0,0,0,0,0,0,0,0,0,0,0,0,0,0,0,0,0
10.675129413604736,9.0,0.0,0.0,0.0,0.0,0.0,0.0,0.0,0.0,0.03,0,0,0,0,0,0,0,0,0,0,0,0,0,0,0,0,0,0,0,0,0
10.676324844360352,9.0,0.0,0.0,0.0,0.0,0.0,0.0,0.0,0.0,0.03,0,0,0,0,0,0,0,0,0,0,0,0,0,0,0,0,0,0,0,0,0
10.677818059921265,9.0,0.0,0.0,0.0,0.0,0.0,0.0,0.0,0.0,0.03,0,0,0,0,0,0,0,0,0,0,0,0,0,0,0,0,0,0,0,0,0
10.679540395736694,9.0,0.0,0.0,0.0,0.0,0.0,0.0,0.0,0.0,0.03,0,0,0,0,0,0,0,0,0,0,0,0,0,0,0,0,0,0,0,0,0
10.680757522583008,9.0,0.0,0.0,0.0,0.0,0.0,0.0,0.0,0.0,0.03,0,0,0,0,0,0,0,0,0,0,0,0,0,0,0,0,0,0,0,0,0
10.682527542114258,9.0,0.0,0.0,0.0,0.0,0.0,0.0,0.0,0.0,0.03,0,0,0,0,0,0,0,0,0,0,0,0,0,0,0,0,0,0,0,0,0
10.68363332748413,9.0,0.0,0.0,0.0,0.0,0.0,0.0,0.0,0.0,0.03,0,0,0,0,0,0,0,0,0,0,0,0,0,0,0,0,0,0,0,0,0
10.684733390808105,9.0,0.0,0.0,0.0,0.0,0.0,0.0,0.0,0.0,0.03,0,0,0,0,0,0,0,0,0,0,0,0,0,0,0,0,0,0,0,0,0
10.685824632644653,9.0,0.0,0.0,0.0,0.0,0.0,0.0,0.0,0.0,0.03,0,0,0,0,0,0,0,0,0,0,0,0,0,0,0,0,0,0,0,0,0
10.687096357345581,9.0,0.0,0.0,0.0,0.0,0.0,0.0,0.0,0.0,0.03,0,0,0,0,0,0,0,0,0,0,0,0,0,0,0,0,0,0,0,0,0
10.68824815750122,9.0,0.0,0.0,0.0,0.0,0.0,0.0,0.0,0.0,0.03,0,0,0,0,0,0,0,0,0,0,0,0,0,0,0,0,0,0,0,0,0
10.689318418502808,9.0,0.0,0.0,0.0,0.0,0.0,0.0,0.0,0.0,0.03,0,0,0,0,0,0,0,0,0,0,0,0,0,0,0,0,0,0,0,0,0
10.690751314163208,9.0,0.0,0.0,0.0,0.0,0.0,0.0,0.0,0.0,0.03,0,0,0,0,0,0,0,0,0,0,0,0,0,0,0,0,0,0,0,0,0
10.691985607147217,9.0,0.0,0.0,0.0,0.0,0.0,0.0,0.0,0.0,0.03,0,0,0,0,0,0,0,0,0,0,0,0,0,0,0,0,0,0,0,0,0
10.693419694900513,9.0,0.0,0.0,0.0,0.0,0.0,0.0,0.0,0.0,0.03,0,0,0,0,0,0,0,0,0,0,0,0,0,0,0,0,0,0,0,0,0
10.694560766220093,9.0,0.0,0.0,0.0,0.0,0.0,0.0,0.0,0.0,0.03,0,0,0,0,0,0,0,0,0,0,0,0,0,0,0,0,0,0,0,0,0
10.697698593139648,9.0,0.0,0.0,0.0,0.0,0.0,0.0,0.0,0.0,0.03,0,0,0,0,0,0,0,0,0,0,0,0,0,0,0,0,0,0,0,0,0
10.698848724365234,9.0,0.0,0.0,0.0,0.0,0.0,0.0,0.0,0.0,0.03,0,0,0,0,0,0,0,0,0,0,0,0,0,0,0,0,0,0,0,0,0
10.70000410079956,9.0,0.0,0.0,0.0,0.0,0.0,0.0,0.0,0.0,0.03,0,0,0,0,0,0,0,0,0,0,0,0,0,0,0,0,0,0,0,0,0
10.701643705368042,9.0,0.0,0.0,0.0,0.0,0.0,0.0,0.0,0.0,0.03,0,0,0,0,0,0,0,0,0,0,0,0,0,0,0,0,0,0,0,0,0
10.702789068222046,9.0,0.0,0.0,0.0,0.0,0.0,0.0,0.0,0.0,0.03,0,0,0,0,0,0,0,0,0,0,0,0,0,0,0,0,0,0,0,0,0
10.704028844833374,9.0,0.0,0.0,0.0,0.0,0.0,0.0,0.0,0.0,0.03,0,0,0,0,0,0,0,0,0,0,0,0,0,0,0,0,0,0,0,0,0
10.705223083496094,9.0,0.0,0.0,0.0,0.0,0.0,0.0,0.0,0.0,0.03,0,0,0,0,0,0,0,0,0,0,0,0,0,0,0,0,0,0,0,0,0
10.706358432769775,9.0,0.0,0.0,0.0,0.0,0.0,0.0,0.0,0.0,0.03,0,0,0,0,0,0,0,0,0,0,0,0,0,0,0,0,0,0,0,0,0
10.70789361000061,9.0,0.0,0.0,0.0,0.0,0.0,0.0,0.0,0.0,0.03,0,0,0,0,0,0,0,0,0,0,0,0,0,0,0,0,0,0,0,0,0
10.709118127822876,9.0,0.0,0.0,0.0,0.0,0.0,0.0,0.0,0.0,0.03,0,0,0,0,0,0,0,0,0,0,0,0,0,0,0,0,0,0,0,0,0
10.710202693939209,9.0,0.0,0.0,0.0,0.0,0.0,0.0,0.0,0.0,0.03,0,0,0,0,0,0,0,0,0,0,0,0,0,0,0,0,0,0,0,0,0
10.711303949356079,9.0,0.0,0.0,0.0,0.0,0.0,0.0,0.0,0.0,0.03,0,0,0,0,0,0,0,0,0,0,0,0,0,0,0,0,0,0,0,0,0
10.712420463562012,9.0,0.0,0.0,0.0,0.0,0.0,0.0,0.0,0.0,0.03,0,0,0,0,0,0,0,0,0,0,0,0,0,0,0,0,0,0,0,0,0
10.713665246963501,9.0,0.0,0.0,0.0,0.0,0.0,0.0,0.0,0.0,0.03,0,0,0,0,0,0,0,0,0,0,0,0,0,0,0,0,0,0,0,0,0
10.714988470077515,9.0,0.0,0.0,0.0,0.0,0.0,0.0,0.0,0.0,0.03,0,0,0,0,0,0,0,0,0,0,0,0,0,0,0,0,0,0,0,0,0
10.716559171676636,9.0,0.0,0.0,0.0,0.0,0.0,0.0,0.0,0.0,0.03,0,0,0,0,0,0,0,0,0,0,0,0,0,0,0,0,0,0,0,0,0
10.721128225326538,9.0,0.0,0.0,0.0,0.0,0.0,0.0,0.0,0.0,0.03,0,0,0,0,0,0,0,0,0,0,0,0,0,0,0,0,0,0,0,0,0
10.722423076629639,9.0,0.0,0.0,0.0,0.0,0.0,0.0,0.0,0.0,0.03,0,0,0,0,0,0,0,0,0,0,0,0,0,0,0,0,0,0,0,0,0
10.724013090133667,9.0,0.0,0.0,0.0,0.0,0.0,0.0,0.0,0.0,0.03,0,0,0,0,0,0,0,0,0,0,0,0,0,0,0,0,0,0,0,0,0
10.72596025466919,9.0,0.0,0.0,0.0,0.0,0.0,0.0,0.0,0.0,0.03,0,0,0,0,0,0,0,0,0,0,0,0,0,0,0,0,0,0,0,0,0
10.72713565826416,9.0,0.0,0.0,0.0,0.0,0.0,0.0,0.0,0.0,0.03,0,0,0,0,0,0,0,0,0,0,0,0,0,0,0,0,0,0,0,0,0
10.72840404510498,9.0,0.0,0.0,0.0,0.0,0.0,0.0,0.0,0.0,0.03,0,0,0,0,0,0,0,0,0,0,0,0,0,0,0,0,0,0,0,0,0
10.730104923248291,9.0,0.0,0.0,0.0,0.0,0.0,0.0,0.0,0.0,0.03,0,0,0,0,0,0,0,0,0,0,0,0,0,0,0,0,0,0,0,0,0
10.731196641921997,9.0,0.0,0.0,0.0,0.0,0.0,0.0,0.0,0.0,0.03,0,0,0,0,0,0,0,0,0,0,0,0,0,0,0,0,0,0,0,0,0
10.73478364944458,9.0,0.0,0.0,0.0,0.0,0.0,0.0,0.0,0.0,0.03,0,0,0,0,0,0,0,0,0,0,0,0,0,0,0,0,0,0,0,0,0
10.736775636672974,9.0,0.0,0.0,0.0,0.0,0.0,0.0,0.0,0.0,0.03,0,0,0,0,0,0,0,0,0,0,0,0,0,0,0,0,0,0,0,0,0
10.738499164581299,9.0,0.0,0.0,0.0,0.0,0.0,0.0,0.0,0.0,0.03,0,0,0,0,0,0,0,0,0,0,0,0,0,0,0,0,0,0,0,0,0
10.74009108543396,9.0,0.0,0.0,0.0,0.0,0.0,0.0,0.0,0.0,0.03,0,0,0,0,0,0,0,0,0,0,0,0,0,0,0,0,0,0,0,0,0
10.74154019355774,9.0,0.0,0.0,0.0,0.0,0.0,0.0,0.0,0.0,0.03,0,0,0,0,0,0,0,0,0,0,0,0,0,0,0,0,0,0,0,0,0
10.742665529251099,9.0,0.0,0.0,0.0,0.0,0.0,0.0,0.0,0.0,0.03,0,0,0,0,0,0,0,0,0,0,0,0,0,0,0,0,0,0,0,0,0
10.749168157577515,9.0,0.0,0.0,0.0,0.0,0.0,0.0,0.0,0.0,0.03,0,0,0,0,0,0,0,0,0,0,0,0,0,0,0,0,0,0,0,0,0
10.750613689422607,9.0,0.0,0.0,0.0,0.0,0.0,0.0,0.0,0.0,0.03,0,0,0,0,0,0,0,0,0,0,0,0,0,0,0,0,0,0,0,0,0
10.751896858215332,9.0,0.0,0.0,0.0,0.0,0.0,0.0,0.0,0.0,0.03,0,0,0,0,0,0,0,0,0,0,0,0,0,0,0,0,0,0,0,0,0
10.753123044967651,9.0,0.0,0.0,0.0,0.0,0.0,0.0,0.0,0.0,0.03,0,0,0,0,0,0,0,0,0,0,0,0,0,0,0,0,0,0,0,0,0
10.754280805587769,9.0,0.0,0.0,0.0,0.0,0.0,0.0,0.0,0.0,0.03,0,0,0,0,0,0,0,0,0,0,0,0,0,0,0,0,0,0,0,0,0
10.75552248954773,9.0,0.0,0.0,0.0,0.0,0.0,0.0,0.0,0.0,0.03,0,0,0,0,0,0,0,0,0,0,0,0,0,0,0,0,0,0,0,0,0
10.75660228729248,9.0,0.0,0.0,0.0,0.0,0.0,0.0,0.0,0.0,0.03,0,0,0,0,0,0,0,0,0,0,0,0,0,0,0,0,0,0,0,0,0
10.757877349853516,9.0,0.0,0.0,0.0,0.0,0.0,0.0,0.0,0.0,0.03,0,0,0,0,0,0,0,0,0,0,0,0,0,0,0,0,0,0,0,0,0
10.759063005447388,9.0,0.0,0.0,0.0,0.0,0.0,0.0,0.0,0.0,0.03,0,0,0,0,0,0,0,0,0,0,0,0,0,0,0,0,0,0,0,0,0
10.760141611099243,9.0,0.0,0.0,0.0,0.0,0.0,0.0,0.0,0.0,0.03,0,0,0,0,0,0,0,0,0,0,0,0,0,0,0,0,0,0,0,0,0
10.761217594146729,9.0,0.0,0.0,0.0,0.0,0.0,0.0,0.0,0.0,0.03,0,0,0,0,0,0,0,0,0,0,0,0,0,0,0,0,0,0,0,0,0
10.762381076812744,9.0,0.0,0.0,0.0,0.0,0.0,0.0,0.0,0.0,0.03,0,0,0,0,0,0,0,0,0,0,0,0,0,0,0,0,0,0,0,0,0
10.763567209243774,9.0,0.0,0.0,0.0,0.0,0.0,0.0,0.0,0.0,0.03,0,0,0,0,0,0,0,0,0,0,0,0,0,0,0,0,0,0,0,0,0
10.764734506607056,9.0,0.0,0.0,0.0,0.0,0.0,0.0,0.0,0.0,0.03,0,0,0,0,0,0,0,0,0,0,0,0,0,0,0,0,0,0,0,0,0
10.76599645614624,9.0,0.0,0.0,0.0,0.0,0.0,0.0,0.0,0.0,0.03,0,0,0,0,0,0,0,0,0,0,0,0,0,0,0,0,0,0,0,0,0
10.767327308654785,9.0,0.0,0.0,0.0,0.0,0.0,0.0,0.0,0.0,0.03,0,0,0,0,0,0,0,0,0,0,0,0,0,0,0,0,0,0,0,0,0
10.768876314163208,9.0,0.0,0.0,0.0,0.0,0.0,0.0,0.0,0.0,0.03,0,0,0,0,0,0,0,0,0,0,0,0,0,0,0,0,0,0,0,0,0
10.770789861679077,9.0,0.0,0.0,0.0,0.0,0.0,0.0,0.0,0.0,0.03,0,0,0,0,0,0,0,0,0,0,0,0,0,0,0,0,0,0,0,0,0
10.772460222244263,9.0,0.0,0.0,0.0,0.0,0.0,0.0,0.0,0.0,0.03,0,0,0,0,0,0,0,0,0,0,0,0,0,0,0,0,0,0,0,0,0
10.774065256118774,9.0,0.0,0.0,0.0,0.0,0.0,0.0,0.0,0.0,0.03,0,0,0,0,0,0,0,0,0,0,0,0,0,0,0,0,0,0,0,0,0
10.775274276733398,9.0,0.0,0.0,0.0,0.0,0.0,0.0,0.0,0.0,0.03,0,0,0,0,0,0,0,0,0,0,0,0,0,0,0,0,0,0,0,0,0
10.776371240615845,9.0,0.0,0.0,0.0,0.0,0.0,0.0,0.0,0.0,0.03,0,0,0,0,0,0,0,0,0,0,0,0,0,0,0,0,0,0,0,0,0
10.778321027755737,9.0,0.0,0.0,0.0,0.0,0.0,0.0,0.0,0.0,0.03,0,0,0,0,0,0,0,0,0,0,0,0,0,0,0,0,0,0,0,0,0
10.780157566070557,9.0,0.0,0.0,0.0,0.0,0.0,0.0,0.0,0.0,0.03,0,0,0,0,0,0,0,0,0,0,0,0,0,0,0,0,0,0,0,0,0
10.78123927116394,9.0,0.0,0.0,0.0,0.0,0.0,0.0,0.0,0.0,0.03,0,0,0,0,0,0,0,0,0,0,0,0,0,0,0,0,0,0,0,0,0
10.783119678497314,9.0,0.0,0.0,0.0,0.0,0.0,0.0,0.0,0.0,0.03,0,0,0,0,0,0,0,0,0,0,0,0,0,0,0,0,0,0,0,0,0
10.784935235977173,9.0,0.0,0.0,0.0,0.0,0.0,0.0,0.0,0.0,0.03,0,0,0,0,0,0,0,0,0,0,0,0,0,0,0,0,0,0,0,0,0
10.786244630813599,9.0,0.0,0.0,0.0,0.0,0.0,0.0,0.0,0.0,0.03,0,0,0,0,0,0,0,0,0,0,0,0,0,0,0,0,0,0,0,0,0
10.788150787353516,9.0,0.0,0.0,0.0,0.0,0.0,0.0,0.0,0.0,0.03,0,0,0,0,0,0,0,0,0,0,0,0,0,0,0,0,0,0,0,0,0
10.789378643035889,9.0,0.0,0.0,0.0,0.0,0.0,0.0,0.0,0.0,0.03,0,0,0,0,0,0,0,0,0,0,0,0,0,0,0,0,0,0,0,0,0
10.790827751159668,9.0,0.0,0.0,0.0,0.0,0.0,0.0,0.0,0.0,0.03,0,0,0,0,0,0,0,0,0,0,0,0,0,0,0,0,0,0,0,0,0
10.791951417922974,9.0,0.0,0.0,0.0,0.0,0.0,0.0,0.0,0.0,0.03,0,0,0,0,0,0,0,0,0,0,0,0,0,0,0,0,0,0,0,0,0
10.7936851978302,9.0,0.0,0.0,0.0,0.0,0.0,0.0,0.0,0.0,0.03,0,0,0,0,0,0,0,0,0,0,0,0,0,0,0,0,0,0,0,0,0
10.79619574546814,9.0,0.0,0.0,0.0,0.0,0.0,0.0,0.0,0.0,0.03,0,0,0,0,0,0,0,0,0,0,0,0,0,0,0,0,0,0,0,0,0
10.797475099563599,9.0,0.0,0.0,0.0,0.0,0.0,0.0,0.0,0.0,0.03,0,0,0,0,0,0,0,0,0,0,0,0,0,0,0,0,0,0,0,0,0
10.798704862594604,9.0,0.0,0.0,0.0,0.0,0.0,0.0,0.0,0.0,0.03,0,0,0,0,0,0,0,0,0,0,0,0,0,0,0,0,0,0,0,0,0
10.79991626739502,9.0,0.0,0.0,0.0,0.0,0.0,0.0,0.0,0.0,0.03,0,0,0,0,0,0,0,0,0,0,0,0,0,0,0,0,0,0,0,0,0
10.802330732345581,9.0,0.0,0.0,0.0,0.0,0.0,0.0,0.0,0.0,0.03,0,0,0,0,0,0,0,0,0,0,0,0,0,0,0,0,0,0,0,0,0
10.803486824035645,9.0,0.0,0.0,0.0,0.0,0.0,0.0,0.0,0.0,0.03,0,0,0,0,0,0,0,0,0,0,0,0,0,0,0,0,0,0,0,0,0
10.804683685302734,9.0,0.0,0.0,0.0,0.0,0.0,0.0,0.0,0.0,0.03,0,0,0,0,0,0,0,0,0,0,0,0,0,0,0,0,0,0,0,0,0
10.806543827056885,9.0,0.0,0.0,0.0,0.0,0.0,0.0,0.0,0.0,0.03,0,0,0,0,0,0,0,0,0,0,0,0,0,0,0,0,0,0,0,0,0
10.80762767791748,9.0,0.0,0.0,0.0,0.0,0.0,0.0,0.0,0.0,0.03,0,0,0,0,0,0,0,0,0,0,0,0,0,0,0,0,0,0,0,0,0
10.810467004776001,9.0,0.0,0.0,0.0,0.0,0.0,0.0,0.0,0.0,0.03,0,0,0,0,0,0,0,0,0,0,0,0,0,0,0,0,0,0,0,0,0
10.811922550201416,9.0,0.0,0.0,0.0,0.0,0.0,0.0,0.0,0.0,0.03,0,0,0,0,0,0,0,0,0,0,0,0,0,0,0,0,0,0,0,0,0
10.813408851623535,9.0,0.0,0.0,0.0,0.0,0.0,0.0,0.0,0.0,0.03,0,0,0,0,0,0,0,0,0,0,0,0,0,0,0,0,0,0,0,0,0
10.81481409072876,9.0,0.0,0.0,0.0,0.0,0.0,0.0,0.0,0.0,0.03,0,0,0,0,0,0,0,0,0,0,0,0,0,0,0,0,0,0,0,0,0
10.816483497619629,9.0,0.0,0.0,0.0,0.0,0.0,0.0,0.0,0.0,0.03,0,0,0,0,0,0,0,0,0,0,0,0,0,0,0,0,0,0,0,0,0
10.819397449493408,9.0,0.0,0.0,0.0,0.0,0.0,0.0,0.0,0.0,0.03,0,0,0,0,0,0,0,0,0,0,0,0,0,0,0,0,0,0,0,0,0
10.821454524993896,9.0,0.0,0.0,0.0,0.0,0.0,0.0,0.0,0.0,0.03,0,0,0,0,0,0,0,0,0,0,0,0,0,0,0,0,0,0,0,0,0
10.822601556777954,9.0,0.0,0.0,0.0,0.0,0.0,0.0,0.0,0.0,0.03,0,0,0,0,0,0,0,0,0,0,0,0,0,0,0,0,0,0,0,0,0
10.823983907699585,9.0,0.0,0.0,0.0,0.0,0.0,0.0,0.0,0.0,0.03,0,0,0,0,0,0,0,0,0,0,0,0,0,0,0,0,0,0,0,0,0
10.82560110092163,9.0,0.0,0.0,0.0,0.0,0.0,0.0,0.0,0.0,0.03,0,0,0,0,0,0,0,0,0,0,0,0,0,0,0,0,0,0,0,0,0
10.829417943954468,9.0,0.0,0.0,0.0,0.0,0.0,0.0,0.0,0.0,0.03,0,0,0,0,0,0,0,0,0,0,0,0,0,0,0,0,0,0,0,0,0
10.832129716873169,9.0,0.0,0.0,0.0,0.0,0.0,0.0,0.0,0.0,0.03,0,0,0,0,0,0,0,0,0,0,0,0,0,0,0,0,0,0,0,0,0
10.833309173583984,9.0,0.0,0.0,0.0,0.0,0.0,0.0,0.0,0.0,0.03,0,0,0,0,0,0,0,0,0,0,0,0,0,0,0,0,0,0,0,0,0
10.83440899848938,9.0,0.0,0.0,0.0,0.0,0.0,0.0,0.0,0.0,0.03,0,0,0,0,0,0,0,0,0,0,0,0,0,0,0,0,0,0,0,0,0
10.837730646133423,9.0,0.0,0.0,0.0,0.0,0.0,0.0,0.0,0.0,0.03,0,0,0,0,0,0,0,0,0,0,0,0,0,0,0,0,0,0,0,0,0
10.8388991355896,9.0,0.0,0.0,0.0,0.0,0.0,0.0,0.0,0.0,0.03,0,0,0,0,0,0,0,0,0,0,0,0,0,0,0,0,0,0,0,0,0
10.840215921401978,9.0,0.0,0.0,0.0,0.0,0.0,0.0,0.0,0.0,0.03,0,0,0,0,0,0,0,0,0,0,0,0,0,0,0,0,0,0,0,0,0
10.84130072593689,9.0,0.0,0.0,0.0,0.0,0.0,0.0,0.0,0.0,0.03,0,0,0,0,0,0,0,0,0,0,0,0,0,0,0,0,0,0,0,0,0
10.842472553253174,9.0,0.0,0.0,0.0,0.0,0.0,0.0,0.0,0.0,0.03,0,0,0,0,0,0,0,0,0,0,0,0,0,0,0,0,0,0,0,0,0
10.843696355819702,9.0,0.0,0.0,0.0,0.0,0.0,0.0,0.0,0.0,0.03,0,0,0,0,0,0,0,0,0,0,0,0,0,0,0,0,0,0,0,0,0
10.844973087310791,9.0,0.0,0.0,0.0,0.0,0.0,0.0,0.0,0.0,0.03,0,0,0,0,0,0,0,0,0,0,0,0,0,0,0,0,0,0,0,0,0
10.84624981880188,9.0,0.0,0.0,0.0,0.0,0.0,0.0,0.0,0.0,0.03,0,0,0,0,0,0,0,0,0,0,0,0,0,0,0,0,0,0,0,0,0
10.847452640533447,9.0,0.0,0.0,0.0,0.0,0.0,0.0,0.0,0.0,0.03,0,0,0,0,0,0,0,0,0,0,0,0,0,0,0,0,0,0,0,0,0
10.848742246627808,9.0,0.0,0.0,0.0,0.0,0.0,0.0,0.0,0.0,0.03,0,0,0,0,0,0,0,0,0,0,0,0,0,0,0,0,0,0,0,0,0
10.850490093231201,9.0,0.0,0.0,0.0,0.0,0.0,0.0,0.0,0.0,0.03,0,0,0,0,0,0,0,0,0,0,0,0,0,0,0,0,0,0,0,0,0
10.852032899856567,9.0,0.0,0.0,0.0,0.0,0.0,0.0,0.0,0.0,0.03,0,0,0,0,0,0,0,0,0,0,0,0,0,0,0,0,0,0,0,0,0
10.853329420089722,9.0,0.0,0.0,0.0,0.0,0.0,0.0,0.0,0.0,0.03,0,0,0,0,0,0,0,0,0,0,0,0,0,0,0,0,0,0,0,0,0
10.854549169540405,9.0,0.0,0.0,0.0,0.0,0.0,0.0,0.0,0.0,0.03,0,0,0,0,0,0,0,0,0,0,0,0,0,0,0,0,0,0,0,0,0
10.855870008468628,9.0,0.0,0.0,0.0,0.0,0.0,0.0,0.0,0.0,0.03,0,0,0,0,0,0,0,0,0,0,0,0,0,0,0,0,0,0,0,0,0
10.857002258300781,9.0,0.0,0.0,0.0,0.0,0.0,0.0,0.0,0.0,0.03,0,0,0,0,0,0,0,0,0,0,0,0,0,0,0,0,0,0,0,0,0
10.85941743850708,9.0,0.0,0.0,0.0,0.0,0.0,0.0,0.0,0.0,0.03,0,0,0,0,0,0,0,0,0,0,0,0,0,0,0,0,0,0,0,0,0
10.860538244247437,9.0,0.0,0.0,0.0,0.0,0.0,0.0,0.0,0.0,0.03,0,0,0,0,0,0,0,0,0,0,0,0,0,0,0,0,0,0,0,0,0
10.861896753311157,9.0,0.0,0.0,0.0,0.0,0.0,0.0,0.0,0.0,0.03,0,0,0,0,0,0,0,0,0,0,0,0,0,0,0,0,0,0,0,0,0
10.863223314285278,9.0,0.0,0.0,0.0,0.0,0.0,0.0,0.0,0.0,0.03,0,0,0,0,0,0,0,0,0,0,0,0,0,0,0,0,0,0,0,0,0
10.86435604095459,9.0,0.0,0.0,0.0,0.0,0.0,0.0,0.0,0.0,0.03,0,0,0,0,0,0,0,0,0,0,0,0,0,0,0,0,0,0,0,0,0
10.865416526794434,9.0,0.0,0.0,0.0,0.0,0.0,0.0,0.0,0.0,0.03,0,0,0,0,0,0,0,0,0,0,0,0,0,0,0,0,0,0,0,0,0
10.866510391235352,9.0,0.0,0.0,0.0,0.0,0.0,0.0,0.0,0.0,0.03,0,0,0,0,0,0,0,0,0,0,0,0,0,0,0,0,0,0,0,0,0
10.867604494094849,9.0,0.0,0.0,0.0,0.0,0.0,0.0,0.0,0.0,0.03,0,0,0,0,0,0,0,0,0,0,0,0,0,0,0,0,0,0,0,0,0
10.86907958984375,9.0,0.0,0.0,0.0,0.0,0.0,0.0,0.0,0.0,0.03,0,0,0,0,0,0,0,0,0,0,0,0,0,0,0,0,0,0,0,0,0
10.870224237442017,9.0,0.0,0.0,0.0,0.0,0.0,0.0,0.0,0.0,0.03,0,0,0,0,0,0,0,0,0,0,0,0,0,0,0,0,0,0,0,0,0
10.872958898544312,9.0,0.0,0.0,0.0,0.0,0.0,0.0,0.0,0.0,0.03,0,0,0,0,0,0,0,0,0,0,0,0,0,0,0,0,0,0,0,0,0
10.875383138656616,9.0,0.0,0.0,0.0,0.0,0.0,0.0,0.0,0.0,0.03,0,0,0,0,0,0,0,0,0,0,0,0,0,0,0,0,0,0,0,0,0
10.876490116119385,9.0,0.0,0.0,0.0,0.0,0.0,0.0,0.0,0.0,0.03,0,0,0,0,0,0,0,0,0,0,0,0,0,0,0,0,0,0,0,0,0
10.877661943435669,9.0,0.0,0.0,0.0,0.0,0.0,0.0,0.0,0.0,0.03,0,0,0,0,0,0,0,0,0,0,0,0,0,0,0,0,0,0,0,0,0
10.879144191741943,9.0,0.0,0.0,0.0,0.0,0.0,0.0,0.0,0.0,0.03,0,0,0,0,0,0,0,0,0,0,0,0,0,0,0,0,0,0,0,0,0
10.880739688873291,9.0,0.0,0.0,0.0,0.0,0.0,0.0,0.0,0.0,0.03,0,0,0,0,0,0,0,0,0,0,0,0,0,0,0,0,0,0,0,0,0
10.882117986679077,9.0,0.0,0.0,0.0,0.0,0.0,0.0,0.0,0.0,0.03,0,0,0,0,0,0,0,0,0,0,0,0,0,0,0,0,0,0,0,0,0
10.883792161941528,9.0,0.0,0.0,0.0,0.0,0.0,0.0,0.0,0.0,0.03,0,0,0,0,0,0,0,0,0,0,0,0,0,0,0,0,0,0,0,0,0
10.885337114334106,9.0,0.0,0.0,0.0,0.0,0.0,0.0,0.0,0.0,0.03,0,0,0,0,0,0,0,0,0,0,0,0,0,0,0,0,0,0,0,0,0
10.888858556747437,9.0,0.0,0.0,0.0,0.0,0.0,0.0,0.0,0.0,0.03,0,0,0,0,0,0,0,0,0,0,0,0,0,0,0,0,0,0,0,0,0
10.890249490737915,9.0,0.0,0.0,0.0,0.0,0.0,0.0,0.0,0.0,0.03,0,0,0,0,0,0,0,0,0,0,0,0,0,0,0,0,0,0,0,0,0
10.891550540924072,9.0,0.0,0.0,0.0,0.0,0.0,0.0,0.0,0.0,0.03,0,0,0,0,0,0,0,0,0,0,0,0,0,0,0,0,0,0,0,0,0
10.892759084701538,9.0,0.0,0.0,0.0,0.0,0.0,0.0,0.0,0.0,0.03,0,0,0,0,0,0,0,0,0,0,0,0,0,0,0,0,0,0,0,0,0
10.89421796798706,9.0,0.0,0.0,0.0,0.0,0.0,0.0,0.0,0.0,0.03,0,0,0,0,0,0,0,0,0,0,0,0,0,0,0,0,0,0,0,0,0
10.895571947097778,9.0,0.0,0.0,0.0,0.0,0.0,0.0,0.0,0.0,0.03,0,0,0,0,0,0,0,0,0,0,0,0,0,0,0,0,0,0,0,0,0
10.897048234939575,9.0,0.0,0.0,0.0,0.0,0.0,0.0,0.0,0.0,0.03,0,0,0,0,0,0,0,0,0,0,0,0,0,0,0,0,0,0,0,0,0
10.898195028305054,9.0,0.0,0.0,0.0,0.0,0.0,0.0,0.0,0.0,0.03,0,0,0,0,0,0,0,0,0,0,0,0,0,0,0,0,0,0,0,0,0
10.899548530578613,9.0,0.0,0.0,0.0,0.0,0.0,0.0,0.0,0.0,0.03,0,0,0,0,0,0,0,0,0,0,0,0,0,0,0,0,0,0,0,0,0
10.901960134506226,9.0,0.0,0.0,0.0,0.0,0.0,0.0,0.0,0.0,0.03,0,0,0,0,0,0,0,0,0,0,0,0,0,0,0,0,0,0,0,0,0
10.903239727020264,9.0,0.0,0.0,0.0,0.0,0.0,0.0,0.0,0.0,0.03,0,0,0,0,0,0,0,0,0,0,0,0,0,0,0,0,0,0,0,0,0
10.905158758163452,9.0,0.0,0.0,0.0,0.0,0.0,0.0,0.0,0.0,0.03,0,0,0,0,0,0,0,0,0,0,0,0,0,0,0,0,0,0,0,0,0
10.906230688095093,9.0,0.0,0.0,0.0,0.0,0.0,0.0,0.0,0.0,0.03,0,0,0,0,0,0,0,0,0,0,0,0,0,0,0,0,0,0,0,0,0
10.907631158828735,9.0,0.0,0.0,0.0,0.0,0.0,0.0,0.0,0.0,0.03,0,0,0,0,0,0,0,0,0,0,0,0,0,0,0,0,0,0,0,0,0
10.911801815032959,9.0,0.0,0.0,0.0,0.0,0.0,0.0,0.0,0.0,0.03,0,0,0,0,0,0,0,0,0,0,0,0,0,0,0,0,0,0,0,0,0
10.913012981414795,9.0,0.0,0.0,0.0,0.0,0.0,0.0,0.0,0.0,0.03,0,0,0,0,0,0,0,0,0,0,0,0,0,0,0,0,0,0,0,0,0
10.914135456085205,9.0,0.0,0.0,0.0,0.0,0.0,0.0,0.0,0.0,0.03,0,0,0,0,0,0,0,0,0,0,0,0,0,0,0,0,0,0,0,0,0
10.915242195129395,9.0,0.0,0.0,0.0,0.0,0.0,0.0,0.0,0.0,0.03,0,0,0,0,0,0,0,0,0,0,0,0,0,0,0,0,0,0,0,0,0
10.916342735290527,9.0,0.0,0.0,0.0,0.0,0.0,0.0,0.0,0.0,0.03,0,0,0,0,0,0,0,0,0,0,0,0,0,0,0,0,0,0,0,0,0
10.917427062988281,9.0,0.0,0.0,0.0,0.0,0.0,0.0,0.0,0.0,0.03,0,0,0,0,0,0,0,0,0,0,0,0,0,0,0,0,0,0,0,0,0
10.918493032455444,9.0,0.0,0.0,0.0,0.0,0.0,0.0,0.0,0.0,0.03,0,0,0,0,0,0,0,0,0,0,0,0,0,0,0,0,0,0,0,0,0
10.919595003128052,9.0,0.0,0.0,0.0,0.0,0.0,0.0,0.0,0.0,0.03,0,0,0,0,0,0,0,0,0,0,0,0,0,0,0,0,0,0,0,0,0
10.920681715011597,9.0,0.0,0.0,0.0,0.0,0.0,0.0,0.0,0.0,0.03,0,0,0,0,0,0,0,0,0,0,0,0,0,0,0,0,0,0,0,0,0
10.921915769577026,9.0,0.0,0.0,0.0,0.0,0.0,0.0,0.0,0.0,0.03,0,0,0,0,0,0,0,0,0,0,0,0,0,0,0,0,0,0,0,0,0
10.923486232757568,9.0,0.0,0.0,0.0,0.0,0.0,0.0,0.0,0.0,0.03,0,0,0,0,0,0,0,0,0,0,0,0,0,0,0,0,0,0,0,0,0
10.924829959869385,9.0,0.0,0.0,0.0,0.0,0.0,0.0,0.0,0.0,0.03,0,0,0,0,0,0,0,0,0,0,0,0,0,0,0,0,0,0,0,0,0
10.926844358444214,9.0,0.0,0.0,0.0,0.0,0.0,0.0,0.0,0.0,0.03,0,0,0,0,0,0,0,0,0,0,0,0,0,0,0,0,0,0,0,0,0
10.92797589302063,9.0,0.0,0.0,0.0,0.0,0.0,0.0,0.0,0.0,0.03,0,0,0,0,0,0,0,0,0,0,0,0,0,0,0,0,0,0,0,0,0
10.929195880889893,9.0,0.0,0.0,0.0,0.0,0.0,0.0,0.0,0.0,0.03,0,0,0,0,0,0,0,0,0,0,0,0,0,0,0,0,0,0,0,0,0
10.930290699005127,9.0,0.0,0.0,0.0,0.0,0.0,0.0,0.0,0.0,0.03,0,0,0,0,0,0,0,0,0,0,0,0,0,0,0,0,0,0,0,0,0
10.932199954986572,9.0,0.0,0.0,0.0,0.0,0.0,0.0,0.0,0.0,0.03,0,0,0,0,0,0,0,0,0,0,0,0,0,0,0,0,0,0,0,0,0
10.933488368988037,9.0,0.0,0.0,0.0,0.0,0.0,0.0,0.0,0.0,0.03,0,0,0,0,0,0,0,0,0,0,0,0,0,0,0,0,0,0,0,0,0
10.934844017028809,9.0,0.0,0.0,0.0,0.0,0.0,0.0,0.0,0.0,0.03,0,0,0,0,0,0,0,0,0,0,0,0,0,0,0,0,0,0,0,0,0
10.936717510223389,9.0,0.0,0.0,0.0,0.0,0.0,0.0,0.0,0.0,0.03,0,0,0,0,0,0,0,0,0,0,0,0,0,0,0,0,0,0,0,0,0
10.937813758850098,9.0,0.0,0.0,0.0,0.0,0.0,0.0,0.0,0.0,0.03,0,0,0,0,0,0,0,0,0,0,0,0,0,0,0,0,0,0,0,0,0
10.939058780670166,9.0,0.0,0.0,0.0,0.0,0.0,0.0,0.0,0.0,0.03,0,0,0,0,0,0,0,0,0,0,0,0,0,0,0,0,0,0,0,0,0
10.940183639526367,9.0,0.0,0.0,0.0,0.0,0.0,0.0,0.0,0.0,0.03,0,0,0,0,0,0,0,0,0,0,0,0,0,0,0,0,0,0,0,0,0
10.941302299499512,9.0,0.0,0.0,0.0,0.0,0.0,0.0,0.0,0.0,0.03,0,0,0,0,0,0,0,0,0,0,0,0,0,0,0,0,0,0,0,0,0
10.942366123199463,9.0,0.0,0.0,0.0,0.0,0.0,0.0,0.0,0.0,0.03,0,0,0,0,0,0,0,0,0,0,0,0,0,0,0,0,0,0,0,0,0
10.943926334381104,9.0,0.0,0.0,0.0,0.0,0.0,0.0,0.0,0.0,0.03,0,0,0,0,0,0,0,0,0,0,0,0,0,0,0,0,0,0,0,0,0
10.945643186569214,9.0,0.0,0.0,0.0,0.0,0.0,0.0,0.0,0.0,0.03,0,0,0,0,0,0,0,0,0,0,0,0,0,0,0,0,0,0,0,0,0
10.947247743606567,9.0,0.0,0.0,0.0,0.0,0.0,0.0,0.0,0.0,0.03,0,0,0,0,0,0,0,0,0,0,0,0,0,0,0,0,0,0,0,0,0
10.948745727539062,9.0,0.0,0.0,0.0,0.0,0.0,0.0,0.0,0.0,0.03,0,0,0,0,0,0,0,0,0,0,0,0,0,0,0,0,0,0,0,0,0
10.94982624053955,9.0,0.0,0.0,0.0,0.0,0.0,0.0,0.0,0.0,0.03,0,0,0,0,0,0,0,0,0,0,0,0,0,0,0,0,0,0,0,0,0
10.951494455337524,9.0,0.0,0.0,0.0,0.0,0.0,0.0,0.0,0.0,0.03,0,0,0,0,0,0,0,0,0,0,0,0,0,0,0,0,0,0,0,0,0
10.952666997909546,9.0,0.0,0.0,0.0,0.0,0.0,0.0,0.0,0.0,0.03,0,0,0,0,0,0,0,0,0,0,0,0,0,0,0,0,0,0,0,0,0
10.954061508178711,9.0,0.0,0.0,0.0,0.0,0.0,0.0,0.0,0.0,0.03,0,0,0,0,0,0,0,0,0,0,0,0,0,0,0,0,0,0,0,0,0
10.956063032150269,9.0,0.0,0.0,0.0,0.0,0.0,0.0,0.0,0.0,0.03,0,0,0,0,0,0,0,0,0,0,0,0,0,0,0,0,0,0,0,0,0
10.957912921905518,9.0,0.0,0.0,0.0,0.0,0.0,0.0,0.0,0.0,0.03,0,0,0,0,0,0,0,0,0,0,0,0,0,0,0,0,0,0,0,0,0
10.958996772766113,9.0,0.0,0.0,0.0,0.0,0.0,0.0,0.0,0.0,0.03,0,0,0,0,0,0,0,0,0,0,0,0,0,0,0,0,0,0,0,0,0
10.962129592895508,9.0,0.0,0.0,0.0,0.0,0.0,0.0,0.0,0.0,0.03,0,0,0,0,0,0,0,0,0,0,0,0,0,0,0,0,0,0,0,0,0
10.9635009765625,9.0,0.0,0.0,0.0,0.0,0.0,0.0,0.0,0.0,0.03,0,0,0,0,0,0,0,0,0,0,0,0,0,0,0,0,0,0,0,0,0
10.965147972106934,9.0,0.0,0.0,0.0,0.0,0.0,0.0,0.0,0.0,0.03,0,0,0,0,0,0,0,0,0,0,0,0,0,0,0,0,0,0,0,0,0
10.967129945755005,9.0,0.0,0.0,0.0,0.0,0.0,0.0,0.0,0.0,0.03,0,0,0,0,0,0,0,0,0,0,0,0,0,0,0,0,0,0,0,0,0
10.96925973892212,9.0,0.0,0.0,0.0,0.0,0.0,0.0,0.0,0.0,0.03,0,0,0,0,0,0,0,0,0,0,0,0,0,0,0,0,0,0,0,0,0
10.97079610824585,9.0,0.0,0.0,0.0,0.0,0.0,0.0,0.0,0.0,0.03,0,0,0,0,0,0,0,0,0,0,0,0,0,0,0,0,0,0,0,0,0
10.971964597702026,9.0,0.0,0.0,0.0,0.0,0.0,0.0,0.0,0.0,0.03,0,0,0,0,0,0,0,0,0,0,0,0,0,0,0,0,0,0,0,0,0
10.973377704620361,9.0,0.0,0.0,0.0,0.0,0.0,0.0,0.0,0.0,0.03,0,0,0,0,0,0,0,0,0,0,0,0,0,0,0,0,0,0,0,0,0
10.975449323654175,9.0,0.0,0.0,0.0,0.0,0.0,0.0,0.0,0.0,0.03,0,0,0,0,0,0,0,0,0,0,0,0,0,0,0,0,0,0,0,0,0
10.976850032806396,9.0,0.0,0.0,0.0,0.0,0.0,0.0,0.0,0.0,0.03,0,0,0,0,0,0,0,0,0,0,0,0,0,0,0,0,0,0,0,0,0
10.978107690811157,9.0,0.0,0.0,0.0,0.0,0.0,0.0,0.0,0.0,0.03,0,0,0,0,0,0,0,0,0,0,0,0,0,0,0,0,0,0,0,0,0
10.979295253753662,9.0,0.0,0.0,0.0,0.0,0.0,0.0,0.0,0.0,0.03,0,0,0,0,0,0,0,0,0,0,0,0,0,0,0,0,0,0,0,0,0
10.98039960861206,9.0,0.0,0.0,0.0,0.0,0.0,0.0,0.0,0.0,0.03,0,0,0,0,0,0,0,0,0,0,0,0,0,0,0,0,0,0,0,0,0
10.981767177581787,9.0,0.0,0.0,0.0,0.0,0.0,0.0,0.0,0.0,0.03,0,0,0,0,0,0,0,0,0,0,0,0,0,0,0,0,0,0,0,0,0
10.982880115509033,9.0,0.0,0.0,0.0,0.0,0.0,0.0,0.0,0.0,0.03,0,0,0,0,0,0,0,0,0,0,0,0,0,0,0,0,0,0,0,0,0
10.984057664871216,9.0,0.0,0.0,0.0,0.0,0.0,0.0,0.0,0.0,0.03,0,0,0,0,0,0,0,0,0,0,0,0,0,0,0,0,0,0,0,0,0
10.985326290130615,9.0,0.0,0.0,0.0,0.0,0.0,0.0,0.0,0.0,0.03,0,0,0,0,0,0,0,0,0,0,0,0,0,0,0,0,0,0,0,0,0
10.986572265625,9.0,0.0,0.0,0.0,0.0,0.0,0.0,0.0,0.0,0.03,0,0,0,0,0,0,0,0,0,0,0,0,0,0,0,0,0,0,0,0,0
10.987830400466919,9.0,0.0,0.0,0.0,0.0,0.0,0.0,0.0,0.0,0.03,0,0,0,0,0,0,0,0,0,0,0,0,0,0,0,0,0,0,0,0,0
10.989022970199585,9.0,0.0,0.0,0.0,0.0,0.0,0.0,0.0,0.0,0.03,0,0,0,0,0,0,0,0,0,0,0,0,0,0,0,0,0,0,0,0,0
10.990444898605347,9.0,0.0,0.0,0.0,0.0,0.0,0.0,0.0,0.0,0.03,0,0,0,0,0,0,0,0,0,0,0,0,0,0,0,0,0,0,0,0,0
10.991830110549927,9.0,0.0,0.0,0.0,0.0,0.0,0.0,0.0,0.0,0.03,0,0,0,0,0,0,0,0,0,0,0,0,0,0,0,0,0,0,0,0,0
10.993650197982788,9.0,0.0,0.0,0.0,0.0,0.0,0.0,0.0,0.0,0.03,0,0,0,0,0,0,0,0,0,0,0,0,0,0,0,0,0,0,0,0,0
10.994978427886963,9.0,0.0,0.0,0.0,0.0,0.0,0.0,0.0,0.0,0.03,0,0,0,0,0,0,0,0,0,0,0,0,0,0,0,0,0,0,0,0,0
10.996317625045776,9.0,0.0,0.0,0.0,0.0,0.0,0.0,0.0,0.0,0.03,0,0,0,0,0,0,0,0,0,0,0,0,0,0,0,0,0,0,0,0,0
10.997755765914917,9.0,0.0,0.0,0.0,0.0,0.0,0.0,0.0,0.0,0.03,0,0,0,0,0,0,0,0,0,0,0,0,0,0,0,0,0,0,0,0,0
10.998940467834473,9.0,0.0,0.0,0.0,0.0,0.0,0.0,0.0,0.0,0.03,0,0,0,0,0,0,0,0,0,0,0,0,0,0,0,0,0,0,0,0,0
11.000408172607422,9.0,0.0,0.0,0.0,0.0,0.0,0.0,0.0,0.0,0.03,0,0,0,0,0,0,0,0,0,0,0,0,0,0,0,0,0,0,0,0,0
11.001669883728027,9.0,0.0,0.0,0.0,0.0,0.0,0.0,0.0,0.0,0.03,0,0,0,0,0,0,0,0,0,0,0,0,0,0,0,0,0,0,0,0,0
11.0027596950531,9.0,0.0,0.0,0.0,0.0,0.0,0.0,0.0,0.0,0.03,0,0,0,0,0,0,0,0,0,0,0,0,0,0,0,0,0,0,0,0,0
11.004086971282959,9.0,0.0,0.0,0.0,0.0,0.0,0.0,0.0,0.0,0.03,0,0,0,0,0,0,0,0,0,0,0,0,0,0,0,0,0,0,0,0,0
11.005151510238647,9.0,0.0,0.0,0.0,0.0,0.0,0.0,0.0,0.0,0.03,0,0,0,0,0,0,0,0,0,0,0,0,0,0,0,0,0,0,0,0,0
11.006449222564697,9.0,0.0,0.0,0.0,0.0,0.0,0.0,0.0,0.0,0.03,0,0,0,0,0,0,0,0,0,0,0,0,0,0,0,0,0,0,0,0,0
11.007531881332397,9.0,0.0,0.0,0.0,0.0,0.0,0.0,0.0,0.0,0.03,0,0,0,0,0,0,0,0,0,0,0,0,0,0,0,0,0,0,0,0,0
11.00870418548584,9.0,0.0,0.0,0.0,0.0,0.0,0.0,0.0,0.0,0.03,0,0,0,0,0,0,0,0,0,0,0,0,0,0,0,0,0,0,0,0,0
11.009931564331055,9.0,0.0,0.0,0.0,0.0,0.0,0.0,0.0,0.0,0.03,0,0,0,0,0,0,0,0,0,0,0,0,0,0,0,0,0,0,0,0,0
11.011177778244019,9.0,0.0,0.0,0.0,0.0,0.0,0.0,0.0,0.0,0.03,0,0,0,0,0,0,0,0,0,0,0,0,0,0,0,0,0,0,0,0,0
11.01224160194397,9.0,0.0,0.0,0.0,0.0,0.0,0.0,0.0,0.0,0.03,0,0,0,0,0,0,0,0,0,0,0,0,0,0,0,0,0,0,0,0,0
11.013842344284058,9.0,0.0,0.0,0.0,0.0,0.0,0.0,0.0,0.0,0.03,0,0,0,0,0,0,0,0,0,0,0,0,0,0,0,0,0,0,0,0,0
11.01533842086792,9.0,0.0,0.0,0.0,0.0,0.0,0.0,0.0,0.0,0.03,0,0,0,0,0,0,0,0,0,0,0,0,0,0,0,0,0,0,0,0,0
11.017311573028564,9.0,0.0,0.0,0.0,0.0,0.0,0.0,0.0,0.0,0.03,0,0,0,0,0,0,0,0,0,0,0,0,0,0,0,0,0,0,0,0,0
11.018792152404785,9.0,0.0,0.0,0.0,0.0,0.0,0.0,0.0,0.0,0.03,0,0,0,0,0,0,0,0,0,0,0,0,0,0,0,0,0,0,0,0,0
11.020139694213867,9.0,0.0,0.0,0.0,0.0,0.0,0.0,0.0,0.0,0.03,0,0,0,0,0,0,0,0,0,0,0,0,0,0,0,0,0,0,0,0,0
11.022300958633423,9.0,0.0,0.0,0.0,0.0,0.0,0.0,0.0,0.0,0.03,0,0,0,0,0,0,0,0,0,0,0,0,0,0,0,0,0,0,0,0,0
11.023492574691772,9.0,0.0,0.0,0.0,0.0,0.0,0.0,0.0,0.0,0.03,0,0,0,0,0,0,0,0,0,0,0,0,0,0,0,0,0,0,0,0,0
11.024887084960938,9.0,0.0,0.0,0.0,0.0,0.0,0.0,0.0,0.0,0.03,0,0,0,0,0,0,0,0,0,0,0,0,0,0,0,0,0,0,0,0,0
11.026272773742676,9.0,0.0,0.0,0.0,0.0,0.0,0.0,0.0,0.0,0.03,0,0,0,0,0,0,0,0,0,0,0,0,0,0,0,0,0,0,0,0,0
11.02739143371582,9.0,0.0,0.0,0.0,0.0,0.0,0.0,0.0,0.0,0.03,0,0,0,0,0,0,0,0,0,0,0,0,0,0,0,0,0,0,0,0,0
11.028456211090088,9.0,0.0,0.0,0.0,0.0,0.0,0.0,0.0,0.0,0.03,0,0,0,0,0,0,0,0,0,0,0,0,0,0,0,0,0,0,0,0,0
11.031102180480957,9.0,0.0,0.0,0.0,0.0,0.0,0.0,0.0,0.0,0.03,0,0,0,0,0,0,0,0,0,0,0,0,0,0,0,0,0,0,0,0,0
11.032235383987427,9.0,0.0,0.0,0.0,0.0,0.0,0.0,0.0,0.0,0.03,0,0,0,0,0,0,0,0,0,0,0,0,0,0,0,0,0,0,0,0,0
11.033353805541992,9.0,0.0,0.0,0.0,0.0,0.0,0.0,0.0,0.0,0.03,0,0,0,0,0,0,0,0,0,0,0,0,0,0,0,0,0,0,0,0,0
11.03452205657959,9.0,0.0,0.0,0.0,0.0,0.0,0.0,0.0,0.0,0.03,0,0,0,0,0,0,0,0,0,0,0,0,0,0,0,0,0,0,0,0,0
11.036082744598389,9.0,0.0,0.0,0.0,0.0,0.0,0.0,0.0,0.0,0.03,0,0,0,0,0,0,0,0,0,0,0,0,0,0,0,0,0,0,0,0,0
11.037959337234497,9.0,0.0,0.0,0.0,0.0,0.0,0.0,0.0,0.0,0.03,0,0,0,0,0,0,0,0,0,0,0,0,0,0,0,0,0,0,0,0,0
11.039115905761719,9.0,0.0,0.0,0.0,0.0,0.0,0.0,0.0,0.0,0.03,0,0,0,0,0,0,0,0,0,0,0,0,0,0,0,0,0,0,0,0,0
11.040402889251709,9.0,0.0,0.0,0.0,0.0,0.0,0.0,0.0,0.0,0.03,0,0,0,0,0,0,0,0,0,0,0,0,0,0,0,0,0,0,0,0,0
11.04228925704956,9.0,0.0,0.0,0.0,0.0,0.0,0.0,0.0,0.0,0.03,0,0,0,0,0,0,0,0,0,0,0,0,0,0,0,0,0,0,0,0,0
11.04337215423584,9.0,0.0,0.0,0.0,0.0,0.0,0.0,0.0,0.0,0.03,0,0,0,0,0,0,0,0,0,0,0,0,0,0,0,0,0,0,0,0,0
11.04477572441101,9.0,0.0,0.0,0.0,0.0,0.0,0.0,0.0,0.0,0.03,0,0,0,0,0,0,0,0,0,0,0,0,0,0,0,0,0,0,0,0,0
11.045853614807129,9.0,0.0,0.0,0.0,0.0,0.0,0.0,0.0,0.0,0.03,0,0,0,0,0,0,0,0,0,0,0,0,0,0,0,0,0,0,0,0,0
11.047187328338623,9.0,0.0,0.0,0.0,0.0,0.0,0.0,0.0,0.0,0.03,0,0,0,0,0,0,0,0,0,0,0,0,0,0,0,0,0,0,0,0,0
11.048246383666992,9.0,0.0,0.0,0.0,0.0,0.0,0.0,0.0,0.0,0.03,0,0,0,0,0,0,0,0,0,0,0,0,0,0,0,0,0,0,0,0,0
11.049569606781006,9.0,0.0,0.0,0.0,0.0,0.0,0.0,0.0,0.0,0.03,0,0,0,0,0,0,0,0,0,0,0,0,0,0,0,0,0,0,0,0,0
11.050718784332275,9.0,0.0,0.0,0.0,0.0,0.0,0.0,0.0,0.0,0.03,0,0,0,0,0,0,0,0,0,0,0,0,0,0,0,0,0,0,0,0,0
11.052464485168457,9.0,0.0,0.0,0.0,0.0,0.0,0.0,0.0,0.0,0.03,0,0,0,0,0,0,0,0,0,0,0,0,0,0,0,0,0,0,0,0,0
11.054120779037476,9.0,0.0,0.0,0.0,0.0,0.0,0.0,0.0,0.0,0.03,0,0,0,0,0,0,0,0,0,0,0,0,0,0,0,0,0,0,0,0,0
11.055214166641235,9.0,0.0,0.0,0.0,0.0,0.0,0.0,0.0,0.0,0.03,0,0,0,0,0,0,0,0,0,0,0,0,0,0,0,0,0,0,0,0,0
11.056339025497437,9.0,0.0,0.0,0.0,0.0,0.0,0.0,0.0,0.0,0.03,0,0,0,0,0,0,0,0,0,0,0,0,0,0,0,0,0,0,0,0,0
11.057422637939453,9.0,0.0,0.0,0.0,0.0,0.0,0.0,0.0,0.0,0.03,0,0,0,0,0,0,0,0,0,0,0,0,0,0,0,0,0,0,0,0,0
11.058608293533325,9.0,0.0,0.0,0.0,0.0,0.0,0.0,0.0,0.0,0.03,0,0,0,0,0,0,0,0,0,0,0,0,0,0,0,0,0,0,0,0,0
11.059762239456177,9.0,0.0,0.0,0.0,0.0,0.0,0.0,0.0,0.0,0.03,0,0,0,0,0,0,0,0,0,0,0,0,0,0,0,0,0,0,0,0,0
11.061280488967896,9.0,0.0,0.0,0.0,0.0,0.0,0.0,0.0,0.0,0.03,0,0,0,0,0,0,0,0,0,0,0,0,0,0,0,0,0,0,0,0,0
11.062719821929932,9.0,0.0,0.0,0.0,0.0,0.0,0.0,0.0,0.0,0.03,0,0,0,0,0,0,0,0,0,0,0,0,0,0,0,0,0,0,0,0,0
11.064661264419556,9.0,0.0,0.0,0.0,0.0,0.0,0.0,0.0,0.0,0.03,0,0,0,0,0,0,0,0,0,0,0,0,0,0,0,0,0,0,0,0,0
11.066182613372803,9.0,0.0,0.0,0.0,0.0,0.0,0.0,0.0,0.0,0.03,0,0,0,0,0,0,0,0,0,0,0,0,0,0,0,0,0,0,0,0,0
11.067966222763062,9.0,0.0,0.0,0.0,0.0,0.0,0.0,0.0,0.0,0.03,0,0,0,0,0,0,0,0,0,0,0,0,0,0,0,0,0,0,0,0,0
11.069226264953613,9.0,0.0,0.0,0.0,0.0,0.0,0.0,0.0,0.0,0.03,0,0,0,0,0,0,0,0,0,0,0,0,0,0,0,0,0,0,0,0,0
11.071685314178467,9.0,0.0,0.0,0.0,0.0,0.0,0.0,0.0,0.0,0.03,0,0,0,0,0,0,0,0,0,0,0,0,0,0,0,0,0,0,0,0,0
11.07362985610962,9.0,0.0,0.0,0.0,0.0,0.0,0.0,0.0,0.0,0.03,0,0,0,0,0,0,0,0,0,0,0,0,0,0,0,0,0,0,0,0,0
11.075003147125244,9.0,0.0,0.0,0.0,0.0,0.0,0.0,0.0,0.0,0.03,0,0,0,0,0,0,0,0,0,0,0,0,0,0,0,0,0,0,0,0,0
11.076319217681885,9.0,0.0,0.0,0.0,0.0,0.0,0.0,0.0,0.0,0.03,0,0,0,0,0,0,0,0,0,0,0,0,0,0,0,0,0,0,0,0,0
11.077405452728271,9.0,0.0,0.0,0.0,0.0,0.0,0.0,0.0,0.0,0.03,0,0,0,0,0,0,0,0,0,0,0,0,0,0,0,0,0,0,0,0,0
11.078535556793213,9.0,0.0,0.0,0.0,0.0,0.0,0.0,0.0,0.0,0.03,0,0,0,0,0,0,0,0,0,0,0,0,0,0,0,0,0,0,0,0,0
11.079603433609009,9.0,0.0,0.0,0.0,0.0,0.0,0.0,0.0,0.0,0.03,0,0,0,0,0,0,0,0,0,0,0,0,0,0,0,0,0,0,0,0,0
11.080810546875,9.0,0.0,0.0,0.0,0.0,0.0,0.0,0.0,0.0,0.03,0,0,0,0,0,0,0,0,0,0,0,0,0,0,0,0,0,0,0,0,0
11.081906080245972,9.0,0.0,0.0,0.0,0.0,0.0,0.0,0.0,0.0,0.03,0,0,0,0,0,0,0,0,0,0,0,0,0,0,0,0,0,0,0,0,0
11.083282232284546,9.0,0.0,0.0,0.0,0.0,0.0,0.0,0.0,0.0,0.03,0,0,0,0,0,0,0,0,0,0,0,0,0,0,0,0,0,0,0,0,0
11.085591316223145,9.0,0.0,0.0,0.0,0.0,0.0,0.0,0.0,0.0,0.03,0,0,0,0,0,0,0,0,0,0,0,0,0,0,0,0,0,0,0,0,0
11.08718490600586,9.0,0.0,0.0,0.0,0.0,0.0,0.0,0.0,0.0,0.03,0,0,0,0,0,0,0,0,0,0,0,0,0,0,0,0,0,0,0,0,0
11.088660717010498,9.0,0.0,0.0,0.0,0.0,0.0,0.0,0.0,0.0,0.03,0,0,0,0,0,0,0,0,0,0,0,0,0,0,0,0,0,0,0,0,0
11.089969635009766,9.0,0.0,0.0,0.0,0.0,0.0,0.0,0.0,0.0,0.03,0,0,0,0,0,0,0,0,0,0,0,0,0,0,0,0,0,0,0,0,0
11.091225147247314,9.0,0.0,0.0,0.0,0.0,0.0,0.0,0.0,0.0,0.03,0,0,0,0,0,0,0,0,0,0,0,0,0,0,0,0,0,0,0,0,0
11.092483282089233,9.0,0.0,0.0,0.0,0.0,0.0,0.0,0.0,0.0,0.03,0,0,0,0,0,0,0,0,0,0,0,0,0,0,0,0,0,0,0,0,0
11.093743562698364,9.0,0.0,0.0,0.0,0.0,0.0,0.0,0.0,0.0,0.03,0,0,0,0,0,0,0,0,0,0,0,0,0,0,0,0,0,0,0,0,0
11.09505558013916,9.0,0.0,0.0,0.0,0.0,0.0,0.0,0.0,0.0,0.03,0,0,0,0,0,0,0,0,0,0,0,0,0,0,0,0,0,0,0,0,0
11.09637451171875,9.0,0.0,0.0,0.0,0.0,0.0,0.0,0.0,0.0,0.03,0,0,0,0,0,0,0,0,0,0,0,0,0,0,0,0,0,0,0,0,0
11.098137855529785,9.0,0.0,0.0,0.0,0.0,0.0,0.0,0.0,0.0,0.03,0,0,0,0,0,0,0,0,0,0,0,0,0,0,0,0,0,0,0,0,0
11.099200963973999,9.0,0.0,0.0,0.0,0.0,0.0,0.0,0.0,0.0,0.03,0,0,0,0,0,0,0,0,0,0,0,0,0,0,0,0,0,0,0,0,0
11.100290775299072,9.0,0.0,0.0,0.0,0.0,0.0,0.0,0.0,0.0,0.03,0,0,0,0,0,0,0,0,0,0,0,0,0,0,0,0,0,0,0,0,0
11.103548288345337,9.0,0.0,0.0,0.0,0.0,0.0,0.0,0.0,0.0,0.03,0,0,0,0,0,0,0,0,0,0,0,0,0,0,0,0,0,0,0,0,0
11.104817390441895,9.0,0.0,0.0,0.0,0.0,0.0,0.0,0.0,0.0,0.03,0,0,0,0,0,0,0,0,0,0,0,0,0,0,0,0,0,0,0,0,0
11.106049060821533,9.0,0.0,0.0,0.0,0.0,0.0,0.0,0.0,0.0,0.03,0,0,0,0,0,0,0,0,0,0,0,0,0,0,0,0,0,0,0,0,0
11.107224702835083,9.0,0.0,0.0,0.0,0.0,0.0,0.0,0.0,0.0,0.03,0,0,0,0,0,0,0,0,0,0,0,0,0,0,0,0,0,0,0,0,0
11.108624696731567,9.0,0.0,0.0,0.0,0.0,0.0,0.0,0.0,0.0,0.03,0,0,0,0,0,0,0,0,0,0,0,0,0,0,0,0,0,0,0,0,0
11.109752655029297,9.0,0.0,0.0,0.0,0.0,0.0,0.0,0.0,0.0,0.03,0,0,0,0,0,0,0,0,0,0,0,0,0,0,0,0,0,0,0,0,0
11.11100697517395,9.0,0.0,0.0,0.0,0.0,0.0,0.0,0.0,0.0,0.03,0,0,0,0,0,0,0,0,0,0,0,0,0,0,0,0,0,0,0,0,0
11.112525701522827,9.0,0.0,0.0,0.0,0.0,0.0,0.0,0.0,0.0,0.03,0,0,0,0,0,0,0,0,0,0,0,0,0,0,0,0,0,0,0,0,0
11.114127159118652,9.0,0.0,0.0,0.0,0.0,0.0,0.0,0.0,0.0,0.03,0,0,0,0,0,0,0,0,0,0,0,0,0,0,0,0,0,0,0,0,0
11.116456508636475,9.0,0.0,0.0,0.0,0.0,0.0,0.0,0.0,0.0,0.03,0,0,0,0,0,0,0,0,0,0,0,0,0,0,0,0,0,0,0,0,0
11.118412971496582,9.0,0.0,0.0,0.0,0.0,0.0,0.0,0.0,0.0,0.03,0,0,0,0,0,0,0,0,0,0,0,0,0,0,0,0,0,0,0,0,0
11.120147466659546,9.0,0.0,0.0,0.0,0.0,0.0,0.0,0.0,0.0,0.03,0,0,0,0,0,0,0,0,0,0,0,0,0,0,0,0,0,0,0,0,0
11.121631860733032,9.0,0.0,0.0,0.0,0.0,0.0,0.0,0.0,0.0,0.03,0,0,0,0,0,0,0,0,0,0,0,0,0,0,0,0,0,0,0,0,0
11.125824451446533,9.0,0.0,0.0,0.0,0.0,0.0,0.0,0.0,0.0,0.03,0,0,0,0,0,0,0,0,0,0,0,0,0,0,0,0,0,0,0,0,0
11.128424644470215,9.0,0.0,0.0,0.0,0.0,0.0,0.0,0.0,0.0,0.03,0,0,0,0,0,0,0,0,0,0,0,0,0,0,0,0,0,0,0,0,0
11.129718780517578,9.0,0.0,0.0,0.0,0.0,0.0,0.0,0.0,0.0,0.03,0,0,0,0,0,0,0,0,0,0,0,0,0,0,0,0,0,0,0,0,0
11.130850791931152,9.0,0.0,0.0,0.0,0.0,0.0,0.0,0.0,0.0,0.03,0,0,0,0,0,0,0,0,0,0,0,0,0,0,0,0,0,0,0,0,0
11.134735107421875,9.0,0.0,0.0,0.0,0.0,0.0,0.0,0.0,0.0,0.03,0,0,0,0,0,0,0,0,0,0,0,0,0,0,0,0,0,0,0,0,0
11.135889053344727,9.0,0.0,0.0,0.0,0.0,0.0,0.0,0.0,0.0,0.03,0,0,0,0,0,0,0,0,0,0,0,0,0,0,0,0,0,0,0,0,0
11.137691974639893,9.0,0.0,0.0,0.0,0.0,0.0,0.0,0.0,0.0,0.03,0,0,0,0,0,0,0,0,0,0,0,0,0,0,0,0,0,0,0,0,0
11.139033555984497,9.0,0.0,0.0,0.0,0.0,0.0,0.0,0.0,0.0,0.03,0,0,0,0,0,0,0,0,0,0,0,0,0,0,0,0,0,0,0,0,0
11.140439510345459,9.0,0.0,0.0,0.0,0.0,0.0,0.0,0.0,0.0,0.03,0,0,0,0,0,0,0,0,0,0,0,0,0,0,0,0,0,0,0,0,0
11.141718626022339,9.0,0.0,0.0,0.0,0.0,0.0,0.0,0.0,0.0,0.03,0,0,0,0,0,0,0,0,0,0,0,0,0,0,0,0,0,0,0,0,0
11.142797470092773,9.0,0.0,0.0,0.0,0.0,0.0,0.0,0.0,0.0,0.03,0,0,0,0,0,0,0,0,0,0,0,0,0,0,0,0,0,0,0,0,0
11.143860101699829,9.0,0.0,0.0,0.0,0.0,0.0,0.0,0.0,0.0,0.03,0,0,0,0,0,0,0,0,0,0,0,0,0,0,0,0,0,0,0,0,0
11.14528203010559,9.0,0.0,0.0,0.0,0.0,0.0,0.0,0.0,0.0,0.03,0,0,0,0,0,0,0,0,0,0,0,0,0,0,0,0,0,0,0,0,0
11.146565914154053,9.0,0.0,0.0,0.0,0.0,0.0,0.0,0.0,0.0,0.03,0,0,0,0,0,0,0,0,0,0,0,0,0,0,0,0,0,0,0,0,0
11.147640705108643,9.0,0.0,0.0,0.0,0.0,0.0,0.0,0.0,0.0,0.03,0,0,0,0,0,0,0,0,0,0,0,0,0,0,0,0,0,0,0,0,0
11.149184465408325,9.0,0.0,0.0,0.0,0.0,0.0,0.0,0.0,0.0,0.03,0,0,0,0,0,0,0,0,0,0,0,0,0,0,0,0,0,0,0,0,0
11.150903224945068,9.0,0.0,0.0,0.0,0.0,0.0,0.0,0.0,0.0,0.03,0,0,0,0,0,0,0,0,0,0,0,0,0,0,0,0,0,0,0,0,0
11.152695655822754,9.0,0.0,0.0,0.0,0.0,0.0,0.0,0.0,0.0,0.03,0,0,0,0,0,0,0,0,0,0,0,0,0,0,0,0,0,0,0,0,0
11.154081106185913,9.0,0.0,0.0,0.0,0.0,0.0,0.0,0.0,0.0,0.03,0,0,0,0,0,0,0,0,0,0,0,0,0,0,0,0,0,0,0,0,0
11.15876317024231,9.0,0.0,0.0,0.0,0.0,0.0,0.0,0.0,0.0,0.03,0,0,0,0,0,0,0,0,0,0,0,0,0,0,0,0,0,0,0,0,0
11.161386489868164,9.0,0.0,0.0,0.0,0.0,0.0,0.0,0.0,0.0,0.03,0,0,0,0,0,0,0,0,0,0,0,0,0,0,0,0,0,0,0,0,0
11.163040161132812,9.0,0.0,0.0,0.0,0.0,0.0,0.0,0.0,0.0,0.03,0,0,0,0,0,0,0,0,0,0,0,0,0,0,0,0,0,0,0,0,0
11.164520502090454,9.0,0.0,0.0,0.0,0.0,0.0,0.0,0.0,0.0,0.03,0,0,0,0,0,0,0,0,0,0,0,0,0,0,0,0,0,0,0,0,0
11.168209075927734,9.0,0.0,0.0,0.0,0.0,0.0,0.0,0.0,0.0,0.03,0,0,0,0,0,0,0,0,0,0,0,0,0,0,0,0,0,0,0,0,0
11.16929292678833,9.0,0.0,0.0,0.0,0.0,0.0,0.0,0.0,0.0,0.03,0,0,0,0,0,0,0,0,0,0,0,0,0,0,0,0,0,0,0,0,0
11.171369075775146,9.0,0.0,0.0,0.0,0.0,0.0,0.0,0.0,0.0,0.03,0,0,0,0,0,0,0,0,0,0,0,0,0,0,0,0,0,0,0,0,0
11.173163652420044,9.0,0.0,0.0,0.0,0.0,0.0,0.0,0.0,0.0,0.03,0,0,0,0,0,0,0,0,0,0,0,0,0,0,0,0,0,0,0,0,0
11.176941633224487,9.0,0.0,0.0,0.0,0.0,0.0,0.0,0.0,0.0,0.03,0,0,0,0,0,0,0,0,0,0,0,0,0,0,0,0,0,0,0,0,0
11.178015232086182,9.0,0.0,0.0,0.0,0.0,0.0,0.0,0.0,0.0,0.03,0,0,0,0,0,0,0,0,0,0,0,0,0,0,0,0,0,0,0,0,0
11.17912244796753,9.0,0.0,0.0,0.0,0.0,0.0,0.0,0.0,0.0,0.03,0,0,0,0,0,0,0,0,0,0,0,0,0,0,0,0,0,0,0,0,0
11.1804940700531,9.0,0.0,0.0,0.0,0.0,0.0,0.0,0.0,0.0,0.03,0,0,0,0,0,0,0,0,0,0,0,0,0,0,0,0,0,0,0,0,0
11.181764841079712,9.0,0.0,0.0,0.0,0.0,0.0,0.0,0.0,0.0,0.03,0,0,0,0,0,0,0,0,0,0,0,0,0,0,0,0,0,0,0,0,0
11.18320345878601,9.0,0.0,0.0,0.0,0.0,0.0,0.0,0.0,0.0,0.03,0,0,0,0,0,0,0,0,0,0,0,0,0,0,0,0,0,0,0,0,0
11.184292316436768,9.0,0.0,0.0,0.0,0.0,0.0,0.0,0.0,0.0,0.03,0,0,0,0,0,0,0,0,0,0,0,0,0,0,0,0,0,0,0,0,0
11.185354948043823,9.0,0.0,0.0,0.0,0.0,0.0,0.0,0.0,0.0,0.03,0,0,0,0,0,0,0,0,0,0,0,0,0,0,0,0,0,0,0,0,0
11.186601400375366,9.0,0.0,0.0,0.0,0.0,0.0,0.0,0.0,0.0,0.03,0,0,0,0,0,0,0,0,0,0,0,0,0,0,0,0,0,0,0,0,0
11.187727451324463,9.0,0.0,0.0,0.0,0.0,0.0,0.0,0.0,0.0,0.03,0,0,0,0,0,0,0,0,0,0,0,0,0,0,0,0,0,0,0,0,0
11.188978433609009,9.0,0.0,0.0,0.0,0.0,0.0,0.0,0.0,0.0,0.03,0,0,0,0,0,0,0,0,0,0,0,0,0,0,0,0,0,0,0,0,0
11.190045356750488,9.0,0.0,0.0,0.0,0.0,0.0,0.0,0.0,0.0,0.03,0,0,0,0,0,0,0,0,0,0,0,0,0,0,0,0,0,0,0,0,0
11.19139313697815,9.0,0.0,0.0,0.0,0.0,0.0,0.0,0.0,0.0,0.03,0,0,0,0,0,0,0,0,0,0,0,0,0,0,0,0,0,0,0,0,0
11.192606925964355,9.0,0.0,0.0,0.0,0.0,0.0,0.0,0.0,0.0,0.03,0,0,0,0,0,0,0,0,0,0,0,0,0,0,0,0,0,0,0,0,0
11.193671464920044,9.0,0.0,0.0,0.0,0.0,0.0,0.0,0.0,0.0,0.03,0,0,0,0,0,0,0,0,0,0,0,0,0,0,0,0,0,0,0,0,0
11.196033000946045,9.0,0.0,0.0,0.0,0.0,0.0,0.0,0.0,0.0,0.03,0,0,0,0,0,0,0,0,0,0,0,0,0,0,0,0,0,0,0,0,0
11.198132038116455,9.0,0.0,0.0,0.0,0.0,0.0,0.0,0.0,0.0,0.03,0,0,0,0,0,0,0,0,0,0,0,0,0,0,0,0,0,0,0,0,0
11.19956660270691,9.0,0.0,0.0,0.0,0.0,0.0,0.0,0.0,0.0,0.03,0,0,0,0,0,0,0,0,0,0,0,0,0,0,0,0,0,0,0,0,0
11.200654029846191,9.0,0.0,0.0,0.0,0.0,0.0,0.0,0.0,0.0,0.03,0,0,0,0,0,0,0,0,0,0,0,0,0,0,0,0,0,0,0,0,0
11.201842546463013,9.0,0.0,0.0,0.0,0.0,0.0,0.0,0.0,0.0,0.03,0,0,0,0,0,0,0,0,0,0,0,0,0,0,0,0,0,0,0,0,0
11.203452110290527,9.0,0.0,0.0,0.0,0.0,0.0,0.0,0.0,0.0,0.03,0,0,0,0,0,0,0,0,0,0,0,0,0,0,0,0,0,0,0,0,0
11.205130100250244,9.0,0.0,0.0,0.0,0.0,0.0,0.0,0.0,0.0,0.03,0,0,0,0,0,0,0,0,0,0,0,0,0,0,0,0,0,0,0,0,0
11.207763671875,9.0,0.0,0.0,0.0,0.0,0.0,0.0,0.0,0.0,0.03,0,0,0,0,0,0,0,0,0,0,0,0,0,0,0,0,0,0,0,0,0
11.210366249084473,9.0,0.0,0.0,0.0,0.0,0.0,0.0,0.0,0.0,0.03,0,0,0,0,0,0,0,0,0,0,0,0,0,0,0,0,0,0,0,0,0
11.211657047271729,9.0,0.0,0.0,0.0,0.0,0.0,0.0,0.0,0.0,0.03,0,0,0,0,0,0,0,0,0,0,0,0,0,0,0,0,0,0,0,0,0
11.212896823883057,9.0,0.0,0.0,0.0,0.0,0.0,0.0,0.0,0.0,0.03,0,0,0,0,0,0,0,0,0,0,0,0,0,0,0,0,0,0,0,0,0
11.216474294662476,9.0,0.0,0.0,0.0,0.0,0.0,0.0,0.0,0.0,0.03,0,0,0,0,0,0,0,0,0,0,0,0,0,0,0,0,0,0,0,0,0
11.217854261398315,9.0,0.0,0.0,0.0,0.0,0.0,0.0,0.0,0.0,0.03,0,0,0,0,0,0,0,0,0,0,0,0,0,0,0,0,0,0,0,0,0
11.219021558761597,9.0,0.0,0.0,0.0,0.0,0.0,0.0,0.0,0.0,0.03,0,0,0,0,0,0,0,0,0,0,0,0,0,0,0,0,0,0,0,0,0
11.224496603012085,9.0,0.0,0.0,0.0,0.0,0.0,0.0,0.0,0.0,0.03,0,0,0,0,0,0,0,0,0,0,0,0,0,0,0,0,0,0,0,0,0
11.225980281829834,9.0,0.0,0.0,0.0,0.0,0.0,0.0,0.0,0.0,0.03,0,0,0,0,0,0,0,0,0,0,0,0,0,0,0,0,0,0,0,0,0
11.227680206298828,9.0,0.0,0.0,0.0,0.0,0.0,0.0,0.0,0.0,0.03,0,0,0,0,0,0,0,0,0,0,0,0,0,0,0,0,0,0,0,0,0
11.228768348693848,9.0,0.0,0.0,0.0,0.0,0.0,0.0,0.0,0.0,0.03,0,0,0,0,0,0,0,0,0,0,0,0,0,0,0,0,0,0,0,0,0
11.229845523834229,9.0,0.0,0.0,0.0,0.0,0.0,0.0,0.0,0.0,0.03,0,0,0,0,0,0,0,0,0,0,0,0,0,0,0,0,0,0,0,0,0
11.23202133178711,9.0,0.0,0.0,0.0,0.0,0.0,0.0,0.0,0.0,0.03,0,0,0,0,0,0,0,0,0,0,0,0,0,0,0,0,0,0,0,0,0
11.233654260635376,9.0,0.0,0.0,0.0,0.0,0.0,0.0,0.0,0.0,0.03,0,0,0,0,0,0,0,0,0,0,0,0,0,0,0,0,0,0,0,0,0
11.23497724533081,9.0,0.0,0.0,0.0,0.0,0.0,0.0,0.0,0.0,0.03,0,0,0,0,0,0,0,0,0,0,0,0,0,0,0,0,0,0,0,0,0
11.236720323562622,9.0,0.0,0.0,0.0,0.0,0.0,0.0,0.0,0.0,0.03,0,0,0,0,0,0,0,0,0,0,0,0,0,0,0,0,0,0,0,0,0
11.237818479537964,9.0,0.0,0.0,0.0,0.0,0.0,0.0,0.0,0.0,0.03,0,0,0,0,0,0,0,0,0,0,0,0,0,0,0,0,0,0,0,0,0
11.239934921264648,9.0,0.0,0.0,0.0,0.0,0.0,0.0,0.0,0.0,0.03,0,0,0,0,0,0,0,0,0,0,0,0,0,0,0,0,0,0,0,0,0
11.242267608642578,9.0,0.0,0.0,0.0,0.0,0.0,0.0,0.0,0.0,0.03,0,0,0,0,0,0,0,0,0,0,0,0,0,0,0,0,0,0,0,0,0
11.243393659591675,9.0,0.0,0.0,0.0,0.0,0.0,0.0,0.0,0.0,0.03,0,0,0,0,0,0,0,0,0,0,0,0,0,0,0,0,0,0,0,0,0
11.245110273361206,9.0,0.0,0.0,0.0,0.0,0.0,0.0,0.0,0.0,0.03,0,0,0,0,0,0,0,0,0,0,0,0,0,0,0,0,0,0,0,0,0
11.246635437011719,9.0,0.0,0.0,0.0,0.0,0.0,0.0,0.0,0.0,0.03,0,0,0,0,0,0,0,0,0,0,0,0,0,0,0,0,0,0,0,0,0
11.248099088668823,9.0,0.0,0.0,0.0,0.0,0.0,0.0,0.0,0.0,0.03,0,0,0,0,0,0,0,0,0,0,0,0,0,0,0,0,0,0,0,0,0
11.24976634979248,9.0,0.0,0.0,0.0,0.0,0.0,0.0,0.0,0.0,0.03,0,0,0,0,0,0,0,0,0,0,0,0,0,0,0,0,0,0,0,0,0
11.251539945602417,9.0,0.0,0.0,0.0,0.0,0.0,0.0,0.0,0.0,0.03,0,0,0,0,0,0,0,0,0,0,0,0,0,0,0,0,0,0,0,0,0
11.252865314483643,9.0,0.0,0.0,0.0,0.0,0.0,0.0,0.0,0.0,0.03,0,0,0,0,0,0,0,0,0,0,0,0,0,0,0,0,0,0,0,0,0
11.253966331481934,9.0,0.0,0.0,0.0,0.0,0.0,0.0,0.0,0.0,0.03,0,0,0,0,0,0,0,0,0,0,0,0,0,0,0,0,0,0,0,0,0
11.255199909210205,9.0,0.0,0.0,0.0,0.0,0.0,0.0,0.0,0.0,0.03,0,0,0,0,0,0,0,0,0,0,0,0,0,0,0,0,0,0,0,0,0
11.25653076171875,9.0,0.0,0.0,0.0,0.0,0.0,0.0,0.0,0.0,0.03,0,0,0,0,0,0,0,0,0,0,0,0,0,0,0,0,0,0,0,0,0
11.257820129394531,9.0,0.0,0.0,0.0,0.0,0.0,0.0,0.0,0.0,0.03,0,0,0,0,0,0,0,0,0,0,0,0,0,0,0,0,0,0,0,0,0
11.258904457092285,9.0,0.0,0.0,0.0,0.0,0.0,0.0,0.0,0.0,0.03,0,0,0,0,0,0,0,0,0,0,0,0,0,0,0,0,0,0,0,0,0
11.260632514953613,9.0,0.0,0.0,0.0,0.0,0.0,0.0,0.0,0.0,0.03,0,0,0,0,0,0,0,0,0,0,0,0,0,0,0,0,0,0,0,0,0
11.261729001998901,9.0,0.0,0.0,0.0,0.0,0.0,0.0,0.0,0.0,0.03,0,0,0,0,0,0,0,0,0,0,0,0,0,0,0,0,0,0,0,0,0
11.262952327728271,9.0,0.0,0.0,0.0,0.0,0.0,0.0,0.0,0.0,0.03,0,0,0,0,0,0,0,0,0,0,0,0,0,0,0,0,0,0,0,0,0
11.26401400566101,9.0,0.0,0.0,0.0,0.0,0.0,0.0,0.0,0.0,0.03,0,0,0,0,0,0,0,0,0,0,0,0,0,0,0,0,0,0,0,0,0
11.265158414840698,9.0,0.0,0.0,0.0,0.0,0.0,0.0,0.0,0.0,0.03,0,0,0,0,0,0,0,0,0,0,0,0,0,0,0,0,0,0,0,0,0
11.266510248184204,9.0,0.0,0.0,0.0,0.0,0.0,0.0,0.0,0.0,0.03,0,0,0,0,0,0,0,0,0,0,0,0,0,0,0,0,0,0,0,0,0
11.26759386062622,9.0,0.0,0.0,0.0,0.0,0.0,0.0,0.0,0.0,0.03,0,0,0,0,0,0,0,0,0,0,0,0,0,0,0,0,0,0,0,0,0
11.26880145072937,9.0,0.0,0.0,0.0,0.0,0.0,0.0,0.0,0.0,0.03,0,0,0,0,0,0,0,0,0,0,0,0,0,0,0,0,0,0,0,0,0
11.270335674285889,9.0,0.0,0.0,0.0,0.0,0.0,0.0,0.0,0.0,0.03,0,0,0,0,0,0,0,0,0,0,0,0,0,0,0,0,0,0,0,0,0
11.274367332458496,9.0,0.0,0.0,0.0,0.0,0.0,0.0,0.0,0.0,0.03,0,0,0,0,0,0,0,0,0,0,0,0,0,0,0,0,0,0,0,0,0
11.27561354637146,9.0,0.0,0.0,0.0,0.0,0.0,0.0,0.0,0.0,0.03,0,0,0,0,0,0,0,0,0,0,0,0,0,0,0,0,0,0,0,0,0
11.277578353881836,9.0,0.0,0.0,0.0,0.0,0.0,0.0,0.0,0.0,0.03,0,0,0,0,0,0,0,0,0,0,0,0,0,0,0,0,0,0,0,0,0
11.278709411621094,9.0,0.0,0.0,0.0,0.0,0.0,0.0,0.0,0.0,0.03,0,0,0,0,0,0,0,0,0,0,0,0,0,0,0,0,0,0,0,0,0
11.28120493888855,9.0,0.0,0.0,0.0,0.0,0.0,0.0,0.0,0.0,0.03,0,0,0,0,0,0,0,0,0,0,0,0,0,0,0,0,0,0,0,0,0
11.282346963882446,9.0,0.0,0.0,0.0,0.0,0.0,0.0,0.0,0.0,0.03,0,0,0,0,0,0,0,0,0,0,0,0,0,0,0,0,0,0,0,0,0
11.28444528579712,9.0,0.0,0.0,0.0,0.0,0.0,0.0,0.0,0.0,0.03,0,0,0,0,0,0,0,0,0,0,0,0,0,0,0,0,0,0,0,0,0
11.285721063613892,9.0,0.0,0.0,0.0,0.0,0.0,0.0,0.0,0.0,0.03,0,0,0,0,0,0,0,0,0,0,0,0,0,0,0,0,0,0,0,0,0
11.287197351455688,9.0,0.0,0.0,0.0,0.0,0.0,0.0,0.0,0.0,0.03,0,0,0,0,0,0,0,0,0,0,0,0,0,0,0,0,0,0,0,0,0
11.288487911224365,9.0,0.0,0.0,0.0,0.0,0.0,0.0,0.0,0.0,0.03,0,0,0,0,0,0,0,0,0,0,0,0,0,0,0,0,0,0,0,0,0
11.289762258529663,9.0,0.0,0.0,0.0,0.0,0.0,0.0,0.0,0.0,0.03,0,0,0,0,0,0,0,0,0,0,0,0,0,0,0,0,0,0,0,0,0
11.290972709655762,9.0,0.0,0.0,0.0,0.0,0.0,0.0,0.0,0.0,0.03,0,0,0,0,0,0,0,0,0,0,0,0,0,0,0,0,0,0,0,0,0
11.292524814605713,9.0,0.0,0.0,0.0,0.0,0.0,0.0,0.0,0.0,0.03,0,0,0,0,0,0,0,0,0,0,0,0,0,0,0,0,0,0,0,0,0
11.293608665466309,9.0,0.0,0.0,0.0,0.0,0.0,0.0,0.0,0.0,0.03,0,0,0,0,0,0,0,0,0,0,0,0,0,0,0,0,0,0,0,0,0
11.294738054275513,9.0,0.0,0.0,0.0,0.0,0.0,0.0,0.0,0.0,0.03,0,0,0,0,0,0,0,0,0,0,0,0,0,0,0,0,0,0,0,0,0
11.295804977416992,9.0,0.0,0.0,0.0,0.0,0.0,0.0,0.0,0.0,0.03,0,0,0,0,0,0,0,0,0,0,0,0,0,0,0,0,0,0,0,0,0
11.29712438583374,9.0,0.0,0.0,0.0,0.0,0.0,0.0,0.0,0.0,0.03,0,0,0,0,0,0,0,0,0,0,0,0,0,0,0,0,0,0,0,0,0
11.298196077346802,9.0,0.0,0.0,0.0,0.0,0.0,0.0,0.0,0.0,0.03,0,0,0,0,0,0,0,0,0,0,0,0,0,0,0,0,0,0,0,0,0
11.302810907363892,9.0,0.0,0.0,0.0,0.0,0.0,0.0,0.0,0.0,0.03,0,0,0,0,0,0,0,0,0,0,0,0,0,0,0,0,0,0,0,0,0
11.304885387420654,9.0,0.0,0.0,0.0,0.0,0.0,0.0,0.0,0.0,0.03,0,0,0,0,0,0,0,0,0,0,0,0,0,0,0,0,0,0,0,0,0
11.306005716323853,9.0,0.0,0.0,0.0,0.0,0.0,0.0,0.0,0.0,0.03,0,0,0,0,0,0,0,0,0,0,0,0,0,0,0,0,0,0,0,0,0
11.307541847229004,9.0,0.0,0.0,0.0,0.0,0.0,0.0,0.0,0.0,0.03,0,0,0,0,0,0,0,0,0,0,0,0,0,0,0,0,0,0,0,0,0
11.308831453323364,9.0,0.0,0.0,0.0,0.0,0.0,0.0,0.0,0.0,0.03,0,0,0,0,0,0,0,0,0,0,0,0,0,0,0,0,0,0,0,0,0
11.309896469116211,9.0,0.0,0.0,0.0,0.0,0.0,0.0,0.0,0.0,0.03,0,0,0,0,0,0,0,0,0,0,0,0,0,0,0,0,0,0,0,0,0
11.311208724975586,9.0,0.0,0.0,0.0,0.0,0.0,0.0,0.0,0.0,0.03,0,0,0,0,0,0,0,0,0,0,0,0,0,0,0,0,0,0,0,0,0
11.312582969665527,9.0,0.0,0.0,0.0,0.0,0.0,0.0,0.0,0.0,0.03,0,0,0,0,0,0,0,0,0,0,0,0,0,0,0,0,0,0,0,0,0
11.31429648399353,9.0,0.0,0.0,0.0,0.0,0.0,0.0,0.0,0.0,0.03,0,0,0,0,0,0,0,0,0,0,0,0,0,0,0,0,0,0,0,0,0
11.315364837646484,9.0,0.0,0.0,0.0,0.0,0.0,0.0,0.0,0.0,0.03,0,0,0,0,0,0,0,0,0,0,0,0,0,0,0,0,0,0,0,0,0
11.316431283950806,9.0,0.0,0.0,0.0,0.0,0.0,0.0,0.0,0.0,0.03,0,0,0,0,0,0,0,0,0,0,0,0,0,0,0,0,0,0,0,0,0
11.320666551589966,9.0,0.0,0.0,0.0,0.0,0.0,0.0,0.0,0.0,0.03,0,0,0,0,0,0,0,0,0,0,0,0,0,0,0,0,0,0,0,0,0
11.322996139526367,9.0,0.0,0.0,0.0,0.0,0.0,0.0,0.0,0.0,0.03,0,0,0,0,0,0,0,0,0,0,0,0,0,0,0,0,0,0,0,0,0
11.32470989227295,9.0,0.0,0.0,0.0,0.0,0.0,0.0,0.0,0.0,0.03,0,0,0,0,0,0,0,0,0,0,0,0,0,0,0,0,0,0,0,0,0
11.325911283493042,9.0,0.0,0.0,0.0,0.0,0.0,0.0,0.0,0.0,0.03,0,0,0,0,0,0,0,0,0,0,0,0,0,0,0,0,0,0,0,0,0
11.328014135360718,9.0,0.0,0.0,0.0,0.0,0.0,0.0,0.0,0.0,0.03,0,0,0,0,0,0,0,0,0,0,0,0,0,0,0,0,0,0,0,0,0
11.329123497009277,9.0,0.0,0.0,0.0,0.0,0.0,0.0,0.0,0.0,0.03,0,0,0,0,0,0,0,0,0,0,0,0,0,0,0,0,0,0,0,0,0
11.330556154251099,9.0,0.0,0.0,0.0,0.0,0.0,0.0,0.0,0.0,0.03,0,0,0,0,0,0,0,0,0,0,0,0,0,0,0,0,0,0,0,0,0
11.332618474960327,9.0,0.0,0.0,0.0,0.0,0.0,0.0,0.0,0.0,0.03,0,0,0,0,0,0,0,0,0,0,0,0,0,0,0,0,0,0,0,0,0
11.333773136138916,9.0,0.0,0.0,0.0,0.0,0.0,0.0,0.0,0.0,0.03,0,0,0,0,0,0,0,0,0,0,0,0,0,0,0,0,0,0,0,0,0
11.33486557006836,9.0,0.0,0.0,0.0,0.0,0.0,0.0,0.0,0.0,0.03,0,0,0,0,0,0,0,0,0,0,0,0,0,0,0,0,0,0,0,0,0
11.336149215698242,9.0,0.0,0.0,0.0,0.0,0.0,0.0,0.0,0.0,0.03,0,0,0,0,0,0,0,0,0,0,0,0,0,0,0,0,0,0,0,0,0
11.337464570999146,9.0,0.0,0.0,0.0,0.0,0.0,0.0,0.0,0.0,0.03,0,0,0,0,0,0,0,0,0,0,0,0,0,0,0,0,0,0,0,0,0
11.33899211883545,9.0,0.0,0.0,0.0,0.0,0.0,0.0,0.0,0.0,0.03,0,0,0,0,0,0,0,0,0,0,0,0,0,0,0,0,0,0,0,0,0
11.340081691741943,9.0,0.0,0.0,0.0,0.0,0.0,0.0,0.0,0.0,0.03,0,0,0,0,0,0,0,0,0,0,0,0,0,0,0,0,0,0,0,0,0
11.341303825378418,9.0,0.0,0.0,0.0,0.0,0.0,0.0,0.0,0.0,0.03,0,0,0,0,0,0,0,0,0,0,0,0,0,0,0,0,0,0,0,0,0
11.342548131942749,9.0,0.0,0.0,0.0,0.0,0.0,0.0,0.0,0.0,0.03,0,0,0,0,0,0,0,0,0,0,0,0,0,0,0,0,0,0,0,0,0
11.343834400177002,9.0,0.0,0.0,0.0,0.0,0.0,0.0,0.0,0.0,0.03,0,0,0,0,0,0,0,0,0,0,0,0,0,0,0,0,0,0,0,0,0
11.345038175582886,9.0,0.0,0.0,0.0,0.0,0.0,0.0,0.0,0.0,0.03,0,0,0,0,0,0,0,0,0,0,0,0,0,0,0,0,0,0,0,0,0
11.346163511276245,9.0,0.0,0.0,0.0,0.0,0.0,0.0,0.0,0.0,0.03,0,0,0,0,0,0,0,0,0,0,0,0,0,0,0,0,0,0,0,0,0
11.347471475601196,9.0,0.0,0.0,0.0,0.0,0.0,0.0,0.0,0.0,0.03,0,0,0,0,0,0,0,0,0,0,0,0,0,0,0,0,0,0,0,0,0
11.349020957946777,9.0,0.0,0.0,0.0,0.0,0.0,0.0,0.0,0.0,0.03,0,0,0,0,0,0,0,0,0,0,0,0,0,0,0,0,0,0,0,0,0
11.352298021316528,9.0,0.0,0.0,0.0,0.0,0.0,0.0,0.0,0.0,0.03,0,0,0,0,0,0,0,0,0,0,0,0,0,0,0,0,0,0,0,0,0
11.353432416915894,9.0,0.0,0.0,0.0,0.0,0.0,0.0,0.0,0.0,0.03,0,0,0,0,0,0,0,0,0,0,0,0,0,0,0,0,0,0,0,0,0
11.355316162109375,9.0,0.0,0.0,0.0,0.0,0.0,0.0,0.0,0.0,0.03,0,0,0,0,0,0,0,0,0,0,0,0,0,0,0,0,0,0,0,0,0
11.356565713882446,9.0,0.0,0.0,0.0,0.0,0.0,0.0,0.0,0.0,0.03,0,0,0,0,0,0,0,0,0,0,0,0,0,0,0,0,0,0,0,0,0
11.357731580734253,9.0,0.0,0.0,0.0,0.0,0.0,0.0,0.0,0.0,0.03,0,0,0,0,0,0,0,0,0,0,0,0,0,0,0,0,0,0,0,0,0
11.360419034957886,9.0,0.0,0.0,0.0,0.0,0.0,0.0,0.0,0.0,0.03,0,0,0,0,0,0,0,0,0,0,0,0,0,0,0,0,0,0,0,0,0
11.361879825592041,9.0,0.0,0.0,0.0,0.0,0.0,0.0,0.0,0.0,0.03,0,0,0,0,0,0,0,0,0,0,0,0,0,0,0,0,0,0,0,0,0
11.362961530685425,9.0,0.0,0.0,0.0,0.0,0.0,0.0,0.0,0.0,0.03,0,0,0,0,0,0,0,0,0,0,0,0,0,0,0,0,0,0,0,0,0
11.364094257354736,9.0,0.0,0.0,0.0,0.0,0.0,0.0,0.0,0.0,0.03,0,0,0,0,0,0,0,0,0,0,0,0,0,0,0,0,0,0,0,0,0
11.365281105041504,9.0,0.0,0.0,0.0,0.0,0.0,0.0,0.0,0.0,0.03,0,0,0,0,0,0,0,0,0,0,0,0,0,0,0,0,0,0,0,0,0
11.366670608520508,9.0,0.0,0.0,0.0,0.0,0.0,0.0,0.0,0.0,0.03,0,0,0,0,0,0,0,0,0,0,0,0,0,0,0,0,0,0,0,0,0
11.368110656738281,9.0,0.0,0.0,0.0,0.0,0.0,0.0,0.0,0.0,0.03,0,0,0,0,0,0,0,0,0,0,0,0,0,0,0,0,0,0,0,0,0
11.369955778121948,9.0,0.0,0.0,0.0,0.0,0.0,0.0,0.0,0.0,0.03,0,0,0,0,0,0,0,0,0,0,0,0,0,0,0,0,0,0,0,0,0
11.37323808670044,9.0,0.0,0.0,0.0,0.0,0.0,0.0,0.0,0.0,0.03,0,0,0,0,0,0,0,0,0,0,0,0,0,0,0,0,0,0,0,0,0
11.374435901641846,9.0,0.0,0.0,0.0,0.0,0.0,0.0,0.0,0.0,0.03,0,0,0,0,0,0,0,0,0,0,0,0,0,0,0,0,0,0,0,0,0
11.375830888748169,9.0,0.0,0.0,0.0,0.0,0.0,0.0,0.0,0.0,0.03,0,0,0,0,0,0,0,0,0,0,0,0,0,0,0,0,0,0,0,0,0
11.377021789550781,9.0,0.0,0.0,0.0,0.0,0.0,0.0,0.0,0.0,0.03,0,0,0,0,0,0,0,0,0,0,0,0,0,0,0,0,0,0,0,0,0
11.378098964691162,9.0,0.0,0.0,0.0,0.0,0.0,0.0,0.0,0.0,0.03,0,0,0,0,0,0,0,0,0,0,0,0,0,0,0,0,0,0,0,0,0
11.379195928573608,9.0,0.0,0.0,0.0,0.0,0.0,0.0,0.0,0.0,0.03,0,0,0,0,0,0,0,0,0,0,0,0,0,0,0,0,0,0,0,0,0
11.381202220916748,9.0,0.0,0.0,0.0,0.0,0.0,0.0,0.0,0.0,0.03,0,0,0,0,0,0,0,0,0,0,0,0,0,0,0,0,0,0,0,0,0
11.382475852966309,9.0,0.0,0.0,0.0,0.0,0.0,0.0,0.0,0.0,0.03,0,0,0,0,0,0,0,0,0,0,0,0,0,0,0,0,0,0,0,0,0
11.38571572303772,9.0,0.0,0.0,0.0,0.0,0.0,0.0,0.0,0.0,0.03,0,0,0,0,0,0,0,0,0,0,0,0,0,0,0,0,0,0,0,0,0
11.38819169998169,9.0,0.0,0.0,0.0,0.0,0.0,0.0,0.0,0.0,0.03,0,0,0,0,0,0,0,0,0,0,0,0,0,0,0,0,0,0,0,0,0
11.389910697937012,9.0,0.0,0.0,0.0,0.0,0.0,0.0,0.0,0.0,0.03,0,0,0,0,0,0,0,0,0,0,0,0,0,0,0,0,0,0,0,0,0
11.391389608383179,9.0,0.0,0.0,0.0,0.0,0.0,0.0,0.0,0.0,0.03,0,0,0,0,0,0,0,0,0,0,0,0,0,0,0,0,0,0,0,0,0
11.39274549484253,9.0,0.0,0.0,0.0,0.0,0.0,0.0,0.0,0.0,0.03,0,0,0,0,0,0,0,0,0,0,0,0,0,0,0,0,0,0,0,0,0
11.394306421279907,9.0,0.0,0.0,0.0,0.0,0.0,0.0,0.0,0.0,0.03,0,0,0,0,0,0,0,0,0,0,0,0,0,0,0,0,0,0,0,0,0
11.395745277404785,9.0,0.0,0.0,0.0,0.0,0.0,0.0,0.0,0.0,0.03,0,0,0,0,0,0,0,0,0,0,0,0,0,0,0,0,0,0,0,0,0
11.398054838180542,9.0,0.0,0.0,0.0,0.0,0.0,0.0,0.0,0.0,0.03,0,0,0,0,0,0,0,0,0,0,0,0,0,0,0,0,0,0,0,0,0
11.399765968322754,9.0,0.0,0.0,0.0,0.0,0.0,0.0,0.0,0.0,0.03,0,0,0,0,0,0,0,0,0,0,0,0,0,0,0,0,0,0,0,0,0
11.400892734527588,9.0,0.0,0.0,0.0,0.0,0.0,0.0,0.0,0.0,0.03,0,0,0,0,0,0,0,0,0,0,0,0,0,0,0,0,0,0,0,0,0
11.402590990066528,9.0,0.0,0.0,0.0,0.0,0.0,0.0,0.0,0.0,0.03,0,0,0,0,0,0,0,0,0,0,0,0,0,0,0,0,0,0,0,0,0
11.403736591339111,9.0,0.0,0.0,0.0,0.0,0.0,0.0,0.0,0.0,0.03,0,0,0,0,0,0,0,0,0,0,0,0,0,0,0,0,0,0,0,0,0
11.405506372451782,9.0,0.0,0.0,0.0,0.0,0.0,0.0,0.0,0.0,0.03,0,0,0,0,0,0,0,0,0,0,0,0,0,0,0,0,0,0,0,0,0
11.406975030899048,9.0,0.0,0.0,0.0,0.0,0.0,0.0,0.0,0.0,0.03,0,0,0,0,0,0,0,0,0,0,0,0,0,0,0,0,0,0,0,0,0
11.408185482025146,9.0,0.0,0.0,0.0,0.0,0.0,0.0,0.0,0.0,0.03,0,0,0,0,0,0,0,0,0,0,0,0,0,0,0,0,0,0,0,0,0
11.410341024398804,9.0,0.0,0.0,0.0,0.0,0.0,0.0,0.0,0.0,0.03,0,0,0,0,0,0,0,0,0,0,0,0,0,0,0,0,0,0,0,0,0
11.411870956420898,9.0,0.0,0.0,0.0,0.0,0.0,0.0,0.0,0.0,0.03,0,0,0,0,0,0,0,0,0,0,0,0,0,0,0,0,0,0,0,0,0
11.413265466690063,9.0,0.0,0.0,0.0,0.0,0.0,0.0,0.0,0.0,0.03,0,0,0,0,0,0,0,0,0,0,0,0,0,0,0,0,0,0,0,0,0
11.414395570755005,9.0,0.0,0.0,0.0,0.0,0.0,0.0,0.0,0.0,0.03,0,0,0,0,0,0,0,0,0,0,0,0,0,0,0,0,0,0,0,0,0
11.41545844078064,9.0,0.0,0.0,0.0,0.0,0.0,0.0,0.0,0.0,0.03,0,0,0,0,0,0,0,0,0,0,0,0,0,0,0,0,0,0,0,0,0
11.416578769683838,9.0,0.0,0.0,0.0,0.0,0.0,0.0,0.0,0.0,0.03,0,0,0,0,0,0,0,0,0,0,0,0,0,0,0,0,0,0,0,0,0
11.417826652526855,9.0,0.0,0.0,0.0,0.0,0.0,0.0,0.0,0.0,0.03,0,0,0,0,0,0,0,0,0,0,0,0,0,0,0,0,0,0,0,0,0
11.418914318084717,9.0,0.0,0.0,0.0,0.0,0.0,0.0,0.0,0.0,0.03,0,0,0,0,0,0,0,0,0,0,0,0,0,0,0,0,0,0,0,0,0
11.420063495635986,9.0,0.0,0.0,0.0,0.0,0.0,0.0,0.0,0.0,0.03,0,0,0,0,0,0,0,0,0,0,0,0,0,0,0,0,0,0,0,0,0
11.42275357246399,9.0,0.0,0.0,0.0,0.0,0.0,0.0,0.0,0.0,0.03,0,0,0,0,0,0,0,0,0,0,0,0,0,0,0,0,0,0,0,0,0
11.426445484161377,9.0,0.0,0.0,0.0,0.0,0.0,0.0,0.0,0.0,0.03,0,0,0,0,0,0,0,0,0,0,0,0,0,0,0,0,0,0,0,0,0
11.428033351898193,9.0,0.0,0.0,0.0,0.0,0.0,0.0,0.0,0.0,0.03,0,0,0,0,0,0,0,0,0,0,0,0,0,0,0,0,0,0,0,0,0
11.429583072662354,9.0,0.0,0.0,0.0,0.0,0.0,0.0,0.0,0.0,0.03,0,0,0,0,0,0,0,0,0,0,0,0,0,0,0,0,0,0,0,0,0
11.430847406387329,9.0,0.0,0.0,0.0,0.0,0.0,0.0,0.0,0.0,0.03,0,0,0,0,0,0,0,0,0,0,0,0,0,0,0,0,0,0,0,0,0
11.432093143463135,9.0,0.0,0.0,0.0,0.0,0.0,0.0,0.0,0.0,0.03,0,0,0,0,0,0,0,0,0,0,0,0,0,0,0,0,0,0,0,0,0
11.433262586593628,9.0,0.0,0.0,0.0,0.0,0.0,0.0,0.0,0.0,0.03,0,0,0,0,0,0,0,0,0,0,0,0,0,0,0,0,0,0,0,0,0
11.43454384803772,9.0,0.0,0.0,0.0,0.0,0.0,0.0,0.0,0.0,0.03,0,0,0,0,0,0,0,0,0,0,0,0,0,0,0,0,0,0,0,0,0
11.436049699783325,9.0,0.0,0.0,0.0,0.0,0.0,0.0,0.0,0.0,0.03,0,0,0,0,0,0,0,0,0,0,0,0,0,0,0,0,0,0,0,0,0
11.43713116645813,9.0,0.0,0.0,0.0,0.0,0.0,0.0,0.0,0.0,0.03,0,0,0,0,0,0,0,0,0,0,0,0,0,0,0,0,0,0,0,0,0
11.438353061676025,9.0,0.0,0.0,0.0,0.0,0.0,0.0,0.0,0.0,0.03,0,0,0,0,0,0,0,0,0,0,0,0,0,0,0,0,0,0,0,0,0
11.43944525718689,9.0,0.0,0.0,0.0,0.0,0.0,0.0,0.0,0.0,0.03,0,0,0,0,0,0,0,0,0,0,0,0,0,0,0,0,0,0,0,0,0
11.440836906433105,9.0,0.0,0.0,0.0,0.0,0.0,0.0,0.0,0.0,0.03,0,0,0,0,0,0,0,0,0,0,0,0,0,0,0,0,0,0,0,0,0
11.441898822784424,9.0,0.0,0.0,0.0,0.0,0.0,0.0,0.0,0.0,0.03,0,0,0,0,0,0,0,0,0,0,0,0,0,0,0,0,0,0,0,0,0
11.443544864654541,9.0,0.0,0.0,0.0,0.0,0.0,0.0,0.0,0.0,0.03,0,0,0,0,0,0,0,0,0,0,0,0,0,0,0,0,0,0,0,0,0
11.445093154907227,9.0,0.0,0.0,0.0,0.0,0.0,0.0,0.0,0.0,0.03,0,0,0,0,0,0,0,0,0,0,0,0,0,0,0,0,0,0,0,0,0
11.44748306274414,9.0,0.0,0.0,0.0,0.0,0.0,0.0,0.0,0.0,0.03,0,0,0,0,0,0,0,0,0,0,0,0,0,0,0,0,0,0,0,0,0
11.448583126068115,9.0,0.0,0.0,0.0,0.0,0.0,0.0,0.0,0.0,0.03,0,0,0,0,0,0,0,0,0,0,0,0,0,0,0,0,0,0,0,0,0
11.449711322784424,9.0,0.0,0.0,0.0,0.0,0.0,0.0,0.0,0.0,0.03,0,0,0,0,0,0,0,0,0,0,0,0,0,0,0,0,0,0,0,0,0
11.451101064682007,9.0,0.0,0.0,0.0,0.0,0.0,0.0,0.0,0.0,0.03,0,0,0,0,0,0,0,0,0,0,0,0,0,0,0,0,0,0,0,0,0
11.452437162399292,9.0,0.0,0.0,0.0,0.0,0.0,0.0,0.0,0.0,0.03,0,0,0,0,0,0,0,0,0,0,0,0,0,0,0,0,0,0,0,0,0
11.453678846359253,9.0,0.0,0.0,0.0,0.0,0.0,0.0,0.0,0.0,0.03,0,0,0,0,0,0,0,0,0,0,0,0,0,0,0,0,0,0,0,0,0
11.454896926879883,9.0,0.0,0.0,0.0,0.0,0.0,0.0,0.0,0.0,0.03,0,0,0,0,0,0,0,0,0,0,0,0,0,0,0,0,0,0,0,0,0
11.45662260055542,9.0,0.0,0.0,0.0,0.0,0.0,0.0,0.0,0.0,0.03,0,0,0,0,0,0,0,0,0,0,0,0,0,0,0,0,0,0,0,0,0
11.4577157497406,9.0,0.0,0.0,0.0,0.0,0.0,0.0,0.0,0.0,0.03,0,0,0,0,0,0,0,0,0,0,0,0,0,0,0,0,0,0,0,0,0
11.460442543029785,9.0,0.0,0.0,0.0,0.0,0.0,0.0,0.0,0.0,0.03,0,0,0,0,0,0,0,0,0,0,0,0,0,0,0,0,0,0,0,0,0
11.461626052856445,9.0,0.0,0.0,0.0,0.0,0.0,0.0,0.0,0.0,0.03,0,0,0,0,0,0,0,0,0,0,0,0,0,0,0,0,0,0,0,0,0
11.462733745574951,9.0,0.0,0.0,0.0,0.0,0.0,0.0,0.0,0.0,0.03,0,0,0,0,0,0,0,0,0,0,0,0,0,0,0,0,0,0,0,0,0
11.463941097259521,9.0,0.0,0.0,0.0,0.0,0.0,0.0,0.0,0.0,0.03,0,0,0,0,0,0,0,0,0,0,0,0,0,0,0,0,0,0,0,0,0
11.465743064880371,9.0,0.0,0.0,0.0,0.0,0.0,0.0,0.0,0.0,0.03,0,0,0,0,0,0,0,0,0,0,0,0,0,0,0,0,0,0,0,0,0
11.467437744140625,9.0,0.0,0.0,0.0,0.0,0.0,0.0,0.0,0.0,0.03,0,0,0,0,0,0,0,0,0,0,0,0,0,0,0,0,0,0,0,0,0
11.469172477722168,9.0,0.0,0.0,0.0,0.0,0.0,0.0,0.0,0.0,0.03,0,0,0,0,0,0,0,0,0,0,0,0,0,0,0,0,0,0,0,0,0
11.47067379951477,9.0,0.0,0.0,0.0,0.0,0.0,0.0,0.0,0.0,0.03,0,0,0,0,0,0,0,0,0,0,0,0,0,0,0,0,0,0,0,0,0
11.471992254257202,9.0,0.0,0.0,0.0,0.0,0.0,0.0,0.0,0.0,0.03,0,0,0,0,0,0,0,0,0,0,0,0,0,0,0,0,0,0,0,0,0
11.473087072372437,9.0,0.0,0.0,0.0,0.0,0.0,0.0,0.0,0.0,0.03,0,0,0,0,0,0,0,0,0,0,0,0,0,0,0,0,0,0,0,0,0
11.475266218185425,9.0,0.0,0.0,0.0,0.0,0.0,0.0,0.0,0.0,0.03,0,0,0,0,0,0,0,0,0,0,0,0,0,0,0,0,0,0,0,0,0
11.4763662815094,9.0,0.0,0.0,0.0,0.0,0.0,0.0,0.0,0.0,0.03,0,0,0,0,0,0,0,0,0,0,0,0,0,0,0,0,0,0,0,0,0
11.47763204574585,9.0,0.0,0.0,0.0,0.0,0.0,0.0,0.0,0.0,0.03,0,0,0,0,0,0,0,0,0,0,0,0,0,0,0,0,0,0,0,0,0
11.478817224502563,9.0,0.0,0.0,0.0,0.0,0.0,0.0,0.0,0.0,0.03,0,0,0,0,0,0,0,0,0,0,0,0,0,0,0,0,0,0,0,0,0
11.479914426803589,9.0,0.0,0.0,0.0,0.0,0.0,0.0,0.0,0.0,0.03,0,0,0,0,0,0,0,0,0,0,0,0,0,0,0,0,0,0,0,0,0
11.481127738952637,9.0,0.0,0.0,0.0,0.0,0.0,0.0,0.0,0.0,0.03,0,0,0,0,0,0,0,0,0,0,0,0,0,0,0,0,0,0,0,0,0
11.482242584228516,9.0,0.0,0.0,0.0,0.0,0.0,0.0,0.0,0.0,0.03,0,0,0,0,0,0,0,0,0,0,0,0,0,0,0,0,0,0,0,0,0
11.483414888381958,9.0,0.0,0.0,0.0,0.0,0.0,0.0,0.0,0.0,0.03,0,0,0,0,0,0,0,0,0,0,0,0,0,0,0,0,0,0,0,0,0
11.484625339508057,9.0,0.0,0.0,0.0,0.0,0.0,0.0,0.0,0.0,0.03,0,0,0,0,0,0,0,0,0,0,0,0,0,0,0,0,0,0,0,0,0
11.485708475112915,9.0,0.0,0.0,0.0,0.0,0.0,0.0,0.0,0.0,0.03,0,0,0,0,0,0,0,0,0,0,0,0,0,0,0,0,0,0,0,0,0
11.486809253692627,9.0,0.0,0.0,0.0,0.0,0.0,0.0,0.0,0.0,0.03,0,0,0,0,0,0,0,0,0,0,0,0,0,0,0,0,0,0,0,0,0
11.488109350204468,9.0,0.0,0.0,0.0,0.0,0.0,0.0,0.0,0.0,0.03,0,0,0,0,0,0,0,0,0,0,0,0,0,0,0,0,0,0,0,0,0
11.48964548110962,9.0,0.0,0.0,0.0,0.0,0.0,0.0,0.0,0.0,0.03,0,0,0,0,0,0,0,0,0,0,0,0,0,0,0,0,0,0,0,0,0
11.492563724517822,9.0,0.0,0.0,0.0,0.0,0.0,0.0,0.0,0.0,0.03,0,0,0,0,0,0,0,0,0,0,0,0,0,0,0,0,0,0,0,0,0
11.493677616119385,9.0,0.0,0.0,0.0,0.0,0.0,0.0,0.0,0.0,0.03,0,0,0,0,0,0,0,0,0,0,0,0,0,0,0,0,0,0,0,0,0
11.494772911071777,9.0,0.0,0.0,0.0,0.0,0.0,0.0,0.0,0.0,0.03,0,0,0,0,0,0,0,0,0,0,0,0,0,0,0,0,0,0,0,0,0
11.49604320526123,9.0,0.0,0.0,0.0,0.0,0.0,0.0,0.0,0.0,0.03,0,0,0,0,0,0,0,0,0,0,0,0,0,0,0,0,0,0,0,0,0
11.49761438369751,9.0,0.0,0.0,0.0,0.0,0.0,0.0,0.0,0.0,0.03,0,0,0,0,0,0,0,0,0,0,0,0,0,0,0,0,0,0,0,0,0
11.498891115188599,9.0,0.0,0.0,0.0,0.0,0.0,0.0,0.0,0.0,0.03,0,0,0,0,0,0,0,0,0,0,0,0,0,0,0,0,0,0,0,0,0
11.500137567520142,9.0,0.0,0.0,0.0,0.0,0.0,0.0,0.0,0.0,0.03,0,0,0,0,0,0,0,0,0,0,0,0,0,0,0,0,0,0,0,0,0
11.501813173294067,9.0,0.0,0.0,0.0,0.0,0.0,0.0,0.0,0.0,0.03,0,0,0,0,0,0,0,0,0,0,0,0,0,0,0,0,0,0,0,0,0
11.502894878387451,9.0,0.0,0.0,0.0,0.0,0.0,0.0,0.0,0.0,0.03,0,0,0,0,0,0,0,0,0,0,0,0,0,0,0,0,0,0,0,0,0
11.503980159759521,9.0,0.0,0.0,0.0,0.0,0.0,0.0,0.0,0.0,0.03,0,0,0,0,0,0,0,0,0,0,0,0,0,0,0,0,0,0,0,0,0
11.505158424377441,9.0,0.0,0.0,0.0,0.0,0.0,0.0,0.0,0.0,0.03,0,0,0,0,0,0,0,0,0,0,0,0,0,0,0,0,0,0,0,0,0
11.5062735080719,9.0,0.0,0.0,0.0,0.0,0.0,0.0,0.0,0.0,0.03,0,0,0,0,0,0,0,0,0,0,0,0,0,0,0,0,0,0,0,0,0
11.507618427276611,9.0,0.0,0.0,0.0,0.0,0.0,0.0,0.0,0.0,0.03,0,0,0,0,0,0,0,0,0,0,0,0,0,0,0,0,0,0,0,0,0
11.509900569915771,9.0,0.0,0.0,0.0,0.0,0.0,0.0,0.0,0.0,0.03,0,0,0,0,0,0,0,0,0,0,0,0,0,0,0,0,0,0,0,0,0
11.511412143707275,9.0,0.0,0.0,0.0,0.0,0.0,0.0,0.0,0.0,0.03,0,0,0,0,0,0,0,0,0,0,0,0,0,0,0,0,0,0,0,0,0
11.512639999389648,9.0,0.0,0.0,0.0,0.0,0.0,0.0,0.0,0.0,0.03,0,0,0,0,0,0,0,0,0,0,0,0,0,0,0,0,0,0,0,0,0
11.513762950897217,9.0,0.0,0.0,0.0,0.0,0.0,0.0,0.0,0.0,0.03,0,0,0,0,0,0,0,0,0,0,0,0,0,0,0,0,0,0,0,0,0
11.515708446502686,9.0,0.0,0.0,0.0,0.0,0.0,0.0,0.0,0.0,0.03,0,0,0,0,0,0,0,0,0,0,0,0,0,0,0,0,0,0,0,0,0
11.516860485076904,9.0,0.0,0.0,0.0,0.0,0.0,0.0,0.0,0.0,0.03,0,0,0,0,0,0,0,0,0,0,0,0,0,0,0,0,0,0,0,0,0
11.518112182617188,9.0,0.0,0.0,0.0,0.0,0.0,0.0,0.0,0.0,0.03,0,0,0,0,0,0,0,0,0,0,0,0,0,0,0,0,0,0,0,0,0
11.51937460899353,9.0,0.0,0.0,0.0,0.0,0.0,0.0,0.0,0.0,0.03,0,0,0,0,0,0,0,0,0,0,0,0,0,0,0,0,0,0,0,0,0
11.520467042922974,9.0,0.0,0.0,0.0,0.0,0.0,0.0,0.0,0.0,0.03,0,0,0,0,0,0,0,0,0,0,0,0,0,0,0,0,0,0,0,0,0
11.522695302963257,9.0,0.0,0.0,0.0,0.0,0.0,0.0,0.0,0.0,0.03,0,0,0,0,0,0,0,0,0,0,0,0,0,0,0,0,0,0,0,0,0
11.524124383926392,9.0,0.0,0.0,0.0,0.0,0.0,0.0,0.0,0.0,0.03,0,0,0,0,0,0,0,0,0,0,0,0,0,0,0,0,0,0,0,0,0
11.525351524353027,9.0,0.0,0.0,0.0,0.0,0.0,0.0,0.0,0.0,0.03,0,0,0,0,0,0,0,0,0,0,0,0,0,0,0,0,0,0,0,0,0
11.526865243911743,9.0,0.0,0.0,0.0,0.0,0.0,0.0,0.0,0.0,0.03,0,0,0,0,0,0,0,0,0,0,0,0,0,0,0,0,0,0,0,0,0
11.529032468795776,9.0,0.0,0.0,0.0,0.0,0.0,0.0,0.0,0.0,0.03,0,0,0,0,0,0,0,0,0,0,0,0,0,0,0,0,0,0,0,0,0
11.531258821487427,9.0,0.0,0.0,0.0,0.0,0.0,0.0,0.0,0.0,0.03,0,0,0,0,0,0,0,0,0,0,0,0,0,0,0,0,0,0,0,0,0
11.532544136047363,9.0,0.0,0.0,0.0,0.0,0.0,0.0,0.0,0.0,0.03,0,0,0,0,0,0,0,0,0,0,0,0,0,0,0,0,0,0,0,0,0
11.533858299255371,9.0,0.0,0.0,0.0,0.0,0.0,0.0,0.0,0.0,0.03,0,0,0,0,0,0,0,0,0,0,0,0,0,0,0,0,0,0,0,0,0
11.53550934791565,9.0,0.0,0.0,0.0,0.0,0.0,0.0,0.0,0.0,0.03,0,0,0,0,0,0,0,0,0,0,0,0,0,0,0,0,0,0,0,0,0
11.536672353744507,9.0,0.0,0.0,0.0,0.0,0.0,0.0,0.0,0.0,0.03,0,0,0,0,0,0,0,0,0,0,0,0,0,0,0,0,0,0,0,0,0
11.538048267364502,9.0,0.0,0.0,0.0,0.0,0.0,0.0,0.0,0.0,0.03,0,0,0,0,0,0,0,0,0,0,0,0,0,0,0,0,0,0,0,0,0
11.539153099060059,9.0,0.0,0.0,0.0,0.0,0.0,0.0,0.0,0.0,0.03,0,0,0,0,0,0,0,0,0,0,0,0,0,0,0,0,0,0,0,0,0
11.541048049926758,9.0,0.0,0.0,0.0,0.0,0.0,0.0,0.0,0.0,0.03,0,0,0,0,0,0,0,0,0,0,0,0,0,0,0,0,0,0,0,0,0
11.542434692382812,9.0,0.0,0.0,0.0,0.0,0.0,0.0,0.0,0.0,0.03,0,0,0,0,0,0,0,0,0,0,0,0,0,0,0,0,0,0,0,0,0
11.54365611076355,9.0,0.0,0.0,0.0,0.0,0.0,0.0,0.0,0.0,0.03,0,0,0,0,0,0,0,0,0,0,0,0,0,0,0,0,0,0,0,0,0
11.544721841812134,9.0,0.0,0.0,0.0,0.0,0.0,0.0,0.0,0.0,0.03,0,0,0,0,0,0,0,0,0,0,0,0,0,0,0,0,0,0,0,0,0
11.545994281768799,9.0,0.0,0.0,0.0,0.0,0.0,0.0,0.0,0.0,0.03,0,0,0,0,0,0,0,0,0,0,0,0,0,0,0,0,0,0,0,0,0
11.54708480834961,9.0,0.0,0.0,0.0,0.0,0.0,0.0,0.0,0.0,0.03,0,0,0,0,0,0,0,0,0,0,0,0,0,0,0,0,0,0,0,0,0
11.548184156417847,9.0,0.0,0.0,0.0,0.0,0.0,0.0,0.0,0.0,0.03,0,0,0,0,0,0,0,0,0,0,0,0,0,0,0,0,0,0,0,0,0
11.549360036849976,9.0,0.0,0.0,0.0,0.0,0.0,0.0,0.0,0.0,0.03,0,0,0,0,0,0,0,0,0,0,0,0,0,0,0,0,0,0,0,0,0
11.550754308700562,9.0,0.0,0.0,0.0,0.0,0.0,0.0,0.0,0.0,0.03,0,0,0,0,0,0,0,0,0,0,0,0,0,0,0,0,0,0,0,0,0
11.552302122116089,9.0,0.0,0.0,0.0,0.0,0.0,0.0,0.0,0.0,0.03,0,0,0,0,0,0,0,0,0,0,0,0,0,0,0,0,0,0,0,0,0
11.554726123809814,9.0,0.0,0.0,0.0,0.0,0.0,0.0,0.0,0.0,0.03,0,0,0,0,0,0,0,0,0,0,0,0,0,0,0,0,0,0,0,0,0
11.555880546569824,9.0,0.0,0.0,0.0,0.0,0.0,0.0,0.0,0.0,0.03,0,0,0,0,0,0,0,0,0,0,0,0,0,0,0,0,0,0,0,0,0
11.557281017303467,9.0,0.0,0.0,0.0,0.0,0.0,0.0,0.0,0.0,0.03,0,0,0,0,0,0,0,0,0,0,0,0,0,0,0,0,0,0,0,0,0
11.55912446975708,9.0,0.0,0.0,0.0,0.0,0.0,0.0,0.0,0.0,0.03,0,0,0,0,0,0,0,0,0,0,0,0,0,0,0,0,0,0,0,0,0
11.560626983642578,9.0,0.0,0.0,0.0,0.0,0.0,0.0,0.0,0.0,0.03,0,0,0,0,0,0,0,0,0,0,0,0,0,0,0,0,0,0,0,0,0
11.561720848083496,9.0,0.0,0.0,0.0,0.0,0.0,0.0,0.0,0.0,0.03,0,0,0,0,0,0,0,0,0,0,0,0,0,0,0,0,0,0,0,0,0
11.562873601913452,9.0,0.0,0.0,0.0,0.0,0.0,0.0,0.0,0.0,0.03,0,0,0,0,0,0,0,0,0,0,0,0,0,0,0,0,0,0,0,0,0
11.56408143043518,9.0,0.0,0.0,0.0,0.0,0.0,0.0,0.0,0.0,0.03,0,0,0,0,0,0,0,0,0,0,0,0,0,0,0,0,0,0,0,0,0
11.565180778503418,9.0,0.0,0.0,0.0,0.0,0.0,0.0,0.0,0.0,0.03,0,0,0,0,0,0,0,0,0,0,0,0,0,0,0,0,0,0,0,0,0
11.566400527954102,9.0,0.0,0.0,0.0,0.0,0.0,0.0,0.0,0.0,0.03,0,0,0,0,0,0,0,0,0,0,0,0,0,0,0,0,0,0,0,0,0
11.56748080253601,9.0,0.0,0.0,0.0,0.0,0.0,0.0,0.0,0.0,0.03,0,0,0,0,0,0,0,0,0,0,0,0,0,0,0,0,0,0,0,0,0
11.568701982498169,9.0,0.0,0.0,0.0,0.0,0.0,0.0,0.0,0.0,0.03,0,0,0,0,0,0,0,0,0,0,0,0,0,0,0,0,0,0,0,0,0
11.569794416427612,9.0,0.0,0.0,0.0,0.0,0.0,0.0,0.0,0.0,0.03,0,0,0,0,0,0,0,0,0,0,0,0,0,0,0,0,0,0,0,0,0
11.571307182312012,9.0,0.0,0.0,0.0,0.0,0.0,0.0,0.0,0.0,0.03,0,0,0,0,0,0,0,0,0,0,0,0,0,0,0,0,0,0,0,0,0
11.572748899459839,9.0,0.0,0.0,0.0,0.0,0.0,0.0,0.0,0.0,0.03,0,0,0,0,0,0,0,0,0,0,0,0,0,0,0,0,0,0,0,0,0
11.574298620223999,9.0,0.0,0.0,0.0,0.0,0.0,0.0,0.0,0.0,0.03,0,0,0,0,0,0,0,0,0,0,0,0,0,0,0,0,0,0,0,0,0
11.575594425201416,9.0,0.0,0.0,0.0,0.0,0.0,0.0,0.0,0.0,0.03,0,0,0,0,0,0,0,0,0,0,0,0,0,0,0,0,0,0,0,0,0
11.576799869537354,9.0,0.0,0.0,0.0,0.0,0.0,0.0,0.0,0.0,0.03,0,0,0,0,0,0,0,0,0,0,0,0,0,0,0,0,0,0,0,0,0
11.578036785125732,9.0,0.0,0.0,0.0,0.0,0.0,0.0,0.0,0.0,0.03,0,0,0,0,0,0,0,0,0,0,0,0,0,0,0,0,0,0,0,0,0
11.579803228378296,9.0,0.0,0.0,0.0,0.0,0.0,0.0,0.0,0.0,0.03,0,0,0,0,0,0,0,0,0,0,0,0,0,0,0,0,0,0,0,0,0
11.581018686294556,9.0,0.0,0.0,0.0,0.0,0.0,0.0,0.0,0.0,0.03,0,0,0,0,0,0,0,0,0,0,0,0,0,0,0,0,0,0,0,0,0
11.582618236541748,9.0,0.0,0.0,0.0,0.0,0.0,0.0,0.0,0.0,0.03,0,0,0,0,0,0,0,0,0,0,0,0,0,0,0,0,0,0,0,0,0
11.583864688873291,9.0,0.0,0.0,0.0,0.0,0.0,0.0,0.0,0.0,0.03,0,0,0,0,0,0,0,0,0,0,0,0,0,0,0,0,0,0,0,0,0
11.587286710739136,9.0,0.0,0.0,0.0,0.0,0.0,0.0,0.0,0.0,0.03,0,0,0,0,0,0,0,0,0,0,0,0,0,0,0,0,0,0,0,0,0
11.588448524475098,9.0,0.0,0.0,0.0,0.0,0.0,0.0,0.0,0.0,0.03,0,0,0,0,0,0,0,0,0,0,0,0,0,0,0,0,0,0,0,0,0
11.589668273925781,9.0,0.0,0.0,0.0,0.0,0.0,0.0,0.0,0.0,0.03,0,0,0,0,0,0,0,0,0,0,0,0,0,0,0,0,0,0,0,0,0
11.590795755386353,9.0,0.0,0.0,0.0,0.0,0.0,0.0,0.0,0.0,0.03,0,0,0,0,0,0,0,0,0,0,0,0,0,0,0,0,0,0,0,0,0
11.592538118362427,9.0,0.0,0.0,0.0,0.0,0.0,0.0,0.0,0.0,0.03,0,0,0,0,0,0,0,0,0,0,0,0,0,0,0,0,0,0,0,0,0
11.594964027404785,9.0,0.0,0.0,0.0,0.0,0.0,0.0,0.0,0.0,0.03,0,0,0,0,0,0,0,0,0,0,0,0,0,0,0,0,0,0,0,0,0
11.596235752105713,9.0,0.0,0.0,0.0,0.0,0.0,0.0,0.0,0.0,0.03,0,0,0,0,0,0,0,0,0,0,0,0,0,0,0,0,0,0,0,0,0
11.59737253189087,9.0,0.0,0.0,0.0,0.0,0.0,0.0,0.0,0.0,0.03,0,0,0,0,0,0,0,0,0,0,0,0,0,0,0,0,0,0,0,0,0
11.599094152450562,9.0,0.0,0.0,0.0,0.0,0.0,0.0,0.0,0.0,0.03,0,0,0,0,0,0,0,0,0,0,0,0,0,0,0,0,0,0,0,0,0
11.600581407546997,9.0,0.0,0.0,0.0,0.0,0.0,0.0,0.0,0.0,0.03,0,0,0,0,0,0,0,0,0,0,0,0,0,0,0,0,0,0,0,0,0
11.601832628250122,9.0,0.0,0.0,0.0,0.0,0.0,0.0,0.0,0.0,0.03,0,0,0,0,0,0,0,0,0,0,0,0,0,0,0,0,0,0,0,0,0
11.603081464767456,9.0,0.0,0.0,0.0,0.0,0.0,0.0,0.0,0.0,0.03,0,0,0,0,0,0,0,0,0,0,0,0,0,0,0,0,0,0,0,0,0
11.604366779327393,9.0,0.0,0.0,0.0,0.0,0.0,0.0,0.0,0.0,0.03,0,0,0,0,0,0,0,0,0,0,0,0,0,0,0,0,0,0,0,0,0
11.605659484863281,9.0,0.0,0.0,0.0,0.0,0.0,0.0,0.0,0.0,0.03,0,0,0,0,0,0,0,0,0,0,0,0,0,0,0,0,0,0,0,0,0
11.606955289840698,9.0,0.0,0.0,0.0,0.0,0.0,0.0,0.0,0.0,0.03,0,0,0,0,0,0,0,0,0,0,0,0,0,0,0,0,0,0,0,0,0
11.608483076095581,9.0,0.0,0.0,0.0,0.0,0.0,0.0,0.0,0.0,0.03,0,0,0,0,0,0,0,0,0,0,0,0,0,0,0,0,0,0,0,0,0
11.609572887420654,9.0,0.0,0.0,0.0,0.0,0.0,0.0,0.0,0.0,0.03,0,0,0,0,0,0,0,0,0,0,0,0,0,0,0,0,0,0,0,0,0
11.610769748687744,9.0,0.0,0.0,0.0,0.0,0.0,0.0,0.0,0.0,0.03,0,0,0,0,0,0,0,0,0,0,0,0,0,0,0,0,0,0,0,0,0
11.611852407455444,9.0,0.0,0.0,0.0,0.0,0.0,0.0,0.0,0.0,0.03,0,0,0,0,0,0,0,0,0,0,0,0,0,0,0,0,0,0,0,0,0
11.613244533538818,9.0,0.0,0.0,0.0,0.0,0.0,0.0,0.0,0.0,0.03,0,0,0,0,0,0,0,0,0,0,0,0,0,0,0,0,0,0,0,0,0
11.614484548568726,9.0,0.0,0.0,0.0,0.0,0.0,0.0,0.0,0.0,0.03,0,0,0,0,0,0,0,0,0,0,0,0,0,0,0,0,0,0,0,0,0
11.615725994110107,9.0,0.0,0.0,0.0,0.0,0.0,0.0,0.0,0.0,0.03,0,0,0,0,0,0,0,0,0,0,0,0,0,0,0,0,0,0,0,0,0
11.617051601409912,9.0,0.0,0.0,0.0,0.0,0.0,0.0,0.0,0.0,0.03,0,0,0,0,0,0,0,0,0,0,0,0,0,0,0,0,0,0,0,0,0
11.619022369384766,9.0,0.0,0.0,0.0,0.0,0.0,0.0,0.0,0.0,0.03,0,0,0,0,0,0,0,0,0,0,0,0,0,0,0,0,0,0,0,0,0
11.620595216751099,9.0,0.0,0.0,0.0,0.0,0.0,0.0,0.0,0.0,0.03,0,0,0,0,0,0,0,0,0,0,0,0,0,0,0,0,0,0,0,0,0
11.622137784957886,9.0,0.0,0.0,0.0,0.0,0.0,0.0,0.0,0.0,0.03,0,0,0,0,0,0,0,0,0,0,0,0,0,0,0,0,0,0,0,0,0
11.623260974884033,9.0,0.0,0.0,0.0,0.0,0.0,0.0,0.0,0.0,0.03,0,0,0,0,0,0,0,0,0,0,0,0,0,0,0,0,0,0,0,0,0
11.624336957931519,9.0,0.0,0.0,0.0,0.0,0.0,0.0,0.0,0.0,0.03,0,0,0,0,0,0,0,0,0,0,0,0,0,0,0,0,0,0,0,0,0
11.625508069992065,9.0,0.0,0.0,0.0,0.0,0.0,0.0,0.0,0.0,0.03,0,0,0,0,0,0,0,0,0,0,0,0,0,0,0,0,0,0,0,0,0
11.627462387084961,9.0,0.0,0.0,0.0,0.0,0.0,0.0,0.0,0.0,0.03,0,0,0,0,0,0,0,0,0,0,0,0,0,0,0,0,0,0,0,0,0
11.628719091415405,9.0,0.0,0.0,0.0,0.0,0.0,0.0,0.0,0.0,0.03,0,0,0,0,0,0,0,0,0,0,0,0,0,0,0,0,0,0,0,0,0
11.630064964294434,9.0,0.0,0.0,0.0,0.0,0.0,0.0,0.0,0.0,0.03,0,0,0,0,0,0,0,0,0,0,0,0,0,0,0,0,0,0,0,0,0
11.631545543670654,9.0,0.0,0.0,0.0,0.0,0.0,0.0,0.0,0.0,0.03,0,0,0,0,0,0,0,0,0,0,0,0,0,0,0,0,0,0,0,0,0
11.632637739181519,9.0,0.0,0.0,0.0,0.0,0.0,0.0,0.0,0.0,0.03,0,0,0,0,0,0,0,0,0,0,0,0,0,0,0,0,0,0,0,0,0
11.633726835250854,9.0,0.0,0.0,0.0,0.0,0.0,0.0,0.0,0.0,0.03,0,0,0,0,0,0,0,0,0,0,0,0,0,0,0,0,0,0,0,0,0
11.634880781173706,9.0,0.0,0.0,0.0,0.0,0.0,0.0,0.0,0.0,0.03,0,0,0,0,0,0,0,0,0,0,0,0,0,0,0,0,0,0,0,0,0
11.635975360870361,9.0,0.0,0.0,0.0,0.0,0.0,0.0,0.0,0.0,0.03,0,0,0,0,0,0,0,0,0,0,0,0,0,0,0,0,0,0,0,0,0
11.637330532073975,9.0,0.0,0.0,0.0,0.0,0.0,0.0,0.0,0.0,0.03,0,0,0,0,0,0,0,0,0,0,0,0,0,0,0,0,0,0,0,0,0
11.639216899871826,9.0,0.0,0.0,0.0,0.0,0.0,0.0,0.0,0.0,0.03,0,0,0,0,0,0,0,0,0,0,0,0,0,0,0,0,0,0,0,0,0
11.640290975570679,9.0,0.0,0.0,0.0,0.0,0.0,0.0,0.0,0.0,0.03,0,0,0,0,0,0,0,0,0,0,0,0,0,0,0,0,0,0,0,0,0
11.641892194747925,9.0,0.0,0.0,0.0,0.0,0.0,0.0,0.0,0.0,0.03,0,0,0,0,0,0,0,0,0,0,0,0,0,0,0,0,0,0,0,0,0
11.64323353767395,9.0,0.0,0.0,0.0,0.0,0.0,0.0,0.0,0.0,0.03,0,0,0,0,0,0,0,0,0,0,0,0,0,0,0,0,0,0,0,0,0
11.644832849502563,9.0,0.0,0.0,0.0,0.0,0.0,0.0,0.0,0.0,0.03,0,0,0,0,0,0,0,0,0,0,0,0,0,0,0,0,0,0,0,0,0
11.646751880645752,9.0,0.0,0.0,0.0,0.0,0.0,0.0,0.0,0.0,0.03,0,0,0,0,0,0,0,0,0,0,0,0,0,0,0,0,0,0,0,0,0
11.647989511489868,9.0,0.0,0.0,0.0,0.0,0.0,0.0,0.0,0.0,0.03,0,0,0,0,0,0,0,0,0,0,0,0,0,0,0,0,0,0,0,0,0
11.649441480636597,9.0,0.0,0.0,0.0,0.0,0.0,0.0,0.0,0.0,0.03,0,0,0,0,0,0,0,0,0,0,0,0,0,0,0,0,0,0,0,0,0
11.650631427764893,9.0,0.0,0.0,0.0,0.0,0.0,0.0,0.0,0.0,0.03,0,0,0,0,0,0,0,0,0,0,0,0,0,0,0,0,0,0,0,0,0
11.654350280761719,9.0,0.0,0.0,0.0,0.0,0.0,0.0,0.0,0.0,0.03,0,0,0,0,0,0,0,0,0,0,0,0,0,0,0,0,0,0,0,0,0
11.655796766281128,9.0,0.0,0.0,0.0,0.0,0.0,0.0,0.0,0.0,0.03,0,0,0,0,0,0,0,0,0,0,0,0,0,0,0,0,0,0,0,0,0
11.65741491317749,9.0,0.0,0.0,0.0,0.0,0.0,0.0,0.0,0.0,0.03,0,0,0,0,0,0,0,0,0,0,0,0,0,0,0,0,0,0,0,0,0
11.659366130828857,9.0,0.0,0.0,0.0,0.0,0.0,0.0,0.0,0.0,0.03,0,0,0,0,0,0,0,0,0,0,0,0,0,0,0,0,0,0,0,0,0
11.663145303726196,9.0,0.0,0.0,0.0,0.0,0.0,0.0,0.0,0.0,0.03,0,0,0,0,0,0,0,0,0,0,0,0,0,0,0,0,0,0,0,0,0
11.664570808410645,9.0,0.0,0.0,0.0,0.0,0.0,0.0,0.0,0.0,0.03,0,0,0,0,0,0,0,0,0,0,0,0,0,0,0,0,0,0,0,0,0
11.665871143341064,9.0,0.0,0.0,0.0,0.0,0.0,0.0,0.0,0.0,0.03,0,0,0,0,0,0,0,0,0,0,0,0,0,0,0,0,0,0,0,0,0
11.667623281478882,9.0,0.0,0.0,0.0,0.0,0.0,0.0,0.0,0.0,0.03,0,0,0,0,0,0,0,0,0,0,0,0,0,0,0,0,0,0,0,0,0
11.669394493103027,9.0,0.0,0.0,0.0,0.0,0.0,0.0,0.0,0.0,0.03,0,0,0,0,0,0,0,0,0,0,0,0,0,0,0,0,0,0,0,0,0
11.670491218566895,9.0,0.0,0.0,0.0,0.0,0.0,0.0,0.0,0.0,0.03,0,0,0,0,0,0,0,0,0,0,0,0,0,0,0,0,0,0,0,0,0
11.671762943267822,9.0,0.0,0.0,0.0,0.0,0.0,0.0,0.0,0.0,0.03,0,0,0,0,0,0,0,0,0,0,0,0,0,0,0,0,0,0,0,0,0
11.67293381690979,9.0,0.0,0.0,0.0,0.0,0.0,0.0,0.0,0.0,0.03,0,0,0,0,0,0,0,0,0,0,0,0,0,0,0,0,0,0,0,0,0
11.673994541168213,9.0,0.0,0.0,0.0,0.0,0.0,0.0,0.0,0.0,0.03,0,0,0,0,0,0,0,0,0,0,0,0,0,0,0,0,0,0,0,0,0
11.675232887268066,9.0,0.0,0.0,0.0,0.0,0.0,0.0,0.0,0.0,0.03,0,0,0,0,0,0,0,0,0,0,0,0,0,0,0,0,0,0,0,0,0
11.676450252532959,9.0,0.0,0.0,0.0,0.0,0.0,0.0,0.0,0.0,0.03,0,0,0,0,0,0,0,0,0,0,0,0,0,0,0,0,0,0,0,0,0
11.677542209625244,9.0,0.0,0.0,0.0,0.0,0.0,0.0,0.0,0.0,0.03,0,0,0,0,0,0,0,0,0,0,0,0,0,0,0,0,0,0,0,0,0
11.678738117218018,9.0,0.0,0.0,0.0,0.0,0.0,0.0,0.0,0.0,0.03,0,0,0,0,0,0,0,0,0,0,0,0,0,0,0,0,0,0,0,0,0
11.67982268333435,9.0,0.0,0.0,0.0,0.0,0.0,0.0,0.0,0.0,0.03,0,0,0,0,0,0,0,0,0,0,0,0,0,0,0,0,0,0,0,0,0
11.680903434753418,9.0,0.0,0.0,0.0,0.0,0.0,0.0,0.0,0.0,0.03,0,0,0,0,0,0,0,0,0,0,0,0,0,0,0,0,0,0,0,0,0
11.682151556015015,9.0,0.0,0.0,0.0,0.0,0.0,0.0,0.0,0.0,0.03,0,0,0,0,0,0,0,0,0,0,0,0,0,0,0,0,0,0,0,0,0
11.683943271636963,9.0,0.0,0.0,0.0,0.0,0.0,0.0,0.0,0.0,0.03,0,0,0,0,0,0,0,0,0,0,0,0,0,0,0,0,0,0,0,0,0
11.685517311096191,9.0,0.0,0.0,0.0,0.0,0.0,0.0,0.0,0.0,0.03,0,0,0,0,0,0,0,0,0,0,0,0,0,0,0,0,0,0,0,0,0
11.687000751495361,9.0,0.0,0.0,0.0,0.0,0.0,0.0,0.0,0.0,0.03,0,0,0,0,0,0,0,0,0,0,0,0,0,0,0,0,0,0,0,0,0
11.688346147537231,9.0,0.0,0.0,0.0,0.0,0.0,0.0,0.0,0.0,0.03,0,0,0,0,0,0,0,0,0,0,0,0,0,0,0,0,0,0,0,0,0
11.689454555511475,9.0,0.0,0.0,0.0,0.0,0.0,0.0,0.0,0.0,0.03,0,0,0,0,0,0,0,0,0,0,0,0,0,0,0,0,0,0,0,0,0
11.691343307495117,9.0,0.0,0.0,0.0,0.0,0.0,0.0,0.0,0.0,0.03,0,0,0,0,0,0,0,0,0,0,0,0,0,0,0,0,0,0,0,0,0
11.692707777023315,9.0,0.0,0.0,0.0,0.0,0.0,0.0,0.0,0.0,0.03,0,0,0,0,0,0,0,0,0,0,0,0,0,0,0,0,0,0,0,0,0
11.6940336227417,9.0,0.0,0.0,0.0,0.0,0.0,0.0,0.0,0.0,0.03,0,0,0,0,0,0,0,0,0,0,0,0,0,0,0,0,0,0,0,0,0
11.695552349090576,9.0,0.0,0.0,0.0,0.0,0.0,0.0,0.0,0.0,0.03,0,0,0,0,0,0,0,0,0,0,0,0,0,0,0,0,0,0,0,0,0
11.69703483581543,9.0,0.0,0.0,0.0,0.0,0.0,0.0,0.0,0.0,0.03,0,0,0,0,0,0,0,0,0,0,0,0,0,0,0,0,0,0,0,0,0
11.698100566864014,9.0,0.0,0.0,0.0,0.0,0.0,0.0,0.0,0.0,0.03,0,0,0,0,0,0,0,0,0,0,0,0,0,0,0,0,0,0,0,0,0
11.69931936264038,9.0,0.0,0.0,0.0,0.0,0.0,0.0,0.0,0.0,0.03,0,0,0,0,0,0,0,0,0,0,0,0,0,0,0,0,0,0,0,0,0
11.700415849685669,9.0,0.0,0.0,0.0,0.0,0.0,0.0,0.0,0.0,0.03,0,0,0,0,0,0,0,0,0,0,0,0,0,0,0,0,0,0,0,0,0
11.701513051986694,9.0,0.0,0.0,0.0,0.0,0.0,0.0,0.0,0.0,0.03,0,0,0,0,0,0,0,0,0,0,0,0,0,0,0,0,0,0,0,0,0
11.702572584152222,9.0,0.0,0.0,0.0,0.0,0.0,0.0,0.0,0.0,0.03,0,0,0,0,0,0,0,0,0,0,0,0,0,0,0,0,0,0,0,0,0
11.703820705413818,9.0,0.0,0.0,0.0,0.0,0.0,0.0,0.0,0.0,0.03,0,0,0,0,0,0,0,0,0,0,0,0,0,0,0,0,0,0,0,0,0
11.705488204956055,9.0,0.0,0.0,0.0,0.0,0.0,0.0,0.0,0.0,0.03,0,0,0,0,0,0,0,0,0,0,0,0,0,0,0,0,0,0,0,0,0
11.706809520721436,9.0,0.0,0.0,0.0,0.0,0.0,0.0,0.0,0.0,0.03,0,0,0,0,0,0,0,0,0,0,0,0,0,0,0,0,0,0,0,0,0
11.709072828292847,9.0,0.0,0.0,0.0,0.0,0.0,0.0,0.0,0.0,0.03,0,0,0,0,0,0,0,0,0,0,0,0,0,0,0,0,0,0,0,0,0
11.710322856903076,9.0,0.0,0.0,0.0,0.0,0.0,0.0,0.0,0.0,0.03,0,0,0,0,0,0,0,0,0,0,0,0,0,0,0,0,0,0,0,0,0
11.71194338798523,9.0,0.0,0.0,0.0,0.0,0.0,0.0,0.0,0.0,0.03,0,0,0,0,0,0,0,0,0,0,0,0,0,0,0,0,0,0,0,0,0
11.71359372138977,9.0,0.0,0.0,0.0,0.0,0.0,0.0,0.0,0.0,0.03,0,0,0,0,0,0,0,0,0,0,0,0,0,0,0,0,0,0,0,0,0
11.714974164962769,9.0,0.0,0.0,0.0,0.0,0.0,0.0,0.0,0.0,0.03,0,0,0,0,0,0,0,0,0,0,0,0,0,0,0,0,0,0,0,0,0
11.716429233551025,9.0,0.0,0.0,0.0,0.0,0.0,0.0,0.0,0.0,0.03,0,0,0,0,0,0,0,0,0,0,0,0,0,0,0,0,0,0,0,0,0
11.717530250549316,9.0,0.0,0.0,0.0,0.0,0.0,0.0,0.0,0.0,0.03,0,0,0,0,0,0,0,0,0,0,0,0,0,0,0,0,0,0,0,0,0
11.719591617584229,9.0,0.0,0.0,0.0,0.0,0.0,0.0,0.0,0.0,0.03,0,0,0,0,0,0,0,0,0,0,0,0,0,0,0,0,0,0,0,0,0
11.721108675003052,9.0,0.0,0.0,0.0,0.0,0.0,0.0,0.0,0.0,0.03,0,0,0,0,0,0,0,0,0,0,0,0,0,0,0,0,0,0,0,0,0
11.722476959228516,9.0,0.0,0.0,0.0,0.0,0.0,0.0,0.0,0.0,0.03,0,0,0,0,0,0,0,0,0,0,0,0,0,0,0,0,0,0,0,0,0
11.723718404769897,9.0,0.0,0.0,0.0,0.0,0.0,0.0,0.0,0.0,0.03,0,0,0,0,0,0,0,0,0,0,0,0,0,0,0,0,0,0,0,0,0
11.726068496704102,9.0,0.0,0.0,0.0,0.0,0.0,0.0,0.0,0.0,0.03,0,0,0,0,0,0,0,0,0,0,0,0,0,0,0,0,0,0,0,0,0
11.72833800315857,9.0,0.0,0.0,0.0,0.0,0.0,0.0,0.0,0.0,0.03,0,0,0,0,0,0,0,0,0,0,0,0,0,0,0,0,0,0,0,0,0
11.730581521987915,9.0,0.0,0.0,0.0,0.0,0.0,0.0,0.0,0.0,0.03,0,0,0,0,0,0,0,0,0,0,0,0,0,0,0,0,0,0,0,0,0
11.731713056564331,9.0,0.0,0.0,0.0,0.0,0.0,0.0,0.0,0.0,0.03,0,0,0,0,0,0,0,0,0,0,0,0,0,0,0,0,0,0,0,0,0
11.733069658279419,9.0,0.0,0.0,0.0,0.0,0.0,0.0,0.0,0.0,0.03,0,0,0,0,0,0,0,0,0,0,0,0,0,0,0,0,0,0,0,0,0
11.734161615371704,9.0,0.0,0.0,0.0,0.0,0.0,0.0,0.0,0.0,0.03,0,0,0,0,0,0,0,0,0,0,0,0,0,0,0,0,0,0,0,0,0
11.735635995864868,9.0,0.0,0.0,0.0,0.0,0.0,0.0,0.0,0.0,0.03,0,0,0,0,0,0,0,0,0,0,0,0,0,0,0,0,0,0,0,0,0
11.737103939056396,9.0,0.0,0.0,0.0,0.0,0.0,0.0,0.0,0.0,0.03,0,0,0,0,0,0,0,0,0,0,0,0,0,0,0,0,0,0,0,0,0
11.738355875015259,9.0,0.0,0.0,0.0,0.0,0.0,0.0,0.0,0.0,0.03,0,0,0,0,0,0,0,0,0,0,0,0,0,0,0,0,0,0,0,0,0
11.739468097686768,9.0,0.0,0.0,0.0,0.0,0.0,0.0,0.0,0.0,0.03,0,0,0,0,0,0,0,0,0,0,0,0,0,0,0,0,0,0,0,0,0
11.740555763244629,9.0,0.0,0.0,0.0,0.0,0.0,0.0,0.0,0.0,0.03,0,0,0,0,0,0,0,0,0,0,0,0,0,0,0,0,0,0,0,0,0
11.74197506904602,9.0,0.0,0.0,0.0,0.0,0.0,0.0,0.0,0.0,0.03,0,0,0,0,0,0,0,0,0,0,0,0,0,0,0,0,0,0,0,0,0
11.743059635162354,9.0,0.0,0.0,0.0,0.0,0.0,0.0,0.0,0.0,0.03,0,0,0,0,0,0,0,0,0,0,0,0,0,0,0,0,0,0,0,0,0
11.74422287940979,9.0,0.0,0.0,0.0,0.0,0.0,0.0,0.0,0.0,0.03,0,0,0,0,0,0,0,0,0,0,0,0,0,0,0,0,0,0,0,0,0
11.745306491851807,9.0,0.0,0.0,0.0,0.0,0.0,0.0,0.0,0.0,0.03,0,0,0,0,0,0,0,0,0,0,0,0,0,0,0,0,0,0,0,0,0
11.746472358703613,9.0,0.0,0.0,0.0,0.0,0.0,0.0,0.0,0.0,0.03,0,0,0,0,0,0,0,0,0,0,0,0,0,0,0,0,0,0,0,0,0
11.747779130935669,9.0,0.0,0.0,0.0,0.0,0.0,0.0,0.0,0.0,0.03,0,0,0,0,0,0,0,0,0,0,0,0,0,0,0,0,0,0,0,0,0
11.749316215515137,9.0,0.0,0.0,0.0,0.0,0.0,0.0,0.0,0.0,0.03,0,0,0,0,0,0,0,0,0,0,0,0,0,0,0,0,0,0,0,0,0
11.750645875930786,9.0,0.0,0.0,0.0,0.0,0.0,0.0,0.0,0.0,0.03,0,0,0,0,0,0,0,0,0,0,0,0,0,0,0,0,0,0,0,0,0
11.751970529556274,9.0,0.0,0.0,0.0,0.0,0.0,0.0,0.0,0.0,0.03,0,0,0,0,0,0,0,0,0,0,0,0,0,0,0,0,0,0,0,0,0
11.753215551376343,9.0,0.0,0.0,0.0,0.0,0.0,0.0,0.0,0.0,0.03,0,0,0,0,0,0,0,0,0,0,0,0,0,0,0,0,0,0,0,0,0
11.754422187805176,9.0,0.0,0.0,0.0,0.0,0.0,0.0,0.0,0.0,0.03,0,0,0,0,0,0,0,0,0,0,0,0,0,0,0,0,0,0,0,0,0
11.755838632583618,9.0,0.0,0.0,0.0,0.0,0.0,0.0,0.0,0.0,0.03,0,0,0,0,0,0,0,0,0,0,0,0,0,0,0,0,0,0,0,0,0
11.75698733329773,9.0,0.0,0.0,0.0,0.0,0.0,0.0,0.0,0.0,0.03,0,0,0,0,0,0,0,0,0,0,0,0,0,0,0,0,0,0,0,0,0
11.759683847427368,9.0,0.0,0.0,0.0,0.0,0.0,0.0,0.0,0.0,0.03,0,0,0,0,0,0,0,0,0,0,0,0,0,0,0,0,0,0,0,0,0
11.761024951934814,9.0,0.0,0.0,0.0,0.0,0.0,0.0,0.0,0.0,0.03,0,0,0,0,0,0,0,0,0,0,0,0,0,0,0,0,0,0,0,0,0
11.762402057647705,9.0,0.0,0.0,0.0,0.0,0.0,0.0,0.0,0.0,0.03,0,0,0,0,0,0,0,0,0,0,0,0,0,0,0,0,0,0,0,0,0
11.76401424407959,9.0,0.0,0.0,0.0,0.0,0.0,0.0,0.0,0.0,0.03,0,0,0,0,0,0,0,0,0,0,0,0,0,0,0,0,0,0,0,0,0
11.765247106552124,9.0,0.0,0.0,0.0,0.0,0.0,0.0,0.0,0.0,0.03,0,0,0,0,0,0,0,0,0,0,0,0,0,0,0,0,0,0,0,0,0
11.766331672668457,9.0,0.0,0.0,0.0,0.0,0.0,0.0,0.0,0.0,0.03,0,0,0,0,0,0,0,0,0,0,0,0,0,0,0,0,0,0,0,0,0
11.767584562301636,9.0,0.0,0.0,0.0,0.0,0.0,0.0,0.0,0.0,0.03,0,0,0,0,0,0,0,0,0,0,0,0,0,0,0,0,0,0,0,0,0
11.768676280975342,9.0,0.0,0.0,0.0,0.0,0.0,0.0,0.0,0.0,0.03,0,0,0,0,0,0,0,0,0,0,0,0,0,0,0,0,0,0,0,0,0
11.770018339157104,9.0,0.0,0.0,0.0,0.0,0.0,0.0,0.0,0.0,0.03,0,0,0,0,0,0,0,0,0,0,0,0,0,0,0,0,0,0,0,0,0
11.77145004272461,9.0,0.0,0.0,0.0,0.0,0.0,0.0,0.0,0.0,0.03,0,0,0,0,0,0,0,0,0,0,0,0,0,0,0,0,0,0,0,0,0
11.77319622039795,9.0,0.0,0.0,0.0,0.0,0.0,0.0,0.0,0.0,0.03,0,0,0,0,0,0,0,0,0,0,0,0,0,0,0,0,0,0,0,0,0
11.77472710609436,9.0,0.0,0.0,0.0,0.0,0.0,0.0,0.0,0.0,0.03,0,0,0,0,0,0,0,0,0,0,0,0,0,0,0,0,0,0,0,0,0
11.776320219039917,9.0,0.0,0.0,0.0,0.0,0.0,0.0,0.0,0.0,0.03,0,0,0,0,0,0,0,0,0,0,0,0,0,0,0,0,0,0,0,0,0
11.777423620223999,9.0,0.0,0.0,0.0,0.0,0.0,0.0,0.0,0.0,0.03,0,0,0,0,0,0,0,0,0,0,0,0,0,0,0,0,0,0,0,0,0
11.778555393218994,9.0,0.0,0.0,0.0,0.0,0.0,0.0,0.0,0.0,0.03,0,0,0,0,0,0,0,0,0,0,0,0,0,0,0,0,0,0,0,0,0
11.779627561569214,9.0,0.0,0.0,0.0,0.0,0.0,0.0,0.0,0.0,0.03,0,0,0,0,0,0,0,0,0,0,0,0,0,0,0,0,0,0,0,0,0
11.781523942947388,9.0,0.0,0.0,0.0,0.0,0.0,0.0,0.0,0.0,0.03,0,0,0,0,0,0,0,0,0,0,0,0,0,0,0,0,0,0,0,0,0
11.782877445220947,9.0,0.0,0.0,0.0,0.0,0.0,0.0,0.0,0.0,0.03,0,0,0,0,0,0,0,0,0,0,0,0,0,0,0,0,0,0,0,0,0
11.784500360488892,9.0,0.0,0.0,0.0,0.0,0.0,0.0,0.0,0.0,0.03,0,0,0,0,0,0,0,0,0,0,0,0,0,0,0,0,0,0,0,0,0
11.78619647026062,9.0,0.0,0.0,0.0,0.0,0.0,0.0,0.0,0.0,0.03,0,0,0,0,0,0,0,0,0,0,0,0,0,0,0,0,0,0,0,0,0
11.789345026016235,9.0,0.0,0.0,0.0,0.0,0.0,0.0,0.0,0.0,0.03,0,0,0,0,0,0,0,0,0,0,0,0,0,0,0,0,0,0,0,0,0
11.790796995162964,9.0,0.0,0.0,0.0,0.0,0.0,0.0,0.0,0.0,0.03,0,0,0,0,0,0,0,0,0,0,0,0,0,0,0,0,0,0,0,0,0
11.79195261001587,9.0,0.0,0.0,0.0,0.0,0.0,0.0,0.0,0.0,0.03,0,0,0,0,0,0,0,0,0,0,0,0,0,0,0,0,0,0,0,0,0
11.79301905632019,9.0,0.0,0.0,0.0,0.0,0.0,0.0,0.0,0.0,0.03,0,0,0,0,0,0,0,0,0,0,0,0,0,0,0,0,0,0,0,0,0
11.794411897659302,9.0,0.0,0.0,0.0,0.0,0.0,0.0,0.0,0.0,0.03,0,0,0,0,0,0,0,0,0,0,0,0,0,0,0,0,0,0,0,0,0
11.79570722579956,9.0,0.0,0.0,0.0,0.0,0.0,0.0,0.0,0.0,0.03,0,0,0,0,0,0,0,0,0,0,0,0,0,0,0,0,0,0,0,0,0
11.79718804359436,9.0,0.0,0.0,0.0,0.0,0.0,0.0,0.0,0.0,0.03,0,0,0,0,0,0,0,0,0,0,0,0,0,0,0,0,0,0,0,0,0
11.798814535140991,9.0,0.0,0.0,0.0,0.0,0.0,0.0,0.0,0.0,0.03,0,0,0,0,0,0,0,0,0,0,0,0,0,0,0,0,0,0,0,0,0
11.800330400466919,9.0,0.0,0.0,0.0,0.0,0.0,0.0,0.0,0.0,0.03,0,0,0,0,0,0,0,0,0,0,0,0,0,0,0,0,0,0,0,0,0
11.801700830459595,9.0,0.0,0.0,0.0,0.0,0.0,0.0,0.0,0.0,0.03,0,0,0,0,0,0,0,0,0,0,0,0,0,0,0,0,0,0,0,0,0
11.803084135055542,9.0,0.0,0.0,0.0,0.0,0.0,0.0,0.0,0.0,0.03,0,0,0,0,0,0,0,0,0,0,0,0,0,0,0,0,0,0,0,0,0
11.804308414459229,9.0,0.0,0.0,0.0,0.0,0.0,0.0,0.0,0.0,0.03,0,0,0,0,0,0,0,0,0,0,0,0,0,0,0,0,0,0,0,0,0
11.805452346801758,9.0,0.0,0.0,0.0,0.0,0.0,0.0,0.0,0.0,0.03,0,0,0,0,0,0,0,0,0,0,0,0,0,0,0,0,0,0,0,0,0
11.806632995605469,9.0,0.0,0.0,0.0,0.0,0.0,0.0,0.0,0.0,0.03,0,0,0,0,0,0,0,0,0,0,0,0,0,0,0,0,0,0,0,0,0
11.807967901229858,9.0,0.0,0.0,0.0,0.0,0.0,0.0,0.0,0.0,0.03,0,0,0,0,0,0,0,0,0,0,0,0,0,0,0,0,0,0,0,0,0
11.809247970581055,9.0,0.0,0.0,0.0,0.0,0.0,0.0,0.0,0.0,0.03,0,0,0,0,0,0,0,0,0,0,0,0,0,0,0,0,0,0,0,0,0
11.81076979637146,9.0,0.0,0.0,0.0,0.0,0.0,0.0,0.0,0.0,0.03,0,0,0,0,0,0,0,0,0,0,0,0,0,0,0,0,0,0,0,0,0
11.811905145645142,9.0,0.0,0.0,0.0,0.0,0.0,0.0,0.0,0.0,0.03,0,0,0,0,0,0,0,0,0,0,0,0,0,0,0,0,0,0,0,0,0
11.813145399093628,9.0,0.0,0.0,0.0,0.0,0.0,0.0,0.0,0.0,0.03,0,0,0,0,0,0,0,0,0,0,0,0,0,0,0,0,0,0,0,0,0
11.814207077026367,9.0,0.0,0.0,0.0,0.0,0.0,0.0,0.0,0.0,0.03,0,0,0,0,0,0,0,0,0,0,0,0,0,0,0,0,0,0,0,0,0
11.815373182296753,9.0,0.0,0.0,0.0,0.0,0.0,0.0,0.0,0.0,0.03,0,0,0,0,0,0,0,0,0,0,0,0,0,0,0,0,0,0,0,0,0
11.816532850265503,9.0,0.0,0.0,0.0,0.0,0.0,0.0,0.0,0.0,0.03,0,0,0,0,0,0,0,0,0,0,0,0,0,0,0,0,0,0,0,0,0
11.817619323730469,9.0,0.0,0.0,0.0,0.0,0.0,0.0,0.0,0.0,0.03,0,0,0,0,0,0,0,0,0,0,0,0,0,0,0,0,0,0,0,0,0
11.819174766540527,9.0,0.0,0.0,0.0,0.0,0.0,0.0,0.0,0.0,0.03,0,0,0,0,0,0,0,0,0,0,0,0,0,0,0,0,0,0,0,0,0
11.821199655532837,9.0,0.0,0.0,0.0,0.0,0.0,0.0,0.0,0.0,0.03,0,0,0,0,0,0,0,0,0,0,0,0,0,0,0,0,0,0,0,0,0
11.822856187820435,9.0,0.0,0.0,0.0,0.0,0.0,0.0,0.0,0.0,0.03,0,0,0,0,0,0,0,0,0,0,0,0,0,0,0,0,0,0,0,0,0
11.824694871902466,9.0,0.0,0.0,0.0,0.0,0.0,0.0,0.0,0.0,0.03,0,0,0,0,0,0,0,0,0,0,0,0,0,0,0,0,0,0,0,0,0
11.825860261917114,9.0,0.0,0.0,0.0,0.0,0.0,0.0,0.0,0.0,0.03,0,0,0,0,0,0,0,0,0,0,0,0,0,0,0,0,0,0,0,0,0
11.827014684677124,9.0,0.0,0.0,0.0,0.0,0.0,0.0,0.0,0.0,0.03,0,0,0,0,0,0,0,0,0,0,0,0,0,0,0,0,0,0,0,0,0
11.828112840652466,9.0,0.0,0.0,0.0,0.0,0.0,0.0,0.0,0.0,0.03,0,0,0,0,0,0,0,0,0,0,0,0,0,0,0,0,0,0,0,0,0
11.829413890838623,9.0,0.0,0.0,0.0,0.0,0.0,0.0,0.0,0.0,0.03,0,0,0,0,0,0,0,0,0,0,0,0,0,0,0,0,0,0,0,0,0
11.830557107925415,9.0,0.0,0.0,0.0,0.0,0.0,0.0,0.0,0.0,0.03,0,0,0,0,0,0,0,0,0,0,0,0,0,0,0,0,0,0,0,0,0
11.831861734390259,9.0,0.0,0.0,0.0,0.0,0.0,0.0,0.0,0.0,0.03,0,0,0,0,0,0,0,0,0,0,0,0,0,0,0,0,0,0,0,0,0
11.833178281784058,9.0,0.0,0.0,0.0,0.0,0.0,0.0,0.0,0.0,0.03,0,0,0,0,0,0,0,0,0,0,0,0,0,0,0,0,0,0,0,0,0
11.834578514099121,9.0,0.0,0.0,0.0,0.0,0.0,0.0,0.0,0.0,0.03,0,0,0,0,0,0,0,0,0,0,0,0,0,0,0,0,0,0,0,0,0
11.835831880569458,9.0,0.0,0.0,0.0,0.0,0.0,0.0,0.0,0.0,0.03,0,0,0,0,0,0,0,0,0,0,0,0,0,0,0,0,0,0,0,0,0
11.836921691894531,9.0,0.0,0.0,0.0,0.0,0.0,0.0,0.0,0.0,0.03,0,0,0,0,0,0,0,0,0,0,0,0,0,0,0,0,0,0,0,0,0
11.83798098564148,9.0,0.0,0.0,0.0,0.0,0.0,0.0,0.0,0.0,0.03,0,0,0,0,0,0,0,0,0,0,0,0,0,0,0,0,0,0,0,0,0
11.839176654815674,9.0,0.0,0.0,0.0,0.0,0.0,0.0,0.0,0.0,0.03,0,0,0,0,0,0,0,0,0,0,0,0,0,0,0,0,0,0,0,0,0
11.84060287475586,9.0,0.0,0.0,0.0,0.0,0.0,0.0,0.0,0.0,0.03,0,0,0,0,0,0,0,0,0,0,0,0,0,0,0,0,0,0,0,0,0
11.84169888496399,9.0,0.0,0.0,0.0,0.0,0.0,0.0,0.0,0.0,0.03,0,0,0,0,0,0,0,0,0,0,0,0,0,0,0,0,0,0,0,0,0
11.843661308288574,9.0,0.0,0.0,0.0,0.0,0.0,0.0,0.0,0.0,0.03,0,0,0,0,0,0,0,0,0,0,0,0,0,0,0,0,0,0,0,0,0
11.845815658569336,9.0,0.0,0.0,0.0,0.0,0.0,0.0,0.0,0.0,0.03,0,0,0,0,0,0,0,0,0,0,0,0,0,0,0,0,0,0,0,0,0
11.84760856628418,9.0,0.0,0.0,0.0,0.0,0.0,0.0,0.0,0.0,0.03,0,0,0,0,0,0,0,0,0,0,0,0,0,0,0,0,0,0,0,0,0
11.849103689193726,9.0,0.0,0.0,0.0,0.0,0.0,0.0,0.0,0.0,0.03,0,0,0,0,0,0,0,0,0,0,0,0,0,0,0,0,0,0,0,0,0
11.85079550743103,9.0,0.0,0.0,0.0,0.0,0.0,0.0,0.0,0.0,0.03,0,0,0,0,0,0,0,0,0,0,0,0,0,0,0,0,0,0,0,0,0
11.851940393447876,9.0,0.0,0.0,0.0,0.0,0.0,0.0,0.0,0.0,0.03,0,0,0,0,0,0,0,0,0,0,0,0,0,0,0,0,0,0,0,0,0
11.85346531867981,9.0,0.0,0.0,0.0,0.0,0.0,0.0,0.0,0.0,0.03,0,0,0,0,0,0,0,0,0,0,0,0,0,0,0,0,0,0,0,0,0
11.854562759399414,9.0,0.0,0.0,0.0,0.0,0.0,0.0,0.0,0.0,0.03,0,0,0,0,0,0,0,0,0,0,0,0,0,0,0,0,0,0,0,0,0
11.855966091156006,9.0,0.0,0.0,0.0,0.0,0.0,0.0,0.0,0.0,0.03,0,0,0,0,0,0,0,0,0,0,0,0,0,0,0,0,0,0,0,0,0
11.857911825180054,9.0,0.0,0.0,0.0,0.0,0.0,0.0,0.0,0.0,0.03,0,0,0,0,0,0,0,0,0,0,0,0,0,0,0,0,0,0,0,0,0
11.859001636505127,9.0,0.0,0.0,0.0,0.0,0.0,0.0,0.0,0.0,0.03,0,0,0,0,0,0,0,0,0,0,0,0,0,0,0,0,0,0,0,0,0
11.86184048652649,9.0,0.0,0.0,0.0,0.0,0.0,0.0,0.0,0.0,0.03,0,0,0,0,0,0,0,0,0,0,0,0,0,0,0,0,0,0,0,0,0
11.862984418869019,9.0,0.0,0.0,0.0,0.0,0.0,0.0,0.0,0.0,0.03,0,0,0,0,0,0,0,0,0,0,0,0,0,0,0,0,0,0,0,0,0
11.864187479019165,9.0,0.0,0.0,0.0,0.0,0.0,0.0,0.0,0.0,0.03,0,0,0,0,0,0,0,0,0,0,0,0,0,0,0,0,0,0,0,0,0
11.8657865524292,9.0,0.0,0.0,0.0,0.0,0.0,0.0,0.0,0.0,0.03,0,0,0,0,0,0,0,0,0,0,0,0,0,0,0,0,0,0,0,0,0
11.86712098121643,9.0,0.0,0.0,0.0,0.0,0.0,0.0,0.0,0.0,0.03,0,0,0,0,0,0,0,0,0,0,0,0,0,0,0,0,0,0,0,0,0
11.869137525558472,9.0,0.0,0.0,0.0,0.0,0.0,0.0,0.0,0.0,0.03,0,0,0,0,0,0,0,0,0,0,0,0,0,0,0,0,0,0,0,0,0
11.87073278427124,9.0,0.0,0.0,0.0,0.0,0.0,0.0,0.0,0.0,0.03,0,0,0,0,0,0,0,0,0,0,0,0,0,0,0,0,0,0,0,0,0
11.87210988998413,9.0,0.0,0.0,0.0,0.0,0.0,0.0,0.0,0.0,0.03,0,0,0,0,0,0,0,0,0,0,0,0,0,0,0,0,0,0,0,0,0
11.873380422592163,9.0,0.0,0.0,0.0,0.0,0.0,0.0,0.0,0.0,0.03,0,0,0,0,0,0,0,0,0,0,0,0,0,0,0,0,0,0,0,0,0
11.87449860572815,9.0,0.0,0.0,0.0,0.0,0.0,0.0,0.0,0.0,0.03,0,0,0,0,0,0,0,0,0,0,0,0,0,0,0,0,0,0,0,0,0
11.875961780548096,9.0,0.0,0.0,0.0,0.0,0.0,0.0,0.0,0.0,0.03,0,0,0,0,0,0,0,0,0,0,0,0,0,0,0,0,0,0,0,0,0
11.877225637435913,9.0,0.0,0.0,0.0,0.0,0.0,0.0,0.0,0.0,0.03,0,0,0,0,0,0,0,0,0,0,0,0,0,0,0,0,0,0,0,0,0
11.879523515701294,9.0,0.0,0.0,0.0,0.0,0.0,0.0,0.0,0.0,0.03,0,0,0,0,0,0,0,0,0,0,0,0,0,0,0,0,0,0,0,0,0
11.881129503250122,9.0,0.0,0.0,0.0,0.0,0.0,0.0,0.0,0.0,0.03,0,0,0,0,0,0,0,0,0,0,0,0,0,0,0,0,0,0,0,0,0
11.882211685180664,9.0,0.0,0.0,0.0,0.0,0.0,0.0,0.0,0.0,0.03,0,0,0,0,0,0,0,0,0,0,0,0,0,0,0,0,0,0,0,0,0
11.883368730545044,9.0,0.0,0.0,0.0,0.0,0.0,0.0,0.0,0.0,0.03,0,0,0,0,0,0,0,0,0,0,0,0,0,0,0,0,0,0,0,0,0
11.884583711624146,9.0,0.0,0.0,0.0,0.0,0.0,0.0,0.0,0.0,0.03,0,0,0,0,0,0,0,0,0,0,0,0,0,0,0,0,0,0,0,0,0
11.885708332061768,9.0,0.0,0.0,0.0,0.0,0.0,0.0,0.0,0.0,0.03,0,0,0,0,0,0,0,0,0,0,0,0,0,0,0,0,0,0,0,0,0
11.88707971572876,9.0,0.0,0.0,0.0,0.0,0.0,0.0,0.0,0.0,0.03,0,0,0,0,0,0,0,0,0,0,0,0,0,0,0,0,0,0,0,0,0
11.888250589370728,9.0,0.0,0.0,0.0,0.0,0.0,0.0,0.0,0.0,0.03,0,0,0,0,0,0,0,0,0,0,0,0,0,0,0,0,0,0,0,0,0
11.889497518539429,9.0,0.0,0.0,0.0,0.0,0.0,0.0,0.0,0.0,0.03,0,0,0,0,0,0,0,0,0,0,0,0,0,0,0,0,0,0,0,0,0
11.891100883483887,9.0,0.0,0.0,0.0,0.0,0.0,0.0,0.0,0.0,0.03,0,0,0,0,0,0,0,0,0,0,0,0,0,0,0,0,0,0,0,0,0
11.892789363861084,9.0,0.0,0.0,0.0,0.0,0.0,0.0,0.0,0.0,0.03,0,0,0,0,0,0,0,0,0,0,0,0,0,0,0,0,0,0,0,0,0
11.89421820640564,9.0,0.0,0.0,0.0,0.0,0.0,0.0,0.0,0.0,0.03,0,0,0,0,0,0,0,0,0,0,0,0,0,0,0,0,0,0,0,0,0
11.895315885543823,9.0,0.0,0.0,0.0,0.0,0.0,0.0,0.0,0.0,0.03,0,0,0,0,0,0,0,0,0,0,0,0,0,0,0,0,0,0,0,0,0
11.896448612213135,9.0,0.0,0.0,0.0,0.0,0.0,0.0,0.0,0.0,0.03,0,0,0,0,0,0,0,0,0,0,0,0,0,0,0,0,0,0,0,0,0
11.897612810134888,9.0,0.0,0.0,0.0,0.0,0.0,0.0,0.0,0.0,0.03,0,0,0,0,0,0,0,0,0,0,0,0,0,0,0,0,0,0,0,0,0
11.89943242073059,9.0,0.0,0.0,0.0,0.0,0.0,0.0,0.0,0.0,0.03,0,0,0,0,0,0,0,0,0,0,0,0,0,0,0,0,0,0,0,0,0
11.900672197341919,9.0,0.0,0.0,0.0,0.0,0.0,0.0,0.0,0.0,0.03,0,0,0,0,0,0,0,0,0,0,0,0,0,0,0,0,0,0,0,0,0
11.902661323547363,9.0,0.0,0.0,0.0,0.0,0.0,0.0,0.0,0.0,0.03,0,0,0,0,0,0,0,0,0,0,0,0,0,0,0,0,0,0,0,0,0
11.903889179229736,9.0,0.0,0.0,0.0,0.0,0.0,0.0,0.0,0.0,0.03,0,0,0,0,0,0,0,0,0,0,0,0,0,0,0,0,0,0,0,0,0
11.904972791671753,9.0,0.0,0.0,0.0,0.0,0.0,0.0,0.0,0.0,0.03,0,0,0,0,0,0,0,0,0,0,0,0,0,0,0,0,0,0,0,0,0
11.906065225601196,9.0,0.0,0.0,0.0,0.0,0.0,0.0,0.0,0.0,0.03,0,0,0,0,0,0,0,0,0,0,0,0,0,0,0,0,0,0,0,0,0
11.907148361206055,9.0,0.0,0.0,0.0,0.0,0.0,0.0,0.0,0.0,0.03,0,0,0,0,0,0,0,0,0,0,0,0,0,0,0,0,0,0,0,0,0
11.908336162567139,9.0,0.0,0.0,0.0,0.0,0.0,0.0,0.0,0.0,0.03,0,0,0,0,0,0,0,0,0,0,0,0,0,0,0,0,0,0,0,0,0
11.909422397613525,9.0,0.0,0.0,0.0,0.0,0.0,0.0,0.0,0.0,0.03,0,0,0,0,0,0,0,0,0,0,0,0,0,0,0,0,0,0,0,0,0
11.910939693450928,9.0,0.0,0.0,0.0,0.0,0.0,0.0,0.0,0.0,0.03,0,0,0,0,0,0,0,0,0,0,0,0,0,0,0,0,0,0,0,0,0
11.912386178970337,9.0,0.0,0.0,0.0,0.0,0.0,0.0,0.0,0.0,0.03,0,0,0,0,0,0,0,0,0,0,0,0,0,0,0,0,0,0,0,0,0
11.91539192199707,9.0,0.0,0.0,0.0,0.0,0.0,0.0,0.0,0.0,0.03,0,0,0,0,0,0,0,0,0,0,0,0,0,0,0,0,0,0,0,0,0
11.916491985321045,9.0,0.0,0.0,0.0,0.0,0.0,0.0,0.0,0.0,0.03,0,0,0,0,0,0,0,0,0,0,0,0,0,0,0,0,0,0,0,0,0
11.917682409286499,9.0,0.0,0.0,0.0,0.0,0.0,0.0,0.0,0.0,0.03,0,0,0,0,0,0,0,0,0,0,0,0,0,0,0,0,0,0,0,0,0
11.919532537460327,9.0,0.0,0.0,0.0,0.0,0.0,0.0,0.0,0.0,0.03,0,0,0,0,0,0,0,0,0,0,0,0,0,0,0,0,0,0,0,0,0
11.920621871948242,9.0,0.0,0.0,0.0,0.0,0.0,0.0,0.0,0.0,0.03,0,0,0,0,0,0,0,0,0,0,0,0,0,0,0,0,0,0,0,0,0
11.922062397003174,9.0,0.0,0.0,0.0,0.0,0.0,0.0,0.0,0.0,0.03,0,0,0,0,0,0,0,0,0,0,0,0,0,0,0,0,0,0,0,0,0
11.923159122467041,9.0,0.0,0.0,0.0,0.0,0.0,0.0,0.0,0.0,0.03,0,0,0,0,0,0,0,0,0,0,0,0,0,0,0,0,0,0,0,0,0
11.924247741699219,9.0,0.0,0.0,0.0,0.0,0.0,0.0,0.0,0.0,0.03,0,0,0,0,0,0,0,0,0,0,0,0,0,0,0,0,0,0,0,0,0
11.927050113677979,9.0,0.0,0.0,0.0,0.0,0.0,0.0,0.0,0.0,0.03,0,0,0,0,0,0,0,0,0,0,0,0,0,0,0,0,0,0,0,0,0
11.92848539352417,9.0,0.0,0.0,0.0,0.0,0.0,0.0,0.0,0.0,0.03,0,0,0,0,0,0,0,0,0,0,0,0,0,0,0,0,0,0,0,0,0
11.929898977279663,9.0,0.0,0.0,0.0,0.0,0.0,0.0,0.0,0.0,0.03,0,0,0,0,0,0,0,0,0,0,0,0,0,0,0,0,0,0,0,0,0
11.931137084960938,9.0,0.0,0.0,0.0,0.0,0.0,0.0,0.0,0.0,0.03,0,0,0,0,0,0,0,0,0,0,0,0,0,0,0,0,0,0,0,0,0
11.933610200881958,9.0,0.0,0.0,0.0,0.0,0.0,0.0,0.0,0.0,0.03,0,0,0,0,0,0,0,0,0,0,0,0,0,0,0,0,0,0,0,0,0
11.93535304069519,9.0,0.0,0.0,0.0,0.0,0.0,0.0,0.0,0.0,0.03,0,0,0,0,0,0,0,0,0,0,0,0,0,0,0,0,0,0,0,0,0
11.936508655548096,9.0,0.0,0.0,0.0,0.0,0.0,0.0,0.0,0.0,0.03,0,0,0,0,0,0,0,0,0,0,0,0,0,0,0,0,0,0,0,0,0
11.937776565551758,9.0,0.0,0.0,0.0,0.0,0.0,0.0,0.0,0.0,0.03,0,0,0,0,0,0,0,0,0,0,0,0,0,0,0,0,0,0,0,0,0
11.939279556274414,9.0,0.0,0.0,0.0,0.0,0.0,0.0,0.0,0.0,0.03,0,0,0,0,0,0,0,0,0,0,0,0,0,0,0,0,0,0,0,0,0
11.940816402435303,9.0,0.0,0.0,0.0,0.0,0.0,0.0,0.0,0.0,0.03,0,0,0,0,0,0,0,0,0,0,0,0,0,0,0,0,0,0,0,0,0
11.941932678222656,9.0,0.0,0.0,0.0,0.0,0.0,0.0,0.0,0.0,0.03,0,0,0,0,0,0,0,0,0,0,0,0,0,0,0,0,0,0,0,0,0
11.94299840927124,9.0,0.0,0.0,0.0,0.0,0.0,0.0,0.0,0.0,0.03,0,0,0,0,0,0,0,0,0,0,0,0,0,0,0,0,0,0,0,0,0
11.944185733795166,9.0,0.0,0.0,0.0,0.0,0.0,0.0,0.0,0.0,0.03,0,0,0,0,0,0,0,0,0,0,0,0,0,0,0,0,0,0,0,0,0
11.945295333862305,9.0,0.0,0.0,0.0,0.0,0.0,0.0,0.0,0.0,0.03,0,0,0,0,0,0,0,0,0,0,0,0,0,0,0,0,0,0,0,0,0
11.946468114852905,9.0,0.0,0.0,0.0,0.0,0.0,0.0,0.0,0.0,0.03,0,0,0,0,0,0,0,0,0,0,0,0,0,0,0,0,0,0,0,0,0
11.947547912597656,9.0,0.0,0.0,0.0,0.0,0.0,0.0,0.0,0.0,0.03,0,0,0,0,0,0,0,0,0,0,0,0,0,0,0,0,0,0,0,0,0
11.948647737503052,9.0,0.0,0.0,0.0,0.0,0.0,0.0,0.0,0.0,0.03,0,0,0,0,0,0,0,0,0,0,0,0,0,0,0,0,0,0,0,0,0
11.949748516082764,9.0,0.0,0.0,0.0,0.0,0.0,0.0,0.0,0.0,0.03,0,0,0,0,0,0,0,0,0,0,0,0,0,0,0,0,0,0,0,0,0
11.950855016708374,9.0,0.0,0.0,0.0,0.0,0.0,0.0,0.0,0.0,0.03,0,0,0,0,0,0,0,0,0,0,0,0,0,0,0,0,0,0,0,0,0
11.951950073242188,9.0,0.0,0.0,0.0,0.0,0.0,0.0,0.0,0.0,0.03,0,0,0,0,0,0,0,0,0,0,0,0,0,0,0,0,0,0,0,0,0
11.953129529953003,9.0,0.0,0.0,0.0,0.0,0.0,0.0,0.0,0.0,0.03,0,0,0,0,0,0,0,0,0,0,0,0,0,0,0,0,0,0,0,0,0
11.954493761062622,9.0,0.0,0.0,0.0,0.0,0.0,0.0,0.0,0.0,0.03,0,0,0,0,0,0,0,0,0,0,0,0,0,0,0,0,0,0,0,0,0
11.955965995788574,9.0,0.0,0.0,0.0,0.0,0.0,0.0,0.0,0.0,0.03,0,0,0,0,0,0,0,0,0,0,0,0,0,0,0,0,0,0,0,0,0
11.957151412963867,9.0,0.0,0.0,0.0,0.0,0.0,0.0,0.0,0.0,0.03,0,0,0,0,0,0,0,0,0,0,0,0,0,0,0,0,0,0,0,0,0
11.958855628967285,9.0,0.0,0.0,0.0,0.0,0.0,0.0,0.0,0.0,0.03,0,0,0,0,0,0,0,0,0,0,0,0,0,0,0,0,0,0,0,0,0
11.959940671920776,9.0,0.0,0.0,0.0,0.0,0.0,0.0,0.0,0.0,0.03,0,0,0,0,0,0,0,0,0,0,0,0,0,0,0,0,0,0,0,0,0
11.96129584312439,9.0,0.0,0.0,0.0,0.0,0.0,0.0,0.0,0.0,0.03,0,0,0,0,0,0,0,0,0,0,0,0,0,0,0,0,0,0,0,0,0
11.96249532699585,9.0,0.0,0.0,0.0,0.0,0.0,0.0,0.0,0.0,0.03,0,0,0,0,0,0,0,0,0,0,0,0,0,0,0,0,0,0,0,0,0
11.96389889717102,9.0,0.0,0.0,0.0,0.0,0.0,0.0,0.0,0.0,0.03,0,0,0,0,0,0,0,0,0,0,0,0,0,0,0,0,0,0,0,0,0
11.96503496170044,9.0,0.0,0.0,0.0,0.0,0.0,0.0,0.0,0.0,0.03,0,0,0,0,0,0,0,0,0,0,0,0,0,0,0,0,0,0,0,0,0
11.967161417007446,9.0,0.0,0.0,0.0,0.0,0.0,0.0,0.0,0.0,0.03,0,0,0,0,0,0,0,0,0,0,0,0,0,0,0,0,0,0,0,0,0
11.968299627304077,9.0,0.0,0.0,0.0,0.0,0.0,0.0,0.0,0.0,0.03,0,0,0,0,0,0,0,0,0,0,0,0,0,0,0,0,0,0,0,0,0
11.969379663467407,9.0,0.0,0.0,0.0,0.0,0.0,0.0,0.0,0.0,0.03,0,0,0,0,0,0,0,0,0,0,0,0,0,0,0,0,0,0,0,0,0
11.970489263534546,9.0,0.0,0.0,0.0,0.0,0.0,0.0,0.0,0.0,0.03,0,0,0,0,0,0,0,0,0,0,0,0,0,0,0,0,0,0,0,0,0
11.971569776535034,9.0,0.0,0.0,0.0,0.0,0.0,0.0,0.0,0.0,0.03,0,0,0,0,0,0,0,0,0,0,0,0,0,0,0,0,0,0,0,0,0
11.972784519195557,9.0,0.0,0.0,0.0,0.0,0.0,0.0,0.0,0.0,0.03,0,0,0,0,0,0,0,0,0,0,0,0,0,0,0,0,0,0,0,0,0
11.973844051361084,9.0,0.0,0.0,0.0,0.0,0.0,0.0,0.0,0.0,0.03,0,0,0,0,0,0,0,0,0,0,0,0,0,0,0,0,0,0,0,0,0
11.975012063980103,9.0,0.0,0.0,0.0,0.0,0.0,0.0,0.0,0.0,0.03,0,0,0,0,0,0,0,0,0,0,0,0,0,0,0,0,0,0,0,0,0
11.976109266281128,9.0,0.0,0.0,0.0,0.0,0.0,0.0,0.0,0.0,0.03,0,0,0,0,0,0,0,0,0,0,0,0,0,0,0,0,0,0,0,0,0
11.977399110794067,9.0,0.0,0.0,0.0,0.0,0.0,0.0,0.0,0.0,0.03,0,0,0,0,0,0,0,0,0,0,0,0,0,0,0,0,0,0,0,0,0
11.979939460754395,9.0,0.0,0.0,0.0,0.0,0.0,0.0,0.0,0.0,0.03,0,0,0,0,0,0,0,0,0,0,0,0,0,0,0,0,0,0,0,0,0
11.981040954589844,9.0,0.0,0.0,0.0,0.0,0.0,0.0,0.0,0.0,0.03,0,0,0,0,0,0,0,0,0,0,0,0,0,0,0,0,0,0,0,0,0
11.982207536697388,9.0,0.0,0.0,0.0,0.0,0.0,0.0,0.0,0.0,0.03,0,0,0,0,0,0,0,0,0,0,0,0,0,0,0,0,0,0,0,0,0
11.983441829681396,9.0,0.0,0.0,0.0,0.0,0.0,0.0,0.0,0.0,0.03,0,0,0,0,0,0,0,0,0,0,0,0,0,0,0,0,0,0,0,0,0
11.9845871925354,9.0,0.0,0.0,0.0,0.0,0.0,0.0,0.0,0.0,0.03,0,0,0,0,0,0,0,0,0,0,0,0,0,0,0,0,0,0,0,0,0
11.985932350158691,9.0,0.0,0.0,0.0,0.0,0.0,0.0,0.0,0.0,0.03,0,0,0,0,0,0,0,0,0,0,0,0,0,0,0,0,0,0,0,0,0
11.98705768585205,9.0,0.0,0.0,0.0,0.0,0.0,0.0,0.0,0.0,0.03,0,0,0,0,0,0,0,0,0,0,0,0,0,0,0,0,0,0,0,0,0
11.988155841827393,9.0,0.0,0.0,0.0,0.0,0.0,0.0,0.0,0.0,0.03,0,0,0,0,0,0,0,0,0,0,0,0,0,0,0,0,0,0,0,0,0
11.98923921585083,9.0,0.0,0.0,0.0,0.0,0.0,0.0,0.0,0.0,0.03,0,0,0,0,0,0,0,0,0,0,0,0,0,0,0,0,0,0,0,0,0
11.992270708084106,9.0,0.0,0.0,0.0,0.0,0.0,0.0,0.0,0.0,0.03,0,0,0,0,0,0,0,0,0,0,0,0,0,0,0,0,0,0,0,0,0
11.993523359298706,9.0,0.0,0.0,0.0,0.0,0.0,0.0,0.0,0.0,0.03,0,0,0,0,0,0,0,0,0,0,0,0,0,0,0,0,0,0,0,0,0
11.995093584060669,9.0,0.0,0.0,0.0,0.0,0.0,0.0,0.0,0.0,0.03,0,0,0,0,0,0,0,0,0,0,0,0,0,0,0,0,0,0,0,0,0
11.996586561203003,9.0,0.0,0.0,0.0,0.0,0.0,0.0,0.0,0.0,0.03,0,0,0,0,0,0,0,0,0,0,0,0,0,0,0,0,0,0,0,0,0
12.000550985336304,9.0,0.0,0.0,0.0,0.0,0.0,0.0,0.0,0.0,0.03,0,0,0,0,0,0,0,0,0,0,0,0,0,0,0,0,0,0,0,0,0
12.001762628555298,9.0,0.0,0.0,0.0,0.0,0.0,0.0,0.0,0.0,0.03,0,0,0,0,0,0,0,0,0,0,0,0,0,0,0,0,0,0,0,0,0
12.003108978271484,9.0,0.0,0.0,0.0,0.0,0.0,0.0,0.0,0.0,0.03,0,0,0,0,0,0,0,0,0,0,0,0,0,0,0,0,0,0,0,0,0
12.004270315170288,9.0,0.0,0.0,0.0,0.0,0.0,0.0,0.0,0.0,0.03,0,0,0,0,0,0,0,0,0,0,0,0,0,0,0,0,0,0,0,0,0
12.005362749099731,9.0,0.0,0.0,0.0,0.0,0.0,0.0,0.0,0.0,0.03,0,0,0,0,0,0,0,0,0,0,0,0,0,0,0,0,0,0,0,0,0
12.00740361213684,9.0,0.0,0.0,0.0,0.0,0.0,0.0,0.0,0.0,0.03,0,0,0,0,0,0,0,0,0,0,0,0,0,0,0,0,0,0,0,0,0
12.008497476577759,9.0,0.0,0.0,0.0,0.0,0.0,0.0,0.0,0.0,0.03,0,0,0,0,0,0,0,0,0,0,0,0,0,0,0,0,0,0,0,0,0
12.009739398956299,9.0,0.0,0.0,0.0,0.0,0.0,0.0,0.0,0.0,0.03,0,0,0,0,0,0,0,0,0,0,0,0,0,0,0,0,0,0,0,0,0
12.01089334487915,9.0,0.0,0.0,0.0,0.0,0.0,0.0,0.0,0.0,0.03,0,0,0,0,0,0,0,0,0,0,0,0,0,0,0,0,0,0,0,0,0
12.012005805969238,9.0,0.0,0.0,0.0,0.0,0.0,0.0,0.0,0.0,0.03,0,0,0,0,0,0,0,0,0,0,0,0,0,0,0,0,0,0,0,0,0
12.01309061050415,9.0,0.0,0.0,0.0,0.0,0.0,0.0,0.0,0.0,0.03,0,0,0,0,0,0,0,0,0,0,0,0,0,0,0,0,0,0,0,0,0
12.014233827590942,9.0,0.0,0.0,0.0,0.0,0.0,0.0,0.0,0.0,0.03,0,0,0,0,0,0,0,0,0,0,0,0,0,0,0,0,0,0,0,0,0
12.01546573638916,9.0,0.0,0.0,0.0,0.0,0.0,0.0,0.0,0.0,0.03,0,0,0,0,0,0,0,0,0,0,0,0,0,0,0,0,0,0,0,0,0
12.016596794128418,9.0,0.0,0.0,0.0,0.0,0.0,0.0,0.0,0.0,0.03,0,0,0,0,0,0,0,0,0,0,0,0,0,0,0,0,0,0,0,0,0
12.017680644989014,9.0,0.0,0.0,0.0,0.0,0.0,0.0,0.0,0.0,0.03,0,0,0,0,0,0,0,0,0,0,0,0,0,0,0,0,0,0,0,0,0
12.01906681060791,9.0,0.0,0.0,0.0,0.0,0.0,0.0,0.0,0.0,0.03,0,0,0,0,0,0,0,0,0,0,0,0,0,0,0,0,0,0,0,0,0
12.020431518554688,9.0,0.0,0.0,0.0,0.0,0.0,0.0,0.0,0.0,0.03,0,0,0,0,0,0,0,0,0,0,0,0,0,0,0,0,0,0,0,0,0
12.02349305152893,9.0,0.0,0.0,0.0,0.0,0.0,0.0,0.0,0.0,0.03,0,0,0,0,0,0,0,0,0,0,0,0,0,0,0,0,0,0,0,0,0
12.024930238723755,9.0,0.0,0.0,0.0,0.0,0.0,0.0,0.0,0.0,0.03,0,0,0,0,0,0,0,0,0,0,0,0,0,0,0,0,0,0,0,0,0
12.026026487350464,9.0,0.0,0.0,0.0,0.0,0.0,0.0,0.0,0.0,0.03,0,0,0,0,0,0,0,0,0,0,0,0,0,0,0,0,0,0,0,0,0
12.027151823043823,9.0,0.0,0.0,0.0,0.0,0.0,0.0,0.0,0.0,0.03,0,0,0,0,0,0,0,0,0,0,0,0,0,0,0,0,0,0,0,0,0
12.028452634811401,9.0,0.0,0.0,0.0,0.0,0.0,0.0,0.0,0.0,0.03,0,0,0,0,0,0,0,0,0,0,0,0,0,0,0,0,0,0,0,0,0
12.029941320419312,9.0,0.0,0.0,0.0,0.0,0.0,0.0,0.0,0.0,0.03,0,0,0,0,0,0,0,0,0,0,0,0,0,0,0,0,0,0,0,0,0
12.031198978424072,9.0,0.0,0.0,0.0,0.0,0.0,0.0,0.0,0.0,0.03,0,0,0,0,0,0,0,0,0,0,0,0,0,0,0,0,0,0,0,0,0
12.032315492630005,9.0,0.0,0.0,0.0,0.0,0.0,0.0,0.0,0.0,0.03,0,0,0,0,0,0,0,0,0,0,0,0,0,0,0,0,0,0,0,0,0
12.033796548843384,9.0,0.0,0.0,0.0,0.0,0.0,0.0,0.0,0.0,0.03,0,0,0,0,0,0,0,0,0,0,0,0,0,0,0,0,0,0,0,0,0
12.034880876541138,9.0,0.0,0.0,0.0,0.0,0.0,0.0,0.0,0.0,0.03,0,0,0,0,0,0,0,0,0,0,0,0,0,0,0,0,0,0,0,0,0
12.036090612411499,9.0,0.0,0.0,0.0,0.0,0.0,0.0,0.0,0.0,0.03,0,0,0,0,0,0,0,0,0,0,0,0,0,0,0,0,0,0,0,0,0
12.037228345870972,9.0,0.0,0.0,0.0,0.0,0.0,0.0,0.0,0.0,0.03,0,0,0,0,0,0,0,0,0,0,0,0,0,0,0,0,0,0,0,0,0
12.038674116134644,9.0,0.0,0.0,0.0,0.0,0.0,0.0,0.0,0.0,0.03,0,0,0,0,0,0,0,0,0,0,0,0,0,0,0,0,0,0,0,0,0
12.039793014526367,9.0,0.0,0.0,0.0,0.0,0.0,0.0,0.0,0.0,0.03,0,0,0,0,0,0,0,0,0,0,0,0,0,0,0,0,0,0,0,0,0
12.041488885879517,9.0,0.0,0.0,0.0,0.0,0.0,0.0,0.0,0.0,0.03,0,0,0,0,0,0,0,0,0,0,0,0,0,0,0,0,0,0,0,0,0
12.042582988739014,9.0,0.0,0.0,0.0,0.0,0.0,0.0,0.0,0.0,0.03,0,0,0,0,0,0,0,0,0,0,0,0,0,0,0,0,0,0,0,0,0
12.04473090171814,9.0,0.0,0.0,0.0,0.0,0.0,0.0,0.0,0.0,0.03,0,0,0,0,0,0,0,0,0,0,0,0,0,0,0,0,0,0,0,0,0
12.045880317687988,9.0,0.0,0.0,0.0,0.0,0.0,0.0,0.0,0.0,0.03,0,0,0,0,0,0,0,0,0,0,0,0,0,0,0,0,0,0,0,0,0
12.04741907119751,9.0,0.0,0.0,0.0,0.0,0.0,0.0,0.0,0.0,0.03,0,0,0,0,0,0,0,0,0,0,0,0,0,0,0,0,0,0,0,0,0
12.049203395843506,9.0,0.0,0.0,0.0,0.0,0.0,0.0,0.0,0.0,0.03,0,0,0,0,0,0,0,0,0,0,0,0,0,0,0,0,0,0,0,0,0
12.050543308258057,9.0,0.0,0.0,0.0,0.0,0.0,0.0,0.0,0.0,0.03,0,0,0,0,0,0,0,0,0,0,0,0,0,0,0,0,0,0,0,0,0
12.05179238319397,9.0,0.0,0.0,0.0,0.0,0.0,0.0,0.0,0.0,0.03,0,0,0,0,0,0,0,0,0,0,0,0,0,0,0,0,0,0,0,0,0
12.052879571914673,9.0,0.0,0.0,0.0,0.0,0.0,0.0,0.0,0.0,0.03,0,0,0,0,0,0,0,0,0,0,0,0,0,0,0,0,0,0,0,0,0
12.053945064544678,9.0,0.0,0.0,0.0,0.0,0.0,0.0,0.0,0.0,0.03,0,0,0,0,0,0,0,0,0,0,0,0,0,0,0,0,0,0,0,0,0
12.056926727294922,9.0,0.0,0.0,0.0,0.0,0.0,0.0,0.0,0.0,0.03,0,0,0,0,0,0,0,0,0,0,0,0,0,0,0,0,0,0,0,0,0
12.058069467544556,9.0,0.0,0.0,0.0,0.0,0.0,0.0,0.0,0.0,0.03,0,0,0,0,0,0,0,0,0,0,0,0,0,0,0,0,0,0,0,0,0
12.060009717941284,9.0,0.0,0.0,0.0,0.0,0.0,0.0,0.0,0.0,0.03,0,0,0,0,0,0,0,0,0,0,0,0,0,0,0,0,0,0,0,0,0
12.06187105178833,9.0,0.0,0.0,0.0,0.0,0.0,0.0,0.0,0.0,0.03,0,0,0,0,0,0,0,0,0,0,0,0,0,0,0,0,0,0,0,0,0
12.063559532165527,9.0,0.0,0.0,0.0,0.0,0.0,0.0,0.0,0.0,0.03,0,0,0,0,0,0,0,0,0,0,0,0,0,0,0,0,0,0,0,0,0
12.06493091583252,9.0,0.0,0.0,0.0,0.0,0.0,0.0,0.0,0.0,0.03,0,0,0,0,0,0,0,0,0,0,0,0,0,0,0,0,0,0,0,0,0
12.06604290008545,9.0,0.0,0.0,0.0,0.0,0.0,0.0,0.0,0.0,0.03,0,0,0,0,0,0,0,0,0,0,0,0,0,0,0,0,0,0,0,0,0
12.06721568107605,9.0,0.0,0.0,0.0,0.0,0.0,0.0,0.0,0.0,0.03,0,0,0,0,0,0,0,0,0,0,0,0,0,0,0,0,0,0,0,0,0
12.06950330734253,9.0,0.0,0.0,0.0,0.0,0.0,0.0,0.0,0.0,0.03,0,0,0,0,0,0,0,0,0,0,0,0,0,0,0,0,0,0,0,0,0
12.0711829662323,9.0,0.0,0.0,0.0,0.0,0.0,0.0,0.0,0.0,0.03,0,0,0,0,0,0,0,0,0,0,0,0,0,0,0,0,0,0,0,0,0
12.072313070297241,9.0,0.0,0.0,0.0,0.0,0.0,0.0,0.0,0.0,0.03,0,0,0,0,0,0,0,0,0,0,0,0,0,0,0,0,0,0,0,0,0
12.073676586151123,9.0,0.0,0.0,0.0,0.0,0.0,0.0,0.0,0.0,0.03,0,0,0,0,0,0,0,0,0,0,0,0,0,0,0,0,0,0,0,0,0
12.074922800064087,9.0,0.0,0.0,0.0,0.0,0.0,0.0,0.0,0.0,0.03,0,0,0,0,0,0,0,0,0,0,0,0,0,0,0,0,0,0,0,0,0
12.075987577438354,9.0,0.0,0.0,0.0,0.0,0.0,0.0,0.0,0.0,0.03,0,0,0,0,0,0,0,0,0,0,0,0,0,0,0,0,0,0,0,0,0
12.077048301696777,9.0,0.0,0.0,0.0,0.0,0.0,0.0,0.0,0.0,0.03,0,0,0,0,0,0,0,0,0,0,0,0,0,0,0,0,0,0,0,0,0
12.078127384185791,9.0,0.0,0.0,0.0,0.0,0.0,0.0,0.0,0.0,0.03,0,0,0,0,0,0,0,0,0,0,0,0,0,0,0,0,0,0,0,0,0
12.079318761825562,9.0,0.0,0.0,0.0,0.0,0.0,0.0,0.0,0.0,0.03,0,0,0,0,0,0,0,0,0,0,0,0,0,0,0,0,0,0,0,0,0
12.080496549606323,9.0,0.0,0.0,0.0,0.0,0.0,0.0,0.0,0.0,0.03,0,0,0,0,0,0,0,0,0,0,0,0,0,0,0,0,0,0,0,0,0
12.081694602966309,9.0,0.0,0.0,0.0,0.0,0.0,0.0,0.0,0.0,0.03,0,0,0,0,0,0,0,0,0,0,0,0,0,0,0,0,0,0,0,0,0
12.0829176902771,9.0,0.0,0.0,0.0,0.0,0.0,0.0,0.0,0.0,0.03,0,0,0,0,0,0,0,0,0,0,0,0,0,0,0,0,0,0,0,0,0
12.084280490875244,9.0,0.0,0.0,0.0,0.0,0.0,0.0,0.0,0.0,0.03,0,0,0,0,0,0,0,0,0,0,0,0,0,0,0,0,0,0,0,0,0
12.085862159729004,9.0,0.0,0.0,0.0,0.0,0.0,0.0,0.0,0.0,0.03,0,0,0,0,0,0,0,0,0,0,0,0,0,0,0,0,0,0,0,0,0
12.087305545806885,9.0,0.0,0.0,0.0,0.0,0.0,0.0,0.0,0.0,0.03,0,0,0,0,0,0,0,0,0,0,0,0,0,0,0,0,0,0,0,0,0
12.088400840759277,9.0,0.0,0.0,0.0,0.0,0.0,0.0,0.0,0.0,0.03,0,0,0,0,0,0,0,0,0,0,0,0,0,0,0,0,0,0,0,0,0
12.089548110961914,9.0,0.0,0.0,0.0,0.0,0.0,0.0,0.0,0.0,0.03,0,0,0,0,0,0,0,0,0,0,0,0,0,0,0,0,0,0,0,0,0
12.090635061264038,9.0,0.0,0.0,0.0,0.0,0.0,0.0,0.0,0.0,0.03,0,0,0,0,0,0,0,0,0,0,0,0,0,0,0,0,0,0,0,0,0
12.092378377914429,9.0,0.0,0.0,0.0,0.0,0.0,0.0,0.0,0.0,0.03,0,0,0,0,0,0,0,0,0,0,0,0,0,0,0,0,0,0,0,0,0
12.094260931015015,9.0,0.0,0.0,0.0,0.0,0.0,0.0,0.0,0.0,0.03,0,0,0,0,0,0,0,0,0,0,0,0,0,0,0,0,0,0,0,0,0
12.095352172851562,9.0,0.0,0.0,0.0,0.0,0.0,0.0,0.0,0.0,0.03,0,0,0,0,0,0,0,0,0,0,0,0,0,0,0,0,0,0,0,0,0
12.097755432128906,9.0,0.0,0.0,0.0,0.0,0.0,0.0,0.0,0.0,0.03,0,0,0,0,0,0,0,0,0,0,0,0,0,0,0,0,0,0,0,0,0
12.098942518234253,9.0,0.0,0.0,0.0,0.0,0.0,0.0,0.0,0.0,0.03,0,0,0,0,0,0,0,0,0,0,0,0,0,0,0,0,0,0,0,0,0
12.100028038024902,9.0,0.0,0.0,0.0,0.0,0.0,0.0,0.0,0.0,0.03,0,0,0,0,0,0,0,0,0,0,0,0,0,0,0,0,0,0,0,0,0
12.101236581802368,9.0,0.0,0.0,0.0,0.0,0.0,0.0,0.0,0.0,0.03,0,0,0,0,0,0,0,0,0,0,0,0,0,0,0,0,0,0,0,0,0
12.102343082427979,9.0,0.0,0.0,0.0,0.0,0.0,0.0,0.0,0.0,0.03,0,0,0,0,0,0,0,0,0,0,0,0,0,0,0,0,0,0,0,0,0
12.103433609008789,9.0,0.0,0.0,0.0,0.0,0.0,0.0,0.0,0.0,0.03,0,0,0,0,0,0,0,0,0,0,0,0,0,0,0,0,0,0,0,0,0
12.104520320892334,9.0,0.0,0.0,0.0,0.0,0.0,0.0,0.0,0.0,0.03,0,0,0,0,0,0,0,0,0,0,0,0,0,0,0,0,0,0,0,0,0
12.105988025665283,9.0,0.0,0.0,0.0,0.0,0.0,0.0,0.0,0.0,0.03,0,0,0,0,0,0,0,0,0,0,0,0,0,0,0,0,0,0,0,0,0
12.10751461982727,9.0,0.0,0.0,0.0,0.0,0.0,0.0,0.0,0.0,0.03,0,0,0,0,0,0,0,0,0,0,0,0,0,0,0,0,0,0,0,0,0
12.108811378479004,9.0,0.0,0.0,0.0,0.0,0.0,0.0,0.0,0.0,0.03,0,0,0,0,0,0,0,0,0,0,0,0,0,0,0,0,0,0,0,0,0
12.11036205291748,9.0,0.0,0.0,0.0,0.0,0.0,0.0,0.0,0.0,0.03,0,0,0,0,0,0,0,0,0,0,0,0,0,0,0,0,0,0,0,0,0
12.111654996871948,9.0,0.0,0.0,0.0,0.0,0.0,0.0,0.0,0.0,0.03,0,0,0,0,0,0,0,0,0,0,0,0,0,0,0,0,0,0,0,0,0
12.11281156539917,9.0,0.0,0.0,0.0,0.0,0.0,0.0,0.0,0.0,0.03,0,0,0,0,0,0,0,0,0,0,0,0,0,0,0,0,0,0,0,0,0
12.114764928817749,9.0,0.0,0.0,0.0,0.0,0.0,0.0,0.0,0.0,0.03,0,0,0,0,0,0,0,0,0,0,0,0,0,0,0,0,0,0,0,0,0
12.11606502532959,9.0,0.0,0.0,0.0,0.0,0.0,0.0,0.0,0.0,0.03,0,0,0,0,0,0,0,0,0,0,0,0,0,0,0,0,0,0,0,0,0
12.117235898971558,9.0,0.0,0.0,0.0,0.0,0.0,0.0,0.0,0.0,0.03,0,0,0,0,0,0,0,0,0,0,0,0,0,0,0,0,0,0,0,0,0
12.11927580833435,9.0,0.0,0.0,0.0,0.0,0.0,0.0,0.0,0.0,0.03,0,0,0,0,0,0,0,0,0,0,0,0,0,0,0,0,0,0,0,0,0
12.120373964309692,9.0,0.0,0.0,0.0,0.0,0.0,0.0,0.0,0.0,0.03,0,0,0,0,0,0,0,0,0,0,0,0,0,0,0,0,0,0,0,0,0
12.121451139450073,9.0,0.0,0.0,0.0,0.0,0.0,0.0,0.0,0.0,0.03,0,0,0,0,0,0,0,0,0,0,0,0,0,0,0,0,0,0,0,0,0
12.125455141067505,9.0,0.0,0.0,0.0,0.0,0.0,0.0,0.0,0.0,0.03,0,0,0,0,0,0,0,0,0,0,0,0,0,0,0,0,0,0,0,0,0
12.127683877944946,9.0,0.0,0.0,0.0,0.0,0.0,0.0,0.0,0.0,0.03,0,0,0,0,0,0,0,0,0,0,0,0,0,0,0,0,0,0,0,0,0
12.129310369491577,9.0,0.0,0.0,0.0,0.0,0.0,0.0,0.0,0.0,0.03,0,0,0,0,0,0,0,0,0,0,0,0,0,0,0,0,0,0,0,0,0
12.13047480583191,9.0,0.0,0.0,0.0,0.0,0.0,0.0,0.0,0.0,0.03,0,0,0,0,0,0,0,0,0,0,0,0,0,0,0,0,0,0,0,0,0
12.132515907287598,9.0,0.0,0.0,0.0,0.0,0.0,0.0,0.0,0.0,0.03,0,0,0,0,0,0,0,0,0,0,0,0,0,0,0,0,0,0,0,0,0
12.134010314941406,9.0,0.0,0.0,0.0,0.0,0.0,0.0,0.0,0.0,0.03,0,0,0,0,0,0,0,0,0,0,0,0,0,0,0,0,0,0,0,0,0
12.135343074798584,9.0,0.0,0.0,0.0,0.0,0.0,0.0,0.0,0.0,0.03,0,0,0,0,0,0,0,0,0,0,0,0,0,0,0,0,0,0,0,0,0
12.136484861373901,9.0,0.0,0.0,0.0,0.0,0.0,0.0,0.0,0.0,0.03,0,0,0,0,0,0,0,0,0,0,0,0,0,0,0,0,0,0,0,0,0
12.138531684875488,9.0,0.0,0.0,0.0,0.0,0.0,0.0,0.0,0.0,0.03,0,0,0,0,0,0,0,0,0,0,0,0,0,0,0,0,0,0,0,0,0
12.13969373703003,9.0,0.0,0.0,0.0,0.0,0.0,0.0,0.0,0.0,0.03,0,0,0,0,0,0,0,0,0,0,0,0,0,0,0,0,0,0,0,0,0
12.14082956314087,9.0,0.0,0.0,0.0,0.0,0.0,0.0,0.0,0.0,0.03,0,0,0,0,0,0,0,0,0,0,0,0,0,0,0,0,0,0,0,0,0
12.142041206359863,9.0,0.0,0.0,0.0,0.0,0.0,0.0,0.0,0.0,0.03,0,0,0,0,0,0,0,0,0,0,0,0,0,0,0,0,0,0,0,0,0
12.143287897109985,9.0,0.0,0.0,0.0,0.0,0.0,0.0,0.0,0.0,0.03,0,0,0,0,0,0,0,0,0,0,0,0,0,0,0,0,0,0,0,0,0
12.144825458526611,9.0,0.0,0.0,0.0,0.0,0.0,0.0,0.0,0.0,0.03,0,0,0,0,0,0,0,0,0,0,0,0,0,0,0,0,0,0,0,0,0
12.145942687988281,9.0,0.0,0.0,0.0,0.0,0.0,0.0,0.0,0.0,0.03,0,0,0,0,0,0,0,0,0,0,0,0,0,0,0,0,0,0,0,0,0
12.147155284881592,9.0,0.0,0.0,0.0,0.0,0.0,0.0,0.0,0.0,0.03,0,0,0,0,0,0,0,0,0,0,0,0,0,0,0,0,0,0,0,0,0
12.148351430892944,9.0,0.0,0.0,0.0,0.0,0.0,0.0,0.0,0.0,0.03,0,0,0,0,0,0,0,0,0,0,0,0,0,0,0,0,0,0,0,0,0
12.149454116821289,9.0,0.0,0.0,0.0,0.0,0.0,0.0,0.0,0.0,0.03,0,0,0,0,0,0,0,0,0,0,0,0,0,0,0,0,0,0,0,0,0
12.150622129440308,9.0,0.0,0.0,0.0,0.0,0.0,0.0,0.0,0.0,0.03,0,0,0,0,0,0,0,0,0,0,0,0,0,0,0,0,0,0,0,0,0
12.151869773864746,9.0,0.0,0.0,0.0,0.0,0.0,0.0,0.0,0.0,0.03,0,0,0,0,0,0,0,0,0,0,0,0,0,0,0,0,0,0,0,0,0
12.153239488601685,9.0,0.0,0.0,0.0,0.0,0.0,0.0,0.0,0.0,0.03,0,0,0,0,0,0,0,0,0,0,0,0,0,0,0,0,0,0,0,0,0
12.15492844581604,9.0,0.0,0.0,0.0,0.0,0.0,0.0,0.0,0.0,0.03,0,0,0,0,0,0,0,0,0,0,0,0,0,0,0,0,0,0,0,0,0
12.156357288360596,9.0,0.0,0.0,0.0,0.0,0.0,0.0,0.0,0.0,0.03,0,0,0,0,0,0,0,0,0,0,0,0,0,0,0,0,0,0,0,0,0
12.15753722190857,9.0,0.0,0.0,0.0,0.0,0.0,0.0,0.0,0.0,0.03,0,0,0,0,0,0,0,0,0,0,0,0,0,0,0,0,0,0,0,0,0
12.158650398254395,9.0,0.0,0.0,0.0,0.0,0.0,0.0,0.0,0.0,0.03,0,0,0,0,0,0,0,0,0,0,0,0,0,0,0,0,0,0,0,0,0
12.159823894500732,9.0,0.0,0.0,0.0,0.0,0.0,0.0,0.0,0.0,0.03,0,0,0,0,0,0,0,0,0,0,0,0,0,0,0,0,0,0,0,0,0
12.161173820495605,9.0,0.0,0.0,0.0,0.0,0.0,0.0,0.0,0.0,0.03,0,0,0,0,0,0,0,0,0,0,0,0,0,0,0,0,0,0,0,0,0
12.162410020828247,9.0,0.0,0.0,0.0,0.0,0.0,0.0,0.0,0.0,0.03,0,0,0,0,0,0,0,0,0,0,0,0,0,0,0,0,0,0,0,0,0
12.163739442825317,9.0,0.0,0.0,0.0,0.0,0.0,0.0,0.0,0.0,0.03,0,0,0,0,0,0,0,0,0,0,0,0,0,0,0,0,0,0,0,0,0
12.165239810943604,9.0,0.0,0.0,0.0,0.0,0.0,0.0,0.0,0.0,0.03,0,0,0,0,0,0,0,0,0,0,0,0,0,0,0,0,0,0,0,0,0
12.166565895080566,9.0,0.0,0.0,0.0,0.0,0.0,0.0,0.0,0.0,0.03,0,0,0,0,0,0,0,0,0,0,0,0,0,0,0,0,0,0,0,0,0
12.167724132537842,9.0,0.0,0.0,0.0,0.0,0.0,0.0,0.0,0.0,0.03,0,0,0,0,0,0,0,0,0,0,0,0,0,0,0,0,0,0,0,0,0
12.168888330459595,9.0,0.0,0.0,0.0,0.0,0.0,0.0,0.0,0.0,0.03,0,0,0,0,0,0,0,0,0,0,0,0,0,0,0,0,0,0,0,0,0
12.169949054718018,9.0,0.0,0.0,0.0,0.0,0.0,0.0,0.0,0.0,0.03,0,0,0,0,0,0,0,0,0,0,0,0,0,0,0,0,0,0,0,0,0
12.171122789382935,9.0,0.0,0.0,0.0,0.0,0.0,0.0,0.0,0.0,0.03,0,0,0,0,0,0,0,0,0,0,0,0,0,0,0,0,0,0,0,0,0
12.172219038009644,9.0,0.0,0.0,0.0,0.0,0.0,0.0,0.0,0.0,0.03,0,0,0,0,0,0,0,0,0,0,0,0,0,0,0,0,0,0,0,0,0
12.173835277557373,9.0,0.0,0.0,0.0,0.0,0.0,0.0,0.0,0.0,0.03,0,0,0,0,0,0,0,0,0,0,0,0,0,0,0,0,0,0,0,0,0
12.175293207168579,9.0,0.0,0.0,0.0,0.0,0.0,0.0,0.0,0.0,0.03,0,0,0,0,0,0,0,0,0,0,0,0,0,0,0,0,0,0,0,0,0
12.17745041847229,9.0,0.0,0.0,0.0,0.0,0.0,0.0,0.0,0.0,0.03,0,0,0,0,0,0,0,0,0,0,0,0,0,0,0,0,0,0,0,0,0
12.178772211074829,9.0,0.0,0.0,0.0,0.0,0.0,0.0,0.0,0.0,0.03,0,0,0,0,0,0,0,0,0,0,0,0,0,0,0,0,0,0,0,0,0
12.180205345153809,9.0,0.0,0.0,0.0,0.0,0.0,0.0,0.0,0.0,0.03,0,0,0,0,0,0,0,0,0,0,0,0,0,0,0,0,0,0,0,0,0
12.182356834411621,9.0,0.0,0.0,0.0,0.0,0.0,0.0,0.0,0.0,0.03,0,0,0,0,0,0,0,0,0,0,0,0,0,0,0,0,0,0,0,0,0
12.183560132980347,9.0,0.0,0.0,0.0,0.0,0.0,0.0,0.0,0.0,0.03,0,0,0,0,0,0,0,0,0,0,0,0,0,0,0,0,0,0,0,0,0
12.185044288635254,9.0,0.0,0.0,0.0,0.0,0.0,0.0,0.0,0.0,0.03,0,0,0,0,0,0,0,0,0,0,0,0,0,0,0,0,0,0,0,0,0
12.186240434646606,9.0,0.0,0.0,0.0,0.0,0.0,0.0,0.0,0.0,0.03,0,0,0,0,0,0,0,0,0,0,0,0,0,0,0,0,0,0,0,0,0
12.189614295959473,9.0,0.0,0.0,0.0,0.0,0.0,0.0,0.0,0.0,0.03,0,0,0,0,0,0,0,0,0,0,0,0,0,0,0,0,0,0,0,0,0
12.191161394119263,9.0,0.0,0.0,0.0,0.0,0.0,0.0,0.0,0.0,0.03,0,0,0,0,0,0,0,0,0,0,0,0,0,0,0,0,0,0,0,0,0
12.192512035369873,9.0,0.0,0.0,0.0,0.0,0.0,0.0,0.0,0.0,0.03,0,0,0,0,0,0,0,0,0,0,0,0,0,0,0,0,0,0,0,0,0
12.194370746612549,9.0,0.0,0.0,0.0,0.0,0.0,0.0,0.0,0.0,0.03,0,0,0,0,0,0,0,0,0,0,0,0,0,0,0,0,0,0,0,0,0
12.196367263793945,9.0,0.0,0.0,0.0,0.0,0.0,0.0,0.0,0.0,0.03,0,0,0,0,0,0,0,0,0,0,0,0,0,0,0,0,0,0,0,0,0
12.198177337646484,9.0,0.0,0.0,0.0,0.0,0.0,0.0,0.0,0.0,0.03,0,0,0,0,0,0,0,0,0,0,0,0,0,0,0,0,0,0,0,0,0
12.199655532836914,9.0,0.0,0.0,0.0,0.0,0.0,0.0,0.0,0.0,0.03,0,0,0,0,0,0,0,0,0,0,0,0,0,0,0,0,0,0,0,0,0
12.20091700553894,9.0,0.0,0.0,0.0,0.0,0.0,0.0,0.0,0.0,0.03,0,0,0,0,0,0,0,0,0,0,0,0,0,0,0,0,0,0,0,0,0
12.202243328094482,9.0,0.0,0.0,0.0,0.0,0.0,0.0,0.0,0.0,0.03,0,0,0,0,0,0,0,0,0,0,0,0,0,0,0,0,0,0,0,0,0
12.203373670578003,9.0,0.0,0.0,0.0,0.0,0.0,0.0,0.0,0.0,0.03,0,0,0,0,0,0,0,0,0,0,0,0,0,0,0,0,0,0,0,0,0
12.20470118522644,9.0,0.0,0.0,0.0,0.0,0.0,0.0,0.0,0.0,0.03,0,0,0,0,0,0,0,0,0,0,0,0,0,0,0,0,0,0,0,0,0
12.205787420272827,9.0,0.0,0.0,0.0,0.0,0.0,0.0,0.0,0.0,0.03,0,0,0,0,0,0,0,0,0,0,0,0,0,0,0,0,0,0,0,0,0
12.207366228103638,9.0,0.0,0.0,0.0,0.0,0.0,0.0,0.0,0.0,0.03,0,0,0,0,0,0,0,0,0,0,0,0,0,0,0,0,0,0,0,0,0
12.208611011505127,9.0,0.0,0.0,0.0,0.0,0.0,0.0,0.0,0.0,0.03,0,0,0,0,0,0,0,0,0,0,0,0,0,0,0,0,0,0,0,0,0
12.209680557250977,9.0,0.0,0.0,0.0,0.0,0.0,0.0,0.0,0.0,0.03,0,0,0,0,0,0,0,0,0,0,0,0,0,0,0,0,0,0,0,0,0
12.210741758346558,9.0,0.0,0.0,0.0,0.0,0.0,0.0,0.0,0.0,0.03,0,0,0,0,0,0,0,0,0,0,0,0,0,0,0,0,0,0,0,0,0
12.211801767349243,9.0,0.0,0.0,0.0,0.0,0.0,0.0,0.0,0.0,0.03,0,0,0,0,0,0,0,0,0,0,0,0,0,0,0,0,0,0,0,0,0
12.212896823883057,9.0,0.0,0.0,0.0,0.0,0.0,0.0,0.0,0.0,0.03,0,0,0,0,0,0,0,0,0,0,0,0,0,0,0,0,0,0,0,0,0
12.21419906616211,9.0,0.0,0.0,0.0,0.0,0.0,0.0,0.0,0.0,0.03,0,0,0,0,0,0,0,0,0,0,0,0,0,0,0,0,0,0,0,0,0
12.215285301208496,9.0,0.0,0.0,0.0,0.0,0.0,0.0,0.0,0.0,0.03,0,0,0,0,0,0,0,0,0,0,0,0,0,0,0,0,0,0,0,0,0
12.216378450393677,9.0,0.0,0.0,0.0,0.0,0.0,0.0,0.0,0.0,0.03,0,0,0,0,0,0,0,0,0,0,0,0,0,0,0,0,0,0,0,0,0
12.217729330062866,9.0,0.0,0.0,0.0,0.0,0.0,0.0,0.0,0.0,0.03,0,0,0,0,0,0,0,0,0,0,0,0,0,0,0,0,0,0,0,0,0
12.219309329986572,9.0,0.0,0.0,0.0,0.0,0.0,0.0,0.0,0.0,0.03,0,0,0,0,0,0,0,0,0,0,0,0,0,0,0,0,0,0,0,0,0
12.220863103866577,9.0,0.0,0.0,0.0,0.0,0.0,0.0,0.0,0.0,0.03,0,0,0,0,0,0,0,0,0,0,0,0,0,0,0,0,0,0,0,0,0
12.222463846206665,9.0,0.0,0.0,0.0,0.0,0.0,0.0,0.0,0.0,0.03,0,0,0,0,0,0,0,0,0,0,0,0,0,0,0,0,0,0,0,0,0
12.223573207855225,9.0,0.0,0.0,0.0,0.0,0.0,0.0,0.0,0.0,0.03,0,0,0,0,0,0,0,0,0,0,0,0,0,0,0,0,0,0,0,0,0
12.226346015930176,9.0,0.0,0.0,0.0,0.0,0.0,0.0,0.0,0.0,0.03,0,0,0,0,0,0,0,0,0,0,0,0,0,0,0,0,0,0,0,0,0
12.227584600448608,9.0,0.0,0.0,0.0,0.0,0.0,0.0,0.0,0.0,0.03,0,0,0,0,0,0,0,0,0,0,0,0,0,0,0,0,0,0,0,0,0
12.228843450546265,9.0,0.0,0.0,0.0,0.0,0.0,0.0,0.0,0.0,0.03,0,0,0,0,0,0,0,0,0,0,0,0,0,0,0,0,0,0,0,0,0
12.230530738830566,9.0,0.0,0.0,0.0,0.0,0.0,0.0,0.0,0.0,0.03,0,0,0,0,0,0,0,0,0,0,0,0,0,0,0,0,0,0,0,0,0
12.231637001037598,9.0,0.0,0.0,0.0,0.0,0.0,0.0,0.0,0.0,0.03,0,0,0,0,0,0,0,0,0,0,0,0,0,0,0,0,0,0,0,0,0
12.232720613479614,9.0,0.0,0.0,0.0,0.0,0.0,0.0,0.0,0.0,0.03,0,0,0,0,0,0,0,0,0,0,0,0,0,0,0,0,0,0,0,0,0
12.233842134475708,9.0,0.0,0.0,0.0,0.0,0.0,0.0,0.0,0.0,0.03,0,0,0,0,0,0,0,0,0,0,0,0,0,0,0,0,0,0,0,0,0
12.234971523284912,9.0,0.0,0.0,0.0,0.0,0.0,0.0,0.0,0.0,0.03,0,0,0,0,0,0,0,0,0,0,0,0,0,0,0,0,0,0,0,0,0
12.236105680465698,9.0,0.0,0.0,0.0,0.0,0.0,0.0,0.0,0.0,0.03,0,0,0,0,0,0,0,0,0,0,0,0,0,0,0,0,0,0,0,0,0
12.237604856491089,9.0,0.0,0.0,0.0,0.0,0.0,0.0,0.0,0.0,0.03,0,0,0,0,0,0,0,0,0,0,0,0,0,0,0,0,0,0,0,0,0
12.239906549453735,9.0,0.0,0.0,0.0,0.0,0.0,0.0,0.0,0.0,0.03,0,0,0,0,0,0,0,0,0,0,0,0,0,0,0,0,0,0,0,0,0
12.241439819335938,9.0,0.0,0.0,0.0,0.0,0.0,0.0,0.0,0.0,0.03,0,0,0,0,0,0,0,0,0,0,0,0,0,0,0,0,0,0,0,0,0
12.242759466171265,9.0,0.0,0.0,0.0,0.0,0.0,0.0,0.0,0.0,0.03,0,0,0,0,0,0,0,0,0,0,0,0,0,0,0,0,0,0,0,0,0
12.24400281906128,9.0,0.0,0.0,0.0,0.0,0.0,0.0,0.0,0.0,0.03,0,0,0,0,0,0,0,0,0,0,0,0,0,0,0,0,0,0,0,0,0
12.245553970336914,9.0,0.0,0.0,0.0,0.0,0.0,0.0,0.0,0.0,0.03,0,0,0,0,0,0,0,0,0,0,0,0,0,0,0,0,0,0,0,0,0
12.247089624404907,9.0,0.0,0.0,0.0,0.0,0.0,0.0,0.0,0.0,0.03,0,0,0,0,0,0,0,0,0,0,0,0,0,0,0,0,0,0,0,0,0
12.248182773590088,9.0,0.0,0.0,0.0,0.0,0.0,0.0,0.0,0.0,0.03,0,0,0,0,0,0,0,0,0,0,0,0,0,0,0,0,0,0,0,0,0
12.24983811378479,9.0,0.0,0.0,0.0,0.0,0.0,0.0,0.0,0.0,0.03,0,0,0,0,0,0,0,0,0,0,0,0,0,0,0,0,0,0,0,0,0
12.251200199127197,9.0,0.0,0.0,0.0,0.0,0.0,0.0,0.0,0.0,0.03,0,0,0,0,0,0,0,0,0,0,0,0,0,0,0,0,0,0,0,0,0
12.25473165512085,9.0,0.0,0.0,0.0,0.0,0.0,0.0,0.0,0.0,0.03,0,0,0,0,0,0,0,0,0,0,0,0,0,0,0,0,0,0,0,0,0
12.25605034828186,9.0,0.0,0.0,0.0,0.0,0.0,0.0,0.0,0.0,0.03,0,0,0,0,0,0,0,0,0,0,0,0,0,0,0,0,0,0,0,0,0
12.257682800292969,9.0,0.0,0.0,0.0,0.0,0.0,0.0,0.0,0.0,0.03,0,0,0,0,0,0,0,0,0,0,0,0,0,0,0,0,0,0,0,0,0
12.259021759033203,9.0,0.0,0.0,0.0,0.0,0.0,0.0,0.0,0.0,0.03,0,0,0,0,0,0,0,0,0,0,0,0,0,0,0,0,0,0,0,0,0
12.260378360748291,9.0,0.0,0.0,0.0,0.0,0.0,0.0,0.0,0.0,0.03,0,0,0,0,0,0,0,0,0,0,0,0,0,0,0,0,0,0,0,0,0
12.263206720352173,9.0,0.0,0.0,0.0,0.0,0.0,0.0,0.0,0.0,0.03,0,0,0,0,0,0,0,0,0,0,0,0,0,0,0,0,0,0,0,0,0
12.26483154296875,9.0,0.0,0.0,0.0,0.0,0.0,0.0,0.0,0.0,0.03,0,0,0,0,0,0,0,0,0,0,0,0,0,0,0,0,0,0,0,0,0
12.266199350357056,9.0,0.0,0.0,0.0,0.0,0.0,0.0,0.0,0.0,0.03,0,0,0,0,0,0,0,0,0,0,0,0,0,0,0,0,0,0,0,0,0
12.267351627349854,9.0,0.0,0.0,0.0,0.0,0.0,0.0,0.0,0.0,0.03,0,0,0,0,0,0,0,0,0,0,0,0,0,0,0,0,0,0,0,0,0
12.269389152526855,9.0,0.0,0.0,0.0,0.0,0.0,0.0,0.0,0.0,0.03,0,0,0,0,0,0,0,0,0,0,0,0,0,0,0,0,0,0,0,0,0
12.270503997802734,9.0,0.0,0.0,0.0,0.0,0.0,0.0,0.0,0.0,0.03,0,0,0,0,0,0,0,0,0,0,0,0,0,0,0,0,0,0,0,0,0
12.271952152252197,9.0,0.0,0.0,0.0,0.0,0.0,0.0,0.0,0.0,0.03,0,0,0,0,0,0,0,0,0,0,0,0,0,0,0,0,0,0,0,0,0
12.273222208023071,9.0,0.0,0.0,0.0,0.0,0.0,0.0,0.0,0.0,0.03,0,0,0,0,0,0,0,0,0,0,0,0,0,0,0,0,0,0,0,0,0
12.274313926696777,9.0,0.0,0.0,0.0,0.0,0.0,0.0,0.0,0.0,0.03,0,0,0,0,0,0,0,0,0,0,0,0,0,0,0,0,0,0,0,0,0
12.275393962860107,9.0,0.0,0.0,0.0,0.0,0.0,0.0,0.0,0.0,0.03,0,0,0,0,0,0,0,0,0,0,0,0,0,0,0,0,0,0,0,0,0
12.27661395072937,9.0,0.0,0.0,0.0,0.0,0.0,0.0,0.0,0.0,0.03,0,0,0,0,0,0,0,0,0,0,0,0,0,0,0,0,0,0,0,0,0
12.27779245376587,9.0,0.0,0.0,0.0,0.0,0.0,0.0,0.0,0.0,0.03,0,0,0,0,0,0,0,0,0,0,0,0,0,0,0,0,0,0,0,0,0
12.278903007507324,9.0,0.0,0.0,0.0,0.0,0.0,0.0,0.0,0.0,0.03,0,0,0,0,0,0,0,0,0,0,0,0,0,0,0,0,0,0,0,0,0
12.279984951019287,9.0,0.0,0.0,0.0,0.0,0.0,0.0,0.0,0.0,0.03,0,0,0,0,0,0,0,0,0,0,0,0,0,0,0,0,0,0,0,0,0
12.28109359741211,9.0,0.0,0.0,0.0,0.0,0.0,0.0,0.0,0.0,0.03,0,0,0,0,0,0,0,0,0,0,0,0,0,0,0,0,0,0,0,0,0
12.282450437545776,9.0,0.0,0.0,0.0,0.0,0.0,0.0,0.0,0.0,0.03,0,0,0,0,0,0,0,0,0,0,0,0,0,0,0,0,0,0,0,0,0
12.283711671829224,9.0,0.0,0.0,0.0,0.0,0.0,0.0,0.0,0.0,0.03,0,0,0,0,0,0,0,0,0,0,0,0,0,0,0,0,0,0,0,0,0
12.285392999649048,9.0,0.0,0.0,0.0,0.0,0.0,0.0,0.0,0.0,0.03,0,0,0,0,0,0,0,0,0,0,0,0,0,0,0,0,0,0,0,0,0
12.287118911743164,9.0,0.0,0.0,0.0,0.0,0.0,0.0,0.0,0.0,0.03,0,0,0,0,0,0,0,0,0,0,0,0,0,0,0,0,0,0,0,0,0
12.288222789764404,9.0,0.0,0.0,0.0,0.0,0.0,0.0,0.0,0.0,0.03,0,0,0,0,0,0,0,0,0,0,0,0,0,0,0,0,0,0,0,0,0
12.289722204208374,9.0,0.0,0.0,0.0,0.0,0.0,0.0,0.0,0.0,0.03,0,0,0,0,0,0,0,0,0,0,0,0,0,0,0,0,0,0,0,0,0
12.291029691696167,9.0,0.0,0.0,0.0,0.0,0.0,0.0,0.0,0.0,0.03,0,0,0,0,0,0,0,0,0,0,0,0,0,0,0,0,0,0,0,0,0
12.292281150817871,9.0,0.0,0.0,0.0,0.0,0.0,0.0,0.0,0.0,0.03,0,0,0,0,0,0,0,0,0,0,0,0,0,0,0,0,0,0,0,0,0
12.29338812828064,9.0,0.0,0.0,0.0,0.0,0.0,0.0,0.0,0.0,0.03,0,0,0,0,0,0,0,0,0,0,0,0,0,0,0,0,0,0,0,0,0
12.294998407363892,9.0,0.0,0.0,0.0,0.0,0.0,0.0,0.0,0.0,0.03,0,0,0,0,0,0,0,0,0,0,0,0,0,0,0,0,0,0,0,0,0
12.296375513076782,9.0,0.0,0.0,0.0,0.0,0.0,0.0,0.0,0.0,0.03,0,0,0,0,0,0,0,0,0,0,0,0,0,0,0,0,0,0,0,0,0
12.297455310821533,9.0,0.0,0.0,0.0,0.0,0.0,0.0,0.0,0.0,0.03,0,0,0,0,0,0,0,0,0,0,0,0,0,0,0,0,0,0,0,0,0
12.298691034317017,9.0,0.0,0.0,0.0,0.0,0.0,0.0,0.0,0.0,0.03,0,0,0,0,0,0,0,0,0,0,0,0,0,0,0,0,0,0,0,0,0
12.299856662750244,9.0,0.0,0.0,0.0,0.0,0.0,0.0,0.0,0.0,0.03,0,0,0,0,0,0,0,0,0,0,0,0,0,0,0,0,0,0,0,0,0
12.301068544387817,9.0,0.0,0.0,0.0,0.0,0.0,0.0,0.0,0.0,0.03,0,0,0,0,0,0,0,0,0,0,0,0,0,0,0,0,0,0,0,0,0
12.302220106124878,9.0,0.0,0.0,0.0,0.0,0.0,0.0,0.0,0.0,0.03,0,0,0,0,0,0,0,0,0,0,0,0,0,0,0,0,0,0,0,0,0
12.304463386535645,9.0,0.0,0.0,0.0,0.0,0.0,0.0,0.0,0.0,0.03,0,0,0,0,0,0,0,0,0,0,0,0,0,0,0,0,0,0,0,0,0
12.305873394012451,9.0,0.0,0.0,0.0,0.0,0.0,0.0,0.0,0.0,0.03,0,0,0,0,0,0,0,0,0,0,0,0,0,0,0,0,0,0,0,0,0
12.307276725769043,9.0,0.0,0.0,0.0,0.0,0.0,0.0,0.0,0.0,0.03,0,0,0,0,0,0,0,0,0,0,0,0,0,0,0,0,0,0,0,0,0
12.308713912963867,9.0,0.0,0.0,0.0,0.0,0.0,0.0,0.0,0.0,0.03,0,0,0,0,0,0,0,0,0,0,0,0,0,0,0,0,0,0,0,0,0
12.309950113296509,9.0,0.0,0.0,0.0,0.0,0.0,0.0,0.0,0.0,0.03,0,0,0,0,0,0,0,0,0,0,0,0,0,0,0,0,0,0,0,0,0
12.311537027359009,9.0,0.0,0.0,0.0,0.0,0.0,0.0,0.0,0.0,0.03,0,0,0,0,0,0,0,0,0,0,0,0,0,0,0,0,0,0,0,0,0
12.31276798248291,9.0,0.0,0.0,0.0,0.0,0.0,0.0,0.0,0.0,0.03,0,0,0,0,0,0,0,0,0,0,0,0,0,0,0,0,0,0,0,0,0
12.313930988311768,9.0,0.0,0.0,0.0,0.0,0.0,0.0,0.0,0.0,0.03,0,0,0,0,0,0,0,0,0,0,0,0,0,0,0,0,0,0,0,0,0
12.315159320831299,9.0,0.0,0.0,0.0,0.0,0.0,0.0,0.0,0.0,0.03,0,0,0,0,0,0,0,0,0,0,0,0,0,0,0,0,0,0,0,0,0
12.316523551940918,9.0,0.0,0.0,0.0,0.0,0.0,0.0,0.0,0.0,0.03,0,0,0,0,0,0,0,0,0,0,0,0,0,0,0,0,0,0,0,0,0
12.319058656692505,9.0,0.0,0.0,0.0,0.0,0.0,0.0,0.0,0.0,0.03,0,0,0,0,0,0,0,0,0,0,0,0,0,0,0,0,0,0,0,0,0
12.323002815246582,9.0,0.0,0.0,0.0,0.0,0.0,0.0,0.0,0.0,0.03,0,0,0,0,0,0,0,0,0,0,0,0,0,0,0,0,0,0,0,0,0
12.324854373931885,9.0,0.0,0.0,0.0,0.0,0.0,0.0,0.0,0.0,0.03,0,0,0,0,0,0,0,0,0,0,0,0,0,0,0,0,0,0,0,0,0
12.326368808746338,9.0,0.0,0.0,0.0,0.0,0.0,0.0,0.0,0.0,0.03,0,0,0,0,0,0,0,0,0,0,0,0,0,0,0,0,0,0,0,0,0
12.32748007774353,9.0,0.0,0.0,0.0,0.0,0.0,0.0,0.0,0.0,0.03,0,0,0,0,0,0,0,0,0,0,0,0,0,0,0,0,0,0,0,0,0
12.328996181488037,9.0,0.0,0.0,0.0,0.0,0.0,0.0,0.0,0.0,0.03,0,0,0,0,0,0,0,0,0,0,0,0,0,0,0,0,0,0,0,0,0
12.330368280410767,9.0,0.0,0.0,0.0,0.0,0.0,0.0,0.0,0.0,0.03,0,0,0,0,0,0,0,0,0,0,0,0,0,0,0,0,0,0,0,0,0
12.333277702331543,9.0,0.0,0.0,0.0,0.0,0.0,0.0,0.0,0.0,0.03,0,0,0,0,0,0,0,0,0,0,0,0,0,0,0,0,0,0,0,0,0
12.3343985080719,9.0,0.0,0.0,0.0,0.0,0.0,0.0,0.0,0.0,0.03,0,0,0,0,0,0,0,0,0,0,0,0,0,0,0,0,0,0,0,0,0
12.335502624511719,9.0,0.0,0.0,0.0,0.0,0.0,0.0,0.0,0.0,0.03,0,0,0,0,0,0,0,0,0,0,0,0,0,0,0,0,0,0,0,0,0
12.337469100952148,9.0,0.0,0.0,0.0,0.0,0.0,0.0,0.0,0.0,0.03,0,0,0,0,0,0,0,0,0,0,0,0,0,0,0,0,0,0,0,0,0
12.338644742965698,9.0,0.0,0.0,0.0,0.0,0.0,0.0,0.0,0.0,0.03,0,0,0,0,0,0,0,0,0,0,0,0,0,0,0,0,0,0,0,0,0
12.339788913726807,9.0,0.0,0.0,0.0,0.0,0.0,0.0,0.0,0.0,0.03,0,0,0,0,0,0,0,0,0,0,0,0,0,0,0,0,0,0,0,0,0
12.340874195098877,9.0,0.0,0.0,0.0,0.0,0.0,0.0,0.0,0.0,0.03,0,0,0,0,0,0,0,0,0,0,0,0,0,0,0,0,0,0,0,0,0
12.341937065124512,9.0,0.0,0.0,0.0,0.0,0.0,0.0,0.0,0.0,0.03,0,0,0,0,0,0,0,0,0,0,0,0,0,0,0,0,0,0,0,0,0
12.343164920806885,9.0,0.0,0.0,0.0,0.0,0.0,0.0,0.0,0.0,0.03,0,0,0,0,0,0,0,0,0,0,0,0,0,0,0,0,0,0,0,0,0
12.344290733337402,9.0,0.0,0.0,0.0,0.0,0.0,0.0,0.0,0.0,0.03,0,0,0,0,0,0,0,0,0,0,0,0,0,0,0,0,0,0,0,0,0
12.345381498336792,9.0,0.0,0.0,0.0,0.0,0.0,0.0,0.0,0.0,0.03,0,0,0,0,0,0,0,0,0,0,0,0,0,0,0,0,0,0,0,0,0
12.3469078540802,9.0,0.0,0.0,0.0,0.0,0.0,0.0,0.0,0.0,0.03,0,0,0,0,0,0,0,0,0,0,0,0,0,0,0,0,0,0,0,0,0
12.349356412887573,9.0,0.0,0.0,0.0,0.0,0.0,0.0,0.0,0.0,0.03,0,0,0,0,0,0,0,0,0,0,0,0,0,0,0,0,0,0,0,0,0
12.350913286209106,9.0,0.0,0.0,0.0,0.0,0.0,0.0,0.0,0.0,0.03,0,0,0,0,0,0,0,0,0,0,0,0,0,0,0,0,0,0,0,0,0
12.352295875549316,9.0,0.0,0.0,0.0,0.0,0.0,0.0,0.0,0.0,0.03,0,0,0,0,0,0,0,0,0,0,0,0,0,0,0,0,0,0,0,0,0
12.353501558303833,9.0,0.0,0.0,0.0,0.0,0.0,0.0,0.0,0.0,0.03,0,0,0,0,0,0,0,0,0,0,0,0,0,0,0,0,0,0,0,0,0
12.354609489440918,9.0,0.0,0.0,0.0,0.0,0.0,0.0,0.0,0.0,0.03,0,0,0,0,0,0,0,0,0,0,0,0,0,0,0,0,0,0,0,0,0
12.356086254119873,9.0,0.0,0.0,0.0,0.0,0.0,0.0,0.0,0.0,0.03,0,0,0,0,0,0,0,0,0,0,0,0,0,0,0,0,0,0,0,0,0
12.357619047164917,9.0,0.0,0.0,0.0,0.0,0.0,0.0,0.0,0.0,0.03,0,0,0,0,0,0,0,0,0,0,0,0,0,0,0,0,0,0,0,0,0
12.35870909690857,9.0,0.0,0.0,0.0,0.0,0.0,0.0,0.0,0.0,0.03,0,0,0,0,0,0,0,0,0,0,0,0,0,0,0,0,0,0,0,0,0
12.359850406646729,9.0,0.0,0.0,0.0,0.0,0.0,0.0,0.0,0.0,0.03,0,0,0,0,0,0,0,0,0,0,0,0,0,0,0,0,0,0,0,0,0
12.361096620559692,9.0,0.0,0.0,0.0,0.0,0.0,0.0,0.0,0.0,0.03,0,0,0,0,0,0,0,0,0,0,0,0,0,0,0,0,0,0,0,0,0
12.362187147140503,9.0,0.0,0.0,0.0,0.0,0.0,0.0,0.0,0.0,0.03,0,0,0,0,0,0,0,0,0,0,0,0,0,0,0,0,0,0,0,0,0
12.363271713256836,9.0,0.0,0.0,0.0,0.0,0.0,0.0,0.0,0.0,0.03,0,0,0,0,0,0,0,0,0,0,0,0,0,0,0,0,0,0,0,0,0
12.364357948303223,9.0,0.0,0.0,0.0,0.0,0.0,0.0,0.0,0.0,0.03,0,0,0,0,0,0,0,0,0,0,0,0,0,0,0,0,0,0,0,0,0
12.365498542785645,9.0,0.0,0.0,0.0,0.0,0.0,0.0,0.0,0.0,0.03,0,0,0,0,0,0,0,0,0,0,0,0,0,0,0,0,0,0,0,0,0
12.366583824157715,9.0,0.0,0.0,0.0,0.0,0.0,0.0,0.0,0.0,0.03,0,0,0,0,0,0,0,0,0,0,0,0,0,0,0,0,0,0,0,0,0
12.367772102355957,9.0,0.0,0.0,0.0,0.0,0.0,0.0,0.0,0.0,0.03,0,0,0,0,0,0,0,0,0,0,0,0,0,0,0,0,0,0,0,0,0
12.369723320007324,9.0,0.0,0.0,0.0,0.0,0.0,0.0,0.0,0.0,0.03,0,0,0,0,0,0,0,0,0,0,0,0,0,0,0,0,0,0,0,0,0
12.371737003326416,9.0,0.0,0.0,0.0,0.0,0.0,0.0,0.0,0.0,0.03,0,0,0,0,0,0,0,0,0,0,0,0,0,0,0,0,0,0,0,0,0
12.372849225997925,9.0,0.0,0.0,0.0,0.0,0.0,0.0,0.0,0.0,0.03,0,0,0,0,0,0,0,0,0,0,0,0,0,0,0,0,0,0,0,0,0
12.374002933502197,9.0,0.0,0.0,0.0,0.0,0.0,0.0,0.0,0.0,0.03,0,0,0,0,0,0,0,0,0,0,0,0,0,0,0,0,0,0,0,0,0
12.375242710113525,9.0,0.0,0.0,0.0,0.0,0.0,0.0,0.0,0.0,0.03,0,0,0,0,0,0,0,0,0,0,0,0,0,0,0,0,0,0,0,0,0
12.377001285552979,9.0,0.0,0.0,0.0,0.0,0.0,0.0,0.0,0.0,0.03,0,0,0,0,0,0,0,0,0,0,0,0,0,0,0,0,0,0,0,0,0
12.378211259841919,9.0,0.0,0.0,0.0,0.0,0.0,0.0,0.0,0.0,0.03,0,0,0,0,0,0,0,0,0,0,0,0,0,0,0,0,0,0,0,0,0
12.380423545837402,9.0,0.0,0.0,0.0,0.0,0.0,0.0,0.0,0.0,0.03,0,0,0,0,0,0,0,0,0,0,0,0,0,0,0,0,0,0,0,0,0
12.381920099258423,9.0,0.0,0.0,0.0,0.0,0.0,0.0,0.0,0.0,0.03,0,0,0,0,0,0,0,0,0,0,0,0,0,0,0,0,0,0,0,0,0
