scenario,real_time_plot,lateral_angle_range,drag_speed,wiggle_time,servo_speed,extraction_height,wiggle frequency,insertion_angle,wiggle_amplitude
turtle,True,0.1,0.15,0.12,0.18,0.02,0.7853981633974483
time,turtle_state,leftadduction_pos,leftsweeping_pos,rightadduction_pos,rightsweeping_pos,leftadduction_curr,leftsweeping_curr,rightadduction_curr,rightsweeping_curr,insertiondepth,OptitrackPosition_x,OptitrackPosition_y,OptitrackPosition_z,OptitrackOrientation_x,OptitrackOrientation_y,OptitrackOrientation_z,OptitrackOrientation_w,LeftFlipperPosition_x,LeftFlipperPosition_y,LeftFlipperPosition_z,LeftFlipperOrientation_x,LeftFlipperOrientation_y,LeftFlipperOrientation_z,LeftFlipperOrientation_w,RightFlipperPosition_x,RightFlipperPosition_y,RightFlipperPosition_z,RightFlipperOrientation_x,RightFlipperOrientation_y,RightFlipperOrientation_z,RightFlipperOrientation_w
0.0002460479736328125,0,0.0,0.0,0.0,0.0,0.0,0.0,0.0,0.0,0.03,0,0,0,0,0,0,0,0,0,0,0,0,0,0,0,0,0,0,0,0,0
0.011739253997802734,0,0.0,0.0,0.0,0.0,0.0,0.0,0.0,0.0,0.03,0,0,0,0,0,0,0,0,0,0,0,0,0,0,0,0,0,0,0,0,0
0.013012409210205078,0,0.0,0.0,0.0,0.0,0.0,0.0,0.0,0.0,0.03,0,0,0,0,0,0,0,0,0,0,0,0,0,0,0,0,0,0,0,0,0
0.014179706573486328,0,0.0,0.0,0.0,0.0,0.0,0.0,0.0,0.0,0.03,0,0,0,0,0,0,0,0,0,0,0,0,0,0,0,0,0,0,0,0,0
0.016118288040161133,0,0.0,0.0,0.0,0.0,0.0,0.0,0.0,0.0,0.03,0,0,0,0,0,0,0,0,0,0,0,0,0,0,0,0,0,0,0,0,0
0.019281625747680664,0,0.0,0.0,0.0,0.0,0.0,0.0,0.0,0.0,0.03,0,0,0,0,0,0,0,0,0,0,0,0,0,0,0,0,0,0,0,0,0
0.021572589874267578,0,0.0,0.0,0.0,0.0,0.0,0.0,0.0,0.0,0.03,0,0,0,0,0,0,0,0,0,0,0,0,0,0,0,0,0,0,0,0,0
0.02272486686706543,0,0.0,0.0,0.0,0.0,0.0,0.0,0.0,0.0,0.03,0,0,0,0,0,0,0,0,0,0,0,0,0,0,0,0,0,0,0,0,0
0.024200916290283203,0,0.0,0.0,0.0,0.0,0.0,0.0,0.0,0.0,0.03,0,0,0,0,0,0,0,0,0,0,0,0,0,0,0,0,0,0,0,0,0
0.025669574737548828,0,0.0,0.0,0.0,0.0,0.0,0.0,0.0,0.0,0.03,0,0,0,0,0,0,0,0,0,0,0,0,0,0,0,0,0,0,0,0,0
0.027051448822021484,0,0.0,0.0,0.0,0.0,0.0,0.0,0.0,0.0,0.03,0,0,0,0,0,0,0,0,0,0,0,0,0,0,0,0,0,0,0,0,0
0.028586387634277344,0,0.0,0.0,0.0,0.0,0.0,0.0,0.0,0.0,0.03,0,0,0,0,0,0,0,0,0,0,0,0,0,0,0,0,0,0,0,0,0
0.030931472778320312,0,0.0,0.0,0.0,0.0,0.0,0.0,0.0,0.0,0.03,0,0,0,0,0,0,0,0,0,0,0,0,0,0,0,0,0,0,0,0,0
0.03206443786621094,0,0.0,0.0,0.0,0.0,0.0,0.0,0.0,0.0,0.03,0,0,0,0,0,0,0,0,0,0,0,0,0,0,0,0,0,0,0,0,0
0.03346514701843262,0,0.0,0.0,0.0,0.0,0.0,0.0,0.0,0.0,0.03,0,0,0,0,0,0,0,0,0,0,0,0,0,0,0,0,0,0,0,0,0
0.034650325775146484,0,0.0,0.0,0.0,0.0,0.0,0.0,0.0,0.0,0.03,0,0,0,0,0,0,0,0,0,0,0,0,0,0,0,0,0,0,0,0,0
0.03575944900512695,0,0.0,0.0,0.0,0.0,0.0,0.0,0.0,0.0,0.03,0,0,0,0,0,0,0,0,0,0,0,0,0,0,0,0,0,0,0,0,0
0.03687906265258789,0,0.0,0.0,0.0,0.0,0.0,0.0,0.0,0.0,0.03,0,0,0,0,0,0,0,0,0,0,0,0,0,0,0,0,0,0,0,0,0
0.03796792030334473,0,0.0,0.0,0.0,0.0,0.0,0.0,0.0,0.0,0.03,0,0,0,0,0,0,0,0,0,0,0,0,0,0,0,0,0,0,0,0,0
0.03925585746765137,0,0.0,0.0,0.0,0.0,0.0,0.0,0.0,0.0,0.03,0,0,0,0,0,0,0,0,0,0,0,0,0,0,0,0,0,0,0,0,0
0.04034423828125,0,0.0,0.0,0.0,0.0,0.0,0.0,0.0,0.0,0.03,0,0,0,0,0,0,0,0,0,0,0,0,0,0,0,0,0,0,0,0,0
0.041429758071899414,0,0.0,0.0,0.0,0.0,0.0,0.0,0.0,0.0,0.03,0,0,0,0,0,0,0,0,0,0,0,0,0,0,0,0,0,0,0,0,0
0.04251861572265625,0,0.0,0.0,0.0,0.0,0.0,0.0,0.0,0.0,0.03,0,0,0,0,0,0,0,0,0,0,0,0,0,0,0,0,0,0,0,0,0
0.04365229606628418,0,0.0,0.0,0.0,0.0,0.0,0.0,0.0,0.0,0.03,0,0,0,0,0,0,0,0,0,0,0,0,0,0,0,0,0,0,0,0,0
0.04500412940979004,0,0.0,0.0,0.0,0.0,0.0,0.0,0.0,0.0,0.03,0,0,0,0,0,0,0,0,0,0,0,0,0,0,0,0,0,0,0,0,0
0.04733443260192871,0,0.0,0.0,0.0,0.0,0.0,0.0,0.0,0.0,0.03,0,0,0,0,0,0,0,0,0,0,0,0,0,0,0,0,0,0,0,0,0
0.04877305030822754,0,0.0,0.0,0.0,0.0,0.0,0.0,0.0,0.0,0.03,0,0,0,0,0,0,0,0,0,0,0,0,0,0,0,0,0,0,0,0,0
0.04999709129333496,0,0.0,0.0,0.0,0.0,0.0,0.0,0.0,0.0,0.03,0,0,0,0,0,0,0,0,0,0,0,0,0,0,0,0,0,0,0,0,0
0.05167961120605469,0,0.0,0.0,0.0,0.0,0.0,0.0,0.0,0.0,0.03,0,0,0,0,0,0,0,0,0,0,0,0,0,0,0,0,0,0,0,0,0
0.05296778678894043,0,0.0,0.0,0.0,0.0,0.0,0.0,0.0,0.0,0.03,0,0,0,0,0,0,0,0,0,0,0,0,0,0,0,0,0,0,0,0,0
0.054062843322753906,0,0.0,0.0,0.0,0.0,0.0,0.0,0.0,0.0,0.03,0,0,0,0,0,0,0,0,0,0,0,0,0,0,0,0,0,0,0,0,0
0.05530047416687012,0,0.0,0.0,0.0,0.0,0.0,0.0,0.0,0.0,0.03,0,0,0,0,0,0,0,0,0,0,0,0,0,0,0,0,0,0,0,0,0
0.05668187141418457,0,0.0,0.0,0.0,0.0,0.0,0.0,0.0,0.0,0.03,0,0,0,0,0,0,0,0,0,0,0,0,0,0,0,0,0,0,0,0,0
0.05783963203430176,0,0.0,0.0,0.0,0.0,0.0,0.0,0.0,0.0,0.03,0,0,0,0,0,0,0,0,0,0,0,0,0,0,0,0,0,0,0,0,0
0.05910444259643555,0,0.0,0.0,0.0,0.0,0.0,0.0,0.0,0.0,0.03,0,0,0,0,0,0,0,0,0,0,0,0,0,0,0,0,0,0,0,0,0
0.06019163131713867,0,0.0,0.0,0.0,0.0,0.0,0.0,0.0,0.0,0.03,0,0,0,0,0,0,0,0,0,0,0,0,0,0,0,0,0,0,0,0,0
0.06128358840942383,0,0.0,0.0,0.0,0.0,0.0,0.0,0.0,0.0,0.03,0,0,0,0,0,0,0,0,0,0,0,0,0,0,0,0,0,0,0,0,0
0.0623929500579834,0,0.0,0.0,0.0,0.0,0.0,0.0,0.0,0.0,0.03,0,0,0,0,0,0,0,0,0,0,0,0,0,0,0,0,0,0,0,0,0
0.06379294395446777,0,0.0,0.0,0.0,0.0,0.0,0.0,0.0,0.0,0.03,0,0,0,0,0,0,0,0,0,0,0,0,0,0,0,0,0,0,0,0,0
0.06540226936340332,0,0.0,0.0,0.0,0.0,0.0,0.0,0.0,0.0,0.03,0,0,0,0,0,0,0,0,0,0,0,0,0,0,0,0,0,0,0,0,0
0.06744742393493652,0,0.0,0.0,0.0,0.0,0.0,0.0,0.0,0.0,0.03,0,0,0,0,0,0,0,0,0,0,0,0,0,0,0,0,0,0,0,0,0
0.06874227523803711,0,0.0,0.0,0.0,0.0,0.0,0.0,0.0,0.0,0.03,0,0,0,0,0,0,0,0,0,0,0,0,0,0,0,0,0,0,0,0,0
0.06996822357177734,0,0.0,0.0,0.0,0.0,0.0,0.0,0.0,0.0,0.03,0,0,0,0,0,0,0,0,0,0,0,0,0,0,0,0,0,0,0,0,0
0.07150435447692871,0,0.0,0.0,0.0,0.0,0.0,0.0,0.0,0.0,0.03,0,0,0,0,0,0,0,0,0,0,0,0,0,0,0,0,0,0,0,0,0
0.0726461410522461,0,0.0,0.0,0.0,0.0,0.0,0.0,0.0,0.0,0.03,0,0,0,0,0,0,0,0,0,0,0,0,0,0,0,0,0,0,0,0,0
0.07374238967895508,0,0.0,0.0,0.0,0.0,0.0,0.0,0.0,0.0,0.03,0,0,0,0,0,0,0,0,0,0,0,0,0,0,0,0,0,0,0,0,0
0.07495641708374023,0,0.0,0.0,0.0,0.0,0.0,0.0,0.0,0.0,0.03,0,0,0,0,0,0,0,0,0,0,0,0,0,0,0,0,0,0,0,0,0
0.07609701156616211,0,0.0,0.0,0.0,0.0,0.0,0.0,0.0,0.0,0.03,0,0,0,0,0,0,0,0,0,0,0,0,0,0,0,0,0,0,0,0,0
0.07718443870544434,0,0.0,0.0,0.0,0.0,0.0,0.0,0.0,0.0,0.03,0,0,0,0,0,0,0,0,0,0,0,0,0,0,0,0,0,0,0,0,0
0.07828974723815918,0,0.0,0.0,0.0,0.0,0.0,0.0,0.0,0.0,0.03,0,0,0,0,0,0,0,0,0,0,0,0,0,0,0,0,0,0,0,0,0
0.08267712593078613,0,0.0,0.0,0.0,0.0,0.0,0.0,0.0,0.0,0.03,0,0,0,0,0,0,0,0,0,0,0,0,0,0,0,0,0,0,0,0,0
0.083892822265625,0,0.0,0.0,0.0,0.0,0.0,0.0,0.0,0.0,0.03,0,0,0,0,0,0,0,0,0,0,0,0,0,0,0,0,0,0,0,0,0
0.08594965934753418,0,0.0,0.0,0.0,0.0,0.0,0.0,0.0,0.0,0.03,0,0,0,0,0,0,0,0,0,0,0,0,0,0,0,0,0,0,0,0,0
0.08760595321655273,0,0.0,0.0,0.0,0.0,0.0,0.0,0.0,0.0,0.03,0,0,0,0,0,0,0,0,0,0,0,0,0,0,0,0,0,0,0,0,0
0.08928704261779785,0,0.0,0.0,0.0,0.0,0.0,0.0,0.0,0.0,0.03,0,0,0,0,0,0,0,0,0,0,0,0,0,0,0,0,0,0,0,0,0
0.09068083763122559,0,0.0,0.0,0.0,0.0,0.0,0.0,0.0,0.0,0.03,0,0,0,0,0,0,0,0,0,0,0,0,0,0,0,0,0,0,0,0,0
0.09192800521850586,0,0.0,0.0,0.0,0.0,0.0,0.0,0.0,0.0,0.03,0,0,0,0,0,0,0,0,0,0,0,0,0,0,0,0,0,0,0,0,0
0.09300708770751953,0,0.0,0.0,0.0,0.0,0.0,0.0,0.0,0.0,0.03,0,0,0,0,0,0,0,0,0,0,0,0,0,0,0,0,0,0,0,0,0
0.09428215026855469,0,0.0,0.0,0.0,0.0,0.0,0.0,0.0,0.0,0.03,0,0,0,0,0,0,0,0,0,0,0,0,0,0,0,0,0,0,0,0,0
0.0954442024230957,0,0.0,0.0,0.0,0.0,0.0,0.0,0.0,0.0,0.03,0,0,0,0,0,0,0,0,0,0,0,0,0,0,0,0,0,0,0,0,0
0.09665727615356445,0,0.0,0.0,0.0,0.0,0.0,0.0,0.0,0.0,0.03,0,0,0,0,0,0,0,0,0,0,0,0,0,0,0,0,0,0,0,0,0
0.09824252128601074,0,0.0,0.0,0.0,0.0,0.0,0.0,0.0,0.0,0.03,0,0,0,0,0,0,0,0,0,0,0,0,0,0,0,0,0,0,0,0,0
0.09960699081420898,0,0.0,0.0,0.0,0.0,0.0,0.0,0.0,0.0,0.03,0,0,0,0,0,0,0,0,0,0,0,0,0,0,0,0,0,0,0,0,0
0.10078144073486328,0,0.0,0.0,0.0,0.0,0.0,0.0,0.0,0.0,0.03,0,0,0,0,0,0,0,0,0,0,0,0,0,0,0,0,0,0,0,0,0
0.10195374488830566,0,0.0,0.0,0.0,0.0,0.0,0.0,0.0,0.0,0.03,0,0,0,0,0,0,0,0,0,0,0,0,0,0,0,0,0,0,0,0,0
0.10304069519042969,0,0.0,0.0,0.0,0.0,0.0,0.0,0.0,0.0,0.03,0,0,0,0,0,0,0,0,0,0,0,0,0,0,0,0,0,0,0,0,0
0.10460472106933594,0,0.0,0.0,0.0,0.0,0.0,0.0,0.0,0.0,0.03,0,0,0,0,0,0,0,0,0,0,0,0,0,0,0,0,0,0,0,0,0
0.10569500923156738,0,0.0,0.0,0.0,0.0,0.0,0.0,0.0,0.0,0.03,0,0,0,0,0,0,0,0,0,0,0,0,0,0,0,0,0,0,0,0,0
0.1068274974822998,0,0.0,0.0,0.0,0.0,0.0,0.0,0.0,0.0,0.03,0,0,0,0,0,0,0,0,0,0,0,0,0,0,0,0,0,0,0,0,0
0.10825634002685547,0,0.0,0.0,0.0,0.0,0.0,0.0,0.0,0.0,0.03,0,0,0,0,0,0,0,0,0,0,0,0,0,0,0,0,0,0,0,0,0
0.10963058471679688,0,0.0,0.0,0.0,0.0,0.0,0.0,0.0,0.0,0.03,0,0,0,0,0,0,0,0,0,0,0,0,0,0,0,0,0,0,0,0,0
0.11075758934020996,0,0.0,0.0,0.0,0.0,0.0,0.0,0.0,0.0,0.03,0,0,0,0,0,0,0,0,0,0,0,0,0,0,0,0,0,0,0,0,0
0.1121208667755127,0,0.0,0.0,0.0,0.0,0.0,0.0,0.0,0.0,0.03,0,0,0,0,0,0,0,0,0,0,0,0,0,0,0,0,0,0,0,0,0
0.11356616020202637,0,0.0,0.0,0.0,0.0,0.0,0.0,0.0,0.0,0.03,0,0,0,0,0,0,0,0,0,0,0,0,0,0,0,0,0,0,0,0,0
0.11483216285705566,0,0.0,0.0,0.0,0.0,0.0,0.0,0.0,0.0,0.03,0,0,0,0,0,0,0,0,0,0,0,0,0,0,0,0,0,0,0,0,0
0.11612987518310547,0,0.0,0.0,0.0,0.0,0.0,0.0,0.0,0.0,0.03,0,0,0,0,0,0,0,0,0,0,0,0,0,0,0,0,0,0,0,0,0
0.11734557151794434,0,0.0,0.0,0.0,0.0,0.0,0.0,0.0,0.0,0.03,0,0,0,0,0,0,0,0,0,0,0,0,0,0,0,0,0,0,0,0,0
0.11876535415649414,0,0.0,0.0,0.0,0.0,0.0,0.0,0.0,0.0,0.03,0,0,0,0,0,0,0,0,0,0,0,0,0,0,0,0,0,0,0,0,0
0.11989212036132812,0,0.0,0.0,0.0,0.0,0.0,0.0,0.0,0.0,0.03,0,0,0,0,0,0,0,0,0,0,0,0,0,0,0,0,0,0,0,0,0
0.12095236778259277,0,0.0,0.0,0.0,0.0,0.0,0.0,0.0,0.0,0.03,0,0,0,0,0,0,0,0,0,0,0,0,0,0,0,0,0,0,0,0,0
0.12223362922668457,0,0.0,0.0,0.0,0.0,0.0,0.0,0.0,0.0,0.03,0,0,0,0,0,0,0,0,0,0,0,0,0,0,0,0,0,0,0,0,0
0.12363171577453613,0,0.0,0.0,0.0,0.0,0.0,0.0,0.0,0.0,0.03,0,0,0,0,0,0,0,0,0,0,0,0,0,0,0,0,0,0,0,0,0
0.12517857551574707,0,0.0,0.0,0.0,0.0,0.0,0.0,0.0,0.0,0.03,0,0,0,0,0,0,0,0,0,0,0,0,0,0,0,0,0,0,0,0,0
0.12644696235656738,0,0.0,0.0,0.0,0.0,0.0,0.0,0.0,0.0,0.03,0,0,0,0,0,0,0,0,0,0,0,0,0,0,0,0,0,0,0,0,0
0.12765860557556152,0,0.0,0.0,0.0,0.0,0.0,0.0,0.0,0.0,0.03,0,0,0,0,0,0,0,0,0,0,0,0,0,0,0,0,0,0,0,0,0
0.1289079189300537,0,0.0,0.0,0.0,0.0,0.0,0.0,0.0,0.0,0.03,0,0,0,0,0,0,0,0,0,0,0,0,0,0,0,0,0,0,0,0,0
0.13073086738586426,0,0.0,0.0,0.0,0.0,0.0,0.0,0.0,0.0,0.03,0,0,0,0,0,0,0,0,0,0,0,0,0,0,0,0,0,0,0,0,0
0.13208365440368652,0,0.0,0.0,0.0,0.0,0.0,0.0,0.0,0.0,0.03,0,0,0,0,0,0,0,0,0,0,0,0,0,0,0,0,0,0,0,0,0
0.13338327407836914,0,0.0,0.0,0.0,0.0,0.0,0.0,0.0,0.0,0.03,0,0,0,0,0,0,0,0,0,0,0,0,0,0,0,0,0,0,0,0,0
0.13455486297607422,0,0.0,0.0,0.0,0.0,0.0,0.0,0.0,0.0,0.03,0,0,0,0,0,0,0,0,0,0,0,0,0,0,0,0,0,0,0,0,0
0.13847732543945312,0,0.0,0.0,0.0,0.0,0.0,0.0,0.0,0.0,0.03,0,0,0,0,0,0,0,0,0,0,0,0,0,0,0,0,0,0,0,0,0
0.13975906372070312,0,0.0,0.0,0.0,0.0,0.0,0.0,0.0,0.0,0.03,0,0,0,0,0,0,0,0,0,0,0,0,0,0,0,0,0,0,0,0,0
0.141373872756958,0,0.0,0.0,0.0,0.0,0.0,0.0,0.0,0.0,0.03,0,0,0,0,0,0,0,0,0,0,0,0,0,0,0,0,0,0,0,0,0
0.14331841468811035,0,0.0,0.0,0.0,0.0,0.0,0.0,0.0,0.0,0.03,0,0,0,0,0,0,0,0,0,0,0,0,0,0,0,0,0,0,0,0,0
0.14521050453186035,0,0.0,0.0,0.0,0.0,0.0,0.0,0.0,0.0,0.03,0,0,0,0,0,0,0,0,0,0,0,0,0,0,0,0,0,0,0,0,0
0.14664602279663086,0,0.0,0.0,0.0,0.0,0.0,0.0,0.0,0.0,0.03,0,0,0,0,0,0,0,0,0,0,0,0,0,0,0,0,0,0,0,0,0
0.1480245590209961,0,0.0,0.0,0.0,0.0,0.0,0.0,0.0,0.0,0.03,0,0,0,0,0,0,0,0,0,0,0,0,0,0,0,0,0,0,0,0,0
0.14940881729125977,0,0.0,0.0,0.0,0.0,0.0,0.0,0.0,0.0,0.03,0,0,0,0,0,0,0,0,0,0,0,0,0,0,0,0,0,0,0,0,0
0.15067124366760254,0,0.0,0.0,0.0,0.0,0.0,0.0,0.0,0.0,0.03,0,0,0,0,0,0,0,0,0,0,0,0,0,0,0,0,0,0,0,0,0
0.1520218849182129,0,0.0,0.0,0.0,0.0,0.0,0.0,0.0,0.0,0.03,0,0,0,0,0,0,0,0,0,0,0,0,0,0,0,0,0,0,0,0,0
0.1531834602355957,0,0.0,0.0,0.0,0.0,0.0,0.0,0.0,0.0,0.03,0,0,0,0,0,0,0,0,0,0,0,0,0,0,0,0,0,0,0,0,0
0.1544814109802246,0,0.0,0.0,0.0,0.0,0.0,0.0,0.0,0.0,0.03,0,0,0,0,0,0,0,0,0,0,0,0,0,0,0,0,0,0,0,0,0
0.15599679946899414,0,0.0,0.0,0.0,0.0,0.0,0.0,0.0,0.0,0.03,0,0,0,0,0,0,0,0,0,0,0,0,0,0,0,0,0,0,0,0,0
0.15741968154907227,0,0.0,0.0,0.0,0.0,0.0,0.0,0.0,0.0,0.03,0,0,0,0,0,0,0,0,0,0,0,0,0,0,0,0,0,0,0,0,0
0.1585373878479004,0,0.0,0.0,0.0,0.0,0.0,0.0,0.0,0.0,0.03,0,0,0,0,0,0,0,0,0,0,0,0,0,0,0,0,0,0,0,0,0
0.1596665382385254,0,0.0,0.0,0.0,0.0,0.0,0.0,0.0,0.0,0.03,0,0,0,0,0,0,0,0,0,0,0,0,0,0,0,0,0,0,0,0,0
0.16075348854064941,0,0.0,0.0,0.0,0.0,0.0,0.0,0.0,0.0,0.03,0,0,0,0,0,0,0,0,0,0,0,0,0,0,0,0,0,0,0,0,0
0.16234254837036133,0,0.0,0.0,0.0,0.0,0.0,0.0,0.0,0.0,0.03,0,0,0,0,0,0,0,0,0,0,0,0,0,0,0,0,0,0,0,0,0
0.16350960731506348,0,0.0,0.0,0.0,0.0,0.0,0.0,0.0,0.0,0.03,0,0,0,0,0,0,0,0,0,0,0,0,0,0,0,0,0,0,0,0,0
0.1668407917022705,0,0.0,0.0,0.0,0.0,0.0,0.0,0.0,0.0,0.03,0,0,0,0,0,0,0,0,0,0,0,0,0,0,0,0,0,0,0,0,0
0.16797852516174316,0,0.0,0.0,0.0,0.0,0.0,0.0,0.0,0.0,0.03,0,0,0,0,0,0,0,0,0,0,0,0,0,0,0,0,0,0,0,0,0
0.16916990280151367,0,0.0,0.0,0.0,0.0,0.0,0.0,0.0,0.0,0.03,0,0,0,0,0,0,0,0,0,0,0,0,0,0,0,0,0,0,0,0,0
0.17101716995239258,0,0.0,0.0,0.0,0.0,0.0,0.0,0.0,0.0,0.03,0,0,0,0,0,0,0,0,0,0,0,0,0,0,0,0,0,0,0,0,0
0.17248177528381348,0,0.0,0.0,0.0,0.0,0.0,0.0,0.0,0.0,0.03,0,0,0,0,0,0,0,0,0,0,0,0,0,0,0,0,0,0,0,0,0
0.17374038696289062,0,0.0,0.0,0.0,0.0,0.0,0.0,0.0,0.0,0.03,0,0,0,0,0,0,0,0,0,0,0,0,0,0,0,0,0,0,0,0,0
0.17594671249389648,0,0.0,0.0,0.0,0.0,0.0,0.0,0.0,0.0,0.03,0,0,0,0,0,0,0,0,0,0,0,0,0,0,0,0,0,0,0,0,0
0.17709994316101074,0,0.0,0.0,0.0,0.0,0.0,0.0,0.0,0.0,0.03,0,0,0,0,0,0,0,0,0,0,0,0,0,0,0,0,0,0,0,0,0
0.17819452285766602,0,0.0,0.0,0.0,0.0,0.0,0.0,0.0,0.0,0.03,0,0,0,0,0,0,0,0,0,0,0,0,0,0,0,0,0,0,0,0,0
0.17943716049194336,0,0.0,0.0,0.0,0.0,0.0,0.0,0.0,0.0,0.03,0,0,0,0,0,0,0,0,0,0,0,0,0,0,0,0,0,0,0,0,0
0.18053436279296875,0,0.0,0.0,0.0,0.0,0.0,0.0,0.0,0.0,0.03,0,0,0,0,0,0,0,0,0,0,0,0,0,0,0,0,0,0,0,0,0
0.18233489990234375,0,0.0,0.0,0.0,0.0,0.0,0.0,0.0,0.0,0.03,0,0,0,0,0,0,0,0,0,0,0,0,0,0,0,0,0,0,0,0,0
0.18541693687438965,0,0.0,0.0,0.0,0.0,0.0,0.0,0.0,0.0,0.03,0,0,0,0,0,0,0,0,0,0,0,0,0,0,0,0,0,0,0,0,0
0.18665051460266113,0,0.0,0.0,0.0,0.0,0.0,0.0,0.0,0.0,0.03,0,0,0,0,0,0,0,0,0,0,0,0,0,0,0,0,0,0,0,0,0
0.18854546546936035,0,0.0,0.0,0.0,0.0,0.0,0.0,0.0,0.0,0.03,0,0,0,0,0,0,0,0,0,0,0,0,0,0,0,0,0,0,0,0,0
0.18972444534301758,0,0.0,0.0,0.0,0.0,0.0,0.0,0.0,0.0,0.03,0,0,0,0,0,0,0,0,0,0,0,0,0,0,0,0,0,0,0,0,0
0.1911163330078125,0,0.0,0.0,0.0,0.0,0.0,0.0,0.0,0.0,0.03,0,0,0,0,0,0,0,0,0,0,0,0,0,0,0,0,0,0,0,0,0
0.19240236282348633,0,0.0,0.0,0.0,0.0,0.0,0.0,0.0,0.0,0.03,0,0,0,0,0,0,0,0,0,0,0,0,0,0,0,0,0,0,0,0,0
0.1936330795288086,0,0.0,0.0,0.0,0.0,0.0,0.0,0.0,0.0,0.03,0,0,0,0,0,0,0,0,0,0,0,0,0,0,0,0,0,0,0,0,0
0.19765901565551758,0,0.0,0.0,0.0,0.0,0.0,0.0,0.0,0.0,0.03,0,0,0,0,0,0,0,0,0,0,0,0,0,0,0,0,0,0,0,0,0
0.19898080825805664,0,0.0,0.0,0.0,0.0,0.0,0.0,0.0,0.0,0.03,0,0,0,0,0,0,0,0,0,0,0,0,0,0,0,0,0,0,0,0,0
0.20023488998413086,0,0.0,0.0,0.0,0.0,0.0,0.0,0.0,0.0,0.03,0,0,0,0,0,0,0,0,0,0,0,0,0,0,0,0,0,0,0,0,0
0.2028212547302246,0,0.0,0.0,0.0,0.0,0.0,0.0,0.0,0.0,0.03,0,0,0,0,0,0,0,0,0,0,0,0,0,0,0,0,0,0,0,0,0
0.20442581176757812,0,0.0,0.0,0.0,0.0,0.0,0.0,0.0,0.0,0.03,0,0,0,0,0,0,0,0,0,0,0,0,0,0,0,0,0,0,0,0,0
0.2059481143951416,0,0.0,0.0,0.0,0.0,0.0,0.0,0.0,0.0,0.03,0,0,0,0,0,0,0,0,0,0,0,0,0,0,0,0,0,0,0,0,0
0.2073063850402832,0,0.0,0.0,0.0,0.0,0.0,0.0,0.0,0.0,0.03,0,0,0,0,0,0,0,0,0,0,0,0,0,0,0,0,0,0,0,0,0
0.21009278297424316,0,0.0,0.0,0.0,0.0,0.0,0.0,0.0,0.0,0.03,0,0,0,0,0,0,0,0,0,0,0,0,0,0,0,0,0,0,0,0,0
0.21169757843017578,0,0.0,0.0,0.0,0.0,0.0,0.0,0.0,0.0,0.03,0,0,0,0,0,0,0,0,0,0,0,0,0,0,0,0,0,0,0,0,0
0.21279478073120117,0,0.0,0.0,0.0,0.0,0.0,0.0,0.0,0.0,0.03,0,0,0,0,0,0,0,0,0,0,0,0,0,0,0,0,0,0,0,0,0
0.21433138847351074,0,0.0,0.0,0.0,0.0,0.0,0.0,0.0,0.0,0.03,0,0,0,0,0,0,0,0,0,0,0,0,0,0,0,0,0,0,0,0,0
0.21555352210998535,0,0.0,0.0,0.0,0.0,0.0,0.0,0.0,0.0,0.03,0,0,0,0,0,0,0,0,0,0,0,0,0,0,0,0,0,0,0,0,0
0.2171039581298828,0,0.0,0.0,0.0,0.0,0.0,0.0,0.0,0.0,0.03,0,0,0,0,0,0,0,0,0,0,0,0,0,0,0,0,0,0,0,0,0
0.2182157039642334,0,0.0,0.0,0.0,0.0,0.0,0.0,0.0,0.0,0.03,0,0,0,0,0,0,0,0,0,0,0,0,0,0,0,0,0,0,0,0,0
0.21932196617126465,0,0.0,0.0,0.0,0.0,0.0,0.0,0.0,0.0,0.03,0,0,0,0,0,0,0,0,0,0,0,0,0,0,0,0,0,0,0,0,0
0.22040796279907227,0,0.0,0.0,0.0,0.0,0.0,0.0,0.0,0.0,0.03,0,0,0,0,0,0,0,0,0,0,0,0,0,0,0,0,0,0,0,0,0
0.22206377983093262,0,0.0,0.0,0.0,0.0,0.0,0.0,0.0,0.0,0.03,0,0,0,0,0,0,0,0,0,0,0,0,0,0,0,0,0,0,0,0,0
0.2233259677886963,0,0.0,0.0,0.0,0.0,0.0,0.0,0.0,0.0,0.03,0,0,0,0,0,0,0,0,0,0,0,0,0,0,0,0,0,0,0,0,0
0.22647428512573242,0,0.0,0.0,0.0,0.0,0.0,0.0,0.0,0.0,0.03,0,0,0,0,0,0,0,0,0,0,0,0,0,0,0,0,0,0,0,0,0
0.22768831253051758,0,0.0,0.0,0.0,0.0,0.0,0.0,0.0,0.0,0.03,0,0,0,0,0,0,0,0,0,0,0,0,0,0,0,0,0,0,0,0,0
0.22930622100830078,0,0.0,0.0,0.0,0.0,0.0,0.0,0.0,0.0,0.03,0,0,0,0,0,0,0,0,0,0,0,0,0,0,0,0,0,0,0,0,0
0.23087024688720703,0,0.0,0.0,0.0,0.0,0.0,0.0,0.0,0.0,0.03,0,0,0,0,0,0,0,0,0,0,0,0,0,0,0,0,0,0,0,0,0
0.23196172714233398,0,0.0,0.0,0.0,0.0,0.0,0.0,0.0,0.0,0.03,0,0,0,0,0,0,0,0,0,0,0,0,0,0,0,0,0,0,0,0,0
0.233168363571167,0,0.0,0.0,0.0,0.0,0.0,0.0,0.0,0.0,0.03,0,0,0,0,0,0,0,0,0,0,0,0,0,0,0,0,0,0,0,0,0
0.23453879356384277,0,0.0,0.0,0.0,0.0,0.0,0.0,0.0,0.0,0.03,0,0,0,0,0,0,0,0,0,0,0,0,0,0,0,0,0,0,0,0,0
0.23563146591186523,0,0.0,0.0,0.0,0.0,0.0,0.0,0.0,0.0,0.03,0,0,0,0,0,0,0,0,0,0,0,0,0,0,0,0,0,0,0,0,0
0.23690032958984375,0,0.0,0.0,0.0,0.0,0.0,0.0,0.0,0.0,0.03,0,0,0,0,0,0,0,0,0,0,0,0,0,0,0,0,0,0,0,0,0
0.23798799514770508,0,0.0,0.0,0.0,0.0,0.0,0.0,0.0,0.0,0.03,0,0,0,0,0,0,0,0,0,0,0,0,0,0,0,0,0,0,0,0,0
0.23932623863220215,0,0.0,0.0,0.0,0.0,0.0,0.0,0.0,0.0,0.03,0,0,0,0,0,0,0,0,0,0,0,0,0,0,0,0,0,0,0,0,0
0.2411055564880371,0,0.0,0.0,0.0,0.0,0.0,0.0,0.0,0.0,0.03,0,0,0,0,0,0,0,0,0,0,0,0,0,0,0,0,0,0,0,0,0
0.24235796928405762,0,0.0,0.0,0.0,0.0,0.0,0.0,0.0,0.0,0.03,0,0,0,0,0,0,0,0,0,0,0,0,0,0,0,0,0,0,0,0,0
0.24366044998168945,0,0.0,0.0,0.0,0.0,0.0,0.0,0.0,0.0,0.03,0,0,0,0,0,0,0,0,0,0,0,0,0,0,0,0,0,0,0,0,0
0.24477791786193848,0,0.0,0.0,0.0,0.0,0.0,0.0,0.0,0.0,0.03,0,0,0,0,0,0,0,0,0,0,0,0,0,0,0,0,0,0,0,0,0
0.24637246131896973,0,0.0,0.0,0.0,0.0,0.0,0.0,0.0,0.0,0.03,0,0,0,0,0,0,0,0,0,0,0,0,0,0,0,0,0,0,0,0,0
0.2475299835205078,0,0.0,0.0,0.0,0.0,0.0,0.0,0.0,0.0,0.03,0,0,0,0,0,0,0,0,0,0,0,0,0,0,0,0,0,0,0,0,0
0.24890947341918945,0,0.0,0.0,0.0,0.0,0.0,0.0,0.0,0.0,0.03,0,0,0,0,0,0,0,0,0,0,0,0,0,0,0,0,0,0,0,0,0
0.25019264221191406,0,0.0,0.0,0.0,0.0,0.0,0.0,0.0,0.0,0.03,0,0,0,0,0,0,0,0,0,0,0,0,0,0,0,0,0,0,0,0,0
0.25136542320251465,0,0.0,0.0,0.0,0.0,0.0,0.0,0.0,0.0,0.03,0,0,0,0,0,0,0,0,0,0,0,0,0,0,0,0,0,0,0,0,0
0.2550618648529053,0,0.0,0.0,0.0,0.0,0.0,0.0,0.0,0.0,0.03,0,0,0,0,0,0,0,0,0,0,0,0,0,0,0,0,0,0,0,0,0
0.2561650276184082,0,0.0,0.0,0.0,0.0,0.0,0.0,0.0,0.0,0.03,0,0,0,0,0,0,0,0,0,0,0,0,0,0,0,0,0,0,0,0,0
0.2589724063873291,0,0.0,0.0,0.0,0.0,0.0,0.0,0.0,0.0,0.03,0,0,0,0,0,0,0,0,0,0,0,0,0,0,0,0,0,0,0,0,0
0.2607247829437256,0,0.0,0.0,0.0,0.0,0.0,0.0,0.0,0.0,0.03,0,0,0,0,0,0,0,0,0,0,0,0,0,0,0,0,0,0,0,0,0
0.26221704483032227,0,0.0,0.0,0.0,0.0,0.0,0.0,0.0,0.0,0.03,0,0,0,0,0,0,0,0,0,0,0,0,0,0,0,0,0,0,0,0,0
0.26360034942626953,0,0.0,0.0,0.0,0.0,0.0,0.0,0.0,0.0,0.03,0,0,0,0,0,0,0,0,0,0,0,0,0,0,0,0,0,0,0,0,0
0.26500916481018066,0,0.0,0.0,0.0,0.0,0.0,0.0,0.0,0.0,0.03,0,0,0,0,0,0,0,0,0,0,0,0,0,0,0,0,0,0,0,0,0
0.267653226852417,0,0.0,0.0,0.0,0.0,0.0,0.0,0.0,0.0,0.03,0,0,0,0,0,0,0,0,0,0,0,0,0,0,0,0,0,0,0,0,0
0.2688615322113037,0,0.0,0.0,0.0,0.0,0.0,0.0,0.0,0.0,0.03,0,0,0,0,0,0,0,0,0,0,0,0,0,0,0,0,0,0,0,0,0
0.2702760696411133,0,0.0,0.0,0.0,0.0,0.0,0.0,0.0,0.0,0.03,0,0,0,0,0,0,0,0,0,0,0,0,0,0,0,0,0,0,0,0,0
0.27192187309265137,0,0.0,0.0,0.0,0.0,0.0,0.0,0.0,0.0,0.03,0,0,0,0,0,0,0,0,0,0,0,0,0,0,0,0,0,0,0,0,0
0.27341699600219727,0,0.0,0.0,0.0,0.0,0.0,0.0,0.0,0.0,0.03,0,0,0,0,0,0,0,0,0,0,0,0,0,0,0,0,0,0,0,0,0
0.27463483810424805,0,0.0,0.0,0.0,0.0,0.0,0.0,0.0,0.0,0.03,0,0,0,0,0,0,0,0,0,0,0,0,0,0,0,0,0,0,0,0,0
0.2757890224456787,0,0.0,0.0,0.0,0.0,0.0,0.0,0.0,0.0,0.03,0,0,0,0,0,0,0,0,0,0,0,0,0,0,0,0,0,0,0,0,0
0.27683210372924805,0,0.0,0.0,0.0,0.0,0.0,0.0,0.0,0.0,0.03,0,0,0,0,0,0,0,0,0,0,0,0,0,0,0,0,0,0,0,0,0
0.27819132804870605,0,0.0,0.0,0.0,0.0,0.0,0.0,0.0,0.0,0.03,0,0,0,0,0,0,0,0,0,0,0,0,0,0,0,0,0,0,0,0,0
0.2793405055999756,0,0.0,0.0,0.0,0.0,0.0,0.0,0.0,0.0,0.03,0,0,0,0,0,0,0,0,0,0,0,0,0,0,0,0,0,0,0,0,0
0.2815558910369873,0,0.0,0.0,0.0,0.0,0.0,0.0,0.0,0.0,0.03,0,0,0,0,0,0,0,0,0,0,0,0,0,0,0,0,0,0,0,0,0
0.2826874256134033,0,0.0,0.0,0.0,0.0,0.0,0.0,0.0,0.0,0.03,0,0,0,0,0,0,0,0,0,0,0,0,0,0,0,0,0,0,0,0,0
0.28385186195373535,0,0.0,0.0,0.0,0.0,0.0,0.0,0.0,0.0,0.03,0,0,0,0,0,0,0,0,0,0,0,0,0,0,0,0,0,0,0,0,0
0.2850978374481201,0,0.0,0.0,0.0,0.0,0.0,0.0,0.0,0.0,0.03,0,0,0,0,0,0,0,0,0,0,0,0,0,0,0,0,0,0,0,0,0
0.28644394874572754,0,0.0,0.0,0.0,0.0,0.0,0.0,0.0,0.0,0.03,0,0,0,0,0,0,0,0,0,0,0,0,0,0,0,0,0,0,0,0,0
0.2879371643066406,0,0.0,0.0,0.0,0.0,0.0,0.0,0.0,0.0,0.03,0,0,0,0,0,0,0,0,0,0,0,0,0,0,0,0,0,0,0,0,0
0.2893531322479248,0,0.0,0.0,0.0,0.0,0.0,0.0,0.0,0.0,0.03,0,0,0,0,0,0,0,0,0,0,0,0,0,0,0,0,0,0,0,0,0
0.2905721664428711,0,0.0,0.0,0.0,0.0,0.0,0.0,0.0,0.0,0.03,0,0,0,0,0,0,0,0,0,0,0,0,0,0,0,0,0,0,0,0,0
0.29169392585754395,0,0.0,0.0,0.0,0.0,0.0,0.0,0.0,0.0,0.03,0,0,0,0,0,0,0,0,0,0,0,0,0,0,0,0,0,0,0,0,0
0.2927882671356201,0,0.0,0.0,0.0,0.0,0.0,0.0,0.0,0.0,0.03,0,0,0,0,0,0,0,0,0,0,0,0,0,0,0,0,0,0,0,0,0
0.2939286231994629,0,0.0,0.0,0.0,0.0,0.0,0.0,0.0,0.0,0.03,0,0,0,0,0,0,0,0,0,0,0,0,0,0,0,0,0,0,0,0,0
0.2951374053955078,0,0.0,0.0,0.0,0.0,0.0,0.0,0.0,0.0,0.03,0,0,0,0,0,0,0,0,0,0,0,0,0,0,0,0,0,0,0,0,0
0.2969832420349121,0,0.0,0.0,0.0,0.0,0.0,0.0,0.0,0.0,0.03,0,0,0,0,0,0,0,0,0,0,0,0,0,0,0,0,0,0,0,0,0
0.29849743843078613,0,0.0,0.0,0.0,0.0,0.0,0.0,0.0,0.0,0.03,0,0,0,0,0,0,0,0,0,0,0,0,0,0,0,0,0,0,0,0,0
0.29970693588256836,0,0.0,0.0,0.0,0.0,0.0,0.0,0.0,0.0,0.03,0,0,0,0,0,0,0,0,0,0,0,0,0,0,0,0,0,0,0,0,0
0.3008742332458496,0,0.0,0.0,0.0,0.0,0.0,0.0,0.0,0.0,0.03,0,0,0,0,0,0,0,0,0,0,0,0,0,0,0,0,0,0,0,0,0
0.30202674865722656,0,0.0,0.0,0.0,0.0,0.0,0.0,0.0,0.0,0.03,0,0,0,0,0,0,0,0,0,0,0,0,0,0,0,0,0,0,0,0,0
0.3032417297363281,0,0.0,0.0,0.0,0.0,0.0,0.0,0.0,0.0,0.03,0,0,0,0,0,0,0,0,0,0,0,0,0,0,0,0,0,0,0,0,0
0.3046760559082031,0,0.0,0.0,0.0,0.0,0.0,0.0,0.0,0.0,0.03,0,0,0,0,0,0,0,0,0,0,0,0,0,0,0,0,0,0,0,0,0
0.3061792850494385,0,0.0,0.0,0.0,0.0,0.0,0.0,0.0,0.0,0.03,0,0,0,0,0,0,0,0,0,0,0,0,0,0,0,0,0,0,0,0,0
0.307340145111084,0,0.0,0.0,0.0,0.0,0.0,0.0,0.0,0.0,0.03,0,0,0,0,0,0,0,0,0,0,0,0,0,0,0,0,0,0,0,0,0
0.30898427963256836,0,0.0,0.0,0.0,0.0,0.0,0.0,0.0,0.0,0.03,0,0,0,0,0,0,0,0,0,0,0,0,0,0,0,0,0,0,0,0,0
0.3103926181793213,0,0.0,0.0,0.0,0.0,0.0,0.0,0.0,0.0,0.03,0,0,0,0,0,0,0,0,0,0,0,0,0,0,0,0,0,0,0,0,0
0.31207823753356934,0,0.0,0.0,0.0,0.0,0.0,0.0,0.0,0.0,0.03,0,0,0,0,0,0,0,0,0,0,0,0,0,0,0,0,0,0,0,0,0
0.31418633460998535,0,0.0,0.0,0.0,0.0,0.0,0.0,0.0,0.0,0.03,0,0,0,0,0,0,0,0,0,0,0,0,0,0,0,0,0,0,0,0,0
0.316408634185791,0,0.0,0.0,0.0,0.0,0.0,0.0,0.0,0.0,0.03,0,0,0,0,0,0,0,0,0,0,0,0,0,0,0,0,0,0,0,0,0
0.31917786598205566,0,0.0,0.0,0.0,0.0,0.0,0.0,0.0,0.0,0.03,0,0,0,0,0,0,0,0,0,0,0,0,0,0,0,0,0,0,0,0,0
0.3206601142883301,0,0.0,0.0,0.0,0.0,0.0,0.0,0.0,0.0,0.03,0,0,0,0,0,0,0,0,0,0,0,0,0,0,0,0,0,0,0,0,0
0.32186245918273926,0,0.0,0.0,0.0,0.0,0.0,0.0,0.0,0.0,0.03,0,0,0,0,0,0,0,0,0,0,0,0,0,0,0,0,0,0,0,0,0
0.32326388359069824,0,0.0,0.0,0.0,0.0,0.0,0.0,0.0,0.0,0.03,0,0,0,0,0,0,0,0,0,0,0,0,0,0,0,0,0,0,0,0,0
0.32440829277038574,0,0.0,0.0,0.0,0.0,0.0,0.0,0.0,0.0,0.03,0,0,0,0,0,0,0,0,0,0,0,0,0,0,0,0,0,0,0,0,0
0.3258810043334961,0,0.0,0.0,0.0,0.0,0.0,0.0,0.0,0.0,0.03,0,0,0,0,0,0,0,0,0,0,0,0,0,0,0,0,0,0,0,0,0
0.3271963596343994,0,0.0,0.0,0.0,0.0,0.0,0.0,0.0,0.0,0.03,0,0,0,0,0,0,0,0,0,0,0,0,0,0,0,0,0,0,0,0,0
0.32828378677368164,0,0.0,0.0,0.0,0.0,0.0,0.0,0.0,0.0,0.03,0,0,0,0,0,0,0,0,0,0,0,0,0,0,0,0,0,0,0,0,0
0.3295602798461914,0,0.0,0.0,0.0,0.0,0.0,0.0,0.0,0.0,0.03,0,0,0,0,0,0,0,0,0,0,0,0,0,0,0,0,0,0,0,0,0
0.3310554027557373,0,0.0,0.0,0.0,0.0,0.0,0.0,0.0,0.0,0.03,0,0,0,0,0,0,0,0,0,0,0,0,0,0,0,0,0,0,0,0,0
0.3325316905975342,0,0.0,0.0,0.0,0.0,0.0,0.0,0.0,0.0,0.03,0,0,0,0,0,0,0,0,0,0,0,0,0,0,0,0,0,0,0,0,0
0.3337738513946533,0,0.0,0.0,0.0,0.0,0.0,0.0,0.0,0.0,0.03,0,0,0,0,0,0,0,0,0,0,0,0,0,0,0,0,0,0,0,0,0
0.33495664596557617,0,0.0,0.0,0.0,0.0,0.0,0.0,0.0,0.0,0.03,0,0,0,0,0,0,0,0,0,0,0,0,0,0,0,0,0,0,0,0,0
0.33603405952453613,0,0.0,0.0,0.0,0.0,0.0,0.0,0.0,0.0,0.03,0,0,0,0,0,0,0,0,0,0,0,0,0,0,0,0,0,0,0,0,0
0.33746767044067383,0,0.0,0.0,0.0,0.0,0.0,0.0,0.0,0.0,0.03,0,0,0,0,0,0,0,0,0,0,0,0,0,0,0,0,0,0,0,0,0
0.3388495445251465,0,0.0,0.0,0.0,0.0,0.0,0.0,0.0,0.0,0.03,0,0,0,0,0,0,0,0,0,0,0,0,0,0,0,0,0,0,0,0,0
0.34078502655029297,0,0.0,0.0,0.0,0.0,0.0,0.0,0.0,0.0,0.03,0,0,0,0,0,0,0,0,0,0,0,0,0,0,0,0,0,0,0,0,0
0.34200310707092285,0,0.0,0.0,0.0,0.0,0.0,0.0,0.0,0.0,0.03,0,0,0,0,0,0,0,0,0,0,0,0,0,0,0,0,0,0,0,0,0
0.34333372116088867,0,0.0,0.0,0.0,0.0,0.0,0.0,0.0,0.0,0.03,0,0,0,0,0,0,0,0,0,0,0,0,0,0,0,0,0,0,0,0,0
0.3445603847503662,0,0.0,0.0,0.0,0.0,0.0,0.0,0.0,0.0,0.03,0,0,0,0,0,0,0,0,0,0,0,0,0,0,0,0,0,0,0,0,0
0.3463399410247803,0,0.0,0.0,0.0,0.0,0.0,0.0,0.0,0.0,0.03,0,0,0,0,0,0,0,0,0,0,0,0,0,0,0,0,0,0,0,0,0
0.34765005111694336,0,0.0,0.0,0.0,0.0,0.0,0.0,0.0,0.0,0.03,0,0,0,0,0,0,0,0,0,0,0,0,0,0,0,0,0,0,0,0,0
0.34874534606933594,0,0.0,0.0,0.0,0.0,0.0,0.0,0.0,0.0,0.03,0,0,0,0,0,0,0,0,0,0,0,0,0,0,0,0,0,0,0,0,0
0.34989047050476074,0,0.0,0.0,0.0,0.0,0.0,0.0,0.0,0.0,0.03,0,0,0,0,0,0,0,0,0,0,0,0,0,0,0,0,0,0,0,0,0
0.35118699073791504,0,0.0,0.0,0.0,0.0,0.0,0.0,0.0,0.0,0.03,0,0,0,0,0,0,0,0,0,0,0,0,0,0,0,0,0,0,0,0,0
0.352294921875,0,0.0,0.0,0.0,0.0,0.0,0.0,0.0,0.0,0.03,0,0,0,0,0,0,0,0,0,0,0,0,0,0,0,0,0,0,0,0,0
0.35376930236816406,0,0.0,0.0,0.0,0.0,0.0,0.0,0.0,0.0,0.03,0,0,0,0,0,0,0,0,0,0,0,0,0,0,0,0,0,0,0,0,0
0.35500621795654297,0,0.0,0.0,0.0,0.0,0.0,0.0,0.0,0.0,0.03,0,0,0,0,0,0,0,0,0,0,0,0,0,0,0,0,0,0,0,0,0
0.3560795783996582,0,0.0,0.0,0.0,0.0,0.0,0.0,0.0,0.0,0.03,0,0,0,0,0,0,0,0,0,0,0,0,0,0,0,0,0,0,0,0,0
0.3575906753540039,0,0.0,0.0,0.0,0.0,0.0,0.0,0.0,0.0,0.03,0,0,0,0,0,0,0,0,0,0,0,0,0,0,0,0,0,0,0,0,0
0.35918331146240234,0,0.0,0.0,0.0,0.0,0.0,0.0,0.0,0.0,0.03,0,0,0,0,0,0,0,0,0,0,0,0,0,0,0,0,0,0,0,0,0
0.36031126976013184,0,0.0,0.0,0.0,0.0,0.0,0.0,0.0,0.0,0.03,0,0,0,0,0,0,0,0,0,0,0,0,0,0,0,0,0,0,0,0,0
0.36159801483154297,0,0.0,0.0,0.0,0.0,0.0,0.0,0.0,0.0,0.03,0,0,0,0,0,0,0,0,0,0,0,0,0,0,0,0,0,0,0,0,0
0.3627626895904541,0,0.0,0.0,0.0,0.0,0.0,0.0,0.0,0.0,0.03,0,0,0,0,0,0,0,0,0,0,0,0,0,0,0,0,0,0,0,0,0
0.36383843421936035,0,0.0,0.0,0.0,0.0,0.0,0.0,0.0,0.0,0.03,0,0,0,0,0,0,0,0,0,0,0,0,0,0,0,0,0,0,0,0,0
0.3649616241455078,0,0.0,0.0,0.0,0.0,0.0,0.0,0.0,0.0,0.03,0,0,0,0,0,0,0,0,0,0,0,0,0,0,0,0,0,0,0,0,0
0.3662118911743164,0,0.0,0.0,0.0,0.0,0.0,0.0,0.0,0.0,0.03,0,0,0,0,0,0,0,0,0,0,0,0,0,0,0,0,0,0,0,0,0
0.3674006462097168,0,0.0,0.0,0.0,0.0,0.0,0.0,0.0,0.0,0.03,0,0,0,0,0,0,0,0,0,0,0,0,0,0,0,0,0,0,0,0,0
0.3685472011566162,0,0.0,0.0,0.0,0.0,0.0,0.0,0.0,0.0,0.03,0,0,0,0,0,0,0,0,0,0,0,0,0,0,0,0,0,0,0,0,0
0.3702106475830078,0,0.0,0.0,0.0,0.0,0.0,0.0,0.0,0.0,0.03,0,0,0,0,0,0,0,0,0,0,0,0,0,0,0,0,0,0,0,0,0
0.37128329277038574,0,0.0,0.0,0.0,0.0,0.0,0.0,0.0,0.0,0.03,0,0,0,0,0,0,0,0,0,0,0,0,0,0,0,0,0,0,0,0,0
0.3727586269378662,0,0.0,0.0,0.0,0.0,0.0,0.0,0.0,0.0,0.03,0,0,0,0,0,0,0,0,0,0,0,0,0,0,0,0,0,0,0,0,0
0.3760645389556885,0,0.0,0.0,0.0,0.0,0.0,0.0,0.0,0.0,0.03,0,0,0,0,0,0,0,0,0,0,0,0,0,0,0,0,0,0,0,0,0
0.37741518020629883,0,0.0,0.0,0.0,0.0,0.0,0.0,0.0,0.0,0.03,0,0,0,0,0,0,0,0,0,0,0,0,0,0,0,0,0,0,0,0,0
0.3818168640136719,0,0.0,0.0,0.0,0.0,0.0,0.0,0.0,0.0,0.03,0,0,0,0,0,0,0,0,0,0,0,0,0,0,0,0,0,0,0,0,0
0.38289785385131836,0,0.0,0.0,0.0,0.0,0.0,0.0,0.0,0.0,0.03,0,0,0,0,0,0,0,0,0,0,0,0,0,0,0,0,0,0,0,0,0
0.38404059410095215,0,0.0,0.0,0.0,0.0,0.0,0.0,0.0,0.0,0.03,0,0,0,0,0,0,0,0,0,0,0,0,0,0,0,0,0,0,0,0,0
0.385235071182251,0,0.0,0.0,0.0,0.0,0.0,0.0,0.0,0.0,0.03,0,0,0,0,0,0,0,0,0,0,0,0,0,0,0,0,0,0,0,0,0
0.38643503189086914,0,0.0,0.0,0.0,0.0,0.0,0.0,0.0,0.0,0.03,0,0,0,0,0,0,0,0,0,0,0,0,0,0,0,0,0,0,0,0,0
0.38760924339294434,0,0.0,0.0,0.0,0.0,0.0,0.0,0.0,0.0,0.03,0,0,0,0,0,0,0,0,0,0,0,0,0,0,0,0,0,0,0,0,0
0.3887903690338135,0,0.0,0.0,0.0,0.0,0.0,0.0,0.0,0.0,0.03,0,0,0,0,0,0,0,0,0,0,0,0,0,0,0,0,0,0,0,0,0
0.3898735046386719,0,0.0,0.0,0.0,0.0,0.0,0.0,0.0,0.0,0.03,0,0,0,0,0,0,0,0,0,0,0,0,0,0,0,0,0,0,0,0,0
0.3915283679962158,0,0.0,0.0,0.0,0.0,0.0,0.0,0.0,0.0,0.03,0,0,0,0,0,0,0,0,0,0,0,0,0,0,0,0,0,0,0,0,0
0.3926675319671631,0,0.0,0.0,0.0,0.0,0.0,0.0,0.0,0.0,0.03,0,0,0,0,0,0,0,0,0,0,0,0,0,0,0,0,0,0,0,0,0
0.39374518394470215,0,0.0,0.0,0.0,0.0,0.0,0.0,0.0,0.0,0.03,0,0,0,0,0,0,0,0,0,0,0,0,0,0,0,0,0,0,0,0,0
0.3949251174926758,0,0.0,0.0,0.0,0.0,0.0,0.0,0.0,0.0,0.03,0,0,0,0,0,0,0,0,0,0,0,0,0,0,0,0,0,0,0,0,0
0.39610719680786133,0,0.0,0.0,0.0,0.0,0.0,0.0,0.0,0.0,0.03,0,0,0,0,0,0,0,0,0,0,0,0,0,0,0,0,0,0,0,0,0
0.3972592353820801,0,0.0,0.0,0.0,0.0,0.0,0.0,0.0,0.0,0.03,0,0,0,0,0,0,0,0,0,0,0,0,0,0,0,0,0,0,0,0,0
0.398334264755249,0,0.0,0.0,0.0,0.0,0.0,0.0,0.0,0.0,0.03,0,0,0,0,0,0,0,0,0,0,0,0,0,0,0,0,0,0,0,0,0
0.39948081970214844,0,0.0,0.0,0.0,0.0,0.0,0.0,0.0,0.0,0.03,0,0,0,0,0,0,0,0,0,0,0,0,0,0,0,0,0,0,0,0,0
0.40091538429260254,0,0.0,0.0,0.0,0.0,0.0,0.0,0.0,0.0,0.03,0,0,0,0,0,0,0,0,0,0,0,0,0,0,0,0,0,0,0,0,0
0.4024066925048828,0,0.0,0.0,0.0,0.0,0.0,0.0,0.0,0.0,0.03,0,0,0,0,0,0,0,0,0,0,0,0,0,0,0,0,0,0,0,0,0
0.4036264419555664,0,0.0,0.0,0.0,0.0,0.0,0.0,0.0,0.0,0.03,0,0,0,0,0,0,0,0,0,0,0,0,0,0,0,0,0,0,0,0,0
0.4050145149230957,0,0.0,0.0,0.0,0.0,0.0,0.0,0.0,0.0,0.03,0,0,0,0,0,0,0,0,0,0,0,0,0,0,0,0,0,0,0,0,0
0.40624403953552246,0,0.0,0.0,0.0,0.0,0.0,0.0,0.0,0.0,0.03,0,0,0,0,0,0,0,0,0,0,0,0,0,0,0,0,0,0,0,0,0
0.4074697494506836,0,0.0,0.0,0.0,0.0,0.0,0.0,0.0,0.0,0.03,0,0,0,0,0,0,0,0,0,0,0,0,0,0,0,0,0,0,0,0,0
0.40917015075683594,0,0.0,0.0,0.0,0.0,0.0,0.0,0.0,0.0,0.03,0,0,0,0,0,0,0,0,0,0,0,0,0,0,0,0,0,0,0,0,0
0.41052699089050293,0,0.0,0.0,0.0,0.0,0.0,0.0,0.0,0.0,0.03,0,0,0,0,0,0,0,0,0,0,0,0,0,0,0,0,0,0,0,0,0
0.4117393493652344,0,0.0,0.0,0.0,0.0,0.0,0.0,0.0,0.0,0.03,0,0,0,0,0,0,0,0,0,0,0,0,0,0,0,0,0,0,0,0,0
0.4128851890563965,0,0.0,0.0,0.0,0.0,0.0,0.0,0.0,0.0,0.03,0,0,0,0,0,0,0,0,0,0,0,0,0,0,0,0,0,0,0,0,0
0.4145500659942627,0,0.0,0.0,0.0,0.0,0.0,0.0,0.0,0.0,0.03,0,0,0,0,0,0,0,0,0,0,0,0,0,0,0,0,0,0,0,0,0
0.4157290458679199,0,0.0,0.0,0.0,0.0,0.0,0.0,0.0,0.0,0.03,0,0,0,0,0,0,0,0,0,0,0,0,0,0,0,0,0,0,0,0,0
0.416886568069458,0,0.0,0.0,0.0,0.0,0.0,0.0,0.0,0.0,0.03,0,0,0,0,0,0,0,0,0,0,0,0,0,0,0,0,0,0,0,0,0
0.4180119037628174,0,0.0,0.0,0.0,0.0,0.0,0.0,0.0,0.0,0.03,0,0,0,0,0,0,0,0,0,0,0,0,0,0,0,0,0,0,0,0,0
0.4190864562988281,0,0.0,0.0,0.0,0.0,0.0,0.0,0.0,0.0,0.03,0,0,0,0,0,0,0,0,0,0,0,0,0,0,0,0,0,0,0,0,0
0.4209268093109131,0,0.0,0.0,0.0,0.0,0.0,0.0,0.0,0.0,0.03,0,0,0,0,0,0,0,0,0,0,0,0,0,0,0,0,0,0,0,0,0
0.4223177433013916,0,0.0,0.0,0.0,0.0,0.0,0.0,0.0,0.0,0.03,0,0,0,0,0,0,0,0,0,0,0,0,0,0,0,0,0,0,0,0,0
0.42351770401000977,0,0.0,0.0,0.0,0.0,0.0,0.0,0.0,0.0,0.03,0,0,0,0,0,0,0,0,0,0,0,0,0,0,0,0,0,0,0,0,0
0.4247140884399414,0,0.0,0.0,0.0,0.0,0.0,0.0,0.0,0.0,0.03,0,0,0,0,0,0,0,0,0,0,0,0,0,0,0,0,0,0,0,0,0
0.4258408546447754,0,0.0,0.0,0.0,0.0,0.0,0.0,0.0,0.0,0.03,0,0,0,0,0,0,0,0,0,0,0,0,0,0,0,0,0,0,0,0,0
0.4273257255554199,0,0.0,0.0,0.0,0.0,0.0,0.0,0.0,0.0,0.03,0,0,0,0,0,0,0,0,0,0,0,0,0,0,0,0,0,0,0,0,0
0.42897891998291016,0,0.0,0.0,0.0,0.0,0.0,0.0,0.0,0.0,0.03,0,0,0,0,0,0,0,0,0,0,0,0,0,0,0,0,0,0,0,0,0
0.4302232265472412,0,0.0,0.0,0.0,0.0,0.0,0.0,0.0,0.0,0.03,0,0,0,0,0,0,0,0,0,0,0,0,0,0,0,0,0,0,0,0,0
0.4314134120941162,0,0.0,0.0,0.0,0.0,0.0,0.0,0.0,0.0,0.03,0,0,0,0,0,0,0,0,0,0,0,0,0,0,0,0,0,0,0,0,0
0.4326186180114746,0,0.0,0.0,0.0,0.0,0.0,0.0,0.0,0.0,0.03,0,0,0,0,0,0,0,0,0,0,0,0,0,0,0,0,0,0,0,0,0
0.43369102478027344,0,0.0,0.0,0.0,0.0,0.0,0.0,0.0,0.0,0.03,0,0,0,0,0,0,0,0,0,0,0,0,0,0,0,0,0,0,0,0,0
0.4350309371948242,0,0.0,0.0,0.0,0.0,0.0,0.0,0.0,0.0,0.03,0,0,0,0,0,0,0,0,0,0,0,0,0,0,0,0,0,0,0,0,0
0.4362187385559082,0,0.0,0.0,0.0,0.0,0.0,0.0,0.0,0.0,0.03,0,0,0,0,0,0,0,0,0,0,0,0,0,0,0,0,0,0,0,0,0
0.43804097175598145,0,0.0,0.0,0.0,0.0,0.0,0.0,0.0,0.0,0.03,0,0,0,0,0,0,0,0,0,0,0,0,0,0,0,0,0,0,0,0,0
0.4403839111328125,0,0.0,0.0,0.0,0.0,0.0,0.0,0.0,0.0,0.03,0,0,0,0,0,0,0,0,0,0,0,0,0,0,0,0,0,0,0,0,0
0.441800594329834,0,0.0,0.0,0.0,0.0,0.0,0.0,0.0,0.0,0.03,0,0,0,0,0,0,0,0,0,0,0,0,0,0,0,0,0,0,0,0,0
0.4434795379638672,0,0.0,0.0,0.0,0.0,0.0,0.0,0.0,0.0,0.03,0,0,0,0,0,0,0,0,0,0,0,0,0,0,0,0,0,0,0,0,0
0.4449784755706787,0,0.0,0.0,0.0,0.0,0.0,0.0,0.0,0.0,0.03,0,0,0,0,0,0,0,0,0,0,0,0,0,0,0,0,0,0,0,0,0
0.44641780853271484,0,0.0,0.0,0.0,0.0,0.0,0.0,0.0,0.0,0.03,0,0,0,0,0,0,0,0,0,0,0,0,0,0,0,0,0,0,0,0,0
0.4476807117462158,0,0.0,0.0,0.0,0.0,0.0,0.0,0.0,0.0,0.03,0,0,0,0,0,0,0,0,0,0,0,0,0,0,0,0,0,0,0,0,0
0.44886255264282227,0,0.0,0.0,0.0,0.0,0.0,0.0,0.0,0.0,0.03,0,0,0,0,0,0,0,0,0,0,0,0,0,0,0,0,0,0,0,0,0
0.4500548839569092,0,0.0,0.0,0.0,0.0,0.0,0.0,0.0,0.0,0.03,0,0,0,0,0,0,0,0,0,0,0,0,0,0,0,0,0,0,0,0,0
0.4513521194458008,0,0.0,0.0,0.0,0.0,0.0,0.0,0.0,0.0,0.03,0,0,0,0,0,0,0,0,0,0,0,0,0,0,0,0,0,0,0,0,0
0.4525895118713379,0,0.0,0.0,0.0,0.0,0.0,0.0,0.0,0.0,0.03,0,0,0,0,0,0,0,0,0,0,0,0,0,0,0,0,0,0,0,0,0
0.4536874294281006,0,0.0,0.0,0.0,0.0,0.0,0.0,0.0,0.0,0.03,0,0,0,0,0,0,0,0,0,0,0,0,0,0,0,0,0,0,0,0,0
0.45487332344055176,0,0.0,0.0,0.0,0.0,0.0,0.0,0.0,0.0,0.03,0,0,0,0,0,0,0,0,0,0,0,0,0,0,0,0,0,0,0,0,0
0.4559807777404785,0,0.0,0.0,0.0,0.0,0.0,0.0,0.0,0.0,0.03,0,0,0,0,0,0,0,0,0,0,0,0,0,0,0,0,0,0,0,0,0
0.45712709426879883,0,0.0,0.0,0.0,0.0,0.0,0.0,0.0,0.0,0.03,0,0,0,0,0,0,0,0,0,0,0,0,0,0,0,0,0,0,0,0,0
0.458207368850708,0,0.0,0.0,0.0,0.0,0.0,0.0,0.0,0.0,0.03,0,0,0,0,0,0,0,0,0,0,0,0,0,0,0,0,0,0,0,0,0
0.4596388339996338,0,0.0,0.0,0.0,0.0,0.0,0.0,0.0,0.0,0.03,0,0,0,0,0,0,0,0,0,0,0,0,0,0,0,0,0,0,0,0,0
0.46121716499328613,0,0.0,0.0,0.0,0.0,0.0,0.0,0.0,0.0,0.03,0,0,0,0,0,0,0,0,0,0,0,0,0,0,0,0,0,0,0,0,0
0.46288037300109863,0,0.0,0.0,0.0,0.0,0.0,0.0,0.0,0.0,0.03,0,0,0,0,0,0,0,0,0,0,0,0,0,0,0,0,0,0,0,0,0
0.4642651081085205,0,0.0,0.0,0.0,0.0,0.0,0.0,0.0,0.0,0.03,0,0,0,0,0,0,0,0,0,0,0,0,0,0,0,0,0,0,0,0,0
0.46538686752319336,0,0.0,0.0,0.0,0.0,0.0,0.0,0.0,0.0,0.03,0,0,0,0,0,0,0,0,0,0,0,0,0,0,0,0,0,0,0,0,0
0.4667227268218994,0,0.0,0.0,0.0,0.0,0.0,0.0,0.0,0.0,0.03,0,0,0,0,0,0,0,0,0,0,0,0,0,0,0,0,0,0,0,0,0
0.4678812026977539,0,0.0,0.0,0.0,0.0,0.0,0.0,0.0,0.0,0.03,0,0,0,0,0,0,0,0,0,0,0,0,0,0,0,0,0,0,0,0,0
0.4689366817474365,0,0.0,0.0,0.0,0.0,0.0,0.0,0.0,0.0,0.03,0,0,0,0,0,0,0,0,0,0,0,0,0,0,0,0,0,0,0,0,0
0.47009778022766113,0,0.0,0.0,0.0,0.0,0.0,0.0,0.0,0.0,0.03,0,0,0,0,0,0,0,0,0,0,0,0,0,0,0,0,0,0,0,0,0
0.47126054763793945,0,0.0,0.0,0.0,0.0,0.0,0.0,0.0,0.0,0.03,0,0,0,0,0,0,0,0,0,0,0,0,0,0,0,0,0,0,0,0,0
0.47247815132141113,0,0.0,0.0,0.0,0.0,0.0,0.0,0.0,0.0,0.03,0,0,0,0,0,0,0,0,0,0,0,0,0,0,0,0,0,0,0,0,0
0.47370266914367676,0,0.0,0.0,0.0,0.0,0.0,0.0,0.0,0.0,0.03,0,0,0,0,0,0,0,0,0,0,0,0,0,0,0,0,0,0,0,0,0
0.4748828411102295,0,0.0,0.0,0.0,0.0,0.0,0.0,0.0,0.0,0.03,0,0,0,0,0,0,0,0,0,0,0,0,0,0,0,0,0,0,0,0,0
0.47634267807006836,0,0.0,0.0,0.0,0.0,0.0,0.0,0.0,0.0,0.03,0,0,0,0,0,0,0,0,0,0,0,0,0,0,0,0,0,0,0,0,0
0.4780580997467041,0,0.0,0.0,0.0,0.0,0.0,0.0,0.0,0.0,0.03,0,0,0,0,0,0,0,0,0,0,0,0,0,0,0,0,0,0,0,0,0
0.4799835681915283,0,0.0,0.0,0.0,0.0,0.0,0.0,0.0,0.0,0.03,0,0,0,0,0,0,0,0,0,0,0,0,0,0,0,0,0,0,0,0,0
0.4812765121459961,0,0.0,0.0,0.0,0.0,0.0,0.0,0.0,0.0,0.03,0,0,0,0,0,0,0,0,0,0,0,0,0,0,0,0,0,0,0,0,0
0.4826681613922119,0,0.0,0.0,0.0,0.0,0.0,0.0,0.0,0.0,0.03,0,0,0,0,0,0,0,0,0,0,0,0,0,0,0,0,0,0,0,0,0
0.4838578701019287,0,0.0,0.0,0.0,0.0,0.0,0.0,0.0,0.0,0.03,0,0,0,0,0,0,0,0,0,0,0,0,0,0,0,0,0,0,0,0,0
0.4852619171142578,0,0.0,0.0,0.0,0.0,0.0,0.0,0.0,0.0,0.03,0,0,0,0,0,0,0,0,0,0,0,0,0,0,0,0,0,0,0,0,0
0.4865550994873047,0,0.0,0.0,0.0,0.0,0.0,0.0,0.0,0.0,0.03,0,0,0,0,0,0,0,0,0,0,0,0,0,0,0,0,0,0,0,0,0
0.4877316951751709,0,0.0,0.0,0.0,0.0,0.0,0.0,0.0,0.0,0.03,0,0,0,0,0,0,0,0,0,0,0,0,0,0,0,0,0,0,0,0,0
0.48883914947509766,0,0.0,0.0,0.0,0.0,0.0,0.0,0.0,0.0,0.03,0,0,0,0,0,0,0,0,0,0,0,0,0,0,0,0,0,0,0,0,0
0.49012136459350586,0,0.0,0.0,0.0,0.0,0.0,0.0,0.0,0.0,0.03,0,0,0,0,0,0,0,0,0,0,0,0,0,0,0,0,0,0,0,0,0
0.4911954402923584,0,0.0,0.0,0.0,0.0,0.0,0.0,0.0,0.0,0.03,0,0,0,0,0,0,0,0,0,0,0,0,0,0,0,0,0,0,0,0,0
0.49286937713623047,0,0.0,0.0,0.0,0.0,0.0,0.0,0.0,0.0,0.03,0,0,0,0,0,0,0,0,0,0,0,0,0,0,0,0,0,0,0,0,0
0.4947316646575928,0,0.0,0.0,0.0,0.0,0.0,0.0,0.0,0.0,0.03,0,0,0,0,0,0,0,0,0,0,0,0,0,0,0,0,0,0,0,0,0
0.4958670139312744,0,0.0,0.0,0.0,0.0,0.0,0.0,0.0,0.0,0.03,0,0,0,0,0,0,0,0,0,0,0,0,0,0,0,0,0,0,0,0,0
0.4970896244049072,0,0.0,0.0,0.0,0.0,0.0,0.0,0.0,0.0,0.03,0,0,0,0,0,0,0,0,0,0,0,0,0,0,0,0,0,0,0,0,0
0.4983398914337158,0,0.0,0.0,0.0,0.0,0.0,0.0,0.0,0.0,0.03,0,0,0,0,0,0,0,0,0,0,0,0,0,0,0,0,0,0,0,0,0
0.49972105026245117,0,0.0,0.0,0.0,0.0,0.0,0.0,0.0,0.0,0.03,0,0,0,0,0,0,0,0,0,0,0,0,0,0,0,0,0,0,0,0,0
0.5009851455688477,0,0.0,0.0,0.0,0.0,0.0,0.0,0.0,0.0,0.03,0,0,0,0,0,0,0,0,0,0,0,0,0,0,0,0,0,0,0,0,0
0.5021862983703613,0,0.0,0.0,0.0,0.0,0.0,0.0,0.0,0.0,0.03,0,0,0,0,0,0,0,0,0,0,0,0,0,0,0,0,0,0,0,0,0
0.5036265850067139,0,0.0,0.0,0.0,0.0,0.0,0.0,0.0,0.0,0.03,0,0,0,0,0,0,0,0,0,0,0,0,0,0,0,0,0,0,0,0,0
0.5050756931304932,0,0.0,0.0,0.0,0.0,0.0,0.0,0.0,0.0,0.03,0,0,0,0,0,0,0,0,0,0,0,0,0,0,0,0,0,0,0,0,0
0.506152868270874,0,0.0,0.0,0.0,0.0,0.0,0.0,0.0,0.0,0.03,0,0,0,0,0,0,0,0,0,0,0,0,0,0,0,0,0,0,0,0,0
0.5076272487640381,0,0.0,0.0,0.0,0.0,0.0,0.0,0.0,0.0,0.03,0,0,0,0,0,0,0,0,0,0,0,0,0,0,0,0,0,0,0,0,0
0.5088260173797607,0,0.0,0.0,0.0,0.0,0.0,0.0,0.0,0.0,0.03,0,0,0,0,0,0,0,0,0,0,0,0,0,0,0,0,0,0,0,0,0
0.5102334022521973,0,0.0,0.0,0.0,0.0,0.0,0.0,0.0,0.0,0.03,0,0,0,0,0,0,0,0,0,0,0,0,0,0,0,0,0,0,0,0,0
0.5113284587860107,0,0.0,0.0,0.0,0.0,0.0,0.0,0.0,0.0,0.03,0,0,0,0,0,0,0,0,0,0,0,0,0,0,0,0,0,0,0,0,0
0.5125043392181396,0,0.0,0.0,0.0,0.0,0.0,0.0,0.0,0.0,0.03,0,0,0,0,0,0,0,0,0,0,0,0,0,0,0,0,0,0,0,0,0
0.5136499404907227,0,0.0,0.0,0.0,0.0,0.0,0.0,0.0,0.0,0.03,0,0,0,0,0,0,0,0,0,0,0,0,0,0,0,0,0,0,0,0,0
0.5147364139556885,0,0.0,0.0,0.0,0.0,0.0,0.0,0.0,0.0,0.03,0,0,0,0,0,0,0,0,0,0,0,0,0,0,0,0,0,0,0,0,0
0.5158472061157227,0,0.0,0.0,0.0,0.0,0.0,0.0,0.0,0.0,0.03,0,0,0,0,0,0,0,0,0,0,0,0,0,0,0,0,0,0,0,0,0
0.5169060230255127,0,0.0,0.0,0.0,0.0,0.0,0.0,0.0,0.0,0.03,0,0,0,0,0,0,0,0,0,0,0,0,0,0,0,0,0,0,0,0,0
0.5184657573699951,0,0.0,0.0,0.0,0.0,0.0,0.0,0.0,0.0,0.03,0,0,0,0,0,0,0,0,0,0,0,0,0,0,0,0,0,0,0,0,0
0.5201704502105713,0,0.0,0.0,0.0,0.0,0.0,0.0,0.0,0.0,0.03,0,0,0,0,0,0,0,0,0,0,0,0,0,0,0,0,0,0,0,0,0
0.52144455909729,0,0.0,0.0,0.0,0.0,0.0,0.0,0.0,0.0,0.03,0,0,0,0,0,0,0,0,0,0,0,0,0,0,0,0,0,0,0,0,0
0.5226621627807617,0,0.0,0.0,0.0,0.0,0.0,0.0,0.0,0.0,0.03,0,0,0,0,0,0,0,0,0,0,0,0,0,0,0,0,0,0,0,0,0
0.5239107608795166,0,0.0,0.0,0.0,0.0,0.0,0.0,0.0,0.0,0.03,0,0,0,0,0,0,0,0,0,0,0,0,0,0,0,0,0,0,0,0,0
0.5251176357269287,0,0.0,0.0,0.0,0.0,0.0,0.0,0.0,0.0,0.03,0,0,0,0,0,0,0,0,0,0,0,0,0,0,0,0,0,0,0,0,0
0.5264637470245361,0,0.0,0.0,0.0,0.0,0.0,0.0,0.0,0.0,0.03,0,0,0,0,0,0,0,0,0,0,0,0,0,0,0,0,0,0,0,0,0
0.5275986194610596,0,0.0,0.0,0.0,0.0,0.0,0.0,0.0,0.0,0.03,0,0,0,0,0,0,0,0,0,0,0,0,0,0,0,0,0,0,0,0,0
0.5286910533905029,0,0.0,0.0,0.0,0.0,0.0,0.0,0.0,0.0,0.03,0,0,0,0,0,0,0,0,0,0,0,0,0,0,0,0,0,0,0,0,0
0.5298271179199219,0,0.0,0.0,0.0,0.0,0.0,0.0,0.0,0.0,0.03,0,0,0,0,0,0,0,0,0,0,0,0,0,0,0,0,0,0,0,0,0
0.5312173366546631,0,0.0,0.0,0.0,0.0,0.0,0.0,0.0,0.0,0.03,0,0,0,0,0,0,0,0,0,0,0,0,0,0,0,0,0,0,0,0,0
0.53267502784729,0,0.0,0.0,0.0,0.0,0.0,0.0,0.0,0.0,0.03,0,0,0,0,0,0,0,0,0,0,0,0,0,0,0,0,0,0,0,0,0
0.533766508102417,0,0.0,0.0,0.0,0.0,0.0,0.0,0.0,0.0,0.03,0,0,0,0,0,0,0,0,0,0,0,0,0,0,0,0,0,0,0,0,0
0.5348401069641113,0,0.0,0.0,0.0,0.0,0.0,0.0,0.0,0.0,0.03,0,0,0,0,0,0,0,0,0,0,0,0,0,0,0,0,0,0,0,0,0
0.5360312461853027,0,0.0,0.0,0.0,0.0,0.0,0.0,0.0,0.0,0.03,0,0,0,0,0,0,0,0,0,0,0,0,0,0,0,0,0,0,0,0,0
0.5370874404907227,0,0.0,0.0,0.0,0.0,0.0,0.0,0.0,0.0,0.03,0,0,0,0,0,0,0,0,0,0,0,0,0,0,0,0,0,0,0,0,0
0.538287878036499,0,0.0,0.0,0.0,0.0,0.0,0.0,0.0,0.0,0.03,0,0,0,0,0,0,0,0,0,0,0,0,0,0,0,0,0,0,0,0,0
0.5396571159362793,0,0.0,0.0,0.0,0.0,0.0,0.0,0.0,0.0,0.03,0,0,0,0,0,0,0,0,0,0,0,0,0,0,0,0,0,0,0,0,0
0.5408484935760498,0,0.0,0.0,0.0,0.0,0.0,0.0,0.0,0.0,0.03,0,0,0,0,0,0,0,0,0,0,0,0,0,0,0,0,0,0,0,0,0
0.542034387588501,0,0.0,0.0,0.0,0.0,0.0,0.0,0.0,0.0,0.03,0,0,0,0,0,0,0,0,0,0,0,0,0,0,0,0,0,0,0,0,0
0.5432114601135254,0,0.0,0.0,0.0,0.0,0.0,0.0,0.0,0.0,0.03,0,0,0,0,0,0,0,0,0,0,0,0,0,0,0,0,0,0,0,0,0
0.5450778007507324,0,0.0,0.0,0.0,0.0,0.0,0.0,0.0,0.0,0.03,0,0,0,0,0,0,0,0,0,0,0,0,0,0,0,0,0,0,0,0,0
0.5464682579040527,0,0.0,0.0,0.0,0.0,0.0,0.0,0.0,0.0,0.03,0,0,0,0,0,0,0,0,0,0,0,0,0,0,0,0,0,0,0,0,0
0.5476400852203369,0,0.0,0.0,0.0,0.0,0.0,0.0,0.0,0.0,0.03,0,0,0,0,0,0,0,0,0,0,0,0,0,0,0,0,0,0,0,0,0
0.5490269660949707,0,0.0,0.0,0.0,0.0,0.0,0.0,0.0,0.0,0.03,0,0,0,0,0,0,0,0,0,0,0,0,0,0,0,0,0,0,0,0,0
0.5504181385040283,0,0.0,0.0,0.0,0.0,0.0,0.0,0.0,0.0,0.03,0,0,0,0,0,0,0,0,0,0,0,0,0,0,0,0,0,0,0,0,0
0.5514934062957764,0,0.0,0.0,0.0,0.0,0.0,0.0,0.0,0.0,0.03,0,0,0,0,0,0,0,0,0,0,0,0,0,0,0,0,0,0,0,0,0
0.5544633865356445,0,0.0,0.0,0.0,0.0,0.0,0.0,0.0,0.0,0.03,0,0,0,0,0,0,0,0,0,0,0,0,0,0,0,0,0,0,0,0,0
0.5557913780212402,0,0.0,0.0,0.0,0.0,0.0,0.0,0.0,0.0,0.03,0,0,0,0,0,0,0,0,0,0,0,0,0,0,0,0,0,0,0,0,0
0.5578153133392334,0,0.0,0.0,0.0,0.0,0.0,0.0,0.0,0.0,0.03,0,0,0,0,0,0,0,0,0,0,0,0,0,0,0,0,0,0,0,0,0
0.5590674877166748,0,0.0,0.0,0.0,0.0,0.0,0.0,0.0,0.0,0.03,0,0,0,0,0,0,0,0,0,0,0,0,0,0,0,0,0,0,0,0,0
0.5603427886962891,0,0.0,0.0,0.0,0.0,0.0,0.0,0.0,0.0,0.03,0,0,0,0,0,0,0,0,0,0,0,0,0,0,0,0,0,0,0,0,0
0.5614619255065918,0,0.0,0.0,0.0,0.0,0.0,0.0,0.0,0.0,0.03,0,0,0,0,0,0,0,0,0,0,0,0,0,0,0,0,0,0,0,0,0
0.5626051425933838,0,0.0,0.0,0.0,0.0,0.0,0.0,0.0,0.0,0.03,0,0,0,0,0,0,0,0,0,0,0,0,0,0,0,0,0,0,0,0,0
0.5639097690582275,0,0.0,0.0,0.0,0.0,0.0,0.0,0.0,0.0,0.03,0,0,0,0,0,0,0,0,0,0,0,0,0,0,0,0,0,0,0,0,0
0.5651752948760986,0,0.0,0.0,0.0,0.0,0.0,0.0,0.0,0.0,0.03,0,0,0,0,0,0,0,0,0,0,0,0,0,0,0,0,0,0,0,0,0
0.567523717880249,0,0.0,0.0,0.0,0.0,0.0,0.0,0.0,0.0,0.03,0,0,0,0,0,0,0,0,0,0,0,0,0,0,0,0,0,0,0,0,0
0.5687582492828369,0,0.0,0.0,0.0,0.0,0.0,0.0,0.0,0.0,0.03,0,0,0,0,0,0,0,0,0,0,0,0,0,0,0,0,0,0,0,0,0
0.5699458122253418,0,0.0,0.0,0.0,0.0,0.0,0.0,0.0,0.0,0.03,0,0,0,0,0,0,0,0,0,0,0,0,0,0,0,0,0,0,0,0,0
0.5712532997131348,0,0.0,0.0,0.0,0.0,0.0,0.0,0.0,0.0,0.03,0,0,0,0,0,0,0,0,0,0,0,0,0,0,0,0,0,0,0,0,0
0.5723476409912109,0,0.0,0.0,0.0,0.0,0.0,0.0,0.0,0.0,0.03,0,0,0,0,0,0,0,0,0,0,0,0,0,0,0,0,0,0,0,0,0
0.5735447406768799,0,0.0,0.0,0.0,0.0,0.0,0.0,0.0,0.0,0.03,0,0,0,0,0,0,0,0,0,0,0,0,0,0,0,0,0,0,0,0,0
0.5746371746063232,0,0.0,0.0,0.0,0.0,0.0,0.0,0.0,0.0,0.03,0,0,0,0,0,0,0,0,0,0,0,0,0,0,0,0,0,0,0,0,0
0.5757648944854736,0,0.0,0.0,0.0,0.0,0.0,0.0,0.0,0.0,0.03,0,0,0,0,0,0,0,0,0,0,0,0,0,0,0,0,0,0,0,0,0
0.5768349170684814,0,0.0,0.0,0.0,0.0,0.0,0.0,0.0,0.0,0.03,0,0,0,0,0,0,0,0,0,0,0,0,0,0,0,0,0,0,0,0,0
0.5782995223999023,0,0.0,0.0,0.0,0.0,0.0,0.0,0.0,0.0,0.03,0,0,0,0,0,0,0,0,0,0,0,0,0,0,0,0,0,0,0,0,0
0.579829216003418,0,0.0,0.0,0.0,0.0,0.0,0.0,0.0,0.0,0.03,0,0,0,0,0,0,0,0,0,0,0,0,0,0,0,0,0,0,0,0,0
0.5809609889984131,0,0.0,0.0,0.0,0.0,0.0,0.0,0.0,0.0,0.03,0,0,0,0,0,0,0,0,0,0,0,0,0,0,0,0,0,0,0,0,0
0.5822689533233643,0,0.0,0.0,0.0,0.0,0.0,0.0,0.0,0.0,0.03,0,0,0,0,0,0,0,0,0,0,0,0,0,0,0,0,0,0,0,0,0
0.5834848880767822,0,0.0,0.0,0.0,0.0,0.0,0.0,0.0,0.0,0.03,0,0,0,0,0,0,0,0,0,0,0,0,0,0,0,0,0,0,0,0,0
0.5846970081329346,0,0.0,0.0,0.0,0.0,0.0,0.0,0.0,0.0,0.03,0,0,0,0,0,0,0,0,0,0,0,0,0,0,0,0,0,0,0,0,0
0.5864882469177246,0,0.0,0.0,0.0,0.0,0.0,0.0,0.0,0.0,0.03,0,0,0,0,0,0,0,0,0,0,0,0,0,0,0,0,0,0,0,0,0
0.587641716003418,0,0.0,0.0,0.0,0.0,0.0,0.0,0.0,0.0,0.03,0,0,0,0,0,0,0,0,0,0,0,0,0,0,0,0,0,0,0,0,0
0.5887348651885986,0,0.0,0.0,0.0,0.0,0.0,0.0,0.0,0.0,0.03,0,0,0,0,0,0,0,0,0,0,0,0,0,0,0,0,0,0,0,0,0
0.5898833274841309,0,0.0,0.0,0.0,0.0,0.0,0.0,0.0,0.0,0.03,0,0,0,0,0,0,0,0,0,0,0,0,0,0,0,0,0,0,0,0,0
0.5911991596221924,0,0.0,0.0,0.0,0.0,0.0,0.0,0.0,0.0,0.03,0,0,0,0,0,0,0,0,0,0,0,0,0,0,0,0,0,0,0,0,0
0.5926880836486816,0,0.0,0.0,0.0,0.0,0.0,0.0,0.0,0.0,0.03,0,0,0,0,0,0,0,0,0,0,0,0,0,0,0,0,0,0,0,0,0
0.5938646793365479,0,0.0,0.0,0.0,0.0,0.0,0.0,0.0,0.0,0.03,0,0,0,0,0,0,0,0,0,0,0,0,0,0,0,0,0,0,0,0,0
0.5949478149414062,0,0.0,0.0,0.0,0.0,0.0,0.0,0.0,0.0,0.03,0,0,0,0,0,0,0,0,0,0,0,0,0,0,0,0,0,0,0,0,0
0.5960290431976318,0,0.0,0.0,0.0,0.0,0.0,0.0,0.0,0.0,0.03,0,0,0,0,0,0,0,0,0,0,0,0,0,0,0,0,0,0,0,0,0
0.5973498821258545,0,0.0,0.0,0.0,0.0,0.0,0.0,0.0,0.0,0.03,0,0,0,0,0,0,0,0,0,0,0,0,0,0,0,0,0,0,0,0,0
0.5987040996551514,0,0.0,0.0,0.0,0.0,0.0,0.0,0.0,0.0,0.03,0,0,0,0,0,0,0,0,0,0,0,0,0,0,0,0,0,0,0,0,0
0.6001787185668945,0,0.0,0.0,0.0,0.0,0.0,0.0,0.0,0.0,0.03,0,0,0,0,0,0,0,0,0,0,0,0,0,0,0,0,0,0,0,0,0
0.6013517379760742,0,0.0,0.0,0.0,0.0,0.0,0.0,0.0,0.0,0.03,0,0,0,0,0,0,0,0,0,0,0,0,0,0,0,0,0,0,0,0,0
0.6024858951568604,0,0.0,0.0,0.0,0.0,0.0,0.0,0.0,0.0,0.03,0,0,0,0,0,0,0,0,0,0,0,0,0,0,0,0,0,0,0,0,0
0.6035788059234619,0,0.0,0.0,0.0,0.0,0.0,0.0,0.0,0.0,0.03,0,0,0,0,0,0,0,0,0,0,0,0,0,0,0,0,0,0,0,0,0
0.6047413349151611,0,0.0,0.0,0.0,0.0,0.0,0.0,0.0,0.0,0.03,0,0,0,0,0,0,0,0,0,0,0,0,0,0,0,0,0,0,0,0,0
0.6063394546508789,0,0.0,0.0,0.0,0.0,0.0,0.0,0.0,0.0,0.03,0,0,0,0,0,0,0,0,0,0,0,0,0,0,0,0,0,0,0,0,0
0.6074495315551758,0,0.0,0.0,0.0,0.0,0.0,0.0,0.0,0.0,0.03,0,0,0,0,0,0,0,0,0,0,0,0,0,0,0,0,0,0,0,0,0
0.608626127243042,0,0.0,0.0,0.0,0.0,0.0,0.0,0.0,0.0,0.03,0,0,0,0,0,0,0,0,0,0,0,0,0,0,0,0,0,0,0,0,0
0.6098392009735107,0,0.0,0.0,0.0,0.0,0.0,0.0,0.0,0.0,0.03,0,0,0,0,0,0,0,0,0,0,0,0,0,0,0,0,0,0,0,0,0
0.6109113693237305,0,0.0,0.0,0.0,0.0,0.0,0.0,0.0,0.0,0.03,0,0,0,0,0,0,0,0,0,0,0,0,0,0,0,0,0,0,0,0,0
0.61222243309021,0,0.0,0.0,0.0,0.0,0.0,0.0,0.0,0.0,0.03,0,0,0,0,0,0,0,0,0,0,0,0,0,0,0,0,0,0,0,0,0
0.6142542362213135,0,0.0,0.0,0.0,0.0,0.0,0.0,0.0,0.0,0.03,0,0,0,0,0,0,0,0,0,0,0,0,0,0,0,0,0,0,0,0,0
0.6156251430511475,0,0.0,0.0,0.0,0.0,0.0,0.0,0.0,0.0,0.03,0,0,0,0,0,0,0,0,0,0,0,0,0,0,0,0,0,0,0,0,0
0.6169426441192627,0,0.0,0.0,0.0,0.0,0.0,0.0,0.0,0.0,0.03,0,0,0,0,0,0,0,0,0,0,0,0,0,0,0,0,0,0,0,0,0
0.6182394027709961,0,0.0,0.0,0.0,0.0,0.0,0.0,0.0,0.0,0.03,0,0,0,0,0,0,0,0,0,0,0,0,0,0,0,0,0,0,0,0,0
0.6203460693359375,0,0.0,0.0,0.0,0.0,0.0,0.0,0.0,0.0,0.03,0,0,0,0,0,0,0,0,0,0,0,0,0,0,0,0,0,0,0,0,0
0.621849536895752,0,0.0,0.0,0.0,0.0,0.0,0.0,0.0,0.0,0.03,0,0,0,0,0,0,0,0,0,0,0,0,0,0,0,0,0,0,0,0,0
0.6229875087738037,0,0.0,0.0,0.0,0.0,0.0,0.0,0.0,0.0,0.03,0,0,0,0,0,0,0,0,0,0,0,0,0,0,0,0,0,0,0,0,0
0.6242532730102539,0,0.0,0.0,0.0,0.0,0.0,0.0,0.0,0.0,0.03,0,0,0,0,0,0,0,0,0,0,0,0,0,0,0,0,0,0,0,0,0
0.6253447532653809,0,0.0,0.0,0.0,0.0,0.0,0.0,0.0,0.0,0.03,0,0,0,0,0,0,0,0,0,0,0,0,0,0,0,0,0,0,0,0,0
0.6264443397521973,0,0.0,0.0,0.0,0.0,0.0,0.0,0.0,0.0,0.03,0,0,0,0,0,0,0,0,0,0,0,0,0,0,0,0,0,0,0,0,0
0.6275379657745361,0,0.0,0.0,0.0,0.0,0.0,0.0,0.0,0.0,0.03,0,0,0,0,0,0,0,0,0,0,0,0,0,0,0,0,0,0,0,0,0
0.6286799907684326,0,0.0,0.0,0.0,0.0,0.0,0.0,0.0,0.0,0.03,0,0,0,0,0,0,0,0,0,0,0,0,0,0,0,0,0,0,0,0,0
0.6299104690551758,0,0.0,0.0,0.0,0.0,0.0,0.0,0.0,0.0,0.03,0,0,0,0,0,0,0,0,0,0,0,0,0,0,0,0,0,0,0,0,0
0.6311485767364502,0,0.0,0.0,0.0,0.0,0.0,0.0,0.0,0.0,0.03,0,0,0,0,0,0,0,0,0,0,0,0,0,0,0,0,0,0,0,0,0
0.6322436332702637,0,0.0,0.0,0.0,0.0,0.0,0.0,0.0,0.0,0.03,0,0,0,0,0,0,0,0,0,0,0,0,0,0,0,0,0,0,0,0,0
0.6333510875701904,0,0.0,0.0,0.0,0.0,0.0,0.0,0.0,0.0,0.03,0,0,0,0,0,0,0,0,0,0,0,0,0,0,0,0,0,0,0,0,0
0.6344718933105469,0,0.0,0.0,0.0,0.0,0.0,0.0,0.0,0.0,0.03,0,0,0,0,0,0,0,0,0,0,0,0,0,0,0,0,0,0,0,0,0
0.6356656551361084,0,0.0,0.0,0.0,0.0,0.0,0.0,0.0,0.0,0.03,0,0,0,0,0,0,0,0,0,0,0,0,0,0,0,0,0,0,0,0,0
0.6369106769561768,0,0.0,0.0,0.0,0.0,0.0,0.0,0.0,0.0,0.03,0,0,0,0,0,0,0,0,0,0,0,0,0,0,0,0,0,0,0,0,0
0.6381452083587646,0,0.0,0.0,0.0,0.0,0.0,0.0,0.0,0.0,0.03,0,0,0,0,0,0,0,0,0,0,0,0,0,0,0,0,0,0,0,0,0
0.6394343376159668,0,0.0,0.0,0.0,0.0,0.0,0.0,0.0,0.0,0.03,0,0,0,0,0,0,0,0,0,0,0,0,0,0,0,0,0,0,0,0,0
0.6420497894287109,0,0.0,0.0,0.0,0.0,0.0,0.0,0.0,0.0,0.03,0,0,0,0,0,0,0,0,0,0,0,0,0,0,0,0,0,0,0,0,0
0.64337158203125,0,0.0,0.0,0.0,0.0,0.0,0.0,0.0,0.0,0.03,0,0,0,0,0,0,0,0,0,0,0,0,0,0,0,0,0,0,0,0,0
0.6453943252563477,0,0.0,0.0,0.0,0.0,0.0,0.0,0.0,0.0,0.03,0,0,0,0,0,0,0,0,0,0,0,0,0,0,0,0,0,0,0,0,0
0.6465175151824951,0,0.0,0.0,0.0,0.0,0.0,0.0,0.0,0.0,0.03,0,0,0,0,0,0,0,0,0,0,0,0,0,0,0,0,0,0,0,0,0
0.6476807594299316,0,0.0,0.0,0.0,0.0,0.0,0.0,0.0,0.0,0.03,0,0,0,0,0,0,0,0,0,0,0,0,0,0,0,0,0,0,0,0,0
0.6490228176116943,0,0.0,0.0,0.0,0.0,0.0,0.0,0.0,0.0,0.03,0,0,0,0,0,0,0,0,0,0,0,0,0,0,0,0,0,0,0,0,0
0.6501686573028564,0,0.0,0.0,0.0,0.0,0.0,0.0,0.0,0.0,0.03,0,0,0,0,0,0,0,0,0,0,0,0,0,0,0,0,0,0,0,0,0
0.6515429019927979,0,0.0,0.0,0.0,0.0,0.0,0.0,0.0,0.0,0.03,0,0,0,0,0,0,0,0,0,0,0,0,0,0,0,0,0,0,0,0,0
0.6530375480651855,0,0.0,0.0,0.0,0.0,0.0,0.0,0.0,0.0,0.03,0,0,0,0,0,0,0,0,0,0,0,0,0,0,0,0,0,0,0,0,0
0.6542394161224365,0,0.0,0.0,0.0,0.0,0.0,0.0,0.0,0.0,0.03,0,0,0,0,0,0,0,0,0,0,0,0,0,0,0,0,0,0,0,0,0
0.6553218364715576,0,0.0,0.0,0.0,0.0,0.0,0.0,0.0,0.0,0.03,0,0,0,0,0,0,0,0,0,0,0,0,0,0,0,0,0,0,0,0,0
0.6564319133758545,0,0.0,0.0,0.0,0.0,0.0,0.0,0.0,0.0,0.03,0,0,0,0,0,0,0,0,0,0,0,0,0,0,0,0,0,0,0,0,0
0.6579794883728027,0,0.0,0.0,0.0,0.0,0.0,0.0,0.0,0.0,0.03,0,0,0,0,0,0,0,0,0,0,0,0,0,0,0,0,0,0,0,0,0
0.6593782901763916,0,0.0,0.0,0.0,0.0,0.0,0.0,0.0,0.0,0.03,0,0,0,0,0,0,0,0,0,0,0,0,0,0,0,0,0,0,0,0,0
0.6613726615905762,0,0.0,0.0,0.0,0.0,0.0,0.0,0.0,0.0,0.03,0,0,0,0,0,0,0,0,0,0,0,0,0,0,0,0,0,0,0,0,0
0.6625781059265137,0,0.0,0.0,0.0,0.0,0.0,0.0,0.0,0.0,0.03,0,0,0,0,0,0,0,0,0,0,0,0,0,0,0,0,0,0,0,0,0
0.6637499332427979,0,0.0,0.0,0.0,0.0,0.0,0.0,0.0,0.0,0.03,0,0,0,0,0,0,0,0,0,0,0,0,0,0,0,0,0,0,0,0,0
0.6650707721710205,0,0.0,0.0,0.0,0.0,0.0,0.0,0.0,0.0,0.03,0,0,0,0,0,0,0,0,0,0,0,0,0,0,0,0,0,0,0,0,0
0.6663830280303955,0,0.0,0.0,0.0,0.0,0.0,0.0,0.0,0.0,0.03,0,0,0,0,0,0,0,0,0,0,0,0,0,0,0,0,0,0,0,0,0
0.6674859523773193,0,0.0,0.0,0.0,0.0,0.0,0.0,0.0,0.0,0.03,0,0,0,0,0,0,0,0,0,0,0,0,0,0,0,0,0,0,0,0,0
0.6687438488006592,0,0.0,0.0,0.0,0.0,0.0,0.0,0.0,0.0,0.03,0,0,0,0,0,0,0,0,0,0,0,0,0,0,0,0,0,0,0,0,0
0.6698567867279053,0,0.0,0.0,0.0,0.0,0.0,0.0,0.0,0.0,0.03,0,0,0,0,0,0,0,0,0,0,0,0,0,0,0,0,0,0,0,0,0
0.6737504005432129,0,0.0,0.0,0.0,0.0,0.0,0.0,0.0,0.0,0.03,0,0,0,0,0,0,0,0,0,0,0,0,0,0,0,0,0,0,0,0,0
0.6750032901763916,0,0.0,0.0,0.0,0.0,0.0,0.0,0.0,0.0,0.03,0,0,0,0,0,0,0,0,0,0,0,0,0,0,0,0,0,0,0,0,0
0.6767621040344238,0,0.0,0.0,0.0,0.0,0.0,0.0,0.0,0.0,0.03,0,0,0,0,0,0,0,0,0,0,0,0,0,0,0,0,0,0,0,0,0
0.6785392761230469,0,0.0,0.0,0.0,0.0,0.0,0.0,0.0,0.0,0.03,0,0,0,0,0,0,0,0,0,0,0,0,0,0,0,0,0,0,0,0,0
0.6800875663757324,0,0.0,0.0,0.0,0.0,0.0,0.0,0.0,0.0,0.03,0,0,0,0,0,0,0,0,0,0,0,0,0,0,0,0,0,0,0,0,0
0.68119215965271,0,0.0,0.0,0.0,0.0,0.0,0.0,0.0,0.0,0.03,0,0,0,0,0,0,0,0,0,0,0,0,0,0,0,0,0,0,0,0,0
0.6826748847961426,0,0.0,0.0,0.0,0.0,0.0,0.0,0.0,0.0,0.03,0,0,0,0,0,0,0,0,0,0,0,0,0,0,0,0,0,0,0,0,0
0.6841583251953125,0,0.0,0.0,0.0,0.0,0.0,0.0,0.0,0.0,0.03,0,0,0,0,0,0,0,0,0,0,0,0,0,0,0,0,0,0,0,0,0
0.6863462924957275,0,0.0,0.0,0.0,0.0,0.0,0.0,0.0,0.0,0.03,0,0,0,0,0,0,0,0,0,0,0,0,0,0,0,0,0,0,0,0,0
0.6877388954162598,0,0.0,0.0,0.0,0.0,0.0,0.0,0.0,0.0,0.03,0,0,0,0,0,0,0,0,0,0,0,0,0,0,0,0,0,0,0,0,0
0.6888666152954102,0,0.0,0.0,0.0,0.0,0.0,0.0,0.0,0.0,0.03,0,0,0,0,0,0,0,0,0,0,0,0,0,0,0,0,0,0,0,0,0
0.6903867721557617,0,0.0,0.0,0.0,0.0,0.0,0.0,0.0,0.0,0.03,0,0,0,0,0,0,0,0,0,0,0,0,0,0,0,0,0,0,0,0,0
0.6916892528533936,0,0.0,0.0,0.0,0.0,0.0,0.0,0.0,0.0,0.03,0,0,0,0,0,0,0,0,0,0,0,0,0,0,0,0,0,0,0,0,0
0.6927850246429443,0,0.0,0.0,0.0,0.0,0.0,0.0,0.0,0.0,0.03,0,0,0,0,0,0,0,0,0,0,0,0,0,0,0,0,0,0,0,0,0
0.6939282417297363,0,0.0,0.0,0.0,0.0,0.0,0.0,0.0,0.0,0.03,0,0,0,0,0,0,0,0,0,0,0,0,0,0,0,0,0,0,0,0,0
0.695296049118042,0,0.0,0.0,0.0,0.0,0.0,0.0,0.0,0.0,0.03,0,0,0,0,0,0,0,0,0,0,0,0,0,0,0,0,0,0,0,0,0
0.6963841915130615,0,0.0,0.0,0.0,0.0,0.0,0.0,0.0,0.0,0.03,0,0,0,0,0,0,0,0,0,0,0,0,0,0,0,0,0,0,0,0,0
0.6976335048675537,0,0.0,0.0,0.0,0.0,0.0,0.0,0.0,0.0,0.03,0,0,0,0,0,0,0,0,0,0,0,0,0,0,0,0,0,0,0,0,0
0.6989598274230957,0,0.0,0.0,0.0,0.0,0.0,0.0,0.0,0.0,0.03,0,0,0,0,0,0,0,0,0,0,0,0,0,0,0,0,0,0,0,0,0
0.7001008987426758,0,0.0,0.0,0.0,0.0,0.0,0.0,0.0,0.0,0.03,0,0,0,0,0,0,0,0,0,0,0,0,0,0,0,0,0,0,0,0,0
0.7014791965484619,0,0.0,0.0,0.0,0.0,0.0,0.0,0.0,0.0,0.03,0,0,0,0,0,0,0,0,0,0,0,0,0,0,0,0,0,0,0,0,0
0.7026562690734863,0,0.0,0.0,0.0,0.0,0.0,0.0,0.0,0.0,0.03,0,0,0,0,0,0,0,0,0,0,0,0,0,0,0,0,0,0,0,0,0
0.7037744522094727,0,0.0,0.0,0.0,0.0,0.0,0.0,0.0,0.0,0.03,0,0,0,0,0,0,0,0,0,0,0,0,0,0,0,0,0,0,0,0,0
0.7048707008361816,0,0.0,0.0,0.0,0.0,0.0,0.0,0.0,0.0,0.03,0,0,0,0,0,0,0,0,0,0,0,0,0,0,0,0,0,0,0,0,0
0.7064011096954346,0,0.0,0.0,0.0,0.0,0.0,0.0,0.0,0.0,0.03,0,0,0,0,0,0,0,0,0,0,0,0,0,0,0,0,0,0,0,0,0
0.707935094833374,0,0.0,0.0,0.0,0.0,0.0,0.0,0.0,0.0,0.03,0,0,0,0,0,0,0,0,0,0,0,0,0,0,0,0,0,0,0,0,0
0.7090470790863037,0,0.0,0.0,0.0,0.0,0.0,0.0,0.0,0.0,0.03,0,0,0,0,0,0,0,0,0,0,0,0,0,0,0,0,0,0,0,0,0
0.7105734348297119,0,0.0,0.0,0.0,0.0,0.0,0.0,0.0,0.0,0.03,0,0,0,0,0,0,0,0,0,0,0,0,0,0,0,0,0,0,0,0,0
0.7116742134094238,0,0.0,0.0,0.0,0.0,0.0,0.0,0.0,0.0,0.03,0,0,0,0,0,0,0,0,0,0,0,0,0,0,0,0,0,0,0,0,0
0.7129485607147217,0,0.0,0.0,0.0,0.0,0.0,0.0,0.0,0.0,0.03,0,0,0,0,0,0,0,0,0,0,0,0,0,0,0,0,0,0,0,0,0
0.714069128036499,0,0.0,0.0,0.0,0.0,0.0,0.0,0.0,0.0,0.03,0,0,0,0,0,0,0,0,0,0,0,0,0,0,0,0,0,0,0,0,0
0.7151563167572021,0,0.0,0.0,0.0,0.0,0.0,0.0,0.0,0.0,0.03,0,0,0,0,0,0,0,0,0,0,0,0,0,0,0,0,0,0,0,0,0
0.7169208526611328,0,0.0,0.0,0.0,0.0,0.0,0.0,0.0,0.0,0.03,0,0,0,0,0,0,0,0,0,0,0,0,0,0,0,0,0,0,0,0,0
0.7183291912078857,0,0.0,0.0,0.0,0.0,0.0,0.0,0.0,0.0,0.03,0,0,0,0,0,0,0,0,0,0,0,0,0,0,0,0,0,0,0,0,0
0.7200624942779541,0,0.0,0.0,0.0,0.0,0.0,0.0,0.0,0.0,0.03,0,0,0,0,0,0,0,0,0,0,0,0,0,0,0,0,0,0,0,0,0
0.7213096618652344,0,0.0,0.0,0.0,0.0,0.0,0.0,0.0,0.0,0.03,0,0,0,0,0,0,0,0,0,0,0,0,0,0,0,0,0,0,0,0,0
0.7224788665771484,0,0.0,0.0,0.0,0.0,0.0,0.0,0.0,0.0,0.03,0,0,0,0,0,0,0,0,0,0,0,0,0,0,0,0,0,0,0,0,0
0.7235956192016602,0,0.0,0.0,0.0,0.0,0.0,0.0,0.0,0.0,0.03,0,0,0,0,0,0,0,0,0,0,0,0,0,0,0,0,0,0,0,0,0
0.7247445583343506,0,0.0,0.0,0.0,0.0,0.0,0.0,0.0,0.0,0.03,0,0,0,0,0,0,0,0,0,0,0,0,0,0,0,0,0,0,0,0,0
0.7261533737182617,0,0.0,0.0,0.0,0.0,0.0,0.0,0.0,0.0,0.03,0,0,0,0,0,0,0,0,0,0,0,0,0,0,0,0,0,0,0,0,0
0.7273190021514893,0,0.0,0.0,0.0,0.0,0.0,0.0,0.0,0.0,0.03,0,0,0,0,0,0,0,0,0,0,0,0,0,0,0,0,0,0,0,0,0
0.7286243438720703,0,0.0,0.0,0.0,0.0,0.0,0.0,0.0,0.0,0.03,0,0,0,0,0,0,0,0,0,0,0,0,0,0,0,0,0,0,0,0,0
0.7305071353912354,0,0.0,0.0,0.0,0.0,0.0,0.0,0.0,0.0,0.03,0,0,0,0,0,0,0,0,0,0,0,0,0,0,0,0,0,0,0,0,0
0.7319049835205078,0,0.0,0.0,0.0,0.0,0.0,0.0,0.0,0.0,0.03,0,0,0,0,0,0,0,0,0,0,0,0,0,0,0,0,0,0,0,0,0
0.7330610752105713,0,0.0,0.0,0.0,0.0,0.0,0.0,0.0,0.0,0.03,0,0,0,0,0,0,0,0,0,0,0,0,0,0,0,0,0,0,0,0,0
0.7347090244293213,0,0.0,0.0,0.0,0.0,0.0,0.0,0.0,0.0,0.03,0,0,0,0,0,0,0,0,0,0,0,0,0,0,0,0,0,0,0,0,0
0.7366764545440674,0,0.0,0.0,0.0,0.0,0.0,0.0,0.0,0.0,0.03,0,0,0,0,0,0,0,0,0,0,0,0,0,0,0,0,0,0,0,0,0
0.7385916709899902,0,0.0,0.0,0.0,0.0,0.0,0.0,0.0,0.0,0.03,0,0,0,0,0,0,0,0,0,0,0,0,0,0,0,0,0,0,0,0,0
0.740018367767334,0,0.0,0.0,0.0,0.0,0.0,0.0,0.0,0.0,0.03,0,0,0,0,0,0,0,0,0,0,0,0,0,0,0,0,0,0,0,0,0
0.7413403987884521,0,0.0,0.0,0.0,0.0,0.0,0.0,0.0,0.0,0.03,0,0,0,0,0,0,0,0,0,0,0,0,0,0,0,0,0,0,0,0,0
0.7425673007965088,0,0.0,0.0,0.0,0.0,0.0,0.0,0.0,0.0,0.03,0,0,0,0,0,0,0,0,0,0,0,0,0,0,0,0,0,0,0,0,0
0.7438089847564697,0,0.0,0.0,0.0,0.0,0.0,0.0,0.0,0.0,0.03,0,0,0,0,0,0,0,0,0,0,0,0,0,0,0,0,0,0,0,0,0
0.74491286277771,0,0.0,0.0,0.0,0.0,0.0,0.0,0.0,0.0,0.03,0,0,0,0,0,0,0,0,0,0,0,0,0,0,0,0,0,0,0,0,0
0.7460284233093262,0,0.0,0.0,0.0,0.0,0.0,0.0,0.0,0.0,0.03,0,0,0,0,0,0,0,0,0,0,0,0,0,0,0,0,0,0,0,0,0
0.7475998401641846,0,0.0,0.0,0.0,0.0,0.0,0.0,0.0,0.0,0.03,0,0,0,0,0,0,0,0,0,0,0,0,0,0,0,0,0,0,0,0,0
0.7486939430236816,0,0.0,0.0,0.0,0.0,0.0,0.0,0.0,0.0,0.03,0,0,0,0,0,0,0,0,0,0,0,0,0,0,0,0,0,0,0,0,0
0.7497868537902832,0,0.0,0.0,0.0,0.0,0.0,0.0,0.0,0.0,0.03,0,0,0,0,0,0,0,0,0,0,0,0,0,0,0,0,0,0,0,0,0
0.7509453296661377,0,0.0,0.0,0.0,0.0,0.0,0.0,0.0,0.0,0.03,0,0,0,0,0,0,0,0,0,0,0,0,0,0,0,0,0,0,0,0,0
0.7520725727081299,0,0.0,0.0,0.0,0.0,0.0,0.0,0.0,0.0,0.03,0,0,0,0,0,0,0,0,0,0,0,0,0,0,0,0,0,0,0,0,0
0.7534079551696777,0,0.0,0.0,0.0,0.0,0.0,0.0,0.0,0.0,0.03,0,0,0,0,0,0,0,0,0,0,0,0,0,0,0,0,0,0,0,0,0
0.7547392845153809,0,0.0,0.0,0.0,0.0,0.0,0.0,0.0,0.0,0.03,0,0,0,0,0,0,0,0,0,0,0,0,0,0,0,0,0,0,0,0,0
0.7559213638305664,0,0.0,0.0,0.0,0.0,0.0,0.0,0.0,0.0,0.03,0,0,0,0,0,0,0,0,0,0,0,0,0,0,0,0,0,0,0,0,0
0.7570304870605469,0,0.0,0.0,0.0,0.0,0.0,0.0,0.0,0.0,0.03,0,0,0,0,0,0,0,0,0,0,0,0,0,0,0,0,0,0,0,0,0
0.7585809230804443,0,0.0,0.0,0.0,0.0,0.0,0.0,0.0,0.0,0.03,0,0,0,0,0,0,0,0,0,0,0,0,0,0,0,0,0,0,0,0,0
0.7600827217102051,0,0.0,0.0,0.0,0.0,0.0,0.0,0.0,0.0,0.03,0,0,0,0,0,0,0,0,0,0,0,0,0,0,0,0,0,0,0,0,0
0.7613131999969482,0,0.0,0.0,0.0,0.0,0.0,0.0,0.0,0.0,0.03,0,0,0,0,0,0,0,0,0,0,0,0,0,0,0,0,0,0,0,0,0
0.7627170085906982,0,0.0,0.0,0.0,0.0,0.0,0.0,0.0,0.0,0.03,0,0,0,0,0,0,0,0,0,0,0,0,0,0,0,0,0,0,0,0,0
0.7642786502838135,0,0.0,0.0,0.0,0.0,0.0,0.0,0.0,0.0,0.03,0,0,0,0,0,0,0,0,0,0,0,0,0,0,0,0,0,0,0,0,0
0.7658119201660156,0,0.0,0.0,0.0,0.0,0.0,0.0,0.0,0.0,0.03,0,0,0,0,0,0,0,0,0,0,0,0,0,0,0,0,0,0,0,0,0
0.7669076919555664,0,0.0,0.0,0.0,0.0,0.0,0.0,0.0,0.0,0.03,0,0,0,0,0,0,0,0,0,0,0,0,0,0,0,0,0,0,0,0,0
0.7684991359710693,0,0.0,0.0,0.0,0.0,0.0,0.0,0.0,0.0,0.03,0,0,0,0,0,0,0,0,0,0,0,0,0,0,0,0,0,0,0,0,0
0.7696981430053711,0,0.0,0.0,0.0,0.0,0.0,0.0,0.0,0.0,0.03,0,0,0,0,0,0,0,0,0,0,0,0,0,0,0,0,0,0,0,0,0
0.7709121704101562,0,0.0,0.0,0.0,0.0,0.0,0.0,0.0,0.0,0.03,0,0,0,0,0,0,0,0,0,0,0,0,0,0,0,0,0,0,0,0,0
0.7722303867340088,0,0.0,0.0,0.0,0.0,0.0,0.0,0.0,0.0,0.03,0,0,0,0,0,0,0,0,0,0,0,0,0,0,0,0,0,0,0,0,0
0.7733163833618164,0,0.0,0.0,0.0,0.0,0.0,0.0,0.0,0.0,0.03,0,0,0,0,0,0,0,0,0,0,0,0,0,0,0,0,0,0,0,0,0
0.7745404243469238,0,0.0,0.0,0.0,0.0,0.0,0.0,0.0,0.0,0.03,0,0,0,0,0,0,0,0,0,0,0,0,0,0,0,0,0,0,0,0,0
0.7764425277709961,0,0.0,0.0,0.0,0.0,0.0,0.0,0.0,0.0,0.03,0,0,0,0,0,0,0,0,0,0,0,0,0,0,0,0,0,0,0,0,0
0.7784554958343506,0,0.0,0.0,0.0,0.0,0.0,0.0,0.0,0.0,0.03,0,0,0,0,0,0,0,0,0,0,0,0,0,0,0,0,0,0,0,0,0
0.7796900272369385,0,0.0,0.0,0.0,0.0,0.0,0.0,0.0,0.0,0.03,0,0,0,0,0,0,0,0,0,0,0,0,0,0,0,0,0,0,0,0,0
0.7809934616088867,0,0.0,0.0,0.0,0.0,0.0,0.0,0.0,0.0,0.03,0,0,0,0,0,0,0,0,0,0,0,0,0,0,0,0,0,0,0,0,0
0.7828023433685303,0,0.0,0.0,0.0,0.0,0.0,0.0,0.0,0.0,0.03,0,0,0,0,0,0,0,0,0,0,0,0,0,0,0,0,0,0,0,0,0
0.7841789722442627,0,0.0,0.0,0.0,0.0,0.0,0.0,0.0,0.0,0.03,0,0,0,0,0,0,0,0,0,0,0,0,0,0,0,0,0,0,0,0,0
0.7854809761047363,0,0.0,0.0,0.0,0.0,0.0,0.0,0.0,0.0,0.03,0,0,0,0,0,0,0,0,0,0,0,0,0,0,0,0,0,0,0,0,0
0.7866547107696533,0,0.0,0.0,0.0,0.0,0.0,0.0,0.0,0.0,0.03,0,0,0,0,0,0,0,0,0,0,0,0,0,0,0,0,0,0,0,0,0
0.7899496555328369,0,0.0,0.0,0.0,0.0,0.0,0.0,0.0,0.0,0.03,0,0,0,0,0,0,0,0,0,0,0,0,0,0,0,0,0,0,0,0,0
0.7910926342010498,0,0.0,0.0,0.0,0.0,0.0,0.0,0.0,0.0,0.03,0,0,0,0,0,0,0,0,0,0,0,0,0,0,0,0,0,0,0,0,0
0.7924611568450928,0,0.0,0.0,0.0,0.0,0.0,0.0,0.0,0.0,0.03,0,0,0,0,0,0,0,0,0,0,0,0,0,0,0,0,0,0,0,0,0
0.7938580513000488,0,0.0,0.0,0.0,0.0,0.0,0.0,0.0,0.0,0.03,0,0,0,0,0,0,0,0,0,0,0,0,0,0,0,0,0,0,0,0,0
0.79667067527771,0,0.0,0.0,0.0,0.0,0.0,0.0,0.0,0.0,0.03,0,0,0,0,0,0,0,0,0,0,0,0,0,0,0,0,0,0,0,0,0
0.797783613204956,0,0.0,0.0,0.0,0.0,0.0,0.0,0.0,0.0,0.03,0,0,0,0,0,0,0,0,0,0,0,0,0,0,0,0,0,0,0,0,0
0.7992680072784424,0,0.0,0.0,0.0,0.0,0.0,0.0,0.0,0.0,0.03,0,0,0,0,0,0,0,0,0,0,0,0,0,0,0,0,0,0,0,0,0
0.8006513118743896,0,0.0,0.0,0.0,0.0,0.0,0.0,0.0,0.0,0.03,0,0,0,0,0,0,0,0,0,0,0,0,0,0,0,0,0,0,0,0,0
0.8024115562438965,0,0.0,0.0,0.0,0.0,0.0,0.0,0.0,0.0,0.03,0,0,0,0,0,0,0,0,0,0,0,0,0,0,0,0,0,0,0,0,0
0.8042588233947754,0,0.0,0.0,0.0,0.0,0.0,0.0,0.0,0.0,0.03,0,0,0,0,0,0,0,0,0,0,0,0,0,0,0,0,0,0,0,0,0
0.805384635925293,0,0.0,0.0,0.0,0.0,0.0,0.0,0.0,0.0,0.03,0,0,0,0,0,0,0,0,0,0,0,0,0,0,0,0,0,0,0,0,0
0.8066201210021973,0,0.0,0.0,0.0,0.0,0.0,0.0,0.0,0.0,0.03,0,0,0,0,0,0,0,0,0,0,0,0,0,0,0,0,0,0,0,0,0
0.8082084655761719,0,0.0,0.0,0.0,0.0,0.0,0.0,0.0,0.0,0.03,0,0,0,0,0,0,0,0,0,0,0,0,0,0,0,0,0,0,0,0,0
0.8093445301055908,0,0.0,0.0,0.0,0.0,0.0,0.0,0.0,0.0,0.03,0,0,0,0,0,0,0,0,0,0,0,0,0,0,0,0,0,0,0,0,0
0.8105278015136719,0,0.0,0.0,0.0,0.0,0.0,0.0,0.0,0.0,0.03,0,0,0,0,0,0,0,0,0,0,0,0,0,0,0,0,0,0,0,0,0
0.8118889331817627,0,0.0,0.0,0.0,0.0,0.0,0.0,0.0,0.0,0.03,0,0,0,0,0,0,0,0,0,0,0,0,0,0,0,0,0,0,0,0,0
0.8129532337188721,0,0.0,0.0,0.0,0.0,0.0,0.0,0.0,0.0,0.03,0,0,0,0,0,0,0,0,0,0,0,0,0,0,0,0,0,0,0,0,0
0.8143734931945801,0,0.0,0.0,0.0,0.0,0.0,0.0,0.0,0.0,0.03,0,0,0,0,0,0,0,0,0,0,0,0,0,0,0,0,0,0,0,0,0
0.8157646656036377,0,0.0,0.0,0.0,0.0,0.0,0.0,0.0,0.0,0.03,0,0,0,0,0,0,0,0,0,0,0,0,0,0,0,0,0,0,0,0,0
0.8172774314880371,0,0.0,0.0,0.0,0.0,0.0,0.0,0.0,0.0,0.03,0,0,0,0,0,0,0,0,0,0,0,0,0,0,0,0,0,0,0,0,0
0.8187699317932129,0,0.0,0.0,0.0,0.0,0.0,0.0,0.0,0.0,0.03,0,0,0,0,0,0,0,0,0,0,0,0,0,0,0,0,0,0,0,0,0
0.8198845386505127,0,0.0,0.0,0.0,0.0,0.0,0.0,0.0,0.0,0.03,0,0,0,0,0,0,0,0,0,0,0,0,0,0,0,0,0,0,0,0,0
0.8210349082946777,0,0.0,0.0,0.0,0.0,0.0,0.0,0.0,0.0,0.03,0,0,0,0,0,0,0,0,0,0,0,0,0,0,0,0,0,0,0,0,0
0.8221776485443115,0,0.0,0.0,0.0,0.0,0.0,0.0,0.0,0.0,0.03,0,0,0,0,0,0,0,0,0,0,0,0,0,0,0,0,0,0,0,0,0
0.823319673538208,0,0.0,0.0,0.0,0.0,0.0,0.0,0.0,0.0,0.03,0,0,0,0,0,0,0,0,0,0,0,0,0,0,0,0,0,0,0,0,0
0.8248922824859619,0,0.0,0.0,0.0,0.0,0.0,0.0,0.0,0.0,0.03,0,0,0,0,0,0,0,0,0,0,0,0,0,0,0,0,0,0,0,0,0
0.8262715339660645,0,0.0,0.0,0.0,0.0,0.0,0.0,0.0,0.0,0.03,0,0,0,0,0,0,0,0,0,0,0,0,0,0,0,0,0,0,0,0,0
0.8275470733642578,0,0.0,0.0,0.0,0.0,0.0,0.0,0.0,0.0,0.03,0,0,0,0,0,0,0,0,0,0,0,0,0,0,0,0,0,0,0,0,0
0.8287086486816406,0,0.0,0.0,0.0,0.0,0.0,0.0,0.0,0.0,0.03,0,0,0,0,0,0,0,0,0,0,0,0,0,0,0,0,0,0,0,0,0
0.8299534320831299,0,0.0,0.0,0.0,0.0,0.0,0.0,0.0,0.0,0.03,0,0,0,0,0,0,0,0,0,0,0,0,0,0,0,0,0,0,0,0,0
0.8311934471130371,0,0.0,0.0,0.0,0.0,0.0,0.0,0.0,0.0,0.03,0,0,0,0,0,0,0,0,0,0,0,0,0,0,0,0,0,0,0,0,0
0.8322818279266357,0,0.0,0.0,0.0,0.0,0.0,0.0,0.0,0.0,0.03,0,0,0,0,0,0,0,0,0,0,0,0,0,0,0,0,0,0,0,0,0
0.8336851596832275,0,0.0,0.0,0.0,0.0,0.0,0.0,0.0,0.0,0.03,0,0,0,0,0,0,0,0,0,0,0,0,0,0,0,0,0,0,0,0,0
0.8353090286254883,0,0.0,0.0,0.0,0.0,0.0,0.0,0.0,0.0,0.03,0,0,0,0,0,0,0,0,0,0,0,0,0,0,0,0,0,0,0,0,0
0.8376462459564209,0,0.0,0.0,0.0,0.0,0.0,0.0,0.0,0.0,0.03,0,0,0,0,0,0,0,0,0,0,0,0,0,0,0,0,0,0,0,0,0
0.8387851715087891,0,0.0,0.0,0.0,0.0,0.0,0.0,0.0,0.0,0.03,0,0,0,0,0,0,0,0,0,0,0,0,0,0,0,0,0,0,0,0,0
0.8401670455932617,0,0.0,0.0,0.0,0.0,0.0,0.0,0.0,0.0,0.03,0,0,0,0,0,0,0,0,0,0,0,0,0,0,0,0,0,0,0,0,0
0.8415317535400391,0,0.0,0.0,0.0,0.0,0.0,0.0,0.0,0.0,0.03,0,0,0,0,0,0,0,0,0,0,0,0,0,0,0,0,0,0,0,0,0
0.8426892757415771,0,0.0,0.0,0.0,0.0,0.0,0.0,0.0,0.0,0.03,0,0,0,0,0,0,0,0,0,0,0,0,0,0,0,0,0,0,0,0,0
0.8438177108764648,0,0.0,0.0,0.0,0.0,0.0,0.0,0.0,0.0,0.03,0,0,0,0,0,0,0,0,0,0,0,0,0,0,0,0,0,0,0,0,0
0.8450918197631836,0,0.0,0.0,0.0,0.0,0.0,0.0,0.0,0.0,0.03,0,0,0,0,0,0,0,0,0,0,0,0,0,0,0,0,0,0,0,0,0
0.8461859226226807,0,0.0,0.0,0.0,0.0,0.0,0.0,0.0,0.0,0.03,0,0,0,0,0,0,0,0,0,0,0,0,0,0,0,0,0,0,0,0,0
0.8478951454162598,0,0.0,0.0,0.0,0.0,0.0,0.0,0.0,0.0,0.03,0,0,0,0,0,0,0,0,0,0,0,0,0,0,0,0,0,0,0,0,0
0.8501529693603516,0,0.0,0.0,0.0,0.0,0.0,0.0,0.0,0.0,0.03,0,0,0,0,0,0,0,0,0,0,0,0,0,0,0,0,0,0,0,0,0
0.8514611721038818,0,0.0,0.0,0.0,0.0,0.0,0.0,0.0,0.0,0.03,0,0,0,0,0,0,0,0,0,0,0,0,0,0,0,0,0,0,0,0,0
0.8529770374298096,0,0.0,0.0,0.0,0.0,0.0,0.0,0.0,0.0,0.03,0,0,0,0,0,0,0,0,0,0,0,0,0,0,0,0,0,0,0,0,0
0.8540689945220947,0,0.0,0.0,0.0,0.0,0.0,0.0,0.0,0.0,0.03,0,0,0,0,0,0,0,0,0,0,0,0,0,0,0,0,0,0,0,0,0
0.8566040992736816,0,0.0,0.0,0.0,0.0,0.0,0.0,0.0,0.0,0.03,0,0,0,0,0,0,0,0,0,0,0,0,0,0,0,0,0,0,0,0,0
0.8580546379089355,0,0.0,0.0,0.0,0.0,0.0,0.0,0.0,0.0,0.03,0,0,0,0,0,0,0,0,0,0,0,0,0,0,0,0,0,0,0,0,0
0.8598814010620117,0,0.0,0.0,0.0,0.0,0.0,0.0,0.0,0.0,0.03,0,0,0,0,0,0,0,0,0,0,0,0,0,0,0,0,0,0,0,0,0
0.8617031574249268,0,0.0,0.0,0.0,0.0,0.0,0.0,0.0,0.0,0.03,0,0,0,0,0,0,0,0,0,0,0,0,0,0,0,0,0,0,0,0,0
0.8628273010253906,0,0.0,0.0,0.0,0.0,0.0,0.0,0.0,0.0,0.03,0,0,0,0,0,0,0,0,0,0,0,0,0,0,0,0,0,0,0,0,0
0.8647894859313965,0,0.0,0.0,0.0,0.0,0.0,0.0,0.0,0.0,0.03,0,0,0,0,0,0,0,0,0,0,0,0,0,0,0,0,0,0,0,0,0
0.8658595085144043,0,0.0,0.0,0.0,0.0,0.0,0.0,0.0,0.0,0.03,0,0,0,0,0,0,0,0,0,0,0,0,0,0,0,0,0,0,0,0,0
0.8670120239257812,0,0.0,0.0,0.0,0.0,0.0,0.0,0.0,0.0,0.03,0,0,0,0,0,0,0,0,0,0,0,0,0,0,0,0,0,0,0,0,0
0.8680727481842041,0,0.0,0.0,0.0,0.0,0.0,0.0,0.0,0.0,0.03,0,0,0,0,0,0,0,0,0,0,0,0,0,0,0,0,0,0,0,0,0
0.8692090511322021,0,0.0,0.0,0.0,0.0,0.0,0.0,0.0,0.0,0.03,0,0,0,0,0,0,0,0,0,0,0,0,0,0,0,0,0,0,0,0,0
0.8703639507293701,0,0.0,0.0,0.0,0.0,0.0,0.0,0.0,0.0,0.03,0,0,0,0,0,0,0,0,0,0,0,0,0,0,0,0,0,0,0,0,0
0.8720295429229736,0,0.0,0.0,0.0,0.0,0.0,0.0,0.0,0.0,0.03,0,0,0,0,0,0,0,0,0,0,0,0,0,0,0,0,0,0,0,0,0
0.8732914924621582,0,0.0,0.0,0.0,0.0,0.0,0.0,0.0,0.0,0.03,0,0,0,0,0,0,0,0,0,0,0,0,0,0,0,0,0,0,0,0,0
0.8750495910644531,0,0.0,0.0,0.0,0.0,0.0,0.0,0.0,0.0,0.03,0,0,0,0,0,0,0,0,0,0,0,0,0,0,0,0,0,0,0,0,0
0.8762991428375244,0,0.0,0.0,0.0,0.0,0.0,0.0,0.0,0.0,0.03,0,0,0,0,0,0,0,0,0,0,0,0,0,0,0,0,0,0,0,0,0
0.8775415420532227,0,0.0,0.0,0.0,0.0,0.0,0.0,0.0,0.0,0.03,0,0,0,0,0,0,0,0,0,0,0,0,0,0,0,0,0,0,0,0,0
0.878849983215332,0,0.0,0.0,0.0,0.0,0.0,0.0,0.0,0.0,0.03,0,0,0,0,0,0,0,0,0,0,0,0,0,0,0,0,0,0,0,0,0
0.880002498626709,0,0.0,0.0,0.0,0.0,0.0,0.0,0.0,0.0,0.03,0,0,0,0,0,0,0,0,0,0,0,0,0,0,0,0,0,0,0,0,0
0.8810901641845703,0,0.0,0.0,0.0,0.0,0.0,0.0,0.0,0.0,0.03,0,0,0,0,0,0,0,0,0,0,0,0,0,0,0,0,0,0,0,0,0
0.8822314739227295,0,0.0,0.0,0.0,0.0,0.0,0.0,0.0,0.0,0.03,0,0,0,0,0,0,0,0,0,0,0,0,0,0,0,0,0,0,0,0,0
0.8833813667297363,0,0.0,0.0,0.0,0.0,0.0,0.0,0.0,0.0,0.03,0,0,0,0,0,0,0,0,0,0,0,0,0,0,0,0,0,0,0,0,0
0.8845357894897461,0,0.0,0.0,0.0,0.0,0.0,0.0,0.0,0.0,0.03,0,0,0,0,0,0,0,0,0,0,0,0,0,0,0,0,0,0,0,0,0
0.8856425285339355,0,0.0,0.0,0.0,0.0,0.0,0.0,0.0,0.0,0.03,0,0,0,0,0,0,0,0,0,0,0,0,0,0,0,0,0,0,0,0,0
0.8867745399475098,0,0.0,0.0,0.0,0.0,0.0,0.0,0.0,0.0,0.03,0,0,0,0,0,0,0,0,0,0,0,0,0,0,0,0,0,0,0,0,0
0.8878626823425293,0,0.0,0.0,0.0,0.0,0.0,0.0,0.0,0.0,0.03,0,0,0,0,0,0,0,0,0,0,0,0,0,0,0,0,0,0,0,0,0
0.8895790576934814,0,0.0,0.0,0.0,0.0,0.0,0.0,0.0,0.0,0.03,0,0,0,0,0,0,0,0,0,0,0,0,0,0,0,0,0,0,0,0,0
0.8909776210784912,0,0.0,0.0,0.0,0.0,0.0,0.0,0.0,0.0,0.03,0,0,0,0,0,0,0,0,0,0,0,0,0,0,0,0,0,0,0,0,0
0.8930974006652832,0,0.0,0.0,0.0,0.0,0.0,0.0,0.0,0.0,0.03,0,0,0,0,0,0,0,0,0,0,0,0,0,0,0,0,0,0,0,0,0
0.8942751884460449,0,0.0,0.0,0.0,0.0,0.0,0.0,0.0,0.0,0.03,0,0,0,0,0,0,0,0,0,0,0,0,0,0,0,0,0,0,0,0,0
0.8955483436584473,0,0.0,0.0,0.0,0.0,0.0,0.0,0.0,0.0,0.03,0,0,0,0,0,0,0,0,0,0,0,0,0,0,0,0,0,0,0,0,0
0.8973572254180908,0,0.0,0.0,0.0,0.0,0.0,0.0,0.0,0.0,0.03,0,0,0,0,0,0,0,0,0,0,0,0,0,0,0,0,0,0,0,0,0
0.8987371921539307,0,0.0,0.0,0.0,0.0,0.0,0.0,0.0,0.0,0.03,0,0,0,0,0,0,0,0,0,0,0,0,0,0,0,0,0,0,0,0,0
0.9002392292022705,0,0.0,0.0,0.0,0.0,0.0,0.0,0.0,0.0,0.03,0,0,0,0,0,0,0,0,0,0,0,0,0,0,0,0,0,0,0,0,0
0.9013240337371826,0,0.0,0.0,0.0,0.0,0.0,0.0,0.0,0.0,0.03,0,0,0,0,0,0,0,0,0,0,0,0,0,0,0,0,0,0,0,0,0
0.9046995639801025,0,0.0,0.0,0.0,0.0,0.0,0.0,0.0,0.0,0.03,0,0,0,0,0,0,0,0,0,0,0,0,0,0,0,0,0,0,0,0,0
0.9059591293334961,0,0.0,0.0,0.0,0.0,0.0,0.0,0.0,0.0,0.03,0,0,0,0,0,0,0,0,0,0,0,0,0,0,0,0,0,0,0,0,0
0.907113790512085,0,0.0,0.0,0.0,0.0,0.0,0.0,0.0,0.0,0.03,0,0,0,0,0,0,0,0,0,0,0,0,0,0,0,0,0,0,0,0,0
0.908696174621582,0,0.0,0.0,0.0,0.0,0.0,0.0,0.0,0.0,0.03,0,0,0,0,0,0,0,0,0,0,0,0,0,0,0,0,0,0,0,0,0
0.9112677574157715,0,0.0,0.0,0.0,0.0,0.0,0.0,0.0,0.0,0.03,0,0,0,0,0,0,0,0,0,0,0,0,0,0,0,0,0,0,0,0,0
0.9127631187438965,0,0.0,0.0,0.0,0.0,0.0,0.0,0.0,0.0,0.03,0,0,0,0,0,0,0,0,0,0,0,0,0,0,0,0,0,0,0,0,0
0.913945198059082,0,0.0,0.0,0.0,0.0,0.0,0.0,0.0,0.0,0.03,0,0,0,0,0,0,0,0,0,0,0,0,0,0,0,0,0,0,0,0,0
0.9156653881072998,0,0.0,0.0,0.0,0.0,0.0,0.0,0.0,0.0,0.03,0,0,0,0,0,0,0,0,0,0,0,0,0,0,0,0,0,0,0,0,0
0.916813850402832,0,0.0,0.0,0.0,0.0,0.0,0.0,0.0,0.0,0.03,0,0,0,0,0,0,0,0,0,0,0,0,0,0,0,0,0,0,0,0,0
0.9180350303649902,0,0.0,0.0,0.0,0.0,0.0,0.0,0.0,0.0,0.03,0,0,0,0,0,0,0,0,0,0,0,0,0,0,0,0,0,0,0,0,0
0.9211821556091309,0,0.0,0.0,0.0,0.0,0.0,0.0,0.0,0.0,0.03,0,0,0,0,0,0,0,0,0,0,0,0,0,0,0,0,0,0,0,0,0
0.9223067760467529,0,0.0,0.0,0.0,0.0,0.0,0.0,0.0,0.0,0.03,0,0,0,0,0,0,0,0,0,0,0,0,0,0,0,0,0,0,0,0,0
0.9234967231750488,0,0.0,0.0,0.0,0.0,0.0,0.0,0.0,0.0,0.03,0,0,0,0,0,0,0,0,0,0,0,0,0,0,0,0,0,0,0,0,0
0.9246993064880371,0,0.0,0.0,0.0,0.0,0.0,0.0,0.0,0.0,0.03,0,0,0,0,0,0,0,0,0,0,0,0,0,0,0,0,0,0,0,0,0
0.9257903099060059,0,0.0,0.0,0.0,0.0,0.0,0.0,0.0,0.0,0.03,0,0,0,0,0,0,0,0,0,0,0,0,0,0,0,0,0,0,0,0,0
0.9269454479217529,0,0.0,0.0,0.0,0.0,0.0,0.0,0.0,0.0,0.03,0,0,0,0,0,0,0,0,0,0,0,0,0,0,0,0,0,0,0,0,0
0.9280343055725098,0,0.0,0.0,0.0,0.0,0.0,0.0,0.0,0.0,0.03,0,0,0,0,0,0,0,0,0,0,0,0,0,0,0,0,0,0,0,0,0
0.9295294284820557,0,0.0,0.0,0.0,0.0,0.0,0.0,0.0,0.0,0.03,0,0,0,0,0,0,0,0,0,0,0,0,0,0,0,0,0,0,0,0,0
0.9310235977172852,0,0.0,0.0,0.0,0.0,0.0,0.0,0.0,0.0,0.03,0,0,0,0,0,0,0,0,0,0,0,0,0,0,0,0,0,0,0,0,0
0.9338603019714355,0,0.0,0.0,0.0,0.0,0.0,0.0,0.0,0.0,0.03,0,0,0,0,0,0,0,0,0,0,0,0,0,0,0,0,0,0,0,0,0
0.9350671768188477,0,0.0,0.0,0.0,0.0,0.0,0.0,0.0,0.0,0.03,0,0,0,0,0,0,0,0,0,0,0,0,0,0,0,0,0,0,0,0,0
0.9370262622833252,0,0.0,0.0,0.0,0.0,0.0,0.0,0.0,0.0,0.03,0,0,0,0,0,0,0,0,0,0,0,0,0,0,0,0,0,0,0,0,0
0.9382433891296387,0,0.0,0.0,0.0,0.0,0.0,0.0,0.0,0.0,0.03,0,0,0,0,0,0,0,0,0,0,0,0,0,0,0,0,0,0,0,0,0
0.9393439292907715,0,0.0,0.0,0.0,0.0,0.0,0.0,0.0,0.0,0.03,0,0,0,0,0,0,0,0,0,0,0,0,0,0,0,0,0,0,0,0,0
0.9412505626678467,0,0.0,0.0,0.0,0.0,0.0,0.0,0.0,0.0,0.03,0,0,0,0,0,0,0,0,0,0,0,0,0,0,0,0,0,0,0,0,0
0.9423561096191406,0,0.0,0.0,0.0,0.0,0.0,0.0,0.0,0.0,0.03,0,0,0,0,0,0,0,0,0,0,0,0,0,0,0,0,0,0,0,0,0
0.9434564113616943,0,0.0,0.0,0.0,0.0,0.0,0.0,0.0,0.0,0.03,0,0,0,0,0,0,0,0,0,0,0,0,0,0,0,0,0,0,0,0,0
0.944516658782959,0,0.0,0.0,0.0,0.0,0.0,0.0,0.0,0.0,0.03,0,0,0,0,0,0,0,0,0,0,0,0,0,0,0,0,0,0,0,0,0
0.9456007480621338,0,0.0,0.0,0.0,0.0,0.0,0.0,0.0,0.0,0.03,0,0,0,0,0,0,0,0,0,0,0,0,0,0,0,0,0,0,0,0,0
0.9466941356658936,0,0.0,0.0,0.0,0.0,0.0,0.0,0.0,0.0,0.03,0,0,0,0,0,0,0,0,0,0,0,0,0,0,0,0,0,0,0,0,0
0.9481027126312256,0,0.0,0.0,0.0,0.0,0.0,0.0,0.0,0.0,0.03,0,0,0,0,0,0,0,0,0,0,0,0,0,0,0,0,0,0,0,0,0
0.9494621753692627,0,0.0,0.0,0.0,0.0,0.0,0.0,0.0,0.0,0.03,0,0,0,0,0,0,0,0,0,0,0,0,0,0,0,0,0,0,0,0,0
0.9508497714996338,0,0.0,0.0,0.0,0.0,0.0,0.0,0.0,0.0,0.03,0,0,0,0,0,0,0,0,0,0,0,0,0,0,0,0,0,0,0,0,0
0.9521048069000244,0,0.0,0.0,0.0,0.0,0.0,0.0,0.0,0.0,0.03,0,0,0,0,0,0,0,0,0,0,0,0,0,0,0,0,0,0,0,0,0
0.9537477493286133,0,0.0,0.0,0.0,0.0,0.0,0.0,0.0,0.0,0.03,0,0,0,0,0,0,0,0,0,0,0,0,0,0,0,0,0,0,0,0,0
0.9552500247955322,0,0.0,0.0,0.0,0.0,0.0,0.0,0.0,0.0,0.03,0,0,0,0,0,0,0,0,0,0,0,0,0,0,0,0,0,0,0,0,0
0.9566264152526855,0,0.0,0.0,0.0,0.0,0.0,0.0,0.0,0.0,0.03,0,0,0,0,0,0,0,0,0,0,0,0,0,0,0,0,0,0,0,0,0
0.9581818580627441,0,0.0,0.0,0.0,0.0,0.0,0.0,0.0,0.0,0.03,0,0,0,0,0,0,0,0,0,0,0,0,0,0,0,0,0,0,0,0,0
0.9592618942260742,0,0.0,0.0,0.0,0.0,0.0,0.0,0.0,0.0,0.03,0,0,0,0,0,0,0,0,0,0,0,0,0,0,0,0,0,0,0,0,0
0.962338924407959,0,0.0,0.0,0.0,0.0,0.0,0.0,0.0,0.0,0.03,0,0,0,0,0,0,0,0,0,0,0,0,0,0,0,0,0,0,0,0,0
0.9636209011077881,0,0.0,0.0,0.0,0.0,0.0,0.0,0.0,0.0,0.03,0,0,0,0,0,0,0,0,0,0,0,0,0,0,0,0,0,0,0,0,0
0.9654474258422852,0,0.0,0.0,0.0,0.0,0.0,0.0,0.0,0.0,0.03,0,0,0,0,0,0,0,0,0,0,0,0,0,0,0,0,0,0,0,0,0
0.9689188003540039,0,0.0,0.0,0.0,0.0,0.0,0.0,0.0,0.0,0.03,0,0,0,0,0,0,0,0,0,0,0,0,0,0,0,0,0,0,0,0,0
0.9703352451324463,0,0.0,0.0,0.0,0.0,0.0,0.0,0.0,0.0,0.03,0,0,0,0,0,0,0,0,0,0,0,0,0,0,0,0,0,0,0,0,0
0.9723446369171143,0,0.0,0.0,0.0,0.0,0.0,0.0,0.0,0.0,0.03,0,0,0,0,0,0,0,0,0,0,0,0,0,0,0,0,0,0,0,0,0
0.9745283126831055,0,0.0,0.0,0.0,0.0,0.0,0.0,0.0,0.0,0.03,0,0,0,0,0,0,0,0,0,0,0,0,0,0,0,0,0,0,0,0,0
0.9756274223327637,0,0.0,0.0,0.0,0.0,0.0,0.0,0.0,0.0,0.03,0,0,0,0,0,0,0,0,0,0,0,0,0,0,0,0,0,0,0,0,0
0.9769792556762695,0,0.0,0.0,0.0,0.0,0.0,0.0,0.0,0.0,0.03,0,0,0,0,0,0,0,0,0,0,0,0,0,0,0,0,0,0,0,0,0
0.9784839153289795,0,0.0,0.0,0.0,0.0,0.0,0.0,0.0,0.0,0.03,0,0,0,0,0,0,0,0,0,0,0,0,0,0,0,0,0,0,0,0,0
0.979640007019043,0,0.0,0.0,0.0,0.0,0.0,0.0,0.0,0.0,0.03,0,0,0,0,0,0,0,0,0,0,0,0,0,0,0,0,0,0,0,0,0
0.9808194637298584,0,0.0,0.0,0.0,0.0,0.0,0.0,0.0,0.0,0.03,0,0,0,0,0,0,0,0,0,0,0,0,0,0,0,0,0,0,0,0,0
0.9821875095367432,0,0.0,0.0,0.0,0.0,0.0,0.0,0.0,0.0,0.03,0,0,0,0,0,0,0,0,0,0,0,0,0,0,0,0,0,0,0,0,0
0.9832751750946045,0,0.0,0.0,0.0,0.0,0.0,0.0,0.0,0.0,0.03,0,0,0,0,0,0,0,0,0,0,0,0,0,0,0,0,0,0,0,0,0
0.9848308563232422,0,0.0,0.0,0.0,0.0,0.0,0.0,0.0,0.0,0.03,0,0,0,0,0,0,0,0,0,0,0,0,0,0,0,0,0,0,0,0,0
0.9862256050109863,0,0.0,0.0,0.0,0.0,0.0,0.0,0.0,0.0,0.03,0,0,0,0,0,0,0,0,0,0,0,0,0,0,0,0,0,0,0,0,0
0.9880402088165283,0,0.0,0.0,0.0,0.0,0.0,0.0,0.0,0.0,0.03,0,0,0,0,0,0,0,0,0,0,0,0,0,0,0,0,0,0,0,0,0
0.9895176887512207,0,0.0,0.0,0.0,0.0,0.0,0.0,0.0,0.0,0.03,0,0,0,0,0,0,0,0,0,0,0,0,0,0,0,0,0,0,0,0,0
0.9906661510467529,0,0.0,0.0,0.0,0.0,0.0,0.0,0.0,0.0,0.03,0,0,0,0,0,0,0,0,0,0,0,0,0,0,0,0,0,0,0,0,0
0.9931612014770508,0,0.0,0.0,0.0,0.0,0.0,0.0,0.0,0.0,0.03,0,0,0,0,0,0,0,0,0,0,0,0,0,0,0,0,0,0,0,0,0
0.9943757057189941,0,0.0,0.0,0.0,0.0,0.0,0.0,0.0,0.0,0.03,0,0,0,0,0,0,0,0,0,0,0,0,0,0,0,0,0,0,0,0,0
0.995481014251709,0,0.0,0.0,0.0,0.0,0.0,0.0,0.0,0.0,0.03,0,0,0,0,0,0,0,0,0,0,0,0,0,0,0,0,0,0,0,0,0
0.9973437786102295,0,0.0,0.0,0.0,0.0,0.0,0.0,0.0,0.0,0.03,0,0,0,0,0,0,0,0,0,0,0,0,0,0,0,0,0,0,0,0,0
0.9985008239746094,0,0.0,0.0,0.0,0.0,0.0,0.0,0.0,0.0,0.03,0,0,0,0,0,0,0,0,0,0,0,0,0,0,0,0,0,0,0,0,0
0.9996194839477539,0,0.0,0.0,0.0,0.0,0.0,0.0,0.0,0.0,0.03,0,0,0,0,0,0,0,0,0,0,0,0,0,0,0,0,0,0,0,0,0
1.001011610031128,0,0.0,0.0,0.0,0.0,0.0,0.0,0.0,0.0,0.03,0,0,0,0,0,0,0,0,0,0,0,0,0,0,0,0,0,0,0,0,0
1.0027682781219482,0,0.0,0.0,0.0,0.0,0.0,0.0,0.0,0.0,0.03,0,0,0,0,0,0,0,0,0,0,0,0,0,0,0,0,0,0,0,0,0
1.004164457321167,0,0.0,0.0,0.0,0.0,0.0,0.0,0.0,0.0,0.03,0,0,0,0,0,0,0,0,0,0,0,0,0,0,0,0,0,0,0,0,0
1.0069963932037354,0,0.0,0.0,0.0,0.0,0.0,0.0,0.0,0.0,0.03,0,0,0,0,0,0,0,0,0,0,0,0,0,0,0,0,0,0,0,0,0
1.0081751346588135,0,0.0,0.0,0.0,0.0,0.0,0.0,0.0,0.0,0.03,0,0,0,0,0,0,0,0,0,0,0,0,0,0,0,0,0,0,0,0,0
1.0095100402832031,0,0.0,0.0,0.0,0.0,0.0,0.0,0.0,0.0,0.03,0,0,0,0,0,0,0,0,0,0,0,0,0,0,0,0,0,0,0,0,0
1.0107333660125732,0,0.0,0.0,0.0,0.0,0.0,0.0,0.0,0.0,0.03,0,0,0,0,0,0,0,0,0,0,0,0,0,0,0,0,0,0,0,0,0
1.011970043182373,0,0.0,0.0,0.0,0.0,0.0,0.0,0.0,0.0,0.03,0,0,0,0,0,0,0,0,0,0,0,0,0,0,0,0,0,0,0,0,0
1.0132765769958496,0,0.0,0.0,0.0,0.0,0.0,0.0,0.0,0.0,0.03,0,0,0,0,0,0,0,0,0,0,0,0,0,0,0,0,0,0,0,0,0
1.0146842002868652,0,0.0,0.0,0.0,0.0,0.0,0.0,0.0,0.0,0.03,0,0,0,0,0,0,0,0,0,0,0,0,0,0,0,0,0,0,0,0,0
1.0173556804656982,0,0.0,0.0,0.0,0.0,0.0,0.0,0.0,0.0,0.03,0,0,0,0,0,0,0,0,0,0,0,0,0,0,0,0,0,0,0,0,0
1.018441915512085,0,0.0,0.0,0.0,0.0,0.0,0.0,0.0,0.0,0.03,0,0,0,0,0,0,0,0,0,0,0,0,0,0,0,0,0,0,0,0,0
1.0198173522949219,0,0.0,0.0,0.0,0.0,0.0,0.0,0.0,0.0,0.03,0,0,0,0,0,0,0,0,0,0,0,0,0,0,0,0,0,0,0,0,0
1.0216574668884277,0,0.0,0.0,0.0,0.0,0.0,0.0,0.0,0.0,0.03,0,0,0,0,0,0,0,0,0,0,0,0,0,0,0,0,0,0,0,0,0
1.0233087539672852,0,0.0,0.0,0.0,0.0,0.0,0.0,0.0,0.0,0.03,0,0,0,0,0,0,0,0,0,0,0,0,0,0,0,0,0,0,0,0,0
1.0250189304351807,0,0.0,0.0,0.0,0.0,0.0,0.0,0.0,0.0,0.03,0,0,0,0,0,0,0,0,0,0,0,0,0,0,0,0,0,0,0,0,0
1.0261127948760986,0,0.0,0.0,0.0,0.0,0.0,0.0,0.0,0.0,0.03,0,0,0,0,0,0,0,0,0,0,0,0,0,0,0,0,0,0,0,0,0
1.0274155139923096,0,0.0,0.0,0.0,0.0,0.0,0.0,0.0,0.0,0.03,0,0,0,0,0,0,0,0,0,0,0,0,0,0,0,0,0,0,0,0,0
1.028529167175293,0,0.0,0.0,0.0,0.0,0.0,0.0,0.0,0.0,0.03,0,0,0,0,0,0,0,0,0,0,0,0,0,0,0,0,0,0,0,0,0
1.0300536155700684,0,0.0,0.0,0.0,0.0,0.0,0.0,0.0,0.0,0.03,0,0,0,0,0,0,0,0,0,0,0,0,0,0,0,0,0,0,0,0,0
1.0314154624938965,0,0.0,0.0,0.0,0.0,0.0,0.0,0.0,0.0,0.03,0,0,0,0,0,0,0,0,0,0,0,0,0,0,0,0,0,0,0,0,0
1.032564401626587,0,0.0,0.0,0.0,0.0,0.0,0.0,0.0,0.0,0.03,0,0,0,0,0,0,0,0,0,0,0,0,0,0,0,0,0,0,0,0,0
1.0337347984313965,0,0.0,0.0,0.0,0.0,0.0,0.0,0.0,0.0,0.03,0,0,0,0,0,0,0,0,0,0,0,0,0,0,0,0,0,0,0,0,0
1.0348007678985596,0,0.0,0.0,0.0,0.0,0.0,0.0,0.0,0.0,0.03,0,0,0,0,0,0,0,0,0,0,0,0,0,0,0,0,0,0,0,0,0
1.0358843803405762,0,0.0,0.0,0.0,0.0,0.0,0.0,0.0,0.0,0.03,0,0,0,0,0,0,0,0,0,0,0,0,0,0,0,0,0,0,0,0,0
1.0369575023651123,0,0.0,0.0,0.0,0.0,0.0,0.0,0.0,0.0,0.03,0,0,0,0,0,0,0,0,0,0,0,0,0,0,0,0,0,0,0,0,0
1.0380606651306152,0,0.0,0.0,0.0,0.0,0.0,0.0,0.0,0.0,0.03,0,0,0,0,0,0,0,0,0,0,0,0,0,0,0,0,0,0,0,0,0
1.0392436981201172,0,0.0,0.0,0.0,0.0,0.0,0.0,0.0,0.0,0.03,0,0,0,0,0,0,0,0,0,0,0,0,0,0,0,0,0,0,0,0,0
1.0424022674560547,0,0.0,0.0,0.0,0.0,0.0,0.0,0.0,0.0,0.03,0,0,0,0,0,0,0,0,0,0,0,0,0,0,0,0,0,0,0,0,0
1.0449843406677246,0,0.0,0.0,0.0,0.0,0.0,0.0,0.0,0.0,0.03,0,0,0,0,0,0,0,0,0,0,0,0,0,0,0,0,0,0,0,0,0
1.046083688735962,0,0.0,0.0,0.0,0.0,0.0,0.0,0.0,0.0,0.03,0,0,0,0,0,0,0,0,0,0,0,0,0,0,0,0,0,0,0,0,0
1.047206163406372,0,0.0,0.0,0.0,0.0,0.0,0.0,0.0,0.0,0.03,0,0,0,0,0,0,0,0,0,0,0,0,0,0,0,0,0,0,0,0,0
1.048431634902954,0,0.0,0.0,0.0,0.0,0.0,0.0,0.0,0.0,0.03,0,0,0,0,0,0,0,0,0,0,0,0,0,0,0,0,0,0,0,0,0
1.0500609874725342,0,0.0,0.0,0.0,0.0,0.0,0.0,0.0,0.0,0.03,0,0,0,0,0,0,0,0,0,0,0,0,0,0,0,0,0,0,0,0,0
1.0511500835418701,0,0.0,0.0,0.0,0.0,0.0,0.0,0.0,0.0,0.03,0,0,0,0,0,0,0,0,0,0,0,0,0,0,0,0,0,0,0,0,0
1.0530116558074951,0,0.0,0.0,0.0,0.0,0.0,0.0,0.0,0.0,0.03,0,0,0,0,0,0,0,0,0,0,0,0,0,0,0,0,0,0,0,0,0
1.0541064739227295,0,0.0,0.0,0.0,0.0,0.0,0.0,0.0,0.0,0.03,0,0,0,0,0,0,0,0,0,0,0,0,0,0,0,0,0,0,0,0,0
1.055201768875122,0,0.0,0.0,0.0,0.0,0.0,0.0,0.0,0.0,0.03,0,0,0,0,0,0,0,0,0,0,0,0,0,0,0,0,0,0,0,0,0
1.0564112663269043,0,0.0,0.0,0.0,0.0,0.0,0.0,0.0,0.0,0.03,0,0,0,0,0,0,0,0,0,0,0,0,0,0,0,0,0,0,0,0,0
1.0574774742126465,0,0.0,0.0,0.0,0.0,0.0,0.0,0.0,0.0,0.03,0,0,0,0,0,0,0,0,0,0,0,0,0,0,0,0,0,0,0,0,0
1.0587148666381836,0,0.0,0.0,0.0,0.0,0.0,0.0,0.0,0.0,0.03,0,0,0,0,0,0,0,0,0,0,0,0,0,0,0,0,0,0,0,0,0
1.0598626136779785,0,0.0,0.0,0.0,0.0,0.0,0.0,0.0,0.0,0.03,0,0,0,0,0,0,0,0,0,0,0,0,0,0,0,0,0,0,0,0,0
1.0620696544647217,0,0.0,0.0,0.0,0.0,0.0,0.0,0.0,0.0,0.03,0,0,0,0,0,0,0,0,0,0,0,0,0,0,0,0,0,0,0,0,0
1.0635221004486084,0,0.0,0.0,0.0,0.0,0.0,0.0,0.0,0.0,0.03,0,0,0,0,0,0,0,0,0,0,0,0,0,0,0,0,0,0,0,0,0
1.0648889541625977,0,0.0,0.0,0.0,0.0,0.0,0.0,0.0,0.0,0.03,0,0,0,0,0,0,0,0,0,0,0,0,0,0,0,0,0,0,0,0,0
1.0668976306915283,0,0.0,0.0,0.0,0.0,0.0,0.0,0.0,0.0,0.03,0,0,0,0,0,0,0,0,0,0,0,0,0,0,0,0,0,0,0,0,0
1.0680055618286133,0,0.0,0.0,0.0,0.0,0.0,0.0,0.0,0.0,0.03,0,0,0,0,0,0,0,0,0,0,0,0,0,0,0,0,0,0,0,0,0
1.0699076652526855,0,0.0,0.0,0.0,0.0,0.0,0.0,0.0,0.0,0.03,0,0,0,0,0,0,0,0,0,0,0,0,0,0,0,0,0,0,0,0,0
1.0709865093231201,0,0.0,0.0,0.0,0.0,0.0,0.0,0.0,0.0,0.03,0,0,0,0,0,0,0,0,0,0,0,0,0,0,0,0,0,0,0,0,0
1.0740628242492676,0,0.0,0.0,0.0,0.0,0.0,0.0,0.0,0.0,0.03,0,0,0,0,0,0,0,0,0,0,0,0,0,0,0,0,0,0,0,0,0
1.0752742290496826,0,0.0,0.0,0.0,0.0,0.0,0.0,0.0,0.0,0.03,0,0,0,0,0,0,0,0,0,0,0,0,0,0,0,0,0,0,0,0,0
1.0773022174835205,0,0.0,0.0,0.0,0.0,0.0,0.0,0.0,0.0,0.03,0,0,0,0,0,0,0,0,0,0,0,0,0,0,0,0,0,0,0,0,0
1.0787980556488037,0,0.0,0.0,0.0,0.0,0.0,0.0,0.0,0.0,0.03,0,0,0,0,0,0,0,0,0,0,0,0,0,0,0,0,0,0,0,0,0
1.0805511474609375,0,0.0,0.0,0.0,0.0,0.0,0.0,0.0,0.0,0.03,0,0,0,0,0,0,0,0,0,0,0,0,0,0,0,0,0,0,0,0,0
1.0816459655761719,0,0.0,0.0,0.0,0.0,0.0,0.0,0.0,0.0,0.03,0,0,0,0,0,0,0,0,0,0,0,0,0,0,0,0,0,0,0,0,0
1.0828869342803955,0,0.0,0.0,0.0,0.0,0.0,0.0,0.0,0.0,0.03,0,0,0,0,0,0,0,0,0,0,0,0,0,0,0,0,0,0,0,0,0
1.084073781967163,0,0.0,0.0,0.0,0.0,0.0,0.0,0.0,0.0,0.03,0,0,0,0,0,0,0,0,0,0,0,0,0,0,0,0,0,0,0,0,0
1.0862720012664795,0,0.0,0.0,0.0,0.0,0.0,0.0,0.0,0.0,0.03,0,0,0,0,0,0,0,0,0,0,0,0,0,0,0,0,0,0,0,0,0
1.0873887538909912,0,0.0,0.0,0.0,0.0,0.0,0.0,0.0,0.0,0.03,0,0,0,0,0,0,0,0,0,0,0,0,0,0,0,0,0,0,0,0,0
1.0890088081359863,0,0.0,0.0,0.0,0.0,0.0,0.0,0.0,0.0,0.03,0,0,0,0,0,0,0,0,0,0,0,0,0,0,0,0,0,0,0,0,0
1.0903613567352295,0,0.0,0.0,0.0,0.0,0.0,0.0,0.0,0.0,0.03,0,0,0,0,0,0,0,0,0,0,0,0,0,0,0,0,0,0,0,0,0
1.091524362564087,0,0.0,0.0,0.0,0.0,0.0,0.0,0.0,0.0,0.03,0,0,0,0,0,0,0,0,0,0,0,0,0,0,0,0,0,0,0,0,0
1.0926122665405273,0,0.0,0.0,0.0,0.0,0.0,0.0,0.0,0.0,0.03,0,0,0,0,0,0,0,0,0,0,0,0,0,0,0,0,0,0,0,0,0
1.0937309265136719,0,0.0,0.0,0.0,0.0,0.0,0.0,0.0,0.0,0.03,0,0,0,0,0,0,0,0,0,0,0,0,0,0,0,0,0,0,0,0,0
1.0949139595031738,0,0.0,0.0,0.0,0.0,0.0,0.0,0.0,0.0,0.03,0,0,0,0,0,0,0,0,0,0,0,0,0,0,0,0,0,0,0,0,0
1.0970630645751953,0,0.0,0.0,0.0,0.0,0.0,0.0,0.0,0.0,0.03,0,0,0,0,0,0,0,0,0,0,0,0,0,0,0,0,0,0,0,0,0
1.0984017848968506,0,0.0,0.0,0.0,0.0,0.0,0.0,0.0,0.0,0.03,0,0,0,0,0,0,0,0,0,0,0,0,0,0,0,0,0,0,0,0,0
1.099653720855713,0,0.0,0.0,0.0,0.0,0.0,0.0,0.0,0.0,0.03,0,0,0,0,0,0,0,0,0,0,0,0,0,0,0,0,0,0,0,0,0
1.1010260581970215,0,0.0,0.0,0.0,0.0,0.0,0.0,0.0,0.0,0.03,0,0,0,0,0,0,0,0,0,0,0,0,0,0,0,0,0,0,0,0,0
1.1022329330444336,0,0.0,0.0,0.0,0.0,0.0,0.0,0.0,0.0,0.03,0,0,0,0,0,0,0,0,0,0,0,0,0,0,0,0,0,0,0,0,0
1.1045958995819092,0,0.0,0.0,0.0,0.0,0.0,0.0,0.0,0.0,0.03,0,0,0,0,0,0,0,0,0,0,0,0,0,0,0,0,0,0,0,0,0
1.1058809757232666,0,0.0,0.0,0.0,0.0,0.0,0.0,0.0,0.0,0.03,0,0,0,0,0,0,0,0,0,0,0,0,0,0,0,0,0,0,0,0,0
1.1069717407226562,0,0.0,0.0,0.0,0.0,0.0,0.0,0.0,0.0,0.03,0,0,0,0,0,0,0,0,0,0,0,0,0,0,0,0,0,0,0,0,0
1.108461618423462,0,0.0,0.0,0.0,0.0,0.0,0.0,0.0,0.0,0.03,0,0,0,0,0,0,0,0,0,0,0,0,0,0,0,0,0,0,0,0,0
1.1095874309539795,0,0.0,0.0,0.0,0.0,0.0,0.0,0.0,0.0,0.03,0,0,0,0,0,0,0,0,0,0,0,0,0,0,0,0,0,0,0,0,0
1.1107184886932373,0,0.0,0.0,0.0,0.0,0.0,0.0,0.0,0.0,0.03,0,0,0,0,0,0,0,0,0,0,0,0,0,0,0,0,0,0,0,0,0
1.1120429039001465,0,0.0,0.0,0.0,0.0,0.0,0.0,0.0,0.0,0.03,0,0,0,0,0,0,0,0,0,0,0,0,0,0,0,0,0,0,0,0,0
1.1131048202514648,0,0.0,0.0,0.0,0.0,0.0,0.0,0.0,0.0,0.03,0,0,0,0,0,0,0,0,0,0,0,0,0,0,0,0,0,0,0,0,0
1.1142058372497559,0,0.0,0.0,0.0,0.0,0.0,0.0,0.0,0.0,0.03,0,0,0,0,0,0,0,0,0,0,0,0,0,0,0,0,0,0,0,0,0
1.1156346797943115,0,0.0,0.0,0.0,0.0,0.0,0.0,0.0,0.0,0.03,0,0,0,0,0,0,0,0,0,0,0,0,0,0,0,0,0,0,0,0,0
1.1184473037719727,0,0.0,0.0,0.0,0.0,0.0,0.0,0.0,0.0,0.03,0,0,0,0,0,0,0,0,0,0,0,0,0,0,0,0,0,0,0,0,0
1.119638442993164,0,0.0,0.0,0.0,0.0,0.0,0.0,0.0,0.0,0.03,0,0,0,0,0,0,0,0,0,0,0,0,0,0,0,0,0,0,0,0,0
1.121009111404419,0,0.0,0.0,0.0,0.0,0.0,0.0,0.0,0.0,0.03,0,0,0,0,0,0,0,0,0,0,0,0,0,0,0,0,0,0,0,0,0
1.1227576732635498,0,0.0,0.0,0.0,0.0,0.0,0.0,0.0,0.0,0.03,0,0,0,0,0,0,0,0,0,0,0,0,0,0,0,0,0,0,0,0,0
1.1238584518432617,0,0.0,0.0,0.0,0.0,0.0,0.0,0.0,0.0,0.03,0,0,0,0,0,0,0,0,0,0,0,0,0,0,0,0,0,0,0,0,0
1.1250584125518799,0,0.0,0.0,0.0,0.0,0.0,0.0,0.0,0.0,0.03,0,0,0,0,0,0,0,0,0,0,0,0,0,0,0,0,0,0,0,0,0
1.1262235641479492,0,0.0,0.0,0.0,0.0,0.0,0.0,0.0,0.0,0.03,0,0,0,0,0,0,0,0,0,0,0,0,0,0,0,0,0,0,0,0,0
1.1279258728027344,0,0.0,0.0,0.0,0.0,0.0,0.0,0.0,0.0,0.03,0,0,0,0,0,0,0,0,0,0,0,0,0,0,0,0,0,0,0,0,0
1.1291463375091553,0,0.0,0.0,0.0,0.0,0.0,0.0,0.0,0.0,0.03,0,0,0,0,0,0,0,0,0,0,0,0,0,0,0,0,0,0,0,0,0
1.130277395248413,0,0.0,0.0,0.0,0.0,0.0,0.0,0.0,0.0,0.03,0,0,0,0,0,0,0,0,0,0,0,0,0,0,0,0,0,0,0,0,0
1.1314284801483154,0,0.0,0.0,0.0,0.0,0.0,0.0,0.0,0.0,0.03,0,0,0,0,0,0,0,0,0,0,0,0,0,0,0,0,0,0,0,0,0
1.1327965259552002,0,0.0,0.0,0.0,0.0,0.0,0.0,0.0,0.0,0.03,0,0,0,0,0,0,0,0,0,0,0,0,0,0,0,0,0,0,0,0,0
1.1344890594482422,0,0.0,0.0,0.0,0.0,0.0,0.0,0.0,0.0,0.03,0,0,0,0,0,0,0,0,0,0,0,0,0,0,0,0,0,0,0,0,0
1.135713815689087,0,0.0,0.0,0.0,0.0,0.0,0.0,0.0,0.0,0.03,0,0,0,0,0,0,0,0,0,0,0,0,0,0,0,0,0,0,0,0,0
1.1372218132019043,0,0.0,0.0,0.0,0.0,0.0,0.0,0.0,0.0,0.03,0,0,0,0,0,0,0,0,0,0,0,0,0,0,0,0,0,0,0,0,0
1.1385602951049805,0,0.0,0.0,0.0,0.0,0.0,0.0,0.0,0.0,0.03,0,0,0,0,0,0,0,0,0,0,0,0,0,0,0,0,0,0,0,0,0
1.1398968696594238,0,0.0,0.0,0.0,0.0,0.0,0.0,0.0,0.0,0.03,0,0,0,0,0,0,0,0,0,0,0,0,0,0,0,0,0,0,0,0,0
1.1417179107666016,0,0.0,0.0,0.0,0.0,0.0,0.0,0.0,0.0,0.03,0,0,0,0,0,0,0,0,0,0,0,0,0,0,0,0,0,0,0,0,0
1.1428444385528564,0,0.0,0.0,0.0,0.0,0.0,0.0,0.0,0.0,0.03,0,0,0,0,0,0,0,0,0,0,0,0,0,0,0,0,0,0,0,0,0
1.1441879272460938,0,0.0,0.0,0.0,0.0,0.0,0.0,0.0,0.0,0.03,0,0,0,0,0,0,0,0,0,0,0,0,0,0,0,0,0,0,0,0,0
1.1453428268432617,0,0.0,0.0,0.0,0.0,0.0,0.0,0.0,0.0,0.03,0,0,0,0,0,0,0,0,0,0,0,0,0,0,0,0,0,0,0,0,0
1.1464991569519043,0,0.0,0.0,0.0,0.0,0.0,0.0,0.0,0.0,0.03,0,0,0,0,0,0,0,0,0,0,0,0,0,0,0,0,0,0,0,0,0
1.1476218700408936,0,0.0,0.0,0.0,0.0,0.0,0.0,0.0,0.0,0.03,0,0,0,0,0,0,0,0,0,0,0,0,0,0,0,0,0,0,0,0,0
1.1487667560577393,0,0.0,0.0,0.0,0.0,0.0,0.0,0.0,0.0,0.03,0,0,0,0,0,0,0,0,0,0,0,0,0,0,0,0,0,0,0,0,0
1.150038719177246,0,0.0,0.0,0.0,0.0,0.0,0.0,0.0,0.0,0.03,0,0,0,0,0,0,0,0,0,0,0,0,0,0,0,0,0,0,0,0,0
1.1511290073394775,0,0.0,0.0,0.0,0.0,0.0,0.0,0.0,0.0,0.03,0,0,0,0,0,0,0,0,0,0,0,0,0,0,0,0,0,0,0,0,0
1.152231216430664,0,0.0,0.0,0.0,0.0,0.0,0.0,0.0,0.0,0.03,0,0,0,0,0,0,0,0,0,0,0,0,0,0,0,0,0,0,0,0,0
1.1537811756134033,0,0.0,0.0,0.0,0.0,0.0,0.0,0.0,0.0,0.03,0,0,0,0,0,0,0,0,0,0,0,0,0,0,0,0,0,0,0,0,0
1.155308485031128,0,0.0,0.0,0.0,0.0,0.0,0.0,0.0,0.0,0.03,0,0,0,0,0,0,0,0,0,0,0,0,0,0,0,0,0,0,0,0,0
1.1567718982696533,0,0.0,0.0,0.0,0.0,0.0,0.0,0.0,0.0,0.03,0,0,0,0,0,0,0,0,0,0,0,0,0,0,0,0,0,0,0,0,0
1.158005952835083,0,0.0,0.0,0.0,0.0,0.0,0.0,0.0,0.0,0.03,0,0,0,0,0,0,0,0,0,0,0,0,0,0,0,0,0,0,0,0,0
1.1591060161590576,0,0.0,0.0,0.0,0.0,0.0,0.0,0.0,0.0,0.03,0,0,0,0,0,0,0,0,0,0,0,0,0,0,0,0,0,0,0,0,0
1.1607871055603027,0,0.0,0.0,0.0,0.0,0.0,0.0,0.0,0.0,0.03,0,0,0,0,0,0,0,0,0,0,0,0,0,0,0,0,0,0,0,0,0
1.1620264053344727,0,0.0,0.0,0.0,0.0,0.0,0.0,0.0,0.0,0.03,0,0,0,0,0,0,0,0,0,0,0,0,0,0,0,0,0,0,0,0,0
1.1631145477294922,0,0.0,0.0,0.0,0.0,0.0,0.0,0.0,0.0,0.03,0,0,0,0,0,0,0,0,0,0,0,0,0,0,0,0,0,0,0,0,0
1.1647579669952393,0,0.0,0.0,0.0,0.0,0.0,0.0,0.0,0.0,0.03,0,0,0,0,0,0,0,0,0,0,0,0,0,0,0,0,0,0,0,0,0
1.1658506393432617,0,0.0,0.0,0.0,0.0,0.0,0.0,0.0,0.0,0.03,0,0,0,0,0,0,0,0,0,0,0,0,0,0,0,0,0,0,0,0,0
1.1669471263885498,0,0.0,0.0,0.0,0.0,0.0,0.0,0.0,0.0,0.03,0,0,0,0,0,0,0,0,0,0,0,0,0,0,0,0,0,0,0,0,0
1.1682732105255127,0,0.0,0.0,0.0,0.0,0.0,0.0,0.0,0.0,0.03,0,0,0,0,0,0,0,0,0,0,0,0,0,0,0,0,0,0,0,0,0
1.169360876083374,0,0.0,0.0,0.0,0.0,0.0,0.0,0.0,0.0,0.03,0,0,0,0,0,0,0,0,0,0,0,0,0,0,0,0,0,0,0,0,0
1.1707425117492676,0,0.0,0.0,0.0,0.0,0.0,0.0,0.0,0.0,0.03,0,0,0,0,0,0,0,0,0,0,0,0,0,0,0,0,0,0,0,0,0
1.1725330352783203,0,0.0,0.0,0.0,0.0,0.0,0.0,0.0,0.0,0.03,0,0,0,0,0,0,0,0,0,0,0,0,0,0,0,0,0,0,0,0,0
1.1740210056304932,0,0.0,0.0,0.0,0.0,0.0,0.0,0.0,0.0,0.03,0,0,0,0,0,0,0,0,0,0,0,0,0,0,0,0,0,0,0,0,0
1.175116777420044,0,0.0,0.0,0.0,0.0,0.0,0.0,0.0,0.0,0.03,0,0,0,0,0,0,0,0,0,0,0,0,0,0,0,0,0,0,0,0,0
1.1762323379516602,0,0.0,0.0,0.0,0.0,0.0,0.0,0.0,0.0,0.03,0,0,0,0,0,0,0,0,0,0,0,0,0,0,0,0,0,0,0,0,0
1.1775667667388916,0,0.0,0.0,0.0,0.0,0.0,0.0,0.0,0.0,0.03,0,0,0,0,0,0,0,0,0,0,0,0,0,0,0,0,0,0,0,0,0
1.1788945198059082,0,0.0,0.0,0.0,0.0,0.0,0.0,0.0,0.0,0.03,0,0,0,0,0,0,0,0,0,0,0,0,0,0,0,0,0,0,0,0,0
1.1799898147583008,0,0.0,0.0,0.0,0.0,0.0,0.0,0.0,0.0,0.03,0,0,0,0,0,0,0,0,0,0,0,0,0,0,0,0,0,0,0,0,0
1.1816706657409668,0,0.0,0.0,0.0,0.0,0.0,0.0,0.0,0.0,0.03,0,0,0,0,0,0,0,0,0,0,0,0,0,0,0,0,0,0,0,0,0
1.1828510761260986,0,0.0,0.0,0.0,0.0,0.0,0.0,0.0,0.0,0.03,0,0,0,0,0,0,0,0,0,0,0,0,0,0,0,0,0,0,0,0,0
1.1848111152648926,0,0.0,0.0,0.0,0.0,0.0,0.0,0.0,0.0,0.03,0,0,0,0,0,0,0,0,0,0,0,0,0,0,0,0,0,0,0,0,0
1.1860029697418213,0,0.0,0.0,0.0,0.0,0.0,0.0,0.0,0.0,0.03,0,0,0,0,0,0,0,0,0,0,0,0,0,0,0,0,0,0,0,0,0
1.1872098445892334,0,0.0,0.0,0.0,0.0,0.0,0.0,0.0,0.0,0.03,0,0,0,0,0,0,0,0,0,0,0,0,0,0,0,0,0,0,0,0,0
1.1891324520111084,0,0.0,0.0,0.0,0.0,0.0,0.0,0.0,0.0,0.03,0,0,0,0,0,0,0,0,0,0,0,0,0,0,0,0,0,0,0,0,0
1.1908297538757324,0,0.0,0.0,0.0,0.0,0.0,0.0,0.0,0.0,0.03,0,0,0,0,0,0,0,0,0,0,0,0,0,0,0,0,0,0,0,0,0
1.1925668716430664,0,0.0,0.0,0.0,0.0,0.0,0.0,0.0,0.0,0.03,0,0,0,0,0,0,0,0,0,0,0,0,0,0,0,0,0,0,0,0,0
1.1936564445495605,0,0.0,0.0,0.0,0.0,0.0,0.0,0.0,0.0,0.03,0,0,0,0,0,0,0,0,0,0,0,0,0,0,0,0,0,0,0,0,0
1.1949543952941895,0,0.0,0.0,0.0,0.0,0.0,0.0,0.0,0.0,0.03,0,0,0,0,0,0,0,0,0,0,0,0,0,0,0,0,0,0,0,0,0
1.196101427078247,0,0.0,0.0,0.0,0.0,0.0,0.0,0.0,0.0,0.03,0,0,0,0,0,0,0,0,0,0,0,0,0,0,0,0,0,0,0,0,0
1.197295904159546,0,0.0,0.0,0.0,0.0,0.0,0.0,0.0,0.0,0.03,0,0,0,0,0,0,0,0,0,0,0,0,0,0,0,0,0,0,0,0,0
1.1987016201019287,0,0.0,0.0,0.0,0.0,0.0,0.0,0.0,0.0,0.03,0,0,0,0,0,0,0,0,0,0,0,0,0,0,0,0,0,0,0,0,0
1.1998090744018555,0,0.0,0.0,0.0,0.0,0.0,0.0,0.0,0.0,0.03,0,0,0,0,0,0,0,0,0,0,0,0,0,0,0,0,0,0,0,0,0
1.201613187789917,0,0.0,0.0,0.0,0.0,0.0,0.0,0.0,0.0,0.03,0,0,0,0,0,0,0,0,0,0,0,0,0,0,0,0,0,0,0,0,0
1.2029731273651123,0,0.0,0.0,0.0,0.0,0.0,0.0,0.0,0.0,0.03,0,0,0,0,0,0,0,0,0,0,0,0,0,0,0,0,0,0,0,0,0
1.2041664123535156,0,0.0,0.0,0.0,0.0,0.0,0.0,0.0,0.0,0.03,0,0,0,0,0,0,0,0,0,0,0,0,0,0,0,0,0,0,0,0,0
1.2052879333496094,0,0.0,0.0,0.0,0.0,0.0,0.0,0.0,0.0,0.03,0,0,0,0,0,0,0,0,0,0,0,0,0,0,0,0,0,0,0,0,0
1.2063848972320557,0,0.0,0.0,0.0,0.0,0.0,0.0,0.0,0.0,0.03,0,0,0,0,0,0,0,0,0,0,0,0,0,0,0,0,0,0,0,0,0
1.2075564861297607,0,0.0,0.0,0.0,0.0,0.0,0.0,0.0,0.0,0.03,0,0,0,0,0,0,0,0,0,0,0,0,0,0,0,0,0,0,0,0,0
1.2092924118041992,0,0.0,0.0,0.0,0.0,0.0,0.0,0.0,0.0,0.03,0,0,0,0,0,0,0,0,0,0,0,0,0,0,0,0,0,0,0,0,0
1.2107594013214111,0,0.0,0.0,0.0,0.0,0.0,0.0,0.0,0.0,0.03,0,0,0,0,0,0,0,0,0,0,0,0,0,0,0,0,0,0,0,0,0
1.212289810180664,0,0.0,0.0,0.0,0.0,0.0,0.0,0.0,0.0,0.03,0,0,0,0,0,0,0,0,0,0,0,0,0,0,0,0,0,0,0,0,0
1.2137408256530762,0,0.0,0.0,0.0,0.0,0.0,0.0,0.0,0.0,0.03,0,0,0,0,0,0,0,0,0,0,0,0,0,0,0,0,0,0,0,0,0
1.2149245738983154,0,0.0,0.0,0.0,0.0,0.0,0.0,0.0,0.0,0.03,0,0,0,0,0,0,0,0,0,0,0,0,0,0,0,0,0,0,0,0,0
1.2160186767578125,0,0.0,0.0,0.0,0.0,0.0,0.0,0.0,0.0,0.03,0,0,0,0,0,0,0,0,0,0,0,0,0,0,0,0,0,0,0,0,0
1.2174603939056396,0,0.0,0.0,0.0,0.0,0.0,0.0,0.0,0.0,0.03,0,0,0,0,0,0,0,0,0,0,0,0,0,0,0,0,0,0,0,0,0
1.2189288139343262,0,0.0,0.0,0.0,0.0,0.0,0.0,0.0,0.0,0.03,0,0,0,0,0,0,0,0,0,0,0,0,0,0,0,0,0,0,0,0,0
1.220024824142456,0,0.0,0.0,0.0,0.0,0.0,0.0,0.0,0.0,0.03,0,0,0,0,0,0,0,0,0,0,0,0,0,0,0,0,0,0,0,0,0
1.2219269275665283,0,0.0,0.0,0.0,0.0,0.0,0.0,0.0,0.0,0.03,0,0,0,0,0,0,0,0,0,0,0,0,0,0,0,0,0,0,0,0,0
1.223076581954956,0,0.0,0.0,0.0,0.0,0.0,0.0,0.0,0.0,0.03,0,0,0,0,0,0,0,0,0,0,0,0,0,0,0,0,0,0,0,0,0
1.2241878509521484,0,0.0,0.0,0.0,0.0,0.0,0.0,0.0,0.0,0.03,0,0,0,0,0,0,0,0,0,0,0,0,0,0,0,0,0,0,0,0,0
1.2252814769744873,0,0.0,0.0,0.0,0.0,0.0,0.0,0.0,0.0,0.03,0,0,0,0,0,0,0,0,0,0,0,0,0,0,0,0,0,0,0,0,0
1.226365566253662,0,0.0,0.0,0.0,0.0,0.0,0.0,0.0,0.0,0.03,0,0,0,0,0,0,0,0,0,0,0,0,0,0,0,0,0,0,0,0,0
1.227996587753296,0,0.0,0.0,0.0,0.0,0.0,0.0,0.0,0.0,0.03,0,0,0,0,0,0,0,0,0,0,0,0,0,0,0,0,0,0,0,0,0
1.230283260345459,0,0.0,0.0,0.0,0.0,0.0,0.0,0.0,0.0,0.03,0,0,0,0,0,0,0,0,0,0,0,0,0,0,0,0,0,0,0,0,0
1.2315394878387451,0,0.0,0.0,0.0,0.0,0.0,0.0,0.0,0.0,0.03,0,0,0,0,0,0,0,0,0,0,0,0,0,0,0,0,0,0,0,0,0
1.232750654220581,0,0.0,0.0,0.0,0.0,0.0,0.0,0.0,0.0,0.03,0,0,0,0,0,0,0,0,0,0,0,0,0,0,0,0,0,0,0,0,0
1.2340285778045654,0,0.0,0.0,0.0,0.0,0.0,0.0,0.0,0.0,0.03,0,0,0,0,0,0,0,0,0,0,0,0,0,0,0,0,0,0,0,0,0
1.235821008682251,0,0.0,0.0,0.0,0.0,0.0,0.0,0.0,0.0,0.03,0,0,0,0,0,0,0,0,0,0,0,0,0,0,0,0,0,0,0,0,0
1.23689603805542,0,0.0,0.0,0.0,0.0,0.0,0.0,0.0,0.0,0.03,0,0,0,0,0,0,0,0,0,0,0,0,0,0,0,0,0,0,0,0,0
1.2380726337432861,0,0.0,0.0,0.0,0.0,0.0,0.0,0.0,0.0,0.03,0,0,0,0,0,0,0,0,0,0,0,0,0,0,0,0,0,0,0,0,0
1.2391700744628906,0,0.0,0.0,0.0,0.0,0.0,0.0,0.0,0.0,0.03,0,0,0,0,0,0,0,0,0,0,0,0,0,0,0,0,0,0,0,0,0
1.242879867553711,0,0.0,0.0,0.0,0.0,0.0,0.0,0.0,0.0,0.03,0,0,0,0,0,0,0,0,0,0,0,0,0,0,0,0,0,0,0,0,0
1.2442703247070312,0,0.0,0.0,0.0,0.0,0.0,0.0,0.0,0.0,0.03,0,0,0,0,0,0,0,0,0,0,0,0,0,0,0,0,0,0,0,0,0
1.2457911968231201,0,0.0,0.0,0.0,0.0,0.0,0.0,0.0,0.0,0.03,0,0,0,0,0,0,0,0,0,0,0,0,0,0,0,0,0,0,0,0,0
1.2486474514007568,0,0.0,0.0,0.0,0.0,0.0,0.0,0.0,0.0,0.03,0,0,0,0,0,0,0,0,0,0,0,0,0,0,0,0,0,0,0,0,0
1.2501323223114014,0,0.0,0.0,0.0,0.0,0.0,0.0,0.0,0.0,0.03,0,0,0,0,0,0,0,0,0,0,0,0,0,0,0,0,0,0,0,0,0
1.251537561416626,0,0.0,0.0,0.0,0.0,0.0,0.0,0.0,0.0,0.03,0,0,0,0,0,0,0,0,0,0,0,0,0,0,0,0,0,0,0,0,0
1.2544898986816406,0,0.0,0.0,0.0,0.0,0.0,0.0,0.0,0.0,0.03,0,0,0,0,0,0,0,0,0,0,0,0,0,0,0,0,0,0,0,0,0
1.2558705806732178,0,0.0,0.0,0.0,0.0,0.0,0.0,0.0,0.0,0.03,0,0,0,0,0,0,0,0,0,0,0,0,0,0,0,0,0,0,0,0,0
1.2569963932037354,0,0.0,0.0,0.0,0.0,0.0,0.0,0.0,0.0,0.03,0,0,0,0,0,0,0,0,0,0,0,0,0,0,0,0,0,0,0,0,0
1.2589380741119385,0,0.0,0.0,0.0,0.0,0.0,0.0,0.0,0.0,0.03,0,0,0,0,0,0,0,0,0,0,0,0,0,0,0,0,0,0,0,0,0
1.2600383758544922,0,0.0,0.0,0.0,0.0,0.0,0.0,0.0,0.0,0.03,0,0,0,0,0,0,0,0,0,0,0,0,0,0,0,0,0,0,0,0,0
1.2611181735992432,0,0.0,0.0,0.0,0.0,0.0,0.0,0.0,0.0,0.03,0,0,0,0,0,0,0,0,0,0,0,0,0,0,0,0,0,0,0,0,0
1.2622408866882324,0,0.0,0.0,0.0,0.0,0.0,0.0,0.0,0.0,0.03,0,0,0,0,0,0,0,0,0,0,0,0,0,0,0,0,0,0,0,0,0
1.2634055614471436,0,0.0,0.0,0.0,0.0,0.0,0.0,0.0,0.0,0.03,0,0,0,0,0,0,0,0,0,0,0,0,0,0,0,0,0,0,0,0,0
1.264500379562378,0,0.0,0.0,0.0,0.0,0.0,0.0,0.0,0.0,0.03,0,0,0,0,0,0,0,0,0,0,0,0,0,0,0,0,0,0,0,0,0
1.2656092643737793,0,0.0,0.0,0.0,0.0,0.0,0.0,0.0,0.0,0.03,0,0,0,0,0,0,0,0,0,0,0,0,0,0,0,0,0,0,0,0,0
1.2674617767333984,0,0.0,0.0,0.0,0.0,0.0,0.0,0.0,0.0,0.03,0,0,0,0,0,0,0,0,0,0,0,0,0,0,0,0,0,0,0,0,0
1.2685999870300293,0,0.0,0.0,0.0,0.0,0.0,0.0,0.0,0.0,0.03,0,0,0,0,0,0,0,0,0,0,0,0,0,0,0,0,0,0,0,0,0
1.2707061767578125,0,0.0,0.0,0.0,0.0,0.0,0.0,0.0,0.0,0.03,0,0,0,0,0,0,0,0,0,0,0,0,0,0,0,0,0,0,0,0,0
1.2718214988708496,0,0.0,0.0,0.0,0.0,0.0,0.0,0.0,0.0,0.03,0,0,0,0,0,0,0,0,0,0,0,0,0,0,0,0,0,0,0,0,0
1.2729368209838867,0,0.0,0.0,0.0,0.0,0.0,0.0,0.0,0.0,0.03,0,0,0,0,0,0,0,0,0,0,0,0,0,0,0,0,0,0,0,0,0
1.2744150161743164,0,0.0,0.0,0.0,0.0,0.0,0.0,0.0,0.0,0.03,0,0,0,0,0,0,0,0,0,0,0,0,0,0,0,0,0,0,0,0,0
1.2758936882019043,0,0.0,0.0,0.0,0.0,0.0,0.0,0.0,0.0,0.03,0,0,0,0,0,0,0,0,0,0,0,0,0,0,0,0,0,0,0,0,0
1.2770118713378906,0,0.0,0.0,0.0,0.0,0.0,0.0,0.0,0.0,0.03,0,0,0,0,0,0,0,0,0,0,0,0,0,0,0,0,0,0,0,0,0
1.2786598205566406,0,0.0,0.0,0.0,0.0,0.0,0.0,0.0,0.0,0.03,0,0,0,0,0,0,0,0,0,0,0,0,0,0,0,0,0,0,0,0,0
1.2800476551055908,0,0.0,0.0,0.0,0.0,0.0,0.0,0.0,0.0,0.03,0,0,0,0,0,0,0,0,0,0,0,0,0,0,0,0,0,0,0,0,0
1.2811405658721924,0,0.0,0.0,0.0,0.0,0.0,0.0,0.0,0.0,0.03,0,0,0,0,0,0,0,0,0,0,0,0,0,0,0,0,0,0,0,0,0
1.2823173999786377,0,0.0,0.0,0.0,0.0,0.0,0.0,0.0,0.0,0.03,0,0,0,0,0,0,0,0,0,0,0,0,0,0,0,0,0,0,0,0,0
1.283397912979126,0,0.0,0.0,0.0,0.0,0.0,0.0,0.0,0.0,0.03,0,0,0,0,0,0,0,0,0,0,0,0,0,0,0,0,0,0,0,0,0
1.2847533226013184,0,0.0,0.0,0.0,0.0,0.0,0.0,0.0,0.0,0.03,0,0,0,0,0,0,0,0,0,0,0,0,0,0,0,0,0,0,0,0,0
1.2861690521240234,0,0.0,0.0,0.0,0.0,0.0,0.0,0.0,0.0,0.03,0,0,0,0,0,0,0,0,0,0,0,0,0,0,0,0,0,0,0,0,0
1.2876646518707275,0,0.0,0.0,0.0,0.0,0.0,0.0,0.0,0.0,0.03,0,0,0,0,0,0,0,0,0,0,0,0,0,0,0,0,0,0,0,0,0
1.2889773845672607,0,0.0,0.0,0.0,0.0,0.0,0.0,0.0,0.0,0.03,0,0,0,0,0,0,0,0,0,0,0,0,0,0,0,0,0,0,0,0,0
1.2901873588562012,0,0.0,0.0,0.0,0.0,0.0,0.0,0.0,0.0,0.03,0,0,0,0,0,0,0,0,0,0,0,0,0,0,0,0,0,0,0,0,0
1.2920799255371094,0,0.0,0.0,0.0,0.0,0.0,0.0,0.0,0.0,0.03,0,0,0,0,0,0,0,0,0,0,0,0,0,0,0,0,0,0,0,0,0
1.293210506439209,0,0.0,0.0,0.0,0.0,0.0,0.0,0.0,0.0,0.03,0,0,0,0,0,0,0,0,0,0,0,0,0,0,0,0,0,0,0,0,0
1.2942800521850586,0,0.0,0.0,0.0,0.0,0.0,0.0,0.0,0.0,0.03,0,0,0,0,0,0,0,0,0,0,0,0,0,0,0,0,0,0,0,0,0
1.2958827018737793,0,0.0,0.0,0.0,0.0,0.0,0.0,0.0,0.0,0.03,0,0,0,0,0,0,0,0,0,0,0,0,0,0,0,0,0,0,0,0,0
1.2978241443634033,0,0.0,0.0,0.0,0.0,0.0,0.0,0.0,0.0,0.03,0,0,0,0,0,0,0,0,0,0,0,0,0,0,0,0,0,0,0,0,0
1.3009517192840576,0,0.0,0.0,0.0,0.0,0.0,0.0,0.0,0.0,0.03,0,0,0,0,0,0,0,0,0,0,0,0,0,0,0,0,0,0,0,0,0
1.302095890045166,0,0.0,0.0,0.0,0.0,0.0,0.0,0.0,0.0,0.03,0,0,0,0,0,0,0,0,0,0,0,0,0,0,0,0,0,0,0,0,0
1.3047969341278076,0,0.0,0.0,0.0,0.0,0.0,0.0,0.0,0.0,0.03,0,0,0,0,0,0,0,0,0,0,0,0,0,0,0,0,0,0,0,0,0
1.3064141273498535,0,0.0,0.0,0.0,0.0,0.0,0.0,0.0,0.0,0.03,0,0,0,0,0,0,0,0,0,0,0,0,0,0,0,0,0,0,0,0,0
1.3076024055480957,0,0.0,0.0,0.0,0.0,0.0,0.0,0.0,0.0,0.03,0,0,0,0,0,0,0,0,0,0,0,0,0,0,0,0,0,0,0,0,0
1.3087091445922852,0,0.0,0.0,0.0,0.0,0.0,0.0,0.0,0.0,0.03,0,0,0,0,0,0,0,0,0,0,0,0,0,0,0,0,0,0,0,0,0
1.3100683689117432,0,0.0,0.0,0.0,0.0,0.0,0.0,0.0,0.0,0.03,0,0,0,0,0,0,0,0,0,0,0,0,0,0,0,0,0,0,0,0,0
1.311640977859497,0,0.0,0.0,0.0,0.0,0.0,0.0,0.0,0.0,0.03,0,0,0,0,0,0,0,0,0,0,0,0,0,0,0,0,0,0,0,0,0
1.3138437271118164,0,0.0,0.0,0.0,0.0,0.0,0.0,0.0,0.0,0.03,0,0,0,0,0,0,0,0,0,0,0,0,0,0,0,0,0,0,0,0,0
1.3149769306182861,0,0.0,0.0,0.0,0.0,0.0,0.0,0.0,0.0,0.03,0,0,0,0,0,0,0,0,0,0,0,0,0,0,0,0,0,0,0,0,0
1.3163414001464844,0,0.0,0.0,0.0,0.0,0.0,0.0,0.0,0.0,0.03,0,0,0,0,0,0,0,0,0,0,0,0,0,0,0,0,0,0,0,0,0
1.3175122737884521,0,0.0,0.0,0.0,0.0,0.0,0.0,0.0,0.0,0.03,0,0,0,0,0,0,0,0,0,0,0,0,0,0,0,0,0,0,0,0,0
1.318605661392212,0,0.0,0.0,0.0,0.0,0.0,0.0,0.0,0.0,0.03,0,0,0,0,0,0,0,0,0,0,0,0,0,0,0,0,0,0,0,0,0
1.31976318359375,0,0.0,0.0,0.0,0.0,0.0,0.0,0.0,0.0,0.03,0,0,0,0,0,0,0,0,0,0,0,0,0,0,0,0,0,0,0,0,0
1.3209915161132812,0,0.0,0.0,0.0,0.0,0.0,0.0,0.0,0.0,0.03,0,0,0,0,0,0,0,0,0,0,0,0,0,0,0,0,0,0,0,0,0
1.3221843242645264,0,0.0,0.0,0.0,0.0,0.0,0.0,0.0,0.0,0.03,0,0,0,0,0,0,0,0,0,0,0,0,0,0,0,0,0,0,0,0,0
1.3232712745666504,0,0.0,0.0,0.0,0.0,0.0,0.0,0.0,0.0,0.03,0,0,0,0,0,0,0,0,0,0,0,0,0,0,0,0,0,0,0,0,0
1.3247013092041016,0,0.0,0.0,0.0,0.0,0.0,0.0,0.0,0.0,0.03,0,0,0,0,0,0,0,0,0,0,0,0,0,0,0,0,0,0,0,0,0
1.3258938789367676,0,0.0,0.0,0.0,0.0,0.0,0.0,0.0,0.0,0.03,0,0,0,0,0,0,0,0,0,0,0,0,0,0,0,0,0,0,0,0,0
1.3274147510528564,0,0.0,0.0,0.0,0.0,0.0,0.0,0.0,0.0,0.03,0,0,0,0,0,0,0,0,0,0,0,0,0,0,0,0,0,0,0,0,0
1.328925371170044,0,0.0,0.0,0.0,0.0,0.0,0.0,0.0,0.0,0.03,0,0,0,0,0,0,0,0,0,0,0,0,0,0,0,0,0,0,0,0,0
1.3301026821136475,0,0.0,0.0,0.0,0.0,0.0,0.0,0.0,0.0,0.03,0,0,0,0,0,0,0,0,0,0,0,0,0,0,0,0,0,0,0,0,0
1.3312084674835205,0,0.0,0.0,0.0,0.0,0.0,0.0,0.0,0.0,0.03,0,0,0,0,0,0,0,0,0,0,0,0,0,0,0,0,0,0,0,0,0
1.3328897953033447,0,0.0,0.0,0.0,0.0,0.0,0.0,0.0,0.0,0.03,0,0,0,0,0,0,0,0,0,0,0,0,0,0,0,0,0,0,0,0,0
1.334130048751831,0,0.0,0.0,0.0,0.0,0.0,0.0,0.0,0.0,0.03,0,0,0,0,0,0,0,0,0,0,0,0,0,0,0,0,0,0,0,0,0
1.3352305889129639,0,0.0,0.0,0.0,0.0,0.0,0.0,0.0,0.0,0.03,0,0,0,0,0,0,0,0,0,0,0,0,0,0,0,0,0,0,0,0,0
1.336463212966919,0,0.0,0.0,0.0,0.0,0.0,0.0,0.0,0.0,0.03,0,0,0,0,0,0,0,0,0,0,0,0,0,0,0,0,0,0,0,0,0
1.3378162384033203,0,0.0,0.0,0.0,0.0,0.0,0.0,0.0,0.0,0.03,0,0,0,0,0,0,0,0,0,0,0,0,0,0,0,0,0,0,0,0,0
1.3390271663665771,0,0.0,0.0,0.0,0.0,0.0,0.0,0.0,0.0,0.03,0,0,0,0,0,0,0,0,0,0,0,0,0,0,0,0,0,0,0,0,0
1.3403429985046387,0,0.0,0.0,0.0,0.0,0.0,0.0,0.0,0.0,0.03,0,0,0,0,0,0,0,0,0,0,0,0,0,0,0,0,0,0,0,0,0
1.3414366245269775,0,0.0,0.0,0.0,0.0,0.0,0.0,0.0,0.0,0.03,0,0,0,0,0,0,0,0,0,0,0,0,0,0,0,0,0,0,0,0,0
1.3436651229858398,0,0.0,0.0,0.0,0.0,0.0,0.0,0.0,0.0,0.03,0,0,0,0,0,0,0,0,0,0,0,0,0,0,0,0,0,0,0,0,0
1.3454334735870361,0,0.0,0.0,0.0,0.0,0.0,0.0,0.0,0.0,0.03,0,0,0,0,0,0,0,0,0,0,0,0,0,0,0,0,0,0,0,0,0
1.3466980457305908,0,0.0,0.0,0.0,0.0,0.0,0.0,0.0,0.0,0.03,0,0,0,0,0,0,0,0,0,0,0,0,0,0,0,0,0,0,0,0,0
1.347874641418457,0,0.0,0.0,0.0,0.0,0.0,0.0,0.0,0.0,0.03,0,0,0,0,0,0,0,0,0,0,0,0,0,0,0,0,0,0,0,0,0
1.348935604095459,0,0.0,0.0,0.0,0.0,0.0,0.0,0.0,0.0,0.03,0,0,0,0,0,0,0,0,0,0,0,0,0,0,0,0,0,0,0,0,0
1.3509342670440674,0,0.0,0.0,0.0,0.0,0.0,0.0,0.0,0.0,0.03,0,0,0,0,0,0,0,0,0,0,0,0,0,0,0,0,0,0,0,0,0
1.3520259857177734,0,0.0,0.0,0.0,0.0,0.0,0.0,0.0,0.0,0.03,0,0,0,0,0,0,0,0,0,0,0,0,0,0,0,0,0,0,0,0,0
1.3535754680633545,0,0.0,0.0,0.0,0.0,0.0,0.0,0.0,0.0,0.03,0,0,0,0,0,0,0,0,0,0,0,0,0,0,0,0,0,0,0,0,0
1.3548874855041504,0,0.0,0.0,0.0,0.0,0.0,0.0,0.0,0.0,0.03,0,0,0,0,0,0,0,0,0,0,0,0,0,0,0,0,0,0,0,0,0
1.358090877532959,0,0.0,0.0,0.0,0.0,0.0,0.0,0.0,0.0,0.03,0,0,0,0,0,0,0,0,0,0,0,0,0,0,0,0,0,0,0,0,0
1.3594741821289062,0,0.0,0.0,0.0,0.0,0.0,0.0,0.0,0.0,0.03,0,0,0,0,0,0,0,0,0,0,0,0,0,0,0,0,0,0,0,0,0
1.3609943389892578,0,0.0,0.0,0.0,0.0,0.0,0.0,0.0,0.0,0.03,0,0,0,0,0,0,0,0,0,0,0,0,0,0,0,0,0,0,0,0,0
1.3620667457580566,0,0.0,0.0,0.0,0.0,0.0,0.0,0.0,0.0,0.03,0,0,0,0,0,0,0,0,0,0,0,0,0,0,0,0,0,0,0,0,0
1.3638436794281006,0,0.0,0.0,0.0,0.0,0.0,0.0,0.0,0.0,0.03,0,0,0,0,0,0,0,0,0,0,0,0,0,0,0,0,0,0,0,0,0
1.3653759956359863,0,0.0,0.0,0.0,0.0,0.0,0.0,0.0,0.0,0.03,0,0,0,0,0,0,0,0,0,0,0,0,0,0,0,0,0,0,0,0,0
1.366769552230835,0,0.0,0.0,0.0,0.0,0.0,0.0,0.0,0.0,0.03,0,0,0,0,0,0,0,0,0,0,0,0,0,0,0,0,0,0,0,0,0
1.3680994510650635,0,0.0,0.0,0.0,0.0,0.0,0.0,0.0,0.0,0.03,0,0,0,0,0,0,0,0,0,0,0,0,0,0,0,0,0,0,0,0,0
1.3702497482299805,0,0.0,0.0,0.0,0.0,0.0,0.0,0.0,0.0,0.03,0,0,0,0,0,0,0,0,0,0,0,0,0,0,0,0,0,0,0,0,0
1.3713724613189697,0,0.0,0.0,0.0,0.0,0.0,0.0,0.0,0.0,0.03,0,0,0,0,0,0,0,0,0,0,0,0,0,0,0,0,0,0,0,0,0
1.3724720478057861,0,0.0,0.0,0.0,0.0,0.0,0.0,0.0,0.0,0.03,0,0,0,0,0,0,0,0,0,0,0,0,0,0,0,0,0,0,0,0,0
1.3748443126678467,0,0.0,0.0,0.0,0.0,0.0,0.0,0.0,0.0,0.03,0,0,0,0,0,0,0,0,0,0,0,0,0,0,0,0,0,0,0,0,0
1.375906229019165,0,0.0,0.0,0.0,0.0,0.0,0.0,0.0,0.0,0.03,0,0,0,0,0,0,0,0,0,0,0,0,0,0,0,0,0,0,0,0,0
1.377082347869873,0,0.0,0.0,0.0,0.0,0.0,0.0,0.0,0.0,0.03,0,0,0,0,0,0,0,0,0,0,0,0,0,0,0,0,0,0,0,0,0
1.3781867027282715,0,0.0,0.0,0.0,0.0,0.0,0.0,0.0,0.0,0.03,0,0,0,0,0,0,0,0,0,0,0,0,0,0,0,0,0,0,0,0,0
1.3792753219604492,0,0.0,0.0,0.0,0.0,0.0,0.0,0.0,0.0,0.03,0,0,0,0,0,0,0,0,0,0,0,0,0,0,0,0,0,0,0,0,0
1.3804571628570557,0,0.0,0.0,0.0,0.0,0.0,0.0,0.0,0.0,0.03,0,0,0,0,0,0,0,0,0,0,0,0,0,0,0,0,0,0,0,0,0
1.3821682929992676,0,0.0,0.0,0.0,0.0,0.0,0.0,0.0,0.0,0.03,0,0,0,0,0,0,0,0,0,0,0,0,0,0,0,0,0,0,0,0,0
1.3836255073547363,0,0.0,0.0,0.0,0.0,0.0,0.0,0.0,0.0,0.03,0,0,0,0,0,0,0,0,0,0,0,0,0,0,0,0,0,0,0,0,0
1.3852019309997559,0,0.0,0.0,0.0,0.0,0.0,0.0,0.0,0.0,0.03,0,0,0,0,0,0,0,0,0,0,0,0,0,0,0,0,0,0,0,0,0
1.3867111206054688,0,0.0,0.0,0.0,0.0,0.0,0.0,0.0,0.0,0.03,0,0,0,0,0,0,0,0,0,0,0,0,0,0,0,0,0,0,0,0,0
1.3878507614135742,0,0.0,0.0,0.0,0.0,0.0,0.0,0.0,0.0,0.03,0,0,0,0,0,0,0,0,0,0,0,0,0,0,0,0,0,0,0,0,0
1.3889682292938232,0,0.0,0.0,0.0,0.0,0.0,0.0,0.0,0.0,0.03,0,0,0,0,0,0,0,0,0,0,0,0,0,0,0,0,0,0,0,0,0
1.3909621238708496,0,0.0,0.0,0.0,0.0,0.0,0.0,0.0,0.0,0.03,0,0,0,0,0,0,0,0,0,0,0,0,0,0,0,0,0,0,0,0,0
1.3925256729125977,0,0.0,0.0,0.0,0.0,0.0,0.0,0.0,0.0,0.03,0,0,0,0,0,0,0,0,0,0,0,0,0,0,0,0,0,0,0,0,0
1.3936407566070557,0,0.0,0.0,0.0,0.0,0.0,0.0,0.0,0.0,0.03,0,0,0,0,0,0,0,0,0,0,0,0,0,0,0,0,0,0,0,0,0
1.3948841094970703,0,0.0,0.0,0.0,0.0,0.0,0.0,0.0,0.0,0.03,0,0,0,0,0,0,0,0,0,0,0,0,0,0,0,0,0,0,0,0,0
1.396268606185913,0,0.0,0.0,0.0,0.0,0.0,0.0,0.0,0.0,0.03,0,0,0,0,0,0,0,0,0,0,0,0,0,0,0,0,0,0,0,0,0
1.3974599838256836,0,0.0,0.0,0.0,0.0,0.0,0.0,0.0,0.0,0.03,0,0,0,0,0,0,0,0,0,0,0,0,0,0,0,0,0,0,0,0,0
1.3987956047058105,0,0.0,0.0,0.0,0.0,0.0,0.0,0.0,0.0,0.03,0,0,0,0,0,0,0,0,0,0,0,0,0,0,0,0,0,0,0,0,0
1.3998825550079346,0,0.0,0.0,0.0,0.0,0.0,0.0,0.0,0.0,0.03,0,0,0,0,0,0,0,0,0,0,0,0,0,0,0,0,0,0,0,0,0
1.400989055633545,0,0.0,0.0,0.0,0.0,0.0,0.0,0.0,0.0,0.03,0,0,0,0,0,0,0,0,0,0,0,0,0,0,0,0,0,0,0,0,0
1.4023687839508057,0,0.0,0.0,0.0,0.0,0.0,0.0,0.0,0.0,0.03,0,0,0,0,0,0,0,0,0,0,0,0,0,0,0,0,0,0,0,0,0
1.403449535369873,0,0.0,0.0,0.0,0.0,0.0,0.0,0.0,0.0,0.03,0,0,0,0,0,0,0,0,0,0,0,0,0,0,0,0,0,0,0,0,0
1.4045701026916504,0,0.0,0.0,0.0,0.0,0.0,0.0,0.0,0.0,0.03,0,0,0,0,0,0,0,0,0,0,0,0,0,0,0,0,0,0,0,0,0
1.4056510925292969,0,0.0,0.0,0.0,0.0,0.0,0.0,0.0,0.0,0.03,0,0,0,0,0,0,0,0,0,0,0,0,0,0,0,0,0,0,0,0,0
1.406761646270752,0,0.0,0.0,0.0,0.0,0.0,0.0,0.0,0.0,0.03,0,0,0,0,0,0,0,0,0,0,0,0,0,0,0,0,0,0,0,0,0
1.408339262008667,0,0.0,0.0,0.0,0.0,0.0,0.0,0.0,0.0,0.03,0,0,0,0,0,0,0,0,0,0,0,0,0,0,0,0,0,0,0,0,0
1.409487247467041,0,0.0,0.0,0.0,0.0,0.0,0.0,0.0,0.0,0.03,0,0,0,0,0,0,0,0,0,0,0,0,0,0,0,0,0,0,0,0,0
1.4105844497680664,0,0.0,0.0,0.0,0.0,0.0,0.0,0.0,0.0,0.03,0,0,0,0,0,0,0,0,0,0,0,0,0,0,0,0,0,0,0,0,0
1.411818265914917,0,0.0,0.0,0.0,0.0,0.0,0.0,0.0,0.0,0.03,0,0,0,0,0,0,0,0,0,0,0,0,0,0,0,0,0,0,0,0,0
1.412961721420288,0,0.0,0.0,0.0,0.0,0.0,0.0,0.0,0.0,0.03,0,0,0,0,0,0,0,0,0,0,0,0,0,0,0,0,0,0,0,0,0
1.416672706604004,0,0.0,0.0,0.0,0.0,0.0,0.0,0.0,0.0,0.03,0,0,0,0,0,0,0,0,0,0,0,0,0,0,0,0,0,0,0,0,0
1.4180164337158203,0,0.0,0.0,0.0,0.0,0.0,0.0,0.0,0.0,0.03,0,0,0,0,0,0,0,0,0,0,0,0,0,0,0,0,0,0,0,0,0
1.4197402000427246,0,0.0,0.0,0.0,0.0,0.0,0.0,0.0,0.0,0.03,0,0,0,0,0,0,0,0,0,0,0,0,0,0,0,0,0,0,0,0,0
1.4217901229858398,0,0.0,0.0,0.0,0.0,0.0,0.0,0.0,0.0,0.03,0,0,0,0,0,0,0,0,0,0,0,0,0,0,0,0,0,0,0,0,0
1.4232797622680664,0,0.0,0.0,0.0,0.0,0.0,0.0,0.0,0.0,0.03,0,0,0,0,0,0,0,0,0,0,0,0,0,0,0,0,0,0,0,0,0
1.4247612953186035,0,0.0,0.0,0.0,0.0,0.0,0.0,0.0,0.0,0.03,0,0,0,0,0,0,0,0,0,0,0,0,0,0,0,0,0,0,0,0,0
1.4260799884796143,0,0.0,0.0,0.0,0.0,0.0,0.0,0.0,0.0,0.03,0,0,0,0,0,0,0,0,0,0,0,0,0,0,0,0,0,0,0,0,0
1.427299976348877,0,0.0,0.0,0.0,0.0,0.0,0.0,0.0,0.0,0.03,0,0,0,0,0,0,0,0,0,0,0,0,0,0,0,0,0,0,0,0,0
1.4285452365875244,0,0.0,0.0,0.0,0.0,0.0,0.0,0.0,0.0,0.03,0,0,0,0,0,0,0,0,0,0,0,0,0,0,0,0,0,0,0,0,0
1.4299709796905518,0,0.0,0.0,0.0,0.0,0.0,0.0,0.0,0.0,0.03,0,0,0,0,0,0,0,0,0,0,0,0,0,0,0,0,0,0,0,0,0
1.4310734272003174,0,0.0,0.0,0.0,0.0,0.0,0.0,0.0,0.0,0.03,0,0,0,0,0,0,0,0,0,0,0,0,0,0,0,0,0,0,0,0,0
1.4323930740356445,0,0.0,0.0,0.0,0.0,0.0,0.0,0.0,0.0,0.03,0,0,0,0,0,0,0,0,0,0,0,0,0,0,0,0,0,0,0,0,0
1.433584213256836,0,0.0,0.0,0.0,0.0,0.0,0.0,0.0,0.0,0.03,0,0,0,0,0,0,0,0,0,0,0,0,0,0,0,0,0,0,0,0,0
1.4346845149993896,0,0.0,0.0,0.0,0.0,0.0,0.0,0.0,0.0,0.03,0,0,0,0,0,0,0,0,0,0,0,0,0,0,0,0,0,0,0,0,0
1.4358677864074707,0,0.0,0.0,0.0,0.0,0.0,0.0,0.0,0.0,0.03,0,0,0,0,0,0,0,0,0,0,0,0,0,0,0,0,0,0,0,0,0
1.4369585514068604,0,0.0,0.0,0.0,0.0,0.0,0.0,0.0,0.0,0.03,0,0,0,0,0,0,0,0,0,0,0,0,0,0,0,0,0,0,0,0,0
1.4380500316619873,0,0.0,0.0,0.0,0.0,0.0,0.0,0.0,0.0,0.03,0,0,0,0,0,0,0,0,0,0,0,0,0,0,0,0,0,0,0,0,0
1.4391376972198486,0,0.0,0.0,0.0,0.0,0.0,0.0,0.0,0.0,0.03,0,0,0,0,0,0,0,0,0,0,0,0,0,0,0,0,0,0,0,0,0
1.4415607452392578,0,0.0,0.0,0.0,0.0,0.0,0.0,0.0,0.0,0.03,0,0,0,0,0,0,0,0,0,0,0,0,0,0,0,0,0,0,0,0,0
1.4451673030853271,0,0.0,0.0,0.0,0.0,0.0,0.0,0.0,0.0,0.03,0,0,0,0,0,0,0,0,0,0,0,0,0,0,0,0,0,0,0,0,0
1.4462859630584717,0,0.0,0.0,0.0,0.0,0.0,0.0,0.0,0.0,0.03,0,0,0,0,0,0,0,0,0,0,0,0,0,0,0,0,0,0,0,0,0
1.4473986625671387,0,0.0,0.0,0.0,0.0,0.0,0.0,0.0,0.0,0.03,0,0,0,0,0,0,0,0,0,0,0,0,0,0,0,0,0,0,0,0,0
1.4488084316253662,0,0.0,0.0,0.0,0.0,0.0,0.0,0.0,0.0,0.03,0,0,0,0,0,0,0,0,0,0,0,0,0,0,0,0,0,0,0,0,0
1.450815200805664,0,0.0,0.0,0.0,0.0,0.0,0.0,0.0,0.0,0.03,0,0,0,0,0,0,0,0,0,0,0,0,0,0,0,0,0,0,0,0,0
1.4522159099578857,0,0.0,0.0,0.0,0.0,0.0,0.0,0.0,0.0,0.03,0,0,0,0,0,0,0,0,0,0,0,0,0,0,0,0,0,0,0,0,0
1.4535422325134277,0,0.0,0.0,0.0,0.0,0.0,0.0,0.0,0.0,0.03,0,0,0,0,0,0,0,0,0,0,0,0,0,0,0,0,0,0,0,0,0
1.454643964767456,0,0.0,0.0,0.0,0.0,0.0,0.0,0.0,0.0,0.03,0,0,0,0,0,0,0,0,0,0,0,0,0,0,0,0,0,0,0,0,0
1.455909252166748,0,0.0,0.0,0.0,0.0,0.0,0.0,0.0,0.0,0.03,0,0,0,0,0,0,0,0,0,0,0,0,0,0,0,0,0,0,0,0,0
1.4570884704589844,0,0.0,0.0,0.0,0.0,0.0,0.0,0.0,0.0,0.03,0,0,0,0,0,0,0,0,0,0,0,0,0,0,0,0,0,0,0,0,0
1.458174705505371,0,0.0,0.0,0.0,0.0,0.0,0.0,0.0,0.0,0.03,0,0,0,0,0,0,0,0,0,0,0,0,0,0,0,0,0,0,0,0,0
1.4595320224761963,0,0.0,0.0,0.0,0.0,0.0,0.0,0.0,0.0,0.03,0,0,0,0,0,0,0,0,0,0,0,0,0,0,0,0,0,0,0,0,0
1.4606902599334717,0,0.0,0.0,0.0,0.0,0.0,0.0,0.0,0.0,0.03,0,0,0,0,0,0,0,0,0,0,0,0,0,0,0,0,0,0,0,0,0
1.4637577533721924,0,0.0,0.0,0.0,0.0,0.0,0.0,0.0,0.0,0.03,0,0,0,0,0,0,0,0,0,0,0,0,0,0,0,0,0,0,0,0,0
1.4649643898010254,0,0.0,0.0,0.0,0.0,0.0,0.0,0.0,0.0,0.03,0,0,0,0,0,0,0,0,0,0,0,0,0,0,0,0,0,0,0,0,0
1.4662325382232666,0,0.0,0.0,0.0,0.0,0.0,0.0,0.0,0.0,0.03,0,0,0,0,0,0,0,0,0,0,0,0,0,0,0,0,0,0,0,0,0
1.4680659770965576,0,0.0,0.0,0.0,0.0,0.0,0.0,0.0,0.0,0.03,0,0,0,0,0,0,0,0,0,0,0,0,0,0,0,0,0,0,0,0,0
1.469148874282837,0,0.0,0.0,0.0,0.0,0.0,0.0,0.0,0.0,0.03,0,0,0,0,0,0,0,0,0,0,0,0,0,0,0,0,0,0,0,0,0
1.4706664085388184,0,0.0,0.0,0.0,0.0,0.0,0.0,0.0,0.0,0.03,0,0,0,0,0,0,0,0,0,0,0,0,0,0,0,0,0,0,0,0,0
1.4719955921173096,0,0.0,0.0,0.0,0.0,0.0,0.0,0.0,0.0,0.03,0,0,0,0,0,0,0,0,0,0,0,0,0,0,0,0,0,0,0,0,0
1.4732465744018555,0,0.0,0.0,0.0,0.0,0.0,0.0,0.0,0.0,0.03,0,0,0,0,0,0,0,0,0,0,0,0,0,0,0,0,0,0,0,0,0
1.4753997325897217,0,0.0,0.0,0.0,0.0,0.0,0.0,0.0,0.0,0.03,0,0,0,0,0,0,0,0,0,0,0,0,0,0,0,0,0,0,0,0,0
1.4767398834228516,0,0.0,0.0,0.0,0.0,0.0,0.0,0.0,0.0,0.03,0,0,0,0,0,0,0,0,0,0,0,0,0,0,0,0,0,0,0,0,0
1.4788970947265625,0,0.0,0.0,0.0,0.0,0.0,0.0,0.0,0.0,0.03,0,0,0,0,0,0,0,0,0,0,0,0,0,0,0,0,0,0,0,0,0
1.4811315536499023,0,0.0,0.0,0.0,0.0,0.0,0.0,0.0,0.0,0.03,0,0,0,0,0,0,0,0,0,0,0,0,0,0,0,0,0,0,0,0,0
1.4823801517486572,0,0.0,0.0,0.0,0.0,0.0,0.0,0.0,0.0,0.03,0,0,0,0,0,0,0,0,0,0,0,0,0,0,0,0,0,0,0,0,0
1.4835574626922607,0,0.0,0.0,0.0,0.0,0.0,0.0,0.0,0.0,0.03,0,0,0,0,0,0,0,0,0,0,0,0,0,0,0,0,0,0,0,0,0
1.4849822521209717,0,0.0,0.0,0.0,0.0,0.0,0.0,0.0,0.0,0.03,0,0,0,0,0,0,0,0,0,0,0,0,0,0,0,0,0,0,0,0,0
1.4867465496063232,0,0.0,0.0,0.0,0.0,0.0,0.0,0.0,0.0,0.03,0,0,0,0,0,0,0,0,0,0,0,0,0,0,0,0,0,0,0,0,0
1.4889214038848877,0,0.0,0.0,0.0,0.0,0.0,0.0,0.0,0.0,0.03,0,0,0,0,0,0,0,0,0,0,0,0,0,0,0,0,0,0,0,0,0
1.490046501159668,0,0.0,0.0,0.0,0.0,0.0,0.0,0.0,0.0,0.03,0,0,0,0,0,0,0,0,0,0,0,0,0,0,0,0,0,0,0,0,0
1.4913334846496582,0,0.0,0.0,0.0,0.0,0.0,0.0,0.0,0.0,0.03,0,0,0,0,0,0,0,0,0,0,0,0,0,0,0,0,0,0,0,0,0
1.492436170578003,0,0.0,0.0,0.0,0.0,0.0,0.0,0.0,0.0,0.03,0,0,0,0,0,0,0,0,0,0,0,0,0,0,0,0,0,0,0,0,0
1.4935414791107178,0,0.0,0.0,0.0,0.0,0.0,0.0,0.0,0.0,0.03,0,0,0,0,0,0,0,0,0,0,0,0,0,0,0,0,0,0,0,0,0
1.4946866035461426,0,0.0,0.0,0.0,0.0,0.0,0.0,0.0,0.0,0.03,0,0,0,0,0,0,0,0,0,0,0,0,0,0,0,0,0,0,0,0,0
1.4957795143127441,0,0.0,0.0,0.0,0.0,0.0,0.0,0.0,0.0,0.03,0,0,0,0,0,0,0,0,0,0,0,0,0,0,0,0,0,0,0,0,0
1.4968457221984863,0,0.0,0.0,0.0,0.0,0.0,0.0,0.0,0.0,0.03,0,0,0,0,0,0,0,0,0,0,0,0,0,0,0,0,0,0,0,0,0
1.4979336261749268,0,0.0,0.0,0.0,0.0,0.0,0.0,0.0,0.0,0.03,0,0,0,0,0,0,0,0,0,0,0,0,0,0,0,0,0,0,0,0,0
1.499377965927124,0,0.0,0.0,0.0,0.0,0.0,0.0,0.0,0.0,0.03,0,0,0,0,0,0,0,0,0,0,0,0,0,0,0,0,0,0,0,0,0
1.5006067752838135,0,0.0,0.0,0.0,0.0,0.0,0.0,0.0,0.0,0.03,0,0,0,0,0,0,0,0,0,0,0,0,0,0,0,0,0,0,0,0,0
1.502418041229248,0,0.0,0.0,0.0,0.0,0.0,0.0,0.0,0.0,0.03,0,0,0,0,0,0,0,0,0,0,0,0,0,0,0,0,0,0,0,0,0
1.5039021968841553,0,0.0,0.0,0.0,0.0,0.0,0.0,0.0,0.0,0.03,0,0,0,0,0,0,0,0,0,0,0,0,0,0,0,0,0,0,0,0,0
1.5050866603851318,0,0.0,0.0,0.0,0.0,0.0,0.0,0.0,0.0,0.03,0,0,0,0,0,0,0,0,0,0,0,0,0,0,0,0,0,0,0,0,0
1.5061826705932617,0,0.0,0.0,0.0,0.0,0.0,0.0,0.0,0.0,0.03,0,0,0,0,0,0,0,0,0,0,0,0,0,0,0,0,0,0,0,0,0
1.507920265197754,0,0.0,0.0,0.0,0.0,0.0,0.0,0.0,0.0,0.03,0,0,0,0,0,0,0,0,0,0,0,0,0,0,0,0,0,0,0,0,0
1.5090410709381104,0,0.0,0.0,0.0,0.0,0.0,0.0,0.0,0.0,0.03,0,0,0,0,0,0,0,0,0,0,0,0,0,0,0,0,0,0,0,0,0
1.5102546215057373,0,0.0,0.0,0.0,0.0,0.0,0.0,0.0,0.0,0.03,0,0,0,0,0,0,0,0,0,0,0,0,0,0,0,0,0,0,0,0,0
1.5113725662231445,0,0.0,0.0,0.0,0.0,0.0,0.0,0.0,0.0,0.03,0,0,0,0,0,0,0,0,0,0,0,0,0,0,0,0,0,0,0,0,0
1.5124869346618652,0,0.0,0.0,0.0,0.0,0.0,0.0,0.0,0.0,0.03,0,0,0,0,0,0,0,0,0,0,0,0,0,0,0,0,0,0,0,0,0
1.5136687755584717,0,0.0,0.0,0.0,0.0,0.0,0.0,0.0,0.0,0.03,0,0,0,0,0,0,0,0,0,0,0,0,0,0,0,0,0,0,0,0,0
1.5147881507873535,0,0.0,0.0,0.0,0.0,0.0,0.0,0.0,0.0,0.03,0,0,0,0,0,0,0,0,0,0,0,0,0,0,0,0,0,0,0,0,0
1.5158839225769043,0,0.0,0.0,0.0,0.0,0.0,0.0,0.0,0.0,0.03,0,0,0,0,0,0,0,0,0,0,0,0,0,0,0,0,0,0,0,0,0
1.5169458389282227,0,0.0,0.0,0.0,0.0,0.0,0.0,0.0,0.0,0.03,0,0,0,0,0,0,0,0,0,0,0,0,0,0,0,0,0,0,0,0,0
1.5182831287384033,0,0.0,0.0,0.0,0.0,0.0,0.0,0.0,0.0,0.03,0,0,0,0,0,0,0,0,0,0,0,0,0,0,0,0,0,0,0,0,0
1.5196123123168945,0,0.0,0.0,0.0,0.0,0.0,0.0,0.0,0.0,0.03,0,0,0,0,0,0,0,0,0,0,0,0,0,0,0,0,0,0,0,0,0
1.5208673477172852,0,0.0,0.0,0.0,0.0,0.0,0.0,0.0,0.0,0.03,0,0,0,0,0,0,0,0,0,0,0,0,0,0,0,0,0,0,0,0,0
1.5221359729766846,0,0.0,0.0,0.0,0.0,0.0,0.0,0.0,0.0,0.03,0,0,0,0,0,0,0,0,0,0,0,0,0,0,0,0,0,0,0,0,0
1.5233726501464844,0,0.0,0.0,0.0,0.0,0.0,0.0,0.0,0.0,0.03,0,0,0,0,0,0,0,0,0,0,0,0,0,0,0,0,0,0,0,0,0
1.5246167182922363,0,0.0,0.0,0.0,0.0,0.0,0.0,0.0,0.0,0.03,0,0,0,0,0,0,0,0,0,0,0,0,0,0,0,0,0,0,0,0,0
1.526435375213623,0,0.0,0.0,0.0,0.0,0.0,0.0,0.0,0.0,0.03,0,0,0,0,0,0,0,0,0,0,0,0,0,0,0,0,0,0,0,0,0
1.527505874633789,0,0.0,0.0,0.0,0.0,0.0,0.0,0.0,0.0,0.03,0,0,0,0,0,0,0,0,0,0,0,0,0,0,0,0,0,0,0,0,0
1.5286991596221924,0,0.0,0.0,0.0,0.0,0.0,0.0,0.0,0.0,0.03,0,0,0,0,0,0,0,0,0,0,0,0,0,0,0,0,0,0,0,0,0
1.5298988819122314,0,0.0,0.0,0.0,0.0,0.0,0.0,0.0,0.0,0.03,0,0,0,0,0,0,0,0,0,0,0,0,0,0,0,0,0,0,0,0,0
1.5334770679473877,0,0.0,0.0,0.0,0.0,0.0,0.0,0.0,0.0,0.03,0,0,0,0,0,0,0,0,0,0,0,0,0,0,0,0,0,0,0,0,0
1.534825086593628,0,0.0,0.0,0.0,0.0,0.0,0.0,0.0,0.0,0.03,0,0,0,0,0,0,0,0,0,0,0,0,0,0,0,0,0,0,0,0,0
1.5359821319580078,0,0.0,0.0,0.0,0.0,0.0,0.0,0.0,0.0,0.03,0,0,0,0,0,0,0,0,0,0,0,0,0,0,0,0,0,0,0,0,0
1.5383310317993164,0,0.0,0.0,0.0,0.0,0.0,0.0,0.0,0.0,0.03,0,0,0,0,0,0,0,0,0,0,0,0,0,0,0,0,0,0,0,0,0
1.5402257442474365,0,0.0,0.0,0.0,0.0,0.0,0.0,0.0,0.0,0.03,0,0,0,0,0,0,0,0,0,0,0,0,0,0,0,0,0,0,0,0,0
1.5417251586914062,0,0.0,0.0,0.0,0.0,0.0,0.0,0.0,0.0,0.03,0,0,0,0,0,0,0,0,0,0,0,0,0,0,0,0,0,0,0,0,0
1.5430679321289062,0,0.0,0.0,0.0,0.0,0.0,0.0,0.0,0.0,0.03,0,0,0,0,0,0,0,0,0,0,0,0,0,0,0,0,0,0,0,0,0
1.544513463973999,0,0.0,0.0,0.0,0.0,0.0,0.0,0.0,0.0,0.03,0,0,0,0,0,0,0,0,0,0,0,0,0,0,0,0,0,0,0,0,0
1.546090841293335,0,0.0,0.0,0.0,0.0,0.0,0.0,0.0,0.0,0.03,0,0,0,0,0,0,0,0,0,0,0,0,0,0,0,0,0,0,0,0,0
1.5474488735198975,0,0.0,0.0,0.0,0.0,0.0,0.0,0.0,0.0,0.03,0,0,0,0,0,0,0,0,0,0,0,0,0,0,0,0,0,0,0,0,0
1.5485787391662598,0,0.0,0.0,0.0,0.0,0.0,0.0,0.0,0.0,0.03,0,0,0,0,0,0,0,0,0,0,0,0,0,0,0,0,0,0,0,0,0
1.5497171878814697,0,0.0,0.0,0.0,0.0,0.0,0.0,0.0,0.0,0.03,0,0,0,0,0,0,0,0,0,0,0,0,0,0,0,0,0,0,0,0,0
1.550778865814209,0,0.0,0.0,0.0,0.0,0.0,0.0,0.0,0.0,0.03,0,0,0,0,0,0,0,0,0,0,0,0,0,0,0,0,0,0,0,0,0
1.5518386363983154,0,0.0,0.0,0.0,0.0,0.0,0.0,0.0,0.0,0.03,0,0,0,0,0,0,0,0,0,0,0,0,0,0,0,0,0,0,0,0,0
1.5528981685638428,0,0.0,0.0,0.0,0.0,0.0,0.0,0.0,0.0,0.03,0,0,0,0,0,0,0,0,0,0,0,0,0,0,0,0,0,0,0,0,0
1.5540411472320557,0,0.0,0.0,0.0,0.0,0.0,0.0,0.0,0.0,0.03,0,0,0,0,0,0,0,0,0,0,0,0,0,0,0,0,0,0,0,0,0
1.5551447868347168,0,0.0,0.0,0.0,0.0,0.0,0.0,0.0,0.0,0.03,0,0,0,0,0,0,0,0,0,0,0,0,0,0,0,0,0,0,0,0,0
1.5563197135925293,0,0.0,0.0,0.0,0.0,0.0,0.0,0.0,0.0,0.03,0,0,0,0,0,0,0,0,0,0,0,0,0,0,0,0,0,0,0,0,0
1.5574133396148682,0,0.0,0.0,0.0,0.0,0.0,0.0,0.0,0.0,0.03,0,0,0,0,0,0,0,0,0,0,0,0,0,0,0,0,0,0,0,0,0
1.5595409870147705,0,0.0,0.0,0.0,0.0,0.0,0.0,0.0,0.0,0.03,0,0,0,0,0,0,0,0,0,0,0,0,0,0,0,0,0,0,0,0,0
1.5610816478729248,0,0.0,0.0,0.0,0.0,0.0,0.0,0.0,0.0,0.03,0,0,0,0,0,0,0,0,0,0,0,0,0,0,0,0,0,0,0,0,0
1.562640905380249,0,0.0,0.0,0.0,0.0,0.0,0.0,0.0,0.0,0.03,0,0,0,0,0,0,0,0,0,0,0,0,0,0,0,0,0,0,0,0,0
1.563760757446289,0,0.0,0.0,0.0,0.0,0.0,0.0,0.0,0.0,0.03,0,0,0,0,0,0,0,0,0,0,0,0,0,0,0,0,0,0,0,0,0
1.564854383468628,0,0.0,0.0,0.0,0.0,0.0,0.0,0.0,0.0,0.03,0,0,0,0,0,0,0,0,0,0,0,0,0,0,0,0,0,0,0,0,0
1.5667204856872559,0,0.0,0.0,0.0,0.0,0.0,0.0,0.0,0.0,0.03,0,0,0,0,0,0,0,0,0,0,0,0,0,0,0,0,0,0,0,0,0
1.5681376457214355,0,0.0,0.0,0.0,0.0,0.0,0.0,0.0,0.0,0.03,0,0,0,0,0,0,0,0,0,0,0,0,0,0,0,0,0,0,0,0,0
1.569411039352417,0,0.0,0.0,0.0,0.0,0.0,0.0,0.0,0.0,0.03,0,0,0,0,0,0,0,0,0,0,0,0,0,0,0,0,0,0,0,0,0
1.5715975761413574,0,0.0,0.0,0.0,0.0,0.0,0.0,0.0,0.0,0.03,0,0,0,0,0,0,0,0,0,0,0,0,0,0,0,0,0,0,0,0,0
1.5727486610412598,0,0.0,0.0,0.0,0.0,0.0,0.0,0.0,0.0,0.03,0,0,0,0,0,0,0,0,0,0,0,0,0,0,0,0,0,0,0,0,0
1.5739281177520752,0,0.0,0.0,0.0,0.0,0.0,0.0,0.0,0.0,0.03,0,0,0,0,0,0,0,0,0,0,0,0,0,0,0,0,0,0,0,0,0
1.5750393867492676,0,0.0,0.0,0.0,0.0,0.0,0.0,0.0,0.0,0.03,0,0,0,0,0,0,0,0,0,0,0,0,0,0,0,0,0,0,0,0,0
1.5761265754699707,0,0.0,0.0,0.0,0.0,0.0,0.0,0.0,0.0,0.03,0,0,0,0,0,0,0,0,0,0,0,0,0,0,0,0,0,0,0,0,0
1.5783040523529053,0,0.0,0.0,0.0,0.0,0.0,0.0,0.0,0.0,0.03,0,0,0,0,0,0,0,0,0,0,0,0,0,0,0,0,0,0,0,0,0
1.5800526142120361,0,0.0,0.0,0.0,0.0,0.0,0.0,0.0,0.0,0.03,0,0,0,0,0,0,0,0,0,0,0,0,0,0,0,0,0,0,0,0,0
1.5813775062561035,0,0.0,0.0,0.0,0.0,0.0,0.0,0.0,0.0,0.03,0,0,0,0,0,0,0,0,0,0,0,0,0,0,0,0,0,0,0,0,0
1.5825679302215576,0,0.0,0.0,0.0,0.0,0.0,0.0,0.0,0.0,0.03,0,0,0,0,0,0,0,0,0,0,0,0,0,0,0,0,0,0,0,0,0
1.5838491916656494,0,0.0,0.0,0.0,0.0,0.0,0.0,0.0,0.0,0.03,0,0,0,0,0,0,0,0,0,0,0,0,0,0,0,0,0,0,0,0,0
1.5849609375,0,0.0,0.0,0.0,0.0,0.0,0.0,0.0,0.0,0.03,0,0,0,0,0,0,0,0,0,0,0,0,0,0,0,0,0,0,0,0,0
1.5860538482666016,0,0.0,0.0,0.0,0.0,0.0,0.0,0.0,0.0,0.03,0,0,0,0,0,0,0,0,0,0,0,0,0,0,0,0,0,0,0,0,0
1.58768630027771,0,0.0,0.0,0.0,0.0,0.0,0.0,0.0,0.0,0.03,0,0,0,0,0,0,0,0,0,0,0,0,0,0,0,0,0,0,0,0,0
1.589113473892212,0,0.0,0.0,0.0,0.0,0.0,0.0,0.0,0.0,0.03,0,0,0,0,0,0,0,0,0,0,0,0,0,0,0,0,0,0,0,0,0
1.5927586555480957,0,0.0,0.0,0.0,0.0,0.0,0.0,0.0,0.0,0.03,0,0,0,0,0,0,0,0,0,0,0,0,0,0,0,0,0,0,0,0,0
1.5940303802490234,0,0.0,0.0,0.0,0.0,0.0,0.0,0.0,0.0,0.03,0,0,0,0,0,0,0,0,0,0,0,0,0,0,0,0,0,0,0,0,0
1.5951521396636963,0,0.0,0.0,0.0,0.0,0.0,0.0,0.0,0.0,0.03,0,0,0,0,0,0,0,0,0,0,0,0,0,0,0,0,0,0,0,0,0
1.5966126918792725,0,0.0,0.0,0.0,0.0,0.0,0.0,0.0,0.0,0.03,0,0,0,0,0,0,0,0,0,0,0,0,0,0,0,0,0,0,0,0,0
1.5985381603240967,0,0.0,0.0,0.0,0.0,0.0,0.0,0.0,0.0,0.03,0,0,0,0,0,0,0,0,0,0,0,0,0,0,0,0,0,0,0,0,0
1.6001107692718506,0,0.0,0.0,0.0,0.0,0.0,0.0,0.0,0.0,0.03,0,0,0,0,0,0,0,0,0,0,0,0,0,0,0,0,0,0,0,0,0
1.6015050411224365,0,0.0,0.0,0.0,0.0,0.0,0.0,0.0,0.0,0.03,0,0,0,0,0,0,0,0,0,0,0,0,0,0,0,0,0,0,0,0,0
1.6029162406921387,0,0.0,0.0,0.0,0.0,0.0,0.0,0.0,0.0,0.03,0,0,0,0,0,0,0,0,0,0,0,0,0,0,0,0,0,0,0,0,0
1.6046802997589111,0,0.0,0.0,0.0,0.0,0.0,0.0,0.0,0.0,0.03,0,0,0,0,0,0,0,0,0,0,0,0,0,0,0,0,0,0,0,0,0
1.6066217422485352,0,0.0,0.0,0.0,0.0,0.0,0.0,0.0,0.0,0.03,0,0,0,0,0,0,0,0,0,0,0,0,0,0,0,0,0,0,0,0,0
1.6077117919921875,0,0.0,0.0,0.0,0.0,0.0,0.0,0.0,0.0,0.03,0,0,0,0,0,0,0,0,0,0,0,0,0,0,0,0,0,0,0,0,0
1.6100866794586182,0,0.0,0.0,0.0,0.0,0.0,0.0,0.0,0.0,0.03,0,0,0,0,0,0,0,0,0,0,0,0,0,0,0,0,0,0,0,0,0
1.6111884117126465,0,0.0,0.0,0.0,0.0,0.0,0.0,0.0,0.0,0.03,0,0,0,0,0,0,0,0,0,0,0,0,0,0,0,0,0,0,0,0,0
1.612267255783081,0,0.0,0.0,0.0,0.0,0.0,0.0,0.0,0.0,0.03,0,0,0,0,0,0,0,0,0,0,0,0,0,0,0,0,0,0,0,0,0
1.6134135723114014,0,0.0,0.0,0.0,0.0,0.0,0.0,0.0,0.0,0.03,0,0,0,0,0,0,0,0,0,0,0,0,0,0,0,0,0,0,0,0,0
1.6145057678222656,0,0.0,0.0,0.0,0.0,0.0,0.0,0.0,0.0,0.03,0,0,0,0,0,0,0,0,0,0,0,0,0,0,0,0,0,0,0,0,0
1.6157002449035645,0,0.0,0.0,0.0,0.0,0.0,0.0,0.0,0.0,0.03,0,0,0,0,0,0,0,0,0,0,0,0,0,0,0,0,0,0,0,0,0
1.6167948246002197,0,0.0,0.0,0.0,0.0,0.0,0.0,0.0,0.0,0.03,0,0,0,0,0,0,0,0,0,0,0,0,0,0,0,0,0,0,0,0,0
1.6184461116790771,0,0.0,0.0,0.0,0.0,0.0,0.0,0.0,0.0,0.03,0,0,0,0,0,0,0,0,0,0,0,0,0,0,0,0,0,0,0,0,0
1.6195399761199951,0,0.0,0.0,0.0,0.0,0.0,0.0,0.0,0.0,0.03,0,0,0,0,0,0,0,0,0,0,0,0,0,0,0,0,0,0,0,0,0
1.6210460662841797,0,0.0,0.0,0.0,0.0,0.0,0.0,0.0,0.0,0.03,0,0,0,0,0,0,0,0,0,0,0,0,0,0,0,0,0,0,0,0,0
1.6221401691436768,0,0.0,0.0,0.0,0.0,0.0,0.0,0.0,0.0,0.03,0,0,0,0,0,0,0,0,0,0,0,0,0,0,0,0,0,0,0,0,0
1.6232414245605469,0,0.0,0.0,0.0,0.0,0.0,0.0,0.0,0.0,0.03,0,0,0,0,0,0,0,0,0,0,0,0,0,0,0,0,0,0,0,0,0
1.6243398189544678,0,0.0,0.0,0.0,0.0,0.0,0.0,0.0,0.0,0.03,0,0,0,0,0,0,0,0,0,0,0,0,0,0,0,0,0,0,0,0,0
1.6262271404266357,0,0.0,0.0,0.0,0.0,0.0,0.0,0.0,0.0,0.03,0,0,0,0,0,0,0,0,0,0,0,0,0,0,0,0,0,0,0,0,0
1.6281511783599854,0,0.0,0.0,0.0,0.0,0.0,0.0,0.0,0.0,0.03,0,0,0,0,0,0,0,0,0,0,0,0,0,0,0,0,0,0,0,0,0
1.6292376518249512,0,0.0,0.0,0.0,0.0,0.0,0.0,0.0,0.0,0.03,0,0,0,0,0,0,0,0,0,0,0,0,0,0,0,0,0,0,0,0,0
1.6304385662078857,0,0.0,0.0,0.0,0.0,0.0,0.0,0.0,0.0,0.03,0,0,0,0,0,0,0,0,0,0,0,0,0,0,0,0,0,0,0,0,0
1.631866455078125,0,0.0,0.0,0.0,0.0,0.0,0.0,0.0,0.0,0.03,0,0,0,0,0,0,0,0,0,0,0,0,0,0,0,0,0,0,0,0,0
1.633054256439209,0,0.0,0.0,0.0,0.0,0.0,0.0,0.0,0.0,0.03,0,0,0,0,0,0,0,0,0,0,0,0,0,0,0,0,0,0,0,0,0
1.6343994140625,0,0.0,0.0,0.0,0.0,0.0,0.0,0.0,0.0,0.03,0,0,0,0,0,0,0,0,0,0,0,0,0,0,0,0,0,0,0,0,0
1.635486125946045,0,0.0,0.0,0.0,0.0,0.0,0.0,0.0,0.0,0.03,0,0,0,0,0,0,0,0,0,0,0,0,0,0,0,0,0,0,0,0,0
1.6369216442108154,0,0.0,0.0,0.0,0.0,0.0,0.0,0.0,0.0,0.03,0,0,0,0,0,0,0,0,0,0,0,0,0,0,0,0,0,0,0,0,0
1.6385412216186523,0,0.0,0.0,0.0,0.0,0.0,0.0,0.0,0.0,0.03,0,0,0,0,0,0,0,0,0,0,0,0,0,0,0,0,0,0,0,0,0
1.6396362781524658,0,0.0,0.0,0.0,0.0,0.0,0.0,0.0,0.0,0.03,0,0,0,0,0,0,0,0,0,0,0,0,0,0,0,0,0,0,0,0,0
1.6407535076141357,0,0.0,0.0,0.0,0.0,0.0,0.0,0.0,0.0,0.03,0,0,0,0,0,0,0,0,0,0,0,0,0,0,0,0,0,0,0,0,0
1.6419775485992432,0,0.0,0.0,0.0,0.0,0.0,0.0,0.0,0.0,0.03,0,0,0,0,0,0,0,0,0,0,0,0,0,0,0,0,0,0,0,0,0
1.6439566612243652,0,0.0,0.0,0.0,0.0,0.0,0.0,0.0,0.0,0.03,0,0,0,0,0,0,0,0,0,0,0,0,0,0,0,0,0,0,0,0,0
1.645104169845581,0,0.0,0.0,0.0,0.0,0.0,0.0,0.0,0.0,0.03,0,0,0,0,0,0,0,0,0,0,0,0,0,0,0,0,0,0,0,0,0
1.6461975574493408,0,0.0,0.0,0.0,0.0,0.0,0.0,0.0,0.0,0.03,0,0,0,0,0,0,0,0,0,0,0,0,0,0,0,0,0,0,0,0,0
1.6480090618133545,0,0.0,0.0,0.0,0.0,0.0,0.0,0.0,0.0,0.03,0,0,0,0,0,0,0,0,0,0,0,0,0,0,0,0,0,0,0,0,0
1.64906907081604,0,0.0,0.0,0.0,0.0,0.0,0.0,0.0,0.0,0.03,0,0,0,0,0,0,0,0,0,0,0,0,0,0,0,0,0,0,0,0,0
1.6524834632873535,0,0.0,0.0,0.0,0.0,0.0,0.0,0.0,0.0,0.03,0,0,0,0,0,0,0,0,0,0,0,0,0,0,0,0,0,0,0,0,0
1.6540045738220215,0,0.0,0.0,0.0,0.0,0.0,0.0,0.0,0.0,0.03,0,0,0,0,0,0,0,0,0,0,0,0,0,0,0,0,0,0,0,0,0
1.655717372894287,0,0.0,0.0,0.0,0.0,0.0,0.0,0.0,0.0,0.03,0,0,0,0,0,0,0,0,0,0,0,0,0,0,0,0,0,0,0,0,0
1.6583313941955566,0,0.0,0.0,0.0,0.0,0.0,0.0,0.0,0.0,0.03,0,0,0,0,0,0,0,0,0,0,0,0,0,0,0,0,0,0,0,0,0
1.6597838401794434,0,0.0,0.0,0.0,0.0,0.0,0.0,0.0,0.0,0.03,0,0,0,0,0,0,0,0,0,0,0,0,0,0,0,0,0,0,0,0,0
1.6612164974212646,0,0.0,0.0,0.0,0.0,0.0,0.0,0.0,0.0,0.03,0,0,0,0,0,0,0,0,0,0,0,0,0,0,0,0,0,0,0,0,0
1.6625852584838867,0,0.0,0.0,0.0,0.0,0.0,0.0,0.0,0.0,0.03,0,0,0,0,0,0,0,0,0,0,0,0,0,0,0,0,0,0,0,0,0
1.6639797687530518,0,0.0,0.0,0.0,0.0,0.0,0.0,0.0,0.0,0.03,0,0,0,0,0,0,0,0,0,0,0,0,0,0,0,0,0,0,0,0,0
1.6653780937194824,0,0.0,0.0,0.0,0.0,0.0,0.0,0.0,0.0,0.03,0,0,0,0,0,0,0,0,0,0,0,0,0,0,0,0,0,0,0,0,0
1.666489601135254,0,0.0,0.0,0.0,0.0,0.0,0.0,0.0,0.0,0.03,0,0,0,0,0,0,0,0,0,0,0,0,0,0,0,0,0,0,0,0,0
1.6678967475891113,0,0.0,0.0,0.0,0.0,0.0,0.0,0.0,0.0,0.03,0,0,0,0,0,0,0,0,0,0,0,0,0,0,0,0,0,0,0,0,0
1.6690433025360107,0,0.0,0.0,0.0,0.0,0.0,0.0,0.0,0.0,0.03,0,0,0,0,0,0,0,0,0,0,0,0,0,0,0,0,0,0,0,0,0
1.670133113861084,0,0.0,0.0,0.0,0.0,0.0,0.0,0.0,0.0,0.03,0,0,0,0,0,0,0,0,0,0,0,0,0,0,0,0,0,0,0,0,0
1.6713144779205322,0,0.0,0.0,0.0,0.0,0.0,0.0,0.0,0.0,0.03,0,0,0,0,0,0,0,0,0,0,0,0,0,0,0,0,0,0,0,0,0
1.6725192070007324,0,0.0,0.0,0.0,0.0,0.0,0.0,0.0,0.0,0.03,0,0,0,0,0,0,0,0,0,0,0,0,0,0,0,0,0,0,0,0,0
1.6738557815551758,0,0.0,0.0,0.0,0.0,0.0,0.0,0.0,0.0,0.03,0,0,0,0,0,0,0,0,0,0,0,0,0,0,0,0,0,0,0,0,0
1.6752653121948242,0,0.0,0.0,0.0,0.0,0.0,0.0,0.0,0.0,0.03,0,0,0,0,0,0,0,0,0,0,0,0,0,0,0,0,0,0,0,0,0
1.6767778396606445,0,0.0,0.0,0.0,0.0,0.0,0.0,0.0,0.0,0.03,0,0,0,0,0,0,0,0,0,0,0,0,0,0,0,0,0,0,0,0,0
1.6805691719055176,0,0.0,0.0,0.0,0.0,0.0,0.0,0.0,0.0,0.03,0,0,0,0,0,0,0,0,0,0,0,0,0,0,0,0,0,0,0,0,0
1.6818218231201172,0,0.0,0.0,0.0,0.0,0.0,0.0,0.0,0.0,0.03,0,0,0,0,0,0,0,0,0,0,0,0,0,0,0,0,0,0,0,0,0
1.6829347610473633,0,0.0,0.0,0.0,0.0,0.0,0.0,0.0,0.0,0.03,0,0,0,0,0,0,0,0,0,0,0,0,0,0,0,0,0,0,0,0,0
1.6850762367248535,0,0.0,0.0,0.0,0.0,0.0,0.0,0.0,0.0,0.03,0,0,0,0,0,0,0,0,0,0,0,0,0,0,0,0,0,0,0,0,0
1.686310052871704,0,0.0,0.0,0.0,0.0,0.0,0.0,0.0,0.0,0.03,0,0,0,0,0,0,0,0,0,0,0,0,0,0,0,0,0,0,0,0,0
1.6877262592315674,0,0.0,0.0,0.0,0.0,0.0,0.0,0.0,0.0,0.03,0,0,0,0,0,0,0,0,0,0,0,0,0,0,0,0,0,0,0,0,0
1.6892600059509277,0,0.0,0.0,0.0,0.0,0.0,0.0,0.0,0.0,0.03,0,0,0,0,0,0,0,0,0,0,0,0,0,0,0,0,0,0,0,0,0
1.6903941631317139,0,0.0,0.0,0.0,0.0,0.0,0.0,0.0,0.0,0.03,0,0,0,0,0,0,0,0,0,0,0,0,0,0,0,0,0,0,0,0,0
1.691521406173706,0,0.0,0.0,0.0,0.0,0.0,0.0,0.0,0.0,0.03,0,0,0,0,0,0,0,0,0,0,0,0,0,0,0,0,0,0,0,0,0
1.6926140785217285,0,0.0,0.0,0.0,0.0,0.0,0.0,0.0,0.0,0.03,0,0,0,0,0,0,0,0,0,0,0,0,0,0,0,0,0,0,0,0,0
1.693711280822754,0,0.0,0.0,0.0,0.0,0.0,0.0,0.0,0.0,0.03,0,0,0,0,0,0,0,0,0,0,0,0,0,0,0,0,0,0,0,0,0
1.694897174835205,0,0.0,0.0,0.0,0.0,0.0,0.0,0.0,0.0,0.03,0,0,0,0,0,0,0,0,0,0,0,0,0,0,0,0,0,0,0,0,0
1.696378231048584,0,0.0,0.0,0.0,0.0,0.0,0.0,0.0,0.0,0.03,0,0,0,0,0,0,0,0,0,0,0,0,0,0,0,0,0,0,0,0,0
1.6979296207427979,0,0.0,0.0,0.0,0.0,0.0,0.0,0.0,0.0,0.03,0,0,0,0,0,0,0,0,0,0,0,0,0,0,0,0,0,0,0,0,0
1.6992435455322266,0,0.0,0.0,0.0,0.0,0.0,0.0,0.0,0.0,0.03,0,0,0,0,0,0,0,0,0,0,0,0,0,0,0,0,0,0,0,0,0
1.7004480361938477,0,0.0,0.0,0.0,0.0,0.0,0.0,0.0,0.0,0.03,0,0,0,0,0,0,0,0,0,0,0,0,0,0,0,0,0,0,0,0,0
1.7021827697753906,0,0.0,0.0,0.0,0.0,0.0,0.0,0.0,0.0,0.03,0,0,0,0,0,0,0,0,0,0,0,0,0,0,0,0,0,0,0,0,0
1.7035412788391113,0,0.0,0.0,0.0,0.0,0.0,0.0,0.0,0.0,0.03,0,0,0,0,0,0,0,0,0,0,0,0,0,0,0,0,0,0,0,0,0
1.704629898071289,0,0.0,0.0,0.0,0.0,0.0,0.0,0.0,0.0,0.03,0,0,0,0,0,0,0,0,0,0,0,0,0,0,0,0,0,0,0,0,0
1.705822229385376,0,0.0,0.0,0.0,0.0,0.0,0.0,0.0,0.0,0.03,0,0,0,0,0,0,0,0,0,0,0,0,0,0,0,0,0,0,0,0,0
1.7069978713989258,0,0.0,0.0,0.0,0.0,0.0,0.0,0.0,0.0,0.03,0,0,0,0,0,0,0,0,0,0,0,0,0,0,0,0,0,0,0,0,0
1.708085536956787,0,0.0,0.0,0.0,0.0,0.0,0.0,0.0,0.0,0.03,0,0,0,0,0,0,0,0,0,0,0,0,0,0,0,0,0,0,0,0,0
1.7107067108154297,0,0.0,0.0,0.0,0.0,0.0,0.0,0.0,0.0,0.03,0,0,0,0,0,0,0,0,0,0,0,0,0,0,0,0,0,0,0,0,0
1.7120797634124756,0,0.0,0.0,0.0,0.0,0.0,0.0,0.0,0.0,0.03,0,0,0,0,0,0,0,0,0,0,0,0,0,0,0,0,0,0,0,0,0
1.7138488292694092,0,0.0,0.0,0.0,0.0,0.0,0.0,0.0,0.0,0.03,0,0,0,0,0,0,0,0,0,0,0,0,0,0,0,0,0,0,0,0,0
1.7164394855499268,0,0.0,0.0,0.0,0.0,0.0,0.0,0.0,0.0,0.03,0,0,0,0,0,0,0,0,0,0,0,0,0,0,0,0,0,0,0,0,0
1.717907190322876,0,0.0,0.0,0.0,0.0,0.0,0.0,0.0,0.0,0.03,0,0,0,0,0,0,0,0,0,0,0,0,0,0,0,0,0,0,0,0,0
1.7193455696105957,0,0.0,0.0,0.0,0.0,0.0,0.0,0.0,0.0,0.03,0,0,0,0,0,0,0,0,0,0,0,0,0,0,0,0,0,0,0,0,0
1.7210040092468262,0,0.0,0.0,0.0,0.0,0.0,0.0,0.0,0.0,0.03,0,0,0,0,0,0,0,0,0,0,0,0,0,0,0,0,0,0,0,0,0
1.722696304321289,0,0.0,0.0,0.0,0.0,0.0,0.0,0.0,0.0,0.03,0,0,0,0,0,0,0,0,0,0,0,0,0,0,0,0,0,0,0,0,0
1.7243926525115967,0,0.0,0.0,0.0,0.0,0.0,0.0,0.0,0.0,0.03,0,0,0,0,0,0,0,0,0,0,0,0,0,0,0,0,0,0,0,0,0
1.7255597114562988,0,0.0,0.0,0.0,0.0,0.0,0.0,0.0,0.0,0.03,0,0,0,0,0,0,0,0,0,0,0,0,0,0,0,0,0,0,0,0,0
1.7268826961517334,0,0.0,0.0,0.0,0.0,0.0,0.0,0.0,0.0,0.03,0,0,0,0,0,0,0,0,0,0,0,0,0,0,0,0,0,0,0,0,0
1.727977991104126,0,0.0,0.0,0.0,0.0,0.0,0.0,0.0,0.0,0.03,0,0,0,0,0,0,0,0,0,0,0,0,0,0,0,0,0,0,0,0,0
1.72904372215271,0,0.0,0.0,0.0,0.0,0.0,0.0,0.0,0.0,0.03,0,0,0,0,0,0,0,0,0,0,0,0,0,0,0,0,0,0,0,0,0
1.7302255630493164,0,0.0,0.0,0.0,0.0,0.0,0.0,0.0,0.0,0.03,0,0,0,0,0,0,0,0,0,0,0,0,0,0,0,0,0,0,0,0,0
1.7314050197601318,0,0.0,0.0,0.0,0.0,0.0,0.0,0.0,0.0,0.03,0,0,0,0,0,0,0,0,0,0,0,0,0,0,0,0,0,0,0,0,0
1.732715129852295,0,0.0,0.0,0.0,0.0,0.0,0.0,0.0,0.0,0.03,0,0,0,0,0,0,0,0,0,0,0,0,0,0,0,0,0,0,0,0,0
1.7338061332702637,0,0.0,0.0,0.0,0.0,0.0,0.0,0.0,0.0,0.03,0,0,0,0,0,0,0,0,0,0,0,0,0,0,0,0,0,0,0,0,0
1.7350480556488037,0,0.0,0.0,0.0,0.0,0.0,0.0,0.0,0.0,0.03,0,0,0,0,0,0,0,0,0,0,0,0,0,0,0,0,0,0,0,0,0
1.7366480827331543,0,0.0,0.0,0.0,0.0,0.0,0.0,0.0,0.0,0.03,0,0,0,0,0,0,0,0,0,0,0,0,0,0,0,0,0,0,0,0,0
1.738255262374878,0,0.0,0.0,0.0,0.0,0.0,0.0,0.0,0.0,0.03,0,0,0,0,0,0,0,0,0,0,0,0,0,0,0,0,0,0,0,0,0
1.7394189834594727,0,0.0,0.0,0.0,0.0,0.0,0.0,0.0,0.0,0.03,0,0,0,0,0,0,0,0,0,0,0,0,0,0,0,0,0,0,0,0,0
1.7406127452850342,0,0.0,0.0,0.0,0.0,0.0,0.0,0.0,0.0,0.03,0,0,0,0,0,0,0,0,0,0,0,0,0,0,0,0,0,0,0,0,0
1.7419548034667969,0,0.0,0.0,0.0,0.0,0.0,0.0,0.0,0.0,0.03,0,0,0,0,0,0,0,0,0,0,0,0,0,0,0,0,0,0,0,0,0
1.7431659698486328,0,0.0,0.0,0.0,0.0,0.0,0.0,0.0,0.0,0.03,0,0,0,0,0,0,0,0,0,0,0,0,0,0,0,0,0,0,0,0,0
1.744232177734375,0,0.0,0.0,0.0,0.0,0.0,0.0,0.0,0.0,0.03,0,0,0,0,0,0,0,0,0,0,0,0,0,0,0,0,0,0,0,0,0
1.7457692623138428,0,0.0,0.0,0.0,0.0,0.0,0.0,0.0,0.0,0.03,0,0,0,0,0,0,0,0,0,0,0,0,0,0,0,0,0,0,0,0,0
1.7468700408935547,0,0.0,0.0,0.0,0.0,0.0,0.0,0.0,0.0,0.03,0,0,0,0,0,0,0,0,0,0,0,0,0,0,0,0,0,0,0,0,0
1.7487592697143555,0,0.0,0.0,0.0,0.0,0.0,0.0,0.0,0.0,0.03,0,0,0,0,0,0,0,0,0,0,0,0,0,0,0,0,0,0,0,0,0
1.7498927116394043,0,0.0,0.0,0.0,0.0,0.0,0.0,0.0,0.0,0.03,0,0,0,0,0,0,0,0,0,0,0,0,0,0,0,0,0,0,0,0,0
1.751049518585205,0,0.0,0.0,0.0,0.0,0.0,0.0,0.0,0.0,0.03,0,0,0,0,0,0,0,0,0,0,0,0,0,0,0,0,0,0,0,0,0
1.7522151470184326,0,0.0,0.0,0.0,0.0,0.0,0.0,0.0,0.0,0.03,0,0,0,0,0,0,0,0,0,0,0,0,0,0,0,0,0,0,0,0,0
1.7533042430877686,0,0.0,0.0,0.0,0.0,0.0,0.0,0.0,0.0,0.03,0,0,0,0,0,0,0,0,0,0,0,0,0,0,0,0,0,0,0,0,0
1.7550785541534424,0,0.0,0.0,0.0,0.0,0.0,0.0,0.0,0.0,0.03,0,0,0,0,0,0,0,0,0,0,0,0,0,0,0,0,0,0,0,0,0
1.7587811946868896,0,0.0,0.0,0.0,0.0,0.0,0.0,0.0,0.0,0.03,0,0,0,0,0,0,0,0,0,0,0,0,0,0,0,0,0,0,0,0,0
1.7599997520446777,0,0.0,0.0,0.0,0.0,0.0,0.0,0.0,0.0,0.03,0,0,0,0,0,0,0,0,0,0,0,0,0,0,0,0,0,0,0,0,0
1.7612745761871338,0,0.0,0.0,0.0,0.0,0.0,0.0,0.0,0.0,0.03,0,0,0,0,0,0,0,0,0,0,0,0,0,0,0,0,0,0,0,0,0
1.7627079486846924,0,0.0,0.0,0.0,0.0,0.0,0.0,0.0,0.0,0.03,0,0,0,0,0,0,0,0,0,0,0,0,0,0,0,0,0,0,0,0,0
1.763951063156128,0,0.0,0.0,0.0,0.0,0.0,0.0,0.0,0.0,0.03,0,0,0,0,0,0,0,0,0,0,0,0,0,0,0,0,0,0,0,0,0
1.7655165195465088,0,0.0,0.0,0.0,0.0,0.0,0.0,0.0,0.0,0.03,0,0,0,0,0,0,0,0,0,0,0,0,0,0,0,0,0,0,0,0,0
1.7666800022125244,0,0.0,0.0,0.0,0.0,0.0,0.0,0.0,0.0,0.03,0,0,0,0,0,0,0,0,0,0,0,0,0,0,0,0,0,0,0,0,0
1.7708098888397217,0,0.0,0.0,0.0,0.0,0.0,0.0,0.0,0.0,0.03,0,0,0,0,0,0,0,0,0,0,0,0,0,0,0,0,0,0,0,0,0
1.7722861766815186,0,0.0,0.0,0.0,0.0,0.0,0.0,0.0,0.0,0.03,0,0,0,0,0,0,0,0,0,0,0,0,0,0,0,0,0,0,0,0,0
1.7757744789123535,0,0.0,0.0,0.0,0.0,0.0,0.0,0.0,0.0,0.03,0,0,0,0,0,0,0,0,0,0,0,0,0,0,0,0,0,0,0,0,0
1.7776989936828613,0,0.0,0.0,0.0,0.0,0.0,0.0,0.0,0.0,0.03,0,0,0,0,0,0,0,0,0,0,0,0,0,0,0,0,0,0,0,0,0
1.7788140773773193,0,0.0,0.0,0.0,0.0,0.0,0.0,0.0,0.0,0.03,0,0,0,0,0,0,0,0,0,0,0,0,0,0,0,0,0,0,0,0,0
1.780165672302246,0,0.0,0.0,0.0,0.0,0.0,0.0,0.0,0.0,0.03,0,0,0,0,0,0,0,0,0,0,0,0,0,0,0,0,0,0,0,0,0
1.7812788486480713,0,0.0,0.0,0.0,0.0,0.0,0.0,0.0,0.0,0.03,0,0,0,0,0,0,0,0,0,0,0,0,0,0,0,0,0,0,0,0,0
1.7824063301086426,0,0.0,0.0,0.0,0.0,0.0,0.0,0.0,0.0,0.03,0,0,0,0,0,0,0,0,0,0,0,0,0,0,0,0,0,0,0,0,0
1.7840538024902344,0,0.0,0.0,0.0,0.0,0.0,0.0,0.0,0.0,0.03,0,0,0,0,0,0,0,0,0,0,0,0,0,0,0,0,0,0,0,0,0
1.785168170928955,0,0.0,0.0,0.0,0.0,0.0,0.0,0.0,0.0,0.03,0,0,0,0,0,0,0,0,0,0,0,0,0,0,0,0,0,0,0,0,0
1.7862823009490967,0,0.0,0.0,0.0,0.0,0.0,0.0,0.0,0.0,0.03,0,0,0,0,0,0,0,0,0,0,0,0,0,0,0,0,0,0,0,0,0
1.787687063217163,0,0.0,0.0,0.0,0.0,0.0,0.0,0.0,0.0,0.03,0,0,0,0,0,0,0,0,0,0,0,0,0,0,0,0,0,0,0,0,0
1.7889890670776367,0,0.0,0.0,0.0,0.0,0.0,0.0,0.0,0.0,0.03,0,0,0,0,0,0,0,0,0,0,0,0,0,0,0,0,0,0,0,0,0
1.790173053741455,0,0.0,0.0,0.0,0.0,0.0,0.0,0.0,0.0,0.03,0,0,0,0,0,0,0,0,0,0,0,0,0,0,0,0,0,0,0,0,0
1.791257619857788,0,0.0,0.0,0.0,0.0,0.0,0.0,0.0,0.0,0.03,0,0,0,0,0,0,0,0,0,0,0,0,0,0,0,0,0,0,0,0,0
1.792581558227539,0,0.0,0.0,0.0,0.0,0.0,0.0,0.0,0.0,0.03,0,0,0,0,0,0,0,0,0,0,0,0,0,0,0,0,0,0,0,0,0
1.7937686443328857,0,0.0,0.0,0.0,0.0,0.0,0.0,0.0,0.0,0.03,0,0,0,0,0,0,0,0,0,0,0,0,0,0,0,0,0,0,0,0,0
1.7970235347747803,0,0.0,0.0,0.0,0.0,0.0,0.0,0.0,0.0,0.03,0,0,0,0,0,0,0,0,0,0,0,0,0,0,0,0,0,0,0,0,0
1.7986817359924316,0,0.0,0.0,0.0,0.0,0.0,0.0,0.0,0.0,0.03,0,0,0,0,0,0,0,0,0,0,0,0,0,0,0,0,0,0,0,0,0
1.80009126663208,0,0.0,0.0,0.0,0.0,0.0,0.0,0.0,0.0,0.03,0,0,0,0,0,0,0,0,0,0,0,0,0,0,0,0,0,0,0,0,0
1.8012065887451172,0,0.0,0.0,0.0,0.0,0.0,0.0,0.0,0.0,0.03,0,0,0,0,0,0,0,0,0,0,0,0,0,0,0,0,0,0,0,0,0
1.8023402690887451,0,0.0,0.0,0.0,0.0,0.0,0.0,0.0,0.0,0.03,0,0,0,0,0,0,0,0,0,0,0,0,0,0,0,0,0,0,0,0,0
1.8037710189819336,0,0.0,0.0,0.0,0.0,0.0,0.0,0.0,0.0,0.03,0,0,0,0,0,0,0,0,0,0,0,0,0,0,0,0,0,0,0,0,0
1.8049781322479248,0,0.0,0.0,0.0,0.0,0.0,0.0,0.0,0.0,0.03,0,0,0,0,0,0,0,0,0,0,0,0,0,0,0,0,0,0,0,0,0
1.8063390254974365,0,0.0,0.0,0.0,0.0,0.0,0.0,0.0,0.0,0.03,0,0,0,0,0,0,0,0,0,0,0,0,0,0,0,0,0,0,0,0,0
1.807434320449829,0,0.0,0.0,0.0,0.0,0.0,0.0,0.0,0.0,0.03,0,0,0,0,0,0,0,0,0,0,0,0,0,0,0,0,0,0,0,0,0
1.809298038482666,0,0.0,0.0,0.0,0.0,0.0,0.0,0.0,0.0,0.03,0,0,0,0,0,0,0,0,0,0,0,0,0,0,0,0,0,0,0,0,0
1.810495138168335,0,0.0,0.0,0.0,0.0,0.0,0.0,0.0,0.0,0.03,0,0,0,0,0,0,0,0,0,0,0,0,0,0,0,0,0,0,0,0,0
1.8117029666900635,0,0.0,0.0,0.0,0.0,0.0,0.0,0.0,0.0,0.03,0,0,0,0,0,0,0,0,0,0,0,0,0,0,0,0,0,0,0,0,0
1.8128955364227295,0,0.0,0.0,0.0,0.0,0.0,0.0,0.0,0.0,0.03,0,0,0,0,0,0,0,0,0,0,0,0,0,0,0,0,0,0,0,0,0
1.81398344039917,0,0.0,0.0,0.0,0.0,0.0,0.0,0.0,0.0,0.03,0,0,0,0,0,0,0,0,0,0,0,0,0,0,0,0,0,0,0,0,0
1.8152759075164795,0,0.0,0.0,0.0,0.0,0.0,0.0,0.0,0.0,0.03,0,0,0,0,0,0,0,0,0,0,0,0,0,0,0,0,0,0,0,0,0
1.8164243698120117,0,0.0,0.0,0.0,0.0,0.0,0.0,0.0,0.0,0.03,0,0,0,0,0,0,0,0,0,0,0,0,0,0,0,0,0,0,0,0,0
1.8179638385772705,0,0.0,0.0,0.0,0.0,0.0,0.0,0.0,0.0,0.03,0,0,0,0,0,0,0,0,0,0,0,0,0,0,0,0,0,0,0,0,0
1.8193199634552002,0,0.0,0.0,0.0,0.0,0.0,0.0,0.0,0.0,0.03,0,0,0,0,0,0,0,0,0,0,0,0,0,0,0,0,0,0,0,0,0
1.8205199241638184,0,0.0,0.0,0.0,0.0,0.0,0.0,0.0,0.0,0.03,0,0,0,0,0,0,0,0,0,0,0,0,0,0,0,0,0,0,0,0,0
1.8225371837615967,0,0.0,0.0,0.0,0.0,0.0,0.0,0.0,0.0,0.03,0,0,0,0,0,0,0,0,0,0,0,0,0,0,0,0,0,0,0,0,0
1.8236818313598633,0,0.0,0.0,0.0,0.0,0.0,0.0,0.0,0.0,0.03,0,0,0,0,0,0,0,0,0,0,0,0,0,0,0,0,0,0,0,0,0
1.824779987335205,0,0.0,0.0,0.0,0.0,0.0,0.0,0.0,0.0,0.03,0,0,0,0,0,0,0,0,0,0,0,0,0,0,0,0,0,0,0,0,0
1.8260259628295898,0,0.0,0.0,0.0,0.0,0.0,0.0,0.0,0.0,0.03,0,0,0,0,0,0,0,0,0,0,0,0,0,0,0,0,0,0,0,0,0
1.8272755146026611,0,0.0,0.0,0.0,0.0,0.0,0.0,0.0,0.0,0.03,0,0,0,0,0,0,0,0,0,0,0,0,0,0,0,0,0,0,0,0,0
1.8309743404388428,0,0.0,0.0,0.0,0.0,0.0,0.0,0.0,0.0,0.03,0,0,0,0,0,0,0,0,0,0,0,0,0,0,0,0,0,0,0,0,0
1.832704782485962,0,0.0,0.0,0.0,0.0,0.0,0.0,0.0,0.0,0.03,0,0,0,0,0,0,0,0,0,0,0,0,0,0,0,0,0,0,0,0,0
1.8340685367584229,0,0.0,0.0,0.0,0.0,0.0,0.0,0.0,0.0,0.03,0,0,0,0,0,0,0,0,0,0,0,0,0,0,0,0,0,0,0,0,0
1.8363163471221924,0,0.0,0.0,0.0,0.0,0.0,0.0,0.0,0.0,0.03,0,0,0,0,0,0,0,0,0,0,0,0,0,0,0,0,0,0,0,0,0
1.838195562362671,0,0.0,0.0,0.0,0.0,0.0,0.0,0.0,0.0,0.03,0,0,0,0,0,0,0,0,0,0,0,0,0,0,0,0,0,0,0,0,0
1.8392837047576904,0,0.0,0.0,0.0,0.0,0.0,0.0,0.0,0.0,0.03,0,0,0,0,0,0,0,0,0,0,0,0,0,0,0,0,0,0,0,0,0
1.8407578468322754,0,0.0,0.0,0.0,0.0,0.0,0.0,0.0,0.0,0.03,0,0,0,0,0,0,0,0,0,0,0,0,0,0,0,0,0,0,0,0,0
1.8436522483825684,0,0.0,0.0,0.0,0.0,0.0,0.0,0.0,0.0,0.03,0,0,0,0,0,0,0,0,0,0,0,0,0,0,0,0,0,0,0,0,0
1.8450839519500732,0,0.0,0.0,0.0,0.0,0.0,0.0,0.0,0.0,0.03,0,0,0,0,0,0,0,0,0,0,0,0,0,0,0,0,0,0,0,0,0
1.8463220596313477,0,0.0,0.0,0.0,0.0,0.0,0.0,0.0,0.0,0.03,0,0,0,0,0,0,0,0,0,0,0,0,0,0,0,0,0,0,0,0,0
1.8478479385375977,0,0.0,0.0,0.0,0.0,0.0,0.0,0.0,0.0,0.03,0,0,0,0,0,0,0,0,0,0,0,0,0,0,0,0,0,0,0,0,0
1.8489789962768555,0,0.0,0.0,0.0,0.0,0.0,0.0,0.0,0.0,0.03,0,0,0,0,0,0,0,0,0,0,0,0,0,0,0,0,0,0,0,0,0
1.850233554840088,0,0.0,0.0,0.0,0.0,0.0,0.0,0.0,0.0,0.03,0,0,0,0,0,0,0,0,0,0,0,0,0,0,0,0,0,0,0,0,0
1.8514225482940674,0,0.0,0.0,0.0,0.0,0.0,0.0,0.0,0.0,0.03,0,0,0,0,0,0,0,0,0,0,0,0,0,0,0,0,0,0,0,0,0
1.8525152206420898,0,0.0,0.0,0.0,0.0,0.0,0.0,0.0,0.0,0.03,0,0,0,0,0,0,0,0,0,0,0,0,0,0,0,0,0,0,0,0,0
1.8536126613616943,0,0.0,0.0,0.0,0.0,0.0,0.0,0.0,0.0,0.03,0,0,0,0,0,0,0,0,0,0,0,0,0,0,0,0,0,0,0,0,0
1.85467529296875,0,0.0,0.0,0.0,0.0,0.0,0.0,0.0,0.0,0.03,0,0,0,0,0,0,0,0,0,0,0,0,0,0,0,0,0,0,0,0,0
1.857527256011963,0,0.0,0.0,0.0,0.0,0.0,0.0,0.0,0.0,0.03,0,0,0,0,0,0,0,0,0,0,0,0,0,0,0,0,0,0,0,0,0
1.8593213558197021,0,0.0,0.0,0.0,0.0,0.0,0.0,0.0,0.0,0.03,0,0,0,0,0,0,0,0,0,0,0,0,0,0,0,0,0,0,0,0,0
1.8604516983032227,0,0.0,0.0,0.0,0.0,0.0,0.0,0.0,0.0,0.03,0,0,0,0,0,0,0,0,0,0,0,0,0,0,0,0,0,0,0,0,0
1.8618500232696533,0,0.0,0.0,0.0,0.0,0.0,0.0,0.0,0.0,0.03,0,0,0,0,0,0,0,0,0,0,0,0,0,0,0,0,0,0,0,0,0
1.8629429340362549,0,0.0,0.0,0.0,0.0,0.0,0.0,0.0,0.0,0.03,0,0,0,0,0,0,0,0,0,0,0,0,0,0,0,0,0,0,0,0,0
1.8641395568847656,0,0.0,0.0,0.0,0.0,0.0,0.0,0.0,0.0,0.03,0,0,0,0,0,0,0,0,0,0,0,0,0,0,0,0,0,0,0,0,0
1.865492582321167,0,0.0,0.0,0.0,0.0,0.0,0.0,0.0,0.0,0.03,0,0,0,0,0,0,0,0,0,0,0,0,0,0,0,0,0,0,0,0,0
1.866725206375122,0,0.0,0.0,0.0,0.0,0.0,0.0,0.0,0.0,0.03,0,0,0,0,0,0,0,0,0,0,0,0,0,0,0,0,0,0,0,0,0
1.8681812286376953,0,0.0,0.0,0.0,0.0,0.0,0.0,0.0,0.0,0.03,0,0,0,0,0,0,0,0,0,0,0,0,0,0,0,0,0,0,0,0,0
1.8696019649505615,0,0.0,0.0,0.0,0.0,0.0,0.0,0.0,0.0,0.03,0,0,0,0,0,0,0,0,0,0,0,0,0,0,0,0,0,0,0,0,0
1.870683193206787,0,0.0,0.0,0.0,0.0,0.0,0.0,0.0,0.0,0.03,0,0,0,0,0,0,0,0,0,0,0,0,0,0,0,0,0,0,0,0,0
1.871800184249878,0,0.0,0.0,0.0,0.0,0.0,0.0,0.0,0.0,0.03,0,0,0,0,0,0,0,0,0,0,0,0,0,0,0,0,0,0,0,0,0
1.8728854656219482,0,0.0,0.0,0.0,0.0,0.0,0.0,0.0,0.0,0.03,0,0,0,0,0,0,0,0,0,0,0,0,0,0,0,0,0,0,0,0,0
1.8739862442016602,0,0.0,0.0,0.0,0.0,0.0,0.0,0.0,0.0,0.03,0,0,0,0,0,0,0,0,0,0,0,0,0,0,0,0,0,0,0,0,0
1.8753612041473389,0,0.0,0.0,0.0,0.0,0.0,0.0,0.0,0.0,0.03,0,0,0,0,0,0,0,0,0,0,0,0,0,0,0,0,0,0,0,0,0
1.8769841194152832,0,0.0,0.0,0.0,0.0,0.0,0.0,0.0,0.0,0.03,0,0,0,0,0,0,0,0,0,0,0,0,0,0,0,0,0,0,0,0,0
1.8798024654388428,0,0.0,0.0,0.0,0.0,0.0,0.0,0.0,0.0,0.03,0,0,0,0,0,0,0,0,0,0,0,0,0,0,0,0,0,0,0,0,0
1.8808529376983643,0,0.0,0.0,0.0,0.0,0.0,0.0,0.0,0.0,0.03,0,0,0,0,0,0,0,0,0,0,0,0,0,0,0,0,0,0,0,0,0
1.8821086883544922,0,0.0,0.0,0.0,0.0,0.0,0.0,0.0,0.0,0.03,0,0,0,0,0,0,0,0,0,0,0,0,0,0,0,0,0,0,0,0,0
1.8833436965942383,0,0.0,0.0,0.0,0.0,0.0,0.0,0.0,0.0,0.03,0,0,0,0,0,0,0,0,0,0,0,0,0,0,0,0,0,0,0,0,0
1.884664535522461,0,0.0,0.0,0.0,0.0,0.0,0.0,0.0,0.0,0.03,0,0,0,0,0,0,0,0,0,0,0,0,0,0,0,0,0,0,0,0,0
1.8858473300933838,0,0.0,0.0,0.0,0.0,0.0,0.0,0.0,0.0,0.03,0,0,0,0,0,0,0,0,0,0,0,0,0,0,0,0,0,0,0,0,0
1.8871474266052246,0,0.0,0.0,0.0,0.0,0.0,0.0,0.0,0.0,0.03,0,0,0,0,0,0,0,0,0,0,0,0,0,0,0,0,0,0,0,0,0
1.888375997543335,0,0.0,0.0,0.0,0.0,0.0,0.0,0.0,0.0,0.03,0,0,0,0,0,0,0,0,0,0,0,0,0,0,0,0,0,0,0,0,0
1.8920447826385498,0,0.0,0.0,0.0,0.0,0.0,0.0,0.0,0.0,0.03,0,0,0,0,0,0,0,0,0,0,0,0,0,0,0,0,0,0,0,0,0
1.8933634757995605,0,0.0,0.0,0.0,0.0,0.0,0.0,0.0,0.0,0.03,0,0,0,0,0,0,0,0,0,0,0,0,0,0,0,0,0,0,0,0,0
1.8945133686065674,0,0.0,0.0,0.0,0.0,0.0,0.0,0.0,0.0,0.03,0,0,0,0,0,0,0,0,0,0,0,0,0,0,0,0,0,0,0,0,0
1.8956289291381836,0,0.0,0.0,0.0,0.0,0.0,0.0,0.0,0.0,0.03,0,0,0,0,0,0,0,0,0,0,0,0,0,0,0,0,0,0,0,0,0
1.8992161750793457,0,0.0,0.0,0.0,0.0,0.0,0.0,0.0,0.0,0.03,0,0,0,0,0,0,0,0,0,0,0,0,0,0,0,0,0,0,0,0,0
1.9003360271453857,0,0.0,0.0,0.0,0.0,0.0,0.0,0.0,0.0,0.03,0,0,0,0,0,0,0,0,0,0,0,0,0,0,0,0,0,0,0,0,0
1.901667833328247,0,0.0,0.0,0.0,0.0,0.0,0.0,0.0,0.0,0.03,0,0,0,0,0,0,0,0,0,0,0,0,0,0,0,0,0,0,0,0,0
1.9032061100006104,0,0.0,0.0,0.0,0.0,0.0,0.0,0.0,0.0,0.03,0,0,0,0,0,0,0,0,0,0,0,0,0,0,0,0,0,0,0,0,0
1.904799222946167,0,0.0,0.0,0.0,0.0,0.0,0.0,0.0,0.0,0.03,0,0,0,0,0,0,0,0,0,0,0,0,0,0,0,0,0,0,0,0,0
1.9061927795410156,0,0.0,0.0,0.0,0.0,0.0,0.0,0.0,0.0,0.03,0,0,0,0,0,0,0,0,0,0,0,0,0,0,0,0,0,0,0,0,0
1.907332181930542,0,0.0,0.0,0.0,0.0,0.0,0.0,0.0,0.0,0.03,0,0,0,0,0,0,0,0,0,0,0,0,0,0,0,0,0,0,0,0,0
1.9090032577514648,0,0.0,0.0,0.0,0.0,0.0,0.0,0.0,0.0,0.03,0,0,0,0,0,0,0,0,0,0,0,0,0,0,0,0,0,0,0,0,0
1.9105000495910645,0,0.0,0.0,0.0,0.0,0.0,0.0,0.0,0.0,0.03,0,0,0,0,0,0,0,0,0,0,0,0,0,0,0,0,0,0,0,0,0
1.9117026329040527,0,0.0,0.0,0.0,0.0,0.0,0.0,0.0,0.0,0.03,0,0,0,0,0,0,0,0,0,0,0,0,0,0,0,0,0,0,0,0,0
1.9127836227416992,0,0.0,0.0,0.0,0.0,0.0,0.0,0.0,0.0,0.03,0,0,0,0,0,0,0,0,0,0,0,0,0,0,0,0,0,0,0,0,0
1.91398286819458,0,0.0,0.0,0.0,0.0,0.0,0.0,0.0,0.0,0.03,0,0,0,0,0,0,0,0,0,0,0,0,0,0,0,0,0,0,0,0,0
1.9151604175567627,0,0.0,0.0,0.0,0.0,0.0,0.0,0.0,0.0,0.03,0,0,0,0,0,0,0,0,0,0,0,0,0,0,0,0,0,0,0,0,0
1.9169535636901855,0,0.0,0.0,0.0,0.0,0.0,0.0,0.0,0.0,0.03,0,0,0,0,0,0,0,0,0,0,0,0,0,0,0,0,0,0,0,0,0
1.9180505275726318,0,0.0,0.0,0.0,0.0,0.0,0.0,0.0,0.0,0.03,0,0,0,0,0,0,0,0,0,0,0,0,0,0,0,0,0,0,0,0,0
1.920107126235962,0,0.0,0.0,0.0,0.0,0.0,0.0,0.0,0.0,0.03,0,0,0,0,0,0,0,0,0,0,0,0,0,0,0,0,0,0,0,0,0
1.921311378479004,0,0.0,0.0,0.0,0.0,0.0,0.0,0.0,0.0,0.03,0,0,0,0,0,0,0,0,0,0,0,0,0,0,0,0,0,0,0,0,0
1.9224722385406494,0,0.0,0.0,0.0,0.0,0.0,0.0,0.0,0.0,0.03,0,0,0,0,0,0,0,0,0,0,0,0,0,0,0,0,0,0,0,0,0
1.923581838607788,0,0.0,0.0,0.0,0.0,0.0,0.0,0.0,0.0,0.03,0,0,0,0,0,0,0,0,0,0,0,0,0,0,0,0,0,0,0,0,0
1.9248526096343994,0,0.0,0.0,0.0,0.0,0.0,0.0,0.0,0.0,0.03,0,0,0,0,0,0,0,0,0,0,0,0,0,0,0,0,0,0,0,0,0
1.9264285564422607,0,0.0,0.0,0.0,0.0,0.0,0.0,0.0,0.0,0.03,0,0,0,0,0,0,0,0,0,0,0,0,0,0,0,0,0,0,0,0,0
1.9279587268829346,0,0.0,0.0,0.0,0.0,0.0,0.0,0.0,0.0,0.03,0,0,0,0,0,0,0,0,0,0,0,0,0,0,0,0,0,0,0,0,0
1.9290258884429932,0,0.0,0.0,0.0,0.0,0.0,0.0,0.0,0.0,0.03,0,0,0,0,0,0,0,0,0,0,0,0,0,0,0,0,0,0,0,0,0
1.9308891296386719,0,0.0,0.0,0.0,0.0,0.0,0.0,0.0,0.0,0.03,0,0,0,0,0,0,0,0,0,0,0,0,0,0,0,0,0,0,0,0,0
1.9320650100708008,0,0.0,0.0,0.0,0.0,0.0,0.0,0.0,0.0,0.03,0,0,0,0,0,0,0,0,0,0,0,0,0,0,0,0,0,0,0,0,0
1.9332220554351807,0,0.0,0.0,0.0,0.0,0.0,0.0,0.0,0.0,0.03,0,0,0,0,0,0,0,0,0,0,0,0,0,0,0,0,0,0,0,0,0
1.9343860149383545,0,0.0,0.0,0.0,0.0,0.0,0.0,0.0,0.0,0.03,0,0,0,0,0,0,0,0,0,0,0,0,0,0,0,0,0,0,0,0,0
1.9354684352874756,0,0.0,0.0,0.0,0.0,0.0,0.0,0.0,0.0,0.03,0,0,0,0,0,0,0,0,0,0,0,0,0,0,0,0,0,0,0,0,0
1.9367592334747314,0,0.0,0.0,0.0,0.0,0.0,0.0,0.0,0.0,0.03,0,0,0,0,0,0,0,0,0,0,0,0,0,0,0,0,0,0,0,0,0
1.937941074371338,0,0.0,0.0,0.0,0.0,0.0,0.0,0.0,0.0,0.03,0,0,0,0,0,0,0,0,0,0,0,0,0,0,0,0,0,0,0,0,0
1.939432144165039,0,0.0,0.0,0.0,0.0,0.0,0.0,0.0,0.0,0.03,0,0,0,0,0,0,0,0,0,0,0,0,0,0,0,0,0,0,0,0,0
1.9405393600463867,0,0.0,0.0,0.0,0.0,0.0,0.0,0.0,0.0,0.03,0,0,0,0,0,0,0,0,0,0,0,0,0,0,0,0,0,0,0,0,0
1.9417359828948975,0,0.0,0.0,0.0,0.0,0.0,0.0,0.0,0.0,0.03,0,0,0,0,0,0,0,0,0,0,0,0,0,0,0,0,0,0,0,0,0
1.9438068866729736,0,0.0,0.0,0.0,0.0,0.0,0.0,0.0,0.0,0.03,0,0,0,0,0,0,0,0,0,0,0,0,0,0,0,0,0,0,0,0,0
1.9451704025268555,0,0.0,0.0,0.0,0.0,0.0,0.0,0.0,0.0,0.03,0,0,0,0,0,0,0,0,0,0,0,0,0,0,0,0,0,0,0,0,0
1.9464328289031982,0,0.0,0.0,0.0,0.0,0.0,0.0,0.0,0.0,0.03,0,0,0,0,0,0,0,0,0,0,0,0,0,0,0,0,0,0,0,0,0
1.947645664215088,0,0.0,0.0,0.0,0.0,0.0,0.0,0.0,0.0,0.03,0,0,0,0,0,0,0,0,0,0,0,0,0,0,0,0,0,0,0,0,0
1.9488089084625244,0,0.0,0.0,0.0,0.0,0.0,0.0,0.0,0.0,0.03,0,0,0,0,0,0,0,0,0,0,0,0,0,0,0,0,0,0,0,0,0
1.9498891830444336,0,0.0,0.0,0.0,0.0,0.0,0.0,0.0,0.0,0.03,0,0,0,0,0,0,0,0,0,0,0,0,0,0,0,0,0,0,0,0,0
1.9529449939727783,0,0.0,0.0,0.0,0.0,0.0,0.0,0.0,0.0,0.03,0,0,0,0,0,0,0,0,0,0,0,0,0,0,0,0,0,0,0,0,0
1.954331398010254,0,0.0,0.0,0.0,0.0,0.0,0.0,0.0,0.0,0.03,0,0,0,0,0,0,0,0,0,0,0,0,0,0,0,0,0,0,0,0,0
1.9598910808563232,0,0.0,0.0,0.0,0.0,0.0,0.0,0.0,0.0,0.03,0,0,0,0,0,0,0,0,0,0,0,0,0,0,0,0,0,0,0,0,0
1.9610285758972168,0,0.0,0.0,0.0,0.0,0.0,0.0,0.0,0.0,0.03,0,0,0,0,0,0,0,0,0,0,0,0,0,0,0,0,0,0,0,0,0
1.962378978729248,0,0.0,0.0,0.0,0.0,0.0,0.0,0.0,0.0,0.03,0,0,0,0,0,0,0,0,0,0,0,0,0,0,0,0,0,0,0,0,0
1.9637532234191895,0,0.0,0.0,0.0,0.0,0.0,0.0,0.0,0.0,0.03,0,0,0,0,0,0,0,0,0,0,0,0,0,0,0,0,0,0,0,0,0
1.9651880264282227,0,0.0,0.0,0.0,0.0,0.0,0.0,0.0,0.0,0.03,0,0,0,0,0,0,0,0,0,0,0,0,0,0,0,0,0,0,0,0,0
1.9677565097808838,0,0.0,0.0,0.0,0.0,0.0,0.0,0.0,0.0,0.03,0,0,0,0,0,0,0,0,0,0,0,0,0,0,0,0,0,0,0,0,0
1.9689629077911377,0,0.0,0.0,0.0,0.0,0.0,0.0,0.0,0.0,0.03,0,0,0,0,0,0,0,0,0,0,0,0,0,0,0,0,0,0,0,0,0
1.9702868461608887,0,0.0,0.0,0.0,0.0,0.0,0.0,0.0,0.0,0.03,0,0,0,0,0,0,0,0,0,0,0,0,0,0,0,0,0,0,0,0,0
1.971374750137329,0,0.0,0.0,0.0,0.0,0.0,0.0,0.0,0.0,0.03,0,0,0,0,0,0,0,0,0,0,0,0,0,0,0,0,0,0,0,0,0
1.972475528717041,0,0.0,0.0,0.0,0.0,0.0,0.0,0.0,0.0,0.03,0,0,0,0,0,0,0,0,0,0,0,0,0,0,0,0,0,0,0,0,0
1.9735865592956543,0,0.0,0.0,0.0,0.0,0.0,0.0,0.0,0.0,0.03,0,0,0,0,0,0,0,0,0,0,0,0,0,0,0,0,0,0,0,0,0
1.9747748374938965,0,0.0,0.0,0.0,0.0,0.0,0.0,0.0,0.0,0.03,0,0,0,0,0,0,0,0,0,0,0,0,0,0,0,0,0,0,0,0,0
1.9760494232177734,0,0.0,0.0,0.0,0.0,0.0,0.0,0.0,0.0,0.03,0,0,0,0,0,0,0,0,0,0,0,0,0,0,0,0,0,0,0,0,0
1.9771134853363037,0,0.0,0.0,0.0,0.0,0.0,0.0,0.0,0.0,0.03,0,0,0,0,0,0,0,0,0,0,0,0,0,0,0,0,0,0,0,0,0
1.978689193725586,0,0.0,0.0,0.0,0.0,0.0,0.0,0.0,0.0,0.03,0,0,0,0,0,0,0,0,0,0,0,0,0,0,0,0,0,0,0,0,0
1.9799244403839111,0,0.0,0.0,0.0,0.0,0.0,0.0,0.0,0.0,0.03,0,0,0,0,0,0,0,0,0,0,0,0,0,0,0,0,0,0,0,0,0
1.9818665981292725,0,0.0,0.0,0.0,0.0,0.0,0.0,0.0,0.0,0.03,0,0,0,0,0,0,0,0,0,0,0,0,0,0,0,0,0,0,0,0,0
1.9834442138671875,0,0.0,0.0,0.0,0.0,0.0,0.0,0.0,0.0,0.03,0,0,0,0,0,0,0,0,0,0,0,0,0,0,0,0,0,0,0,0,0
1.9846341609954834,0,0.0,0.0,0.0,0.0,0.0,0.0,0.0,0.0,0.03,0,0,0,0,0,0,0,0,0,0,0,0,0,0,0,0,0,0,0,0,0
1.9857673645019531,0,0.0,0.0,0.0,0.0,0.0,0.0,0.0,0.0,0.03,0,0,0,0,0,0,0,0,0,0,0,0,0,0,0,0,0,0,0,0,0
1.9877994060516357,0,0.0,0.0,0.0,0.0,0.0,0.0,0.0,0.0,0.03,0,0,0,0,0,0,0,0,0,0,0,0,0,0,0,0,0,0,0,0,0
1.9898920059204102,0,0.0,0.0,0.0,0.0,0.0,0.0,0.0,0.0,0.03,0,0,0,0,0,0,0,0,0,0,0,0,0,0,0,0,0,0,0,0,0
1.9909801483154297,0,0.0,0.0,0.0,0.0,0.0,0.0,0.0,0.0,0.03,0,0,0,0,0,0,0,0,0,0,0,0,0,0,0,0,0,0,0,0,0
1.9925742149353027,0,0.0,0.0,0.0,0.0,0.0,0.0,0.0,0.0,0.03,0,0,0,0,0,0,0,0,0,0,0,0,0,0,0,0,0,0,0,0,0
1.9936697483062744,0,0.0,0.0,0.0,0.0,0.0,0.0,0.0,0.0,0.03,0,0,0,0,0,0,0,0,0,0,0,0,0,0,0,0,0,0,0,0,0
1.9948995113372803,0,0.0,0.0,0.0,0.0,0.0,0.0,0.0,0.0,0.03,0,0,0,0,0,0,0,0,0,0,0,0,0,0,0,0,0,0,0,0,0
1.9959940910339355,0,0.0,0.0,0.0,0.0,0.0,0.0,0.0,0.0,0.03,0,0,0,0,0,0,0,0,0,0,0,0,0,0,0,0,0,0,0,0,0
1.9970545768737793,0,0.0,0.0,0.0,0.0,0.0,0.0,0.0,0.0,0.03,0,0,0,0,0,0,0,0,0,0,0,0,0,0,0,0,0,0,0,0,0
1.9983913898468018,0,0.0,0.0,0.0,0.0,0.0,0.0,0.0,0.0,0.03,0,0,0,0,0,0,0,0,0,0,0,0,0,0,0,0,0,0,0,0,0
1.9999759197235107,0,0.0,0.0,0.0,0.0,0.0,0.0,0.0,0.0,0.03,0,0,0,0,0,0,0,0,0,0,0,0,0,0,0,0,0,0,0,0,0
2.0029048919677734,0,0.0,0.0,0.0,0.0,0.0,0.0,0.0,0.0,0.03,0,0,0,0,0,0,0,0,0,0,0,0,0,0,0,0,0,0,0,0,0
2.0041887760162354,0,0.0,0.0,0.0,0.0,0.0,0.0,0.0,0.0,0.03,0,0,0,0,0,0,0,0,0,0,0,0,0,0,0,0,0,0,0,0,0
2.005514144897461,0,0.0,0.0,0.0,0.0,0.0,0.0,0.0,0.0,0.03,0,0,0,0,0,0,0,0,0,0,0,0,0,0,0,0,0,0,0,0,0
2.007298469543457,0,0.0,0.0,0.0,0.0,0.0,0.0,0.0,0.0,0.03,0,0,0,0,0,0,0,0,0,0,0,0,0,0,0,0,0,0,0,0,0
2.008368730545044,0,0.0,0.0,0.0,0.0,0.0,0.0,0.0,0.0,0.03,0,0,0,0,0,0,0,0,0,0,0,0,0,0,0,0,0,0,0,0,0
2.0097806453704834,0,0.0,0.0,0.0,0.0,0.0,0.0,0.0,0.0,0.03,0,0,0,0,0,0,0,0,0,0,0,0,0,0,0,0,0,0,0,0,0
2.0109362602233887,0,0.0,0.0,0.0,0.0,0.0,0.0,0.0,0.0,0.03,0,0,0,0,0,0,0,0,0,0,0,0,0,0,0,0,0,0,0,0,0
2.012023448944092,0,0.0,0.0,0.0,0.0,0.0,0.0,0.0,0.0,0.03,0,0,0,0,0,0,0,0,0,0,0,0,0,0,0,0,0,0,0,0,0
2.014763355255127,0,0.0,0.0,0.0,0.0,0.0,0.0,0.0,0.0,0.03,0,0,0,0,0,0,0,0,0,0,0,0,0,0,0,0,0,0,0,0,0
2.0165352821350098,0,0.0,0.0,0.0,0.0,0.0,0.0,0.0,0.0,0.03,0,0,0,0,0,0,0,0,0,0,0,0,0,0,0,0,0,0,0,0,0
2.018301486968994,0,0.0,0.0,0.0,0.0,0.0,0.0,0.0,0.0,0.03,0,0,0,0,0,0,0,0,0,0,0,0,0,0,0,0,0,0,0,0,0
2.019963502883911,0,0.0,0.0,0.0,0.0,0.0,0.0,0.0,0.0,0.03,0,0,0,0,0,0,0,0,0,0,0,0,0,0,0,0,0,0,0,0,0
2.021862030029297,0,0.0,0.0,0.0,0.0,0.0,0.0,0.0,0.0,0.03,0,0,0,0,0,0,0,0,0,0,0,0,0,0,0,0,0,0,0,0,0
2.0233242511749268,0,0.0,0.0,0.0,0.0,0.0,0.0,0.0,0.0,0.03,0,0,0,0,0,0,0,0,0,0,0,0,0,0,0,0,0,0,0,0,0
2.0247249603271484,0,0.0,0.0,0.0,0.0,0.0,0.0,0.0,0.0,0.03,0,0,0,0,0,0,0,0,0,0,0,0,0,0,0,0,0,0,0,0,0
2.0277719497680664,0,0.0,0.0,0.0,0.0,0.0,0.0,0.0,0.0,0.03,0,0,0,0,0,0,0,0,0,0,0,0,0,0,0,0,0,0,0,0,0
2.0291826725006104,0,0.0,0.0,0.0,0.0,0.0,0.0,0.0,0.0,0.03,0,0,0,0,0,0,0,0,0,0,0,0,0,0,0,0,0,0,0,0,0
2.0302910804748535,0,0.0,0.0,0.0,0.0,0.0,0.0,0.0,0.0,0.03,0,0,0,0,0,0,0,0,0,0,0,0,0,0,0,0,0,0,0,0,0
2.0314342975616455,0,0.0,0.0,0.0,0.0,0.0,0.0,0.0,0.0,0.03,0,0,0,0,0,0,0,0,0,0,0,0,0,0,0,0,0,0,0,0,0
2.0325326919555664,0,0.0,0.0,0.0,0.0,0.0,0.0,0.0,0.0,0.03,0,0,0,0,0,0,0,0,0,0,0,0,0,0,0,0,0,0,0,0,0
2.033623218536377,0,0.0,0.0,0.0,0.0,0.0,0.0,0.0,0.0,0.03,0,0,0,0,0,0,0,0,0,0,0,0,0,0,0,0,0,0,0,0,0
2.0347464084625244,0,0.0,0.0,0.0,0.0,0.0,0.0,0.0,0.0,0.03,0,0,0,0,0,0,0,0,0,0,0,0,0,0,0,0,0,0,0,0,0
2.0359156131744385,0,0.0,0.0,0.0,0.0,0.0,0.0,0.0,0.0,0.03,0,0,0,0,0,0,0,0,0,0,0,0,0,0,0,0,0,0,0,0,0
2.0370616912841797,0,0.0,0.0,0.0,0.0,0.0,0.0,0.0,0.0,0.03,0,0,0,0,0,0,0,0,0,0,0,0,0,0,0,0,0,0,0,0,0
2.038254737854004,0,0.0,0.0,0.0,0.0,0.0,0.0,0.0,0.0,0.03,0,0,0,0,0,0,0,0,0,0,0,0,0,0,0,0,0,0,0,0,0
2.04042911529541,0,0.0,0.0,0.0,0.0,0.0,0.0,0.0,0.0,0.03,0,0,0,0,0,0,0,0,0,0,0,0,0,0,0,0,0,0,0,0,0
2.0415239334106445,0,0.0,0.0,0.0,0.0,0.0,0.0,0.0,0.0,0.03,0,0,0,0,0,0,0,0,0,0,0,0,0,0,0,0,0,0,0,0,0
2.044645071029663,0,0.0,0.0,0.0,0.0,0.0,0.0,0.0,0.0,0.03,0,0,0,0,0,0,0,0,0,0,0,0,0,0,0,0,0,0,0,0,0
2.045877456665039,0,0.0,0.0,0.0,0.0,0.0,0.0,0.0,0.0,0.03,0,0,0,0,0,0,0,0,0,0,0,0,0,0,0,0,0,0,0,0,0
2.046968698501587,0,0.0,0.0,0.0,0.0,0.0,0.0,0.0,0.0,0.03,0,0,0,0,0,0,0,0,0,0,0,0,0,0,0,0,0,0,0,0,0
2.0481746196746826,0,0.0,0.0,0.0,0.0,0.0,0.0,0.0,0.0,0.03,0,0,0,0,0,0,0,0,0,0,0,0,0,0,0,0,0,0,0,0,0
2.0493009090423584,0,0.0,0.0,0.0,0.0,0.0,0.0,0.0,0.0,0.03,0,0,0,0,0,0,0,0,0,0,0,0,0,0,0,0,0,0,0,0,0
2.05080246925354,0,0.0,0.0,0.0,0.0,0.0,0.0,0.0,0.0,0.03,0,0,0,0,0,0,0,0,0,0,0,0,0,0,0,0,0,0,0,0,0
2.051894187927246,0,0.0,0.0,0.0,0.0,0.0,0.0,0.0,0.0,0.03,0,0,0,0,0,0,0,0,0,0,0,0,0,0,0,0,0,0,0,0,0
2.053722858428955,0,0.0,0.0,0.0,0.0,0.0,0.0,0.0,0.0,0.03,0,0,0,0,0,0,0,0,0,0,0,0,0,0,0,0,0,0,0,0,0
2.054861307144165,0,0.0,0.0,0.0,0.0,0.0,0.0,0.0,0.0,0.03,0,0,0,0,0,0,0,0,0,0,0,0,0,0,0,0,0,0,0,0,0
2.0559957027435303,0,0.0,0.0,0.0,0.0,0.0,0.0,0.0,0.0,0.03,0,0,0,0,0,0,0,0,0,0,0,0,0,0,0,0,0,0,0,0,0
2.057114839553833,0,0.0,0.0,0.0,0.0,0.0,0.0,0.0,0.0,0.03,0,0,0,0,0,0,0,0,0,0,0,0,0,0,0,0,0,0,0,0,0
2.058201313018799,0,0.0,0.0,0.0,0.0,0.0,0.0,0.0,0.0,0.03,0,0,0,0,0,0,0,0,0,0,0,0,0,0,0,0,0,0,0,0,0
2.0597400665283203,0,0.0,0.0,0.0,0.0,0.0,0.0,0.0,0.0,0.03,0,0,0,0,0,0,0,0,0,0,0,0,0,0,0,0,0,0,0,0,0
2.0608878135681152,0,0.0,0.0,0.0,0.0,0.0,0.0,0.0,0.0,0.03,0,0,0,0,0,0,0,0,0,0,0,0,0,0,0,0,0,0,0,0,0
2.0622739791870117,0,0.0,0.0,0.0,0.0,0.0,0.0,0.0,0.0,0.03,0,0,0,0,0,0,0,0,0,0,0,0,0,0,0,0,0,0,0,0,0
2.0636699199676514,0,0.0,0.0,0.0,0.0,0.0,0.0,0.0,0.0,0.03,0,0,0,0,0,0,0,0,0,0,0,0,0,0,0,0,0,0,0,0,0
2.0648462772369385,0,0.0,0.0,0.0,0.0,0.0,0.0,0.0,0.0,0.03,0,0,0,0,0,0,0,0,0,0,0,0,0,0,0,0,0,0,0,0,0
2.0668070316314697,0,0.0,0.0,0.0,0.0,0.0,0.0,0.0,0.0,0.03,0,0,0,0,0,0,0,0,0,0,0,0,0,0,0,0,0,0,0,0,0
2.067925214767456,0,0.0,0.0,0.0,0.0,0.0,0.0,0.0,0.0,0.03,0,0,0,0,0,0,0,0,0,0,0,0,0,0,0,0,0,0,0,0,0
2.068997621536255,0,0.0,0.0,0.0,0.0,0.0,0.0,0.0,0.0,0.03,0,0,0,0,0,0,0,0,0,0,0,0,0,0,0,0,0,0,0,0,0
2.0701820850372314,0,0.0,0.0,0.0,0.0,0.0,0.0,0.0,0.0,0.03,0,0,0,0,0,0,0,0,0,0,0,0,0,0,0,0,0,0,0,0,0
2.0713350772857666,0,0.0,0.0,0.0,0.0,0.0,0.0,0.0,0.0,0.03,0,0,0,0,0,0,0,0,0,0,0,0,0,0,0,0,0,0,0,0,0
2.075437545776367,0,0.0,0.0,0.0,0.0,0.0,0.0,0.0,0.0,0.03,0,0,0,0,0,0,0,0,0,0,0,0,0,0,0,0,0,0,0,0,0
2.0767128467559814,0,0.0,0.0,0.0,0.0,0.0,0.0,0.0,0.0,0.03,0,0,0,0,0,0,0,0,0,0,0,0,0,0,0,0,0,0,0,0,0
2.078335762023926,0,0.0,0.0,0.0,0.0,0.0,0.0,0.0,0.0,0.03,0,0,0,0,0,0,0,0,0,0,0,0,0,0,0,0,0,0,0,0,0
2.08064603805542,0,0.0,0.0,0.0,0.0,0.0,0.0,0.0,0.0,0.03,0,0,0,0,0,0,0,0,0,0,0,0,0,0,0,0,0,0,0,0,0
2.082106113433838,0,0.0,0.0,0.0,0.0,0.0,0.0,0.0,0.0,0.03,0,0,0,0,0,0,0,0,0,0,0,0,0,0,0,0,0,0,0,0,0
2.08327579498291,0,0.0,0.0,0.0,0.0,0.0,0.0,0.0,0.0,0.03,0,0,0,0,0,0,0,0,0,0,0,0,0,0,0,0,0,0,0,0,0
2.0860466957092285,0,0.0,0.0,0.0,0.0,0.0,0.0,0.0,0.0,0.03,0,0,0,0,0,0,0,0,0,0,0,0,0,0,0,0,0,0,0,0,0
2.0871434211730957,0,0.0,0.0,0.0,0.0,0.0,0.0,0.0,0.0,0.03,0,0,0,0,0,0,0,0,0,0,0,0,0,0,0,0,0,0,0,0,0
2.0882456302642822,0,0.0,0.0,0.0,0.0,0.0,0.0,0.0,0.0,0.03,0,0,0,0,0,0,0,0,0,0,0,0,0,0,0,0,0,0,0,0,0
2.0905873775482178,0,0.0,0.0,0.0,0.0,0.0,0.0,0.0,0.0,0.03,0,0,0,0,0,0,0,0,0,0,0,0,0,0,0,0,0,0,0,0,0
2.0916786193847656,0,0.0,0.0,0.0,0.0,0.0,0.0,0.0,0.0,0.03,0,0,0,0,0,0,0,0,0,0,0,0,0,0,0,0,0,0,0,0,0
2.09285044670105,0,0.0,0.0,0.0,0.0,0.0,0.0,0.0,0.0,0.03,0,0,0,0,0,0,0,0,0,0,0,0,0,0,0,0,0,0,0,0,0
2.093921661376953,0,0.0,0.0,0.0,0.0,0.0,0.0,0.0,0.0,0.03,0,0,0,0,0,0,0,0,0,0,0,0,0,0,0,0,0,0,0,0,0
2.0950100421905518,0,0.0,0.0,0.0,0.0,0.0,0.0,0.0,0.0,0.03,0,0,0,0,0,0,0,0,0,0,0,0,0,0,0,0,0,0,0,0,0
2.096364974975586,0,0.0,0.0,0.0,0.0,0.0,0.0,0.0,0.0,0.03,0,0,0,0,0,0,0,0,0,0,0,0,0,0,0,0,0,0,0,0,0
2.0975046157836914,0,0.0,0.0,0.0,0.0,0.0,0.0,0.0,0.0,0.03,0,0,0,0,0,0,0,0,0,0,0,0,0,0,0,0,0,0,0,0,0
2.098945140838623,0,0.0,0.0,0.0,0.0,0.0,0.0,0.0,0.0,0.03,0,0,0,0,0,0,0,0,0,0,0,0,0,0,0,0,0,0,0,0,0
2.100371837615967,0,0.0,0.0,0.0,0.0,0.0,0.0,0.0,0.0,0.03,0,0,0,0,0,0,0,0,0,0,0,0,0,0,0,0,0,0,0,0,0
2.1021344661712646,0,0.0,0.0,0.0,0.0,0.0,0.0,0.0,0.0,0.03,0,0,0,0,0,0,0,0,0,0,0,0,0,0,0,0,0,0,0,0,0
2.1032512187957764,0,0.0,0.0,0.0,0.0,0.0,0.0,0.0,0.0,0.03,0,0,0,0,0,0,0,0,0,0,0,0,0,0,0,0,0,0,0,0,0
2.1049370765686035,0,0.0,0.0,0.0,0.0,0.0,0.0,0.0,0.0,0.03,0,0,0,0,0,0,0,0,0,0,0,0,0,0,0,0,0,0,0,0,0
2.1068272590637207,0,0.0,0.0,0.0,0.0,0.0,0.0,0.0,0.0,0.03,0,0,0,0,0,0,0,0,0,0,0,0,0,0,0,0,0,0,0,0,0
2.107914686203003,0,0.0,0.0,0.0,0.0,0.0,0.0,0.0,0.0,0.03,0,0,0,0,0,0,0,0,0,0,0,0,0,0,0,0,0,0,0,0,0
2.109400987625122,0,0.0,0.0,0.0,0.0,0.0,0.0,0.0,0.0,0.03,0,0,0,0,0,0,0,0,0,0,0,0,0,0,0,0,0,0,0,0,0
2.110534191131592,0,0.0,0.0,0.0,0.0,0.0,0.0,0.0,0.0,0.03,0,0,0,0,0,0,0,0,0,0,0,0,0,0,0,0,0,0,0,0,0
2.1116232872009277,0,0.0,0.0,0.0,0.0,0.0,0.0,0.0,0.0,0.03,0,0,0,0,0,0,0,0,0,0,0,0,0,0,0,0,0,0,0,0,0
2.112834930419922,0,0.0,0.0,0.0,0.0,0.0,0.0,0.0,0.0,0.03,0,0,0,0,0,0,0,0,0,0,0,0,0,0,0,0,0,0,0,0,0
2.113919258117676,0,0.0,0.0,0.0,0.0,0.0,0.0,0.0,0.0,0.03,0,0,0,0,0,0,0,0,0,0,0,0,0,0,0,0,0,0,0,0,0
2.1152734756469727,0,0.0,0.0,0.0,0.0,0.0,0.0,0.0,0.0,0.03,0,0,0,0,0,0,0,0,0,0,0,0,0,0,0,0,0,0,0,0,0
2.1166653633117676,0,0.0,0.0,0.0,0.0,0.0,0.0,0.0,0.0,0.03,0,0,0,0,0,0,0,0,0,0,0,0,0,0,0,0,0,0,0,0,0
2.118216037750244,0,0.0,0.0,0.0,0.0,0.0,0.0,0.0,0.0,0.03,0,0,0,0,0,0,0,0,0,0,0,0,0,0,0,0,0,0,0,0,0
2.1195104122161865,0,0.0,0.0,0.0,0.0,0.0,0.0,0.0,0.0,0.03,0,0,0,0,0,0,0,0,0,0,0,0,0,0,0,0,0,0,0,0,0
2.120746612548828,0,0.0,0.0,0.0,0.0,0.0,0.0,0.0,0.0,0.03,0,0,0,0,0,0,0,0,0,0,0,0,0,0,0,0,0,0,0,0,0
2.122680425643921,0,0.0,0.0,0.0,0.0,0.0,0.0,0.0,0.0,0.03,0,0,0,0,0,0,0,0,0,0,0,0,0,0,0,0,0,0,0,0,0
2.123795986175537,0,0.0,0.0,0.0,0.0,0.0,0.0,0.0,0.0,0.03,0,0,0,0,0,0,0,0,0,0,0,0,0,0,0,0,0,0,0,0,0
2.124875783920288,0,0.0,0.0,0.0,0.0,0.0,0.0,0.0,0.0,0.03,0,0,0,0,0,0,0,0,0,0,0,0,0,0,0,0,0,0,0,0,0
2.1260435581207275,0,0.0,0.0,0.0,0.0,0.0,0.0,0.0,0.0,0.03,0,0,0,0,0,0,0,0,0,0,0,0,0,0,0,0,0,0,0,0,0
2.127223491668701,0,0.0,0.0,0.0,0.0,0.0,0.0,0.0,0.0,0.03,0,0,0,0,0,0,0,0,0,0,0,0,0,0,0,0,0,0,0,0,0
2.128321886062622,0,0.0,0.0,0.0,0.0,0.0,0.0,0.0,0.0,0.03,0,0,0,0,0,0,0,0,0,0,0,0,0,0,0,0,0,0,0,0,0
2.1309146881103516,0,0.0,0.0,0.0,0.0,0.0,0.0,0.0,0.0,0.03,0,0,0,0,0,0,0,0,0,0,0,0,0,0,0,0,0,0,0,0,0
2.1323888301849365,0,0.0,0.0,0.0,0.0,0.0,0.0,0.0,0.0,0.03,0,0,0,0,0,0,0,0,0,0,0,0,0,0,0,0,0,0,0,0,0
2.1341354846954346,0,0.0,0.0,0.0,0.0,0.0,0.0,0.0,0.0,0.03,0,0,0,0,0,0,0,0,0,0,0,0,0,0,0,0,0,0,0,0,0
2.1366775035858154,0,0.0,0.0,0.0,0.0,0.0,0.0,0.0,0.0,0.03,0,0,0,0,0,0,0,0,0,0,0,0,0,0,0,0,0,0,0,0,0
2.138019323348999,0,0.0,0.0,0.0,0.0,0.0,0.0,0.0,0.0,0.03,0,0,0,0,0,0,0,0,0,0,0,0,0,0,0,0,0,0,0,0,0
2.1393072605133057,0,0.0,0.0,0.0,0.0,0.0,0.0,0.0,0.0,0.03,0,0,0,0,0,0,0,0,0,0,0,0,0,0,0,0,0,0,0,0,0
2.140589952468872,0,0.0,0.0,0.0,0.0,0.0,0.0,0.0,0.0,0.03,0,0,0,0,0,0,0,0,0,0,0,0,0,0,0,0,0,0,0,0,0
2.142336368560791,0,0.0,0.0,0.0,0.0,0.0,0.0,0.0,0.0,0.03,0,0,0,0,0,0,0,0,0,0,0,0,0,0,0,0,0,0,0,0,0
2.143491268157959,0,0.0,0.0,0.0,0.0,0.0,0.0,0.0,0.0,0.03,0,0,0,0,0,0,0,0,0,0,0,0,0,0,0,0,0,0,0,0,0
2.145324230194092,0,0.0,0.0,0.0,0.0,0.0,0.0,0.0,0.0,0.03,0,0,0,0,0,0,0,0,0,0,0,0,0,0,0,0,0,0,0,0,0
2.1466197967529297,0,0.0,0.0,0.0,0.0,0.0,0.0,0.0,0.0,0.03,0,0,0,0,0,0,0,0,0,0,0,0,0,0,0,0,0,0,0,0,0
2.14780592918396,0,0.0,0.0,0.0,0.0,0.0,0.0,0.0,0.0,0.03,0,0,0,0,0,0,0,0,0,0,0,0,0,0,0,0,0,0,0,0,0
2.1489081382751465,0,0.0,0.0,0.0,0.0,0.0,0.0,0.0,0.0,0.03,0,0,0,0,0,0,0,0,0,0,0,0,0,0,0,0,0,0,0,0,0
2.1502685546875,0,0.0,0.0,0.0,0.0,0.0,0.0,0.0,0.0,0.03,0,0,0,0,0,0,0,0,0,0,0,0,0,0,0,0,0,0,0,0,0
2.1514782905578613,0,0.0,0.0,0.0,0.0,0.0,0.0,0.0,0.0,0.03,0,0,0,0,0,0,0,0,0,0,0,0,0,0,0,0,0,0,0,0,0
2.1533043384552,0,0.0,0.0,0.0,0.0,0.0,0.0,0.0,0.0,0.03,0,0,0,0,0,0,0,0,0,0,0,0,0,0,0,0,0,0,0,0,0
2.1548125743865967,0,0.0,0.0,0.0,0.0,0.0,0.0,0.0,0.0,0.03,0,0,0,0,0,0,0,0,0,0,0,0,0,0,0,0,0,0,0,0,0
2.1573476791381836,0,0.0,0.0,0.0,0.0,0.0,0.0,0.0,0.0,0.03,0,0,0,0,0,0,0,0,0,0,0,0,0,0,0,0,0,0,0,0,0
2.1584584712982178,0,0.0,0.0,0.0,0.0,0.0,0.0,0.0,0.0,0.03,0,0,0,0,0,0,0,0,0,0,0,0,0,0,0,0,0,0,0,0,0
2.15984845161438,0,0.0,0.0,0.0,0.0,0.0,0.0,0.0,0.0,0.03,0,0,0,0,0,0,0,0,0,0,0,0,0,0,0,0,0,0,0,0,0
2.1613073348999023,0,0.0,0.0,0.0,0.0,0.0,0.0,0.0,0.0,0.03,0,0,0,0,0,0,0,0,0,0,0,0,0,0,0,0,0,0,0,0,0
2.1624250411987305,0,0.0,0.0,0.0,0.0,0.0,0.0,0.0,0.0,0.03,0,0,0,0,0,0,0,0,0,0,0,0,0,0,0,0,0,0,0,0,0
2.1646437644958496,0,0.0,0.0,0.0,0.0,0.0,0.0,0.0,0.0,0.03,0,0,0,0,0,0,0,0,0,0,0,0,0,0,0,0,0,0,0,0,0
2.165780782699585,0,0.0,0.0,0.0,0.0,0.0,0.0,0.0,0.0,0.03,0,0,0,0,0,0,0,0,0,0,0,0,0,0,0,0,0,0,0,0,0
2.166962146759033,0,0.0,0.0,0.0,0.0,0.0,0.0,0.0,0.0,0.03,0,0,0,0,0,0,0,0,0,0,0,0,0,0,0,0,0,0,0,0,0
2.1680548191070557,0,0.0,0.0,0.0,0.0,0.0,0.0,0.0,0.0,0.03,0,0,0,0,0,0,0,0,0,0,0,0,0,0,0,0,0,0,0,0,0
2.1691391468048096,0,0.0,0.0,0.0,0.0,0.0,0.0,0.0,0.0,0.03,0,0,0,0,0,0,0,0,0,0,0,0,0,0,0,0,0,0,0,0,0
2.1705000400543213,0,0.0,0.0,0.0,0.0,0.0,0.0,0.0,0.0,0.03,0,0,0,0,0,0,0,0,0,0,0,0,0,0,0,0,0,0,0,0,0
2.1716415882110596,0,0.0,0.0,0.0,0.0,0.0,0.0,0.0,0.0,0.03,0,0,0,0,0,0,0,0,0,0,0,0,0,0,0,0,0,0,0,0,0
2.1733977794647217,0,0.0,0.0,0.0,0.0,0.0,0.0,0.0,0.0,0.03,0,0,0,0,0,0,0,0,0,0,0,0,0,0,0,0,0,0,0,0,0
2.1746633052825928,0,0.0,0.0,0.0,0.0,0.0,0.0,0.0,0.0,0.03,0,0,0,0,0,0,0,0,0,0,0,0,0,0,0,0,0,0,0,0,0
2.1758596897125244,0,0.0,0.0,0.0,0.0,0.0,0.0,0.0,0.0,0.03,0,0,0,0,0,0,0,0,0,0,0,0,0,0,0,0,0,0,0,0,0
2.177197217941284,0,0.0,0.0,0.0,0.0,0.0,0.0,0.0,0.0,0.03,0,0,0,0,0,0,0,0,0,0,0,0,0,0,0,0,0,0,0,0,0
2.1782937049865723,0,0.0,0.0,0.0,0.0,0.0,0.0,0.0,0.0,0.03,0,0,0,0,0,0,0,0,0,0,0,0,0,0,0,0,0,0,0,0,0
2.179391860961914,0,0.0,0.0,0.0,0.0,0.0,0.0,0.0,0.0,0.03,0,0,0,0,0,0,0,0,0,0,0,0,0,0,0,0,0,0,0,0,0
2.1816182136535645,0,0.0,0.0,0.0,0.0,0.0,0.0,0.0,0.0,0.03,0,0,0,0,0,0,0,0,0,0,0,0,0,0,0,0,0,0,0,0,0
2.1830520629882812,0,0.0,0.0,0.0,0.0,0.0,0.0,0.0,0.0,0.03,0,0,0,0,0,0,0,0,0,0,0,0,0,0,0,0,0,0,0,0,0
2.185117483139038,0,0.0,0.0,0.0,0.0,0.0,0.0,0.0,0.0,0.03,0,0,0,0,0,0,0,0,0,0,0,0,0,0,0,0,0,0,0,0,0
2.1862568855285645,0,0.0,0.0,0.0,0.0,0.0,0.0,0.0,0.0,0.03,0,0,0,0,0,0,0,0,0,0,0,0,0,0,0,0,0,0,0,0,0
2.187713623046875,0,0.0,0.0,0.0,0.0,0.0,0.0,0.0,0.0,0.03,0,0,0,0,0,0,0,0,0,0,0,0,0,0,0,0,0,0,0,0,0
2.188904285430908,0,0.0,0.0,0.0,0.0,0.0,0.0,0.0,0.0,0.03,0,0,0,0,0,0,0,0,0,0,0,0,0,0,0,0,0,0,0,0,0
2.1911284923553467,0,0.0,0.0,0.0,0.0,0.0,0.0,0.0,0.0,0.03,0,0,0,0,0,0,0,0,0,0,0,0,0,0,0,0,0,0,0,0,0
2.1927480697631836,0,0.0,0.0,0.0,0.0,0.0,0.0,0.0,0.0,0.03,0,0,0,0,0,0,0,0,0,0,0,0,0,0,0,0,0,0,0,0,0
2.1942336559295654,0,0.0,0.0,0.0,0.0,0.0,0.0,0.0,0.0,0.03,0,0,0,0,0,0,0,0,0,0,0,0,0,0,0,0,0,0,0,0,0
2.196373701095581,0,0.0,0.0,0.0,0.0,0.0,0.0,0.0,0.0,0.03,0,0,0,0,0,0,0,0,0,0,0,0,0,0,0,0,0,0,0,0,0
2.197521924972534,0,0.0,0.0,0.0,0.0,0.0,0.0,0.0,0.0,0.03,0,0,0,0,0,0,0,0,0,0,0,0,0,0,0,0,0,0,0,0,0
2.1987802982330322,0,0.0,0.0,0.0,0.0,0.0,0.0,0.0,0.0,0.03,0,0,0,0,0,0,0,0,0,0,0,0,0,0,0,0,0,0,0,0,0
2.200618028640747,0,0.0,0.0,0.0,0.0,0.0,0.0,0.0,0.0,0.03,0,0,0,0,0,0,0,0,0,0,0,0,0,0,0,0,0,0,0,0,0
2.2017550468444824,0,0.0,0.0,0.0,0.0,0.0,0.0,0.0,0.0,0.03,0,0,0,0,0,0,0,0,0,0,0,0,0,0,0,0,0,0,0,0,0
2.202843189239502,0,0.0,0.0,0.0,0.0,0.0,0.0,0.0,0.0,0.03,0,0,0,0,0,0,0,0,0,0,0,0,0,0,0,0,0,0,0,0,0
2.2039201259613037,0,0.0,0.0,0.0,0.0,0.0,0.0,0.0,0.0,0.03,0,0,0,0,0,0,0,0,0,0,0,0,0,0,0,0,0,0,0,0,0
2.2050154209136963,0,0.0,0.0,0.0,0.0,0.0,0.0,0.0,0.0,0.03,0,0,0,0,0,0,0,0,0,0,0,0,0,0,0,0,0,0,0,0,0
2.20626163482666,0,0.0,0.0,0.0,0.0,0.0,0.0,0.0,0.0,0.03,0,0,0,0,0,0,0,0,0,0,0,0,0,0,0,0,0,0,0,0,0
2.207350015640259,0,0.0,0.0,0.0,0.0,0.0,0.0,0.0,0.0,0.03,0,0,0,0,0,0,0,0,0,0,0,0,0,0,0,0,0,0,0,0,0
2.2088398933410645,0,0.0,0.0,0.0,0.0,0.0,0.0,0.0,0.0,0.03,0,0,0,0,0,0,0,0,0,0,0,0,0,0,0,0,0,0,0,0,0
2.2103168964385986,0,0.0,0.0,0.0,0.0,0.0,0.0,0.0,0.0,0.03,0,0,0,0,0,0,0,0,0,0,0,0,0,0,0,0,0,0,0,0,0
2.2118918895721436,0,0.0,0.0,0.0,0.0,0.0,0.0,0.0,0.0,0.03,0,0,0,0,0,0,0,0,0,0,0,0,0,0,0,0,0,0,0,0,0
2.213148355484009,0,0.0,0.0,0.0,0.0,0.0,0.0,0.0,0.0,0.03,0,0,0,0,0,0,0,0,0,0,0,0,0,0,0,0,0,0,0,0,0
2.2143967151641846,0,0.0,0.0,0.0,0.0,0.0,0.0,0.0,0.0,0.03,0,0,0,0,0,0,0,0,0,0,0,0,0,0,0,0,0,0,0,0,0
2.215918779373169,0,0.0,0.0,0.0,0.0,0.0,0.0,0.0,0.0,0.03,0,0,0,0,0,0,0,0,0,0,0,0,0,0,0,0,0,0,0,0,0
2.2174761295318604,0,0.0,0.0,0.0,0.0,0.0,0.0,0.0,0.0,0.03,0,0,0,0,0,0,0,0,0,0,0,0,0,0,0,0,0,0,0,0,0
2.2185707092285156,0,0.0,0.0,0.0,0.0,0.0,0.0,0.0,0.0,0.03,0,0,0,0,0,0,0,0,0,0,0,0,0,0,0,0,0,0,0,0,0
2.220170259475708,0,0.0,0.0,0.0,0.0,0.0,0.0,0.0,0.0,0.03,0,0,0,0,0,0,0,0,0,0,0,0,0,0,0,0,0,0,0,0,0
2.221264600753784,0,0.0,0.0,0.0,0.0,0.0,0.0,0.0,0.0,0.03,0,0,0,0,0,0,0,0,0,0,0,0,0,0,0,0,0,0,0,0,0
2.2223615646362305,0,0.0,0.0,0.0,0.0,0.0,0.0,0.0,0.0,0.03,0,0,0,0,0,0,0,0,0,0,0,0,0,0,0,0,0,0,0,0,0
2.2237067222595215,0,0.0,0.0,0.0,0.0,0.0,0.0,0.0,0.0,0.03,0,0,0,0,0,0,0,0,0,0,0,0,0,0,0,0,0,0,0,0,0
2.2247941493988037,0,0.0,0.0,0.0,0.0,0.0,0.0,0.0,0.0,0.03,0,0,0,0,0,0,0,0,0,0,0,0,0,0,0,0,0,0,0,0,0
2.2258963584899902,0,0.0,0.0,0.0,0.0,0.0,0.0,0.0,0.0,0.03,0,0,0,0,0,0,0,0,0,0,0,0,0,0,0,0,0,0,0,0,0
2.227264881134033,0,0.0,0.0,0.0,0.0,0.0,0.0,0.0,0.0,0.03,0,0,0,0,0,0,0,0,0,0,0,0,0,0,0,0,0,0,0,0,0
2.2287778854370117,0,0.0,0.0,0.0,0.0,0.0,0.0,0.0,0.0,0.03,0,0,0,0,0,0,0,0,0,0,0,0,0,0,0,0,0,0,0,0,0
2.230003595352173,0,0.0,0.0,0.0,0.0,0.0,0.0,0.0,0.0,0.03,0,0,0,0,0,0,0,0,0,0,0,0,0,0,0,0,0,0,0,0,0
2.2312676906585693,0,0.0,0.0,0.0,0.0,0.0,0.0,0.0,0.0,0.03,0,0,0,0,0,0,0,0,0,0,0,0,0,0,0,0,0,0,0,0,0
2.232842445373535,0,0.0,0.0,0.0,0.0,0.0,0.0,0.0,0.0,0.03,0,0,0,0,0,0,0,0,0,0,0,0,0,0,0,0,0,0,0,0,0
2.234300374984741,0,0.0,0.0,0.0,0.0,0.0,0.0,0.0,0.0,0.03,0,0,0,0,0,0,0,0,0,0,0,0,0,0,0,0,0,0,0,0,0
2.235398054122925,0,0.0,0.0,0.0,0.0,0.0,0.0,0.0,0.0,0.03,0,0,0,0,0,0,0,0,0,0,0,0,0,0,0,0,0,0,0,0,0
2.237081527709961,0,0.0,0.0,0.0,0.0,0.0,0.0,0.0,0.0,0.03,0,0,0,0,0,0,0,0,0,0,0,0,0,0,0,0,0,0,0,0,0
2.2383193969726562,0,0.0,0.0,0.0,0.0,0.0,0.0,0.0,0.0,0.03,0,0,0,0,0,0,0,0,0,0,0,0,0,0,0,0,0,0,0,0,0
2.2407054901123047,0,0.0,0.0,0.0,0.0,0.0,0.0,0.0,0.0,0.03,0,0,0,0,0,0,0,0,0,0,0,0,0,0,0,0,0,0,0,0,0
2.241861581802368,0,0.0,0.0,0.0,0.0,0.0,0.0,0.0,0.0,0.03,0,0,0,0,0,0,0,0,0,0,0,0,0,0,0,0,0,0,0,0,0
2.242987632751465,0,0.0,0.0,0.0,0.0,0.0,0.0,0.0,0.0,0.03,0,0,0,0,0,0,0,0,0,0,0,0,0,0,0,0,0,0,0,0,0
2.2445015907287598,0,0.0,0.0,0.0,0.0,0.0,0.0,0.0,0.0,0.03,0,0,0,0,0,0,0,0,0,0,0,0,0,0,0,0,0,0,0,0,0
2.2465012073516846,0,0.0,0.0,0.0,0.0,0.0,0.0,0.0,0.0,0.03,0,0,0,0,0,0,0,0,0,0,0,0,0,0,0,0,0,0,0,0,0
2.248180389404297,0,0.0,0.0,0.0,0.0,0.0,0.0,0.0,0.0,0.03,0,0,0,0,0,0,0,0,0,0,0,0,0,0,0,0,0,0,0,0,0
2.249330997467041,0,0.0,0.0,0.0,0.0,0.0,0.0,0.0,0.0,0.03,0,0,0,0,0,0,0,0,0,0,0,0,0,0,0,0,0,0,0,0,0
2.2504377365112305,0,0.0,0.0,0.0,0.0,0.0,0.0,0.0,0.0,0.03,0,0,0,0,0,0,0,0,0,0,0,0,0,0,0,0,0,0,0,0,0
2.2520339488983154,0,0.0,0.0,0.0,0.0,0.0,0.0,0.0,0.0,0.03,0,0,0,0,0,0,0,0,0,0,0,0,0,0,0,0,0,0,0,0,0
2.2534890174865723,0,0.0,0.0,0.0,0.0,0.0,0.0,0.0,0.0,0.03,0,0,0,0,0,0,0,0,0,0,0,0,0,0,0,0,0,0,0,0,0
2.2545933723449707,0,0.0,0.0,0.0,0.0,0.0,0.0,0.0,0.0,0.03,0,0,0,0,0,0,0,0,0,0,0,0,0,0,0,0,0,0,0,0,0
2.256533145904541,0,0.0,0.0,0.0,0.0,0.0,0.0,0.0,0.0,0.03,0,0,0,0,0,0,0,0,0,0,0,0,0,0,0,0,0,0,0,0,0
2.257628917694092,0,0.0,0.0,0.0,0.0,0.0,0.0,0.0,0.0,0.03,0,0,0,0,0,0,0,0,0,0,0,0,0,0,0,0,0,0,0,0,0
2.2587897777557373,0,0.0,0.0,0.0,0.0,0.0,0.0,0.0,0.0,0.03,0,0,0,0,0,0,0,0,0,0,0,0,0,0,0,0,0,0,0,0,0
2.259883165359497,0,0.0,0.0,0.0,0.0,0.0,0.0,0.0,0.0,0.03,0,0,0,0,0,0,0,0,0,0,0,0,0,0,0,0,0,0,0,0,0
2.2610936164855957,0,0.0,0.0,0.0,0.0,0.0,0.0,0.0,0.0,0.03,0,0,0,0,0,0,0,0,0,0,0,0,0,0,0,0,0,0,0,0,0
2.262293815612793,0,0.0,0.0,0.0,0.0,0.0,0.0,0.0,0.0,0.03,0,0,0,0,0,0,0,0,0,0,0,0,0,0,0,0,0,0,0,0,0
2.2640838623046875,0,0.0,0.0,0.0,0.0,0.0,0.0,0.0,0.0,0.03,0,0,0,0,0,0,0,0,0,0,0,0,0,0,0,0,0,0,0,0,0
2.2653615474700928,0,0.0,0.0,0.0,0.0,0.0,0.0,0.0,0.0,0.03,0,0,0,0,0,0,0,0,0,0,0,0,0,0,0,0,0,0,0,0,0
2.2686524391174316,0,0.0,0.0,0.0,0.0,0.0,0.0,0.0,0.0,0.03,0,0,0,0,0,0,0,0,0,0,0,0,0,0,0,0,0,0,0,0,0
2.2700135707855225,0,0.0,0.0,0.0,0.0,0.0,0.0,0.0,0.0,0.03,0,0,0,0,0,0,0,0,0,0,0,0,0,0,0,0,0,0,0,0,0
2.271178960800171,0,0.0,0.0,0.0,0.0,0.0,0.0,0.0,0.0,0.03,0,0,0,0,0,0,0,0,0,0,0,0,0,0,0,0,0,0,0,0,0
2.272265911102295,0,0.0,0.0,0.0,0.0,0.0,0.0,0.0,0.0,0.03,0,0,0,0,0,0,0,0,0,0,0,0,0,0,0,0,0,0,0,0,0
2.27360200881958,0,0.0,0.0,0.0,0.0,0.0,0.0,0.0,0.0,0.03,0,0,0,0,0,0,0,0,0,0,0,0,0,0,0,0,0,0,0,0,0
2.2747724056243896,0,0.0,0.0,0.0,0.0,0.0,0.0,0.0,0.0,0.03,0,0,0,0,0,0,0,0,0,0,0,0,0,0,0,0,0,0,0,0,0
2.2761847972869873,0,0.0,0.0,0.0,0.0,0.0,0.0,0.0,0.0,0.03,0,0,0,0,0,0,0,0,0,0,0,0,0,0,0,0,0,0,0,0,0
2.2773630619049072,0,0.0,0.0,0.0,0.0,0.0,0.0,0.0,0.0,0.03,0,0,0,0,0,0,0,0,0,0,0,0,0,0,0,0,0,0,0,0,0
2.2785699367523193,0,0.0,0.0,0.0,0.0,0.0,0.0,0.0,0.0,0.03,0,0,0,0,0,0,0,0,0,0,0,0,0,0,0,0,0,0,0,0,0
2.2796661853790283,0,0.0,0.0,0.0,0.0,0.0,0.0,0.0,0.0,0.03,0,0,0,0,0,0,0,0,0,0,0,0,0,0,0,0,0,0,0,0,0
2.2807857990264893,0,0.0,0.0,0.0,0.0,0.0,0.0,0.0,0.0,0.03,0,0,0,0,0,0,0,0,0,0,0,0,0,0,0,0,0,0,0,0,0
2.2818756103515625,0,0.0,0.0,0.0,0.0,0.0,0.0,0.0,0.0,0.03,0,0,0,0,0,0,0,0,0,0,0,0,0,0,0,0,0,0,0,0,0
2.283149003982544,0,0.0,0.0,0.0,0.0,0.0,0.0,0.0,0.0,0.03,0,0,0,0,0,0,0,0,0,0,0,0,0,0,0,0,0,0,0,0,0
2.2843217849731445,0,0.0,0.0,0.0,0.0,0.0,0.0,0.0,0.0,0.03,0,0,0,0,0,0,0,0,0,0,0,0,0,0,0,0,0,0,0,0,0
2.285874128341675,0,0.0,0.0,0.0,0.0,0.0,0.0,0.0,0.0,0.03,0,0,0,0,0,0,0,0,0,0,0,0,0,0,0,0,0,0,0,0,0
2.2873024940490723,0,0.0,0.0,0.0,0.0,0.0,0.0,0.0,0.0,0.03,0,0,0,0,0,0,0,0,0,0,0,0,0,0,0,0,0,0,0,0,0
2.2885613441467285,0,0.0,0.0,0.0,0.0,0.0,0.0,0.0,0.0,0.03,0,0,0,0,0,0,0,0,0,0,0,0,0,0,0,0,0,0,0,0,0
2.2899112701416016,0,0.0,0.0,0.0,0.0,0.0,0.0,0.0,0.0,0.03,0,0,0,0,0,0,0,0,0,0,0,0,0,0,0,0,0,0,0,0,0
2.2917206287384033,0,0.0,0.0,0.0,0.0,0.0,0.0,0.0,0.0,0.03,0,0,0,0,0,0,0,0,0,0,0,0,0,0,0,0,0,0,0,0,0
2.293060064315796,0,0.0,0.0,0.0,0.0,0.0,0.0,0.0,0.0,0.03,0,0,0,0,0,0,0,0,0,0,0,0,0,0,0,0,0,0,0,0,0
2.294175863265991,0,0.0,0.0,0.0,0.0,0.0,0.0,0.0,0.0,0.03,0,0,0,0,0,0,0,0,0,0,0,0,0,0,0,0,0,0,0,0,0
2.2953014373779297,0,0.0,0.0,0.0,0.0,0.0,0.0,0.0,0.0,0.03,0,0,0,0,0,0,0,0,0,0,0,0,0,0,0,0,0,0,0,0,0
2.296433210372925,0,0.0,0.0,0.0,0.0,0.0,0.0,0.0,0.0,0.03,0,0,0,0,0,0,0,0,0,0,0,0,0,0,0,0,0,0,0,0,0
2.2976813316345215,0,0.0,0.0,0.0,0.0,0.0,0.0,0.0,0.0,0.03,0,0,0,0,0,0,0,0,0,0,0,0,0,0,0,0,0,0,0,0,0
2.301572799682617,0,0.0,0.0,0.0,0.0,0.0,0.0,0.0,0.0,0.03,0,0,0,0,0,0,0,0,0,0,0,0,0,0,0,0,0,0,0,0,0
2.3026769161224365,0,0.0,0.0,0.0,0.0,0.0,0.0,0.0,0.0,0.03,0,0,0,0,0,0,0,0,0,0,0,0,0,0,0,0,0,0,0,0,0
2.303978443145752,0,0.0,0.0,0.0,0.0,0.0,0.0,0.0,0.0,0.03,0,0,0,0,0,0,0,0,0,0,0,0,0,0,0,0,0,0,0,0,0
2.305408000946045,0,0.0,0.0,0.0,0.0,0.0,0.0,0.0,0.0,0.03,0,0,0,0,0,0,0,0,0,0,0,0,0,0,0,0,0,0,0,0,0
2.307072162628174,0,0.0,0.0,0.0,0.0,0.0,0.0,0.0,0.0,0.03,0,0,0,0,0,0,0,0,0,0,0,0,0,0,0,0,0,0,0,0,0
2.310053825378418,0,0.0,0.0,0.0,0.0,0.0,0.0,0.0,0.0,0.03,0,0,0,0,0,0,0,0,0,0,0,0,0,0,0,0,0,0,0,0,0
2.31137752532959,0,0.0,0.0,0.0,0.0,0.0,0.0,0.0,0.0,0.03,0,0,0,0,0,0,0,0,0,0,0,0,0,0,0,0,0,0,0,0,0
2.312636375427246,0,0.0,0.0,0.0,0.0,0.0,0.0,0.0,0.0,0.03,0,0,0,0,0,0,0,0,0,0,0,0,0,0,0,0,0,0,0,0,0
2.3137218952178955,0,0.0,0.0,0.0,0.0,0.0,0.0,0.0,0.0,0.03,0,0,0,0,0,0,0,0,0,0,0,0,0,0,0,0,0,0,0,0,0
2.316152334213257,0,0.0,0.0,0.0,0.0,0.0,0.0,0.0,0.0,0.03,0,0,0,0,0,0,0,0,0,0,0,0,0,0,0,0,0,0,0,0,0
2.3177199363708496,0,0.0,0.0,0.0,0.0,0.0,0.0,0.0,0.0,0.03,0,0,0,0,0,0,0,0,0,0,0,0,0,0,0,0,0,0,0,0,0
2.3189008235931396,0,0.0,0.0,0.0,0.0,0.0,0.0,0.0,0.0,0.03,0,0,0,0,0,0,0,0,0,0,0,0,0,0,0,0,0,0,0,0,0
2.320740222930908,0,0.0,0.0,0.0,0.0,0.0,0.0,0.0,0.0,0.03,0,0,0,0,0,0,0,0,0,0,0,0,0,0,0,0,0,0,0,0,0
2.322124719619751,0,0.0,0.0,0.0,0.0,0.0,0.0,0.0,0.0,0.03,0,0,0,0,0,0,0,0,0,0,0,0,0,0,0,0,0,0,0,0,0
2.3233437538146973,0,0.0,0.0,0.0,0.0,0.0,0.0,0.0,0.0,0.03,0,0,0,0,0,0,0,0,0,0,0,0,0,0,0,0,0,0,0,0,0
2.3244264125823975,0,0.0,0.0,0.0,0.0,0.0,0.0,0.0,0.0,0.03,0,0,0,0,0,0,0,0,0,0,0,0,0,0,0,0,0,0,0,0,0
2.3258092403411865,0,0.0,0.0,0.0,0.0,0.0,0.0,0.0,0.0,0.03,0,0,0,0,0,0,0,0,0,0,0,0,0,0,0,0,0,0,0,0,0
2.3271031379699707,0,0.0,0.0,0.0,0.0,0.0,0.0,0.0,0.0,0.03,0,0,0,0,0,0,0,0,0,0,0,0,0,0,0,0,0,0,0,0,0
2.328268527984619,0,0.0,0.0,0.0,0.0,0.0,0.0,0.0,0.0,0.03,0,0,0,0,0,0,0,0,0,0,0,0,0,0,0,0,0,0,0,0,0
2.330245018005371,0,0.0,0.0,0.0,0.0,0.0,0.0,0.0,0.0,0.03,0,0,0,0,0,0,0,0,0,0,0,0,0,0,0,0,0,0,0,0,0
2.331883430480957,0,0.0,0.0,0.0,0.0,0.0,0.0,0.0,0.0,0.03,0,0,0,0,0,0,0,0,0,0,0,0,0,0,0,0,0,0,0,0,0
2.3335132598876953,0,0.0,0.0,0.0,0.0,0.0,0.0,0.0,0.0,0.03,0,0,0,0,0,0,0,0,0,0,0,0,0,0,0,0,0,0,0,0,0
2.3347527980804443,0,0.0,0.0,0.0,0.0,0.0,0.0,0.0,0.0,0.03,0,0,0,0,0,0,0,0,0,0,0,0,0,0,0,0,0,0,0,0,0
2.33636736869812,0,0.0,0.0,0.0,0.0,0.0,0.0,0.0,0.0,0.03,0,0,0,0,0,0,0,0,0,0,0,0,0,0,0,0,0,0,0,0,0
2.3382818698883057,0,0.0,0.0,0.0,0.0,0.0,0.0,0.0,0.0,0.03,0,0,0,0,0,0,0,0,0,0,0,0,0,0,0,0,0,0,0,0,0
2.3393688201904297,0,0.0,0.0,0.0,0.0,0.0,0.0,0.0,0.0,0.03,0,0,0,0,0,0,0,0,0,0,0,0,0,0,0,0,0,0,0,0,0
2.3405709266662598,0,0.0,0.0,0.0,0.0,0.0,0.0,0.0,0.0,0.03,0,0,0,0,0,0,0,0,0,0,0,0,0,0,0,0,0,0,0,0,0
2.3420445919036865,0,0.0,0.0,0.0,0.0,0.0,0.0,0.0,0.0,0.03,0,0,0,0,0,0,0,0,0,0,0,0,0,0,0,0,0,0,0,0,0
2.3432655334472656,0,0.0,0.0,0.0,0.0,0.0,0.0,0.0,0.0,0.03,0,0,0,0,0,0,0,0,0,0,0,0,0,0,0,0,0,0,0,0,0
2.344353675842285,0,0.0,0.0,0.0,0.0,0.0,0.0,0.0,0.0,0.03,0,0,0,0,0,0,0,0,0,0,0,0,0,0,0,0,0,0,0,0,0
2.3454415798187256,0,0.0,0.0,0.0,0.0,0.0,0.0,0.0,0.0,0.03,0,0,0,0,0,0,0,0,0,0,0,0,0,0,0,0,0,0,0,0,0
2.346923351287842,0,0.0,0.0,0.0,0.0,0.0,0.0,0.0,0.0,0.03,0,0,0,0,0,0,0,0,0,0,0,0,0,0,0,0,0,0,0,0,0
2.348400831222534,0,0.0,0.0,0.0,0.0,0.0,0.0,0.0,0.0,0.03,0,0,0,0,0,0,0,0,0,0,0,0,0,0,0,0,0,0,0,0,0
2.3499670028686523,0,0.0,0.0,0.0,0.0,0.0,0.0,0.0,0.0,0.03,0,0,0,0,0,0,0,0,0,0,0,0,0,0,0,0,0,0,0,0,0
2.351274013519287,0,0.0,0.0,0.0,0.0,0.0,0.0,0.0,0.0,0.03,0,0,0,0,0,0,0,0,0,0,0,0,0,0,0,0,0,0,0,0,0
2.3525030612945557,0,0.0,0.0,0.0,0.0,0.0,0.0,0.0,0.0,0.03,0,0,0,0,0,0,0,0,0,0,0,0,0,0,0,0,0,0,0,0,0
2.3542237281799316,0,0.0,0.0,0.0,0.0,0.0,0.0,0.0,0.0,0.03,0,0,0,0,0,0,0,0,0,0,0,0,0,0,0,0,0,0,0,0,0
2.355607271194458,0,0.0,0.0,0.0,0.0,0.0,0.0,0.0,0.0,0.03,0,0,0,0,0,0,0,0,0,0,0,0,0,0,0,0,0,0,0,0,0
2.356703519821167,0,0.0,0.0,0.0,0.0,0.0,0.0,0.0,0.0,0.03,0,0,0,0,0,0,0,0,0,0,0,0,0,0,0,0,0,0,0,0,0
2.357950210571289,0,0.0,0.0,0.0,0.0,0.0,0.0,0.0,0.0,0.03,0,0,0,0,0,0,0,0,0,0,0,0,0,0,0,0,0,0,0,0,0
2.359102725982666,0,0.0,0.0,0.0,0.0,0.0,0.0,0.0,0.0,0.03,0,0,0,0,0,0,0,0,0,0,0,0,0,0,0,0,0,0,0,0,0
2.3601901531219482,0,0.0,0.0,0.0,0.0,0.0,0.0,0.0,0.0,0.03,0,0,0,0,0,0,0,0,0,0,0,0,0,0,0,0,0,0,0,0,0
2.361311912536621,0,0.0,0.0,0.0,0.0,0.0,0.0,0.0,0.0,0.03,0,0,0,0,0,0,0,0,0,0,0,0,0,0,0,0,0,0,0,0,0
2.3628690242767334,0,0.0,0.0,0.0,0.0,0.0,0.0,0.0,0.0,0.03,0,0,0,0,0,0,0,0,0,0,0,0,0,0,0,0,0,0,0,0,0
2.3643627166748047,0,0.0,0.0,0.0,0.0,0.0,0.0,0.0,0.0,0.03,0,0,0,0,0,0,0,0,0,0,0,0,0,0,0,0,0,0,0,0,0
2.366161346435547,0,0.0,0.0,0.0,0.0,0.0,0.0,0.0,0.0,0.03,0,0,0,0,0,0,0,0,0,0,0,0,0,0,0,0,0,0,0,0,0
2.3678388595581055,0,0.0,0.0,0.0,0.0,0.0,0.0,0.0,0.0,0.03,0,0,0,0,0,0,0,0,0,0,0,0,0,0,0,0,0,0,0,0,0
2.3694822788238525,0,0.0,0.0,0.0,0.0,0.0,0.0,0.0,0.0,0.03,0,0,0,0,0,0,0,0,0,0,0,0,0,0,0,0,0,0,0,0,0
2.3709661960601807,0,0.0,0.0,0.0,0.0,0.0,0.0,0.0,0.0,0.03,0,0,0,0,0,0,0,0,0,0,0,0,0,0,0,0,0,0,0,0,0
2.3723416328430176,0,0.0,0.0,0.0,0.0,0.0,0.0,0.0,0.0,0.03,0,0,0,0,0,0,0,0,0,0,0,0,0,0,0,0,0,0,0,0,0
2.3743958473205566,0,0.0,0.0,0.0,0.0,0.0,0.0,0.0,0.0,0.03,0,0,0,0,0,0,0,0,0,0,0,0,0,0,0,0,0,0,0,0,0
2.375528335571289,0,0.0,0.0,0.0,0.0,0.0,0.0,0.0,0.0,0.03,0,0,0,0,0,0,0,0,0,0,0,0,0,0,0,0,0,0,0,0,0
2.377573013305664,0,0.0,0.0,0.0,0.0,0.0,0.0,0.0,0.0,0.03,0,0,0,0,0,0,0,0,0,0,0,0,0,0,0,0,0,0,0,0,0
2.3786697387695312,0,0.0,0.0,0.0,0.0,0.0,0.0,0.0,0.0,0.03,0,0,0,0,0,0,0,0,0,0,0,0,0,0,0,0,0,0,0,0,0
2.3797314167022705,0,0.0,0.0,0.0,0.0,0.0,0.0,0.0,0.0,0.03,0,0,0,0,0,0,0,0,0,0,0,0,0,0,0,0,0,0,0,0,0
2.380859136581421,0,0.0,0.0,0.0,0.0,0.0,0.0,0.0,0.0,0.03,0,0,0,0,0,0,0,0,0,0,0,0,0,0,0,0,0,0,0,0,0
2.381924867630005,0,0.0,0.0,0.0,0.0,0.0,0.0,0.0,0.0,0.03,0,0,0,0,0,0,0,0,0,0,0,0,0,0,0,0,0,0,0,0,0
2.383087635040283,0,0.0,0.0,0.0,0.0,0.0,0.0,0.0,0.0,0.03,0,0,0,0,0,0,0,0,0,0,0,0,0,0,0,0,0,0,0,0,0
2.3841774463653564,0,0.0,0.0,0.0,0.0,0.0,0.0,0.0,0.0,0.03,0,0,0,0,0,0,0,0,0,0,0,0,0,0,0,0,0,0,0,0,0
2.3854408264160156,0,0.0,0.0,0.0,0.0,0.0,0.0,0.0,0.0,0.03,0,0,0,0,0,0,0,0,0,0,0,0,0,0,0,0,0,0,0,0,0
2.3869822025299072,0,0.0,0.0,0.0,0.0,0.0,0.0,0.0,0.0,0.03,0,0,0,0,0,0,0,0,0,0,0,0,0,0,0,0,0,0,0,0,0
2.3885159492492676,0,0.0,0.0,0.0,0.0,0.0,0.0,0.0,0.0,0.03,0,0,0,0,0,0,0,0,0,0,0,0,0,0,0,0,0,0,0,0,0
2.389920473098755,0,0.0,0.0,0.0,0.0,0.0,0.0,0.0,0.0,0.03,0,0,0,0,0,0,0,0,0,0,0,0,0,0,0,0,0,0,0,0,0
2.3910417556762695,0,0.0,0.0,0.0,0.0,0.0,0.0,0.0,0.0,0.03,0,0,0,0,0,0,0,0,0,0,0,0,0,0,0,0,0,0,0,0,0
2.392216205596924,0,0.0,0.0,0.0,0.0,0.0,0.0,0.0,0.0,0.03,0,0,0,0,0,0,0,0,0,0,0,0,0,0,0,0,0,0,0,0,0
2.393432855606079,0,0.0,0.0,0.0,0.0,0.0,0.0,0.0,0.0,0.03,0,0,0,0,0,0,0,0,0,0,0,0,0,0,0,0,0,0,0,0,0
2.394681215286255,0,0.0,0.0,0.0,0.0,0.0,0.0,0.0,0.0,0.03,0,0,0,0,0,0,0,0,0,0,0,0,0,0,0,0,0,0,0,0,0
2.3957717418670654,0,0.0,0.0,0.0,0.0,0.0,0.0,0.0,0.0,0.03,0,0,0,0,0,0,0,0,0,0,0,0,0,0,0,0,0,0,0,0,0
2.3976340293884277,0,0.0,0.0,0.0,0.0,0.0,0.0,0.0,0.0,0.03,0,0,0,0,0,0,0,0,0,0,0,0,0,0,0,0,0,0,0,0,0
2.3988020420074463,0,0.0,0.0,0.0,0.0,0.0,0.0,0.0,0.0,0.03,0,0,0,0,0,0,0,0,0,0,0,0,0,0,0,0,0,0,0,0,0
2.3999531269073486,0,0.0,0.0,0.0,0.0,0.0,0.0,0.0,0.0,0.03,0,0,0,0,0,0,0,0,0,0,0,0,0,0,0,0,0,0,0,0,0
2.4010307788848877,0,0.0,0.0,0.0,0.0,0.0,0.0,0.0,0.0,0.03,0,0,0,0,0,0,0,0,0,0,0,0,0,0,0,0,0,0,0,0,0
2.402114152908325,0,0.0,0.0,0.0,0.0,0.0,0.0,0.0,0.0,0.03,0,0,0,0,0,0,0,0,0,0,0,0,0,0,0,0,0,0,0,0,0
2.4032583236694336,0,0.0,0.0,0.0,0.0,0.0,0.0,0.0,0.0,0.03,0,0,0,0,0,0,0,0,0,0,0,0,0,0,0,0,0,0,0,0,0
2.4043970108032227,0,0.0,0.0,0.0,0.0,0.0,0.0,0.0,0.0,0.03,0,0,0,0,0,0,0,0,0,0,0,0,0,0,0,0,0,0,0,0,0
2.4068517684936523,0,0.0,0.0,0.0,0.0,0.0,0.0,0.0,0.0,0.03,0,0,0,0,0,0,0,0,0,0,0,0,0,0,0,0,0,0,0,0,0
2.408308744430542,0,0.0,0.0,0.0,0.0,0.0,0.0,0.0,0.0,0.03,0,0,0,0,0,0,0,0,0,0,0,0,0,0,0,0,0,0,0,0,0
2.4104156494140625,0,0.0,0.0,0.0,0.0,0.0,0.0,0.0,0.0,0.03,0,0,0,0,0,0,0,0,0,0,0,0,0,0,0,0,0,0,0,0,0
2.4117748737335205,0,0.0,0.0,0.0,0.0,0.0,0.0,0.0,0.0,0.03,0,0,0,0,0,0,0,0,0,0,0,0,0,0,0,0,0,0,0,0,0
2.4128403663635254,0,0.0,0.0,0.0,0.0,0.0,0.0,0.0,0.0,0.03,0,0,0,0,0,0,0,0,0,0,0,0,0,0,0,0,0,0,0,0,0
2.4141249656677246,0,0.0,0.0,0.0,0.0,0.0,0.0,0.0,0.0,0.03,0,0,0,0,0,0,0,0,0,0,0,0,0,0,0,0,0,0,0,0,0
2.415250778198242,0,0.0,0.0,0.0,0.0,0.0,0.0,0.0,0.0,0.03,0,0,0,0,0,0,0,0,0,0,0,0,0,0,0,0,0,0,0,0,0
2.4190077781677246,0,0.0,0.0,0.0,0.0,0.0,0.0,0.0,0.0,0.03,0,0,0,0,0,0,0,0,0,0,0,0,0,0,0,0,0,0,0,0,0
2.4205095767974854,0,0.0,0.0,0.0,0.0,0.0,0.0,0.0,0.0,0.03,0,0,0,0,0,0,0,0,0,0,0,0,0,0,0,0,0,0,0,0,0
2.4223239421844482,0,0.0,0.0,0.0,0.0,0.0,0.0,0.0,0.0,0.03,0,0,0,0,0,0,0,0,0,0,0,0,0,0,0,0,0,0,0,0,0
2.423995018005371,0,0.0,0.0,0.0,0.0,0.0,0.0,0.0,0.0,0.03,0,0,0,0,0,0,0,0,0,0,0,0,0,0,0,0,0,0,0,0,0
2.4256560802459717,0,0.0,0.0,0.0,0.0,0.0,0.0,0.0,0.0,0.03,0,0,0,0,0,0,0,0,0,0,0,0,0,0,0,0,0,0,0,0,0
2.4267516136169434,0,0.0,0.0,0.0,0.0,0.0,0.0,0.0,0.0,0.03,0,0,0,0,0,0,0,0,0,0,0,0,0,0,0,0,0,0,0,0,0
2.4281604290008545,0,0.0,0.0,0.0,0.0,0.0,0.0,0.0,0.0,0.03,0,0,0,0,0,0,0,0,0,0,0,0,0,0,0,0,0,0,0,0,0
2.4292709827423096,0,0.0,0.0,0.0,0.0,0.0,0.0,0.0,0.0,0.03,0,0,0,0,0,0,0,0,0,0,0,0,0,0,0,0,0,0,0,0,0
2.4314730167388916,0,0.0,0.0,0.0,0.0,0.0,0.0,0.0,0.0,0.03,0,0,0,0,0,0,0,0,0,0,0,0,0,0,0,0,0,0,0,0,0
2.4327638149261475,0,0.0,0.0,0.0,0.0,0.0,0.0,0.0,0.0,0.03,0,0,0,0,0,0,0,0,0,0,0,0,0,0,0,0,0,0,0,0,0
2.4342312812805176,0,0.0,0.0,0.0,0.0,0.0,0.0,0.0,0.0,0.03,0,0,0,0,0,0,0,0,0,0,0,0,0,0,0,0,0,0,0,0,0
2.4353818893432617,0,0.0,0.0,0.0,0.0,0.0,0.0,0.0,0.0,0.03,0,0,0,0,0,0,0,0,0,0,0,0,0,0,0,0,0,0,0,0,0
2.4364802837371826,0,0.0,0.0,0.0,0.0,0.0,0.0,0.0,0.0,0.03,0,0,0,0,0,0,0,0,0,0,0,0,0,0,0,0,0,0,0,0,0
2.4376065731048584,0,0.0,0.0,0.0,0.0,0.0,0.0,0.0,0.0,0.03,0,0,0,0,0,0,0,0,0,0,0,0,0,0,0,0,0,0,0,0,0
2.438725471496582,0,0.0,0.0,0.0,0.0,0.0,0.0,0.0,0.0,0.03,0,0,0,0,0,0,0,0,0,0,0,0,0,0,0,0,0,0,0,0,0
2.4400010108947754,0,0.0,0.0,0.0,0.0,0.0,0.0,0.0,0.0,0.03,0,0,0,0,0,0,0,0,0,0,0,0,0,0,0,0,0,0,0,0,0
2.441063404083252,0,0.0,0.0,0.0,0.0,0.0,0.0,0.0,0.0,0.03,0,0,0,0,0,0,0,0,0,0,0,0,0,0,0,0,0,0,0,0,0
2.4426305294036865,0,0.0,0.0,0.0,0.0,0.0,0.0,0.0,0.0,0.03,0,0,0,0,0,0,0,0,0,0,0,0,0,0,0,0,0,0,0,0,0
2.444114923477173,0,0.0,0.0,0.0,0.0,0.0,0.0,0.0,0.0,0.03,0,0,0,0,0,0,0,0,0,0,0,0,0,0,0,0,0,0,0,0,0
2.4457170963287354,0,0.0,0.0,0.0,0.0,0.0,0.0,0.0,0.0,0.03,0,0,0,0,0,0,0,0,0,0,0,0,0,0,0,0,0,0,0,0,0
2.4470207691192627,0,0.0,0.0,0.0,0.0,0.0,0.0,0.0,0.0,0.03,0,0,0,0,0,0,0,0,0,0,0,0,0,0,0,0,0,0,0,0,0
2.448110580444336,0,0.0,0.0,0.0,0.0,0.0,0.0,0.0,0.0,0.03,0,0,0,0,0,0,0,0,0,0,0,0,0,0,0,0,0,0,0,0,0
2.4496254920959473,0,0.0,0.0,0.0,0.0,0.0,0.0,0.0,0.0,0.03,0,0,0,0,0,0,0,0,0,0,0,0,0,0,0,0,0,0,0,0,0
2.45111346244812,0,0.0,0.0,0.0,0.0,0.0,0.0,0.0,0.0,0.03,0,0,0,0,0,0,0,0,0,0,0,0,0,0,0,0,0,0,0,0,0
2.4522030353546143,0,0.0,0.0,0.0,0.0,0.0,0.0,0.0,0.0,0.03,0,0,0,0,0,0,0,0,0,0,0,0,0,0,0,0,0,0,0,0,0
2.4532949924468994,0,0.0,0.0,0.0,0.0,0.0,0.0,0.0,0.0,0.03,0,0,0,0,0,0,0,0,0,0,0,0,0,0,0,0,0,0,0,0,0
2.4544548988342285,0,0.0,0.0,0.0,0.0,0.0,0.0,0.0,0.0,0.03,0,0,0,0,0,0,0,0,0,0,0,0,0,0,0,0,0,0,0,0,0
2.4555580615997314,0,0.0,0.0,0.0,0.0,0.0,0.0,0.0,0.0,0.03,0,0,0,0,0,0,0,0,0,0,0,0,0,0,0,0,0,0,0,0,0
2.4567649364471436,0,0.0,0.0,0.0,0.0,0.0,0.0,0.0,0.0,0.03,0,0,0,0,0,0,0,0,0,0,0,0,0,0,0,0,0,0,0,0,0
2.457871675491333,0,0.0,0.0,0.0,0.0,0.0,0.0,0.0,0.0,0.03,0,0,0,0,0,0,0,0,0,0,0,0,0,0,0,0,0,0,0,0,0
2.4589555263519287,0,0.0,0.0,0.0,0.0,0.0,0.0,0.0,0.0,0.03,0,0,0,0,0,0,0,0,0,0,0,0,0,0,0,0,0,0,0,0,0
2.4603662490844727,0,0.0,0.0,0.0,0.0,0.0,0.0,0.0,0.0,0.03,0,0,0,0,0,0,0,0,0,0,0,0,0,0,0,0,0,0,0,0,0
2.461794853210449,0,0.0,0.0,0.0,0.0,0.0,0.0,0.0,0.0,0.03,0,0,0,0,0,0,0,0,0,0,0,0,0,0,0,0,0,0,0,0,0
2.4634671211242676,0,0.0,0.0,0.0,0.0,0.0,0.0,0.0,0.0,0.03,0,0,0,0,0,0,0,0,0,0,0,0,0,0,0,0,0,0,0,0,0
2.464562177658081,0,0.0,0.0,0.0,0.0,0.0,0.0,0.0,0.0,0.03,0,0,0,0,0,0,0,0,0,0,0,0,0,0,0,0,0,0,0,0,0
2.465789318084717,0,0.0,0.0,0.0,0.0,0.0,0.0,0.0,0.0,0.03,0,0,0,0,0,0,0,0,0,0,0,0,0,0,0,0,0,0,0,0,0
2.4670891761779785,0,0.0,0.0,0.0,0.0,0.0,0.0,0.0,0.0,0.03,0,0,0,0,0,0,0,0,0,0,0,0,0,0,0,0,0,0,0,0,0
2.4688527584075928,0,0.0,0.0,0.0,0.0,0.0,0.0,0.0,0.0,0.03,0,0,0,0,0,0,0,0,0,0,0,0,0,0,0,0,0,0,0,0,0
2.470191717147827,0,0.0,0.0,0.0,0.0,0.0,0.0,0.0,0.0,0.03,0,0,0,0,0,0,0,0,0,0,0,0,0,0,0,0,0,0,0,0,0
2.4713692665100098,0,0.0,0.0,0.0,0.0,0.0,0.0,0.0,0.0,0.03,0,0,0,0,0,0,0,0,0,0,0,0,0,0,0,0,0,0,0,0,0
2.4727015495300293,0,0.0,0.0,0.0,0.0,0.0,0.0,0.0,0.0,0.03,0,0,0,0,0,0,0,0,0,0,0,0,0,0,0,0,0,0,0,0,0
2.4760146141052246,0,0.0,0.0,0.0,0.0,0.0,0.0,0.0,0.0,0.03,0,0,0,0,0,0,0,0,0,0,0,0,0,0,0,0,0,0,0,0,0
2.4774327278137207,0,0.0,0.0,0.0,0.0,0.0,0.0,0.0,0.0,0.03,0,0,0,0,0,0,0,0,0,0,0,0,0,0,0,0,0,0,0,0,0
2.478560209274292,0,0.0,0.0,0.0,0.0,0.0,0.0,0.0,0.0,0.03,0,0,0,0,0,0,0,0,0,0,0,0,0,0,0,0,0,0,0,0,0
2.4799723625183105,0,0.0,0.0,0.0,0.0,0.0,0.0,0.0,0.0,0.03,0,0,0,0,0,0,0,0,0,0,0,0,0,0,0,0,0,0,0,0,0
2.48140287399292,0,0.0,0.0,0.0,0.0,0.0,0.0,0.0,0.0,0.03,0,0,0,0,0,0,0,0,0,0,0,0,0,0,0,0,0,0,0,0,0
2.4828453063964844,0,0.0,0.0,0.0,0.0,0.0,0.0,0.0,0.0,0.03,0,0,0,0,0,0,0,0,0,0,0,0,0,0,0,0,0,0,0,0,0
2.4839346408843994,0,0.0,0.0,0.0,0.0,0.0,0.0,0.0,0.0,0.03,0,0,0,0,0,0,0,0,0,0,0,0,0,0,0,0,0,0,0,0,0
2.485297203063965,0,0.0,0.0,0.0,0.0,0.0,0.0,0.0,0.0,0.03,0,0,0,0,0,0,0,0,0,0,0,0,0,0,0,0,0,0,0,0,0
2.486765146255493,0,0.0,0.0,0.0,0.0,0.0,0.0,0.0,0.0,0.03,0,0,0,0,0,0,0,0,0,0,0,0,0,0,0,0,0,0,0,0,0
2.4880781173706055,0,0.0,0.0,0.0,0.0,0.0,0.0,0.0,0.0,0.03,0,0,0,0,0,0,0,0,0,0,0,0,0,0,0,0,0,0,0,0,0
2.4891738891601562,0,0.0,0.0,0.0,0.0,0.0,0.0,0.0,0.0,0.03,0,0,0,0,0,0,0,0,0,0,0,0,0,0,0,0,0,0,0,0,0
2.491427421569824,0,0.0,0.0,0.0,0.0,0.0,0.0,0.0,0.0,0.03,0,0,0,0,0,0,0,0,0,0,0,0,0,0,0,0,0,0,0,0,0
2.4925332069396973,0,0.0,0.0,0.0,0.0,0.0,0.0,0.0,0.0,0.03,0,0,0,0,0,0,0,0,0,0,0,0,0,0,0,0,0,0,0,0,0
2.493666410446167,0,0.0,0.0,0.0,0.0,0.0,0.0,0.0,0.0,0.03,0,0,0,0,0,0,0,0,0,0,0,0,0,0,0,0,0,0,0,0,0
2.494760274887085,0,0.0,0.0,0.0,0.0,0.0,0.0,0.0,0.0,0.03,0,0,0,0,0,0,0,0,0,0,0,0,0,0,0,0,0,0,0,0,0
2.495976209640503,0,0.0,0.0,0.0,0.0,0.0,0.0,0.0,0.0,0.03,0,0,0,0,0,0,0,0,0,0,0,0,0,0,0,0,0,0,0,0,0
2.4971423149108887,0,0.0,0.0,0.0,0.0,0.0,0.0,0.0,0.0,0.03,0,0,0,0,0,0,0,0,0,0,0,0,0,0,0,0,0,0,0,0,0
2.49904727935791,0,0.0,0.0,0.0,0.0,0.0,0.0,0.0,0.0,0.03,0,0,0,0,0,0,0,0,0,0,0,0,0,0,0,0,0,0,0,0,0
2.5007565021514893,0,0.0,0.0,0.0,0.0,0.0,0.0,0.0,0.0,0.03,0,0,0,0,0,0,0,0,0,0,0,0,0,0,0,0,0,0,0,0,0
2.5029003620147705,0,0.0,0.0,0.0,0.0,0.0,0.0,0.0,0.0,0.03,0,0,0,0,0,0,0,0,0,0,0,0,0,0,0,0,0,0,0,0,0
2.5042459964752197,0,0.0,0.0,0.0,0.0,0.0,0.0,0.0,0.0,0.03,0,0,0,0,0,0,0,0,0,0,0,0,0,0,0,0,0,0,0,0,0
2.5054516792297363,0,0.0,0.0,0.0,0.0,0.0,0.0,0.0,0.0,0.03,0,0,0,0,0,0,0,0,0,0,0,0,0,0,0,0,0,0,0,0,0
2.507525682449341,0,0.0,0.0,0.0,0.0,0.0,0.0,0.0,0.0,0.03,0,0,0,0,0,0,0,0,0,0,0,0,0,0,0,0,0,0,0,0,0
2.5088717937469482,0,0.0,0.0,0.0,0.0,0.0,0.0,0.0,0.0,0.03,0,0,0,0,0,0,0,0,0,0,0,0,0,0,0,0,0,0,0,0,0
2.5099596977233887,0,0.0,0.0,0.0,0.0,0.0,0.0,0.0,0.0,0.03,0,0,0,0,0,0,0,0,0,0,0,0,0,0,0,0,0,0,0,0,0
2.5118532180786133,0,0.0,0.0,0.0,0.0,0.0,0.0,0.0,0.0,0.03,0,0,0,0,0,0,0,0,0,0,0,0,0,0,0,0,0,0,0,0,0
2.5129234790802,0,0.0,0.0,0.0,0.0,0.0,0.0,0.0,0.0,0.03,0,0,0,0,0,0,0,0,0,0,0,0,0,0,0,0,0,0,0,0,0
2.5140862464904785,0,0.0,0.0,0.0,0.0,0.0,0.0,0.0,0.0,0.03,0,0,0,0,0,0,0,0,0,0,0,0,0,0,0,0,0,0,0,0,0
2.515275478363037,0,0.0,0.0,0.0,0.0,0.0,0.0,0.0,0.0,0.03,0,0,0,0,0,0,0,0,0,0,0,0,0,0,0,0,0,0,0,0,0
2.5163626670837402,0,0.0,0.0,0.0,0.0,0.0,0.0,0.0,0.0,0.03,0,0,0,0,0,0,0,0,0,0,0,0,0,0,0,0,0,0,0,0,0
2.517775774002075,0,0.0,0.0,0.0,0.0,0.0,0.0,0.0,0.0,0.03,0,0,0,0,0,0,0,0,0,0,0,0,0,0,0,0,0,0,0,0,0
2.5189931392669678,0,0.0,0.0,0.0,0.0,0.0,0.0,0.0,0.0,0.03,0,0,0,0,0,0,0,0,0,0,0,0,0,0,0,0,0,0,0,0,0
2.5207765102386475,0,0.0,0.0,0.0,0.0,0.0,0.0,0.0,0.0,0.03,0,0,0,0,0,0,0,0,0,0,0,0,0,0,0,0,0,0,0,0,0
2.5218722820281982,0,0.0,0.0,0.0,0.0,0.0,0.0,0.0,0.0,0.03,0,0,0,0,0,0,0,0,0,0,0,0,0,0,0,0,0,0,0,0,0
2.5230798721313477,0,0.0,0.0,0.0,0.0,0.0,0.0,0.0,0.0,0.03,0,0,0,0,0,0,0,0,0,0,0,0,0,0,0,0,0,0,0,0,0
2.524775981903076,0,0.0,0.0,0.0,0.0,0.0,0.0,0.0,0.0,0.03,0,0,0,0,0,0,0,0,0,0,0,0,0,0,0,0,0,0,0,0,0
2.526639699935913,0,0.0,0.0,0.0,0.0,0.0,0.0,0.0,0.0,0.03,0,0,0,0,0,0,0,0,0,0,0,0,0,0,0,0,0,0,0,0,0
2.527981758117676,0,0.0,0.0,0.0,0.0,0.0,0.0,0.0,0.0,0.03,0,0,0,0,0,0,0,0,0,0,0,0,0,0,0,0,0,0,0,0,0
2.529513120651245,0,0.0,0.0,0.0,0.0,0.0,0.0,0.0,0.0,0.03,0,0,0,0,0,0,0,0,0,0,0,0,0,0,0,0,0,0,0,0,0
2.5307724475860596,0,0.0,0.0,0.0,0.0,0.0,0.0,0.0,0.0,0.03,0,0,0,0,0,0,0,0,0,0,0,0,0,0,0,0,0,0,0,0,0
2.5340566635131836,0,0.0,0.0,0.0,0.0,0.0,0.0,0.0,0.0,0.03,0,0,0,0,0,0,0,0,0,0,0,0,0,0,0,0,0,0,0,0,0
2.535642623901367,0,0.0,0.0,0.0,0.0,0.0,0.0,0.0,0.0,0.03,0,0,0,0,0,0,0,0,0,0,0,0,0,0,0,0,0,0,0,0,0
2.5369160175323486,0,0.0,0.0,0.0,0.0,0.0,0.0,0.0,0.0,0.03,0,0,0,0,0,0,0,0,0,0,0,0,0,0,0,0,0,0,0,0,0
2.5391242504119873,0,0.0,0.0,0.0,0.0,0.0,0.0,0.0,0.0,0.03,0,0,0,0,0,0,0,0,0,0,0,0,0,0,0,0,0,0,0,0,0
2.5407755374908447,0,0.0,0.0,0.0,0.0,0.0,0.0,0.0,0.0,0.03,0,0,0,0,0,0,0,0,0,0,0,0,0,0,0,0,0,0,0,0,0
2.5418763160705566,0,0.0,0.0,0.0,0.0,0.0,0.0,0.0,0.0,0.03,0,0,0,0,0,0,0,0,0,0,0,0,0,0,0,0,0,0,0,0,0
2.5433058738708496,0,0.0,0.0,0.0,0.0,0.0,0.0,0.0,0.0,0.03,0,0,0,0,0,0,0,0,0,0,0,0,0,0,0,0,0,0,0,0,0
2.544661045074463,0,0.0,0.0,0.0,0.0,0.0,0.0,0.0,0.0,0.03,0,0,0,0,0,0,0,0,0,0,0,0,0,0,0,0,0,0,0,0,0
2.545907735824585,0,0.0,0.0,0.0,0.0,0.0,0.0,0.0,0.0,0.03,0,0,0,0,0,0,0,0,0,0,0,0,0,0,0,0,0,0,0,0,0
2.5472049713134766,0,0.0,0.0,0.0,0.0,0.0,0.0,0.0,0.0,0.03,0,0,0,0,0,0,0,0,0,0,0,0,0,0,0,0,0,0,0,0,0
2.5487513542175293,0,0.0,0.0,0.0,0.0,0.0,0.0,0.0,0.0,0.03,0,0,0,0,0,0,0,0,0,0,0,0,0,0,0,0,0,0,0,0,0
2.5499536991119385,0,0.0,0.0,0.0,0.0,0.0,0.0,0.0,0.0,0.03,0,0,0,0,0,0,0,0,0,0,0,0,0,0,0,0,0,0,0,0,0
2.5510544776916504,0,0.0,0.0,0.0,0.0,0.0,0.0,0.0,0.0,0.03,0,0,0,0,0,0,0,0,0,0,0,0,0,0,0,0,0,0,0,0,0
2.5521790981292725,0,0.0,0.0,0.0,0.0,0.0,0.0,0.0,0.0,0.03,0,0,0,0,0,0,0,0,0,0,0,0,0,0,0,0,0,0,0,0,0
2.553262948989868,0,0.0,0.0,0.0,0.0,0.0,0.0,0.0,0.0,0.03,0,0,0,0,0,0,0,0,0,0,0,0,0,0,0,0,0,0,0,0,0
2.554382801055908,0,0.0,0.0,0.0,0.0,0.0,0.0,0.0,0.0,0.03,0,0,0,0,0,0,0,0,0,0,0,0,0,0,0,0,0,0,0,0,0
2.555698871612549,0,0.0,0.0,0.0,0.0,0.0,0.0,0.0,0.0,0.03,0,0,0,0,0,0,0,0,0,0,0,0,0,0,0,0,0,0,0,0,0
2.5567853450775146,0,0.0,0.0,0.0,0.0,0.0,0.0,0.0,0.0,0.03,0,0,0,0,0,0,0,0,0,0,0,0,0,0,0,0,0,0,0,0,0
2.559051513671875,0,0.0,0.0,0.0,0.0,0.0,0.0,0.0,0.0,0.03,0,0,0,0,0,0,0,0,0,0,0,0,0,0,0,0,0,0,0,0,0
2.5608794689178467,0,0.0,0.0,0.0,0.0,0.0,0.0,0.0,0.0,0.03,0,0,0,0,0,0,0,0,0,0,0,0,0,0,0,0,0,0,0,0,0
2.5623178482055664,0,0.0,0.0,0.0,0.0,0.0,0.0,0.0,0.0,0.03,0,0,0,0,0,0,0,0,0,0,0,0,0,0,0,0,0,0,0,0,0
2.5636038780212402,0,0.0,0.0,0.0,0.0,0.0,0.0,0.0,0.0,0.03,0,0,0,0,0,0,0,0,0,0,0,0,0,0,0,0,0,0,0,0,0
2.565718173980713,0,0.0,0.0,0.0,0.0,0.0,0.0,0.0,0.0,0.03,0,0,0,0,0,0,0,0,0,0,0,0,0,0,0,0,0,0,0,0,0
2.567331314086914,0,0.0,0.0,0.0,0.0,0.0,0.0,0.0,0.0,0.03,0,0,0,0,0,0,0,0,0,0,0,0,0,0,0,0,0,0,0,0,0
2.5687098503112793,0,0.0,0.0,0.0,0.0,0.0,0.0,0.0,0.0,0.03,0,0,0,0,0,0,0,0,0,0,0,0,0,0,0,0,0,0,0,0,0
2.5702764987945557,0,0.0,0.0,0.0,0.0,0.0,0.0,0.0,0.0,0.03,0,0,0,0,0,0,0,0,0,0,0,0,0,0,0,0,0,0,0,0,0
2.571465253829956,0,0.0,0.0,0.0,0.0,0.0,0.0,0.0,0.0,0.03,0,0,0,0,0,0,0,0,0,0,0,0,0,0,0,0,0,0,0,0,0
2.5726592540740967,0,0.0,0.0,0.0,0.0,0.0,0.0,0.0,0.0,0.03,0,0,0,0,0,0,0,0,0,0,0,0,0,0,0,0,0,0,0,0,0
2.573864459991455,0,0.0,0.0,0.0,0.0,0.0,0.0,0.0,0.0,0.03,0,0,0,0,0,0,0,0,0,0,0,0,0,0,0,0,0,0,0,0,0
2.5749595165252686,0,0.0,0.0,0.0,0.0,0.0,0.0,0.0,0.0,0.03,0,0,0,0,0,0,0,0,0,0,0,0,0,0,0,0,0,0,0,0,0
2.576356887817383,0,0.0,0.0,0.0,0.0,0.0,0.0,0.0,0.0,0.03,0,0,0,0,0,0,0,0,0,0,0,0,0,0,0,0,0,0,0,0,0
2.577845811843872,0,0.0,0.0,0.0,0.0,0.0,0.0,0.0,0.0,0.03,0,0,0,0,0,0,0,0,0,0,0,0,0,0,0,0,0,0,0,0,0
2.5800817012786865,0,0.0,0.0,0.0,0.0,0.0,0.0,0.0,0.0,0.03,0,0,0,0,0,0,0,0,0,0,0,0,0,0,0,0,0,0,0,0,0
2.5811753273010254,0,0.0,0.0,0.0,0.0,0.0,0.0,0.0,0.0,0.03,0,0,0,0,0,0,0,0,0,0,0,0,0,0,0,0,0,0,0,0,0
2.5822744369506836,0,0.0,0.0,0.0,0.0,0.0,0.0,0.0,0.0,0.03,0,0,0,0,0,0,0,0,0,0,0,0,0,0,0,0,0,0,0,0,0
2.5836262702941895,0,0.0,0.0,0.0,0.0,0.0,0.0,0.0,0.0,0.03,0,0,0,0,0,0,0,0,0,0,0,0,0,0,0,0,0,0,0,0,0
2.5848276615142822,0,0.0,0.0,0.0,0.0,0.0,0.0,0.0,0.0,0.03,0,0,0,0,0,0,0,0,0,0,0,0,0,0,0,0,0,0,0,0,0
2.5859153270721436,0,0.0,0.0,0.0,0.0,0.0,0.0,0.0,0.0,0.03,0,0,0,0,0,0,0,0,0,0,0,0,0,0,0,0,0,0,0,0,0
2.5874710083007812,0,0.0,0.0,0.0,0.0,0.0,0.0,0.0,0.0,0.03,0,0,0,0,0,0,0,0,0,0,0,0,0,0,0,0,0,0,0,0,0
2.588658571243286,0,0.0,0.0,0.0,0.0,0.0,0.0,0.0,0.0,0.03,0,0,0,0,0,0,0,0,0,0,0,0,0,0,0,0,0,0,0,0,0
2.5897464752197266,0,0.0,0.0,0.0,0.0,0.0,0.0,0.0,0.0,0.03,0,0,0,0,0,0,0,0,0,0,0,0,0,0,0,0,0,0,0,0,0
2.5931315422058105,0,0.0,0.0,0.0,0.0,0.0,0.0,0.0,0.0,0.03,0,0,0,0,0,0,0,0,0,0,0,0,0,0,0,0,0,0,0,0,0
2.5947794914245605,0,0.0,0.0,0.0,0.0,0.0,0.0,0.0,0.0,0.03,0,0,0,0,0,0,0,0,0,0,0,0,0,0,0,0,0,0,0,0,0
2.596683979034424,0,0.0,0.0,0.0,0.0,0.0,0.0,0.0,0.0,0.03,0,0,0,0,0,0,0,0,0,0,0,0,0,0,0,0,0,0,0,0,0
2.598590850830078,0,0.0,0.0,0.0,0.0,0.0,0.0,0.0,0.0,0.03,0,0,0,0,0,0,0,0,0,0,0,0,0,0,0,0,0,0,0,0,0
2.5996930599212646,0,0.0,0.0,0.0,0.0,0.0,0.0,0.0,0.0,0.03,0,0,0,0,0,0,0,0,0,0,0,0,0,0,0,0,0,0,0,0,0
2.601224422454834,0,0.0,0.0,0.0,0.0,0.0,0.0,0.0,0.0,0.03,0,0,0,0,0,0,0,0,0,0,0,0,0,0,0,0,0,0,0,0,0
2.6026642322540283,0,0.0,0.0,0.0,0.0,0.0,0.0,0.0,0.0,0.03,0,0,0,0,0,0,0,0,0,0,0,0,0,0,0,0,0,0,0,0,0
2.6042823791503906,0,0.0,0.0,0.0,0.0,0.0,0.0,0.0,0.0,0.03,0,0,0,0,0,0,0,0,0,0,0,0,0,0,0,0,0,0,0,0,0
2.606332778930664,0,0.0,0.0,0.0,0.0,0.0,0.0,0.0,0.0,0.03,0,0,0,0,0,0,0,0,0,0,0,0,0,0,0,0,0,0,0,0,0
2.6074421405792236,0,0.0,0.0,0.0,0.0,0.0,0.0,0.0,0.0,0.03,0,0,0,0,0,0,0,0,0,0,0,0,0,0,0,0,0,0,0,0,0
2.6090505123138428,0,0.0,0.0,0.0,0.0,0.0,0.0,0.0,0.0,0.03,0,0,0,0,0,0,0,0,0,0,0,0,0,0,0,0,0,0,0,0,0
2.6101996898651123,0,0.0,0.0,0.0,0.0,0.0,0.0,0.0,0.0,0.03,0,0,0,0,0,0,0,0,0,0,0,0,0,0,0,0,0,0,0,0,0
2.6114084720611572,0,0.0,0.0,0.0,0.0,0.0,0.0,0.0,0.0,0.03,0,0,0,0,0,0,0,0,0,0,0,0,0,0,0,0,0,0,0,0,0
2.612499713897705,0,0.0,0.0,0.0,0.0,0.0,0.0,0.0,0.0,0.03,0,0,0,0,0,0,0,0,0,0,0,0,0,0,0,0,0,0,0,0,0
2.6136693954467773,0,0.0,0.0,0.0,0.0,0.0,0.0,0.0,0.0,0.03,0,0,0,0,0,0,0,0,0,0,0,0,0,0,0,0,0,0,0,0,0
2.6149158477783203,0,0.0,0.0,0.0,0.0,0.0,0.0,0.0,0.0,0.03,0,0,0,0,0,0,0,0,0,0,0,0,0,0,0,0,0,0,0,0,0
2.615983247756958,0,0.0,0.0,0.0,0.0,0.0,0.0,0.0,0.0,0.03,0,0,0,0,0,0,0,0,0,0,0,0,0,0,0,0,0,0,0,0,0
2.6176822185516357,0,0.0,0.0,0.0,0.0,0.0,0.0,0.0,0.0,0.03,0,0,0,0,0,0,0,0,0,0,0,0,0,0,0,0,0,0,0,0,0
2.6225059032440186,0,0.0,0.0,0.0,0.0,0.0,0.0,0.0,0.0,0.03,0,0,0,0,0,0,0,0,0,0,0,0,0,0,0,0,0,0,0,0,0
2.6238203048706055,0,0.0,0.0,0.0,0.0,0.0,0.0,0.0,0.0,0.03,0,0,0,0,0,0,0,0,0,0,0,0,0,0,0,0,0,0,0,0,0
2.6250174045562744,0,0.0,0.0,0.0,0.0,0.0,0.0,0.0,0.0,0.03,0,0,0,0,0,0,0,0,0,0,0,0,0,0,0,0,0,0,0,0,0
2.626214027404785,0,0.0,0.0,0.0,0.0,0.0,0.0,0.0,0.0,0.03,0,0,0,0,0,0,0,0,0,0,0,0,0,0,0,0,0,0,0,0,0
2.6276679039001465,0,0.0,0.0,0.0,0.0,0.0,0.0,0.0,0.0,0.03,0,0,0,0,0,0,0,0,0,0,0,0,0,0,0,0,0,0,0,0,0
2.62874436378479,0,0.0,0.0,0.0,0.0,0.0,0.0,0.0,0.0,0.03,0,0,0,0,0,0,0,0,0,0,0,0,0,0,0,0,0,0,0,0,0
2.6300721168518066,0,0.0,0.0,0.0,0.0,0.0,0.0,0.0,0.0,0.03,0,0,0,0,0,0,0,0,0,0,0,0,0,0,0,0,0,0,0,0,0
2.6311821937561035,0,0.0,0.0,0.0,0.0,0.0,0.0,0.0,0.0,0.03,0,0,0,0,0,0,0,0,0,0,0,0,0,0,0,0,0,0,0,0,0
2.632303237915039,0,0.0,0.0,0.0,0.0,0.0,0.0,0.0,0.0,0.03,0,0,0,0,0,0,0,0,0,0,0,0,0,0,0,0,0,0,0,0,0
2.6334540843963623,0,0.0,0.0,0.0,0.0,0.0,0.0,0.0,0.0,0.03,0,0,0,0,0,0,0,0,0,0,0,0,0,0,0,0,0,0,0,0,0
2.6345860958099365,0,0.0,0.0,0.0,0.0,0.0,0.0,0.0,0.0,0.03,0,0,0,0,0,0,0,0,0,0,0,0,0,0,0,0,0,0,0,0,0
2.635788679122925,0,0.0,0.0,0.0,0.0,0.0,0.0,0.0,0.0,0.03,0,0,0,0,0,0,0,0,0,0,0,0,0,0,0,0,0,0,0,0,0
2.6368496417999268,0,0.0,0.0,0.0,0.0,0.0,0.0,0.0,0.0,0.03,0,0,0,0,0,0,0,0,0,0,0,0,0,0,0,0,0,0,0,0,0
2.6405749320983887,0,0.0,0.0,0.0,0.0,0.0,0.0,0.0,0.0,0.03,0,0,0,0,0,0,0,0,0,0,0,0,0,0,0,0,0,0,0,0,0
2.6424105167388916,0,0.0,0.0,0.0,0.0,0.0,0.0,0.0,0.0,0.03,0,0,0,0,0,0,0,0,0,0,0,0,0,0,0,0,0,0,0,0,0
2.643810510635376,0,0.0,0.0,0.0,0.0,0.0,0.0,0.0,0.0,0.03,0,0,0,0,0,0,0,0,0,0,0,0,0,0,0,0,0,0,0,0,0
2.644886016845703,0,0.0,0.0,0.0,0.0,0.0,0.0,0.0,0.0,0.03,0,0,0,0,0,0,0,0,0,0,0,0,0,0,0,0,0,0,0,0,0
2.646963119506836,0,0.0,0.0,0.0,0.0,0.0,0.0,0.0,0.0,0.03,0,0,0,0,0,0,0,0,0,0,0,0,0,0,0,0,0,0,0,0,0
2.648324728012085,0,0.0,0.0,0.0,0.0,0.0,0.0,0.0,0.0,0.03,0,0,0,0,0,0,0,0,0,0,0,0,0,0,0,0,0,0,0,0,0
2.6495115756988525,0,0.0,0.0,0.0,0.0,0.0,0.0,0.0,0.0,0.03,0,0,0,0,0,0,0,0,0,0,0,0,0,0,0,0,0,0,0,0,0
2.6514060497283936,0,0.0,0.0,0.0,0.0,0.0,0.0,0.0,0.0,0.03,0,0,0,0,0,0,0,0,0,0,0,0,0,0,0,0,0,0,0,0,0
2.652705192565918,0,0.0,0.0,0.0,0.0,0.0,0.0,0.0,0.0,0.03,0,0,0,0,0,0,0,0,0,0,0,0,0,0,0,0,0,0,0,0,0
2.6562659740448,0,0.0,0.0,0.0,0.0,0.0,0.0,0.0,0.0,0.03,0,0,0,0,0,0,0,0,0,0,0,0,0,0,0,0,0,0,0,0,0
2.6574201583862305,0,0.0,0.0,0.0,0.0,0.0,0.0,0.0,0.0,0.03,0,0,0,0,0,0,0,0,0,0,0,0,0,0,0,0,0,0,0,0,0
2.6594107151031494,0,0.0,0.0,0.0,0.0,0.0,0.0,0.0,0.0,0.03,0,0,0,0,0,0,0,0,0,0,0,0,0,0,0,0,0,0,0,0,0
2.661654472351074,0,0.0,0.0,0.0,0.0,0.0,0.0,0.0,0.0,0.03,0,0,0,0,0,0,0,0,0,0,0,0,0,0,0,0,0,0,0,0,0
2.663470506668091,0,0.0,0.0,0.0,0.0,0.0,0.0,0.0,0.0,0.03,0,0,0,0,0,0,0,0,0,0,0,0,0,0,0,0,0,0,0,0,0
2.6649320125579834,0,0.0,0.0,0.0,0.0,0.0,0.0,0.0,0.0,0.03,0,0,0,0,0,0,0,0,0,0,0,0,0,0,0,0,0,0,0,0,0
2.6669530868530273,0,0.0,0.0,0.0,0.0,0.0,0.0,0.0,0.0,0.03,0,0,0,0,0,0,0,0,0,0,0,0,0,0,0,0,0,0,0,0,0
2.668473720550537,0,0.0,0.0,0.0,0.0,0.0,0.0,0.0,0.0,0.03,0,0,0,0,0,0,0,0,0,0,0,0,0,0,0,0,0,0,0,0,0
2.6696040630340576,0,0.0,0.0,0.0,0.0,0.0,0.0,0.0,0.0,0.03,0,0,0,0,0,0,0,0,0,0,0,0,0,0,0,0,0,0,0,0,0
2.6706974506378174,0,0.0,0.0,0.0,0.0,0.0,0.0,0.0,0.0,0.03,0,0,0,0,0,0,0,0,0,0,0,0,0,0,0,0,0,0,0,0,0
2.6722562313079834,0,0.0,0.0,0.0,0.0,0.0,0.0,0.0,0.0,0.03,0,0,0,0,0,0,0,0,0,0,0,0,0,0,0,0,0,0,0,0,0
2.673348903656006,0,0.0,0.0,0.0,0.0,0.0,0.0,0.0,0.0,0.03,0,0,0,0,0,0,0,0,0,0,0,0,0,0,0,0,0,0,0,0,0
2.674503803253174,0,0.0,0.0,0.0,0.0,0.0,0.0,0.0,0.0,0.03,0,0,0,0,0,0,0,0,0,0,0,0,0,0,0,0,0,0,0,0,0
2.675570011138916,0,0.0,0.0,0.0,0.0,0.0,0.0,0.0,0.0,0.03,0,0,0,0,0,0,0,0,0,0,0,0,0,0,0,0,0,0,0,0,0
2.6766788959503174,0,0.0,0.0,0.0,0.0,0.0,0.0,0.0,0.0,0.03,0,0,0,0,0,0,0,0,0,0,0,0,0,0,0,0,0,0,0,0,0
2.678173303604126,0,0.0,0.0,0.0,0.0,0.0,0.0,0.0,0.0,0.03,0,0,0,0,0,0,0,0,0,0,0,0,0,0,0,0,0,0,0,0,0
2.6817469596862793,0,0.0,0.0,0.0,0.0,0.0,0.0,0.0,0.0,0.03,0,0,0,0,0,0,0,0,0,0,0,0,0,0,0,0,0,0,0,0,0
2.6833276748657227,0,0.0,0.0,0.0,0.0,0.0,0.0,0.0,0.0,0.03,0,0,0,0,0,0,0,0,0,0,0,0,0,0,0,0,0,0,0,0,0
2.684898853302002,0,0.0,0.0,0.0,0.0,0.0,0.0,0.0,0.0,0.03,0,0,0,0,0,0,0,0,0,0,0,0,0,0,0,0,0,0,0,0,0
2.6861298084259033,0,0.0,0.0,0.0,0.0,0.0,0.0,0.0,0.0,0.03,0,0,0,0,0,0,0,0,0,0,0,0,0,0,0,0,0,0,0,0,0
2.687291383743286,0,0.0,0.0,0.0,0.0,0.0,0.0,0.0,0.0,0.03,0,0,0,0,0,0,0,0,0,0,0,0,0,0,0,0,0,0,0,0,0
2.6884868144989014,0,0.0,0.0,0.0,0.0,0.0,0.0,0.0,0.0,0.03,0,0,0,0,0,0,0,0,0,0,0,0,0,0,0,0,0,0,0,0,0
2.6902530193328857,0,0.0,0.0,0.0,0.0,0.0,0.0,0.0,0.0,0.03,0,0,0,0,0,0,0,0,0,0,0,0,0,0,0,0,0,0,0,0,0
2.691347360610962,0,0.0,0.0,0.0,0.0,0.0,0.0,0.0,0.0,0.03,0,0,0,0,0,0,0,0,0,0,0,0,0,0,0,0,0,0,0,0,0
2.6929237842559814,0,0.0,0.0,0.0,0.0,0.0,0.0,0.0,0.0,0.03,0,0,0,0,0,0,0,0,0,0,0,0,0,0,0,0,0,0,0,0,0
2.693990707397461,0,0.0,0.0,0.0,0.0,0.0,0.0,0.0,0.0,0.03,0,0,0,0,0,0,0,0,0,0,0,0,0,0,0,0,0,0,0,0,0
2.69521164894104,0,0.0,0.0,0.0,0.0,0.0,0.0,0.0,0.0,0.03,0,0,0,0,0,0,0,0,0,0,0,0,0,0,0,0,0,0,0,0,0
2.6964128017425537,0,0.0,0.0,0.0,0.0,0.0,0.0,0.0,0.0,0.03,0,0,0,0,0,0,0,0,0,0,0,0,0,0,0,0,0,0,0,0,0
2.697497844696045,0,0.0,0.0,0.0,0.0,0.0,0.0,0.0,0.0,0.03,0,0,0,0,0,0,0,0,0,0,0,0,0,0,0,0,0,0,0,0,0
2.6989426612854004,0,0.0,0.0,0.0,0.0,0.0,0.0,0.0,0.0,0.03,0,0,0,0,0,0,0,0,0,0,0,0,0,0,0,0,0,0,0,0,0
2.7003703117370605,0,0.0,0.0,0.0,0.0,0.0,0.0,0.0,0.0,0.03,0,0,0,0,0,0,0,0,0,0,0,0,0,0,0,0,0,0,0,0,0
2.701462745666504,0,0.0,0.0,0.0,0.0,0.0,0.0,0.0,0.0,0.03,0,0,0,0,0,0,0,0,0,0,0,0,0,0,0,0,0,0,0,0,0
2.702840805053711,0,0.0,0.0,0.0,0.0,0.0,0.0,0.0,0.0,0.03,0,0,0,0,0,0,0,0,0,0,0,0,0,0,0,0,0,0,0,0,0
2.7040669918060303,0,0.0,0.0,0.0,0.0,0.0,0.0,0.0,0.0,0.03,0,0,0,0,0,0,0,0,0,0,0,0,0,0,0,0,0,0,0,0,0
2.7053346633911133,0,0.0,0.0,0.0,0.0,0.0,0.0,0.0,0.0,0.03,0,0,0,0,0,0,0,0,0,0,0,0,0,0,0,0,0,0,0,0,0
2.7064433097839355,0,0.0,0.0,0.0,0.0,0.0,0.0,0.0,0.0,0.03,0,0,0,0,0,0,0,0,0,0,0,0,0,0,0,0,0,0,0,0,0
2.7075562477111816,0,0.0,0.0,0.0,0.0,0.0,0.0,0.0,0.0,0.03,0,0,0,0,0,0,0,0,0,0,0,0,0,0,0,0,0,0,0,0,0
2.7086539268493652,0,0.0,0.0,0.0,0.0,0.0,0.0,0.0,0.0,0.03,0,0,0,0,0,0,0,0,0,0,0,0,0,0,0,0,0,0,0,0,0
2.709890842437744,0,0.0,0.0,0.0,0.0,0.0,0.0,0.0,0.0,0.03,0,0,0,0,0,0,0,0,0,0,0,0,0,0,0,0,0,0,0,0,0
2.7110936641693115,0,0.0,0.0,0.0,0.0,0.0,0.0,0.0,0.0,0.03,0,0,0,0,0,0,0,0,0,0,0,0,0,0,0,0,0,0,0,0,0
2.7121775150299072,0,0.0,0.0,0.0,0.0,0.0,0.0,0.0,0.0,0.03,0,0,0,0,0,0,0,0,0,0,0,0,0,0,0,0,0,0,0,0,0
2.714909791946411,0,0.0,0.0,0.0,0.0,0.0,0.0,0.0,0.0,0.03,0,0,0,0,0,0,0,0,0,0,0,0,0,0,0,0,0,0,0,0,0
2.716796875,0,0.0,0.0,0.0,0.0,0.0,0.0,0.0,0.0,0.03,0,0,0,0,0,0,0,0,0,0,0,0,0,0,0,0,0,0,0,0,0
2.718043088912964,0,0.0,0.0,0.0,0.0,0.0,0.0,0.0,0.0,0.03,0,0,0,0,0,0,0,0,0,0,0,0,0,0,0,0,0,0,0,0,0
2.719317674636841,0,0.0,0.0,0.0,0.0,0.0,0.0,0.0,0.0,0.03,0,0,0,0,0,0,0,0,0,0,0,0,0,0,0,0,0,0,0,0,0
2.7206571102142334,0,0.0,0.0,0.0,0.0,0.0,0.0,0.0,0.0,0.03,0,0,0,0,0,0,0,0,0,0,0,0,0,0,0,0,0,0,0,0,0
2.722001791000366,0,0.0,0.0,0.0,0.0,0.0,0.0,0.0,0.0,0.03,0,0,0,0,0,0,0,0,0,0,0,0,0,0,0,0,0,0,0,0,0
2.7230873107910156,0,0.0,0.0,0.0,0.0,0.0,0.0,0.0,0.0,0.03,0,0,0,0,0,0,0,0,0,0,0,0,0,0,0,0,0,0,0,0,0
2.7243247032165527,0,0.0,0.0,0.0,0.0,0.0,0.0,0.0,0.0,0.03,0,0,0,0,0,0,0,0,0,0,0,0,0,0,0,0,0,0,0,0,0
2.725842237472534,0,0.0,0.0,0.0,0.0,0.0,0.0,0.0,0.0,0.03,0,0,0,0,0,0,0,0,0,0,0,0,0,0,0,0,0,0,0,0,0
2.727614402770996,0,0.0,0.0,0.0,0.0,0.0,0.0,0.0,0.0,0.03,0,0,0,0,0,0,0,0,0,0,0,0,0,0,0,0,0,0,0,0,0
2.7287094593048096,0,0.0,0.0,0.0,0.0,0.0,0.0,0.0,0.0,0.03,0,0,0,0,0,0,0,0,0,0,0,0,0,0,0,0,0,0,0,0,0
2.7304277420043945,0,0.0,0.0,0.0,0.0,0.0,0.0,0.0,0.0,0.03,0,0,0,0,0,0,0,0,0,0,0,0,0,0,0,0,0,0,0,0,0
2.73223614692688,0,0.0,0.0,0.0,0.0,0.0,0.0,0.0,0.0,0.03,0,0,0,0,0,0,0,0,0,0,0,0,0,0,0,0,0,0,0,0,0
2.7334821224212646,0,0.0,0.0,0.0,0.0,0.0,0.0,0.0,0.0,0.03,0,0,0,0,0,0,0,0,0,0,0,0,0,0,0,0,0,0,0,0,0
2.734632730484009,0,0.0,0.0,0.0,0.0,0.0,0.0,0.0,0.0,0.03,0,0,0,0,0,0,0,0,0,0,0,0,0,0,0,0,0,0,0,0,0
2.7359063625335693,0,0.0,0.0,0.0,0.0,0.0,0.0,0.0,0.0,0.03,0,0,0,0,0,0,0,0,0,0,0,0,0,0,0,0,0,0,0,0,0
2.7369723320007324,0,0.0,0.0,0.0,0.0,0.0,0.0,0.0,0.0,0.03,0,0,0,0,0,0,0,0,0,0,0,0,0,0,0,0,0,0,0,0,0
2.7395875453948975,0,0.0,0.0,0.0,0.0,0.0,0.0,0.0,0.0,0.03,0,0,0,0,0,0,0,0,0,0,0,0,0,0,0,0,0,0,0,0,0
2.7409961223602295,0,0.0,0.0,0.0,0.0,0.0,0.0,0.0,0.0,0.03,0,0,0,0,0,0,0,0,0,0,0,0,0,0,0,0,0,0,0,0,0
2.7426605224609375,0,0.0,0.0,0.0,0.0,0.0,0.0,0.0,0.0,0.03,0,0,0,0,0,0,0,0,0,0,0,0,0,0,0,0,0,0,0,0,0
2.743834972381592,0,0.0,0.0,0.0,0.0,0.0,0.0,0.0,0.0,0.03,0,0,0,0,0,0,0,0,0,0,0,0,0,0,0,0,0,0,0,0,0
2.7449536323547363,0,0.0,0.0,0.0,0.0,0.0,0.0,0.0,0.0,0.03,0,0,0,0,0,0,0,0,0,0,0,0,0,0,0,0,0,0,0,0,0
2.7462825775146484,0,0.0,0.0,0.0,0.0,0.0,0.0,0.0,0.0,0.03,0,0,0,0,0,0,0,0,0,0,0,0,0,0,0,0,0,0,0,0,0
2.7484383583068848,0,0.0,0.0,0.0,0.0,0.0,0.0,0.0,0.0,0.03,0,0,0,0,0,0,0,0,0,0,0,0,0,0,0,0,0,0,0,0,0
2.749512195587158,0,0.0,0.0,0.0,0.0,0.0,0.0,0.0,0.0,0.03,0,0,0,0,0,0,0,0,0,0,0,0,0,0,0,0,0,0,0,0,0
2.750816822052002,0,0.0,0.0,0.0,0.0,0.0,0.0,0.0,0.0,0.03,0,0,0,0,0,0,0,0,0,0,0,0,0,0,0,0,0,0,0,0,0
2.752197027206421,0,0.0,0.0,0.0,0.0,0.0,0.0,0.0,0.0,0.03,0,0,0,0,0,0,0,0,0,0,0,0,0,0,0,0,0,0,0,0,0
2.7534232139587402,0,0.0,0.0,0.0,0.0,0.0,0.0,0.0,0.0,0.03,0,0,0,0,0,0,0,0,0,0,0,0,0,0,0,0,0,0,0,0,0
2.7545855045318604,0,0.0,0.0,0.0,0.0,0.0,0.0,0.0,0.0,0.03,0,0,0,0,0,0,0,0,0,0,0,0,0,0,0,0,0,0,0,0,0
2.7557339668273926,0,0.0,0.0,0.0,0.0,0.0,0.0,0.0,0.0,0.03,0,0,0,0,0,0,0,0,0,0,0,0,0,0,0,0,0,0,0,0,0
2.757267475128174,0,0.0,0.0,0.0,0.0,0.0,0.0,0.0,0.0,0.03,0,0,0,0,0,0,0,0,0,0,0,0,0,0,0,0,0,0,0,0,0
2.7586605548858643,0,0.0,0.0,0.0,0.0,0.0,0.0,0.0,0.0,0.03,0,0,0,0,0,0,0,0,0,0,0,0,0,0,0,0,0,0,0,0,0
2.7602007389068604,0,0.0,0.0,0.0,0.0,0.0,0.0,0.0,0.0,0.03,0,0,0,0,0,0,0,0,0,0,0,0,0,0,0,0,0,0,0,0,0
2.7616024017333984,0,0.0,0.0,0.0,0.0,0.0,0.0,0.0,0.0,0.03,0,0,0,0,0,0,0,0,0,0,0,0,0,0,0,0,0,0,0,0,0
2.7628166675567627,0,0.0,0.0,0.0,0.0,0.0,0.0,0.0,0.0,0.03,0,0,0,0,0,0,0,0,0,0,0,0,0,0,0,0,0,0,0,0,0
2.7639083862304688,0,0.0,0.0,0.0,0.0,0.0,0.0,0.0,0.0,0.03,0,0,0,0,0,0,0,0,0,0,0,0,0,0,0,0,0,0,0,0,0
2.7658467292785645,0,0.0,0.0,0.0,0.0,0.0,0.0,0.0,0.0,0.03,0,0,0,0,0,0,0,0,0,0,0,0,0,0,0,0,0,0,0,0,0
2.7672841548919678,0,0.0,0.0,0.0,0.0,0.0,0.0,0.0,0.0,0.03,0,0,0,0,0,0,0,0,0,0,0,0,0,0,0,0,0,0,0,0,0
2.768949508666992,0,0.0,0.0,0.0,0.0,0.0,0.0,0.0,0.0,0.03,0,0,0,0,0,0,0,0,0,0,0,0,0,0,0,0,0,0,0,0,0
2.7700343132019043,0,0.0,0.0,0.0,0.0,0.0,0.0,0.0,0.0,0.03,0,0,0,0,0,0,0,0,0,0,0,0,0,0,0,0,0,0,0,0,0
2.773336172103882,0,0.0,0.0,0.0,0.0,0.0,0.0,0.0,0.0,0.03,0,0,0,0,0,0,0,0,0,0,0,0,0,0,0,0,0,0,0,0,0
2.774538278579712,0,0.0,0.0,0.0,0.0,0.0,0.0,0.0,0.0,0.03,0,0,0,0,0,0,0,0,0,0,0,0,0,0,0,0,0,0,0,0,0
2.7772727012634277,0,0.0,0.0,0.0,0.0,0.0,0.0,0.0,0.0,0.03,0,0,0,0,0,0,0,0,0,0,0,0,0,0,0,0,0,0,0,0,0
2.7813661098480225,0,0.0,0.0,0.0,0.0,0.0,0.0,0.0,0.0,0.03,0,0,0,0,0,0,0,0,0,0,0,0,0,0,0,0,0,0,0,0,0
2.7828760147094727,0,0.0,0.0,0.0,0.0,0.0,0.0,0.0,0.0,0.03,0,0,0,0,0,0,0,0,0,0,0,0,0,0,0,0,0,0,0,0,0
2.784532070159912,0,0.0,0.0,0.0,0.0,0.0,0.0,0.0,0.0,0.03,0,0,0,0,0,0,0,0,0,0,0,0,0,0,0,0,0,0,0,0,0
2.7864303588867188,0,0.0,0.0,0.0,0.0,0.0,0.0,0.0,0.0,0.03,0,0,0,0,0,0,0,0,0,0,0,0,0,0,0,0,0,0,0,0,0
2.78757643699646,0,0.0,0.0,0.0,0.0,0.0,0.0,0.0,0.0,0.03,0,0,0,0,0,0,0,0,0,0,0,0,0,0,0,0,0,0,0,0,0
2.7894787788391113,0,0.0,0.0,0.0,0.0,0.0,0.0,0.0,0.0,0.03,0,0,0,0,0,0,0,0,0,0,0,0,0,0,0,0,0,0,0,0,0
2.7906367778778076,0,0.0,0.0,0.0,0.0,0.0,0.0,0.0,0.0,0.03,0,0,0,0,0,0,0,0,0,0,0,0,0,0,0,0,0,0,0,0,0
2.791778802871704,0,0.0,0.0,0.0,0.0,0.0,0.0,0.0,0.0,0.03,0,0,0,0,0,0,0,0,0,0,0,0,0,0,0,0,0,0,0,0,0
2.792977809906006,0,0.0,0.0,0.0,0.0,0.0,0.0,0.0,0.0,0.03,0,0,0,0,0,0,0,0,0,0,0,0,0,0,0,0,0,0,0,0,0
2.7941908836364746,0,0.0,0.0,0.0,0.0,0.0,0.0,0.0,0.0,0.03,0,0,0,0,0,0,0,0,0,0,0,0,0,0,0,0,0,0,0,0,0
2.795502185821533,0,0.0,0.0,0.0,0.0,0.0,0.0,0.0,0.0,0.03,0,0,0,0,0,0,0,0,0,0,0,0,0,0,0,0,0,0,0,0,0
2.7965924739837646,0,0.0,0.0,0.0,0.0,0.0,0.0,0.0,0.0,0.03,0,0,0,0,0,0,0,0,0,0,0,0,0,0,0,0,0,0,0,0,0
2.797732353210449,0,0.0,0.0,0.0,0.0,0.0,0.0,0.0,0.0,0.03,0,0,0,0,0,0,0,0,0,0,0,0,0,0,0,0,0,0,0,0,0
2.7989275455474854,0,0.0,0.0,0.0,0.0,0.0,0.0,0.0,0.0,0.03,0,0,0,0,0,0,0,0,0,0,0,0,0,0,0,0,0,0,0,0,0
2.800124168395996,0,0.0,0.0,0.0,0.0,0.0,0.0,0.0,0.0,0.03,0,0,0,0,0,0,0,0,0,0,0,0,0,0,0,0,0,0,0,0,0
2.8023557662963867,0,0.0,0.0,0.0,0.0,0.0,0.0,0.0,0.0,0.03,0,0,0,0,0,0,0,0,0,0,0,0,0,0,0,0,0,0,0,0,0
2.8038196563720703,0,0.0,0.0,0.0,0.0,0.0,0.0,0.0,0.0,0.03,0,0,0,0,0,0,0,0,0,0,0,0,0,0,0,0,0,0,0,0,0
2.8050363063812256,0,0.0,0.0,0.0,0.0,0.0,0.0,0.0,0.0,0.03,0,0,0,0,0,0,0,0,0,0,0,0,0,0,0,0,0,0,0,0,0
2.806123971939087,0,0.0,0.0,0.0,0.0,0.0,0.0,0.0,0.0,0.03,0,0,0,0,0,0,0,0,0,0,0,0,0,0,0,0,0,0,0,0,0
2.807211399078369,0,0.0,0.0,0.0,0.0,0.0,0.0,0.0,0.0,0.03,0,0,0,0,0,0,0,0,0,0,0,0,0,0,0,0,0,0,0,0,0
2.8085641860961914,0,0.0,0.0,0.0,0.0,0.0,0.0,0.0,0.0,0.03,0,0,0,0,0,0,0,0,0,0,0,0,0,0,0,0,0,0,0,0,0
2.809770345687866,0,0.0,0.0,0.0,0.0,0.0,0.0,0.0,0.0,0.03,0,0,0,0,0,0,0,0,0,0,0,0,0,0,0,0,0,0,0,0,0
2.8110809326171875,0,0.0,0.0,0.0,0.0,0.0,0.0,0.0,0.0,0.03,0,0,0,0,0,0,0,0,0,0,0,0,0,0,0,0,0,0,0,0,0
2.8121917247772217,0,0.0,0.0,0.0,0.0,0.0,0.0,0.0,0.0,0.03,0,0,0,0,0,0,0,0,0,0,0,0,0,0,0,0,0,0,0,0,0
2.8132948875427246,0,0.0,0.0,0.0,0.0,0.0,0.0,0.0,0.0,0.03,0,0,0,0,0,0,0,0,0,0,0,0,0,0,0,0,0,0,0,0,0
2.814382314682007,0,0.0,0.0,0.0,0.0,0.0,0.0,0.0,0.0,0.03,0,0,0,0,0,0,0,0,0,0,0,0,0,0,0,0,0,0,0,0,0
2.8155221939086914,0,0.0,0.0,0.0,0.0,0.0,0.0,0.0,0.0,0.03,0,0,0,0,0,0,0,0,0,0,0,0,0,0,0,0,0,0,0,0,0
2.816585063934326,0,0.0,0.0,0.0,0.0,0.0,0.0,0.0,0.0,0.03,0,0,0,0,0,0,0,0,0,0,0,0,0,0,0,0,0,0,0,0,0
2.8178844451904297,0,0.0,0.0,0.0,0.0,0.0,0.0,0.0,0.0,0.03,0,0,0,0,0,0,0,0,0,0,0,0,0,0,0,0,0,0,0,0,0
2.819425582885742,0,0.0,0.0,0.0,0.0,0.0,0.0,0.0,0.0,0.03,0,0,0,0,0,0,0,0,0,0,0,0,0,0,0,0,0,0,0,0,0
2.8221383094787598,0,0.0,0.0,0.0,0.0,0.0,0.0,0.0,0.0,0.03,0,0,0,0,0,0,0,0,0,0,0,0,0,0,0,0,0,0,0,0,0
2.8234617710113525,0,0.0,0.0,0.0,0.0,0.0,0.0,0.0,0.0,0.03,0,0,0,0,0,0,0,0,0,0,0,0,0,0,0,0,0,0,0,0,0
2.824739933013916,0,0.0,0.0,0.0,0.0,0.0,0.0,0.0,0.0,0.03,0,0,0,0,0,0,0,0,0,0,0,0,0,0,0,0,0,0,0,0,0
2.8259787559509277,0,0.0,0.0,0.0,0.0,0.0,0.0,0.0,0.0,0.03,0,0,0,0,0,0,0,0,0,0,0,0,0,0,0,0,0,0,0,0,0
2.8272321224212646,0,0.0,0.0,0.0,0.0,0.0,0.0,0.0,0.0,0.03,0,0,0,0,0,0,0,0,0,0,0,0,0,0,0,0,0,0,0,0,0
2.828368663787842,0,0.0,0.0,0.0,0.0,0.0,0.0,0.0,0.0,0.03,0,0,0,0,0,0,0,0,0,0,0,0,0,0,0,0,0,0,0,0,0
2.8296923637390137,0,0.0,0.0,0.0,0.0,0.0,0.0,0.0,0.0,0.03,0,0,0,0,0,0,0,0,0,0,0,0,0,0,0,0,0,0,0,0,0
2.8309977054595947,0,0.0,0.0,0.0,0.0,0.0,0.0,0.0,0.0,0.03,0,0,0,0,0,0,0,0,0,0,0,0,0,0,0,0,0,0,0,0,0
2.8320841789245605,0,0.0,0.0,0.0,0.0,0.0,0.0,0.0,0.0,0.03,0,0,0,0,0,0,0,0,0,0,0,0,0,0,0,0,0,0,0,0,0
2.8348276615142822,0,0.0,0.0,0.0,0.0,0.0,0.0,0.0,0.0,0.03,0,0,0,0,0,0,0,0,0,0,0,0,0,0,0,0,0,0,0,0,0
2.8360323905944824,0,0.0,0.0,0.0,0.0,0.0,0.0,0.0,0.0,0.03,0,0,0,0,0,0,0,0,0,0,0,0,0,0,0,0,0,0,0,0,0
2.838775634765625,0,0.0,0.0,0.0,0.0,0.0,0.0,0.0,0.0,0.03,0,0,0,0,0,0,0,0,0,0,0,0,0,0,0,0,0,0,0,0,0
2.841559648513794,0,0.0,0.0,0.0,0.0,0.0,0.0,0.0,0.0,0.03,0,0,0,0,0,0,0,0,0,0,0,0,0,0,0,0,0,0,0,0,0
2.842971086502075,0,0.0,0.0,0.0,0.0,0.0,0.0,0.0,0.0,0.03,0,0,0,0,0,0,0,0,0,0,0,0,0,0,0,0,0,0,0,0,0
2.8447377681732178,0,0.0,0.0,0.0,0.0,0.0,0.0,0.0,0.0,0.03,0,0,0,0,0,0,0,0,0,0,0,0,0,0,0,0,0,0,0,0,0
2.8458445072174072,0,0.0,0.0,0.0,0.0,0.0,0.0,0.0,0.0,0.03,0,0,0,0,0,0,0,0,0,0,0,0,0,0,0,0,0,0,0,0,0
2.8480303287506104,0,0.0,0.0,0.0,0.0,0.0,0.0,0.0,0.0,0.03,0,0,0,0,0,0,0,0,0,0,0,0,0,0,0,0,0,0,0,0,0
2.8492305278778076,0,0.0,0.0,0.0,0.0,0.0,0.0,0.0,0.0,0.03,0,0,0,0,0,0,0,0,0,0,0,0,0,0,0,0,0,0,0,0,0
2.850634813308716,0,0.0,0.0,0.0,0.0,0.0,0.0,0.0,0.0,0.03,0,0,0,0,0,0,0,0,0,0,0,0,0,0,0,0,0,0,0,0,0
2.851752281188965,0,0.0,0.0,0.0,0.0,0.0,0.0,0.0,0.0,0.03,0,0,0,0,0,0,0,0,0,0,0,0,0,0,0,0,0,0,0,0,0
2.852849006652832,0,0.0,0.0,0.0,0.0,0.0,0.0,0.0,0.0,0.03,0,0,0,0,0,0,0,0,0,0,0,0,0,0,0,0,0,0,0,0,0
2.8539462089538574,0,0.0,0.0,0.0,0.0,0.0,0.0,0.0,0.0,0.03,0,0,0,0,0,0,0,0,0,0,0,0,0,0,0,0,0,0,0,0,0
2.855037212371826,0,0.0,0.0,0.0,0.0,0.0,0.0,0.0,0.0,0.03,0,0,0,0,0,0,0,0,0,0,0,0,0,0,0,0,0,0,0,0,0
2.856184959411621,0,0.0,0.0,0.0,0.0,0.0,0.0,0.0,0.0,0.03,0,0,0,0,0,0,0,0,0,0,0,0,0,0,0,0,0,0,0,0,0
2.857621669769287,0,0.0,0.0,0.0,0.0,0.0,0.0,0.0,0.0,0.03,0,0,0,0,0,0,0,0,0,0,0,0,0,0,0,0,0,0,0,0,0
2.858818292617798,0,0.0,0.0,0.0,0.0,0.0,0.0,0.0,0.0,0.03,0,0,0,0,0,0,0,0,0,0,0,0,0,0,0,0,0,0,0,0,0
2.860616683959961,0,0.0,0.0,0.0,0.0,0.0,0.0,0.0,0.0,0.03,0,0,0,0,0,0,0,0,0,0,0,0,0,0,0,0,0,0,0,0,0
2.8621883392333984,0,0.0,0.0,0.0,0.0,0.0,0.0,0.0,0.0,0.03,0,0,0,0,0,0,0,0,0,0,0,0,0,0,0,0,0,0,0,0,0
2.8647167682647705,0,0.0,0.0,0.0,0.0,0.0,0.0,0.0,0.0,0.03,0,0,0,0,0,0,0,0,0,0,0,0,0,0,0,0,0,0,0,0,0
2.865978717803955,0,0.0,0.0,0.0,0.0,0.0,0.0,0.0,0.0,0.03,0,0,0,0,0,0,0,0,0,0,0,0,0,0,0,0,0,0,0,0,0
2.8672211170196533,0,0.0,0.0,0.0,0.0,0.0,0.0,0.0,0.0,0.03,0,0,0,0,0,0,0,0,0,0,0,0,0,0,0,0,0,0,0,0,0
2.8687856197357178,0,0.0,0.0,0.0,0.0,0.0,0.0,0.0,0.0,0.03,0,0,0,0,0,0,0,0,0,0,0,0,0,0,0,0,0,0,0,0,0
2.870403528213501,0,0.0,0.0,0.0,0.0,0.0,0.0,0.0,0.0,0.03,0,0,0,0,0,0,0,0,0,0,0,0,0,0,0,0,0,0,0,0,0
2.871546745300293,0,0.0,0.0,0.0,0.0,0.0,0.0,0.0,0.0,0.03,0,0,0,0,0,0,0,0,0,0,0,0,0,0,0,0,0,0,0,0,0
2.8733367919921875,0,0.0,0.0,0.0,0.0,0.0,0.0,0.0,0.0,0.03,0,0,0,0,0,0,0,0,0,0,0,0,0,0,0,0,0,0,0,0,0
2.8745107650756836,0,0.0,0.0,0.0,0.0,0.0,0.0,0.0,0.0,0.03,0,0,0,0,0,0,0,0,0,0,0,0,0,0,0,0,0,0,0,0,0
2.8757119178771973,0,0.0,0.0,0.0,0.0,0.0,0.0,0.0,0.0,0.03,0,0,0,0,0,0,0,0,0,0,0,0,0,0,0,0,0,0,0,0,0
2.877408742904663,0,0.0,0.0,0.0,0.0,0.0,0.0,0.0,0.0,0.03,0,0,0,0,0,0,0,0,0,0,0,0,0,0,0,0,0,0,0,0,0
2.8785059452056885,0,0.0,0.0,0.0,0.0,0.0,0.0,0.0,0.0,0.03,0,0,0,0,0,0,0,0,0,0,0,0,0,0,0,0,0,0,0,0,0
2.8796803951263428,0,0.0,0.0,0.0,0.0,0.0,0.0,0.0,0.0,0.03,0,0,0,0,0,0,0,0,0,0,0,0,0,0,0,0,0,0,0,0,0
2.881397247314453,0,0.0,0.0,0.0,0.0,0.0,0.0,0.0,0.0,0.03,0,0,0,0,0,0,0,0,0,0,0,0,0,0,0,0,0,0,0,0,0
2.883817195892334,0,0.0,0.0,0.0,0.0,0.0,0.0,0.0,0.0,0.03,0,0,0,0,0,0,0,0,0,0,0,0,0,0,0,0,0,0,0,0,0
2.8850080966949463,0,0.0,0.0,0.0,0.0,0.0,0.0,0.0,0.0,0.03,0,0,0,0,0,0,0,0,0,0,0,0,0,0,0,0,0,0,0,0,0
2.8861985206604004,0,0.0,0.0,0.0,0.0,0.0,0.0,0.0,0.0,0.03,0,0,0,0,0,0,0,0,0,0,0,0,0,0,0,0,0,0,0,0,0
2.887939214706421,0,0.0,0.0,0.0,0.0,0.0,0.0,0.0,0.0,0.03,0,0,0,0,0,0,0,0,0,0,0,0,0,0,0,0,0,0,0,0,0
2.8891687393188477,0,0.0,0.0,0.0,0.0,0.0,0.0,0.0,0.0,0.03,0,0,0,0,0,0,0,0,0,0,0,0,0,0,0,0,0,0,0,0,0
2.8903048038482666,0,0.0,0.0,0.0,0.0,0.0,0.0,0.0,0.0,0.03,0,0,0,0,0,0,0,0,0,0,0,0,0,0,0,0,0,0,0,0,0
2.8923730850219727,0,0.0,0.0,0.0,0.0,0.0,0.0,0.0,0.0,0.03,0,0,0,0,0,0,0,0,0,0,0,0,0,0,0,0,0,0,0,0,0
2.893450975418091,0,0.0,0.0,0.0,0.0,0.0,0.0,0.0,0.0,0.03,0,0,0,0,0,0,0,0,0,0,0,0,0,0,0,0,0,0,0,0,0
2.8965954780578613,0,0.0,0.0,0.0,0.0,0.0,0.0,0.0,0.0,0.03,0,0,0,0,0,0,0,0,0,0,0,0,0,0,0,0,0,0,0,0,0
2.898357391357422,0,0.0,0.0,0.0,0.0,0.0,0.0,0.0,0.0,0.03,0,0,0,0,0,0,0,0,0,0,0,0,0,0,0,0,0,0,0,0,0
2.899599075317383,0,0.0,0.0,0.0,0.0,0.0,0.0,0.0,0.0,0.03,0,0,0,0,0,0,0,0,0,0,0,0,0,0,0,0,0,0,0,0,0
2.901059627532959,0,0.0,0.0,0.0,0.0,0.0,0.0,0.0,0.0,0.03,0,0,0,0,0,0,0,0,0,0,0,0,0,0,0,0,0,0,0,0,0
2.9023380279541016,0,0.0,0.0,0.0,0.0,0.0,0.0,0.0,0.0,0.03,0,0,0,0,0,0,0,0,0,0,0,0,0,0,0,0,0,0,0,0,0
2.903911590576172,0,0.0,0.0,0.0,0.0,0.0,0.0,0.0,0.0,0.03,0,0,0,0,0,0,0,0,0,0,0,0,0,0,0,0,0,0,0,0,0
2.904979705810547,0,0.0,0.0,0.0,0.0,0.0,0.0,0.0,0.0,0.03,0,0,0,0,0,0,0,0,0,0,0,0,0,0,0,0,0,0,0,0,0
2.9063823223114014,0,0.0,0.0,0.0,0.0,0.0,0.0,0.0,0.0,0.03,0,0,0,0,0,0,0,0,0,0,0,0,0,0,0,0,0,0,0,0,0
2.9080703258514404,0,0.0,0.0,0.0,0.0,0.0,0.0,0.0,0.0,0.03,0,0,0,0,0,0,0,0,0,0,0,0,0,0,0,0,0,0,0,0,0
2.9096949100494385,0,0.0,0.0,0.0,0.0,0.0,0.0,0.0,0.0,0.03,0,0,0,0,0,0,0,0,0,0,0,0,0,0,0,0,0,0,0,0,0
2.911100149154663,0,0.0,0.0,0.0,0.0,0.0,0.0,0.0,0.0,0.03,0,0,0,0,0,0,0,0,0,0,0,0,0,0,0,0,0,0,0,0,0
2.9136269092559814,0,0.0,0.0,0.0,0.0,0.0,0.0,0.0,0.0,0.03,0,0,0,0,0,0,0,0,0,0,0,0,0,0,0,0,0,0,0,0,0
2.9147560596466064,0,0.0,0.0,0.0,0.0,0.0,0.0,0.0,0.0,0.03,0,0,0,0,0,0,0,0,0,0,0,0,0,0,0,0,0,0,0,0,0
2.916008949279785,0,0.0,0.0,0.0,0.0,0.0,0.0,0.0,0.0,0.03,0,0,0,0,0,0,0,0,0,0,0,0,0,0,0,0,0,0,0,0,0
2.9171133041381836,0,0.0,0.0,0.0,0.0,0.0,0.0,0.0,0.0,0.03,0,0,0,0,0,0,0,0,0,0,0,0,0,0,0,0,0,0,0,0,0
2.9182159900665283,0,0.0,0.0,0.0,0.0,0.0,0.0,0.0,0.0,0.03,0,0,0,0,0,0,0,0,0,0,0,0,0,0,0,0,0,0,0,0,0
2.919403553009033,0,0.0,0.0,0.0,0.0,0.0,0.0,0.0,0.0,0.03,0,0,0,0,0,0,0,0,0,0,0,0,0,0,0,0,0,0,0,0,0
2.920469284057617,0,0.0,0.0,0.0,0.0,0.0,0.0,0.0,0.0,0.03,0,0,0,0,0,0,0,0,0,0,0,0,0,0,0,0,0,0,0,0,0
2.921800136566162,0,0.0,0.0,0.0,0.0,0.0,0.0,0.0,0.0,0.03,0,0,0,0,0,0,0,0,0,0,0,0,0,0,0,0,0,0,0,0,0
2.9246861934661865,0,0.0,0.0,0.0,0.0,0.0,0.0,0.0,0.0,0.03,0,0,0,0,0,0,0,0,0,0,0,0,0,0,0,0,0,0,0,0,0
2.926149368286133,0,0.0,0.0,0.0,0.0,0.0,0.0,0.0,0.0,0.03,0,0,0,0,0,0,0,0,0,0,0,0,0,0,0,0,0,0,0,0,0
2.9274468421936035,0,0.0,0.0,0.0,0.0,0.0,0.0,0.0,0.0,0.03,0,0,0,0,0,0,0,0,0,0,0,0,0,0,0,0,0,0,0,0,0
2.9286563396453857,0,0.0,0.0,0.0,0.0,0.0,0.0,0.0,0.0,0.03,0,0,0,0,0,0,0,0,0,0,0,0,0,0,0,0,0,0,0,0,0
2.9301486015319824,0,0.0,0.0,0.0,0.0,0.0,0.0,0.0,0.0,0.03,0,0,0,0,0,0,0,0,0,0,0,0,0,0,0,0,0,0,0,0,0
2.931715726852417,0,0.0,0.0,0.0,0.0,0.0,0.0,0.0,0.0,0.03,0,0,0,0,0,0,0,0,0,0,0,0,0,0,0,0,0,0,0,0,0
2.9329497814178467,0,0.0,0.0,0.0,0.0,0.0,0.0,0.0,0.0,0.03,0,0,0,0,0,0,0,0,0,0,0,0,0,0,0,0,0,0,0,0,0
2.9342153072357178,0,0.0,0.0,0.0,0.0,0.0,0.0,0.0,0.0,0.03,0,0,0,0,0,0,0,0,0,0,0,0,0,0,0,0,0,0,0,0,0
2.9361348152160645,0,0.0,0.0,0.0,0.0,0.0,0.0,0.0,0.0,0.03,0,0,0,0,0,0,0,0,0,0,0,0,0,0,0,0,0,0,0,0,0
2.937223434448242,0,0.0,0.0,0.0,0.0,0.0,0.0,0.0,0.0,0.03,0,0,0,0,0,0,0,0,0,0,0,0,0,0,0,0,0,0,0,0,0
2.938384771347046,0,0.0,0.0,0.0,0.0,0.0,0.0,0.0,0.0,0.03,0,0,0,0,0,0,0,0,0,0,0,0,0,0,0,0,0,0,0,0,0
2.9395580291748047,0,0.0,0.0,0.0,0.0,0.0,0.0,0.0,0.0,0.03,0,0,0,0,0,0,0,0,0,0,0,0,0,0,0,0,0,0,0,0,0
2.9407546520233154,0,0.0,0.0,0.0,0.0,0.0,0.0,0.0,0.0,0.03,0,0,0,0,0,0,0,0,0,0,0,0,0,0,0,0,0,0,0,0,0
2.941848039627075,0,0.0,0.0,0.0,0.0,0.0,0.0,0.0,0.0,0.03,0,0,0,0,0,0,0,0,0,0,0,0,0,0,0,0,0,0,0,0,0
2.943493127822876,0,0.0,0.0,0.0,0.0,0.0,0.0,0.0,0.0,0.03,0,0,0,0,0,0,0,0,0,0,0,0,0,0,0,0,0,0,0,0,0
2.945112466812134,0,0.0,0.0,0.0,0.0,0.0,0.0,0.0,0.0,0.03,0,0,0,0,0,0,0,0,0,0,0,0,0,0,0,0,0,0,0,0,0
2.9472546577453613,0,0.0,0.0,0.0,0.0,0.0,0.0,0.0,0.0,0.03,0,0,0,0,0,0,0,0,0,0,0,0,0,0,0,0,0,0,0,0,0
2.948606014251709,0,0.0,0.0,0.0,0.0,0.0,0.0,0.0,0.0,0.03,0,0,0,0,0,0,0,0,0,0,0,0,0,0,0,0,0,0,0,0,0
2.949868679046631,0,0.0,0.0,0.0,0.0,0.0,0.0,0.0,0.0,0.03,0,0,0,0,0,0,0,0,0,0,0,0,0,0,0,0,0,0,0,0,0
2.9511518478393555,0,0.0,0.0,0.0,0.0,0.0,0.0,0.0,0.0,0.03,0,0,0,0,0,0,0,0,0,0,0,0,0,0,0,0,0,0,0,0,0
2.952770948410034,0,0.0,0.0,0.0,0.0,0.0,0.0,0.0,0.0,0.03,0,0,0,0,0,0,0,0,0,0,0,0,0,0,0,0,0,0,0,0,0
2.9539129734039307,0,0.0,0.0,0.0,0.0,0.0,0.0,0.0,0.0,0.03,0,0,0,0,0,0,0,0,0,0,0,0,0,0,0,0,0,0,0,0,0
2.9556760787963867,0,0.0,0.0,0.0,0.0,0.0,0.0,0.0,0.0,0.03,0,0,0,0,0,0,0,0,0,0,0,0,0,0,0,0,0,0,0,0,0
2.9570095539093018,0,0.0,0.0,0.0,0.0,0.0,0.0,0.0,0.0,0.03,0,0,0,0,0,0,0,0,0,0,0,0,0,0,0,0,0,0,0,0,0
2.9602015018463135,0,0.0,0.0,0.0,0.0,0.0,0.0,0.0,0.0,0.03,0,0,0,0,0,0,0,0,0,0,0,0,0,0,0,0,0,0,0,0,0
2.961292266845703,0,0.0,0.0,0.0,0.0,0.0,0.0,0.0,0.0,0.03,0,0,0,0,0,0,0,0,0,0,0,0,0,0,0,0,0,0,0,0,0
2.9639627933502197,0,0.0,0.0,0.0,0.0,0.0,0.0,0.0,0.0,0.03,0,0,0,0,0,0,0,0,0,0,0,0,0,0,0,0,0,0,0,0,0
2.965785503387451,0,0.0,0.0,0.0,0.0,0.0,0.0,0.0,0.0,0.03,0,0,0,0,0,0,0,0,0,0,0,0,0,0,0,0,0,0,0,0,0
2.9676928520202637,0,0.0,0.0,0.0,0.0,0.0,0.0,0.0,0.0,0.03,0,0,0,0,0,0,0,0,0,0,0,0,0,0,0,0,0,0,0,0,0
2.9692227840423584,0,0.0,0.0,0.0,0.0,0.0,0.0,0.0,0.0,0.03,0,0,0,0,0,0,0,0,0,0,0,0,0,0,0,0,0,0,0,0,0
2.9725728034973145,0,0.0,0.0,0.0,0.0,0.0,0.0,0.0,0.0,0.03,0,0,0,0,0,0,0,0,0,0,0,0,0,0,0,0,0,0,0,0,0
2.973947525024414,0,0.0,0.0,0.0,0.0,0.0,0.0,0.0,0.0,0.03,0,0,0,0,0,0,0,0,0,0,0,0,0,0,0,0,0,0,0,0,0
2.975269079208374,0,0.0,0.0,0.0,0.0,0.0,0.0,0.0,0.0,0.03,0,0,0,0,0,0,0,0,0,0,0,0,0,0,0,0,0,0,0,0,0
2.976670980453491,0,0.0,0.0,0.0,0.0,0.0,0.0,0.0,0.0,0.03,0,0,0,0,0,0,0,0,0,0,0,0,0,0,0,0,0,0,0,0,0
2.978090763092041,0,0.0,0.0,0.0,0.0,0.0,0.0,0.0,0.0,0.03,0,0,0,0,0,0,0,0,0,0,0,0,0,0,0,0,0,0,0,0,0
2.979302406311035,0,0.0,0.0,0.0,0.0,0.0,0.0,0.0,0.0,0.03,0,0,0,0,0,0,0,0,0,0,0,0,0,0,0,0,0,0,0,0,0
2.9804649353027344,0,0.0,0.0,0.0,0.0,0.0,0.0,0.0,0.0,0.03,0,0,0,0,0,0,0,0,0,0,0,0,0,0,0,0,0,0,0,0,0
2.9817256927490234,0,0.0,0.0,0.0,0.0,0.0,0.0,0.0,0.0,0.03,0,0,0,0,0,0,0,0,0,0,0,0,0,0,0,0,0,0,0,0,0
2.9829654693603516,0,0.0,0.0,0.0,0.0,0.0,0.0,0.0,0.0,0.03,0,0,0,0,0,0,0,0,0,0,0,0,0,0,0,0,0,0,0,0,0
2.984053373336792,0,0.0,0.0,0.0,0.0,0.0,0.0,0.0,0.0,0.03,0,0,0,0,0,0,0,0,0,0,0,0,0,0,0,0,0,0,0,0,0
2.986375570297241,0,0.0,0.0,0.0,0.0,0.0,0.0,0.0,0.0,0.03,0,0,0,0,0,0,0,0,0,0,0,0,0,0,0,0,0,0,0,0,0
2.9875614643096924,0,0.0,0.0,0.0,0.0,0.0,0.0,0.0,0.0,0.03,0,0,0,0,0,0,0,0,0,0,0,0,0,0,0,0,0,0,0,0,0
2.9906423091888428,0,0.0,0.0,0.0,0.0,0.0,0.0,0.0,0.0,0.03,0,0,0,0,0,0,0,0,0,0,0,0,0,0,0,0,0,0,0,0,0
2.992206335067749,0,0.0,0.0,0.0,0.0,0.0,0.0,0.0,0.0,0.03,0,0,0,0,0,0,0,0,0,0,0,0,0,0,0,0,0,0,0,0,0
2.993408679962158,0,0.0,0.0,0.0,0.0,0.0,0.0,0.0,0.0,0.03,0,0,0,0,0,0,0,0,0,0,0,0,0,0,0,0,0,0,0,0,0
2.9952614307403564,0,0.0,0.0,0.0,0.0,0.0,0.0,0.0,0.0,0.03,0,0,0,0,0,0,0,0,0,0,0,0,0,0,0,0,0,0,0,0,0
2.996549606323242,0,0.0,0.0,0.0,0.0,0.0,0.0,0.0,0.0,0.03,0,0,0,0,0,0,0,0,0,0,0,0,0,0,0,0,0,0,0,0,0
2.9976394176483154,0,0.0,0.0,0.0,0.0,0.0,0.0,0.0,0.0,0.03,0,0,0,0,0,0,0,0,0,0,0,0,0,0,0,0,0,0,0,0,0
2.999096632003784,0,0.0,0.0,0.0,0.0,0.0,0.0,0.0,0.0,0.03,0,0,0,0,0,0,0,0,0,0,0,0,0,0,0,0,0,0,0,0,0
3.0002553462982178,0,0.0,0.0,0.0,0.0,0.0,0.0,0.0,0.0,0.03,0,0,0,0,0,0,0,0,0,0,0,0,0,0,0,0,0,0,0,0,0
3.0013556480407715,0,0.0,0.0,0.0,0.0,0.0,0.0,0.0,0.0,0.03,0,0,0,0,0,0,0,0,0,0,0,0,0,0,0,0,0,0,0,0,0
3.0024514198303223,0,0.0,0.0,0.0,0.0,0.0,0.0,0.0,0.0,0.03,0,0,0,0,0,0,0,0,0,0,0,0,0,0,0,0,0,0,0,0,0
3.00358247756958,0,0.0,0.0,0.0,0.0,0.0,0.0,0.0,0.0,0.03,0,0,0,0,0,0,0,0,0,0,0,0,0,0,0,0,0,0,0,0,0
3.0046653747558594,0,0.0,0.0,0.0,0.0,0.0,0.0,0.0,0.0,0.03,0,0,0,0,0,0,0,0,0,0,0,0,0,0,0,0,0,0,0,0,0
3.006655693054199,0,0.0,0.0,0.0,0.0,0.0,0.0,0.0,0.0,0.03,0,0,0,0,0,0,0,0,0,0,0,0,0,0,0,0,0,0,0,0,0
3.0097806453704834,0,0.0,0.0,0.0,0.0,0.0,0.0,0.0,0.0,0.03,0,0,0,0,0,0,0,0,0,0,0,0,0,0,0,0,0,0,0,0,0
3.010939121246338,0,0.0,0.0,0.0,0.0,0.0,0.0,0.0,0.0,0.03,0,0,0,0,0,0,0,0,0,0,0,0,0,0,0,0,0,0,0,0,0
3.0121612548828125,0,0.0,0.0,0.0,0.0,0.0,0.0,0.0,0.0,0.03,0,0,0,0,0,0,0,0,0,0,0,0,0,0,0,0,0,0,0,0,0
3.013883113861084,0,0.0,0.0,0.0,0.0,0.0,0.0,0.0,0.0,0.03,0,0,0,0,0,0,0,0,0,0,0,0,0,0,0,0,0,0,0,0,0
3.015103340148926,0,0.0,0.0,0.0,0.0,0.0,0.0,0.0,0.0,0.03,0,0,0,0,0,0,0,0,0,0,0,0,0,0,0,0,0,0,0,0,0
3.0162606239318848,0,0.0,0.0,0.0,0.0,0.0,0.0,0.0,0.0,0.03,0,0,0,0,0,0,0,0,0,0,0,0,0,0,0,0,0,0,0,0,0
3.0182864665985107,0,0.0,0.0,0.0,0.0,0.0,0.0,0.0,0.0,0.03,0,0,0,0,0,0,0,0,0,0,0,0,0,0,0,0,0,0,0,0,0
3.0193660259246826,0,0.0,0.0,0.0,0.0,0.0,0.0,0.0,0.0,0.03,0,0,0,0,0,0,0,0,0,0,0,0,0,0,0,0,0,0,0,0,0
3.0227174758911133,0,0.0,0.0,0.0,0.0,0.0,0.0,0.0,0.0,0.03,0,0,0,0,0,0,0,0,0,0,0,0,0,0,0,0,0,0,0,0,0
3.024669885635376,0,0.0,0.0,0.0,0.0,0.0,0.0,0.0,0.0,0.03,0,0,0,0,0,0,0,0,0,0,0,0,0,0,0,0,0,0,0,0,0
3.025942325592041,0,0.0,0.0,0.0,0.0,0.0,0.0,0.0,0.0,0.03,0,0,0,0,0,0,0,0,0,0,0,0,0,0,0,0,0,0,0,0,0
3.027453660964966,0,0.0,0.0,0.0,0.0,0.0,0.0,0.0,0.0,0.03,0,0,0,0,0,0,0,0,0,0,0,0,0,0,0,0,0,0,0,0,0
3.028759717941284,0,0.0,0.0,0.0,0.0,0.0,0.0,0.0,0.0,0.03,0,0,0,0,0,0,0,0,0,0,0,0,0,0,0,0,0,0,0,0,0
3.030331611633301,0,0.0,0.0,0.0,0.0,0.0,0.0,0.0,0.0,0.03,0,0,0,0,0,0,0,0,0,0,0,0,0,0,0,0,0,0,0,0,0
3.0317935943603516,0,0.0,0.0,0.0,0.0,0.0,0.0,0.0,0.0,0.03,0,0,0,0,0,0,0,0,0,0,0,0,0,0,0,0,0,0,0,0,0
3.0332565307617188,0,0.0,0.0,0.0,0.0,0.0,0.0,0.0,0.0,0.03,0,0,0,0,0,0,0,0,0,0,0,0,0,0,0,0,0,0,0,0,0
3.035423517227173,0,0.0,0.0,0.0,0.0,0.0,0.0,0.0,0.0,0.03,0,0,0,0,0,0,0,0,0,0,0,0,0,0,0,0,0,0,0,0,0
3.0369138717651367,0,0.0,0.0,0.0,0.0,0.0,0.0,0.0,0.0,0.03,0,0,0,0,0,0,0,0,0,0,0,0,0,0,0,0,0,0,0,0,0
3.0381078720092773,0,0.0,0.0,0.0,0.0,0.0,0.0,0.0,0.0,0.03,0,0,0,0,0,0,0,0,0,0,0,0,0,0,0,0,0,0,0,0,0
3.039217710494995,0,0.0,0.0,0.0,0.0,0.0,0.0,0.0,0.0,0.03,0,0,0,0,0,0,0,0,0,0,0,0,0,0,0,0,0,0,0,0,0
3.04032301902771,0,0.0,0.0,0.0,0.0,0.0,0.0,0.0,0.0,0.03,0,0,0,0,0,0,0,0,0,0,0,0,0,0,0,0,0,0,0,0,0
3.0414528846740723,0,0.0,0.0,0.0,0.0,0.0,0.0,0.0,0.0,0.03,0,0,0,0,0,0,0,0,0,0,0,0,0,0,0,0,0,0,0,0,0
3.042546272277832,0,0.0,0.0,0.0,0.0,0.0,0.0,0.0,0.0,0.03,0,0,0,0,0,0,0,0,0,0,0,0,0,0,0,0,0,0,0,0,0
3.043637990951538,0,0.0,0.0,0.0,0.0,0.0,0.0,0.0,0.0,0.03,0,0,0,0,0,0,0,0,0,0,0,0,0,0,0,0,0,0,0,0,0
3.0447895526885986,0,0.0,0.0,0.0,0.0,0.0,0.0,0.0,0.0,0.03,0,0,0,0,0,0,0,0,0,0,0,0,0,0,0,0,0,0,0,0,0
3.0461509227752686,0,0.0,0.0,0.0,0.0,0.0,0.0,0.0,0.0,0.03,0,0,0,0,0,0,0,0,0,0,0,0,0,0,0,0,0,0,0,0,0
3.0472400188446045,0,0.0,0.0,0.0,0.0,0.0,0.0,0.0,0.0,0.03,0,0,0,0,0,0,0,0,0,0,0,0,0,0,0,0,0,0,0,0,0
3.048696756362915,0,0.0,0.0,0.0,0.0,0.0,0.0,0.0,0.0,0.03,0,0,0,0,0,0,0,0,0,0,0,0,0,0,0,0,0,0,0,0,0
3.0504209995269775,0,0.0,0.0,0.0,0.0,0.0,0.0,0.0,0.0,0.03,0,0,0,0,0,0,0,0,0,0,0,0,0,0,0,0,0,0,0,0,0
3.053354501724243,0,0.0,0.0,0.0,0.0,0.0,0.0,0.0,0.0,0.03,0,0,0,0,0,0,0,0,0,0,0,0,0,0,0,0,0,0,0,0,0
3.0545992851257324,0,0.0,0.0,0.0,0.0,0.0,0.0,0.0,0.0,0.03,0,0,0,0,0,0,0,0,0,0,0,0,0,0,0,0,0,0,0,0,0
3.0558128356933594,0,0.0,0.0,0.0,0.0,0.0,0.0,0.0,0.0,0.03,0,0,0,0,0,0,0,0,0,0,0,0,0,0,0,0,0,0,0,0,0
3.057429552078247,0,0.0,0.0,0.0,0.0,0.0,0.0,0.0,0.0,0.03,0,0,0,0,0,0,0,0,0,0,0,0,0,0,0,0,0,0,0,0,0
3.0589022636413574,0,0.0,0.0,0.0,0.0,0.0,0.0,0.0,0.0,0.03,0,0,0,0,0,0,0,0,0,0,0,0,0,0,0,0,0,0,0,0,0
3.0599920749664307,0,0.0,0.0,0.0,0.0,0.0,0.0,0.0,0.0,0.03,0,0,0,0,0,0,0,0,0,0,0,0,0,0,0,0,0,0,0,0,0
3.0614683628082275,0,0.0,0.0,0.0,0.0,0.0,0.0,0.0,0.0,0.03,0,0,0,0,0,0,0,0,0,0,0,0,0,0,0,0,0,0,0,0,0
3.0626766681671143,0,0.0,0.0,0.0,0.0,0.0,0.0,0.0,0.0,0.03,0,0,0,0,0,0,0,0,0,0,0,0,0,0,0,0,0,0,0,0,0
3.063840866088867,0,0.0,0.0,0.0,0.0,0.0,0.0,0.0,0.0,0.03,0,0,0,0,0,0,0,0,0,0,0,0,0,0,0,0,0,0,0,0,0
3.064906120300293,0,0.0,0.0,0.0,0.0,0.0,0.0,0.0,0.0,0.03,0,0,0,0,0,0,0,0,0,0,0,0,0,0,0,0,0,0,0,0,0
3.066099166870117,0,0.0,0.0,0.0,0.0,0.0,0.0,0.0,0.0,0.03,0,0,0,0,0,0,0,0,0,0,0,0,0,0,0,0,0,0,0,0,0
3.067183494567871,0,0.0,0.0,0.0,0.0,0.0,0.0,0.0,0.0,0.03,0,0,0,0,0,0,0,0,0,0,0,0,0,0,0,0,0,0,0,0,0
3.069525718688965,0,0.0,0.0,0.0,0.0,0.0,0.0,0.0,0.0,0.03,0,0,0,0,0,0,0,0,0,0,0,0,0,0,0,0,0,0,0,0,0
3.071260929107666,0,0.0,0.0,0.0,0.0,0.0,0.0,0.0,0.0,0.03,0,0,0,0,0,0,0,0,0,0,0,0,0,0,0,0,0,0,0,0,0
3.072431802749634,0,0.0,0.0,0.0,0.0,0.0,0.0,0.0,0.0,0.03,0,0,0,0,0,0,0,0,0,0,0,0,0,0,0,0,0,0,0,0,0
3.073817014694214,0,0.0,0.0,0.0,0.0,0.0,0.0,0.0,0.0,0.03,0,0,0,0,0,0,0,0,0,0,0,0,0,0,0,0,0,0,0,0,0
3.0750555992126465,0,0.0,0.0,0.0,0.0,0.0,0.0,0.0,0.0,0.03,0,0,0,0,0,0,0,0,0,0,0,0,0,0,0,0,0,0,0,0,0
3.0764920711517334,0,0.0,0.0,0.0,0.0,0.0,0.0,0.0,0.0,0.03,0,0,0,0,0,0,0,0,0,0,0,0,0,0,0,0,0,0,0,0,0
3.077981472015381,0,0.0,0.0,0.0,0.0,0.0,0.0,0.0,0.0,0.03,0,0,0,0,0,0,0,0,0,0,0,0,0,0,0,0,0,0,0,0,0
3.0791547298431396,0,0.0,0.0,0.0,0.0,0.0,0.0,0.0,0.0,0.03,0,0,0,0,0,0,0,0,0,0,0,0,0,0,0,0,0,0,0,0,0
3.080456495285034,0,0.0,0.0,0.0,0.0,0.0,0.0,0.0,0.0,0.03,0,0,0,0,0,0,0,0,0,0,0,0,0,0,0,0,0,0,0,0,0
3.0817699432373047,0,0.0,0.0,0.0,0.0,0.0,0.0,0.0,0.0,0.03,0,0,0,0,0,0,0,0,0,0,0,0,0,0,0,0,0,0,0,0,0
3.085446834564209,0,0.0,0.0,0.0,0.0,0.0,0.0,0.0,0.0,0.03,0,0,0,0,0,0,0,0,0,0,0,0,0,0,0,0,0,0,0,0,0
3.086671829223633,0,0.0,0.0,0.0,0.0,0.0,0.0,0.0,0.0,0.03,0,0,0,0,0,0,0,0,0,0,0,0,0,0,0,0,0,0,0,0,0
3.0888020992279053,0,0.0,0.0,0.0,0.0,0.0,0.0,0.0,0.0,0.03,0,0,0,0,0,0,0,0,0,0,0,0,0,0,0,0,0,0,0,0,0
3.0904574394226074,0,0.0,0.0,0.0,0.0,0.0,0.0,0.0,0.0,0.03,0,0,0,0,0,0,0,0,0,0,0,0,0,0,0,0,0,0,0,0,0
3.093057155609131,0,0.0,0.0,0.0,0.0,0.0,0.0,0.0,0.0,0.03,0,0,0,0,0,0,0,0,0,0,0,0,0,0,0,0,0,0,0,0,0
3.0941693782806396,0,0.0,0.0,0.0,0.0,0.0,0.0,0.0,0.0,0.03,0,0,0,0,0,0,0,0,0,0,0,0,0,0,0,0,0,0,0,0,0
3.09555983543396,0,0.0,0.0,0.0,0.0,0.0,0.0,0.0,0.0,0.03,0,0,0,0,0,0,0,0,0,0,0,0,0,0,0,0,0,0,0,0,0
3.09721040725708,0,0.0,0.0,0.0,0.0,0.0,0.0,0.0,0.0,0.03,0,0,0,0,0,0,0,0,0,0,0,0,0,0,0,0,0,0,0,0,0
3.0989322662353516,0,0.0,0.0,0.0,0.0,0.0,0.0,0.0,0.0,0.03,0,0,0,0,0,0,0,0,0,0,0,0,0,0,0,0,0,0,0,0,0
3.100299119949341,0,0.0,0.0,0.0,0.0,0.0,0.0,0.0,0.0,0.03,0,0,0,0,0,0,0,0,0,0,0,0,0,0,0,0,0,0,0,0,0
3.10213303565979,0,0.0,0.0,0.0,0.0,0.0,0.0,0.0,0.0,0.03,0,0,0,0,0,0,0,0,0,0,0,0,0,0,0,0,0,0,0,0,0
3.103235960006714,0,0.0,0.0,0.0,0.0,0.0,0.0,0.0,0.0,0.03,0,0,0,0,0,0,0,0,0,0,0,0,0,0,0,0,0,0,0,0,0
3.1043038368225098,0,0.0,0.0,0.0,0.0,0.0,0.0,0.0,0.0,0.03,0,0,0,0,0,0,0,0,0,0,0,0,0,0,0,0,0,0,0,0,0
3.1053972244262695,0,0.0,0.0,0.0,0.0,0.0,0.0,0.0,0.0,0.03,0,0,0,0,0,0,0,0,0,0,0,0,0,0,0,0,0,0,0,0,0
3.1064891815185547,0,0.0,0.0,0.0,0.0,0.0,0.0,0.0,0.0,0.03,0,0,0,0,0,0,0,0,0,0,0,0,0,0,0,0,0,0,0,0,0
3.1076853275299072,0,0.0,0.0,0.0,0.0,0.0,0.0,0.0,0.0,0.03,0,0,0,0,0,0,0,0,0,0,0,0,0,0,0,0,0,0,0,0,0
3.1091041564941406,0,0.0,0.0,0.0,0.0,0.0,0.0,0.0,0.0,0.03,0,0,0,0,0,0,0,0,0,0,0,0,0,0,0,0,0,0,0,0,0
3.1101911067962646,0,0.0,0.0,0.0,0.0,0.0,0.0,0.0,0.0,0.03,0,0,0,0,0,0,0,0,0,0,0,0,0,0,0,0,0,0,0,0,0
3.1124634742736816,0,0.0,0.0,0.0,0.0,0.0,0.0,0.0,0.0,0.03,0,0,0,0,0,0,0,0,0,0,0,0,0,0,0,0,0,0,0,0,0
3.1136932373046875,0,0.0,0.0,0.0,0.0,0.0,0.0,0.0,0.0,0.03,0,0,0,0,0,0,0,0,0,0,0,0,0,0,0,0,0,0,0,0,0
3.1157875061035156,0,0.0,0.0,0.0,0.0,0.0,0.0,0.0,0.0,0.03,0,0,0,0,0,0,0,0,0,0,0,0,0,0,0,0,0,0,0,0,0
3.116978883743286,0,0.0,0.0,0.0,0.0,0.0,0.0,0.0,0.0,0.03,0,0,0,0,0,0,0,0,0,0,0,0,0,0,0,0,0,0,0,0,0
3.1181254386901855,0,0.0,0.0,0.0,0.0,0.0,0.0,0.0,0.0,0.03,0,0,0,0,0,0,0,0,0,0,0,0,0,0,0,0,0,0,0,0,0
3.1194307804107666,0,0.0,0.0,0.0,0.0,0.0,0.0,0.0,0.0,0.03,0,0,0,0,0,0,0,0,0,0,0,0,0,0,0,0,0,0,0,0,0
3.121030569076538,0,0.0,0.0,0.0,0.0,0.0,0.0,0.0,0.0,0.03,0,0,0,0,0,0,0,0,0,0,0,0,0,0,0,0,0,0,0,0,0
3.122112274169922,0,0.0,0.0,0.0,0.0,0.0,0.0,0.0,0.0,0.03,0,0,0,0,0,0,0,0,0,0,0,0,0,0,0,0,0,0,0,0,0
3.1239874362945557,0,0.0,0.0,0.0,0.0,0.0,0.0,0.0,0.0,0.03,0,0,0,0,0,0,0,0,0,0,0,0,0,0,0,0,0,0,0,0,0
3.125101327896118,0,0.0,0.0,0.0,0.0,0.0,0.0,0.0,0.0,0.03,0,0,0,0,0,0,0,0,0,0,0,0,0,0,0,0,0,0,0,0,0
3.1263301372528076,0,0.0,0.0,0.0,0.0,0.0,0.0,0.0,0.0,0.03,0,0,0,0,0,0,0,0,0,0,0,0,0,0,0,0,0,0,0,0,0
3.127549648284912,0,0.0,0.0,0.0,0.0,0.0,0.0,0.0,0.0,0.03,0,0,0,0,0,0,0,0,0,0,0,0,0,0,0,0,0,0,0,0,0
3.128631591796875,0,0.0,0.0,0.0,0.0,0.0,0.0,0.0,0.0,0.03,0,0,0,0,0,0,0,0,0,0,0,0,0,0,0,0,0,0,0,0,0
3.12983775138855,0,0.0,0.0,0.0,0.0,0.0,0.0,0.0,0.0,0.03,0,0,0,0,0,0,0,0,0,0,0,0,0,0,0,0,0,0,0,0,0
3.131221294403076,0,0.0,0.0,0.0,0.0,0.0,0.0,0.0,0.0,0.03,0,0,0,0,0,0,0,0,0,0,0,0,0,0,0,0,0,0,0,0,0
3.1334121227264404,0,0.0,0.0,0.0,0.0,0.0,0.0,0.0,0.0,0.03,0,0,0,0,0,0,0,0,0,0,0,0,0,0,0,0,0,0,0,0,0
3.1344988346099854,0,0.0,0.0,0.0,0.0,0.0,0.0,0.0,0.0,0.03,0,0,0,0,0,0,0,0,0,0,0,0,0,0,0,0,0,0,0,0,0
3.1356093883514404,0,0.0,0.0,0.0,0.0,0.0,0.0,0.0,0.0,0.03,0,0,0,0,0,0,0,0,0,0,0,0,0,0,0,0,0,0,0,0,0
3.137176036834717,0,0.0,0.0,0.0,0.0,0.0,0.0,0.0,0.0,0.03,0,0,0,0,0,0,0,0,0,0,0,0,0,0,0,0,0,0,0,0,0
3.138282537460327,0,0.0,0.0,0.0,0.0,0.0,0.0,0.0,0.0,0.03,0,0,0,0,0,0,0,0,0,0,0,0,0,0,0,0,0,0,0,0,0
3.1397147178649902,0,0.0,0.0,0.0,0.0,0.0,0.0,0.0,0.0,0.03,0,0,0,0,0,0,0,0,0,0,0,0,0,0,0,0,0,0,0,0,0
3.141251564025879,0,0.0,0.0,0.0,0.0,0.0,0.0,0.0,0.0,0.03,0,0,0,0,0,0,0,0,0,0,0,0,0,0,0,0,0,0,0,0,0
3.142345666885376,0,0.0,0.0,0.0,0.0,0.0,0.0,0.0,0.0,0.03,0,0,0,0,0,0,0,0,0,0,0,0,0,0,0,0,0,0,0,0,0
3.1455249786376953,0,0.0,0.0,0.0,0.0,0.0,0.0,0.0,0.0,0.03,0,0,0,0,0,0,0,0,0,0,0,0,0,0,0,0,0,0,0,0,0
3.147021770477295,0,0.0,0.0,0.0,0.0,0.0,0.0,0.0,0.0,0.03,0,0,0,0,0,0,0,0,0,0,0,0,0,0,0,0,0,0,0,0,0
3.1487278938293457,0,0.0,0.0,0.0,0.0,0.0,0.0,0.0,0.0,0.03,0,0,0,0,0,0,0,0,0,0,0,0,0,0,0,0,0,0,0,0,0
3.150421380996704,0,0.0,0.0,0.0,0.0,0.0,0.0,0.0,0.0,0.03,0,0,0,0,0,0,0,0,0,0,0,0,0,0,0,0,0,0,0,0,0
3.1521925926208496,0,0.0,0.0,0.0,0.0,0.0,0.0,0.0,0.0,0.03,0,0,0,0,0,0,0,0,0,0,0,0,0,0,0,0,0,0,0,0,0
3.1536366939544678,0,0.0,0.0,0.0,0.0,0.0,0.0,0.0,0.0,0.03,0,0,0,0,0,0,0,0,0,0,0,0,0,0,0,0,0,0,0,0,0
3.154902696609497,0,0.0,0.0,0.0,0.0,0.0,0.0,0.0,0.0,0.03,0,0,0,0,0,0,0,0,0,0,0,0,0,0,0,0,0,0,0,0,0
3.156738519668579,0,0.0,0.0,0.0,0.0,0.0,0.0,0.0,0.0,0.03,0,0,0,0,0,0,0,0,0,0,0,0,0,0,0,0,0,0,0,0,0
3.1580867767333984,0,0.0,0.0,0.0,0.0,0.0,0.0,0.0,0.0,0.03,0,0,0,0,0,0,0,0,0,0,0,0,0,0,0,0,0,0,0,0,0
3.159241199493408,0,0.0,0.0,0.0,0.0,0.0,0.0,0.0,0.0,0.03,0,0,0,0,0,0,0,0,0,0,0,0,0,0,0,0,0,0,0,0,0
3.160858392715454,0,0.0,0.0,0.0,0.0,0.0,0.0,0.0,0.0,0.03,0,0,0,0,0,0,0,0,0,0,0,0,0,0,0,0,0,0,0,0,0
3.1623640060424805,0,0.0,0.0,0.0,0.0,0.0,0.0,0.0,0.0,0.03,0,0,0,0,0,0,0,0,0,0,0,0,0,0,0,0,0,0,0,0,0
3.1635146141052246,0,0.0,0.0,0.0,0.0,0.0,0.0,0.0,0.0,0.03,0,0,0,0,0,0,0,0,0,0,0,0,0,0,0,0,0,0,0,0,0
3.1646058559417725,0,0.0,0.0,0.0,0.0,0.0,0.0,0.0,0.0,0.03,0,0,0,0,0,0,0,0,0,0,0,0,0,0,0,0,0,0,0,0,0
3.165722131729126,0,0.0,0.0,0.0,0.0,0.0,0.0,0.0,0.0,0.03,0,0,0,0,0,0,0,0,0,0,0,0,0,0,0,0,0,0,0,0,0
3.1668312549591064,0,0.0,0.0,0.0,0.0,0.0,0.0,0.0,0.0,0.03,0,0,0,0,0,0,0,0,0,0,0,0,0,0,0,0,0,0,0,0,0
3.168268918991089,0,0.0,0.0,0.0,0.0,0.0,0.0,0.0,0.0,0.03,0,0,0,0,0,0,0,0,0,0,0,0,0,0,0,0,0,0,0,0,0
3.170809507369995,0,0.0,0.0,0.0,0.0,0.0,0.0,0.0,0.0,0.03,0,0,0,0,0,0,0,0,0,0,0,0,0,0,0,0,0,0,0,0,0
3.173142671585083,0,0.0,0.0,0.0,0.0,0.0,0.0,0.0,0.0,0.03,0,0,0,0,0,0,0,0,0,0,0,0,0,0,0,0,0,0,0,0,0
3.1743297576904297,0,0.0,0.0,0.0,0.0,0.0,0.0,0.0,0.0,0.03,0,0,0,0,0,0,0,0,0,0,0,0,0,0,0,0,0,0,0,0,0
3.1754612922668457,0,0.0,0.0,0.0,0.0,0.0,0.0,0.0,0.0,0.03,0,0,0,0,0,0,0,0,0,0,0,0,0,0,0,0,0,0,0,0,0
3.178004264831543,0,0.0,0.0,0.0,0.0,0.0,0.0,0.0,0.0,0.03,0,0,0,0,0,0,0,0,0,0,0,0,0,0,0,0,0,0,0,0,0
3.179281234741211,0,0.0,0.0,0.0,0.0,0.0,0.0,0.0,0.0,0.03,0,0,0,0,0,0,0,0,0,0,0,0,0,0,0,0,0,0,0,0,0
3.1803767681121826,0,0.0,0.0,0.0,0.0,0.0,0.0,0.0,0.0,0.03,0,0,0,0,0,0,0,0,0,0,0,0,0,0,0,0,0,0,0,0,0
3.181593656539917,0,0.0,0.0,0.0,0.0,0.0,0.0,0.0,0.0,0.03,0,0,0,0,0,0,0,0,0,0,0,0,0,0,0,0,0,0,0,0,0
3.183028221130371,0,0.0,0.0,0.0,0.0,0.0,0.0,0.0,0.0,0.03,0,0,0,0,0,0,0,0,0,0,0,0,0,0,0,0,0,0,0,0,0
3.184220314025879,0,0.0,0.0,0.0,0.0,0.0,0.0,0.0,0.0,0.03,0,0,0,0,0,0,0,0,0,0,0,0,0,0,0,0,0,0,0,0,0
3.1853623390197754,0,0.0,0.0,0.0,0.0,0.0,0.0,0.0,0.0,0.03,0,0,0,0,0,0,0,0,0,0,0,0,0,0,0,0,0,0,0,0,0
3.1865100860595703,0,0.0,0.0,0.0,0.0,0.0,0.0,0.0,0.0,0.03,0,0,0,0,0,0,0,0,0,0,0,0,0,0,0,0,0,0,0,0,0
3.1880929470062256,0,0.0,0.0,0.0,0.0,0.0,0.0,0.0,0.0,0.03,0,0,0,0,0,0,0,0,0,0,0,0,0,0,0,0,0,0,0,0,0
3.1895227432250977,0,0.0,0.0,0.0,0.0,0.0,0.0,0.0,0.0,0.03,0,0,0,0,0,0,0,0,0,0,0,0,0,0,0,0,0,0,0,0,0
3.191685676574707,0,0.0,0.0,0.0,0.0,0.0,0.0,0.0,0.0,0.03,0,0,0,0,0,0,0,0,0,0,0,0,0,0,0,0,0,0,0,0,0
3.1927738189697266,0,0.0,0.0,0.0,0.0,0.0,0.0,0.0,0.0,0.03,0,0,0,0,0,0,0,0,0,0,0,0,0,0,0,0,0,0,0,0,0
3.193915605545044,0,0.0,0.0,0.0,0.0,0.0,0.0,0.0,0.0,0.03,0,0,0,0,0,0,0,0,0,0,0,0,0,0,0,0,0,0,0,0,0
3.195478677749634,0,0.0,0.0,0.0,0.0,0.0,0.0,0.0,0.0,0.03,0,0,0,0,0,0,0,0,0,0,0,0,0,0,0,0,0,0,0,0,0
3.1966359615325928,0,0.0,0.0,0.0,0.0,0.0,0.0,0.0,0.0,0.03,0,0,0,0,0,0,0,0,0,0,0,0,0,0,0,0,0,0,0,0,0
3.1977176666259766,0,0.0,0.0,0.0,0.0,0.0,0.0,0.0,0.0,0.03,0,0,0,0,0,0,0,0,0,0,0,0,0,0,0,0,0,0,0,0,0
3.1989173889160156,0,0.0,0.0,0.0,0.0,0.0,0.0,0.0,0.0,0.03,0,0,0,0,0,0,0,0,0,0,0,0,0,0,0,0,0,0,0,0,0
3.2001097202301025,0,0.0,0.0,0.0,0.0,0.0,0.0,0.0,0.0,0.03,0,0,0,0,0,0,0,0,0,0,0,0,0,0,0,0,0,0,0,0,0
3.201192617416382,0,0.0,0.0,0.0,0.0,0.0,0.0,0.0,0.0,0.03,0,0,0,0,0,0,0,0,0,0,0,0,0,0,0,0,0,0,0,0,0
3.2026941776275635,0,0.0,0.0,0.0,0.0,0.0,0.0,0.0,0.0,0.03,0,0,0,0,0,0,0,0,0,0,0,0,0,0,0,0,0,0,0,0,0
3.203815221786499,0,0.0,0.0,0.0,0.0,0.0,0.0,0.0,0.0,0.03,0,0,0,0,0,0,0,0,0,0,0,0,0,0,0,0,0,0,0,0,0
3.205341100692749,0,0.0,0.0,0.0,0.0,0.0,0.0,0.0,0.0,0.03,0,0,0,0,0,0,0,0,0,0,0,0,0,0,0,0,0,0,0,0,0
3.2065112590789795,0,0.0,0.0,0.0,0.0,0.0,0.0,0.0,0.0,0.03,0,0,0,0,0,0,0,0,0,0,0,0,0,0,0,0,0,0,0,0,0
3.2080368995666504,0,0.0,0.0,0.0,0.0,0.0,0.0,0.0,0.0,0.03,0,0,0,0,0,0,0,0,0,0,0,0,0,0,0,0,0,0,0,0,0
3.2094030380249023,0,0.0,0.0,0.0,0.0,0.0,0.0,0.0,0.0,0.03,0,0,0,0,0,0,0,0,0,0,0,0,0,0,0,0,0,0,0,0,0
3.2105424404144287,0,0.0,0.0,0.0,0.0,0.0,0.0,0.0,0.0,0.03,0,0,0,0,0,0,0,0,0,0,0,0,0,0,0,0,0,0,0,0,0
3.2119991779327393,0,0.0,0.0,0.0,0.0,0.0,0.0,0.0,0.0,0.03,0,0,0,0,0,0,0,0,0,0,0,0,0,0,0,0,0,0,0,0,0
3.213296413421631,0,0.0,0.0,0.0,0.0,0.0,0.0,0.0,0.0,0.03,0,0,0,0,0,0,0,0,0,0,0,0,0,0,0,0,0,0,0,0,0
3.2150328159332275,0,0.0,0.0,0.0,0.0,0.0,0.0,0.0,0.0,0.03,0,0,0,0,0,0,0,0,0,0,0,0,0,0,0,0,0,0,0,0,0
3.216883659362793,0,0.0,0.0,0.0,0.0,0.0,0.0,0.0,0.0,0.03,0,0,0,0,0,0,0,0,0,0,0,0,0,0,0,0,0,0,0,0,0
3.2179908752441406,0,0.0,0.0,0.0,0.0,0.0,0.0,0.0,0.0,0.03,0,0,0,0,0,0,0,0,0,0,0,0,0,0,0,0,0,0,0,0,0
3.2199885845184326,0,0.0,0.0,0.0,0.0,0.0,0.0,0.0,0.0,0.03,0,0,0,0,0,0,0,0,0,0,0,0,0,0,0,0,0,0,0,0,0
3.2211191654205322,0,0.0,0.0,0.0,0.0,0.0,0.0,0.0,0.0,0.03,0,0,0,0,0,0,0,0,0,0,0,0,0,0,0,0,0,0,0,0,0
3.2222821712493896,0,0.0,0.0,0.0,0.0,0.0,0.0,0.0,0.0,0.03,0,0,0,0,0,0,0,0,0,0,0,0,0,0,0,0,0,0,0,0,0
3.223341464996338,0,0.0,0.0,0.0,0.0,0.0,0.0,0.0,0.0,0.03,0,0,0,0,0,0,0,0,0,0,0,0,0,0,0,0,0,0,0,0,0
3.2246079444885254,0,0.0,0.0,0.0,0.0,0.0,0.0,0.0,0.0,0.03,0,0,0,0,0,0,0,0,0,0,0,0,0,0,0,0,0,0,0,0,0
3.225773572921753,0,0.0,0.0,0.0,0.0,0.0,0.0,0.0,0.0,0.03,0,0,0,0,0,0,0,0,0,0,0,0,0,0,0,0,0,0,0,0,0
3.2277183532714844,0,0.0,0.0,0.0,0.0,0.0,0.0,0.0,0.0,0.03,0,0,0,0,0,0,0,0,0,0,0,0,0,0,0,0,0,0,0,0,0
3.2288224697113037,0,0.0,0.0,0.0,0.0,0.0,0.0,0.0,0.0,0.03,0,0,0,0,0,0,0,0,0,0,0,0,0,0,0,0,0,0,0,0,0
3.230952739715576,0,0.0,0.0,0.0,0.0,0.0,0.0,0.0,0.0,0.03,0,0,0,0,0,0,0,0,0,0,0,0,0,0,0,0,0,0,0,0,0
3.232067346572876,0,0.0,0.0,0.0,0.0,0.0,0.0,0.0,0.0,0.03,0,0,0,0,0,0,0,0,0,0,0,0,0,0,0,0,0,0,0,0,0
3.2332870960235596,0,0.0,0.0,0.0,0.0,0.0,0.0,0.0,0.0,0.03,0,0,0,0,0,0,0,0,0,0,0,0,0,0,0,0,0,0,0,0,0
3.234400749206543,0,0.0,0.0,0.0,0.0,0.0,0.0,0.0,0.0,0.03,0,0,0,0,0,0,0,0,0,0,0,0,0,0,0,0,0,0,0,0,0
3.2362630367279053,0,0.0,0.0,0.0,0.0,0.0,0.0,0.0,0.0,0.03,0,0,0,0,0,0,0,0,0,0,0,0,0,0,0,0,0,0,0,0,0
3.2377710342407227,0,0.0,0.0,0.0,0.0,0.0,0.0,0.0,0.0,0.03,0,0,0,0,0,0,0,0,0,0,0,0,0,0,0,0,0,0,0,0,0
3.2388691902160645,0,0.0,0.0,0.0,0.0,0.0,0.0,0.0,0.0,0.03,0,0,0,0,0,0,0,0,0,0,0,0,0,0,0,0,0,0,0,0,0
3.2406880855560303,0,0.0,0.0,0.0,0.0,0.0,0.0,0.0,0.0,0.03,0,0,0,0,0,0,0,0,0,0,0,0,0,0,0,0,0,0,0,0,0
3.241832733154297,0,0.0,0.0,0.0,0.0,0.0,0.0,0.0,0.0,0.03,0,0,0,0,0,0,0,0,0,0,0,0,0,0,0,0,0,0,0,0,0
3.243049383163452,0,0.0,0.0,0.0,0.0,0.0,0.0,0.0,0.0,0.03,0,0,0,0,0,0,0,0,0,0,0,0,0,0,0,0,0,0,0,0,0
3.2442643642425537,0,0.0,0.0,0.0,0.0,0.0,0.0,0.0,0.0,0.03,0,0,0,0,0,0,0,0,0,0,0,0,0,0,0,0,0,0,0,0,0
3.245351552963257,0,0.0,0.0,0.0,0.0,0.0,0.0,0.0,0.0,0.03,0,0,0,0,0,0,0,0,0,0,0,0,0,0,0,0,0,0,0,0,0
3.2465343475341797,0,0.0,0.0,0.0,0.0,0.0,0.0,0.0,0.0,0.03,0,0,0,0,0,0,0,0,0,0,0,0,0,0,0,0,0,0,0,0,0
3.247925043106079,0,0.0,0.0,0.0,0.0,0.0,0.0,0.0,0.0,0.03,0,0,0,0,0,0,0,0,0,0,0,0,0,0,0,0,0,0,0,0,0
3.249450922012329,0,0.0,0.0,0.0,0.0,0.0,0.0,0.0,0.0,0.03,0,0,0,0,0,0,0,0,0,0,0,0,0,0,0,0,0,0,0,0,0
3.250725030899048,0,0.0,0.0,0.0,0.0,0.0,0.0,0.0,0.0,0.03,0,0,0,0,0,0,0,0,0,0,0,0,0,0,0,0,0,0,0,0,0
3.251934766769409,0,0.0,0.0,0.0,0.0,0.0,0.0,0.0,0.0,0.03,0,0,0,0,0,0,0,0,0,0,0,0,0,0,0,0,0,0,0,0,0
3.252995252609253,0,0.0,0.0,0.0,0.0,0.0,0.0,0.0,0.0,0.03,0,0,0,0,0,0,0,0,0,0,0,0,0,0,0,0,0,0,0,0,0
3.254941940307617,0,0.0,0.0,0.0,0.0,0.0,0.0,0.0,0.0,0.03,0,0,0,0,0,0,0,0,0,0,0,0,0,0,0,0,0,0,0,0,0
3.2560367584228516,0,0.0,0.0,0.0,0.0,0.0,0.0,0.0,0.0,0.03,0,0,0,0,0,0,0,0,0,0,0,0,0,0,0,0,0,0,0,0,0
3.2579493522644043,0,0.0,0.0,0.0,0.0,0.0,0.0,0.0,0.0,0.03,0,0,0,0,0,0,0,0,0,0,0,0,0,0,0,0,0,0,0,0,0
3.259032964706421,0,0.0,0.0,0.0,0.0,0.0,0.0,0.0,0.0,0.03,0,0,0,0,0,0,0,0,0,0,0,0,0,0,0,0,0,0,0,0,0
3.2620599269866943,0,0.0,0.0,0.0,0.0,0.0,0.0,0.0,0.0,0.03,0,0,0,0,0,0,0,0,0,0,0,0,0,0,0,0,0,0,0,0,0
3.2635269165039062,0,0.0,0.0,0.0,0.0,0.0,0.0,0.0,0.0,0.03,0,0,0,0,0,0,0,0,0,0,0,0,0,0,0,0,0,0,0,0,0
3.2654247283935547,0,0.0,0.0,0.0,0.0,0.0,0.0,0.0,0.0,0.03,0,0,0,0,0,0,0,0,0,0,0,0,0,0,0,0,0,0,0,0,0
3.2677817344665527,0,0.0,0.0,0.0,0.0,0.0,0.0,0.0,0.0,0.03,0,0,0,0,0,0,0,0,0,0,0,0,0,0,0,0,0,0,0,0,0
3.2689144611358643,0,0.0,0.0,0.0,0.0,0.0,0.0,0.0,0.0,0.03,0,0,0,0,0,0,0,0,0,0,0,0,0,0,0,0,0,0,0,0,0
3.270347833633423,0,0.0,0.0,0.0,0.0,0.0,0.0,0.0,0.0,0.03,0,0,0,0,0,0,0,0,0,0,0,0,0,0,0,0,0,0,0,0,0
3.271634578704834,0,0.0,0.0,0.0,0.0,0.0,0.0,0.0,0.0,0.03,0,0,0,0,0,0,0,0,0,0,0,0,0,0,0,0,0,0,0,0,0
3.2735507488250732,0,0.0,0.0,0.0,0.0,0.0,0.0,0.0,0.0,0.03,0,0,0,0,0,0,0,0,0,0,0,0,0,0,0,0,0,0,0,0,0
3.2748594284057617,0,0.0,0.0,0.0,0.0,0.0,0.0,0.0,0.0,0.03,0,0,0,0,0,0,0,0,0,0,0,0,0,0,0,0,0,0,0,0,0
3.275959014892578,0,0.0,0.0,0.0,0.0,0.0,0.0,0.0,0.0,0.03,0,0,0,0,0,0,0,0,0,0,0,0,0,0,0,0,0,0,0,0,0
3.277958631515503,0,0.0,0.0,0.0,0.0,0.0,0.0,0.0,0.0,0.03,0,0,0,0,0,0,0,0,0,0,0,0,0,0,0,0,0,0,0,0,0
3.279047966003418,0,0.0,0.0,0.0,0.0,0.0,0.0,0.0,0.0,0.03,0,0,0,0,0,0,0,0,0,0,0,0,0,0,0,0,0,0,0,0,0
3.2802042961120605,0,0.0,0.0,0.0,0.0,0.0,0.0,0.0,0.0,0.03,0,0,0,0,0,0,0,0,0,0,0,0,0,0,0,0,0,0,0,0,0
3.2813150882720947,0,0.0,0.0,0.0,0.0,0.0,0.0,0.0,0.0,0.03,0,0,0,0,0,0,0,0,0,0,0,0,0,0,0,0,0,0,0,0,0
3.282431125640869,0,0.0,0.0,0.0,0.0,0.0,0.0,0.0,0.0,0.03,0,0,0,0,0,0,0,0,0,0,0,0,0,0,0,0,0,0,0,0,0
3.283586263656616,0,0.0,0.0,0.0,0.0,0.0,0.0,0.0,0.0,0.03,0,0,0,0,0,0,0,0,0,0,0,0,0,0,0,0,0,0,0,0,0
3.28489089012146,0,0.0,0.0,0.0,0.0,0.0,0.0,0.0,0.0,0.03,0,0,0,0,0,0,0,0,0,0,0,0,0,0,0,0,0,0,0,0,0
3.286048173904419,0,0.0,0.0,0.0,0.0,0.0,0.0,0.0,0.0,0.03,0,0,0,0,0,0,0,0,0,0,0,0,0,0,0,0,0,0,0,0,0
3.2877867221832275,0,0.0,0.0,0.0,0.0,0.0,0.0,0.0,0.0,0.03,0,0,0,0,0,0,0,0,0,0,0,0,0,0,0,0,0,0,0,0,0
3.2895119190216064,0,0.0,0.0,0.0,0.0,0.0,0.0,0.0,0.0,0.03,0,0,0,0,0,0,0,0,0,0,0,0,0,0,0,0,0,0,0,0,0
3.290719747543335,0,0.0,0.0,0.0,0.0,0.0,0.0,0.0,0.0,0.03,0,0,0,0,0,0,0,0,0,0,0,0,0,0,0,0,0,0,0,0,0
3.2920472621917725,0,0.0,0.0,0.0,0.0,0.0,0.0,0.0,0.0,0.03,0,0,0,0,0,0,0,0,0,0,0,0,0,0,0,0,0,0,0,0,0
3.2932651042938232,0,0.0,0.0,0.0,0.0,0.0,0.0,0.0,0.0,0.03,0,0,0,0,0,0,0,0,0,0,0,0,0,0,0,0,0,0,0,0,0
3.2944130897521973,0,0.0,0.0,0.0,0.0,0.0,0.0,0.0,0.0,0.03,0,0,0,0,0,0,0,0,0,0,0,0,0,0,0,0,0,0,0,0,0
3.2955703735351562,0,0.0,0.0,0.0,0.0,0.0,0.0,0.0,0.0,0.03,0,0,0,0,0,0,0,0,0,0,0,0,0,0,0,0,0,0,0,0,0
3.296980619430542,0,0.0,0.0,0.0,0.0,0.0,0.0,0.0,0.0,0.03,0,0,0,0,0,0,0,0,0,0,0,0,0,0,0,0,0,0,0,0,0
3.2981226444244385,0,0.0,0.0,0.0,0.0,0.0,0.0,0.0,0.0,0.03,0,0,0,0,0,0,0,0,0,0,0,0,0,0,0,0,0,0,0,0,0
3.300171375274658,0,0.0,0.0,0.0,0.0,0.0,0.0,0.0,0.0,0.03,0,0,0,0,0,0,0,0,0,0,0,0,0,0,0,0,0,0,0,0,0
3.30123233795166,0,0.0,0.0,0.0,0.0,0.0,0.0,0.0,0.0,0.03,0,0,0,0,0,0,0,0,0,0,0,0,0,0,0,0,0,0,0,0,0
3.3024044036865234,0,0.0,0.0,0.0,0.0,0.0,0.0,0.0,0.0,0.03,0,0,0,0,0,0,0,0,0,0,0,0,0,0,0,0,0,0,0,0,0
3.303494453430176,0,0.0,0.0,0.0,0.0,0.0,0.0,0.0,0.0,0.03,0,0,0,0,0,0,0,0,0,0,0,0,0,0,0,0,0,0,0,0,0
3.3048903942108154,0,0.0,0.0,0.0,0.0,0.0,0.0,0.0,0.0,0.03,0,0,0,0,0,0,0,0,0,0,0,0,0,0,0,0,0,0,0,0,0
3.3066060543060303,0,0.0,0.0,0.0,0.0,0.0,0.0,0.0,0.0,0.03,0,0,0,0,0,0,0,0,0,0,0,0,0,0,0,0,0,0,0,0,0
3.3080923557281494,0,0.0,0.0,0.0,0.0,0.0,0.0,0.0,0.0,0.03,0,0,0,0,0,0,0,0,0,0,0,0,0,0,0,0,0,0,0,0,0
3.310483932495117,0,0.0,0.0,0.0,0.0,0.0,0.0,0.0,0.0,0.03,0,0,0,0,0,0,0,0,0,0,0,0,0,0,0,0,0,0,0,0,0
3.3115875720977783,0,0.0,0.0,0.0,0.0,0.0,0.0,0.0,0.0,0.03,0,0,0,0,0,0,0,0,0,0,0,0,0,0,0,0,0,0,0,0,0
3.3128390312194824,0,0.0,0.0,0.0,0.0,0.0,0.0,0.0,0.0,0.03,0,0,0,0,0,0,0,0,0,0,0,0,0,0,0,0,0,0,0,0,0
3.3143067359924316,0,0.0,0.0,0.0,0.0,0.0,0.0,0.0,0.0,0.03,0,0,0,0,0,0,0,0,0,0,0,0,0,0,0,0,0,0,0,0,0
3.315734386444092,0,0.0,0.0,0.0,0.0,0.0,0.0,0.0,0.0,0.03,0,0,0,0,0,0,0,0,0,0,0,0,0,0,0,0,0,0,0,0,0
3.3169190883636475,0,0.0,0.0,0.0,0.0,0.0,0.0,0.0,0.0,0.03,0,0,0,0,0,0,0,0,0,0,0,0,0,0,0,0,0,0,0,0,0
3.317983865737915,0,0.0,0.0,0.0,0.0,0.0,0.0,0.0,0.0,0.03,0,0,0,0,0,0,0,0,0,0,0,0,0,0,0,0,0,0,0,0,0
3.3190903663635254,0,0.0,0.0,0.0,0.0,0.0,0.0,0.0,0.0,0.03,0,0,0,0,0,0,0,0,0,0,0,0,0,0,0,0,0,0,0,0,0
3.320173501968384,0,0.0,0.0,0.0,0.0,0.0,0.0,0.0,0.0,0.03,0,0,0,0,0,0,0,0,0,0,0,0,0,0,0,0,0,0,0,0,0
3.3221466541290283,0,0.0,0.0,0.0,0.0,0.0,0.0,0.0,0.0,0.03,0,0,0,0,0,0,0,0,0,0,0,0,0,0,0,0,0,0,0,0,0
3.323232412338257,0,0.0,0.0,0.0,0.0,0.0,0.0,0.0,0.0,0.03,0,0,0,0,0,0,0,0,0,0,0,0,0,0,0,0,0,0,0,0,0
3.3249776363372803,0,0.0,0.0,0.0,0.0,0.0,0.0,0.0,0.0,0.03,0,0,0,0,0,0,0,0,0,0,0,0,0,0,0,0,0,0,0,0,0
3.3265268802642822,0,0.0,0.0,0.0,0.0,0.0,0.0,0.0,0.0,0.03,0,0,0,0,0,0,0,0,0,0,0,0,0,0,0,0,0,0,0,0,0
3.3278968334198,0,0.0,0.0,0.0,0.0,0.0,0.0,0.0,0.0,0.03,0,0,0,0,0,0,0,0,0,0,0,0,0,0,0,0,0,0,0,0,0
3.3293309211730957,0,0.0,0.0,0.0,0.0,0.0,0.0,0.0,0.0,0.03,0,0,0,0,0,0,0,0,0,0,0,0,0,0,0,0,0,0,0,0,0
3.3305113315582275,0,0.0,0.0,0.0,0.0,0.0,0.0,0.0,0.0,0.03,0,0,0,0,0,0,0,0,0,0,0,0,0,0,0,0,0,0,0,0,0
3.3320152759552,0,0.0,0.0,0.0,0.0,0.0,0.0,0.0,0.0,0.03,0,0,0,0,0,0,0,0,0,0,0,0,0,0,0,0,0,0,0,0,0
3.33347749710083,0,0.0,0.0,0.0,0.0,0.0,0.0,0.0,0.0,0.03,0,0,0,0,0,0,0,0,0,0,0,0,0,0,0,0,0,0,0,0,0
3.3347437381744385,0,0.0,0.0,0.0,0.0,0.0,0.0,0.0,0.0,0.03,0,0,0,0,0,0,0,0,0,0,0,0,0,0,0,0,0,0,0,0,0
3.336432933807373,0,0.0,0.0,0.0,0.0,0.0,0.0,0.0,0.0,0.03,0,0,0,0,0,0,0,0,0,0,0,0,0,0,0,0,0,0,0,0,0
3.33782696723938,0,0.0,0.0,0.0,0.0,0.0,0.0,0.0,0.0,0.03,0,0,0,0,0,0,0,0,0,0,0,0,0,0,0,0,0,0,0,0,0
3.3397376537323,0,0.0,0.0,0.0,0.0,0.0,0.0,0.0,0.0,0.03,0,0,0,0,0,0,0,0,0,0,0,0,0,0,0,0,0,0,0,0,0
3.340930223464966,0,0.0,0.0,0.0,0.0,0.0,0.0,0.0,0.0,0.03,0,0,0,0,0,0,0,0,0,0,0,0,0,0,0,0,0,0,0,0,0
3.3420820236206055,0,0.0,0.0,0.0,0.0,0.0,0.0,0.0,0.0,0.03,0,0,0,0,0,0,0,0,0,0,0,0,0,0,0,0,0,0,0,0,0
3.343261957168579,0,0.0,0.0,0.0,0.0,0.0,0.0,0.0,0.0,0.03,0,0,0,0,0,0,0,0,0,0,0,0,0,0,0,0,0,0,0,0,0
3.344353675842285,0,0.0,0.0,0.0,0.0,0.0,0.0,0.0,0.0,0.03,0,0,0,0,0,0,0,0,0,0,0,0,0,0,0,0,0,0,0,0,0
3.345466375350952,0,0.0,0.0,0.0,0.0,0.0,0.0,0.0,0.0,0.03,0,0,0,0,0,0,0,0,0,0,0,0,0,0,0,0,0,0,0,0,0
3.3466193675994873,0,0.0,0.0,0.0,0.0,0.0,0.0,0.0,0.0,0.03,0,0,0,0,0,0,0,0,0,0,0,0,0,0,0,0,0,0,0,0,0
3.3477609157562256,0,0.0,0.0,0.0,0.0,0.0,0.0,0.0,0.0,0.03,0,0,0,0,0,0,0,0,0,0,0,0,0,0,0,0,0,0,0,0,0
3.3495564460754395,0,0.0,0.0,0.0,0.0,0.0,0.0,0.0,0.0,0.03,0,0,0,0,0,0,0,0,0,0,0,0,0,0,0,0,0,0,0,0,0
3.3520236015319824,0,0.0,0.0,0.0,0.0,0.0,0.0,0.0,0.0,0.03,0,0,0,0,0,0,0,0,0,0,0,0,0,0,0,0,0,0,0,0,0
3.3530843257904053,0,0.0,0.0,0.0,0.0,0.0,0.0,0.0,0.0,0.03,0,0,0,0,0,0,0,0,0,0,0,0,0,0,0,0,0,0,0,0,0
3.3542401790618896,0,0.0,0.0,0.0,0.0,0.0,0.0,0.0,0.0,0.03,0,0,0,0,0,0,0,0,0,0,0,0,0,0,0,0,0,0,0,0,0
3.355576992034912,0,0.0,0.0,0.0,0.0,0.0,0.0,0.0,0.0,0.03,0,0,0,0,0,0,0,0,0,0,0,0,0,0,0,0,0,0,0,0,0
3.3574066162109375,0,0.0,0.0,0.0,0.0,0.0,0.0,0.0,0.0,0.03,0,0,0,0,0,0,0,0,0,0,0,0,0,0,0,0,0,0,0,0,0
3.358869791030884,0,0.0,0.0,0.0,0.0,0.0,0.0,0.0,0.0,0.03,0,0,0,0,0,0,0,0,0,0,0,0,0,0,0,0,0,0,0,0,0
3.3602004051208496,0,0.0,0.0,0.0,0.0,0.0,0.0,0.0,0.0,0.03,0,0,0,0,0,0,0,0,0,0,0,0,0,0,0,0,0,0,0,0,0
3.3614211082458496,0,0.0,0.0,0.0,0.0,0.0,0.0,0.0,0.0,0.03,0,0,0,0,0,0,0,0,0,0,0,0,0,0,0,0,0,0,0,0,0
3.363213539123535,0,0.0,0.0,0.0,0.0,0.0,0.0,0.0,0.0,0.03,0,0,0,0,0,0,0,0,0,0,0,0,0,0,0,0,0,0,0,0,0
3.3644320964813232,0,0.0,0.0,0.0,0.0,0.0,0.0,0.0,0.0,0.03,0,0,0,0,0,0,0,0,0,0,0,0,0,0,0,0,0,0,0,0,0
3.3656468391418457,0,0.0,0.0,0.0,0.0,0.0,0.0,0.0,0.0,0.03,0,0,0,0,0,0,0,0,0,0,0,0,0,0,0,0,0,0,0,0,0
3.366743803024292,0,0.0,0.0,0.0,0.0,0.0,0.0,0.0,0.0,0.03,0,0,0,0,0,0,0,0,0,0,0,0,0,0,0,0,0,0,0,0,0
3.368114709854126,0,0.0,0.0,0.0,0.0,0.0,0.0,0.0,0.0,0.03,0,0,0,0,0,0,0,0,0,0,0,0,0,0,0,0,0,0,0,0,0
3.3692147731781006,0,0.0,0.0,0.0,0.0,0.0,0.0,0.0,0.0,0.03,0,0,0,0,0,0,0,0,0,0,0,0,0,0,0,0,0,0,0,0,0
3.3731205463409424,0,0.0,0.0,0.0,0.0,0.0,0.0,0.0,0.0,0.03,0,0,0,0,0,0,0,0,0,0,0,0,0,0,0,0,0,0,0,0,0
3.374562978744507,0,0.0,0.0,0.0,0.0,0.0,0.0,0.0,0.0,0.03,0,0,0,0,0,0,0,0,0,0,0,0,0,0,0,0,0,0,0,0,0
3.375918388366699,0,0.0,0.0,0.0,0.0,0.0,0.0,0.0,0.0,0.03,0,0,0,0,0,0,0,0,0,0,0,0,0,0,0,0,0,0,0,0,0
3.3770511150360107,0,0.0,0.0,0.0,0.0,0.0,0.0,0.0,0.0,0.03,0,0,0,0,0,0,0,0,0,0,0,0,0,0,0,0,0,0,0,0,0
3.379357099533081,0,0.0,0.0,0.0,0.0,0.0,0.0,0.0,0.0,0.03,0,0,0,0,0,0,0,0,0,0,0,0,0,0,0,0,0,0,0,0,0
3.3805177211761475,0,0.0,0.0,0.0,0.0,0.0,0.0,0.0,0.0,0.03,0,0,0,0,0,0,0,0,0,0,0,0,0,0,0,0,0,0,0,0,0
3.3822925090789795,0,0.0,0.0,0.0,0.0,0.0,0.0,0.0,0.0,0.03,0,0,0,0,0,0,0,0,0,0,0,0,0,0,0,0,0,0,0,0,0
3.383655309677124,0,0.0,0.0,0.0,0.0,0.0,0.0,0.0,0.0,0.03,0,0,0,0,0,0,0,0,0,0,0,0,0,0,0,0,0,0,0,0,0
3.385279417037964,0,0.0,0.0,0.0,0.0,0.0,0.0,0.0,0.0,0.03,0,0,0,0,0,0,0,0,0,0,0,0,0,0,0,0,0,0,0,0,0
3.3871161937713623,0,0.0,0.0,0.0,0.0,0.0,0.0,0.0,0.0,0.03,0,0,0,0,0,0,0,0,0,0,0,0,0,0,0,0,0,0,0,0,0
3.3887298107147217,0,0.0,0.0,0.0,0.0,0.0,0.0,0.0,0.0,0.03,0,0,0,0,0,0,0,0,0,0,0,0,0,0,0,0,0,0,0,0,0
3.3899197578430176,0,0.0,0.0,0.0,0.0,0.0,0.0,0.0,0.0,0.03,0,0,0,0,0,0,0,0,0,0,0,0,0,0,0,0,0,0,0,0,0
3.3923096656799316,0,0.0,0.0,0.0,0.0,0.0,0.0,0.0,0.0,0.03,0,0,0,0,0,0,0,0,0,0,0,0,0,0,0,0,0,0,0,0,0
3.393792152404785,0,0.0,0.0,0.0,0.0,0.0,0.0,0.0,0.0,0.03,0,0,0,0,0,0,0,0,0,0,0,0,0,0,0,0,0,0,0,0,0
3.3950438499450684,0,0.0,0.0,0.0,0.0,0.0,0.0,0.0,0.0,0.03,0,0,0,0,0,0,0,0,0,0,0,0,0,0,0,0,0,0,0,0,0
3.396437406539917,0,0.0,0.0,0.0,0.0,0.0,0.0,0.0,0.0,0.03,0,0,0,0,0,0,0,0,0,0,0,0,0,0,0,0,0,0,0,0,0
3.3978867530822754,0,0.0,0.0,0.0,0.0,0.0,0.0,0.0,0.0,0.03,0,0,0,0,0,0,0,0,0,0,0,0,0,0,0,0,0,0,0,0,0
3.400031805038452,0,0.0,0.0,0.0,0.0,0.0,0.0,0.0,0.0,0.03,0,0,0,0,0,0,0,0,0,0,0,0,0,0,0,0,0,0,0,0,0
3.4015138149261475,0,0.0,0.0,0.0,0.0,0.0,0.0,0.0,0.0,0.03,0,0,0,0,0,0,0,0,0,0,0,0,0,0,0,0,0,0,0,0,0
3.4027276039123535,0,0.0,0.0,0.0,0.0,0.0,0.0,0.0,0.0,0.03,0,0,0,0,0,0,0,0,0,0,0,0,0,0,0,0,0,0,0,0,0
3.4048895835876465,0,0.0,0.0,0.0,0.0,0.0,0.0,0.0,0.0,0.03,0,0,0,0,0,0,0,0,0,0,0,0,0,0,0,0,0,0,0,0,0
3.4065091609954834,0,0.0,0.0,0.0,0.0,0.0,0.0,0.0,0.0,0.03,0,0,0,0,0,0,0,0,0,0,0,0,0,0,0,0,0,0,0,0,0
3.4076788425445557,0,0.0,0.0,0.0,0.0,0.0,0.0,0.0,0.0,0.03,0,0,0,0,0,0,0,0,0,0,0,0,0,0,0,0,0,0,0,0,0
3.4087891578674316,0,0.0,0.0,0.0,0.0,0.0,0.0,0.0,0.0,0.03,0,0,0,0,0,0,0,0,0,0,0,0,0,0,0,0,0,0,0,0,0
3.4099252223968506,0,0.0,0.0,0.0,0.0,0.0,0.0,0.0,0.0,0.03,0,0,0,0,0,0,0,0,0,0,0,0,0,0,0,0,0,0,0,0,0
3.411036729812622,0,0.0,0.0,0.0,0.0,0.0,0.0,0.0,0.0,0.03,0,0,0,0,0,0,0,0,0,0,0,0,0,0,0,0,0,0,0,0,0
3.412247896194458,0,0.0,0.0,0.0,0.0,0.0,0.0,0.0,0.0,0.03,0,0,0,0,0,0,0,0,0,0,0,0,0,0,0,0,0,0,0,0,0
3.4147868156433105,0,0.0,0.0,0.0,0.0,0.0,0.0,0.0,0.0,0.03,0,0,0,0,0,0,0,0,0,0,0,0,0,0,0,0,0,0,0,0,0
3.4162843227386475,0,0.0,0.0,0.0,0.0,0.0,0.0,0.0,0.0,0.03,0,0,0,0,0,0,0,0,0,0,0,0,0,0,0,0,0,0,0,0,0
3.418147563934326,0,0.0,0.0,0.0,0.0,0.0,0.0,0.0,0.0,0.03,0,0,0,0,0,0,0,0,0,0,0,0,0,0,0,0,0,0,0,0,0
3.4194302558898926,0,0.0,0.0,0.0,0.0,0.0,0.0,0.0,0.0,0.03,0,0,0,0,0,0,0,0,0,0,0,0,0,0,0,0,0,0,0,0,0
3.4205479621887207,0,0.0,0.0,0.0,0.0,0.0,0.0,0.0,0.0,0.03,0,0,0,0,0,0,0,0,0,0,0,0,0,0,0,0,0,0,0,0,0
3.4217193126678467,0,0.0,0.0,0.0,0.0,0.0,0.0,0.0,0.0,0.03,0,0,0,0,0,0,0,0,0,0,0,0,0,0,0,0,0,0,0,0,0
3.4229397773742676,0,0.0,0.0,0.0,0.0,0.0,0.0,0.0,0.0,0.03,0,0,0,0,0,0,0,0,0,0,0,0,0,0,0,0,0,0,0,0,0
3.4243454933166504,0,0.0,0.0,0.0,0.0,0.0,0.0,0.0,0.0,0.03,0,0,0,0,0,0,0,0,0,0,0,0,0,0,0,0,0,0,0,0,0
3.425536870956421,0,0.0,0.0,0.0,0.0,0.0,0.0,0.0,0.0,0.03,0,0,0,0,0,0,0,0,0,0,0,0,0,0,0,0,0,0,0,0,0
3.4275879859924316,0,0.0,0.0,0.0,0.0,0.0,0.0,0.0,0.0,0.03,0,0,0,0,0,0,0,0,0,0,0,0,0,0,0,0,0,0,0,0,0
3.4287188053131104,0,0.0,0.0,0.0,0.0,0.0,0.0,0.0,0.0,0.03,0,0,0,0,0,0,0,0,0,0,0,0,0,0,0,0,0,0,0,0,0
3.4298198223114014,0,0.0,0.0,0.0,0.0,0.0,0.0,0.0,0.0,0.03,0,0,0,0,0,0,0,0,0,0,0,0,0,0,0,0,0,0,0,0,0
3.430999994277954,0,0.0,0.0,0.0,0.0,0.0,0.0,0.0,0.0,0.03,0,0,0,0,0,0,0,0,0,0,0,0,0,0,0,0,0,0,0,0,0
3.432084083557129,0,0.0,0.0,0.0,0.0,0.0,0.0,0.0,0.0,0.03,0,0,0,0,0,0,0,0,0,0,0,0,0,0,0,0,0,0,0,0,0
3.4336354732513428,0,0.0,0.0,0.0,0.0,0.0,0.0,0.0,0.0,0.03,0,0,0,0,0,0,0,0,0,0,0,0,0,0,0,0,0,0,0,0,0
3.4351696968078613,0,0.0,0.0,0.0,0.0,0.0,0.0,0.0,0.0,0.03,0,0,0,0,0,0,0,0,0,0,0,0,0,0,0,0,0,0,0,0,0
3.436265707015991,0,0.0,0.0,0.0,0.0,0.0,0.0,0.0,0.0,0.03,0,0,0,0,0,0,0,0,0,0,0,0,0,0,0,0,0,0,0,0,0
3.4381353855133057,0,0.0,0.0,0.0,0.0,0.0,0.0,0.0,0.0,0.03,0,0,0,0,0,0,0,0,0,0,0,0,0,0,0,0,0,0,0,0,0
3.439544439315796,0,0.0,0.0,0.0,0.0,0.0,0.0,0.0,0.0,0.03,0,0,0,0,0,0,0,0,0,0,0,0,0,0,0,0,0,0,0,0,0
3.4416491985321045,0,0.0,0.0,0.0,0.0,0.0,0.0,0.0,0.0,0.03,0,0,0,0,0,0,0,0,0,0,0,0,0,0,0,0,0,0,0,0,0
3.4428696632385254,0,0.0,0.0,0.0,0.0,0.0,0.0,0.0,0.0,0.03,0,0,0,0,0,0,0,0,0,0,0,0,0,0,0,0,0,0,0,0,0
3.443979501724243,0,0.0,0.0,0.0,0.0,0.0,0.0,0.0,0.0,0.03,0,0,0,0,0,0,0,0,0,0,0,0,0,0,0,0,0,0,0,0,0
3.446087121963501,0,0.0,0.0,0.0,0.0,0.0,0.0,0.0,0.0,0.03,0,0,0,0,0,0,0,0,0,0,0,0,0,0,0,0,0,0,0,0,0
3.4471795558929443,0,0.0,0.0,0.0,0.0,0.0,0.0,0.0,0.0,0.03,0,0,0,0,0,0,0,0,0,0,0,0,0,0,0,0,0,0,0,0,0
3.450350522994995,0,0.0,0.0,0.0,0.0,0.0,0.0,0.0,0.0,0.03,0,0,0,0,0,0,0,0,0,0,0,0,0,0,0,0,0,0,0,0,0
3.45196533203125,0,0.0,0.0,0.0,0.0,0.0,0.0,0.0,0.0,0.03,0,0,0,0,0,0,0,0,0,0,0,0,0,0,0,0,0,0,0,0,0
3.4538140296936035,0,0.0,0.0,0.0,0.0,0.0,0.0,0.0,0.0,0.03,0,0,0,0,0,0,0,0,0,0,0,0,0,0,0,0,0,0,0,0,0
3.455617666244507,0,0.0,0.0,0.0,0.0,0.0,0.0,0.0,0.0,0.03,0,0,0,0,0,0,0,0,0,0,0,0,0,0,0,0,0,0,0,0,0
3.4576170444488525,0,0.0,0.0,0.0,0.0,0.0,0.0,0.0,0.0,0.03,0,0,0,0,0,0,0,0,0,0,0,0,0,0,0,0,0,0,0,0,0
3.458716869354248,0,0.0,0.0,0.0,0.0,0.0,0.0,0.0,0.0,0.03,0,0,0,0,0,0,0,0,0,0,0,0,0,0,0,0,0,0,0,0,0
3.4601080417633057,0,0.0,0.0,0.0,0.0,0.0,0.0,0.0,0.0,0.03,0,0,0,0,0,0,0,0,0,0,0,0,0,0,0,0,0,0,0,0,0
3.463193893432617,0,0.0,0.0,0.0,0.0,0.0,0.0,0.0,0.0,0.03,0,0,0,0,0,0,0,0,0,0,0,0,0,0,0,0,0,0,0,0,0
3.464632511138916,0,0.0,0.0,0.0,0.0,0.0,0.0,0.0,0.0,0.03,0,0,0,0,0,0,0,0,0,0,0,0,0,0,0,0,0,0,0,0,0
3.4657785892486572,0,0.0,0.0,0.0,0.0,0.0,0.0,0.0,0.0,0.03,0,0,0,0,0,0,0,0,0,0,0,0,0,0,0,0,0,0,0,0,0
3.4680421352386475,0,0.0,0.0,0.0,0.0,0.0,0.0,0.0,0.0,0.03,0,0,0,0,0,0,0,0,0,0,0,0,0,0,0,0,0,0,0,0,0
3.469655990600586,0,0.0,0.0,0.0,0.0,0.0,0.0,0.0,0.0,0.03,0,0,0,0,0,0,0,0,0,0,0,0,0,0,0,0,0,0,0,0,0
3.470853567123413,0,0.0,0.0,0.0,0.0,0.0,0.0,0.0,0.0,0.03,0,0,0,0,0,0,0,0,0,0,0,0,0,0,0,0,0,0,0,0,0
3.4719738960266113,0,0.0,0.0,0.0,0.0,0.0,0.0,0.0,0.0,0.03,0,0,0,0,0,0,0,0,0,0,0,0,0,0,0,0,0,0,0,0,0
3.473109245300293,0,0.0,0.0,0.0,0.0,0.0,0.0,0.0,0.0,0.03,0,0,0,0,0,0,0,0,0,0,0,0,0,0,0,0,0,0,0,0,0
3.4742493629455566,0,0.0,0.0,0.0,0.0,0.0,0.0,0.0,0.0,0.03,0,0,0,0,0,0,0,0,0,0,0,0,0,0,0,0,0,0,0,0,0
3.4754605293273926,0,0.0,0.0,0.0,0.0,0.0,0.0,0.0,0.0,0.03,0,0,0,0,0,0,0,0,0,0,0,0,0,0,0,0,0,0,0,0,0
3.478003978729248,0,0.0,0.0,0.0,0.0,0.0,0.0,0.0,0.0,0.03,0,0,0,0,0,0,0,0,0,0,0,0,0,0,0,0,0,0,0,0,0
3.4795570373535156,0,0.0,0.0,0.0,0.0,0.0,0.0,0.0,0.0,0.03,0,0,0,0,0,0,0,0,0,0,0,0,0,0,0,0,0,0,0,0,0
3.4812943935394287,0,0.0,0.0,0.0,0.0,0.0,0.0,0.0,0.0,0.03,0,0,0,0,0,0,0,0,0,0,0,0,0,0,0,0,0,0,0,0,0
3.482661485671997,0,0.0,0.0,0.0,0.0,0.0,0.0,0.0,0.0,0.03,0,0,0,0,0,0,0,0,0,0,0,0,0,0,0,0,0,0,0,0,0
3.483851909637451,0,0.0,0.0,0.0,0.0,0.0,0.0,0.0,0.0,0.03,0,0,0,0,0,0,0,0,0,0,0,0,0,0,0,0,0,0,0,0,0
3.4849469661712646,0,0.0,0.0,0.0,0.0,0.0,0.0,0.0,0.0,0.03,0,0,0,0,0,0,0,0,0,0,0,0,0,0,0,0,0,0,0,0,0
3.4861629009246826,0,0.0,0.0,0.0,0.0,0.0,0.0,0.0,0.0,0.03,0,0,0,0,0,0,0,0,0,0,0,0,0,0,0,0,0,0,0,0,0
3.4875121116638184,0,0.0,0.0,0.0,0.0,0.0,0.0,0.0,0.0,0.03,0,0,0,0,0,0,0,0,0,0,0,0,0,0,0,0,0,0,0,0,0
3.488701343536377,0,0.0,0.0,0.0,0.0,0.0,0.0,0.0,0.0,0.03,0,0,0,0,0,0,0,0,0,0,0,0,0,0,0,0,0,0,0,0,0
3.4907379150390625,0,0.0,0.0,0.0,0.0,0.0,0.0,0.0,0.0,0.03,0,0,0,0,0,0,0,0,0,0,0,0,0,0,0,0,0,0,0,0,0
3.4918313026428223,0,0.0,0.0,0.0,0.0,0.0,0.0,0.0,0.0,0.03,0,0,0,0,0,0,0,0,0,0,0,0,0,0,0,0,0,0,0,0,0
3.492917776107788,0,0.0,0.0,0.0,0.0,0.0,0.0,0.0,0.0,0.03,0,0,0,0,0,0,0,0,0,0,0,0,0,0,0,0,0,0,0,0,0
3.4940037727355957,0,0.0,0.0,0.0,0.0,0.0,0.0,0.0,0.0,0.03,0,0,0,0,0,0,0,0,0,0,0,0,0,0,0,0,0,0,0,0,0
3.49532151222229,0,0.0,0.0,0.0,0.0,0.0,0.0,0.0,0.0,0.03,0,0,0,0,0,0,0,0,0,0,0,0,0,0,0,0,0,0,0,0,0
3.498767375946045,0,0.0,0.0,0.0,0.0,0.0,0.0,0.0,0.0,0.03,0,0,0,0,0,0,0,0,0,0,0,0,0,0,0,0,0,0,0,0,0
3.4999845027923584,0,0.0,0.0,0.0,0.0,0.0,0.0,0.0,0.0,0.03,0,0,0,0,0,0,0,0,0,0,0,0,0,0,0,0,0,0,0,0,0
3.5015292167663574,0,0.0,0.0,0.0,0.0,0.0,0.0,0.0,0.0,0.03,0,0,0,0,0,0,0,0,0,0,0,0,0,0,0,0,0,0,0,0,0
3.502821683883667,0,0.0,0.0,0.0,0.0,0.0,0.0,0.0,0.0,0.03,0,0,0,0,0,0,0,0,0,0,0,0,0,0,0,0,0,0,0,0,0
3.5045440196990967,0,0.0,0.0,0.0,0.0,0.0,0.0,0.0,0.0,0.03,0,0,0,0,0,0,0,0,0,0,0,0,0,0,0,0,0,0,0,0,0
3.5058958530426025,0,0.0,0.0,0.0,0.0,0.0,0.0,0.0,0.0,0.03,0,0,0,0,0,0,0,0,0,0,0,0,0,0,0,0,0,0,0,0,0
3.506978988647461,0,0.0,0.0,0.0,0.0,0.0,0.0,0.0,0.0,0.03,0,0,0,0,0,0,0,0,0,0,0,0,0,0,0,0,0,0,0,0,0
3.50834059715271,0,0.0,0.0,0.0,0.0,0.0,0.0,0.0,0.0,0.03,0,0,0,0,0,0,0,0,0,0,0,0,0,0,0,0,0,0,0,0,0
3.5094542503356934,0,0.0,0.0,0.0,0.0,0.0,0.0,0.0,0.0,0.03,0,0,0,0,0,0,0,0,0,0,0,0,0,0,0,0,0,0,0,0,0
3.510535955429077,0,0.0,0.0,0.0,0.0,0.0,0.0,0.0,0.0,0.03,0,0,0,0,0,0,0,0,0,0,0,0,0,0,0,0,0,0,0,0,0
3.5139598846435547,0,0.0,0.0,0.0,0.0,0.0,0.0,0.0,0.0,0.03,0,0,0,0,0,0,0,0,0,0,0,0,0,0,0,0,0,0,0,0,0
3.515072822570801,0,0.0,0.0,0.0,0.0,0.0,0.0,0.0,0.0,0.03,0,0,0,0,0,0,0,0,0,0,0,0,0,0,0,0,0,0,0,0,0
3.5172150135040283,0,0.0,0.0,0.0,0.0,0.0,0.0,0.0,0.0,0.03,0,0,0,0,0,0,0,0,0,0,0,0,0,0,0,0,0,0,0,0,0
3.5188701152801514,0,0.0,0.0,0.0,0.0,0.0,0.0,0.0,0.0,0.03,0,0,0,0,0,0,0,0,0,0,0,0,0,0,0,0,0,0,0,0,0
3.5205695629119873,0,0.0,0.0,0.0,0.0,0.0,0.0,0.0,0.0,0.03,0,0,0,0,0,0,0,0,0,0,0,0,0,0,0,0,0,0,0,0,0
3.5217220783233643,0,0.0,0.0,0.0,0.0,0.0,0.0,0.0,0.0,0.03,0,0,0,0,0,0,0,0,0,0,0,0,0,0,0,0,0,0,0,0,0
3.523076057434082,0,0.0,0.0,0.0,0.0,0.0,0.0,0.0,0.0,0.03,0,0,0,0,0,0,0,0,0,0,0,0,0,0,0,0,0,0,0,0,0
3.524467706680298,0,0.0,0.0,0.0,0.0,0.0,0.0,0.0,0.0,0.03,0,0,0,0,0,0,0,0,0,0,0,0,0,0,0,0,0,0,0,0,0
3.5266287326812744,0,0.0,0.0,0.0,0.0,0.0,0.0,0.0,0.0,0.03,0,0,0,0,0,0,0,0,0,0,0,0,0,0,0,0,0,0,0,0,0
3.5281989574432373,0,0.0,0.0,0.0,0.0,0.0,0.0,0.0,0.0,0.03,0,0,0,0,0,0,0,0,0,0,0,0,0,0,0,0,0,0,0,0,0
3.5293099880218506,0,0.0,0.0,0.0,0.0,0.0,0.0,0.0,0.0,0.03,0,0,0,0,0,0,0,0,0,0,0,0,0,0,0,0,0,0,0,0,0
3.530669689178467,0,0.0,0.0,0.0,0.0,0.0,0.0,0.0,0.0,0.03,0,0,0,0,0,0,0,0,0,0,0,0,0,0,0,0,0,0,0,0,0
3.531803607940674,0,0.0,0.0,0.0,0.0,0.0,0.0,0.0,0.0,0.03,0,0,0,0,0,0,0,0,0,0,0,0,0,0,0,0,0,0,0,0,0
3.532910108566284,0,0.0,0.0,0.0,0.0,0.0,0.0,0.0,0.0,0.03,0,0,0,0,0,0,0,0,0,0,0,0,0,0,0,0,0,0,0,0,0
3.534043312072754,0,0.0,0.0,0.0,0.0,0.0,0.0,0.0,0.0,0.03,0,0,0,0,0,0,0,0,0,0,0,0,0,0,0,0,0,0,0,0,0
3.535188913345337,0,0.0,0.0,0.0,0.0,0.0,0.0,0.0,0.0,0.03,0,0,0,0,0,0,0,0,0,0,0,0,0,0,0,0,0,0,0,0,0
3.536283254623413,0,0.0,0.0,0.0,0.0,0.0,0.0,0.0,0.0,0.03,0,0,0,0,0,0,0,0,0,0,0,0,0,0,0,0,0,0,0,0,0
3.5375616550445557,0,0.0,0.0,0.0,0.0,0.0,0.0,0.0,0.0,0.03,0,0,0,0,0,0,0,0,0,0,0,0,0,0,0,0,0,0,0,0,0
3.5396995544433594,0,0.0,0.0,0.0,0.0,0.0,0.0,0.0,0.0,0.03,0,0,0,0,0,0,0,0,0,0,0,0,0,0,0,0,0,0,0,0,0
3.54081392288208,0,0.0,0.0,0.0,0.0,0.0,0.0,0.0,0.0,0.03,0,0,0,0,0,0,0,0,0,0,0,0,0,0,0,0,0,0,0,0,0
3.543116331100464,0,0.0,0.0,0.0,0.0,0.0,0.0,0.0,0.0,0.03,0,0,0,0,0,0,0,0,0,0,0,0,0,0,0,0,0,0,0,0,0
3.5443403720855713,0,0.0,0.0,0.0,0.0,0.0,0.0,0.0,0.0,0.03,0,0,0,0,0,0,0,0,0,0,0,0,0,0,0,0,0,0,0,0,0
3.5454657077789307,0,0.0,0.0,0.0,0.0,0.0,0.0,0.0,0.0,0.03,0,0,0,0,0,0,0,0,0,0,0,0,0,0,0,0,0,0,0,0,0
3.546600341796875,0,0.0,0.0,0.0,0.0,0.0,0.0,0.0,0.0,0.03,0,0,0,0,0,0,0,0,0,0,0,0,0,0,0,0,0,0,0,0,0
3.5481112003326416,0,0.0,0.0,0.0,0.0,0.0,0.0,0.0,0.0,0.03,0,0,0,0,0,0,0,0,0,0,0,0,0,0,0,0,0,0,0,0,0
3.549652338027954,0,0.0,0.0,0.0,0.0,0.0,0.0,0.0,0.0,0.03,0,0,0,0,0,0,0,0,0,0,0,0,0,0,0,0,0,0,0,0,0
3.5510447025299072,0,0.0,0.0,0.0,0.0,0.0,0.0,0.0,0.0,0.03,0,0,0,0,0,0,0,0,0,0,0,0,0,0,0,0,0,0,0,0,0
3.5523412227630615,0,0.0,0.0,0.0,0.0,0.0,0.0,0.0,0.0,0.03,0,0,0,0,0,0,0,0,0,0,0,0,0,0,0,0,0,0,0,0,0
3.5534660816192627,0,0.0,0.0,0.0,0.0,0.0,0.0,0.0,0.0,0.03,0,0,0,0,0,0,0,0,0,0,0,0,0,0,0,0,0,0,0,0,0
3.554558753967285,0,0.0,0.0,0.0,0.0,0.0,0.0,0.0,0.0,0.03,0,0,0,0,0,0,0,0,0,0,0,0,0,0,0,0,0,0,0,0,0
3.5556490421295166,0,0.0,0.0,0.0,0.0,0.0,0.0,0.0,0.0,0.03,0,0,0,0,0,0,0,0,0,0,0,0,0,0,0,0,0,0,0,0,0
3.556734561920166,0,0.0,0.0,0.0,0.0,0.0,0.0,0.0,0.0,0.03,0,0,0,0,0,0,0,0,0,0,0,0,0,0,0,0,0,0,0,0,0
3.5583105087280273,0,0.0,0.0,0.0,0.0,0.0,0.0,0.0,0.0,0.03,0,0,0,0,0,0,0,0,0,0,0,0,0,0,0,0,0,0,0,0,0
3.559669017791748,0,0.0,0.0,0.0,0.0,0.0,0.0,0.0,0.0,0.03,0,0,0,0,0,0,0,0,0,0,0,0,0,0,0,0,0,0,0,0,0
3.562154531478882,0,0.0,0.0,0.0,0.0,0.0,0.0,0.0,0.0,0.03,0,0,0,0,0,0,0,0,0,0,0,0,0,0,0,0,0,0,0,0,0
3.56333065032959,0,0.0,0.0,0.0,0.0,0.0,0.0,0.0,0.0,0.03,0,0,0,0,0,0,0,0,0,0,0,0,0,0,0,0,0,0,0,0,0
3.5644824504852295,0,0.0,0.0,0.0,0.0,0.0,0.0,0.0,0.0,0.03,0,0,0,0,0,0,0,0,0,0,0,0,0,0,0,0,0,0,0,0,0
3.5656204223632812,0,0.0,0.0,0.0,0.0,0.0,0.0,0.0,0.0,0.03,0,0,0,0,0,0,0,0,0,0,0,0,0,0,0,0,0,0,0,0,0
3.5667495727539062,0,0.0,0.0,0.0,0.0,0.0,0.0,0.0,0.0,0.03,0,0,0,0,0,0,0,0,0,0,0,0,0,0,0,0,0,0,0,0,0
3.568138599395752,0,0.0,0.0,0.0,0.0,0.0,0.0,0.0,0.0,0.03,0,0,0,0,0,0,0,0,0,0,0,0,0,0,0,0,0,0,0,0,0
3.56943941116333,0,0.0,0.0,0.0,0.0,0.0,0.0,0.0,0.0,0.03,0,0,0,0,0,0,0,0,0,0,0,0,0,0,0,0,0,0,0,0,0
3.5706589221954346,0,0.0,0.0,0.0,0.0,0.0,0.0,0.0,0.0,0.03,0,0,0,0,0,0,0,0,0,0,0,0,0,0,0,0,0,0,0,0,0
