scenario,real_time_plot,lateral_angle_range,drag_speed,wiggle_time,servo_speed,extraction_height,wiggle frequency,insertion_angle,wiggle_amplitude
turtle,True,0.1,0.5,0.5,0.5,0.03,0.5235987755982988,0.0,0.0,0.0,0.0
time,turtle_state,leftadduction_pos,leftsweeping_pos,rightadduction_pos,rightsweeping_pos,leftadduction_curr,leftsweeping_curr,rightadduction_curr,rightsweeping_curr,insertiondepth,OptitrackPosition_x,OptitrackPosition_y,OptitrackPosition_z,OptitrackOrientation_x,OptitrackOrientation_y,OptitrackOrientation_z,OptitrackOrientation_w,LeftFlipperPosition_x,LeftFlipperPosition_y,LeftFlipperPosition_z,LeftFlipperOrientation_x,LeftFlipperOrientation_y,LeftFlipperOrientation_z,LeftFlipperOrientation_w,RightFlipperPosition_x,RightFlipperPosition_y,RightFlipperPosition_z,RightFlipperOrientation_x,RightFlipperOrientation_y,RightFlipperOrientation_z,RightFlipperOrientation_w
0.010175228118896484,0,0.0,0.0,0.0,0.0,0.0,0.0,0.0,0.0,0.03,0,0,0,0,0,0,0,0,0,0,0,0,0,0,0,0,0,0,0,0,0
0.011577606201171875,0,0.0,0.0,0.0,0.0,0.0,0.0,0.0,0.0,0.03,0,0,0,0,0,0,0,0,0,0,0,0,0,0,0,0,0,0,0,0,0
0.014362096786499023,0,0.0,0.0,0.0,0.0,0.0,0.0,0.0,0.0,0.03,0,0,0,0,0,0,0,0,0,0,0,0,0,0,0,0,0,0,0,0,0
0.016299962997436523,0,0.0,0.0,0.0,0.0,0.0,0.0,0.0,0.0,0.03,0,0,0,0,0,0,0,0,0,0,0,0,0,0,0,0,0,0,0,0,0
0.018361806869506836,0,0.0,0.0,0.0,0.0,0.0,0.0,0.0,0.0,0.03,0,0,0,0,0,0,0,0,0,0,0,0,0,0,0,0,0,0,0,0,0
0.021281003952026367,0,0.0,0.0,0.0,0.0,0.0,0.0,0.0,0.0,0.03,0,0,0,0,0,0,0,0,0,0,0,0,0,0,0,0,0,0,0,0,0
0.022390365600585938,0,0.0,0.0,0.0,0.0,0.0,0.0,0.0,0.0,0.03,0,0,0,0,0,0,0,0,0,0,0,0,0,0,0,0,0,0,0,0,0
0.023869037628173828,0,0.0,0.0,0.0,0.0,0.0,0.0,0.0,0.0,0.03,0,0,0,0,0,0,0,0,0,0,0,0,0,0,0,0,0,0,0,0,0
0.02507925033569336,0,0.0,0.0,0.0,0.0,0.0,0.0,0.0,0.0,0.03,0,0,0,0,0,0,0,0,0,0,0,0,0,0,0,0,0,0,0,0,0
0.02618575096130371,0,0.0,0.0,0.0,0.0,0.0,0.0,0.0,0.0,0.03,0,0,0,0,0,0,0,0,0,0,0,0,0,0,0,0,0,0,0,0,0
0.027316570281982422,0,0.0,0.0,0.0,0.0,0.0,0.0,0.0,0.0,0.03,0,0,0,0,0,0,0,0,0,0,0,0,0,0,0,0,0,0,0,0,0
0.028424739837646484,0,0.0,0.0,0.0,0.0,0.0,0.0,0.0,0.0,0.03,0,0,0,0,0,0,0,0,0,0,0,0,0,0,0,0,0,0,0,0,0
0.029732465744018555,0,0.0,0.0,0.0,0.0,0.0,0.0,0.0,0.0,0.03,0,0,0,0,0,0,0,0,0,0,0,0,0,0,0,0,0,0,0,0,0
0.03103780746459961,0,0.0,0.0,0.0,0.0,0.0,0.0,0.0,0.0,0.03,0,0,0,0,0,0,0,0,0,0,0,0,0,0,0,0,0,0,0,0,0
0.03215384483337402,0,0.0,0.0,0.0,0.0,0.0,0.0,0.0,0.0,0.03,0,0,0,0,0,0,0,0,0,0,0,0,0,0,0,0,0,0,0,0,0
0.03362393379211426,0,0.0,0.0,0.0,0.0,0.0,0.0,0.0,0.0,0.03,0,0,0,0,0,0,0,0,0,0,0,0,0,0,0,0,0,0,0,0,0
0.03480815887451172,0,0.0,0.0,0.0,0.0,0.0,0.0,0.0,0.0,0.03,0,0,0,0,0,0,0,0,0,0,0,0,0,0,0,0,0,0,0,0,0
0.03597664833068848,0,0.0,0.0,0.0,0.0,0.0,0.0,0.0,0.0,0.03,0,0,0,0,0,0,0,0,0,0,0,0,0,0,0,0,0,0,0,0,0
0.03705406188964844,0,0.0,0.0,0.0,0.0,0.0,0.0,0.0,0.0,0.03,0,0,0,0,0,0,0,0,0,0,0,0,0,0,0,0,0,0,0,0,0
0.038144826889038086,0,0.0,0.0,0.0,0.0,0.0,0.0,0.0,0.0,0.03,0,0,0,0,0,0,0,0,0,0,0,0,0,0,0,0,0,0,0,0,0
0.0392298698425293,0,0.0,0.0,0.0,0.0,0.0,0.0,0.0,0.0,0.03,0,0,0,0,0,0,0,0,0,0,0,0,0,0,0,0,0,0,0,0,0
0.04091358184814453,0,0.0,0.0,0.0,0.0,0.0,0.0,0.0,0.0,0.03,0,0,0,0,0,0,0,0,0,0,0,0,0,0,0,0,0,0,0,0,0
0.04252791404724121,0,0.0,0.0,0.0,0.0,0.0,0.0,0.0,0.0,0.03,0,0,0,0,0,0,0,0,0,0,0,0,0,0,0,0,0,0,0,0,0
0.04421854019165039,0,0.0,0.0,0.0,0.0,0.0,0.0,0.0,0.0,0.03,0,0,0,0,0,0,0,0,0,0,0,0,0,0,0,0,0,0,0,0,0
0.0464169979095459,0,0.0,0.0,0.0,0.0,0.0,0.0,0.0,0.0,0.03,0,0,0,0,0,0,0,0,0,0,0,0,0,0,0,0,0,0,0,0,0
0.04751753807067871,0,0.0,0.0,0.0,0.0,0.0,0.0,0.0,0.0,0.03,0,0,0,0,0,0,0,0,0,0,0,0,0,0,0,0,0,0,0,0,0
0.049167633056640625,0,0.0,0.0,0.0,0.0,0.0,0.0,0.0,0.0,0.03,0,0,0,0,0,0,0,0,0,0,0,0,0,0,0,0,0,0,0,0,0
0.050606489181518555,0,0.0,0.0,0.0,0.0,0.0,0.0,0.0,0.0,0.03,0,0,0,0,0,0,0,0,0,0,0,0,0,0,0,0,0,0,0,0,0
0.05350351333618164,0,0.0,0.0,0.0,0.0,0.0,0.0,0.0,0.0,0.03,0,0,0,0,0,0,0,0,0,0,0,0,0,0,0,0,0,0,0,0,0
0.054865360260009766,0,0.0,0.0,0.0,0.0,0.0,0.0,0.0,0.0,0.03,0,0,0,0,0,0,0,0,0,0,0,0,0,0,0,0,0,0,0,0,0
0.05603766441345215,0,0.0,0.0,0.0,0.0,0.0,0.0,0.0,0.0,0.03,0,0,0,0,0,0,0,0,0,0,0,0,0,0,0,0,0,0,0,0,0
0.05810689926147461,0,0.0,0.0,0.0,0.0,0.0,0.0,0.0,0.0,0.03,0,0,0,0,0,0,0,0,0,0,0,0,0,0,0,0,0,0,0,0,0
0.059274911880493164,0,0.0,0.0,0.0,0.0,0.0,0.0,0.0,0.0,0.03,0,0,0,0,0,0,0,0,0,0,0,0,0,0,0,0,0,0,0,0,0
0.06035590171813965,0,0.0,0.0,0.0,0.0,0.0,0.0,0.0,0.0,0.03,0,0,0,0,0,0,0,0,0,0,0,0,0,0,0,0,0,0,0,0,0
0.06151151657104492,0,0.0,0.0,0.0,0.0,0.0,0.0,0.0,0.0,0.03,0,0,0,0,0,0,0,0,0,0,0,0,0,0,0,0,0,0,0,0,0
0.06259346008300781,0,0.0,0.0,0.0,0.0,0.0,0.0,0.0,0.0,0.03,0,0,0,0,0,0,0,0,0,0,0,0,0,0,0,0,0,0,0,0,0
0.06367158889770508,0,0.0,0.0,0.0,0.0,0.0,0.0,0.0,0.0,0.03,0,0,0,0,0,0,0,0,0,0,0,0,0,0,0,0,0,0,0,0,0
0.06496882438659668,0,0.0,0.0,0.0,0.0,0.0,0.0,0.0,0.0,0.03,0,0,0,0,0,0,0,0,0,0,0,0,0,0,0,0,0,0,0,0,0
0.06704139709472656,0,0.0,0.0,0.0,0.0,0.0,0.0,0.0,0.0,0.03,0,0,0,0,0,0,0,0,0,0,0,0,0,0,0,0,0,0,0,0,0
0.06865549087524414,0,0.0,0.0,0.0,0.0,0.0,0.0,0.0,0.0,0.03,0,0,0,0,0,0,0,0,0,0,0,0,0,0,0,0,0,0,0,0,0
0.06993746757507324,0,0.0,0.0,0.0,0.0,0.0,0.0,0.0,0.0,0.03,0,0,0,0,0,0,0,0,0,0,0,0,0,0,0,0,0,0,0,0,0
0.0711362361907959,0,0.0,0.0,0.0,0.0,0.0,0.0,0.0,0.0,0.03,0,0,0,0,0,0,0,0,0,0,0,0,0,0,0,0,0,0,0,0,0
0.07285785675048828,0,0.0,0.0,0.0,0.0,0.0,0.0,0.0,0.0,0.03,0,0,0,0,0,0,0,0,0,0,0,0,0,0,0,0,0,0,0,0,0
0.0742485523223877,0,0.0,0.0,0.0,0.0,0.0,0.0,0.0,0.0,0.03,0,0,0,0,0,0,0,0,0,0,0,0,0,0,0,0,0,0,0,0,0
0.07566261291503906,0,0.0,0.0,0.0,0.0,0.0,0.0,0.0,0.0,0.03,0,0,0,0,0,0,0,0,0,0,0,0,0,0,0,0,0,0,0,0,0
0.07697343826293945,0,0.0,0.0,0.0,0.0,0.0,0.0,0.0,0.0,0.03,0,0,0,0,0,0,0,0,0,0,0,0,0,0,0,0,0,0,0,0,0
0.07816576957702637,0,0.0,0.0,0.0,0.0,0.0,0.0,0.0,0.0,0.03,0,0,0,0,0,0,0,0,0,0,0,0,0,0,0,0,0,0,0,0,0
0.07926654815673828,0,0.0,0.0,0.0,0.0,0.0,0.0,0.0,0.0,0.03,0,0,0,0,0,0,0,0,0,0,0,0,0,0,0,0,0,0,0,0,0
0.08035397529602051,0,0.0,0.0,0.0,0.0,0.0,0.0,0.0,0.0,0.03,0,0,0,0,0,0,0,0,0,0,0,0,0,0,0,0,0,0,0,0,0
0.08204197883605957,0,0.0,0.0,0.0,0.0,0.0,0.0,0.0,0.0,0.03,0,0,0,0,0,0,0,0,0,0,0,0,0,0,0,0,0,0,0,0,0
0.08374857902526855,0,0.0,0.0,0.0,0.0,0.0,0.0,0.0,0.0,0.03,0,0,0,0,0,0,0,0,0,0,0,0,0,0,0,0,0,0,0,0,0
0.08504176139831543,0,0.0,0.0,0.0,0.0,0.0,0.0,0.0,0.0,0.03,0,0,0,0,0,0,0,0,0,0,0,0,0,0,0,0,0,0,0,0,0
0.0866079330444336,0,0.0,0.0,0.0,0.0,0.0,0.0,0.0,0.0,0.03,0,0,0,0,0,0,0,0,0,0,0,0,0,0,0,0,0,0,0,0,0
0.08804059028625488,0,0.0,0.0,0.0,0.0,0.0,0.0,0.0,0.0,0.03,0,0,0,0,0,0,0,0,0,0,0,0,0,0,0,0,0,0,0,0,0
0.09164667129516602,0,0.0,0.0,0.0,0.0,0.0,0.0,0.0,0.0,0.03,0,0,0,0,0,0,0,0,0,0,0,0,0,0,0,0,0,0,0,0,0
0.09288406372070312,0,0.0,0.0,0.0,0.0,0.0,0.0,0.0,0.0,0.03,0,0,0,0,0,0,0,0,0,0,0,0,0,0,0,0,0,0,0,0,0
0.09420061111450195,0,0.0,0.0,0.0,0.0,0.0,0.0,0.0,0.0,0.03,0,0,0,0,0,0,0,0,0,0,0,0,0,0,0,0,0,0,0,0,0
0.09538817405700684,0,0.0,0.0,0.0,0.0,0.0,0.0,0.0,0.0,0.03,0,0,0,0,0,0,0,0,0,0,0,0,0,0,0,0,0,0,0,0,0
0.09698486328125,0,0.0,0.0,0.0,0.0,0.0,0.0,0.0,0.0,0.03,0,0,0,0,0,0,0,0,0,0,0,0,0,0,0,0,0,0,0,0,0
0.09833931922912598,0,0.0,0.0,0.0,0.0,0.0,0.0,0.0,0.0,0.03,0,0,0,0,0,0,0,0,0,0,0,0,0,0,0,0,0,0,0,0,0
0.09952092170715332,0,0.0,0.0,0.0,0.0,0.0,0.0,0.0,0.0,0.03,0,0,0,0,0,0,0,0,0,0,0,0,0,0,0,0,0,0,0,0,0
0.10102081298828125,0,0.0,0.0,0.0,0.0,0.0,0.0,0.0,0.0,0.03,0,0,0,0,0,0,0,0,0,0,0,0,0,0,0,0,0,0,0,0,0
0.10273051261901855,0,0.0,0.0,0.0,0.0,0.0,0.0,0.0,0.0,0.03,0,0,0,0,0,0,0,0,0,0,0,0,0,0,0,0,0,0,0,0,0
0.10379767417907715,0,0.0,0.0,0.0,0.0,0.0,0.0,0.0,0.0,0.03,0,0,0,0,0,0,0,0,0,0,0,0,0,0,0,0,0,0,0,0,0
0.10514497756958008,0,0.0,0.0,0.0,0.0,0.0,0.0,0.0,0.0,0.03,0,0,0,0,0,0,0,0,0,0,0,0,0,0,0,0,0,0,0,0,0
0.10636353492736816,0,0.0,0.0,0.0,0.0,0.0,0.0,0.0,0.0,0.03,0,0,0,0,0,0,0,0,0,0,0,0,0,0,0,0,0,0,0,0,0
0.1074831485748291,0,0.0,0.0,0.0,0.0,0.0,0.0,0.0,0.0,0.03,0,0,0,0,0,0,0,0,0,0,0,0,0,0,0,0,0,0,0,0,0
0.10856890678405762,0,0.0,0.0,0.0,0.0,0.0,0.0,0.0,0.0,0.03,0,0,0,0,0,0,0,0,0,0,0,0,0,0,0,0,0,0,0,0,0
0.11009812355041504,0,0.0,0.0,0.0,0.0,0.0,0.0,0.0,0.0,0.03,0,0,0,0,0,0,0,0,0,0,0,0,0,0,0,0,0,0,0,0,0
0.11167430877685547,0,0.0,0.0,0.0,0.0,0.0,0.0,0.0,0.0,0.03,0,0,0,0,0,0,0,0,0,0,0,0,0,0,0,0,0,0,0,0,0
0.11334443092346191,0,0.0,0.0,0.0,0.0,0.0,0.0,0.0,0.0,0.03,0,0,0,0,0,0,0,0,0,0,0,0,0,0,0,0,0,0,0,0,0
0.11450624465942383,0,0.0,0.0,0.0,0.0,0.0,0.0,0.0,0.0,0.03,0,0,0,0,0,0,0,0,0,0,0,0,0,0,0,0,0,0,0,0,0
0.1156611442565918,0,0.0,0.0,0.0,0.0,0.0,0.0,0.0,0.0,0.03,0,0,0,0,0,0,0,0,0,0,0,0,0,0,0,0,0,0,0,0,0
0.1171727180480957,0,0.0,0.0,0.0,0.0,0.0,0.0,0.0,0.0,0.03,0,0,0,0,0,0,0,0,0,0,0,0,0,0,0,0,0,0,0,0,0
0.11845088005065918,0,0.0,0.0,0.0,0.0,0.0,0.0,0.0,0.0,0.03,0,0,0,0,0,0,0,0,0,0,0,0,0,0,0,0,0,0,0,0,0
0.1196591854095459,0,0.0,0.0,0.0,0.0,0.0,0.0,0.0,0.0,0.03,0,0,0,0,0,0,0,0,0,0,0,0,0,0,0,0,0,0,0,0,0
0.12079119682312012,0,0.0,0.0,0.0,0.0,0.0,0.0,0.0,0.0,0.03,0,0,0,0,0,0,0,0,0,0,0,0,0,0,0,0,0,0,0,0,0
0.12236142158508301,0,0.0,0.0,0.0,0.0,0.0,0.0,0.0,0.0,0.03,0,0,0,0,0,0,0,0,0,0,0,0,0,0,0,0,0,0,0,0,0
0.12382221221923828,0,0.0,0.0,0.0,0.0,0.0,0.0,0.0,0.0,0.03,0,0,0,0,0,0,0,0,0,0,0,0,0,0,0,0,0,0,0,0,0
0.12499213218688965,0,0.0,0.0,0.0,0.0,0.0,0.0,0.0,0.0,0.03,0,0,0,0,0,0,0,0,0,0,0,0,0,0,0,0,0,0,0,0,0
0.12637805938720703,0,0.0,0.0,0.0,0.0,0.0,0.0,0.0,0.0,0.03,0,0,0,0,0,0,0,0,0,0,0,0,0,0,0,0,0,0,0,0,0
0.1274552345275879,0,0.0,0.0,0.0,0.0,0.0,0.0,0.0,0.0,0.03,0,0,0,0,0,0,0,0,0,0,0,0,0,0,0,0,0,0,0,0,0
0.1286754608154297,0,0.0,0.0,0.0,0.0,0.0,0.0,0.0,0.0,0.03,0,0,0,0,0,0,0,0,0,0,0,0,0,0,0,0,0,0,0,0,0
0.13043713569641113,0,0.0,0.0,0.0,0.0,0.0,0.0,0.0,0.0,0.03,0,0,0,0,0,0,0,0,0,0,0,0,0,0,0,0,0,0,0,0,0
0.13215398788452148,0,0.0,0.0,0.0,0.0,0.0,0.0,0.0,0.0,0.03,0,0,0,0,0,0,0,0,0,0,0,0,0,0,0,0,0,0,0,0,0
0.13340353965759277,0,0.0,0.0,0.0,0.0,0.0,0.0,0.0,0.0,0.03,0,0,0,0,0,0,0,0,0,0,0,0,0,0,0,0,0,0,0,0,0
0.1345353126525879,0,0.0,0.0,0.0,0.0,0.0,0.0,0.0,0.0,0.03,0,0,0,0,0,0,0,0,0,0,0,0,0,0,0,0,0,0,0,0,0
0.13632678985595703,0,0.0,0.0,0.0,0.0,0.0,0.0,0.0,0.0,0.03,0,0,0,0,0,0,0,0,0,0,0,0,0,0,0,0,0,0,0,0,0
0.13776898384094238,0,0.0,0.0,0.0,0.0,0.0,0.0,0.0,0.0,0.03,0,0,0,0,0,0,0,0,0,0,0,0,0,0,0,0,0,0,0,0,0
0.13910984992980957,0,0.0,0.0,0.0,0.0,0.0,0.0,0.0,0.0,0.03,0,0,0,0,0,0,0,0,0,0,0,0,0,0,0,0,0,0,0,0,0
0.14035296440124512,0,0.0,0.0,0.0,0.0,0.0,0.0,0.0,0.0,0.03,0,0,0,0,0,0,0,0,0,0,0,0,0,0,0,0,0,0,0,0,0
0.1415846347808838,0,0.0,0.0,0.0,0.0,0.0,0.0,0.0,0.0,0.03,0,0,0,0,0,0,0,0,0,0,0,0,0,0,0,0,0,0,0,0,0
0.14266633987426758,0,0.0,0.0,0.0,0.0,0.0,0.0,0.0,0.0,0.03,0,0,0,0,0,0,0,0,0,0,0,0,0,0,0,0,0,0,0,0,0
0.14658021926879883,0,0.0,0.0,0.0,0.0,0.0,0.0,0.0,0.0,0.03,0,0,0,0,0,0,0,0,0,0,0,0,0,0,0,0,0,0,0,0,0
0.14793801307678223,0,0.0,0.0,0.0,0.0,0.0,0.0,0.0,0.0,0.03,0,0,0,0,0,0,0,0,0,0,0,0,0,0,0,0,0,0,0,0,0
0.14929628372192383,0,0.0,0.0,0.0,0.0,0.0,0.0,0.0,0.0,0.03,0,0,0,0,0,0,0,0,0,0,0,0,0,0,0,0,0,0,0,0,0
0.1509568691253662,0,0.0,0.0,0.0,0.0,0.0,0.0,0.0,0.0,0.03,0,0,0,0,0,0,0,0,0,0,0,0,0,0,0,0,0,0,0,0,0
0.15290546417236328,0,0.0,0.0,0.0,0.0,0.0,0.0,0.0,0.0,0.03,0,0,0,0,0,0,0,0,0,0,0,0,0,0,0,0,0,0,0,0,0
0.15428590774536133,0,0.0,0.0,0.0,0.0,0.0,0.0,0.0,0.0,0.03,0,0,0,0,0,0,0,0,0,0,0,0,0,0,0,0,0,0,0,0,0
0.15541291236877441,0,0.0,0.0,0.0,0.0,0.0,0.0,0.0,0.0,0.03,0,0,0,0,0,0,0,0,0,0,0,0,0,0,0,0,0,0,0,0,0
0.15651273727416992,0,0.0,0.0,0.0,0.0,0.0,0.0,0.0,0.0,0.03,0,0,0,0,0,0,0,0,0,0,0,0,0,0,0,0,0,0,0,0,0
0.15790629386901855,0,0.0,0.0,0.0,0.0,0.0,0.0,0.0,0.0,0.03,0,0,0,0,0,0,0,0,0,0,0,0,0,0,0,0,0,0,0,0,0
0.15926408767700195,0,0.0,0.0,0.0,0.0,0.0,0.0,0.0,0.0,0.03,0,0,0,0,0,0,0,0,0,0,0,0,0,0,0,0,0,0,0,0,0
0.16052031517028809,0,0.0,0.0,0.0,0.0,0.0,0.0,0.0,0.0,0.03,0,0,0,0,0,0,0,0,0,0,0,0,0,0,0,0,0,0,0,0,0
0.16164851188659668,0,0.0,0.0,0.0,0.0,0.0,0.0,0.0,0.0,0.03,0,0,0,0,0,0,0,0,0,0,0,0,0,0,0,0,0,0,0,0,0
0.16331028938293457,0,0.0,0.0,0.0,0.0,0.0,0.0,0.0,0.0,0.03,0,0,0,0,0,0,0,0,0,0,0,0,0,0,0,0,0,0,0,0,0
0.16441726684570312,0,0.0,0.0,0.0,0.0,0.0,0.0,0.0,0.0,0.03,0,0,0,0,0,0,0,0,0,0,0,0,0,0,0,0,0,0,0,0,0
0.16574811935424805,0,0.0,0.0,0.0,0.0,0.0,0.0,0.0,0.0,0.03,0,0,0,0,0,0,0,0,0,0,0,0,0,0,0,0,0,0,0,0,0
0.1670064926147461,0,0.0,0.0,0.0,0.0,0.0,0.0,0.0,0.0,0.03,0,0,0,0,0,0,0,0,0,0,0,0,0,0,0,0,0,0,0,0,0
0.16816377639770508,0,0.0,0.0,0.0,0.0,0.0,0.0,0.0,0.0,0.03,0,0,0,0,0,0,0,0,0,0,0,0,0,0,0,0,0,0,0,0,0
0.16923999786376953,0,0.0,0.0,0.0,0.0,0.0,0.0,0.0,0.0,0.03,0,0,0,0,0,0,0,0,0,0,0,0,0,0,0,0,0,0,0,0,0
0.17096495628356934,0,0.0,0.0,0.0,0.0,0.0,0.0,0.0,0.0,0.03,0,0,0,0,0,0,0,0,0,0,0,0,0,0,0,0,0,0,0,0,0
0.17210102081298828,0,0.0,0.0,0.0,0.0,0.0,0.0,0.0,0.0,0.03,0,0,0,0,0,0,0,0,0,0,0,0,0,0,0,0,0,0,0,0,0
0.17455601692199707,0,0.0,0.0,0.0,0.0,0.0,0.0,0.0,0.0,0.03,0,0,0,0,0,0,0,0,0,0,0,0,0,0,0,0,0,0,0,0,0
0.1759040355682373,0,0.0,0.0,0.0,0.0,0.0,0.0,0.0,0.0,0.03,0,0,0,0,0,0,0,0,0,0,0,0,0,0,0,0,0,0,0,0,0
0.17737317085266113,0,0.0,0.0,0.0,0.0,0.0,0.0,0.0,0.0,0.03,0,0,0,0,0,0,0,0,0,0,0,0,0,0,0,0,0,0,0,0,0
0.17901015281677246,0,0.0,0.0,0.0,0.0,0.0,0.0,0.0,0.0,0.03,0,0,0,0,0,0,0,0,0,0,0,0,0,0,0,0,0,0,0,0,0
0.18181800842285156,0,0.0,0.0,0.0,0.0,0.0,0.0,0.0,0.0,0.03,0,0,0,0,0,0,0,0,0,0,0,0,0,0,0,0,0,0,0,0,0
0.18317580223083496,0,0.0,0.0,0.0,0.0,0.0,0.0,0.0,0.0,0.03,0,0,0,0,0,0,0,0,0,0,0,0,0,0,0,0,0,0,0,0,0
0.1843705177307129,0,0.0,0.0,0.0,0.0,0.0,0.0,0.0,0.0,0.03,0,0,0,0,0,0,0,0,0,0,0,0,0,0,0,0,0,0,0,0,0
0.1864168643951416,0,0.0,0.0,0.0,0.0,0.0,0.0,0.0,0.0,0.03,0,0,0,0,0,0,0,0,0,0,0,0,0,0,0,0,0,0,0,0,0
0.18761539459228516,0,0.0,0.0,0.0,0.0,0.0,0.0,0.0,0.0,0.03,0,0,0,0,0,0,0,0,0,0,0,0,0,0,0,0,0,0,0,0,0
0.18886709213256836,0,0.0,0.0,0.0,0.0,0.0,0.0,0.0,0.0,0.03,0,0,0,0,0,0,0,0,0,0,0,0,0,0,0,0,0,0,0,0,0
0.19020557403564453,0,0.0,0.0,0.0,0.0,0.0,0.0,0.0,0.0,0.03,0,0,0,0,0,0,0,0,0,0,0,0,0,0,0,0,0,0,0,0,0
0.1913282871246338,0,0.0,0.0,0.0,0.0,0.0,0.0,0.0,0.0,0.03,0,0,0,0,0,0,0,0,0,0,0,0,0,0,0,0,0,0,0,0,0
0.19359564781188965,0,0.0,0.0,0.0,0.0,0.0,0.0,0.0,0.0,0.03,0,0,0,0,0,0,0,0,0,0,0,0,0,0,0,0,0,0,0,0,0
0.19511723518371582,0,0.0,0.0,0.0,0.0,0.0,0.0,0.0,0.0,0.03,0,0,0,0,0,0,0,0,0,0,0,0,0,0,0,0,0,0,0,0,0
0.19640016555786133,0,0.0,0.0,0.0,0.0,0.0,0.0,0.0,0.0,0.03,0,0,0,0,0,0,0,0,0,0,0,0,0,0,0,0,0,0,0,0,0
0.19768238067626953,0,0.0,0.0,0.0,0.0,0.0,0.0,0.0,0.0,0.03,0,0,0,0,0,0,0,0,0,0,0,0,0,0,0,0,0,0,0,0,0
0.19895005226135254,0,0.0,0.0,0.0,0.0,0.0,0.0,0.0,0.0,0.03,0,0,0,0,0,0,0,0,0,0,0,0,0,0,0,0,0,0,0,0,0
0.20012784004211426,0,0.0,0.0,0.0,0.0,0.0,0.0,0.0,0.0,0.03,0,0,0,0,0,0,0,0,0,0,0,0,0,0,0,0,0,0,0,0,0
0.2012624740600586,0,0.0,0.0,0.0,0.0,0.0,0.0,0.0,0.0,0.03,0,0,0,0,0,0,0,0,0,0,0,0,0,0,0,0,0,0,0,0,0
0.20240378379821777,0,0.0,0.0,0.0,0.0,0.0,0.0,0.0,0.0,0.03,0,0,0,0,0,0,0,0,0,0,0,0,0,0,0,0,0,0,0,0,0
0.20358586311340332,0,0.0,0.0,0.0,0.0,0.0,0.0,0.0,0.0,0.03,0,0,0,0,0,0,0,0,0,0,0,0,0,0,0,0,0,0,0,0,0
0.20508050918579102,0,0.0,0.0,0.0,0.0,0.0,0.0,0.0,0.0,0.03,0,0,0,0,0,0,0,0,0,0,0,0,0,0,0,0,0,0,0,0,0
0.20616388320922852,0,0.0,0.0,0.0,0.0,0.0,0.0,0.0,0.0,0.03,0,0,0,0,0,0,0,0,0,0,0,0,0,0,0,0,0,0,0,0,0
0.20941662788391113,0,0.0,0.0,0.0,0.0,0.0,0.0,0.0,0.0,0.03,0,0,0,0,0,0,0,0,0,0,0,0,0,0,0,0,0,0,0,0,0
0.21091842651367188,0,0.0,0.0,0.0,0.0,0.0,0.0,0.0,0.0,0.03,0,0,0,0,0,0,0,0,0,0,0,0,0,0,0,0,0,0,0,0,0
0.21235275268554688,0,0.0,0.0,0.0,0.0,0.0,0.0,0.0,0.0,0.03,0,0,0,0,0,0,0,0,0,0,0,0,0,0,0,0,0,0,0,0,0
0.21378159523010254,0,0.0,0.0,0.0,0.0,0.0,0.0,0.0,0.0,0.03,0,0,0,0,0,0,0,0,0,0,0,0,0,0,0,0,0,0,0,0,0
0.21500325202941895,0,0.0,0.0,0.0,0.0,0.0,0.0,0.0,0.0,0.03,0,0,0,0,0,0,0,0,0,0,0,0,0,0,0,0,0,0,0,0,0
0.21609878540039062,0,0.0,0.0,0.0,0.0,0.0,0.0,0.0,0.0,0.03,0,0,0,0,0,0,0,0,0,0,0,0,0,0,0,0,0,0,0,0,0
0.21717596054077148,0,0.0,0.0,0.0,0.0,0.0,0.0,0.0,0.0,0.03,0,0,0,0,0,0,0,0,0,0,0,0,0,0,0,0,0,0,0,0,0
0.21862339973449707,0,0.0,0.0,0.0,0.0,0.0,0.0,0.0,0.0,0.03,0,0,0,0,0,0,0,0,0,0,0,0,0,0,0,0,0,0,0,0,0
0.21997952461242676,0,0.0,0.0,0.0,0.0,0.0,0.0,0.0,0.0,0.03,0,0,0,0,0,0,0,0,0,0,0,0,0,0,0,0,0,0,0,0,0
0.22122955322265625,0,0.0,0.0,0.0,0.0,0.0,0.0,0.0,0.0,0.03,0,0,0,0,0,0,0,0,0,0,0,0,0,0,0,0,0,0,0,0,0
0.22242498397827148,0,0.0,0.0,0.0,0.0,0.0,0.0,0.0,0.0,0.03,0,0,0,0,0,0,0,0,0,0,0,0,0,0,0,0,0,0,0,0,0
0.22358465194702148,0,0.0,0.0,0.0,0.0,0.0,0.0,0.0,0.0,0.03,0,0,0,0,0,0,0,0,0,0,0,0,0,0,0,0,0,0,0,0,0
0.22467875480651855,0,0.0,0.0,0.0,0.0,0.0,0.0,0.0,0.0,0.03,0,0,0,0,0,0,0,0,0,0,0,0,0,0,0,0,0,0,0,0,0
0.2262125015258789,0,0.0,0.0,0.0,0.0,0.0,0.0,0.0,0.0,0.03,0,0,0,0,0,0,0,0,0,0,0,0,0,0,0,0,0,0,0,0,0
0.22750258445739746,0,0.0,0.0,0.0,0.0,0.0,0.0,0.0,0.0,0.03,0,0,0,0,0,0,0,0,0,0,0,0,0,0,0,0,0,0,0,0,0
0.2286691665649414,0,0.0,0.0,0.0,0.0,0.0,0.0,0.0,0.0,0.03,0,0,0,0,0,0,0,0,0,0,0,0,0,0,0,0,0,0,0,0,0
0.2297680377960205,0,0.0,0.0,0.0,0.0,0.0,0.0,0.0,0.0,0.03,0,0,0,0,0,0,0,0,0,0,0,0,0,0,0,0,0,0,0,0,0
0.23094701766967773,0,0.0,0.0,0.0,0.0,0.0,0.0,0.0,0.0,0.03,0,0,0,0,0,0,0,0,0,0,0,0,0,0,0,0,0,0,0,0,0
0.23225998878479004,0,0.0,0.0,0.0,0.0,0.0,0.0,0.0,0.0,0.03,0,0,0,0,0,0,0,0,0,0,0,0,0,0,0,0,0,0,0,0,0
0.23366832733154297,0,0.0,0.0,0.0,0.0,0.0,0.0,0.0,0.0,0.03,0,0,0,0,0,0,0,0,0,0,0,0,0,0,0,0,0,0,0,0,0
0.23531365394592285,0,0.0,0.0,0.0,0.0,0.0,0.0,0.0,0.0,0.03,0,0,0,0,0,0,0,0,0,0,0,0,0,0,0,0,0,0,0,0,0
0.23732948303222656,0,0.0,0.0,0.0,0.0,0.0,0.0,0.0,0.0,0.03,0,0,0,0,0,0,0,0,0,0,0,0,0,0,0,0,0,0,0,0,0
0.23846077919006348,0,0.0,0.0,0.0,0.0,0.0,0.0,0.0,0.0,0.03,0,0,0,0,0,0,0,0,0,0,0,0,0,0,0,0,0,0,0,0,0
0.2395637035369873,0,0.0,0.0,0.0,0.0,0.0,0.0,0.0,0.0,0.03,0,0,0,0,0,0,0,0,0,0,0,0,0,0,0,0,0,0,0,0,0
0.24133586883544922,0,0.0,0.0,0.0,0.0,0.0,0.0,0.0,0.0,0.03,0,0,0,0,0,0,0,0,0,0,0,0,0,0,0,0,0,0,0,0,0
0.24246716499328613,0,0.0,0.0,0.0,0.0,0.0,0.0,0.0,0.0,0.03,0,0,0,0,0,0,0,0,0,0,0,0,0,0,0,0,0,0,0,0,0
0.2439563274383545,0,0.0,0.0,0.0,0.0,0.0,0.0,0.0,0.0,0.03,0,0,0,0,0,0,0,0,0,0,0,0,0,0,0,0,0,0,0,0,0
0.2456812858581543,0,0.0,0.0,0.0,0.0,0.0,0.0,0.0,0.0,0.03,0,0,0,0,0,0,0,0,0,0,0,0,0,0,0,0,0,0,0,0,0
0.2467801570892334,0,0.0,0.0,0.0,0.0,0.0,0.0,0.0,0.0,0.03,0,0,0,0,0,0,0,0,0,0,0,0,0,0,0,0,0,0,0,0,0
0.24811720848083496,0,0.0,0.0,0.0,0.0,0.0,0.0,0.0,0.0,0.03,0,0,0,0,0,0,0,0,0,0,0,0,0,0,0,0,0,0,0,0,0
0.24974560737609863,0,0.0,0.0,0.0,0.0,0.0,0.0,0.0,0.0,0.03,0,0,0,0,0,0,0,0,0,0,0,0,0,0,0,0,0,0,0,0,0
0.250826358795166,0,0.0,0.0,0.0,0.0,0.0,0.0,0.0,0.0,0.03,0,0,0,0,0,0,0,0,0,0,0,0,0,0,0,0,0,0,0,0,0
0.25190067291259766,0,0.0,0.0,0.0,0.0,0.0,0.0,0.0,0.0,0.03,0,0,0,0,0,0,0,0,0,0,0,0,0,0,0,0,0,0,0,0,0
0.2529914379119873,0,0.0,0.0,0.0,0.0,0.0,0.0,0.0,0.0,0.03,0,0,0,0,0,0,0,0,0,0,0,0,0,0,0,0,0,0,0,0,0
0.254314661026001,0,0.0,0.0,0.0,0.0,0.0,0.0,0.0,0.0,0.03,0,0,0,0,0,0,0,0,0,0,0,0,0,0,0,0,0,0,0,0,0
0.255856990814209,0,0.0,0.0,0.0,0.0,0.0,0.0,0.0,0.0,0.03,0,0,0,0,0,0,0,0,0,0,0,0,0,0,0,0,0,0,0,0,0
0.2576143741607666,0,0.0,0.0,0.0,0.0,0.0,0.0,0.0,0.0,0.03,0,0,0,0,0,0,0,0,0,0,0,0,0,0,0,0,0,0,0,0,0
0.2591593265533447,0,0.0,0.0,0.0,0.0,0.0,0.0,0.0,0.0,0.03,0,0,0,0,0,0,0,0,0,0,0,0,0,0,0,0,0,0,0,0,0
0.260805606842041,0,0.0,0.0,0.0,0.0,0.0,0.0,0.0,0.0,0.03,0,0,0,0,0,0,0,0,0,0,0,0,0,0,0,0,0,0,0,0,0
0.26227426528930664,0,0.0,0.0,0.0,0.0,0.0,0.0,0.0,0.0,0.03,0,0,0,0,0,0,0,0,0,0,0,0,0,0,0,0,0,0,0,0,0
0.26339125633239746,0,0.0,0.0,0.0,0.0,0.0,0.0,0.0,0.0,0.03,0,0,0,0,0,0,0,0,0,0,0,0,0,0,0,0,0,0,0,0,0
0.26462841033935547,0,0.0,0.0,0.0,0.0,0.0,0.0,0.0,0.0,0.03,0,0,0,0,0,0,0,0,0,0,0,0,0,0,0,0,0,0,0,0,0
0.26573801040649414,0,0.0,0.0,0.0,0.0,0.0,0.0,0.0,0.0,0.03,0,0,0,0,0,0,0,0,0,0,0,0,0,0,0,0,0,0,0,0,0
0.26686882972717285,0,0.0,0.0,0.0,0.0,0.0,0.0,0.0,0.0,0.03,0,0,0,0,0,0,0,0,0,0,0,0,0,0,0,0,0,0,0,0,0
0.26883482933044434,0,0.0,0.0,0.0,0.0,0.0,0.0,0.0,0.0,0.03,0,0,0,0,0,0,0,0,0,0,0,0,0,0,0,0,0,0,0,0,0
0.2699272632598877,0,0.0,0.0,0.0,0.0,0.0,0.0,0.0,0.0,0.03,0,0,0,0,0,0,0,0,0,0,0,0,0,0,0,0,0,0,0,0,0
0.2737610340118408,0,0.0,0.0,0.0,0.0,0.0,0.0,0.0,0.0,0.03,0,0,0,0,0,0,0,0,0,0,0,0,0,0,0,0,0,0,0,0,0
0.2752680778503418,0,0.0,0.0,0.0,0.0,0.0,0.0,0.0,0.0,0.03,0,0,0,0,0,0,0,0,0,0,0,0,0,0,0,0,0,0,0,0,0
0.2788100242614746,0,0.0,0.0,0.0,0.0,0.0,0.0,0.0,0.0,0.03,0,0,0,0,0,0,0,0,0,0,0,0,0,0,0,0,0,0,0,0,0
0.2801167964935303,0,0.0,0.0,0.0,0.0,0.0,0.0,0.0,0.0,0.03,0,0,0,0,0,0,0,0,0,0,0,0,0,0,0,0,0,0,0,0,0
0.2814059257507324,0,0.0,0.0,0.0,0.0,0.0,0.0,0.0,0.0,0.03,0,0,0,0,0,0,0,0,0,0,0,0,0,0,0,0,0,0,0,0,0
0.2827770709991455,0,0.0,0.0,0.0,0.0,0.0,0.0,0.0,0.0,0.03,0,0,0,0,0,0,0,0,0,0,0,0,0,0,0,0,0,0,0,0,0
0.2850475311279297,0,0.0,0.0,0.0,0.0,0.0,0.0,0.0,0.0,0.03,0,0,0,0,0,0,0,0,0,0,0,0,0,0,0,0,0,0,0,0,0
0.2862861156463623,0,0.0,0.0,0.0,0.0,0.0,0.0,0.0,0.0,0.03,0,0,0,0,0,0,0,0,0,0,0,0,0,0,0,0,0,0,0,0,0
0.28740739822387695,0,0.0,0.0,0.0,0.0,0.0,0.0,0.0,0.0,0.03,0,0,0,0,0,0,0,0,0,0,0,0,0,0,0,0,0,0,0,0,0
0.28934311866760254,0,0.0,0.0,0.0,0.0,0.0,0.0,0.0,0.0,0.03,0,0,0,0,0,0,0,0,0,0,0,0,0,0,0,0,0,0,0,0,0
0.29044008255004883,0,0.0,0.0,0.0,0.0,0.0,0.0,0.0,0.0,0.03,0,0,0,0,0,0,0,0,0,0,0,0,0,0,0,0,0,0,0,0,0
0.29160404205322266,0,0.0,0.0,0.0,0.0,0.0,0.0,0.0,0.0,0.03,0,0,0,0,0,0,0,0,0,0,0,0,0,0,0,0,0,0,0,0,0
0.2927663326263428,0,0.0,0.0,0.0,0.0,0.0,0.0,0.0,0.0,0.03,0,0,0,0,0,0,0,0,0,0,0,0,0,0,0,0,0,0,0,0,0
0.293886661529541,0,0.0,0.0,0.0,0.0,0.0,0.0,0.0,0.0,0.03,0,0,0,0,0,0,0,0,0,0,0,0,0,0,0,0,0,0,0,0,0
0.294971227645874,0,0.0,0.0,0.0,0.0,0.0,0.0,0.0,0.0,0.03,0,0,0,0,0,0,0,0,0,0,0,0,0,0,0,0,0,0,0,0,0
0.2973957061767578,0,0.0,0.0,0.0,0.0,0.0,0.0,0.0,0.0,0.03,0,0,0,0,0,0,0,0,0,0,0,0,0,0,0,0,0,0,0,0,0
0.29918694496154785,0,0.0,0.0,0.0,0.0,0.0,0.0,0.0,0.0,0.03,0,0,0,0,0,0,0,0,0,0,0,0,0,0,0,0,0,0,0,0,0
0.3002750873565674,0,0.0,0.0,0.0,0.0,0.0,0.0,0.0,0.0,0.03,0,0,0,0,0,0,0,0,0,0,0,0,0,0,0,0,0,0,0,0,0
0.30156874656677246,0,0.0,0.0,0.0,0.0,0.0,0.0,0.0,0.0,0.03,0,0,0,0,0,0,0,0,0,0,0,0,0,0,0,0,0,0,0,0,0
0.3027360439300537,0,0.0,0.0,0.0,0.0,0.0,0.0,0.0,0.0,0.03,0,0,0,0,0,0,0,0,0,0,0,0,0,0,0,0,0,0,0,0,0
0.3040163516998291,0,0.0,0.0,0.0,0.0,0.0,0.0,0.0,0.0,0.03,0,0,0,0,0,0,0,0,0,0,0,0,0,0,0,0,0,0,0,0,0
0.3052971363067627,0,0.0,0.0,0.0,0.0,0.0,0.0,0.0,0.0,0.03,0,0,0,0,0,0,0,0,0,0,0,0,0,0,0,0,0,0,0,0,0
0.3065512180328369,0,0.0,0.0,0.0,0.0,0.0,0.0,0.0,0.0,0.03,0,0,0,0,0,0,0,0,0,0,0,0,0,0,0,0,0,0,0,0,0
0.30762195587158203,0,0.0,0.0,0.0,0.0,0.0,0.0,0.0,0.0,0.03,0,0,0,0,0,0,0,0,0,0,0,0,0,0,0,0,0,0,0,0,0
0.3095278739929199,0,0.0,0.0,0.0,0.0,0.0,0.0,0.0,0.0,0.03,0,0,0,0,0,0,0,0,0,0,0,0,0,0,0,0,0,0,0,0,0
0.31078410148620605,0,0.0,0.0,0.0,0.0,0.0,0.0,0.0,0.0,0.03,0,0,0,0,0,0,0,0,0,0,0,0,0,0,0,0,0,0,0,0,0
0.3118448257446289,0,0.0,0.0,0.0,0.0,0.0,0.0,0.0,0.0,0.03,0,0,0,0,0,0,0,0,0,0,0,0,0,0,0,0,0,0,0,0,0
0.3129384517669678,0,0.0,0.0,0.0,0.0,0.0,0.0,0.0,0.0,0.03,0,0,0,0,0,0,0,0,0,0,0,0,0,0,0,0,0,0,0,0,0
0.314119815826416,0,0.0,0.0,0.0,0.0,0.0,0.0,0.0,0.0,0.03,0,0,0,0,0,0,0,0,0,0,0,0,0,0,0,0,0,0,0,0,0
0.31609559059143066,0,0.0,0.0,0.0,0.0,0.0,0.0,0.0,0.0,0.03,0,0,0,0,0,0,0,0,0,0,0,0,0,0,0,0,0,0,0,0,0
0.317857027053833,0,0.0,0.0,0.0,0.0,0.0,0.0,0.0,0.0,0.03,0,0,0,0,0,0,0,0,0,0,0,0,0,0,0,0,0,0,0,0,0
0.3191566467285156,0,0.0,0.0,0.0,0.0,0.0,0.0,0.0,0.0,0.03,0,0,0,0,0,0,0,0,0,0,0,0,0,0,0,0,0,0,0,0,0
0.32038116455078125,0,0.0,0.0,0.0,0.0,0.0,0.0,0.0,0.0,0.03,0,0,0,0,0,0,0,0,0,0,0,0,0,0,0,0,0,0,0,0,0
0.32236146926879883,0,0.0,0.0,0.0,0.0,0.0,0.0,0.0,0.0,0.03,0,0,0,0,0,0,0,0,0,0,0,0,0,0,0,0,0,0,0,0,0
0.32355546951293945,0,0.0,0.0,0.0,0.0,0.0,0.0,0.0,0.0,0.03,0,0,0,0,0,0,0,0,0,0,0,0,0,0,0,0,0,0,0,0,0
0.3248884677886963,0,0.0,0.0,0.0,0.0,0.0,0.0,0.0,0.0,0.03,0,0,0,0,0,0,0,0,0,0,0,0,0,0,0,0,0,0,0,0,0
0.32624220848083496,0,0.0,0.0,0.0,0.0,0.0,0.0,0.0,0.0,0.03,0,0,0,0,0,0,0,0,0,0,0,0,0,0,0,0,0,0,0,0,0
0.3274040222167969,0,0.0,0.0,0.0,0.0,0.0,0.0,0.0,0.0,0.03,0,0,0,0,0,0,0,0,0,0,0,0,0,0,0,0,0,0,0,0,0
0.33096981048583984,0,0.0,0.0,0.0,0.0,0.0,0.0,0.0,0.0,0.03,0,0,0,0,0,0,0,0,0,0,0,0,0,0,0,0,0,0,0,0,0
0.3324122428894043,0,0.0,0.0,0.0,0.0,0.0,0.0,0.0,0.0,0.03,0,0,0,0,0,0,0,0,0,0,0,0,0,0,0,0,0,0,0,0,0
0.3337099552154541,0,0.0,0.0,0.0,0.0,0.0,0.0,0.0,0.0,0.03,0,0,0,0,0,0,0,0,0,0,0,0,0,0,0,0,0,0,0,0,0
0.3358316421508789,0,0.0,0.0,0.0,0.0,0.0,0.0,0.0,0.0,0.03,0,0,0,0,0,0,0,0,0,0,0,0,0,0,0,0,0,0,0,0,0
0.33730149269104004,0,0.0,0.0,0.0,0.0,0.0,0.0,0.0,0.0,0.03,0,0,0,0,0,0,0,0,0,0,0,0,0,0,0,0,0,0,0,0,0
0.3383967876434326,0,0.0,0.0,0.0,0.0,0.0,0.0,0.0,0.0,0.03,0,0,0,0,0,0,0,0,0,0,0,0,0,0,0,0,0,0,0,0,0
0.3396482467651367,0,0.0,0.0,0.0,0.0,0.0,0.0,0.0,0.0,0.03,0,0,0,0,0,0,0,0,0,0,0,0,0,0,0,0,0,0,0,0,0
0.3415842056274414,0,0.0,0.0,0.0,0.0,0.0,0.0,0.0,0.0,0.03,0,0,0,0,0,0,0,0,0,0,0,0,0,0,0,0,0,0,0,0,0
0.3430905342102051,0,0.0,0.0,0.0,0.0,0.0,0.0,0.0,0.0,0.03,0,0,0,0,0,0,0,0,0,0,0,0,0,0,0,0,0,0,0,0,0
0.3443489074707031,0,0.0,0.0,0.0,0.0,0.0,0.0,0.0,0.0,0.03,0,0,0,0,0,0,0,0,0,0,0,0,0,0,0,0,0,0,0,0,0
0.3459630012512207,0,0.0,0.0,0.0,0.0,0.0,0.0,0.0,0.0,0.03,0,0,0,0,0,0,0,0,0,0,0,0,0,0,0,0,0,0,0,0,0
0.3474581241607666,0,0.0,0.0,0.0,0.0,0.0,0.0,0.0,0.0,0.03,0,0,0,0,0,0,0,0,0,0,0,0,0,0,0,0,0,0,0,0,0
0.3489522933959961,0,0.0,0.0,0.0,0.0,0.0,0.0,0.0,0.0,0.03,0,0,0,0,0,0,0,0,0,0,0,0,0,0,0,0,0,0,0,0,0
0.3501126766204834,0,0.0,0.0,0.0,0.0,0.0,0.0,0.0,0.0,0.03,0,0,0,0,0,0,0,0,0,0,0,0,0,0,0,0,0,0,0,0,0
0.3512582778930664,0,0.0,0.0,0.0,0.0,0.0,0.0,0.0,0.0,0.03,0,0,0,0,0,0,0,0,0,0,0,0,0,0,0,0,0,0,0,0,0
0.3523414134979248,0,0.0,0.0,0.0,0.0,0.0,0.0,0.0,0.0,0.03,0,0,0,0,0,0,0,0,0,0,0,0,0,0,0,0,0,0,0,0,0
0.35361266136169434,0,0.0,0.0,0.0,0.0,0.0,0.0,0.0,0.0,0.03,0,0,0,0,0,0,0,0,0,0,0,0,0,0,0,0,0,0,0,0,0
0.3551492691040039,0,0.0,0.0,0.0,0.0,0.0,0.0,0.0,0.0,0.03,0,0,0,0,0,0,0,0,0,0,0,0,0,0,0,0,0,0,0,0,0
0.35672783851623535,0,0.0,0.0,0.0,0.0,0.0,0.0,0.0,0.0,0.03,0,0,0,0,0,0,0,0,0,0,0,0,0,0,0,0,0,0,0,0,0
0.3578505516052246,0,0.0,0.0,0.0,0.0,0.0,0.0,0.0,0.0,0.03,0,0,0,0,0,0,0,0,0,0,0,0,0,0,0,0,0,0,0,0,0
0.35912632942199707,0,0.0,0.0,0.0,0.0,0.0,0.0,0.0,0.0,0.03,0,0,0,0,0,0,0,0,0,0,0,0,0,0,0,0,0,0,0,0,0
0.3603041172027588,0,0.0,0.0,0.0,0.0,0.0,0.0,0.0,0.0,0.03,0,0,0,0,0,0,0,0,0,0,0,0,0,0,0,0,0,0,0,0,0
0.36210012435913086,0,0.0,0.0,0.0,0.0,0.0,0.0,0.0,0.0,0.03,0,0,0,0,0,0,0,0,0,0,0,0,0,0,0,0,0,0,0,0,0
0.3641190528869629,0,0.0,0.0,0.0,0.0,0.0,0.0,0.0,0.0,0.03,0,0,0,0,0,0,0,0,0,0,0,0,0,0,0,0,0,0,0,0,0
0.36518216133117676,0,0.0,0.0,0.0,0.0,0.0,0.0,0.0,0.0,0.03,0,0,0,0,0,0,0,0,0,0,0,0,0,0,0,0,0,0,0,0,0
0.3670320510864258,0,0.0,0.0,0.0,0.0,0.0,0.0,0.0,0.0,0.03,0,0,0,0,0,0,0,0,0,0,0,0,0,0,0,0,0,0,0,0,0
0.3681602478027344,0,0.0,0.0,0.0,0.0,0.0,0.0,0.0,0.0,0.03,0,0,0,0,0,0,0,0,0,0,0,0,0,0,0,0,0,0,0,0,0
0.36927008628845215,0,0.0,0.0,0.0,0.0,0.0,0.0,0.0,0.0,0.03,0,0,0,0,0,0,0,0,0,0,0,0,0,0,0,0,0,0,0,0,0
0.3703653812408447,0,0.0,0.0,0.0,0.0,0.0,0.0,0.0,0.0,0.03,0,0,0,0,0,0,0,0,0,0,0,0,0,0,0,0,0,0,0,0,0
0.3714466094970703,0,0.0,0.0,0.0,0.0,0.0,0.0,0.0,0.0,0.03,0,0,0,0,0,0,0,0,0,0,0,0,0,0,0,0,0,0,0,0,0
0.3738365173339844,0,0.0,0.0,0.0,0.0,0.0,0.0,0.0,0.0,0.03,0,0,0,0,0,0,0,0,0,0,0,0,0,0,0,0,0,0,0,0,0
0.37519145011901855,0,0.0,0.0,0.0,0.0,0.0,0.0,0.0,0.0,0.03,0,0,0,0,0,0,0,0,0,0,0,0,0,0,0,0,0,0,0,0,0
0.3766934871673584,0,0.0,0.0,0.0,0.0,0.0,0.0,0.0,0.0,0.03,0,0,0,0,0,0,0,0,0,0,0,0,0,0,0,0,0,0,0,0,0
0.37787604331970215,0,0.0,0.0,0.0,0.0,0.0,0.0,0.0,0.0,0.03,0,0,0,0,0,0,0,0,0,0,0,0,0,0,0,0,0,0,0,0,0
0.3791632652282715,0,0.0,0.0,0.0,0.0,0.0,0.0,0.0,0.0,0.03,0,0,0,0,0,0,0,0,0,0,0,0,0,0,0,0,0,0,0,0,0
0.3810269832611084,0,0.0,0.0,0.0,0.0,0.0,0.0,0.0,0.0,0.03,0,0,0,0,0,0,0,0,0,0,0,0,0,0,0,0,0,0,0,0,0
0.3823812007904053,0,0.0,0.0,0.0,0.0,0.0,0.0,0.0,0.0,0.03,0,0,0,0,0,0,0,0,0,0,0,0,0,0,0,0,0,0,0,0,0
0.38356494903564453,0,0.0,0.0,0.0,0.0,0.0,0.0,0.0,0.0,0.03,0,0,0,0,0,0,0,0,0,0,0,0,0,0,0,0,0,0,0,0,0
0.38488340377807617,0,0.0,0.0,0.0,0.0,0.0,0.0,0.0,0.0,0.03,0,0,0,0,0,0,0,0,0,0,0,0,0,0,0,0,0,0,0,0,0
0.38852667808532715,0,0.0,0.0,0.0,0.0,0.0,0.0,0.0,0.0,0.03,0,0,0,0,0,0,0,0,0,0,0,0,0,0,0,0,0,0,0,0,0
0.3905923366546631,0,0.0,0.0,0.0,0.0,0.0,0.0,0.0,0.0,0.03,0,0,0,0,0,0,0,0,0,0,0,0,0,0,0,0,0,0,0,0,0
0.3931872844696045,0,0.0,0.0,0.0,0.0,0.0,0.0,0.0,0.0,0.03,0,0,0,0,0,0,0,0,0,0,0,0,0,0,0,0,0,0,0,0,0
0.3950839042663574,0,0.0,0.0,0.0,0.0,0.0,0.0,0.0,0.0,0.03,0,0,0,0,0,0,0,0,0,0,0,0,0,0,0,0,0,0,0,0,0
0.3995208740234375,0,0.0,0.0,0.0,0.0,0.0,0.0,0.0,0.0,0.03,0,0,0,0,0,0,0,0,0,0,0,0,0,0,0,0,0,0,0,0,0
0.40061116218566895,0,0.0,0.0,0.0,0.0,0.0,0.0,0.0,0.0,0.03,0,0,0,0,0,0,0,0,0,0,0,0,0,0,0,0,0,0,0,0,0
0.40215468406677246,0,0.0,0.0,0.0,0.0,0.0,0.0,0.0,0.0,0.03,0,0,0,0,0,0,0,0,0,0,0,0,0,0,0,0,0,0,0,0,0
0.40348124504089355,0,0.0,0.0,0.0,0.0,0.0,0.0,0.0,0.0,0.03,0,0,0,0,0,0,0,0,0,0,0,0,0,0,0,0,0,0,0,0,0
0.4048187732696533,0,0.0,0.0,0.0,0.0,0.0,0.0,0.0,0.0,0.03,0,0,0,0,0,0,0,0,0,0,0,0,0,0,0,0,0,0,0,0,0
0.4059715270996094,0,0.0,0.0,0.0,0.0,0.0,0.0,0.0,0.0,0.03,0,0,0,0,0,0,0,0,0,0,0,0,0,0,0,0,0,0,0,0,0
0.40719079971313477,0,0.0,0.0,0.0,0.0,0.0,0.0,0.0,0.0,0.03,0,0,0,0,0,0,0,0,0,0,0,0,0,0,0,0,0,0,0,0,0
0.4085395336151123,0,0.0,0.0,0.0,0.0,0.0,0.0,0.0,0.0,0.03,0,0,0,0,0,0,0,0,0,0,0,0,0,0,0,0,0,0,0,0,0
0.40961527824401855,0,0.0,0.0,0.0,0.0,0.0,0.0,0.0,0.0,0.03,0,0,0,0,0,0,0,0,0,0,0,0,0,0,0,0,0,0,0,0,0
0.41114211082458496,0,0.0,0.0,0.0,0.0,0.0,0.0,0.0,0.0,0.03,0,0,0,0,0,0,0,0,0,0,0,0,0,0,0,0,0,0,0,0,0
0.4123103618621826,0,0.0,0.0,0.0,0.0,0.0,0.0,0.0,0.0,0.03,0,0,0,0,0,0,0,0,0,0,0,0,0,0,0,0,0,0,0,0,0
0.41340136528015137,0,0.0,0.0,0.0,0.0,0.0,0.0,0.0,0.0,0.03,0,0,0,0,0,0,0,0,0,0,0,0,0,0,0,0,0,0,0,0,0
0.4145791530609131,0,0.0,0.0,0.0,0.0,0.0,0.0,0.0,0.0,0.03,0,0,0,0,0,0,0,0,0,0,0,0,0,0,0,0,0,0,0,0,0
0.41579604148864746,0,0.0,0.0,0.0,0.0,0.0,0.0,0.0,0.0,0.03,0,0,0,0,0,0,0,0,0,0,0,0,0,0,0,0,0,0,0,0,0
0.41687893867492676,0,0.0,0.0,0.0,0.0,0.0,0.0,0.0,0.0,0.03,0,0,0,0,0,0,0,0,0,0,0,0,0,0,0,0,0,0,0,0,0
0.41798996925354004,0,0.0,0.0,0.0,0.0,0.0,0.0,0.0,0.0,0.03,0,0,0,0,0,0,0,0,0,0,0,0,0,0,0,0,0,0,0,0,0
0.4191865921020508,0,0.0,0.0,0.0,0.0,0.0,0.0,0.0,0.0,0.03,0,0,0,0,0,0,0,0,0,0,0,0,0,0,0,0,0,0,0,0,0
0.4210069179534912,0,0.0,0.0,0.0,0.0,0.0,0.0,0.0,0.0,0.03,0,0,0,0,0,0,0,0,0,0,0,0,0,0,0,0,0,0,0,0,0
0.42236328125,0,0.0,0.0,0.0,0.0,0.0,0.0,0.0,0.0,0.03,0,0,0,0,0,0,0,0,0,0,0,0,0,0,0,0,0,0,0,0,0
0.4236762523651123,0,0.0,0.0,0.0,0.0,0.0,0.0,0.0,0.0,0.03,0,0,0,0,0,0,0,0,0,0,0,0,0,0,0,0,0,0,0,0,0
0.4247708320617676,0,0.0,0.0,0.0,0.0,0.0,0.0,0.0,0.0,0.03,0,0,0,0,0,0,0,0,0,0,0,0,0,0,0,0,0,0,0,0,0
0.42588043212890625,0,0.0,0.0,0.0,0.0,0.0,0.0,0.0,0.0,0.03,0,0,0,0,0,0,0,0,0,0,0,0,0,0,0,0,0,0,0,0,0
0.42743420600891113,0,0.0,0.0,0.0,0.0,0.0,0.0,0.0,0.0,0.03,0,0,0,0,0,0,0,0,0,0,0,0,0,0,0,0,0,0,0,0,0
0.4295201301574707,0,0.0,0.0,0.0,0.0,0.0,0.0,0.0,0.0,0.03,0,0,0,0,0,0,0,0,0,0,0,0,0,0,0,0,0,0,0,0,0
0.4306905269622803,0,0.0,0.0,0.0,0.0,0.0,0.0,0.0,0.0,0.03,0,0,0,0,0,0,0,0,0,0,0,0,0,0,0,0,0,0,0,0,0
0.4326605796813965,0,0.0,0.0,0.0,0.0,0.0,0.0,0.0,0.0,0.03,0,0,0,0,0,0,0,0,0,0,0,0,0,0,0,0,0,0,0,0,0
0.4339451789855957,0,0.0,0.0,0.0,0.0,0.0,0.0,0.0,0.0,0.03,0,0,0,0,0,0,0,0,0,0,0,0,0,0,0,0,0,0,0,0,0
0.4351656436920166,0,0.0,0.0,0.0,0.0,0.0,0.0,0.0,0.0,0.03,0,0,0,0,0,0,0,0,0,0,0,0,0,0,0,0,0,0,0,0,0
0.43645167350769043,0,0.0,0.0,0.0,0.0,0.0,0.0,0.0,0.0,0.03,0,0,0,0,0,0,0,0,0,0,0,0,0,0,0,0,0,0,0,0,0
0.4379618167877197,0,0.0,0.0,0.0,0.0,0.0,0.0,0.0,0.0,0.03,0,0,0,0,0,0,0,0,0,0,0,0,0,0,0,0,0,0,0,0,0
0.4393918514251709,0,0.0,0.0,0.0,0.0,0.0,0.0,0.0,0.0,0.03,0,0,0,0,0,0,0,0,0,0,0,0,0,0,0,0,0,0,0,0,0
0.4409639835357666,0,0.0,0.0,0.0,0.0,0.0,0.0,0.0,0.0,0.03,0,0,0,0,0,0,0,0,0,0,0,0,0,0,0,0,0,0,0,0,0
0.44225430488586426,0,0.0,0.0,0.0,0.0,0.0,0.0,0.0,0.0,0.03,0,0,0,0,0,0,0,0,0,0,0,0,0,0,0,0,0,0,0,0,0
0.443645715713501,0,0.0,0.0,0.0,0.0,0.0,0.0,0.0,0.0,0.03,0,0,0,0,0,0,0,0,0,0,0,0,0,0,0,0,0,0,0,0,0
0.4452939033508301,0,0.0,0.0,0.0,0.0,0.0,0.0,0.0,0.0,0.03,0,0,0,0,0,0,0,0,0,0,0,0,0,0,0,0,0,0,0,0,0
0.44676804542541504,0,0.0,0.0,0.0,0.0,0.0,0.0,0.0,0.0,0.03,0,0,0,0,0,0,0,0,0,0,0,0,0,0,0,0,0,0,0,0,0
0.4478886127471924,0,0.0,0.0,0.0,0.0,0.0,0.0,0.0,0.0,0.03,0,0,0,0,0,0,0,0,0,0,0,0,0,0,0,0,0,0,0,0,0
0.44912147521972656,0,0.0,0.0,0.0,0.0,0.0,0.0,0.0,0.0,0.03,0,0,0,0,0,0,0,0,0,0,0,0,0,0,0,0,0,0,0,0,0
0.4502696990966797,0,0.0,0.0,0.0,0.0,0.0,0.0,0.0,0.0,0.03,0,0,0,0,0,0,0,0,0,0,0,0,0,0,0,0,0,0,0,0,0
0.45476627349853516,0,0.0,0.0,0.0,0.0,0.0,0.0,0.0,0.0,0.03,0,0,0,0,0,0,0,0,0,0,0,0,0,0,0,0,0,0,0,0,0
0.45746493339538574,0,0.0,0.0,0.0,0.0,0.0,0.0,0.0,0.0,0.03,0,0,0,0,0,0,0,0,0,0,0,0,0,0,0,0,0,0,0,0,0
0.45984649658203125,0,0.0,0.0,0.0,0.0,0.0,0.0,0.0,0.0,0.03,0,0,0,0,0,0,0,0,0,0,0,0,0,0,0,0,0,0,0,0,0
0.46110010147094727,0,0.0,0.0,0.0,0.0,0.0,0.0,0.0,0.0,0.03,0,0,0,0,0,0,0,0,0,0,0,0,0,0,0,0,0,0,0,0,0
0.46234822273254395,0,0.0,0.0,0.0,0.0,0.0,0.0,0.0,0.0,0.03,0,0,0,0,0,0,0,0,0,0,0,0,0,0,0,0,0,0,0,0,0
0.4634389877319336,0,0.0,0.0,0.0,0.0,0.0,0.0,0.0,0.0,0.03,0,0,0,0,0,0,0,0,0,0,0,0,0,0,0,0,0,0,0,0,0
0.46570348739624023,0,0.0,0.0,0.0,0.0,0.0,0.0,0.0,0.0,0.03,0,0,0,0,0,0,0,0,0,0,0,0,0,0,0,0,0,0,0,0,0
0.46680474281311035,0,0.0,0.0,0.0,0.0,0.0,0.0,0.0,0.0,0.03,0,0,0,0,0,0,0,0,0,0,0,0,0,0,0,0,0,0,0,0,0
0.46811938285827637,0,0.0,0.0,0.0,0.0,0.0,0.0,0.0,0.0,0.03,0,0,0,0,0,0,0,0,0,0,0,0,0,0,0,0,0,0,0,0,0
0.46957898139953613,0,0.0,0.0,0.0,0.0,0.0,0.0,0.0,0.0,0.03,0,0,0,0,0,0,0,0,0,0,0,0,0,0,0,0,0,0,0,0,0
0.47071170806884766,0,0.0,0.0,0.0,0.0,0.0,0.0,0.0,0.0,0.03,0,0,0,0,0,0,0,0,0,0,0,0,0,0,0,0,0,0,0,0,0
0.47185730934143066,0,0.0,0.0,0.0,0.0,0.0,0.0,0.0,0.0,0.03,0,0,0,0,0,0,0,0,0,0,0,0,0,0,0,0,0,0,0,0,0
0.47319650650024414,0,0.0,0.0,0.0,0.0,0.0,0.0,0.0,0.0,0.03,0,0,0,0,0,0,0,0,0,0,0,0,0,0,0,0,0,0,0,0,0
0.47428369522094727,0,0.0,0.0,0.0,0.0,0.0,0.0,0.0,0.0,0.03,0,0,0,0,0,0,0,0,0,0,0,0,0,0,0,0,0,0,0,0,0
0.47559165954589844,0,0.0,0.0,0.0,0.0,0.0,0.0,0.0,0.0,0.03,0,0,0,0,0,0,0,0,0,0,0,0,0,0,0,0,0,0,0,0,0
0.47737979888916016,0,0.0,0.0,0.0,0.0,0.0,0.0,0.0,0.0,0.03,0,0,0,0,0,0,0,0,0,0,0,0,0,0,0,0,0,0,0,0,0
0.4786524772644043,0,0.0,0.0,0.0,0.0,0.0,0.0,0.0,0.0,0.03,0,0,0,0,0,0,0,0,0,0,0,0,0,0,0,0,0,0,0,0,0
0.47977423667907715,0,0.0,0.0,0.0,0.0,0.0,0.0,0.0,0.0,0.03,0,0,0,0,0,0,0,0,0,0,0,0,0,0,0,0,0,0,0,0,0
0.4809238910675049,0,0.0,0.0,0.0,0.0,0.0,0.0,0.0,0.0,0.03,0,0,0,0,0,0,0,0,0,0,0,0,0,0,0,0,0,0,0,0,0
0.48286986351013184,0,0.0,0.0,0.0,0.0,0.0,0.0,0.0,0.0,0.03,0,0,0,0,0,0,0,0,0,0,0,0,0,0,0,0,0,0,0,0,0
0.4844939708709717,0,0.0,0.0,0.0,0.0,0.0,0.0,0.0,0.0,0.03,0,0,0,0,0,0,0,0,0,0,0,0,0,0,0,0,0,0,0,0,0
0.4855828285217285,0,0.0,0.0,0.0,0.0,0.0,0.0,0.0,0.0,0.03,0,0,0,0,0,0,0,0,0,0,0,0,0,0,0,0,0,0,0,0,0
0.48676109313964844,0,0.0,0.0,0.0,0.0,0.0,0.0,0.0,0.0,0.03,0,0,0,0,0,0,0,0,0,0,0,0,0,0,0,0,0,0,0,0,0
0.4881417751312256,0,0.0,0.0,0.0,0.0,0.0,0.0,0.0,0.0,0.03,0,0,0,0,0,0,0,0,0,0,0,0,0,0,0,0,0,0,0,0,0
0.4892394542694092,0,0.0,0.0,0.0,0.0,0.0,0.0,0.0,0.0,0.03,0,0,0,0,0,0,0,0,0,0,0,0,0,0,0,0,0,0,0,0,0
0.49053382873535156,0,0.0,0.0,0.0,0.0,0.0,0.0,0.0,0.0,0.03,0,0,0,0,0,0,0,0,0,0,0,0,0,0,0,0,0,0,0,0,0
0.49159789085388184,0,0.0,0.0,0.0,0.0,0.0,0.0,0.0,0.0,0.03,0,0,0,0,0,0,0,0,0,0,0,0,0,0,0,0,0,0,0,0,0
0.492842435836792,0,0.0,0.0,0.0,0.0,0.0,0.0,0.0,0.0,0.03,0,0,0,0,0,0,0,0,0,0,0,0,0,0,0,0,0,0,0,0,0
0.49440884590148926,0,0.0,0.0,0.0,0.0,0.0,0.0,0.0,0.0,0.03,0,0,0,0,0,0,0,0,0,0,0,0,0,0,0,0,0,0,0,0,0
0.4972379207611084,0,0.0,0.0,0.0,0.0,0.0,0.0,0.0,0.0,0.03,0,0,0,0,0,0,0,0,0,0,0,0,0,0,0,0,0,0,0,0,0
0.4984323978424072,0,0.0,0.0,0.0,0.0,0.0,0.0,0.0,0.0,0.03,0,0,0,0,0,0,0,0,0,0,0,0,0,0,0,0,0,0,0,0,0
0.5001893043518066,0,0.0,0.0,0.0,0.0,0.0,0.0,0.0,0.0,0.03,0,0,0,0,0,0,0,0,0,0,0,0,0,0,0,0,0,0,0,0,0
0.5013906955718994,0,0.0,0.0,0.0,0.0,0.0,0.0,0.0,0.0,0.03,0,0,0,0,0,0,0,0,0,0,0,0,0,0,0,0,0,0,0,0,0
0.5026562213897705,0,0.0,0.0,0.0,0.0,0.0,0.0,0.0,0.0,0.03,0,0,0,0,0,0,0,0,0,0,0,0,0,0,0,0,0,0,0,0,0
0.5045070648193359,0,0.0,0.0,0.0,0.0,0.0,0.0,0.0,0.0,0.03,0,0,0,0,0,0,0,0,0,0,0,0,0,0,0,0,0,0,0,0,0
0.5058193206787109,0,0.0,0.0,0.0,0.0,0.0,0.0,0.0,0.0,0.03,0,0,0,0,0,0,0,0,0,0,0,0,0,0,0,0,0,0,0,0,0
0.5091452598571777,0,0.0,0.0,0.0,0.0,0.0,0.0,0.0,0.0,0.03,0,0,0,0,0,0,0,0,0,0,0,0,0,0,0,0,0,0,0,0,0
0.5104525089263916,0,0.0,0.0,0.0,0.0,0.0,0.0,0.0,0.0,0.03,0,0,0,0,0,0,0,0,0,0,0,0,0,0,0,0,0,0,0,0,0
0.5126469135284424,0,0.0,0.0,0.0,0.0,0.0,0.0,0.0,0.0,0.03,0,0,0,0,0,0,0,0,0,0,0,0,0,0,0,0,0,0,0,0,0
0.5159382820129395,0,0.0,0.0,0.0,0.0,0.0,0.0,0.0,0.0,0.03,0,0,0,0,0,0,0,0,0,0,0,0,0,0,0,0,0,0,0,0,0
0.5170960426330566,0,0.0,0.0,0.0,0.0,0.0,0.0,0.0,0.0,0.03,0,0,0,0,0,0,0,0,0,0,0,0,0,0,0,0,0,0,0,0,0
0.518458366394043,0,0.0,0.0,0.0,0.0,0.0,0.0,0.0,0.0,0.03,0,0,0,0,0,0,0,0,0,0,0,0,0,0,0,0,0,0,0,0,0
0.5196688175201416,0,0.0,0.0,0.0,0.0,0.0,0.0,0.0,0.0,0.03,0,0,0,0,0,0,0,0,0,0,0,0,0,0,0,0,0,0,0,0,0
0.5207910537719727,0,0.0,0.0,0.0,0.0,0.0,0.0,0.0,0.0,0.03,0,0,0,0,0,0,0,0,0,0,0,0,0,0,0,0,0,0,0,0,0
0.5221776962280273,0,0.0,0.0,0.0,0.0,0.0,0.0,0.0,0.0,0.03,0,0,0,0,0,0,0,0,0,0,0,0,0,0,0,0,0,0,0,0,0
0.5233192443847656,0,0.0,0.0,0.0,0.0,0.0,0.0,0.0,0.0,0.03,0,0,0,0,0,0,0,0,0,0,0,0,0,0,0,0,0,0,0,0,0
0.5244290828704834,0,0.0,0.0,0.0,0.0,0.0,0.0,0.0,0.0,0.03,0,0,0,0,0,0,0,0,0,0,0,0,0,0,0,0,0,0,0,0,0
0.5255248546600342,0,0.0,0.0,0.0,0.0,0.0,0.0,0.0,0.0,0.03,0,0,0,0,0,0,0,0,0,0,0,0,0,0,0,0,0,0,0,0,0
0.5266213417053223,0,0.0,0.0,0.0,0.0,0.0,0.0,0.0,0.0,0.03,0,0,0,0,0,0,0,0,0,0,0,0,0,0,0,0,0,0,0,0,0
0.5276806354522705,0,0.0,0.0,0.0,0.0,0.0,0.0,0.0,0.0,0.03,0,0,0,0,0,0,0,0,0,0,0,0,0,0,0,0,0,0,0,0,0
0.528827428817749,0,0.0,0.0,0.0,0.0,0.0,0.0,0.0,0.0,0.03,0,0,0,0,0,0,0,0,0,0,0,0,0,0,0,0,0,0,0,0,0
0.5299394130706787,0,0.0,0.0,0.0,0.0,0.0,0.0,0.0,0.0,0.03,0,0,0,0,0,0,0,0,0,0,0,0,0,0,0,0,0,0,0,0,0
0.5310320854187012,0,0.0,0.0,0.0,0.0,0.0,0.0,0.0,0.0,0.03,0,0,0,0,0,0,0,0,0,0,0,0,0,0,0,0,0,0,0,0,0
0.5326149463653564,0,0.0,0.0,0.0,0.0,0.0,0.0,0.0,0.0,0.03,0,0,0,0,0,0,0,0,0,0,0,0,0,0,0,0,0,0,0,0,0
0.5341572761535645,0,0.0,0.0,0.0,0.0,0.0,0.0,0.0,0.0,0.03,0,0,0,0,0,0,0,0,0,0,0,0,0,0,0,0,0,0,0,0,0
0.53662109375,0,0.0,0.0,0.0,0.0,0.0,0.0,0.0,0.0,0.03,0,0,0,0,0,0,0,0,0,0,0,0,0,0,0,0,0,0,0,0,0
0.5378687381744385,0,0.0,0.0,0.0,0.0,0.0,0.0,0.0,0.0,0.03,0,0,0,0,0,0,0,0,0,0,0,0,0,0,0,0,0,0,0,0,0
0.5390293598175049,0,0.0,0.0,0.0,0.0,0.0,0.0,0.0,0.0,0.03,0,0,0,0,0,0,0,0,0,0,0,0,0,0,0,0,0,0,0,0,0
0.5411128997802734,0,0.0,0.0,0.0,0.0,0.0,0.0,0.0,0.0,0.03,0,0,0,0,0,0,0,0,0,0,0,0,0,0,0,0,0,0,0,0,0
0.5423181056976318,0,0.0,0.0,0.0,0.0,0.0,0.0,0.0,0.0,0.03,0,0,0,0,0,0,0,0,0,0,0,0,0,0,0,0,0,0,0,0,0
0.5434131622314453,0,0.0,0.0,0.0,0.0,0.0,0.0,0.0,0.0,0.03,0,0,0,0,0,0,0,0,0,0,0,0,0,0,0,0,0,0,0,0,0
0.5453176498413086,0,0.0,0.0,0.0,0.0,0.0,0.0,0.0,0.0,0.03,0,0,0,0,0,0,0,0,0,0,0,0,0,0,0,0,0,0,0,0,0
0.546410322189331,0,0.0,0.0,0.0,0.0,0.0,0.0,0.0,0.0,0.03,0,0,0,0,0,0,0,0,0,0,0,0,0,0,0,0,0,0,0,0,0
0.5475671291351318,0,0.0,0.0,0.0,0.0,0.0,0.0,0.0,0.0,0.03,0,0,0,0,0,0,0,0,0,0,0,0,0,0,0,0,0,0,0,0,0
0.5486605167388916,0,0.0,0.0,0.0,0.0,0.0,0.0,0.0,0.0,0.03,0,0,0,0,0,0,0,0,0,0,0,0,0,0,0,0,0,0,0,0,0
0.5497474670410156,0,0.0,0.0,0.0,0.0,0.0,0.0,0.0,0.0,0.03,0,0,0,0,0,0,0,0,0,0,0,0,0,0,0,0,0,0,0,0,0
0.5511267185211182,0,0.0,0.0,0.0,0.0,0.0,0.0,0.0,0.0,0.03,0,0,0,0,0,0,0,0,0,0,0,0,0,0,0,0,0,0,0,0,0
0.5524852275848389,0,0.0,0.0,0.0,0.0,0.0,0.0,0.0,0.0,0.03,0,0,0,0,0,0,0,0,0,0,0,0,0,0,0,0,0,0,0,0,0
0.5537014007568359,0,0.0,0.0,0.0,0.0,0.0,0.0,0.0,0.0,0.03,0,0,0,0,0,0,0,0,0,0,0,0,0,0,0,0,0,0,0,0,0
0.5549781322479248,0,0.0,0.0,0.0,0.0,0.0,0.0,0.0,0.0,0.03,0,0,0,0,0,0,0,0,0,0,0,0,0,0,0,0,0,0,0,0,0
0.5562009811401367,0,0.0,0.0,0.0,0.0,0.0,0.0,0.0,0.0,0.03,0,0,0,0,0,0,0,0,0,0,0,0,0,0,0,0,0,0,0,0,0
0.5574550628662109,0,0.0,0.0,0.0,0.0,0.0,0.0,0.0,0.0,0.03,0,0,0,0,0,0,0,0,0,0,0,0,0,0,0,0,0,0,0,0,0
0.559267520904541,0,0.0,0.0,0.0,0.0,0.0,0.0,0.0,0.0,0.03,0,0,0,0,0,0,0,0,0,0,0,0,0,0,0,0,0,0,0,0,0
0.5603554248809814,0,0.0,0.0,0.0,0.0,0.0,0.0,0.0,0.0,0.03,0,0,0,0,0,0,0,0,0,0,0,0,0,0,0,0,0,0,0,0,0
0.5618548393249512,0,0.0,0.0,0.0,0.0,0.0,0.0,0.0,0.0,0.03,0,0,0,0,0,0,0,0,0,0,0,0,0,0,0,0,0,0,0,0,0
0.5631527900695801,0,0.0,0.0,0.0,0.0,0.0,0.0,0.0,0.0,0.03,0,0,0,0,0,0,0,0,0,0,0,0,0,0,0,0,0,0,0,0,0
0.565014123916626,0,0.0,0.0,0.0,0.0,0.0,0.0,0.0,0.0,0.03,0,0,0,0,0,0,0,0,0,0,0,0,0,0,0,0,0,0,0,0,0
0.5664620399475098,0,0.0,0.0,0.0,0.0,0.0,0.0,0.0,0.0,0.03,0,0,0,0,0,0,0,0,0,0,0,0,0,0,0,0,0,0,0,0,0
0.5677487850189209,0,0.0,0.0,0.0,0.0,0.0,0.0,0.0,0.0,0.03,0,0,0,0,0,0,0,0,0,0,0,0,0,0,0,0,0,0,0,0,0
0.5694973468780518,0,0.0,0.0,0.0,0.0,0.0,0.0,0.0,0.0,0.03,0,0,0,0,0,0,0,0,0,0,0,0,0,0,0,0,0,0,0,0,0
0.5706024169921875,0,0.0,0.0,0.0,0.0,0.0,0.0,0.0,0.0,0.03,0,0,0,0,0,0,0,0,0,0,0,0,0,0,0,0,0,0,0,0,0
0.5718278884887695,0,0.0,0.0,0.0,0.0,0.0,0.0,0.0,0.0,0.03,0,0,0,0,0,0,0,0,0,0,0,0,0,0,0,0,0,0,0,0,0
0.5732142925262451,0,0.0,0.0,0.0,0.0,0.0,0.0,0.0,0.0,0.03,0,0,0,0,0,0,0,0,0,0,0,0,0,0,0,0,0,0,0,0,0
0.5745534896850586,0,0.0,0.0,0.0,0.0,0.0,0.0,0.0,0.0,0.03,0,0,0,0,0,0,0,0,0,0,0,0,0,0,0,0,0,0,0,0,0
0.5763452053070068,0,0.0,0.0,0.0,0.0,0.0,0.0,0.0,0.0,0.03,0,0,0,0,0,0,0,0,0,0,0,0,0,0,0,0,0,0,0,0,0
0.5777778625488281,0,0.0,0.0,0.0,0.0,0.0,0.0,0.0,0.0,0.03,0,0,0,0,0,0,0,0,0,0,0,0,0,0,0,0,0,0,0,0,0
0.579056978225708,0,0.0,0.0,0.0,0.0,0.0,0.0,0.0,0.0,0.03,0,0,0,0,0,0,0,0,0,0,0,0,0,0,0,0,0,0,0,0,0
0.5809404850006104,0,0.0,0.0,0.0,0.0,0.0,0.0,0.0,0.0,0.03,0,0,0,0,0,0,0,0,0,0,0,0,0,0,0,0,0,0,0,0,0
0.5821712017059326,0,0.0,0.0,0.0,0.0,0.0,0.0,0.0,0.0,0.03,0,0,0,0,0,0,0,0,0,0,0,0,0,0,0,0,0,0,0,0,0
0.5833241939544678,0,0.0,0.0,0.0,0.0,0.0,0.0,0.0,0.0,0.03,0,0,0,0,0,0,0,0,0,0,0,0,0,0,0,0,0,0,0,0,0
0.5844559669494629,0,0.0,0.0,0.0,0.0,0.0,0.0,0.0,0.0,0.03,0,0,0,0,0,0,0,0,0,0,0,0,0,0,0,0,0,0,0,0,0
0.5857946872711182,0,0.0,0.0,0.0,0.0,0.0,0.0,0.0,0.0,0.03,0,0,0,0,0,0,0,0,0,0,0,0,0,0,0,0,0,0,0,0,0
0.5868575572967529,0,0.0,0.0,0.0,0.0,0.0,0.0,0.0,0.0,0.03,0,0,0,0,0,0,0,0,0,0,0,0,0,0,0,0,0,0,0,0,0
0.5882165431976318,0,0.0,0.0,0.0,0.0,0.0,0.0,0.0,0.0,0.03,0,0,0,0,0,0,0,0,0,0,0,0,0,0,0,0,0,0,0,0,0
0.5897676944732666,0,0.0,0.0,0.0,0.0,0.0,0.0,0.0,0.0,0.03,0,0,0,0,0,0,0,0,0,0,0,0,0,0,0,0,0,0,0,0,0
0.5911574363708496,0,0.0,0.0,0.0,0.0,0.0,0.0,0.0,0.0,0.03,0,0,0,0,0,0,0,0,0,0,0,0,0,0,0,0,0,0,0,0,0
0.5924150943756104,0,0.0,0.0,0.0,0.0,0.0,0.0,0.0,0.0,0.03,0,0,0,0,0,0,0,0,0,0,0,0,0,0,0,0,0,0,0,0,0
0.5936212539672852,0,0.0,0.0,0.0,0.0,0.0,0.0,0.0,0.0,0.03,0,0,0,0,0,0,0,0,0,0,0,0,0,0,0,0,0,0,0,0,0
0.5950534343719482,0,0.0,0.0,0.0,0.0,0.0,0.0,0.0,0.0,0.03,0,0,0,0,0,0,0,0,0,0,0,0,0,0,0,0,0,0,0,0,0
0.5963921546936035,0,0.0,0.0,0.0,0.0,0.0,0.0,0.0,0.0,0.03,0,0,0,0,0,0,0,0,0,0,0,0,0,0,0,0,0,0,0,0,0
0.5974991321563721,0,0.0,0.0,0.0,0.0,0.0,0.0,0.0,0.0,0.03,0,0,0,0,0,0,0,0,0,0,0,0,0,0,0,0,0,0,0,0,0
0.5987029075622559,0,0.0,0.0,0.0,0.0,0.0,0.0,0.0,0.0,0.03,0,0,0,0,0,0,0,0,0,0,0,0,0,0,0,0,0,0,0,0,0
0.5998129844665527,0,0.0,0.0,0.0,0.0,0.0,0.0,0.0,0.0,0.03,0,0,0,0,0,0,0,0,0,0,0,0,0,0,0,0,0,0,0,0,0
0.6012368202209473,0,0.0,0.0,0.0,0.0,0.0,0.0,0.0,0.0,0.03,0,0,0,0,0,0,0,0,0,0,0,0,0,0,0,0,0,0,0,0,0
0.6024842262268066,0,0.0,0.0,0.0,0.0,0.0,0.0,0.0,0.0,0.03,0,0,0,0,0,0,0,0,0,0,0,0,0,0,0,0,0,0,0,0,0
0.6035621166229248,0,0.0,0.0,0.0,0.0,0.0,0.0,0.0,0.0,0.03,0,0,0,0,0,0,0,0,0,0,0,0,0,0,0,0,0,0,0,0,0
0.6048781871795654,0,0.0,0.0,0.0,0.0,0.0,0.0,0.0,0.0,0.03,0,0,0,0,0,0,0,0,0,0,0,0,0,0,0,0,0,0,0,0,0
0.6060192584991455,0,0.0,0.0,0.0,0.0,0.0,0.0,0.0,0.0,0.03,0,0,0,0,0,0,0,0,0,0,0,0,0,0,0,0,0,0,0,0,0
0.6082212924957275,0,0.0,0.0,0.0,0.0,0.0,0.0,0.0,0.0,0.03,0,0,0,0,0,0,0,0,0,0,0,0,0,0,0,0,0,0,0,0,0
0.6095900535583496,0,0.0,0.0,0.0,0.0,0.0,0.0,0.0,0.0,0.03,0,0,0,0,0,0,0,0,0,0,0,0,0,0,0,0,0,0,0,0,0
0.6111254692077637,0,0.0,0.0,0.0,0.0,0.0,0.0,0.0,0.0,0.03,0,0,0,0,0,0,0,0,0,0,0,0,0,0,0,0,0,0,0,0,0
0.6124494075775146,0,0.0,0.0,0.0,0.0,0.0,0.0,0.0,0.0,0.03,0,0,0,0,0,0,0,0,0,0,0,0,0,0,0,0,0,0,0,0,0
0.6141791343688965,0,0.0,0.0,0.0,0.0,0.0,0.0,0.0,0.0,0.03,0,0,0,0,0,0,0,0,0,0,0,0,0,0,0,0,0,0,0,0,0
0.6152913570404053,0,0.0,0.0,0.0,0.0,0.0,0.0,0.0,0.0,0.03,0,0,0,0,0,0,0,0,0,0,0,0,0,0,0,0,0,0,0,0,0
0.6165926456451416,0,0.0,0.0,0.0,0.0,0.0,0.0,0.0,0.0,0.03,0,0,0,0,0,0,0,0,0,0,0,0,0,0,0,0,0,0,0,0,0
0.6178350448608398,0,0.0,0.0,0.0,0.0,0.0,0.0,0.0,0.0,0.03,0,0,0,0,0,0,0,0,0,0,0,0,0,0,0,0,0,0,0,0,0
0.6189594268798828,0,0.0,0.0,0.0,0.0,0.0,0.0,0.0,0.0,0.03,0,0,0,0,0,0,0,0,0,0,0,0,0,0,0,0,0,0,0,0,0
0.620048999786377,0,0.0,0.0,0.0,0.0,0.0,0.0,0.0,0.0,0.03,0,0,0,0,0,0,0,0,0,0,0,0,0,0,0,0,0,0,0,0,0
0.6233663558959961,0,0.0,0.0,0.0,0.0,0.0,0.0,0.0,0.0,0.03,0,0,0,0,0,0,0,0,0,0,0,0,0,0,0,0,0,0,0,0,0
0.6249732971191406,0,0.0,0.0,0.0,0.0,0.0,0.0,0.0,0.0,0.03,0,0,0,0,0,0,0,0,0,0,0,0,0,0,0,0,0,0,0,0,0
0.6269347667694092,0,0.0,0.0,0.0,0.0,0.0,0.0,0.0,0.0,0.03,0,0,0,0,0,0,0,0,0,0,0,0,0,0,0,0,0,0,0,0,0
0.6293742656707764,0,0.0,0.0,0.0,0.0,0.0,0.0,0.0,0.0,0.03,0,0,0,0,0,0,0,0,0,0,0,0,0,0,0,0,0,0,0,0,0
0.6304495334625244,0,0.0,0.0,0.0,0.0,0.0,0.0,0.0,0.0,0.03,0,0,0,0,0,0,0,0,0,0,0,0,0,0,0,0,0,0,0,0,0
0.631767749786377,0,0.0,0.0,0.0,0.0,0.0,0.0,0.0,0.0,0.03,0,0,0,0,0,0,0,0,0,0,0,0,0,0,0,0,0,0,0,0,0
0.6342175006866455,0,0.0,0.0,0.0,0.0,0.0,0.0,0.0,0.0,0.03,0,0,0,0,0,0,0,0,0,0,0,0,0,0,0,0,0,0,0,0,0
0.6357710361480713,0,0.0,0.0,0.0,0.0,0.0,0.0,0.0,0.0,0.03,0,0,0,0,0,0,0,0,0,0,0,0,0,0,0,0,0,0,0,0,0
0.6368634700775146,0,0.0,0.0,0.0,0.0,0.0,0.0,0.0,0.0,0.03,0,0,0,0,0,0,0,0,0,0,0,0,0,0,0,0,0,0,0,0,0
0.638385534286499,0,0.0,0.0,0.0,0.0,0.0,0.0,0.0,0.0,0.03,0,0,0,0,0,0,0,0,0,0,0,0,0,0,0,0,0,0,0,0,0
0.6396663188934326,0,0.0,0.0,0.0,0.0,0.0,0.0,0.0,0.0,0.03,0,0,0,0,0,0,0,0,0,0,0,0,0,0,0,0,0,0,0,0,0
0.6407666206359863,0,0.0,0.0,0.0,0.0,0.0,0.0,0.0,0.0,0.03,0,0,0,0,0,0,0,0,0,0,0,0,0,0,0,0,0,0,0,0,0
0.6419234275817871,0,0.0,0.0,0.0,0.0,0.0,0.0,0.0,0.0,0.03,0,0,0,0,0,0,0,0,0,0,0,0,0,0,0,0,0,0,0,0,0
0.6431126594543457,0,0.0,0.0,0.0,0.0,0.0,0.0,0.0,0.0,0.03,0,0,0,0,0,0,0,0,0,0,0,0,0,0,0,0,0,0,0,0,0
0.6441957950592041,0,0.0,0.0,0.0,0.0,0.0,0.0,0.0,0.0,0.03,0,0,0,0,0,0,0,0,0,0,0,0,0,0,0,0,0,0,0,0,0
0.6459670066833496,0,0.0,0.0,0.0,0.0,0.0,0.0,0.0,0.0,0.03,0,0,0,0,0,0,0,0,0,0,0,0,0,0,0,0,0,0,0,0,0
0.6472892761230469,0,0.0,0.0,0.0,0.0,0.0,0.0,0.0,0.0,0.03,0,0,0,0,0,0,0,0,0,0,0,0,0,0,0,0,0,0,0,0,0
0.6492574214935303,0,0.0,0.0,0.0,0.0,0.0,0.0,0.0,0.0,0.03,0,0,0,0,0,0,0,0,0,0,0,0,0,0,0,0,0,0,0,0,0
0.6503610610961914,0,0.0,0.0,0.0,0.0,0.0,0.0,0.0,0.0,0.03,0,0,0,0,0,0,0,0,0,0,0,0,0,0,0,0,0,0,0,0,0
0.651451826095581,0,0.0,0.0,0.0,0.0,0.0,0.0,0.0,0.0,0.03,0,0,0,0,0,0,0,0,0,0,0,0,0,0,0,0,0,0,0,0,0
0.65390944480896,0,0.0,0.0,0.0,0.0,0.0,0.0,0.0,0.0,0.03,0,0,0,0,0,0,0,0,0,0,0,0,0,0,0,0,0,0,0,0,0
0.6551411151885986,0,0.0,0.0,0.0,0.0,0.0,0.0,0.0,0.0,0.03,0,0,0,0,0,0,0,0,0,0,0,0,0,0,0,0,0,0,0,0,0
0.6562321186065674,0,0.0,0.0,0.0,0.0,0.0,0.0,0.0,0.0,0.03,0,0,0,0,0,0,0,0,0,0,0,0,0,0,0,0,0,0,0,0,0
0.6578595638275146,0,0.0,0.0,0.0,0.0,0.0,0.0,0.0,0.0,0.03,0,0,0,0,0,0,0,0,0,0,0,0,0,0,0,0,0,0,0,0,0
0.6589524745941162,0,0.0,0.0,0.0,0.0,0.0,0.0,0.0,0.0,0.03,0,0,0,0,0,0,0,0,0,0,0,0,0,0,0,0,0,0,0,0,0
0.6600587368011475,0,0.0,0.0,0.0,0.0,0.0,0.0,0.0,0.0,0.03,0,0,0,0,0,0,0,0,0,0,0,0,0,0,0,0,0,0,0,0,0
0.661353349685669,0,0.0,0.0,0.0,0.0,0.0,0.0,0.0,0.0,0.03,0,0,0,0,0,0,0,0,0,0,0,0,0,0,0,0,0,0,0,0,0
0.662433385848999,0,0.0,0.0,0.0,0.0,0.0,0.0,0.0,0.0,0.03,0,0,0,0,0,0,0,0,0,0,0,0,0,0,0,0,0,0,0,0,0
0.6638882160186768,0,0.0,0.0,0.0,0.0,0.0,0.0,0.0,0.0,0.03,0,0,0,0,0,0,0,0,0,0,0,0,0,0,0,0,0,0,0,0,0
0.6652286052703857,0,0.0,0.0,0.0,0.0,0.0,0.0,0.0,0.0,0.03,0,0,0,0,0,0,0,0,0,0,0,0,0,0,0,0,0,0,0,0,0
0.6663384437561035,0,0.0,0.0,0.0,0.0,0.0,0.0,0.0,0.0,0.03,0,0,0,0,0,0,0,0,0,0,0,0,0,0,0,0,0,0,0,0,0
0.6676979064941406,0,0.0,0.0,0.0,0.0,0.0,0.0,0.0,0.0,0.03,0,0,0,0,0,0,0,0,0,0,0,0,0,0,0,0,0,0,0,0,0
0.6689243316650391,0,0.0,0.0,0.0,0.0,0.0,0.0,0.0,0.0,0.03,0,0,0,0,0,0,0,0,0,0,0,0,0,0,0,0,0,0,0,0,0
0.670691967010498,0,0.0,0.0,0.0,0.0,0.0,0.0,0.0,0.0,0.03,0,0,0,0,0,0,0,0,0,0,0,0,0,0,0,0,0,0,0,0,0
0.6720931529998779,0,0.0,0.0,0.0,0.0,0.0,0.0,0.0,0.0,0.03,0,0,0,0,0,0,0,0,0,0,0,0,0,0,0,0,0,0,0,0,0
0.6734104156494141,0,0.0,0.0,0.0,0.0,0.0,0.0,0.0,0.0,0.03,0,0,0,0,0,0,0,0,0,0,0,0,0,0,0,0,0,0,0,0,0
0.6749920845031738,0,0.0,0.0,0.0,0.0,0.0,0.0,0.0,0.0,0.03,0,0,0,0,0,0,0,0,0,0,0,0,0,0,0,0,0,0,0,0,0
0.6760728359222412,0,0.0,0.0,0.0,0.0,0.0,0.0,0.0,0.0,0.03,0,0,0,0,0,0,0,0,0,0,0,0,0,0,0,0,0,0,0,0,0
0.6791322231292725,0,0.0,0.0,0.0,0.0,0.0,0.0,0.0,0.0,0.03,0,0,0,0,0,0,0,0,0,0,0,0,0,0,0,0,0,0,0,0,0
0.6803984642028809,0,0.0,0.0,0.0,0.0,0.0,0.0,0.0,0.0,0.03,0,0,0,0,0,0,0,0,0,0,0,0,0,0,0,0,0,0,0,0,0
0.6818556785583496,0,0.0,0.0,0.0,0.0,0.0,0.0,0.0,0.0,0.03,0,0,0,0,0,0,0,0,0,0,0,0,0,0,0,0,0,0,0,0,0
0.6841714382171631,0,0.0,0.0,0.0,0.0,0.0,0.0,0.0,0.0,0.03,0,0,0,0,0,0,0,0,0,0,0,0,0,0,0,0,0,0,0,0,0
0.6855373382568359,0,0.0,0.0,0.0,0.0,0.0,0.0,0.0,0.0,0.03,0,0,0,0,0,0,0,0,0,0,0,0,0,0,0,0,0,0,0,0,0
0.6870672702789307,0,0.0,0.0,0.0,0.0,0.0,0.0,0.0,0.0,0.03,0,0,0,0,0,0,0,0,0,0,0,0,0,0,0,0,0,0,0,0,0
0.6882791519165039,0,0.0,0.0,0.0,0.0,0.0,0.0,0.0,0.0,0.03,0,0,0,0,0,0,0,0,0,0,0,0,0,0,0,0,0,0,0,0,0
0.6909332275390625,0,0.0,0.0,0.0,0.0,0.0,0.0,0.0,0.0,0.03,0,0,0,0,0,0,0,0,0,0,0,0,0,0,0,0,0,0,0,0,0
0.6922283172607422,0,0.0,0.0,0.0,0.0,0.0,0.0,0.0,0.0,0.03,0,0,0,0,0,0,0,0,0,0,0,0,0,0,0,0,0,0,0,0,0
0.6933221817016602,0,0.0,0.0,0.0,0.0,0.0,0.0,0.0,0.0,0.03,0,0,0,0,0,0,0,0,0,0,0,0,0,0,0,0,0,0,0,0,0
0.6945371627807617,0,0.0,0.0,0.0,0.0,0.0,0.0,0.0,0.0,0.03,0,0,0,0,0,0,0,0,0,0,0,0,0,0,0,0,0,0,0,0,0
0.6960935592651367,0,0.0,0.0,0.0,0.0,0.0,0.0,0.0,0.0,0.03,0,0,0,0,0,0,0,0,0,0,0,0,0,0,0,0,0,0,0,0,0
0.6972355842590332,0,0.0,0.0,0.0,0.0,0.0,0.0,0.0,0.0,0.03,0,0,0,0,0,0,0,0,0,0,0,0,0,0,0,0,0,0,0,0,0
0.698359489440918,0,0.0,0.0,0.0,0.0,0.0,0.0,0.0,0.0,0.03,0,0,0,0,0,0,0,0,0,0,0,0,0,0,0,0,0,0,0,0,0
0.6997230052947998,0,0.0,0.0,0.0,0.0,0.0,0.0,0.0,0.0,0.03,0,0,0,0,0,0,0,0,0,0,0,0,0,0,0,0,0,0,0,0,0
0.7009618282318115,0,0.0,0.0,0.0,0.0,0.0,0.0,0.0,0.0,0.03,0,0,0,0,0,0,0,0,0,0,0,0,0,0,0,0,0,0,0,0,0
0.7023396492004395,0,0.0,0.0,0.0,0.0,0.0,0.0,0.0,0.0,0.03,0,0,0,0,0,0,0,0,0,0,0,0,0,0,0,0,0,0,0,0,0
0.7034406661987305,0,0.0,0.0,0.0,0.0,0.0,0.0,0.0,0.0,0.03,0,0,0,0,0,0,0,0,0,0,0,0,0,0,0,0,0,0,0,0,0
0.7046146392822266,0,0.0,0.0,0.0,0.0,0.0,0.0,0.0,0.0,0.03,0,0,0,0,0,0,0,0,0,0,0,0,0,0,0,0,0,0,0,0,0
0.7062976360321045,0,0.0,0.0,0.0,0.0,0.0,0.0,0.0,0.0,0.03,0,0,0,0,0,0,0,0,0,0,0,0,0,0,0,0,0,0,0,0,0
0.7073895931243896,0,0.0,0.0,0.0,0.0,0.0,0.0,0.0,0.0,0.03,0,0,0,0,0,0,0,0,0,0,0,0,0,0,0,0,0,0,0,0,0
0.7086565494537354,0,0.0,0.0,0.0,0.0,0.0,0.0,0.0,0.0,0.03,0,0,0,0,0,0,0,0,0,0,0,0,0,0,0,0,0,0,0,0,0
0.7097439765930176,0,0.0,0.0,0.0,0.0,0.0,0.0,0.0,0.0,0.03,0,0,0,0,0,0,0,0,0,0,0,0,0,0,0,0,0,0,0,0,0
0.71085524559021,0,0.0,0.0,0.0,0.0,0.0,0.0,0.0,0.0,0.03,0,0,0,0,0,0,0,0,0,0,0,0,0,0,0,0,0,0,0,0,0
0.7128736972808838,0,0.0,0.0,0.0,0.0,0.0,0.0,0.0,0.0,0.03,0,0,0,0,0,0,0,0,0,0,0,0,0,0,0,0,0,0,0,0,0
0.7142584323883057,0,0.0,0.0,0.0,0.0,0.0,0.0,0.0,0.0,0.03,0,0,0,0,0,0,0,0,0,0,0,0,0,0,0,0,0,0,0,0,0
0.7154326438903809,0,0.0,0.0,0.0,0.0,0.0,0.0,0.0,0.0,0.03,0,0,0,0,0,0,0,0,0,0,0,0,0,0,0,0,0,0,0,0,0
0.7165257930755615,0,0.0,0.0,0.0,0.0,0.0,0.0,0.0,0.0,0.03,0,0,0,0,0,0,0,0,0,0,0,0,0,0,0,0,0,0,0,0,0
0.717797040939331,0,0.0,0.0,0.0,0.0,0.0,0.0,0.0,0.0,0.03,0,0,0,0,0,0,0,0,0,0,0,0,0,0,0,0,0,0,0,0,0
0.7189066410064697,0,0.0,0.0,0.0,0.0,0.0,0.0,0.0,0.0,0.03,0,0,0,0,0,0,0,0,0,0,0,0,0,0,0,0,0,0,0,0,0
0.7199921607971191,0,0.0,0.0,0.0,0.0,0.0,0.0,0.0,0.0,0.03,0,0,0,0,0,0,0,0,0,0,0,0,0,0,0,0,0,0,0,0,0
0.7210972309112549,0,0.0,0.0,0.0,0.0,0.0,0.0,0.0,0.0,0.03,0,0,0,0,0,0,0,0,0,0,0,0,0,0,0,0,0,0,0,0,0
0.7225399017333984,0,0.0,0.0,0.0,0.0,0.0,0.0,0.0,0.0,0.03,0,0,0,0,0,0,0,0,0,0,0,0,0,0,0,0,0,0,0,0,0
0.7240800857543945,0,0.0,0.0,0.0,0.0,0.0,0.0,0.0,0.0,0.03,0,0,0,0,0,0,0,0,0,0,0,0,0,0,0,0,0,0,0,0,0
0.725377082824707,0,0.0,0.0,0.0,0.0,0.0,0.0,0.0,0.0,0.03,0,0,0,0,0,0,0,0,0,0,0,0,0,0,0,0,0,0,0,0,0
0.7266247272491455,0,0.0,0.0,0.0,0.0,0.0,0.0,0.0,0.0,0.03,0,0,0,0,0,0,0,0,0,0,0,0,0,0,0,0,0,0,0,0,0
0.7280938625335693,0,0.0,0.0,0.0,0.0,0.0,0.0,0.0,0.0,0.03,0,0,0,0,0,0,0,0,0,0,0,0,0,0,0,0,0,0,0,0,0
0.7299199104309082,0,0.0,0.0,0.0,0.0,0.0,0.0,0.0,0.0,0.03,0,0,0,0,0,0,0,0,0,0,0,0,0,0,0,0,0,0,0,0,0
0.7310121059417725,0,0.0,0.0,0.0,0.0,0.0,0.0,0.0,0.0,0.03,0,0,0,0,0,0,0,0,0,0,0,0,0,0,0,0,0,0,0,0,0
0.7322089672088623,0,0.0,0.0,0.0,0.0,0.0,0.0,0.0,0.0,0.03,0,0,0,0,0,0,0,0,0,0,0,0,0,0,0,0,0,0,0,0,0
0.7333862781524658,0,0.0,0.0,0.0,0.0,0.0,0.0,0.0,0.0,0.03,0,0,0,0,0,0,0,0,0,0,0,0,0,0,0,0,0,0,0,0,0
0.7344725131988525,0,0.0,0.0,0.0,0.0,0.0,0.0,0.0,0.0,0.03,0,0,0,0,0,0,0,0,0,0,0,0,0,0,0,0,0,0,0,0,0
0.7373120784759521,0,0.0,0.0,0.0,0.0,0.0,0.0,0.0,0.0,0.03,0,0,0,0,0,0,0,0,0,0,0,0,0,0,0,0,0,0,0,0,0
0.7387738227844238,0,0.0,0.0,0.0,0.0,0.0,0.0,0.0,0.0,0.03,0,0,0,0,0,0,0,0,0,0,0,0,0,0,0,0,0,0,0,0,0
0.7406423091888428,0,0.0,0.0,0.0,0.0,0.0,0.0,0.0,0.0,0.03,0,0,0,0,0,0,0,0,0,0,0,0,0,0,0,0,0,0,0,0,0
0.7423758506774902,0,0.0,0.0,0.0,0.0,0.0,0.0,0.0,0.0,0.03,0,0,0,0,0,0,0,0,0,0,0,0,0,0,0,0,0,0,0,0,0
0.7442491054534912,0,0.0,0.0,0.0,0.0,0.0,0.0,0.0,0.0,0.03,0,0,0,0,0,0,0,0,0,0,0,0,0,0,0,0,0,0,0,0,0
0.7456846237182617,0,0.0,0.0,0.0,0.0,0.0,0.0,0.0,0.0,0.03,0,0,0,0,0,0,0,0,0,0,0,0,0,0,0,0,0,0,0,0,0
0.7469475269317627,0,0.0,0.0,0.0,0.0,0.0,0.0,0.0,0.0,0.03,0,0,0,0,0,0,0,0,0,0,0,0,0,0,0,0,0,0,0,0,0
0.748100757598877,0,0.0,0.0,0.0,0.0,0.0,0.0,0.0,0.0,0.03,0,0,0,0,0,0,0,0,0,0,0,0,0,0,0,0,0,0,0,0,0
0.7492837905883789,0,0.0,0.0,0.0,0.0,0.0,0.0,0.0,0.0,0.03,0,0,0,0,0,0,0,0,0,0,0,0,0,0,0,0,0,0,0,0,0
0.7506258487701416,0,0.0,0.0,0.0,0.0,0.0,0.0,0.0,0.0,0.03,0,0,0,0,0,0,0,0,0,0,0,0,0,0,0,0,0,0,0,0,0
0.7517120838165283,0,0.0,0.0,0.0,0.0,0.0,0.0,0.0,0.0,0.03,0,0,0,0,0,0,0,0,0,0,0,0,0,0,0,0,0,0,0,0,0
0.7529735565185547,0,0.0,0.0,0.0,0.0,0.0,0.0,0.0,0.0,0.03,0,0,0,0,0,0,0,0,0,0,0,0,0,0,0,0,0,0,0,0,0
0.7545247077941895,0,0.0,0.0,0.0,0.0,0.0,0.0,0.0,0.0,0.03,0,0,0,0,0,0,0,0,0,0,0,0,0,0,0,0,0,0,0,0,0
0.7556962966918945,0,0.0,0.0,0.0,0.0,0.0,0.0,0.0,0.0,0.03,0,0,0,0,0,0,0,0,0,0,0,0,0,0,0,0,0,0,0,0,0
0.7568514347076416,0,0.0,0.0,0.0,0.0,0.0,0.0,0.0,0.0,0.03,0,0,0,0,0,0,0,0,0,0,0,0,0,0,0,0,0,0,0,0,0
0.75819993019104,0,0.0,0.0,0.0,0.0,0.0,0.0,0.0,0.0,0.03,0,0,0,0,0,0,0,0,0,0,0,0,0,0,0,0,0,0,0,0,0
0.7592861652374268,0,0.0,0.0,0.0,0.0,0.0,0.0,0.0,0.0,0.03,0,0,0,0,0,0,0,0,0,0,0,0,0,0,0,0,0,0,0,0,0
0.7606313228607178,0,0.0,0.0,0.0,0.0,0.0,0.0,0.0,0.0,0.03,0,0,0,0,0,0,0,0,0,0,0,0,0,0,0,0,0,0,0,0,0
0.7621321678161621,0,0.0,0.0,0.0,0.0,0.0,0.0,0.0,0.0,0.03,0,0,0,0,0,0,0,0,0,0,0,0,0,0,0,0,0,0,0,0,0
0.7637639045715332,0,0.0,0.0,0.0,0.0,0.0,0.0,0.0,0.0,0.03,0,0,0,0,0,0,0,0,0,0,0,0,0,0,0,0,0,0,0,0,0
0.7652957439422607,0,0.0,0.0,0.0,0.0,0.0,0.0,0.0,0.0,0.03,0,0,0,0,0,0,0,0,0,0,0,0,0,0,0,0,0,0,0,0,0
0.7664353847503662,0,0.0,0.0,0.0,0.0,0.0,0.0,0.0,0.0,0.03,0,0,0,0,0,0,0,0,0,0,0,0,0,0,0,0,0,0,0,0,0
0.7675900459289551,0,0.0,0.0,0.0,0.0,0.0,0.0,0.0,0.0,0.03,0,0,0,0,0,0,0,0,0,0,0,0,0,0,0,0,0,0,0,0,0
0.7697689533233643,0,0.0,0.0,0.0,0.0,0.0,0.0,0.0,0.0,0.03,0,0,0,0,0,0,0,0,0,0,0,0,0,0,0,0,0,0,0,0,0
0.7710154056549072,0,0.0,0.0,0.0,0.0,0.0,0.0,0.0,0.0,0.03,0,0,0,0,0,0,0,0,0,0,0,0,0,0,0,0,0,0,0,0,0
0.7721755504608154,0,0.0,0.0,0.0,0.0,0.0,0.0,0.0,0.0,0.03,0,0,0,0,0,0,0,0,0,0,0,0,0,0,0,0,0,0,0,0,0
0.7738065719604492,0,0.0,0.0,0.0,0.0,0.0,0.0,0.0,0.0,0.03,0,0,0,0,0,0,0,0,0,0,0,0,0,0,0,0,0,0,0,0,0
0.7750101089477539,0,0.0,0.0,0.0,0.0,0.0,0.0,0.0,0.0,0.03,0,0,0,0,0,0,0,0,0,0,0,0,0,0,0,0,0,0,0,0,0
0.7761061191558838,0,0.0,0.0,0.0,0.0,0.0,0.0,0.0,0.0,0.03,0,0,0,0,0,0,0,0,0,0,0,0,0,0,0,0,0,0,0,0,0
0.7772159576416016,0,0.0,0.0,0.0,0.0,0.0,0.0,0.0,0.0,0.03,0,0,0,0,0,0,0,0,0,0,0,0,0,0,0,0,0,0,0,0,0
0.7783026695251465,0,0.0,0.0,0.0,0.0,0.0,0.0,0.0,0.0,0.03,0,0,0,0,0,0,0,0,0,0,0,0,0,0,0,0,0,0,0,0,0
0.7797670364379883,0,0.0,0.0,0.0,0.0,0.0,0.0,0.0,0.0,0.03,0,0,0,0,0,0,0,0,0,0,0,0,0,0,0,0,0,0,0,0,0
0.7810957431793213,0,0.0,0.0,0.0,0.0,0.0,0.0,0.0,0.0,0.03,0,0,0,0,0,0,0,0,0,0,0,0,0,0,0,0,0,0,0,0,0
0.7822175025939941,0,0.0,0.0,0.0,0.0,0.0,0.0,0.0,0.0,0.03,0,0,0,0,0,0,0,0,0,0,0,0,0,0,0,0,0,0,0,0,0
0.783635139465332,0,0.0,0.0,0.0,0.0,0.0,0.0,0.0,0.0,0.03,0,0,0,0,0,0,0,0,0,0,0,0,0,0,0,0,0,0,0,0,0
0.7847232818603516,0,0.0,0.0,0.0,0.0,0.0,0.0,0.0,0.0,0.03,0,0,0,0,0,0,0,0,0,0,0,0,0,0,0,0,0,0,0,0,0
0.7861170768737793,0,0.0,0.0,0.0,0.0,0.0,0.0,0.0,0.0,0.03,0,0,0,0,0,0,0,0,0,0,0,0,0,0,0,0,0,0,0,0,0
0.7879455089569092,0,0.0,0.0,0.0,0.0,0.0,0.0,0.0,0.0,0.03,0,0,0,0,0,0,0,0,0,0,0,0,0,0,0,0,0,0,0,0,0
0.7890341281890869,0,0.0,0.0,0.0,0.0,0.0,0.0,0.0,0.0,0.03,0,0,0,0,0,0,0,0,0,0,0,0,0,0,0,0,0,0,0,0,0
0.7902050018310547,0,0.0,0.0,0.0,0.0,0.0,0.0,0.0,0.0,0.03,0,0,0,0,0,0,0,0,0,0,0,0,0,0,0,0,0,0,0,0,0
0.7913134098052979,0,0.0,0.0,0.0,0.0,0.0,0.0,0.0,0.0,0.03,0,0,0,0,0,0,0,0,0,0,0,0,0,0,0,0,0,0,0,0,0
0.7924003601074219,0,0.0,0.0,0.0,0.0,0.0,0.0,0.0,0.0,0.03,0,0,0,0,0,0,0,0,0,0,0,0,0,0,0,0,0,0,0,0,0
0.7950778007507324,0,0.0,0.0,0.0,0.0,0.0,0.0,0.0,0.0,0.03,0,0,0,0,0,0,0,0,0,0,0,0,0,0,0,0,0,0,0,0,0
0.796349287033081,0,0.0,0.0,0.0,0.0,0.0,0.0,0.0,0.0,0.03,0,0,0,0,0,0,0,0,0,0,0,0,0,0,0,0,0,0,0,0,0
0.7975623607635498,0,0.0,0.0,0.0,0.0,0.0,0.0,0.0,0.0,0.03,0,0,0,0,0,0,0,0,0,0,0,0,0,0,0,0,0,0,0,0,0
0.7991571426391602,0,0.0,0.0,0.0,0.0,0.0,0.0,0.0,0.0,0.03,0,0,0,0,0,0,0,0,0,0,0,0,0,0,0,0,0,0,0,0,0
0.8003954887390137,0,0.0,0.0,0.0,0.0,0.0,0.0,0.0,0.0,0.03,0,0,0,0,0,0,0,0,0,0,0,0,0,0,0,0,0,0,0,0,0
0.8019077777862549,0,0.0,0.0,0.0,0.0,0.0,0.0,0.0,0.0,0.03,0,0,0,0,0,0,0,0,0,0,0,0,0,0,0,0,0,0,0,0,0
0.8030083179473877,0,0.0,0.0,0.0,0.0,0.0,0.0,0.0,0.0,0.03,0,0,0,0,0,0,0,0,0,0,0,0,0,0,0,0,0,0,0,0,0
0.8043398857116699,0,0.0,0.0,0.0,0.0,0.0,0.0,0.0,0.0,0.03,0,0,0,0,0,0,0,0,0,0,0,0,0,0,0,0,0,0,0,0,0
0.8055720329284668,0,0.0,0.0,0.0,0.0,0.0,0.0,0.0,0.0,0.03,0,0,0,0,0,0,0,0,0,0,0,0,0,0,0,0,0,0,0,0,0
0.8067035675048828,0,0.0,0.0,0.0,0.0,0.0,0.0,0.0,0.0,0.03,0,0,0,0,0,0,0,0,0,0,0,0,0,0,0,0,0,0,0,0,0
0.8079421520233154,0,0.0,0.0,0.0,0.0,0.0,0.0,0.0,0.0,0.03,0,0,0,0,0,0,0,0,0,0,0,0,0,0,0,0,0,0,0,0,0
0.8092398643493652,0,0.0,0.0,0.0,0.0,0.0,0.0,0.0,0.0,0.03,0,0,0,0,0,0,0,0,0,0,0,0,0,0,0,0,0,0,0,0,0
0.810344934463501,0,0.0,0.0,0.0,0.0,0.0,0.0,0.0,0.0,0.03,0,0,0,0,0,0,0,0,0,0,0,0,0,0,0,0,0,0,0,0,0
0.8122525215148926,0,0.0,0.0,0.0,0.0,0.0,0.0,0.0,0.0,0.03,0,0,0,0,0,0,0,0,0,0,0,0,0,0,0,0,0,0,0,0,0
0.8133187294006348,0,0.0,0.0,0.0,0.0,0.0,0.0,0.0,0.0,0.03,0,0,0,0,0,0,0,0,0,0,0,0,0,0,0,0,0,0,0,0,0
0.8145437240600586,0,0.0,0.0,0.0,0.0,0.0,0.0,0.0,0.0,0.03,0,0,0,0,0,0,0,0,0,0,0,0,0,0,0,0,0,0,0,0,0
0.815605640411377,0,0.0,0.0,0.0,0.0,0.0,0.0,0.0,0.0,0.03,0,0,0,0,0,0,0,0,0,0,0,0,0,0,0,0,0,0,0,0,0
0.8168859481811523,0,0.0,0.0,0.0,0.0,0.0,0.0,0.0,0.0,0.03,0,0,0,0,0,0,0,0,0,0,0,0,0,0,0,0,0,0,0,0,0
0.8179728984832764,0,0.0,0.0,0.0,0.0,0.0,0.0,0.0,0.0,0.03,0,0,0,0,0,0,0,0,0,0,0,0,0,0,0,0,0,0,0,0,0
0.8192238807678223,0,0.0,0.0,0.0,0.0,0.0,0.0,0.0,0.0,0.03,0,0,0,0,0,0,0,0,0,0,0,0,0,0,0,0,0,0,0,0,0
0.820408821105957,0,0.0,0.0,0.0,0.0,0.0,0.0,0.0,0.0,0.03,0,0,0,0,0,0,0,0,0,0,0,0,0,0,0,0,0,0,0,0,0
0.8216562271118164,0,0.0,0.0,0.0,0.0,0.0,0.0,0.0,0.0,0.03,0,0,0,0,0,0,0,0,0,0,0,0,0,0,0,0,0,0,0,0,0
0.8229625225067139,0,0.0,0.0,0.0,0.0,0.0,0.0,0.0,0.0,0.03,0,0,0,0,0,0,0,0,0,0,0,0,0,0,0,0,0,0,0,0,0
0.8240816593170166,0,0.0,0.0,0.0,0.0,0.0,0.0,0.0,0.0,0.03,0,0,0,0,0,0,0,0,0,0,0,0,0,0,0,0,0,0,0,0,0
0.8252089023590088,0,0.0,0.0,0.0,0.0,0.0,0.0,0.0,0.0,0.03,0,0,0,0,0,0,0,0,0,0,0,0,0,0,0,0,0,0,0,0,0
0.8262777328491211,0,0.0,0.0,0.0,0.0,0.0,0.0,0.0,0.0,0.03,0,0,0,0,0,0,0,0,0,0,0,0,0,0,0,0,0,0,0,0,0
0.8288669586181641,0,0.0,0.0,0.0,0.0,0.0,0.0,0.0,0.0,0.03,0,0,0,0,0,0,0,0,0,0,0,0,0,0,0,0,0,0,0,0,0
0.830106258392334,0,0.0,0.0,0.0,0.0,0.0,0.0,0.0,0.0,0.03,0,0,0,0,0,0,0,0,0,0,0,0,0,0,0,0,0,0,0,0,0
0.8311946392059326,0,0.0,0.0,0.0,0.0,0.0,0.0,0.0,0.0,0.03,0,0,0,0,0,0,0,0,0,0,0,0,0,0,0,0,0,0,0,0,0
0.8330965042114258,0,0.0,0.0,0.0,0.0,0.0,0.0,0.0,0.0,0.03,0,0,0,0,0,0,0,0,0,0,0,0,0,0,0,0,0,0,0,0,0
0.8341941833496094,0,0.0,0.0,0.0,0.0,0.0,0.0,0.0,0.0,0.03,0,0,0,0,0,0,0,0,0,0,0,0,0,0,0,0,0,0,0,0,0
0.8353407382965088,0,0.0,0.0,0.0,0.0,0.0,0.0,0.0,0.0,0.03,0,0,0,0,0,0,0,0,0,0,0,0,0,0,0,0,0,0,0,0,0
0.8366546630859375,0,0.0,0.0,0.0,0.0,0.0,0.0,0.0,0.0,0.03,0,0,0,0,0,0,0,0,0,0,0,0,0,0,0,0,0,0,0,0,0
0.837787389755249,0,0.0,0.0,0.0,0.0,0.0,0.0,0.0,0.0,0.03,0,0,0,0,0,0,0,0,0,0,0,0,0,0,0,0,0,0,0,0,0
0.839106559753418,0,0.0,0.0,0.0,0.0,0.0,0.0,0.0,0.0,0.03,0,0,0,0,0,0,0,0,0,0,0,0,0,0,0,0,0,0,0,0,0
0.8413445949554443,0,0.0,0.0,0.0,0.0,0.0,0.0,0.0,0.0,0.03,0,0,0,0,0,0,0,0,0,0,0,0,0,0,0,0,0,0,0,0,0
0.8426306247711182,0,0.0,0.0,0.0,0.0,0.0,0.0,0.0,0.0,0.03,0,0,0,0,0,0,0,0,0,0,0,0,0,0,0,0,0,0,0,0,0
0.8438096046447754,0,0.0,0.0,0.0,0.0,0.0,0.0,0.0,0.0,0.03,0,0,0,0,0,0,0,0,0,0,0,0,0,0,0,0,0,0,0,0,0
0.8450953960418701,0,0.0,0.0,0.0,0.0,0.0,0.0,0.0,0.0,0.03,0,0,0,0,0,0,0,0,0,0,0,0,0,0,0,0,0,0,0,0,0
0.8469054698944092,0,0.0,0.0,0.0,0.0,0.0,0.0,0.0,0.0,0.03,0,0,0,0,0,0,0,0,0,0,0,0,0,0,0,0,0,0,0,0,0
0.8479936122894287,0,0.0,0.0,0.0,0.0,0.0,0.0,0.0,0.0,0.03,0,0,0,0,0,0,0,0,0,0,0,0,0,0,0,0,0,0,0,0,0
0.8498413562774658,0,0.0,0.0,0.0,0.0,0.0,0.0,0.0,0.0,0.03,0,0,0,0,0,0,0,0,0,0,0,0,0,0,0,0,0,0,0,0,0
0.8509204387664795,0,0.0,0.0,0.0,0.0,0.0,0.0,0.0,0.0,0.03,0,0,0,0,0,0,0,0,0,0,0,0,0,0,0,0,0,0,0,0,0
0.8540589809417725,0,0.0,0.0,0.0,0.0,0.0,0.0,0.0,0.0,0.03,0,0,0,0,0,0,0,0,0,0,0,0,0,0,0,0,0,0,0,0,0
0.8553602695465088,0,0.0,0.0,0.0,0.0,0.0,0.0,0.0,0.0,0.03,0,0,0,0,0,0,0,0,0,0,0,0,0,0,0,0,0,0,0,0,0
0.8575234413146973,0,0.0,0.0,0.0,0.0,0.0,0.0,0.0,0.0,0.03,0,0,0,0,0,0,0,0,0,0,0,0,0,0,0,0,0,0,0,0,0
0.8597385883331299,0,0.0,0.0,0.0,0.0,0.0,0.0,0.0,0.0,0.03,0,0,0,0,0,0,0,0,0,0,0,0,0,0,0,0,0,0,0,0,0
0.8611884117126465,0,0.0,0.0,0.0,0.0,0.0,0.0,0.0,0.0,0.03,0,0,0,0,0,0,0,0,0,0,0,0,0,0,0,0,0,0,0,0,0
0.8626322746276855,0,0.0,0.0,0.0,0.0,0.0,0.0,0.0,0.0,0.03,0,0,0,0,0,0,0,0,0,0,0,0,0,0,0,0,0,0,0,0,0
0.8641910552978516,0,0.0,0.0,0.0,0.0,0.0,0.0,0.0,0.0,0.03,0,0,0,0,0,0,0,0,0,0,0,0,0,0,0,0,0,0,0,0,0
0.8654754161834717,0,0.0,0.0,0.0,0.0,0.0,0.0,0.0,0.0,0.03,0,0,0,0,0,0,0,0,0,0,0,0,0,0,0,0,0,0,0,0,0
0.8666555881500244,0,0.0,0.0,0.0,0.0,0.0,0.0,0.0,0.0,0.03,0,0,0,0,0,0,0,0,0,0,0,0,0,0,0,0,0,0,0,0,0
0.8678164482116699,0,0.0,0.0,0.0,0.0,0.0,0.0,0.0,0.0,0.03,0,0,0,0,0,0,0,0,0,0,0,0,0,0,0,0,0,0,0,0,0
0.8695731163024902,0,0.0,0.0,0.0,0.0,0.0,0.0,0.0,0.0,0.03,0,0,0,0,0,0,0,0,0,0,0,0,0,0,0,0,0,0,0,0,0
0.87066650390625,0,0.0,0.0,0.0,0.0,0.0,0.0,0.0,0.0,0.03,0,0,0,0,0,0,0,0,0,0,0,0,0,0,0,0,0,0,0,0,0
0.8718087673187256,0,0.0,0.0,0.0,0.0,0.0,0.0,0.0,0.0,0.03,0,0,0,0,0,0,0,0,0,0,0,0,0,0,0,0,0,0,0,0,0
0.8729445934295654,0,0.0,0.0,0.0,0.0,0.0,0.0,0.0,0.0,0.03,0,0,0,0,0,0,0,0,0,0,0,0,0,0,0,0,0,0,0,0,0
0.8742098808288574,0,0.0,0.0,0.0,0.0,0.0,0.0,0.0,0.0,0.03,0,0,0,0,0,0,0,0,0,0,0,0,0,0,0,0,0,0,0,0,0
0.8754193782806396,0,0.0,0.0,0.0,0.0,0.0,0.0,0.0,0.0,0.03,0,0,0,0,0,0,0,0,0,0,0,0,0,0,0,0,0,0,0,0,0
0.8765275478363037,0,0.0,0.0,0.0,0.0,0.0,0.0,0.0,0.0,0.03,0,0,0,0,0,0,0,0,0,0,0,0,0,0,0,0,0,0,0,0,0
0.8784506320953369,0,0.0,0.0,0.0,0.0,0.0,0.0,0.0,0.0,0.03,0,0,0,0,0,0,0,0,0,0,0,0,0,0,0,0,0,0,0,0,0
0.8800976276397705,0,0.0,0.0,0.0,0.0,0.0,0.0,0.0,0.0,0.03,0,0,0,0,0,0,0,0,0,0,0,0,0,0,0,0,0,0,0,0,0
0.881594181060791,0,0.0,0.0,0.0,0.0,0.0,0.0,0.0,0.0,0.03,0,0,0,0,0,0,0,0,0,0,0,0,0,0,0,0,0,0,0,0,0
0.8827145099639893,0,0.0,0.0,0.0,0.0,0.0,0.0,0.0,0.0,0.03,0,0,0,0,0,0,0,0,0,0,0,0,0,0,0,0,0,0,0,0,0
0.8840272426605225,0,0.0,0.0,0.0,0.0,0.0,0.0,0.0,0.0,0.03,0,0,0,0,0,0,0,0,0,0,0,0,0,0,0,0,0,0,0,0,0
0.8859395980834961,0,0.0,0.0,0.0,0.0,0.0,0.0,0.0,0.0,0.03,0,0,0,0,0,0,0,0,0,0,0,0,0,0,0,0,0,0,0,0,0
0.887030839920044,0,0.0,0.0,0.0,0.0,0.0,0.0,0.0,0.0,0.03,0,0,0,0,0,0,0,0,0,0,0,0,0,0,0,0,0,0,0,0,0
0.8882770538330078,0,0.0,0.0,0.0,0.0,0.0,0.0,0.0,0.0,0.03,0,0,0,0,0,0,0,0,0,0,0,0,0,0,0,0,0,0,0,0,0
0.889690637588501,0,0.0,0.0,0.0,0.0,0.0,0.0,0.0,0.0,0.03,0,0,0,0,0,0,0,0,0,0,0,0,0,0,0,0,0,0,0,0,0
0.8908181190490723,0,0.0,0.0,0.0,0.0,0.0,0.0,0.0,0.0,0.03,0,0,0,0,0,0,0,0,0,0,0,0,0,0,0,0,0,0,0,0,0
0.8921666145324707,0,0.0,0.0,0.0,0.0,0.0,0.0,0.0,0.0,0.03,0,0,0,0,0,0,0,0,0,0,0,0,0,0,0,0,0,0,0,0,0
0.8932530879974365,0,0.0,0.0,0.0,0.0,0.0,0.0,0.0,0.0,0.03,0,0,0,0,0,0,0,0,0,0,0,0,0,0,0,0,0,0,0,0,0
0.8944015502929688,0,0.0,0.0,0.0,0.0,0.0,0.0,0.0,0.0,0.03,0,0,0,0,0,0,0,0,0,0,0,0,0,0,0,0,0,0,0,0,0
0.8958663940429688,0,0.0,0.0,0.0,0.0,0.0,0.0,0.0,0.0,0.03,0,0,0,0,0,0,0,0,0,0,0,0,0,0,0,0,0,0,0,0,0
0.8974120616912842,0,0.0,0.0,0.0,0.0,0.0,0.0,0.0,0.0,0.03,0,0,0,0,0,0,0,0,0,0,0,0,0,0,0,0,0,0,0,0,0
0.8987126350402832,0,0.0,0.0,0.0,0.0,0.0,0.0,0.0,0.0,0.03,0,0,0,0,0,0,0,0,0,0,0,0,0,0,0,0,0,0,0,0,0
0.899935245513916,0,0.0,0.0,0.0,0.0,0.0,0.0,0.0,0.0,0.03,0,0,0,0,0,0,0,0,0,0,0,0,0,0,0,0,0,0,0,0,0
0.9017632007598877,0,0.0,0.0,0.0,0.0,0.0,0.0,0.0,0.0,0.03,0,0,0,0,0,0,0,0,0,0,0,0,0,0,0,0,0,0,0,0,0
0.9030077457427979,0,0.0,0.0,0.0,0.0,0.0,0.0,0.0,0.0,0.03,0,0,0,0,0,0,0,0,0,0,0,0,0,0,0,0,0,0,0,0,0
0.9042794704437256,0,0.0,0.0,0.0,0.0,0.0,0.0,0.0,0.0,0.03,0,0,0,0,0,0,0,0,0,0,0,0,0,0,0,0,0,0,0,0,0
0.905839204788208,0,0.0,0.0,0.0,0.0,0.0,0.0,0.0,0.0,0.03,0,0,0,0,0,0,0,0,0,0,0,0,0,0,0,0,0,0,0,0,0
0.9069643020629883,0,0.0,0.0,0.0,0.0,0.0,0.0,0.0,0.0,0.03,0,0,0,0,0,0,0,0,0,0,0,0,0,0,0,0,0,0,0,0,0
0.9107308387756348,0,0.0,0.0,0.0,0.0,0.0,0.0,0.0,0.0,0.03,0,0,0,0,0,0,0,0,0,0,0,0,0,0,0,0,0,0,0,0,0
0.9119830131530762,0,0.0,0.0,0.0,0.0,0.0,0.0,0.0,0.0,0.03,0,0,0,0,0,0,0,0,0,0,0,0,0,0,0,0,0,0,0,0,0
0.9139120578765869,0,0.0,0.0,0.0,0.0,0.0,0.0,0.0,0.0,0.03,0,0,0,0,0,0,0,0,0,0,0,0,0,0,0,0,0,0,0,0,0
0.9153852462768555,0,0.0,0.0,0.0,0.0,0.0,0.0,0.0,0.0,0.03,0,0,0,0,0,0,0,0,0,0,0,0,0,0,0,0,0,0,0,0,0
0.9168298244476318,0,0.0,0.0,0.0,0.0,0.0,0.0,0.0,0.0,0.03,0,0,0,0,0,0,0,0,0,0,0,0,0,0,0,0,0,0,0,0,0
0.9182627201080322,0,0.0,0.0,0.0,0.0,0.0,0.0,0.0,0.0,0.03,0,0,0,0,0,0,0,0,0,0,0,0,0,0,0,0,0,0,0,0,0
0.9198291301727295,0,0.0,0.0,0.0,0.0,0.0,0.0,0.0,0.0,0.03,0,0,0,0,0,0,0,0,0,0,0,0,0,0,0,0,0,0,0,0,0
0.9220519065856934,0,0.0,0.0,0.0,0.0,0.0,0.0,0.0,0.0,0.03,0,0,0,0,0,0,0,0,0,0,0,0,0,0,0,0,0,0,0,0,0
0.9231469631195068,0,0.0,0.0,0.0,0.0,0.0,0.0,0.0,0.0,0.03,0,0,0,0,0,0,0,0,0,0,0,0,0,0,0,0,0,0,0,0,0
0.9243874549865723,0,0.0,0.0,0.0,0.0,0.0,0.0,0.0,0.0,0.03,0,0,0,0,0,0,0,0,0,0,0,0,0,0,0,0,0,0,0,0,0
0.9259624481201172,0,0.0,0.0,0.0,0.0,0.0,0.0,0.0,0.0,0.03,0,0,0,0,0,0,0,0,0,0,0,0,0,0,0,0,0,0,0,0,0
0.9270715713500977,0,0.0,0.0,0.0,0.0,0.0,0.0,0.0,0.0,0.03,0,0,0,0,0,0,0,0,0,0,0,0,0,0,0,0,0,0,0,0,0
0.9281668663024902,0,0.0,0.0,0.0,0.0,0.0,0.0,0.0,0.0,0.03,0,0,0,0,0,0,0,0,0,0,0,0,0,0,0,0,0,0,0,0,0
0.9295082092285156,0,0.0,0.0,0.0,0.0,0.0,0.0,0.0,0.0,0.03,0,0,0,0,0,0,0,0,0,0,0,0,0,0,0,0,0,0,0,0,0
0.9306750297546387,0,0.0,0.0,0.0,0.0,0.0,0.0,0.0,0.0,0.03,0,0,0,0,0,0,0,0,0,0,0,0,0,0,0,0,0,0,0,0,0
0.9325551986694336,0,0.0,0.0,0.0,0.0,0.0,0.0,0.0,0.0,0.03,0,0,0,0,0,0,0,0,0,0,0,0,0,0,0,0,0,0,0,0,0
0.9339306354522705,0,0.0,0.0,0.0,0.0,0.0,0.0,0.0,0.0,0.03,0,0,0,0,0,0,0,0,0,0,0,0,0,0,0,0,0,0,0,0,0
0.9356510639190674,0,0.0,0.0,0.0,0.0,0.0,0.0,0.0,0.0,0.03,0,0,0,0,0,0,0,0,0,0,0,0,0,0,0,0,0,0,0,0,0
0.9371860027313232,0,0.0,0.0,0.0,0.0,0.0,0.0,0.0,0.0,0.03,0,0,0,0,0,0,0,0,0,0,0,0,0,0,0,0,0,0,0,0,0
0.9383642673492432,0,0.0,0.0,0.0,0.0,0.0,0.0,0.0,0.0,0.03,0,0,0,0,0,0,0,0,0,0,0,0,0,0,0,0,0,0,0,0,0
0.9395205974578857,0,0.0,0.0,0.0,0.0,0.0,0.0,0.0,0.0,0.03,0,0,0,0,0,0,0,0,0,0,0,0,0,0,0,0,0,0,0,0,0
0.9415664672851562,0,0.0,0.0,0.0,0.0,0.0,0.0,0.0,0.0,0.03,0,0,0,0,0,0,0,0,0,0,0,0,0,0,0,0,0,0,0,0,0
0.9429283142089844,0,0.0,0.0,0.0,0.0,0.0,0.0,0.0,0.0,0.03,0,0,0,0,0,0,0,0,0,0,0,0,0,0,0,0,0,0,0,0,0
0.94454026222229,0,0.0,0.0,0.0,0.0,0.0,0.0,0.0,0.0,0.03,0,0,0,0,0,0,0,0,0,0,0,0,0,0,0,0,0,0,0,0,0
0.9456918239593506,0,0.0,0.0,0.0,0.0,0.0,0.0,0.0,0.0,0.03,0,0,0,0,0,0,0,0,0,0,0,0,0,0,0,0,0,0,0,0,0
0.9468095302581787,0,0.0,0.0,0.0,0.0,0.0,0.0,0.0,0.0,0.03,0,0,0,0,0,0,0,0,0,0,0,0,0,0,0,0,0,0,0,0,0
0.9479176998138428,0,0.0,0.0,0.0,0.0,0.0,0.0,0.0,0.0,0.03,0,0,0,0,0,0,0,0,0,0,0,0,0,0,0,0,0,0,0,0,0
0.9490013122558594,0,0.0,0.0,0.0,0.0,0.0,0.0,0.0,0.0,0.03,0,0,0,0,0,0,0,0,0,0,0,0,0,0,0,0,0,0,0,0,0
0.9502444267272949,0,0.0,0.0,0.0,0.0,0.0,0.0,0.0,0.0,0.03,0,0,0,0,0,0,0,0,0,0,0,0,0,0,0,0,0,0,0,0,0
0.9514226913452148,0,0.0,0.0,0.0,0.0,0.0,0.0,0.0,0.0,0.03,0,0,0,0,0,0,0,0,0,0,0,0,0,0,0,0,0,0,0,0,0
0.9528365135192871,0,0.0,0.0,0.0,0.0,0.0,0.0,0.0,0.0,0.03,0,0,0,0,0,0,0,0,0,0,0,0,0,0,0,0,0,0,0,0,0
0.9543006420135498,0,0.0,0.0,0.0,0.0,0.0,0.0,0.0,0.0,0.03,0,0,0,0,0,0,0,0,0,0,0,0,0,0,0,0,0,0,0,0,0
0.9555296897888184,0,0.0,0.0,0.0,0.0,0.0,0.0,0.0,0.0,0.03,0,0,0,0,0,0,0,0,0,0,0,0,0,0,0,0,0,0,0,0,0
0.9568145275115967,0,0.0,0.0,0.0,0.0,0.0,0.0,0.0,0.0,0.03,0,0,0,0,0,0,0,0,0,0,0,0,0,0,0,0,0,0,0,0,0
0.9579081535339355,0,0.0,0.0,0.0,0.0,0.0,0.0,0.0,0.0,0.03,0,0,0,0,0,0,0,0,0,0,0,0,0,0,0,0,0,0,0,0,0
0.9590094089508057,0,0.0,0.0,0.0,0.0,0.0,0.0,0.0,0.0,0.03,0,0,0,0,0,0,0,0,0,0,0,0,0,0,0,0,0,0,0,0,0
0.9600965976715088,0,0.0,0.0,0.0,0.0,0.0,0.0,0.0,0.0,0.03,0,0,0,0,0,0,0,0,0,0,0,0,0,0,0,0,0,0,0,0,0
0.9612433910369873,0,0.0,0.0,0.0,0.0,0.0,0.0,0.0,0.0,0.03,0,0,0,0,0,0,0,0,0,0,0,0,0,0,0,0,0,0,0,0,0
0.9625673294067383,0,0.0,0.0,0.0,0.0,0.0,0.0,0.0,0.0,0.03,0,0,0,0,0,0,0,0,0,0,0,0,0,0,0,0,0,0,0,0,0
0.96728515625,0,0.0,0.0,0.0,0.0,0.0,0.0,0.0,0.0,0.03,0,0,0,0,0,0,0,0,0,0,0,0,0,0,0,0,0,0,0,0,0
0.9708445072174072,0,0.0,0.0,0.0,0.0,0.0,0.0,0.0,0.0,0.03,0,0,0,0,0,0,0,0,0,0,0,0,0,0,0,0,0,0,0,0,0
0.9721455574035645,0,0.0,0.0,0.0,0.0,0.0,0.0,0.0,0.0,0.03,0,0,0,0,0,0,0,0,0,0,0,0,0,0,0,0,0,0,0,0,0
0.9732563495635986,0,0.0,0.0,0.0,0.0,0.0,0.0,0.0,0.0,0.03,0,0,0,0,0,0,0,0,0,0,0,0,0,0,0,0,0,0,0,0,0
0.9745121002197266,0,0.0,0.0,0.0,0.0,0.0,0.0,0.0,0.0,0.03,0,0,0,0,0,0,0,0,0,0,0,0,0,0,0,0,0,0,0,0,0
0.976029634475708,0,0.0,0.0,0.0,0.0,0.0,0.0,0.0,0.0,0.03,0,0,0,0,0,0,0,0,0,0,0,0,0,0,0,0,0,0,0,0,0
0.9780545234680176,0,0.0,0.0,0.0,0.0,0.0,0.0,0.0,0.0,0.03,0,0,0,0,0,0,0,0,0,0,0,0,0,0,0,0,0,0,0,0,0
0.9791488647460938,0,0.0,0.0,0.0,0.0,0.0,0.0,0.0,0.0,0.03,0,0,0,0,0,0,0,0,0,0,0,0,0,0,0,0,0,0,0,0,0
0.980675458908081,0,0.0,0.0,0.0,0.0,0.0,0.0,0.0,0.0,0.03,0,0,0,0,0,0,0,0,0,0,0,0,0,0,0,0,0,0,0,0,0
0.9819595813751221,0,0.0,0.0,0.0,0.0,0.0,0.0,0.0,0.0,0.03,0,0,0,0,0,0,0,0,0,0,0,0,0,0,0,0,0,0,0,0,0
0.9831342697143555,0,0.0,0.0,0.0,0.0,0.0,0.0,0.0,0.0,0.03,0,0,0,0,0,0,0,0,0,0,0,0,0,0,0,0,0,0,0,0,0
0.9843337535858154,0,0.0,0.0,0.0,0.0,0.0,0.0,0.0,0.0,0.03,0,0,0,0,0,0,0,0,0,0,0,0,0,0,0,0,0,0,0,0,0
0.9856939315795898,0,0.0,0.0,0.0,0.0,0.0,0.0,0.0,0.0,0.03,0,0,0,0,0,0,0,0,0,0,0,0,0,0,0,0,0,0,0,0,0
0.9867551326751709,0,0.0,0.0,0.0,0.0,0.0,0.0,0.0,0.0,0.03,0,0,0,0,0,0,0,0,0,0,0,0,0,0,0,0,0,0,0,0,0
0.9881527423858643,0,0.0,0.0,0.0,0.0,0.0,0.0,0.0,0.0,0.03,0,0,0,0,0,0,0,0,0,0,0,0,0,0,0,0,0,0,0,0,0
0.9896633625030518,0,0.0,0.0,0.0,0.0,0.0,0.0,0.0,0.0,0.03,0,0,0,0,0,0,0,0,0,0,0,0,0,0,0,0,0,0,0,0,0
0.9922339916229248,0,0.0,0.0,0.0,0.0,0.0,0.0,0.0,0.0,0.03,0,0,0,0,0,0,0,0,0,0,0,0,0,0,0,0,0,0,0,0,0
0.99350905418396,0,0.0,0.0,0.0,0.0,0.0,0.0,0.0,0.0,0.03,0,0,0,0,0,0,0,0,0,0,0,0,0,0,0,0,0,0,0,0,0
0.994612455368042,0,0.0,0.0,0.0,0.0,0.0,0.0,0.0,0.0,0.03,0,0,0,0,0,0,0,0,0,0,0,0,0,0,0,0,0,0,0,0,0
0.9958624839782715,0,0.0,0.0,0.0,0.0,0.0,0.0,0.0,0.0,0.03,0,0,0,0,0,0,0,0,0,0,0,0,0,0,0,0,0,0,0,0,0
0.9974884986877441,0,0.0,0.0,0.0,0.0,0.0,0.0,0.0,0.0,0.03,0,0,0,0,0,0,0,0,0,0,0,0,0,0,0,0,0,0,0,0,0
0.9988744258880615,0,0.0,0.0,0.0,0.0,0.0,0.0,0.0,0.0,0.03,0,0,0,0,0,0,0,0,0,0,0,0,0,0,0,0,0,0,0,0,0
1.000060796737671,0,0.0,0.0,0.0,0.0,0.0,0.0,0.0,0.0,0.03,0,0,0,0,0,0,0,0,0,0,0,0,0,0,0,0,0,0,0,0,0
1.0014543533325195,0,0.0,0.0,0.0,0.0,0.0,0.0,0.0,0.0,0.03,0,0,0,0,0,0,0,0,0,0,0,0,0,0,0,0,0,0,0,0,0
1.0025768280029297,0,0.0,0.0,0.0,0.0,0.0,0.0,0.0,0.0,0.03,0,0,0,0,0,0,0,0,0,0,0,0,0,0,0,0,0,0,0,0,0
1.0036365985870361,0,0.0,0.0,0.0,0.0,0.0,0.0,0.0,0.0,0.03,0,0,0,0,0,0,0,0,0,0,0,0,0,0,0,0,0,0,0,0,0
1.0047211647033691,0,0.0,0.0,0.0,0.0,0.0,0.0,0.0,0.0,0.03,0,0,0,0,0,0,0,0,0,0,0,0,0,0,0,0,0,0,0,0,0
1.0060513019561768,0,0.0,0.0,0.0,0.0,0.0,0.0,0.0,0.0,0.03,0,0,0,0,0,0,0,0,0,0,0,0,0,0,0,0,0,0,0,0,0
1.0074753761291504,0,0.0,0.0,0.0,0.0,0.0,0.0,0.0,0.0,0.03,0,0,0,0,0,0,0,0,0,0,0,0,0,0,0,0,0,0,0,0,0
1.0090246200561523,0,0.0,0.0,0.0,0.0,0.0,0.0,0.0,0.0,0.03,0,0,0,0,0,0,0,0,0,0,0,0,0,0,0,0,0,0,0,0,0
1.010256290435791,0,0.0,0.0,0.0,0.0,0.0,0.0,0.0,0.0,0.03,0,0,0,0,0,0,0,0,0,0,0,0,0,0,0,0,0,0,0,0,0
1.0113499164581299,0,0.0,0.0,0.0,0.0,0.0,0.0,0.0,0.0,0.03,0,0,0,0,0,0,0,0,0,0,0,0,0,0,0,0,0,0,0,0,0
1.0134563446044922,0,0.0,0.0,0.0,0.0,0.0,0.0,0.0,0.0,0.03,0,0,0,0,0,0,0,0,0,0,0,0,0,0,0,0,0,0,0,0,0
1.0146303176879883,0,0.0,0.0,0.0,0.0,0.0,0.0,0.0,0.0,0.03,0,0,0,0,0,0,0,0,0,0,0,0,0,0,0,0,0,0,0,0,0
1.0156912803649902,0,0.0,0.0,0.0,0.0,0.0,0.0,0.0,0.0,0.03,0,0,0,0,0,0,0,0,0,0,0,0,0,0,0,0,0,0,0,0,0
1.0175745487213135,0,0.0,0.0,0.0,0.0,0.0,0.0,0.0,0.0,0.03,0,0,0,0,0,0,0,0,0,0,0,0,0,0,0,0,0,0,0,0,0
1.0186593532562256,0,0.0,0.0,0.0,0.0,0.0,0.0,0.0,0.0,0.03,0,0,0,0,0,0,0,0,0,0,0,0,0,0,0,0,0,0,0,0,0
1.0217883586883545,0,0.0,0.0,0.0,0.0,0.0,0.0,0.0,0.0,0.03,0,0,0,0,0,0,0,0,0,0,0,0,0,0,0,0,0,0,0,0,0
1.0231902599334717,0,0.0,0.0,0.0,0.0,0.0,0.0,0.0,0.0,0.03,0,0,0,0,0,0,0,0,0,0,0,0,0,0,0,0,0,0,0,0,0
1.0245404243469238,0,0.0,0.0,0.0,0.0,0.0,0.0,0.0,0.0,0.03,0,0,0,0,0,0,0,0,0,0,0,0,0,0,0,0,0,0,0,0,0
1.0258598327636719,0,0.0,0.0,0.0,0.0,0.0,0.0,0.0,0.0,0.03,0,0,0,0,0,0,0,0,0,0,0,0,0,0,0,0,0,0,0,0,0
1.0272765159606934,0,0.0,0.0,0.0,0.0,0.0,0.0,0.0,0.0,0.03,0,0,0,0,0,0,0,0,0,0,0,0,0,0,0,0,0,0,0,0,0
1.028749942779541,0,0.0,0.0,0.0,0.0,0.0,0.0,0.0,0.0,0.03,0,0,0,0,0,0,0,0,0,0,0,0,0,0,0,0,0,0,0,0,0
1.0299055576324463,0,0.0,0.0,0.0,0.0,0.0,0.0,0.0,0.0,0.03,0,0,0,0,0,0,0,0,0,0,0,0,0,0,0,0,0,0,0,0,0
1.0312917232513428,0,0.0,0.0,0.0,0.0,0.0,0.0,0.0,0.0,0.03,0,0,0,0,0,0,0,0,0,0,0,0,0,0,0,0,0,0,0,0,0
1.0333523750305176,0,0.0,0.0,0.0,0.0,0.0,0.0,0.0,0.0,0.03,0,0,0,0,0,0,0,0,0,0,0,0,0,0,0,0,0,0,0,0,0
1.034775733947754,0,0.0,0.0,0.0,0.0,0.0,0.0,0.0,0.0,0.03,0,0,0,0,0,0,0,0,0,0,0,0,0,0,0,0,0,0,0,0,0
1.0359525680541992,0,0.0,0.0,0.0,0.0,0.0,0.0,0.0,0.0,0.03,0,0,0,0,0,0,0,0,0,0,0,0,0,0,0,0,0,0,0,0,0
1.0370638370513916,0,0.0,0.0,0.0,0.0,0.0,0.0,0.0,0.0,0.03,0,0,0,0,0,0,0,0,0,0,0,0,0,0,0,0,0,0,0,0,0
1.0381605625152588,0,0.0,0.0,0.0,0.0,0.0,0.0,0.0,0.0,0.03,0,0,0,0,0,0,0,0,0,0,0,0,0,0,0,0,0,0,0,0,0
1.0392508506774902,0,0.0,0.0,0.0,0.0,0.0,0.0,0.0,0.0,0.03,0,0,0,0,0,0,0,0,0,0,0,0,0,0,0,0,0,0,0,0,0
1.040337085723877,0,0.0,0.0,0.0,0.0,0.0,0.0,0.0,0.0,0.03,0,0,0,0,0,0,0,0,0,0,0,0,0,0,0,0,0,0,0,0,0
1.041491985321045,0,0.0,0.0,0.0,0.0,0.0,0.0,0.0,0.0,0.03,0,0,0,0,0,0,0,0,0,0,0,0,0,0,0,0,0,0,0,0,0
1.0426630973815918,0,0.0,0.0,0.0,0.0,0.0,0.0,0.0,0.0,0.03,0,0,0,0,0,0,0,0,0,0,0,0,0,0,0,0,0,0,0,0,0
1.0438942909240723,0,0.0,0.0,0.0,0.0,0.0,0.0,0.0,0.0,0.03,0,0,0,0,0,0,0,0,0,0,0,0,0,0,0,0,0,0,0,0,0
1.045983076095581,0,0.0,0.0,0.0,0.0,0.0,0.0,0.0,0.0,0.03,0,0,0,0,0,0,0,0,0,0,0,0,0,0,0,0,0,0,0,0,0
1.0471010208129883,0,0.0,0.0,0.0,0.0,0.0,0.0,0.0,0.0,0.03,0,0,0,0,0,0,0,0,0,0,0,0,0,0,0,0,0,0,0,0,0
1.0486714839935303,0,0.0,0.0,0.0,0.0,0.0,0.0,0.0,0.0,0.03,0,0,0,0,0,0,0,0,0,0,0,0,0,0,0,0,0,0,0,0,0
1.0502893924713135,0,0.0,0.0,0.0,0.0,0.0,0.0,0.0,0.0,0.03,0,0,0,0,0,0,0,0,0,0,0,0,0,0,0,0,0,0,0,0,0
1.0515391826629639,0,0.0,0.0,0.0,0.0,0.0,0.0,0.0,0.0,0.03,0,0,0,0,0,0,0,0,0,0,0,0,0,0,0,0,0,0,0,0,0
1.0527279376983643,0,0.0,0.0,0.0,0.0,0.0,0.0,0.0,0.0,0.03,0,0,0,0,0,0,0,0,0,0,0,0,0,0,0,0,0,0,0,0,0
1.0539555549621582,0,0.0,0.0,0.0,0.0,0.0,0.0,0.0,0.0,0.03,0,0,0,0,0,0,0,0,0,0,0,0,0,0,0,0,0,0,0,0,0
1.0552103519439697,0,0.0,0.0,0.0,0.0,0.0,0.0,0.0,0.0,0.03,0,0,0,0,0,0,0,0,0,0,0,0,0,0,0,0,0,0,0,0,0
1.0563163757324219,0,0.0,0.0,0.0,0.0,0.0,0.0,0.0,0.0,0.03,0,0,0,0,0,0,0,0,0,0,0,0,0,0,0,0,0,0,0,0,0
1.0575079917907715,0,0.0,0.0,0.0,0.0,0.0,0.0,0.0,0.0,0.03,0,0,0,0,0,0,0,0,0,0,0,0,0,0,0,0,0,0,0,0,0
1.0589101314544678,0,0.0,0.0,0.0,0.0,0.0,0.0,0.0,0.0,0.03,0,0,0,0,0,0,0,0,0,0,0,0,0,0,0,0,0,0,0,0,0
1.0600380897521973,0,0.0,0.0,0.0,0.0,0.0,0.0,0.0,0.0,0.03,0,0,0,0,0,0,0,0,0,0,0,0,0,0,0,0,0,0,0,0,0
1.0613853931427002,0,0.0,0.0,0.0,0.0,0.0,0.0,0.0,0.0,0.03,0,0,0,0,0,0,0,0,0,0,0,0,0,0,0,0,0,0,0,0,0
1.0624706745147705,0,0.0,0.0,0.0,0.0,0.0,0.0,0.0,0.0,0.03,0,0,0,0,0,0,0,0,0,0,0,0,0,0,0,0,0,0,0,0,0
1.0635802745819092,0,0.0,0.0,0.0,0.0,0.0,0.0,0.0,0.0,0.03,0,0,0,0,0,0,0,0,0,0,0,0,0,0,0,0,0,0,0,0,0
1.0651085376739502,0,0.0,0.0,0.0,0.0,0.0,0.0,0.0,0.0,0.03,0,0,0,0,0,0,0,0,0,0,0,0,0,0,0,0,0,0,0,0,0
1.0679452419281006,0,0.0,0.0,0.0,0.0,0.0,0.0,0.0,0.0,0.03,0,0,0,0,0,0,0,0,0,0,0,0,0,0,0,0,0,0,0,0,0
1.0691332817077637,0,0.0,0.0,0.0,0.0,0.0,0.0,0.0,0.0,0.03,0,0,0,0,0,0,0,0,0,0,0,0,0,0,0,0,0,0,0,0,0
1.0710692405700684,0,0.0,0.0,0.0,0.0,0.0,0.0,0.0,0.0,0.03,0,0,0,0,0,0,0,0,0,0,0,0,0,0,0,0,0,0,0,0,0
1.0722203254699707,0,0.0,0.0,0.0,0.0,0.0,0.0,0.0,0.0,0.03,0,0,0,0,0,0,0,0,0,0,0,0,0,0,0,0,0,0,0,0,0
1.0733091831207275,0,0.0,0.0,0.0,0.0,0.0,0.0,0.0,0.0,0.03,0,0,0,0,0,0,0,0,0,0,0,0,0,0,0,0,0,0,0,0,0
1.0745065212249756,0,0.0,0.0,0.0,0.0,0.0,0.0,0.0,0.0,0.03,0,0,0,0,0,0,0,0,0,0,0,0,0,0,0,0,0,0,0,0,0
1.0756540298461914,0,0.0,0.0,0.0,0.0,0.0,0.0,0.0,0.0,0.03,0,0,0,0,0,0,0,0,0,0,0,0,0,0,0,0,0,0,0,0,0
1.0767412185668945,0,0.0,0.0,0.0,0.0,0.0,0.0,0.0,0.0,0.03,0,0,0,0,0,0,0,0,0,0,0,0,0,0,0,0,0,0,0,0,0
1.079331874847412,0,0.0,0.0,0.0,0.0,0.0,0.0,0.0,0.0,0.03,0,0,0,0,0,0,0,0,0,0,0,0,0,0,0,0,0,0,0,0,0
1.0807855129241943,0,0.0,0.0,0.0,0.0,0.0,0.0,0.0,0.0,0.03,0,0,0,0,0,0,0,0,0,0,0,0,0,0,0,0,0,0,0,0,0
1.0821027755737305,0,0.0,0.0,0.0,0.0,0.0,0.0,0.0,0.0,0.03,0,0,0,0,0,0,0,0,0,0,0,0,0,0,0,0,0,0,0,0,0
1.0833146572113037,0,0.0,0.0,0.0,0.0,0.0,0.0,0.0,0.0,0.03,0,0,0,0,0,0,0,0,0,0,0,0,0,0,0,0,0,0,0,0,0
1.08504319190979,0,0.0,0.0,0.0,0.0,0.0,0.0,0.0,0.0,0.03,0,0,0,0,0,0,0,0,0,0,0,0,0,0,0,0,0,0,0,0,0
1.0861485004425049,0,0.0,0.0,0.0,0.0,0.0,0.0,0.0,0.0,0.03,0,0,0,0,0,0,0,0,0,0,0,0,0,0,0,0,0,0,0,0,0
1.0875699520111084,0,0.0,0.0,0.0,0.0,0.0,0.0,0.0,0.0,0.03,0,0,0,0,0,0,0,0,0,0,0,0,0,0,0,0,0,0,0,0,0
1.0902843475341797,0,0.0,0.0,0.0,0.0,0.0,0.0,0.0,0.0,0.03,0,0,0,0,0,0,0,0,0,0,0,0,0,0,0,0,0,0,0,0,0
1.09157133102417,0,0.0,0.0,0.0,0.0,0.0,0.0,0.0,0.0,0.03,0,0,0,0,0,0,0,0,0,0,0,0,0,0,0,0,0,0,0,0,0
1.0927019119262695,0,0.0,0.0,0.0,0.0,0.0,0.0,0.0,0.0,0.03,0,0,0,0,0,0,0,0,0,0,0,0,0,0,0,0,0,0,0,0,0
1.0939254760742188,0,0.0,0.0,0.0,0.0,0.0,0.0,0.0,0.0,0.03,0,0,0,0,0,0,0,0,0,0,0,0,0,0,0,0,0,0,0,0,0
1.0950324535369873,0,0.0,0.0,0.0,0.0,0.0,0.0,0.0,0.0,0.03,0,0,0,0,0,0,0,0,0,0,0,0,0,0,0,0,0,0,0,0,0
1.0961635112762451,0,0.0,0.0,0.0,0.0,0.0,0.0,0.0,0.0,0.03,0,0,0,0,0,0,0,0,0,0,0,0,0,0,0,0,0,0,0,0,0
1.0972464084625244,0,0.0,0.0,0.0,0.0,0.0,0.0,0.0,0.0,0.03,0,0,0,0,0,0,0,0,0,0,0,0,0,0,0,0,0,0,0,0,0
1.098390817642212,0,0.0,0.0,0.0,0.0,0.0,0.0,0.0,0.0,0.03,0,0,0,0,0,0,0,0,0,0,0,0,0,0,0,0,0,0,0,0,0
1.099607229232788,0,0.0,0.0,0.0,0.0,0.0,0.0,0.0,0.0,0.03,0,0,0,0,0,0,0,0,0,0,0,0,0,0,0,0,0,0,0,0,0
1.1008055210113525,0,0.0,0.0,0.0,0.0,0.0,0.0,0.0,0.0,0.03,0,0,0,0,0,0,0,0,0,0,0,0,0,0,0,0,0,0,0,0,0
1.1019878387451172,0,0.0,0.0,0.0,0.0,0.0,0.0,0.0,0.0,0.03,0,0,0,0,0,0,0,0,0,0,0,0,0,0,0,0,0,0,0,0,0
1.103306531906128,0,0.0,0.0,0.0,0.0,0.0,0.0,0.0,0.0,0.03,0,0,0,0,0,0,0,0,0,0,0,0,0,0,0,0,0,0,0,0,0
1.1045126914978027,0,0.0,0.0,0.0,0.0,0.0,0.0,0.0,0.0,0.03,0,0,0,0,0,0,0,0,0,0,0,0,0,0,0,0,0,0,0,0,0
1.105846881866455,0,0.0,0.0,0.0,0.0,0.0,0.0,0.0,0.0,0.03,0,0,0,0,0,0,0,0,0,0,0,0,0,0,0,0,0,0,0,0,0
1.1069579124450684,0,0.0,0.0,0.0,0.0,0.0,0.0,0.0,0.0,0.03,0,0,0,0,0,0,0,0,0,0,0,0,0,0,0,0,0,0,0,0,0
1.10807466506958,0,0.0,0.0,0.0,0.0,0.0,0.0,0.0,0.0,0.03,0,0,0,0,0,0,0,0,0,0,0,0,0,0,0,0,0,0,0,0,0
1.109874963760376,0,0.0,0.0,0.0,0.0,0.0,0.0,0.0,0.0,0.03,0,0,0,0,0,0,0,0,0,0,0,0,0,0,0,0,0,0,0,0,0
1.111365556716919,0,0.0,0.0,0.0,0.0,0.0,0.0,0.0,0.0,0.03,0,0,0,0,0,0,0,0,0,0,0,0,0,0,0,0,0,0,0,0,0
1.1124672889709473,0,0.0,0.0,0.0,0.0,0.0,0.0,0.0,0.0,0.03,0,0,0,0,0,0,0,0,0,0,0,0,0,0,0,0,0,0,0,0,0
1.113966464996338,0,0.0,0.0,0.0,0.0,0.0,0.0,0.0,0.0,0.03,0,0,0,0,0,0,0,0,0,0,0,0,0,0,0,0,0,0,0,0,0
1.1151034832000732,0,0.0,0.0,0.0,0.0,0.0,0.0,0.0,0.0,0.03,0,0,0,0,0,0,0,0,0,0,0,0,0,0,0,0,0,0,0,0,0
1.116269588470459,0,0.0,0.0,0.0,0.0,0.0,0.0,0.0,0.0,0.03,0,0,0,0,0,0,0,0,0,0,0,0,0,0,0,0,0,0,0,0,0
1.1176211833953857,0,0.0,0.0,0.0,0.0,0.0,0.0,0.0,0.0,0.03,0,0,0,0,0,0,0,0,0,0,0,0,0,0,0,0,0,0,0,0,0
1.118751049041748,0,0.0,0.0,0.0,0.0,0.0,0.0,0.0,0.0,0.03,0,0,0,0,0,0,0,0,0,0,0,0,0,0,0,0,0,0,0,0,0
1.1212794780731201,0,0.0,0.0,0.0,0.0,0.0,0.0,0.0,0.0,0.03,0,0,0,0,0,0,0,0,0,0,0,0,0,0,0,0,0,0,0,0,0
1.123307228088379,0,0.0,0.0,0.0,0.0,0.0,0.0,0.0,0.0,0.03,0,0,0,0,0,0,0,0,0,0,0,0,0,0,0,0,0,0,0,0,0
1.1245596408843994,0,0.0,0.0,0.0,0.0,0.0,0.0,0.0,0.0,0.03,0,0,0,0,0,0,0,0,0,0,0,0,0,0,0,0,0,0,0,0,0
1.125678300857544,0,0.0,0.0,0.0,0.0,0.0,0.0,0.0,0.0,0.03,0,0,0,0,0,0,0,0,0,0,0,0,0,0,0,0,0,0,0,0,0
1.1272633075714111,0,0.0,0.0,0.0,0.0,0.0,0.0,0.0,0.0,0.03,0,0,0,0,0,0,0,0,0,0,0,0,0,0,0,0,0,0,0,0,0
1.1283910274505615,0,0.0,0.0,0.0,0.0,0.0,0.0,0.0,0.0,0.03,0,0,0,0,0,0,0,0,0,0,0,0,0,0,0,0,0,0,0,0,0
1.1294891834259033,0,0.0,0.0,0.0,0.0,0.0,0.0,0.0,0.0,0.03,0,0,0,0,0,0,0,0,0,0,0,0,0,0,0,0,0,0,0,0,0
1.130688190460205,0,0.0,0.0,0.0,0.0,0.0,0.0,0.0,0.0,0.03,0,0,0,0,0,0,0,0,0,0,0,0,0,0,0,0,0,0,0,0,0
1.1318280696868896,0,0.0,0.0,0.0,0.0,0.0,0.0,0.0,0.0,0.03,0,0,0,0,0,0,0,0,0,0,0,0,0,0,0,0,0,0,0,0,0
1.1329150199890137,0,0.0,0.0,0.0,0.0,0.0,0.0,0.0,0.0,0.03,0,0,0,0,0,0,0,0,0,0,0,0,0,0,0,0,0,0,0,0,0
1.135899543762207,0,0.0,0.0,0.0,0.0,0.0,0.0,0.0,0.0,0.03,0,0,0,0,0,0,0,0,0,0,0,0,0,0,0,0,0,0,0,0,0
1.137366533279419,0,0.0,0.0,0.0,0.0,0.0,0.0,0.0,0.0,0.03,0,0,0,0,0,0,0,0,0,0,0,0,0,0,0,0,0,0,0,0,0
1.1392052173614502,0,0.0,0.0,0.0,0.0,0.0,0.0,0.0,0.0,0.03,0,0,0,0,0,0,0,0,0,0,0,0,0,0,0,0,0,0,0,0,0
1.140716552734375,0,0.0,0.0,0.0,0.0,0.0,0.0,0.0,0.0,0.03,0,0,0,0,0,0,0,0,0,0,0,0,0,0,0,0,0,0,0,0,0
1.142577886581421,0,0.0,0.0,0.0,0.0,0.0,0.0,0.0,0.0,0.03,0,0,0,0,0,0,0,0,0,0,0,0,0,0,0,0,0,0,0,0,0
1.143669605255127,0,0.0,0.0,0.0,0.0,0.0,0.0,0.0,0.0,0.03,0,0,0,0,0,0,0,0,0,0,0,0,0,0,0,0,0,0,0,0,0
1.1450295448303223,0,0.0,0.0,0.0,0.0,0.0,0.0,0.0,0.0,0.03,0,0,0,0,0,0,0,0,0,0,0,0,0,0,0,0,0,0,0,0,0
1.1461207866668701,0,0.0,0.0,0.0,0.0,0.0,0.0,0.0,0.0,0.03,0,0,0,0,0,0,0,0,0,0,0,0,0,0,0,0,0,0,0,0,0
1.1482009887695312,0,0.0,0.0,0.0,0.0,0.0,0.0,0.0,0.0,0.03,0,0,0,0,0,0,0,0,0,0,0,0,0,0,0,0,0,0,0,0,0
1.1492998600006104,0,0.0,0.0,0.0,0.0,0.0,0.0,0.0,0.0,0.03,0,0,0,0,0,0,0,0,0,0,0,0,0,0,0,0,0,0,0,0,0
1.150604486465454,0,0.0,0.0,0.0,0.0,0.0,0.0,0.0,0.0,0.03,0,0,0,0,0,0,0,0,0,0,0,0,0,0,0,0,0,0,0,0,0
1.151691198348999,0,0.0,0.0,0.0,0.0,0.0,0.0,0.0,0.0,0.03,0,0,0,0,0,0,0,0,0,0,0,0,0,0,0,0,0,0,0,0,0
1.1528334617614746,0,0.0,0.0,0.0,0.0,0.0,0.0,0.0,0.0,0.03,0,0,0,0,0,0,0,0,0,0,0,0,0,0,0,0,0,0,0,0,0
1.153930425643921,0,0.0,0.0,0.0,0.0,0.0,0.0,0.0,0.0,0.03,0,0,0,0,0,0,0,0,0,0,0,0,0,0,0,0,0,0,0,0,0
1.1550962924957275,0,0.0,0.0,0.0,0.0,0.0,0.0,0.0,0.0,0.03,0,0,0,0,0,0,0,0,0,0,0,0,0,0,0,0,0,0,0,0,0
1.1563513278961182,0,0.0,0.0,0.0,0.0,0.0,0.0,0.0,0.0,0.03,0,0,0,0,0,0,0,0,0,0,0,0,0,0,0,0,0,0,0,0,0
1.1575369834899902,0,0.0,0.0,0.0,0.0,0.0,0.0,0.0,0.0,0.03,0,0,0,0,0,0,0,0,0,0,0,0,0,0,0,0,0,0,0,0,0
1.1592607498168945,0,0.0,0.0,0.0,0.0,0.0,0.0,0.0,0.0,0.03,0,0,0,0,0,0,0,0,0,0,0,0,0,0,0,0,0,0,0,0,0
1.160377025604248,0,0.0,0.0,0.0,0.0,0.0,0.0,0.0,0.0,0.03,0,0,0,0,0,0,0,0,0,0,0,0,0,0,0,0,0,0,0,0,0
1.1623423099517822,0,0.0,0.0,0.0,0.0,0.0,0.0,0.0,0.0,0.03,0,0,0,0,0,0,0,0,0,0,0,0,0,0,0,0,0,0,0,0,0
1.1635441780090332,0,0.0,0.0,0.0,0.0,0.0,0.0,0.0,0.0,0.03,0,0,0,0,0,0,0,0,0,0,0,0,0,0,0,0,0,0,0,0,0
1.1646394729614258,0,0.0,0.0,0.0,0.0,0.0,0.0,0.0,0.0,0.03,0,0,0,0,0,0,0,0,0,0,0,0,0,0,0,0,0,0,0,0,0
1.166036605834961,0,0.0,0.0,0.0,0.0,0.0,0.0,0.0,0.0,0.03,0,0,0,0,0,0,0,0,0,0,0,0,0,0,0,0,0,0,0,0,0
1.167945384979248,0,0.0,0.0,0.0,0.0,0.0,0.0,0.0,0.0,0.03,0,0,0,0,0,0,0,0,0,0,0,0,0,0,0,0,0,0,0,0,0
1.1690433025360107,0,0.0,0.0,0.0,0.0,0.0,0.0,0.0,0.0,0.03,0,0,0,0,0,0,0,0,0,0,0,0,0,0,0,0,0,0,0,0,0
1.1708946228027344,0,0.0,0.0,0.0,0.0,0.0,0.0,0.0,0.0,0.03,0,0,0,0,0,0,0,0,0,0,0,0,0,0,0,0,0,0,0,0,0
1.1720149517059326,0,0.0,0.0,0.0,0.0,0.0,0.0,0.0,0.0,0.03,0,0,0,0,0,0,0,0,0,0,0,0,0,0,0,0,0,0,0,0,0
1.1731081008911133,0,0.0,0.0,0.0,0.0,0.0,0.0,0.0,0.0,0.03,0,0,0,0,0,0,0,0,0,0,0,0,0,0,0,0,0,0,0,0,0
1.1742041110992432,0,0.0,0.0,0.0,0.0,0.0,0.0,0.0,0.0,0.03,0,0,0,0,0,0,0,0,0,0,0,0,0,0,0,0,0,0,0,0,0
1.175290822982788,0,0.0,0.0,0.0,0.0,0.0,0.0,0.0,0.0,0.03,0,0,0,0,0,0,0,0,0,0,0,0,0,0,0,0,0,0,0,0,0
1.1765189170837402,0,0.0,0.0,0.0,0.0,0.0,0.0,0.0,0.0,0.03,0,0,0,0,0,0,0,0,0,0,0,0,0,0,0,0,0,0,0,0,0
1.1780729293823242,0,0.0,0.0,0.0,0.0,0.0,0.0,0.0,0.0,0.03,0,0,0,0,0,0,0,0,0,0,0,0,0,0,0,0,0,0,0,0,0
1.1795904636383057,0,0.0,0.0,0.0,0.0,0.0,0.0,0.0,0.0,0.03,0,0,0,0,0,0,0,0,0,0,0,0,0,0,0,0,0,0,0,0,0
1.1810424327850342,0,0.0,0.0,0.0,0.0,0.0,0.0,0.0,0.0,0.03,0,0,0,0,0,0,0,0,0,0,0,0,0,0,0,0,0,0,0,0,0
1.1823005676269531,0,0.0,0.0,0.0,0.0,0.0,0.0,0.0,0.0,0.03,0,0,0,0,0,0,0,0,0,0,0,0,0,0,0,0,0,0,0,0,0
1.1839311122894287,0,0.0,0.0,0.0,0.0,0.0,0.0,0.0,0.0,0.03,0,0,0,0,0,0,0,0,0,0,0,0,0,0,0,0,0,0,0,0,0
1.1855082511901855,0,0.0,0.0,0.0,0.0,0.0,0.0,0.0,0.0,0.03,0,0,0,0,0,0,0,0,0,0,0,0,0,0,0,0,0,0,0,0,0
1.1869046688079834,0,0.0,0.0,0.0,0.0,0.0,0.0,0.0,0.0,0.03,0,0,0,0,0,0,0,0,0,0,0,0,0,0,0,0,0,0,0,0,0
1.1882588863372803,0,0.0,0.0,0.0,0.0,0.0,0.0,0.0,0.0,0.03,0,0,0,0,0,0,0,0,0,0,0,0,0,0,0,0,0,0,0,0,0
1.1894996166229248,0,0.0,0.0,0.0,0.0,0.0,0.0,0.0,0.0,0.03,0,0,0,0,0,0,0,0,0,0,0,0,0,0,0,0,0,0,0,0,0
1.1927473545074463,0,0.0,0.0,0.0,0.0,0.0,0.0,0.0,0.0,0.03,0,0,0,0,0,0,0,0,0,0,0,0,0,0,0,0,0,0,0,0,0
1.1939315795898438,0,0.0,0.0,0.0,0.0,0.0,0.0,0.0,0.0,0.03,0,0,0,0,0,0,0,0,0,0,0,0,0,0,0,0,0,0,0,0,0
1.1959919929504395,0,0.0,0.0,0.0,0.0,0.0,0.0,0.0,0.0,0.03,0,0,0,0,0,0,0,0,0,0,0,0,0,0,0,0,0,0,0,0,0
1.1977167129516602,0,0.0,0.0,0.0,0.0,0.0,0.0,0.0,0.0,0.03,0,0,0,0,0,0,0,0,0,0,0,0,0,0,0,0,0,0,0,0,0
1.1989634037017822,0,0.0,0.0,0.0,0.0,0.0,0.0,0.0,0.0,0.03,0,0,0,0,0,0,0,0,0,0,0,0,0,0,0,0,0,0,0,0,0
1.2001307010650635,0,0.0,0.0,0.0,0.0,0.0,0.0,0.0,0.0,0.03,0,0,0,0,0,0,0,0,0,0,0,0,0,0,0,0,0,0,0,0,0
1.2014036178588867,0,0.0,0.0,0.0,0.0,0.0,0.0,0.0,0.0,0.03,0,0,0,0,0,0,0,0,0,0,0,0,0,0,0,0,0,0,0,0,0
1.202763557434082,0,0.0,0.0,0.0,0.0,0.0,0.0,0.0,0.0,0.03,0,0,0,0,0,0,0,0,0,0,0,0,0,0,0,0,0,0,0,0,0
1.2040021419525146,0,0.0,0.0,0.0,0.0,0.0,0.0,0.0,0.0,0.03,0,0,0,0,0,0,0,0,0,0,0,0,0,0,0,0,0,0,0,0,0
1.205312728881836,0,0.0,0.0,0.0,0.0,0.0,0.0,0.0,0.0,0.03,0,0,0,0,0,0,0,0,0,0,0,0,0,0,0,0,0,0,0,0,0
1.2064645290374756,0,0.0,0.0,0.0,0.0,0.0,0.0,0.0,0.0,0.03,0,0,0,0,0,0,0,0,0,0,0,0,0,0,0,0,0,0,0,0,0
1.2075142860412598,0,0.0,0.0,0.0,0.0,0.0,0.0,0.0,0.0,0.03,0,0,0,0,0,0,0,0,0,0,0,0,0,0,0,0,0,0,0,0,0
1.2088642120361328,0,0.0,0.0,0.0,0.0,0.0,0.0,0.0,0.0,0.03,0,0,0,0,0,0,0,0,0,0,0,0,0,0,0,0,0,0,0,0,0
1.2100818157196045,0,0.0,0.0,0.0,0.0,0.0,0.0,0.0,0.0,0.03,0,0,0,0,0,0,0,0,0,0,0,0,0,0,0,0,0,0,0,0,0
1.211207628250122,0,0.0,0.0,0.0,0.0,0.0,0.0,0.0,0.0,0.03,0,0,0,0,0,0,0,0,0,0,0,0,0,0,0,0,0,0,0,0,0
1.2123374938964844,0,0.0,0.0,0.0,0.0,0.0,0.0,0.0,0.0,0.03,0,0,0,0,0,0,0,0,0,0,0,0,0,0,0,0,0,0,0,0,0
1.2134525775909424,0,0.0,0.0,0.0,0.0,0.0,0.0,0.0,0.0,0.03,0,0,0,0,0,0,0,0,0,0,0,0,0,0,0,0,0,0,0,0,0
1.2146472930908203,0,0.0,0.0,0.0,0.0,0.0,0.0,0.0,0.0,0.03,0,0,0,0,0,0,0,0,0,0,0,0,0,0,0,0,0,0,0,0,0
1.2158682346343994,0,0.0,0.0,0.0,0.0,0.0,0.0,0.0,0.0,0.03,0,0,0,0,0,0,0,0,0,0,0,0,0,0,0,0,0,0,0,0,0
1.216973066329956,0,0.0,0.0,0.0,0.0,0.0,0.0,0.0,0.0,0.03,0,0,0,0,0,0,0,0,0,0,0,0,0,0,0,0,0,0,0,0,0
1.2180829048156738,0,0.0,0.0,0.0,0.0,0.0,0.0,0.0,0.0,0.03,0,0,0,0,0,0,0,0,0,0,0,0,0,0,0,0,0,0,0,0,0
1.2211604118347168,0,0.0,0.0,0.0,0.0,0.0,0.0,0.0,0.0,0.03,0,0,0,0,0,0,0,0,0,0,0,0,0,0,0,0,0,0,0,0,0
1.2223186492919922,0,0.0,0.0,0.0,0.0,0.0,0.0,0.0,0.0,0.03,0,0,0,0,0,0,0,0,0,0,0,0,0,0,0,0,0,0,0,0,0
1.223404884338379,0,0.0,0.0,0.0,0.0,0.0,0.0,0.0,0.0,0.03,0,0,0,0,0,0,0,0,0,0,0,0,0,0,0,0,0,0,0,0,0
1.2247462272644043,0,0.0,0.0,0.0,0.0,0.0,0.0,0.0,0.0,0.03,0,0,0,0,0,0,0,0,0,0,0,0,0,0,0,0,0,0,0,0,0
1.2263884544372559,0,0.0,0.0,0.0,0.0,0.0,0.0,0.0,0.0,0.03,0,0,0,0,0,0,0,0,0,0,0,0,0,0,0,0,0,0,0,0,0
1.227480173110962,0,0.0,0.0,0.0,0.0,0.0,0.0,0.0,0.0,0.03,0,0,0,0,0,0,0,0,0,0,0,0,0,0,0,0,0,0,0,0,0
1.229374647140503,0,0.0,0.0,0.0,0.0,0.0,0.0,0.0,0.0,0.03,0,0,0,0,0,0,0,0,0,0,0,0,0,0,0,0,0,0,0,0,0
1.2305150032043457,0,0.0,0.0,0.0,0.0,0.0,0.0,0.0,0.0,0.03,0,0,0,0,0,0,0,0,0,0,0,0,0,0,0,0,0,0,0,0,0
1.231668472290039,0,0.0,0.0,0.0,0.0,0.0,0.0,0.0,0.0,0.03,0,0,0,0,0,0,0,0,0,0,0,0,0,0,0,0,0,0,0,0,0
1.2327570915222168,0,0.0,0.0,0.0,0.0,0.0,0.0,0.0,0.0,0.03,0,0,0,0,0,0,0,0,0,0,0,0,0,0,0,0,0,0,0,0,0
1.2338435649871826,0,0.0,0.0,0.0,0.0,0.0,0.0,0.0,0.0,0.03,0,0,0,0,0,0,0,0,0,0,0,0,0,0,0,0,0,0,0,0,0
1.2350609302520752,0,0.0,0.0,0.0,0.0,0.0,0.0,0.0,0.0,0.03,0,0,0,0,0,0,0,0,0,0,0,0,0,0,0,0,0,0,0,0,0
1.236255407333374,0,0.0,0.0,0.0,0.0,0.0,0.0,0.0,0.0,0.03,0,0,0,0,0,0,0,0,0,0,0,0,0,0,0,0,0,0,0,0,0
1.2390832901000977,0,0.0,0.0,0.0,0.0,0.0,0.0,0.0,0.0,0.03,0,0,0,0,0,0,0,0,0,0,0,0,0,0,0,0,0,0,0,0,0
1.2403268814086914,0,0.0,0.0,0.0,0.0,0.0,0.0,0.0,0.0,0.03,0,0,0,0,0,0,0,0,0,0,0,0,0,0,0,0,0,0,0,0,0
1.2422304153442383,0,0.0,0.0,0.0,0.0,0.0,0.0,0.0,0.0,0.03,0,0,0,0,0,0,0,0,0,0,0,0,0,0,0,0,0,0,0,0,0
1.243380069732666,0,0.0,0.0,0.0,0.0,0.0,0.0,0.0,0.0,0.03,0,0,0,0,0,0,0,0,0,0,0,0,0,0,0,0,0,0,0,0,0
1.2447845935821533,0,0.0,0.0,0.0,0.0,0.0,0.0,0.0,0.0,0.03,0,0,0,0,0,0,0,0,0,0,0,0,0,0,0,0,0,0,0,0,0
1.246333360671997,0,0.0,0.0,0.0,0.0,0.0,0.0,0.0,0.0,0.03,0,0,0,0,0,0,0,0,0,0,0,0,0,0,0,0,0,0,0,0,0
1.2474167346954346,0,0.0,0.0,0.0,0.0,0.0,0.0,0.0,0.0,0.03,0,0,0,0,0,0,0,0,0,0,0,0,0,0,0,0,0,0,0,0,0
1.2506248950958252,0,0.0,0.0,0.0,0.0,0.0,0.0,0.0,0.0,0.03,0,0,0,0,0,0,0,0,0,0,0,0,0,0,0,0,0,0,0,0,0
1.2519385814666748,0,0.0,0.0,0.0,0.0,0.0,0.0,0.0,0.0,0.03,0,0,0,0,0,0,0,0,0,0,0,0,0,0,0,0,0,0,0,0,0
1.253382921218872,0,0.0,0.0,0.0,0.0,0.0,0.0,0.0,0.0,0.03,0,0,0,0,0,0,0,0,0,0,0,0,0,0,0,0,0,0,0,0,0
1.2554326057434082,0,0.0,0.0,0.0,0.0,0.0,0.0,0.0,0.0,0.03,0,0,0,0,0,0,0,0,0,0,0,0,0,0,0,0,0,0,0,0,0
1.256533145904541,0,0.0,0.0,0.0,0.0,0.0,0.0,0.0,0.0,0.03,0,0,0,0,0,0,0,0,0,0,0,0,0,0,0,0,0,0,0,0,0
1.2579131126403809,0,0.0,0.0,0.0,0.0,0.0,0.0,0.0,0.0,0.03,0,0,0,0,0,0,0,0,0,0,0,0,0,0,0,0,0,0,0,0,0
1.2593016624450684,0,0.0,0.0,0.0,0.0,0.0,0.0,0.0,0.0,0.03,0,0,0,0,0,0,0,0,0,0,0,0,0,0,0,0,0,0,0,0,0
1.2614209651947021,0,0.0,0.0,0.0,0.0,0.0,0.0,0.0,0.0,0.03,0,0,0,0,0,0,0,0,0,0,0,0,0,0,0,0,0,0,0,0,0
1.263489007949829,0,0.0,0.0,0.0,0.0,0.0,0.0,0.0,0.0,0.03,0,0,0,0,0,0,0,0,0,0,0,0,0,0,0,0,0,0,0,0,0
1.2645959854125977,0,0.0,0.0,0.0,0.0,0.0,0.0,0.0,0.0,0.03,0,0,0,0,0,0,0,0,0,0,0,0,0,0,0,0,0,0,0,0,0
1.2658820152282715,0,0.0,0.0,0.0,0.0,0.0,0.0,0.0,0.0,0.03,0,0,0,0,0,0,0,0,0,0,0,0,0,0,0,0,0,0,0,0,0
1.2670774459838867,0,0.0,0.0,0.0,0.0,0.0,0.0,0.0,0.0,0.03,0,0,0,0,0,0,0,0,0,0,0,0,0,0,0,0,0,0,0,0,0
1.2682325839996338,0,0.0,0.0,0.0,0.0,0.0,0.0,0.0,0.0,0.03,0,0,0,0,0,0,0,0,0,0,0,0,0,0,0,0,0,0,0,0,0
1.2693676948547363,0,0.0,0.0,0.0,0.0,0.0,0.0,0.0,0.0,0.03,0,0,0,0,0,0,0,0,0,0,0,0,0,0,0,0,0,0,0,0,0
1.2705442905426025,0,0.0,0.0,0.0,0.0,0.0,0.0,0.0,0.0,0.03,0,0,0,0,0,0,0,0,0,0,0,0,0,0,0,0,0,0,0,0,0
1.2716364860534668,0,0.0,0.0,0.0,0.0,0.0,0.0,0.0,0.0,0.03,0,0,0,0,0,0,0,0,0,0,0,0,0,0,0,0,0,0,0,0,0
1.272721767425537,0,0.0,0.0,0.0,0.0,0.0,0.0,0.0,0.0,0.03,0,0,0,0,0,0,0,0,0,0,0,0,0,0,0,0,0,0,0,0,0
1.2743313312530518,0,0.0,0.0,0.0,0.0,0.0,0.0,0.0,0.0,0.03,0,0,0,0,0,0,0,0,0,0,0,0,0,0,0,0,0,0,0,0,0
1.2755980491638184,0,0.0,0.0,0.0,0.0,0.0,0.0,0.0,0.0,0.03,0,0,0,0,0,0,0,0,0,0,0,0,0,0,0,0,0,0,0,0,0
1.2774169445037842,0,0.0,0.0,0.0,0.0,0.0,0.0,0.0,0.0,0.03,0,0,0,0,0,0,0,0,0,0,0,0,0,0,0,0,0,0,0,0,0
1.278852939605713,0,0.0,0.0,0.0,0.0,0.0,0.0,0.0,0.0,0.03,0,0,0,0,0,0,0,0,0,0,0,0,0,0,0,0,0,0,0,0,0
1.2799694538116455,0,0.0,0.0,0.0,0.0,0.0,0.0,0.0,0.0,0.03,0,0,0,0,0,0,0,0,0,0,0,0,0,0,0,0,0,0,0,0,0
1.281066656112671,0,0.0,0.0,0.0,0.0,0.0,0.0,0.0,0.0,0.03,0,0,0,0,0,0,0,0,0,0,0,0,0,0,0,0,0,0,0,0,0
1.2827672958374023,0,0.0,0.0,0.0,0.0,0.0,0.0,0.0,0.0,0.03,0,0,0,0,0,0,0,0,0,0,0,0,0,0,0,0,0,0,0,0,0
1.2838284969329834,0,0.0,0.0,0.0,0.0,0.0,0.0,0.0,0.0,0.03,0,0,0,0,0,0,0,0,0,0,0,0,0,0,0,0,0,0,0,0,0
1.2851049900054932,0,0.0,0.0,0.0,0.0,0.0,0.0,0.0,0.0,0.03,0,0,0,0,0,0,0,0,0,0,0,0,0,0,0,0,0,0,0,0,0
1.2866356372833252,0,0.0,0.0,0.0,0.0,0.0,0.0,0.0,0.0,0.03,0,0,0,0,0,0,0,0,0,0,0,0,0,0,0,0,0,0,0,0,0
1.2877898216247559,0,0.0,0.0,0.0,0.0,0.0,0.0,0.0,0.0,0.03,0,0,0,0,0,0,0,0,0,0,0,0,0,0,0,0,0,0,0,0,0
1.2889184951782227,0,0.0,0.0,0.0,0.0,0.0,0.0,0.0,0.0,0.03,0,0,0,0,0,0,0,0,0,0,0,0,0,0,0,0,0,0,0,0,0
1.2902545928955078,0,0.0,0.0,0.0,0.0,0.0,0.0,0.0,0.0,0.03,0,0,0,0,0,0,0,0,0,0,0,0,0,0,0,0,0,0,0,0,0
1.291339635848999,0,0.0,0.0,0.0,0.0,0.0,0.0,0.0,0.0,0.03,0,0,0,0,0,0,0,0,0,0,0,0,0,0,0,0,0,0,0,0,0
1.2926836013793945,0,0.0,0.0,0.0,0.0,0.0,0.0,0.0,0.0,0.03,0,0,0,0,0,0,0,0,0,0,0,0,0,0,0,0,0,0,0,0,0
1.2946879863739014,0,0.0,0.0,0.0,0.0,0.0,0.0,0.0,0.0,0.03,0,0,0,0,0,0,0,0,0,0,0,0,0,0,0,0,0,0,0,0,0
1.2967147827148438,0,0.0,0.0,0.0,0.0,0.0,0.0,0.0,0.0,0.03,0,0,0,0,0,0,0,0,0,0,0,0,0,0,0,0,0,0,0,0,0
1.2979743480682373,0,0.0,0.0,0.0,0.0,0.0,0.0,0.0,0.0,0.03,0,0,0,0,0,0,0,0,0,0,0,0,0,0,0,0,0,0,0,0,0
1.2991375923156738,0,0.0,0.0,0.0,0.0,0.0,0.0,0.0,0.0,0.03,0,0,0,0,0,0,0,0,0,0,0,0,0,0,0,0,0,0,0,0,0
1.300955057144165,0,0.0,0.0,0.0,0.0,0.0,0.0,0.0,0.0,0.03,0,0,0,0,0,0,0,0,0,0,0,0,0,0,0,0,0,0,0,0,0
1.3021657466888428,0,0.0,0.0,0.0,0.0,0.0,0.0,0.0,0.0,0.03,0,0,0,0,0,0,0,0,0,0,0,0,0,0,0,0,0,0,0,0,0
1.3032581806182861,0,0.0,0.0,0.0,0.0,0.0,0.0,0.0,0.0,0.03,0,0,0,0,0,0,0,0,0,0,0,0,0,0,0,0,0,0,0,0,0
1.305192470550537,0,0.0,0.0,0.0,0.0,0.0,0.0,0.0,0.0,0.03,0,0,0,0,0,0,0,0,0,0,0,0,0,0,0,0,0,0,0,0,0
1.3062758445739746,0,0.0,0.0,0.0,0.0,0.0,0.0,0.0,0.0,0.03,0,0,0,0,0,0,0,0,0,0,0,0,0,0,0,0,0,0,0,0,0
1.3094964027404785,0,0.0,0.0,0.0,0.0,0.0,0.0,0.0,0.0,0.03,0,0,0,0,0,0,0,0,0,0,0,0,0,0,0,0,0,0,0,0,0
1.310838222503662,0,0.0,0.0,0.0,0.0,0.0,0.0,0.0,0.0,0.03,0,0,0,0,0,0,0,0,0,0,0,0,0,0,0,0,0,0,0,0,0
1.3129141330718994,0,0.0,0.0,0.0,0.0,0.0,0.0,0.0,0.0,0.03,0,0,0,0,0,0,0,0,0,0,0,0,0,0,0,0,0,0,0,0,0
1.3159148693084717,0,0.0,0.0,0.0,0.0,0.0,0.0,0.0,0.0,0.03,0,0,0,0,0,0,0,0,0,0,0,0,0,0,0,0,0,0,0,0,0
1.3173542022705078,0,0.0,0.0,0.0,0.0,0.0,0.0,0.0,0.0,0.03,0,0,0,0,0,0,0,0,0,0,0,0,0,0,0,0,0,0,0,0,0
1.3187026977539062,0,0.0,0.0,0.0,0.0,0.0,0.0,0.0,0.0,0.03,0,0,0,0,0,0,0,0,0,0,0,0,0,0,0,0,0,0,0,0,0
1.3211278915405273,0,0.0,0.0,0.0,0.0,0.0,0.0,0.0,0.0,0.03,0,0,0,0,0,0,0,0,0,0,0,0,0,0,0,0,0,0,0,0,0
1.3224363327026367,0,0.0,0.0,0.0,0.0,0.0,0.0,0.0,0.0,0.03,0,0,0,0,0,0,0,0,0,0,0,0,0,0,0,0,0,0,0,0,0
1.3235399723052979,0,0.0,0.0,0.0,0.0,0.0,0.0,0.0,0.0,0.03,0,0,0,0,0,0,0,0,0,0,0,0,0,0,0,0,0,0,0,0,0
1.3254384994506836,0,0.0,0.0,0.0,0.0,0.0,0.0,0.0,0.0,0.03,0,0,0,0,0,0,0,0,0,0,0,0,0,0,0,0,0,0,0,0,0
1.326524257659912,0,0.0,0.0,0.0,0.0,0.0,0.0,0.0,0.0,0.03,0,0,0,0,0,0,0,0,0,0,0,0,0,0,0,0,0,0,0,0,0
1.3275959491729736,0,0.0,0.0,0.0,0.0,0.0,0.0,0.0,0.0,0.03,0,0,0,0,0,0,0,0,0,0,0,0,0,0,0,0,0,0,0,0,0
1.3287959098815918,0,0.0,0.0,0.0,0.0,0.0,0.0,0.0,0.0,0.03,0,0,0,0,0,0,0,0,0,0,0,0,0,0,0,0,0,0,0,0,0
1.3298563957214355,0,0.0,0.0,0.0,0.0,0.0,0.0,0.0,0.0,0.03,0,0,0,0,0,0,0,0,0,0,0,0,0,0,0,0,0,0,0,0,0
1.3309640884399414,0,0.0,0.0,0.0,0.0,0.0,0.0,0.0,0.0,0.03,0,0,0,0,0,0,0,0,0,0,0,0,0,0,0,0,0,0,0,0,0
1.332101821899414,0,0.0,0.0,0.0,0.0,0.0,0.0,0.0,0.0,0.03,0,0,0,0,0,0,0,0,0,0,0,0,0,0,0,0,0,0,0,0,0
1.3344626426696777,0,0.0,0.0,0.0,0.0,0.0,0.0,0.0,0.0,0.03,0,0,0,0,0,0,0,0,0,0,0,0,0,0,0,0,0,0,0,0,0
1.3360562324523926,0,0.0,0.0,0.0,0.0,0.0,0.0,0.0,0.0,0.03,0,0,0,0,0,0,0,0,0,0,0,0,0,0,0,0,0,0,0,0,0
1.3375306129455566,0,0.0,0.0,0.0,0.0,0.0,0.0,0.0,0.0,0.03,0,0,0,0,0,0,0,0,0,0,0,0,0,0,0,0,0,0,0,0,0
1.338700532913208,0,0.0,0.0,0.0,0.0,0.0,0.0,0.0,0.0,0.03,0,0,0,0,0,0,0,0,0,0,0,0,0,0,0,0,0,0,0,0,0
1.3398382663726807,0,0.0,0.0,0.0,0.0,0.0,0.0,0.0,0.0,0.03,0,0,0,0,0,0,0,0,0,0,0,0,0,0,0,0,0,0,0,0,0
1.341618299484253,0,0.0,0.0,0.0,0.0,0.0,0.0,0.0,0.0,0.03,0,0,0,0,0,0,0,0,0,0,0,0,0,0,0,0,0,0,0,0,0
1.3428711891174316,0,0.0,0.0,0.0,0.0,0.0,0.0,0.0,0.0,0.03,0,0,0,0,0,0,0,0,0,0,0,0,0,0,0,0,0,0,0,0,0
1.3439679145812988,0,0.0,0.0,0.0,0.0,0.0,0.0,0.0,0.0,0.03,0,0,0,0,0,0,0,0,0,0,0,0,0,0,0,0,0,0,0,0,0
1.3451642990112305,0,0.0,0.0,0.0,0.0,0.0,0.0,0.0,0.0,0.03,0,0,0,0,0,0,0,0,0,0,0,0,0,0,0,0,0,0,0,0,0
1.3465864658355713,0,0.0,0.0,0.0,0.0,0.0,0.0,0.0,0.0,0.03,0,0,0,0,0,0,0,0,0,0,0,0,0,0,0,0,0,0,0,0,0
1.3476855754852295,0,0.0,0.0,0.0,0.0,0.0,0.0,0.0,0.0,0.03,0,0,0,0,0,0,0,0,0,0,0,0,0,0,0,0,0,0,0,0,0
1.348900318145752,0,0.0,0.0,0.0,0.0,0.0,0.0,0.0,0.0,0.03,0,0,0,0,0,0,0,0,0,0,0,0,0,0,0,0,0,0,0,0,0
1.3499839305877686,0,0.0,0.0,0.0,0.0,0.0,0.0,0.0,0.0,0.03,0,0,0,0,0,0,0,0,0,0,0,0,0,0,0,0,0,0,0,0,0
1.3512325286865234,0,0.0,0.0,0.0,0.0,0.0,0.0,0.0,0.0,0.03,0,0,0,0,0,0,0,0,0,0,0,0,0,0,0,0,0,0,0,0,0
1.3527913093566895,0,0.0,0.0,0.0,0.0,0.0,0.0,0.0,0.0,0.03,0,0,0,0,0,0,0,0,0,0,0,0,0,0,0,0,0,0,0,0,0
1.354334831237793,0,0.0,0.0,0.0,0.0,0.0,0.0,0.0,0.0,0.03,0,0,0,0,0,0,0,0,0,0,0,0,0,0,0,0,0,0,0,0,0
1.3556246757507324,0,0.0,0.0,0.0,0.0,0.0,0.0,0.0,0.0,0.03,0,0,0,0,0,0,0,0,0,0,0,0,0,0,0,0,0,0,0,0,0
1.356837511062622,0,0.0,0.0,0.0,0.0,0.0,0.0,0.0,0.0,0.03,0,0,0,0,0,0,0,0,0,0,0,0,0,0,0,0,0,0,0,0,0
1.3581373691558838,0,0.0,0.0,0.0,0.0,0.0,0.0,0.0,0.0,0.03,0,0,0,0,0,0,0,0,0,0,0,0,0,0,0,0,0,0,0,0,0
1.3593947887420654,0,0.0,0.0,0.0,0.0,0.0,0.0,0.0,0.0,0.03,0,0,0,0,0,0,0,0,0,0,0,0,0,0,0,0,0,0,0,0,0
1.360623836517334,0,0.0,0.0,0.0,0.0,0.0,0.0,0.0,0.0,0.03,0,0,0,0,0,0,0,0,0,0,0,0,0,0,0,0,0,0,0,0,0
1.362647533416748,0,0.0,0.0,0.0,0.0,0.0,0.0,0.0,0.0,0.03,0,0,0,0,0,0,0,0,0,0,0,0,0,0,0,0,0,0,0,0,0
1.3638660907745361,0,0.0,0.0,0.0,0.0,0.0,0.0,0.0,0.0,0.03,0,0,0,0,0,0,0,0,0,0,0,0,0,0,0,0,0,0,0,0,0
1.3655056953430176,0,0.0,0.0,0.0,0.0,0.0,0.0,0.0,0.0,0.03,0,0,0,0,0,0,0,0,0,0,0,0,0,0,0,0,0,0,0,0,0
1.3671245574951172,0,0.0,0.0,0.0,0.0,0.0,0.0,0.0,0.0,0.03,0,0,0,0,0,0,0,0,0,0,0,0,0,0,0,0,0,0,0,0,0
1.3685944080352783,0,0.0,0.0,0.0,0.0,0.0,0.0,0.0,0.0,0.03,0,0,0,0,0,0,0,0,0,0,0,0,0,0,0,0,0,0,0,0,0
1.3704280853271484,0,0.0,0.0,0.0,0.0,0.0,0.0,0.0,0.0,0.03,0,0,0,0,0,0,0,0,0,0,0,0,0,0,0,0,0,0,0,0,0
1.3720176219940186,0,0.0,0.0,0.0,0.0,0.0,0.0,0.0,0.0,0.03,0,0,0,0,0,0,0,0,0,0,0,0,0,0,0,0,0,0,0,0,0
1.3735032081604004,0,0.0,0.0,0.0,0.0,0.0,0.0,0.0,0.0,0.03,0,0,0,0,0,0,0,0,0,0,0,0,0,0,0,0,0,0,0,0,0
1.3746049404144287,0,0.0,0.0,0.0,0.0,0.0,0.0,0.0,0.0,0.03,0,0,0,0,0,0,0,0,0,0,0,0,0,0,0,0,0,0,0,0,0
1.3759126663208008,0,0.0,0.0,0.0,0.0,0.0,0.0,0.0,0.0,0.03,0,0,0,0,0,0,0,0,0,0,0,0,0,0,0,0,0,0,0,0,0
1.3772296905517578,0,0.0,0.0,0.0,0.0,0.0,0.0,0.0,0.0,0.03,0,0,0,0,0,0,0,0,0,0,0,0,0,0,0,0,0,0,0,0,0
1.3785195350646973,0,0.0,0.0,0.0,0.0,0.0,0.0,0.0,0.0,0.03,0,0,0,0,0,0,0,0,0,0,0,0,0,0,0,0,0,0,0,0,0
1.3795890808105469,0,0.0,0.0,0.0,0.0,0.0,0.0,0.0,0.0,0.03,0,0,0,0,0,0,0,0,0,0,0,0,0,0,0,0,0,0,0,0,0
1.3806543350219727,0,0.0,0.0,0.0,0.0,0.0,0.0,0.0,0.0,0.03,0,0,0,0,0,0,0,0,0,0,0,0,0,0,0,0,0,0,0,0,0
1.3817360401153564,0,0.0,0.0,0.0,0.0,0.0,0.0,0.0,0.0,0.03,0,0,0,0,0,0,0,0,0,0,0,0,0,0,0,0,0,0,0,0,0
1.3832988739013672,0,0.0,0.0,0.0,0.0,0.0,0.0,0.0,0.0,0.03,0,0,0,0,0,0,0,0,0,0,0,0,0,0,0,0,0,0,0,0,0
1.3846204280853271,0,0.0,0.0,0.0,0.0,0.0,0.0,0.0,0.0,0.03,0,0,0,0,0,0,0,0,0,0,0,0,0,0,0,0,0,0,0,0,0
1.3857903480529785,0,0.0,0.0,0.0,0.0,0.0,0.0,0.0,0.0,0.03,0,0,0,0,0,0,0,0,0,0,0,0,0,0,0,0,0,0,0,0,0
1.386904001235962,0,0.0,0.0,0.0,0.0,0.0,0.0,0.0,0.0,0.03,0,0,0,0,0,0,0,0,0,0,0,0,0,0,0,0,0,0,0,0,0
1.388049840927124,0,0.0,0.0,0.0,0.0,0.0,0.0,0.0,0.0,0.03,0,0,0,0,0,0,0,0,0,0,0,0,0,0,0,0,0,0,0,0,0
1.3892347812652588,0,0.0,0.0,0.0,0.0,0.0,0.0,0.0,0.0,0.03,0,0,0,0,0,0,0,0,0,0,0,0,0,0,0,0,0,0,0,0,0
1.390925645828247,0,0.0,0.0,0.0,0.0,0.0,0.0,0.0,0.0,0.03,0,0,0,0,0,0,0,0,0,0,0,0,0,0,0,0,0,0,0,0,0
1.3932161331176758,0,0.0,0.0,0.0,0.0,0.0,0.0,0.0,0.0,0.03,0,0,0,0,0,0,0,0,0,0,0,0,0,0,0,0,0,0,0,0,0
1.395120620727539,0,0.0,0.0,0.0,0.0,0.0,0.0,0.0,0.0,0.03,0,0,0,0,0,0,0,0,0,0,0,0,0,0,0,0,0,0,0,0,0
1.3963689804077148,0,0.0,0.0,0.0,0.0,0.0,0.0,0.0,0.0,0.03,0,0,0,0,0,0,0,0,0,0,0,0,0,0,0,0,0,0,0,0,0
1.3974695205688477,0,0.0,0.0,0.0,0.0,0.0,0.0,0.0,0.0,0.03,0,0,0,0,0,0,0,0,0,0,0,0,0,0,0,0,0,0,0,0,0
1.4000403881072998,0,0.0,0.0,0.0,0.0,0.0,0.0,0.0,0.0,0.03,0,0,0,0,0,0,0,0,0,0,0,0,0,0,0,0,0,0,0,0,0
1.4016480445861816,0,0.0,0.0,0.0,0.0,0.0,0.0,0.0,0.0,0.03,0,0,0,0,0,0,0,0,0,0,0,0,0,0,0,0,0,0,0,0,0
1.4028840065002441,0,0.0,0.0,0.0,0.0,0.0,0.0,0.0,0.0,0.03,0,0,0,0,0,0,0,0,0,0,0,0,0,0,0,0,0,0,0,0,0
1.4045913219451904,0,0.0,0.0,0.0,0.0,0.0,0.0,0.0,0.0,0.03,0,0,0,0,0,0,0,0,0,0,0,0,0,0,0,0,0,0,0,0,0
1.4056942462921143,0,0.0,0.0,0.0,0.0,0.0,0.0,0.0,0.0,0.03,0,0,0,0,0,0,0,0,0,0,0,0,0,0,0,0,0,0,0,0,0
1.4069533348083496,0,0.0,0.0,0.0,0.0,0.0,0.0,0.0,0.0,0.03,0,0,0,0,0,0,0,0,0,0,0,0,0,0,0,0,0,0,0,0,0
1.4081480503082275,0,0.0,0.0,0.0,0.0,0.0,0.0,0.0,0.0,0.03,0,0,0,0,0,0,0,0,0,0,0,0,0,0,0,0,0,0,0,0,0
1.4092340469360352,0,0.0,0.0,0.0,0.0,0.0,0.0,0.0,0.0,0.03,0,0,0,0,0,0,0,0,0,0,0,0,0,0,0,0,0,0,0,0,0
1.410372018814087,0,0.0,0.0,0.0,0.0,0.0,0.0,0.0,0.0,0.03,0,0,0,0,0,0,0,0,0,0,0,0,0,0,0,0,0,0,0,0,0
1.411700963973999,0,0.0,0.0,0.0,0.0,0.0,0.0,0.0,0.0,0.03,0,0,0,0,0,0,0,0,0,0,0,0,0,0,0,0,0,0,0,0,0
1.413510799407959,0,0.0,0.0,0.0,0.0,0.0,0.0,0.0,0.0,0.03,0,0,0,0,0,0,0,0,0,0,0,0,0,0,0,0,0,0,0,0,0
1.414856195449829,0,0.0,0.0,0.0,0.0,0.0,0.0,0.0,0.0,0.03,0,0,0,0,0,0,0,0,0,0,0,0,0,0,0,0,0,0,0,0,0
1.4161217212677002,0,0.0,0.0,0.0,0.0,0.0,0.0,0.0,0.0,0.03,0,0,0,0,0,0,0,0,0,0,0,0,0,0,0,0,0,0,0,0,0
1.417423963546753,0,0.0,0.0,0.0,0.0,0.0,0.0,0.0,0.0,0.03,0,0,0,0,0,0,0,0,0,0,0,0,0,0,0,0,0,0,0,0,0
1.4192564487457275,0,0.0,0.0,0.0,0.0,0.0,0.0,0.0,0.0,0.03,0,0,0,0,0,0,0,0,0,0,0,0,0,0,0,0,0,0,0,0,0
1.4203715324401855,0,0.0,0.0,0.0,0.0,0.0,0.0,0.0,0.0,0.03,0,0,0,0,0,0,0,0,0,0,0,0,0,0,0,0,0,0,0,0,0
1.4216034412384033,0,0.0,0.0,0.0,0.0,0.0,0.0,0.0,0.0,0.03,0,0,0,0,0,0,0,0,0,0,0,0,0,0,0,0,0,0,0,0,0
1.4227955341339111,0,0.0,0.0,0.0,0.0,0.0,0.0,0.0,0.0,0.03,0,0,0,0,0,0,0,0,0,0,0,0,0,0,0,0,0,0,0,0,0
1.4238824844360352,0,0.0,0.0,0.0,0.0,0.0,0.0,0.0,0.0,0.03,0,0,0,0,0,0,0,0,0,0,0,0,0,0,0,0,0,0,0,0,0
1.4266064167022705,0,0.0,0.0,0.0,0.0,0.0,0.0,0.0,0.0,0.03,0,0,0,0,0,0,0,0,0,0,0,0,0,0,0,0,0,0,0,0,0
1.4278717041015625,0,0.0,0.0,0.0,0.0,0.0,0.0,0.0,0.0,0.03,0,0,0,0,0,0,0,0,0,0,0,0,0,0,0,0,0,0,0,0,0
1.429804801940918,0,0.0,0.0,0.0,0.0,0.0,0.0,0.0,0.0,0.03,0,0,0,0,0,0,0,0,0,0,0,0,0,0,0,0,0,0,0,0,0
1.4334192276000977,0,0.0,0.0,0.0,0.0,0.0,0.0,0.0,0.0,0.03,0,0,0,0,0,0,0,0,0,0,0,0,0,0,0,0,0,0,0,0,0
1.434934139251709,0,0.0,0.0,0.0,0.0,0.0,0.0,0.0,0.0,0.03,0,0,0,0,0,0,0,0,0,0,0,0,0,0,0,0,0,0,0,0,0
1.4363296031951904,0,0.0,0.0,0.0,0.0,0.0,0.0,0.0,0.0,0.03,0,0,0,0,0,0,0,0,0,0,0,0,0,0,0,0,0,0,0,0,0
1.4380099773406982,0,0.0,0.0,0.0,0.0,0.0,0.0,0.0,0.0,0.03,0,0,0,0,0,0,0,0,0,0,0,0,0,0,0,0,0,0,0,0,0
1.4401464462280273,0,0.0,0.0,0.0,0.0,0.0,0.0,0.0,0.0,0.03,0,0,0,0,0,0,0,0,0,0,0,0,0,0,0,0,0,0,0,0,0
1.4412391185760498,0,0.0,0.0,0.0,0.0,0.0,0.0,0.0,0.0,0.03,0,0,0,0,0,0,0,0,0,0,0,0,0,0,0,0,0,0,0,0,0
1.4424686431884766,0,0.0,0.0,0.0,0.0,0.0,0.0,0.0,0.0,0.03,0,0,0,0,0,0,0,0,0,0,0,0,0,0,0,0,0,0,0,0,0
1.4441111087799072,0,0.0,0.0,0.0,0.0,0.0,0.0,0.0,0.0,0.03,0,0,0,0,0,0,0,0,0,0,0,0,0,0,0,0,0,0,0,0,0
1.445310354232788,0,0.0,0.0,0.0,0.0,0.0,0.0,0.0,0.0,0.03,0,0,0,0,0,0,0,0,0,0,0,0,0,0,0,0,0,0,0,0,0
1.4464237689971924,0,0.0,0.0,0.0,0.0,0.0,0.0,0.0,0.0,0.03,0,0,0,0,0,0,0,0,0,0,0,0,0,0,0,0,0,0,0,0,0
1.4475390911102295,0,0.0,0.0,0.0,0.0,0.0,0.0,0.0,0.0,0.03,0,0,0,0,0,0,0,0,0,0,0,0,0,0,0,0,0,0,0,0,0
1.4488201141357422,0,0.0,0.0,0.0,0.0,0.0,0.0,0.0,0.0,0.03,0,0,0,0,0,0,0,0,0,0,0,0,0,0,0,0,0,0,0,0,0
1.4510140419006348,0,0.0,0.0,0.0,0.0,0.0,0.0,0.0,0.0,0.03,0,0,0,0,0,0,0,0,0,0,0,0,0,0,0,0,0,0,0,0,0
1.4521498680114746,0,0.0,0.0,0.0,0.0,0.0,0.0,0.0,0.0,0.03,0,0,0,0,0,0,0,0,0,0,0,0,0,0,0,0,0,0,0,0,0
1.4532451629638672,0,0.0,0.0,0.0,0.0,0.0,0.0,0.0,0.0,0.03,0,0,0,0,0,0,0,0,0,0,0,0,0,0,0,0,0,0,0,0,0
1.4552292823791504,0,0.0,0.0,0.0,0.0,0.0,0.0,0.0,0.0,0.03,0,0,0,0,0,0,0,0,0,0,0,0,0,0,0,0,0,0,0,0,0
1.4563727378845215,0,0.0,0.0,0.0,0.0,0.0,0.0,0.0,0.0,0.03,0,0,0,0,0,0,0,0,0,0,0,0,0,0,0,0,0,0,0,0,0
1.4575095176696777,0,0.0,0.0,0.0,0.0,0.0,0.0,0.0,0.0,0.03,0,0,0,0,0,0,0,0,0,0,0,0,0,0,0,0,0,0,0,0,0
1.4597041606903076,0,0.0,0.0,0.0,0.0,0.0,0.0,0.0,0.0,0.03,0,0,0,0,0,0,0,0,0,0,0,0,0,0,0,0,0,0,0,0,0
1.4609637260437012,0,0.0,0.0,0.0,0.0,0.0,0.0,0.0,0.0,0.03,0,0,0,0,0,0,0,0,0,0,0,0,0,0,0,0,0,0,0,0,0
1.462357521057129,0,0.0,0.0,0.0,0.0,0.0,0.0,0.0,0.0,0.03,0,0,0,0,0,0,0,0,0,0,0,0,0,0,0,0,0,0,0,0,0
1.4635372161865234,0,0.0,0.0,0.0,0.0,0.0,0.0,0.0,0.0,0.03,0,0,0,0,0,0,0,0,0,0,0,0,0,0,0,0,0,0,0,0,0
1.4647228717803955,0,0.0,0.0,0.0,0.0,0.0,0.0,0.0,0.0,0.03,0,0,0,0,0,0,0,0,0,0,0,0,0,0,0,0,0,0,0,0,0
1.4658801555633545,0,0.0,0.0,0.0,0.0,0.0,0.0,0.0,0.0,0.03,0,0,0,0,0,0,0,0,0,0,0,0,0,0,0,0,0,0,0,0,0
1.4672446250915527,0,0.0,0.0,0.0,0.0,0.0,0.0,0.0,0.0,0.03,0,0,0,0,0,0,0,0,0,0,0,0,0,0,0,0,0,0,0,0,0
1.4683318138122559,0,0.0,0.0,0.0,0.0,0.0,0.0,0.0,0.0,0.03,0,0,0,0,0,0,0,0,0,0,0,0,0,0,0,0,0,0,0,0,0
1.4697809219360352,0,0.0,0.0,0.0,0.0,0.0,0.0,0.0,0.0,0.03,0,0,0,0,0,0,0,0,0,0,0,0,0,0,0,0,0,0,0,0,0
1.47157621383667,0,0.0,0.0,0.0,0.0,0.0,0.0,0.0,0.0,0.03,0,0,0,0,0,0,0,0,0,0,0,0,0,0,0,0,0,0,0,0,0
1.4728429317474365,0,0.0,0.0,0.0,0.0,0.0,0.0,0.0,0.0,0.03,0,0,0,0,0,0,0,0,0,0,0,0,0,0,0,0,0,0,0,0,0
1.4740827083587646,0,0.0,0.0,0.0,0.0,0.0,0.0,0.0,0.0,0.03,0,0,0,0,0,0,0,0,0,0,0,0,0,0,0,0,0,0,0,0,0
1.4752838611602783,0,0.0,0.0,0.0,0.0,0.0,0.0,0.0,0.0,0.03,0,0,0,0,0,0,0,0,0,0,0,0,0,0,0,0,0,0,0,0,0
1.4765188694000244,0,0.0,0.0,0.0,0.0,0.0,0.0,0.0,0.0,0.03,0,0,0,0,0,0,0,0,0,0,0,0,0,0,0,0,0,0,0,0,0
1.4780375957489014,0,0.0,0.0,0.0,0.0,0.0,0.0,0.0,0.0,0.03,0,0,0,0,0,0,0,0,0,0,0,0,0,0,0,0,0,0,0,0,0
1.4793896675109863,0,0.0,0.0,0.0,0.0,0.0,0.0,0.0,0.0,0.03,0,0,0,0,0,0,0,0,0,0,0,0,0,0,0,0,0,0,0,0,0
1.4806029796600342,0,0.0,0.0,0.0,0.0,0.0,0.0,0.0,0.0,0.03,0,0,0,0,0,0,0,0,0,0,0,0,0,0,0,0,0,0,0,0,0
1.4819817543029785,0,0.0,0.0,0.0,0.0,0.0,0.0,0.0,0.0,0.03,0,0,0,0,0,0,0,0,0,0,0,0,0,0,0,0,0,0,0,0,0
1.485234022140503,0,0.0,0.0,0.0,0.0,0.0,0.0,0.0,0.0,0.03,0,0,0,0,0,0,0,0,0,0,0,0,0,0,0,0,0,0,0,0,0
1.4866878986358643,0,0.0,0.0,0.0,0.0,0.0,0.0,0.0,0.0,0.03,0,0,0,0,0,0,0,0,0,0,0,0,0,0,0,0,0,0,0,0,0
1.4877614974975586,0,0.0,0.0,0.0,0.0,0.0,0.0,0.0,0.0,0.03,0,0,0,0,0,0,0,0,0,0,0,0,0,0,0,0,0,0,0,0,0
1.488912582397461,0,0.0,0.0,0.0,0.0,0.0,0.0,0.0,0.0,0.03,0,0,0,0,0,0,0,0,0,0,0,0,0,0,0,0,0,0,0,0,0
1.4902584552764893,0,0.0,0.0,0.0,0.0,0.0,0.0,0.0,0.0,0.03,0,0,0,0,0,0,0,0,0,0,0,0,0,0,0,0,0,0,0,0,0
1.4920451641082764,0,0.0,0.0,0.0,0.0,0.0,0.0,0.0,0.0,0.03,0,0,0,0,0,0,0,0,0,0,0,0,0,0,0,0,0,0,0,0,0
1.4931421279907227,0,0.0,0.0,0.0,0.0,0.0,0.0,0.0,0.0,0.03,0,0,0,0,0,0,0,0,0,0,0,0,0,0,0,0,0,0,0,0,0
1.4944512844085693,0,0.0,0.0,0.0,0.0,0.0,0.0,0.0,0.0,0.03,0,0,0,0,0,0,0,0,0,0,0,0,0,0,0,0,0,0,0,0,0
1.4961659908294678,0,0.0,0.0,0.0,0.0,0.0,0.0,0.0,0.0,0.03,0,0,0,0,0,0,0,0,0,0,0,0,0,0,0,0,0,0,0,0,0
1.4973981380462646,0,0.0,0.0,0.0,0.0,0.0,0.0,0.0,0.0,0.03,0,0,0,0,0,0,0,0,0,0,0,0,0,0,0,0,0,0,0,0,0
1.4984652996063232,0,0.0,0.0,0.0,0.0,0.0,0.0,0.0,0.0,0.03,0,0,0,0,0,0,0,0,0,0,0,0,0,0,0,0,0,0,0,0,0
1.499866247177124,0,0.0,0.0,0.0,0.0,0.0,0.0,0.0,0.0,0.03,0,0,0,0,0,0,0,0,0,0,0,0,0,0,0,0,0,0,0,0,0
1.500955581665039,0,0.0,0.0,0.0,0.0,0.0,0.0,0.0,0.0,0.03,0,0,0,0,0,0,0,0,0,0,0,0,0,0,0,0,0,0,0,0,0
1.50227689743042,0,0.0,0.0,0.0,0.0,0.0,0.0,0.0,0.0,0.03,0,0,0,0,0,0,0,0,0,0,0,0,0,0,0,0,0,0,0,0,0
1.503411054611206,0,0.0,0.0,0.0,0.0,0.0,0.0,0.0,0.0,0.03,0,0,0,0,0,0,0,0,0,0,0,0,0,0,0,0,0,0,0,0,0
1.5045521259307861,0,0.0,0.0,0.0,0.0,0.0,0.0,0.0,0.0,0.03,0,0,0,0,0,0,0,0,0,0,0,0,0,0,0,0,0,0,0,0,0
1.5056867599487305,0,0.0,0.0,0.0,0.0,0.0,0.0,0.0,0.0,0.03,0,0,0,0,0,0,0,0,0,0,0,0,0,0,0,0,0,0,0,0,0
1.5067791938781738,0,0.0,0.0,0.0,0.0,0.0,0.0,0.0,0.0,0.03,0,0,0,0,0,0,0,0,0,0,0,0,0,0,0,0,0,0,0,0,0
1.5079634189605713,0,0.0,0.0,0.0,0.0,0.0,0.0,0.0,0.0,0.03,0,0,0,0,0,0,0,0,0,0,0,0,0,0,0,0,0,0,0,0,0
1.509641408920288,0,0.0,0.0,0.0,0.0,0.0,0.0,0.0,0.0,0.03,0,0,0,0,0,0,0,0,0,0,0,0,0,0,0,0,0,0,0,0,0
1.5110652446746826,0,0.0,0.0,0.0,0.0,0.0,0.0,0.0,0.0,0.03,0,0,0,0,0,0,0,0,0,0,0,0,0,0,0,0,0,0,0,0,0
1.5125997066497803,0,0.0,0.0,0.0,0.0,0.0,0.0,0.0,0.0,0.03,0,0,0,0,0,0,0,0,0,0,0,0,0,0,0,0,0,0,0,0,0
1.514082670211792,0,0.0,0.0,0.0,0.0,0.0,0.0,0.0,0.0,0.03,0,0,0,0,0,0,0,0,0,0,0,0,0,0,0,0,0,0,0,0,0
1.5152132511138916,0,0.0,0.0,0.0,0.0,0.0,0.0,0.0,0.0,0.03,0,0,0,0,0,0,0,0,0,0,0,0,0,0,0,0,0,0,0,0,0
1.5163214206695557,0,0.0,0.0,0.0,0.0,0.0,0.0,0.0,0.0,0.03,0,0,0,0,0,0,0,0,0,0,0,0,0,0,0,0,0,0,0,0,0
1.5177175998687744,0,0.0,0.0,0.0,0.0,0.0,0.0,0.0,0.0,0.03,0,0,0,0,0,0,0,0,0,0,0,0,0,0,0,0,0,0,0,0,0
1.5197057723999023,0,0.0,0.0,0.0,0.0,0.0,0.0,0.0,0.0,0.03,0,0,0,0,0,0,0,0,0,0,0,0,0,0,0,0,0,0,0,0,0
1.5208065509796143,0,0.0,0.0,0.0,0.0,0.0,0.0,0.0,0.0,0.03,0,0,0,0,0,0,0,0,0,0,0,0,0,0,0,0,0,0,0,0,0
1.521902084350586,0,0.0,0.0,0.0,0.0,0.0,0.0,0.0,0.0,0.03,0,0,0,0,0,0,0,0,0,0,0,0,0,0,0,0,0,0,0,0,0
1.5230419635772705,0,0.0,0.0,0.0,0.0,0.0,0.0,0.0,0.0,0.03,0,0,0,0,0,0,0,0,0,0,0,0,0,0,0,0,0,0,0,0,0
1.5241999626159668,0,0.0,0.0,0.0,0.0,0.0,0.0,0.0,0.0,0.03,0,0,0,0,0,0,0,0,0,0,0,0,0,0,0,0,0,0,0,0,0
1.5254123210906982,0,0.0,0.0,0.0,0.0,0.0,0.0,0.0,0.0,0.03,0,0,0,0,0,0,0,0,0,0,0,0,0,0,0,0,0,0,0,0,0
1.5267021656036377,0,0.0,0.0,0.0,0.0,0.0,0.0,0.0,0.0,0.03,0,0,0,0,0,0,0,0,0,0,0,0,0,0,0,0,0,0,0,0,0
1.5283286571502686,0,0.0,0.0,0.0,0.0,0.0,0.0,0.0,0.0,0.03,0,0,0,0,0,0,0,0,0,0,0,0,0,0,0,0,0,0,0,0,0
1.529512882232666,0,0.0,0.0,0.0,0.0,0.0,0.0,0.0,0.0,0.03,0,0,0,0,0,0,0,0,0,0,0,0,0,0,0,0,0,0,0,0,0
1.5326025485992432,0,0.0,0.0,0.0,0.0,0.0,0.0,0.0,0.0,0.03,0,0,0,0,0,0,0,0,0,0,0,0,0,0,0,0,0,0,0,0,0
1.5338270664215088,0,0.0,0.0,0.0,0.0,0.0,0.0,0.0,0.0,0.03,0,0,0,0,0,0,0,0,0,0,0,0,0,0,0,0,0,0,0,0,0
1.5350754261016846,0,0.0,0.0,0.0,0.0,0.0,0.0,0.0,0.0,0.03,0,0,0,0,0,0,0,0,0,0,0,0,0,0,0,0,0,0,0,0,0
1.5369248390197754,0,0.0,0.0,0.0,0.0,0.0,0.0,0.0,0.0,0.03,0,0,0,0,0,0,0,0,0,0,0,0,0,0,0,0,0,0,0,0,0
1.538297414779663,0,0.0,0.0,0.0,0.0,0.0,0.0,0.0,0.0,0.03,0,0,0,0,0,0,0,0,0,0,0,0,0,0,0,0,0,0,0,0,0
1.5394728183746338,0,0.0,0.0,0.0,0.0,0.0,0.0,0.0,0.0,0.03,0,0,0,0,0,0,0,0,0,0,0,0,0,0,0,0,0,0,0,0,0
1.5408239364624023,0,0.0,0.0,0.0,0.0,0.0,0.0,0.0,0.0,0.03,0,0,0,0,0,0,0,0,0,0,0,0,0,0,0,0,0,0,0,0,0
1.5440270900726318,0,0.0,0.0,0.0,0.0,0.0,0.0,0.0,0.0,0.03,0,0,0,0,0,0,0,0,0,0,0,0,0,0,0,0,0,0,0,0,0
1.5455739498138428,0,0.0,0.0,0.0,0.0,0.0,0.0,0.0,0.0,0.03,0,0,0,0,0,0,0,0,0,0,0,0,0,0,0,0,0,0,0,0,0
1.547553539276123,0,0.0,0.0,0.0,0.0,0.0,0.0,0.0,0.0,0.03,0,0,0,0,0,0,0,0,0,0,0,0,0,0,0,0,0,0,0,0,0
1.5501141548156738,0,0.0,0.0,0.0,0.0,0.0,0.0,0.0,0.0,0.03,0,0,0,0,0,0,0,0,0,0,0,0,0,0,0,0,0,0,0,0,0
1.5515460968017578,0,0.0,0.0,0.0,0.0,0.0,0.0,0.0,0.0,0.03,0,0,0,0,0,0,0,0,0,0,0,0,0,0,0,0,0,0,0,0,0
1.5530188083648682,0,0.0,0.0,0.0,0.0,0.0,0.0,0.0,0.0,0.03,0,0,0,0,0,0,0,0,0,0,0,0,0,0,0,0,0,0,0,0,0
1.5543582439422607,0,0.0,0.0,0.0,0.0,0.0,0.0,0.0,0.0,0.03,0,0,0,0,0,0,0,0,0,0,0,0,0,0,0,0,0,0,0,0,0
1.5573744773864746,0,0.0,0.0,0.0,0.0,0.0,0.0,0.0,0.0,0.03,0,0,0,0,0,0,0,0,0,0,0,0,0,0,0,0,0,0,0,0,0
1.5587077140808105,0,0.0,0.0,0.0,0.0,0.0,0.0,0.0,0.0,0.03,0,0,0,0,0,0,0,0,0,0,0,0,0,0,0,0,0,0,0,0,0
1.5597679615020752,0,0.0,0.0,0.0,0.0,0.0,0.0,0.0,0.0,0.03,0,0,0,0,0,0,0,0,0,0,0,0,0,0,0,0,0,0,0,0,0
1.561065912246704,0,0.0,0.0,0.0,0.0,0.0,0.0,0.0,0.0,0.03,0,0,0,0,0,0,0,0,0,0,0,0,0,0,0,0,0,0,0,0,0
1.562206745147705,0,0.0,0.0,0.0,0.0,0.0,0.0,0.0,0.0,0.03,0,0,0,0,0,0,0,0,0,0,0,0,0,0,0,0,0,0,0,0,0
1.5633130073547363,0,0.0,0.0,0.0,0.0,0.0,0.0,0.0,0.0,0.03,0,0,0,0,0,0,0,0,0,0,0,0,0,0,0,0,0,0,0,0,0
1.5644598007202148,0,0.0,0.0,0.0,0.0,0.0,0.0,0.0,0.0,0.03,0,0,0,0,0,0,0,0,0,0,0,0,0,0,0,0,0,0,0,0,0
1.5655524730682373,0,0.0,0.0,0.0,0.0,0.0,0.0,0.0,0.0,0.03,0,0,0,0,0,0,0,0,0,0,0,0,0,0,0,0,0,0,0,0,0
1.566899061203003,0,0.0,0.0,0.0,0.0,0.0,0.0,0.0,0.0,0.03,0,0,0,0,0,0,0,0,0,0,0,0,0,0,0,0,0,0,0,0,0
1.5679848194122314,0,0.0,0.0,0.0,0.0,0.0,0.0,0.0,0.0,0.03,0,0,0,0,0,0,0,0,0,0,0,0,0,0,0,0,0,0,0,0,0
1.5691158771514893,0,0.0,0.0,0.0,0.0,0.0,0.0,0.0,0.0,0.03,0,0,0,0,0,0,0,0,0,0,0,0,0,0,0,0,0,0,0,0,0
1.5703856945037842,0,0.0,0.0,0.0,0.0,0.0,0.0,0.0,0.0,0.03,0,0,0,0,0,0,0,0,0,0,0,0,0,0,0,0,0,0,0,0,0
1.5733561515808105,0,0.0,0.0,0.0,0.0,0.0,0.0,0.0,0.0,0.03,0,0,0,0,0,0,0,0,0,0,0,0,0,0,0,0,0,0,0,0,0
1.5745577812194824,0,0.0,0.0,0.0,0.0,0.0,0.0,0.0,0.0,0.03,0,0,0,0,0,0,0,0,0,0,0,0,0,0,0,0,0,0,0,0,0
1.5757243633270264,0,0.0,0.0,0.0,0.0,0.0,0.0,0.0,0.0,0.03,0,0,0,0,0,0,0,0,0,0,0,0,0,0,0,0,0,0,0,0,0
1.577967643737793,0,0.0,0.0,0.0,0.0,0.0,0.0,0.0,0.0,0.03,0,0,0,0,0,0,0,0,0,0,0,0,0,0,0,0,0,0,0,0,0
1.5792262554168701,0,0.0,0.0,0.0,0.0,0.0,0.0,0.0,0.0,0.03,0,0,0,0,0,0,0,0,0,0,0,0,0,0,0,0,0,0,0,0,0
1.5803594589233398,0,0.0,0.0,0.0,0.0,0.0,0.0,0.0,0.0,0.03,0,0,0,0,0,0,0,0,0,0,0,0,0,0,0,0,0,0,0,0,0
1.5815141201019287,0,0.0,0.0,0.0,0.0,0.0,0.0,0.0,0.0,0.03,0,0,0,0,0,0,0,0,0,0,0,0,0,0,0,0,0,0,0,0,0
1.582932710647583,0,0.0,0.0,0.0,0.0,0.0,0.0,0.0,0.0,0.03,0,0,0,0,0,0,0,0,0,0,0,0,0,0,0,0,0,0,0,0,0
1.5840873718261719,0,0.0,0.0,0.0,0.0,0.0,0.0,0.0,0.0,0.03,0,0,0,0,0,0,0,0,0,0,0,0,0,0,0,0,0,0,0,0,0
1.5852305889129639,0,0.0,0.0,0.0,0.0,0.0,0.0,0.0,0.0,0.03,0,0,0,0,0,0,0,0,0,0,0,0,0,0,0,0,0,0,0,0,0
1.5863406658172607,0,0.0,0.0,0.0,0.0,0.0,0.0,0.0,0.0,0.03,0,0,0,0,0,0,0,0,0,0,0,0,0,0,0,0,0,0,0,0,0
1.5874297618865967,0,0.0,0.0,0.0,0.0,0.0,0.0,0.0,0.0,0.03,0,0,0,0,0,0,0,0,0,0,0,0,0,0,0,0,0,0,0,0,0
1.588594675064087,0,0.0,0.0,0.0,0.0,0.0,0.0,0.0,0.0,0.03,0,0,0,0,0,0,0,0,0,0,0,0,0,0,0,0,0,0,0,0,0
1.5897979736328125,0,0.0,0.0,0.0,0.0,0.0,0.0,0.0,0.0,0.03,0,0,0,0,0,0,0,0,0,0,0,0,0,0,0,0,0,0,0,0,0
1.5928997993469238,0,0.0,0.0,0.0,0.0,0.0,0.0,0.0,0.0,0.03,0,0,0,0,0,0,0,0,0,0,0,0,0,0,0,0,0,0,0,0,0
1.594135046005249,0,0.0,0.0,0.0,0.0,0.0,0.0,0.0,0.0,0.03,0,0,0,0,0,0,0,0,0,0,0,0,0,0,0,0,0,0,0,0,0
1.5954041481018066,0,0.0,0.0,0.0,0.0,0.0,0.0,0.0,0.0,0.03,0,0,0,0,0,0,0,0,0,0,0,0,0,0,0,0,0,0,0,0,0
1.5972423553466797,0,0.0,0.0,0.0,0.0,0.0,0.0,0.0,0.0,0.03,0,0,0,0,0,0,0,0,0,0,0,0,0,0,0,0,0,0,0,0,0
1.598341464996338,0,0.0,0.0,0.0,0.0,0.0,0.0,0.0,0.0,0.03,0,0,0,0,0,0,0,0,0,0,0,0,0,0,0,0,0,0,0,0,0
1.5999794006347656,0,0.0,0.0,0.0,0.0,0.0,0.0,0.0,0.0,0.03,0,0,0,0,0,0,0,0,0,0,0,0,0,0,0,0,0,0,0,0,0
1.6010823249816895,0,0.0,0.0,0.0,0.0,0.0,0.0,0.0,0.0,0.03,0,0,0,0,0,0,0,0,0,0,0,0,0,0,0,0,0,0,0,0,0
1.6048378944396973,0,0.0,0.0,0.0,0.0,0.0,0.0,0.0,0.0,0.03,0,0,0,0,0,0,0,0,0,0,0,0,0,0,0,0,0,0,0,0,0
1.6061201095581055,0,0.0,0.0,0.0,0.0,0.0,0.0,0.0,0.0,0.03,0,0,0,0,0,0,0,0,0,0,0,0,0,0,0,0,0,0,0,0,0
1.6098685264587402,0,0.0,0.0,0.0,0.0,0.0,0.0,0.0,0.0,0.03,0,0,0,0,0,0,0,0,0,0,0,0,0,0,0,0,0,0,0,0,0
1.6113643646240234,0,0.0,0.0,0.0,0.0,0.0,0.0,0.0,0.0,0.03,0,0,0,0,0,0,0,0,0,0,0,0,0,0,0,0,0,0,0,0,0
1.612790584564209,0,0.0,0.0,0.0,0.0,0.0,0.0,0.0,0.0,0.03,0,0,0,0,0,0,0,0,0,0,0,0,0,0,0,0,0,0,0,0,0
1.6141986846923828,0,0.0,0.0,0.0,0.0,0.0,0.0,0.0,0.0,0.03,0,0,0,0,0,0,0,0,0,0,0,0,0,0,0,0,0,0,0,0,0
1.61549973487854,0,0.0,0.0,0.0,0.0,0.0,0.0,0.0,0.0,0.03,0,0,0,0,0,0,0,0,0,0,0,0,0,0,0,0,0,0,0,0,0
1.6169021129608154,0,0.0,0.0,0.0,0.0,0.0,0.0,0.0,0.0,0.03,0,0,0,0,0,0,0,0,0,0,0,0,0,0,0,0,0,0,0,0,0
1.6180543899536133,0,0.0,0.0,0.0,0.0,0.0,0.0,0.0,0.0,0.03,0,0,0,0,0,0,0,0,0,0,0,0,0,0,0,0,0,0,0,0,0
1.619170904159546,0,0.0,0.0,0.0,0.0,0.0,0.0,0.0,0.0,0.03,0,0,0,0,0,0,0,0,0,0,0,0,0,0,0,0,0,0,0,0,0
1.6202569007873535,0,0.0,0.0,0.0,0.0,0.0,0.0,0.0,0.0,0.03,0,0,0,0,0,0,0,0,0,0,0,0,0,0,0,0,0,0,0,0,0
1.621558427810669,0,0.0,0.0,0.0,0.0,0.0,0.0,0.0,0.0,0.03,0,0,0,0,0,0,0,0,0,0,0,0,0,0,0,0,0,0,0,0,0
1.6226518154144287,0,0.0,0.0,0.0,0.0,0.0,0.0,0.0,0.0,0.03,0,0,0,0,0,0,0,0,0,0,0,0,0,0,0,0,0,0,0,0,0
1.6239306926727295,0,0.0,0.0,0.0,0.0,0.0,0.0,0.0,0.0,0.03,0,0,0,0,0,0,0,0,0,0,0,0,0,0,0,0,0,0,0,0,0
1.6250698566436768,0,0.0,0.0,0.0,0.0,0.0,0.0,0.0,0.0,0.03,0,0,0,0,0,0,0,0,0,0,0,0,0,0,0,0,0,0,0,0,0
1.6261439323425293,0,0.0,0.0,0.0,0.0,0.0,0.0,0.0,0.0,0.03,0,0,0,0,0,0,0,0,0,0,0,0,0,0,0,0,0,0,0,0,0
1.6275062561035156,0,0.0,0.0,0.0,0.0,0.0,0.0,0.0,0.0,0.03,0,0,0,0,0,0,0,0,0,0,0,0,0,0,0,0,0,0,0,0,0
1.6296753883361816,0,0.0,0.0,0.0,0.0,0.0,0.0,0.0,0.0,0.03,0,0,0,0,0,0,0,0,0,0,0,0,0,0,0,0,0,0,0,0,0
1.633042812347412,0,0.0,0.0,0.0,0.0,0.0,0.0,0.0,0.0,0.03,0,0,0,0,0,0,0,0,0,0,0,0,0,0,0,0,0,0,0,0,0
1.6345617771148682,0,0.0,0.0,0.0,0.0,0.0,0.0,0.0,0.0,0.03,0,0,0,0,0,0,0,0,0,0,0,0,0,0,0,0,0,0,0,0,0
1.635681390762329,0,0.0,0.0,0.0,0.0,0.0,0.0,0.0,0.0,0.03,0,0,0,0,0,0,0,0,0,0,0,0,0,0,0,0,0,0,0,0,0
1.6368060111999512,0,0.0,0.0,0.0,0.0,0.0,0.0,0.0,0.0,0.03,0,0,0,0,0,0,0,0,0,0,0,0,0,0,0,0,0,0,0,0,0
1.6379435062408447,0,0.0,0.0,0.0,0.0,0.0,0.0,0.0,0.0,0.03,0,0,0,0,0,0,0,0,0,0,0,0,0,0,0,0,0,0,0,0,0
1.6391026973724365,0,0.0,0.0,0.0,0.0,0.0,0.0,0.0,0.0,0.03,0,0,0,0,0,0,0,0,0,0,0,0,0,0,0,0,0,0,0,0,0
1.6406669616699219,0,0.0,0.0,0.0,0.0,0.0,0.0,0.0,0.0,0.03,0,0,0,0,0,0,0,0,0,0,0,0,0,0,0,0,0,0,0,0,0
1.6420557498931885,0,0.0,0.0,0.0,0.0,0.0,0.0,0.0,0.0,0.03,0,0,0,0,0,0,0,0,0,0,0,0,0,0,0,0,0,0,0,0,0
1.6432349681854248,0,0.0,0.0,0.0,0.0,0.0,0.0,0.0,0.0,0.03,0,0,0,0,0,0,0,0,0,0,0,0,0,0,0,0,0,0,0,0,0
1.6443941593170166,0,0.0,0.0,0.0,0.0,0.0,0.0,0.0,0.0,0.03,0,0,0,0,0,0,0,0,0,0,0,0,0,0,0,0,0,0,0,0,0
1.6455702781677246,0,0.0,0.0,0.0,0.0,0.0,0.0,0.0,0.0,0.03,0,0,0,0,0,0,0,0,0,0,0,0,0,0,0,0,0,0,0,0,0
1.6469476222991943,0,0.0,0.0,0.0,0.0,0.0,0.0,0.0,0.0,0.03,0,0,0,0,0,0,0,0,0,0,0,0,0,0,0,0,0,0,0,0,0
1.6480333805084229,0,0.0,0.0,0.0,0.0,0.0,0.0,0.0,0.0,0.03,0,0,0,0,0,0,0,0,0,0,0,0,0,0,0,0,0,0,0,0,0
1.6494228839874268,0,0.0,0.0,0.0,0.0,0.0,0.0,0.0,0.0,0.03,0,0,0,0,0,0,0,0,0,0,0,0,0,0,0,0,0,0,0,0,0
1.650634765625,0,0.0,0.0,0.0,0.0,0.0,0.0,0.0,0.0,0.03,0,0,0,0,0,0,0,0,0,0,0,0,0,0,0,0,0,0,0,0,0
1.6524970531463623,0,0.0,0.0,0.0,0.0,0.0,0.0,0.0,0.0,0.03,0,0,0,0,0,0,0,0,0,0,0,0,0,0,0,0,0,0,0,0,0
1.6539063453674316,0,0.0,0.0,0.0,0.0,0.0,0.0,0.0,0.0,0.03,0,0,0,0,0,0,0,0,0,0,0,0,0,0,0,0,0,0,0,0,0
1.655097484588623,0,0.0,0.0,0.0,0.0,0.0,0.0,0.0,0.0,0.03,0,0,0,0,0,0,0,0,0,0,0,0,0,0,0,0,0,0,0,0,0
1.6568427085876465,0,0.0,0.0,0.0,0.0,0.0,0.0,0.0,0.0,0.03,0,0,0,0,0,0,0,0,0,0,0,0,0,0,0,0,0,0,0,0,0
1.658200740814209,0,0.0,0.0,0.0,0.0,0.0,0.0,0.0,0.0,0.03,0,0,0,0,0,0,0,0,0,0,0,0,0,0,0,0,0,0,0,0,0
1.6593494415283203,0,0.0,0.0,0.0,0.0,0.0,0.0,0.0,0.0,0.03,0,0,0,0,0,0,0,0,0,0,0,0,0,0,0,0,0,0,0,0,0
1.660682201385498,0,0.0,0.0,0.0,0.0,0.0,0.0,0.0,0.0,0.03,0,0,0,0,0,0,0,0,0,0,0,0,0,0,0,0,0,0,0,0,0
1.6618783473968506,0,0.0,0.0,0.0,0.0,0.0,0.0,0.0,0.0,0.03,0,0,0,0,0,0,0,0,0,0,0,0,0,0,0,0,0,0,0,0,0
1.66583251953125,0,0.0,0.0,0.0,0.0,0.0,0.0,0.0,0.0,0.03,0,0,0,0,0,0,0,0,0,0,0,0,0,0,0,0,0,0,0,0,0
1.6671247482299805,0,0.0,0.0,0.0,0.0,0.0,0.0,0.0,0.0,0.03,0,0,0,0,0,0,0,0,0,0,0,0,0,0,0,0,0,0,0,0,0
1.6693248748779297,0,0.0,0.0,0.0,0.0,0.0,0.0,0.0,0.0,0.03,0,0,0,0,0,0,0,0,0,0,0,0,0,0,0,0,0,0,0,0,0
1.6713714599609375,0,0.0,0.0,0.0,0.0,0.0,0.0,0.0,0.0,0.03,0,0,0,0,0,0,0,0,0,0,0,0,0,0,0,0,0,0,0,0,0
1.6728429794311523,0,0.0,0.0,0.0,0.0,0.0,0.0,0.0,0.0,0.03,0,0,0,0,0,0,0,0,0,0,0,0,0,0,0,0,0,0,0,0,0
1.6739835739135742,0,0.0,0.0,0.0,0.0,0.0,0.0,0.0,0.0,0.03,0,0,0,0,0,0,0,0,0,0,0,0,0,0,0,0,0,0,0,0,0
1.675309658050537,0,0.0,0.0,0.0,0.0,0.0,0.0,0.0,0.0,0.03,0,0,0,0,0,0,0,0,0,0,0,0,0,0,0,0,0,0,0,0,0
1.67783784866333,0,0.0,0.0,0.0,0.0,0.0,0.0,0.0,0.0,0.03,0,0,0,0,0,0,0,0,0,0,0,0,0,0,0,0,0,0,0,0,0
1.6791777610778809,0,0.0,0.0,0.0,0.0,0.0,0.0,0.0,0.0,0.03,0,0,0,0,0,0,0,0,0,0,0,0,0,0,0,0,0,0,0,0,0
1.680506944656372,0,0.0,0.0,0.0,0.0,0.0,0.0,0.0,0.0,0.03,0,0,0,0,0,0,0,0,0,0,0,0,0,0,0,0,0,0,0,0,0
1.6817824840545654,0,0.0,0.0,0.0,0.0,0.0,0.0,0.0,0.0,0.03,0,0,0,0,0,0,0,0,0,0,0,0,0,0,0,0,0,0,0,0,0
1.6828804016113281,0,0.0,0.0,0.0,0.0,0.0,0.0,0.0,0.0,0.03,0,0,0,0,0,0,0,0,0,0,0,0,0,0,0,0,0,0,0,0,0
1.6840052604675293,0,0.0,0.0,0.0,0.0,0.0,0.0,0.0,0.0,0.03,0,0,0,0,0,0,0,0,0,0,0,0,0,0,0,0,0,0,0,0,0
1.6852223873138428,0,0.0,0.0,0.0,0.0,0.0,0.0,0.0,0.0,0.03,0,0,0,0,0,0,0,0,0,0,0,0,0,0,0,0,0,0,0,0,0
1.686311960220337,0,0.0,0.0,0.0,0.0,0.0,0.0,0.0,0.0,0.03,0,0,0,0,0,0,0,0,0,0,0,0,0,0,0,0,0,0,0,0,0
1.6874635219573975,0,0.0,0.0,0.0,0.0,0.0,0.0,0.0,0.0,0.03,0,0,0,0,0,0,0,0,0,0,0,0,0,0,0,0,0,0,0,0,0
1.68855619430542,0,0.0,0.0,0.0,0.0,0.0,0.0,0.0,0.0,0.03,0,0,0,0,0,0,0,0,0,0,0,0,0,0,0,0,0,0,0,0,0
1.6908774375915527,0,0.0,0.0,0.0,0.0,0.0,0.0,0.0,0.0,0.03,0,0,0,0,0,0,0,0,0,0,0,0,0,0,0,0,0,0,0,0,0
1.6919410228729248,0,0.0,0.0,0.0,0.0,0.0,0.0,0.0,0.0,0.03,0,0,0,0,0,0,0,0,0,0,0,0,0,0,0,0,0,0,0,0,0
1.694035291671753,0,0.0,0.0,0.0,0.0,0.0,0.0,0.0,0.0,0.03,0,0,0,0,0,0,0,0,0,0,0,0,0,0,0,0,0,0,0,0,0
1.6951558589935303,0,0.0,0.0,0.0,0.0,0.0,0.0,0.0,0.0,0.03,0,0,0,0,0,0,0,0,0,0,0,0,0,0,0,0,0,0,0,0,0
1.6963396072387695,0,0.0,0.0,0.0,0.0,0.0,0.0,0.0,0.0,0.03,0,0,0,0,0,0,0,0,0,0,0,0,0,0,0,0,0,0,0,0,0
1.6975059509277344,0,0.0,0.0,0.0,0.0,0.0,0.0,0.0,0.0,0.03,0,0,0,0,0,0,0,0,0,0,0,0,0,0,0,0,0,0,0,0,0
1.6989693641662598,0,0.0,0.0,0.0,0.0,0.0,0.0,0.0,0.0,0.03,0,0,0,0,0,0,0,0,0,0,0,0,0,0,0,0,0,0,0,0,0
1.7005200386047363,0,0.0,0.0,0.0,0.0,0.0,0.0,0.0,0.0,0.03,0,0,0,0,0,0,0,0,0,0,0,0,0,0,0,0,0,0,0,0,0
1.701899528503418,0,0.0,0.0,0.0,0.0,0.0,0.0,0.0,0.0,0.03,0,0,0,0,0,0,0,0,0,0,0,0,0,0,0,0,0,0,0,0,0
1.7041900157928467,0,0.0,0.0,0.0,0.0,0.0,0.0,0.0,0.0,0.03,0,0,0,0,0,0,0,0,0,0,0,0,0,0,0,0,0,0,0,0,0
1.7053284645080566,0,0.0,0.0,0.0,0.0,0.0,0.0,0.0,0.0,0.03,0,0,0,0,0,0,0,0,0,0,0,0,0,0,0,0,0,0,0,0,0
1.7064728736877441,0,0.0,0.0,0.0,0.0,0.0,0.0,0.0,0.0,0.03,0,0,0,0,0,0,0,0,0,0,0,0,0,0,0,0,0,0,0,0,0
1.7078266143798828,0,0.0,0.0,0.0,0.0,0.0,0.0,0.0,0.0,0.03,0,0,0,0,0,0,0,0,0,0,0,0,0,0,0,0,0,0,0,0,0
1.7088890075683594,0,0.0,0.0,0.0,0.0,0.0,0.0,0.0,0.0,0.03,0,0,0,0,0,0,0,0,0,0,0,0,0,0,0,0,0,0,0,0,0
1.7102329730987549,0,0.0,0.0,0.0,0.0,0.0,0.0,0.0,0.0,0.03,0,0,0,0,0,0,0,0,0,0,0,0,0,0,0,0,0,0,0,0,0
1.7118313312530518,0,0.0,0.0,0.0,0.0,0.0,0.0,0.0,0.0,0.03,0,0,0,0,0,0,0,0,0,0,0,0,0,0,0,0,0,0,0,0,0
1.713381290435791,0,0.0,0.0,0.0,0.0,0.0,0.0,0.0,0.0,0.03,0,0,0,0,0,0,0,0,0,0,0,0,0,0,0,0,0,0,0,0,0
1.714730978012085,0,0.0,0.0,0.0,0.0,0.0,0.0,0.0,0.0,0.03,0,0,0,0,0,0,0,0,0,0,0,0,0,0,0,0,0,0,0,0,0
1.7160894870758057,0,0.0,0.0,0.0,0.0,0.0,0.0,0.0,0.0,0.03,0,0,0,0,0,0,0,0,0,0,0,0,0,0,0,0,0,0,0,0,0
1.7180747985839844,0,0.0,0.0,0.0,0.0,0.0,0.0,0.0,0.0,0.03,0,0,0,0,0,0,0,0,0,0,0,0,0,0,0,0,0,0,0,0,0
1.7192165851593018,0,0.0,0.0,0.0,0.0,0.0,0.0,0.0,0.0,0.03,0,0,0,0,0,0,0,0,0,0,0,0,0,0,0,0,0,0,0,0,0
1.7203474044799805,0,0.0,0.0,0.0,0.0,0.0,0.0,0.0,0.0,0.03,0,0,0,0,0,0,0,0,0,0,0,0,0,0,0,0,0,0,0,0,0
1.722057819366455,0,0.0,0.0,0.0,0.0,0.0,0.0,0.0,0.0,0.03,0,0,0,0,0,0,0,0,0,0,0,0,0,0,0,0,0,0,0,0,0
1.7231566905975342,0,0.0,0.0,0.0,0.0,0.0,0.0,0.0,0.0,0.03,0,0,0,0,0,0,0,0,0,0,0,0,0,0,0,0,0,0,0,0,0
1.7267918586730957,0,0.0,0.0,0.0,0.0,0.0,0.0,0.0,0.0,0.03,0,0,0,0,0,0,0,0,0,0,0,0,0,0,0,0,0,0,0,0,0
1.7280972003936768,0,0.0,0.0,0.0,0.0,0.0,0.0,0.0,0.0,0.03,0,0,0,0,0,0,0,0,0,0,0,0,0,0,0,0,0,0,0,0,0
1.729315996170044,0,0.0,0.0,0.0,0.0,0.0,0.0,0.0,0.0,0.03,0,0,0,0,0,0,0,0,0,0,0,0,0,0,0,0,0,0,0,0,0
1.7305796146392822,0,0.0,0.0,0.0,0.0,0.0,0.0,0.0,0.0,0.03,0,0,0,0,0,0,0,0,0,0,0,0,0,0,0,0,0,0,0,0,0
1.7317428588867188,0,0.0,0.0,0.0,0.0,0.0,0.0,0.0,0.0,0.03,0,0,0,0,0,0,0,0,0,0,0,0,0,0,0,0,0,0,0,0,0
1.733346700668335,0,0.0,0.0,0.0,0.0,0.0,0.0,0.0,0.0,0.03,0,0,0,0,0,0,0,0,0,0,0,0,0,0,0,0,0,0,0,0,0
1.734438419342041,0,0.0,0.0,0.0,0.0,0.0,0.0,0.0,0.0,0.03,0,0,0,0,0,0,0,0,0,0,0,0,0,0,0,0,0,0,0,0,0
1.7358646392822266,0,0.0,0.0,0.0,0.0,0.0,0.0,0.0,0.0,0.03,0,0,0,0,0,0,0,0,0,0,0,0,0,0,0,0,0,0,0,0,0
1.7373359203338623,0,0.0,0.0,0.0,0.0,0.0,0.0,0.0,0.0,0.03,0,0,0,0,0,0,0,0,0,0,0,0,0,0,0,0,0,0,0,0,0
1.739102840423584,0,0.0,0.0,0.0,0.0,0.0,0.0,0.0,0.0,0.03,0,0,0,0,0,0,0,0,0,0,0,0,0,0,0,0,0,0,0,0,0
1.7407760620117188,0,0.0,0.0,0.0,0.0,0.0,0.0,0.0,0.0,0.03,0,0,0,0,0,0,0,0,0,0,0,0,0,0,0,0,0,0,0,0,0
1.7418889999389648,0,0.0,0.0,0.0,0.0,0.0,0.0,0.0,0.0,0.03,0,0,0,0,0,0,0,0,0,0,0,0,0,0,0,0,0,0,0,0,0
1.7432029247283936,0,0.0,0.0,0.0,0.0,0.0,0.0,0.0,0.0,0.03,0,0,0,0,0,0,0,0,0,0,0,0,0,0,0,0,0,0,0,0,0
1.7443604469299316,0,0.0,0.0,0.0,0.0,0.0,0.0,0.0,0.0,0.03,0,0,0,0,0,0,0,0,0,0,0,0,0,0,0,0,0,0,0,0,0
1.7455954551696777,0,0.0,0.0,0.0,0.0,0.0,0.0,0.0,0.0,0.03,0,0,0,0,0,0,0,0,0,0,0,0,0,0,0,0,0,0,0,0,0
1.7467405796051025,0,0.0,0.0,0.0,0.0,0.0,0.0,0.0,0.0,0.03,0,0,0,0,0,0,0,0,0,0,0,0,0,0,0,0,0,0,0,0,0
1.7478375434875488,0,0.0,0.0,0.0,0.0,0.0,0.0,0.0,0.0,0.03,0,0,0,0,0,0,0,0,0,0,0,0,0,0,0,0,0,0,0,0,0
1.748922348022461,0,0.0,0.0,0.0,0.0,0.0,0.0,0.0,0.0,0.03,0,0,0,0,0,0,0,0,0,0,0,0,0,0,0,0,0,0,0,0,0
1.7500135898590088,0,0.0,0.0,0.0,0.0,0.0,0.0,0.0,0.0,0.03,0,0,0,0,0,0,0,0,0,0,0,0,0,0,0,0,0,0,0,0,0
1.7515044212341309,0,0.0,0.0,0.0,0.0,0.0,0.0,0.0,0.0,0.03,0,0,0,0,0,0,0,0,0,0,0,0,0,0,0,0,0,0,0,0,0
1.7530899047851562,0,0.0,0.0,0.0,0.0,0.0,0.0,0.0,0.0,0.03,0,0,0,0,0,0,0,0,0,0,0,0,0,0,0,0,0,0,0,0,0
1.7558488845825195,0,0.0,0.0,0.0,0.0,0.0,0.0,0.0,0.0,0.03,0,0,0,0,0,0,0,0,0,0,0,0,0,0,0,0,0,0,0,0,0
1.7570264339447021,0,0.0,0.0,0.0,0.0,0.0,0.0,0.0,0.0,0.03,0,0,0,0,0,0,0,0,0,0,0,0,0,0,0,0,0,0,0,0,0
1.758281946182251,0,0.0,0.0,0.0,0.0,0.0,0.0,0.0,0.0,0.03,0,0,0,0,0,0,0,0,0,0,0,0,0,0,0,0,0,0,0,0,0
1.7595641613006592,0,0.0,0.0,0.0,0.0,0.0,0.0,0.0,0.0,0.03,0,0,0,0,0,0,0,0,0,0,0,0,0,0,0,0,0,0,0,0,0
1.7609188556671143,0,0.0,0.0,0.0,0.0,0.0,0.0,0.0,0.0,0.03,0,0,0,0,0,0,0,0,0,0,0,0,0,0,0,0,0,0,0,0,0
1.762199878692627,0,0.0,0.0,0.0,0.0,0.0,0.0,0.0,0.0,0.03,0,0,0,0,0,0,0,0,0,0,0,0,0,0,0,0,0,0,0,0,0
1.7632992267608643,0,0.0,0.0,0.0,0.0,0.0,0.0,0.0,0.0,0.03,0,0,0,0,0,0,0,0,0,0,0,0,0,0,0,0,0,0,0,0,0
1.7646667957305908,0,0.0,0.0,0.0,0.0,0.0,0.0,0.0,0.0,0.03,0,0,0,0,0,0,0,0,0,0,0,0,0,0,0,0,0,0,0,0,0
1.7661631107330322,0,0.0,0.0,0.0,0.0,0.0,0.0,0.0,0.0,0.03,0,0,0,0,0,0,0,0,0,0,0,0,0,0,0,0,0,0,0,0,0
1.7673156261444092,0,0.0,0.0,0.0,0.0,0.0,0.0,0.0,0.0,0.03,0,0,0,0,0,0,0,0,0,0,0,0,0,0,0,0,0,0,0,0,0
1.7684094905853271,0,0.0,0.0,0.0,0.0,0.0,0.0,0.0,0.0,0.03,0,0,0,0,0,0,0,0,0,0,0,0,0,0,0,0,0,0,0,0,0
1.7694892883300781,0,0.0,0.0,0.0,0.0,0.0,0.0,0.0,0.0,0.03,0,0,0,0,0,0,0,0,0,0,0,0,0,0,0,0,0,0,0,0,0
1.7725005149841309,0,0.0,0.0,0.0,0.0,0.0,0.0,0.0,0.0,0.03,0,0,0,0,0,0,0,0,0,0,0,0,0,0,0,0,0,0,0,0,0
1.7745118141174316,0,0.0,0.0,0.0,0.0,0.0,0.0,0.0,0.0,0.03,0,0,0,0,0,0,0,0,0,0,0,0,0,0,0,0,0,0,0,0,0
1.7758030891418457,0,0.0,0.0,0.0,0.0,0.0,0.0,0.0,0.0,0.03,0,0,0,0,0,0,0,0,0,0,0,0,0,0,0,0,0,0,0,0,0
1.7769091129302979,0,0.0,0.0,0.0,0.0,0.0,0.0,0.0,0.0,0.03,0,0,0,0,0,0,0,0,0,0,0,0,0,0,0,0,0,0,0,0,0
1.778580665588379,0,0.0,0.0,0.0,0.0,0.0,0.0,0.0,0.0,0.03,0,0,0,0,0,0,0,0,0,0,0,0,0,0,0,0,0,0,0,0,0
1.7798089981079102,0,0.0,0.0,0.0,0.0,0.0,0.0,0.0,0.0,0.03,0,0,0,0,0,0,0,0,0,0,0,0,0,0,0,0,0,0,0,0,0
1.78090238571167,0,0.0,0.0,0.0,0.0,0.0,0.0,0.0,0.0,0.03,0,0,0,0,0,0,0,0,0,0,0,0,0,0,0,0,0,0,0,0,0
1.781994104385376,0,0.0,0.0,0.0,0.0,0.0,0.0,0.0,0.0,0.03,0,0,0,0,0,0,0,0,0,0,0,0,0,0,0,0,0,0,0,0,0
1.7833313941955566,0,0.0,0.0,0.0,0.0,0.0,0.0,0.0,0.0,0.03,0,0,0,0,0,0,0,0,0,0,0,0,0,0,0,0,0,0,0,0,0
1.787243127822876,0,0.0,0.0,0.0,0.0,0.0,0.0,0.0,0.0,0.03,0,0,0,0,0,0,0,0,0,0,0,0,0,0,0,0,0,0,0,0,0
1.7884292602539062,0,0.0,0.0,0.0,0.0,0.0,0.0,0.0,0.0,0.03,0,0,0,0,0,0,0,0,0,0,0,0,0,0,0,0,0,0,0,0,0
1.7904396057128906,0,0.0,0.0,0.0,0.0,0.0,0.0,0.0,0.0,0.03,0,0,0,0,0,0,0,0,0,0,0,0,0,0,0,0,0,0,0,0,0
1.793045997619629,0,0.0,0.0,0.0,0.0,0.0,0.0,0.0,0.0,0.03,0,0,0,0,0,0,0,0,0,0,0,0,0,0,0,0,0,0,0,0,0
1.795236349105835,0,0.0,0.0,0.0,0.0,0.0,0.0,0.0,0.0,0.03,0,0,0,0,0,0,0,0,0,0,0,0,0,0,0,0,0,0,0,0,0
1.7963931560516357,0,0.0,0.0,0.0,0.0,0.0,0.0,0.0,0.0,0.03,0,0,0,0,0,0,0,0,0,0,0,0,0,0,0,0,0,0,0,0,0
1.7978765964508057,0,0.0,0.0,0.0,0.0,0.0,0.0,0.0,0.0,0.03,0,0,0,0,0,0,0,0,0,0,0,0,0,0,0,0,0,0,0,0,0
1.7990362644195557,0,0.0,0.0,0.0,0.0,0.0,0.0,0.0,0.0,0.03,0,0,0,0,0,0,0,0,0,0,0,0,0,0,0,0,0,0,0,0,0
1.8003864288330078,0,0.0,0.0,0.0,0.0,0.0,0.0,0.0,0.0,0.03,0,0,0,0,0,0,0,0,0,0,0,0,0,0,0,0,0,0,0,0,0
1.8015773296356201,0,0.0,0.0,0.0,0.0,0.0,0.0,0.0,0.0,0.03,0,0,0,0,0,0,0,0,0,0,0,0,0,0,0,0,0,0,0,0,0
1.8028502464294434,0,0.0,0.0,0.0,0.0,0.0,0.0,0.0,0.0,0.03,0,0,0,0,0,0,0,0,0,0,0,0,0,0,0,0,0,0,0,0,0
1.8039617538452148,0,0.0,0.0,0.0,0.0,0.0,0.0,0.0,0.0,0.03,0,0,0,0,0,0,0,0,0,0,0,0,0,0,0,0,0,0,0,0,0
1.805457592010498,0,0.0,0.0,0.0,0.0,0.0,0.0,0.0,0.0,0.03,0,0,0,0,0,0,0,0,0,0,0,0,0,0,0,0,0,0,0,0,0
1.8065648078918457,0,0.0,0.0,0.0,0.0,0.0,0.0,0.0,0.0,0.03,0,0,0,0,0,0,0,0,0,0,0,0,0,0,0,0,0,0,0,0,0
1.8076872825622559,0,0.0,0.0,0.0,0.0,0.0,0.0,0.0,0.0,0.03,0,0,0,0,0,0,0,0,0,0,0,0,0,0,0,0,0,0,0,0,0
1.8087751865386963,0,0.0,0.0,0.0,0.0,0.0,0.0,0.0,0.0,0.03,0,0,0,0,0,0,0,0,0,0,0,0,0,0,0,0,0,0,0,0,0
1.8098554611206055,0,0.0,0.0,0.0,0.0,0.0,0.0,0.0,0.0,0.03,0,0,0,0,0,0,0,0,0,0,0,0,0,0,0,0,0,0,0,0,0
1.8110737800598145,0,0.0,0.0,0.0,0.0,0.0,0.0,0.0,0.0,0.03,0,0,0,0,0,0,0,0,0,0,0,0,0,0,0,0,0,0,0,0,0
1.8122553825378418,0,0.0,0.0,0.0,0.0,0.0,0.0,0.0,0.0,0.03,0,0,0,0,0,0,0,0,0,0,0,0,0,0,0,0,0,0,0,0,0
1.8133375644683838,0,0.0,0.0,0.0,0.0,0.0,0.0,0.0,0.0,0.03,0,0,0,0,0,0,0,0,0,0,0,0,0,0,0,0,0,0,0,0,0
1.8145716190338135,0,0.0,0.0,0.0,0.0,0.0,0.0,0.0,0.0,0.03,0,0,0,0,0,0,0,0,0,0,0,0,0,0,0,0,0,0,0,0,0
1.8167312145233154,0,0.0,0.0,0.0,0.0,0.0,0.0,0.0,0.0,0.03,0,0,0,0,0,0,0,0,0,0,0,0,0,0,0,0,0,0,0,0,0
1.8191618919372559,0,0.0,0.0,0.0,0.0,0.0,0.0,0.0,0.0,0.03,0,0,0,0,0,0,0,0,0,0,0,0,0,0,0,0,0,0,0,0,0
1.8203706741333008,0,0.0,0.0,0.0,0.0,0.0,0.0,0.0,0.0,0.03,0,0,0,0,0,0,0,0,0,0,0,0,0,0,0,0,0,0,0,0,0
1.821622371673584,0,0.0,0.0,0.0,0.0,0.0,0.0,0.0,0.0,0.03,0,0,0,0,0,0,0,0,0,0,0,0,0,0,0,0,0,0,0,0,0
1.8227052688598633,0,0.0,0.0,0.0,0.0,0.0,0.0,0.0,0.0,0.03,0,0,0,0,0,0,0,0,0,0,0,0,0,0,0,0,0,0,0,0,0
1.8238496780395508,0,0.0,0.0,0.0,0.0,0.0,0.0,0.0,0.0,0.03,0,0,0,0,0,0,0,0,0,0,0,0,0,0,0,0,0,0,0,0,0
1.8251056671142578,0,0.0,0.0,0.0,0.0,0.0,0.0,0.0,0.0,0.03,0,0,0,0,0,0,0,0,0,0,0,0,0,0,0,0,0,0,0,0,0
1.826202630996704,0,0.0,0.0,0.0,0.0,0.0,0.0,0.0,0.0,0.03,0,0,0,0,0,0,0,0,0,0,0,0,0,0,0,0,0,0,0,0,0
1.8282489776611328,0,0.0,0.0,0.0,0.0,0.0,0.0,0.0,0.0,0.03,0,0,0,0,0,0,0,0,0,0,0,0,0,0,0,0,0,0,0,0,0
1.8294081687927246,0,0.0,0.0,0.0,0.0,0.0,0.0,0.0,0.0,0.03,0,0,0,0,0,0,0,0,0,0,0,0,0,0,0,0,0,0,0,0,0
1.8305680751800537,0,0.0,0.0,0.0,0.0,0.0,0.0,0.0,0.0,0.03,0,0,0,0,0,0,0,0,0,0,0,0,0,0,0,0,0,0,0,0,0
1.8316938877105713,0,0.0,0.0,0.0,0.0,0.0,0.0,0.0,0.0,0.03,0,0,0,0,0,0,0,0,0,0,0,0,0,0,0,0,0,0,0,0,0
1.832777500152588,0,0.0,0.0,0.0,0.0,0.0,0.0,0.0,0.0,0.03,0,0,0,0,0,0,0,0,0,0,0,0,0,0,0,0,0,0,0,0,0
1.8339972496032715,0,0.0,0.0,0.0,0.0,0.0,0.0,0.0,0.0,0.03,0,0,0,0,0,0,0,0,0,0,0,0,0,0,0,0,0,0,0,0,0
1.8355929851531982,0,0.0,0.0,0.0,0.0,0.0,0.0,0.0,0.0,0.03,0,0,0,0,0,0,0,0,0,0,0,0,0,0,0,0,0,0,0,0,0
1.8378932476043701,0,0.0,0.0,0.0,0.0,0.0,0.0,0.0,0.0,0.03,0,0,0,0,0,0,0,0,0,0,0,0,0,0,0,0,0,0,0,0,0
1.8392868041992188,0,0.0,0.0,0.0,0.0,0.0,0.0,0.0,0.0,0.03,0,0,0,0,0,0,0,0,0,0,0,0,0,0,0,0,0,0,0,0,0
1.840996265411377,0,0.0,0.0,0.0,0.0,0.0,0.0,0.0,0.0,0.03,0,0,0,0,0,0,0,0,0,0,0,0,0,0,0,0,0,0,0,0,0
1.843013048171997,0,0.0,0.0,0.0,0.0,0.0,0.0,0.0,0.0,0.03,0,0,0,0,0,0,0,0,0,0,0,0,0,0,0,0,0,0,0,0,0
1.8443894386291504,0,0.0,0.0,0.0,0.0,0.0,0.0,0.0,0.0,0.03,0,0,0,0,0,0,0,0,0,0,0,0,0,0,0,0,0,0,0,0,0
1.8456051349639893,0,0.0,0.0,0.0,0.0,0.0,0.0,0.0,0.0,0.03,0,0,0,0,0,0,0,0,0,0,0,0,0,0,0,0,0,0,0,0,0
1.8469493389129639,0,0.0,0.0,0.0,0.0,0.0,0.0,0.0,0.0,0.03,0,0,0,0,0,0,0,0,0,0,0,0,0,0,0,0,0,0,0,0,0
1.850656509399414,0,0.0,0.0,0.0,0.0,0.0,0.0,0.0,0.0,0.03,0,0,0,0,0,0,0,0,0,0,0,0,0,0,0,0,0,0,0,0,0
1.8522746562957764,0,0.0,0.0,0.0,0.0,0.0,0.0,0.0,0.0,0.03,0,0,0,0,0,0,0,0,0,0,0,0,0,0,0,0,0,0,0,0,0
1.853499174118042,0,0.0,0.0,0.0,0.0,0.0,0.0,0.0,0.0,0.03,0,0,0,0,0,0,0,0,0,0,0,0,0,0,0,0,0,0,0,0,0
1.85687255859375,0,0.0,0.0,0.0,0.0,0.0,0.0,0.0,0.0,0.03,0,0,0,0,0,0,0,0,0,0,0,0,0,0,0,0,0,0,0,0,0
1.8582665920257568,0,0.0,0.0,0.0,0.0,0.0,0.0,0.0,0.0,0.03,0,0,0,0,0,0,0,0,0,0,0,0,0,0,0,0,0,0,0,0,0
1.8597831726074219,0,0.0,0.0,0.0,0.0,0.0,0.0,0.0,0.0,0.03,0,0,0,0,0,0,0,0,0,0,0,0,0,0,0,0,0,0,0,0,0
1.8610799312591553,0,0.0,0.0,0.0,0.0,0.0,0.0,0.0,0.0,0.03,0,0,0,0,0,0,0,0,0,0,0,0,0,0,0,0,0,0,0,0,0
1.8623569011688232,0,0.0,0.0,0.0,0.0,0.0,0.0,0.0,0.0,0.03,0,0,0,0,0,0,0,0,0,0,0,0,0,0,0,0,0,0,0,0,0
1.864450454711914,0,0.0,0.0,0.0,0.0,0.0,0.0,0.0,0.0,0.03,0,0,0,0,0,0,0,0,0,0,0,0,0,0,0,0,0,0,0,0,0
1.8655588626861572,0,0.0,0.0,0.0,0.0,0.0,0.0,0.0,0.0,0.03,0,0,0,0,0,0,0,0,0,0,0,0,0,0,0,0,0,0,0,0,0
1.8666961193084717,0,0.0,0.0,0.0,0.0,0.0,0.0,0.0,0.0,0.03,0,0,0,0,0,0,0,0,0,0,0,0,0,0,0,0,0,0,0,0,0
1.8678920269012451,0,0.0,0.0,0.0,0.0,0.0,0.0,0.0,0.0,0.03,0,0,0,0,0,0,0,0,0,0,0,0,0,0,0,0,0,0,0,0,0
1.8689818382263184,0,0.0,0.0,0.0,0.0,0.0,0.0,0.0,0.0,0.03,0,0,0,0,0,0,0,0,0,0,0,0,0,0,0,0,0,0,0,0,0
1.8702523708343506,0,0.0,0.0,0.0,0.0,0.0,0.0,0.0,0.0,0.03,0,0,0,0,0,0,0,0,0,0,0,0,0,0,0,0,0,0,0,0,0
1.871340036392212,0,0.0,0.0,0.0,0.0,0.0,0.0,0.0,0.0,0.03,0,0,0,0,0,0,0,0,0,0,0,0,0,0,0,0,0,0,0,0,0
1.872588872909546,0,0.0,0.0,0.0,0.0,0.0,0.0,0.0,0.0,0.03,0,0,0,0,0,0,0,0,0,0,0,0,0,0,0,0,0,0,0,0,0
1.8737728595733643,0,0.0,0.0,0.0,0.0,0.0,0.0,0.0,0.0,0.03,0,0,0,0,0,0,0,0,0,0,0,0,0,0,0,0,0,0,0,0,0
1.8755230903625488,0,0.0,0.0,0.0,0.0,0.0,0.0,0.0,0.0,0.03,0,0,0,0,0,0,0,0,0,0,0,0,0,0,0,0,0,0,0,0,0
1.8771965503692627,0,0.0,0.0,0.0,0.0,0.0,0.0,0.0,0.0,0.03,0,0,0,0,0,0,0,0,0,0,0,0,0,0,0,0,0,0,0,0,0
1.8787727355957031,0,0.0,0.0,0.0,0.0,0.0,0.0,0.0,0.0,0.03,0,0,0,0,0,0,0,0,0,0,0,0,0,0,0,0,0,0,0,0,0
1.8802568912506104,0,0.0,0.0,0.0,0.0,0.0,0.0,0.0,0.0,0.03,0,0,0,0,0,0,0,0,0,0,0,0,0,0,0,0,0,0,0,0,0
1.8814599514007568,0,0.0,0.0,0.0,0.0,0.0,0.0,0.0,0.0,0.03,0,0,0,0,0,0,0,0,0,0,0,0,0,0,0,0,0,0,0,0,0
1.8825585842132568,0,0.0,0.0,0.0,0.0,0.0,0.0,0.0,0.0,0.03,0,0,0,0,0,0,0,0,0,0,0,0,0,0,0,0,0,0,0,0,0
1.8847053050994873,0,0.0,0.0,0.0,0.0,0.0,0.0,0.0,0.0,0.03,0,0,0,0,0,0,0,0,0,0,0,0,0,0,0,0,0,0,0,0,0
1.886204481124878,0,0.0,0.0,0.0,0.0,0.0,0.0,0.0,0.0,0.03,0,0,0,0,0,0,0,0,0,0,0,0,0,0,0,0,0,0,0,0,0
1.8872919082641602,0,0.0,0.0,0.0,0.0,0.0,0.0,0.0,0.0,0.03,0,0,0,0,0,0,0,0,0,0,0,0,0,0,0,0,0,0,0,0,0
1.8885295391082764,0,0.0,0.0,0.0,0.0,0.0,0.0,0.0,0.0,0.03,0,0,0,0,0,0,0,0,0,0,0,0,0,0,0,0,0,0,0,0,0
1.8899779319763184,0,0.0,0.0,0.0,0.0,0.0,0.0,0.0,0.0,0.03,0,0,0,0,0,0,0,0,0,0,0,0,0,0,0,0,0,0,0,0,0
1.8910951614379883,0,0.0,0.0,0.0,0.0,0.0,0.0,0.0,0.0,0.03,0,0,0,0,0,0,0,0,0,0,0,0,0,0,0,0,0,0,0,0,0
1.8921844959259033,0,0.0,0.0,0.0,0.0,0.0,0.0,0.0,0.0,0.03,0,0,0,0,0,0,0,0,0,0,0,0,0,0,0,0,0,0,0,0,0
1.8934752941131592,0,0.0,0.0,0.0,0.0,0.0,0.0,0.0,0.0,0.03,0,0,0,0,0,0,0,0,0,0,0,0,0,0,0,0,0,0,0,0,0
1.8950529098510742,0,0.0,0.0,0.0,0.0,0.0,0.0,0.0,0.0,0.03,0,0,0,0,0,0,0,0,0,0,0,0,0,0,0,0,0,0,0,0,0
1.896557331085205,0,0.0,0.0,0.0,0.0,0.0,0.0,0.0,0.0,0.03,0,0,0,0,0,0,0,0,0,0,0,0,0,0,0,0,0,0,0,0,0
1.8979370594024658,0,0.0,0.0,0.0,0.0,0.0,0.0,0.0,0.0,0.03,0,0,0,0,0,0,0,0,0,0,0,0,0,0,0,0,0,0,0,0,0
1.8995027542114258,0,0.0,0.0,0.0,0.0,0.0,0.0,0.0,0.0,0.03,0,0,0,0,0,0,0,0,0,0,0,0,0,0,0,0,0,0,0,0,0
1.9006426334381104,0,0.0,0.0,0.0,0.0,0.0,0.0,0.0,0.0,0.03,0,0,0,0,0,0,0,0,0,0,0,0,0,0,0,0,0,0,0,0,0
1.9020411968231201,0,0.0,0.0,0.0,0.0,0.0,0.0,0.0,0.0,0.03,0,0,0,0,0,0,0,0,0,0,0,0,0,0,0,0,0,0,0,0,0
1.9041359424591064,0,0.0,0.0,0.0,0.0,0.0,0.0,0.0,0.0,0.03,0,0,0,0,0,0,0,0,0,0,0,0,0,0,0,0,0,0,0,0,0
1.905390739440918,0,0.0,0.0,0.0,0.0,0.0,0.0,0.0,0.0,0.03,0,0,0,0,0,0,0,0,0,0,0,0,0,0,0,0,0,0,0,0,0
1.906606912612915,0,0.0,0.0,0.0,0.0,0.0,0.0,0.0,0.0,0.03,0,0,0,0,0,0,0,0,0,0,0,0,0,0,0,0,0,0,0,0,0
1.9077725410461426,0,0.0,0.0,0.0,0.0,0.0,0.0,0.0,0.0,0.03,0,0,0,0,0,0,0,0,0,0,0,0,0,0,0,0,0,0,0,0,0
1.9088613986968994,0,0.0,0.0,0.0,0.0,0.0,0.0,0.0,0.0,0.03,0,0,0,0,0,0,0,0,0,0,0,0,0,0,0,0,0,0,0,0,0
1.9121015071868896,0,0.0,0.0,0.0,0.0,0.0,0.0,0.0,0.0,0.03,0,0,0,0,0,0,0,0,0,0,0,0,0,0,0,0,0,0,0,0,0
1.9136998653411865,0,0.0,0.0,0.0,0.0,0.0,0.0,0.0,0.0,0.03,0,0,0,0,0,0,0,0,0,0,0,0,0,0,0,0,0,0,0,0,0
1.9155855178833008,0,0.0,0.0,0.0,0.0,0.0,0.0,0.0,0.0,0.03,0,0,0,0,0,0,0,0,0,0,0,0,0,0,0,0,0,0,0,0,0
1.917057752609253,0,0.0,0.0,0.0,0.0,0.0,0.0,0.0,0.0,0.03,0,0,0,0,0,0,0,0,0,0,0,0,0,0,0,0,0,0,0,0,0
1.9182274341583252,0,0.0,0.0,0.0,0.0,0.0,0.0,0.0,0.0,0.03,0,0,0,0,0,0,0,0,0,0,0,0,0,0,0,0,0,0,0,0,0
1.9194440841674805,0,0.0,0.0,0.0,0.0,0.0,0.0,0.0,0.0,0.03,0,0,0,0,0,0,0,0,0,0,0,0,0,0,0,0,0,0,0,0,0
1.9209043979644775,0,0.0,0.0,0.0,0.0,0.0,0.0,0.0,0.0,0.03,0,0,0,0,0,0,0,0,0,0,0,0,0,0,0,0,0,0,0,0,0
1.9222352504730225,0,0.0,0.0,0.0,0.0,0.0,0.0,0.0,0.0,0.03,0,0,0,0,0,0,0,0,0,0,0,0,0,0,0,0,0,0,0,0,0
1.923344373703003,0,0.0,0.0,0.0,0.0,0.0,0.0,0.0,0.0,0.03,0,0,0,0,0,0,0,0,0,0,0,0,0,0,0,0,0,0,0,0,0
1.9245531558990479,0,0.0,0.0,0.0,0.0,0.0,0.0,0.0,0.0,0.03,0,0,0,0,0,0,0,0,0,0,0,0,0,0,0,0,0,0,0,0,0
1.9259767532348633,0,0.0,0.0,0.0,0.0,0.0,0.0,0.0,0.0,0.03,0,0,0,0,0,0,0,0,0,0,0,0,0,0,0,0,0,0,0,0,0
1.927232265472412,0,0.0,0.0,0.0,0.0,0.0,0.0,0.0,0.0,0.03,0,0,0,0,0,0,0,0,0,0,0,0,0,0,0,0,0,0,0,0,0
1.928344488143921,0,0.0,0.0,0.0,0.0,0.0,0.0,0.0,0.0,0.03,0,0,0,0,0,0,0,0,0,0,0,0,0,0,0,0,0,0,0,0,0
1.9299120903015137,0,0.0,0.0,0.0,0.0,0.0,0.0,0.0,0.0,0.03,0,0,0,0,0,0,0,0,0,0,0,0,0,0,0,0,0,0,0,0,0
1.9309802055358887,0,0.0,0.0,0.0,0.0,0.0,0.0,0.0,0.0,0.03,0,0,0,0,0,0,0,0,0,0,0,0,0,0,0,0,0,0,0,0,0
1.9321179389953613,0,0.0,0.0,0.0,0.0,0.0,0.0,0.0,0.0,0.03,0,0,0,0,0,0,0,0,0,0,0,0,0,0,0,0,0,0,0,0,0
1.933182716369629,0,0.0,0.0,0.0,0.0,0.0,0.0,0.0,0.0,0.03,0,0,0,0,0,0,0,0,0,0,0,0,0,0,0,0,0,0,0,0,0
1.9345760345458984,0,0.0,0.0,0.0,0.0,0.0,0.0,0.0,0.0,0.03,0,0,0,0,0,0,0,0,0,0,0,0,0,0,0,0,0,0,0,0,0
1.9358062744140625,0,0.0,0.0,0.0,0.0,0.0,0.0,0.0,0.0,0.03,0,0,0,0,0,0,0,0,0,0,0,0,0,0,0,0,0,0,0,0,0
1.9378793239593506,0,0.0,0.0,0.0,0.0,0.0,0.0,0.0,0.0,0.03,0,0,0,0,0,0,0,0,0,0,0,0,0,0,0,0,0,0,0,0,0
1.940596342086792,0,0.0,0.0,0.0,0.0,0.0,0.0,0.0,0.0,0.03,0,0,0,0,0,0,0,0,0,0,0,0,0,0,0,0,0,0,0,0,0
1.9418895244598389,0,0.0,0.0,0.0,0.0,0.0,0.0,0.0,0.0,0.03,0,0,0,0,0,0,0,0,0,0,0,0,0,0,0,0,0,0,0,0,0
1.943152904510498,0,0.0,0.0,0.0,0.0,0.0,0.0,0.0,0.0,0.03,0,0,0,0,0,0,0,0,0,0,0,0,0,0,0,0,0,0,0,0,0
1.9443156719207764,0,0.0,0.0,0.0,0.0,0.0,0.0,0.0,0.0,0.03,0,0,0,0,0,0,0,0,0,0,0,0,0,0,0,0,0,0,0,0,0
1.9454243183135986,0,0.0,0.0,0.0,0.0,0.0,0.0,0.0,0.0,0.03,0,0,0,0,0,0,0,0,0,0,0,0,0,0,0,0,0,0,0,0,0
1.9468438625335693,0,0.0,0.0,0.0,0.0,0.0,0.0,0.0,0.0,0.03,0,0,0,0,0,0,0,0,0,0,0,0,0,0,0,0,0,0,0,0,0
1.9490363597869873,0,0.0,0.0,0.0,0.0,0.0,0.0,0.0,0.0,0.03,0,0,0,0,0,0,0,0,0,0,0,0,0,0,0,0,0,0,0,0,0
1.9503898620605469,0,0.0,0.0,0.0,0.0,0.0,0.0,0.0,0.0,0.03,0,0,0,0,0,0,0,0,0,0,0,0,0,0,0,0,0,0,0,0,0
1.9517576694488525,0,0.0,0.0,0.0,0.0,0.0,0.0,0.0,0.0,0.03,0,0,0,0,0,0,0,0,0,0,0,0,0,0,0,0,0,0,0,0,0
1.9528546333312988,0,0.0,0.0,0.0,0.0,0.0,0.0,0.0,0.0,0.03,0,0,0,0,0,0,0,0,0,0,0,0,0,0,0,0,0,0,0,0,0
1.954005241394043,0,0.0,0.0,0.0,0.0,0.0,0.0,0.0,0.0,0.03,0,0,0,0,0,0,0,0,0,0,0,0,0,0,0,0,0,0,0,0,0
1.955209493637085,0,0.0,0.0,0.0,0.0,0.0,0.0,0.0,0.0,0.03,0,0,0,0,0,0,0,0,0,0,0,0,0,0,0,0,0,0,0,0,0
1.9562935829162598,0,0.0,0.0,0.0,0.0,0.0,0.0,0.0,0.0,0.03,0,0,0,0,0,0,0,0,0,0,0,0,0,0,0,0,0,0,0,0,0
1.95760178565979,0,0.0,0.0,0.0,0.0,0.0,0.0,0.0,0.0,0.03,0,0,0,0,0,0,0,0,0,0,0,0,0,0,0,0,0,0,0,0,0
1.9601097106933594,0,0.0,0.0,0.0,0.0,0.0,0.0,0.0,0.0,0.03,0,0,0,0,0,0,0,0,0,0,0,0,0,0,0,0,0,0,0,0,0
1.962122917175293,0,0.0,0.0,0.0,0.0,0.0,0.0,0.0,0.0,0.03,0,0,0,0,0,0,0,0,0,0,0,0,0,0,0,0,0,0,0,0,0
1.9633612632751465,0,0.0,0.0,0.0,0.0,0.0,0.0,0.0,0.0,0.03,0,0,0,0,0,0,0,0,0,0,0,0,0,0,0,0,0,0,0,0,0
1.9646885395050049,0,0.0,0.0,0.0,0.0,0.0,0.0,0.0,0.0,0.03,0,0,0,0,0,0,0,0,0,0,0,0,0,0,0,0,0,0,0,0,0
1.966521978378296,0,0.0,0.0,0.0,0.0,0.0,0.0,0.0,0.0,0.03,0,0,0,0,0,0,0,0,0,0,0,0,0,0,0,0,0,0,0,0,0
1.967588186264038,0,0.0,0.0,0.0,0.0,0.0,0.0,0.0,0.0,0.03,0,0,0,0,0,0,0,0,0,0,0,0,0,0,0,0,0,0,0,0,0
1.9694714546203613,0,0.0,0.0,0.0,0.0,0.0,0.0,0.0,0.0,0.03,0,0,0,0,0,0,0,0,0,0,0,0,0,0,0,0,0,0,0,0,0
1.9706976413726807,0,0.0,0.0,0.0,0.0,0.0,0.0,0.0,0.0,0.03,0,0,0,0,0,0,0,0,0,0,0,0,0,0,0,0,0,0,0,0,0
1.9740002155303955,0,0.0,0.0,0.0,0.0,0.0,0.0,0.0,0.0,0.03,0,0,0,0,0,0,0,0,0,0,0,0,0,0,0,0,0,0,0,0,0
1.9754259586334229,0,0.0,0.0,0.0,0.0,0.0,0.0,0.0,0.0,0.03,0,0,0,0,0,0,0,0,0,0,0,0,0,0,0,0,0,0,0,0,0
1.9766652584075928,0,0.0,0.0,0.0,0.0,0.0,0.0,0.0,0.0,0.03,0,0,0,0,0,0,0,0,0,0,0,0,0,0,0,0,0,0,0,0,0
1.9801616668701172,0,0.0,0.0,0.0,0.0,0.0,0.0,0.0,0.0,0.03,0,0,0,0,0,0,0,0,0,0,0,0,0,0,0,0,0,0,0,0,0
1.9816484451293945,0,0.0,0.0,0.0,0.0,0.0,0.0,0.0,0.0,0.03,0,0,0,0,0,0,0,0,0,0,0,0,0,0,0,0,0,0,0,0,0
1.9828457832336426,0,0.0,0.0,0.0,0.0,0.0,0.0,0.0,0.0,0.03,0,0,0,0,0,0,0,0,0,0,0,0,0,0,0,0,0,0,0,0,0
1.9842686653137207,0,0.0,0.0,0.0,0.0,0.0,0.0,0.0,0.0,0.03,0,0,0,0,0,0,0,0,0,0,0,0,0,0,0,0,0,0,0,0,0
1.985781192779541,0,0.0,0.0,0.0,0.0,0.0,0.0,0.0,0.0,0.03,0,0,0,0,0,0,0,0,0,0,0,0,0,0,0,0,0,0,0,0,0
1.9873366355895996,0,0.0,0.0,0.0,0.0,0.0,0.0,0.0,0.0,0.03,0,0,0,0,0,0,0,0,0,0,0,0,0,0,0,0,0,0,0,0,0
1.9887371063232422,0,0.0,0.0,0.0,0.0,0.0,0.0,0.0,0.0,0.03,0,0,0,0,0,0,0,0,0,0,0,0,0,0,0,0,0,0,0,0,0
1.9899563789367676,0,0.0,0.0,0.0,0.0,0.0,0.0,0.0,0.0,0.03,0,0,0,0,0,0,0,0,0,0,0,0,0,0,0,0,0,0,0,0,0
1.991593599319458,0,0.0,0.0,0.0,0.0,0.0,0.0,0.0,0.0,0.03,0,0,0,0,0,0,0,0,0,0,0,0,0,0,0,0,0,0,0,0,0
1.9929537773132324,0,0.0,0.0,0.0,0.0,0.0,0.0,0.0,0.0,0.03,0,0,0,0,0,0,0,0,0,0,0,0,0,0,0,0,0,0,0,0,0
1.9941296577453613,0,0.0,0.0,0.0,0.0,0.0,0.0,0.0,0.0,0.03,0,0,0,0,0,0,0,0,0,0,0,0,0,0,0,0,0,0,0,0,0
1.9952950477600098,0,0.0,0.0,0.0,0.0,0.0,0.0,0.0,0.0,0.03,0,0,0,0,0,0,0,0,0,0,0,0,0,0,0,0,0,0,0,0,0
1.9963834285736084,0,0.0,0.0,0.0,0.0,0.0,0.0,0.0,0.0,0.03,0,0,0,0,0,0,0,0,0,0,0,0,0,0,0,0,0,0,0,0,0
1.997783899307251,0,0.0,0.0,0.0,0.0,0.0,0.0,0.0,0.0,0.03,0,0,0,0,0,0,0,0,0,0,0,0,0,0,0,0,0,0,0,0,0
2.0007448196411133,0,0.0,0.0,0.0,0.0,0.0,0.0,0.0,0.0,0.03,0,0,0,0,0,0,0,0,0,0,0,0,0,0,0,0,0,0,0,0,0
2.0020132064819336,0,0.0,0.0,0.0,0.0,0.0,0.0,0.0,0.0,0.03,0,0,0,0,0,0,0,0,0,0,0,0,0,0,0,0,0,0,0,0,0
2.00382661819458,0,0.0,0.0,0.0,0.0,0.0,0.0,0.0,0.0,0.03,0,0,0,0,0,0,0,0,0,0,0,0,0,0,0,0,0,0,0,0,0
2.0050389766693115,0,0.0,0.0,0.0,0.0,0.0,0.0,0.0,0.0,0.03,0,0,0,0,0,0,0,0,0,0,0,0,0,0,0,0,0,0,0,0,0
2.0061769485473633,0,0.0,0.0,0.0,0.0,0.0,0.0,0.0,0.0,0.03,0,0,0,0,0,0,0,0,0,0,0,0,0,0,0,0,0,0,0,0,0
2.007314920425415,0,0.0,0.0,0.0,0.0,0.0,0.0,0.0,0.0,0.03,0,0,0,0,0,0,0,0,0,0,0,0,0,0,0,0,0,0,0,0,0
2.008434772491455,0,0.0,0.0,0.0,0.0,0.0,0.0,0.0,0.0,0.03,0,0,0,0,0,0,0,0,0,0,0,0,0,0,0,0,0,0,0,0,0
2.009676456451416,0,0.0,0.0,0.0,0.0,0.0,0.0,0.0,0.0,0.03,0,0,0,0,0,0,0,0,0,0,0,0,0,0,0,0,0,0,0,0,0
2.0111613273620605,0,0.0,0.0,0.0,0.0,0.0,0.0,0.0,0.0,0.03,0,0,0,0,0,0,0,0,0,0,0,0,0,0,0,0,0,0,0,0,0
2.0122578144073486,0,0.0,0.0,0.0,0.0,0.0,0.0,0.0,0.0,0.03,0,0,0,0,0,0,0,0,0,0,0,0,0,0,0,0,0,0,0,0,0
2.014165163040161,0,0.0,0.0,0.0,0.0,0.0,0.0,0.0,0.0,0.03,0,0,0,0,0,0,0,0,0,0,0,0,0,0,0,0,0,0,0,0,0
2.0153307914733887,0,0.0,0.0,0.0,0.0,0.0,0.0,0.0,0.0,0.03,0,0,0,0,0,0,0,0,0,0,0,0,0,0,0,0,0,0,0,0,0
2.0164999961853027,0,0.0,0.0,0.0,0.0,0.0,0.0,0.0,0.0,0.03,0,0,0,0,0,0,0,0,0,0,0,0,0,0,0,0,0,0,0,0,0
2.017709255218506,0,0.0,0.0,0.0,0.0,0.0,0.0,0.0,0.0,0.03,0,0,0,0,0,0,0,0,0,0,0,0,0,0,0,0,0,0,0,0,0
2.0187954902648926,0,0.0,0.0,0.0,0.0,0.0,0.0,0.0,0.0,0.03,0,0,0,0,0,0,0,0,0,0,0,0,0,0,0,0,0,0,0,0,0
2.0199735164642334,0,0.0,0.0,0.0,0.0,0.0,0.0,0.0,0.0,0.03,0,0,0,0,0,0,0,0,0,0,0,0,0,0,0,0,0,0,0,0,0
2.0211992263793945,0,0.0,0.0,0.0,0.0,0.0,0.0,0.0,0.0,0.03,0,0,0,0,0,0,0,0,0,0,0,0,0,0,0,0,0,0,0,0,0
2.023465156555176,0,0.0,0.0,0.0,0.0,0.0,0.0,0.0,0.0,0.03,0,0,0,0,0,0,0,0,0,0,0,0,0,0,0,0,0,0,0,0,0
2.0248467922210693,0,0.0,0.0,0.0,0.0,0.0,0.0,0.0,0.0,0.03,0,0,0,0,0,0,0,0,0,0,0,0,0,0,0,0,0,0,0,0,0
2.0260636806488037,0,0.0,0.0,0.0,0.0,0.0,0.0,0.0,0.0,0.03,0,0,0,0,0,0,0,0,0,0,0,0,0,0,0,0,0,0,0,0,0
2.0272586345672607,0,0.0,0.0,0.0,0.0,0.0,0.0,0.0,0.0,0.03,0,0,0,0,0,0,0,0,0,0,0,0,0,0,0,0,0,0,0,0,0
2.028791904449463,0,0.0,0.0,0.0,0.0,0.0,0.0,0.0,0.0,0.03,0,0,0,0,0,0,0,0,0,0,0,0,0,0,0,0,0,0,0,0,0
2.0301387310028076,0,0.0,0.0,0.0,0.0,0.0,0.0,0.0,0.0,0.03,0,0,0,0,0,0,0,0,0,0,0,0,0,0,0,0,0,0,0,0,0
2.0315966606140137,0,0.0,0.0,0.0,0.0,0.0,0.0,0.0,0.0,0.03,0,0,0,0,0,0,0,0,0,0,0,0,0,0,0,0,0,0,0,0,0
2.0329058170318604,0,0.0,0.0,0.0,0.0,0.0,0.0,0.0,0.0,0.03,0,0,0,0,0,0,0,0,0,0,0,0,0,0,0,0,0,0,0,0,0
2.0361359119415283,0,0.0,0.0,0.0,0.0,0.0,0.0,0.0,0.0,0.03,0,0,0,0,0,0,0,0,0,0,0,0,0,0,0,0,0,0,0,0,0
2.0377955436706543,0,0.0,0.0,0.0,0.0,0.0,0.0,0.0,0.0,0.03,0,0,0,0,0,0,0,0,0,0,0,0,0,0,0,0,0,0,0,0,0
2.0393221378326416,0,0.0,0.0,0.0,0.0,0.0,0.0,0.0,0.0,0.03,0,0,0,0,0,0,0,0,0,0,0,0,0,0,0,0,0,0,0,0,0
2.041058301925659,0,0.0,0.0,0.0,0.0,0.0,0.0,0.0,0.0,0.03,0,0,0,0,0,0,0,0,0,0,0,0,0,0,0,0,0,0,0,0,0
2.0422325134277344,0,0.0,0.0,0.0,0.0,0.0,0.0,0.0,0.0,0.03,0,0,0,0,0,0,0,0,0,0,0,0,0,0,0,0,0,0,0,0,0
2.043766498565674,0,0.0,0.0,0.0,0.0,0.0,0.0,0.0,0.0,0.03,0,0,0,0,0,0,0,0,0,0,0,0,0,0,0,0,0,0,0,0,0
2.045159339904785,0,0.0,0.0,0.0,0.0,0.0,0.0,0.0,0.0,0.03,0,0,0,0,0,0,0,0,0,0,0,0,0,0,0,0,0,0,0,0,0
2.0464413166046143,0,0.0,0.0,0.0,0.0,0.0,0.0,0.0,0.0,0.03,0,0,0,0,0,0,0,0,0,0,0,0,0,0,0,0,0,0,0,0,0
2.0477864742279053,0,0.0,0.0,0.0,0.0,0.0,0.0,0.0,0.0,0.03,0,0,0,0,0,0,0,0,0,0,0,0,0,0,0,0,0,0,0,0,0
2.0491526126861572,0,0.0,0.0,0.0,0.0,0.0,0.0,0.0,0.0,0.03,0,0,0,0,0,0,0,0,0,0,0,0,0,0,0,0,0,0,0,0,0
2.050579786300659,0,0.0,0.0,0.0,0.0,0.0,0.0,0.0,0.0,0.03,0,0,0,0,0,0,0,0,0,0,0,0,0,0,0,0,0,0,0,0,0
2.051694869995117,0,0.0,0.0,0.0,0.0,0.0,0.0,0.0,0.0,0.03,0,0,0,0,0,0,0,0,0,0,0,0,0,0,0,0,0,0,0,0,0
2.053258180618286,0,0.0,0.0,0.0,0.0,0.0,0.0,0.0,0.0,0.03,0,0,0,0,0,0,0,0,0,0,0,0,0,0,0,0,0,0,0,0,0
2.054668664932251,0,0.0,0.0,0.0,0.0,0.0,0.0,0.0,0.0,0.03,0,0,0,0,0,0,0,0,0,0,0,0,0,0,0,0,0,0,0,0,0
2.0558180809020996,0,0.0,0.0,0.0,0.0,0.0,0.0,0.0,0.0,0.03,0,0,0,0,0,0,0,0,0,0,0,0,0,0,0,0,0,0,0,0,0
2.056900978088379,0,0.0,0.0,0.0,0.0,0.0,0.0,0.0,0.0,0.03,0,0,0,0,0,0,0,0,0,0,0,0,0,0,0,0,0,0,0,0,0
2.058094024658203,0,0.0,0.0,0.0,0.0,0.0,0.0,0.0,0.0,0.03,0,0,0,0,0,0,0,0,0,0,0,0,0,0,0,0,0,0,0,0,0
2.059274435043335,0,0.0,0.0,0.0,0.0,0.0,0.0,0.0,0.0,0.03,0,0,0,0,0,0,0,0,0,0,0,0,0,0,0,0,0,0,0,0,0
2.061072587966919,0,0.0,0.0,0.0,0.0,0.0,0.0,0.0,0.0,0.03,0,0,0,0,0,0,0,0,0,0,0,0,0,0,0,0,0,0,0,0,0
2.062558889389038,0,0.0,0.0,0.0,0.0,0.0,0.0,0.0,0.0,0.03,0,0,0,0,0,0,0,0,0,0,0,0,0,0,0,0,0,0,0,0,0
2.06499981880188,0,0.0,0.0,0.0,0.0,0.0,0.0,0.0,0.0,0.03,0,0,0,0,0,0,0,0,0,0,0,0,0,0,0,0,0,0,0,0,0
2.0663299560546875,0,0.0,0.0,0.0,0.0,0.0,0.0,0.0,0.0,0.03,0,0,0,0,0,0,0,0,0,0,0,0,0,0,0,0,0,0,0,0,0
2.068303346633911,0,0.0,0.0,0.0,0.0,0.0,0.0,0.0,0.0,0.03,0,0,0,0,0,0,0,0,0,0,0,0,0,0,0,0,0,0,0,0,0
2.069906234741211,0,0.0,0.0,0.0,0.0,0.0,0.0,0.0,0.0,0.03,0,0,0,0,0,0,0,0,0,0,0,0,0,0,0,0,0,0,0,0,0
2.0709962844848633,0,0.0,0.0,0.0,0.0,0.0,0.0,0.0,0.0,0.03,0,0,0,0,0,0,0,0,0,0,0,0,0,0,0,0,0,0,0,0,0
2.072887420654297,0,0.0,0.0,0.0,0.0,0.0,0.0,0.0,0.0,0.03,0,0,0,0,0,0,0,0,0,0,0,0,0,0,0,0,0,0,0,0,0
2.074063301086426,0,0.0,0.0,0.0,0.0,0.0,0.0,0.0,0.0,0.03,0,0,0,0,0,0,0,0,0,0,0,0,0,0,0,0,0,0,0,0,0
2.075195789337158,0,0.0,0.0,0.0,0.0,0.0,0.0,0.0,0.0,0.03,0,0,0,0,0,0,0,0,0,0,0,0,0,0,0,0,0,0,0,0,0
2.076317071914673,0,0.0,0.0,0.0,0.0,0.0,0.0,0.0,0.0,0.03,0,0,0,0,0,0,0,0,0,0,0,0,0,0,0,0,0,0,0,0,0
2.0774035453796387,0,0.0,0.0,0.0,0.0,0.0,0.0,0.0,0.0,0.03,0,0,0,0,0,0,0,0,0,0,0,0,0,0,0,0,0,0,0,0,0
2.0787506103515625,0,0.0,0.0,0.0,0.0,0.0,0.0,0.0,0.0,0.03,0,0,0,0,0,0,0,0,0,0,0,0,0,0,0,0,0,0,0,0,0
2.079817295074463,0,0.0,0.0,0.0,0.0,0.0,0.0,0.0,0.0,0.03,0,0,0,0,0,0,0,0,0,0,0,0,0,0,0,0,0,0,0,0,0
2.081416368484497,0,0.0,0.0,0.0,0.0,0.0,0.0,0.0,0.0,0.03,0,0,0,0,0,0,0,0,0,0,0,0,0,0,0,0,0,0,0,0,0
2.0827410221099854,0,0.0,0.0,0.0,0.0,0.0,0.0,0.0,0.0,0.03,0,0,0,0,0,0,0,0,0,0,0,0,0,0,0,0,0,0,0,0,0
2.0839743614196777,0,0.0,0.0,0.0,0.0,0.0,0.0,0.0,0.0,0.03,0,0,0,0,0,0,0,0,0,0,0,0,0,0,0,0,0,0,0,0,0
2.085252285003662,0,0.0,0.0,0.0,0.0,0.0,0.0,0.0,0.0,0.03,0,0,0,0,0,0,0,0,0,0,0,0,0,0,0,0,0,0,0,0,0
2.087092638015747,0,0.0,0.0,0.0,0.0,0.0,0.0,0.0,0.0,0.03,0,0,0,0,0,0,0,0,0,0,0,0,0,0,0,0,0,0,0,0,0
2.088433027267456,0,0.0,0.0,0.0,0.0,0.0,0.0,0.0,0.0,0.03,0,0,0,0,0,0,0,0,0,0,0,0,0,0,0,0,0,0,0,0,0
2.089639186859131,0,0.0,0.0,0.0,0.0,0.0,0.0,0.0,0.0,0.03,0,0,0,0,0,0,0,0,0,0,0,0,0,0,0,0,0,0,0,0,0
2.0910003185272217,0,0.0,0.0,0.0,0.0,0.0,0.0,0.0,0.0,0.03,0,0,0,0,0,0,0,0,0,0,0,0,0,0,0,0,0,0,0,0,0
