scenario,real_time_plot,lateral_angle_range,drag_speed,wiggle_time,servo_speed,extraction_height,wiggle frequency,insertion_angle,wiggle_amplitude
turtle,True,0.1,0.15,0.12,0.18,0.02,0.7853981633974483
time,turtle_state,leftadduction_pos,leftsweeping_pos,rightadduction_pos,rightsweeping_pos,leftadduction_curr,leftsweeping_curr,rightadduction_curr,rightsweeping_curr,insertiondepth,OptitrackPosition_x,OptitrackPosition_y,OptitrackPosition_z,OptitrackOrientation_x,OptitrackOrientation_y,OptitrackOrientation_z,OptitrackOrientation_w,LeftFlipperPosition_x,LeftFlipperPosition_y,LeftFlipperPosition_z,LeftFlipperOrientation_x,LeftFlipperOrientation_y,LeftFlipperOrientation_z,LeftFlipperOrientation_w,RightFlipperPosition_x,RightFlipperPosition_y,RightFlipperPosition_z,RightFlipperOrientation_x,RightFlipperOrientation_y,RightFlipperOrientation_z,RightFlipperOrientation_w
0.009867668151855469,5.0,0.0,0.0,-0.02478906512260437,-0.038491666316986084,0.0,0.0,19.965791702270508,-19.979999542236328,0.03,0,0,0,0,0,0,0,0,0,0,0,0,0,0,0,0,0,0,0,0,0
0.011233806610107422,5.0,0.0,0.0,-0.024789094924926758,-0.0384831428527832,0.0,0.0,19.948408126831055,-19.979999542236328,0.03,0,0,0,0,0,0,0,0,0,0,0,0,0,0,0,0,0,0,0,0,0
0.015160560607910156,-1.0,0.0,0.0,-0.024788886308670044,-0.03847065567970276,0.0,0.0,19.952072143554688,-19.979999542236328,0.03,0,0,0,0,0,0,0,0,0,0,0,0,0,0,0,0,0,0,0,0,0
0.01649022102355957,-1.0,0.0,0.0,-0.024788886308670044,-0.03847065567970276,0.0,0.0,19.952072143554688,-19.979999542236328,0.03,0,0,0,0,0,0,0,0,0,0,0,0,0,0,0,0,0,0,0,0,0
0.017612218856811523,-1.0,0.0,0.0,-0.024788886308670044,-0.03847065567970276,0.0,0.0,19.952072143554688,-19.979999542236328,0.03,0,0,0,0,0,0,0,0,0,0,0,0,0,0,0,0,0,0,0,0,0
0.018879175186157227,-1.0,0.0,0.0,-0.024788886308670044,-0.03847065567970276,0.0,0.0,19.952072143554688,-19.979999542236328,0.03,0,0,0,0,0,0,0,0,0,0,0,0,0,0,0,0,0,0,0,0,0
0.02001643180847168,-1.0,0.0,0.0,-0.024788886308670044,-0.03847065567970276,0.0,0.0,19.952072143554688,-19.979999542236328,0.03,0,0,0,0,0,0,0,0,0,0,0,0,0,0,0,0,0,0,0,0,0
0.024418354034423828,-1.0,0.0,0.0,-0.024788886308670044,-0.03847065567970276,0.0,0.0,19.952072143554688,-19.979999542236328,0.03,0,0,0,0,0,0,0,0,0,0,0,0,0,0,0,0,0,0,0,0,0
0.02588176727294922,-1.0,0.0,0.0,-0.024788886308670044,-0.03847065567970276,0.0,0.0,19.952072143554688,-19.979999542236328,0.03,0,0,0,0,0,0,0,0,0,0,0,0,0,0,0,0,0,0,0,0,0
0.026984691619873047,-1.0,0.0,0.0,-0.024788886308670044,-0.03847065567970276,0.0,0.0,19.952072143554688,-19.979999542236328,0.03,0,0,0,0,0,0,0,0,0,0,0,0,0,0,0,0,0,0,0,0,0
0.02852034568786621,-1.0,0.0,0.0,-0.024788886308670044,-0.03847065567970276,0.0,0.0,19.952072143554688,-19.979999542236328,0.03,0,0,0,0,0,0,0,0,0,0,0,0,0,0,0,0,0,0,0,0,0
0.029621601104736328,-1.0,0.0,0.0,-0.024788886308670044,-0.03847065567970276,0.0,0.0,19.952072143554688,-19.979999542236328,0.03,0,0,0,0,0,0,0,0,0,0,0,0,0,0,0,0,0,0,0,0,0
0.03117537498474121,-1.0,0.0,0.0,-0.024788886308670044,-0.03847065567970276,0.0,0.0,19.952072143554688,-19.979999542236328,0.03,0,0,0,0,0,0,0,0,0,0,0,0,0,0,0,0,0,0,0,0,0
0.03372001647949219,-1.0,0.0,0.0,-0.024788886308670044,-0.0384957492351532,0.0,0.0,-0.0013609548332169652,-0.03084906004369259,0.03,0,0,0,0,0,0,0,0,0,0,0,0,0,0,0,0,0,0,0,0,0
0.034958839416503906,-1.0,0.0,0.0,-0.024644851684570312,-0.03849014639854431,0.0,0.0,-0.033568765968084335,-0.31211286783218384,0.03,0,0,0,0,0,0,0,0,0,0,0,0,0,0,0,0,0,0,0,0,0
0.03612375259399414,-1.0,0.0,0.0,-0.024644851684570312,-0.03849014639854431,0.0,0.0,-0.033568765968084335,-0.31211286783218384,0.03,0,0,0,0,0,0,0,0,0,0,0,0,0,0,0,0,0,0,0,0,0
0.037830352783203125,-1.0,0.0,0.0,-0.024644851684570312,-0.03849014639854431,0.0,0.0,-0.033568765968084335,-0.31211286783218384,0.03,0,0,0,0,0,0,0,0,0,0,0,0,0,0,0,0,0,0,0,0,0
0.039012908935546875,-1.0,0.0,0.0,-0.024644851684570312,-0.03849014639854431,0.0,0.0,-0.033568765968084335,-0.31211286783218384,0.03,0,0,0,0,0,0,0,0,0,0,0,0,0,0,0,0,0,0,0,0,0
0.04010820388793945,-1.0,0.0,0.0,-0.024644851684570312,-0.03849014639854431,0.0,0.0,-0.033568765968084335,-0.31211286783218384,0.03,0,0,0,0,0,0,0,0,0,0,0,0,0,0,0,0,0,0,0,0,0
0.041169166564941406,-1.0,0.0,0.0,-0.024644851684570312,-0.03849014639854431,0.0,0.0,-0.033568765968084335,-0.31211286783218384,0.03,0,0,0,0,0,0,0,0,0,0,0,0,0,0,0,0,0,0,0,0,0
0.04242992401123047,-1.0,0.0,0.0,-0.024644851684570312,-0.03849014639854431,0.0,0.0,-0.033568765968084335,-0.31211286783218384,0.03,0,0,0,0,0,0,0,0,0,0,0,0,0,0,0,0,0,0,0,0,0
0.04355287551879883,-1.0,0.0,0.0,-0.024644851684570312,-0.03849014639854431,0.0,0.0,-0.033568765968084335,-0.31211286783218384,0.03,0,0,0,0,0,0,0,0,0,0,0,0,0,0,0,0,0,0,0,0,0
0.04468250274658203,-1.0,0.0,0.0,-0.024644851684570312,-0.03849014639854431,0.0,0.0,-0.033568765968084335,-0.31211286783218384,0.03,0,0,0,0,0,0,0,0,0,0,0,0,0,0,0,0,0,0,0,0,0
0.0457758903503418,-1.0,0.0,0.0,-0.024644851684570312,-0.03849014639854431,0.0,0.0,-0.033568765968084335,-0.31211286783218384,0.03,0,0,0,0,0,0,0,0,0,0,0,0,0,0,0,0,0,0,0,0,0
0.04686331748962402,-1.0,0.0,0.0,-0.024644851684570312,-0.03849014639854431,0.0,0.0,-0.033568765968084335,-0.31211286783218384,0.03,0,0,0,0,0,0,0,0,0,0,0,0,0,0,0,0,0,0,0,0,0
0.0479283332824707,-1.0,0.0,0.0,-0.024644851684570312,-0.03849014639854431,0.0,0.0,-0.033568765968084335,-0.31211286783218384,0.03,0,0,0,0,0,0,0,0,0,0,0,0,0,0,0,0,0,0,0,0,0
0.05016207695007324,-1.0,0.0,0.0,-0.024644851684570312,-0.03849014639854431,0.0,0.0,-0.033568765968084335,-0.31211286783218384,0.03,0,0,0,0,0,0,0,0,0,0,0,0,0,0,0,0,0,0,0,0,0
0.05286526679992676,-1.0,0.0,0.0,-0.024644851684570312,-0.03849014639854431,0.0,0.0,-0.033568765968084335,-0.31211286783218384,0.03,0,0,0,0,0,0,0,0,0,0,0,0,0,0,0,0,0,0,0,0,0
0.05396318435668945,-1.0,0.0,0.0,-0.024917274713516235,-0.038632601499557495,0.0,0.0,0.14053483307361603,-0.09788728505373001,0.03,0,0,0,0,0,0,0,0,0,0,0,0,0,0,0,0,0,0,0,0,0
0.055190086364746094,-1.0,0.0,0.0,-0.02480301260948181,-0.03872627019882202,0.0,0.0,-0.06888137012720108,-0.17700442671775818,0.03,0,0,0,0,0,0,0,0,0,0,0,0,0,0,0,0,0,0,0,0,0
0.056452035903930664,-1.0,0.0,0.0,-0.024795114994049072,-0.038716524839401245,0.0,0.0,-0.018620098009705544,-0.1654224991798401,0.03,0,0,0,0,0,0,0,0,0,0,0,0,0,0,0,0,0,0,0,0,0
0.06010723114013672,-1.0,0.0,0.0,-0.024795114994049072,-0.038716524839401245,0.0,0.0,-0.018620098009705544,-0.1654224991798401,0.03,0,0,0,0,0,0,0,0,0,0,0,0,0,0,0,0,0,0,0,0,0
0.0633234977722168,-1.0,0.0,0.0,-0.024795114994049072,-0.038716524839401245,0.0,0.0,-0.018620098009705544,-0.1654224991798401,0.03,0,0,0,0,0,0,0,0,0,0,0,0,0,0,0,0,0,0,0,0,0
0.06444263458251953,-1.0,0.0,0.0,-0.024795114994049072,-0.038716524839401245,0.0,0.0,-0.018620098009705544,-0.1654224991798401,0.03,0,0,0,0,0,0,0,0,0,0,0,0,0,0,0,0,0,0,0,0,0
0.0659174919128418,-1.0,0.0,0.0,-0.024795114994049072,-0.038716524839401245,0.0,0.0,-0.018620098009705544,-0.1654224991798401,0.03,0,0,0,0,0,0,0,0,0,0,0,0,0,0,0,0,0,0,0,0,0
0.06816482543945312,-1.0,0.0,0.0,-0.024795114994049072,-0.038716524839401245,0.0,0.0,-0.018620098009705544,-0.1654224991798401,0.03,0,0,0,0,0,0,0,0,0,0,0,0,0,0,0,0,0,0,0,0,0
0.0697319507598877,-1.0,0.0,0.0,-0.024795114994049072,-0.038716524839401245,0.0,0.0,-0.018620098009705544,-0.1654224991798401,0.03,0,0,0,0,0,0,0,0,0,0,0,0,0,0,0,0,0,0,0,0,0
0.07162785530090332,-1.0,0.0,0.0,-0.024787098169326782,-0.0386408269405365,0.0,0.0,0.004349968861788511,-0.11250701546669006,0.03,0,0,0,0,0,0,0,0,0,0,0,0,0,0,0,0,0,0,0,0,0
0.0732564926147461,-1.0,0.0,0.0,-0.024915575981140137,-0.038717061281204224,0.0,0.0,0.13727669417858124,-0.11228085309267044,0.03,0,0,0,0,0,0,0,0,0,0,0,0,0,0,0,0,0,0,0,0,0
0.07450318336486816,-1.0,0.0,0.0,-0.024915575981140137,-0.038717061281204224,0.0,0.0,0.13727669417858124,-0.11228085309267044,0.03,0,0,0,0,0,0,0,0,0,0,0,0,0,0,0,0,0,0,0,0,0
0.07622957229614258,-1.0,0.0,0.0,-0.024915575981140137,-0.038717061281204224,0.0,0.0,0.13727669417858124,-0.11228085309267044,0.03,0,0,0,0,0,0,0,0,0,0,0,0,0,0,0,0,0,0,0,0,0
0.0773465633392334,-1.0,0.0,0.0,-0.024915575981140137,-0.038717061281204224,0.0,0.0,0.13727669417858124,-0.11228085309267044,0.03,0,0,0,0,0,0,0,0,0,0,0,0,0,0,0,0,0,0,0,0,0
0.07847332954406738,-1.0,0.0,0.0,-0.024915575981140137,-0.038717061281204224,0.0,0.0,0.13727669417858124,-0.11228085309267044,0.03,0,0,0,0,0,0,0,0,0,0,0,0,0,0,0,0,0,0,0,0,0
0.07957863807678223,-1.0,0.0,0.0,-0.024915575981140137,-0.038717061281204224,0.0,0.0,0.13727669417858124,-0.11228085309267044,0.03,0,0,0,0,0,0,0,0,0,0,0,0,0,0,0,0,0,0,0,0,0
0.08093619346618652,-1.0,0.0,0.0,-0.024915575981140137,-0.038717061281204224,0.0,0.0,0.13727669417858124,-0.11228085309267044,0.03,0,0,0,0,0,0,0,0,0,0,0,0,0,0,0,0,0,0,0,0,0
0.08203291893005371,-1.0,0.0,0.0,-0.024915575981140137,-0.038717061281204224,0.0,0.0,0.13727669417858124,-0.11228085309267044,0.03,0,0,0,0,0,0,0,0,0,0,0,0,0,0,0,0,0,0,0,0,0
0.08312082290649414,-1.0,0.0,0.0,-0.024915575981140137,-0.038717061281204224,0.0,0.0,0.13727669417858124,-0.11228085309267044,0.03,0,0,0,0,0,0,0,0,0,0,0,0,0,0,0,0,0,0,0,0,0
0.08533096313476562,-1.0,0.0,0.0,-0.02487701177597046,-0.038691431283950806,0.0,0.0,0.030717546120285988,-0.10896329581737518,0.03,0,0,0,0,0,0,0,0,0,0,0,0,0,0,0,0,0,0,0,0,0
0.08903121948242188,-1.0,0.0,0.0,-0.024807989597320557,-0.03866341710090637,0.0,0.0,-0.0591762401163578,-0.08919679373502731,0.03,0,0,0,0,0,0,0,0,0,0,0,0,0,0,0,0,0,0,0,0,0
0.09017133712768555,-1.0,0.0,0.0,-0.024807989597320557,-0.03866341710090637,0.0,0.0,-0.0591762401163578,-0.08919679373502731,0.03,0,0,0,0,0,0,0,0,0,0,0,0,0,0,0,0,0,0,0,0,0
0.16152215003967285,-1.0,0.0,0.0,-0.02483484148979187,-0.03860852122306824,0.0,0.0,0.027024582028388977,-0.056780606508255005,0.03,0,0,0,0,0,0,0,0,0,0,0,0,0,0,0,0,0,0,0,0,0
0.16534709930419922,-1.0,0.0,0.0,-0.02483484148979187,-0.03860852122306824,0.0,0.0,0.027024582028388977,-0.056780606508255005,0.03,0,0,0,0,0,0,0,0,0,0,0,0,0,0,0,0,0,0,0,0,0
0.16683411598205566,-1.0,0.0,0.0,-0.02483484148979187,-0.03860852122306824,0.0,0.0,0.027024582028388977,-0.056780606508255005,0.03,0,0,0,0,0,0,0,0,0,0,0,0,0,0,0,0,0,0,0,0,0
0.16810822486877441,-1.0,0.0,0.0,-0.02483484148979187,-0.03860852122306824,0.0,0.0,0.027024582028388977,-0.056780606508255005,0.03,0,0,0,0,0,0,0,0,0,0,0,0,0,0,0,0,0,0,0,0,0
0.16927647590637207,-1.0,0.0,0.0,-0.02483484148979187,-0.03860852122306824,0.0,0.0,0.027024582028388977,-0.056780606508255005,0.03,0,0,0,0,0,0,0,0,0,0,0,0,0,0,0,0,0,0,0,0,0
0.17287945747375488,-1.0,0.0,0.0,-0.024787306785583496,-0.038598865270614624,0.0,0.0,-0.014024937525391579,-0.05853679031133652,0.03,0,0,0,0,0,0,0,0,0,0,0,0,0,0,0,0,0,0,0,0,0
0.17621135711669922,-1.0,0.0,0.0,-0.0248449444770813,-0.038598090410232544,0.0,0.0,0.07372644543647766,-0.10267964005470276,0.03,0,0,0,0,0,0,0,0,0,0,0,0,0,0,0,0,0,0,0,0,0
0.17769503593444824,-1.0,0.0,0.0,-0.0248449444770813,-0.038598090410232544,0.0,0.0,0.07372644543647766,-0.10267964005470276,0.03,0,0,0,0,0,0,0,0,0,0,0,0,0,0,0,0,0,0,0,0,0
0.1791532039642334,-1.0,0.0,0.0,-0.0248449444770813,-0.038598090410232544,0.0,0.0,0.07372644543647766,-0.10267964005470276,0.03,0,0,0,0,0,0,0,0,0,0,0,0,0,0,0,0,0,0,0,0,0
0.18040966987609863,-1.0,0.0,0.0,-0.0248449444770813,-0.038598090410232544,0.0,0.0,0.07372644543647766,-0.10267964005470276,0.03,0,0,0,0,0,0,0,0,0,0,0,0,0,0,0,0,0,0,0,0,0
0.18224453926086426,-1.0,0.0,0.0,-0.024828195571899414,-0.038590580224990845,0.0,0.0,0.011689319275319576,-0.07761470973491669,0.03,0,0,0,0,0,0,0,0,0,0,0,0,0,0,0,0,0,0,0,0,0
0.18363308906555176,-1.0,0.0,0.0,-0.02481788396835327,-0.03858169913291931,0.0,0.0,-0.00833187811076641,-0.037846166640520096,0.03,0,0,0,0,0,0,0,0,0,0,0,0,0,0,0,0,0,0,0,0,0
0.1847226619720459,-1.0,0.0,0.0,-0.02481788396835327,-0.03858169913291931,0.0,0.0,-0.00833187811076641,-0.037846166640520096,0.03,0,0,0,0,0,0,0,0,0,0,0,0,0,0,0,0,0,0,0,0,0
0.1858205795288086,-1.0,0.0,0.0,-0.02481788396835327,-0.03858169913291931,0.0,0.0,-0.00833187811076641,-0.037846166640520096,0.03,0,0,0,0,0,0,0,0,0,0,0,0,0,0,0,0,0,0,0,0,0
0.18690967559814453,-1.0,0.0,0.0,-0.02481788396835327,-0.03858169913291931,0.0,0.0,-0.00833187811076641,-0.037846166640520096,0.03,0,0,0,0,0,0,0,0,0,0,0,0,0,0,0,0,0,0,0,0,0
0.19021248817443848,-1.0,0.0,0.0,-0.02481788396835327,-0.03858169913291931,0.0,0.0,-0.00833187811076641,-0.037846166640520096,0.03,0,0,0,0,0,0,0,0,0,0,0,0,0,0,0,0,0,0,0,0,0
0.1917743682861328,-1.0,0.0,0.0,-0.02481788396835327,-0.03858169913291931,0.0,0.0,-0.00833187811076641,-0.037846166640520096,0.03,0,0,0,0,0,0,0,0,0,0,0,0,0,0,0,0,0,0,0,0,0
0.19382071495056152,-1.0,0.0,0.0,-0.02481788396835327,-0.03858169913291931,0.0,0.0,-0.00833187811076641,-0.037846166640520096,0.03,0,0,0,0,0,0,0,0,0,0,0,0,0,0,0,0,0,0,0,0,0
0.19774699211120605,-1.0,0.0,0.0,-0.024841606616973877,-0.03862416744232178,0.0,0.0,0.07025093585252762,-0.13745298981666565,0.03,0,0,0,0,0,0,0,0,0,0,0,0,0,0,0,0,0,0,0,0,0
0.1988542079925537,-1.0,0.0,0.0,-0.024835169315338135,-0.038616448640823364,0.0,0.0,0.030434424057602882,-0.14836935698986053,0.03,0,0,0,0,0,0,0,0,0,0,0,0,0,0,0,0,0,0,0,0,0
0.20001006126403809,-1.0,0.0,0.0,-0.024835169315338135,-0.038616448640823364,0.0,0.0,0.030434424057602882,-0.14836935698986053,0.03,0,0,0,0,0,0,0,0,0,0,0,0,0,0,0,0,0,0,0,0,0
0.2013239860534668,-1.0,0.0,0.0,-0.024835169315338135,-0.038616448640823364,0.0,0.0,0.030434424057602882,-0.14836935698986053,0.03,0,0,0,0,0,0,0,0,0,0,0,0,0,0,0,0,0,0,0,0,0
0.20281195640563965,-1.0,0.0,0.0,-0.024835169315338135,-0.038616448640823364,0.0,0.0,0.030434424057602882,-0.14836935698986053,0.03,0,0,0,0,0,0,0,0,0,0,0,0,0,0,0,0,0,0,0,0,0
0.20394182205200195,-1.0,0.0,0.0,-0.024835169315338135,-0.038616448640823364,0.0,0.0,0.030434424057602882,-0.14836935698986053,0.03,0,0,0,0,0,0,0,0,0,0,0,0,0,0,0,0,0,0,0,0,0
0.2058560848236084,-1.0,0.0,0.0,-0.024835169315338135,-0.038616448640823364,0.0,0.0,0.030434424057602882,-0.14836935698986053,0.03,0,0,0,0,0,0,0,0,0,0,0,0,0,0,0,0,0,0,0,0,0
0.20720386505126953,-1.0,0.0,0.0,-0.024835169315338135,-0.038616448640823364,0.0,0.0,0.030434424057602882,-0.14836935698986053,0.03,0,0,0,0,0,0,0,0,0,0,0,0,0,0,0,0,0,0,0,0,0
0.20830559730529785,-1.0,0.0,0.0,-0.024835169315338135,-0.038616448640823364,0.0,0.0,0.030434424057602882,-0.14836935698986053,0.03,0,0,0,0,0,0,0,0,0,0,0,0,0,0,0,0,0,0,0,0,0
0.20955705642700195,-1.0,0.0,0.0,-0.024835169315338135,-0.038616448640823364,0.0,0.0,0.030434424057602882,-0.14836935698986053,0.03,0,0,0,0,0,0,0,0,0,0,0,0,0,0,0,0,0,0,0,0,0
0.21067047119140625,-1.0,0.0,0.0,-0.024835169315338135,-0.038616448640823364,0.0,0.0,0.030434424057602882,-0.14836935698986053,0.03,0,0,0,0,0,0,0,0,0,0,0,0,0,0,0,0,0,0,0,0,0
0.2117767333984375,-1.0,0.0,0.0,-0.024835169315338135,-0.038616448640823364,0.0,0.0,0.030434424057602882,-0.14836935698986053,0.03,0,0,0,0,0,0,0,0,0,0,0,0,0,0,0,0,0,0,0,0,0
0.212921142578125,-1.0,0.0,0.0,-0.024835169315338135,-0.038616448640823364,0.0,0.0,0.030434424057602882,-0.14836935698986053,0.03,0,0,0,0,0,0,0,0,0,0,0,0,0,0,0,0,0,0,0,0,0
0.21404433250427246,-1.0,0.0,0.0,-0.024835169315338135,-0.038616448640823364,0.0,0.0,0.030434424057602882,-0.14836935698986053,0.03,0,0,0,0,0,0,0,0,0,0,0,0,0,0,0,0,0,0,0,0,0
0.21527504920959473,-1.0,0.0,0.0,-0.024835169315338135,-0.038616448640823364,0.0,0.0,0.030434424057602882,-0.14836935698986053,0.03,0,0,0,0,0,0,0,0,0,0,0,0,0,0,0,0,0,0,0,0,0
0.21649527549743652,-1.0,0.0,0.0,-0.024835169315338135,-0.038616448640823364,0.0,0.0,0.030434424057602882,-0.14836935698986053,0.03,0,0,0,0,0,0,0,0,0,0,0,0,0,0,0,0,0,0,0,0,0
0.21816802024841309,-1.0,0.0,0.0,-0.024835169315338135,-0.038616448640823364,0.0,0.0,0.030434424057602882,-0.14836935698986053,0.03,0,0,0,0,0,0,0,0,0,0,0,0,0,0,0,0,0,0,0,0,0
0.21925568580627441,-1.0,0.0,0.0,-0.024835169315338135,-0.038616448640823364,0.0,0.0,0.030434424057602882,-0.14836935698986053,0.03,0,0,0,0,0,0,0,0,0,0,0,0,0,0,0,0,0,0,0,0,0
0.22162246704101562,-1.0,0.0,0.0,-0.024835169315338135,-0.038616448640823364,0.0,0.0,0.030434424057602882,-0.14836935698986053,0.03,0,0,0,0,0,0,0,0,0,0,0,0,0,0,0,0,0,0,0,0,0
0.22294044494628906,-1.0,0.0,0.0,-0.024835169315338135,-0.038616448640823364,0.0,0.0,0.030434424057602882,-0.14836935698986053,0.03,0,0,0,0,0,0,0,0,0,0,0,0,0,0,0,0,0,0,0,0,0
0.2266979217529297,-1.0,0.0,0.0,-0.024835169315338135,-0.038616448640823364,0.0,0.0,0.030434424057602882,-0.14836935698986053,0.03,0,0,0,0,0,0,0,0,0,0,0,0,0,0,0,0,0,0,0,0,0
0.22904515266418457,-1.0,0.0,0.0,-0.024835169315338135,-0.038616448640823364,0.0,0.0,0.030434424057602882,-0.14836935698986053,0.03,0,0,0,0,0,0,0,0,0,0,0,0,0,0,0,0,0,0,0,0,0
0.230302095413208,-1.0,0.0,0.0,-0.024835169315338135,-0.038616448640823364,0.0,0.0,0.030434424057602882,-0.14836935698986053,0.03,0,0,0,0,0,0,0,0,0,0,0,0,0,0,0,0,0,0,0,0,0
0.23209571838378906,-1.0,0.0,0.0,-0.024835169315338135,-0.038616448640823364,0.0,0.0,0.030434424057602882,-0.14836935698986053,0.03,0,0,0,0,0,0,0,0,0,0,0,0,0,0,0,0,0,0,0,0,0
0.23319745063781738,-1.0,0.0,0.0,-0.024835169315338135,-0.038616448640823364,0.0,0.0,0.030434424057602882,-0.14836935698986053,0.03,0,0,0,0,0,0,0,0,0,0,0,0,0,0,0,0,0,0,0,0,0
0.2345118522644043,-1.0,0.0,0.0,-0.024835169315338135,-0.038616448640823364,0.0,0.0,0.030434424057602882,-0.14836935698986053,0.03,0,0,0,0,0,0,0,0,0,0,0,0,0,0,0,0,0,0,0,0,0
0.23826885223388672,-1.0,0.0,0.0,-0.02485153079032898,-0.038520753383636475,0.0,0.0,0.06140100210905075,0.01955154351890087,0.03,0,0,0,0,0,0,0,0,0,0,0,0,0,0,0,0,0,0,0,0,0
0.23979997634887695,-1.0,0.0,0.0,-0.02485153079032898,-0.038520753383636475,0.0,0.0,0.06140100210905075,0.01955154351890087,0.03,0,0,0,0,0,0,0,0,0,0,0,0,0,0,0,0,0,0,0,0,0
0.24265027046203613,-1.0,0.0,0.0,-0.02485153079032898,-0.038520753383636475,0.0,0.0,0.06140100210905075,0.01955154351890087,0.03,0,0,0,0,0,0,0,0,0,0,0,0,0,0,0,0,0,0,0,0,0
0.2440645694732666,-1.0,0.0,0.0,-0.024852603673934937,-0.03857418894767761,0.0,0.0,0.06249599531292915,-0.08250454813241959,0.03,0,0,0,0,0,0,0,0,0,0,0,0,0,0,0,0,0,0,0,0,0
0.24552369117736816,-1.0,0.0,0.0,-0.024839967489242554,-0.03856462240219116,0.0,0.0,0.036763325333595276,-0.05916726961731911,0.03,0,0,0,0,0,0,0,0,0,0,0,0,0,0,0,0,0,0,0,0,0
0.24676823616027832,-1.0,0.0,0.0,-0.0248105525970459,-0.03854706883430481,0.0,0.0,-0.030614404007792473,-0.020283058285713196,0.03,0,0,0,0,0,0,0,0,0,0,0,0,0,0,0,0,0,0,0,0,0
0.24853968620300293,-1.0,0.0,0.0,-0.0248105525970459,-0.03854706883430481,0.0,0.0,-0.030614404007792473,-0.020283058285713196,0.03,0,0,0,0,0,0,0,0,0,0,0,0,0,0,0,0,0,0,0,0,0
0.24991941452026367,-1.0,0.0,0.0,-0.0248105525970459,-0.03854706883430481,0.0,0.0,-0.030614404007792473,-0.020283058285713196,0.03,0,0,0,0,0,0,0,0,0,0,0,0,0,0,0,0,0,0,0,0,0
0.25115442276000977,-1.0,0.0,0.0,-0.0248105525970459,-0.03854706883430481,0.0,0.0,-0.030614404007792473,-0.020283058285713196,0.03,0,0,0,0,0,0,0,0,0,0,0,0,0,0,0,0,0,0,0,0,0
0.25235581398010254,-1.0,0.0,0.0,-0.0248105525970459,-0.03854706883430481,0.0,0.0,-0.030614404007792473,-0.020283058285713196,0.03,0,0,0,0,0,0,0,0,0,0,0,0,0,0,0,0,0,0,0,0,0
0.25359439849853516,-1.0,0.0,0.0,-0.0248105525970459,-0.03854706883430481,0.0,0.0,-0.030614404007792473,-0.020283058285713196,0.03,0,0,0,0,0,0,0,0,0,0,0,0,0,0,0,0,0,0,0,0,0
0.2546830177307129,-1.0,0.0,0.0,-0.0248105525970459,-0.03854706883430481,0.0,0.0,-0.030614404007792473,-0.020283058285713196,0.03,0,0,0,0,0,0,0,0,0,0,0,0,0,0,0,0,0,0,0,0,0
0.257122278213501,-1.0,0.0,0.0,-0.0248105525970459,-0.03854706883430481,0.0,0.0,-0.030614404007792473,-0.020283058285713196,0.03,0,0,0,0,0,0,0,0,0,0,0,0,0,0,0,0,0,0,0,0,0
0.25899720191955566,-1.0,0.0,0.0,-0.0248105525970459,-0.03854706883430481,0.0,0.0,-0.030614404007792473,-0.020283058285713196,0.03,0,0,0,0,0,0,0,0,0,0,0,0,0,0,0,0,0,0,0,0,0
0.2604501247406006,-1.0,0.0,0.0,-0.0248105525970459,-0.03854706883430481,0.0,0.0,-0.030614404007792473,-0.020283058285713196,0.03,0,0,0,0,0,0,0,0,0,0,0,0,0,0,0,0,0,0,0,0,0
0.26166367530822754,-1.0,0.0,0.0,-0.0248105525970459,-0.03854706883430481,0.0,0.0,-0.030614404007792473,-0.020283058285713196,0.03,0,0,0,0,0,0,0,0,0,0,0,0,0,0,0,0,0,0,0,0,0
0.2628612518310547,-1.0,0.0,0.0,-0.0248105525970459,-0.03854706883430481,0.0,0.0,-0.030614404007792473,-0.020283058285713196,0.03,0,0,0,0,0,0,0,0,0,0,0,0,0,0,0,0,0,0,0,0,0
0.2642686367034912,-1.0,0.0,0.0,-0.0248105525970459,-0.03854706883430481,0.0,0.0,-0.030614404007792473,-0.020283058285713196,0.03,0,0,0,0,0,0,0,0,0,0,0,0,0,0,0,0,0,0,0,0,0
0.2660398483276367,-1.0,0.0,0.0,-0.0248105525970459,-0.03854706883430481,0.0,0.0,-0.030614404007792473,-0.020283058285713196,0.03,0,0,0,0,0,0,0,0,0,0,0,0,0,0,0,0,0,0,0,0,0
0.2673499584197998,-1.0,0.0,0.0,-0.0248105525970459,-0.03854706883430481,0.0,0.0,-0.030614404007792473,-0.020283058285713196,0.03,0,0,0,0,0,0,0,0,0,0,0,0,0,0,0,0,0,0,0,0,0
0.2689032554626465,-1.0,0.0,0.0,-0.0248105525970459,-0.03854706883430481,0.0,0.0,-0.030614404007792473,-0.020283058285713196,0.03,0,0,0,0,0,0,0,0,0,0,0,0,0,0,0,0,0,0,0,0,0
0.2703554630279541,-1.0,0.0,0.0,-0.0248105525970459,-0.03854706883430481,0.0,0.0,-0.030614404007792473,-0.020283058285713196,0.03,0,0,0,0,0,0,0,0,0,0,0,0,0,0,0,0,0,0,0,0,0
0.27144336700439453,-1.0,0.0,0.0,-0.0248105525970459,-0.03854706883430481,0.0,0.0,-0.030614404007792473,-0.020283058285713196,0.03,0,0,0,0,0,0,0,0,0,0,0,0,0,0,0,0,0,0,0,0,0
0.2773475646972656,-1.0,0.0,0.0,-0.0248052179813385,-0.038522154092788696,0.0,0.0,-1.8654391169548035e-05,-0.003001231700181961,0.03,0,0,0,0,0,0,0,0,0,0,0,0,0,0,0,0,0,0,0,0,0
0.27868080139160156,-1.0,0.0,0.0,-0.0248052179813385,-0.038522154092788696,0.0,0.0,-1.8654391169548035e-05,-0.003001231700181961,0.03,0,0,0,0,0,0,0,0,0,0,0,0,0,0,0,0,0,0,0,0,0
0.28072667121887207,-1.0,0.0,0.0,-0.0248052179813385,-0.038522154092788696,0.0,0.0,-1.8654391169548035e-05,-0.003001231700181961,0.03,0,0,0,0,0,0,0,0,0,0,0,0,0,0,0,0,0,0,0,0,0
0.2823984622955322,-1.0,0.0,0.0,-0.0248052179813385,-0.038522154092788696,0.0,0.0,-1.8654391169548035e-05,-0.003001231700181961,0.03,0,0,0,0,0,0,0,0,0,0,0,0,0,0,0,0,0,0,0,0,0
0.28357386589050293,-1.0,0.0,0.0,-0.0248052179813385,-0.038522154092788696,0.0,0.0,-1.8654391169548035e-05,-0.003001231700181961,0.03,0,0,0,0,0,0,0,0,0,0,0,0,0,0,0,0,0,0,0,0,0
0.2847559452056885,-1.0,0.0,0.0,-0.0248052179813385,-0.038522154092788696,0.0,0.0,-1.8654391169548035e-05,-0.003001231700181961,0.03,0,0,0,0,0,0,0,0,0,0,0,0,0,0,0,0,0,0,0,0,0
0.2863032817840576,-1.0,0.0,0.0,-0.0248052179813385,-0.038522154092788696,0.0,0.0,-1.8654391169548035e-05,-0.003001231700181961,0.03,0,0,0,0,0,0,0,0,0,0,0,0,0,0,0,0,0,0,0,0,0
0.28838682174682617,-1.0,0.0,0.0,-0.0248052179813385,-0.038522154092788696,0.0,0.0,-1.8654391169548035e-05,-0.003001231700181961,0.03,0,0,0,0,0,0,0,0,0,0,0,0,0,0,0,0,0,0,0,0,0
0.29039978981018066,-1.0,0.0,0.0,-0.0248052179813385,-0.038522154092788696,0.0,0.0,-1.8654391169548035e-05,-0.003001231700181961,0.03,0,0,0,0,0,0,0,0,0,0,0,0,0,0,0,0,0,0,0,0,0
0.2914900779724121,-1.0,0.0,0.0,-0.0248052179813385,-0.038522154092788696,0.0,0.0,-1.8654391169548035e-05,-0.003001231700181961,0.03,0,0,0,0,0,0,0,0,0,0,0,0,0,0,0,0,0,0,0,0,0
0.2927217483520508,-1.0,0.0,0.0,-0.0248052179813385,-0.038522154092788696,0.0,0.0,-1.8654391169548035e-05,-0.003001231700181961,0.03,0,0,0,0,0,0,0,0,0,0,0,0,0,0,0,0,0,0,0,0,0
0.29445791244506836,-1.0,0.0,0.0,-0.0248052179813385,-0.038522154092788696,0.0,0.0,-1.8654391169548035e-05,-0.003001231700181961,0.03,0,0,0,0,0,0,0,0,0,0,0,0,0,0,0,0,0,0,0,0,0
0.2955641746520996,-1.0,0.0,0.0,-0.024809807538986206,-0.0385761559009552,0.0,0.0,0.0008940050611272454,-0.0766618549823761,0.03,0,0,0,0,0,0,0,0,0,0,0,0,0,0,0,0,0,0,0,0,0
0.2966644763946533,-1.0,0.0,0.0,-0.024809807538986206,-0.0385761559009552,0.0,0.0,0.0008940050611272454,-0.0766618549823761,0.03,0,0,0,0,0,0,0,0,0,0,0,0,0,0,0,0,0,0,0,0,0
0.2978658676147461,-1.0,0.0,0.0,-0.024809807538986206,-0.0385761559009552,0.0,0.0,0.0008940050611272454,-0.0766618549823761,0.03,0,0,0,0,0,0,0,0,0,0,0,0,0,0,0,0,0,0,0,0,0
0.2992055416107178,-1.0,0.0,0.0,-0.024823158979415894,-0.038558512926101685,0.0,0.0,0.03477337211370468,-0.1040288507938385,0.03,0,0,0,0,0,0,0,0,0,0,0,0,0,0,0,0,0,0,0,0,0
0.3006131649017334,-1.0,0.0,0.0,-0.024818599224090576,-0.03854379057884216,0.0,0.0,0.040461231023073196,-0.07090659439563751,0.03,0,0,0,0,0,0,0,0,0,0,0,0,0,0,0,0,0,0,0,0,0
0.3018300533294678,-1.0,0.0,0.0,-0.024818599224090576,-0.03854379057884216,0.0,0.0,0.040461231023073196,-0.07090659439563751,0.03,0,0,0,0,0,0,0,0,0,0,0,0,0,0,0,0,0,0,0,0,0
0.303241491317749,-1.0,0.0,0.0,-0.024818599224090576,-0.03854379057884216,0.0,0.0,0.040461231023073196,-0.07090659439563751,0.03,0,0,0,0,0,0,0,0,0,0,0,0,0,0,0,0,0,0,0,0,0
0.3043527603149414,-1.0,0.0,0.0,-0.024818599224090576,-0.03854379057884216,0.0,0.0,0.040461231023073196,-0.07090659439563751,0.03,0,0,0,0,0,0,0,0,0,0,0,0,0,0,0,0,0,0,0,0,0
0.3058204650878906,-1.0,0.0,0.0,-0.024818599224090576,-0.03854379057884216,0.0,0.0,0.040461231023073196,-0.07090659439563751,0.03,0,0,0,0,0,0,0,0,0,0,0,0,0,0,0,0,0,0,0,0,0
0.3076009750366211,-1.0,0.0,0.0,-0.024818599224090576,-0.03854379057884216,0.0,0.0,0.040461231023073196,-0.07090659439563751,0.03,0,0,0,0,0,0,0,0,0,0,0,0,0,0,0,0,0,0,0,0,0
0.3087904453277588,-1.0,0.0,0.0,-0.024818599224090576,-0.03854379057884216,0.0,0.0,0.040461231023073196,-0.07090659439563751,0.03,0,0,0,0,0,0,0,0,0,0,0,0,0,0,0,0,0,0,0,0,0
0.3121144771575928,-1.0,0.0,0.0,-0.024818599224090576,-0.03853851556777954,0.0,0.0,0.016050245612859726,0.01256134919822216,0.03,0,0,0,0,0,0,0,0,0,0,0,0,0,0,0,0,0,0,0,0,0
0.3137781620025635,-1.0,0.0,0.0,-0.024831652641296387,-0.03850874304771423,0.0,0.0,0.046608127653598785,0.014654778875410557,0.03,0,0,0,0,0,0,0,0,0,0,0,0,0,0,0,0,0,0,0,0,0
0.31487059593200684,-1.0,0.0,0.0,-0.024831652641296387,-0.03850874304771423,0.0,0.0,0.046608127653598785,0.014654778875410557,0.03,0,0,0,0,0,0,0,0,0,0,0,0,0,0,0,0,0,0,0,0,0
0.3162119388580322,-1.0,0.0,0.0,-0.024831652641296387,-0.03850874304771423,0.0,0.0,0.046608127653598785,0.014654778875410557,0.03,0,0,0,0,0,0,0,0,0,0,0,0,0,0,0,0,0,0,0,0,0
0.3178524971008301,-1.0,0.0,0.0,-0.024831652641296387,-0.03850874304771423,0.0,0.0,0.046608127653598785,0.014654778875410557,0.03,0,0,0,0,0,0,0,0,0,0,0,0,0,0,0,0,0,0,0,0,0
0.3200802803039551,-1.0,0.0,0.0,-0.024831652641296387,-0.03850874304771423,0.0,0.0,0.046608127653598785,0.014654778875410557,0.03,0,0,0,0,0,0,0,0,0,0,0,0,0,0,0,0,0,0,0,0,0
0.32134246826171875,-1.0,0.0,0.0,-0.024831652641296387,-0.03850874304771423,0.0,0.0,0.046608127653598785,0.014654778875410557,0.03,0,0,0,0,0,0,0,0,0,0,0,0,0,0,0,0,0,0,0,0,0
0.3224034309387207,-1.0,0.0,0.0,-0.024831652641296387,-0.03850874304771423,0.0,0.0,0.046608127653598785,0.014654778875410557,0.03,0,0,0,0,0,0,0,0,0,0,0,0,0,0,0,0,0,0,0,0,0
0.3237028121948242,-1.0,0.0,0.0,-0.024831652641296387,-0.03850874304771423,0.0,0.0,0.046608127653598785,0.014654778875410557,0.03,0,0,0,0,0,0,0,0,0,0,0,0,0,0,0,0,0,0,0,0,0
0.3249697685241699,-1.0,0.0,0.0,-0.024802029132843018,-0.038545042276382446,0.0,0.0,-0.02808157168328762,-0.07911065220832825,0.03,0,0,0,0,0,0,0,0,0,0,0,0,0,0,0,0,0,0,0,0,0
0.3267805576324463,-1.0,0.0,0.0,-0.02483472228050232,-0.03853681683540344,0.0,0.0,0.04673627018928528,-0.05258958414196968,0.03,0,0,0,0,0,0,0,0,0,0,0,0,0,0,0,0,0,0,0,0,0
0.32819485664367676,-1.0,0.0,0.0,-0.024807721376419067,-0.03851357102394104,0.0,0.0,-0.016259053722023964,0.008521911688148975,0.03,0,0,0,0,0,0,0,0,0,0,0,0,0,0,0,0,0,0,0,0,0
0.3293590545654297,-1.0,0.0,0.0,-0.024807721376419067,-0.03851357102394104,0.0,0.0,-0.016259053722023964,0.008521911688148975,0.03,0,0,0,0,0,0,0,0,0,0,0,0,0,0,0,0,0,0,0,0,0
0.33063316345214844,-1.0,0.0,0.0,-0.024807721376419067,-0.03851357102394104,0.0,0.0,-0.016259053722023964,0.008521911688148975,0.03,0,0,0,0,0,0,0,0,0,0,0,0,0,0,0,0,0,0,0,0,0
0.3318288326263428,-1.0,0.0,0.0,-0.02479645609855652,-0.03851291537284851,0.0,0.0,-0.018560292199254036,-0.00608060834929347,0.03,0,0,0,0,0,0,0,0,0,0,0,0,0,0,0,0,0,0,0,0,0
0.3329179286956787,-1.0,0.0,0.0,-0.02479645609855652,-0.03851291537284851,0.0,0.0,-0.018560292199254036,-0.00608060834929347,0.03,0,0,0,0,0,0,0,0,0,0,0,0,0,0,0,0,0,0,0,0,0
0.3353703022003174,-1.0,0.0,0.0,-0.02479645609855652,-0.03851291537284851,0.0,0.0,-0.018560292199254036,-0.00608060834929347,0.03,0,0,0,0,0,0,0,0,0,0,0,0,0,0,0,0,0,0,0,0,0
0.3366684913635254,-1.0,0.0,0.0,-0.024837076663970947,-0.03852564096450806,0.0,0.0,0.0838296040892601,-0.050481896847486496,0.03,0,0,0,0,0,0,0,0,0,0,0,0,0,0,0,0,0,0,0,0,0
0.33959031105041504,-1.0,0.0,0.0,-0.024837076663970947,-0.03852564096450806,0.0,0.0,0.0838296040892601,-0.050481896847486496,0.03,0,0,0,0,0,0,0,0,0,0,0,0,0,0,0,0,0,0,0,0,0
0.34090161323547363,-1.0,0.0,0.0,-0.024837076663970947,-0.03852564096450806,0.0,0.0,0.0838296040892601,-0.050481896847486496,0.03,0,0,0,0,0,0,0,0,0,0,0,0,0,0,0,0,0,0,0,0,0
0.3420395851135254,-1.0,0.0,0.0,-0.024837076663970947,-0.03852564096450806,0.0,0.0,0.0838296040892601,-0.050481896847486496,0.03,0,0,0,0,0,0,0,0,0,0,0,0,0,0,0,0,0,0,0,0,0
0.3439202308654785,-1.0,0.0,0.0,-0.024837076663970947,-0.03852564096450806,0.0,0.0,0.0838296040892601,-0.050481896847486496,0.03,0,0,0,0,0,0,0,0,0,0,0,0,0,0,0,0,0,0,0,0,0
0.3461136817932129,-1.0,0.0,0.0,-0.024837076663970947,-0.03852564096450806,0.0,0.0,0.0838296040892601,-0.050481896847486496,0.03,0,0,0,0,0,0,0,0,0,0,0,0,0,0,0,0,0,0,0,0,0
0.3473169803619385,-1.0,0.0,0.0,-0.024837076663970947,-0.03852564096450806,0.0,0.0,0.0838296040892601,-0.050481896847486496,0.03,0,0,0,0,0,0,0,0,0,0,0,0,0,0,0,0,0,0,0,0,0
0.35047316551208496,-1.0,0.0,0.0,-0.024837076663970947,-0.03852564096450806,0.0,0.0,0.0838296040892601,-0.050481896847486496,0.03,0,0,0,0,0,0,0,0,0,0,0,0,0,0,0,0,0,0,0,0,0
0.3519423007965088,-1.0,0.0,0.0,-0.024837076663970947,-0.03852564096450806,0.0,0.0,0.0838296040892601,-0.050481896847486496,0.03,0,0,0,0,0,0,0,0,0,0,0,0,0,0,0,0,0,0,0,0,0
0.3535597324371338,-1.0,0.0,0.0,-0.024837076663970947,-0.03852564096450806,0.0,0.0,0.0838296040892601,-0.050481896847486496,0.03,0,0,0,0,0,0,0,0,0,0,0,0,0,0,0,0,0,0,0,0,0
0.3553953170776367,-1.0,0.0,0.0,-0.024837076663970947,-0.03852564096450806,0.0,0.0,0.0838296040892601,-0.050481896847486496,0.03,0,0,0,0,0,0,0,0,0,0,0,0,0,0,0,0,0,0,0,0,0
0.3566904067993164,-1.0,0.0,0.0,-0.024837076663970947,-0.03852564096450806,0.0,0.0,0.0838296040892601,-0.050481896847486496,0.03,0,0,0,0,0,0,0,0,0,0,0,0,0,0,0,0,0,0,0,0,0
0.35797667503356934,-1.0,0.0,0.0,-0.024837076663970947,-0.03852564096450806,0.0,0.0,0.0838296040892601,-0.050481896847486496,0.03,0,0,0,0,0,0,0,0,0,0,0,0,0,0,0,0,0,0,0,0,0
0.36079835891723633,-1.0,0.0,0.0,-0.024837076663970947,-0.03852564096450806,0.0,0.0,0.0838296040892601,-0.050481896847486496,0.03,0,0,0,0,0,0,0,0,0,0,0,0,0,0,0,0,0,0,0,0,0
0.36195898056030273,-1.0,0.0,0.0,-0.024837076663970947,-0.03852564096450806,0.0,0.0,0.0838296040892601,-0.050481896847486496,0.03,0,0,0,0,0,0,0,0,0,0,0,0,0,0,0,0,0,0,0,0,0
0.36334800720214844,-1.0,0.0,0.0,-0.024837076663970947,-0.03852564096450806,0.0,0.0,0.0838296040892601,-0.050481896847486496,0.03,0,0,0,0,0,0,0,0,0,0,0,0,0,0,0,0,0,0,0,0,0
0.36444997787475586,-1.0,0.0,0.0,-0.024837076663970947,-0.03852564096450806,0.0,0.0,0.0838296040892601,-0.050481896847486496,0.03,0,0,0,0,0,0,0,0,0,0,0,0,0,0,0,0,0,0,0,0,0
0.3659980297088623,-1.0,0.0,0.0,-0.024837076663970947,-0.03852564096450806,0.0,0.0,0.0838296040892601,-0.050481896847486496,0.03,0,0,0,0,0,0,0,0,0,0,0,0,0,0,0,0,0,0,0,0,0
0.3672456741333008,-1.0,0.0,0.0,-0.02479994297027588,-0.03851768374443054,0.0,0.0,-0.04743856564164162,-0.023478839546442032,0.03,0,0,0,0,0,0,0,0,0,0,0,0,0,0,0,0,0,0,0,0,0
0.36838197708129883,-1.0,0.0,0.0,-0.02479994297027588,-0.03851768374443054,0.0,0.0,-0.04743856564164162,-0.023478839546442032,0.03,0,0,0,0,0,0,0,0,0,0,0,0,0,0,0,0,0,0,0,0,0
0.3724064826965332,-1.0,0.0,0.0,-0.02479994297027588,-0.03851768374443054,0.0,0.0,-0.04743856564164162,-0.023478839546442032,0.03,0,0,0,0,0,0,0,0,0,0,0,0,0,0,0,0,0,0,0,0,0
0.373676061630249,-1.0,0.0,0.0,-0.02479994297027588,-0.03851768374443054,0.0,0.0,-0.04743856564164162,-0.023478839546442032,0.03,0,0,0,0,0,0,0,0,0,0,0,0,0,0,0,0,0,0,0,0,0
0.37558937072753906,-1.0,0.0,0.0,-0.02479994297027588,-0.03851768374443054,0.0,0.0,-0.04743856564164162,-0.023478839546442032,0.03,0,0,0,0,0,0,0,0,0,0,0,0,0,0,0,0,0,0,0,0,0
0.37677431106567383,-1.0,0.0,0.0,-0.02479994297027588,-0.03851768374443054,0.0,0.0,-0.04743856564164162,-0.023478839546442032,0.03,0,0,0,0,0,0,0,0,0,0,0,0,0,0,0,0,0,0,0,0,0
0.3778965473175049,-1.0,0.0,0.0,-0.02479994297027588,-0.03851768374443054,0.0,0.0,-0.04743856564164162,-0.023478839546442032,0.03,0,0,0,0,0,0,0,0,0,0,0,0,0,0,0,0,0,0,0,0,0
0.382434606552124,-1.0,0.0,0.0,-0.02479994297027588,-0.03851768374443054,0.0,0.0,-0.04743856564164162,-0.023478839546442032,0.03,0,0,0,0,0,0,0,0,0,0,0,0,0,0,0,0,0,0,0,0,0
0.3839993476867676,-1.0,0.0,0.0,-0.02479994297027588,-0.03851768374443054,0.0,0.0,-0.04743856564164162,-0.023478839546442032,0.03,0,0,0,0,0,0,0,0,0,0,0,0,0,0,0,0,0,0,0,0,0
0.38512468338012695,-1.0,0.0,0.0,-0.02479994297027588,-0.03851768374443054,0.0,0.0,-0.04743856564164162,-0.023478839546442032,0.03,0,0,0,0,0,0,0,0,0,0,0,0,0,0,0,0,0,0,0,0,0
0.3867149353027344,-1.0,0.0,0.0,-0.02479994297027588,-0.03851768374443054,0.0,0.0,-0.04743856564164162,-0.023478839546442032,0.03,0,0,0,0,0,0,0,0,0,0,0,0,0,0,0,0,0,0,0,0,0
0.3882911205291748,-1.0,0.0,0.0,-0.02479994297027588,-0.03851768374443054,0.0,0.0,-0.04743856564164162,-0.023478839546442032,0.03,0,0,0,0,0,0,0,0,0,0,0,0,0,0,0,0,0,0,0,0,0
0.38945579528808594,-1.0,0.0,0.0,-0.02479994297027588,-0.03851768374443054,0.0,0.0,-0.04743856564164162,-0.023478839546442032,0.03,0,0,0,0,0,0,0,0,0,0,0,0,0,0,0,0,0,0,0,0,0
0.3905665874481201,-1.0,0.0,0.0,-0.02479994297027588,-0.03851768374443054,0.0,0.0,-0.04743856564164162,-0.023478839546442032,0.03,0,0,0,0,0,0,0,0,0,0,0,0,0,0,0,0,0,0,0,0,0
0.39231157302856445,-1.0,0.0,0.0,-0.02479994297027588,-0.03851768374443054,0.0,0.0,-0.04743856564164162,-0.023478839546442032,0.03,0,0,0,0,0,0,0,0,0,0,0,0,0,0,0,0,0,0,0,0,0
0.3940730094909668,-1.0,0.0,0.0,-0.02479994297027588,-0.03851768374443054,0.0,0.0,-0.04743856564164162,-0.023478839546442032,0.03,0,0,0,0,0,0,0,0,0,0,0,0,0,0,0,0,0,0,0,0,0
0.3956413269042969,-1.0,0.0,0.0,-0.02479994297027588,-0.03851768374443054,0.0,0.0,-0.04743856564164162,-0.023478839546442032,0.03,0,0,0,0,0,0,0,0,0,0,0,0,0,0,0,0,0,0,0,0,0
0.39675307273864746,-1.0,0.0,0.0,-0.02479994297027588,-0.03851768374443054,0.0,0.0,-0.04743856564164162,-0.023478839546442032,0.03,0,0,0,0,0,0,0,0,0,0,0,0,0,0,0,0,0,0,0,0,0
0.3983283042907715,-1.0,0.0,0.0,-0.02479994297027588,-0.03851768374443054,0.0,0.0,-0.04743856564164162,-0.023478839546442032,0.03,0,0,0,0,0,0,0,0,0,0,0,0,0,0,0,0,0,0,0,0,0
0.4003791809082031,-1.0,0.0,0.0,-0.02479994297027588,-0.03851768374443054,0.0,0.0,-0.04743856564164162,-0.023478839546442032,0.03,0,0,0,0,0,0,0,0,0,0,0,0,0,0,0,0,0,0,0,0,0
0.40154170989990234,-1.0,0.0,0.0,-0.02479994297027588,-0.03851768374443054,0.0,0.0,-0.04743856564164162,-0.023478839546442032,0.03,0,0,0,0,0,0,0,0,0,0,0,0,0,0,0,0,0,0,0,0,0
0.40282487869262695,-1.0,0.0,0.0,-0.02479994297027588,-0.03851768374443054,0.0,0.0,-0.04743856564164162,-0.023478839546442032,0.03,0,0,0,0,0,0,0,0,0,0,0,0,0,0,0,0,0,0,0,0,0
0.40401792526245117,-1.0,0.0,0.0,-0.02479994297027588,-0.03851768374443054,0.0,0.0,-0.04743856564164162,-0.023478839546442032,0.03,0,0,0,0,0,0,0,0,0,0,0,0,0,0,0,0,0,0,0,0,0
0.40557408332824707,-1.0,0.0,0.0,-0.02479994297027588,-0.03851768374443054,0.0,0.0,-0.04743856564164162,-0.023478839546442032,0.03,0,0,0,0,0,0,0,0,0,0,0,0,0,0,0,0,0,0,0,0,0
0.4069099426269531,-1.0,0.0,0.0,-0.02479994297027588,-0.03851768374443054,0.0,0.0,-0.04743856564164162,-0.023478839546442032,0.03,0,0,0,0,0,0,0,0,0,0,0,0,0,0,0,0,0,0,0,0,0
0.40804529190063477,-1.0,0.0,0.0,-0.02479994297027588,-0.03851768374443054,0.0,0.0,-0.04743856564164162,-0.023478839546442032,0.03,0,0,0,0,0,0,0,0,0,0,0,0,0,0,0,0,0,0,0,0,0
0.40924644470214844,-1.0,0.0,0.0,-0.02479994297027588,-0.03851768374443054,0.0,0.0,-0.04743856564164162,-0.023478839546442032,0.03,0,0,0,0,0,0,0,0,0,0,0,0,0,0,0,0,0,0,0,0,0
0.41110754013061523,-1.0,0.0,0.0,-0.02479994297027588,-0.03851768374443054,0.0,0.0,-0.04743856564164162,-0.023478839546442032,0.03,0,0,0,0,0,0,0,0,0,0,0,0,0,0,0,0,0,0,0,0,0
0.41233325004577637,-1.0,0.0,0.0,-0.02479994297027588,-0.03851768374443054,0.0,0.0,-0.04743856564164162,-0.023478839546442032,0.03,0,0,0,0,0,0,0,0,0,0,0,0,0,0,0,0,0,0,0,0,0
0.41348695755004883,-1.0,0.0,0.0,-0.02479994297027588,-0.03851768374443054,0.0,0.0,-0.04743856564164162,-0.023478839546442032,0.03,0,0,0,0,0,0,0,0,0,0,0,0,0,0,0,0,0,0,0,0,0
0.41460680961608887,-1.0,0.0,0.0,-0.02479994297027588,-0.03851768374443054,0.0,0.0,-0.04743856564164162,-0.023478839546442032,0.03,0,0,0,0,0,0,0,0,0,0,0,0,0,0,0,0,0,0,0,0,0
0.4158360958099365,-1.0,0.0,0.0,-0.02479994297027588,-0.03851768374443054,0.0,0.0,-0.04743856564164162,-0.023478839546442032,0.03,0,0,0,0,0,0,0,0,0,0,0,0,0,0,0,0,0,0,0,0,0
0.4185159206390381,-1.0,0.0,0.0,-0.02448827028274536,-0.03851354122161865,0.0,0.0,-0.46039700508117676,-0.023216621950268745,0.03,0,0,0,0,0,0,0,0,0,0,0,0,0,0,0,0,0,0,0,0,0
0.4204261302947998,-1.0,0.0,0.0,-0.02427041530609131,-0.03852275013923645,0.0,0.0,-0.5564281940460205,-0.027309086173772812,0.03,0,0,0,0,0,0,0,0,0,0,0,0,0,0,0,0,0,0,0,0,0
0.4228544235229492,-1.0,0.0,0.0,-0.024226069450378418,-0.03851243853569031,0.0,0.0,-0.49873629212379456,-0.009948491118848324,0.03,0,0,0,0,0,0,0,0,0,0,0,0,0,0,0,0,0,0,0,0,0
0.42413783073425293,-1.0,0.0,0.0,-0.02423134446144104,-0.03851616382598877,0.0,0.0,-0.4455031454563141,-0.01949372887611389,0.03,0,0,0,0,0,0,0,0,0,0,0,0,0,0,0,0,0,0,0,0,0
0.42563390731811523,-1.0,0.0,0.0,-0.02423134446144104,-0.03851616382598877,0.0,0.0,-0.4455031454563141,-0.01949372887611389,0.03,0,0,0,0,0,0,0,0,0,0,0,0,0,0,0,0,0,0,0,0,0
0.42676520347595215,-1.0,0.0,0.0,-0.02423134446144104,-0.03851616382598877,0.0,0.0,-0.4455031454563141,-0.01949372887611389,0.03,0,0,0,0,0,0,0,0,0,0,0,0,0,0,0,0,0,0,0,0,0
0.42965197563171387,-1.0,0.0,0.0,-0.02423134446144104,-0.03851616382598877,0.0,0.0,-0.4455031454563141,-0.01949372887611389,0.03,0,0,0,0,0,0,0,0,0,0,0,0,0,0,0,0,0,0,0,0,0
0.43137216567993164,-1.0,0.0,0.0,-0.02423134446144104,-0.03851616382598877,0.0,0.0,-0.4455031454563141,-0.01949372887611389,0.03,0,0,0,0,0,0,0,0,0,0,0,0,0,0,0,0,0,0,0,0,0
0.4324967861175537,-1.0,0.0,0.0,-0.02423134446144104,-0.03851616382598877,0.0,0.0,-0.4455031454563141,-0.01949372887611389,0.03,0,0,0,0,0,0,0,0,0,0,0,0,0,0,0,0,0,0,0,0,0
0.43548083305358887,-1.0,0.0,0.0,-0.02423134446144104,-0.03851616382598877,0.0,0.0,-0.4455031454563141,-0.01949372887611389,0.03,0,0,0,0,0,0,0,0,0,0,0,0,0,0,0,0,0,0,0,0,0
0.4372568130493164,-1.0,0.0,0.0,-0.024712711572647095,-0.03834792971611023,0.0,0.0,-0.2231883555650711,0.053687021136283875,0.03,0,0,0,0,0,0,0,0,0,0,0,0,0,0,0,0,0,0,0,0,0
0.4388256072998047,-1.0,0.0,0.0,-0.024922698736190796,-0.03838029503822327,0.0,0.0,0.1502193808555603,-0.0598108135163784,0.03,0,0,0,0,0,0,0,0,0,0,0,0,0,0,0,0,0,0,0,0,0
0.43991899490356445,-1.0,0.0,0.0,-0.024922698736190796,-0.03838029503822327,0.0,0.0,0.1502193808555603,-0.0598108135163784,0.03,0,0,0,0,0,0,0,0,0,0,0,0,0,0,0,0,0,0,0,0,0
0.44269895553588867,-1.0,0.0,0.0,-0.024922698736190796,-0.03838029503822327,0.0,0.0,0.1502193808555603,-0.0598108135163784,0.03,0,0,0,0,0,0,0,0,0,0,0,0,0,0,0,0,0,0,0,0,0
0.4440267086029053,-1.0,0.0,0.0,-0.024922698736190796,-0.03838029503822327,0.0,0.0,0.1502193808555603,-0.0598108135163784,0.03,0,0,0,0,0,0,0,0,0,0,0,0,0,0,0,0,0,0,0,0,0
0.446185827255249,-1.0,0.0,0.0,-0.02479490637779236,-0.038400083780288696,0.0,0.0,-0.12008471041917801,-0.00694808317348361,0.03,0,0,0,0,0,0,0,0,0,0,0,0,0,0,0,0,0,0,0,0,0
0.4473252296447754,-1.0,0.0,0.0,-0.02479490637779236,-0.038400083780288696,0.0,0.0,-0.12008471041917801,-0.00694808317348361,0.03,0,0,0,0,0,0,0,0,0,0,0,0,0,0,0,0,0,0,0,0,0
0.44867444038391113,-1.0,0.0,0.0,-0.02479490637779236,-0.038400083780288696,0.0,0.0,-0.12008471041917801,-0.00694808317348361,0.03,0,0,0,0,0,0,0,0,0,0,0,0,0,0,0,0,0,0,0,0,0
0.4499013423919678,-1.0,0.0,0.0,-0.02479490637779236,-0.038400083780288696,0.0,0.0,-0.12008471041917801,-0.00694808317348361,0.03,0,0,0,0,0,0,0,0,0,0,0,0,0,0,0,0,0,0,0,0,0
0.45109105110168457,-1.0,0.0,0.0,-0.02479490637779236,-0.038400083780288696,0.0,0.0,-0.12008471041917801,-0.00694808317348361,0.03,0,0,0,0,0,0,0,0,0,0,0,0,0,0,0,0,0,0,0,0,0
0.4521925449371338,-1.0,0.0,0.0,-0.02479490637779236,-0.038400083780288696,0.0,0.0,-0.12008471041917801,-0.00694808317348361,0.03,0,0,0,0,0,0,0,0,0,0,0,0,0,0,0,0,0,0,0,0,0
0.454906702041626,-1.0,0.0,0.0,-0.024318039417266846,-0.03827282786369324,0.0,0.0,-0.6307238340377808,0.2709604799747467,0.03,0,0,0,0,0,0,0,0,0,0,0,0,0,0,0,0,0,0,0,0,0
0.4573960304260254,-1.0,0.0,0.0,-0.024318039417266846,-0.03827282786369324,0.0,0.0,-0.6307238340377808,0.2709604799747467,0.03,0,0,0,0,0,0,0,0,0,0,0,0,0,0,0,0,0,0,0,0,0
0.45860981941223145,-1.0,0.0,0.0,-0.024318039417266846,-0.03827282786369324,0.0,0.0,-0.6307238340377808,0.2709604799747467,0.03,0,0,0,0,0,0,0,0,0,0,0,0,0,0,0,0,0,0,0,0,0
0.45972752571105957,-1.0,0.0,0.0,-0.024318039417266846,-0.03827282786369324,0.0,0.0,-0.6307238340377808,0.2709604799747467,0.03,0,0,0,0,0,0,0,0,0,0,0,0,0,0,0,0,0,0,0,0,0
0.4608001708984375,-1.0,0.0,0.0,-0.024318039417266846,-0.03827282786369324,0.0,0.0,-0.6307238340377808,0.2709604799747467,0.03,0,0,0,0,0,0,0,0,0,0,0,0,0,0,0,0,0,0,0,0,0
0.461871862411499,-1.0,0.0,0.0,-0.024318039417266846,-0.03827282786369324,0.0,0.0,-0.6307238340377808,0.2709604799747467,0.03,0,0,0,0,0,0,0,0,0,0,0,0,0,0,0,0,0,0,0,0,0
0.46331286430358887,-1.0,0.0,0.0,-0.024318039417266846,-0.03827282786369324,0.0,0.0,-0.6307238340377808,0.2709604799747467,0.03,0,0,0,0,0,0,0,0,0,0,0,0,0,0,0,0,0,0,0,0,0
0.46500158309936523,-1.0,0.0,0.0,-0.024924367666244507,-0.03827071189880371,0.0,0.0,0.17887267470359802,0.12950339913368225,0.03,0,0,0,0,0,0,0,0,0,0,0,0,0,0,0,0,0,0,0,0,0
0.4661390781402588,-1.0,0.0,0.0,-0.024924367666244507,-0.03827071189880371,0.0,0.0,0.17887267470359802,0.12950339913368225,0.03,0,0,0,0,0,0,0,0,0,0,0,0,0,0,0,0,0,0,0,0,0
0.4673182964324951,-1.0,0.0,0.0,-0.024924367666244507,-0.03827071189880371,0.0,0.0,0.17887267470359802,0.12950339913368225,0.03,0,0,0,0,0,0,0,0,0,0,0,0,0,0,0,0,0,0,0,0,0
0.46898460388183594,-1.0,0.0,0.0,-0.024924367666244507,-0.03827071189880371,0.0,0.0,0.17887267470359802,0.12950339913368225,0.03,0,0,0,0,0,0,0,0,0,0,0,0,0,0,0,0,0,0,0,0,0
0.4715611934661865,-1.0,0.0,0.0,-0.024924367666244507,-0.03827071189880371,0.0,0.0,0.17887267470359802,0.12950339913368225,0.03,0,0,0,0,0,0,0,0,0,0,0,0,0,0,0,0,0,0,0,0,0
0.47315168380737305,-1.0,0.0,0.0,-0.024924367666244507,-0.03827071189880371,0.0,0.0,0.17887267470359802,0.12950339913368225,0.03,0,0,0,0,0,0,0,0,0,0,0,0,0,0,0,0,0,0,0,0,0
0.47443246841430664,-1.0,0.0,0.0,-0.024924367666244507,-0.03827071189880371,0.0,0.0,0.17887267470359802,0.12950339913368225,0.03,0,0,0,0,0,0,0,0,0,0,0,0,0,0,0,0,0,0,0,0,0
0.47561168670654297,-1.0,0.0,0.0,-0.024924367666244507,-0.03827071189880371,0.0,0.0,0.17887267470359802,0.12950339913368225,0.03,0,0,0,0,0,0,0,0,0,0,0,0,0,0,0,0,0,0,0,0,0
0.477200984954834,-1.0,0.0,0.0,-0.024924367666244507,-0.03827071189880371,0.0,0.0,0.17887267470359802,0.12950339913368225,0.03,0,0,0,0,0,0,0,0,0,0,0,0,0,0,0,0,0,0,0,0,0
0.47881436347961426,-1.0,0.0,0.0,-0.024924367666244507,-0.03827071189880371,0.0,0.0,0.17887267470359802,0.12950339913368225,0.03,0,0,0,0,0,0,0,0,0,0,0,0,0,0,0,0,0,0,0,0,0
0.48017430305480957,-1.0,0.0,0.0,-0.024924367666244507,-0.03827071189880371,0.0,0.0,0.17887267470359802,0.12950339913368225,0.03,0,0,0,0,0,0,0,0,0,0,0,0,0,0,0,0,0,0,0,0,0
0.48128342628479004,-1.0,0.0,0.0,-0.024924367666244507,-0.03827071189880371,0.0,0.0,0.17887267470359802,0.12950339913368225,0.03,0,0,0,0,0,0,0,0,0,0,0,0,0,0,0,0,0,0,0,0,0
0.48238658905029297,-1.0,0.0,0.0,-0.024924367666244507,-0.03827071189880371,0.0,0.0,0.17887267470359802,0.12950339913368225,0.03,0,0,0,0,0,0,0,0,0,0,0,0,0,0,0,0,0,0,0,0,0
0.4836609363555908,-1.0,0.0,0.0,-0.024924367666244507,-0.03827071189880371,0.0,0.0,0.17887267470359802,0.12950339913368225,0.03,0,0,0,0,0,0,0,0,0,0,0,0,0,0,0,0,0,0,0,0,0
0.4847860336303711,-1.0,0.0,0.0,-0.024924367666244507,-0.03827071189880371,0.0,0.0,0.17887267470359802,0.12950339913368225,0.03,0,0,0,0,0,0,0,0,0,0,0,0,0,0,0,0,0,0,0,0,0
0.48604631423950195,-1.0,0.0,0.0,-0.024924367666244507,-0.03827071189880371,0.0,0.0,0.17887267470359802,0.12950339913368225,0.03,0,0,0,0,0,0,0,0,0,0,0,0,0,0,0,0,0,0,0,0,0
0.487133264541626,-1.0,0.0,0.0,-0.024924367666244507,-0.03827071189880371,0.0,0.0,0.17887267470359802,0.12950339913368225,0.03,0,0,0,0,0,0,0,0,0,0,0,0,0,0,0,0,0,0,0,0,0
0.48835134506225586,-1.0,0.0,0.0,-0.024924367666244507,-0.03827071189880371,0.0,0.0,0.17887267470359802,0.12950339913368225,0.03,0,0,0,0,0,0,0,0,0,0,0,0,0,0,0,0,0,0,0,0,0
0.4898872375488281,-1.0,0.0,0.0,-0.024924367666244507,-0.03827071189880371,0.0,0.0,0.17887267470359802,0.12950339913368225,0.03,0,0,0,0,0,0,0,0,0,0,0,0,0,0,0,0,0,0,0,0,0
0.4916834831237793,-1.0,0.0,0.0,-0.024924367666244507,-0.03827071189880371,0.0,0.0,0.17887267470359802,0.12950339913368225,0.03,0,0,0,0,0,0,0,0,0,0,0,0,0,0,0,0,0,0,0,0,0
0.49309635162353516,-1.0,0.0,0.0,-0.024924367666244507,-0.03827071189880371,0.0,0.0,0.17887267470359802,0.12950339913368225,0.03,0,0,0,0,0,0,0,0,0,0,0,0,0,0,0,0,0,0,0,0,0
0.49416303634643555,-1.0,0.0,0.0,-0.024924367666244507,-0.03827071189880371,0.0,0.0,0.17887267470359802,0.12950339913368225,0.03,0,0,0,0,0,0,0,0,0,0,0,0,0,0,0,0,0,0,0,0,0
0.4966104030609131,-1.0,0.0,0.0,-0.024335414171218872,-0.038309961557388306,0.0,0.0,-0.5672913789749146,0.21166588366031647,0.03,0,0,0,0,0,0,0,0,0,0,0,0,0,0,0,0,0,0,0,0,0
0.4995260238647461,-1.0,0.0,0.0,-0.024335414171218872,-0.038309961557388306,0.0,0.0,-0.5672913789749146,0.21166588366031647,0.03,0,0,0,0,0,0,0,0,0,0,0,0,0,0,0,0,0,0,0,0,0
0.5010533332824707,-1.0,0.0,0.0,-0.02430763840675354,-0.038201212882995605,0.0,0.0,-0.45116645097732544,0.34724241495132446,0.03,0,0,0,0,0,0,0,0,0,0,0,0,0,0,0,0,0,0,0,0,0
0.5024464130401611,-1.0,0.0,0.0,-0.02430763840675354,-0.038201212882995605,0.0,0.0,-0.45116645097732544,0.34724241495132446,0.03,0,0,0,0,0,0,0,0,0,0,0,0,0,0,0,0,0,0,0,0,0
0.5047307014465332,-1.0,0.0,0.0,-0.02430763840675354,-0.038201212882995605,0.0,0.0,-0.45116645097732544,0.34724241495132446,0.03,0,0,0,0,0,0,0,0,0,0,0,0,0,0,0,0,0,0,0,0,0
0.5062808990478516,-1.0,0.0,0.0,-0.02430763840675354,-0.038201212882995605,0.0,0.0,-0.45116645097732544,0.34724241495132446,0.03,0,0,0,0,0,0,0,0,0,0,0,0,0,0,0,0,0,0,0,0,0
0.5073490142822266,-1.0,0.0,0.0,-0.02430763840675354,-0.038201212882995605,0.0,0.0,-0.45116645097732544,0.34724241495132446,0.03,0,0,0,0,0,0,0,0,0,0,0,0,0,0,0,0,0,0,0,0,0
0.5101559162139893,-1.0,0.0,0.0,-0.02430763840675354,-0.038201212882995605,0.0,0.0,-0.45116645097732544,0.34724241495132446,0.03,0,0,0,0,0,0,0,0,0,0,0,0,0,0,0,0,0,0,0,0,0
0.5116701126098633,-1.0,0.0,0.0,-0.02430763840675354,-0.038201212882995605,0.0,0.0,-0.45116645097732544,0.34724241495132446,0.03,0,0,0,0,0,0,0,0,0,0,0,0,0,0,0,0,0,0,0,0,0
0.513364315032959,-1.0,0.0,0.0,-0.02430763840675354,-0.038201212882995605,0.0,0.0,-0.45116645097732544,0.34724241495132446,0.03,0,0,0,0,0,0,0,0,0,0,0,0,0,0,0,0,0,0,0,0,0
0.5155496597290039,-1.0,0.0,0.0,-0.02430763840675354,-0.038201212882995605,0.0,0.0,-0.45116645097732544,0.34724241495132446,0.03,0,0,0,0,0,0,0,0,0,0,0,0,0,0,0,0,0,0,0,0,0
0.5168750286102295,-1.0,0.0,0.0,-0.02430763840675354,-0.038201212882995605,0.0,0.0,-0.45116645097732544,0.34724241495132446,0.03,0,0,0,0,0,0,0,0,0,0,0,0,0,0,0,0,0,0,0,0,0
0.5179827213287354,-1.0,0.0,0.0,-0.02430763840675354,-0.038201212882995605,0.0,0.0,-0.45116645097732544,0.34724241495132446,0.03,0,0,0,0,0,0,0,0,0,0,0,0,0,0,0,0,0,0,0,0,0
0.519782543182373,-1.0,0.0,0.0,-0.024409890174865723,-0.038338929414749146,0.0,0.0,-0.5713191032409668,0.15613393485546112,0.03,0,0,0,0,0,0,0,0,0,0,0,0,0,0,0,0,0,0,0,0,0
0.5209391117095947,-1.0,0.0,0.0,-0.024645894765853882,-0.03826853632926941,0.0,0.0,0.166286900639534,0.09007752686738968,0.03,0,0,0,0,0,0,0,0,0,0,0,0,0,0,0,0,0,0,0,0,0
0.5231654644012451,-1.0,0.0,0.0,-0.024645894765853882,-0.03826853632926941,0.0,0.0,0.166286900639534,0.09007752686738968,0.03,0,0,0,0,0,0,0,0,0,0,0,0,0,0,0,0,0,0,0,0,0
0.5247371196746826,-1.0,0.0,0.0,-0.024645894765853882,-0.03826853632926941,0.0,0.0,0.166286900639534,0.09007752686738968,0.03,0,0,0,0,0,0,0,0,0,0,0,0,0,0,0,0,0,0,0,0,0
0.5260531902313232,-1.0,0.0,0.0,-0.024645894765853882,-0.03826853632926941,0.0,0.0,0.166286900639534,0.09007752686738968,0.03,0,0,0,0,0,0,0,0,0,0,0,0,0,0,0,0,0,0,0,0,0
0.5279912948608398,-1.0,0.0,0.0,-0.024645894765853882,-0.03826853632926941,0.0,0.0,0.166286900639534,0.09007752686738968,0.03,0,0,0,0,0,0,0,0,0,0,0,0,0,0,0,0,0,0,0,0,0
0.5293560028076172,-1.0,0.0,0.0,-0.024645894765853882,-0.03826853632926941,0.0,0.0,0.166286900639534,0.09007752686738968,0.03,0,0,0,0,0,0,0,0,0,0,0,0,0,0,0,0,0,0,0,0,0
0.5304501056671143,-1.0,0.0,0.0,-0.024645894765853882,-0.03826853632926941,0.0,0.0,0.166286900639534,0.09007752686738968,0.03,0,0,0,0,0,0,0,0,0,0,0,0,0,0,0,0,0,0,0,0,0
0.5315606594085693,-1.0,0.0,0.0,-0.024645894765853882,-0.03826853632926941,0.0,0.0,0.166286900639534,0.09007752686738968,0.03,0,0,0,0,0,0,0,0,0,0,0,0,0,0,0,0,0,0,0,0,0
0.5327460765838623,-1.0,0.0,0.0,-0.024645894765853882,-0.03826853632926941,0.0,0.0,0.166286900639534,0.09007752686738968,0.03,0,0,0,0,0,0,0,0,0,0,0,0,0,0,0,0,0,0,0,0,0
0.533916711807251,-1.0,0.0,0.0,-0.024645894765853882,-0.03826853632926941,0.0,0.0,0.166286900639534,0.09007752686738968,0.03,0,0,0,0,0,0,0,0,0,0,0,0,0,0,0,0,0,0,0,0,0
0.5355634689331055,-1.0,0.0,0.0,-0.024645894765853882,-0.03826853632926941,0.0,0.0,0.166286900639534,0.09007752686738968,0.03,0,0,0,0,0,0,0,0,0,0,0,0,0,0,0,0,0,0,0,0,0
0.5371651649475098,-1.0,0.0,0.0,-0.024645894765853882,-0.03826853632926941,0.0,0.0,0.166286900639534,0.09007752686738968,0.03,0,0,0,0,0,0,0,0,0,0,0,0,0,0,0,0,0,0,0,0,0
0.5398080348968506,-1.0,0.0,0.0,-0.024645894765853882,-0.03826853632926941,0.0,0.0,0.166286900639534,0.09007752686738968,0.03,0,0,0,0,0,0,0,0,0,0,0,0,0,0,0,0,0,0,0,0,0
0.5411112308502197,-1.0,0.0,0.0,-0.024645894765853882,-0.03826853632926941,0.0,0.0,0.166286900639534,0.09007752686738968,0.03,0,0,0,0,0,0,0,0,0,0,0,0,0,0,0,0,0,0,0,0,0
0.5423026084899902,-1.0,0.0,0.0,-0.024645894765853882,-0.03826853632926941,0.0,0.0,0.166286900639534,0.09007752686738968,0.03,0,0,0,0,0,0,0,0,0,0,0,0,0,0,0,0,0,0,0,0,0
0.5446398258209229,-1.0,0.0,0.0,-0.024645894765853882,-0.03826853632926941,0.0,0.0,0.166286900639534,0.09007752686738968,0.03,0,0,0,0,0,0,0,0,0,0,0,0,0,0,0,0,0,0,0,0,0
0.5461997985839844,-1.0,0.0,0.0,-0.024645894765853882,-0.03826853632926941,0.0,0.0,0.166286900639534,0.09007752686738968,0.03,0,0,0,0,0,0,0,0,0,0,0,0,0,0,0,0,0,0,0,0,0
0.5473394393920898,-1.0,0.0,0.0,-0.024645894765853882,-0.03826853632926941,0.0,0.0,0.166286900639534,0.09007752686738968,0.03,0,0,0,0,0,0,0,0,0,0,0,0,0,0,0,0,0,0,0,0,0
0.5484423637390137,-1.0,0.0,0.0,-0.024645894765853882,-0.03826853632926941,0.0,0.0,0.166286900639534,0.09007752686738968,0.03,0,0,0,0,0,0,0,0,0,0,0,0,0,0,0,0,0,0,0,0,0
0.5496838092803955,-1.0,0.0,0.0,-0.024645894765853882,-0.03826853632926941,0.0,0.0,0.166286900639534,0.09007752686738968,0.03,0,0,0,0,0,0,0,0,0,0,0,0,0,0,0,0,0,0,0,0,0
0.5515167713165283,-1.0,0.0,0.0,-0.024645894765853882,-0.03826853632926941,0.0,0.0,0.166286900639534,0.09007752686738968,0.03,0,0,0,0,0,0,0,0,0,0,0,0,0,0,0,0,0,0,0,0,0
0.5526680946350098,-1.0,0.0,0.0,-0.024645894765853882,-0.03826853632926941,0.0,0.0,0.166286900639534,0.09007752686738968,0.03,0,0,0,0,0,0,0,0,0,0,0,0,0,0,0,0,0,0,0,0,0
0.5543780326843262,-1.0,0.0,0.0,-0.02446320652961731,-0.0383361279964447,0.0,0.0,-0.5570266842842102,0.16907671093940735,0.03,0,0,0,0,0,0,0,0,0,0,0,0,0,0,0,0,0,0,0,0,0
0.556110143661499,-1.0,0.0,0.0,-0.02492937445640564,-0.038399338722229004,0.0,0.0,0.011488938704133034,-0.0027372073382139206,0.03,0,0,0,0,0,0,0,0,0,0,0,0,0,0,0,0,0,0,0,0,0
0.5571932792663574,-1.0,0.0,0.0,-0.02492937445640564,-0.038399338722229004,0.0,0.0,0.011488938704133034,-0.0027372073382139206,0.03,0,0,0,0,0,0,0,0,0,0,0,0,0,0,0,0,0,0,0,0,0
0.5587215423583984,-1.0,0.0,0.0,-0.02492937445640564,-0.038399338722229004,0.0,0.0,0.011488938704133034,-0.0027372073382139206,0.03,0,0,0,0,0,0,0,0,0,0,0,0,0,0,0,0,0,0,0,0,0
0.560352087020874,-1.0,0.0,0.0,-0.02492937445640564,-0.038399338722229004,0.0,0.0,0.011488938704133034,-0.0027372073382139206,0.03,0,0,0,0,0,0,0,0,0,0,0,0,0,0,0,0,0,0,0,0,0
0.5633723735809326,-1.0,0.0,0.0,-0.02492937445640564,-0.038399338722229004,0.0,0.0,0.011488938704133034,-0.0027372073382139206,0.03,0,0,0,0,0,0,0,0,0,0,0,0,0,0,0,0,0,0,0,0,0
0.5648419857025146,-1.0,0.0,0.0,-0.02492937445640564,-0.038399338722229004,0.0,0.0,0.011488938704133034,-0.0027372073382139206,0.03,0,0,0,0,0,0,0,0,0,0,0,0,0,0,0,0,0,0,0,0,0
0.5662260055541992,-1.0,0.0,0.0,-0.02492937445640564,-0.038399338722229004,0.0,0.0,0.011488938704133034,-0.0027372073382139206,0.03,0,0,0,0,0,0,0,0,0,0,0,0,0,0,0,0,0,0,0,0,0
0.5683779716491699,-1.0,0.0,0.0,-0.025049537420272827,-0.03840142488479614,0.0,0.0,0.3729533851146698,-0.049741823226213455,0.03,0,0,0,0,0,0,0,0,0,0,0,0,0,0,0,0,0,0,0,0,0
0.5695137977600098,-1.0,0.0,0.0,-0.025049537420272827,-0.03840142488479614,0.0,0.0,0.3729533851146698,-0.049741823226213455,0.03,0,0,0,0,0,0,0,0,0,0,0,0,0,0,0,0,0,0,0,0,0
0.5726363658905029,-1.0,0.0,0.0,-0.025049537420272827,-0.03840142488479614,0.0,0.0,0.3729533851146698,-0.049741823226213455,0.03,0,0,0,0,0,0,0,0,0,0,0,0,0,0,0,0,0,0,0,0,0
0.5739858150482178,-1.0,0.0,0.0,-0.025049537420272827,-0.03840142488479614,0.0,0.0,0.3729533851146698,-0.049741823226213455,0.03,0,0,0,0,0,0,0,0,0,0,0,0,0,0,0,0,0,0,0,0,0
0.5750799179077148,-1.0,0.0,0.0,-0.025049537420272827,-0.03840142488479614,0.0,0.0,0.3729533851146698,-0.049741823226213455,0.03,0,0,0,0,0,0,0,0,0,0,0,0,0,0,0,0,0,0,0,0,0
0.5761737823486328,-1.0,0.0,0.0,-0.025049537420272827,-0.03840142488479614,0.0,0.0,0.3729533851146698,-0.049741823226213455,0.03,0,0,0,0,0,0,0,0,0,0,0,0,0,0,0,0,0,0,0,0,0
0.5777504444122314,-1.0,0.0,0.0,-0.024908632040023804,-0.038411349058151245,0.0,0.0,-0.03866610303521156,-0.017366638407111168,0.03,0,0,0,0,0,0,0,0,0,0,0,0,0,0,0,0,0,0,0,0,0
0.5788223743438721,-1.0,0.0,0.0,-0.024463623762130737,-0.03827986121177673,0.0,0.0,-0.4388335645198822,0.17248308658599854,0.03,0,0,0,0,0,0,0,0,0,0,0,0,0,0,0,0,0,0,0,0,0
0.5799100399017334,-1.0,0.0,0.0,-0.024463623762130737,-0.03827986121177673,0.0,0.0,-0.4388335645198822,0.17248308658599854,0.03,0,0,0,0,0,0,0,0,0,0,0,0,0,0,0,0,0,0,0,0,0
0.5828735828399658,-1.0,0.0,0.0,-0.024463623762130737,-0.03827986121177673,0.0,0.0,-0.4388335645198822,0.17248308658599854,0.03,0,0,0,0,0,0,0,0,0,0,0,0,0,0,0,0,0,0,0,0,0
0.5843150615692139,-1.0,0.0,0.0,-0.024463623762130737,-0.03827986121177673,0.0,0.0,-0.4388335645198822,0.17248308658599854,0.03,0,0,0,0,0,0,0,0,0,0,0,0,0,0,0,0,0,0,0,0,0
0.5856399536132812,-1.0,0.0,0.0,-0.024463623762130737,-0.03827986121177673,0.0,0.0,-0.4388335645198822,0.17248308658599854,0.03,0,0,0,0,0,0,0,0,0,0,0,0,0,0,0,0,0,0,0,0,0
0.5888605117797852,-1.0,0.0,0.0,-0.025222212076187134,-0.03841397166252136,0.0,0.0,0.34091198444366455,0.006413942668586969,0.03,0,0,0,0,0,0,0,0,0,0,0,0,0,0,0,0,0,0,0,0,0
0.5902574062347412,-1.0,0.0,0.0,-0.025222212076187134,-0.03841397166252136,0.0,0.0,0.34091198444366455,0.006413942668586969,0.03,0,0,0,0,0,0,0,0,0,0,0,0,0,0,0,0,0,0,0,0,0
0.591766357421875,-1.0,0.0,0.0,-0.025222212076187134,-0.03841397166252136,0.0,0.0,0.34091198444366455,0.006413942668586969,0.03,0,0,0,0,0,0,0,0,0,0,0,0,0,0,0,0,0,0,0,0,0
0.5928390026092529,-1.0,0.0,0.0,-0.025222212076187134,-0.03841397166252136,0.0,0.0,0.34091198444366455,0.006413942668586969,0.03,0,0,0,0,0,0,0,0,0,0,0,0,0,0,0,0,0,0,0,0,0
0.5941932201385498,-1.0,0.0,0.0,-0.025222212076187134,-0.03841397166252136,0.0,0.0,0.34091198444366455,0.006413942668586969,0.03,0,0,0,0,0,0,0,0,0,0,0,0,0,0,0,0,0,0,0,0,0
0.595958948135376,-1.0,0.0,0.0,-0.025222212076187134,-0.03841397166252136,0.0,0.0,0.34091198444366455,0.006413942668586969,0.03,0,0,0,0,0,0,0,0,0,0,0,0,0,0,0,0,0,0,0,0,0
0.5972185134887695,-1.0,0.0,0.0,-0.025222212076187134,-0.03841397166252136,0.0,0.0,0.34091198444366455,0.006413942668586969,0.03,0,0,0,0,0,0,0,0,0,0,0,0,0,0,0,0,0,0,0,0,0
0.5987329483032227,-1.0,0.0,0.0,-0.025222212076187134,-0.03841397166252136,0.0,0.0,0.34091198444366455,0.006413942668586969,0.03,0,0,0,0,0,0,0,0,0,0,0,0,0,0,0,0,0,0,0,0,0
0.5998153686523438,-1.0,0.0,0.0,-0.025222212076187134,-0.03841397166252136,0.0,0.0,0.34091198444366455,0.006413942668586969,0.03,0,0,0,0,0,0,0,0,0,0,0,0,0,0,0,0,0,0,0,0,0
0.6011755466461182,-1.0,0.0,0.0,-0.025222212076187134,-0.03841397166252136,0.0,0.0,0.34091198444366455,0.006413942668586969,0.03,0,0,0,0,0,0,0,0,0,0,0,0,0,0,0,0,0,0,0,0,0
0.6023857593536377,-1.0,0.0,0.0,-0.025222212076187134,-0.03841397166252136,0.0,0.0,0.34091198444366455,0.006413942668586969,0.03,0,0,0,0,0,0,0,0,0,0,0,0,0,0,0,0,0,0,0,0,0
0.6034510135650635,-1.0,0.0,0.0,-0.025222212076187134,-0.03841397166252136,0.0,0.0,0.34091198444366455,0.006413942668586969,0.03,0,0,0,0,0,0,0,0,0,0,0,0,0,0,0,0,0,0,0,0,0
0.604630708694458,-1.0,0.0,0.0,-0.025222212076187134,-0.03841397166252136,0.0,0.0,0.34091198444366455,0.006413942668586969,0.03,0,0,0,0,0,0,0,0,0,0,0,0,0,0,0,0,0,0,0,0,0
0.6057271957397461,-1.0,0.0,0.0,-0.025222212076187134,-0.03841397166252136,0.0,0.0,0.34091198444366455,0.006413942668586969,0.03,0,0,0,0,0,0,0,0,0,0,0,0,0,0,0,0,0,0,0,0,0
0.6070785522460938,-1.0,0.0,0.0,-0.025222212076187134,-0.03841397166252136,0.0,0.0,0.34091198444366455,0.006413942668586969,0.03,0,0,0,0,0,0,0,0,0,0,0,0,0,0,0,0,0,0,0,0,0
0.6081631183624268,-1.0,0.0,0.0,-0.025222212076187134,-0.03841397166252136,0.0,0.0,0.34091198444366455,0.006413942668586969,0.03,0,0,0,0,0,0,0,0,0,0,0,0,0,0,0,0,0,0,0,0,0
0.6113522052764893,-1.0,0.0,0.0,-0.025222212076187134,-0.03841397166252136,0.0,0.0,0.34091198444366455,0.006413942668586969,0.03,0,0,0,0,0,0,0,0,0,0,0,0,0,0,0,0,0,0,0,0,0
0.6128206253051758,-1.0,0.0,0.0,-0.025222212076187134,-0.03841397166252136,0.0,0.0,0.34091198444366455,0.006413942668586969,0.03,0,0,0,0,0,0,0,0,0,0,0,0,0,0,0,0,0,0,0,0,0
0.6141104698181152,-1.0,0.0,0.0,-0.025222212076187134,-0.03841397166252136,0.0,0.0,0.34091198444366455,0.006413942668586969,0.03,0,0,0,0,0,0,0,0,0,0,0,0,0,0,0,0,0,0,0,0,0
0.6152448654174805,-1.0,0.0,0.0,-0.025222212076187134,-0.03841397166252136,0.0,0.0,0.34091198444366455,0.006413942668586969,0.03,0,0,0,0,0,0,0,0,0,0,0,0,0,0,0,0,0,0,0,0,0
0.6164717674255371,-1.0,0.0,0.0,-0.025222212076187134,-0.03841397166252136,0.0,0.0,0.34091198444366455,0.006413942668586969,0.03,0,0,0,0,0,0,0,0,0,0,0,0,0,0,0,0,0,0,0,0,0
0.6177732944488525,-1.0,0.0,0.0,-0.025222212076187134,-0.03841397166252136,0.0,0.0,0.34091198444366455,0.006413942668586969,0.03,0,0,0,0,0,0,0,0,0,0,0,0,0,0,0,0,0,0,0,0,0
0.6191024780273438,-1.0,0.0,0.0,-0.025222212076187134,-0.03841397166252136,0.0,0.0,0.34091198444366455,0.006413942668586969,0.03,0,0,0,0,0,0,0,0,0,0,0,0,0,0,0,0,0,0,0,0,0
0.6205086708068848,-1.0,0.0,0.0,-0.025222212076187134,-0.03841397166252136,0.0,0.0,0.34091198444366455,0.006413942668586969,0.03,0,0,0,0,0,0,0,0,0,0,0,0,0,0,0,0,0,0,0,0,0
0.6217117309570312,-1.0,0.0,0.0,-0.025222212076187134,-0.03841397166252136,0.0,0.0,0.34091198444366455,0.006413942668586969,0.03,0,0,0,0,0,0,0,0,0,0,0,0,0,0,0,0,0,0,0,0,0
0.6228351593017578,-1.0,0.0,0.0,-0.025222212076187134,-0.03841397166252136,0.0,0.0,0.34091198444366455,0.006413942668586969,0.03,0,0,0,0,0,0,0,0,0,0,0,0,0,0,0,0,0,0,0,0,0
0.624082088470459,-1.0,0.0,0.0,-0.025222212076187134,-0.03841397166252136,0.0,0.0,0.34091198444366455,0.006413942668586969,0.03,0,0,0,0,0,0,0,0,0,0,0,0,0,0,0,0,0,0,0,0,0
0.6251790523529053,-1.0,0.0,0.0,-0.025222212076187134,-0.03841397166252136,0.0,0.0,0.34091198444366455,0.006413942668586969,0.03,0,0,0,0,0,0,0,0,0,0,0,0,0,0,0,0,0,0,0,0,0
0.6263241767883301,-1.0,0.0,0.0,-0.025222212076187134,-0.03841397166252136,0.0,0.0,0.34091198444366455,0.006413942668586969,0.03,0,0,0,0,0,0,0,0,0,0,0,0,0,0,0,0,0,0,0,0,0
0.6274518966674805,-1.0,0.0,0.0,-0.025222212076187134,-0.03841397166252136,0.0,0.0,0.34091198444366455,0.006413942668586969,0.03,0,0,0,0,0,0,0,0,0,0,0,0,0,0,0,0,0,0,0,0,0
0.6285355091094971,-1.0,0.0,0.0,-0.025222212076187134,-0.03841397166252136,0.0,0.0,0.34091198444366455,0.006413942668586969,0.03,0,0,0,0,0,0,0,0,0,0,0,0,0,0,0,0,0,0,0,0,0
0.6301767826080322,-1.0,0.0,0.0,-0.025222212076187134,-0.03841397166252136,0.0,0.0,0.34091198444366455,0.006413942668586969,0.03,0,0,0,0,0,0,0,0,0,0,0,0,0,0,0,0,0,0,0,0,0
0.6320476531982422,-1.0,0.0,0.0,-0.025222212076187134,-0.03841397166252136,0.0,0.0,0.34091198444366455,0.006413942668586969,0.03,0,0,0,0,0,0,0,0,0,0,0,0,0,0,0,0,0,0,0,0,0
0.6339755058288574,-1.0,0.0,0.0,-0.025222212076187134,-0.03841397166252136,0.0,0.0,0.34091198444366455,0.006413942668586969,0.03,0,0,0,0,0,0,0,0,0,0,0,0,0,0,0,0,0,0,0,0,0
0.6357462406158447,-1.0,0.0,0.0,-0.025222212076187134,-0.03841397166252136,0.0,0.0,0.34091198444366455,0.006413942668586969,0.03,0,0,0,0,0,0,0,0,0,0,0,0,0,0,0,0,0,0,0,0,0
0.6370909214019775,-1.0,0.0,0.0,-0.025222212076187134,-0.03841397166252136,0.0,0.0,0.34091198444366455,0.006413942668586969,0.03,0,0,0,0,0,0,0,0,0,0,0,0,0,0,0,0,0,0,0,0,0
0.6382994651794434,-1.0,0.0,0.0,-0.025222212076187134,-0.03841397166252136,0.0,0.0,0.34091198444366455,0.006413942668586969,0.03,0,0,0,0,0,0,0,0,0,0,0,0,0,0,0,0,0,0,0,0,0
0.6410458087921143,-1.0,0.0,0.0,-0.024916142225265503,-0.03833326697349548,0.0,0.0,0.1447889655828476,0.08153902739286423,0.03,0,0,0,0,0,0,0,0,0,0,0,0,0,0,0,0,0,0,0,0,0
0.6423239707946777,-1.0,0.0,0.0,-0.024918407201766968,-0.038342565298080444,0.0,0.0,0.00818905234336853,0.10179317742586136,0.03,0,0,0,0,0,0,0,0,0,0,0,0,0,0,0,0,0,0,0,0,0
0.6446235179901123,-1.0,0.0,0.0,-0.024921029806137085,-0.03830954432487488,0.0,0.0,0.09391361474990845,0.14806638658046722,0.03,0,0,0,0,0,0,0,0,0,0,0,0,0,0,0,0,0,0,0,0,0
0.6458935737609863,-1.0,0.0,0.0,-0.024921029806137085,-0.03830954432487488,0.0,0.0,0.09391361474990845,0.14806638658046722,0.03,0,0,0,0,0,0,0,0,0,0,0,0,0,0,0,0,0,0,0,0,0
0.6474974155426025,-1.0,0.0,0.0,-0.024921029806137085,-0.03830954432487488,0.0,0.0,0.09391361474990845,0.14806638658046722,0.03,0,0,0,0,0,0,0,0,0,0,0,0,0,0,0,0,0,0,0,0,0
0.649895429611206,-1.0,0.0,0.0,-0.02497681975364685,-0.03833150863647461,0.0,0.0,0.1769508421421051,0.0973697304725647,0.03,0,0,0,0,0,0,0,0,0,0,0,0,0,0,0,0,0,0,0,0,0
0.6511454582214355,-1.0,0.0,0.0,-0.02497425675392151,-0.03835570812225342,0.0,0.0,0.14276930689811707,0.051217686384916306,0.03,0,0,0,0,0,0,0,0,0,0,0,0,0,0,0,0,0,0,0,0,0
0.6522300243377686,-1.0,0.0,0.0,-0.02497425675392151,-0.03835570812225342,0.0,0.0,0.14276930689811707,0.051217686384916306,0.03,0,0,0,0,0,0,0,0,0,0,0,0,0,0,0,0,0,0,0,0,0
0.6548624038696289,-1.0,0.0,0.0,-0.02497425675392151,-0.03835570812225342,0.0,0.0,0.14276930689811707,0.051217686384916306,0.03,0,0,0,0,0,0,0,0,0,0,0,0,0,0,0,0,0,0,0,0,0
0.656602144241333,-1.0,0.0,0.0,-0.02497425675392151,-0.03835570812225342,0.0,0.0,0.14276930689811707,0.051217686384916306,0.03,0,0,0,0,0,0,0,0,0,0,0,0,0,0,0,0,0,0,0,0,0
0.6579604148864746,-1.0,0.0,0.0,-0.02497425675392151,-0.03835570812225342,0.0,0.0,0.14276930689811707,0.051217686384916306,0.03,0,0,0,0,0,0,0,0,0,0,0,0,0,0,0,0,0,0,0,0,0
0.662214994430542,-1.0,0.0,0.0,-0.02497425675392151,-0.03835570812225342,0.0,0.0,0.14276930689811707,0.051217686384916306,0.03,0,0,0,0,0,0,0,0,0,0,0,0,0,0,0,0,0,0,0,0,0
0.6634368896484375,-1.0,0.0,0.0,-0.02497425675392151,-0.03835570812225342,0.0,0.0,0.14276930689811707,0.051217686384916306,0.03,0,0,0,0,0,0,0,0,0,0,0,0,0,0,0,0,0,0,0,0,0
0.6645388603210449,-1.0,0.0,0.0,-0.02497425675392151,-0.03835570812225342,0.0,0.0,0.14276930689811707,0.051217686384916306,0.03,0,0,0,0,0,0,0,0,0,0,0,0,0,0,0,0,0,0,0,0,0
0.6663913726806641,-1.0,0.0,0.0,-0.02497425675392151,-0.03835570812225342,0.0,0.0,0.14276930689811707,0.051217686384916306,0.03,0,0,0,0,0,0,0,0,0,0,0,0,0,0,0,0,0,0,0,0,0
0.6675801277160645,-1.0,0.0,0.0,-0.02497425675392151,-0.03835570812225342,0.0,0.0,0.14276930689811707,0.051217686384916306,0.03,0,0,0,0,0,0,0,0,0,0,0,0,0,0,0,0,0,0,0,0,0
0.6689980030059814,-1.0,0.0,0.0,-0.02497425675392151,-0.03835570812225342,0.0,0.0,0.14276930689811707,0.051217686384916306,0.03,0,0,0,0,0,0,0,0,0,0,0,0,0,0,0,0,0,0,0,0,0
0.6701095104217529,-1.0,0.0,0.0,-0.02497425675392151,-0.03835570812225342,0.0,0.0,0.14276930689811707,0.051217686384916306,0.03,0,0,0,0,0,0,0,0,0,0,0,0,0,0,0,0,0,0,0,0,0
0.6713948249816895,-1.0,0.0,0.0,-0.02497425675392151,-0.03835570812225342,0.0,0.0,0.14276930689811707,0.051217686384916306,0.03,0,0,0,0,0,0,0,0,0,0,0,0,0,0,0,0,0,0,0,0,0
0.672529935836792,-1.0,0.0,0.0,-0.02497425675392151,-0.03835570812225342,0.0,0.0,0.14276930689811707,0.051217686384916306,0.03,0,0,0,0,0,0,0,0,0,0,0,0,0,0,0,0,0,0,0,0,0
0.6736721992492676,-1.0,0.0,0.0,-0.02497425675392151,-0.03835570812225342,0.0,0.0,0.14276930689811707,0.051217686384916306,0.03,0,0,0,0,0,0,0,0,0,0,0,0,0,0,0,0,0,0,0,0,0
0.6749405860900879,-1.0,0.0,0.0,-0.02497425675392151,-0.03835570812225342,0.0,0.0,0.14276930689811707,0.051217686384916306,0.03,0,0,0,0,0,0,0,0,0,0,0,0,0,0,0,0,0,0,0,0,0
0.6762831211090088,-1.0,0.0,0.0,-0.02497425675392151,-0.03835570812225342,0.0,0.0,0.14276930689811707,0.051217686384916306,0.03,0,0,0,0,0,0,0,0,0,0,0,0,0,0,0,0,0,0,0,0,0
0.6774930953979492,-1.0,0.0,0.0,-0.02497425675392151,-0.03835570812225342,0.0,0.0,0.14276930689811707,0.051217686384916306,0.03,0,0,0,0,0,0,0,0,0,0,0,0,0,0,0,0,0,0,0,0,0
0.6786549091339111,-1.0,0.0,0.0,-0.02497425675392151,-0.03835570812225342,0.0,0.0,0.14276930689811707,0.051217686384916306,0.03,0,0,0,0,0,0,0,0,0,0,0,0,0,0,0,0,0,0,0,0,0
0.6804542541503906,-1.0,0.0,0.0,-0.02497425675392151,-0.03835570812225342,0.0,0.0,0.14276930689811707,0.051217686384916306,0.03,0,0,0,0,0,0,0,0,0,0,0,0,0,0,0,0,0,0,0,0,0
0.6816701889038086,-1.0,0.0,0.0,-0.02497425675392151,-0.03835570812225342,0.0,0.0,0.14276930689811707,0.051217686384916306,0.03,0,0,0,0,0,0,0,0,0,0,0,0,0,0,0,0,0,0,0,0,0
0.6831386089324951,-1.0,0.0,0.0,-0.02497425675392151,-0.03835570812225342,0.0,0.0,0.14276930689811707,0.051217686384916306,0.03,0,0,0,0,0,0,0,0,0,0,0,0,0,0,0,0,0,0,0,0,0
0.684298038482666,-1.0,0.0,0.0,-0.02497425675392151,-0.03835570812225342,0.0,0.0,0.14276930689811707,0.051217686384916306,0.03,0,0,0,0,0,0,0,0,0,0,0,0,0,0,0,0,0,0,0,0,0
0.6856429576873779,-1.0,0.0,0.0,-0.02497425675392151,-0.03835570812225342,0.0,0.0,0.14276930689811707,0.051217686384916306,0.03,0,0,0,0,0,0,0,0,0,0,0,0,0,0,0,0,0,0,0,0,0
0.6867952346801758,-1.0,0.0,0.0,-0.02497425675392151,-0.03835570812225342,0.0,0.0,0.14276930689811707,0.051217686384916306,0.03,0,0,0,0,0,0,0,0,0,0,0,0,0,0,0,0,0,0,0,0,0
0.6880433559417725,-1.0,0.0,0.0,-0.02497425675392151,-0.03835570812225342,0.0,0.0,0.14276930689811707,0.051217686384916306,0.03,0,0,0,0,0,0,0,0,0,0,0,0,0,0,0,0,0,0,0,0,0
0.6893749237060547,-1.0,0.0,0.0,-0.02497425675392151,-0.03835570812225342,0.0,0.0,0.14276930689811707,0.051217686384916306,0.03,0,0,0,0,0,0,0,0,0,0,0,0,0,0,0,0,0,0,0,0,0
0.690434455871582,-1.0,0.0,0.0,-0.02497425675392151,-0.03835570812225342,0.0,0.0,0.14276930689811707,0.051217686384916306,0.03,0,0,0,0,0,0,0,0,0,0,0,0,0,0,0,0,0,0,0,0,0
0.6916804313659668,-1.0,0.0,0.0,-0.02497425675392151,-0.03835570812225342,0.0,0.0,0.14276930689811707,0.051217686384916306,0.03,0,0,0,0,0,0,0,0,0,0,0,0,0,0,0,0,0,0,0,0,0
0.6936070919036865,-1.0,0.0,0.0,-0.02497425675392151,-0.03835570812225342,0.0,0.0,0.14276930689811707,0.051217686384916306,0.03,0,0,0,0,0,0,0,0,0,0,0,0,0,0,0,0,0,0,0,0,0
0.6952686309814453,-1.0,0.0,0.0,-0.02497425675392151,-0.03835570812225342,0.0,0.0,0.14276930689811707,0.051217686384916306,0.03,0,0,0,0,0,0,0,0,0,0,0,0,0,0,0,0,0,0,0,0,0
0.6964583396911621,-1.0,0.0,0.0,-0.02497425675392151,-0.03835570812225342,0.0,0.0,0.14276930689811707,0.051217686384916306,0.03,0,0,0,0,0,0,0,0,0,0,0,0,0,0,0,0,0,0,0,0,0
0.6977846622467041,-1.0,0.0,0.0,-0.02497425675392151,-0.03835570812225342,0.0,0.0,0.14276930689811707,0.051217686384916306,0.03,0,0,0,0,0,0,0,0,0,0,0,0,0,0,0,0,0,0,0,0,0
0.6988723278045654,-1.0,0.0,0.0,-0.02497425675392151,-0.03835570812225342,0.0,0.0,0.14276930689811707,0.051217686384916306,0.03,0,0,0,0,0,0,0,0,0,0,0,0,0,0,0,0,0,0,0,0,0
0.7004425525665283,-1.0,0.0,0.0,-0.02497425675392151,-0.03835570812225342,0.0,0.0,0.14276930689811707,0.051217686384916306,0.03,0,0,0,0,0,0,0,0,0,0,0,0,0,0,0,0,0,0,0,0,0
0.7020649909973145,-1.0,0.0,0.0,-0.02497425675392151,-0.03835570812225342,0.0,0.0,0.14276930689811707,0.051217686384916306,0.03,0,0,0,0,0,0,0,0,0,0,0,0,0,0,0,0,0,0,0,0,0
0.7033638954162598,-1.0,0.0,0.0,-0.02497425675392151,-0.03835570812225342,0.0,0.0,0.14276930689811707,0.051217686384916306,0.03,0,0,0,0,0,0,0,0,0,0,0,0,0,0,0,0,0,0,0,0,0
0.704627513885498,-1.0,0.0,0.0,-0.02497425675392151,-0.03835570812225342,0.0,0.0,0.14276930689811707,0.051217686384916306,0.03,0,0,0,0,0,0,0,0,0,0,0,0,0,0,0,0,0,0,0,0,0
0.7072803974151611,-1.0,0.0,0.0,-0.02494049072265625,-0.03833624720573425,0.0,0.0,0.047099534422159195,0.16796687245368958,0.03,0,0,0,0,0,0,0,0,0,0,0,0,0,0,0,0,0,0,0,0,0
0.7089135646820068,-1.0,0.0,0.0,-0.02494049072265625,-0.03833624720573425,0.0,0.0,0.047099534422159195,0.16796687245368958,0.03,0,0,0,0,0,0,0,0,0,0,0,0,0,0,0,0,0,0,0,0,0
0.7103579044342041,-1.0,0.0,0.0,-0.02494049072265625,-0.03833624720573425,0.0,0.0,0.047099534422159195,0.16796687245368958,0.03,0,0,0,0,0,0,0,0,0,0,0,0,0,0,0,0,0,0,0,0,0
0.7115497589111328,-1.0,0.0,0.0,-0.02494049072265625,-0.03833624720573425,0.0,0.0,0.047099534422159195,0.16796687245368958,0.03,0,0,0,0,0,0,0,0,0,0,0,0,0,0,0,0,0,0,0,0,0
0.716179609298706,-1.0,0.0,0.0,-0.02494049072265625,-0.03833624720573425,0.0,0.0,0.047099534422159195,0.16796687245368958,0.03,0,0,0,0,0,0,0,0,0,0,0,0,0,0,0,0,0,0,0,0,0
0.717740535736084,-1.0,0.0,0.0,-0.024977445602416992,-0.038330525159835815,0.0,0.0,0.176600843667984,0.10598324239253998,0.03,0,0,0,0,0,0,0,0,0,0,0,0,0,0,0,0,0,0,0,0,0
0.719041109085083,-1.0,0.0,0.0,-0.024977445602416992,-0.038330525159835815,0.0,0.0,0.176600843667984,0.10598324239253998,0.03,0,0,0,0,0,0,0,0,0,0,0,0,0,0,0,0,0,0,0,0,0
0.720869779586792,-1.0,0.0,0.0,-0.024976611137390137,-0.03833022713661194,0.0,0.0,0.17960606515407562,0.10405751317739487,0.03,0,0,0,0,0,0,0,0,0,0,0,0,0,0,0,0,0,0,0,0,0
0.7221581935882568,-1.0,0.0,0.0,-0.024976611137390137,-0.03833022713661194,0.0,0.0,0.17960606515407562,0.10405751317739487,0.03,0,0,0,0,0,0,0,0,0,0,0,0,0,0,0,0,0,0,0,0,0
0.7239086627960205,-1.0,0.0,0.0,-0.024976611137390137,-0.03833022713661194,0.0,0.0,0.17960606515407562,0.10405751317739487,0.03,0,0,0,0,0,0,0,0,0,0,0,0,0,0,0,0,0,0,0,0,0
0.7254323959350586,-1.0,0.0,0.0,-0.024976611137390137,-0.03833022713661194,0.0,0.0,0.17960606515407562,0.10405751317739487,0.03,0,0,0,0,0,0,0,0,0,0,0,0,0,0,0,0,0,0,0,0,0
0.7264978885650635,-1.0,0.0,0.0,-0.024976611137390137,-0.03833022713661194,0.0,0.0,0.17960606515407562,0.10405751317739487,0.03,0,0,0,0,0,0,0,0,0,0,0,0,0,0,0,0,0,0,0,0,0
0.7296233177185059,-1.0,0.0,0.0,-0.024976611137390137,-0.03833022713661194,0.0,0.0,0.17960606515407562,0.10405751317739487,0.03,0,0,0,0,0,0,0,0,0,0,0,0,0,0,0,0,0,0,0,0,0
0.7307279109954834,-1.0,0.0,0.0,-0.024976611137390137,-0.03833022713661194,0.0,0.0,0.17960606515407562,0.10405751317739487,0.03,0,0,0,0,0,0,0,0,0,0,0,0,0,0,0,0,0,0,0,0,0
0.735454797744751,-1.0,0.0,0.0,-0.024976611137390137,-0.03833022713661194,0.0,0.0,0.17960606515407562,0.10405751317739487,0.03,0,0,0,0,0,0,0,0,0,0,0,0,0,0,0,0,0,0,0,0,0
0.7368423938751221,-1.0,0.0,0.0,-0.024976611137390137,-0.03833022713661194,0.0,0.0,0.17960606515407562,0.10405751317739487,0.03,0,0,0,0,0,0,0,0,0,0,0,0,0,0,0,0,0,0,0,0,0
0.737982988357544,-1.0,0.0,0.0,-0.024976611137390137,-0.03833022713661194,0.0,0.0,0.17960606515407562,0.10405751317739487,0.03,0,0,0,0,0,0,0,0,0,0,0,0,0,0,0,0,0,0,0,0,0
0.7393162250518799,-1.0,0.0,0.0,-0.024976611137390137,-0.03833022713661194,0.0,0.0,0.17960606515407562,0.10405751317739487,0.03,0,0,0,0,0,0,0,0,0,0,0,0,0,0,0,0,0,0,0,0,0
0.7406790256500244,-1.0,0.0,0.0,-0.024976611137390137,-0.03833022713661194,0.0,0.0,0.17960606515407562,0.10405751317739487,0.03,0,0,0,0,0,0,0,0,0,0,0,0,0,0,0,0,0,0,0,0,0
0.7425782680511475,-1.0,0.0,0.0,-0.024976611137390137,-0.03833022713661194,0.0,0.0,0.17960606515407562,0.10405751317739487,0.03,0,0,0,0,0,0,0,0,0,0,0,0,0,0,0,0,0,0,0,0,0
0.7437117099761963,-1.0,0.0,0.0,-0.024976611137390137,-0.03833022713661194,0.0,0.0,0.17960606515407562,0.10405751317739487,0.03,0,0,0,0,0,0,0,0,0,0,0,0,0,0,0,0,0,0,0,0,0
0.7450706958770752,-1.0,0.0,0.0,-0.024976611137390137,-0.03833022713661194,0.0,0.0,0.17960606515407562,0.10405751317739487,0.03,0,0,0,0,0,0,0,0,0,0,0,0,0,0,0,0,0,0,0,0,0
0.7468671798706055,-1.0,0.0,0.0,-0.024976611137390137,-0.03833022713661194,0.0,0.0,0.17960606515407562,0.10405751317739487,0.03,0,0,0,0,0,0,0,0,0,0,0,0,0,0,0,0,0,0,0,0,0
0.7479813098907471,-1.0,0.0,0.0,-0.024976611137390137,-0.03833022713661194,0.0,0.0,0.17960606515407562,0.10405751317739487,0.03,0,0,0,0,0,0,0,0,0,0,0,0,0,0,0,0,0,0,0,0,0
0.749194860458374,-1.0,0.0,0.0,-0.024976611137390137,-0.03833022713661194,0.0,0.0,0.17960606515407562,0.10405751317739487,0.03,0,0,0,0,0,0,0,0,0,0,0,0,0,0,0,0,0,0,0,0,0
0.7503688335418701,-1.0,0.0,0.0,-0.024976611137390137,-0.03833022713661194,0.0,0.0,0.17960606515407562,0.10405751317739487,0.03,0,0,0,0,0,0,0,0,0,0,0,0,0,0,0,0,0,0,0,0,0
0.7514846324920654,-1.0,0.0,0.0,-0.024976611137390137,-0.03833022713661194,0.0,0.0,0.17960606515407562,0.10405751317739487,0.03,0,0,0,0,0,0,0,0,0,0,0,0,0,0,0,0,0,0,0,0,0
0.752751350402832,-1.0,0.0,0.0,-0.024976611137390137,-0.03833022713661194,0.0,0.0,0.17960606515407562,0.10405751317739487,0.03,0,0,0,0,0,0,0,0,0,0,0,0,0,0,0,0,0,0,0,0,0
0.7558920383453369,-1.0,0.0,0.0,-0.024976611137390137,-0.03833022713661194,0.0,0.0,0.17960606515407562,0.10405751317739487,0.03,0,0,0,0,0,0,0,0,0,0,0,0,0,0,0,0,0,0,0,0,0
0.7581515312194824,-1.0,0.0,0.0,-0.024976611137390137,-0.03833022713661194,0.0,0.0,0.17960606515407562,0.10405751317739487,0.03,0,0,0,0,0,0,0,0,0,0,0,0,0,0,0,0,0,0,0,0,0
0.7593188285827637,-1.0,0.0,0.0,-0.02496597170829773,-0.038335710763931274,0.0,0.0,0.15226653218269348,0.04785560071468353,0.03,0,0,0,0,0,0,0,0,0,0,0,0,0,0,0,0,0,0,0,0,0
0.7609939575195312,-1.0,0.0,0.0,-0.02496597170829773,-0.038335710763931274,0.0,0.0,0.15226653218269348,0.04785560071468353,0.03,0,0,0,0,0,0,0,0,0,0,0,0,0,0,0,0,0,0,0,0,0
0.7624690532684326,-1.0,0.0,0.0,-0.02496597170829773,-0.038335710763931274,0.0,0.0,0.15226653218269348,0.04785560071468353,0.03,0,0,0,0,0,0,0,0,0,0,0,0,0,0,0,0,0,0,0,0,0
0.7638795375823975,-1.0,0.0,0.0,-0.02496597170829773,-0.038335710763931274,0.0,0.0,0.15226653218269348,0.04785560071468353,0.03,0,0,0,0,0,0,0,0,0,0,0,0,0,0,0,0,0,0,0,0,0
0.766075611114502,-1.0,0.0,0.0,-0.02496597170829773,-0.038335710763931274,0.0,0.0,0.15226653218269348,0.04785560071468353,0.03,0,0,0,0,0,0,0,0,0,0,0,0,0,0,0,0,0,0,0,0,0
0.7681660652160645,-1.0,0.0,0.0,-0.02496597170829773,-0.038335710763931274,0.0,0.0,0.15226653218269348,0.04785560071468353,0.03,0,0,0,0,0,0,0,0,0,0,0,0,0,0,0,0,0,0,0,0,0
0.7695209980010986,-1.0,0.0,0.0,-0.02496597170829773,-0.038335710763931274,0.0,0.0,0.15226653218269348,0.04785560071468353,0.03,0,0,0,0,0,0,0,0,0,0,0,0,0,0,0,0,0,0,0,0,0
0.772097110748291,-1.0,0.0,0.0,-0.02496597170829773,-0.038335710763931274,0.0,0.0,0.15226653218269348,0.04785560071468353,0.03,0,0,0,0,0,0,0,0,0,0,0,0,0,0,0,0,0,0,0,0,0
0.7732415199279785,-1.0,0.0,0.0,-0.02496597170829773,-0.038335710763931274,0.0,0.0,0.15226653218269348,0.04785560071468353,0.03,0,0,0,0,0,0,0,0,0,0,0,0,0,0,0,0,0,0,0,0,0
0.7745621204376221,-1.0,0.0,0.0,-0.02496597170829773,-0.038335710763931274,0.0,0.0,0.15226653218269348,0.04785560071468353,0.03,0,0,0,0,0,0,0,0,0,0,0,0,0,0,0,0,0,0,0,0,0
0.7758886814117432,-1.0,0.0,0.0,-0.02496597170829773,-0.038335710763931274,0.0,0.0,0.15226653218269348,0.04785560071468353,0.03,0,0,0,0,0,0,0,0,0,0,0,0,0,0,0,0,0,0,0,0,0
0.7769577503204346,-1.0,0.0,0.0,-0.02496597170829773,-0.038335710763931274,0.0,0.0,0.15226653218269348,0.04785560071468353,0.03,0,0,0,0,0,0,0,0,0,0,0,0,0,0,0,0,0,0,0,0,0
0.7823598384857178,-1.0,0.0,0.0,-0.02492263913154602,-0.0383569598197937,0.0,0.0,0.0804755836725235,0.04816216602921486,0.03,0,0,0,0,0,0,0,0,0,0,0,0,0,0,0,0,0,0,0,0,0
0.7844891548156738,-1.0,0.0,0.0,-0.02492263913154602,-0.0383569598197937,0.0,0.0,0.0804755836725235,0.04816216602921486,0.03,0,0,0,0,0,0,0,0,0,0,0,0,0,0,0,0,0,0,0,0,0
0.7858898639678955,-1.0,0.0,0.0,-0.024912208318710327,-0.03854060173034668,0.0,0.0,0.04363260790705681,-0.1708149015903473,0.03,0,0,0,0,0,0,0,0,0,0,0,0,0,0,0,0,0,0,0,0,0
0.78739333152771,-1.0,0.0,0.0,-0.02491191029548645,-0.03864175081253052,0.0,0.0,0.07205001264810562,-0.23088641464710236,0.03,0,0,0,0,0,0,0,0,0,0,0,0,0,0,0,0,0,0,0,0,0
0.7887222766876221,-1.0,0.0,0.0,-0.02491191029548645,-0.03864175081253052,0.0,0.0,0.07205001264810562,-0.23088641464710236,0.03,0,0,0,0,0,0,0,0,0,0,0,0,0,0,0,0,0,0,0,0,0
0.7900309562683105,-1.0,0.0,0.0,-0.02491191029548645,-0.03864175081253052,0.0,0.0,0.07205001264810562,-0.23088641464710236,0.03,0,0,0,0,0,0,0,0,0,0,0,0,0,0,0,0,0,0,0,0,0
0.7912228107452393,-1.0,0.0,0.0,-0.02491191029548645,-0.03864175081253052,0.0,0.0,0.07205001264810562,-0.23088641464710236,0.03,0,0,0,0,0,0,0,0,0,0,0,0,0,0,0,0,0,0,0,0,0
0.7934718132019043,-1.0,0.0,0.0,-0.02491191029548645,-0.03864175081253052,0.0,0.0,0.07205001264810562,-0.23088641464710236,0.03,0,0,0,0,0,0,0,0,0,0,0,0,0,0,0,0,0,0,0,0,0
0.794583797454834,-1.0,0.0,0.0,-0.02491191029548645,-0.03864175081253052,0.0,0.0,0.07205001264810562,-0.23088641464710236,0.03,0,0,0,0,0,0,0,0,0,0,0,0,0,0,0,0,0,0,0,0,0
0.7957508563995361,-1.0,0.0,0.0,-0.02491191029548645,-0.03864175081253052,0.0,0.0,0.07205001264810562,-0.23088641464710236,0.03,0,0,0,0,0,0,0,0,0,0,0,0,0,0,0,0,0,0,0,0,0
0.7969343662261963,-1.0,0.0,0.0,-0.02491191029548645,-0.03864175081253052,0.0,0.0,0.07205001264810562,-0.23088641464710236,0.03,0,0,0,0,0,0,0,0,0,0,0,0,0,0,0,0,0,0,0,0,0
0.7986962795257568,-1.0,0.0,0.0,-0.02491191029548645,-0.03864175081253052,0.0,0.0,0.07205001264810562,-0.23088641464710236,0.03,0,0,0,0,0,0,0,0,0,0,0,0,0,0,0,0,0,0,0,0,0
0.799760103225708,-1.0,0.0,0.0,-0.02491191029548645,-0.03864175081253052,0.0,0.0,0.07205001264810562,-0.23088641464710236,0.03,0,0,0,0,0,0,0,0,0,0,0,0,0,0,0,0,0,0,0,0,0
0.8023889064788818,-1.0,0.0,0.0,-0.02491191029548645,-0.03864175081253052,0.0,0.0,0.07205001264810562,-0.23088641464710236,0.03,0,0,0,0,0,0,0,0,0,0,0,0,0,0,0,0,0,0,0,0,0
0.805598258972168,-1.0,0.0,0.0,-0.02491191029548645,-0.03864175081253052,0.0,0.0,0.07205001264810562,-0.23088641464710236,0.03,0,0,0,0,0,0,0,0,0,0,0,0,0,0,0,0,0,0,0,0,0
0.8079259395599365,-1.0,0.0,0.0,-0.02491191029548645,-0.03864175081253052,0.0,0.0,0.07205001264810562,-0.23088641464710236,0.03,0,0,0,0,0,0,0,0,0,0,0,0,0,0,0,0,0,0,0,0,0
0.8097372055053711,-1.0,0.0,0.0,-0.02491191029548645,-0.03864175081253052,0.0,0.0,0.07205001264810562,-0.23088641464710236,0.03,0,0,0,0,0,0,0,0,0,0,0,0,0,0,0,0,0,0,0,0,0
0.8110325336456299,-1.0,0.0,0.0,-0.02491191029548645,-0.03864175081253052,0.0,0.0,0.07205001264810562,-0.23088641464710236,0.03,0,0,0,0,0,0,0,0,0,0,0,0,0,0,0,0,0,0,0,0,0
0.8121109008789062,-1.0,0.0,0.0,-0.02491191029548645,-0.03864175081253052,0.0,0.0,0.07205001264810562,-0.23088641464710236,0.03,0,0,0,0,0,0,0,0,0,0,0,0,0,0,0,0,0,0,0,0,0
0.8136255741119385,-1.0,0.0,0.0,-0.02491191029548645,-0.03864175081253052,0.0,0.0,0.07205001264810562,-0.23088641464710236,0.03,0,0,0,0,0,0,0,0,0,0,0,0,0,0,0,0,0,0,0,0,0
0.8150334358215332,-1.0,0.0,0.0,-0.02491191029548645,-0.03864175081253052,0.0,0.0,0.07205001264810562,-0.23088641464710236,0.03,0,0,0,0,0,0,0,0,0,0,0,0,0,0,0,0,0,0,0,0,0
0.8168630599975586,-1.0,0.0,0.0,-0.02491191029548645,-0.03864175081253052,0.0,0.0,0.07205001264810562,-0.23088641464710236,0.03,0,0,0,0,0,0,0,0,0,0,0,0,0,0,0,0,0,0,0,0,0
0.8189616203308105,-1.0,0.0,0.0,-0.02491191029548645,-0.03864175081253052,0.0,0.0,0.07205001264810562,-0.23088641464710236,0.03,0,0,0,0,0,0,0,0,0,0,0,0,0,0,0,0,0,0,0,0,0
0.8200516700744629,-1.0,0.0,0.0,-0.02491191029548645,-0.03864175081253052,0.0,0.0,0.07205001264810562,-0.23088641464710236,0.03,0,0,0,0,0,0,0,0,0,0,0,0,0,0,0,0,0,0,0,0,0
0.8216114044189453,-1.0,0.0,0.0,-0.02491191029548645,-0.03864175081253052,0.0,0.0,0.07205001264810562,-0.23088641464710236,0.03,0,0,0,0,0,0,0,0,0,0,0,0,0,0,0,0,0,0,0,0,0
0.8226790428161621,-1.0,0.0,0.0,-0.02491191029548645,-0.03864175081253052,0.0,0.0,0.07205001264810562,-0.23088641464710236,0.03,0,0,0,0,0,0,0,0,0,0,0,0,0,0,0,0,0,0,0,0,0
0.823758602142334,-1.0,0.0,0.0,-0.02491191029548645,-0.03864175081253052,0.0,0.0,0.07205001264810562,-0.23088641464710236,0.03,0,0,0,0,0,0,0,0,0,0,0,0,0,0,0,0,0,0,0,0,0
0.824979305267334,-1.0,0.0,0.0,-0.02491191029548645,-0.03864175081253052,0.0,0.0,0.07205001264810562,-0.23088641464710236,0.03,0,0,0,0,0,0,0,0,0,0,0,0,0,0,0,0,0,0,0,0,0
0.8261318206787109,-1.0,0.0,0.0,-0.02491191029548645,-0.03864175081253052,0.0,0.0,0.07205001264810562,-0.23088641464710236,0.03,0,0,0,0,0,0,0,0,0,0,0,0,0,0,0,0,0,0,0,0,0
0.8282945156097412,-1.0,0.0,0.0,-0.024923622608184814,-0.03857383131980896,0.0,0.0,0.12508279085159302,-0.05802423879504204,0.03,0,0,0,0,0,0,0,0,0,0,0,0,0,0,0,0,0,0,0,0,0
0.8295390605926514,-1.0,0.0,0.0,-0.024923622608184814,-0.03857383131980896,0.0,0.0,0.12508279085159302,-0.05802423879504204,0.03,0,0,0,0,0,0,0,0,0,0,0,0,0,0,0,0,0,0,0,0,0
0.8330602645874023,-1.0,0.0,0.0,-0.024913698434829712,-0.03856489062309265,0.0,0.0,0.07345208525657654,-0.10023517161607742,0.03,0,0,0,0,0,0,0,0,0,0,0,0,0,0,0,0,0,0,0,0,0
0.8348202705383301,-1.0,0.0,0.0,-0.024914681911468506,-0.03852829337120056,0.0,0.0,0.08345528692007065,0.028215989470481873,0.03,0,0,0,0,0,0,0,0,0,0,0,0,0,0,0,0,0,0,0,0,0
0.8365638256072998,-1.0,0.0,0.0,-0.024914681911468506,-0.03852829337120056,0.0,0.0,0.08345528692007065,0.028215989470481873,0.03,0,0,0,0,0,0,0,0,0,0,0,0,0,0,0,0,0,0,0,0,0
0.8390915393829346,-1.0,0.0,0.0,-0.024914681911468506,-0.03852829337120056,0.0,0.0,0.08345528692007065,0.028215989470481873,0.03,0,0,0,0,0,0,0,0,0,0,0,0,0,0,0,0,0,0,0,0,0
0.8403594493865967,-1.0,0.0,0.0,-0.024914681911468506,-0.03852829337120056,0.0,0.0,0.08345528692007065,0.028215989470481873,0.03,0,0,0,0,0,0,0,0,0,0,0,0,0,0,0,0,0,0,0,0,0
0.8417491912841797,-1.0,0.0,0.0,-0.02491322159767151,-0.03851807117462158,0.0,0.0,0.08211316168308258,0.0013299962738528848,0.03,0,0,0,0,0,0,0,0,0,0,0,0,0,0,0,0,0,0,0,0,0
0.8430740833282471,-1.0,0.0,0.0,-0.02491322159767151,-0.03851807117462158,0.0,0.0,0.08211316168308258,0.0013299962738528848,0.03,0,0,0,0,0,0,0,0,0,0,0,0,0,0,0,0,0,0,0,0,0
0.8453080654144287,-1.0,0.0,0.0,-0.02491322159767151,-0.03851807117462158,0.0,0.0,0.08211316168308258,0.0013299962738528848,0.03,0,0,0,0,0,0,0,0,0,0,0,0,0,0,0,0,0,0,0,0,0
0.8464460372924805,-1.0,0.0,0.0,-0.02491322159767151,-0.03851807117462158,0.0,0.0,0.08211316168308258,0.0013299962738528848,0.03,0,0,0,0,0,0,0,0,0,0,0,0,0,0,0,0,0,0,0,0,0
0.8475501537322998,-1.0,0.0,0.0,-0.02491322159767151,-0.03851807117462158,0.0,0.0,0.08211316168308258,0.0013299962738528848,0.03,0,0,0,0,0,0,0,0,0,0,0,0,0,0,0,0,0,0,0,0,0
0.8491590023040771,-1.0,0.0,0.0,-0.02491322159767151,-0.03851807117462158,0.0,0.0,0.08211316168308258,0.0013299962738528848,0.03,0,0,0,0,0,0,0,0,0,0,0,0,0,0,0,0,0,0,0,0,0
0.8504691123962402,-1.0,0.0,0.0,-0.02491322159767151,-0.03851807117462158,0.0,0.0,0.08211316168308258,0.0013299962738528848,0.03,0,0,0,0,0,0,0,0,0,0,0,0,0,0,0,0,0,0,0,0,0
0.8516218662261963,-1.0,0.0,0.0,-0.02491322159767151,-0.03851807117462158,0.0,0.0,0.08211316168308258,0.0013299962738528848,0.03,0,0,0,0,0,0,0,0,0,0,0,0,0,0,0,0,0,0,0,0,0
0.8529319763183594,-1.0,0.0,0.0,-0.02491322159767151,-0.03851807117462158,0.0,0.0,0.08211316168308258,0.0013299962738528848,0.03,0,0,0,0,0,0,0,0,0,0,0,0,0,0,0,0,0,0,0,0,0
0.8539981842041016,-1.0,0.0,0.0,-0.02491322159767151,-0.03851807117462158,0.0,0.0,0.08211316168308258,0.0013299962738528848,0.03,0,0,0,0,0,0,0,0,0,0,0,0,0,0,0,0,0,0,0,0,0
0.8554646968841553,-1.0,0.0,0.0,-0.02491322159767151,-0.03851807117462158,0.0,0.0,0.08211316168308258,0.0013299962738528848,0.03,0,0,0,0,0,0,0,0,0,0,0,0,0,0,0,0,0,0,0,0,0
0.8572320938110352,-1.0,0.0,0.0,-0.02491322159767151,-0.03851807117462158,0.0,0.0,0.08211316168308258,0.0013299962738528848,0.03,0,0,0,0,0,0,0,0,0,0,0,0,0,0,0,0,0,0,0,0,0
0.8607561588287354,-1.0,0.0,0.0,-0.02491322159767151,-0.03851807117462158,0.0,0.0,0.08211316168308258,0.0013299962738528848,0.03,0,0,0,0,0,0,0,0,0,0,0,0,0,0,0,0,0,0,0,0,0
0.8621082305908203,-1.0,0.0,0.0,-0.02491322159767151,-0.03851807117462158,0.0,0.0,0.08211316168308258,0.0013299962738528848,0.03,0,0,0,0,0,0,0,0,0,0,0,0,0,0,0,0,0,0,0,0,0
0.8634645938873291,-1.0,0.0,0.0,-0.02491322159767151,-0.03851807117462158,0.0,0.0,0.08211316168308258,0.0013299962738528848,0.03,0,0,0,0,0,0,0,0,0,0,0,0,0,0,0,0,0,0,0,0,0
0.864715576171875,-1.0,0.0,0.0,-0.02491322159767151,-0.03851807117462158,0.0,0.0,0.08211316168308258,0.0013299962738528848,0.03,0,0,0,0,0,0,0,0,0,0,0,0,0,0,0,0,0,0,0,0,0
0.8660027980804443,-1.0,0.0,0.0,-0.02491322159767151,-0.03851807117462158,0.0,0.0,0.08211316168308258,0.0013299962738528848,0.03,0,0,0,0,0,0,0,0,0,0,0,0,0,0,0,0,0,0,0,0,0
0.8672258853912354,-1.0,0.0,0.0,-0.02491322159767151,-0.03851807117462158,0.0,0.0,0.08211316168308258,0.0013299962738528848,0.03,0,0,0,0,0,0,0,0,0,0,0,0,0,0,0,0,0,0,0,0,0
0.8685295581817627,-1.0,0.0,0.0,-0.02491322159767151,-0.03851807117462158,0.0,0.0,0.08211316168308258,0.0013299962738528848,0.03,0,0,0,0,0,0,0,0,0,0,0,0,0,0,0,0,0,0,0,0,0
0.8706982135772705,-1.0,0.0,0.0,-0.02491322159767151,-0.03851807117462158,0.0,0.0,0.08211316168308258,0.0013299962738528848,0.03,0,0,0,0,0,0,0,0,0,0,0,0,0,0,0,0,0,0,0,0,0
0.872044563293457,-1.0,0.0,0.0,-0.02491322159767151,-0.03851807117462158,0.0,0.0,0.08211316168308258,0.0013299962738528848,0.03,0,0,0,0,0,0,0,0,0,0,0,0,0,0,0,0,0,0,0,0,0
0.8751375675201416,-1.0,0.0,0.0,-0.02491322159767151,-0.03851807117462158,0.0,0.0,0.08211316168308258,0.0013299962738528848,0.03,0,0,0,0,0,0,0,0,0,0,0,0,0,0,0,0,0,0,0,0,0
0.8789610862731934,-1.0,0.0,0.0,-0.024895966053009033,-0.038574814796447754,0.0,0.0,0.057198408991098404,-0.06615015864372253,0.03,0,0,0,0,0,0,0,0,0,0,0,0,0,0,0,0,0,0,0,0,0
0.8812990188598633,-1.0,0.0,0.0,-0.024902313947677612,-0.038574814796447754,0.0,0.0,0.07772494852542877,-0.06563125550746918,0.03,0,0,0,0,0,0,0,0,0,0,0,0,0,0,0,0,0,0,0,0,0
0.8832798004150391,-1.0,0.0,0.0,-0.024902313947677612,-0.038574814796447754,0.0,0.0,0.07772494852542877,-0.06563125550746918,0.03,0,0,0,0,0,0,0,0,0,0,0,0,0,0,0,0,0,0,0,0,0
0.885063886642456,-1.0,0.0,0.0,-0.024902313947677612,-0.038574814796447754,0.0,0.0,0.07772494852542877,-0.06563125550746918,0.03,0,0,0,0,0,0,0,0,0,0,0,0,0,0,0,0,0,0,0,0,0
0.8869273662567139,-1.0,0.0,0.0,-0.024912595748901367,-0.03857108950614929,0.0,0.0,0.09703220427036285,-0.06664208322763443,0.03,0,0,0,0,0,0,0,0,0,0,0,0,0,0,0,0,0,0,0,0,0
0.8894762992858887,-1.0,0.0,0.0,-0.024912595748901367,-0.03857108950614929,0.0,0.0,0.09703220427036285,-0.06664208322763443,0.03,0,0,0,0,0,0,0,0,0,0,0,0,0,0,0,0,0,0,0,0,0
0.8907546997070312,-1.0,0.0,0.0,-0.024912595748901367,-0.03857108950614929,0.0,0.0,0.09703220427036285,-0.06664208322763443,0.03,0,0,0,0,0,0,0,0,0,0,0,0,0,0,0,0,0,0,0,0,0
0.8921961784362793,-1.0,0.0,0.0,-0.024501115083694458,-0.038574814796447754,0.0,0.0,-0.44034722447395325,-0.093398816883564,0.03,0,0,0,0,0,0,0,0,0,0,0,0,0,0,0,0,0,0,0,0,0
0.89444899559021,-1.0,0.0,0.0,-0.024501115083694458,-0.038574814796447754,0.0,0.0,-0.44034722447395325,-0.093398816883564,0.03,0,0,0,0,0,0,0,0,0,0,0,0,0,0,0,0,0,0,0,0,0
0.8970005512237549,-1.0,0.0,0.0,-0.024501115083694458,-0.038574814796447754,0.0,0.0,-0.44034722447395325,-0.093398816883564,0.03,0,0,0,0,0,0,0,0,0,0,0,0,0,0,0,0,0,0,0,0,0
0.8981447219848633,-1.0,0.0,0.0,-0.024501115083694458,-0.038574814796447754,0.0,0.0,-0.44034722447395325,-0.093398816883564,0.03,0,0,0,0,0,0,0,0,0,0,0,0,0,0,0,0,0,0,0,0,0
0.8995182514190674,-1.0,0.0,0.0,-0.024501115083694458,-0.038574814796447754,0.0,0.0,-0.44034722447395325,-0.093398816883564,0.03,0,0,0,0,0,0,0,0,0,0,0,0,0,0,0,0,0,0,0,0,0
0.9012026786804199,-1.0,0.0,0.0,-0.02476710081100464,-0.03856387734413147,0.0,0.0,0.2734088599681854,-0.06730471551418304,0.03,0,0,0,0,0,0,0,0,0,0,0,0,0,0,0,0,0,0,0,0,0
0.9028224945068359,-1.0,0.0,0.0,-0.02476710081100464,-0.03856387734413147,0.0,0.0,0.2734088599681854,-0.06730471551418304,0.03,0,0,0,0,0,0,0,0,0,0,0,0,0,0,0,0,0,0,0,0,0
0.9041926860809326,-1.0,0.0,0.0,-0.024529308080673218,-0.03857627511024475,0.0,0.0,-0.412524938583374,-0.07589766383171082,0.03,0,0,0,0,0,0,0,0,0,0,0,0,0,0,0,0,0,0,0,0,0
0.90529465675354,-1.0,0.0,0.0,-0.024250298738479614,-0.03851291537284851,0.0,0.0,-0.5967860817909241,0.04443923383951187,0.03,0,0,0,0,0,0,0,0,0,0,0,0,0,0,0,0,0,0,0,0,0
0.9063899517059326,-1.0,0.0,0.0,-0.024250298738479614,-0.03851291537284851,0.0,0.0,-0.5967860817909241,0.04443923383951187,0.03,0,0,0,0,0,0,0,0,0,0,0,0,0,0,0,0,0,0,0,0,0
0.9076032638549805,-1.0,0.0,0.0,-0.024250298738479614,-0.03851291537284851,0.0,0.0,-0.5967860817909241,0.04443923383951187,0.03,0,0,0,0,0,0,0,0,0,0,0,0,0,0,0,0,0,0,0,0,0
0.908705472946167,-1.0,0.0,0.0,-0.024250298738479614,-0.03851291537284851,0.0,0.0,-0.5967860817909241,0.04443923383951187,0.03,0,0,0,0,0,0,0,0,0,0,0,0,0,0,0,0,0,0,0,0,0
0.9107747077941895,-1.0,0.0,0.0,-0.024535685777664185,-0.0385136604309082,0.0,0.0,0.06766525655984879,-0.02917488105595112,0.03,0,0,0,0,0,0,0,0,0,0,0,0,0,0,0,0,0,0,0,0,0
0.9120211601257324,-1.0,0.0,0.0,-0.024535685777664185,-0.0385136604309082,0.0,0.0,0.06766525655984879,-0.02917488105595112,0.03,0,0,0,0,0,0,0,0,0,0,0,0,0,0,0,0,0,0,0,0,0
0.9130911827087402,-1.0,0.0,0.0,-0.024535685777664185,-0.0385136604309082,0.0,0.0,0.06766525655984879,-0.02917488105595112,0.03,0,0,0,0,0,0,0,0,0,0,0,0,0,0,0,0,0,0,0,0,0
0.9143452644348145,-1.0,0.0,0.0,-0.024535685777664185,-0.0385136604309082,0.0,0.0,0.06766525655984879,-0.02917488105595112,0.03,0,0,0,0,0,0,0,0,0,0,0,0,0,0,0,0,0,0,0,0,0
0.9162728786468506,-1.0,0.0,0.0,-0.024535685777664185,-0.0385136604309082,0.0,0.0,0.06766525655984879,-0.02917488105595112,0.03,0,0,0,0,0,0,0,0,0,0,0,0,0,0,0,0,0,0,0,0,0
0.9174740314483643,-1.0,0.0,0.0,-0.024535685777664185,-0.0385136604309082,0.0,0.0,0.06766525655984879,-0.02917488105595112,0.03,0,0,0,0,0,0,0,0,0,0,0,0,0,0,0,0,0,0,0,0,0
0.9186806678771973,-1.0,0.0,0.0,-0.024535685777664185,-0.0385136604309082,0.0,0.0,0.06766525655984879,-0.02917488105595112,0.03,0,0,0,0,0,0,0,0,0,0,0,0,0,0,0,0,0,0,0,0,0
0.9200491905212402,-1.0,0.0,0.0,-0.024535685777664185,-0.0385136604309082,0.0,0.0,0.06766525655984879,-0.02917488105595112,0.03,0,0,0,0,0,0,0,0,0,0,0,0,0,0,0,0,0,0,0,0,0
0.9214038848876953,-1.0,0.0,0.0,-0.024535685777664185,-0.0385136604309082,0.0,0.0,0.06766525655984879,-0.02917488105595112,0.03,0,0,0,0,0,0,0,0,0,0,0,0,0,0,0,0,0,0,0,0,0
0.9236421585083008,-1.0,0.0,0.0,-0.024535685777664185,-0.0385136604309082,0.0,0.0,0.06766525655984879,-0.02917488105595112,0.03,0,0,0,0,0,0,0,0,0,0,0,0,0,0,0,0,0,0,0,0,0
0.925166130065918,-1.0,0.0,0.0,-0.024535685777664185,-0.0385136604309082,0.0,0.0,0.06766525655984879,-0.02917488105595112,0.03,0,0,0,0,0,0,0,0,0,0,0,0,0,0,0,0,0,0,0,0,0
0.9263961315155029,-1.0,0.0,0.0,-0.024535685777664185,-0.0385136604309082,0.0,0.0,0.06766525655984879,-0.02917488105595112,0.03,0,0,0,0,0,0,0,0,0,0,0,0,0,0,0,0,0,0,0,0,0
0.9284307956695557,-1.0,0.0,0.0,-0.024535685777664185,-0.0385136604309082,0.0,0.0,0.06766525655984879,-0.02917488105595112,0.03,0,0,0,0,0,0,0,0,0,0,0,0,0,0,0,0,0,0,0,0,0
0.9295082092285156,-1.0,0.0,0.0,-0.024535685777664185,-0.0385136604309082,0.0,0.0,0.06766525655984879,-0.02917488105595112,0.03,0,0,0,0,0,0,0,0,0,0,0,0,0,0,0,0,0,0,0,0,0
0.9306333065032959,-1.0,0.0,0.0,-0.024535685777664185,-0.0385136604309082,0.0,0.0,0.06766525655984879,-0.02917488105595112,0.03,0,0,0,0,0,0,0,0,0,0,0,0,0,0,0,0,0,0,0,0,0
0.9317207336425781,-1.0,0.0,0.0,-0.024535685777664185,-0.0385136604309082,0.0,0.0,0.06766525655984879,-0.02917488105595112,0.03,0,0,0,0,0,0,0,0,0,0,0,0,0,0,0,0,0,0,0,0,0
0.9328205585479736,-1.0,0.0,0.0,-0.024535685777664185,-0.0385136604309082,0.0,0.0,0.06766525655984879,-0.02917488105595112,0.03,0,0,0,0,0,0,0,0,0,0,0,0,0,0,0,0,0,0,0,0,0
0.9341411590576172,-1.0,0.0,0.0,-0.024535685777664185,-0.0385136604309082,0.0,0.0,0.06766525655984879,-0.02917488105595112,0.03,0,0,0,0,0,0,0,0,0,0,0,0,0,0,0,0,0,0,0,0,0
0.9353277683258057,-1.0,0.0,0.0,-0.024535685777664185,-0.0385136604309082,0.0,0.0,0.06766525655984879,-0.02917488105595112,0.03,0,0,0,0,0,0,0,0,0,0,0,0,0,0,0,0,0,0,0,0,0
0.9374723434448242,-1.0,0.0,0.0,-0.024535685777664185,-0.0385136604309082,0.0,0.0,0.06766525655984879,-0.02917488105595112,0.03,0,0,0,0,0,0,0,0,0,0,0,0,0,0,0,0,0,0,0,0,0
0.9388241767883301,-1.0,0.0,0.0,-0.024535685777664185,-0.0385136604309082,0.0,0.0,0.06766525655984879,-0.02917488105595112,0.03,0,0,0,0,0,0,0,0,0,0,0,0,0,0,0,0,0,0,0,0,0
0.9402811527252197,-1.0,0.0,0.0,-0.024535685777664185,-0.0385136604309082,0.0,0.0,0.06766525655984879,-0.02917488105595112,0.03,0,0,0,0,0,0,0,0,0,0,0,0,0,0,0,0,0,0,0,0,0
0.941533088684082,-1.0,0.0,0.0,-0.024535685777664185,-0.0385136604309082,0.0,0.0,0.06766525655984879,-0.02917488105595112,0.03,0,0,0,0,0,0,0,0,0,0,0,0,0,0,0,0,0,0,0,0,0
0.9426672458648682,-1.0,0.0,0.0,-0.024535685777664185,-0.0385136604309082,0.0,0.0,0.06766525655984879,-0.02917488105595112,0.03,0,0,0,0,0,0,0,0,0,0,0,0,0,0,0,0,0,0,0,0,0
0.94386887550354,-1.0,0.0,0.0,-0.024535685777664185,-0.0385136604309082,0.0,0.0,0.06766525655984879,-0.02917488105595112,0.03,0,0,0,0,0,0,0,0,0,0,0,0,0,0,0,0,0,0,0,0,0
0.9450094699859619,-1.0,0.0,0.0,-0.024535685777664185,-0.0385136604309082,0.0,0.0,0.06766525655984879,-0.02917488105595112,0.03,0,0,0,0,0,0,0,0,0,0,0,0,0,0,0,0,0,0,0,0,0
0.9463353157043457,-1.0,0.0,0.0,-0.024535685777664185,-0.0385136604309082,0.0,0.0,0.06766525655984879,-0.02917488105595112,0.03,0,0,0,0,0,0,0,0,0,0,0,0,0,0,0,0,0,0,0,0,0
0.9474921226501465,-1.0,0.0,0.0,-0.024535685777664185,-0.0385136604309082,0.0,0.0,0.06766525655984879,-0.02917488105595112,0.03,0,0,0,0,0,0,0,0,0,0,0,0,0,0,0,0,0,0,0,0,0
0.9486234188079834,-1.0,0.0,0.0,-0.024535685777664185,-0.0385136604309082,0.0,0.0,0.06766525655984879,-0.02917488105595112,0.03,0,0,0,0,0,0,0,0,0,0,0,0,0,0,0,0,0,0,0,0,0
0.9500508308410645,-1.0,0.0,0.0,-0.024535685777664185,-0.0385136604309082,0.0,0.0,0.06766525655984879,-0.02917488105595112,0.03,0,0,0,0,0,0,0,0,0,0,0,0,0,0,0,0,0,0,0,0,0
0.9512288570404053,-1.0,0.0,0.0,-0.024535685777664185,-0.0385136604309082,0.0,0.0,0.06766525655984879,-0.02917488105595112,0.03,0,0,0,0,0,0,0,0,0,0,0,0,0,0,0,0,0,0,0,0,0
0.9527618885040283,-1.0,0.0,0.0,-0.024535685777664185,-0.0385136604309082,0.0,0.0,0.06766525655984879,-0.02917488105595112,0.03,0,0,0,0,0,0,0,0,0,0,0,0,0,0,0,0,0,0,0,0,0
0.9541726112365723,-1.0,0.0,0.0,-0.024535685777664185,-0.0385136604309082,0.0,0.0,0.06766525655984879,-0.02917488105595112,0.03,0,0,0,0,0,0,0,0,0,0,0,0,0,0,0,0,0,0,0,0,0
0.95570969581604,-1.0,0.0,0.0,-0.024535685777664185,-0.0385136604309082,0.0,0.0,0.06766525655984879,-0.02917488105595112,0.03,0,0,0,0,0,0,0,0,0,0,0,0,0,0,0,0,0,0,0,0,0
0.9579744338989258,-1.0,0.0,0.0,-0.024565279483795166,-0.03864109516143799,0.0,0.0,-0.37243762612342834,-0.18144014477729797,0.03,0,0,0,0,0,0,0,0,0,0,0,0,0,0,0,0,0,0,0,0,0
0.9590809345245361,-1.0,0.0,0.0,-0.024565279483795166,-0.03864109516143799,0.0,0.0,-0.37243762612342834,-0.18144014477729797,0.03,0,0,0,0,0,0,0,0,0,0,0,0,0,0,0,0,0,0,0,0,0
0.9610311985015869,-1.0,0.0,0.0,-0.02422875165939331,-0.038441479206085205,0.0,0.0,-0.45337292551994324,0.05866996943950653,0.03,0,0,0,0,0,0,0,0,0,0,0,0,0,0,0,0,0,0,0,0,0
0.9627549648284912,-1.0,0.0,0.0,-0.02422875165939331,-0.038441479206085205,0.0,0.0,-0.45337292551994324,0.05866996943950653,0.03,0,0,0,0,0,0,0,0,0,0,0,0,0,0,0,0,0,0,0,0,0
0.9639074802398682,-1.0,0.0,0.0,-0.024292975664138794,-0.03843790292739868,0.0,0.0,-0.2964417040348053,0.05070602148771286,0.03,0,0,0,0,0,0,0,0,0,0,0,0,0,0,0,0,0,0,0,0,0
0.9672591686248779,-1.0,0.0,0.0,-0.024379372596740723,-0.03845113515853882,0.0,0.0,-0.13345830142498016,0.01595432683825493,0.03,0,0,0,0,0,0,0,0,0,0,0,0,0,0,0,0,0,0,0,0,0
0.9685332775115967,-1.0,0.0,0.0,-0.024379372596740723,-0.03845113515853882,0.0,0.0,-0.13345830142498016,0.01595432683825493,0.03,0,0,0,0,0,0,0,0,0,0,0,0,0,0,0,0,0,0,0,0,0
0.9700241088867188,-1.0,0.0,0.0,-0.024379372596740723,-0.03845113515853882,0.0,0.0,-0.13345830142498016,0.01595432683825493,0.03,0,0,0,0,0,0,0,0,0,0,0,0,0,0,0,0,0,0,0,0,0
0.9717543125152588,-1.0,0.0,0.0,-0.024379372596740723,-0.03845113515853882,0.0,0.0,-0.13345830142498016,0.01595432683825493,0.03,0,0,0,0,0,0,0,0,0,0,0,0,0,0,0,0,0,0,0,0,0
0.9733250141143799,-1.0,0.0,0.0,-0.024681568145751953,-0.03851249814033508,0.0,0.0,0.21878263354301453,-0.09295105934143066,0.03,0,0,0,0,0,0,0,0,0,0,0,0,0,0,0,0,0,0,0,0,0
0.9759876728057861,-1.0,0.0,0.0,-0.024361073970794678,-0.03852608799934387,0.0,0.0,-0.6124343872070312,0.04534117877483368,0.03,0,0,0,0,0,0,0,0,0,0,0,0,0,0,0,0,0,0,0,0,0
0.9776248931884766,-1.0,0.0,0.0,-0.02445557713508606,-0.038464903831481934,0.0,0.0,-0.05960940197110176,0.004622994922101498,0.03,0,0,0,0,0,0,0,0,0,0,0,0,0,0,0,0,0,0,0,0,0
0.9788928031921387,-1.0,0.0,0.0,-0.02445557713508606,-0.038464903831481934,0.0,0.0,-0.05960940197110176,0.004622994922101498,0.03,0,0,0,0,0,0,0,0,0,0,0,0,0,0,0,0,0,0,0,0,0
0.9801516532897949,-1.0,0.0,0.0,-0.02445557713508606,-0.038464903831481934,0.0,0.0,-0.05960940197110176,0.004622994922101498,0.03,0,0,0,0,0,0,0,0,0,0,0,0,0,0,0,0,0,0,0,0,0
0.9814412593841553,-1.0,0.0,0.0,-0.02445557713508606,-0.038464903831481934,0.0,0.0,-0.05960940197110176,0.004622994922101498,0.03,0,0,0,0,0,0,0,0,0,0,0,0,0,0,0,0,0,0,0,0,0
0.9825663566589355,-1.0,0.0,0.0,-0.02445557713508606,-0.038464903831481934,0.0,0.0,-0.05960940197110176,0.004622994922101498,0.03,0,0,0,0,0,0,0,0,0,0,0,0,0,0,0,0,0,0,0,0,0
0.9836604595184326,-1.0,0.0,0.0,-0.02445557713508606,-0.038464903831481934,0.0,0.0,-0.05960940197110176,0.004622994922101498,0.03,0,0,0,0,0,0,0,0,0,0,0,0,0,0,0,0,0,0,0,0,0
0.9847598075866699,-1.0,0.0,0.0,-0.02445557713508606,-0.038464903831481934,0.0,0.0,-0.05960940197110176,0.004622994922101498,0.03,0,0,0,0,0,0,0,0,0,0,0,0,0,0,0,0,0,0,0,0,0
0.9861013889312744,-1.0,0.0,0.0,-0.02445557713508606,-0.038464903831481934,0.0,0.0,-0.05960940197110176,0.004622994922101498,0.03,0,0,0,0,0,0,0,0,0,0,0,0,0,0,0,0,0,0,0,0,0
0.987191915512085,-1.0,0.0,0.0,-0.02445557713508606,-0.038464903831481934,0.0,0.0,-0.05960940197110176,0.004622994922101498,0.03,0,0,0,0,0,0,0,0,0,0,0,0,0,0,0,0,0,0,0,0,0
0.9888575077056885,-1.0,0.0,0.0,-0.02445557713508606,-0.038464903831481934,0.0,0.0,-0.05960940197110176,0.004622994922101498,0.03,0,0,0,0,0,0,0,0,0,0,0,0,0,0,0,0,0,0,0,0,0
0.9900374412536621,-1.0,0.0,0.0,-0.02445557713508606,-0.038464903831481934,0.0,0.0,-0.05960940197110176,0.004622994922101498,0.03,0,0,0,0,0,0,0,0,0,0,0,0,0,0,0,0,0,0,0,0,0
0.991832971572876,-1.0,0.0,0.0,-0.02445557713508606,-0.038464903831481934,0.0,0.0,-0.05960940197110176,0.004622994922101498,0.03,0,0,0,0,0,0,0,0,0,0,0,0,0,0,0,0,0,0,0,0,0
0.9937381744384766,-1.0,0.0,0.0,-0.02445557713508606,-0.038464903831481934,0.0,0.0,-0.05960940197110176,0.004622994922101498,0.03,0,0,0,0,0,0,0,0,0,0,0,0,0,0,0,0,0,0,0,0,0
0.9951789379119873,-1.0,0.0,0.0,-0.02445557713508606,-0.038464903831481934,0.0,0.0,-0.05960940197110176,0.004622994922101498,0.03,0,0,0,0,0,0,0,0,0,0,0,0,0,0,0,0,0,0,0,0,0
0.9964385032653809,-1.0,0.0,0.0,-0.02445557713508606,-0.038464903831481934,0.0,0.0,-0.05960940197110176,0.004622994922101498,0.03,0,0,0,0,0,0,0,0,0,0,0,0,0,0,0,0,0,0,0,0,0
0.9975919723510742,-1.0,0.0,0.0,-0.02445557713508606,-0.038464903831481934,0.0,0.0,-0.05960940197110176,0.004622994922101498,0.03,0,0,0,0,0,0,0,0,0,0,0,0,0,0,0,0,0,0,0,0,0
0.9990291595458984,-1.0,0.0,0.0,-0.02445557713508606,-0.038464903831481934,0.0,0.0,-0.05960940197110176,0.004622994922101498,0.03,0,0,0,0,0,0,0,0,0,0,0,0,0,0,0,0,0,0,0,0,0
1.0002739429473877,-1.0,0.0,0.0,-0.02445557713508606,-0.038464903831481934,0.0,0.0,-0.05960940197110176,0.004622994922101498,0.03,0,0,0,0,0,0,0,0,0,0,0,0,0,0,0,0,0,0,0,0,0
1.0016441345214844,-1.0,0.0,0.0,-0.02445557713508606,-0.038464903831481934,0.0,0.0,-0.05960940197110176,0.004622994922101498,0.03,0,0,0,0,0,0,0,0,0,0,0,0,0,0,0,0,0,0,0,0,0
1.0029871463775635,-1.0,0.0,0.0,-0.02445557713508606,-0.038464903831481934,0.0,0.0,-0.05960940197110176,0.004622994922101498,0.03,0,0,0,0,0,0,0,0,0,0,0,0,0,0,0,0,0,0,0,0,0
1.0046541690826416,-1.0,0.0,0.0,-0.02445557713508606,-0.038464903831481934,0.0,0.0,-0.05960940197110176,0.004622994922101498,0.03,0,0,0,0,0,0,0,0,0,0,0,0,0,0,0,0,0,0,0,0,0
1.0057966709136963,-1.0,0.0,0.0,-0.02445557713508606,-0.038464903831481934,0.0,0.0,-0.05960940197110176,0.004622994922101498,0.03,0,0,0,0,0,0,0,0,0,0,0,0,0,0,0,0,0,0,0,0,0
1.007169485092163,-1.0,0.0,0.0,-0.02445557713508606,-0.038464903831481934,0.0,0.0,-0.05960940197110176,0.004622994922101498,0.03,0,0,0,0,0,0,0,0,0,0,0,0,0,0,0,0,0,0,0,0,0
1.00825834274292,-1.0,0.0,0.0,-0.02445557713508606,-0.038464903831481934,0.0,0.0,-0.05960940197110176,0.004622994922101498,0.03,0,0,0,0,0,0,0,0,0,0,0,0,0,0,0,0,0,0,0,0,0
1.0094881057739258,-1.0,0.0,0.0,-0.02445557713508606,-0.038464903831481934,0.0,0.0,-0.05960940197110176,0.004622994922101498,0.03,0,0,0,0,0,0,0,0,0,0,0,0,0,0,0,0,0,0,0,0,0
1.0111610889434814,-1.0,0.0,0.0,-0.02445557713508606,-0.038464903831481934,0.0,0.0,-0.05960940197110176,0.004622994922101498,0.03,0,0,0,0,0,0,0,0,0,0,0,0,0,0,0,0,0,0,0,0,0
1.0130786895751953,-1.0,0.0,0.0,-0.02445557713508606,-0.038464903831481934,0.0,0.0,-0.05960940197110176,0.004622994922101498,0.03,0,0,0,0,0,0,0,0,0,0,0,0,0,0,0,0,0,0,0,0,0
1.014927864074707,-1.0,0.0,0.0,-0.02445557713508606,-0.038464903831481934,0.0,0.0,-0.05960940197110176,0.004622994922101498,0.03,0,0,0,0,0,0,0,0,0,0,0,0,0,0,0,0,0,0,0,0,0
1.016753911972046,-1.0,0.0,0.0,-0.02499350905418396,-0.03850191831588745,0.0,0.0,0.3320308327674866,-0.014070551842451096,0.03,0,0,0,0,0,0,0,0,0,0,0,0,0,0,0,0,0,0,0,0,0
1.017899513244629,-1.0,0.0,0.0,-0.024787217378616333,-0.038575977087020874,0.0,0.0,-0.17905305325984955,-0.14085344970226288,0.03,0,0,0,0,0,0,0,0,0,0,0,0,0,0,0,0,0,0,0,0,0
1.0193607807159424,-1.0,0.0,0.0,-0.02451416850090027,-0.03857982158660889,0.0,0.0,-0.4755440950393677,-0.053975917398929596,0.03,0,0,0,0,0,0,0,0,0,0,0,0,0,0,0,0,0,0,0,0,0
1.0206754207611084,-1.0,0.0,0.0,-0.02451416850090027,-0.03857982158660889,0.0,0.0,-0.4755440950393677,-0.053975917398929596,0.03,0,0,0,0,0,0,0,0,0,0,0,0,0,0,0,0,0,0,0,0,0
1.0218923091888428,-1.0,0.0,0.0,-0.02451416850090027,-0.03857982158660889,0.0,0.0,-0.4755440950393677,-0.053975917398929596,0.03,0,0,0,0,0,0,0,0,0,0,0,0,0,0,0,0,0,0,0,0,0
1.0234019756317139,-1.0,0.0,0.0,-0.02451416850090027,-0.03857982158660889,0.0,0.0,-0.4755440950393677,-0.053975917398929596,0.03,0,0,0,0,0,0,0,0,0,0,0,0,0,0,0,0,0,0,0,0,0
1.024756669998169,-1.0,0.0,0.0,-0.02451416850090027,-0.03857982158660889,0.0,0.0,-0.4755440950393677,-0.053975917398929596,0.03,0,0,0,0,0,0,0,0,0,0,0,0,0,0,0,0,0,0,0,0,0
1.0264256000518799,-1.0,0.0,0.0,-0.02451416850090027,-0.03857982158660889,0.0,0.0,-0.4755440950393677,-0.053975917398929596,0.03,0,0,0,0,0,0,0,0,0,0,0,0,0,0,0,0,0,0,0,0,0
1.0280706882476807,-1.0,0.0,0.0,-0.02451416850090027,-0.03857982158660889,0.0,0.0,-0.4755440950393677,-0.053975917398929596,0.03,0,0,0,0,0,0,0,0,0,0,0,0,0,0,0,0,0,0,0,0,0
1.0291764736175537,-1.0,0.0,0.0,-0.02451416850090027,-0.03857982158660889,0.0,0.0,-0.4755440950393677,-0.053975917398929596,0.03,0,0,0,0,0,0,0,0,0,0,0,0,0,0,0,0,0,0,0,0,0
1.0320966243743896,-1.0,0.0,0.0,-0.02451416850090027,-0.03857982158660889,0.0,0.0,-0.4755440950393677,-0.053975917398929596,0.03,0,0,0,0,0,0,0,0,0,0,0,0,0,0,0,0,0,0,0,0,0
1.0338423252105713,-1.0,0.0,0.0,-0.02451416850090027,-0.03857982158660889,0.0,0.0,-0.4755440950393677,-0.053975917398929596,0.03,0,0,0,0,0,0,0,0,0,0,0,0,0,0,0,0,0,0,0,0,0
1.0349969863891602,-1.0,0.0,0.0,-0.02451416850090027,-0.03857982158660889,0.0,0.0,-0.4755440950393677,-0.053975917398929596,0.03,0,0,0,0,0,0,0,0,0,0,0,0,0,0,0,0,0,0,0,0,0
1.0362389087677002,-1.0,0.0,0.0,-0.02451416850090027,-0.03857982158660889,0.0,0.0,-0.4755440950393677,-0.053975917398929596,0.03,0,0,0,0,0,0,0,0,0,0,0,0,0,0,0,0,0,0,0,0,0
1.038100004196167,-1.0,0.0,0.0,-0.02451416850090027,-0.03857982158660889,0.0,0.0,-0.4755440950393677,-0.053975917398929596,0.03,0,0,0,0,0,0,0,0,0,0,0,0,0,0,0,0,0,0,0,0,0
1.0391788482666016,-1.0,0.0,0.0,-0.02451416850090027,-0.03857982158660889,0.0,0.0,-0.4755440950393677,-0.053975917398929596,0.03,0,0,0,0,0,0,0,0,0,0,0,0,0,0,0,0,0,0,0,0,0
1.0408811569213867,-1.0,0.0,0.0,-0.024341553449630737,-0.03841745853424072,0.0,0.0,-0.31140366196632385,0.05774321034550667,0.03,0,0,0,0,0,0,0,0,0,0,0,0,0,0,0,0,0,0,0,0,0
1.0420377254486084,-1.0,0.0,0.0,-0.02467411756515503,-0.03845179080963135,0.0,0.0,0.19521336257457733,0.0009652891312725842,0.03,0,0,0,0,0,0,0,0,0,0,0,0,0,0,0,0,0,0,0,0,0
1.0431303977966309,-1.0,0.0,0.0,-0.02467411756515503,-0.03845179080963135,0.0,0.0,0.19521336257457733,0.0009652891312725842,0.03,0,0,0,0,0,0,0,0,0,0,0,0,0,0,0,0,0,0,0,0,0
1.0450494289398193,-1.0,0.0,0.0,-0.02467411756515503,-0.03845179080963135,0.0,0.0,0.19521336257457733,0.0009652891312725842,0.03,0,0,0,0,0,0,0,0,0,0,0,0,0,0,0,0,0,0,0,0,0
1.0461492538452148,-1.0,0.0,0.0,-0.02467411756515503,-0.03845179080963135,0.0,0.0,0.19521336257457733,0.0009652891312725842,0.03,0,0,0,0,0,0,0,0,0,0,0,0,0,0,0,0,0,0,0,0,0
1.047701358795166,-1.0,0.0,0.0,-0.02467411756515503,-0.03845179080963135,0.0,0.0,0.19521336257457733,0.0009652891312725842,0.03,0,0,0,0,0,0,0,0,0,0,0,0,0,0,0,0,0,0,0,0,0
1.0489859580993652,-1.0,0.0,0.0,-0.024768412113189697,-0.03845471143722534,0.0,0.0,0.2922370731830597,-0.03440074995160103,0.03,0,0,0,0,0,0,0,0,0,0,0,0,0,0,0,0,0,0,0,0,0
1.0511012077331543,-1.0,0.0,0.0,-0.025013208389282227,-0.038533687591552734,0.0,0.0,0.3307236135005951,-0.15800996124744415,0.03,0,0,0,0,0,0,0,0,0,0,0,0,0,0,0,0,0,0,0,0,0
1.0523929595947266,-1.0,0.0,0.0,-0.024363815784454346,-0.03839212656021118,0.0,0.0,-0.2511964440345764,0.12918417155742645,0.03,0,0,0,0,0,0,0,0,0,0,0,0,0,0,0,0,0,0,0,0,0
1.0534741878509521,-1.0,0.0,0.0,-0.025020956993103027,-0.038519710302352905,0.0,0.0,0.41957804560661316,-0.1023615300655365,0.03,0,0,0,0,0,0,0,0,0,0,0,0,0,0,0,0,0,0,0,0,0
1.054530382156372,-1.0,0.0,0.0,-0.025020956993103027,-0.038519710302352905,0.0,0.0,0.41957804560661316,-0.1023615300655365,0.03,0,0,0,0,0,0,0,0,0,0,0,0,0,0,0,0,0,0,0,0,0
1.0556261539459229,-1.0,0.0,0.0,-0.025020956993103027,-0.038519710302352905,0.0,0.0,0.41957804560661316,-0.1023615300655365,0.03,0,0,0,0,0,0,0,0,0,0,0,0,0,0,0,0,0,0,0,0,0
1.0567891597747803,-1.0,0.0,0.0,-0.025020956993103027,-0.038519710302352905,0.0,0.0,0.41957804560661316,-0.1023615300655365,0.03,0,0,0,0,0,0,0,0,0,0,0,0,0,0,0,0,0,0,0,0,0
1.0579543113708496,-1.0,0.0,0.0,-0.025020956993103027,-0.038519710302352905,0.0,0.0,0.41957804560661316,-0.1023615300655365,0.03,0,0,0,0,0,0,0,0,0,0,0,0,0,0,0,0,0,0,0,0,0
1.0594115257263184,-1.0,0.0,0.0,-0.025020956993103027,-0.038519710302352905,0.0,0.0,0.41957804560661316,-0.1023615300655365,0.03,0,0,0,0,0,0,0,0,0,0,0,0,0,0,0,0,0,0,0,0,0
1.0607032775878906,-1.0,0.0,0.0,-0.024879753589630127,-0.03858068585395813,0.0,0.0,0.06532102823257446,-0.134055957198143,0.03,0,0,0,0,0,0,0,0,0,0,0,0,0,0,0,0,0,0,0,0,0
1.0619475841522217,-1.0,0.0,0.0,-0.024879753589630127,-0.03858068585395813,0.0,0.0,0.06532102823257446,-0.134055957198143,0.03,0,0,0,0,0,0,0,0,0,0,0,0,0,0,0,0,0,0,0,0,0
1.0633699893951416,-1.0,0.0,0.0,-0.02456200122833252,-0.03853738307952881,0.0,0.0,-0.36299896240234375,-0.005742107052356005,0.03,0,0,0,0,0,0,0,0,0,0,0,0,0,0,0,0,0,0,0,0,0
1.065769910812378,-1.0,0.0,0.0,-0.02456200122833252,-0.03853738307952881,0.0,0.0,-0.36299896240234375,-0.005742107052356005,0.03,0,0,0,0,0,0,0,0,0,0,0,0,0,0,0,0,0,0,0,0,0
1.069715976715088,-1.0,0.0,0.0,-0.02456200122833252,-0.03853738307952881,0.0,0.0,-0.36299896240234375,-0.005742107052356005,0.03,0,0,0,0,0,0,0,0,0,0,0,0,0,0,0,0,0,0,0,0,0
1.0710749626159668,-1.0,0.0,0.0,-0.02456200122833252,-0.03853738307952881,0.0,0.0,-0.36299896240234375,-0.005742107052356005,0.03,0,0,0,0,0,0,0,0,0,0,0,0,0,0,0,0,0,0,0,0,0
1.072361946105957,-1.0,0.0,0.0,-0.02456200122833252,-0.03853738307952881,0.0,0.0,-0.36299896240234375,-0.005742107052356005,0.03,0,0,0,0,0,0,0,0,0,0,0,0,0,0,0,0,0,0,0,0,0
1.0737810134887695,-1.0,0.0,0.0,-0.02456200122833252,-0.03853738307952881,0.0,0.0,-0.36299896240234375,-0.005742107052356005,0.03,0,0,0,0,0,0,0,0,0,0,0,0,0,0,0,0,0,0,0,0,0
1.0750439167022705,-1.0,0.0,0.0,-0.02456200122833252,-0.03853738307952881,0.0,0.0,-0.36299896240234375,-0.005742107052356005,0.03,0,0,0,0,0,0,0,0,0,0,0,0,0,0,0,0,0,0,0,0,0
1.0765161514282227,-1.0,0.0,0.0,-0.02499467134475708,-0.038476258516311646,0.0,0.0,0.3996545076370239,-0.04921523854136467,0.03,0,0,0,0,0,0,0,0,0,0,0,0,0,0,0,0,0,0,0,0,0
1.0795741081237793,-1.0,0.0,0.0,-0.02499467134475708,-0.038476258516311646,0.0,0.0,0.3996545076370239,-0.04921523854136467,0.03,0,0,0,0,0,0,0,0,0,0,0,0,0,0,0,0,0,0,0,0,0
1.0806512832641602,-1.0,0.0,0.0,-0.02499467134475708,-0.038476258516311646,0.0,0.0,0.3996545076370239,-0.04921523854136467,0.03,0,0,0,0,0,0,0,0,0,0,0,0,0,0,0,0,0,0,0,0,0
1.08329439163208,-1.0,0.0,0.0,-0.02499467134475708,-0.038476258516311646,0.0,0.0,0.3996545076370239,-0.04921523854136467,0.03,0,0,0,0,0,0,0,0,0,0,0,0,0,0,0,0,0,0,0,0,0
1.0846199989318848,-1.0,0.0,0.0,-0.02499467134475708,-0.038476258516311646,0.0,0.0,0.3996545076370239,-0.04921523854136467,0.03,0,0,0,0,0,0,0,0,0,0,0,0,0,0,0,0,0,0,0,0,0
1.0857295989990234,-1.0,0.0,0.0,-0.02499467134475708,-0.038476258516311646,0.0,0.0,0.3996545076370239,-0.04921523854136467,0.03,0,0,0,0,0,0,0,0,0,0,0,0,0,0,0,0,0,0,0,0,0
1.0872817039489746,-1.0,0.0,0.0,-0.02499467134475708,-0.038476258516311646,0.0,0.0,0.3996545076370239,-0.04921523854136467,0.03,0,0,0,0,0,0,0,0,0,0,0,0,0,0,0,0,0,0,0,0,0
1.090341329574585,-1.0,0.0,0.0,-0.02499467134475708,-0.038476258516311646,0.0,0.0,0.3996545076370239,-0.04921523854136467,0.03,0,0,0,0,0,0,0,0,0,0,0,0,0,0,0,0,0,0,0,0,0
1.0924978256225586,-1.0,0.0,0.0,-0.02499467134475708,-0.038476258516311646,0.0,0.0,0.3996545076370239,-0.04921523854136467,0.03,0,0,0,0,0,0,0,0,0,0,0,0,0,0,0,0,0,0,0,0,0
1.0937309265136719,-1.0,0.0,0.0,-0.02499467134475708,-0.038476258516311646,0.0,0.0,0.3996545076370239,-0.04921523854136467,0.03,0,0,0,0,0,0,0,0,0,0,0,0,0,0,0,0,0,0,0,0,0
1.0953452587127686,-1.0,0.0,0.0,-0.02499467134475708,-0.038476258516311646,0.0,0.0,0.3996545076370239,-0.04921523854136467,0.03,0,0,0,0,0,0,0,0,0,0,0,0,0,0,0,0,0,0,0,0,0
1.0966613292694092,-1.0,0.0,0.0,-0.02499467134475708,-0.038476258516311646,0.0,0.0,0.3996545076370239,-0.04921523854136467,0.03,0,0,0,0,0,0,0,0,0,0,0,0,0,0,0,0,0,0,0,0,0
1.0978679656982422,-1.0,0.0,0.0,-0.02499467134475708,-0.038476258516311646,0.0,0.0,0.3996545076370239,-0.04921523854136467,0.03,0,0,0,0,0,0,0,0,0,0,0,0,0,0,0,0,0,0,0,0,0
1.0995960235595703,-1.0,0.0,0.0,-0.02499467134475708,-0.038476258516311646,0.0,0.0,0.3996545076370239,-0.04921523854136467,0.03,0,0,0,0,0,0,0,0,0,0,0,0,0,0,0,0,0,0,0,0,0
1.100895643234253,-1.0,0.0,0.0,-0.02499467134475708,-0.038476258516311646,0.0,0.0,0.3996545076370239,-0.04921523854136467,0.03,0,0,0,0,0,0,0,0,0,0,0,0,0,0,0,0,0,0,0,0,0
1.10211181640625,-1.0,0.0,0.0,-0.02499467134475708,-0.038476258516311646,0.0,0.0,0.3996545076370239,-0.04921523854136467,0.03,0,0,0,0,0,0,0,0,0,0,0,0,0,0,0,0,0,0,0,0,0
1.1038036346435547,-1.0,0.0,0.0,-0.02499467134475708,-0.038476258516311646,0.0,0.0,0.3996545076370239,-0.04921523854136467,0.03,0,0,0,0,0,0,0,0,0,0,0,0,0,0,0,0,0,0,0,0,0
1.1052470207214355,-1.0,0.0,0.0,-0.02499467134475708,-0.038476258516311646,0.0,0.0,0.3996545076370239,-0.04921523854136467,0.03,0,0,0,0,0,0,0,0,0,0,0,0,0,0,0,0,0,0,0,0,0
1.107823371887207,-1.0,0.0,0.0,-0.024833887815475464,-0.03844881057739258,0.0,0.0,-0.10727817565202713,0.048212531954050064,0.03,0,0,0,0,0,0,0,0,0,0,0,0,0,0,0,0,0,0,0,0,0
1.1090211868286133,-1.0,0.0,0.0,-0.024833887815475464,-0.03844881057739258,0.0,0.0,-0.10727817565202713,0.048212531954050064,0.03,0,0,0,0,0,0,0,0,0,0,0,0,0,0,0,0,0,0,0,0,0
1.1102652549743652,-1.0,0.0,0.0,-0.024833887815475464,-0.03844881057739258,0.0,0.0,-0.10727817565202713,0.048212531954050064,0.03,0,0,0,0,0,0,0,0,0,0,0,0,0,0,0,0,0,0,0,0,0
1.111393928527832,-1.0,0.0,0.0,-0.024833887815475464,-0.03844881057739258,0.0,0.0,-0.10727817565202713,0.048212531954050064,0.03,0,0,0,0,0,0,0,0,0,0,0,0,0,0,0,0,0,0,0,0,0
1.1125907897949219,-1.0,0.0,0.0,-0.024833887815475464,-0.03844881057739258,0.0,0.0,-0.10727817565202713,0.048212531954050064,0.03,0,0,0,0,0,0,0,0,0,0,0,0,0,0,0,0,0,0,0,0,0
1.115081787109375,-1.0,0.0,0.0,-0.024833887815475464,-0.03844881057739258,0.0,0.0,-0.10727817565202713,0.048212531954050064,0.03,0,0,0,0,0,0,0,0,0,0,0,0,0,0,0,0,0,0,0,0,0
1.1161799430847168,-1.0,0.0,0.0,-0.024833887815475464,-0.03844881057739258,0.0,0.0,-0.10727817565202713,0.048212531954050064,0.03,0,0,0,0,0,0,0,0,0,0,0,0,0,0,0,0,0,0,0,0,0
1.117626428604126,-1.0,0.0,0.0,-0.024833887815475464,-0.03844881057739258,0.0,0.0,-0.10727817565202713,0.048212531954050064,0.03,0,0,0,0,0,0,0,0,0,0,0,0,0,0,0,0,0,0,0,0,0
1.1190550327301025,-1.0,0.0,0.0,-0.024833887815475464,-0.03844881057739258,0.0,0.0,-0.10727817565202713,0.048212531954050064,0.03,0,0,0,0,0,0,0,0,0,0,0,0,0,0,0,0,0,0,0,0,0
1.120532751083374,-1.0,0.0,0.0,-0.024833887815475464,-0.03844881057739258,0.0,0.0,-0.10727817565202713,0.048212531954050064,0.03,0,0,0,0,0,0,0,0,0,0,0,0,0,0,0,0,0,0,0,0,0
1.123692274093628,-1.0,0.0,0.0,-0.024833887815475464,-0.03844881057739258,0.0,0.0,-0.10727817565202713,0.048212531954050064,0.03,0,0,0,0,0,0,0,0,0,0,0,0,0,0,0,0,0,0,0,0,0
1.1255548000335693,-1.0,0.0,0.0,-0.024833887815475464,-0.03844881057739258,0.0,0.0,-0.10727817565202713,0.048212531954050064,0.03,0,0,0,0,0,0,0,0,0,0,0,0,0,0,0,0,0,0,0,0,0
1.1267609596252441,-1.0,0.0,0.0,-0.024833887815475464,-0.03844881057739258,0.0,0.0,-0.10727817565202713,0.048212531954050064,0.03,0,0,0,0,0,0,0,0,0,0,0,0,0,0,0,0,0,0,0,0,0
1.128380298614502,-1.0,0.0,0.0,-0.024833887815475464,-0.03844881057739258,0.0,0.0,-0.10727817565202713,0.048212531954050064,0.03,0,0,0,0,0,0,0,0,0,0,0,0,0,0,0,0,0,0,0,0,0
1.1306414604187012,-1.0,0.0,0.0,-0.024833887815475464,-0.03844881057739258,0.0,0.0,-0.10727817565202713,0.048212531954050064,0.03,0,0,0,0,0,0,0,0,0,0,0,0,0,0,0,0,0,0,0,0,0
1.1321396827697754,-1.0,0.0,0.0,-0.024833887815475464,-0.03844881057739258,0.0,0.0,-0.10727817565202713,0.048212531954050064,0.03,0,0,0,0,0,0,0,0,0,0,0,0,0,0,0,0,0,0,0,0,0
1.1335535049438477,-1.0,0.0,0.0,-0.024833887815475464,-0.03844881057739258,0.0,0.0,-0.10727817565202713,0.048212531954050064,0.03,0,0,0,0,0,0,0,0,0,0,0,0,0,0,0,0,0,0,0,0,0
1.1359803676605225,-1.0,0.0,0.0,-0.024833887815475464,-0.03844881057739258,0.0,0.0,-0.10727817565202713,0.048212531954050064,0.03,0,0,0,0,0,0,0,0,0,0,0,0,0,0,0,0,0,0,0,0,0
1.1373581886291504,-1.0,0.0,0.0,-0.024833887815475464,-0.03844881057739258,0.0,0.0,-0.10727817565202713,0.048212531954050064,0.03,0,0,0,0,0,0,0,0,0,0,0,0,0,0,0,0,0,0,0,0,0
1.1384925842285156,-1.0,0.0,0.0,-0.024833887815475464,-0.03844881057739258,0.0,0.0,-0.10727817565202713,0.048212531954050064,0.03,0,0,0,0,0,0,0,0,0,0,0,0,0,0,0,0,0,0,0,0,0
1.1397514343261719,-1.0,0.0,0.0,-0.024833887815475464,-0.03844881057739258,0.0,0.0,-0.10727817565202713,0.048212531954050064,0.03,0,0,0,0,0,0,0,0,0,0,0,0,0,0,0,0,0,0,0,0,0
1.1415364742279053,-1.0,0.0,0.0,-0.025169014930725098,-0.03858208656311035,0.0,0.0,0.3762139678001404,-0.1318899691104889,0.03,0,0,0,0,0,0,0,0,0,0,0,0,0,0,0,0,0,0,0,0,0
1.1434426307678223,-1.0,0.0,0.0,-0.025065958499908447,-0.03844428062438965,0.0,0.0,0.2852129638195038,0.04072603955864906,0.03,0,0,0,0,0,0,0,0,0,0,0,0,0,0,0,0,0,0,0,0,0
1.1445133686065674,-1.0,0.0,0.0,-0.025065958499908447,-0.03844428062438965,0.0,0.0,0.2852129638195038,0.04072603955864906,0.03,0,0,0,0,0,0,0,0,0,0,0,0,0,0,0,0,0,0,0,0,0
1.1457087993621826,-1.0,0.0,0.0,-0.025065958499908447,-0.03844428062438965,0.0,0.0,0.2852129638195038,0.04072603955864906,0.03,0,0,0,0,0,0,0,0,0,0,0,0,0,0,0,0,0,0,0,0,0
1.1471033096313477,-1.0,0.0,0.0,-0.025065958499908447,-0.03844428062438965,0.0,0.0,0.2852129638195038,0.04072603955864906,0.03,0,0,0,0,0,0,0,0,0,0,0,0,0,0,0,0,0,0,0,0,0
1.1484920978546143,-1.0,0.0,0.0,-0.025065958499908447,-0.03844428062438965,0.0,0.0,0.2852129638195038,0.04072603955864906,0.03,0,0,0,0,0,0,0,0,0,0,0,0,0,0,0,0,0,0,0,0,0
1.1497893333435059,-1.0,0.0,0.0,-0.025065958499908447,-0.03844428062438965,0.0,0.0,0.2852129638195038,0.04072603955864906,0.03,0,0,0,0,0,0,0,0,0,0,0,0,0,0,0,0,0,0,0,0,0
1.1517367362976074,-1.0,0.0,0.0,-0.025065958499908447,-0.03844428062438965,0.0,0.0,0.2852129638195038,0.04072603955864906,0.03,0,0,0,0,0,0,0,0,0,0,0,0,0,0,0,0,0,0,0,0,0
1.1531503200531006,-1.0,0.0,0.0,-0.025065958499908447,-0.03844428062438965,0.0,0.0,0.2852129638195038,0.04072603955864906,0.03,0,0,0,0,0,0,0,0,0,0,0,0,0,0,0,0,0,0,0,0,0
1.1550450325012207,-1.0,0.0,0.0,-0.025065958499908447,-0.03844428062438965,0.0,0.0,0.2852129638195038,0.04072603955864906,0.03,0,0,0,0,0,0,0,0,0,0,0,0,0,0,0,0,0,0,0,0,0
1.1564016342163086,-1.0,0.0,0.0,-0.025065958499908447,-0.03844428062438965,0.0,0.0,0.2852129638195038,0.04072603955864906,0.03,0,0,0,0,0,0,0,0,0,0,0,0,0,0,0,0,0,0,0,0,0
1.1583764553070068,-1.0,0.0,0.0,-0.024974435567855835,-0.03827357292175293,0.0,0.0,0.14482885599136353,0.0698409155011177,0.03,0,0,0,0,0,0,0,0,0,0,0,0,0,0,0,0,0,0,0,0,0
1.159660816192627,-1.0,0.0,0.0,-0.024974435567855835,-0.03827357292175293,0.0,0.0,0.14482885599136353,0.0698409155011177,0.03,0,0,0,0,0,0,0,0,0,0,0,0,0,0,0,0,0,0,0,0,0
1.1609158515930176,-1.0,0.0,0.0,-0.024974435567855835,-0.03827357292175293,0.0,0.0,0.14482885599136353,0.0698409155011177,0.03,0,0,0,0,0,0,0,0,0,0,0,0,0,0,0,0,0,0,0,0,0
1.1627452373504639,-1.0,0.0,0.0,-0.025019317865371704,-0.03826913237571716,0.0,0.0,0.1767084151506424,0.15584412217140198,0.03,0,0,0,0,0,0,0,0,0,0,0,0,0,0,0,0,0,0,0,0,0
1.1639351844787598,-1.0,0.0,0.0,-0.025019317865371704,-0.03826913237571716,0.0,0.0,0.1767084151506424,0.15584412217140198,0.03,0,0,0,0,0,0,0,0,0,0,0,0,0,0,0,0,0,0,0,0,0
1.1652183532714844,-1.0,0.0,0.0,-0.025019317865371704,-0.03826913237571716,0.0,0.0,0.1767084151506424,0.15584412217140198,0.03,0,0,0,0,0,0,0,0,0,0,0,0,0,0,0,0,0,0,0,0,0
1.166311502456665,-1.0,0.0,0.0,-0.025019317865371704,-0.03826913237571716,0.0,0.0,0.1767084151506424,0.15584412217140198,0.03,0,0,0,0,0,0,0,0,0,0,0,0,0,0,0,0,0,0,0,0,0
1.1675381660461426,-1.0,0.0,0.0,-0.025019317865371704,-0.03826913237571716,0.0,0.0,0.1767084151506424,0.15584412217140198,0.03,0,0,0,0,0,0,0,0,0,0,0,0,0,0,0,0,0,0,0,0,0
1.1691086292266846,-1.0,0.0,0.0,-0.025019317865371704,-0.03826913237571716,0.0,0.0,0.1767084151506424,0.15584412217140198,0.03,0,0,0,0,0,0,0,0,0,0,0,0,0,0,0,0,0,0,0,0,0
1.1702146530151367,-1.0,0.0,0.0,-0.025019317865371704,-0.03826913237571716,0.0,0.0,0.1767084151506424,0.15584412217140198,0.03,0,0,0,0,0,0,0,0,0,0,0,0,0,0,0,0,0,0,0,0,0
1.1714465618133545,-1.0,0.0,0.0,-0.025019317865371704,-0.03826913237571716,0.0,0.0,0.1767084151506424,0.15584412217140198,0.03,0,0,0,0,0,0,0,0,0,0,0,0,0,0,0,0,0,0,0,0,0
1.1726586818695068,-1.0,0.0,0.0,-0.025019317865371704,-0.03826913237571716,0.0,0.0,0.1767084151506424,0.15584412217140198,0.03,0,0,0,0,0,0,0,0,0,0,0,0,0,0,0,0,0,0,0,0,0
1.1741714477539062,-1.0,0.0,0.0,-0.025019317865371704,-0.03826913237571716,0.0,0.0,0.1767084151506424,0.15584412217140198,0.03,0,0,0,0,0,0,0,0,0,0,0,0,0,0,0,0,0,0,0,0,0
1.1762070655822754,-1.0,0.0,0.0,-0.025019317865371704,-0.03826913237571716,0.0,0.0,0.1767084151506424,0.15584412217140198,0.03,0,0,0,0,0,0,0,0,0,0,0,0,0,0,0,0,0,0,0,0,0
1.1775076389312744,-1.0,0.0,0.0,-0.025019317865371704,-0.03826913237571716,0.0,0.0,0.1767084151506424,0.15584412217140198,0.03,0,0,0,0,0,0,0,0,0,0,0,0,0,0,0,0,0,0,0,0,0
1.1791565418243408,-1.0,0.0,0.0,-0.025019317865371704,-0.03826913237571716,0.0,0.0,0.1767084151506424,0.15584412217140198,0.03,0,0,0,0,0,0,0,0,0,0,0,0,0,0,0,0,0,0,0,0,0
1.1820018291473389,-1.0,0.0,0.0,-0.025019317865371704,-0.03826913237571716,0.0,0.0,0.1767084151506424,0.15584412217140198,0.03,0,0,0,0,0,0,0,0,0,0,0,0,0,0,0,0,0,0,0,0,0
1.1833710670471191,-1.0,0.0,0.0,-0.025019317865371704,-0.03826913237571716,0.0,0.0,0.1767084151506424,0.15584412217140198,0.03,0,0,0,0,0,0,0,0,0,0,0,0,0,0,0,0,0,0,0,0,0
1.1846516132354736,-1.0,0.0,0.0,-0.025019317865371704,-0.03826913237571716,0.0,0.0,0.1767084151506424,0.15584412217140198,0.03,0,0,0,0,0,0,0,0,0,0,0,0,0,0,0,0,0,0,0,0,0
1.1861991882324219,-1.0,0.0,0.0,-0.025019317865371704,-0.03826913237571716,0.0,0.0,0.1767084151506424,0.15584412217140198,0.03,0,0,0,0,0,0,0,0,0,0,0,0,0,0,0,0,0,0,0,0,0
1.1878952980041504,-1.0,0.0,0.0,-0.025019317865371704,-0.03826913237571716,0.0,0.0,0.1767084151506424,0.15584412217140198,0.03,0,0,0,0,0,0,0,0,0,0,0,0,0,0,0,0,0,0,0,0,0
1.1892709732055664,-1.0,0.0,0.0,-0.025019317865371704,-0.03826913237571716,0.0,0.0,0.1767084151506424,0.15584412217140198,0.03,0,0,0,0,0,0,0,0,0,0,0,0,0,0,0,0,0,0,0,0,0
1.1913292407989502,-1.0,0.0,0.0,-0.025019317865371704,-0.03826913237571716,0.0,0.0,0.1767084151506424,0.15584412217140198,0.03,0,0,0,0,0,0,0,0,0,0,0,0,0,0,0,0,0,0,0,0,0
1.1925232410430908,-1.0,0.0,0.0,-0.025019317865371704,-0.03826913237571716,0.0,0.0,0.1767084151506424,0.15584412217140198,0.03,0,0,0,0,0,0,0,0,0,0,0,0,0,0,0,0,0,0,0,0,0
1.193613052368164,-1.0,0.0,0.0,-0.025019317865371704,-0.03826913237571716,0.0,0.0,0.1767084151506424,0.15584412217140198,0.03,0,0,0,0,0,0,0,0,0,0,0,0,0,0,0,0,0,0,0,0,0
1.1961522102355957,-1.0,0.0,0.0,-0.025019317865371704,-0.03826913237571716,0.0,0.0,0.1767084151506424,0.15584412217140198,0.03,0,0,0,0,0,0,0,0,0,0,0,0,0,0,0,0,0,0,0,0,0
1.1980535984039307,-1.0,0.0,0.0,-0.025019317865371704,-0.03826913237571716,0.0,0.0,0.1767084151506424,0.15584412217140198,0.03,0,0,0,0,0,0,0,0,0,0,0,0,0,0,0,0,0,0,0,0,0
1.199716567993164,-1.0,0.0,0.0,-0.025019317865371704,-0.03826913237571716,0.0,0.0,0.1767084151506424,0.15584412217140198,0.03,0,0,0,0,0,0,0,0,0,0,0,0,0,0,0,0,0,0,0,0,0
1.2010629177093506,-1.0,0.0,0.0,-0.025019317865371704,-0.03826913237571716,0.0,0.0,0.1767084151506424,0.15584412217140198,0.03,0,0,0,0,0,0,0,0,0,0,0,0,0,0,0,0,0,0,0,0,0
1.2035481929779053,-1.0,0.0,0.0,-0.025019317865371704,-0.03826913237571716,0.0,0.0,0.1767084151506424,0.15584412217140198,0.03,0,0,0,0,0,0,0,0,0,0,0,0,0,0,0,0,0,0,0,0,0
1.204958200454712,-1.0,0.0,0.0,-0.025027364492416382,-0.0382714569568634,0.0,0.0,0.1968056708574295,0.13492333889007568,0.03,0,0,0,0,0,0,0,0,0,0,0,0,0,0,0,0,0,0,0,0,0
1.2078049182891846,-1.0,0.0,0.0,-0.024976134300231934,-0.03827035427093506,0.0,0.0,0.12445592880249023,0.14283834397792816,0.03,0,0,0,0,0,0,0,0,0,0,0,0,0,0,0,0,0,0,0,0,0
1.2092616558074951,-1.0,0.0,0.0,-0.024912893772125244,-0.03827160596847534,0.0,0.0,0.060551706701517105,0.13309255242347717,0.03,0,0,0,0,0,0,0,0,0,0,0,0,0,0,0,0,0,0,0,0,0
1.2105553150177002,-1.0,0.0,0.0,-0.02491617202758789,-0.0382574200630188,0.0,0.0,0.0506511889398098,0.15317943692207336,0.03,0,0,0,0,0,0,0,0,0,0,0,0,0,0,0,0,0,0,0,0,0
1.2116219997406006,-1.0,0.0,0.0,-0.02491617202758789,-0.0382574200630188,0.0,0.0,0.0506511889398098,0.15317943692207336,0.03,0,0,0,0,0,0,0,0,0,0,0,0,0,0,0,0,0,0,0,0,0
1.213496208190918,-1.0,0.0,0.0,-0.02491617202758789,-0.0382574200630188,0.0,0.0,0.0506511889398098,0.15317943692207336,0.03,0,0,0,0,0,0,0,0,0,0,0,0,0,0,0,0,0,0,0,0,0
1.2147793769836426,-1.0,0.0,0.0,-0.02491617202758789,-0.0382574200630188,0.0,0.0,0.0506511889398098,0.15317943692207336,0.03,0,0,0,0,0,0,0,0,0,0,0,0,0,0,0,0,0,0,0,0,0
1.2162823677062988,-1.0,0.0,0.0,-0.02491617202758789,-0.0382574200630188,0.0,0.0,0.0506511889398098,0.15317943692207336,0.03,0,0,0,0,0,0,0,0,0,0,0,0,0,0,0,0,0,0,0,0,0
1.2175209522247314,-1.0,0.0,0.0,-0.02491617202758789,-0.0382574200630188,0.0,0.0,0.0506511889398098,0.15317943692207336,0.03,0,0,0,0,0,0,0,0,0,0,0,0,0,0,0,0,0,0,0,0,0
1.2186977863311768,-1.0,0.0,0.0,-0.02491617202758789,-0.0382574200630188,0.0,0.0,0.0506511889398098,0.15317943692207336,0.03,0,0,0,0,0,0,0,0,0,0,0,0,0,0,0,0,0,0,0,0,0
1.2197914123535156,-1.0,0.0,0.0,-0.02491617202758789,-0.0382574200630188,0.0,0.0,0.0506511889398098,0.15317943692207336,0.03,0,0,0,0,0,0,0,0,0,0,0,0,0,0,0,0,0,0,0,0,0
1.2208905220031738,-1.0,0.0,0.0,-0.02491617202758789,-0.0382574200630188,0.0,0.0,0.0506511889398098,0.15317943692207336,0.03,0,0,0,0,0,0,0,0,0,0,0,0,0,0,0,0,0,0,0,0,0
1.2221286296844482,-1.0,0.0,0.0,-0.02491617202758789,-0.0382574200630188,0.0,0.0,0.0506511889398098,0.15317943692207336,0.03,0,0,0,0,0,0,0,0,0,0,0,0,0,0,0,0,0,0,0,0,0
1.2231903076171875,-1.0,0.0,0.0,-0.02491617202758789,-0.0382574200630188,0.0,0.0,0.0506511889398098,0.15317943692207336,0.03,0,0,0,0,0,0,0,0,0,0,0,0,0,0,0,0,0,0,0,0,0
1.2243127822875977,-1.0,0.0,0.0,-0.02491617202758789,-0.0382574200630188,0.0,0.0,0.0506511889398098,0.15317943692207336,0.03,0,0,0,0,0,0,0,0,0,0,0,0,0,0,0,0,0,0,0,0,0
1.2257239818572998,-1.0,0.0,0.0,-0.02491617202758789,-0.0382574200630188,0.0,0.0,0.0506511889398098,0.15317943692207336,0.03,0,0,0,0,0,0,0,0,0,0,0,0,0,0,0,0,0,0,0,0,0
1.2287242412567139,-1.0,0.0,0.0,-0.02491617202758789,-0.0382574200630188,0.0,0.0,0.0506511889398098,0.15317943692207336,0.03,0,0,0,0,0,0,0,0,0,0,0,0,0,0,0,0,0,0,0,0,0
1.2305879592895508,-1.0,0.0,0.0,-0.02491617202758789,-0.0382574200630188,0.0,0.0,0.0506511889398098,0.15317943692207336,0.03,0,0,0,0,0,0,0,0,0,0,0,0,0,0,0,0,0,0,0,0,0
1.233311414718628,-1.0,0.0,0.0,-0.02491617202758789,-0.0382574200630188,0.0,0.0,0.0506511889398098,0.15317943692207336,0.03,0,0,0,0,0,0,0,0,0,0,0,0,0,0,0,0,0,0,0,0,0
1.234776496887207,-1.0,0.0,0.0,-0.02491617202758789,-0.0382574200630188,0.0,0.0,0.0506511889398098,0.15317943692207336,0.03,0,0,0,0,0,0,0,0,0,0,0,0,0,0,0,0,0,0,0,0,0
1.2360212802886963,-1.0,0.0,0.0,-0.02491617202758789,-0.0382574200630188,0.0,0.0,0.0506511889398098,0.15317943692207336,0.03,0,0,0,0,0,0,0,0,0,0,0,0,0,0,0,0,0,0,0,0,0
1.237591028213501,-1.0,0.0,0.0,-0.02491617202758789,-0.0382574200630188,0.0,0.0,0.0506511889398098,0.15317943692207336,0.03,0,0,0,0,0,0,0,0,0,0,0,0,0,0,0,0,0,0,0,0,0
1.239387035369873,-1.0,0.0,0.0,-0.02491617202758789,-0.0382574200630188,0.0,0.0,0.0506511889398098,0.15317943692207336,0.03,0,0,0,0,0,0,0,0,0,0,0,0,0,0,0,0,0,0,0,0,0
1.240748643875122,-1.0,0.0,0.0,-0.02491617202758789,-0.0382574200630188,0.0,0.0,0.0506511889398098,0.15317943692207336,0.03,0,0,0,0,0,0,0,0,0,0,0,0,0,0,0,0,0,0,0,0,0
1.2432243824005127,-1.0,0.0,0.0,-0.02491617202758789,-0.0382574200630188,0.0,0.0,0.0506511889398098,0.15317943692207336,0.03,0,0,0,0,0,0,0,0,0,0,0,0,0,0,0,0,0,0,0,0,0
1.244295358657837,-1.0,0.0,0.0,-0.02491617202758789,-0.0382574200630188,0.0,0.0,0.0506511889398098,0.15317943692207336,0.03,0,0,0,0,0,0,0,0,0,0,0,0,0,0,0,0,0,0,0,0,0
1.2454111576080322,-1.0,0.0,0.0,-0.02491617202758789,-0.0382574200630188,0.0,0.0,0.0506511889398098,0.15317943692207336,0.03,0,0,0,0,0,0,0,0,0,0,0,0,0,0,0,0,0,0,0,0,0
1.2465946674346924,-1.0,0.0,0.0,-0.02491617202758789,-0.0382574200630188,0.0,0.0,0.0506511889398098,0.15317943692207336,0.03,0,0,0,0,0,0,0,0,0,0,0,0,0,0,0,0,0,0,0,0,0
1.248028039932251,-1.0,0.0,0.0,-0.02491617202758789,-0.0382574200630188,0.0,0.0,0.0506511889398098,0.15317943692207336,0.03,0,0,0,0,0,0,0,0,0,0,0,0,0,0,0,0,0,0,0,0,0
1.249650239944458,-1.0,0.0,0.0,-0.02491617202758789,-0.0382574200630188,0.0,0.0,0.0506511889398098,0.15317943692207336,0.03,0,0,0,0,0,0,0,0,0,0,0,0,0,0,0,0,0,0,0,0,0
1.2511036396026611,-1.0,0.0,0.0,-0.02491617202758789,-0.0382574200630188,0.0,0.0,0.0506511889398098,0.15317943692207336,0.03,0,0,0,0,0,0,0,0,0,0,0,0,0,0,0,0,0,0,0,0,0
1.2551507949829102,-1.0,0.0,0.0,-0.024957984685897827,-0.038270145654678345,0.0,0.0,0.11600328236818314,0.16280268132686615,0.03,0,0,0,0,0,0,0,0,0,0,0,0,0,0,0,0,0,0,0,0,0
1.256577968597412,-1.0,0.0,0.0,-0.024929165840148926,-0.03826931118965149,0.0,0.0,0.08741296827793121,0.15065985918045044,0.03,0,0,0,0,0,0,0,0,0,0,0,0,0,0,0,0,0,0,0,0,0
1.2582314014434814,-1.0,0.0,0.0,-0.024929732084274292,-0.038269490003585815,0.0,0.0,0.12040743976831436,0.1489473581314087,0.03,0,0,0,0,0,0,0,0,0,0,0,0,0,0,0,0,0,0,0,0,0
1.2598934173583984,-1.0,0.0,0.0,-0.024929732084274292,-0.038269490003585815,0.0,0.0,0.12040743976831436,0.1489473581314087,0.03,0,0,0,0,0,0,0,0,0,0,0,0,0,0,0,0,0,0,0,0,0
1.2614247798919678,-1.0,0.0,0.0,-0.024929732084274292,-0.038269490003585815,0.0,0.0,0.12040743976831436,0.1489473581314087,0.03,0,0,0,0,0,0,0,0,0,0,0,0,0,0,0,0,0,0,0,0,0
1.2625806331634521,-1.0,0.0,0.0,-0.024929732084274292,-0.038269490003585815,0.0,0.0,0.12040743976831436,0.1489473581314087,0.03,0,0,0,0,0,0,0,0,0,0,0,0,0,0,0,0,0,0,0,0,0
1.2637052536010742,-1.0,0.0,0.0,-0.024929732084274292,-0.038269490003585815,0.0,0.0,0.12040743976831436,0.1489473581314087,0.03,0,0,0,0,0,0,0,0,0,0,0,0,0,0,0,0,0,0,0,0,0
1.2649154663085938,-1.0,0.0,0.0,-0.024929732084274292,-0.038269490003585815,0.0,0.0,0.12040743976831436,0.1489473581314087,0.03,0,0,0,0,0,0,0,0,0,0,0,0,0,0,0,0,0,0,0,0,0
1.266364336013794,-1.0,0.0,0.0,-0.024929732084274292,-0.038269490003585815,0.0,0.0,0.12040743976831436,0.1489473581314087,0.03,0,0,0,0,0,0,0,0,0,0,0,0,0,0,0,0,0,0,0,0,0
1.268714427947998,-1.0,0.0,0.0,-0.024929732084274292,-0.038269490003585815,0.0,0.0,0.12040743976831436,0.1489473581314087,0.03,0,0,0,0,0,0,0,0,0,0,0,0,0,0,0,0,0,0,0,0,0
1.2699251174926758,-1.0,0.0,0.0,-0.024929732084274292,-0.038269490003585815,0.0,0.0,0.12040743976831436,0.1489473581314087,0.03,0,0,0,0,0,0,0,0,0,0,0,0,0,0,0,0,0,0,0,0,0
1.271158218383789,-1.0,0.0,0.0,-0.024929732084274292,-0.038269490003585815,0.0,0.0,0.12040743976831436,0.1489473581314087,0.03,0,0,0,0,0,0,0,0,0,0,0,0,0,0,0,0,0,0,0,0,0
1.2724483013153076,-1.0,0.0,0.0,-0.02434864640235901,-0.03826954960823059,0.0,0.0,-0.45809099078178406,0.14923307299613953,0.03,0,0,0,0,0,0,0,0,0,0,0,0,0,0,0,0,0,0,0,0,0
1.2737362384796143,-1.0,0.0,0.0,-0.024802476167678833,-0.038271576166152954,0.0,0.0,0.29615694284439087,0.1561330109834671,0.03,0,0,0,0,0,0,0,0,0,0,0,0,0,0,0,0,0,0,0,0,0
1.2754456996917725,-1.0,0.0,0.0,-0.024892479181289673,-0.038268715143203735,0.0,0.0,0.3750801682472229,0.15836361050605774,0.03,0,0,0,0,0,0,0,0,0,0,0,0,0,0,0,0,0,0,0,0,0
1.2788434028625488,-1.0,0.0,0.0,-0.02464395761489868,-0.038269758224487305,0.0,0.0,0.14194099605083466,0.15502884984016418,0.03,0,0,0,0,0,0,0,0,0,0,0,0,0,0,0,0,0,0,0,0,0
1.2806813716888428,-1.0,0.0,0.0,-0.02464395761489868,-0.038269758224487305,0.0,0.0,0.14194099605083466,0.15502884984016418,0.03,0,0,0,0,0,0,0,0,0,0,0,0,0,0,0,0,0,0,0,0,0
1.2820448875427246,-1.0,0.0,0.0,-0.02464395761489868,-0.038269758224487305,0.0,0.0,0.14194099605083466,0.15502884984016418,0.03,0,0,0,0,0,0,0,0,0,0,0,0,0,0,0,0,0,0,0,0,0
1.2831988334655762,-1.0,0.0,0.0,-0.02464395761489868,-0.038269758224487305,0.0,0.0,0.14194099605083466,0.15502884984016418,0.03,0,0,0,0,0,0,0,0,0,0,0,0,0,0,0,0,0,0,0,0,0
1.2885453701019287,-1.0,0.0,0.0,-0.02464395761489868,-0.038269758224487305,0.0,0.0,0.14194099605083466,0.15502884984016418,0.03,0,0,0,0,0,0,0,0,0,0,0,0,0,0,0,0,0,0,0,0,0
1.2897920608520508,-1.0,0.0,0.0,-0.02464395761489868,-0.038269758224487305,0.0,0.0,0.14194099605083466,0.15502884984016418,0.03,0,0,0,0,0,0,0,0,0,0,0,0,0,0,0,0,0,0,0,0,0
1.2917211055755615,-1.0,0.0,0.0,-0.02464395761489868,-0.038269758224487305,0.0,0.0,0.14194099605083466,0.15502884984016418,0.03,0,0,0,0,0,0,0,0,0,0,0,0,0,0,0,0,0,0,0,0,0
1.2935078144073486,-1.0,0.0,0.0,-0.02464395761489868,-0.038269758224487305,0.0,0.0,0.14194099605083466,0.15502884984016418,0.03,0,0,0,0,0,0,0,0,0,0,0,0,0,0,0,0,0,0,0,0,0
1.2956280708312988,-1.0,0.0,0.0,-0.02464395761489868,-0.038269758224487305,0.0,0.0,0.14194099605083466,0.15502884984016418,0.03,0,0,0,0,0,0,0,0,0,0,0,0,0,0,0,0,0,0,0,0,0
1.2969696521759033,-1.0,0.0,0.0,-0.02464395761489868,-0.038269758224487305,0.0,0.0,0.14194099605083466,0.15502884984016418,0.03,0,0,0,0,0,0,0,0,0,0,0,0,0,0,0,0,0,0,0,0,0
1.2990050315856934,-1.0,0.0,0.0,-0.02464395761489868,-0.038269758224487305,0.0,0.0,0.14194099605083466,0.15502884984016418,0.03,0,0,0,0,0,0,0,0,0,0,0,0,0,0,0,0,0,0,0,0,0
1.300133466720581,-1.0,0.0,0.0,-0.02464395761489868,-0.038269758224487305,0.0,0.0,0.14194099605083466,0.15502884984016418,0.03,0,0,0,0,0,0,0,0,0,0,0,0,0,0,0,0,0,0,0,0,0
1.3016252517700195,-1.0,0.0,0.0,-0.02464395761489868,-0.038269758224487305,0.0,0.0,0.14194099605083466,0.15502884984016418,0.03,0,0,0,0,0,0,0,0,0,0,0,0,0,0,0,0,0,0,0,0,0
1.3027849197387695,-1.0,0.0,0.0,-0.02464395761489868,-0.038269758224487305,0.0,0.0,0.14194099605083466,0.15502884984016418,0.03,0,0,0,0,0,0,0,0,0,0,0,0,0,0,0,0,0,0,0,0,0
1.3039588928222656,-1.0,0.0,0.0,-0.02464395761489868,-0.038269758224487305,0.0,0.0,0.14194099605083466,0.15502884984016418,0.03,0,0,0,0,0,0,0,0,0,0,0,0,0,0,0,0,0,0,0,0,0
1.3064310550689697,-1.0,0.0,0.0,-0.02464395761489868,-0.038269758224487305,0.0,0.0,0.14194099605083466,0.15502884984016418,0.03,0,0,0,0,0,0,0,0,0,0,0,0,0,0,0,0,0,0,0,0,0
1.3075037002563477,-1.0,0.0,0.0,-0.02464395761489868,-0.038269758224487305,0.0,0.0,0.14194099605083466,0.15502884984016418,0.03,0,0,0,0,0,0,0,0,0,0,0,0,0,0,0,0,0,0,0,0,0
1.3087263107299805,-1.0,0.0,0.0,-0.02464395761489868,-0.038269758224487305,0.0,0.0,0.14194099605083466,0.15502884984016418,0.03,0,0,0,0,0,0,0,0,0,0,0,0,0,0,0,0,0,0,0,0,0
1.3097858428955078,-1.0,0.0,0.0,-0.02464395761489868,-0.038269758224487305,0.0,0.0,0.14194099605083466,0.15502884984016418,0.03,0,0,0,0,0,0,0,0,0,0,0,0,0,0,0,0,0,0,0,0,0
1.3108830451965332,-1.0,0.0,0.0,-0.02464395761489868,-0.038269758224487305,0.0,0.0,0.14194099605083466,0.15502884984016418,0.03,0,0,0,0,0,0,0,0,0,0,0,0,0,0,0,0,0,0,0,0,0
1.3126115798950195,-1.0,0.0,0.0,-0.02464395761489868,-0.038269758224487305,0.0,0.0,0.14194099605083466,0.15502884984016418,0.03,0,0,0,0,0,0,0,0,0,0,0,0,0,0,0,0,0,0,0,0,0
1.314269781112671,-1.0,0.0,0.0,-0.02464395761489868,-0.038269758224487305,0.0,0.0,0.14194099605083466,0.15502884984016418,0.03,0,0,0,0,0,0,0,0,0,0,0,0,0,0,0,0,0,0,0,0,0
1.3160881996154785,-1.0,0.0,0.0,-0.02464395761489868,-0.038269758224487305,0.0,0.0,0.14194099605083466,0.15502884984016418,0.03,0,0,0,0,0,0,0,0,0,0,0,0,0,0,0,0,0,0,0,0,0
1.3180770874023438,-1.0,0.0,0.0,-0.02464395761489868,-0.038269758224487305,0.0,0.0,0.14194099605083466,0.15502884984016418,0.03,0,0,0,0,0,0,0,0,0,0,0,0,0,0,0,0,0,0,0,0,0
1.3196690082550049,-1.0,0.0,0.0,-0.02464395761489868,-0.038269758224487305,0.0,0.0,0.14194099605083466,0.15502884984016418,0.03,0,0,0,0,0,0,0,0,0,0,0,0,0,0,0,0,0,0,0,0,0
1.320939540863037,-1.0,0.0,0.0,-0.02464395761489868,-0.038269758224487305,0.0,0.0,0.14194099605083466,0.15502884984016418,0.03,0,0,0,0,0,0,0,0,0,0,0,0,0,0,0,0,0,0,0,0,0
1.3221423625946045,-1.0,0.0,0.0,-0.02464395761489868,-0.038269758224487305,0.0,0.0,0.14194099605083466,0.15502884984016418,0.03,0,0,0,0,0,0,0,0,0,0,0,0,0,0,0,0,0,0,0,0,0
1.3236196041107178,-1.0,0.0,0.0,-0.02464395761489868,-0.038269758224487305,0.0,0.0,0.14194099605083466,0.15502884984016418,0.03,0,0,0,0,0,0,0,0,0,0,0,0,0,0,0,0,0,0,0,0,0
1.325209140777588,-1.0,0.0,0.0,-0.02464395761489868,-0.038269758224487305,0.0,0.0,0.14194099605083466,0.15502884984016418,0.03,0,0,0,0,0,0,0,0,0,0,0,0,0,0,0,0,0,0,0,0,0
1.3273005485534668,-1.0,0.0,0.0,-0.024688005447387695,-0.038334935903549194,0.0,0.0,-0.2685754895210266,0.07349751889705658,0.03,0,0,0,0,0,0,0,0,0,0,0,0,0,0,0,0,0,0,0,0,0
1.3283748626708984,-1.0,0.0,0.0,-0.024688005447387695,-0.038334935903549194,0.0,0.0,-0.2685754895210266,0.07349751889705658,0.03,0,0,0,0,0,0,0,0,0,0,0,0,0,0,0,0,0,0,0,0,0
1.329545021057129,-1.0,0.0,0.0,-0.024688005447387695,-0.038334935903549194,0.0,0.0,-0.2685754895210266,0.07349751889705658,0.03,0,0,0,0,0,0,0,0,0,0,0,0,0,0,0,0,0,0,0,0,0
1.3308074474334717,-1.0,0.0,0.0,-0.024688005447387695,-0.038334935903549194,0.0,0.0,-0.2685754895210266,0.07349751889705658,0.03,0,0,0,0,0,0,0,0,0,0,0,0,0,0,0,0,0,0,0,0,0
1.3319518566131592,-1.0,0.0,0.0,-0.024688005447387695,-0.038334935903549194,0.0,0.0,-0.2685754895210266,0.07349751889705658,0.03,0,0,0,0,0,0,0,0,0,0,0,0,0,0,0,0,0,0,0,0,0
1.3338449001312256,-1.0,0.0,0.0,-0.02467283606529236,-0.03820696473121643,0.0,0.0,0.1646418273448944,0.202393040060997,0.03,0,0,0,0,0,0,0,0,0,0,0,0,0,0,0,0,0,0,0,0,0
1.3351330757141113,-1.0,0.0,0.0,-0.02463400363922119,-0.03834640979766846,0.0,0.0,-0.4064665138721466,0.06507574021816254,0.03,0,0,0,0,0,0,0,0,0,0,0,0,0,0,0,0,0,0,0,0,0
1.3362812995910645,-1.0,0.0,0.0,-0.02463400363922119,-0.03834640979766846,0.0,0.0,-0.4064665138721466,0.06507574021816254,0.03,0,0,0,0,0,0,0,0,0,0,0,0,0,0,0,0,0,0,0,0,0
1.3373701572418213,-1.0,0.0,0.0,-0.02463400363922119,-0.03834640979766846,0.0,0.0,-0.4064665138721466,0.06507574021816254,0.03,0,0,0,0,0,0,0,0,0,0,0,0,0,0,0,0,0,0,0,0,0
1.3384315967559814,-1.0,0.0,0.0,-0.02463400363922119,-0.03834640979766846,0.0,0.0,-0.4064665138721466,0.06507574021816254,0.03,0,0,0,0,0,0,0,0,0,0,0,0,0,0,0,0,0,0,0,0,0
1.3398752212524414,-1.0,0.0,0.0,-0.02463400363922119,-0.03834640979766846,0.0,0.0,-0.4064665138721466,0.06507574021816254,0.03,0,0,0,0,0,0,0,0,0,0,0,0,0,0,0,0,0,0,0,0,0
1.3416781425476074,-1.0,0.0,0.0,-0.02463400363922119,-0.03834640979766846,0.0,0.0,-0.4064665138721466,0.06507574021816254,0.03,0,0,0,0,0,0,0,0,0,0,0,0,0,0,0,0,0,0,0,0,0
1.342827558517456,-1.0,0.0,0.0,-0.02463400363922119,-0.03834640979766846,0.0,0.0,-0.4064665138721466,0.06507574021816254,0.03,0,0,0,0,0,0,0,0,0,0,0,0,0,0,0,0,0,0,0,0,0
1.346646785736084,-1.0,0.0,0.0,-0.024926722049713135,-0.0382782518863678,0.0,0.0,0.38763490319252014,0.12684282660484314,0.03,0,0,0,0,0,0,0,0,0,0,0,0,0,0,0,0,0,0,0,0,0
1.3479862213134766,-1.0,0.0,0.0,-0.024926722049713135,-0.0382782518863678,0.0,0.0,0.38763490319252014,0.12684282660484314,0.03,0,0,0,0,0,0,0,0,0,0,0,0,0,0,0,0,0,0,0,0,0
1.3490993976593018,-1.0,0.0,0.0,-0.024926722049713135,-0.0382782518863678,0.0,0.0,0.38763490319252014,0.12684282660484314,0.03,0,0,0,0,0,0,0,0,0,0,0,0,0,0,0,0,0,0,0,0,0
1.3501982688903809,-1.0,0.0,0.0,-0.024926722049713135,-0.0382782518863678,0.0,0.0,0.38763490319252014,0.12684282660484314,0.03,0,0,0,0,0,0,0,0,0,0,0,0,0,0,0,0,0,0,0,0,0
1.351400375366211,-1.0,0.0,0.0,-0.024926722049713135,-0.0382782518863678,0.0,0.0,0.38763490319252014,0.12684282660484314,0.03,0,0,0,0,0,0,0,0,0,0,0,0,0,0,0,0,0,0,0,0,0
1.3527753353118896,-1.0,0.0,0.0,-0.024926722049713135,-0.0382782518863678,0.0,0.0,0.38763490319252014,0.12684282660484314,0.03,0,0,0,0,0,0,0,0,0,0,0,0,0,0,0,0,0,0,0,0,0
1.3540458679199219,-1.0,0.0,0.0,-0.024926722049713135,-0.0382782518863678,0.0,0.0,0.38763490319252014,0.12684282660484314,0.03,0,0,0,0,0,0,0,0,0,0,0,0,0,0,0,0,0,0,0,0,0
1.3551664352416992,-1.0,0.0,0.0,-0.024926722049713135,-0.0382782518863678,0.0,0.0,0.38763490319252014,0.12684282660484314,0.03,0,0,0,0,0,0,0,0,0,0,0,0,0,0,0,0,0,0,0,0,0
1.3563182353973389,-1.0,0.0,0.0,-0.024989336729049683,-0.038319021463394165,0.0,0.0,0.400668203830719,0.05010391026735306,0.03,0,0,0,0,0,0,0,0,0,0,0,0,0,0,0,0,0,0,0,0,0
1.3581056594848633,-1.0,0.0,0.0,-0.024989336729049683,-0.038319021463394165,0.0,0.0,0.400668203830719,0.05010391026735306,0.03,0,0,0,0,0,0,0,0,0,0,0,0,0,0,0,0,0,0,0,0,0
1.3596630096435547,-1.0,0.0,0.0,-0.024989336729049683,-0.038319021463394165,0.0,0.0,0.400668203830719,0.05010391026735306,0.03,0,0,0,0,0,0,0,0,0,0,0,0,0,0,0,0,0,0,0,0,0
1.3629767894744873,-1.0,0.0,0.0,-0.024989336729049683,-0.038319021463394165,0.0,0.0,0.400668203830719,0.05010391026735306,0.03,0,0,0,0,0,0,0,0,0,0,0,0,0,0,0,0,0,0,0,0,0
1.364126205444336,-1.0,0.0,0.0,-0.024989336729049683,-0.038319021463394165,0.0,0.0,0.400668203830719,0.05010391026735306,0.03,0,0,0,0,0,0,0,0,0,0,0,0,0,0,0,0,0,0,0,0,0
1.3662114143371582,-1.0,0.0,0.0,-0.024989336729049683,-0.038319021463394165,0.0,0.0,0.400668203830719,0.05010391026735306,0.03,0,0,0,0,0,0,0,0,0,0,0,0,0,0,0,0,0,0,0,0,0
1.3674523830413818,-1.0,0.0,0.0,-0.024989336729049683,-0.038319021463394165,0.0,0.0,0.400668203830719,0.05010391026735306,0.03,0,0,0,0,0,0,0,0,0,0,0,0,0,0,0,0,0,0,0,0,0
1.3699612617492676,-1.0,0.0,0.0,-0.024989336729049683,-0.038319021463394165,0.0,0.0,0.400668203830719,0.05010391026735306,0.03,0,0,0,0,0,0,0,0,0,0,0,0,0,0,0,0,0,0,0,0,0
1.371140956878662,-1.0,0.0,0.0,-0.024989336729049683,-0.038319021463394165,0.0,0.0,0.400668203830719,0.05010391026735306,0.03,0,0,0,0,0,0,0,0,0,0,0,0,0,0,0,0,0,0,0,0,0
1.3725321292877197,-1.0,0.0,0.0,-0.024989336729049683,-0.038319021463394165,0.0,0.0,0.400668203830719,0.05010391026735306,0.03,0,0,0,0,0,0,0,0,0,0,0,0,0,0,0,0,0,0,0,0,0
1.3739361763000488,-1.0,0.0,0.0,-0.024989336729049683,-0.038319021463394165,0.0,0.0,0.400668203830719,0.05010391026735306,0.03,0,0,0,0,0,0,0,0,0,0,0,0,0,0,0,0,0,0,0,0,0
1.375211238861084,-1.0,0.0,0.0,-0.02473112940788269,-0.038251250982284546,0.0,0.0,0.24709399044513702,0.15131232142448425,0.03,0,0,0,0,0,0,0,0,0,0,0,0,0,0,0,0,0,0,0,0,0
1.3776977062225342,-1.0,0.0,0.0,-0.024802446365356445,-0.03825506567955017,0.0,0.0,0.28211262822151184,0.14802201092243195,0.03,0,0,0,0,0,0,0,0,0,0,0,0,0,0,0,0,0,0,0,0,0
1.3788812160491943,-1.0,0.0,0.0,-0.02496945858001709,-0.03829416632652283,0.0,0.0,0.4210634231567383,0.08028073608875275,0.03,0,0,0,0,0,0,0,0,0,0,0,0,0,0,0,0,0,0,0,0,0
1.3801820278167725,-1.0,0.0,0.0,-0.024541139602661133,-0.03838455677032471,0.0,0.0,-0.4658304452896118,0.07034798711538315,0.03,0,0,0,0,0,0,0,0,0,0,0,0,0,0,0,0,0,0,0,0,0
1.381540060043335,-1.0,0.0,0.0,-0.024541139602661133,-0.03838455677032471,0.0,0.0,-0.4658304452896118,0.07034798711538315,0.03,0,0,0,0,0,0,0,0,0,0,0,0,0,0,0,0,0,0,0,0,0
1.3832898139953613,-1.0,0.0,0.0,-0.024541139602661133,-0.03838455677032471,0.0,0.0,-0.4658304452896118,0.07034798711538315,0.03,0,0,0,0,0,0,0,0,0,0,0,0,0,0,0,0,0,0,0,0,0
1.3844683170318604,-1.0,0.0,0.0,-0.024541139602661133,-0.03838455677032471,0.0,0.0,-0.4658304452896118,0.07034798711538315,0.03,0,0,0,0,0,0,0,0,0,0,0,0,0,0,0,0,0,0,0,0,0
1.385530710220337,-1.0,0.0,0.0,-0.024541139602661133,-0.03838455677032471,0.0,0.0,-0.4658304452896118,0.07034798711538315,0.03,0,0,0,0,0,0,0,0,0,0,0,0,0,0,0,0,0,0,0,0,0
1.3866198062896729,-1.0,0.0,0.0,-0.024541139602661133,-0.03838455677032471,0.0,0.0,-0.4658304452896118,0.07034798711538315,0.03,0,0,0,0,0,0,0,0,0,0,0,0,0,0,0,0,0,0,0,0,0
1.388897180557251,-1.0,0.0,0.0,-0.024729251861572266,-0.03827059268951416,0.0,0.0,0.2052074670791626,0.1259935200214386,0.03,0,0,0,0,0,0,0,0,0,0,0,0,0,0,0,0,0,0,0,0,0
1.3900134563446045,-1.0,0.0,0.0,-0.024729251861572266,-0.03827059268951416,0.0,0.0,0.2052074670791626,0.1259935200214386,0.03,0,0,0,0,0,0,0,0,0,0,0,0,0,0,0,0,0,0,0,0,0
1.3911597728729248,-1.0,0.0,0.0,-0.024729251861572266,-0.03827059268951416,0.0,0.0,0.2052074670791626,0.1259935200214386,0.03,0,0,0,0,0,0,0,0,0,0,0,0,0,0,0,0,0,0,0,0,0
1.3925597667694092,-1.0,0.0,0.0,-0.024729251861572266,-0.03827059268951416,0.0,0.0,0.2052074670791626,0.1259935200214386,0.03,0,0,0,0,0,0,0,0,0,0,0,0,0,0,0,0,0,0,0,0,0
1.3936305046081543,-1.0,0.0,0.0,-0.024729251861572266,-0.03827059268951416,0.0,0.0,0.2052074670791626,0.1259935200214386,0.03,0,0,0,0,0,0,0,0,0,0,0,0,0,0,0,0,0,0,0,0,0
1.3952357769012451,-1.0,0.0,0.0,-0.024729251861572266,-0.03827059268951416,0.0,0.0,0.2052074670791626,0.1259935200214386,0.03,0,0,0,0,0,0,0,0,0,0,0,0,0,0,0,0,0,0,0,0,0
1.39906907081604,-1.0,0.0,0.0,-0.024729251861572266,-0.03827059268951416,0.0,0.0,0.2052074670791626,0.1259935200214386,0.03,0,0,0,0,0,0,0,0,0,0,0,0,0,0,0,0,0,0,0,0,0
1.4002950191497803,-1.0,0.0,0.0,-0.024729251861572266,-0.03827059268951416,0.0,0.0,0.2052074670791626,0.1259935200214386,0.03,0,0,0,0,0,0,0,0,0,0,0,0,0,0,0,0,0,0,0,0,0
1.401679515838623,-1.0,0.0,0.0,-0.024729251861572266,-0.03827059268951416,0.0,0.0,0.2052074670791626,0.1259935200214386,0.03,0,0,0,0,0,0,0,0,0,0,0,0,0,0,0,0,0,0,0,0,0
1.4029176235198975,-1.0,0.0,0.0,-0.024729251861572266,-0.03827059268951416,0.0,0.0,0.2052074670791626,0.1259935200214386,0.03,0,0,0,0,0,0,0,0,0,0,0,0,0,0,0,0,0,0,0,0,0
1.405766248703003,-1.0,0.0,0.0,-0.024729251861572266,-0.03827059268951416,0.0,0.0,0.2052074670791626,0.1259935200214386,0.03,0,0,0,0,0,0,0,0,0,0,0,0,0,0,0,0,0,0,0,0,0
1.4071784019470215,-1.0,0.0,0.0,-0.024729251861572266,-0.03827059268951416,0.0,0.0,0.2052074670791626,0.1259935200214386,0.03,0,0,0,0,0,0,0,0,0,0,0,0,0,0,0,0,0,0,0,0,0
1.4084036350250244,-1.0,0.0,0.0,-0.024729251861572266,-0.03827059268951416,0.0,0.0,0.2052074670791626,0.1259935200214386,0.03,0,0,0,0,0,0,0,0,0,0,0,0,0,0,0,0,0,0,0,0,0
1.4107820987701416,-1.0,0.0,0.0,-0.024729251861572266,-0.03827059268951416,0.0,0.0,0.2052074670791626,0.1259935200214386,0.03,0,0,0,0,0,0,0,0,0,0,0,0,0,0,0,0,0,0,0,0,0
1.411853551864624,-1.0,0.0,0.0,-0.024729251861572266,-0.03827059268951416,0.0,0.0,0.2052074670791626,0.1259935200214386,0.03,0,0,0,0,0,0,0,0,0,0,0,0,0,0,0,0,0,0,0,0,0
1.4129819869995117,-1.0,0.0,0.0,-0.024729251861572266,-0.03827059268951416,0.0,0.0,0.2052074670791626,0.1259935200214386,0.03,0,0,0,0,0,0,0,0,0,0,0,0,0,0,0,0,0,0,0,0,0
1.4140548706054688,-1.0,0.0,0.0,-0.024729251861572266,-0.03827059268951416,0.0,0.0,0.2052074670791626,0.1259935200214386,0.03,0,0,0,0,0,0,0,0,0,0,0,0,0,0,0,0,0,0,0,0,0
1.4153203964233398,-1.0,0.0,0.0,-0.024729251861572266,-0.03827059268951416,0.0,0.0,0.2052074670791626,0.1259935200214386,0.03,0,0,0,0,0,0,0,0,0,0,0,0,0,0,0,0,0,0,0,0,0
1.41801118850708,-1.0,0.0,0.0,-0.025049060583114624,-0.03833740949630737,0.0,0.0,0.4198819100856781,0.04689391329884529,0.03,0,0,0,0,0,0,0,0,0,0,0,0,0,0,0,0,0,0,0,0,0
1.419440746307373,-1.0,0.0,0.0,-0.02454090118408203,-0.03835788369178772,0.0,0.0,-0.5001699924468994,0.13281267881393433,0.03,0,0,0,0,0,0,0,0,0,0,0,0,0,0,0,0,0,0,0,0,0
1.420548439025879,-1.0,0.0,0.0,-0.02454090118408203,-0.03835788369178772,0.0,0.0,-0.5001699924468994,0.13281267881393433,0.03,0,0,0,0,0,0,0,0,0,0,0,0,0,0,0,0,0,0,0,0,0
1.4265077114105225,-1.0,0.0,0.0,-0.02454090118408203,-0.03835788369178772,0.0,0.0,-0.5001699924468994,0.13281267881393433,0.03,0,0,0,0,0,0,0,0,0,0,0,0,0,0,0,0,0,0,0,0,0
1.4279515743255615,-1.0,0.0,0.0,-0.02454090118408203,-0.03835788369178772,0.0,0.0,-0.5001699924468994,0.13281267881393433,0.03,0,0,0,0,0,0,0,0,0,0,0,0,0,0,0,0,0,0,0,0,0
1.429211139678955,-1.0,0.0,0.0,-0.02454090118408203,-0.03835788369178772,0.0,0.0,-0.5001699924468994,0.13281267881393433,0.03,0,0,0,0,0,0,0,0,0,0,0,0,0,0,0,0,0,0,0,0,0
1.4303631782531738,-1.0,0.0,0.0,-0.02454090118408203,-0.03835788369178772,0.0,0.0,-0.5001699924468994,0.13281267881393433,0.03,0,0,0,0,0,0,0,0,0,0,0,0,0,0,0,0,0,0,0,0,0
1.431429147720337,-1.0,0.0,0.0,-0.02454090118408203,-0.03835788369178772,0.0,0.0,-0.5001699924468994,0.13281267881393433,0.03,0,0,0,0,0,0,0,0,0,0,0,0,0,0,0,0,0,0,0,0,0
1.4325082302093506,-1.0,0.0,0.0,-0.02454090118408203,-0.03835788369178772,0.0,0.0,-0.5001699924468994,0.13281267881393433,0.03,0,0,0,0,0,0,0,0,0,0,0,0,0,0,0,0,0,0,0,0,0
1.4339354038238525,-1.0,0.0,0.0,-0.02454090118408203,-0.03835788369178772,0.0,0.0,-0.5001699924468994,0.13281267881393433,0.03,0,0,0,0,0,0,0,0,0,0,0,0,0,0,0,0,0,0,0,0,0
1.4352238178253174,-1.0,0.0,0.0,-0.02454090118408203,-0.03835788369178772,0.0,0.0,-0.5001699924468994,0.13281267881393433,0.03,0,0,0,0,0,0,0,0,0,0,0,0,0,0,0,0,0,0,0,0,0
1.4367494583129883,-1.0,0.0,0.0,-0.02454090118408203,-0.03835788369178772,0.0,0.0,-0.5001699924468994,0.13281267881393433,0.03,0,0,0,0,0,0,0,0,0,0,0,0,0,0,0,0,0,0,0,0,0
1.438180685043335,-1.0,0.0,0.0,-0.02454090118408203,-0.03835788369178772,0.0,0.0,-0.5001699924468994,0.13281267881393433,0.03,0,0,0,0,0,0,0,0,0,0,0,0,0,0,0,0,0,0,0,0,0
1.4392411708831787,-1.0,0.0,0.0,-0.02454090118408203,-0.03835788369178772,0.0,0.0,-0.5001699924468994,0.13281267881393433,0.03,0,0,0,0,0,0,0,0,0,0,0,0,0,0,0,0,0,0,0,0,0
1.4423534870147705,-1.0,0.0,0.0,-0.02454090118408203,-0.03835788369178772,0.0,0.0,-0.5001699924468994,0.13281267881393433,0.03,0,0,0,0,0,0,0,0,0,0,0,0,0,0,0,0,0,0,0,0,0
1.4439659118652344,-1.0,0.0,0.0,-0.02454090118408203,-0.03835788369178772,0.0,0.0,-0.5001699924468994,0.13281267881393433,0.03,0,0,0,0,0,0,0,0,0,0,0,0,0,0,0,0,0,0,0,0,0
1.4458513259887695,-1.0,0.0,0.0,-0.02454090118408203,-0.03835788369178772,0.0,0.0,-0.5001699924468994,0.13281267881393433,0.03,0,0,0,0,0,0,0,0,0,0,0,0,0,0,0,0,0,0,0,0,0
1.4497849941253662,-1.0,0.0,0.0,-0.02454090118408203,-0.03835788369178772,0.0,0.0,-0.5001699924468994,0.13281267881393433,0.03,0,0,0,0,0,0,0,0,0,0,0,0,0,0,0,0,0,0,0,0,0
1.4508986473083496,-1.0,0.0,0.0,-0.02454090118408203,-0.03835788369178772,0.0,0.0,-0.5001699924468994,0.13281267881393433,0.03,0,0,0,0,0,0,0,0,0,0,0,0,0,0,0,0,0,0,0,0,0
1.4522340297698975,-1.0,0.0,0.0,-0.02454090118408203,-0.03835788369178772,0.0,0.0,-0.5001699924468994,0.13281267881393433,0.03,0,0,0,0,0,0,0,0,0,0,0,0,0,0,0,0,0,0,0,0,0
1.4545135498046875,-1.0,0.0,0.0,-0.02454090118408203,-0.03835788369178772,0.0,0.0,-0.5001699924468994,0.13281267881393433,0.03,0,0,0,0,0,0,0,0,0,0,0,0,0,0,0,0,0,0,0,0,0
1.45670485496521,-1.0,0.0,0.0,-0.02454090118408203,-0.03835788369178772,0.0,0.0,-0.5001699924468994,0.13281267881393433,0.03,0,0,0,0,0,0,0,0,0,0,0,0,0,0,0,0,0,0,0,0,0
1.4578146934509277,-1.0,0.0,0.0,-0.02454090118408203,-0.03835788369178772,0.0,0.0,-0.5001699924468994,0.13281267881393433,0.03,0,0,0,0,0,0,0,0,0,0,0,0,0,0,0,0,0,0,0,0,0
1.4589533805847168,-1.0,0.0,0.0,-0.024512559175491333,-0.038335561752319336,0.0,0.0,-0.4746756851673126,0.15345399081707,0.03,0,0,0,0,0,0,0,0,0,0,0,0,0,0,0,0,0,0,0,0,0
1.4605109691619873,-1.0,0.0,0.0,-0.0251615047454834,-0.038354337215423584,0.0,0.0,0.47707274556159973,-0.0036590546369552612,0.03,0,0,0,0,0,0,0,0,0,0,0,0,0,0,0,0,0,0,0,0,0
1.4617843627929688,-1.0,0.0,0.0,-0.0251615047454834,-0.038354337215423584,0.0,0.0,0.47707274556159973,-0.0036590546369552612,0.03,0,0,0,0,0,0,0,0,0,0,0,0,0,0,0,0,0,0,0,0,0
1.4641296863555908,-1.0,0.0,0.0,-0.02516421675682068,-0.03839766979217529,0.0,0.0,0.3730839192867279,-0.016138983890414238,0.03,0,0,0,0,0,0,0,0,0,0,0,0,0,0,0,0,0,0,0,0,0
1.4653267860412598,-1.0,0.0,0.0,-0.02516421675682068,-0.03839766979217529,0.0,0.0,0.3730839192867279,-0.016138983890414238,0.03,0,0,0,0,0,0,0,0,0,0,0,0,0,0,0,0,0,0,0,0,0
1.4663903713226318,-1.0,0.0,0.0,-0.02516421675682068,-0.03839766979217529,0.0,0.0,0.3730839192867279,-0.016138983890414238,0.03,0,0,0,0,0,0,0,0,0,0,0,0,0,0,0,0,0,0,0,0,0
1.4674551486968994,-1.0,0.0,0.0,-0.02516421675682068,-0.03839766979217529,0.0,0.0,0.3730839192867279,-0.016138983890414238,0.03,0,0,0,0,0,0,0,0,0,0,0,0,0,0,0,0,0,0,0,0,0
1.4686574935913086,-1.0,0.0,0.0,-0.02516421675682068,-0.03839766979217529,0.0,0.0,0.3730839192867279,-0.016138983890414238,0.03,0,0,0,0,0,0,0,0,0,0,0,0,0,0,0,0,0,0,0,0,0
1.4698374271392822,-1.0,0.0,0.0,-0.02516421675682068,-0.03839766979217529,0.0,0.0,0.3730839192867279,-0.016138983890414238,0.03,0,0,0,0,0,0,0,0,0,0,0,0,0,0,0,0,0,0,0,0,0
1.4709231853485107,-1.0,0.0,0.0,-0.02516421675682068,-0.03839766979217529,0.0,0.0,0.3730839192867279,-0.016138983890414238,0.03,0,0,0,0,0,0,0,0,0,0,0,0,0,0,0,0,0,0,0,0,0
1.4730579853057861,-1.0,0.0,0.0,-0.02516421675682068,-0.03839766979217529,0.0,0.0,0.3730839192867279,-0.016138983890414238,0.03,0,0,0,0,0,0,0,0,0,0,0,0,0,0,0,0,0,0,0,0,0
1.4743704795837402,-1.0,0.0,0.0,-0.02516421675682068,-0.03839766979217529,0.0,0.0,0.3730839192867279,-0.016138983890414238,0.03,0,0,0,0,0,0,0,0,0,0,0,0,0,0,0,0,0,0,0,0,0
1.4765822887420654,-1.0,0.0,0.0,-0.02516421675682068,-0.03839766979217529,0.0,0.0,0.3730839192867279,-0.016138983890414238,0.03,0,0,0,0,0,0,0,0,0,0,0,0,0,0,0,0,0,0,0,0,0
1.4790117740631104,-1.0,0.0,0.0,-0.02502170205116272,-0.03835734724998474,0.0,0.0,0.12731218338012695,0.01446762029081583,0.03,0,0,0,0,0,0,0,0,0,0,0,0,0,0,0,0,0,0,0,0,0
1.4801139831542969,-1.0,0.0,0.0,-0.02502170205116272,-0.03835734724998474,0.0,0.0,0.12731218338012695,0.01446762029081583,0.03,0,0,0,0,0,0,0,0,0,0,0,0,0,0,0,0,0,0,0,0,0
1.4815928936004639,-1.0,0.0,0.0,-0.02502170205116272,-0.03835734724998474,0.0,0.0,0.12731218338012695,0.01446762029081583,0.03,0,0,0,0,0,0,0,0,0,0,0,0,0,0,0,0,0,0,0,0,0
1.4832186698913574,-1.0,0.0,0.0,-0.02502170205116272,-0.03835734724998474,0.0,0.0,0.12731218338012695,0.01446762029081583,0.03,0,0,0,0,0,0,0,0,0,0,0,0,0,0,0,0,0,0,0,0,0
1.4851419925689697,-1.0,0.0,0.0,-0.024966686964035034,-0.03832697868347168,0.0,0.0,0.08479321748018265,0.1523786336183548,0.03,0,0,0,0,0,0,0,0,0,0,0,0,0,0,0,0,0,0,0,0,0
1.4867866039276123,-1.0,0.0,0.0,-0.024966686964035034,-0.03832697868347168,0.0,0.0,0.08479321748018265,0.1523786336183548,0.03,0,0,0,0,0,0,0,0,0,0,0,0,0,0,0,0,0,0,0,0,0
1.4881794452667236,-1.0,0.0,0.0,-0.024966686964035034,-0.03832697868347168,0.0,0.0,0.08479321748018265,0.1523786336183548,0.03,0,0,0,0,0,0,0,0,0,0,0,0,0,0,0,0,0,0,0,0,0
1.4893624782562256,-1.0,0.0,0.0,-0.02496236562728882,-0.03833204507827759,0.0,0.0,0.10861443728208542,0.09544259309768677,0.03,0,0,0,0,0,0,0,0,0,0,0,0,0,0,0,0,0,0,0,0,0
1.4916884899139404,-1.0,0.0,0.0,-0.02497279644012451,-0.03838068246841431,0.0,0.0,0.13440072536468506,0.03873847797513008,0.03,0,0,0,0,0,0,0,0,0,0,0,0,0,0,0,0,0,0,0,0,0
1.4932067394256592,-1.0,0.0,0.0,-0.02497279644012451,-0.03838068246841431,0.0,0.0,0.13440072536468506,0.03873847797513008,0.03,0,0,0,0,0,0,0,0,0,0,0,0,0,0,0,0,0,0,0,0,0
1.494354009628296,-1.0,0.0,0.0,-0.02497279644012451,-0.03838068246841431,0.0,0.0,0.13440072536468506,0.03873847797513008,0.03,0,0,0,0,0,0,0,0,0,0,0,0,0,0,0,0,0,0,0,0,0
1.4955682754516602,-1.0,0.0,0.0,-0.02497279644012451,-0.03838068246841431,0.0,0.0,0.13440072536468506,0.03873847797513008,0.03,0,0,0,0,0,0,0,0,0,0,0,0,0,0,0,0,0,0,0,0,0
1.4969992637634277,-1.0,0.0,0.0,-0.02497279644012451,-0.03838068246841431,0.0,0.0,0.13440072536468506,0.03873847797513008,0.03,0,0,0,0,0,0,0,0,0,0,0,0,0,0,0,0,0,0,0,0,0
1.4988348484039307,-1.0,0.0,0.0,-0.02497279644012451,-0.03838068246841431,0.0,0.0,0.13440072536468506,0.03873847797513008,0.03,0,0,0,0,0,0,0,0,0,0,0,0,0,0,0,0,0,0,0,0,0
1.501037359237671,-1.0,0.0,0.0,-0.02498769760131836,-0.03834989666938782,0.0,0.0,0.16769564151763916,0.05529116839170456,0.03,0,0,0,0,0,0,0,0,0,0,0,0,0,0,0,0,0,0,0,0,0
1.5051565170288086,-1.0,0.0,0.0,-0.025030165910720825,-0.0383945107460022,0.0,0.0,0.1765296906232834,0.025791263207793236,0.03,0,0,0,0,0,0,0,0,0,0,0,0,0,0,0,0,0,0,0,0,0
1.506312608718872,-1.0,0.0,0.0,-0.025030165910720825,-0.0383945107460022,0.0,0.0,0.1765296906232834,0.025791263207793236,0.03,0,0,0,0,0,0,0,0,0,0,0,0,0,0,0,0,0,0,0,0,0
1.5077340602874756,-1.0,0.0,0.0,-0.025030165910720825,-0.0383945107460022,0.0,0.0,0.1765296906232834,0.025791263207793236,0.03,0,0,0,0,0,0,0,0,0,0,0,0,0,0,0,0,0,0,0,0,0
1.509054183959961,-1.0,0.0,0.0,-0.02499765157699585,-0.03833353519439697,0.0,0.0,0.12304571270942688,0.18113736808300018,0.03,0,0,0,0,0,0,0,0,0,0,0,0,0,0,0,0,0,0,0,0,0
1.511652946472168,-1.0,0.0,0.0,-0.024981439113616943,-0.038276225328445435,0.0,0.0,0.13161900639533997,0.19608022272586823,0.03,0,0,0,0,0,0,0,0,0,0,0,0,0,0,0,0,0,0,0,0,0
1.5127794742584229,-1.0,0.0,0.0,-0.024981439113616943,-0.038276225328445435,0.0,0.0,0.13161900639533997,0.19608022272586823,0.03,0,0,0,0,0,0,0,0,0,0,0,0,0,0,0,0,0,0,0,0,0
1.5142498016357422,-1.0,0.0,0.0,-0.024970978498458862,-0.03832972049713135,0.0,0.0,0.1317678689956665,0.09947673231363297,0.03,0,0,0,0,0,0,0,0,0,0,0,0,0,0,0,0,0,0,0,0,0
1.5164833068847656,-1.0,0.0,0.0,-0.024970978498458862,-0.03832972049713135,0.0,0.0,0.1317678689956665,0.09947673231363297,0.03,0,0,0,0,0,0,0,0,0,0,0,0,0,0,0,0,0,0,0,0,0
1.517676830291748,-1.0,0.0,0.0,-0.024970978498458862,-0.03832972049713135,0.0,0.0,0.1317678689956665,0.09947673231363297,0.03,0,0,0,0,0,0,0,0,0,0,0,0,0,0,0,0,0,0,0,0,0
1.5187647342681885,-1.0,0.0,0.0,-0.02498793601989746,-0.03828847408294678,0.0,0.0,0.1708633452653885,0.16347962617874146,0.03,0,0,0,0,0,0,0,0,0,0,0,0,0,0,0,0,0,0,0,0,0
1.5218708515167236,-1.0,0.0,0.0,-0.02498793601989746,-0.03828847408294678,0.0,0.0,0.1708633452653885,0.16347962617874146,0.03,0,0,0,0,0,0,0,0,0,0,0,0,0,0,0,0,0,0,0,0,0
1.5232312679290771,-1.0,0.0,0.0,-0.02498793601989746,-0.03828847408294678,0.0,0.0,0.1708633452653885,0.16347962617874146,0.03,0,0,0,0,0,0,0,0,0,0,0,0,0,0,0,0,0,0,0,0,0
1.5256500244140625,-1.0,0.0,0.0,-0.02498793601989746,-0.03828847408294678,0.0,0.0,0.1708633452653885,0.16347962617874146,0.03,0,0,0,0,0,0,0,0,0,0,0,0,0,0,0,0,0,0,0,0,0
1.527062177658081,-1.0,0.0,0.0,-0.02498793601989746,-0.03828847408294678,0.0,0.0,0.1708633452653885,0.16347962617874146,0.03,0,0,0,0,0,0,0,0,0,0,0,0,0,0,0,0,0,0,0,0,0
1.5291950702667236,-1.0,0.0,0.0,-0.02498793601989746,-0.03828847408294678,0.0,0.0,0.1708633452653885,0.16347962617874146,0.03,0,0,0,0,0,0,0,0,0,0,0,0,0,0,0,0,0,0,0,0,0
1.530311107635498,-1.0,0.0,0.0,-0.02498793601989746,-0.03828847408294678,0.0,0.0,0.1708633452653885,0.16347962617874146,0.03,0,0,0,0,0,0,0,0,0,0,0,0,0,0,0,0,0,0,0,0,0
1.5314383506774902,-1.0,0.0,0.0,-0.0249728262424469,-0.038374364376068115,0.0,0.0,0.08155674487352371,0.05643239617347717,0.03,0,0,0,0,0,0,0,0,0,0,0,0,0,0,0,0,0,0,0,0,0
1.53293776512146,-1.0,0.0,0.0,-0.024963408708572388,-0.03832978010177612,0.0,0.0,0.129656121134758,0.11202177405357361,0.03,0,0,0,0,0,0,0,0,0,0,0,0,0,0,0,0,0,0,0,0,0
1.5343525409698486,-1.0,0.0,0.0,-0.02496960759162903,-0.03835493326187134,0.0,0.0,0.146826833486557,0.05550234764814377,0.03,0,0,0,0,0,0,0,0,0,0,0,0,0,0,0,0,0,0,0,0,0
1.5355041027069092,-1.0,0.0,0.0,-0.02496960759162903,-0.03835493326187134,0.0,0.0,0.146826833486557,0.05550234764814377,0.03,0,0,0,0,0,0,0,0,0,0,0,0,0,0,0,0,0,0,0,0,0
1.536971092224121,-1.0,0.0,0.0,-0.02496960759162903,-0.03835493326187134,0.0,0.0,0.146826833486557,0.05550234764814377,0.03,0,0,0,0,0,0,0,0,0,0,0,0,0,0,0,0,0,0,0,0,0
1.5384392738342285,-1.0,0.0,0.0,-0.02496960759162903,-0.03835493326187134,0.0,0.0,0.146826833486557,0.05550234764814377,0.03,0,0,0,0,0,0,0,0,0,0,0,0,0,0,0,0,0,0,0,0,0
1.5396864414215088,-1.0,0.0,0.0,-0.02496960759162903,-0.03835493326187134,0.0,0.0,0.146826833486557,0.05550234764814377,0.03,0,0,0,0,0,0,0,0,0,0,0,0,0,0,0,0,0,0,0,0,0
1.5407984256744385,-1.0,0.0,0.0,-0.02496960759162903,-0.03835493326187134,0.0,0.0,0.146826833486557,0.05550234764814377,0.03,0,0,0,0,0,0,0,0,0,0,0,0,0,0,0,0,0,0,0,0,0
1.5418627262115479,-1.0,0.0,0.0,-0.02496960759162903,-0.03835493326187134,0.0,0.0,0.146826833486557,0.05550234764814377,0.03,0,0,0,0,0,0,0,0,0,0,0,0,0,0,0,0,0,0,0,0,0
1.5429611206054688,-1.0,0.0,0.0,-0.02496960759162903,-0.03835493326187134,0.0,0.0,0.146826833486557,0.05550234764814377,0.03,0,0,0,0,0,0,0,0,0,0,0,0,0,0,0,0,0,0,0,0,0
1.544259786605835,-1.0,0.0,0.0,-0.02496960759162903,-0.03835493326187134,0.0,0.0,0.146826833486557,0.05550234764814377,0.03,0,0,0,0,0,0,0,0,0,0,0,0,0,0,0,0,0,0,0,0,0
1.5453836917877197,-1.0,0.0,0.0,-0.02496960759162903,-0.03835493326187134,0.0,0.0,0.146826833486557,0.05550234764814377,0.03,0,0,0,0,0,0,0,0,0,0,0,0,0,0,0,0,0,0,0,0,0
1.546473741531372,-1.0,0.0,0.0,-0.02496960759162903,-0.03835493326187134,0.0,0.0,0.146826833486557,0.05550234764814377,0.03,0,0,0,0,0,0,0,0,0,0,0,0,0,0,0,0,0,0,0,0,0
1.547584056854248,-1.0,0.0,0.0,-0.02496960759162903,-0.03835493326187134,0.0,0.0,0.146826833486557,0.05550234764814377,0.03,0,0,0,0,0,0,0,0,0,0,0,0,0,0,0,0,0,0,0,0,0
1.5488436222076416,-1.0,0.0,0.0,-0.02496960759162903,-0.03835493326187134,0.0,0.0,0.146826833486557,0.05550234764814377,0.03,0,0,0,0,0,0,0,0,0,0,0,0,0,0,0,0,0,0,0,0,0
1.5500142574310303,-1.0,0.0,0.0,-0.02496960759162903,-0.03835493326187134,0.0,0.0,0.146826833486557,0.05550234764814377,0.03,0,0,0,0,0,0,0,0,0,0,0,0,0,0,0,0,0,0,0,0,0
1.5522737503051758,-1.0,0.0,0.0,-0.02496960759162903,-0.03835493326187134,0.0,0.0,0.146826833486557,0.05550234764814377,0.03,0,0,0,0,0,0,0,0,0,0,0,0,0,0,0,0,0,0,0,0,0
1.5552592277526855,-1.0,0.0,0.0,-0.02496960759162903,-0.03835493326187134,0.0,0.0,0.146826833486557,0.05550234764814377,0.03,0,0,0,0,0,0,0,0,0,0,0,0,0,0,0,0,0,0,0,0,0
1.5564923286437988,-1.0,0.0,0.0,-0.02496960759162903,-0.03835493326187134,0.0,0.0,0.146826833486557,0.05550234764814377,0.03,0,0,0,0,0,0,0,0,0,0,0,0,0,0,0,0,0,0,0,0,0
1.5575759410858154,-1.0,0.0,0.0,-0.02496960759162903,-0.03835493326187134,0.0,0.0,0.146826833486557,0.05550234764814377,0.03,0,0,0,0,0,0,0,0,0,0,0,0,0,0,0,0,0,0,0,0,0
1.5586650371551514,-1.0,0.0,0.0,-0.02496960759162903,-0.03835493326187134,0.0,0.0,0.146826833486557,0.05550234764814377,0.03,0,0,0,0,0,0,0,0,0,0,0,0,0,0,0,0,0,0,0,0,0
1.5598015785217285,-1.0,0.0,0.0,-0.02496960759162903,-0.03835493326187134,0.0,0.0,0.146826833486557,0.05550234764814377,0.03,0,0,0,0,0,0,0,0,0,0,0,0,0,0,0,0,0,0,0,0,0
1.561115026473999,-1.0,0.0,0.0,-0.02496960759162903,-0.03835493326187134,0.0,0.0,0.146826833486557,0.05550234764814377,0.03,0,0,0,0,0,0,0,0,0,0,0,0,0,0,0,0,0,0,0,0,0
1.5623419284820557,-1.0,0.0,0.0,-0.02496960759162903,-0.03835493326187134,0.0,0.0,0.146826833486557,0.05550234764814377,0.03,0,0,0,0,0,0,0,0,0,0,0,0,0,0,0,0,0,0,0,0,0
1.5637078285217285,-1.0,0.0,0.0,-0.02496960759162903,-0.03835493326187134,0.0,0.0,0.146826833486557,0.05550234764814377,0.03,0,0,0,0,0,0,0,0,0,0,0,0,0,0,0,0,0,0,0,0,0
1.5651469230651855,-1.0,0.0,0.0,-0.02496960759162903,-0.03835493326187134,0.0,0.0,0.146826833486557,0.05550234764814377,0.03,0,0,0,0,0,0,0,0,0,0,0,0,0,0,0,0,0,0,0,0,0
1.566277265548706,-1.0,0.0,0.0,-0.02496960759162903,-0.03835493326187134,0.0,0.0,0.146826833486557,0.05550234764814377,0.03,0,0,0,0,0,0,0,0,0,0,0,0,0,0,0,0,0,0,0,0,0
1.567455530166626,-1.0,0.0,0.0,-0.02496960759162903,-0.03835493326187134,0.0,0.0,0.146826833486557,0.05550234764814377,0.03,0,0,0,0,0,0,0,0,0,0,0,0,0,0,0,0,0,0,0,0,0
1.5697166919708252,-1.0,0.0,0.0,-0.02494943141937256,-0.038348227739334106,0.0,0.0,0.07050822675228119,0.09260202199220657,0.03,0,0,0,0,0,0,0,0,0,0,0,0,0,0,0,0,0,0,0,0,0
1.5708537101745605,-1.0,0.0,0.0,-0.02494943141937256,-0.038348227739334106,0.0,0.0,0.07050822675228119,0.09260202199220657,0.03,0,0,0,0,0,0,0,0,0,0,0,0,0,0,0,0,0,0,0,0,0
1.5722723007202148,-1.0,0.0,0.0,-0.02494943141937256,-0.038348227739334106,0.0,0.0,0.07050822675228119,0.09260202199220657,0.03,0,0,0,0,0,0,0,0,0,0,0,0,0,0,0,0,0,0,0,0,0
1.574018955230713,-1.0,0.0,0.0,-0.02494943141937256,-0.038348227739334106,0.0,0.0,0.07050822675228119,0.09260202199220657,0.03,0,0,0,0,0,0,0,0,0,0,0,0,0,0,0,0,0,0,0,0,0
1.5768024921417236,-1.0,0.0,0.0,-0.024971961975097656,-0.038350313901901245,0.0,0.0,0.12708227336406708,0.08450145274400711,0.03,0,0,0,0,0,0,0,0,0,0,0,0,0,0,0,0,0,0,0,0,0
1.5786151885986328,-1.0,0.0,0.0,-0.024971961975097656,-0.038350313901901245,0.0,0.0,0.12708227336406708,0.08450145274400711,0.03,0,0,0,0,0,0,0,0,0,0,0,0,0,0,0,0,0,0,0,0,0
1.5805399417877197,-1.0,0.0,0.0,-0.024971961975097656,-0.038350313901901245,0.0,0.0,0.12708227336406708,0.08450145274400711,0.03,0,0,0,0,0,0,0,0,0,0,0,0,0,0,0,0,0,0,0,0,0
1.5818445682525635,-1.0,0.0,0.0,-0.024971961975097656,-0.038350313901901245,0.0,0.0,0.12708227336406708,0.08450145274400711,0.03,0,0,0,0,0,0,0,0,0,0,0,0,0,0,0,0,0,0,0,0,0
1.5830464363098145,-1.0,0.0,0.0,-0.024971961975097656,-0.038350313901901245,0.0,0.0,0.12708227336406708,0.08450145274400711,0.03,0,0,0,0,0,0,0,0,0,0,0,0,0,0,0,0,0,0,0,0,0
1.584841012954712,-1.0,0.0,0.0,-0.024971961975097656,-0.038350313901901245,0.0,0.0,0.12708227336406708,0.08450145274400711,0.03,0,0,0,0,0,0,0,0,0,0,0,0,0,0,0,0,0,0,0,0,0
1.5861866474151611,-1.0,0.0,0.0,-0.024971961975097656,-0.038350313901901245,0.0,0.0,0.12708227336406708,0.08450145274400711,0.03,0,0,0,0,0,0,0,0,0,0,0,0,0,0,0,0,0,0,0,0,0
1.5876140594482422,-1.0,0.0,0.0,-0.024971961975097656,-0.038350313901901245,0.0,0.0,0.12708227336406708,0.08450145274400711,0.03,0,0,0,0,0,0,0,0,0,0,0,0,0,0,0,0,0,0,0,0,0
1.5889804363250732,-1.0,0.0,0.0,-0.024930506944656372,-0.038334399461746216,0.0,0.0,0.08109477907419205,0.12611152231693268,0.03,0,0,0,0,0,0,0,0,0,0,0,0,0,0,0,0,0,0,0,0,0
1.5909957885742188,-1.0,0.0,0.0,-0.024930506944656372,-0.038334399461746216,0.0,0.0,0.08109477907419205,0.12611152231693268,0.03,0,0,0,0,0,0,0,0,0,0,0,0,0,0,0,0,0,0,0,0,0
1.592348337173462,-1.0,0.0,0.0,-0.024930506944656372,-0.038334399461746216,0.0,0.0,0.08109477907419205,0.12611152231693268,0.03,0,0,0,0,0,0,0,0,0,0,0,0,0,0,0,0,0,0,0,0,0
1.5934116840362549,-1.0,0.0,0.0,-0.02497038245201111,-0.0383547842502594,0.0,0.0,0.11260859668254852,0.0887075811624527,0.03,0,0,0,0,0,0,0,0,0,0,0,0,0,0,0,0,0,0,0,0,0
1.5966403484344482,-1.0,0.0,0.0,-0.02491024136543274,-0.038355857133865356,0.0,0.0,0.07956194877624512,0.11480096727609634,0.03,0,0,0,0,0,0,0,0,0,0,0,0,0,0,0,0,0,0,0,0,0
1.5981054306030273,-1.0,0.0,0.0,-0.02491024136543274,-0.038355857133865356,0.0,0.0,0.07956194877624512,0.11480096727609634,0.03,0,0,0,0,0,0,0,0,0,0,0,0,0,0,0,0,0,0,0,0,0
1.5993916988372803,-1.0,0.0,0.0,-0.02491024136543274,-0.038355857133865356,0.0,0.0,0.07956194877624512,0.11480096727609634,0.03,0,0,0,0,0,0,0,0,0,0,0,0,0,0,0,0,0,0,0,0,0
1.6009957790374756,-1.0,0.0,0.0,-0.02491024136543274,-0.038355857133865356,0.0,0.0,0.07956194877624512,0.11480096727609634,0.03,0,0,0,0,0,0,0,0,0,0,0,0,0,0,0,0,0,0,0,0,0
1.6035020351409912,-1.0,0.0,0.0,-0.02491024136543274,-0.038355857133865356,0.0,0.0,0.07956194877624512,0.11480096727609634,0.03,0,0,0,0,0,0,0,0,0,0,0,0,0,0,0,0,0,0,0,0,0
1.604640007019043,-1.0,0.0,0.0,-0.02491024136543274,-0.038355857133865356,0.0,0.0,0.07956194877624512,0.11480096727609634,0.03,0,0,0,0,0,0,0,0,0,0,0,0,0,0,0,0,0,0,0,0,0
1.6060829162597656,-1.0,0.0,0.0,-0.02491024136543274,-0.038355857133865356,0.0,0.0,0.07956194877624512,0.11480096727609634,0.03,0,0,0,0,0,0,0,0,0,0,0,0,0,0,0,0,0,0,0,0,0
1.6074447631835938,-1.0,0.0,0.0,-0.02491024136543274,-0.038355857133865356,0.0,0.0,0.07956194877624512,0.11480096727609634,0.03,0,0,0,0,0,0,0,0,0,0,0,0,0,0,0,0,0,0,0,0,0
1.6094183921813965,-1.0,0.0,0.0,-0.02491024136543274,-0.038355857133865356,0.0,0.0,0.07956194877624512,0.11480096727609634,0.03,0,0,0,0,0,0,0,0,0,0,0,0,0,0,0,0,0,0,0,0,0
1.610590934753418,-1.0,0.0,0.0,-0.02491024136543274,-0.038355857133865356,0.0,0.0,0.07956194877624512,0.11480096727609634,0.03,0,0,0,0,0,0,0,0,0,0,0,0,0,0,0,0,0,0,0,0,0
1.611804723739624,-1.0,0.0,0.0,-0.02491024136543274,-0.038355857133865356,0.0,0.0,0.07956194877624512,0.11480096727609634,0.03,0,0,0,0,0,0,0,0,0,0,0,0,0,0,0,0,0,0,0,0,0
1.612943410873413,-1.0,0.0,0.0,-0.02491024136543274,-0.038355857133865356,0.0,0.0,0.07956194877624512,0.11480096727609634,0.03,0,0,0,0,0,0,0,0,0,0,0,0,0,0,0,0,0,0,0,0,0
1.6147472858428955,-1.0,0.0,0.0,-0.02491024136543274,-0.038355857133865356,0.0,0.0,0.07956194877624512,0.11480096727609634,0.03,0,0,0,0,0,0,0,0,0,0,0,0,0,0,0,0,0,0,0,0,0
1.616058588027954,-1.0,0.0,0.0,-0.02491024136543274,-0.038355857133865356,0.0,0.0,0.07956194877624512,0.11480096727609634,0.03,0,0,0,0,0,0,0,0,0,0,0,0,0,0,0,0,0,0,0,0,0
1.6171965599060059,-1.0,0.0,0.0,-0.02491024136543274,-0.038355857133865356,0.0,0.0,0.07956194877624512,0.11480096727609634,0.03,0,0,0,0,0,0,0,0,0,0,0,0,0,0,0,0,0,0,0,0,0
1.6183240413665771,-1.0,0.0,0.0,-0.02491024136543274,-0.038355857133865356,0.0,0.0,0.07956194877624512,0.11480096727609634,0.03,0,0,0,0,0,0,0,0,0,0,0,0,0,0,0,0,0,0,0,0,0
1.619417428970337,-1.0,0.0,0.0,-0.02491024136543274,-0.038355857133865356,0.0,0.0,0.07956194877624512,0.11480096727609634,0.03,0,0,0,0,0,0,0,0,0,0,0,0,0,0,0,0,0,0,0,0,0
1.6206109523773193,-1.0,0.0,0.0,-0.02491024136543274,-0.038355857133865356,0.0,0.0,0.07956194877624512,0.11480096727609634,0.03,0,0,0,0,0,0,0,0,0,0,0,0,0,0,0,0,0,0,0,0,0
1.623011827468872,-1.0,0.0,0.0,-0.02441444993019104,-0.03837180137634277,0.0,0.0,-0.44889020919799805,0.08973439782857895,0.03,0,0,0,0,0,0,0,0,0,0,0,0,0,0,0,0,0,0,0,0,0
1.6245169639587402,-1.0,0.0,0.0,-0.02441444993019104,-0.03837180137634277,0.0,0.0,-0.44889020919799805,0.08973439782857895,0.03,0,0,0,0,0,0,0,0,0,0,0,0,0,0,0,0,0,0,0,0,0
1.6257572174072266,-1.0,0.0,0.0,-0.02441444993019104,-0.03837180137634277,0.0,0.0,-0.44889020919799805,0.08973439782857895,0.03,0,0,0,0,0,0,0,0,0,0,0,0,0,0,0,0,0,0,0,0,0
1.6269445419311523,-1.0,0.0,0.0,-0.02441444993019104,-0.03837180137634277,0.0,0.0,-0.44889020919799805,0.08973439782857895,0.03,0,0,0,0,0,0,0,0,0,0,0,0,0,0,0,0,0,0,0,0,0
1.6280553340911865,-1.0,0.0,0.0,-0.02441444993019104,-0.03837180137634277,0.0,0.0,-0.44889020919799805,0.08973439782857895,0.03,0,0,0,0,0,0,0,0,0,0,0,0,0,0,0,0,0,0,0,0,0
1.6303038597106934,-1.0,0.0,0.0,-0.02441444993019104,-0.03837180137634277,0.0,0.0,-0.44889020919799805,0.08973439782857895,0.03,0,0,0,0,0,0,0,0,0,0,0,0,0,0,0,0,0,0,0,0,0
1.6336479187011719,-1.0,0.0,0.0,-0.02441444993019104,-0.03837180137634277,0.0,0.0,-0.44889020919799805,0.08973439782857895,0.03,0,0,0,0,0,0,0,0,0,0,0,0,0,0,0,0,0,0,0,0,0
1.635516881942749,-1.0,0.0,0.0,-0.02441444993019104,-0.03837180137634277,0.0,0.0,-0.44889020919799805,0.08973439782857895,0.03,0,0,0,0,0,0,0,0,0,0,0,0,0,0,0,0,0,0,0,0,0
1.636716365814209,-1.0,0.0,0.0,-0.02441444993019104,-0.03837180137634277,0.0,0.0,-0.44889020919799805,0.08973439782857895,0.03,0,0,0,0,0,0,0,0,0,0,0,0,0,0,0,0,0,0,0,0,0
1.6381094455718994,-1.0,0.0,0.0,-0.02441444993019104,-0.03837180137634277,0.0,0.0,-0.44889020919799805,0.08973439782857895,0.03,0,0,0,0,0,0,0,0,0,0,0,0,0,0,0,0,0,0,0,0,0
1.6395213603973389,-1.0,0.0,0.0,-0.02441444993019104,-0.03837180137634277,0.0,0.0,-0.44889020919799805,0.08973439782857895,0.03,0,0,0,0,0,0,0,0,0,0,0,0,0,0,0,0,0,0,0,0,0
1.6408922672271729,-1.0,0.0,0.0,-0.02441444993019104,-0.03837180137634277,0.0,0.0,-0.44889020919799805,0.08973439782857895,0.03,0,0,0,0,0,0,0,0,0,0,0,0,0,0,0,0,0,0,0,0,0
1.647024393081665,-1.0,0.0,0.0,-0.024648666381835938,-0.03839603066444397,0.0,0.0,0.13242457807064056,0.029813729226589203,0.03,0,0,0,0,0,0,0,0,0,0,0,0,0,0,0,0,0,0,0,0,0
1.648799180984497,-1.0,0.0,0.0,-0.024305880069732666,-0.03837171196937561,0.0,0.0,-0.4870648980140686,0.06482882797718048,0.03,0,0,0,0,0,0,0,0,0,0,0,0,0,0,0,0,0,0,0,0,0
1.6515240669250488,-1.0,0.0,0.0,-0.024305880069732666,-0.03837171196937561,0.0,0.0,-0.4870648980140686,0.06482882797718048,0.03,0,0,0,0,0,0,0,0,0,0,0,0,0,0,0,0,0,0,0,0,0
1.6527836322784424,-1.0,0.0,0.0,-0.02469351887702942,-0.038591474294662476,0.0,0.0,0.20550869405269623,-0.15508697926998138,0.03,0,0,0,0,0,0,0,0,0,0,0,0,0,0,0,0,0,0,0,0,0
1.6540286540985107,-1.0,0.0,0.0,-0.02469351887702942,-0.038591474294662476,0.0,0.0,0.20550869405269623,-0.15508697926998138,0.03,0,0,0,0,0,0,0,0,0,0,0,0,0,0,0,0,0,0,0,0,0
1.6552014350891113,-1.0,0.0,0.0,-0.02469351887702942,-0.038591474294662476,0.0,0.0,0.20550869405269623,-0.15508697926998138,0.03,0,0,0,0,0,0,0,0,0,0,0,0,0,0,0,0,0,0,0,0,0
1.656339168548584,-1.0,0.0,0.0,-0.02469351887702942,-0.038591474294662476,0.0,0.0,0.20550869405269623,-0.15508697926998138,0.03,0,0,0,0,0,0,0,0,0,0,0,0,0,0,0,0,0,0,0,0,0
1.6586618423461914,-1.0,0.0,0.0,-0.02469351887702942,-0.038591474294662476,0.0,0.0,0.20550869405269623,-0.15508697926998138,0.03,0,0,0,0,0,0,0,0,0,0,0,0,0,0,0,0,0,0,0,0,0
1.660489559173584,-1.0,0.0,0.0,-0.02469351887702942,-0.038591474294662476,0.0,0.0,0.20550869405269623,-0.15508697926998138,0.03,0,0,0,0,0,0,0,0,0,0,0,0,0,0,0,0,0,0,0,0,0
1.661696434020996,-1.0,0.0,0.0,-0.02469351887702942,-0.038591474294662476,0.0,0.0,0.20550869405269623,-0.15508697926998138,0.03,0,0,0,0,0,0,0,0,0,0,0,0,0,0,0,0,0,0,0,0,0
1.6628589630126953,-1.0,0.0,0.0,-0.02469351887702942,-0.038591474294662476,0.0,0.0,0.20550869405269623,-0.15508697926998138,0.03,0,0,0,0,0,0,0,0,0,0,0,0,0,0,0,0,0,0,0,0,0
1.664053201675415,-1.0,0.0,0.0,-0.02469351887702942,-0.038591474294662476,0.0,0.0,0.20550869405269623,-0.15508697926998138,0.03,0,0,0,0,0,0,0,0,0,0,0,0,0,0,0,0,0,0,0,0,0
1.6659607887268066,-1.0,0.0,0.0,-0.02469351887702942,-0.038591474294662476,0.0,0.0,0.20550869405269623,-0.15508697926998138,0.03,0,0,0,0,0,0,0,0,0,0,0,0,0,0,0,0,0,0,0,0,0
1.6688838005065918,-1.0,0.0,0.0,-0.02469351887702942,-0.038591474294662476,0.0,0.0,0.20550869405269623,-0.15508697926998138,0.03,0,0,0,0,0,0,0,0,0,0,0,0,0,0,0,0,0,0,0,0,0
1.6702051162719727,-1.0,0.0,0.0,-0.02469351887702942,-0.038591474294662476,0.0,0.0,0.20550869405269623,-0.15508697926998138,0.03,0,0,0,0,0,0,0,0,0,0,0,0,0,0,0,0,0,0,0,0,0
1.6712989807128906,-1.0,0.0,0.0,-0.02469351887702942,-0.038591474294662476,0.0,0.0,0.20550869405269623,-0.15508697926998138,0.03,0,0,0,0,0,0,0,0,0,0,0,0,0,0,0,0,0,0,0,0,0
1.6724400520324707,-1.0,0.0,0.0,-0.02469351887702942,-0.038591474294662476,0.0,0.0,0.20550869405269623,-0.15508697926998138,0.03,0,0,0,0,0,0,0,0,0,0,0,0,0,0,0,0,0,0,0,0,0
1.6735985279083252,-1.0,0.0,0.0,-0.02469351887702942,-0.038591474294662476,0.0,0.0,0.20550869405269623,-0.15508697926998138,0.03,0,0,0,0,0,0,0,0,0,0,0,0,0,0,0,0,0,0,0,0,0
1.675062894821167,-1.0,0.0,0.0,-0.02469351887702942,-0.038591474294662476,0.0,0.0,0.20550869405269623,-0.15508697926998138,0.03,0,0,0,0,0,0,0,0,0,0,0,0,0,0,0,0,0,0,0,0,0
1.6766748428344727,-1.0,0.0,0.0,-0.02469351887702942,-0.038591474294662476,0.0,0.0,0.20550869405269623,-0.15508697926998138,0.03,0,0,0,0,0,0,0,0,0,0,0,0,0,0,0,0,0,0,0,0,0
1.6780900955200195,-1.0,0.0,0.0,-0.02469351887702942,-0.038591474294662476,0.0,0.0,0.20550869405269623,-0.15508697926998138,0.03,0,0,0,0,0,0,0,0,0,0,0,0,0,0,0,0,0,0,0,0,0
1.680556297302246,-1.0,0.0,0.0,-0.02469351887702942,-0.038591474294662476,0.0,0.0,0.20550869405269623,-0.15508697926998138,0.03,0,0,0,0,0,0,0,0,0,0,0,0,0,0,0,0,0,0,0,0,0
1.6820728778839111,-1.0,0.0,0.0,-0.02469351887702942,-0.038591474294662476,0.0,0.0,0.20550869405269623,-0.15508697926998138,0.03,0,0,0,0,0,0,0,0,0,0,0,0,0,0,0,0,0,0,0,0,0
1.6853516101837158,-1.0,0.0,0.0,-0.02469351887702942,-0.038591474294662476,0.0,0.0,0.20550869405269623,-0.15508697926998138,0.03,0,0,0,0,0,0,0,0,0,0,0,0,0,0,0,0,0,0,0,0,0
1.6871058940887451,-1.0,0.0,0.0,-0.02469351887702942,-0.038591474294662476,0.0,0.0,0.20550869405269623,-0.15508697926998138,0.03,0,0,0,0,0,0,0,0,0,0,0,0,0,0,0,0,0,0,0,0,0
1.6885745525360107,-1.0,0.0,0.0,-0.02469351887702942,-0.038591474294662476,0.0,0.0,0.20550869405269623,-0.15508697926998138,0.03,0,0,0,0,0,0,0,0,0,0,0,0,0,0,0,0,0,0,0,0,0
1.6904420852661133,-1.0,0.0,0.0,-0.02469351887702942,-0.038591474294662476,0.0,0.0,0.20550869405269623,-0.15508697926998138,0.03,0,0,0,0,0,0,0,0,0,0,0,0,0,0,0,0,0,0,0,0,0
1.6916451454162598,-1.0,0.0,0.0,-0.02469351887702942,-0.038591474294662476,0.0,0.0,0.20550869405269623,-0.15508697926998138,0.03,0,0,0,0,0,0,0,0,0,0,0,0,0,0,0,0,0,0,0,0,0
1.6927928924560547,-1.0,0.0,0.0,-0.02469351887702942,-0.038591474294662476,0.0,0.0,0.20550869405269623,-0.15508697926998138,0.03,0,0,0,0,0,0,0,0,0,0,0,0,0,0,0,0,0,0,0,0,0
1.6940717697143555,-1.0,0.0,0.0,-0.02469351887702942,-0.038591474294662476,0.0,0.0,0.20550869405269623,-0.15508697926998138,0.03,0,0,0,0,0,0,0,0,0,0,0,0,0,0,0,0,0,0,0,0,0
1.695317029953003,-1.0,0.0,0.0,-0.02469351887702942,-0.038591474294662476,0.0,0.0,0.20550869405269623,-0.15508697926998138,0.03,0,0,0,0,0,0,0,0,0,0,0,0,0,0,0,0,0,0,0,0,0
1.6964428424835205,-1.0,0.0,0.0,-0.02469351887702942,-0.038591474294662476,0.0,0.0,0.20550869405269623,-0.15508697926998138,0.03,0,0,0,0,0,0,0,0,0,0,0,0,0,0,0,0,0,0,0,0,0
1.697556495666504,-1.0,0.0,0.0,-0.02469351887702942,-0.038591474294662476,0.0,0.0,0.20550869405269623,-0.15508697926998138,0.03,0,0,0,0,0,0,0,0,0,0,0,0,0,0,0,0,0,0,0,0,0
1.698744535446167,-1.0,0.0,0.0,-0.02469351887702942,-0.038591474294662476,0.0,0.0,0.20550869405269623,-0.15508697926998138,0.03,0,0,0,0,0,0,0,0,0,0,0,0,0,0,0,0,0,0,0,0,0
1.7020797729492188,-1.0,0.0,0.0,-0.02469351887702942,-0.038591474294662476,0.0,0.0,0.20550869405269623,-0.15508697926998138,0.03,0,0,0,0,0,0,0,0,0,0,0,0,0,0,0,0,0,0,0,0,0
1.7031638622283936,-1.0,0.0,0.0,-0.02469351887702942,-0.038591474294662476,0.0,0.0,0.20550869405269623,-0.15508697926998138,0.03,0,0,0,0,0,0,0,0,0,0,0,0,0,0,0,0,0,0,0,0,0
1.7042832374572754,-1.0,0.0,0.0,-0.02469351887702942,-0.038591474294662476,0.0,0.0,0.20550869405269623,-0.15508697926998138,0.03,0,0,0,0,0,0,0,0,0,0,0,0,0,0,0,0,0,0,0,0,0
1.7057969570159912,-1.0,0.0,0.0,-0.02469351887702942,-0.038591474294662476,0.0,0.0,0.20550869405269623,-0.15508697926998138,0.03,0,0,0,0,0,0,0,0,0,0,0,0,0,0,0,0,0,0,0,0,0
1.7069697380065918,-1.0,0.0,0.0,-0.02469351887702942,-0.038591474294662476,0.0,0.0,0.20550869405269623,-0.15508697926998138,0.03,0,0,0,0,0,0,0,0,0,0,0,0,0,0,0,0,0,0,0,0,0
1.7082560062408447,-1.0,0.0,0.0,-0.02469351887702942,-0.038591474294662476,0.0,0.0,0.20550869405269623,-0.15508697926998138,0.03,0,0,0,0,0,0,0,0,0,0,0,0,0,0,0,0,0,0,0,0,0
1.712242603302002,-1.0,0.0,0.0,-0.02469351887702942,-0.038591474294662476,0.0,0.0,0.20550869405269623,-0.15508697926998138,0.03,0,0,0,0,0,0,0,0,0,0,0,0,0,0,0,0,0,0,0,0,0
1.7149152755737305,-1.0,0.0,0.0,-0.02453210949897766,-0.03867039084434509,0.0,0.0,-0.4715356230735779,-0.10978695005178452,0.03,0,0,0,0,0,0,0,0,0,0,0,0,0,0,0,0,0,0,0,0,0
1.7160115242004395,-1.0,0.0,0.0,-0.02453210949897766,-0.03867039084434509,0.0,0.0,-0.4715356230735779,-0.10978695005178452,0.03,0,0,0,0,0,0,0,0,0,0,0,0,0,0,0,0,0,0,0,0,0
1.7182483673095703,-1.0,0.0,0.0,-0.024613797664642334,-0.03855478763580322,0.0,0.0,0.14018192887306213,-0.05855865031480789,0.03,0,0,0,0,0,0,0,0,0,0,0,0,0,0,0,0,0,0,0,0,0
1.719346523284912,-1.0,0.0,0.0,-0.024613797664642334,-0.03855478763580322,0.0,0.0,0.14018192887306213,-0.05855865031480789,0.03,0,0,0,0,0,0,0,0,0,0,0,0,0,0,0,0,0,0,0,0,0
1.7204687595367432,-1.0,0.0,0.0,-0.024613797664642334,-0.03855478763580322,0.0,0.0,0.14018192887306213,-0.05855865031480789,0.03,0,0,0,0,0,0,0,0,0,0,0,0,0,0,0,0,0,0,0,0,0
1.721574068069458,-1.0,0.0,0.0,-0.024613797664642334,-0.03855478763580322,0.0,0.0,0.14018192887306213,-0.05855865031480789,0.03,0,0,0,0,0,0,0,0,0,0,0,0,0,0,0,0,0,0,0,0,0
1.7227728366851807,-1.0,0.0,0.0,-0.024613797664642334,-0.03855478763580322,0.0,0.0,0.14018192887306213,-0.05855865031480789,0.03,0,0,0,0,0,0,0,0,0,0,0,0,0,0,0,0,0,0,0,0,0
1.7238564491271973,-1.0,0.0,0.0,-0.024613797664642334,-0.03855478763580322,0.0,0.0,0.14018192887306213,-0.05855865031480789,0.03,0,0,0,0,0,0,0,0,0,0,0,0,0,0,0,0,0,0,0,0,0
1.7257418632507324,-1.0,0.0,0.0,-0.024613797664642334,-0.03855478763580322,0.0,0.0,0.14018192887306213,-0.05855865031480789,0.03,0,0,0,0,0,0,0,0,0,0,0,0,0,0,0,0,0,0,0,0,0
1.7276782989501953,-1.0,0.0,0.0,-0.024613797664642334,-0.03855478763580322,0.0,0.0,0.14018192887306213,-0.05855865031480789,0.03,0,0,0,0,0,0,0,0,0,0,0,0,0,0,0,0,0,0,0,0,0
1.7292702198028564,-1.0,0.0,0.0,-0.024613797664642334,-0.03855478763580322,0.0,0.0,0.14018192887306213,-0.05855865031480789,0.03,0,0,0,0,0,0,0,0,0,0,0,0,0,0,0,0,0,0,0,0,0
1.7305471897125244,-1.0,0.0,0.0,-0.024613797664642334,-0.03855478763580322,0.0,0.0,0.14018192887306213,-0.05855865031480789,0.03,0,0,0,0,0,0,0,0,0,0,0,0,0,0,0,0,0,0,0,0,0
1.732023000717163,-1.0,0.0,0.0,-0.024613797664642334,-0.03855478763580322,0.0,0.0,0.14018192887306213,-0.05855865031480789,0.03,0,0,0,0,0,0,0,0,0,0,0,0,0,0,0,0,0,0,0,0,0
1.7335505485534668,-1.0,0.0,0.0,-0.024613797664642334,-0.03855478763580322,0.0,0.0,0.14018192887306213,-0.05855865031480789,0.03,0,0,0,0,0,0,0,0,0,0,0,0,0,0,0,0,0,0,0,0,0
1.7351906299591064,-1.0,0.0,0.0,-0.024343222379684448,-0.038614511489868164,0.0,0.0,-0.5512575507164001,0.0003852960071526468,0.03,0,0,0,0,0,0,0,0,0,0,0,0,0,0,0,0,0,0,0,0,0
1.7363085746765137,-1.0,0.0,0.0,-0.024343222379684448,-0.038614511489868164,0.0,0.0,-0.5512575507164001,0.0003852960071526468,0.03,0,0,0,0,0,0,0,0,0,0,0,0,0,0,0,0,0,0,0,0,0
1.7385804653167725,-1.0,0.0,0.0,-0.024343222379684448,-0.038614511489868164,0.0,0.0,-0.5512575507164001,0.0003852960071526468,0.03,0,0,0,0,0,0,0,0,0,0,0,0,0,0,0,0,0,0,0,0,0
1.7402048110961914,-1.0,0.0,0.0,-0.02461126446723938,-0.0385003387928009,0.0,0.0,0.08582799136638641,-0.036289032548666,0.03,0,0,0,0,0,0,0,0,0,0,0,0,0,0,0,0,0,0,0,0,0
1.7413833141326904,-1.0,0.0,0.0,-0.02461126446723938,-0.0385003387928009,0.0,0.0,0.08582799136638641,-0.036289032548666,0.03,0,0,0,0,0,0,0,0,0,0,0,0,0,0,0,0,0,0,0,0,0
1.7427217960357666,-1.0,0.0,0.0,-0.02461126446723938,-0.0385003387928009,0.0,0.0,0.08582799136638641,-0.036289032548666,0.03,0,0,0,0,0,0,0,0,0,0,0,0,0,0,0,0,0,0,0,0,0
1.7441151142120361,-1.0,0.0,0.0,-0.02461126446723938,-0.0385003387928009,0.0,0.0,0.08582799136638641,-0.036289032548666,0.03,0,0,0,0,0,0,0,0,0,0,0,0,0,0,0,0,0,0,0,0,0
1.745392084121704,-1.0,0.0,0.0,-0.02461126446723938,-0.0385003387928009,0.0,0.0,0.08582799136638641,-0.036289032548666,0.03,0,0,0,0,0,0,0,0,0,0,0,0,0,0,0,0,0,0,0,0,0
1.746462345123291,-1.0,0.0,0.0,-0.02461126446723938,-0.0385003387928009,0.0,0.0,0.08582799136638641,-0.036289032548666,0.03,0,0,0,0,0,0,0,0,0,0,0,0,0,0,0,0,0,0,0,0,0
1.7475864887237549,-1.0,0.0,0.0,-0.02461126446723938,-0.0385003387928009,0.0,0.0,0.08582799136638641,-0.036289032548666,0.03,0,0,0,0,0,0,0,0,0,0,0,0,0,0,0,0,0,0,0,0,0
1.7487993240356445,-1.0,0.0,0.0,-0.02461126446723938,-0.0385003387928009,0.0,0.0,0.08582799136638641,-0.036289032548666,0.03,0,0,0,0,0,0,0,0,0,0,0,0,0,0,0,0,0,0,0,0,0
1.7502000331878662,-1.0,0.0,0.0,-0.02461126446723938,-0.0385003387928009,0.0,0.0,0.08582799136638641,-0.036289032548666,0.03,0,0,0,0,0,0,0,0,0,0,0,0,0,0,0,0,0,0,0,0,0
1.7517518997192383,-1.0,0.0,0.0,-0.02461126446723938,-0.0385003387928009,0.0,0.0,0.08582799136638641,-0.036289032548666,0.03,0,0,0,0,0,0,0,0,0,0,0,0,0,0,0,0,0,0,0,0,0
1.7532453536987305,-1.0,0.0,0.0,-0.02461126446723938,-0.0385003387928009,0.0,0.0,0.08582799136638641,-0.036289032548666,0.03,0,0,0,0,0,0,0,0,0,0,0,0,0,0,0,0,0,0,0,0,0
1.755357265472412,-1.0,0.0,0.0,-0.02461126446723938,-0.0385003387928009,0.0,0.0,0.08582799136638641,-0.036289032548666,0.03,0,0,0,0,0,0,0,0,0,0,0,0,0,0,0,0,0,0,0,0,0
1.7567412853240967,-1.0,0.0,0.0,-0.02461126446723938,-0.0385003387928009,0.0,0.0,0.08582799136638641,-0.036289032548666,0.03,0,0,0,0,0,0,0,0,0,0,0,0,0,0,0,0,0,0,0,0,0
1.757948637008667,-1.0,0.0,0.0,-0.02461126446723938,-0.0385003387928009,0.0,0.0,0.08582799136638641,-0.036289032548666,0.03,0,0,0,0,0,0,0,0,0,0,0,0,0,0,0,0,0,0,0,0,0
1.7590913772583008,-1.0,0.0,0.0,-0.02461126446723938,-0.0385003387928009,0.0,0.0,0.08582799136638641,-0.036289032548666,0.03,0,0,0,0,0,0,0,0,0,0,0,0,0,0,0,0,0,0,0,0,0
1.7601532936096191,-1.0,0.0,0.0,-0.02461126446723938,-0.0385003387928009,0.0,0.0,0.08582799136638641,-0.036289032548666,0.03,0,0,0,0,0,0,0,0,0,0,0,0,0,0,0,0,0,0,0,0,0
1.7628142833709717,-1.0,0.0,0.0,-0.02461126446723938,-0.0385003387928009,0.0,0.0,0.08582799136638641,-0.036289032548666,0.03,0,0,0,0,0,0,0,0,0,0,0,0,0,0,0,0,0,0,0,0,0
1.7639257907867432,-1.0,0.0,0.0,-0.02461126446723938,-0.0385003387928009,0.0,0.0,0.08582799136638641,-0.036289032548666,0.03,0,0,0,0,0,0,0,0,0,0,0,0,0,0,0,0,0,0,0,0,0
1.7651336193084717,-1.0,0.0,0.0,-0.02461126446723938,-0.0385003387928009,0.0,0.0,0.08582799136638641,-0.036289032548666,0.03,0,0,0,0,0,0,0,0,0,0,0,0,0,0,0,0,0,0,0,0,0
1.766693115234375,-1.0,0.0,0.0,-0.02461126446723938,-0.0385003387928009,0.0,0.0,0.08582799136638641,-0.036289032548666,0.03,0,0,0,0,0,0,0,0,0,0,0,0,0,0,0,0,0,0,0,0,0
1.7677783966064453,-1.0,0.0,0.0,-0.02461126446723938,-0.0385003387928009,0.0,0.0,0.08582799136638641,-0.036289032548666,0.03,0,0,0,0,0,0,0,0,0,0,0,0,0,0,0,0,0,0,0,0,0
1.7688689231872559,-1.0,0.0,0.0,-0.02461126446723938,-0.0385003387928009,0.0,0.0,0.08582799136638641,-0.036289032548666,0.03,0,0,0,0,0,0,0,0,0,0,0,0,0,0,0,0,0,0,0,0,0
1.7716073989868164,-1.0,0.0,0.0,-0.02461126446723938,-0.0385003387928009,0.0,0.0,0.08582799136638641,-0.036289032548666,0.03,0,0,0,0,0,0,0,0,0,0,0,0,0,0,0,0,0,0,0,0,0
1.773202657699585,-1.0,0.0,0.0,-0.02461126446723938,-0.0385003387928009,0.0,0.0,0.08582799136638641,-0.036289032548666,0.03,0,0,0,0,0,0,0,0,0,0,0,0,0,0,0,0,0,0,0,0,0
1.774355411529541,-1.0,0.0,0.0,-0.02461126446723938,-0.0385003387928009,0.0,0.0,0.08582799136638641,-0.036289032548666,0.03,0,0,0,0,0,0,0,0,0,0,0,0,0,0,0,0,0,0,0,0,0
1.7773640155792236,-1.0,0.0,0.0,-0.02461126446723938,-0.0385003387928009,0.0,0.0,0.08582799136638641,-0.036289032548666,0.03,0,0,0,0,0,0,0,0,0,0,0,0,0,0,0,0,0,0,0,0,0
1.7790946960449219,-1.0,0.0,0.0,-0.02461126446723938,-0.0385003387928009,0.0,0.0,0.08582799136638641,-0.036289032548666,0.03,0,0,0,0,0,0,0,0,0,0,0,0,0,0,0,0,0,0,0,0,0
1.7801973819732666,-1.0,0.0,0.0,-0.02461126446723938,-0.0385003387928009,0.0,0.0,0.08582799136638641,-0.036289032548666,0.03,0,0,0,0,0,0,0,0,0,0,0,0,0,0,0,0,0,0,0,0,0
1.7816650867462158,-1.0,0.0,0.0,-0.02461126446723938,-0.0385003387928009,0.0,0.0,0.08582799136638641,-0.036289032548666,0.03,0,0,0,0,0,0,0,0,0,0,0,0,0,0,0,0,0,0,0,0,0
1.782836675643921,-1.0,0.0,0.0,-0.02461126446723938,-0.0385003387928009,0.0,0.0,0.08582799136638641,-0.036289032548666,0.03,0,0,0,0,0,0,0,0,0,0,0,0,0,0,0,0,0,0,0,0,0
1.7839930057525635,-1.0,0.0,0.0,-0.02461126446723938,-0.0385003387928009,0.0,0.0,0.08582799136638641,-0.036289032548666,0.03,0,0,0,0,0,0,0,0,0,0,0,0,0,0,0,0,0,0,0,0,0
1.7850909233093262,-1.0,0.0,0.0,-0.02461126446723938,-0.0385003387928009,0.0,0.0,0.08582799136638641,-0.036289032548666,0.03,0,0,0,0,0,0,0,0,0,0,0,0,0,0,0,0,0,0,0,0,0
1.7862238883972168,-1.0,0.0,0.0,-0.02461126446723938,-0.0385003387928009,0.0,0.0,0.08582799136638641,-0.036289032548666,0.03,0,0,0,0,0,0,0,0,0,0,0,0,0,0,0,0,0,0,0,0,0
1.7873265743255615,-1.0,0.0,0.0,-0.02461126446723938,-0.0385003387928009,0.0,0.0,0.08582799136638641,-0.036289032548666,0.03,0,0,0,0,0,0,0,0,0,0,0,0,0,0,0,0,0,0,0,0,0
1.788599967956543,-1.0,0.0,0.0,-0.02461126446723938,-0.0385003387928009,0.0,0.0,0.08582799136638641,-0.036289032548666,0.03,0,0,0,0,0,0,0,0,0,0,0,0,0,0,0,0,0,0,0,0,0
1.7897682189941406,-1.0,0.0,0.0,-0.02461126446723938,-0.0385003387928009,0.0,0.0,0.08582799136638641,-0.036289032548666,0.03,0,0,0,0,0,0,0,0,0,0,0,0,0,0,0,0,0,0,0,0,0
1.7922112941741943,-1.0,0.0,0.0,-0.024371862411499023,-0.03851288557052612,0.0,0.0,-0.6172799468040466,0.03194158524274826,0.03,0,0,0,0,0,0,0,0,0,0,0,0,0,0,0,0,0,0,0,0,0
1.7939157485961914,-1.0,0.0,0.0,-0.024592936038970947,-0.038469403982162476,0.0,0.0,0.09836999326944351,0.03643928840756416,0.03,0,0,0,0,0,0,0,0,0,0,0,0,0,0,0,0,0,0,0,0,0
1.7951710224151611,-1.0,0.0,0.0,-0.025005191564559937,-0.03853914141654968,0.0,0.0,0.3775232434272766,-0.09587696939706802,0.03,0,0,0,0,0,0,0,0,0,0,0,0,0,0,0,0,0,0,0,0,0
1.7963054180145264,-1.0,0.0,0.0,-0.025005191564559937,-0.03853914141654968,0.0,0.0,0.3775232434272766,-0.09587696939706802,0.03,0,0,0,0,0,0,0,0,0,0,0,0,0,0,0,0,0,0,0,0,0
1.7975080013275146,-1.0,0.0,0.0,-0.025005191564559937,-0.03853914141654968,0.0,0.0,0.3775232434272766,-0.09587696939706802,0.03,0,0,0,0,0,0,0,0,0,0,0,0,0,0,0,0,0,0,0,0,0
1.7987916469573975,-1.0,0.0,0.0,-0.025005191564559937,-0.03853914141654968,0.0,0.0,0.3775232434272766,-0.09587696939706802,0.03,0,0,0,0,0,0,0,0,0,0,0,0,0,0,0,0,0,0,0,0,0
1.7999627590179443,-1.0,0.0,0.0,-0.025005191564559937,-0.03853914141654968,0.0,0.0,0.3775232434272766,-0.09587696939706802,0.03,0,0,0,0,0,0,0,0,0,0,0,0,0,0,0,0,0,0,0,0,0
1.8012373447418213,-1.0,0.0,0.0,-0.025005191564559937,-0.03853914141654968,0.0,0.0,0.3775232434272766,-0.09587696939706802,0.03,0,0,0,0,0,0,0,0,0,0,0,0,0,0,0,0,0,0,0,0,0
1.8023045063018799,-1.0,0.0,0.0,-0.025005191564559937,-0.03853914141654968,0.0,0.0,0.3775232434272766,-0.09587696939706802,0.03,0,0,0,0,0,0,0,0,0,0,0,0,0,0,0,0,0,0,0,0,0
1.8034143447875977,-1.0,0.0,0.0,-0.025005191564559937,-0.03853914141654968,0.0,0.0,0.3775232434272766,-0.09587696939706802,0.03,0,0,0,0,0,0,0,0,0,0,0,0,0,0,0,0,0,0,0,0,0
1.8047599792480469,-1.0,0.0,0.0,-0.025005191564559937,-0.03853914141654968,0.0,0.0,0.3775232434272766,-0.09587696939706802,0.03,0,0,0,0,0,0,0,0,0,0,0,0,0,0,0,0,0,0,0,0,0
1.807809591293335,-1.0,0.0,0.0,-0.025005191564559937,-0.03853914141654968,0.0,0.0,0.3775232434272766,-0.09587696939706802,0.03,0,0,0,0,0,0,0,0,0,0,0,0,0,0,0,0,0,0,0,0,0
1.8093767166137695,-1.0,0.0,0.0,-0.025005191564559937,-0.03853914141654968,0.0,0.0,0.3775232434272766,-0.09587696939706802,0.03,0,0,0,0,0,0,0,0,0,0,0,0,0,0,0,0,0,0,0,0,0
1.8114192485809326,-1.0,0.0,0.0,-0.025005191564559937,-0.03853914141654968,0.0,0.0,0.3775232434272766,-0.09587696939706802,0.03,0,0,0,0,0,0,0,0,0,0,0,0,0,0,0,0,0,0,0,0,0
1.8128798007965088,-1.0,0.0,0.0,-0.025005191564559937,-0.03853914141654968,0.0,0.0,0.3775232434272766,-0.09587696939706802,0.03,0,0,0,0,0,0,0,0,0,0,0,0,0,0,0,0,0,0,0,0,0
1.8143329620361328,-1.0,0.0,0.0,-0.025005191564559937,-0.03853914141654968,0.0,0.0,0.3775232434272766,-0.09587696939706802,0.03,0,0,0,0,0,0,0,0,0,0,0,0,0,0,0,0,0,0,0,0,0
1.815537452697754,-1.0,0.0,0.0,-0.025005191564559937,-0.03853914141654968,0.0,0.0,0.3775232434272766,-0.09587696939706802,0.03,0,0,0,0,0,0,0,0,0,0,0,0,0,0,0,0,0,0,0,0,0
1.8172047138214111,-1.0,0.0,0.0,-0.02441650629043579,-0.03846931457519531,0.0,0.0,-0.44215482473373413,0.12419982254505157,0.03,0,0,0,0,0,0,0,0,0,0,0,0,0,0,0,0,0,0,0,0,0
1.8188562393188477,-1.0,0.0,0.0,-0.02441650629043579,-0.03846931457519531,0.0,0.0,-0.44215482473373413,0.12419982254505157,0.03,0,0,0,0,0,0,0,0,0,0,0,0,0,0,0,0,0,0,0,0,0
1.8201301097869873,-1.0,0.0,0.0,-0.02441650629043579,-0.03846931457519531,0.0,0.0,-0.44215482473373413,0.12419982254505157,0.03,0,0,0,0,0,0,0,0,0,0,0,0,0,0,0,0,0,0,0,0,0
1.8212831020355225,-1.0,0.0,0.0,-0.025008201599121094,-0.03858211636543274,0.0,0.0,0.2285715788602829,-0.1577553004026413,0.03,0,0,0,0,0,0,0,0,0,0,0,0,0,0,0,0,0,0,0,0,0
1.8229079246520996,-1.0,0.0,0.0,-0.024664968252182007,-0.03842782974243164,0.0,0.0,0.08917241543531418,0.09058617055416107,0.03,0,0,0,0,0,0,0,0,0,0,0,0,0,0,0,0,0,0,0,0,0
1.8246581554412842,-1.0,0.0,0.0,-0.024664968252182007,-0.03842782974243164,0.0,0.0,0.08917241543531418,0.09058617055416107,0.03,0,0,0,0,0,0,0,0,0,0,0,0,0,0,0,0,0,0,0,0,0
1.8277406692504883,-1.0,0.0,0.0,-0.024664968252182007,-0.03842782974243164,0.0,0.0,0.08917241543531418,0.09058617055416107,0.03,0,0,0,0,0,0,0,0,0,0,0,0,0,0,0,0,0,0,0,0,0
1.8291373252868652,-1.0,0.0,0.0,-0.025185972452163696,-0.03862649202346802,0.0,0.0,0.445631206035614,-0.15339048206806183,0.03,0,0,0,0,0,0,0,0,0,0,0,0,0,0,0,0,0,0,0,0,0
1.8302197456359863,-1.0,0.0,0.0,-0.025185972452163696,-0.03862649202346802,0.0,0.0,0.445631206035614,-0.15339048206806183,0.03,0,0,0,0,0,0,0,0,0,0,0,0,0,0,0,0,0,0,0,0,0
1.8315553665161133,-1.0,0.0,0.0,-0.025185972452163696,-0.03862649202346802,0.0,0.0,0.445631206035614,-0.15339048206806183,0.03,0,0,0,0,0,0,0,0,0,0,0,0,0,0,0,0,0,0,0,0,0
1.8327767848968506,-1.0,0.0,0.0,-0.025185972452163696,-0.03862649202346802,0.0,0.0,0.445631206035614,-0.15339048206806183,0.03,0,0,0,0,0,0,0,0,0,0,0,0,0,0,0,0,0,0,0,0,0
1.8339314460754395,-1.0,0.0,0.0,-0.025185972452163696,-0.03862649202346802,0.0,0.0,0.445631206035614,-0.15339048206806183,0.03,0,0,0,0,0,0,0,0,0,0,0,0,0,0,0,0,0,0,0,0,0
1.8350746631622314,-1.0,0.0,0.0,-0.025185972452163696,-0.03862649202346802,0.0,0.0,0.445631206035614,-0.15339048206806183,0.03,0,0,0,0,0,0,0,0,0,0,0,0,0,0,0,0,0,0,0,0,0
1.836331844329834,-1.0,0.0,0.0,-0.025185972452163696,-0.03862649202346802,0.0,0.0,0.445631206035614,-0.15339048206806183,0.03,0,0,0,0,0,0,0,0,0,0,0,0,0,0,0,0,0,0,0,0,0
1.8377692699432373,-1.0,0.0,0.0,-0.025185972452163696,-0.03862649202346802,0.0,0.0,0.445631206035614,-0.15339048206806183,0.03,0,0,0,0,0,0,0,0,0,0,0,0,0,0,0,0,0,0,0,0,0
1.8389990329742432,-1.0,0.0,0.0,-0.025185972452163696,-0.03862649202346802,0.0,0.0,0.445631206035614,-0.15339048206806183,0.03,0,0,0,0,0,0,0,0,0,0,0,0,0,0,0,0,0,0,0,0,0
1.8401381969451904,-1.0,0.0,0.0,-0.025185972452163696,-0.03862649202346802,0.0,0.0,0.445631206035614,-0.15339048206806183,0.03,0,0,0,0,0,0,0,0,0,0,0,0,0,0,0,0,0,0,0,0,0
1.841625690460205,-1.0,0.0,0.0,-0.02489599585533142,-0.03850880265235901,0.0,0.0,-0.06629156321287155,0.015115529298782349,0.03,0,0,0,0,0,0,0,0,0,0,0,0,0,0,0,0,0,0,0,0,0
1.8427515029907227,-1.0,0.0,0.0,-0.02489599585533142,-0.03850880265235901,0.0,0.0,-0.06629156321287155,0.015115529298782349,0.03,0,0,0,0,0,0,0,0,0,0,0,0,0,0,0,0,0,0,0,0,0
1.843851089477539,-1.0,0.0,0.0,-0.02489599585533142,-0.03850880265235901,0.0,0.0,-0.06629156321287155,0.015115529298782349,0.03,0,0,0,0,0,0,0,0,0,0,0,0,0,0,0,0,0,0,0,0,0
1.8449358940124512,-1.0,0.0,0.0,-0.02489599585533142,-0.03850880265235901,0.0,0.0,-0.06629156321287155,0.015115529298782349,0.03,0,0,0,0,0,0,0,0,0,0,0,0,0,0,0,0,0,0,0,0,0
1.846440076828003,-1.0,0.0,0.0,-0.02489599585533142,-0.03850880265235901,0.0,0.0,-0.06629156321287155,0.015115529298782349,0.03,0,0,0,0,0,0,0,0,0,0,0,0,0,0,0,0,0,0,0,0,0
1.8476676940917969,-1.0,0.0,0.0,-0.02489599585533142,-0.03850880265235901,0.0,0.0,-0.06629156321287155,0.015115529298782349,0.03,0,0,0,0,0,0,0,0,0,0,0,0,0,0,0,0,0,0,0,0,0
1.8494513034820557,-1.0,0.0,0.0,-0.02489599585533142,-0.03850880265235901,0.0,0.0,-0.06629156321287155,0.015115529298782349,0.03,0,0,0,0,0,0,0,0,0,0,0,0,0,0,0,0,0,0,0,0,0
1.8506155014038086,-1.0,0.0,0.0,-0.02489599585533142,-0.03850880265235901,0.0,0.0,-0.06629156321287155,0.015115529298782349,0.03,0,0,0,0,0,0,0,0,0,0,0,0,0,0,0,0,0,0,0,0,0
1.852142572402954,-1.0,0.0,0.0,-0.02489599585533142,-0.03850880265235901,0.0,0.0,-0.06629156321287155,0.015115529298782349,0.03,0,0,0,0,0,0,0,0,0,0,0,0,0,0,0,0,0,0,0,0,0
1.853468894958496,-1.0,0.0,0.0,-0.02489599585533142,-0.03850880265235901,0.0,0.0,-0.06629156321287155,0.015115529298782349,0.03,0,0,0,0,0,0,0,0,0,0,0,0,0,0,0,0,0,0,0,0,0
1.8554458618164062,-1.0,0.0,0.0,-0.02489599585533142,-0.03850880265235901,0.0,0.0,-0.06629156321287155,0.015115529298782349,0.03,0,0,0,0,0,0,0,0,0,0,0,0,0,0,0,0,0,0,0,0,0
1.8566343784332275,-1.0,0.0,0.0,-0.02489599585533142,-0.03850880265235901,0.0,0.0,-0.06629156321287155,0.015115529298782349,0.03,0,0,0,0,0,0,0,0,0,0,0,0,0,0,0,0,0,0,0,0,0
1.8578240871429443,-1.0,0.0,0.0,-0.02489599585533142,-0.03850880265235901,0.0,0.0,-0.06629156321287155,0.015115529298782349,0.03,0,0,0,0,0,0,0,0,0,0,0,0,0,0,0,0,0,0,0,0,0
1.8591365814208984,-1.0,0.0,0.0,-0.02489599585533142,-0.03850880265235901,0.0,0.0,-0.06629156321287155,0.015115529298782349,0.03,0,0,0,0,0,0,0,0,0,0,0,0,0,0,0,0,0,0,0,0,0
1.8605601787567139,-1.0,0.0,0.0,-0.02489599585533142,-0.03850880265235901,0.0,0.0,-0.06629156321287155,0.015115529298782349,0.03,0,0,0,0,0,0,0,0,0,0,0,0,0,0,0,0,0,0,0,0,0
1.8619930744171143,-1.0,0.0,0.0,-0.02489599585533142,-0.03850880265235901,0.0,0.0,-0.06629156321287155,0.015115529298782349,0.03,0,0,0,0,0,0,0,0,0,0,0,0,0,0,0,0,0,0,0,0,0
1.8634841442108154,-1.0,0.0,0.0,-0.02489599585533142,-0.03850880265235901,0.0,0.0,-0.06629156321287155,0.015115529298782349,0.03,0,0,0,0,0,0,0,0,0,0,0,0,0,0,0,0,0,0,0,0,0
1.8654778003692627,-1.0,0.0,0.0,-0.02489599585533142,-0.03850880265235901,0.0,0.0,-0.06629156321287155,0.015115529298782349,0.03,0,0,0,0,0,0,0,0,0,0,0,0,0,0,0,0,0,0,0,0,0
1.8670191764831543,-1.0,0.0,0.0,-0.02489599585533142,-0.03850880265235901,0.0,0.0,-0.06629156321287155,0.015115529298782349,0.03,0,0,0,0,0,0,0,0,0,0,0,0,0,0,0,0,0,0,0,0,0
1.8688795566558838,-1.0,0.0,0.0,-0.02489599585533142,-0.03850880265235901,0.0,0.0,-0.06629156321287155,0.015115529298782349,0.03,0,0,0,0,0,0,0,0,0,0,0,0,0,0,0,0,0,0,0,0,0
1.870124340057373,-1.0,0.0,0.0,-0.02489599585533142,-0.03850880265235901,0.0,0.0,-0.06629156321287155,0.015115529298782349,0.03,0,0,0,0,0,0,0,0,0,0,0,0,0,0,0,0,0,0,0,0,0
1.8737306594848633,-1.0,0.0,0.0,-0.02489599585533142,-0.03850880265235901,0.0,0.0,-0.06629156321287155,0.015115529298782349,0.03,0,0,0,0,0,0,0,0,0,0,0,0,0,0,0,0,0,0,0,0,0
1.8748037815093994,-1.0,0.0,0.0,-0.02489599585533142,-0.03850880265235901,0.0,0.0,-0.06629156321287155,0.015115529298782349,0.03,0,0,0,0,0,0,0,0,0,0,0,0,0,0,0,0,0,0,0,0,0
1.876267910003662,-1.0,0.0,0.0,-0.02489599585533142,-0.03850880265235901,0.0,0.0,-0.06629156321287155,0.015115529298782349,0.03,0,0,0,0,0,0,0,0,0,0,0,0,0,0,0,0,0,0,0,0,0
1.8774182796478271,-1.0,0.0,0.0,-0.02489599585533142,-0.03850880265235901,0.0,0.0,-0.06629156321287155,0.015115529298782349,0.03,0,0,0,0,0,0,0,0,0,0,0,0,0,0,0,0,0,0,0,0,0
1.8794419765472412,-1.0,0.0,0.0,-0.02489599585533142,-0.03850880265235901,0.0,0.0,-0.06629156321287155,0.015115529298782349,0.03,0,0,0,0,0,0,0,0,0,0,0,0,0,0,0,0,0,0,0,0,0
1.8805577754974365,-1.0,0.0,0.0,-0.02489599585533142,-0.03850880265235901,0.0,0.0,-0.06629156321287155,0.015115529298782349,0.03,0,0,0,0,0,0,0,0,0,0,0,0,0,0,0,0,0,0,0,0,0
1.8816542625427246,-1.0,0.0,0.0,-0.02489599585533142,-0.03850880265235901,0.0,0.0,-0.06629156321287155,0.015115529298782349,0.03,0,0,0,0,0,0,0,0,0,0,0,0,0,0,0,0,0,0,0,0,0
1.8830835819244385,-1.0,0.0,0.0,-0.02489599585533142,-0.03850880265235901,0.0,0.0,-0.06629156321287155,0.015115529298782349,0.03,0,0,0,0,0,0,0,0,0,0,0,0,0,0,0,0,0,0,0,0,0
1.8843162059783936,-1.0,0.0,0.0,-0.02489599585533142,-0.03850880265235901,0.0,0.0,-0.06629156321287155,0.015115529298782349,0.03,0,0,0,0,0,0,0,0,0,0,0,0,0,0,0,0,0,0,0,0,0
1.8854846954345703,-1.0,0.0,0.0,-0.02489599585533142,-0.03850880265235901,0.0,0.0,-0.06629156321287155,0.015115529298782349,0.03,0,0,0,0,0,0,0,0,0,0,0,0,0,0,0,0,0,0,0,0,0
1.8865516185760498,-1.0,0.0,0.0,-0.02489599585533142,-0.03850880265235901,0.0,0.0,-0.06629156321287155,0.015115529298782349,0.03,0,0,0,0,0,0,0,0,0,0,0,0,0,0,0,0,0,0,0,0,0
1.8876371383666992,-1.0,0.0,0.0,-0.02489599585533142,-0.03850880265235901,0.0,0.0,-0.06629156321287155,0.015115529298782349,0.03,0,0,0,0,0,0,0,0,0,0,0,0,0,0,0,0,0,0,0,0,0
1.8888354301452637,-1.0,0.0,0.0,-0.02489599585533142,-0.03850880265235901,0.0,0.0,-0.06629156321287155,0.015115529298782349,0.03,0,0,0,0,0,0,0,0,0,0,0,0,0,0,0,0,0,0,0,0,0
1.889918565750122,-1.0,0.0,0.0,-0.02489599585533142,-0.03850880265235901,0.0,0.0,-0.06629156321287155,0.015115529298782349,0.03,0,0,0,0,0,0,0,0,0,0,0,0,0,0,0,0,0,0,0,0,0
1.89127779006958,-1.0,0.0,0.0,-0.02489599585533142,-0.03850880265235901,0.0,0.0,-0.06629156321287155,0.015115529298782349,0.03,0,0,0,0,0,0,0,0,0,0,0,0,0,0,0,0,0,0,0,0,0
1.8934051990509033,-1.0,0.0,0.0,-0.024825185537338257,-0.03844785690307617,0.0,0.0,-0.09782318770885468,0.1005101203918457,0.03,0,0,0,0,0,0,0,0,0,0,0,0,0,0,0,0,0,0,0,0,0
1.8962516784667969,-1.0,0.0,0.0,-0.02485889196395874,-0.03844770789146423,0.0,0.0,-0.0860084816813469,0.048763345927000046,0.03,0,0,0,0,0,0,0,0,0,0,0,0,0,0,0,0,0,0,0,0,0
1.897496223449707,-1.0,0.0,0.0,-0.025042057037353516,-0.03851702809333801,0.0,0.0,0.2503013610839844,-0.0443180687725544,0.03,0,0,0,0,0,0,0,0,0,0,0,0,0,0,0,0,0,0,0,0,0
1.9005181789398193,-1.0,0.0,0.0,-0.025042057037353516,-0.03851702809333801,0.0,0.0,0.2503013610839844,-0.0443180687725544,0.03,0,0,0,0,0,0,0,0,0,0,0,0,0,0,0,0,0,0,0,0,0
1.9054923057556152,-1.0,0.0,0.0,-0.024905890226364136,-0.03850942850112915,0.0,0.0,0.03109188936650753,0.02041279897093773,0.03,0,0,0,0,0,0,0,0,0,0,0,0,0,0,0,0,0,0,0,0,0
1.9065675735473633,-1.0,0.0,0.0,-0.024905890226364136,-0.03850942850112915,0.0,0.0,0.03109188936650753,0.02041279897093773,0.03,0,0,0,0,0,0,0,0,0,0,0,0,0,0,0,0,0,0,0,0,0
1.907752275466919,-1.0,0.0,0.0,-0.024905890226364136,-0.03850942850112915,0.0,0.0,0.03109188936650753,0.02041279897093773,0.03,0,0,0,0,0,0,0,0,0,0,0,0,0,0,0,0,0,0,0,0,0
1.9094390869140625,-1.0,0.0,0.0,-0.024905890226364136,-0.03850942850112915,0.0,0.0,0.03109188936650753,0.02041279897093773,0.03,0,0,0,0,0,0,0,0,0,0,0,0,0,0,0,0,0,0,0,0,0
1.910710334777832,-1.0,0.0,0.0,-0.024907022714614868,-0.03851059079170227,0.0,0.0,0.0545206144452095,0.0023887627758085728,0.03,0,0,0,0,0,0,0,0,0,0,0,0,0,0,0,0,0,0,0,0,0
1.912315845489502,-1.0,0.0,0.0,-0.024933308362960815,-0.038510680198669434,0.0,0.0,0.12505874037742615,-0.014780508354306221,0.03,0,0,0,0,0,0,0,0,0,0,0,0,0,0,0,0,0,0,0,0,0
1.9141144752502441,-1.0,0.0,0.0,-0.024962246417999268,-0.03849977254867554,0.0,0.0,0.18243467807769775,0.0035074050538241863,0.03,0,0,0,0,0,0,0,0,0,0,0,0,0,0,0,0,0,0,0,0,0
1.916161298751831,-1.0,0.0,0.0,-0.025021284818649292,-0.038515448570251465,0.0,0.0,0.2475314736366272,-0.039333242923021317,0.03,0,0,0,0,0,0,0,0,0,0,0,0,0,0,0,0,0,0,0,0,0
1.9177014827728271,-1.0,0.0,0.0,-0.02503463625907898,-0.03851386904716492,0.0,0.0,0.18217256665229797,-0.017685195431113243,0.03,0,0,0,0,0,0,0,0,0,0,0,0,0,0,0,0,0,0,0,0,0
1.9190475940704346,-1.0,0.0,0.0,-0.02503463625907898,-0.03851386904716492,0.0,0.0,0.18217256665229797,-0.017685195431113243,0.03,0,0,0,0,0,0,0,0,0,0,0,0,0,0,0,0,0,0,0,0,0
1.921283483505249,-1.0,0.0,0.0,-0.02503463625907898,-0.03851386904716492,0.0,0.0,0.18217256665229797,-0.017685195431113243,0.03,0,0,0,0,0,0,0,0,0,0,0,0,0,0,0,0,0,0,0,0,0
1.9224321842193604,-1.0,0.0,0.0,-0.02503463625907898,-0.03851386904716492,0.0,0.0,0.18217256665229797,-0.017685195431113243,0.03,0,0,0,0,0,0,0,0,0,0,0,0,0,0,0,0,0,0,0,0,0
1.9235961437225342,-1.0,0.0,0.0,-0.02503463625907898,-0.03851386904716492,0.0,0.0,0.18217256665229797,-0.017685195431113243,0.03,0,0,0,0,0,0,0,0,0,0,0,0,0,0,0,0,0,0,0,0,0
1.9248123168945312,-1.0,0.0,0.0,-0.02503463625907898,-0.03851386904716492,0.0,0.0,0.18217256665229797,-0.017685195431113243,0.03,0,0,0,0,0,0,0,0,0,0,0,0,0,0,0,0,0,0,0,0,0
1.9259822368621826,-1.0,0.0,0.0,-0.02503463625907898,-0.03851386904716492,0.0,0.0,0.18217256665229797,-0.017685195431113243,0.03,0,0,0,0,0,0,0,0,0,0,0,0,0,0,0,0,0,0,0,0,0
1.9279305934906006,-1.0,0.0,0.0,-0.02503463625907898,-0.03851386904716492,0.0,0.0,0.18217256665229797,-0.017685195431113243,0.03,0,0,0,0,0,0,0,0,0,0,0,0,0,0,0,0,0,0,0,0,0
1.9296050071716309,-1.0,0.0,0.0,-0.02503463625907898,-0.03851386904716492,0.0,0.0,0.18217256665229797,-0.017685195431113243,0.03,0,0,0,0,0,0,0,0,0,0,0,0,0,0,0,0,0,0,0,0,0
1.931112289428711,-1.0,0.0,0.0,-0.02503463625907898,-0.03851386904716492,0.0,0.0,0.18217256665229797,-0.017685195431113243,0.03,0,0,0,0,0,0,0,0,0,0,0,0,0,0,0,0,0,0,0,0,0
1.9336261749267578,-1.0,0.0,0.0,-0.02503463625907898,-0.03851386904716492,0.0,0.0,0.18217256665229797,-0.017685195431113243,0.03,0,0,0,0,0,0,0,0,0,0,0,0,0,0,0,0,0,0,0,0,0
1.934896469116211,-1.0,0.0,0.0,-0.02503463625907898,-0.03851386904716492,0.0,0.0,0.18217256665229797,-0.017685195431113243,0.03,0,0,0,0,0,0,0,0,0,0,0,0,0,0,0,0,0,0,0,0,0
1.9360976219177246,-1.0,0.0,0.0,-0.02503463625907898,-0.03851386904716492,0.0,0.0,0.18217256665229797,-0.017685195431113243,0.03,0,0,0,0,0,0,0,0,0,0,0,0,0,0,0,0,0,0,0,0,0
1.9378242492675781,-1.0,0.0,0.0,-0.02503463625907898,-0.03851386904716492,0.0,0.0,0.18217256665229797,-0.017685195431113243,0.03,0,0,0,0,0,0,0,0,0,0,0,0,0,0,0,0,0,0,0,0,0
1.9391684532165527,-1.0,0.0,0.0,-0.02503463625907898,-0.03851386904716492,0.0,0.0,0.18217256665229797,-0.017685195431113243,0.03,0,0,0,0,0,0,0,0,0,0,0,0,0,0,0,0,0,0,0,0,0
1.940415382385254,-1.0,0.0,0.0,-0.02503463625907898,-0.03851386904716492,0.0,0.0,0.18217256665229797,-0.017685195431113243,0.03,0,0,0,0,0,0,0,0,0,0,0,0,0,0,0,0,0,0,0,0,0
1.9420287609100342,-1.0,0.0,0.0,-0.02503463625907898,-0.03851386904716492,0.0,0.0,0.18217256665229797,-0.017685195431113243,0.03,0,0,0,0,0,0,0,0,0,0,0,0,0,0,0,0,0,0,0,0,0
1.943495512008667,-1.0,0.0,0.0,-0.02503463625907898,-0.03851386904716492,0.0,0.0,0.18217256665229797,-0.017685195431113243,0.03,0,0,0,0,0,0,0,0,0,0,0,0,0,0,0,0,0,0,0,0,0
1.9447574615478516,-1.0,0.0,0.0,-0.02503463625907898,-0.03851386904716492,0.0,0.0,0.18217256665229797,-0.017685195431113243,0.03,0,0,0,0,0,0,0,0,0,0,0,0,0,0,0,0,0,0,0,0,0
1.9458823204040527,-1.0,0.0,0.0,-0.02503463625907898,-0.03851386904716492,0.0,0.0,0.18217256665229797,-0.017685195431113243,0.03,0,0,0,0,0,0,0,0,0,0,0,0,0,0,0,0,0,0,0,0,0
1.9501097202301025,-1.0,0.0,0.0,-0.02503463625907898,-0.03851386904716492,0.0,0.0,0.18217256665229797,-0.017685195431113243,0.03,0,0,0,0,0,0,0,0,0,0,0,0,0,0,0,0,0,0,0,0,0
1.9525620937347412,-1.0,0.0,0.0,-0.02503463625907898,-0.03851386904716492,0.0,0.0,0.18217256665229797,-0.017685195431113243,0.03,0,0,0,0,0,0,0,0,0,0,0,0,0,0,0,0,0,0,0,0,0
1.9592223167419434,-1.0,0.0,0.0,-0.024925559759140015,-0.038498640060424805,0.0,0.0,0.09848474711179733,-0.006444487255066633,0.03,0,0,0,0,0,0,0,0,0,0,0,0,0,0,0,0,0,0,0,0,0
1.961348295211792,-1.0,0.0,0.0,-0.024925559759140015,-0.038498640060424805,0.0,0.0,0.09848474711179733,-0.006444487255066633,0.03,0,0,0,0,0,0,0,0,0,0,0,0,0,0,0,0,0,0,0,0,0
1.9626672267913818,-1.0,0.0,0.0,-0.024925559759140015,-0.038498640060424805,0.0,0.0,0.09848474711179733,-0.006444487255066633,0.03,0,0,0,0,0,0,0,0,0,0,0,0,0,0,0,0,0,0,0,0,0
1.9643185138702393,-1.0,0.0,0.0,-0.024925559759140015,-0.038498640060424805,0.0,0.0,0.09848474711179733,-0.006444487255066633,0.03,0,0,0,0,0,0,0,0,0,0,0,0,0,0,0,0,0,0,0,0,0
1.9656059741973877,-1.0,0.0,0.0,-0.024985283613204956,-0.03849232196807861,0.0,0.0,0.15673677623271942,-0.026193559169769287,0.03,0,0,0,0,0,0,0,0,0,0,0,0,0,0,0,0,0,0,0,0,0
1.9667036533355713,-1.0,0.0,0.0,-0.024985283613204956,-0.03849232196807861,0.0,0.0,0.15673677623271942,-0.026193559169769287,0.03,0,0,0,0,0,0,0,0,0,0,0,0,0,0,0,0,0,0,0,0,0
1.969175100326538,-1.0,0.0,0.0,-0.02493688464164734,-0.038514941930770874,0.0,0.0,0.07777312397956848,-0.029991259798407555,0.03,0,0,0,0,0,0,0,0,0,0,0,0,0,0,0,0,0,0,0,0,0
1.9716579914093018,-1.0,0.0,0.0,-0.024949073791503906,-0.038485825061798096,0.0,0.0,0.10998263955116272,0.011934839189052582,0.03,0,0,0,0,0,0,0,0,0,0,0,0,0,0,0,0,0,0,0,0,0
1.9738471508026123,-1.0,0.0,0.0,-0.024921447038650513,-0.038501471281051636,0.0,0.0,0.0998431146144867,-8.149878703989089e-05,0.03,0,0,0,0,0,0,0,0,0,0,0,0,0,0,0,0,0,0,0,0,0
1.9749491214752197,-1.0,0.0,0.0,-0.024921447038650513,-0.038501471281051636,0.0,0.0,0.0998431146144867,-8.149878703989089e-05,0.03,0,0,0,0,0,0,0,0,0,0,0,0,0,0,0,0,0,0,0,0,0
1.9771671295166016,-1.0,0.0,0.0,-0.02493506669998169,-0.038516342639923096,0.0,0.0,0.10355108976364136,-0.05284024775028229,0.03,0,0,0,0,0,0,0,0,0,0,0,0,0,0,0,0,0,0,0,0,0
1.9784963130950928,-1.0,0.0,0.0,-0.02493506669998169,-0.038516342639923096,0.0,0.0,0.10355108976364136,-0.05284024775028229,0.03,0,0,0,0,0,0,0,0,0,0,0,0,0,0,0,0,0,0,0,0,0
1.9807629585266113,-1.0,0.0,0.0,-0.02493506669998169,-0.038516342639923096,0.0,0.0,0.10355108976364136,-0.05284024775028229,0.03,0,0,0,0,0,0,0,0,0,0,0,0,0,0,0,0,0,0,0,0,0
1.9820246696472168,-1.0,0.0,0.0,-0.02493506669998169,-0.038516342639923096,0.0,0.0,0.10355108976364136,-0.05284024775028229,0.03,0,0,0,0,0,0,0,0,0,0,0,0,0,0,0,0,0,0,0,0,0
1.9831693172454834,-1.0,0.0,0.0,-0.02493506669998169,-0.038516342639923096,0.0,0.0,0.10355108976364136,-0.05284024775028229,0.03,0,0,0,0,0,0,0,0,0,0,0,0,0,0,0,0,0,0,0,0,0
1.9849214553833008,-1.0,0.0,0.0,-0.02493506669998169,-0.038516342639923096,0.0,0.0,0.10355108976364136,-0.05284024775028229,0.03,0,0,0,0,0,0,0,0,0,0,0,0,0,0,0,0,0,0,0,0,0
1.9859845638275146,-1.0,0.0,0.0,-0.024947404861450195,-0.03851515054702759,0.0,0.0,0.11643189936876297,-0.031134577468037605,0.03,0,0,0,0,0,0,0,0,0,0,0,0,0,0,0,0,0,0,0,0,0
1.9873347282409668,-1.0,0.0,0.0,-0.02487051486968994,-0.03850570321083069,0.0,0.0,-0.017194127663969994,-0.03398760035634041,0.03,0,0,0,0,0,0,0,0,0,0,0,0,0,0,0,0,0,0,0,0,0
1.989058494567871,-1.0,0.0,0.0,-0.02461397647857666,-0.03851276636123657,0.0,0.0,-0.36285391449928284,-0.02905344031751156,0.03,0,0,0,0,0,0,0,0,0,0,0,0,0,0,0,0,0,0,0,0,0
1.9902002811431885,-1.0,0.0,0.0,-0.02461397647857666,-0.03851276636123657,0.0,0.0,-0.36285391449928284,-0.02905344031751156,0.03,0,0,0,0,0,0,0,0,0,0,0,0,0,0,0,0,0,0,0,0,0
1.9912850856781006,-1.0,0.0,0.0,-0.02461397647857666,-0.03851276636123657,0.0,0.0,-0.36285391449928284,-0.02905344031751156,0.03,0,0,0,0,0,0,0,0,0,0,0,0,0,0,0,0,0,0,0,0,0
1.9925196170806885,-1.0,0.0,0.0,-0.02461397647857666,-0.03851276636123657,0.0,0.0,-0.36285391449928284,-0.02905344031751156,0.03,0,0,0,0,0,0,0,0,0,0,0,0,0,0,0,0,0,0,0,0,0
1.9937083721160889,-1.0,0.0,0.0,-0.02461397647857666,-0.03851276636123657,0.0,0.0,-0.36285391449928284,-0.02905344031751156,0.03,0,0,0,0,0,0,0,0,0,0,0,0,0,0,0,0,0,0,0,0,0
1.9949512481689453,-1.0,0.0,0.0,-0.02461397647857666,-0.03851276636123657,0.0,0.0,-0.36285391449928284,-0.02905344031751156,0.03,0,0,0,0,0,0,0,0,0,0,0,0,0,0,0,0,0,0,0,0,0
1.9971990585327148,-1.0,0.0,0.0,-0.02461397647857666,-0.03851276636123657,0.0,0.0,-0.36285391449928284,-0.02905344031751156,0.03,0,0,0,0,0,0,0,0,0,0,0,0,0,0,0,0,0,0,0,0,0
1.9987566471099854,-1.0,0.0,0.0,-0.02461397647857666,-0.03851276636123657,0.0,0.0,-0.36285391449928284,-0.02905344031751156,0.03,0,0,0,0,0,0,0,0,0,0,0,0,0,0,0,0,0,0,0,0,0
2.0028653144836426,-1.0,0.0,0.0,-0.024465829133987427,-0.0382961630821228,0.0,0.0,-0.06096016615629196,0.275417685508728,0.03,0,0,0,0,0,0,0,0,0,0,0,0,0,0,0,0,0,0,0,0,0
2.004744529724121,-1.0,0.0,0.0,-0.02480638027191162,-0.038244813680648804,0.0,0.0,-0.07222507894039154,0.19006158411502838,0.03,0,0,0,0,0,0,0,0,0,0,0,0,0,0,0,0,0,0,0,0,0
2.0060231685638428,-1.0,0.0,0.0,-0.02480638027191162,-0.038244813680648804,0.0,0.0,-0.07222507894039154,0.19006158411502838,0.03,0,0,0,0,0,0,0,0,0,0,0,0,0,0,0,0,0,0,0,0,0
2.0072522163391113,-1.0,0.0,0.0,-0.02480638027191162,-0.038244813680648804,0.0,0.0,-0.07222507894039154,0.19006158411502838,0.03,0,0,0,0,0,0,0,0,0,0,0,0,0,0,0,0,0,0,0,0,0
2.008946180343628,-1.0,0.0,0.0,-0.02480638027191162,-0.038244813680648804,0.0,0.0,-0.07222507894039154,0.19006158411502838,0.03,0,0,0,0,0,0,0,0,0,0,0,0,0,0,0,0,0,0,0,0,0
2.0104429721832275,-1.0,0.0,0.0,-0.02480638027191162,-0.038244813680648804,0.0,0.0,-0.07222507894039154,0.19006158411502838,0.03,0,0,0,0,0,0,0,0,0,0,0,0,0,0,0,0,0,0,0,0,0
2.0118565559387207,-1.0,0.0,0.0,-0.02480638027191162,-0.038244813680648804,0.0,0.0,-0.07222507894039154,0.19006158411502838,0.03,0,0,0,0,0,0,0,0,0,0,0,0,0,0,0,0,0,0,0,0,0
2.0131871700286865,-1.0,0.0,0.0,-0.02480638027191162,-0.038244813680648804,0.0,0.0,-0.07222507894039154,0.19006158411502838,0.03,0,0,0,0,0,0,0,0,0,0,0,0,0,0,0,0,0,0,0,0,0
2.014780044555664,-1.0,0.0,0.0,-0.02480638027191162,-0.038244813680648804,0.0,0.0,-0.07222507894039154,0.19006158411502838,0.03,0,0,0,0,0,0,0,0,0,0,0,0,0,0,0,0,0,0,0,0,0
2.0159337520599365,-1.0,0.0,0.0,-0.02480638027191162,-0.038244813680648804,0.0,0.0,-0.07222507894039154,0.19006158411502838,0.03,0,0,0,0,0,0,0,0,0,0,0,0,0,0,0,0,0,0,0,0,0
2.017085075378418,-1.0,0.0,0.0,-0.02480638027191162,-0.038244813680648804,0.0,0.0,-0.07222507894039154,0.19006158411502838,0.03,0,0,0,0,0,0,0,0,0,0,0,0,0,0,0,0,0,0,0,0,0
2.0181868076324463,-1.0,0.0,0.0,-0.02480638027191162,-0.038244813680648804,0.0,0.0,-0.07222507894039154,0.19006158411502838,0.03,0,0,0,0,0,0,0,0,0,0,0,0,0,0,0,0,0,0,0,0,0
2.019315004348755,-1.0,0.0,0.0,-0.02480638027191162,-0.038244813680648804,0.0,0.0,-0.07222507894039154,0.19006158411502838,0.03,0,0,0,0,0,0,0,0,0,0,0,0,0,0,0,0,0,0,0,0,0
2.0204529762268066,-1.0,0.0,0.0,-0.02480638027191162,-0.038244813680648804,0.0,0.0,-0.07222507894039154,0.19006158411502838,0.03,0,0,0,0,0,0,0,0,0,0,0,0,0,0,0,0,0,0,0,0,0
2.023672342300415,-1.0,0.0,0.0,-0.02480638027191162,-0.038244813680648804,0.0,0.0,-0.07222507894039154,0.19006158411502838,0.03,0,0,0,0,0,0,0,0,0,0,0,0,0,0,0,0,0,0,0,0,0
2.0262551307678223,-1.0,0.0,0.0,-0.02480638027191162,-0.038244813680648804,0.0,0.0,-0.07222507894039154,0.19006158411502838,0.03,0,0,0,0,0,0,0,0,0,0,0,0,0,0,0,0,0,0,0,0,0
2.027496337890625,-1.0,0.0,0.0,-0.02480638027191162,-0.038244813680648804,0.0,0.0,-0.07222507894039154,0.19006158411502838,0.03,0,0,0,0,0,0,0,0,0,0,0,0,0,0,0,0,0,0,0,0,0
2.029062032699585,-1.0,0.0,0.0,-0.02432999014854431,-0.03826954960823059,0.0,0.0,-0.3970918655395508,0.1499878168106079,0.03,0,0,0,0,0,0,0,0,0,0,0,0,0,0,0,0,0,0,0,0,0
2.032310962677002,-1.0,0.0,0.0,-0.02432999014854431,-0.03826954960823059,0.0,0.0,-0.3970918655395508,0.1499878168106079,0.03,0,0,0,0,0,0,0,0,0,0,0,0,0,0,0,0,0,0,0,0,0
2.0350522994995117,0.0,0.0,0.0,-0.024437397718429565,-0.038142502307891846,0.0,0.0,-0.08557189255952835,0.007654356304556131,0.03,0,0,0,0,0,0,0,0,0,0,0,0,0,0,0,0,0,0,0,0,0
2.0361979007720947,0.0,0.0,0.0,-0.023836582899093628,-0.03768998384475708,0.0,0.0,-0.27139806747436523,0.2770062983036041,0.03,0,0,0,0,0,0,0,0,0,0,0,0,0,0,0,0,0,0,0,0,0
2.037506580352783,0.0,0.0,0.0,-0.023836582899093628,-0.03768998384475708,0.0,0.0,-0.27139806747436523,0.2770062983036041,0.03,0,0,0,0,0,0,0,0,0,0,0,0,0,0,0,0,0,0,0,0,0
2.0398592948913574,0.0,0.0,0.0,-0.023836582899093628,-0.03768998384475708,0.0,0.0,-0.27139806747436523,0.2770062983036041,0.03,0,0,0,0,0,0,0,0,0,0,0,0,0,0,0,0,0,0,0,0,0
2.0412485599517822,0.0,0.0,0.0,-0.02378183603286743,-0.037590354681015015,0.0,0.0,-0.21419835090637207,0.23837246000766754,0.03,0,0,0,0,0,0,0,0,0,0,0,0,0,0,0,0,0,0,0,0,0
2.042310953140259,0.0,0.0,0.0,-0.02378183603286743,-0.037590354681015015,0.0,0.0,-0.21419835090637207,0.23837246000766754,0.03,0,0,0,0,0,0,0,0,0,0,0,0,0,0,0,0,0,0,0,0,0
2.045257568359375,0.0,0.0,0.0,-0.02378183603286743,-0.037590354681015015,0.0,0.0,-0.21419835090637207,0.23837246000766754,0.03,0,0,0,0,0,0,0,0,0,0,0,0,0,0,0,0,0,0,0,0,0
2.047492027282715,0.0,0.0,0.0,-0.023936092853546143,-0.03759917616844177,0.0,0.0,0.177931010723114,-0.06208006292581558,0.03,0,0,0,0,0,0,0,0,0,0,0,0,0,0,0,0,0,0,0,0,0
2.0509607791900635,0.0,0.0,0.0,-0.023940682411193848,-0.03760442137718201,0.0,0.0,0.13396386802196503,-0.09747560322284698,0.03,0,0,0,0,0,0,0,0,0,0,0,0,0,0,0,0,0,0,0,0,0
2.0528645515441895,0.0,0.0,0.0,-0.02393779158592224,-0.03760349750518799,0.0,0.0,0.12320024520158768,-0.10703205317258835,0.03,0,0,0,0,0,0,0,0,0,0,0,0,0,0,0,0,0,0,0,0,0
2.055234909057617,0.0,0.0,0.0,-0.02393779158592224,-0.03760349750518799,0.0,0.0,0.12320024520158768,-0.10703205317258835,0.03,0,0,0,0,0,0,0,0,0,0,0,0,0,0,0,0,0,0,0,0,0
2.056356906890869,0.0,0.0,0.0,-0.02393779158592224,-0.03760349750518799,0.0,0.0,0.12320024520158768,-0.10703205317258835,0.03,0,0,0,0,0,0,0,0,0,0,0,0,0,0,0,0,0,0,0,0,0
2.0576515197753906,0.0,0.0,0.0,-0.02357420325279236,-0.03659835457801819,0.0,0.0,-0.21519163250923157,0.9846323728561401,0.03,0,0,0,0,0,0,0,0,0,0,0,0,0,0,0,0,0,0,0,0,0
2.05873966217041,0.0,0.0,0.0,-0.02357420325279236,-0.03659835457801819,0.0,0.0,-0.21519163250923157,0.9846323728561401,0.03,0,0,0,0,0,0,0,0,0,0,0,0,0,0,0,0,0,0,0,0,0
2.0601048469543457,0.0,0.0,0.0,-0.02357420325279236,-0.03659835457801819,0.0,0.0,-0.21519163250923157,0.9846323728561401,0.03,0,0,0,0,0,0,0,0,0,0,0,0,0,0,0,0,0,0,0,0,0
2.062572956085205,0.0,0.0,0.0,-0.02357420325279236,-0.03659835457801819,0.0,0.0,-0.21519163250923157,0.9846323728561401,0.03,0,0,0,0,0,0,0,0,0,0,0,0,0,0,0,0,0,0,0,0,0
2.064279079437256,0.0,0.0,0.0,-0.02360716462135315,-0.03712749481201172,0.0,0.0,0.09613779187202454,-0.29173657298088074,0.03,0,0,0,0,0,0,0,0,0,0,0,0,0,0,0,0,0,0,0,0,0
2.0667552947998047,0.0,0.0,0.0,-0.02360716462135315,-0.03712749481201172,0.0,0.0,0.09613779187202454,-0.29173657298088074,0.03,0,0,0,0,0,0,0,0,0,0,0,0,0,0,0,0,0,0,0,0,0
2.0678651332855225,0.0,0.0,0.0,-0.02360716462135315,-0.03712749481201172,0.0,0.0,0.09613779187202454,-0.29173657298088074,0.03,0,0,0,0,0,0,0,0,0,0,0,0,0,0,0,0,0,0,0,0,0
2.068953037261963,0.0,0.0,0.0,-0.02360716462135315,-0.03712749481201172,0.0,0.0,0.09613779187202454,-0.29173657298088074,0.03,0,0,0,0,0,0,0,0,0,0,0,0,0,0,0,0,0,0,0,0,0
2.0729031562805176,0.0,0.0,0.0,-0.02360716462135315,-0.03712749481201172,0.0,0.0,0.09613779187202454,-0.29173657298088074,0.03,0,0,0,0,0,0,0,0,0,0,0,0,0,0,0,0,0,0,0,0,0
2.074622869491577,0.0,0.0,0.0,-0.02360716462135315,-0.03712749481201172,0.0,0.0,0.09613779187202454,-0.29173657298088074,0.03,0,0,0,0,0,0,0,0,0,0,0,0,0,0,0,0,0,0,0,0,0
2.0757389068603516,0.0,0.0,0.0,-0.02360716462135315,-0.03712749481201172,0.0,0.0,0.09613779187202454,-0.29173657298088074,0.03,0,0,0,0,0,0,0,0,0,0,0,0,0,0,0,0,0,0,0,0,0
2.0768401622772217,0.0,0.0,0.0,-0.02360716462135315,-0.03712749481201172,0.0,0.0,0.09613779187202454,-0.29173657298088074,0.03,0,0,0,0,0,0,0,0,0,0,0,0,0,0,0,0,0,0,0,0,0
2.078026056289673,0.0,0.0,0.0,-0.02360716462135315,-0.03712749481201172,0.0,0.0,0.09613779187202454,-0.29173657298088074,0.03,0,0,0,0,0,0,0,0,0,0,0,0,0,0,0,0,0,0,0,0,0
2.0791683197021484,0.0,0.0,0.0,-0.02360716462135315,-0.03712749481201172,0.0,0.0,0.09613779187202454,-0.29173657298088074,0.03,0,0,0,0,0,0,0,0,0,0,0,0,0,0,0,0,0,0,0,0,0
2.080296277999878,0.0,0.0,0.0,-0.02360716462135315,-0.03712749481201172,0.0,0.0,0.09613779187202454,-0.29173657298088074,0.03,0,0,0,0,0,0,0,0,0,0,0,0,0,0,0,0,0,0,0,0,0
2.0815505981445312,0.0,0.0,0.0,-0.02360716462135315,-0.03712749481201172,0.0,0.0,0.09613779187202454,-0.29173657298088074,0.03,0,0,0,0,0,0,0,0,0,0,0,0,0,0,0,0,0,0,0,0,0
2.082733631134033,0.0,0.0,0.0,-0.02360716462135315,-0.03712749481201172,0.0,0.0,0.09613779187202454,-0.29173657298088074,0.03,0,0,0,0,0,0,0,0,0,0,0,0,0,0,0,0,0,0,0,0,0
2.084005832672119,0.0,0.0,0.0,-0.02360716462135315,-0.03712749481201172,0.0,0.0,0.09613779187202454,-0.29173657298088074,0.03,0,0,0,0,0,0,0,0,0,0,0,0,0,0,0,0,0,0,0,0,0
2.085092782974243,0.0,0.0,0.0,-0.02360716462135315,-0.03712749481201172,0.0,0.0,0.09613779187202454,-0.29173657298088074,0.03,0,0,0,0,0,0,0,0,0,0,0,0,0,0,0,0,0,0,0,0,0
2.0879733562469482,0.0,0.0,0.0,-0.02335035800933838,-0.03596216440200806,0.0,0.0,0.06596697866916656,0.679222047328949,0.03,0,0,0,0,0,0,0,0,0,0,0,0,0,0,0,0,0,0,0,0,0
2.089203357696533,0.0,0.0,0.0,-0.02335035800933838,-0.03596216440200806,0.0,0.0,0.06596697866916656,0.679222047328949,0.03,0,0,0,0,0,0,0,0,0,0,0,0,0,0,0,0,0,0,0,0,0
2.0906403064727783,0.0,0.0,0.0,-0.02335035800933838,-0.03596216440200806,0.0,0.0,0.06596697866916656,0.679222047328949,0.03,0,0,0,0,0,0,0,0,0,0,0,0,0,0,0,0,0,0,0,0,0
2.095217227935791,0.0,0.0,0.0,-0.023327499628067017,-0.035881996154785156,0.0,0.0,0.11236266046762466,0.04367690533399582,0.03,0,0,0,0,0,0,0,0,0,0,0,0,0,0,0,0,0,0,0,0,0
2.096344232559204,0.0,0.0,0.0,-0.023325741291046143,-0.036059677600860596,0.0,0.0,0.19892695546150208,-0.46563103795051575,0.03,0,0,0,0,0,0,0,0,0,0,0,0,0,0,0,0,0,0,0,0,0
2.0974104404449463,0.0,0.0,0.0,-0.023325741291046143,-0.036059677600860596,0.0,0.0,0.19892695546150208,-0.46563103795051575,0.03,0,0,0,0,0,0,0,0,0,0,0,0,0,0,0,0,0,0,0,0,0
2.0991363525390625,0.0,0.0,0.0,-0.023325741291046143,-0.036059677600860596,0.0,0.0,0.19892695546150208,-0.46563103795051575,0.03,0,0,0,0,0,0,0,0,0,0,0,0,0,0,0,0,0,0,0,0,0
2.100226402282715,0.0,0.0,0.0,-0.023325741291046143,-0.036059677600860596,0.0,0.0,0.19892695546150208,-0.46563103795051575,0.03,0,0,0,0,0,0,0,0,0,0,0,0,0,0,0,0,0,0,0,0,0
2.1014211177825928,0.0,0.0,0.0,-0.023325741291046143,-0.036059677600860596,0.0,0.0,0.19892695546150208,-0.46563103795051575,0.03,0,0,0,0,0,0,0,0,0,0,0,0,0,0,0,0,0,0,0,0,0
2.1027438640594482,0.0,0.0,0.0,-0.023183703422546387,-0.03616282343864441,0.0,0.0,0.0586124062538147,0.8398613929748535,0.03,0,0,0,0,0,0,0,0,0,0,0,0,0,0,0,0,0,0,0,0,0
2.1038718223571777,0.0,0.0,0.0,-0.023183703422546387,-0.03616282343864441,0.0,0.0,0.0586124062538147,0.8398613929748535,0.03,0,0,0,0,0,0,0,0,0,0,0,0,0,0,0,0,0,0,0,0,0
2.1052205562591553,0.0,0.0,0.0,-0.023183703422546387,-0.03616282343864441,0.0,0.0,0.0586124062538147,0.8398613929748535,0.03,0,0,0,0,0,0,0,0,0,0,0,0,0,0,0,0,0,0,0,0,0
2.1063830852508545,0.0,0.0,0.0,-0.023183703422546387,-0.03616282343864441,0.0,0.0,0.0586124062538147,0.8398613929748535,0.03,0,0,0,0,0,0,0,0,0,0,0,0,0,0,0,0,0,0,0,0,0
2.107818126678467,0.0,0.0,0.0,-0.02312520146369934,-0.03548228740692139,0.0,0.0,0.12453588098287582,0.6994933485984802,0.03,0,0,0,0,0,0,0,0,0,0,0,0,0,0,0,0,0,0,0,0,0
2.109020471572876,0.0,0.0,0.0,-0.02312520146369934,-0.03548228740692139,0.0,0.0,0.12453588098287582,0.6994933485984802,0.03,0,0,0,0,0,0,0,0,0,0,0,0,0,0,0,0,0,0,0,0,0
2.1101343631744385,0.0,0.0,0.0,-0.02313333749771118,-0.03588417172431946,0.0,0.0,0.19997622072696686,-0.31522464752197266,0.03,0,0,0,0,0,0,0,0,0,0,0,0,0,0,0,0,0,0,0,0,0
2.111445665359497,0.0,0.0,0.0,-0.023123830556869507,-0.036132216453552246,0.0,0.0,0.21951152384281158,-0.5559574961662292,0.03,0,0,0,0,0,0,0,0,0,0,0,0,0,0,0,0,0,0,0,0,0
2.112508773803711,0.0,0.0,0.0,-0.023123830556869507,-0.036132216453552246,0.0,0.0,0.21951152384281158,-0.5559574961662292,0.03,0,0,0,0,0,0,0,0,0,0,0,0,0,0,0,0,0,0,0,0,0
2.1143836975097656,0.0,0.0,0.0,-0.023123830556869507,-0.036132216453552246,0.0,0.0,0.21951152384281158,-0.5559574961662292,0.03,0,0,0,0,0,0,0,0,0,0,0,0,0,0,0,0,0,0,0,0,0
2.115645408630371,0.0,0.0,0.0,-0.023123830556869507,-0.036132216453552246,0.0,0.0,0.21951152384281158,-0.5559574961662292,0.03,0,0,0,0,0,0,0,0,0,0,0,0,0,0,0,0,0,0,0,0,0
2.117189407348633,0.0,0.0,0.0,-0.023123830556869507,-0.036132216453552246,0.0,0.0,0.21951152384281158,-0.5559574961662292,0.03,0,0,0,0,0,0,0,0,0,0,0,0,0,0,0,0,0,0,0,0,0
2.119797945022583,0.0,0.0,0.0,-0.023123830556869507,-0.036132216453552246,0.0,0.0,0.21951152384281158,-0.5559574961662292,0.03,0,0,0,0,0,0,0,0,0,0,0,0,0,0,0,0,0,0,0,0,0
2.1209499835968018,0.0,0.0,0.0,-0.023123830556869507,-0.036132216453552246,0.0,0.0,0.21951152384281158,-0.5559574961662292,0.03,0,0,0,0,0,0,0,0,0,0,0,0,0,0,0,0,0,0,0,0,0
2.1220831871032715,0.0,0.0,0.0,-0.023123830556869507,-0.036132216453552246,0.0,0.0,0.21951152384281158,-0.5559574961662292,0.03,0,0,0,0,0,0,0,0,0,0,0,0,0,0,0,0,0,0,0,0,0
2.123674154281616,0.0,0.0,0.0,-0.023123830556869507,-0.036132216453552246,0.0,0.0,0.21951152384281158,-0.5559574961662292,0.03,0,0,0,0,0,0,0,0,0,0,0,0,0,0,0,0,0,0,0,0,0
2.1249756813049316,0.0,0.0,0.0,-0.023123830556869507,-0.036132216453552246,0.0,0.0,0.21951152384281158,-0.5559574961662292,0.03,0,0,0,0,0,0,0,0,0,0,0,0,0,0,0,0,0,0,0,0,0
2.1262001991271973,0.0,0.0,0.0,-0.023123830556869507,-0.036132216453552246,0.0,0.0,0.21951152384281158,-0.5559574961662292,0.03,0,0,0,0,0,0,0,0,0,0,0,0,0,0,0,0,0,0,0,0,0
2.1280574798583984,0.0,0.0,0.0,-0.023123830556869507,-0.036132216453552246,0.0,0.0,0.21951152384281158,-0.5559574961662292,0.03,0,0,0,0,0,0,0,0,0,0,0,0,0,0,0,0,0,0,0,0,0
2.1296865940093994,0.0,0.0,0.0,-0.023123830556869507,-0.036132216453552246,0.0,0.0,0.21951152384281158,-0.5559574961662292,0.03,0,0,0,0,0,0,0,0,0,0,0,0,0,0,0,0,0,0,0,0,0
2.1307530403137207,0.0,0.0,0.0,-0.023123830556869507,-0.036132216453552246,0.0,0.0,0.21951152384281158,-0.5559574961662292,0.03,0,0,0,0,0,0,0,0,0,0,0,0,0,0,0,0,0,0,0,0,0
2.1335058212280273,0.0,0.0,0.0,-0.023123830556869507,-0.036132216453552246,0.0,0.0,0.21951152384281158,-0.5559574961662292,0.03,0,0,0,0,0,0,0,0,0,0,0,0,0,0,0,0,0,0,0,0,0
2.135112762451172,0.0,0.0,0.0,-0.023123830556869507,-0.036132216453552246,0.0,0.0,0.21951152384281158,-0.5559574961662292,0.03,0,0,0,0,0,0,0,0,0,0,0,0,0,0,0,0,0,0,0,0,0
2.1376237869262695,0.0,0.0,0.0,-0.023123830556869507,-0.036132216453552246,0.0,0.0,0.21951152384281158,-0.5559574961662292,0.03,0,0,0,0,0,0,0,0,0,0,0,0,0,0,0,0,0,0,0,0,0
2.139899969100952,0.0,0.0,0.0,-0.023123830556869507,-0.036132216453552246,0.0,0.0,0.21951152384281158,-0.5559574961662292,0.03,0,0,0,0,0,0,0,0,0,0,0,0,0,0,0,0,0,0,0,0,0
2.14115571975708,0.0,0.0,0.0,-0.023123830556869507,-0.036132216453552246,0.0,0.0,0.21951152384281158,-0.5559574961662292,0.03,0,0,0,0,0,0,0,0,0,0,0,0,0,0,0,0,0,0,0,0,0
2.1425113677978516,0.0,0.0,0.0,-0.023123830556869507,-0.036132216453552246,0.0,0.0,0.21951152384281158,-0.5559574961662292,0.03,0,0,0,0,0,0,0,0,0,0,0,0,0,0,0,0,0,0,0,0,0
2.1436030864715576,0.0,0.0,0.0,-0.023123830556869507,-0.036132216453552246,0.0,0.0,0.21951152384281158,-0.5559574961662292,0.03,0,0,0,0,0,0,0,0,0,0,0,0,0,0,0,0,0,0,0,0,0
2.1458089351654053,0.0,0.0,0.0,-0.023123830556869507,-0.036132216453552246,0.0,0.0,0.21951152384281158,-0.5559574961662292,0.03,0,0,0,0,0,0,0,0,0,0,0,0,0,0,0,0,0,0,0,0,0
2.1470353603363037,0.0,0.0,0.0,-0.023123830556869507,-0.036132216453552246,0.0,0.0,0.21951152384281158,-0.5559574961662292,0.03,0,0,0,0,0,0,0,0,0,0,0,0,0,0,0,0,0,0,0,0,0
2.1481668949127197,0.0,0.0,0.0,-0.023123830556869507,-0.036132216453552246,0.0,0.0,0.21951152384281158,-0.5559574961662292,0.03,0,0,0,0,0,0,0,0,0,0,0,0,0,0,0,0,0,0,0,0,0
2.149474859237671,0.0,0.0,0.0,-0.023123830556869507,-0.036132216453552246,0.0,0.0,0.21951152384281158,-0.5559574961662292,0.03,0,0,0,0,0,0,0,0,0,0,0,0,0,0,0,0,0,0,0,0,0
2.150604009628296,0.0,0.0,0.0,-0.023123830556869507,-0.036132216453552246,0.0,0.0,0.21951152384281158,-0.5559574961662292,0.03,0,0,0,0,0,0,0,0,0,0,0,0,0,0,0,0,0,0,0,0,0
2.151803970336914,0.0,0.0,0.0,-0.023123830556869507,-0.036132216453552246,0.0,0.0,0.21951152384281158,-0.5559574961662292,0.03,0,0,0,0,0,0,0,0,0,0,0,0,0,0,0,0,0,0,0,0,0
2.1529700756073,0.0,0.0,0.0,-0.023123830556869507,-0.036132216453552246,0.0,0.0,0.21951152384281158,-0.5559574961662292,0.03,0,0,0,0,0,0,0,0,0,0,0,0,0,0,0,0,0,0,0,0,0
2.154067039489746,0.0,0.0,0.0,-0.023123830556869507,-0.036132216453552246,0.0,0.0,0.21951152384281158,-0.5559574961662292,0.03,0,0,0,0,0,0,0,0,0,0,0,0,0,0,0,0,0,0,0,0,0
2.155261754989624,0.0,0.0,0.0,-0.023123830556869507,-0.036132216453552246,0.0,0.0,0.21951152384281158,-0.5559574961662292,0.03,0,0,0,0,0,0,0,0,0,0,0,0,0,0,0,0,0,0,0,0,0
2.157042980194092,0.0,0.0,0.0,-0.023123830556869507,-0.036132216453552246,0.0,0.0,0.21951152384281158,-0.5559574961662292,0.03,0,0,0,0,0,0,0,0,0,0,0,0,0,0,0,0,0,0,0,0,0
2.158360719680786,0.0,0.0,0.0,-0.023123830556869507,-0.036132216453552246,0.0,0.0,0.21951152384281158,-0.5559574961662292,0.03,0,0,0,0,0,0,0,0,0,0,0,0,0,0,0,0,0,0,0,0,0
2.1604979038238525,0.0,0.0,0.0,-0.023123830556869507,-0.036132216453552246,0.0,0.0,0.21951152384281158,-0.5559574961662292,0.03,0,0,0,0,0,0,0,0,0,0,0,0,0,0,0,0,0,0,0,0,0
2.161961793899536,0.0,0.0,0.0,-0.023123830556869507,-0.036132216453552246,0.0,0.0,0.21951152384281158,-0.5559574961662292,0.03,0,0,0,0,0,0,0,0,0,0,0,0,0,0,0,0,0,0,0,0,0
2.163053512573242,0.0,0.0,0.0,-0.02289050817489624,-0.035177528858184814,0.0,0.0,0.12159838527441025,-0.07985177636146545,0.03,0,0,0,0,0,0,0,0,0,0,0,0,0,0,0,0,0,0,0,0,0
2.1642041206359863,0.0,0.0,0.0,-0.02289050817489624,-0.035177528858184814,0.0,0.0,0.12159838527441025,-0.07985177636146545,0.03,0,0,0,0,0,0,0,0,0,0,0,0,0,0,0,0,0,0,0,0,0
2.1656341552734375,0.0,0.0,0.0,-0.022709131240844727,-0.03505241870880127,0.0,0.0,0.1821882724761963,-0.20030884444713593,0.03,0,0,0,0,0,0,0,0,0,0,0,0,0,0,0,0,0,0,0,0,0
2.1667792797088623,0.0,0.0,0.0,-0.022709131240844727,-0.03505241870880127,0.0,0.0,0.1821882724761963,-0.20030884444713593,0.03,0,0,0,0,0,0,0,0,0,0,0,0,0,0,0,0,0,0,0,0,0
2.1684648990631104,0.0,0.0,0.0,-0.02258753776550293,-0.03444862365722656,0.0,0.0,0.2306063175201416,0.9343451857566833,0.03,0,0,0,0,0,0,0,0,0,0,0,0,0,0,0,0,0,0,0,0,0
2.1702208518981934,0.0,0.0,0.0,-0.02258753776550293,-0.03444862365722656,0.0,0.0,0.2306063175201416,0.9343451857566833,0.03,0,0,0,0,0,0,0,0,0,0,0,0,0,0,0,0,0,0,0,0,0
2.1714160442352295,0.0,0.0,0.0,-0.02258753776550293,-0.03444862365722656,0.0,0.0,0.2306063175201416,0.9343451857566833,0.03,0,0,0,0,0,0,0,0,0,0,0,0,0,0,0,0,0,0,0,0,0
2.1725611686706543,0.0,0.0,0.0,-0.02244400978088379,-0.03512328863143921,0.0,0.0,0.2800879180431366,0.16368785500526428,0.03,0,0,0,0,0,0,0,0,0,0,0,0,0,0,0,0,0,0,0,0,0
2.1736514568328857,0.0,0.0,0.0,-0.02244400978088379,-0.03512328863143921,0.0,0.0,0.2800879180431366,0.16368785500526428,0.03,0,0,0,0,0,0,0,0,0,0,0,0,0,0,0,0,0,0,0,0,0
2.1756038665771484,0.0,0.0,0.0,-0.02244400978088379,-0.03512328863143921,0.0,0.0,0.2800879180431366,0.16368785500526428,0.03,0,0,0,0,0,0,0,0,0,0,0,0,0,0,0,0,0,0,0,0,0
2.1767525672912598,0.0,0.0,0.0,-0.02244400978088379,-0.03512328863143921,0.0,0.0,0.2800879180431366,0.16368785500526428,0.03,0,0,0,0,0,0,0,0,0,0,0,0,0,0,0,0,0,0,0,0,0
2.1779000759124756,0.0,0.0,0.0,-0.02244400978088379,-0.03512328863143921,0.0,0.0,0.2800879180431366,0.16368785500526428,0.03,0,0,0,0,0,0,0,0,0,0,0,0,0,0,0,0,0,0,0,0,0
2.1789920330047607,0.0,0.0,0.0,-0.02244400978088379,-0.03512328863143921,0.0,0.0,0.2800879180431366,0.16368785500526428,0.03,0,0,0,0,0,0,0,0,0,0,0,0,0,0,0,0,0,0,0,0,0
2.180093288421631,0.0,0.0,0.0,-0.02244400978088379,-0.03512328863143921,0.0,0.0,0.2800879180431366,0.16368785500526428,0.03,0,0,0,0,0,0,0,0,0,0,0,0,0,0,0,0,0,0,0,0,0
2.181274175643921,0.0,0.0,0.0,-0.02244400978088379,-0.03512328863143921,0.0,0.0,0.2800879180431366,0.16368785500526428,0.03,0,0,0,0,0,0,0,0,0,0,0,0,0,0,0,0,0,0,0,0,0
2.1823670864105225,0.0,0.0,0.0,-0.02244400978088379,-0.03512328863143921,0.0,0.0,0.2800879180431366,0.16368785500526428,0.03,0,0,0,0,0,0,0,0,0,0,0,0,0,0,0,0,0,0,0,0,0
2.184532403945923,0.0,0.0,0.0,-0.02244400978088379,-0.03512328863143921,0.0,0.0,0.2800879180431366,0.16368785500526428,0.03,0,0,0,0,0,0,0,0,0,0,0,0,0,0,0,0,0,0,0,0,0
2.185929775238037,0.0,0.0,0.0,-0.022022634744644165,-0.03440007567405701,0.0,0.0,0.3194315433502197,0.3687892556190491,0.03,0,0,0,0,0,0,0,0,0,0,0,0,0,0,0,0,0,0,0,0,0
2.1893999576568604,0.0,0.0,0.0,-0.02201119065284729,-0.0342126190662384,0.0,0.0,0.3138600289821625,0.6502426862716675,0.03,0,0,0,0,0,0,0,0,0,0,0,0,0,0,0,0,0,0,0,0,0
2.1906497478485107,0.0,0.0,0.0,-0.02201119065284729,-0.0342126190662384,0.0,0.0,0.3138600289821625,0.6502426862716675,0.03,0,0,0,0,0,0,0,0,0,0,0,0,0,0,0,0,0,0,0,0,0
2.1918625831604004,0.0,0.0,0.0,-0.02201119065284729,-0.0342126190662384,0.0,0.0,0.3138600289821625,0.6502426862716675,0.03,0,0,0,0,0,0,0,0,0,0,0,0,0,0,0,0,0,0,0,0,0
2.1933114528656006,0.0,0.0,0.0,-0.02201119065284729,-0.0342126190662384,0.0,0.0,0.3138600289821625,0.6502426862716675,0.03,0,0,0,0,0,0,0,0,0,0,0,0,0,0,0,0,0,0,0,0,0
2.1949141025543213,0.0,0.0,0.0,-0.021921306848526,-0.033383697271347046,0.0,0.0,0.2457280457019806,0.6711071729660034,0.03,0,0,0,0,0,0,0,0,0,0,0,0,0,0,0,0,0,0,0,0,0
2.196434497833252,0.0,0.0,0.0,-0.021921306848526,-0.033383697271347046,0.0,0.0,0.2457280457019806,0.6711071729660034,0.03,0,0,0,0,0,0,0,0,0,0,0,0,0,0,0,0,0,0,0,0,0
2.1975603103637695,0.0,0.0,0.0,-0.021921306848526,-0.033383697271347046,0.0,0.0,0.2457280457019806,0.6711071729660034,0.03,0,0,0,0,0,0,0,0,0,0,0,0,0,0,0,0,0,0,0,0,0
2.1988275051116943,0.0,0.0,0.0,-0.021865636110305786,-0.033463507890701294,0.0,0.0,0.24412810802459717,0.041656337678432465,0.03,0,0,0,0,0,0,0,0,0,0,0,0,0,0,0,0,0,0,0,0,0
2.200416088104248,0.0,0.0,0.0,-0.021865636110305786,-0.033463507890701294,0.0,0.0,0.24412810802459717,0.041656337678432465,0.03,0,0,0,0,0,0,0,0,0,0,0,0,0,0,0,0,0,0,0,0,0
2.201706886291504,0.0,0.0,0.0,-0.021865636110305786,-0.033463507890701294,0.0,0.0,0.24412810802459717,0.041656337678432465,0.03,0,0,0,0,0,0,0,0,0,0,0,0,0,0,0,0,0,0,0,0,0
2.202799081802368,0.0,0.0,0.0,-0.021865636110305786,-0.033463507890701294,0.0,0.0,0.24412810802459717,0.041656337678432465,0.03,0,0,0,0,0,0,0,0,0,0,0,0,0,0,0,0,0,0,0,0,0
2.205681562423706,0.0,0.0,0.0,-0.021865636110305786,-0.033463507890701294,0.0,0.0,0.24412810802459717,0.041656337678432465,0.03,0,0,0,0,0,0,0,0,0,0,0,0,0,0,0,0,0,0,0,0,0
2.2074198722839355,0.0,0.0,0.0,-0.021865636110305786,-0.033463507890701294,0.0,0.0,0.24412810802459717,0.041656337678432465,0.03,0,0,0,0,0,0,0,0,0,0,0,0,0,0,0,0,0,0,0,0,0
2.208773136138916,0.0,0.0,0.0,-0.021865636110305786,-0.033463507890701294,0.0,0.0,0.24412810802459717,0.041656337678432465,0.03,0,0,0,0,0,0,0,0,0,0,0,0,0,0,0,0,0,0,0,0,0
2.210536241531372,0.0,0.0,0.0,-0.021865636110305786,-0.033463507890701294,0.0,0.0,0.24412810802459717,0.041656337678432465,0.03,0,0,0,0,0,0,0,0,0,0,0,0,0,0,0,0,0,0,0,0,0
2.2130541801452637,0.0,0.0,0.0,-0.021865636110305786,-0.033463507890701294,0.0,0.0,0.24412810802459717,0.041656337678432465,0.03,0,0,0,0,0,0,0,0,0,0,0,0,0,0,0,0,0,0,0,0,0
2.2141661643981934,0.0,0.0,0.0,-0.021865636110305786,-0.033463507890701294,0.0,0.0,0.24412810802459717,0.041656337678432465,0.03,0,0,0,0,0,0,0,0,0,0,0,0,0,0,0,0,0,0,0,0,0
2.216578483581543,0.0,0.0,0.0,-0.021865636110305786,-0.033463507890701294,0.0,0.0,0.24412810802459717,0.041656337678432465,0.03,0,0,0,0,0,0,0,0,0,0,0,0,0,0,0,0,0,0,0,0,0
2.217810869216919,0.0,0.0,0.0,-0.021865636110305786,-0.033463507890701294,0.0,0.0,0.24412810802459717,0.041656337678432465,0.03,0,0,0,0,0,0,0,0,0,0,0,0,0,0,0,0,0,0,0,0,0
2.2191357612609863,0.0,0.0,0.0,-0.021865636110305786,-0.033463507890701294,0.0,0.0,0.24412810802459717,0.041656337678432465,0.03,0,0,0,0,0,0,0,0,0,0,0,0,0,0,0,0,0,0,0,0,0
2.2214713096618652,0.0,0.0,0.0,-0.021865636110305786,-0.033463507890701294,0.0,0.0,0.24412810802459717,0.041656337678432465,0.03,0,0,0,0,0,0,0,0,0,0,0,0,0,0,0,0,0,0,0,0,0
2.2225914001464844,0.0,0.0,0.0,-0.021865636110305786,-0.033463507890701294,0.0,0.0,0.24412810802459717,0.041656337678432465,0.03,0,0,0,0,0,0,0,0,0,0,0,0,0,0,0,0,0,0,0,0,0
2.223987340927124,0.0,0.0,0.0,-0.021554559469223022,-0.033504217863082886,0.0,0.0,0.34165915846824646,-0.0745878592133522,0.03,0,0,0,0,0,0,0,0,0,0,0,0,0,0,0,0,0,0,0,0,0
2.225074291229248,0.0,0.0,0.0,-0.021554559469223022,-0.033504217863082886,0.0,0.0,0.34165915846824646,-0.0745878592133522,0.03,0,0,0,0,0,0,0,0,0,0,0,0,0,0,0,0,0,0,0,0,0
2.226202964782715,0.0,0.0,0.0,-0.021554559469223022,-0.033504217863082886,0.0,0.0,0.34165915846824646,-0.0745878592133522,0.03,0,0,0,0,0,0,0,0,0,0,0,0,0,0,0,0,0,0,0,0,0
2.2273175716400146,0.0,0.0,0.0,-0.02145048975944519,-0.03271681070327759,0.0,0.0,0.2573784291744232,0.8036823272705078,0.03,0,0,0,0,0,0,0,0,0,0,0,0,0,0,0,0,0,0,0,0,0
2.2285585403442383,0.0,0.0,0.0,-0.02145048975944519,-0.03271681070327759,0.0,0.0,0.2573784291744232,0.8036823272705078,0.03,0,0,0,0,0,0,0,0,0,0,0,0,0,0,0,0,0,0,0,0,0
2.2304928302764893,0.0,0.0,0.0,-0.021387845277786255,-0.032927900552749634,0.0,0.0,0.29303890466690063,-0.5905956029891968,0.03,0,0,0,0,0,0,0,0,0,0,0,0,0,0,0,0,0,0,0,0,0
2.232614278793335,0.0,0.0,0.0,-0.021400928497314453,-0.033270418643951416,0.0,0.0,0.36296045780181885,-0.7736940383911133,0.03,0,0,0,0,0,0,0,0,0,0,0,0,0,0,0,0,0,0,0,0,0
2.234443187713623,0.0,0.0,0.0,-0.021400928497314453,-0.033270418643951416,0.0,0.0,0.36296045780181885,-0.7736940383911133,0.03,0,0,0,0,0,0,0,0,0,0,0,0,0,0,0,0,0,0,0,0,0
2.237778902053833,0.0,0.0,0.0,-0.021400928497314453,-0.033270418643951416,0.0,0.0,0.36296045780181885,-0.7736940383911133,0.03,0,0,0,0,0,0,0,0,0,0,0,0,0,0,0,0,0,0,0,0,0
2.2391369342803955,0.0,0.0,0.0,-0.021400928497314453,-0.033270418643951416,0.0,0.0,0.36296045780181885,-0.7736940383911133,0.03,0,0,0,0,0,0,0,0,0,0,0,0,0,0,0,0,0,0,0,0,0
2.241075277328491,0.0,0.0,0.0,-0.021400928497314453,-0.033270418643951416,0.0,0.0,0.36296045780181885,-0.7736940383911133,0.03,0,0,0,0,0,0,0,0,0,0,0,0,0,0,0,0,0,0,0,0,0
2.2424561977386475,0.0,0.0,0.0,-0.021400928497314453,-0.033270418643951416,0.0,0.0,0.36296045780181885,-0.7736940383911133,0.03,0,0,0,0,0,0,0,0,0,0,0,0,0,0,0,0,0,0,0,0,0
2.2436792850494385,0.0,0.0,0.0,-0.021400928497314453,-0.033270418643951416,0.0,0.0,0.36296045780181885,-0.7736940383911133,0.03,0,0,0,0,0,0,0,0,0,0,0,0,0,0,0,0,0,0,0,0,0
2.244781017303467,0.0,0.0,0.0,-0.021400928497314453,-0.033270418643951416,0.0,0.0,0.36296045780181885,-0.7736940383911133,0.03,0,0,0,0,0,0,0,0,0,0,0,0,0,0,0,0,0,0,0,0,0
2.2471306324005127,0.0,0.0,0.0,-0.021189451217651367,-0.03309124708175659,0.0,0.0,0.3919299840927124,-0.03733767941594124,0.03,0,0,0,0,0,0,0,0,0,0,0,0,0,0,0,0,0,0,0,0,0
2.248835325241089,0.0,0.0,0.0,-0.021189451217651367,-0.03309124708175659,0.0,0.0,0.3919299840927124,-0.03733767941594124,0.03,0,0,0,0,0,0,0,0,0,0,0,0,0,0,0,0,0,0,0,0,0
2.249931812286377,0.0,0.0,0.0,-0.021189451217651367,-0.03309124708175659,0.0,0.0,0.3919299840927124,-0.03733767941594124,0.03,0,0,0,0,0,0,0,0,0,0,0,0,0,0,0,0,0,0,0,0,0
2.251037120819092,0.0,0.0,0.0,-0.021189451217651367,-0.03309124708175659,0.0,0.0,0.3919299840927124,-0.03733767941594124,0.03,0,0,0,0,0,0,0,0,0,0,0,0,0,0,0,0,0,0,0,0,0
2.2522945404052734,0.0,0.0,0.0,-0.021189451217651367,-0.03309124708175659,0.0,0.0,0.3919299840927124,-0.03733767941594124,0.03,0,0,0,0,0,0,0,0,0,0,0,0,0,0,0,0,0,0,0,0,0
2.2541232109069824,0.0,0.0,0.0,-0.021186351776123047,-0.03300008177757263,0.0,0.0,0.4054809510707855,0.33393171429634094,0.03,0,0,0,0,0,0,0,0,0,0,0,0,0,0,0,0,0,0,0,0,0
2.255223035812378,0.0,0.0,0.0,-0.021186351776123047,-0.03300008177757263,0.0,0.0,0.4054809510707855,0.33393171429634094,0.03,0,0,0,0,0,0,0,0,0,0,0,0,0,0,0,0,0,0,0,0,0
2.2564682960510254,0.0,0.0,0.0,-0.021186351776123047,-0.03300008177757263,0.0,0.0,0.4054809510707855,0.33393171429634094,0.03,0,0,0,0,0,0,0,0,0,0,0,0,0,0,0,0,0,0,0,0,0
2.259018659591675,0.0,0.0,0.0,-0.021186351776123047,-0.03300008177757263,0.0,0.0,0.4054809510707855,0.33393171429634094,0.03,0,0,0,0,0,0,0,0,0,0,0,0,0,0,0,0,0,0,0,0,0
2.2601418495178223,0.0,0.0,0.0,-0.021186351776123047,-0.03300008177757263,0.0,0.0,0.4054809510707855,0.33393171429634094,0.03,0,0,0,0,0,0,0,0,0,0,0,0,0,0,0,0,0,0,0,0,0
2.2616684436798096,0.0,0.0,0.0,-0.021186351776123047,-0.03300008177757263,0.0,0.0,0.4054809510707855,0.33393171429634094,0.03,0,0,0,0,0,0,0,0,0,0,0,0,0,0,0,0,0,0,0,0,0
2.262735366821289,0.0,0.0,0.0,-0.021186351776123047,-0.03300008177757263,0.0,0.0,0.4054809510707855,0.33393171429634094,0.03,0,0,0,0,0,0,0,0,0,0,0,0,0,0,0,0,0,0,0,0,0
2.265437364578247,0.0,0.0,0.0,-0.020936936140060425,-0.03254324197769165,0.0,0.0,0.39668598771095276,0.6173637509346008,0.03,0,0,0,0,0,0,0,0,0,0,0,0,0,0,0,0,0,0,0,0,0
2.2666008472442627,0.0,0.0,0.0,-0.020936936140060425,-0.03254324197769165,0.0,0.0,0.39668598771095276,0.6173637509346008,0.03,0,0,0,0,0,0,0,0,0,0,0,0,0,0,0,0,0,0,0,0,0
2.2677836418151855,0.0,0.0,0.0,-0.020936936140060425,-0.03254324197769165,0.0,0.0,0.39668598771095276,0.6173637509346008,0.03,0,0,0,0,0,0,0,0,0,0,0,0,0,0,0,0,0,0,0,0,0
2.2690718173980713,0.0,0.0,0.0,-0.020936936140060425,-0.03254324197769165,0.0,0.0,0.39668598771095276,0.6173637509346008,0.03,0,0,0,0,0,0,0,0,0,0,0,0,0,0,0,0,0,0,0,0,0
2.2702271938323975,0.0,0.0,0.0,-0.020936936140060425,-0.03254324197769165,0.0,0.0,0.39668598771095276,0.6173637509346008,0.03,0,0,0,0,0,0,0,0,0,0,0,0,0,0,0,0,0,0,0,0,0
2.2716357707977295,0.0,0.0,0.0,-0.020936936140060425,-0.03254324197769165,0.0,0.0,0.39668598771095276,0.6173637509346008,0.03,0,0,0,0,0,0,0,0,0,0,0,0,0,0,0,0,0,0,0,0,0
2.273033380508423,0.0,0.0,0.0,-0.020936936140060425,-0.03254324197769165,0.0,0.0,0.39668598771095276,0.6173637509346008,0.03,0,0,0,0,0,0,0,0,0,0,0,0,0,0,0,0,0,0,0,0,0
2.274991512298584,0.0,0.0,0.0,-0.020936936140060425,-0.03254324197769165,0.0,0.0,0.39668598771095276,0.6173637509346008,0.03,0,0,0,0,0,0,0,0,0,0,0,0,0,0,0,0,0,0,0,0,0
2.276101589202881,0.0,0.0,0.0,-0.020877957344055176,-0.031648993492126465,0.0,0.0,0.3479437530040741,0.831680953502655,0.03,0,0,0,0,0,0,0,0,0,0,0,0,0,0,0,0,0,0,0,0,0
2.2774977684020996,0.0,0.0,0.0,-0.020877957344055176,-0.031648993492126465,0.0,0.0,0.3479437530040741,0.831680953502655,0.03,0,0,0,0,0,0,0,0,0,0,0,0,0,0,0,0,0,0,0,0,0
2.278625249862671,0.0,0.0,0.0,-0.020877957344055176,-0.031648993492126465,0.0,0.0,0.3479437530040741,0.831680953502655,0.03,0,0,0,0,0,0,0,0,0,0,0,0,0,0,0,0,0,0,0,0,0
2.282322883605957,0.0,0.0,0.0,-0.020877957344055176,-0.031648993492126465,0.0,0.0,0.3479437530040741,0.831680953502655,0.03,0,0,0,0,0,0,0,0,0,0,0,0,0,0,0,0,0,0,0,0,0
2.2837131023406982,0.0,0.0,0.0,-0.020877957344055176,-0.031648993492126465,0.0,0.0,0.3479437530040741,0.831680953502655,0.03,0,0,0,0,0,0,0,0,0,0,0,0,0,0,0,0,0,0,0,0,0
2.2852623462677,0.0,0.0,0.0,-0.020877957344055176,-0.031648993492126465,0.0,0.0,0.3479437530040741,0.831680953502655,0.03,0,0,0,0,0,0,0,0,0,0,0,0,0,0,0,0,0,0,0,0,0
2.2864108085632324,0.0,0.0,0.0,-0.020877957344055176,-0.031648993492126465,0.0,0.0,0.3479437530040741,0.831680953502655,0.03,0,0,0,0,0,0,0,0,0,0,0,0,0,0,0,0,0,0,0,0,0
2.287553310394287,0.0,0.0,0.0,-0.020877957344055176,-0.031648993492126465,0.0,0.0,0.3479437530040741,0.831680953502655,0.03,0,0,0,0,0,0,0,0,0,0,0,0,0,0,0,0,0,0,0,0,0
2.28872013092041,0.0,0.0,0.0,-0.020877957344055176,-0.031648993492126465,0.0,0.0,0.3479437530040741,0.831680953502655,0.03,0,0,0,0,0,0,0,0,0,0,0,0,0,0,0,0,0,0,0,0,0
2.2900400161743164,0.0,0.0,0.0,-0.020877957344055176,-0.031648993492126465,0.0,0.0,0.3479437530040741,0.831680953502655,0.03,0,0,0,0,0,0,0,0,0,0,0,0,0,0,0,0,0,0,0,0,0
2.2922022342681885,0.0,0.0,0.0,-0.020877957344055176,-0.031648993492126465,0.0,0.0,0.3479437530040741,0.831680953502655,0.03,0,0,0,0,0,0,0,0,0,0,0,0,0,0,0,0,0,0,0,0,0
2.2933828830718994,0.0,0.0,0.0,-0.020877957344055176,-0.031648993492126465,0.0,0.0,0.3479437530040741,0.831680953502655,0.03,0,0,0,0,0,0,0,0,0,0,0,0,0,0,0,0,0,0,0,0,0
2.294455051422119,0.0,0.0,0.0,-0.020877957344055176,-0.031648993492126465,0.0,0.0,0.3479437530040741,0.831680953502655,0.03,0,0,0,0,0,0,0,0,0,0,0,0,0,0,0,0,0,0,0,0,0
2.2956864833831787,0.0,0.0,0.0,-0.020573556423187256,-0.03126731514930725,0.0,0.0,0.28479111194610596,-0.006989894900470972,0.03,0,0,0,0,0,0,0,0,0,0,0,0,0,0,0,0,0,0,0,0,0
2.2970032691955566,0.0,0.0,0.0,-0.02051493525505066,-0.03208574652671814,0.0,0.0,0.42617300152778625,-0.4640035629272461,0.03,0,0,0,0,0,0,0,0,0,0,0,0,0,0,0,0,0,0,0,0,0
2.298308849334717,0.0,0.0,0.0,-0.020450055599212646,-0.03130802512168884,0.0,0.0,0.390896201133728,0.6758751273155212,0.03,0,0,0,0,0,0,0,0,0,0,0,0,0,0,0,0,0,0,0,0,0
2.299490451812744,0.0,0.0,0.0,-0.020398348569869995,-0.030987799167633057,0.0,0.0,0.33697575330734253,0.49699321389198303,0.03,0,0,0,0,0,0,0,0,0,0,0,0,0,0,0,0,0,0,0,0,0
2.300591468811035,0.0,0.0,0.0,-0.020398348569869995,-0.030987799167633057,0.0,0.0,0.33697575330734253,0.49699321389198303,0.03,0,0,0,0,0,0,0,0,0,0,0,0,0,0,0,0,0,0,0,0,0
2.301788806915283,0.0,0.0,0.0,-0.020398348569869995,-0.030987799167633057,0.0,0.0,0.33697575330734253,0.49699321389198303,0.03,0,0,0,0,0,0,0,0,0,0,0,0,0,0,0,0,0,0,0,0,0
2.3037631511688232,0.0,0.0,0.0,-0.020398348569869995,-0.030987799167633057,0.0,0.0,0.33697575330734253,0.49699321389198303,0.03,0,0,0,0,0,0,0,0,0,0,0,0,0,0,0,0,0,0,0,0,0
2.308647394180298,0.0,0.0,0.0,-0.020268231630325317,-0.031581759452819824,0.0,0.0,0.37269526720046997,-0.7988648414611816,0.03,0,0,0,0,0,0,0,0,0,0,0,0,0,0,0,0,0,0,0,0,0
2.30977725982666,0.0,0.0,0.0,-0.0202714204788208,-0.03165024518966675,0.0,0.0,0.40729013085365295,-0.6544873118400574,0.03,0,0,0,0,0,0,0,0,0,0,0,0,0,0,0,0,0,0,0,0,0
2.3116962909698486,0.0,0.0,0.0,-0.020211100578308105,-0.030930906534194946,0.0,0.0,0.3866192698478699,0.48495665192604065,0.03,0,0,0,0,0,0,0,0,0,0,0,0,0,0,0,0,0,0,0,0,0
2.3127989768981934,0.0,0.0,0.0,-0.020211100578308105,-0.030930906534194946,0.0,0.0,0.3866192698478699,0.48495665192604065,0.03,0,0,0,0,0,0,0,0,0,0,0,0,0,0,0,0,0,0,0,0,0
2.3143224716186523,0.0,0.0,0.0,-0.020211100578308105,-0.030930906534194946,0.0,0.0,0.3866192698478699,0.48495665192604065,0.03,0,0,0,0,0,0,0,0,0,0,0,0,0,0,0,0,0,0,0,0,0
2.315953493118286,0.0,0.0,0.0,-0.020211100578308105,-0.030930906534194946,0.0,0.0,0.3866192698478699,0.48495665192604065,0.03,0,0,0,0,0,0,0,0,0,0,0,0,0,0,0,0,0,0,0,0,0
2.317317485809326,0.0,0.0,0.0,-0.020211100578308105,-0.030930906534194946,0.0,0.0,0.3866192698478699,0.48495665192604065,0.03,0,0,0,0,0,0,0,0,0,0,0,0,0,0,0,0,0,0,0,0,0
2.318470001220703,0.0,0.0,0.0,-0.020211100578308105,-0.030930906534194946,0.0,0.0,0.3866192698478699,0.48495665192604065,0.03,0,0,0,0,0,0,0,0,0,0,0,0,0,0,0,0,0,0,0,0,0
2.3200604915618896,0.0,0.0,0.0,-0.020211100578308105,-0.030930906534194946,0.0,0.0,0.3866192698478699,0.48495665192604065,0.03,0,0,0,0,0,0,0,0,0,0,0,0,0,0,0,0,0,0,0,0,0
2.321469783782959,0.0,0.0,0.0,-0.020211100578308105,-0.030930906534194946,0.0,0.0,0.3866192698478699,0.48495665192604065,0.03,0,0,0,0,0,0,0,0,0,0,0,0,0,0,0,0,0,0,0,0,0
2.322601318359375,0.0,0.0,0.0,-0.020211100578308105,-0.030930906534194946,0.0,0.0,0.3866192698478699,0.48495665192604065,0.03,0,0,0,0,0,0,0,0,0,0,0,0,0,0,0,0,0,0,0,0,0
2.3237228393554688,0.0,0.0,0.0,-0.020211100578308105,-0.030930906534194946,0.0,0.0,0.3866192698478699,0.48495665192604065,0.03,0,0,0,0,0,0,0,0,0,0,0,0,0,0,0,0,0,0,0,0,0
2.325091600418091,0.0,0.0,0.0,-0.020211100578308105,-0.030930906534194946,0.0,0.0,0.3866192698478699,0.48495665192604065,0.03,0,0,0,0,0,0,0,0,0,0,0,0,0,0,0,0,0,0,0,0,0
2.3262054920196533,0.0,0.0,0.0,-0.02016526460647583,-0.03072035312652588,0.0,0.0,0.35653939843177795,0.4510979950428009,0.03,0,0,0,0,0,0,0,0,0,0,0,0,0,0,0,0,0,0,0,0,0
2.3274900913238525,0.0,0.0,0.0,-0.020089566707611084,-0.03066059947013855,0.0,0.0,0.2701300084590912,0.270374059677124,0.03,0,0,0,0,0,0,0,0,0,0,0,0,0,0,0,0,0,0,0,0,0
2.3290655612945557,0.0,0.0,0.0,-0.020054340362548828,-0.03069409728050232,0.0,0.0,0.28339365124702454,0.08374776691198349,0.03,0,0,0,0,0,0,0,0,0,0,0,0,0,0,0,0,0,0,0,0,0
2.3311614990234375,0.0,0.0,0.0,-0.020068258047103882,-0.030722588300704956,0.0,0.0,0.41144877672195435,-0.05486142635345459,0.03,0,0,0,0,0,0,0,0,0,0,0,0,0,0,0,0,0,0,0,0,0
2.334427833557129,0.0,0.0,0.0,-0.020068258047103882,-0.030722588300704956,0.0,0.0,0.41144877672195435,-0.05486142635345459,0.03,0,0,0,0,0,0,0,0,0,0,0,0,0,0,0,0,0,0,0,0,0
2.335641622543335,0.0,0.0,0.0,-0.020068258047103882,-0.030722588300704956,0.0,0.0,0.41144877672195435,-0.05486142635345459,0.03,0,0,0,0,0,0,0,0,0,0,0,0,0,0,0,0,0,0,0,0,0
2.336843729019165,0.0,0.0,0.0,-0.020068258047103882,-0.030722588300704956,0.0,0.0,0.41144877672195435,-0.05486142635345459,0.03,0,0,0,0,0,0,0,0,0,0,0,0,0,0,0,0,0,0,0,0,0
2.338630437850952,0.0,0.0,0.0,-0.020068258047103882,-0.030722588300704956,0.0,0.0,0.41144877672195435,-0.05486142635345459,0.03,0,0,0,0,0,0,0,0,0,0,0,0,0,0,0,0,0,0,0,0,0
2.339966058731079,0.0,0.0,0.0,-0.020068258047103882,-0.030722588300704956,0.0,0.0,0.41144877672195435,-0.05486142635345459,0.03,0,0,0,0,0,0,0,0,0,0,0,0,0,0,0,0,0,0,0,0,0
2.341212749481201,0.0,0.0,0.0,-0.020068258047103882,-0.030722588300704956,0.0,0.0,0.41144877672195435,-0.05486142635345459,0.03,0,0,0,0,0,0,0,0,0,0,0,0,0,0,0,0,0,0,0,0,0
2.3428428173065186,0.0,0.0,0.0,-0.020068258047103882,-0.030722588300704956,0.0,0.0,0.41144877672195435,-0.05486142635345459,0.03,0,0,0,0,0,0,0,0,0,0,0,0,0,0,0,0,0,0,0,0,0
2.344390869140625,0.0,0.0,0.0,-0.020068258047103882,-0.030722588300704956,0.0,0.0,0.41144877672195435,-0.05486142635345459,0.03,0,0,0,0,0,0,0,0,0,0,0,0,0,0,0,0,0,0,0,0,0
2.346222400665283,0.0,0.0,0.0,-0.019729793071746826,-0.030332833528518677,0.0,0.0,0.2940518260002136,0.01896425150334835,0.03,0,0,0,0,0,0,0,0,0,0,0,0,0,0,0,0,0,0,0,0,0
2.3475122451782227,0.0,0.0,0.0,-0.019729793071746826,-0.030332833528518677,0.0,0.0,0.2940518260002136,0.01896425150334835,0.03,0,0,0,0,0,0,0,0,0,0,0,0,0,0,0,0,0,0,0,0,0
2.348586320877075,0.0,0.0,0.0,-0.019729793071746826,-0.030332833528518677,0.0,0.0,0.2940518260002136,0.01896425150334835,0.03,0,0,0,0,0,0,0,0,0,0,0,0,0,0,0,0,0,0,0,0,0
2.3520288467407227,0.0,0.0,0.0,-0.019729793071746826,-0.030332833528518677,0.0,0.0,0.2940518260002136,0.01896425150334835,0.03,0,0,0,0,0,0,0,0,0,0,0,0,0,0,0,0,0,0,0,0,0
2.3538854122161865,0.0,0.0,0.0,-0.019729793071746826,-0.030332833528518677,0.0,0.0,0.2940518260002136,0.01896425150334835,0.03,0,0,0,0,0,0,0,0,0,0,0,0,0,0,0,0,0,0,0,0,0
2.35555100440979,0.0,0.0,0.0,-0.019729793071746826,-0.030332833528518677,0.0,0.0,0.2940518260002136,0.01896425150334835,0.03,0,0,0,0,0,0,0,0,0,0,0,0,0,0,0,0,0,0,0,0,0
2.3584821224212646,0.0,0.0,0.0,-0.01954028010368347,-0.02999293804168701,0.0,0.0,0.42941954731941223,-0.07812397927045822,0.03,0,0,0,0,0,0,0,0,0,0,0,0,0,0,0,0,0,0,0,0,0
2.360936403274536,0.0,0.0,0.0,-0.01954028010368347,-0.02999293804168701,0.0,0.0,0.42941954731941223,-0.07812397927045822,0.03,0,0,0,0,0,0,0,0,0,0,0,0,0,0,0,0,0,0,0,0,0
2.362470865249634,0.0,0.0,0.0,-0.01954028010368347,-0.02999293804168701,0.0,0.0,0.42941954731941223,-0.07812397927045822,0.03,0,0,0,0,0,0,0,0,0,0,0,0,0,0,0,0,0,0,0,0,0
2.363654851913452,0.0,0.0,0.0,-0.01954028010368347,-0.02999293804168701,0.0,0.0,0.42941954731941223,-0.07812397927045822,0.03,0,0,0,0,0,0,0,0,0,0,0,0,0,0,0,0,0,0,0,0,0
2.365901231765747,0.0,0.0,0.0,-0.01954028010368347,-0.02999293804168701,0.0,0.0,0.42941954731941223,-0.07812397927045822,0.03,0,0,0,0,0,0,0,0,0,0,0,0,0,0,0,0,0,0,0,0,0
2.367341995239258,0.0,0.0,0.0,-0.01954028010368347,-0.02999293804168701,0.0,0.0,0.42941954731941223,-0.07812397927045822,0.03,0,0,0,0,0,0,0,0,0,0,0,0,0,0,0,0,0,0,0,0,0
2.368460178375244,0.0,0.0,0.0,-0.01954028010368347,-0.02999293804168701,0.0,0.0,0.42941954731941223,-0.07812397927045822,0.03,0,0,0,0,0,0,0,0,0,0,0,0,0,0,0,0,0,0,0,0,0
2.3699100017547607,0.0,0.0,0.0,-0.01954028010368347,-0.02999293804168701,0.0,0.0,0.42941954731941223,-0.07812397927045822,0.03,0,0,0,0,0,0,0,0,0,0,0,0,0,0,0,0,0,0,0,0,0
2.371004343032837,0.0,0.0,0.0,-0.01954028010368347,-0.02999293804168701,0.0,0.0,0.42941954731941223,-0.07812397927045822,0.03,0,0,0,0,0,0,0,0,0,0,0,0,0,0,0,0,0,0,0,0,0
2.372262716293335,0.0,0.0,0.0,-0.01954028010368347,-0.02999293804168701,0.0,0.0,0.42941954731941223,-0.07812397927045822,0.03,0,0,0,0,0,0,0,0,0,0,0,0,0,0,0,0,0,0,0,0,0
2.3733603954315186,0.0,0.0,0.0,-0.01954028010368347,-0.02999293804168701,0.0,0.0,0.42941954731941223,-0.07812397927045822,0.03,0,0,0,0,0,0,0,0,0,0,0,0,0,0,0,0,0,0,0,0,0
2.3744232654571533,0.0,0.0,0.0,-0.01954028010368347,-0.02999293804168701,0.0,0.0,0.42941954731941223,-0.07812397927045822,0.03,0,0,0,0,0,0,0,0,0,0,0,0,0,0,0,0,0,0,0,0,0
2.3755385875701904,0.0,0.0,0.0,-0.01954028010368347,-0.02999293804168701,0.0,0.0,0.42941954731941223,-0.07812397927045822,0.03,0,0,0,0,0,0,0,0,0,0,0,0,0,0,0,0,0,0,0,0,0
2.3767197132110596,0.0,0.0,0.0,-0.01954028010368347,-0.02999293804168701,0.0,0.0,0.42941954731941223,-0.07812397927045822,0.03,0,0,0,0,0,0,0,0,0,0,0,0,0,0,0,0,0,0,0,0,0
2.3777964115142822,0.0,0.0,0.0,-0.01954028010368347,-0.02999293804168701,0.0,0.0,0.42941954731941223,-0.07812397927045822,0.03,0,0,0,0,0,0,0,0,0,0,0,0,0,0,0,0,0,0,0,0,0
2.378993034362793,0.0,0.0,0.0,-0.01954028010368347,-0.02999293804168701,0.0,0.0,0.42941954731941223,-0.07812397927045822,0.03,0,0,0,0,0,0,0,0,0,0,0,0,0,0,0,0,0,0,0,0,0
2.3812978267669678,0.0,0.0,0.0,-0.01954028010368347,-0.02999293804168701,0.0,0.0,0.42941954731941223,-0.07812397927045822,0.03,0,0,0,0,0,0,0,0,0,0,0,0,0,0,0,0,0,0,0,0,0
2.3834950923919678,0.0,0.0,0.0,-0.01954028010368347,-0.02999293804168701,0.0,0.0,0.42941954731941223,-0.07812397927045822,0.03,0,0,0,0,0,0,0,0,0,0,0,0,0,0,0,0,0,0,0,0,0
2.3854432106018066,0.0,0.0,0.0,-0.019286692142486572,-0.029673606157302856,0.0,0.0,0.27136164903640747,0.09406495839357376,0.03,0,0,0,0,0,0,0,0,0,0,0,0,0,0,0,0,0,0,0,0,0
2.3867886066436768,0.0,0.0,0.0,-0.0192413330078125,-0.029599517583847046,0.0,0.0,0.2527615427970886,0.08807085454463959,0.03,0,0,0,0,0,0,0,0,0,0,0,0,0,0,0,0,0,0,0,0,0
2.388542413711548,0.0,0.0,0.0,-0.01899614930152893,-0.02928447723388672,0.0,0.0,0.21642978489398956,0.10222900658845901,0.03,0,0,0,0,0,0,0,0,0,0,0,0,0,0,0,0,0,0,0,0,0
2.3896915912628174,0.0,0.0,0.0,-0.018936216831207275,-0.02924048900604248,0.0,0.0,0.24980428814888,-0.08207418769598007,0.03,0,0,0,0,0,0,0,0,0,0,0,0,0,0,0,0,0,0,0,0,0
2.392167091369629,0.0,0.0,0.0,-0.018880873918533325,-0.029238224029541016,0.0,0.0,0.2547569274902344,-0.16646258533000946,0.03,0,0,0,0,0,0,0,0,0,0,0,0,0,0,0,0,0,0,0,0,0
2.393357753753662,0.0,0.0,0.0,-0.018857598304748535,-0.029170870780944824,0.0,0.0,0.2737371623516083,-0.0648575872182846,0.03,0,0,0,0,0,0,0,0,0,0,0,0,0,0,0,0,0,0,0,0,0
2.3944551944732666,0.0,0.0,0.0,-0.018857598304748535,-0.029170870780944824,0.0,0.0,0.2737371623516083,-0.0648575872182846,0.03,0,0,0,0,0,0,0,0,0,0,0,0,0,0,0,0,0,0,0,0,0
2.395554542541504,0.0,0.0,0.0,-0.018857598304748535,-0.029170870780944824,0.0,0.0,0.2737371623516083,-0.0648575872182846,0.03,0,0,0,0,0,0,0,0,0,0,0,0,0,0,0,0,0,0,0,0,0
2.3972151279449463,0.0,0.0,0.0,-0.018857598304748535,-0.029170870780944824,0.0,0.0,0.2737371623516083,-0.0648575872182846,0.03,0,0,0,0,0,0,0,0,0,0,0,0,0,0,0,0,0,0,0,0,0
2.3983476161956787,0.0,0.0,0.0,-0.018857598304748535,-0.029170870780944824,0.0,0.0,0.2737371623516083,-0.0648575872182846,0.03,0,0,0,0,0,0,0,0,0,0,0,0,0,0,0,0,0,0,0,0,0
2.399888277053833,0.0,0.0,0.0,-0.01880401372909546,-0.02898922562599182,0.0,0.0,0.3236546218395233,-0.09769220650196075,0.03,0,0,0,0,0,0,0,0,0,0,0,0,0,0,0,0,0,0,0,0,0
2.401010513305664,0.0,0.0,0.0,-0.018577396869659424,-0.028836458921432495,0.0,0.0,0.22958916425704956,-0.09067389369010925,0.03,0,0,0,0,0,0,0,0,0,0,0,0,0,0,0,0,0,0,0,0,0
2.4022161960601807,0.0,0.0,0.0,-0.018577396869659424,-0.028836458921432495,0.0,0.0,0.22958916425704956,-0.09067389369010925,0.03,0,0,0,0,0,0,0,0,0,0,0,0,0,0,0,0,0,0,0,0,0
2.4034526348114014,0.0,0.0,0.0,-0.018568217754364014,-0.02877938747406006,0.0,0.0,0.27653440833091736,-0.08765415102243423,0.03,0,0,0,0,0,0,0,0,0,0,0,0,0,0,0,0,0,0,0,0,0
2.4048070907592773,0.0,0.0,0.0,-0.018568217754364014,-0.02877938747406006,0.0,0.0,0.27653440833091736,-0.08765415102243423,0.03,0,0,0,0,0,0,0,0,0,0,0,0,0,0,0,0,0,0,0,0,0
2.4068901538848877,0.0,0.0,0.0,-0.018568217754364014,-0.02877938747406006,0.0,0.0,0.27653440833091736,-0.08765415102243423,0.03,0,0,0,0,0,0,0,0,0,0,0,0,0,0,0,0,0,0,0,0,0
2.407991647720337,0.0,0.0,0.0,-0.018568217754364014,-0.02877938747406006,0.0,0.0,0.27653440833091736,-0.08765415102243423,0.03,0,0,0,0,0,0,0,0,0,0,0,0,0,0,0,0,0,0,0,0,0
2.410041093826294,0.0,0.0,0.0,-0.018568217754364014,-0.02877938747406006,0.0,0.0,0.27653440833091736,-0.08765415102243423,0.03,0,0,0,0,0,0,0,0,0,0,0,0,0,0,0,0,0,0,0,0,0
2.411451816558838,0.0,0.0,0.0,-0.018568217754364014,-0.02877938747406006,0.0,0.0,0.27653440833091736,-0.08765415102243423,0.03,0,0,0,0,0,0,0,0,0,0,0,0,0,0,0,0,0,0,0,0,0
2.4127254486083984,0.0,0.0,0.0,-0.018568217754364014,-0.02877938747406006,0.0,0.0,0.27653440833091736,-0.08765415102243423,0.03,0,0,0,0,0,0,0,0,0,0,0,0,0,0,0,0,0,0,0,0,0
2.413888692855835,0.0,0.0,0.0,-0.018568217754364014,-0.02877938747406006,0.0,0.0,0.27653440833091736,-0.08765415102243423,0.03,0,0,0,0,0,0,0,0,0,0,0,0,0,0,0,0,0,0,0,0,0
2.4150614738464355,0.0,0.0,0.0,-0.018568217754364014,-0.02877938747406006,0.0,0.0,0.27653440833091736,-0.08765415102243423,0.03,0,0,0,0,0,0,0,0,0,0,0,0,0,0,0,0,0,0,0,0,0
2.41628098487854,0.0,0.0,0.0,-0.018568217754364014,-0.02877938747406006,0.0,0.0,0.27653440833091736,-0.08765415102243423,0.03,0,0,0,0,0,0,0,0,0,0,0,0,0,0,0,0,0,0,0,0,0
2.4174978733062744,0.0,0.0,0.0,-0.018568217754364014,-0.02877938747406006,0.0,0.0,0.27653440833091736,-0.08765415102243423,0.03,0,0,0,0,0,0,0,0,0,0,0,0,0,0,0,0,0,0,0,0,0
2.4187724590301514,0.0,0.0,0.0,-0.018568217754364014,-0.02877938747406006,0.0,0.0,0.27653440833091736,-0.08765415102243423,0.03,0,0,0,0,0,0,0,0,0,0,0,0,0,0,0,0,0,0,0,0,0
2.4201698303222656,0.0,0.0,0.0,-0.018568217754364014,-0.02877938747406006,0.0,0.0,0.27653440833091736,-0.08765415102243423,0.03,0,0,0,0,0,0,0,0,0,0,0,0,0,0,0,0,0,0,0,0,0
2.4217121601104736,0.0,0.0,0.0,-0.018568217754364014,-0.02877938747406006,0.0,0.0,0.27653440833091736,-0.08765415102243423,0.03,0,0,0,0,0,0,0,0,0,0,0,0,0,0,0,0,0,0,0,0,0
2.4228007793426514,0.0,0.0,0.0,-0.018568217754364014,-0.02877938747406006,0.0,0.0,0.27653440833091736,-0.08765415102243423,0.03,0,0,0,0,0,0,0,0,0,0,0,0,0,0,0,0,0,0,0,0,0
2.4254181385040283,0.0,0.0,0.0,-0.018568217754364014,-0.02877938747406006,0.0,0.0,0.27653440833091736,-0.08765415102243423,0.03,0,0,0,0,0,0,0,0,0,0,0,0,0,0,0,0,0,0,0,0,0
2.4269649982452393,0.0,0.0,0.0,-0.018568217754364014,-0.02877938747406006,0.0,0.0,0.27653440833091736,-0.08765415102243423,0.03,0,0,0,0,0,0,0,0,0,0,0,0,0,0,0,0,0,0,0,0,0
2.428218364715576,0.0,0.0,0.0,-0.018568217754364014,-0.02877938747406006,0.0,0.0,0.27653440833091736,-0.08765415102243423,0.03,0,0,0,0,0,0,0,0,0,0,0,0,0,0,0,0,0,0,0,0,0
2.429408311843872,0.0,0.0,0.0,-0.018568217754364014,-0.02877938747406006,0.0,0.0,0.27653440833091736,-0.08765415102243423,0.03,0,0,0,0,0,0,0,0,0,0,0,0,0,0,0,0,0,0,0,0,0
2.4305002689361572,0.0,0.0,0.0,-0.018568217754364014,-0.02877938747406006,0.0,0.0,0.27653440833091736,-0.08765415102243423,0.03,0,0,0,0,0,0,0,0,0,0,0,0,0,0,0,0,0,0,0,0,0
2.4318878650665283,0.0,0.0,0.0,-0.018568217754364014,-0.02877938747406006,0.0,0.0,0.27653440833091736,-0.08765415102243423,0.03,0,0,0,0,0,0,0,0,0,0,0,0,0,0,0,0,0,0,0,0,0
2.433812141418457,0.0,0.0,0.0,-0.018283307552337646,-0.028255999088287354,0.0,0.0,0.28917449712753296,-0.0908571407198906,0.03,0,0,0,0,0,0,0,0,0,0,0,0,0,0,0,0,0,0,0,0,0
2.434922218322754,0.0,0.0,0.0,-0.01812911033630371,-0.028071284294128418,0.0,0.0,0.2599666118621826,0.010076501406729221,0.03,0,0,0,0,0,0,0,0,0,0,0,0,0,0,0,0,0,0,0,0,0
2.436436653137207,0.0,0.0,0.0,-0.01812911033630371,-0.028071284294128418,0.0,0.0,0.2599666118621826,0.010076501406729221,0.03,0,0,0,0,0,0,0,0,0,0,0,0,0,0,0,0,0,0,0,0,0
2.4375016689300537,0.0,0.0,0.0,-0.01812911033630371,-0.028071284294128418,0.0,0.0,0.2599666118621826,0.010076501406729221,0.03,0,0,0,0,0,0,0,0,0,0,0,0,0,0,0,0,0,0,0,0,0
2.4409639835357666,0.0,0.0,0.0,-0.017987370491027832,-0.027761489152908325,0.0,0.0,0.29367032647132874,-0.026242323219776154,0.03,0,0,0,0,0,0,0,0,0,0,0,0,0,0,0,0,0,0,0,0,0
2.442509651184082,0.0,0.0,0.0,-0.017987370491027832,-0.027761489152908325,0.0,0.0,0.29367032647132874,-0.026242323219776154,0.03,0,0,0,0,0,0,0,0,0,0,0,0,0,0,0,0,0,0,0,0,0
2.4438602924346924,0.0,0.0,0.0,-0.017987370491027832,-0.027761489152908325,0.0,0.0,0.29367032647132874,-0.026242323219776154,0.03,0,0,0,0,0,0,0,0,0,0,0,0,0,0,0,0,0,0,0,0,0
2.4457664489746094,0.0,0.0,0.0,-0.017823368310928345,-0.027580738067626953,0.0,0.0,0.21662144362926483,-0.03537895902991295,0.03,0,0,0,0,0,0,0,0,0,0,0,0,0,0,0,0,0,0,0,0,0
2.446878671646118,0.0,0.0,0.0,-0.017823368310928345,-0.027580738067626953,0.0,0.0,0.21662144362926483,-0.03537895902991295,0.03,0,0,0,0,0,0,0,0,0,0,0,0,0,0,0,0,0,0,0,0,0
2.4480504989624023,0.0,0.0,0.0,-0.017823368310928345,-0.027580738067626953,0.0,0.0,0.21662144362926483,-0.03537895902991295,0.03,0,0,0,0,0,0,0,0,0,0,0,0,0,0,0,0,0,0,0,0,0
2.449160099029541,0.0,0.0,0.0,-0.017781198024749756,-0.027524590492248535,0.0,0.0,0.2574184238910675,-0.09388379752635956,0.03,0,0,0,0,0,0,0,0,0,0,0,0,0,0,0,0,0,0,0,0,0
2.4504008293151855,0.0,0.0,0.0,-0.017781198024749756,-0.027524590492248535,0.0,0.0,0.2574184238910675,-0.09388379752635956,0.03,0,0,0,0,0,0,0,0,0,0,0,0,0,0,0,0,0,0,0,0,0
2.451521158218384,0.0,0.0,0.0,-0.017781198024749756,-0.027524590492248535,0.0,0.0,0.2574184238910675,-0.09388379752635956,0.03,0,0,0,0,0,0,0,0,0,0,0,0,0,0,0,0,0,0,0,0,0
2.452932596206665,0.0,0.0,0.0,-0.017781198024749756,-0.027524590492248535,0.0,0.0,0.2574184238910675,-0.09388379752635956,0.03,0,0,0,0,0,0,0,0,0,0,0,0,0,0,0,0,0,0,0,0,0
2.4540212154388428,0.0,0.0,0.0,-0.017781198024749756,-0.027524590492248535,0.0,0.0,0.2574184238910675,-0.09388379752635956,0.03,0,0,0,0,0,0,0,0,0,0,0,0,0,0,0,0,0,0,0,0,0
2.455735445022583,0.0,0.0,0.0,-0.017781198024749756,-0.027524590492248535,0.0,0.0,0.2574184238910675,-0.09388379752635956,0.03,0,0,0,0,0,0,0,0,0,0,0,0,0,0,0,0,0,0,0,0,0
2.4574100971221924,0.0,0.0,0.0,-0.017781198024749756,-0.027524590492248535,0.0,0.0,0.2574184238910675,-0.09388379752635956,0.03,0,0,0,0,0,0,0,0,0,0,0,0,0,0,0,0,0,0,0,0,0
2.458871841430664,0.0,0.0,0.0,-0.017781198024749756,-0.027524590492248535,0.0,0.0,0.2574184238910675,-0.09388379752635956,0.03,0,0,0,0,0,0,0,0,0,0,0,0,0,0,0,0,0,0,0,0,0
2.4601995944976807,0.0,0.0,0.0,-0.017781198024749756,-0.027524590492248535,0.0,0.0,0.2574184238910675,-0.09388379752635956,0.03,0,0,0,0,0,0,0,0,0,0,0,0,0,0,0,0,0,0,0,0,0
2.461533784866333,0.0,0.0,0.0,-0.017781198024749756,-0.027524590492248535,0.0,0.0,0.2574184238910675,-0.09388379752635956,0.03,0,0,0,0,0,0,0,0,0,0,0,0,0,0,0,0,0,0,0,0,0
2.4628849029541016,0.0,0.0,0.0,-0.017781198024749756,-0.027524590492248535,0.0,0.0,0.2574184238910675,-0.09388379752635956,0.03,0,0,0,0,0,0,0,0,0,0,0,0,0,0,0,0,0,0,0,0,0
2.464543581008911,0.0,0.0,0.0,-0.017781198024749756,-0.027524590492248535,0.0,0.0,0.2574184238910675,-0.09388379752635956,0.03,0,0,0,0,0,0,0,0,0,0,0,0,0,0,0,0,0,0,0,0,0
2.465925931930542,0.0,0.0,0.0,-0.017781198024749756,-0.027524590492248535,0.0,0.0,0.2574184238910675,-0.09388379752635956,0.03,0,0,0,0,0,0,0,0,0,0,0,0,0,0,0,0,0,0,0,0,0
2.467160940170288,0.0,0.0,0.0,-0.017781198024749756,-0.027524590492248535,0.0,0.0,0.2574184238910675,-0.09388379752635956,0.03,0,0,0,0,0,0,0,0,0,0,0,0,0,0,0,0,0,0,0,0,0
2.4694268703460693,0.0,0.0,0.0,-0.017523765563964844,-0.02706819772720337,0.0,0.0,0.24466130137443542,-0.07457590103149414,0.03,0,0,0,0,0,0,0,0,0,0,0,0,0,0,0,0,0,0,0,0,0
2.4708409309387207,0.0,0.0,0.0,-0.017523765563964844,-0.02706819772720337,0.0,0.0,0.24466130137443542,-0.07457590103149414,0.03,0,0,0,0,0,0,0,0,0,0,0,0,0,0,0,0,0,0,0,0,0
2.472036123275757,0.0,0.0,0.0,-0.017523765563964844,-0.02706819772720337,0.0,0.0,0.24466130137443542,-0.07457590103149414,0.03,0,0,0,0,0,0,0,0,0,0,0,0,0,0,0,0,0,0,0,0,0
2.4733119010925293,0.0,0.0,0.0,-0.017523765563964844,-0.02706819772720337,0.0,0.0,0.24466130137443542,-0.07457590103149414,0.03,0,0,0,0,0,0,0,0,0,0,0,0,0,0,0,0,0,0,0,0,0
2.474377393722534,0.0,0.0,0.0,-0.017523765563964844,-0.02706819772720337,0.0,0.0,0.24466130137443542,-0.07457590103149414,0.03,0,0,0,0,0,0,0,0,0,0,0,0,0,0,0,0,0,0,0,0,0
2.475445032119751,0.0,0.0,0.0,-0.017523765563964844,-0.02706819772720337,0.0,0.0,0.24466130137443542,-0.07457590103149414,0.03,0,0,0,0,0,0,0,0,0,0,0,0,0,0,0,0,0,0,0,0,0
2.4766783714294434,0.0,0.0,0.0,-0.017512738704681396,-0.027050048112869263,0.0,0.0,0.26229584217071533,-0.12407909333705902,0.03,0,0,0,0,0,0,0,0,0,0,0,0,0,0,0,0,0,0,0,0,0
2.4784984588623047,0.0,0.0,0.0,-0.017363637685775757,-0.026861727237701416,0.0,0.0,0.22596853971481323,0.0347636342048645,0.03,0,0,0,0,0,0,0,0,0,0,0,0,0,0,0,0,0,0,0,0,0
2.4796528816223145,0.0,0.0,0.0,-0.017363637685775757,-0.026861727237701416,0.0,0.0,0.22596853971481323,0.0347636342048645,0.03,0,0,0,0,0,0,0,0,0,0,0,0,0,0,0,0,0,0,0,0,0
2.4821410179138184,0.0,0.0,0.0,-0.017315804958343506,-0.02675420045852661,0.0,0.0,0.25259408354759216,-0.06897100061178207,0.03,0,0,0,0,0,0,0,0,0,0,0,0,0,0,0,0,0,0,0,0,0
2.484957218170166,0.0,0.0,0.0,-0.017315804958343506,-0.02675420045852661,0.0,0.0,0.25259408354759216,-0.06897100061178207,0.03,0,0,0,0,0,0,0,0,0,0,0,0,0,0,0,0,0,0,0,0,0
2.48721981048584,0.0,0.0,0.0,-0.017315804958343506,-0.02675420045852661,0.0,0.0,0.25259408354759216,-0.06897100061178207,0.03,0,0,0,0,0,0,0,0,0,0,0,0,0,0,0,0,0,0,0,0,0
2.489959239959717,0.0,0.0,0.0,-0.017315804958343506,-0.02675420045852661,0.0,0.0,0.25259408354759216,-0.06897100061178207,0.03,0,0,0,0,0,0,0,0,0,0,0,0,0,0,0,0,0,0,0,0,0
2.4912474155426025,0.0,0.0,0.0,-0.017315804958343506,-0.02675420045852661,0.0,0.0,0.25259408354759216,-0.06897100061178207,0.03,0,0,0,0,0,0,0,0,0,0,0,0,0,0,0,0,0,0,0,0,0
2.4923596382141113,0.0,0.0,0.0,-0.017315804958343506,-0.02675420045852661,0.0,0.0,0.25259408354759216,-0.06897100061178207,0.03,0,0,0,0,0,0,0,0,0,0,0,0,0,0,0,0,0,0,0,0,0
2.4935531616210938,0.0,0.0,0.0,-0.017315804958343506,-0.02675420045852661,0.0,0.0,0.25259408354759216,-0.06897100061178207,0.03,0,0,0,0,0,0,0,0,0,0,0,0,0,0,0,0,0,0,0,0,0
2.494746446609497,0.0,0.0,0.0,-0.017315804958343506,-0.02675420045852661,0.0,0.0,0.25259408354759216,-0.06897100061178207,0.03,0,0,0,0,0,0,0,0,0,0,0,0,0,0,0,0,0,0,0,0,0
2.496356248855591,0.0,0.0,0.0,-0.017315804958343506,-0.02675420045852661,0.0,0.0,0.25259408354759216,-0.06897100061178207,0.03,0,0,0,0,0,0,0,0,0,0,0,0,0,0,0,0,0,0,0,0,0
2.4977779388427734,0.0,0.0,0.0,-0.017315804958343506,-0.02675420045852661,0.0,0.0,0.25259408354759216,-0.06897100061178207,0.03,0,0,0,0,0,0,0,0,0,0,0,0,0,0,0,0,0,0,0,0,0
2.4994940757751465,0.0,0.0,0.0,-0.017315804958343506,-0.02675420045852661,0.0,0.0,0.25259408354759216,-0.06897100061178207,0.03,0,0,0,0,0,0,0,0,0,0,0,0,0,0,0,0,0,0,0,0,0
2.5010082721710205,0.0,0.0,0.0,-0.017315804958343506,-0.02675420045852661,0.0,0.0,0.25259408354759216,-0.06897100061178207,0.03,0,0,0,0,0,0,0,0,0,0,0,0,0,0,0,0,0,0,0,0,0
2.5020925998687744,0.0,0.0,0.0,-0.017315804958343506,-0.02675420045852661,0.0,0.0,0.25259408354759216,-0.06897100061178207,0.03,0,0,0,0,0,0,0,0,0,0,0,0,0,0,0,0,0,0,0,0,0
2.5046615600585938,0.0,0.0,0.0,-0.017315804958343506,-0.02675420045852661,0.0,0.0,0.25259408354759216,-0.06897100061178207,0.03,0,0,0,0,0,0,0,0,0,0,0,0,0,0,0,0,0,0,0,0,0
2.5065574645996094,0.0,0.0,0.0,-0.017315804958343506,-0.02675420045852661,0.0,0.0,0.25259408354759216,-0.06897100061178207,0.03,0,0,0,0,0,0,0,0,0,0,0,0,0,0,0,0,0,0,0,0,0
2.5079286098480225,0.0,0.0,0.0,-0.017315804958343506,-0.02675420045852661,0.0,0.0,0.25259408354759216,-0.06897100061178207,0.03,0,0,0,0,0,0,0,0,0,0,0,0,0,0,0,0,0,0,0,0,0
2.5103349685668945,0.0,0.0,0.0,-0.017315804958343506,-0.02675420045852661,0.0,0.0,0.25259408354759216,-0.06897100061178207,0.03,0,0,0,0,0,0,0,0,0,0,0,0,0,0,0,0,0,0,0,0,0
2.512251138687134,0.0,0.0,0.0,-0.017315804958343506,-0.02675420045852661,0.0,0.0,0.25259408354759216,-0.06897100061178207,0.03,0,0,0,0,0,0,0,0,0,0,0,0,0,0,0,0,0,0,0,0,0
2.5134048461914062,0.0,0.0,0.0,-0.017315804958343506,-0.02675420045852661,0.0,0.0,0.25259408354759216,-0.06897100061178207,0.03,0,0,0,0,0,0,0,0,0,0,0,0,0,0,0,0,0,0,0,0,0
2.5149803161621094,0.0,0.0,0.0,-0.017315804958343506,-0.02675420045852661,0.0,0.0,0.25259408354759216,-0.06897100061178207,0.03,0,0,0,0,0,0,0,0,0,0,0,0,0,0,0,0,0,0,0,0,0
2.5169341564178467,0.0,0.0,0.0,-0.017315804958343506,-0.02675420045852661,0.0,0.0,0.25259408354759216,-0.06897100061178207,0.03,0,0,0,0,0,0,0,0,0,0,0,0,0,0,0,0,0,0,0,0,0
2.518307685852051,0.0,0.0,0.0,-0.017315804958343506,-0.02675420045852661,0.0,0.0,0.25259408354759216,-0.06897100061178207,0.03,0,0,0,0,0,0,0,0,0,0,0,0,0,0,0,0,0,0,0,0,0
2.519489288330078,0.0,0.0,0.0,-0.017315804958343506,-0.02675420045852661,0.0,0.0,0.25259408354759216,-0.06897100061178207,0.03,0,0,0,0,0,0,0,0,0,0,0,0,0,0,0,0,0,0,0,0,0
2.5207808017730713,0.0,0.0,0.0,-0.017315804958343506,-0.02675420045852661,0.0,0.0,0.25259408354759216,-0.06897100061178207,0.03,0,0,0,0,0,0,0,0,0,0,0,0,0,0,0,0,0,0,0,0,0
2.521937131881714,0.0,0.0,0.0,-0.017315804958343506,-0.02675420045852661,0.0,0.0,0.25259408354759216,-0.06897100061178207,0.03,0,0,0,0,0,0,0,0,0,0,0,0,0,0,0,0,0,0,0,0,0
2.523005247116089,0.0,0.0,0.0,-0.017315804958343506,-0.02675420045852661,0.0,0.0,0.25259408354759216,-0.06897100061178207,0.03,0,0,0,0,0,0,0,0,0,0,0,0,0,0,0,0,0,0,0,0,0
2.524090528488159,0.0,0.0,0.0,-0.017315804958343506,-0.02675420045852661,0.0,0.0,0.25259408354759216,-0.06897100061178207,0.03,0,0,0,0,0,0,0,0,0,0,0,0,0,0,0,0,0,0,0,0,0
2.5252344608306885,0.0,0.0,0.0,-0.017315804958343506,-0.02675420045852661,0.0,0.0,0.25259408354759216,-0.06897100061178207,0.03,0,0,0,0,0,0,0,0,0,0,0,0,0,0,0,0,0,0,0,0,0
2.526435375213623,0.0,0.0,0.0,-0.017315804958343506,-0.02675420045852661,0.0,0.0,0.25259408354759216,-0.06897100061178207,0.03,0,0,0,0,0,0,0,0,0,0,0,0,0,0,0,0,0,0,0,0,0
2.527651786804199,0.0,0.0,0.0,-0.017315804958343506,-0.02675420045852661,0.0,0.0,0.25259408354759216,-0.06897100061178207,0.03,0,0,0,0,0,0,0,0,0,0,0,0,0,0,0,0,0,0,0,0,0
2.5287563800811768,0.0,0.0,0.0,-0.017315804958343506,-0.02675420045852661,0.0,0.0,0.25259408354759216,-0.06897100061178207,0.03,0,0,0,0,0,0,0,0,0,0,0,0,0,0,0,0,0,0,0,0,0
2.529897928237915,0.0,0.0,0.0,-0.017315804958343506,-0.02675420045852661,0.0,0.0,0.25259408354759216,-0.06897100061178207,0.03,0,0,0,0,0,0,0,0,0,0,0,0,0,0,0,0,0,0,0,0,0
2.5317134857177734,0.0,0.0,0.0,-0.017315804958343506,-0.02675420045852661,0.0,0.0,0.25259408354759216,-0.06897100061178207,0.03,0,0,0,0,0,0,0,0,0,0,0,0,0,0,0,0,0,0,0,0,0
2.5335586071014404,0.0,0.0,0.0,-0.017315804958343506,-0.02675420045852661,0.0,0.0,0.25259408354759216,-0.06897100061178207,0.03,0,0,0,0,0,0,0,0,0,0,0,0,0,0,0,0,0,0,0,0,0
2.5350282192230225,0.0,0.0,0.0,-0.017315804958343506,-0.02675420045852661,0.0,0.0,0.25259408354759216,-0.06897100061178207,0.03,0,0,0,0,0,0,0,0,0,0,0,0,0,0,0,0,0,0,0,0,0
2.5361313819885254,0.0,0.0,0.0,-0.017315804958343506,-0.02675420045852661,0.0,0.0,0.25259408354759216,-0.06897100061178207,0.03,0,0,0,0,0,0,0,0,0,0,0,0,0,0,0,0,0,0,0,0,0
2.5389506816864014,0.0,0.0,0.0,-0.017315804958343506,-0.02675420045852661,0.0,0.0,0.25259408354759216,-0.06897100061178207,0.03,0,0,0,0,0,0,0,0,0,0,0,0,0,0,0,0,0,0,0,0,0
2.540041208267212,0.0,0.0,0.0,-0.017055869102478027,-0.02642717957496643,0.0,0.0,0.2832461893558502,-0.2263699322938919,0.03,0,0,0,0,0,0,0,0,0,0,0,0,0,0,0,0,0,0,0,0,0
2.541236400604248,0.0,0.0,0.0,-0.017055869102478027,-0.02642717957496643,0.0,0.0,0.2832461893558502,-0.2263699322938919,0.03,0,0,0,0,0,0,0,0,0,0,0,0,0,0,0,0,0,0,0,0,0
2.5423784255981445,0.0,0.0,0.0,-0.017055869102478027,-0.02642717957496643,0.0,0.0,0.2832461893558502,-0.2263699322938919,0.03,0,0,0,0,0,0,0,0,0,0,0,0,0,0,0,0,0,0,0,0,0
2.5434587001800537,0.0,0.0,0.0,-0.017055869102478027,-0.02642717957496643,0.0,0.0,0.2832461893558502,-0.2263699322938919,0.03,0,0,0,0,0,0,0,0,0,0,0,0,0,0,0,0,0,0,0,0,0
2.544581413269043,0.0,0.0,0.0,-0.017055869102478027,-0.02642717957496643,0.0,0.0,0.2832461893558502,-0.2263699322938919,0.03,0,0,0,0,0,0,0,0,0,0,0,0,0,0,0,0,0,0,0,0,0
2.5458426475524902,0.0,0.0,0.0,-0.017055869102478027,-0.02642717957496643,0.0,0.0,0.2832461893558502,-0.2263699322938919,0.03,0,0,0,0,0,0,0,0,0,0,0,0,0,0,0,0,0,0,0,0,0
2.547389507293701,0.0,0.0,0.0,-0.017055869102478027,-0.02642717957496643,0.0,0.0,0.2832461893558502,-0.2263699322938919,0.03,0,0,0,0,0,0,0,0,0,0,0,0,0,0,0,0,0,0,0,0,0
2.548675775527954,0.0,0.0,0.0,-0.016652077436447144,-0.02595585584640503,0.0,0.0,0.31456252932548523,-0.3032888174057007,0.03,0,0,0,0,0,0,0,0,0,0,0,0,0,0,0,0,0,0,0,0,0
2.549823045730591,0.0,0.0,0.0,-0.016345500946044922,-0.025529056787490845,0.0,0.0,0.29923805594444275,-0.2550768256187439,0.03,0,0,0,0,0,0,0,0,0,0,0,0,0,0,0,0,0,0,0,0,0
2.5508999824523926,0.0,0.0,0.0,-0.016345500946044922,-0.025529056787490845,0.0,0.0,0.29923805594444275,-0.2550768256187439,0.03,0,0,0,0,0,0,0,0,0,0,0,0,0,0,0,0,0,0,0,0,0
2.552004814147949,0.0,0.0,0.0,-0.016345500946044922,-0.025529056787490845,0.0,0.0,0.29923805594444275,-0.2550768256187439,0.03,0,0,0,0,0,0,0,0,0,0,0,0,0,0,0,0,0,0,0,0,0
2.553492784500122,0.0,0.0,0.0,-0.016345500946044922,-0.025529056787490845,0.0,0.0,0.29923805594444275,-0.2550768256187439,0.03,0,0,0,0,0,0,0,0,0,0,0,0,0,0,0,0,0,0,0,0,0
2.555152416229248,0.0,0.0,0.0,-0.016345500946044922,-0.025529056787490845,0.0,0.0,0.29923805594444275,-0.2550768256187439,0.03,0,0,0,0,0,0,0,0,0,0,0,0,0,0,0,0,0,0,0,0,0
2.5565428733825684,0.0,0.0,0.0,-0.016345500946044922,-0.025529056787490845,0.0,0.0,0.29923805594444275,-0.2550768256187439,0.03,0,0,0,0,0,0,0,0,0,0,0,0,0,0,0,0,0,0,0,0,0
2.5577876567840576,0.0,0.0,0.0,-0.016345500946044922,-0.025529056787490845,0.0,0.0,0.29923805594444275,-0.2550768256187439,0.03,0,0,0,0,0,0,0,0,0,0,0,0,0,0,0,0,0,0,0,0,0
2.5595502853393555,0.0,0.0,0.0,-0.016345500946044922,-0.025529056787490845,0.0,0.0,0.29923805594444275,-0.2550768256187439,0.03,0,0,0,0,0,0,0,0,0,0,0,0,0,0,0,0,0,0,0,0,0
2.560671329498291,0.0,0.0,0.0,-0.016345500946044922,-0.025529056787490845,0.0,0.0,0.29923805594444275,-0.2550768256187439,0.03,0,0,0,0,0,0,0,0,0,0,0,0,0,0,0,0,0,0,0,0,0
2.5619277954101562,0.0,0.0,0.0,-0.016345500946044922,-0.025529056787490845,0.0,0.0,0.29923805594444275,-0.2550768256187439,0.03,0,0,0,0,0,0,0,0,0,0,0,0,0,0,0,0,0,0,0,0,0
2.564187526702881,0.0,0.0,0.0,-0.016345500946044922,-0.025529056787490845,0.0,0.0,0.29923805594444275,-0.2550768256187439,0.03,0,0,0,0,0,0,0,0,0,0,0,0,0,0,0,0,0,0,0,0,0
2.5665502548217773,0.0,0.0,0.0,-0.016345500946044922,-0.025529056787490845,0.0,0.0,0.29923805594444275,-0.2550768256187439,0.03,0,0,0,0,0,0,0,0,0,0,0,0,0,0,0,0,0,0,0,0,0
2.5678622722625732,0.0,0.0,0.0,-0.016345500946044922,-0.025529056787490845,0.0,0.0,0.29923805594444275,-0.2550768256187439,0.03,0,0,0,0,0,0,0,0,0,0,0,0,0,0,0,0,0,0,0,0,0
2.571362018585205,0.0,0.0,0.0,-0.016345500946044922,-0.025529056787490845,0.0,0.0,0.29923805594444275,-0.2550768256187439,0.03,0,0,0,0,0,0,0,0,0,0,0,0,0,0,0,0,0,0,0,0,0
2.5724599361419678,0.0,0.0,0.0,-0.016345500946044922,-0.025529056787490845,0.0,0.0,0.29923805594444275,-0.2550768256187439,0.03,0,0,0,0,0,0,0,0,0,0,0,0,0,0,0,0,0,0,0,0,0
2.5757553577423096,0.0,0.0,0.0,-0.016116350889205933,-0.025072962045669556,0.0,0.0,0.3386535942554474,-0.23538625240325928,0.03,0,0,0,0,0,0,0,0,0,0,0,0,0,0,0,0,0,0,0,0,0
2.5778846740722656,0.0,0.0,0.0,-0.016056805849075317,-0.024897664785385132,0.0,0.0,0.33513712882995605,-0.1535586416721344,0.03,0,0,0,0,0,0,0,0,0,0,0,0,0,0,0,0,0,0,0,0,0
2.5805869102478027,0.0,0.0,0.0,-0.015946149826049805,-0.024779528379440308,0.0,0.0,0.2516063153743744,-0.20223498344421387,0.03,0,0,0,0,0,0,0,0,0,0,0,0,0,0,0,0,0,0,0,0,0
2.5830862522125244,0.0,0.0,0.0,-0.015946149826049805,-0.024779528379440308,0.0,0.0,0.2516063153743744,-0.20223498344421387,0.03,0,0,0,0,0,0,0,0,0,0,0,0,0,0,0,0,0,0,0,0,0
2.5866711139678955,0.0,0.0,0.0,-0.01562821865081787,-0.024225503206253052,0.0,0.0,0.2839854061603546,-0.13474011421203613,0.03,0,0,0,0,0,0,0,0,0,0,0,0,0,0,0,0,0,0,0,0,0
2.5889837741851807,0.0,0.0,0.0,-0.01562821865081787,-0.024225503206253052,0.0,0.0,0.2839854061603546,-0.13474011421203613,0.03,0,0,0,0,0,0,0,0,0,0,0,0,0,0,0,0,0,0,0,0,0
2.5900919437408447,0.0,0.0,0.0,-0.01562821865081787,-0.024225503206253052,0.0,0.0,0.2839854061603546,-0.13474011421203613,0.03,0,0,0,0,0,0,0,0,0,0,0,0,0,0,0,0,0,0,0,0,0
2.591247797012329,0.0,0.0,0.0,-0.01562821865081787,-0.024225503206253052,0.0,0.0,0.2839854061603546,-0.13474011421203613,0.03,0,0,0,0,0,0,0,0,0,0,0,0,0,0,0,0,0,0,0,0,0
2.5923709869384766,0.0,0.0,0.0,-0.01562821865081787,-0.024225503206253052,0.0,0.0,0.2839854061603546,-0.13474011421203613,0.03,0,0,0,0,0,0,0,0,0,0,0,0,0,0,0,0,0,0,0,0,0
2.593729019165039,0.0,0.0,0.0,-0.01562821865081787,-0.024225503206253052,0.0,0.0,0.2839854061603546,-0.13474011421203613,0.03,0,0,0,0,0,0,0,0,0,0,0,0,0,0,0,0,0,0,0,0,0
2.5948472023010254,0.0,0.0,0.0,-0.01562821865081787,-0.024225503206253052,0.0,0.0,0.2839854061603546,-0.13474011421203613,0.03,0,0,0,0,0,0,0,0,0,0,0,0,0,0,0,0,0,0,0,0,0
2.5995066165924072,0.0,0.0,0.0,-0.01562821865081787,-0.024225503206253052,0.0,0.0,0.2839854061603546,-0.13474011421203613,0.03,0,0,0,0,0,0,0,0,0,0,0,0,0,0,0,0,0,0,0,0,0
2.600606918334961,0.0,0.0,0.0,-0.015420734882354736,-0.02394983172416687,0.0,0.0,0.24986208975315094,-0.2521970272064209,0.03,0,0,0,0,0,0,0,0,0,0,0,0,0,0,0,0,0,0,0,0,0
2.6016664505004883,0.0,0.0,0.0,-0.015420734882354736,-0.02394983172416687,0.0,0.0,0.24986208975315094,-0.2521970272064209,0.03,0,0,0,0,0,0,0,0,0,0,0,0,0,0,0,0,0,0,0,0,0
2.6029608249664307,0.0,0.0,0.0,-0.015420734882354736,-0.02394983172416687,0.0,0.0,0.24986208975315094,-0.2521970272064209,0.03,0,0,0,0,0,0,0,0,0,0,0,0,0,0,0,0,0,0,0,0,0
2.6043171882629395,0.0,0.0,0.0,-0.015420734882354736,-0.02394983172416687,0.0,0.0,0.24986208975315094,-0.2521970272064209,0.03,0,0,0,0,0,0,0,0,0,0,0,0,0,0,0,0,0,0,0,0,0
2.6057169437408447,0.0,0.0,0.0,-0.015420734882354736,-0.02394983172416687,0.0,0.0,0.24986208975315094,-0.2521970272064209,0.03,0,0,0,0,0,0,0,0,0,0,0,0,0,0,0,0,0,0,0,0,0
2.6093451976776123,0.0,0.0,0.0,-0.015420734882354736,-0.02394983172416687,0.0,0.0,0.24986208975315094,-0.2521970272064209,0.03,0,0,0,0,0,0,0,0,0,0,0,0,0,0,0,0,0,0,0,0,0
2.6104390621185303,0.0,0.0,0.0,-0.015420734882354736,-0.02394983172416687,0.0,0.0,0.24986208975315094,-0.2521970272064209,0.03,0,0,0,0,0,0,0,0,0,0,0,0,0,0,0,0,0,0,0,0,0
2.611619234085083,0.0,0.0,0.0,-0.015420734882354736,-0.02394983172416687,0.0,0.0,0.24986208975315094,-0.2521970272064209,0.03,0,0,0,0,0,0,0,0,0,0,0,0,0,0,0,0,0,0,0,0,0
2.6128151416778564,0.0,0.0,0.0,-0.015420734882354736,-0.02394983172416687,0.0,0.0,0.24986208975315094,-0.2521970272064209,0.03,0,0,0,0,0,0,0,0,0,0,0,0,0,0,0,0,0,0,0,0,0
2.6149230003356934,0.0,0.0,0.0,-0.015232622623443604,-0.02361088991165161,0.0,0.0,0.345715194940567,-0.24070514738559723,0.03,0,0,0,0,0,0,0,0,0,0,0,0,0,0,0,0,0,0,0,0,0
2.6159961223602295,0.0,0.0,0.0,-0.015232622623443604,-0.02361088991165161,0.0,0.0,0.345715194940567,-0.24070514738559723,0.03,0,0,0,0,0,0,0,0,0,0,0,0,0,0,0,0,0,0,0,0,0
2.6170997619628906,0.0,0.0,0.0,-0.015232622623443604,-0.02361088991165161,0.0,0.0,0.345715194940567,-0.24070514738559723,0.03,0,0,0,0,0,0,0,0,0,0,0,0,0,0,0,0,0,0,0,0,0
2.618222236633301,0.0,0.0,0.0,-0.015232622623443604,-0.02361088991165161,0.0,0.0,0.345715194940567,-0.24070514738559723,0.03,0,0,0,0,0,0,0,0,0,0,0,0,0,0,0,0,0,0,0,0,0
2.619309663772583,0.0,0.0,0.0,-0.015232622623443604,-0.02361088991165161,0.0,0.0,0.345715194940567,-0.24070514738559723,0.03,0,0,0,0,0,0,0,0,0,0,0,0,0,0,0,0,0,0,0,0,0
2.6204864978790283,0.0,0.0,0.0,-0.015214741230010986,-0.02356967329978943,0.0,0.0,0.33091872930526733,-0.2029753178358078,0.03,0,0,0,0,0,0,0,0,0,0,0,0,0,0,0,0,0,0,0,0,0
2.6222405433654785,0.0,0.0,0.0,-0.015214741230010986,-0.02356967329978943,0.0,0.0,0.33091872930526733,-0.2029753178358078,0.03,0,0,0,0,0,0,0,0,0,0,0,0,0,0,0,0,0,0,0,0,0
2.62412691116333,0.0,0.0,0.0,-0.015214741230010986,-0.02356967329978943,0.0,0.0,0.33091872930526733,-0.2029753178358078,0.03,0,0,0,0,0,0,0,0,0,0,0,0,0,0,0,0,0,0,0,0,0
2.62557315826416,0.0,0.0,0.0,-0.015214741230010986,-0.02356967329978943,0.0,0.0,0.33091872930526733,-0.2029753178358078,0.03,0,0,0,0,0,0,0,0,0,0,0,0,0,0,0,0,0,0,0,0,0
2.626948833465576,0.0,0.0,0.0,-0.015214741230010986,-0.02356967329978943,0.0,0.0,0.33091872930526733,-0.2029753178358078,0.03,0,0,0,0,0,0,0,0,0,0,0,0,0,0,0,0,0,0,0,0,0
2.6290338039398193,0.0,0.0,0.0,-0.015214741230010986,-0.02356967329978943,0.0,0.0,0.33091872930526733,-0.2029753178358078,0.03,0,0,0,0,0,0,0,0,0,0,0,0,0,0,0,0,0,0,0,0,0
2.6308624744415283,0.0,0.0,0.0,-0.015189945697784424,-0.023407042026519775,0.0,0.0,0.40400606393814087,-0.17404820024967194,0.03,0,0,0,0,0,0,0,0,0,0,0,0,0,0,0,0,0,0,0,0,0
2.6320247650146484,0.0,0.0,0.0,-0.015079677104949951,-0.023306548595428467,0.0,0.0,0.29716670513153076,-0.22617653012275696,0.03,0,0,0,0,0,0,0,0,0,0,0,0,0,0,0,0,0,0,0,0,0
2.6333823204040527,0.0,0.0,0.0,-0.015079677104949951,-0.023306548595428467,0.0,0.0,0.29716670513153076,-0.22617653012275696,0.03,0,0,0,0,0,0,0,0,0,0,0,0,0,0,0,0,0,0,0,0,0
2.6346850395202637,0.0,0.0,0.0,-0.015079677104949951,-0.023306548595428467,0.0,0.0,0.29716670513153076,-0.22617653012275696,0.03,0,0,0,0,0,0,0,0,0,0,0,0,0,0,0,0,0,0,0,0,0
2.636735200881958,0.0,0.0,0.0,-0.015079677104949951,-0.023306548595428467,0.0,0.0,0.29716670513153076,-0.22617653012275696,0.03,0,0,0,0,0,0,0,0,0,0,0,0,0,0,0,0,0,0,0,0,0
2.638026237487793,0.0,0.0,0.0,-0.014899730682373047,-0.023065507411956787,0.0,0.0,0.2586621344089508,-0.22433292865753174,0.03,0,0,0,0,0,0,0,0,0,0,0,0,0,0,0,0,0,0,0,0,0
2.6391990184783936,0.0,0.0,0.0,-0.014835774898529053,-0.022815704345703125,0.0,0.0,0.36251023411750793,-0.06665444374084473,0.03,0,0,0,0,0,0,0,0,0,0,0,0,0,0,0,0,0,0,0,0,0
2.640660047531128,0.0,0.0,0.0,-0.014837205410003662,-0.022765785455703735,0.0,0.0,0.39952796697616577,-0.10109870135784149,0.03,0,0,0,0,0,0,0,0,0,0,0,0,0,0,0,0,0,0,0,0,0
2.641818046569824,0.0,0.0,0.0,-0.014837205410003662,-0.022765785455703735,0.0,0.0,0.39952796697616577,-0.10109870135784149,0.03,0,0,0,0,0,0,0,0,0,0,0,0,0,0,0,0,0,0,0,0,0
2.6429443359375,0.0,0.0,0.0,-0.014837205410003662,-0.022765785455703735,0.0,0.0,0.39952796697616577,-0.10109870135784149,0.03,0,0,0,0,0,0,0,0,0,0,0,0,0,0,0,0,0,0,0,0,0
2.6442079544067383,0.0,0.0,0.0,-0.014837205410003662,-0.022765785455703735,0.0,0.0,0.39952796697616577,-0.10109870135784149,0.03,0,0,0,0,0,0,0,0,0,0,0,0,0,0,0,0,0,0,0,0,0
2.6461355686187744,0.0,0.0,0.0,-0.014837205410003662,-0.022765785455703735,0.0,0.0,0.39952796697616577,-0.10109870135784149,0.03,0,0,0,0,0,0,0,0,0,0,0,0,0,0,0,0,0,0,0,0,0
2.6477408409118652,0.0,0.0,0.0,-0.014837205410003662,-0.022765785455703735,0.0,0.0,0.39952796697616577,-0.10109870135784149,0.03,0,0,0,0,0,0,0,0,0,0,0,0,0,0,0,0,0,0,0,0,0
2.6488702297210693,0.0,0.0,0.0,-0.014837205410003662,-0.022765785455703735,0.0,0.0,0.39952796697616577,-0.10109870135784149,0.03,0,0,0,0,0,0,0,0,0,0,0,0,0,0,0,0,0,0,0,0,0
2.6499922275543213,0.0,0.0,0.0,-0.014837205410003662,-0.022765785455703735,0.0,0.0,0.39952796697616577,-0.10109870135784149,0.03,0,0,0,0,0,0,0,0,0,0,0,0,0,0,0,0,0,0,0,0,0
2.651566743850708,0.0,0.0,0.0,-0.014837205410003662,-0.022765785455703735,0.0,0.0,0.39952796697616577,-0.10109870135784149,0.03,0,0,0,0,0,0,0,0,0,0,0,0,0,0,0,0,0,0,0,0,0
2.6530957221984863,0.0,0.0,0.0,-0.014748454093933105,-0.02260810136795044,0.0,0.0,0.335327684879303,-0.1588854044675827,0.03,0,0,0,0,0,0,0,0,0,0,0,0,0,0,0,0,0,0,0,0,0
2.654402732849121,0.0,0.0,0.0,-0.014661073684692383,-0.02257433533668518,0.0,0.0,0.29280880093574524,-0.1418202668428421,0.03,0,0,0,0,0,0,0,0,0,0,0,0,0,0,0,0,0,0,0,0,0
2.655629873275757,0.0,0.0,0.0,-0.014661073684692383,-0.02257433533668518,0.0,0.0,0.29280880093574524,-0.1418202668428421,0.03,0,0,0,0,0,0,0,0,0,0,0,0,0,0,0,0,0,0,0,0,0
2.6569583415985107,0.0,0.0,0.0,-0.014661073684692383,-0.02257433533668518,0.0,0.0,0.29280880093574524,-0.1418202668428421,0.03,0,0,0,0,0,0,0,0,0,0,0,0,0,0,0,0,0,0,0,0,0
2.658381462097168,0.0,0.0,0.0,-0.014661073684692383,-0.02257433533668518,0.0,0.0,0.29280880093574524,-0.1418202668428421,0.03,0,0,0,0,0,0,0,0,0,0,0,0,0,0,0,0,0,0,0,0,0
2.65962290763855,0.0,0.0,0.0,-0.014661073684692383,-0.02257433533668518,0.0,0.0,0.29280880093574524,-0.1418202668428421,0.03,0,0,0,0,0,0,0,0,0,0,0,0,0,0,0,0,0,0,0,0,0
2.6625630855560303,0.0,0.0,0.0,-0.014661073684692383,-0.02257433533668518,0.0,0.0,0.29280880093574524,-0.1418202668428421,0.03,0,0,0,0,0,0,0,0,0,0,0,0,0,0,0,0,0,0,0,0,0
2.664118766784668,0.0,0.0,0.0,-0.014661073684692383,-0.02257433533668518,0.0,0.0,0.29280880093574524,-0.1418202668428421,0.03,0,0,0,0,0,0,0,0,0,0,0,0,0,0,0,0,0,0,0,0,0
2.6672773361206055,0.0,0.0,0.0,-0.014661073684692383,-0.02257433533668518,0.0,0.0,0.29280880093574524,-0.1418202668428421,0.03,0,0,0,0,0,0,0,0,0,0,0,0,0,0,0,0,0,0,0,0,0
2.6706106662750244,0.0,0.0,0.0,-0.014661073684692383,-0.02257433533668518,0.0,0.0,0.29280880093574524,-0.1418202668428421,0.03,0,0,0,0,0,0,0,0,0,0,0,0,0,0,0,0,0,0,0,0,0
2.671842336654663,0.0,0.0,0.0,-0.014661073684692383,-0.02257433533668518,0.0,0.0,0.29280880093574524,-0.1418202668428421,0.03,0,0,0,0,0,0,0,0,0,0,0,0,0,0,0,0,0,0,0,0,0
2.6732003688812256,0.0,0.0,0.0,-0.014661073684692383,-0.02257433533668518,0.0,0.0,0.29280880093574524,-0.1418202668428421,0.03,0,0,0,0,0,0,0,0,0,0,0,0,0,0,0,0,0,0,0,0,0
2.674635171890259,0.0,0.0,0.0,-0.014661073684692383,-0.02257433533668518,0.0,0.0,0.29280880093574524,-0.1418202668428421,0.03,0,0,0,0,0,0,0,0,0,0,0,0,0,0,0,0,0,0,0,0,0
2.675727128982544,0.0,0.0,0.0,-0.014661073684692383,-0.02257433533668518,0.0,0.0,0.29280880093574524,-0.1418202668428421,0.03,0,0,0,0,0,0,0,0,0,0,0,0,0,0,0,0,0,0,0,0,0
2.676797389984131,0.0,0.0,0.0,-0.014661073684692383,-0.02257433533668518,0.0,0.0,0.29280880093574524,-0.1418202668428421,0.03,0,0,0,0,0,0,0,0,0,0,0,0,0,0,0,0,0,0,0,0,0
2.678417205810547,0.0,0.0,0.0,-0.014661073684692383,-0.02257433533668518,0.0,0.0,0.29280880093574524,-0.1418202668428421,0.03,0,0,0,0,0,0,0,0,0,0,0,0,0,0,0,0,0,0,0,0,0
2.6797399520874023,0.0,0.0,0.0,-0.014661073684692383,-0.02257433533668518,0.0,0.0,0.29280880093574524,-0.1418202668428421,0.03,0,0,0,0,0,0,0,0,0,0,0,0,0,0,0,0,0,0,0,0,0
2.680802822113037,0.0,0.0,0.0,-0.014661073684692383,-0.02257433533668518,0.0,0.0,0.29280880093574524,-0.1418202668428421,0.03,0,0,0,0,0,0,0,0,0,0,0,0,0,0,0,0,0,0,0,0,0
2.6820194721221924,0.0,0.0,0.0,-0.014661073684692383,-0.02257433533668518,0.0,0.0,0.29280880093574524,-0.1418202668428421,0.03,0,0,0,0,0,0,0,0,0,0,0,0,0,0,0,0,0,0,0,0,0
2.6835737228393555,0.0,0.0,0.0,-0.014661073684692383,-0.02257433533668518,0.0,0.0,0.29280880093574524,-0.1418202668428421,0.03,0,0,0,0,0,0,0,0,0,0,0,0,0,0,0,0,0,0,0,0,0
2.6849300861358643,0.0,0.0,0.0,-0.014661073684692383,-0.02257433533668518,0.0,0.0,0.29280880093574524,-0.1418202668428421,0.03,0,0,0,0,0,0,0,0,0,0,0,0,0,0,0,0,0,0,0,0,0
2.686107635498047,0.0,0.0,0.0,-0.014661073684692383,-0.02257433533668518,0.0,0.0,0.29280880093574524,-0.1418202668428421,0.03,0,0,0,0,0,0,0,0,0,0,0,0,0,0,0,0,0,0,0,0,0
2.687194585800171,0.0,0.0,0.0,-0.014661073684692383,-0.02257433533668518,0.0,0.0,0.29280880093574524,-0.1418202668428421,0.03,0,0,0,0,0,0,0,0,0,0,0,0,0,0,0,0,0,0,0,0,0
2.6884236335754395,0.0,0.0,0.0,-0.014661073684692383,-0.02257433533668518,0.0,0.0,0.29280880093574524,-0.1418202668428421,0.03,0,0,0,0,0,0,0,0,0,0,0,0,0,0,0,0,0,0,0,0,0
2.6896114349365234,0.0,0.0,0.0,-0.014661073684692383,-0.02257433533668518,0.0,0.0,0.29280880093574524,-0.1418202668428421,0.03,0,0,0,0,0,0,0,0,0,0,0,0,0,0,0,0,0,0,0,0,0
2.6907637119293213,0.0,0.0,0.0,-0.014661073684692383,-0.02257433533668518,0.0,0.0,0.29280880093574524,-0.1418202668428421,0.03,0,0,0,0,0,0,0,0,0,0,0,0,0,0,0,0,0,0,0,0,0
2.6930856704711914,0.0,0.0,0.0,-0.014661073684692383,-0.02257433533668518,0.0,0.0,0.29280880093574524,-0.1418202668428421,0.03,0,0,0,0,0,0,0,0,0,0,0,0,0,0,0,0,0,0,0,0,0
2.694962739944458,0.0,0.0,0.0,-0.014661073684692383,-0.02257433533668518,0.0,0.0,0.29280880093574524,-0.1418202668428421,0.03,0,0,0,0,0,0,0,0,0,0,0,0,0,0,0,0,0,0,0,0,0
2.696504592895508,0.0,0.0,0.0,-0.014661073684692383,-0.02257433533668518,0.0,0.0,0.29280880093574524,-0.1418202668428421,0.03,0,0,0,0,0,0,0,0,0,0,0,0,0,0,0,0,0,0,0,0,0
2.6975717544555664,0.0,0.0,0.0,-0.014661073684692383,-0.02257433533668518,0.0,0.0,0.29280880093574524,-0.1418202668428421,0.03,0,0,0,0,0,0,0,0,0,0,0,0,0,0,0,0,0,0,0,0,0
2.6988611221313477,0.0,0.0,0.0,-0.014661073684692383,-0.02257433533668518,0.0,0.0,0.29280880093574524,-0.1418202668428421,0.03,0,0,0,0,0,0,0,0,0,0,0,0,0,0,0,0,0,0,0,0,0
2.700309991836548,0.0,0.0,0.0,-0.014661073684692383,-0.02257433533668518,0.0,0.0,0.29280880093574524,-0.1418202668428421,0.03,0,0,0,0,0,0,0,0,0,0,0,0,0,0,0,0,0,0,0,0,0
2.70196270942688,0.0,0.0,0.0,-0.014661073684692383,-0.02257433533668518,0.0,0.0,0.29280880093574524,-0.1418202668428421,0.03,0,0,0,0,0,0,0,0,0,0,0,0,0,0,0,0,0,0,0,0,0
2.7032675743103027,0.0,0.0,0.0,-0.014661073684692383,-0.02257433533668518,0.0,0.0,0.29280880093574524,-0.1418202668428421,0.03,0,0,0,0,0,0,0,0,0,0,0,0,0,0,0,0,0,0,0,0,0
2.704963207244873,0.0,0.0,0.0,-0.014661073684692383,-0.02257433533668518,0.0,0.0,0.29280880093574524,-0.1418202668428421,0.03,0,0,0,0,0,0,0,0,0,0,0,0,0,0,0,0,0,0,0,0,0
2.706080913543701,0.0,0.0,0.0,-0.014661073684692383,-0.02257433533668518,0.0,0.0,0.29280880093574524,-0.1418202668428421,0.03,0,0,0,0,0,0,0,0,0,0,0,0,0,0,0,0,0,0,0,0,0
2.707258939743042,0.0,0.0,0.0,-0.014661073684692383,-0.02257433533668518,0.0,0.0,0.29280880093574524,-0.1418202668428421,0.03,0,0,0,0,0,0,0,0,0,0,0,0,0,0,0,0,0,0,0,0,0
2.70841121673584,0.0,0.0,0.0,-0.014661073684692383,-0.02257433533668518,0.0,0.0,0.29280880093574524,-0.1418202668428421,0.03,0,0,0,0,0,0,0,0,0,0,0,0,0,0,0,0,0,0,0,0,0
2.7096855640411377,0.0,0.0,0.0,-0.014661073684692383,-0.02257433533668518,0.0,0.0,0.29280880093574524,-0.1418202668428421,0.03,0,0,0,0,0,0,0,0,0,0,0,0,0,0,0,0,0,0,0,0,0
2.7107577323913574,0.0,0.0,0.0,-0.014661073684692383,-0.02257433533668518,0.0,0.0,0.29280880093574524,-0.1418202668428421,0.03,0,0,0,0,0,0,0,0,0,0,0,0,0,0,0,0,0,0,0,0,0
2.712193489074707,0.0,0.0,0.0,-0.014661073684692383,-0.02257433533668518,0.0,0.0,0.29280880093574524,-0.1418202668428421,0.03,0,0,0,0,0,0,0,0,0,0,0,0,0,0,0,0,0,0,0,0,0
2.7136754989624023,0.0,0.0,0.0,-0.014661073684692383,-0.02257433533668518,0.0,0.0,0.29280880093574524,-0.1418202668428421,0.03,0,0,0,0,0,0,0,0,0,0,0,0,0,0,0,0,0,0,0,0,0
2.715696334838867,0.0,0.0,0.0,-0.014661073684692383,-0.02257433533668518,0.0,0.0,0.29280880093574524,-0.1418202668428421,0.03,0,0,0,0,0,0,0,0,0,0,0,0,0,0,0,0,0,0,0,0,0
2.717344045639038,0.0,0.0,0.0,-0.014661073684692383,-0.02257433533668518,0.0,0.0,0.29280880093574524,-0.1418202668428421,0.03,0,0,0,0,0,0,0,0,0,0,0,0,0,0,0,0,0,0,0,0,0
2.7185633182525635,0.0,0.0,0.0,-0.014661073684692383,-0.02257433533668518,0.0,0.0,0.29280880093574524,-0.1418202668428421,0.03,0,0,0,0,0,0,0,0,0,0,0,0,0,0,0,0,0,0,0,0,0
2.7196662425994873,0.0,0.0,0.0,-0.014661073684692383,-0.02257433533668518,0.0,0.0,0.29280880093574524,-0.1418202668428421,0.03,0,0,0,0,0,0,0,0,0,0,0,0,0,0,0,0,0,0,0,0,0
2.7213473320007324,0.0,0.0,0.0,-0.014661073684692383,-0.02257433533668518,0.0,0.0,0.29280880093574524,-0.1418202668428421,0.03,0,0,0,0,0,0,0,0,0,0,0,0,0,0,0,0,0,0,0,0,0
2.7224481105804443,0.0,0.0,0.0,-0.014661073684692383,-0.02257433533668518,0.0,0.0,0.29280880093574524,-0.1418202668428421,0.03,0,0,0,0,0,0,0,0,0,0,0,0,0,0,0,0,0,0,0,0,0
2.7235805988311768,0.0,0.0,0.0,-0.014661073684692383,-0.02257433533668518,0.0,0.0,0.29280880093574524,-0.1418202668428421,0.03,0,0,0,0,0,0,0,0,0,0,0,0,0,0,0,0,0,0,0,0,0
2.725111722946167,0.0,0.0,0.0,-0.014661073684692383,-0.02257433533668518,0.0,0.0,0.29280880093574524,-0.1418202668428421,0.03,0,0,0,0,0,0,0,0,0,0,0,0,0,0,0,0,0,0,0,0,0
2.7271857261657715,0.0,0.0,0.0,-0.014591991901397705,-0.0224573016166687,0.0,0.0,0.36744990944862366,-0.2683617174625397,0.03,0,0,0,0,0,0,0,0,0,0,0,0,0,0,0,0,0,0,0,0,0
2.728555679321289,0.0,0.0,0.0,-0.014591991901397705,-0.0224573016166687,0.0,0.0,0.36744990944862366,-0.2683617174625397,0.03,0,0,0,0,0,0,0,0,0,0,0,0,0,0,0,0,0,0,0,0,0
2.7296552658081055,0.0,0.0,0.0,-0.014591991901397705,-0.0224573016166687,0.0,0.0,0.36744990944862366,-0.2683617174625397,0.03,0,0,0,0,0,0,0,0,0,0,0,0,0,0,0,0,0,0,0,0,0
2.7363860607147217,0.0,0.0,0.0,-0.01370769739151001,-0.020868748426437378,0.0,0.0,0.36544132232666016,-0.012488683685660362,0.03,0,0,0,0,0,0,0,0,0,0,0,0,0,0,0,0,0,0,0,0,0
2.7375736236572266,0.0,0.0,0.0,-0.01370769739151001,-0.020868748426437378,0.0,0.0,0.36544132232666016,-0.012488683685660362,0.03,0,0,0,0,0,0,0,0,0,0,0,0,0,0,0,0,0,0,0,0,0
2.7405807971954346,0.0,0.0,0.0,-0.01370769739151001,-0.020868748426437378,0.0,0.0,0.36544132232666016,-0.012488683685660362,0.03,0,0,0,0,0,0,0,0,0,0,0,0,0,0,0,0,0,0,0,0,0
2.743565797805786,0.0,0.0,0.0,-0.01370769739151001,-0.020868748426437378,0.0,0.0,0.36544132232666016,-0.012488683685660362,0.03,0,0,0,0,0,0,0,0,0,0,0,0,0,0,0,0,0,0,0,0,0
2.7450783252716064,0.0,0.0,0.0,-0.01370769739151001,-0.020868748426437378,0.0,0.0,0.36544132232666016,-0.012488683685660362,0.03,0,0,0,0,0,0,0,0,0,0,0,0,0,0,0,0,0,0,0,0,0
2.7461442947387695,0.0,0.0,0.0,-0.01370769739151001,-0.020868748426437378,0.0,0.0,0.36544132232666016,-0.012488683685660362,0.03,0,0,0,0,0,0,0,0,0,0,0,0,0,0,0,0,0,0,0,0,0
2.748608350753784,0.0,0.0,0.0,-0.01370769739151001,-0.020868748426437378,0.0,0.0,0.36544132232666016,-0.012488683685660362,0.03,0,0,0,0,0,0,0,0,0,0,0,0,0,0,0,0,0,0,0,0,0
2.7504098415374756,0.0,0.0,0.0,-0.01370769739151001,-0.020868748426437378,0.0,0.0,0.36544132232666016,-0.012488683685660362,0.03,0,0,0,0,0,0,0,0,0,0,0,0,0,0,0,0,0,0,0,0,0
2.751530408859253,0.0,0.0,0.0,-0.01370769739151001,-0.020868748426437378,0.0,0.0,0.36544132232666016,-0.012488683685660362,0.03,0,0,0,0,0,0,0,0,0,0,0,0,0,0,0,0,0,0,0,0,0
2.7539560794830322,0.0,0.0,0.0,-0.013503670692443848,-0.020621895790100098,0.0,0.0,0.36519962549209595,-0.08949363231658936,0.03,0,0,0,0,0,0,0,0,0,0,0,0,0,0,0,0,0,0,0,0,0
2.7552711963653564,0.0,0.0,0.0,-0.012952029705047607,-0.019786179065704346,0.0,0.0,0.3630315363407135,-0.12559476494789124,0.03,0,0,0,0,0,0,0,0,0,0,0,0,0,0,0,0,0,0,0,0,0
2.756436586380005,0.0,0.0,0.0,-0.012952029705047607,-0.019786179065704346,0.0,0.0,0.3630315363407135,-0.12559476494789124,0.03,0,0,0,0,0,0,0,0,0,0,0,0,0,0,0,0,0,0,0,0,0
2.75752329826355,0.0,0.0,0.0,-0.012952029705047607,-0.019786179065704346,0.0,0.0,0.3630315363407135,-0.12559476494789124,0.03,0,0,0,0,0,0,0,0,0,0,0,0,0,0,0,0,0,0,0,0,0
2.7585978507995605,0.0,0.0,0.0,-0.012952029705047607,-0.019786179065704346,0.0,0.0,0.3630315363407135,-0.12559476494789124,0.03,0,0,0,0,0,0,0,0,0,0,0,0,0,0,0,0,0,0,0,0,0
2.759687662124634,0.0,0.0,0.0,-0.012952029705047607,-0.019786179065704346,0.0,0.0,0.3630315363407135,-0.12559476494789124,0.03,0,0,0,0,0,0,0,0,0,0,0,0,0,0,0,0,0,0,0,0,0
2.7608094215393066,0.0,0.0,0.0,-0.012952029705047607,-0.019786179065704346,0.0,0.0,0.3630315363407135,-0.12559476494789124,0.03,0,0,0,0,0,0,0,0,0,0,0,0,0,0,0,0,0,0,0,0,0
2.7619211673736572,0.0,0.0,0.0,-0.012952029705047607,-0.019786179065704346,0.0,0.0,0.3630315363407135,-0.12559476494789124,0.03,0,0,0,0,0,0,0,0,0,0,0,0,0,0,0,0,0,0,0,0,0
2.7636759281158447,0.0,0.0,0.0,-0.012952029705047607,-0.019786179065704346,0.0,0.0,0.3630315363407135,-0.12559476494789124,0.03,0,0,0,0,0,0,0,0,0,0,0,0,0,0,0,0,0,0,0,0,0
2.7649240493774414,0.0,0.0,0.0,-0.012952029705047607,-0.019786179065704346,0.0,0.0,0.3630315363407135,-0.12559476494789124,0.03,0,0,0,0,0,0,0,0,0,0,0,0,0,0,0,0,0,0,0,0,0
2.766430616378784,0.0,0.0,0.0,-0.012952029705047607,-0.019786179065704346,0.0,0.0,0.3630315363407135,-0.12559476494789124,0.03,0,0,0,0,0,0,0,0,0,0,0,0,0,0,0,0,0,0,0,0,0
2.769198179244995,0.0,0.0,0.0,-0.012952029705047607,-0.019786179065704346,0.0,0.0,0.3630315363407135,-0.12559476494789124,0.03,0,0,0,0,0,0,0,0,0,0,0,0,0,0,0,0,0,0,0,0,0
2.7705917358398438,0.0,0.0,0.0,-0.012952029705047607,-0.019786179065704346,0.0,0.0,0.3630315363407135,-0.12559476494789124,0.03,0,0,0,0,0,0,0,0,0,0,0,0,0,0,0,0,0,0,0,0,0
2.7726123332977295,0.0,0.0,0.0,-0.012952029705047607,-0.019786179065704346,0.0,0.0,0.3630315363407135,-0.12559476494789124,0.03,0,0,0,0,0,0,0,0,0,0,0,0,0,0,0,0,0,0,0,0,0
2.7746832370758057,0.0,0.0,0.0,-0.012952029705047607,-0.019786179065704346,0.0,0.0,0.3630315363407135,-0.12559476494789124,0.03,0,0,0,0,0,0,0,0,0,0,0,0,0,0,0,0,0,0,0,0,0
2.7767627239227295,0.0,0.0,0.0,-0.01284855604171753,-0.01958879828453064,0.0,0.0,0.3552623987197876,-0.04685431718826294,0.03,0,0,0,0,0,0,0,0,0,0,0,0,0,0,0,0,0,0,0,0,0
2.777890920639038,0.0,0.0,0.0,-0.01284855604171753,-0.01958879828453064,0.0,0.0,0.3552623987197876,-0.04685431718826294,0.03,0,0,0,0,0,0,0,0,0,0,0,0,0,0,0,0,0,0,0,0,0
2.7798593044281006,0.0,0.0,0.0,-0.01284855604171753,-0.01958879828453064,0.0,0.0,0.3552623987197876,-0.04685431718826294,0.03,0,0,0,0,0,0,0,0,0,0,0,0,0,0,0,0,0,0,0,0,0
2.781036138534546,0.0,0.0,0.0,-0.01284855604171753,-0.01958879828453064,0.0,0.0,0.3552623987197876,-0.04685431718826294,0.03,0,0,0,0,0,0,0,0,0,0,0,0,0,0,0,0,0,0,0,0,0
2.782104253768921,0.0,0.0,0.0,-0.01284855604171753,-0.01958879828453064,0.0,0.0,0.3552623987197876,-0.04685431718826294,0.03,0,0,0,0,0,0,0,0,0,0,0,0,0,0,0,0,0,0,0,0,0
2.7832775115966797,0.0,0.0,0.0,-0.01284855604171753,-0.01958879828453064,0.0,0.0,0.3552623987197876,-0.04685431718826294,0.03,0,0,0,0,0,0,0,0,0,0,0,0,0,0,0,0,0,0,0,0,0
2.784348726272583,0.0,0.0,0.0,-0.01284855604171753,-0.01958879828453064,0.0,0.0,0.3552623987197876,-0.04685431718826294,0.03,0,0,0,0,0,0,0,0,0,0,0,0,0,0,0,0,0,0,0,0,0
2.785743474960327,0.0,0.0,0.0,-0.012760758399963379,-0.019481420516967773,0.0,0.0,0.3870272636413574,-0.15150608122348785,0.03,0,0,0,0,0,0,0,0,0,0,0,0,0,0,0,0,0,0,0,0,0
2.7871224880218506,0.0,0.0,0.0,-0.012657463550567627,-0.019287794828414917,0.0,0.0,0.3538295328617096,-0.11310739815235138,0.03,0,0,0,0,0,0,0,0,0,0,0,0,0,0,0,0,0,0,0,0,0
2.7882132530212402,0.0,0.0,0.0,-0.012657463550567627,-0.019287794828414917,0.0,0.0,0.3538295328617096,-0.11310739815235138,0.03,0,0,0,0,0,0,0,0,0,0,0,0,0,0,0,0,0,0,0,0,0
2.789515495300293,0.0,0.0,0.0,-0.012657463550567627,-0.019287794828414917,0.0,0.0,0.3538295328617096,-0.11310739815235138,0.03,0,0,0,0,0,0,0,0,0,0,0,0,0,0,0,0,0,0,0,0,0
2.7910938262939453,0.0,0.0,0.0,-0.012657463550567627,-0.019287794828414917,0.0,0.0,0.3538295328617096,-0.11310739815235138,0.03,0,0,0,0,0,0,0,0,0,0,0,0,0,0,0,0,0,0,0,0,0
2.792583703994751,0.0,0.0,0.0,-0.012557268142700195,-0.019159376621246338,0.0,0.0,0.349735289812088,-0.15331381559371948,0.03,0,0,0,0,0,0,0,0,0,0,0,0,0,0,0,0,0,0,0,0,0
2.794142484664917,0.0,0.0,0.0,-0.012557268142700195,-0.019159376621246338,0.0,0.0,0.349735289812088,-0.15331381559371948,0.03,0,0,0,0,0,0,0,0,0,0,0,0,0,0,0,0,0,0,0,0,0
2.7955374717712402,0.0,0.0,0.0,-0.012557268142700195,-0.019159376621246338,0.0,0.0,0.349735289812088,-0.15331381559371948,0.03,0,0,0,0,0,0,0,0,0,0,0,0,0,0,0,0,0,0,0,0,0
2.7969279289245605,0.0,0.0,0.0,-0.012557268142700195,-0.019159376621246338,0.0,0.0,0.349735289812088,-0.15331381559371948,0.03,0,0,0,0,0,0,0,0,0,0,0,0,0,0,0,0,0,0,0,0,0
2.798290252685547,0.0,0.0,0.0,-0.012557268142700195,-0.019159376621246338,0.0,0.0,0.349735289812088,-0.15331381559371948,0.03,0,0,0,0,0,0,0,0,0,0,0,0,0,0,0,0,0,0,0,0,0
2.7998924255371094,0.0,0.0,0.0,-0.012557268142700195,-0.019159376621246338,0.0,0.0,0.349735289812088,-0.15331381559371948,0.03,0,0,0,0,0,0,0,0,0,0,0,0,0,0,0,0,0,0,0,0,0
2.801224946975708,0.0,0.0,0.0,-0.012557268142700195,-0.019159376621246338,0.0,0.0,0.349735289812088,-0.15331381559371948,0.03,0,0,0,0,0,0,0,0,0,0,0,0,0,0,0,0,0,0,0,0,0
2.802518844604492,0.0,0.0,0.0,-0.012557268142700195,-0.019159376621246338,0.0,0.0,0.349735289812088,-0.15331381559371948,0.03,0,0,0,0,0,0,0,0,0,0,0,0,0,0,0,0,0,0,0,0,0
2.803744077682495,0.0,0.0,0.0,-0.012557268142700195,-0.019159376621246338,0.0,0.0,0.349735289812088,-0.15331381559371948,0.03,0,0,0,0,0,0,0,0,0,0,0,0,0,0,0,0,0,0,0,0,0
2.8054399490356445,0.0,0.0,0.0,-0.012557268142700195,-0.019159376621246338,0.0,0.0,0.349735289812088,-0.15331381559371948,0.03,0,0,0,0,0,0,0,0,0,0,0,0,0,0,0,0,0,0,0,0,0
2.8065083026885986,0.0,0.0,0.0,-0.012557268142700195,-0.019159376621246338,0.0,0.0,0.349735289812088,-0.15331381559371948,0.03,0,0,0,0,0,0,0,0,0,0,0,0,0,0,0,0,0,0,0,0,0
2.8075973987579346,0.0,0.0,0.0,-0.012557268142700195,-0.019159376621246338,0.0,0.0,0.349735289812088,-0.15331381559371948,0.03,0,0,0,0,0,0,0,0,0,0,0,0,0,0,0,0,0,0,0,0,0
2.811990976333618,0.0,0.0,0.0,-0.012557268142700195,-0.019159376621246338,0.0,0.0,0.349735289812088,-0.15331381559371948,0.03,0,0,0,0,0,0,0,0,0,0,0,0,0,0,0,0,0,0,0,0,0
2.814166784286499,0.0,0.0,0.0,-0.012557268142700195,-0.019159376621246338,0.0,0.0,0.349735289812088,-0.15331381559371948,0.03,0,0,0,0,0,0,0,0,0,0,0,0,0,0,0,0,0,0,0,0,0
2.8156630992889404,0.0,0.0,0.0,-0.012557268142700195,-0.019159376621246338,0.0,0.0,0.349735289812088,-0.15331381559371948,0.03,0,0,0,0,0,0,0,0,0,0,0,0,0,0,0,0,0,0,0,0,0
2.8174397945404053,0.0,0.0,0.0,-0.012557268142700195,-0.019159376621246338,0.0,0.0,0.349735289812088,-0.15331381559371948,0.03,0,0,0,0,0,0,0,0,0,0,0,0,0,0,0,0,0,0,0,0,0
2.8189198970794678,0.0,0.0,0.0,-0.012557268142700195,-0.019159376621246338,0.0,0.0,0.349735289812088,-0.15331381559371948,0.03,0,0,0,0,0,0,0,0,0,0,0,0,0,0,0,0,0,0,0,0,0
2.8203866481781006,0.0,0.0,0.0,-0.012169957160949707,-0.01858699321746826,0.0,0.0,0.3574262857437134,-0.15233387053012848,0.03,0,0,0,0,0,0,0,0,0,0,0,0,0,0,0,0,0,0,0,0,0
2.8226587772369385,0.0,0.0,0.0,-0.012169957160949707,-0.01858699321746826,0.0,0.0,0.3574262857437134,-0.15233387053012848,0.03,0,0,0,0,0,0,0,0,0,0,0,0,0,0,0,0,0,0,0,0,0
2.8245153427124023,0.0,0.0,0.0,-0.012169957160949707,-0.01858699321746826,0.0,0.0,0.3574262857437134,-0.15233387053012848,0.03,0,0,0,0,0,0,0,0,0,0,0,0,0,0,0,0,0,0,0,0,0
2.8256614208221436,0.0,0.0,0.0,-0.012169957160949707,-0.01858699321746826,0.0,0.0,0.3574262857437134,-0.15233387053012848,0.03,0,0,0,0,0,0,0,0,0,0,0,0,0,0,0,0,0,0,0,0,0
2.8278651237487793,0.0,0.0,0.0,-0.012169957160949707,-0.01858699321746826,0.0,0.0,0.3574262857437134,-0.15233387053012848,0.03,0,0,0,0,0,0,0,0,0,0,0,0,0,0,0,0,0,0,0,0,0
2.829425573348999,0.0,0.0,0.0,-0.012169957160949707,-0.01858699321746826,0.0,0.0,0.3574262857437134,-0.15233387053012848,0.03,0,0,0,0,0,0,0,0,0,0,0,0,0,0,0,0,0,0,0,0,0
2.8306467533111572,0.0,0.0,0.0,-0.012169957160949707,-0.01858699321746826,0.0,0.0,0.3574262857437134,-0.15233387053012848,0.03,0,0,0,0,0,0,0,0,0,0,0,0,0,0,0,0,0,0,0,0,0
2.8317391872406006,0.0,0.0,0.0,-0.012169957160949707,-0.01858699321746826,0.0,0.0,0.3574262857437134,-0.15233387053012848,0.03,0,0,0,0,0,0,0,0,0,0,0,0,0,0,0,0,0,0,0,0,0
2.832867383956909,0.0,0.0,0.0,-0.012169957160949707,-0.01858699321746826,0.0,0.0,0.3574262857437134,-0.15233387053012848,0.03,0,0,0,0,0,0,0,0,0,0,0,0,0,0,0,0,0,0,0,0,0
2.834280014038086,0.0,0.0,0.0,-0.012169957160949707,-0.01858699321746826,0.0,0.0,0.3574262857437134,-0.15233387053012848,0.03,0,0,0,0,0,0,0,0,0,0,0,0,0,0,0,0,0,0,0,0,0
2.8361191749572754,0.0,0.0,0.0,-0.012169957160949707,-0.01858699321746826,0.0,0.0,0.3574262857437134,-0.15233387053012848,0.03,0,0,0,0,0,0,0,0,0,0,0,0,0,0,0,0,0,0,0,0,0
2.837493419647217,0.0,0.0,0.0,-0.012169957160949707,-0.01858699321746826,0.0,0.0,0.3574262857437134,-0.15233387053012848,0.03,0,0,0,0,0,0,0,0,0,0,0,0,0,0,0,0,0,0,0,0,0
2.8386216163635254,0.0,0.0,0.0,-0.012169957160949707,-0.01858699321746826,0.0,0.0,0.3574262857437134,-0.15233387053012848,0.03,0,0,0,0,0,0,0,0,0,0,0,0,0,0,0,0,0,0,0,0,0
2.8409318923950195,0.0,0.0,0.0,-0.012169957160949707,-0.01858699321746826,0.0,0.0,0.3574262857437134,-0.15233387053012848,0.03,0,0,0,0,0,0,0,0,0,0,0,0,0,0,0,0,0,0,0,0,0
2.8421075344085693,0.0,0.0,0.0,-0.012169957160949707,-0.01858699321746826,0.0,0.0,0.3574262857437134,-0.15233387053012848,0.03,0,0,0,0,0,0,0,0,0,0,0,0,0,0,0,0,0,0,0,0,0
2.843857765197754,0.0,0.0,0.0,-0.012169957160949707,-0.01858699321746826,0.0,0.0,0.3574262857437134,-0.15233387053012848,0.03,0,0,0,0,0,0,0,0,0,0,0,0,0,0,0,0,0,0,0,0,0
2.8459651470184326,0.0,0.0,0.0,-0.012169957160949707,-0.01858699321746826,0.0,0.0,0.3574262857437134,-0.15233387053012848,0.03,0,0,0,0,0,0,0,0,0,0,0,0,0,0,0,0,0,0,0,0,0
2.8472626209259033,0.0,0.0,0.0,-0.012169957160949707,-0.01858699321746826,0.0,0.0,0.3574262857437134,-0.15233387053012848,0.03,0,0,0,0,0,0,0,0,0,0,0,0,0,0,0,0,0,0,0,0,0
2.8490424156188965,0.0,0.0,0.0,-0.012169957160949707,-0.01858699321746826,0.0,0.0,0.3574262857437134,-0.15233387053012848,0.03,0,0,0,0,0,0,0,0,0,0,0,0,0,0,0,0,0,0,0,0,0
2.850376844406128,0.0,0.0,0.0,-0.012169957160949707,-0.01858699321746826,0.0,0.0,0.3574262857437134,-0.15233387053012848,0.03,0,0,0,0,0,0,0,0,0,0,0,0,0,0,0,0,0,0,0,0,0
2.8516178131103516,0.0,0.0,0.0,-0.012169957160949707,-0.01858699321746826,0.0,0.0,0.3574262857437134,-0.15233387053012848,0.03,0,0,0,0,0,0,0,0,0,0,0,0,0,0,0,0,0,0,0,0,0
2.852780818939209,0.0,0.0,0.0,-0.012169957160949707,-0.01858699321746826,0.0,0.0,0.3574262857437134,-0.15233387053012848,0.03,0,0,0,0,0,0,0,0,0,0,0,0,0,0,0,0,0,0,0,0,0
2.8540470600128174,0.0,0.0,0.0,-0.012169957160949707,-0.01858699321746826,0.0,0.0,0.3574262857437134,-0.15233387053012848,0.03,0,0,0,0,0,0,0,0,0,0,0,0,0,0,0,0,0,0,0,0,0
2.8561089038848877,0.0,0.0,0.0,-0.012169957160949707,-0.01858699321746826,0.0,0.0,0.3574262857437134,-0.15233387053012848,0.03,0,0,0,0,0,0,0,0,0,0,0,0,0,0,0,0,0,0,0,0,0
2.8580827713012695,0.0,0.0,0.0,-0.012169957160949707,-0.01858699321746826,0.0,0.0,0.3574262857437134,-0.15233387053012848,0.03,0,0,0,0,0,0,0,0,0,0,0,0,0,0,0,0,0,0,0,0,0
2.859497547149658,0.0,0.0,0.0,-0.012169957160949707,-0.01858699321746826,0.0,0.0,0.3574262857437134,-0.15233387053012848,0.03,0,0,0,0,0,0,0,0,0,0,0,0,0,0,0,0,0,0,0,0,0
2.8606300354003906,0.0,0.0,0.0,-0.012169957160949707,-0.01858699321746826,0.0,0.0,0.3574262857437134,-0.15233387053012848,0.03,0,0,0,0,0,0,0,0,0,0,0,0,0,0,0,0,0,0,0,0,0
2.8618216514587402,0.0,0.0,0.0,-0.012169957160949707,-0.01858699321746826,0.0,0.0,0.3574262857437134,-0.15233387053012848,0.03,0,0,0,0,0,0,0,0,0,0,0,0,0,0,0,0,0,0,0,0,0
2.8630311489105225,0.0,0.0,0.0,-0.012169957160949707,-0.01858699321746826,0.0,0.0,0.3574262857437134,-0.15233387053012848,0.03,0,0,0,0,0,0,0,0,0,0,0,0,0,0,0,0,0,0,0,0,0
2.8641562461853027,0.0,0.0,0.0,-0.012169957160949707,-0.01858699321746826,0.0,0.0,0.3574262857437134,-0.15233387053012848,0.03,0,0,0,0,0,0,0,0,0,0,0,0,0,0,0,0,0,0,0,0,0
2.8652732372283936,0.0,0.0,0.0,-0.012169957160949707,-0.01858699321746826,0.0,0.0,0.3574262857437134,-0.15233387053012848,0.03,0,0,0,0,0,0,0,0,0,0,0,0,0,0,0,0,0,0,0,0,0
2.8666629791259766,0.0,0.0,0.0,-0.012169957160949707,-0.01858699321746826,0.0,0.0,0.3574262857437134,-0.15233387053012848,0.03,0,0,0,0,0,0,0,0,0,0,0,0,0,0,0,0,0,0,0,0,0
2.8679234981536865,0.0,0.0,0.0,-0.012169957160949707,-0.01858699321746826,0.0,0.0,0.3574262857437134,-0.15233387053012848,0.03,0,0,0,0,0,0,0,0,0,0,0,0,0,0,0,0,0,0,0,0,0
2.8694896697998047,0.0,0.0,0.0,-0.012169957160949707,-0.01858699321746826,0.0,0.0,0.3574262857437134,-0.15233387053012848,0.03,0,0,0,0,0,0,0,0,0,0,0,0,0,0,0,0,0,0,0,0,0
2.8709354400634766,0.0,0.0,0.0,-0.012169957160949707,-0.01858699321746826,0.0,0.0,0.3574262857437134,-0.15233387053012848,0.03,0,0,0,0,0,0,0,0,0,0,0,0,0,0,0,0,0,0,0,0,0
2.872023820877075,0.0,0.0,0.0,-0.012169957160949707,-0.01858699321746826,0.0,0.0,0.3574262857437134,-0.15233387053012848,0.03,0,0,0,0,0,0,0,0,0,0,0,0,0,0,0,0,0,0,0,0,0
2.8746936321258545,0.0,0.0,0.0,-0.012169957160949707,-0.01858699321746826,0.0,0.0,0.3574262857437134,-0.15233387053012848,0.03,0,0,0,0,0,0,0,0,0,0,0,0,0,0,0,0,0,0,0,0,0
2.8785789012908936,0.0,0.0,0.0,-0.011814773082733154,-0.018001198768615723,0.0,0.0,0.4348098039627075,-0.2012224644422531,0.03,0,0,0,0,0,0,0,0,0,0,0,0,0,0,0,0,0,0,0,0,0
2.880610227584839,0.0,0.0,0.0,-0.011814773082733154,-0.018001198768615723,0.0,0.0,0.4348098039627075,-0.2012224644422531,0.03,0,0,0,0,0,0,0,0,0,0,0,0,0,0,0,0,0,0,0,0,0
2.882781982421875,0.0,0.0,0.0,-0.011814773082733154,-0.018001198768615723,0.0,0.0,0.4348098039627075,-0.2012224644422531,0.03,0,0,0,0,0,0,0,0,0,0,0,0,0,0,0,0,0,0,0,0,0
2.8850603103637695,0.0,0.0,0.0,-0.011365890502929688,-0.017291933298110962,0.0,0.0,0.3741424083709717,-0.2250937670469284,0.03,0,0,0,0,0,0,0,0,0,0,0,0,0,0,0,0,0,0,0,0,0
2.886587142944336,0.0,0.0,0.0,-0.011293470859527588,-0.01714712381362915,0.0,0.0,0.41528382897377014,-0.18375229835510254,0.03,0,0,0,0,0,0,0,0,0,0,0,0,0,0,0,0,0,0,0,0,0
2.887906312942505,0.0,0.0,0.0,-0.011293470859527588,-0.01714712381362915,0.0,0.0,0.41528382897377014,-0.18375229835510254,0.03,0,0,0,0,0,0,0,0,0,0,0,0,0,0,0,0,0,0,0,0,0
2.8893110752105713,0.0,0.0,0.0,-0.011293470859527588,-0.01714712381362915,0.0,0.0,0.41528382897377014,-0.18375229835510254,0.03,0,0,0,0,0,0,0,0,0,0,0,0,0,0,0,0,0,0,0,0,0
2.8912220001220703,0.0,0.0,0.0,-0.011293470859527588,-0.01714712381362915,0.0,0.0,0.41528382897377014,-0.18375229835510254,0.03,0,0,0,0,0,0,0,0,0,0,0,0,0,0,0,0,0,0,0,0,0
2.892906665802002,0.0,0.0,0.0,-0.011293470859527588,-0.01714712381362915,0.0,0.0,0.41528382897377014,-0.18375229835510254,0.03,0,0,0,0,0,0,0,0,0,0,0,0,0,0,0,0,0,0,0,0,0
2.894028902053833,0.0,0.0,0.0,-0.011293470859527588,-0.01714712381362915,0.0,0.0,0.41528382897377014,-0.18375229835510254,0.03,0,0,0,0,0,0,0,0,0,0,0,0,0,0,0,0,0,0,0,0,0
2.8951761722564697,0.0,0.0,0.0,-0.011293470859527588,-0.01714712381362915,0.0,0.0,0.41528382897377014,-0.18375229835510254,0.03,0,0,0,0,0,0,0,0,0,0,0,0,0,0,0,0,0,0,0,0,0
2.8963329792022705,0.0,0.0,0.0,-0.011293470859527588,-0.01714712381362915,0.0,0.0,0.41528382897377014,-0.18375229835510254,0.03,0,0,0,0,0,0,0,0,0,0,0,0,0,0,0,0,0,0,0,0,0
2.897562265396118,0.0,0.0,0.0,-0.011293470859527588,-0.01714712381362915,0.0,0.0,0.41528382897377014,-0.18375229835510254,0.03,0,0,0,0,0,0,0,0,0,0,0,0,0,0,0,0,0,0,0,0,0
2.898625373840332,0.0,0.0,0.0,-0.011293470859527588,-0.01714712381362915,0.0,0.0,0.41528382897377014,-0.18375229835510254,0.03,0,0,0,0,0,0,0,0,0,0,0,0,0,0,0,0,0,0,0,0,0
2.89978289604187,0.0,0.0,0.0,-0.011293470859527588,-0.01714712381362915,0.0,0.0,0.41528382897377014,-0.18375229835510254,0.03,0,0,0,0,0,0,0,0,0,0,0,0,0,0,0,0,0,0,0,0,0
2.90093731880188,0.0,0.0,0.0,-0.011293470859527588,-0.01714712381362915,0.0,0.0,0.41528382897377014,-0.18375229835510254,0.03,0,0,0,0,0,0,0,0,0,0,0,0,0,0,0,0,0,0,0,0,0
2.902289390563965,0.0,0.0,0.0,-0.011293470859527588,-0.01714712381362915,0.0,0.0,0.41528382897377014,-0.18375229835510254,0.03,0,0,0,0,0,0,0,0,0,0,0,0,0,0,0,0,0,0,0,0,0
2.903377056121826,0.0,0.0,0.0,-0.011293470859527588,-0.01714712381362915,0.0,0.0,0.41528382897377014,-0.18375229835510254,0.03,0,0,0,0,0,0,0,0,0,0,0,0,0,0,0,0,0,0,0,0,0
2.904587745666504,0.0,0.0,0.0,-0.011293470859527588,-0.01714712381362915,0.0,0.0,0.41528382897377014,-0.18375229835510254,0.03,0,0,0,0,0,0,0,0,0,0,0,0,0,0,0,0,0,0,0,0,0
2.9058732986450195,0.0,0.0,0.0,-0.011293470859527588,-0.01714712381362915,0.0,0.0,0.41528382897377014,-0.18375229835510254,0.03,0,0,0,0,0,0,0,0,0,0,0,0,0,0,0,0,0,0,0,0,0
2.907017946243286,0.0,0.0,0.0,-0.011293470859527588,-0.01714712381362915,0.0,0.0,0.41528382897377014,-0.18375229835510254,0.03,0,0,0,0,0,0,0,0,0,0,0,0,0,0,0,0,0,0,0,0,0
2.9090278148651123,0.0,0.0,0.0,-0.011293470859527588,-0.01714712381362915,0.0,0.0,0.41528382897377014,-0.18375229835510254,0.03,0,0,0,0,0,0,0,0,0,0,0,0,0,0,0,0,0,0,0,0,0
2.9103598594665527,0.0,0.0,0.0,-0.011293470859527588,-0.01714712381362915,0.0,0.0,0.41528382897377014,-0.18375229835510254,0.03,0,0,0,0,0,0,0,0,0,0,0,0,0,0,0,0,0,0,0,0,0
2.9116623401641846,0.0,0.0,0.0,-0.011293470859527588,-0.01714712381362915,0.0,0.0,0.41528382897377014,-0.18375229835510254,0.03,0,0,0,0,0,0,0,0,0,0,0,0,0,0,0,0,0,0,0,0,0
2.913968324661255,0.0,0.0,0.0,-0.011293470859527588,-0.01714712381362915,0.0,0.0,0.41528382897377014,-0.18375229835510254,0.03,0,0,0,0,0,0,0,0,0,0,0,0,0,0,0,0,0,0,0,0,0
2.915846109390259,0.0,0.0,0.0,-0.011293470859527588,-0.01714712381362915,0.0,0.0,0.41528382897377014,-0.18375229835510254,0.03,0,0,0,0,0,0,0,0,0,0,0,0,0,0,0,0,0,0,0,0,0
2.9171483516693115,0.0,0.0,0.0,-0.011293470859527588,-0.01714712381362915,0.0,0.0,0.41528382897377014,-0.18375229835510254,0.03,0,0,0,0,0,0,0,0,0,0,0,0,0,0,0,0,0,0,0,0,0
2.918869972229004,0.0,0.0,0.0,-0.011293470859527588,-0.01714712381362915,0.0,0.0,0.41528382897377014,-0.18375229835510254,0.03,0,0,0,0,0,0,0,0,0,0,0,0,0,0,0,0,0,0,0,0,0
2.9201016426086426,0.0,0.0,0.0,-0.011293470859527588,-0.01714712381362915,0.0,0.0,0.41528382897377014,-0.18375229835510254,0.03,0,0,0,0,0,0,0,0,0,0,0,0,0,0,0,0,0,0,0,0,0
2.921295404434204,0.0,0.0,0.0,-0.011293470859527588,-0.01714712381362915,0.0,0.0,0.41528382897377014,-0.18375229835510254,0.03,0,0,0,0,0,0,0,0,0,0,0,0,0,0,0,0,0,0,0,0,0
2.9223568439483643,0.0,0.0,0.0,-0.011293470859527588,-0.01714712381362915,0.0,0.0,0.41528382897377014,-0.18375229835510254,0.03,0,0,0,0,0,0,0,0,0,0,0,0,0,0,0,0,0,0,0,0,0
2.923469066619873,0.0,0.0,0.0,-0.011293470859527588,-0.01714712381362915,0.0,0.0,0.41528382897377014,-0.18375229835510254,0.03,0,0,0,0,0,0,0,0,0,0,0,0,0,0,0,0,0,0,0,0,0
2.924555778503418,0.0,0.0,0.0,-0.011293470859527588,-0.01714712381362915,0.0,0.0,0.41528382897377014,-0.18375229835510254,0.03,0,0,0,0,0,0,0,0,0,0,0,0,0,0,0,0,0,0,0,0,0
2.9267916679382324,0.0,0.0,0.0,-0.011293470859527588,-0.01714712381362915,0.0,0.0,0.41528382897377014,-0.18375229835510254,0.03,0,0,0,0,0,0,0,0,0,0,0,0,0,0,0,0,0,0,0,0,0
2.929614782333374,0.0,0.0,0.0,-0.011293470859527588,-0.01714712381362915,0.0,0.0,0.41528382897377014,-0.18375229835510254,0.03,0,0,0,0,0,0,0,0,0,0,0,0,0,0,0,0,0,0,0,0,0
2.9313783645629883,0.0,0.0,0.0,-0.011293470859527588,-0.01714712381362915,0.0,0.0,0.41528382897377014,-0.18375229835510254,0.03,0,0,0,0,0,0,0,0,0,0,0,0,0,0,0,0,0,0,0,0,0
2.932717800140381,0.0,0.0,0.0,-0.011293470859527588,-0.01714712381362915,0.0,0.0,0.41528382897377014,-0.18375229835510254,0.03,0,0,0,0,0,0,0,0,0,0,0,0,0,0,0,0,0,0,0,0,0
2.9338815212249756,0.0,0.0,0.0,-0.011293470859527588,-0.01714712381362915,0.0,0.0,0.41528382897377014,-0.18375229835510254,0.03,0,0,0,0,0,0,0,0,0,0,0,0,0,0,0,0,0,0,0,0,0
2.9356534481048584,0.0,0.0,0.0,-0.011293470859527588,-0.01714712381362915,0.0,0.0,0.41528382897377014,-0.18375229835510254,0.03,0,0,0,0,0,0,0,0,0,0,0,0,0,0,0,0,0,0,0,0,0
2.936976671218872,0.0,0.0,0.0,-0.011293470859527588,-0.01714712381362915,0.0,0.0,0.41528382897377014,-0.18375229835510254,0.03,0,0,0,0,0,0,0,0,0,0,0,0,0,0,0,0,0,0,0,0,0
2.9382221698760986,0.0,0.0,0.0,-0.011293470859527588,-0.01714712381362915,0.0,0.0,0.41528382897377014,-0.18375229835510254,0.03,0,0,0,0,0,0,0,0,0,0,0,0,0,0,0,0,0,0,0,0,0
2.9405293464660645,0.0,0.0,0.0,-0.011293470859527588,-0.01714712381362915,0.0,0.0,0.41528382897377014,-0.18375229835510254,0.03,0,0,0,0,0,0,0,0,0,0,0,0,0,0,0,0,0,0,0,0,0
2.9418227672576904,0.0,0.0,0.0,-0.011293470859527588,-0.01714712381362915,0.0,0.0,0.41528382897377014,-0.18375229835510254,0.03,0,0,0,0,0,0,0,0,0,0,0,0,0,0,0,0,0,0,0,0,0
2.943774461746216,0.0,0.0,0.0,-0.011293470859527588,-0.01714712381362915,0.0,0.0,0.41528382897377014,-0.18375229835510254,0.03,0,0,0,0,0,0,0,0,0,0,0,0,0,0,0,0,0,0,0,0,0
2.9468464851379395,0.0,0.0,0.0,-0.011293470859527588,-0.01714712381362915,0.0,0.0,0.41528382897377014,-0.18375229835510254,0.03,0,0,0,0,0,0,0,0,0,0,0,0,0,0,0,0,0,0,0,0,0
2.94873309135437,0.0,0.0,0.0,-0.011293470859527588,-0.01714712381362915,0.0,0.0,0.41528382897377014,-0.18375229835510254,0.03,0,0,0,0,0,0,0,0,0,0,0,0,0,0,0,0,0,0,0,0,0
2.9526515007019043,0.0,0.0,0.0,-0.011293470859527588,-0.01714712381362915,0.0,0.0,0.41528382897377014,-0.18375229835510254,0.03,0,0,0,0,0,0,0,0,0,0,0,0,0,0,0,0,0,0,0,0,0
2.9537768363952637,0.0,0.0,0.0,-0.011293470859527588,-0.01714712381362915,0.0,0.0,0.41528382897377014,-0.18375229835510254,0.03,0,0,0,0,0,0,0,0,0,0,0,0,0,0,0,0,0,0,0,0,0
2.955491304397583,0.0,0.0,0.0,-0.011075973510742188,-0.01674589514732361,0.0,0.0,0.45242705941200256,-0.126201793551445,0.03,0,0,0,0,0,0,0,0,0,0,0,0,0,0,0,0,0,0,0,0,0
2.9568839073181152,0.0,0.0,0.0,-0.011075973510742188,-0.01674589514732361,0.0,0.0,0.45242705941200256,-0.126201793551445,0.03,0,0,0,0,0,0,0,0,0,0,0,0,0,0,0,0,0,0,0,0,0
2.9590351581573486,0.0,0.0,0.0,-0.011075973510742188,-0.01674589514732361,0.0,0.0,0.45242705941200256,-0.126201793551445,0.03,0,0,0,0,0,0,0,0,0,0,0,0,0,0,0,0,0,0,0,0,0
2.9605276584625244,0.0,0.0,0.0,-0.011075973510742188,-0.01674589514732361,0.0,0.0,0.45242705941200256,-0.126201793551445,0.03,0,0,0,0,0,0,0,0,0,0,0,0,0,0,0,0,0,0,0,0,0
2.9616737365722656,0.0,0.0,0.0,-0.011075973510742188,-0.01674589514732361,0.0,0.0,0.45242705941200256,-0.126201793551445,0.03,0,0,0,0,0,0,0,0,0,0,0,0,0,0,0,0,0,0,0,0,0
2.9635355472564697,0.0,0.0,0.0,-0.011075973510742188,-0.01674589514732361,0.0,0.0,0.45242705941200256,-0.126201793551445,0.03,0,0,0,0,0,0,0,0,0,0,0,0,0,0,0,0,0,0,0,0,0
2.9650750160217285,0.0,0.0,0.0,-0.01075047254562378,-0.016168564558029175,0.0,0.0,0.45343050360679626,-0.14647212624549866,0.03,0,0,0,0,0,0,0,0,0,0,0,0,0,0,0,0,0,0,0,0,0
2.9663596153259277,0.0,0.0,0.0,-0.01075047254562378,-0.016168564558029175,0.0,0.0,0.45343050360679626,-0.14647212624549866,0.03,0,0,0,0,0,0,0,0,0,0,0,0,0,0,0,0,0,0,0,0,0
2.9674594402313232,0.0,0.0,0.0,-0.01075047254562378,-0.016168564558029175,0.0,0.0,0.45343050360679626,-0.14647212624549866,0.03,0,0,0,0,0,0,0,0,0,0,0,0,0,0,0,0,0,0,0,0,0
2.9686195850372314,0.0,0.0,0.0,-0.01075047254562378,-0.016168564558029175,0.0,0.0,0.45343050360679626,-0.14647212624549866,0.03,0,0,0,0,0,0,0,0,0,0,0,0,0,0,0,0,0,0,0,0,0
2.969817876815796,0.0,0.0,0.0,-0.01075047254562378,-0.016168564558029175,0.0,0.0,0.45343050360679626,-0.14647212624549866,0.03,0,0,0,0,0,0,0,0,0,0,0,0,0,0,0,0,0,0,0,0,0
2.970930576324463,0.0,0.0,0.0,-0.01075047254562378,-0.016168564558029175,0.0,0.0,0.45343050360679626,-0.14647212624549866,0.03,0,0,0,0,0,0,0,0,0,0,0,0,0,0,0,0,0,0,0,0,0
2.9720230102539062,0.0,0.0,0.0,-0.01075047254562378,-0.016168564558029175,0.0,0.0,0.45343050360679626,-0.14647212624549866,0.03,0,0,0,0,0,0,0,0,0,0,0,0,0,0,0,0,0,0,0,0,0
2.9738667011260986,0.0,0.0,0.0,-0.01075047254562378,-0.016168564558029175,0.0,0.0,0.45343050360679626,-0.14647212624549866,0.03,0,0,0,0,0,0,0,0,0,0,0,0,0,0,0,0,0,0,0,0,0
2.9778668880462646,0.0,0.0,0.0,-0.010686933994293213,-0.01600027084350586,0.0,0.0,0.4858493208885193,-0.1336057037115097,0.03,0,0,0,0,0,0,0,0,0,0,0,0,0,0,0,0,0,0,0,0,0
2.9798519611358643,0.0,0.0,0.0,-0.010641694068908691,-0.015962660312652588,0.0,0.0,0.43579673767089844,-0.13053660094738007,0.03,0,0,0,0,0,0,0,0,0,0,0,0,0,0,0,0,0,0,0,0,0
2.9839062690734863,0.0,0.0,0.0,-0.009542286396026611,-0.014811545610427856,0.0,0.0,0.25250720977783203,0.5456875562667847,0.03,0,0,0,0,0,0,0,0,0,0,0,0,0,0,0,0,0,0,0,0,0
2.985231637954712,0.0,0.0,0.0,-0.009530365467071533,-0.014568239450454712,0.0,0.0,0.27669915556907654,0.5873309373855591,0.03,0,0,0,0,0,0,0,0,0,0,0,0,0,0,0,0,0,0,0,0,0
2.986299753189087,0.0,0.0,0.0,-0.009530365467071533,-0.014568239450454712,0.0,0.0,0.27669915556907654,0.5873309373855591,0.03,0,0,0,0,0,0,0,0,0,0,0,0,0,0,0,0,0,0,0,0,0
2.9883694648742676,0.0,0.0,0.0,-0.009530365467071533,-0.014568239450454712,0.0,0.0,0.27669915556907654,0.5873309373855591,0.03,0,0,0,0,0,0,0,0,0,0,0,0,0,0,0,0,0,0,0,0,0
2.989699363708496,0.0,0.0,0.0,-0.009530365467071533,-0.014568239450454712,0.0,0.0,0.27669915556907654,0.5873309373855591,0.03,0,0,0,0,0,0,0,0,0,0,0,0,0,0,0,0,0,0,0,0,0
2.9909143447875977,0.0,0.0,0.0,-0.009530365467071533,-0.014568239450454712,0.0,0.0,0.27669915556907654,0.5873309373855591,0.03,0,0,0,0,0,0,0,0,0,0,0,0,0,0,0,0,0,0,0,0,0
2.992154598236084,0.0,0.0,0.0,-0.009530365467071533,-0.014568239450454712,0.0,0.0,0.27669915556907654,0.5873309373855591,0.03,0,0,0,0,0,0,0,0,0,0,0,0,0,0,0,0,0,0,0,0,0
2.993257999420166,0.0,0.0,0.0,-0.009530365467071533,-0.014568239450454712,0.0,0.0,0.27669915556907654,0.5873309373855591,0.03,0,0,0,0,0,0,0,0,0,0,0,0,0,0,0,0,0,0,0,0,0
2.994414806365967,0.0,0.0,0.0,-0.009530365467071533,-0.014568239450454712,0.0,0.0,0.27669915556907654,0.5873309373855591,0.03,0,0,0,0,0,0,0,0,0,0,0,0,0,0,0,0,0,0,0,0,0
2.9956676959991455,0.0,0.0,0.0,-0.009530365467071533,-0.014568239450454712,0.0,0.0,0.27669915556907654,0.5873309373855591,0.03,0,0,0,0,0,0,0,0,0,0,0,0,0,0,0,0,0,0,0,0,0
2.9969265460968018,0.0,0.0,0.0,-0.009530365467071533,-0.014568239450454712,0.0,0.0,0.27669915556907654,0.5873309373855591,0.03,0,0,0,0,0,0,0,0,0,0,0,0,0,0,0,0,0,0,0,0,0
2.9980216026306152,0.0,0.0,0.0,-0.009530365467071533,-0.014568239450454712,0.0,0.0,0.27669915556907654,0.5873309373855591,0.03,0,0,0,0,0,0,0,0,0,0,0,0,0,0,0,0,0,0,0,0,0
2.999507427215576,0.0,0.0,0.0,-0.009530365467071533,-0.014568239450454712,0.0,0.0,0.27669915556907654,0.5873309373855591,0.03,0,0,0,0,0,0,0,0,0,0,0,0,0,0,0,0,0,0,0,0,0
3.001116991043091,0.0,0.0,0.0,-0.009530365467071533,-0.014568239450454712,0.0,0.0,0.27669915556907654,0.5873309373855591,0.03,0,0,0,0,0,0,0,0,0,0,0,0,0,0,0,0,0,0,0,0,0
3.0027525424957275,0.0,0.0,0.0,-0.009530365467071533,-0.014568239450454712,0.0,0.0,0.27669915556907654,0.5873309373855591,0.03,0,0,0,0,0,0,0,0,0,0,0,0,0,0,0,0,0,0,0,0,0
3.0045413970947266,0.0,0.0,0.0,-0.009530365467071533,-0.014568239450454712,0.0,0.0,0.27669915556907654,0.5873309373855591,0.03,0,0,0,0,0,0,0,0,0,0,0,0,0,0,0,0,0,0,0,0,0
3.005953788757324,0.0,0.0,0.0,-0.009530365467071533,-0.014568239450454712,0.0,0.0,0.27669915556907654,0.5873309373855591,0.03,0,0,0,0,0,0,0,0,0,0,0,0,0,0,0,0,0,0,0,0,0
3.0070784091949463,0.0,0.0,0.0,-0.009530365467071533,-0.014568239450454712,0.0,0.0,0.27669915556907654,0.5873309373855591,0.03,0,0,0,0,0,0,0,0,0,0,0,0,0,0,0,0,0,0,0,0,0
3.009932041168213,0.0,0.0,0.0,-0.009530365467071533,-0.014568239450454712,0.0,0.0,0.27669915556907654,0.5873309373855591,0.03,0,0,0,0,0,0,0,0,0,0,0,0,0,0,0,0,0,0,0,0,0
3.0114736557006836,0.0,0.0,0.0,-0.009530365467071533,-0.014568239450454712,0.0,0.0,0.27669915556907654,0.5873309373855591,0.03,0,0,0,0,0,0,0,0,0,0,0,0,0,0,0,0,0,0,0,0,0
3.012586832046509,0.0,0.0,0.0,-0.009530365467071533,-0.014568239450454712,0.0,0.0,0.27669915556907654,0.5873309373855591,0.03,0,0,0,0,0,0,0,0,0,0,0,0,0,0,0,0,0,0,0,0,0
3.014463424682617,0.0,0.0,0.0,-0.009530365467071533,-0.014568239450454712,0.0,0.0,0.27669915556907654,0.5873309373855591,0.03,0,0,0,0,0,0,0,0,0,0,0,0,0,0,0,0,0,0,0,0,0
3.0156972408294678,0.0,0.0,0.0,-0.009530365467071533,-0.014568239450454712,0.0,0.0,0.27669915556907654,0.5873309373855591,0.03,0,0,0,0,0,0,0,0,0,0,0,0,0,0,0,0,0,0,0,0,0
3.017249345779419,0.0,0.0,0.0,-0.009530365467071533,-0.014568239450454712,0.0,0.0,0.27669915556907654,0.5873309373855591,0.03,0,0,0,0,0,0,0,0,0,0,0,0,0,0,0,0,0,0,0,0,0
3.0203022956848145,0.0,0.0,0.0,-0.009530365467071533,-0.014568239450454712,0.0,0.0,0.27669915556907654,0.5873309373855591,0.03,0,0,0,0,0,0,0,0,0,0,0,0,0,0,0,0,0,0,0,0,0
3.02185320854187,0.0,0.0,0.0,-0.009530365467071533,-0.014568239450454712,0.0,0.0,0.27669915556907654,0.5873309373855591,0.03,0,0,0,0,0,0,0,0,0,0,0,0,0,0,0,0,0,0,0,0,0
3.0230894088745117,0.0,0.0,0.0,-0.009530365467071533,-0.014568239450454712,0.0,0.0,0.27669915556907654,0.5873309373855591,0.03,0,0,0,0,0,0,0,0,0,0,0,0,0,0,0,0,0,0,0,0,0
3.0250415802001953,0.0,0.0,0.0,-0.009280085563659668,-0.01467779278755188,0.0,0.0,0.35929030179977417,-0.4775209128856659,0.03,0,0,0,0,0,0,0,0,0,0,0,0,0,0,0,0,0,0,0,0,0
3.028167963027954,0.0,0.0,0.0,-0.008914768695831299,-0.013504505157470703,0.0,0.0,0.564825177192688,0.5045651197433472,0.03,0,0,0,0,0,0,0,0,0,0,0,0,0,0,0,0,0,0,0,0,0
3.029284954071045,0.0,0.0,0.0,-0.008914768695831299,-0.013504505157470703,0.0,0.0,0.564825177192688,0.5045651197433472,0.03,0,0,0,0,0,0,0,0,0,0,0,0,0,0,0,0,0,0,0,0,0
3.0310473442077637,0.0,0.0,0.0,-0.008914768695831299,-0.013504505157470703,0.0,0.0,0.564825177192688,0.5045651197433472,0.03,0,0,0,0,0,0,0,0,0,0,0,0,0,0,0,0,0,0,0,0,0
3.0322277545928955,0.0,0.0,0.0,-0.008914768695831299,-0.013504505157470703,0.0,0.0,0.564825177192688,0.5045651197433472,0.03,0,0,0,0,0,0,0,0,0,0,0,0,0,0,0,0,0,0,0,0,0
3.033608913421631,0.0,0.0,0.0,-0.008914768695831299,-0.013504505157470703,0.0,0.0,0.564825177192688,0.5045651197433472,0.03,0,0,0,0,0,0,0,0,0,0,0,0,0,0,0,0,0,0,0,0,0
3.0356853008270264,0.0,0.0,0.0,-0.008914768695831299,-0.013504505157470703,0.0,0.0,0.564825177192688,0.5045651197433472,0.03,0,0,0,0,0,0,0,0,0,0,0,0,0,0,0,0,0,0,0,0,0
3.0374364852905273,0.0,0.0,0.0,-0.008914768695831299,-0.013504505157470703,0.0,0.0,0.564825177192688,0.5045651197433472,0.03,0,0,0,0,0,0,0,0,0,0,0,0,0,0,0,0,0,0,0,0,0
3.0385632514953613,0.0,0.0,0.0,-0.008914768695831299,-0.013504505157470703,0.0,0.0,0.564825177192688,0.5045651197433472,0.03,0,0,0,0,0,0,0,0,0,0,0,0,0,0,0,0,0,0,0,0,0
3.0398049354553223,0.0,0.0,0.0,-0.008914768695831299,-0.013504505157470703,0.0,0.0,0.564825177192688,0.5045651197433472,0.03,0,0,0,0,0,0,0,0,0,0,0,0,0,0,0,0,0,0,0,0,0
3.040886640548706,0.0,0.0,0.0,-0.008914768695831299,-0.013504505157470703,0.0,0.0,0.564825177192688,0.5045651197433472,0.03,0,0,0,0,0,0,0,0,0,0,0,0,0,0,0,0,0,0,0,0,0
3.041998863220215,0.0,0.0,0.0,-0.008914768695831299,-0.013504505157470703,0.0,0.0,0.564825177192688,0.5045651197433472,0.03,0,0,0,0,0,0,0,0,0,0,0,0,0,0,0,0,0,0,0,0,0
3.0432000160217285,0.0,0.0,0.0,-0.008914768695831299,-0.013504505157470703,0.0,0.0,0.564825177192688,0.5045651197433472,0.03,0,0,0,0,0,0,0,0,0,0,0,0,0,0,0,0,0,0,0,0,0
3.0443344116210938,0.0,0.0,0.0,-0.008914768695831299,-0.013504505157470703,0.0,0.0,0.564825177192688,0.5045651197433472,0.03,0,0,0,0,0,0,0,0,0,0,0,0,0,0,0,0,0,0,0,0,0
3.0454928874969482,0.0,0.0,0.0,-0.008914768695831299,-0.013504505157470703,0.0,0.0,0.564825177192688,0.5045651197433472,0.03,0,0,0,0,0,0,0,0,0,0,0,0,0,0,0,0,0,0,0,0,0
3.04673171043396,0.0,0.0,0.0,-0.008914768695831299,-0.013504505157470703,0.0,0.0,0.564825177192688,0.5045651197433472,0.03,0,0,0,0,0,0,0,0,0,0,0,0,0,0,0,0,0,0,0,0,0
3.04789400100708,0.0,0.0,0.0,-0.008914768695831299,-0.013504505157470703,0.0,0.0,0.564825177192688,0.5045651197433472,0.03,0,0,0,0,0,0,0,0,0,0,0,0,0,0,0,0,0,0,0,0,0
3.050689935684204,0.0,0.0,0.0,-0.008914768695831299,-0.013504505157470703,0.0,0.0,0.564825177192688,0.5045651197433472,0.03,0,0,0,0,0,0,0,0,0,0,0,0,0,0,0,0,0,0,0,0,0
3.0525383949279785,0.0,0.0,0.0,-0.008914768695831299,-0.013504505157470703,0.0,0.0,0.564825177192688,0.5045651197433472,0.03,0,0,0,0,0,0,0,0,0,0,0,0,0,0,0,0,0,0,0,0,0
3.0540080070495605,0.0,0.0,0.0,-0.008914768695831299,-0.013504505157470703,0.0,0.0,0.564825177192688,0.5045651197433472,0.03,0,0,0,0,0,0,0,0,0,0,0,0,0,0,0,0,0,0,0,0,0
3.055302381515503,0.0,0.0,0.0,-0.008914768695831299,-0.013504505157470703,0.0,0.0,0.564825177192688,0.5045651197433472,0.03,0,0,0,0,0,0,0,0,0,0,0,0,0,0,0,0,0,0,0,0,0
3.0564053058624268,0.0,0.0,0.0,-0.008914768695831299,-0.013504505157470703,0.0,0.0,0.564825177192688,0.5045651197433472,0.03,0,0,0,0,0,0,0,0,0,0,0,0,0,0,0,0,0,0,0,0,0
3.057840585708618,0.0,0.0,0.0,-0.008914768695831299,-0.013504505157470703,0.0,0.0,0.564825177192688,0.5045651197433472,0.03,0,0,0,0,0,0,0,0,0,0,0,0,0,0,0,0,0,0,0,0,0
3.059562921524048,0.0,0.0,0.0,-0.008914768695831299,-0.013504505157470703,0.0,0.0,0.564825177192688,0.5045651197433472,0.03,0,0,0,0,0,0,0,0,0,0,0,0,0,0,0,0,0,0,0,0,0
3.0609214305877686,0.0,0.0,0.0,-0.008914768695831299,-0.013504505157470703,0.0,0.0,0.564825177192688,0.5045651197433472,0.03,0,0,0,0,0,0,0,0,0,0,0,0,0,0,0,0,0,0,0,0,0
3.06231951713562,0.0,0.0,0.0,-0.008914768695831299,-0.013504505157470703,0.0,0.0,0.564825177192688,0.5045651197433472,0.03,0,0,0,0,0,0,0,0,0,0,0,0,0,0,0,0,0,0,0,0,0
3.0635406970977783,0.0,0.0,0.0,-0.008914768695831299,-0.013504505157470703,0.0,0.0,0.564825177192688,0.5045651197433472,0.03,0,0,0,0,0,0,0,0,0,0,0,0,0,0,0,0,0,0,0,0,0
3.0646884441375732,0.0,0.0,0.0,-0.008914768695831299,-0.013504505157470703,0.0,0.0,0.564825177192688,0.5045651197433472,0.03,0,0,0,0,0,0,0,0,0,0,0,0,0,0,0,0,0,0,0,0,0
3.065788745880127,0.0,0.0,0.0,-0.008914768695831299,-0.013504505157470703,0.0,0.0,0.564825177192688,0.5045651197433472,0.03,0,0,0,0,0,0,0,0,0,0,0,0,0,0,0,0,0,0,0,0,0
3.0669543743133545,0.0,0.0,0.0,-0.008914768695831299,-0.013504505157470703,0.0,0.0,0.564825177192688,0.5045651197433472,0.03,0,0,0,0,0,0,0,0,0,0,0,0,0,0,0,0,0,0,0,0,0
3.0681753158569336,0.0,0.0,0.0,-0.008914768695831299,-0.013504505157470703,0.0,0.0,0.564825177192688,0.5045651197433472,0.03,0,0,0,0,0,0,0,0,0,0,0,0,0,0,0,0,0,0,0,0,0
3.0697944164276123,0.0,0.0,0.0,-0.008914768695831299,-0.013504505157470703,0.0,0.0,0.564825177192688,0.5045651197433472,0.03,0,0,0,0,0,0,0,0,0,0,0,0,0,0,0,0,0,0,0,0,0
3.0713679790496826,0.0,0.0,0.0,-0.008914768695831299,-0.013504505157470703,0.0,0.0,0.564825177192688,0.5045651197433472,0.03,0,0,0,0,0,0,0,0,0,0,0,0,0,0,0,0,0,0,0,0,0
3.0730390548706055,0.0,0.0,0.0,-0.008914768695831299,-0.013504505157470703,0.0,0.0,0.564825177192688,0.5045651197433472,0.03,0,0,0,0,0,0,0,0,0,0,0,0,0,0,0,0,0,0,0,0,0
3.0746705532073975,0.0,0.0,0.0,-0.008914768695831299,-0.013504505157470703,0.0,0.0,0.564825177192688,0.5045651197433472,0.03,0,0,0,0,0,0,0,0,0,0,0,0,0,0,0,0,0,0,0,0,0
3.0758275985717773,0.0,0.0,0.0,-0.008914768695831299,-0.013504505157470703,0.0,0.0,0.564825177192688,0.5045651197433472,0.03,0,0,0,0,0,0,0,0,0,0,0,0,0,0,0,0,0,0,0,0,0
3.0769524574279785,0.0,0.0,0.0,-0.008914768695831299,-0.013504505157470703,0.0,0.0,0.564825177192688,0.5045651197433472,0.03,0,0,0,0,0,0,0,0,0,0,0,0,0,0,0,0,0,0,0,0,0
3.07886004447937,0.0,0.0,0.0,-0.008914768695831299,-0.013504505157470703,0.0,0.0,0.564825177192688,0.5045651197433472,0.03,0,0,0,0,0,0,0,0,0,0,0,0,0,0,0,0,0,0,0,0,0
3.080104112625122,0.0,0.0,0.0,-0.008914768695831299,-0.013504505157470703,0.0,0.0,0.564825177192688,0.5045651197433472,0.03,0,0,0,0,0,0,0,0,0,0,0,0,0,0,0,0,0,0,0,0,0
3.081331729888916,0.0,0.0,0.0,-0.008914768695831299,-0.013504505157470703,0.0,0.0,0.564825177192688,0.5045651197433472,0.03,0,0,0,0,0,0,0,0,0,0,0,0,0,0,0,0,0,0,0,0,0
3.084054470062256,0.0,0.0,0.0,-0.008914768695831299,-0.013504505157470703,0.0,0.0,0.564825177192688,0.5045651197433472,0.03,0,0,0,0,0,0,0,0,0,0,0,0,0,0,0,0,0,0,0,0,0
3.085437774658203,0.0,0.0,0.0,-0.008914768695831299,-0.013504505157470703,0.0,0.0,0.564825177192688,0.5045651197433472,0.03,0,0,0,0,0,0,0,0,0,0,0,0,0,0,0,0,0,0,0,0,0
3.088500738143921,0.0,0.0,0.0,-0.008914768695831299,-0.013504505157470703,0.0,0.0,0.564825177192688,0.5045651197433472,0.03,0,0,0,0,0,0,0,0,0,0,0,0,0,0,0,0,0,0,0,0,0
3.090181589126587,0.0,0.0,0.0,-0.008914768695831299,-0.013504505157470703,0.0,0.0,0.564825177192688,0.5045651197433472,0.03,0,0,0,0,0,0,0,0,0,0,0,0,0,0,0,0,0,0,0,0,0
3.09206223487854,0.0,0.0,0.0,-0.008914768695831299,-0.013504505157470703,0.0,0.0,0.564825177192688,0.5045651197433472,0.03,0,0,0,0,0,0,0,0,0,0,0,0,0,0,0,0,0,0,0,0,0
3.0938515663146973,0.0,0.0,0.0,-0.008914768695831299,-0.013504505157470703,0.0,0.0,0.564825177192688,0.5045651197433472,0.03,0,0,0,0,0,0,0,0,0,0,0,0,0,0,0,0,0,0,0,0,0
3.0960330963134766,0.0,0.0,0.0,-0.008914768695831299,-0.013504505157470703,0.0,0.0,0.564825177192688,0.5045651197433472,0.03,0,0,0,0,0,0,0,0,0,0,0,0,0,0,0,0,0,0,0,0,0
3.0975687503814697,0.0,0.0,0.0,-0.008232653141021729,-0.012232869863510132,0.0,0.0,0.38217809796333313,-0.6760983467102051,0.03,0,0,0,0,0,0,0,0,0,0,0,0,0,0,0,0,0,0,0,0,0
3.0993714332580566,0.0,0.0,0.0,-0.00772935152053833,-0.011895835399627686,0.0,0.0,0.32748520374298096,-0.4979262053966522,0.03,0,0,0,0,0,0,0,0,0,0,0,0,0,0,0,0,0,0,0,0,0
3.100761651992798,0.0,0.0,0.0,-0.007759749889373779,-0.011937081813812256,0.0,0.0,0.48229432106018066,-0.5746074318885803,0.03,0,0,0,0,0,0,0,0,0,0,0,0,0,0,0,0,0,0,0,0,0
3.101935386657715,0.0,0.0,0.0,-0.007759749889373779,-0.011937081813812256,0.0,0.0,0.48229432106018066,-0.5746074318885803,0.03,0,0,0,0,0,0,0,0,0,0,0,0,0,0,0,0,0,0,0,0,0
3.103105306625366,0.0,0.0,0.0,-0.007759749889373779,-0.011937081813812256,0.0,0.0,0.48229432106018066,-0.5746074318885803,0.03,0,0,0,0,0,0,0,0,0,0,0,0,0,0,0,0,0,0,0,0,0
3.105921745300293,0.0,0.0,0.0,-0.007612407207489014,-0.01167386770248413,0.0,0.0,0.3402595520019531,-0.4244520366191864,0.03,0,0,0,0,0,0,0,0,0,0,0,0,0,0,0,0,0,0,0,0,0
3.107422113418579,0.0,0.0,0.0,-0.007513463497161865,-0.011542588472366333,0.0,0.0,0.4544456899166107,-0.4794115722179413,0.03,0,0,0,0,0,0,0,0,0,0,0,0,0,0,0,0,0,0,0,0,0
3.109243869781494,0.0,0.0,0.0,-0.007457315921783447,-0.01146504282951355,0.0,0.0,0.41881129145622253,-0.44208890199661255,0.03,0,0,0,0,0,0,0,0,0,0,0,0,0,0,0,0,0,0,0,0,0
3.112098455429077,0.0,0.0,0.0,-0.007373452186584473,-0.011327266693115234,0.0,0.0,0.3764854073524475,-0.3618922531604767,0.03,0,0,0,0,0,0,0,0,0,0,0,0,0,0,0,0,0,0,0,0,0
3.1133675575256348,0.0,0.0,0.0,-0.007373452186584473,-0.011327266693115234,0.0,0.0,0.3764854073524475,-0.3618922531604767,0.03,0,0,0,0,0,0,0,0,0,0,0,0,0,0,0,0,0,0,0,0,0
3.1145613193511963,0.0,0.0,0.0,-0.007278025150299072,-0.011154234409332275,0.0,0.0,0.34328728914260864,-0.29353806376457214,0.03,0,0,0,0,0,0,0,0,0,0,0,0,0,0,0,0,0,0,0,0,0
3.115687608718872,0.0,0.0,0.0,-0.007278025150299072,-0.011154234409332275,0.0,0.0,0.34328728914260864,-0.29353806376457214,0.03,0,0,0,0,0,0,0,0,0,0,0,0,0,0,0,0,0,0,0,0,0
3.1170003414154053,0.0,0.0,0.0,-0.007271170616149902,-0.01102447509765625,0.0,0.0,0.5106749534606934,-0.46462997794151306,0.03,0,0,0,0,0,0,0,0,0,0,0,0,0,0,0,0,0,0,0,0,0
3.118089437484741,0.0,0.0,0.0,-0.007271170616149902,-0.01102447509765625,0.0,0.0,0.5106749534606934,-0.46462997794151306,0.03,0,0,0,0,0,0,0,0,0,0,0,0,0,0,0,0,0,0,0,0,0
3.1191797256469727,0.0,0.0,0.0,-0.007271170616149902,-0.01102447509765625,0.0,0.0,0.5106749534606934,-0.46462997794151306,0.03,0,0,0,0,0,0,0,0,0,0,0,0,0,0,0,0,0,0,0,0,0
3.120269775390625,0.0,0.0,0.0,-0.007271170616149902,-0.01102447509765625,0.0,0.0,0.5106749534606934,-0.46462997794151306,0.03,0,0,0,0,0,0,0,0,0,0,0,0,0,0,0,0,0,0,0,0,0
3.1216814517974854,0.0,0.0,0.0,-0.007271170616149902,-0.01102447509765625,0.0,0.0,0.5106749534606934,-0.46462997794151306,0.03,0,0,0,0,0,0,0,0,0,0,0,0,0,0,0,0,0,0,0,0,0
3.1231472492218018,0.0,0.0,0.0,-0.007271170616149902,-0.01102447509765625,0.0,0.0,0.5106749534606934,-0.46462997794151306,0.03,0,0,0,0,0,0,0,0,0,0,0,0,0,0,0,0,0,0,0,0,0
3.1261770725250244,0.0,0.0,0.0,-0.007271170616149902,-0.01102447509765625,0.0,0.0,0.5106749534606934,-0.46462997794151306,0.03,0,0,0,0,0,0,0,0,0,0,0,0,0,0,0,0,0,0,0,0,0
3.1281557083129883,0.0,0.0,0.0,-0.007207930088043213,-0.0109843909740448,0.0,0.0,0.4725515842437744,-0.5116385817527771,0.03,0,0,0,0,0,0,0,0,0,0,0,0,0,0,0,0,0,0,0,0,0
3.129322052001953,0.0,0.0,0.0,-0.007103979587554932,-0.010795950889587402,0.0,0.0,0.40448614954948425,-0.3329022228717804,0.03,0,0,0,0,0,0,0,0,0,0,0,0,0,0,0,0,0,0,0,0,0
3.130807399749756,0.0,0.0,0.0,-0.006961703300476074,-0.010598421096801758,0.0,0.0,0.4469359815120697,-0.3861367106437683,0.03,0,0,0,0,0,0,0,0,0,0,0,0,0,0,0,0,0,0,0,0,0
3.131951093673706,0.0,0.0,0.0,-0.006959676742553711,-0.010567456483840942,0.0,0.0,0.3983765244483948,-0.36966025829315186,0.03,0,0,0,0,0,0,0,0,0,0,0,0,0,0,0,0,0,0,0,0,0
3.133739948272705,0.0,0.0,0.0,-0.006959676742553711,-0.010567456483840942,0.0,0.0,0.3983765244483948,-0.36966025829315186,0.03,0,0,0,0,0,0,0,0,0,0,0,0,0,0,0,0,0,0,0,0,0
3.1349081993103027,0.0,0.0,0.0,-0.006959676742553711,-0.010567456483840942,0.0,0.0,0.3983765244483948,-0.36966025829315186,0.03,0,0,0,0,0,0,0,0,0,0,0,0,0,0,0,0,0,0,0,0,0
3.1363251209259033,0.0,0.0,0.0,-0.006959676742553711,-0.010567456483840942,0.0,0.0,0.3983765244483948,-0.36966025829315186,0.03,0,0,0,0,0,0,0,0,0,0,0,0,0,0,0,0,0,0,0,0,0
3.137683153152466,0.0,0.0,0.0,-0.006959676742553711,-0.010567456483840942,0.0,0.0,0.3983765244483948,-0.36966025829315186,0.03,0,0,0,0,0,0,0,0,0,0,0,0,0,0,0,0,0,0,0,0,0
3.1389071941375732,0.0,0.0,0.0,-0.006959676742553711,-0.010567456483840942,0.0,0.0,0.3983765244483948,-0.36966025829315186,0.03,0,0,0,0,0,0,0,0,0,0,0,0,0,0,0,0,0,0,0,0,0
3.1400086879730225,0.0,0.0,0.0,-0.006959676742553711,-0.010567456483840942,0.0,0.0,0.3983765244483948,-0.36966025829315186,0.03,0,0,0,0,0,0,0,0,0,0,0,0,0,0,0,0,0,0,0,0,0
3.1411056518554688,0.0,0.0,0.0,-0.006959676742553711,-0.010567456483840942,0.0,0.0,0.3983765244483948,-0.36966025829315186,0.03,0,0,0,0,0,0,0,0,0,0,0,0,0,0,0,0,0,0,0,0,0
3.142205238342285,0.0,0.0,0.0,-0.006959676742553711,-0.010567456483840942,0.0,0.0,0.3983765244483948,-0.36966025829315186,0.03,0,0,0,0,0,0,0,0,0,0,0,0,0,0,0,0,0,0,0,0,0
3.143277168273926,0.0,0.0,0.0,-0.006959676742553711,-0.010567456483840942,0.0,0.0,0.3983765244483948,-0.36966025829315186,0.03,0,0,0,0,0,0,0,0,0,0,0,0,0,0,0,0,0,0,0,0,0
3.144385814666748,0.0,0.0,0.0,-0.006959676742553711,-0.010567456483840942,0.0,0.0,0.3983765244483948,-0.36966025829315186,0.03,0,0,0,0,0,0,0,0,0,0,0,0,0,0,0,0,0,0,0,0,0
3.1454522609710693,0.0,0.0,0.0,-0.006959676742553711,-0.010567456483840942,0.0,0.0,0.3983765244483948,-0.36966025829315186,0.03,0,0,0,0,0,0,0,0,0,0,0,0,0,0,0,0,0,0,0,0,0
3.147068977355957,0.0,0.0,0.0,-0.006959676742553711,-0.010567456483840942,0.0,0.0,0.3983765244483948,-0.36966025829315186,0.03,0,0,0,0,0,0,0,0,0,0,0,0,0,0,0,0,0,0,0,0,0
3.1486265659332275,0.0,0.0,0.0,-0.006959676742553711,-0.010567456483840942,0.0,0.0,0.3983765244483948,-0.36966025829315186,0.03,0,0,0,0,0,0,0,0,0,0,0,0,0,0,0,0,0,0,0,0,0
3.1507577896118164,0.0,0.0,0.0,-0.006959676742553711,-0.010567456483840942,0.0,0.0,0.3983765244483948,-0.36966025829315186,0.03,0,0,0,0,0,0,0,0,0,0,0,0,0,0,0,0,0,0,0,0,0
3.15236496925354,0.0,0.0,0.0,-0.006959676742553711,-0.010567456483840942,0.0,0.0,0.3983765244483948,-0.36966025829315186,0.03,0,0,0,0,0,0,0,0,0,0,0,0,0,0,0,0,0,0,0,0,0
3.1546382904052734,0.0,0.0,0.0,-0.006688058376312256,-0.00996425747871399,0.0,0.0,0.45348602533340454,-0.25833871960639954,0.03,0,0,0,0,0,0,0,0,0,0,0,0,0,0,0,0,0,0,0,0,0
3.1561269760131836,0.0,0.0,0.0,-0.006688058376312256,-0.00996425747871399,0.0,0.0,0.45348602533340454,-0.25833871960639954,0.03,0,0,0,0,0,0,0,0,0,0,0,0,0,0,0,0,0,0,0,0,0
3.1580374240875244,0.0,0.0,0.0,-0.006688058376312256,-0.00996425747871399,0.0,0.0,0.45348602533340454,-0.25833871960639954,0.03,0,0,0,0,0,0,0,0,0,0,0,0,0,0,0,0,0,0,0,0,0
3.159381151199341,0.0,0.0,0.0,-0.006688058376312256,-0.00996425747871399,0.0,0.0,0.45348602533340454,-0.25833871960639954,0.03,0,0,0,0,0,0,0,0,0,0,0,0,0,0,0,0,0,0,0,0,0
3.1606223583221436,0.0,0.0,0.0,-0.006688058376312256,-0.00996425747871399,0.0,0.0,0.45348602533340454,-0.25833871960639954,0.03,0,0,0,0,0,0,0,0,0,0,0,0,0,0,0,0,0,0,0,0,0
3.1619200706481934,0.0,0.0,0.0,-0.006688058376312256,-0.00996425747871399,0.0,0.0,0.45348602533340454,-0.25833871960639954,0.03,0,0,0,0,0,0,0,0,0,0,0,0,0,0,0,0,0,0,0,0,0
3.1631040573120117,0.0,0.0,0.0,-0.006688058376312256,-0.00996425747871399,0.0,0.0,0.45348602533340454,-0.25833871960639954,0.03,0,0,0,0,0,0,0,0,0,0,0,0,0,0,0,0,0,0,0,0,0
3.1643409729003906,0.0,0.0,0.0,-0.006688058376312256,-0.00996425747871399,0.0,0.0,0.45348602533340454,-0.25833871960639954,0.03,0,0,0,0,0,0,0,0,0,0,0,0,0,0,0,0,0,0,0,0,0
3.1659257411956787,0.0,0.0,0.0,-0.006688058376312256,-0.00996425747871399,0.0,0.0,0.45348602533340454,-0.25833871960639954,0.03,0,0,0,0,0,0,0,0,0,0,0,0,0,0,0,0,0,0,0,0,0
3.1691226959228516,0.0,0.0,0.0,-0.006688058376312256,-0.00996425747871399,0.0,0.0,0.45348602533340454,-0.25833871960639954,0.03,0,0,0,0,0,0,0,0,0,0,0,0,0,0,0,0,0,0,0,0,0
3.1708970069885254,0.0,0.0,0.0,-0.006688058376312256,-0.00996425747871399,0.0,0.0,0.45348602533340454,-0.25833871960639954,0.03,0,0,0,0,0,0,0,0,0,0,0,0,0,0,0,0,0,0,0,0,0
3.172376871109009,0.0,0.0,0.0,-0.006688058376312256,-0.00996425747871399,0.0,0.0,0.45348602533340454,-0.25833871960639954,0.03,0,0,0,0,0,0,0,0,0,0,0,0,0,0,0,0,0,0,0,0,0
3.174523115158081,0.0,0.0,0.0,-0.006688058376312256,-0.00996425747871399,0.0,0.0,0.45348602533340454,-0.25833871960639954,0.03,0,0,0,0,0,0,0,0,0,0,0,0,0,0,0,0,0,0,0,0,0
3.1764843463897705,0.0,0.0,0.0,-0.006688058376312256,-0.00996425747871399,0.0,0.0,0.45348602533340454,-0.25833871960639954,0.03,0,0,0,0,0,0,0,0,0,0,0,0,0,0,0,0,0,0,0,0,0
3.1779696941375732,0.0,0.0,0.0,-0.006688058376312256,-0.00996425747871399,0.0,0.0,0.45348602533340454,-0.25833871960639954,0.03,0,0,0,0,0,0,0,0,0,0,0,0,0,0,0,0,0,0,0,0,0
3.1793715953826904,0.0,0.0,0.0,-0.006688058376312256,-0.00996425747871399,0.0,0.0,0.45348602533340454,-0.25833871960639954,0.03,0,0,0,0,0,0,0,0,0,0,0,0,0,0,0,0,0,0,0,0,0
3.1805896759033203,0.0,0.0,0.0,-0.006688058376312256,-0.00996425747871399,0.0,0.0,0.45348602533340454,-0.25833871960639954,0.03,0,0,0,0,0,0,0,0,0,0,0,0,0,0,0,0,0,0,0,0,0
3.1822102069854736,0.0,0.0,0.0,-0.006688058376312256,-0.00996425747871399,0.0,0.0,0.45348602533340454,-0.25833871960639954,0.03,0,0,0,0,0,0,0,0,0,0,0,0,0,0,0,0,0,0,0,0,0
3.1840176582336426,0.0,0.0,0.0,-0.006473720073699951,-0.0095767080783844,0.0,0.0,0.4765566885471344,-0.22847698628902435,0.03,0,0,0,0,0,0,0,0,0,0,0,0,0,0,0,0,0,0,0,0,0
3.185134172439575,0.0,0.0,0.0,-0.006473720073699951,-0.0095767080783844,0.0,0.0,0.4765566885471344,-0.22847698628902435,0.03,0,0,0,0,0,0,0,0,0,0,0,0,0,0,0,0,0,0,0,0,0
3.186843156814575,0.0,0.0,0.0,-0.006473720073699951,-0.0095767080783844,0.0,0.0,0.4765566885471344,-0.22847698628902435,0.03,0,0,0,0,0,0,0,0,0,0,0,0,0,0,0,0,0,0,0,0,0
3.1879727840423584,0.0,0.0,0.0,-0.006473720073699951,-0.0095767080783844,0.0,0.0,0.4765566885471344,-0.22847698628902435,0.03,0,0,0,0,0,0,0,0,0,0,0,0,0,0,0,0,0,0,0,0,0
3.189232587814331,0.0,0.0,0.0,-0.006473720073699951,-0.0095767080783844,0.0,0.0,0.4765566885471344,-0.22847698628902435,0.03,0,0,0,0,0,0,0,0,0,0,0,0,0,0,0,0,0,0,0,0,0
3.191230297088623,0.0,0.0,0.0,-0.006290853023529053,-0.009330660104751587,0.0,0.0,0.4745078980922699,-0.23089106380939484,0.03,0,0,0,0,0,0,0,0,0,0,0,0,0,0,0,0,0,0,0,0,0
3.192471981048584,0.0,0.0,0.0,-0.006290853023529053,-0.009330660104751587,0.0,0.0,0.4745078980922699,-0.23089106380939484,0.03,0,0,0,0,0,0,0,0,0,0,0,0,0,0,0,0,0,0,0,0,0
3.193554401397705,0.0,0.0,0.0,-0.006290853023529053,-0.009330660104751587,0.0,0.0,0.4745078980922699,-0.23089106380939484,0.03,0,0,0,0,0,0,0,0,0,0,0,0,0,0,0,0,0,0,0,0,0
3.1946794986724854,0.0,0.0,0.0,-0.006290853023529053,-0.009330660104751587,0.0,0.0,0.4745078980922699,-0.23089106380939484,0.03,0,0,0,0,0,0,0,0,0,0,0,0,0,0,0,0,0,0,0,0,0
3.195744276046753,0.0,0.0,0.0,-0.006290853023529053,-0.009330660104751587,0.0,0.0,0.4745078980922699,-0.23089106380939484,0.03,0,0,0,0,0,0,0,0,0,0,0,0,0,0,0,0,0,0,0,0,0
3.196932315826416,0.0,0.0,0.0,-0.006277501583099365,-0.009277433156967163,0.0,0.0,0.44295138120651245,-0.15896865725517273,0.03,0,0,0,0,0,0,0,0,0,0,0,0,0,0,0,0,0,0,0,0,0
3.198084831237793,0.0,0.0,0.0,-0.006277501583099365,-0.009277433156967163,0.0,0.0,0.44295138120651245,-0.15896865725517273,0.03,0,0,0,0,0,0,0,0,0,0,0,0,0,0,0,0,0,0,0,0,0
3.199777603149414,0.0,0.0,0.0,-0.006225943565368652,-0.00912564992904663,0.0,0.0,0.4635496437549591,-0.10249897837638855,0.03,0,0,0,0,0,0,0,0,0,0,0,0,0,0,0,0,0,0,0,0,0
3.202118396759033,0.0,0.0,0.0,-0.006225943565368652,-0.00912564992904663,0.0,0.0,0.4635496437549591,-0.10249897837638855,0.03,0,0,0,0,0,0,0,0,0,0,0,0,0,0,0,0,0,0,0,0,0
3.2032339572906494,0.0,0.0,0.0,-0.006225943565368652,-0.00912564992904663,0.0,0.0,0.4635496437549591,-0.10249897837638855,0.03,0,0,0,0,0,0,0,0,0,0,0,0,0,0,0,0,0,0,0,0,0
3.2044591903686523,0.0,0.0,0.0,-0.006225943565368652,-0.00912564992904663,0.0,0.0,0.4635496437549591,-0.10249897837638855,0.03,0,0,0,0,0,0,0,0,0,0,0,0,0,0,0,0,0,0,0,0,0
3.2055587768554688,0.0,0.0,0.0,-0.006225943565368652,-0.00912564992904663,0.0,0.0,0.4635496437549591,-0.10249897837638855,0.03,0,0,0,0,0,0,0,0,0,0,0,0,0,0,0,0,0,0,0,0,0
3.2070181369781494,0.0,0.0,0.0,-0.006225943565368652,-0.00912564992904663,0.0,0.0,0.4635496437549591,-0.10249897837638855,0.03,0,0,0,0,0,0,0,0,0,0,0,0,0,0,0,0,0,0,0,0,0
3.208219051361084,0.0,0.0,0.0,-0.006225943565368652,-0.00912564992904663,0.0,0.0,0.4635496437549591,-0.10249897837638855,0.03,0,0,0,0,0,0,0,0,0,0,0,0,0,0,0,0,0,0,0,0,0
3.2093682289123535,0.0,0.0,0.0,-0.006225943565368652,-0.00912564992904663,0.0,0.0,0.4635496437549591,-0.10249897837638855,0.03,0,0,0,0,0,0,0,0,0,0,0,0,0,0,0,0,0,0,0,0,0
3.2107186317443848,0.0,0.0,0.0,-0.006225943565368652,-0.00912564992904663,0.0,0.0,0.4635496437549591,-0.10249897837638855,0.03,0,0,0,0,0,0,0,0,0,0,0,0,0,0,0,0,0,0,0,0,0
3.211784839630127,0.0,0.0,0.0,-0.006225943565368652,-0.00912564992904663,0.0,0.0,0.4635496437549591,-0.10249897837638855,0.03,0,0,0,0,0,0,0,0,0,0,0,0,0,0,0,0,0,0,0,0,0
3.212874412536621,0.0,0.0,0.0,-0.006225943565368652,-0.00912564992904663,0.0,0.0,0.4635496437549591,-0.10249897837638855,0.03,0,0,0,0,0,0,0,0,0,0,0,0,0,0,0,0,0,0,0,0,0
3.214022159576416,0.0,0.0,0.0,-0.006225943565368652,-0.00912564992904663,0.0,0.0,0.4635496437549591,-0.10249897837638855,0.03,0,0,0,0,0,0,0,0,0,0,0,0,0,0,0,0,0,0,0,0,0
3.2151894569396973,0.0,0.0,0.0,-0.006225943565368652,-0.00912564992904663,0.0,0.0,0.4635496437549591,-0.10249897837638855,0.03,0,0,0,0,0,0,0,0,0,0,0,0,0,0,0,0,0,0,0,0,0
3.2162909507751465,0.0,0.0,0.0,-0.006225943565368652,-0.00912564992904663,0.0,0.0,0.4635496437549591,-0.10249897837638855,0.03,0,0,0,0,0,0,0,0,0,0,0,0,0,0,0,0,0,0,0,0,0
3.217592239379883,0.0,0.0,0.0,-0.006225943565368652,-0.00912564992904663,0.0,0.0,0.4635496437549591,-0.10249897837638855,0.03,0,0,0,0,0,0,0,0,0,0,0,0,0,0,0,0,0,0,0,0,0
3.2187957763671875,0.0,0.0,0.0,-0.006225943565368652,-0.00912564992904663,0.0,0.0,0.4635496437549591,-0.10249897837638855,0.03,0,0,0,0,0,0,0,0,0,0,0,0,0,0,0,0,0,0,0,0,0
3.2211742401123047,0.0,0.0,0.0,-0.005925118923187256,-0.008528083562850952,0.0,0.0,0.5214353799819946,-0.18495140969753265,0.03,0,0,0,0,0,0,0,0,0,0,0,0,0,0,0,0,0,0,0,0,0
3.222559690475464,0.0,0.0,0.0,-0.005925118923187256,-0.008528083562850952,0.0,0.0,0.5214353799819946,-0.18495140969753265,0.03,0,0,0,0,0,0,0,0,0,0,0,0,0,0,0,0,0,0,0,0,0
3.224080801010132,0.0,0.0,0.0,-0.005801379680633545,-0.008234411478042603,0.0,0.0,0.5330734252929688,-0.21271805465221405,0.03,0,0,0,0,0,0,0,0,0,0,0,0,0,0,0,0,0,0,0,0,0
3.22562313079834,0.0,0.0,0.0,-0.005620598793029785,-0.007972478866577148,0.0,0.0,0.48723819851875305,-0.16220004856586456,0.03,0,0,0,0,0,0,0,0,0,0,0,0,0,0,0,0,0,0,0,0,0
3.2272257804870605,0.0,0.0,0.0,-0.005620598793029785,-0.007972478866577148,0.0,0.0,0.48723819851875305,-0.16220004856586456,0.03,0,0,0,0,0,0,0,0,0,0,0,0,0,0,0,0,0,0,0,0,0
3.228559970855713,0.0,0.0,0.0,-0.005620598793029785,-0.007972478866577148,0.0,0.0,0.48723819851875305,-0.16220004856586456,0.03,0,0,0,0,0,0,0,0,0,0,0,0,0,0,0,0,0,0,0,0,0
3.2299487590789795,0.0,0.0,0.0,-0.005620598793029785,-0.007972478866577148,0.0,0.0,0.48723819851875305,-0.16220004856586456,0.03,0,0,0,0,0,0,0,0,0,0,0,0,0,0,0,0,0,0,0,0,0
3.2311973571777344,0.0,0.0,0.0,-0.005620598793029785,-0.007972478866577148,0.0,0.0,0.48723819851875305,-0.16220004856586456,0.03,0,0,0,0,0,0,0,0,0,0,0,0,0,0,0,0,0,0,0,0,0
3.2327802181243896,0.0,0.0,0.0,-0.005620598793029785,-0.007972478866577148,0.0,0.0,0.48723819851875305,-0.16220004856586456,0.03,0,0,0,0,0,0,0,0,0,0,0,0,0,0,0,0,0,0,0,0,0
3.2341670989990234,0.0,0.0,0.0,-0.005620598793029785,-0.007972478866577148,0.0,0.0,0.48723819851875305,-0.16220004856586456,0.03,0,0,0,0,0,0,0,0,0,0,0,0,0,0,0,0,0,0,0,0,0
3.2354283332824707,0.0,0.0,0.0,-0.005433201789855957,-0.0077076256275177,0.0,0.0,0.5222611427307129,-0.14742812514305115,0.03,0,0,0,0,0,0,0,0,0,0,0,0,0,0,0,0,0,0,0,0,0
3.236884117126465,0.0,0.0,0.0,-0.005433201789855957,-0.0077076256275177,0.0,0.0,0.5222611427307129,-0.14742812514305115,0.03,0,0,0,0,0,0,0,0,0,0,0,0,0,0,0,0,0,0,0,0,0
3.2379894256591797,0.0,0.0,0.0,-0.005433201789855957,-0.0077076256275177,0.0,0.0,0.5222611427307129,-0.14742812514305115,0.03,0,0,0,0,0,0,0,0,0,0,0,0,0,0,0,0,0,0,0,0,0
3.2390801906585693,0.0,0.0,0.0,-0.005433201789855957,-0.0077076256275177,0.0,0.0,0.5222611427307129,-0.14742812514305115,0.03,0,0,0,0,0,0,0,0,0,0,0,0,0,0,0,0,0,0,0,0,0
3.240168333053589,0.0,0.0,0.0,-0.005433201789855957,-0.0077076256275177,0.0,0.0,0.5222611427307129,-0.14742812514305115,0.03,0,0,0,0,0,0,0,0,0,0,0,0,0,0,0,0,0,0,0,0,0
3.2429916858673096,0.0,0.0,0.0,-0.005433201789855957,-0.0077076256275177,0.0,0.0,0.5222611427307129,-0.14742812514305115,0.03,0,0,0,0,0,0,0,0,0,0,0,0,0,0,0,0,0,0,0,0,0
3.244539737701416,0.0,0.0,0.0,-0.005300760269165039,-0.0074217915534973145,0.0,0.0,0.5525813698768616,-0.16969086229801178,0.03,0,0,0,0,0,0,0,0,0,0,0,0,0,0,0,0,0,0,0,0,0
3.2459421157836914,0.0,0.0,0.0,-0.005300760269165039,-0.0074217915534973145,0.0,0.0,0.5525813698768616,-0.16969086229801178,0.03,0,0,0,0,0,0,0,0,0,0,0,0,0,0,0,0,0,0,0,0,0
3.2481703758239746,0.0,0.0,0.0,-0.005300760269165039,-0.0074217915534973145,0.0,0.0,0.5525813698768616,-0.16969086229801178,0.03,0,0,0,0,0,0,0,0,0,0,0,0,0,0,0,0,0,0,0,0,0
3.2500367164611816,0.0,0.0,0.0,-0.005300760269165039,-0.0074217915534973145,0.0,0.0,0.5525813698768616,-0.16969086229801178,0.03,0,0,0,0,0,0,0,0,0,0,0,0,0,0,0,0,0,0,0,0,0
3.252065420150757,0.0,0.0,0.0,-0.005300760269165039,-0.0074217915534973145,0.0,0.0,0.5525813698768616,-0.16969086229801178,0.03,0,0,0,0,0,0,0,0,0,0,0,0,0,0,0,0,0,0,0,0,0
3.2533507347106934,0.0,0.0,0.0,-0.005173683166503906,-0.007132112979888916,0.0,0.0,0.5709040760993958,-0.12145332992076874,0.03,0,0,0,0,0,0,0,0,0,0,0,0,0,0,0,0,0,0,0,0,0
3.2546191215515137,0.0,0.0,0.0,-0.005173683166503906,-0.007132112979888916,0.0,0.0,0.5709040760993958,-0.12145332992076874,0.03,0,0,0,0,0,0,0,0,0,0,0,0,0,0,0,0,0,0,0,0,0
3.2561404705047607,0.0,0.0,0.0,-0.005173683166503906,-0.007132112979888916,0.0,0.0,0.5709040760993958,-0.12145332992076874,0.03,0,0,0,0,0,0,0,0,0,0,0,0,0,0,0,0,0,0,0,0,0
3.257880687713623,0.0,0.0,0.0,-0.005173683166503906,-0.007132112979888916,0.0,0.0,0.5709040760993958,-0.12145332992076874,0.03,0,0,0,0,0,0,0,0,0,0,0,0,0,0,0,0,0,0,0,0,0
3.2593467235565186,0.0,0.0,0.0,-0.004975318908691406,-0.0069411396980285645,0.0,0.0,0.5698623657226562,-0.18617330491542816,0.03,0,0,0,0,0,0,0,0,0,0,0,0,0,0,0,0,0,0,0,0,0
3.2611122131347656,0.0,0.0,0.0,-0.004975318908691406,-0.0069411396980285645,0.0,0.0,0.5698623657226562,-0.18617330491542816,0.03,0,0,0,0,0,0,0,0,0,0,0,0,0,0,0,0,0,0,0,0,0
3.2623400688171387,0.0,0.0,0.0,-0.004975318908691406,-0.0069411396980285645,0.0,0.0,0.5698623657226562,-0.18617330491542816,0.03,0,0,0,0,0,0,0,0,0,0,0,0,0,0,0,0,0,0,0,0,0
3.263493537902832,0.0,0.0,0.0,-0.004975318908691406,-0.0069411396980285645,0.0,0.0,0.5698623657226562,-0.18617330491542816,0.03,0,0,0,0,0,0,0,0,0,0,0,0,0,0,0,0,0,0,0,0,0
3.264589309692383,0.0,0.0,0.0,-0.004975318908691406,-0.0069411396980285645,0.0,0.0,0.5698623657226562,-0.18617330491542816,0.03,0,0,0,0,0,0,0,0,0,0,0,0,0,0,0,0,0,0,0,0,0
3.2658073902130127,0.0,0.0,0.0,-0.004975318908691406,-0.0069411396980285645,0.0,0.0,0.5698623657226562,-0.18617330491542816,0.03,0,0,0,0,0,0,0,0,0,0,0,0,0,0,0,0,0,0,0,0,0
3.2670323848724365,0.0,0.0,0.0,-0.004975318908691406,-0.0069411396980285645,0.0,0.0,0.5698623657226562,-0.18617330491542816,0.03,0,0,0,0,0,0,0,0,0,0,0,0,0,0,0,0,0,0,0,0,0
3.2681121826171875,0.0,0.0,0.0,-0.004975318908691406,-0.0069411396980285645,0.0,0.0,0.5698623657226562,-0.18617330491542816,0.03,0,0,0,0,0,0,0,0,0,0,0,0,0,0,0,0,0,0,0,0,0
3.2692224979400635,0.0,0.0,0.0,-0.004975318908691406,-0.0069411396980285645,0.0,0.0,0.5698623657226562,-0.18617330491542816,0.03,0,0,0,0,0,0,0,0,0,0,0,0,0,0,0,0,0,0,0,0,0
3.2705955505371094,0.0,0.0,0.0,-0.004975318908691406,-0.0069411396980285645,0.0,0.0,0.5698623657226562,-0.18617330491542816,0.03,0,0,0,0,0,0,0,0,0,0,0,0,0,0,0,0,0,0,0,0,0
3.2716879844665527,0.0,0.0,0.0,-0.004975318908691406,-0.0069411396980285645,0.0,0.0,0.5698623657226562,-0.18617330491542816,0.03,0,0,0,0,0,0,0,0,0,0,0,0,0,0,0,0,0,0,0,0,0
3.2728633880615234,0.0,0.0,0.0,-0.004975318908691406,-0.0069411396980285645,0.0,0.0,0.5698623657226562,-0.18617330491542816,0.03,0,0,0,0,0,0,0,0,0,0,0,0,0,0,0,0,0,0,0,0,0
3.2739739418029785,0.0,0.0,0.0,-0.004975318908691406,-0.0069411396980285645,0.0,0.0,0.5698623657226562,-0.18617330491542816,0.03,0,0,0,0,0,0,0,0,0,0,0,0,0,0,0,0,0,0,0,0,0
3.2766454219818115,0.0,0.0,0.0,-0.004975318908691406,-0.0069411396980285645,0.0,0.0,0.5698623657226562,-0.18617330491542816,0.03,0,0,0,0,0,0,0,0,0,0,0,0,0,0,0,0,0,0,0,0,0
3.2780306339263916,0.0,0.0,0.0,-0.004975318908691406,-0.0069411396980285645,0.0,0.0,0.5698623657226562,-0.18617330491542816,0.03,0,0,0,0,0,0,0,0,0,0,0,0,0,0,0,0,0,0,0,0,0
3.279391288757324,0.0,0.0,0.0,-0.004975318908691406,-0.0069411396980285645,0.0,0.0,0.5698623657226562,-0.18617330491542816,0.03,0,0,0,0,0,0,0,0,0,0,0,0,0,0,0,0,0,0,0,0,0
3.2811286449432373,0.0,0.0,0.0,-0.004975318908691406,-0.0069411396980285645,0.0,0.0,0.5698623657226562,-0.18617330491542816,0.03,0,0,0,0,0,0,0,0,0,0,0,0,0,0,0,0,0,0,0,0,0
3.2823545932769775,0.0,0.0,0.0,-0.004975318908691406,-0.0069411396980285645,0.0,0.0,0.5698623657226562,-0.18617330491542816,0.03,0,0,0,0,0,0,0,0,0,0,0,0,0,0,0,0,0,0,0,0,0
3.283975601196289,0.0,0.0,0.0,-0.004975318908691406,-0.0069411396980285645,0.0,0.0,0.5698623657226562,-0.18617330491542816,0.03,0,0,0,0,0,0,0,0,0,0,0,0,0,0,0,0,0,0,0,0,0
3.2852654457092285,0.0,0.0,0.0,-0.004975318908691406,-0.0069411396980285645,0.0,0.0,0.5698623657226562,-0.18617330491542816,0.03,0,0,0,0,0,0,0,0,0,0,0,0,0,0,0,0,0,0,0,0,0
3.286900758743286,0.0,0.0,0.0,-0.004975318908691406,-0.0069411396980285645,0.0,0.0,0.5698623657226562,-0.18617330491542816,0.03,0,0,0,0,0,0,0,0,0,0,0,0,0,0,0,0,0,0,0,0,0
3.2881016731262207,0.0,0.0,0.0,-0.004975318908691406,-0.0069411396980285645,0.0,0.0,0.5698623657226562,-0.18617330491542816,0.03,0,0,0,0,0,0,0,0,0,0,0,0,0,0,0,0,0,0,0,0,0
3.2898216247558594,0.0,0.0,0.0,-0.004788100719451904,-0.006432056427001953,0.0,0.0,0.5737823247909546,-0.12496106326580048,0.03,0,0,0,0,0,0,0,0,0,0,0,0,0,0,0,0,0,0,0,0,0
3.2910335063934326,0.0,0.0,0.0,-0.004788100719451904,-0.006432056427001953,0.0,0.0,0.5737823247909546,-0.12496106326580048,0.03,0,0,0,0,0,0,0,0,0,0,0,0,0,0,0,0,0,0,0,0,0
3.2930078506469727,0.0,0.0,0.0,-0.00457918643951416,-0.006223857402801514,0.0,0.0,0.5500569343566895,-0.1363578736782074,0.03,0,0,0,0,0,0,0,0,0,0,0,0,0,0,0,0,0,0,0,0,0
3.294548749923706,0.0,0.0,0.0,-0.00457918643951416,-0.006223857402801514,0.0,0.0,0.5500569343566895,-0.1363578736782074,0.03,0,0,0,0,0,0,0,0,0,0,0,0,0,0,0,0,0,0,0,0,0
3.29561710357666,0.0,0.0,0.0,-0.00457918643951416,-0.006223857402801514,0.0,0.0,0.5500569343566895,-0.1363578736782074,0.03,0,0,0,0,0,0,0,0,0,0,0,0,0,0,0,0,0,0,0,0,0
3.2969765663146973,0.0,0.0,0.0,-0.00457918643951416,-0.006223857402801514,0.0,0.0,0.5500569343566895,-0.1363578736782074,0.03,0,0,0,0,0,0,0,0,0,0,0,0,0,0,0,0,0,0,0,0,0
3.2981996536254883,0.0,0.0,0.0,-0.00457918643951416,-0.006223857402801514,0.0,0.0,0.5500569343566895,-0.1363578736782074,0.03,0,0,0,0,0,0,0,0,0,0,0,0,0,0,0,0,0,0,0,0,0
3.3005993366241455,0.0,0.0,0.0,-0.00457918643951416,-0.006223857402801514,0.0,0.0,0.5500569343566895,-0.1363578736782074,0.03,0,0,0,0,0,0,0,0,0,0,0,0,0,0,0,0,0,0,0,0,0
3.3017191886901855,0.0,0.0,0.0,-0.00457918643951416,-0.006223857402801514,0.0,0.0,0.5500569343566895,-0.1363578736782074,0.03,0,0,0,0,0,0,0,0,0,0,0,0,0,0,0,0,0,0,0,0,0
3.3029181957244873,0.0,0.0,0.0,-0.00457918643951416,-0.006223857402801514,0.0,0.0,0.5500569343566895,-0.1363578736782074,0.03,0,0,0,0,0,0,0,0,0,0,0,0,0,0,0,0,0,0,0,0,0
3.304314136505127,0.0,0.0,0.0,-0.00457918643951416,-0.006223857402801514,0.0,0.0,0.5500569343566895,-0.1363578736782074,0.03,0,0,0,0,0,0,0,0,0,0,0,0,0,0,0,0,0,0,0,0,0
3.30574369430542,0.0,0.0,0.0,-0.00457918643951416,-0.006223857402801514,0.0,0.0,0.5500569343566895,-0.1363578736782074,0.03,0,0,0,0,0,0,0,0,0,0,0,0,0,0,0,0,0,0,0,0,0
3.3072800636291504,0.0,0.0,0.0,-0.00457918643951416,-0.006223857402801514,0.0,0.0,0.5500569343566895,-0.1363578736782074,0.03,0,0,0,0,0,0,0,0,0,0,0,0,0,0,0,0,0,0,0,0,0
3.308633327484131,0.0,0.0,0.0,-0.00457918643951416,-0.006223857402801514,0.0,0.0,0.5500569343566895,-0.1363578736782074,0.03,0,0,0,0,0,0,0,0,0,0,0,0,0,0,0,0,0,0,0,0,0
3.310119390487671,0.0,0.0,0.0,-0.00457918643951416,-0.006223857402801514,0.0,0.0,0.5500569343566895,-0.1363578736782074,0.03,0,0,0,0,0,0,0,0,0,0,0,0,0,0,0,0,0,0,0,0,0
3.3113977909088135,0.0,0.0,0.0,-0.00457918643951416,-0.006223857402801514,0.0,0.0,0.5500569343566895,-0.1363578736782074,0.03,0,0,0,0,0,0,0,0,0,0,0,0,0,0,0,0,0,0,0,0,0
3.3124682903289795,0.0,0.0,0.0,-0.00457918643951416,-0.006223857402801514,0.0,0.0,0.5500569343566895,-0.1363578736782074,0.03,0,0,0,0,0,0,0,0,0,0,0,0,0,0,0,0,0,0,0,0,0
3.313535690307617,0.0,0.0,0.0,-0.00457918643951416,-0.006223857402801514,0.0,0.0,0.5500569343566895,-0.1363578736782074,0.03,0,0,0,0,0,0,0,0,0,0,0,0,0,0,0,0,0,0,0,0,0
3.3164901733398438,0.0,0.0,0.0,-0.00457918643951416,-0.006223857402801514,0.0,0.0,0.5500569343566895,-0.1363578736782074,0.03,0,0,0,0,0,0,0,0,0,0,0,0,0,0,0,0,0,0,0,0,0
3.3183021545410156,0.0,0.0,0.0,-0.00457918643951416,-0.006223857402801514,0.0,0.0,0.5500569343566895,-0.1363578736782074,0.03,0,0,0,0,0,0,0,0,0,0,0,0,0,0,0,0,0,0,0,0,0
3.3201427459716797,0.0,0.0,0.0,-0.00457918643951416,-0.006223857402801514,0.0,0.0,0.5500569343566895,-0.1363578736782074,0.03,0,0,0,0,0,0,0,0,0,0,0,0,0,0,0,0,0,0,0,0,0
3.322526216506958,0.0,0.0,0.0,-0.004530668258666992,-0.006093442440032959,0.0,0.0,0.530120849609375,-0.08762606233358383,0.03,0,0,0,0,0,0,0,0,0,0,0,0,0,0,0,0,0,0,0,0,0
3.3247387409210205,0.0,0.0,0.0,-0.004483342170715332,-0.0059129297733306885,0.0,0.0,0.6780344843864441,-0.1390652060508728,0.03,0,0,0,0,0,0,0,0,0,0,0,0,0,0,0,0,0,0,0,0,0
3.325920820236206,0.0,0.0,0.0,-0.004483342170715332,-0.0059129297733306885,0.0,0.0,0.6780344843864441,-0.1390652060508728,0.03,0,0,0,0,0,0,0,0,0,0,0,0,0,0,0,0,0,0,0,0,0
3.3274593353271484,0.0,0.0,0.0,-0.004483342170715332,-0.0059129297733306885,0.0,0.0,0.6780344843864441,-0.1390652060508728,0.03,0,0,0,0,0,0,0,0,0,0,0,0,0,0,0,0,0,0,0,0,0
3.3286736011505127,0.0,0.0,0.0,-0.004483342170715332,-0.0059129297733306885,0.0,0.0,0.6780344843864441,-0.1390652060508728,0.03,0,0,0,0,0,0,0,0,0,0,0,0,0,0,0,0,0,0,0,0,0
3.3298230171203613,0.0,0.0,0.0,-0.004483342170715332,-0.0059129297733306885,0.0,0.0,0.6780344843864441,-0.1390652060508728,0.03,0,0,0,0,0,0,0,0,0,0,0,0,0,0,0,0,0,0,0,0,0
3.331533670425415,0.0,0.0,0.0,-0.004483342170715332,-0.0059129297733306885,0.0,0.0,0.6780344843864441,-0.1390652060508728,0.03,0,0,0,0,0,0,0,0,0,0,0,0,0,0,0,0,0,0,0,0,0
3.33305287361145,0.0,0.0,0.0,-0.004483342170715332,-0.0059129297733306885,0.0,0.0,0.6780344843864441,-0.1390652060508728,0.03,0,0,0,0,0,0,0,0,0,0,0,0,0,0,0,0,0,0,0,0,0
3.335202217102051,0.0,0.0,0.0,-0.004483342170715332,-0.0059129297733306885,0.0,0.0,0.6780344843864441,-0.1390652060508728,0.03,0,0,0,0,0,0,0,0,0,0,0,0,0,0,0,0,0,0,0,0,0
3.3365235328674316,0.0,0.0,0.0,-0.004483342170715332,-0.0059129297733306885,0.0,0.0,0.6780344843864441,-0.1390652060508728,0.03,0,0,0,0,0,0,0,0,0,0,0,0,0,0,0,0,0,0,0,0,0
3.3375861644744873,0.0,0.0,0.0,-0.004483342170715332,-0.0059129297733306885,0.0,0.0,0.6780344843864441,-0.1390652060508728,0.03,0,0,0,0,0,0,0,0,0,0,0,0,0,0,0,0,0,0,0,0,0
3.338809013366699,0.0,0.0,0.0,-0.004483342170715332,-0.0059129297733306885,0.0,0.0,0.6780344843864441,-0.1390652060508728,0.03,0,0,0,0,0,0,0,0,0,0,0,0,0,0,0,0,0,0,0,0,0
3.340193510055542,0.0,0.0,0.0,-0.004483342170715332,-0.0059129297733306885,0.0,0.0,0.6780344843864441,-0.1390652060508728,0.03,0,0,0,0,0,0,0,0,0,0,0,0,0,0,0,0,0,0,0,0,0
3.341459035873413,0.0,0.0,0.0,-0.004483342170715332,-0.0059129297733306885,0.0,0.0,0.6780344843864441,-0.1390652060508728,0.03,0,0,0,0,0,0,0,0,0,0,0,0,0,0,0,0,0,0,0,0,0
3.3427414894104004,0.0,0.0,0.0,-0.004483342170715332,-0.0059129297733306885,0.0,0.0,0.6780344843864441,-0.1390652060508728,0.03,0,0,0,0,0,0,0,0,0,0,0,0,0,0,0,0,0,0,0,0,0
3.3447141647338867,0.0,0.0,0.0,-0.004483342170715332,-0.0059129297733306885,0.0,0.0,0.6780344843864441,-0.1390652060508728,0.03,0,0,0,0,0,0,0,0,0,0,0,0,0,0,0,0,0,0,0,0,0
3.346076726913452,0.0,0.0,0.0,-0.004483342170715332,-0.0059129297733306885,0.0,0.0,0.6780344843864441,-0.1390652060508728,0.03,0,0,0,0,0,0,0,0,0,0,0,0,0,0,0,0,0,0,0,0,0
3.3471498489379883,0.0,0.0,0.0,-0.004483342170715332,-0.0059129297733306885,0.0,0.0,0.6780344843864441,-0.1390652060508728,0.03,0,0,0,0,0,0,0,0,0,0,0,0,0,0,0,0,0,0,0,0,0
3.3487353324890137,0.0,0.0,0.0,-0.004483342170715332,-0.0059129297733306885,0.0,0.0,0.6780344843864441,-0.1390652060508728,0.03,0,0,0,0,0,0,0,0,0,0,0,0,0,0,0,0,0,0,0,0,0
3.3503634929656982,0.0,0.0,0.0,-0.004483342170715332,-0.0059129297733306885,0.0,0.0,0.6780344843864441,-0.1390652060508728,0.03,0,0,0,0,0,0,0,0,0,0,0,0,0,0,0,0,0,0,0,0,0
3.351893186569214,0.0,0.0,0.0,-0.00416034460067749,-0.005501538515090942,0.0,0.0,0.6230301260948181,-0.10163339227437973,0.03,0,0,0,0,0,0,0,0,0,0,0,0,0,0,0,0,0,0,0,0,0
3.35298752784729,0.0,0.0,0.0,-0.0038976073265075684,-0.005060434341430664,0.0,0.0,0.6164783239364624,-0.13606806099414825,0.03,0,0,0,0,0,0,0,0,0,0,0,0,0,0,0,0,0,0,0,0,0
3.354501485824585,0.0,0.0,0.0,-0.0038976073265075684,-0.005060434341430664,0.0,0.0,0.6164783239364624,-0.13606806099414825,0.03,0,0,0,0,0,0,0,0,0,0,0,0,0,0,0,0,0,0,0,0,0
3.3560211658477783,0.0,0.0,0.0,-0.0038976073265075684,-0.005060434341430664,0.0,0.0,0.6164783239364624,-0.13606806099414825,0.03,0,0,0,0,0,0,0,0,0,0,0,0,0,0,0,0,0,0,0,0,0
3.357300043106079,0.0,0.0,0.0,-0.0038976073265075684,-0.005060434341430664,0.0,0.0,0.6164783239364624,-0.13606806099414825,0.03,0,0,0,0,0,0,0,0,0,0,0,0,0,0,0,0,0,0,0,0,0
3.3585152626037598,0.0,0.0,0.0,-0.0038976073265075684,-0.005060434341430664,0.0,0.0,0.6164783239364624,-0.13606806099414825,0.03,0,0,0,0,0,0,0,0,0,0,0,0,0,0,0,0,0,0,0,0,0
3.3603177070617676,0.0,0.0,0.0,-0.0037727952003479004,-0.004801243543624878,0.0,0.0,0.6211955547332764,-0.09892082959413528,0.03,0,0,0,0,0,0,0,0,0,0,0,0,0,0,0,0,0,0,0,0,0
3.3627424240112305,0.0,0.0,0.0,-0.0035560131072998047,-0.00441017746925354,0.0,0.0,0.5813077092170715,-0.051796022802591324,0.03,0,0,0,0,0,0,0,0,0,0,0,0,0,0,0,0,0,0,0,0,0
3.3663299083709717,0.0,0.0,0.0,-0.0033656954765319824,-0.004210829734802246,0.0,0.0,0.5344002842903137,-0.11614511162042618,0.03,0,0,0,0,0,0,0,0,0,0,0,0,0,0,0,0,0,0,0,0,0
3.3676438331604004,0.0,0.0,0.0,-0.0033656954765319824,-0.004210829734802246,0.0,0.0,0.5344002842903137,-0.11614511162042618,0.03,0,0,0,0,0,0,0,0,0,0,0,0,0,0,0,0,0,0,0,0,0
3.368804931640625,0.0,0.0,0.0,-0.003362894058227539,-0.0041020214557647705,0.0,0.0,0.620254397392273,-0.04759129509329796,0.03,0,0,0,0,0,0,0,0,0,0,0,0,0,0,0,0,0,0,0,0,0
3.369947910308838,0.0,0.0,0.0,-0.003362894058227539,-0.0041020214557647705,0.0,0.0,0.620254397392273,-0.04759129509329796,0.03,0,0,0,0,0,0,0,0,0,0,0,0,0,0,0,0,0,0,0,0,0
3.371151924133301,0.0,0.0,0.0,-0.003362894058227539,-0.0041020214557647705,0.0,0.0,0.620254397392273,-0.04759129509329796,0.03,0,0,0,0,0,0,0,0,0,0,0,0,0,0,0,0,0,0,0,0,0
3.3722403049468994,0.0,0.0,0.0,-0.003362894058227539,-0.0041020214557647705,0.0,0.0,0.620254397392273,-0.04759129509329796,0.03,0,0,0,0,0,0,0,0,0,0,0,0,0,0,0,0,0,0,0,0,0
3.3737802505493164,0.0,0.0,0.0,-0.003362894058227539,-0.0041020214557647705,0.0,0.0,0.620254397392273,-0.04759129509329796,0.03,0,0,0,0,0,0,0,0,0,0,0,0,0,0,0,0,0,0,0,0,0
3.3755879402160645,0.0,0.0,0.0,-0.003362894058227539,-0.0041020214557647705,0.0,0.0,0.620254397392273,-0.04759129509329796,0.03,0,0,0,0,0,0,0,0,0,0,0,0,0,0,0,0,0,0,0,0,0
3.3767499923706055,0.0,0.0,0.0,-0.003362894058227539,-0.0041020214557647705,0.0,0.0,0.620254397392273,-0.04759129509329796,0.03,0,0,0,0,0,0,0,0,0,0,0,0,0,0,0,0,0,0,0,0,0
3.37947940826416,0.0,0.0,0.0,-0.003362894058227539,-0.0041020214557647705,0.0,0.0,0.620254397392273,-0.04759129509329796,0.03,0,0,0,0,0,0,0,0,0,0,0,0,0,0,0,0,0,0,0,0,0
3.380601167678833,0.0,0.0,0.0,-0.003362894058227539,-0.0041020214557647705,0.0,0.0,0.620254397392273,-0.04759129509329796,0.03,0,0,0,0,0,0,0,0,0,0,0,0,0,0,0,0,0,0,0,0,0
3.381838083267212,0.0,0.0,0.0,-0.003362894058227539,-0.0041020214557647705,0.0,0.0,0.620254397392273,-0.04759129509329796,0.03,0,0,0,0,0,0,0,0,0,0,0,0,0,0,0,0,0,0,0,0,0
3.383786678314209,0.0,0.0,0.0,-0.003362894058227539,-0.0041020214557647705,0.0,0.0,0.620254397392273,-0.04759129509329796,0.03,0,0,0,0,0,0,0,0,0,0,0,0,0,0,0,0,0,0,0,0,0
3.3855764865875244,0.0,0.0,0.0,-0.003362894058227539,-0.0041020214557647705,0.0,0.0,0.620254397392273,-0.04759129509329796,0.03,0,0,0,0,0,0,0,0,0,0,0,0,0,0,0,0,0,0,0,0,0
3.386884927749634,0.0,0.0,0.0,-0.003362894058227539,-0.0041020214557647705,0.0,0.0,0.620254397392273,-0.04759129509329796,0.03,0,0,0,0,0,0,0,0,0,0,0,0,0,0,0,0,0,0,0,0,0
3.3886239528656006,0.0,0.0,0.0,-0.003362894058227539,-0.0041020214557647705,0.0,0.0,0.620254397392273,-0.04759129509329796,0.03,0,0,0,0,0,0,0,0,0,0,0,0,0,0,0,0,0,0,0,0,0
3.3900938034057617,0.0,0.0,0.0,-0.003362894058227539,-0.0041020214557647705,0.0,0.0,0.620254397392273,-0.04759129509329796,0.03,0,0,0,0,0,0,0,0,0,0,0,0,0,0,0,0,0,0,0,0,0
3.3911831378936768,0.0,0.0,0.0,-0.003362894058227539,-0.0041020214557647705,0.0,0.0,0.620254397392273,-0.04759129509329796,0.03,0,0,0,0,0,0,0,0,0,0,0,0,0,0,0,0,0,0,0,0,0
3.3938944339752197,0.0,0.0,0.0,-0.003362894058227539,-0.0041020214557647705,0.0,0.0,0.620254397392273,-0.04759129509329796,0.03,0,0,0,0,0,0,0,0,0,0,0,0,0,0,0,0,0,0,0,0,0
3.3957738876342773,0.0,0.0,0.0,-0.003362894058227539,-0.0041020214557647705,0.0,0.0,0.620254397392273,-0.04759129509329796,0.03,0,0,0,0,0,0,0,0,0,0,0,0,0,0,0,0,0,0,0,0,0
3.3973851203918457,0.0,0.0,0.0,-0.003362894058227539,-0.0041020214557647705,0.0,0.0,0.620254397392273,-0.04759129509329796,0.03,0,0,0,0,0,0,0,0,0,0,0,0,0,0,0,0,0,0,0,0,0
3.398517608642578,0.0,0.0,0.0,-0.003362894058227539,-0.0041020214557647705,0.0,0.0,0.620254397392273,-0.04759129509329796,0.03,0,0,0,0,0,0,0,0,0,0,0,0,0,0,0,0,0,0,0,0,0
3.4008255004882812,0.0,0.0,0.0,-0.003362894058227539,-0.0041020214557647705,0.0,0.0,0.620254397392273,-0.04759129509329796,0.03,0,0,0,0,0,0,0,0,0,0,0,0,0,0,0,0,0,0,0,0,0
3.4020140171051025,0.0,0.0,0.0,-0.003362894058227539,-0.0041020214557647705,0.0,0.0,0.620254397392273,-0.04759129509329796,0.03,0,0,0,0,0,0,0,0,0,0,0,0,0,0,0,0,0,0,0,0,0
3.4033925533294678,0.0,0.0,0.0,-0.003362894058227539,-0.0041020214557647705,0.0,0.0,0.620254397392273,-0.04759129509329796,0.03,0,0,0,0,0,0,0,0,0,0,0,0,0,0,0,0,0,0,0,0,0
3.4044904708862305,0.0,0.0,0.0,-0.0032372474670410156,-0.003957897424697876,0.0,0.0,0.5562368035316467,-0.05295999348163605,0.03,0,0,0,0,0,0,0,0,0,0,0,0,0,0,0,0,0,0,0,0,0
3.4056315422058105,0.0,0.0,0.0,-0.0030548572540283203,-0.0035939812660217285,0.0,0.0,0.6010795831680298,-0.11236166954040527,0.03,0,0,0,0,0,0,0,0,0,0,0,0,0,0,0,0,0,0,0,0,0
3.4072232246398926,0.0,0.0,0.0,-0.002931952476501465,-0.0034221410751342773,0.0,0.0,0.5887631773948669,-0.058168139308691025,0.03,0,0,0,0,0,0,0,0,0,0,0,0,0,0,0,0,0,0,0,0,0
3.4094340801239014,0.0,0.0,0.0,-0.0029341578483581543,-0.0033972561359405518,0.0,0.0,0.6186522245407104,-0.07780929654836655,0.03,0,0,0,0,0,0,0,0,0,0,0,0,0,0,0,0,0,0,0,0,0
3.4112021923065186,0.0,0.0,0.0,-0.0029053688049316406,-0.003373086452484131,0.0,0.0,0.6555407047271729,-0.1073785349726677,0.03,0,0,0,0,0,0,0,0,0,0,0,0,0,0,0,0,0,0,0,0,0
3.412303924560547,0.0,0.0,0.0,-0.0029053688049316406,-0.003373086452484131,0.0,0.0,0.6555407047271729,-0.1073785349726677,0.03,0,0,0,0,0,0,0,0,0,0,0,0,0,0,0,0,0,0,0,0,0
3.4134650230407715,0.0,0.0,0.0,-0.0029053688049316406,-0.003373086452484131,0.0,0.0,0.6555407047271729,-0.1073785349726677,0.03,0,0,0,0,0,0,0,0,0,0,0,0,0,0,0,0,0,0,0,0,0
3.414989471435547,0.0,0.0,0.0,-0.0029053688049316406,-0.003373086452484131,0.0,0.0,0.6555407047271729,-0.1073785349726677,0.03,0,0,0,0,0,0,0,0,0,0,0,0,0,0,0,0,0,0,0,0,0
3.4165401458740234,0.0,0.0,0.0,-0.0029053688049316406,-0.003373086452484131,0.0,0.0,0.6555407047271729,-0.1073785349726677,0.03,0,0,0,0,0,0,0,0,0,0,0,0,0,0,0,0,0,0,0,0,0
3.4177584648132324,0.0,0.0,0.0,-0.0029053688049316406,-0.003373086452484131,0.0,0.0,0.6555407047271729,-0.1073785349726677,0.03,0,0,0,0,0,0,0,0,0,0,0,0,0,0,0,0,0,0,0,0,0
3.4188625812530518,0.0,0.0,0.0,-0.0029053688049316406,-0.003373086452484131,0.0,0.0,0.6555407047271729,-0.1073785349726677,0.03,0,0,0,0,0,0,0,0,0,0,0,0,0,0,0,0,0,0,0,0,0
3.42022442817688,0.0,0.0,0.0,-0.0029053688049316406,-0.003373086452484131,0.0,0.0,0.6555407047271729,-0.1073785349726677,0.03,0,0,0,0,0,0,0,0,0,0,0,0,0,0,0,0,0,0,0,0,0
3.421459436416626,0.0,0.0,0.0,-0.0029053688049316406,-0.003373086452484131,0.0,0.0,0.6555407047271729,-0.1073785349726677,0.03,0,0,0,0,0,0,0,0,0,0,0,0,0,0,0,0,0,0,0,0,0
3.4227187633514404,0.0,0.0,0.0,-0.0029053688049316406,-0.003373086452484131,0.0,0.0,0.6555407047271729,-0.1073785349726677,0.03,0,0,0,0,0,0,0,0,0,0,0,0,0,0,0,0,0,0,0,0,0
3.424640655517578,0.0,0.0,0.0,-0.0029053688049316406,-0.003373086452484131,0.0,0.0,0.6555407047271729,-0.1073785349726677,0.03,0,0,0,0,0,0,0,0,0,0,0,0,0,0,0,0,0,0,0,0,0
3.4261276721954346,0.0,0.0,0.0,-0.0029053688049316406,-0.003373086452484131,0.0,0.0,0.6555407047271729,-0.1073785349726677,0.03,0,0,0,0,0,0,0,0,0,0,0,0,0,0,0,0,0,0,0,0,0
3.4274613857269287,0.0,0.0,0.0,-0.0029053688049316406,-0.003373086452484131,0.0,0.0,0.6555407047271729,-0.1073785349726677,0.03,0,0,0,0,0,0,0,0,0,0,0,0,0,0,0,0,0,0,0,0,0
3.4289917945861816,0.0,0.0,0.0,-0.0029053688049316406,-0.003373086452484131,0.0,0.0,0.6555407047271729,-0.1073785349726677,0.03,0,0,0,0,0,0,0,0,0,0,0,0,0,0,0,0,0,0,0,0,0
3.4303674697875977,0.0,0.0,0.0,-0.0029053688049316406,-0.003373086452484131,0.0,0.0,0.6555407047271729,-0.1073785349726677,0.03,0,0,0,0,0,0,0,0,0,0,0,0,0,0,0,0,0,0,0,0,0
3.4318039417266846,0.0,0.0,0.0,-0.0029053688049316406,-0.003373086452484131,0.0,0.0,0.6555407047271729,-0.1073785349726677,0.03,0,0,0,0,0,0,0,0,0,0,0,0,0,0,0,0,0,0,0,0,0
3.433476686477661,0.0,0.0,0.0,-0.0029053688049316406,-0.003373086452484131,0.0,0.0,0.6555407047271729,-0.1073785349726677,0.03,0,0,0,0,0,0,0,0,0,0,0,0,0,0,0,0,0,0,0,0,0
3.4357283115386963,0.0,0.0,0.0,-0.0029053688049316406,-0.003373086452484131,0.0,0.0,0.6555407047271729,-0.1073785349726677,0.03,0,0,0,0,0,0,0,0,0,0,0,0,0,0,0,0,0,0,0,0,0
3.437023639678955,0.0,0.0,0.0,-0.0029053688049316406,-0.003373086452484131,0.0,0.0,0.6555407047271729,-0.1073785349726677,0.03,0,0,0,0,0,0,0,0,0,0,0,0,0,0,0,0,0,0,0,0,0
3.4386746883392334,0.0,0.0,0.0,-0.0029053688049316406,-0.003373086452484131,0.0,0.0,0.6555407047271729,-0.1073785349726677,0.03,0,0,0,0,0,0,0,0,0,0,0,0,0,0,0,0,0,0,0,0,0
3.4399359226226807,0.0,0.0,0.0,-0.0029053688049316406,-0.003373086452484131,0.0,0.0,0.6555407047271729,-0.1073785349726677,0.03,0,0,0,0,0,0,0,0,0,0,0,0,0,0,0,0,0,0,0,0,0
3.4411425590515137,0.0,0.0,0.0,-0.0029053688049316406,-0.003373086452484131,0.0,0.0,0.6555407047271729,-0.1073785349726677,0.03,0,0,0,0,0,0,0,0,0,0,0,0,0,0,0,0,0,0,0,0,0
3.442225694656372,0.0,0.0,0.0,-0.0029053688049316406,-0.003373086452484131,0.0,0.0,0.6555407047271729,-0.1073785349726677,0.03,0,0,0,0,0,0,0,0,0,0,0,0,0,0,0,0,0,0,0,0,0
3.4433696269989014,0.0,0.0,0.0,-0.0029053688049316406,-0.003373086452484131,0.0,0.0,0.6555407047271729,-0.1073785349726677,0.03,0,0,0,0,0,0,0,0,0,0,0,0,0,0,0,0,0,0,0,0,0
3.444463014602661,0.0,0.0,0.0,-0.0029053688049316406,-0.003373086452484131,0.0,0.0,0.6555407047271729,-0.1073785349726677,0.03,0,0,0,0,0,0,0,0,0,0,0,0,0,0,0,0,0,0,0,0,0
3.4461863040924072,0.0,0.0,0.0,-0.0029053688049316406,-0.003373086452484131,0.0,0.0,0.6555407047271729,-0.1073785349726677,0.03,0,0,0,0,0,0,0,0,0,0,0,0,0,0,0,0,0,0,0,0,0
3.44793701171875,0.0,0.0,0.0,-0.0029053688049316406,-0.003373086452484131,0.0,0.0,0.6555407047271729,-0.1073785349726677,0.03,0,0,0,0,0,0,0,0,0,0,0,0,0,0,0,0,0,0,0,0,0
3.4499239921569824,0.0,0.0,0.0,-0.0029053688049316406,-0.003373086452484131,0.0,0.0,0.6555407047271729,-0.1073785349726677,0.03,0,0,0,0,0,0,0,0,0,0,0,0,0,0,0,0,0,0,0,0,0
3.451112747192383,0.0,0.0,0.0,-0.0029053688049316406,-0.003373086452484131,0.0,0.0,0.6555407047271729,-0.1073785349726677,0.03,0,0,0,0,0,0,0,0,0,0,0,0,0,0,0,0,0,0,0,0,0
3.4522902965545654,0.0,0.0,0.0,-0.0029053688049316406,-0.003373086452484131,0.0,0.0,0.6555407047271729,-0.1073785349726677,0.03,0,0,0,0,0,0,0,0,0,0,0,0,0,0,0,0,0,0,0,0,0
3.4536678791046143,0.0,0.0,0.0,-0.0029053688049316406,-0.003373086452484131,0.0,0.0,0.6555407047271729,-0.1073785349726677,0.03,0,0,0,0,0,0,0,0,0,0,0,0,0,0,0,0,0,0,0,0,0
3.455406427383423,0.0,0.0,0.0,-0.0029053688049316406,-0.003373086452484131,0.0,0.0,0.6555407047271729,-0.1073785349726677,0.03,0,0,0,0,0,0,0,0,0,0,0,0,0,0,0,0,0,0,0,0,0
3.4566543102264404,0.0,0.0,0.0,-0.0029053688049316406,-0.003373086452484131,0.0,0.0,0.6555407047271729,-0.1073785349726677,0.03,0,0,0,0,0,0,0,0,0,0,0,0,0,0,0,0,0,0,0,0,0
3.457894802093506,0.0,0.0,0.0,-0.0029053688049316406,-0.003373086452484131,0.0,0.0,0.6555407047271729,-0.1073785349726677,0.03,0,0,0,0,0,0,0,0,0,0,0,0,0,0,0,0,0,0,0,0,0
3.4600183963775635,0.0,0.0,0.0,-0.0029053688049316406,-0.003373086452484131,0.0,0.0,0.6555407047271729,-0.1073785349726677,0.03,0,0,0,0,0,0,0,0,0,0,0,0,0,0,0,0,0,0,0,0,0
3.461087465286255,0.0,0.0,0.0,-0.0029053688049316406,-0.003373086452484131,0.0,0.0,0.6555407047271729,-0.1073785349726677,0.03,0,0,0,0,0,0,0,0,0,0,0,0,0,0,0,0,0,0,0,0,0
3.4621870517730713,0.0,0.0,0.0,-0.0029053688049316406,-0.003373086452484131,0.0,0.0,0.6555407047271729,-0.1073785349726677,0.03,0,0,0,0,0,0,0,0,0,0,0,0,0,0,0,0,0,0,0,0,0
3.465026617050171,0.0,0.0,0.0,-0.0029053688049316406,-0.003373086452484131,0.0,0.0,0.6555407047271729,-0.1073785349726677,0.03,0,0,0,0,0,0,0,0,0,0,0,0,0,0,0,0,0,0,0,0,0
3.4664978981018066,0.0,0.0,0.0,-0.002878546714782715,-0.0033495426177978516,0.0,0.0,0.6258295774459839,-0.16229389607906342,0.03,0,0,0,0,0,0,0,0,0,0,0,0,0,0,0,0,0,0,0,0,0
3.470846652984619,0.0,0.0,0.0,-0.002271890640258789,-0.002514094114303589,0.0,0.0,0.637896716594696,-0.129244863986969,0.03,0,0,0,0,0,0,0,0,0,0,0,0,0,0,0,0,0,0,0,0,0
3.472642183303833,0.0,0.0,0.0,-0.0022618770599365234,-0.0024595260620117188,0.0,0.0,0.5809135437011719,-0.11200059950351715,0.03,0,0,0,0,0,0,0,0,0,0,0,0,0,0,0,0,0,0,0,0,0
3.474473714828491,0.0,0.0,0.0,-0.0019002556800842285,-0.0018586218357086182,0.0,0.0,0.6761333346366882,-0.09903107583522797,0.03,0,0,0,0,0,0,0,0,0,0,0,0,0,0,0,0,0,0,0,0,0
3.4763073921203613,0.0,0.0,0.0,-0.0018423199653625488,-0.001765906810760498,0.0,0.0,0.6351420879364014,-0.10338255017995834,0.03,0,0,0,0,0,0,0,0,0,0,0,0,0,0,0,0,0,0,0,0,0
3.4778237342834473,0.0,0.0,0.0,-0.0017475485801696777,-0.0016331076622009277,0.0,0.0,0.5848788022994995,-0.1298983246088028,0.03,0,0,0,0,0,0,0,0,0,0,0,0,0,0,0,0,0,0,0,0,0
3.4794182777404785,0.0,0.0,0.0,-0.0016374588012695312,-0.0015216469764709473,0.0,0.0,0.560263991355896,-0.1242261454463005,0.03,0,0,0,0,0,0,0,0,0,0,0,0,0,0,0,0,0,0,0,0,0
3.4806127548217773,0.0,0.0,0.0,-0.0016374588012695312,-0.0015216469764709473,0.0,0.0,0.560263991355896,-0.1242261454463005,0.03,0,0,0,0,0,0,0,0,0,0,0,0,0,0,0,0,0,0,0,0,0
3.4820854663848877,0.0,0.0,0.0,-0.0016374588012695312,-0.0015216469764709473,0.0,0.0,0.560263991355896,-0.1242261454463005,0.03,0,0,0,0,0,0,0,0,0,0,0,0,0,0,0,0,0,0,0,0,0
3.48427414894104,0.0,0.0,0.0,-0.0016374588012695312,-0.0015216469764709473,0.0,0.0,0.560263991355896,-0.1242261454463005,0.03,0,0,0,0,0,0,0,0,0,0,0,0,0,0,0,0,0,0,0,0,0
3.4856889247894287,0.0,0.0,0.0,-0.0016374588012695312,-0.0015216469764709473,0.0,0.0,0.560263991355896,-0.1242261454463005,0.03,0,0,0,0,0,0,0,0,0,0,0,0,0,0,0,0,0,0,0,0,0
3.486825704574585,0.0,0.0,0.0,-0.0016374588012695312,-0.0015216469764709473,0.0,0.0,0.560263991355896,-0.1242261454463005,0.03,0,0,0,0,0,0,0,0,0,0,0,0,0,0,0,0,0,0,0,0,0
3.4879255294799805,0.0,0.0,0.0,-0.0016374588012695312,-0.0015216469764709473,0.0,0.0,0.560263991355896,-0.1242261454463005,0.03,0,0,0,0,0,0,0,0,0,0,0,0,0,0,0,0,0,0,0,0,0
3.48919415473938,0.0,0.0,0.0,-0.0016374588012695312,-0.0015216469764709473,0.0,0.0,0.560263991355896,-0.1242261454463005,0.03,0,0,0,0,0,0,0,0,0,0,0,0,0,0,0,0,0,0,0,0,0
3.4903650283813477,0.0,0.0,0.0,-0.0015341639518737793,-0.001332998275756836,0.0,0.0,0.5647890567779541,-0.10921810567378998,0.03,0,0,0,0,0,0,0,0,0,0,0,0,0,0,0,0,0,0,0,0,0
3.491516351699829,0.0,0.0,0.0,-0.0014110803604125977,-0.0010896623134613037,0.0,0.0,0.6108255982398987,-0.17137612402439117,0.03,0,0,0,0,0,0,0,0,0,0,0,0,0,0,0,0,0,0,0,0,0
3.4926207065582275,0.0,0.0,0.0,-0.0013462305068969727,-0.0010139048099517822,0.0,0.0,0.5790202617645264,-0.19361943006515503,0.03,0,0,0,0,0,0,0,0,0,0,0,0,0,0,0,0,0,0,0,0,0
3.4936890602111816,0.0,0.0,0.0,-0.0013462305068969727,-0.0010139048099517822,0.0,0.0,0.5790202617645264,-0.19361943006515503,0.03,0,0,0,0,0,0,0,0,0,0,0,0,0,0,0,0,0,0,0,0,0
3.4948651790618896,0.0,0.0,0.0,-0.0013462305068969727,-0.0010139048099517822,0.0,0.0,0.5790202617645264,-0.19361943006515503,0.03,0,0,0,0,0,0,0,0,0,0,0,0,0,0,0,0,0,0,0,0,0
3.496001958847046,0.0,0.0,0.0,-0.0013462305068969727,-0.0010139048099517822,0.0,0.0,0.5790202617645264,-0.19361943006515503,0.03,0,0,0,0,0,0,0,0,0,0,0,0,0,0,0,0,0,0,0,0,0
3.497361898422241,0.0,0.0,0.0,-0.0013462305068969727,-0.0010139048099517822,0.0,0.0,0.5790202617645264,-0.19361943006515503,0.03,0,0,0,0,0,0,0,0,0,0,0,0,0,0,0,0,0,0,0,0,0
3.4986250400543213,0.0,0.0,0.0,-0.0013462305068969727,-0.0010139048099517822,0.0,0.0,0.5790202617645264,-0.19361943006515503,0.03,0,0,0,0,0,0,0,0,0,0,0,0,0,0,0,0,0,0,0,0,0
3.5021328926086426,0.0,0.0,0.0,-0.0013462305068969727,-0.0010139048099517822,0.0,0.0,0.5790202617645264,-0.19361943006515503,0.03,0,0,0,0,0,0,0,0,0,0,0,0,0,0,0,0,0,0,0,0,0
3.5036308765411377,0.0,0.0,0.0,-0.0013462305068969727,-0.0010139048099517822,0.0,0.0,0.5790202617645264,-0.19361943006515503,0.03,0,0,0,0,0,0,0,0,0,0,0,0,0,0,0,0,0,0,0,0,0
3.50510573387146,0.0,0.0,0.0,-0.0013462305068969727,-0.0010139048099517822,0.0,0.0,0.5790202617645264,-0.19361943006515503,0.03,0,0,0,0,0,0,0,0,0,0,0,0,0,0,0,0,0,0,0,0,0
3.5063047409057617,0.0,0.0,0.0,-0.0013462305068969727,-0.0010139048099517822,0.0,0.0,0.5790202617645264,-0.19361943006515503,0.03,0,0,0,0,0,0,0,0,0,0,0,0,0,0,0,0,0,0,0,0,0
3.5074563026428223,0.0,0.0,0.0,-0.0013462305068969727,-0.0010139048099517822,0.0,0.0,0.5790202617645264,-0.19361943006515503,0.03,0,0,0,0,0,0,0,0,0,0,0,0,0,0,0,0,0,0,0,0,0
3.508582592010498,0.0,0.0,0.0,-0.0013462305068969727,-0.0010139048099517822,0.0,0.0,0.5790202617645264,-0.19361943006515503,0.03,0,0,0,0,0,0,0,0,0,0,0,0,0,0,0,0,0,0,0,0,0
3.5108418464660645,0.0,0.0,0.0,-0.0013462305068969727,-0.0010139048099517822,0.0,0.0,0.5790202617645264,-0.19361943006515503,0.03,0,0,0,0,0,0,0,0,0,0,0,0,0,0,0,0,0,0,0,0,0
3.5122509002685547,0.0,0.0,0.0,-0.0013462305068969727,-0.0010139048099517822,0.0,0.0,0.5790202617645264,-0.19361943006515503,0.03,0,0,0,0,0,0,0,0,0,0,0,0,0,0,0,0,0,0,0,0,0
3.5140411853790283,0.0,0.0,0.0,-0.0013462305068969727,-0.0010139048099517822,0.0,0.0,0.5790202617645264,-0.19361943006515503,0.03,0,0,0,0,0,0,0,0,0,0,0,0,0,0,0,0,0,0,0,0,0
3.5153424739837646,0.0,0.0,0.0,-0.0013462305068969727,-0.0010139048099517822,0.0,0.0,0.5790202617645264,-0.19361943006515503,0.03,0,0,0,0,0,0,0,0,0,0,0,0,0,0,0,0,0,0,0,0,0
3.5165796279907227,0.0,0.0,0.0,-0.0013462305068969727,-0.0010139048099517822,0.0,0.0,0.5790202617645264,-0.19361943006515503,0.03,0,0,0,0,0,0,0,0,0,0,0,0,0,0,0,0,0,0,0,0,0
3.517664909362793,0.0,0.0,0.0,-0.0013462305068969727,-0.0010139048099517822,0.0,0.0,0.5790202617645264,-0.19361943006515503,0.03,0,0,0,0,0,0,0,0,0,0,0,0,0,0,0,0,0,0,0,0,0
3.5187835693359375,0.0,0.0,0.0,-0.0013462305068969727,-0.0010139048099517822,0.0,0.0,0.5790202617645264,-0.19361943006515503,0.03,0,0,0,0,0,0,0,0,0,0,0,0,0,0,0,0,0,0,0,0,0
3.5198705196380615,0.0,0.0,0.0,-0.0013462305068969727,-0.0010139048099517822,0.0,0.0,0.5790202617645264,-0.19361943006515503,0.03,0,0,0,0,0,0,0,0,0,0,0,0,0,0,0,0,0,0,0,0,0
3.5211358070373535,0.0,0.0,0.0,-0.0013462305068969727,-0.0010139048099517822,0.0,0.0,0.5790202617645264,-0.19361943006515503,0.03,0,0,0,0,0,0,0,0,0,0,0,0,0,0,0,0,0,0,0,0,0
3.522200345993042,0.0,0.0,0.0,-0.0013462305068969727,-0.0010139048099517822,0.0,0.0,0.5790202617645264,-0.19361943006515503,0.03,0,0,0,0,0,0,0,0,0,0,0,0,0,0,0,0,0,0,0,0,0
3.5245206356048584,0.0,0.0,0.0,-0.0013462305068969727,-0.0010139048099517822,0.0,0.0,0.5790202617645264,-0.19361943006515503,0.03,0,0,0,0,0,0,0,0,0,0,0,0,0,0,0,0,0,0,0,0,0
3.526756525039673,0.0,0.0,0.0,-0.0013135671615600586,-0.0009714066982269287,0.0,0.0,0.5790955424308777,-0.16362948715686798,0.03,0,0,0,0,0,0,0,0,0,0,0,0,0,0,0,0,0,0,0,0,0
3.5281524658203125,0.0,0.0,0.0,-0.0013135671615600586,-0.0009714066982269287,0.0,0.0,0.5790955424308777,-0.16362948715686798,0.03,0,0,0,0,0,0,0,0,0,0,0,0,0,0,0,0,0,0,0,0,0
3.5294182300567627,0.0,0.0,0.0,-0.0013135671615600586,-0.0009714066982269287,0.0,0.0,0.5790955424308777,-0.16362948715686798,0.03,0,0,0,0,0,0,0,0,0,0,0,0,0,0,0,0,0,0,0,0,0
3.53118896484375,0.0,0.0,0.0,-0.0013135671615600586,-0.0009714066982269287,0.0,0.0,0.5790955424308777,-0.16362948715686798,0.03,0,0,0,0,0,0,0,0,0,0,0,0,0,0,0,0,0,0,0,0,0
3.533188819885254,0.0,0.0,0.0,-0.0013135671615600586,-0.0009714066982269287,0.0,0.0,0.5790955424308777,-0.16362948715686798,0.03,0,0,0,0,0,0,0,0,0,0,0,0,0,0,0,0,0,0,0,0,0
3.5346362590789795,0.0,0.0,0.0,-0.0012513995170593262,-0.0008476972579956055,0.0,0.0,0.6226640343666077,-0.21514447033405304,0.03,0,0,0,0,0,0,0,0,0,0,0,0,0,0,0,0,0,0,0,0,0
3.5361406803131104,0.0,0.0,0.0,-0.0011615753173828125,-0.000711977481842041,0.0,0.0,0.6175657510757446,-0.11717991530895233,0.03,0,0,0,0,0,0,0,0,0,0,0,0,0,0,0,0,0,0,0,0,0
3.541055917739868,0.0,0.0,0.0,-0.0008703470230102539,-0.00023478269577026367,0.0,0.0,0.5687230825424194,-0.05610036477446556,0.03,0,0,0,0,0,0,0,0,0,0,0,0,0,0,0,0,0,0,0,0,0
3.5421319007873535,0.0,0.0,0.0,-0.0008590221405029297,-0.0002173781394958496,0.0,0.0,0.5943655967712402,-0.1478303074836731,0.03,0,0,0,0,0,0,0,0,0,0,0,0,0,0,0,0,0,0,0,0,0
3.545586109161377,0.0,0.0,0.0,-0.0008590221405029297,-0.0002173781394958496,0.0,0.0,0.5943655967712402,-0.1478303074836731,0.03,0,0,0,0,0,0,0,0,0,0,0,0,0,0,0,0,0,0,0,0,0
3.5474421977996826,0.0,0.0,0.0,-0.0008590221405029297,-0.0002173781394958496,0.0,0.0,0.5943655967712402,-0.1478303074836731,0.03,0,0,0,0,0,0,0,0,0,0,0,0,0,0,0,0,0,0,0,0,0
3.5488851070404053,0.0,0.0,0.0,-0.0008590221405029297,-0.0002173781394958496,0.0,0.0,0.5943655967712402,-0.1478303074836731,0.03,0,0,0,0,0,0,0,0,0,0,0,0,0,0,0,0,0,0,0,0,0
3.5501761436462402,0.0,0.0,0.0,-0.0008590221405029297,-0.0002173781394958496,0.0,0.0,0.5943655967712402,-0.1478303074836731,0.03,0,0,0,0,0,0,0,0,0,0,0,0,0,0,0,0,0,0,0,0,0
3.5514211654663086,0.0,0.0,0.0,-0.0008590221405029297,-0.0002173781394958496,0.0,0.0,0.5943655967712402,-0.1478303074836731,0.03,0,0,0,0,0,0,0,0,0,0,0,0,0,0,0,0,0,0,0,0,0
3.5529284477233887,0.0,0.0,0.0,-0.0008590221405029297,-0.0002173781394958496,0.0,0.0,0.5943655967712402,-0.1478303074836731,0.03,0,0,0,0,0,0,0,0,0,0,0,0,0,0,0,0,0,0,0,0,0
3.5544087886810303,0.0,0.0,0.0,-0.0008590221405029297,-0.0002173781394958496,0.0,0.0,0.5943655967712402,-0.1478303074836731,0.03,0,0,0,0,0,0,0,0,0,0,0,0,0,0,0,0,0,0,0,0,0
3.555706262588501,0.0,0.0,0.0,-0.0008590221405029297,-0.0002173781394958496,0.0,0.0,0.5943655967712402,-0.1478303074836731,0.03,0,0,0,0,0,0,0,0,0,0,0,0,0,0,0,0,0,0,0,0,0
3.557152509689331,0.0,0.0,0.0,-0.0008590221405029297,-0.0002173781394958496,0.0,0.0,0.5943655967712402,-0.1478303074836731,0.03,0,0,0,0,0,0,0,0,0,0,0,0,0,0,0,0,0,0,0,0,0
3.558974027633667,0.0,0.0,0.0,-0.0008608698844909668,-0.00021710991859436035,0.0,0.0,0.6106255054473877,-0.18402099609375,0.03,0,0,0,0,0,0,0,0,0,0,0,0,0,0,0,0,0,0,0,0,0
3.5600693225860596,0.0,0.0,0.0,-0.0008632540702819824,-0.00018298625946044922,0.0,0.0,0.628220796585083,-0.20956659317016602,0.03,0,0,0,0,0,0,0,0,0,0,0,0,0,0,0,0,0,0,0,0,0
3.561422348022461,0.0,0.0,0.0,-0.0008632540702819824,-0.00022462010383605957,0.0,0.0,0.6293889880180359,-0.19790899753570557,0.03,0,0,0,0,0,0,0,0,0,0,0,0,0,0,0,0,0,0,0,0,0
3.5626306533813477,0.0,0.0,0.0,-0.0008632540702819824,-0.00022462010383605957,0.0,0.0,0.6293889880180359,-0.19790899753570557,0.03,0,0,0,0,0,0,0,0,0,0,0,0,0,0,0,0,0,0,0,0,0
3.5638978481292725,0.0,0.0,0.0,-0.0008632540702819824,-0.00022462010383605957,0.0,0.0,0.6293889880180359,-0.19790899753570557,0.03,0,0,0,0,0,0,0,0,0,0,0,0,0,0,0,0,0,0,0,0,0
3.565060615539551,0.0,0.0,0.0,-0.0008632540702819824,-0.00022462010383605957,0.0,0.0,0.6293889880180359,-0.19790899753570557,0.03,0,0,0,0,0,0,0,0,0,0,0,0,0,0,0,0,0,0,0,0,0
3.5661606788635254,0.0,0.0,0.0,-0.0008632540702819824,-0.00022462010383605957,0.0,0.0,0.6293889880180359,-0.19790899753570557,0.03,0,0,0,0,0,0,0,0,0,0,0,0,0,0,0,0,0,0,0,0,0
3.567336082458496,0.0,0.0,0.0,-0.0008632540702819824,-0.00022462010383605957,0.0,0.0,0.6293889880180359,-0.19790899753570557,0.03,0,0,0,0,0,0,0,0,0,0,0,0,0,0,0,0,0,0,0,0,0
3.568490982055664,0.0,0.0,0.0,-0.0008632540702819824,-0.00022462010383605957,0.0,0.0,0.6293889880180359,-0.19790899753570557,0.03,0,0,0,0,0,0,0,0,0,0,0,0,0,0,0,0,0,0,0,0,0
3.5696523189544678,0.0,0.0,0.0,-0.0008632540702819824,-0.00022462010383605957,0.0,0.0,0.6293889880180359,-0.19790899753570557,0.03,0,0,0,0,0,0,0,0,0,0,0,0,0,0,0,0,0,0,0,0,0
3.570890426635742,0.0,0.0,0.0,-0.0008632540702819824,-0.00022462010383605957,0.0,0.0,0.6293889880180359,-0.19790899753570557,0.03,0,0,0,0,0,0,0,0,0,0,0,0,0,0,0,0,0,0,0,0,0
3.5719754695892334,0.0,0.0,0.0,-0.0008632540702819824,-0.00022462010383605957,0.0,0.0,0.6293889880180359,-0.19790899753570557,0.03,0,0,0,0,0,0,0,0,0,0,0,0,0,0,0,0,0,0,0,0,0
3.573070764541626,0.0,0.0,0.0,-0.0008632540702819824,-0.00022462010383605957,0.0,0.0,0.6293889880180359,-0.19790899753570557,0.03,0,0,0,0,0,0,0,0,0,0,0,0,0,0,0,0,0,0,0,0,0
3.575065851211548,0.0,0.0,0.0,-0.0008632540702819824,-0.00022462010383605957,0.0,0.0,0.6293889880180359,-0.19790899753570557,0.03,0,0,0,0,0,0,0,0,0,0,0,0,0,0,0,0,0,0,0,0,0
3.576455593109131,0.0,0.0,0.0,-0.0008632540702819824,-0.00022462010383605957,0.0,0.0,0.6293889880180359,-0.19790899753570557,0.03,0,0,0,0,0,0,0,0,0,0,0,0,0,0,0,0,0,0,0,0,0
3.578612804412842,0.0,0.0,0.0,-0.0008632540702819824,-0.00022462010383605957,0.0,0.0,0.6293889880180359,-0.19790899753570557,0.03,0,0,0,0,0,0,0,0,0,0,0,0,0,0,0,0,0,0,0,0,0
3.5814499855041504,0.0,0.0,0.0,-0.000863194465637207,-0.00018361210823059082,0.0,0.0,0.655039370059967,-0.1330738216638565,0.03,0,0,0,0,0,0,0,0,0,0,0,0,0,0,0,0,0,0,0,0,0
3.5828216075897217,0.0,0.0,0.0,-0.0008582472801208496,-0.0001449286937713623,0.0,0.0,0.6295613050460815,-0.0931776612997055,0.03,0,0,0,0,0,0,0,0,0,0,0,0,0,0,0,0,0,0,0,0,0
3.584165334701538,0.0,0.0,0.0,-0.0008582472801208496,-0.0001449286937713623,0.0,0.0,0.6295613050460815,-0.0931776612997055,0.03,0,0,0,0,0,0,0,0,0,0,0,0,0,0,0,0,0,0,0,0,0
3.585578680038452,0.0,0.0,0.0,-0.0008582472801208496,-0.0001449286937713623,0.0,0.0,0.6295613050460815,-0.0931776612997055,0.03,0,0,0,0,0,0,0,0,0,0,0,0,0,0,0,0,0,0,0,0,0
3.587608814239502,0.0,0.0,0.0,-0.0008582472801208496,-0.0001449286937713623,0.0,0.0,0.6295613050460815,-0.0931776612997055,0.03,0,0,0,0,0,0,0,0,0,0,0,0,0,0,0,0,0,0,0,0,0
3.589016914367676,0.0,0.0,0.0,-0.0008491873741149902,-0.00018280744552612305,0.0,0.0,0.6000819206237793,-0.12723197042942047,0.03,0,0,0,0,0,0,0,0,0,0,0,0,0,0,0,0,0,0,0,0,0
3.5905816555023193,0.0,0.0,0.0,-0.0008154511451721191,-0.000183790922164917,0.0,0.0,0.6182692050933838,-0.13601085543632507,0.03,0,0,0,0,0,0,0,0,0,0,0,0,0,0,0,0,0,0,0,0,0
3.591688632965088,0.0,0.0,0.0,-0.0008154511451721191,-0.000183790922164917,0.0,0.0,0.6182692050933838,-0.13601085543632507,0.03,0,0,0,0,0,0,0,0,0,0,0,0,0,0,0,0,0,0,0,0,0
3.5930161476135254,0.0,0.0,0.0,-0.0008154511451721191,-0.000183790922164917,0.0,0.0,0.6182692050933838,-0.13601085543632507,0.03,0,0,0,0,0,0,0,0,0,0,0,0,0,0,0,0,0,0,0,0,0
3.594609498977661,0.0,0.0,0.0,-0.0008154511451721191,-0.000183790922164917,0.0,0.0,0.6182692050933838,-0.13601085543632507,0.03,0,0,0,0,0,0,0,0,0,0,0,0,0,0,0,0,0,0,0,0,0
3.59611177444458,0.0,0.0,0.0,-0.000840604305267334,-0.00018396973609924316,0.0,0.0,0.5974319577217102,-0.13711592555046082,0.03,0,0,0,0,0,0,0,0,0,0,0,0,0,0,0,0,0,0,0,0,0
3.5980782508850098,0.0,0.0,0.0,-0.0008013248443603516,-0.00021097064018249512,0.0,0.0,0.5738129615783691,-0.16901452839374542,0.03,0,0,0,0,0,0,0,0,0,0,0,0,0,0,0,0,0,0,0,0,0
3.5994021892547607,0.0,0.0,0.0,-0.0008013248443603516,-0.00021097064018249512,0.0,0.0,0.5738129615783691,-0.16901452839374542,0.03,0,0,0,0,0,0,0,0,0,0,0,0,0,0,0,0,0,0,0,0,0
3.6005687713623047,0.0,0.0,0.0,-0.0008013248443603516,-0.00021097064018249512,0.0,0.0,0.5738129615783691,-0.16901452839374542,0.03,0,0,0,0,0,0,0,0,0,0,0,0,0,0,0,0,0,0,0,0,0
3.601844549179077,0.0,0.0,0.0,-0.0008013248443603516,-0.00021097064018249512,0.0,0.0,0.5738129615783691,-0.16901452839374542,0.03,0,0,0,0,0,0,0,0,0,0,0,0,0,0,0,0,0,0,0,0,0
3.603548049926758,0.0,0.0,0.0,-0.0008013248443603516,-0.00021097064018249512,0.0,0.0,0.5738129615783691,-0.16901452839374542,0.03,0,0,0,0,0,0,0,0,0,0,0,0,0,0,0,0,0,0,0,0,0
3.6051039695739746,0.0,0.0,0.0,-0.0008013248443603516,-0.00021097064018249512,0.0,0.0,0.5738129615783691,-0.16901452839374542,0.03,0,0,0,0,0,0,0,0,0,0,0,0,0,0,0,0,0,0,0,0,0
3.609710693359375,0.0,0.0,0.0,-0.0008119344711303711,-0.00018456578254699707,0.0,0.0,0.6082210540771484,-0.1326523870229721,0.03,0,0,0,0,0,0,0,0,0,0,0,0,0,0,0,0,0,0,0,0,0
3.6107916831970215,0.0,0.0,0.0,-0.000808417797088623,-0.00018405914306640625,0.0,0.0,0.5915762186050415,-0.12553340196609497,0.03,0,0,0,0,0,0,0,0,0,0,0,0,0,0,0,0,0,0,0,0,0
3.612224578857422,0.0,0.0,0.0,-0.000808417797088623,-0.00018405914306640625,0.0,0.0,0.5915762186050415,-0.12553340196609497,0.03,0,0,0,0,0,0,0,0,0,0,0,0,0,0,0,0,0,0,0,0,0
3.613651990890503,0.0,0.0,0.0,-0.000808417797088623,-0.00018405914306640625,0.0,0.0,0.5915762186050415,-0.12553340196609497,0.03,0,0,0,0,0,0,0,0,0,0,0,0,0,0,0,0,0,0,0,0,0
3.6149377822875977,0.0,0.0,0.0,-0.000808417797088623,-0.00018405914306640625,0.0,0.0,0.5915762186050415,-0.12553340196609497,0.03,0,0,0,0,0,0,0,0,0,0,0,0,0,0,0,0,0,0,0,0,0
3.6171934604644775,0.0,0.0,0.0,-0.000808417797088623,-0.00018405914306640625,0.0,0.0,0.5915762186050415,-0.12553340196609497,0.03,0,0,0,0,0,0,0,0,0,0,0,0,0,0,0,0,0,0,0,0,0
3.6185824871063232,0.0,0.0,0.0,-0.000808417797088623,-0.00018405914306640625,0.0,0.0,0.5915762186050415,-0.12553340196609497,0.03,0,0,0,0,0,0,0,0,0,0,0,0,0,0,0,0,0,0,0,0,0
3.62021803855896,0.0,0.0,0.0,-0.0008016228675842285,-0.00018310546875,0.0,0.0,0.5815934538841248,-0.1292564570903778,0.03,0,0,0,0,0,0,0,0,0,0,0,0,0,0,0,0,0,0,0,0,0
3.622199535369873,0.0,0.0,0.0,-0.0008022189140319824,-0.00019603967666625977,0.0,0.0,0.5873187780380249,-0.1577768474817276,0.03,0,0,0,0,0,0,0,0,0,0,0,0,0,0,0,0,0,0,0,0,0
3.6233909130096436,0.0,0.0,0.0,-0.0008050203323364258,-0.0001895129680633545,0.0,0.0,0.5893810987472534,-0.12552228569984436,0.03,0,0,0,0,0,0,0,0,0,0,0,0,0,0,0,0,0,0,0,0,0
3.624476432800293,0.0,0.0,0.0,-0.0008022189140319824,-0.00018322467803955078,0.0,0.0,0.5839210152626038,-0.1290970891714096,0.03,0,0,0,0,0,0,0,0,0,0,0,0,0,0,0,0,0,0,0,0,0
3.6265790462493896,0.0,0.0,0.0,-0.0008022189140319824,-0.00018322467803955078,0.0,0.0,0.5839210152626038,-0.1290970891714096,0.03,0,0,0,0,0,0,0,0,0,0,0,0,0,0,0,0,0,0,0,0,0
3.6280312538146973,0.0,0.0,0.0,-0.0008022189140319824,-0.00018322467803955078,0.0,0.0,0.5839210152626038,-0.1290970891714096,0.03,0,0,0,0,0,0,0,0,0,0,0,0,0,0,0,0,0,0,0,0,0
3.629910469055176,0.0,0.0,0.0,-0.0008079409599304199,-0.00018265843391418457,0.0,0.0,0.5951772332191467,-0.13098222017288208,0.03,0,0,0,0,0,0,0,0,0,0,0,0,0,0,0,0,0,0,0,0,0
3.63326096534729,0.0,0.0,0.0,-0.0008079409599304199,-0.00018265843391418457,0.0,0.0,0.5951772332191467,-0.13098222017288208,0.03,0,0,0,0,0,0,0,0,0,0,0,0,0,0,0,0,0,0,0,0,0
3.635995388031006,0.0,0.0,0.0,-0.0008350610733032227,-0.0001843273639678955,0.0,0.0,0.6494409441947937,-0.13884244859218597,0.03,0,0,0,0,0,0,0,0,0,0,0,0,0,0,0,0,0,0,0,0,0
3.637115240097046,0.0,0.0,0.0,-0.0008246898651123047,-0.00021645426750183105,0.0,0.0,0.6024757027626038,-0.1889890879392624,0.03,0,0,0,0,0,0,0,0,0,0,0,0,0,0,0,0,0,0,0,0,0
3.6384570598602295,0.0,0.0,0.0,-0.0008219480514526367,-0.0002180933952331543,0.0,0.0,0.6017249226570129,-0.17976486682891846,0.03,0,0,0,0,0,0,0,0,0,0,0,0,0,0,0,0,0,0,0,0,0
3.640021800994873,0.0,0.0,0.0,-0.0008087158203125,-0.00018298625946044922,0.0,0.0,0.5710060000419617,-0.12880808115005493,0.03,0,0,0,0,0,0,0,0,0,0,0,0,0,0,0,0,0,0,0,0,0
3.6411139965057373,0.0,0.0,0.0,-0.0008087158203125,-0.00018298625946044922,0.0,0.0,0.5710060000419617,-0.12880808115005493,0.03,0,0,0,0,0,0,0,0,0,0,0,0,0,0,0,0,0,0,0,0,0
3.6422059535980225,0.0,0.0,0.0,-0.0008031129837036133,-0.00020611286163330078,0.0,0.0,0.5765876770019531,-0.17743979394435883,0.03,0,0,0,0,0,0,0,0,0,0,0,0,0,0,0,0,0,0,0,0,0
3.644482374191284,0.0,0.0,0.0,-0.0008031129837036133,-0.00020611286163330078,0.0,0.0,0.5765876770019531,-0.17743979394435883,0.03,0,0,0,0,0,0,0,0,0,0,0,0,0,0,0,0,0,0,0,0,0
3.6459968090057373,0.0,0.0,0.0,-0.0008031129837036133,-0.00020611286163330078,0.0,0.0,0.5765876770019531,-0.17743979394435883,0.03,0,0,0,0,0,0,0,0,0,0,0,0,0,0,0,0,0,0,0,0,0
3.647109270095825,0.0,0.0,0.0,-0.0008031129837036133,-0.00020611286163330078,0.0,0.0,0.5765876770019531,-0.17743979394435883,0.03,0,0,0,0,0,0,0,0,0,0,0,0,0,0,0,0,0,0,0,0,0
3.6487748622894287,0.0,0.0,0.0,-0.0008031129837036133,-0.00020611286163330078,0.0,0.0,0.5765876770019531,-0.17743979394435883,0.03,0,0,0,0,0,0,0,0,0,0,0,0,0,0,0,0,0,0,0,0,0
3.649867057800293,0.0,0.0,0.0,-0.0008031129837036133,-0.00020611286163330078,0.0,0.0,0.5765876770019531,-0.17743979394435883,0.03,0,0,0,0,0,0,0,0,0,0,0,0,0,0,0,0,0,0,0,0,0
3.650967597961426,0.0,0.0,0.0,-0.0008031129837036133,-0.00020611286163330078,0.0,0.0,0.5765876770019531,-0.17743979394435883,0.03,0,0,0,0,0,0,0,0,0,0,0,0,0,0,0,0,0,0,0,0,0
3.652055025100708,0.0,0.0,0.0,-0.0008031129837036133,-0.00020611286163330078,0.0,0.0,0.5765876770019531,-0.17743979394435883,0.03,0,0,0,0,0,0,0,0,0,0,0,0,0,0,0,0,0,0,0,0,0
3.653146982192993,0.0,0.0,0.0,-0.0008031129837036133,-0.00020611286163330078,0.0,0.0,0.5765876770019531,-0.17743979394435883,0.03,0,0,0,0,0,0,0,0,0,0,0,0,0,0,0,0,0,0,0,0,0
3.654474973678589,0.0,0.0,0.0,-0.0008031129837036133,-0.00020611286163330078,0.0,0.0,0.5765876770019531,-0.17743979394435883,0.03,0,0,0,0,0,0,0,0,0,0,0,0,0,0,0,0,0,0,0,0,0
3.655686378479004,0.0,0.0,0.0,-0.0008031129837036133,-0.00020611286163330078,0.0,0.0,0.5765876770019531,-0.17743979394435883,0.03,0,0,0,0,0,0,0,0,0,0,0,0,0,0,0,0,0,0,0,0,0
3.6568071842193604,0.0,0.0,0.0,-0.0008031129837036133,-0.00020611286163330078,0.0,0.0,0.5765876770019531,-0.17743979394435883,0.03,0,0,0,0,0,0,0,0,0,0,0,0,0,0,0,0,0,0,0,0,0
3.6618595123291016,0.0,0.0,0.0,-0.0008044242858886719,-0.00022536516189575195,0.0,0.0,0.5742933750152588,-0.14090968668460846,0.03,0,0,0,0,0,0,0,0,0,0,0,0,0,0,0,0,0,0,0,0,0
3.663733720779419,0.0,0.0,0.0,-0.0008018612861633301,-0.00016766786575317383,0.0,0.0,0.5859860777854919,-0.13625943660736084,0.03,0,0,0,0,0,0,0,0,0,0,0,0,0,0,0,0,0,0,0,0,0
3.6663923263549805,0.0,0.0,0.0,-0.0008018612861633301,-0.00016766786575317383,0.0,0.0,0.5859860777854919,-0.13625943660736084,0.03,0,0,0,0,0,0,0,0,0,0,0,0,0,0,0,0,0,0,0,0,0
3.669872283935547,0.0,0.0,0.0,-0.0008018612861633301,-0.00016766786575317383,0.0,0.0,0.5859860777854919,-0.13625943660736084,0.03,0,0,0,0,0,0,0,0,0,0,0,0,0,0,0,0,0,0,0,0,0
3.6710031032562256,0.0,0.0,0.0,-0.0008022189140319824,-0.00022682547569274902,0.0,0.0,0.5886855125427246,-0.1851251721382141,0.03,0,0,0,0,0,0,0,0,0,0,0,0,0,0,0,0,0,0,0,0,0
3.6725170612335205,0.0,0.0,0.0,-0.0008022189140319824,-0.00022682547569274902,0.0,0.0,0.5886855125427246,-0.1851251721382141,0.03,0,0,0,0,0,0,0,0,0,0,0,0,0,0,0,0,0,0,0,0,0
3.674365282058716,0.0,0.0,0.0,-0.0008022189140319824,-0.0002124309539794922,0.0,0.0,0.5896129012107849,-0.1488400250673294,0.03,0,0,0,0,0,0,0,0,0,0,0,0,0,0,0,0,0,0,0,0,0
3.6754379272460938,0.0,0.0,0.0,-0.0008022189140319824,-0.0002124309539794922,0.0,0.0,0.5896129012107849,-0.1488400250673294,0.03,0,0,0,0,0,0,0,0,0,0,0,0,0,0,0,0,0,0,0,0,0
3.6766841411590576,0.0,0.0,0.0,-0.0008022189140319824,-0.0002124309539794922,0.0,0.0,0.5896129012107849,-0.1488400250673294,0.03,0,0,0,0,0,0,0,0,0,0,0,0,0,0,0,0,0,0,0,0,0
3.6824302673339844,0.0,0.0,0.0,-0.0008015632629394531,-0.0001818835735321045,0.0,0.0,0.5831607580184937,-0.0941760465502739,0.03,0,0,0,0,0,0,0,0,0,0,0,0,0,0,0,0,0,0,0,0,0
3.6837055683135986,0.0,0.0,0.0,-0.0008015632629394531,-0.0001818835735321045,0.0,0.0,0.5831607580184937,-0.0941760465502739,0.03,0,0,0,0,0,0,0,0,0,0,0,0,0,0,0,0,0,0,0,0,0
3.6858839988708496,0.0,0.0,0.0,-0.0008015632629394531,-0.0001818835735321045,0.0,0.0,0.5831607580184937,-0.0941760465502739,0.03,0,0,0,0,0,0,0,0,0,0,0,0,0,0,0,0,0,0,0,0,0
3.6869699954986572,0.0,0.0,0.0,-0.0008015632629394531,-0.0001818835735321045,0.0,0.0,0.5831607580184937,-0.0941760465502739,0.03,0,0,0,0,0,0,0,0,0,0,0,0,0,0,0,0,0,0,0,0,0
3.688481092453003,0.0,0.0,0.0,-0.0008015632629394531,-0.0001818835735321045,0.0,0.0,0.5831607580184937,-0.0941760465502739,0.03,0,0,0,0,0,0,0,0,0,0,0,0,0,0,0,0,0,0,0,0,0
3.6896021366119385,0.0,0.0,0.0,-0.0008020401000976562,-0.00018453598022460938,0.0,0.0,0.5929943919181824,-0.13561272621154785,0.03,0,0,0,0,0,0,0,0,0,0,0,0,0,0,0,0,0,0,0,0,0
3.6916213035583496,0.0,0.0,0.0,-0.0008025765419006348,-0.00018411874771118164,0.0,0.0,0.592663586139679,-0.13452787697315216,0.03,0,0,0,0,0,0,0,0,0,0,0,0,0,0,0,0,0,0,0,0,0
3.6931569576263428,0.0,0.0,0.0,-0.0008025169372558594,-0.00018388032913208008,0.0,0.0,0.5913935899734497,-0.13401146233081818,0.03,0,0,0,0,0,0,0,0,0,0,0,0,0,0,0,0,0,0,0,0,0
3.6942238807678223,0.0,0.0,0.0,-0.0008023381233215332,-0.0001837015151977539,0.0,0.0,0.5900110602378845,-0.13377144932746887,0.03,0,0,0,0,0,0,0,0,0,0,0,0,0,0,0,0,0,0,0,0,0
3.695324182510376,0.0,0.0,0.0,-0.0008023381233215332,-0.0001837015151977539,0.0,0.0,0.5896403789520264,-0.13367225229740143,0.03,0,0,0,0,0,0,0,0,0,0,0,0,0,0,0,0,0,0,0,0,0
3.6965749263763428,0.0,0.0,0.0,-0.0008023381233215332,-0.0001837015151977539,0.0,0.0,0.5896403789520264,-0.13367225229740143,0.03,0,0,0,0,0,0,0,0,0,0,0,0,0,0,0,0,0,0,0,0,0
3.6976587772369385,0.0,0.0,0.0,-0.0008023381233215332,-0.0001837015151977539,0.0,0.0,0.5896403789520264,-0.13367225229740143,0.03,0,0,0,0,0,0,0,0,0,0,0,0,0,0,0,0,0,0,0,0,0
3.69877552986145,0.0,0.0,0.0,-0.0008023381233215332,-0.0001837015151977539,0.0,0.0,0.5896403789520264,-0.13367225229740143,0.03,0,0,0,0,0,0,0,0,0,0,0,0,0,0,0,0,0,0,0,0,0
3.6999542713165283,0.0,0.0,0.0,-0.0008023381233215332,-0.00018361210823059082,0.0,0.0,0.5892695784568787,-0.13347384333610535,0.03,0,0,0,0,0,0,0,0,0,0,0,0,0,0,0,0,0,0,0,0,0
3.7017364501953125,0.0,0.0,0.0,-0.0008023381233215332,-0.00018361210823059082,0.0,0.0,0.5892695784568787,-0.13347384333610535,0.03,0,0,0,0,0,0,0,0,0,0,0,0,0,0,0,0,0,0,0,0,0
3.70291805267334,0.0,0.0,0.0,-0.0008023381233215332,-0.00018361210823059082,0.0,0.0,0.5892695784568787,-0.13347384333610535,0.03,0,0,0,0,0,0,0,0,0,0,0,0,0,0,0,0,0,0,0,0,0
3.705479145050049,0.0,0.0,0.0,-0.0008023381233215332,-0.00018361210823059082,0.0,0.0,0.5892695784568787,-0.13347384333610535,0.03,0,0,0,0,0,0,0,0,0,0,0,0,0,0,0,0,0,0,0,0,0
3.7067863941192627,0.0,0.0,0.0,-0.000813603401184082,-0.00018328428268432617,0.0,0.0,0.6579091548919678,-0.13057412207126617,0.03,0,0,0,0,0,0,0,0,0,0,0,0,0,0,0,0,0,0,0,0,0
3.708561420440674,0.0,0.0,0.0,-0.0008053779602050781,-0.0002085268497467041,0.0,0.0,0.5534548759460449,-0.17712342739105225,0.03,0,0,0,0,0,0,0,0,0,0,0,0,0,0,0,0,0,0,0,0,0
3.7096869945526123,0.0,0.0,0.0,-0.0008053779602050781,-0.0002085268497467041,0.0,0.0,0.5534548759460449,-0.17712342739105225,0.03,0,0,0,0,0,0,0,0,0,0,0,0,0,0,0,0,0,0,0,0,0
3.7107629776000977,0.0,0.0,0.0,-0.0007995963096618652,-0.0001703500747680664,0.0,0.0,0.5885096192359924,-0.09698032587766647,0.03,0,0,0,0,0,0,0,0,0,0,0,0,0,0,0,0,0,0,0,0,0
3.7119734287261963,0.0,0.0,0.0,-0.0007979869842529297,-0.00019356608390808105,0.0,0.0,0.5933794379234314,-0.1572432816028595,0.03,0,0,0,0,0,0,0,0,0,0,0,0,0,0,0,0,0,0,0,0,0
3.713541269302368,0.0,0.0,0.0,-0.0007979869842529297,-0.00019356608390808105,0.0,0.0,0.5933794379234314,-0.1572432816028595,0.03,0,0,0,0,0,0,0,0,0,0,0,0,0,0,0,0,0,0,0,0,0
3.7147059440612793,0.0,0.0,0.0,-0.0007979869842529297,-0.00019356608390808105,0.0,0.0,0.5933794379234314,-0.1572432816028595,0.03,0,0,0,0,0,0,0,0,0,0,0,0,0,0,0,0,0,0,0,0,0
3.716526746749878,0.0,0.0,0.0,-0.0007979869842529297,-0.00019356608390808105,0.0,0.0,0.5933794379234314,-0.1572432816028595,0.03,0,0,0,0,0,0,0,0,0,0,0,0,0,0,0,0,0,0,0,0,0
3.7201175689697266,0.0,0.0,0.0,-0.0008027553558349609,-0.00018349289894104004,0.0,0.0,0.5963262915611267,-0.13081425428390503,0.03,0,0,0,0,0,0,0,0,0,0,0,0,0,0,0,0,0,0,0,0,0
3.721320867538452,0.0,0.0,0.0,-0.0008027553558349609,-0.00018349289894104004,0.0,0.0,0.5963262915611267,-0.13081425428390503,0.03,0,0,0,0,0,0,0,0,0,0,0,0,0,0,0,0,0,0,0,0,0
3.722454071044922,0.0,0.0,0.0,-0.0008027553558349609,-0.00018349289894104004,0.0,0.0,0.5963262915611267,-0.13081425428390503,0.03,0,0,0,0,0,0,0,0,0,0,0,0,0,0,0,0,0,0,0,0,0
3.724208116531372,0.0,0.0,0.0,-0.0008026957511901855,-0.00018334388732910156,0.0,0.0,0.5944986343383789,-0.13160155713558197,0.03,0,0,0,0,0,0,0,0,0,0,0,0,0,0,0,0,0,0,0,0,0
3.725465774536133,0.0,0.0,0.0,-0.0008208155632019043,-0.00018531084060668945,0.0,0.0,0.6145934462547302,-0.12993474304676056,0.03,0,0,0,0,0,0,0,0,0,0,0,0,0,0,0,0,0,0,0,0,0
3.729051113128662,0.0,0.0,0.0,-0.0008208155632019043,-0.00018531084060668945,0.0,0.0,0.6145934462547302,-0.12993474304676056,0.03,0,0,0,0,0,0,0,0,0,0,0,0,0,0,0,0,0,0,0,0,0
3.7304646968841553,0.0,0.0,0.0,-0.0008208155632019043,-0.00018531084060668945,0.0,0.0,0.6145934462547302,-0.12993474304676056,0.03,0,0,0,0,0,0,0,0,0,0,0,0,0,0,0,0,0,0,0,0,0
3.7315549850463867,0.0,0.0,0.0,-0.0008208155632019043,-0.00018531084060668945,0.0,0.0,0.6145934462547302,-0.12993474304676056,0.03,0,0,0,0,0,0,0,0,0,0,0,0,0,0,0,0,0,0,0,0,0
3.734320878982544,0.0,0.0,0.0,-0.0008208155632019043,-0.00018531084060668945,0.0,0.0,0.6145934462547302,-0.12993474304676056,0.03,0,0,0,0,0,0,0,0,0,0,0,0,0,0,0,0,0,0,0,0,0
3.7362396717071533,0.0,0.0,0.0,-0.0008208155632019043,-0.00018531084060668945,0.0,0.0,0.6145934462547302,-0.12993474304676056,0.03,0,0,0,0,0,0,0,0,0,0,0,0,0,0,0,0,0,0,0,0,0
3.7401750087738037,0.0,0.0,0.0,-0.0008068680763244629,-0.00017508864402770996,0.0,0.0,0.5815456509590149,-0.1257518231868744,0.03,0,0,0,0,0,0,0,0,0,0,0,0,0,0,0,0,0,0,0,0,0
3.741628408432007,0.0,0.0,0.0,-0.0008068680763244629,-0.00017508864402770996,0.0,0.0,0.5815456509590149,-0.1257518231868744,0.03,0,0,0,0,0,0,0,0,0,0,0,0,0,0,0,0,0,0,0,0,0
3.7435150146484375,0.0,0.0,0.0,-0.0008068680763244629,-0.00017508864402770996,0.0,0.0,0.5815456509590149,-0.1257518231868744,0.03,0,0,0,0,0,0,0,0,0,0,0,0,0,0,0,0,0,0,0,0,0
3.7446069717407227,0.0,0.0,0.0,-0.0008068680763244629,-0.00017508864402770996,0.0,0.0,0.5815456509590149,-0.1257518231868744,0.03,0,0,0,0,0,0,0,0,0,0,0,0,0,0,0,0,0,0,0,0,0
3.7458159923553467,0.0,0.0,0.0,-0.0008068680763244629,-0.00017508864402770996,0.0,0.0,0.5815456509590149,-0.1257518231868744,0.03,0,0,0,0,0,0,0,0,0,0,0,0,0,0,0,0,0,0,0,0,0
3.7472779750823975,0.0,0.0,0.0,-0.0008068680763244629,-0.00017508864402770996,0.0,0.0,0.5815456509590149,-0.1257518231868744,0.03,0,0,0,0,0,0,0,0,0,0,0,0,0,0,0,0,0,0,0,0,0
3.7493138313293457,0.0,0.0,0.0,-0.0008507370948791504,-0.00018450617790222168,0.0,0.0,0.6766530275344849,-0.14040574431419373,0.03,0,0,0,0,0,0,0,0,0,0,0,0,0,0,0,0,0,0,0,0,0
3.752113103866577,0.0,0.0,0.0,-0.0008044242858886719,-0.00018346309661865234,0.0,0.0,0.5756126046180725,-0.13583911955356598,0.03,0,0,0,0,0,0,0,0,0,0,0,0,0,0,0,0,0,0,0,0,0
3.75411319732666,0.0,0.0,0.0,-0.0008193254470825195,-0.00019121170043945312,0.0,0.0,0.6169402599334717,-0.14387159049510956,0.03,0,0,0,0,0,0,0,0,0,0,0,0,0,0,0,0,0,0,0,0,0
3.7555091381073,0.0,0.0,0.0,-0.0008146762847900391,-0.00018393993377685547,0.0,0.0,0.6005834341049194,-0.16553108394145966,0.03,0,0,0,0,0,0,0,0,0,0,0,0,0,0,0,0,0,0,0,0,0
3.7574117183685303,0.0,0.0,0.0,-0.0008146762847900391,-0.00018393993377685547,0.0,0.0,0.6005834341049194,-0.16553108394145966,0.03,0,0,0,0,0,0,0,0,0,0,0,0,0,0,0,0,0,0,0,0,0
3.758875846862793,0.0,0.0,0.0,-0.0008172392845153809,-0.00018513202667236328,0.0,0.0,0.5703310370445251,-0.12893745303153992,0.03,0,0,0,0,0,0,0,0,0,0,0,0,0,0,0,0,0,0,0,0,0
3.760211944580078,0.0,0.0,0.0,-0.000830233097076416,-0.00018343329429626465,0.0,0.0,0.6272500157356262,-0.13278789818286896,0.03,0,0,0,0,0,0,0,0,0,0,0,0,0,0,0,0,0,0,0,0,0
3.761444568634033,0.0,0.0,0.0,-0.000830233097076416,-0.00018343329429626465,0.0,0.0,0.6272500157356262,-0.13278789818286896,0.03,0,0,0,0,0,0,0,0,0,0,0,0,0,0,0,0,0,0,0,0,0
3.762655258178711,0.0,0.0,0.0,-0.000830233097076416,-0.00018343329429626465,0.0,0.0,0.6272500157356262,-0.13278789818286896,0.03,0,0,0,0,0,0,0,0,0,0,0,0,0,0,0,0,0,0,0,0,0
3.7637665271759033,0.0,0.0,0.0,-0.000830233097076416,-0.00018343329429626465,0.0,0.0,0.6272500157356262,-0.13278789818286896,0.03,0,0,0,0,0,0,0,0,0,0,0,0,0,0,0,0,0,0,0,0,0
3.7649848461151123,0.0,0.0,0.0,-0.000830233097076416,-0.00018343329429626465,0.0,0.0,0.6272500157356262,-0.13278789818286896,0.03,0,0,0,0,0,0,0,0,0,0,0,0,0,0,0,0,0,0,0,0,0
3.7660770416259766,0.0,0.0,0.0,-0.000830233097076416,-0.00018343329429626465,0.0,0.0,0.6272500157356262,-0.13278789818286896,0.03,0,0,0,0,0,0,0,0,0,0,0,0,0,0,0,0,0,0,0,0,0
3.7676258087158203,0.0,0.0,0.0,-0.000830233097076416,-0.00018343329429626465,0.0,0.0,0.6272500157356262,-0.13278789818286896,0.03,0,0,0,0,0,0,0,0,0,0,0,0,0,0,0,0,0,0,0,0,0
3.7687463760375977,0.0,0.0,0.0,-0.000804603099822998,-0.00018355250358581543,0.0,0.0,0.5628713369369507,-0.1336507648229599,0.03,0,0,0,0,0,0,0,0,0,0,0,0,0,0,0,0,0,0,0,0,0
3.772472620010376,0.0,0.0,0.0,-0.0007998943328857422,-0.00018355250358581543,0.0,0.0,0.5656172037124634,-0.13376016914844513,0.03,0,0,0,0,0,0,0,0,0,0,0,0,0,0,0,0,0,0,0,0,0
3.773916721343994,0.0,0.0,0.0,-0.0008003711700439453,-0.00018355250358581543,0.0,0.0,0.576273500919342,-0.13386957347393036,0.03,0,0,0,0,0,0,0,0,0,0,0,0,0,0,0,0,0,0,0,0,0
3.7756314277648926,0.0,0.0,0.0,-0.0008019208908081055,-0.00018483400344848633,0.0,0.0,0.5875952243804932,-0.12514035403728485,0.03,0,0,0,0,0,0,0,0,0,0,0,0,0,0,0,0,0,0,0,0,0
3.7768285274505615,0.0,0.0,0.0,-0.0008023381233215332,-0.00018328428268432617,0.0,0.0,0.5946580171585083,-0.1274866759777069,0.03,0,0,0,0,0,0,0,0,0,0,0,0,0,0,0,0,0,0,0,0,0
3.7779364585876465,0.0,0.0,0.0,-0.0008023381233215332,-0.00018328428268432617,0.0,0.0,0.5946580171585083,-0.1274866759777069,0.03,0,0,0,0,0,0,0,0,0,0,0,0,0,0,0,0,0,0,0,0,0
3.779003858566284,0.0,0.0,0.0,-0.0007908940315246582,-0.00019311904907226562,0.0,0.0,0.5738778114318848,-0.15372233092784882,0.03,0,0,0,0,0,0,0,0,0,0,0,0,0,0,0,0,0,0,0,0,0
3.7802274227142334,0.0,0.0,0.0,-0.0008028149604797363,-0.00014525651931762695,0.0,0.0,0.5971353650093079,-0.04986872524023056,0.03,0,0,0,0,0,0,0,0,0,0,0,0,0,0,0,0,0,0,0,0,0
3.7813165187835693,0.0,0.0,0.0,-0.0008103847503662109,-7.963180541992188e-05,0.0,0.0,0.5915610790252686,0.01910499669611454,0.03,0,0,0,0,0,0,0,0,0,0,0,0,0,0,0,0,0,0,0,0,0
3.7827372550964355,0.0,0.0,0.0,-0.0008103847503662109,-7.963180541992188e-05,0.0,0.0,0.5915610790252686,0.01910499669611454,0.03,0,0,0,0,0,0,0,0,0,0,0,0,0,0,0,0,0,0,0,0,0
3.7838289737701416,0.0,0.0,0.0,-0.0008044242858886719,-6.097555160522461e-05,0.0,0.0,0.5782812833786011,0.025528928264975548,0.03,0,0,0,0,0,0,0,0,0,0,0,0,0,0,0,0,0,0,0,0,0
3.785362482070923,0.0,0.0,0.0,-0.0008133649826049805,-5.474686622619629e-05,0.0,0.0,0.5994070768356323,0.008128749206662178,0.03,0,0,0,0,0,0,0,0,0,0,0,0,0,0,0,0,0,0,0,0,0
3.7864456176757812,0.0,0.0,0.0,-0.0008133649826049805,-5.474686622619629e-05,0.0,0.0,0.5994070768356323,0.008128749206662178,0.03,0,0,0,0,0,0,0,0,0,0,0,0,0,0,0,0,0,0,0,0,0
3.787714719772339,0.0,0.0,0.0,-0.0008133649826049805,-5.474686622619629e-05,0.0,0.0,0.5994070768356323,0.008128749206662178,0.03,0,0,0,0,0,0,0,0,0,0,0,0,0,0,0,0,0,0,0,0,0
3.7893669605255127,0.0,0.0,0.0,-0.0008133649826049805,-5.474686622619629e-05,0.0,0.0,0.5994070768356323,0.008128749206662178,0.03,0,0,0,0,0,0,0,0,0,0,0,0,0,0,0,0,0,0,0,0,0
3.7913990020751953,0.0,0.0,0.0,-0.0008017420768737793,-2.8878450393676758e-05,0.0,0.0,0.5730540752410889,0.057452961802482605,0.03,0,0,0,0,0,0,0,0,0,0,0,0,0,0,0,0,0,0,0,0,0
3.792543411254883,0.0,0.0,0.0,-0.0008018612861633301,-6.213784217834473e-05,0.0,0.0,0.5889503359794617,-0.05301489308476448,0.03,0,0,0,0,0,0,0,0,0,0,0,0,0,0,0,0,0,0,0,0,0
3.7937231063842773,0.0,0.0,0.0,-0.0008018612861633301,-6.213784217834473e-05,0.0,0.0,0.5889503359794617,-0.05301489308476448,0.03,0,0,0,0,0,0,0,0,0,0,0,0,0,0,0,0,0,0,0,0,0
3.7948153018951416,0.0,0.0,0.0,-0.0008018612861633301,-6.213784217834473e-05,0.0,0.0,0.5889503359794617,-0.05301489308476448,0.03,0,0,0,0,0,0,0,0,0,0,0,0,0,0,0,0,0,0,0,0,0
3.7961835861206055,0.0,0.0,0.0,-0.0008018612861633301,-6.213784217834473e-05,0.0,0.0,0.5889503359794617,-0.05301489308476448,0.03,0,0,0,0,0,0,0,0,0,0,0,0,0,0,0,0,0,0,0,0,0
3.797314405441284,0.0,0.0,0.0,-0.0008018612861633301,-6.213784217834473e-05,0.0,0.0,0.5889503359794617,-0.05301489308476448,0.03,0,0,0,0,0,0,0,0,0,0,0,0,0,0,0,0,0,0,0,0,0
3.799804925918579,0.0,0.0,0.0,-0.0008018612861633301,-6.213784217834473e-05,0.0,0.0,0.5889503359794617,-0.05301489308476448,0.03,0,0,0,0,0,0,0,0,0,0,0,0,0,0,0,0,0,0,0,0,0
3.8049097061157227,0.0,0.0,0.0,-0.0008006691932678223,-7.620453834533691e-05,0.0,0.0,0.5950212478637695,-0.0439145565032959,0.03,0,0,0,0,0,0,0,0,0,0,0,0,0,0,0,0,0,0,0,0,0
3.806150197982788,0.0,0.0,0.0,-0.0008025765419006348,-7.137656211853027e-05,0.0,0.0,0.5973981618881226,-0.036625225096940994,0.03,0,0,0,0,0,0,0,0,0,0,0,0,0,0,0,0,0,0,0,0,0
3.8073952198028564,0.0,0.0,0.0,-0.0008025765419006348,-7.137656211853027e-05,0.0,0.0,0.5973981618881226,-0.036625225096940994,0.03,0,0,0,0,0,0,0,0,0,0,0,0,0,0,0,0,0,0,0,0,0
3.8094563484191895,0.0,0.0,0.0,-0.0008025765419006348,-7.137656211853027e-05,0.0,0.0,0.5973981618881226,-0.036625225096940994,0.03,0,0,0,0,0,0,0,0,0,0,0,0,0,0,0,0,0,0,0,0,0
3.810944080352783,0.0,0.0,0.0,-0.0008025765419006348,-7.137656211853027e-05,0.0,0.0,0.5973981618881226,-0.036625225096940994,0.03,0,0,0,0,0,0,0,0,0,0,0,0,0,0,0,0,0,0,0,0,0
3.8120226860046387,0.0,0.0,0.0,-0.0008025765419006348,-7.137656211853027e-05,0.0,0.0,0.5973981618881226,-0.036625225096940994,0.03,0,0,0,0,0,0,0,0,0,0,0,0,0,0,0,0,0,0,0,0,0
3.8133692741394043,0.0,0.0,0.0,-0.0008025765419006348,-7.137656211853027e-05,0.0,0.0,0.5973981618881226,-0.036625225096940994,0.03,0,0,0,0,0,0,0,0,0,0,0,0,0,0,0,0,0,0,0,0,0
3.8153955936431885,0.0,0.0,0.0,-0.0008025765419006348,-7.137656211853027e-05,0.0,0.0,0.5973981618881226,-0.036625225096940994,0.03,0,0,0,0,0,0,0,0,0,0,0,0,0,0,0,0,0,0,0,0,0
3.8166158199310303,0.0,0.0,0.0,-0.0008069276809692383,-6.198883056640625e-05,0.0,0.0,0.5894314646720886,-0.04565037414431572,0.03,0,0,0,0,0,0,0,0,0,0,0,0,0,0,0,0,0,0,0,0,0
3.81782603263855,0.0,0.0,0.0,-0.0008014440536499023,-6.237626075744629e-05,0.0,0.0,0.5940656661987305,-0.07362395524978638,0.03,0,0,0,0,0,0,0,0,0,0,0,0,0,0,0,0,0,0,0,0,0
3.818911552429199,0.0,0.0,0.0,-0.0008025169372558594,-7.548928260803223e-05,0.0,0.0,0.5951537489891052,-0.04166066274046898,0.03,0,0,0,0,0,0,0,0,0,0,0,0,0,0,0,0,0,0,0,0,0
3.8202147483825684,0.0,0.0,0.0,-0.0008025169372558594,-7.548928260803223e-05,0.0,0.0,0.5951537489891052,-0.04166066274046898,0.03,0,0,0,0,0,0,0,0,0,0,0,0,0,0,0,0,0,0,0,0,0
3.8220620155334473,0.0,0.0,0.0,-0.0008025169372558594,-7.548928260803223e-05,0.0,0.0,0.5951537489891052,-0.04166066274046898,0.03,0,0,0,0,0,0,0,0,0,0,0,0,0,0,0,0,0,0,0,0,0
3.823855400085449,0.0,0.0,0.0,-0.0008025169372558594,-7.548928260803223e-05,0.0,0.0,0.5951537489891052,-0.04166066274046898,0.03,0,0,0,0,0,0,0,0,0,0,0,0,0,0,0,0,0,0,0,0,0
3.82574725151062,0.0,0.0,0.0,-0.0008025169372558594,-7.548928260803223e-05,0.0,0.0,0.5951537489891052,-0.04166066274046898,0.03,0,0,0,0,0,0,0,0,0,0,0,0,0,0,0,0,0,0,0,0,0
3.8290767669677734,0.0,0.0,0.0,-0.0008025169372558594,-7.548928260803223e-05,0.0,0.0,0.5951537489891052,-0.04166066274046898,0.03,0,0,0,0,0,0,0,0,0,0,0,0,0,0,0,0,0,0,0,0,0
3.8302812576293945,0.0,0.0,0.0,-0.0008025169372558594,-7.548928260803223e-05,0.0,0.0,0.5951537489891052,-0.04166066274046898,0.03,0,0,0,0,0,0,0,0,0,0,0,0,0,0,0,0,0,0,0,0,0
3.831705093383789,0.0,0.0,0.0,-0.0008025169372558594,-7.548928260803223e-05,0.0,0.0,0.5951537489891052,-0.04166066274046898,0.03,0,0,0,0,0,0,0,0,0,0,0,0,0,0,0,0,0,0,0,0,0
3.8330750465393066,0.0,0.0,0.0,-0.0008025169372558594,-7.548928260803223e-05,0.0,0.0,0.5951537489891052,-0.04166066274046898,0.03,0,0,0,0,0,0,0,0,0,0,0,0,0,0,0,0,0,0,0,0,0
3.8342199325561523,0.0,0.0,0.0,-0.0008025169372558594,-7.548928260803223e-05,0.0,0.0,0.5951537489891052,-0.04166066274046898,0.03,0,0,0,0,0,0,0,0,0,0,0,0,0,0,0,0,0,0,0,0,0
3.835895538330078,0.0,0.0,0.0,-0.0008025169372558594,-7.548928260803223e-05,0.0,0.0,0.5951537489891052,-0.04166066274046898,0.03,0,0,0,0,0,0,0,0,0,0,0,0,0,0,0,0,0,0,0,0,0
3.8370416164398193,0.0,0.0,0.0,-0.0008025169372558594,-7.548928260803223e-05,0.0,0.0,0.5951537489891052,-0.04166066274046898,0.03,0,0,0,0,0,0,0,0,0,0,0,0,0,0,0,0,0,0,0,0,0
3.838203191757202,0.0,0.0,0.0,-0.0008025169372558594,-7.548928260803223e-05,0.0,0.0,0.5951537489891052,-0.04166066274046898,0.03,0,0,0,0,0,0,0,0,0,0,0,0,0,0,0,0,0,0,0,0,0
3.8400425910949707,0.0,0.0,0.0,-0.0008025169372558594,-7.548928260803223e-05,0.0,0.0,0.5951537489891052,-0.04166066274046898,0.03,0,0,0,0,0,0,0,0,0,0,0,0,0,0,0,0,0,0,0,0,0
3.8411295413970947,0.0,0.0,0.0,-0.0008025169372558594,-7.548928260803223e-05,0.0,0.0,0.5951537489891052,-0.04166066274046898,0.03,0,0,0,0,0,0,0,0,0,0,0,0,0,0,0,0,0,0,0,0,0
3.8423378467559814,0.0,0.0,0.0,-0.0008025169372558594,-7.548928260803223e-05,0.0,0.0,0.5951537489891052,-0.04166066274046898,0.03,0,0,0,0,0,0,0,0,0,0,0,0,0,0,0,0,0,0,0,0,0
3.843599796295166,0.0,0.0,0.0,-0.0008025169372558594,-7.548928260803223e-05,0.0,0.0,0.5951537489891052,-0.04166066274046898,0.03,0,0,0,0,0,0,0,0,0,0,0,0,0,0,0,0,0,0,0,0,0
3.84480881690979,0.0,0.0,0.0,-0.0008025169372558594,-7.548928260803223e-05,0.0,0.0,0.5951537489891052,-0.04166066274046898,0.03,0,0,0,0,0,0,0,0,0,0,0,0,0,0,0,0,0,0,0,0,0
3.845902919769287,0.0,0.0,0.0,-0.0008025169372558594,-7.548928260803223e-05,0.0,0.0,0.5951537489891052,-0.04166066274046898,0.03,0,0,0,0,0,0,0,0,0,0,0,0,0,0,0,0,0,0,0,0,0
3.847264289855957,0.0,0.0,0.0,-0.0008025169372558594,-7.548928260803223e-05,0.0,0.0,0.5951537489891052,-0.04166066274046898,0.03,0,0,0,0,0,0,0,0,0,0,0,0,0,0,0,0,0,0,0,0,0
3.849515676498413,0.0,0.0,0.0,-0.0008025169372558594,-5.969405174255371e-05,0.0,0.0,0.5942733287811279,-0.027225039899349213,0.03,0,0,0,0,0,0,0,0,0,0,0,0,0,0,0,0,0,0,0,0,0
3.8510348796844482,0.0,0.0,0.0,-0.0008023381233215332,-5.7756900787353516e-05,0.0,0.0,0.5927286744117737,-0.06626789271831512,0.03,0,0,0,0,0,0,0,0,0,0,0,0,0,0,0,0,0,0,0,0,0
3.8523948192596436,0.0,0.0,0.0,-0.0008023381233215332,-6.67572021484375e-05,0.0,0.0,0.5925433039665222,-0.05233963951468468,0.03,0,0,0,0,0,0,0,0,0,0,0,0,0,0,0,0,0,0,0,0,0
3.8534557819366455,0.0,0.0,0.0,-0.0008005499839782715,-9.807944297790527e-05,0.0,0.0,0.5922101736068726,-0.11255500465631485,0.03,0,0,0,0,0,0,0,0,0,0,0,0,0,0,0,0,0,0,0,0,0
3.856818199157715,0.0,0.0,0.0,-0.0008023381233215332,-8.419156074523926e-05,0.0,0.0,0.5956507921218872,-0.042610857635736465,0.03,0,0,0,0,0,0,0,0,0,0,0,0,0,0,0,0,0,0,0,0,0
3.858227014541626,0.0,0.0,0.0,-0.0008025169372558594,-7.304549217224121e-05,0.0,0.0,0.5952370166778564,-0.0929768905043602,0.03,0,0,0,0,0,0,0,0,0,0,0,0,0,0,0,0,0,0,0,0,0
3.859527587890625,0.0,0.0,0.0,-0.0008025169372558594,-7.304549217224121e-05,0.0,0.0,0.5952370166778564,-0.0929768905043602,0.03,0,0,0,0,0,0,0,0,0,0,0,0,0,0,0,0,0,0,0,0,0
3.8608627319335938,0.0,0.0,0.0,-0.0008025169372558594,-7.304549217224121e-05,0.0,0.0,0.5952370166778564,-0.0929768905043602,0.03,0,0,0,0,0,0,0,0,0,0,0,0,0,0,0,0,0,0,0,0,0
3.8635752201080322,0.0,0.0,0.0,-0.0008025169372558594,-7.304549217224121e-05,0.0,0.0,0.5952370166778564,-0.0929768905043602,0.03,0,0,0,0,0,0,0,0,0,0,0,0,0,0,0,0,0,0,0,0,0
3.864729881286621,0.0,0.0,0.0,-0.0008025169372558594,-7.304549217224121e-05,0.0,0.0,0.5952370166778564,-0.0929768905043602,0.03,0,0,0,0,0,0,0,0,0,0,0,0,0,0,0,0,0,0,0,0,0
3.8658344745635986,0.0,0.0,0.0,-0.0008025169372558594,-7.304549217224121e-05,0.0,0.0,0.5952370166778564,-0.0929768905043602,0.03,0,0,0,0,0,0,0,0,0,0,0,0,0,0,0,0,0,0,0,0,0
3.8671019077301025,0.0,0.0,0.0,-0.0008025169372558594,-7.304549217224121e-05,0.0,0.0,0.5952370166778564,-0.0929768905043602,0.03,0,0,0,0,0,0,0,0,0,0,0,0,0,0,0,0,0,0,0,0,0
3.868473768234253,0.0,0.0,0.0,-0.0008025169372558594,-7.304549217224121e-05,0.0,0.0,0.5952370166778564,-0.0929768905043602,0.03,0,0,0,0,0,0,0,0,0,0,0,0,0,0,0,0,0,0,0,0,0
3.869600296020508,0.0,0.0,0.0,-0.0008025169372558594,-7.304549217224121e-05,0.0,0.0,0.5952370166778564,-0.0929768905043602,0.03,0,0,0,0,0,0,0,0,0,0,0,0,0,0,0,0,0,0,0,0,0
3.8708014488220215,0.0,0.0,0.0,-0.0008025169372558594,-7.304549217224121e-05,0.0,0.0,0.5952370166778564,-0.0929768905043602,0.03,0,0,0,0,0,0,0,0,0,0,0,0,0,0,0,0,0,0,0,0,0
3.871927499771118,0.0,0.0,0.0,-0.0008025169372558594,-7.304549217224121e-05,0.0,0.0,0.5952370166778564,-0.0929768905043602,0.03,0,0,0,0,0,0,0,0,0,0,0,0,0,0,0,0,0,0,0,0,0
3.873051404953003,0.0,0.0,0.0,-0.0008025169372558594,-7.304549217224121e-05,0.0,0.0,0.5952370166778564,-0.0929768905043602,0.03,0,0,0,0,0,0,0,0,0,0,0,0,0,0,0,0,0,0,0,0,0
3.8743503093719482,0.0,0.0,0.0,-0.0008025169372558594,-7.304549217224121e-05,0.0,0.0,0.5952370166778564,-0.0929768905043602,0.03,0,0,0,0,0,0,0,0,0,0,0,0,0,0,0,0,0,0,0,0,0
3.875948429107666,0.0,0.0,0.0,-0.0008182525634765625,-0.0001150965690612793,0.0,0.0,0.6200767755508423,-0.11653387546539307,0.03,0,0,0,0,0,0,0,0,0,0,0,0,0,0,0,0,0,0,0,0,0
3.8772547245025635,0.0,0.0,0.0,-0.0008015036582946777,-0.00012567639350891113,0.0,0.0,0.5842143893241882,-0.0012119190068915486,0.03,0,0,0,0,0,0,0,0,0,0,0,0,0,0,0,0,0,0,0,0,0
3.880838394165039,0.0,0.0,0.0,-0.0008022189140319824,-7.674098014831543e-05,0.0,0.0,0.5933644771575928,-0.0863368958234787,0.03,0,0,0,0,0,0,0,0,0,0,0,0,0,0,0,0,0,0,0,0,0
3.883427858352661,0.0,0.0,0.0,-0.000797271728515625,-6.35385513305664e-05,0.0,0.0,0.5794649720191956,-0.04885609447956085,0.03,0,0,0,0,0,0,0,0,0,0,0,0,0,0,0,0,0,0,0,0,0
3.885131359100342,0.0,0.0,0.0,-0.0008022189140319824,-6.496906280517578e-05,0.0,0.0,0.5945990681648254,-0.055576141923666,0.03,0,0,0,0,0,0,0,0,0,0,0,0,0,0,0,0,0,0,0,0,0
3.8862388134002686,0.0,0.0,0.0,-0.0008023381233215332,-8.13901424407959e-05,0.0,0.0,0.5943901538848877,-0.07106508314609528,0.03,0,0,0,0,0,0,0,0,0,0,0,0,0,0,0,0,0,0,0,0,0
3.887535333633423,0.0,0.0,0.0,-0.0008023381233215332,-8.13901424407959e-05,0.0,0.0,0.5943901538848877,-0.07106508314609528,0.03,0,0,0,0,0,0,0,0,0,0,0,0,0,0,0,0,0,0,0,0,0
3.889247179031372,0.0,0.0,0.0,-0.0008023381233215332,-8.13901424407959e-05,0.0,0.0,0.5943901538848877,-0.07106508314609528,0.03,0,0,0,0,0,0,0,0,0,0,0,0,0,0,0,0,0,0,0,0,0
3.891817808151245,0.0,0.0,0.0,-0.0007557272911071777,-6.160140037536621e-05,0.0,0.0,0.5069130063056946,-0.049024347215890884,0.03,0,0,0,0,0,0,0,0,0,0,0,0,0,0,0,0,0,0,0,0,0
3.8932087421417236,0.0,0.0,0.0,-0.0008043646812438965,-6.154179573059082e-05,0.0,0.0,0.6105009913444519,-0.04858006536960602,0.03,0,0,0,0,0,0,0,0,0,0,0,0,0,0,0,0,0,0,0,0,0
3.894270658493042,0.0,0.0,0.0,-0.0008043646812438965,-6.154179573059082e-05,0.0,0.0,0.6105009913444519,-0.04858006536960602,0.03,0,0,0,0,0,0,0,0,0,0,0,0,0,0,0,0,0,0,0,0,0
3.8958218097686768,0.0,0.0,0.0,-0.0008043646812438965,-6.154179573059082e-05,0.0,0.0,0.6105009913444519,-0.04858006536960602,0.03,0,0,0,0,0,0,0,0,0,0,0,0,0,0,0,0,0,0,0,0,0
3.897526264190674,0.0,0.0,0.0,-0.0008043646812438965,-6.154179573059082e-05,0.0,0.0,0.6105009913444519,-0.04858006536960602,0.03,0,0,0,0,0,0,0,0,0,0,0,0,0,0,0,0,0,0,0,0,0
3.8985953330993652,0.0,0.0,0.0,-0.0008043646812438965,-6.154179573059082e-05,0.0,0.0,0.6105009913444519,-0.04858006536960602,0.03,0,0,0,0,0,0,0,0,0,0,0,0,0,0,0,0,0,0,0,0,0
3.9022974967956543,0.0,0.0,0.0,-0.0008034706115722656,-6.154179573059082e-05,0.0,0.0,0.6026232242584229,-0.04847745597362518,0.03,0,0,0,0,0,0,0,0,0,0,0,0,0,0,0,0,0,0,0,0,0
3.9035046100616455,0.0,0.0,0.0,-0.00080108642578125,-6.216764450073242e-05,0.0,0.0,0.5814264416694641,-0.05317675694823265,0.03,0,0,0,0,0,0,0,0,0,0,0,0,0,0,0,0,0,0,0,0,0
3.905452013015747,0.0,0.0,0.0,-0.00080108642578125,-6.216764450073242e-05,0.0,0.0,0.5814264416694641,-0.05317675694823265,0.03,0,0,0,0,0,0,0,0,0,0,0,0,0,0,0,0,0,0,0,0,0
3.908644676208496,0.0,0.0,0.0,-0.00080108642578125,-6.216764450073242e-05,0.0,0.0,0.5814264416694641,-0.05317675694823265,0.03,0,0,0,0,0,0,0,0,0,0,0,0,0,0,0,0,0,0,0,0,0
3.9101431369781494,0.0,0.0,0.0,-0.00080108642578125,-6.216764450073242e-05,0.0,0.0,0.5814264416694641,-0.05317675694823265,0.03,0,0,0,0,0,0,0,0,0,0,0,0,0,0,0,0,0,0,0,0,0
3.9118974208831787,0.0,0.0,0.0,-0.00080108642578125,-6.216764450073242e-05,0.0,0.0,0.5814264416694641,-0.05317675694823265,0.03,0,0,0,0,0,0,0,0,0,0,0,0,0,0,0,0,0,0,0,0,0
3.9135773181915283,0.0,0.0,0.0,-0.00080108642578125,-6.216764450073242e-05,0.0,0.0,0.5814264416694641,-0.05317675694823265,0.03,0,0,0,0,0,0,0,0,0,0,0,0,0,0,0,0,0,0,0,0,0
3.9155964851379395,0.0,0.0,0.0,-0.00080108642578125,-6.216764450073242e-05,0.0,0.0,0.5814264416694641,-0.05317675694823265,0.03,0,0,0,0,0,0,0,0,0,0,0,0,0,0,0,0,0,0,0,0,0
3.9168803691864014,0.0,0.0,0.0,-0.00080108642578125,-6.216764450073242e-05,0.0,0.0,0.5814264416694641,-0.05317675694823265,0.03,0,0,0,0,0,0,0,0,0,0,0,0,0,0,0,0,0,0,0,0,0
3.9181389808654785,0.0,0.0,0.0,-0.00080108642578125,-6.216764450073242e-05,0.0,0.0,0.5814264416694641,-0.05317675694823265,0.03,0,0,0,0,0,0,0,0,0,0,0,0,0,0,0,0,0,0,0,0,0
3.919247627258301,0.0,0.0,0.0,-0.00080108642578125,-6.216764450073242e-05,0.0,0.0,0.5814264416694641,-0.05317675694823265,0.03,0,0,0,0,0,0,0,0,0,0,0,0,0,0,0,0,0,0,0,0,0
3.9207894802093506,0.0,0.0,0.0,-0.00080108642578125,-6.216764450073242e-05,0.0,0.0,0.5814264416694641,-0.05317675694823265,0.03,0,0,0,0,0,0,0,0,0,0,0,0,0,0,0,0,0,0,0,0,0
3.922001600265503,0.0,0.0,0.0,-0.0008030533790588379,-6.172060966491699e-05,0.0,0.0,0.598163366317749,-0.0069209253415465355,0.03,0,0,0,0,0,0,0,0,0,0,0,0,0,0,0,0,0,0,0,0,0
3.92307710647583,0.0,0.0,0.0,-0.0008222460746765137,-6.219744682312012e-05,0.0,0.0,0.6262946128845215,-0.053824495524168015,0.03,0,0,0,0,0,0,0,0,0,0,0,0,0,0,0,0,0,0,0,0,0
3.925374746322632,0.0,0.0,0.0,-0.0008222460746765137,-6.219744682312012e-05,0.0,0.0,0.6262946128845215,-0.053824495524168015,0.03,0,0,0,0,0,0,0,0,0,0,0,0,0,0,0,0,0,0,0,0,0
3.927182912826538,0.0,0.0,0.0,-0.0008222460746765137,-6.219744682312012e-05,0.0,0.0,0.6262946128845215,-0.053824495524168015,0.03,0,0,0,0,0,0,0,0,0,0,0,0,0,0,0,0,0,0,0,0,0
3.928959846496582,0.0,0.0,0.0,-0.0007967352867126465,-8.153915405273438e-05,0.0,0.0,0.582266092300415,-0.025375157594680786,0.03,0,0,0,0,0,0,0,0,0,0,0,0,0,0,0,0,0,0,0,0,0
3.9306800365448,0.0,0.0,0.0,-0.0008023381233215332,-7.551908493041992e-05,0.0,0.0,0.5963791608810425,-0.10113959014415741,0.03,0,0,0,0,0,0,0,0,0,0,0,0,0,0,0,0,0,0,0,0,0
3.932643175125122,0.0,0.0,0.0,-0.0008023381233215332,-7.551908493041992e-05,0.0,0.0,0.5963791608810425,-0.10113959014415741,0.03,0,0,0,0,0,0,0,0,0,0,0,0,0,0,0,0,0,0,0,0,0
3.9337830543518066,0.0,0.0,0.0,-0.0008023381233215332,-7.551908493041992e-05,0.0,0.0,0.5963791608810425,-0.10113959014415741,0.03,0,0,0,0,0,0,0,0,0,0,0,0,0,0,0,0,0,0,0,0,0
3.9349918365478516,0.0,0.0,0.0,-0.0008023381233215332,-7.551908493041992e-05,0.0,0.0,0.5963791608810425,-0.10113959014415741,0.03,0,0,0,0,0,0,0,0,0,0,0,0,0,0,0,0,0,0,0,0,0
3.936662435531616,0.0,0.0,0.0,-0.0007979273796081543,-6.052851676940918e-05,0.0,0.0,0.5996046662330627,-0.04357227310538292,0.03,0,0,0,0,0,0,0,0,0,0,0,0,0,0,0,0,0,0,0,0,0
3.937750816345215,0.0,0.0,0.0,-0.0007979273796081543,-6.052851676940918e-05,0.0,0.0,0.5996046662330627,-0.04357227310538292,0.03,0,0,0,0,0,0,0,0,0,0,0,0,0,0,0,0,0,0,0,0,0
3.938894510269165,0.0,0.0,0.0,-0.0007979273796081543,-6.052851676940918e-05,0.0,0.0,0.5996046662330627,-0.04357227310538292,0.03,0,0,0,0,0,0,0,0,0,0,0,0,0,0,0,0,0,0,0,0,0
3.940112590789795,0.0,0.0,0.0,-0.0007979273796081543,-6.052851676940918e-05,0.0,0.0,0.5996046662330627,-0.04357227310538292,0.03,0,0,0,0,0,0,0,0,0,0,0,0,0,0,0,0,0,0,0,0,0
3.9412004947662354,0.0,0.0,0.0,-0.0007979273796081543,-6.052851676940918e-05,0.0,0.0,0.5996046662330627,-0.04357227310538292,0.03,0,0,0,0,0,0,0,0,0,0,0,0,0,0,0,0,0,0,0,0,0
3.9443893432617188,0.0,0.0,0.0,-0.0008187294006347656,-6.130337715148926e-05,0.0,0.0,0.6334994435310364,-0.050985049456357956,0.03,0,0,0,0,0,0,0,0,0,0,0,0,0,0,0,0,0,0,0,0,0
3.9461870193481445,0.0,0.0,0.0,-0.0008187294006347656,-6.130337715148926e-05,0.0,0.0,0.6334994435310364,-0.050985049456357956,0.03,0,0,0,0,0,0,0,0,0,0,0,0,0,0,0,0,0,0,0,0,0
3.949357748031616,0.0,0.0,0.0,-0.0008020401000976562,-6.16312026977539e-05,0.0,0.0,0.5905870199203491,-0.049433570355176926,0.03,0,0,0,0,0,0,0,0,0,0,0,0,0,0,0,0,0,0,0,0,0
3.9508771896362305,0.0,0.0,0.0,-0.0008020401000976562,-6.16312026977539e-05,0.0,0.0,0.5905870199203491,-0.049433570355176926,0.03,0,0,0,0,0,0,0,0,0,0,0,0,0,0,0,0,0,0,0,0,0
3.9523725509643555,0.0,0.0,0.0,-0.0008017420768737793,-6.631016731262207e-05,0.0,0.0,0.5967732071876526,-0.04306202381849289,0.03,0,0,0,0,0,0,0,0,0,0,0,0,0,0,0,0,0,0,0,0,0
3.953474283218384,0.0,0.0,0.0,-0.0007922649383544922,-6.091594696044922e-05,0.0,0.0,0.5837046504020691,-0.0444682240486145,0.03,0,0,0,0,0,0,0,0,0,0,0,0,0,0,0,0,0,0,0,0,0
3.954782485961914,0.0,0.0,0.0,-0.0007922649383544922,-6.091594696044922e-05,0.0,0.0,0.5837046504020691,-0.0444682240486145,0.03,0,0,0,0,0,0,0,0,0,0,0,0,0,0,0,0,0,0,0,0,0
3.9562783241271973,0.0,0.0,0.0,-0.0007905960083007812,-6.142258644104004e-05,0.0,0.0,0.6114442348480225,-0.04134750738739967,0.03,0,0,0,0,0,0,0,0,0,0,0,0,0,0,0,0,0,0,0,0,0
3.957563638687134,0.0,0.0,0.0,-0.0007905960083007812,-6.142258644104004e-05,0.0,0.0,0.6114442348480225,-0.04134750738739967,0.03,0,0,0,0,0,0,0,0,0,0,0,0,0,0,0,0,0,0,0,0,0
3.9601149559020996,0.0,0.0,0.0,-0.0007905960083007812,-6.142258644104004e-05,0.0,0.0,0.6114442348480225,-0.04134750738739967,0.03,0,0,0,0,0,0,0,0,0,0,0,0,0,0,0,0,0,0,0,0,0
3.9616947174072266,0.0,0.0,0.0,-0.0008016824722290039,-7.480382919311523e-05,0.0,0.0,0.6080887317657471,-0.03907429054379463,0.03,0,0,0,0,0,0,0,0,0,0,0,0,0,0,0,0,0,0,0,0,0
3.962811231613159,0.0,0.0,0.0,-0.0008016824722290039,-7.480382919311523e-05,0.0,0.0,0.6080887317657471,-0.03907429054379463,0.03,0,0,0,0,0,0,0,0,0,0,0,0,0,0,0,0,0,0,0,0,0
3.9644362926483154,0.0,0.0,0.0,-0.0008016824722290039,-7.480382919311523e-05,0.0,0.0,0.6080887317657471,-0.03907429054379463,0.03,0,0,0,0,0,0,0,0,0,0,0,0,0,0,0,0,0,0,0,0,0
3.965689182281494,0.0,0.0,0.0,-0.000800788402557373,-6.082653999328613e-05,0.0,0.0,0.606123149394989,-0.05075816810131073,0.03,0,0,0,0,0,0,0,0,0,0,0,0,0,0,0,0,0,0,0,0,0
3.967061996459961,0.0,0.0,0.0,-0.0008032321929931641,-5.4895877838134766e-05,0.0,0.0,0.6060019135475159,-0.08900978416204453,0.03,0,0,0,0,0,0,0,0,0,0,0,0,0,0,0,0,0,0,0,0,0
3.9682657718658447,0.0,0.0,0.0,-0.0008032321929931641,-5.4895877838134766e-05,0.0,0.0,0.6060019135475159,-0.08900978416204453,0.03,0,0,0,0,0,0,0,0,0,0,0,0,0,0,0,0,0,0,0,0,0
3.969367027282715,0.0,0.0,0.0,-0.0008032321929931641,-5.4895877838134766e-05,0.0,0.0,0.6060019135475159,-0.08900978416204453,0.03,0,0,0,0,0,0,0,0,0,0,0,0,0,0,0,0,0,0,0,0,0
3.9705255031585693,0.0,0.0,0.0,-0.0008026957511901855,-6.148219108581543e-05,0.0,0.0,0.5991281270980835,-0.050342708826065063,0.03,0,0,0,0,0,0,0,0,0,0,0,0,0,0,0,0,0,0,0,0,0
3.971613645553589,0.0,0.0,0.0,-0.0008026957511901855,-6.148219108581543e-05,0.0,0.0,0.5991281270980835,-0.050342708826065063,0.03,0,0,0,0,0,0,0,0,0,0,0,0,0,0,0,0,0,0,0,0,0
3.9731051921844482,0.0,0.0,0.0,-0.0008026957511901855,-6.148219108581543e-05,0.0,0.0,0.5991281270980835,-0.050342708826065063,0.03,0,0,0,0,0,0,0,0,0,0,0,0,0,0,0,0,0,0,0,0,0
3.974876880645752,0.0,0.0,0.0,-0.0008026957511901855,-6.148219108581543e-05,0.0,0.0,0.5991281270980835,-0.050342708826065063,0.03,0,0,0,0,0,0,0,0,0,0,0,0,0,0,0,0,0,0,0,0,0
3.976928949356079,0.0,0.0,0.0,-0.0008026957511901855,-6.148219108581543e-05,0.0,0.0,0.5991281270980835,-0.050342708826065063,0.03,0,0,0,0,0,0,0,0,0,0,0,0,0,0,0,0,0,0,0,0,0
3.978809118270874,0.0,0.0,0.0,-0.0008026957511901855,-6.148219108581543e-05,0.0,0.0,0.5991281270980835,-0.050342708826065063,0.03,0,0,0,0,0,0,0,0,0,0,0,0,0,0,0,0,0,0,0,0,0
3.981586217880249,0.0,0.0,0.0,-0.0007902383804321289,-3.978610038757324e-05,0.0,0.0,0.5890715718269348,-0.004107015207409859,0.03,0,0,0,0,0,0,0,0,0,0,0,0,0,0,0,0,0,0,0,0,0
3.9833788871765137,0.0,0.0,0.0,-0.0007913708686828613,-2.250075340270996e-05,0.0,0.0,0.6030633449554443,-0.03649117052555084,0.03,0,0,0,0,0,0,0,0,0,0,0,0,0,0,0,0,0,0,0,0,0
3.985320806503296,0.0,0.0,0.0,-0.0007913708686828613,-2.250075340270996e-05,0.0,0.0,0.6030633449554443,-0.03649117052555084,0.03,0,0,0,0,0,0,0,0,0,0,0,0,0,0,0,0,0,0,0,0,0
3.9864163398742676,0.0,0.0,0.0,-0.0008026361465454102,-6.330013275146484e-05,0.0,0.0,0.6012394428253174,-0.052065134048461914,0.03,0,0,0,0,0,0,0,0,0,0,0,0,0,0,0,0,0,0,0,0,0
3.9879112243652344,0.0,0.0,0.0,-0.0008026361465454102,-6.330013275146484e-05,0.0,0.0,0.6012394428253174,-0.052065134048461914,0.03,0,0,0,0,0,0,0,0,0,0,0,0,0,0,0,0,0,0,0,0,0
3.989664077758789,0.0,0.0,0.0,-0.0008022785186767578,-6.198883056640625e-05,0.0,0.0,0.601321816444397,-0.049640920013189316,0.03,0,0,0,0,0,0,0,0,0,0,0,0,0,0,0,0,0,0,0,0,0
3.9916176795959473,0.0,0.0,0.0,-0.0008022785186767578,-6.198883056640625e-05,0.0,0.0,0.601321816444397,-0.049640920013189316,0.03,0,0,0,0,0,0,0,0,0,0,0,0,0,0,0,0,0,0,0,0,0
3.993398666381836,0.0,0.0,0.0,-0.0008022785186767578,-6.198883056640625e-05,0.0,0.0,0.601321816444397,-0.049640920013189316,0.03,0,0,0,0,0,0,0,0,0,0,0,0,0,0,0,0,0,0,0,0,0
3.9944677352905273,0.0,0.0,0.0,-0.0008022785186767578,-6.198883056640625e-05,0.0,0.0,0.601321816444397,-0.049640920013189316,0.03,0,0,0,0,0,0,0,0,0,0,0,0,0,0,0,0,0,0,0,0,0
3.997365951538086,0.0,0.0,0.0,-0.0008022785186767578,-6.198883056640625e-05,0.0,0.0,0.601321816444397,-0.049640920013189316,0.03,0,0,0,0,0,0,0,0,0,0,0,0,0,0,0,0,0,0,0,0,0
3.9991462230682373,0.0,0.0,0.0,-0.0007741451263427734,-5.9038400650024414e-05,0.0,0.0,0.5649886131286621,-0.015475768595933914,0.03,0,0,0,0,0,0,0,0,0,0,0,0,0,0,0,0,0,0,0,0,0
4.0003883838653564,0.0,0.0,0.0,-0.0007846951484680176,-6.014108657836914e-05,0.0,0.0,0.5900051593780518,-0.030582839623093605,0.03,0,0,0,0,0,0,0,0,0,0,0,0,0,0,0,0,0,0,0,0,0
4.001980304718018,0.0,0.0,0.0,-0.0007846951484680176,-6.014108657836914e-05,0.0,0.0,0.5900051593780518,-0.030582839623093605,0.03,0,0,0,0,0,0,0,0,0,0,0,0,0,0,0,0,0,0,0,0,0
4.003104209899902,0.0,0.0,0.0,-0.0007788538932800293,-4.5925378799438477e-05,0.0,0.0,0.5623347163200378,-0.04438278451561928,0.03,0,0,0,0,0,0,0,0,0,0,0,0,0,0,0,0,0,0,0,0,0
4.004939079284668,0.0,0.0,0.0,-0.0007788538932800293,-4.5925378799438477e-05,0.0,0.0,0.5623347163200378,-0.04438278451561928,0.03,0,0,0,0,0,0,0,0,0,0,0,0,0,0,0,0,0,0,0,0,0
4.006909132003784,0.0,0.0,0.0,-0.0008007287979125977,-6.157159805297852e-05,0.0,0.0,0.6142930388450623,-0.047645002603530884,0.03,0,0,0,0,0,0,0,0,0,0,0,0,0,0,0,0,0,0,0,0,0
4.0080406665802,0.0,0.0,0.0,-0.0008007287979125977,-6.157159805297852e-05,0.0,0.0,0.6142930388450623,-0.047645002603530884,0.03,0,0,0,0,0,0,0,0,0,0,0,0,0,0,0,0,0,0,0,0,0
4.009479522705078,0.0,0.0,0.0,-0.0008007287979125977,-6.157159805297852e-05,0.0,0.0,0.6142930388450623,-0.047645002603530884,0.03,0,0,0,0,0,0,0,0,0,0,0,0,0,0,0,0,0,0,0,0,0
4.01092791557312,0.0,0.0,0.0,-0.0008007287979125977,-6.157159805297852e-05,0.0,0.0,0.6142930388450623,-0.047645002603530884,0.03,0,0,0,0,0,0,0,0,0,0,0,0,0,0,0,0,0,0,0,0,0
4.012806415557861,0.0,0.0,0.0,-0.0008007287979125977,-6.157159805297852e-05,0.0,0.0,0.6142930388450623,-0.047645002603530884,0.03,0,0,0,0,0,0,0,0,0,0,0,0,0,0,0,0,0,0,0,0,0
4.014801263809204,0.0,0.0,0.0,-0.0008007287979125977,-6.157159805297852e-05,0.0,0.0,0.6142930388450623,-0.047645002603530884,0.03,0,0,0,0,0,0,0,0,0,0,0,0,0,0,0,0,0,0,0,0,0
4.0159995555877686,0.0,0.0,0.0,-0.0008007287979125977,-6.157159805297852e-05,0.0,0.0,0.6142930388450623,-0.047645002603530884,0.03,0,0,0,0,0,0,0,0,0,0,0,0,0,0,0,0,0,0,0,0,0
4.0170934200286865,0.0,0.0,0.0,-0.0008007287979125977,-6.157159805297852e-05,0.0,0.0,0.6142930388450623,-0.047645002603530884,0.03,0,0,0,0,0,0,0,0,0,0,0,0,0,0,0,0,0,0,0,0,0
4.018153429031372,0.0,0.0,0.0,-0.0008007287979125977,-6.157159805297852e-05,0.0,0.0,0.6142930388450623,-0.047645002603530884,0.03,0,0,0,0,0,0,0,0,0,0,0,0,0,0,0,0,0,0,0,0,0
4.019293785095215,0.0,0.0,0.0,-0.0008007287979125977,-6.157159805297852e-05,0.0,0.0,0.6142930388450623,-0.047645002603530884,0.03,0,0,0,0,0,0,0,0,0,0,0,0,0,0,0,0,0,0,0,0,0
4.020390033721924,0.0,0.0,0.0,-0.0008007287979125977,-6.157159805297852e-05,0.0,0.0,0.6142930388450623,-0.047645002603530884,0.03,0,0,0,0,0,0,0,0,0,0,0,0,0,0,0,0,0,0,0,0,0
4.021596670150757,0.0,0.0,0.0,-0.0008007287979125977,-6.157159805297852e-05,0.0,0.0,0.6142930388450623,-0.047645002603530884,0.03,0,0,0,0,0,0,0,0,0,0,0,0,0,0,0,0,0,0,0,0,0
4.022793292999268,0.0,0.0,0.0,-0.0008007287979125977,-6.157159805297852e-05,0.0,0.0,0.6142930388450623,-0.047645002603530884,0.03,0,0,0,0,0,0,0,0,0,0,0,0,0,0,0,0,0,0,0,0,0
4.024036645889282,0.0,0.0,0.0,-0.0008007287979125977,-6.157159805297852e-05,0.0,0.0,0.6142930388450623,-0.047645002603530884,0.03,0,0,0,0,0,0,0,0,0,0,0,0,0,0,0,0,0,0,0,0,0
4.025099515914917,0.0,0.0,0.0,-0.0008007287979125977,-6.157159805297852e-05,0.0,0.0,0.6142930388450623,-0.047645002603530884,0.03,0,0,0,0,0,0,0,0,0,0,0,0,0,0,0,0,0,0,0,0,0
4.026616096496582,0.0,0.0,0.0,-0.0008007287979125977,-6.157159805297852e-05,0.0,0.0,0.6142930388450623,-0.047645002603530884,0.03,0,0,0,0,0,0,0,0,0,0,0,0,0,0,0,0,0,0,0,0,0
4.028433799743652,0.0,0.0,0.0,-0.0008007287979125977,-6.157159805297852e-05,0.0,0.0,0.6142930388450623,-0.047645002603530884,0.03,0,0,0,0,0,0,0,0,0,0,0,0,0,0,0,0,0,0,0,0,0
4.030368328094482,0.0,0.0,0.0,-0.0008007287979125977,-6.157159805297852e-05,0.0,0.0,0.6142930388450623,-0.047645002603530884,0.03,0,0,0,0,0,0,0,0,0,0,0,0,0,0,0,0,0,0,0,0,0
4.032774209976196,0.0,0.0,0.0,-0.0008029937744140625,-6.16312026977539e-05,0.0,0.0,0.601662278175354,-0.05020333081483841,0.03,0,0,0,0,0,0,0,0,0,0,0,0,0,0,0,0,0,0,0,0,0
4.0342185497283936,0.0,0.0,0.0,-0.0008029937744140625,-6.16312026977539e-05,0.0,0.0,0.601662278175354,-0.05020333081483841,0.03,0,0,0,0,0,0,0,0,0,0,0,0,0,0,0,0,0,0,0,0,0
4.03554105758667,0.0,0.0,0.0,-0.0008029937744140625,-6.16312026977539e-05,0.0,0.0,0.601662278175354,-0.05020333081483841,0.03,0,0,0,0,0,0,0,0,0,0,0,0,0,0,0,0,0,0,0,0,0
4.036797285079956,0.0,0.0,0.0,-0.0007953047752380371,-9.927153587341309e-05,0.0,0.0,0.5921105742454529,-0.12901435792446136,0.03,0,0,0,0,0,0,0,0,0,0,0,0,0,0,0,0,0,0,0,0,0
4.038520574569702,0.0,0.0,0.0,-0.0007953047752380371,-9.927153587341309e-05,0.0,0.0,0.5921105742454529,-0.12901435792446136,0.03,0,0,0,0,0,0,0,0,0,0,0,0,0,0,0,0,0,0,0,0,0
4.040915489196777,0.0,0.0,0.0,-0.0007953047752380371,-9.927153587341309e-05,0.0,0.0,0.5921105742454529,-0.12901435792446136,0.03,0,0,0,0,0,0,0,0,0,0,0,0,0,0,0,0,0,0,0,0,0
4.042183876037598,0.0,0.0,0.0,-0.0008029937744140625,-9.042024612426758e-05,0.0,0.0,0.6043773889541626,-0.05627872049808502,0.03,0,0,0,0,0,0,0,0,0,0,0,0,0,0,0,0,0,0,0,0,0
4.04331111907959,0.0,0.0,0.0,-0.0008029937744140625,-9.042024612426758e-05,0.0,0.0,0.6043773889541626,-0.05627872049808502,0.03,0,0,0,0,0,0,0,0,0,0,0,0,0,0,0,0,0,0,0,0,0
4.0450990200042725,0.0,0.0,0.0,-0.0008029937744140625,-9.042024612426758e-05,0.0,0.0,0.6043773889541626,-0.05627872049808502,0.03,0,0,0,0,0,0,0,0,0,0,0,0,0,0,0,0,0,0,0,0,0
4.046569108963013,0.0,0.0,0.0,-0.0007940530776977539,-6.201863288879395e-05,0.0,0.0,0.5893992781639099,-0.07756958901882172,0.03,0,0,0,0,0,0,0,0,0,0,0,0,0,0,0,0,0,0,0,0,0
4.047850131988525,0.0,0.0,0.0,-0.0007940530776977539,-6.201863288879395e-05,0.0,0.0,0.5893992781639099,-0.07756958901882172,0.03,0,0,0,0,0,0,0,0,0,0,0,0,0,0,0,0,0,0,0,0,0
4.048942804336548,0.0,0.0,0.0,-0.0007940530776977539,-6.201863288879395e-05,0.0,0.0,0.5893992781639099,-0.07756958901882172,0.03,0,0,0,0,0,0,0,0,0,0,0,0,0,0,0,0,0,0,0,0,0
4.050415277481079,0.0,0.0,0.0,-0.0007940530776977539,-6.201863288879395e-05,0.0,0.0,0.5893992781639099,-0.07756958901882172,0.03,0,0,0,0,0,0,0,0,0,0,0,0,0,0,0,0,0,0,0,0,0
4.051588535308838,0.0,0.0,0.0,-0.0007940530776977539,-6.201863288879395e-05,0.0,0.0,0.5893992781639099,-0.07756958901882172,0.03,0,0,0,0,0,0,0,0,0,0,0,0,0,0,0,0,0,0,0,0,0
4.0533411502838135,0.0,0.0,0.0,-0.0007940530776977539,-6.201863288879395e-05,0.0,0.0,0.5893992781639099,-0.07756958901882172,0.03,0,0,0,0,0,0,0,0,0,0,0,0,0,0,0,0,0,0,0,0,0
4.056060314178467,0.0,0.0,0.0,-0.0007940530776977539,-6.201863288879395e-05,0.0,0.0,0.5893992781639099,-0.07756958901882172,0.03,0,0,0,0,0,0,0,0,0,0,0,0,0,0,0,0,0,0,0,0,0
4.058801651000977,0.0,0.0,0.0,-0.0007860064506530762,-6.633996963500977e-05,0.0,0.0,0.5629603266716003,-0.06162159517407417,0.03,0,0,0,0,0,0,0,0,0,0,0,0,0,0,0,0,0,0,0,0,0
4.06012749671936,0.0,0.0,0.0,-0.0007860064506530762,-6.633996963500977e-05,0.0,0.0,0.5629603266716003,-0.06162159517407417,0.03,0,0,0,0,0,0,0,0,0,0,0,0,0,0,0,0,0,0,0,0,0
4.061657190322876,0.0,0.0,0.0,-0.0008027553558349609,-3.993511199951172e-05,0.0,0.0,0.6070877313613892,-0.05142555013298988,0.03,0,0,0,0,0,0,0,0,0,0,0,0,0,0,0,0,0,0,0,0,0
4.063035726547241,0.0,0.0,0.0,-0.0008027553558349609,-3.993511199951172e-05,0.0,0.0,0.6070877313613892,-0.05142555013298988,0.03,0,0,0,0,0,0,0,0,0,0,0,0,0,0,0,0,0,0,0,0,0
4.064275503158569,0.0,0.0,0.0,-0.0008027553558349609,-3.993511199951172e-05,0.0,0.0,0.6070877313613892,-0.05142555013298988,0.03,0,0,0,0,0,0,0,0,0,0,0,0,0,0,0,0,0,0,0,0,0
4.065781831741333,0.0,0.0,0.0,-0.0008027553558349609,-3.993511199951172e-05,0.0,0.0,0.6070877313613892,-0.05142555013298988,0.03,0,0,0,0,0,0,0,0,0,0,0,0,0,0,0,0,0,0,0,0,0
4.067172527313232,0.0,0.0,0.0,-0.0008027553558349609,-3.993511199951172e-05,0.0,0.0,0.6070877313613892,-0.05142555013298988,0.03,0,0,0,0,0,0,0,0,0,0,0,0,0,0,0,0,0,0,0,0,0
4.070531129837036,0.0,0.0,0.0,-0.0008018612861633301,-2.5898218154907227e-05,0.0,0.0,0.6139447689056396,-0.014531997963786125,0.03,0,0,0,0,0,0,0,0,0,0,0,0,0,0,0,0,0,0,0,0,0
4.071627378463745,0.0,0.0,0.0,-0.000797569751739502,-2.664327621459961e-05,0.0,0.0,0.6005306243896484,-0.07058049738407135,0.03,0,0,0,0,0,0,0,0,0,0,0,0,0,0,0,0,0,0,0,0,0
4.072714805603027,0.0,0.0,0.0,-0.000797569751739502,-2.664327621459961e-05,0.0,0.0,0.6005306243896484,-0.07058049738407135,0.03,0,0,0,0,0,0,0,0,0,0,0,0,0,0,0,0,0,0,0,0,0
4.076505661010742,0.0,0.0,0.0,-0.0007935166358947754,-4.1544437408447266e-05,0.0,0.0,0.5848821401596069,-0.06971850991249084,0.03,0,0,0,0,0,0,0,0,0,0,0,0,0,0,0,0,0,0,0,0,0
4.079350709915161,0.0,0.0,0.0,-0.0007935166358947754,-4.1544437408447266e-05,0.0,0.0,0.5848821401596069,-0.06971850991249084,0.03,0,0,0,0,0,0,0,0,0,0,0,0,0,0,0,0,0,0,0,0,0
4.081650495529175,0.0,0.0,0.0,-0.0007935166358947754,-4.1544437408447266e-05,0.0,0.0,0.5848821401596069,-0.06971850991249084,0.03,0,0,0,0,0,0,0,0,0,0,0,0,0,0,0,0,0,0,0,0,0
4.083197355270386,0.0,0.0,0.0,-0.0008022189140319824,-6.121397018432617e-05,0.0,0.0,0.6042836308479309,-0.039689403027296066,0.03,0,0,0,0,0,0,0,0,0,0,0,0,0,0,0,0,0,0,0,0,0
4.084416627883911,0.0,0.0,0.0,-0.0008026957511901855,-8.788704872131348e-05,0.0,0.0,0.6013269424438477,-0.09298297017812729,0.03,0,0,0,0,0,0,0,0,0,0,0,0,0,0,0,0,0,0,0,0,0
4.086068391799927,0.0,0.0,0.0,-0.0008023381233215332,-5.9932470321655273e-05,0.0,0.0,0.5991673469543457,-0.04435238614678383,0.03,0,0,0,0,0,0,0,0,0,0,0,0,0,0,0,0,0,0,0,0,0
4.087607145309448,0.0,0.0,0.0,-0.0008023381233215332,-5.9932470321655273e-05,0.0,0.0,0.5991673469543457,-0.04435238614678383,0.03,0,0,0,0,0,0,0,0,0,0,0,0,0,0,0,0,0,0,0,0,0
4.089098930358887,0.0,0.0,0.0,-0.0008023381233215332,-5.9932470321655273e-05,0.0,0.0,0.5991673469543457,-0.04435238614678383,0.03,0,0,0,0,0,0,0,0,0,0,0,0,0,0,0,0,0,0,0,0,0
4.0906126499176025,0.0,0.0,0.0,-0.0007903575897216797,-6.115436553955078e-05,0.0,0.0,0.5721888542175293,-0.048217713832855225,0.03,0,0,0,0,0,0,0,0,0,0,0,0,0,0,0,0,0,0,0,0,0
4.092039108276367,0.0,0.0,0.0,-0.0007903575897216797,-6.115436553955078e-05,0.0,0.0,0.5721888542175293,-0.048217713832855225,0.03,0,0,0,0,0,0,0,0,0,0,0,0,0,0,0,0,0,0,0,0,0
4.093686580657959,0.0,0.0,0.0,-0.0007903575897216797,-6.115436553955078e-05,0.0,0.0,0.5721888542175293,-0.048217713832855225,0.03,0,0,0,0,0,0,0,0,0,0,0,0,0,0,0,0,0,0,0,0,0
4.094983339309692,0.0,0.0,0.0,-0.0007903575897216797,-6.115436553955078e-05,0.0,0.0,0.5721888542175293,-0.048217713832855225,0.03,0,0,0,0,0,0,0,0,0,0,0,0,0,0,0,0,0,0,0,0,0
4.096517562866211,0.0,0.0,0.0,-0.0007903575897216797,-6.115436553955078e-05,0.0,0.0,0.5721888542175293,-0.048217713832855225,0.03,0,0,0,0,0,0,0,0,0,0,0,0,0,0,0,0,0,0,0,0,0
4.097661972045898,0.0,0.0,0.0,-0.0007903575897216797,-6.115436553955078e-05,0.0,0.0,0.5721888542175293,-0.048217713832855225,0.03,0,0,0,0,0,0,0,0,0,0,0,0,0,0,0,0,0,0,0,0,0
4.098756313323975,0.0,0.0,0.0,-0.0007903575897216797,-6.115436553955078e-05,0.0,0.0,0.5721888542175293,-0.048217713832855225,0.03,0,0,0,0,0,0,0,0,0,0,0,0,0,0,0,0,0,0,0,0,0
4.099937677383423,0.0,0.0,0.0,-0.0007903575897216797,-6.115436553955078e-05,0.0,0.0,0.5721888542175293,-0.048217713832855225,0.03,0,0,0,0,0,0,0,0,0,0,0,0,0,0,0,0,0,0,0,0,0
4.101150035858154,0.0,0.0,0.0,-0.0007903575897216797,-6.115436553955078e-05,0.0,0.0,0.5721888542175293,-0.048217713832855225,0.03,0,0,0,0,0,0,0,0,0,0,0,0,0,0,0,0,0,0,0,0,0
4.102259397506714,0.0,0.0,0.0,-0.0007903575897216797,-6.115436553955078e-05,0.0,0.0,0.5721888542175293,-0.048217713832855225,0.03,0,0,0,0,0,0,0,0,0,0,0,0,0,0,0,0,0,0,0,0,0
4.103394508361816,0.0,0.0,0.0,-0.0007903575897216797,-6.115436553955078e-05,0.0,0.0,0.5721888542175293,-0.048217713832855225,0.03,0,0,0,0,0,0,0,0,0,0,0,0,0,0,0,0,0,0,0,0,0
4.104458808898926,0.0,0.0,0.0,-0.0007903575897216797,-6.115436553955078e-05,0.0,0.0,0.5721888542175293,-0.048217713832855225,0.03,0,0,0,0,0,0,0,0,0,0,0,0,0,0,0,0,0,0,0,0,0
4.105979919433594,0.0,0.0,0.0,-0.0007903575897216797,-6.115436553955078e-05,0.0,0.0,0.5721888542175293,-0.048217713832855225,0.03,0,0,0,0,0,0,0,0,0,0,0,0,0,0,0,0,0,0,0,0,0
4.107419729232788,0.0,0.0,0.0,-0.0007903575897216797,-6.115436553955078e-05,0.0,0.0,0.5721888542175293,-0.048217713832855225,0.03,0,0,0,0,0,0,0,0,0,0,0,0,0,0,0,0,0,0,0,0,0
4.108542203903198,0.0,0.0,0.0,-0.0007903575897216797,-6.115436553955078e-05,0.0,0.0,0.5721888542175293,-0.048217713832855225,0.03,0,0,0,0,0,0,0,0,0,0,0,0,0,0,0,0,0,0,0,0,0
4.110947370529175,0.0,0.0,0.0,-0.0007903575897216797,-6.115436553955078e-05,0.0,0.0,0.5721888542175293,-0.048217713832855225,0.03,0,0,0,0,0,0,0,0,0,0,0,0,0,0,0,0,0,0,0,0,0
4.112223386764526,0.0,0.0,0.0,-0.0007903575897216797,-6.115436553955078e-05,0.0,0.0,0.5721888542175293,-0.048217713832855225,0.03,0,0,0,0,0,0,0,0,0,0,0,0,0,0,0,0,0,0,0,0,0
4.113302230834961,0.0,0.0,0.0,-0.0007903575897216797,-6.115436553955078e-05,0.0,0.0,0.5721888542175293,-0.048217713832855225,0.03,0,0,0,0,0,0,0,0,0,0,0,0,0,0,0,0,0,0,0,0,0
4.114375829696655,0.0,0.0,0.0,-0.0007903575897216797,-6.115436553955078e-05,0.0,0.0,0.5721888542175293,-0.048217713832855225,0.03,0,0,0,0,0,0,0,0,0,0,0,0,0,0,0,0,0,0,0,0,0
4.115901470184326,0.0,0.0,0.0,-0.0007903575897216797,-6.115436553955078e-05,0.0,0.0,0.5721888542175293,-0.048217713832855225,0.03,0,0,0,0,0,0,0,0,0,0,0,0,0,0,0,0,0,0,0,0,0
4.117225646972656,0.0,0.0,0.0,-0.0007903575897216797,-6.115436553955078e-05,0.0,0.0,0.5721888542175293,-0.048217713832855225,0.03,0,0,0,0,0,0,0,0,0,0,0,0,0,0,0,0,0,0,0,0,0
4.1183226108551025,0.0,0.0,0.0,-0.0007903575897216797,-6.115436553955078e-05,0.0,0.0,0.5721888542175293,-0.048217713832855225,0.03,0,0,0,0,0,0,0,0,0,0,0,0,0,0,0,0,0,0,0,0,0
4.119647979736328,0.0,0.0,0.0,-0.0007903575897216797,-6.115436553955078e-05,0.0,0.0,0.5721888542175293,-0.048217713832855225,0.03,0,0,0,0,0,0,0,0,0,0,0,0,0,0,0,0,0,0,0,0,0
4.120781660079956,0.0,0.0,0.0,-0.0007903575897216797,-6.115436553955078e-05,0.0,0.0,0.5721888542175293,-0.048217713832855225,0.03,0,0,0,0,0,0,0,0,0,0,0,0,0,0,0,0,0,0,0,0,0
4.121925592422485,0.0,0.0,0.0,-0.0007903575897216797,-6.115436553955078e-05,0.0,0.0,0.5721888542175293,-0.048217713832855225,0.03,0,0,0,0,0,0,0,0,0,0,0,0,0,0,0,0,0,0,0,0,0
4.123156547546387,0.0,0.0,0.0,-0.0007903575897216797,-6.115436553955078e-05,0.0,0.0,0.5721888542175293,-0.048217713832855225,0.03,0,0,0,0,0,0,0,0,0,0,0,0,0,0,0,0,0,0,0,0,0
4.1243956089019775,0.0,0.0,0.0,-0.0007903575897216797,-6.115436553955078e-05,0.0,0.0,0.5721888542175293,-0.048217713832855225,0.03,0,0,0,0,0,0,0,0,0,0,0,0,0,0,0,0,0,0,0,0,0
4.126208543777466,0.0,0.0,0.0,-0.0007903575897216797,-6.115436553955078e-05,0.0,0.0,0.5721888542175293,-0.048217713832855225,0.03,0,0,0,0,0,0,0,0,0,0,0,0,0,0,0,0,0,0,0,0,0
4.12805438041687,0.0,0.0,0.0,-0.0007903575897216797,-6.115436553955078e-05,0.0,0.0,0.5721888542175293,-0.048217713832855225,0.03,0,0,0,0,0,0,0,0,0,0,0,0,0,0,0,0,0,0,0,0,0
4.129254102706909,0.0,0.0,0.0,-0.0007903575897216797,-6.115436553955078e-05,0.0,0.0,0.5721888542175293,-0.048217713832855225,0.03,0,0,0,0,0,0,0,0,0,0,0,0,0,0,0,0,0,0,0,0,0
4.130931615829468,0.0,0.0,0.0,-0.0007903575897216797,-6.115436553955078e-05,0.0,0.0,0.5721888542175293,-0.048217713832855225,0.03,0,0,0,0,0,0,0,0,0,0,0,0,0,0,0,0,0,0,0,0,0
4.132208347320557,0.0,0.0,0.0,-0.0007903575897216797,-6.115436553955078e-05,0.0,0.0,0.5721888542175293,-0.048217713832855225,0.03,0,0,0,0,0,0,0,0,0,0,0,0,0,0,0,0,0,0,0,0,0
4.133346080780029,0.0,0.0,0.0,-0.0007903575897216797,-6.115436553955078e-05,0.0,0.0,0.5721888542175293,-0.048217713832855225,0.03,0,0,0,0,0,0,0,0,0,0,0,0,0,0,0,0,0,0,0,0,0
4.135147571563721,0.0,0.0,0.0,-0.0007903575897216797,-6.115436553955078e-05,0.0,0.0,0.5721888542175293,-0.048217713832855225,0.03,0,0,0,0,0,0,0,0,0,0,0,0,0,0,0,0,0,0,0,0,0
4.13627028465271,0.0,0.0,0.0,-0.0007903575897216797,-6.115436553955078e-05,0.0,0.0,0.5721888542175293,-0.048217713832855225,0.03,0,0,0,0,0,0,0,0,0,0,0,0,0,0,0,0,0,0,0,0,0
4.137397527694702,0.0,0.0,0.0,-0.0007903575897216797,-6.115436553955078e-05,0.0,0.0,0.5721888542175293,-0.048217713832855225,0.03,0,0,0,0,0,0,0,0,0,0,0,0,0,0,0,0,0,0,0,0,0
4.138699769973755,0.0,0.0,0.0,-0.0007903575897216797,-6.115436553955078e-05,0.0,0.0,0.5721888542175293,-0.048217713832855225,0.03,0,0,0,0,0,0,0,0,0,0,0,0,0,0,0,0,0,0,0,0,0
4.13995361328125,0.0,0.0,0.0,-0.0007903575897216797,-6.115436553955078e-05,0.0,0.0,0.5721888542175293,-0.048217713832855225,0.03,0,0,0,0,0,0,0,0,0,0,0,0,0,0,0,0,0,0,0,0,0
4.141333818435669,0.0,0.0,0.0,-0.0007903575897216797,-6.115436553955078e-05,0.0,0.0,0.5721888542175293,-0.048217713832855225,0.03,0,0,0,0,0,0,0,0,0,0,0,0,0,0,0,0,0,0,0,0,0
4.14239764213562,0.0,0.0,0.0,-0.0007903575897216797,-6.115436553955078e-05,0.0,0.0,0.5721888542175293,-0.048217713832855225,0.03,0,0,0,0,0,0,0,0,0,0,0,0,0,0,0,0,0,0,0,0,0
4.145509481430054,0.0,0.0,0.0,-0.0007903575897216797,-6.115436553955078e-05,0.0,0.0,0.5721888542175293,-0.048217713832855225,0.03,0,0,0,0,0,0,0,0,0,0,0,0,0,0,0,0,0,0,0,0,0
4.146791696548462,0.0,0.0,0.0,-0.0007903575897216797,-6.115436553955078e-05,0.0,0.0,0.5721888542175293,-0.048217713832855225,0.03,0,0,0,0,0,0,0,0,0,0,0,0,0,0,0,0,0,0,0,0,0
4.14957070350647,0.0,0.0,0.0,-0.0007903575897216797,-6.115436553955078e-05,0.0,0.0,0.5721888542175293,-0.048217713832855225,0.03,0,0,0,0,0,0,0,0,0,0,0,0,0,0,0,0,0,0,0,0,0
4.151838064193726,0.0,0.0,0.0,-0.0007903575897216797,-6.115436553955078e-05,0.0,0.0,0.5721888542175293,-0.048217713832855225,0.03,0,0,0,0,0,0,0,0,0,0,0,0,0,0,0,0,0,0,0,0,0
4.153502941131592,0.0,0.0,0.0,-0.000803530216217041,-0.00011944770812988281,0.0,0.0,0.620984673500061,-0.056585364043712616,0.03,0,0,0,0,0,0,0,0,0,0,0,0,0,0,0,0,0,0,0,0,0
4.155414581298828,0.0,0.0,0.0,-0.0007988214492797852,-0.00011232495307922363,0.0,0.0,0.6132909655570984,-0.021585384383797646,0.03,0,0,0,0,0,0,0,0,0,0,0,0,0,0,0,0,0,0,0,0,0
4.156900405883789,0.0,0.0,0.0,-0.0007988214492797852,-0.00011232495307922363,0.0,0.0,0.6132909655570984,-0.021585384383797646,0.03,0,0,0,0,0,0,0,0,0,0,0,0,0,0,0,0,0,0,0,0,0
4.160894870758057,0.0,0.0,0.0,-0.0007737278938293457,-0.0001429915428161621,0.0,0.0,0.5666396617889404,-0.13906854391098022,0.03,0,0,0,0,0,0,0,0,0,0,0,0,0,0,0,0,0,0,0,0,0
4.162425518035889,0.0,0.0,0.0,-0.0007737278938293457,-0.0001429915428161621,0.0,0.0,0.5666396617889404,-0.13906854391098022,0.03,0,0,0,0,0,0,0,0,0,0,0,0,0,0,0,0,0,0,0,0,0
4.163633346557617,0.0,0.0,0.0,-0.0007737278938293457,-0.0001429915428161621,0.0,0.0,0.5666396617889404,-0.13906854391098022,0.03,0,0,0,0,0,0,0,0,0,0,0,0,0,0,0,0,0,0,0,0,0
4.164813756942749,0.0,0.0,0.0,-0.0007737278938293457,-0.0001429915428161621,0.0,0.0,0.5666396617889404,-0.13906854391098022,0.03,0,0,0,0,0,0,0,0,0,0,0,0,0,0,0,0,0,0,0,0,0
4.166738033294678,0.0,0.0,0.0,-0.0007737278938293457,-0.0001429915428161621,0.0,0.0,0.5666396617889404,-0.13906854391098022,0.03,0,0,0,0,0,0,0,0,0,0,0,0,0,0,0,0,0,0,0,0,0
4.167994260787964,0.0,0.0,0.0,-0.0007737278938293457,-0.0001429915428161621,0.0,0.0,0.5666396617889404,-0.13906854391098022,0.03,0,0,0,0,0,0,0,0,0,0,0,0,0,0,0,0,0,0,0,0,0
4.169092893600464,0.0,0.0,0.0,-0.0007737278938293457,-0.0001429915428161621,0.0,0.0,0.5666396617889404,-0.13906854391098022,0.03,0,0,0,0,0,0,0,0,0,0,0,0,0,0,0,0,0,0,0,0,0
4.170923709869385,0.0,0.0,0.0,-0.0007833242416381836,-0.00015494227409362793,0.0,0.0,0.5696980953216553,-0.03822838515043259,0.03,0,0,0,0,0,0,0,0,0,0,0,0,0,0,0,0,0,0,0,0,0
4.1722283363342285,0.0,0.0,0.0,-0.0007730722427368164,-0.00012186169624328613,0.0,0.0,0.5842686295509338,-0.0971418023109436,0.03,0,0,0,0,0,0,0,0,0,0,0,0,0,0,0,0,0,0,0,0,0
4.173875570297241,0.0,0.0,0.0,-0.0007730722427368164,-0.00012186169624328613,0.0,0.0,0.5842686295509338,-0.0971418023109436,0.03,0,0,0,0,0,0,0,0,0,0,0,0,0,0,0,0,0,0,0,0,0
4.175238132476807,0.0,0.0,0.0,-0.0007730722427368164,-0.00012186169624328613,0.0,0.0,0.5842686295509338,-0.0971418023109436,0.03,0,0,0,0,0,0,0,0,0,0,0,0,0,0,0,0,0,0,0,0,0
4.176347732543945,0.0,0.0,0.0,-0.0007730722427368164,-0.00012186169624328613,0.0,0.0,0.5842686295509338,-0.0971418023109436,0.03,0,0,0,0,0,0,0,0,0,0,0,0,0,0,0,0,0,0,0,0,0
4.177563905715942,0.0,0.0,0.0,-0.0007730722427368164,-0.00012186169624328613,0.0,0.0,0.5842686295509338,-0.0971418023109436,0.03,0,0,0,0,0,0,0,0,0,0,0,0,0,0,0,0,0,0,0,0,0
4.179458856582642,0.0,0.0,0.0,-0.0007730722427368164,-0.00012186169624328613,0.0,0.0,0.5842686295509338,-0.0971418023109436,0.03,0,0,0,0,0,0,0,0,0,0,0,0,0,0,0,0,0,0,0,0,0
4.181520462036133,0.0,0.0,0.0,-0.0007730722427368164,-0.00012186169624328613,0.0,0.0,0.5842686295509338,-0.0971418023109436,0.03,0,0,0,0,0,0,0,0,0,0,0,0,0,0,0,0,0,0,0,0,0
4.182735919952393,0.0,0.0,0.0,-0.0007730722427368164,-0.00012186169624328613,0.0,0.0,0.5842686295509338,-0.0971418023109436,0.03,0,0,0,0,0,0,0,0,0,0,0,0,0,0,0,0,0,0,0,0,0
4.184144020080566,0.0,0.0,0.0,-0.0007730722427368164,-0.00012186169624328613,0.0,0.0,0.5842686295509338,-0.0971418023109436,0.03,0,0,0,0,0,0,0,0,0,0,0,0,0,0,0,0,0,0,0,0,0
4.185438632965088,0.0,0.0,0.0,-0.0007730722427368164,-0.00012186169624328613,0.0,0.0,0.5842686295509338,-0.0971418023109436,0.03,0,0,0,0,0,0,0,0,0,0,0,0,0,0,0,0,0,0,0,0,0
4.186717987060547,0.0,0.0,0.0,-0.0007730722427368164,-0.00012186169624328613,0.0,0.0,0.5842686295509338,-0.0971418023109436,0.03,0,0,0,0,0,0,0,0,0,0,0,0,0,0,0,0,0,0,0,0,0
4.1882758140563965,0.0,0.0,0.0,-0.0007730722427368164,-0.00012186169624328613,0.0,0.0,0.5842686295509338,-0.0971418023109436,0.03,0,0,0,0,0,0,0,0,0,0,0,0,0,0,0,0,0,0,0,0,0
4.18961763381958,0.0,0.0,0.0,-0.0007730722427368164,-0.00012186169624328613,0.0,0.0,0.5842686295509338,-0.0971418023109436,0.03,0,0,0,0,0,0,0,0,0,0,0,0,0,0,0,0,0,0,0,0,0
4.191436052322388,0.0,0.0,0.0,-0.0007730722427368164,-0.00012186169624328613,0.0,0.0,0.5842686295509338,-0.0971418023109436,0.03,0,0,0,0,0,0,0,0,0,0,0,0,0,0,0,0,0,0,0,0,0
4.192608594894409,0.0,0.0,0.0,-0.0007730722427368164,-0.00012186169624328613,0.0,0.0,0.5842686295509338,-0.0971418023109436,0.03,0,0,0,0,0,0,0,0,0,0,0,0,0,0,0,0,0,0,0,0,0
4.193842887878418,0.0,0.0,0.0,-0.0007730722427368164,-0.00012186169624328613,0.0,0.0,0.5842686295509338,-0.0971418023109436,0.03,0,0,0,0,0,0,0,0,0,0,0,0,0,0,0,0,0,0,0,0,0
4.194992780685425,0.0,0.0,0.0,-0.0007730722427368164,-0.00012186169624328613,0.0,0.0,0.5842686295509338,-0.0971418023109436,0.03,0,0,0,0,0,0,0,0,0,0,0,0,0,0,0,0,0,0,0,0,0
4.196194887161255,0.0,0.0,0.0,-0.0007730722427368164,-0.00012186169624328613,0.0,0.0,0.5842686295509338,-0.0971418023109436,0.03,0,0,0,0,0,0,0,0,0,0,0,0,0,0,0,0,0,0,0,0,0
4.197551250457764,0.0,0.0,0.0,-0.0007730722427368164,-0.00012186169624328613,0.0,0.0,0.5842686295509338,-0.0971418023109436,0.03,0,0,0,0,0,0,0,0,0,0,0,0,0,0,0,0,0,0,0,0,0
4.198712587356567,0.0,0.0,0.0,-0.0007730722427368164,-0.00012186169624328613,0.0,0.0,0.5842686295509338,-0.0971418023109436,0.03,0,0,0,0,0,0,0,0,0,0,0,0,0,0,0,0,0,0,0,0,0
4.200907230377197,0.0,0.0,0.0,-0.0007730722427368164,-0.00012186169624328613,0.0,0.0,0.5842686295509338,-0.0971418023109436,0.03,0,0,0,0,0,0,0,0,0,0,0,0,0,0,0,0,0,0,0,0,0
4.2045276165008545,0.0,0.0,0.0,-0.0007730722427368164,-0.00012186169624328613,0.0,0.0,0.5842686295509338,-0.0971418023109436,0.03,0,0,0,0,0,0,0,0,0,0,0,0,0,0,0,0,0,0,0,0,0
4.20610237121582,0.0,0.0,0.0,-0.0007612705230712891,-0.00013765692710876465,0.0,0.0,0.5534085631370544,-0.11348467320203781,0.03,0,0,0,0,0,0,0,0,0,0,0,0,0,0,0,0,0,0,0,0,0
4.207192420959473,0.0,0.0,0.0,-0.0007612705230712891,-0.00013765692710876465,0.0,0.0,0.5534085631370544,-0.11348467320203781,0.03,0,0,0,0,0,0,0,0,0,0,0,0,0,0,0,0,0,0,0,0,0
4.2084527015686035,0.0,0.0,0.0,-0.0007612705230712891,-0.00013765692710876465,0.0,0.0,0.5534085631370544,-0.11348467320203781,0.03,0,0,0,0,0,0,0,0,0,0,0,0,0,0,0,0,0,0,0,0,0
4.209882736206055,0.0,0.0,0.0,-0.0007612705230712891,-0.00013765692710876465,0.0,0.0,0.5534085631370544,-0.11348467320203781,0.03,0,0,0,0,0,0,0,0,0,0,0,0,0,0,0,0,0,0,0,0,0
4.211557865142822,0.0,0.0,0.0,-0.0007612705230712891,-0.00013765692710876465,0.0,0.0,0.5534085631370544,-0.11348467320203781,0.03,0,0,0,0,0,0,0,0,0,0,0,0,0,0,0,0,0,0,0,0,0
4.21268630027771,0.0,0.0,0.0,-0.0007612705230712891,-0.00013765692710876465,0.0,0.0,0.5534085631370544,-0.11348467320203781,0.03,0,0,0,0,0,0,0,0,0,0,0,0,0,0,0,0,0,0,0,0,0
4.214259624481201,0.0,0.0,0.0,-0.0007612705230712891,-0.00013765692710876465,0.0,0.0,0.5534085631370544,-0.11348467320203781,0.03,0,0,0,0,0,0,0,0,0,0,0,0,0,0,0,0,0,0,0,0,0
4.215758323669434,0.0,0.0,0.0,-0.0007612705230712891,-0.00013765692710876465,0.0,0.0,0.5534085631370544,-0.11348467320203781,0.03,0,0,0,0,0,0,0,0,0,0,0,0,0,0,0,0,0,0,0,0,0
4.217387676239014,0.0,0.0,0.0,-0.0007612705230712891,-0.00013765692710876465,0.0,0.0,0.5534085631370544,-0.11348467320203781,0.03,0,0,0,0,0,0,0,0,0,0,0,0,0,0,0,0,0,0,0,0,0
4.220533132553101,0.0,0.0,0.0,-0.0007612705230712891,-0.00013765692710876465,0.0,0.0,0.5534085631370544,-0.11348467320203781,0.03,0,0,0,0,0,0,0,0,0,0,0,0,0,0,0,0,0,0,0,0,0
4.222421169281006,0.0,0.0,0.0,-0.0007612705230712891,-0.00013765692710876465,0.0,0.0,0.5534085631370544,-0.11348467320203781,0.03,0,0,0,0,0,0,0,0,0,0,0,0,0,0,0,0,0,0,0,0,0
4.224389553070068,0.0,0.0,0.0,-0.0007612705230712891,-0.00013765692710876465,0.0,0.0,0.5534085631370544,-0.11348467320203781,0.03,0,0,0,0,0,0,0,0,0,0,0,0,0,0,0,0,0,0,0,0,0
4.229763507843018,0.0,0.0,0.0,-0.0007766485214233398,-0.00012099742889404297,0.0,0.0,0.5908229947090149,-0.08089908957481384,0.03,0,0,0,0,0,0,0,0,0,0,0,0,0,0,0,0,0,0,0,0,0
4.230872631072998,0.0,0.0,0.0,-0.0007766485214233398,-0.00012099742889404297,0.0,0.0,0.5908229947090149,-0.08089908957481384,0.03,0,0,0,0,0,0,0,0,0,0,0,0,0,0,0,0,0,0,0,0,0
4.2332680225372314,0.0,0.0,0.0,-0.0007654428482055664,-0.00014978647232055664,0.0,0.0,0.5619728565216064,-0.14531190693378448,0.03,0,0,0,0,0,0,0,0,0,0,0,0,0,0,0,0,0,0,0,0,0
4.23498797416687,0.0,0.0,0.0,-0.0007654428482055664,-0.00014978647232055664,0.0,0.0,0.5619728565216064,-0.14531190693378448,0.03,0,0,0,0,0,0,0,0,0,0,0,0,0,0,0,0,0,0,0,0,0
4.2378249168396,0.0,0.0,0.0,-0.0007755160331726074,-0.0001302659511566162,0.0,0.0,0.5917837023735046,-0.07640430331230164,0.03,0,0,0,0,0,0,0,0,0,0,0,0,0,0,0,0,0,0,0,0,0
4.239166259765625,0.0,0.0,0.0,-0.0008030533790588379,-0.00012052059173583984,0.0,0.0,0.6286742091178894,-0.07332076877355576,0.03,0,0,0,0,0,0,0,0,0,0,0,0,0,0,0,0,0,0,0,0,0
4.240542411804199,0.0,0.0,0.0,-0.0008030533790588379,-0.00012052059173583984,0.0,0.0,0.6286742091178894,-0.07332076877355576,0.03,0,0,0,0,0,0,0,0,0,0,0,0,0,0,0,0,0,0,0,0,0
4.241965055465698,0.0,0.0,0.0,-0.0007770061492919922,-0.00012955069541931152,0.0,0.0,0.5801798701286316,-0.0939108207821846,0.03,0,0,0,0,0,0,0,0,0,0,0,0,0,0,0,0,0,0,0,0,0
4.243030786514282,0.0,0.0,0.0,-0.0007770061492919922,-0.00012955069541931152,0.0,0.0,0.5801798701286316,-0.0939108207821846,0.03,0,0,0,0,0,0,0,0,0,0,0,0,0,0,0,0,0,0,0,0,0
4.244316816329956,0.0,0.0,0.0,-0.0007770061492919922,-0.00012955069541931152,0.0,0.0,0.5801798701286316,-0.0939108207821846,0.03,0,0,0,0,0,0,0,0,0,0,0,0,0,0,0,0,0,0,0,0,0
4.245409727096558,0.0,0.0,0.0,-0.0007770061492919922,-0.00012955069541931152,0.0,0.0,0.5801798701286316,-0.0939108207821846,0.03,0,0,0,0,0,0,0,0,0,0,0,0,0,0,0,0,0,0,0,0,0
4.246471643447876,0.0,0.0,0.0,-0.0007770061492919922,-0.00012955069541931152,0.0,0.0,0.5801798701286316,-0.0939108207821846,0.03,0,0,0,0,0,0,0,0,0,0,0,0,0,0,0,0,0,0,0,0,0
4.247655630111694,0.0,0.0,0.0,-0.0007770061492919922,-0.00012955069541931152,0.0,0.0,0.5801798701286316,-0.0939108207821846,0.03,0,0,0,0,0,0,0,0,0,0,0,0,0,0,0,0,0,0,0,0,0
4.248765230178833,0.0,0.0,0.0,-0.0007770061492919922,-0.00012955069541931152,0.0,0.0,0.5801798701286316,-0.0939108207821846,0.03,0,0,0,0,0,0,0,0,0,0,0,0,0,0,0,0,0,0,0,0,0
4.249853134155273,0.0,0.0,0.0,-0.0007770061492919922,-0.00012955069541931152,0.0,0.0,0.5801798701286316,-0.0939108207821846,0.03,0,0,0,0,0,0,0,0,0,0,0,0,0,0,0,0,0,0,0,0,0
4.251204252243042,0.0,0.0,0.0,-0.0008043050765991211,-0.00013887882232666016,0.0,0.0,0.627984344959259,-0.1121291071176529,0.03,0,0,0,0,0,0,0,0,0,0,0,0,0,0,0,0,0,0,0,0,0
4.253220796585083,0.0,0.0,0.0,-0.0007813572883605957,-0.00012981891632080078,0.0,0.0,0.6149464249610901,-0.08744759857654572,0.03,0,0,0,0,0,0,0,0,0,0,0,0,0,0,0,0,0,0,0,0,0
4.255028247833252,0.0,0.0,0.0,-0.0007813572883605957,-0.00012981891632080078,0.0,0.0,0.6149464249610901,-0.08744759857654572,0.03,0,0,0,0,0,0,0,0,0,0,0,0,0,0,0,0,0,0,0,0,0
4.2568395137786865,0.0,0.0,0.0,-0.0007813572883605957,-0.00012981891632080078,0.0,0.0,0.6149464249610901,-0.08744759857654572,0.03,0,0,0,0,0,0,0,0,0,0,0,0,0,0,0,0,0,0,0,0,0
4.258185386657715,0.0,0.0,0.0,-0.0007813572883605957,-0.00012981891632080078,0.0,0.0,0.6149464249610901,-0.08744759857654572,0.03,0,0,0,0,0,0,0,0,0,0,0,0,0,0,0,0,0,0,0,0,0
4.2594521045684814,0.0,0.0,0.0,-0.0007813572883605957,-0.00012981891632080078,0.0,0.0,0.6149464249610901,-0.08744759857654572,0.03,0,0,0,0,0,0,0,0,0,0,0,0,0,0,0,0,0,0,0,0,0
4.260627269744873,0.0,0.0,0.0,-0.0007813572883605957,-0.00012981891632080078,0.0,0.0,0.6149464249610901,-0.08744759857654572,0.03,0,0,0,0,0,0,0,0,0,0,0,0,0,0,0,0,0,0,0,0,0
4.262644052505493,0.0,0.0,0.0,-0.000796198844909668,-0.00014230608940124512,0.0,0.0,0.6089462041854858,-0.07322030514478683,0.03,0,0,0,0,0,0,0,0,0,0,0,0,0,0,0,0,0,0,0,0,0
4.263826608657837,0.0,0.0,0.0,-0.000796198844909668,-0.00014230608940124512,0.0,0.0,0.6089462041854858,-0.07322030514478683,0.03,0,0,0,0,0,0,0,0,0,0,0,0,0,0,0,0,0,0,0,0,0
4.266401529312134,0.0,0.0,0.0,-0.000796198844909668,-0.00014230608940124512,0.0,0.0,0.6089462041854858,-0.07322030514478683,0.03,0,0,0,0,0,0,0,0,0,0,0,0,0,0,0,0,0,0,0,0,0
4.267721652984619,0.0,0.0,0.0,-0.000796198844909668,-0.00014230608940124512,0.0,0.0,0.6089462041854858,-0.07322030514478683,0.03,0,0,0,0,0,0,0,0,0,0,0,0,0,0,0,0,0,0,0,0,0
4.269552946090698,0.0,0.0,0.0,-0.000796198844909668,-0.00014230608940124512,0.0,0.0,0.6089462041854858,-0.07322030514478683,0.03,0,0,0,0,0,0,0,0,0,0,0,0,0,0,0,0,0,0,0,0,0
4.270899772644043,0.0,0.0,0.0,-0.0007813572883605957,-0.00018548965454101562,0.0,0.0,0.5602017045021057,-0.1780763417482376,0.03,0,0,0,0,0,0,0,0,0,0,0,0,0,0,0,0,0,0,0,0,0
4.272598505020142,0.0,0.0,0.0,-0.0007813572883605957,-0.00018548965454101562,0.0,0.0,0.5602017045021057,-0.1780763417482376,0.03,0,0,0,0,0,0,0,0,0,0,0,0,0,0,0,0,0,0,0,0,0
4.274035692214966,0.0,0.0,0.0,-0.0007813572883605957,-0.00018548965454101562,0.0,0.0,0.5602017045021057,-0.1780763417482376,0.03,0,0,0,0,0,0,0,0,0,0,0,0,0,0,0,0,0,0,0,0,0
4.275187015533447,0.0,0.0,0.0,-0.0007966756820678711,-0.00018230080604553223,0.0,0.0,0.6144667863845825,-0.1735604703426361,0.03,0,0,0,0,0,0,0,0,0,0,0,0,0,0,0,0,0,0,0,0,0
4.2763261795043945,0.0,0.0,0.0,-0.0007966756820678711,-0.00018230080604553223,0.0,0.0,0.6144667863845825,-0.1735604703426361,0.03,0,0,0,0,0,0,0,0,0,0,0,0,0,0,0,0,0,0,0,0,0
4.2777063846588135,0.0,0.0,0.0,-0.0007966756820678711,-0.00018230080604553223,0.0,0.0,0.6144667863845825,-0.1735604703426361,0.03,0,0,0,0,0,0,0,0,0,0,0,0,0,0,0,0,0,0,0,0,0
4.2788145542144775,0.0,0.0,0.0,-0.0007966756820678711,-0.00018230080604553223,0.0,0.0,0.6144667863845825,-0.1735604703426361,0.03,0,0,0,0,0,0,0,0,0,0,0,0,0,0,0,0,0,0,0,0,0
4.280144453048706,0.0,0.0,0.0,-0.0008036494255065918,-0.00016295909881591797,0.0,0.0,0.6161648035049438,-0.03748822957277298,0.03,0,0,0,0,0,0,0,0,0,0,0,0,0,0,0,0,0,0,0,0,0
4.281320810317993,0.0,0.0,0.0,-0.0008032321929931641,-0.0001290738582611084,0.0,0.0,0.6104462742805481,-0.03716849535703659,0.03,0,0,0,0,0,0,0,0,0,0,0,0,0,0,0,0,0,0,0,0,0
4.282630681991577,0.0,0.0,0.0,-0.0008032321929931641,-0.0001290738582611084,0.0,0.0,0.6104462742805481,-0.03716849535703659,0.03,0,0,0,0,0,0,0,0,0,0,0,0,0,0,0,0,0,0,0,0,0
4.284188508987427,0.0,0.0,0.0,-0.0008032321929931641,-0.0001290738582611084,0.0,0.0,0.6104462742805481,-0.03716849535703659,0.03,0,0,0,0,0,0,0,0,0,0,0,0,0,0,0,0,0,0,0,0,0
4.285394668579102,0.0,0.0,0.0,-0.0008032321929931641,-0.0001290738582611084,0.0,0.0,0.6104462742805481,-0.03716849535703659,0.03,0,0,0,0,0,0,0,0,0,0,0,0,0,0,0,0,0,0,0,0,0
4.2867043018341064,0.0,0.0,0.0,-0.0008032321929931641,-0.0001290738582611084,0.0,0.0,0.6104462742805481,-0.03716849535703659,0.03,0,0,0,0,0,0,0,0,0,0,0,0,0,0,0,0,0,0,0,0,0
4.2878029346466064,0.0,0.0,0.0,-0.0008032321929931641,-0.0001290738582611084,0.0,0.0,0.6104462742805481,-0.03716849535703659,0.03,0,0,0,0,0,0,0,0,0,0,0,0,0,0,0,0,0,0,0,0,0
4.290099859237671,0.0,0.0,0.0,-0.0008032321929931641,-0.0001290738582611084,0.0,0.0,0.6104462742805481,-0.03716849535703659,0.03,0,0,0,0,0,0,0,0,0,0,0,0,0,0,0,0,0,0,0,0,0
4.2913854122161865,0.0,0.0,0.0,-0.0007973909378051758,-0.00013700127601623535,0.0,0.0,0.601310670375824,-0.06570945680141449,0.03,0,0,0,0,0,0,0,0,0,0,0,0,0,0,0,0,0,0,0,0,0
4.293686151504517,0.0,0.0,0.0,-0.0007973909378051758,-0.00013700127601623535,0.0,0.0,0.601310670375824,-0.06570945680141449,0.03,0,0,0,0,0,0,0,0,0,0,0,0,0,0,0,0,0,0,0,0,0
4.295428276062012,0.0,0.0,0.0,-0.0007973909378051758,-0.00013700127601623535,0.0,0.0,0.601310670375824,-0.06570945680141449,0.03,0,0,0,0,0,0,0,0,0,0,0,0,0,0,0,0,0,0,0,0,0
4.2965216636657715,0.0,0.0,0.0,-0.0007973909378051758,-0.00013700127601623535,0.0,0.0,0.601310670375824,-0.06570945680141449,0.03,0,0,0,0,0,0,0,0,0,0,0,0,0,0,0,0,0,0,0,0,0
4.297973155975342,0.0,0.0,0.0,-0.0007973909378051758,-0.00013700127601623535,0.0,0.0,0.601310670375824,-0.06570945680141449,0.03,0,0,0,0,0,0,0,0,0,0,0,0,0,0,0,0,0,0,0,0,0
4.299268007278442,0.0,0.0,0.0,-0.0007973909378051758,-0.00013700127601623535,0.0,0.0,0.601310670375824,-0.06570945680141449,0.03,0,0,0,0,0,0,0,0,0,0,0,0,0,0,0,0,0,0,0,0,0
4.3031089305877686,0.0,0.0,0.0,-0.000804901123046875,-0.00012439489364624023,0.0,0.0,0.6352187395095825,-0.1154668778181076,0.03,0,0,0,0,0,0,0,0,0,0,0,0,0,0,0,0,0,0,0,0,0
4.30419921875,0.0,0.0,0.0,-0.000804901123046875,-0.00012439489364624023,0.0,0.0,0.6352187395095825,-0.1154668778181076,0.03,0,0,0,0,0,0,0,0,0,0,0,0,0,0,0,0,0,0,0,0,0
4.306938409805298,0.0,0.0,0.0,-0.000804901123046875,-0.00012439489364624023,0.0,0.0,0.6352187395095825,-0.1154668778181076,0.03,0,0,0,0,0,0,0,0,0,0,0,0,0,0,0,0,0,0,0,0,0
4.308114290237427,0.0,0.0,0.0,-0.000788569450378418,-0.00016033649444580078,0.0,0.0,0.6302818655967712,-0.15001584589481354,0.03,0,0,0,0,0,0,0,0,0,0,0,0,0,0,0,0,0,0,0,0,0
4.309340953826904,0.0,0.0,0.0,-0.000788569450378418,-0.00016033649444580078,0.0,0.0,0.6302818655967712,-0.15001584589481354,0.03,0,0,0,0,0,0,0,0,0,0,0,0,0,0,0,0,0,0,0,0,0
4.310727119445801,0.0,0.0,0.0,-0.000788569450378418,-0.00016033649444580078,0.0,0.0,0.6302818655967712,-0.15001584589481354,0.03,0,0,0,0,0,0,0,0,0,0,0,0,0,0,0,0,0,0,0,0,0
4.312071084976196,0.0,0.0,0.0,-0.000788569450378418,-0.00016033649444580078,0.0,0.0,0.6302818655967712,-0.15001584589481354,0.03,0,0,0,0,0,0,0,0,0,0,0,0,0,0,0,0,0,0,0,0,0
4.315448999404907,0.0,0.0,0.0,-0.0007852315902709961,-0.00016561150550842285,0.0,0.0,0.5580796003341675,-0.07738160341978073,0.03,0,0,0,0,0,0,0,0,0,0,0,0,0,0,0,0,0,0,0,0,0
4.316920757293701,0.0,0.0,0.0,-0.0007852315902709961,-0.00016561150550842285,0.0,0.0,0.5580796003341675,-0.07738160341978073,0.03,0,0,0,0,0,0,0,0,0,0,0,0,0,0,0,0,0,0,0,0,0
4.319055080413818,0.0,0.0,0.0,-0.0007852315902709961,-0.00016561150550842285,0.0,0.0,0.5580796003341675,-0.07738160341978073,0.03,0,0,0,0,0,0,0,0,0,0,0,0,0,0,0,0,0,0,0,0,0
4.320839166641235,0.0,0.0,0.0,-0.0007852315902709961,-0.00016561150550842285,0.0,0.0,0.5580796003341675,-0.07738160341978073,0.03,0,0,0,0,0,0,0,0,0,0,0,0,0,0,0,0,0,0,0,0,0
4.322195768356323,0.0,0.0,0.0,-0.0007852315902709961,-0.00016561150550842285,0.0,0.0,0.5580796003341675,-0.07738160341978073,0.03,0,0,0,0,0,0,0,0,0,0,0,0,0,0,0,0,0,0,0,0,0
4.323877334594727,0.0,0.0,0.0,-0.0007693767547607422,-0.00015658140182495117,0.0,0.0,0.5838162899017334,-0.1286611109972,0.03,0,0,0,0,0,0,0,0,0,0,0,0,0,0,0,0,0,0,0,0,0
4.324950456619263,0.0,0.0,0.0,-0.0007693767547607422,-0.00015658140182495117,0.0,0.0,0.5838162899017334,-0.1286611109972,0.03,0,0,0,0,0,0,0,0,0,0,0,0,0,0,0,0,0,0,0,0,0
4.326018333435059,0.0,0.0,0.0,-0.0007693767547607422,-0.00015658140182495117,0.0,0.0,0.5838162899017334,-0.1286611109972,0.03,0,0,0,0,0,0,0,0,0,0,0,0,0,0,0,0,0,0,0,0,0
4.3272480964660645,0.0,0.0,0.0,-0.0007600188255310059,-0.00012165307998657227,0.0,0.0,0.5559341311454773,-0.08146002143621445,0.03,0,0,0,0,0,0,0,0,0,0,0,0,0,0,0,0,0,0,0,0,0
4.328612565994263,0.0,0.0,0.0,-0.0007600188255310059,-0.00012165307998657227,0.0,0.0,0.5559341311454773,-0.08146002143621445,0.03,0,0,0,0,0,0,0,0,0,0,0,0,0,0,0,0,0,0,0,0,0
4.32987642288208,0.0,0.0,0.0,-0.0007600188255310059,-0.00012165307998657227,0.0,0.0,0.5559341311454773,-0.08146002143621445,0.03,0,0,0,0,0,0,0,0,0,0,0,0,0,0,0,0,0,0,0,0,0
4.330983400344849,0.0,0.0,0.0,-0.0007600188255310059,-0.00012165307998657227,0.0,0.0,0.5559341311454773,-0.08146002143621445,0.03,0,0,0,0,0,0,0,0,0,0,0,0,0,0,0,0,0,0,0,0,0
4.33223557472229,0.0,0.0,0.0,-0.0007600188255310059,-0.00012165307998657227,0.0,0.0,0.5559341311454773,-0.08146002143621445,0.03,0,0,0,0,0,0,0,0,0,0,0,0,0,0,0,0,0,0,0,0,0
4.333405494689941,0.0,0.0,0.0,-0.0007600188255310059,-0.00012165307998657227,0.0,0.0,0.5559341311454773,-0.08146002143621445,0.03,0,0,0,0,0,0,0,0,0,0,0,0,0,0,0,0,0,0,0,0,0
4.3357744216918945,0.0,0.0,0.0,-0.0007600188255310059,-0.00012165307998657227,0.0,0.0,0.5559341311454773,-0.08146002143621445,0.03,0,0,0,0,0,0,0,0,0,0,0,0,0,0,0,0,0,0,0,0,0
4.336941242218018,0.0,0.0,0.0,-0.0007600188255310059,-0.00012165307998657227,0.0,0.0,0.5559341311454773,-0.08146002143621445,0.03,0,0,0,0,0,0,0,0,0,0,0,0,0,0,0,0,0,0,0,0,0
4.3384411334991455,0.0,0.0,0.0,-0.0007600188255310059,-0.00012165307998657227,0.0,0.0,0.5559341311454773,-0.08146002143621445,0.03,0,0,0,0,0,0,0,0,0,0,0,0,0,0,0,0,0,0,0,0,0
4.3397746086120605,0.0,0.0,0.0,-0.0007600188255310059,-0.00012165307998657227,0.0,0.0,0.5559341311454773,-0.08146002143621445,0.03,0,0,0,0,0,0,0,0,0,0,0,0,0,0,0,0,0,0,0,0,0
4.340906143188477,0.0,0.0,0.0,-0.0007600188255310059,-0.00012165307998657227,0.0,0.0,0.5559341311454773,-0.08146002143621445,0.03,0,0,0,0,0,0,0,0,0,0,0,0,0,0,0,0,0,0,0,0,0
4.342189073562622,0.0,0.0,0.0,-0.0007600188255310059,-0.00012165307998657227,0.0,0.0,0.5559341311454773,-0.08146002143621445,0.03,0,0,0,0,0,0,0,0,0,0,0,0,0,0,0,0,0,0,0,0,0
4.343944549560547,0.0,0.0,0.0,-0.0007600188255310059,-0.00012165307998657227,0.0,0.0,0.5559341311454773,-0.08146002143621445,0.03,0,0,0,0,0,0,0,0,0,0,0,0,0,0,0,0,0,0,0,0,0
4.345294952392578,0.0,0.0,0.0,-0.0007600188255310059,-0.00012165307998657227,0.0,0.0,0.5559341311454773,-0.08146002143621445,0.03,0,0,0,0,0,0,0,0,0,0,0,0,0,0,0,0,0,0,0,0,0
4.347682952880859,0.0,0.0,0.0,-0.0007600188255310059,-0.00012165307998657227,0.0,0.0,0.5559341311454773,-0.08146002143621445,0.03,0,0,0,0,0,0,0,0,0,0,0,0,0,0,0,0,0,0,0,0,0
4.349006175994873,0.0,0.0,0.0,-0.0007683634757995605,-0.00013747811317443848,0.0,0.0,0.5796285271644592,-0.05696976184844971,0.03,0,0,0,0,0,0,0,0,0,0,0,0,0,0,0,0,0,0,0,0,0
4.3505120277404785,0.0,0.0,0.0,-0.0007837414741516113,-0.00014194846153259277,0.0,0.0,0.5718967318534851,-0.1082635149359703,0.03,0,0,0,0,0,0,0,0,0,0,0,0,0,0,0,0,0,0,0,0,0
4.3516764640808105,0.0,0.0,0.0,-0.0007837414741516113,-0.00014194846153259277,0.0,0.0,0.5718967318534851,-0.1082635149359703,0.03,0,0,0,0,0,0,0,0,0,0,0,0,0,0,0,0,0,0,0,0,0
4.353681802749634,0.0,0.0,0.0,-0.000789940357208252,-0.00015103816986083984,0.0,0.0,0.5886369347572327,-0.13653266429901123,0.03,0,0,0,0,0,0,0,0,0,0,0,0,0,0,0,0,0,0,0,0,0
4.354913949966431,0.0,0.0,0.0,-0.000797271728515625,-0.00014647841453552246,0.0,0.0,0.6035990118980408,-0.11329677700996399,0.03,0,0,0,0,0,0,0,0,0,0,0,0,0,0,0,0,0,0,0,0,0
4.35672926902771,0.0,0.0,0.0,-0.000797271728515625,-0.00014647841453552246,0.0,0.0,0.6035990118980408,-0.11329677700996399,0.03,0,0,0,0,0,0,0,0,0,0,0,0,0,0,0,0,0,0,0,0,0
4.358728408813477,0.0,0.0,0.0,-0.0007903575897216797,-0.00012877583503723145,0.0,0.0,0.5871151685714722,-0.1122988685965538,0.03,0,0,0,0,0,0,0,0,0,0,0,0,0,0,0,0,0,0,0,0,0
4.359894514083862,0.0,0.0,0.0,-0.0007903575897216797,-0.00012877583503723145,0.0,0.0,0.5871151685714722,-0.1122988685965538,0.03,0,0,0,0,0,0,0,0,0,0,0,0,0,0,0,0,0,0,0,0,0
4.361056327819824,0.0,0.0,0.0,-0.0007903575897216797,-0.00012877583503723145,0.0,0.0,0.5871151685714722,-0.1122988685965538,0.03,0,0,0,0,0,0,0,0,0,0,0,0,0,0,0,0,0,0,0,0,0
4.362180233001709,0.0,0.0,0.0,-0.0007903575897216797,-0.00012877583503723145,0.0,0.0,0.5871151685714722,-0.1122988685965538,0.03,0,0,0,0,0,0,0,0,0,0,0,0,0,0,0,0,0,0,0,0,0
4.365307331085205,0.0,0.0,0.0,-0.0007903575897216797,-0.00012877583503723145,0.0,0.0,0.5871151685714722,-0.1122988685965538,0.03,0,0,0,0,0,0,0,0,0,0,0,0,0,0,0,0,0,0,0,0,0
4.366723537445068,0.0,0.0,0.0,-0.0007876157760620117,-0.00012090802192687988,0.0,0.0,0.5951955318450928,-0.09729871153831482,0.03,0,0,0,0,0,0,0,0,0,0,0,0,0,0,0,0,0,0,0,0,0
4.367908716201782,0.0,0.0,0.0,-0.0007864236831665039,-0.00012189149856567383,0.0,0.0,0.5858246684074402,-0.08945909142494202,0.03,0,0,0,0,0,0,0,0,0,0,0,0,0,0,0,0,0,0,0,0,0
4.369216203689575,0.0,0.0,0.0,-0.0008050203323364258,-0.0001080632209777832,0.0,0.0,0.610785722732544,-0.09817621111869812,0.03,0,0,0,0,0,0,0,0,0,0,0,0,0,0,0,0,0,0,0,0,0
4.3704540729522705,0.0,0.0,0.0,-0.0008025765419006348,-0.00012117624282836914,0.0,0.0,0.604403018951416,-0.09942897409200668,0.03,0,0,0,0,0,0,0,0,0,0,0,0,0,0,0,0,0,0,0,0,0
4.37177848815918,0.0,0.0,0.0,-0.0008025765419006348,-0.00012117624282836914,0.0,0.0,0.604403018951416,-0.09942897409200668,0.03,0,0,0,0,0,0,0,0,0,0,0,0,0,0,0,0,0,0,0,0,0
4.372899770736694,0.0,0.0,0.0,-0.0008025765419006348,-0.00012117624282836914,0.0,0.0,0.604403018951416,-0.09942897409200668,0.03,0,0,0,0,0,0,0,0,0,0,0,0,0,0,0,0,0,0,0,0,0
4.374037742614746,0.0,0.0,0.0,-0.0008025765419006348,-0.00012117624282836914,0.0,0.0,0.604403018951416,-0.09942897409200668,0.03,0,0,0,0,0,0,0,0,0,0,0,0,0,0,0,0,0,0,0,0,0
4.375302791595459,0.0,0.0,0.0,-0.0008022189140319824,-0.00012305378913879395,0.0,0.0,0.604537844657898,-0.09501346200704575,0.03,0,0,0,0,0,0,0,0,0,0,0,0,0,0,0,0,0,0,0,0,0
4.376526117324829,0.0,0.0,0.0,-0.0008022189140319824,-0.00012305378913879395,0.0,0.0,0.604537844657898,-0.09501346200704575,0.03,0,0,0,0,0,0,0,0,0,0,0,0,0,0,0,0,0,0,0,0,0
4.377872943878174,0.0,0.0,0.0,-0.0008022189140319824,-0.00012305378913879395,0.0,0.0,0.604537844657898,-0.09501346200704575,0.03,0,0,0,0,0,0,0,0,0,0,0,0,0,0,0,0,0,0,0,0,0
4.379022836685181,0.0,0.0,0.0,-0.0008022189140319824,-0.00012305378913879395,0.0,0.0,0.604537844657898,-0.09501346200704575,0.03,0,0,0,0,0,0,0,0,0,0,0,0,0,0,0,0,0,0,0,0,0
4.380134105682373,0.0,0.0,0.0,-0.0008022189140319824,-0.00012305378913879395,0.0,0.0,0.604537844657898,-0.09501346200704575,0.03,0,0,0,0,0,0,0,0,0,0,0,0,0,0,0,0,0,0,0,0,0
4.381202697753906,0.0,0.0,0.0,-0.0008022189140319824,-0.00012305378913879395,0.0,0.0,0.604537844657898,-0.09501346200704575,0.03,0,0,0,0,0,0,0,0,0,0,0,0,0,0,0,0,0,0,0,0,0
4.384119272232056,0.0,0.0,0.0,-0.0008022189140319824,-0.00012305378913879395,0.0,0.0,0.604537844657898,-0.09501346200704575,0.03,0,0,0,0,0,0,0,0,0,0,0,0,0,0,0,0,0,0,0,0,0
4.386359214782715,0.0,0.0,0.0,-0.0008046627044677734,-0.00012165307998657227,0.0,0.0,0.6248359084129333,-0.07341813296079636,0.03,0,0,0,0,0,0,0,0,0,0,0,0,0,0,0,0,0,0,0,0,0
4.387909173965454,0.0,0.0,0.0,-0.0008046627044677734,-0.00012165307998657227,0.0,0.0,0.6248359084129333,-0.07341813296079636,0.03,0,0,0,0,0,0,0,0,0,0,0,0,0,0,0,0,0,0,0,0,0
4.3895275592803955,0.0,0.0,0.0,-0.0008046627044677734,-0.00012165307998657227,0.0,0.0,0.6248359084129333,-0.07341813296079636,0.03,0,0,0,0,0,0,0,0,0,0,0,0,0,0,0,0,0,0,0,0,0
4.390729904174805,0.0,0.0,0.0,-0.0008046627044677734,-0.00012165307998657227,0.0,0.0,0.6248359084129333,-0.07341813296079636,0.03,0,0,0,0,0,0,0,0,0,0,0,0,0,0,0,0,0,0,0,0,0
4.392331600189209,0.0,0.0,0.0,-0.0008046627044677734,-0.00012165307998657227,0.0,0.0,0.6248359084129333,-0.07341813296079636,0.03,0,0,0,0,0,0,0,0,0,0,0,0,0,0,0,0,0,0,0,0,0
4.393552541732788,0.0,0.0,0.0,-0.0008046627044677734,-0.00012165307998657227,0.0,0.0,0.6248359084129333,-0.07341813296079636,0.03,0,0,0,0,0,0,0,0,0,0,0,0,0,0,0,0,0,0,0,0,0
4.394713878631592,0.0,0.0,0.0,-0.0008046627044677734,-0.00012165307998657227,0.0,0.0,0.6248359084129333,-0.07341813296079636,0.03,0,0,0,0,0,0,0,0,0,0,0,0,0,0,0,0,0,0,0,0,0
4.396411657333374,0.0,0.0,0.0,-0.0008046627044677734,-0.00012165307998657227,0.0,0.0,0.6248359084129333,-0.07341813296079636,0.03,0,0,0,0,0,0,0,0,0,0,0,0,0,0,0,0,0,0,0,0,0
4.3978636264801025,0.0,0.0,0.0,-0.0008046627044677734,-0.00012165307998657227,0.0,0.0,0.6248359084129333,-0.07341813296079636,0.03,0,0,0,0,0,0,0,0,0,0,0,0,0,0,0,0,0,0,0,0,0
4.399110794067383,0.0,0.0,0.0,-0.0008046627044677734,-0.00012165307998657227,0.0,0.0,0.6248359084129333,-0.07341813296079636,0.03,0,0,0,0,0,0,0,0,0,0,0,0,0,0,0,0,0,0,0,0,0
4.4002625942230225,0.0,0.0,0.0,-0.0008046627044677734,-0.00012165307998657227,0.0,0.0,0.6248359084129333,-0.07341813296079636,0.03,0,0,0,0,0,0,0,0,0,0,0,0,0,0,0,0,0,0,0,0,0
4.402014255523682,0.0,0.0,0.0,-0.0008046627044677734,-0.00012165307998657227,0.0,0.0,0.6248359084129333,-0.07341813296079636,0.03,0,0,0,0,0,0,0,0,0,0,0,0,0,0,0,0,0,0,0,0,0
4.40317177772522,0.0,0.0,0.0,-0.0008046627044677734,-0.00012165307998657227,0.0,0.0,0.6248359084129333,-0.07341813296079636,0.03,0,0,0,0,0,0,0,0,0,0,0,0,0,0,0,0,0,0,0,0,0
4.404333591461182,0.0,0.0,0.0,-0.0008046627044677734,-0.00012165307998657227,0.0,0.0,0.6248359084129333,-0.07341813296079636,0.03,0,0,0,0,0,0,0,0,0,0,0,0,0,0,0,0,0,0,0,0,0
4.405419588088989,0.0,0.0,0.0,-0.0008046627044677734,-0.00012165307998657227,0.0,0.0,0.6248359084129333,-0.07341813296079636,0.03,0,0,0,0,0,0,0,0,0,0,0,0,0,0,0,0,0,0,0,0,0
4.406987428665161,0.0,0.0,0.0,-0.0007802248001098633,-0.00016325712203979492,0.0,0.0,0.5986461639404297,-0.167138934135437,0.03,0,0,0,0,0,0,0,0,0,0,0,0,0,0,0,0,0,0,0,0,0
4.408105134963989,0.0,0.0,0.0,-0.0007827877998352051,-0.00018706917762756348,0.0,0.0,0.5867704749107361,-0.16327853500843048,0.03,0,0,0,0,0,0,0,0,0,0,0,0,0,0,0,0,0,0,0,0,0
4.4094557762146,0.0,0.0,0.0,-0.0007827877998352051,-0.00018706917762756348,0.0,0.0,0.5867704749107361,-0.16327853500843048,0.03,0,0,0,0,0,0,0,0,0,0,0,0,0,0,0,0,0,0,0,0,0
4.4105236530303955,0.0,0.0,0.0,-0.0007827877998352051,-0.00018706917762756348,0.0,0.0,0.5867704749107361,-0.16327853500843048,0.03,0,0,0,0,0,0,0,0,0,0,0,0,0,0,0,0,0,0,0,0,0
4.413801193237305,0.0,0.0,0.0,-0.0008033514022827148,-0.00013956427574157715,0.0,0.0,0.6206525564193726,-0.085992731153965,0.03,0,0,0,0,0,0,0,0,0,0,0,0,0,0,0,0,0,0,0,0,0
4.41530179977417,0.0,0.0,0.0,-0.0008063912391662598,-0.00012418627738952637,0.0,0.0,0.6140787601470947,-0.05644724518060684,0.03,0,0,0,0,0,0,0,0,0,0,0,0,0,0,0,0,0,0,0,0,0
4.416706562042236,0.0,0.0,0.0,-0.0008063912391662598,-0.00012418627738952637,0.0,0.0,0.6140787601470947,-0.05644724518060684,0.03,0,0,0,0,0,0,0,0,0,0,0,0,0,0,0,0,0,0,0,0,0
4.418150901794434,0.0,0.0,0.0,-0.0008063912391662598,-0.00012418627738952637,0.0,0.0,0.6140787601470947,-0.05644724518060684,0.03,0,0,0,0,0,0,0,0,0,0,0,0,0,0,0,0,0,0,0,0,0
4.419512033462524,0.0,0.0,0.0,-0.0008063912391662598,-0.00012418627738952637,0.0,0.0,0.6140787601470947,-0.05644724518060684,0.03,0,0,0,0,0,0,0,0,0,0,0,0,0,0,0,0,0,0,0,0,0
4.420666933059692,0.0,0.0,0.0,-0.0008063912391662598,-0.00012418627738952637,0.0,0.0,0.6140787601470947,-0.05644724518060684,0.03,0,0,0,0,0,0,0,0,0,0,0,0,0,0,0,0,0,0,0,0,0
4.4218223094940186,0.0,0.0,0.0,-0.0008063912391662598,-0.00012418627738952637,0.0,0.0,0.6140787601470947,-0.05644724518060684,0.03,0,0,0,0,0,0,0,0,0,0,0,0,0,0,0,0,0,0,0,0,0
4.423044919967651,0.0,0.0,0.0,-0.0008063912391662598,-0.00012418627738952637,0.0,0.0,0.6140787601470947,-0.05644724518060684,0.03,0,0,0,0,0,0,0,0,0,0,0,0,0,0,0,0,0,0,0,0,0
4.424922227859497,0.0,0.0,0.0,-0.0007882118225097656,-0.0001354515552520752,0.0,0.0,0.5843064785003662,-0.11441906541585922,0.03,0,0,0,0,0,0,0,0,0,0,0,0,0,0,0,0,0,0,0,0,0
4.426318407058716,0.0,0.0,0.0,-0.000764012336730957,-0.00015401840209960938,0.0,0.0,0.5855506062507629,-0.09736340492963791,0.03,0,0,0,0,0,0,0,0,0,0,0,0,0,0,0,0,0,0,0,0,0
4.427963018417358,0.0,0.0,0.0,-0.000764012336730957,-0.00015401840209960938,0.0,0.0,0.5855506062507629,-0.09736340492963791,0.03,0,0,0,0,0,0,0,0,0,0,0,0,0,0,0,0,0,0,0,0,0
4.429070234298706,0.0,0.0,0.0,-0.0008059144020080566,-0.00014358758926391602,0.0,0.0,0.6414327025413513,-0.09430566430091858,0.03,0,0,0,0,0,0,0,0,0,0,0,0,0,0,0,0,0,0,0,0,0
4.433176040649414,0.0,0.0,0.0,-0.0008023381233215332,-0.00015181303024291992,0.0,0.0,0.6074568629264832,-0.12754923105239868,0.03,0,0,0,0,0,0,0,0,0,0,0,0,0,0,0,0,0,0,0,0,0
4.4345598220825195,0.0,0.0,0.0,-0.0008023381233215332,-0.00015181303024291992,0.0,0.0,0.6074568629264832,-0.12754923105239868,0.03,0,0,0,0,0,0,0,0,0,0,0,0,0,0,0,0,0,0,0,0,0
4.435802221298218,0.0,0.0,0.0,-0.0008023381233215332,-0.00015181303024291992,0.0,0.0,0.6074568629264832,-0.12754923105239868,0.03,0,0,0,0,0,0,0,0,0,0,0,0,0,0,0,0,0,0,0,0,0
4.437026739120483,0.0,0.0,0.0,-0.0008023381233215332,-0.00015181303024291992,0.0,0.0,0.6074568629264832,-0.12754923105239868,0.03,0,0,0,0,0,0,0,0,0,0,0,0,0,0,0,0,0,0,0,0,0
4.438439130783081,0.0,0.0,0.0,-0.0008023381233215332,-0.00015181303024291992,0.0,0.0,0.6074568629264832,-0.12754923105239868,0.03,0,0,0,0,0,0,0,0,0,0,0,0,0,0,0,0,0,0,0,0,0
4.439647197723389,0.0,0.0,0.0,-0.0008023381233215332,-0.00015181303024291992,0.0,0.0,0.6074568629264832,-0.12754923105239868,0.03,0,0,0,0,0,0,0,0,0,0,0,0,0,0,0,0,0,0,0,0,0
4.440994739532471,0.0,0.0,0.0,-0.0008023381233215332,-0.00015181303024291992,0.0,0.0,0.6074568629264832,-0.12754923105239868,0.03,0,0,0,0,0,0,0,0,0,0,0,0,0,0,0,0,0,0,0,0,0
4.442817687988281,0.0,0.0,0.0,-0.0008023381233215332,-0.00015181303024291992,0.0,0.0,0.6074568629264832,-0.12754923105239868,0.03,0,0,0,0,0,0,0,0,0,0,0,0,0,0,0,0,0,0,0,0,0
4.443928480148315,0.0,0.0,0.0,-0.0008023381233215332,-0.00015181303024291992,0.0,0.0,0.6074568629264832,-0.12754923105239868,0.03,0,0,0,0,0,0,0,0,0,0,0,0,0,0,0,0,0,0,0,0,0
4.446717977523804,0.0,0.0,0.0,-0.0008023381233215332,-0.00015181303024291992,0.0,0.0,0.6074568629264832,-0.12754923105239868,0.03,0,0,0,0,0,0,0,0,0,0,0,0,0,0,0,0,0,0,0,0,0
4.448028087615967,0.0,0.0,0.0,-0.0008023381233215332,-0.00015181303024291992,0.0,0.0,0.6074568629264832,-0.12754923105239868,0.03,0,0,0,0,0,0,0,0,0,0,0,0,0,0,0,0,0,0,0,0,0
4.449386835098267,0.0,0.0,0.0,-0.0008023381233215332,-0.00015181303024291992,0.0,0.0,0.6074568629264832,-0.12754923105239868,0.03,0,0,0,0,0,0,0,0,0,0,0,0,0,0,0,0,0,0,0,0,0
4.450588703155518,0.0,0.0,0.0,-0.0008023381233215332,-0.00015181303024291992,0.0,0.0,0.6074568629264832,-0.12754923105239868,0.03,0,0,0,0,0,0,0,0,0,0,0,0,0,0,0,0,0,0,0,0,0
4.45188307762146,0.0,0.0,0.0,-0.0008023381233215332,-0.00015181303024291992,0.0,0.0,0.6074568629264832,-0.12754923105239868,0.03,0,0,0,0,0,0,0,0,0,0,0,0,0,0,0,0,0,0,0,0,0
4.4532506465911865,0.0,0.0,0.0,-0.0008023381233215332,-0.00015181303024291992,0.0,0.0,0.6074568629264832,-0.12754923105239868,0.03,0,0,0,0,0,0,0,0,0,0,0,0,0,0,0,0,0,0,0,0,0
4.454626560211182,0.0,0.0,0.0,-0.0008023381233215332,-0.00015181303024291992,0.0,0.0,0.6074568629264832,-0.12754923105239868,0.03,0,0,0,0,0,0,0,0,0,0,0,0,0,0,0,0,0,0,0,0,0
4.455974340438843,0.0,0.0,0.0,-0.0008023381233215332,-0.00015181303024291992,0.0,0.0,0.6074568629264832,-0.12754923105239868,0.03,0,0,0,0,0,0,0,0,0,0,0,0,0,0,0,0,0,0,0,0,0
4.457695722579956,0.0,0.0,0.0,-0.0008023381233215332,-0.00015181303024291992,0.0,0.0,0.6074568629264832,-0.12754923105239868,0.03,0,0,0,0,0,0,0,0,0,0,0,0,0,0,0,0,0,0,0,0,0
4.459583044052124,0.0,0.0,0.0,-0.0008023381233215332,-0.00015181303024291992,0.0,0.0,0.6074568629264832,-0.12754923105239868,0.03,0,0,0,0,0,0,0,0,0,0,0,0,0,0,0,0,0,0,0,0,0
4.460699081420898,0.0,0.0,0.0,-0.0007761716842651367,-0.00012862682342529297,0.0,0.0,0.5748211145401001,-0.11748667061328888,0.03,0,0,0,0,0,0,0,0,0,0,0,0,0,0,0,0,0,0,0,0,0
4.461799383163452,0.0,0.0,0.0,-0.0007761716842651367,-0.00012862682342529297,0.0,0.0,0.5748211145401001,-0.11748667061328888,0.03,0,0,0,0,0,0,0,0,0,0,0,0,0,0,0,0,0,0,0,0,0
4.465408086776733,0.0,0.0,0.0,-0.0007902979850769043,-0.00013947486877441406,0.0,0.0,0.6102931499481201,-0.10824023187160492,0.03,0,0,0,0,0,0,0,0,0,0,0,0,0,0,0,0,0,0,0,0,0
4.466518878936768,0.0,0.0,0.0,-0.0007902979850769043,-0.00013947486877441406,0.0,0.0,0.6102931499481201,-0.10824023187160492,0.03,0,0,0,0,0,0,0,0,0,0,0,0,0,0,0,0,0,0,0,0,0
4.467888116836548,0.0,0.0,0.0,-0.0007902979850769043,-0.00013947486877441406,0.0,0.0,0.6102931499481201,-0.10824023187160492,0.03,0,0,0,0,0,0,0,0,0,0,0,0,0,0,0,0,0,0,0,0,0
4.469436407089233,0.0,0.0,0.0,-0.0007902979850769043,-0.00013947486877441406,0.0,0.0,0.6102931499481201,-0.10824023187160492,0.03,0,0,0,0,0,0,0,0,0,0,0,0,0,0,0,0,0,0,0,0,0
4.470606088638306,0.0,0.0,0.0,-0.0007902979850769043,-0.00013947486877441406,0.0,0.0,0.6102931499481201,-0.10824023187160492,0.03,0,0,0,0,0,0,0,0,0,0,0,0,0,0,0,0,0,0,0,0,0
4.473201036453247,0.0,0.0,0.0,-0.0007902979850769043,-0.00013947486877441406,0.0,0.0,0.6102931499481201,-0.10824023187160492,0.03,0,0,0,0,0,0,0,0,0,0,0,0,0,0,0,0,0,0,0,0,0
4.474323511123657,0.0,0.0,0.0,-0.0007883906364440918,-0.00012537837028503418,0.0,0.0,0.5750292539596558,-0.08534408360719681,0.03,0,0,0,0,0,0,0,0,0,0,0,0,0,0,0,0,0,0,0,0,0
4.475421905517578,0.0,0.0,0.0,-0.0007883906364440918,-0.00012537837028503418,0.0,0.0,0.5750292539596558,-0.08534408360719681,0.03,0,0,0,0,0,0,0,0,0,0,0,0,0,0,0,0,0,0,0,0,0
4.476788520812988,0.0,0.0,0.0,-0.0007883906364440918,-0.00012537837028503418,0.0,0.0,0.5750292539596558,-0.08534408360719681,0.03,0,0,0,0,0,0,0,0,0,0,0,0,0,0,0,0,0,0,0,0,0
4.478142023086548,0.0,0.0,0.0,-0.0007883906364440918,-0.00012537837028503418,0.0,0.0,0.5750292539596558,-0.08534408360719681,0.03,0,0,0,0,0,0,0,0,0,0,0,0,0,0,0,0,0,0,0,0,0
4.4795451164245605,0.0,0.0,0.0,-0.0007883906364440918,-0.00012537837028503418,0.0,0.0,0.5750292539596558,-0.08534408360719681,0.03,0,0,0,0,0,0,0,0,0,0,0,0,0,0,0,0,0,0,0,0,0
4.481389045715332,0.0,0.0,0.0,-0.0007883906364440918,-0.00012537837028503418,0.0,0.0,0.5750292539596558,-0.08534408360719681,0.03,0,0,0,0,0,0,0,0,0,0,0,0,0,0,0,0,0,0,0,0,0
4.482481241226196,0.0,0.0,0.0,-0.0007883906364440918,-0.00012537837028503418,0.0,0.0,0.5750292539596558,-0.08534408360719681,0.03,0,0,0,0,0,0,0,0,0,0,0,0,0,0,0,0,0,0,0,0,0
4.4835734367370605,0.0,0.0,0.0,-0.0007883906364440918,-0.00012537837028503418,0.0,0.0,0.5750292539596558,-0.08534408360719681,0.03,0,0,0,0,0,0,0,0,0,0,0,0,0,0,0,0,0,0,0,0,0
4.484640836715698,0.0,0.0,0.0,-0.0007883906364440918,-0.00012537837028503418,0.0,0.0,0.5750292539596558,-0.08534408360719681,0.03,0,0,0,0,0,0,0,0,0,0,0,0,0,0,0,0,0,0,0,0,0
4.485798597335815,0.0,0.0,0.0,-0.0007883906364440918,-0.00012537837028503418,0.0,0.0,0.5750292539596558,-0.08534408360719681,0.03,0,0,0,0,0,0,0,0,0,0,0,0,0,0,0,0,0,0,0,0,0
4.486949682235718,0.0,0.0,0.0,-0.0007883906364440918,-0.00012537837028503418,0.0,0.0,0.5750292539596558,-0.08534408360719681,0.03,0,0,0,0,0,0,0,0,0,0,0,0,0,0,0,0,0,0,0,0,0
4.488074541091919,0.0,0.0,0.0,-0.0007883906364440918,-0.00012537837028503418,0.0,0.0,0.5750292539596558,-0.08534408360719681,0.03,0,0,0,0,0,0,0,0,0,0,0,0,0,0,0,0,0,0,0,0,0
4.490156888961792,0.0,0.0,0.0,-0.0007790327072143555,-0.00016742944717407227,0.0,0.0,0.5896086096763611,-0.07164691388607025,0.03,0,0,0,0,0,0,0,0,0,0,0,0,0,0,0,0,0,0,0,0,0
4.491773366928101,0.0,0.0,0.0,-0.0007790327072143555,-0.00016742944717407227,0.0,0.0,0.5896086096763611,-0.07164691388607025,0.03,0,0,0,0,0,0,0,0,0,0,0,0,0,0,0,0,0,0,0,0,0
4.49358057975769,0.0,0.0,0.0,-0.0007790327072143555,-0.00016742944717407227,0.0,0.0,0.5896086096763611,-0.07164691388607025,0.03,0,0,0,0,0,0,0,0,0,0,0,0,0,0,0,0,0,0,0,0,0
4.495465993881226,0.0,0.0,0.0,-0.0007790327072143555,-0.00016742944717407227,0.0,0.0,0.5896086096763611,-0.07164691388607025,0.03,0,0,0,0,0,0,0,0,0,0,0,0,0,0,0,0,0,0,0,0,0
4.496610879898071,0.0,0.0,0.0,-0.0007790327072143555,-0.00016742944717407227,0.0,0.0,0.5896086096763611,-0.07164691388607025,0.03,0,0,0,0,0,0,0,0,0,0,0,0,0,0,0,0,0,0,0,0,0
4.498218059539795,0.0,0.0,0.0,-0.0007790327072143555,-0.00016742944717407227,0.0,0.0,0.5896086096763611,-0.07164691388607025,0.03,0,0,0,0,0,0,0,0,0,0,0,0,0,0,0,0,0,0,0,0,0
4.5003886222839355,0.0,0.0,0.0,-0.0007790327072143555,-0.00016742944717407227,0.0,0.0,0.5896086096763611,-0.07164691388607025,0.03,0,0,0,0,0,0,0,0,0,0,0,0,0,0,0,0,0,0,0,0,0
4.501725673675537,0.0,0.0,0.0,-0.0007790327072143555,-0.00016742944717407227,0.0,0.0,0.5896086096763611,-0.07164691388607025,0.03,0,0,0,0,0,0,0,0,0,0,0,0,0,0,0,0,0,0,0,0,0
4.502943754196167,0.0,0.0,0.0,-0.0007790327072143555,-0.00016742944717407227,0.0,0.0,0.5896086096763611,-0.07164691388607025,0.03,0,0,0,0,0,0,0,0,0,0,0,0,0,0,0,0,0,0,0,0,0
4.50545597076416,0.0,0.0,0.0,-0.0007790327072143555,-0.00016742944717407227,0.0,0.0,0.5896086096763611,-0.07164691388607025,0.03,0,0,0,0,0,0,0,0,0,0,0,0,0,0,0,0,0,0,0,0,0
4.507032155990601,0.0,0.0,0.0,-0.0007658004760742188,-0.00012195110321044922,0.0,0.0,0.5357440710067749,-0.017867881804704666,0.03,0,0,0,0,0,0,0,0,0,0,0,0,0,0,0,0,0,0,0,0,0
4.5082175731658936,0.0,0.0,0.0,-0.0007658004760742188,-0.00012195110321044922,0.0,0.0,0.5357440710067749,-0.017867881804704666,0.03,0,0,0,0,0,0,0,0,0,0,0,0,0,0,0,0,0,0,0,0,0
4.509518146514893,0.0,0.0,0.0,-0.0007658004760742188,-0.00012195110321044922,0.0,0.0,0.5357440710067749,-0.017867881804704666,0.03,0,0,0,0,0,0,0,0,0,0,0,0,0,0,0,0,0,0,0,0,0
4.5107104778289795,0.0,0.0,0.0,-0.0007658004760742188,-0.00012195110321044922,0.0,0.0,0.5357440710067749,-0.017867881804704666,0.03,0,0,0,0,0,0,0,0,0,0,0,0,0,0,0,0,0,0,0,0,0
4.511842489242554,0.0,0.0,0.0,-0.0007658004760742188,-0.00012195110321044922,0.0,0.0,0.5357440710067749,-0.017867881804704666,0.03,0,0,0,0,0,0,0,0,0,0,0,0,0,0,0,0,0,0,0,0,0
4.512909412384033,0.0,0.0,0.0,-0.0007658004760742188,-0.00012195110321044922,0.0,0.0,0.5357440710067749,-0.017867881804704666,0.03,0,0,0,0,0,0,0,0,0,0,0,0,0,0,0,0,0,0,0,0,0
4.514275074005127,0.0,0.0,0.0,-0.0007658004760742188,-0.00012195110321044922,0.0,0.0,0.5357440710067749,-0.017867881804704666,0.03,0,0,0,0,0,0,0,0,0,0,0,0,0,0,0,0,0,0,0,0,0
4.515745639801025,0.0,0.0,0.0,-0.0007658004760742188,-0.00012195110321044922,0.0,0.0,0.5357440710067749,-0.017867881804704666,0.03,0,0,0,0,0,0,0,0,0,0,0,0,0,0,0,0,0,0,0,0,0
4.520538806915283,0.0,0.0,0.0,-0.0008016228675842285,-9.745359420776367e-05,0.0,0.0,0.6134101748466492,-0.056640274822711945,0.03,0,0,0,0,0,0,0,0,0,0,0,0,0,0,0,0,0,0,0,0,0
4.521687984466553,0.0,0.0,0.0,-0.0008016228675842285,-9.745359420776367e-05,0.0,0.0,0.6134101748466492,-0.056640274822711945,0.03,0,0,0,0,0,0,0,0,0,0,0,0,0,0,0,0,0,0,0,0,0
4.5229644775390625,0.0,0.0,0.0,-0.0008016228675842285,-9.745359420776367e-05,0.0,0.0,0.6134101748466492,-0.056640274822711945,0.03,0,0,0,0,0,0,0,0,0,0,0,0,0,0,0,0,0,0,0,0,0
4.524306774139404,0.0,0.0,0.0,-0.0008016228675842285,-9.745359420776367e-05,0.0,0.0,0.6134101748466492,-0.056640274822711945,0.03,0,0,0,0,0,0,0,0,0,0,0,0,0,0,0,0,0,0,0,0,0
4.525728940963745,0.0,0.0,0.0,-0.0008016228675842285,-9.745359420776367e-05,0.0,0.0,0.6134101748466492,-0.056640274822711945,0.03,0,0,0,0,0,0,0,0,0,0,0,0,0,0,0,0,0,0,0,0,0
4.527158737182617,0.0,0.0,0.0,-0.0008016228675842285,-9.745359420776367e-05,0.0,0.0,0.6134101748466492,-0.056640274822711945,0.03,0,0,0,0,0,0,0,0,0,0,0,0,0,0,0,0,0,0,0,0,0
4.528487920761108,0.0,0.0,0.0,-0.0008016228675842285,-9.745359420776367e-05,0.0,0.0,0.6134101748466492,-0.056640274822711945,0.03,0,0,0,0,0,0,0,0,0,0,0,0,0,0,0,0,0,0,0,0,0
4.529606103897095,0.0,0.0,0.0,-0.0008016228675842285,-9.745359420776367e-05,0.0,0.0,0.6134101748466492,-0.056640274822711945,0.03,0,0,0,0,0,0,0,0,0,0,0,0,0,0,0,0,0,0,0,0,0
4.530959367752075,0.0,0.0,0.0,-0.0008016228675842285,-9.745359420776367e-05,0.0,0.0,0.6134101748466492,-0.056640274822711945,0.03,0,0,0,0,0,0,0,0,0,0,0,0,0,0,0,0,0,0,0,0,0
4.532421588897705,0.0,0.0,0.0,-0.0008016228675842285,-9.745359420776367e-05,0.0,0.0,0.6134101748466492,-0.056640274822711945,0.03,0,0,0,0,0,0,0,0,0,0,0,0,0,0,0,0,0,0,0,0,0
4.536681175231934,0.0,0.0,0.0,-0.0008039474487304688,-6.976723670959473e-05,0.0,0.0,0.6237307190895081,-0.032675180584192276,0.03,0,0,0,0,0,0,0,0,0,0,0,0,0,0,0,0,0,0,0,0,0
4.538748741149902,0.0,0.0,0.0,-0.0008039474487304688,-6.976723670959473e-05,0.0,0.0,0.6237307190895081,-0.032675180584192276,0.03,0,0,0,0,0,0,0,0,0,0,0,0,0,0,0,0,0,0,0,0,0
4.54050874710083,0.0,0.0,0.0,-0.0008039474487304688,-6.976723670959473e-05,0.0,0.0,0.6237307190895081,-0.032675180584192276,0.03,0,0,0,0,0,0,0,0,0,0,0,0,0,0,0,0,0,0,0,0,0
4.542469024658203,0.0,0.0,0.0,-0.0007734894752502441,-6.246566772460938e-05,0.0,0.0,0.566632866859436,-0.052382346242666245,0.03,0,0,0,0,0,0,0,0,0,0,0,0,0,0,0,0,0,0,0,0,0
4.544171094894409,0.0,0.0,0.0,-0.0007734894752502441,-6.246566772460938e-05,0.0,0.0,0.566632866859436,-0.052382346242666245,0.03,0,0,0,0,0,0,0,0,0,0,0,0,0,0,0,0,0,0,0,0,0
4.5456154346466064,0.0,0.0,0.0,-0.0007925629615783691,-6.172060966491699e-05,0.0,0.0,0.6219721436500549,-0.021494200453162193,0.03,0,0,0,0,0,0,0,0,0,0,0,0,0,0,0,0,0,0,0,0,0
4.547258138656616,0.0,0.0,0.0,-0.0007925629615783691,-6.172060966491699e-05,0.0,0.0,0.6219721436500549,-0.021494200453162193,0.03,0,0,0,0,0,0,0,0,0,0,0,0,0,0,0,0,0,0,0,0,0
4.548342943191528,0.0,0.0,0.0,-0.0007925629615783691,-6.172060966491699e-05,0.0,0.0,0.6219721436500549,-0.021494200453162193,0.03,0,0,0,0,0,0,0,0,0,0,0,0,0,0,0,0,0,0,0,0,0
4.550078392028809,0.0,0.0,0.0,-0.0007925629615783691,-6.172060966491699e-05,0.0,0.0,0.6219721436500549,-0.021494200453162193,0.03,0,0,0,0,0,0,0,0,0,0,0,0,0,0,0,0,0,0,0,0,0
4.552337646484375,0.0,0.0,0.0,-0.0007925629615783691,-6.172060966491699e-05,0.0,0.0,0.6219721436500549,-0.021494200453162193,0.03,0,0,0,0,0,0,0,0,0,0,0,0,0,0,0,0,0,0,0,0,0
4.553582191467285,0.0,0.0,0.0,-0.0007925629615783691,-6.172060966491699e-05,0.0,0.0,0.6219721436500549,-0.021494200453162193,0.03,0,0,0,0,0,0,0,0,0,0,0,0,0,0,0,0,0,0,0,0,0
4.554859399795532,0.0,0.0,0.0,-0.0007655620574951172,-0.00010785460472106934,0.0,0.0,0.5673479437828064,-0.11123144626617432,0.03,0,0,0,0,0,0,0,0,0,0,0,0,0,0,0,0,0,0,0,0,0
4.556360721588135,0.0,0.0,0.0,-0.0007655620574951172,-0.00010785460472106934,0.0,0.0,0.5673479437828064,-0.11123144626617432,0.03,0,0,0,0,0,0,0,0,0,0,0,0,0,0,0,0,0,0,0,0,0
4.557816028594971,0.0,0.0,0.0,-0.0007655620574951172,-0.00010785460472106934,0.0,0.0,0.5673479437828064,-0.11123144626617432,0.03,0,0,0,0,0,0,0,0,0,0,0,0,0,0,0,0,0,0,0,0,0
4.5589189529418945,0.0,0.0,0.0,-0.0007655620574951172,-0.00010785460472106934,0.0,0.0,0.5673479437828064,-0.11123144626617432,0.03,0,0,0,0,0,0,0,0,0,0,0,0,0,0,0,0,0,0,0,0,0
4.560156345367432,0.0,0.0,0.0,-0.0007655620574951172,-0.00010785460472106934,0.0,0.0,0.5673479437828064,-0.11123144626617432,0.03,0,0,0,0,0,0,0,0,0,0,0,0,0,0,0,0,0,0,0,0,0
4.561303377151489,0.0,0.0,0.0,-0.0007655620574951172,-0.00010785460472106934,0.0,0.0,0.5673479437828064,-0.11123144626617432,0.03,0,0,0,0,0,0,0,0,0,0,0,0,0,0,0,0,0,0,0,0,0
4.5625221729278564,0.0,0.0,0.0,-0.0007655620574951172,-0.00010785460472106934,0.0,0.0,0.5673479437828064,-0.11123144626617432,0.03,0,0,0,0,0,0,0,0,0,0,0,0,0,0,0,0,0,0,0,0,0
4.563610553741455,0.0,0.0,0.0,-0.0007655620574951172,-0.00010785460472106934,0.0,0.0,0.5673479437828064,-0.11123144626617432,0.03,0,0,0,0,0,0,0,0,0,0,0,0,0,0,0,0,0,0,0,0,0
4.564786434173584,0.0,0.0,0.0,-0.0007655620574951172,-0.00010785460472106934,0.0,0.0,0.5673479437828064,-0.11123144626617432,0.03,0,0,0,0,0,0,0,0,0,0,0,0,0,0,0,0,0,0,0,0,0
4.5676445960998535,0.0,0.0,0.0,-0.0007655620574951172,-0.00010785460472106934,0.0,0.0,0.5673479437828064,-0.11123144626617432,0.03,0,0,0,0,0,0,0,0,0,0,0,0,0,0,0,0,0,0,0,0,0
4.569539785385132,0.0,0.0,0.0,-0.0007655620574951172,-0.00010785460472106934,0.0,0.0,0.5673479437828064,-0.11123144626617432,0.03,0,0,0,0,0,0,0,0,0,0,0,0,0,0,0,0,0,0,0,0,0
4.571108341217041,0.0,0.0,0.0,-0.0007655620574951172,-0.00010785460472106934,0.0,0.0,0.5673479437828064,-0.11123144626617432,0.03,0,0,0,0,0,0,0,0,0,0,0,0,0,0,0,0,0,0,0,0,0
4.572415590286255,0.0,0.0,0.0,-0.0007655620574951172,-0.00010785460472106934,0.0,0.0,0.5673479437828064,-0.11123144626617432,0.03,0,0,0,0,0,0,0,0,0,0,0,0,0,0,0,0,0,0,0,0,0
4.57363486289978,0.0,0.0,0.0,-0.0007655620574951172,-0.00010785460472106934,0.0,0.0,0.5673479437828064,-0.11123144626617432,0.03,0,0,0,0,0,0,0,0,0,0,0,0,0,0,0,0,0,0,0,0,0
4.574846029281616,0.0,0.0,0.0,-0.0007655620574951172,-0.00010785460472106934,0.0,0.0,0.5673479437828064,-0.11123144626617432,0.03,0,0,0,0,0,0,0,0,0,0,0,0,0,0,0,0,0,0,0,0,0
4.576284885406494,0.0,0.0,0.0,-0.0007655620574951172,-0.00010785460472106934,0.0,0.0,0.5673479437828064,-0.11123144626617432,0.03,0,0,0,0,0,0,0,0,0,0,0,0,0,0,0,0,0,0,0,0,0
4.577547550201416,0.0,0.0,0.0,-0.0007655620574951172,-0.00010785460472106934,0.0,0.0,0.5673479437828064,-0.11123144626617432,0.03,0,0,0,0,0,0,0,0,0,0,0,0,0,0,0,0,0,0,0,0,0
4.578972578048706,0.0,0.0,0.0,-0.0007655620574951172,-0.00010785460472106934,0.0,0.0,0.5673479437828064,-0.11123144626617432,0.03,0,0,0,0,0,0,0,0,0,0,0,0,0,0,0,0,0,0,0,0,0
4.580175399780273,0.0,0.0,0.0,-0.0007655620574951172,-0.00010785460472106934,0.0,0.0,0.5673479437828064,-0.11123144626617432,0.03,0,0,0,0,0,0,0,0,0,0,0,0,0,0,0,0,0,0,0,0,0
4.581392526626587,0.0,0.0,0.0,-0.0007655620574951172,-0.00010785460472106934,0.0,0.0,0.5673479437828064,-0.11123144626617432,0.03,0,0,0,0,0,0,0,0,0,0,0,0,0,0,0,0,0,0,0,0,0
4.582453727722168,0.0,0.0,0.0,-0.0007655620574951172,-0.00010785460472106934,0.0,0.0,0.5673479437828064,-0.11123144626617432,0.03,0,0,0,0,0,0,0,0,0,0,0,0,0,0,0,0,0,0,0,0,0
4.583631277084351,0.0,0.0,0.0,-0.0007655620574951172,-0.00010785460472106934,0.0,0.0,0.5673479437828064,-0.11123144626617432,0.03,0,0,0,0,0,0,0,0,0,0,0,0,0,0,0,0,0,0,0,0,0
4.584825038909912,0.0,0.0,0.0,-0.0007655620574951172,-0.00010785460472106934,0.0,0.0,0.5673479437828064,-0.11123144626617432,0.03,0,0,0,0,0,0,0,0,0,0,0,0,0,0,0,0,0,0,0,0,0
4.586156368255615,0.0,0.0,0.0,-0.0007655620574951172,-0.00010785460472106934,0.0,0.0,0.5673479437828064,-0.11123144626617432,0.03,0,0,0,0,0,0,0,0,0,0,0,0,0,0,0,0,0,0,0,0,0
4.587479829788208,0.0,0.0,0.0,-0.0007655620574951172,-0.00010785460472106934,0.0,0.0,0.5673479437828064,-0.11123144626617432,0.03,0,0,0,0,0,0,0,0,0,0,0,0,0,0,0,0,0,0,0,0,0
4.588624954223633,0.0,0.0,0.0,-0.0007655620574951172,-0.00010785460472106934,0.0,0.0,0.5673479437828064,-0.11123144626617432,0.03,0,0,0,0,0,0,0,0,0,0,0,0,0,0,0,0,0,0,0,0,0
4.591546058654785,0.0,0.0,0.0,-0.0007655620574951172,-0.00010785460472106934,0.0,0.0,0.5673479437828064,-0.11123144626617432,0.03,0,0,0,0,0,0,0,0,0,0,0,0,0,0,0,0,0,0,0,0,0
4.592637777328491,0.0,0.0,0.0,-0.0007655620574951172,-0.00010785460472106934,0.0,0.0,0.5673479437828064,-0.11123144626617432,0.03,0,0,0,0,0,0,0,0,0,0,0,0,0,0,0,0,0,0,0,0,0
4.593740940093994,0.0,0.0,0.0,-0.0007655620574951172,-0.00010785460472106934,0.0,0.0,0.5673479437828064,-0.11123144626617432,0.03,0,0,0,0,0,0,0,0,0,0,0,0,0,0,0,0,0,0,0,0,0
4.5951454639434814,0.0,0.0,0.0,-0.0007925629615783691,-7.891654968261719e-05,0.0,0.0,0.6184419989585876,-0.06328704953193665,0.03,0,0,0,0,0,0,0,0,0,0,0,0,0,0,0,0,0,0,0,0,0
4.596745014190674,0.0,0.0,0.0,-0.0007925629615783691,-7.891654968261719e-05,0.0,0.0,0.6184419989585876,-0.06328704953193665,0.03,0,0,0,0,0,0,0,0,0,0,0,0,0,0,0,0,0,0,0,0,0
4.598632335662842,0.0,0.0,0.0,-0.0007925629615783691,-7.891654968261719e-05,0.0,0.0,0.6184419989585876,-0.06328704953193665,0.03,0,0,0,0,0,0,0,0,0,0,0,0,0,0,0,0,0,0,0,0,0
4.601343154907227,0.0,0.0,0.0,-0.0008027553558349609,-6.985664367675781e-05,0.0,0.0,0.6499074697494507,-0.03874635323882103,0.03,0,0,0,0,0,0,0,0,0,0,0,0,0,0,0,0,0,0,0,0,0
4.60361647605896,0.0,0.0,0.0,-0.0008027553558349609,-6.985664367675781e-05,0.0,0.0,0.6499074697494507,-0.03874635323882103,0.03,0,0,0,0,0,0,0,0,0,0,0,0,0,0,0,0,0,0,0,0,0
4.604858160018921,0.0,0.0,0.0,-0.0007721185684204102,-6.160140037536621e-05,0.0,0.0,0.5474305152893066,-0.06046652793884277,0.03,0,0,0,0,0,0,0,0,0,0,0,0,0,0,0,0,0,0,0,0,0
4.606595039367676,0.0,0.0,0.0,-0.0007720589637756348,-6.189942359924316e-05,0.0,0.0,0.5738099813461304,-0.05377369001507759,0.03,0,0,0,0,0,0,0,0,0,0,0,0,0,0,0,0,0,0,0,0,0
4.607691287994385,0.0,0.0,0.0,-0.0007734298706054688,-6.16312026977539e-05,0.0,0.0,0.5831069946289062,-0.0509113185107708,0.03,0,0,0,0,0,0,0,0,0,0,0,0,0,0,0,0,0,0,0,0,0
4.609601736068726,0.0,0.0,0.0,-0.0007734298706054688,-6.16312026977539e-05,0.0,0.0,0.5831069946289062,-0.0509113185107708,0.03,0,0,0,0,0,0,0,0,0,0,0,0,0,0,0,0,0,0,0,0,0
4.613155364990234,0.0,0.0,0.0,-0.0007573366165161133,-6.154179573059082e-05,0.0,0.0,0.5488530993461609,-0.05080872401595116,0.03,0,0,0,0,0,0,0,0,0,0,0,0,0,0,0,0,0,0,0,0,0
4.614351272583008,0.0,0.0,0.0,-0.0007573366165161133,-6.154179573059082e-05,0.0,0.0,0.5488530993461609,-0.05080872401595116,0.03,0,0,0,0,0,0,0,0,0,0,0,0,0,0,0,0,0,0,0,0,0
4.616829872131348,0.0,0.0,0.0,-0.0007573366165161133,-6.154179573059082e-05,0.0,0.0,0.5488530993461609,-0.05080872401595116,0.03,0,0,0,0,0,0,0,0,0,0,0,0,0,0,0,0,0,0,0,0,0
4.61798620223999,0.0,0.0,0.0,-0.0007573366165161133,-6.154179573059082e-05,0.0,0.0,0.5488530993461609,-0.05080872401595116,0.03,0,0,0,0,0,0,0,0,0,0,0,0,0,0,0,0,0,0,0,0,0
4.619897365570068,0.0,0.0,0.0,-0.0008004903793334961,-8.273124694824219e-05,0.0,0.0,0.6513893008232117,-0.05779051408171654,0.03,0,0,0,0,0,0,0,0,0,0,0,0,0,0,0,0,0,0,0,0,0
4.62192702293396,0.0,0.0,0.0,-0.0007736682891845703,-5.716085433959961e-05,0.0,0.0,0.5933029055595398,0.007545946165919304,0.03,0,0,0,0,0,0,0,0,0,0,0,0,0,0,0,0,0,0,0,0,0
4.623603105545044,0.0,0.0,0.0,-0.0007995963096618652,-5.969405174255371e-05,0.0,0.0,0.6386414766311646,-0.04479159042239189,0.03,0,0,0,0,0,0,0,0,0,0,0,0,0,0,0,0,0,0,0,0,0
4.624935626983643,0.0,0.0,0.0,-0.0007995963096618652,-5.969405174255371e-05,0.0,0.0,0.6386414766311646,-0.04479159042239189,0.03,0,0,0,0,0,0,0,0,0,0,0,0,0,0,0,0,0,0,0,0,0
4.626036167144775,0.0,0.0,0.0,-0.0007995963096618652,-5.969405174255371e-05,0.0,0.0,0.6386414766311646,-0.04479159042239189,0.03,0,0,0,0,0,0,0,0,0,0,0,0,0,0,0,0,0,0,0,0,0
4.627525806427002,0.0,0.0,0.0,-0.0007995963096618652,-5.969405174255371e-05,0.0,0.0,0.6386414766311646,-0.04479159042239189,0.03,0,0,0,0,0,0,0,0,0,0,0,0,0,0,0,0,0,0,0,0,0
4.6288299560546875,0.0,0.0,0.0,-0.0007995963096618652,-5.969405174255371e-05,0.0,0.0,0.6386414766311646,-0.04479159042239189,0.03,0,0,0,0,0,0,0,0,0,0,0,0,0,0,0,0,0,0,0,0,0
4.629897117614746,0.0,0.0,0.0,-0.0007995963096618652,-5.969405174255371e-05,0.0,0.0,0.6386414766311646,-0.04479159042239189,0.03,0,0,0,0,0,0,0,0,0,0,0,0,0,0,0,0,0,0,0,0,0
4.631688594818115,0.0,0.0,0.0,-0.0007995963096618652,-5.969405174255371e-05,0.0,0.0,0.6386414766311646,-0.04479159042239189,0.03,0,0,0,0,0,0,0,0,0,0,0,0,0,0,0,0,0,0,0,0,0
4.632829904556274,0.0,0.0,0.0,-0.0007873177528381348,-6.201863288879395e-05,0.0,0.0,0.6236628890037537,-0.04791884869337082,0.03,0,0,0,0,0,0,0,0,0,0,0,0,0,0,0,0,0,0,0,0,0
4.634443521499634,0.0,0.0,0.0,-0.000779271125793457,-6.240606307983398e-05,0.0,0.0,0.6085439324378967,-0.06017766892910004,0.03,0,0,0,0,0,0,0,0,0,0,0,0,0,0,0,0,0,0,0,0,0
4.635662317276001,0.0,0.0,0.0,-0.0007964968681335449,-6.130337715148926e-05,0.0,0.0,0.5846973061561584,-0.04599304869771004,0.03,0,0,0,0,0,0,0,0,0,0,0,0,0,0,0,0,0,0,0,0,0
4.636864423751831,0.0,0.0,0.0,-0.0007964968681335449,-6.130337715148926e-05,0.0,0.0,0.5846973061561584,-0.04599304869771004,0.03,0,0,0,0,0,0,0,0,0,0,0,0,0,0,0,0,0,0,0,0,0
4.638032913208008,0.0,0.0,0.0,-0.0007964968681335449,-6.130337715148926e-05,0.0,0.0,0.5846973061561584,-0.04599304869771004,0.03,0,0,0,0,0,0,0,0,0,0,0,0,0,0,0,0,0,0,0,0,0
4.639179944992065,0.0,0.0,0.0,-0.0007964968681335449,-6.130337715148926e-05,0.0,0.0,0.5846973061561584,-0.04599304869771004,0.03,0,0,0,0,0,0,0,0,0,0,0,0,0,0,0,0,0,0,0,0,0
4.640242576599121,0.0,0.0,0.0,-0.0007964968681335449,-6.130337715148926e-05,0.0,0.0,0.5846973061561584,-0.04599304869771004,0.03,0,0,0,0,0,0,0,0,0,0,0,0,0,0,0,0,0,0,0,0,0
4.641366004943848,0.0,0.0,0.0,-0.0007964968681335449,-6.130337715148926e-05,0.0,0.0,0.5846973061561584,-0.04599304869771004,0.03,0,0,0,0,0,0,0,0,0,0,0,0,0,0,0,0,0,0,0,0,0
4.643746852874756,0.0,0.0,0.0,-0.0007964968681335449,-6.130337715148926e-05,0.0,0.0,0.5846973061561584,-0.04599304869771004,0.03,0,0,0,0,0,0,0,0,0,0,0,0,0,0,0,0,0,0,0,0,0
4.645299673080444,0.0,0.0,0.0,-0.0007964968681335449,-6.130337715148926e-05,0.0,0.0,0.5846973061561584,-0.04599304869771004,0.03,0,0,0,0,0,0,0,0,0,0,0,0,0,0,0,0,0,0,0,0,0
4.646568536758423,0.0,0.0,0.0,-0.0007964968681335449,-6.130337715148926e-05,0.0,0.0,0.5846973061561584,-0.04599304869771004,0.03,0,0,0,0,0,0,0,0,0,0,0,0,0,0,0,0,0,0,0,0,0
4.6480162143707275,0.0,0.0,0.0,-0.0007964968681335449,-6.130337715148926e-05,0.0,0.0,0.5846973061561584,-0.04599304869771004,0.03,0,0,0,0,0,0,0,0,0,0,0,0,0,0,0,0,0,0,0,0,0
4.6493470668792725,0.0,0.0,0.0,-0.0007964968681335449,-6.130337715148926e-05,0.0,0.0,0.5846973061561584,-0.04599304869771004,0.03,0,0,0,0,0,0,0,0,0,0,0,0,0,0,0,0,0,0,0,0,0
4.651376962661743,0.0,0.0,0.0,-0.0007964968681335449,-6.130337715148926e-05,0.0,0.0,0.5846973061561584,-0.04599304869771004,0.03,0,0,0,0,0,0,0,0,0,0,0,0,0,0,0,0,0,0,0,0,0
4.6524858474731445,0.0,0.0,0.0,-0.0007964968681335449,-6.130337715148926e-05,0.0,0.0,0.5846973061561584,-0.04599304869771004,0.03,0,0,0,0,0,0,0,0,0,0,0,0,0,0,0,0,0,0,0,0,0
4.653676271438599,0.0,0.0,0.0,-0.0007964968681335449,-6.130337715148926e-05,0.0,0.0,0.5846973061561584,-0.04599304869771004,0.03,0,0,0,0,0,0,0,0,0,0,0,0,0,0,0,0,0,0,0,0,0
4.655628204345703,0.0,0.0,0.0,-0.0007964968681335449,-6.130337715148926e-05,0.0,0.0,0.5846973061561584,-0.04599304869771004,0.03,0,0,0,0,0,0,0,0,0,0,0,0,0,0,0,0,0,0,0,0,0
4.656810522079468,0.0,0.0,0.0,-0.0007964968681335449,-6.130337715148926e-05,0.0,0.0,0.5846973061561584,-0.04599304869771004,0.03,0,0,0,0,0,0,0,0,0,0,0,0,0,0,0,0,0,0,0,0,0
4.6580235958099365,0.0,0.0,0.0,-0.0007964968681335449,-6.130337715148926e-05,0.0,0.0,0.5846973061561584,-0.04599304869771004,0.03,0,0,0,0,0,0,0,0,0,0,0,0,0,0,0,0,0,0,0,0,0
4.659228086471558,0.0,0.0,0.0,-0.0007964968681335449,-6.130337715148926e-05,0.0,0.0,0.5846973061561584,-0.04599304869771004,0.03,0,0,0,0,0,0,0,0,0,0,0,0,0,0,0,0,0,0,0,0,0
4.660420656204224,0.0,0.0,0.0,-0.0007964968681335449,-6.130337715148926e-05,0.0,0.0,0.5846973061561584,-0.04599304869771004,0.03,0,0,0,0,0,0,0,0,0,0,0,0,0,0,0,0,0,0,0,0,0
4.6614885330200195,0.0,0.0,0.0,-0.0007964968681335449,-6.130337715148926e-05,0.0,0.0,0.5846973061561584,-0.04599304869771004,0.03,0,0,0,0,0,0,0,0,0,0,0,0,0,0,0,0,0,0,0,0,0
4.663278579711914,0.0,0.0,0.0,-0.0007964968681335449,-6.130337715148926e-05,0.0,0.0,0.5846973061561584,-0.04599304869771004,0.03,0,0,0,0,0,0,0,0,0,0,0,0,0,0,0,0,0,0,0,0,0
4.665350675582886,0.0,0.0,0.0,-0.0007917284965515137,-6.261467933654785e-05,0.0,0.0,0.6370394825935364,-0.07747125625610352,0.03,0,0,0,0,0,0,0,0,0,0,0,0,0,0,0,0,0,0,0,0,0
4.668328523635864,0.0,0.0,0.0,-0.0007917284965515137,-6.261467933654785e-05,0.0,0.0,0.6370394825935364,-0.07747125625610352,0.03,0,0,0,0,0,0,0,0,0,0,0,0,0,0,0,0,0,0,0,0,0
4.671179294586182,0.0,0.0,0.0,-0.000773310661315918,-8.690357208251953e-05,0.0,0.0,0.5737519860267639,-0.10788833349943161,0.03,0,0,0,0,0,0,0,0,0,0,0,0,0,0,0,0,0,0,0,0,0
4.672675132751465,0.0,0.0,0.0,-0.000773310661315918,-8.690357208251953e-05,0.0,0.0,0.5737519860267639,-0.10788833349943161,0.03,0,0,0,0,0,0,0,0,0,0,0,0,0,0,0,0,0,0,0,0,0
4.6748597621917725,0.0,0.0,0.0,-0.0007649064064025879,-9.524822235107422e-05,0.0,0.0,0.5742676258087158,-0.10173909366130829,0.03,0,0,0,0,0,0,0,0,0,0,0,0,0,0,0,0,0,0,0,0,0
4.676204204559326,0.0,0.0,0.0,-0.0007564425468444824,-5.945563316345215e-05,0.0,0.0,0.5815593600273132,-0.020686542615294456,0.03,0,0,0,0,0,0,0,0,0,0,0,0,0,0,0,0,0,0,0,0,0
4.677467584609985,0.0,0.0,0.0,-0.0007564425468444824,-5.945563316345215e-05,0.0,0.0,0.5815593600273132,-0.020686542615294456,0.03,0,0,0,0,0,0,0,0,0,0,0,0,0,0,0,0,0,0,0,0,0
4.679383993148804,0.0,0.0,0.0,-0.0007564425468444824,-5.945563316345215e-05,0.0,0.0,0.5815593600273132,-0.020686542615294456,0.03,0,0,0,0,0,0,0,0,0,0,0,0,0,0,0,0,0,0,0,0,0
4.680705308914185,0.0,0.0,0.0,-0.0007523298263549805,-7.790327072143555e-05,0.0,0.0,0.5723587274551392,-0.0761752799153328,0.03,0,0,0,0,0,0,0,0,0,0,0,0,0,0,0,0,0,0,0,0,0
4.68205714225769,0.0,0.0,0.0,-0.0007523298263549805,-7.790327072143555e-05,0.0,0.0,0.5723587274551392,-0.0761752799153328,0.03,0,0,0,0,0,0,0,0,0,0,0,0,0,0,0,0,0,0,0,0,0
4.684021472930908,0.0,0.0,0.0,-0.0007523298263549805,-7.790327072143555e-05,0.0,0.0,0.5723587274551392,-0.0761752799153328,0.03,0,0,0,0,0,0,0,0,0,0,0,0,0,0,0,0,0,0,0,0,0
4.685481309890747,0.0,0.0,0.0,-0.0007964372634887695,-9.113550186157227e-05,0.0,0.0,0.6555908918380737,-0.08011501282453537,0.03,0,0,0,0,0,0,0,0,0,0,0,0,0,0,0,0,0,0,0,0,0
4.686542510986328,0.0,0.0,0.0,-0.0007829070091247559,-4.404783248901367e-05,0.0,0.0,0.6228429079055786,0.015024714171886444,0.03,0,0,0,0,0,0,0,0,0,0,0,0,0,0,0,0,0,0,0,0,0
4.688645839691162,0.0,0.0,0.0,-0.0007829070091247559,-4.404783248901367e-05,0.0,0.0,0.6228429079055786,0.015024714171886444,0.03,0,0,0,0,0,0,0,0,0,0,0,0,0,0,0,0,0,0,0,0,0
4.690066337585449,0.0,0.0,0.0,-0.0007920265197753906,-3.1322240829467773e-05,0.0,0.0,0.6292799711227417,0.01170271448791027,0.03,0,0,0,0,0,0,0,0,0,0,0,0,0,0,0,0,0,0,0,0,0
4.691241502761841,0.0,0.0,0.0,-0.0007920265197753906,-3.1322240829467773e-05,0.0,0.0,0.6292799711227417,0.01170271448791027,0.03,0,0,0,0,0,0,0,0,0,0,0,0,0,0,0,0,0,0,0,0,0
4.69366979598999,0.0,0.0,0.0,-0.0007920265197753906,-3.1322240829467773e-05,0.0,0.0,0.6292799711227417,0.01170271448791027,0.03,0,0,0,0,0,0,0,0,0,0,0,0,0,0,0,0,0,0,0,0,0
4.696189641952515,0.0,0.0,0.0,-0.0007920265197753906,-3.1322240829467773e-05,0.0,0.0,0.6292799711227417,0.01170271448791027,0.03,0,0,0,0,0,0,0,0,0,0,0,0,0,0,0,0,0,0,0,0,0
4.698055267333984,0.0,0.0,0.0,-0.0007850527763366699,-3.218650817871094e-05,0.0,0.0,0.6091881394386292,-0.00999776367098093,0.03,0,0,0,0,0,0,0,0,0,0,0,0,0,0,0,0,0,0,0,0,0
4.700859785079956,0.0,0.0,0.0,-0.0007410049438476562,-3.4481287002563477e-05,0.0,0.0,0.5686708688735962,-0.06804727762937546,0.03,0,0,0,0,0,0,0,0,0,0,0,0,0,0,0,0,0,0,0,0,0
4.702223777770996,0.0,0.0,0.0,-0.0007410049438476562,-3.4481287002563477e-05,0.0,0.0,0.5686708688735962,-0.06804727762937546,0.03,0,0,0,0,0,0,0,0,0,0,0,0,0,0,0,0,0,0,0,0,0
4.7042036056518555,0.0,0.0,0.0,-0.0007410049438476562,-3.4481287002563477e-05,0.0,0.0,0.5686708688735962,-0.06804727762937546,0.03,0,0,0,0,0,0,0,0,0,0,0,0,0,0,0,0,0,0,0,0,0
4.7056708335876465,0.0,0.0,0.0,-0.0007410049438476562,-3.4481287002563477e-05,0.0,0.0,0.5686708688735962,-0.06804727762937546,0.03,0,0,0,0,0,0,0,0,0,0,0,0,0,0,0,0,0,0,0,0,0
4.706820964813232,0.0,0.0,0.0,-0.0007410049438476562,-3.4481287002563477e-05,0.0,0.0,0.5686708688735962,-0.06804727762937546,0.03,0,0,0,0,0,0,0,0,0,0,0,0,0,0,0,0,0,0,0,0,0
4.709017038345337,0.0,0.0,0.0,-0.0007472038269042969,-6.0111284255981445e-05,0.0,0.0,0.579764187335968,-0.06091747060418129,0.03,0,0,0,0,0,0,0,0,0,0,0,0,0,0,0,0,0,0,0,0,0
4.710176229476929,0.0,0.0,0.0,-0.000744938850402832,-4.965066909790039e-05,0.0,0.0,0.6104414463043213,-0.05894565209746361,0.03,0,0,0,0,0,0,0,0,0,0,0,0,0,0,0,0,0,0,0,0,0
4.71155571937561,0.0,0.0,0.0,-0.000744938850402832,-4.965066909790039e-05,0.0,0.0,0.6104414463043213,-0.05894565209746361,0.03,0,0,0,0,0,0,0,0,0,0,0,0,0,0,0,0,0,0,0,0,0
4.712754964828491,0.0,0.0,0.0,-0.000744938850402832,-4.965066909790039e-05,0.0,0.0,0.6104414463043213,-0.05894565209746361,0.03,0,0,0,0,0,0,0,0,0,0,0,0,0,0,0,0,0,0,0,0,0
4.714028835296631,0.0,0.0,0.0,-0.000741422176361084,-6.225705146789551e-05,0.0,0.0,0.5839424729347229,-0.055966779589653015,0.03,0,0,0,0,0,0,0,0,0,0,0,0,0,0,0,0,0,0,0,0,0
4.71511697769165,0.0,0.0,0.0,-0.000741422176361084,-6.225705146789551e-05,0.0,0.0,0.5839424729347229,-0.055966779589653015,0.03,0,0,0,0,0,0,0,0,0,0,0,0,0,0,0,0,0,0,0,0,0
4.716341972351074,0.0,0.0,0.0,-0.000741422176361084,-6.225705146789551e-05,0.0,0.0,0.5839424729347229,-0.055966779589653015,0.03,0,0,0,0,0,0,0,0,0,0,0,0,0,0,0,0,0,0,0,0,0
4.718024253845215,0.0,0.0,0.0,-0.0007506012916564941,-6.183981895446777e-05,0.0,0.0,0.5767542123794556,-0.04934975132346153,0.03,0,0,0,0,0,0,0,0,0,0,0,0,0,0,0,0,0,0,0,0,0
4.719783067703247,0.0,0.0,0.0,-0.0007506012916564941,-6.183981895446777e-05,0.0,0.0,0.5767542123794556,-0.04934975132346153,0.03,0,0,0,0,0,0,0,0,0,0,0,0,0,0,0,0,0,0,0,0,0
4.721189260482788,0.0,0.0,0.0,-0.0007506012916564941,-6.183981895446777e-05,0.0,0.0,0.5767542123794556,-0.04934975132346153,0.03,0,0,0,0,0,0,0,0,0,0,0,0,0,0,0,0,0,0,0,0,0
4.722425699234009,0.0,0.0,0.0,-0.0007506012916564941,-6.183981895446777e-05,0.0,0.0,0.5767542123794556,-0.04934975132346153,0.03,0,0,0,0,0,0,0,0,0,0,0,0,0,0,0,0,0,0,0,0,0
4.72423243522644,0.0,0.0,0.0,-0.0007445216178894043,-6.0051679611206055e-05,0.0,0.0,0.5716882944107056,-0.05723515525460243,0.03,0,0,0,0,0,0,0,0,0,0,0,0,0,0,0,0,0,0,0,0,0
4.725377321243286,0.0,0.0,0.0,-0.0007410049438476562,-6.16610050201416e-05,0.0,0.0,0.5683231949806213,-0.060211267322301865,0.03,0,0,0,0,0,0,0,0,0,0,0,0,0,0,0,0,0,0,0,0,0
4.726649522781372,0.0,0.0,0.0,-0.0007410049438476562,-6.16610050201416e-05,0.0,0.0,0.5683231949806213,-0.060211267322301865,0.03,0,0,0,0,0,0,0,0,0,0,0,0,0,0,0,0,0,0,0,0,0
4.728024005889893,0.0,0.0,0.0,-0.0007410049438476562,-6.16610050201416e-05,0.0,0.0,0.5683231949806213,-0.060211267322301865,0.03,0,0,0,0,0,0,0,0,0,0,0,0,0,0,0,0,0,0,0,0,0
4.729372501373291,0.0,0.0,0.0,-0.0007410049438476562,-6.16610050201416e-05,0.0,0.0,0.5683231949806213,-0.060211267322301865,0.03,0,0,0,0,0,0,0,0,0,0,0,0,0,0,0,0,0,0,0,0,0
4.73063063621521,0.0,0.0,0.0,-0.0007410049438476562,-6.16610050201416e-05,0.0,0.0,0.5683231949806213,-0.060211267322301865,0.03,0,0,0,0,0,0,0,0,0,0,0,0,0,0,0,0,0,0,0,0,0
4.732010126113892,0.0,0.0,0.0,-0.0007410049438476562,-6.16610050201416e-05,0.0,0.0,0.5683231949806213,-0.060211267322301865,0.03,0,0,0,0,0,0,0,0,0,0,0,0,0,0,0,0,0,0,0,0,0
4.733123064041138,0.0,0.0,0.0,-0.0007410049438476562,-6.16610050201416e-05,0.0,0.0,0.5683231949806213,-0.060211267322301865,0.03,0,0,0,0,0,0,0,0,0,0,0,0,0,0,0,0,0,0,0,0,0
4.73612380027771,0.0,0.0,0.0,-0.0007613897323608398,-8.687376976013184e-05,0.0,0.0,0.5701846480369568,-0.05791015923023224,0.03,0,0,0,0,0,0,0,0,0,0,0,0,0,0,0,0,0,0,0,0,0
4.737462043762207,0.0,0.0,0.0,-0.0007613897323608398,-8.687376976013184e-05,0.0,0.0,0.5701846480369568,-0.05791015923023224,0.03,0,0,0,0,0,0,0,0,0,0,0,0,0,0,0,0,0,0,0,0,0
4.7388622760772705,0.0,0.0,0.0,-0.0007447600364685059,-8.213520050048828e-05,0.0,0.0,0.5657552480697632,-0.08916925638914108,0.03,0,0,0,0,0,0,0,0,0,0,0,0,0,0,0,0,0,0,0,0,0
4.739973545074463,0.0,0.0,0.0,-0.0007447600364685059,-8.213520050048828e-05,0.0,0.0,0.5657552480697632,-0.08916925638914108,0.03,0,0,0,0,0,0,0,0,0,0,0,0,0,0,0,0,0,0,0,0,0
4.741379976272583,0.0,0.0,0.0,-0.0007447600364685059,-8.213520050048828e-05,0.0,0.0,0.5657552480697632,-0.08916925638914108,0.03,0,0,0,0,0,0,0,0,0,0,0,0,0,0,0,0,0,0,0,0,0
4.742596387863159,0.0,0.0,0.0,-0.0007447600364685059,-8.213520050048828e-05,0.0,0.0,0.5657552480697632,-0.08916925638914108,0.03,0,0,0,0,0,0,0,0,0,0,0,0,0,0,0,0,0,0,0,0,0
4.750897645950317,0.0,0.0,0.0,-0.000759124755859375,-8.732080459594727e-05,0.0,0.0,0.5757687091827393,-0.04283185303211212,0.03,0,0,0,0,0,0,0,0,0,0,0,0,0,0,0,0,0,0,0,0,0
4.751999139785767,0.0,0.0,0.0,-0.000759124755859375,-8.732080459594727e-05,0.0,0.0,0.5757687091827393,-0.04283185303211212,0.03,0,0,0,0,0,0,0,0,0,0,0,0,0,0,0,0,0,0,0,0,0
4.753131628036499,0.0,0.0,0.0,-0.0007390379905700684,-6.142258644104004e-05,0.0,0.0,0.5447114109992981,-0.05072660744190216,0.03,0,0,0,0,0,0,0,0,0,0,0,0,0,0,0,0,0,0,0,0,0
4.754571914672852,0.0,0.0,0.0,-0.000745236873626709,-6.148219108581543e-05,0.0,0.0,0.5655299425125122,-0.050913453102111816,0.03,0,0,0,0,0,0,0,0,0,0,0,0,0,0,0,0,0,0,0,0,0
4.755849123001099,0.0,0.0,0.0,-0.000745236873626709,-6.148219108581543e-05,0.0,0.0,0.5655299425125122,-0.050913453102111816,0.03,0,0,0,0,0,0,0,0,0,0,0,0,0,0,0,0,0,0,0,0,0
4.757355213165283,0.0,0.0,0.0,-0.000745236873626709,-6.148219108581543e-05,0.0,0.0,0.5655299425125122,-0.050913453102111816,0.03,0,0,0,0,0,0,0,0,0,0,0,0,0,0,0,0,0,0,0,0,0
4.758537530899048,0.0,0.0,0.0,-0.000745236873626709,-6.148219108581543e-05,0.0,0.0,0.5655299425125122,-0.050913453102111816,0.03,0,0,0,0,0,0,0,0,0,0,0,0,0,0,0,0,0,0,0,0,0
4.759748697280884,0.0,0.0,0.0,-0.0007501840591430664,-6.148219108581543e-05,0.0,0.0,0.5801783204078674,-0.05101946368813515,0.03,0,0,0,0,0,0,0,0,0,0,0,0,0,0,0,0,0,0,0,0,0
4.760847091674805,0.0,0.0,0.0,-0.0007501840591430664,-6.148219108581543e-05,0.0,0.0,0.5801783204078674,-0.05101946368813515,0.03,0,0,0,0,0,0,0,0,0,0,0,0,0,0,0,0,0,0,0,0,0
4.762875556945801,0.0,0.0,0.0,-0.0007501840591430664,-6.148219108581543e-05,0.0,0.0,0.5801783204078674,-0.05101946368813515,0.03,0,0,0,0,0,0,0,0,0,0,0,0,0,0,0,0,0,0,0,0,0
4.7654869556427,0.0,0.0,0.0,-0.000776827335357666,-9.387731552124023e-05,0.0,0.0,0.6017798781394958,-0.11724195629358292,0.03,0,0,0,0,0,0,0,0,0,0,0,0,0,0,0,0,0,0,0,0,0
4.766555547714233,0.0,0.0,0.0,-0.000776827335357666,-9.387731552124023e-05,0.0,0.0,0.6017798781394958,-0.11724195629358292,0.03,0,0,0,0,0,0,0,0,0,0,0,0,0,0,0,0,0,0,0,0,0
4.769514560699463,0.0,0.0,0.0,-0.000776827335357666,-9.387731552124023e-05,0.0,0.0,0.6017798781394958,-0.11724195629358292,0.03,0,0,0,0,0,0,0,0,0,0,0,0,0,0,0,0,0,0,0,0,0
4.770637035369873,0.0,0.0,0.0,-0.000776827335357666,-9.387731552124023e-05,0.0,0.0,0.6017798781394958,-0.11724195629358292,0.03,0,0,0,0,0,0,0,0,0,0,0,0,0,0,0,0,0,0,0,0,0
4.772298812866211,0.0,0.0,0.0,-0.000776827335357666,-9.387731552124023e-05,0.0,0.0,0.6017798781394958,-0.11724195629358292,0.03,0,0,0,0,0,0,0,0,0,0,0,0,0,0,0,0,0,0,0,0,0
4.773621320724487,0.0,0.0,0.0,-0.000776827335357666,-9.387731552124023e-05,0.0,0.0,0.6017798781394958,-0.11724195629358292,0.03,0,0,0,0,0,0,0,0,0,0,0,0,0,0,0,0,0,0,0,0,0
4.774808883666992,0.0,0.0,0.0,-0.000776827335357666,-9.387731552124023e-05,0.0,0.0,0.6017798781394958,-0.11724195629358292,0.03,0,0,0,0,0,0,0,0,0,0,0,0,0,0,0,0,0,0,0,0,0
4.776947021484375,0.0,0.0,0.0,-0.000776827335357666,-9.387731552124023e-05,0.0,0.0,0.6017798781394958,-0.11724195629358292,0.03,0,0,0,0,0,0,0,0,0,0,0,0,0,0,0,0,0,0,0,0,0
4.778262376785278,0.0,0.0,0.0,-0.000776827335357666,-9.387731552124023e-05,0.0,0.0,0.6017798781394958,-0.11724195629358292,0.03,0,0,0,0,0,0,0,0,0,0,0,0,0,0,0,0,0,0,0,0,0
4.779726505279541,0.0,0.0,0.0,-0.000776827335357666,-9.387731552124023e-05,0.0,0.0,0.6017798781394958,-0.11724195629358292,0.03,0,0,0,0,0,0,0,0,0,0,0,0,0,0,0,0,0,0,0,0,0
4.781338453292847,0.0,0.0,0.0,-0.000776827335357666,-9.387731552124023e-05,0.0,0.0,0.6017798781394958,-0.11724195629358292,0.03,0,0,0,0,0,0,0,0,0,0,0,0,0,0,0,0,0,0,0,0,0
4.783772706985474,0.0,0.0,0.0,-0.000776827335357666,-9.387731552124023e-05,0.0,0.0,0.6017798781394958,-0.11724195629358292,0.03,0,0,0,0,0,0,0,0,0,0,0,0,0,0,0,0,0,0,0,0,0
4.7849202156066895,0.0,0.0,0.0,-0.000776827335357666,-9.387731552124023e-05,0.0,0.0,0.6017798781394958,-0.11724195629358292,0.03,0,0,0,0,0,0,0,0,0,0,0,0,0,0,0,0,0,0,0,0,0
4.786907434463501,0.0,0.0,0.0,-0.000776827335357666,-9.387731552124023e-05,0.0,0.0,0.6017798781394958,-0.11724195629358292,0.03,0,0,0,0,0,0,0,0,0,0,0,0,0,0,0,0,0,0,0,0,0
4.788022994995117,0.0,0.0,0.0,-0.000776827335357666,-9.387731552124023e-05,0.0,0.0,0.6017798781394958,-0.11724195629358292,0.03,0,0,0,0,0,0,0,0,0,0,0,0,0,0,0,0,0,0,0,0,0
4.789229393005371,0.0,0.0,0.0,-0.000776827335357666,-9.387731552124023e-05,0.0,0.0,0.6017798781394958,-0.11724195629358292,0.03,0,0,0,0,0,0,0,0,0,0,0,0,0,0,0,0,0,0,0,0,0
4.790359258651733,0.0,0.0,0.0,-0.000776827335357666,-9.387731552124023e-05,0.0,0.0,0.6017798781394958,-0.11724195629358292,0.03,0,0,0,0,0,0,0,0,0,0,0,0,0,0,0,0,0,0,0,0,0
4.791728496551514,0.0,0.0,0.0,-0.000776827335357666,-9.387731552124023e-05,0.0,0.0,0.6017798781394958,-0.11724195629358292,0.03,0,0,0,0,0,0,0,0,0,0,0,0,0,0,0,0,0,0,0,0,0
4.793017148971558,0.0,0.0,0.0,-0.000776827335357666,-9.387731552124023e-05,0.0,0.0,0.6017798781394958,-0.11724195629358292,0.03,0,0,0,0,0,0,0,0,0,0,0,0,0,0,0,0,0,0,0,0,0
4.794325590133667,0.0,0.0,0.0,-0.000776827335357666,-9.387731552124023e-05,0.0,0.0,0.6017798781394958,-0.11724195629358292,0.03,0,0,0,0,0,0,0,0,0,0,0,0,0,0,0,0,0,0,0,0,0
4.79546332359314,0.0,0.0,0.0,-0.000776827335357666,-9.387731552124023e-05,0.0,0.0,0.6017798781394958,-0.11724195629358292,0.03,0,0,0,0,0,0,0,0,0,0,0,0,0,0,0,0,0,0,0,0,0
4.797204256057739,0.0,0.0,0.0,-0.000776827335357666,-9.387731552124023e-05,0.0,0.0,0.6017798781394958,-0.11724195629358292,0.03,0,0,0,0,0,0,0,0,0,0,0,0,0,0,0,0,0,0,0,0,0
4.798608064651489,0.0,0.0,0.0,-0.000776827335357666,-9.387731552124023e-05,0.0,0.0,0.6017798781394958,-0.11724195629358292,0.03,0,0,0,0,0,0,0,0,0,0,0,0,0,0,0,0,0,0,0,0,0
4.800711393356323,0.0,0.0,0.0,-0.000776827335357666,-9.387731552124023e-05,0.0,0.0,0.6017798781394958,-0.11724195629358292,0.03,0,0,0,0,0,0,0,0,0,0,0,0,0,0,0,0,0,0,0,0,0
4.801902770996094,0.0,0.0,0.0,-0.000776827335357666,-9.387731552124023e-05,0.0,0.0,0.6017798781394958,-0.11724195629358292,0.03,0,0,0,0,0,0,0,0,0,0,0,0,0,0,0,0,0,0,0,0,0
4.804317474365234,0.0,0.0,0.0,-0.000776827335357666,-9.387731552124023e-05,0.0,0.0,0.6017798781394958,-0.11724195629358292,0.03,0,0,0,0,0,0,0,0,0,0,0,0,0,0,0,0,0,0,0,0,0
4.805690765380859,0.0,0.0,0.0,-0.000776827335357666,-9.387731552124023e-05,0.0,0.0,0.6017798781394958,-0.11724195629358292,0.03,0,0,0,0,0,0,0,0,0,0,0,0,0,0,0,0,0,0,0,0,0
4.80695915222168,0.0,0.0,0.0,-0.000776827335357666,-9.387731552124023e-05,0.0,0.0,0.6017798781394958,-0.11724195629358292,0.03,0,0,0,0,0,0,0,0,0,0,0,0,0,0,0,0,0,0,0,0,0
4.808843612670898,0.0,0.0,0.0,-0.000776827335357666,-9.387731552124023e-05,0.0,0.0,0.6017798781394958,-0.11724195629358292,0.03,0,0,0,0,0,0,0,0,0,0,0,0,0,0,0,0,0,0,0,0,0
4.811490774154663,0.0,0.0,0.0,-0.0007447600364685059,-0.00010889768600463867,0.0,0.0,0.5316357612609863,-0.03263179585337639,0.03,0,0,0,0,0,0,0,0,0,0,0,0,0,0,0,0,0,0,0,0,0
4.813076972961426,0.0,0.0,0.0,-0.0007719993591308594,-4.947185516357422e-05,0.0,0.0,0.6127001643180847,-0.023513000458478928,0.03,0,0,0,0,0,0,0,0,0,0,0,0,0,0,0,0,0,0,0,0,0
4.814188718795776,0.0,0.0,0.0,-0.0007719993591308594,-4.947185516357422e-05,0.0,0.0,0.6127001643180847,-0.023513000458478928,0.03,0,0,0,0,0,0,0,0,0,0,0,0,0,0,0,0,0,0,0,0,0
4.815448045730591,0.0,0.0,0.0,-0.0007719993591308594,-4.947185516357422e-05,0.0,0.0,0.6127001643180847,-0.023513000458478928,0.03,0,0,0,0,0,0,0,0,0,0,0,0,0,0,0,0,0,0,0,0,0
4.816509008407593,0.0,0.0,0.0,-0.0007719993591308594,-4.947185516357422e-05,0.0,0.0,0.6127001643180847,-0.023513000458478928,0.03,0,0,0,0,0,0,0,0,0,0,0,0,0,0,0,0,0,0,0,0,0
4.818267345428467,0.0,0.0,0.0,-0.000775754451751709,-6.341934204101562e-05,0.0,0.0,0.6438882350921631,-0.10344772040843964,0.03,0,0,0,0,0,0,0,0,0,0,0,0,0,0,0,0,0,0,0,0,0
4.820014238357544,0.0,0.0,0.0,-0.0007839202880859375,-0.0001551508903503418,0.0,0.0,0.601140558719635,-0.11664722859859467,0.03,0,0,0,0,0,0,0,0,0,0,0,0,0,0,0,0,0,0,0,0,0
4.821815013885498,0.0,0.0,0.0,-0.0007839202880859375,-0.0001551508903503418,0.0,0.0,0.601140558719635,-0.11664722859859467,0.03,0,0,0,0,0,0,0,0,0,0,0,0,0,0,0,0,0,0,0,0,0
4.823594331741333,0.0,0.0,0.0,-0.0007839202880859375,-0.0001551508903503418,0.0,0.0,0.601140558719635,-0.11664722859859467,0.03,0,0,0,0,0,0,0,0,0,0,0,0,0,0,0,0,0,0,0,0,0
4.82539963722229,0.0,0.0,0.0,-0.0007839202880859375,-0.0001551508903503418,0.0,0.0,0.601140558719635,-0.11664722859859467,0.03,0,0,0,0,0,0,0,0,0,0,0,0,0,0,0,0,0,0,0,0,0
4.82680606842041,0.0,0.0,0.0,-0.0007839202880859375,-0.0001551508903503418,0.0,0.0,0.601140558719635,-0.11664722859859467,0.03,0,0,0,0,0,0,0,0,0,0,0,0,0,0,0,0,0,0,0,0,0
4.828786373138428,0.0,0.0,0.0,-0.0007569193840026855,-0.0001863539218902588,0.0,0.0,0.5842728018760681,-0.19620458781719208,0.03,0,0,0,0,0,0,0,0,0,0,0,0,0,0,0,0,0,0,0,0,0
4.83123779296875,0.0,0.0,0.0,-0.0007569193840026855,-0.0001863539218902588,0.0,0.0,0.5842728018760681,-0.19620458781719208,0.03,0,0,0,0,0,0,0,0,0,0,0,0,0,0,0,0,0,0,0,0,0
4.833295583724976,0.0,0.0,0.0,-0.0007569193840026855,-0.0001863539218902588,0.0,0.0,0.5842728018760681,-0.19620458781719208,0.03,0,0,0,0,0,0,0,0,0,0,0,0,0,0,0,0,0,0,0,0,0
4.8345677852630615,0.0,0.0,0.0,-0.0007547736167907715,-0.0001946091651916504,0.0,0.0,0.5948055982589722,-0.17522414028644562,0.03,0,0,0,0,0,0,0,0,0,0,0,0,0,0,0,0,0,0,0,0,0
4.835885286331177,0.0,0.0,0.0,-0.0007547736167907715,-0.0001946091651916504,0.0,0.0,0.5948055982589722,-0.17522414028644562,0.03,0,0,0,0,0,0,0,0,0,0,0,0,0,0,0,0,0,0,0,0,0
4.837007522583008,0.0,0.0,0.0,-0.0007547736167907715,-0.0001946091651916504,0.0,0.0,0.5948055982589722,-0.17522414028644562,0.03,0,0,0,0,0,0,0,0,0,0,0,0,0,0,0,0,0,0,0,0,0
4.838606834411621,0.0,0.0,0.0,-0.0007547736167907715,-0.0001946091651916504,0.0,0.0,0.5948055982589722,-0.17522414028644562,0.03,0,0,0,0,0,0,0,0,0,0,0,0,0,0,0,0,0,0,0,0,0
4.839694023132324,0.0,0.0,0.0,-0.0007547736167907715,-0.0001946091651916504,0.0,0.0,0.5948055982589722,-0.17522414028644562,0.03,0,0,0,0,0,0,0,0,0,0,0,0,0,0,0,0,0,0,0,0,0
4.842364549636841,0.0,0.0,0.0,-0.0007547736167907715,-0.0001946091651916504,0.0,0.0,0.5948055982589722,-0.17522414028644562,0.03,0,0,0,0,0,0,0,0,0,0,0,0,0,0,0,0,0,0,0,0,0
4.843549013137817,0.0,0.0,0.0,-0.0007547736167907715,-0.0001946091651916504,0.0,0.0,0.5948055982589722,-0.17522414028644562,0.03,0,0,0,0,0,0,0,0,0,0,0,0,0,0,0,0,0,0,0,0,0
4.845286846160889,0.0,0.0,0.0,-0.0007547736167907715,-0.0001946091651916504,0.0,0.0,0.5948055982589722,-0.17522414028644562,0.03,0,0,0,0,0,0,0,0,0,0,0,0,0,0,0,0,0,0,0,0,0
4.847140073776245,0.0,0.0,0.0,-0.0007547736167907715,-0.0001946091651916504,0.0,0.0,0.5948055982589722,-0.17522414028644562,0.03,0,0,0,0,0,0,0,0,0,0,0,0,0,0,0,0,0,0,0,0,0
4.848407030105591,0.0,0.0,0.0,-0.0007547736167907715,-0.0001946091651916504,0.0,0.0,0.5948055982589722,-0.17522414028644562,0.03,0,0,0,0,0,0,0,0,0,0,0,0,0,0,0,0,0,0,0,0,0
4.849873065948486,0.0,0.0,0.0,-0.0007547736167907715,-0.0001946091651916504,0.0,0.0,0.5948055982589722,-0.17522414028644562,0.03,0,0,0,0,0,0,0,0,0,0,0,0,0,0,0,0,0,0,0,0,0
4.852115869522095,0.0,0.0,0.0,-0.0007409453392028809,-0.00011608004570007324,0.0,0.0,0.5706844329833984,-0.0966525673866272,0.03,0,0,0,0,0,0,0,0,0,0,0,0,0,0,0,0,0,0,0,0,0
4.853563547134399,0.0,0.0,0.0,-0.0007409453392028809,-0.00011608004570007324,0.0,0.0,0.5706844329833984,-0.0966525673866272,0.03,0,0,0,0,0,0,0,0,0,0,0,0,0,0,0,0,0,0,0,0,0
4.855927228927612,0.0,0.0,0.0,-0.0007409453392028809,-0.00011608004570007324,0.0,0.0,0.5706844329833984,-0.0966525673866272,0.03,0,0,0,0,0,0,0,0,0,0,0,0,0,0,0,0,0,0,0,0,0
4.857314348220825,0.0,0.0,0.0,-0.0007755756378173828,-0.00017920136451721191,0.0,0.0,0.6206223964691162,-0.14552366733551025,0.03,0,0,0,0,0,0,0,0,0,0,0,0,0,0,0,0,0,0,0,0,0
4.858654022216797,0.0,0.0,0.0,-0.0007755756378173828,-0.00017920136451721191,0.0,0.0,0.6206223964691162,-0.14552366733551025,0.03,0,0,0,0,0,0,0,0,0,0,0,0,0,0,0,0,0,0,0,0,0
4.861067295074463,0.0,0.0,0.0,-0.0007755756378173828,-0.00017920136451721191,0.0,0.0,0.6206223964691162,-0.14552366733551025,0.03,0,0,0,0,0,0,0,0,0,0,0,0,0,0,0,0,0,0,0,0,0
4.862459897994995,0.0,0.0,0.0,-0.0007834434509277344,-0.00012123584747314453,0.0,0.0,0.6050373315811157,-0.03236044570803642,0.03,0,0,0,0,0,0,0,0,0,0,0,0,0,0,0,0,0,0,0,0,0
4.86368465423584,0.0,0.0,0.0,-0.0007834434509277344,-0.00012123584747314453,0.0,0.0,0.6050373315811157,-0.03236044570803642,0.03,0,0,0,0,0,0,0,0,0,0,0,0,0,0,0,0,0,0,0,0,0
4.86517858505249,0.0,0.0,0.0,-0.0007750988006591797,-0.00011709332466125488,0.0,0.0,0.5837499499320984,-0.04905872419476509,0.03,0,0,0,0,0,0,0,0,0,0,0,0,0,0,0,0,0,0,0,0,0
4.866420030593872,0.0,0.0,0.0,-0.0007393956184387207,-0.0001221001148223877,0.0,0.0,0.5595906376838684,-0.09279900044202805,0.03,0,0,0,0,0,0,0,0,0,0,0,0,0,0,0,0,0,0,0,0,0
4.867694854736328,0.0,0.0,0.0,-0.0007393956184387207,-0.0001221001148223877,0.0,0.0,0.5595906376838684,-0.09279900044202805,0.03,0,0,0,0,0,0,0,0,0,0,0,0,0,0,0,0,0,0,0,0,0
4.868793249130249,0.0,0.0,0.0,-0.0007393956184387207,-0.0001221001148223877,0.0,0.0,0.5595906376838684,-0.09279900044202805,0.03,0,0,0,0,0,0,0,0,0,0,0,0,0,0,0,0,0,0,0,0,0
4.869987726211548,0.0,0.0,0.0,-0.0007597804069519043,-0.0001653432846069336,0.0,0.0,0.6130004525184631,-0.16200299561023712,0.03,0,0,0,0,0,0,0,0,0,0,0,0,0,0,0,0,0,0,0,0,0
4.871218204498291,0.0,0.0,0.0,-0.000776827335357666,-0.00015732645988464355,0.0,0.0,0.609658420085907,-0.10750045627355576,0.03,0,0,0,0,0,0,0,0,0,0,0,0,0,0,0,0,0,0,0,0,0
4.872336149215698,0.0,0.0,0.0,-0.000776827335357666,-0.00015732645988464355,0.0,0.0,0.609658420085907,-0.10750045627355576,0.03,0,0,0,0,0,0,0,0,0,0,0,0,0,0,0,0,0,0,0,0,0
4.876642227172852,0.0,0.0,0.0,-0.0007902383804321289,-0.0001347064971923828,0.0,0.0,0.6208992600440979,-0.10744930058717728,0.03,0,0,0,0,0,0,0,0,0,0,0,0,0,0,0,0,0,0,0,0,0
4.878313779830933,0.0,0.0,0.0,-0.0007902383804321289,-0.0001347064971923828,0.0,0.0,0.6208992600440979,-0.10744930058717728,0.03,0,0,0,0,0,0,0,0,0,0,0,0,0,0,0,0,0,0,0,0,0
4.879521131515503,0.0,0.0,0.0,-0.0007848143577575684,-0.00018781423568725586,0.0,0.0,0.6024344563484192,-0.19881552457809448,0.03,0,0,0,0,0,0,0,0,0,0,0,0,0,0,0,0,0,0,0,0,0
4.880583047866821,0.0,0.0,0.0,-0.0007414817810058594,-0.0001201927661895752,0.0,0.0,0.534971296787262,-0.06738407164812088,0.03,0,0,0,0,0,0,0,0,0,0,0,0,0,0,0,0,0,0,0,0,0
4.881991624832153,0.0,0.0,0.0,-0.0007624626159667969,-0.00011897087097167969,0.0,0.0,0.5894562005996704,-0.08762803673744202,0.03,0,0,0,0,0,0,0,0,0,0,0,0,0,0,0,0,0,0,0,0,0
4.883198976516724,0.0,0.0,0.0,-0.0007624626159667969,-0.00011897087097167969,0.0,0.0,0.5894562005996704,-0.08762803673744202,0.03,0,0,0,0,0,0,0,0,0,0,0,0,0,0,0,0,0,0,0,0,0
4.884477138519287,0.0,0.0,0.0,-0.0007624626159667969,-0.00011897087097167969,0.0,0.0,0.5894562005996704,-0.08762803673744202,0.03,0,0,0,0,0,0,0,0,0,0,0,0,0,0,0,0,0,0,0,0,0
4.885635137557983,0.0,0.0,0.0,-0.0007624626159667969,-0.00011897087097167969,0.0,0.0,0.5894562005996704,-0.08762803673744202,0.03,0,0,0,0,0,0,0,0,0,0,0,0,0,0,0,0,0,0,0,0,0
4.886889219284058,0.0,0.0,0.0,-0.0007624626159667969,-0.00011897087097167969,0.0,0.0,0.5894562005996704,-0.08762803673744202,0.03,0,0,0,0,0,0,0,0,0,0,0,0,0,0,0,0,0,0,0,0,0
4.888211727142334,0.0,0.0,0.0,-0.0007624626159667969,-0.00011897087097167969,0.0,0.0,0.5894562005996704,-0.08762803673744202,0.03,0,0,0,0,0,0,0,0,0,0,0,0,0,0,0,0,0,0,0,0,0
4.889352083206177,0.0,0.0,0.0,-0.0007624626159667969,-0.00011897087097167969,0.0,0.0,0.5894562005996704,-0.08762803673744202,0.03,0,0,0,0,0,0,0,0,0,0,0,0,0,0,0,0,0,0,0,0,0
4.891201734542847,0.0,0.0,0.0,-0.0007391571998596191,-0.00010710954666137695,0.0,0.0,0.5529059767723083,-0.10886833071708679,0.03,0,0,0,0,0,0,0,0,0,0,0,0,0,0,0,0,0,0,0,0,0
4.892514228820801,0.0,0.0,0.0,-0.0007391571998596191,-0.00010710954666137695,0.0,0.0,0.5529059767723083,-0.10886833071708679,0.03,0,0,0,0,0,0,0,0,0,0,0,0,0,0,0,0,0,0,0,0,0
4.893630504608154,0.0,0.0,0.0,-0.0007803440093994141,-0.0001175999641418457,0.0,0.0,0.6398564577102661,-0.10712160170078278,0.03,0,0,0,0,0,0,0,0,0,0,0,0,0,0,0,0,0,0,0,0,0
4.894724369049072,0.0,0.0,0.0,-0.0007803440093994141,-0.0001175999641418457,0.0,0.0,0.6398564577102661,-0.10712160170078278,0.03,0,0,0,0,0,0,0,0,0,0,0,0,0,0,0,0,0,0,0,0,0
4.895820617675781,0.0,0.0,0.0,-0.0007803440093994141,-0.0001175999641418457,0.0,0.0,0.6398564577102661,-0.10712160170078278,0.03,0,0,0,0,0,0,0,0,0,0,0,0,0,0,0,0,0,0,0,0,0
4.897021293640137,0.0,0.0,0.0,-0.0007820725440979004,-0.0001240074634552002,0.0,0.0,0.6268024444580078,-0.10067392140626907,0.03,0,0,0,0,0,0,0,0,0,0,0,0,0,0,0,0,0,0,0,0,0
4.8980841636657715,0.0,0.0,0.0,-0.0007820725440979004,-0.0001240074634552002,0.0,0.0,0.6268024444580078,-0.10067392140626907,0.03,0,0,0,0,0,0,0,0,0,0,0,0,0,0,0,0,0,0,0,0,0
4.903711557388306,0.0,0.0,0.0,-0.0007783174514770508,-0.00012427568435668945,0.0,0.0,0.6171232461929321,-0.09757696837186813,0.03,0,0,0,0,0,0,0,0,0,0,0,0,0,0,0,0,0,0,0,0,0
4.90485692024231,0.0,0.0,0.0,-0.0007822513580322266,-0.00012364983558654785,0.0,0.0,0.6081668138504028,-0.0924377366900444,0.03,0,0,0,0,0,0,0,0,0,0,0,0,0,0,0,0,0,0,0,0,0
4.906040906906128,0.0,0.0,0.0,-0.0007822513580322266,-0.00012364983558654785,0.0,0.0,0.6081668138504028,-0.0924377366900444,0.03,0,0,0,0,0,0,0,0,0,0,0,0,0,0,0,0,0,0,0,0,0
4.90730881690979,0.0,0.0,0.0,-0.0007822513580322266,-0.00012364983558654785,0.0,0.0,0.6081668138504028,-0.0924377366900444,0.03,0,0,0,0,0,0,0,0,0,0,0,0,0,0,0,0,0,0,0,0,0
4.9094460010528564,0.0,0.0,0.0,-0.0007502436637878418,-0.00012195110321044922,0.0,0.0,0.569586455821991,-0.09302016347646713,0.03,0,0,0,0,0,0,0,0,0,0,0,0,0,0,0,0,0,0,0,0,0
4.911309480667114,0.0,0.0,0.0,-0.0007758140563964844,-0.00012224912643432617,0.0,0.0,0.6300820708274841,-0.09375889599323273,0.03,0,0,0,0,0,0,0,0,0,0,0,0,0,0,0,0,0,0,0,0,0
4.912542343139648,0.0,0.0,0.0,-0.0007885098457336426,-0.00012242794036865234,0.0,0.0,0.6516442894935608,-0.09052224457263947,0.03,0,0,0,0,0,0,0,0,0,0,0,0,0,0,0,0,0,0,0,0,0
4.913610935211182,0.0,0.0,0.0,-0.0007885098457336426,-0.00012242794036865234,0.0,0.0,0.6516442894935608,-0.09052224457263947,0.03,0,0,0,0,0,0,0,0,0,0,0,0,0,0,0,0,0,0,0,0,0
4.91526198387146,0.0,0.0,0.0,-0.0008034706115722656,-0.0001252889633178711,0.0,0.0,0.6674199104309082,-0.09149818122386932,0.03,0,0,0,0,0,0,0,0,0,0,0,0,0,0,0,0,0,0,0,0,0
4.916550397872925,0.0,0.0,0.0,-0.0007996559143066406,-0.00012233853340148926,0.0,0.0,0.63193678855896,-0.16098345816135406,0.03,0,0,0,0,0,0,0,0,0,0,0,0,0,0,0,0,0,0,0,0,0
4.917640924453735,0.0,0.0,0.0,-0.0007996559143066406,-0.00012233853340148926,0.0,0.0,0.63193678855896,-0.16098345816135406,0.03,0,0,0,0,0,0,0,0,0,0,0,0,0,0,0,0,0,0,0,0,0
4.9187071323394775,0.0,0.0,0.0,-0.0007996559143066406,-0.00012233853340148926,0.0,0.0,0.63193678855896,-0.16098345816135406,0.03,0,0,0,0,0,0,0,0,0,0,0,0,0,0,0,0,0,0,0,0,0
4.921278476715088,0.0,0.0,0.0,-0.0007996559143066406,-0.00012233853340148926,0.0,0.0,0.63193678855896,-0.16098345816135406,0.03,0,0,0,0,0,0,0,0,0,0,0,0,0,0,0,0,0,0,0,0,0
4.9225335121154785,0.0,0.0,0.0,-0.0007996559143066406,-0.00012233853340148926,0.0,0.0,0.63193678855896,-0.16098345816135406,0.03,0,0,0,0,0,0,0,0,0,0,0,0,0,0,0,0,0,0,0,0,0
4.925318241119385,0.0,0.0,0.0,-0.0007838010787963867,-0.00012990832328796387,0.0,0.0,0.6371234059333801,-0.08156480640172958,0.03,0,0,0,0,0,0,0,0,0,0,0,0,0,0,0,0,0,0,0,0,0
4.928616046905518,0.0,0.0,0.0,-0.0007575154304504395,-0.00012165307998657227,0.0,0.0,0.5642257332801819,-0.08672238141298294,0.03,0,0,0,0,0,0,0,0,0,0,0,0,0,0,0,0,0,0,0,0,0
4.930314540863037,0.0,0.0,0.0,-0.0007575154304504395,-0.00012165307998657227,0.0,0.0,0.5642257332801819,-0.08672238141298294,0.03,0,0,0,0,0,0,0,0,0,0,0,0,0,0,0,0,0,0,0,0,0
4.931694030761719,0.0,0.0,0.0,-0.0007575154304504395,-0.00012165307998657227,0.0,0.0,0.5642257332801819,-0.08672238141298294,0.03,0,0,0,0,0,0,0,0,0,0,0,0,0,0,0,0,0,0,0,0,0
4.933001279830933,0.0,0.0,0.0,-0.0007575154304504395,-0.00012165307998657227,0.0,0.0,0.5642257332801819,-0.08672238141298294,0.03,0,0,0,0,0,0,0,0,0,0,0,0,0,0,0,0,0,0,0,0,0
4.935112714767456,0.0,0.0,0.0,-0.0007575154304504395,-0.00012165307998657227,0.0,0.0,0.5642257332801819,-0.08672238141298294,0.03,0,0,0,0,0,0,0,0,0,0,0,0,0,0,0,0,0,0,0,0,0
4.9364659786224365,0.0,0.0,0.0,-0.0007575154304504395,-0.00012165307998657227,0.0,0.0,0.5642257332801819,-0.08672238141298294,0.03,0,0,0,0,0,0,0,0,0,0,0,0,0,0,0,0,0,0,0,0,0
4.93761682510376,0.0,0.0,0.0,-0.0007700920104980469,-0.00013211369514465332,0.0,0.0,0.5992513298988342,-0.10348205268383026,0.03,0,0,0,0,0,0,0,0,0,0,0,0,0,0,0,0,0,0,0,0,0
4.938781976699829,0.0,0.0,0.0,-0.0007724165916442871,-0.0001755058765411377,0.0,0.0,0.6070401668548584,-0.148671954870224,0.03,0,0,0,0,0,0,0,0,0,0,0,0,0,0,0,0,0,0,0,0,0
4.9399943351745605,0.0,0.0,0.0,-0.0007724165916442871,-0.0001755058765411377,0.0,0.0,0.6070401668548584,-0.148671954870224,0.03,0,0,0,0,0,0,0,0,0,0,0,0,0,0,0,0,0,0,0,0,0
4.9410552978515625,0.0,0.0,0.0,-0.0007724165916442871,-0.0001755058765411377,0.0,0.0,0.6070401668548584,-0.148671954870224,0.03,0,0,0,0,0,0,0,0,0,0,0,0,0,0,0,0,0,0,0,0,0
4.94242525100708,0.0,0.0,0.0,-0.0007563233375549316,-0.00017598271369934082,0.0,0.0,0.5737729072570801,-0.048780232667922974,0.03,0,0,0,0,0,0,0,0,0,0,0,0,0,0,0,0,0,0,0,0,0
4.94580340385437,0.0,0.0,0.0,-0.0007718205451965332,-0.00012671947479248047,0.0,0.0,0.6153148412704468,-0.06953328102827072,0.03,0,0,0,0,0,0,0,0,0,0,0,0,0,0,0,0,0,0,0,0,0
4.947036266326904,0.0,0.0,0.0,-0.0007718205451965332,-0.00012671947479248047,0.0,0.0,0.6153148412704468,-0.06953328102827072,0.03,0,0,0,0,0,0,0,0,0,0,0,0,0,0,0,0,0,0,0,0,0
4.948198556900024,0.0,0.0,0.0,-0.0007718205451965332,-0.00012671947479248047,0.0,0.0,0.6153148412704468,-0.06953328102827072,0.03,0,0,0,0,0,0,0,0,0,0,0,0,0,0,0,0,0,0,0,0,0
4.949425220489502,0.0,0.0,0.0,-0.0007730722427368164,-0.00011879205703735352,0.0,0.0,0.6047908067703247,-0.08192513138055801,0.03,0,0,0,0,0,0,0,0,0,0,0,0,0,0,0,0,0,0,0,0,0
4.950598478317261,0.0,0.0,0.0,-0.0007730722427368164,-0.00011879205703735352,0.0,0.0,0.6047908067703247,-0.08192513138055801,0.03,0,0,0,0,0,0,0,0,0,0,0,0,0,0,0,0,0,0,0,0,0
4.952237844467163,0.0,0.0,0.0,-0.0007807612419128418,-0.00012251734733581543,0.0,0.0,0.624489963054657,-0.0943097472190857,0.03,0,0,0,0,0,0,0,0,0,0,0,0,0,0,0,0,0,0,0,0,0
4.953424453735352,0.0,0.0,0.0,-0.0007807612419128418,-0.00012251734733581543,0.0,0.0,0.624489963054657,-0.0943097472190857,0.03,0,0,0,0,0,0,0,0,0,0,0,0,0,0,0,0,0,0,0,0,0
4.954533100128174,0.0,0.0,0.0,-0.0007807612419128418,-0.00012251734733581543,0.0,0.0,0.624489963054657,-0.0943097472190857,0.03,0,0,0,0,0,0,0,0,0,0,0,0,0,0,0,0,0,0,0,0,0
4.955852031707764,0.0,0.0,0.0,-0.0007807612419128418,-0.00012251734733581543,0.0,0.0,0.624489963054657,-0.0943097472190857,0.03,0,0,0,0,0,0,0,0,0,0,0,0,0,0,0,0,0,0,0,0,0
4.957110166549683,0.0,0.0,0.0,-0.0007807612419128418,-0.00012251734733581543,0.0,0.0,0.624489963054657,-0.0943097472190857,0.03,0,0,0,0,0,0,0,0,0,0,0,0,0,0,0,0,0,0,0,0,0
4.9606359004974365,0.0,0.0,0.0,-0.0007807612419128418,-0.00012251734733581543,0.0,0.0,0.624489963054657,-0.0943097472190857,0.03,0,0,0,0,0,0,0,0,0,0,0,0,0,0,0,0,0,0,0,0,0
4.961973667144775,0.0,0.0,0.0,-0.0007807612419128418,-0.00012251734733581543,0.0,0.0,0.624489963054657,-0.0943097472190857,0.03,0,0,0,0,0,0,0,0,0,0,0,0,0,0,0,0,0,0,0,0,0
4.963851451873779,0.0,0.0,0.0,-0.0007807612419128418,-0.00012251734733581543,0.0,0.0,0.624489963054657,-0.0943097472190857,0.03,0,0,0,0,0,0,0,0,0,0,0,0,0,0,0,0,0,0,0,0,0
4.965202331542969,0.0,0.0,0.0,-0.0007807612419128418,-0.00012251734733581543,0.0,0.0,0.624489963054657,-0.0943097472190857,0.03,0,0,0,0,0,0,0,0,0,0,0,0,0,0,0,0,0,0,0,0,0
4.967597484588623,0.0,0.0,0.0,-0.0007807612419128418,-0.00012251734733581543,0.0,0.0,0.624489963054657,-0.0943097472190857,0.03,0,0,0,0,0,0,0,0,0,0,0,0,0,0,0,0,0,0,0,0,0
4.968721628189087,0.0,0.0,0.0,-0.0007807612419128418,-0.00012251734733581543,0.0,0.0,0.624489963054657,-0.0943097472190857,0.03,0,0,0,0,0,0,0,0,0,0,0,0,0,0,0,0,0,0,0,0,0
4.9699811935424805,0.0,0.0,0.0,-0.0007807612419128418,-0.00012251734733581543,0.0,0.0,0.624489963054657,-0.0943097472190857,0.03,0,0,0,0,0,0,0,0,0,0,0,0,0,0,0,0,0,0,0,0,0
4.97133207321167,0.0,0.0,0.0,-0.0007807612419128418,-0.00012251734733581543,0.0,0.0,0.624489963054657,-0.0943097472190857,0.03,0,0,0,0,0,0,0,0,0,0,0,0,0,0,0,0,0,0,0,0,0
4.974102735519409,0.0,0.0,0.0,-0.0007619261741638184,-0.00012353062629699707,0.0,0.0,0.6043407917022705,-0.10668110847473145,0.03,0,0,0,0,0,0,0,0,0,0,0,0,0,0,0,0,0,0,0,0,0
4.975532293319702,0.0,0.0,0.0,-0.0007557868957519531,-0.00012993812561035156,0.0,0.0,0.5968940854072571,-0.09091659635305405,0.03,0,0,0,0,0,0,0,0,0,0,0,0,0,0,0,0,0,0,0,0,0
4.976717233657837,0.0,0.0,0.0,-0.0007557868957519531,-0.00012993812561035156,0.0,0.0,0.5968940854072571,-0.09091659635305405,0.03,0,0,0,0,0,0,0,0,0,0,0,0,0,0,0,0,0,0,0,0,0
4.977813959121704,0.0,0.0,0.0,-0.0007557868957519531,-0.00012993812561035156,0.0,0.0,0.5968940854072571,-0.09091659635305405,0.03,0,0,0,0,0,0,0,0,0,0,0,0,0,0,0,0,0,0,0,0,0
4.9789719581604,0.0,0.0,0.0,-0.0007557868957519531,-0.00012993812561035156,0.0,0.0,0.5968940854072571,-0.09091659635305405,0.03,0,0,0,0,0,0,0,0,0,0,0,0,0,0,0,0,0,0,0,0,0
4.980089902877808,0.0,0.0,0.0,-0.0007557868957519531,-0.00012993812561035156,0.0,0.0,0.5968940854072571,-0.09091659635305405,0.03,0,0,0,0,0,0,0,0,0,0,0,0,0,0,0,0,0,0,0,0,0
4.981151819229126,0.0,0.0,0.0,-0.0007557868957519531,-0.00012993812561035156,0.0,0.0,0.5968940854072571,-0.09091659635305405,0.03,0,0,0,0,0,0,0,0,0,0,0,0,0,0,0,0,0,0,0,0,0
4.982935190200806,0.0,0.0,0.0,-0.0007557868957519531,-0.00012993812561035156,0.0,0.0,0.5968940854072571,-0.09091659635305405,0.03,0,0,0,0,0,0,0,0,0,0,0,0,0,0,0,0,0,0,0,0,0
4.984458923339844,0.0,0.0,0.0,-0.0007557868957519531,-0.00012993812561035156,0.0,0.0,0.5968940854072571,-0.09091659635305405,0.03,0,0,0,0,0,0,0,0,0,0,0,0,0,0,0,0,0,0,0,0,0
4.98568320274353,0.0,0.0,0.0,-0.0007557868957519531,-0.00012993812561035156,0.0,0.0,0.5968940854072571,-0.09091659635305405,0.03,0,0,0,0,0,0,0,0,0,0,0,0,0,0,0,0,0,0,0,0,0
4.987923622131348,0.0,0.0,0.0,-0.0007557868957519531,-0.00012993812561035156,0.0,0.0,0.5968940854072571,-0.09091659635305405,0.03,0,0,0,0,0,0,0,0,0,0,0,0,0,0,0,0,0,0,0,0,0
4.989080429077148,0.0,0.0,0.0,-0.0007557868957519531,-0.00012993812561035156,0.0,0.0,0.5968940854072571,-0.09091659635305405,0.03,0,0,0,0,0,0,0,0,0,0,0,0,0,0,0,0,0,0,0,0,0
4.990543365478516,0.0,0.0,0.0,-0.0007557868957519531,-0.00012993812561035156,0.0,0.0,0.5968940854072571,-0.09091659635305405,0.03,0,0,0,0,0,0,0,0,0,0,0,0,0,0,0,0,0,0,0,0,0
4.991835117340088,0.0,0.0,0.0,-0.0007557868957519531,-0.00012993812561035156,0.0,0.0,0.5968940854072571,-0.09091659635305405,0.03,0,0,0,0,0,0,0,0,0,0,0,0,0,0,0,0,0,0,0,0,0
4.993733882904053,0.0,0.0,0.0,-0.0007557868957519531,-0.00012993812561035156,0.0,0.0,0.5968940854072571,-0.09091659635305405,0.03,0,0,0,0,0,0,0,0,0,0,0,0,0,0,0,0,0,0,0,0,0
4.994820594787598,0.0,0.0,0.0,-0.0007557868957519531,-0.00012993812561035156,0.0,0.0,0.5968940854072571,-0.09091659635305405,0.03,0,0,0,0,0,0,0,0,0,0,0,0,0,0,0,0,0,0,0,0,0
4.997092962265015,0.0,0.0,0.0,-0.0007557868957519531,-0.00012993812561035156,0.0,0.0,0.5968940854072571,-0.09091659635305405,0.03,0,0,0,0,0,0,0,0,0,0,0,0,0,0,0,0,0,0,0,0,0
4.998339891433716,0.0,0.0,0.0,-0.0007557868957519531,-0.00012993812561035156,0.0,0.0,0.5968940854072571,-0.09091659635305405,0.03,0,0,0,0,0,0,0,0,0,0,0,0,0,0,0,0,0,0,0,0,0
4.999429702758789,0.0,0.0,0.0,-0.0007557868957519531,-0.00012993812561035156,0.0,0.0,0.5968940854072571,-0.09091659635305405,0.03,0,0,0,0,0,0,0,0,0,0,0,0,0,0,0,0,0,0,0,0,0
5.001720905303955,0.0,0.0,0.0,-0.0007671117782592773,-0.00014734268188476562,0.0,0.0,0.6142682433128357,-0.09320615977048874,0.03,0,0,0,0,0,0,0,0,0,0,0,0,0,0,0,0,0,0,0,0,0
5.002787113189697,0.0,0.0,0.0,-0.0007671117782592773,-0.00014734268188476562,0.0,0.0,0.6142682433128357,-0.09320615977048874,0.03,0,0,0,0,0,0,0,0,0,0,0,0,0,0,0,0,0,0,0,0,0
5.00432276725769,0.0,0.0,0.0,-0.0007671117782592773,-0.00014734268188476562,0.0,0.0,0.6142682433128357,-0.09320615977048874,0.03,0,0,0,0,0,0,0,0,0,0,0,0,0,0,0,0,0,0,0,0,0
5.005492210388184,0.0,0.0,0.0,-0.0007671117782592773,-0.00014734268188476562,0.0,0.0,0.6142682433128357,-0.09320615977048874,0.03,0,0,0,0,0,0,0,0,0,0,0,0,0,0,0,0,0,0,0,0,0
5.007146120071411,0.0,0.0,0.0,-0.0007671117782592773,-0.00014734268188476562,0.0,0.0,0.6142682433128357,-0.09320615977048874,0.03,0,0,0,0,0,0,0,0,0,0,0,0,0,0,0,0,0,0,0,0,0
5.008385419845581,0.0,0.0,0.0,-0.0007671117782592773,-0.00014734268188476562,0.0,0.0,0.6142682433128357,-0.09320615977048874,0.03,0,0,0,0,0,0,0,0,0,0,0,0,0,0,0,0,0,0,0,0,0
5.010983467102051,0.0,0.0,0.0,-0.0007671117782592773,-0.00014734268188476562,0.0,0.0,0.6142682433128357,-0.09320615977048874,0.03,0,0,0,0,0,0,0,0,0,0,0,0,0,0,0,0,0,0,0,0,0
5.012058258056641,0.0,0.0,0.0,-0.0007671117782592773,-0.00014734268188476562,0.0,0.0,0.6142682433128357,-0.09320615977048874,0.03,0,0,0,0,0,0,0,0,0,0,0,0,0,0,0,0,0,0,0,0,0
5.013162136077881,0.0,0.0,0.0,-0.0007671117782592773,-0.00014734268188476562,0.0,0.0,0.6142682433128357,-0.09320615977048874,0.03,0,0,0,0,0,0,0,0,0,0,0,0,0,0,0,0,0,0,0,0,0
5.014573574066162,0.0,0.0,0.0,-0.0007671117782592773,-0.00014734268188476562,0.0,0.0,0.6142682433128357,-0.09320615977048874,0.03,0,0,0,0,0,0,0,0,0,0,0,0,0,0,0,0,0,0,0,0,0
5.017242431640625,0.0,0.0,0.0,-0.0007671117782592773,-0.00014734268188476562,0.0,0.0,0.6142682433128357,-0.09320615977048874,0.03,0,0,0,0,0,0,0,0,0,0,0,0,0,0,0,0,0,0,0,0,0
5.018569469451904,0.0,0.0,0.0,-0.0007671117782592773,-0.00014734268188476562,0.0,0.0,0.6142682433128357,-0.09320615977048874,0.03,0,0,0,0,0,0,0,0,0,0,0,0,0,0,0,0,0,0,0,0,0
5.019666910171509,0.0,0.0,0.0,-0.0007671117782592773,-0.00014734268188476562,0.0,0.0,0.6142682433128357,-0.09320615977048874,0.03,0,0,0,0,0,0,0,0,0,0,0,0,0,0,0,0,0,0,0,0,0
5.020893096923828,0.0,0.0,0.0,-0.0007671117782592773,-0.00014734268188476562,0.0,0.0,0.6142682433128357,-0.09320615977048874,0.03,0,0,0,0,0,0,0,0,0,0,0,0,0,0,0,0,0,0,0,0,0
5.021994352340698,0.0,0.0,0.0,-0.0007671117782592773,-0.00014734268188476562,0.0,0.0,0.6142682433128357,-0.09320615977048874,0.03,0,0,0,0,0,0,0,0,0,0,0,0,0,0,0,0,0,0,0,0,0
5.023165702819824,0.0,0.0,0.0,-0.0007671117782592773,-0.00014734268188476562,0.0,0.0,0.6142682433128357,-0.09320615977048874,0.03,0,0,0,0,0,0,0,0,0,0,0,0,0,0,0,0,0,0,0,0,0
5.024345397949219,0.0,0.0,0.0,-0.0007671117782592773,-0.00014734268188476562,0.0,0.0,0.6142682433128357,-0.09320615977048874,0.03,0,0,0,0,0,0,0,0,0,0,0,0,0,0,0,0,0,0,0,0,0
5.025781154632568,0.0,0.0,0.0,-0.0007408857345581055,-0.0001227259635925293,0.0,0.0,0.5715217590332031,-0.09713784605264664,0.03,0,0,0,0,0,0,0,0,0,0,0,0,0,0,0,0,0,0,0,0,0
5.026915788650513,0.0,0.0,0.0,-0.0007408857345581055,-0.0001227259635925293,0.0,0.0,0.5715217590332031,-0.09713784605264664,0.03,0,0,0,0,0,0,0,0,0,0,0,0,0,0,0,0,0,0,0,0,0
5.028218507766724,0.0,0.0,0.0,-0.0007408857345581055,-0.0001227259635925293,0.0,0.0,0.5715217590332031,-0.09713784605264664,0.03,0,0,0,0,0,0,0,0,0,0,0,0,0,0,0,0,0,0,0,0,0
5.029668092727661,0.0,0.0,0.0,-0.0007408857345581055,-0.0001227259635925293,0.0,0.0,0.5715217590332031,-0.09713784605264664,0.03,0,0,0,0,0,0,0,0,0,0,0,0,0,0,0,0,0,0,0,0,0
5.031208753585815,9.0,0.0,0.0,-0.0007818937301635742,-0.00012215971946716309,0.0,0.0,0.6089152693748474,-0.0937306135892868,0.03,0,0,0,0,0,0,0,0,0,0,0,0,0,0,0,0,0,0,0,0,0
5.032723665237427,9.0,0.0,0.0,-0.0007818937301635742,-0.00012215971946716309,0.0,0.0,0.6089152693748474,-0.0937306135892868,0.03,0,0,0,0,0,0,0,0,0,0,0,0,0,0,0,0,0,0,0,0,0
5.034190893173218,9.0,0.0,0.0,-0.0007818937301635742,-0.00012215971946716309,0.0,0.0,0.6089152693748474,-0.0937306135892868,0.03,0,0,0,0,0,0,0,0,0,0,0,0,0,0,0,0,0,0,0,0,0
5.035753965377808,9.0,0.0,0.0,-0.0007818937301635742,-0.00012215971946716309,0.0,0.0,0.6089152693748474,-0.0937306135892868,0.03,0,0,0,0,0,0,0,0,0,0,0,0,0,0,0,0,0,0,0,0,0
5.037535905838013,9.0,0.0,0.0,-0.0007818937301635742,-0.00012215971946716309,0.0,0.0,0.6089152693748474,-0.0937306135892868,0.03,0,0,0,0,0,0,0,0,0,0,0,0,0,0,0,0,0,0,0,0,0
5.038784503936768,9.0,0.0,0.0,-0.0007818937301635742,-0.00012215971946716309,0.0,0.0,0.6089152693748474,-0.0937306135892868,0.03,0,0,0,0,0,0,0,0,0,0,0,0,0,0,0,0,0,0,0,0,0
5.040557622909546,9.0,0.0,0.0,-0.0007818937301635742,-0.00012215971946716309,0.0,0.0,0.6089152693748474,-0.0937306135892868,0.03,0,0,0,0,0,0,0,0,0,0,0,0,0,0,0,0,0,0,0,0,0
5.041958332061768,9.0,0.0,0.0,-0.0007818937301635742,-0.00012215971946716309,0.0,0.0,0.6089152693748474,-0.0937306135892868,0.03,0,0,0,0,0,0,0,0,0,0,0,0,0,0,0,0,0,0,0,0,0
5.044355392456055,9.0,0.0,0.0,-0.0007818937301635742,-0.00012215971946716309,0.0,0.0,0.6089152693748474,-0.0937306135892868,0.03,0,0,0,0,0,0,0,0,0,0,0,0,0,0,0,0,0,0,0,0,0
5.045583248138428,9.0,0.0,0.0,-0.0007818937301635742,-0.00012215971946716309,0.0,0.0,0.6089152693748474,-0.0937306135892868,0.03,0,0,0,0,0,0,0,0,0,0,0,0,0,0,0,0,0,0,0,0,0
5.046780347824097,9.0,0.0,0.0,-0.0007818937301635742,-0.00012215971946716309,0.0,0.0,0.6089152693748474,-0.0937306135892868,0.03,0,0,0,0,0,0,0,0,0,0,0,0,0,0,0,0,0,0,0,0,0
5.047948360443115,9.0,0.0,0.0,-0.0007818937301635742,-0.00012215971946716309,0.0,0.0,0.6089152693748474,-0.0937306135892868,0.03,0,0,0,0,0,0,0,0,0,0,0,0,0,0,0,0,0,0,0,0,0
5.050273180007935,9.0,0.0,0.0,-0.0007795095443725586,-0.00011831521987915039,0.0,0.0,0.6075697541236877,-0.13213881850242615,0.03,0,0,0,0,0,0,0,0,0,0,0,0,0,0,0,0,0,0,0,0,0
5.0515851974487305,9.0,0.0,0.0,-0.0007795095443725586,-0.00011831521987915039,0.0,0.0,0.6075697541236877,-0.13213881850242615,0.03,0,0,0,0,0,0,0,0,0,0,0,0,0,0,0,0,0,0,0,0,0
5.052924633026123,9.0,0.0,0.0,-0.0007601380348205566,-0.0001226365566253662,0.0,0.0,0.6116757988929749,-0.09887461364269257,0.03,0,0,0,0,0,0,0,0,0,0,0,0,0,0,0,0,0,0,0,0,0
5.054839134216309,9.0,0.0,0.0,-0.0007601380348205566,-0.0001226365566253662,0.0,0.0,0.6116757988929749,-0.09887461364269257,0.03,0,0,0,0,0,0,0,0,0,0,0,0,0,0,0,0,0,0,0,0,0
5.055955648422241,9.0,0.0,0.0,-0.0007601380348205566,-0.0001226365566253662,0.0,0.0,0.6116757988929749,-0.09887461364269257,0.03,0,0,0,0,0,0,0,0,0,0,0,0,0,0,0,0,0,0,0,0,0
5.057276010513306,9.0,0.0,0.0,-0.0007601380348205566,-0.0001226365566253662,0.0,0.0,0.6116757988929749,-0.09887461364269257,0.03,0,0,0,0,0,0,0,0,0,0,0,0,0,0,0,0,0,0,0,0,0
5.058600664138794,9.0,0.0,0.0,-0.0007601380348205566,-0.0001226365566253662,0.0,0.0,0.6116757988929749,-0.09887461364269257,0.03,0,0,0,0,0,0,0,0,0,0,0,0,0,0,0,0,0,0,0,0,0
5.0596702098846436,9.0,0.0,0.0,-0.0007601380348205566,-0.0001226365566253662,0.0,0.0,0.6116757988929749,-0.09887461364269257,0.03,0,0,0,0,0,0,0,0,0,0,0,0,0,0,0,0,0,0,0,0,0
5.061429977416992,9.0,0.0,0.0,-0.0007628202438354492,-0.0001214146614074707,0.0,0.0,0.579719066619873,-0.08774267882108688,0.03,0,0,0,0,0,0,0,0,0,0,0,0,0,0,0,0,0,0,0,0,0
5.062491416931152,9.0,0.0,0.0,-0.0007628202438354492,-0.0001214146614074707,0.0,0.0,0.579719066619873,-0.08774267882108688,0.03,0,0,0,0,0,0,0,0,0,0,0,0,0,0,0,0,0,0,0,0,0
5.063573360443115,9.0,0.0,0.0,-0.0007628202438354492,-0.0001214146614074707,0.0,0.0,0.579719066619873,-0.08774267882108688,0.03,0,0,0,0,0,0,0,0,0,0,0,0,0,0,0,0,0,0,0,0,0
5.064696550369263,9.0,0.0,0.0,-0.0007628202438354492,-0.0001214146614074707,0.0,0.0,0.579719066619873,-0.08774267882108688,0.03,0,0,0,0,0,0,0,0,0,0,0,0,0,0,0,0,0,0,0,0,0
5.066125392913818,9.0,0.0,0.0,-0.0007628202438354492,-0.0001214146614074707,0.0,0.0,0.579719066619873,-0.08774267882108688,0.03,0,0,0,0,0,0,0,0,0,0,0,0,0,0,0,0,0,0,0,0,0
5.067308187484741,9.0,0.0,0.0,-0.0007843375205993652,-7.137656211853027e-05,0.0,0.0,0.611312747001648,-0.024716060608625412,0.03,0,0,0,0,0,0,0,0,0,0,0,0,0,0,0,0,0,0,0,0,0
5.069664716720581,9.0,0.0,0.0,-0.0007843375205993652,-7.137656211853027e-05,0.0,0.0,0.611312747001648,-0.024716060608625412,0.03,0,0,0,0,0,0,0,0,0,0,0,0,0,0,0,0,0,0,0,0,0
5.070806264877319,9.0,0.0,0.0,-0.0007843375205993652,-7.137656211853027e-05,0.0,0.0,0.611312747001648,-0.024716060608625412,0.03,0,0,0,0,0,0,0,0,0,0,0,0,0,0,0,0,0,0,0,0,0
5.072253227233887,9.0,0.0,0.0,-0.0007843375205993652,-7.137656211853027e-05,0.0,0.0,0.611312747001648,-0.024716060608625412,0.03,0,0,0,0,0,0,0,0,0,0,0,0,0,0,0,0,0,0,0,0,0
5.073413610458374,9.0,0.0,0.0,-0.0007843375205993652,-7.137656211853027e-05,0.0,0.0,0.611312747001648,-0.024716060608625412,0.03,0,0,0,0,0,0,0,0,0,0,0,0,0,0,0,0,0,0,0,0,0
5.074730396270752,9.0,0.0,0.0,-0.0007843375205993652,-7.137656211853027e-05,0.0,0.0,0.611312747001648,-0.024716060608625412,0.03,0,0,0,0,0,0,0,0,0,0,0,0,0,0,0,0,0,0,0,0,0
5.075846195220947,9.0,0.0,0.0,-0.0007843375205993652,-7.137656211853027e-05,0.0,0.0,0.611312747001648,-0.024716060608625412,0.03,0,0,0,0,0,0,0,0,0,0,0,0,0,0,0,0,0,0,0,0,0
5.077410459518433,9.0,0.0,0.0,-0.0007843375205993652,-7.137656211853027e-05,0.0,0.0,0.611312747001648,-0.024716060608625412,0.03,0,0,0,0,0,0,0,0,0,0,0,0,0,0,0,0,0,0,0,0,0
5.078721761703491,9.0,0.0,0.0,-0.0007843375205993652,-7.137656211853027e-05,0.0,0.0,0.611312747001648,-0.024716060608625412,0.03,0,0,0,0,0,0,0,0,0,0,0,0,0,0,0,0,0,0,0,0,0
5.080358028411865,9.0,0.0,0.0,-0.0007843375205993652,-7.137656211853027e-05,0.0,0.0,0.611312747001648,-0.024716060608625412,0.03,0,0,0,0,0,0,0,0,0,0,0,0,0,0,0,0,0,0,0,0,0
5.081953287124634,9.0,0.0,0.0,-0.0007843375205993652,-7.137656211853027e-05,0.0,0.0,0.611312747001648,-0.024716060608625412,0.03,0,0,0,0,0,0,0,0,0,0,0,0,0,0,0,0,0,0,0,0,0
5.0830419063568115,9.0,0.0,0.0,-0.0007843375205993652,-7.137656211853027e-05,0.0,0.0,0.611312747001648,-0.024716060608625412,0.03,0,0,0,0,0,0,0,0,0,0,0,0,0,0,0,0,0,0,0,0,0
5.085648059844971,9.0,0.0,0.0,-0.0007843375205993652,-7.137656211853027e-05,0.0,0.0,0.611312747001648,-0.024716060608625412,0.03,0,0,0,0,0,0,0,0,0,0,0,0,0,0,0,0,0,0,0,0,0
5.086757659912109,9.0,0.0,0.0,-0.0007843375205993652,-7.137656211853027e-05,0.0,0.0,0.611312747001648,-0.024716060608625412,0.03,0,0,0,0,0,0,0,0,0,0,0,0,0,0,0,0,0,0,0,0,0
5.088294506072998,9.0,0.0,0.0,-0.0007843375205993652,-7.137656211853027e-05,0.0,0.0,0.611312747001648,-0.024716060608625412,0.03,0,0,0,0,0,0,0,0,0,0,0,0,0,0,0,0,0,0,0,0,0
5.090449810028076,9.0,0.0,0.0,-0.0007843375205993652,-7.137656211853027e-05,0.0,0.0,0.611312747001648,-0.024716060608625412,0.03,0,0,0,0,0,0,0,0,0,0,0,0,0,0,0,0,0,0,0,0,0
5.091752290725708,9.0,0.0,0.0,-0.0007843375205993652,-7.137656211853027e-05,0.0,0.0,0.611312747001648,-0.024716060608625412,0.03,0,0,0,0,0,0,0,0,0,0,0,0,0,0,0,0,0,0,0,0,0
5.093323707580566,9.0,0.0,0.0,-0.0007843375205993652,-7.137656211853027e-05,0.0,0.0,0.611312747001648,-0.024716060608625412,0.03,0,0,0,0,0,0,0,0,0,0,0,0,0,0,0,0,0,0,0,0,0
5.09482216835022,9.0,0.0,0.0,-0.0007843375205993652,-7.137656211853027e-05,0.0,0.0,0.611312747001648,-0.024716060608625412,0.03,0,0,0,0,0,0,0,0,0,0,0,0,0,0,0,0,0,0,0,0,0
5.097635746002197,9.0,0.0,0.0,-0.0007843375205993652,-7.137656211853027e-05,0.0,0.0,0.611312747001648,-0.024716060608625412,0.03,0,0,0,0,0,0,0,0,0,0,0,0,0,0,0,0,0,0,0,0,0
5.098734617233276,9.0,0.0,0.0,-0.0007843375205993652,-7.137656211853027e-05,0.0,0.0,0.611312747001648,-0.024716060608625412,0.03,0,0,0,0,0,0,0,0,0,0,0,0,0,0,0,0,0,0,0,0,0
5.100092887878418,9.0,0.0,0.0,-0.0007843375205993652,-7.137656211853027e-05,0.0,0.0,0.611312747001648,-0.024716060608625412,0.03,0,0,0,0,0,0,0,0,0,0,0,0,0,0,0,0,0,0,0,0,0
5.101823329925537,9.0,0.0,0.0,-0.0007843375205993652,-7.137656211853027e-05,0.0,0.0,0.611312747001648,-0.024716060608625412,0.03,0,0,0,0,0,0,0,0,0,0,0,0,0,0,0,0,0,0,0,0,0
5.103172540664673,9.0,0.0,0.0,-0.0007843375205993652,-7.137656211853027e-05,0.0,0.0,0.611312747001648,-0.024716060608625412,0.03,0,0,0,0,0,0,0,0,0,0,0,0,0,0,0,0,0,0,0,0,0
5.104368448257446,9.0,0.0,0.0,-0.0007843375205993652,-7.137656211853027e-05,0.0,0.0,0.611312747001648,-0.024716060608625412,0.03,0,0,0,0,0,0,0,0,0,0,0,0,0,0,0,0,0,0,0,0,0
5.105491876602173,9.0,0.0,0.0,-0.0007843375205993652,-7.137656211853027e-05,0.0,0.0,0.611312747001648,-0.024716060608625412,0.03,0,0,0,0,0,0,0,0,0,0,0,0,0,0,0,0,0,0,0,0,0
5.106607437133789,9.0,0.0,0.0,-0.0007843375205993652,-7.137656211853027e-05,0.0,0.0,0.611312747001648,-0.024716060608625412,0.03,0,0,0,0,0,0,0,0,0,0,0,0,0,0,0,0,0,0,0,0,0
5.10819935798645,9.0,0.0,0.0,-0.0007843375205993652,-7.137656211853027e-05,0.0,0.0,0.611312747001648,-0.024716060608625412,0.03,0,0,0,0,0,0,0,0,0,0,0,0,0,0,0,0,0,0,0,0,0
5.109510660171509,9.0,0.0,0.0,-0.0007843375205993652,-7.137656211853027e-05,0.0,0.0,0.611312747001648,-0.024716060608625412,0.03,0,0,0,0,0,0,0,0,0,0,0,0,0,0,0,0,0,0,0,0,0
5.110936880111694,9.0,0.0,0.0,-0.0007843375205993652,-7.137656211853027e-05,0.0,0.0,0.611312747001648,-0.024716060608625412,0.03,0,0,0,0,0,0,0,0,0,0,0,0,0,0,0,0,0,0,0,0,0
5.11236834526062,9.0,0.0,0.0,-0.0007843375205993652,-7.137656211853027e-05,0.0,0.0,0.611312747001648,-0.024716060608625412,0.03,0,0,0,0,0,0,0,0,0,0,0,0,0,0,0,0,0,0,0,0,0
5.113614320755005,9.0,0.0,0.0,-0.0007843375205993652,-7.137656211853027e-05,0.0,0.0,0.611312747001648,-0.024716060608625412,0.03,0,0,0,0,0,0,0,0,0,0,0,0,0,0,0,0,0,0,0,0,0
5.115683555603027,9.0,0.0,0.0,-0.0007843375205993652,-7.137656211853027e-05,0.0,0.0,0.611312747001648,-0.024716060608625412,0.03,0,0,0,0,0,0,0,0,0,0,0,0,0,0,0,0,0,0,0,0,0
5.1169304847717285,9.0,0.0,0.0,-0.0007843375205993652,-7.137656211853027e-05,0.0,0.0,0.611312747001648,-0.024716060608625412,0.03,0,0,0,0,0,0,0,0,0,0,0,0,0,0,0,0,0,0,0,0,0
5.119037389755249,9.0,0.0,0.0,-0.0007843375205993652,-7.137656211853027e-05,0.0,0.0,0.611312747001648,-0.024716060608625412,0.03,0,0,0,0,0,0,0,0,0,0,0,0,0,0,0,0,0,0,0,0,0
5.120652437210083,9.0,0.0,0.0,-0.0007843375205993652,-7.137656211853027e-05,0.0,0.0,0.611312747001648,-0.024716060608625412,0.03,0,0,0,0,0,0,0,0,0,0,0,0,0,0,0,0,0,0,0,0,0
5.121897220611572,9.0,0.0,0.0,-0.0007843375205993652,-7.137656211853027e-05,0.0,0.0,0.611312747001648,-0.024716060608625412,0.03,0,0,0,0,0,0,0,0,0,0,0,0,0,0,0,0,0,0,0,0,0
5.123066186904907,9.0,0.0,0.0,-0.0007843375205993652,-7.137656211853027e-05,0.0,0.0,0.611312747001648,-0.024716060608625412,0.03,0,0,0,0,0,0,0,0,0,0,0,0,0,0,0,0,0,0,0,0,0
5.1245057582855225,9.0,0.0,0.0,-0.0007843375205993652,-7.137656211853027e-05,0.0,0.0,0.611312747001648,-0.024716060608625412,0.03,0,0,0,0,0,0,0,0,0,0,0,0,0,0,0,0,0,0,0,0,0
5.125576734542847,9.0,0.0,0.0,-0.0007843375205993652,-7.137656211853027e-05,0.0,0.0,0.611312747001648,-0.024716060608625412,0.03,0,0,0,0,0,0,0,0,0,0,0,0,0,0,0,0,0,0,0,0,0
5.126708507537842,9.0,0.0,0.0,-0.0007843375205993652,-7.137656211853027e-05,0.0,0.0,0.611312747001648,-0.024716060608625412,0.03,0,0,0,0,0,0,0,0,0,0,0,0,0,0,0,0,0,0,0,0,0
5.127954006195068,9.0,0.0,0.0,-0.0007843375205993652,-7.137656211853027e-05,0.0,0.0,0.611312747001648,-0.024716060608625412,0.03,0,0,0,0,0,0,0,0,0,0,0,0,0,0,0,0,0,0,0,0,0
5.1290271282196045,9.0,0.0,0.0,-0.0007843375205993652,-7.137656211853027e-05,0.0,0.0,0.611312747001648,-0.024716060608625412,0.03,0,0,0,0,0,0,0,0,0,0,0,0,0,0,0,0,0,0,0,0,0
5.130618333816528,9.0,0.0,0.0,-0.0007843375205993652,-7.137656211853027e-05,0.0,0.0,0.611312747001648,-0.024716060608625412,0.03,0,0,0,0,0,0,0,0,0,0,0,0,0,0,0,0,0,0,0,0,0
5.1323981285095215,9.0,0.0,0.0,-0.0007843375205993652,-7.137656211853027e-05,0.0,0.0,0.611312747001648,-0.024716060608625412,0.03,0,0,0,0,0,0,0,0,0,0,0,0,0,0,0,0,0,0,0,0,0
5.135482311248779,9.0,0.0,0.0,-0.0007843375205993652,-7.137656211853027e-05,0.0,0.0,0.611312747001648,-0.024716060608625412,0.03,0,0,0,0,0,0,0,0,0,0,0,0,0,0,0,0,0,0,0,0,0
5.136902570724487,9.0,0.0,0.0,-0.0007843375205993652,-7.137656211853027e-05,0.0,0.0,0.611312747001648,-0.024716060608625412,0.03,0,0,0,0,0,0,0,0,0,0,0,0,0,0,0,0,0,0,0,0,0
5.138023138046265,9.0,0.0,0.0,-0.0007843375205993652,-7.137656211853027e-05,0.0,0.0,0.611312747001648,-0.024716060608625412,0.03,0,0,0,0,0,0,0,0,0,0,0,0,0,0,0,0,0,0,0,0,0
5.1395463943481445,9.0,0.0,0.0,-0.0007843375205993652,-7.137656211853027e-05,0.0,0.0,0.611312747001648,-0.024716060608625412,0.03,0,0,0,0,0,0,0,0,0,0,0,0,0,0,0,0,0,0,0,0,0
5.140729188919067,9.0,0.0,0.0,-0.0007843375205993652,-7.137656211853027e-05,0.0,0.0,0.611312747001648,-0.024716060608625412,0.03,0,0,0,0,0,0,0,0,0,0,0,0,0,0,0,0,0,0,0,0,0
5.141916513442993,9.0,0.0,0.0,-0.0007843375205993652,-7.137656211853027e-05,0.0,0.0,0.611312747001648,-0.024716060608625412,0.03,0,0,0,0,0,0,0,0,0,0,0,0,0,0,0,0,0,0,0,0,0
5.143107652664185,9.0,0.0,0.0,-0.0007843375205993652,-7.137656211853027e-05,0.0,0.0,0.611312747001648,-0.024716060608625412,0.03,0,0,0,0,0,0,0,0,0,0,0,0,0,0,0,0,0,0,0,0,0
5.144310474395752,9.0,0.0,0.0,-0.0007843375205993652,-7.137656211853027e-05,0.0,0.0,0.611312747001648,-0.024716060608625412,0.03,0,0,0,0,0,0,0,0,0,0,0,0,0,0,0,0,0,0,0,0,0
5.146170616149902,9.0,0.0,0.0,-0.000766754150390625,-0.00012171268463134766,0.0,0.0,0.5847191214561462,-0.15593814849853516,0.03,0,0,0,0,0,0,0,0,0,0,0,0,0,0,0,0,0,0,0,0,0
5.14725136756897,9.0,0.0,0.0,-0.000766754150390625,-0.00012171268463134766,0.0,0.0,0.5847191214561462,-0.15593814849853516,0.03,0,0,0,0,0,0,0,0,0,0,0,0,0,0,0,0,0,0,0,0,0
5.150038957595825,9.0,0.0,0.0,-0.0007494091987609863,-0.00012251734733581543,0.0,0.0,0.6019797325134277,-0.12304850667715073,0.03,0,0,0,0,0,0,0,0,0,0,0,0,0,0,0,0,0,0,0,0,0
5.151226282119751,9.0,0.0,0.0,-0.0007494091987609863,-0.00012251734733581543,0.0,0.0,0.6019797325134277,-0.12304850667715073,0.03,0,0,0,0,0,0,0,0,0,0,0,0,0,0,0,0,0,0,0,0,0
5.1537721157073975,9.0,0.0,0.0,-0.0007494091987609863,-0.00012251734733581543,0.0,0.0,0.6019797325134277,-0.12304850667715073,0.03,0,0,0,0,0,0,0,0,0,0,0,0,0,0,0,0,0,0,0,0,0
5.15583062171936,9.0,0.0,0.0,-0.0007494091987609863,-0.00012251734733581543,0.0,0.0,0.6019797325134277,-0.12304850667715073,0.03,0,0,0,0,0,0,0,0,0,0,0,0,0,0,0,0,0,0,0,0,0
5.157567262649536,9.0,0.0,0.0,-0.0007494091987609863,-0.00012251734733581543,0.0,0.0,0.6019797325134277,-0.12304850667715073,0.03,0,0,0,0,0,0,0,0,0,0,0,0,0,0,0,0,0,0,0,0,0
5.159048795700073,9.0,0.0,0.0,-0.0007494091987609863,-0.00012251734733581543,0.0,0.0,0.6019797325134277,-0.12304850667715073,0.03,0,0,0,0,0,0,0,0,0,0,0,0,0,0,0,0,0,0,0,0,0
5.16198468208313,9.0,0.0,0.0,-0.0007494091987609863,-0.00012251734733581543,0.0,0.0,0.6019797325134277,-0.12304850667715073,0.03,0,0,0,0,0,0,0,0,0,0,0,0,0,0,0,0,0,0,0,0,0
5.163576364517212,9.0,0.0,0.0,-0.0007494091987609863,-0.00012251734733581543,0.0,0.0,0.6019797325134277,-0.12304850667715073,0.03,0,0,0,0,0,0,0,0,0,0,0,0,0,0,0,0,0,0,0,0,0
5.164674758911133,9.0,0.0,0.0,-0.0007494091987609863,-0.00012251734733581543,0.0,0.0,0.6019797325134277,-0.12304850667715073,0.03,0,0,0,0,0,0,0,0,0,0,0,0,0,0,0,0,0,0,0,0,0
5.16580867767334,9.0,0.0,0.0,-0.0007494091987609863,-0.00012251734733581543,0.0,0.0,0.6019797325134277,-0.12304850667715073,0.03,0,0,0,0,0,0,0,0,0,0,0,0,0,0,0,0,0,0,0,0,0
5.167172908782959,9.0,0.0,0.0,-0.0007494091987609863,-0.00012251734733581543,0.0,0.0,0.6019797325134277,-0.12304850667715073,0.03,0,0,0,0,0,0,0,0,0,0,0,0,0,0,0,0,0,0,0,0,0
5.168549060821533,9.0,0.0,0.0,-0.0007494091987609863,-0.00012251734733581543,0.0,0.0,0.6019797325134277,-0.12304850667715073,0.03,0,0,0,0,0,0,0,0,0,0,0,0,0,0,0,0,0,0,0,0,0
5.169663429260254,9.0,0.0,0.0,-0.0007494091987609863,-0.00012251734733581543,0.0,0.0,0.6019797325134277,-0.12304850667715073,0.03,0,0,0,0,0,0,0,0,0,0,0,0,0,0,0,0,0,0,0,0,0
5.170864582061768,9.0,0.0,0.0,-0.0007494091987609863,-0.00012251734733581543,0.0,0.0,0.6019797325134277,-0.12304850667715073,0.03,0,0,0,0,0,0,0,0,0,0,0,0,0,0,0,0,0,0,0,0,0
5.17204737663269,9.0,0.0,0.0,-0.0007494091987609863,-0.00012251734733581543,0.0,0.0,0.6019797325134277,-0.12304850667715073,0.03,0,0,0,0,0,0,0,0,0,0,0,0,0,0,0,0,0,0,0,0,0
5.173160076141357,9.0,0.0,0.0,-0.0007494091987609863,-0.00012251734733581543,0.0,0.0,0.6019797325134277,-0.12304850667715073,0.03,0,0,0,0,0,0,0,0,0,0,0,0,0,0,0,0,0,0,0,0,0
5.175117492675781,9.0,0.0,0.0,-0.0007693171501159668,-0.00012364983558654785,0.0,0.0,0.6363049149513245,-0.10194868594408035,0.03,0,0,0,0,0,0,0,0,0,0,0,0,0,0,0,0,0,0,0,0,0
5.176190376281738,9.0,0.0,0.0,-0.0007693171501159668,-0.00012364983558654785,0.0,0.0,0.6363049149513245,-0.10194868594408035,0.03,0,0,0,0,0,0,0,0,0,0,0,0,0,0,0,0,0,0,0,0,0
5.178877115249634,9.0,0.0,0.0,-0.0007753968238830566,-8.612871170043945e-05,0.0,0.0,0.6069568395614624,-0.001204286003485322,0.03,0,0,0,0,0,0,0,0,0,0,0,0,0,0,0,0,0,0,0,0,0
5.18110990524292,9.0,0.0,0.0,-0.0007827877998352051,-6.395578384399414e-05,0.0,0.0,0.6037110686302185,-0.04442543536424637,0.03,0,0,0,0,0,0,0,0,0,0,0,0,0,0,0,0,0,0,0,0,0
5.182788848876953,9.0,0.0,0.0,-0.0007771849632263184,-9.766221046447754e-05,0.0,0.0,0.5956170558929443,-0.13166140019893646,0.03,0,0,0,0,0,0,0,0,0,0,0,0,0,0,0,0,0,0,0,0,0
5.184710502624512,9.0,0.0,0.0,-0.0007399916648864746,-0.00012245774269104004,0.0,0.0,0.565983772277832,-0.15549130737781525,0.03,0,0,0,0,0,0,0,0,0,0,0,0,0,0,0,0,0,0,0,0,0
5.1859965324401855,9.0,0.0,0.0,-0.0007610917091369629,-0.00014969706535339355,0.0,0.0,0.5995460748672485,-0.07006782293319702,0.03,0,0,0,0,0,0,0,0,0,0,0,0,0,0,0,0,0,0,0,0,0
5.187076807022095,9.0,0.0,0.0,-0.0007417798042297363,-0.00012224912643432617,0.0,0.0,0.5139272809028625,-0.09313185513019562,0.03,0,0,0,0,0,0,0,0,0,0,0,0,0,0,0,0,0,0,0,0,0
5.188292503356934,9.0,0.0,0.0,-0.0007374882698059082,-0.00014418363571166992,0.0,0.0,0.5514537692070007,-0.13738732039928436,0.03,0,0,0,0,0,0,0,0,0,0,0,0,0,0,0,0,0,0,0,0,0
5.189561367034912,9.0,0.0,0.0,-0.0007374882698059082,-0.00014418363571166992,0.0,0.0,0.5514537692070007,-0.13738732039928436,0.03,0,0,0,0,0,0,0,0,0,0,0,0,0,0,0,0,0,0,0,0,0
5.190867900848389,9.0,0.0,0.0,-0.0007374882698059082,-0.00014418363571166992,0.0,0.0,0.5514537692070007,-0.13738732039928436,0.03,0,0,0,0,0,0,0,0,0,0,0,0,0,0,0,0,0,0,0,0,0
5.19223427772522,9.0,0.0,0.0,-0.0007374882698059082,-0.00014418363571166992,0.0,0.0,0.5514537692070007,-0.13738732039928436,0.03,0,0,0,0,0,0,0,0,0,0,0,0,0,0,0,0,0,0,0,0,0
5.193590879440308,9.0,0.0,0.0,-0.0007402300834655762,-0.00012224912643432617,0.0,0.0,0.5725560188293457,-0.08203843981027603,0.03,0,0,0,0,0,0,0,0,0,0,0,0,0,0,0,0,0,0,0,0,0
5.196848392486572,9.0,0.0,0.0,-0.0007740259170532227,-0.0001315474510192871,0.0,0.0,0.5973177552223206,-0.17503783106803894,0.03,0,0,0,0,0,0,0,0,0,0,0,0,0,0,0,0,0,0,0,0,0
5.198541164398193,9.0,0.0,0.0,-0.0007740259170532227,-0.0001315474510192871,0.0,0.0,0.5973177552223206,-0.17503783106803894,0.03,0,0,0,0,0,0,0,0,0,0,0,0,0,0,0,0,0,0,0,0,0
5.199636459350586,9.0,0.0,0.0,-0.0007740259170532227,-0.0001315474510192871,0.0,0.0,0.5973177552223206,-0.17503783106803894,0.03,0,0,0,0,0,0,0,0,0,0,0,0,0,0,0,0,0,0,0,0,0
5.200722694396973,9.0,0.0,0.0,-0.0007740259170532227,-0.0001315474510192871,0.0,0.0,0.5973177552223206,-0.17503783106803894,0.03,0,0,0,0,0,0,0,0,0,0,0,0,0,0,0,0,0,0,0,0,0
5.201859474182129,9.0,0.0,0.0,-0.0007740259170532227,-0.0001315474510192871,0.0,0.0,0.5973177552223206,-0.17503783106803894,0.03,0,0,0,0,0,0,0,0,0,0,0,0,0,0,0,0,0,0,0,0,0
5.202932834625244,9.0,0.0,0.0,-0.0007740259170532227,-0.0001315474510192871,0.0,0.0,0.5973177552223206,-0.17503783106803894,0.03,0,0,0,0,0,0,0,0,0,0,0,0,0,0,0,0,0,0,0,0,0
5.206327438354492,9.0,0.0,0.0,-0.0007559657096862793,-0.0001227259635925293,0.0,0.0,0.6036893725395203,-0.097748763859272,0.03,0,0,0,0,0,0,0,0,0,0,0,0,0,0,0,0,0,0,0,0,0
5.2081263065338135,9.0,0.0,0.0,-0.0007407665252685547,-0.00012257695198059082,0.0,0.0,0.5718035697937012,-0.09553570300340652,0.03,0,0,0,0,0,0,0,0,0,0,0,0,0,0,0,0,0,0,0,0,0
5.210654258728027,9.0,0.0,0.0,-0.0007407665252685547,-0.00012257695198059082,0.0,0.0,0.5718035697937012,-0.09553570300340652,0.03,0,0,0,0,0,0,0,0,0,0,0,0,0,0,0,0,0,0,0,0,0
5.212278366088867,9.0,0.0,0.0,-0.0007407665252685547,-0.00012257695198059082,0.0,0.0,0.5718035697937012,-0.09553570300340652,0.03,0,0,0,0,0,0,0,0,0,0,0,0,0,0,0,0,0,0,0,0,0
5.2135632038116455,9.0,0.0,0.0,-0.0007407665252685547,-0.00012257695198059082,0.0,0.0,0.5718035697937012,-0.09553570300340652,0.03,0,0,0,0,0,0,0,0,0,0,0,0,0,0,0,0,0,0,0,0,0
5.215617418289185,9.0,0.0,0.0,-0.0007407665252685547,-0.00012257695198059082,0.0,0.0,0.5718035697937012,-0.09553570300340652,0.03,0,0,0,0,0,0,0,0,0,0,0,0,0,0,0,0,0,0,0,0,0
5.2179036140441895,9.0,0.0,0.0,-0.0007405281066894531,-0.00010707974433898926,0.0,0.0,0.5744168162345886,-0.05679553374648094,0.03,0,0,0,0,0,0,0,0,0,0,0,0,0,0,0,0,0,0,0,0,0
5.219062566757202,9.0,0.0,0.0,-0.0007405281066894531,-0.00010707974433898926,0.0,0.0,0.5744168162345886,-0.05679553374648094,0.03,0,0,0,0,0,0,0,0,0,0,0,0,0,0,0,0,0,0,0,0,0
5.220392942428589,9.0,0.0,0.0,-0.0007405281066894531,-0.00010707974433898926,0.0,0.0,0.5744168162345886,-0.05679553374648094,0.03,0,0,0,0,0,0,0,0,0,0,0,0,0,0,0,0,0,0,0,0,0
5.22200083732605,9.0,0.0,0.0,-0.0007405281066894531,-0.00010707974433898926,0.0,0.0,0.5744168162345886,-0.05679553374648094,0.03,0,0,0,0,0,0,0,0,0,0,0,0,0,0,0,0,0,0,0,0,0
5.223090171813965,9.0,0.0,0.0,-0.0007405281066894531,-0.00010707974433898926,0.0,0.0,0.5744168162345886,-0.05679553374648094,0.03,0,0,0,0,0,0,0,0,0,0,0,0,0,0,0,0,0,0,0,0,0
5.225767612457275,9.0,0.0,0.0,-0.0007405281066894531,-0.00010707974433898926,0.0,0.0,0.5744168162345886,-0.05679553374648094,0.03,0,0,0,0,0,0,0,0,0,0,0,0,0,0,0,0,0,0,0,0,0
5.226910352706909,9.0,0.0,0.0,-0.0007405281066894531,-0.00010707974433898926,0.0,0.0,0.5744168162345886,-0.05679553374648094,0.03,0,0,0,0,0,0,0,0,0,0,0,0,0,0,0,0,0,0,0,0,0
5.22904896736145,9.0,0.0,0.0,-0.0007603168487548828,-0.00017699599266052246,0.0,0.0,0.6064765453338623,-0.20234337449073792,0.03,0,0,0,0,0,0,0,0,0,0,0,0,0,0,0,0,0,0,0,0,0
5.231071710586548,9.0,0.0,0.0,-0.0007603168487548828,-0.00017699599266052246,0.0,0.0,0.6064765453338623,-0.20234337449073792,0.03,0,0,0,0,0,0,0,0,0,0,0,0,0,0,0,0,0,0,0,0,0
5.232459783554077,9.0,0.0,0.0,-0.0007651448249816895,-0.00017380714416503906,0.0,0.0,0.6316962838172913,-0.08622328191995621,0.03,0,0,0,0,0,0,0,0,0,0,0,0,0,0,0,0,0,0,0,0,0
5.235747575759888,9.0,0.0,0.0,-0.0007436871528625488,-0.00015154480934143066,0.0,0.0,0.5751439332962036,-0.03486618027091026,0.03,0,0,0,0,0,0,0,0,0,0,0,0,0,0,0,0,0,0,0,0,0
5.2373504638671875,9.0,0.0,0.0,-0.0007421374320983887,-0.00011715292930603027,0.0,0.0,0.5666183829307556,-0.0735652893781662,0.03,0,0,0,0,0,0,0,0,0,0,0,0,0,0,0,0,0,0,0,0,0
5.23883581161499,9.0,0.0,0.0,-0.0007421374320983887,-0.00011715292930603027,0.0,0.0,0.5666183829307556,-0.0735652893781662,0.03,0,0,0,0,0,0,0,0,0,0,0,0,0,0,0,0,0,0,0,0,0
5.240283489227295,9.0,0.0,0.0,-0.0007421374320983887,-0.00011715292930603027,0.0,0.0,0.5666183829307556,-0.0735652893781662,0.03,0,0,0,0,0,0,0,0,0,0,0,0,0,0,0,0,0,0,0,0,0
5.241825580596924,9.0,0.0,0.0,-0.0007421374320983887,-0.00011715292930603027,0.0,0.0,0.5666183829307556,-0.0735652893781662,0.03,0,0,0,0,0,0,0,0,0,0,0,0,0,0,0,0,0,0,0,0,0
5.243326663970947,9.0,0.0,0.0,-0.0007437467575073242,-0.00012251734733581543,0.0,0.0,0.5682556629180908,-0.09519025683403015,0.03,0,0,0,0,0,0,0,0,0,0,0,0,0,0,0,0,0,0,0,0,0
5.24498438835144,9.0,0.0,0.0,-0.0007437467575073242,-0.00012251734733581543,0.0,0.0,0.5682556629180908,-0.09519025683403015,0.03,0,0,0,0,0,0,0,0,0,0,0,0,0,0,0,0,0,0,0,0,0
5.246350288391113,9.0,0.0,0.0,-0.0007437467575073242,-0.00012251734733581543,0.0,0.0,0.5682556629180908,-0.09519025683403015,0.03,0,0,0,0,0,0,0,0,0,0,0,0,0,0,0,0,0,0,0,0,0
5.250747919082642,9.0,0.0,0.0,-0.0007646083831787109,-0.00012251734733581543,0.0,0.0,0.6232641935348511,-0.09529796242713928,0.03,0,0,0,0,0,0,0,0,0,0,0,0,0,0,0,0,0,0,0,0,0
5.251891136169434,9.0,0.0,0.0,-0.0007389187812805176,-0.00016361474990844727,0.0,0.0,0.5621576905250549,-0.15726827085018158,0.03,0,0,0,0,0,0,0,0,0,0,0,0,0,0,0,0,0,0,0,0,0
5.253690719604492,9.0,0.0,0.0,-0.0007401704788208008,-0.0001614987850189209,0.0,0.0,0.5690968632698059,-0.1128297746181488,0.03,0,0,0,0,0,0,0,0,0,0,0,0,0,0,0,0,0,0,0,0,0
5.254791498184204,9.0,0.0,0.0,-0.0007401704788208008,-0.0001614987850189209,0.0,0.0,0.5690968632698059,-0.1128297746181488,0.03,0,0,0,0,0,0,0,0,0,0,0,0,0,0,0,0,0,0,0,0,0
5.255913496017456,9.0,0.0,0.0,-0.0007401704788208008,-0.0001614987850189209,0.0,0.0,0.5690968632698059,-0.1128297746181488,0.03,0,0,0,0,0,0,0,0,0,0,0,0,0,0,0,0,0,0,0,0,0
5.2570812702178955,9.0,0.0,0.0,-0.0007601380348205566,-0.0001385807991027832,0.0,0.0,0.6010922193527222,-0.12022653222084045,0.03,0,0,0,0,0,0,0,0,0,0,0,0,0,0,0,0,0,0,0,0,0
5.258307695388794,9.0,0.0,0.0,-0.0007829666137695312,-0.00013956427574157715,0.0,0.0,0.6323122382164001,-0.10658182948827744,0.03,0,0,0,0,0,0,0,0,0,0,0,0,0,0,0,0,0,0,0,0,0
5.259472608566284,9.0,0.0,0.0,-0.0007829666137695312,-0.00013956427574157715,0.0,0.0,0.6323122382164001,-0.10658182948827744,0.03,0,0,0,0,0,0,0,0,0,0,0,0,0,0,0,0,0,0,0,0,0
5.2605507373809814,9.0,0.0,0.0,-0.0007829666137695312,-0.00013956427574157715,0.0,0.0,0.6323122382164001,-0.10658182948827744,0.03,0,0,0,0,0,0,0,0,0,0,0,0,0,0,0,0,0,0,0,0,0
5.262233018875122,9.0,0.0,0.0,-0.0007829666137695312,-0.00013956427574157715,0.0,0.0,0.6323122382164001,-0.10658182948827744,0.03,0,0,0,0,0,0,0,0,0,0,0,0,0,0,0,0,0,0,0,0,0
5.263427734375,9.0,0.0,0.0,-0.0007829666137695312,-0.00013956427574157715,0.0,0.0,0.6323122382164001,-0.10658182948827744,0.03,0,0,0,0,0,0,0,0,0,0,0,0,0,0,0,0,0,0,0,0,0
5.26539158821106,9.0,0.0,0.0,-0.0007829666137695312,-0.00013956427574157715,0.0,0.0,0.6323122382164001,-0.10658182948827744,0.03,0,0,0,0,0,0,0,0,0,0,0,0,0,0,0,0,0,0,0,0,0
5.266803026199341,9.0,0.0,0.0,-0.0007765293121337891,-0.00016629695892333984,0.0,0.0,0.603761613368988,-0.07414987683296204,0.03,0,0,0,0,0,0,0,0,0,0,0,0,0,0,0,0,0,0,0,0,0
5.267971038818359,9.0,0.0,0.0,-0.0007514357566833496,-0.00012159347534179688,0.0,0.0,0.5796979069709778,-0.08937585353851318,0.03,0,0,0,0,0,0,0,0,0,0,0,0,0,0,0,0,0,0,0,0,0
5.269181251525879,9.0,0.0,0.0,-0.0007514357566833496,-0.00012159347534179688,0.0,0.0,0.5796979069709778,-0.08937585353851318,0.03,0,0,0,0,0,0,0,0,0,0,0,0,0,0,0,0,0,0,0,0,0
5.270339250564575,9.0,0.0,0.0,-0.0007514357566833496,-0.00012159347534179688,0.0,0.0,0.5796979069709778,-0.08937585353851318,0.03,0,0,0,0,0,0,0,0,0,0,0,0,0,0,0,0,0,0,0,0,0
5.2715232372283936,9.0,0.0,0.0,-0.0007514357566833496,-0.00012159347534179688,0.0,0.0,0.5796979069709778,-0.08937585353851318,0.03,0,0,0,0,0,0,0,0,0,0,0,0,0,0,0,0,0,0,0,0,0
5.273712158203125,9.0,0.0,0.0,-0.0007585287094116211,-0.00013425946235656738,0.0,0.0,0.5998396277427673,-0.1207890510559082,0.03,0,0,0,0,0,0,0,0,0,0,0,0,0,0,0,0,0,0,0,0,0
5.274933099746704,9.0,0.0,0.0,-0.0007728934288024902,-0.00012069940567016602,0.0,0.0,0.622941255569458,-0.08794218301773071,0.03,0,0,0,0,0,0,0,0,0,0,0,0,0,0,0,0,0,0,0,0,0
5.276458024978638,9.0,0.0,0.0,-0.0007728934288024902,-0.00012069940567016602,0.0,0.0,0.622941255569458,-0.08794218301773071,0.03,0,0,0,0,0,0,0,0,0,0,0,0,0,0,0,0,0,0,0,0,0
5.2775819301605225,9.0,0.0,0.0,-0.0007426142692565918,-0.0001227855682373047,0.0,0.0,0.5475408434867859,-0.0967952087521553,0.03,0,0,0,0,0,0,0,0,0,0,0,0,0,0,0,0,0,0,0,0,0
5.279578685760498,9.0,0.0,0.0,-0.0007426142692565918,-0.0001227855682373047,0.0,0.0,0.5475408434867859,-0.0967952087521553,0.03,0,0,0,0,0,0,0,0,0,0,0,0,0,0,0,0,0,0,0,0,0
5.280797004699707,9.0,0.0,0.0,-0.0007426142692565918,-0.0001227855682373047,0.0,0.0,0.5475408434867859,-0.0967952087521553,0.03,0,0,0,0,0,0,0,0,0,0,0,0,0,0,0,0,0,0,0,0,0
5.282023668289185,9.0,0.0,0.0,-0.0007426142692565918,-0.0001227855682373047,0.0,0.0,0.5475408434867859,-0.0967952087521553,0.03,0,0,0,0,0,0,0,0,0,0,0,0,0,0,0,0,0,0,0,0,0
5.28325891494751,9.0,0.0,0.0,-0.0007426142692565918,-0.0001227855682373047,0.0,0.0,0.5475408434867859,-0.0967952087521553,0.03,0,0,0,0,0,0,0,0,0,0,0,0,0,0,0,0,0,0,0,0,0
5.2844860553741455,9.0,0.0,0.0,-0.0007800459861755371,-0.0001583397388458252,0.0,0.0,0.6627775430679321,-0.16085156798362732,0.03,0,0,0,0,0,0,0,0,0,0,0,0,0,0,0,0,0,0,0,0,0
5.285743951797485,9.0,0.0,0.0,-0.0007845759391784668,-0.00015938282012939453,0.0,0.0,0.6287980079650879,-0.14333894848823547,0.03,0,0,0,0,0,0,0,0,0,0,0,0,0,0,0,0,0,0,0,0,0
5.286883592605591,9.0,0.0,0.0,-0.0007845759391784668,-0.00015938282012939453,0.0,0.0,0.6287980079650879,-0.14333894848823547,0.03,0,0,0,0,0,0,0,0,0,0,0,0,0,0,0,0,0,0,0,0,0
5.287959575653076,9.0,0.0,0.0,-0.0007845759391784668,-0.00015938282012939453,0.0,0.0,0.6287980079650879,-0.14333894848823547,0.03,0,0,0,0,0,0,0,0,0,0,0,0,0,0,0,0,0,0,0,0,0
5.289198875427246,9.0,0.0,0.0,-0.0007695555686950684,-0.00012615323066711426,0.0,0.0,0.612417995929718,-0.05152040347456932,0.03,0,0,0,0,0,0,0,0,0,0,0,0,0,0,0,0,0,0,0,0,0
5.290834188461304,9.0,0.0,0.0,-0.0007695555686950684,-0.00012615323066711426,0.0,0.0,0.612417995929718,-0.05152040347456932,0.03,0,0,0,0,0,0,0,0,0,0,0,0,0,0,0,0,0,0,0,0,0
5.291946887969971,9.0,0.0,0.0,-0.0007695555686950684,-0.00012615323066711426,0.0,0.0,0.612417995929718,-0.05152040347456932,0.03,0,0,0,0,0,0,0,0,0,0,0,0,0,0,0,0,0,0,0,0,0
5.294987678527832,9.0,0.0,0.0,-0.0007695555686950684,-0.00012615323066711426,0.0,0.0,0.612417995929718,-0.05152040347456932,0.03,0,0,0,0,0,0,0,0,0,0,0,0,0,0,0,0,0,0,0,0,0
5.29623556137085,9.0,0.0,0.0,-0.000738978385925293,-0.00012105703353881836,0.0,0.0,0.562997043132782,-0.08613275736570358,0.03,0,0,0,0,0,0,0,0,0,0,0,0,0,0,0,0,0,0,0,0,0
5.297315835952759,9.0,0.0,0.0,-0.000738978385925293,-0.00012105703353881836,0.0,0.0,0.562997043132782,-0.08613275736570358,0.03,0,0,0,0,0,0,0,0,0,0,0,0,0,0,0,0,0,0,0,0,0
5.298382520675659,9.0,0.0,0.0,-0.0007439851760864258,-0.00011903047561645508,0.0,0.0,0.5975942015647888,-0.09702575206756592,0.03,0,0,0,0,0,0,0,0,0,0,0,0,0,0,0,0,0,0,0,0,0
5.2996251583099365,9.0,0.0,0.0,-0.0007439851760864258,-0.00011903047561645508,0.0,0.0,0.5975942015647888,-0.09702575206756592,0.03,0,0,0,0,0,0,0,0,0,0,0,0,0,0,0,0,0,0,0,0,0
5.301694393157959,9.0,0.0,0.0,-0.0007439851760864258,-0.00011903047561645508,0.0,0.0,0.5975942015647888,-0.09702575206756592,0.03,0,0,0,0,0,0,0,0,0,0,0,0,0,0,0,0,0,0,0,0,0
5.303539991378784,9.0,0.0,0.0,-0.0007506012916564941,-0.0001074373722076416,0.0,0.0,0.5767797231674194,-0.05990594998002052,0.03,0,0,0,0,0,0,0,0,0,0,0,0,0,0,0,0,0,0,0,0,0
5.30570387840271,9.0,0.0,0.0,-0.00074005126953125,-0.00012287497520446777,0.0,0.0,0.5744208097457886,-0.10321328043937683,0.03,0,0,0,0,0,0,0,0,0,0,0,0,0,0,0,0,0,0,0,0,0
5.307244062423706,9.0,0.0,0.0,-0.00074005126953125,-0.00012287497520446777,0.0,0.0,0.5744208097457886,-0.10321328043937683,0.03,0,0,0,0,0,0,0,0,0,0,0,0,0,0,0,0,0,0,0,0,0
5.308337688446045,9.0,0.0,0.0,-0.00074005126953125,-0.00012287497520446777,0.0,0.0,0.5744208097457886,-0.10321328043937683,0.03,0,0,0,0,0,0,0,0,0,0,0,0,0,0,0,0,0,0,0,0,0
5.31136679649353,9.0,0.0,0.0,-0.00074005126953125,-0.00012287497520446777,0.0,0.0,0.5744208097457886,-0.10321328043937683,0.03,0,0,0,0,0,0,0,0,0,0,0,0,0,0,0,0,0,0,0,0,0
5.312847852706909,9.0,0.0,0.0,-0.0007565021514892578,-0.00016433000564575195,0.0,0.0,0.6102076172828674,-0.17489787936210632,0.03,0,0,0,0,0,0,0,0,0,0,0,0,0,0,0,0,0,0,0,0,0
5.314546585083008,9.0,0.0,0.0,-0.0007565021514892578,-0.00016433000564575195,0.0,0.0,0.6102076172828674,-0.17489787936210632,0.03,0,0,0,0,0,0,0,0,0,0,0,0,0,0,0,0,0,0,0,0,0
5.316485643386841,9.0,0.0,0.0,-0.0007565021514892578,-0.00016433000564575195,0.0,0.0,0.6102076172828674,-0.17489787936210632,0.03,0,0,0,0,0,0,0,0,0,0,0,0,0,0,0,0,0,0,0,0,0
5.320105075836182,9.0,0.0,0.0,-0.0007565021514892578,-0.00016433000564575195,0.0,0.0,0.6102076172828674,-0.17489787936210632,0.03,0,0,0,0,0,0,0,0,0,0,0,0,0,0,0,0,0,0,0,0,0
5.321394920349121,9.0,0.0,0.0,-0.0007565021514892578,-0.00016433000564575195,0.0,0.0,0.6102076172828674,-0.17489787936210632,0.03,0,0,0,0,0,0,0,0,0,0,0,0,0,0,0,0,0,0,0,0,0
5.3226988315582275,9.0,0.0,0.0,-0.0007565021514892578,-0.00016433000564575195,0.0,0.0,0.6102076172828674,-0.17489787936210632,0.03,0,0,0,0,0,0,0,0,0,0,0,0,0,0,0,0,0,0,0,0,0
5.324026823043823,9.0,0.0,0.0,-0.0007565021514892578,-0.00016433000564575195,0.0,0.0,0.6102076172828674,-0.17489787936210632,0.03,0,0,0,0,0,0,0,0,0,0,0,0,0,0,0,0,0,0,0,0,0
5.3261096477508545,9.0,0.0,0.0,-0.0007554888725280762,-0.0001010894775390625,0.0,0.0,0.620686411857605,-0.044306691735982895,0.03,0,0,0,0,0,0,0,0,0,0,0,0,0,0,0,0,0,0,0,0,0
5.327784538269043,9.0,0.0,0.0,-0.0007554888725280762,-0.0001010894775390625,0.0,0.0,0.620686411857605,-0.044306691735982895,0.03,0,0,0,0,0,0,0,0,0,0,0,0,0,0,0,0,0,0,0,0,0
5.329094648361206,9.0,0.0,0.0,-0.0007554888725280762,-0.0001010894775390625,0.0,0.0,0.620686411857605,-0.044306691735982895,0.03,0,0,0,0,0,0,0,0,0,0,0,0,0,0,0,0,0,0,0,0,0
5.331485033035278,9.0,0.0,0.0,-0.0007554888725280762,-0.0001010894775390625,0.0,0.0,0.620686411857605,-0.044306691735982895,0.03,0,0,0,0,0,0,0,0,0,0,0,0,0,0,0,0,0,0,0,0,0
5.332757949829102,9.0,0.0,0.0,-0.0007554888725280762,-0.0001010894775390625,0.0,0.0,0.620686411857605,-0.044306691735982895,0.03,0,0,0,0,0,0,0,0,0,0,0,0,0,0,0,0,0,0,0,0,0
5.33408522605896,9.0,0.0,0.0,-0.0007628798484802246,-0.00012615323066711426,0.0,0.0,0.5880908370018005,-0.0957922711968422,0.03,0,0,0,0,0,0,0,0,0,0,0,0,0,0,0,0,0,0,0,0,0
5.335232734680176,9.0,0.0,0.0,-0.0007438063621520996,-0.00012218952178955078,0.0,0.0,0.5727015137672424,-0.0932750552892685,0.03,0,0,0,0,0,0,0,0,0,0,0,0,0,0,0,0,0,0,0,0,0
5.3364176750183105,9.0,0.0,0.0,-0.0007438063621520996,-0.00012218952178955078,0.0,0.0,0.5727015137672424,-0.0932750552892685,0.03,0,0,0,0,0,0,0,0,0,0,0,0,0,0,0,0,0,0,0,0,0
5.337514638900757,9.0,0.0,0.0,-0.0007438063621520996,-0.00012218952178955078,0.0,0.0,0.5727015137672424,-0.0932750552892685,0.03,0,0,0,0,0,0,0,0,0,0,0,0,0,0,0,0,0,0,0,0,0
5.3387720584869385,9.0,0.0,0.0,-0.0007438063621520996,-0.00012218952178955078,0.0,0.0,0.5727015137672424,-0.0932750552892685,0.03,0,0,0,0,0,0,0,0,0,0,0,0,0,0,0,0,0,0,0,0,0
5.33988618850708,9.0,0.0,0.0,-0.0007438063621520996,-0.00012218952178955078,0.0,0.0,0.5727015137672424,-0.0932750552892685,0.03,0,0,0,0,0,0,0,0,0,0,0,0,0,0,0,0,0,0,0,0,0
5.34114933013916,9.0,0.0,0.0,-0.0007438063621520996,-0.00012218952178955078,0.0,0.0,0.5727015137672424,-0.0932750552892685,0.03,0,0,0,0,0,0,0,0,0,0,0,0,0,0,0,0,0,0,0,0,0
5.343807697296143,9.0,0.0,0.0,-0.0007438063621520996,-0.00012218952178955078,0.0,0.0,0.5727015137672424,-0.0932750552892685,0.03,0,0,0,0,0,0,0,0,0,0,0,0,0,0,0,0,0,0,0,0,0
5.3450047969818115,9.0,0.0,0.0,-0.0007438063621520996,-0.00012218952178955078,0.0,0.0,0.5727015137672424,-0.0932750552892685,0.03,0,0,0,0,0,0,0,0,0,0,0,0,0,0,0,0,0,0,0,0,0
5.347533464431763,9.0,0.0,0.0,-0.0007438063621520996,-0.00012218952178955078,0.0,0.0,0.5727015137672424,-0.0932750552892685,0.03,0,0,0,0,0,0,0,0,0,0,0,0,0,0,0,0,0,0,0,0,0
5.3488054275512695,9.0,0.0,0.0,-0.0007438063621520996,-0.00012218952178955078,0.0,0.0,0.5727015137672424,-0.0932750552892685,0.03,0,0,0,0,0,0,0,0,0,0,0,0,0,0,0,0,0,0,0,0,0
5.352811574935913,9.0,0.0,0.0,-0.0007402300834655762,-0.00017318129539489746,0.0,0.0,0.575541079044342,-0.211726576089859,0.03,0,0,0,0,0,0,0,0,0,0,0,0,0,0,0,0,0,0,0,0,0
5.353967189788818,9.0,0.0,0.0,-0.0007345080375671387,-0.000190049409866333,0.0,0.0,0.5747539401054382,-0.135762557387352,0.03,0,0,0,0,0,0,0,0,0,0,0,0,0,0,0,0,0,0,0,0,0
5.355229377746582,9.0,0.0,0.0,-0.0007409453392028809,-0.0001748800277709961,0.0,0.0,0.5896643996238708,-0.12116140872240067,0.03,0,0,0,0,0,0,0,0,0,0,0,0,0,0,0,0,0,0,0,0,0
5.3564112186431885,9.0,0.0,0.0,-0.0007409453392028809,-0.0001748800277709961,0.0,0.0,0.5896643996238708,-0.12116140872240067,0.03,0,0,0,0,0,0,0,0,0,0,0,0,0,0,0,0,0,0,0,0,0
5.357722282409668,9.0,0.0,0.0,-0.0007409453392028809,-0.0001748800277709961,0.0,0.0,0.5896643996238708,-0.12116140872240067,0.03,0,0,0,0,0,0,0,0,0,0,0,0,0,0,0,0,0,0,0,0,0
5.359614133834839,9.0,0.0,0.0,-0.0007383227348327637,-0.00011873245239257812,0.0,0.0,0.587364137172699,-0.06023622676730156,0.03,0,0,0,0,0,0,0,0,0,0,0,0,0,0,0,0,0,0,0,0,0
5.3606884479522705,9.0,0.0,0.0,-0.0007383227348327637,-0.00011873245239257812,0.0,0.0,0.587364137172699,-0.06023622676730156,0.03,0,0,0,0,0,0,0,0,0,0,0,0,0,0,0,0,0,0,0,0,0
5.361994504928589,9.0,0.0,0.0,-0.0007383227348327637,-0.00011873245239257812,0.0,0.0,0.587364137172699,-0.06023622676730156,0.03,0,0,0,0,0,0,0,0,0,0,0,0,0,0,0,0,0,0,0,0,0
5.363098859786987,9.0,0.0,0.0,-0.0007422566413879395,-0.00013050436973571777,0.0,0.0,0.5935178399085999,-0.10656481981277466,0.03,0,0,0,0,0,0,0,0,0,0,0,0,0,0,0,0,0,0,0,0,0
5.364563703536987,9.0,0.0,0.0,-0.0007422566413879395,-0.00013050436973571777,0.0,0.0,0.5935178399085999,-0.10656481981277466,0.03,0,0,0,0,0,0,0,0,0,0,0,0,0,0,0,0,0,0,0,0,0
5.365654706954956,9.0,0.0,0.0,-0.0007422566413879395,-0.00013050436973571777,0.0,0.0,0.5935178399085999,-0.10656481981277466,0.03,0,0,0,0,0,0,0,0,0,0,0,0,0,0,0,0,0,0,0,0,0
5.366869211196899,9.0,0.0,0.0,-0.0007422566413879395,-0.00013050436973571777,0.0,0.0,0.5935178399085999,-0.10656481981277466,0.03,0,0,0,0,0,0,0,0,0,0,0,0,0,0,0,0,0,0,0,0,0
5.368613004684448,9.0,0.0,0.0,-0.0007627606391906738,-0.00010639429092407227,0.0,0.0,0.6279165148735046,-0.058815907686948776,0.03,0,0,0,0,0,0,0,0,0,0,0,0,0,0,0,0,0,0,0,0,0
5.37015700340271,9.0,0.0,0.0,-0.0007627606391906738,-0.00010639429092407227,0.0,0.0,0.6279165148735046,-0.058815907686948776,0.03,0,0,0,0,0,0,0,0,0,0,0,0,0,0,0,0,0,0,0,0,0
5.371455192565918,9.0,0.0,0.0,-0.0007439851760864258,-0.00012299418449401855,0.0,0.0,0.562159538269043,-0.10491558164358139,0.03,0,0,0,0,0,0,0,0,0,0,0,0,0,0,0,0,0,0,0,0,0
5.373021841049194,9.0,0.0,0.0,-0.0007439851760864258,-0.00012299418449401855,0.0,0.0,0.562159538269043,-0.10491558164358139,0.03,0,0,0,0,0,0,0,0,0,0,0,0,0,0,0,0,0,0,0,0,0
5.374429225921631,9.0,0.0,0.0,-0.00077056884765625,-0.00012320280075073242,0.0,0.0,0.6255554556846619,-0.1018839180469513,0.03,0,0,0,0,0,0,0,0,0,0,0,0,0,0,0,0,0,0,0,0,0
5.375544309616089,9.0,0.0,0.0,-0.0007735490798950195,-0.00012025237083435059,0.0,0.0,0.6298826336860657,-0.09755290299654007,0.03,0,0,0,0,0,0,0,0,0,0,0,0,0,0,0,0,0,0,0,0,0
5.377265691757202,9.0,0.0,0.0,-0.0007735490798950195,-0.00012025237083435059,0.0,0.0,0.6298826336860657,-0.09755290299654007,0.03,0,0,0,0,0,0,0,0,0,0,0,0,0,0,0,0,0,0,0,0,0
5.378635883331299,9.0,0.0,0.0,-0.0007735490798950195,-0.00012025237083435059,0.0,0.0,0.6298826336860657,-0.09755290299654007,0.03,0,0,0,0,0,0,0,0,0,0,0,0,0,0,0,0,0,0,0,0,0
5.380491018295288,9.0,0.0,0.0,-0.0007410049438476562,-0.00012299418449401855,0.0,0.0,0.5587767362594604,-0.09964883327484131,0.03,0,0,0,0,0,0,0,0,0,0,0,0,0,0,0,0,0,0,0,0,0
5.3818299770355225,9.0,0.0,0.0,-0.0007455348968505859,-0.0001226663589477539,0.0,0.0,0.6020547151565552,-0.16892015933990479,0.03,0,0,0,0,0,0,0,0,0,0,0,0,0,0,0,0,0,0,0,0,0
5.382991075515747,9.0,0.0,0.0,-0.0007410049438476562,-0.00014734268188476562,0.0,0.0,0.5810574293136597,-0.06831061094999313,0.03,0,0,0,0,0,0,0,0,0,0,0,0,0,0,0,0,0,0,0,0,0
5.384049892425537,9.0,0.0,0.0,-0.0007411837577819824,-0.0001207590103149414,0.0,0.0,0.5840469598770142,-0.09063731878995895,0.03,0,0,0,0,0,0,0,0,0,0,0,0,0,0,0,0,0,0,0,0,0
5.385635852813721,9.0,0.0,0.0,-0.0007411837577819824,-0.0001207590103149414,0.0,0.0,0.5840469598770142,-0.09063731878995895,0.03,0,0,0,0,0,0,0,0,0,0,0,0,0,0,0,0,0,0,0,0,0
5.3866987228393555,9.0,0.0,0.0,-0.0007411837577819824,-0.0001207590103149414,0.0,0.0,0.5840469598770142,-0.09063731878995895,0.03,0,0,0,0,0,0,0,0,0,0,0,0,0,0,0,0,0,0,0,0,0
5.389537811279297,9.0,0.0,0.0,-0.0007411837577819824,-0.0001207590103149414,0.0,0.0,0.5840469598770142,-0.09063731878995895,0.03,0,0,0,0,0,0,0,0,0,0,0,0,0,0,0,0,0,0,0,0,0
5.390708923339844,9.0,0.0,0.0,-0.0007411837577819824,-0.0001207590103149414,0.0,0.0,0.5840469598770142,-0.09063731878995895,0.03,0,0,0,0,0,0,0,0,0,0,0,0,0,0,0,0,0,0,0,0,0
5.39203667640686,9.0,0.0,0.0,-0.0007411837577819824,-0.0001207590103149414,0.0,0.0,0.5840469598770142,-0.09063731878995895,0.03,0,0,0,0,0,0,0,0,0,0,0,0,0,0,0,0,0,0,0,0,0
5.3932411670684814,9.0,0.0,0.0,-0.0007411837577819824,-0.0001207590103149414,0.0,0.0,0.5840469598770142,-0.09063731878995895,0.03,0,0,0,0,0,0,0,0,0,0,0,0,0,0,0,0,0,0,0,0,0
5.395249128341675,9.0,0.0,0.0,-0.0007411837577819824,-0.0001207590103149414,0.0,0.0,0.5840469598770142,-0.09063731878995895,0.03,0,0,0,0,0,0,0,0,0,0,0,0,0,0,0,0,0,0,0,0,0
5.397181272506714,9.0,0.0,0.0,-0.0007411837577819824,-0.0001207590103149414,0.0,0.0,0.5840469598770142,-0.09063731878995895,0.03,0,0,0,0,0,0,0,0,0,0,0,0,0,0,0,0,0,0,0,0,0
5.398597717285156,9.0,0.0,0.0,-0.0007411837577819824,-0.0001207590103149414,0.0,0.0,0.5840469598770142,-0.09063731878995895,0.03,0,0,0,0,0,0,0,0,0,0,0,0,0,0,0,0,0,0,0,0,0
5.399991273880005,9.0,0.0,0.0,-0.0007411837577819824,-0.0001207590103149414,0.0,0.0,0.5840469598770142,-0.09063731878995895,0.03,0,0,0,0,0,0,0,0,0,0,0,0,0,0,0,0,0,0,0,0,0
5.401283502578735,9.0,0.0,0.0,-0.0007411837577819824,-0.0001207590103149414,0.0,0.0,0.5840469598770142,-0.09063731878995895,0.03,0,0,0,0,0,0,0,0,0,0,0,0,0,0,0,0,0,0,0,0,0
5.40262508392334,9.0,0.0,0.0,-0.0007411837577819824,-0.0001207590103149414,0.0,0.0,0.5840469598770142,-0.09063731878995895,0.03,0,0,0,0,0,0,0,0,0,0,0,0,0,0,0,0,0,0,0,0,0
5.403714656829834,9.0,0.0,0.0,-0.0007411837577819824,-0.0001207590103149414,0.0,0.0,0.5840469598770142,-0.09063731878995895,0.03,0,0,0,0,0,0,0,0,0,0,0,0,0,0,0,0,0,0,0,0,0
5.405352592468262,9.0,0.0,0.0,-0.0007411837577819824,-0.0001207590103149414,0.0,0.0,0.5840469598770142,-0.09063731878995895,0.03,0,0,0,0,0,0,0,0,0,0,0,0,0,0,0,0,0,0,0,0,0
5.4067394733428955,9.0,0.0,0.0,-0.0007411837577819824,-0.0001207590103149414,0.0,0.0,0.5840469598770142,-0.09063731878995895,0.03,0,0,0,0,0,0,0,0,0,0,0,0,0,0,0,0,0,0,0,0,0
5.4078850746154785,9.0,0.0,0.0,-0.0007411837577819824,-0.0001207590103149414,0.0,0.0,0.5840469598770142,-0.09063731878995895,0.03,0,0,0,0,0,0,0,0,0,0,0,0,0,0,0,0,0,0,0,0,0
5.409016847610474,9.0,0.0,0.0,-0.0007411837577819824,-0.0001207590103149414,0.0,0.0,0.5840469598770142,-0.09063731878995895,0.03,0,0,0,0,0,0,0,0,0,0,0,0,0,0,0,0,0,0,0,0,0
5.410154819488525,9.0,0.0,0.0,-0.0007411837577819824,-0.0001207590103149414,0.0,0.0,0.5840469598770142,-0.09063731878995895,0.03,0,0,0,0,0,0,0,0,0,0,0,0,0,0,0,0,0,0,0,0,0
5.411304235458374,9.0,0.0,0.0,-0.0007411837577819824,-0.0001207590103149414,0.0,0.0,0.5840469598770142,-0.09063731878995895,0.03,0,0,0,0,0,0,0,0,0,0,0,0,0,0,0,0,0,0,0,0,0
5.412371397018433,9.0,0.0,0.0,-0.0007411837577819824,-0.0001207590103149414,0.0,0.0,0.5840469598770142,-0.09063731878995895,0.03,0,0,0,0,0,0,0,0,0,0,0,0,0,0,0,0,0,0,0,0,0
5.41388463973999,9.0,0.0,0.0,-0.0007411837577819824,-0.0001207590103149414,0.0,0.0,0.5840469598770142,-0.09063731878995895,0.03,0,0,0,0,0,0,0,0,0,0,0,0,0,0,0,0,0,0,0,0,0
5.415264368057251,9.0,0.0,0.0,-0.0007411837577819824,-0.0001207590103149414,0.0,0.0,0.5840469598770142,-0.09063731878995895,0.03,0,0,0,0,0,0,0,0,0,0,0,0,0,0,0,0,0,0,0,0,0
5.417076110839844,9.0,0.0,0.0,-0.0007411837577819824,-0.0001207590103149414,0.0,0.0,0.5840469598770142,-0.09063731878995895,0.03,0,0,0,0,0,0,0,0,0,0,0,0,0,0,0,0,0,0,0,0,0
5.418505668640137,9.0,0.0,0.0,-0.0007411837577819824,-0.0001207590103149414,0.0,0.0,0.5840469598770142,-0.09063731878995895,0.03,0,0,0,0,0,0,0,0,0,0,0,0,0,0,0,0,0,0,0,0,0
5.41962742805481,9.0,0.0,0.0,-0.0007411837577819824,-0.0001207590103149414,0.0,0.0,0.5840469598770142,-0.09063731878995895,0.03,0,0,0,0,0,0,0,0,0,0,0,0,0,0,0,0,0,0,0,0,0
5.4212117195129395,9.0,0.0,0.0,-0.0007411837577819824,-0.0001207590103149414,0.0,0.0,0.5840469598770142,-0.09063731878995895,0.03,0,0,0,0,0,0,0,0,0,0,0,0,0,0,0,0,0,0,0,0,0
5.422387599945068,9.0,0.0,0.0,-0.0007411837577819824,-0.0001207590103149414,0.0,0.0,0.5840469598770142,-0.09063731878995895,0.03,0,0,0,0,0,0,0,0,0,0,0,0,0,0,0,0,0,0,0,0,0
5.423743963241577,9.0,0.0,0.0,-0.0007411837577819824,-0.0001207590103149414,0.0,0.0,0.5840469598770142,-0.09063731878995895,0.03,0,0,0,0,0,0,0,0,0,0,0,0,0,0,0,0,0,0,0,0,0
5.425854444503784,9.0,0.0,0.0,-0.0007411837577819824,-0.0001207590103149414,0.0,0.0,0.5840469598770142,-0.09063731878995895,0.03,0,0,0,0,0,0,0,0,0,0,0,0,0,0,0,0,0,0,0,0,0
5.426919460296631,9.0,0.0,0.0,-0.0007411837577819824,-0.0001207590103149414,0.0,0.0,0.5840469598770142,-0.09063731878995895,0.03,0,0,0,0,0,0,0,0,0,0,0,0,0,0,0,0,0,0,0,0,0
5.428041219711304,9.0,0.0,0.0,-0.0007411837577819824,-0.0001207590103149414,0.0,0.0,0.5840469598770142,-0.09063731878995895,0.03,0,0,0,0,0,0,0,0,0,0,0,0,0,0,0,0,0,0,0,0,0
5.42932915687561,9.0,0.0,0.0,-0.0007552504539489746,-0.00012281537055969238,0.0,0.0,0.6050139665603638,-0.09876550734043121,0.03,0,0,0,0,0,0,0,0,0,0,0,0,0,0,0,0,0,0,0,0,0
5.430598735809326,9.0,0.0,0.0,-0.0007413029670715332,-8.13901424407959e-05,0.0,0.0,0.5729413032531738,-0.0347551591694355,0.03,0,0,0,0,0,0,0,0,0,0,0,0,0,0,0,0,0,0,0,0,0
5.431692361831665,9.0,0.0,0.0,-0.0007413029670715332,-8.13901424407959e-05,0.0,0.0,0.5729413032531738,-0.0347551591694355,0.03,0,0,0,0,0,0,0,0,0,0,0,0,0,0,0,0,0,0,0,0,0
5.432868957519531,9.0,0.0,0.0,-0.0007413029670715332,-8.13901424407959e-05,0.0,0.0,0.5729413032531738,-0.0347551591694355,0.03,0,0,0,0,0,0,0,0,0,0,0,0,0,0,0,0,0,0,0,0,0
5.434539079666138,9.0,0.0,0.0,-0.0007408261299133301,-0.0001277625560760498,0.0,0.0,0.5786619186401367,-0.09938633441925049,0.03,0,0,0,0,0,0,0,0,0,0,0,0,0,0,0,0,0,0,0,0,0
5.436062812805176,9.0,0.0,0.0,-0.0007408261299133301,-0.0001277625560760498,0.0,0.0,0.5786619186401367,-0.09938633441925049,0.03,0,0,0,0,0,0,0,0,0,0,0,0,0,0,0,0,0,0,0,0,0
5.437128782272339,9.0,0.0,0.0,-0.0007408261299133301,-0.0001277625560760498,0.0,0.0,0.5786619186401367,-0.09938633441925049,0.03,0,0,0,0,0,0,0,0,0,0,0,0,0,0,0,0,0,0,0,0,0
5.438888072967529,9.0,0.0,0.0,-0.0007408261299133301,-0.0001277625560760498,0.0,0.0,0.5786619186401367,-0.09938633441925049,0.03,0,0,0,0,0,0,0,0,0,0,0,0,0,0,0,0,0,0,0,0,0
5.440051555633545,9.0,0.0,0.0,-0.0007408261299133301,-0.0001277625560760498,0.0,0.0,0.5786619186401367,-0.09938633441925049,0.03,0,0,0,0,0,0,0,0,0,0,0,0,0,0,0,0,0,0,0,0,0
5.44141149520874,9.0,0.0,0.0,-0.0007408261299133301,-0.0001277625560760498,0.0,0.0,0.5786619186401367,-0.09938633441925049,0.03,0,0,0,0,0,0,0,0,0,0,0,0,0,0,0,0,0,0,0,0,0
5.442724704742432,9.0,0.0,0.0,-0.0007408261299133301,-0.0001277625560760498,0.0,0.0,0.5786619186401367,-0.09938633441925049,0.03,0,0,0,0,0,0,0,0,0,0,0,0,0,0,0,0,0,0,0,0,0
5.444232702255249,9.0,0.0,0.0,-0.0007408261299133301,-0.0001277625560760498,0.0,0.0,0.5786619186401367,-0.09938633441925049,0.03,0,0,0,0,0,0,0,0,0,0,0,0,0,0,0,0,0,0,0,0,0
5.445645332336426,9.0,0.0,0.0,-0.0007408261299133301,-0.0001277625560760498,0.0,0.0,0.5786619186401367,-0.09938633441925049,0.03,0,0,0,0,0,0,0,0,0,0,0,0,0,0,0,0,0,0,0,0,0
5.448419094085693,9.0,0.0,0.0,-0.0007411837577819824,-0.0001201331615447998,0.0,0.0,0.5845048427581787,-0.1017998531460762,0.03,0,0,0,0,0,0,0,0,0,0,0,0,0,0,0,0,0,0,0,0,0
5.449864387512207,9.0,0.0,0.0,-0.0007616281509399414,-8.77678394317627e-05,0.0,0.0,0.5854337811470032,-0.030147744342684746,0.03,0,0,0,0,0,0,0,0,0,0,0,0,0,0,0,0,0,0,0,0,0
5.452433824539185,9.0,0.0,0.0,-0.0007392168045043945,-0.00012320280075073242,0.0,0.0,0.5657367706298828,-0.10074182599782944,0.03,0,0,0,0,0,0,0,0,0,0,0,0,0,0,0,0,0,0,0,0,0
5.453773498535156,9.0,0.0,0.0,-0.0007392168045043945,-0.00012320280075073242,0.0,0.0,0.5657367706298828,-0.10074182599782944,0.03,0,0,0,0,0,0,0,0,0,0,0,0,0,0,0,0,0,0,0,0,0
5.454989671707153,9.0,0.0,0.0,-0.0007392168045043945,-0.00012320280075073242,0.0,0.0,0.5657367706298828,-0.10074182599782944,0.03,0,0,0,0,0,0,0,0,0,0,0,0,0,0,0,0,0,0,0,0,0
5.456278324127197,9.0,0.0,0.0,-0.0007392168045043945,-0.00012320280075073242,0.0,0.0,0.5657367706298828,-0.10074182599782944,0.03,0,0,0,0,0,0,0,0,0,0,0,0,0,0,0,0,0,0,0,0,0
5.458354711532593,9.0,0.0,0.0,-0.0007401704788208008,-0.00014224648475646973,0.0,0.0,0.5773419737815857,-0.10550573468208313,0.03,0,0,0,0,0,0,0,0,0,0,0,0,0,0,0,0,0,0,0,0,0
5.459909200668335,9.0,0.0,0.0,-0.0007565617561340332,-8.675456047058105e-05,0.0,0.0,0.6130300760269165,-0.025276262313127518,0.03,0,0,0,0,0,0,0,0,0,0,0,0,0,0,0,0,0,0,0,0,0
5.461651563644409,9.0,0.0,0.0,-0.0007565617561340332,-8.675456047058105e-05,0.0,0.0,0.6130300760269165,-0.025276262313127518,0.03,0,0,0,0,0,0,0,0,0,0,0,0,0,0,0,0,0,0,0,0,0
5.462888479232788,9.0,0.0,0.0,-0.0007565617561340332,-8.675456047058105e-05,0.0,0.0,0.6130300760269165,-0.025276262313127518,0.03,0,0,0,0,0,0,0,0,0,0,0,0,0,0,0,0,0,0,0,0,0
5.463985919952393,9.0,0.0,0.0,-0.0007565617561340332,-8.675456047058105e-05,0.0,0.0,0.6130300760269165,-0.025276262313127518,0.03,0,0,0,0,0,0,0,0,0,0,0,0,0,0,0,0,0,0,0,0,0
5.4651100635528564,9.0,0.0,0.0,-0.0007565617561340332,-8.675456047058105e-05,0.0,0.0,0.6130300760269165,-0.025276262313127518,0.03,0,0,0,0,0,0,0,0,0,0,0,0,0,0,0,0,0,0,0,0,0
5.466735124588013,9.0,0.0,0.0,-0.0007565617561340332,-8.675456047058105e-05,0.0,0.0,0.6130300760269165,-0.025276262313127518,0.03,0,0,0,0,0,0,0,0,0,0,0,0,0,0,0,0,0,0,0,0,0
5.468520402908325,9.0,0.0,0.0,-0.0007565617561340332,-8.675456047058105e-05,0.0,0.0,0.6130300760269165,-0.025276262313127518,0.03,0,0,0,0,0,0,0,0,0,0,0,0,0,0,0,0,0,0,0,0,0
5.469865560531616,9.0,0.0,0.0,-0.0007565617561340332,-8.675456047058105e-05,0.0,0.0,0.6130300760269165,-0.025276262313127518,0.03,0,0,0,0,0,0,0,0,0,0,0,0,0,0,0,0,0,0,0,0,0
5.470973014831543,9.0,0.0,0.0,-0.0007558465003967285,-9.748339653015137e-05,0.0,0.0,0.6155442595481873,-0.08212654292583466,0.03,0,0,0,0,0,0,0,0,0,0,0,0,0,0,0,0,0,0,0,0,0
5.472727298736572,9.0,0.0,0.0,-0.000762641429901123,-0.00012215971946716309,0.0,0.0,0.6222141981124878,-0.0840763971209526,0.03,0,0,0,0,0,0,0,0,0,0,0,0,0,0,0,0,0,0,0,0,0
5.4760284423828125,9.0,0.0,0.0,-0.0007826685905456543,-7.516145706176758e-05,0.0,0.0,0.6405901908874512,-0.13161665201187134,0.03,0,0,0,0,0,0,0,0,0,0,0,0,0,0,0,0,0,0,0,0,0
5.477567672729492,9.0,0.0,0.0,-0.0007381439208984375,-9.530782699584961e-05,0.0,0.0,0.5565760731697083,-0.11945272982120514,0.03,0,0,0,0,0,0,0,0,0,0,0,0,0,0,0,0,0,0,0,0,0
5.478675365447998,9.0,0.0,0.0,-0.0007381439208984375,-9.530782699584961e-05,0.0,0.0,0.5565760731697083,-0.11945272982120514,0.03,0,0,0,0,0,0,0,0,0,0,0,0,0,0,0,0,0,0,0,0,0
5.479745864868164,9.0,0.0,0.0,-0.0007381439208984375,-9.530782699584961e-05,0.0,0.0,0.5565760731697083,-0.11945272982120514,0.03,0,0,0,0,0,0,0,0,0,0,0,0,0,0,0,0,0,0,0,0,0
5.480907917022705,9.0,0.0,0.0,-0.0007381439208984375,-9.530782699584961e-05,0.0,0.0,0.5565760731697083,-0.11945272982120514,0.03,0,0,0,0,0,0,0,0,0,0,0,0,0,0,0,0,0,0,0,0,0
5.482005596160889,9.0,0.0,0.0,-0.0007381439208984375,-9.530782699584961e-05,0.0,0.0,0.5565760731697083,-0.11945272982120514,0.03,0,0,0,0,0,0,0,0,0,0,0,0,0,0,0,0,0,0,0,0,0
5.483211517333984,9.0,0.0,0.0,-0.0007381439208984375,-9.530782699584961e-05,0.0,0.0,0.5565760731697083,-0.11945272982120514,0.03,0,0,0,0,0,0,0,0,0,0,0,0,0,0,0,0,0,0,0,0,0
5.484384298324585,9.0,0.0,0.0,-0.0007381439208984375,-9.530782699584961e-05,0.0,0.0,0.5565760731697083,-0.11945272982120514,0.03,0,0,0,0,0,0,0,0,0,0,0,0,0,0,0,0,0,0,0,0,0
5.485517501831055,9.0,0.0,0.0,-0.0007381439208984375,-9.530782699584961e-05,0.0,0.0,0.5565760731697083,-0.11945272982120514,0.03,0,0,0,0,0,0,0,0,0,0,0,0,0,0,0,0,0,0,0,0,0
5.488191843032837,9.0,0.0,0.0,-0.0007260441780090332,-0.00010347366333007812,0.0,0.0,0.550216019153595,-0.06720933318138123,0.03,0,0,0,0,0,0,0,0,0,0,0,0,0,0,0,0,0,0,0,0,0
5.489417314529419,9.0,0.0,0.0,-0.0007260441780090332,-0.00010347366333007812,0.0,0.0,0.550216019153595,-0.06720933318138123,0.03,0,0,0,0,0,0,0,0,0,0,0,0,0,0,0,0,0,0,0,0,0
5.490480422973633,9.0,0.0,0.0,-0.0007260441780090332,-0.00010347366333007812,0.0,0.0,0.550216019153595,-0.06720933318138123,0.03,0,0,0,0,0,0,0,0,0,0,0,0,0,0,0,0,0,0,0,0,0
5.491564989089966,9.0,0.0,0.0,-0.0007260441780090332,-0.00010347366333007812,0.0,0.0,0.550216019153595,-0.06720933318138123,0.03,0,0,0,0,0,0,0,0,0,0,0,0,0,0,0,0,0,0,0,0,0
5.494284391403198,9.0,0.0,0.0,-0.0007260441780090332,-0.00010347366333007812,0.0,0.0,0.550216019153595,-0.06720933318138123,0.03,0,0,0,0,0,0,0,0,0,0,0,0,0,0,0,0,0,0,0,0,0
5.497729301452637,9.0,0.0,0.0,-0.0007260441780090332,-0.00010347366333007812,0.0,0.0,0.550216019153595,-0.06720933318138123,0.03,0,0,0,0,0,0,0,0,0,0,0,0,0,0,0,0,0,0,0,0,0
5.499012231826782,9.0,0.0,0.0,-0.0007260441780090332,-0.00010347366333007812,0.0,0.0,0.550216019153595,-0.06720933318138123,0.03,0,0,0,0,0,0,0,0,0,0,0,0,0,0,0,0,0,0,0,0,0
5.501150131225586,9.0,0.0,0.0,-0.0007260441780090332,-0.00010347366333007812,0.0,0.0,0.550216019153595,-0.06720933318138123,0.03,0,0,0,0,0,0,0,0,0,0,0,0,0,0,0,0,0,0,0,0,0
5.502665996551514,9.0,0.0,0.0,-0.0007260441780090332,-0.00010347366333007812,0.0,0.0,0.550216019153595,-0.06720933318138123,0.03,0,0,0,0,0,0,0,0,0,0,0,0,0,0,0,0,0,0,0,0,0
5.50391697883606,9.0,0.0,0.0,-0.0007260441780090332,-0.00010347366333007812,0.0,0.0,0.550216019153595,-0.06720933318138123,0.03,0,0,0,0,0,0,0,0,0,0,0,0,0,0,0,0,0,0,0,0,0
5.505037069320679,9.0,0.0,0.0,-0.0007260441780090332,-0.00010347366333007812,0.0,0.0,0.550216019153595,-0.06720933318138123,0.03,0,0,0,0,0,0,0,0,0,0,0,0,0,0,0,0,0,0,0,0,0
5.506525993347168,9.0,0.0,0.0,-0.0007260441780090332,-0.00010347366333007812,0.0,0.0,0.550216019153595,-0.06720933318138123,0.03,0,0,0,0,0,0,0,0,0,0,0,0,0,0,0,0,0,0,0,0,0
5.507609128952026,9.0,0.0,0.0,-0.0007260441780090332,-0.00010347366333007812,0.0,0.0,0.550216019153595,-0.06720933318138123,0.03,0,0,0,0,0,0,0,0,0,0,0,0,0,0,0,0,0,0,0,0,0
5.509072303771973,9.0,0.0,0.0,-0.0007413625717163086,-8.958578109741211e-05,0.0,0.0,0.5902141332626343,-0.07280184328556061,0.03,0,0,0,0,0,0,0,0,0,0,0,0,0,0,0,0,0,0,0,0,0
5.510165452957153,9.0,0.0,0.0,-0.0007413029670715332,-0.00012481212615966797,0.0,0.0,0.5878120064735413,-0.1233929917216301,0.03,0,0,0,0,0,0,0,0,0,0,0,0,0,0,0,0,0,0,0,0,0
5.51159405708313,9.0,0.0,0.0,-0.0007387399673461914,-6.42538070678711e-05,0.0,0.0,0.5912216305732727,-0.06528516858816147,0.03,0,0,0,0,0,0,0,0,0,0,0,0,0,0,0,0,0,0,0,0,0
5.5130414962768555,9.0,0.0,0.0,-0.0007379055023193359,-6.541609764099121e-05,0.0,0.0,0.593293309211731,-0.1118474081158638,0.03,0,0,0,0,0,0,0,0,0,0,0,0,0,0,0,0,0,0,0,0,0
5.514222621917725,9.0,0.0,0.0,-0.0007379055023193359,-6.541609764099121e-05,0.0,0.0,0.593293309211731,-0.1118474081158638,0.03,0,0,0,0,0,0,0,0,0,0,0,0,0,0,0,0,0,0,0,0,0
5.515452861785889,9.0,0.0,0.0,-0.0007418394088745117,-8.112192153930664e-05,0.0,0.0,0.5981057286262512,-0.12734344601631165,0.03,0,0,0,0,0,0,0,0,0,0,0,0,0,0,0,0,0,0,0,0,0
5.51659083366394,9.0,0.0,0.0,-0.0007418394088745117,-8.112192153930664e-05,0.0,0.0,0.5981057286262512,-0.12734344601631165,0.03,0,0,0,0,0,0,0,0,0,0,0,0,0,0,0,0,0,0,0,0,0
5.5189502239227295,9.0,0.0,0.0,-0.0007418394088745117,-8.112192153930664e-05,0.0,0.0,0.5981057286262512,-0.12734344601631165,0.03,0,0,0,0,0,0,0,0,0,0,0,0,0,0,0,0,0,0,0,0,0
5.522310256958008,9.0,0.0,0.0,-0.0007483363151550293,-1.615285873413086e-05,0.0,0.0,0.593914806842804,0.038346078246831894,0.03,0,0,0,0,0,0,0,0,0,0,0,0,0,0,0,0,0,0,0,0,0
5.5235068798065186,9.0,0.0,0.0,-0.0007483363151550293,-1.615285873413086e-05,0.0,0.0,0.593914806842804,0.038346078246831894,0.03,0,0,0,0,0,0,0,0,0,0,0,0,0,0,0,0,0,0,0,0,0
5.524685382843018,9.0,0.0,0.0,-0.0007483363151550293,-1.615285873413086e-05,0.0,0.0,0.593914806842804,0.038346078246831894,0.03,0,0,0,0,0,0,0,0,0,0,0,0,0,0,0,0,0,0,0,0,0
5.527114152908325,9.0,0.0,0.0,-0.0007483363151550293,-1.615285873413086e-05,0.0,0.0,0.593914806842804,0.038346078246831894,0.03,0,0,0,0,0,0,0,0,0,0,0,0,0,0,0,0,0,0,0,0,0
5.528278589248657,9.0,0.0,0.0,-0.0007483363151550293,-1.615285873413086e-05,0.0,0.0,0.593914806842804,0.038346078246831894,0.03,0,0,0,0,0,0,0,0,0,0,0,0,0,0,0,0,0,0,0,0,0
5.529464244842529,9.0,0.0,0.0,-0.0007483363151550293,-1.615285873413086e-05,0.0,0.0,0.593914806842804,0.038346078246831894,0.03,0,0,0,0,0,0,0,0,0,0,0,0,0,0,0,0,0,0,0,0,0
5.530827283859253,9.0,0.0,0.0,-0.0007483363151550293,-1.615285873413086e-05,0.0,0.0,0.593914806842804,0.038346078246831894,0.03,0,0,0,0,0,0,0,0,0,0,0,0,0,0,0,0,0,0,0,0,0
5.5321338176727295,9.0,0.0,0.0,-0.0007483363151550293,-1.615285873413086e-05,0.0,0.0,0.593914806842804,0.038346078246831894,0.03,0,0,0,0,0,0,0,0,0,0,0,0,0,0,0,0,0,0,0,0,0
5.533293724060059,9.0,0.0,0.0,-0.0007436871528625488,-3.701448440551758e-05,0.0,0.0,0.5856975317001343,-0.05474388226866722,0.03,0,0,0,0,0,0,0,0,0,0,0,0,0,0,0,0,0,0,0,0,0
5.534355163574219,9.0,0.0,0.0,-0.0007436871528625488,-3.701448440551758e-05,0.0,0.0,0.5856975317001343,-0.05474388226866722,0.03,0,0,0,0,0,0,0,0,0,0,0,0,0,0,0,0,0,0,0,0,0
5.537139177322388,9.0,0.0,0.0,-0.0007436871528625488,-3.701448440551758e-05,0.0,0.0,0.5856975317001343,-0.05474388226866722,0.03,0,0,0,0,0,0,0,0,0,0,0,0,0,0,0,0,0,0,0,0,0
5.538214921951294,9.0,0.0,0.0,-0.0007408261299133301,-5.233287811279297e-05,0.0,0.0,0.5846723318099976,-0.03855521231889725,0.03,0,0,0,0,0,0,0,0,0,0,0,0,0,0,0,0,0,0,0,0,0
5.5398643016815186,9.0,0.0,0.0,-0.0007408261299133301,-5.233287811279297e-05,0.0,0.0,0.5846723318099976,-0.03855521231889725,0.03,0,0,0,0,0,0,0,0,0,0,0,0,0,0,0,0,0,0,0,0,0
5.541661024093628,9.0,0.0,0.0,-0.000735163688659668,-6.341934204101562e-05,0.0,0.0,0.5771482586860657,-0.07534794509410858,0.03,0,0,0,0,0,0,0,0,0,0,0,0,0,0,0,0,0,0,0,0,0
5.543329238891602,9.0,0.0,0.0,-0.000735163688659668,-6.341934204101562e-05,0.0,0.0,0.5771482586860657,-0.07534794509410858,0.03,0,0,0,0,0,0,0,0,0,0,0,0,0,0,0,0,0,0,0,0,0
5.545598983764648,9.0,0.0,0.0,-0.0007423162460327148,-3.552436828613281e-05,0.0,0.0,0.5991325378417969,-0.023721540346741676,0.03,0,0,0,0,0,0,0,0,0,0,0,0,0,0,0,0,0,0,0,0,0
5.5474419593811035,9.0,0.0,0.0,-0.0007423162460327148,-3.552436828613281e-05,0.0,0.0,0.5991325378417969,-0.023721540346741676,0.03,0,0,0,0,0,0,0,0,0,0,0,0,0,0,0,0,0,0,0,0,0
5.548528671264648,9.0,0.0,0.0,-0.0007423162460327148,-3.552436828613281e-05,0.0,0.0,0.5991325378417969,-0.023721540346741676,0.03,0,0,0,0,0,0,0,0,0,0,0,0,0,0,0,0,0,0,0,0,0
5.5499587059021,9.0,0.0,0.0,-0.0007423162460327148,-3.552436828613281e-05,0.0,0.0,0.5991325378417969,-0.023721540346741676,0.03,0,0,0,0,0,0,0,0,0,0,0,0,0,0,0,0,0,0,0,0,0
5.552528381347656,9.0,0.0,0.0,-0.0007406473159790039,-7.325410842895508e-05,0.0,0.0,0.601223886013031,-0.08143407851457596,0.03,0,0,0,0,0,0,0,0,0,0,0,0,0,0,0,0,0,0,0,0,0
5.55368447303772,9.0,0.0,0.0,-0.0007406473159790039,-7.325410842895508e-05,0.0,0.0,0.601223886013031,-0.08143407851457596,0.03,0,0,0,0,0,0,0,0,0,0,0,0,0,0,0,0,0,0,0,0,0
5.554858446121216,9.0,0.0,0.0,-0.0007406473159790039,-7.325410842895508e-05,0.0,0.0,0.601223886013031,-0.08143407851457596,0.03,0,0,0,0,0,0,0,0,0,0,0,0,0,0,0,0,0,0,0,0,0
5.557309150695801,9.0,0.0,0.0,-0.0007406473159790039,-7.325410842895508e-05,0.0,0.0,0.601223886013031,-0.08143407851457596,0.03,0,0,0,0,0,0,0,0,0,0,0,0,0,0,0,0,0,0,0,0,0
5.558558225631714,9.0,0.0,0.0,-0.0007406473159790039,-7.325410842895508e-05,0.0,0.0,0.601223886013031,-0.08143407851457596,0.03,0,0,0,0,0,0,0,0,0,0,0,0,0,0,0,0,0,0,0,0,0
5.559795618057251,9.0,0.0,0.0,-0.0007416605949401855,-0.00010186433792114258,0.0,0.0,0.5918561220169067,-0.08236143738031387,0.03,0,0,0,0,0,0,0,0,0,0,0,0,0,0,0,0,0,0,0,0,0
5.5608601570129395,9.0,0.0,0.0,-0.0007413029670715332,-7.930397987365723e-05,0.0,0.0,0.588875412940979,-0.07291251420974731,0.03,0,0,0,0,0,0,0,0,0,0,0,0,0,0,0,0,0,0,0,0,0
5.561927318572998,9.0,0.0,0.0,-0.0007413029670715332,-7.641315460205078e-05,0.0,0.0,0.5881268978118896,-0.018450407311320305,0.03,0,0,0,0,0,0,0,0,0,0,0,0,0,0,0,0,0,0,0,0,0
5.563102722167969,9.0,0.0,0.0,-0.0007413029670715332,-7.641315460205078e-05,0.0,0.0,0.5881268978118896,-0.018450407311320305,0.03,0,0,0,0,0,0,0,0,0,0,0,0,0,0,0,0,0,0,0,0,0
5.5642173290252686,9.0,0.0,0.0,-0.0007413029670715332,-7.641315460205078e-05,0.0,0.0,0.5881268978118896,-0.018450407311320305,0.03,0,0,0,0,0,0,0,0,0,0,0,0,0,0,0,0,0,0,0,0,0
5.565566778182983,9.0,0.0,0.0,-0.0007411837577819824,-6.377696990966797e-06,0.0,0.0,0.5883423089981079,0.041559021919965744,0.03,0,0,0,0,0,0,0,0,0,0,0,0,0,0,0,0,0,0,0,0,0
5.566980361938477,9.0,0.0,0.0,-0.0007411837577819824,-6.377696990966797e-06,0.0,0.0,0.5883423089981079,0.041559021919965744,0.03,0,0,0,0,0,0,0,0,0,0,0,0,0,0,0,0,0,0,0,0,0
5.568112373352051,9.0,0.0,0.0,-0.0007411837577819824,-6.377696990966797e-06,0.0,0.0,0.5883423089981079,0.041559021919965744,0.03,0,0,0,0,0,0,0,0,0,0,0,0,0,0,0,0,0,0,0,0,0
5.569470167160034,9.0,0.0,0.0,-0.0007411837577819824,-6.377696990966797e-06,0.0,0.0,0.5883423089981079,0.041559021919965744,0.03,0,0,0,0,0,0,0,0,0,0,0,0,0,0,0,0,0,0,0,0,0
5.57063364982605,9.0,0.0,0.0,-0.0007411837577819824,-6.377696990966797e-06,0.0,0.0,0.5883423089981079,0.041559021919965744,0.03,0,0,0,0,0,0,0,0,0,0,0,0,0,0,0,0,0,0,0,0,0
5.57176661491394,9.0,0.0,0.0,-0.0007411837577819824,-6.377696990966797e-06,0.0,0.0,0.5883423089981079,0.041559021919965744,0.03,0,0,0,0,0,0,0,0,0,0,0,0,0,0,0,0,0,0,0,0,0
5.5731542110443115,9.0,0.0,0.0,-0.0007411837577819824,-6.377696990966797e-06,0.0,0.0,0.5883423089981079,0.041559021919965744,0.03,0,0,0,0,0,0,0,0,0,0,0,0,0,0,0,0,0,0,0,0,0
5.574275255203247,9.0,0.0,0.0,-0.0007411837577819824,-6.377696990966797e-06,0.0,0.0,0.5883423089981079,0.041559021919965744,0.03,0,0,0,0,0,0,0,0,0,0,0,0,0,0,0,0,0,0,0,0,0
5.575469732284546,9.0,0.0,0.0,-0.0007411837577819824,-6.377696990966797e-06,0.0,0.0,0.5883423089981079,0.041559021919965744,0.03,0,0,0,0,0,0,0,0,0,0,0,0,0,0,0,0,0,0,0,0,0
5.576673269271851,9.0,0.0,0.0,-0.0007411837577819824,4.410743713378906e-06,0.0,0.0,0.5885723829269409,0.039829764515161514,0.03,0,0,0,0,0,0,0,0,0,0,0,0,0,0,0,0,0,0,0,0,0
5.5779242515563965,9.0,0.0,0.0,-0.0007609128952026367,-6.556510925292969e-07,0.0,0.0,0.5856540203094482,0.04101832956075668,0.03,0,0,0,0,0,0,0,0,0,0,0,0,0,0,0,0,0,0,0,0,0
5.578989028930664,9.0,0.0,0.0,-0.0007609128952026367,-6.556510925292969e-07,0.0,0.0,0.5856540203094482,0.04101832956075668,0.03,0,0,0,0,0,0,0,0,0,0,0,0,0,0,0,0,0,0,0,0,0
5.580061674118042,9.0,0.0,0.0,-0.0007609128952026367,-6.556510925292969e-07,0.0,0.0,0.5856540203094482,0.04101832956075668,0.03,0,0,0,0,0,0,0,0,0,0,0,0,0,0,0,0,0,0,0,0,0
5.5823655128479,9.0,0.0,0.0,-0.0007458329200744629,-6.574392318725586e-05,0.0,0.0,0.6199916005134583,-0.08974340558052063,0.03,0,0,0,0,0,0,0,0,0,0,0,0,0,0,0,0,0,0,0,0,0
5.5834996700286865,9.0,0.0,0.0,-0.0007398128509521484,-6.896257400512695e-05,0.0,0.0,0.5709474086761475,-0.06051584333181381,0.03,0,0,0,0,0,0,0,0,0,0,0,0,0,0,0,0,0,0,0,0,0
5.585032939910889,9.0,0.0,0.0,-0.0007398128509521484,-6.896257400512695e-05,0.0,0.0,0.5709474086761475,-0.06051584333181381,0.03,0,0,0,0,0,0,0,0,0,0,0,0,0,0,0,0,0,0,0,0,0
5.586321830749512,9.0,0.0,0.0,-0.0007398128509521484,-6.896257400512695e-05,0.0,0.0,0.5709474086761475,-0.06051584333181381,0.03,0,0,0,0,0,0,0,0,0,0,0,0,0,0,0,0,0,0,0,0,0
5.587590456008911,9.0,0.0,0.0,-0.0007398128509521484,-6.896257400512695e-05,0.0,0.0,0.5709474086761475,-0.06051584333181381,0.03,0,0,0,0,0,0,0,0,0,0,0,0,0,0,0,0,0,0,0,0,0
5.588675022125244,9.0,0.0,0.0,-0.0007398128509521484,-6.896257400512695e-05,0.0,0.0,0.5709474086761475,-0.06051584333181381,0.03,0,0,0,0,0,0,0,0,0,0,0,0,0,0,0,0,0,0,0,0,0
5.589761972427368,9.0,0.0,0.0,-0.0007398128509521484,-6.896257400512695e-05,0.0,0.0,0.5709474086761475,-0.06051584333181381,0.03,0,0,0,0,0,0,0,0,0,0,0,0,0,0,0,0,0,0,0,0,0
5.5917134284973145,9.0,0.0,0.0,-0.0007398128509521484,-6.896257400512695e-05,0.0,0.0,0.5709474086761475,-0.06051584333181381,0.03,0,0,0,0,0,0,0,0,0,0,0,0,0,0,0,0,0,0,0,0,0
5.592965364456177,9.0,0.0,0.0,-0.0007410049438476562,-2.7239322662353516e-05,0.0,0.0,0.5874435901641846,-0.06682732701301575,0.03,0,0,0,0,0,0,0,0,0,0,0,0,0,0,0,0,0,0,0,0,0
5.594055652618408,9.0,0.0,0.0,-0.0007410049438476562,-2.7239322662353516e-05,0.0,0.0,0.5874435901641846,-0.06682732701301575,0.03,0,0,0,0,0,0,0,0,0,0,0,0,0,0,0,0,0,0,0,0,0
5.595350503921509,9.0,0.0,0.0,-0.0007411837577819824,-6.321072578430176e-05,0.0,0.0,0.589019775390625,-0.07416833937168121,0.03,0,0,0,0,0,0,0,0,0,0,0,0,0,0,0,0,0,0,0,0,0
5.596572637557983,9.0,0.0,0.0,-0.0007411837577819824,-6.321072578430176e-05,0.0,0.0,0.589019775390625,-0.07416833937168121,0.03,0,0,0,0,0,0,0,0,0,0,0,0,0,0,0,0,0,0,0,0,0
5.59897780418396,9.0,0.0,0.0,-0.0007411837577819824,-6.321072578430176e-05,0.0,0.0,0.589019775390625,-0.07416833937168121,0.03,0,0,0,0,0,0,0,0,0,0,0,0,0,0,0,0,0,0,0,0,0
5.60099720954895,9.0,0.0,0.0,-0.000741422176361084,-6.181001663208008e-05,0.0,0.0,0.5935654640197754,-0.07534550875425339,0.03,0,0,0,0,0,0,0,0,0,0,0,0,0,0,0,0,0,0,0,0,0
5.602309226989746,9.0,0.0,0.0,-0.000741422176361084,-6.181001663208008e-05,0.0,0.0,0.5935654640197754,-0.07534550875425339,0.03,0,0,0,0,0,0,0,0,0,0,0,0,0,0,0,0,0,0,0,0,0
5.605403423309326,9.0,0.0,0.0,-0.0007536411285400391,-6.172060966491699e-05,0.0,0.0,0.6201967000961304,-0.05621493607759476,0.03,0,0,0,0,0,0,0,0,0,0,0,0,0,0,0,0,0,0,0,0,0
5.606532573699951,9.0,0.0,0.0,-0.0007536411285400391,-6.172060966491699e-05,0.0,0.0,0.6201967000961304,-0.05621493607759476,0.03,0,0,0,0,0,0,0,0,0,0,0,0,0,0,0,0,0,0,0,0,0
5.607661485671997,9.0,0.0,0.0,-0.0007536411285400391,-6.172060966491699e-05,0.0,0.0,0.6201967000961304,-0.05621493607759476,0.03,0,0,0,0,0,0,0,0,0,0,0,0,0,0,0,0,0,0,0,0,0
5.608922719955444,9.0,0.0,0.0,-0.0007536411285400391,-6.172060966491699e-05,0.0,0.0,0.6201967000961304,-0.05621493607759476,0.03,0,0,0,0,0,0,0,0,0,0,0,0,0,0,0,0,0,0,0,0,0
5.609992742538452,9.0,0.0,0.0,-0.0007536411285400391,-6.172060966491699e-05,0.0,0.0,0.6201967000961304,-0.05621493607759476,0.03,0,0,0,0,0,0,0,0,0,0,0,0,0,0,0,0,0,0,0,0,0
5.611093759536743,9.0,0.0,0.0,-0.0007536411285400391,-6.172060966491699e-05,0.0,0.0,0.6201967000961304,-0.05621493607759476,0.03,0,0,0,0,0,0,0,0,0,0,0,0,0,0,0,0,0,0,0,0,0
5.614191293716431,9.0,0.0,0.0,-0.0007536411285400391,-6.172060966491699e-05,0.0,0.0,0.6201967000961304,-0.05621493607759476,0.03,0,0,0,0,0,0,0,0,0,0,0,0,0,0,0,0,0,0,0,0,0
5.615422964096069,9.0,0.0,0.0,-0.0007536411285400391,-6.172060966491699e-05,0.0,0.0,0.6201967000961304,-0.05621493607759476,0.03,0,0,0,0,0,0,0,0,0,0,0,0,0,0,0,0,0,0,0,0,0
5.617088079452515,9.0,0.0,0.0,-0.0007536411285400391,-6.172060966491699e-05,0.0,0.0,0.6201967000961304,-0.05621493607759476,0.03,0,0,0,0,0,0,0,0,0,0,0,0,0,0,0,0,0,0,0,0,0
5.618457078933716,9.0,0.0,0.0,-0.0007536411285400391,-6.172060966491699e-05,0.0,0.0,0.6201967000961304,-0.05621493607759476,0.03,0,0,0,0,0,0,0,0,0,0,0,0,0,0,0,0,0,0,0,0,0
5.62059211730957,9.0,0.0,0.0,-0.0007536411285400391,-6.172060966491699e-05,0.0,0.0,0.6201967000961304,-0.05621493607759476,0.03,0,0,0,0,0,0,0,0,0,0,0,0,0,0,0,0,0,0,0,0,0
5.622877836227417,9.0,0.0,0.0,-0.0007359981536865234,-4.762411117553711e-05,0.0,0.0,0.5785509347915649,-0.012712580151855946,0.03,0,0,0,0,0,0,0,0,0,0,0,0,0,0,0,0,0,0,0,0,0
5.624274492263794,9.0,0.0,0.0,-0.0007433295249938965,-2.86102294921875e-05,0.0,0.0,0.6176867485046387,0.019847000017762184,0.03,0,0,0,0,0,0,0,0,0,0,0,0,0,0,0,0,0,0,0,0,0
5.626461982727051,9.0,0.0,0.0,-0.0007433295249938965,-2.86102294921875e-05,0.0,0.0,0.6176867485046387,0.019847000017762184,0.03,0,0,0,0,0,0,0,0,0,0,0,0,0,0,0,0,0,0,0,0,0
5.627973318099976,9.0,0.0,0.0,-0.0007433295249938965,-2.86102294921875e-05,0.0,0.0,0.6176867485046387,0.019847000017762184,0.03,0,0,0,0,0,0,0,0,0,0,0,0,0,0,0,0,0,0,0,0,0
5.629603624343872,9.0,0.0,0.0,-0.0007433295249938965,-2.86102294921875e-05,0.0,0.0,0.6176867485046387,0.019847000017762184,0.03,0,0,0,0,0,0,0,0,0,0,0,0,0,0,0,0,0,0,0,0,0
5.631237745285034,9.0,0.0,0.0,-0.0007433295249938965,-2.86102294921875e-05,0.0,0.0,0.6176867485046387,0.019847000017762184,0.03,0,0,0,0,0,0,0,0,0,0,0,0,0,0,0,0,0,0,0,0,0
5.632336854934692,9.0,0.0,0.0,-0.0007433295249938965,-2.86102294921875e-05,0.0,0.0,0.6176867485046387,0.019847000017762184,0.03,0,0,0,0,0,0,0,0,0,0,0,0,0,0,0,0,0,0,0,0,0
5.634608268737793,9.0,0.0,0.0,-0.0007433295249938965,-2.86102294921875e-05,0.0,0.0,0.6176867485046387,0.019847000017762184,0.03,0,0,0,0,0,0,0,0,0,0,0,0,0,0,0,0,0,0,0,0,0
5.6357691287994385,9.0,0.0,0.0,-0.0007413029670715332,-6.464123725891113e-05,0.0,0.0,0.5901109576225281,-0.08050251752138138,0.03,0,0,0,0,0,0,0,0,0,0,0,0,0,0,0,0,0,0,0,0,0
5.636868715286255,9.0,0.0,0.0,-0.0007413029670715332,-6.464123725891113e-05,0.0,0.0,0.5901109576225281,-0.08050251752138138,0.03,0,0,0,0,0,0,0,0,0,0,0,0,0,0,0,0,0,0,0,0,0
5.637980937957764,9.0,0.0,0.0,-0.0007413029670715332,-6.464123725891113e-05,0.0,0.0,0.5901109576225281,-0.08050251752138138,0.03,0,0,0,0,0,0,0,0,0,0,0,0,0,0,0,0,0,0,0,0,0
5.639063835144043,9.0,0.0,0.0,-0.0007413029670715332,-6.464123725891113e-05,0.0,0.0,0.5901109576225281,-0.08050251752138138,0.03,0,0,0,0,0,0,0,0,0,0,0,0,0,0,0,0,0,0,0,0,0
5.640167951583862,9.0,0.0,0.0,-0.0007413029670715332,-6.464123725891113e-05,0.0,0.0,0.5901109576225281,-0.08050251752138138,0.03,0,0,0,0,0,0,0,0,0,0,0,0,0,0,0,0,0,0,0,0,0
5.641266345977783,9.0,0.0,0.0,-0.0007413029670715332,-6.464123725891113e-05,0.0,0.0,0.5901109576225281,-0.08050251752138138,0.03,0,0,0,0,0,0,0,0,0,0,0,0,0,0,0,0,0,0,0,0,0
5.6423304080963135,9.0,0.0,0.0,-0.0007413029670715332,-6.464123725891113e-05,0.0,0.0,0.5901109576225281,-0.08050251752138138,0.03,0,0,0,0,0,0,0,0,0,0,0,0,0,0,0,0,0,0,0,0,0
5.644509553909302,9.0,0.0,0.0,-0.0007413029670715332,-6.464123725891113e-05,0.0,0.0,0.5901109576225281,-0.08050251752138138,0.03,0,0,0,0,0,0,0,0,0,0,0,0,0,0,0,0,0,0,0,0,0
5.645789623260498,9.0,0.0,0.0,-0.0007458925247192383,-9.113550186157227e-05,0.0,0.0,0.5868744254112244,-0.09705117344856262,0.03,0,0,0,0,0,0,0,0,0,0,0,0,0,0,0,0,0,0,0,0,0
5.647143602371216,9.0,0.0,0.0,-0.0007458925247192383,-9.113550186157227e-05,0.0,0.0,0.5868744254112244,-0.09705117344856262,0.03,0,0,0,0,0,0,0,0,0,0,0,0,0,0,0,0,0,0,0,0,0
5.650244951248169,9.0,0.0,0.0,-0.0007458925247192383,-9.113550186157227e-05,0.0,0.0,0.5868744254112244,-0.09705117344856262,0.03,0,0,0,0,0,0,0,0,0,0,0,0,0,0,0,0,0,0,0,0,0
5.651557922363281,9.0,0.0,0.0,-0.0007458925247192383,-9.113550186157227e-05,0.0,0.0,0.5868744254112244,-0.09705117344856262,0.03,0,0,0,0,0,0,0,0,0,0,0,0,0,0,0,0,0,0,0,0,0
5.652815103530884,9.0,0.0,0.0,-0.0007458925247192383,-9.113550186157227e-05,0.0,0.0,0.5868744254112244,-0.09705117344856262,0.03,0,0,0,0,0,0,0,0,0,0,0,0,0,0,0,0,0,0,0,0,0
5.65523886680603,9.0,0.0,0.0,-0.0007413029670715332,-4.336237907409668e-05,0.0,0.0,0.5914015769958496,-0.06717047840356827,0.03,0,0,0,0,0,0,0,0,0,0,0,0,0,0,0,0,0,0,0,0,0
5.656603097915649,9.0,0.0,0.0,-0.0007413029670715332,-4.336237907409668e-05,0.0,0.0,0.5914015769958496,-0.06717047840356827,0.03,0,0,0,0,0,0,0,0,0,0,0,0,0,0,0,0,0,0,0,0,0
5.657839059829712,9.0,0.0,0.0,-0.0007413029670715332,-4.336237907409668e-05,0.0,0.0,0.5914015769958496,-0.06717047840356827,0.03,0,0,0,0,0,0,0,0,0,0,0,0,0,0,0,0,0,0,0,0,0
5.659696817398071,9.0,0.0,0.0,-0.0007413029670715332,-4.336237907409668e-05,0.0,0.0,0.5914015769958496,-0.06717047840356827,0.03,0,0,0,0,0,0,0,0,0,0,0,0,0,0,0,0,0,0,0,0,0
5.661041498184204,9.0,0.0,0.0,-0.0007144808769226074,-6.198883056640625e-05,0.0,0.0,0.5597240924835205,-0.05712564289569855,0.03,0,0,0,0,0,0,0,0,0,0,0,0,0,0,0,0,0,0,0,0,0
5.662145376205444,9.0,0.0,0.0,-0.0006991028785705566,-4.9561262130737305e-05,0.0,0.0,0.545961856842041,-0.02725340984761715,0.03,0,0,0,0,0,0,0,0,0,0,0,0,0,0,0,0,0,0,0,0,0
5.663207530975342,9.0,0.0,0.0,-0.0006991028785705566,-4.9561262130737305e-05,0.0,0.0,0.545961856842041,-0.02725340984761715,0.03,0,0,0,0,0,0,0,0,0,0,0,0,0,0,0,0,0,0,0,0,0
5.6642746925354,9.0,0.0,0.0,-0.0006991028785705566,-4.9561262130737305e-05,0.0,0.0,0.545961856842041,-0.02725340984761715,0.03,0,0,0,0,0,0,0,0,0,0,0,0,0,0,0,0,0,0,0,0,0
5.665540456771851,9.0,0.0,0.0,-0.0006991028785705566,-4.9561262130737305e-05,0.0,0.0,0.545961856842041,-0.02725340984761715,0.03,0,0,0,0,0,0,0,0,0,0,0,0,0,0,0,0,0,0,0,0,0
5.666624546051025,9.0,0.0,0.0,-0.0006991028785705566,-4.9561262130737305e-05,0.0,0.0,0.545961856842041,-0.02725340984761715,0.03,0,0,0,0,0,0,0,0,0,0,0,0,0,0,0,0,0,0,0,0,0
5.668120384216309,9.0,0.0,0.0,-0.0006991028785705566,-4.9561262130737305e-05,0.0,0.0,0.545961856842041,-0.02725340984761715,0.03,0,0,0,0,0,0,0,0,0,0,0,0,0,0,0,0,0,0,0,0,0
5.669393301010132,9.0,0.0,0.0,-0.0006991028785705566,-4.9561262130737305e-05,0.0,0.0,0.545961856842041,-0.02725340984761715,0.03,0,0,0,0,0,0,0,0,0,0,0,0,0,0,0,0,0,0,0,0,0
5.671159267425537,9.0,0.0,0.0,-0.0006991028785705566,-4.9561262130737305e-05,0.0,0.0,0.545961856842041,-0.02725340984761715,0.03,0,0,0,0,0,0,0,0,0,0,0,0,0,0,0,0,0,0,0,0,0
5.672418594360352,9.0,0.0,0.0,-0.0007269978523254395,-2.8133392333984375e-05,0.0,0.0,0.6064112782478333,0.012869516387581825,0.03,0,0,0,0,0,0,0,0,0,0,0,0,0,0,0,0,0,0,0,0,0
5.674680709838867,9.0,0.0,0.0,-0.0007417798042297363,-8.469820022583008e-05,0.0,0.0,0.5950456261634827,-0.10552901029586792,0.03,0,0,0,0,0,0,0,0,0,0,0,0,0,0,0,0,0,0,0,0,0
5.675904750823975,9.0,0.0,0.0,-0.0007417798042297363,-8.469820022583008e-05,0.0,0.0,0.5950456261634827,-0.10552901029586792,0.03,0,0,0,0,0,0,0,0,0,0,0,0,0,0,0,0,0,0,0,0,0
5.678219318389893,9.0,0.0,0.0,-0.0007417798042297363,-8.469820022583008e-05,0.0,0.0,0.5950456261634827,-0.10552901029586792,0.03,0,0,0,0,0,0,0,0,0,0,0,0,0,0,0,0,0,0,0,0,0
5.6800665855407715,9.0,0.0,0.0,-0.0007417798042297363,-8.469820022583008e-05,0.0,0.0,0.5950456261634827,-0.10552901029586792,0.03,0,0,0,0,0,0,0,0,0,0,0,0,0,0,0,0,0,0,0,0,0
5.681350231170654,9.0,0.0,0.0,-0.0007417798042297363,-8.469820022583008e-05,0.0,0.0,0.5950456261634827,-0.10552901029586792,0.03,0,0,0,0,0,0,0,0,0,0,0,0,0,0,0,0,0,0,0,0,0
5.6829469203948975,9.0,0.0,0.0,-0.0007417798042297363,-8.469820022583008e-05,0.0,0.0,0.5950456261634827,-0.10552901029586792,0.03,0,0,0,0,0,0,0,0,0,0,0,0,0,0,0,0,0,0,0,0,0
5.684454679489136,9.0,0.0,0.0,-0.0007413029670715332,-6.04093074798584e-05,0.0,0.0,0.5915688276290894,-0.04146401584148407,0.03,0,0,0,0,0,0,0,0,0,0,0,0,0,0,0,0,0,0,0,0,0
5.686038255691528,9.0,0.0,0.0,-0.0007354617118835449,-3.7729740142822266e-05,0.0,0.0,0.5871058702468872,-0.01445553544908762,0.03,0,0,0,0,0,0,0,0,0,0,0,0,0,0,0,0,0,0,0,0,0
5.687124013900757,9.0,0.0,0.0,-0.0007110834121704102,-5.5164098739624023e-05,0.0,0.0,0.5383350849151611,-0.06132989004254341,0.03,0,0,0,0,0,0,0,0,0,0,0,0,0,0,0,0,0,0,0,0,0
5.690546035766602,9.0,0.0,0.0,-0.0007226467132568359,-5.990266799926758e-05,0.0,0.0,0.5974425077438354,-0.08445065468549728,0.03,0,0,0,0,0,0,0,0,0,0,0,0,0,0,0,0,0,0,0,0,0
5.691741704940796,9.0,0.0,0.0,-0.0007226467132568359,-5.990266799926758e-05,0.0,0.0,0.5974425077438354,-0.08445065468549728,0.03,0,0,0,0,0,0,0,0,0,0,0,0,0,0,0,0,0,0,0,0,0
5.692885398864746,9.0,0.0,0.0,-0.0007226467132568359,-5.990266799926758e-05,0.0,0.0,0.5974425077438354,-0.08445065468549728,0.03,0,0,0,0,0,0,0,0,0,0,0,0,0,0,0,0,0,0,0,0,0
5.694650173187256,9.0,0.0,0.0,-0.0007326602935791016,-6.243586540222168e-05,0.0,0.0,0.6138943433761597,-0.07809274643659592,0.03,0,0,0,0,0,0,0,0,0,0,0,0,0,0,0,0,0,0,0,0,0
5.6960978507995605,9.0,0.0,0.0,-0.0007326602935791016,-6.243586540222168e-05,0.0,0.0,0.6138943433761597,-0.07809274643659592,0.03,0,0,0,0,0,0,0,0,0,0,0,0,0,0,0,0,0,0,0,0,0
5.69912052154541,9.0,0.0,0.0,-0.0007326602935791016,-6.243586540222168e-05,0.0,0.0,0.6138943433761597,-0.07809274643659592,0.03,0,0,0,0,0,0,0,0,0,0,0,0,0,0,0,0,0,0,0,0,0
5.7007973194122314,9.0,0.0,0.0,-0.0007324814796447754,-7.525086402893066e-05,0.0,0.0,0.5972655415534973,-0.04366638883948326,0.03,0,0,0,0,0,0,0,0,0,0,0,0,0,0,0,0,0,0,0,0,0
5.702169418334961,9.0,0.0,0.0,-0.0007324814796447754,-7.525086402893066e-05,0.0,0.0,0.5972655415534973,-0.04366638883948326,0.03,0,0,0,0,0,0,0,0,0,0,0,0,0,0,0,0,0,0,0,0,0
5.703348398208618,9.0,0.0,0.0,-0.0007324814796447754,-7.525086402893066e-05,0.0,0.0,0.5972655415534973,-0.04366638883948326,0.03,0,0,0,0,0,0,0,0,0,0,0,0,0,0,0,0,0,0,0,0,0
5.704565048217773,9.0,0.0,0.0,-0.0007429718971252441,-7.349252700805664e-05,0.0,0.0,0.5920343995094299,-0.08095497637987137,0.03,0,0,0,0,0,0,0,0,0,0,0,0,0,0,0,0,0,0,0,0,0
5.705873250961304,9.0,0.0,0.0,-0.0007418990135192871,3.9637088775634766e-06,0.0,0.0,0.5833601355552673,0.06629032641649246,0.03,0,0,0,0,0,0,0,0,0,0,0,0,0,0,0,0,0,0,0,0,0
5.707099914550781,9.0,0.0,0.0,-0.0007418990135192871,3.9637088775634766e-06,0.0,0.0,0.5833601355552673,0.06629032641649246,0.03,0,0,0,0,0,0,0,0,0,0,0,0,0,0,0,0,0,0,0,0,0
5.708250522613525,9.0,0.0,0.0,-0.0007418990135192871,3.9637088775634766e-06,0.0,0.0,0.5833601355552673,0.06629032641649246,0.03,0,0,0,0,0,0,0,0,0,0,0,0,0,0,0,0,0,0,0,0,0
5.709964990615845,9.0,0.0,0.0,-0.0007418990135192871,3.9637088775634766e-06,0.0,0.0,0.5833601355552673,0.06629032641649246,0.03,0,0,0,0,0,0,0,0,0,0,0,0,0,0,0,0,0,0,0,0,0
5.7111592292785645,9.0,0.0,0.0,-0.0007350444793701172,-1.481175422668457e-05,0.0,0.0,0.5803362727165222,-0.042263004928827286,0.03,0,0,0,0,0,0,0,0,0,0,0,0,0,0,0,0,0,0,0,0,0
5.71277642250061,9.0,0.0,0.0,-0.0007166266441345215,-6.213784217834473e-05,0.0,0.0,0.5368340611457825,-0.10798095166683197,0.03,0,0,0,0,0,0,0,0,0,0,0,0,0,0,0,0,0,0,0,0,0
5.7138612270355225,9.0,0.0,0.0,-0.0007166266441345215,-6.213784217834473e-05,0.0,0.0,0.5368340611457825,-0.10798095166683197,0.03,0,0,0,0,0,0,0,0,0,0,0,0,0,0,0,0,0,0,0,0,0
5.7150256633758545,9.0,0.0,0.0,-0.0007146000862121582,-6.437301635742188e-05,0.0,0.0,0.5720090270042419,-0.07539130002260208,0.03,0,0,0,0,0,0,0,0,0,0,0,0,0,0,0,0,0,0,0,0,0
5.716114521026611,9.0,0.0,0.0,-0.0006981492042541504,-5.0902366638183594e-05,0.0,0.0,0.5355994701385498,-0.0366925485432148,0.03,0,0,0,0,0,0,0,0,0,0,0,0,0,0,0,0,0,0,0,0,0
5.71741509437561,9.0,0.0,0.0,-0.0006981492042541504,-5.0902366638183594e-05,0.0,0.0,0.5355994701385498,-0.0366925485432148,0.03,0,0,0,0,0,0,0,0,0,0,0,0,0,0,0,0,0,0,0,0,0
5.718753337860107,9.0,0.0,0.0,-0.0006981492042541504,-5.0902366638183594e-05,0.0,0.0,0.5355994701385498,-0.0366925485432148,0.03,0,0,0,0,0,0,0,0,0,0,0,0,0,0,0,0,0,0,0,0,0
5.720112085342407,9.0,0.0,0.0,-0.0006981492042541504,-5.0902366638183594e-05,0.0,0.0,0.5355994701385498,-0.0366925485432148,0.03,0,0,0,0,0,0,0,0,0,0,0,0,0,0,0,0,0,0,0,0,0
5.722291707992554,9.0,0.0,0.0,-0.0006981492042541504,-5.0902366638183594e-05,0.0,0.0,0.5355994701385498,-0.0366925485432148,0.03,0,0,0,0,0,0,0,0,0,0,0,0,0,0,0,0,0,0,0,0,0
5.723521947860718,9.0,0.0,0.0,-0.0006981492042541504,-5.0902366638183594e-05,0.0,0.0,0.5355994701385498,-0.0366925485432148,0.03,0,0,0,0,0,0,0,0,0,0,0,0,0,0,0,0,0,0,0,0,0
5.725008726119995,9.0,0.0,0.0,-0.0006981492042541504,-5.0902366638183594e-05,0.0,0.0,0.5355994701385498,-0.0366925485432148,0.03,0,0,0,0,0,0,0,0,0,0,0,0,0,0,0,0,0,0,0,0,0
5.726744174957275,9.0,0.0,0.0,-0.0006981492042541504,-5.0902366638183594e-05,0.0,0.0,0.5355994701385498,-0.0366925485432148,0.03,0,0,0,0,0,0,0,0,0,0,0,0,0,0,0,0,0,0,0,0,0
5.727945327758789,9.0,0.0,0.0,-0.0006981492042541504,-5.0902366638183594e-05,0.0,0.0,0.5355994701385498,-0.0366925485432148,0.03,0,0,0,0,0,0,0,0,0,0,0,0,0,0,0,0,0,0,0,0,0
5.729397535324097,9.0,0.0,0.0,-0.0006981492042541504,-5.0902366638183594e-05,0.0,0.0,0.5355994701385498,-0.0366925485432148,0.03,0,0,0,0,0,0,0,0,0,0,0,0,0,0,0,0,0,0,0,0,0
5.730508804321289,9.0,0.0,0.0,-0.0007447004318237305,-5.8025121688842773e-05,0.0,0.0,0.5930991172790527,-0.07090163230895996,0.03,0,0,0,0,0,0,0,0,0,0,0,0,0,0,0,0,0,0,0,0,0
5.732335805892944,9.0,0.0,0.0,-0.0007461905479431152,-6.270408630371094e-05,0.0,0.0,0.5842488408088684,-0.05599156767129898,0.03,0,0,0,0,0,0,0,0,0,0,0,0,0,0,0,0,0,0,0,0,0
5.733686685562134,9.0,0.0,0.0,-0.0007461905479431152,-6.270408630371094e-05,0.0,0.0,0.5842488408088684,-0.05599156767129898,0.03,0,0,0,0,0,0,0,0,0,0,0,0,0,0,0,0,0,0,0,0,0
5.734804391860962,9.0,0.0,0.0,-0.0007537603378295898,3.993511199951172e-06,0.0,0.0,0.6158523559570312,0.02771887369453907,0.03,0,0,0,0,0,0,0,0,0,0,0,0,0,0,0,0,0,0,0,0,0
5.736359119415283,9.0,0.0,0.0,-0.0007411837577819824,-0.00010713934898376465,0.0,0.0,0.5920961499214172,-0.13557353615760803,0.03,0,0,0,0,0,0,0,0,0,0,0,0,0,0,0,0,0,0,0,0,0
5.73814058303833,9.0,0.0,0.0,-0.0007411837577819824,-0.00010713934898376465,0.0,0.0,0.5920961499214172,-0.13557353615760803,0.03,0,0,0,0,0,0,0,0,0,0,0,0,0,0,0,0,0,0,0,0,0
5.739531755447388,9.0,0.0,0.0,-0.0007361769676208496,-5.9664249420166016e-05,0.0,0.0,0.5892030596733093,-0.02235388569533825,0.03,0,0,0,0,0,0,0,0,0,0,0,0,0,0,0,0,0,0,0,0,0
5.740826368331909,9.0,0.0,0.0,-0.0007236003875732422,-5.379319190979004e-05,0.0,0.0,0.5707312226295471,-0.032131366431713104,0.03,0,0,0,0,0,0,0,0,0,0,0,0,0,0,0,0,0,0,0,0,0
5.741894483566284,9.0,0.0,0.0,-0.0007236003875732422,-5.379319190979004e-05,0.0,0.0,0.5707312226295471,-0.032131366431713104,0.03,0,0,0,0,0,0,0,0,0,0,0,0,0,0,0,0,0,0,0,0,0
5.7430877685546875,9.0,0.0,0.0,-0.0007236003875732422,-5.379319190979004e-05,0.0,0.0,0.5707312226295471,-0.032131366431713104,0.03,0,0,0,0,0,0,0,0,0,0,0,0,0,0,0,0,0,0,0,0,0
5.74476432800293,9.0,0.0,0.0,-0.0007236003875732422,-5.379319190979004e-05,0.0,0.0,0.5707312226295471,-0.032131366431713104,0.03,0,0,0,0,0,0,0,0,0,0,0,0,0,0,0,0,0,0,0,0,0
5.746332406997681,9.0,0.0,0.0,-0.0007425546646118164,-2.771615982055664e-05,0.0,0.0,0.6074936985969543,-0.025753339752554893,0.03,0,0,0,0,0,0,0,0,0,0,0,0,0,0,0,0,0,0,0,0,0
5.747445583343506,9.0,0.0,0.0,-0.0007425546646118164,-2.771615982055664e-05,0.0,0.0,0.6074936985969543,-0.025753339752554893,0.03,0,0,0,0,0,0,0,0,0,0,0,0,0,0,0,0,0,0,0,0,0
5.748585939407349,9.0,0.0,0.0,-0.0007425546646118164,-2.771615982055664e-05,0.0,0.0,0.6074936985969543,-0.025753339752554893,0.03,0,0,0,0,0,0,0,0,0,0,0,0,0,0,0,0,0,0,0,0,0
5.749663591384888,9.0,0.0,0.0,-0.0007425546646118164,-2.771615982055664e-05,0.0,0.0,0.6074936985969543,-0.025753339752554893,0.03,0,0,0,0,0,0,0,0,0,0,0,0,0,0,0,0,0,0,0,0,0
5.750970363616943,9.0,0.0,0.0,-0.0007413029670715332,-3.769993782043457e-05,0.0,0.0,0.5929218530654907,-0.06897292286157608,0.03,0,0,0,0,0,0,0,0,0,0,0,0,0,0,0,0,0,0,0,0,0
5.7521889209747314,9.0,0.0,0.0,-0.0007413029670715332,-3.769993782043457e-05,0.0,0.0,0.5929218530654907,-0.06897292286157608,0.03,0,0,0,0,0,0,0,0,0,0,0,0,0,0,0,0,0,0,0,0,0
5.753338813781738,9.0,0.0,0.0,-0.0007413029670715332,-3.769993782043457e-05,0.0,0.0,0.5929218530654907,-0.06897292286157608,0.03,0,0,0,0,0,0,0,0,0,0,0,0,0,0,0,0,0,0,0,0,0
5.754760503768921,9.0,0.0,0.0,-0.0007413029670715332,-3.769993782043457e-05,0.0,0.0,0.5929218530654907,-0.06897292286157608,0.03,0,0,0,0,0,0,0,0,0,0,0,0,0,0,0,0,0,0,0,0,0
5.756844997406006,9.0,0.0,0.0,-0.0007413029670715332,-1.659989356994629e-05,0.0,0.0,0.592734694480896,-0.08927680552005768,0.03,0,0,0,0,0,0,0,0,0,0,0,0,0,0,0,0,0,0,0,0,0
5.758713960647583,9.0,0.0,0.0,-0.0007413029670715332,-3.159046173095703e-05,0.0,0.0,0.592547595500946,-0.11509599536657333,0.03,0,0,0,0,0,0,0,0,0,0,0,0,0,0,0,0,0,0,0,0,0
5.762084245681763,9.0,0.0,0.0,-0.0007290244102478027,-4.836916923522949e-05,0.0,0.0,0.5639649033546448,-0.08081338554620743,0.03,0,0,0,0,0,0,0,0,0,0,0,0,0,0,0,0,0,0,0,0,0
5.7635602951049805,9.0,0.0,0.0,-0.0007290244102478027,-4.836916923522949e-05,0.0,0.0,0.5639649033546448,-0.08081338554620743,0.03,0,0,0,0,0,0,0,0,0,0,0,0,0,0,0,0,0,0,0,0,0
5.7653727531433105,9.0,0.0,0.0,-0.0007290244102478027,-4.836916923522949e-05,0.0,0.0,0.5639649033546448,-0.08081338554620743,0.03,0,0,0,0,0,0,0,0,0,0,0,0,0,0,0,0,0,0,0,0,0
5.766580820083618,9.0,0.0,0.0,-0.0007290244102478027,-4.836916923522949e-05,0.0,0.0,0.5639649033546448,-0.08081338554620743,0.03,0,0,0,0,0,0,0,0,0,0,0,0,0,0,0,0,0,0,0,0,0
5.7676780223846436,9.0,0.0,0.0,-0.0007290244102478027,-4.836916923522949e-05,0.0,0.0,0.5639649033546448,-0.08081338554620743,0.03,0,0,0,0,0,0,0,0,0,0,0,0,0,0,0,0,0,0,0,0,0
5.768848419189453,9.0,0.0,0.0,-0.0007290244102478027,-4.836916923522949e-05,0.0,0.0,0.5639649033546448,-0.08081338554620743,0.03,0,0,0,0,0,0,0,0,0,0,0,0,0,0,0,0,0,0,0,0,0
5.772156000137329,9.0,0.0,0.0,-0.0007417798042297363,-6.070733070373535e-05,0.0,0.0,0.5972920060157776,-0.043141599744558334,0.03,0,0,0,0,0,0,0,0,0,0,0,0,0,0,0,0,0,0,0,0,0
5.773477077484131,9.0,0.0,0.0,-0.0007414817810058594,-6.130337715148926e-05,0.0,0.0,0.594205915927887,-0.05068594962358475,0.03,0,0,0,0,0,0,0,0,0,0,0,0,0,0,0,0,0,0,0,0,0
5.774534702301025,9.0,0.0,0.0,-0.0007365942001342773,-1.8030405044555664e-05,0.0,0.0,0.5863506197929382,0.025353269651532173,0.03,0,0,0,0,0,0,0,0,0,0,0,0,0,0,0,0,0,0,0,0,0
5.775823593139648,9.0,0.0,0.0,-0.0007410049438476562,-2.4378299713134766e-05,0.0,0.0,0.5966336727142334,-0.004853885620832443,0.03,0,0,0,0,0,0,0,0,0,0,0,0,0,0,0,0,0,0,0,0,0
5.778832912445068,9.0,0.0,0.0,-0.0007369518280029297,-3.17990779876709e-05,0.0,0.0,0.5897467136383057,-0.031236078590154648,0.03,0,0,0,0,0,0,0,0,0,0,0,0,0,0,0,0,0,0,0,0,0
5.781854629516602,9.0,0.0,0.0,-0.000741124153137207,-7.87973403930664e-05,0.0,0.0,0.5984712243080139,-0.11712993681430817,0.03,0,0,0,0,0,0,0,0,0,0,0,0,0,0,0,0,0,0,0,0,0
5.782952785491943,9.0,0.0,0.0,-0.000741124153137207,-7.87973403930664e-05,0.0,0.0,0.5984712243080139,-0.11712993681430817,0.03,0,0,0,0,0,0,0,0,0,0,0,0,0,0,0,0,0,0,0,0,0
5.7843849658966064,9.0,0.0,0.0,-0.000741124153137207,-7.87973403930664e-05,0.0,0.0,0.5984712243080139,-0.11712993681430817,0.03,0,0,0,0,0,0,0,0,0,0,0,0,0,0,0,0,0,0,0,0,0
5.786315441131592,9.0,0.0,0.0,-0.0007414817810058594,-0.00010496377944946289,0.0,0.0,0.5944581627845764,-0.09365083277225494,0.03,0,0,0,0,0,0,0,0,0,0,0,0,0,0,0,0,0,0,0,0,0
5.788112163543701,9.0,0.0,0.0,-0.0007413029670715332,-0.00010144710540771484,0.0,0.0,0.5940918326377869,-0.1238434687256813,0.03,0,0,0,0,0,0,0,0,0,0,0,0,0,0,0,0,0,0,0,0,0
5.789984703063965,9.0,0.0,0.0,-0.0007413029670715332,-0.00010144710540771484,0.0,0.0,0.5940918326377869,-0.1238434687256813,0.03,0,0,0,0,0,0,0,0,0,0,0,0,0,0,0,0,0,0,0,0,0
5.79110860824585,9.0,0.0,0.0,-0.0007413029670715332,-0.00010144710540771484,0.0,0.0,0.5940918326377869,-0.1238434687256813,0.03,0,0,0,0,0,0,0,0,0,0,0,0,0,0,0,0,0,0,0,0,0
5.792449712753296,9.0,0.0,0.0,-0.0007413029670715332,-0.00010144710540771484,0.0,0.0,0.5940918326377869,-0.1238434687256813,0.03,0,0,0,0,0,0,0,0,0,0,0,0,0,0,0,0,0,0,0,0,0
5.793789625167847,9.0,0.0,0.0,-0.0007413029670715332,-0.00010144710540771484,0.0,0.0,0.5940918326377869,-0.1238434687256813,0.03,0,0,0,0,0,0,0,0,0,0,0,0,0,0,0,0,0,0,0,0,0
5.7954347133636475,9.0,0.0,0.0,-0.0007413029670715332,-7.572770118713379e-05,0.0,0.0,0.5935304760932922,-0.034604161977767944,0.03,0,0,0,0,0,0,0,0,0,0,0,0,0,0,0,0,0,0,0,0,0
5.798811197280884,9.0,0.0,0.0,-0.000741422176361084,-6.10649585723877e-05,0.0,0.0,0.5968712568283081,-0.08523368835449219,0.03,0,0,0,0,0,0,0,0,0,0,0,0,0,0,0,0,0,0,0,0,0
5.801168441772461,9.0,0.0,0.0,-0.0007393360137939453,-6.553530693054199e-05,0.0,0.0,0.599473774433136,-0.05537782609462738,0.03,0,0,0,0,0,0,0,0,0,0,0,0,0,0,0,0,0,0,0,0,0
5.802579879760742,9.0,0.0,0.0,-0.0007418394088745117,-7.653236389160156e-05,0.0,0.0,0.6015626788139343,-0.08485163748264313,0.03,0,0,0,0,0,0,0,0,0,0,0,0,0,0,0,0,0,0,0,0,0
5.805389881134033,9.0,0.0,0.0,-0.0007413029670715332,-6.830692291259766e-05,0.0,0.0,0.5945196747779846,-0.033275846391916275,0.03,0,0,0,0,0,0,0,0,0,0,0,0,0,0,0,0,0,0,0,0,0
5.8068952560424805,9.0,0.0,0.0,-0.0007413029670715332,-7.155537605285645e-05,0.0,0.0,0.5943325757980347,-0.05414346978068352,0.03,0,0,0,0,0,0,0,0,0,0,0,0,0,0,0,0,0,0,0,0,0
5.808340787887573,9.0,0.0,0.0,-0.0007413029670715332,-6.154179573059082e-05,0.0,0.0,0.59395831823349,-0.06325605511665344,0.03,0,0,0,0,0,0,0,0,0,0,0,0,0,0,0,0,0,0,0,0,0
5.8094377517700195,9.0,0.0,0.0,-0.0007413029670715332,-6.154179573059082e-05,0.0,0.0,0.59395831823349,-0.06325605511665344,0.03,0,0,0,0,0,0,0,0,0,0,0,0,0,0,0,0,0,0,0,0,0
5.810556650161743,9.0,0.0,0.0,-0.0007413029670715332,-6.154179573059082e-05,0.0,0.0,0.59395831823349,-0.06325605511665344,0.03,0,0,0,0,0,0,0,0,0,0,0,0,0,0,0,0,0,0,0,0,0
5.8116536140441895,9.0,0.0,0.0,-0.0007413029670715332,-6.154179573059082e-05,0.0,0.0,0.59395831823349,-0.06325605511665344,0.03,0,0,0,0,0,0,0,0,0,0,0,0,0,0,0,0,0,0,0,0,0
5.812721490859985,9.0,0.0,0.0,-0.0007413029670715332,-9.73045825958252e-05,0.0,0.0,0.5933969020843506,-0.07526754587888718,0.03,0,0,0,0,0,0,0,0,0,0,0,0,0,0,0,0,0,0,0,0,0
5.813997507095337,9.0,0.0,0.0,-0.0007411837577819824,-0.00010156631469726562,0.0,0.0,0.593308687210083,-0.121017687022686,0.03,0,0,0,0,0,0,0,0,0,0,0,0,0,0,0,0,0,0,0,0,0
5.815117597579956,9.0,0.0,0.0,-0.0007411837577819824,-0.00010156631469726562,0.0,0.0,0.593308687210083,-0.121017687022686,0.03,0,0,0,0,0,0,0,0,0,0,0,0,0,0,0,0,0,0,0,0,0
5.8174474239349365,9.0,0.0,0.0,-0.0007411837577819824,-0.00010156631469726562,0.0,0.0,0.593308687210083,-0.121017687022686,0.03,0,0,0,0,0,0,0,0,0,0,0,0,0,0,0,0,0,0,0,0,0
5.819148063659668,9.0,0.0,0.0,-0.0007411837577819824,-0.00010156631469726562,0.0,0.0,0.593308687210083,-0.121017687022686,0.03,0,0,0,0,0,0,0,0,0,0,0,0,0,0,0,0,0,0,0,0,0
5.82068943977356,9.0,0.0,0.0,-0.0007411837577819824,-0.00010156631469726562,0.0,0.0,0.593308687210083,-0.121017687022686,0.03,0,0,0,0,0,0,0,0,0,0,0,0,0,0,0,0,0,0,0,0,0
5.821853160858154,9.0,0.0,0.0,-0.0007411837577819824,-0.00010156631469726562,0.0,0.0,0.593308687210083,-0.121017687022686,0.03,0,0,0,0,0,0,0,0,0,0,0,0,0,0,0,0,0,0,0,0,0
5.823016405105591,9.0,0.0,0.0,-0.0007411837577819824,-0.00010156631469726562,0.0,0.0,0.593308687210083,-0.121017687022686,0.03,0,0,0,0,0,0,0,0,0,0,0,0,0,0,0,0,0,0,0,0,0
5.825322389602661,9.0,0.0,0.0,-0.0007411837577819824,-9.086728096008301e-05,0.0,0.0,0.593538761138916,-0.02631058171391487,0.03,0,0,0,0,0,0,0,0,0,0,0,0,0,0,0,0,0,0,0,0,0
5.826569318771362,9.0,0.0,0.0,-0.0007323026657104492,-0.00010466575622558594,0.0,0.0,0.6005881428718567,-0.013766069896519184,0.03,0,0,0,0,0,0,0,0,0,0,0,0,0,0,0,0,0,0,0,0,0
5.828051567077637,9.0,0.0,0.0,-0.0007323026657104492,-0.00010466575622558594,0.0,0.0,0.6005881428718567,-0.013766069896519184,0.03,0,0,0,0,0,0,0,0,0,0,0,0,0,0,0,0,0,0,0,0,0
5.82939338684082,9.0,0.0,0.0,-0.0007323026657104492,-0.00010466575622558594,0.0,0.0,0.6005881428718567,-0.013766069896519184,0.03,0,0,0,0,0,0,0,0,0,0,0,0,0,0,0,0,0,0,0,0,0
5.830624341964722,9.0,0.0,0.0,-0.0007323026657104492,-0.00010466575622558594,0.0,0.0,0.6005881428718567,-0.013766069896519184,0.03,0,0,0,0,0,0,0,0,0,0,0,0,0,0,0,0,0,0,0,0,0
5.831726551055908,9.0,0.0,0.0,-0.0007323026657104492,-0.00010466575622558594,0.0,0.0,0.6005881428718567,-0.013766069896519184,0.03,0,0,0,0,0,0,0,0,0,0,0,0,0,0,0,0,0,0,0,0,0
5.8344762325286865,9.0,0.0,0.0,-0.0007414817810058594,-7.915496826171875e-05,0.0,0.0,0.5965284109115601,-0.0906752198934555,0.03,0,0,0,0,0,0,0,0,0,0,0,0,0,0,0,0,0,0,0,0,0
5.835791110992432,9.0,0.0,0.0,-0.0007414817810058594,-7.915496826171875e-05,0.0,0.0,0.5965284109115601,-0.0906752198934555,0.03,0,0,0,0,0,0,0,0,0,0,0,0,0,0,0,0,0,0,0,0,0
5.8368775844573975,9.0,0.0,0.0,-0.0007414817810058594,-7.915496826171875e-05,0.0,0.0,0.5965284109115601,-0.0906752198934555,0.03,0,0,0,0,0,0,0,0,0,0,0,0,0,0,0,0,0,0,0,0,0
5.837970495223999,9.0,0.0,0.0,-0.0007414817810058594,-7.915496826171875e-05,0.0,0.0,0.5965284109115601,-0.0906752198934555,0.03,0,0,0,0,0,0,0,0,0,0,0,0,0,0,0,0,0,0,0,0,0
5.8391454219818115,9.0,0.0,0.0,-0.0007414817810058594,-7.915496826171875e-05,0.0,0.0,0.5965284109115601,-0.0906752198934555,0.03,0,0,0,0,0,0,0,0,0,0,0,0,0,0,0,0,0,0,0,0,0
5.8402345180511475,9.0,0.0,0.0,-0.0007414817810058594,-7.915496826171875e-05,0.0,0.0,0.5965284109115601,-0.0906752198934555,0.03,0,0,0,0,0,0,0,0,0,0,0,0,0,0,0,0,0,0,0,0,0
5.841810464859009,9.0,0.0,0.0,-0.0007414817810058594,-7.915496826171875e-05,0.0,0.0,0.5965284109115601,-0.0906752198934555,0.03,0,0,0,0,0,0,0,0,0,0,0,0,0,0,0,0,0,0,0,0,0
5.844081878662109,9.0,0.0,0.0,-0.0007414817810058594,-7.915496826171875e-05,0.0,0.0,0.5965284109115601,-0.0906752198934555,0.03,0,0,0,0,0,0,0,0,0,0,0,0,0,0,0,0,0,0,0,0,0
5.846204519271851,9.0,0.0,0.0,-0.0007414817810058594,-7.915496826171875e-05,0.0,0.0,0.5965284109115601,-0.0906752198934555,0.03,0,0,0,0,0,0,0,0,0,0,0,0,0,0,0,0,0,0,0,0,0
5.8476269245147705,9.0,0.0,0.0,-0.0007414817810058594,-7.915496826171875e-05,0.0,0.0,0.5965284109115601,-0.0906752198934555,0.03,0,0,0,0,0,0,0,0,0,0,0,0,0,0,0,0,0,0,0,0,0
5.849175691604614,9.0,0.0,0.0,-0.0007414817810058594,-7.915496826171875e-05,0.0,0.0,0.5965284109115601,-0.0906752198934555,0.03,0,0,0,0,0,0,0,0,0,0,0,0,0,0,0,0,0,0,0,0,0
5.851561784744263,9.0,0.0,0.0,-0.0007410049438476562,-1.9609928131103516e-05,0.0,0.0,0.5905781984329224,-0.07076254487037659,0.03,0,0,0,0,0,0,0,0,0,0,0,0,0,0,0,0,0,0,0,0,0
5.853325366973877,9.0,0.0,0.0,-0.0007239580154418945,-6.374716758728027e-05,0.0,0.0,0.56740403175354,-0.15450288355350494,0.03,0,0,0,0,0,0,0,0,0,0,0,0,0,0,0,0,0,0,0,0,0
5.854624032974243,9.0,0.0,0.0,-0.0007239580154418945,-6.374716758728027e-05,0.0,0.0,0.56740403175354,-0.15450288355350494,0.03,0,0,0,0,0,0,0,0,0,0,0,0,0,0,0,0,0,0,0,0,0
5.856102228164673,9.0,0.0,0.0,-0.0007239580154418945,-6.374716758728027e-05,0.0,0.0,0.56740403175354,-0.15450288355350494,0.03,0,0,0,0,0,0,0,0,0,0,0,0,0,0,0,0,0,0,0,0,0
5.857544422149658,9.0,0.0,0.0,-0.0007239580154418945,-6.374716758728027e-05,0.0,0.0,0.56740403175354,-0.15450288355350494,0.03,0,0,0,0,0,0,0,0,0,0,0,0,0,0,0,0,0,0,0,0,0
5.8607964515686035,9.0,0.0,0.0,-0.0007239580154418945,-6.374716758728027e-05,0.0,0.0,0.56740403175354,-0.15450288355350494,0.03,0,0,0,0,0,0,0,0,0,0,0,0,0,0,0,0,0,0,0,0,0
5.861935138702393,9.0,0.0,0.0,-0.0007239580154418945,-6.374716758728027e-05,0.0,0.0,0.56740403175354,-0.15450288355350494,0.03,0,0,0,0,0,0,0,0,0,0,0,0,0,0,0,0,0,0,0,0,0
5.8632097244262695,9.0,0.0,0.0,-0.0007239580154418945,-6.374716758728027e-05,0.0,0.0,0.56740403175354,-0.15450288355350494,0.03,0,0,0,0,0,0,0,0,0,0,0,0,0,0,0,0,0,0,0,0,0
5.86499547958374,9.0,0.0,0.0,-0.0007239580154418945,-6.374716758728027e-05,0.0,0.0,0.56740403175354,-0.15450288355350494,0.03,0,0,0,0,0,0,0,0,0,0,0,0,0,0,0,0,0,0,0,0,0
5.867959260940552,9.0,0.0,0.0,-0.0007413029670715332,-0.000168532133102417,0.0,0.0,0.5955716967582703,-0.16630078852176666,0.03,0,0,0,0,0,0,0,0,0,0,0,0,0,0,0,0,0,0,0,0,0
5.870226144790649,9.0,0.0,0.0,-0.0007413029670715332,-0.000168532133102417,0.0,0.0,0.5955716967582703,-0.16630078852176666,0.03,0,0,0,0,0,0,0,0,0,0,0,0,0,0,0,0,0,0,0,0,0
5.871502637863159,9.0,0.0,0.0,-0.0007413029670715332,-0.000168532133102417,0.0,0.0,0.5955716967582703,-0.16630078852176666,0.03,0,0,0,0,0,0,0,0,0,0,0,0,0,0,0,0,0,0,0,0,0
5.872776746749878,9.0,0.0,0.0,-0.0007303357124328613,-0.00018027424812316895,0.0,0.0,0.6190726161003113,-0.17264424264431,0.03,0,0,0,0,0,0,0,0,0,0,0,0,0,0,0,0,0,0,0,0,0
5.874153137207031,9.0,0.0,0.0,-0.0007303357124328613,-0.00018027424812316895,0.0,0.0,0.6190726161003113,-0.17264424264431,0.03,0,0,0,0,0,0,0,0,0,0,0,0,0,0,0,0,0,0,0,0,0
5.875436305999756,9.0,0.0,0.0,-0.0007303357124328613,-0.00018027424812316895,0.0,0.0,0.6190726161003113,-0.17264424264431,0.03,0,0,0,0,0,0,0,0,0,0,0,0,0,0,0,0,0,0,0,0,0
5.876683473587036,9.0,0.0,0.0,-0.0007303357124328613,-0.00018027424812316895,0.0,0.0,0.6190726161003113,-0.17264424264431,0.03,0,0,0,0,0,0,0,0,0,0,0,0,0,0,0,0,0,0,0,0,0
5.877879619598389,9.0,0.0,0.0,-0.0007303357124328613,-0.00018027424812316895,0.0,0.0,0.6190726161003113,-0.17264424264431,0.03,0,0,0,0,0,0,0,0,0,0,0,0,0,0,0,0,0,0,0,0,0
5.879023313522339,9.0,0.0,0.0,-0.0007303357124328613,-0.00018027424812316895,0.0,0.0,0.6190726161003113,-0.17264424264431,0.03,0,0,0,0,0,0,0,0,0,0,0,0,0,0,0,0,0,0,0,0,0
5.880500555038452,9.0,0.0,0.0,-0.0007303357124328613,-0.00018027424812316895,0.0,0.0,0.6190726161003113,-0.17264424264431,0.03,0,0,0,0,0,0,0,0,0,0,0,0,0,0,0,0,0,0,0,0,0
5.881592035293579,9.0,0.0,0.0,-0.0007303357124328613,-0.00018027424812316895,0.0,0.0,0.6190726161003113,-0.17264424264431,0.03,0,0,0,0,0,0,0,0,0,0,0,0,0,0,0,0,0,0,0,0,0
5.882837533950806,9.0,0.0,0.0,-0.0007303357124328613,-0.00018027424812316895,0.0,0.0,0.6190726161003113,-0.17264424264431,0.03,0,0,0,0,0,0,0,0,0,0,0,0,0,0,0,0,0,0,0,0,0
5.883920431137085,9.0,0.0,0.0,-0.0007303357124328613,-0.00018027424812316895,0.0,0.0,0.6190726161003113,-0.17264424264431,0.03,0,0,0,0,0,0,0,0,0,0,0,0,0,0,0,0,0,0,0,0,0
5.885832071304321,9.0,0.0,0.0,-0.0007491707801818848,-0.0001341700553894043,0.0,0.0,0.6125350594520569,-0.08314274251461029,0.03,0,0,0,0,0,0,0,0,0,0,0,0,0,0,0,0,0,0,0,0,0
5.886941909790039,9.0,0.0,0.0,-0.0007410645484924316,-0.00013768672943115234,0.0,0.0,0.594841480255127,-0.12169570475816727,0.03,0,0,0,0,0,0,0,0,0,0,0,0,0,0,0,0,0,0,0,0,0
5.888014793395996,9.0,0.0,0.0,-0.0007410645484924316,-0.00013768672943115234,0.0,0.0,0.594841480255127,-0.12169570475816727,0.03,0,0,0,0,0,0,0,0,0,0,0,0,0,0,0,0,0,0,0,0,0
5.889235258102417,9.0,0.0,0.0,-0.0007410645484924316,-0.00013768672943115234,0.0,0.0,0.594841480255127,-0.12169570475816727,0.03,0,0,0,0,0,0,0,0,0,0,0,0,0,0,0,0,0,0,0,0,0
5.890311002731323,9.0,0.0,0.0,-0.0007410645484924316,-0.00013768672943115234,0.0,0.0,0.594841480255127,-0.12169570475816727,0.03,0,0,0,0,0,0,0,0,0,0,0,0,0,0,0,0,0,0,0,0,0
5.891649961471558,9.0,0.0,0.0,-0.0007410645484924316,-0.00013768672943115234,0.0,0.0,0.594841480255127,-0.12169570475816727,0.03,0,0,0,0,0,0,0,0,0,0,0,0,0,0,0,0,0,0,0,0,0
5.89378023147583,9.0,0.0,0.0,-0.0007410645484924316,-0.00013768672943115234,0.0,0.0,0.594841480255127,-0.12169570475816727,0.03,0,0,0,0,0,0,0,0,0,0,0,0,0,0,0,0,0,0,0,0,0
5.89523983001709,9.0,0.0,0.0,-0.0007410645484924316,-0.00013768672943115234,0.0,0.0,0.594841480255127,-0.12169570475816727,0.03,0,0,0,0,0,0,0,0,0,0,0,0,0,0,0,0,0,0,0,0,0
5.897920608520508,9.0,0.0,0.0,-0.0007410645484924316,-0.00013768672943115234,0.0,0.0,0.594841480255127,-0.12169570475816727,0.03,0,0,0,0,0,0,0,0,0,0,0,0,0,0,0,0,0,0,0,0,0
5.899253845214844,9.0,0.0,0.0,-0.0007410645484924316,-0.00013768672943115234,0.0,0.0,0.594841480255127,-0.12169570475816727,0.03,0,0,0,0,0,0,0,0,0,0,0,0,0,0,0,0,0,0,0,0,0
5.90037202835083,9.0,0.0,0.0,-0.0007410645484924316,-0.00013768672943115234,0.0,0.0,0.594841480255127,-0.12169570475816727,0.03,0,0,0,0,0,0,0,0,0,0,0,0,0,0,0,0,0,0,0,0,0
5.9020397663116455,9.0,0.0,0.0,-0.0007410645484924316,-0.00013768672943115234,0.0,0.0,0.594841480255127,-0.12169570475816727,0.03,0,0,0,0,0,0,0,0,0,0,0,0,0,0,0,0,0,0,0,0,0
5.903561353683472,9.0,0.0,0.0,-0.0007410645484924316,-0.00013768672943115234,0.0,0.0,0.594841480255127,-0.12169570475816727,0.03,0,0,0,0,0,0,0,0,0,0,0,0,0,0,0,0,0,0,0,0,0
5.904955863952637,9.0,0.0,0.0,-0.0007435083389282227,-0.00019550323486328125,0.0,0.0,0.614208996295929,-0.18978139758110046,0.03,0,0,0,0,0,0,0,0,0,0,0,0,0,0,0,0,0,0,0,0,0
5.906745433807373,9.0,0.0,0.0,-0.0007413029670715332,-0.00012132525444030762,0.0,0.0,0.5960178375244141,-0.1868455708026886,0.03,0,0,0,0,0,0,0,0,0,0,0,0,0,0,0,0,0,0,0,0,0
5.908295154571533,9.0,0.0,0.0,-0.0007413029670715332,-0.00012132525444030762,0.0,0.0,0.5960178375244141,-0.1868455708026886,0.03,0,0,0,0,0,0,0,0,0,0,0,0,0,0,0,0,0,0,0,0,0
5.909540414810181,9.0,0.0,0.0,-0.0007413029670715332,-0.00012132525444030762,0.0,0.0,0.5960178375244141,-0.1868455708026886,0.03,0,0,0,0,0,0,0,0,0,0,0,0,0,0,0,0,0,0,0,0,0
5.910853385925293,9.0,0.0,0.0,-0.0007265210151672363,-0.00012770295143127441,0.0,0.0,0.5886833071708679,-0.07186949253082275,0.03,0,0,0,0,0,0,0,0,0,0,0,0,0,0,0,0,0,0,0,0,0
5.911958694458008,9.0,0.0,0.0,-0.0007265210151672363,-0.00012770295143127441,0.0,0.0,0.5886833071708679,-0.07186949253082275,0.03,0,0,0,0,0,0,0,0,0,0,0,0,0,0,0,0,0,0,0,0,0
5.913270950317383,9.0,0.0,0.0,-0.0007264018058776855,-0.00012505054473876953,0.0,0.0,0.5805644392967224,-0.08411529660224915,0.03,0,0,0,0,0,0,0,0,0,0,0,0,0,0,0,0,0,0,0,0,0
5.914565801620483,9.0,0.0,0.0,-0.0007264018058776855,-0.00012505054473876953,0.0,0.0,0.5805644392967224,-0.08411529660224915,0.03,0,0,0,0,0,0,0,0,0,0,0,0,0,0,0,0,0,0,0,0,0
5.915840148925781,9.0,0.0,0.0,-0.0007210969924926758,-0.00011920928955078125,0.0,0.0,0.5788958668708801,-0.09408555924892426,0.03,0,0,0,0,0,0,0,0,0,0,0,0,0,0,0,0,0,0,0,0,0
5.917052507400513,9.0,0.0,0.0,-0.0007210969924926758,-0.00011920928955078125,0.0,0.0,0.5788958668708801,-0.09408555924892426,0.03,0,0,0,0,0,0,0,0,0,0,0,0,0,0,0,0,0,0,0,0,0
5.91816782951355,9.0,0.0,0.0,-0.0007210969924926758,-0.00011920928955078125,0.0,0.0,0.5788958668708801,-0.09408555924892426,0.03,0,0,0,0,0,0,0,0,0,0,0,0,0,0,0,0,0,0,0,0,0
5.920523166656494,9.0,0.0,0.0,-0.0007210969924926758,-0.00011920928955078125,0.0,0.0,0.5788958668708801,-0.09408555924892426,0.03,0,0,0,0,0,0,0,0,0,0,0,0,0,0,0,0,0,0,0,0,0
5.921658992767334,9.0,0.0,0.0,-0.0007395148277282715,-0.0001843273639678955,0.0,0.0,0.620558500289917,-0.14510132372379303,0.03,0,0,0,0,0,0,0,0,0,0,0,0,0,0,0,0,0,0,0,0,0
5.922859191894531,9.0,0.0,0.0,-0.0007395148277282715,-0.0001843273639678955,0.0,0.0,0.620558500289917,-0.14510132372379303,0.03,0,0,0,0,0,0,0,0,0,0,0,0,0,0,0,0,0,0,0,0,0
5.924062252044678,9.0,0.0,0.0,-0.0007395148277282715,-0.0001843273639678955,0.0,0.0,0.620558500289917,-0.14510132372379303,0.03,0,0,0,0,0,0,0,0,0,0,0,0,0,0,0,0,0,0,0,0,0
5.9267473220825195,9.0,0.0,0.0,-0.0007416605949401855,-0.00011754035949707031,0.0,0.0,0.6029797792434692,-0.04526454582810402,0.03,0,0,0,0,0,0,0,0,0,0,0,0,0,0,0,0,0,0,0,0,0
5.9286277294158936,9.0,0.0,0.0,-0.0007416605949401855,-0.00011754035949707031,0.0,0.0,0.6029797792434692,-0.04526454582810402,0.03,0,0,0,0,0,0,0,0,0,0,0,0,0,0,0,0,0,0,0,0,0
5.929730415344238,9.0,0.0,0.0,-0.0007416605949401855,-0.00011754035949707031,0.0,0.0,0.6029797792434692,-0.04526454582810402,0.03,0,0,0,0,0,0,0,0,0,0,0,0,0,0,0,0,0,0,0,0,0
5.931164741516113,9.0,0.0,0.0,-0.0007417798042297363,-0.0001640021800994873,0.0,0.0,0.6017006635665894,-0.1323939710855484,0.03,0,0,0,0,0,0,0,0,0,0,0,0,0,0,0,0,0,0,0,0,0
5.9333672523498535,9.0,0.0,0.0,-0.0007414817810058594,-0.00012320280075073242,0.0,0.0,0.5982235074043274,-0.0568886436522007,0.03,0,0,0,0,0,0,0,0,0,0,0,0,0,0,0,0,0,0,0,0,0
5.934434413909912,9.0,0.0,0.0,-0.0007414817810058594,-0.00012320280075073242,0.0,0.0,0.5982235074043274,-0.0568886436522007,0.03,0,0,0,0,0,0,0,0,0,0,0,0,0,0,0,0,0,0,0,0,0
5.935523509979248,9.0,0.0,0.0,-0.0007414817810058594,-0.00012320280075073242,0.0,0.0,0.5982235074043274,-0.0568886436522007,0.03,0,0,0,0,0,0,0,0,0,0,0,0,0,0,0,0,0,0,0,0,0
5.937997102737427,9.0,0.0,0.0,-0.0007414817810058594,-0.00012320280075073242,0.0,0.0,0.5982235074043274,-0.0568886436522007,0.03,0,0,0,0,0,0,0,0,0,0,0,0,0,0,0,0,0,0,0,0,0
5.940114259719849,9.0,0.0,0.0,-0.0007414817810058594,-0.00012320280075073242,0.0,0.0,0.5982235074043274,-0.0568886436522007,0.03,0,0,0,0,0,0,0,0,0,0,0,0,0,0,0,0,0,0,0,0,0
5.9415342807769775,9.0,0.0,0.0,-0.0007414817810058594,-0.00012320280075073242,0.0,0.0,0.5982235074043274,-0.0568886436522007,0.03,0,0,0,0,0,0,0,0,0,0,0,0,0,0,0,0,0,0,0,0,0
5.943228721618652,9.0,0.0,0.0,-0.0007414817810058594,-0.00013011693954467773,0.0,0.0,0.5984163880348206,-0.09210754930973053,0.03,0,0,0,0,0,0,0,0,0,0,0,0,0,0,0,0,0,0,0,0,0
5.945096015930176,9.0,0.0,0.0,-0.0007414817810058594,-0.00013011693954467773,0.0,0.0,0.5984163880348206,-0.09210754930973053,0.03,0,0,0,0,0,0,0,0,0,0,0,0,0,0,0,0,0,0,0,0,0
5.946274995803833,9.0,0.0,0.0,-0.0007414817810058594,-0.00013011693954467773,0.0,0.0,0.5984163880348206,-0.09210754930973053,0.03,0,0,0,0,0,0,0,0,0,0,0,0,0,0,0,0,0,0,0,0,0
5.949557065963745,9.0,0.0,0.0,-0.0007414817810058594,-0.00013011693954467773,0.0,0.0,0.5984163880348206,-0.09210754930973053,0.03,0,0,0,0,0,0,0,0,0,0,0,0,0,0,0,0,0,0,0,0,0
5.950811386108398,9.0,0.0,0.0,-0.0007414817810058594,-0.00013011693954467773,0.0,0.0,0.5984163880348206,-0.09210754930973053,0.03,0,0,0,0,0,0,0,0,0,0,0,0,0,0,0,0,0,0,0,0,0
5.9519124031066895,9.0,0.0,0.0,-0.0007414817810058594,-0.00013011693954467773,0.0,0.0,0.5984163880348206,-0.09210754930973053,0.03,0,0,0,0,0,0,0,0,0,0,0,0,0,0,0,0,0,0,0,0,0
5.953302621841431,9.0,0.0,0.0,-0.0007414817810058594,-0.00013011693954467773,0.0,0.0,0.5984163880348206,-0.09210754930973053,0.03,0,0,0,0,0,0,0,0,0,0,0,0,0,0,0,0,0,0,0,0,0
5.955190896987915,9.0,0.0,0.0,-0.000725865364074707,-0.00013393163681030273,0.0,0.0,0.6019011735916138,-0.058957260102033615,0.03,0,0,0,0,0,0,0,0,0,0,0,0,0,0,0,0,0,0,0,0,0
5.9566428661346436,9.0,0.0,0.0,-0.000725865364074707,-0.00013393163681030273,0.0,0.0,0.6019011735916138,-0.058957260102033615,0.03,0,0,0,0,0,0,0,0,0,0,0,0,0,0,0,0,0,0,0,0,0
5.958024024963379,9.0,0.0,0.0,-0.000725865364074707,-0.00013393163681030273,0.0,0.0,0.6019011735916138,-0.058957260102033615,0.03,0,0,0,0,0,0,0,0,0,0,0,0,0,0,0,0,0,0,0,0,0
5.959386110305786,9.0,0.0,0.0,-0.000725865364074707,-0.00013393163681030273,0.0,0.0,0.6019011735916138,-0.058957260102033615,0.03,0,0,0,0,0,0,0,0,0,0,0,0,0,0,0,0,0,0,0,0,0
5.960474967956543,9.0,0.0,0.0,-0.000725865364074707,-0.00013393163681030273,0.0,0.0,0.6019011735916138,-0.058957260102033615,0.03,0,0,0,0,0,0,0,0,0,0,0,0,0,0,0,0,0,0,0,0,0
5.963384389877319,9.0,0.0,0.0,-0.000725865364074707,-0.00013393163681030273,0.0,0.0,0.6019011735916138,-0.058957260102033615,0.03,0,0,0,0,0,0,0,0,0,0,0,0,0,0,0,0,0,0,0,0,0
5.9646570682525635,9.0,0.0,0.0,-0.000725865364074707,-0.00013393163681030273,0.0,0.0,0.6019011735916138,-0.058957260102033615,0.03,0,0,0,0,0,0,0,0,0,0,0,0,0,0,0,0,0,0,0,0,0
5.965751886367798,9.0,0.0,0.0,-0.000725865364074707,-0.00013393163681030273,0.0,0.0,0.6019011735916138,-0.058957260102033615,0.03,0,0,0,0,0,0,0,0,0,0,0,0,0,0,0,0,0,0,0,0,0
5.966856002807617,9.0,0.0,0.0,-0.000725865364074707,-0.00013393163681030273,0.0,0.0,0.6019011735916138,-0.058957260102033615,0.03,0,0,0,0,0,0,0,0,0,0,0,0,0,0,0,0,0,0,0,0,0
5.96799111366272,9.0,0.0,0.0,-0.000725865364074707,-0.00013393163681030273,0.0,0.0,0.6019011735916138,-0.058957260102033615,0.03,0,0,0,0,0,0,0,0,0,0,0,0,0,0,0,0,0,0,0,0,0
5.969113111495972,9.0,0.0,0.0,-0.000725865364074707,-0.00013393163681030273,0.0,0.0,0.6019011735916138,-0.058957260102033615,0.03,0,0,0,0,0,0,0,0,0,0,0,0,0,0,0,0,0,0,0,0,0
5.970314979553223,9.0,0.0,0.0,-0.000725865364074707,-0.00013393163681030273,0.0,0.0,0.6019011735916138,-0.058957260102033615,0.03,0,0,0,0,0,0,0,0,0,0,0,0,0,0,0,0,0,0,0,0,0
5.97161865234375,9.0,0.0,0.0,-0.000725865364074707,-0.00013393163681030273,0.0,0.0,0.6019011735916138,-0.058957260102033615,0.03,0,0,0,0,0,0,0,0,0,0,0,0,0,0,0,0,0,0,0,0,0
5.973465442657471,9.0,0.0,0.0,-0.000725865364074707,-0.00013393163681030273,0.0,0.0,0.6019011735916138,-0.058957260102033615,0.03,0,0,0,0,0,0,0,0,0,0,0,0,0,0,0,0,0,0,0,0,0
5.975832462310791,9.0,0.0,0.0,-0.000725865364074707,-0.00013393163681030273,0.0,0.0,0.6019011735916138,-0.058957260102033615,0.03,0,0,0,0,0,0,0,0,0,0,0,0,0,0,0,0,0,0,0,0,0
5.977255821228027,9.0,0.0,0.0,-0.000725865364074707,-0.00013393163681030273,0.0,0.0,0.6019011735916138,-0.058957260102033615,0.03,0,0,0,0,0,0,0,0,0,0,0,0,0,0,0,0,0,0,0,0,0
5.98098611831665,9.0,0.0,0.0,-0.0007271766662597656,-9.441375732421875e-05,0.0,0.0,0.5819145441055298,-0.05354689806699753,0.03,0,0,0,0,0,0,0,0,0,0,0,0,0,0,0,0,0,0,0,0,0
5.982673645019531,9.0,0.0,0.0,-0.0007425546646118164,-0.0001144707202911377,0.0,0.0,0.572537899017334,-0.121428944170475,0.03,0,0,0,0,0,0,0,0,0,0,0,0,0,0,0,0,0,0,0,0,0
5.9837400913238525,9.0,0.0,0.0,-0.0007425546646118164,-0.0001144707202911377,0.0,0.0,0.572537899017334,-0.121428944170475,0.03,0,0,0,0,0,0,0,0,0,0,0,0,0,0,0,0,0,0,0,0,0
5.984957218170166,9.0,0.0,0.0,-0.0007221698760986328,-0.00011593103408813477,0.0,0.0,0.5684243440628052,-0.11266830563545227,0.03,0,0,0,0,0,0,0,0,0,0,0,0,0,0,0,0,0,0,0,0,0
5.9870452880859375,9.0,0.0,0.0,-0.0007221698760986328,-0.00011593103408813477,0.0,0.0,0.5684243440628052,-0.11266830563545227,0.03,0,0,0,0,0,0,0,0,0,0,0,0,0,0,0,0,0,0,0,0,0
5.988770961761475,9.0,0.0,0.0,-0.0007221698760986328,-0.00011593103408813477,0.0,0.0,0.5684243440628052,-0.11266830563545227,0.03,0,0,0,0,0,0,0,0,0,0,0,0,0,0,0,0,0,0,0,0,0
5.989858865737915,9.0,0.0,0.0,-0.0007221698760986328,-0.00011593103408813477,0.0,0.0,0.5684243440628052,-0.11266830563545227,0.03,0,0,0,0,0,0,0,0,0,0,0,0,0,0,0,0,0,0,0,0,0
5.991576671600342,9.0,0.0,0.0,-0.0007221698760986328,-0.00011593103408813477,0.0,0.0,0.5684243440628052,-0.11266830563545227,0.03,0,0,0,0,0,0,0,0,0,0,0,0,0,0,0,0,0,0,0,0,0
5.992882251739502,9.0,0.0,0.0,-0.0007221698760986328,-0.00011593103408813477,0.0,0.0,0.5684243440628052,-0.11266830563545227,0.03,0,0,0,0,0,0,0,0,0,0,0,0,0,0,0,0,0,0,0,0,0
5.993984222412109,9.0,0.0,0.0,-0.0007221698760986328,-0.00011593103408813477,0.0,0.0,0.5684243440628052,-0.11266830563545227,0.03,0,0,0,0,0,0,0,0,0,0,0,0,0,0,0,0,0,0,0,0,0
5.995154619216919,9.0,0.0,0.0,-0.0007221698760986328,-0.00011593103408813477,0.0,0.0,0.5684243440628052,-0.11266830563545227,0.03,0,0,0,0,0,0,0,0,0,0,0,0,0,0,0,0,0,0,0,0,0
5.9963061809539795,9.0,0.0,0.0,-0.0007221698760986328,-0.00011593103408813477,0.0,0.0,0.5684243440628052,-0.11266830563545227,0.03,0,0,0,0,0,0,0,0,0,0,0,0,0,0,0,0,0,0,0,0,0
5.997448682785034,9.0,0.0,0.0,-0.0007221698760986328,-0.00011593103408813477,0.0,0.0,0.5684243440628052,-0.11266830563545227,0.03,0,0,0,0,0,0,0,0,0,0,0,0,0,0,0,0,0,0,0,0,0
5.998515605926514,9.0,0.0,0.0,-0.0007221698760986328,-0.00011593103408813477,0.0,0.0,0.5684243440628052,-0.11266830563545227,0.03,0,0,0,0,0,0,0,0,0,0,0,0,0,0,0,0,0,0,0,0,0
6.002022743225098,9.0,0.0,0.0,-0.0007344484329223633,-0.0001436471939086914,0.0,0.0,0.5962488055229187,-0.1108335629105568,0.03,0,0,0,0,0,0,0,0,0,0,0,0,0,0,0,0,0,0,0,0,0
6.005070447921753,9.0,0.0,0.0,-0.0007344484329223633,-0.0001436471939086914,0.0,0.0,0.5962488055229187,-0.1108335629105568,0.03,0,0,0,0,0,0,0,0,0,0,0,0,0,0,0,0,0,0,0,0,0
6.006318092346191,9.0,0.0,0.0,-0.0007344484329223633,-0.0001436471939086914,0.0,0.0,0.5962488055229187,-0.1108335629105568,0.03,0,0,0,0,0,0,0,0,0,0,0,0,0,0,0,0,0,0,0,0,0
6.007692337036133,9.0,0.0,0.0,-0.0007344484329223633,-0.0001436471939086914,0.0,0.0,0.5962488055229187,-0.1108335629105568,0.03,0,0,0,0,0,0,0,0,0,0,0,0,0,0,0,0,0,0,0,0,0
6.00898814201355,9.0,0.0,0.0,-0.0007297396659851074,-0.0001456141471862793,0.0,0.0,0.5754702687263489,-0.08104417473077774,0.03,0,0,0,0,0,0,0,0,0,0,0,0,0,0,0,0,0,0,0,0,0
6.011179208755493,9.0,0.0,0.0,-0.0007280111312866211,-0.0001386404037475586,0.0,0.0,0.574306070804596,-0.07113731652498245,0.03,0,0,0,0,0,0,0,0,0,0,0,0,0,0,0,0,0,0,0,0,0
6.012248754501343,9.0,0.0,0.0,-0.0007374286651611328,-0.00013017654418945312,0.0,0.0,0.6029596924781799,-0.1582045704126358,0.03,0,0,0,0,0,0,0,0,0,0,0,0,0,0,0,0,0,0,0,0,0
6.0138490200042725,9.0,0.0,0.0,-0.0007374286651611328,-0.00013017654418945312,0.0,0.0,0.6029596924781799,-0.1582045704126358,0.03,0,0,0,0,0,0,0,0,0,0,0,0,0,0,0,0,0,0,0,0,0
6.014999866485596,9.0,0.0,0.0,-0.0007374286651611328,-0.00013017654418945312,0.0,0.0,0.6029596924781799,-0.1582045704126358,0.03,0,0,0,0,0,0,0,0,0,0,0,0,0,0,0,0,0,0,0,0,0
6.016105890274048,9.0,0.0,0.0,-0.0007374286651611328,-0.00013017654418945312,0.0,0.0,0.6029596924781799,-0.1582045704126358,0.03,0,0,0,0,0,0,0,0,0,0,0,0,0,0,0,0,0,0,0,0,0
6.0171942710876465,9.0,0.0,0.0,-0.0007374286651611328,-0.00013017654418945312,0.0,0.0,0.6029596924781799,-0.1582045704126358,0.03,0,0,0,0,0,0,0,0,0,0,0,0,0,0,0,0,0,0,0,0,0
6.019790410995483,9.0,0.0,0.0,-0.0007374286651611328,-0.00013017654418945312,0.0,0.0,0.6029596924781799,-0.1582045704126358,0.03,0,0,0,0,0,0,0,0,0,0,0,0,0,0,0,0,0,0,0,0,0
6.020992279052734,9.0,0.0,0.0,-0.0007374286651611328,-0.00013017654418945312,0.0,0.0,0.6029596924781799,-0.1582045704126358,0.03,0,0,0,0,0,0,0,0,0,0,0,0,0,0,0,0,0,0,0,0,0
6.023420810699463,9.0,0.0,0.0,-0.0007374286651611328,-0.00013017654418945312,0.0,0.0,0.6029596924781799,-0.1582045704126358,0.03,0,0,0,0,0,0,0,0,0,0,0,0,0,0,0,0,0,0,0,0,0
6.024744510650635,9.0,0.0,0.0,-0.0007374286651611328,-0.00013017654418945312,0.0,0.0,0.6029596924781799,-0.1582045704126358,0.03,0,0,0,0,0,0,0,0,0,0,0,0,0,0,0,0,0,0,0,0,0
6.025848865509033,9.0,0.0,0.0,-0.0007374286651611328,-0.00013017654418945312,0.0,0.0,0.6029596924781799,-0.1582045704126358,0.03,0,0,0,0,0,0,0,0,0,0,0,0,0,0,0,0,0,0,0,0,0
6.027724027633667,9.0,0.0,0.0,-0.0007374286651611328,-0.00013017654418945312,0.0,0.0,0.6029596924781799,-0.1582045704126358,0.03,0,0,0,0,0,0,0,0,0,0,0,0,0,0,0,0,0,0,0,0,0
6.028804779052734,9.0,0.0,0.0,-0.0007374286651611328,-0.00013017654418945312,0.0,0.0,0.6029596924781799,-0.1582045704126358,0.03,0,0,0,0,0,0,0,0,0,0,0,0,0,0,0,0,0,0,0,0,0
6.030161380767822,9.0,0.0,0.0,-0.0007374286651611328,-0.00013017654418945312,0.0,0.0,0.6029596924781799,-0.1582045704126358,0.03,0,0,0,0,0,0,0,0,0,0,0,0,0,0,0,0,0,0,0,0,0
6.031891345977783,9.0,0.0,0.0,-0.0007374286651611328,-0.00013017654418945312,0.0,0.0,0.6029596924781799,-0.1582045704126358,0.03,0,0,0,0,0,0,0,0,0,0,0,0,0,0,0,0,0,0,0,0,0
6.035102128982544,9.0,0.0,0.0,-0.0007423162460327148,-0.0001500546932220459,0.0,0.0,0.6078717112541199,-0.13076883554458618,0.03,0,0,0,0,0,0,0,0,0,0,0,0,0,0,0,0,0,0,0,0,0
6.036315679550171,9.0,0.0,0.0,-0.0007423162460327148,-0.0001500546932220459,0.0,0.0,0.6078717112541199,-0.13076883554458618,0.03,0,0,0,0,0,0,0,0,0,0,0,0,0,0,0,0,0,0,0,0,0
6.0373854637146,9.0,0.0,0.0,-0.0007423162460327148,-0.0001500546932220459,0.0,0.0,0.6078717112541199,-0.13076883554458618,0.03,0,0,0,0,0,0,0,0,0,0,0,0,0,0,0,0,0,0,0,0,0
6.039346933364868,9.0,0.0,0.0,-0.0007423162460327148,-0.0001500546932220459,0.0,0.0,0.6078717112541199,-0.13076883554458618,0.03,0,0,0,0,0,0,0,0,0,0,0,0,0,0,0,0,0,0,0,0,0
6.04047155380249,9.0,0.0,0.0,-0.0007423162460327148,-0.0001500546932220459,0.0,0.0,0.6078717112541199,-0.13076883554458618,0.03,0,0,0,0,0,0,0,0,0,0,0,0,0,0,0,0,0,0,0,0,0
6.041535139083862,9.0,0.0,0.0,-0.0007423162460327148,-0.0001500546932220459,0.0,0.0,0.6078717112541199,-0.13076883554458618,0.03,0,0,0,0,0,0,0,0,0,0,0,0,0,0,0,0,0,0,0,0,0
6.042761564254761,9.0,0.0,0.0,-0.0007423162460327148,-0.0001500546932220459,0.0,0.0,0.6078717112541199,-0.13076883554458618,0.03,0,0,0,0,0,0,0,0,0,0,0,0,0,0,0,0,0,0,0,0,0
6.0442869663238525,9.0,0.0,0.0,-0.0007387399673461914,-0.0001309514045715332,0.0,0.0,0.5984156131744385,-0.08719776570796967,0.03,0,0,0,0,0,0,0,0,0,0,0,0,0,0,0,0,0,0,0,0,0
6.045976638793945,9.0,0.0,0.0,-0.0007123947143554688,-0.00010588765144348145,0.0,0.0,0.5580403208732605,-0.11251061409711838,0.03,0,0,0,0,0,0,0,0,0,0,0,0,0,0,0,0,0,0,0,0,0
6.047119617462158,9.0,0.0,0.0,-0.0007123947143554688,-0.00010588765144348145,0.0,0.0,0.5580403208732605,-0.11251061409711838,0.03,0,0,0,0,0,0,0,0,0,0,0,0,0,0,0,0,0,0,0,0,0
6.04818320274353,9.0,0.0,0.0,-0.0007123947143554688,-0.00010588765144348145,0.0,0.0,0.5580403208732605,-0.11251061409711838,0.03,0,0,0,0,0,0,0,0,0,0,0,0,0,0,0,0,0,0,0,0,0
6.04926609992981,9.0,0.0,0.0,-0.0007123947143554688,-0.00010588765144348145,0.0,0.0,0.5580403208732605,-0.11251061409711838,0.03,0,0,0,0,0,0,0,0,0,0,0,0,0,0,0,0,0,0,0,0,0
6.050447463989258,9.0,0.0,0.0,-0.0007170438766479492,-0.0001386106014251709,0.0,0.0,0.5929870009422302,-0.17389126121997833,0.03,0,0,0,0,0,0,0,0,0,0,0,0,0,0,0,0,0,0,0,0,0
6.051511764526367,9.0,0.0,0.0,-0.0007170438766479492,-0.0001386106014251709,0.0,0.0,0.5929870009422302,-0.17389126121997833,0.03,0,0,0,0,0,0,0,0,0,0,0,0,0,0,0,0,0,0,0,0,0
6.052944898605347,9.0,0.0,0.0,-0.000729680061340332,-0.00017327070236206055,0.0,0.0,0.6172683238983154,-0.069818414747715,0.03,0,0,0,0,0,0,0,0,0,0,0,0,0,0,0,0,0,0,0,0,0
6.054302215576172,9.0,0.0,0.0,-0.000729680061340332,-0.00017327070236206055,0.0,0.0,0.6172683238983154,-0.069818414747715,0.03,0,0,0,0,0,0,0,0,0,0,0,0,0,0,0,0,0,0,0,0,0
6.055434703826904,9.0,0.0,0.0,-0.0007427334785461426,-0.00011470913887023926,0.0,0.0,0.6148428320884705,-0.1007608100771904,0.03,0,0,0,0,0,0,0,0,0,0,0,0,0,0,0,0,0,0,0,0,0
6.056804895401001,9.0,0.0,0.0,-0.0007427334785461426,-0.00011470913887023926,0.0,0.0,0.6148428320884705,-0.1007608100771904,0.03,0,0,0,0,0,0,0,0,0,0,0,0,0,0,0,0,0,0,0,0,0
6.057957410812378,9.0,0.0,0.0,-0.0007427334785461426,-0.00011470913887023926,0.0,0.0,0.6148428320884705,-0.1007608100771904,0.03,0,0,0,0,0,0,0,0,0,0,0,0,0,0,0,0,0,0,0,0,0
6.0595622062683105,9.0,0.0,0.0,-0.0007427334785461426,-0.00011470913887023926,0.0,0.0,0.6148428320884705,-0.1007608100771904,0.03,0,0,0,0,0,0,0,0,0,0,0,0,0,0,0,0,0,0,0,0,0
6.061068773269653,9.0,0.0,0.0,-0.0007427334785461426,-0.00011470913887023926,0.0,0.0,0.6148428320884705,-0.1007608100771904,0.03,0,0,0,0,0,0,0,0,0,0,0,0,0,0,0,0,0,0,0,0,0
6.063334226608276,9.0,0.0,0.0,-0.0007427334785461426,-0.00011470913887023926,0.0,0.0,0.6148428320884705,-0.1007608100771904,0.03,0,0,0,0,0,0,0,0,0,0,0,0,0,0,0,0,0,0,0,0,0
6.0647876262664795,9.0,0.0,0.0,-0.0007414817810058594,-0.00012287497520446777,0.0,0.0,0.6016973853111267,-0.09875819832086563,0.03,0,0,0,0,0,0,0,0,0,0,0,0,0,0,0,0,0,0,0,0,0
6.066081285476685,9.0,0.0,0.0,-0.0007423162460327148,-0.0001226663589477539,0.0,0.0,0.5974712371826172,-0.09785837680101395,0.03,0,0,0,0,0,0,0,0,0,0,0,0,0,0,0,0,0,0,0,0,0
6.067445278167725,9.0,0.0,0.0,-0.0007423162460327148,-0.0001226663589477539,0.0,0.0,0.5974712371826172,-0.09785837680101395,0.03,0,0,0,0,0,0,0,0,0,0,0,0,0,0,0,0,0,0,0,0,0
6.068871736526489,9.0,0.0,0.0,-0.0007423162460327148,-0.0001226663589477539,0.0,0.0,0.5974712371826172,-0.09785837680101395,0.03,0,0,0,0,0,0,0,0,0,0,0,0,0,0,0,0,0,0,0,0,0
6.069997072219849,9.0,0.0,0.0,-0.0007439851760864258,-0.00014665722846984863,0.0,0.0,0.5993092656135559,-0.14290928840637207,0.03,0,0,0,0,0,0,0,0,0,0,0,0,0,0,0,0,0,0,0,0,0
6.071206331253052,9.0,0.0,0.0,-0.0007439851760864258,-0.00014665722846984863,0.0,0.0,0.5993092656135559,-0.14290928840637207,0.03,0,0,0,0,0,0,0,0,0,0,0,0,0,0,0,0,0,0,0,0,0
6.072391510009766,9.0,0.0,0.0,-0.0007439851760864258,-0.00014665722846984863,0.0,0.0,0.5993092656135559,-0.14290928840637207,0.03,0,0,0,0,0,0,0,0,0,0,0,0,0,0,0,0,0,0,0,0,0
6.073502063751221,9.0,0.0,0.0,-0.0007439851760864258,-0.00014665722846984863,0.0,0.0,0.5993092656135559,-0.14290928840637207,0.03,0,0,0,0,0,0,0,0,0,0,0,0,0,0,0,0,0,0,0,0,0
6.075378894805908,9.0,0.0,0.0,-0.0007439851760864258,-0.00014665722846984863,0.0,0.0,0.5993092656135559,-0.14290928840637207,0.03,0,0,0,0,0,0,0,0,0,0,0,0,0,0,0,0,0,0,0,0,0
6.077366828918457,9.0,0.0,0.0,-0.0007439851760864258,-0.00014665722846984863,0.0,0.0,0.5993092656135559,-0.14290928840637207,0.03,0,0,0,0,0,0,0,0,0,0,0,0,0,0,0,0,0,0,0,0,0
6.079300403594971,9.0,0.0,0.0,-0.0007411837577819824,-0.00018423795700073242,0.0,0.0,0.5956761240959167,-0.19036409258842468,0.03,0,0,0,0,0,0,0,0,0,0,0,0,0,0,0,0,0,0,0,0,0
6.082111597061157,9.0,0.0,0.0,-0.0007367730140686035,-0.00013372302055358887,0.0,0.0,0.6189604997634888,-0.09087242186069489,0.03,0,0,0,0,0,0,0,0,0,0,0,0,0,0,0,0,0,0,0,0,0
6.083413362503052,9.0,0.0,0.0,-0.0007367730140686035,-0.00013372302055358887,0.0,0.0,0.6189604997634888,-0.09087242186069489,0.03,0,0,0,0,0,0,0,0,0,0,0,0,0,0,0,0,0,0,0,0,0
6.0854551792144775,9.0,0.0,0.0,-0.0007367730140686035,-0.00013372302055358887,0.0,0.0,0.6189604997634888,-0.09087242186069489,0.03,0,0,0,0,0,0,0,0,0,0,0,0,0,0,0,0,0,0,0,0,0
6.086661100387573,9.0,0.0,0.0,-0.0007367730140686035,-0.00013372302055358887,0.0,0.0,0.6189604997634888,-0.09087242186069489,0.03,0,0,0,0,0,0,0,0,0,0,0,0,0,0,0,0,0,0,0,0,0
6.087882995605469,9.0,0.0,0.0,-0.0007367730140686035,-0.00013372302055358887,0.0,0.0,0.6189604997634888,-0.09087242186069489,0.03,0,0,0,0,0,0,0,0,0,0,0,0,0,0,0,0,0,0,0,0,0
6.089346647262573,9.0,0.0,0.0,-0.0007367730140686035,-0.00013372302055358887,0.0,0.0,0.6189604997634888,-0.09087242186069489,0.03,0,0,0,0,0,0,0,0,0,0,0,0,0,0,0,0,0,0,0,0,0
6.090749263763428,9.0,0.0,0.0,-0.0007367730140686035,-0.00013372302055358887,0.0,0.0,0.6189604997634888,-0.09087242186069489,0.03,0,0,0,0,0,0,0,0,0,0,0,0,0,0,0,0,0,0,0,0,0
6.093796253204346,9.0,0.0,0.0,-0.0007367730140686035,-0.00013372302055358887,0.0,0.0,0.6189604997634888,-0.09087242186069489,0.03,0,0,0,0,0,0,0,0,0,0,0,0,0,0,0,0,0,0,0,0,0
6.095116138458252,9.0,0.0,0.0,-0.0007367730140686035,-0.00013372302055358887,0.0,0.0,0.6189604997634888,-0.09087242186069489,0.03,0,0,0,0,0,0,0,0,0,0,0,0,0,0,0,0,0,0,0,0,0
6.09769344329834,9.0,0.0,0.0,-0.0007367730140686035,-0.00013372302055358887,0.0,0.0,0.6189604997634888,-0.09087242186069489,0.03,0,0,0,0,0,0,0,0,0,0,0,0,0,0,0,0,0,0,0,0,0
6.098853349685669,9.0,0.0,0.0,-0.0007367730140686035,-0.00013372302055358887,0.0,0.0,0.6189604997634888,-0.09087242186069489,0.03,0,0,0,0,0,0,0,0,0,0,0,0,0,0,0,0,0,0,0,0,0
6.100643634796143,9.0,0.0,0.0,-0.0007367730140686035,-0.00013372302055358887,0.0,0.0,0.6189604997634888,-0.09087242186069489,0.03,0,0,0,0,0,0,0,0,0,0,0,0,0,0,0,0,0,0,0,0,0
6.101960897445679,9.0,0.0,0.0,-0.0007367730140686035,-0.00013372302055358887,0.0,0.0,0.6189604997634888,-0.09087242186069489,0.03,0,0,0,0,0,0,0,0,0,0,0,0,0,0,0,0,0,0,0,0,0
6.103024005889893,9.0,0.0,0.0,-0.0007367730140686035,-0.00013372302055358887,0.0,0.0,0.6189604997634888,-0.09087242186069489,0.03,0,0,0,0,0,0,0,0,0,0,0,0,0,0,0,0,0,0,0,0,0
6.104228973388672,9.0,0.0,0.0,-0.0007367730140686035,-0.00013372302055358887,0.0,0.0,0.6189604997634888,-0.09087242186069489,0.03,0,0,0,0,0,0,0,0,0,0,0,0,0,0,0,0,0,0,0,0,0
6.1073784828186035,9.0,0.0,0.0,-0.0007271170616149902,-0.00012764334678649902,0.0,0.0,0.5846354365348816,-0.08896403759717941,0.03,0,0,0,0,0,0,0,0,0,0,0,0,0,0,0,0,0,0,0,0,0
6.10905385017395,9.0,0.0,0.0,-0.0007189512252807617,-0.00014203786849975586,0.0,0.0,0.5993610620498657,-0.08536998182535172,0.03,0,0,0,0,0,0,0,0,0,0,0,0,0,0,0,0,0,0,0,0,0
6.110171556472778,9.0,0.0,0.0,-0.0007103681564331055,-0.0001093447208404541,0.0,0.0,0.5745150446891785,-0.062252890318632126,0.03,0,0,0,0,0,0,0,0,0,0,0,0,0,0,0,0,0,0,0,0,0
6.111284494400024,9.0,0.0,0.0,-0.0007103681564331055,-0.0001093447208404541,0.0,0.0,0.5745150446891785,-0.062252890318632126,0.03,0,0,0,0,0,0,0,0,0,0,0,0,0,0,0,0,0,0,0,0,0
6.112421989440918,9.0,0.0,0.0,-0.0007103681564331055,-0.0001093447208404541,0.0,0.0,0.5745150446891785,-0.062252890318632126,0.03,0,0,0,0,0,0,0,0,0,0,0,0,0,0,0,0,0,0,0,0,0
6.11367392539978,9.0,0.0,0.0,-0.0007103681564331055,-0.0001093447208404541,0.0,0.0,0.5745150446891785,-0.062252890318632126,0.03,0,0,0,0,0,0,0,0,0,0,0,0,0,0,0,0,0,0,0,0,0
6.1154773235321045,9.0,0.0,0.0,-0.0007406473159790039,-0.00012281537055969238,0.0,0.0,0.6122696399688721,-0.09999213367700577,0.03,0,0,0,0,0,0,0,0,0,0,0,0,0,0,0,0,0,0,0,0,0
6.1175761222839355,9.0,0.0,0.0,-0.0007328987121582031,-0.00012674927711486816,0.0,0.0,0.6016520261764526,-0.09855298697948456,0.03,0,0,0,0,0,0,0,0,0,0,0,0,0,0,0,0,0,0,0,0,0
6.118760347366333,9.0,0.0,0.0,-0.0007328987121582031,-0.00012674927711486816,0.0,0.0,0.6016520261764526,-0.09855298697948456,0.03,0,0,0,0,0,0,0,0,0,0,0,0,0,0,0,0,0,0,0,0,0
6.119898796081543,9.0,0.0,0.0,-0.0007328987121582031,-0.00012674927711486816,0.0,0.0,0.6016520261764526,-0.09855298697948456,0.03,0,0,0,0,0,0,0,0,0,0,0,0,0,0,0,0,0,0,0,0,0
6.120999336242676,9.0,0.0,0.0,-0.0007328987121582031,-0.00012674927711486816,0.0,0.0,0.6016520261764526,-0.09855298697948456,0.03,0,0,0,0,0,0,0,0,0,0,0,0,0,0,0,0,0,0,0,0,0
6.1224095821380615,9.0,0.0,0.0,-0.0007328987121582031,-0.00012674927711486816,0.0,0.0,0.6016520261764526,-0.09855298697948456,0.03,0,0,0,0,0,0,0,0,0,0,0,0,0,0,0,0,0,0,0,0,0
6.1234986782073975,9.0,0.0,0.0,-0.0007328987121582031,-0.00012674927711486816,0.0,0.0,0.6016520261764526,-0.09855298697948456,0.03,0,0,0,0,0,0,0,0,0,0,0,0,0,0,0,0,0,0,0,0,0
6.125355243682861,9.0,0.0,0.0,-0.0007328987121582031,-0.00012674927711486816,0.0,0.0,0.6016520261764526,-0.09855298697948456,0.03,0,0,0,0,0,0,0,0,0,0,0,0,0,0,0,0,0,0,0,0,0
6.126837730407715,9.0,0.0,0.0,-0.0007328987121582031,-0.00012674927711486816,0.0,0.0,0.6016520261764526,-0.09855298697948456,0.03,0,0,0,0,0,0,0,0,0,0,0,0,0,0,0,0,0,0,0,0,0
6.128920793533325,9.0,0.0,0.0,-0.0007419586181640625,-0.00014525651931762695,0.0,0.0,0.6170446872711182,-0.1431952863931656,0.03,0,0,0,0,0,0,0,0,0,0,0,0,0,0,0,0,0,0,0,0,0
6.131633043289185,9.0,0.0,0.0,-0.0007264018058776855,-0.00017178058624267578,0.0,0.0,0.5664699673652649,-0.18133418262004852,0.03,0,0,0,0,0,0,0,0,0,0,0,0,0,0,0,0,0,0,0,0,0
6.133134365081787,9.0,0.0,0.0,-0.0007305145263671875,-0.00011965632438659668,0.0,0.0,0.585420548915863,-0.0626550167798996,0.03,0,0,0,0,0,0,0,0,0,0,0,0,0,0,0,0,0,0,0,0,0
6.13510799407959,9.0,0.0,0.0,-0.0007419586181640625,-0.0001221299171447754,0.0,0.0,0.6065113544464111,-0.09520784765481949,0.03,0,0,0,0,0,0,0,0,0,0,0,0,0,0,0,0,0,0,0,0,0
6.136255264282227,9.0,0.0,0.0,-0.0007419586181640625,-0.0001221299171447754,0.0,0.0,0.6065113544464111,-0.09520784765481949,0.03,0,0,0,0,0,0,0,0,0,0,0,0,0,0,0,0,0,0,0,0,0
6.138203382492065,9.0,0.0,0.0,-0.0007419586181640625,-0.0001221299171447754,0.0,0.0,0.6065113544464111,-0.09520784765481949,0.03,0,0,0,0,0,0,0,0,0,0,0,0,0,0,0,0,0,0,0,0,0
6.139535665512085,9.0,0.0,0.0,-0.0007423758506774902,-0.00012093782424926758,0.0,0.0,0.6099202632904053,-0.1122601181268692,0.03,0,0,0,0,0,0,0,0,0,0,0,0,0,0,0,0,0,0,0,0,0
6.141515254974365,9.0,0.0,0.0,-0.0007415413856506348,-0.00013181567192077637,0.0,0.0,0.6034337878227234,-0.13104715943336487,0.03,0,0,0,0,0,0,0,0,0,0,0,0,0,0,0,0,0,0,0,0,0
6.142618894577026,9.0,0.0,0.0,-0.0007415413856506348,-0.00013181567192077637,0.0,0.0,0.6034337878227234,-0.13104715943336487,0.03,0,0,0,0,0,0,0,0,0,0,0,0,0,0,0,0,0,0,0,0,0
6.145266056060791,9.0,0.0,0.0,-0.0007414817810058594,-0.00014200806617736816,0.0,0.0,0.6023444533348083,-0.16252559423446655,0.03,0,0,0,0,0,0,0,0,0,0,0,0,0,0,0,0,0,0,0,0,0
6.147313594818115,9.0,0.0,0.0,-0.0007413029670715332,-0.0001665353775024414,0.0,0.0,0.6014798283576965,-0.10641737282276154,0.03,0,0,0,0,0,0,0,0,0,0,0,0,0,0,0,0,0,0,0,0,0
6.148412704467773,9.0,0.0,0.0,-0.0007413029670715332,-0.0001665353775024414,0.0,0.0,0.6014798283576965,-0.10641737282276154,0.03,0,0,0,0,0,0,0,0,0,0,0,0,0,0,0,0,0,0,0,0,0
6.150200366973877,9.0,0.0,0.0,-0.00074005126953125,-8.237361907958984e-05,0.0,0.0,0.6021302938461304,-0.013825041241943836,0.03,0,0,0,0,0,0,0,0,0,0,0,0,0,0,0,0,0,0,0,0,0
6.1518166065216064,9.0,0.0,0.0,-0.00074005126953125,-8.237361907958984e-05,0.0,0.0,0.6021302938461304,-0.013825041241943836,0.03,0,0,0,0,0,0,0,0,0,0,0,0,0,0,0,0,0,0,0,0,0
6.152910947799683,9.0,0.0,0.0,-0.00074005126953125,-8.237361907958984e-05,0.0,0.0,0.6021302938461304,-0.013825041241943836,0.03,0,0,0,0,0,0,0,0,0,0,0,0,0,0,0,0,0,0,0,0,0
6.154414415359497,9.0,0.0,0.0,-0.00074005126953125,-8.237361907958984e-05,0.0,0.0,0.6021302938461304,-0.013825041241943836,0.03,0,0,0,0,0,0,0,0,0,0,0,0,0,0,0,0,0,0,0,0,0
6.155630588531494,9.0,0.0,0.0,-0.00074005126953125,-8.237361907958984e-05,0.0,0.0,0.6021302938461304,-0.013825041241943836,0.03,0,0,0,0,0,0,0,0,0,0,0,0,0,0,0,0,0,0,0,0,0
6.156803369522095,9.0,0.0,0.0,-0.00074005126953125,-8.237361907958984e-05,0.0,0.0,0.6021302938461304,-0.013825041241943836,0.03,0,0,0,0,0,0,0,0,0,0,0,0,0,0,0,0,0,0,0,0,0
6.158008813858032,9.0,0.0,0.0,-0.00074005126953125,-8.237361907958984e-05,0.0,0.0,0.6021302938461304,-0.013825041241943836,0.03,0,0,0,0,0,0,0,0,0,0,0,0,0,0,0,0,0,0,0,0,0
6.159281253814697,9.0,0.0,0.0,-0.00074005126953125,-8.237361907958984e-05,0.0,0.0,0.6021302938461304,-0.013825041241943836,0.03,0,0,0,0,0,0,0,0,0,0,0,0,0,0,0,0,0,0,0,0,0
6.1606361865997314,9.0,0.0,0.0,-0.00074005126953125,-8.237361907958984e-05,0.0,0.0,0.6021302938461304,-0.013825041241943836,0.03,0,0,0,0,0,0,0,0,0,0,0,0,0,0,0,0,0,0,0,0,0
6.16190242767334,9.0,0.0,0.0,-0.00074005126953125,-8.237361907958984e-05,0.0,0.0,0.6021302938461304,-0.013825041241943836,0.03,0,0,0,0,0,0,0,0,0,0,0,0,0,0,0,0,0,0,0,0,0
6.163089752197266,9.0,0.0,0.0,-0.00074005126953125,-8.237361907958984e-05,0.0,0.0,0.6021302938461304,-0.013825041241943836,0.03,0,0,0,0,0,0,0,0,0,0,0,0,0,0,0,0,0,0,0,0,0
6.164534330368042,9.0,0.0,0.0,-0.00074005126953125,-8.237361907958984e-05,0.0,0.0,0.6021302938461304,-0.013825041241943836,0.03,0,0,0,0,0,0,0,0,0,0,0,0,0,0,0,0,0,0,0,0,0
6.165637969970703,9.0,0.0,0.0,-0.00074005126953125,-8.237361907958984e-05,0.0,0.0,0.6021302938461304,-0.013825041241943836,0.03,0,0,0,0,0,0,0,0,0,0,0,0,0,0,0,0,0,0,0,0,0
6.1679017543792725,9.0,0.0,0.0,-0.00074005126953125,-8.237361907958984e-05,0.0,0.0,0.6021302938461304,-0.013825041241943836,0.03,0,0,0,0,0,0,0,0,0,0,0,0,0,0,0,0,0,0,0,0,0
6.169006586074829,9.0,0.0,0.0,-0.00074005126953125,-8.237361907958984e-05,0.0,0.0,0.6021302938461304,-0.013825041241943836,0.03,0,0,0,0,0,0,0,0,0,0,0,0,0,0,0,0,0,0,0,0,0
6.170098543167114,9.0,0.0,0.0,-0.00074005126953125,-8.237361907958984e-05,0.0,0.0,0.6021302938461304,-0.013825041241943836,0.03,0,0,0,0,0,0,0,0,0,0,0,0,0,0,0,0,0,0,0,0,0
6.174138784408569,9.0,0.0,0.0,-0.00074005126953125,-8.237361907958984e-05,0.0,0.0,0.6021302938461304,-0.013825041241943836,0.03,0,0,0,0,0,0,0,0,0,0,0,0,0,0,0,0,0,0,0,0,0
6.175977468490601,9.0,0.0,0.0,-0.0007534027099609375,-0.00011628866195678711,0.0,0.0,0.6301578879356384,-0.07283179461956024,0.03,0,0,0,0,0,0,0,0,0,0,0,0,0,0,0,0,0,0,0,0,0
6.1770946979522705,9.0,0.0,0.0,-0.0007534027099609375,-0.00011628866195678711,0.0,0.0,0.6301578879356384,-0.07283179461956024,0.03,0,0,0,0,0,0,0,0,0,0,0,0,0,0,0,0,0,0,0,0,0
6.178293228149414,9.0,0.0,0.0,-0.0007534027099609375,-0.00011628866195678711,0.0,0.0,0.6301578879356384,-0.07283179461956024,0.03,0,0,0,0,0,0,0,0,0,0,0,0,0,0,0,0,0,0,0,0,0
6.179720640182495,9.0,0.0,0.0,-0.0007534027099609375,-0.00011628866195678711,0.0,0.0,0.6301578879356384,-0.07283179461956024,0.03,0,0,0,0,0,0,0,0,0,0,0,0,0,0,0,0,0,0,0,0,0
6.181511163711548,9.0,0.0,0.0,-0.0007534027099609375,-0.00011628866195678711,0.0,0.0,0.6301578879356384,-0.07283179461956024,0.03,0,0,0,0,0,0,0,0,0,0,0,0,0,0,0,0,0,0,0,0,0
6.183778285980225,9.0,0.0,0.0,-0.0007351040840148926,-0.00012195110321044922,0.0,0.0,0.6008690595626831,-0.11087621748447418,0.03,0,0,0,0,0,0,0,0,0,0,0,0,0,0,0,0,0,0,0,0,0
6.186023473739624,9.0,0.0,0.0,-0.0007351040840148926,-0.00012195110321044922,0.0,0.0,0.6008690595626831,-0.11087621748447418,0.03,0,0,0,0,0,0,0,0,0,0,0,0,0,0,0,0,0,0,0,0,0
6.18747091293335,9.0,0.0,0.0,-0.0007351040840148926,-0.00012195110321044922,0.0,0.0,0.6008690595626831,-0.11087621748447418,0.03,0,0,0,0,0,0,0,0,0,0,0,0,0,0,0,0,0,0,0,0,0
6.188725709915161,9.0,0.0,0.0,-0.0007351040840148926,-0.00012195110321044922,0.0,0.0,0.6008690595626831,-0.11087621748447418,0.03,0,0,0,0,0,0,0,0,0,0,0,0,0,0,0,0,0,0,0,0,0
6.190469980239868,9.0,0.0,0.0,-0.0007351040840148926,-0.00012195110321044922,0.0,0.0,0.6008690595626831,-0.11087621748447418,0.03,0,0,0,0,0,0,0,0,0,0,0,0,0,0,0,0,0,0,0,0,0
6.191776514053345,9.0,0.0,0.0,-0.0007351040840148926,-0.00012195110321044922,0.0,0.0,0.6008690595626831,-0.11087621748447418,0.03,0,0,0,0,0,0,0,0,0,0,0,0,0,0,0,0,0,0,0,0,0
6.19292426109314,9.0,0.0,0.0,-0.0007351040840148926,-0.00012195110321044922,0.0,0.0,0.6008690595626831,-0.11087621748447418,0.03,0,0,0,0,0,0,0,0,0,0,0,0,0,0,0,0,0,0,0,0,0
6.194287538528442,9.0,0.0,0.0,-0.0007351040840148926,-0.00012195110321044922,0.0,0.0,0.6008690595626831,-0.11087621748447418,0.03,0,0,0,0,0,0,0,0,0,0,0,0,0,0,0,0,0,0,0,0,0
6.1954145431518555,9.0,0.0,0.0,-0.0007351040840148926,-0.00012195110321044922,0.0,0.0,0.6008690595626831,-0.11087621748447418,0.03,0,0,0,0,0,0,0,0,0,0,0,0,0,0,0,0,0,0,0,0,0
6.196680545806885,9.0,0.0,0.0,-0.0007351040840148926,-0.00012195110321044922,0.0,0.0,0.6008690595626831,-0.11087621748447418,0.03,0,0,0,0,0,0,0,0,0,0,0,0,0,0,0,0,0,0,0,0,0
6.197977781295776,9.0,0.0,0.0,-0.0007351040840148926,-0.00012195110321044922,0.0,0.0,0.6008690595626831,-0.11087621748447418,0.03,0,0,0,0,0,0,0,0,0,0,0,0,0,0,0,0,0,0,0,0,0
6.199081897735596,9.0,0.0,0.0,-0.0007351040840148926,-0.00012195110321044922,0.0,0.0,0.6008690595626831,-0.11087621748447418,0.03,0,0,0,0,0,0,0,0,0,0,0,0,0,0,0,0,0,0,0,0,0
6.200212717056274,9.0,0.0,0.0,-0.0007351040840148926,-0.00012195110321044922,0.0,0.0,0.6008690595626831,-0.11087621748447418,0.03,0,0,0,0,0,0,0,0,0,0,0,0,0,0,0,0,0,0,0,0,0
6.202834367752075,9.0,0.0,0.0,-0.0007413625717163086,-0.00013846158981323242,0.0,0.0,0.6029086709022522,-0.014852670021355152,0.03,0,0,0,0,0,0,0,0,0,0,0,0,0,0,0,0,0,0,0,0,0
6.204030990600586,9.0,0.0,0.0,-0.0007408261299133301,-6.48200511932373e-05,0.0,0.0,0.6055906414985657,-0.045103348791599274,0.03,0,0,0,0,0,0,0,0,0,0,0,0,0,0,0,0,0,0,0,0,0
6.205226182937622,9.0,0.0,0.0,-0.0007408261299133301,-6.48200511932373e-05,0.0,0.0,0.6055906414985657,-0.045103348791599274,0.03,0,0,0,0,0,0,0,0,0,0,0,0,0,0,0,0,0,0,0,0,0
6.206870079040527,9.0,0.0,0.0,-0.0007408261299133301,-6.48200511932373e-05,0.0,0.0,0.6055906414985657,-0.045103348791599274,0.03,0,0,0,0,0,0,0,0,0,0,0,0,0,0,0,0,0,0,0,0,0
6.2096266746521,9.0,0.0,0.0,-0.0007408261299133301,-6.48200511932373e-05,0.0,0.0,0.6055906414985657,-0.045103348791599274,0.03,0,0,0,0,0,0,0,0,0,0,0,0,0,0,0,0,0,0,0,0,0
6.211604833602905,9.0,0.0,0.0,-0.0006821751594543457,-0.00017598271369934082,0.0,0.0,0.5121490955352783,-0.16511692106723785,0.03,0,0,0,0,0,0,0,0,0,0,0,0,0,0,0,0,0,0,0,0,0
6.212717056274414,9.0,0.0,0.0,-0.0006821751594543457,-0.00017598271369934082,0.0,0.0,0.5121490955352783,-0.16511692106723785,0.03,0,0,0,0,0,0,0,0,0,0,0,0,0,0,0,0,0,0,0,0,0
6.214126110076904,9.0,0.0,0.0,-0.0006821751594543457,-0.00017598271369934082,0.0,0.0,0.5121490955352783,-0.16511692106723785,0.03,0,0,0,0,0,0,0,0,0,0,0,0,0,0,0,0,0,0,0,0,0
6.215807199478149,9.0,0.0,0.0,-0.0006821751594543457,-0.00017598271369934082,0.0,0.0,0.5121490955352783,-0.16511692106723785,0.03,0,0,0,0,0,0,0,0,0,0,0,0,0,0,0,0,0,0,0,0,0
6.216950178146362,9.0,0.0,0.0,-0.0006821751594543457,-0.00017598271369934082,0.0,0.0,0.5121490955352783,-0.16511692106723785,0.03,0,0,0,0,0,0,0,0,0,0,0,0,0,0,0,0,0,0,0,0,0
6.218075752258301,9.0,0.0,0.0,-0.0006821751594543457,-0.00017598271369934082,0.0,0.0,0.5121490955352783,-0.16511692106723785,0.03,0,0,0,0,0,0,0,0,0,0,0,0,0,0,0,0,0,0,0,0,0
6.2194318771362305,9.0,0.0,0.0,-0.0006821751594543457,-0.00017598271369934082,0.0,0.0,0.5121490955352783,-0.16511692106723785,0.03,0,0,0,0,0,0,0,0,0,0,0,0,0,0,0,0,0,0,0,0,0
6.221107006072998,9.0,0.0,0.0,-0.0006821751594543457,-0.00017598271369934082,0.0,0.0,0.5121490955352783,-0.16511692106723785,0.03,0,0,0,0,0,0,0,0,0,0,0,0,0,0,0,0,0,0,0,0,0
6.222337245941162,9.0,0.0,0.0,-0.0006821751594543457,-0.00017598271369934082,0.0,0.0,0.5121490955352783,-0.16511692106723785,0.03,0,0,0,0,0,0,0,0,0,0,0,0,0,0,0,0,0,0,0,0,0
6.223431587219238,9.0,0.0,0.0,-0.0006821751594543457,-0.00017598271369934082,0.0,0.0,0.5121490955352783,-0.16511692106723785,0.03,0,0,0,0,0,0,0,0,0,0,0,0,0,0,0,0,0,0,0,0,0
6.224501609802246,9.0,0.0,0.0,-0.0006821751594543457,-0.00017598271369934082,0.0,0.0,0.5121490955352783,-0.16511692106723785,0.03,0,0,0,0,0,0,0,0,0,0,0,0,0,0,0,0,0,0,0,0,0
6.225620746612549,9.0,0.0,0.0,-0.0006821751594543457,-0.00017598271369934082,0.0,0.0,0.5121490955352783,-0.16511692106723785,0.03,0,0,0,0,0,0,0,0,0,0,0,0,0,0,0,0,0,0,0,0,0
6.226814270019531,9.0,0.0,0.0,-0.0006821751594543457,-0.00017598271369934082,0.0,0.0,0.5121490955352783,-0.16511692106723785,0.03,0,0,0,0,0,0,0,0,0,0,0,0,0,0,0,0,0,0,0,0,0
6.22920298576355,9.0,0.0,0.0,-0.0006821751594543457,-0.00017598271369934082,0.0,0.0,0.5121490955352783,-0.16511692106723785,0.03,0,0,0,0,0,0,0,0,0,0,0,0,0,0,0,0,0,0,0,0,0
6.230627775192261,9.0,0.0,0.0,-0.0006821751594543457,-0.00017598271369934082,0.0,0.0,0.5121490955352783,-0.16511692106723785,0.03,0,0,0,0,0,0,0,0,0,0,0,0,0,0,0,0,0,0,0,0,0
6.231764793395996,9.0,0.0,0.0,-0.0006821751594543457,-0.00017598271369934082,0.0,0.0,0.5121490955352783,-0.16511692106723785,0.03,0,0,0,0,0,0,0,0,0,0,0,0,0,0,0,0,0,0,0,0,0
6.232927083969116,9.0,0.0,0.0,-0.0006821751594543457,-0.00017598271369934082,0.0,0.0,0.5121490955352783,-0.16511692106723785,0.03,0,0,0,0,0,0,0,0,0,0,0,0,0,0,0,0,0,0,0,0,0
6.234417200088501,9.0,0.0,0.0,-0.0006821751594543457,-0.00017598271369934082,0.0,0.0,0.5121490955352783,-0.16511692106723785,0.03,0,0,0,0,0,0,0,0,0,0,0,0,0,0,0,0,0,0,0,0,0
6.235684394836426,9.0,0.0,0.0,-0.0006821751594543457,-0.00017598271369934082,0.0,0.0,0.5121490955352783,-0.16511692106723785,0.03,0,0,0,0,0,0,0,0,0,0,0,0,0,0,0,0,0,0,0,0,0
6.236958026885986,9.0,0.0,0.0,-0.0006821751594543457,-0.00017598271369934082,0.0,0.0,0.5121490955352783,-0.16511692106723785,0.03,0,0,0,0,0,0,0,0,0,0,0,0,0,0,0,0,0,0,0,0,0
6.238852262496948,9.0,0.0,0.0,-0.0007231235504150391,-8.463859558105469e-05,0.0,0.0,0.5963257551193237,-0.02793566882610321,0.03,0,0,0,0,0,0,0,0,0,0,0,0,0,0,0,0,0,0,0,0,0
6.240752458572388,9.0,0.0,0.0,-0.000710606575012207,-0.00011983513832092285,0.0,0.0,0.5881141424179077,-0.06454622000455856,0.03,0,0,0,0,0,0,0,0,0,0,0,0,0,0,0,0,0,0,0,0,0
6.241925954818726,9.0,0.0,0.0,-0.0007202625274658203,-6.058812141418457e-05,0.0,0.0,0.6104364991188049,0.03310779482126236,0.03,0,0,0,0,0,0,0,0,0,0,0,0,0,0,0,0,0,0,0,0,0
6.243038654327393,9.0,0.0,0.0,-0.0007202625274658203,-6.058812141418457e-05,0.0,0.0,0.6104364991188049,0.03310779482126236,0.03,0,0,0,0,0,0,0,0,0,0,0,0,0,0,0,0,0,0,0,0,0
6.244848012924194,9.0,0.0,0.0,-0.0007202625274658203,-6.058812141418457e-05,0.0,0.0,0.6104364991188049,0.03310779482126236,0.03,0,0,0,0,0,0,0,0,0,0,0,0,0,0,0,0,0,0,0,0,0
6.245927095413208,9.0,0.0,0.0,-0.0007202625274658203,-6.058812141418457e-05,0.0,0.0,0.6104364991188049,0.03310779482126236,0.03,0,0,0,0,0,0,0,0,0,0,0,0,0,0,0,0,0,0,0,0,0
6.2510600090026855,9.0,0.0,0.0,-0.0006875991821289062,-0.00016111135482788086,0.0,0.0,0.509506344795227,-0.23823367059230804,0.03,0,0,0,0,0,0,0,0,0,0,0,0,0,0,0,0,0,0,0,0,0
6.252665996551514,9.0,0.0,0.0,-0.0006875991821289062,-0.00016111135482788086,0.0,0.0,0.509506344795227,-0.23823367059230804,0.03,0,0,0,0,0,0,0,0,0,0,0,0,0,0,0,0,0,0,0,0,0
6.254694938659668,9.0,0.0,0.0,-0.0006875991821289062,-0.00016111135482788086,0.0,0.0,0.509506344795227,-0.23823367059230804,0.03,0,0,0,0,0,0,0,0,0,0,0,0,0,0,0,0,0,0,0,0,0
6.258399486541748,9.0,0.0,0.0,-0.0007273554801940918,-9.369850158691406e-05,0.0,0.0,0.5935052633285522,-0.15566779673099518,0.03,0,0,0,0,0,0,0,0,0,0,0,0,0,0,0,0,0,0,0,0,0
6.259798049926758,9.0,0.0,0.0,-0.0007273554801940918,-9.369850158691406e-05,0.0,0.0,0.5935052633285522,-0.15566779673099518,0.03,0,0,0,0,0,0,0,0,0,0,0,0,0,0,0,0,0,0,0,0,0
6.26117205619812,9.0,0.0,0.0,-0.0007273554801940918,-9.369850158691406e-05,0.0,0.0,0.5935052633285522,-0.15566779673099518,0.03,0,0,0,0,0,0,0,0,0,0,0,0,0,0,0,0,0,0,0,0,0
6.262328147888184,9.0,0.0,0.0,-0.0007273554801940918,-9.369850158691406e-05,0.0,0.0,0.5935052633285522,-0.15566779673099518,0.03,0,0,0,0,0,0,0,0,0,0,0,0,0,0,0,0,0,0,0,0,0
6.265044927597046,9.0,0.0,0.0,-0.0006955265998840332,-0.00017571449279785156,0.0,0.0,0.5411823391914368,-0.04591364786028862,0.03,0,0,0,0,0,0,0,0,0,0,0,0,0,0,0,0,0,0,0,0,0
6.266700267791748,9.0,0.0,0.0,-0.0006955265998840332,-0.00017571449279785156,0.0,0.0,0.5411823391914368,-0.04591364786028862,0.03,0,0,0,0,0,0,0,0,0,0,0,0,0,0,0,0,0,0,0,0,0
6.2679219245910645,9.0,0.0,0.0,-0.0007303953170776367,-5.4836273193359375e-05,0.0,0.0,0.6042191982269287,-0.24788305163383484,0.03,0,0,0,0,0,0,0,0,0,0,0,0,0,0,0,0,0,0,0,0,0
6.2690699100494385,9.0,0.0,0.0,-0.0007303953170776367,-5.4836273193359375e-05,0.0,0.0,0.6042191982269287,-0.24788305163383484,0.03,0,0,0,0,0,0,0,0,0,0,0,0,0,0,0,0,0,0,0,0,0
6.270841121673584,9.0,0.0,0.0,-0.0007303953170776367,-5.4836273193359375e-05,0.0,0.0,0.6042191982269287,-0.24788305163383484,0.03,0,0,0,0,0,0,0,0,0,0,0,0,0,0,0,0,0,0,0,0,0
6.2723424434661865,9.0,0.0,0.0,-0.000728905200958252,-0.0001627802848815918,0.0,0.0,0.6022420525550842,-0.417623370885849,0.03,0,0,0,0,0,0,0,0,0,0,0,0,0,0,0,0,0,0,0,0,0
6.273432016372681,9.0,0.0,0.0,-0.0007341504096984863,-0.00032907724380493164,0.0,0.0,0.6094754338264465,-0.20622166991233826,0.03,0,0,0,0,0,0,0,0,0,0,0,0,0,0,0,0,0,0,0,0,0
6.274625539779663,9.0,0.0,0.0,-0.0007341504096984863,-0.00032907724380493164,0.0,0.0,0.6094754338264465,-0.20622166991233826,0.03,0,0,0,0,0,0,0,0,0,0,0,0,0,0,0,0,0,0,0,0,0
6.276017665863037,9.0,0.0,0.0,-0.0007308721542358398,-0.00012353062629699707,0.0,0.0,0.5910969972610474,0.23805107176303864,0.03,0,0,0,0,0,0,0,0,0,0,0,0,0,0,0,0,0,0,0,0,0
6.277121067047119,9.0,0.0,0.0,-0.0007308721542358398,-0.00012353062629699707,0.0,0.0,0.5910969972610474,0.23805107176303864,0.03,0,0,0,0,0,0,0,0,0,0,0,0,0,0,0,0,0,0,0,0,0
6.278444290161133,9.0,0.0,0.0,-0.0007308721542358398,-0.00012353062629699707,0.0,0.0,0.5910969972610474,0.23805107176303864,0.03,0,0,0,0,0,0,0,0,0,0,0,0,0,0,0,0,0,0,0,0,0
6.27953577041626,9.0,0.0,0.0,-0.0007308721542358398,-0.00012353062629699707,0.0,0.0,0.5910969972610474,0.23805107176303864,0.03,0,0,0,0,0,0,0,0,0,0,0,0,0,0,0,0,0,0,0,0,0
6.280730724334717,9.0,0.0,0.0,-0.0007308721542358398,-0.00012353062629699707,0.0,0.0,0.5910969972610474,0.23805107176303864,0.03,0,0,0,0,0,0,0,0,0,0,0,0,0,0,0,0,0,0,0,0,0
6.28200888633728,9.0,0.0,0.0,-0.0007308721542358398,-0.00012353062629699707,0.0,0.0,0.5910969972610474,0.23805107176303864,0.03,0,0,0,0,0,0,0,0,0,0,0,0,0,0,0,0,0,0,0,0,0
6.284047365188599,9.0,0.0,0.0,-0.0007308721542358398,-0.00012353062629699707,0.0,0.0,0.5910969972610474,0.23805107176303864,0.03,0,0,0,0,0,0,0,0,0,0,0,0,0,0,0,0,0,0,0,0,0
6.285769939422607,9.0,0.0,0.0,-0.0007308721542358398,-0.00012353062629699707,0.0,0.0,0.5910969972610474,0.23805107176303864,0.03,0,0,0,0,0,0,0,0,0,0,0,0,0,0,0,0,0,0,0,0,0
6.2869720458984375,9.0,0.0,0.0,-0.0007308721542358398,-0.00012353062629699707,0.0,0.0,0.5910969972610474,0.23805107176303864,0.03,0,0,0,0,0,0,0,0,0,0,0,0,0,0,0,0,0,0,0,0,0
6.288840293884277,9.0,0.0,0.0,-0.0007308721542358398,-0.00012353062629699707,0.0,0.0,0.5910969972610474,0.23805107176303864,0.03,0,0,0,0,0,0,0,0,0,0,0,0,0,0,0,0,0,0,0,0,0
6.2899489402771,9.0,0.0,0.0,-0.0007308721542358398,-0.00012353062629699707,0.0,0.0,0.5910969972610474,0.23805107176303864,0.03,0,0,0,0,0,0,0,0,0,0,0,0,0,0,0,0,0,0,0,0,0
6.292431354522705,9.0,0.0,0.0,-0.0007439255714416504,2.1278858184814453e-05,0.0,0.0,0.635644257068634,0.10037261992692947,0.03,0,0,0,0,0,0,0,0,0,0,0,0,0,0,0,0,0,0,0,0,0
6.293884515762329,9.0,0.0,0.0,-0.0007439255714416504,2.1278858184814453e-05,0.0,0.0,0.635644257068634,0.10037261992692947,0.03,0,0,0,0,0,0,0,0,0,0,0,0,0,0,0,0,0,0,0,0,0
6.295315504074097,9.0,0.0,0.0,-0.0007439255714416504,2.1278858184814453e-05,0.0,0.0,0.635644257068634,0.10037261992692947,0.03,0,0,0,0,0,0,0,0,0,0,0,0,0,0,0,0,0,0,0,0,0
6.296680927276611,9.0,0.0,0.0,-0.0007421970367431641,1.7881393432617188e-07,0.0,0.0,0.6114206910133362,-0.022661812603473663,0.03,0,0,0,0,0,0,0,0,0,0,0,0,0,0,0,0,0,0,0,0,0
6.29799747467041,9.0,0.0,0.0,-0.0007421970367431641,1.7881393432617188e-07,0.0,0.0,0.6114206910133362,-0.022661812603473663,0.03,0,0,0,0,0,0,0,0,0,0,0,0,0,0,0,0,0,0,0,0,0
6.299085855484009,9.0,0.0,0.0,-0.0007421970367431641,1.7881393432617188e-07,0.0,0.0,0.6114206910133362,-0.022661812603473663,0.03,0,0,0,0,0,0,0,0,0,0,0,0,0,0,0,0,0,0,0,0,0
6.300180673599243,9.0,0.0,0.0,-0.0007421970367431641,1.7881393432617188e-07,0.0,0.0,0.6114206910133362,-0.022661812603473663,0.03,0,0,0,0,0,0,0,0,0,0,0,0,0,0,0,0,0,0,0,0,0
6.301359415054321,9.0,0.0,0.0,-0.0007421970367431641,1.7881393432617188e-07,0.0,0.0,0.6114206910133362,-0.022661812603473663,0.03,0,0,0,0,0,0,0,0,0,0,0,0,0,0,0,0,0,0,0,0,0
6.3025336265563965,9.0,0.0,0.0,-0.0007421970367431641,1.7881393432617188e-07,0.0,0.0,0.6114206910133362,-0.022661812603473663,0.03,0,0,0,0,0,0,0,0,0,0,0,0,0,0,0,0,0,0,0,0,0
6.304375648498535,9.0,0.0,0.0,-0.0007421970367431641,1.7881393432617188e-07,0.0,0.0,0.6114206910133362,-0.022661812603473663,0.03,0,0,0,0,0,0,0,0,0,0,0,0,0,0,0,0,0,0,0,0,0
6.305651426315308,9.0,0.0,0.0,-0.0007421970367431641,1.7881393432617188e-07,0.0,0.0,0.6114206910133362,-0.022661812603473663,0.03,0,0,0,0,0,0,0,0,0,0,0,0,0,0,0,0,0,0,0,0,0
6.307284116744995,9.0,0.0,0.0,-0.0007465481758117676,-2.86102294921875e-06,0.0,0.0,0.6133390069007874,0.04117101430892944,0.03,0,0,0,0,0,0,0,0,0,0,0,0,0,0,0,0,0,0,0,0,0
6.309615612030029,9.0,0.0,0.0,-0.0007417798042297363,8.940696716308594e-07,0.0,0.0,0.6158835291862488,-0.021361637860536575,0.03,0,0,0,0,0,0,0,0,0,0,0,0,0,0,0,0,0,0,0,0,0
6.31087589263916,9.0,0.0,0.0,-0.0007417798042297363,8.940696716308594e-07,0.0,0.0,0.6158835291862488,-0.021361637860536575,0.03,0,0,0,0,0,0,0,0,0,0,0,0,0,0,0,0,0,0,0,0,0
6.312399387359619,9.0,0.0,0.0,-0.0007417798042297363,8.940696716308594e-07,0.0,0.0,0.6158835291862488,-0.021361637860536575,0.03,0,0,0,0,0,0,0,0,0,0,0,0,0,0,0,0,0,0,0,0,0
6.315571308135986,9.0,0.0,0.0,-0.0007423758506774902,-2.664327621459961e-05,0.0,0.0,0.61831134557724,-0.11472183465957642,0.03,0,0,0,0,0,0,0,0,0,0,0,0,0,0,0,0,0,0,0,0,0
6.31693434715271,9.0,0.0,0.0,-0.0007423758506774902,-2.664327621459961e-05,0.0,0.0,0.61831134557724,-0.11472183465957642,0.03,0,0,0,0,0,0,0,0,0,0,0,0,0,0,0,0,0,0,0,0,0
6.318350791931152,9.0,0.0,0.0,-0.0007423758506774902,-2.664327621459961e-05,0.0,0.0,0.61831134557724,-0.11472183465957642,0.03,0,0,0,0,0,0,0,0,0,0,0,0,0,0,0,0,0,0,0,0,0
6.3205671310424805,9.0,0.0,0.0,-0.0007423758506774902,-2.664327621459961e-05,0.0,0.0,0.61831134557724,-0.11472183465957642,0.03,0,0,0,0,0,0,0,0,0,0,0,0,0,0,0,0,0,0,0,0,0
6.322116851806641,9.0,0.0,0.0,-0.0007423758506774902,-2.664327621459961e-05,0.0,0.0,0.61831134557724,-0.11472183465957642,0.03,0,0,0,0,0,0,0,0,0,0,0,0,0,0,0,0,0,0,0,0,0
6.3261399269104,9.0,0.0,0.0,-0.0007420778274536133,-6.318092346191406e-05,0.0,0.0,0.6166244149208069,-0.09858136624097824,0.03,0,0,0,0,0,0,0,0,0,0,0,0,0,0,0,0,0,0,0,0,0
6.328237533569336,9.0,0.0,0.0,-0.0007422566413879395,-3.477931022644043e-05,0.0,0.0,0.6024155616760254,-0.04030269756913185,0.03,0,0,0,0,0,0,0,0,0,0,0,0,0,0,0,0,0,0,0,0,0
6.330219745635986,9.0,0.0,0.0,-0.0007410645484924316,-5.8591365814208984e-05,0.0,0.0,0.6011843085289001,-0.08520133048295975,0.03,0,0,0,0,0,0,0,0,0,0,0,0,0,0,0,0,0,0,0,0,0
6.332919597625732,9.0,0.0,0.0,-0.0007410049438476562,-6.16610050201416e-05,0.0,0.0,0.6024519801139832,-0.07779822498559952,0.03,0,0,0,0,0,0,0,0,0,0,0,0,0,0,0,0,0,0,0,0,0
6.334240674972534,9.0,0.0,0.0,-0.0007001757621765137,-6.237626075744629e-05,0.0,0.0,0.6083983182907104,-0.057239651679992676,0.03,0,0,0,0,0,0,0,0,0,0,0,0,0,0,0,0,0,0,0,0,0
6.336151838302612,9.0,0.0,0.0,-0.0007102489471435547,-5.9217214584350586e-05,0.0,0.0,0.5228583216667175,-0.018476827070116997,0.03,0,0,0,0,0,0,0,0,0,0,0,0,0,0,0,0,0,0,0,0,0
6.337575197219849,9.0,0.0,0.0,-0.0007102489471435547,-5.9217214584350586e-05,0.0,0.0,0.5228583216667175,-0.018476827070116997,0.03,0,0,0,0,0,0,0,0,0,0,0,0,0,0,0,0,0,0,0,0,0
6.34019660949707,9.0,0.0,0.0,-0.0007390379905700684,-6.55055046081543e-05,0.0,0.0,0.6048710346221924,-0.07668908685445786,0.03,0,0,0,0,0,0,0,0,0,0,0,0,0,0,0,0,0,0,0,0,0
6.343357086181641,9.0,0.0,0.0,-0.0007423162460327148,-6.428360939025879e-05,0.0,0.0,0.6177884340286255,-0.0665917843580246,0.03,0,0,0,0,0,0,0,0,0,0,0,0,0,0,0,0,0,0,0,0,0
6.344427585601807,9.0,0.0,0.0,-0.0007423162460327148,-6.428360939025879e-05,0.0,0.0,0.6177884340286255,-0.0665917843580246,0.03,0,0,0,0,0,0,0,0,0,0,0,0,0,0,0,0,0,0,0,0,0
6.345566034317017,9.0,0.0,0.0,-0.0007423162460327148,-6.428360939025879e-05,0.0,0.0,0.6177884340286255,-0.0665917843580246,0.03,0,0,0,0,0,0,0,0,0,0,0,0,0,0,0,0,0,0,0,0,0
6.346708297729492,9.0,0.0,0.0,-0.0007423162460327148,-6.428360939025879e-05,0.0,0.0,0.6177884340286255,-0.0665917843580246,0.03,0,0,0,0,0,0,0,0,0,0,0,0,0,0,0,0,0,0,0,0,0
6.347894668579102,9.0,0.0,0.0,-0.0007423162460327148,-6.428360939025879e-05,0.0,0.0,0.6177884340286255,-0.0665917843580246,0.03,0,0,0,0,0,0,0,0,0,0,0,0,0,0,0,0,0,0,0,0,0
6.348975658416748,9.0,0.0,0.0,-0.0007423162460327148,-6.428360939025879e-05,0.0,0.0,0.6177884340286255,-0.0665917843580246,0.03,0,0,0,0,0,0,0,0,0,0,0,0,0,0,0,0,0,0,0,0,0
6.35109806060791,9.0,0.0,0.0,-0.0007201433181762695,-3.090500831604004e-05,0.0,0.0,0.5743189454078674,-0.08791615068912506,0.03,0,0,0,0,0,0,0,0,0,0,0,0,0,0,0,0,0,0,0,0,0
6.35219144821167,9.0,0.0,0.0,-0.0007201433181762695,-3.090500831604004e-05,0.0,0.0,0.5743189454078674,-0.08791615068912506,0.03,0,0,0,0,0,0,0,0,0,0,0,0,0,0,0,0,0,0,0,0,0
6.353322505950928,9.0,0.0,0.0,-0.0007201433181762695,-3.090500831604004e-05,0.0,0.0,0.5743189454078674,-0.08791615068912506,0.03,0,0,0,0,0,0,0,0,0,0,0,0,0,0,0,0,0,0,0,0,0
6.35509729385376,9.0,0.0,0.0,-0.0007352232933044434,-6.097555160522461e-05,0.0,0.0,0.6160392761230469,-0.04678719490766525,0.03,0,0,0,0,0,0,0,0,0,0,0,0,0,0,0,0,0,0,0,0,0
6.356398105621338,9.0,0.0,0.0,-0.0007427334785461426,-3.355741500854492e-05,0.0,0.0,0.6178261637687683,0.01310901902616024,0.03,0,0,0,0,0,0,0,0,0,0,0,0,0,0,0,0,0,0,0,0,0
6.35755467414856,9.0,0.0,0.0,-0.0007417201995849609,4.32133674621582e-06,0.0,0.0,0.6089980602264404,0.036591555923223495,0.03,0,0,0,0,0,0,0,0,0,0,0,0,0,0,0,0,0,0,0,0,0
6.3586180210113525,9.0,0.0,0.0,-0.0007417201995849609,4.32133674621582e-06,0.0,0.0,0.6089980602264404,0.036591555923223495,0.03,0,0,0,0,0,0,0,0,0,0,0,0,0,0,0,0,0,0,0,0,0
6.3597025871276855,9.0,0.0,0.0,-0.0007417201995849609,4.32133674621582e-06,0.0,0.0,0.6089980602264404,0.036591555923223495,0.03,0,0,0,0,0,0,0,0,0,0,0,0,0,0,0,0,0,0,0,0,0
6.361145496368408,9.0,0.0,0.0,-0.0007417201995849609,4.32133674621582e-06,0.0,0.0,0.6089980602264404,0.036591555923223495,0.03,0,0,0,0,0,0,0,0,0,0,0,0,0,0,0,0,0,0,0,0,0
6.362450838088989,9.0,0.0,0.0,-0.0007417201995849609,4.32133674621582e-06,0.0,0.0,0.6089980602264404,0.036591555923223495,0.03,0,0,0,0,0,0,0,0,0,0,0,0,0,0,0,0,0,0,0,0,0
6.3641273975372314,9.0,0.0,0.0,-0.0007417201995849609,4.32133674621582e-06,0.0,0.0,0.6089980602264404,0.036591555923223495,0.03,0,0,0,0,0,0,0,0,0,0,0,0,0,0,0,0,0,0,0,0,0
6.36579704284668,9.0,0.0,0.0,-0.0007417201995849609,4.32133674621582e-06,0.0,0.0,0.6089980602264404,0.036591555923223495,0.03,0,0,0,0,0,0,0,0,0,0,0,0,0,0,0,0,0,0,0,0,0
6.367249965667725,9.0,0.0,0.0,-0.0007417201995849609,4.32133674621582e-06,0.0,0.0,0.6089980602264404,0.036591555923223495,0.03,0,0,0,0,0,0,0,0,0,0,0,0,0,0,0,0,0,0,0,0,0
6.368493556976318,9.0,0.0,0.0,-0.0007417201995849609,4.32133674621582e-06,0.0,0.0,0.6089980602264404,0.036591555923223495,0.03,0,0,0,0,0,0,0,0,0,0,0,0,0,0,0,0,0,0,0,0,0
6.370450258255005,9.0,0.0,0.0,-0.0007417201995849609,4.32133674621582e-06,0.0,0.0,0.6089980602264404,0.036591555923223495,0.03,0,0,0,0,0,0,0,0,0,0,0,0,0,0,0,0,0,0,0,0,0
6.371804237365723,9.0,0.0,0.0,-0.0007417201995849609,4.32133674621582e-06,0.0,0.0,0.6089980602264404,0.036591555923223495,0.03,0,0,0,0,0,0,0,0,0,0,0,0,0,0,0,0,0,0,0,0,0
6.372905969619751,9.0,0.0,0.0,-0.0007417201995849609,4.32133674621582e-06,0.0,0.0,0.6089980602264404,0.036591555923223495,0.03,0,0,0,0,0,0,0,0,0,0,0,0,0,0,0,0,0,0,0,0,0
6.377264022827148,9.0,0.0,0.0,-0.0007421970367431641,-0.00010386109352111816,0.0,0.0,0.6133483052253723,-0.10361725091934204,0.03,0,0,0,0,0,0,0,0,0,0,0,0,0,0,0,0,0,0,0,0,0
6.378363132476807,9.0,0.0,0.0,-0.0007207989692687988,-5.8263540267944336e-05,0.0,0.0,0.6145111918449402,0.06294604390859604,0.03,0,0,0,0,0,0,0,0,0,0,0,0,0,0,0,0,0,0,0,0,0
6.3795366287231445,9.0,0.0,0.0,-0.0007207989692687988,-5.8263540267944336e-05,0.0,0.0,0.6145111918449402,0.06294604390859604,0.03,0,0,0,0,0,0,0,0,0,0,0,0,0,0,0,0,0,0,0,0,0
6.380666255950928,9.0,0.0,0.0,-0.0007207989692687988,-5.8263540267944336e-05,0.0,0.0,0.6145111918449402,0.06294604390859604,0.03,0,0,0,0,0,0,0,0,0,0,0,0,0,0,0,0,0,0,0,0,0
6.381802082061768,9.0,0.0,0.0,-0.0007207989692687988,-5.8263540267944336e-05,0.0,0.0,0.6145111918449402,0.06294604390859604,0.03,0,0,0,0,0,0,0,0,0,0,0,0,0,0,0,0,0,0,0,0,0
6.383025407791138,9.0,0.0,0.0,-0.0007207989692687988,-5.8263540267944336e-05,0.0,0.0,0.6145111918449402,0.06294604390859604,0.03,0,0,0,0,0,0,0,0,0,0,0,0,0,0,0,0,0,0,0,0,0
6.384123802185059,9.0,0.0,0.0,-0.0007207989692687988,-5.8263540267944336e-05,0.0,0.0,0.6145111918449402,0.06294604390859604,0.03,0,0,0,0,0,0,0,0,0,0,0,0,0,0,0,0,0,0,0,0,0
6.3858301639556885,9.0,0.0,0.0,-0.0007207989692687988,-5.8263540267944336e-05,0.0,0.0,0.6145111918449402,0.06294604390859604,0.03,0,0,0,0,0,0,0,0,0,0,0,0,0,0,0,0,0,0,0,0,0
6.387129068374634,9.0,0.0,0.0,-0.0007207989692687988,-5.8263540267944336e-05,0.0,0.0,0.6145111918449402,0.06294604390859604,0.03,0,0,0,0,0,0,0,0,0,0,0,0,0,0,0,0,0,0,0,0,0
6.391243934631348,9.0,0.0,0.0,-0.0007352232933044434,-6.470084190368652e-05,0.0,0.0,0.612621009349823,-0.07928769290447235,0.03,0,0,0,0,0,0,0,0,0,0,0,0,0,0,0,0,0,0,0,0,0
6.392948627471924,9.0,0.0,0.0,-0.0007330775260925293,-5.844235420227051e-05,0.0,0.0,0.5866602063179016,-0.12256170809268951,0.03,0,0,0,0,0,0,0,0,0,0,0,0,0,0,0,0,0,0,0,0,0
6.394052743911743,9.0,0.0,0.0,-0.0007330775260925293,-5.844235420227051e-05,0.0,0.0,0.5866602063179016,-0.12256170809268951,0.03,0,0,0,0,0,0,0,0,0,0,0,0,0,0,0,0,0,0,0,0,0
6.395225286483765,9.0,0.0,0.0,-0.0007330775260925293,-5.844235420227051e-05,0.0,0.0,0.5866602063179016,-0.12256170809268951,0.03,0,0,0,0,0,0,0,0,0,0,0,0,0,0,0,0,0,0,0,0,0
6.396420955657959,9.0,0.0,0.0,-0.0007330775260925293,-5.844235420227051e-05,0.0,0.0,0.5866602063179016,-0.12256170809268951,0.03,0,0,0,0,0,0,0,0,0,0,0,0,0,0,0,0,0,0,0,0,0
6.397831678390503,9.0,0.0,0.0,-0.0007330775260925293,-5.844235420227051e-05,0.0,0.0,0.5866602063179016,-0.12256170809268951,0.03,0,0,0,0,0,0,0,0,0,0,0,0,0,0,0,0,0,0,0,0,0
6.399202108383179,9.0,0.0,0.0,-0.0007330775260925293,-5.844235420227051e-05,0.0,0.0,0.5866602063179016,-0.12256170809268951,0.03,0,0,0,0,0,0,0,0,0,0,0,0,0,0,0,0,0,0,0,0,0
6.400306701660156,9.0,0.0,0.0,-0.0007330775260925293,-5.844235420227051e-05,0.0,0.0,0.5866602063179016,-0.12256170809268951,0.03,0,0,0,0,0,0,0,0,0,0,0,0,0,0,0,0,0,0,0,0,0
6.401753902435303,9.0,0.0,0.0,-0.0007330775260925293,-5.844235420227051e-05,0.0,0.0,0.5866602063179016,-0.12256170809268951,0.03,0,0,0,0,0,0,0,0,0,0,0,0,0,0,0,0,0,0,0,0,0
6.403776407241821,9.0,0.0,0.0,-0.0007330775260925293,-5.844235420227051e-05,0.0,0.0,0.5866602063179016,-0.12256170809268951,0.03,0,0,0,0,0,0,0,0,0,0,0,0,0,0,0,0,0,0,0,0,0
6.406030893325806,9.0,0.0,0.0,-0.0007358193397521973,-5.346536636352539e-05,0.0,0.0,0.5868789553642273,-0.07081714272499084,0.03,0,0,0,0,0,0,0,0,0,0,0,0,0,0,0,0,0,0,0,0,0
6.407141447067261,9.0,0.0,0.0,-0.0007358193397521973,-5.346536636352539e-05,0.0,0.0,0.5868789553642273,-0.07081714272499084,0.03,0,0,0,0,0,0,0,0,0,0,0,0,0,0,0,0,0,0,0,0,0
6.408284664154053,9.0,0.0,0.0,-0.0007358193397521973,-5.346536636352539e-05,0.0,0.0,0.5868789553642273,-0.07081714272499084,0.03,0,0,0,0,0,0,0,0,0,0,0,0,0,0,0,0,0,0,0,0,0
6.410161256790161,9.0,0.0,0.0,-0.0007358193397521973,-5.346536636352539e-05,0.0,0.0,0.5868789553642273,-0.07081714272499084,0.03,0,0,0,0,0,0,0,0,0,0,0,0,0,0,0,0,0,0,0,0,0
6.413071393966675,9.0,0.0,0.0,-0.0007358193397521973,-5.346536636352539e-05,0.0,0.0,0.5868789553642273,-0.07081714272499084,0.03,0,0,0,0,0,0,0,0,0,0,0,0,0,0,0,0,0,0,0,0,0
6.414308309555054,9.0,0.0,0.0,-0.0007358193397521973,-5.346536636352539e-05,0.0,0.0,0.5868789553642273,-0.07081714272499084,0.03,0,0,0,0,0,0,0,0,0,0,0,0,0,0,0,0,0,0,0,0,0
6.415781736373901,9.0,0.0,0.0,-0.0007358193397521973,-5.346536636352539e-05,0.0,0.0,0.5868789553642273,-0.07081714272499084,0.03,0,0,0,0,0,0,0,0,0,0,0,0,0,0,0,0,0,0,0,0,0
6.4170567989349365,9.0,0.0,0.0,-0.0007358193397521973,-5.346536636352539e-05,0.0,0.0,0.5868789553642273,-0.07081714272499084,0.03,0,0,0,0,0,0,0,0,0,0,0,0,0,0,0,0,0,0,0,0,0
6.420012712478638,9.0,0.0,0.0,-0.0007217526435852051,-6.127357482910156e-05,0.0,0.0,0.5729245543479919,-0.0536324605345726,0.03,0,0,0,0,0,0,0,0,0,0,0,0,0,0,0,0,0,0,0,0,0
6.422186851501465,9.0,0.0,0.0,-0.0007421374320983887,-4.622340202331543e-05,0.0,0.0,0.6175519227981567,-0.01832914538681507,0.03,0,0,0,0,0,0,0,0,0,0,0,0,0,0,0,0,0,0,0,0,0
6.423556089401245,9.0,0.0,0.0,-0.0007421374320983887,-4.622340202331543e-05,0.0,0.0,0.6175519227981567,-0.01832914538681507,0.03,0,0,0,0,0,0,0,0,0,0,0,0,0,0,0,0,0,0,0,0,0
6.424662828445435,9.0,0.0,0.0,-0.0007421374320983887,-4.622340202331543e-05,0.0,0.0,0.6175519227981567,-0.01832914538681507,0.03,0,0,0,0,0,0,0,0,0,0,0,0,0,0,0,0,0,0,0,0,0
6.425734281539917,9.0,0.0,0.0,-0.0007421374320983887,-4.622340202331543e-05,0.0,0.0,0.6175519227981567,-0.01832914538681507,0.03,0,0,0,0,0,0,0,0,0,0,0,0,0,0,0,0,0,0,0,0,0
6.427082777023315,9.0,0.0,0.0,-0.0007421374320983887,-4.622340202331543e-05,0.0,0.0,0.6175519227981567,-0.01832914538681507,0.03,0,0,0,0,0,0,0,0,0,0,0,0,0,0,0,0,0,0,0,0,0
6.4283716678619385,9.0,0.0,0.0,-0.0007421374320983887,-4.622340202331543e-05,0.0,0.0,0.6175519227981567,-0.01832914538681507,0.03,0,0,0,0,0,0,0,0,0,0,0,0,0,0,0,0,0,0,0,0,0
6.4294538497924805,9.0,0.0,0.0,-0.0007421374320983887,-4.622340202331543e-05,0.0,0.0,0.6175519227981567,-0.01832914538681507,0.03,0,0,0,0,0,0,0,0,0,0,0,0,0,0,0,0,0,0,0,0,0
6.430702447891235,9.0,0.0,0.0,-0.0007421374320983887,-4.622340202331543e-05,0.0,0.0,0.6175519227981567,-0.01832914538681507,0.03,0,0,0,0,0,0,0,0,0,0,0,0,0,0,0,0,0,0,0,0,0
6.43183445930481,9.0,0.0,0.0,-0.0007421374320983887,-4.622340202331543e-05,0.0,0.0,0.6175519227981567,-0.01832914538681507,0.03,0,0,0,0,0,0,0,0,0,0,0,0,0,0,0,0,0,0,0,0,0
6.432918310165405,9.0,0.0,0.0,-0.0007421374320983887,-4.622340202331543e-05,0.0,0.0,0.6175519227981567,-0.01832914538681507,0.03,0,0,0,0,0,0,0,0,0,0,0,0,0,0,0,0,0,0,0,0,0
6.434771299362183,9.0,0.0,0.0,-0.0007421374320983887,-4.622340202331543e-05,0.0,0.0,0.6175519227981567,-0.01832914538681507,0.03,0,0,0,0,0,0,0,0,0,0,0,0,0,0,0,0,0,0,0,0,0
6.437163829803467,9.0,0.0,0.0,-0.0007375478744506836,-3.987550735473633e-05,0.0,0.0,0.6071608066558838,-0.044302091002464294,0.03,0,0,0,0,0,0,0,0,0,0,0,0,0,0,0,0,0,0,0,0,0
6.438980579376221,9.0,0.0,0.0,-0.0007292628288269043,-1.621246337890625e-05,0.0,0.0,0.5856791734695435,0.010320781730115414,0.03,0,0,0,0,0,0,0,0,0,0,0,0,0,0,0,0,0,0,0,0,0
6.44164514541626,9.0,0.0,0.0,-0.0007342100143432617,-6.386637687683105e-05,0.0,0.0,0.6021689176559448,-0.07333379983901978,0.03,0,0,0,0,0,0,0,0,0,0,0,0,0,0,0,0,0,0,0,0,0
6.442786693572998,9.0,0.0,0.0,-0.0006965398788452148,-6.181001663208008e-05,0.0,0.0,0.5442895889282227,-0.05712951347231865,0.03,0,0,0,0,0,0,0,0,0,0,0,0,0,0,0,0,0,0,0,0,0
6.444391489028931,9.0,0.0,0.0,-0.0007215738296508789,-6.154179573059082e-05,0.0,0.0,0.5678626298904419,-0.052502840757369995,0.03,0,0,0,0,0,0,0,0,0,0,0,0,0,0,0,0,0,0,0,0,0
6.445754528045654,9.0,0.0,0.0,-0.0007215738296508789,-6.154179573059082e-05,0.0,0.0,0.5678626298904419,-0.052502840757369995,0.03,0,0,0,0,0,0,0,0,0,0,0,0,0,0,0,0,0,0,0,0,0
6.4475274085998535,9.0,0.0,0.0,-0.0007215738296508789,-6.154179573059082e-05,0.0,0.0,0.5678626298904419,-0.052502840757369995,0.03,0,0,0,0,0,0,0,0,0,0,0,0,0,0,0,0,0,0,0,0,0
6.449147939682007,9.0,0.0,0.0,-0.0007215738296508789,-6.154179573059082e-05,0.0,0.0,0.5678626298904419,-0.052502840757369995,0.03,0,0,0,0,0,0,0,0,0,0,0,0,0,0,0,0,0,0,0,0,0
6.4504876136779785,9.0,0.0,0.0,-0.0007215738296508789,-6.154179573059082e-05,0.0,0.0,0.5678626298904419,-0.052502840757369995,0.03,0,0,0,0,0,0,0,0,0,0,0,0,0,0,0,0,0,0,0,0,0
6.452141284942627,9.0,0.0,0.0,-0.0007215738296508789,-6.154179573059082e-05,0.0,0.0,0.5678626298904419,-0.052502840757369995,0.03,0,0,0,0,0,0,0,0,0,0,0,0,0,0,0,0,0,0,0,0,0
6.453786611557007,9.0,0.0,0.0,-0.0007215738296508789,-6.154179573059082e-05,0.0,0.0,0.5678626298904419,-0.052502840757369995,0.03,0,0,0,0,0,0,0,0,0,0,0,0,0,0,0,0,0,0,0,0,0
6.4549431800842285,9.0,0.0,0.0,-0.0007215738296508789,-6.154179573059082e-05,0.0,0.0,0.5678626298904419,-0.052502840757369995,0.03,0,0,0,0,0,0,0,0,0,0,0,0,0,0,0,0,0,0,0,0,0
6.456088542938232,9.0,0.0,0.0,-0.0007215738296508789,-6.154179573059082e-05,0.0,0.0,0.5678626298904419,-0.052502840757369995,0.03,0,0,0,0,0,0,0,0,0,0,0,0,0,0,0,0,0,0,0,0,0
6.4572529792785645,9.0,0.0,0.0,-0.0007215738296508789,-6.154179573059082e-05,0.0,0.0,0.5678626298904419,-0.052502840757369995,0.03,0,0,0,0,0,0,0,0,0,0,0,0,0,0,0,0,0,0,0,0,0
6.458831071853638,9.0,0.0,0.0,-0.0007328391075134277,-5.7190656661987305e-05,0.0,0.0,0.596270740032196,-0.06938525289297104,0.03,0,0,0,0,0,0,0,0,0,0,0,0,0,0,0,0,0,0,0,0,0
6.460055112838745,9.0,0.0,0.0,-0.0006971359252929688,-1.8596649169921875e-05,0.0,0.0,0.5853597521781921,0.018082084134221077,0.03,0,0,0,0,0,0,0,0,0,0,0,0,0,0,0,0,0,0,0,0,0
6.461181163787842,9.0,0.0,0.0,-0.0006971359252929688,-1.8596649169921875e-05,0.0,0.0,0.5853597521781921,0.018082084134221077,0.03,0,0,0,0,0,0,0,0,0,0,0,0,0,0,0,0,0,0,0,0,0
6.46259617805481,9.0,0.0,0.0,-0.0006971359252929688,-1.8596649169921875e-05,0.0,0.0,0.5853597521781921,0.018082084134221077,0.03,0,0,0,0,0,0,0,0,0,0,0,0,0,0,0,0,0,0,0,0,0
6.463837146759033,9.0,0.0,0.0,-0.0007096529006958008,-3.62396240234375e-05,0.0,0.0,0.5965927839279175,-0.050929758697748184,0.03,0,0,0,0,0,0,0,0,0,0,0,0,0,0,0,0,0,0,0,0,0
6.465137004852295,9.0,0.0,0.0,-0.0007364153861999512,-6.285309791564941e-05,0.0,0.0,0.6344519853591919,-0.08198798447847366,0.03,0,0,0,0,0,0,0,0,0,0,0,0,0,0,0,0,0,0,0,0,0
6.4671759605407715,9.0,0.0,0.0,-0.0007376670837402344,-6.249547004699707e-05,0.0,0.0,0.6246765851974487,-0.059539616107940674,0.03,0,0,0,0,0,0,0,0,0,0,0,0,0,0,0,0,0,0,0,0,0
6.468313932418823,9.0,0.0,0.0,-0.0007376670837402344,-6.249547004699707e-05,0.0,0.0,0.6246765851974487,-0.059539616107940674,0.03,0,0,0,0,0,0,0,0,0,0,0,0,0,0,0,0,0,0,0,0,0
6.469419956207275,9.0,0.0,0.0,-0.0007376670837402344,-6.249547004699707e-05,0.0,0.0,0.6246765851974487,-0.059539616107940674,0.03,0,0,0,0,0,0,0,0,0,0,0,0,0,0,0,0,0,0,0,0,0
6.470716953277588,9.0,0.0,0.0,-0.0007376670837402344,-6.249547004699707e-05,0.0,0.0,0.6246765851974487,-0.059539616107940674,0.03,0,0,0,0,0,0,0,0,0,0,0,0,0,0,0,0,0,0,0,0,0
6.472095251083374,9.0,0.0,0.0,-0.0007376670837402344,-6.249547004699707e-05,0.0,0.0,0.6246765851974487,-0.059539616107940674,0.03,0,0,0,0,0,0,0,0,0,0,0,0,0,0,0,0,0,0,0,0,0
6.473191499710083,9.0,0.0,0.0,-0.0007376670837402344,-6.249547004699707e-05,0.0,0.0,0.6246765851974487,-0.059539616107940674,0.03,0,0,0,0,0,0,0,0,0,0,0,0,0,0,0,0,0,0,0,0,0
6.474907875061035,9.0,0.0,0.0,-0.0007376670837402344,-6.249547004699707e-05,0.0,0.0,0.6246765851974487,-0.059539616107940674,0.03,0,0,0,0,0,0,0,0,0,0,0,0,0,0,0,0,0,0,0,0,0
6.476010799407959,9.0,0.0,0.0,-0.0007376670837402344,-6.249547004699707e-05,0.0,0.0,0.6246765851974487,-0.059539616107940674,0.03,0,0,0,0,0,0,0,0,0,0,0,0,0,0,0,0,0,0,0,0,0
6.477115869522095,9.0,0.0,0.0,-0.0007376670837402344,-6.249547004699707e-05,0.0,0.0,0.6246765851974487,-0.059539616107940674,0.03,0,0,0,0,0,0,0,0,0,0,0,0,0,0,0,0,0,0,0,0,0
6.480053663253784,9.0,0.0,0.0,-0.0007376670837402344,-6.249547004699707e-05,0.0,0.0,0.6246765851974487,-0.059539616107940674,0.03,0,0,0,0,0,0,0,0,0,0,0,0,0,0,0,0,0,0,0,0,0
6.481163024902344,9.0,0.0,0.0,-0.0007308125495910645,-6.201863288879395e-05,0.0,0.0,0.599243700504303,-0.05778905376791954,0.03,0,0,0,0,0,0,0,0,0,0,0,0,0,0,0,0,0,0,0,0,0
6.482817649841309,9.0,0.0,0.0,-0.0007308125495910645,-6.201863288879395e-05,0.0,0.0,0.599243700504303,-0.05778905376791954,0.03,0,0,0,0,0,0,0,0,0,0,0,0,0,0,0,0,0,0,0,0,0
6.486380338668823,9.0,0.0,0.0,-0.0006974339485168457,-3.30805778503418e-05,0.0,0.0,0.5489862561225891,-0.008422710932791233,0.03,0,0,0,0,0,0,0,0,0,0,0,0,0,0,0,0,0,0,0,0,0
6.487906217575073,9.0,0.0,0.0,-0.0007210969924926758,-4.7713518142700195e-05,0.0,0.0,0.607596755027771,-0.07011650502681732,0.03,0,0,0,0,0,0,0,0,0,0,0,0,0,0,0,0,0,0,0,0,0
6.489626407623291,9.0,0.0,0.0,-0.0007210969924926758,-4.7713518142700195e-05,0.0,0.0,0.607596755027771,-0.07011650502681732,0.03,0,0,0,0,0,0,0,0,0,0,0,0,0,0,0,0,0,0,0,0,0
6.491130590438843,9.0,0.0,0.0,-0.0007210969924926758,-4.7713518142700195e-05,0.0,0.0,0.607596755027771,-0.07011650502681732,0.03,0,0,0,0,0,0,0,0,0,0,0,0,0,0,0,0,0,0,0,0,0
6.492419004440308,9.0,0.0,0.0,-0.0007210969924926758,-4.7713518142700195e-05,0.0,0.0,0.607596755027771,-0.07011650502681732,0.03,0,0,0,0,0,0,0,0,0,0,0,0,0,0,0,0,0,0,0,0,0
6.493488550186157,9.0,0.0,0.0,-0.0007210969924926758,-4.7713518142700195e-05,0.0,0.0,0.607596755027771,-0.07011650502681732,0.03,0,0,0,0,0,0,0,0,0,0,0,0,0,0,0,0,0,0,0,0,0
6.494903802871704,9.0,0.0,0.0,-0.0007210969924926758,-4.7713518142700195e-05,0.0,0.0,0.607596755027771,-0.07011650502681732,0.03,0,0,0,0,0,0,0,0,0,0,0,0,0,0,0,0,0,0,0,0,0
6.496031761169434,9.0,0.0,0.0,-0.0007210969924926758,-4.7713518142700195e-05,0.0,0.0,0.607596755027771,-0.07011650502681732,0.03,0,0,0,0,0,0,0,0,0,0,0,0,0,0,0,0,0,0,0,0,0
6.497194051742554,9.0,0.0,0.0,-0.0007210969924926758,-4.7713518142700195e-05,0.0,0.0,0.607596755027771,-0.07011650502681732,0.03,0,0,0,0,0,0,0,0,0,0,0,0,0,0,0,0,0,0,0,0,0
6.4989166259765625,9.0,0.0,0.0,-0.0007210969924926758,-4.7713518142700195e-05,0.0,0.0,0.607596755027771,-0.07011650502681732,0.03,0,0,0,0,0,0,0,0,0,0,0,0,0,0,0,0,0,0,0,0,0
6.500055313110352,9.0,0.0,0.0,-0.0007210969924926758,-4.7713518142700195e-05,0.0,0.0,0.607596755027771,-0.07011650502681732,0.03,0,0,0,0,0,0,0,0,0,0,0,0,0,0,0,0,0,0,0,0,0
6.501228332519531,9.0,0.0,0.0,-0.0007210969924926758,-4.7713518142700195e-05,0.0,0.0,0.607596755027771,-0.07011650502681732,0.03,0,0,0,0,0,0,0,0,0,0,0,0,0,0,0,0,0,0,0,0,0
6.502551555633545,9.0,0.0,0.0,-0.0007210969924926758,-4.7713518142700195e-05,0.0,0.0,0.607596755027771,-0.07011650502681732,0.03,0,0,0,0,0,0,0,0,0,0,0,0,0,0,0,0,0,0,0,0,0
6.50372314453125,9.0,0.0,0.0,-0.0007210969924926758,-4.7713518142700195e-05,0.0,0.0,0.607596755027771,-0.07011650502681732,0.03,0,0,0,0,0,0,0,0,0,0,0,0,0,0,0,0,0,0,0,0,0
6.504796266555786,9.0,0.0,0.0,-0.0007210969924926758,-4.7713518142700195e-05,0.0,0.0,0.607596755027771,-0.07011650502681732,0.03,0,0,0,0,0,0,0,0,0,0,0,0,0,0,0,0,0,0,0,0,0
6.5059943199157715,9.0,0.0,0.0,-0.0007210969924926758,-4.7713518142700195e-05,0.0,0.0,0.607596755027771,-0.07011650502681732,0.03,0,0,0,0,0,0,0,0,0,0,0,0,0,0,0,0,0,0,0,0,0
6.507106065750122,9.0,0.0,0.0,-0.0007210969924926758,-4.7713518142700195e-05,0.0,0.0,0.607596755027771,-0.07011650502681732,0.03,0,0,0,0,0,0,0,0,0,0,0,0,0,0,0,0,0,0,0,0,0
6.508462905883789,9.0,0.0,0.0,-0.0007210969924926758,-4.7713518142700195e-05,0.0,0.0,0.607596755027771,-0.07011650502681732,0.03,0,0,0,0,0,0,0,0,0,0,0,0,0,0,0,0,0,0,0,0,0
6.510291814804077,9.0,0.0,0.0,-0.0007210969924926758,-4.7713518142700195e-05,0.0,0.0,0.607596755027771,-0.07011650502681732,0.03,0,0,0,0,0,0,0,0,0,0,0,0,0,0,0,0,0,0,0,0,0
6.511937856674194,9.0,0.0,0.0,-0.0007210969924926758,-4.7713518142700195e-05,0.0,0.0,0.607596755027771,-0.07011650502681732,0.03,0,0,0,0,0,0,0,0,0,0,0,0,0,0,0,0,0,0,0,0,0
6.513718843460083,9.0,0.0,0.0,-0.0007210969924926758,-4.7713518142700195e-05,0.0,0.0,0.607596755027771,-0.07011650502681732,0.03,0,0,0,0,0,0,0,0,0,0,0,0,0,0,0,0,0,0,0,0,0
6.5150134563446045,9.0,0.0,0.0,-0.0007210969924926758,-4.7713518142700195e-05,0.0,0.0,0.607596755027771,-0.07011650502681732,0.03,0,0,0,0,0,0,0,0,0,0,0,0,0,0,0,0,0,0,0,0,0
6.516146183013916,9.0,0.0,0.0,-0.0007210969924926758,-4.7713518142700195e-05,0.0,0.0,0.607596755027771,-0.07011650502681732,0.03,0,0,0,0,0,0,0,0,0,0,0,0,0,0,0,0,0,0,0,0,0
6.517822027206421,9.0,0.0,0.0,-0.0007210969924926758,-4.7713518142700195e-05,0.0,0.0,0.607596755027771,-0.07011650502681732,0.03,0,0,0,0,0,0,0,0,0,0,0,0,0,0,0,0,0,0,0,0,0
6.51911997795105,9.0,0.0,0.0,-0.0007210969924926758,-4.7713518142700195e-05,0.0,0.0,0.607596755027771,-0.07011650502681732,0.03,0,0,0,0,0,0,0,0,0,0,0,0,0,0,0,0,0,0,0,0,0
6.5203094482421875,9.0,0.0,0.0,-0.0007210969924926758,-4.7713518142700195e-05,0.0,0.0,0.607596755027771,-0.07011650502681732,0.03,0,0,0,0,0,0,0,0,0,0,0,0,0,0,0,0,0,0,0,0,0
6.521493911743164,9.0,0.0,0.0,-0.0007414817810058594,4.559755325317383e-06,0.0,0.0,0.6099748611450195,0.01614602655172348,0.03,0,0,0,0,0,0,0,0,0,0,0,0,0,0,0,0,0,0,0,0,0
6.5227437019348145,9.0,0.0,0.0,-0.0007414817810058594,4.559755325317383e-06,0.0,0.0,0.6099748611450195,0.01614602655172348,0.03,0,0,0,0,0,0,0,0,0,0,0,0,0,0,0,0,0,0,0,0,0
6.524395704269409,9.0,0.0,0.0,-0.000696718692779541,-5.78463077545166e-05,0.0,0.0,0.5781155228614807,-0.08429159224033356,0.03,0,0,0,0,0,0,0,0,0,0,0,0,0,0,0,0,0,0,0,0,0
6.526081562042236,9.0,0.0,0.0,-0.0007271170616149902,2.3245811462402344e-06,0.0,0.0,0.6184279918670654,0.018061183393001556,0.03,0,0,0,0,0,0,0,0,0,0,0,0,0,0,0,0,0,0,0,0,0
6.5277063846588135,9.0,0.0,0.0,-0.0007218718528747559,-4.3958425521850586e-05,0.0,0.0,0.6006007194519043,-0.10702157020568848,0.03,0,0,0,0,0,0,0,0,0,0,0,0,0,0,0,0,0,0,0,0,0
6.529023885726929,9.0,0.0,0.0,-0.0007218718528747559,-4.3958425521850586e-05,0.0,0.0,0.6006007194519043,-0.10702157020568848,0.03,0,0,0,0,0,0,0,0,0,0,0,0,0,0,0,0,0,0,0,0,0
6.530148267745972,9.0,0.0,0.0,-0.0007218718528747559,-4.3958425521850586e-05,0.0,0.0,0.6006007194519043,-0.10702157020568848,0.03,0,0,0,0,0,0,0,0,0,0,0,0,0,0,0,0,0,0,0,0,0
6.531561613082886,9.0,0.0,0.0,-0.0007218718528747559,-4.3958425521850586e-05,0.0,0.0,0.6006007194519043,-0.10702157020568848,0.03,0,0,0,0,0,0,0,0,0,0,0,0,0,0,0,0,0,0,0,0,0
6.533299207687378,9.0,0.0,0.0,-0.0007218718528747559,-4.3958425521850586e-05,0.0,0.0,0.6006007194519043,-0.10702157020568848,0.03,0,0,0,0,0,0,0,0,0,0,0,0,0,0,0,0,0,0,0,0,0
6.534371376037598,9.0,0.0,0.0,-0.0007218718528747559,-4.3958425521850586e-05,0.0,0.0,0.6006007194519043,-0.10702157020568848,0.03,0,0,0,0,0,0,0,0,0,0,0,0,0,0,0,0,0,0,0,0,0
6.539754867553711,9.0,0.0,0.0,-0.0006847977638244629,-1.9818544387817383e-05,0.0,0.0,0.5510947108268738,-0.10883085429668427,0.03,0,0,0,0,0,0,0,0,0,0,0,0,0,0,0,0,0,0,0,0,0
6.541294813156128,9.0,0.0,0.0,-0.0007098913192749023,-4.4405460357666016e-05,0.0,0.0,0.6055989265441895,0.0527564212679863,0.03,0,0,0,0,0,0,0,0,0,0,0,0,0,0,0,0,0,0,0,0,0
6.543883800506592,9.0,0.0,0.0,-0.0007098913192749023,-4.4405460357666016e-05,0.0,0.0,0.6055989265441895,0.0527564212679863,0.03,0,0,0,0,0,0,0,0,0,0,0,0,0,0,0,0,0,0,0,0,0
6.545396566390991,9.0,0.0,0.0,-0.0007098913192749023,-4.4405460357666016e-05,0.0,0.0,0.6055989265441895,0.0527564212679863,0.03,0,0,0,0,0,0,0,0,0,0,0,0,0,0,0,0,0,0,0,0,0
6.546525716781616,9.0,0.0,0.0,-0.0007098913192749023,-4.4405460357666016e-05,0.0,0.0,0.6055989265441895,0.0527564212679863,0.03,0,0,0,0,0,0,0,0,0,0,0,0,0,0,0,0,0,0,0,0,0
6.548593759536743,9.0,0.0,0.0,-0.0007098913192749023,-4.4405460357666016e-05,0.0,0.0,0.6055989265441895,0.0527564212679863,0.03,0,0,0,0,0,0,0,0,0,0,0,0,0,0,0,0,0,0,0,0,0
6.549941301345825,9.0,0.0,0.0,-0.0007370114326477051,-1.2695789337158203e-05,0.0,0.0,0.6127407550811768,-0.12408902496099472,0.03,0,0,0,0,0,0,0,0,0,0,0,0,0,0,0,0,0,0,0,0,0
6.5510358810424805,9.0,0.0,0.0,-0.0007370114326477051,-1.2695789337158203e-05,0.0,0.0,0.6127407550811768,-0.12408902496099472,0.03,0,0,0,0,0,0,0,0,0,0,0,0,0,0,0,0,0,0,0,0,0
6.552124977111816,9.0,0.0,0.0,-0.0007370114326477051,-1.2695789337158203e-05,0.0,0.0,0.6127407550811768,-0.12408902496099472,0.03,0,0,0,0,0,0,0,0,0,0,0,0,0,0,0,0,0,0,0,0,0
6.553385019302368,9.0,0.0,0.0,-0.0007264614105224609,-6.29723072052002e-05,0.0,0.0,0.582292914390564,-0.10440238565206528,0.03,0,0,0,0,0,0,0,0,0,0,0,0,0,0,0,0,0,0,0,0,0
6.5551066398620605,9.0,0.0,0.0,-0.0007418990135192871,-6.29425048828125e-05,0.0,0.0,0.6170909404754639,-0.0594748817384243,0.03,0,0,0,0,0,0,0,0,0,0,0,0,0,0,0,0,0,0,0,0,0
6.5564234256744385,9.0,0.0,0.0,-0.0007418990135192871,-6.29425048828125e-05,0.0,0.0,0.6170909404754639,-0.0594748817384243,0.03,0,0,0,0,0,0,0,0,0,0,0,0,0,0,0,0,0,0,0,0,0
6.559160470962524,9.0,0.0,0.0,-0.0007418990135192871,-6.29425048828125e-05,0.0,0.0,0.6170909404754639,-0.0594748817384243,0.03,0,0,0,0,0,0,0,0,0,0,0,0,0,0,0,0,0,0,0,0,0
6.564497470855713,9.0,0.0,0.0,-0.0006800293922424316,-6.517767906188965e-05,0.0,0.0,0.5559097528457642,-0.08540740609169006,0.03,0,0,0,0,0,0,0,0,0,0,0,0,0,0,0,0,0,0,0,0,0
6.565672874450684,9.0,0.0,0.0,-0.0006800293922424316,-6.517767906188965e-05,0.0,0.0,0.5559097528457642,-0.08540740609169006,0.03,0,0,0,0,0,0,0,0,0,0,0,0,0,0,0,0,0,0,0,0,0
6.5671679973602295,9.0,0.0,0.0,-0.0006800293922424316,-6.517767906188965e-05,0.0,0.0,0.5559097528457642,-0.08540740609169006,0.03,0,0,0,0,0,0,0,0,0,0,0,0,0,0,0,0,0,0,0,0,0
6.5685365200042725,9.0,0.0,0.0,-0.0006800293922424316,-6.517767906188965e-05,0.0,0.0,0.5559097528457642,-0.08540740609169006,0.03,0,0,0,0,0,0,0,0,0,0,0,0,0,0,0,0,0,0,0,0,0
6.569917678833008,9.0,0.0,0.0,-0.0006800293922424316,-6.517767906188965e-05,0.0,0.0,0.5559097528457642,-0.08540740609169006,0.03,0,0,0,0,0,0,0,0,0,0,0,0,0,0,0,0,0,0,0,0,0
6.571131229400635,9.0,0.0,0.0,-0.0006800293922424316,-6.517767906188965e-05,0.0,0.0,0.5559097528457642,-0.08540740609169006,0.03,0,0,0,0,0,0,0,0,0,0,0,0,0,0,0,0,0,0,0,0,0
6.572342872619629,9.0,0.0,0.0,-0.0006800293922424316,-6.517767906188965e-05,0.0,0.0,0.5559097528457642,-0.08540740609169006,0.03,0,0,0,0,0,0,0,0,0,0,0,0,0,0,0,0,0,0,0,0,0
6.573611497879028,9.0,0.0,0.0,-0.0006800293922424316,-6.517767906188965e-05,0.0,0.0,0.5559097528457642,-0.08540740609169006,0.03,0,0,0,0,0,0,0,0,0,0,0,0,0,0,0,0,0,0,0,0,0
6.575130462646484,9.0,0.0,0.0,-0.0006800293922424316,-6.517767906188965e-05,0.0,0.0,0.5559097528457642,-0.08540740609169006,0.03,0,0,0,0,0,0,0,0,0,0,0,0,0,0,0,0,0,0,0,0,0
6.57663893699646,9.0,0.0,0.0,-0.0007025003433227539,-6.273388862609863e-05,0.0,0.0,0.6147980093955994,-0.06413070857524872,0.03,0,0,0,0,0,0,0,0,0,0,0,0,0,0,0,0,0,0,0,0,0
6.578262805938721,9.0,0.0,0.0,-0.0007025003433227539,-6.273388862609863e-05,0.0,0.0,0.6147980093955994,-0.06413070857524872,0.03,0,0,0,0,0,0,0,0,0,0,0,0,0,0,0,0,0,0,0,0,0
6.579428434371948,9.0,0.0,0.0,-0.0006884932518005371,-6.148219108581543e-05,0.0,0.0,0.5793989896774292,-0.11385319381952286,0.03,0,0,0,0,0,0,0,0,0,0,0,0,0,0,0,0,0,0,0,0,0
6.5811545848846436,9.0,0.0,0.0,-0.000720977783203125,-5.447864532470703e-05,0.0,0.0,0.5927253365516663,-0.04546654224395752,0.03,0,0,0,0,0,0,0,0,0,0,0,0,0,0,0,0,0,0,0,0,0
6.582343101501465,9.0,0.0,0.0,-0.000720977783203125,-5.447864532470703e-05,0.0,0.0,0.5927253365516663,-0.04546654224395752,0.03,0,0,0,0,0,0,0,0,0,0,0,0,0,0,0,0,0,0,0,0,0
6.583521366119385,9.0,0.0,0.0,-0.000720977783203125,-5.447864532470703e-05,0.0,0.0,0.5927253365516663,-0.04546654224395752,0.03,0,0,0,0,0,0,0,0,0,0,0,0,0,0,0,0,0,0,0,0,0
6.5850536823272705,9.0,0.0,0.0,-0.0007169246673583984,-6.279349327087402e-05,0.0,0.0,0.5874963402748108,-0.060459963977336884,0.03,0,0,0,0,0,0,0,0,0,0,0,0,0,0,0,0,0,0,0,0,0
6.586276531219482,9.0,0.0,0.0,-0.0007169246673583984,-6.279349327087402e-05,0.0,0.0,0.5874963402748108,-0.060459963977336884,0.03,0,0,0,0,0,0,0,0,0,0,0,0,0,0,0,0,0,0,0,0,0
6.587603569030762,9.0,0.0,0.0,-0.0007169246673583984,-6.279349327087402e-05,0.0,0.0,0.5874963402748108,-0.060459963977336884,0.03,0,0,0,0,0,0,0,0,0,0,0,0,0,0,0,0,0,0,0,0,0
6.588857173919678,9.0,0.0,0.0,-0.0007169246673583984,-6.279349327087402e-05,0.0,0.0,0.5874963402748108,-0.060459963977336884,0.03,0,0,0,0,0,0,0,0,0,0,0,0,0,0,0,0,0,0,0,0,0
6.589993715286255,9.0,0.0,0.0,-0.0007169246673583984,-6.279349327087402e-05,0.0,0.0,0.5874963402748108,-0.060459963977336884,0.03,0,0,0,0,0,0,0,0,0,0,0,0,0,0,0,0,0,0,0,0,0
6.591552495956421,9.0,0.0,0.0,-0.0007169246673583984,-6.279349327087402e-05,0.0,0.0,0.5874963402748108,-0.060459963977336884,0.03,0,0,0,0,0,0,0,0,0,0,0,0,0,0,0,0,0,0,0,0,0
6.593328237533569,9.0,0.0,0.0,-0.0007169246673583984,-6.279349327087402e-05,0.0,0.0,0.5874963402748108,-0.060459963977336884,0.03,0,0,0,0,0,0,0,0,0,0,0,0,0,0,0,0,0,0,0,0,0
6.594691753387451,9.0,0.0,0.0,-0.0007169246673583984,-6.279349327087402e-05,0.0,0.0,0.5874963402748108,-0.060459963977336884,0.03,0,0,0,0,0,0,0,0,0,0,0,0,0,0,0,0,0,0,0,0,0
6.595922946929932,9.0,0.0,0.0,-0.0007169246673583984,-6.279349327087402e-05,0.0,0.0,0.5874963402748108,-0.060459963977336884,0.03,0,0,0,0,0,0,0,0,0,0,0,0,0,0,0,0,0,0,0,0,0
6.597198009490967,9.0,0.0,0.0,-0.0007169246673583984,-6.279349327087402e-05,0.0,0.0,0.5874963402748108,-0.060459963977336884,0.03,0,0,0,0,0,0,0,0,0,0,0,0,0,0,0,0,0,0,0,0,0
6.598588943481445,9.0,0.0,0.0,-0.0007169246673583984,-6.279349327087402e-05,0.0,0.0,0.5874963402748108,-0.060459963977336884,0.03,0,0,0,0,0,0,0,0,0,0,0,0,0,0,0,0,0,0,0,0,0
6.599802255630493,9.0,0.0,0.0,-0.0007169246673583984,-6.279349327087402e-05,0.0,0.0,0.5874963402748108,-0.060459963977336884,0.03,0,0,0,0,0,0,0,0,0,0,0,0,0,0,0,0,0,0,0,0,0
6.601163625717163,9.0,0.0,0.0,-0.0007169246673583984,-6.279349327087402e-05,0.0,0.0,0.5874963402748108,-0.060459963977336884,0.03,0,0,0,0,0,0,0,0,0,0,0,0,0,0,0,0,0,0,0,0,0
6.602328062057495,9.0,0.0,0.0,-0.0007169246673583984,-6.279349327087402e-05,0.0,0.0,0.5874963402748108,-0.060459963977336884,0.03,0,0,0,0,0,0,0,0,0,0,0,0,0,0,0,0,0,0,0,0,0
6.603533029556274,9.0,0.0,0.0,-0.0007169246673583984,-6.279349327087402e-05,0.0,0.0,0.5874963402748108,-0.060459963977336884,0.03,0,0,0,0,0,0,0,0,0,0,0,0,0,0,0,0,0,0,0,0,0
6.6045942306518555,9.0,0.0,0.0,-0.0007169246673583984,-6.279349327087402e-05,0.0,0.0,0.5874963402748108,-0.060459963977336884,0.03,0,0,0,0,0,0,0,0,0,0,0,0,0,0,0,0,0,0,0,0,0
6.605677843093872,9.0,0.0,0.0,-0.0007169246673583984,-6.279349327087402e-05,0.0,0.0,0.5874963402748108,-0.060459963977336884,0.03,0,0,0,0,0,0,0,0,0,0,0,0,0,0,0,0,0,0,0,0,0
6.606820583343506,9.0,0.0,0.0,-0.0007169246673583984,-6.279349327087402e-05,0.0,0.0,0.5874963402748108,-0.060459963977336884,0.03,0,0,0,0,0,0,0,0,0,0,0,0,0,0,0,0,0,0,0,0,0
6.607907056808472,9.0,0.0,0.0,-0.0007169246673583984,-6.279349327087402e-05,0.0,0.0,0.5874963402748108,-0.060459963977336884,0.03,0,0,0,0,0,0,0,0,0,0,0,0,0,0,0,0,0,0,0,0,0
6.609823703765869,9.0,0.0,0.0,-0.0007169246673583984,-6.279349327087402e-05,0.0,0.0,0.5874963402748108,-0.060459963977336884,0.03,0,0,0,0,0,0,0,0,0,0,0,0,0,0,0,0,0,0,0,0,0
6.6119225025177,9.0,0.0,0.0,-0.0007169246673583984,-6.279349327087402e-05,0.0,0.0,0.5874963402748108,-0.060459963977336884,0.03,0,0,0,0,0,0,0,0,0,0,0,0,0,0,0,0,0,0,0,0,0
6.6136558055877686,9.0,0.0,0.0,-0.0006949305534362793,-6.437301635742188e-05,0.0,0.0,0.559978187084198,-0.07758218795061111,0.03,0,0,0,0,0,0,0,0,0,0,0,0,0,0,0,0,0,0,0,0,0
6.615389347076416,9.0,0.0,0.0,-0.0006949305534362793,-6.437301635742188e-05,0.0,0.0,0.559978187084198,-0.07758218795061111,0.03,0,0,0,0,0,0,0,0,0,0,0,0,0,0,0,0,0,0,0,0,0
6.6167120933532715,9.0,0.0,0.0,-0.0006949305534362793,-6.437301635742188e-05,0.0,0.0,0.559978187084198,-0.07758218795061111,0.03,0,0,0,0,0,0,0,0,0,0,0,0,0,0,0,0,0,0,0,0,0
6.61807918548584,9.0,0.0,0.0,-0.0006949305534362793,-6.437301635742188e-05,0.0,0.0,0.559978187084198,-0.07758218795061111,0.03,0,0,0,0,0,0,0,0,0,0,0,0,0,0,0,0,0,0,0,0,0
6.62036657333374,9.0,0.0,0.0,-0.0007249116897583008,-6.93202018737793e-05,0.0,0.0,0.6182963848114014,-0.05219080671668053,0.03,0,0,0,0,0,0,0,0,0,0,0,0,0,0,0,0,0,0,0,0,0
6.62187385559082,9.0,0.0,0.0,-0.0007249116897583008,-6.93202018737793e-05,0.0,0.0,0.6182963848114014,-0.05219080671668053,0.03,0,0,0,0,0,0,0,0,0,0,0,0,0,0,0,0,0,0,0,0,0
6.623201608657837,9.0,0.0,0.0,-0.0007178187370300293,-3.466010093688965e-05,0.0,0.0,0.6136156916618347,-0.03504135459661484,0.03,0,0,0,0,0,0,0,0,0,0,0,0,0,0,0,0,0,0,0,0,0
6.624496936798096,9.0,0.0,0.0,-0.0007178187370300293,-3.466010093688965e-05,0.0,0.0,0.6136156916618347,-0.03504135459661484,0.03,0,0,0,0,0,0,0,0,0,0,0,0,0,0,0,0,0,0,0,0,0
6.626213073730469,9.0,0.0,0.0,-0.0007178187370300293,-3.466010093688965e-05,0.0,0.0,0.6136156916618347,-0.03504135459661484,0.03,0,0,0,0,0,0,0,0,0,0,0,0,0,0,0,0,0,0,0,0,0
6.627302885055542,9.0,0.0,0.0,-0.0007054805755615234,-3.361701965332031e-05,0.0,0.0,0.5686635971069336,-0.03731052204966545,0.03,0,0,0,0,0,0,0,0,0,0,0,0,0,0,0,0,0,0,0,0,0
6.629778146743774,9.0,0.0,0.0,-0.0007295608520507812,-4.9740076065063477e-05,0.0,0.0,0.6109328269958496,-0.07114393264055252,0.03,0,0,0,0,0,0,0,0,0,0,0,0,0,0,0,0,0,0,0,0,0
6.6341023445129395,9.0,0.0,0.0,-0.0007274746894836426,-4.470348358154297e-05,0.0,0.0,0.6198192238807678,-0.05093297362327576,0.03,0,0,0,0,0,0,0,0,0,0,0,0,0,0,0,0,0,0,0,0,0
6.635952949523926,9.0,0.0,0.0,-0.000714719295501709,-6.309151649475098e-05,0.0,0.0,0.5752742290496826,-0.07944321632385254,0.03,0,0,0,0,0,0,0,0,0,0,0,0,0,0,0,0,0,0,0,0,0
6.637114763259888,9.0,0.0,0.0,-0.0007336735725402832,-5.5789947509765625e-05,0.0,0.0,0.629551351070404,-0.04779360443353653,0.03,0,0,0,0,0,0,0,0,0,0,0,0,0,0,0,0,0,0,0,0,0
6.638323545455933,9.0,0.0,0.0,-0.000726163387298584,-4.595518112182617e-05,0.0,0.0,0.610098659992218,-0.0033704068046063185,0.03,0,0,0,0,0,0,0,0,0,0,0,0,0,0,0,0,0,0,0,0,0
6.640990734100342,9.0,0.0,0.0,-0.000726163387298584,-4.595518112182617e-05,0.0,0.0,0.610098659992218,-0.0033704068046063185,0.03,0,0,0,0,0,0,0,0,0,0,0,0,0,0,0,0,0,0,0,0,0
6.642703056335449,9.0,0.0,0.0,-0.000726163387298584,-4.595518112182617e-05,0.0,0.0,0.610098659992218,-0.0033704068046063185,0.03,0,0,0,0,0,0,0,0,0,0,0,0,0,0,0,0,0,0,0,0,0
6.644243001937866,9.0,0.0,0.0,-0.000726163387298584,-4.595518112182617e-05,0.0,0.0,0.610098659992218,-0.0033704068046063185,0.03,0,0,0,0,0,0,0,0,0,0,0,0,0,0,0,0,0,0,0,0,0
6.645698070526123,9.0,0.0,0.0,-0.000708460807800293,-6.225705146789551e-05,0.0,0.0,0.579282820224762,-0.06001151353120804,0.03,0,0,0,0,0,0,0,0,0,0,0,0,0,0,0,0,0,0,0,0,0
6.647446155548096,9.0,0.0,0.0,-0.000708460807800293,-6.225705146789551e-05,0.0,0.0,0.579282820224762,-0.06001151353120804,0.03,0,0,0,0,0,0,0,0,0,0,0,0,0,0,0,0,0,0,0,0,0
6.649144649505615,9.0,0.0,0.0,-0.000708460807800293,-6.225705146789551e-05,0.0,0.0,0.579282820224762,-0.06001151353120804,0.03,0,0,0,0,0,0,0,0,0,0,0,0,0,0,0,0,0,0,0,0,0
6.650616884231567,9.0,0.0,0.0,-0.000693202018737793,-1.138448715209961e-05,0.0,0.0,0.5589284896850586,0.04121565818786621,0.03,0,0,0,0,0,0,0,0,0,0,0,0,0,0,0,0,0,0,0,0,0
6.651726484298706,9.0,0.0,0.0,-0.000693202018737793,-1.138448715209961e-05,0.0,0.0,0.5589284896850586,0.04121565818786621,0.03,0,0,0,0,0,0,0,0,0,0,0,0,0,0,0,0,0,0,0,0,0
6.653482675552368,9.0,0.0,0.0,-0.000693202018737793,-1.138448715209961e-05,0.0,0.0,0.5589284896850586,0.04121565818786621,0.03,0,0,0,0,0,0,0,0,0,0,0,0,0,0,0,0,0,0,0,0,0
6.6547229290008545,9.0,0.0,0.0,-0.000693202018737793,-1.138448715209961e-05,0.0,0.0,0.5589284896850586,0.04121565818786621,0.03,0,0,0,0,0,0,0,0,0,0,0,0,0,0,0,0,0,0,0,0,0
6.655822277069092,9.0,0.0,0.0,-0.000693202018737793,-1.138448715209961e-05,0.0,0.0,0.5589284896850586,0.04121565818786621,0.03,0,0,0,0,0,0,0,0,0,0,0,0,0,0,0,0,0,0,0,0,0
6.656925439834595,9.0,0.0,0.0,-0.000693202018737793,-1.138448715209961e-05,0.0,0.0,0.5589284896850586,0.04121565818786621,0.03,0,0,0,0,0,0,0,0,0,0,0,0,0,0,0,0,0,0,0,0,0
6.6580424308776855,9.0,0.0,0.0,-0.000693202018737793,-1.138448715209961e-05,0.0,0.0,0.5589284896850586,0.04121565818786621,0.03,0,0,0,0,0,0,0,0,0,0,0,0,0,0,0,0,0,0,0,0,0
6.659440755844116,9.0,0.0,0.0,-0.000693202018737793,-1.138448715209961e-05,0.0,0.0,0.5589284896850586,0.04121565818786621,0.03,0,0,0,0,0,0,0,0,0,0,0,0,0,0,0,0,0,0,0,0,0
6.660519123077393,9.0,0.0,0.0,-0.000693202018737793,-1.138448715209961e-05,0.0,0.0,0.5589284896850586,0.04121565818786621,0.03,0,0,0,0,0,0,0,0,0,0,0,0,0,0,0,0,0,0,0,0,0
6.661990165710449,9.0,0.0,0.0,-0.000686347484588623,-0.00012186169624328613,0.0,0.0,0.5417947769165039,-0.18669767677783966,0.03,0,0,0,0,0,0,0,0,0,0,0,0,0,0,0,0,0,0,0,0,0
6.663219928741455,9.0,0.0,0.0,-0.000686347484588623,-0.00012186169624328613,0.0,0.0,0.5417947769165039,-0.18669767677783966,0.03,0,0,0,0,0,0,0,0,0,0,0,0,0,0,0,0,0,0,0,0,0
6.664411544799805,9.0,0.0,0.0,-0.000686347484588623,-0.00012186169624328613,0.0,0.0,0.5417947769165039,-0.18669767677783966,0.03,0,0,0,0,0,0,0,0,0,0,0,0,0,0,0,0,0,0,0,0,0
6.665911436080933,9.0,0.0,0.0,-0.000686347484588623,-0.00012186169624328613,0.0,0.0,0.5417947769165039,-0.18669767677783966,0.03,0,0,0,0,0,0,0,0,0,0,0,0,0,0,0,0,0,0,0,0,0
6.668526649475098,9.0,0.0,0.0,-0.000686347484588623,-0.00012186169624328613,0.0,0.0,0.5417947769165039,-0.18669767677783966,0.03,0,0,0,0,0,0,0,0,0,0,0,0,0,0,0,0,0,0,0,0,0
6.669913053512573,9.0,0.0,0.0,-0.000719606876373291,-0.00012421607971191406,0.0,0.0,0.6328930854797363,-0.061574582010507584,0.03,0,0,0,0,0,0,0,0,0,0,0,0,0,0,0,0,0,0,0,0,0
6.671135663986206,9.0,0.0,0.0,-0.000719606876373291,-0.00012421607971191406,0.0,0.0,0.6328930854797363,-0.061574582010507584,0.03,0,0,0,0,0,0,0,0,0,0,0,0,0,0,0,0,0,0,0,0,0
6.67233943939209,9.0,0.0,0.0,-0.000719606876373291,-0.00012421607971191406,0.0,0.0,0.6328930854797363,-0.061574582010507584,0.03,0,0,0,0,0,0,0,0,0,0,0,0,0,0,0,0,0,0,0,0,0
6.673694372177124,9.0,0.0,0.0,-0.000719606876373291,-0.00012421607971191406,0.0,0.0,0.6328930854797363,-0.061574582010507584,0.03,0,0,0,0,0,0,0,0,0,0,0,0,0,0,0,0,0,0,0,0,0
6.675079107284546,9.0,0.0,0.0,-0.000719606876373291,-0.00012421607971191406,0.0,0.0,0.6328930854797363,-0.061574582010507584,0.03,0,0,0,0,0,0,0,0,0,0,0,0,0,0,0,0,0,0,0,0,0
6.676339387893677,9.0,0.0,0.0,-0.000719606876373291,-0.00012421607971191406,0.0,0.0,0.6328930854797363,-0.061574582010507584,0.03,0,0,0,0,0,0,0,0,0,0,0,0,0,0,0,0,0,0,0,0,0
6.6775221824646,9.0,0.0,0.0,-0.000719606876373291,-0.00012421607971191406,0.0,0.0,0.6328930854797363,-0.061574582010507584,0.03,0,0,0,0,0,0,0,0,0,0,0,0,0,0,0,0,0,0,0,0,0
6.679168701171875,9.0,0.0,0.0,-0.000719606876373291,-0.00012421607971191406,0.0,0.0,0.6328930854797363,-0.061574582010507584,0.03,0,0,0,0,0,0,0,0,0,0,0,0,0,0,0,0,0,0,0,0,0
6.680296897888184,9.0,0.0,0.0,-0.000719606876373291,-0.00012421607971191406,0.0,0.0,0.6328930854797363,-0.061574582010507584,0.03,0,0,0,0,0,0,0,0,0,0,0,0,0,0,0,0,0,0,0,0,0
6.681383371353149,9.0,0.0,0.0,-0.000719606876373291,-0.00012421607971191406,0.0,0.0,0.6328930854797363,-0.061574582010507584,0.03,0,0,0,0,0,0,0,0,0,0,0,0,0,0,0,0,0,0,0,0,0
6.682507038116455,9.0,0.0,0.0,-0.000719606876373291,-0.00012421607971191406,0.0,0.0,0.6328930854797363,-0.061574582010507584,0.03,0,0,0,0,0,0,0,0,0,0,0,0,0,0,0,0,0,0,0,0,0
6.683593273162842,9.0,0.0,0.0,-0.000719606876373291,-0.00012421607971191406,0.0,0.0,0.6328930854797363,-0.061574582010507584,0.03,0,0,0,0,0,0,0,0,0,0,0,0,0,0,0,0,0,0,0,0,0
6.685189723968506,9.0,0.0,0.0,-0.000719606876373291,-0.00012421607971191406,0.0,0.0,0.6328930854797363,-0.061574582010507584,0.03,0,0,0,0,0,0,0,0,0,0,0,0,0,0,0,0,0,0,0,0,0
6.686720609664917,9.0,0.0,0.0,-0.000719606876373291,-0.00012421607971191406,0.0,0.0,0.6328930854797363,-0.061574582010507584,0.03,0,0,0,0,0,0,0,0,0,0,0,0,0,0,0,0,0,0,0,0,0
6.688260793685913,9.0,0.0,0.0,-0.000719606876373291,-0.00012421607971191406,0.0,0.0,0.6328930854797363,-0.061574582010507584,0.03,0,0,0,0,0,0,0,0,0,0,0,0,0,0,0,0,0,0,0,0,0
6.689574956893921,9.0,0.0,0.0,-0.000719606876373291,-0.00012421607971191406,0.0,0.0,0.6328930854797363,-0.061574582010507584,0.03,0,0,0,0,0,0,0,0,0,0,0,0,0,0,0,0,0,0,0,0,0
6.690704822540283,9.0,0.0,0.0,-0.000719606876373291,-0.00012421607971191406,0.0,0.0,0.6328930854797363,-0.061574582010507584,0.03,0,0,0,0,0,0,0,0,0,0,0,0,0,0,0,0,0,0,0,0,0
6.692070484161377,9.0,0.0,0.0,-0.000719606876373291,-0.00012421607971191406,0.0,0.0,0.6328930854797363,-0.061574582010507584,0.03,0,0,0,0,0,0,0,0,0,0,0,0,0,0,0,0,0,0,0,0,0
6.696048736572266,9.0,0.0,0.0,-0.0007340312004089355,-0.00013312697410583496,0.0,0.0,0.6246426701545715,-0.14052264392375946,0.03,0,0,0,0,0,0,0,0,0,0,0,0,0,0,0,0,0,0,0,0,0
6.697224378585815,9.0,0.0,0.0,-0.0007024407386779785,-8.01384449005127e-05,0.0,0.0,0.5707155466079712,-0.12371839582920074,0.03,0,0,0,0,0,0,0,0,0,0,0,0,0,0,0,0,0,0,0,0,0
6.698241233825684,9.0,0.0,0.0,-0.0007035732269287109,-0.00011229515075683594,0.0,0.0,0.5754820108413696,-0.10700906068086624,0.03,0,0,0,0,0,0,0,0,0,0,0,0,0,0,0,0,0,0,0,0,0
6.699578046798706,9.0,0.0,0.0,-0.000711977481842041,-0.0001226961612701416,0.0,0.0,0.604132354259491,-0.10949866473674774,0.03,0,0,0,0,0,0,0,0,0,0,0,0,0,0,0,0,0,0,0,0,0
6.70152473449707,9.0,0.0,0.0,-0.000711977481842041,-0.0001226961612701416,0.0,0.0,0.604132354259491,-0.10949866473674774,0.03,0,0,0,0,0,0,0,0,0,0,0,0,0,0,0,0,0,0,0,0,0
6.702598333358765,9.0,0.0,0.0,-0.000711977481842041,-0.0001226961612701416,0.0,0.0,0.604132354259491,-0.10949866473674774,0.03,0,0,0,0,0,0,0,0,0,0,0,0,0,0,0,0,0,0,0,0,0
6.706287384033203,9.0,0.0,0.0,-0.0006755590438842773,-0.00012138485908508301,0.0,0.0,0.5152433514595032,-0.0737578496336937,0.03,0,0,0,0,0,0,0,0,0,0,0,0,0,0,0,0,0,0,0,0,0
6.707699775695801,9.0,0.0,0.0,-0.0006755590438842773,-0.00012138485908508301,0.0,0.0,0.5152433514595032,-0.0737578496336937,0.03,0,0,0,0,0,0,0,0,0,0,0,0,0,0,0,0,0,0,0,0,0
6.708947420120239,9.0,0.0,0.0,-0.0006755590438842773,-0.00012138485908508301,0.0,0.0,0.5152433514595032,-0.0737578496336937,0.03,0,0,0,0,0,0,0,0,0,0,0,0,0,0,0,0,0,0,0,0,0
6.711082935333252,9.0,0.0,0.0,-0.0006755590438842773,-0.00012138485908508301,0.0,0.0,0.5152433514595032,-0.0737578496336937,0.03,0,0,0,0,0,0,0,0,0,0,0,0,0,0,0,0,0,0,0,0,0
6.712886810302734,9.0,0.0,0.0,-0.0006755590438842773,-0.00012138485908508301,0.0,0.0,0.5152433514595032,-0.0737578496336937,0.03,0,0,0,0,0,0,0,0,0,0,0,0,0,0,0,0,0,0,0,0,0
6.715152263641357,9.0,0.0,0.0,-0.0006949305534362793,-0.00010216236114501953,0.0,0.0,0.5350015759468079,-0.10026731342077255,0.03,0,0,0,0,0,0,0,0,0,0,0,0,0,0,0,0,0,0,0,0,0
6.71631121635437,9.0,0.0,0.0,-0.0006949305534362793,-0.00010216236114501953,0.0,0.0,0.5350015759468079,-0.10026731342077255,0.03,0,0,0,0,0,0,0,0,0,0,0,0,0,0,0,0,0,0,0,0,0
6.717626094818115,9.0,0.0,0.0,-0.0006949305534362793,-0.00010216236114501953,0.0,0.0,0.5350015759468079,-0.10026731342077255,0.03,0,0,0,0,0,0,0,0,0,0,0,0,0,0,0,0,0,0,0,0,0
6.719042778015137,9.0,0.0,0.0,-0.0006949305534362793,-0.00010216236114501953,0.0,0.0,0.5350015759468079,-0.10026731342077255,0.03,0,0,0,0,0,0,0,0,0,0,0,0,0,0,0,0,0,0,0,0,0
6.720187664031982,9.0,0.0,0.0,-0.0007335543632507324,-0.00011235475540161133,0.0,0.0,0.6332351565361023,-0.11497166007757187,0.03,0,0,0,0,0,0,0,0,0,0,0,0,0,0,0,0,0,0,0,0,0
6.72198748588562,9.0,0.0,0.0,-0.0007335543632507324,-0.00011235475540161133,0.0,0.0,0.6332351565361023,-0.11497166007757187,0.03,0,0,0,0,0,0,0,0,0,0,0,0,0,0,0,0,0,0,0,0,0
6.724422216415405,9.0,0.0,0.0,-0.0007335543632507324,-0.00011235475540161133,0.0,0.0,0.6332351565361023,-0.11497166007757187,0.03,0,0,0,0,0,0,0,0,0,0,0,0,0,0,0,0,0,0,0,0,0
6.725672483444214,9.0,0.0,0.0,-0.0007335543632507324,-0.00011235475540161133,0.0,0.0,0.6332351565361023,-0.11497166007757187,0.03,0,0,0,0,0,0,0,0,0,0,0,0,0,0,0,0,0,0,0,0,0
6.727696180343628,9.0,0.0,0.0,-0.0007335543632507324,-0.00011235475540161133,0.0,0.0,0.6332351565361023,-0.11497166007757187,0.03,0,0,0,0,0,0,0,0,0,0,0,0,0,0,0,0,0,0,0,0,0
6.729647874832153,9.0,0.0,0.0,-0.000704646110534668,-0.00010919570922851562,0.0,0.0,0.5554147362709045,-0.12523193657398224,0.03,0,0,0,0,0,0,0,0,0,0,0,0,0,0,0,0,0,0,0,0,0
6.730960845947266,9.0,0.0,0.0,-0.000704646110534668,-0.00010919570922851562,0.0,0.0,0.5554147362709045,-0.12523193657398224,0.03,0,0,0,0,0,0,0,0,0,0,0,0,0,0,0,0,0,0,0,0,0
6.732057332992554,9.0,0.0,0.0,-0.000704646110534668,-0.00010919570922851562,0.0,0.0,0.5554147362709045,-0.12523193657398224,0.03,0,0,0,0,0,0,0,0,0,0,0,0,0,0,0,0,0,0,0,0,0
6.733210802078247,9.0,0.0,0.0,-0.000704646110534668,-0.00010919570922851562,0.0,0.0,0.5554147362709045,-0.12523193657398224,0.03,0,0,0,0,0,0,0,0,0,0,0,0,0,0,0,0,0,0,0,0,0
6.734347343444824,9.0,0.0,0.0,-0.000704646110534668,-0.00010919570922851562,0.0,0.0,0.5554147362709045,-0.12523193657398224,0.03,0,0,0,0,0,0,0,0,0,0,0,0,0,0,0,0,0,0,0,0,0
6.735695838928223,9.0,0.0,0.0,-0.000704646110534668,-0.00010919570922851562,0.0,0.0,0.5554147362709045,-0.12523193657398224,0.03,0,0,0,0,0,0,0,0,0,0,0,0,0,0,0,0,0,0,0,0,0
6.736783504486084,9.0,0.0,0.0,-0.000704646110534668,-0.00010919570922851562,0.0,0.0,0.5554147362709045,-0.12523193657398224,0.03,0,0,0,0,0,0,0,0,0,0,0,0,0,0,0,0,0,0,0,0,0
6.737894058227539,9.0,0.0,0.0,-0.000704646110534668,-0.00010919570922851562,0.0,0.0,0.5554147362709045,-0.12523193657398224,0.03,0,0,0,0,0,0,0,0,0,0,0,0,0,0,0,0,0,0,0,0,0
6.7391517162323,9.0,0.0,0.0,-0.000704646110534668,-0.00010919570922851562,0.0,0.0,0.5554147362709045,-0.12523193657398224,0.03,0,0,0,0,0,0,0,0,0,0,0,0,0,0,0,0,0,0,0,0,0
6.741796255111694,9.0,0.0,0.0,-0.000704646110534668,-0.00010919570922851562,0.0,0.0,0.5554147362709045,-0.12523193657398224,0.03,0,0,0,0,0,0,0,0,0,0,0,0,0,0,0,0,0,0,0,0,0
6.743078947067261,9.0,0.0,0.0,-0.000704646110534668,-0.00010919570922851562,0.0,0.0,0.5554147362709045,-0.12523193657398224,0.03,0,0,0,0,0,0,0,0,0,0,0,0,0,0,0,0,0,0,0,0,0
6.745863676071167,9.0,0.0,0.0,-0.0007281899452209473,-0.00012242794036865234,0.0,0.0,0.5934640765190125,-0.10816031694412231,0.03,0,0,0,0,0,0,0,0,0,0,0,0,0,0,0,0,0,0,0,0,0
6.747838020324707,9.0,0.0,0.0,-0.0007281899452209473,-0.00012305378913879395,0.0,0.0,0.604717493057251,-0.10320782661437988,0.03,0,0,0,0,0,0,0,0,0,0,0,0,0,0,0,0,0,0,0,0,0
6.750216245651245,9.0,0.0,0.0,-0.0007179975509643555,-0.0001233220100402832,0.0,0.0,0.5850495100021362,-0.11138204485177994,0.03,0,0,0,0,0,0,0,0,0,0,0,0,0,0,0,0,0,0,0,0,0
6.753210067749023,9.0,0.0,0.0,-0.0007179975509643555,-0.0001233220100402832,0.0,0.0,0.5850495100021362,-0.11138204485177994,0.03,0,0,0,0,0,0,0,0,0,0,0,0,0,0,0,0,0,0,0,0,0
6.754854679107666,9.0,0.0,0.0,-0.0007179975509643555,-0.0001233220100402832,0.0,0.0,0.5850495100021362,-0.11138204485177994,0.03,0,0,0,0,0,0,0,0,0,0,0,0,0,0,0,0,0,0,0,0,0
6.755948305130005,9.0,0.0,0.0,-0.0007396936416625977,-0.0001226663589477539,0.0,0.0,0.6382502317428589,-0.08974391222000122,0.03,0,0,0,0,0,0,0,0,0,0,0,0,0,0,0,0,0,0,0,0,0
6.757997751235962,9.0,0.0,0.0,-0.0007396936416625977,-0.0001226663589477539,0.0,0.0,0.6382502317428589,-0.08974391222000122,0.03,0,0,0,0,0,0,0,0,0,0,0,0,0,0,0,0,0,0,0,0,0
6.759197473526001,9.0,0.0,0.0,-0.0007396936416625977,-0.0001226663589477539,0.0,0.0,0.6382502317428589,-0.08974391222000122,0.03,0,0,0,0,0,0,0,0,0,0,0,0,0,0,0,0,0,0,0,0,0
6.760619163513184,9.0,0.0,0.0,-0.0007262825965881348,-9.527802467346191e-05,0.0,0.0,0.6060835123062134,-0.08630427718162537,0.03,0,0,0,0,0,0,0,0,0,0,0,0,0,0,0,0,0,0,0,0,0
6.76185417175293,9.0,0.0,0.0,-0.0007103085517883301,-0.00012412667274475098,0.0,0.0,0.5928694605827332,-0.11015385389328003,0.03,0,0,0,0,0,0,0,0,0,0,0,0,0,0,0,0,0,0,0,0,0
6.762923002243042,9.0,0.0,0.0,-0.0007103085517883301,-0.00012412667274475098,0.0,0.0,0.5928694605827332,-0.11015385389328003,0.03,0,0,0,0,0,0,0,0,0,0,0,0,0,0,0,0,0,0,0,0,0
6.764034032821655,9.0,0.0,0.0,-0.0007103085517883301,-0.00012412667274475098,0.0,0.0,0.5928694605827332,-0.11015385389328003,0.03,0,0,0,0,0,0,0,0,0,0,0,0,0,0,0,0,0,0,0,0,0
6.765237331390381,9.0,0.0,0.0,-0.0007103085517883301,-0.00012412667274475098,0.0,0.0,0.5928694605827332,-0.11015385389328003,0.03,0,0,0,0,0,0,0,0,0,0,0,0,0,0,0,0,0,0,0,0,0
6.7666802406311035,9.0,0.0,0.0,-0.0007103085517883301,-0.00012412667274475098,0.0,0.0,0.5928694605827332,-0.11015385389328003,0.03,0,0,0,0,0,0,0,0,0,0,0,0,0,0,0,0,0,0,0,0,0
6.767792701721191,9.0,0.0,0.0,-0.0007103085517883301,-0.00012412667274475098,0.0,0.0,0.5928694605827332,-0.11015385389328003,0.03,0,0,0,0,0,0,0,0,0,0,0,0,0,0,0,0,0,0,0,0,0
6.769143104553223,9.0,0.0,0.0,-0.0007103085517883301,-0.00012412667274475098,0.0,0.0,0.5928694605827332,-0.11015385389328003,0.03,0,0,0,0,0,0,0,0,0,0,0,0,0,0,0,0,0,0,0,0,0
6.77164888381958,9.0,0.0,0.0,-0.000678718090057373,-8.755922317504883e-05,0.0,0.0,0.5480659008026123,-0.13996197283267975,0.03,0,0,0,0,0,0,0,0,0,0,0,0,0,0,0,0,0,0,0,0,0
6.773007154464722,9.0,0.0,0.0,-0.000678718090057373,-8.755922317504883e-05,0.0,0.0,0.5480659008026123,-0.13996197283267975,0.03,0,0,0,0,0,0,0,0,0,0,0,0,0,0,0,0,0,0,0,0,0
6.775736570358276,9.0,0.0,0.0,-0.000678718090057373,-8.755922317504883e-05,0.0,0.0,0.5480659008026123,-0.13996197283267975,0.03,0,0,0,0,0,0,0,0,0,0,0,0,0,0,0,0,0,0,0,0,0
6.777219772338867,9.0,0.0,0.0,-0.000678718090057373,-8.755922317504883e-05,0.0,0.0,0.5480659008026123,-0.13996197283267975,0.03,0,0,0,0,0,0,0,0,0,0,0,0,0,0,0,0,0,0,0,0,0
6.778416395187378,9.0,0.0,0.0,-0.000678718090057373,-8.755922317504883e-05,0.0,0.0,0.5480659008026123,-0.13996197283267975,0.03,0,0,0,0,0,0,0,0,0,0,0,0,0,0,0,0,0,0,0,0,0
6.779688119888306,9.0,0.0,0.0,-0.000678718090057373,-8.755922317504883e-05,0.0,0.0,0.5480659008026123,-0.13996197283267975,0.03,0,0,0,0,0,0,0,0,0,0,0,0,0,0,0,0,0,0,0,0,0
6.781937122344971,9.0,0.0,0.0,-0.0006898045539855957,-0.00011238455772399902,0.0,0.0,0.5611333250999451,-0.08948357403278351,0.03,0,0,0,0,0,0,0,0,0,0,0,0,0,0,0,0,0,0,0,0,0
6.7834038734436035,9.0,0.0,0.0,-0.0006898045539855957,-0.00011238455772399902,0.0,0.0,0.5611333250999451,-0.08948357403278351,0.03,0,0,0,0,0,0,0,0,0,0,0,0,0,0,0,0,0,0,0,0,0
6.784641742706299,9.0,0.0,0.0,-0.0006898045539855957,-0.00011238455772399902,0.0,0.0,0.5611333250999451,-0.08948357403278351,0.03,0,0,0,0,0,0,0,0,0,0,0,0,0,0,0,0,0,0,0,0,0
6.78570818901062,9.0,0.0,0.0,-0.0006898045539855957,-0.00011238455772399902,0.0,0.0,0.5611333250999451,-0.08948357403278351,0.03,0,0,0,0,0,0,0,0,0,0,0,0,0,0,0,0,0,0,0,0,0
6.786777019500732,9.0,0.0,0.0,-0.0006898045539855957,-0.00011238455772399902,0.0,0.0,0.5611333250999451,-0.08948357403278351,0.03,0,0,0,0,0,0,0,0,0,0,0,0,0,0,0,0,0,0,0,0,0
6.787879228591919,9.0,0.0,0.0,-0.0006898045539855957,-0.00011238455772399902,0.0,0.0,0.5611333250999451,-0.08948357403278351,0.03,0,0,0,0,0,0,0,0,0,0,0,0,0,0,0,0,0,0,0,0,0
6.790076494216919,9.0,0.0,0.0,-0.0007432103157043457,-0.00014340877532958984,0.0,0.0,0.6592736840248108,-0.15529736876487732,0.03,0,0,0,0,0,0,0,0,0,0,0,0,0,0,0,0,0,0,0,0,0
6.79132342338562,9.0,0.0,0.0,-0.0007432103157043457,-0.00014340877532958984,0.0,0.0,0.6592736840248108,-0.15529736876487732,0.03,0,0,0,0,0,0,0,0,0,0,0,0,0,0,0,0,0,0,0,0,0
6.793173789978027,9.0,0.0,0.0,-0.0007432103157043457,-0.00014340877532958984,0.0,0.0,0.6592736840248108,-0.15529736876487732,0.03,0,0,0,0,0,0,0,0,0,0,0,0,0,0,0,0,0,0,0,0,0
6.794800281524658,9.0,0.0,0.0,-0.0007432103157043457,-0.00014340877532958984,0.0,0.0,0.6592736840248108,-0.15529736876487732,0.03,0,0,0,0,0,0,0,0,0,0,0,0,0,0,0,0,0,0,0,0,0
6.79777455329895,9.0,0.0,0.0,-0.0006963014602661133,-0.00012156367301940918,0.0,0.0,0.5669476389884949,-0.09544149041175842,0.03,0,0,0,0,0,0,0,0,0,0,0,0,0,0,0,0,0,0,0,0,0
6.800695896148682,9.0,0.0,0.0,-0.0007233023643493652,-0.0001234114170074463,0.0,0.0,0.6015030145645142,-0.0656379982829094,0.03,0,0,0,0,0,0,0,0,0,0,0,0,0,0,0,0,0,0,0,0,0
6.802003860473633,9.0,0.0,0.0,-0.0007379055023193359,-0.00012320280075073242,0.0,0.0,0.634495198726654,-0.07262057811021805,0.03,0,0,0,0,0,0,0,0,0,0,0,0,0,0,0,0,0,0,0,0,0
6.8035218715667725,9.0,0.0,0.0,-0.0007379055023193359,-0.00012320280075073242,0.0,0.0,0.634495198726654,-0.07262057811021805,0.03,0,0,0,0,0,0,0,0,0,0,0,0,0,0,0,0,0,0,0,0,0
6.805740594863892,9.0,0.0,0.0,-0.0007379055023193359,-0.00012320280075073242,0.0,0.0,0.634495198726654,-0.07262057811021805,0.03,0,0,0,0,0,0,0,0,0,0,0,0,0,0,0,0,0,0,0,0,0
6.806990623474121,9.0,0.0,0.0,-0.0007080435752868652,-7.355213165283203e-05,0.0,0.0,0.5517265200614929,-0.06539016216993332,0.03,0,0,0,0,0,0,0,0,0,0,0,0,0,0,0,0,0,0,0,0,0
6.808140754699707,9.0,0.0,0.0,-0.0007080435752868652,-7.355213165283203e-05,0.0,0.0,0.5517265200614929,-0.06539016216993332,0.03,0,0,0,0,0,0,0,0,0,0,0,0,0,0,0,0,0,0,0,0,0
6.8099164962768555,9.0,0.0,0.0,-0.0007216334342956543,-8.162856101989746e-05,0.0,0.0,0.6092934608459473,-0.1180974617600441,0.03,0,0,0,0,0,0,0,0,0,0,0,0,0,0,0,0,0,0,0,0,0
6.811450004577637,9.0,0.0,0.0,-0.0007216334342956543,-8.162856101989746e-05,0.0,0.0,0.6092934608459473,-0.1180974617600441,0.03,0,0,0,0,0,0,0,0,0,0,0,0,0,0,0,0,0,0,0,0,0
6.812593698501587,9.0,0.0,0.0,-0.0007216334342956543,-8.162856101989746e-05,0.0,0.0,0.6092934608459473,-0.1180974617600441,0.03,0,0,0,0,0,0,0,0,0,0,0,0,0,0,0,0,0,0,0,0,0
6.813715696334839,9.0,0.0,0.0,-0.0007216334342956543,-8.162856101989746e-05,0.0,0.0,0.6092934608459473,-0.1180974617600441,0.03,0,0,0,0,0,0,0,0,0,0,0,0,0,0,0,0,0,0,0,0,0
6.814802885055542,9.0,0.0,0.0,-0.0007216334342956543,-8.162856101989746e-05,0.0,0.0,0.6092934608459473,-0.1180974617600441,0.03,0,0,0,0,0,0,0,0,0,0,0,0,0,0,0,0,0,0,0,0,0
6.8159661293029785,9.0,0.0,0.0,-0.0007216334342956543,-8.162856101989746e-05,0.0,0.0,0.6092934608459473,-0.1180974617600441,0.03,0,0,0,0,0,0,0,0,0,0,0,0,0,0,0,0,0,0,0,0,0
6.8170623779296875,9.0,0.0,0.0,-0.000712275505065918,-0.00012367963790893555,0.0,0.0,0.620469868183136,-0.09742463380098343,0.03,0,0,0,0,0,0,0,0,0,0,0,0,0,0,0,0,0,0,0,0,0
6.818217754364014,9.0,0.0,0.0,-0.000712275505065918,-0.00012367963790893555,0.0,0.0,0.620469868183136,-0.09742463380098343,0.03,0,0,0,0,0,0,0,0,0,0,0,0,0,0,0,0,0,0,0,0,0
6.819489002227783,9.0,0.0,0.0,-0.000712275505065918,-0.00012367963790893555,0.0,0.0,0.620469868183136,-0.09742463380098343,0.03,0,0,0,0,0,0,0,0,0,0,0,0,0,0,0,0,0,0,0,0,0
6.820576190948486,9.0,0.0,0.0,-0.000712275505065918,-0.00012367963790893555,0.0,0.0,0.620469868183136,-0.09742463380098343,0.03,0,0,0,0,0,0,0,0,0,0,0,0,0,0,0,0,0,0,0,0,0
6.8217737674713135,9.0,0.0,0.0,-0.000712275505065918,-0.00012367963790893555,0.0,0.0,0.620469868183136,-0.09742463380098343,0.03,0,0,0,0,0,0,0,0,0,0,0,0,0,0,0,0,0,0,0,0,0
6.822920799255371,9.0,0.0,0.0,-0.0007231235504150391,-0.00012317299842834473,0.0,0.0,0.6051607131958008,-0.10527066141366959,0.03,0,0,0,0,0,0,0,0,0,0,0,0,0,0,0,0,0,0,0,0,0
6.824581623077393,9.0,0.0,0.0,-0.0007231235504150391,-0.00012317299842834473,0.0,0.0,0.6051607131958008,-0.10527066141366959,0.03,0,0,0,0,0,0,0,0,0,0,0,0,0,0,0,0,0,0,0,0,0
6.828080892562866,9.0,0.0,0.0,-0.0007231235504150391,-0.00012317299842834473,0.0,0.0,0.6051607131958008,-0.10527066141366959,0.03,0,0,0,0,0,0,0,0,0,0,0,0,0,0,0,0,0,0,0,0,0
6.829574108123779,9.0,0.0,0.0,-0.0007031559944152832,-0.00012427568435668945,0.0,0.0,0.5520527362823486,-0.07275868952274323,0.03,0,0,0,0,0,0,0,0,0,0,0,0,0,0,0,0,0,0,0,0,0
6.830909729003906,9.0,0.0,0.0,-0.0007031559944152832,-0.00012427568435668945,0.0,0.0,0.5520527362823486,-0.07275868952274323,0.03,0,0,0,0,0,0,0,0,0,0,0,0,0,0,0,0,0,0,0,0,0
6.83253026008606,9.0,0.0,0.0,-0.0006769299507141113,-0.00010454654693603516,0.0,0.0,0.5464283227920532,-0.08330945670604706,0.03,0,0,0,0,0,0,0,0,0,0,0,0,0,0,0,0,0,0,0,0,0
6.83481502532959,9.0,0.0,0.0,-0.0006792545318603516,-9.423494338989258e-05,0.0,0.0,0.5658006072044373,-0.12724992632865906,0.03,0,0,0,0,0,0,0,0,0,0,0,0,0,0,0,0,0,0,0,0,0
6.83616304397583,9.0,0.0,0.0,-0.0006792545318603516,-9.423494338989258e-05,0.0,0.0,0.5658006072044373,-0.12724992632865906,0.03,0,0,0,0,0,0,0,0,0,0,0,0,0,0,0,0,0,0,0,0,0
6.837263584136963,9.0,0.0,0.0,-0.0006792545318603516,-9.423494338989258e-05,0.0,0.0,0.5658006072044373,-0.12724992632865906,0.03,0,0,0,0,0,0,0,0,0,0,0,0,0,0,0,0,0,0,0,0,0
6.839290380477905,9.0,0.0,0.0,-0.0006792545318603516,-9.423494338989258e-05,0.0,0.0,0.5658006072044373,-0.12724992632865906,0.03,0,0,0,0,0,0,0,0,0,0,0,0,0,0,0,0,0,0,0,0,0
6.840513706207275,9.0,0.0,0.0,-0.0006792545318603516,-9.423494338989258e-05,0.0,0.0,0.5658006072044373,-0.12724992632865906,0.03,0,0,0,0,0,0,0,0,0,0,0,0,0,0,0,0,0,0,0,0,0
6.841606378555298,9.0,0.0,0.0,-0.0006792545318603516,-9.423494338989258e-05,0.0,0.0,0.5658006072044373,-0.12724992632865906,0.03,0,0,0,0,0,0,0,0,0,0,0,0,0,0,0,0,0,0,0,0,0
6.842726707458496,9.0,0.0,0.0,-0.0006792545318603516,-9.423494338989258e-05,0.0,0.0,0.5658006072044373,-0.12724992632865906,0.03,0,0,0,0,0,0,0,0,0,0,0,0,0,0,0,0,0,0,0,0,0
6.843921184539795,9.0,0.0,0.0,-0.0006792545318603516,-9.423494338989258e-05,0.0,0.0,0.5658006072044373,-0.12724992632865906,0.03,0,0,0,0,0,0,0,0,0,0,0,0,0,0,0,0,0,0,0,0,0
6.845182180404663,9.0,0.0,0.0,-0.0006792545318603516,-9.423494338989258e-05,0.0,0.0,0.5658006072044373,-0.12724992632865906,0.03,0,0,0,0,0,0,0,0,0,0,0,0,0,0,0,0,0,0,0,0,0
6.8462464809417725,9.0,0.0,0.0,-0.0006792545318603516,-9.423494338989258e-05,0.0,0.0,0.5658006072044373,-0.12724992632865906,0.03,0,0,0,0,0,0,0,0,0,0,0,0,0,0,0,0,0,0,0,0,0
6.848772048950195,9.0,0.0,0.0,-0.0006792545318603516,-9.423494338989258e-05,0.0,0.0,0.5658006072044373,-0.12724992632865906,0.03,0,0,0,0,0,0,0,0,0,0,0,0,0,0,0,0,0,0,0,0,0
6.852163791656494,9.0,0.0,0.0,-0.0006792545318603516,-9.423494338989258e-05,0.0,0.0,0.5658006072044373,-0.12724992632865906,0.03,0,0,0,0,0,0,0,0,0,0,0,0,0,0,0,0,0,0,0,0,0
6.853440761566162,9.0,0.0,0.0,-0.0006792545318603516,-9.423494338989258e-05,0.0,0.0,0.5658006072044373,-0.12724992632865906,0.03,0,0,0,0,0,0,0,0,0,0,0,0,0,0,0,0,0,0,0,0,0
6.854763984680176,9.0,0.0,0.0,-0.0006792545318603516,-9.423494338989258e-05,0.0,0.0,0.5658006072044373,-0.12724992632865906,0.03,0,0,0,0,0,0,0,0,0,0,0,0,0,0,0,0,0,0,0,0,0
6.856503486633301,9.0,0.0,0.0,-0.0006792545318603516,-9.423494338989258e-05,0.0,0.0,0.5658006072044373,-0.12724992632865906,0.03,0,0,0,0,0,0,0,0,0,0,0,0,0,0,0,0,0,0,0,0,0
6.857566833496094,9.0,0.0,0.0,-0.0006792545318603516,-9.423494338989258e-05,0.0,0.0,0.5658006072044373,-0.12724992632865906,0.03,0,0,0,0,0,0,0,0,0,0,0,0,0,0,0,0,0,0,0,0,0
6.859291076660156,9.0,0.0,0.0,-0.0006792545318603516,-9.423494338989258e-05,0.0,0.0,0.5658006072044373,-0.12724992632865906,0.03,0,0,0,0,0,0,0,0,0,0,0,0,0,0,0,0,0,0,0,0,0
6.860419273376465,9.0,0.0,0.0,-0.0006792545318603516,-9.423494338989258e-05,0.0,0.0,0.5658006072044373,-0.12724992632865906,0.03,0,0,0,0,0,0,0,0,0,0,0,0,0,0,0,0,0,0,0,0,0
6.861511468887329,9.0,0.0,0.0,-0.0006792545318603516,-9.423494338989258e-05,0.0,0.0,0.5658006072044373,-0.12724992632865906,0.03,0,0,0,0,0,0,0,0,0,0,0,0,0,0,0,0,0,0,0,0,0
6.8644936084747314,9.0,0.0,0.0,-0.0006792545318603516,-9.423494338989258e-05,0.0,0.0,0.5658006072044373,-0.12724992632865906,0.03,0,0,0,0,0,0,0,0,0,0,0,0,0,0,0,0,0,0,0,0,0
6.865934133529663,9.0,0.0,0.0,-0.0006792545318603516,-9.423494338989258e-05,0.0,0.0,0.5658006072044373,-0.12724992632865906,0.03,0,0,0,0,0,0,0,0,0,0,0,0,0,0,0,0,0,0,0,0,0
6.867371320724487,9.0,0.0,0.0,-0.0007221102714538574,-0.00012180209159851074,0.0,0.0,0.6282036304473877,-0.11190502345561981,0.03,0,0,0,0,0,0,0,0,0,0,0,0,0,0,0,0,0,0,0,0,0
6.869700908660889,9.0,0.0,0.0,-0.0007221102714538574,-0.00012180209159851074,0.0,0.0,0.6282036304473877,-0.11190502345561981,0.03,0,0,0,0,0,0,0,0,0,0,0,0,0,0,0,0,0,0,0,0,0
6.875078439712524,9.0,0.0,0.0,-0.0007256269454956055,-0.0001156926155090332,0.0,0.0,0.6127768158912659,-0.12288480997085571,0.03,0,0,0,0,0,0,0,0,0,0,0,0,0,0,0,0,0,0,0,0,0
6.876840353012085,9.0,0.0,0.0,-0.0007105469703674316,-6.639957427978516e-05,0.0,0.0,0.5776811242103577,-0.08206718415021896,0.03,0,0,0,0,0,0,0,0,0,0,0,0,0,0,0,0,0,0,0,0,0
6.8783228397369385,9.0,0.0,0.0,-0.0007105469703674316,-6.639957427978516e-05,0.0,0.0,0.5776811242103577,-0.08206718415021896,0.03,0,0,0,0,0,0,0,0,0,0,0,0,0,0,0,0,0,0,0,0,0
6.881334066390991,9.0,0.0,0.0,-0.0007105469703674316,-6.639957427978516e-05,0.0,0.0,0.5776811242103577,-0.08206718415021896,0.03,0,0,0,0,0,0,0,0,0,0,0,0,0,0,0,0,0,0,0,0,0
6.882550239562988,9.0,0.0,0.0,-0.0007105469703674316,-6.639957427978516e-05,0.0,0.0,0.5776811242103577,-0.08206718415021896,0.03,0,0,0,0,0,0,0,0,0,0,0,0,0,0,0,0,0,0,0,0,0
6.883896589279175,9.0,0.0,0.0,-0.0007105469703674316,-6.639957427978516e-05,0.0,0.0,0.5776811242103577,-0.08206718415021896,0.03,0,0,0,0,0,0,0,0,0,0,0,0,0,0,0,0,0,0,0,0,0
6.885414361953735,9.0,0.0,0.0,-0.0007105469703674316,-6.639957427978516e-05,0.0,0.0,0.5776811242103577,-0.08206718415021896,0.03,0,0,0,0,0,0,0,0,0,0,0,0,0,0,0,0,0,0,0,0,0
6.886483192443848,9.0,0.0,0.0,-0.0007105469703674316,-6.639957427978516e-05,0.0,0.0,0.5776811242103577,-0.08206718415021896,0.03,0,0,0,0,0,0,0,0,0,0,0,0,0,0,0,0,0,0,0,0,0
6.887669086456299,9.0,0.0,0.0,-0.0007105469703674316,-6.639957427978516e-05,0.0,0.0,0.5776811242103577,-0.08206718415021896,0.03,0,0,0,0,0,0,0,0,0,0,0,0,0,0,0,0,0,0,0,0,0
6.888755798339844,9.0,0.0,0.0,-0.0007105469703674316,-6.639957427978516e-05,0.0,0.0,0.5776811242103577,-0.08206718415021896,0.03,0,0,0,0,0,0,0,0,0,0,0,0,0,0,0,0,0,0,0,0,0
6.890506029129028,9.0,0.0,0.0,-0.0006961822509765625,-0.00012573599815368652,0.0,0.0,0.5941909551620483,-0.10566406697034836,0.03,0,0,0,0,0,0,0,0,0,0,0,0,0,0,0,0,0,0,0,0,0
6.8915674686431885,9.0,0.0,0.0,-0.0006961822509765625,-0.00012573599815368652,0.0,0.0,0.5941909551620483,-0.10566406697034836,0.03,0,0,0,0,0,0,0,0,0,0,0,0,0,0,0,0,0,0,0,0,0
6.89299201965332,9.0,0.0,0.0,-0.0006961822509765625,-0.00012573599815368652,0.0,0.0,0.5941909551620483,-0.10566406697034836,0.03,0,0,0,0,0,0,0,0,0,0,0,0,0,0,0,0,0,0,0,0,0
6.894446611404419,9.0,0.0,0.0,-0.0006961822509765625,-0.00012573599815368652,0.0,0.0,0.5941909551620483,-0.10566406697034836,0.03,0,0,0,0,0,0,0,0,0,0,0,0,0,0,0,0,0,0,0,0,0
6.895607948303223,9.0,0.0,0.0,-0.0006961822509765625,-0.00012573599815368652,0.0,0.0,0.5941909551620483,-0.10566406697034836,0.03,0,0,0,0,0,0,0,0,0,0,0,0,0,0,0,0,0,0,0,0,0
6.89696478843689,9.0,0.0,0.0,-0.0006961822509765625,-0.00012573599815368652,0.0,0.0,0.5941909551620483,-0.10566406697034836,0.03,0,0,0,0,0,0,0,0,0,0,0,0,0,0,0,0,0,0,0,0,0
6.898717880249023,9.0,0.0,0.0,-0.0006961822509765625,-0.00012573599815368652,0.0,0.0,0.5941909551620483,-0.10566406697034836,0.03,0,0,0,0,0,0,0,0,0,0,0,0,0,0,0,0,0,0,0,0,0
6.900993585586548,9.0,0.0,0.0,-0.0006961822509765625,-0.00012573599815368652,0.0,0.0,0.5941909551620483,-0.10566406697034836,0.03,0,0,0,0,0,0,0,0,0,0,0,0,0,0,0,0,0,0,0,0,0
6.902108192443848,9.0,0.0,0.0,-0.0006988644599914551,-9.861588478088379e-05,0.0,0.0,0.566353440284729,-0.046878837049007416,0.03,0,0,0,0,0,0,0,0,0,0,0,0,0,0,0,0,0,0,0,0,0
6.90323543548584,9.0,0.0,0.0,-0.0006988644599914551,-9.861588478088379e-05,0.0,0.0,0.566353440284729,-0.046878837049007416,0.03,0,0,0,0,0,0,0,0,0,0,0,0,0,0,0,0,0,0,0,0,0
6.904704332351685,9.0,0.0,0.0,-0.0007094740867614746,-8.13901424407959e-05,0.0,0.0,0.5928119421005249,-0.027207067236304283,0.03,0,0,0,0,0,0,0,0,0,0,0,0,0,0,0,0,0,0,0,0,0
6.905789852142334,9.0,0.0,0.0,-0.0007094740867614746,-8.13901424407959e-05,0.0,0.0,0.5928119421005249,-0.027207067236304283,0.03,0,0,0,0,0,0,0,0,0,0,0,0,0,0,0,0,0,0,0,0,0
6.906934022903442,9.0,0.0,0.0,-0.0007094740867614746,-8.13901424407959e-05,0.0,0.0,0.5928119421005249,-0.027207067236304283,0.03,0,0,0,0,0,0,0,0,0,0,0,0,0,0,0,0,0,0,0,0,0
6.9082159996032715,9.0,0.0,0.0,-0.0007094740867614746,-8.13901424407959e-05,0.0,0.0,0.5928119421005249,-0.027207067236304283,0.03,0,0,0,0,0,0,0,0,0,0,0,0,0,0,0,0,0,0,0,0,0
6.909844636917114,9.0,0.0,0.0,-0.0007094740867614746,-8.13901424407959e-05,0.0,0.0,0.5928119421005249,-0.027207067236304283,0.03,0,0,0,0,0,0,0,0,0,0,0,0,0,0,0,0,0,0,0,0,0
6.9109416007995605,9.0,0.0,0.0,-0.0007094740867614746,-8.13901424407959e-05,0.0,0.0,0.5928119421005249,-0.027207067236304283,0.03,0,0,0,0,0,0,0,0,0,0,0,0,0,0,0,0,0,0,0,0,0
6.91239333152771,9.0,0.0,0.0,-0.0007094740867614746,-8.13901424407959e-05,0.0,0.0,0.5928119421005249,-0.027207067236304283,0.03,0,0,0,0,0,0,0,0,0,0,0,0,0,0,0,0,0,0,0,0,0
6.914173364639282,9.0,0.0,0.0,-0.0006935000419616699,-0.00011470913887023926,0.0,0.0,0.5700892210006714,-0.10087468475103378,0.03,0,0,0,0,0,0,0,0,0,0,0,0,0,0,0,0,0,0,0,0,0
6.915611505508423,9.0,0.0,0.0,-0.0006946325302124023,-0.00010478496551513672,0.0,0.0,0.5729593634605408,-0.07493425160646439,0.03,0,0,0,0,0,0,0,0,0,0,0,0,0,0,0,0,0,0,0,0,0
6.916845798492432,9.0,0.0,0.0,-0.0006946325302124023,-0.00010478496551513672,0.0,0.0,0.5729593634605408,-0.07493425160646439,0.03,0,0,0,0,0,0,0,0,0,0,0,0,0,0,0,0,0,0,0,0,0
6.918016672134399,9.0,0.0,0.0,-0.0006946325302124023,-0.00010478496551513672,0.0,0.0,0.5729593634605408,-0.07493425160646439,0.03,0,0,0,0,0,0,0,0,0,0,0,0,0,0,0,0,0,0,0,0,0
6.919110536575317,9.0,0.0,0.0,-0.0006998777389526367,-8.609890937805176e-05,0.0,0.0,0.5684524774551392,-0.11528618633747101,0.03,0,0,0,0,0,0,0,0,0,0,0,0,0,0,0,0,0,0,0,0,0
6.920205354690552,9.0,0.0,0.0,-0.0006998777389526367,-8.609890937805176e-05,0.0,0.0,0.5684524774551392,-0.11528618633747101,0.03,0,0,0,0,0,0,0,0,0,0,0,0,0,0,0,0,0,0,0,0,0
6.92168927192688,9.0,0.0,0.0,-0.0006998777389526367,-8.609890937805176e-05,0.0,0.0,0.5684524774551392,-0.11528618633747101,0.03,0,0,0,0,0,0,0,0,0,0,0,0,0,0,0,0,0,0,0,0,0
6.923927068710327,9.0,0.0,0.0,-0.0006998777389526367,-8.609890937805176e-05,0.0,0.0,0.5684524774551392,-0.11528618633747101,0.03,0,0,0,0,0,0,0,0,0,0,0,0,0,0,0,0,0,0,0,0,0
6.92839503288269,9.0,0.0,0.0,-0.0006998777389526367,-8.609890937805176e-05,0.0,0.0,0.5684524774551392,-0.11528618633747101,0.03,0,0,0,0,0,0,0,0,0,0,0,0,0,0,0,0,0,0,0,0,0
6.929469585418701,9.0,0.0,0.0,-0.0006998777389526367,-8.609890937805176e-05,0.0,0.0,0.5684524774551392,-0.11528618633747101,0.03,0,0,0,0,0,0,0,0,0,0,0,0,0,0,0,0,0,0,0,0,0
6.9312639236450195,9.0,0.0,0.0,-0.0006998777389526367,-8.609890937805176e-05,0.0,0.0,0.5684524774551392,-0.11528618633747101,0.03,0,0,0,0,0,0,0,0,0,0,0,0,0,0,0,0,0,0,0,0,0
6.932392358779907,9.0,0.0,0.0,-0.0006998777389526367,-8.609890937805176e-05,0.0,0.0,0.5684524774551392,-0.11528618633747101,0.03,0,0,0,0,0,0,0,0,0,0,0,0,0,0,0,0,0,0,0,0,0
6.934555530548096,9.0,0.0,0.0,-0.0007083415985107422,-0.00011309981346130371,0.0,0.0,0.5963940024375916,-0.10274865478277206,0.03,0,0,0,0,0,0,0,0,0,0,0,0,0,0,0,0,0,0,0,0,0
6.9357099533081055,9.0,0.0,0.0,-0.0006920695304870605,-8.237361907958984e-05,0.0,0.0,0.5393314361572266,-0.1288021206855774,0.03,0,0,0,0,0,0,0,0,0,0,0,0,0,0,0,0,0,0,0,0,0
6.936847686767578,9.0,0.0,0.0,-0.0006914138793945312,-0.0001245737075805664,0.0,0.0,0.5664676427841187,-0.10165739059448242,0.03,0,0,0,0,0,0,0,0,0,0,0,0,0,0,0,0,0,0,0,0,0
6.938514947891235,9.0,0.0,0.0,-0.0006914138793945312,-0.0001245737075805664,0.0,0.0,0.5664676427841187,-0.10165739059448242,0.03,0,0,0,0,0,0,0,0,0,0,0,0,0,0,0,0,0,0,0,0,0
6.939609527587891,9.0,0.0,0.0,-0.0006914138793945312,-0.0001245737075805664,0.0,0.0,0.5664676427841187,-0.10165739059448242,0.03,0,0,0,0,0,0,0,0,0,0,0,0,0,0,0,0,0,0,0,0,0
6.94139838218689,9.0,0.0,0.0,-0.0007176995277404785,-9.706616401672363e-05,0.0,0.0,0.5779861211776733,-0.11481679230928421,0.03,0,0,0,0,0,0,0,0,0,0,0,0,0,0,0,0,0,0,0,0,0
6.9444146156311035,9.0,0.0,0.0,-0.0007176995277404785,-9.706616401672363e-05,0.0,0.0,0.5779861211776733,-0.11481679230928421,0.03,0,0,0,0,0,0,0,0,0,0,0,0,0,0,0,0,0,0,0,0,0
6.945500373840332,9.0,0.0,0.0,-0.0007176995277404785,-9.706616401672363e-05,0.0,0.0,0.5779861211776733,-0.11481679230928421,0.03,0,0,0,0,0,0,0,0,0,0,0,0,0,0,0,0,0,0,0,0,0
6.946864366531372,9.0,0.0,0.0,-0.0007176995277404785,-9.706616401672363e-05,0.0,0.0,0.5779861211776733,-0.11481679230928421,0.03,0,0,0,0,0,0,0,0,0,0,0,0,0,0,0,0,0,0,0,0,0
6.948213577270508,9.0,0.0,0.0,-0.0007176995277404785,-9.706616401672363e-05,0.0,0.0,0.5779861211776733,-0.11481679230928421,0.03,0,0,0,0,0,0,0,0,0,0,0,0,0,0,0,0,0,0,0,0,0
6.949442148208618,9.0,0.0,0.0,-0.0007176995277404785,-9.706616401672363e-05,0.0,0.0,0.5779861211776733,-0.11481679230928421,0.03,0,0,0,0,0,0,0,0,0,0,0,0,0,0,0,0,0,0,0,0,0
6.951212644577026,9.0,0.0,0.0,-0.0007176995277404785,-9.706616401672363e-05,0.0,0.0,0.5779861211776733,-0.11481679230928421,0.03,0,0,0,0,0,0,0,0,0,0,0,0,0,0,0,0,0,0,0,0,0
6.952911853790283,9.0,0.0,0.0,-0.0007176995277404785,-9.706616401672363e-05,0.0,0.0,0.5779861211776733,-0.11481679230928421,0.03,0,0,0,0,0,0,0,0,0,0,0,0,0,0,0,0,0,0,0,0,0
6.954021215438843,9.0,0.0,0.0,-0.0007176995277404785,-9.706616401672363e-05,0.0,0.0,0.5779861211776733,-0.11481679230928421,0.03,0,0,0,0,0,0,0,0,0,0,0,0,0,0,0,0,0,0,0,0,0
6.955189943313599,9.0,0.0,0.0,-0.0007176995277404785,-9.706616401672363e-05,0.0,0.0,0.5779861211776733,-0.11481679230928421,0.03,0,0,0,0,0,0,0,0,0,0,0,0,0,0,0,0,0,0,0,0,0
6.957258701324463,9.0,0.0,0.0,-0.0007176995277404785,-9.706616401672363e-05,0.0,0.0,0.5779861211776733,-0.11481679230928421,0.03,0,0,0,0,0,0,0,0,0,0,0,0,0,0,0,0,0,0,0,0,0
6.958703517913818,9.0,0.0,0.0,-0.0007176995277404785,-9.706616401672363e-05,0.0,0.0,0.5779861211776733,-0.11481679230928421,0.03,0,0,0,0,0,0,0,0,0,0,0,0,0,0,0,0,0,0,0,0,0
6.9599878787994385,9.0,0.0,0.0,-0.0007176995277404785,-9.706616401672363e-05,0.0,0.0,0.5779861211776733,-0.11481679230928421,0.03,0,0,0,0,0,0,0,0,0,0,0,0,0,0,0,0,0,0,0,0,0
6.961056470870972,9.0,0.0,0.0,-0.0007176995277404785,-9.706616401672363e-05,0.0,0.0,0.5779861211776733,-0.11481679230928421,0.03,0,0,0,0,0,0,0,0,0,0,0,0,0,0,0,0,0,0,0,0,0
6.962920427322388,9.0,0.0,0.0,-0.0007176995277404785,-9.706616401672363e-05,0.0,0.0,0.5779861211776733,-0.11481679230928421,0.03,0,0,0,0,0,0,0,0,0,0,0,0,0,0,0,0,0,0,0,0,0
6.964263916015625,9.0,0.0,0.0,-0.0007176995277404785,-9.706616401672363e-05,0.0,0.0,0.5779861211776733,-0.11481679230928421,0.03,0,0,0,0,0,0,0,0,0,0,0,0,0,0,0,0,0,0,0,0,0
6.965353488922119,9.0,0.0,0.0,-0.0007176995277404785,-9.706616401672363e-05,0.0,0.0,0.5779861211776733,-0.11481679230928421,0.03,0,0,0,0,0,0,0,0,0,0,0,0,0,0,0,0,0,0,0,0,0
6.966482162475586,9.0,0.0,0.0,-0.0007176995277404785,-9.706616401672363e-05,0.0,0.0,0.5779861211776733,-0.11481679230928421,0.03,0,0,0,0,0,0,0,0,0,0,0,0,0,0,0,0,0,0,0,0,0
6.967579364776611,9.0,0.0,0.0,-0.0007176995277404785,-9.706616401672363e-05,0.0,0.0,0.5779861211776733,-0.11481679230928421,0.03,0,0,0,0,0,0,0,0,0,0,0,0,0,0,0,0,0,0,0,0,0
6.968964338302612,9.0,0.0,0.0,-0.0007176995277404785,-9.706616401672363e-05,0.0,0.0,0.5779861211776733,-0.11481679230928421,0.03,0,0,0,0,0,0,0,0,0,0,0,0,0,0,0,0,0,0,0,0,0
6.970032215118408,9.0,0.0,0.0,-0.0007176995277404785,-9.706616401672363e-05,0.0,0.0,0.5779861211776733,-0.11481679230928421,0.03,0,0,0,0,0,0,0,0,0,0,0,0,0,0,0,0,0,0,0,0,0
6.971193075180054,9.0,0.0,0.0,-0.0007176995277404785,-9.706616401672363e-05,0.0,0.0,0.5779861211776733,-0.11481679230928421,0.03,0,0,0,0,0,0,0,0,0,0,0,0,0,0,0,0,0,0,0,0,0
6.9723451137542725,9.0,0.0,0.0,-0.0007176995277404785,-9.706616401672363e-05,0.0,0.0,0.5779861211776733,-0.11481679230928421,0.03,0,0,0,0,0,0,0,0,0,0,0,0,0,0,0,0,0,0,0,0,0
6.973940372467041,9.0,0.0,0.0,-0.0007176995277404785,-9.706616401672363e-05,0.0,0.0,0.5779861211776733,-0.11481679230928421,0.03,0,0,0,0,0,0,0,0,0,0,0,0,0,0,0,0,0,0,0,0,0
6.976081132888794,9.0,0.0,0.0,-0.0007176995277404785,-9.706616401672363e-05,0.0,0.0,0.5779861211776733,-0.11481679230928421,0.03,0,0,0,0,0,0,0,0,0,0,0,0,0,0,0,0,0,0,0,0,0
6.978081703186035,9.0,0.0,0.0,-0.0007176995277404785,-9.706616401672363e-05,0.0,0.0,0.5779861211776733,-0.11481679230928421,0.03,0,0,0,0,0,0,0,0,0,0,0,0,0,0,0,0,0,0,0,0,0
6.979475259780884,9.0,0.0,0.0,-0.0007176995277404785,-9.706616401672363e-05,0.0,0.0,0.5779861211776733,-0.11481679230928421,0.03,0,0,0,0,0,0,0,0,0,0,0,0,0,0,0,0,0,0,0,0,0
6.9806671142578125,9.0,0.0,0.0,-0.0007176995277404785,-9.706616401672363e-05,0.0,0.0,0.5779861211776733,-0.11481679230928421,0.03,0,0,0,0,0,0,0,0,0,0,0,0,0,0,0,0,0,0,0,0,0
6.982532262802124,9.0,0.0,0.0,-0.0007176995277404785,-9.706616401672363e-05,0.0,0.0,0.5779861211776733,-0.11481679230928421,0.03,0,0,0,0,0,0,0,0,0,0,0,0,0,0,0,0,0,0,0,0,0
6.98375940322876,9.0,0.0,0.0,-0.0007176995277404785,-9.706616401672363e-05,0.0,0.0,0.5779861211776733,-0.11481679230928421,0.03,0,0,0,0,0,0,0,0,0,0,0,0,0,0,0,0,0,0,0,0,0
6.984942674636841,9.0,0.0,0.0,-0.0007176995277404785,-9.706616401672363e-05,0.0,0.0,0.5779861211776733,-0.11481679230928421,0.03,0,0,0,0,0,0,0,0,0,0,0,0,0,0,0,0,0,0,0,0,0
6.986446142196655,9.0,0.0,0.0,-0.0007176995277404785,-9.706616401672363e-05,0.0,0.0,0.5779861211776733,-0.11481679230928421,0.03,0,0,0,0,0,0,0,0,0,0,0,0,0,0,0,0,0,0,0,0,0
6.987639665603638,9.0,0.0,0.0,-0.0007176995277404785,-9.706616401672363e-05,0.0,0.0,0.5779861211776733,-0.11481679230928421,0.03,0,0,0,0,0,0,0,0,0,0,0,0,0,0,0,0,0,0,0,0,0
6.98887300491333,9.0,0.0,0.0,-0.0007176995277404785,-9.706616401672363e-05,0.0,0.0,0.5779861211776733,-0.11481679230928421,0.03,0,0,0,0,0,0,0,0,0,0,0,0,0,0,0,0,0,0,0,0,0
6.99005651473999,9.0,0.0,0.0,-0.0007176995277404785,-9.706616401672363e-05,0.0,0.0,0.5779861211776733,-0.11481679230928421,0.03,0,0,0,0,0,0,0,0,0,0,0,0,0,0,0,0,0,0,0,0,0
6.991203784942627,9.0,0.0,0.0,-0.0007176995277404785,-9.706616401672363e-05,0.0,0.0,0.5779861211776733,-0.11481679230928421,0.03,0,0,0,0,0,0,0,0,0,0,0,0,0,0,0,0,0,0,0,0,0
6.992300987243652,9.0,0.0,0.0,-0.0007176995277404785,-9.706616401672363e-05,0.0,0.0,0.5779861211776733,-0.11481679230928421,0.03,0,0,0,0,0,0,0,0,0,0,0,0,0,0,0,0,0,0,0,0,0
6.99336576461792,9.0,0.0,0.0,-0.0007176995277404785,-9.706616401672363e-05,0.0,0.0,0.5779861211776733,-0.11481679230928421,0.03,0,0,0,0,0,0,0,0,0,0,0,0,0,0,0,0,0,0,0,0,0
6.994903802871704,9.0,0.0,0.0,-0.0007176995277404785,-9.706616401672363e-05,0.0,0.0,0.5779861211776733,-0.11481679230928421,0.03,0,0,0,0,0,0,0,0,0,0,0,0,0,0,0,0,0,0,0,0,0
6.996309041976929,9.0,0.0,0.0,-0.0007176995277404785,-9.706616401672363e-05,0.0,0.0,0.5779861211776733,-0.11481679230928421,0.03,0,0,0,0,0,0,0,0,0,0,0,0,0,0,0,0,0,0,0,0,0
6.999693155288696,9.0,0.0,0.0,-0.0007176995277404785,-9.706616401672363e-05,0.0,0.0,0.5779861211776733,-0.11481679230928421,0.03,0,0,0,0,0,0,0,0,0,0,0,0,0,0,0,0,0,0,0,0,0
7.000838994979858,9.0,0.0,0.0,-0.0007176995277404785,-9.706616401672363e-05,0.0,0.0,0.5779861211776733,-0.11481679230928421,0.03,0,0,0,0,0,0,0,0,0,0,0,0,0,0,0,0,0,0,0,0,0
7.002061128616333,9.0,0.0,0.0,-0.0007176995277404785,-9.706616401672363e-05,0.0,0.0,0.5779861211776733,-0.11481679230928421,0.03,0,0,0,0,0,0,0,0,0,0,0,0,0,0,0,0,0,0,0,0,0
7.00391960144043,9.0,0.0,0.0,-0.0007176995277404785,-9.706616401672363e-05,0.0,0.0,0.5779861211776733,-0.11481679230928421,0.03,0,0,0,0,0,0,0,0,0,0,0,0,0,0,0,0,0,0,0,0,0
7.005163669586182,9.0,0.0,0.0,-0.0007176995277404785,-9.706616401672363e-05,0.0,0.0,0.5779861211776733,-0.11481679230928421,0.03,0,0,0,0,0,0,0,0,0,0,0,0,0,0,0,0,0,0,0,0,0
7.00649619102478,9.0,0.0,0.0,-0.0007176995277404785,-9.706616401672363e-05,0.0,0.0,0.5779861211776733,-0.11481679230928421,0.03,0,0,0,0,0,0,0,0,0,0,0,0,0,0,0,0,0,0,0,0,0
7.007555723190308,9.0,0.0,0.0,-0.0007176995277404785,-9.706616401672363e-05,0.0,0.0,0.5779861211776733,-0.11481679230928421,0.03,0,0,0,0,0,0,0,0,0,0,0,0,0,0,0,0,0,0,0,0,0
7.0086259841918945,9.0,0.0,0.0,-0.0007176995277404785,-9.706616401672363e-05,0.0,0.0,0.5779861211776733,-0.11481679230928421,0.03,0,0,0,0,0,0,0,0,0,0,0,0,0,0,0,0,0,0,0,0,0
7.0114219188690186,9.0,0.0,0.0,-0.0007176995277404785,-9.706616401672363e-05,0.0,0.0,0.5779861211776733,-0.11481679230928421,0.03,0,0,0,0,0,0,0,0,0,0,0,0,0,0,0,0,0,0,0,0,0
7.012857913970947,9.0,0.0,0.0,-0.0007176995277404785,-9.706616401672363e-05,0.0,0.0,0.5779861211776733,-0.11481679230928421,0.03,0,0,0,0,0,0,0,0,0,0,0,0,0,0,0,0,0,0,0,0,0
7.014158487319946,9.0,0.0,0.0,-0.0007176995277404785,-9.706616401672363e-05,0.0,0.0,0.5779861211776733,-0.11481679230928421,0.03,0,0,0,0,0,0,0,0,0,0,0,0,0,0,0,0,0,0,0,0,0
7.015409469604492,9.0,0.0,0.0,-0.0007176995277404785,-9.706616401672363e-05,0.0,0.0,0.5779861211776733,-0.11481679230928421,0.03,0,0,0,0,0,0,0,0,0,0,0,0,0,0,0,0,0,0,0,0,0
7.0165934562683105,9.0,0.0,0.0,-0.0007176995277404785,-9.706616401672363e-05,0.0,0.0,0.5779861211776733,-0.11481679230928421,0.03,0,0,0,0,0,0,0,0,0,0,0,0,0,0,0,0,0,0,0,0,0
7.018003463745117,9.0,0.0,0.0,-0.0007176995277404785,-9.706616401672363e-05,0.0,0.0,0.5779861211776733,-0.11481679230928421,0.03,0,0,0,0,0,0,0,0,0,0,0,0,0,0,0,0,0,0,0,0,0
7.019996881484985,9.0,0.0,0.0,-0.0007176995277404785,-9.706616401672363e-05,0.0,0.0,0.5779861211776733,-0.11481679230928421,0.03,0,0,0,0,0,0,0,0,0,0,0,0,0,0,0,0,0,0,0,0,0
7.021395206451416,9.0,0.0,0.0,-0.0007176995277404785,-9.706616401672363e-05,0.0,0.0,0.5779861211776733,-0.11481679230928421,0.03,0,0,0,0,0,0,0,0,0,0,0,0,0,0,0,0,0,0,0,0,0
7.023864507675171,9.0,0.0,0.0,-0.0007241368293762207,-0.00010624527931213379,0.0,0.0,0.6060007810592651,-0.06319226324558258,0.03,0,0,0,0,0,0,0,0,0,0,0,0,0,0,0,0,0,0,0,0,0
7.025002479553223,9.0,0.0,0.0,-0.0007088184356689453,-0.00011789798736572266,0.0,0.0,0.5673608183860779,-0.10074023902416229,0.03,0,0,0,0,0,0,0,0,0,0,0,0,0,0,0,0,0,0,0,0,0
7.0262556076049805,9.0,0.0,0.0,-0.0007088184356689453,-0.00011789798736572266,0.0,0.0,0.5673608183860779,-0.10074023902416229,0.03,0,0,0,0,0,0,0,0,0,0,0,0,0,0,0,0,0,0,0,0,0
7.02743124961853,9.0,0.0,0.0,-0.0007088184356689453,-0.00011789798736572266,0.0,0.0,0.5673608183860779,-0.10074023902416229,0.03,0,0,0,0,0,0,0,0,0,0,0,0,0,0,0,0,0,0,0,0,0
7.028908014297485,9.0,0.0,0.0,-0.0007128119468688965,-0.00011935830116271973,0.0,0.0,0.6030938029289246,-0.1211097463965416,0.03,0,0,0,0,0,0,0,0,0,0,0,0,0,0,0,0,0,0,0,0,0
7.031754970550537,9.0,0.0,0.0,-0.0007165074348449707,-0.000125885009765625,0.0,0.0,0.6187872290611267,-0.12010850012302399,0.03,0,0,0,0,0,0,0,0,0,0,0,0,0,0,0,0,0,0,0,0,0
7.033157587051392,9.0,0.0,0.0,-0.0006949901580810547,-0.00013747811317443848,0.0,0.0,0.573656439781189,-0.13501609861850739,0.03,0,0,0,0,0,0,0,0,0,0,0,0,0,0,0,0,0,0,0,0,0
7.034296751022339,9.0,0.0,0.0,-0.0006949901580810547,-0.00013747811317443848,0.0,0.0,0.573656439781189,-0.13501609861850739,0.03,0,0,0,0,0,0,0,0,0,0,0,0,0,0,0,0,0,0,0,0,0
7.037128210067749,9.0,0.0,0.0,-0.0007109642028808594,-9.66191291809082e-05,0.0,0.0,0.5884178280830383,-0.044534433633089066,0.03,0,0,0,0,0,0,0,0,0,0,0,0,0,0,0,0,0,0,0,0,0
7.038361072540283,9.0,0.0,0.0,-0.0006838440895080566,-0.00012311339378356934,0.0,0.0,0.562244713306427,0.017252787947654724,0.03,0,0,0,0,0,0,0,0,0,0,0,0,0,0,0,0,0,0,0,0,0
7.039833068847656,9.0,0.0,0.0,-0.000704646110534668,-0.0001125633716583252,0.0,0.0,0.6133211851119995,-0.12252691388130188,0.03,0,0,0,0,0,0,0,0,0,0,0,0,0,0,0,0,0,0,0,0,0
7.040959596633911,9.0,0.0,0.0,-0.000704646110534668,-0.0001125633716583252,0.0,0.0,0.6133211851119995,-0.12252691388130188,0.03,0,0,0,0,0,0,0,0,0,0,0,0,0,0,0,0,0,0,0,0,0
7.042084693908691,9.0,0.0,0.0,-0.000704646110534668,-0.0001125633716583252,0.0,0.0,0.6133211851119995,-0.12252691388130188,0.03,0,0,0,0,0,0,0,0,0,0,0,0,0,0,0,0,0,0,0,0,0
7.04327654838562,9.0,0.0,0.0,-0.000704646110534668,-0.0001125633716583252,0.0,0.0,0.6133211851119995,-0.12252691388130188,0.03,0,0,0,0,0,0,0,0,0,0,0,0,0,0,0,0,0,0,0,0,0
7.044572114944458,9.0,0.0,0.0,-0.000704646110534668,-0.0001125633716583252,0.0,0.0,0.6133211851119995,-0.12252691388130188,0.03,0,0,0,0,0,0,0,0,0,0,0,0,0,0,0,0,0,0,0,0,0
7.0458595752716064,9.0,0.0,0.0,-0.0007083415985107422,-0.0001264512538909912,0.0,0.0,0.596598744392395,-0.10657063871622086,0.03,0,0,0,0,0,0,0,0,0,0,0,0,0,0,0,0,0,0,0,0,0
7.047662734985352,9.0,0.0,0.0,-0.0007329583168029785,-0.00013813376426696777,0.0,0.0,0.6452247500419617,-0.13501039147377014,0.03,0,0,0,0,0,0,0,0,0,0,0,0,0,0,0,0,0,0,0,0,0
7.048760175704956,9.0,0.0,0.0,-0.0007329583168029785,-0.00013813376426696777,0.0,0.0,0.6452247500419617,-0.13501039147377014,0.03,0,0,0,0,0,0,0,0,0,0,0,0,0,0,0,0,0,0,0,0,0
7.0508434772491455,9.0,0.0,0.0,-0.0007329583168029785,-0.00013813376426696777,0.0,0.0,0.6452247500419617,-0.13501039147377014,0.03,0,0,0,0,0,0,0,0,0,0,0,0,0,0,0,0,0,0,0,0,0
7.054565191268921,9.0,0.0,0.0,-0.0007214546203613281,-0.000122755765914917,0.0,0.0,0.6197706460952759,-0.09150810539722443,0.03,0,0,0,0,0,0,0,0,0,0,0,0,0,0,0,0,0,0,0,0,0
7.056627511978149,9.0,0.0,0.0,-0.0007214546203613281,-0.000122755765914917,0.0,0.0,0.6197706460952759,-0.09150810539722443,0.03,0,0,0,0,0,0,0,0,0,0,0,0,0,0,0,0,0,0,0,0,0
7.057881116867065,9.0,0.0,0.0,-0.0007214546203613281,-0.000122755765914917,0.0,0.0,0.6197706460952759,-0.09150810539722443,0.03,0,0,0,0,0,0,0,0,0,0,0,0,0,0,0,0,0,0,0,0,0
7.0591371059417725,9.0,0.0,0.0,-0.0007214546203613281,-0.000122755765914917,0.0,0.0,0.6197706460952759,-0.09150810539722443,0.03,0,0,0,0,0,0,0,0,0,0,0,0,0,0,0,0,0,0,0,0,0
7.061613082885742,9.0,0.0,0.0,-0.0007214546203613281,-0.000122755765914917,0.0,0.0,0.6197706460952759,-0.09150810539722443,0.03,0,0,0,0,0,0,0,0,0,0,0,0,0,0,0,0,0,0,0,0,0
7.06305193901062,9.0,0.0,0.0,-0.0007214546203613281,-0.000122755765914917,0.0,0.0,0.6197706460952759,-0.09150810539722443,0.03,0,0,0,0,0,0,0,0,0,0,0,0,0,0,0,0,0,0,0,0,0
7.0643250942230225,9.0,0.0,0.0,-0.0007214546203613281,-0.000122755765914917,0.0,0.0,0.6197706460952759,-0.09150810539722443,0.03,0,0,0,0,0,0,0,0,0,0,0,0,0,0,0,0,0,0,0,0,0
7.065650939941406,9.0,0.0,0.0,-0.0007214546203613281,-0.000122755765914917,0.0,0.0,0.6197706460952759,-0.09150810539722443,0.03,0,0,0,0,0,0,0,0,0,0,0,0,0,0,0,0,0,0,0,0,0
7.067192554473877,9.0,0.0,0.0,-0.0007214546203613281,-0.000122755765914917,0.0,0.0,0.6197706460952759,-0.09150810539722443,0.03,0,0,0,0,0,0,0,0,0,0,0,0,0,0,0,0,0,0,0,0,0
7.068960905075073,9.0,0.0,0.0,-0.0006797313690185547,-0.00012978911399841309,0.0,0.0,0.5739483833312988,-0.08473486453294754,0.03,0,0,0,0,0,0,0,0,0,0,0,0,0,0,0,0,0,0,0,0,0
7.070085048675537,9.0,0.0,0.0,-0.0006797313690185547,-0.00012978911399841309,0.0,0.0,0.5739483833312988,-0.08473486453294754,0.03,0,0,0,0,0,0,0,0,0,0,0,0,0,0,0,0,0,0,0,0,0
7.071476459503174,9.0,0.0,0.0,-0.0007154345512390137,-9.313225746154785e-05,0.0,0.0,0.6453718543052673,-0.11840836703777313,0.03,0,0,0,0,0,0,0,0,0,0,0,0,0,0,0,0,0,0,0,0,0
7.072575330734253,9.0,0.0,0.0,-0.0007154345512390137,-9.313225746154785e-05,0.0,0.0,0.6453718543052673,-0.11840836703777313,0.03,0,0,0,0,0,0,0,0,0,0,0,0,0,0,0,0,0,0,0,0,0
7.073673725128174,9.0,0.0,0.0,-0.0007154345512390137,-9.313225746154785e-05,0.0,0.0,0.6453718543052673,-0.11840836703777313,0.03,0,0,0,0,0,0,0,0,0,0,0,0,0,0,0,0,0,0,0,0,0
7.0763421058654785,9.0,0.0,0.0,-0.0007154345512390137,-9.313225746154785e-05,0.0,0.0,0.6453718543052673,-0.11840836703777313,0.03,0,0,0,0,0,0,0,0,0,0,0,0,0,0,0,0,0,0,0,0,0
7.079826354980469,9.0,0.0,0.0,-0.0007154345512390137,-9.313225746154785e-05,0.0,0.0,0.6453718543052673,-0.11840836703777313,0.03,0,0,0,0,0,0,0,0,0,0,0,0,0,0,0,0,0,0,0,0,0
7.081185817718506,9.0,0.0,0.0,-0.0007154345512390137,-9.313225746154785e-05,0.0,0.0,0.6453718543052673,-0.11840836703777313,0.03,0,0,0,0,0,0,0,0,0,0,0,0,0,0,0,0,0,0,0,0,0
7.083019971847534,9.0,0.0,0.0,-0.0007154345512390137,-9.313225746154785e-05,0.0,0.0,0.6453718543052673,-0.11840836703777313,0.03,0,0,0,0,0,0,0,0,0,0,0,0,0,0,0,0,0,0,0,0,0
7.084967374801636,9.0,0.0,0.0,-0.0007154345512390137,-9.313225746154785e-05,0.0,0.0,0.6453718543052673,-0.11840836703777313,0.03,0,0,0,0,0,0,0,0,0,0,0,0,0,0,0,0,0,0,0,0,0
7.086268186569214,9.0,0.0,0.0,-0.0007154345512390137,-9.313225746154785e-05,0.0,0.0,0.6453718543052673,-0.11840836703777313,0.03,0,0,0,0,0,0,0,0,0,0,0,0,0,0,0,0,0,0,0,0,0
7.088340520858765,9.0,0.0,0.0,-0.0007189512252807617,-0.00010067224502563477,0.0,0.0,0.6387072801589966,-0.05077463015913963,0.03,0,0,0,0,0,0,0,0,0,0,0,0,0,0,0,0,0,0,0,0,0
7.089446067810059,9.0,0.0,0.0,-0.0007192492485046387,-0.00010916590690612793,0.0,0.0,0.6126447319984436,-0.0679827332496643,0.03,0,0,0,0,0,0,0,0,0,0,0,0,0,0,0,0,0,0,0,0,0
7.090507984161377,9.0,0.0,0.0,-0.0007192492485046387,-0.00010916590690612793,0.0,0.0,0.6126447319984436,-0.0679827332496643,0.03,0,0,0,0,0,0,0,0,0,0,0,0,0,0,0,0,0,0,0,0,0
7.0915985107421875,9.0,0.0,0.0,-0.0007192492485046387,-0.00010916590690612793,0.0,0.0,0.6126447319984436,-0.0679827332496643,0.03,0,0,0,0,0,0,0,0,0,0,0,0,0,0,0,0,0,0,0,0,0
7.094550609588623,9.0,0.0,0.0,-0.0007192492485046387,-0.00010916590690612793,0.0,0.0,0.6126447319984436,-0.0679827332496643,0.03,0,0,0,0,0,0,0,0,0,0,0,0,0,0,0,0,0,0,0,0,0
7.09596848487854,9.0,0.0,0.0,-0.0007192492485046387,-0.00010916590690612793,0.0,0.0,0.6126447319984436,-0.0679827332496643,0.03,0,0,0,0,0,0,0,0,0,0,0,0,0,0,0,0,0,0,0,0,0
7.097353219985962,9.0,0.0,0.0,-0.0007192492485046387,-0.00010916590690612793,0.0,0.0,0.6126447319984436,-0.0679827332496643,0.03,0,0,0,0,0,0,0,0,0,0,0,0,0,0,0,0,0,0,0,0,0
7.098458766937256,9.0,0.0,0.0,-0.0007192492485046387,-0.00010916590690612793,0.0,0.0,0.6126447319984436,-0.0679827332496643,0.03,0,0,0,0,0,0,0,0,0,0,0,0,0,0,0,0,0,0,0,0,0
7.099665880203247,9.0,0.0,0.0,-0.0007192492485046387,-0.00010916590690612793,0.0,0.0,0.6126447319984436,-0.0679827332496643,0.03,0,0,0,0,0,0,0,0,0,0,0,0,0,0,0,0,0,0,0,0,0
7.101111888885498,9.0,0.0,0.0,-0.0007192492485046387,-0.00010916590690612793,0.0,0.0,0.6126447319984436,-0.0679827332496643,0.03,0,0,0,0,0,0,0,0,0,0,0,0,0,0,0,0,0,0,0,0,0
7.103135347366333,9.0,0.0,0.0,-0.0007192492485046387,-0.00010916590690612793,0.0,0.0,0.6126447319984436,-0.0679827332496643,0.03,0,0,0,0,0,0,0,0,0,0,0,0,0,0,0,0,0,0,0,0,0
7.104464054107666,9.0,0.0,0.0,-0.0007192492485046387,-0.00010916590690612793,0.0,0.0,0.6126447319984436,-0.0679827332496643,0.03,0,0,0,0,0,0,0,0,0,0,0,0,0,0,0,0,0,0,0,0,0
7.105748891830444,9.0,0.0,0.0,-0.0007192492485046387,-0.00010916590690612793,0.0,0.0,0.6126447319984436,-0.0679827332496643,0.03,0,0,0,0,0,0,0,0,0,0,0,0,0,0,0,0,0,0,0,0,0
7.1074652671813965,9.0,0.0,0.0,-0.0007192492485046387,-0.00010916590690612793,0.0,0.0,0.6126447319984436,-0.0679827332496643,0.03,0,0,0,0,0,0,0,0,0,0,0,0,0,0,0,0,0,0,0,0,0
7.108884334564209,9.0,0.0,0.0,-0.0007192492485046387,-0.00010916590690612793,0.0,0.0,0.6126447319984436,-0.0679827332496643,0.03,0,0,0,0,0,0,0,0,0,0,0,0,0,0,0,0,0,0,0,0,0
7.110043287277222,9.0,0.0,0.0,-0.0007192492485046387,-0.00010916590690612793,0.0,0.0,0.6126447319984436,-0.0679827332496643,0.03,0,0,0,0,0,0,0,0,0,0,0,0,0,0,0,0,0,0,0,0,0
7.1112961769104,9.0,0.0,0.0,-0.0007192492485046387,-0.00010916590690612793,0.0,0.0,0.6126447319984436,-0.0679827332496643,0.03,0,0,0,0,0,0,0,0,0,0,0,0,0,0,0,0,0,0,0,0,0
7.113049745559692,9.0,0.0,0.0,-0.0007192492485046387,-0.00010916590690612793,0.0,0.0,0.6126447319984436,-0.0679827332496643,0.03,0,0,0,0,0,0,0,0,0,0,0,0,0,0,0,0,0,0,0,0,0
7.114434003829956,9.0,0.0,0.0,-0.0007192492485046387,-0.00010916590690612793,0.0,0.0,0.6126447319984436,-0.0679827332496643,0.03,0,0,0,0,0,0,0,0,0,0,0,0,0,0,0,0,0,0,0,0,0
7.116026401519775,9.0,0.0,0.0,-0.0007094144821166992,-0.0001226663589477539,0.0,0.0,0.6054940223693848,-0.10108297318220139,0.03,0,0,0,0,0,0,0,0,0,0,0,0,0,0,0,0,0,0,0,0,0
7.117115020751953,9.0,0.0,0.0,-0.0007094144821166992,-0.0001226663589477539,0.0,0.0,0.6054940223693848,-0.10108297318220139,0.03,0,0,0,0,0,0,0,0,0,0,0,0,0,0,0,0,0,0,0,0,0
7.1182026863098145,9.0,0.0,0.0,-0.0007094144821166992,-0.0001226663589477539,0.0,0.0,0.6054940223693848,-0.10108297318220139,0.03,0,0,0,0,0,0,0,0,0,0,0,0,0,0,0,0,0,0,0,0,0
7.119365930557251,9.0,0.0,0.0,-0.0007094144821166992,-0.0001226663589477539,0.0,0.0,0.6054940223693848,-0.10108297318220139,0.03,0,0,0,0,0,0,0,0,0,0,0,0,0,0,0,0,0,0,0,0,0
7.120474338531494,9.0,0.0,0.0,-0.0007094144821166992,-0.0001226663589477539,0.0,0.0,0.6054940223693848,-0.10108297318220139,0.03,0,0,0,0,0,0,0,0,0,0,0,0,0,0,0,0,0,0,0,0,0
7.12156343460083,9.0,0.0,0.0,-0.0007094144821166992,-0.0001226663589477539,0.0,0.0,0.6054940223693848,-0.10108297318220139,0.03,0,0,0,0,0,0,0,0,0,0,0,0,0,0,0,0,0,0,0,0,0
7.123178958892822,9.0,0.0,0.0,-0.0007094144821166992,-0.0001226663589477539,0.0,0.0,0.6054940223693848,-0.10108297318220139,0.03,0,0,0,0,0,0,0,0,0,0,0,0,0,0,0,0,0,0,0,0,0
7.124527215957642,9.0,0.0,0.0,-0.0007094144821166992,-0.0001226663589477539,0.0,0.0,0.6054940223693848,-0.10108297318220139,0.03,0,0,0,0,0,0,0,0,0,0,0,0,0,0,0,0,0,0,0,0,0
7.128809690475464,9.0,0.0,0.0,-0.0007368326187133789,-0.00010639429092407227,0.0,0.0,0.6531444787979126,-0.1429338902235031,0.03,0,0,0,0,0,0,0,0,0,0,0,0,0,0,0,0,0,0,0,0,0
7.129915237426758,9.0,0.0,0.0,-0.0007072687149047852,-0.00012576580047607422,0.0,0.0,0.5849542617797852,-0.09184827655553818,0.03,0,0,0,0,0,0,0,0,0,0,0,0,0,0,0,0,0,0,0,0,0
7.131007671356201,9.0,0.0,0.0,-0.0007273554801940918,-0.00012293457984924316,0.0,0.0,0.6578847169876099,-0.09543699771165848,0.03,0,0,0,0,0,0,0,0,0,0,0,0,0,0,0,0,0,0,0,0,0
7.132223844528198,9.0,0.0,0.0,-0.0007165074348449707,-0.0001246333122253418,0.0,0.0,0.5850780010223389,-0.1011747196316719,0.03,0,0,0,0,0,0,0,0,0,0,0,0,0,0,0,0,0,0,0,0,0
7.13336968421936,9.0,0.0,0.0,-0.0007165074348449707,-0.0001246333122253418,0.0,0.0,0.5850780010223389,-0.1011747196316719,0.03,0,0,0,0,0,0,0,0,0,0,0,0,0,0,0,0,0,0,0,0,0
7.1350014209747314,9.0,0.0,0.0,-0.0007165074348449707,-0.0001246333122253418,0.0,0.0,0.5850780010223389,-0.1011747196316719,0.03,0,0,0,0,0,0,0,0,0,0,0,0,0,0,0,0,0,0,0,0,0
7.1366682052612305,9.0,0.0,0.0,-0.0007076263427734375,-0.00010269880294799805,0.0,0.0,0.6008319854736328,-0.0662262961268425,0.03,0,0,0,0,0,0,0,0,0,0,0,0,0,0,0,0,0,0,0,0,0
7.13863468170166,9.0,0.0,0.0,-0.0006854534149169922,-0.00012186169624328613,0.0,0.0,0.5493136644363403,-0.10749096423387527,0.03,0,0,0,0,0,0,0,0,0,0,0,0,0,0,0,0,0,0,0,0,0
7.140395879745483,9.0,0.0,0.0,-0.0006789565086364746,-0.00011909008026123047,0.0,0.0,0.5640755891799927,-0.08944184333086014,0.03,0,0,0,0,0,0,0,0,0,0,0,0,0,0,0,0,0,0,0,0,0
7.141773462295532,9.0,0.0,0.0,-0.0006789565086364746,-0.00011909008026123047,0.0,0.0,0.5640755891799927,-0.08944184333086014,0.03,0,0,0,0,0,0,0,0,0,0,0,0,0,0,0,0,0,0,0,0,0
7.142932891845703,9.0,0.0,0.0,-0.0006789565086364746,-0.00011909008026123047,0.0,0.0,0.5640755891799927,-0.08944184333086014,0.03,0,0,0,0,0,0,0,0,0,0,0,0,0,0,0,0,0,0,0,0,0
7.144164562225342,9.0,0.0,0.0,-0.0006789565086364746,-0.00011909008026123047,0.0,0.0,0.5640755891799927,-0.08944184333086014,0.03,0,0,0,0,0,0,0,0,0,0,0,0,0,0,0,0,0,0,0,0,0
7.145296335220337,9.0,0.0,0.0,-0.0006789565086364746,-0.00011909008026123047,0.0,0.0,0.5640755891799927,-0.08944184333086014,0.03,0,0,0,0,0,0,0,0,0,0,0,0,0,0,0,0,0,0,0,0,0
7.146410942077637,9.0,0.0,0.0,-0.0006789565086364746,-0.00011909008026123047,0.0,0.0,0.5640755891799927,-0.08944184333086014,0.03,0,0,0,0,0,0,0,0,0,0,0,0,0,0,0,0,0,0,0,0,0
7.147632837295532,9.0,0.0,0.0,-0.0006789565086364746,-0.00011909008026123047,0.0,0.0,0.5640755891799927,-0.08944184333086014,0.03,0,0,0,0,0,0,0,0,0,0,0,0,0,0,0,0,0,0,0,0,0
7.148981094360352,9.0,0.0,0.0,-0.0006789565086364746,-0.00011909008026123047,0.0,0.0,0.5640755891799927,-0.08944184333086014,0.03,0,0,0,0,0,0,0,0,0,0,0,0,0,0,0,0,0,0,0,0,0
7.15006685256958,9.0,0.0,0.0,-0.0006789565086364746,-0.00011909008026123047,0.0,0.0,0.5640755891799927,-0.08944184333086014,0.03,0,0,0,0,0,0,0,0,0,0,0,0,0,0,0,0,0,0,0,0,0
7.151291370391846,9.0,0.0,0.0,-0.0006789565086364746,-0.00011909008026123047,0.0,0.0,0.5640755891799927,-0.08944184333086014,0.03,0,0,0,0,0,0,0,0,0,0,0,0,0,0,0,0,0,0,0,0,0
7.152834892272949,9.0,0.0,0.0,-0.0006789565086364746,-0.00011909008026123047,0.0,0.0,0.5640755891799927,-0.08944184333086014,0.03,0,0,0,0,0,0,0,0,0,0,0,0,0,0,0,0,0,0,0,0,0
7.154635667800903,9.0,0.0,0.0,-0.0006789565086364746,-0.00011909008026123047,0.0,0.0,0.5640755891799927,-0.08944184333086014,0.03,0,0,0,0,0,0,0,0,0,0,0,0,0,0,0,0,0,0,0,0,0
7.1563520431518555,9.0,0.0,0.0,-0.0006789565086364746,-0.00011909008026123047,0.0,0.0,0.5640755891799927,-0.08944184333086014,0.03,0,0,0,0,0,0,0,0,0,0,0,0,0,0,0,0,0,0,0,0,0
7.157592058181763,9.0,0.0,0.0,-0.0006789565086364746,-0.00011909008026123047,0.0,0.0,0.5640755891799927,-0.08944184333086014,0.03,0,0,0,0,0,0,0,0,0,0,0,0,0,0,0,0,0,0,0,0,0
7.159479141235352,9.0,0.0,0.0,-0.0006789565086364746,-0.00011909008026123047,0.0,0.0,0.5640755891799927,-0.08944184333086014,0.03,0,0,0,0,0,0,0,0,0,0,0,0,0,0,0,0,0,0,0,0,0
7.161120414733887,9.0,0.0,0.0,-0.0006789565086364746,-0.00011909008026123047,0.0,0.0,0.5640755891799927,-0.08944184333086014,0.03,0,0,0,0,0,0,0,0,0,0,0,0,0,0,0,0,0,0,0,0,0
7.162958383560181,9.0,0.0,0.0,-0.0007069110870361328,-0.0001208186149597168,0.0,0.0,0.583964467048645,-0.10696440190076828,0.03,0,0,0,0,0,0,0,0,0,0,0,0,0,0,0,0,0,0,0,0,0
7.1640708446502686,9.0,0.0,0.0,-0.0007069110870361328,-0.0001208186149597168,0.0,0.0,0.583964467048645,-0.10696440190076828,0.03,0,0,0,0,0,0,0,0,0,0,0,0,0,0,0,0,0,0,0,0,0
7.1653947830200195,9.0,0.0,0.0,-0.0007069110870361328,-0.0001208186149597168,0.0,0.0,0.583964467048645,-0.10696440190076828,0.03,0,0,0,0,0,0,0,0,0,0,0,0,0,0,0,0,0,0,0,0,0
7.1670238971710205,9.0,0.0,0.0,-0.0007069110870361328,-0.0001208186149597168,0.0,0.0,0.583964467048645,-0.10696440190076828,0.03,0,0,0,0,0,0,0,0,0,0,0,0,0,0,0,0,0,0,0,0,0
7.1682047843933105,9.0,0.0,0.0,-0.0007069110870361328,-0.0001208186149597168,0.0,0.0,0.583964467048645,-0.10696440190076828,0.03,0,0,0,0,0,0,0,0,0,0,0,0,0,0,0,0,0,0,0,0,0
7.169324636459351,9.0,0.0,0.0,-0.0007203221321105957,-9.745359420776367e-05,0.0,0.0,0.5928967595100403,-0.05974868685007095,0.03,0,0,0,0,0,0,0,0,0,0,0,0,0,0,0,0,0,0,0,0,0
7.170387506484985,9.0,0.0,0.0,-0.0007203221321105957,-9.745359420776367e-05,0.0,0.0,0.5928967595100403,-0.05974868685007095,0.03,0,0,0,0,0,0,0,0,0,0,0,0,0,0,0,0,0,0,0,0,0
7.17267918586731,9.0,0.0,0.0,-0.0007203221321105957,-9.745359420776367e-05,0.0,0.0,0.5928967595100403,-0.05974868685007095,0.03,0,0,0,0,0,0,0,0,0,0,0,0,0,0,0,0,0,0,0,0,0
7.173821687698364,9.0,0.0,0.0,-0.0007231831550598145,-0.00011625885963439941,0.0,0.0,0.6097583770751953,-0.10960535705089569,0.03,0,0,0,0,0,0,0,0,0,0,0,0,0,0,0,0,0,0,0,0,0
7.176543235778809,9.0,0.0,0.0,-0.0007024407386779785,-9.244680404663086e-05,0.0,0.0,0.5985128879547119,-0.05534940958023071,0.03,0,0,0,0,0,0,0,0,0,0,0,0,0,0,0,0,0,0,0,0,0
7.178054332733154,9.0,0.0,0.0,-0.0007215142250061035,-0.00012344121932983398,0.0,0.0,0.6389937400817871,-0.126493901014328,0.03,0,0,0,0,0,0,0,0,0,0,0,0,0,0,0,0,0,0,0,0,0
7.181062936782837,9.0,0.0,0.0,-0.0006792545318603516,-0.00012224912643432617,0.0,0.0,0.5451124906539917,-0.04113394767045975,0.03,0,0,0,0,0,0,0,0,0,0,0,0,0,0,0,0,0,0,0,0,0
7.182240009307861,9.0,0.0,0.0,-0.0006792545318603516,-0.00012224912643432617,0.0,0.0,0.5451124906539917,-0.04113394767045975,0.03,0,0,0,0,0,0,0,0,0,0,0,0,0,0,0,0,0,0,0,0,0
7.1840691566467285,9.0,0.0,0.0,-0.0006792545318603516,-0.00012224912643432617,0.0,0.0,0.5451124906539917,-0.04113394767045975,0.03,0,0,0,0,0,0,0,0,0,0,0,0,0,0,0,0,0,0,0,0,0
7.1854329109191895,9.0,0.0,0.0,-0.0006792545318603516,-0.00012224912643432617,0.0,0.0,0.5451124906539917,-0.04113394767045975,0.03,0,0,0,0,0,0,0,0,0,0,0,0,0,0,0,0,0,0,0,0,0
7.186814785003662,9.0,0.0,0.0,-0.0006792545318603516,-0.00012224912643432617,0.0,0.0,0.5451124906539917,-0.04113394767045975,0.03,0,0,0,0,0,0,0,0,0,0,0,0,0,0,0,0,0,0,0,0,0
7.188492774963379,9.0,0.0,0.0,-0.0006792545318603516,-0.00012224912643432617,0.0,0.0,0.5451124906539917,-0.04113394767045975,0.03,0,0,0,0,0,0,0,0,0,0,0,0,0,0,0,0,0,0,0,0,0
7.19068455696106,9.0,0.0,0.0,-0.0006792545318603516,-0.00012224912643432617,0.0,0.0,0.5451124906539917,-0.04113394767045975,0.03,0,0,0,0,0,0,0,0,0,0,0,0,0,0,0,0,0,0,0,0,0
7.191863298416138,9.0,0.0,0.0,-0.0006792545318603516,-0.00012224912643432617,0.0,0.0,0.5451124906539917,-0.04113394767045975,0.03,0,0,0,0,0,0,0,0,0,0,0,0,0,0,0,0,0,0,0,0,0
7.1931915283203125,9.0,0.0,0.0,-0.0006792545318603516,-0.00012224912643432617,0.0,0.0,0.5451124906539917,-0.04113394767045975,0.03,0,0,0,0,0,0,0,0,0,0,0,0,0,0,0,0,0,0,0,0,0
7.194387912750244,9.0,0.0,0.0,-0.0006792545318603516,-0.00012224912643432617,0.0,0.0,0.5451124906539917,-0.04113394767045975,0.03,0,0,0,0,0,0,0,0,0,0,0,0,0,0,0,0,0,0,0,0,0
7.195970296859741,9.0,0.0,0.0,-0.0007153749465942383,-0.00011947751045227051,0.0,0.0,0.641616702079773,-0.044439319521188736,0.03,0,0,0,0,0,0,0,0,0,0,0,0,0,0,0,0,0,0,0,0,0
7.197204828262329,9.0,0.0,0.0,-0.0006843209266662598,-0.00012445449829101562,0.0,0.0,0.5661512017250061,-0.09840862452983856,0.03,0,0,0,0,0,0,0,0,0,0,0,0,0,0,0,0,0,0,0,0,0
7.198415040969849,9.0,0.0,0.0,-0.0007187724113464355,-0.00011226534843444824,0.0,0.0,0.6248167753219604,0.011307896114885807,0.03,0,0,0,0,0,0,0,0,0,0,0,0,0,0,0,0,0,0,0,0,0
7.199769496917725,9.0,0.0,0.0,-0.0007187724113464355,-0.00011226534843444824,0.0,0.0,0.6248167753219604,0.011307896114885807,0.03,0,0,0,0,0,0,0,0,0,0,0,0,0,0,0,0,0,0,0,0,0
7.200864315032959,9.0,0.0,0.0,-0.0007187724113464355,-0.00011226534843444824,0.0,0.0,0.6248167753219604,0.011307896114885807,0.03,0,0,0,0,0,0,0,0,0,0,0,0,0,0,0,0,0,0,0,0,0
7.201979398727417,9.0,0.0,0.0,-0.0007187724113464355,-0.00011226534843444824,0.0,0.0,0.6248167753219604,0.011307896114885807,0.03,0,0,0,0,0,0,0,0,0,0,0,0,0,0,0,0,0,0,0,0,0
7.203219413757324,9.0,0.0,0.0,-0.0007187724113464355,-0.00011226534843444824,0.0,0.0,0.6248167753219604,0.011307896114885807,0.03,0,0,0,0,0,0,0,0,0,0,0,0,0,0,0,0,0,0,0,0,0
7.204898118972778,9.0,0.0,0.0,-0.0007154345512390137,-0.00010901689529418945,0.0,0.0,0.6146930456161499,-0.14704778790473938,0.03,0,0,0,0,0,0,0,0,0,0,0,0,0,0,0,0,0,0,0,0,0
7.20682954788208,9.0,0.0,0.0,-0.0006916522979736328,-6.365776062011719e-05,0.0,0.0,0.550685465335846,-0.0917983427643776,0.03,0,0,0,0,0,0,0,0,0,0,0,0,0,0,0,0,0,0,0,0,0
7.210675239562988,9.0,0.0,0.0,-0.0006916522979736328,-6.365776062011719e-05,0.0,0.0,0.550685465335846,-0.0917983427643776,0.03,0,0,0,0,0,0,0,0,0,0,0,0,0,0,0,0,0,0,0,0,0
7.212311029434204,9.0,0.0,0.0,-0.0006916522979736328,-6.365776062011719e-05,0.0,0.0,0.550685465335846,-0.0917983427643776,0.03,0,0,0,0,0,0,0,0,0,0,0,0,0,0,0,0,0,0,0,0,0
7.213677644729614,9.0,0.0,0.0,-0.0006916522979736328,-6.365776062011719e-05,0.0,0.0,0.550685465335846,-0.0917983427643776,0.03,0,0,0,0,0,0,0,0,0,0,0,0,0,0,0,0,0,0,0,0,0
7.214863538742065,9.0,0.0,0.0,-0.0006916522979736328,-6.365776062011719e-05,0.0,0.0,0.550685465335846,-0.0917983427643776,0.03,0,0,0,0,0,0,0,0,0,0,0,0,0,0,0,0,0,0,0,0,0
7.218546628952026,9.0,0.0,0.0,-0.0007123351097106934,-0.00012701749801635742,0.0,0.0,0.6311948299407959,-0.134225532412529,0.03,0,0,0,0,0,0,0,0,0,0,0,0,0,0,0,0,0,0,0,0,0
7.220423221588135,9.0,0.0,0.0,-0.0006915926933288574,-0.00011035799980163574,0.0,0.0,0.5959239602088928,-0.07171973586082458,0.03,0,0,0,0,0,0,0,0,0,0,0,0,0,0,0,0,0,0,0,0,0
7.221660375595093,9.0,0.0,0.0,-0.0006915926933288574,-0.00011035799980163574,0.0,0.0,0.5959239602088928,-0.07171973586082458,0.03,0,0,0,0,0,0,0,0,0,0,0,0,0,0,0,0,0,0,0,0,0
7.222834825515747,9.0,0.0,0.0,-0.0006915926933288574,-0.00011035799980163574,0.0,0.0,0.5959239602088928,-0.07171973586082458,0.03,0,0,0,0,0,0,0,0,0,0,0,0,0,0,0,0,0,0,0,0,0
7.224301099777222,9.0,0.0,0.0,-0.0007388591766357422,-7.978081703186035e-05,0.0,0.0,0.6430798172950745,-0.06808020919561386,0.03,0,0,0,0,0,0,0,0,0,0,0,0,0,0,0,0,0,0,0,0,0
7.226076126098633,9.0,0.0,0.0,-0.0006822943687438965,-0.00010496377944946289,0.0,0.0,0.5374780893325806,-0.09286512434482574,0.03,0,0,0,0,0,0,0,0,0,0,0,0,0,0,0,0,0,0,0,0,0
7.22713828086853,9.0,0.0,0.0,-0.0006822943687438965,-0.00010496377944946289,0.0,0.0,0.5374780893325806,-0.09286512434482574,0.03,0,0,0,0,0,0,0,0,0,0,0,0,0,0,0,0,0,0,0,0,0
7.228226184844971,9.0,0.0,0.0,-0.0006822943687438965,-0.00010496377944946289,0.0,0.0,0.5374780893325806,-0.09286512434482574,0.03,0,0,0,0,0,0,0,0,0,0,0,0,0,0,0,0,0,0,0,0,0
7.229426622390747,9.0,0.0,0.0,-0.0006822943687438965,-0.00010496377944946289,0.0,0.0,0.5374780893325806,-0.09286512434482574,0.03,0,0,0,0,0,0,0,0,0,0,0,0,0,0,0,0,0,0,0,0,0
7.2307422161102295,9.0,0.0,0.0,-0.0006861686706542969,-0.0001062154769897461,0.0,0.0,0.5585170388221741,-0.09251894801855087,0.03,0,0,0,0,0,0,0,0,0,0,0,0,0,0,0,0,0,0,0,0,0
7.232109785079956,9.0,0.0,0.0,-0.0006861686706542969,-0.0001062154769897461,0.0,0.0,0.5585170388221741,-0.09251894801855087,0.03,0,0,0,0,0,0,0,0,0,0,0,0,0,0,0,0,0,0,0,0,0
7.233386754989624,9.0,0.0,0.0,-0.0006861686706542969,-0.0001062154769897461,0.0,0.0,0.5585170388221741,-0.09251894801855087,0.03,0,0,0,0,0,0,0,0,0,0,0,0,0,0,0,0,0,0,0,0,0
7.236425876617432,9.0,0.0,0.0,-0.0006964206695556641,-9.700655937194824e-05,0.0,0.0,0.585720956325531,-0.07101602107286453,0.03,0,0,0,0,0,0,0,0,0,0,0,0,0,0,0,0,0,0,0,0,0
7.238711357116699,9.0,0.0,0.0,-0.0006832480430603027,-0.00012367963790893555,0.0,0.0,0.5793689489364624,-0.07483433932065964,0.03,0,0,0,0,0,0,0,0,0,0,0,0,0,0,0,0,0,0,0,0,0
7.240157604217529,9.0,0.0,0.0,-0.0006832480430603027,-0.00012367963790893555,0.0,0.0,0.5793689489364624,-0.07483433932065964,0.03,0,0,0,0,0,0,0,0,0,0,0,0,0,0,0,0,0,0,0,0,0
7.242081165313721,9.0,0.0,0.0,-0.0006797909736633301,-5.754828453063965e-05,0.0,0.0,0.5500479340553284,-0.01165840681642294,0.03,0,0,0,0,0,0,0,0,0,0,0,0,0,0,0,0,0,0,0,0,0
7.243861436843872,9.0,0.0,0.0,-0.0006797909736633301,-5.754828453063965e-05,0.0,0.0,0.5500479340553284,-0.01165840681642294,0.03,0,0,0,0,0,0,0,0,0,0,0,0,0,0,0,0,0,0,0,0,0
7.244958877563477,9.0,0.0,0.0,-0.0006797909736633301,-5.754828453063965e-05,0.0,0.0,0.5500479340553284,-0.01165840681642294,0.03,0,0,0,0,0,0,0,0,0,0,0,0,0,0,0,0,0,0,0,0,0
7.246110677719116,9.0,0.0,0.0,-0.0006797909736633301,-5.754828453063965e-05,0.0,0.0,0.5500479340553284,-0.01165840681642294,0.03,0,0,0,0,0,0,0,0,0,0,0,0,0,0,0,0,0,0,0,0,0
7.247402906417847,9.0,0.0,0.0,-0.0006797909736633301,-5.754828453063965e-05,0.0,0.0,0.5500479340553284,-0.01165840681642294,0.03,0,0,0,0,0,0,0,0,0,0,0,0,0,0,0,0,0,0,0,0,0
7.248899936676025,9.0,0.0,0.0,-0.0006797909736633301,-5.754828453063965e-05,0.0,0.0,0.5500479340553284,-0.01165840681642294,0.03,0,0,0,0,0,0,0,0,0,0,0,0,0,0,0,0,0,0,0,0,0
7.249983787536621,9.0,0.0,0.0,-0.0006797909736633301,-5.754828453063965e-05,0.0,0.0,0.5500479340553284,-0.01165840681642294,0.03,0,0,0,0,0,0,0,0,0,0,0,0,0,0,0,0,0,0,0,0,0
7.252692461013794,9.0,0.0,0.0,-0.0006797909736633301,-5.754828453063965e-05,0.0,0.0,0.5500479340553284,-0.01165840681642294,0.03,0,0,0,0,0,0,0,0,0,0,0,0,0,0,0,0,0,0,0,0,0
7.254744529724121,9.0,0.0,0.0,-0.0006986260414123535,-7.984042167663574e-05,0.0,0.0,0.5963916778564453,-0.014729056507349014,0.03,0,0,0,0,0,0,0,0,0,0,0,0,0,0,0,0,0,0,0,0,0
7.256340742111206,9.0,0.0,0.0,-0.0007042884826660156,-6.985664367675781e-05,0.0,0.0,0.5892254710197449,-0.058555640280246735,0.03,0,0,0,0,0,0,0,0,0,0,0,0,0,0,0,0,0,0,0,0,0
7.25957989692688,9.0,0.0,0.0,-0.0007042884826660156,-6.985664367675781e-05,0.0,0.0,0.5892254710197449,-0.058555640280246735,0.03,0,0,0,0,0,0,0,0,0,0,0,0,0,0,0,0,0,0,0,0,0
7.262612581253052,9.0,0.0,0.0,-0.0006781816482543945,-9.816884994506836e-05,0.0,0.0,0.5620521903038025,-0.06206154823303223,0.03,0,0,0,0,0,0,0,0,0,0,0,0,0,0,0,0,0,0,0,0,0
7.2639265060424805,9.0,0.0,0.0,-0.0006781816482543945,-9.816884994506836e-05,0.0,0.0,0.5620521903038025,-0.06206154823303223,0.03,0,0,0,0,0,0,0,0,0,0,0,0,0,0,0,0,0,0,0,0,0
7.265504598617554,9.0,0.0,0.0,-0.0006781816482543945,-9.816884994506836e-05,0.0,0.0,0.5620521903038025,-0.06206154823303223,0.03,0,0,0,0,0,0,0,0,0,0,0,0,0,0,0,0,0,0,0,0,0
7.266922950744629,9.0,0.0,0.0,-0.0006781816482543945,-9.816884994506836e-05,0.0,0.0,0.5620521903038025,-0.06206154823303223,0.03,0,0,0,0,0,0,0,0,0,0,0,0,0,0,0,0,0,0,0,0,0
7.269019603729248,9.0,0.0,0.0,-0.0007145404815673828,-0.00012680888175964355,0.0,0.0,0.6292705535888672,-0.11283017694950104,0.03,0,0,0,0,0,0,0,0,0,0,0,0,0,0,0,0,0,0,0,0,0
7.270699501037598,9.0,0.0,0.0,-0.0007145404815673828,-0.00012680888175964355,0.0,0.0,0.6292705535888672,-0.11283017694950104,0.03,0,0,0,0,0,0,0,0,0,0,0,0,0,0,0,0,0,0,0,0,0
7.272183656692505,9.0,0.0,0.0,-0.0007224678993225098,-6.288290023803711e-06,0.0,0.0,0.6397809386253357,-0.01814025267958641,0.03,0,0,0,0,0,0,0,0,0,0,0,0,0,0,0,0,0,0,0,0,0
7.273694753646851,9.0,0.0,0.0,-0.0007224678993225098,-6.288290023803711e-06,0.0,0.0,0.6397809386253357,-0.01814025267958641,0.03,0,0,0,0,0,0,0,0,0,0,0,0,0,0,0,0,0,0,0,0,0
7.274893760681152,9.0,0.0,0.0,-0.0007224678993225098,-6.288290023803711e-06,0.0,0.0,0.6397809386253357,-0.01814025267958641,0.03,0,0,0,0,0,0,0,0,0,0,0,0,0,0,0,0,0,0,0,0,0
7.276629686355591,9.0,0.0,0.0,-0.0007224678993225098,-6.288290023803711e-06,0.0,0.0,0.6397809386253357,-0.01814025267958641,0.03,0,0,0,0,0,0,0,0,0,0,0,0,0,0,0,0,0,0,0,0,0
7.2782142162323,9.0,0.0,0.0,-0.0007224678993225098,-6.288290023803711e-06,0.0,0.0,0.6397809386253357,-0.01814025267958641,0.03,0,0,0,0,0,0,0,0,0,0,0,0,0,0,0,0,0,0,0,0,0
7.279311180114746,9.0,0.0,0.0,-0.0007224678993225098,-6.288290023803711e-06,0.0,0.0,0.6397809386253357,-0.01814025267958641,0.03,0,0,0,0,0,0,0,0,0,0,0,0,0,0,0,0,0,0,0,0,0
7.280508995056152,9.0,0.0,0.0,-0.0007224678993225098,-6.288290023803711e-06,0.0,0.0,0.6397809386253357,-0.01814025267958641,0.03,0,0,0,0,0,0,0,0,0,0,0,0,0,0,0,0,0,0,0,0,0
7.281689167022705,9.0,0.0,0.0,-0.0007224678993225098,-6.288290023803711e-06,0.0,0.0,0.6397809386253357,-0.01814025267958641,0.03,0,0,0,0,0,0,0,0,0,0,0,0,0,0,0,0,0,0,0,0,0
7.28334903717041,9.0,0.0,0.0,-0.0007165074348449707,8.940696716308594e-07,0.0,0.0,0.6220927238464355,-0.011619653552770615,0.03,0,0,0,0,0,0,0,0,0,0,0,0,0,0,0,0,0,0,0,0,0
7.284461736679077,9.0,0.0,0.0,-0.0007165074348449707,8.940696716308594e-07,0.0,0.0,0.6220927238464355,-0.011619653552770615,0.03,0,0,0,0,0,0,0,0,0,0,0,0,0,0,0,0,0,0,0,0,0
7.285689115524292,9.0,0.0,0.0,-0.0006977319717407227,-6.702542304992676e-05,0.0,0.0,0.5931208729743958,-0.12463631480932236,0.03,0,0,0,0,0,0,0,0,0,0,0,0,0,0,0,0,0,0,0,0,0
7.286876916885376,9.0,0.0,0.0,-0.0006977319717407227,-6.702542304992676e-05,0.0,0.0,0.5931208729743958,-0.12463631480932236,0.03,0,0,0,0,0,0,0,0,0,0,0,0,0,0,0,0,0,0,0,0,0
7.288135051727295,9.0,0.0,0.0,-0.0006977319717407227,-6.702542304992676e-05,0.0,0.0,0.5931208729743958,-0.12463631480932236,0.03,0,0,0,0,0,0,0,0,0,0,0,0,0,0,0,0,0,0,0,0,0
7.289917469024658,9.0,0.0,0.0,-0.0006977319717407227,-6.702542304992676e-05,0.0,0.0,0.5931208729743958,-0.12463631480932236,0.03,0,0,0,0,0,0,0,0,0,0,0,0,0,0,0,0,0,0,0,0,0
7.291528701782227,9.0,0.0,0.0,-0.0006977319717407227,-6.702542304992676e-05,0.0,0.0,0.5931208729743958,-0.12463631480932236,0.03,0,0,0,0,0,0,0,0,0,0,0,0,0,0,0,0,0,0,0,0,0
7.292780637741089,9.0,0.0,0.0,-0.0006977319717407227,-6.702542304992676e-05,0.0,0.0,0.5931208729743958,-0.12463631480932236,0.03,0,0,0,0,0,0,0,0,0,0,0,0,0,0,0,0,0,0,0,0,0
7.294035911560059,9.0,0.0,0.0,-0.0006977319717407227,-6.702542304992676e-05,0.0,0.0,0.5931208729743958,-0.12463631480932236,0.03,0,0,0,0,0,0,0,0,0,0,0,0,0,0,0,0,0,0,0,0,0
7.2951154708862305,9.0,0.0,0.0,-0.0006977319717407227,-6.702542304992676e-05,0.0,0.0,0.5931208729743958,-0.12463631480932236,0.03,0,0,0,0,0,0,0,0,0,0,0,0,0,0,0,0,0,0,0,0,0
7.29736065864563,9.0,0.0,0.0,-0.0007128715515136719,-3.4868717193603516e-05,0.0,0.0,0.5937996506690979,0.0201621875166893,0.03,0,0,0,0,0,0,0,0,0,0,0,0,0,0,0,0,0,0,0,0,0
7.298805475234985,9.0,0.0,0.0,-0.0006958246231079102,-5.9932470321655273e-05,0.0,0.0,0.5495887398719788,-0.040559761226177216,0.03,0,0,0,0,0,0,0,0,0,0,0,0,0,0,0,0,0,0,0,0,0
7.300261735916138,9.0,0.0,0.0,-0.0006958246231079102,-5.9932470321655273e-05,0.0,0.0,0.5495887398719788,-0.040559761226177216,0.03,0,0,0,0,0,0,0,0,0,0,0,0,0,0,0,0,0,0,0,0,0
7.301464557647705,9.0,0.0,0.0,-0.0006958246231079102,-5.9932470321655273e-05,0.0,0.0,0.5495887398719788,-0.040559761226177216,0.03,0,0,0,0,0,0,0,0,0,0,0,0,0,0,0,0,0,0,0,0,0
7.302734851837158,9.0,0.0,0.0,-0.0006958246231079102,-5.9932470321655273e-05,0.0,0.0,0.5495887398719788,-0.040559761226177216,0.03,0,0,0,0,0,0,0,0,0,0,0,0,0,0,0,0,0,0,0,0,0
7.304163217544556,9.0,0.0,0.0,-0.0007001161575317383,-6.031990051269531e-05,0.0,0.0,0.6292538046836853,-0.1198965460062027,0.03,0,0,0,0,0,0,0,0,0,0,0,0,0,0,0,0,0,0,0,0,0
7.305356979370117,9.0,0.0,0.0,-0.0007001161575317383,-6.031990051269531e-05,0.0,0.0,0.6292538046836853,-0.1198965460062027,0.03,0,0,0,0,0,0,0,0,0,0,0,0,0,0,0,0,0,0,0,0,0
7.306418418884277,9.0,0.0,0.0,-0.0006951689720153809,-8.70823860168457e-05,0.0,0.0,0.5895624756813049,-0.15223407745361328,0.03,0,0,0,0,0,0,0,0,0,0,0,0,0,0,0,0,0,0,0,0,0
7.307528972625732,9.0,0.0,0.0,-0.0006951689720153809,-8.70823860168457e-05,0.0,0.0,0.5895624756813049,-0.15223407745361328,0.03,0,0,0,0,0,0,0,0,0,0,0,0,0,0,0,0,0,0,0,0,0
7.308767318725586,9.0,0.0,0.0,-0.0006951689720153809,-8.70823860168457e-05,0.0,0.0,0.5895624756813049,-0.15223407745361328,0.03,0,0,0,0,0,0,0,0,0,0,0,0,0,0,0,0,0,0,0,0,0
7.3098366260528564,9.0,0.0,0.0,-0.0006951689720153809,-8.70823860168457e-05,0.0,0.0,0.5895624756813049,-0.15223407745361328,0.03,0,0,0,0,0,0,0,0,0,0,0,0,0,0,0,0,0,0,0,0,0
7.311007499694824,9.0,0.0,0.0,-0.0006951689720153809,-8.70823860168457e-05,0.0,0.0,0.5895624756813049,-0.15223407745361328,0.03,0,0,0,0,0,0,0,0,0,0,0,0,0,0,0,0,0,0,0,0,0
7.313559055328369,9.0,0.0,0.0,-0.0006951689720153809,-8.70823860168457e-05,0.0,0.0,0.5895624756813049,-0.15223407745361328,0.03,0,0,0,0,0,0,0,0,0,0,0,0,0,0,0,0,0,0,0,0,0
7.316298007965088,9.0,0.0,0.0,-0.0006951689720153809,-8.70823860168457e-05,0.0,0.0,0.5895624756813049,-0.15223407745361328,0.03,0,0,0,0,0,0,0,0,0,0,0,0,0,0,0,0,0,0,0,0,0
7.317505836486816,9.0,0.0,0.0,-0.0006951689720153809,-8.70823860168457e-05,0.0,0.0,0.5895624756813049,-0.15223407745361328,0.03,0,0,0,0,0,0,0,0,0,0,0,0,0,0,0,0,0,0,0,0,0
7.319747686386108,9.0,0.0,0.0,-0.0006951689720153809,-8.70823860168457e-05,0.0,0.0,0.5895624756813049,-0.15223407745361328,0.03,0,0,0,0,0,0,0,0,0,0,0,0,0,0,0,0,0,0,0,0,0
7.320865631103516,9.0,0.0,0.0,-0.0006951689720153809,-8.70823860168457e-05,0.0,0.0,0.5895624756813049,-0.15223407745361328,0.03,0,0,0,0,0,0,0,0,0,0,0,0,0,0,0,0,0,0,0,0,0
7.322103023529053,9.0,0.0,0.0,-0.0006951689720153809,-8.70823860168457e-05,0.0,0.0,0.5895624756813049,-0.15223407745361328,0.03,0,0,0,0,0,0,0,0,0,0,0,0,0,0,0,0,0,0,0,0,0
7.323385715484619,9.0,0.0,0.0,-0.0006951689720153809,-8.70823860168457e-05,0.0,0.0,0.5895624756813049,-0.15223407745361328,0.03,0,0,0,0,0,0,0,0,0,0,0,0,0,0,0,0,0,0,0,0,0
7.3249101638793945,9.0,0.0,0.0,-0.0006951689720153809,-8.70823860168457e-05,0.0,0.0,0.5895624756813049,-0.15223407745361328,0.03,0,0,0,0,0,0,0,0,0,0,0,0,0,0,0,0,0,0,0,0,0
7.329744577407837,9.0,0.0,0.0,-0.0006812810897827148,-5.4836273193359375e-05,0.0,0.0,0.5702043771743774,-0.006282404996454716,0.03,0,0,0,0,0,0,0,0,0,0,0,0,0,0,0,0,0,0,0,0,0
7.330844402313232,9.0,0.0,0.0,-0.0006812810897827148,-5.4836273193359375e-05,0.0,0.0,0.5702043771743774,-0.006282404996454716,0.03,0,0,0,0,0,0,0,0,0,0,0,0,0,0,0,0,0,0,0,0,0
7.332061290740967,9.0,0.0,0.0,-0.0007004737854003906,-6.216764450073242e-05,0.0,0.0,0.607625424861908,-0.05463475361466408,0.03,0,0,0,0,0,0,0,0,0,0,0,0,0,0,0,0,0,0,0,0,0
7.33441424369812,9.0,0.0,0.0,-0.0007004737854003906,-6.216764450073242e-05,0.0,0.0,0.607625424861908,-0.05463475361466408,0.03,0,0,0,0,0,0,0,0,0,0,0,0,0,0,0,0,0,0,0,0,0
7.335901975631714,9.0,0.0,0.0,-0.0007004737854003906,-6.216764450073242e-05,0.0,0.0,0.607625424861908,-0.05463475361466408,0.03,0,0,0,0,0,0,0,0,0,0,0,0,0,0,0,0,0,0,0,0,0
7.338358163833618,9.0,0.0,0.0,-0.0007004737854003906,-6.216764450073242e-05,0.0,0.0,0.607625424861908,-0.05463475361466408,0.03,0,0,0,0,0,0,0,0,0,0,0,0,0,0,0,0,0,0,0,0,0
7.339871406555176,9.0,0.0,0.0,-0.0007004737854003906,-6.216764450073242e-05,0.0,0.0,0.607625424861908,-0.05463475361466408,0.03,0,0,0,0,0,0,0,0,0,0,0,0,0,0,0,0,0,0,0,0,0
7.341191530227661,9.0,0.0,0.0,-0.0007004737854003906,-6.216764450073242e-05,0.0,0.0,0.607625424861908,-0.05463475361466408,0.03,0,0,0,0,0,0,0,0,0,0,0,0,0,0,0,0,0,0,0,0,0
7.342344284057617,9.0,0.0,0.0,-0.0007004737854003906,-6.216764450073242e-05,0.0,0.0,0.607625424861908,-0.05463475361466408,0.03,0,0,0,0,0,0,0,0,0,0,0,0,0,0,0,0,0,0,0,0,0
7.343589544296265,9.0,0.0,0.0,-0.0007004737854003906,-6.216764450073242e-05,0.0,0.0,0.607625424861908,-0.05463475361466408,0.03,0,0,0,0,0,0,0,0,0,0,0,0,0,0,0,0,0,0,0,0,0
7.345674276351929,9.0,0.0,0.0,-0.0007004737854003906,-6.216764450073242e-05,0.0,0.0,0.607625424861908,-0.05463475361466408,0.03,0,0,0,0,0,0,0,0,0,0,0,0,0,0,0,0,0,0,0,0,0
7.348033428192139,9.0,0.0,0.0,-0.0006986856460571289,-6.133317947387695e-05,0.0,0.0,0.58452969789505,-0.09289877116680145,0.03,0,0,0,0,0,0,0,0,0,0,0,0,0,0,0,0,0,0,0,0,0
7.349350452423096,9.0,0.0,0.0,-0.0007007122039794922,-4.00543212890625e-05,0.0,0.0,0.5751027464866638,-0.020371075719594955,0.03,0,0,0,0,0,0,0,0,0,0,0,0,0,0,0,0,0,0,0,0,0
7.350454807281494,9.0,0.0,0.0,-0.0006845593452453613,-6.121397018432617e-05,0.0,0.0,0.5746496319770813,-0.06411077082157135,0.03,0,0,0,0,0,0,0,0,0,0,0,0,0,0,0,0,0,0,0,0,0
7.352038383483887,9.0,0.0,0.0,-0.0006845593452453613,-6.121397018432617e-05,0.0,0.0,0.5746496319770813,-0.06411077082157135,0.03,0,0,0,0,0,0,0,0,0,0,0,0,0,0,0,0,0,0,0,0,0
7.3531272411346436,9.0,0.0,0.0,-0.0006845593452453613,-6.121397018432617e-05,0.0,0.0,0.5746496319770813,-0.06411077082157135,0.03,0,0,0,0,0,0,0,0,0,0,0,0,0,0,0,0,0,0,0,0,0
7.354371070861816,9.0,0.0,0.0,-0.0006845593452453613,-6.121397018432617e-05,0.0,0.0,0.5746496319770813,-0.06411077082157135,0.03,0,0,0,0,0,0,0,0,0,0,0,0,0,0,0,0,0,0,0,0,0
7.355576515197754,9.0,0.0,0.0,-0.0006845593452453613,-6.121397018432617e-05,0.0,0.0,0.5746496319770813,-0.06411077082157135,0.03,0,0,0,0,0,0,0,0,0,0,0,0,0,0,0,0,0,0,0,0,0
7.356656312942505,9.0,0.0,0.0,-0.0006845593452453613,-6.121397018432617e-05,0.0,0.0,0.5746496319770813,-0.06411077082157135,0.03,0,0,0,0,0,0,0,0,0,0,0,0,0,0,0,0,0,0,0,0,0
7.357812404632568,9.0,0.0,0.0,-0.0006845593452453613,-6.121397018432617e-05,0.0,0.0,0.5746496319770813,-0.06411077082157135,0.03,0,0,0,0,0,0,0,0,0,0,0,0,0,0,0,0,0,0,0,0,0
7.358923435211182,9.0,0.0,0.0,-0.0006845593452453613,-6.121397018432617e-05,0.0,0.0,0.5746496319770813,-0.06411077082157135,0.03,0,0,0,0,0,0,0,0,0,0,0,0,0,0,0,0,0,0,0,0,0
7.360003232955933,9.0,0.0,0.0,-0.0006845593452453613,-6.121397018432617e-05,0.0,0.0,0.5746496319770813,-0.06411077082157135,0.03,0,0,0,0,0,0,0,0,0,0,0,0,0,0,0,0,0,0,0,0,0
7.3613667488098145,9.0,0.0,0.0,-0.0006845593452453613,-6.121397018432617e-05,0.0,0.0,0.5746496319770813,-0.06411077082157135,0.03,0,0,0,0,0,0,0,0,0,0,0,0,0,0,0,0,0,0,0,0,0
7.364123582839966,9.0,0.0,0.0,-0.0006845593452453613,-6.121397018432617e-05,0.0,0.0,0.5746496319770813,-0.06411077082157135,0.03,0,0,0,0,0,0,0,0,0,0,0,0,0,0,0,0,0,0,0,0,0
7.365757942199707,9.0,0.0,0.0,-0.0006845593452453613,-6.121397018432617e-05,0.0,0.0,0.5746496319770813,-0.06411077082157135,0.03,0,0,0,0,0,0,0,0,0,0,0,0,0,0,0,0,0,0,0,0,0
7.367680311203003,9.0,0.0,0.0,-0.0006845593452453613,-6.121397018432617e-05,0.0,0.0,0.5746496319770813,-0.06411077082157135,0.03,0,0,0,0,0,0,0,0,0,0,0,0,0,0,0,0,0,0,0,0,0
7.369170904159546,9.0,0.0,0.0,-0.0006845593452453613,-6.121397018432617e-05,0.0,0.0,0.5746496319770813,-0.06411077082157135,0.03,0,0,0,0,0,0,0,0,0,0,0,0,0,0,0,0,0,0,0,0,0
7.370384931564331,9.0,0.0,0.0,-0.0006845593452453613,-6.121397018432617e-05,0.0,0.0,0.5746496319770813,-0.06411077082157135,0.03,0,0,0,0,0,0,0,0,0,0,0,0,0,0,0,0,0,0,0,0,0
7.372441053390503,9.0,0.0,0.0,-0.0006845593452453613,-6.121397018432617e-05,0.0,0.0,0.5746496319770813,-0.06411077082157135,0.03,0,0,0,0,0,0,0,0,0,0,0,0,0,0,0,0,0,0,0,0,0
7.3740129470825195,9.0,0.0,0.0,-0.0006845593452453613,-6.121397018432617e-05,0.0,0.0,0.5746496319770813,-0.06411077082157135,0.03,0,0,0,0,0,0,0,0,0,0,0,0,0,0,0,0,0,0,0,0,0
7.376507043838501,9.0,0.0,0.0,-0.0006845593452453613,-6.121397018432617e-05,0.0,0.0,0.5746496319770813,-0.06411077082157135,0.03,0,0,0,0,0,0,0,0,0,0,0,0,0,0,0,0,0,0,0,0,0
7.378086090087891,9.0,0.0,0.0,-0.0006845593452453613,-6.121397018432617e-05,0.0,0.0,0.5746496319770813,-0.06411077082157135,0.03,0,0,0,0,0,0,0,0,0,0,0,0,0,0,0,0,0,0,0,0,0
7.379254102706909,9.0,0.0,0.0,-0.0006845593452453613,-6.121397018432617e-05,0.0,0.0,0.5746496319770813,-0.06411077082157135,0.03,0,0,0,0,0,0,0,0,0,0,0,0,0,0,0,0,0,0,0,0,0
7.380319833755493,9.0,0.0,0.0,-0.0006845593452453613,-6.121397018432617e-05,0.0,0.0,0.5746496319770813,-0.06411077082157135,0.03,0,0,0,0,0,0,0,0,0,0,0,0,0,0,0,0,0,0,0,0,0
7.381414175033569,9.0,0.0,0.0,-0.0006845593452453613,-6.121397018432617e-05,0.0,0.0,0.5746496319770813,-0.06411077082157135,0.03,0,0,0,0,0,0,0,0,0,0,0,0,0,0,0,0,0,0,0,0,0
7.382474422454834,9.0,0.0,0.0,-0.0006845593452453613,-6.121397018432617e-05,0.0,0.0,0.5746496319770813,-0.06411077082157135,0.03,0,0,0,0,0,0,0,0,0,0,0,0,0,0,0,0,0,0,0,0,0
7.3836588859558105,9.0,0.0,0.0,-0.0006845593452453613,-6.121397018432617e-05,0.0,0.0,0.5746496319770813,-0.06411077082157135,0.03,0,0,0,0,0,0,0,0,0,0,0,0,0,0,0,0,0,0,0,0,0
7.38676118850708,9.0,0.0,0.0,-0.0007299184799194336,-5.003809928894043e-05,0.0,0.0,0.6373868584632874,-0.03424661606550217,0.03,0,0,0,0,0,0,0,0,0,0,0,0,0,0,0,0,0,0,0,0,0
7.391448974609375,9.0,0.0,0.0,-0.0006904006004333496,-4.470348358154297e-05,0.0,0.0,0.5640496611595154,-0.08135009557008743,0.03,0,0,0,0,0,0,0,0,0,0,0,0,0,0,0,0,0,0,0,0,0
7.392563343048096,9.0,0.0,0.0,-0.0006904006004333496,-4.470348358154297e-05,0.0,0.0,0.5640496611595154,-0.08135009557008743,0.03,0,0,0,0,0,0,0,0,0,0,0,0,0,0,0,0,0,0,0,0,0
7.394415616989136,9.0,0.0,0.0,-0.0006904006004333496,-4.470348358154297e-05,0.0,0.0,0.5640496611595154,-0.08135009557008743,0.03,0,0,0,0,0,0,0,0,0,0,0,0,0,0,0,0,0,0,0,0,0
7.395592212677002,9.0,0.0,0.0,-0.0006904006004333496,-4.470348358154297e-05,0.0,0.0,0.5640496611595154,-0.08135009557008743,0.03,0,0,0,0,0,0,0,0,0,0,0,0,0,0,0,0,0,0,0,0,0
7.397727966308594,9.0,0.0,0.0,-0.0006792545318603516,-5.447864532470703e-05,0.0,0.0,0.5776742696762085,-0.05810781195759773,0.03,0,0,0,0,0,0,0,0,0,0,0,0,0,0,0,0,0,0,0,0,0
7.399021863937378,9.0,0.0,0.0,-0.0006792545318603516,-5.447864532470703e-05,0.0,0.0,0.5776742696762085,-0.05810781195759773,0.03,0,0,0,0,0,0,0,0,0,0,0,0,0,0,0,0,0,0,0,0,0
7.400854825973511,9.0,0.0,0.0,-0.0006792545318603516,-5.447864532470703e-05,0.0,0.0,0.5776742696762085,-0.05810781195759773,0.03,0,0,0,0,0,0,0,0,0,0,0,0,0,0,0,0,0,0,0,0,0
7.402353048324585,9.0,0.0,0.0,-0.0006792545318603516,-5.447864532470703e-05,0.0,0.0,0.5776742696762085,-0.05810781195759773,0.03,0,0,0,0,0,0,0,0,0,0,0,0,0,0,0,0,0,0,0,0,0
7.40381383895874,9.0,0.0,0.0,-0.0006792545318603516,-5.447864532470703e-05,0.0,0.0,0.5776742696762085,-0.05810781195759773,0.03,0,0,0,0,0,0,0,0,0,0,0,0,0,0,0,0,0,0,0,0,0
7.405478477478027,9.0,0.0,0.0,-0.0006792545318603516,-5.447864532470703e-05,0.0,0.0,0.5776742696762085,-0.05810781195759773,0.03,0,0,0,0,0,0,0,0,0,0,0,0,0,0,0,0,0,0,0,0,0
7.407978057861328,9.0,0.0,0.0,-0.0006792545318603516,-5.447864532470703e-05,0.0,0.0,0.5776742696762085,-0.05810781195759773,0.03,0,0,0,0,0,0,0,0,0,0,0,0,0,0,0,0,0,0,0,0,0
7.409152507781982,9.0,0.0,0.0,-0.0006792545318603516,-5.447864532470703e-05,0.0,0.0,0.5776742696762085,-0.05810781195759773,0.03,0,0,0,0,0,0,0,0,0,0,0,0,0,0,0,0,0,0,0,0,0
7.410364389419556,9.0,0.0,0.0,-0.0006792545318603516,-5.447864532470703e-05,0.0,0.0,0.5776742696762085,-0.05810781195759773,0.03,0,0,0,0,0,0,0,0,0,0,0,0,0,0,0,0,0,0,0,0,0
7.411729335784912,9.0,0.0,0.0,-0.0006792545318603516,-5.447864532470703e-05,0.0,0.0,0.5776742696762085,-0.05810781195759773,0.03,0,0,0,0,0,0,0,0,0,0,0,0,0,0,0,0,0,0,0,0,0
7.412978410720825,9.0,0.0,0.0,-0.0006792545318603516,-5.447864532470703e-05,0.0,0.0,0.5776742696762085,-0.05810781195759773,0.03,0,0,0,0,0,0,0,0,0,0,0,0,0,0,0,0,0,0,0,0,0
7.414150238037109,9.0,0.0,0.0,-0.0006792545318603516,-5.447864532470703e-05,0.0,0.0,0.5776742696762085,-0.05810781195759773,0.03,0,0,0,0,0,0,0,0,0,0,0,0,0,0,0,0,0,0,0,0,0
7.415382623672485,9.0,0.0,0.0,-0.0006792545318603516,-5.447864532470703e-05,0.0,0.0,0.5776742696762085,-0.05810781195759773,0.03,0,0,0,0,0,0,0,0,0,0,0,0,0,0,0,0,0,0,0,0,0
7.416733980178833,9.0,0.0,0.0,-0.0006792545318603516,-5.447864532470703e-05,0.0,0.0,0.5776742696762085,-0.05810781195759773,0.03,0,0,0,0,0,0,0,0,0,0,0,0,0,0,0,0,0,0,0,0,0
7.418184757232666,9.0,0.0,0.0,-0.0006792545318603516,-5.447864532470703e-05,0.0,0.0,0.5776742696762085,-0.05810781195759773,0.03,0,0,0,0,0,0,0,0,0,0,0,0,0,0,0,0,0,0,0,0,0
7.419407844543457,9.0,0.0,0.0,-0.0006792545318603516,-5.447864532470703e-05,0.0,0.0,0.5776742696762085,-0.05810781195759773,0.03,0,0,0,0,0,0,0,0,0,0,0,0,0,0,0,0,0,0,0,0,0
7.4208173751831055,9.0,0.0,0.0,-0.0006792545318603516,-5.447864532470703e-05,0.0,0.0,0.5776742696762085,-0.05810781195759773,0.03,0,0,0,0,0,0,0,0,0,0,0,0,0,0,0,0,0,0,0,0,0
7.421992778778076,9.0,0.0,0.0,-0.0006792545318603516,-5.447864532470703e-05,0.0,0.0,0.5776742696762085,-0.05810781195759773,0.03,0,0,0,0,0,0,0,0,0,0,0,0,0,0,0,0,0,0,0,0,0
7.423174619674683,9.0,0.0,0.0,-0.0006792545318603516,-5.447864532470703e-05,0.0,0.0,0.5776742696762085,-0.05810781195759773,0.03,0,0,0,0,0,0,0,0,0,0,0,0,0,0,0,0,0,0,0,0,0
7.424469470977783,9.0,0.0,0.0,-0.0006792545318603516,-5.447864532470703e-05,0.0,0.0,0.5776742696762085,-0.05810781195759773,0.03,0,0,0,0,0,0,0,0,0,0,0,0,0,0,0,0,0,0,0,0,0
7.42556619644165,9.0,0.0,0.0,-0.0006792545318603516,-5.447864532470703e-05,0.0,0.0,0.5776742696762085,-0.05810781195759773,0.03,0,0,0,0,0,0,0,0,0,0,0,0,0,0,0,0,0,0,0,0,0
7.426661968231201,9.0,0.0,0.0,-0.0006792545318603516,-5.447864532470703e-05,0.0,0.0,0.5776742696762085,-0.05810781195759773,0.03,0,0,0,0,0,0,0,0,0,0,0,0,0,0,0,0,0,0,0,0,0
7.427793979644775,9.0,0.0,0.0,-0.0006792545318603516,-5.447864532470703e-05,0.0,0.0,0.5776742696762085,-0.05810781195759773,0.03,0,0,0,0,0,0,0,0,0,0,0,0,0,0,0,0,0,0,0,0,0
7.429783344268799,9.0,0.0,0.0,-0.0006790757179260254,-6.154179573059082e-05,0.0,0.0,0.574242889881134,-0.05809039622545242,0.03,0,0,0,0,0,0,0,0,0,0,0,0,0,0,0,0,0,0,0,0,0
7.430920362472534,9.0,0.0,0.0,-0.0006790757179260254,-6.154179573059082e-05,0.0,0.0,0.574242889881134,-0.05809039622545242,0.03,0,0,0,0,0,0,0,0,0,0,0,0,0,0,0,0,0,0,0,0,0
7.432235240936279,9.0,0.0,0.0,-0.0007206201553344727,-4.1961669921875e-05,0.0,0.0,0.6308487057685852,-0.08226554095745087,0.03,0,0,0,0,0,0,0,0,0,0,0,0,0,0,0,0,0,0,0,0,0
7.433563947677612,9.0,0.0,0.0,-0.0007206201553344727,-4.1961669921875e-05,0.0,0.0,0.6308487057685852,-0.08226554095745087,0.03,0,0,0,0,0,0,0,0,0,0,0,0,0,0,0,0,0,0,0,0,0
7.434866905212402,9.0,0.0,0.0,-0.0006849169731140137,-6.443262100219727e-05,0.0,0.0,0.5548800826072693,-0.0578891783952713,0.03,0,0,0,0,0,0,0,0,0,0,0,0,0,0,0,0,0,0,0,0,0
7.436086893081665,9.0,0.0,0.0,-0.0006849169731140137,-6.443262100219727e-05,0.0,0.0,0.5548800826072693,-0.0578891783952713,0.03,0,0,0,0,0,0,0,0,0,0,0,0,0,0,0,0,0,0,0,0,0
7.437761068344116,9.0,0.0,0.0,-0.0006849169731140137,-6.443262100219727e-05,0.0,0.0,0.5548800826072693,-0.0578891783952713,0.03,0,0,0,0,0,0,0,0,0,0,0,0,0,0,0,0,0,0,0,0,0
7.43965482711792,9.0,0.0,0.0,-0.0006849169731140137,-6.443262100219727e-05,0.0,0.0,0.5548800826072693,-0.0578891783952713,0.03,0,0,0,0,0,0,0,0,0,0,0,0,0,0,0,0,0,0,0,0,0
7.441076993942261,9.0,0.0,0.0,-0.0006944537162780762,-5.40316104888916e-05,0.0,0.0,0.5880452394485474,-0.04612777754664421,0.03,0,0,0,0,0,0,0,0,0,0,0,0,0,0,0,0,0,0,0,0,0
7.44242000579834,9.0,0.0,0.0,-0.0006944537162780762,-5.40316104888916e-05,0.0,0.0,0.5880452394485474,-0.04612777754664421,0.03,0,0,0,0,0,0,0,0,0,0,0,0,0,0,0,0,0,0,0,0,0
7.443690299987793,9.0,0.0,0.0,-0.0006944537162780762,-5.40316104888916e-05,0.0,0.0,0.5880452394485474,-0.04612777754664421,0.03,0,0,0,0,0,0,0,0,0,0,0,0,0,0,0,0,0,0,0,0,0
7.444808721542358,9.0,0.0,0.0,-0.0006944537162780762,-5.40316104888916e-05,0.0,0.0,0.5880452394485474,-0.04612777754664421,0.03,0,0,0,0,0,0,0,0,0,0,0,0,0,0,0,0,0,0,0,0,0
7.446349859237671,9.0,0.0,0.0,-0.0006944537162780762,-5.40316104888916e-05,0.0,0.0,0.5880452394485474,-0.04612777754664421,0.03,0,0,0,0,0,0,0,0,0,0,0,0,0,0,0,0,0,0,0,0,0
7.448781728744507,9.0,0.0,0.0,-0.0006944537162780762,-5.40316104888916e-05,0.0,0.0,0.5880452394485474,-0.04612777754664421,0.03,0,0,0,0,0,0,0,0,0,0,0,0,0,0,0,0,0,0,0,0,0
7.449941396713257,9.0,0.0,0.0,-0.000700533390045166,-3.8295984268188477e-05,0.0,0.0,0.6027123928070068,-0.061775222420692444,0.03,0,0,0,0,0,0,0,0,0,0,0,0,0,0,0,0,0,0,0,0,0
7.451114892959595,9.0,0.0,0.0,-0.0007076263427734375,-6.42538070678711e-05,0.0,0.0,0.618298351764679,-0.08105013519525528,0.03,0,0,0,0,0,0,0,0,0,0,0,0,0,0,0,0,0,0,0,0,0
7.452304840087891,9.0,0.0,0.0,-0.0007039904594421387,-6.67273998260498e-05,0.0,0.0,0.6119113564491272,-0.0606081597507,0.03,0,0,0,0,0,0,0,0,0,0,0,0,0,0,0,0,0,0,0,0,0
7.453537702560425,9.0,0.0,0.0,-0.0007078647613525391,-6.16312026977539e-05,0.0,0.0,0.6115128993988037,-0.05820730701088905,0.03,0,0,0,0,0,0,0,0,0,0,0,0,0,0,0,0,0,0,0,0,0
7.454646348953247,9.0,0.0,0.0,-0.0007078647613525391,-6.16312026977539e-05,0.0,0.0,0.6115128993988037,-0.05820730701088905,0.03,0,0,0,0,0,0,0,0,0,0,0,0,0,0,0,0,0,0,0,0,0
7.455845355987549,9.0,0.0,0.0,-0.0007078647613525391,-6.16312026977539e-05,0.0,0.0,0.6115128993988037,-0.05820730701088905,0.03,0,0,0,0,0,0,0,0,0,0,0,0,0,0,0,0,0,0,0,0,0
7.457045555114746,9.0,0.0,0.0,-0.0007078647613525391,-6.16312026977539e-05,0.0,0.0,0.6115128993988037,-0.05820730701088905,0.03,0,0,0,0,0,0,0,0,0,0,0,0,0,0,0,0,0,0,0,0,0
7.4582202434539795,9.0,0.0,0.0,-0.0007078647613525391,-6.16312026977539e-05,0.0,0.0,0.6115128993988037,-0.05820730701088905,0.03,0,0,0,0,0,0,0,0,0,0,0,0,0,0,0,0,0,0,0,0,0
7.459327459335327,9.0,0.0,0.0,-0.0007078647613525391,-6.16312026977539e-05,0.0,0.0,0.6115128993988037,-0.05820730701088905,0.03,0,0,0,0,0,0,0,0,0,0,0,0,0,0,0,0,0,0,0,0,0
7.460409641265869,9.0,0.0,0.0,-0.0007078647613525391,-6.16312026977539e-05,0.0,0.0,0.6115128993988037,-0.05820730701088905,0.03,0,0,0,0,0,0,0,0,0,0,0,0,0,0,0,0,0,0,0,0,0
7.461642503738403,9.0,0.0,0.0,-0.0007078647613525391,-6.16312026977539e-05,0.0,0.0,0.6115128993988037,-0.05820730701088905,0.03,0,0,0,0,0,0,0,0,0,0,0,0,0,0,0,0,0,0,0,0,0
7.46370530128479,9.0,0.0,0.0,-0.0007078647613525391,-6.16312026977539e-05,0.0,0.0,0.6115128993988037,-0.05820730701088905,0.03,0,0,0,0,0,0,0,0,0,0,0,0,0,0,0,0,0,0,0,0,0
7.46491265296936,9.0,0.0,0.0,-0.0007063746452331543,-6.148219108581543e-05,0.0,0.0,0.5963146686553955,-0.0581854023039341,0.03,0,0,0,0,0,0,0,0,0,0,0,0,0,0,0,0,0,0,0,0,0
7.466029167175293,9.0,0.0,0.0,-0.0007063746452331543,-6.148219108581543e-05,0.0,0.0,0.5963146686553955,-0.0581854023039341,0.03,0,0,0,0,0,0,0,0,0,0,0,0,0,0,0,0,0,0,0,0,0
7.467348575592041,9.0,0.0,0.0,-0.0007063746452331543,-6.148219108581543e-05,0.0,0.0,0.5963146686553955,-0.0581854023039341,0.03,0,0,0,0,0,0,0,0,0,0,0,0,0,0,0,0,0,0,0,0,0
7.46907639503479,9.0,0.0,0.0,-0.0007307529449462891,-2.2858381271362305e-05,0.0,0.0,0.6465314626693726,-0.026823164895176888,0.03,0,0,0,0,0,0,0,0,0,0,0,0,0,0,0,0,0,0,0,0,0
7.470337629318237,9.0,0.0,0.0,-0.0007307529449462891,-2.2858381271362305e-05,0.0,0.0,0.6465314626693726,-0.026823164895176888,0.03,0,0,0,0,0,0,0,0,0,0,0,0,0,0,0,0,0,0,0,0,0
7.471747636795044,9.0,0.0,0.0,-0.0007307529449462891,-2.2858381271362305e-05,0.0,0.0,0.6465314626693726,-0.026823164895176888,0.03,0,0,0,0,0,0,0,0,0,0,0,0,0,0,0,0,0,0,0,0,0
7.473431587219238,9.0,0.0,0.0,-0.0007307529449462891,-2.2858381271362305e-05,0.0,0.0,0.6465314626693726,-0.026823164895176888,0.03,0,0,0,0,0,0,0,0,0,0,0,0,0,0,0,0,0,0,0,0,0
7.474603891372681,9.0,0.0,0.0,-0.0007307529449462891,-2.2858381271362305e-05,0.0,0.0,0.6465314626693726,-0.026823164895176888,0.03,0,0,0,0,0,0,0,0,0,0,0,0,0,0,0,0,0,0,0,0,0
7.476065635681152,9.0,0.0,0.0,-0.0007307529449462891,-2.2858381271362305e-05,0.0,0.0,0.6465314626693726,-0.026823164895176888,0.03,0,0,0,0,0,0,0,0,0,0,0,0,0,0,0,0,0,0,0,0,0
7.477760076522827,9.0,0.0,0.0,-0.0007307529449462891,-2.2858381271362305e-05,0.0,0.0,0.6465314626693726,-0.026823164895176888,0.03,0,0,0,0,0,0,0,0,0,0,0,0,0,0,0,0,0,0,0,0,0
7.478841304779053,9.0,0.0,0.0,-0.0007307529449462891,-2.2858381271362305e-05,0.0,0.0,0.6465314626693726,-0.026823164895176888,0.03,0,0,0,0,0,0,0,0,0,0,0,0,0,0,0,0,0,0,0,0,0
7.4817352294921875,9.0,0.0,0.0,-0.0007307529449462891,-2.2858381271362305e-05,0.0,0.0,0.6465314626693726,-0.026823164895176888,0.03,0,0,0,0,0,0,0,0,0,0,0,0,0,0,0,0,0,0,0,0,0
7.482963562011719,9.0,0.0,0.0,-0.0007016658782958984,-1.8268823623657227e-05,0.0,0.0,0.5811366438865662,-0.07173194736242294,0.03,0,0,0,0,0,0,0,0,0,0,0,0,0,0,0,0,0,0,0,0,0
7.484567403793335,9.0,0.0,0.0,-0.0007037520408630371,-3.5434961318969727e-05,0.0,0.0,0.6107204556465149,-0.09933105111122131,0.03,0,0,0,0,0,0,0,0,0,0,0,0,0,0,0,0,0,0,0,0,0
7.487779378890991,9.0,0.0,0.0,-0.0007037520408630371,-3.5434961318969727e-05,0.0,0.0,0.6107204556465149,-0.09933105111122131,0.03,0,0,0,0,0,0,0,0,0,0,0,0,0,0,0,0,0,0,0,0,0
7.48988938331604,9.0,0.0,0.0,-0.0007037520408630371,-3.5434961318969727e-05,0.0,0.0,0.6107204556465149,-0.09933105111122131,0.03,0,0,0,0,0,0,0,0,0,0,0,0,0,0,0,0,0,0,0,0,0
7.491543531417847,9.0,0.0,0.0,-0.0007037520408630371,-3.5434961318969727e-05,0.0,0.0,0.6107204556465149,-0.09933105111122131,0.03,0,0,0,0,0,0,0,0,0,0,0,0,0,0,0,0,0,0,0,0,0
7.492890119552612,9.0,0.0,0.0,-0.0007037520408630371,-3.5434961318969727e-05,0.0,0.0,0.6107204556465149,-0.09933105111122131,0.03,0,0,0,0,0,0,0,0,0,0,0,0,0,0,0,0,0,0,0,0,0
7.494206666946411,9.0,0.0,0.0,-0.0007037520408630371,-3.5434961318969727e-05,0.0,0.0,0.6107204556465149,-0.09933105111122131,0.03,0,0,0,0,0,0,0,0,0,0,0,0,0,0,0,0,0,0,0,0,0
7.495867729187012,9.0,0.0,0.0,-0.0007037520408630371,-3.5434961318969727e-05,0.0,0.0,0.6107204556465149,-0.09933105111122131,0.03,0,0,0,0,0,0,0,0,0,0,0,0,0,0,0,0,0,0,0,0,0
7.49708890914917,9.0,0.0,0.0,-0.0007037520408630371,-3.5434961318969727e-05,0.0,0.0,0.6107204556465149,-0.09933105111122131,0.03,0,0,0,0,0,0,0,0,0,0,0,0,0,0,0,0,0,0,0,0,0
7.498202562332153,9.0,0.0,0.0,-0.0007037520408630371,-3.5434961318969727e-05,0.0,0.0,0.6107204556465149,-0.09933105111122131,0.03,0,0,0,0,0,0,0,0,0,0,0,0,0,0,0,0,0,0,0,0,0
7.499382019042969,9.0,0.0,0.0,-0.0007037520408630371,-3.5434961318969727e-05,0.0,0.0,0.6107204556465149,-0.09933105111122131,0.03,0,0,0,0,0,0,0,0,0,0,0,0,0,0,0,0,0,0,0,0,0
7.500550985336304,9.0,0.0,0.0,-0.0007037520408630371,-3.5434961318969727e-05,0.0,0.0,0.6107204556465149,-0.09933105111122131,0.03,0,0,0,0,0,0,0,0,0,0,0,0,0,0,0,0,0,0,0,0,0
7.501737356185913,9.0,0.0,0.0,-0.0007037520408630371,-3.5434961318969727e-05,0.0,0.0,0.6107204556465149,-0.09933105111122131,0.03,0,0,0,0,0,0,0,0,0,0,0,0,0,0,0,0,0,0,0,0,0
7.502814531326294,9.0,0.0,0.0,-0.0007037520408630371,-3.5434961318969727e-05,0.0,0.0,0.6107204556465149,-0.09933105111122131,0.03,0,0,0,0,0,0,0,0,0,0,0,0,0,0,0,0,0,0,0,0,0
7.5040059089660645,9.0,0.0,0.0,-0.0007037520408630371,-3.5434961318969727e-05,0.0,0.0,0.6107204556465149,-0.09933105111122131,0.03,0,0,0,0,0,0,0,0,0,0,0,0,0,0,0,0,0,0,0,0,0
7.505115747451782,9.0,0.0,0.0,-0.0007037520408630371,-3.5434961318969727e-05,0.0,0.0,0.6107204556465149,-0.09933105111122131,0.03,0,0,0,0,0,0,0,0,0,0,0,0,0,0,0,0,0,0,0,0,0
7.506245851516724,9.0,0.0,0.0,-0.0007037520408630371,-3.5434961318969727e-05,0.0,0.0,0.6107204556465149,-0.09933105111122131,0.03,0,0,0,0,0,0,0,0,0,0,0,0,0,0,0,0,0,0,0,0,0
7.507397651672363,9.0,0.0,0.0,-0.0007037520408630371,-3.5434961318969727e-05,0.0,0.0,0.6107204556465149,-0.09933105111122131,0.03,0,0,0,0,0,0,0,0,0,0,0,0,0,0,0,0,0,0,0,0,0
7.508493900299072,9.0,0.0,0.0,-0.0007037520408630371,-3.5434961318969727e-05,0.0,0.0,0.6107204556465149,-0.09933105111122131,0.03,0,0,0,0,0,0,0,0,0,0,0,0,0,0,0,0,0,0,0,0,0
7.5096752643585205,9.0,0.0,0.0,-0.0007037520408630371,-3.5434961318969727e-05,0.0,0.0,0.6107204556465149,-0.09933105111122131,0.03,0,0,0,0,0,0,0,0,0,0,0,0,0,0,0,0,0,0,0,0,0
7.510786771774292,9.0,0.0,0.0,-0.0007037520408630371,-3.5434961318969727e-05,0.0,0.0,0.6107204556465149,-0.09933105111122131,0.03,0,0,0,0,0,0,0,0,0,0,0,0,0,0,0,0,0,0,0,0,0
7.51190447807312,9.0,0.0,0.0,-0.0007037520408630371,-3.5434961318969727e-05,0.0,0.0,0.6107204556465149,-0.09933105111122131,0.03,0,0,0,0,0,0,0,0,0,0,0,0,0,0,0,0,0,0,0,0,0
7.5136284828186035,9.0,0.0,0.0,-0.0006794929504394531,-6.139278411865234e-05,0.0,0.0,0.5808609127998352,-0.05801372230052948,0.03,0,0,0,0,0,0,0,0,0,0,0,0,0,0,0,0,0,0,0,0,0
7.5152528285980225,9.0,0.0,0.0,-0.0006794929504394531,-6.139278411865234e-05,0.0,0.0,0.5808609127998352,-0.05801372230052948,0.03,0,0,0,0,0,0,0,0,0,0,0,0,0,0,0,0,0,0,0,0,0
7.517292737960815,9.0,0.0,0.0,-0.0007191896438598633,-7.224082946777344e-05,0.0,0.0,0.6536247134208679,-0.07852832973003387,0.03,0,0,0,0,0,0,0,0,0,0,0,0,0,0,0,0,0,0,0,0,0
7.5184166431427,9.0,0.0,0.0,-0.0007191896438598633,-7.224082946777344e-05,0.0,0.0,0.6536247134208679,-0.07852832973003387,0.03,0,0,0,0,0,0,0,0,0,0,0,0,0,0,0,0,0,0,0,0,0
7.519624471664429,9.0,0.0,0.0,-0.0007191896438598633,-7.224082946777344e-05,0.0,0.0,0.6536247134208679,-0.07852832973003387,0.03,0,0,0,0,0,0,0,0,0,0,0,0,0,0,0,0,0,0,0,0,0
7.520872354507446,9.0,0.0,0.0,-0.0007191896438598633,-7.224082946777344e-05,0.0,0.0,0.6536247134208679,-0.07852832973003387,0.03,0,0,0,0,0,0,0,0,0,0,0,0,0,0,0,0,0,0,0,0,0
7.52256178855896,9.0,0.0,0.0,-0.0007191896438598633,-7.224082946777344e-05,0.0,0.0,0.6536247134208679,-0.07852832973003387,0.03,0,0,0,0,0,0,0,0,0,0,0,0,0,0,0,0,0,0,0,0,0
7.524097681045532,9.0,0.0,0.0,-0.0007191896438598633,-7.224082946777344e-05,0.0,0.0,0.6536247134208679,-0.07852832973003387,0.03,0,0,0,0,0,0,0,0,0,0,0,0,0,0,0,0,0,0,0,0,0
7.525707721710205,9.0,0.0,0.0,-0.0006805062294006348,-5.182623863220215e-05,0.0,0.0,0.5724071860313416,-0.04294365644454956,0.03,0,0,0,0,0,0,0,0,0,0,0,0,0,0,0,0,0,0,0,0,0
7.526818037033081,9.0,0.0,0.0,-0.0006805062294006348,-5.182623863220215e-05,0.0,0.0,0.5724071860313416,-0.04294365644454956,0.03,0,0,0,0,0,0,0,0,0,0,0,0,0,0,0,0,0,0,0,0,0
7.527883052825928,9.0,0.0,0.0,-0.0006805062294006348,-5.182623863220215e-05,0.0,0.0,0.5724071860313416,-0.04294365644454956,0.03,0,0,0,0,0,0,0,0,0,0,0,0,0,0,0,0,0,0,0,0,0
7.52968168258667,9.0,0.0,0.0,-0.0006827712059020996,-5.766749382019043e-05,0.0,0.0,0.5755209922790527,-0.06759609282016754,0.03,0,0,0,0,0,0,0,0,0,0,0,0,0,0,0,0,0,0,0,0,0
7.530939102172852,9.0,0.0,0.0,-0.0006790757179260254,-5.78761100769043e-05,0.0,0.0,0.5734459161758423,-0.06585322320461273,0.03,0,0,0,0,0,0,0,0,0,0,0,0,0,0,0,0,0,0,0,0,0
7.532029628753662,9.0,0.0,0.0,-0.0006790757179260254,-5.78761100769043e-05,0.0,0.0,0.5734459161758423,-0.06585322320461273,0.03,0,0,0,0,0,0,0,0,0,0,0,0,0,0,0,0,0,0,0,0,0
7.533122539520264,9.0,0.0,0.0,-0.0006790757179260254,-5.78761100769043e-05,0.0,0.0,0.5734459161758423,-0.06585322320461273,0.03,0,0,0,0,0,0,0,0,0,0,0,0,0,0,0,0,0,0,0,0,0
7.534219026565552,9.0,0.0,0.0,-0.0006790757179260254,-5.78761100769043e-05,0.0,0.0,0.5734459161758423,-0.06585322320461273,0.03,0,0,0,0,0,0,0,0,0,0,0,0,0,0,0,0,0,0,0,0,0
7.535340309143066,9.0,0.0,0.0,-0.0006790757179260254,-5.78761100769043e-05,0.0,0.0,0.5734459161758423,-0.06585322320461273,0.03,0,0,0,0,0,0,0,0,0,0,0,0,0,0,0,0,0,0,0,0,0
7.53712010383606,9.0,0.0,0.0,-0.0006790757179260254,-5.78761100769043e-05,0.0,0.0,0.5734459161758423,-0.06585322320461273,0.03,0,0,0,0,0,0,0,0,0,0,0,0,0,0,0,0,0,0,0,0,0
7.538665533065796,9.0,0.0,0.0,-0.0006790757179260254,-5.78761100769043e-05,0.0,0.0,0.5734459161758423,-0.06585322320461273,0.03,0,0,0,0,0,0,0,0,0,0,0,0,0,0,0,0,0,0,0,0,0
7.541235446929932,9.0,0.0,0.0,-0.0006790757179260254,-5.78761100769043e-05,0.0,0.0,0.5734459161758423,-0.06585322320461273,0.03,0,0,0,0,0,0,0,0,0,0,0,0,0,0,0,0,0,0,0,0,0
7.542707443237305,9.0,0.0,0.0,-0.0006790757179260254,-5.78761100769043e-05,0.0,0.0,0.5734459161758423,-0.06585322320461273,0.03,0,0,0,0,0,0,0,0,0,0,0,0,0,0,0,0,0,0,0,0,0
7.543866872787476,9.0,0.0,0.0,-0.0006810426712036133,-5.951523780822754e-05,0.0,0.0,0.5833606123924255,-0.025684423744678497,0.03,0,0,0,0,0,0,0,0,0,0,0,0,0,0,0,0,0,0,0,0,0
7.545261383056641,9.0,0.0,0.0,-0.0006810426712036133,-5.951523780822754e-05,0.0,0.0,0.5833606123924255,-0.025684423744678497,0.03,0,0,0,0,0,0,0,0,0,0,0,0,0,0,0,0,0,0,0,0,0
7.546727180480957,9.0,0.0,0.0,-0.0006810426712036133,-5.951523780822754e-05,0.0,0.0,0.5833606123924255,-0.025684423744678497,0.03,0,0,0,0,0,0,0,0,0,0,0,0,0,0,0,0,0,0,0,0,0
7.548271656036377,9.0,0.0,0.0,-0.0006810426712036133,-5.951523780822754e-05,0.0,0.0,0.5833606123924255,-0.025684423744678497,0.03,0,0,0,0,0,0,0,0,0,0,0,0,0,0,0,0,0,0,0,0,0
7.549372673034668,9.0,0.0,0.0,-0.0006810426712036133,-5.951523780822754e-05,0.0,0.0,0.5833606123924255,-0.025684423744678497,0.03,0,0,0,0,0,0,0,0,0,0,0,0,0,0,0,0,0,0,0,0,0
7.552069664001465,9.0,0.0,0.0,-0.0006810426712036133,-5.951523780822754e-05,0.0,0.0,0.5833606123924255,-0.025684423744678497,0.03,0,0,0,0,0,0,0,0,0,0,0,0,0,0,0,0,0,0,0,0,0
7.5534443855285645,9.0,0.0,0.0,-0.0006799697875976562,-4.5418739318847656e-05,0.0,0.0,0.5856922268867493,-0.015480873174965382,0.03,0,0,0,0,0,0,0,0,0,0,0,0,0,0,0,0,0,0,0,0,0
7.554827928543091,9.0,0.0,0.0,-0.0006957650184631348,-6.112456321716309e-05,0.0,0.0,0.5963191986083984,-0.055713951587677,0.03,0,0,0,0,0,0,0,0,0,0,0,0,0,0,0,0,0,0,0,0,0
7.5559186935424805,9.0,0.0,0.0,-0.0006957650184631348,-6.112456321716309e-05,0.0,0.0,0.5963191986083984,-0.055713951587677,0.03,0,0,0,0,0,0,0,0,0,0,0,0,0,0,0,0,0,0,0,0,0
7.558655500411987,9.0,0.0,0.0,-0.0006957650184631348,-6.112456321716309e-05,0.0,0.0,0.5963191986083984,-0.055713951587677,0.03,0,0,0,0,0,0,0,0,0,0,0,0,0,0,0,0,0,0,0,0,0
7.5598530769348145,9.0,0.0,0.0,-0.0006957650184631348,-6.112456321716309e-05,0.0,0.0,0.5963191986083984,-0.055713951587677,0.03,0,0,0,0,0,0,0,0,0,0,0,0,0,0,0,0,0,0,0,0,0
7.561151742935181,9.0,0.0,0.0,-0.0007002353668212891,-7.88271427154541e-05,0.0,0.0,0.6218090653419495,-0.05303733050823212,0.03,0,0,0,0,0,0,0,0,0,0,0,0,0,0,0,0,0,0,0,0,0
7.562312841415405,9.0,0.0,0.0,-0.0007002353668212891,-7.88271427154541e-05,0.0,0.0,0.6218090653419495,-0.05303733050823212,0.03,0,0,0,0,0,0,0,0,0,0,0,0,0,0,0,0,0,0,0,0,0
7.5640809535980225,9.0,0.0,0.0,-0.0007002353668212891,-7.88271427154541e-05,0.0,0.0,0.6218090653419495,-0.05303733050823212,0.03,0,0,0,0,0,0,0,0,0,0,0,0,0,0,0,0,0,0,0,0,0
7.565265893936157,9.0,0.0,0.0,-0.0006791949272155762,-6.747245788574219e-05,0.0,0.0,0.58014976978302,-0.04998166486620903,0.03,0,0,0,0,0,0,0,0,0,0,0,0,0,0,0,0,0,0,0,0,0
7.56727409362793,9.0,0.0,0.0,-0.0006791949272155762,-6.747245788574219e-05,0.0,0.0,0.58014976978302,-0.04998166486620903,0.03,0,0,0,0,0,0,0,0,0,0,0,0,0,0,0,0,0,0,0,0,0
7.56901216506958,9.0,0.0,0.0,-0.000688016414642334,-5.996227264404297e-05,0.0,0.0,0.5859496593475342,-0.046580370515584946,0.03,0,0,0,0,0,0,0,0,0,0,0,0,0,0,0,0,0,0,0,0,0
7.570167064666748,9.0,0.0,0.0,-0.000688016414642334,-5.996227264404297e-05,0.0,0.0,0.5859496593475342,-0.046580370515584946,0.03,0,0,0,0,0,0,0,0,0,0,0,0,0,0,0,0,0,0,0,0,0
7.571692943572998,9.0,0.0,0.0,-0.000688016414642334,-5.996227264404297e-05,0.0,0.0,0.5859496593475342,-0.046580370515584946,0.03,0,0,0,0,0,0,0,0,0,0,0,0,0,0,0,0,0,0,0,0,0
7.573196887969971,9.0,0.0,0.0,-0.000688016414642334,-5.996227264404297e-05,0.0,0.0,0.5859496593475342,-0.046580370515584946,0.03,0,0,0,0,0,0,0,0,0,0,0,0,0,0,0,0,0,0,0,0,0
7.574693441390991,9.0,0.0,0.0,-0.000688016414642334,-5.996227264404297e-05,0.0,0.0,0.5859496593475342,-0.046580370515584946,0.03,0,0,0,0,0,0,0,0,0,0,0,0,0,0,0,0,0,0,0,0,0
7.5761590003967285,9.0,0.0,0.0,-0.000688016414642334,-5.996227264404297e-05,0.0,0.0,0.5859496593475342,-0.046580370515584946,0.03,0,0,0,0,0,0,0,0,0,0,0,0,0,0,0,0,0,0,0,0,0
7.577394008636475,9.0,0.0,0.0,-0.000688016414642334,-5.996227264404297e-05,0.0,0.0,0.5859496593475342,-0.046580370515584946,0.03,0,0,0,0,0,0,0,0,0,0,0,0,0,0,0,0,0,0,0,0,0
7.578565835952759,9.0,0.0,0.0,-0.000688016414642334,-5.996227264404297e-05,0.0,0.0,0.5859496593475342,-0.046580370515584946,0.03,0,0,0,0,0,0,0,0,0,0,0,0,0,0,0,0,0,0,0,0,0
7.579641819000244,9.0,0.0,0.0,-0.000688016414642334,-5.996227264404297e-05,0.0,0.0,0.5859496593475342,-0.046580370515584946,0.03,0,0,0,0,0,0,0,0,0,0,0,0,0,0,0,0,0,0,0,0,0
7.581827163696289,9.0,0.0,0.0,-0.0006801486015319824,-6.139278411865234e-05,0.0,0.0,0.5739580988883972,-0.051647234708070755,0.03,0,0,0,0,0,0,0,0,0,0,0,0,0,0,0,0,0,0,0,0,0
7.5830466747283936,9.0,0.0,0.0,-0.0006986856460571289,-6.115436553955078e-05,0.0,0.0,0.6129074096679688,-0.05579909682273865,0.03,0,0,0,0,0,0,0,0,0,0,0,0,0,0,0,0,0,0,0,0,0
7.584332466125488,9.0,0.0,0.0,-0.0006924867630004883,-5.5223703384399414e-05,0.0,0.0,0.5772600769996643,-0.06914173811674118,0.03,0,0,0,0,0,0,0,0,0,0,0,0,0,0,0,0,0,0,0,0,0
7.585707426071167,9.0,0.0,0.0,-0.0006924867630004883,-5.5223703384399414e-05,0.0,0.0,0.5772600769996643,-0.06914173811674118,0.03,0,0,0,0,0,0,0,0,0,0,0,0,0,0,0,0,0,0,0,0,0
7.586784362792969,9.0,0.0,0.0,-0.0006924867630004883,-5.5223703384399414e-05,0.0,0.0,0.5772600769996643,-0.06914173811674118,0.03,0,0,0,0,0,0,0,0,0,0,0,0,0,0,0,0,0,0,0,0,0
7.587964773178101,9.0,0.0,0.0,-0.0006924867630004883,-5.5223703384399414e-05,0.0,0.0,0.5772600769996643,-0.06914173811674118,0.03,0,0,0,0,0,0,0,0,0,0,0,0,0,0,0,0,0,0,0,0,0
7.589059114456177,9.0,0.0,0.0,-0.0006924867630004883,-5.5223703384399414e-05,0.0,0.0,0.5772600769996643,-0.06914173811674118,0.03,0,0,0,0,0,0,0,0,0,0,0,0,0,0,0,0,0,0,0,0,0
7.590179443359375,9.0,0.0,0.0,-0.0007049441337585449,-3.9517879486083984e-05,0.0,0.0,0.6180175542831421,-0.03436872735619545,0.03,0,0,0,0,0,0,0,0,0,0,0,0,0,0,0,0,0,0,0,0,0
7.591350317001343,9.0,0.0,0.0,-0.0007049441337585449,-3.9517879486083984e-05,0.0,0.0,0.6180175542831421,-0.03436872735619545,0.03,0,0,0,0,0,0,0,0,0,0,0,0,0,0,0,0,0,0,0,0,0
7.592445373535156,9.0,0.0,0.0,-0.0007049441337585449,-3.9517879486083984e-05,0.0,0.0,0.6180175542831421,-0.03436872735619545,0.03,0,0,0,0,0,0,0,0,0,0,0,0,0,0,0,0,0,0,0,0,0
7.593640089035034,9.0,0.0,0.0,-0.0007049441337585449,-3.9517879486083984e-05,0.0,0.0,0.6180175542831421,-0.03436872735619545,0.03,0,0,0,0,0,0,0,0,0,0,0,0,0,0,0,0,0,0,0,0,0
7.594906806945801,9.0,0.0,0.0,-0.0007049441337585449,-3.9517879486083984e-05,0.0,0.0,0.6180175542831421,-0.03436872735619545,0.03,0,0,0,0,0,0,0,0,0,0,0,0,0,0,0,0,0,0,0,0,0
7.596328258514404,9.0,0.0,0.0,-0.0007049441337585449,-3.9517879486083984e-05,0.0,0.0,0.6180175542831421,-0.03436872735619545,0.03,0,0,0,0,0,0,0,0,0,0,0,0,0,0,0,0,0,0,0,0,0
7.598047256469727,9.0,0.0,0.0,-0.0007049441337585449,-3.9517879486083984e-05,0.0,0.0,0.6180175542831421,-0.03436872735619545,0.03,0,0,0,0,0,0,0,0,0,0,0,0,0,0,0,0,0,0,0,0,0
7.599396467208862,9.0,0.0,0.0,-0.0007049441337585449,-3.9517879486083984e-05,0.0,0.0,0.6180175542831421,-0.03436872735619545,0.03,0,0,0,0,0,0,0,0,0,0,0,0,0,0,0,0,0,0,0,0,0
7.600599527359009,9.0,0.0,0.0,-0.0007049441337585449,-3.9517879486083984e-05,0.0,0.0,0.6180175542831421,-0.03436872735619545,0.03,0,0,0,0,0,0,0,0,0,0,0,0,0,0,0,0,0,0,0,0,0
7.601756811141968,9.0,0.0,0.0,-0.0007049441337585449,-3.9517879486083984e-05,0.0,0.0,0.6180175542831421,-0.03436872735619545,0.03,0,0,0,0,0,0,0,0,0,0,0,0,0,0,0,0,0,0,0,0,0
7.602941989898682,9.0,0.0,0.0,-0.0007049441337585449,-3.9517879486083984e-05,0.0,0.0,0.6180175542831421,-0.03436872735619545,0.03,0,0,0,0,0,0,0,0,0,0,0,0,0,0,0,0,0,0,0,0,0
7.604111194610596,9.0,0.0,0.0,-0.0007049441337585449,-3.9517879486083984e-05,0.0,0.0,0.6180175542831421,-0.03436872735619545,0.03,0,0,0,0,0,0,0,0,0,0,0,0,0,0,0,0,0,0,0,0,0
7.6054182052612305,9.0,0.0,0.0,-0.0007049441337585449,-3.9517879486083984e-05,0.0,0.0,0.6180175542831421,-0.03436872735619545,0.03,0,0,0,0,0,0,0,0,0,0,0,0,0,0,0,0,0,0,0,0,0
7.606645345687866,9.0,0.0,0.0,-0.0007049441337585449,-3.9517879486083984e-05,0.0,0.0,0.6180175542831421,-0.03436872735619545,0.03,0,0,0,0,0,0,0,0,0,0,0,0,0,0,0,0,0,0,0,0,0
7.607927083969116,9.0,0.0,0.0,-0.0007049441337585449,-3.9517879486083984e-05,0.0,0.0,0.6180175542831421,-0.03436872735619545,0.03,0,0,0,0,0,0,0,0,0,0,0,0,0,0,0,0,0,0,0,0,0
7.609163284301758,9.0,0.0,0.0,-0.0007049441337585449,-3.9517879486083984e-05,0.0,0.0,0.6180175542831421,-0.03436872735619545,0.03,0,0,0,0,0,0,0,0,0,0,0,0,0,0,0,0,0,0,0,0,0
7.610311508178711,9.0,0.0,0.0,-0.0007049441337585449,-3.9517879486083984e-05,0.0,0.0,0.6180175542831421,-0.03436872735619545,0.03,0,0,0,0,0,0,0,0,0,0,0,0,0,0,0,0,0,0,0,0,0
7.611397743225098,9.0,0.0,0.0,-0.0007049441337585449,-3.9517879486083984e-05,0.0,0.0,0.6180175542831421,-0.03436872735619545,0.03,0,0,0,0,0,0,0,0,0,0,0,0,0,0,0,0,0,0,0,0,0
7.612599611282349,9.0,0.0,0.0,-0.0006783604621887207,-6.264448165893555e-05,0.0,0.0,0.5699874758720398,-0.06674867123365402,0.03,0,0,0,0,0,0,0,0,0,0,0,0,0,0,0,0,0,0,0,0,0
7.613676309585571,9.0,0.0,0.0,-0.0006783604621887207,-6.264448165893555e-05,0.0,0.0,0.5699874758720398,-0.06674867123365402,0.03,0,0,0,0,0,0,0,0,0,0,0,0,0,0,0,0,0,0,0,0,0
7.614869594573975,9.0,0.0,0.0,-0.0006783604621887207,-6.264448165893555e-05,0.0,0.0,0.5699874758720398,-0.06674867123365402,0.03,0,0,0,0,0,0,0,0,0,0,0,0,0,0,0,0,0,0,0,0,0
7.616065502166748,9.0,0.0,0.0,-0.0006783604621887207,-6.264448165893555e-05,0.0,0.0,0.5699874758720398,-0.06674867123365402,0.03,0,0,0,0,0,0,0,0,0,0,0,0,0,0,0,0,0,0,0,0,0
7.617645263671875,9.0,0.0,0.0,-0.000701904296875,-6.273388862609863e-05,0.0,0.0,0.6254644989967346,-0.05779152363538742,0.03,0,0,0,0,0,0,0,0,0,0,0,0,0,0,0,0,0,0,0,0,0
7.61888313293457,9.0,0.0,0.0,-0.0006842613220214844,-2.9385089874267578e-05,0.0,0.0,0.5702943205833435,-0.0976480171084404,0.03,0,0,0,0,0,0,0,0,0,0,0,0,0,0,0,0,0,0,0,0,0
7.620483875274658,9.0,0.0,0.0,-0.0006842613220214844,-2.9385089874267578e-05,0.0,0.0,0.5702943205833435,-0.0976480171084404,0.03,0,0,0,0,0,0,0,0,0,0,0,0,0,0,0,0,0,0,0,0,0
7.622594356536865,9.0,0.0,0.0,-0.0006842613220214844,-2.9385089874267578e-05,0.0,0.0,0.5702943205833435,-0.0976480171084404,0.03,0,0,0,0,0,0,0,0,0,0,0,0,0,0,0,0,0,0,0,0,0
7.623929262161255,9.0,0.0,0.0,-0.0006842613220214844,-2.9385089874267578e-05,0.0,0.0,0.5702943205833435,-0.0976480171084404,0.03,0,0,0,0,0,0,0,0,0,0,0,0,0,0,0,0,0,0,0,0,0
7.6263487339019775,9.0,0.0,0.0,-0.0006842613220214844,-2.9385089874267578e-05,0.0,0.0,0.5702943205833435,-0.0976480171084404,0.03,0,0,0,0,0,0,0,0,0,0,0,0,0,0,0,0,0,0,0,0,0
7.628285646438599,9.0,0.0,0.0,-0.0006842613220214844,-2.9385089874267578e-05,0.0,0.0,0.5702943205833435,-0.0976480171084404,0.03,0,0,0,0,0,0,0,0,0,0,0,0,0,0,0,0,0,0,0,0,0
7.630528450012207,9.0,0.0,0.0,-0.0007017254829406738,-0.0001214146614074707,0.0,0.0,0.5916942358016968,-0.09531695395708084,0.03,0,0,0,0,0,0,0,0,0,0,0,0,0,0,0,0,0,0,0,0,0
7.631995677947998,9.0,0.0,0.0,-0.0007017254829406738,-0.0001214146614074707,0.0,0.0,0.5916942358016968,-0.09531695395708084,0.03,0,0,0,0,0,0,0,0,0,0,0,0,0,0,0,0,0,0,0,0,0
7.633466958999634,9.0,0.0,0.0,-0.000681459903717041,-0.00017240643501281738,0.0,0.0,0.6278752088546753,-0.14601896703243256,0.03,0,0,0,0,0,0,0,0,0,0,0,0,0,0,0,0,0,0,0,0,0
7.634531259536743,9.0,0.0,0.0,-0.000681459903717041,-0.00017240643501281738,0.0,0.0,0.6278752088546753,-0.14601896703243256,0.03,0,0,0,0,0,0,0,0,0,0,0,0,0,0,0,0,0,0,0,0,0
7.636815309524536,9.0,0.0,0.0,-0.000681459903717041,-0.00017240643501281738,0.0,0.0,0.6278752088546753,-0.14601896703243256,0.03,0,0,0,0,0,0,0,0,0,0,0,0,0,0,0,0,0,0,0,0,0
7.6380345821380615,9.0,0.0,0.0,-0.000681459903717041,-0.00017240643501281738,0.0,0.0,0.6278752088546753,-0.14601896703243256,0.03,0,0,0,0,0,0,0,0,0,0,0,0,0,0,0,0,0,0,0,0,0
7.641594886779785,9.0,0.0,0.0,-0.000704348087310791,-0.00015687942504882812,0.0,0.0,0.6151046752929688,-0.12244863063097,0.03,0,0,0,0,0,0,0,0,0,0,0,0,0,0,0,0,0,0,0,0,0
7.64285945892334,9.0,0.0,0.0,-0.0006807446479797363,-0.00016447901725769043,0.0,0.0,0.5642427802085876,-0.14043761789798737,0.03,0,0,0,0,0,0,0,0,0,0,0,0,0,0,0,0,0,0,0,0,0
7.643924951553345,9.0,0.0,0.0,-0.0006781816482543945,-0.00016108155250549316,0.0,0.0,0.5694276094436646,-0.12893721461296082,0.03,0,0,0,0,0,0,0,0,0,0,0,0,0,0,0,0,0,0,0,0,0
7.647031784057617,9.0,0.0,0.0,-0.0006781816482543945,-0.00016108155250549316,0.0,0.0,0.5694276094436646,-0.12893721461296082,0.03,0,0,0,0,0,0,0,0,0,0,0,0,0,0,0,0,0,0,0,0,0
7.648179769515991,9.0,0.0,0.0,-0.0006781816482543945,-0.00016108155250549316,0.0,0.0,0.5694276094436646,-0.12893721461296082,0.03,0,0,0,0,0,0,0,0,0,0,0,0,0,0,0,0,0,0,0,0,0
7.649469375610352,9.0,0.0,0.0,-0.0006781816482543945,-0.00016108155250549316,0.0,0.0,0.5694276094436646,-0.12893721461296082,0.03,0,0,0,0,0,0,0,0,0,0,0,0,0,0,0,0,0,0,0,0,0
7.651588439941406,9.0,0.0,0.0,-0.0006781816482543945,-0.00016108155250549316,0.0,0.0,0.5694276094436646,-0.12893721461296082,0.03,0,0,0,0,0,0,0,0,0,0,0,0,0,0,0,0,0,0,0,0,0
7.653468608856201,9.0,0.0,0.0,-0.0006781816482543945,-0.00016108155250549316,0.0,0.0,0.5694276094436646,-0.12893721461296082,0.03,0,0,0,0,0,0,0,0,0,0,0,0,0,0,0,0,0,0,0,0,0
7.654962062835693,9.0,0.0,0.0,-0.0006781816482543945,-0.00016108155250549316,0.0,0.0,0.5694276094436646,-0.12893721461296082,0.03,0,0,0,0,0,0,0,0,0,0,0,0,0,0,0,0,0,0,0,0,0
7.656387090682983,9.0,0.0,0.0,-0.0006781816482543945,-0.00016108155250549316,0.0,0.0,0.5694276094436646,-0.12893721461296082,0.03,0,0,0,0,0,0,0,0,0,0,0,0,0,0,0,0,0,0,0,0,0
7.657558917999268,9.0,0.0,0.0,-0.0006781816482543945,-0.00016108155250549316,0.0,0.0,0.5694276094436646,-0.12893721461296082,0.03,0,0,0,0,0,0,0,0,0,0,0,0,0,0,0,0,0,0,0,0,0
7.658843040466309,9.0,0.0,0.0,-0.0006787776947021484,-0.00014519691467285156,0.0,0.0,0.5780259370803833,-0.09002431482076645,0.03,0,0,0,0,0,0,0,0,0,0,0,0,0,0,0,0,0,0,0,0,0
7.66123104095459,9.0,0.0,0.0,-0.0006787776947021484,-0.00014519691467285156,0.0,0.0,0.5780259370803833,-0.09002431482076645,0.03,0,0,0,0,0,0,0,0,0,0,0,0,0,0,0,0,0,0,0,0,0
7.663118124008179,9.0,0.0,0.0,-0.000697791576385498,-0.00015941262245178223,0.0,0.0,0.6161908507347107,-0.1530977189540863,0.03,0,0,0,0,0,0,0,0,0,0,0,0,0,0,0,0,0,0,0,0,0
7.664536476135254,9.0,0.0,0.0,-0.000697791576385498,-0.00015941262245178223,0.0,0.0,0.6161908507347107,-0.1530977189540863,0.03,0,0,0,0,0,0,0,0,0,0,0,0,0,0,0,0,0,0,0,0,0
7.665970802307129,9.0,0.0,0.0,-0.0007210969924926758,-0.00014019012451171875,0.0,0.0,0.658176064491272,-0.09763690829277039,0.03,0,0,0,0,0,0,0,0,0,0,0,0,0,0,0,0,0,0,0,0,0
7.6682329177856445,9.0,0.0,0.0,-0.0007210969924926758,-0.00014019012451171875,0.0,0.0,0.658176064491272,-0.09763690829277039,0.03,0,0,0,0,0,0,0,0,0,0,0,0,0,0,0,0,0,0,0,0,0
7.669839143753052,9.0,0.0,0.0,-0.0007210969924926758,-0.00014019012451171875,0.0,0.0,0.658176064491272,-0.09763690829277039,0.03,0,0,0,0,0,0,0,0,0,0,0,0,0,0,0,0,0,0,0,0,0
7.671623229980469,9.0,0.0,0.0,-0.0007173418998718262,-0.0001537799835205078,0.0,0.0,0.6208509206771851,-0.14849191904067993,0.03,0,0,0,0,0,0,0,0,0,0,0,0,0,0,0,0,0,0,0,0,0
7.672736406326294,9.0,0.0,0.0,-0.0007038116455078125,-0.00012499094009399414,0.0,0.0,0.6171789765357971,-0.12334275990724564,0.03,0,0,0,0,0,0,0,0,0,0,0,0,0,0,0,0,0,0,0,0,0
7.673969030380249,9.0,0.0,0.0,-0.0006809234619140625,-0.00015813112258911133,0.0,0.0,0.566818356513977,-0.13625510036945343,0.03,0,0,0,0,0,0,0,0,0,0,0,0,0,0,0,0,0,0,0,0,0
7.675154209136963,9.0,0.0,0.0,-0.0006809234619140625,-0.00015813112258911133,0.0,0.0,0.566818356513977,-0.13625510036945343,0.03,0,0,0,0,0,0,0,0,0,0,0,0,0,0,0,0,0,0,0,0,0
7.676364183425903,9.0,0.0,0.0,-0.0006809234619140625,-0.00015813112258911133,0.0,0.0,0.566818356513977,-0.13625510036945343,0.03,0,0,0,0,0,0,0,0,0,0,0,0,0,0,0,0,0,0,0,0,0
7.677455902099609,9.0,0.0,0.0,-0.0006809234619140625,-0.00015813112258911133,0.0,0.0,0.566818356513977,-0.13625510036945343,0.03,0,0,0,0,0,0,0,0,0,0,0,0,0,0,0,0,0,0,0,0,0
7.678865909576416,9.0,0.0,0.0,-0.0006809234619140625,-0.00015813112258911133,0.0,0.0,0.566818356513977,-0.13625510036945343,0.03,0,0,0,0,0,0,0,0,0,0,0,0,0,0,0,0,0,0,0,0,0
7.682127475738525,9.0,0.0,0.0,-0.0006809234619140625,-0.00015813112258911133,0.0,0.0,0.566818356513977,-0.13625510036945343,0.03,0,0,0,0,0,0,0,0,0,0,0,0,0,0,0,0,0,0,0,0,0
7.684223175048828,9.0,0.0,0.0,-0.0006809234619140625,-0.00015813112258911133,0.0,0.0,0.566818356513977,-0.13625510036945343,0.03,0,0,0,0,0,0,0,0,0,0,0,0,0,0,0,0,0,0,0,0,0
7.685577392578125,9.0,0.0,0.0,-0.0006809234619140625,-0.00015813112258911133,0.0,0.0,0.566818356513977,-0.13625510036945343,0.03,0,0,0,0,0,0,0,0,0,0,0,0,0,0,0,0,0,0,0,0,0
7.686707496643066,9.0,0.0,0.0,-0.0006809234619140625,-0.00015813112258911133,0.0,0.0,0.566818356513977,-0.13625510036945343,0.03,0,0,0,0,0,0,0,0,0,0,0,0,0,0,0,0,0,0,0,0,0
7.68882942199707,9.0,0.0,0.0,-0.0006809234619140625,-0.00015813112258911133,0.0,0.0,0.566818356513977,-0.13625510036945343,0.03,0,0,0,0,0,0,0,0,0,0,0,0,0,0,0,0,0,0,0,0,0
7.690864562988281,9.0,0.0,0.0,-0.0006809234619140625,-0.00015813112258911133,0.0,0.0,0.566818356513977,-0.13625510036945343,0.03,0,0,0,0,0,0,0,0,0,0,0,0,0,0,0,0,0,0,0,0,0
7.6921374797821045,9.0,0.0,0.0,-0.0006809234619140625,-0.00015813112258911133,0.0,0.0,0.566818356513977,-0.13625510036945343,0.03,0,0,0,0,0,0,0,0,0,0,0,0,0,0,0,0,0,0,0,0,0
7.693375587463379,9.0,0.0,0.0,-0.0006809234619140625,-0.00015813112258911133,0.0,0.0,0.566818356513977,-0.13625510036945343,0.03,0,0,0,0,0,0,0,0,0,0,0,0,0,0,0,0,0,0,0,0,0
7.6946775913238525,9.0,0.0,0.0,-0.0007038116455078125,-0.00012996792793273926,0.0,0.0,0.6290957927703857,-0.15863943099975586,0.03,0,0,0,0,0,0,0,0,0,0,0,0,0,0,0,0,0,0,0,0,0
7.696313142776489,9.0,0.0,0.0,-0.000702202320098877,-0.00014454126358032227,0.0,0.0,0.614835262298584,-0.15898573398590088,0.03,0,0,0,0,0,0,0,0,0,0,0,0,0,0,0,0,0,0,0,0,0
7.6974005699157715,9.0,0.0,0.0,-0.000702202320098877,-0.00014454126358032227,0.0,0.0,0.614835262298584,-0.15898573398590088,0.03,0,0,0,0,0,0,0,0,0,0,0,0,0,0,0,0,0,0,0,0,0
7.698511600494385,9.0,0.0,0.0,-0.000702202320098877,-0.00014454126358032227,0.0,0.0,0.614835262298584,-0.15898573398590088,0.03,0,0,0,0,0,0,0,0,0,0,0,0,0,0,0,0,0,0,0,0,0
7.699575901031494,9.0,0.0,0.0,-0.000702202320098877,-0.00014454126358032227,0.0,0.0,0.614835262298584,-0.15898573398590088,0.03,0,0,0,0,0,0,0,0,0,0,0,0,0,0,0,0,0,0,0,0,0
7.700915813446045,9.0,0.0,0.0,-0.000702202320098877,-0.00014454126358032227,0.0,0.0,0.614835262298584,-0.15898573398590088,0.03,0,0,0,0,0,0,0,0,0,0,0,0,0,0,0,0,0,0,0,0,0
7.702178716659546,9.0,0.0,0.0,-0.000702202320098877,-0.00014454126358032227,0.0,0.0,0.614835262298584,-0.15898573398590088,0.03,0,0,0,0,0,0,0,0,0,0,0,0,0,0,0,0,0,0,0,0,0
7.704589366912842,9.0,0.0,0.0,-0.000702202320098877,-0.00014454126358032227,0.0,0.0,0.614835262298584,-0.15898573398590088,0.03,0,0,0,0,0,0,0,0,0,0,0,0,0,0,0,0,0,0,0,0,0
7.707603454589844,9.0,0.0,0.0,-0.000702202320098877,-0.00014454126358032227,0.0,0.0,0.614835262298584,-0.15898573398590088,0.03,0,0,0,0,0,0,0,0,0,0,0,0,0,0,0,0,0,0,0,0,0
7.708758592605591,9.0,0.0,0.0,-0.000702202320098877,-0.00014454126358032227,0.0,0.0,0.614835262298584,-0.15898573398590088,0.03,0,0,0,0,0,0,0,0,0,0,0,0,0,0,0,0,0,0,0,0,0
7.710752248764038,9.0,0.0,0.0,-0.000702202320098877,-0.00014454126358032227,0.0,0.0,0.614835262298584,-0.15898573398590088,0.03,0,0,0,0,0,0,0,0,0,0,0,0,0,0,0,0,0,0,0,0,0
7.711958408355713,9.0,0.0,0.0,-0.000702202320098877,-0.00014454126358032227,0.0,0.0,0.614835262298584,-0.15898573398590088,0.03,0,0,0,0,0,0,0,0,0,0,0,0,0,0,0,0,0,0,0,0,0
7.713238000869751,9.0,0.0,0.0,-0.000702202320098877,-0.00014454126358032227,0.0,0.0,0.614835262298584,-0.15898573398590088,0.03,0,0,0,0,0,0,0,0,0,0,0,0,0,0,0,0,0,0,0,0,0
7.714711666107178,9.0,0.0,0.0,-0.000702202320098877,-0.00014454126358032227,0.0,0.0,0.614835262298584,-0.15898573398590088,0.03,0,0,0,0,0,0,0,0,0,0,0,0,0,0,0,0,0,0,0,0,0
7.715802192687988,9.0,0.0,0.0,-0.000702202320098877,-0.00014454126358032227,0.0,0.0,0.614835262298584,-0.15898573398590088,0.03,0,0,0,0,0,0,0,0,0,0,0,0,0,0,0,0,0,0,0,0,0
7.716892242431641,9.0,0.0,0.0,-0.000702202320098877,-0.00014454126358032227,0.0,0.0,0.614835262298584,-0.15898573398590088,0.03,0,0,0,0,0,0,0,0,0,0,0,0,0,0,0,0,0,0,0,0,0
7.719465255737305,9.0,0.0,0.0,-0.000702202320098877,-0.00014454126358032227,0.0,0.0,0.614835262298584,-0.15898573398590088,0.03,0,0,0,0,0,0,0,0,0,0,0,0,0,0,0,0,0,0,0,0,0
7.720861911773682,9.0,0.0,0.0,-0.000702202320098877,-0.00014454126358032227,0.0,0.0,0.614835262298584,-0.15898573398590088,0.03,0,0,0,0,0,0,0,0,0,0,0,0,0,0,0,0,0,0,0,0,0
7.7234930992126465,9.0,0.0,0.0,-0.000702202320098877,-0.00014454126358032227,0.0,0.0,0.614835262298584,-0.15898573398590088,0.03,0,0,0,0,0,0,0,0,0,0,0,0,0,0,0,0,0,0,0,0,0
7.724597215652466,9.0,0.0,0.0,-0.000702202320098877,-0.00014454126358032227,0.0,0.0,0.614835262298584,-0.15898573398590088,0.03,0,0,0,0,0,0,0,0,0,0,0,0,0,0,0,0,0,0,0,0,0
7.726303815841675,9.0,0.0,0.0,-0.000702202320098877,-0.00014454126358032227,0.0,0.0,0.614835262298584,-0.15898573398590088,0.03,0,0,0,0,0,0,0,0,0,0,0,0,0,0,0,0,0,0,0,0,0
7.727734565734863,9.0,0.0,0.0,-0.000702202320098877,-0.00014454126358032227,0.0,0.0,0.614835262298584,-0.15898573398590088,0.03,0,0,0,0,0,0,0,0,0,0,0,0,0,0,0,0,0,0,0,0,0
7.729099750518799,9.0,0.0,0.0,-0.000702202320098877,-0.00014454126358032227,0.0,0.0,0.614835262298584,-0.15898573398590088,0.03,0,0,0,0,0,0,0,0,0,0,0,0,0,0,0,0,0,0,0,0,0
7.730504274368286,9.0,0.0,0.0,-0.000702202320098877,-0.00014454126358032227,0.0,0.0,0.614835262298584,-0.15898573398590088,0.03,0,0,0,0,0,0,0,0,0,0,0,0,0,0,0,0,0,0,0,0,0
7.731912136077881,9.0,0.0,0.0,-0.000702202320098877,-0.00014454126358032227,0.0,0.0,0.614835262298584,-0.15898573398590088,0.03,0,0,0,0,0,0,0,0,0,0,0,0,0,0,0,0,0,0,0,0,0
7.733476877212524,9.0,0.0,0.0,-0.000702202320098877,-0.00014454126358032227,0.0,0.0,0.614835262298584,-0.15898573398590088,0.03,0,0,0,0,0,0,0,0,0,0,0,0,0,0,0,0,0,0,0,0,0
7.735047340393066,9.0,0.0,0.0,-0.000702202320098877,-0.00014454126358032227,0.0,0.0,0.614835262298584,-0.15898573398590088,0.03,0,0,0,0,0,0,0,0,0,0,0,0,0,0,0,0,0,0,0,0,0
7.736263275146484,9.0,0.0,0.0,-0.000702202320098877,-0.00014454126358032227,0.0,0.0,0.614835262298584,-0.15898573398590088,0.03,0,0,0,0,0,0,0,0,0,0,0,0,0,0,0,0,0,0,0,0,0
7.738210916519165,9.0,0.0,0.0,-0.000702202320098877,-0.00014454126358032227,0.0,0.0,0.614835262298584,-0.15898573398590088,0.03,0,0,0,0,0,0,0,0,0,0,0,0,0,0,0,0,0,0,0,0,0
7.739471435546875,9.0,0.0,0.0,-0.0006844997406005859,-0.00015857815742492676,0.0,0.0,0.5848826766014099,-0.17403723299503326,0.03,0,0,0,0,0,0,0,0,0,0,0,0,0,0,0,0,0,0,0,0,0
7.741864442825317,9.0,0.0,0.0,-0.0007057785987854004,-0.00012007355690002441,0.0,0.0,0.644188404083252,-0.07757093012332916,0.03,0,0,0,0,0,0,0,0,0,0,0,0,0,0,0,0,0,0,0,0,0
7.742941856384277,9.0,0.0,0.0,-0.0007107257843017578,-0.00010946393013000488,0.0,0.0,0.6185676455497742,-0.08045187592506409,0.03,0,0,0,0,0,0,0,0,0,0,0,0,0,0,0,0,0,0,0,0,0
7.744874715805054,9.0,0.0,0.0,-0.0007142424583435059,-9.042024612426758e-05,0.0,0.0,0.6009342074394226,-0.0884692445397377,0.03,0,0,0,0,0,0,0,0,0,0,0,0,0,0,0,0,0,0,0,0,0
7.745987892150879,9.0,0.0,0.0,-0.0007142424583435059,-9.042024612426758e-05,0.0,0.0,0.6009342074394226,-0.0884692445397377,0.03,0,0,0,0,0,0,0,0,0,0,0,0,0,0,0,0,0,0,0,0,0
7.747258424758911,9.0,0.0,0.0,-0.0007142424583435059,-9.042024612426758e-05,0.0,0.0,0.6009342074394226,-0.0884692445397377,0.03,0,0,0,0,0,0,0,0,0,0,0,0,0,0,0,0,0,0,0,0,0
7.748477935791016,9.0,0.0,0.0,-0.0007142424583435059,-9.042024612426758e-05,0.0,0.0,0.6009342074394226,-0.0884692445397377,0.03,0,0,0,0,0,0,0,0,0,0,0,0,0,0,0,0,0,0,0,0,0
7.750208616256714,9.0,0.0,0.0,-0.0006799697875976562,-0.00012412667274475098,0.0,0.0,0.590789794921875,-0.09287750720977783,0.03,0,0,0,0,0,0,0,0,0,0,0,0,0,0,0,0,0,0,0,0,0
7.75146484375,9.0,0.0,0.0,-0.0007051229476928711,-0.0001125335693359375,0.0,0.0,0.6499336957931519,-0.09321799129247665,0.03,0,0,0,0,0,0,0,0,0,0,0,0,0,0,0,0,0,0,0,0,0
7.752593755722046,9.0,0.0,0.0,-0.0007051229476928711,-0.0001125335693359375,0.0,0.0,0.6499336957931519,-0.09321799129247665,0.03,0,0,0,0,0,0,0,0,0,0,0,0,0,0,0,0,0,0,0,0,0
7.753837585449219,9.0,0.0,0.0,-0.0007051229476928711,-0.0001125335693359375,0.0,0.0,0.6499336957931519,-0.09321799129247665,0.03,0,0,0,0,0,0,0,0,0,0,0,0,0,0,0,0,0,0,0,0,0
7.754933595657349,9.0,0.0,0.0,-0.0007051229476928711,-0.0001125335693359375,0.0,0.0,0.6499336957931519,-0.09321799129247665,0.03,0,0,0,0,0,0,0,0,0,0,0,0,0,0,0,0,0,0,0,0,0
7.756850004196167,9.0,0.0,0.0,-0.0007051229476928711,-0.0001125335693359375,0.0,0.0,0.6499336957931519,-0.09321799129247665,0.03,0,0,0,0,0,0,0,0,0,0,0,0,0,0,0,0,0,0,0,0,0
7.758705377578735,9.0,0.0,0.0,-0.0007051229476928711,-0.0001125335693359375,0.0,0.0,0.6499336957931519,-0.09321799129247665,0.03,0,0,0,0,0,0,0,0,0,0,0,0,0,0,0,0,0,0,0,0,0
7.759813070297241,9.0,0.0,0.0,-0.0007051229476928711,-0.0001125335693359375,0.0,0.0,0.6499336957931519,-0.09321799129247665,0.03,0,0,0,0,0,0,0,0,0,0,0,0,0,0,0,0,0,0,0,0,0
7.762258291244507,9.0,0.0,0.0,-0.0007051229476928711,-0.0001125335693359375,0.0,0.0,0.6499336957931519,-0.09321799129247665,0.03,0,0,0,0,0,0,0,0,0,0,0,0,0,0,0,0,0,0,0,0,0
7.763442516326904,9.0,0.0,0.0,-0.0007051229476928711,-0.0001125335693359375,0.0,0.0,0.6499336957931519,-0.09321799129247665,0.03,0,0,0,0,0,0,0,0,0,0,0,0,0,0,0,0,0,0,0,0,0
7.764580011367798,9.0,0.0,0.0,-0.0007364749908447266,-0.00010073184967041016,0.0,0.0,0.6768659949302673,-0.08673860132694244,0.03,0,0,0,0,0,0,0,0,0,0,0,0,0,0,0,0,0,0,0,0,0
7.765674591064453,9.0,0.0,0.0,-0.0007002353668212891,-7.578730583190918e-05,0.0,0.0,0.5923414826393127,-0.06665969640016556,0.03,0,0,0,0,0,0,0,0,0,0,0,0,0,0,0,0,0,0,0,0,0
7.767542600631714,9.0,0.0,0.0,-0.0006873011589050293,-9.590387344360352e-05,0.0,0.0,0.5974230170249939,-0.10491430759429932,0.03,0,0,0,0,0,0,0,0,0,0,0,0,0,0,0,0,0,0,0,0,0
7.769037961959839,9.0,0.0,0.0,-0.0006873011589050293,-9.590387344360352e-05,0.0,0.0,0.5974230170249939,-0.10491430759429932,0.03,0,0,0,0,0,0,0,0,0,0,0,0,0,0,0,0,0,0,0,0,0
7.771729230880737,9.0,0.0,0.0,-0.0006873011589050293,-9.590387344360352e-05,0.0,0.0,0.5974230170249939,-0.10491430759429932,0.03,0,0,0,0,0,0,0,0,0,0,0,0,0,0,0,0,0,0,0,0,0
7.77308988571167,9.0,0.0,0.0,-0.0006873011589050293,-9.590387344360352e-05,0.0,0.0,0.5974230170249939,-0.10491430759429932,0.03,0,0,0,0,0,0,0,0,0,0,0,0,0,0,0,0,0,0,0,0,0
7.774348020553589,9.0,0.0,0.0,-0.0006873011589050293,-9.590387344360352e-05,0.0,0.0,0.5974230170249939,-0.10491430759429932,0.03,0,0,0,0,0,0,0,0,0,0,0,0,0,0,0,0,0,0,0,0,0
7.775809288024902,9.0,0.0,0.0,-0.0006873011589050293,-9.590387344360352e-05,0.0,0.0,0.5974230170249939,-0.10491430759429932,0.03,0,0,0,0,0,0,0,0,0,0,0,0,0,0,0,0,0,0,0,0,0
7.777514696121216,9.0,0.0,0.0,-0.0006873011589050293,-9.590387344360352e-05,0.0,0.0,0.5974230170249939,-0.10491430759429932,0.03,0,0,0,0,0,0,0,0,0,0,0,0,0,0,0,0,0,0,0,0,0
7.778662919998169,9.0,0.0,0.0,-0.0006873011589050293,-9.590387344360352e-05,0.0,0.0,0.5974230170249939,-0.10491430759429932,0.03,0,0,0,0,0,0,0,0,0,0,0,0,0,0,0,0,0,0,0,0,0
7.7797253131866455,9.0,0.0,0.0,-0.0006873011589050293,-9.590387344360352e-05,0.0,0.0,0.5974230170249939,-0.10491430759429932,0.03,0,0,0,0,0,0,0,0,0,0,0,0,0,0,0,0,0,0,0,0,0
7.780932188034058,9.0,0.0,0.0,-0.0006873011589050293,-9.590387344360352e-05,0.0,0.0,0.5974230170249939,-0.10491430759429932,0.03,0,0,0,0,0,0,0,0,0,0,0,0,0,0,0,0,0,0,0,0,0
7.782020092010498,9.0,0.0,0.0,-0.0006873011589050293,-9.590387344360352e-05,0.0,0.0,0.5974230170249939,-0.10491430759429932,0.03,0,0,0,0,0,0,0,0,0,0,0,0,0,0,0,0,0,0,0,0,0
7.783138036727905,9.0,0.0,0.0,-0.0006873011589050293,-9.590387344360352e-05,0.0,0.0,0.5974230170249939,-0.10491430759429932,0.03,0,0,0,0,0,0,0,0,0,0,0,0,0,0,0,0,0,0,0,0,0
7.784246444702148,9.0,0.0,0.0,-0.0006873011589050293,-9.590387344360352e-05,0.0,0.0,0.5974230170249939,-0.10491430759429932,0.03,0,0,0,0,0,0,0,0,0,0,0,0,0,0,0,0,0,0,0,0,0
7.785630702972412,9.0,0.0,0.0,-0.0006873011589050293,-9.590387344360352e-05,0.0,0.0,0.5974230170249939,-0.10491430759429932,0.03,0,0,0,0,0,0,0,0,0,0,0,0,0,0,0,0,0,0,0,0,0
7.786913633346558,9.0,0.0,0.0,-0.0006873011589050293,-9.590387344360352e-05,0.0,0.0,0.5974230170249939,-0.10491430759429932,0.03,0,0,0,0,0,0,0,0,0,0,0,0,0,0,0,0,0,0,0,0,0
7.7882161140441895,9.0,0.0,0.0,-0.0006873011589050293,-9.590387344360352e-05,0.0,0.0,0.5974230170249939,-0.10491430759429932,0.03,0,0,0,0,0,0,0,0,0,0,0,0,0,0,0,0,0,0,0,0,0
7.789316415786743,9.0,0.0,0.0,-0.0006873011589050293,-9.590387344360352e-05,0.0,0.0,0.5974230170249939,-0.10491430759429932,0.03,0,0,0,0,0,0,0,0,0,0,0,0,0,0,0,0,0,0,0,0,0
7.7912209033966064,9.0,0.0,0.0,-0.0006873011589050293,-9.590387344360352e-05,0.0,0.0,0.5974230170249939,-0.10491430759429932,0.03,0,0,0,0,0,0,0,0,0,0,0,0,0,0,0,0,0,0,0,0,0
7.792420387268066,9.0,0.0,0.0,-0.0006873011589050293,-9.590387344360352e-05,0.0,0.0,0.5974230170249939,-0.10491430759429932,0.03,0,0,0,0,0,0,0,0,0,0,0,0,0,0,0,0,0,0,0,0,0
7.793523788452148,9.0,0.0,0.0,-0.0006873011589050293,-9.590387344360352e-05,0.0,0.0,0.5974230170249939,-0.10491430759429932,0.03,0,0,0,0,0,0,0,0,0,0,0,0,0,0,0,0,0,0,0,0,0
7.795261859893799,9.0,0.0,0.0,-0.0006873011589050293,-9.590387344360352e-05,0.0,0.0,0.5974230170249939,-0.10491430759429932,0.03,0,0,0,0,0,0,0,0,0,0,0,0,0,0,0,0,0,0,0,0,0
7.796781539916992,9.0,0.0,0.0,-0.0006873011589050293,-9.590387344360352e-05,0.0,0.0,0.5974230170249939,-0.10491430759429932,0.03,0,0,0,0,0,0,0,0,0,0,0,0,0,0,0,0,0,0,0,0,0
7.799867630004883,9.0,0.0,0.0,-0.0006873011589050293,-9.590387344360352e-05,0.0,0.0,0.5974230170249939,-0.10491430759429932,0.03,0,0,0,0,0,0,0,0,0,0,0,0,0,0,0,0,0,0,0,0,0
7.8012144565582275,9.0,0.0,0.0,-0.0006873011589050293,-9.590387344360352e-05,0.0,0.0,0.5974230170249939,-0.10491430759429932,0.03,0,0,0,0,0,0,0,0,0,0,0,0,0,0,0,0,0,0,0,0,0
7.8028564453125,9.0,0.0,0.0,-0.0006873011589050293,-9.590387344360352e-05,0.0,0.0,0.5974230170249939,-0.10491430759429932,0.03,0,0,0,0,0,0,0,0,0,0,0,0,0,0,0,0,0,0,0,0,0
7.804101467132568,9.0,0.0,0.0,-0.0006873011589050293,-9.590387344360352e-05,0.0,0.0,0.5974230170249939,-0.10491430759429932,0.03,0,0,0,0,0,0,0,0,0,0,0,0,0,0,0,0,0,0,0,0,0
7.805840015411377,9.0,0.0,0.0,-0.0006873011589050293,-9.590387344360352e-05,0.0,0.0,0.5974230170249939,-0.10491430759429932,0.03,0,0,0,0,0,0,0,0,0,0,0,0,0,0,0,0,0,0,0,0,0
7.807848930358887,9.0,0.0,0.0,-0.0006873011589050293,-9.590387344360352e-05,0.0,0.0,0.5974230170249939,-0.10491430759429932,0.03,0,0,0,0,0,0,0,0,0,0,0,0,0,0,0,0,0,0,0,0,0
7.8091042041778564,9.0,0.0,0.0,-0.0006873011589050293,-9.590387344360352e-05,0.0,0.0,0.5974230170249939,-0.10491430759429932,0.03,0,0,0,0,0,0,0,0,0,0,0,0,0,0,0,0,0,0,0,0,0
7.810601234436035,9.0,0.0,0.0,-0.0006873011589050293,-9.590387344360352e-05,0.0,0.0,0.5974230170249939,-0.10491430759429932,0.03,0,0,0,0,0,0,0,0,0,0,0,0,0,0,0,0,0,0,0,0,0
7.8125245571136475,9.0,0.0,0.0,-0.0006797313690185547,-0.00012159347534179688,0.0,0.0,0.5857702493667603,-0.11885412782430649,0.03,0,0,0,0,0,0,0,0,0,0,0,0,0,0,0,0,0,0,0,0,0
7.8153464794158936,9.0,0.0,0.0,-0.0006797313690185547,-0.00012159347534179688,0.0,0.0,0.5857702493667603,-0.11885412782430649,0.03,0,0,0,0,0,0,0,0,0,0,0,0,0,0,0,0,0,0,0,0,0
7.818140506744385,9.0,0.0,0.0,-0.0007045865058898926,-0.00012257695198059082,0.0,0.0,0.5988654494285583,-0.10912464559078217,0.03,0,0,0,0,0,0,0,0,0,0,0,0,0,0,0,0,0,0,0,0,0
7.8192033767700195,9.0,0.0,0.0,-0.0007056593894958496,-0.00012406706809997559,0.0,0.0,0.6244552135467529,-0.09041755646467209,0.03,0,0,0,0,0,0,0,0,0,0,0,0,0,0,0,0,0,0,0,0,0
7.8203935623168945,9.0,0.0,0.0,-0.0007056593894958496,-0.00012406706809997559,0.0,0.0,0.6244552135467529,-0.09041755646467209,0.03,0,0,0,0,0,0,0,0,0,0,0,0,0,0,0,0,0,0,0,0,0
7.821945428848267,9.0,0.0,0.0,-0.0006904006004333496,-6.058812141418457e-05,0.0,0.0,0.6035603284835815,-0.05330533906817436,0.03,0,0,0,0,0,0,0,0,0,0,0,0,0,0,0,0,0,0,0,0,0
7.8232581615448,9.0,0.0,0.0,-0.0006904006004333496,-6.058812141418457e-05,0.0,0.0,0.6035603284835815,-0.05330533906817436,0.03,0,0,0,0,0,0,0,0,0,0,0,0,0,0,0,0,0,0,0,0,0
7.824592590332031,9.0,0.0,0.0,-0.0007023215293884277,-0.00012251734733581543,0.0,0.0,0.6097919940948486,-0.0735640898346901,0.03,0,0,0,0,0,0,0,0,0,0,0,0,0,0,0,0,0,0,0,0,0
7.82586932182312,9.0,0.0,0.0,-0.0007023215293884277,-0.00012251734733581543,0.0,0.0,0.6097919940948486,-0.0735640898346901,0.03,0,0,0,0,0,0,0,0,0,0,0,0,0,0,0,0,0,0,0,0,0
7.826970100402832,9.0,0.0,0.0,-0.0007023215293884277,-0.00012251734733581543,0.0,0.0,0.6097919940948486,-0.0735640898346901,0.03,0,0,0,0,0,0,0,0,0,0,0,0,0,0,0,0,0,0,0,0,0
7.828088283538818,9.0,0.0,0.0,-0.0007023215293884277,-0.00012251734733581543,0.0,0.0,0.6097919940948486,-0.0735640898346901,0.03,0,0,0,0,0,0,0,0,0,0,0,0,0,0,0,0,0,0,0,0,0
7.829256772994995,9.0,0.0,0.0,-0.0007023215293884277,-0.00012251734733581543,0.0,0.0,0.6097919940948486,-0.0735640898346901,0.03,0,0,0,0,0,0,0,0,0,0,0,0,0,0,0,0,0,0,0,0,0
7.830822706222534,9.0,0.0,0.0,-0.0006811022758483887,-0.00011497735977172852,0.0,0.0,0.575583279132843,-0.08113066107034683,0.03,0,0,0,0,0,0,0,0,0,0,0,0,0,0,0,0,0,0,0,0,0
7.8321638107299805,9.0,0.0,0.0,-0.0006811022758483887,-0.00011497735977172852,0.0,0.0,0.575583279132843,-0.08113066107034683,0.03,0,0,0,0,0,0,0,0,0,0,0,0,0,0,0,0,0,0,0,0,0
7.833250284194946,9.0,0.0,0.0,-0.0006811022758483887,-0.00011497735977172852,0.0,0.0,0.575583279132843,-0.08113066107034683,0.03,0,0,0,0,0,0,0,0,0,0,0,0,0,0,0,0,0,0,0,0,0
7.834516525268555,9.0,0.0,0.0,-0.0006811022758483887,-0.00011497735977172852,0.0,0.0,0.575583279132843,-0.08113066107034683,0.03,0,0,0,0,0,0,0,0,0,0,0,0,0,0,0,0,0,0,0,0,0
7.83613920211792,9.0,0.0,0.0,-0.0006811022758483887,-0.00011497735977172852,0.0,0.0,0.575583279132843,-0.08113066107034683,0.03,0,0,0,0,0,0,0,0,0,0,0,0,0,0,0,0,0,0,0,0,0
7.838625431060791,9.0,0.0,0.0,-0.0006811022758483887,-0.00011497735977172852,0.0,0.0,0.575583279132843,-0.08113066107034683,0.03,0,0,0,0,0,0,0,0,0,0,0,0,0,0,0,0,0,0,0,0,0
7.840038299560547,9.0,0.0,0.0,-0.0006811022758483887,-0.00011497735977172852,0.0,0.0,0.575583279132843,-0.08113066107034683,0.03,0,0,0,0,0,0,0,0,0,0,0,0,0,0,0,0,0,0,0,0,0
7.842136383056641,9.0,0.0,0.0,-0.0006801486015319824,-0.0001138448715209961,0.0,0.0,0.5931165218353271,-0.0775936096906662,0.03,0,0,0,0,0,0,0,0,0,0,0,0,0,0,0,0,0,0,0,0,0
7.8436126708984375,9.0,0.0,0.0,-0.0006801486015319824,-0.0001138448715209961,0.0,0.0,0.5931165218353271,-0.0775936096906662,0.03,0,0,0,0,0,0,0,0,0,0,0,0,0,0,0,0,0,0,0,0,0
7.845001459121704,9.0,0.0,0.0,-0.0006914138793945312,-9.813904762268066e-05,0.0,0.0,0.6029568910598755,-0.11953503638505936,0.03,0,0,0,0,0,0,0,0,0,0,0,0,0,0,0,0,0,0,0,0,0
7.846867084503174,9.0,0.0,0.0,-0.0006914138793945312,-9.813904762268066e-05,0.0,0.0,0.6029568910598755,-0.11953503638505936,0.03,0,0,0,0,0,0,0,0,0,0,0,0,0,0,0,0,0,0,0,0,0
7.849126815795898,9.0,0.0,0.0,-0.0006849765777587891,-0.00011149048805236816,0.0,0.0,0.5828230977058411,-0.018307210877537727,0.03,0,0,0,0,0,0,0,0,0,0,0,0,0,0,0,0,0,0,0,0,0
7.850269317626953,9.0,0.0,0.0,-0.0006876587867736816,-0.00011044740676879883,0.0,0.0,0.5882430076599121,-0.026662174612283707,0.03,0,0,0,0,0,0,0,0,0,0,0,0,0,0,0,0,0,0,0,0,0
7.851494312286377,9.0,0.0,0.0,-0.0006876587867736816,-0.00011044740676879883,0.0,0.0,0.5882430076599121,-0.026662174612283707,0.03,0,0,0,0,0,0,0,0,0,0,0,0,0,0,0,0,0,0,0,0,0
7.852782726287842,9.0,0.0,0.0,-0.0006790757179260254,-6.67273998260498e-05,0.0,0.0,0.5782254934310913,-0.06134216487407684,0.03,0,0,0,0,0,0,0,0,0,0,0,0,0,0,0,0,0,0,0,0,0
7.854411363601685,9.0,0.0,0.0,-0.0006790757179260254,-6.67273998260498e-05,0.0,0.0,0.5782254934310913,-0.06134216487407684,0.03,0,0,0,0,0,0,0,0,0,0,0,0,0,0,0,0,0,0,0,0,0
7.855504274368286,9.0,0.0,0.0,-0.0006790757179260254,-6.67273998260498e-05,0.0,0.0,0.5782254934310913,-0.06134216487407684,0.03,0,0,0,0,0,0,0,0,0,0,0,0,0,0,0,0,0,0,0,0,0
7.857390642166138,9.0,0.0,0.0,-0.0006797909736633301,-9.122490882873535e-05,0.0,0.0,0.590857744216919,-0.1497180312871933,0.03,0,0,0,0,0,0,0,0,0,0,0,0,0,0,0,0,0,0,0,0,0
7.858487844467163,9.0,0.0,0.0,-0.0006797909736633301,-9.122490882873535e-05,0.0,0.0,0.590857744216919,-0.1497180312871933,0.03,0,0,0,0,0,0,0,0,0,0,0,0,0,0,0,0,0,0,0,0,0
7.8599889278411865,9.0,0.0,0.0,-0.0006797909736633301,-9.122490882873535e-05,0.0,0.0,0.590857744216919,-0.1497180312871933,0.03,0,0,0,0,0,0,0,0,0,0,0,0,0,0,0,0,0,0,0,0,0
7.861279249191284,9.0,0.0,0.0,-0.0006797909736633301,-9.122490882873535e-05,0.0,0.0,0.590857744216919,-0.1497180312871933,0.03,0,0,0,0,0,0,0,0,0,0,0,0,0,0,0,0,0,0,0,0,0
7.862579345703125,9.0,0.0,0.0,-0.0006797909736633301,-9.122490882873535e-05,0.0,0.0,0.590857744216919,-0.1497180312871933,0.03,0,0,0,0,0,0,0,0,0,0,0,0,0,0,0,0,0,0,0,0,0
7.864044904708862,9.0,0.0,0.0,-0.0006801486015319824,-0.00012472271919250488,0.0,0.0,0.5932273268699646,-0.11805424839258194,0.03,0,0,0,0,0,0,0,0,0,0,0,0,0,0,0,0,0,0,0,0,0
7.865362167358398,9.0,0.0,0.0,-0.0006801486015319824,-6.720423698425293e-05,0.0,0.0,0.5939121246337891,-0.010440167970955372,0.03,0,0,0,0,0,0,0,0,0,0,0,0,0,0,0,0,0,0,0,0,0
7.867302656173706,9.0,0.0,0.0,-0.0006801486015319824,-6.720423698425293e-05,0.0,0.0,0.5939121246337891,-0.010440167970955372,0.03,0,0,0,0,0,0,0,0,0,0,0,0,0,0,0,0,0,0,0,0,0
7.868858575820923,9.0,0.0,0.0,-0.0006801486015319824,-6.720423698425293e-05,0.0,0.0,0.5939121246337891,-0.010440167970955372,0.03,0,0,0,0,0,0,0,0,0,0,0,0,0,0,0,0,0,0,0,0,0
7.8701841831207275,9.0,0.0,0.0,-0.0006801486015319824,-6.720423698425293e-05,0.0,0.0,0.5939121246337891,-0.010440167970955372,0.03,0,0,0,0,0,0,0,0,0,0,0,0,0,0,0,0,0,0,0,0,0
7.871535539627075,9.0,0.0,0.0,-0.0006801486015319824,-6.720423698425293e-05,0.0,0.0,0.5939121246337891,-0.010440167970955372,0.03,0,0,0,0,0,0,0,0,0,0,0,0,0,0,0,0,0,0,0,0,0
7.872899293899536,9.0,0.0,0.0,-0.0006801486015319824,-6.720423698425293e-05,0.0,0.0,0.5939121246337891,-0.010440167970955372,0.03,0,0,0,0,0,0,0,0,0,0,0,0,0,0,0,0,0,0,0,0,0
7.874231815338135,9.0,0.0,0.0,-0.0006801486015319824,-6.720423698425293e-05,0.0,0.0,0.5939121246337891,-0.010440167970955372,0.03,0,0,0,0,0,0,0,0,0,0,0,0,0,0,0,0,0,0,0,0,0
7.87573504447937,9.0,0.0,0.0,-0.0006801486015319824,-6.720423698425293e-05,0.0,0.0,0.5939121246337891,-0.010440167970955372,0.03,0,0,0,0,0,0,0,0,0,0,0,0,0,0,0,0,0,0,0,0,0
7.877010345458984,9.0,0.0,0.0,-0.0006801486015319824,-6.720423698425293e-05,0.0,0.0,0.5939121246337891,-0.010440167970955372,0.03,0,0,0,0,0,0,0,0,0,0,0,0,0,0,0,0,0,0,0,0,0
7.878098964691162,9.0,0.0,0.0,-0.0006801486015319824,-6.720423698425293e-05,0.0,0.0,0.5939121246337891,-0.010440167970955372,0.03,0,0,0,0,0,0,0,0,0,0,0,0,0,0,0,0,0,0,0,0,0
7.880805015563965,9.0,0.0,0.0,-0.0006801486015319824,-6.720423698425293e-05,0.0,0.0,0.5939121246337891,-0.010440167970955372,0.03,0,0,0,0,0,0,0,0,0,0,0,0,0,0,0,0,0,0,0,0,0
7.882174968719482,9.0,0.0,0.0,-0.0006801486015319824,-6.720423698425293e-05,0.0,0.0,0.5939121246337891,-0.010440167970955372,0.03,0,0,0,0,0,0,0,0,0,0,0,0,0,0,0,0,0,0,0,0,0
7.883620023727417,9.0,0.0,0.0,-0.0006801486015319824,-6.720423698425293e-05,0.0,0.0,0.5939121246337891,-0.010440167970955372,0.03,0,0,0,0,0,0,0,0,0,0,0,0,0,0,0,0,0,0,0,0,0
7.88555383682251,9.0,0.0,0.0,-0.0006801486015319824,-6.720423698425293e-05,0.0,0.0,0.5939121246337891,-0.010440167970955372,0.03,0,0,0,0,0,0,0,0,0,0,0,0,0,0,0,0,0,0,0,0,0
7.8874192237854,9.0,0.0,0.0,-0.0006801486015319824,-6.720423698425293e-05,0.0,0.0,0.5939121246337891,-0.010440167970955372,0.03,0,0,0,0,0,0,0,0,0,0,0,0,0,0,0,0,0,0,0,0,0
7.889416217803955,9.0,0.0,0.0,-0.0006801486015319824,-6.720423698425293e-05,0.0,0.0,0.5939121246337891,-0.010440167970955372,0.03,0,0,0,0,0,0,0,0,0,0,0,0,0,0,0,0,0,0,0,0,0
7.890812635421753,9.0,0.0,0.0,-0.0006801486015319824,-6.720423698425293e-05,0.0,0.0,0.5939121246337891,-0.010440167970955372,0.03,0,0,0,0,0,0,0,0,0,0,0,0,0,0,0,0,0,0,0,0,0
7.89203405380249,9.0,0.0,0.0,-0.0006801486015319824,-6.720423698425293e-05,0.0,0.0,0.5939121246337891,-0.010440167970955372,0.03,0,0,0,0,0,0,0,0,0,0,0,0,0,0,0,0,0,0,0,0,0
7.8931660652160645,9.0,0.0,0.0,-0.0006801486015319824,-6.720423698425293e-05,0.0,0.0,0.5939121246337891,-0.010440167970955372,0.03,0,0,0,0,0,0,0,0,0,0,0,0,0,0,0,0,0,0,0,0,0
7.8952109813690186,9.0,0.0,0.0,-0.0006801486015319824,-6.720423698425293e-05,0.0,0.0,0.5939121246337891,-0.010440167970955372,0.03,0,0,0,0,0,0,0,0,0,0,0,0,0,0,0,0,0,0,0,0,0
7.896680116653442,9.0,0.0,0.0,-0.0006801486015319824,-6.720423698425293e-05,0.0,0.0,0.5939121246337891,-0.010440167970955372,0.03,0,0,0,0,0,0,0,0,0,0,0,0,0,0,0,0,0,0,0,0,0
7.897818088531494,9.0,0.0,0.0,-0.0006801486015319824,-6.720423698425293e-05,0.0,0.0,0.5939121246337891,-0.010440167970955372,0.03,0,0,0,0,0,0,0,0,0,0,0,0,0,0,0,0,0,0,0,0,0
7.899207830429077,9.0,0.0,0.0,-0.0006801486015319824,-6.720423698425293e-05,0.0,0.0,0.5939121246337891,-0.010440167970955372,0.03,0,0,0,0,0,0,0,0,0,0,0,0,0,0,0,0,0,0,0,0,0
7.900436639785767,9.0,0.0,0.0,-0.0006801486015319824,-6.720423698425293e-05,0.0,0.0,0.5939121246337891,-0.010440167970955372,0.03,0,0,0,0,0,0,0,0,0,0,0,0,0,0,0,0,0,0,0,0,0
7.901685953140259,9.0,0.0,0.0,-0.0006801486015319824,-6.720423698425293e-05,0.0,0.0,0.5939121246337891,-0.010440167970955372,0.03,0,0,0,0,0,0,0,0,0,0,0,0,0,0,0,0,0,0,0,0,0
7.902774810791016,9.0,0.0,0.0,-0.0006801486015319824,-6.720423698425293e-05,0.0,0.0,0.5939121246337891,-0.010440167970955372,0.03,0,0,0,0,0,0,0,0,0,0,0,0,0,0,0,0,0,0,0,0,0
7.903858184814453,9.0,0.0,0.0,-0.0006801486015319824,-6.720423698425293e-05,0.0,0.0,0.5939121246337891,-0.010440167970955372,0.03,0,0,0,0,0,0,0,0,0,0,0,0,0,0,0,0,0,0,0,0,0
7.905064344406128,9.0,0.0,0.0,-0.0006801486015319824,-6.720423698425293e-05,0.0,0.0,0.5939121246337891,-0.010440167970955372,0.03,0,0,0,0,0,0,0,0,0,0,0,0,0,0,0,0,0,0,0,0,0
7.906710386276245,9.0,0.0,0.0,-0.0006801486015319824,-6.720423698425293e-05,0.0,0.0,0.5939121246337891,-0.010440167970955372,0.03,0,0,0,0,0,0,0,0,0,0,0,0,0,0,0,0,0,0,0,0,0
7.908583164215088,9.0,0.0,0.0,-0.0006801486015319824,-6.720423698425293e-05,0.0,0.0,0.5939121246337891,-0.010440167970955372,0.03,0,0,0,0,0,0,0,0,0,0,0,0,0,0,0,0,0,0,0,0,0
7.910152912139893,9.0,0.0,0.0,-0.0006801486015319824,-6.720423698425293e-05,0.0,0.0,0.5939121246337891,-0.010440167970955372,0.03,0,0,0,0,0,0,0,0,0,0,0,0,0,0,0,0,0,0,0,0,0
7.911479949951172,9.0,0.0,0.0,-0.0006801486015319824,-6.720423698425293e-05,0.0,0.0,0.5939121246337891,-0.010440167970955372,0.03,0,0,0,0,0,0,0,0,0,0,0,0,0,0,0,0,0,0,0,0,0
7.912642240524292,9.0,0.0,0.0,-0.0006801486015319824,-6.720423698425293e-05,0.0,0.0,0.5939121246337891,-0.010440167970955372,0.03,0,0,0,0,0,0,0,0,0,0,0,0,0,0,0,0,0,0,0,0,0
7.913759231567383,9.0,0.0,0.0,-0.0006801486015319824,-6.720423698425293e-05,0.0,0.0,0.5939121246337891,-0.010440167970955372,0.03,0,0,0,0,0,0,0,0,0,0,0,0,0,0,0,0,0,0,0,0,0
7.91494607925415,9.0,0.0,0.0,-0.0006801486015319824,-6.720423698425293e-05,0.0,0.0,0.5939121246337891,-0.010440167970955372,0.03,0,0,0,0,0,0,0,0,0,0,0,0,0,0,0,0,0,0,0,0,0
7.9162609577178955,9.0,0.0,0.0,-0.0006801486015319824,-6.720423698425293e-05,0.0,0.0,0.5939121246337891,-0.010440167970955372,0.03,0,0,0,0,0,0,0,0,0,0,0,0,0,0,0,0,0,0,0,0,0
7.917442083358765,9.0,0.0,0.0,-0.0006801486015319824,-6.720423698425293e-05,0.0,0.0,0.5939121246337891,-0.010440167970955372,0.03,0,0,0,0,0,0,0,0,0,0,0,0,0,0,0,0,0,0,0,0,0
7.918701410293579,9.0,0.0,0.0,-0.0006801486015319824,-6.720423698425293e-05,0.0,0.0,0.5939121246337891,-0.010440167970955372,0.03,0,0,0,0,0,0,0,0,0,0,0,0,0,0,0,0,0,0,0,0,0
7.919933795928955,9.0,0.0,0.0,-0.0006801486015319824,-6.720423698425293e-05,0.0,0.0,0.5939121246337891,-0.010440167970955372,0.03,0,0,0,0,0,0,0,0,0,0,0,0,0,0,0,0,0,0,0,0,0
7.921157360076904,9.0,0.0,0.0,-0.0006801486015319824,-6.720423698425293e-05,0.0,0.0,0.5939121246337891,-0.010440167970955372,0.03,0,0,0,0,0,0,0,0,0,0,0,0,0,0,0,0,0,0,0,0,0
7.922309398651123,9.0,0.0,0.0,-0.0006801486015319824,-6.720423698425293e-05,0.0,0.0,0.5939121246337891,-0.010440167970955372,0.03,0,0,0,0,0,0,0,0,0,0,0,0,0,0,0,0,0,0,0,0,0
7.923408031463623,9.0,0.0,0.0,-0.0006801486015319824,-6.720423698425293e-05,0.0,0.0,0.5939121246337891,-0.010440167970955372,0.03,0,0,0,0,0,0,0,0,0,0,0,0,0,0,0,0,0,0,0,0,0
7.92460823059082,9.0,0.0,0.0,-0.0006801486015319824,-6.720423698425293e-05,0.0,0.0,0.5939121246337891,-0.010440167970955372,0.03,0,0,0,0,0,0,0,0,0,0,0,0,0,0,0,0,0,0,0,0,0
7.925820589065552,9.0,0.0,0.0,-0.0006801486015319824,-6.720423698425293e-05,0.0,0.0,0.5939121246337891,-0.010440167970955372,0.03,0,0,0,0,0,0,0,0,0,0,0,0,0,0,0,0,0,0,0,0,0
7.92690110206604,9.0,0.0,0.0,-0.0006801486015319824,-6.720423698425293e-05,0.0,0.0,0.5939121246337891,-0.010440167970955372,0.03,0,0,0,0,0,0,0,0,0,0,0,0,0,0,0,0,0,0,0,0,0
7.928123235702515,9.0,0.0,0.0,-0.0006801486015319824,-6.720423698425293e-05,0.0,0.0,0.5939121246337891,-0.010440167970955372,0.03,0,0,0,0,0,0,0,0,0,0,0,0,0,0,0,0,0,0,0,0,0
7.929219722747803,9.0,0.0,0.0,-0.0006801486015319824,-6.720423698425293e-05,0.0,0.0,0.5939121246337891,-0.010440167970955372,0.03,0,0,0,0,0,0,0,0,0,0,0,0,0,0,0,0,0,0,0,0,0
7.930639982223511,9.0,0.0,0.0,-0.0006801486015319824,-6.720423698425293e-05,0.0,0.0,0.5939121246337891,-0.010440167970955372,0.03,0,0,0,0,0,0,0,0,0,0,0,0,0,0,0,0,0,0,0,0,0
7.932530879974365,9.0,0.0,0.0,-0.0006801486015319824,-6.720423698425293e-05,0.0,0.0,0.5939121246337891,-0.010440167970955372,0.03,0,0,0,0,0,0,0,0,0,0,0,0,0,0,0,0,0,0,0,0,0
7.9336442947387695,9.0,0.0,0.0,-0.0006801486015319824,-6.720423698425293e-05,0.0,0.0,0.5939121246337891,-0.010440167970955372,0.03,0,0,0,0,0,0,0,0,0,0,0,0,0,0,0,0,0,0,0,0,0
7.935275316238403,9.0,0.0,0.0,-0.0006801486015319824,-6.720423698425293e-05,0.0,0.0,0.5939121246337891,-0.010440167970955372,0.03,0,0,0,0,0,0,0,0,0,0,0,0,0,0,0,0,0,0,0,0,0
7.936560153961182,9.0,0.0,0.0,-0.0006801486015319824,-6.720423698425293e-05,0.0,0.0,0.5939121246337891,-0.010440167970955372,0.03,0,0,0,0,0,0,0,0,0,0,0,0,0,0,0,0,0,0,0,0,0
7.937655448913574,9.0,0.0,0.0,-0.0006801486015319824,-6.720423698425293e-05,0.0,0.0,0.5939121246337891,-0.010440167970955372,0.03,0,0,0,0,0,0,0,0,0,0,0,0,0,0,0,0,0,0,0,0,0
7.938833713531494,9.0,0.0,0.0,-0.0006801486015319824,-6.720423698425293e-05,0.0,0.0,0.5939121246337891,-0.010440167970955372,0.03,0,0,0,0,0,0,0,0,0,0,0,0,0,0,0,0,0,0,0,0,0
7.9400694370269775,9.0,0.0,0.0,-0.0006801486015319824,-6.720423698425293e-05,0.0,0.0,0.5939121246337891,-0.010440167970955372,0.03,0,0,0,0,0,0,0,0,0,0,0,0,0,0,0,0,0,0,0,0,0
7.941238641738892,9.0,0.0,0.0,-0.0006801486015319824,-6.720423698425293e-05,0.0,0.0,0.5939121246337891,-0.010440167970955372,0.03,0,0,0,0,0,0,0,0,0,0,0,0,0,0,0,0,0,0,0,0,0
7.9424262046813965,9.0,0.0,0.0,-0.0006801486015319824,-6.720423698425293e-05,0.0,0.0,0.5939121246337891,-0.010440167970955372,0.03,0,0,0,0,0,0,0,0,0,0,0,0,0,0,0,0,0,0,0,0,0
7.945070028305054,9.0,0.0,0.0,-0.0006806254386901855,-0.00012496113777160645,0.0,0.0,0.596756100654602,-0.11429903656244278,0.03,0,0,0,0,0,0,0,0,0,0,0,0,0,0,0,0,0,0,0,0,0
7.946212291717529,9.0,0.0,0.0,-0.0006806254386901855,-0.00012496113777160645,0.0,0.0,0.596756100654602,-0.11429903656244278,0.03,0,0,0,0,0,0,0,0,0,0,0,0,0,0,0,0,0,0,0,0,0
7.948066473007202,9.0,0.0,0.0,-0.0006844997406005859,-0.00010061264038085938,0.0,0.0,0.5984511375427246,-0.05153314024209976,0.03,0,0,0,0,0,0,0,0,0,0,0,0,0,0,0,0,0,0,0,0,0
7.949155569076538,9.0,0.0,0.0,-0.0006844997406005859,-0.00010061264038085938,0.0,0.0,0.5984511375427246,-0.05153314024209976,0.03,0,0,0,0,0,0,0,0,0,0,0,0,0,0,0,0,0,0,0,0,0
7.952335357666016,9.0,0.0,0.0,-0.0006844997406005859,-0.00010061264038085938,0.0,0.0,0.5984511375427246,-0.05153314024209976,0.03,0,0,0,0,0,0,0,0,0,0,0,0,0,0,0,0,0,0,0,0,0
7.953479528427124,9.0,0.0,0.0,-0.0006844997406005859,-0.00010061264038085938,0.0,0.0,0.5984511375427246,-0.05153314024209976,0.03,0,0,0,0,0,0,0,0,0,0,0,0,0,0,0,0,0,0,0,0,0
7.954789876937866,9.0,0.0,0.0,-0.0006844997406005859,-0.00010061264038085938,0.0,0.0,0.5984511375427246,-0.05153314024209976,0.03,0,0,0,0,0,0,0,0,0,0,0,0,0,0,0,0,0,0,0,0,0
7.956079006195068,9.0,0.0,0.0,-0.0006844997406005859,-0.00010061264038085938,0.0,0.0,0.5984511375427246,-0.05153314024209976,0.03,0,0,0,0,0,0,0,0,0,0,0,0,0,0,0,0,0,0,0,0,0
7.957427024841309,9.0,0.0,0.0,-0.0006894469261169434,-0.00010803341865539551,0.0,0.0,0.597386360168457,-0.1138463020324707,0.03,0,0,0,0,0,0,0,0,0,0,0,0,0,0,0,0,0,0,0,0,0
7.958536386489868,9.0,0.0,0.0,-0.0006894469261169434,-0.00010803341865539551,0.0,0.0,0.597386360168457,-0.1138463020324707,0.03,0,0,0,0,0,0,0,0,0,0,0,0,0,0,0,0,0,0,0,0,0
7.960130453109741,9.0,0.0,0.0,-0.0006894469261169434,-0.00010803341865539551,0.0,0.0,0.597386360168457,-0.1138463020324707,0.03,0,0,0,0,0,0,0,0,0,0,0,0,0,0,0,0,0,0,0,0,0
7.961317300796509,9.0,0.0,0.0,-0.0006894469261169434,-0.00010803341865539551,0.0,0.0,0.597386360168457,-0.1138463020324707,0.03,0,0,0,0,0,0,0,0,0,0,0,0,0,0,0,0,0,0,0,0,0
7.963075399398804,9.0,0.0,0.0,-0.0006798505783081055,-0.00011947751045227051,0.0,0.0,0.5921996831893921,-0.09896785020828247,0.03,0,0,0,0,0,0,0,0,0,0,0,0,0,0,0,0,0,0,0,0,0
7.964236259460449,9.0,0.0,0.0,-0.0006798505783081055,-0.00011947751045227051,0.0,0.0,0.5921996831893921,-0.09896785020828247,0.03,0,0,0,0,0,0,0,0,0,0,0,0,0,0,0,0,0,0,0,0,0
7.965350389480591,9.0,0.0,0.0,-0.0006798505783081055,-0.00011947751045227051,0.0,0.0,0.5921996831893921,-0.09896785020828247,0.03,0,0,0,0,0,0,0,0,0,0,0,0,0,0,0,0,0,0,0,0,0
7.966801404953003,9.0,0.0,0.0,-0.0006798505783081055,-0.00011947751045227051,0.0,0.0,0.5921996831893921,-0.09896785020828247,0.03,0,0,0,0,0,0,0,0,0,0,0,0,0,0,0,0,0,0,0,0,0
7.969086170196533,9.0,0.0,0.0,-0.000683903694152832,-0.0001226663589477539,0.0,0.0,0.5846744179725647,-0.10329627990722656,0.03,0,0,0,0,0,0,0,0,0,0,0,0,0,0,0,0,0,0,0,0,0
7.9703943729400635,9.0,0.0,0.0,-0.000683903694152832,-0.0001226663589477539,0.0,0.0,0.5846744179725647,-0.10329627990722656,0.03,0,0,0,0,0,0,0,0,0,0,0,0,0,0,0,0,0,0,0,0,0
7.971667289733887,9.0,0.0,0.0,-0.000683903694152832,-0.0001226663589477539,0.0,0.0,0.5846744179725647,-0.10329627990722656,0.03,0,0,0,0,0,0,0,0,0,0,0,0,0,0,0,0,0,0,0,0,0
7.973425626754761,9.0,0.0,0.0,-0.000683903694152832,-0.0001226663589477539,0.0,0.0,0.5846744179725647,-0.10329627990722656,0.03,0,0,0,0,0,0,0,0,0,0,0,0,0,0,0,0,0,0,0,0,0
7.9746716022491455,9.0,0.0,0.0,-0.000683903694152832,-0.0001226663589477539,0.0,0.0,0.5846744179725647,-0.10329627990722656,0.03,0,0,0,0,0,0,0,0,0,0,0,0,0,0,0,0,0,0,0,0,0
7.976366996765137,9.0,0.0,0.0,-0.000683903694152832,-0.0001226663589477539,0.0,0.0,0.5846744179725647,-0.10329627990722656,0.03,0,0,0,0,0,0,0,0,0,0,0,0,0,0,0,0,0,0,0,0,0
7.9774675369262695,9.0,0.0,0.0,-0.000683903694152832,-0.0001226663589477539,0.0,0.0,0.5846744179725647,-0.10329627990722656,0.03,0,0,0,0,0,0,0,0,0,0,0,0,0,0,0,0,0,0,0,0,0
7.9786057472229,9.0,0.0,0.0,-0.000683903694152832,-0.0001226663589477539,0.0,0.0,0.5846744179725647,-0.10329627990722656,0.03,0,0,0,0,0,0,0,0,0,0,0,0,0,0,0,0,0,0,0,0,0
7.9796836376190186,9.0,0.0,0.0,-0.000683903694152832,-0.0001226663589477539,0.0,0.0,0.5846744179725647,-0.10329627990722656,0.03,0,0,0,0,0,0,0,0,0,0,0,0,0,0,0,0,0,0,0,0,0
7.980861186981201,9.0,0.0,0.0,-0.000683903694152832,-0.0001226663589477539,0.0,0.0,0.5846744179725647,-0.10329627990722656,0.03,0,0,0,0,0,0,0,0,0,0,0,0,0,0,0,0,0,0,0,0,0
7.982049942016602,9.0,0.0,0.0,-0.000683903694152832,-0.0001226663589477539,0.0,0.0,0.5846744179725647,-0.10329627990722656,0.03,0,0,0,0,0,0,0,0,0,0,0,0,0,0,0,0,0,0,0,0,0
7.983434438705444,9.0,0.0,0.0,-0.000683903694152832,-0.0001226663589477539,0.0,0.0,0.5846744179725647,-0.10329627990722656,0.03,0,0,0,0,0,0,0,0,0,0,0,0,0,0,0,0,0,0,0,0,0
7.985248327255249,9.0,0.0,0.0,-0.0006971359252929688,-0.00012281537055969238,0.0,0.0,0.6464906930923462,-0.10325844585895538,0.03,0,0,0,0,0,0,0,0,0,0,0,0,0,0,0,0,0,0,0,0,0
7.986328125,9.0,0.0,0.0,-0.0006971359252929688,-0.00012281537055969238,0.0,0.0,0.6464906930923462,-0.10325844585895538,0.03,0,0,0,0,0,0,0,0,0,0,0,0,0,0,0,0,0,0,0,0,0
7.987497806549072,9.0,0.0,0.0,-0.0006971359252929688,-0.00012281537055969238,0.0,0.0,0.6464906930923462,-0.10325844585895538,0.03,0,0,0,0,0,0,0,0,0,0,0,0,0,0,0,0,0,0,0,0,0
7.988818407058716,9.0,0.0,0.0,-0.0006971359252929688,-0.00012281537055969238,0.0,0.0,0.6464906930923462,-0.10325844585895538,0.03,0,0,0,0,0,0,0,0,0,0,0,0,0,0,0,0,0,0,0,0,0
7.9899742603302,9.0,0.0,0.0,-0.0006801486015319824,-0.00012227892875671387,0.0,0.0,0.5956640839576721,-0.09799264371395111,0.03,0,0,0,0,0,0,0,0,0,0,0,0,0,0,0,0,0,0,0,0,0
7.991276264190674,9.0,0.0,0.0,-0.0006801486015319824,-0.00012227892875671387,0.0,0.0,0.5956640839576721,-0.09799264371395111,0.03,0,0,0,0,0,0,0,0,0,0,0,0,0,0,0,0,0,0,0,0,0
7.99238920211792,9.0,0.0,0.0,-0.0006801486015319824,-0.00012227892875671387,0.0,0.0,0.5956640839576721,-0.09799264371395111,0.03,0,0,0,0,0,0,0,0,0,0,0,0,0,0,0,0,0,0,0,0,0
7.993737697601318,9.0,0.0,0.0,-0.0006801486015319824,-0.00012227892875671387,0.0,0.0,0.5956640839576721,-0.09799264371395111,0.03,0,0,0,0,0,0,0,0,0,0,0,0,0,0,0,0,0,0,0,0,0
7.9952473640441895,9.0,0.0,0.0,-0.0006801486015319824,-0.00012227892875671387,0.0,0.0,0.5956640839576721,-0.09799264371395111,0.03,0,0,0,0,0,0,0,0,0,0,0,0,0,0,0,0,0,0,0,0,0
7.997205972671509,9.0,0.0,0.0,-0.0006795525550842285,-0.00014460086822509766,0.0,0.0,0.5910720825195312,-0.09227507561445236,0.03,0,0,0,0,0,0,0,0,0,0,0,0,0,0,0,0,0,0,0,0,0
7.998498916625977,9.0,0.0,0.0,-0.0006799697875976562,-0.00012764334678649902,0.0,0.0,0.5948716402053833,-0.09890488535165787,0.03,0,0,0,0,0,0,0,0,0,0,0,0,0,0,0,0,0,0,0,0,0
8.000352144241333,9.0,0.0,0.0,-0.0006799697875976562,-0.00012764334678649902,0.0,0.0,0.5948716402053833,-0.09890488535165787,0.03,0,0,0,0,0,0,0,0,0,0,0,0,0,0,0,0,0,0,0,0,0
8.00284719467163,9.0,0.0,0.0,-0.0006801486015319824,-0.00012201070785522461,0.0,0.0,0.5956946015357971,-0.09558999538421631,0.03,0,0,0,0,0,0,0,0,0,0,0,0,0,0,0,0,0,0,0,0,0
8.004022598266602,9.0,0.0,0.0,-0.0006849765777587891,-0.00012201070785522461,0.0,0.0,0.6041569113731384,-0.18808256089687347,0.03,0,0,0,0,0,0,0,0,0,0,0,0,0,0,0,0,0,0,0,0,0
8.005462408065796,9.0,0.0,0.0,-0.0006849765777587891,-0.00012201070785522461,0.0,0.0,0.6041569113731384,-0.18808256089687347,0.03,0,0,0,0,0,0,0,0,0,0,0,0,0,0,0,0,0,0,0,0,0
8.006539344787598,9.0,0.0,0.0,-0.0006849765777587891,-0.00012201070785522461,0.0,0.0,0.6041569113731384,-0.18808256089687347,0.03,0,0,0,0,0,0,0,0,0,0,0,0,0,0,0,0,0,0,0,0,0
8.007933616638184,9.0,0.0,0.0,-0.0006849765777587891,-0.00012201070785522461,0.0,0.0,0.6041569113731384,-0.18808256089687347,0.03,0,0,0,0,0,0,0,0,0,0,0,0,0,0,0,0,0,0,0,0,0
8.00911021232605,9.0,0.0,0.0,-0.0006876587867736816,-6.210803985595703e-05,0.0,0.0,0.589860737323761,0.00012000611604889855,0.03,0,0,0,0,0,0,0,0,0,0,0,0,0,0,0,0,0,0,0,0,0
8.010178804397583,9.0,0.0,0.0,-0.0006876587867736816,-6.210803985595703e-05,0.0,0.0,0.589860737323761,0.00012000611604889855,0.03,0,0,0,0,0,0,0,0,0,0,0,0,0,0,0,0,0,0,0,0,0
8.011244773864746,9.0,0.0,0.0,-0.0006876587867736816,-6.210803985595703e-05,0.0,0.0,0.589860737323761,0.00012000611604889855,0.03,0,0,0,0,0,0,0,0,0,0,0,0,0,0,0,0,0,0,0,0,0
8.012467622756958,9.0,0.0,0.0,-0.0006876587867736816,-6.210803985595703e-05,0.0,0.0,0.589860737323761,0.00012000611604889855,0.03,0,0,0,0,0,0,0,0,0,0,0,0,0,0,0,0,0,0,0,0,0
8.013942241668701,9.0,0.0,0.0,-0.0006876587867736816,-6.210803985595703e-05,0.0,0.0,0.589860737323761,0.00012000611604889855,0.03,0,0,0,0,0,0,0,0,0,0,0,0,0,0,0,0,0,0,0,0,0
8.01503610610962,9.0,0.0,0.0,-0.0006803274154663086,-0.00012305378913879395,0.0,0.0,0.5984578132629395,-0.1060301661491394,0.03,0,0,0,0,0,0,0,0,0,0,0,0,0,0,0,0,0,0,0,0,0
8.016526699066162,9.0,0.0,0.0,-0.0006803274154663086,-0.00012305378913879395,0.0,0.0,0.5984578132629395,-0.1060301661491394,0.03,0,0,0,0,0,0,0,0,0,0,0,0,0,0,0,0,0,0,0,0,0
8.018186807632446,9.0,0.0,0.0,-0.0006803274154663086,-0.00012305378913879395,0.0,0.0,0.5984578132629395,-0.1060301661491394,0.03,0,0,0,0,0,0,0,0,0,0,0,0,0,0,0,0,0,0,0,0,0
8.021260261535645,9.0,0.0,0.0,-0.0006803274154663086,-0.00012305378913879395,0.0,0.0,0.5984578132629395,-0.1060301661491394,0.03,0,0,0,0,0,0,0,0,0,0,0,0,0,0,0,0,0,0,0,0,0
8.022523164749146,9.0,0.0,0.0,-0.0006803274154663086,-0.00012305378913879395,0.0,0.0,0.5984578132629395,-0.1060301661491394,0.03,0,0,0,0,0,0,0,0,0,0,0,0,0,0,0,0,0,0,0,0,0
8.024216413497925,9.0,0.0,0.0,-0.0006803274154663086,-0.00012305378913879395,0.0,0.0,0.5984578132629395,-0.1060301661491394,0.03,0,0,0,0,0,0,0,0,0,0,0,0,0,0,0,0,0,0,0,0,0
8.0257248878479,9.0,0.0,0.0,-0.0006803274154663086,-0.00012305378913879395,0.0,0.0,0.5984578132629395,-0.1060301661491394,0.03,0,0,0,0,0,0,0,0,0,0,0,0,0,0,0,0,0,0,0,0,0
8.026837825775146,9.0,0.0,0.0,-0.0006803274154663086,-0.00012305378913879395,0.0,0.0,0.5984578132629395,-0.1060301661491394,0.03,0,0,0,0,0,0,0,0,0,0,0,0,0,0,0,0,0,0,0,0,0
8.028129577636719,9.0,0.0,0.0,-0.0006803274154663086,-0.00012305378913879395,0.0,0.0,0.5984578132629395,-0.1060301661491394,0.03,0,0,0,0,0,0,0,0,0,0,0,0,0,0,0,0,0,0,0,0,0
8.029875993728638,9.0,0.0,0.0,-0.0006803274154663086,-0.00012305378913879395,0.0,0.0,0.5984578132629395,-0.1060301661491394,0.03,0,0,0,0,0,0,0,0,0,0,0,0,0,0,0,0,0,0,0,0,0
8.031012535095215,9.0,0.0,0.0,-0.0007063746452331543,-0.00012281537055969238,0.0,0.0,0.6213496923446655,-0.050320085138082504,0.03,0,0,0,0,0,0,0,0,0,0,0,0,0,0,0,0,0,0,0,0,0
8.032099485397339,9.0,0.0,0.0,-0.0007063746452331543,-0.00012281537055969238,0.0,0.0,0.6213496923446655,-0.050320085138082504,0.03,0,0,0,0,0,0,0,0,0,0,0,0,0,0,0,0,0,0,0,0,0
8.034782409667969,9.0,0.0,0.0,-0.0007063746452331543,-0.00012281537055969238,0.0,0.0,0.6213496923446655,-0.050320085138082504,0.03,0,0,0,0,0,0,0,0,0,0,0,0,0,0,0,0,0,0,0,0,0
8.035889148712158,9.0,0.0,0.0,-0.0007007122039794922,-0.00010707974433898926,0.0,0.0,0.6109059453010559,-0.017975497990846634,0.03,0,0,0,0,0,0,0,0,0,0,0,0,0,0,0,0,0,0,0,0,0
8.037862539291382,9.0,0.0,0.0,-0.0007007122039794922,-0.00010707974433898926,0.0,0.0,0.6109059453010559,-0.017975497990846634,0.03,0,0,0,0,0,0,0,0,0,0,0,0,0,0,0,0,0,0,0,0,0
8.038961172103882,9.0,0.0,0.0,-0.0007007122039794922,-0.00010707974433898926,0.0,0.0,0.6109059453010559,-0.017975497990846634,0.03,0,0,0,0,0,0,0,0,0,0,0,0,0,0,0,0,0,0,0,0,0
8.04611873626709,9.0,0.0,0.0,-0.0007101893424987793,-9.021162986755371e-05,0.0,0.0,0.6485080718994141,-0.041724350303411484,0.03,0,0,0,0,0,0,0,0,0,0,0,0,0,0,0,0,0,0,0,0,0
8.047523021697998,9.0,0.0,0.0,-0.0007101893424987793,-9.021162986755371e-05,0.0,0.0,0.6485080718994141,-0.041724350303411484,0.03,0,0,0,0,0,0,0,0,0,0,0,0,0,0,0,0,0,0,0,0,0
8.049440622329712,9.0,0.0,0.0,-0.0006795525550842285,-0.00012820959091186523,0.0,0.0,0.591720700263977,-0.10259798169136047,0.03,0,0,0,0,0,0,0,0,0,0,0,0,0,0,0,0,0,0,0,0,0
8.050764560699463,9.0,0.0,0.0,-0.0006795525550842285,-0.00012820959091186523,0.0,0.0,0.591720700263977,-0.10259798169136047,0.03,0,0,0,0,0,0,0,0,0,0,0,0,0,0,0,0,0,0,0,0,0
8.052868604660034,9.0,0.0,0.0,-0.0006795525550842285,-0.00012820959091186523,0.0,0.0,0.591720700263977,-0.10259798169136047,0.03,0,0,0,0,0,0,0,0,0,0,0,0,0,0,0,0,0,0,0,0,0
8.054534912109375,9.0,0.0,0.0,-0.0006795525550842285,-0.00012820959091186523,0.0,0.0,0.591720700263977,-0.10259798169136047,0.03,0,0,0,0,0,0,0,0,0,0,0,0,0,0,0,0,0,0,0,0,0
8.055693626403809,9.0,0.0,0.0,-0.0006644725799560547,-7.781386375427246e-05,0.0,0.0,0.6027582287788391,-0.09135660529136658,0.03,0,0,0,0,0,0,0,0,0,0,0,0,0,0,0,0,0,0,0,0,0
8.05686068534851,9.0,0.0,0.0,-0.0006806850433349609,-0.00010192394256591797,0.0,0.0,0.601662814617157,-0.1686745584011078,0.03,0,0,0,0,0,0,0,0,0,0,0,0,0,0,0,0,0,0,0,0,0
8.058095693588257,9.0,0.0,0.0,-0.0006806850433349609,-0.00010192394256591797,0.0,0.0,0.601662814617157,-0.1686745584011078,0.03,0,0,0,0,0,0,0,0,0,0,0,0,0,0,0,0,0,0,0,0,0
8.059367895126343,9.0,0.0,0.0,-0.0006806850433349609,-0.00010192394256591797,0.0,0.0,0.601662814617157,-0.1686745584011078,0.03,0,0,0,0,0,0,0,0,0,0,0,0,0,0,0,0,0,0,0,0,0
8.060726642608643,9.0,0.0,0.0,-0.0006806850433349609,-0.00010192394256591797,0.0,0.0,0.601662814617157,-0.1686745584011078,0.03,0,0,0,0,0,0,0,0,0,0,0,0,0,0,0,0,0,0,0,0,0
8.061813592910767,9.0,0.0,0.0,-0.0006806850433349609,-0.00010192394256591797,0.0,0.0,0.601662814617157,-0.1686745584011078,0.03,0,0,0,0,0,0,0,0,0,0,0,0,0,0,0,0,0,0,0,0,0
8.062922477722168,9.0,0.0,0.0,-0.0006806850433349609,-0.00010192394256591797,0.0,0.0,0.601662814617157,-0.1686745584011078,0.03,0,0,0,0,0,0,0,0,0,0,0,0,0,0,0,0,0,0,0,0,0
8.064126253128052,9.0,0.0,0.0,-0.0006806850433349609,-0.00010192394256591797,0.0,0.0,0.601662814617157,-0.1686745584011078,0.03,0,0,0,0,0,0,0,0,0,0,0,0,0,0,0,0,0,0,0,0,0
8.066743850708008,9.0,0.0,0.0,-0.0006926059722900391,-0.00012284517288208008,0.0,0.0,0.604683518409729,-0.13139450550079346,0.03,0,0,0,0,0,0,0,0,0,0,0,0,0,0,0,0,0,0,0,0,0
8.068209171295166,9.0,0.0,0.0,-0.0006926059722900391,-0.00012284517288208008,0.0,0.0,0.604683518409729,-0.13139450550079346,0.03,0,0,0,0,0,0,0,0,0,0,0,0,0,0,0,0,0,0,0,0,0
8.069621324539185,9.0,0.0,0.0,-0.0006926059722900391,-0.00012284517288208008,0.0,0.0,0.604683518409729,-0.13139450550079346,0.03,0,0,0,0,0,0,0,0,0,0,0,0,0,0,0,0,0,0,0,0,0
8.071876764297485,9.0,0.0,0.0,-0.0006926059722900391,-0.00012284517288208008,0.0,0.0,0.604683518409729,-0.13139450550079346,0.03,0,0,0,0,0,0,0,0,0,0,0,0,0,0,0,0,0,0,0,0,0
8.073062419891357,9.0,0.0,0.0,-0.0006795525550842285,-0.000122755765914917,0.0,0.0,0.5883982181549072,-0.10427024960517883,0.03,0,0,0,0,0,0,0,0,0,0,0,0,0,0,0,0,0,0,0,0,0
8.074350595474243,9.0,0.0,0.0,-0.0006795525550842285,-0.000122755765914917,0.0,0.0,0.5883982181549072,-0.10427024960517883,0.03,0,0,0,0,0,0,0,0,0,0,0,0,0,0,0,0,0,0,0,0,0
8.075884580612183,9.0,0.0,0.0,-0.0006795525550842285,-0.000122755765914917,0.0,0.0,0.5883982181549072,-0.10427024960517883,0.03,0,0,0,0,0,0,0,0,0,0,0,0,0,0,0,0,0,0,0,0,0
8.077404499053955,9.0,0.0,0.0,-0.0006795525550842285,-0.000122755765914917,0.0,0.0,0.5883982181549072,-0.10427024960517883,0.03,0,0,0,0,0,0,0,0,0,0,0,0,0,0,0,0,0,0,0,0,0
8.078694820404053,9.0,0.0,0.0,-0.0006795525550842285,-0.000122755765914917,0.0,0.0,0.5883982181549072,-0.10427024960517883,0.03,0,0,0,0,0,0,0,0,0,0,0,0,0,0,0,0,0,0,0,0,0
8.080112934112549,9.0,0.0,0.0,-0.0006795525550842285,-0.000122755765914917,0.0,0.0,0.5883982181549072,-0.10427024960517883,0.03,0,0,0,0,0,0,0,0,0,0,0,0,0,0,0,0,0,0,0,0,0
8.08275294303894,9.0,0.0,0.0,-0.0006795525550842285,-0.000122755765914917,0.0,0.0,0.5883982181549072,-0.10427024960517883,0.03,0,0,0,0,0,0,0,0,0,0,0,0,0,0,0,0,0,0,0,0,0
8.084357976913452,9.0,0.0,0.0,-0.000680088996887207,-0.00010788440704345703,0.0,0.0,0.5927560925483704,-0.11289500445127487,0.03,0,0,0,0,0,0,0,0,0,0,0,0,0,0,0,0,0,0,0,0,0
8.085764408111572,9.0,0.0,0.0,-0.000680088996887207,-0.00010788440704345703,0.0,0.0,0.5927560925483704,-0.11289500445127487,0.03,0,0,0,0,0,0,0,0,0,0,0,0,0,0,0,0,0,0,0,0,0
8.08693552017212,9.0,0.0,0.0,-0.000680088996887207,-0.00010788440704345703,0.0,0.0,0.5927560925483704,-0.11289500445127487,0.03,0,0,0,0,0,0,0,0,0,0,0,0,0,0,0,0,0,0,0,0,0
8.088053464889526,9.0,0.0,0.0,-0.000680088996887207,-0.00010788440704345703,0.0,0.0,0.5927560925483704,-0.11289500445127487,0.03,0,0,0,0,0,0,0,0,0,0,0,0,0,0,0,0,0,0,0,0,0
8.089245796203613,9.0,0.0,0.0,-0.000680088996887207,-0.00010788440704345703,0.0,0.0,0.5927560925483704,-0.11289500445127487,0.03,0,0,0,0,0,0,0,0,0,0,0,0,0,0,0,0,0,0,0,0,0
8.090306997299194,9.0,0.0,0.0,-0.000680088996887207,-0.00010788440704345703,0.0,0.0,0.5927560925483704,-0.11289500445127487,0.03,0,0,0,0,0,0,0,0,0,0,0,0,0,0,0,0,0,0,0,0,0
8.091379880905151,9.0,0.0,0.0,-0.000680088996887207,-0.00010788440704345703,0.0,0.0,0.5927560925483704,-0.11289500445127487,0.03,0,0,0,0,0,0,0,0,0,0,0,0,0,0,0,0,0,0,0,0,0
8.09257435798645,9.0,0.0,0.0,-0.000680088996887207,-0.00010788440704345703,0.0,0.0,0.5927560925483704,-0.11289500445127487,0.03,0,0,0,0,0,0,0,0,0,0,0,0,0,0,0,0,0,0,0,0,0
8.093912601470947,9.0,0.0,0.0,-0.000680088996887207,-0.00010788440704345703,0.0,0.0,0.5927560925483704,-0.11289500445127487,0.03,0,0,0,0,0,0,0,0,0,0,0,0,0,0,0,0,0,0,0,0,0
8.095269441604614,9.0,0.0,0.0,-0.000680088996887207,-0.00010788440704345703,0.0,0.0,0.5927560925483704,-0.11289500445127487,0.03,0,0,0,0,0,0,0,0,0,0,0,0,0,0,0,0,0,0,0,0,0
8.097740650177002,9.0,0.0,0.0,-0.0006801486015319824,-0.00012001395225524902,0.0,0.0,0.5976685881614685,-0.10301476716995239,0.03,0,0,0,0,0,0,0,0,0,0,0,0,0,0,0,0,0,0,0,0,0
8.099659442901611,9.0,0.0,0.0,-0.0006801486015319824,-0.00012001395225524902,0.0,0.0,0.5976685881614685,-0.10301476716995239,0.03,0,0,0,0,0,0,0,0,0,0,0,0,0,0,0,0,0,0,0,0,0
8.101953029632568,9.0,0.0,0.0,-0.0006834268569946289,-0.00010854005813598633,0.0,0.0,0.5894753336906433,-0.037321027368307114,0.03,0,0,0,0,0,0,0,0,0,0,0,0,0,0,0,0,0,0,0,0,0
8.103285074234009,9.0,0.0,0.0,-0.0006834268569946289,-0.00010854005813598633,0.0,0.0,0.5894753336906433,-0.037321027368307114,0.03,0,0,0,0,0,0,0,0,0,0,0,0,0,0,0,0,0,0,0,0,0
8.104530572891235,9.0,0.0,0.0,-0.0006834268569946289,-0.00010854005813598633,0.0,0.0,0.5894753336906433,-0.037321027368307114,0.03,0,0,0,0,0,0,0,0,0,0,0,0,0,0,0,0,0,0,0,0,0
8.105896234512329,9.0,0.0,0.0,-0.0006834268569946289,-0.00010854005813598633,0.0,0.0,0.5894753336906433,-0.037321027368307114,0.03,0,0,0,0,0,0,0,0,0,0,0,0,0,0,0,0,0,0,0,0,0
8.107962131500244,9.0,0.0,0.0,-0.0006834268569946289,-0.00010854005813598633,0.0,0.0,0.5894753336906433,-0.037321027368307114,0.03,0,0,0,0,0,0,0,0,0,0,0,0,0,0,0,0,0,0,0,0,0
8.109134435653687,9.0,0.0,0.0,-0.0006834268569946289,-0.00010854005813598633,0.0,0.0,0.5894753336906433,-0.037321027368307114,0.03,0,0,0,0,0,0,0,0,0,0,0,0,0,0,0,0,0,0,0,0,0
8.110706329345703,9.0,0.0,0.0,-0.0006834268569946289,-0.00010854005813598633,0.0,0.0,0.5894753336906433,-0.037321027368307114,0.03,0,0,0,0,0,0,0,0,0,0,0,0,0,0,0,0,0,0,0,0,0
8.111815929412842,9.0,0.0,0.0,-0.0006834268569946289,-0.00010854005813598633,0.0,0.0,0.5894753336906433,-0.037321027368307114,0.03,0,0,0,0,0,0,0,0,0,0,0,0,0,0,0,0,0,0,0,0,0
8.112905502319336,9.0,0.0,0.0,-0.0006834268569946289,-0.00010854005813598633,0.0,0.0,0.5894753336906433,-0.037321027368307114,0.03,0,0,0,0,0,0,0,0,0,0,0,0,0,0,0,0,0,0,0,0,0
8.115949869155884,9.0,0.0,0.0,-0.0006834268569946289,-0.00010854005813598633,0.0,0.0,0.5894753336906433,-0.037321027368307114,0.03,0,0,0,0,0,0,0,0,0,0,0,0,0,0,0,0,0,0,0,0,0
8.117791891098022,9.0,0.0,0.0,-0.0007006525993347168,-6.952881813049316e-05,0.0,0.0,0.5803474187850952,-0.049167051911354065,0.03,0,0,0,0,0,0,0,0,0,0,0,0,0,0,0,0,0,0,0,0,0
8.11961030960083,9.0,0.0,0.0,-0.0007006525993347168,-6.952881813049316e-05,0.0,0.0,0.5803474187850952,-0.049167051911354065,0.03,0,0,0,0,0,0,0,0,0,0,0,0,0,0,0,0,0,0,0,0,0
8.121438264846802,9.0,0.0,0.0,-0.0007006525993347168,-6.952881813049316e-05,0.0,0.0,0.5803474187850952,-0.049167051911354065,0.03,0,0,0,0,0,0,0,0,0,0,0,0,0,0,0,0,0,0,0,0,0
8.124481678009033,9.0,0.0,0.0,-0.0007006525993347168,-6.952881813049316e-05,0.0,0.0,0.5803474187850952,-0.049167051911354065,0.03,0,0,0,0,0,0,0,0,0,0,0,0,0,0,0,0,0,0,0,0,0
8.126061201095581,9.0,0.0,0.0,-0.000691831111907959,-7.966160774230957e-05,0.0,0.0,0.5958564281463623,-0.1743103563785553,0.03,0,0,0,0,0,0,0,0,0,0,0,0,0,0,0,0,0,0,0,0,0
8.127598524093628,9.0,0.0,0.0,-0.000691831111907959,-7.966160774230957e-05,0.0,0.0,0.5958564281463623,-0.1743103563785553,0.03,0,0,0,0,0,0,0,0,0,0,0,0,0,0,0,0,0,0,0,0,0
8.12911581993103,9.0,0.0,0.0,-0.000691831111907959,-7.966160774230957e-05,0.0,0.0,0.5958564281463623,-0.1743103563785553,0.03,0,0,0,0,0,0,0,0,0,0,0,0,0,0,0,0,0,0,0,0,0
8.130642175674438,9.0,0.0,0.0,-0.000691831111907959,-7.966160774230957e-05,0.0,0.0,0.5958564281463623,-0.1743103563785553,0.03,0,0,0,0,0,0,0,0,0,0,0,0,0,0,0,0,0,0,0,0,0
8.13189148902893,9.0,0.0,0.0,-0.000691831111907959,-7.966160774230957e-05,0.0,0.0,0.5958564281463623,-0.1743103563785553,0.03,0,0,0,0,0,0,0,0,0,0,0,0,0,0,0,0,0,0,0,0,0
8.133499145507812,9.0,0.0,0.0,-0.000691831111907959,-7.966160774230957e-05,0.0,0.0,0.5958564281463623,-0.1743103563785553,0.03,0,0,0,0,0,0,0,0,0,0,0,0,0,0,0,0,0,0,0,0,0
8.134610891342163,9.0,0.0,0.0,-0.000691831111907959,-7.966160774230957e-05,0.0,0.0,0.5958564281463623,-0.1743103563785553,0.03,0,0,0,0,0,0,0,0,0,0,0,0,0,0,0,0,0,0,0,0,0
8.136617660522461,9.0,0.0,0.0,-0.000691831111907959,-7.966160774230957e-05,0.0,0.0,0.5958564281463623,-0.1743103563785553,0.03,0,0,0,0,0,0,0,0,0,0,0,0,0,0,0,0,0,0,0,0,0
8.13784646987915,9.0,0.0,0.0,-0.000691831111907959,-7.966160774230957e-05,0.0,0.0,0.5958564281463623,-0.1743103563785553,0.03,0,0,0,0,0,0,0,0,0,0,0,0,0,0,0,0,0,0,0,0,0
8.139049053192139,9.0,0.0,0.0,-0.000691831111907959,-7.966160774230957e-05,0.0,0.0,0.5958564281463623,-0.1743103563785553,0.03,0,0,0,0,0,0,0,0,0,0,0,0,0,0,0,0,0,0,0,0,0
8.140123844146729,9.0,0.0,0.0,-0.000691831111907959,-7.966160774230957e-05,0.0,0.0,0.5958564281463623,-0.1743103563785553,0.03,0,0,0,0,0,0,0,0,0,0,0,0,0,0,0,0,0,0,0,0,0
8.141185283660889,9.0,0.0,0.0,-0.000691831111907959,-7.966160774230957e-05,0.0,0.0,0.5958564281463623,-0.1743103563785553,0.03,0,0,0,0,0,0,0,0,0,0,0,0,0,0,0,0,0,0,0,0,0
8.142282247543335,9.0,0.0,0.0,-0.000691831111907959,-7.966160774230957e-05,0.0,0.0,0.5958564281463623,-0.1743103563785553,0.03,0,0,0,0,0,0,0,0,0,0,0,0,0,0,0,0,0,0,0,0,0
8.143363952636719,9.0,0.0,0.0,-0.000691831111907959,-7.966160774230957e-05,0.0,0.0,0.5958564281463623,-0.1743103563785553,0.03,0,0,0,0,0,0,0,0,0,0,0,0,0,0,0,0,0,0,0,0,0
8.144718170166016,9.0,0.0,0.0,-0.000691831111907959,-7.966160774230957e-05,0.0,0.0,0.5958564281463623,-0.1743103563785553,0.03,0,0,0,0,0,0,0,0,0,0,0,0,0,0,0,0,0,0,0,0,0
8.146013498306274,9.0,0.0,0.0,-0.000691831111907959,-7.966160774230957e-05,0.0,0.0,0.5958564281463623,-0.1743103563785553,0.03,0,0,0,0,0,0,0,0,0,0,0,0,0,0,0,0,0,0,0,0,0
8.14756178855896,9.0,0.0,0.0,-0.000691831111907959,-7.966160774230957e-05,0.0,0.0,0.5958564281463623,-0.1743103563785553,0.03,0,0,0,0,0,0,0,0,0,0,0,0,0,0,0,0,0,0,0,0,0
8.150542736053467,9.0,0.0,0.0,-0.000691831111907959,-7.966160774230957e-05,0.0,0.0,0.5958564281463623,-0.1743103563785553,0.03,0,0,0,0,0,0,0,0,0,0,0,0,0,0,0,0,0,0,0,0,0
8.153186798095703,9.0,0.0,0.0,-0.0006444454193115234,-7.086992263793945e-05,0.0,0.0,0.580388605594635,-0.1267949938774109,0.03,0,0,0,0,0,0,0,0,0,0,0,0,0,0,0,0,0,0,0,0,0
8.154457569122314,9.0,0.0,0.0,-0.0006444454193115234,-7.086992263793945e-05,0.0,0.0,0.580388605594635,-0.1267949938774109,0.03,0,0,0,0,0,0,0,0,0,0,0,0,0,0,0,0,0,0,0,0,0
8.155735731124878,9.0,0.0,0.0,-0.0006444454193115234,-7.086992263793945e-05,0.0,0.0,0.580388605594635,-0.1267949938774109,0.03,0,0,0,0,0,0,0,0,0,0,0,0,0,0,0,0,0,0,0,0,0
8.158207893371582,9.0,0.0,0.0,-0.0006444454193115234,-7.086992263793945e-05,0.0,0.0,0.580388605594635,-0.1267949938774109,0.03,0,0,0,0,0,0,0,0,0,0,0,0,0,0,0,0,0,0,0,0,0
8.160772323608398,9.0,0.0,0.0,-0.0006444454193115234,-7.086992263793945e-05,0.0,0.0,0.580388605594635,-0.1267949938774109,0.03,0,0,0,0,0,0,0,0,0,0,0,0,0,0,0,0,0,0,0,0,0
8.161895751953125,9.0,0.0,0.0,-0.0006444454193115234,-7.086992263793945e-05,0.0,0.0,0.580388605594635,-0.1267949938774109,0.03,0,0,0,0,0,0,0,0,0,0,0,0,0,0,0,0,0,0,0,0,0
8.16336989402771,9.0,0.0,0.0,-0.0006444454193115234,-7.086992263793945e-05,0.0,0.0,0.580388605594635,-0.1267949938774109,0.03,0,0,0,0,0,0,0,0,0,0,0,0,0,0,0,0,0,0,0,0,0
8.164537191390991,9.0,0.0,0.0,-0.0006444454193115234,-7.086992263793945e-05,0.0,0.0,0.580388605594635,-0.1267949938774109,0.03,0,0,0,0,0,0,0,0,0,0,0,0,0,0,0,0,0,0,0,0,0
8.165623664855957,9.0,0.0,0.0,-0.0006444454193115234,-7.086992263793945e-05,0.0,0.0,0.580388605594635,-0.1267949938774109,0.03,0,0,0,0,0,0,0,0,0,0,0,0,0,0,0,0,0,0,0,0,0
8.166713953018188,9.0,0.0,0.0,-0.0006444454193115234,-7.086992263793945e-05,0.0,0.0,0.580388605594635,-0.1267949938774109,0.03,0,0,0,0,0,0,0,0,0,0,0,0,0,0,0,0,0,0,0,0,0
8.16893219947815,9.0,0.0,0.0,-0.0006782412528991699,-0.00012189149856567383,0.0,0.0,0.5829211473464966,-0.10865848511457443,0.03,0,0,0,0,0,0,0,0,0,0,0,0,0,0,0,0,0,0,0,0,0
8.170031547546387,9.0,0.0,0.0,-0.0006782412528991699,-0.00012189149856567383,0.0,0.0,0.5829211473464966,-0.10865848511457443,0.03,0,0,0,0,0,0,0,0,0,0,0,0,0,0,0,0,0,0,0,0,0
8.171644687652588,9.0,0.0,0.0,-0.0006804466247558594,-0.00012293457984924316,0.0,0.0,0.5886001586914062,-0.1063578873872757,0.03,0,0,0,0,0,0,0,0,0,0,0,0,0,0,0,0,0,0,0,0,0
8.172708511352539,9.0,0.0,0.0,-0.0006804466247558594,-0.00012293457984924316,0.0,0.0,0.5886001586914062,-0.1063578873872757,0.03,0,0,0,0,0,0,0,0,0,0,0,0,0,0,0,0,0,0,0,0,0
8.173776865005493,9.0,0.0,0.0,-0.0006795525550842285,-0.00012701749801635742,0.0,0.0,0.5940696001052856,-0.10812576860189438,0.03,0,0,0,0,0,0,0,0,0,0,0,0,0,0,0,0,0,0,0,0,0
8.176320552825928,9.0,0.0,0.0,-0.0006795525550842285,-0.00012701749801635742,0.0,0.0,0.5940696001052856,-0.10812576860189438,0.03,0,0,0,0,0,0,0,0,0,0,0,0,0,0,0,0,0,0,0,0,0
8.178041934967041,9.0,0.0,0.0,-0.0006795525550842285,-0.00012701749801635742,0.0,0.0,0.5940696001052856,-0.10812576860189438,0.03,0,0,0,0,0,0,0,0,0,0,0,0,0,0,0,0,0,0,0,0,0
8.179614782333374,9.0,0.0,0.0,-0.0006795525550842285,-0.00012701749801635742,0.0,0.0,0.5940696001052856,-0.10812576860189438,0.03,0,0,0,0,0,0,0,0,0,0,0,0,0,0,0,0,0,0,0,0,0
8.180876970291138,9.0,0.0,0.0,-0.0006795525550842285,-0.00012701749801635742,0.0,0.0,0.5940696001052856,-0.10812576860189438,0.03,0,0,0,0,0,0,0,0,0,0,0,0,0,0,0,0,0,0,0,0,0
8.18272614479065,9.0,0.0,0.0,-0.0006795525550842285,-0.00012701749801635742,0.0,0.0,0.5940696001052856,-0.10812576860189438,0.03,0,0,0,0,0,0,0,0,0,0,0,0,0,0,0,0,0,0,0,0,0
8.18443775177002,9.0,0.0,0.0,-0.0006795525550842285,-0.00012701749801635742,0.0,0.0,0.5940696001052856,-0.10812576860189438,0.03,0,0,0,0,0,0,0,0,0,0,0,0,0,0,0,0,0,0,0,0,0
8.18595576286316,9.0,0.0,0.0,-0.0006801486015319824,-0.0001226663589477539,0.0,0.0,0.5998722314834595,-0.10420000553131104,0.03,0,0,0,0,0,0,0,0,0,0,0,0,0,0,0,0,0,0,0,0,0
8.187640905380249,9.0,0.0,0.0,-0.0006802678108215332,-0.00012224912643432617,0.0,0.0,0.6007909178733826,-0.08009855449199677,0.03,0,0,0,0,0,0,0,0,0,0,0,0,0,0,0,0,0,0,0,0,0
8.188860654830933,9.0,0.0,0.0,-0.0006898641586303711,-0.00011014938354492188,0.0,0.0,0.6211406588554382,-0.08023179322481155,0.03,0,0,0,0,0,0,0,0,0,0,0,0,0,0,0,0,0,0,0,0,0
8.192327737808228,9.0,0.0,0.0,-0.0006796717643737793,-0.00011202692985534668,0.0,0.0,0.5948665142059326,-0.05832887813448906,0.03,0,0,0,0,0,0,0,0,0,0,0,0,0,0,0,0,0,0,0,0,0
8.193401575088501,9.0,0.0,0.0,-0.0006796717643737793,-0.00011202692985534668,0.0,0.0,0.5948665142059326,-0.05832887813448906,0.03,0,0,0,0,0,0,0,0,0,0,0,0,0,0,0,0,0,0,0,0,0
8.197369813919067,9.0,0.0,0.0,-0.0006799697875976562,-7.748603820800781e-05,0.0,0.0,0.5967384576797485,-0.034388743340969086,0.03,0,0,0,0,0,0,0,0,0,0,0,0,0,0,0,0,0,0,0,0,0
8.198941707611084,9.0,0.0,0.0,-0.0006741881370544434,-0.00013825297355651855,0.0,0.0,0.5898381471633911,-0.16039817035198212,0.03,0,0,0,0,0,0,0,0,0,0,0,0,0,0,0,0,0,0,0,0,0
8.200093984603882,9.0,0.0,0.0,-0.0006616115570068359,-0.00013872981071472168,0.0,0.0,0.5651641488075256,-0.14636842906475067,0.03,0,0,0,0,0,0,0,0,0,0,0,0,0,0,0,0,0,0,0,0,0
8.202171325683594,9.0,0.0,0.0,-0.0006616115570068359,-0.00013872981071472168,0.0,0.0,0.5651641488075256,-0.14636842906475067,0.03,0,0,0,0,0,0,0,0,0,0,0,0,0,0,0,0,0,0,0,0,0
8.203525304794312,9.0,0.0,0.0,-0.0006616115570068359,-0.00013872981071472168,0.0,0.0,0.5651641488075256,-0.14636842906475067,0.03,0,0,0,0,0,0,0,0,0,0,0,0,0,0,0,0,0,0,0,0,0
8.204948902130127,9.0,0.0,0.0,-0.0006616115570068359,-0.00013872981071472168,0.0,0.0,0.5651641488075256,-0.14636842906475067,0.03,0,0,0,0,0,0,0,0,0,0,0,0,0,0,0,0,0,0,0,0,0
8.206559419631958,9.0,0.0,0.0,-0.0006616115570068359,-0.00013872981071472168,0.0,0.0,0.5651641488075256,-0.14636842906475067,0.03,0,0,0,0,0,0,0,0,0,0,0,0,0,0,0,0,0,0,0,0,0
8.207655906677246,9.0,0.0,0.0,-0.0006616115570068359,-0.00013872981071472168,0.0,0.0,0.5651641488075256,-0.14636842906475067,0.03,0,0,0,0,0,0,0,0,0,0,0,0,0,0,0,0,0,0,0,0,0
8.209470987319946,9.0,0.0,0.0,-0.0006616115570068359,-0.00013872981071472168,0.0,0.0,0.5651641488075256,-0.14636842906475067,0.03,0,0,0,0,0,0,0,0,0,0,0,0,0,0,0,0,0,0,0,0,0
8.211070537567139,9.0,0.0,0.0,-0.0006616115570068359,-0.00013872981071472168,0.0,0.0,0.5651641488075256,-0.14636842906475067,0.03,0,0,0,0,0,0,0,0,0,0,0,0,0,0,0,0,0,0,0,0,0
8.212141513824463,9.0,0.0,0.0,-0.0006616115570068359,-0.00013872981071472168,0.0,0.0,0.5651641488075256,-0.14636842906475067,0.03,0,0,0,0,0,0,0,0,0,0,0,0,0,0,0,0,0,0,0,0,0
8.213310718536377,9.0,0.0,0.0,-0.0006616115570068359,-0.00013872981071472168,0.0,0.0,0.5651641488075256,-0.14636842906475067,0.03,0,0,0,0,0,0,0,0,0,0,0,0,0,0,0,0,0,0,0,0,0
8.214632272720337,9.0,0.0,0.0,-0.0006616115570068359,-0.00013872981071472168,0.0,0.0,0.5651641488075256,-0.14636842906475067,0.03,0,0,0,0,0,0,0,0,0,0,0,0,0,0,0,0,0,0,0,0,0
8.216336011886597,9.0,0.0,0.0,-0.0006616115570068359,-0.00013872981071472168,0.0,0.0,0.5651641488075256,-0.14636842906475067,0.03,0,0,0,0,0,0,0,0,0,0,0,0,0,0,0,0,0,0,0,0,0
8.217581510543823,9.0,0.0,0.0,-0.0006616115570068359,-0.00013872981071472168,0.0,0.0,0.5651641488075256,-0.14636842906475067,0.03,0,0,0,0,0,0,0,0,0,0,0,0,0,0,0,0,0,0,0,0,0
8.21874189376831,9.0,0.0,0.0,-0.0006616115570068359,-0.00013872981071472168,0.0,0.0,0.5651641488075256,-0.14636842906475067,0.03,0,0,0,0,0,0,0,0,0,0,0,0,0,0,0,0,0,0,0,0,0
8.21993350982666,9.0,0.0,0.0,-0.0006616115570068359,-0.00013872981071472168,0.0,0.0,0.5651641488075256,-0.14636842906475067,0.03,0,0,0,0,0,0,0,0,0,0,0,0,0,0,0,0,0,0,0,0,0
8.22102952003479,9.0,0.0,0.0,-0.0006616115570068359,-0.00013872981071472168,0.0,0.0,0.5651641488075256,-0.14636842906475067,0.03,0,0,0,0,0,0,0,0,0,0,0,0,0,0,0,0,0,0,0,0,0
8.222121477127075,9.0,0.0,0.0,-0.0006616115570068359,-0.00013872981071472168,0.0,0.0,0.5651641488075256,-0.14636842906475067,0.03,0,0,0,0,0,0,0,0,0,0,0,0,0,0,0,0,0,0,0,0,0
8.223388910293579,9.0,0.0,0.0,-0.0006616115570068359,-0.00013872981071472168,0.0,0.0,0.5651641488075256,-0.14636842906475067,0.03,0,0,0,0,0,0,0,0,0,0,0,0,0,0,0,0,0,0,0,0,0
8.226127624511719,9.0,0.0,0.0,-0.0006616115570068359,-0.00013872981071472168,0.0,0.0,0.5651641488075256,-0.14636842906475067,0.03,0,0,0,0,0,0,0,0,0,0,0,0,0,0,0,0,0,0,0,0,0
8.228539228439331,9.0,0.0,0.0,-0.0006616115570068359,-0.00013872981071472168,0.0,0.0,0.5651641488075256,-0.14636842906475067,0.03,0,0,0,0,0,0,0,0,0,0,0,0,0,0,0,0,0,0,0,0,0
8.22998857498169,9.0,0.0,0.0,-0.0006616115570068359,-0.00013872981071472168,0.0,0.0,0.5651641488075256,-0.14636842906475067,0.03,0,0,0,0,0,0,0,0,0,0,0,0,0,0,0,0,0,0,0,0,0
8.23128867149353,9.0,0.0,0.0,-0.0006616115570068359,-0.00013872981071472168,0.0,0.0,0.5651641488075256,-0.14636842906475067,0.03,0,0,0,0,0,0,0,0,0,0,0,0,0,0,0,0,0,0,0,0,0
8.232844352722168,9.0,0.0,0.0,-0.0006616115570068359,-0.00013872981071472168,0.0,0.0,0.5651641488075256,-0.14636842906475067,0.03,0,0,0,0,0,0,0,0,0,0,0,0,0,0,0,0,0,0,0,0,0
8.234092712402344,9.0,0.0,0.0,-0.0006616115570068359,-0.00013872981071472168,0.0,0.0,0.5651641488075256,-0.14636842906475067,0.03,0,0,0,0,0,0,0,0,0,0,0,0,0,0,0,0,0,0,0,0,0
8.235445976257324,9.0,0.0,0.0,-0.0006616115570068359,-0.00013872981071472168,0.0,0.0,0.5651641488075256,-0.14636842906475067,0.03,0,0,0,0,0,0,0,0,0,0,0,0,0,0,0,0,0,0,0,0,0
8.236705780029297,9.0,0.0,0.0,-0.0006616115570068359,-0.00013872981071472168,0.0,0.0,0.5651641488075256,-0.14636842906475067,0.03,0,0,0,0,0,0,0,0,0,0,0,0,0,0,0,0,0,0,0,0,0
8.238105773925781,9.0,0.0,0.0,-0.0006616115570068359,-0.00013872981071472168,0.0,0.0,0.5651641488075256,-0.14636842906475067,0.03,0,0,0,0,0,0,0,0,0,0,0,0,0,0,0,0,0,0,0,0,0
8.239220380783081,9.0,0.0,0.0,-0.0006616115570068359,-0.00013872981071472168,0.0,0.0,0.5651641488075256,-0.14636842906475067,0.03,0,0,0,0,0,0,0,0,0,0,0,0,0,0,0,0,0,0,0,0,0
8.240279197692871,9.0,0.0,0.0,-0.0006616115570068359,-0.00013872981071472168,0.0,0.0,0.5651641488075256,-0.14636842906475067,0.03,0,0,0,0,0,0,0,0,0,0,0,0,0,0,0,0,0,0,0,0,0
8.241392374038696,9.0,0.0,0.0,-0.0006616115570068359,-0.00013872981071472168,0.0,0.0,0.5651641488075256,-0.14636842906475067,0.03,0,0,0,0,0,0,0,0,0,0,0,0,0,0,0,0,0,0,0,0,0
8.24261736869812,9.0,0.0,0.0,-0.0006616115570068359,-0.00013872981071472168,0.0,0.0,0.5651641488075256,-0.14636842906475067,0.03,0,0,0,0,0,0,0,0,0,0,0,0,0,0,0,0,0,0,0,0,0
8.24394702911377,9.0,0.0,0.0,-0.0006616115570068359,-0.00013872981071472168,0.0,0.0,0.5651641488075256,-0.14636842906475067,0.03,0,0,0,0,0,0,0,0,0,0,0,0,0,0,0,0,0,0,0,0,0
8.24587368965149,9.0,0.0,0.0,-0.0006616115570068359,-0.00013872981071472168,0.0,0.0,0.5651641488075256,-0.14636842906475067,0.03,0,0,0,0,0,0,0,0,0,0,0,0,0,0,0,0,0,0,0,0,0
8.246980667114258,9.0,0.0,0.0,-0.0006616115570068359,-0.00013872981071472168,0.0,0.0,0.5651641488075256,-0.14636842906475067,0.03,0,0,0,0,0,0,0,0,0,0,0,0,0,0,0,0,0,0,0,0,0
8.248247623443604,9.0,0.0,0.0,-0.0006616115570068359,-0.00013872981071472168,0.0,0.0,0.5651641488075256,-0.14636842906475067,0.03,0,0,0,0,0,0,0,0,0,0,0,0,0,0,0,0,0,0,0,0,0
8.249719858169556,9.0,0.0,0.0,-0.0006616115570068359,-0.00013872981071472168,0.0,0.0,0.5651641488075256,-0.14636842906475067,0.03,0,0,0,0,0,0,0,0,0,0,0,0,0,0,0,0,0,0,0,0,0
8.251722574234009,9.0,0.0,0.0,-0.0006802678108215332,-0.0001226663589477539,0.0,0.0,0.6006700992584229,-0.10431299358606339,0.03,0,0,0,0,0,0,0,0,0,0,0,0,0,0,0,0,0,0,0,0,0
8.2531898021698,9.0,0.0,0.0,-0.0006802678108215332,-0.0001226663589477539,0.0,0.0,0.6006700992584229,-0.10431299358606339,0.03,0,0,0,0,0,0,0,0,0,0,0,0,0,0,0,0,0,0,0,0,0
8.254889249801636,9.0,0.0,0.0,-0.0006802678108215332,-0.0001226663589477539,0.0,0.0,0.6006700992584229,-0.10431299358606339,0.03,0,0,0,0,0,0,0,0,0,0,0,0,0,0,0,0,0,0,0,0,0
8.256088495254517,9.0,0.0,0.0,-0.0006802678108215332,-0.0001226663589477539,0.0,0.0,0.6006700992584229,-0.10431299358606339,0.03,0,0,0,0,0,0,0,0,0,0,0,0,0,0,0,0,0,0,0,0,0
8.257229089736938,9.0,0.0,0.0,-0.0006802082061767578,-0.00012370944023132324,0.0,0.0,0.5894219279289246,-0.11188840121030807,0.03,0,0,0,0,0,0,0,0,0,0,0,0,0,0,0,0,0,0,0,0,0
8.258455276489258,9.0,0.0,0.0,-0.0006802082061767578,-0.00012370944023132324,0.0,0.0,0.5894219279289246,-0.11188840121030807,0.03,0,0,0,0,0,0,0,0,0,0,0,0,0,0,0,0,0,0,0,0,0
8.260527849197388,9.0,0.0,0.0,-0.0006802082061767578,-0.00012370944023132324,0.0,0.0,0.5894219279289246,-0.11188840121030807,0.03,0,0,0,0,0,0,0,0,0,0,0,0,0,0,0,0,0,0,0,0,0
8.26163363456726,9.0,0.0,0.0,-0.0006802082061767578,-0.00012370944023132324,0.0,0.0,0.5894219279289246,-0.11188840121030807,0.03,0,0,0,0,0,0,0,0,0,0,0,0,0,0,0,0,0,0,0,0,0
