scenario,real_time_plot,lateral_angle_range,drag_speed,wiggle_time,servo_speed,extraction_height,wiggle frequency,insertion_angle,wiggle_amplitude
turtle,True,0.1,0.15,0.12,0.18,0.02,0.7853981633974483
time,turtle_state,leftadduction_pos,leftsweeping_pos,rightadduction_pos,rightsweeping_pos,leftadduction_curr,leftsweeping_curr,rightadduction_curr,rightsweeping_curr,insertiondepth,OptitrackPosition_x,OptitrackPosition_y,OptitrackPosition_z,OptitrackOrientation_x,OptitrackOrientation_y,OptitrackOrientation_z,OptitrackOrientation_w,LeftFlipperPosition_x,LeftFlipperPosition_y,LeftFlipperPosition_z,LeftFlipperOrientation_x,LeftFlipperOrientation_y,LeftFlipperOrientation_z,LeftFlipperOrientation_w,RightFlipperPosition_x,RightFlipperPosition_y,RightFlipperPosition_z,RightFlipperOrientation_x,RightFlipperOrientation_y,RightFlipperOrientation_z,RightFlipperOrientation_w
0.0033941268920898438,0,0.0,0.0,0.0,0.0,0.0,0.0,0.0,0.0,0.03,0,0,0,0,0,0,0,0,0,0,0,0,0,0,0,0,0,0,0,0,0
0.013580799102783203,0,0.0,0.0,0.0,0.0,0.0,0.0,0.0,0.0,0.03,0,0,0,0,0,0,0,0,0,0,0,0,0,0,0,0,0,0,0,0,0
0.017804861068725586,0,0.0,0.0,0.0,0.0,0.0,0.0,0.0,0.0,0.03,0,0,0,0,0,0,0,0,0,0,0,0,0,0,0,0,0,0,0,0,0
0.019598007202148438,0,0.0,0.0,0.0,0.0,0.0,0.0,0.0,0.0,0.03,0,0,0,0,0,0,0,0,0,0,0,0,0,0,0,0,0,0,0,0,0
0.021228313446044922,0,0.0,0.0,0.0,0.0,0.0,0.0,0.0,0.0,0.03,0,0,0,0,0,0,0,0,0,0,0,0,0,0,0,0,0,0,0,0,0
0.0225064754486084,0,0.0,0.0,0.0,0.0,0.0,0.0,0.0,0.0,0.03,0,0,0,0,0,0,0,0,0,0,0,0,0,0,0,0,0,0,0,0,0
0.023575544357299805,0,0.0,0.0,0.0,0.0,0.0,0.0,0.0,0.0,0.03,0,0,0,0,0,0,0,0,0,0,0,0,0,0,0,0,0,0,0,0,0
0.02466893196105957,0,0.0,0.0,0.0,0.0,0.0,0.0,0.0,0.0,0.03,0,0,0,0,0,0,0,0,0,0,0,0,0,0,0,0,0,0,0,0,0
0.026406049728393555,0,0.0,0.0,0.0,0.0,0.0,0.0,0.0,0.0,0.03,0,0,0,0,0,0,0,0,0,0,0,0,0,0,0,0,0,0,0,0,0
0.028307437896728516,0,0.0,0.0,0.0,0.0,0.0,0.0,0.0,0.0,0.03,0,0,0,0,0,0,0,0,0,0,0,0,0,0,0,0,0,0,0,0,0
0.02939009666442871,0,0.0,0.0,0.0,0.0,0.0,0.0,0.0,0.0,0.03,0,0,0,0,0,0,0,0,0,0,0,0,0,0,0,0,0,0,0,0,0
0.031526803970336914,0,0.0,0.0,0.0,0.0,0.0,0.0,0.0,0.0,0.03,0,0,0,0,0,0,0,0,0,0,0,0,0,0,0,0,0,0,0,0,0
0.03275156021118164,0,0.0,0.0,0.0,0.0,0.0,0.0,0.0,0.0,0.03,0,0,0,0,0,0,0,0,0,0,0,0,0,0,0,0,0,0,0,0,0
0.03421425819396973,0,0.0,0.0,0.0,0.0,0.0,0.0,0.0,0.0,0.03,0,0,0,0,0,0,0,0,0,0,0,0,0,0,0,0,0,0,0,0,0
0.035436391830444336,0,0.0,0.0,0.0,0.0,0.0,0.0,0.0,0.0,0.03,0,0,0,0,0,0,0,0,0,0,0,0,0,0,0,0,0,0,0,0,0
0.036801815032958984,0,0.0,0.0,0.0,0.0,0.0,0.0,0.0,0.0,0.03,0,0,0,0,0,0,0,0,0,0,0,0,0,0,0,0,0,0,0,0,0
0.03788471221923828,0,0.0,0.0,0.0,0.0,0.0,0.0,0.0,0.0,0.03,0,0,0,0,0,0,0,0,0,0,0,0,0,0,0,0,0,0,0,0,0
0.03897976875305176,0,0.0,0.0,0.0,0.0,0.0,0.0,0.0,0.0,0.03,0,0,0,0,0,0,0,0,0,0,0,0,0,0,0,0,0,0,0,0,0
0.040078163146972656,0,0.0,0.0,0.0,0.0,0.0,0.0,0.0,0.0,0.03,0,0,0,0,0,0,0,0,0,0,0,0,0,0,0,0,0,0,0,0,0
0.04167342185974121,0,0.0,0.0,0.0,0.0,0.0,0.0,0.0,0.0,0.03,0,0,0,0,0,0,0,0,0,0,0,0,0,0,0,0,0,0,0,0,0
0.04346823692321777,0,0.0,0.0,0.0,0.0,0.0,0.0,0.0,0.0,0.03,0,0,0,0,0,0,0,0,0,0,0,0,0,0,0,0,0,0,0,0,0
0.047592878341674805,0,0.0,0.0,0.0,0.0,0.0,0.0,0.0,0.0,0.03,0,0,0,0,0,0,0,0,0,0,0,0,0,0,0,0,0,0,0,0,0
0.0486912727355957,0,0.0,0.0,0.0,0.0,0.0,0.0,0.0,0.0,0.03,0,0,0,0,0,0,0,0,0,0,0,0,0,0,0,0,0,0,0,0,0
0.049957275390625,0,0.0,0.0,0.0,0.0,0.0,0.0,0.0,0.0,0.03,0,0,0,0,0,0,0,0,0,0,0,0,0,0,0,0,0,0,0,0,0
0.05133652687072754,0,0.0,0.0,0.0,0.0,0.0,0.0,0.0,0.0,0.03,0,0,0,0,0,0,0,0,0,0,0,0,0,0,0,0,0,0,0,0,0
0.05267906188964844,0,0.0,0.0,0.0,0.0,0.0,0.0,0.0,0.0,0.03,0,0,0,0,0,0,0,0,0,0,0,0,0,0,0,0,0,0,0,0,0
0.054671287536621094,0,0.0,0.0,0.0,0.0,0.0,0.0,0.0,0.0,0.03,0,0,0,0,0,0,0,0,0,0,0,0,0,0,0,0,0,0,0,0,0
0.05602598190307617,0,0.0,0.0,0.0,0.0,0.0,0.0,0.0,0.0,0.03,0,0,0,0,0,0,0,0,0,0,0,0,0,0,0,0,0,0,0,0,0
0.05723166465759277,0,0.0,0.0,0.0,0.0,0.0,0.0,0.0,0.0,0.03,0,0,0,0,0,0,0,0,0,0,0,0,0,0,0,0,0,0,0,0,0
0.05906391143798828,0,0.0,0.0,0.0,0.0,0.0,0.0,0.0,0.0,0.03,0,0,0,0,0,0,0,0,0,0,0,0,0,0,0,0,0,0,0,0,0
0.060631752014160156,0,0.0,0.0,0.0,0.0,0.0,0.0,0.0,0.0,0.03,0,0,0,0,0,0,0,0,0,0,0,0,0,0,0,0,0,0,0,0,0
0.0618283748626709,0,0.0,0.0,0.0,0.0,0.0,0.0,0.0,0.0,0.03,0,0,0,0,0,0,0,0,0,0,0,0,0,0,0,0,0,0,0,0,0
0.06295537948608398,0,0.0,0.0,0.0,0.0,0.0,0.0,0.0,0.0,0.03,0,0,0,0,0,0,0,0,0,0,0,0,0,0,0,0,0,0,0,0,0
0.0641019344329834,0,0.0,0.0,0.0,0.0,0.0,0.0,0.0,0.0,0.03,0,0,0,0,0,0,0,0,0,0,0,0,0,0,0,0,0,0,0,0,0
0.06518435478210449,0,0.0,0.0,0.0,0.0,0.0,0.0,0.0,0.0,0.03,0,0,0,0,0,0,0,0,0,0,0,0,0,0,0,0,0,0,0,0,0
0.0662689208984375,0,0.0,0.0,0.0,0.0,0.0,0.0,0.0,0.0,0.03,0,0,0,0,0,0,0,0,0,0,0,0,0,0,0,0,0,0,0,0,0
0.06796669960021973,0,0.0,0.0,0.0,0.0,0.0,0.0,0.0,0.0,0.03,0,0,0,0,0,0,0,0,0,0,0,0,0,0,0,0,0,0,0,0,0
0.06955718994140625,0,0.0,0.0,0.0,0.0,0.0,0.0,0.0,0.0,0.03,0,0,0,0,0,0,0,0,0,0,0,0,0,0,0,0,0,0,0,0,0
0.07206940650939941,0,0.0,0.0,0.0,0.0,0.0,0.0,0.0,0.0,0.03,0,0,0,0,0,0,0,0,0,0,0,0,0,0,0,0,0,0,0,0,0
0.07330775260925293,0,0.0,0.0,0.0,0.0,0.0,0.0,0.0,0.0,0.03,0,0,0,0,0,0,0,0,0,0,0,0,0,0,0,0,0,0,0,0,0
0.07600617408752441,0,0.0,0.0,0.0,0.0,0.0,0.0,0.0,0.0,0.03,0,0,0,0,0,0,0,0,0,0,0,0,0,0,0,0,0,0,0,0,0
0.07744526863098145,0,0.0,0.0,0.0,0.0,0.0,0.0,0.0,0.0,0.03,0,0,0,0,0,0,0,0,0,0,0,0,0,0,0,0,0,0,0,0,0
0.07855963706970215,0,0.0,0.0,0.0,0.0,0.0,0.0,0.0,0.0,0.03,0,0,0,0,0,0,0,0,0,0,0,0,0,0,0,0,0,0,0,0,0
0.08063507080078125,0,0.0,0.0,0.0,0.0,0.0,0.0,0.0,0.0,0.03,0,0,0,0,0,0,0,0,0,0,0,0,0,0,0,0,0,0,0,0,0
0.08194422721862793,0,0.0,0.0,0.0,0.0,0.0,0.0,0.0,0.0,0.03,0,0,0,0,0,0,0,0,0,0,0,0,0,0,0,0,0,0,0,0,0
0.0830376148223877,0,0.0,0.0,0.0,0.0,0.0,0.0,0.0,0.0,0.03,0,0,0,0,0,0,0,0,0,0,0,0,0,0,0,0,0,0,0,0,0
0.0841217041015625,0,0.0,0.0,0.0,0.0,0.0,0.0,0.0,0.0,0.03,0,0,0,0,0,0,0,0,0,0,0,0,0,0,0,0,0,0,0,0,0
0.08776330947875977,0,0.0,0.0,0.0,0.0,0.0,0.0,0.0,0.0,0.03,0,0,0,0,0,0,0,0,0,0,0,0,0,0,0,0,0,0,0,0,0
0.08926677703857422,0,0.0,0.0,0.0,0.0,0.0,0.0,0.0,0.0,0.03,0,0,0,0,0,0,0,0,0,0,0,0,0,0,0,0,0,0,0,0,0
0.09075069427490234,0,0.0,0.0,0.0,0.0,0.0,0.0,0.0,0.0,0.03,0,0,0,0,0,0,0,0,0,0,0,0,0,0,0,0,0,0,0,0,0
0.0922698974609375,0,0.0,0.0,0.0,0.0,0.0,0.0,0.0,0.0,0.03,0,0,0,0,0,0,0,0,0,0,0,0,0,0,0,0,0,0,0,0,0
0.09451103210449219,0,0.0,0.0,0.0,0.0,0.0,0.0,0.0,0.0,0.03,0,0,0,0,0,0,0,0,0,0,0,0,0,0,0,0,0,0,0,0,0
0.09586954116821289,0,0.0,0.0,0.0,0.0,0.0,0.0,0.0,0.0,0.03,0,0,0,0,0,0,0,0,0,0,0,0,0,0,0,0,0,0,0,0,0
0.09720730781555176,0,0.0,0.0,0.0,0.0,0.0,0.0,0.0,0.0,0.03,0,0,0,0,0,0,0,0,0,0,0,0,0,0,0,0,0,0,0,0,0
0.09883832931518555,0,0.0,0.0,0.0,0.0,0.0,0.0,0.0,0.0,0.03,0,0,0,0,0,0,0,0,0,0,0,0,0,0,0,0,0,0,0,0,0
0.10041379928588867,0,0.0,0.0,0.0,0.0,0.0,0.0,0.0,0.0,0.03,0,0,0,0,0,0,0,0,0,0,0,0,0,0,0,0,0,0,0,0,0
0.10150551795959473,0,0.0,0.0,0.0,0.0,0.0,0.0,0.0,0.0,0.03,0,0,0,0,0,0,0,0,0,0,0,0,0,0,0,0,0,0,0,0,0
0.10317850112915039,0,0.0,0.0,0.0,0.0,0.0,0.0,0.0,0.0,0.03,0,0,0,0,0,0,0,0,0,0,0,0,0,0,0,0,0,0,0,0,0
0.10427999496459961,0,0.0,0.0,0.0,0.0,0.0,0.0,0.0,0.0,0.03,0,0,0,0,0,0,0,0,0,0,0,0,0,0,0,0,0,0,0,0,0
0.10571527481079102,0,0.0,0.0,0.0,0.0,0.0,0.0,0.0,0.0,0.03,0,0,0,0,0,0,0,0,0,0,0,0,0,0,0,0,0,0,0,0,0
0.10683012008666992,0,0.0,0.0,0.0,0.0,0.0,0.0,0.0,0.0,0.03,0,0,0,0,0,0,0,0,0,0,0,0,0,0,0,0,0,0,0,0,0
0.10803389549255371,0,0.0,0.0,0.0,0.0,0.0,0.0,0.0,0.0,0.03,0,0,0,0,0,0,0,0,0,0,0,0,0,0,0,0,0,0,0,0,0
0.10912942886352539,0,0.0,0.0,0.0,0.0,0.0,0.0,0.0,0.0,0.03,0,0,0,0,0,0,0,0,0,0,0,0,0,0,0,0,0,0,0,0,0
0.11026287078857422,0,0.0,0.0,0.0,0.0,0.0,0.0,0.0,0.0,0.03,0,0,0,0,0,0,0,0,0,0,0,0,0,0,0,0,0,0,0,0,0
0.11294293403625488,0,0.0,0.0,0.0,0.0,0.0,0.0,0.0,0.0,0.03,0,0,0,0,0,0,0,0,0,0,0,0,0,0,0,0,0,0,0,0,0
0.11460542678833008,0,0.0,0.0,0.0,0.0,0.0,0.0,0.0,0.0,0.03,0,0,0,0,0,0,0,0,0,0,0,0,0,0,0,0,0,0,0,0,0
0.1157526969909668,0,0.0,0.0,0.0,0.0,0.0,0.0,0.0,0.0,0.03,0,0,0,0,0,0,0,0,0,0,0,0,0,0,0,0,0,0,0,0,0
0.11706066131591797,0,0.0,0.0,0.0,0.0,0.0,0.0,0.0,0.0,0.03,0,0,0,0,0,0,0,0,0,0,0,0,0,0,0,0,0,0,0,0,0
0.11817479133605957,0,0.0,0.0,0.0,0.0,0.0,0.0,0.0,0.0,0.03,0,0,0,0,0,0,0,0,0,0,0,0,0,0,0,0,0,0,0,0,0
0.11983203887939453,0,0.0,0.0,0.0,0.0,0.0,0.0,0.0,0.0,0.03,0,0,0,0,0,0,0,0,0,0,0,0,0,0,0,0,0,0,0,0,0
0.12108874320983887,0,0.0,0.0,0.0,0.0,0.0,0.0,0.0,0.0,0.03,0,0,0,0,0,0,0,0,0,0,0,0,0,0,0,0,0,0,0,0,0
0.12219429016113281,0,0.0,0.0,0.0,0.0,0.0,0.0,0.0,0.0,0.03,0,0,0,0,0,0,0,0,0,0,0,0,0,0,0,0,0,0,0,0,0
0.12424731254577637,0,0.0,0.0,0.0,0.0,0.0,0.0,0.0,0.0,0.03,0,0,0,0,0,0,0,0,0,0,0,0,0,0,0,0,0,0,0,0,0
0.12540769577026367,0,0.0,0.0,0.0,0.0,0.0,0.0,0.0,0.0,0.03,0,0,0,0,0,0,0,0,0,0,0,0,0,0,0,0,0,0,0,0,0
0.12668681144714355,0,0.0,0.0,0.0,0.0,0.0,0.0,0.0,0.0,0.03,0,0,0,0,0,0,0,0,0,0,0,0,0,0,0,0,0,0,0,0,0
0.12785124778747559,0,0.0,0.0,0.0,0.0,0.0,0.0,0.0,0.0,0.03,0,0,0,0,0,0,0,0,0,0,0,0,0,0,0,0,0,0,0,0,0
0.12893986701965332,0,0.0,0.0,0.0,0.0,0.0,0.0,0.0,0.0,0.03,0,0,0,0,0,0,0,0,0,0,0,0,0,0,0,0,0,0,0,0,0
0.13030719757080078,0,0.0,0.0,0.0,0.0,0.0,0.0,0.0,0.0,0.03,0,0,0,0,0,0,0,0,0,0,0,0,0,0,0,0,0,0,0,0,0
0.1318809986114502,0,0.0,0.0,0.0,0.0,0.0,0.0,0.0,0.0,0.03,0,0,0,0,0,0,0,0,0,0,0,0,0,0,0,0,0,0,0,0,0
0.13415932655334473,0,0.0,0.0,0.0,0.0,0.0,0.0,0.0,0.0,0.03,0,0,0,0,0,0,0,0,0,0,0,0,0,0,0,0,0,0,0,0,0
0.13525772094726562,0,0.0,0.0,0.0,0.0,0.0,0.0,0.0,0.0,0.03,0,0,0,0,0,0,0,0,0,0,0,0,0,0,0,0,0,0,0,0,0
0.13639020919799805,0,0.0,0.0,0.0,0.0,0.0,0.0,0.0,0.0,0.03,0,0,0,0,0,0,0,0,0,0,0,0,0,0,0,0,0,0,0,0,0
0.13774704933166504,0,0.0,0.0,0.0,0.0,0.0,0.0,0.0,0.0,0.03,0,0,0,0,0,0,0,0,0,0,0,0,0,0,0,0,0,0,0,0,0
0.1391615867614746,0,0.0,0.0,0.0,0.0,0.0,0.0,0.0,0.0,0.03,0,0,0,0,0,0,0,0,0,0,0,0,0,0,0,0,0,0,0,0,0
0.14197301864624023,0,0.0,0.0,0.0,0.0,0.0,0.0,0.0,0.0,0.03,0,0,0,0,0,0,0,0,0,0,0,0,0,0,0,0,0,0,0,0,0
0.143418550491333,0,0.0,0.0,0.0,0.0,0.0,0.0,0.0,0.0,0.03,0,0,0,0,0,0,0,0,0,0,0,0,0,0,0,0,0,0,0,0,0
0.14514541625976562,0,0.0,0.0,0.0,0.0,0.0,0.0,0.0,0.0,0.03,0,0,0,0,0,0,0,0,0,0,0,0,0,0,0,0,0,0,0,0,0
0.14622926712036133,0,0.0,0.0,0.0,0.0,0.0,0.0,0.0,0.0,0.03,0,0,0,0,0,0,0,0,0,0,0,0,0,0,0,0,0,0,0,0,0
0.14971137046813965,0,0.0,0.0,0.0,0.0,0.0,0.0,0.0,0.0,0.03,0,0,0,0,0,0,0,0,0,0,0,0,0,0,0,0,0,0,0,0,0
0.1510632038116455,0,0.0,0.0,0.0,0.0,0.0,0.0,0.0,0.0,0.03,0,0,0,0,0,0,0,0,0,0,0,0,0,0,0,0,0,0,0,0,0
0.152923583984375,0,0.0,0.0,0.0,0.0,0.0,0.0,0.0,0.0,0.03,0,0,0,0,0,0,0,0,0,0,0,0,0,0,0,0,0,0,0,0,0
0.15464019775390625,0,0.0,0.0,0.0,0.0,0.0,0.0,0.0,0.0,0.03,0,0,0,0,0,0,0,0,0,0,0,0,0,0,0,0,0,0,0,0,0
0.1569838523864746,0,0.0,0.0,0.0,0.0,0.0,0.0,0.0,0.0,0.03,0,0,0,0,0,0,0,0,0,0,0,0,0,0,0,0,0,0,0,0,0
0.1583869457244873,0,0.0,0.0,0.0,0.0,0.0,0.0,0.0,0.0,0.03,0,0,0,0,0,0,0,0,0,0,0,0,0,0,0,0,0,0,0,0,0
0.15949559211730957,0,0.0,0.0,0.0,0.0,0.0,0.0,0.0,0.0,0.03,0,0,0,0,0,0,0,0,0,0,0,0,0,0,0,0,0,0,0,0,0
0.16102075576782227,0,0.0,0.0,0.0,0.0,0.0,0.0,0.0,0.0,0.03,0,0,0,0,0,0,0,0,0,0,0,0,0,0,0,0,0,0,0,0,0
0.1622471809387207,0,0.0,0.0,0.0,0.0,0.0,0.0,0.0,0.0,0.03,0,0,0,0,0,0,0,0,0,0,0,0,0,0,0,0,0,0,0,0,0
0.16427016258239746,0,0.0,0.0,0.0,0.0,0.0,0.0,0.0,0.0,0.03,0,0,0,0,0,0,0,0,0,0,0,0,0,0,0,0,0,0,0,0,0
0.16594743728637695,0,0.0,0.0,0.0,0.0,0.0,0.0,0.0,0.0,0.03,0,0,0,0,0,0,0,0,0,0,0,0,0,0,0,0,0,0,0,0,0
0.16723036766052246,0,0.0,0.0,0.0,0.0,0.0,0.0,0.0,0.0,0.03,0,0,0,0,0,0,0,0,0,0,0,0,0,0,0,0,0,0,0,0,0
0.16874384880065918,0,0.0,0.0,0.0,0.0,0.0,0.0,0.0,0.0,0.03,0,0,0,0,0,0,0,0,0,0,0,0,0,0,0,0,0,0,0,0,0
0.16995644569396973,0,0.0,0.0,0.0,0.0,0.0,0.0,0.0,0.0,0.03,0,0,0,0,0,0,0,0,0,0,0,0,0,0,0,0,0,0,0,0,0
0.17115259170532227,0,0.0,0.0,0.0,0.0,0.0,0.0,0.0,0.0,0.03,0,0,0,0,0,0,0,0,0,0,0,0,0,0,0,0,0,0,0,0,0
0.17228937149047852,0,0.0,0.0,0.0,0.0,0.0,0.0,0.0,0.0,0.03,0,0,0,0,0,0,0,0,0,0,0,0,0,0,0,0,0,0,0,0,0
0.17343473434448242,0,0.0,0.0,0.0,0.0,0.0,0.0,0.0,0.0,0.03,0,0,0,0,0,0,0,0,0,0,0,0,0,0,0,0,0,0,0,0,0
0.17463445663452148,0,0.0,0.0,0.0,0.0,0.0,0.0,0.0,0.0,0.03,0,0,0,0,0,0,0,0,0,0,0,0,0,0,0,0,0,0,0,0,0
0.17571020126342773,0,0.0,0.0,0.0,0.0,0.0,0.0,0.0,0.0,0.03,0,0,0,0,0,0,0,0,0,0,0,0,0,0,0,0,0,0,0,0,0
0.17679953575134277,0,0.0,0.0,0.0,0.0,0.0,0.0,0.0,0.0,0.03,0,0,0,0,0,0,0,0,0,0,0,0,0,0,0,0,0,0,0,0,0
0.17843079566955566,0,0.0,0.0,0.0,0.0,0.0,0.0,0.0,0.0,0.03,0,0,0,0,0,0,0,0,0,0,0,0,0,0,0,0,0,0,0,0,0
0.1795973777770996,0,0.0,0.0,0.0,0.0,0.0,0.0,0.0,0.0,0.03,0,0,0,0,0,0,0,0,0,0,0,0,0,0,0,0,0,0,0,0,0
0.18227410316467285,0,0.0,0.0,0.0,0.0,0.0,0.0,0.0,0.0,0.03,0,0,0,0,0,0,0,0,0,0,0,0,0,0,0,0,0,0,0,0,0
0.1834874153137207,0,0.0,0.0,0.0,0.0,0.0,0.0,0.0,0.0,0.03,0,0,0,0,0,0,0,0,0,0,0,0,0,0,0,0,0,0,0,0,0
0.18465733528137207,0,0.0,0.0,0.0,0.0,0.0,0.0,0.0,0.0,0.03,0,0,0,0,0,0,0,0,0,0,0,0,0,0,0,0,0,0,0,0,0
0.18575763702392578,0,0.0,0.0,0.0,0.0,0.0,0.0,0.0,0.0,0.03,0,0,0,0,0,0,0,0,0,0,0,0,0,0,0,0,0,0,0,0,0
0.18715786933898926,0,0.0,0.0,0.0,0.0,0.0,0.0,0.0,0.0,0.03,0,0,0,0,0,0,0,0,0,0,0,0,0,0,0,0,0,0,0,0,0
0.18892550468444824,0,0.0,0.0,0.0,0.0,0.0,0.0,0.0,0.0,0.03,0,0,0,0,0,0,0,0,0,0,0,0,0,0,0,0,0,0,0,0,0
0.19023346900939941,0,0.0,0.0,0.0,0.0,0.0,0.0,0.0,0.0,0.03,0,0,0,0,0,0,0,0,0,0,0,0,0,0,0,0,0,0,0,0,0
0.19142723083496094,0,0.0,0.0,0.0,0.0,0.0,0.0,0.0,0.0,0.03,0,0,0,0,0,0,0,0,0,0,0,0,0,0,0,0,0,0,0,0,0
0.1925363540649414,0,0.0,0.0,0.0,0.0,0.0,0.0,0.0,0.0,0.03,0,0,0,0,0,0,0,0,0,0,0,0,0,0,0,0,0,0,0,0,0
0.1943798065185547,0,0.0,0.0,0.0,0.0,0.0,0.0,0.0,0.0,0.03,0,0,0,0,0,0,0,0,0,0,0,0,0,0,0,0,0,0,0,0,0
0.19591355323791504,0,0.0,0.0,0.0,0.0,0.0,0.0,0.0,0.0,0.03,0,0,0,0,0,0,0,0,0,0,0,0,0,0,0,0,0,0,0,0,0
0.19713640213012695,0,0.0,0.0,0.0,0.0,0.0,0.0,0.0,0.0,0.03,0,0,0,0,0,0,0,0,0,0,0,0,0,0,0,0,0,0,0,0,0
0.19849085807800293,0,0.0,0.0,0.0,0.0,0.0,0.0,0.0,0.0,0.03,0,0,0,0,0,0,0,0,0,0,0,0,0,0,0,0,0,0,0,0,0
0.1995532512664795,0,0.0,0.0,0.0,0.0,0.0,0.0,0.0,0.0,0.03,0,0,0,0,0,0,0,0,0,0,0,0,0,0,0,0,0,0,0,0,0
0.20176362991333008,0,0.0,0.0,0.0,0.0,0.0,0.0,0.0,0.0,0.03,0,0,0,0,0,0,0,0,0,0,0,0,0,0,0,0,0,0,0,0,0
0.20449018478393555,0,0.0,0.0,0.0,0.0,0.0,0.0,0.0,0.0,0.03,0,0,0,0,0,0,0,0,0,0,0,0,0,0,0,0,0,0,0,0,0
0.20583009719848633,0,0.0,0.0,0.0,0.0,0.0,0.0,0.0,0.0,0.03,0,0,0,0,0,0,0,0,0,0,0,0,0,0,0,0,0,0,0,0,0
0.20702672004699707,0,0.0,0.0,0.0,0.0,0.0,0.0,0.0,0.0,0.03,0,0,0,0,0,0,0,0,0,0,0,0,0,0,0,0,0,0,0,0,0
0.20894360542297363,0,0.0,0.0,0.0,0.0,0.0,0.0,0.0,0.0,0.03,0,0,0,0,0,0,0,0,0,0,0,0,0,0,0,0,0,0,0,0,0
0.2102794647216797,0,0.0,0.0,0.0,0.0,0.0,0.0,0.0,0.0,0.03,0,0,0,0,0,0,0,0,0,0,0,0,0,0,0,0,0,0,0,0,0
0.2767195701599121,0,0.0,0.0,0.0,0.0,0.0,0.0,0.0,0.0,0.03,0,0,0,0,0,0,0,0,0,0,0,0,0,0,0,0,0,0,0,0,0
0.27961206436157227,0,0.0,0.0,0.0,0.0,0.0,0.0,0.0,0.0,0.03,0,0,0,0,0,0,0,0,0,0,0,0,0,0,0,0,0,0,0,0,0
0.2824845314025879,0,0.0,0.0,0.0,0.0,0.0,0.0,0.0,0.0,0.03,0,0,0,0,0,0,0,0,0,0,0,0,0,0,0,0,0,0,0,0,0
0.28402233123779297,0,0.0,0.0,0.0,0.0,0.0,0.0,0.0,0.0,0.03,0,0,0,0,0,0,0,0,0,0,0,0,0,0,0,0,0,0,0,0,0
0.2852132320404053,0,0.0,0.0,0.0,0.0,0.0,0.0,0.0,0.0,0.03,0,0,0,0,0,0,0,0,0,0,0,0,0,0,0,0,0,0,0,0,0
0.2879619598388672,0,0.0,0.0,0.0,0.0,0.0,0.0,0.0,0.0,0.03,0,0,0,0,0,0,0,0,0,0,0,0,0,0,0,0,0,0,0,0,0
0.2894020080566406,0,0.0,0.0,0.0,0.0,0.0,0.0,0.0,0.0,0.03,0,0,0,0,0,0,0,0,0,0,0,0,0,0,0,0,0,0,0,0,0
0.2913789749145508,0,0.0,0.0,0.0,0.0,0.0,0.0,0.0,0.0,0.03,0,0,0,0,0,0,0,0,0,0,0,0,0,0,0,0,0,0,0,0,0
0.2931694984436035,0,0.0,0.0,0.0,0.0,0.0,0.0,0.0,0.0,0.03,0,0,0,0,0,0,0,0,0,0,0,0,0,0,0,0,0,0,0,0,0
0.2943601608276367,0,0.0,0.0,0.0,0.0,0.0,0.0,0.0,0.0,0.03,0,0,0,0,0,0,0,0,0,0,0,0,0,0,0,0,0,0,0,0,0
0.2955820560455322,0,0.0,0.0,0.0,0.0,0.0,0.0,0.0,0.0,0.03,0,0,0,0,0,0,0,0,0,0,0,0,0,0,0,0,0,0,0,0,0
0.29710936546325684,0,0.0,0.0,0.0,0.0,0.0,0.0,0.0,0.0,0.03,0,0,0,0,0,0,0,0,0,0,0,0,0,0,0,0,0,0,0,0,0
0.2985260486602783,0,0.0,0.0,0.0,0.0,0.0,0.0,0.0,0.0,0.03,0,0,0,0,0,0,0,0,0,0,0,0,0,0,0,0,0,0,0,0,0
0.30051183700561523,0,0.0,0.0,0.0,0.0,0.0,0.0,0.0,0.0,0.03,0,0,0,0,0,0,0,0,0,0,0,0,0,0,0,0,0,0,0,0,0
0.30186963081359863,0,0.0,0.0,0.0,0.0,0.0,0.0,0.0,0.0,0.03,0,0,0,0,0,0,0,0,0,0,0,0,0,0,0,0,0,0,0,0,0
0.3029816150665283,0,0.0,0.0,0.0,0.0,0.0,0.0,0.0,0.0,0.03,0,0,0,0,0,0,0,0,0,0,0,0,0,0,0,0,0,0,0,0,0
0.30422520637512207,0,0.0,0.0,0.0,0.0,0.0,0.0,0.0,0.0,0.03,0,0,0,0,0,0,0,0,0,0,0,0,0,0,0,0,0,0,0,0,0
0.3058583736419678,0,0.0,0.0,0.0,0.0,0.0,0.0,0.0,0.0,0.03,0,0,0,0,0,0,0,0,0,0,0,0,0,0,0,0,0,0,0,0,0
0.30727624893188477,0,0.0,0.0,0.0,0.0,0.0,0.0,0.0,0.0,0.03,0,0,0,0,0,0,0,0,0,0,0,0,0,0,0,0,0,0,0,0,0
0.3084983825683594,0,0.0,0.0,0.0,0.0,0.0,0.0,0.0,0.0,0.03,0,0,0,0,0,0,0,0,0,0,0,0,0,0,0,0,0,0,0,0,0
0.3096640110015869,0,0.0,0.0,0.0,0.0,0.0,0.0,0.0,0.0,0.03,0,0,0,0,0,0,0,0,0,0,0,0,0,0,0,0,0,0,0,0,0
0.3107564449310303,0,0.0,0.0,0.0,0.0,0.0,0.0,0.0,0.0,0.03,0,0,0,0,0,0,0,0,0,0,0,0,0,0,0,0,0,0,0,0,0
0.31237101554870605,0,0.0,0.0,0.0,0.0,0.0,0.0,0.0,0.0,0.03,0,0,0,0,0,0,0,0,0,0,0,0,0,0,0,0,0,0,0,0,0
0.31377100944519043,0,0.0,0.0,0.0,0.0,0.0,0.0,0.0,0.0,0.03,0,0,0,0,0,0,0,0,0,0,0,0,0,0,0,0,0,0,0,0,0
0.31565380096435547,0,0.0,0.0,0.0,0.0,0.0,0.0,0.0,0.0,0.03,0,0,0,0,0,0,0,0,0,0,0,0,0,0,0,0,0,0,0,0,0
0.31676292419433594,0,0.0,0.0,0.0,0.0,0.0,0.0,0.0,0.0,0.03,0,0,0,0,0,0,0,0,0,0,0,0,0,0,0,0,0,0,0,0,0
0.3178708553314209,0,0.0,0.0,0.0,0.0,0.0,0.0,0.0,0.0,0.03,0,0,0,0,0,0,0,0,0,0,0,0,0,0,0,0,0,0,0,0,0
0.3190455436706543,0,0.0,0.0,0.0,0.0,0.0,0.0,0.0,0.0,0.03,0,0,0,0,0,0,0,0,0,0,0,0,0,0,0,0,0,0,0,0,0
0.32026243209838867,0,0.0,0.0,0.0,0.0,0.0,0.0,0.0,0.0,0.03,0,0,0,0,0,0,0,0,0,0,0,0,0,0,0,0,0,0,0,0,0
0.32155919075012207,0,0.0,0.0,0.0,0.0,0.0,0.0,0.0,0.0,0.03,0,0,0,0,0,0,0,0,0,0,0,0,0,0,0,0,0,0,0,0,0
0.3228569030761719,0,0.0,0.0,0.0,0.0,0.0,0.0,0.0,0.0,0.03,0,0,0,0,0,0,0,0,0,0,0,0,0,0,0,0,0,0,0,0,0
0.323930025100708,0,0.0,0.0,0.0,0.0,0.0,0.0,0.0,0.0,0.03,0,0,0,0,0,0,0,0,0,0,0,0,0,0,0,0,0,0,0,0,0
0.325958251953125,0,0.0,0.0,0.0,0.0,0.0,0.0,0.0,0.0,0.03,0,0,0,0,0,0,0,0,0,0,0,0,0,0,0,0,0,0,0,0,0
0.327131986618042,0,0.0,0.0,0.0,0.0,0.0,0.0,0.0,0.0,0.03,0,0,0,0,0,0,0,0,0,0,0,0,0,0,0,0,0,0,0,0,0
0.32828426361083984,0,0.0,0.0,0.0,0.0,0.0,0.0,0.0,0.0,0.03,0,0,0,0,0,0,0,0,0,0,0,0,0,0,0,0,0,0,0,0,0
0.329395055770874,0,0.0,0.0,0.0,0.0,0.0,0.0,0.0,0.0,0.03,0,0,0,0,0,0,0,0,0,0,0,0,0,0,0,0,0,0,0,0,0
0.33048033714294434,0,0.0,0.0,0.0,0.0,0.0,0.0,0.0,0.0,0.03,0,0,0,0,0,0,0,0,0,0,0,0,0,0,0,0,0,0,0,0,0
0.3316497802734375,0,0.0,0.0,0.0,0.0,0.0,0.0,0.0,0.0,0.03,0,0,0,0,0,0,0,0,0,0,0,0,0,0,0,0,0,0,0,0,0
0.3332810401916504,0,0.0,0.0,0.0,0.0,0.0,0.0,0.0,0.0,0.03,0,0,0,0,0,0,0,0,0,0,0,0,0,0,0,0,0,0,0,0,0
0.3348836898803711,0,0.0,0.0,0.0,0.0,0.0,0.0,0.0,0.0,0.03,0,0,0,0,0,0,0,0,0,0,0,0,0,0,0,0,0,0,0,0,0
0.33621859550476074,0,0.0,0.0,0.0,0.0,0.0,0.0,0.0,0.0,0.03,0,0,0,0,0,0,0,0,0,0,0,0,0,0,0,0,0,0,0,0,0
0.3374135494232178,0,0.0,0.0,0.0,0.0,0.0,0.0,0.0,0.0,0.03,0,0,0,0,0,0,0,0,0,0,0,0,0,0,0,0,0,0,0,0,0
0.3391993045806885,0,0.0,0.0,0.0,0.0,0.0,0.0,0.0,0.0,0.03,0,0,0,0,0,0,0,0,0,0,0,0,0,0,0,0,0,0,0,0,0
0.3406355381011963,0,0.0,0.0,0.0,0.0,0.0,0.0,0.0,0.0,0.03,0,0,0,0,0,0,0,0,0,0,0,0,0,0,0,0,0,0,0,0,0
0.3417823314666748,0,0.0,0.0,0.0,0.0,0.0,0.0,0.0,0.0,0.03,0,0,0,0,0,0,0,0,0,0,0,0,0,0,0,0,0,0,0,0,0
0.3429224491119385,0,0.0,0.0,0.0,0.0,0.0,0.0,0.0,0.0,0.03,0,0,0,0,0,0,0,0,0,0,0,0,0,0,0,0,0,0,0,0,0
0.3440866470336914,0,0.0,0.0,0.0,0.0,0.0,0.0,0.0,0.0,0.03,0,0,0,0,0,0,0,0,0,0,0,0,0,0,0,0,0,0,0,0,0
0.3452033996582031,0,0.0,0.0,0.0,0.0,0.0,0.0,0.0,0.0,0.03,0,0,0,0,0,0,0,0,0,0,0,0,0,0,0,0,0,0,0,0,0
0.34888744354248047,0,0.0,0.0,0.0,0.0,0.0,0.0,0.0,0.0,0.03,0,0,0,0,0,0,0,0,0,0,0,0,0,0,0,0,0,0,0,0,0
0.35007524490356445,0,0.0,0.0,0.0,0.0,0.0,0.0,0.0,0.0,0.03,0,0,0,0,0,0,0,0,0,0,0,0,0,0,0,0,0,0,0,0,0
0.35154271125793457,0,0.0,0.0,0.0,0.0,0.0,0.0,0.0,0.0,0.03,0,0,0,0,0,0,0,0,0,0,0,0,0,0,0,0,0,0,0,0,0
0.3538987636566162,0,0.0,0.0,0.0,0.0,0.0,0.0,0.0,0.0,0.03,0,0,0,0,0,0,0,0,0,0,0,0,0,0,0,0,0,0,0,0,0
0.35530900955200195,0,0.0,0.0,0.0,0.0,0.0,0.0,0.0,0.0,0.03,0,0,0,0,0,0,0,0,0,0,0,0,0,0,0,0,0,0,0,0,0
0.35654139518737793,0,0.0,0.0,0.0,0.0,0.0,0.0,0.0,0.0,0.03,0,0,0,0,0,0,0,0,0,0,0,0,0,0,0,0,0,0,0,0,0
0.357954740524292,0,0.0,0.0,0.0,0.0,0.0,0.0,0.0,0.0,0.03,0,0,0,0,0,0,0,0,0,0,0,0,0,0,0,0,0,0,0,0,0
0.3594186305999756,0,0.0,0.0,0.0,0.0,0.0,0.0,0.0,0.0,0.03,0,0,0,0,0,0,0,0,0,0,0,0,0,0,0,0,0,0,0,0,0
0.3607594966888428,0,0.0,0.0,0.0,0.0,0.0,0.0,0.0,0.0,0.03,0,0,0,0,0,0,0,0,0,0,0,0,0,0,0,0,0,0,0,0,0
0.3623793125152588,0,0.0,0.0,0.0,0.0,0.0,0.0,0.0,0.0,0.03,0,0,0,0,0,0,0,0,0,0,0,0,0,0,0,0,0,0,0,0,0
0.36362147331237793,0,0.0,0.0,0.0,0.0,0.0,0.0,0.0,0.0,0.03,0,0,0,0,0,0,0,0,0,0,0,0,0,0,0,0,0,0,0,0,0
0.3659350872039795,0,0.0,0.0,0.0,0.0,0.0,0.0,0.0,0.0,0.03,0,0,0,0,0,0,0,0,0,0,0,0,0,0,0,0,0,0,0,0,0
0.3670368194580078,0,0.0,0.0,0.0,0.0,0.0,0.0,0.0,0.0,0.03,0,0,0,0,0,0,0,0,0,0,0,0,0,0,0,0,0,0,0,0,0
0.3682408332824707,0,0.0,0.0,0.0,0.0,0.0,0.0,0.0,0.0,0.03,0,0,0,0,0,0,0,0,0,0,0,0,0,0,0,0,0,0,0,0,0
0.3693852424621582,0,0.0,0.0,0.0,0.0,0.0,0.0,0.0,0.0,0.03,0,0,0,0,0,0,0,0,0,0,0,0,0,0,0,0,0,0,0,0,0
0.3704986572265625,0,0.0,0.0,0.0,0.0,0.0,0.0,0.0,0.0,0.03,0,0,0,0,0,0,0,0,0,0,0,0,0,0,0,0,0,0,0,0,0
0.3715825080871582,0,0.0,0.0,0.0,0.0,0.0,0.0,0.0,0.0,0.03,0,0,0,0,0,0,0,0,0,0,0,0,0,0,0,0,0,0,0,0,0
0.3730306625366211,0,0.0,0.0,0.0,0.0,0.0,0.0,0.0,0.0,0.03,0,0,0,0,0,0,0,0,0,0,0,0,0,0,0,0,0,0,0,0,0
0.3746342658996582,0,0.0,0.0,0.0,0.0,0.0,0.0,0.0,0.0,0.03,0,0,0,0,0,0,0,0,0,0,0,0,0,0,0,0,0,0,0,0,0
0.37620043754577637,0,0.0,0.0,0.0,0.0,0.0,0.0,0.0,0.0,0.03,0,0,0,0,0,0,0,0,0,0,0,0,0,0,0,0,0,0,0,0,0
0.3777124881744385,0,0.0,0.0,0.0,0.0,0.0,0.0,0.0,0.0,0.03,0,0,0,0,0,0,0,0,0,0,0,0,0,0,0,0,0,0,0,0,0
0.37920665740966797,0,0.0,0.0,0.0,0.0,0.0,0.0,0.0,0.0,0.03,0,0,0,0,0,0,0,0,0,0,0,0,0,0,0,0,0,0,0,0,0
0.38039541244506836,0,0.0,0.0,0.0,0.0,0.0,0.0,0.0,0.0,0.03,0,0,0,0,0,0,0,0,0,0,0,0,0,0,0,0,0,0,0,0,0
0.38216090202331543,0,0.0,0.0,0.0,0.0,0.0,0.0,0.0,0.0,0.03,0,0,0,0,0,0,0,0,0,0,0,0,0,0,0,0,0,0,0,0,0
0.3833315372467041,0,0.0,0.0,0.0,0.0,0.0,0.0,0.0,0.0,0.03,0,0,0,0,0,0,0,0,0,0,0,0,0,0,0,0,0,0,0,0,0
0.3845853805541992,0,0.0,0.0,0.0,0.0,0.0,0.0,0.0,0.0,0.03,0,0,0,0,0,0,0,0,0,0,0,0,0,0,0,0,0,0,0,0,0
0.38567495346069336,0,0.0,0.0,0.0,0.0,0.0,0.0,0.0,0.0,0.03,0,0,0,0,0,0,0,0,0,0,0,0,0,0,0,0,0,0,0,0,0
0.3868906497955322,0,0.0,0.0,0.0,0.0,0.0,0.0,0.0,0.0,0.03,0,0,0,0,0,0,0,0,0,0,0,0,0,0,0,0,0,0,0,0,0
0.3883061408996582,0,0.0,0.0,0.0,0.0,0.0,0.0,0.0,0.0,0.03,0,0,0,0,0,0,0,0,0,0,0,0,0,0,0,0,0,0,0,0,0
0.38941025733947754,0,0.0,0.0,0.0,0.0,0.0,0.0,0.0,0.0,0.03,0,0,0,0,0,0,0,0,0,0,0,0,0,0,0,0,0,0,0,0,0
0.39052486419677734,0,0.0,0.0,0.0,0.0,0.0,0.0,0.0,0.0,0.03,0,0,0,0,0,0,0,0,0,0,0,0,0,0,0,0,0,0,0,0,0
0.3920168876647949,0,0.0,0.0,0.0,0.0,0.0,0.0,0.0,0.0,0.03,0,0,0,0,0,0,0,0,0,0,0,0,0,0,0,0,0,0,0,0,0
0.39354443550109863,0,0.0,0.0,0.0,0.0,0.0,0.0,0.0,0.0,0.03,0,0,0,0,0,0,0,0,0,0,0,0,0,0,0,0,0,0,0,0,0
0.39542651176452637,0,0.0,0.0,0.0,0.0,0.0,0.0,0.0,0.0,0.03,0,0,0,0,0,0,0,0,0,0,0,0,0,0,0,0,0,0,0,0,0
0.39774608612060547,0,0.0,0.0,0.0,0.0,0.0,0.0,0.0,0.0,0.03,0,0,0,0,0,0,0,0,0,0,0,0,0,0,0,0,0,0,0,0,0
0.398897647857666,0,0.0,0.0,0.0,0.0,0.0,0.0,0.0,0.0,0.03,0,0,0,0,0,0,0,0,0,0,0,0,0,0,0,0,0,0,0,0,0
0.4001178741455078,0,0.0,0.0,0.0,0.0,0.0,0.0,0.0,0.0,0.03,0,0,0,0,0,0,0,0,0,0,0,0,0,0,0,0,0,0,0,0,0
0.4023623466491699,0,0.0,0.0,0.0,0.0,0.0,0.0,0.0,0.0,0.03,0,0,0,0,0,0,0,0,0,0,0,0,0,0,0,0,0,0,0,0,0
0.40361523628234863,0,0.0,0.0,0.0,0.0,0.0,0.0,0.0,0.0,0.03,0,0,0,0,0,0,0,0,0,0,0,0,0,0,0,0,0,0,0,0,0
0.40599513053894043,0,0.0,0.0,0.0,0.0,0.0,0.0,0.0,0.0,0.03,0,0,0,0,0,0,0,0,0,0,0,0,0,0,0,0,0,0,0,0,0
0.40726351737976074,0,0.0,0.0,0.0,0.0,0.0,0.0,0.0,0.0,0.03,0,0,0,0,0,0,0,0,0,0,0,0,0,0,0,0,0,0,0,0,0
0.41088271141052246,0,0.0,0.0,0.0,0.0,0.0,0.0,0.0,0.0,0.03,0,0,0,0,0,0,0,0,0,0,0,0,0,0,0,0,0,0,0,0,0
0.4123725891113281,0,0.0,0.0,0.0,0.0,0.0,0.0,0.0,0.0,0.03,0,0,0,0,0,0,0,0,0,0,0,0,0,0,0,0,0,0,0,0,0
0.41429996490478516,0,0.0,0.0,0.0,0.0,0.0,0.0,0.0,0.0,0.03,0,0,0,0,0,0,0,0,0,0,0,0,0,0,0,0,0,0,0,0,0
0.415860652923584,0,0.0,0.0,0.0,0.0,0.0,0.0,0.0,0.0,0.03,0,0,0,0,0,0,0,0,0,0,0,0,0,0,0,0,0,0,0,0,0
0.41834020614624023,0,0.0,0.0,0.0,0.0,0.0,0.0,0.0,0.0,0.03,0,0,0,0,0,0,0,0,0,0,0,0,0,0,0,0,0,0,0,0,0
0.41947054862976074,0,0.0,0.0,0.0,0.0,0.0,0.0,0.0,0.0,0.03,0,0,0,0,0,0,0,0,0,0,0,0,0,0,0,0,0,0,0,0,0
0.4208333492279053,0,0.0,0.0,0.0,0.0,0.0,0.0,0.0,0.0,0.03,0,0,0,0,0,0,0,0,0,0,0,0,0,0,0,0,0,0,0,0,0
0.42218518257141113,0,0.0,0.0,0.0,0.0,0.0,0.0,0.0,0.0,0.03,0,0,0,0,0,0,0,0,0,0,0,0,0,0,0,0,0,0,0,0,0
0.4245569705963135,0,0.0,0.0,0.0,0.0,0.0,0.0,0.0,0.0,0.03,0,0,0,0,0,0,0,0,0,0,0,0,0,0,0,0,0,0,0,0,0
0.4257626533508301,0,0.0,0.0,0.0,0.0,0.0,0.0,0.0,0.0,0.03,0,0,0,0,0,0,0,0,0,0,0,0,0,0,0,0,0,0,0,0,0
0.42685770988464355,0,0.0,0.0,0.0,0.0,0.0,0.0,0.0,0.0,0.03,0,0,0,0,0,0,0,0,0,0,0,0,0,0,0,0,0,0,0,0,0
0.42798328399658203,0,0.0,0.0,0.0,0.0,0.0,0.0,0.0,0.0,0.03,0,0,0,0,0,0,0,0,0,0,0,0,0,0,0,0,0,0,0,0,0
0.42930102348327637,0,0.0,0.0,0.0,0.0,0.0,0.0,0.0,0.0,0.03,0,0,0,0,0,0,0,0,0,0,0,0,0,0,0,0,0,0,0,0,0
0.43068528175354004,0,0.0,0.0,0.0,0.0,0.0,0.0,0.0,0.0,0.03,0,0,0,0,0,0,0,0,0,0,0,0,0,0,0,0,0,0,0,0,0
0.43207287788391113,0,0.0,0.0,0.0,0.0,0.0,0.0,0.0,0.0,0.03,0,0,0,0,0,0,0,0,0,0,0,0,0,0,0,0,0,0,0,0,0
0.43323183059692383,0,0.0,0.0,0.0,0.0,0.0,0.0,0.0,0.0,0.03,0,0,0,0,0,0,0,0,0,0,0,0,0,0,0,0,0,0,0,0,0
0.43438100814819336,0,0.0,0.0,0.0,0.0,0.0,0.0,0.0,0.0,0.03,0,0,0,0,0,0,0,0,0,0,0,0,0,0,0,0,0,0,0,0,0
0.43546557426452637,0,0.0,0.0,0.0,0.0,0.0,0.0,0.0,0.0,0.03,0,0,0,0,0,0,0,0,0,0,0,0,0,0,0,0,0,0,0,0,0
0.4375016689300537,0,0.0,0.0,0.0,0.0,0.0,0.0,0.0,0.0,0.03,0,0,0,0,0,0,0,0,0,0,0,0,0,0,0,0,0,0,0,0,0
0.43998193740844727,0,0.0,0.0,0.0,0.0,0.0,0.0,0.0,0.0,0.03,0,0,0,0,0,0,0,0,0,0,0,0,0,0,0,0,0,0,0,0,0
0.4411289691925049,0,0.0,0.0,0.0,0.0,0.0,0.0,0.0,0.0,0.03,0,0,0,0,0,0,0,0,0,0,0,0,0,0,0,0,0,0,0,0,0
0.4424126148223877,0,0.0,0.0,0.0,0.0,0.0,0.0,0.0,0.0,0.03,0,0,0,0,0,0,0,0,0,0,0,0,0,0,0,0,0,0,0,0,0
0.44374513626098633,0,0.0,0.0,0.0,0.0,0.0,0.0,0.0,0.0,0.03,0,0,0,0,0,0,0,0,0,0,0,0,0,0,0,0,0,0,0,0,0
0.44549560546875,0,0.0,0.0,0.0,0.0,0.0,0.0,0.0,0.0,0.03,0,0,0,0,0,0,0,0,0,0,0,0,0,0,0,0,0,0,0,0,0
0.4467952251434326,0,0.0,0.0,0.0,0.0,0.0,0.0,0.0,0.0,0.03,0,0,0,0,0,0,0,0,0,0,0,0,0,0,0,0,0,0,0,0,0
0.44789576530456543,0,0.0,0.0,0.0,0.0,0.0,0.0,0.0,0.0,0.03,0,0,0,0,0,0,0,0,0,0,0,0,0,0,0,0,0,0,0,0,0
0.44954967498779297,0,0.0,0.0,0.0,0.0,0.0,0.0,0.0,0.0,0.03,0,0,0,0,0,0,0,0,0,0,0,0,0,0,0,0,0,0,0,0,0
0.4506504535675049,0,0.0,0.0,0.0,0.0,0.0,0.0,0.0,0.0,0.03,0,0,0,0,0,0,0,0,0,0,0,0,0,0,0,0,0,0,0,0,0
0.45183610916137695,0,0.0,0.0,0.0,0.0,0.0,0.0,0.0,0.0,0.03,0,0,0,0,0,0,0,0,0,0,0,0,0,0,0,0,0,0,0,0,0
0.4529736042022705,0,0.0,0.0,0.0,0.0,0.0,0.0,0.0,0.0,0.03,0,0,0,0,0,0,0,0,0,0,0,0,0,0,0,0,0,0,0,0,0
0.454054594039917,0,0.0,0.0,0.0,0.0,0.0,0.0,0.0,0.0,0.03,0,0,0,0,0,0,0,0,0,0,0,0,0,0,0,0,0,0,0,0,0
0.45553159713745117,0,0.0,0.0,0.0,0.0,0.0,0.0,0.0,0.0,0.03,0,0,0,0,0,0,0,0,0,0,0,0,0,0,0,0,0,0,0,0,0
0.45664453506469727,0,0.0,0.0,0.0,0.0,0.0,0.0,0.0,0.0,0.03,0,0,0,0,0,0,0,0,0,0,0,0,0,0,0,0,0,0,0,0,0
0.4583585262298584,0,0.0,0.0,0.0,0.0,0.0,0.0,0.0,0.0,0.03,0,0,0,0,0,0,0,0,0,0,0,0,0,0,0,0,0,0,0,0,0
0.4609975814819336,0,0.0,0.0,0.0,0.0,0.0,0.0,0.0,0.0,0.03,0,0,0,0,0,0,0,0,0,0,0,0,0,0,0,0,0,0,0,0,0
0.462155818939209,0,0.0,0.0,0.0,0.0,0.0,0.0,0.0,0.0,0.03,0,0,0,0,0,0,0,0,0,0,0,0,0,0,0,0,0,0,0,0,0
0.46405029296875,0,0.0,0.0,0.0,0.0,0.0,0.0,0.0,0.0,0.03,0,0,0,0,0,0,0,0,0,0,0,0,0,0,0,0,0,0,0,0,0
0.4660191535949707,0,0.0,0.0,0.0,0.0,0.0,0.0,0.0,0.0,0.03,0,0,0,0,0,0,0,0,0,0,0,0,0,0,0,0,0,0,0,0,0
0.4671168327331543,0,0.0,0.0,0.0,0.0,0.0,0.0,0.0,0.0,0.03,0,0,0,0,0,0,0,0,0,0,0,0,0,0,0,0,0,0,0,0,0
0.46903109550476074,0,0.0,0.0,0.0,0.0,0.0,0.0,0.0,0.0,0.03,0,0,0,0,0,0,0,0,0,0,0,0,0,0,0,0,0,0,0,0,0
0.47034454345703125,0,0.0,0.0,0.0,0.0,0.0,0.0,0.0,0.0,0.03,0,0,0,0,0,0,0,0,0,0,0,0,0,0,0,0,0,0,0,0,0
0.47340989112854004,0,0.0,0.0,0.0,0.0,0.0,0.0,0.0,0.0,0.03,0,0,0,0,0,0,0,0,0,0,0,0,0,0,0,0,0,0,0,0,0
0.4748992919921875,0,0.0,0.0,0.0,0.0,0.0,0.0,0.0,0.0,0.03,0,0,0,0,0,0,0,0,0,0,0,0,0,0,0,0,0,0,0,0,0
0.4762306213378906,0,0.0,0.0,0.0,0.0,0.0,0.0,0.0,0.0,0.03,0,0,0,0,0,0,0,0,0,0,0,0,0,0,0,0,0,0,0,0,0
0.47966551780700684,0,0.0,0.0,0.0,0.0,0.0,0.0,0.0,0.0,0.03,0,0,0,0,0,0,0,0,0,0,0,0,0,0,0,0,0,0,0,0,0
0.4807777404785156,0,0.0,0.0,0.0,0.0,0.0,0.0,0.0,0.0,0.03,0,0,0,0,0,0,0,0,0,0,0,0,0,0,0,0,0,0,0,0,0
0.4822111129760742,0,0.0,0.0,0.0,0.0,0.0,0.0,0.0,0.0,0.03,0,0,0,0,0,0,0,0,0,0,0,0,0,0,0,0,0,0,0,0,0
0.484713077545166,0,0.0,0.0,0.0,0.0,0.0,0.0,0.0,0.0,0.03,0,0,0,0,0,0,0,0,0,0,0,0,0,0,0,0,0,0,0,0,0
0.48621273040771484,0,0.0,0.0,0.0,0.0,0.0,0.0,0.0,0.0,0.03,0,0,0,0,0,0,0,0,0,0,0,0,0,0,0,0,0,0,0,0,0
0.4875185489654541,0,0.0,0.0,0.0,0.0,0.0,0.0,0.0,0.0,0.03,0,0,0,0,0,0,0,0,0,0,0,0,0,0,0,0,0,0,0,0,0
0.48900890350341797,0,0.0,0.0,0.0,0.0,0.0,0.0,0.0,0.0,0.03,0,0,0,0,0,0,0,0,0,0,0,0,0,0,0,0,0,0,0,0,0
0.49034929275512695,0,0.0,0.0,0.0,0.0,0.0,0.0,0.0,0.0,0.03,0,0,0,0,0,0,0,0,0,0,0,0,0,0,0,0,0,0,0,0,0
0.4916057586669922,0,0.0,0.0,0.0,0.0,0.0,0.0,0.0,0.0,0.03,0,0,0,0,0,0,0,0,0,0,0,0,0,0,0,0,0,0,0,0,0
0.49271702766418457,0,0.0,0.0,0.0,0.0,0.0,0.0,0.0,0.0,0.03,0,0,0,0,0,0,0,0,0,0,0,0,0,0,0,0,0,0,0,0,0
0.49390196800231934,0,0.0,0.0,0.0,0.0,0.0,0.0,0.0,0.0,0.03,0,0,0,0,0,0,0,0,0,0,0,0,0,0,0,0,0,0,0,0,0
0.49506044387817383,0,0.0,0.0,0.0,0.0,0.0,0.0,0.0,0.0,0.03,0,0,0,0,0,0,0,0,0,0,0,0,0,0,0,0,0,0,0,0,0
0.49614572525024414,0,0.0,0.0,0.0,0.0,0.0,0.0,0.0,0.0,0.03,0,0,0,0,0,0,0,0,0,0,0,0,0,0,0,0,0,0,0,0,0
0.49784207344055176,0,0.0,0.0,0.0,0.0,0.0,0.0,0.0,0.0,0.03,0,0,0,0,0,0,0,0,0,0,0,0,0,0,0,0,0,0,0,0,0
0.5003900527954102,0,0.0,0.0,0.0,0.0,0.0,0.0,0.0,0.0,0.03,0,0,0,0,0,0,0,0,0,0,0,0,0,0,0,0,0,0,0,0,0
0.5021777153015137,0,0.0,0.0,0.0,0.0,0.0,0.0,0.0,0.0,0.03,0,0,0,0,0,0,0,0,0,0,0,0,0,0,0,0,0,0,0,0,0
0.5034987926483154,0,0.0,0.0,0.0,0.0,0.0,0.0,0.0,0.0,0.03,0,0,0,0,0,0,0,0,0,0,0,0,0,0,0,0,0,0,0,0,0
0.5046048164367676,0,0.0,0.0,0.0,0.0,0.0,0.0,0.0,0.0,0.03,0,0,0,0,0,0,0,0,0,0,0,0,0,0,0,0,0,0,0,0,0
0.5062777996063232,0,0.0,0.0,0.0,0.0,0.0,0.0,0.0,0.0,0.03,0,0,0,0,0,0,0,0,0,0,0,0,0,0,0,0,0,0,0,0,0
0.5075922012329102,0,0.0,0.0,0.0,0.0,0.0,0.0,0.0,0.0,0.03,0,0,0,0,0,0,0,0,0,0,0,0,0,0,0,0,0,0,0,0,0
0.508683443069458,0,0.0,0.0,0.0,0.0,0.0,0.0,0.0,0.0,0.03,0,0,0,0,0,0,0,0,0,0,0,0,0,0,0,0,0,0,0,0,0
0.5107526779174805,0,0.0,0.0,0.0,0.0,0.0,0.0,0.0,0.0,0.03,0,0,0,0,0,0,0,0,0,0,0,0,0,0,0,0,0,0,0,0,0
0.51186203956604,0,0.0,0.0,0.0,0.0,0.0,0.0,0.0,0.0,0.03,0,0,0,0,0,0,0,0,0,0,0,0,0,0,0,0,0,0,0,0,0
0.5130259990692139,0,0.0,0.0,0.0,0.0,0.0,0.0,0.0,0.0,0.03,0,0,0,0,0,0,0,0,0,0,0,0,0,0,0,0,0,0,0,0,0
0.5142154693603516,0,0.0,0.0,0.0,0.0,0.0,0.0,0.0,0.0,0.03,0,0,0,0,0,0,0,0,0,0,0,0,0,0,0,0,0,0,0,0,0
0.5152978897094727,0,0.0,0.0,0.0,0.0,0.0,0.0,0.0,0.0,0.03,0,0,0,0,0,0,0,0,0,0,0,0,0,0,0,0,0,0,0,0,0
0.5167903900146484,0,0.0,0.0,0.0,0.0,0.0,0.0,0.0,0.0,0.03,0,0,0,0,0,0,0,0,0,0,0,0,0,0,0,0,0,0,0,0,0
0.5183393955230713,0,0.0,0.0,0.0,0.0,0.0,0.0,0.0,0.0,0.03,0,0,0,0,0,0,0,0,0,0,0,0,0,0,0,0,0,0,0,0,0
0.5198628902435303,0,0.0,0.0,0.0,0.0,0.0,0.0,0.0,0.0,0.03,0,0,0,0,0,0,0,0,0,0,0,0,0,0,0,0,0,0,0,0,0
0.5211875438690186,0,0.0,0.0,0.0,0.0,0.0,0.0,0.0,0.0,0.03,0,0,0,0,0,0,0,0,0,0,0,0,0,0,0,0,0,0,0,0,0
0.5225954055786133,0,0.0,0.0,0.0,0.0,0.0,0.0,0.0,0.0,0.03,0,0,0,0,0,0,0,0,0,0,0,0,0,0,0,0,0,0,0,0,0
0.5245876312255859,0,0.0,0.0,0.0,0.0,0.0,0.0,0.0,0.0,0.03,0,0,0,0,0,0,0,0,0,0,0,0,0,0,0,0,0,0,0,0,0
0.5258564949035645,0,0.0,0.0,0.0,0.0,0.0,0.0,0.0,0.0,0.03,0,0,0,0,0,0,0,0,0,0,0,0,0,0,0,0,0,0,0,0,0
0.5270681381225586,0,0.0,0.0,0.0,0.0,0.0,0.0,0.0,0.0,0.03,0,0,0,0,0,0,0,0,0,0,0,0,0,0,0,0,0,0,0,0,0
0.5286993980407715,0,0.0,0.0,0.0,0.0,0.0,0.0,0.0,0.0,0.03,0,0,0,0,0,0,0,0,0,0,0,0,0,0,0,0,0,0,0,0,0
0.5298078060150146,0,0.0,0.0,0.0,0.0,0.0,0.0,0.0,0.0,0.03,0,0,0,0,0,0,0,0,0,0,0,0,0,0,0,0,0,0,0,0,0
0.5308947563171387,0,0.0,0.0,0.0,0.0,0.0,0.0,0.0,0.0,0.03,0,0,0,0,0,0,0,0,0,0,0,0,0,0,0,0,0,0,0,0,0
0.5335569381713867,0,0.0,0.0,0.0,0.0,0.0,0.0,0.0,0.0,0.03,0,0,0,0,0,0,0,0,0,0,0,0,0,0,0,0,0,0,0,0,0
0.5353343486785889,0,0.0,0.0,0.0,0.0,0.0,0.0,0.0,0.0,0.03,0,0,0,0,0,0,0,0,0,0,0,0,0,0,0,0,0,0,0,0,0
0.5373945236206055,0,0.0,0.0,0.0,0.0,0.0,0.0,0.0,0.0,0.03,0,0,0,0,0,0,0,0,0,0,0,0,0,0,0,0,0,0,0,0,0
0.5391762256622314,0,0.0,0.0,0.0,0.0,0.0,0.0,0.0,0.0,0.03,0,0,0,0,0,0,0,0,0,0,0,0,0,0,0,0,0,0,0,0,0
0.5405082702636719,0,0.0,0.0,0.0,0.0,0.0,0.0,0.0,0.0,0.03,0,0,0,0,0,0,0,0,0,0,0,0,0,0,0,0,0,0,0,0,0
0.5417928695678711,0,0.0,0.0,0.0,0.0,0.0,0.0,0.0,0.0,0.03,0,0,0,0,0,0,0,0,0,0,0,0,0,0,0,0,0,0,0,0,0
0.5429534912109375,0,0.0,0.0,0.0,0.0,0.0,0.0,0.0,0.0,0.03,0,0,0,0,0,0,0,0,0,0,0,0,0,0,0,0,0,0,0,0,0
0.5440680980682373,0,0.0,0.0,0.0,0.0,0.0,0.0,0.0,0.0,0.03,0,0,0,0,0,0,0,0,0,0,0,0,0,0,0,0,0,0,0,0,0
0.5454943180084229,0,0.0,0.0,0.0,0.0,0.0,0.0,0.0,0.0,0.03,0,0,0,0,0,0,0,0,0,0,0,0,0,0,0,0,0,0,0,0,0
0.5470707416534424,0,0.0,0.0,0.0,0.0,0.0,0.0,0.0,0.0,0.03,0,0,0,0,0,0,0,0,0,0,0,0,0,0,0,0,0,0,0,0,0
0.5481998920440674,0,0.0,0.0,0.0,0.0,0.0,0.0,0.0,0.0,0.03,0,0,0,0,0,0,0,0,0,0,0,0,0,0,0,0,0,0,0,0,0
0.5494880676269531,0,0.0,0.0,0.0,0.0,0.0,0.0,0.0,0.0,0.03,0,0,0,0,0,0,0,0,0,0,0,0,0,0,0,0,0,0,0,0,0
0.5505940914154053,0,0.0,0.0,0.0,0.0,0.0,0.0,0.0,0.0,0.03,0,0,0,0,0,0,0,0,0,0,0,0,0,0,0,0,0,0,0,0,0
0.5517914295196533,0,0.0,0.0,0.0,0.0,0.0,0.0,0.0,0.0,0.03,0,0,0,0,0,0,0,0,0,0,0,0,0,0,0,0,0,0,0,0,0
0.5530619621276855,0,0.0,0.0,0.0,0.0,0.0,0.0,0.0,0.0,0.03,0,0,0,0,0,0,0,0,0,0,0,0,0,0,0,0,0,0,0,0,0
0.5541598796844482,0,0.0,0.0,0.0,0.0,0.0,0.0,0.0,0.0,0.03,0,0,0,0,0,0,0,0,0,0,0,0,0,0,0,0,0,0,0,0,0
0.555711030960083,0,0.0,0.0,0.0,0.0,0.0,0.0,0.0,0.0,0.03,0,0,0,0,0,0,0,0,0,0,0,0,0,0,0,0,0,0,0,0,0
0.5567917823791504,0,0.0,0.0,0.0,0.0,0.0,0.0,0.0,0.0,0.03,0,0,0,0,0,0,0,0,0,0,0,0,0,0,0,0,0,0,0,0,0
0.5581576824188232,0,0.0,0.0,0.0,0.0,0.0,0.0,0.0,0.0,0.03,0,0,0,0,0,0,0,0,0,0,0,0,0,0,0,0,0,0,0,0,0
0.559565544128418,0,0.0,0.0,0.0,0.0,0.0,0.0,0.0,0.0,0.03,0,0,0,0,0,0,0,0,0,0,0,0,0,0,0,0,0,0,0,0,0
0.5618889331817627,0,0.0,0.0,0.0,0.0,0.0,0.0,0.0,0.0,0.03,0,0,0,0,0,0,0,0,0,0,0,0,0,0,0,0,0,0,0,0,0
0.5634710788726807,0,0.0,0.0,0.0,0.0,0.0,0.0,0.0,0.0,0.03,0,0,0,0,0,0,0,0,0,0,0,0,0,0,0,0,0,0,0,0,0
0.5649418830871582,0,0.0,0.0,0.0,0.0,0.0,0.0,0.0,0.0,0.03,0,0,0,0,0,0,0,0,0,0,0,0,0,0,0,0,0,0,0,0,0
0.5670952796936035,0,0.0,0.0,0.0,0.0,0.0,0.0,0.0,0.0,0.03,0,0,0,0,0,0,0,0,0,0,0,0,0,0,0,0,0,0,0,0,0
0.5687201023101807,0,0.0,0.0,0.0,0.0,0.0,0.0,0.0,0.0,0.03,0,0,0,0,0,0,0,0,0,0,0,0,0,0,0,0,0,0,0,0,0
0.5698394775390625,0,0.0,0.0,0.0,0.0,0.0,0.0,0.0,0.0,0.03,0,0,0,0,0,0,0,0,0,0,0,0,0,0,0,0,0,0,0,0,0
0.5717997550964355,0,0.0,0.0,0.0,0.0,0.0,0.0,0.0,0.0,0.03,0,0,0,0,0,0,0,0,0,0,0,0,0,0,0,0,0,0,0,0,0
0.5729720592498779,0,0.0,0.0,0.0,0.0,0.0,0.0,0.0,0.0,0.03,0,0,0,0,0,0,0,0,0,0,0,0,0,0,0,0,0,0,0,0,0
0.5741257667541504,0,0.0,0.0,0.0,0.0,0.0,0.0,0.0,0.0,0.03,0,0,0,0,0,0,0,0,0,0,0,0,0,0,0,0,0,0,0,0,0
0.5752267837524414,0,0.0,0.0,0.0,0.0,0.0,0.0,0.0,0.0,0.03,0,0,0,0,0,0,0,0,0,0,0,0,0,0,0,0,0,0,0,0,0
0.5763187408447266,0,0.0,0.0,0.0,0.0,0.0,0.0,0.0,0.0,0.03,0,0,0,0,0,0,0,0,0,0,0,0,0,0,0,0,0,0,0,0,0
0.5777897834777832,0,0.0,0.0,0.0,0.0,0.0,0.0,0.0,0.0,0.03,0,0,0,0,0,0,0,0,0,0,0,0,0,0,0,0,0,0,0,0,0
0.5796780586242676,0,0.0,0.0,0.0,0.0,0.0,0.0,0.0,0.0,0.03,0,0,0,0,0,0,0,0,0,0,0,0,0,0,0,0,0,0,0,0,0
0.580775260925293,0,0.0,0.0,0.0,0.0,0.0,0.0,0.0,0.0,0.03,0,0,0,0,0,0,0,0,0,0,0,0,0,0,0,0,0,0,0,0,0
0.5826432704925537,0,0.0,0.0,0.0,0.0,0.0,0.0,0.0,0.0,0.03,0,0,0,0,0,0,0,0,0,0,0,0,0,0,0,0,0,0,0,0,0
0.5839121341705322,0,0.0,0.0,0.0,0.0,0.0,0.0,0.0,0.0,0.03,0,0,0,0,0,0,0,0,0,0,0,0,0,0,0,0,0,0,0,0,0
0.5857152938842773,0,0.0,0.0,0.0,0.0,0.0,0.0,0.0,0.0,0.03,0,0,0,0,0,0,0,0,0,0,0,0,0,0,0,0,0,0,0,0,0
0.5870788097381592,0,0.0,0.0,0.0,0.0,0.0,0.0,0.0,0.0,0.03,0,0,0,0,0,0,0,0,0,0,0,0,0,0,0,0,0,0,0,0,0
0.5881834030151367,0,0.0,0.0,0.0,0.0,0.0,0.0,0.0,0.0,0.03,0,0,0,0,0,0,0,0,0,0,0,0,0,0,0,0,0,0,0,0,0
0.5897161960601807,0,0.0,0.0,0.0,0.0,0.0,0.0,0.0,0.0,0.03,0,0,0,0,0,0,0,0,0,0,0,0,0,0,0,0,0,0,0,0,0
0.5908207893371582,0,0.0,0.0,0.0,0.0,0.0,0.0,0.0,0.0,0.03,0,0,0,0,0,0,0,0,0,0,0,0,0,0,0,0,0,0,0,0,0
0.5918865203857422,0,0.0,0.0,0.0,0.0,0.0,0.0,0.0,0.0,0.03,0,0,0,0,0,0,0,0,0,0,0,0,0,0,0,0,0,0,0,0,0
0.5948312282562256,0,0.0,0.0,0.0,0.0,0.0,0.0,0.0,0.0,0.03,0,0,0,0,0,0,0,0,0,0,0,0,0,0,0,0,0,0,0,0,0
0.5959668159484863,0,0.0,0.0,0.0,0.0,0.0,0.0,0.0,0.0,0.03,0,0,0,0,0,0,0,0,0,0,0,0,0,0,0,0,0,0,0,0,0
0.599172830581665,0,0.0,0.0,0.0,0.0,0.0,0.0,0.0,0.0,0.03,0,0,0,0,0,0,0,0,0,0,0,0,0,0,0,0,0,0,0,0,0
0.6005234718322754,0,0.0,0.0,0.0,0.0,0.0,0.0,0.0,0.0,0.03,0,0,0,0,0,0,0,0,0,0,0,0,0,0,0,0,0,0,0,0,0
0.6019480228424072,0,0.0,0.0,0.0,0.0,0.0,0.0,0.0,0.0,0.03,0,0,0,0,0,0,0,0,0,0,0,0,0,0,0,0,0,0,0,0,0
0.6031010150909424,0,0.0,0.0,0.0,0.0,0.0,0.0,0.0,0.0,0.03,0,0,0,0,0,0,0,0,0,0,0,0,0,0,0,0,0,0,0,0,0
0.6043925285339355,0,0.0,0.0,0.0,0.0,0.0,0.0,0.0,0.0,0.03,0,0,0,0,0,0,0,0,0,0,0,0,0,0,0,0,0,0,0,0,0
0.6065585613250732,0,0.0,0.0,0.0,0.0,0.0,0.0,0.0,0.0,0.03,0,0,0,0,0,0,0,0,0,0,0,0,0,0,0,0,0,0,0,0,0
0.6088790893554688,0,0.0,0.0,0.0,0.0,0.0,0.0,0.0,0.0,0.03,0,0,0,0,0,0,0,0,0,0,0,0,0,0,0,0,0,0,0,0,0
0.6100294589996338,0,0.0,0.0,0.0,0.0,0.0,0.0,0.0,0.0,0.03,0,0,0,0,0,0,0,0,0,0,0,0,0,0,0,0,0,0,0,0,0
0.6112916469573975,0,0.0,0.0,0.0,0.0,0.0,0.0,0.0,0.0,0.03,0,0,0,0,0,0,0,0,0,0,0,0,0,0,0,0,0,0,0,0,0
0.6123840808868408,0,0.0,0.0,0.0,0.0,0.0,0.0,0.0,0.0,0.03,0,0,0,0,0,0,0,0,0,0,0,0,0,0,0,0,0,0,0,0,0
0.613623857498169,0,0.0,0.0,0.0,0.0,0.0,0.0,0.0,0.0,0.03,0,0,0,0,0,0,0,0,0,0,0,0,0,0,0,0,0,0,0,0,0
0.6149108409881592,0,0.0,0.0,0.0,0.0,0.0,0.0,0.0,0.0,0.03,0,0,0,0,0,0,0,0,0,0,0,0,0,0,0,0,0,0,0,0,0
0.6161298751831055,0,0.0,0.0,0.0,0.0,0.0,0.0,0.0,0.0,0.03,0,0,0,0,0,0,0,0,0,0,0,0,0,0,0,0,0,0,0,0,0
0.6174509525299072,0,0.0,0.0,0.0,0.0,0.0,0.0,0.0,0.0,0.03,0,0,0,0,0,0,0,0,0,0,0,0,0,0,0,0,0,0,0,0,0
0.6191623210906982,0,0.0,0.0,0.0,0.0,0.0,0.0,0.0,0.0,0.03,0,0,0,0,0,0,0,0,0,0,0,0,0,0,0,0,0,0,0,0,0
0.6213319301605225,0,0.0,0.0,0.0,0.0,0.0,0.0,0.0,0.0,0.03,0,0,0,0,0,0,0,0,0,0,0,0,0,0,0,0,0,0,0,0,0
0.622819185256958,0,0.0,0.0,0.0,0.0,0.0,0.0,0.0,0.0,0.03,0,0,0,0,0,0,0,0,0,0,0,0,0,0,0,0,0,0,0,0,0
0.6239669322967529,0,0.0,0.0,0.0,0.0,0.0,0.0,0.0,0.0,0.03,0,0,0,0,0,0,0,0,0,0,0,0,0,0,0,0,0,0,0,0,0
0.6253514289855957,0,0.0,0.0,0.0,0.0,0.0,0.0,0.0,0.0,0.03,0,0,0,0,0,0,0,0,0,0,0,0,0,0,0,0,0,0,0,0,0
0.6266274452209473,0,0.0,0.0,0.0,0.0,0.0,0.0,0.0,0.0,0.03,0,0,0,0,0,0,0,0,0,0,0,0,0,0,0,0,0,0,0,0,0
0.628791093826294,0,0.0,0.0,0.0,0.0,0.0,0.0,0.0,0.0,0.03,0,0,0,0,0,0,0,0,0,0,0,0,0,0,0,0,0,0,0,0,0
0.6301472187042236,0,0.0,0.0,0.0,0.0,0.0,0.0,0.0,0.0,0.03,0,0,0,0,0,0,0,0,0,0,0,0,0,0,0,0,0,0,0,0,0
0.6312439441680908,0,0.0,0.0,0.0,0.0,0.0,0.0,0.0,0.0,0.03,0,0,0,0,0,0,0,0,0,0,0,0,0,0,0,0,0,0,0,0,0
0.6324656009674072,0,0.0,0.0,0.0,0.0,0.0,0.0,0.0,0.0,0.03,0,0,0,0,0,0,0,0,0,0,0,0,0,0,0,0,0,0,0,0,0
0.6340436935424805,0,0.0,0.0,0.0,0.0,0.0,0.0,0.0,0.0,0.03,0,0,0,0,0,0,0,0,0,0,0,0,0,0,0,0,0,0,0,0,0
0.6352276802062988,0,0.0,0.0,0.0,0.0,0.0,0.0,0.0,0.0,0.03,0,0,0,0,0,0,0,0,0,0,0,0,0,0,0,0,0,0,0,0,0
0.6365377902984619,0,0.0,0.0,0.0,0.0,0.0,0.0,0.0,0.0,0.03,0,0,0,0,0,0,0,0,0,0,0,0,0,0,0,0,0,0,0,0,0
0.6376004219055176,0,0.0,0.0,0.0,0.0,0.0,0.0,0.0,0.0,0.03,0,0,0,0,0,0,0,0,0,0,0,0,0,0,0,0,0,0,0,0,0
0.6397745609283447,0,0.0,0.0,0.0,0.0,0.0,0.0,0.0,0.0,0.03,0,0,0,0,0,0,0,0,0,0,0,0,0,0,0,0,0,0,0,0,0
0.6409502029418945,0,0.0,0.0,0.0,0.0,0.0,0.0,0.0,0.0,0.03,0,0,0,0,0,0,0,0,0,0,0,0,0,0,0,0,0,0,0,0,0
0.6423244476318359,0,0.0,0.0,0.0,0.0,0.0,0.0,0.0,0.0,0.03,0,0,0,0,0,0,0,0,0,0,0,0,0,0,0,0,0,0,0,0,0
0.6438305377960205,0,0.0,0.0,0.0,0.0,0.0,0.0,0.0,0.0,0.03,0,0,0,0,0,0,0,0,0,0,0,0,0,0,0,0,0,0,0,0,0
0.6448934078216553,0,0.0,0.0,0.0,0.0,0.0,0.0,0.0,0.0,0.03,0,0,0,0,0,0,0,0,0,0,0,0,0,0,0,0,0,0,0,0,0
0.6472947597503662,0,0.0,0.0,0.0,0.0,0.0,0.0,0.0,0.0,0.03,0,0,0,0,0,0,0,0,0,0,0,0,0,0,0,0,0,0,0,0,0
0.6484725475311279,0,0.0,0.0,0.0,0.0,0.0,0.0,0.0,0.0,0.03,0,0,0,0,0,0,0,0,0,0,0,0,0,0,0,0,0,0,0,0,0
0.6495850086212158,0,0.0,0.0,0.0,0.0,0.0,0.0,0.0,0.0,0.03,0,0,0,0,0,0,0,0,0,0,0,0,0,0,0,0,0,0,0,0,0
0.6508488655090332,0,0.0,0.0,0.0,0.0,0.0,0.0,0.0,0.0,0.03,0,0,0,0,0,0,0,0,0,0,0,0,0,0,0,0,0,0,0,0,0
0.652057409286499,0,0.0,0.0,0.0,0.0,0.0,0.0,0.0,0.0,0.03,0,0,0,0,0,0,0,0,0,0,0,0,0,0,0,0,0,0,0,0,0
0.6531445980072021,0,0.0,0.0,0.0,0.0,0.0,0.0,0.0,0.0,0.03,0,0,0,0,0,0,0,0,0,0,0,0,0,0,0,0,0,0,0,0,0
0.6546235084533691,0,0.0,0.0,0.0,0.0,0.0,0.0,0.0,0.0,0.03,0,0,0,0,0,0,0,0,0,0,0,0,0,0,0,0,0,0,0,0,0
0.6557450294494629,0,0.0,0.0,0.0,0.0,0.0,0.0,0.0,0.0,0.03,0,0,0,0,0,0,0,0,0,0,0,0,0,0,0,0,0,0,0,0,0
0.6574759483337402,0,0.0,0.0,0.0,0.0,0.0,0.0,0.0,0.0,0.03,0,0,0,0,0,0,0,0,0,0,0,0,0,0,0,0,0,0,0,0,0
0.6596641540527344,0,0.0,0.0,0.0,0.0,0.0,0.0,0.0,0.0,0.03,0,0,0,0,0,0,0,0,0,0,0,0,0,0,0,0,0,0,0,0,0
0.6608455181121826,0,0.0,0.0,0.0,0.0,0.0,0.0,0.0,0.0,0.03,0,0,0,0,0,0,0,0,0,0,0,0,0,0,0,0,0,0,0,0,0
0.6638836860656738,0,0.0,0.0,0.0,0.0,0.0,0.0,0.0,0.0,0.03,0,0,0,0,0,0,0,0,0,0,0,0,0,0,0,0,0,0,0,0,0
0.6649904251098633,0,0.0,0.0,0.0,0.0,0.0,0.0,0.0,0.0,0.03,0,0,0,0,0,0,0,0,0,0,0,0,0,0,0,0,0,0,0,0,0
0.6663317680358887,0,0.0,0.0,0.0,0.0,0.0,0.0,0.0,0.0,0.03,0,0,0,0,0,0,0,0,0,0,0,0,0,0,0,0,0,0,0,0,0
0.6679866313934326,0,0.0,0.0,0.0,0.0,0.0,0.0,0.0,0.0,0.03,0,0,0,0,0,0,0,0,0,0,0,0,0,0,0,0,0,0,0,0,0
0.6695623397827148,0,0.0,0.0,0.0,0.0,0.0,0.0,0.0,0.0,0.03,0,0,0,0,0,0,0,0,0,0,0,0,0,0,0,0,0,0,0,0,0
0.6708774566650391,0,0.0,0.0,0.0,0.0,0.0,0.0,0.0,0.0,0.03,0,0,0,0,0,0,0,0,0,0,0,0,0,0,0,0,0,0,0,0,0
0.6731352806091309,0,0.0,0.0,0.0,0.0,0.0,0.0,0.0,0.0,0.03,0,0,0,0,0,0,0,0,0,0,0,0,0,0,0,0,0,0,0,0,0
0.6742253303527832,0,0.0,0.0,0.0,0.0,0.0,0.0,0.0,0.0,0.03,0,0,0,0,0,0,0,0,0,0,0,0,0,0,0,0,0,0,0,0,0
0.675330638885498,0,0.0,0.0,0.0,0.0,0.0,0.0,0.0,0.0,0.03,0,0,0,0,0,0,0,0,0,0,0,0,0,0,0,0,0,0,0,0,0
0.6765429973602295,0,0.0,0.0,0.0,0.0,0.0,0.0,0.0,0.0,0.03,0,0,0,0,0,0,0,0,0,0,0,0,0,0,0,0,0,0,0,0,0
0.6776189804077148,0,0.0,0.0,0.0,0.0,0.0,0.0,0.0,0.0,0.03,0,0,0,0,0,0,0,0,0,0,0,0,0,0,0,0,0,0,0,0,0
0.6788625717163086,0,0.0,0.0,0.0,0.0,0.0,0.0,0.0,0.0,0.03,0,0,0,0,0,0,0,0,0,0,0,0,0,0,0,0,0,0,0,0,0
0.6799547672271729,0,0.0,0.0,0.0,0.0,0.0,0.0,0.0,0.0,0.03,0,0,0,0,0,0,0,0,0,0,0,0,0,0,0,0,0,0,0,0,0
0.6812324523925781,0,0.0,0.0,0.0,0.0,0.0,0.0,0.0,0.0,0.03,0,0,0,0,0,0,0,0,0,0,0,0,0,0,0,0,0,0,0,0,0
0.6831355094909668,0,0.0,0.0,0.0,0.0,0.0,0.0,0.0,0.0,0.03,0,0,0,0,0,0,0,0,0,0,0,0,0,0,0,0,0,0,0,0,0
0.6848092079162598,0,0.0,0.0,0.0,0.0,0.0,0.0,0.0,0.0,0.03,0,0,0,0,0,0,0,0,0,0,0,0,0,0,0,0,0,0,0,0,0
0.6861371994018555,0,0.0,0.0,0.0,0.0,0.0,0.0,0.0,0.0,0.03,0,0,0,0,0,0,0,0,0,0,0,0,0,0,0,0,0,0,0,0,0
0.687546968460083,0,0.0,0.0,0.0,0.0,0.0,0.0,0.0,0.0,0.03,0,0,0,0,0,0,0,0,0,0,0,0,0,0,0,0,0,0,0,0,0
0.6888017654418945,0,0.0,0.0,0.0,0.0,0.0,0.0,0.0,0.0,0.03,0,0,0,0,0,0,0,0,0,0,0,0,0,0,0,0,0,0,0,0,0
0.6918046474456787,0,0.0,0.0,0.0,0.0,0.0,0.0,0.0,0.0,0.03,0,0,0,0,0,0,0,0,0,0,0,0,0,0,0,0,0,0,0,0,0
0.6933107376098633,0,0.0,0.0,0.0,0.0,0.0,0.0,0.0,0.0,0.03,0,0,0,0,0,0,0,0,0,0,0,0,0,0,0,0,0,0,0,0,0
0.6944644451141357,0,0.0,0.0,0.0,0.0,0.0,0.0,0.0,0.0,0.03,0,0,0,0,0,0,0,0,0,0,0,0,0,0,0,0,0,0,0,0,0
0.6957368850708008,0,0.0,0.0,0.0,0.0,0.0,0.0,0.0,0.0,0.03,0,0,0,0,0,0,0,0,0,0,0,0,0,0,0,0,0,0,0,0,0
0.6972734928131104,0,0.0,0.0,0.0,0.0,0.0,0.0,0.0,0.0,0.03,0,0,0,0,0,0,0,0,0,0,0,0,0,0,0,0,0,0,0,0,0
0.6983628273010254,0,0.0,0.0,0.0,0.0,0.0,0.0,0.0,0.0,0.03,0,0,0,0,0,0,0,0,0,0,0,0,0,0,0,0,0,0,0,0,0
0.6995077133178711,0,0.0,0.0,0.0,0.0,0.0,0.0,0.0,0.0,0.03,0,0,0,0,0,0,0,0,0,0,0,0,0,0,0,0,0,0,0,0,0
0.7006282806396484,0,0.0,0.0,0.0,0.0,0.0,0.0,0.0,0.0,0.03,0,0,0,0,0,0,0,0,0,0,0,0,0,0,0,0,0,0,0,0,0
0.7022197246551514,0,0.0,0.0,0.0,0.0,0.0,0.0,0.0,0.0,0.03,0,0,0,0,0,0,0,0,0,0,0,0,0,0,0,0,0,0,0,0,0
0.7037103176116943,0,0.0,0.0,0.0,0.0,0.0,0.0,0.0,0.0,0.03,0,0,0,0,0,0,0,0,0,0,0,0,0,0,0,0,0,0,0,0,0
0.7052476406097412,0,0.0,0.0,0.0,0.0,0.0,0.0,0.0,0.0,0.03,0,0,0,0,0,0,0,0,0,0,0,0,0,0,0,0,0,0,0,0,0
0.7067341804504395,0,0.0,0.0,0.0,0.0,0.0,0.0,0.0,0.0,0.03,0,0,0,0,0,0,0,0,0,0,0,0,0,0,0,0,0,0,0,0,0
0.7080855369567871,0,0.0,0.0,0.0,0.0,0.0,0.0,0.0,0.0,0.03,0,0,0,0,0,0,0,0,0,0,0,0,0,0,0,0,0,0,0,0,0
0.7099928855895996,0,0.0,0.0,0.0,0.0,0.0,0.0,0.0,0.0,0.03,0,0,0,0,0,0,0,0,0,0,0,0,0,0,0,0,0,0,0,0,0
0.711115837097168,0,0.0,0.0,0.0,0.0,0.0,0.0,0.0,0.0,0.03,0,0,0,0,0,0,0,0,0,0,0,0,0,0,0,0,0,0,0,0,0
0.7124388217926025,0,0.0,0.0,0.0,0.0,0.0,0.0,0.0,0.0,0.03,0,0,0,0,0,0,0,0,0,0,0,0,0,0,0,0,0,0,0,0,0
0.7147490978240967,0,0.0,0.0,0.0,0.0,0.0,0.0,0.0,0.0,0.03,0,0,0,0,0,0,0,0,0,0,0,0,0,0,0,0,0,0,0,0,0
0.7159879207611084,0,0.0,0.0,0.0,0.0,0.0,0.0,0.0,0.0,0.03,0,0,0,0,0,0,0,0,0,0,0,0,0,0,0,0,0,0,0,0,0
0.7192003726959229,0,0.0,0.0,0.0,0.0,0.0,0.0,0.0,0.0,0.03,0,0,0,0,0,0,0,0,0,0,0,0,0,0,0,0,0,0,0,0,0
0.7205655574798584,0,0.0,0.0,0.0,0.0,0.0,0.0,0.0,0.0,0.03,0,0,0,0,0,0,0,0,0,0,0,0,0,0,0,0,0,0,0,0,0
0.7225439548492432,0,0.0,0.0,0.0,0.0,0.0,0.0,0.0,0.0,0.03,0,0,0,0,0,0,0,0,0,0,0,0,0,0,0,0,0,0,0,0,0
0.7237098217010498,0,0.0,0.0,0.0,0.0,0.0,0.0,0.0,0.0,0.03,0,0,0,0,0,0,0,0,0,0,0,0,0,0,0,0,0,0,0,0,0
0.7248921394348145,0,0.0,0.0,0.0,0.0,0.0,0.0,0.0,0.0,0.03,0,0,0,0,0,0,0,0,0,0,0,0,0,0,0,0,0,0,0,0,0
0.7260510921478271,0,0.0,0.0,0.0,0.0,0.0,0.0,0.0,0.0,0.03,0,0,0,0,0,0,0,0,0,0,0,0,0,0,0,0,0,0,0,0,0
0.7273745536804199,0,0.0,0.0,0.0,0.0,0.0,0.0,0.0,0.0,0.03,0,0,0,0,0,0,0,0,0,0,0,0,0,0,0,0,0,0,0,0,0
0.7287623882293701,0,0.0,0.0,0.0,0.0,0.0,0.0,0.0,0.0,0.03,0,0,0,0,0,0,0,0,0,0,0,0,0,0,0,0,0,0,0,0,0
0.7302045822143555,0,0.0,0.0,0.0,0.0,0.0,0.0,0.0,0.0,0.03,0,0,0,0,0,0,0,0,0,0,0,0,0,0,0,0,0,0,0,0,0
0.7314846515655518,0,0.0,0.0,0.0,0.0,0.0,0.0,0.0,0.0,0.03,0,0,0,0,0,0,0,0,0,0,0,0,0,0,0,0,0,0,0,0,0
0.7336277961730957,0,0.0,0.0,0.0,0.0,0.0,0.0,0.0,0.0,0.03,0,0,0,0,0,0,0,0,0,0,0,0,0,0,0,0,0,0,0,0,0
0.734727144241333,0,0.0,0.0,0.0,0.0,0.0,0.0,0.0,0.0,0.03,0,0,0,0,0,0,0,0,0,0,0,0,0,0,0,0,0,0,0,0,0
0.7363946437835693,0,0.0,0.0,0.0,0.0,0.0,0.0,0.0,0.0,0.03,0,0,0,0,0,0,0,0,0,0,0,0,0,0,0,0,0,0,0,0,0
0.7375888824462891,0,0.0,0.0,0.0,0.0,0.0,0.0,0.0,0.0,0.03,0,0,0,0,0,0,0,0,0,0,0,0,0,0,0,0,0,0,0,0,0
0.7387373447418213,0,0.0,0.0,0.0,0.0,0.0,0.0,0.0,0.0,0.03,0,0,0,0,0,0,0,0,0,0,0,0,0,0,0,0,0,0,0,0,0
0.739915132522583,0,0.0,0.0,0.0,0.0,0.0,0.0,0.0,0.0,0.03,0,0,0,0,0,0,0,0,0,0,0,0,0,0,0,0,0,0,0,0,0
0.7410547733306885,0,0.0,0.0,0.0,0.0,0.0,0.0,0.0,0.0,0.03,0,0,0,0,0,0,0,0,0,0,0,0,0,0,0,0,0,0,0,0,0
0.7423536777496338,0,0.0,0.0,0.0,0.0,0.0,0.0,0.0,0.0,0.03,0,0,0,0,0,0,0,0,0,0,0,0,0,0,0,0,0,0,0,0,0
0.7434651851654053,0,0.0,0.0,0.0,0.0,0.0,0.0,0.0,0.0,0.03,0,0,0,0,0,0,0,0,0,0,0,0,0,0,0,0,0,0,0,0,0
0.746086597442627,0,0.0,0.0,0.0,0.0,0.0,0.0,0.0,0.0,0.03,0,0,0,0,0,0,0,0,0,0,0,0,0,0,0,0,0,0,0,0,0
0.7476625442504883,0,0.0,0.0,0.0,0.0,0.0,0.0,0.0,0.0,0.03,0,0,0,0,0,0,0,0,0,0,0,0,0,0,0,0,0,0,0,0,0
0.7488260269165039,0,0.0,0.0,0.0,0.0,0.0,0.0,0.0,0.0,0.03,0,0,0,0,0,0,0,0,0,0,0,0,0,0,0,0,0,0,0,0,0
0.7500808238983154,0,0.0,0.0,0.0,0.0,0.0,0.0,0.0,0.0,0.03,0,0,0,0,0,0,0,0,0,0,0,0,0,0,0,0,0,0,0,0,0
0.7511727809906006,0,0.0,0.0,0.0,0.0,0.0,0.0,0.0,0.0,0.03,0,0,0,0,0,0,0,0,0,0,0,0,0,0,0,0,0,0,0,0,0
0.7533650398254395,0,0.0,0.0,0.0,0.0,0.0,0.0,0.0,0.0,0.03,0,0,0,0,0,0,0,0,0,0,0,0,0,0,0,0,0,0,0,0,0
0.7550692558288574,0,0.0,0.0,0.0,0.0,0.0,0.0,0.0,0.0,0.03,0,0,0,0,0,0,0,0,0,0,0,0,0,0,0,0,0,0,0,0,0
0.7561683654785156,0,0.0,0.0,0.0,0.0,0.0,0.0,0.0,0.0,0.03,0,0,0,0,0,0,0,0,0,0,0,0,0,0,0,0,0,0,0,0,0
0.7572638988494873,0,0.0,0.0,0.0,0.0,0.0,0.0,0.0,0.0,0.03,0,0,0,0,0,0,0,0,0,0,0,0,0,0,0,0,0,0,0,0,0
0.7583713531494141,0,0.0,0.0,0.0,0.0,0.0,0.0,0.0,0.0,0.03,0,0,0,0,0,0,0,0,0,0,0,0,0,0,0,0,0,0,0,0,0
0.7594935894012451,0,0.0,0.0,0.0,0.0,0.0,0.0,0.0,0.0,0.03,0,0,0,0,0,0,0,0,0,0,0,0,0,0,0,0,0,0,0,0,0
0.7607161998748779,0,0.0,0.0,0.0,0.0,0.0,0.0,0.0,0.0,0.03,0,0,0,0,0,0,0,0,0,0,0,0,0,0,0,0,0,0,0,0,0
0.7618780136108398,0,0.0,0.0,0.0,0.0,0.0,0.0,0.0,0.0,0.03,0,0,0,0,0,0,0,0,0,0,0,0,0,0,0,0,0,0,0,0,0
0.7629621028900146,0,0.0,0.0,0.0,0.0,0.0,0.0,0.0,0.0,0.03,0,0,0,0,0,0,0,0,0,0,0,0,0,0,0,0,0,0,0,0,0
0.7643871307373047,0,0.0,0.0,0.0,0.0,0.0,0.0,0.0,0.0,0.03,0,0,0,0,0,0,0,0,0,0,0,0,0,0,0,0,0,0,0,0,0
0.7659590244293213,0,0.0,0.0,0.0,0.0,0.0,0.0,0.0,0.0,0.03,0,0,0,0,0,0,0,0,0,0,0,0,0,0,0,0,0,0,0,0,0
0.7681663036346436,0,0.0,0.0,0.0,0.0,0.0,0.0,0.0,0.0,0.03,0,0,0,0,0,0,0,0,0,0,0,0,0,0,0,0,0,0,0,0,0
0.7692568302154541,0,0.0,0.0,0.0,0.0,0.0,0.0,0.0,0.0,0.03,0,0,0,0,0,0,0,0,0,0,0,0,0,0,0,0,0,0,0,0,0
0.770392656326294,0,0.0,0.0,0.0,0.0,0.0,0.0,0.0,0.0,0.03,0,0,0,0,0,0,0,0,0,0,0,0,0,0,0,0,0,0,0,0,0
0.7717139720916748,0,0.0,0.0,0.0,0.0,0.0,0.0,0.0,0.0,0.03,0,0,0,0,0,0,0,0,0,0,0,0,0,0,0,0,0,0,0,0,0
0.7732954025268555,0,0.0,0.0,0.0,0.0,0.0,0.0,0.0,0.0,0.03,0,0,0,0,0,0,0,0,0,0,0,0,0,0,0,0,0,0,0,0,0
0.7744522094726562,0,0.0,0.0,0.0,0.0,0.0,0.0,0.0,0.0,0.03,0,0,0,0,0,0,0,0,0,0,0,0,0,0,0,0,0,0,0,0,0
0.7756421566009521,0,0.0,0.0,0.0,0.0,0.0,0.0,0.0,0.0,0.03,0,0,0,0,0,0,0,0,0,0,0,0,0,0,0,0,0,0,0,0,0
0.7767925262451172,0,0.0,0.0,0.0,0.0,0.0,0.0,0.0,0.0,0.03,0,0,0,0,0,0,0,0,0,0,0,0,0,0,0,0,0,0,0,0,0
0.7779989242553711,0,0.0,0.0,0.0,0.0,0.0,0.0,0.0,0.0,0.03,0,0,0,0,0,0,0,0,0,0,0,0,0,0,0,0,0,0,0,0,0
0.7810976505279541,0,0.0,0.0,0.0,0.0,0.0,0.0,0.0,0.0,0.03,0,0,0,0,0,0,0,0,0,0,0,0,0,0,0,0,0,0,0,0,0
0.7823593616485596,0,0.0,0.0,0.0,0.0,0.0,0.0,0.0,0.0,0.03,0,0,0,0,0,0,0,0,0,0,0,0,0,0,0,0,0,0,0,0,0
0.7835788726806641,0,0.0,0.0,0.0,0.0,0.0,0.0,0.0,0.0,0.03,0,0,0,0,0,0,0,0,0,0,0,0,0,0,0,0,0,0,0,0,0
0.7847058773040771,0,0.0,0.0,0.0,0.0,0.0,0.0,0.0,0.0,0.03,0,0,0,0,0,0,0,0,0,0,0,0,0,0,0,0,0,0,0,0,0
0.7861220836639404,0,0.0,0.0,0.0,0.0,0.0,0.0,0.0,0.0,0.03,0,0,0,0,0,0,0,0,0,0,0,0,0,0,0,0,0,0,0,0,0
0.7876229286193848,0,0.0,0.0,0.0,0.0,0.0,0.0,0.0,0.0,0.03,0,0,0,0,0,0,0,0,0,0,0,0,0,0,0,0,0,0,0,0,0
0.7887551784515381,0,0.0,0.0,0.0,0.0,0.0,0.0,0.0,0.0,0.03,0,0,0,0,0,0,0,0,0,0,0,0,0,0,0,0,0,0,0,0,0
0.7907435894012451,0,0.0,0.0,0.0,0.0,0.0,0.0,0.0,0.0,0.03,0,0,0,0,0,0,0,0,0,0,0,0,0,0,0,0,0,0,0,0,0
0.7918212413787842,0,0.0,0.0,0.0,0.0,0.0,0.0,0.0,0.0,0.03,0,0,0,0,0,0,0,0,0,0,0,0,0,0,0,0,0,0,0,0,0
0.794187068939209,0,0.0,0.0,0.0,0.0,0.0,0.0,0.0,0.0,0.03,0,0,0,0,0,0,0,0,0,0,0,0,0,0,0,0,0,0,0,0,0
0.7960002422332764,0,0.0,0.0,0.0,0.0,0.0,0.0,0.0,0.0,0.03,0,0,0,0,0,0,0,0,0,0,0,0,0,0,0,0,0,0,0,0,0
0.7971725463867188,0,0.0,0.0,0.0,0.0,0.0,0.0,0.0,0.0,0.03,0,0,0,0,0,0,0,0,0,0,0,0,0,0,0,0,0,0,0,0,0
0.7984890937805176,0,0.0,0.0,0.0,0.0,0.0,0.0,0.0,0.0,0.03,0,0,0,0,0,0,0,0,0,0,0,0,0,0,0,0,0,0,0,0,0
0.8001587390899658,0,0.0,0.0,0.0,0.0,0.0,0.0,0.0,0.0,0.03,0,0,0,0,0,0,0,0,0,0,0,0,0,0,0,0,0,0,0,0,0
0.8012800216674805,0,0.0,0.0,0.0,0.0,0.0,0.0,0.0,0.0,0.03,0,0,0,0,0,0,0,0,0,0,0,0,0,0,0,0,0,0,0,0,0
0.8024837970733643,0,0.0,0.0,0.0,0.0,0.0,0.0,0.0,0.0,0.03,0,0,0,0,0,0,0,0,0,0,0,0,0,0,0,0,0,0,0,0,0
0.8038418292999268,0,0.0,0.0,0.0,0.0,0.0,0.0,0.0,0.0,0.03,0,0,0,0,0,0,0,0,0,0,0,0,0,0,0,0,0,0,0,0,0
0.8049318790435791,0,0.0,0.0,0.0,0.0,0.0,0.0,0.0,0.0,0.03,0,0,0,0,0,0,0,0,0,0,0,0,0,0,0,0,0,0,0,0,0
0.8062877655029297,0,0.0,0.0,0.0,0.0,0.0,0.0,0.0,0.0,0.03,0,0,0,0,0,0,0,0,0,0,0,0,0,0,0,0,0,0,0,0,0
0.8082332611083984,0,0.0,0.0,0.0,0.0,0.0,0.0,0.0,0.0,0.03,0,0,0,0,0,0,0,0,0,0,0,0,0,0,0,0,0,0,0,0,0
0.812079906463623,0,0.0,0.0,0.0,0.0,0.0,0.0,0.0,0.0,0.03,0,0,0,0,0,0,0,0,0,0,0,0,0,0,0,0,0,0,0,0,0
0.8135168552398682,0,0.0,0.0,0.0,0.0,0.0,0.0,0.0,0.0,0.03,0,0,0,0,0,0,0,0,0,0,0,0,0,0,0,0,0,0,0,0,0
0.814751148223877,0,0.0,0.0,0.0,0.0,0.0,0.0,0.0,0.0,0.03,0,0,0,0,0,0,0,0,0,0,0,0,0,0,0,0,0,0,0,0,0
0.8159463405609131,0,0.0,0.0,0.0,0.0,0.0,0.0,0.0,0.0,0.03,0,0,0,0,0,0,0,0,0,0,0,0,0,0,0,0,0,0,0,0,0
0.8171050548553467,0,0.0,0.0,0.0,0.0,0.0,0.0,0.0,0.0,0.03,0,0,0,0,0,0,0,0,0,0,0,0,0,0,0,0,0,0,0,0,0
0.8191256523132324,0,0.0,0.0,0.0,0.0,0.0,0.0,0.0,0.0,0.03,0,0,0,0,0,0,0,0,0,0,0,0,0,0,0,0,0,0,0,0,0
0.8202199935913086,0,0.0,0.0,0.0,0.0,0.0,0.0,0.0,0.0,0.03,0,0,0,0,0,0,0,0,0,0,0,0,0,0,0,0,0,0,0,0,0
0.8221449851989746,0,0.0,0.0,0.0,0.0,0.0,0.0,0.0,0.0,0.03,0,0,0,0,0,0,0,0,0,0,0,0,0,0,0,0,0,0,0,0,0
0.823230504989624,0,0.0,0.0,0.0,0.0,0.0,0.0,0.0,0.0,0.03,0,0,0,0,0,0,0,0,0,0,0,0,0,0,0,0,0,0,0,0,0
0.824399471282959,0,0.0,0.0,0.0,0.0,0.0,0.0,0.0,0.0,0.03,0,0,0,0,0,0,0,0,0,0,0,0,0,0,0,0,0,0,0,0,0
0.8255629539489746,0,0.0,0.0,0.0,0.0,0.0,0.0,0.0,0.0,0.03,0,0,0,0,0,0,0,0,0,0,0,0,0,0,0,0,0,0,0,0,0
0.8269538879394531,0,0.0,0.0,0.0,0.0,0.0,0.0,0.0,0.0,0.03,0,0,0,0,0,0,0,0,0,0,0,0,0,0,0,0,0,0,0,0,0
0.8287813663482666,0,0.0,0.0,0.0,0.0,0.0,0.0,0.0,0.0,0.03,0,0,0,0,0,0,0,0,0,0,0,0,0,0,0,0,0,0,0,0,0
0.8304691314697266,0,0.0,0.0,0.0,0.0,0.0,0.0,0.0,0.0,0.03,0,0,0,0,0,0,0,0,0,0,0,0,0,0,0,0,0,0,0,0,0
0.8320560455322266,0,0.0,0.0,0.0,0.0,0.0,0.0,0.0,0.0,0.03,0,0,0,0,0,0,0,0,0,0,0,0,0,0,0,0,0,0,0,0,0
0.8333821296691895,0,0.0,0.0,0.0,0.0,0.0,0.0,0.0,0.0,0.03,0,0,0,0,0,0,0,0,0,0,0,0,0,0,0,0,0,0,0,0,0
0.8346867561340332,0,0.0,0.0,0.0,0.0,0.0,0.0,0.0,0.0,0.03,0,0,0,0,0,0,0,0,0,0,0,0,0,0,0,0,0,0,0,0,0
0.8359606266021729,0,0.0,0.0,0.0,0.0,0.0,0.0,0.0,0.0,0.03,0,0,0,0,0,0,0,0,0,0,0,0,0,0,0,0,0,0,0,0,0
0.8378140926361084,0,0.0,0.0,0.0,0.0,0.0,0.0,0.0,0.0,0.03,0,0,0,0,0,0,0,0,0,0,0,0,0,0,0,0,0,0,0,0,0
0.838897705078125,0,0.0,0.0,0.0,0.0,0.0,0.0,0.0,0.0,0.03,0,0,0,0,0,0,0,0,0,0,0,0,0,0,0,0,0,0,0,0,0
0.8406646251678467,0,0.0,0.0,0.0,0.0,0.0,0.0,0.0,0.0,0.03,0,0,0,0,0,0,0,0,0,0,0,0,0,0,0,0,0,0,0,0,0
0.84228515625,0,0.0,0.0,0.0,0.0,0.0,0.0,0.0,0.0,0.03,0,0,0,0,0,0,0,0,0,0,0,0,0,0,0,0,0,0,0,0,0
0.845545768737793,0,0.0,0.0,0.0,0.0,0.0,0.0,0.0,0.0,0.03,0,0,0,0,0,0,0,0,0,0,0,0,0,0,0,0,0,0,0,0,0
0.8468818664550781,0,0.0,0.0,0.0,0.0,0.0,0.0,0.0,0.0,0.03,0,0,0,0,0,0,0,0,0,0,0,0,0,0,0,0,0,0,0,0,0
0.848923921585083,0,0.0,0.0,0.0,0.0,0.0,0.0,0.0,0.0,0.03,0,0,0,0,0,0,0,0,0,0,0,0,0,0,0,0,0,0,0,0,0
0.8523609638214111,0,0.0,0.0,0.0,0.0,0.0,0.0,0.0,0.0,0.03,0,0,0,0,0,0,0,0,0,0,0,0,0,0,0,0,0,0,0,0,0
0.8537764549255371,0,0.0,0.0,0.0,0.0,0.0,0.0,0.0,0.0,0.03,0,0,0,0,0,0,0,0,0,0,0,0,0,0,0,0,0,0,0,0,0
0.8552148342132568,0,0.0,0.0,0.0,0.0,0.0,0.0,0.0,0.0,0.03,0,0,0,0,0,0,0,0,0,0,0,0,0,0,0,0,0,0,0,0,0
0.8574860095977783,0,0.0,0.0,0.0,0.0,0.0,0.0,0.0,0.0,0.03,0,0,0,0,0,0,0,0,0,0,0,0,0,0,0,0,0,0,0,0,0
0.8587353229522705,0,0.0,0.0,0.0,0.0,0.0,0.0,0.0,0.0,0.03,0,0,0,0,0,0,0,0,0,0,0,0,0,0,0,0,0,0,0,0,0
0.8603246212005615,0,0.0,0.0,0.0,0.0,0.0,0.0,0.0,0.0,0.03,0,0,0,0,0,0,0,0,0,0,0,0,0,0,0,0,0,0,0,0,0
0.8615474700927734,0,0.0,0.0,0.0,0.0,0.0,0.0,0.0,0.0,0.03,0,0,0,0,0,0,0,0,0,0,0,0,0,0,0,0,0,0,0,0,0
0.8627417087554932,0,0.0,0.0,0.0,0.0,0.0,0.0,0.0,0.0,0.03,0,0,0,0,0,0,0,0,0,0,0,0,0,0,0,0,0,0,0,0,0
0.8638756275177002,0,0.0,0.0,0.0,0.0,0.0,0.0,0.0,0.0,0.03,0,0,0,0,0,0,0,0,0,0,0,0,0,0,0,0,0,0,0,0,0
0.8652372360229492,0,0.0,0.0,0.0,0.0,0.0,0.0,0.0,0.0,0.03,0,0,0,0,0,0,0,0,0,0,0,0,0,0,0,0,0,0,0,0,0
0.8663835525512695,0,0.0,0.0,0.0,0.0,0.0,0.0,0.0,0.0,0.03,0,0,0,0,0,0,0,0,0,0,0,0,0,0,0,0,0,0,0,0,0
0.867708683013916,0,0.0,0.0,0.0,0.0,0.0,0.0,0.0,0.0,0.03,0,0,0,0,0,0,0,0,0,0,0,0,0,0,0,0,0,0,0,0,0
0.8700463771820068,0,0.0,0.0,0.0,0.0,0.0,0.0,0.0,0.0,0.03,0,0,0,0,0,0,0,0,0,0,0,0,0,0,0,0,0,0,0,0,0
0.8716835975646973,0,0.0,0.0,0.0,0.0,0.0,0.0,0.0,0.0,0.03,0,0,0,0,0,0,0,0,0,0,0,0,0,0,0,0,0,0,0,0,0
0.8730325698852539,0,0.0,0.0,0.0,0.0,0.0,0.0,0.0,0.0,0.03,0,0,0,0,0,0,0,0,0,0,0,0,0,0,0,0,0,0,0,0,0
0.8747150897979736,0,0.0,0.0,0.0,0.0,0.0,0.0,0.0,0.0,0.03,0,0,0,0,0,0,0,0,0,0,0,0,0,0,0,0,0,0,0,0,0
0.875981330871582,0,0.0,0.0,0.0,0.0,0.0,0.0,0.0,0.0,0.03,0,0,0,0,0,0,0,0,0,0,0,0,0,0,0,0,0,0,0,0,0
0.877220630645752,0,0.0,0.0,0.0,0.0,0.0,0.0,0.0,0.0,0.03,0,0,0,0,0,0,0,0,0,0,0,0,0,0,0,0,0,0,0,0,0
0.8787355422973633,0,0.0,0.0,0.0,0.0,0.0,0.0,0.0,0.0,0.03,0,0,0,0,0,0,0,0,0,0,0,0,0,0,0,0,0,0,0,0,0
0.8798990249633789,0,0.0,0.0,0.0,0.0,0.0,0.0,0.0,0.0,0.03,0,0,0,0,0,0,0,0,0,0,0,0,0,0,0,0,0,0,0,0,0
0.8812730312347412,0,0.0,0.0,0.0,0.0,0.0,0.0,0.0,0.0,0.03,0,0,0,0,0,0,0,0,0,0,0,0,0,0,0,0,0,0,0,0,0
0.882451057434082,0,0.0,0.0,0.0,0.0,0.0,0.0,0.0,0.0,0.03,0,0,0,0,0,0,0,0,0,0,0,0,0,0,0,0,0,0,0,0,0
0.8836526870727539,0,0.0,0.0,0.0,0.0,0.0,0.0,0.0,0.0,0.03,0,0,0,0,0,0,0,0,0,0,0,0,0,0,0,0,0,0,0,0,0
0.884838342666626,0,0.0,0.0,0.0,0.0,0.0,0.0,0.0,0.0,0.03,0,0,0,0,0,0,0,0,0,0,0,0,0,0,0,0,0,0,0,0,0
0.885979413986206,0,0.0,0.0,0.0,0.0,0.0,0.0,0.0,0.0,0.03,0,0,0,0,0,0,0,0,0,0,0,0,0,0,0,0,0,0,0,0,0
0.8870623111724854,0,0.0,0.0,0.0,0.0,0.0,0.0,0.0,0.0,0.03,0,0,0,0,0,0,0,0,0,0,0,0,0,0,0,0,0,0,0,0,0
0.888300895690918,0,0.0,0.0,0.0,0.0,0.0,0.0,0.0,0.0,0.03,0,0,0,0,0,0,0,0,0,0,0,0,0,0,0,0,0,0,0,0,0
0.8900487422943115,0,0.0,0.0,0.0,0.0,0.0,0.0,0.0,0.0,0.03,0,0,0,0,0,0,0,0,0,0,0,0,0,0,0,0,0,0,0,0,0
0.8920814990997314,0,0.0,0.0,0.0,0.0,0.0,0.0,0.0,0.0,0.03,0,0,0,0,0,0,0,0,0,0,0,0,0,0,0,0,0,0,0,0,0
0.8934187889099121,0,0.0,0.0,0.0,0.0,0.0,0.0,0.0,0.0,0.03,0,0,0,0,0,0,0,0,0,0,0,0,0,0,0,0,0,0,0,0,0
0.89451003074646,0,0.0,0.0,0.0,0.0,0.0,0.0,0.0,0.0,0.03,0,0,0,0,0,0,0,0,0,0,0,0,0,0,0,0,0,0,0,0,0
0.8960425853729248,0,0.0,0.0,0.0,0.0,0.0,0.0,0.0,0.0,0.03,0,0,0,0,0,0,0,0,0,0,0,0,0,0,0,0,0,0,0,0,0
0.8971762657165527,0,0.0,0.0,0.0,0.0,0.0,0.0,0.0,0.0,0.03,0,0,0,0,0,0,0,0,0,0,0,0,0,0,0,0,0,0,0,0,0
0.8982713222503662,0,0.0,0.0,0.0,0.0,0.0,0.0,0.0,0.0,0.03,0,0,0,0,0,0,0,0,0,0,0,0,0,0,0,0,0,0,0,0,0
0.8996050357818604,0,0.0,0.0,0.0,0.0,0.0,0.0,0.0,0.0,0.03,0,0,0,0,0,0,0,0,0,0,0,0,0,0,0,0,0,0,0,0,0
0.9008283615112305,0,0.0,0.0,0.0,0.0,0.0,0.0,0.0,0.0,0.03,0,0,0,0,0,0,0,0,0,0,0,0,0,0,0,0,0,0,0,0,0
0.9019405841827393,0,0.0,0.0,0.0,0.0,0.0,0.0,0.0,0.0,0.03,0,0,0,0,0,0,0,0,0,0,0,0,0,0,0,0,0,0,0,0,0
0.903029203414917,0,0.0,0.0,0.0,0.0,0.0,0.0,0.0,0.0,0.03,0,0,0,0,0,0,0,0,0,0,0,0,0,0,0,0,0,0,0,0,0
0.9056007862091064,0,0.0,0.0,0.0,0.0,0.0,0.0,0.0,0.0,0.03,0,0,0,0,0,0,0,0,0,0,0,0,0,0,0,0,0,0,0,0,0
0.9069826602935791,0,0.0,0.0,0.0,0.0,0.0,0.0,0.0,0.0,0.03,0,0,0,0,0,0,0,0,0,0,0,0,0,0,0,0,0,0,0,0,0
0.9088339805603027,0,0.0,0.0,0.0,0.0,0.0,0.0,0.0,0.0,0.03,0,0,0,0,0,0,0,0,0,0,0,0,0,0,0,0,0,0,0,0,0
0.9099075794219971,0,0.0,0.0,0.0,0.0,0.0,0.0,0.0,0.0,0.03,0,0,0,0,0,0,0,0,0,0,0,0,0,0,0,0,0,0,0,0,0
0.912595272064209,0,0.0,0.0,0.0,0.0,0.0,0.0,0.0,0.0,0.03,0,0,0,0,0,0,0,0,0,0,0,0,0,0,0,0,0,0,0,0,0
0.9137728214263916,0,0.0,0.0,0.0,0.0,0.0,0.0,0.0,0.0,0.03,0,0,0,0,0,0,0,0,0,0,0,0,0,0,0,0,0,0,0,0,0
0.9158105850219727,0,0.0,0.0,0.0,0.0,0.0,0.0,0.0,0.0,0.03,0,0,0,0,0,0,0,0,0,0,0,0,0,0,0,0,0,0,0,0,0
0.9179751873016357,0,0.0,0.0,0.0,0.0,0.0,0.0,0.0,0.0,0.03,0,0,0,0,0,0,0,0,0,0,0,0,0,0,0,0,0,0,0,0,0
0.9190773963928223,0,0.0,0.0,0.0,0.0,0.0,0.0,0.0,0.0,0.03,0,0,0,0,0,0,0,0,0,0,0,0,0,0,0,0,0,0,0,0,0
0.9206240177154541,0,0.0,0.0,0.0,0.0,0.0,0.0,0.0,0.0,0.03,0,0,0,0,0,0,0,0,0,0,0,0,0,0,0,0,0,0,0,0,0
0.9219925403594971,0,0.0,0.0,0.0,0.0,0.0,0.0,0.0,0.0,0.03,0,0,0,0,0,0,0,0,0,0,0,0,0,0,0,0,0,0,0,0,0
0.9231181144714355,0,0.0,0.0,0.0,0.0,0.0,0.0,0.0,0.0,0.03,0,0,0,0,0,0,0,0,0,0,0,0,0,0,0,0,0,0,0,0,0
0.9241914749145508,0,0.0,0.0,0.0,0.0,0.0,0.0,0.0,0.0,0.03,0,0,0,0,0,0,0,0,0,0,0,0,0,0,0,0,0,0,0,0,0
0.9255528450012207,0,0.0,0.0,0.0,0.0,0.0,0.0,0.0,0.0,0.03,0,0,0,0,0,0,0,0,0,0,0,0,0,0,0,0,0,0,0,0,0
0.9268603324890137,0,0.0,0.0,0.0,0.0,0.0,0.0,0.0,0.0,0.03,0,0,0,0,0,0,0,0,0,0,0,0,0,0,0,0,0,0,0,0,0
0.9280948638916016,0,0.0,0.0,0.0,0.0,0.0,0.0,0.0,0.0,0.03,0,0,0,0,0,0,0,0,0,0,0,0,0,0,0,0,0,0,0,0,0
0.9304714202880859,0,0.0,0.0,0.0,0.0,0.0,0.0,0.0,0.0,0.03,0,0,0,0,0,0,0,0,0,0,0,0,0,0,0,0,0,0,0,0,0
0.9330229759216309,0,0.0,0.0,0.0,0.0,0.0,0.0,0.0,0.0,0.03,0,0,0,0,0,0,0,0,0,0,0,0,0,0,0,0,0,0,0,0,0
0.9342179298400879,0,0.0,0.0,0.0,0.0,0.0,0.0,0.0,0.0,0.03,0,0,0,0,0,0,0,0,0,0,0,0,0,0,0,0,0,0,0,0,0
0.9365179538726807,0,0.0,0.0,0.0,0.0,0.0,0.0,0.0,0.0,0.03,0,0,0,0,0,0,0,0,0,0,0,0,0,0,0,0,0,0,0,0,0
0.9377801418304443,0,0.0,0.0,0.0,0.0,0.0,0.0,0.0,0.0,0.03,0,0,0,0,0,0,0,0,0,0,0,0,0,0,0,0,0,0,0,0,0
0.9388549327850342,0,0.0,0.0,0.0,0.0,0.0,0.0,0.0,0.0,0.03,0,0,0,0,0,0,0,0,0,0,0,0,0,0,0,0,0,0,0,0,0
0.9406745433807373,0,0.0,0.0,0.0,0.0,0.0,0.0,0.0,0.0,0.03,0,0,0,0,0,0,0,0,0,0,0,0,0,0,0,0,0,0,0,0,0
0.9418175220489502,0,0.0,0.0,0.0,0.0,0.0,0.0,0.0,0.0,0.03,0,0,0,0,0,0,0,0,0,0,0,0,0,0,0,0,0,0,0,0,0
0.9429917335510254,0,0.0,0.0,0.0,0.0,0.0,0.0,0.0,0.0,0.03,0,0,0,0,0,0,0,0,0,0,0,0,0,0,0,0,0,0,0,0,0
0.9441392421722412,0,0.0,0.0,0.0,0.0,0.0,0.0,0.0,0.0,0.03,0,0,0,0,0,0,0,0,0,0,0,0,0,0,0,0,0,0,0,0,0
0.9454905986785889,0,0.0,0.0,0.0,0.0,0.0,0.0,0.0,0.0,0.03,0,0,0,0,0,0,0,0,0,0,0,0,0,0,0,0,0,0,0,0,0
0.9491004943847656,0,0.0,0.0,0.0,0.0,0.0,0.0,0.0,0.0,0.03,0,0,0,0,0,0,0,0,0,0,0,0,0,0,0,0,0,0,0,0,0
0.9517993927001953,0,0.0,0.0,0.0,0.0,0.0,0.0,0.0,0.0,0.03,0,0,0,0,0,0,0,0,0,0,0,0,0,0,0,0,0,0,0,0,0
0.9530103206634521,0,0.0,0.0,0.0,0.0,0.0,0.0,0.0,0.0,0.03,0,0,0,0,0,0,0,0,0,0,0,0,0,0,0,0,0,0,0,0,0
0.9544012546539307,0,0.0,0.0,0.0,0.0,0.0,0.0,0.0,0.0,0.03,0,0,0,0,0,0,0,0,0,0,0,0,0,0,0,0,0,0,0,0,0
0.9562816619873047,0,0.0,0.0,0.0,0.0,0.0,0.0,0.0,0.0,0.03,0,0,0,0,0,0,0,0,0,0,0,0,0,0,0,0,0,0,0,0,0
0.9575228691101074,0,0.0,0.0,0.0,0.0,0.0,0.0,0.0,0.0,0.03,0,0,0,0,0,0,0,0,0,0,0,0,0,0,0,0,0,0,0,0,0
0.9586167335510254,0,0.0,0.0,0.0,0.0,0.0,0.0,0.0,0.0,0.03,0,0,0,0,0,0,0,0,0,0,0,0,0,0,0,0,0,0,0,0,0
0.959693431854248,0,0.0,0.0,0.0,0.0,0.0,0.0,0.0,0.0,0.03,0,0,0,0,0,0,0,0,0,0,0,0,0,0,0,0,0,0,0,0,0
0.9610772132873535,0,0.0,0.0,0.0,0.0,0.0,0.0,0.0,0.0,0.03,0,0,0,0,0,0,0,0,0,0,0,0,0,0,0,0,0,0,0,0,0
0.9643843173980713,0,0.0,0.0,0.0,0.0,0.0,0.0,0.0,0.0,0.03,0,0,0,0,0,0,0,0,0,0,0,0,0,0,0,0,0,0,0,0,0
0.9658594131469727,0,0.0,0.0,0.0,0.0,0.0,0.0,0.0,0.0,0.03,0,0,0,0,0,0,0,0,0,0,0,0,0,0,0,0,0,0,0,0,0
0.9676806926727295,0,0.0,0.0,0.0,0.0,0.0,0.0,0.0,0.0,0.03,0,0,0,0,0,0,0,0,0,0,0,0,0,0,0,0,0,0,0,0,0
0.9701201915740967,0,0.0,0.0,0.0,0.0,0.0,0.0,0.0,0.0,0.03,0,0,0,0,0,0,0,0,0,0,0,0,0,0,0,0,0,0,0,0,0
0.9713466167449951,0,0.0,0.0,0.0,0.0,0.0,0.0,0.0,0.0,0.03,0,0,0,0,0,0,0,0,0,0,0,0,0,0,0,0,0,0,0,0,0
0.972445011138916,0,0.0,0.0,0.0,0.0,0.0,0.0,0.0,0.0,0.03,0,0,0,0,0,0,0,0,0,0,0,0,0,0,0,0,0,0,0,0,0
0.9738531112670898,0,0.0,0.0,0.0,0.0,0.0,0.0,0.0,0.0,0.03,0,0,0,0,0,0,0,0,0,0,0,0,0,0,0,0,0,0,0,0,0
0.9759693145751953,0,0.0,0.0,0.0,0.0,0.0,0.0,0.0,0.0,0.03,0,0,0,0,0,0,0,0,0,0,0,0,0,0,0,0,0,0,0,0,0
0.9774205684661865,0,0.0,0.0,0.0,0.0,0.0,0.0,0.0,0.0,0.03,0,0,0,0,0,0,0,0,0,0,0,0,0,0,0,0,0,0,0,0,0
0.9785935878753662,0,0.0,0.0,0.0,0.0,0.0,0.0,0.0,0.0,0.03,0,0,0,0,0,0,0,0,0,0,0,0,0,0,0,0,0,0,0,0,0
0.9805641174316406,0,0.0,0.0,0.0,0.0,0.0,0.0,0.0,0.0,0.03,0,0,0,0,0,0,0,0,0,0,0,0,0,0,0,0,0,0,0,0,0
0.9816830158233643,0,0.0,0.0,0.0,0.0,0.0,0.0,0.0,0.0,0.03,0,0,0,0,0,0,0,0,0,0,0,0,0,0,0,0,0,0,0,0,0
0.9827737808227539,0,0.0,0.0,0.0,0.0,0.0,0.0,0.0,0.0,0.03,0,0,0,0,0,0,0,0,0,0,0,0,0,0,0,0,0,0,0,0,0
0.983942985534668,0,0.0,0.0,0.0,0.0,0.0,0.0,0.0,0.0,0.03,0,0,0,0,0,0,0,0,0,0,0,0,0,0,0,0,0,0,0,0,0
0.9853148460388184,0,0.0,0.0,0.0,0.0,0.0,0.0,0.0,0.0,0.03,0,0,0,0,0,0,0,0,0,0,0,0,0,0,0,0,0,0,0,0,0
0.9864022731781006,0,0.0,0.0,0.0,0.0,0.0,0.0,0.0,0.0,0.03,0,0,0,0,0,0,0,0,0,0,0,0,0,0,0,0,0,0,0,0,0
0.9878106117248535,0,0.0,0.0,0.0,0.0,0.0,0.0,0.0,0.0,0.03,0,0,0,0,0,0,0,0,0,0,0,0,0,0,0,0,0,0,0,0,0
0.9893677234649658,0,0.0,0.0,0.0,0.0,0.0,0.0,0.0,0.0,0.03,0,0,0,0,0,0,0,0,0,0,0,0,0,0,0,0,0,0,0,0,0
0.992340087890625,0,0.0,0.0,0.0,0.0,0.0,0.0,0.0,0.0,0.03,0,0,0,0,0,0,0,0,0,0,0,0,0,0,0,0,0,0,0,0,0
0.9934165477752686,0,0.0,0.0,0.0,0.0,0.0,0.0,0.0,0.0,0.03,0,0,0,0,0,0,0,0,0,0,0,0,0,0,0,0,0,0,0,0,0
0.9948127269744873,0,0.0,0.0,0.0,0.0,0.0,0.0,0.0,0.0,0.03,0,0,0,0,0,0,0,0,0,0,0,0,0,0,0,0,0,0,0,0,0
0.9960088729858398,0,0.0,0.0,0.0,0.0,0.0,0.0,0.0,0.0,0.03,0,0,0,0,0,0,0,0,0,0,0,0,0,0,0,0,0,0,0,0,0
0.9971206188201904,0,0.0,0.0,0.0,0.0,0.0,0.0,0.0,0.0,0.03,0,0,0,0,0,0,0,0,0,0,0,0,0,0,0,0,0,0,0,0,0
0.9984369277954102,0,0.0,0.0,0.0,0.0,0.0,0.0,0.0,0.0,0.03,0,0,0,0,0,0,0,0,0,0,0,0,0,0,0,0,0,0,0,0,0
0.9998328685760498,0,0.0,0.0,0.0,0.0,0.0,0.0,0.0,0.0,0.03,0,0,0,0,0,0,0,0,0,0,0,0,0,0,0,0,0,0,0,0,0
1.0011086463928223,0,0.0,0.0,0.0,0.0,0.0,0.0,0.0,0.0,0.03,0,0,0,0,0,0,0,0,0,0,0,0,0,0,0,0,0,0,0,0,0
1.0023694038391113,0,0.0,0.0,0.0,0.0,0.0,0.0,0.0,0.0,0.03,0,0,0,0,0,0,0,0,0,0,0,0,0,0,0,0,0,0,0,0,0
1.0035040378570557,0,0.0,0.0,0.0,0.0,0.0,0.0,0.0,0.0,0.03,0,0,0,0,0,0,0,0,0,0,0,0,0,0,0,0,0,0,0,0,0
1.004831314086914,0,0.0,0.0,0.0,0.0,0.0,0.0,0.0,0.0,0.03,0,0,0,0,0,0,0,0,0,0,0,0,0,0,0,0,0,0,0,0,0
1.0059328079223633,0,0.0,0.0,0.0,0.0,0.0,0.0,0.0,0.0,0.03,0,0,0,0,0,0,0,0,0,0,0,0,0,0,0,0,0,0,0,0,0
1.007415771484375,0,0.0,0.0,0.0,0.0,0.0,0.0,0.0,0.0,0.03,0,0,0,0,0,0,0,0,0,0,0,0,0,0,0,0,0,0,0,0,0
1.0085949897766113,0,0.0,0.0,0.0,0.0,0.0,0.0,0.0,0.0,0.03,0,0,0,0,0,0,0,0,0,0,0,0,0,0,0,0,0,0,0,0,0
1.0104551315307617,0,0.0,0.0,0.0,0.0,0.0,0.0,0.0,0.0,0.03,0,0,0,0,0,0,0,0,0,0,0,0,0,0,0,0,0,0,0,0,0
1.0120234489440918,0,0.0,0.0,0.0,0.0,0.0,0.0,0.0,0.0,0.03,0,0,0,0,0,0,0,0,0,0,0,0,0,0,0,0,0,0,0,0,0
1.0133519172668457,0,0.0,0.0,0.0,0.0,0.0,0.0,0.0,0.0,0.03,0,0,0,0,0,0,0,0,0,0,0,0,0,0,0,0,0,0,0,0,0
1.0146539211273193,0,0.0,0.0,0.0,0.0,0.0,0.0,0.0,0.0,0.03,0,0,0,0,0,0,0,0,0,0,0,0,0,0,0,0,0,0,0,0,0
1.0161950588226318,0,0.0,0.0,0.0,0.0,0.0,0.0,0.0,0.0,0.03,0,0,0,0,0,0,0,0,0,0,0,0,0,0,0,0,0,0,0,0,0
1.0178699493408203,0,0.0,0.0,0.0,0.0,0.0,0.0,0.0,0.0,0.03,0,0,0,0,0,0,0,0,0,0,0,0,0,0,0,0,0,0,0,0,0
1.0192368030548096,0,0.0,0.0,0.0,0.0,0.0,0.0,0.0,0.0,0.03,0,0,0,0,0,0,0,0,0,0,0,0,0,0,0,0,0,0,0,0,0
1.0208046436309814,0,0.0,0.0,0.0,0.0,0.0,0.0,0.0,0.0,0.03,0,0,0,0,0,0,0,0,0,0,0,0,0,0,0,0,0,0,0,0,0
1.021991491317749,0,0.0,0.0,0.0,0.0,0.0,0.0,0.0,0.0,0.03,0,0,0,0,0,0,0,0,0,0,0,0,0,0,0,0,0,0,0,0,0
1.0255682468414307,0,0.0,0.0,0.0,0.0,0.0,0.0,0.0,0.0,0.03,0,0,0,0,0,0,0,0,0,0,0,0,0,0,0,0,0,0,0,0,0
1.0270895957946777,0,0.0,0.0,0.0,0.0,0.0,0.0,0.0,0.0,0.03,0,0,0,0,0,0,0,0,0,0,0,0,0,0,0,0,0,0,0,0,0
1.0281877517700195,0,0.0,0.0,0.0,0.0,0.0,0.0,0.0,0.0,0.03,0,0,0,0,0,0,0,0,0,0,0,0,0,0,0,0,0,0,0,0,0
1.0293126106262207,0,0.0,0.0,0.0,0.0,0.0,0.0,0.0,0.0,0.03,0,0,0,0,0,0,0,0,0,0,0,0,0,0,0,0,0,0,0,0,0
1.030679702758789,0,0.0,0.0,0.0,0.0,0.0,0.0,0.0,0.0,0.03,0,0,0,0,0,0,0,0,0,0,0,0,0,0,0,0,0,0,0,0,0
1.0324339866638184,0,0.0,0.0,0.0,0.0,0.0,0.0,0.0,0.0,0.03,0,0,0,0,0,0,0,0,0,0,0,0,0,0,0,0,0,0,0,0,0
1.0339229106903076,0,0.0,0.0,0.0,0.0,0.0,0.0,0.0,0.0,0.03,0,0,0,0,0,0,0,0,0,0,0,0,0,0,0,0,0,0,0,0,0
1.0356121063232422,0,0.0,0.0,0.0,0.0,0.0,0.0,0.0,0.0,0.03,0,0,0,0,0,0,0,0,0,0,0,0,0,0,0,0,0,0,0,0,0
1.0367066860198975,0,0.0,0.0,0.0,0.0,0.0,0.0,0.0,0.0,0.03,0,0,0,0,0,0,0,0,0,0,0,0,0,0,0,0,0,0,0,0,0
1.0380675792694092,0,0.0,0.0,0.0,0.0,0.0,0.0,0.0,0.0,0.03,0,0,0,0,0,0,0,0,0,0,0,0,0,0,0,0,0,0,0,0,0
1.0391600131988525,0,0.0,0.0,0.0,0.0,0.0,0.0,0.0,0.0,0.03,0,0,0,0,0,0,0,0,0,0,0,0,0,0,0,0,0,0,0,0,0
1.0410964488983154,0,0.0,0.0,0.0,0.0,0.0,0.0,0.0,0.0,0.03,0,0,0,0,0,0,0,0,0,0,0,0,0,0,0,0,0,0,0,0,0
1.0424323081970215,0,0.0,0.0,0.0,0.0,0.0,0.0,0.0,0.0,0.03,0,0,0,0,0,0,0,0,0,0,0,0,0,0,0,0,0,0,0,0,0
1.0435905456542969,0,0.0,0.0,0.0,0.0,0.0,0.0,0.0,0.0,0.03,0,0,0,0,0,0,0,0,0,0,0,0,0,0,0,0,0,0,0,0,0
1.0447843074798584,0,0.0,0.0,0.0,0.0,0.0,0.0,0.0,0.0,0.03,0,0,0,0,0,0,0,0,0,0,0,0,0,0,0,0,0,0,0,0,0
1.045879602432251,0,0.0,0.0,0.0,0.0,0.0,0.0,0.0,0.0,0.03,0,0,0,0,0,0,0,0,0,0,0,0,0,0,0,0,0,0,0,0,0
1.0469839572906494,0,0.0,0.0,0.0,0.0,0.0,0.0,0.0,0.0,0.03,0,0,0,0,0,0,0,0,0,0,0,0,0,0,0,0,0,0,0,0,0
1.0489614009857178,0,0.0,0.0,0.0,0.0,0.0,0.0,0.0,0.0,0.03,0,0,0,0,0,0,0,0,0,0,0,0,0,0,0,0,0,0,0,0,0
1.0502650737762451,0,0.0,0.0,0.0,0.0,0.0,0.0,0.0,0.0,0.03,0,0,0,0,0,0,0,0,0,0,0,0,0,0,0,0,0,0,0,0,0
1.0518293380737305,0,0.0,0.0,0.0,0.0,0.0,0.0,0.0,0.0,0.03,0,0,0,0,0,0,0,0,0,0,0,0,0,0,0,0,0,0,0,0,0
1.0532548427581787,0,0.0,0.0,0.0,0.0,0.0,0.0,0.0,0.0,0.03,0,0,0,0,0,0,0,0,0,0,0,0,0,0,0,0,0,0,0,0,0
1.054518222808838,0,0.0,0.0,0.0,0.0,0.0,0.0,0.0,0.0,0.03,0,0,0,0,0,0,0,0,0,0,0,0,0,0,0,0,0,0,0,0,0
1.0570733547210693,0,0.0,0.0,0.0,0.0,0.0,0.0,0.0,0.0,0.03,0,0,0,0,0,0,0,0,0,0,0,0,0,0,0,0,0,0,0,0,0
1.0585992336273193,0,0.0,0.0,0.0,0.0,0.0,0.0,0.0,0.0,0.03,0,0,0,0,0,0,0,0,0,0,0,0,0,0,0,0,0,0,0,0,0
1.0598015785217285,0,0.0,0.0,0.0,0.0,0.0,0.0,0.0,0.0,0.03,0,0,0,0,0,0,0,0,0,0,0,0,0,0,0,0,0,0,0,0,0
1.0620968341827393,0,0.0,0.0,0.0,0.0,0.0,0.0,0.0,0.0,0.03,0,0,0,0,0,0,0,0,0,0,0,0,0,0,0,0,0,0,0,0,0
1.0633001327514648,0,0.0,0.0,0.0,0.0,0.0,0.0,0.0,0.0,0.03,0,0,0,0,0,0,0,0,0,0,0,0,0,0,0,0,0,0,0,0,0
1.0644419193267822,0,0.0,0.0,0.0,0.0,0.0,0.0,0.0,0.0,0.03,0,0,0,0,0,0,0,0,0,0,0,0,0,0,0,0,0,0,0,0,0
1.0655913352966309,0,0.0,0.0,0.0,0.0,0.0,0.0,0.0,0.0,0.03,0,0,0,0,0,0,0,0,0,0,0,0,0,0,0,0,0,0,0,0,0
1.0666754245758057,0,0.0,0.0,0.0,0.0,0.0,0.0,0.0,0.0,0.03,0,0,0,0,0,0,0,0,0,0,0,0,0,0,0,0,0,0,0,0,0
1.0678308010101318,0,0.0,0.0,0.0,0.0,0.0,0.0,0.0,0.0,0.03,0,0,0,0,0,0,0,0,0,0,0,0,0,0,0,0,0,0,0,0,0
1.069166660308838,0,0.0,0.0,0.0,0.0,0.0,0.0,0.0,0.0,0.03,0,0,0,0,0,0,0,0,0,0,0,0,0,0,0,0,0,0,0,0,0
1.0723628997802734,0,0.0,0.0,0.0,0.0,0.0,0.0,0.0,0.0,0.03,0,0,0,0,0,0,0,0,0,0,0,0,0,0,0,0,0,0,0,0,0
1.0736849308013916,0,0.0,0.0,0.0,0.0,0.0,0.0,0.0,0.0,0.03,0,0,0,0,0,0,0,0,0,0,0,0,0,0,0,0,0,0,0,0,0
1.0749950408935547,0,0.0,0.0,0.0,0.0,0.0,0.0,0.0,0.0,0.03,0,0,0,0,0,0,0,0,0,0,0,0,0,0,0,0,0,0,0,0,0
1.0761127471923828,0,0.0,0.0,0.0,0.0,0.0,0.0,0.0,0.0,0.03,0,0,0,0,0,0,0,0,0,0,0,0,0,0,0,0,0,0,0,0,0
1.0776219367980957,0,0.0,0.0,0.0,0.0,0.0,0.0,0.0,0.0,0.03,0,0,0,0,0,0,0,0,0,0,0,0,0,0,0,0,0,0,0,0,0
1.0787734985351562,0,0.0,0.0,0.0,0.0,0.0,0.0,0.0,0.0,0.03,0,0,0,0,0,0,0,0,0,0,0,0,0,0,0,0,0,0,0,0,0
1.079883098602295,0,0.0,0.0,0.0,0.0,0.0,0.0,0.0,0.0,0.03,0,0,0,0,0,0,0,0,0,0,0,0,0,0,0,0,0,0,0,0,0
1.0810050964355469,0,0.0,0.0,0.0,0.0,0.0,0.0,0.0,0.0,0.03,0,0,0,0,0,0,0,0,0,0,0,0,0,0,0,0,0,0,0,0,0
1.0822665691375732,0,0.0,0.0,0.0,0.0,0.0,0.0,0.0,0.0,0.03,0,0,0,0,0,0,0,0,0,0,0,0,0,0,0,0,0,0,0,0,0
1.0856435298919678,0,0.0,0.0,0.0,0.0,0.0,0.0,0.0,0.0,0.03,0,0,0,0,0,0,0,0,0,0,0,0,0,0,0,0,0,0,0,0,0
1.0871591567993164,0,0.0,0.0,0.0,0.0,0.0,0.0,0.0,0.0,0.03,0,0,0,0,0,0,0,0,0,0,0,0,0,0,0,0,0,0,0,0,0
1.0889973640441895,0,0.0,0.0,0.0,0.0,0.0,0.0,0.0,0.0,0.03,0,0,0,0,0,0,0,0,0,0,0,0,0,0,0,0,0,0,0,0,0
1.0929267406463623,0,0.0,0.0,0.0,0.0,0.0,0.0,0.0,0.0,0.03,0,0,0,0,0,0,0,0,0,0,0,0,0,0,0,0,0,0,0,0,0
1.0941243171691895,0,0.0,0.0,0.0,0.0,0.0,0.0,0.0,0.0,0.03,0,0,0,0,0,0,0,0,0,0,0,0,0,0,0,0,0,0,0,0,0
1.0954947471618652,0,0.0,0.0,0.0,0.0,0.0,0.0,0.0,0.0,0.03,0,0,0,0,0,0,0,0,0,0,0,0,0,0,0,0,0,0,0,0,0
1.097562551498413,0,0.0,0.0,0.0,0.0,0.0,0.0,0.0,0.0,0.03,0,0,0,0,0,0,0,0,0,0,0,0,0,0,0,0,0,0,0,0,0
1.0989809036254883,0,0.0,0.0,0.0,0.0,0.0,0.0,0.0,0.0,0.03,0,0,0,0,0,0,0,0,0,0,0,0,0,0,0,0,0,0,0,0,0
1.1001181602478027,0,0.0,0.0,0.0,0.0,0.0,0.0,0.0,0.0,0.03,0,0,0,0,0,0,0,0,0,0,0,0,0,0,0,0,0,0,0,0,0
1.1021156311035156,0,0.0,0.0,0.0,0.0,0.0,0.0,0.0,0.0,0.03,0,0,0,0,0,0,0,0,0,0,0,0,0,0,0,0,0,0,0,0,0
1.1032710075378418,0,0.0,0.0,0.0,0.0,0.0,0.0,0.0,0.0,0.03,0,0,0,0,0,0,0,0,0,0,0,0,0,0,0,0,0,0,0,0,0
1.1043565273284912,0,0.0,0.0,0.0,0.0,0.0,0.0,0.0,0.0,0.03,0,0,0,0,0,0,0,0,0,0,0,0,0,0,0,0,0,0,0,0,0
1.1055009365081787,0,0.0,0.0,0.0,0.0,0.0,0.0,0.0,0.0,0.03,0,0,0,0,0,0,0,0,0,0,0,0,0,0,0,0,0,0,0,0,0
1.1067464351654053,0,0.0,0.0,0.0,0.0,0.0,0.0,0.0,0.0,0.03,0,0,0,0,0,0,0,0,0,0,0,0,0,0,0,0,0,0,0,0,0
1.1081039905548096,0,0.0,0.0,0.0,0.0,0.0,0.0,0.0,0.0,0.03,0,0,0,0,0,0,0,0,0,0,0,0,0,0,0,0,0,0,0,0,0
1.1098003387451172,0,0.0,0.0,0.0,0.0,0.0,0.0,0.0,0.0,0.03,0,0,0,0,0,0,0,0,0,0,0,0,0,0,0,0,0,0,0,0,0
1.1108684539794922,0,0.0,0.0,0.0,0.0,0.0,0.0,0.0,0.0,0.03,0,0,0,0,0,0,0,0,0,0,0,0,0,0,0,0,0,0,0,0,0
1.1128044128417969,0,0.0,0.0,0.0,0.0,0.0,0.0,0.0,0.0,0.03,0,0,0,0,0,0,0,0,0,0,0,0,0,0,0,0,0,0,0,0,0
1.1141066551208496,0,0.0,0.0,0.0,0.0,0.0,0.0,0.0,0.0,0.03,0,0,0,0,0,0,0,0,0,0,0,0,0,0,0,0,0,0,0,0,0
1.115342378616333,0,0.0,0.0,0.0,0.0,0.0,0.0,0.0,0.0,0.03,0,0,0,0,0,0,0,0,0,0,0,0,0,0,0,0,0,0,0,0,0
1.118567943572998,0,0.0,0.0,0.0,0.0,0.0,0.0,0.0,0.0,0.03,0,0,0,0,0,0,0,0,0,0,0,0,0,0,0,0,0,0,0,0,0
1.1197466850280762,0,0.0,0.0,0.0,0.0,0.0,0.0,0.0,0.0,0.03,0,0,0,0,0,0,0,0,0,0,0,0,0,0,0,0,0,0,0,0,0
1.1222984790802002,0,0.0,0.0,0.0,0.0,0.0,0.0,0.0,0.0,0.03,0,0,0,0,0,0,0,0,0,0,0,0,0,0,0,0,0,0,0,0,0
1.1236233711242676,0,0.0,0.0,0.0,0.0,0.0,0.0,0.0,0.0,0.03,0,0,0,0,0,0,0,0,0,0,0,0,0,0,0,0,0,0,0,0,0
1.124912977218628,0,0.0,0.0,0.0,0.0,0.0,0.0,0.0,0.0,0.03,0,0,0,0,0,0,0,0,0,0,0,0,0,0,0,0,0,0,0,0,0
1.1263997554779053,0,0.0,0.0,0.0,0.0,0.0,0.0,0.0,0.0,0.03,0,0,0,0,0,0,0,0,0,0,0,0,0,0,0,0,0,0,0,0,0
1.1275277137756348,0,0.0,0.0,0.0,0.0,0.0,0.0,0.0,0.0,0.03,0,0,0,0,0,0,0,0,0,0,0,0,0,0,0,0,0,0,0,0,0
1.1286239624023438,0,0.0,0.0,0.0,0.0,0.0,0.0,0.0,0.0,0.03,0,0,0,0,0,0,0,0,0,0,0,0,0,0,0,0,0,0,0,0,0
1.1297509670257568,0,0.0,0.0,0.0,0.0,0.0,0.0,0.0,0.0,0.03,0,0,0,0,0,0,0,0,0,0,0,0,0,0,0,0,0,0,0,0,0
1.1309959888458252,0,0.0,0.0,0.0,0.0,0.0,0.0,0.0,0.0,0.03,0,0,0,0,0,0,0,0,0,0,0,0,0,0,0,0,0,0,0,0,0
1.132965326309204,0,0.0,0.0,0.0,0.0,0.0,0.0,0.0,0.0,0.03,0,0,0,0,0,0,0,0,0,0,0,0,0,0,0,0,0,0,0,0,0
1.1345124244689941,0,0.0,0.0,0.0,0.0,0.0,0.0,0.0,0.0,0.03,0,0,0,0,0,0,0,0,0,0,0,0,0,0,0,0,0,0,0,0,0
1.1365299224853516,0,0.0,0.0,0.0,0.0,0.0,0.0,0.0,0.0,0.03,0,0,0,0,0,0,0,0,0,0,0,0,0,0,0,0,0,0,0,0,0
1.1378483772277832,0,0.0,0.0,0.0,0.0,0.0,0.0,0.0,0.0,0.03,0,0,0,0,0,0,0,0,0,0,0,0,0,0,0,0,0,0,0,0,0
1.1390089988708496,0,0.0,0.0,0.0,0.0,0.0,0.0,0.0,0.0,0.03,0,0,0,0,0,0,0,0,0,0,0,0,0,0,0,0,0,0,0,0,0
1.1407585144042969,0,0.0,0.0,0.0,0.0,0.0,0.0,0.0,0.0,0.03,0,0,0,0,0,0,0,0,0,0,0,0,0,0,0,0,0,0,0,0,0
1.1421375274658203,0,0.0,0.0,0.0,0.0,0.0,0.0,0.0,0.0,0.03,0,0,0,0,0,0,0,0,0,0,0,0,0,0,0,0,0,0,0,0,0
1.1432840824127197,0,0.0,0.0,0.0,0.0,0.0,0.0,0.0,0.0,0.03,0,0,0,0,0,0,0,0,0,0,0,0,0,0,0,0,0,0,0,0,0
1.1453473567962646,0,0.0,0.0,0.0,0.0,0.0,0.0,0.0,0.0,0.03,0,0,0,0,0,0,0,0,0,0,0,0,0,0,0,0,0,0,0,0,0
1.1466383934020996,0,0.0,0.0,0.0,0.0,0.0,0.0,0.0,0.0,0.03,0,0,0,0,0,0,0,0,0,0,0,0,0,0,0,0,0,0,0,0,0
1.1497490406036377,0,0.0,0.0,0.0,0.0,0.0,0.0,0.0,0.0,0.03,0,0,0,0,0,0,0,0,0,0,0,0,0,0,0,0,0,0,0,0,0
1.1510529518127441,0,0.0,0.0,0.0,0.0,0.0,0.0,0.0,0.0,0.03,0,0,0,0,0,0,0,0,0,0,0,0,0,0,0,0,0,0,0,0,0
1.1525156497955322,0,0.0,0.0,0.0,0.0,0.0,0.0,0.0,0.0,0.03,0,0,0,0,0,0,0,0,0,0,0,0,0,0,0,0,0,0,0,0,0
1.154155969619751,0,0.0,0.0,0.0,0.0,0.0,0.0,0.0,0.0,0.03,0,0,0,0,0,0,0,0,0,0,0,0,0,0,0,0,0,0,0,0,0
1.156287431716919,0,0.0,0.0,0.0,0.0,0.0,0.0,0.0,0.0,0.03,0,0,0,0,0,0,0,0,0,0,0,0,0,0,0,0,0,0,0,0,0
1.1576309204101562,0,0.0,0.0,0.0,0.0,0.0,0.0,0.0,0.0,0.03,0,0,0,0,0,0,0,0,0,0,0,0,0,0,0,0,0,0,0,0,0
1.1590914726257324,0,0.0,0.0,0.0,0.0,0.0,0.0,0.0,0.0,0.03,0,0,0,0,0,0,0,0,0,0,0,0,0,0,0,0,0,0,0,0,0
1.1602091789245605,0,0.0,0.0,0.0,0.0,0.0,0.0,0.0,0.0,0.03,0,0,0,0,0,0,0,0,0,0,0,0,0,0,0,0,0,0,0,0,0
1.1623499393463135,0,0.0,0.0,0.0,0.0,0.0,0.0,0.0,0.0,0.03,0,0,0,0,0,0,0,0,0,0,0,0,0,0,0,0,0,0,0,0,0
1.1636943817138672,0,0.0,0.0,0.0,0.0,0.0,0.0,0.0,0.0,0.03,0,0,0,0,0,0,0,0,0,0,0,0,0,0,0,0,0,0,0,0,0
1.1647963523864746,0,0.0,0.0,0.0,0.0,0.0,0.0,0.0,0.0,0.03,0,0,0,0,0,0,0,0,0,0,0,0,0,0,0,0,0,0,0,0,0
1.1658740043640137,0,0.0,0.0,0.0,0.0,0.0,0.0,0.0,0.0,0.03,0,0,0,0,0,0,0,0,0,0,0,0,0,0,0,0,0,0,0,0,0
1.1670567989349365,0,0.0,0.0,0.0,0.0,0.0,0.0,0.0,0.0,0.03,0,0,0,0,0,0,0,0,0,0,0,0,0,0,0,0,0,0,0,0,0
1.168203592300415,0,0.0,0.0,0.0,0.0,0.0,0.0,0.0,0.0,0.03,0,0,0,0,0,0,0,0,0,0,0,0,0,0,0,0,0,0,0,0,0
1.1693289279937744,0,0.0,0.0,0.0,0.0,0.0,0.0,0.0,0.0,0.03,0,0,0,0,0,0,0,0,0,0,0,0,0,0,0,0,0,0,0,0,0
1.1704187393188477,0,0.0,0.0,0.0,0.0,0.0,0.0,0.0,0.0,0.03,0,0,0,0,0,0,0,0,0,0,0,0,0,0,0,0,0,0,0,0,0
1.1715357303619385,0,0.0,0.0,0.0,0.0,0.0,0.0,0.0,0.0,0.03,0,0,0,0,0,0,0,0,0,0,0,0,0,0,0,0,0,0,0,0,0
1.1726269721984863,0,0.0,0.0,0.0,0.0,0.0,0.0,0.0,0.0,0.03,0,0,0,0,0,0,0,0,0,0,0,0,0,0,0,0,0,0,0,0,0
1.174126386642456,0,0.0,0.0,0.0,0.0,0.0,0.0,0.0,0.0,0.03,0,0,0,0,0,0,0,0,0,0,0,0,0,0,0,0,0,0,0,0,0
1.1770234107971191,0,0.0,0.0,0.0,0.0,0.0,0.0,0.0,0.0,0.03,0,0,0,0,0,0,0,0,0,0,0,0,0,0,0,0,0,0,0,0,0
1.1783757209777832,0,0.0,0.0,0.0,0.0,0.0,0.0,0.0,0.0,0.03,0,0,0,0,0,0,0,0,0,0,0,0,0,0,0,0,0,0,0,0,0
1.1795103549957275,0,0.0,0.0,0.0,0.0,0.0,0.0,0.0,0.0,0.03,0,0,0,0,0,0,0,0,0,0,0,0,0,0,0,0,0,0,0,0,0
1.1807477474212646,0,0.0,0.0,0.0,0.0,0.0,0.0,0.0,0.0,0.03,0,0,0,0,0,0,0,0,0,0,0,0,0,0,0,0,0,0,0,0,0
1.1819963455200195,0,0.0,0.0,0.0,0.0,0.0,0.0,0.0,0.0,0.03,0,0,0,0,0,0,0,0,0,0,0,0,0,0,0,0,0,0,0,0,0
1.183760404586792,0,0.0,0.0,0.0,0.0,0.0,0.0,0.0,0.0,0.03,0,0,0,0,0,0,0,0,0,0,0,0,0,0,0,0,0,0,0,0,0
1.185011625289917,0,0.0,0.0,0.0,0.0,0.0,0.0,0.0,0.0,0.03,0,0,0,0,0,0,0,0,0,0,0,0,0,0,0,0,0,0,0,0,0
1.1861443519592285,0,0.0,0.0,0.0,0.0,0.0,0.0,0.0,0.0,0.03,0,0,0,0,0,0,0,0,0,0,0,0,0,0,0,0,0,0,0,0,0
1.1873810291290283,0,0.0,0.0,0.0,0.0,0.0,0.0,0.0,0.0,0.03,0,0,0,0,0,0,0,0,0,0,0,0,0,0,0,0,0,0,0,0,0
1.1888892650604248,0,0.0,0.0,0.0,0.0,0.0,0.0,0.0,0.0,0.03,0,0,0,0,0,0,0,0,0,0,0,0,0,0,0,0,0,0,0,0,0
1.189957618713379,0,0.0,0.0,0.0,0.0,0.0,0.0,0.0,0.0,0.03,0,0,0,0,0,0,0,0,0,0,0,0,0,0,0,0,0,0,0,0,0
1.1911125183105469,0,0.0,0.0,0.0,0.0,0.0,0.0,0.0,0.0,0.03,0,0,0,0,0,0,0,0,0,0,0,0,0,0,0,0,0,0,0,0,0
1.1925952434539795,0,0.0,0.0,0.0,0.0,0.0,0.0,0.0,0.0,0.03,0,0,0,0,0,0,0,0,0,0,0,0,0,0,0,0,0,0,0,0,0
1.1943988800048828,0,0.0,0.0,0.0,0.0,0.0,0.0,0.0,0.0,0.03,0,0,0,0,0,0,0,0,0,0,0,0,0,0,0,0,0,0,0,0,0
1.1955370903015137,0,0.0,0.0,0.0,0.0,0.0,0.0,0.0,0.0,0.03,0,0,0,0,0,0,0,0,0,0,0,0,0,0,0,0,0,0,0,0,0
1.1966559886932373,0,0.0,0.0,0.0,0.0,0.0,0.0,0.0,0.0,0.03,0,0,0,0,0,0,0,0,0,0,0,0,0,0,0,0,0,0,0,0,0
1.1981306076049805,0,0.0,0.0,0.0,0.0,0.0,0.0,0.0,0.0,0.03,0,0,0,0,0,0,0,0,0,0,0,0,0,0,0,0,0,0,0,0,0
1.1994125843048096,0,0.0,0.0,0.0,0.0,0.0,0.0,0.0,0.0,0.03,0,0,0,0,0,0,0,0,0,0,0,0,0,0,0,0,0,0,0,0,0
1.200575590133667,0,0.0,0.0,0.0,0.0,0.0,0.0,0.0,0.0,0.03,0,0,0,0,0,0,0,0,0,0,0,0,0,0,0,0,0,0,0,0,0
1.201873779296875,0,0.0,0.0,0.0,0.0,0.0,0.0,0.0,0.0,0.03,0,0,0,0,0,0,0,0,0,0,0,0,0,0,0,0,0,0,0,0,0
1.203385829925537,0,0.0,0.0,0.0,0.0,0.0,0.0,0.0,0.0,0.03,0,0,0,0,0,0,0,0,0,0,0,0,0,0,0,0,0,0,0,0,0
1.2044789791107178,0,0.0,0.0,0.0,0.0,0.0,0.0,0.0,0.0,0.03,0,0,0,0,0,0,0,0,0,0,0,0,0,0,0,0,0,0,0,0,0
1.205820083618164,0,0.0,0.0,0.0,0.0,0.0,0.0,0.0,0.0,0.03,0,0,0,0,0,0,0,0,0,0,0,0,0,0,0,0,0,0,0,0,0
1.2071540355682373,0,0.0,0.0,0.0,0.0,0.0,0.0,0.0,0.0,0.03,0,0,0,0,0,0,0,0,0,0,0,0,0,0,0,0,0,0,0,0,0
1.2082443237304688,0,0.0,0.0,0.0,0.0,0.0,0.0,0.0,0.0,0.03,0,0,0,0,0,0,0,0,0,0,0,0,0,0,0,0,0,0,0,0,0
1.2112460136413574,0,0.0,0.0,0.0,0.0,0.0,0.0,0.0,0.0,0.03,0,0,0,0,0,0,0,0,0,0,0,0,0,0,0,0,0,0,0,0,0
1.2127964496612549,0,0.0,0.0,0.0,0.0,0.0,0.0,0.0,0.0,0.03,0,0,0,0,0,0,0,0,0,0,0,0,0,0,0,0,0,0,0,0,0
1.2147417068481445,0,0.0,0.0,0.0,0.0,0.0,0.0,0.0,0.0,0.03,0,0,0,0,0,0,0,0,0,0,0,0,0,0,0,0,0,0,0,0,0
1.2164320945739746,0,0.0,0.0,0.0,0.0,0.0,0.0,0.0,0.0,0.03,0,0,0,0,0,0,0,0,0,0,0,0,0,0,0,0,0,0,0,0,0
1.2175557613372803,0,0.0,0.0,0.0,0.0,0.0,0.0,0.0,0.0,0.03,0,0,0,0,0,0,0,0,0,0,0,0,0,0,0,0,0,0,0,0,0
1.218916416168213,0,0.0,0.0,0.0,0.0,0.0,0.0,0.0,0.0,0.03,0,0,0,0,0,0,0,0,0,0,0,0,0,0,0,0,0,0,0,0,0
1.2203373908996582,0,0.0,0.0,0.0,0.0,0.0,0.0,0.0,0.0,0.03,0,0,0,0,0,0,0,0,0,0,0,0,0,0,0,0,0,0,0,0,0
1.22304105758667,0,0.0,0.0,0.0,0.0,0.0,0.0,0.0,0.0,0.03,0,0,0,0,0,0,0,0,0,0,0,0,0,0,0,0,0,0,0,0,0
1.2248015403747559,0,0.0,0.0,0.0,0.0,0.0,0.0,0.0,0.0,0.03,0,0,0,0,0,0,0,0,0,0,0,0,0,0,0,0,0,0,0,0,0
1.2260067462921143,0,0.0,0.0,0.0,0.0,0.0,0.0,0.0,0.0,0.03,0,0,0,0,0,0,0,0,0,0,0,0,0,0,0,0,0,0,0,0,0
1.2277560234069824,0,0.0,0.0,0.0,0.0,0.0,0.0,0.0,0.0,0.03,0,0,0,0,0,0,0,0,0,0,0,0,0,0,0,0,0,0,0,0,0
1.2291126251220703,0,0.0,0.0,0.0,0.0,0.0,0.0,0.0,0.0,0.03,0,0,0,0,0,0,0,0,0,0,0,0,0,0,0,0,0,0,0,0,0
1.2303259372711182,0,0.0,0.0,0.0,0.0,0.0,0.0,0.0,0.0,0.03,0,0,0,0,0,0,0,0,0,0,0,0,0,0,0,0,0,0,0,0,0
1.2315127849578857,0,0.0,0.0,0.0,0.0,0.0,0.0,0.0,0.0,0.03,0,0,0,0,0,0,0,0,0,0,0,0,0,0,0,0,0,0,0,0,0
1.2328691482543945,0,0.0,0.0,0.0,0.0,0.0,0.0,0.0,0.0,0.03,0,0,0,0,0,0,0,0,0,0,0,0,0,0,0,0,0,0,0,0,0
1.2339556217193604,0,0.0,0.0,0.0,0.0,0.0,0.0,0.0,0.0,0.03,0,0,0,0,0,0,0,0,0,0,0,0,0,0,0,0,0,0,0,0,0
1.235393762588501,0,0.0,0.0,0.0,0.0,0.0,0.0,0.0,0.0,0.03,0,0,0,0,0,0,0,0,0,0,0,0,0,0,0,0,0,0,0,0,0
1.2368905544281006,0,0.0,0.0,0.0,0.0,0.0,0.0,0.0,0.0,0.03,0,0,0,0,0,0,0,0,0,0,0,0,0,0,0,0,0,0,0,0,0
1.2386038303375244,0,0.0,0.0,0.0,0.0,0.0,0.0,0.0,0.0,0.03,0,0,0,0,0,0,0,0,0,0,0,0,0,0,0,0,0,0,0,0,0
1.240166187286377,0,0.0,0.0,0.0,0.0,0.0,0.0,0.0,0.0,0.03,0,0,0,0,0,0,0,0,0,0,0,0,0,0,0,0,0,0,0,0,0
1.241492748260498,0,0.0,0.0,0.0,0.0,0.0,0.0,0.0,0.0,0.03,0,0,0,0,0,0,0,0,0,0,0,0,0,0,0,0,0,0,0,0,0
1.2428109645843506,0,0.0,0.0,0.0,0.0,0.0,0.0,0.0,0.0,0.03,0,0,0,0,0,0,0,0,0,0,0,0,0,0,0,0,0,0,0,0,0
1.243999719619751,0,0.0,0.0,0.0,0.0,0.0,0.0,0.0,0.0,0.03,0,0,0,0,0,0,0,0,0,0,0,0,0,0,0,0,0,0,0,0,0
1.2456920146942139,0,0.0,0.0,0.0,0.0,0.0,0.0,0.0,0.0,0.03,0,0,0,0,0,0,0,0,0,0,0,0,0,0,0,0,0,0,0,0,0
1.2469346523284912,0,0.0,0.0,0.0,0.0,0.0,0.0,0.0,0.0,0.03,0,0,0,0,0,0,0,0,0,0,0,0,0,0,0,0,0,0,0,0,0
1.248115062713623,0,0.0,0.0,0.0,0.0,0.0,0.0,0.0,0.0,0.03,0,0,0,0,0,0,0,0,0,0,0,0,0,0,0,0,0,0,0,0,0
1.2492458820343018,0,0.0,0.0,0.0,0.0,0.0,0.0,0.0,0.0,0.03,0,0,0,0,0,0,0,0,0,0,0,0,0,0,0,0,0,0,0,0,0
1.2504212856292725,0,0.0,0.0,0.0,0.0,0.0,0.0,0.0,0.0,0.03,0,0,0,0,0,0,0,0,0,0,0,0,0,0,0,0,0,0,0,0,0
1.2515521049499512,0,0.0,0.0,0.0,0.0,0.0,0.0,0.0,0.0,0.03,0,0,0,0,0,0,0,0,0,0,0,0,0,0,0,0,0,0,0,0,0
1.2527127265930176,0,0.0,0.0,0.0,0.0,0.0,0.0,0.0,0.0,0.03,0,0,0,0,0,0,0,0,0,0,0,0,0,0,0,0,0,0,0,0,0
1.2537751197814941,0,0.0,0.0,0.0,0.0,0.0,0.0,0.0,0.0,0.03,0,0,0,0,0,0,0,0,0,0,0,0,0,0,0,0,0,0,0,0,0
1.255113124847412,0,0.0,0.0,0.0,0.0,0.0,0.0,0.0,0.0,0.03,0,0,0,0,0,0,0,0,0,0,0,0,0,0,0,0,0,0,0,0,0
1.2564549446105957,0,0.0,0.0,0.0,0.0,0.0,0.0,0.0,0.0,0.03,0,0,0,0,0,0,0,0,0,0,0,0,0,0,0,0,0,0,0,0,0
1.258533239364624,0,0.0,0.0,0.0,0.0,0.0,0.0,0.0,0.0,0.03,0,0,0,0,0,0,0,0,0,0,0,0,0,0,0,0,0,0,0,0,0
1.2602958679199219,0,0.0,0.0,0.0,0.0,0.0,0.0,0.0,0.0,0.03,0,0,0,0,0,0,0,0,0,0,0,0,0,0,0,0,0,0,0,0,0
1.2614195346832275,0,0.0,0.0,0.0,0.0,0.0,0.0,0.0,0.0,0.03,0,0,0,0,0,0,0,0,0,0,0,0,0,0,0,0,0,0,0,0,0
1.264120101928711,0,0.0,0.0,0.0,0.0,0.0,0.0,0.0,0.0,0.03,0,0,0,0,0,0,0,0,0,0,0,0,0,0,0,0,0,0,0,0,0
1.265324592590332,0,0.0,0.0,0.0,0.0,0.0,0.0,0.0,0.0,0.03,0,0,0,0,0,0,0,0,0,0,0,0,0,0,0,0,0,0,0,0,0
1.266442060470581,0,0.0,0.0,0.0,0.0,0.0,0.0,0.0,0.0,0.03,0,0,0,0,0,0,0,0,0,0,0,0,0,0,0,0,0,0,0,0,0
1.2676613330841064,0,0.0,0.0,0.0,0.0,0.0,0.0,0.0,0.0,0.03,0,0,0,0,0,0,0,0,0,0,0,0,0,0,0,0,0,0,0,0,0
1.2690188884735107,0,0.0,0.0,0.0,0.0,0.0,0.0,0.0,0.0,0.03,0,0,0,0,0,0,0,0,0,0,0,0,0,0,0,0,0,0,0,0,0
1.2700812816619873,0,0.0,0.0,0.0,0.0,0.0,0.0,0.0,0.0,0.03,0,0,0,0,0,0,0,0,0,0,0,0,0,0,0,0,0,0,0,0,0
1.272838830947876,0,0.0,0.0,0.0,0.0,0.0,0.0,0.0,0.0,0.03,0,0,0,0,0,0,0,0,0,0,0,0,0,0,0,0,0,0,0,0,0
1.27427077293396,0,0.0,0.0,0.0,0.0,0.0,0.0,0.0,0.0,0.03,0,0,0,0,0,0,0,0,0,0,0,0,0,0,0,0,0,0,0,0,0
1.2762300968170166,0,0.0,0.0,0.0,0.0,0.0,0.0,0.0,0.0,0.03,0,0,0,0,0,0,0,0,0,0,0,0,0,0,0,0,0,0,0,0,0
1.277761697769165,0,0.0,0.0,0.0,0.0,0.0,0.0,0.0,0.0,0.03,0,0,0,0,0,0,0,0,0,0,0,0,0,0,0,0,0,0,0,0,0
1.279886245727539,0,0.0,0.0,0.0,0.0,0.0,0.0,0.0,0.0,0.03,0,0,0,0,0,0,0,0,0,0,0,0,0,0,0,0,0,0,0,0,0
1.2813222408294678,0,0.0,0.0,0.0,0.0,0.0,0.0,0.0,0.0,0.03,0,0,0,0,0,0,0,0,0,0,0,0,0,0,0,0,0,0,0,0,0
1.2827301025390625,0,0.0,0.0,0.0,0.0,0.0,0.0,0.0,0.0,0.03,0,0,0,0,0,0,0,0,0,0,0,0,0,0,0,0,0,0,0,0,0
1.2839686870574951,0,0.0,0.0,0.0,0.0,0.0,0.0,0.0,0.0,0.03,0,0,0,0,0,0,0,0,0,0,0,0,0,0,0,0,0,0,0,0,0
1.285496473312378,0,0.0,0.0,0.0,0.0,0.0,0.0,0.0,0.0,0.03,0,0,0,0,0,0,0,0,0,0,0,0,0,0,0,0,0,0,0,0,0
1.2866036891937256,0,0.0,0.0,0.0,0.0,0.0,0.0,0.0,0.0,0.03,0,0,0,0,0,0,0,0,0,0,0,0,0,0,0,0,0,0,0,0,0
1.28769850730896,0,0.0,0.0,0.0,0.0,0.0,0.0,0.0,0.0,0.03,0,0,0,0,0,0,0,0,0,0,0,0,0,0,0,0,0,0,0,0,0
1.2894482612609863,0,0.0,0.0,0.0,0.0,0.0,0.0,0.0,0.0,0.03,0,0,0,0,0,0,0,0,0,0,0,0,0,0,0,0,0,0,0,0,0
1.2906310558319092,0,0.0,0.0,0.0,0.0,0.0,0.0,0.0,0.0,0.03,0,0,0,0,0,0,0,0,0,0,0,0,0,0,0,0,0,0,0,0,0
1.2917389869689941,0,0.0,0.0,0.0,0.0,0.0,0.0,0.0,0.0,0.03,0,0,0,0,0,0,0,0,0,0,0,0,0,0,0,0,0,0,0,0,0
1.2929368019104004,0,0.0,0.0,0.0,0.0,0.0,0.0,0.0,0.0,0.03,0,0,0,0,0,0,0,0,0,0,0,0,0,0,0,0,0,0,0,0,0
1.2940208911895752,0,0.0,0.0,0.0,0.0,0.0,0.0,0.0,0.0,0.03,0,0,0,0,0,0,0,0,0,0,0,0,0,0,0,0,0,0,0,0,0
1.2951266765594482,0,0.0,0.0,0.0,0.0,0.0,0.0,0.0,0.0,0.03,0,0,0,0,0,0,0,0,0,0,0,0,0,0,0,0,0,0,0,0,0
1.2962229251861572,0,0.0,0.0,0.0,0.0,0.0,0.0,0.0,0.0,0.03,0,0,0,0,0,0,0,0,0,0,0,0,0,0,0,0,0,0,0,0,0
1.2978086471557617,0,0.0,0.0,0.0,0.0,0.0,0.0,0.0,0.0,0.03,0,0,0,0,0,0,0,0,0,0,0,0,0,0,0,0,0,0,0,0,0
1.299525499343872,0,0.0,0.0,0.0,0.0,0.0,0.0,0.0,0.0,0.03,0,0,0,0,0,0,0,0,0,0,0,0,0,0,0,0,0,0,0,0,0
1.301095962524414,0,0.0,0.0,0.0,0.0,0.0,0.0,0.0,0.0,0.03,0,0,0,0,0,0,0,0,0,0,0,0,0,0,0,0,0,0,0,0,0
1.3026611804962158,0,0.0,0.0,0.0,0.0,0.0,0.0,0.0,0.0,0.03,0,0,0,0,0,0,0,0,0,0,0,0,0,0,0,0,0,0,0,0,0
1.3039090633392334,0,0.0,0.0,0.0,0.0,0.0,0.0,0.0,0.0,0.03,0,0,0,0,0,0,0,0,0,0,0,0,0,0,0,0,0,0,0,0,0
1.3050150871276855,0,0.0,0.0,0.0,0.0,0.0,0.0,0.0,0.0,0.03,0,0,0,0,0,0,0,0,0,0,0,0,0,0,0,0,0,0,0,0,0
1.3061368465423584,0,0.0,0.0,0.0,0.0,0.0,0.0,0.0,0.0,0.03,0,0,0,0,0,0,0,0,0,0,0,0,0,0,0,0,0,0,0,0,0
1.3081331253051758,0,0.0,0.0,0.0,0.0,0.0,0.0,0.0,0.0,0.03,0,0,0,0,0,0,0,0,0,0,0,0,0,0,0,0,0,0,0,0,0
1.3093068599700928,0,0.0,0.0,0.0,0.0,0.0,0.0,0.0,0.0,0.03,0,0,0,0,0,0,0,0,0,0,0,0,0,0,0,0,0,0,0,0,0
1.310495138168335,0,0.0,0.0,0.0,0.0,0.0,0.0,0.0,0.0,0.03,0,0,0,0,0,0,0,0,0,0,0,0,0,0,0,0,0,0,0,0,0
1.3123362064361572,0,0.0,0.0,0.0,0.0,0.0,0.0,0.0,0.0,0.03,0,0,0,0,0,0,0,0,0,0,0,0,0,0,0,0,0,0,0,0,0
1.3135645389556885,0,0.0,0.0,0.0,0.0,0.0,0.0,0.0,0.0,0.03,0,0,0,0,0,0,0,0,0,0,0,0,0,0,0,0,0,0,0,0,0
1.3147616386413574,0,0.0,0.0,0.0,0.0,0.0,0.0,0.0,0.0,0.03,0,0,0,0,0,0,0,0,0,0,0,0,0,0,0,0,0,0,0,0,0
1.3158488273620605,0,0.0,0.0,0.0,0.0,0.0,0.0,0.0,0.0,0.03,0,0,0,0,0,0,0,0,0,0,0,0,0,0,0,0,0,0,0,0,0
1.3172872066497803,0,0.0,0.0,0.0,0.0,0.0,0.0,0.0,0.0,0.03,0,0,0,0,0,0,0,0,0,0,0,0,0,0,0,0,0,0,0,0,0
1.318589687347412,0,0.0,0.0,0.0,0.0,0.0,0.0,0.0,0.0,0.03,0,0,0,0,0,0,0,0,0,0,0,0,0,0,0,0,0,0,0,0,0
1.3203716278076172,0,0.0,0.0,0.0,0.0,0.0,0.0,0.0,0.0,0.03,0,0,0,0,0,0,0,0,0,0,0,0,0,0,0,0,0,0,0,0,0
1.3216767311096191,0,0.0,0.0,0.0,0.0,0.0,0.0,0.0,0.0,0.03,0,0,0,0,0,0,0,0,0,0,0,0,0,0,0,0,0,0,0,0,0
1.322948932647705,0,0.0,0.0,0.0,0.0,0.0,0.0,0.0,0.0,0.03,0,0,0,0,0,0,0,0,0,0,0,0,0,0,0,0,0,0,0,0,0
1.3242480754852295,0,0.0,0.0,0.0,0.0,0.0,0.0,0.0,0.0,0.03,0,0,0,0,0,0,0,0,0,0,0,0,0,0,0,0,0,0,0,0,0
1.3257014751434326,0,0.0,0.0,0.0,0.0,0.0,0.0,0.0,0.0,0.03,0,0,0,0,0,0,0,0,0,0,0,0,0,0,0,0,0,0,0,0,0
1.3270883560180664,0,0.0,0.0,0.0,0.0,0.0,0.0,0.0,0.0,0.03,0,0,0,0,0,0,0,0,0,0,0,0,0,0,0,0,0,0,0,0,0
1.3294193744659424,0,0.0,0.0,0.0,0.0,0.0,0.0,0.0,0.0,0.03,0,0,0,0,0,0,0,0,0,0,0,0,0,0,0,0,0,0,0,0,0
1.3306641578674316,0,0.0,0.0,0.0,0.0,0.0,0.0,0.0,0.0,0.03,0,0,0,0,0,0,0,0,0,0,0,0,0,0,0,0,0,0,0,0,0
1.3337912559509277,0,0.0,0.0,0.0,0.0,0.0,0.0,0.0,0.0,0.03,0,0,0,0,0,0,0,0,0,0,0,0,0,0,0,0,0,0,0,0,0
1.335228681564331,0,0.0,0.0,0.0,0.0,0.0,0.0,0.0,0.0,0.03,0,0,0,0,0,0,0,0,0,0,0,0,0,0,0,0,0,0,0,0,0
1.3370511531829834,0,0.0,0.0,0.0,0.0,0.0,0.0,0.0,0.0,0.03,0,0,0,0,0,0,0,0,0,0,0,0,0,0,0,0,0,0,0,0,0
1.338820219039917,0,0.0,0.0,0.0,0.0,0.0,0.0,0.0,0.0,0.03,0,0,0,0,0,0,0,0,0,0,0,0,0,0,0,0,0,0,0,0,0
1.340254306793213,0,0.0,0.0,0.0,0.0,0.0,0.0,0.0,0.0,0.03,0,0,0,0,0,0,0,0,0,0,0,0,0,0,0,0,0,0,0,0,0
1.3414661884307861,0,0.0,0.0,0.0,0.0,0.0,0.0,0.0,0.0,0.03,0,0,0,0,0,0,0,0,0,0,0,0,0,0,0,0,0,0,0,0,0
1.343010425567627,0,0.0,0.0,0.0,0.0,0.0,0.0,0.0,0.0,0.03,0,0,0,0,0,0,0,0,0,0,0,0,0,0,0,0,0,0,0,0,0
1.3443844318389893,0,0.0,0.0,0.0,0.0,0.0,0.0,0.0,0.0,0.03,0,0,0,0,0,0,0,0,0,0,0,0,0,0,0,0,0,0,0,0,0
1.3457732200622559,0,0.0,0.0,0.0,0.0,0.0,0.0,0.0,0.0,0.03,0,0,0,0,0,0,0,0,0,0,0,0,0,0,0,0,0,0,0,0,0
1.3473854064941406,0,0.0,0.0,0.0,0.0,0.0,0.0,0.0,0.0,0.03,0,0,0,0,0,0,0,0,0,0,0,0,0,0,0,0,0,0,0,0,0
1.3486368656158447,0,0.0,0.0,0.0,0.0,0.0,0.0,0.0,0.0,0.03,0,0,0,0,0,0,0,0,0,0,0,0,0,0,0,0,0,0,0,0,0
1.350764513015747,0,0.0,0.0,0.0,0.0,0.0,0.0,0.0,0.0,0.03,0,0,0,0,0,0,0,0,0,0,0,0,0,0,0,0,0,0,0,0,0
1.3520164489746094,0,0.0,0.0,0.0,0.0,0.0,0.0,0.0,0.0,0.03,0,0,0,0,0,0,0,0,0,0,0,0,0,0,0,0,0,0,0,0,0
1.353111743927002,0,0.0,0.0,0.0,0.0,0.0,0.0,0.0,0.0,0.03,0,0,0,0,0,0,0,0,0,0,0,0,0,0,0,0,0,0,0,0,0
1.354238510131836,0,0.0,0.0,0.0,0.0,0.0,0.0,0.0,0.0,0.03,0,0,0,0,0,0,0,0,0,0,0,0,0,0,0,0,0,0,0,0,0
1.355332612991333,0,0.0,0.0,0.0,0.0,0.0,0.0,0.0,0.0,0.03,0,0,0,0,0,0,0,0,0,0,0,0,0,0,0,0,0,0,0,0,0
1.3565313816070557,0,0.0,0.0,0.0,0.0,0.0,0.0,0.0,0.0,0.03,0,0,0,0,0,0,0,0,0,0,0,0,0,0,0,0,0,0,0,0,0
1.3577187061309814,0,0.0,0.0,0.0,0.0,0.0,0.0,0.0,0.0,0.03,0,0,0,0,0,0,0,0,0,0,0,0,0,0,0,0,0,0,0,0,0
1.3597748279571533,0,0.0,0.0,0.0,0.0,0.0,0.0,0.0,0.0,0.03,0,0,0,0,0,0,0,0,0,0,0,0,0,0,0,0,0,0,0,0,0
1.3613288402557373,0,0.0,0.0,0.0,0.0,0.0,0.0,0.0,0.0,0.03,0,0,0,0,0,0,0,0,0,0,0,0,0,0,0,0,0,0,0,0,0
1.3631958961486816,0,0.0,0.0,0.0,0.0,0.0,0.0,0.0,0.0,0.03,0,0,0,0,0,0,0,0,0,0,0,0,0,0,0,0,0,0,0,0,0
1.3645644187927246,0,0.0,0.0,0.0,0.0,0.0,0.0,0.0,0.0,0.03,0,0,0,0,0,0,0,0,0,0,0,0,0,0,0,0,0,0,0,0,0
1.3657433986663818,0,0.0,0.0,0.0,0.0,0.0,0.0,0.0,0.0,0.03,0,0,0,0,0,0,0,0,0,0,0,0,0,0,0,0,0,0,0,0,0
1.3671848773956299,0,0.0,0.0,0.0,0.0,0.0,0.0,0.0,0.0,0.03,0,0,0,0,0,0,0,0,0,0,0,0,0,0,0,0,0,0,0,0,0
1.3683314323425293,0,0.0,0.0,0.0,0.0,0.0,0.0,0.0,0.0,0.03,0,0,0,0,0,0,0,0,0,0,0,0,0,0,0,0,0,0,0,0,0
1.3695869445800781,0,0.0,0.0,0.0,0.0,0.0,0.0,0.0,0.0,0.03,0,0,0,0,0,0,0,0,0,0,0,0,0,0,0,0,0,0,0,0,0
1.3706817626953125,0,0.0,0.0,0.0,0.0,0.0,0.0,0.0,0.0,0.03,0,0,0,0,0,0,0,0,0,0,0,0,0,0,0,0,0,0,0,0,0
1.3723423480987549,0,0.0,0.0,0.0,0.0,0.0,0.0,0.0,0.0,0.03,0,0,0,0,0,0,0,0,0,0,0,0,0,0,0,0,0,0,0,0,0
1.373403549194336,0,0.0,0.0,0.0,0.0,0.0,0.0,0.0,0.0,0.03,0,0,0,0,0,0,0,0,0,0,0,0,0,0,0,0,0,0,0,0,0
1.3745839595794678,0,0.0,0.0,0.0,0.0,0.0,0.0,0.0,0.0,0.03,0,0,0,0,0,0,0,0,0,0,0,0,0,0,0,0,0,0,0,0,0
1.375706434249878,0,0.0,0.0,0.0,0.0,0.0,0.0,0.0,0.0,0.03,0,0,0,0,0,0,0,0,0,0,0,0,0,0,0,0,0,0,0,0,0
1.3769159317016602,0,0.0,0.0,0.0,0.0,0.0,0.0,0.0,0.0,0.03,0,0,0,0,0,0,0,0,0,0,0,0,0,0,0,0,0,0,0,0,0
1.3787541389465332,0,0.0,0.0,0.0,0.0,0.0,0.0,0.0,0.0,0.03,0,0,0,0,0,0,0,0,0,0,0,0,0,0,0,0,0,0,0,0,0
1.38032865524292,0,0.0,0.0,0.0,0.0,0.0,0.0,0.0,0.0,0.03,0,0,0,0,0,0,0,0,0,0,0,0,0,0,0,0,0,0,0,0,0
1.3826045989990234,0,0.0,0.0,0.0,0.0,0.0,0.0,0.0,0.0,0.03,0,0,0,0,0,0,0,0,0,0,0,0,0,0,0,0,0,0,0,0,0
1.383699655532837,0,0.0,0.0,0.0,0.0,0.0,0.0,0.0,0.0,0.03,0,0,0,0,0,0,0,0,0,0,0,0,0,0,0,0,0,0,0,0,0
1.3848538398742676,0,0.0,0.0,0.0,0.0,0.0,0.0,0.0,0.0,0.03,0,0,0,0,0,0,0,0,0,0,0,0,0,0,0,0,0,0,0,0,0
1.3861536979675293,0,0.0,0.0,0.0,0.0,0.0,0.0,0.0,0.0,0.03,0,0,0,0,0,0,0,0,0,0,0,0,0,0,0,0,0,0,0,0,0
1.3876888751983643,0,0.0,0.0,0.0,0.0,0.0,0.0,0.0,0.0,0.03,0,0,0,0,0,0,0,0,0,0,0,0,0,0,0,0,0,0,0,0,0
1.3888065814971924,0,0.0,0.0,0.0,0.0,0.0,0.0,0.0,0.0,0.03,0,0,0,0,0,0,0,0,0,0,0,0,0,0,0,0,0,0,0,0,0
1.3900890350341797,0,0.0,0.0,0.0,0.0,0.0,0.0,0.0,0.0,0.03,0,0,0,0,0,0,0,0,0,0,0,0,0,0,0,0,0,0,0,0,0
1.3913745880126953,0,0.0,0.0,0.0,0.0,0.0,0.0,0.0,0.0,0.03,0,0,0,0,0,0,0,0,0,0,0,0,0,0,0,0,0,0,0,0,0
1.392463207244873,0,0.0,0.0,0.0,0.0,0.0,0.0,0.0,0.0,0.03,0,0,0,0,0,0,0,0,0,0,0,0,0,0,0,0,0,0,0,0,0
1.3952765464782715,0,0.0,0.0,0.0,0.0,0.0,0.0,0.0,0.0,0.03,0,0,0,0,0,0,0,0,0,0,0,0,0,0,0,0,0,0,0,0,0
1.3966553211212158,0,0.0,0.0,0.0,0.0,0.0,0.0,0.0,0.0,0.03,0,0,0,0,0,0,0,0,0,0,0,0,0,0,0,0,0,0,0,0,0
1.3990411758422852,0,0.0,0.0,0.0,0.0,0.0,0.0,0.0,0.0,0.03,0,0,0,0,0,0,0,0,0,0,0,0,0,0,0,0,0,0,0,0,0
1.401369571685791,0,0.0,0.0,0.0,0.0,0.0,0.0,0.0,0.0,0.03,0,0,0,0,0,0,0,0,0,0,0,0,0,0,0,0,0,0,0,0,0
1.4029567241668701,0,0.0,0.0,0.0,0.0,0.0,0.0,0.0,0.0,0.03,0,0,0,0,0,0,0,0,0,0,0,0,0,0,0,0,0,0,0,0,0
1.4042658805847168,0,0.0,0.0,0.0,0.0,0.0,0.0,0.0,0.0,0.03,0,0,0,0,0,0,0,0,0,0,0,0,0,0,0,0,0,0,0,0,0
1.4056470394134521,0,0.0,0.0,0.0,0.0,0.0,0.0,0.0,0.0,0.03,0,0,0,0,0,0,0,0,0,0,0,0,0,0,0,0,0,0,0,0,0
1.406850814819336,0,0.0,0.0,0.0,0.0,0.0,0.0,0.0,0.0,0.03,0,0,0,0,0,0,0,0,0,0,0,0,0,0,0,0,0,0,0,0,0
1.4079108238220215,0,0.0,0.0,0.0,0.0,0.0,0.0,0.0,0.0,0.03,0,0,0,0,0,0,0,0,0,0,0,0,0,0,0,0,0,0,0,0,0
1.409038782119751,0,0.0,0.0,0.0,0.0,0.0,0.0,0.0,0.0,0.03,0,0,0,0,0,0,0,0,0,0,0,0,0,0,0,0,0,0,0,0,0
1.4103264808654785,0,0.0,0.0,0.0,0.0,0.0,0.0,0.0,0.0,0.03,0,0,0,0,0,0,0,0,0,0,0,0,0,0,0,0,0,0,0,0,0
1.4121108055114746,0,0.0,0.0,0.0,0.0,0.0,0.0,0.0,0.0,0.03,0,0,0,0,0,0,0,0,0,0,0,0,0,0,0,0,0,0,0,0,0
1.4133179187774658,0,0.0,0.0,0.0,0.0,0.0,0.0,0.0,0.0,0.03,0,0,0,0,0,0,0,0,0,0,0,0,0,0,0,0,0,0,0,0,0
1.4145417213439941,0,0.0,0.0,0.0,0.0,0.0,0.0,0.0,0.0,0.03,0,0,0,0,0,0,0,0,0,0,0,0,0,0,0,0,0,0,0,0,0
1.415637731552124,0,0.0,0.0,0.0,0.0,0.0,0.0,0.0,0.0,0.03,0,0,0,0,0,0,0,0,0,0,0,0,0,0,0,0,0,0,0,0,0
1.416754961013794,0,0.0,0.0,0.0,0.0,0.0,0.0,0.0,0.0,0.03,0,0,0,0,0,0,0,0,0,0,0,0,0,0,0,0,0,0,0,0,0
1.4179494380950928,0,0.0,0.0,0.0,0.0,0.0,0.0,0.0,0.0,0.03,0,0,0,0,0,0,0,0,0,0,0,0,0,0,0,0,0,0,0,0,0
1.4196572303771973,0,0.0,0.0,0.0,0.0,0.0,0.0,0.0,0.0,0.03,0,0,0,0,0,0,0,0,0,0,0,0,0,0,0,0,0,0,0,0,0
1.4211649894714355,0,0.0,0.0,0.0,0.0,0.0,0.0,0.0,0.0,0.03,0,0,0,0,0,0,0,0,0,0,0,0,0,0,0,0,0,0,0,0,0
1.4227824211120605,0,0.0,0.0,0.0,0.0,0.0,0.0,0.0,0.0,0.03,0,0,0,0,0,0,0,0,0,0,0,0,0,0,0,0,0,0,0,0,0
1.424347162246704,0,0.0,0.0,0.0,0.0,0.0,0.0,0.0,0.0,0.03,0,0,0,0,0,0,0,0,0,0,0,0,0,0,0,0,0,0,0,0,0
1.4257445335388184,0,0.0,0.0,0.0,0.0,0.0,0.0,0.0,0.0,0.03,0,0,0,0,0,0,0,0,0,0,0,0,0,0,0,0,0,0,0,0,0
1.4270036220550537,0,0.0,0.0,0.0,0.0,0.0,0.0,0.0,0.0,0.03,0,0,0,0,0,0,0,0,0,0,0,0,0,0,0,0,0,0,0,0,0
1.4292101860046387,0,0.0,0.0,0.0,0.0,0.0,0.0,0.0,0.0,0.03,0,0,0,0,0,0,0,0,0,0,0,0,0,0,0,0,0,0,0,0,0
1.4308485984802246,0,0.0,0.0,0.0,0.0,0.0,0.0,0.0,0.0,0.03,0,0,0,0,0,0,0,0,0,0,0,0,0,0,0,0,0,0,0,0,0
1.4319591522216797,0,0.0,0.0,0.0,0.0,0.0,0.0,0.0,0.0,0.03,0,0,0,0,0,0,0,0,0,0,0,0,0,0,0,0,0,0,0,0,0
1.433180332183838,0,0.0,0.0,0.0,0.0,0.0,0.0,0.0,0.0,0.03,0,0,0,0,0,0,0,0,0,0,0,0,0,0,0,0,0,0,0,0,0
1.4347312450408936,0,0.0,0.0,0.0,0.0,0.0,0.0,0.0,0.0,0.03,0,0,0,0,0,0,0,0,0,0,0,0,0,0,0,0,0,0,0,0,0
1.4358906745910645,0,0.0,0.0,0.0,0.0,0.0,0.0,0.0,0.0,0.03,0,0,0,0,0,0,0,0,0,0,0,0,0,0,0,0,0,0,0,0,0
1.4372458457946777,0,0.0,0.0,0.0,0.0,0.0,0.0,0.0,0.0,0.03,0,0,0,0,0,0,0,0,0,0,0,0,0,0,0,0,0,0,0,0,0
1.4383306503295898,0,0.0,0.0,0.0,0.0,0.0,0.0,0.0,0.0,0.03,0,0,0,0,0,0,0,0,0,0,0,0,0,0,0,0,0,0,0,0,0
1.4397058486938477,0,0.0,0.0,0.0,0.0,0.0,0.0,0.0,0.0,0.03,0,0,0,0,0,0,0,0,0,0,0,0,0,0,0,0,0,0,0,0,0
1.4414141178131104,0,0.0,0.0,0.0,0.0,0.0,0.0,0.0,0.0,0.03,0,0,0,0,0,0,0,0,0,0,0,0,0,0,0,0,0,0,0,0,0
1.4448366165161133,0,0.0,0.0,0.0,0.0,0.0,0.0,0.0,0.0,0.03,0,0,0,0,0,0,0,0,0,0,0,0,0,0,0,0,0,0,0,0,0
1.4462945461273193,0,0.0,0.0,0.0,0.0,0.0,0.0,0.0,0.0,0.03,0,0,0,0,0,0,0,0,0,0,0,0,0,0,0,0,0,0,0,0,0
1.4480865001678467,0,0.0,0.0,0.0,0.0,0.0,0.0,0.0,0.0,0.03,0,0,0,0,0,0,0,0,0,0,0,0,0,0,0,0,0,0,0,0,0
1.4494850635528564,0,0.0,0.0,0.0,0.0,0.0,0.0,0.0,0.0,0.03,0,0,0,0,0,0,0,0,0,0,0,0,0,0,0,0,0,0,0,0,0
1.4505822658538818,0,0.0,0.0,0.0,0.0,0.0,0.0,0.0,0.0,0.03,0,0,0,0,0,0,0,0,0,0,0,0,0,0,0,0,0,0,0,0,0
1.4522628784179688,0,0.0,0.0,0.0,0.0,0.0,0.0,0.0,0.0,0.03,0,0,0,0,0,0,0,0,0,0,0,0,0,0,0,0,0,0,0,0,0
1.4536683559417725,0,0.0,0.0,0.0,0.0,0.0,0.0,0.0,0.0,0.03,0,0,0,0,0,0,0,0,0,0,0,0,0,0,0,0,0,0,0,0,0
1.4566831588745117,0,0.0,0.0,0.0,0.0,0.0,0.0,0.0,0.0,0.03,0,0,0,0,0,0,0,0,0,0,0,0,0,0,0,0,0,0,0,0,0
1.4583618640899658,0,0.0,0.0,0.0,0.0,0.0,0.0,0.0,0.0,0.03,0,0,0,0,0,0,0,0,0,0,0,0,0,0,0,0,0,0,0,0,0
1.460561990737915,0,0.0,0.0,0.0,0.0,0.0,0.0,0.0,0.0,0.03,0,0,0,0,0,0,0,0,0,0,0,0,0,0,0,0,0,0,0,0,0
1.4624135494232178,0,0.0,0.0,0.0,0.0,0.0,0.0,0.0,0.0,0.03,0,0,0,0,0,0,0,0,0,0,0,0,0,0,0,0,0,0,0,0,0
1.4643175601959229,0,0.0,0.0,0.0,0.0,0.0,0.0,0.0,0.0,0.03,0,0,0,0,0,0,0,0,0,0,0,0,0,0,0,0,0,0,0,0,0
1.465421438217163,0,0.0,0.0,0.0,0.0,0.0,0.0,0.0,0.0,0.03,0,0,0,0,0,0,0,0,0,0,0,0,0,0,0,0,0,0,0,0,0
1.4668896198272705,0,0.0,0.0,0.0,0.0,0.0,0.0,0.0,0.0,0.03,0,0,0,0,0,0,0,0,0,0,0,0,0,0,0,0,0,0,0,0,0
1.4679827690124512,0,0.0,0.0,0.0,0.0,0.0,0.0,0.0,0.0,0.03,0,0,0,0,0,0,0,0,0,0,0,0,0,0,0,0,0,0,0,0,0
1.4694147109985352,0,0.0,0.0,0.0,0.0,0.0,0.0,0.0,0.0,0.03,0,0,0,0,0,0,0,0,0,0,0,0,0,0,0,0,0,0,0,0,0
1.4712092876434326,0,0.0,0.0,0.0,0.0,0.0,0.0,0.0,0.0,0.03,0,0,0,0,0,0,0,0,0,0,0,0,0,0,0,0,0,0,0,0,0
1.4723460674285889,0,0.0,0.0,0.0,0.0,0.0,0.0,0.0,0.0,0.03,0,0,0,0,0,0,0,0,0,0,0,0,0,0,0,0,0,0,0,0,0
1.474405288696289,0,0.0,0.0,0.0,0.0,0.0,0.0,0.0,0.0,0.03,0,0,0,0,0,0,0,0,0,0,0,0,0,0,0,0,0,0,0,0,0
1.475564956665039,0,0.0,0.0,0.0,0.0,0.0,0.0,0.0,0.0,0.03,0,0,0,0,0,0,0,0,0,0,0,0,0,0,0,0,0,0,0,0,0
1.4766700267791748,0,0.0,0.0,0.0,0.0,0.0,0.0,0.0,0.0,0.03,0,0,0,0,0,0,0,0,0,0,0,0,0,0,0,0,0,0,0,0,0
1.4778058528900146,0,0.0,0.0,0.0,0.0,0.0,0.0,0.0,0.0,0.03,0,0,0,0,0,0,0,0,0,0,0,0,0,0,0,0,0,0,0,0,0
1.4789040088653564,0,0.0,0.0,0.0,0.0,0.0,0.0,0.0,0.0,0.03,0,0,0,0,0,0,0,0,0,0,0,0,0,0,0,0,0,0,0,0,0
1.4799799919128418,0,0.0,0.0,0.0,0.0,0.0,0.0,0.0,0.0,0.03,0,0,0,0,0,0,0,0,0,0,0,0,0,0,0,0,0,0,0,0,0
1.4810678958892822,0,0.0,0.0,0.0,0.0,0.0,0.0,0.0,0.0,0.03,0,0,0,0,0,0,0,0,0,0,0,0,0,0,0,0,0,0,0,0,0
1.4828529357910156,0,0.0,0.0,0.0,0.0,0.0,0.0,0.0,0.0,0.03,0,0,0,0,0,0,0,0,0,0,0,0,0,0,0,0,0,0,0,0,0
1.4844088554382324,0,0.0,0.0,0.0,0.0,0.0,0.0,0.0,0.0,0.03,0,0,0,0,0,0,0,0,0,0,0,0,0,0,0,0,0,0,0,0,0
1.4871482849121094,0,0.0,0.0,0.0,0.0,0.0,0.0,0.0,0.0,0.03,0,0,0,0,0,0,0,0,0,0,0,0,0,0,0,0,0,0,0,0,0
1.488433599472046,0,0.0,0.0,0.0,0.0,0.0,0.0,0.0,0.0,0.03,0,0,0,0,0,0,0,0,0,0,0,0,0,0,0,0,0,0,0,0,0
1.4896113872528076,0,0.0,0.0,0.0,0.0,0.0,0.0,0.0,0.0,0.03,0,0,0,0,0,0,0,0,0,0,0,0,0,0,0,0,0,0,0,0,0
1.4907162189483643,0,0.0,0.0,0.0,0.0,0.0,0.0,0.0,0.0,0.03,0,0,0,0,0,0,0,0,0,0,0,0,0,0,0,0,0,0,0,0,0
1.4924116134643555,0,0.0,0.0,0.0,0.0,0.0,0.0,0.0,0.0,0.03,0,0,0,0,0,0,0,0,0,0,0,0,0,0,0,0,0,0,0,0,0
1.4942409992218018,0,0.0,0.0,0.0,0.0,0.0,0.0,0.0,0.0,0.03,0,0,0,0,0,0,0,0,0,0,0,0,0,0,0,0,0,0,0,0,0
1.4955573081970215,0,0.0,0.0,0.0,0.0,0.0,0.0,0.0,0.0,0.03,0,0,0,0,0,0,0,0,0,0,0,0,0,0,0,0,0,0,0,0,0
1.496694564819336,0,0.0,0.0,0.0,0.0,0.0,0.0,0.0,0.0,0.03,0,0,0,0,0,0,0,0,0,0,0,0,0,0,0,0,0,0,0,0,0
1.4978833198547363,0,0.0,0.0,0.0,0.0,0.0,0.0,0.0,0.0,0.03,0,0,0,0,0,0,0,0,0,0,0,0,0,0,0,0,0,0,0,0,0
1.4990556240081787,0,0.0,0.0,0.0,0.0,0.0,0.0,0.0,0.0,0.03,0,0,0,0,0,0,0,0,0,0,0,0,0,0,0,0,0,0,0,0,0
1.5001792907714844,0,0.0,0.0,0.0,0.0,0.0,0.0,0.0,0.0,0.03,0,0,0,0,0,0,0,0,0,0,0,0,0,0,0,0,0,0,0,0,0
1.5013363361358643,0,0.0,0.0,0.0,0.0,0.0,0.0,0.0,0.0,0.03,0,0,0,0,0,0,0,0,0,0,0,0,0,0,0,0,0,0,0,0,0
1.502424955368042,0,0.0,0.0,0.0,0.0,0.0,0.0,0.0,0.0,0.03,0,0,0,0,0,0,0,0,0,0,0,0,0,0,0,0,0,0,0,0,0
1.5037164688110352,0,0.0,0.0,0.0,0.0,0.0,0.0,0.0,0.0,0.03,0,0,0,0,0,0,0,0,0,0,0,0,0,0,0,0,0,0,0,0,0
1.5052893161773682,0,0.0,0.0,0.0,0.0,0.0,0.0,0.0,0.0,0.03,0,0,0,0,0,0,0,0,0,0,0,0,0,0,0,0,0,0,0,0,0
1.5083391666412354,0,0.0,0.0,0.0,0.0,0.0,0.0,0.0,0.0,0.03,0,0,0,0,0,0,0,0,0,0,0,0,0,0,0,0,0,0,0,0,0
1.5098793506622314,0,0.0,0.0,0.0,0.0,0.0,0.0,0.0,0.0,0.03,0,0,0,0,0,0,0,0,0,0,0,0,0,0,0,0,0,0,0,0,0
1.5120534896850586,0,0.0,0.0,0.0,0.0,0.0,0.0,0.0,0.0,0.03,0,0,0,0,0,0,0,0,0,0,0,0,0,0,0,0,0,0,0,0,0
1.5132453441619873,0,0.0,0.0,0.0,0.0,0.0,0.0,0.0,0.0,0.03,0,0,0,0,0,0,0,0,0,0,0,0,0,0,0,0,0,0,0,0,0
1.5143587589263916,0,0.0,0.0,0.0,0.0,0.0,0.0,0.0,0.0,0.03,0,0,0,0,0,0,0,0,0,0,0,0,0,0,0,0,0,0,0,0,0
1.5156495571136475,0,0.0,0.0,0.0,0.0,0.0,0.0,0.0,0.0,0.03,0,0,0,0,0,0,0,0,0,0,0,0,0,0,0,0,0,0,0,0,0
1.5169026851654053,0,0.0,0.0,0.0,0.0,0.0,0.0,0.0,0.0,0.03,0,0,0,0,0,0,0,0,0,0,0,0,0,0,0,0,0,0,0,0,0
1.5179665088653564,0,0.0,0.0,0.0,0.0,0.0,0.0,0.0,0.0,0.03,0,0,0,0,0,0,0,0,0,0,0,0,0,0,0,0,0,0,0,0,0
1.5193138122558594,0,0.0,0.0,0.0,0.0,0.0,0.0,0.0,0.0,0.03,0,0,0,0,0,0,0,0,0,0,0,0,0,0,0,0,0,0,0,0,0
1.5219287872314453,0,0.0,0.0,0.0,0.0,0.0,0.0,0.0,0.0,0.03,0,0,0,0,0,0,0,0,0,0,0,0,0,0,0,0,0,0,0,0,0
1.5237107276916504,0,0.0,0.0,0.0,0.0,0.0,0.0,0.0,0.0,0.03,0,0,0,0,0,0,0,0,0,0,0,0,0,0,0,0,0,0,0,0,0
1.524996280670166,0,0.0,0.0,0.0,0.0,0.0,0.0,0.0,0.0,0.03,0,0,0,0,0,0,0,0,0,0,0,0,0,0,0,0,0,0,0,0,0
1.526904582977295,0,0.0,0.0,0.0,0.0,0.0,0.0,0.0,0.0,0.03,0,0,0,0,0,0,0,0,0,0,0,0,0,0,0,0,0,0,0,0,0
1.5280251502990723,0,0.0,0.0,0.0,0.0,0.0,0.0,0.0,0.0,0.03,0,0,0,0,0,0,0,0,0,0,0,0,0,0,0,0,0,0,0,0,0
1.529547929763794,0,0.0,0.0,0.0,0.0,0.0,0.0,0.0,0.0,0.03,0,0,0,0,0,0,0,0,0,0,0,0,0,0,0,0,0,0,0,0,0
1.5309979915618896,0,0.0,0.0,0.0,0.0,0.0,0.0,0.0,0.0,0.03,0,0,0,0,0,0,0,0,0,0,0,0,0,0,0,0,0,0,0,0,0
1.5327208042144775,0,0.0,0.0,0.0,0.0,0.0,0.0,0.0,0.0,0.03,0,0,0,0,0,0,0,0,0,0,0,0,0,0,0,0,0,0,0,0,0
1.5343232154846191,0,0.0,0.0,0.0,0.0,0.0,0.0,0.0,0.0,0.03,0,0,0,0,0,0,0,0,0,0,0,0,0,0,0,0,0,0,0,0,0
1.535654067993164,0,0.0,0.0,0.0,0.0,0.0,0.0,0.0,0.0,0.03,0,0,0,0,0,0,0,0,0,0,0,0,0,0,0,0,0,0,0,0,0
1.5367727279663086,0,0.0,0.0,0.0,0.0,0.0,0.0,0.0,0.0,0.03,0,0,0,0,0,0,0,0,0,0,0,0,0,0,0,0,0,0,0,0,0
1.5379855632781982,0,0.0,0.0,0.0,0.0,0.0,0.0,0.0,0.0,0.03,0,0,0,0,0,0,0,0,0,0,0,0,0,0,0,0,0,0,0,0,0
1.5390806198120117,0,0.0,0.0,0.0,0.0,0.0,0.0,0.0,0.0,0.03,0,0,0,0,0,0,0,0,0,0,0,0,0,0,0,0,0,0,0,0,0
1.5401968955993652,0,0.0,0.0,0.0,0.0,0.0,0.0,0.0,0.0,0.03,0,0,0,0,0,0,0,0,0,0,0,0,0,0,0,0,0,0,0,0,0
1.54129958152771,0,0.0,0.0,0.0,0.0,0.0,0.0,0.0,0.0,0.03,0,0,0,0,0,0,0,0,0,0,0,0,0,0,0,0,0,0,0,0,0
1.5425715446472168,0,0.0,0.0,0.0,0.0,0.0,0.0,0.0,0.0,0.03,0,0,0,0,0,0,0,0,0,0,0,0,0,0,0,0,0,0,0,0,0
1.5438759326934814,0,0.0,0.0,0.0,0.0,0.0,0.0,0.0,0.0,0.03,0,0,0,0,0,0,0,0,0,0,0,0,0,0,0,0,0,0,0,0,0
1.5450866222381592,0,0.0,0.0,0.0,0.0,0.0,0.0,0.0,0.0,0.03,0,0,0,0,0,0,0,0,0,0,0,0,0,0,0,0,0,0,0,0,0
1.5473883152008057,0,0.0,0.0,0.0,0.0,0.0,0.0,0.0,0.0,0.03,0,0,0,0,0,0,0,0,0,0,0,0,0,0,0,0,0,0,0,0,0
1.5497136116027832,0,0.0,0.0,0.0,0.0,0.0,0.0,0.0,0.0,0.03,0,0,0,0,0,0,0,0,0,0,0,0,0,0,0,0,0,0,0,0,0
1.5510320663452148,0,0.0,0.0,0.0,0.0,0.0,0.0,0.0,0.0,0.03,0,0,0,0,0,0,0,0,0,0,0,0,0,0,0,0,0,0,0,0,0
1.552156925201416,0,0.0,0.0,0.0,0.0,0.0,0.0,0.0,0.0,0.03,0,0,0,0,0,0,0,0,0,0,0,0,0,0,0,0,0,0,0,0,0
1.5532515048980713,0,0.0,0.0,0.0,0.0,0.0,0.0,0.0,0.0,0.03,0,0,0,0,0,0,0,0,0,0,0,0,0,0,0,0,0,0,0,0,0
1.5547821521759033,0,0.0,0.0,0.0,0.0,0.0,0.0,0.0,0.0,0.03,0,0,0,0,0,0,0,0,0,0,0,0,0,0,0,0,0,0,0,0,0
1.5561015605926514,0,0.0,0.0,0.0,0.0,0.0,0.0,0.0,0.0,0.03,0,0,0,0,0,0,0,0,0,0,0,0,0,0,0,0,0,0,0,0,0
1.5571937561035156,0,0.0,0.0,0.0,0.0,0.0,0.0,0.0,0.0,0.03,0,0,0,0,0,0,0,0,0,0,0,0,0,0,0,0,0,0,0,0,0
1.558373212814331,0,0.0,0.0,0.0,0.0,0.0,0.0,0.0,0.0,0.03,0,0,0,0,0,0,0,0,0,0,0,0,0,0,0,0,0,0,0,0,0
1.560218334197998,0,0.0,0.0,0.0,0.0,0.0,0.0,0.0,0.0,0.03,0,0,0,0,0,0,0,0,0,0,0,0,0,0,0,0,0,0,0,0,0
1.5614142417907715,0,0.0,0.0,0.0,0.0,0.0,0.0,0.0,0.0,0.03,0,0,0,0,0,0,0,0,0,0,0,0,0,0,0,0,0,0,0,0,0
1.5625996589660645,0,0.0,0.0,0.0,0.0,0.0,0.0,0.0,0.0,0.03,0,0,0,0,0,0,0,0,0,0,0,0,0,0,0,0,0,0,0,0,0
1.5637755393981934,0,0.0,0.0,0.0,0.0,0.0,0.0,0.0,0.0,0.03,0,0,0,0,0,0,0,0,0,0,0,0,0,0,0,0,0,0,0,0,0
1.5648627281188965,0,0.0,0.0,0.0,0.0,0.0,0.0,0.0,0.0,0.03,0,0,0,0,0,0,0,0,0,0,0,0,0,0,0,0,0,0,0,0,0
1.5662031173706055,0,0.0,0.0,0.0,0.0,0.0,0.0,0.0,0.0,0.03,0,0,0,0,0,0,0,0,0,0,0,0,0,0,0,0,0,0,0,0,0
1.5677263736724854,0,0.0,0.0,0.0,0.0,0.0,0.0,0.0,0.0,0.03,0,0,0,0,0,0,0,0,0,0,0,0,0,0,0,0,0,0,0,0,0
1.570310115814209,0,0.0,0.0,0.0,0.0,0.0,0.0,0.0,0.0,0.03,0,0,0,0,0,0,0,0,0,0,0,0,0,0,0,0,0,0,0,0,0
1.5715360641479492,0,0.0,0.0,0.0,0.0,0.0,0.0,0.0,0.0,0.03,0,0,0,0,0,0,0,0,0,0,0,0,0,0,0,0,0,0,0,0,0
1.5733249187469482,0,0.0,0.0,0.0,0.0,0.0,0.0,0.0,0.0,0.03,0,0,0,0,0,0,0,0,0,0,0,0,0,0,0,0,0,0,0,0,0
1.5744502544403076,0,0.0,0.0,0.0,0.0,0.0,0.0,0.0,0.0,0.03,0,0,0,0,0,0,0,0,0,0,0,0,0,0,0,0,0,0,0,0,0
1.5756111145019531,0,0.0,0.0,0.0,0.0,0.0,0.0,0.0,0.0,0.03,0,0,0,0,0,0,0,0,0,0,0,0,0,0,0,0,0,0,0,0,0
1.5768299102783203,0,0.0,0.0,0.0,0.0,0.0,0.0,0.0,0.0,0.03,0,0,0,0,0,0,0,0,0,0,0,0,0,0,0,0,0,0,0,0,0
1.5782113075256348,0,0.0,0.0,0.0,0.0,0.0,0.0,0.0,0.0,0.03,0,0,0,0,0,0,0,0,0,0,0,0,0,0,0,0,0,0,0,0,0
1.5793015956878662,0,0.0,0.0,0.0,0.0,0.0,0.0,0.0,0.0,0.03,0,0,0,0,0,0,0,0,0,0,0,0,0,0,0,0,0,0,0,0,0
1.580390214920044,0,0.0,0.0,0.0,0.0,0.0,0.0,0.0,0.0,0.03,0,0,0,0,0,0,0,0,0,0,0,0,0,0,0,0,0,0,0,0,0
1.5834167003631592,0,0.0,0.0,0.0,0.0,0.0,0.0,0.0,0.0,0.03,0,0,0,0,0,0,0,0,0,0,0,0,0,0,0,0,0,0,0,0,0
1.5847890377044678,0,0.0,0.0,0.0,0.0,0.0,0.0,0.0,0.0,0.03,0,0,0,0,0,0,0,0,0,0,0,0,0,0,0,0,0,0,0,0,0
1.5868680477142334,0,0.0,0.0,0.0,0.0,0.0,0.0,0.0,0.0,0.03,0,0,0,0,0,0,0,0,0,0,0,0,0,0,0,0,0,0,0,0,0
1.5885775089263916,0,0.0,0.0,0.0,0.0,0.0,0.0,0.0,0.0,0.03,0,0,0,0,0,0,0,0,0,0,0,0,0,0,0,0,0,0,0,0,0
1.59017014503479,0,0.0,0.0,0.0,0.0,0.0,0.0,0.0,0.0,0.03,0,0,0,0,0,0,0,0,0,0,0,0,0,0,0,0,0,0,0,0,0
1.5913364887237549,0,0.0,0.0,0.0,0.0,0.0,0.0,0.0,0.0,0.03,0,0,0,0,0,0,0,0,0,0,0,0,0,0,0,0,0,0,0,0,0
1.5928590297698975,0,0.0,0.0,0.0,0.0,0.0,0.0,0.0,0.0,0.03,0,0,0,0,0,0,0,0,0,0,0,0,0,0,0,0,0,0,0,0,0
1.5943410396575928,0,0.0,0.0,0.0,0.0,0.0,0.0,0.0,0.0,0.03,0,0,0,0,0,0,0,0,0,0,0,0,0,0,0,0,0,0,0,0,0
1.595651388168335,0,0.0,0.0,0.0,0.0,0.0,0.0,0.0,0.0,0.03,0,0,0,0,0,0,0,0,0,0,0,0,0,0,0,0,0,0,0,0,0
1.5969414710998535,0,0.0,0.0,0.0,0.0,0.0,0.0,0.0,0.0,0.03,0,0,0,0,0,0,0,0,0,0,0,0,0,0,0,0,0,0,0,0,0
1.598275899887085,0,0.0,0.0,0.0,0.0,0.0,0.0,0.0,0.0,0.03,0,0,0,0,0,0,0,0,0,0,0,0,0,0,0,0,0,0,0,0,0
1.5994219779968262,0,0.0,0.0,0.0,0.0,0.0,0.0,0.0,0.0,0.03,0,0,0,0,0,0,0,0,0,0,0,0,0,0,0,0,0,0,0,0,0
1.60133957862854,0,0.0,0.0,0.0,0.0,0.0,0.0,0.0,0.0,0.03,0,0,0,0,0,0,0,0,0,0,0,0,0,0,0,0,0,0,0,0,0
1.6024792194366455,0,0.0,0.0,0.0,0.0,0.0,0.0,0.0,0.0,0.03,0,0,0,0,0,0,0,0,0,0,0,0,0,0,0,0,0,0,0,0,0
1.603600025177002,0,0.0,0.0,0.0,0.0,0.0,0.0,0.0,0.0,0.03,0,0,0,0,0,0,0,0,0,0,0,0,0,0,0,0,0,0,0,0,0
1.6047112941741943,0,0.0,0.0,0.0,0.0,0.0,0.0,0.0,0.0,0.03,0,0,0,0,0,0,0,0,0,0,0,0,0,0,0,0,0,0,0,0,0
1.605884313583374,0,0.0,0.0,0.0,0.0,0.0,0.0,0.0,0.0,0.03,0,0,0,0,0,0,0,0,0,0,0,0,0,0,0,0,0,0,0,0,0
1.6071109771728516,0,0.0,0.0,0.0,0.0,0.0,0.0,0.0,0.0,0.03,0,0,0,0,0,0,0,0,0,0,0,0,0,0,0,0,0,0,0,0,0
1.6082968711853027,0,0.0,0.0,0.0,0.0,0.0,0.0,0.0,0.0,0.03,0,0,0,0,0,0,0,0,0,0,0,0,0,0,0,0,0,0,0,0,0
1.6108949184417725,0,0.0,0.0,0.0,0.0,0.0,0.0,0.0,0.0,0.03,0,0,0,0,0,0,0,0,0,0,0,0,0,0,0,0,0,0,0,0,0
1.612518072128296,0,0.0,0.0,0.0,0.0,0.0,0.0,0.0,0.0,0.03,0,0,0,0,0,0,0,0,0,0,0,0,0,0,0,0,0,0,0,0,0
1.6138217449188232,0,0.0,0.0,0.0,0.0,0.0,0.0,0.0,0.0,0.03,0,0,0,0,0,0,0,0,0,0,0,0,0,0,0,0,0,0,0,0,0
1.6150767803192139,0,0.0,0.0,0.0,0.0,0.0,0.0,0.0,0.0,0.03,0,0,0,0,0,0,0,0,0,0,0,0,0,0,0,0,0,0,0,0,0
1.6161866188049316,0,0.0,0.0,0.0,0.0,0.0,0.0,0.0,0.0,0.03,0,0,0,0,0,0,0,0,0,0,0,0,0,0,0,0,0,0,0,0,0
1.6173064708709717,0,0.0,0.0,0.0,0.0,0.0,0.0,0.0,0.0,0.03,0,0,0,0,0,0,0,0,0,0,0,0,0,0,0,0,0,0,0,0,0
1.6190049648284912,0,0.0,0.0,0.0,0.0,0.0,0.0,0.0,0.0,0.03,0,0,0,0,0,0,0,0,0,0,0,0,0,0,0,0,0,0,0,0,0
1.620553731918335,0,0.0,0.0,0.0,0.0,0.0,0.0,0.0,0.0,0.03,0,0,0,0,0,0,0,0,0,0,0,0,0,0,0,0,0,0,0,0,0
1.6216497421264648,0,0.0,0.0,0.0,0.0,0.0,0.0,0.0,0.0,0.03,0,0,0,0,0,0,0,0,0,0,0,0,0,0,0,0,0,0,0,0,0
1.6236584186553955,0,0.0,0.0,0.0,0.0,0.0,0.0,0.0,0.0,0.03,0,0,0,0,0,0,0,0,0,0,0,0,0,0,0,0,0,0,0,0,0
1.6248769760131836,0,0.0,0.0,0.0,0.0,0.0,0.0,0.0,0.0,0.03,0,0,0,0,0,0,0,0,0,0,0,0,0,0,0,0,0,0,0,0,0
1.6261157989501953,0,0.0,0.0,0.0,0.0,0.0,0.0,0.0,0.0,0.03,0,0,0,0,0,0,0,0,0,0,0,0,0,0,0,0,0,0,0,0,0
1.6273910999298096,0,0.0,0.0,0.0,0.0,0.0,0.0,0.0,0.0,0.03,0,0,0,0,0,0,0,0,0,0,0,0,0,0,0,0,0,0,0,0,0
1.6284527778625488,0,0.0,0.0,0.0,0.0,0.0,0.0,0.0,0.0,0.03,0,0,0,0,0,0,0,0,0,0,0,0,0,0,0,0,0,0,0,0,0
1.6314446926116943,0,0.0,0.0,0.0,0.0,0.0,0.0,0.0,0.0,0.03,0,0,0,0,0,0,0,0,0,0,0,0,0,0,0,0,0,0,0,0,0
1.632986307144165,0,0.0,0.0,0.0,0.0,0.0,0.0,0.0,0.0,0.03,0,0,0,0,0,0,0,0,0,0,0,0,0,0,0,0,0,0,0,0,0
1.6343541145324707,0,0.0,0.0,0.0,0.0,0.0,0.0,0.0,0.0,0.03,0,0,0,0,0,0,0,0,0,0,0,0,0,0,0,0,0,0,0,0,0
1.6355500221252441,0,0.0,0.0,0.0,0.0,0.0,0.0,0.0,0.0,0.03,0,0,0,0,0,0,0,0,0,0,0,0,0,0,0,0,0,0,0,0,0
1.6368846893310547,0,0.0,0.0,0.0,0.0,0.0,0.0,0.0,0.0,0.03,0,0,0,0,0,0,0,0,0,0,0,0,0,0,0,0,0,0,0,0,0
1.6387670040130615,0,0.0,0.0,0.0,0.0,0.0,0.0,0.0,0.0,0.03,0,0,0,0,0,0,0,0,0,0,0,0,0,0,0,0,0,0,0,0,0
1.6399626731872559,0,0.0,0.0,0.0,0.0,0.0,0.0,0.0,0.0,0.03,0,0,0,0,0,0,0,0,0,0,0,0,0,0,0,0,0,0,0,0,0
1.64186692237854,0,0.0,0.0,0.0,0.0,0.0,0.0,0.0,0.0,0.03,0,0,0,0,0,0,0,0,0,0,0,0,0,0,0,0,0,0,0,0,0
1.6434130668640137,0,0.0,0.0,0.0,0.0,0.0,0.0,0.0,0.0,0.03,0,0,0,0,0,0,0,0,0,0,0,0,0,0,0,0,0,0,0,0,0
1.6466100215911865,0,0.0,0.0,0.0,0.0,0.0,0.0,0.0,0.0,0.03,0,0,0,0,0,0,0,0,0,0,0,0,0,0,0,0,0,0,0,0,0
1.6481871604919434,0,0.0,0.0,0.0,0.0,0.0,0.0,0.0,0.0,0.03,0,0,0,0,0,0,0,0,0,0,0,0,0,0,0,0,0,0,0,0,0
1.6504669189453125,0,0.0,0.0,0.0,0.0,0.0,0.0,0.0,0.0,0.03,0,0,0,0,0,0,0,0,0,0,0,0,0,0,0,0,0,0,0,0,0
1.6518113613128662,0,0.0,0.0,0.0,0.0,0.0,0.0,0.0,0.0,0.03,0,0,0,0,0,0,0,0,0,0,0,0,0,0,0,0,0,0,0,0,0
1.653001070022583,0,0.0,0.0,0.0,0.0,0.0,0.0,0.0,0.0,0.03,0,0,0,0,0,0,0,0,0,0,0,0,0,0,0,0,0,0,0,0,0
1.6545112133026123,0,0.0,0.0,0.0,0.0,0.0,0.0,0.0,0.0,0.03,0,0,0,0,0,0,0,0,0,0,0,0,0,0,0,0,0,0,0,0,0
1.6560173034667969,0,0.0,0.0,0.0,0.0,0.0,0.0,0.0,0.0,0.03,0,0,0,0,0,0,0,0,0,0,0,0,0,0,0,0,0,0,0,0,0
1.6572420597076416,0,0.0,0.0,0.0,0.0,0.0,0.0,0.0,0.0,0.03,0,0,0,0,0,0,0,0,0,0,0,0,0,0,0,0,0,0,0,0,0
1.6583387851715088,0,0.0,0.0,0.0,0.0,0.0,0.0,0.0,0.0,0.03,0,0,0,0,0,0,0,0,0,0,0,0,0,0,0,0,0,0,0,0,0
1.6602411270141602,0,0.0,0.0,0.0,0.0,0.0,0.0,0.0,0.0,0.03,0,0,0,0,0,0,0,0,0,0,0,0,0,0,0,0,0,0,0,0,0
1.6613755226135254,0,0.0,0.0,0.0,0.0,0.0,0.0,0.0,0.0,0.03,0,0,0,0,0,0,0,0,0,0,0,0,0,0,0,0,0,0,0,0,0
1.662475347518921,0,0.0,0.0,0.0,0.0,0.0,0.0,0.0,0.0,0.03,0,0,0,0,0,0,0,0,0,0,0,0,0,0,0,0,0,0,0,0,0
1.6636326313018799,0,0.0,0.0,0.0,0.0,0.0,0.0,0.0,0.0,0.03,0,0,0,0,0,0,0,0,0,0,0,0,0,0,0,0,0,0,0,0,0
1.664780855178833,0,0.0,0.0,0.0,0.0,0.0,0.0,0.0,0.0,0.03,0,0,0,0,0,0,0,0,0,0,0,0,0,0,0,0,0,0,0,0,0
1.665961503982544,0,0.0,0.0,0.0,0.0,0.0,0.0,0.0,0.0,0.03,0,0,0,0,0,0,0,0,0,0,0,0,0,0,0,0,0,0,0,0,0
1.667060375213623,0,0.0,0.0,0.0,0.0,0.0,0.0,0.0,0.0,0.03,0,0,0,0,0,0,0,0,0,0,0,0,0,0,0,0,0,0,0,0,0
1.6681761741638184,0,0.0,0.0,0.0,0.0,0.0,0.0,0.0,0.0,0.03,0,0,0,0,0,0,0,0,0,0,0,0,0,0,0,0,0,0,0,0,0
1.6693532466888428,0,0.0,0.0,0.0,0.0,0.0,0.0,0.0,0.0,0.03,0,0,0,0,0,0,0,0,0,0,0,0,0,0,0,0,0,0,0,0,0
1.67042875289917,0,0.0,0.0,0.0,0.0,0.0,0.0,0.0,0.0,0.03,0,0,0,0,0,0,0,0,0,0,0,0,0,0,0,0,0,0,0,0,0
1.6722440719604492,0,0.0,0.0,0.0,0.0,0.0,0.0,0.0,0.0,0.03,0,0,0,0,0,0,0,0,0,0,0,0,0,0,0,0,0,0,0,0,0
1.673382043838501,0,0.0,0.0,0.0,0.0,0.0,0.0,0.0,0.0,0.03,0,0,0,0,0,0,0,0,0,0,0,0,0,0,0,0,0,0,0,0,0
1.6751644611358643,0,0.0,0.0,0.0,0.0,0.0,0.0,0.0,0.0,0.03,0,0,0,0,0,0,0,0,0,0,0,0,0,0,0,0,0,0,0,0,0
1.6767168045043945,0,0.0,0.0,0.0,0.0,0.0,0.0,0.0,0.0,0.03,0,0,0,0,0,0,0,0,0,0,0,0,0,0,0,0,0,0,0,0,0
1.6779959201812744,0,0.0,0.0,0.0,0.0,0.0,0.0,0.0,0.0,0.03,0,0,0,0,0,0,0,0,0,0,0,0,0,0,0,0,0,0,0,0,0
1.6792449951171875,0,0.0,0.0,0.0,0.0,0.0,0.0,0.0,0.0,0.03,0,0,0,0,0,0,0,0,0,0,0,0,0,0,0,0,0,0,0,0,0
1.680649995803833,0,0.0,0.0,0.0,0.0,0.0,0.0,0.0,0.0,0.03,0,0,0,0,0,0,0,0,0,0,0,0,0,0,0,0,0,0,0,0,0
1.682220697402954,0,0.0,0.0,0.0,0.0,0.0,0.0,0.0,0.0,0.03,0,0,0,0,0,0,0,0,0,0,0,0,0,0,0,0,0,0,0,0,0
1.6837921142578125,0,0.0,0.0,0.0,0.0,0.0,0.0,0.0,0.0,0.03,0,0,0,0,0,0,0,0,0,0,0,0,0,0,0,0,0,0,0,0,0
1.6849236488342285,0,0.0,0.0,0.0,0.0,0.0,0.0,0.0,0.0,0.03,0,0,0,0,0,0,0,0,0,0,0,0,0,0,0,0,0,0,0,0,0
1.6861557960510254,0,0.0,0.0,0.0,0.0,0.0,0.0,0.0,0.0,0.03,0,0,0,0,0,0,0,0,0,0,0,0,0,0,0,0,0,0,0,0,0
1.6879487037658691,0,0.0,0.0,0.0,0.0,0.0,0.0,0.0,0.0,0.03,0,0,0,0,0,0,0,0,0,0,0,0,0,0,0,0,0,0,0,0,0
1.6892268657684326,0,0.0,0.0,0.0,0.0,0.0,0.0,0.0,0.0,0.03,0,0,0,0,0,0,0,0,0,0,0,0,0,0,0,0,0,0,0,0,0
1.6903634071350098,0,0.0,0.0,0.0,0.0,0.0,0.0,0.0,0.0,0.03,0,0,0,0,0,0,0,0,0,0,0,0,0,0,0,0,0,0,0,0,0
1.6915957927703857,0,0.0,0.0,0.0,0.0,0.0,0.0,0.0,0.0,0.03,0,0,0,0,0,0,0,0,0,0,0,0,0,0,0,0,0,0,0,0,0
1.6927404403686523,0,0.0,0.0,0.0,0.0,0.0,0.0,0.0,0.0,0.03,0,0,0,0,0,0,0,0,0,0,0,0,0,0,0,0,0,0,0,0,0
1.6938035488128662,0,0.0,0.0,0.0,0.0,0.0,0.0,0.0,0.0,0.03,0,0,0,0,0,0,0,0,0,0,0,0,0,0,0,0,0,0,0,0,0
1.6954982280731201,0,0.0,0.0,0.0,0.0,0.0,0.0,0.0,0.0,0.03,0,0,0,0,0,0,0,0,0,0,0,0,0,0,0,0,0,0,0,0,0
1.6972129344940186,0,0.0,0.0,0.0,0.0,0.0,0.0,0.0,0.0,0.03,0,0,0,0,0,0,0,0,0,0,0,0,0,0,0,0,0,0,0,0,0
1.698390007019043,0,0.0,0.0,0.0,0.0,0.0,0.0,0.0,0.0,0.03,0,0,0,0,0,0,0,0,0,0,0,0,0,0,0,0,0,0,0,0,0
1.6996808052062988,0,0.0,0.0,0.0,0.0,0.0,0.0,0.0,0.0,0.03,0,0,0,0,0,0,0,0,0,0,0,0,0,0,0,0,0,0,0,0,0
1.7008419036865234,0,0.0,0.0,0.0,0.0,0.0,0.0,0.0,0.0,0.03,0,0,0,0,0,0,0,0,0,0,0,0,0,0,0,0,0,0,0,0,0
1.70212721824646,0,0.0,0.0,0.0,0.0,0.0,0.0,0.0,0.0,0.03,0,0,0,0,0,0,0,0,0,0,0,0,0,0,0,0,0,0,0,0,0
1.7034220695495605,0,0.0,0.0,0.0,0.0,0.0,0.0,0.0,0.0,0.03,0,0,0,0,0,0,0,0,0,0,0,0,0,0,0,0,0,0,0,0,0
1.7046728134155273,0,0.0,0.0,0.0,0.0,0.0,0.0,0.0,0.0,0.03,0,0,0,0,0,0,0,0,0,0,0,0,0,0,0,0,0,0,0,0,0
1.7058773040771484,0,0.0,0.0,0.0,0.0,0.0,0.0,0.0,0.0,0.03,0,0,0,0,0,0,0,0,0,0,0,0,0,0,0,0,0,0,0,0,0
1.7070767879486084,0,0.0,0.0,0.0,0.0,0.0,0.0,0.0,0.0,0.03,0,0,0,0,0,0,0,0,0,0,0,0,0,0,0,0,0,0,0,0,0
1.708958625793457,0,0.0,0.0,0.0,0.0,0.0,0.0,0.0,0.0,0.03,0,0,0,0,0,0,0,0,0,0,0,0,0,0,0,0,0,0,0,0,0
1.7100565433502197,0,0.0,0.0,0.0,0.0,0.0,0.0,0.0,0.0,0.03,0,0,0,0,0,0,0,0,0,0,0,0,0,0,0,0,0,0,0,0,0
1.7129671573638916,0,0.0,0.0,0.0,0.0,0.0,0.0,0.0,0.0,0.03,0,0,0,0,0,0,0,0,0,0,0,0,0,0,0,0,0,0,0,0,0
1.7146267890930176,0,0.0,0.0,0.0,0.0,0.0,0.0,0.0,0.0,0.03,0,0,0,0,0,0,0,0,0,0,0,0,0,0,0,0,0,0,0,0,0
1.7172963619232178,0,0.0,0.0,0.0,0.0,0.0,0.0,0.0,0.0,0.03,0,0,0,0,0,0,0,0,0,0,0,0,0,0,0,0,0,0,0,0,0
1.7187306880950928,0,0.0,0.0,0.0,0.0,0.0,0.0,0.0,0.0,0.03,0,0,0,0,0,0,0,0,0,0,0,0,0,0,0,0,0,0,0,0,0
1.7198200225830078,0,0.0,0.0,0.0,0.0,0.0,0.0,0.0,0.0,0.03,0,0,0,0,0,0,0,0,0,0,0,0,0,0,0,0,0,0,0,0,0
1.7209582328796387,0,0.0,0.0,0.0,0.0,0.0,0.0,0.0,0.0,0.03,0,0,0,0,0,0,0,0,0,0,0,0,0,0,0,0,0,0,0,0,0
1.722052812576294,0,0.0,0.0,0.0,0.0,0.0,0.0,0.0,0.0,0.03,0,0,0,0,0,0,0,0,0,0,0,0,0,0,0,0,0,0,0,0,0
1.7234210968017578,0,0.0,0.0,0.0,0.0,0.0,0.0,0.0,0.0,0.03,0,0,0,0,0,0,0,0,0,0,0,0,0,0,0,0,0,0,0,0,0
1.7252016067504883,0,0.0,0.0,0.0,0.0,0.0,0.0,0.0,0.0,0.03,0,0,0,0,0,0,0,0,0,0,0,0,0,0,0,0,0,0,0,0,0
1.7267694473266602,0,0.0,0.0,0.0,0.0,0.0,0.0,0.0,0.0,0.03,0,0,0,0,0,0,0,0,0,0,0,0,0,0,0,0,0,0,0,0,0
1.7279691696166992,0,0.0,0.0,0.0,0.0,0.0,0.0,0.0,0.0,0.03,0,0,0,0,0,0,0,0,0,0,0,0,0,0,0,0,0,0,0,0,0
1.7290685176849365,0,0.0,0.0,0.0,0.0,0.0,0.0,0.0,0.0,0.03,0,0,0,0,0,0,0,0,0,0,0,0,0,0,0,0,0,0,0,0,0
1.7304184436798096,0,0.0,0.0,0.0,0.0,0.0,0.0,0.0,0.0,0.03,0,0,0,0,0,0,0,0,0,0,0,0,0,0,0,0,0,0,0,0,0
1.7317039966583252,0,0.0,0.0,0.0,0.0,0.0,0.0,0.0,0.0,0.03,0,0,0,0,0,0,0,0,0,0,0,0,0,0,0,0,0,0,0,0,0
1.7328696250915527,0,0.0,0.0,0.0,0.0,0.0,0.0,0.0,0.0,0.03,0,0,0,0,0,0,0,0,0,0,0,0,0,0,0,0,0,0,0,0,0
1.7340495586395264,0,0.0,0.0,0.0,0.0,0.0,0.0,0.0,0.0,0.03,0,0,0,0,0,0,0,0,0,0,0,0,0,0,0,0,0,0,0,0,0
1.7351515293121338,0,0.0,0.0,0.0,0.0,0.0,0.0,0.0,0.0,0.03,0,0,0,0,0,0,0,0,0,0,0,0,0,0,0,0,0,0,0,0,0
1.7364764213562012,0,0.0,0.0,0.0,0.0,0.0,0.0,0.0,0.0,0.03,0,0,0,0,0,0,0,0,0,0,0,0,0,0,0,0,0,0,0,0,0
1.73823881149292,0,0.0,0.0,0.0,0.0,0.0,0.0,0.0,0.0,0.03,0,0,0,0,0,0,0,0,0,0,0,0,0,0,0,0,0,0,0,0,0
1.739732265472412,0,0.0,0.0,0.0,0.0,0.0,0.0,0.0,0.0,0.03,0,0,0,0,0,0,0,0,0,0,0,0,0,0,0,0,0,0,0,0,0
1.7412712574005127,0,0.0,0.0,0.0,0.0,0.0,0.0,0.0,0.0,0.03,0,0,0,0,0,0,0,0,0,0,0,0,0,0,0,0,0,0,0,0,0
1.743093490600586,0,0.0,0.0,0.0,0.0,0.0,0.0,0.0,0.0,0.03,0,0,0,0,0,0,0,0,0,0,0,0,0,0,0,0,0,0,0,0,0
1.7445318698883057,0,0.0,0.0,0.0,0.0,0.0,0.0,0.0,0.0,0.03,0,0,0,0,0,0,0,0,0,0,0,0,0,0,0,0,0,0,0,0,0
1.7458744049072266,0,0.0,0.0,0.0,0.0,0.0,0.0,0.0,0.0,0.03,0,0,0,0,0,0,0,0,0,0,0,0,0,0,0,0,0,0,0,0,0
1.7481999397277832,0,0.0,0.0,0.0,0.0,0.0,0.0,0.0,0.0,0.03,0,0,0,0,0,0,0,0,0,0,0,0,0,0,0,0,0,0,0,0,0
1.7494773864746094,0,0.0,0.0,0.0,0.0,0.0,0.0,0.0,0.0,0.03,0,0,0,0,0,0,0,0,0,0,0,0,0,0,0,0,0,0,0,0,0
1.7505767345428467,0,0.0,0.0,0.0,0.0,0.0,0.0,0.0,0.0,0.03,0,0,0,0,0,0,0,0,0,0,0,0,0,0,0,0,0,0,0,0,0
1.7524380683898926,0,0.0,0.0,0.0,0.0,0.0,0.0,0.0,0.0,0.03,0,0,0,0,0,0,0,0,0,0,0,0,0,0,0,0,0,0,0,0,0
1.7535502910614014,0,0.0,0.0,0.0,0.0,0.0,0.0,0.0,0.0,0.03,0,0,0,0,0,0,0,0,0,0,0,0,0,0,0,0,0,0,0,0,0
1.7546849250793457,0,0.0,0.0,0.0,0.0,0.0,0.0,0.0,0.0,0.03,0,0,0,0,0,0,0,0,0,0,0,0,0,0,0,0,0,0,0,0,0
1.755882740020752,0,0.0,0.0,0.0,0.0,0.0,0.0,0.0,0.0,0.03,0,0,0,0,0,0,0,0,0,0,0,0,0,0,0,0,0,0,0,0,0
1.7569477558135986,0,0.0,0.0,0.0,0.0,0.0,0.0,0.0,0.0,0.03,0,0,0,0,0,0,0,0,0,0,0,0,0,0,0,0,0,0,0,0,0
1.7586755752563477,0,0.0,0.0,0.0,0.0,0.0,0.0,0.0,0.0,0.03,0,0,0,0,0,0,0,0,0,0,0,0,0,0,0,0,0,0,0,0,0
1.7604763507843018,0,0.0,0.0,0.0,0.0,0.0,0.0,0.0,0.0,0.03,0,0,0,0,0,0,0,0,0,0,0,0,0,0,0,0,0,0,0,0,0
1.76228666305542,0,0.0,0.0,0.0,0.0,0.0,0.0,0.0,0.0,0.03,0,0,0,0,0,0,0,0,0,0,0,0,0,0,0,0,0,0,0,0,0
1.7635095119476318,0,0.0,0.0,0.0,0.0,0.0,0.0,0.0,0.0,0.03,0,0,0,0,0,0,0,0,0,0,0,0,0,0,0,0,0,0,0,0,0
1.764836311340332,0,0.0,0.0,0.0,0.0,0.0,0.0,0.0,0.0,0.03,0,0,0,0,0,0,0,0,0,0,0,0,0,0,0,0,0,0,0,0,0
1.7668366432189941,0,0.0,0.0,0.0,0.0,0.0,0.0,0.0,0.0,0.03,0,0,0,0,0,0,0,0,0,0,0,0,0,0,0,0,0,0,0,0,0
1.7679626941680908,0,0.0,0.0,0.0,0.0,0.0,0.0,0.0,0.0,0.03,0,0,0,0,0,0,0,0,0,0,0,0,0,0,0,0,0,0,0,0,0
1.7690520286560059,0,0.0,0.0,0.0,0.0,0.0,0.0,0.0,0.0,0.03,0,0,0,0,0,0,0,0,0,0,0,0,0,0,0,0,0,0,0,0,0
1.7702641487121582,0,0.0,0.0,0.0,0.0,0.0,0.0,0.0,0.0,0.03,0,0,0,0,0,0,0,0,0,0,0,0,0,0,0,0,0,0,0,0,0
1.771477222442627,0,0.0,0.0,0.0,0.0,0.0,0.0,0.0,0.0,0.03,0,0,0,0,0,0,0,0,0,0,0,0,0,0,0,0,0,0,0,0,0
1.7725625038146973,0,0.0,0.0,0.0,0.0,0.0,0.0,0.0,0.0,0.03,0,0,0,0,0,0,0,0,0,0,0,0,0,0,0,0,0,0,0,0,0
1.7759406566619873,0,0.0,0.0,0.0,0.0,0.0,0.0,0.0,0.0,0.03,0,0,0,0,0,0,0,0,0,0,0,0,0,0,0,0,0,0,0,0,0
1.7776436805725098,0,0.0,0.0,0.0,0.0,0.0,0.0,0.0,0.0,0.03,0,0,0,0,0,0,0,0,0,0,0,0,0,0,0,0,0,0,0,0,0
1.7789628505706787,0,0.0,0.0,0.0,0.0,0.0,0.0,0.0,0.0,0.03,0,0,0,0,0,0,0,0,0,0,0,0,0,0,0,0,0,0,0,0,0
1.7803399562835693,0,0.0,0.0,0.0,0.0,0.0,0.0,0.0,0.0,0.03,0,0,0,0,0,0,0,0,0,0,0,0,0,0,0,0,0,0,0,0,0
1.782660961151123,0,0.0,0.0,0.0,0.0,0.0,0.0,0.0,0.0,0.03,0,0,0,0,0,0,0,0,0,0,0,0,0,0,0,0,0,0,0,0,0
1.7837629318237305,0,0.0,0.0,0.0,0.0,0.0,0.0,0.0,0.0,0.03,0,0,0,0,0,0,0,0,0,0,0,0,0,0,0,0,0,0,0,0,0
1.785210371017456,0,0.0,0.0,0.0,0.0,0.0,0.0,0.0,0.0,0.03,0,0,0,0,0,0,0,0,0,0,0,0,0,0,0,0,0,0,0,0,0
1.7866647243499756,0,0.0,0.0,0.0,0.0,0.0,0.0,0.0,0.0,0.03,0,0,0,0,0,0,0,0,0,0,0,0,0,0,0,0,0,0,0,0,0
1.7883977890014648,0,0.0,0.0,0.0,0.0,0.0,0.0,0.0,0.0,0.03,0,0,0,0,0,0,0,0,0,0,0,0,0,0,0,0,0,0,0,0,0
1.7898123264312744,0,0.0,0.0,0.0,0.0,0.0,0.0,0.0,0.0,0.03,0,0,0,0,0,0,0,0,0,0,0,0,0,0,0,0,0,0,0,0,0
1.7908952236175537,0,0.0,0.0,0.0,0.0,0.0,0.0,0.0,0.0,0.03,0,0,0,0,0,0,0,0,0,0,0,0,0,0,0,0,0,0,0,0,0
1.7923202514648438,0,0.0,0.0,0.0,0.0,0.0,0.0,0.0,0.0,0.03,0,0,0,0,0,0,0,0,0,0,0,0,0,0,0,0,0,0,0,0,0
1.7934229373931885,0,0.0,0.0,0.0,0.0,0.0,0.0,0.0,0.0,0.03,0,0,0,0,0,0,0,0,0,0,0,0,0,0,0,0,0,0,0,0,0
1.7945082187652588,0,0.0,0.0,0.0,0.0,0.0,0.0,0.0,0.0,0.03,0,0,0,0,0,0,0,0,0,0,0,0,0,0,0,0,0,0,0,0,0
1.79561185836792,0,0.0,0.0,0.0,0.0,0.0,0.0,0.0,0.0,0.03,0,0,0,0,0,0,0,0,0,0,0,0,0,0,0,0,0,0,0,0,0
1.7967276573181152,0,0.0,0.0,0.0,0.0,0.0,0.0,0.0,0.0,0.03,0,0,0,0,0,0,0,0,0,0,0,0,0,0,0,0,0,0,0,0,0
1.7978236675262451,0,0.0,0.0,0.0,0.0,0.0,0.0,0.0,0.0,0.03,0,0,0,0,0,0,0,0,0,0,0,0,0,0,0,0,0,0,0,0,0
1.799004316329956,0,0.0,0.0,0.0,0.0,0.0,0.0,0.0,0.0,0.03,0,0,0,0,0,0,0,0,0,0,0,0,0,0,0,0,0,0,0,0,0
1.8007628917694092,0,0.0,0.0,0.0,0.0,0.0,0.0,0.0,0.0,0.03,0,0,0,0,0,0,0,0,0,0,0,0,0,0,0,0,0,0,0,0,0
1.80226469039917,0,0.0,0.0,0.0,0.0,0.0,0.0,0.0,0.0,0.03,0,0,0,0,0,0,0,0,0,0,0,0,0,0,0,0,0,0,0,0,0
1.8038055896759033,0,0.0,0.0,0.0,0.0,0.0,0.0,0.0,0.0,0.03,0,0,0,0,0,0,0,0,0,0,0,0,0,0,0,0,0,0,0,0,0
1.8052737712860107,0,0.0,0.0,0.0,0.0,0.0,0.0,0.0,0.0,0.03,0,0,0,0,0,0,0,0,0,0,0,0,0,0,0,0,0,0,0,0,0
1.8066625595092773,0,0.0,0.0,0.0,0.0,0.0,0.0,0.0,0.0,0.03,0,0,0,0,0,0,0,0,0,0,0,0,0,0,0,0,0,0,0,0,0
1.8078694343566895,0,0.0,0.0,0.0,0.0,0.0,0.0,0.0,0.0,0.03,0,0,0,0,0,0,0,0,0,0,0,0,0,0,0,0,0,0,0,0,0
1.8102426528930664,0,0.0,0.0,0.0,0.0,0.0,0.0,0.0,0.0,0.03,0,0,0,0,0,0,0,0,0,0,0,0,0,0,0,0,0,0,0,0,0
1.8118400573730469,0,0.0,0.0,0.0,0.0,0.0,0.0,0.0,0.0,0.03,0,0,0,0,0,0,0,0,0,0,0,0,0,0,0,0,0,0,0,0,0
1.812943935394287,0,0.0,0.0,0.0,0.0,0.0,0.0,0.0,0.0,0.03,0,0,0,0,0,0,0,0,0,0,0,0,0,0,0,0,0,0,0,0,0
1.814209222793579,0,0.0,0.0,0.0,0.0,0.0,0.0,0.0,0.0,0.03,0,0,0,0,0,0,0,0,0,0,0,0,0,0,0,0,0,0,0,0,0
1.8157663345336914,0,0.0,0.0,0.0,0.0,0.0,0.0,0.0,0.0,0.03,0,0,0,0,0,0,0,0,0,0,0,0,0,0,0,0,0,0,0,0,0
1.8168625831604004,0,0.0,0.0,0.0,0.0,0.0,0.0,0.0,0.0,0.03,0,0,0,0,0,0,0,0,0,0,0,0,0,0,0,0,0,0,0,0,0
1.8179233074188232,0,0.0,0.0,0.0,0.0,0.0,0.0,0.0,0.0,0.03,0,0,0,0,0,0,0,0,0,0,0,0,0,0,0,0,0,0,0,0,0
1.819159984588623,0,0.0,0.0,0.0,0.0,0.0,0.0,0.0,0.0,0.03,0,0,0,0,0,0,0,0,0,0,0,0,0,0,0,0,0,0,0,0,0
1.8207695484161377,0,0.0,0.0,0.0,0.0,0.0,0.0,0.0,0.0,0.03,0,0,0,0,0,0,0,0,0,0,0,0,0,0,0,0,0,0,0,0,0
1.8223111629486084,0,0.0,0.0,0.0,0.0,0.0,0.0,0.0,0.0,0.03,0,0,0,0,0,0,0,0,0,0,0,0,0,0,0,0,0,0,0,0,0
1.8238637447357178,0,0.0,0.0,0.0,0.0,0.0,0.0,0.0,0.0,0.03,0,0,0,0,0,0,0,0,0,0,0,0,0,0,0,0,0,0,0,0,0
1.8252925872802734,0,0.0,0.0,0.0,0.0,0.0,0.0,0.0,0.0,0.03,0,0,0,0,0,0,0,0,0,0,0,0,0,0,0,0,0,0,0,0,0
1.8264448642730713,0,0.0,0.0,0.0,0.0,0.0,0.0,0.0,0.0,0.03,0,0,0,0,0,0,0,0,0,0,0,0,0,0,0,0,0,0,0,0,0
1.8287904262542725,0,0.0,0.0,0.0,0.0,0.0,0.0,0.0,0.0,0.03,0,0,0,0,0,0,0,0,0,0,0,0,0,0,0,0,0,0,0,0,0
1.8302326202392578,0,0.0,0.0,0.0,0.0,0.0,0.0,0.0,0.0,0.03,0,0,0,0,0,0,0,0,0,0,0,0,0,0,0,0,0,0,0,0,0
1.8313369750976562,0,0.0,0.0,0.0,0.0,0.0,0.0,0.0,0.0,0.03,0,0,0,0,0,0,0,0,0,0,0,0,0,0,0,0,0,0,0,0,0
1.8325533866882324,0,0.0,0.0,0.0,0.0,0.0,0.0,0.0,0.0,0.03,0,0,0,0,0,0,0,0,0,0,0,0,0,0,0,0,0,0,0,0,0
1.8338196277618408,0,0.0,0.0,0.0,0.0,0.0,0.0,0.0,0.0,0.03,0,0,0,0,0,0,0,0,0,0,0,0,0,0,0,0,0,0,0,0,0
1.8349072933197021,0,0.0,0.0,0.0,0.0,0.0,0.0,0.0,0.0,0.03,0,0,0,0,0,0,0,0,0,0,0,0,0,0,0,0,0,0,0,0,0
1.837533712387085,0,0.0,0.0,0.0,0.0,0.0,0.0,0.0,0.0,0.03,0,0,0,0,0,0,0,0,0,0,0,0,0,0,0,0,0,0,0,0,0
1.8390026092529297,0,0.0,0.0,0.0,0.0,0.0,0.0,0.0,0.0,0.03,0,0,0,0,0,0,0,0,0,0,0,0,0,0,0,0,0,0,0,0,0
1.8408403396606445,0,0.0,0.0,0.0,0.0,0.0,0.0,0.0,0.0,0.03,0,0,0,0,0,0,0,0,0,0,0,0,0,0,0,0,0,0,0,0,0
1.842679738998413,0,0.0,0.0,0.0,0.0,0.0,0.0,0.0,0.0,0.03,0,0,0,0,0,0,0,0,0,0,0,0,0,0,0,0,0,0,0,0,0
1.844712495803833,0,0.0,0.0,0.0,0.0,0.0,0.0,0.0,0.0,0.03,0,0,0,0,0,0,0,0,0,0,0,0,0,0,0,0,0,0,0,0,0
1.8458704948425293,0,0.0,0.0,0.0,0.0,0.0,0.0,0.0,0.0,0.03,0,0,0,0,0,0,0,0,0,0,0,0,0,0,0,0,0,0,0,0,0
1.8472325801849365,0,0.0,0.0,0.0,0.0,0.0,0.0,0.0,0.0,0.03,0,0,0,0,0,0,0,0,0,0,0,0,0,0,0,0,0,0,0,0,0
1.8498790264129639,0,0.0,0.0,0.0,0.0,0.0,0.0,0.0,0.0,0.03,0,0,0,0,0,0,0,0,0,0,0,0,0,0,0,0,0,0,0,0,0
1.8509771823883057,0,0.0,0.0,0.0,0.0,0.0,0.0,0.0,0.0,0.03,0,0,0,0,0,0,0,0,0,0,0,0,0,0,0,0,0,0,0,0,0
1.8522157669067383,0,0.0,0.0,0.0,0.0,0.0,0.0,0.0,0.0,0.03,0,0,0,0,0,0,0,0,0,0,0,0,0,0,0,0,0,0,0,0,0
1.85331130027771,0,0.0,0.0,0.0,0.0,0.0,0.0,0.0,0.0,0.03,0,0,0,0,0,0,0,0,0,0,0,0,0,0,0,0,0,0,0,0,0
1.854867935180664,0,0.0,0.0,0.0,0.0,0.0,0.0,0.0,0.0,0.03,0,0,0,0,0,0,0,0,0,0,0,0,0,0,0,0,0,0,0,0,0
1.8559658527374268,0,0.0,0.0,0.0,0.0,0.0,0.0,0.0,0.0,0.03,0,0,0,0,0,0,0,0,0,0,0,0,0,0,0,0,0,0,0,0,0
1.8570826053619385,0,0.0,0.0,0.0,0.0,0.0,0.0,0.0,0.0,0.03,0,0,0,0,0,0,0,0,0,0,0,0,0,0,0,0,0,0,0,0,0
1.8581726551055908,0,0.0,0.0,0.0,0.0,0.0,0.0,0.0,0.0,0.03,0,0,0,0,0,0,0,0,0,0,0,0,0,0,0,0,0,0,0,0,0
1.8596687316894531,0,0.0,0.0,0.0,0.0,0.0,0.0,0.0,0.0,0.03,0,0,0,0,0,0,0,0,0,0,0,0,0,0,0,0,0,0,0,0,0
1.861098289489746,0,0.0,0.0,0.0,0.0,0.0,0.0,0.0,0.0,0.03,0,0,0,0,0,0,0,0,0,0,0,0,0,0,0,0,0,0,0,0,0
1.862380027770996,0,0.0,0.0,0.0,0.0,0.0,0.0,0.0,0.0,0.03,0,0,0,0,0,0,0,0,0,0,0,0,0,0,0,0,0,0,0,0,0
1.8647286891937256,0,0.0,0.0,0.0,0.0,0.0,0.0,0.0,0.0,0.03,0,0,0,0,0,0,0,0,0,0,0,0,0,0,0,0,0,0,0,0,0
1.8661198616027832,0,0.0,0.0,0.0,0.0,0.0,0.0,0.0,0.0,0.03,0,0,0,0,0,0,0,0,0,0,0,0,0,0,0,0,0,0,0,0,0
1.8677637577056885,0,0.0,0.0,0.0,0.0,0.0,0.0,0.0,0.0,0.03,0,0,0,0,0,0,0,0,0,0,0,0,0,0,0,0,0,0,0,0,0
1.8690779209136963,0,0.0,0.0,0.0,0.0,0.0,0.0,0.0,0.0,0.03,0,0,0,0,0,0,0,0,0,0,0,0,0,0,0,0,0,0,0,0,0
1.8702366352081299,0,0.0,0.0,0.0,0.0,0.0,0.0,0.0,0.0,0.03,0,0,0,0,0,0,0,0,0,0,0,0,0,0,0,0,0,0,0,0,0
1.871769905090332,0,0.0,0.0,0.0,0.0,0.0,0.0,0.0,0.0,0.03,0,0,0,0,0,0,0,0,0,0,0,0,0,0,0,0,0,0,0,0,0
1.8739986419677734,0,0.0,0.0,0.0,0.0,0.0,0.0,0.0,0.0,0.03,0,0,0,0,0,0,0,0,0,0,0,0,0,0,0,0,0,0,0,0,0
1.8752222061157227,0,0.0,0.0,0.0,0.0,0.0,0.0,0.0,0.0,0.03,0,0,0,0,0,0,0,0,0,0,0,0,0,0,0,0,0,0,0,0,0
1.8764104843139648,0,0.0,0.0,0.0,0.0,0.0,0.0,0.0,0.0,0.03,0,0,0,0,0,0,0,0,0,0,0,0,0,0,0,0,0,0,0,0,0
1.877556562423706,0,0.0,0.0,0.0,0.0,0.0,0.0,0.0,0.0,0.03,0,0,0,0,0,0,0,0,0,0,0,0,0,0,0,0,0,0,0,0,0
1.878661870956421,0,0.0,0.0,0.0,0.0,0.0,0.0,0.0,0.0,0.03,0,0,0,0,0,0,0,0,0,0,0,0,0,0,0,0,0,0,0,0,0
1.8797407150268555,0,0.0,0.0,0.0,0.0,0.0,0.0,0.0,0.0,0.03,0,0,0,0,0,0,0,0,0,0,0,0,0,0,0,0,0,0,0,0,0
1.8809645175933838,0,0.0,0.0,0.0,0.0,0.0,0.0,0.0,0.0,0.03,0,0,0,0,0,0,0,0,0,0,0,0,0,0,0,0,0,0,0,0,0
1.8822214603424072,0,0.0,0.0,0.0,0.0,0.0,0.0,0.0,0.0,0.03,0,0,0,0,0,0,0,0,0,0,0,0,0,0,0,0,0,0,0,0,0
1.8839986324310303,0,0.0,0.0,0.0,0.0,0.0,0.0,0.0,0.0,0.03,0,0,0,0,0,0,0,0,0,0,0,0,0,0,0,0,0,0,0,0,0
1.8857791423797607,0,0.0,0.0,0.0,0.0,0.0,0.0,0.0,0.0,0.03,0,0,0,0,0,0,0,0,0,0,0,0,0,0,0,0,0,0,0,0,0
1.8877098560333252,0,0.0,0.0,0.0,0.0,0.0,0.0,0.0,0.0,0.03,0,0,0,0,0,0,0,0,0,0,0,0,0,0,0,0,0,0,0,0,0
1.8889966011047363,0,0.0,0.0,0.0,0.0,0.0,0.0,0.0,0.0,0.03,0,0,0,0,0,0,0,0,0,0,0,0,0,0,0,0,0,0,0,0,0
1.8901188373565674,0,0.0,0.0,0.0,0.0,0.0,0.0,0.0,0.0,0.03,0,0,0,0,0,0,0,0,0,0,0,0,0,0,0,0,0,0,0,0,0
1.8915445804595947,0,0.0,0.0,0.0,0.0,0.0,0.0,0.0,0.0,0.03,0,0,0,0,0,0,0,0,0,0,0,0,0,0,0,0,0,0,0,0,0
1.8928565979003906,0,0.0,0.0,0.0,0.0,0.0,0.0,0.0,0.0,0.03,0,0,0,0,0,0,0,0,0,0,0,0,0,0,0,0,0,0,0,0,0
1.8941938877105713,0,0.0,0.0,0.0,0.0,0.0,0.0,0.0,0.0,0.03,0,0,0,0,0,0,0,0,0,0,0,0,0,0,0,0,0,0,0,0,0
1.8952960968017578,0,0.0,0.0,0.0,0.0,0.0,0.0,0.0,0.0,0.03,0,0,0,0,0,0,0,0,0,0,0,0,0,0,0,0,0,0,0,0,0
1.897223949432373,0,0.0,0.0,0.0,0.0,0.0,0.0,0.0,0.0,0.03,0,0,0,0,0,0,0,0,0,0,0,0,0,0,0,0,0,0,0,0,0
1.8986001014709473,0,0.0,0.0,0.0,0.0,0.0,0.0,0.0,0.0,0.03,0,0,0,0,0,0,0,0,0,0,0,0,0,0,0,0,0,0,0,0,0
1.9016175270080566,0,0.0,0.0,0.0,0.0,0.0,0.0,0.0,0.0,0.03,0,0,0,0,0,0,0,0,0,0,0,0,0,0,0,0,0,0,0,0,0
1.9031574726104736,0,0.0,0.0,0.0,0.0,0.0,0.0,0.0,0.0,0.03,0,0,0,0,0,0,0,0,0,0,0,0,0,0,0,0,0,0,0,0,0
1.9044249057769775,0,0.0,0.0,0.0,0.0,0.0,0.0,0.0,0.0,0.03,0,0,0,0,0,0,0,0,0,0,0,0,0,0,0,0,0,0,0,0,0
1.9057610034942627,0,0.0,0.0,0.0,0.0,0.0,0.0,0.0,0.0,0.03,0,0,0,0,0,0,0,0,0,0,0,0,0,0,0,0,0,0,0,0,0
1.9078619480133057,0,0.0,0.0,0.0,0.0,0.0,0.0,0.0,0.0,0.03,0,0,0,0,0,0,0,0,0,0,0,0,0,0,0,0,0,0,0,0,0
1.9094276428222656,0,0.0,0.0,0.0,0.0,0.0,0.0,0.0,0.0,0.03,0,0,0,0,0,0,0,0,0,0,0,0,0,0,0,0,0,0,0,0,0
1.9105074405670166,0,0.0,0.0,0.0,0.0,0.0,0.0,0.0,0.0,0.03,0,0,0,0,0,0,0,0,0,0,0,0,0,0,0,0,0,0,0,0,0
1.9118983745574951,0,0.0,0.0,0.0,0.0,0.0,0.0,0.0,0.0,0.03,0,0,0,0,0,0,0,0,0,0,0,0,0,0,0,0,0,0,0,0,0
1.9137952327728271,0,0.0,0.0,0.0,0.0,0.0,0.0,0.0,0.0,0.03,0,0,0,0,0,0,0,0,0,0,0,0,0,0,0,0,0,0,0,0,0
1.9158623218536377,0,0.0,0.0,0.0,0.0,0.0,0.0,0.0,0.0,0.03,0,0,0,0,0,0,0,0,0,0,0,0,0,0,0,0,0,0,0,0,0
1.9169628620147705,0,0.0,0.0,0.0,0.0,0.0,0.0,0.0,0.0,0.03,0,0,0,0,0,0,0,0,0,0,0,0,0,0,0,0,0,0,0,0,0
1.9189674854278564,0,0.0,0.0,0.0,0.0,0.0,0.0,0.0,0.0,0.03,0,0,0,0,0,0,0,0,0,0,0,0,0,0,0,0,0,0,0,0,0
1.9200284481048584,0,0.0,0.0,0.0,0.0,0.0,0.0,0.0,0.0,0.03,0,0,0,0,0,0,0,0,0,0,0,0,0,0,0,0,0,0,0,0,0
1.9211499691009521,0,0.0,0.0,0.0,0.0,0.0,0.0,0.0,0.0,0.03,0,0,0,0,0,0,0,0,0,0,0,0,0,0,0,0,0,0,0,0,0
1.9222371578216553,0,0.0,0.0,0.0,0.0,0.0,0.0,0.0,0.0,0.03,0,0,0,0,0,0,0,0,0,0,0,0,0,0,0,0,0,0,0,0,0
1.9233853816986084,0,0.0,0.0,0.0,0.0,0.0,0.0,0.0,0.0,0.03,0,0,0,0,0,0,0,0,0,0,0,0,0,0,0,0,0,0,0,0,0
1.9248337745666504,0,0.0,0.0,0.0,0.0,0.0,0.0,0.0,0.0,0.03,0,0,0,0,0,0,0,0,0,0,0,0,0,0,0,0,0,0,0,0,0
1.9258995056152344,0,0.0,0.0,0.0,0.0,0.0,0.0,0.0,0.0,0.03,0,0,0,0,0,0,0,0,0,0,0,0,0,0,0,0,0,0,0,0,0
1.928163766860962,0,0.0,0.0,0.0,0.0,0.0,0.0,0.0,0.0,0.03,0,0,0,0,0,0,0,0,0,0,0,0,0,0,0,0,0,0,0,0,0
1.930048942565918,0,0.0,0.0,0.0,0.0,0.0,0.0,0.0,0.0,0.03,0,0,0,0,0,0,0,0,0,0,0,0,0,0,0,0,0,0,0,0,0
1.9312984943389893,0,0.0,0.0,0.0,0.0,0.0,0.0,0.0,0.0,0.03,0,0,0,0,0,0,0,0,0,0,0,0,0,0,0,0,0,0,0,0,0
1.9327096939086914,0,0.0,0.0,0.0,0.0,0.0,0.0,0.0,0.0,0.03,0,0,0,0,0,0,0,0,0,0,0,0,0,0,0,0,0,0,0,0,0
1.9338948726654053,0,0.0,0.0,0.0,0.0,0.0,0.0,0.0,0.0,0.03,0,0,0,0,0,0,0,0,0,0,0,0,0,0,0,0,0,0,0,0,0
1.935124397277832,0,0.0,0.0,0.0,0.0,0.0,0.0,0.0,0.0,0.03,0,0,0,0,0,0,0,0,0,0,0,0,0,0,0,0,0,0,0,0,0
1.936988115310669,0,0.0,0.0,0.0,0.0,0.0,0.0,0.0,0.0,0.03,0,0,0,0,0,0,0,0,0,0,0,0,0,0,0,0,0,0,0,0,0
1.9383409023284912,0,0.0,0.0,0.0,0.0,0.0,0.0,0.0,0.0,0.03,0,0,0,0,0,0,0,0,0,0,0,0,0,0,0,0,0,0,0,0,0
1.9394361972808838,0,0.0,0.0,0.0,0.0,0.0,0.0,0.0,0.0,0.03,0,0,0,0,0,0,0,0,0,0,0,0,0,0,0,0,0,0,0,0,0
1.9408066272735596,0,0.0,0.0,0.0,0.0,0.0,0.0,0.0,0.0,0.03,0,0,0,0,0,0,0,0,0,0,0,0,0,0,0,0,0,0,0,0,0
1.9418697357177734,0,0.0,0.0,0.0,0.0,0.0,0.0,0.0,0.0,0.03,0,0,0,0,0,0,0,0,0,0,0,0,0,0,0,0,0,0,0,0,0
1.9430322647094727,0,0.0,0.0,0.0,0.0,0.0,0.0,0.0,0.0,0.03,0,0,0,0,0,0,0,0,0,0,0,0,0,0,0,0,0,0,0,0,0
1.9442410469055176,0,0.0,0.0,0.0,0.0,0.0,0.0,0.0,0.0,0.03,0,0,0,0,0,0,0,0,0,0,0,0,0,0,0,0,0,0,0,0,0
1.9453623294830322,0,0.0,0.0,0.0,0.0,0.0,0.0,0.0,0.0,0.03,0,0,0,0,0,0,0,0,0,0,0,0,0,0,0,0,0,0,0,0,0
1.9464490413665771,0,0.0,0.0,0.0,0.0,0.0,0.0,0.0,0.0,0.03,0,0,0,0,0,0,0,0,0,0,0,0,0,0,0,0,0,0,0,0,0
1.9477548599243164,0,0.0,0.0,0.0,0.0,0.0,0.0,0.0,0.0,0.03,0,0,0,0,0,0,0,0,0,0,0,0,0,0,0,0,0,0,0,0,0
1.94927978515625,0,0.0,0.0,0.0,0.0,0.0,0.0,0.0,0.0,0.03,0,0,0,0,0,0,0,0,0,0,0,0,0,0,0,0,0,0,0,0,0
1.950876235961914,0,0.0,0.0,0.0,0.0,0.0,0.0,0.0,0.0,0.03,0,0,0,0,0,0,0,0,0,0,0,0,0,0,0,0,0,0,0,0,0
1.9521830081939697,0,0.0,0.0,0.0,0.0,0.0,0.0,0.0,0.0,0.03,0,0,0,0,0,0,0,0,0,0,0,0,0,0,0,0,0,0,0,0,0
1.9533720016479492,0,0.0,0.0,0.0,0.0,0.0,0.0,0.0,0.0,0.03,0,0,0,0,0,0,0,0,0,0,0,0,0,0,0,0,0,0,0,0,0
1.9547228813171387,0,0.0,0.0,0.0,0.0,0.0,0.0,0.0,0.0,0.03,0,0,0,0,0,0,0,0,0,0,0,0,0,0,0,0,0,0,0,0,0
1.9560704231262207,0,0.0,0.0,0.0,0.0,0.0,0.0,0.0,0.0,0.03,0,0,0,0,0,0,0,0,0,0,0,0,0,0,0,0,0,0,0,0,0
1.957444429397583,0,0.0,0.0,0.0,0.0,0.0,0.0,0.0,0.0,0.03,0,0,0,0,0,0,0,0,0,0,0,0,0,0,0,0,0,0,0,0,0
1.9587199687957764,0,0.0,0.0,0.0,0.0,0.0,0.0,0.0,0.0,0.03,0,0,0,0,0,0,0,0,0,0,0,0,0,0,0,0,0,0,0,0,0
1.9604408740997314,0,0.0,0.0,0.0,0.0,0.0,0.0,0.0,0.0,0.03,0,0,0,0,0,0,0,0,0,0,0,0,0,0,0,0,0,0,0,0,0
1.9618606567382812,0,0.0,0.0,0.0,0.0,0.0,0.0,0.0,0.0,0.03,0,0,0,0,0,0,0,0,0,0,0,0,0,0,0,0,0,0,0,0,0
1.9650413990020752,0,0.0,0.0,0.0,0.0,0.0,0.0,0.0,0.0,0.03,0,0,0,0,0,0,0,0,0,0,0,0,0,0,0,0,0,0,0,0,0
1.9668068885803223,0,0.0,0.0,0.0,0.0,0.0,0.0,0.0,0.0,0.03,0,0,0,0,0,0,0,0,0,0,0,0,0,0,0,0,0,0,0,0,0
1.968156337738037,0,0.0,0.0,0.0,0.0,0.0,0.0,0.0,0.0,0.03,0,0,0,0,0,0,0,0,0,0,0,0,0,0,0,0,0,0,0,0,0
1.9694514274597168,0,0.0,0.0,0.0,0.0,0.0,0.0,0.0,0.0,0.03,0,0,0,0,0,0,0,0,0,0,0,0,0,0,0,0,0,0,0,0,0
1.9708874225616455,0,0.0,0.0,0.0,0.0,0.0,0.0,0.0,0.0,0.03,0,0,0,0,0,0,0,0,0,0,0,0,0,0,0,0,0,0,0,0,0
1.9719781875610352,0,0.0,0.0,0.0,0.0,0.0,0.0,0.0,0.0,0.03,0,0,0,0,0,0,0,0,0,0,0,0,0,0,0,0,0,0,0,0,0
1.973341941833496,0,0.0,0.0,0.0,0.0,0.0,0.0,0.0,0.0,0.03,0,0,0,0,0,0,0,0,0,0,0,0,0,0,0,0,0,0,0,0,0
1.974675178527832,0,0.0,0.0,0.0,0.0,0.0,0.0,0.0,0.0,0.03,0,0,0,0,0,0,0,0,0,0,0,0,0,0,0,0,0,0,0,0,0
1.9758343696594238,0,0.0,0.0,0.0,0.0,0.0,0.0,0.0,0.0,0.03,0,0,0,0,0,0,0,0,0,0,0,0,0,0,0,0,0,0,0,0,0
1.9792187213897705,0,0.0,0.0,0.0,0.0,0.0,0.0,0.0,0.0,0.03,0,0,0,0,0,0,0,0,0,0,0,0,0,0,0,0,0,0,0,0,0
1.9807233810424805,0,0.0,0.0,0.0,0.0,0.0,0.0,0.0,0.0,0.03,0,0,0,0,0,0,0,0,0,0,0,0,0,0,0,0,0,0,0,0,0
1.9818851947784424,0,0.0,0.0,0.0,0.0,0.0,0.0,0.0,0.0,0.03,0,0,0,0,0,0,0,0,0,0,0,0,0,0,0,0,0,0,0,0,0
1.9830634593963623,0,0.0,0.0,0.0,0.0,0.0,0.0,0.0,0.0,0.03,0,0,0,0,0,0,0,0,0,0,0,0,0,0,0,0,0,0,0,0,0
1.9842612743377686,0,0.0,0.0,0.0,0.0,0.0,0.0,0.0,0.0,0.03,0,0,0,0,0,0,0,0,0,0,0,0,0,0,0,0,0,0,0,0,0
1.9853479862213135,0,0.0,0.0,0.0,0.0,0.0,0.0,0.0,0.0,0.03,0,0,0,0,0,0,0,0,0,0,0,0,0,0,0,0,0,0,0,0,0
1.9866738319396973,0,0.0,0.0,0.0,0.0,0.0,0.0,0.0,0.0,0.03,0,0,0,0,0,0,0,0,0,0,0,0,0,0,0,0,0,0,0,0,0
1.9878315925598145,0,0.0,0.0,0.0,0.0,0.0,0.0,0.0,0.0,0.03,0,0,0,0,0,0,0,0,0,0,0,0,0,0,0,0,0,0,0,0,0
1.9891419410705566,0,0.0,0.0,0.0,0.0,0.0,0.0,0.0,0.0,0.03,0,0,0,0,0,0,0,0,0,0,0,0,0,0,0,0,0,0,0,0,0
1.9902198314666748,0,0.0,0.0,0.0,0.0,0.0,0.0,0.0,0.0,0.03,0,0,0,0,0,0,0,0,0,0,0,0,0,0,0,0,0,0,0,0,0
1.9914116859436035,0,0.0,0.0,0.0,0.0,0.0,0.0,0.0,0.0,0.03,0,0,0,0,0,0,0,0,0,0,0,0,0,0,0,0,0,0,0,0,0
1.9926855564117432,0,0.0,0.0,0.0,0.0,0.0,0.0,0.0,0.0,0.03,0,0,0,0,0,0,0,0,0,0,0,0,0,0,0,0,0,0,0,0,0
1.9945662021636963,0,0.0,0.0,0.0,0.0,0.0,0.0,0.0,0.0,0.03,0,0,0,0,0,0,0,0,0,0,0,0,0,0,0,0,0,0,0,0,0
1.9974288940429688,0,0.0,0.0,0.0,0.0,0.0,0.0,0.0,0.0,0.03,0,0,0,0,0,0,0,0,0,0,0,0,0,0,0,0,0,0,0,0,0
1.998802900314331,0,0.0,0.0,0.0,0.0,0.0,0.0,0.0,0.0,0.03,0,0,0,0,0,0,0,0,0,0,0,0,0,0,0,0,0,0,0,0,0
2.00008225440979,0,0.0,0.0,0.0,0.0,0.0,0.0,0.0,0.0,0.03,0,0,0,0,0,0,0,0,0,0,0,0,0,0,0,0,0,0,0,0,0
2.0022144317626953,0,0.0,0.0,0.0,0.0,0.0,0.0,0.0,0.0,0.03,0,0,0,0,0,0,0,0,0,0,0,0,0,0,0,0,0,0,0,0,0
2.0038084983825684,0,0.0,0.0,0.0,0.0,0.0,0.0,0.0,0.0,0.03,0,0,0,0,0,0,0,0,0,0,0,0,0,0,0,0,0,0,0,0,0
2.005125045776367,0,0.0,0.0,0.0,0.0,0.0,0.0,0.0,0.0,0.03,0,0,0,0,0,0,0,0,0,0,0,0,0,0,0,0,0,0,0,0,0
2.006770372390747,0,0.0,0.0,0.0,0.0,0.0,0.0,0.0,0.0,0.03,0,0,0,0,0,0,0,0,0,0,0,0,0,0,0,0,0,0,0,0,0
2.0081048011779785,0,0.0,0.0,0.0,0.0,0.0,0.0,0.0,0.0,0.03,0,0,0,0,0,0,0,0,0,0,0,0,0,0,0,0,0,0,0,0,0
2.0093557834625244,0,0.0,0.0,0.0,0.0,0.0,0.0,0.0,0.0,0.03,0,0,0,0,0,0,0,0,0,0,0,0,0,0,0,0,0,0,0,0,0
2.010446786880493,0,0.0,0.0,0.0,0.0,0.0,0.0,0.0,0.0,0.03,0,0,0,0,0,0,0,0,0,0,0,0,0,0,0,0,0,0,0,0,0
2.0115416049957275,0,0.0,0.0,0.0,0.0,0.0,0.0,0.0,0.0,0.03,0,0,0,0,0,0,0,0,0,0,0,0,0,0,0,0,0,0,0,0,0
2.0126307010650635,0,0.0,0.0,0.0,0.0,0.0,0.0,0.0,0.0,0.03,0,0,0,0,0,0,0,0,0,0,0,0,0,0,0,0,0,0,0,0,0
2.014092206954956,0,0.0,0.0,0.0,0.0,0.0,0.0,0.0,0.0,0.03,0,0,0,0,0,0,0,0,0,0,0,0,0,0,0,0,0,0,0,0,0
2.0157177448272705,0,0.0,0.0,0.0,0.0,0.0,0.0,0.0,0.0,0.03,0,0,0,0,0,0,0,0,0,0,0,0,0,0,0,0,0,0,0,0,0
2.01737380027771,0,0.0,0.0,0.0,0.0,0.0,0.0,0.0,0.0,0.03,0,0,0,0,0,0,0,0,0,0,0,0,0,0,0,0,0,0,0,0,0
2.018710136413574,0,0.0,0.0,0.0,0.0,0.0,0.0,0.0,0.0,0.03,0,0,0,0,0,0,0,0,0,0,0,0,0,0,0,0,0,0,0,0,0
2.0199408531188965,0,0.0,0.0,0.0,0.0,0.0,0.0,0.0,0.0,0.03,0,0,0,0,0,0,0,0,0,0,0,0,0,0,0,0,0,0,0,0,0
2.0211985111236572,0,0.0,0.0,0.0,0.0,0.0,0.0,0.0,0.0,0.03,0,0,0,0,0,0,0,0,0,0,0,0,0,0,0,0,0,0,0,0,0
2.0230789184570312,0,0.0,0.0,0.0,0.0,0.0,0.0,0.0,0.0,0.03,0,0,0,0,0,0,0,0,0,0,0,0,0,0,0,0,0,0,0,0,0
2.024298906326294,0,0.0,0.0,0.0,0.0,0.0,0.0,0.0,0.0,0.03,0,0,0,0,0,0,0,0,0,0,0,0,0,0,0,0,0,0,0,0,0
2.0255300998687744,0,0.0,0.0,0.0,0.0,0.0,0.0,0.0,0.0,0.03,0,0,0,0,0,0,0,0,0,0,0,0,0,0,0,0,0,0,0,0,0
2.0269508361816406,0,0.0,0.0,0.0,0.0,0.0,0.0,0.0,0.0,0.03,0,0,0,0,0,0,0,0,0,0,0,0,0,0,0,0,0,0,0,0,0
2.0280158519744873,0,0.0,0.0,0.0,0.0,0.0,0.0,0.0,0.0,0.03,0,0,0,0,0,0,0,0,0,0,0,0,0,0,0,0,0,0,0,0,0
2.0308024883270264,0,0.0,0.0,0.0,0.0,0.0,0.0,0.0,0.0,0.03,0,0,0,0,0,0,0,0,0,0,0,0,0,0,0,0,0,0,0,0,0
2.032444953918457,0,0.0,0.0,0.0,0.0,0.0,0.0,0.0,0.0,0.03,0,0,0,0,0,0,0,0,0,0,0,0,0,0,0,0,0,0,0,0,0
2.03434419631958,0,0.0,0.0,0.0,0.0,0.0,0.0,0.0,0.0,0.03,0,0,0,0,0,0,0,0,0,0,0,0,0,0,0,0,0,0,0,0,0
2.0360097885131836,0,0.0,0.0,0.0,0.0,0.0,0.0,0.0,0.0,0.03,0,0,0,0,0,0,0,0,0,0,0,0,0,0,0,0,0,0,0,0,0
2.0382633209228516,0,0.0,0.0,0.0,0.0,0.0,0.0,0.0,0.0,0.03,0,0,0,0,0,0,0,0,0,0,0,0,0,0,0,0,0,0,0,0,0
2.0393404960632324,0,0.0,0.0,0.0,0.0,0.0,0.0,0.0,0.0,0.03,0,0,0,0,0,0,0,0,0,0,0,0,0,0,0,0,0,0,0,0,0
2.040722131729126,0,0.0,0.0,0.0,0.0,0.0,0.0,0.0,0.0,0.03,0,0,0,0,0,0,0,0,0,0,0,0,0,0,0,0,0,0,0,0,0
2.0417864322662354,0,0.0,0.0,0.0,0.0,0.0,0.0,0.0,0.0,0.03,0,0,0,0,0,0,0,0,0,0,0,0,0,0,0,0,0,0,0,0,0
2.0445711612701416,0,0.0,0.0,0.0,0.0,0.0,0.0,0.0,0.0,0.03,0,0,0,0,0,0,0,0,0,0,0,0,0,0,0,0,0,0,0,0,0
2.0460424423217773,0,0.0,0.0,0.0,0.0,0.0,0.0,0.0,0.0,0.03,0,0,0,0,0,0,0,0,0,0,0,0,0,0,0,0,0,0,0,0,0
2.047456741333008,0,0.0,0.0,0.0,0.0,0.0,0.0,0.0,0.0,0.03,0,0,0,0,0,0,0,0,0,0,0,0,0,0,0,0,0,0,0,0,0
2.049025535583496,0,0.0,0.0,0.0,0.0,0.0,0.0,0.0,0.0,0.03,0,0,0,0,0,0,0,0,0,0,0,0,0,0,0,0,0,0,0,0,0
2.050136089324951,0,0.0,0.0,0.0,0.0,0.0,0.0,0.0,0.0,0.03,0,0,0,0,0,0,0,0,0,0,0,0,0,0,0,0,0,0,0,0,0
2.0512945652008057,0,0.0,0.0,0.0,0.0,0.0,0.0,0.0,0.0,0.03,0,0,0,0,0,0,0,0,0,0,0,0,0,0,0,0,0,0,0,0,0
2.0523834228515625,0,0.0,0.0,0.0,0.0,0.0,0.0,0.0,0.0,0.03,0,0,0,0,0,0,0,0,0,0,0,0,0,0,0,0,0,0,0,0,0
2.0535974502563477,0,0.0,0.0,0.0,0.0,0.0,0.0,0.0,0.0,0.03,0,0,0,0,0,0,0,0,0,0,0,0,0,0,0,0,0,0,0,0,0
2.054805040359497,0,0.0,0.0,0.0,0.0,0.0,0.0,0.0,0.0,0.03,0,0,0,0,0,0,0,0,0,0,0,0,0,0,0,0,0,0,0,0,0
2.0586161613464355,0,0.0,0.0,0.0,0.0,0.0,0.0,0.0,0.0,0.03,0,0,0,0,0,0,0,0,0,0,0,0,0,0,0,0,0,0,0,0,0
2.060863494873047,0,0.0,0.0,0.0,0.0,0.0,0.0,0.0,0.0,0.03,0,0,0,0,0,0,0,0,0,0,0,0,0,0,0,0,0,0,0,0,0
2.0620951652526855,0,0.0,0.0,0.0,0.0,0.0,0.0,0.0,0.0,0.03,0,0,0,0,0,0,0,0,0,0,0,0,0,0,0,0,0,0,0,0,0
2.0633625984191895,0,0.0,0.0,0.0,0.0,0.0,0.0,0.0,0.0,0.03,0,0,0,0,0,0,0,0,0,0,0,0,0,0,0,0,0,0,0,0,0
2.0647406578063965,0,0.0,0.0,0.0,0.0,0.0,0.0,0.0,0.0,0.03,0,0,0,0,0,0,0,0,0,0,0,0,0,0,0,0,0,0,0,0,0
2.0664262771606445,0,0.0,0.0,0.0,0.0,0.0,0.0,0.0,0.0,0.03,0,0,0,0,0,0,0,0,0,0,0,0,0,0,0,0,0,0,0,0,0
2.067626953125,0,0.0,0.0,0.0,0.0,0.0,0.0,0.0,0.0,0.03,0,0,0,0,0,0,0,0,0,0,0,0,0,0,0,0,0,0,0,0,0
2.0687835216522217,0,0.0,0.0,0.0,0.0,0.0,0.0,0.0,0.0,0.03,0,0,0,0,0,0,0,0,0,0,0,0,0,0,0,0,0,0,0,0,0
2.070012331008911,0,0.0,0.0,0.0,0.0,0.0,0.0,0.0,0.0,0.03,0,0,0,0,0,0,0,0,0,0,0,0,0,0,0,0,0,0,0,0,0
2.0715575218200684,0,0.0,0.0,0.0,0.0,0.0,0.0,0.0,0.0,0.03,0,0,0,0,0,0,0,0,0,0,0,0,0,0,0,0,0,0,0,0,0
2.0726513862609863,0,0.0,0.0,0.0,0.0,0.0,0.0,0.0,0.0,0.03,0,0,0,0,0,0,0,0,0,0,0,0,0,0,0,0,0,0,0,0,0
2.073789596557617,0,0.0,0.0,0.0,0.0,0.0,0.0,0.0,0.0,0.03,0,0,0,0,0,0,0,0,0,0,0,0,0,0,0,0,0,0,0,0,0
2.07513165473938,0,0.0,0.0,0.0,0.0,0.0,0.0,0.0,0.0,0.03,0,0,0,0,0,0,0,0,0,0,0,0,0,0,0,0,0,0,0,0,0
2.0770022869110107,0,0.0,0.0,0.0,0.0,0.0,0.0,0.0,0.0,0.03,0,0,0,0,0,0,0,0,0,0,0,0,0,0,0,0,0,0,0,0,0
2.0787765979766846,0,0.0,0.0,0.0,0.0,0.0,0.0,0.0,0.0,0.03,0,0,0,0,0,0,0,0,0,0,0,0,0,0,0,0,0,0,0,0,0
2.0804073810577393,0,0.0,0.0,0.0,0.0,0.0,0.0,0.0,0.0,0.03,0,0,0,0,0,0,0,0,0,0,0,0,0,0,0,0,0,0,0,0,0
2.0815396308898926,0,0.0,0.0,0.0,0.0,0.0,0.0,0.0,0.0,0.03,0,0,0,0,0,0,0,0,0,0,0,0,0,0,0,0,0,0,0,0,0
2.082920551300049,0,0.0,0.0,0.0,0.0,0.0,0.0,0.0,0.0,0.03,0,0,0,0,0,0,0,0,0,0,0,0,0,0,0,0,0,0,0,0,0
2.084636926651001,0,0.0,0.0,0.0,0.0,0.0,0.0,0.0,0.0,0.03,0,0,0,0,0,0,0,0,0,0,0,0,0,0,0,0,0,0,0,0,0
2.0857694149017334,0,0.0,0.0,0.0,0.0,0.0,0.0,0.0,0.0,0.03,0,0,0,0,0,0,0,0,0,0,0,0,0,0,0,0,0,0,0,0,0
2.0870862007141113,0,0.0,0.0,0.0,0.0,0.0,0.0,0.0,0.0,0.03,0,0,0,0,0,0,0,0,0,0,0,0,0,0,0,0,0,0,0,0,0
2.088209390640259,0,0.0,0.0,0.0,0.0,0.0,0.0,0.0,0.0,0.03,0,0,0,0,0,0,0,0,0,0,0,0,0,0,0,0,0,0,0,0,0
2.0894887447357178,0,0.0,0.0,0.0,0.0,0.0,0.0,0.0,0.0,0.03,0,0,0,0,0,0,0,0,0,0,0,0,0,0,0,0,0,0,0,0,0
2.090850591659546,0,0.0,0.0,0.0,0.0,0.0,0.0,0.0,0.0,0.03,0,0,0,0,0,0,0,0,0,0,0,0,0,0,0,0,0,0,0,0,0
2.091919422149658,0,0.0,0.0,0.0,0.0,0.0,0.0,0.0,0.0,0.03,0,0,0,0,0,0,0,0,0,0,0,0,0,0,0,0,0,0,0,0,0
2.094783306121826,0,0.0,0.0,0.0,0.0,0.0,0.0,0.0,0.0,0.03,0,0,0,0,0,0,0,0,0,0,0,0,0,0,0,0,0,0,0,0,0
2.0959086418151855,0,0.0,0.0,0.0,0.0,0.0,0.0,0.0,0.0,0.03,0,0,0,0,0,0,0,0,0,0,0,0,0,0,0,0,0,0,0,0,0
2.097121477127075,0,0.0,0.0,0.0,0.0,0.0,0.0,0.0,0.0,0.03,0,0,0,0,0,0,0,0,0,0,0,0,0,0,0,0,0,0,0,0,0
2.0984718799591064,0,0.0,0.0,0.0,0.0,0.0,0.0,0.0,0.0,0.03,0,0,0,0,0,0,0,0,0,0,0,0,0,0,0,0,0,0,0,0,0
2.0995492935180664,0,0.0,0.0,0.0,0.0,0.0,0.0,0.0,0.0,0.03,0,0,0,0,0,0,0,0,0,0,0,0,0,0,0,0,0,0,0,0,0
2.100970506668091,0,0.0,0.0,0.0,0.0,0.0,0.0,0.0,0.0,0.03,0,0,0,0,0,0,0,0,0,0,0,0,0,0,0,0,0,0,0,0,0
2.1022608280181885,0,0.0,0.0,0.0,0.0,0.0,0.0,0.0,0.0,0.03,0,0,0,0,0,0,0,0,0,0,0,0,0,0,0,0,0,0,0,0,0
2.10376238822937,0,0.0,0.0,0.0,0.0,0.0,0.0,0.0,0.0,0.03,0,0,0,0,0,0,0,0,0,0,0,0,0,0,0,0,0,0,0,0,0
2.1052052974700928,0,0.0,0.0,0.0,0.0,0.0,0.0,0.0,0.0,0.03,0,0,0,0,0,0,0,0,0,0,0,0,0,0,0,0,0,0,0,0,0
2.1072475910186768,0,0.0,0.0,0.0,0.0,0.0,0.0,0.0,0.0,0.03,0,0,0,0,0,0,0,0,0,0,0,0,0,0,0,0,0,0,0,0,0
2.1083974838256836,0,0.0,0.0,0.0,0.0,0.0,0.0,0.0,0.0,0.03,0,0,0,0,0,0,0,0,0,0,0,0,0,0,0,0,0,0,0,0,0
2.1109578609466553,0,0.0,0.0,0.0,0.0,0.0,0.0,0.0,0.0,0.03,0,0,0,0,0,0,0,0,0,0,0,0,0,0,0,0,0,0,0,0,0
2.112119674682617,0,0.0,0.0,0.0,0.0,0.0,0.0,0.0,0.0,0.03,0,0,0,0,0,0,0,0,0,0,0,0,0,0,0,0,0,0,0,0,0
2.113368272781372,0,0.0,0.0,0.0,0.0,0.0,0.0,0.0,0.0,0.03,0,0,0,0,0,0,0,0,0,0,0,0,0,0,0,0,0,0,0,0,0
2.114457607269287,0,0.0,0.0,0.0,0.0,0.0,0.0,0.0,0.0,0.03,0,0,0,0,0,0,0,0,0,0,0,0,0,0,0,0,0,0,0,0,0
2.1158177852630615,0,0.0,0.0,0.0,0.0,0.0,0.0,0.0,0.0,0.03,0,0,0,0,0,0,0,0,0,0,0,0,0,0,0,0,0,0,0,0,0
2.1170475482940674,0,0.0,0.0,0.0,0.0,0.0,0.0,0.0,0.0,0.03,0,0,0,0,0,0,0,0,0,0,0,0,0,0,0,0,0,0,0,0,0
2.118821620941162,0,0.0,0.0,0.0,0.0,0.0,0.0,0.0,0.0,0.03,0,0,0,0,0,0,0,0,0,0,0,0,0,0,0,0,0,0,0,0,0
2.1201276779174805,0,0.0,0.0,0.0,0.0,0.0,0.0,0.0,0.0,0.03,0,0,0,0,0,0,0,0,0,0,0,0,0,0,0,0,0,0,0,0,0
2.12188720703125,0,0.0,0.0,0.0,0.0,0.0,0.0,0.0,0.0,0.03,0,0,0,0,0,0,0,0,0,0,0,0,0,0,0,0,0,0,0,0,0
2.1231517791748047,0,0.0,0.0,0.0,0.0,0.0,0.0,0.0,0.0,0.03,0,0,0,0,0,0,0,0,0,0,0,0,0,0,0,0,0,0,0,0,0
2.1243417263031006,0,0.0,0.0,0.0,0.0,0.0,0.0,0.0,0.0,0.03,0,0,0,0,0,0,0,0,0,0,0,0,0,0,0,0,0,0,0,0,0
2.1259877681732178,0,0.0,0.0,0.0,0.0,0.0,0.0,0.0,0.0,0.03,0,0,0,0,0,0,0,0,0,0,0,0,0,0,0,0,0,0,0,0,0
2.1270811557769775,0,0.0,0.0,0.0,0.0,0.0,0.0,0.0,0.0,0.03,0,0,0,0,0,0,0,0,0,0,0,0,0,0,0,0,0,0,0,0,0
2.128420352935791,0,0.0,0.0,0.0,0.0,0.0,0.0,0.0,0.0,0.03,0,0,0,0,0,0,0,0,0,0,0,0,0,0,0,0,0,0,0,0,0
2.12959623336792,0,0.0,0.0,0.0,0.0,0.0,0.0,0.0,0.0,0.03,0,0,0,0,0,0,0,0,0,0,0,0,0,0,0,0,0,0,0,0,0
2.131751775741577,0,0.0,0.0,0.0,0.0,0.0,0.0,0.0,0.0,0.03,0,0,0,0,0,0,0,0,0,0,0,0,0,0,0,0,0,0,0,0,0
2.1328485012054443,0,0.0,0.0,0.0,0.0,0.0,0.0,0.0,0.0,0.03,0,0,0,0,0,0,0,0,0,0,0,0,0,0,0,0,0,0,0,0,0
2.1340620517730713,0,0.0,0.0,0.0,0.0,0.0,0.0,0.0,0.0,0.03,0,0,0,0,0,0,0,0,0,0,0,0,0,0,0,0,0,0,0,0,0
2.1351592540740967,0,0.0,0.0,0.0,0.0,0.0,0.0,0.0,0.0,0.03,0,0,0,0,0,0,0,0,0,0,0,0,0,0,0,0,0,0,0,0,0
2.136277914047241,0,0.0,0.0,0.0,0.0,0.0,0.0,0.0,0.0,0.03,0,0,0,0,0,0,0,0,0,0,0,0,0,0,0,0,0,0,0,0,0
2.137916326522827,0,0.0,0.0,0.0,0.0,0.0,0.0,0.0,0.0,0.03,0,0,0,0,0,0,0,0,0,0,0,0,0,0,0,0,0,0,0,0,0
2.13948917388916,0,0.0,0.0,0.0,0.0,0.0,0.0,0.0,0.0,0.03,0,0,0,0,0,0,0,0,0,0,0,0,0,0,0,0,0,0,0,0,0
2.141132354736328,0,0.0,0.0,0.0,0.0,0.0,0.0,0.0,0.0,0.03,0,0,0,0,0,0,0,0,0,0,0,0,0,0,0,0,0,0,0,0,0
2.1426327228546143,0,0.0,0.0,0.0,0.0,0.0,0.0,0.0,0.0,0.03,0,0,0,0,0,0,0,0,0,0,0,0,0,0,0,0,0,0,0,0,0
2.1438145637512207,0,0.0,0.0,0.0,0.0,0.0,0.0,0.0,0.0,0.03,0,0,0,0,0,0,0,0,0,0,0,0,0,0,0,0,0,0,0,0,0
2.146294116973877,0,0.0,0.0,0.0,0.0,0.0,0.0,0.0,0.0,0.03,0,0,0,0,0,0,0,0,0,0,0,0,0,0,0,0,0,0,0,0,0
2.147498607635498,0,0.0,0.0,0.0,0.0,0.0,0.0,0.0,0.0,0.03,0,0,0,0,0,0,0,0,0,0,0,0,0,0,0,0,0,0,0,0,0
2.1486408710479736,0,0.0,0.0,0.0,0.0,0.0,0.0,0.0,0.0,0.03,0,0,0,0,0,0,0,0,0,0,0,0,0,0,0,0,0,0,0,0,0
2.15057635307312,0,0.0,0.0,0.0,0.0,0.0,0.0,0.0,0.0,0.03,0,0,0,0,0,0,0,0,0,0,0,0,0,0,0,0,0,0,0,0,0
2.1518442630767822,0,0.0,0.0,0.0,0.0,0.0,0.0,0.0,0.0,0.03,0,0,0,0,0,0,0,0,0,0,0,0,0,0,0,0,0,0,0,0,0
2.1536927223205566,0,0.0,0.0,0.0,0.0,0.0,0.0,0.0,0.0,0.03,0,0,0,0,0,0,0,0,0,0,0,0,0,0,0,0,0,0,0,0,0
2.1556308269500732,0,0.0,0.0,0.0,0.0,0.0,0.0,0.0,0.0,0.03,0,0,0,0,0,0,0,0,0,0,0,0,0,0,0,0,0,0,0,0,0
2.1573166847229004,0,0.0,0.0,0.0,0.0,0.0,0.0,0.0,0.0,0.03,0,0,0,0,0,0,0,0,0,0,0,0,0,0,0,0,0,0,0,0,0
2.158653974533081,0,0.0,0.0,0.0,0.0,0.0,0.0,0.0,0.0,0.03,0,0,0,0,0,0,0,0,0,0,0,0,0,0,0,0,0,0,0,0,0
2.1624040603637695,0,0.0,0.0,0.0,0.0,0.0,0.0,0.0,0.0,0.03,0,0,0,0,0,0,0,0,0,0,0,0,0,0,0,0,0,0,0,0,0
2.1635208129882812,0,0.0,0.0,0.0,0.0,0.0,0.0,0.0,0.0,0.03,0,0,0,0,0,0,0,0,0,0,0,0,0,0,0,0,0,0,0,0,0
2.164674997329712,0,0.0,0.0,0.0,0.0,0.0,0.0,0.0,0.0,0.03,0,0,0,0,0,0,0,0,0,0,0,0,0,0,0,0,0,0,0,0,0
2.1663734912872314,0,0.0,0.0,0.0,0.0,0.0,0.0,0.0,0.0,0.03,0,0,0,0,0,0,0,0,0,0,0,0,0,0,0,0,0,0,0,0,0
2.16774320602417,0,0.0,0.0,0.0,0.0,0.0,0.0,0.0,0.0,0.03,0,0,0,0,0,0,0,0,0,0,0,0,0,0,0,0,0,0,0,0,0
2.1689159870147705,0,0.0,0.0,0.0,0.0,0.0,0.0,0.0,0.0,0.03,0,0,0,0,0,0,0,0,0,0,0,0,0,0,0,0,0,0,0,0,0
2.1710047721862793,0,0.0,0.0,0.0,0.0,0.0,0.0,0.0,0.0,0.03,0,0,0,0,0,0,0,0,0,0,0,0,0,0,0,0,0,0,0,0,0
2.1720995903015137,0,0.0,0.0,0.0,0.0,0.0,0.0,0.0,0.0,0.03,0,0,0,0,0,0,0,0,0,0,0,0,0,0,0,0,0,0,0,0,0
2.173171281814575,0,0.0,0.0,0.0,0.0,0.0,0.0,0.0,0.0,0.03,0,0,0,0,0,0,0,0,0,0,0,0,0,0,0,0,0,0,0,0,0
2.1742703914642334,0,0.0,0.0,0.0,0.0,0.0,0.0,0.0,0.0,0.03,0,0,0,0,0,0,0,0,0,0,0,0,0,0,0,0,0,0,0,0,0
2.175367593765259,0,0.0,0.0,0.0,0.0,0.0,0.0,0.0,0.0,0.03,0,0,0,0,0,0,0,0,0,0,0,0,0,0,0,0,0,0,0,0,0
2.1765875816345215,0,0.0,0.0,0.0,0.0,0.0,0.0,0.0,0.0,0.03,0,0,0,0,0,0,0,0,0,0,0,0,0,0,0,0,0,0,0,0,0
2.1776511669158936,0,0.0,0.0,0.0,0.0,0.0,0.0,0.0,0.0,0.03,0,0,0,0,0,0,0,0,0,0,0,0,0,0,0,0,0,0,0,0,0
2.179327964782715,0,0.0,0.0,0.0,0.0,0.0,0.0,0.0,0.0,0.03,0,0,0,0,0,0,0,0,0,0,0,0,0,0,0,0,0,0,0,0,0
2.1805202960968018,0,0.0,0.0,0.0,0.0,0.0,0.0,0.0,0.0,0.03,0,0,0,0,0,0,0,0,0,0,0,0,0,0,0,0,0,0,0,0,0
2.181955575942993,0,0.0,0.0,0.0,0.0,0.0,0.0,0.0,0.0,0.03,0,0,0,0,0,0,0,0,0,0,0,0,0,0,0,0,0,0,0,0,0
2.1837687492370605,0,0.0,0.0,0.0,0.0,0.0,0.0,0.0,0.0,0.03,0,0,0,0,0,0,0,0,0,0,0,0,0,0,0,0,0,0,0,0,0
2.185088872909546,0,0.0,0.0,0.0,0.0,0.0,0.0,0.0,0.0,0.03,0,0,0,0,0,0,0,0,0,0,0,0,0,0,0,0,0,0,0,0,0
2.186556339263916,0,0.0,0.0,0.0,0.0,0.0,0.0,0.0,0.0,0.03,0,0,0,0,0,0,0,0,0,0,0,0,0,0,0,0,0,0,0,0,0
2.187706470489502,0,0.0,0.0,0.0,0.0,0.0,0.0,0.0,0.0,0.03,0,0,0,0,0,0,0,0,0,0,0,0,0,0,0,0,0,0,0,0,0
2.1894218921661377,0,0.0,0.0,0.0,0.0,0.0,0.0,0.0,0.0,0.03,0,0,0,0,0,0,0,0,0,0,0,0,0,0,0,0,0,0,0,0,0
2.1906490325927734,0,0.0,0.0,0.0,0.0,0.0,0.0,0.0,0.0,0.03,0,0,0,0,0,0,0,0,0,0,0,0,0,0,0,0,0,0,0,0,0
2.1919236183166504,0,0.0,0.0,0.0,0.0,0.0,0.0,0.0,0.0,0.03,0,0,0,0,0,0,0,0,0,0,0,0,0,0,0,0,0,0,0,0,0
2.1941752433776855,0,0.0,0.0,0.0,0.0,0.0,0.0,0.0,0.0,0.03,0,0,0,0,0,0,0,0,0,0,0,0,0,0,0,0,0,0,0,0,0
2.1954007148742676,0,0.0,0.0,0.0,0.0,0.0,0.0,0.0,0.0,0.03,0,0,0,0,0,0,0,0,0,0,0,0,0,0,0,0,0,0,0,0,0
2.196624755859375,0,0.0,0.0,0.0,0.0,0.0,0.0,0.0,0.0,0.03,0,0,0,0,0,0,0,0,0,0,0,0,0,0,0,0,0,0,0,0,0
2.1977741718292236,0,0.0,0.0,0.0,0.0,0.0,0.0,0.0,0.0,0.03,0,0,0,0,0,0,0,0,0,0,0,0,0,0,0,0,0,0,0,0,0
2.198899745941162,0,0.0,0.0,0.0,0.0,0.0,0.0,0.0,0.0,0.03,0,0,0,0,0,0,0,0,0,0,0,0,0,0,0,0,0,0,0,0,0
2.199963331222534,0,0.0,0.0,0.0,0.0,0.0,0.0,0.0,0.0,0.03,0,0,0,0,0,0,0,0,0,0,0,0,0,0,0,0,0,0,0,0,0
2.2011308670043945,0,0.0,0.0,0.0,0.0,0.0,0.0,0.0,0.0,0.03,0,0,0,0,0,0,0,0,0,0,0,0,0,0,0,0,0,0,0,0,0
2.202709436416626,0,0.0,0.0,0.0,0.0,0.0,0.0,0.0,0.0,0.03,0,0,0,0,0,0,0,0,0,0,0,0,0,0,0,0,0,0,0,0,0
2.2041919231414795,0,0.0,0.0,0.0,0.0,0.0,0.0,0.0,0.0,0.03,0,0,0,0,0,0,0,0,0,0,0,0,0,0,0,0,0,0,0,0,0
2.2054176330566406,0,0.0,0.0,0.0,0.0,0.0,0.0,0.0,0.0,0.03,0,0,0,0,0,0,0,0,0,0,0,0,0,0,0,0,0,0,0,0,0
2.2065134048461914,0,0.0,0.0,0.0,0.0,0.0,0.0,0.0,0.0,0.03,0,0,0,0,0,0,0,0,0,0,0,0,0,0,0,0,0,0,0,0,0
2.207596778869629,0,0.0,0.0,0.0,0.0,0.0,0.0,0.0,0.0,0.03,0,0,0,0,0,0,0,0,0,0,0,0,0,0,0,0,0,0,0,0,0
2.2090888023376465,0,0.0,0.0,0.0,0.0,0.0,0.0,0.0,0.0,0.03,0,0,0,0,0,0,0,0,0,0,0,0,0,0,0,0,0,0,0,0,0
2.2101614475250244,0,0.0,0.0,0.0,0.0,0.0,0.0,0.0,0.0,0.03,0,0,0,0,0,0,0,0,0,0,0,0,0,0,0,0,0,0,0,0,0
2.2112631797790527,0,0.0,0.0,0.0,0.0,0.0,0.0,0.0,0.0,0.03,0,0,0,0,0,0,0,0,0,0,0,0,0,0,0,0,0,0,0,0,0
2.212534189224243,0,0.0,0.0,0.0,0.0,0.0,0.0,0.0,0.0,0.03,0,0,0,0,0,0,0,0,0,0,0,0,0,0,0,0,0,0,0,0,0
2.2146055698394775,0,0.0,0.0,0.0,0.0,0.0,0.0,0.0,0.0,0.03,0,0,0,0,0,0,0,0,0,0,0,0,0,0,0,0,0,0,0,0,0
2.215740442276001,0,0.0,0.0,0.0,0.0,0.0,0.0,0.0,0.0,0.03,0,0,0,0,0,0,0,0,0,0,0,0,0,0,0,0,0,0,0,0,0
2.21681547164917,0,0.0,0.0,0.0,0.0,0.0,0.0,0.0,0.0,0.03,0,0,0,0,0,0,0,0,0,0,0,0,0,0,0,0,0,0,0,0,0
2.219569444656372,0,0.0,0.0,0.0,0.0,0.0,0.0,0.0,0.0,0.03,0,0,0,0,0,0,0,0,0,0,0,0,0,0,0,0,0,0,0,0,0
2.2211854457855225,0,0.0,0.0,0.0,0.0,0.0,0.0,0.0,0.0,0.03,0,0,0,0,0,0,0,0,0,0,0,0,0,0,0,0,0,0,0,0,0
2.222360849380493,0,0.0,0.0,0.0,0.0,0.0,0.0,0.0,0.0,0.03,0,0,0,0,0,0,0,0,0,0,0,0,0,0,0,0,0,0,0,0,0
2.223639726638794,0,0.0,0.0,0.0,0.0,0.0,0.0,0.0,0.0,0.03,0,0,0,0,0,0,0,0,0,0,0,0,0,0,0,0,0,0,0,0,0
2.226961135864258,0,0.0,0.0,0.0,0.0,0.0,0.0,0.0,0.0,0.03,0,0,0,0,0,0,0,0,0,0,0,0,0,0,0,0,0,0,0,0,0
2.2280385494232178,0,0.0,0.0,0.0,0.0,0.0,0.0,0.0,0.0,0.03,0,0,0,0,0,0,0,0,0,0,0,0,0,0,0,0,0,0,0,0,0
2.230330467224121,0,0.0,0.0,0.0,0.0,0.0,0.0,0.0,0.0,0.03,0,0,0,0,0,0,0,0,0,0,0,0,0,0,0,0,0,0,0,0,0
2.23258376121521,0,0.0,0.0,0.0,0.0,0.0,0.0,0.0,0.0,0.03,0,0,0,0,0,0,0,0,0,0,0,0,0,0,0,0,0,0,0,0,0
2.2342724800109863,0,0.0,0.0,0.0,0.0,0.0,0.0,0.0,0.0,0.03,0,0,0,0,0,0,0,0,0,0,0,0,0,0,0,0,0,0,0,0,0
2.2361388206481934,0,0.0,0.0,0.0,0.0,0.0,0.0,0.0,0.0,0.03,0,0,0,0,0,0,0,0,0,0,0,0,0,0,0,0,0,0,0,0,0
2.237246036529541,0,0.0,0.0,0.0,0.0,0.0,0.0,0.0,0.0,0.03,0,0,0,0,0,0,0,0,0,0,0,0,0,0,0,0,0,0,0,0,0
2.238335132598877,0,0.0,0.0,0.0,0.0,0.0,0.0,0.0,0.0,0.03,0,0,0,0,0,0,0,0,0,0,0,0,0,0,0,0,0,0,0,0,0
2.239469051361084,0,0.0,0.0,0.0,0.0,0.0,0.0,0.0,0.0,0.03,0,0,0,0,0,0,0,0,0,0,0,0,0,0,0,0,0,0,0,0,0
2.2405669689178467,0,0.0,0.0,0.0,0.0,0.0,0.0,0.0,0.0,0.03,0,0,0,0,0,0,0,0,0,0,0,0,0,0,0,0,0,0,0,0,0
2.2416348457336426,0,0.0,0.0,0.0,0.0,0.0,0.0,0.0,0.0,0.03,0,0,0,0,0,0,0,0,0,0,0,0,0,0,0,0,0,0,0,0,0
2.242723226547241,0,0.0,0.0,0.0,0.0,0.0,0.0,0.0,0.0,0.03,0,0,0,0,0,0,0,0,0,0,0,0,0,0,0,0,0,0,0,0,0
2.244337320327759,0,0.0,0.0,0.0,0.0,0.0,0.0,0.0,0.0,0.03,0,0,0,0,0,0,0,0,0,0,0,0,0,0,0,0,0,0,0,0,0
2.246126890182495,0,0.0,0.0,0.0,0.0,0.0,0.0,0.0,0.0,0.03,0,0,0,0,0,0,0,0,0,0,0,0,0,0,0,0,0,0,0,0,0
2.2486891746520996,0,0.0,0.0,0.0,0.0,0.0,0.0,0.0,0.0,0.03,0,0,0,0,0,0,0,0,0,0,0,0,0,0,0,0,0,0,0,0,0
2.2499239444732666,0,0.0,0.0,0.0,0.0,0.0,0.0,0.0,0.0,0.03,0,0,0,0,0,0,0,0,0,0,0,0,0,0,0,0,0,0,0,0,0
2.252195119857788,0,0.0,0.0,0.0,0.0,0.0,0.0,0.0,0.0,0.03,0,0,0,0,0,0,0,0,0,0,0,0,0,0,0,0,0,0,0,0,0
2.253406524658203,0,0.0,0.0,0.0,0.0,0.0,0.0,0.0,0.0,0.03,0,0,0,0,0,0,0,0,0,0,0,0,0,0,0,0,0,0,0,0,0
2.2545201778411865,0,0.0,0.0,0.0,0.0,0.0,0.0,0.0,0.0,0.03,0,0,0,0,0,0,0,0,0,0,0,0,0,0,0,0,0,0,0,0,0
2.2567317485809326,0,0.0,0.0,0.0,0.0,0.0,0.0,0.0,0.0,0.03,0,0,0,0,0,0,0,0,0,0,0,0,0,0,0,0,0,0,0,0,0
2.2583224773406982,0,0.0,0.0,0.0,0.0,0.0,0.0,0.0,0.0,0.03,0,0,0,0,0,0,0,0,0,0,0,0,0,0,0,0,0,0,0,0,0
2.259422540664673,0,0.0,0.0,0.0,0.0,0.0,0.0,0.0,0.0,0.03,0,0,0,0,0,0,0,0,0,0,0,0,0,0,0,0,0,0,0,0,0
2.260601282119751,0,0.0,0.0,0.0,0.0,0.0,0.0,0.0,0.0,0.03,0,0,0,0,0,0,0,0,0,0,0,0,0,0,0,0,0,0,0,0,0
2.2616801261901855,0,0.0,0.0,0.0,0.0,0.0,0.0,0.0,0.0,0.03,0,0,0,0,0,0,0,0,0,0,0,0,0,0,0,0,0,0,0,0,0
2.2628772258758545,0,0.0,0.0,0.0,0.0,0.0,0.0,0.0,0.0,0.03,0,0,0,0,0,0,0,0,0,0,0,0,0,0,0,0,0,0,0,0,0
2.264096975326538,0,0.0,0.0,0.0,0.0,0.0,0.0,0.0,0.0,0.03,0,0,0,0,0,0,0,0,0,0,0,0,0,0,0,0,0,0,0,0,0
2.2655527591705322,0,0.0,0.0,0.0,0.0,0.0,0.0,0.0,0.0,0.03,0,0,0,0,0,0,0,0,0,0,0,0,0,0,0,0,0,0,0,0,0
2.2668814659118652,0,0.0,0.0,0.0,0.0,0.0,0.0,0.0,0.0,0.03,0,0,0,0,0,0,0,0,0,0,0,0,0,0,0,0,0,0,0,0,0
2.268712043762207,0,0.0,0.0,0.0,0.0,0.0,0.0,0.0,0.0,0.03,0,0,0,0,0,0,0,0,0,0,0,0,0,0,0,0,0,0,0,0,0
2.2706849575042725,0,0.0,0.0,0.0,0.0,0.0,0.0,0.0,0.0,0.03,0,0,0,0,0,0,0,0,0,0,0,0,0,0,0,0,0,0,0,0,0
2.272303581237793,0,0.0,0.0,0.0,0.0,0.0,0.0,0.0,0.0,0.03,0,0,0,0,0,0,0,0,0,0,0,0,0,0,0,0,0,0,0,0,0
2.2737417221069336,0,0.0,0.0,0.0,0.0,0.0,0.0,0.0,0.0,0.03,0,0,0,0,0,0,0,0,0,0,0,0,0,0,0,0,0,0,0,0,0
2.2759504318237305,0,0.0,0.0,0.0,0.0,0.0,0.0,0.0,0.0,0.03,0,0,0,0,0,0,0,0,0,0,0,0,0,0,0,0,0,0,0,0,0
2.277503728866577,0,0.0,0.0,0.0,0.0,0.0,0.0,0.0,0.0,0.03,0,0,0,0,0,0,0,0,0,0,0,0,0,0,0,0,0,0,0,0,0
2.2787179946899414,0,0.0,0.0,0.0,0.0,0.0,0.0,0.0,0.0,0.03,0,0,0,0,0,0,0,0,0,0,0,0,0,0,0,0,0,0,0,0,0
2.280510902404785,0,0.0,0.0,0.0,0.0,0.0,0.0,0.0,0.0,0.03,0,0,0,0,0,0,0,0,0,0,0,0,0,0,0,0,0,0,0,0,0
2.2815897464752197,0,0.0,0.0,0.0,0.0,0.0,0.0,0.0,0.0,0.03,0,0,0,0,0,0,0,0,0,0,0,0,0,0,0,0,0,0,0,0,0
2.282848834991455,0,0.0,0.0,0.0,0.0,0.0,0.0,0.0,0.0,0.03,0,0,0,0,0,0,0,0,0,0,0,0,0,0,0,0,0,0,0,0,0
2.2842791080474854,0,0.0,0.0,0.0,0.0,0.0,0.0,0.0,0.0,0.03,0,0,0,0,0,0,0,0,0,0,0,0,0,0,0,0,0,0,0,0,0
2.286003351211548,0,0.0,0.0,0.0,0.0,0.0,0.0,0.0,0.0,0.03,0,0,0,0,0,0,0,0,0,0,0,0,0,0,0,0,0,0,0,0,0
2.2877774238586426,0,0.0,0.0,0.0,0.0,0.0,0.0,0.0,0.0,0.03,0,0,0,0,0,0,0,0,0,0,0,0,0,0,0,0,0,0,0,0,0
2.289172887802124,0,0.0,0.0,0.0,0.0,0.0,0.0,0.0,0.0,0.03,0,0,0,0,0,0,0,0,0,0,0,0,0,0,0,0,0,0,0,0,0
2.2908685207366943,0,0.0,0.0,0.0,0.0,0.0,0.0,0.0,0.0,0.03,0,0,0,0,0,0,0,0,0,0,0,0,0,0,0,0,0,0,0,0,0
2.292797088623047,0,0.0,0.0,0.0,0.0,0.0,0.0,0.0,0.0,0.03,0,0,0,0,0,0,0,0,0,0,0,0,0,0,0,0,0,0,0,0,0
2.2941911220550537,0,0.0,0.0,0.0,0.0,0.0,0.0,0.0,0.0,0.03,0,0,0,0,0,0,0,0,0,0,0,0,0,0,0,0,0,0,0,0,0
2.2952961921691895,0,0.0,0.0,0.0,0.0,0.0,0.0,0.0,0.0,0.03,0,0,0,0,0,0,0,0,0,0,0,0,0,0,0,0,0,0,0,0,0
2.2968170642852783,0,0.0,0.0,0.0,0.0,0.0,0.0,0.0,0.0,0.03,0,0,0,0,0,0,0,0,0,0,0,0,0,0,0,0,0,0,0,0,0
2.29805850982666,0,0.0,0.0,0.0,0.0,0.0,0.0,0.0,0.0,0.03,0,0,0,0,0,0,0,0,0,0,0,0,0,0,0,0,0,0,0,0,0
2.2992424964904785,0,0.0,0.0,0.0,0.0,0.0,0.0,0.0,0.0,0.03,0,0,0,0,0,0,0,0,0,0,0,0,0,0,0,0,0,0,0,0,0
2.30043363571167,0,0.0,0.0,0.0,0.0,0.0,0.0,0.0,0.0,0.03,0,0,0,0,0,0,0,0,0,0,0,0,0,0,0,0,0,0,0,0,0
2.302215576171875,0,0.0,0.0,0.0,0.0,0.0,0.0,0.0,0.0,0.03,0,0,0,0,0,0,0,0,0,0,0,0,0,0,0,0,0,0,0,0,0
2.30389404296875,0,0.0,0.0,0.0,0.0,0.0,0.0,0.0,0.0,0.03,0,0,0,0,0,0,0,0,0,0,0,0,0,0,0,0,0,0,0,0,0
2.3049983978271484,0,0.0,0.0,0.0,0.0,0.0,0.0,0.0,0.0,0.03,0,0,0,0,0,0,0,0,0,0,0,0,0,0,0,0,0,0,0,0,0
2.306260824203491,0,0.0,0.0,0.0,0.0,0.0,0.0,0.0,0.0,0.03,0,0,0,0,0,0,0,0,0,0,0,0,0,0,0,0,0,0,0,0,0
2.3074185848236084,0,0.0,0.0,0.0,0.0,0.0,0.0,0.0,0.0,0.03,0,0,0,0,0,0,0,0,0,0,0,0,0,0,0,0,0,0,0,0,0
2.3085265159606934,0,0.0,0.0,0.0,0.0,0.0,0.0,0.0,0.0,0.03,0,0,0,0,0,0,0,0,0,0,0,0,0,0,0,0,0,0,0,0,0
2.3095879554748535,0,0.0,0.0,0.0,0.0,0.0,0.0,0.0,0.0,0.03,0,0,0,0,0,0,0,0,0,0,0,0,0,0,0,0,0,0,0,0,0
2.311591148376465,0,0.0,0.0,0.0,0.0,0.0,0.0,0.0,0.0,0.03,0,0,0,0,0,0,0,0,0,0,0,0,0,0,0,0,0,0,0,0,0
2.3133814334869385,0,0.0,0.0,0.0,0.0,0.0,0.0,0.0,0.0,0.03,0,0,0,0,0,0,0,0,0,0,0,0,0,0,0,0,0,0,0,0,0
2.314633846282959,0,0.0,0.0,0.0,0.0,0.0,0.0,0.0,0.0,0.03,0,0,0,0,0,0,0,0,0,0,0,0,0,0,0,0,0,0,0,0,0
2.316014051437378,0,0.0,0.0,0.0,0.0,0.0,0.0,0.0,0.0,0.03,0,0,0,0,0,0,0,0,0,0,0,0,0,0,0,0,0,0,0,0,0
2.317279100418091,0,0.0,0.0,0.0,0.0,0.0,0.0,0.0,0.0,0.03,0,0,0,0,0,0,0,0,0,0,0,0,0,0,0,0,0,0,0,0,0
2.318420886993408,0,0.0,0.0,0.0,0.0,0.0,0.0,0.0,0.0,0.03,0,0,0,0,0,0,0,0,0,0,0,0,0,0,0,0,0,0,0,0,0
2.319593906402588,0,0.0,0.0,0.0,0.0,0.0,0.0,0.0,0.0,0.03,0,0,0,0,0,0,0,0,0,0,0,0,0,0,0,0,0,0,0,0,0
2.320835828781128,0,0.0,0.0,0.0,0.0,0.0,0.0,0.0,0.0,0.03,0,0,0,0,0,0,0,0,0,0,0,0,0,0,0,0,0,0,0,0,0
2.3220374584198,0,0.0,0.0,0.0,0.0,0.0,0.0,0.0,0.0,0.03,0,0,0,0,0,0,0,0,0,0,0,0,0,0,0,0,0,0,0,0,0
2.323312759399414,0,0.0,0.0,0.0,0.0,0.0,0.0,0.0,0.0,0.03,0,0,0,0,0,0,0,0,0,0,0,0,0,0,0,0,0,0,0,0,0
2.325092077255249,0,0.0,0.0,0.0,0.0,0.0,0.0,0.0,0.0,0.03,0,0,0,0,0,0,0,0,0,0,0,0,0,0,0,0,0,0,0,0,0
2.326188087463379,0,0.0,0.0,0.0,0.0,0.0,0.0,0.0,0.0,0.03,0,0,0,0,0,0,0,0,0,0,0,0,0,0,0,0,0,0,0,0,0
2.3273308277130127,0,0.0,0.0,0.0,0.0,0.0,0.0,0.0,0.0,0.03,0,0,0,0,0,0,0,0,0,0,0,0,0,0,0,0,0,0,0,0,0
2.3285040855407715,0,0.0,0.0,0.0,0.0,0.0,0.0,0.0,0.0,0.03,0,0,0,0,0,0,0,0,0,0,0,0,0,0,0,0,0,0,0,0,0
2.329875946044922,0,0.0,0.0,0.0,0.0,0.0,0.0,0.0,0.0,0.03,0,0,0,0,0,0,0,0,0,0,0,0,0,0,0,0,0,0,0,0,0
2.3315823078155518,0,0.0,0.0,0.0,0.0,0.0,0.0,0.0,0.0,0.03,0,0,0,0,0,0,0,0,0,0,0,0,0,0,0,0,0,0,0,0,0
2.3327152729034424,0,0.0,0.0,0.0,0.0,0.0,0.0,0.0,0.0,0.03,0,0,0,0,0,0,0,0,0,0,0,0,0,0,0,0,0,0,0,0,0
2.33408260345459,0,0.0,0.0,0.0,0.0,0.0,0.0,0.0,0.0,0.03,0,0,0,0,0,0,0,0,0,0,0,0,0,0,0,0,0,0,0,0,0
2.335177183151245,0,0.0,0.0,0.0,0.0,0.0,0.0,0.0,0.0,0.03,0,0,0,0,0,0,0,0,0,0,0,0,0,0,0,0,0,0,0,0,0
2.33638858795166,0,0.0,0.0,0.0,0.0,0.0,0.0,0.0,0.0,0.03,0,0,0,0,0,0,0,0,0,0,0,0,0,0,0,0,0,0,0,0,0
2.3377585411071777,0,0.0,0.0,0.0,0.0,0.0,0.0,0.0,0.0,0.03,0,0,0,0,0,0,0,0,0,0,0,0,0,0,0,0,0,0,0,0,0
2.3400685787200928,0,0.0,0.0,0.0,0.0,0.0,0.0,0.0,0.0,0.03,0,0,0,0,0,0,0,0,0,0,0,0,0,0,0,0,0,0,0,0,0
2.3413748741149902,0,0.0,0.0,0.0,0.0,0.0,0.0,0.0,0.0,0.03,0,0,0,0,0,0,0,0,0,0,0,0,0,0,0,0,0,0,0,0,0
2.342590808868408,0,0.0,0.0,0.0,0.0,0.0,0.0,0.0,0.0,0.03,0,0,0,0,0,0,0,0,0,0,0,0,0,0,0,0,0,0,0,0,0
2.3438546657562256,0,0.0,0.0,0.0,0.0,0.0,0.0,0.0,0.0,0.03,0,0,0,0,0,0,0,0,0,0,0,0,0,0,0,0,0,0,0,0,0
2.3454341888427734,0,0.0,0.0,0.0,0.0,0.0,0.0,0.0,0.0,0.03,0,0,0,0,0,0,0,0,0,0,0,0,0,0,0,0,0,0,0,0,0
2.3465120792388916,0,0.0,0.0,0.0,0.0,0.0,0.0,0.0,0.0,0.03,0,0,0,0,0,0,0,0,0,0,0,0,0,0,0,0,0,0,0,0,0
2.3476052284240723,0,0.0,0.0,0.0,0.0,0.0,0.0,0.0,0.0,0.03,0,0,0,0,0,0,0,0,0,0,0,0,0,0,0,0,0,0,0,0,0
2.349601984024048,0,0.0,0.0,0.0,0.0,0.0,0.0,0.0,0.0,0.03,0,0,0,0,0,0,0,0,0,0,0,0,0,0,0,0,0,0,0,0,0
2.3515243530273438,0,0.0,0.0,0.0,0.0,0.0,0.0,0.0,0.0,0.03,0,0,0,0,0,0,0,0,0,0,0,0,0,0,0,0,0,0,0,0,0
2.3528594970703125,0,0.0,0.0,0.0,0.0,0.0,0.0,0.0,0.0,0.03,0,0,0,0,0,0,0,0,0,0,0,0,0,0,0,0,0,0,0,0,0
2.356584310531616,0,0.0,0.0,0.0,0.0,0.0,0.0,0.0,0.0,0.03,0,0,0,0,0,0,0,0,0,0,0,0,0,0,0,0,0,0,0,0,0
2.357743263244629,0,0.0,0.0,0.0,0.0,0.0,0.0,0.0,0.0,0.03,0,0,0,0,0,0,0,0,0,0,0,0,0,0,0,0,0,0,0,0,0
2.3595988750457764,0,0.0,0.0,0.0,0.0,0.0,0.0,0.0,0.0,0.03,0,0,0,0,0,0,0,0,0,0,0,0,0,0,0,0,0,0,0,0,0
2.3607542514801025,0,0.0,0.0,0.0,0.0,0.0,0.0,0.0,0.0,0.03,0,0,0,0,0,0,0,0,0,0,0,0,0,0,0,0,0,0,0,0,0
2.3619186878204346,0,0.0,0.0,0.0,0.0,0.0,0.0,0.0,0.0,0.03,0,0,0,0,0,0,0,0,0,0,0,0,0,0,0,0,0,0,0,0,0
2.363077163696289,0,0.0,0.0,0.0,0.0,0.0,0.0,0.0,0.0,0.03,0,0,0,0,0,0,0,0,0,0,0,0,0,0,0,0,0,0,0,0,0
2.3643240928649902,0,0.0,0.0,0.0,0.0,0.0,0.0,0.0,0.0,0.03,0,0,0,0,0,0,0,0,0,0,0,0,0,0,0,0,0,0,0,0,0
2.3656046390533447,0,0.0,0.0,0.0,0.0,0.0,0.0,0.0,0.0,0.03,0,0,0,0,0,0,0,0,0,0,0,0,0,0,0,0,0,0,0,0,0
2.366694450378418,0,0.0,0.0,0.0,0.0,0.0,0.0,0.0,0.0,0.03,0,0,0,0,0,0,0,0,0,0,0,0,0,0,0,0,0,0,0,0,0
2.3677916526794434,0,0.0,0.0,0.0,0.0,0.0,0.0,0.0,0.0,0.03,0,0,0,0,0,0,0,0,0,0,0,0,0,0,0,0,0,0,0,0,0
2.3688766956329346,0,0.0,0.0,0.0,0.0,0.0,0.0,0.0,0.0,0.03,0,0,0,0,0,0,0,0,0,0,0,0,0,0,0,0,0,0,0,0,0
2.370051383972168,0,0.0,0.0,0.0,0.0,0.0,0.0,0.0,0.0,0.03,0,0,0,0,0,0,0,0,0,0,0,0,0,0,0,0,0,0,0,0,0
2.371429920196533,0,0.0,0.0,0.0,0.0,0.0,0.0,0.0,0.0,0.03,0,0,0,0,0,0,0,0,0,0,0,0,0,0,0,0,0,0,0,0,0
2.372697353363037,0,0.0,0.0,0.0,0.0,0.0,0.0,0.0,0.0,0.03,0,0,0,0,0,0,0,0,0,0,0,0,0,0,0,0,0,0,0,0,0
2.3754873275756836,0,0.0,0.0,0.0,0.0,0.0,0.0,0.0,0.0,0.03,0,0,0,0,0,0,0,0,0,0,0,0,0,0,0,0,0,0,0,0,0
2.3783349990844727,0,0.0,0.0,0.0,0.0,0.0,0.0,0.0,0.0,0.03,0,0,0,0,0,0,0,0,0,0,0,0,0,0,0,0,0,0,0,0,0
2.3796963691711426,0,0.0,0.0,0.0,0.0,0.0,0.0,0.0,0.0,0.03,0,0,0,0,0,0,0,0,0,0,0,0,0,0,0,0,0,0,0,0,0
2.3814282417297363,0,0.0,0.0,0.0,0.0,0.0,0.0,0.0,0.0,0.03,0,0,0,0,0,0,0,0,0,0,0,0,0,0,0,0,0,0,0,0,0
2.3834033012390137,0,0.0,0.0,0.0,0.0,0.0,0.0,0.0,0.0,0.03,0,0,0,0,0,0,0,0,0,0,0,0,0,0,0,0,0,0,0,0,0
2.384772300720215,0,0.0,0.0,0.0,0.0,0.0,0.0,0.0,0.0,0.03,0,0,0,0,0,0,0,0,0,0,0,0,0,0,0,0,0,0,0,0,0
2.386068344116211,0,0.0,0.0,0.0,0.0,0.0,0.0,0.0,0.0,0.03,0,0,0,0,0,0,0,0,0,0,0,0,0,0,0,0,0,0,0,0,0
2.387299060821533,0,0.0,0.0,0.0,0.0,0.0,0.0,0.0,0.0,0.03,0,0,0,0,0,0,0,0,0,0,0,0,0,0,0,0,0,0,0,0,0
2.3884851932525635,0,0.0,0.0,0.0,0.0,0.0,0.0,0.0,0.0,0.03,0,0,0,0,0,0,0,0,0,0,0,0,0,0,0,0,0,0,0,0,0
2.38975191116333,0,0.0,0.0,0.0,0.0,0.0,0.0,0.0,0.0,0.03,0,0,0,0,0,0,0,0,0,0,0,0,0,0,0,0,0,0,0,0,0
2.391251802444458,0,0.0,0.0,0.0,0.0,0.0,0.0,0.0,0.0,0.03,0,0,0,0,0,0,0,0,0,0,0,0,0,0,0,0,0,0,0,0,0
2.3930180072784424,0,0.0,0.0,0.0,0.0,0.0,0.0,0.0,0.0,0.03,0,0,0,0,0,0,0,0,0,0,0,0,0,0,0,0,0,0,0,0,0
2.394885778427124,0,0.0,0.0,0.0,0.0,0.0,0.0,0.0,0.0,0.03,0,0,0,0,0,0,0,0,0,0,0,0,0,0,0,0,0,0,0,0,0
2.396973133087158,0,0.0,0.0,0.0,0.0,0.0,0.0,0.0,0.0,0.03,0,0,0,0,0,0,0,0,0,0,0,0,0,0,0,0,0,0,0,0,0
2.398353099822998,0,0.0,0.0,0.0,0.0,0.0,0.0,0.0,0.0,0.03,0,0,0,0,0,0,0,0,0,0,0,0,0,0,0,0,0,0,0,0,0
2.399578809738159,0,0.0,0.0,0.0,0.0,0.0,0.0,0.0,0.0,0.03,0,0,0,0,0,0,0,0,0,0,0,0,0,0,0,0,0,0,0,0,0
2.4011640548706055,0,0.0,0.0,0.0,0.0,0.0,0.0,0.0,0.0,0.03,0,0,0,0,0,0,0,0,0,0,0,0,0,0,0,0,0,0,0,0,0
2.4023642539978027,0,0.0,0.0,0.0,0.0,0.0,0.0,0.0,0.0,0.03,0,0,0,0,0,0,0,0,0,0,0,0,0,0,0,0,0,0,0,0,0
2.4034621715545654,0,0.0,0.0,0.0,0.0,0.0,0.0,0.0,0.0,0.03,0,0,0,0,0,0,0,0,0,0,0,0,0,0,0,0,0,0,0,0,0
2.404679536819458,0,0.0,0.0,0.0,0.0,0.0,0.0,0.0,0.0,0.03,0,0,0,0,0,0,0,0,0,0,0,0,0,0,0,0,0,0,0,0,0
2.406097888946533,0,0.0,0.0,0.0,0.0,0.0,0.0,0.0,0.0,0.03,0,0,0,0,0,0,0,0,0,0,0,0,0,0,0,0,0,0,0,0,0
2.4072012901306152,0,0.0,0.0,0.0,0.0,0.0,0.0,0.0,0.0,0.03,0,0,0,0,0,0,0,0,0,0,0,0,0,0,0,0,0,0,0,0,0
2.410576343536377,0,0.0,0.0,0.0,0.0,0.0,0.0,0.0,0.0,0.03,0,0,0,0,0,0,0,0,0,0,0,0,0,0,0,0,0,0,0,0,0
2.4138007164001465,0,0.0,0.0,0.0,0.0,0.0,0.0,0.0,0.0,0.03,0,0,0,0,0,0,0,0,0,0,0,0,0,0,0,0,0,0,0,0,0
2.4155545234680176,0,0.0,0.0,0.0,0.0,0.0,0.0,0.0,0.0,0.03,0,0,0,0,0,0,0,0,0,0,0,0,0,0,0,0,0,0,0,0,0
2.416796922683716,0,0.0,0.0,0.0,0.0,0.0,0.0,0.0,0.0,0.03,0,0,0,0,0,0,0,0,0,0,0,0,0,0,0,0,0,0,0,0,0
2.418050527572632,0,0.0,0.0,0.0,0.0,0.0,0.0,0.0,0.0,0.03,0,0,0,0,0,0,0,0,0,0,0,0,0,0,0,0,0,0,0,0,0
2.4194908142089844,0,0.0,0.0,0.0,0.0,0.0,0.0,0.0,0.0,0.03,0,0,0,0,0,0,0,0,0,0,0,0,0,0,0,0,0,0,0,0,0
2.421099901199341,0,0.0,0.0,0.0,0.0,0.0,0.0,0.0,0.0,0.03,0,0,0,0,0,0,0,0,0,0,0,0,0,0,0,0,0,0,0,0,0
2.423572301864624,0,0.0,0.0,0.0,0.0,0.0,0.0,0.0,0.0,0.03,0,0,0,0,0,0,0,0,0,0,0,0,0,0,0,0,0,0,0,0,0
2.4247701168060303,0,0.0,0.0,0.0,0.0,0.0,0.0,0.0,0.0,0.03,0,0,0,0,0,0,0,0,0,0,0,0,0,0,0,0,0,0,0,0,0
2.4258389472961426,0,0.0,0.0,0.0,0.0,0.0,0.0,0.0,0.0,0.03,0,0,0,0,0,0,0,0,0,0,0,0,0,0,0,0,0,0,0,0,0
2.4269278049468994,0,0.0,0.0,0.0,0.0,0.0,0.0,0.0,0.0,0.03,0,0,0,0,0,0,0,0,0,0,0,0,0,0,0,0,0,0,0,0,0
2.4280266761779785,0,0.0,0.0,0.0,0.0,0.0,0.0,0.0,0.0,0.03,0,0,0,0,0,0,0,0,0,0,0,0,0,0,0,0,0,0,0,0,0
2.4291152954101562,0,0.0,0.0,0.0,0.0,0.0,0.0,0.0,0.0,0.03,0,0,0,0,0,0,0,0,0,0,0,0,0,0,0,0,0,0,0,0,0
2.4301769733428955,0,0.0,0.0,0.0,0.0,0.0,0.0,0.0,0.0,0.03,0,0,0,0,0,0,0,0,0,0,0,0,0,0,0,0,0,0,0,0,0
2.4313948154449463,0,0.0,0.0,0.0,0.0,0.0,0.0,0.0,0.0,0.03,0,0,0,0,0,0,0,0,0,0,0,0,0,0,0,0,0,0,0,0,0
2.4325718879699707,0,0.0,0.0,0.0,0.0,0.0,0.0,0.0,0.0,0.03,0,0,0,0,0,0,0,0,0,0,0,0,0,0,0,0,0,0,0,0,0
2.4336910247802734,0,0.0,0.0,0.0,0.0,0.0,0.0,0.0,0.0,0.03,0,0,0,0,0,0,0,0,0,0,0,0,0,0,0,0,0,0,0,0,0
2.43548583984375,0,0.0,0.0,0.0,0.0,0.0,0.0,0.0,0.0,0.03,0,0,0,0,0,0,0,0,0,0,0,0,0,0,0,0,0,0,0,0,0
2.4375760555267334,0,0.0,0.0,0.0,0.0,0.0,0.0,0.0,0.0,0.03,0,0,0,0,0,0,0,0,0,0,0,0,0,0,0,0,0,0,0,0,0
2.4390878677368164,0,0.0,0.0,0.0,0.0,0.0,0.0,0.0,0.0,0.03,0,0,0,0,0,0,0,0,0,0,0,0,0,0,0,0,0,0,0,0,0
2.4403319358825684,0,0.0,0.0,0.0,0.0,0.0,0.0,0.0,0.0,0.03,0,0,0,0,0,0,0,0,0,0,0,0,0,0,0,0,0,0,0,0,0
2.4418628215789795,0,0.0,0.0,0.0,0.0,0.0,0.0,0.0,0.0,0.03,0,0,0,0,0,0,0,0,0,0,0,0,0,0,0,0,0,0,0,0,0
2.4431405067443848,0,0.0,0.0,0.0,0.0,0.0,0.0,0.0,0.0,0.03,0,0,0,0,0,0,0,0,0,0,0,0,0,0,0,0,0,0,0,0,0
2.4445252418518066,0,0.0,0.0,0.0,0.0,0.0,0.0,0.0,0.0,0.03,0,0,0,0,0,0,0,0,0,0,0,0,0,0,0,0,0,0,0,0,0
2.445645809173584,0,0.0,0.0,0.0,0.0,0.0,0.0,0.0,0.0,0.03,0,0,0,0,0,0,0,0,0,0,0,0,0,0,0,0,0,0,0,0,0
2.4468932151794434,0,0.0,0.0,0.0,0.0,0.0,0.0,0.0,0.0,0.03,0,0,0,0,0,0,0,0,0,0,0,0,0,0,0,0,0,0,0,0,0
2.4484469890594482,0,0.0,0.0,0.0,0.0,0.0,0.0,0.0,0.0,0.03,0,0,0,0,0,0,0,0,0,0,0,0,0,0,0,0,0,0,0,0,0
2.449575424194336,0,0.0,0.0,0.0,0.0,0.0,0.0,0.0,0.0,0.03,0,0,0,0,0,0,0,0,0,0,0,0,0,0,0,0,0,0,0,0,0
2.450674533843994,0,0.0,0.0,0.0,0.0,0.0,0.0,0.0,0.0,0.03,0,0,0,0,0,0,0,0,0,0,0,0,0,0,0,0,0,0,0,0,0
2.4518985748291016,0,0.0,0.0,0.0,0.0,0.0,0.0,0.0,0.0,0.03,0,0,0,0,0,0,0,0,0,0,0,0,0,0,0,0,0,0,0,0,0
2.4535293579101562,0,0.0,0.0,0.0,0.0,0.0,0.0,0.0,0.0,0.03,0,0,0,0,0,0,0,0,0,0,0,0,0,0,0,0,0,0,0,0,0
2.455061912536621,0,0.0,0.0,0.0,0.0,0.0,0.0,0.0,0.0,0.03,0,0,0,0,0,0,0,0,0,0,0,0,0,0,0,0,0,0,0,0,0
2.4568939208984375,0,0.0,0.0,0.0,0.0,0.0,0.0,0.0,0.0,0.03,0,0,0,0,0,0,0,0,0,0,0,0,0,0,0,0,0,0,0,0,0
2.458448648452759,0,0.0,0.0,0.0,0.0,0.0,0.0,0.0,0.0,0.03,0,0,0,0,0,0,0,0,0,0,0,0,0,0,0,0,0,0,0,0,0
2.4599192142486572,0,0.0,0.0,0.0,0.0,0.0,0.0,0.0,0.0,0.03,0,0,0,0,0,0,0,0,0,0,0,0,0,0,0,0,0,0,0,0,0
2.4613161087036133,0,0.0,0.0,0.0,0.0,0.0,0.0,0.0,0.0,0.03,0,0,0,0,0,0,0,0,0,0,0,0,0,0,0,0,0,0,0,0,0
2.4625182151794434,0,0.0,0.0,0.0,0.0,0.0,0.0,0.0,0.0,0.03,0,0,0,0,0,0,0,0,0,0,0,0,0,0,0,0,0,0,0,0,0
2.4636340141296387,0,0.0,0.0,0.0,0.0,0.0,0.0,0.0,0.0,0.03,0,0,0,0,0,0,0,0,0,0,0,0,0,0,0,0,0,0,0,0,0
2.46561861038208,0,0.0,0.0,0.0,0.0,0.0,0.0,0.0,0.0,0.03,0,0,0,0,0,0,0,0,0,0,0,0,0,0,0,0,0,0,0,0,0
2.466890573501587,0,0.0,0.0,0.0,0.0,0.0,0.0,0.0,0.0,0.03,0,0,0,0,0,0,0,0,0,0,0,0,0,0,0,0,0,0,0,0,0
2.4679787158966064,0,0.0,0.0,0.0,0.0,0.0,0.0,0.0,0.0,0.03,0,0,0,0,0,0,0,0,0,0,0,0,0,0,0,0,0,0,0,0,0
2.4706363677978516,0,0.0,0.0,0.0,0.0,0.0,0.0,0.0,0.0,0.03,0,0,0,0,0,0,0,0,0,0,0,0,0,0,0,0,0,0,0,0,0
2.472362518310547,0,0.0,0.0,0.0,0.0,0.0,0.0,0.0,0.0,0.03,0,0,0,0,0,0,0,0,0,0,0,0,0,0,0,0,0,0,0,0,0
2.473834753036499,0,0.0,0.0,0.0,0.0,0.0,0.0,0.0,0.0,0.03,0,0,0,0,0,0,0,0,0,0,0,0,0,0,0,0,0,0,0,0,0
2.477360248565674,0,0.0,0.0,0.0,0.0,0.0,0.0,0.0,0.0,0.03,0,0,0,0,0,0,0,0,0,0,0,0,0,0,0,0,0,0,0,0,0
2.47894287109375,0,0.0,0.0,0.0,0.0,0.0,0.0,0.0,0.0,0.03,0,0,0,0,0,0,0,0,0,0,0,0,0,0,0,0,0,0,0,0,0
2.4804799556732178,0,0.0,0.0,0.0,0.0,0.0,0.0,0.0,0.0,0.03,0,0,0,0,0,0,0,0,0,0,0,0,0,0,0,0,0,0,0,0,0
2.4830594062805176,0,0.0,0.0,0.0,0.0,0.0,0.0,0.0,0.0,0.03,0,0,0,0,0,0,0,0,0,0,0,0,0,0,0,0,0,0,0,0,0
2.4845192432403564,0,0.0,0.0,0.0,0.0,0.0,0.0,0.0,0.0,0.03,0,0,0,0,0,0,0,0,0,0,0,0,0,0,0,0,0,0,0,0,0
2.485765218734741,0,0.0,0.0,0.0,0.0,0.0,0.0,0.0,0.0,0.03,0,0,0,0,0,0,0,0,0,0,0,0,0,0,0,0,0,0,0,0,0
2.487071990966797,0,0.0,0.0,0.0,0.0,0.0,0.0,0.0,0.0,0.03,0,0,0,0,0,0,0,0,0,0,0,0,0,0,0,0,0,0,0,0,0
2.488203525543213,0,0.0,0.0,0.0,0.0,0.0,0.0,0.0,0.0,0.03,0,0,0,0,0,0,0,0,0,0,0,0,0,0,0,0,0,0,0,0,0
2.4894468784332275,0,0.0,0.0,0.0,0.0,0.0,0.0,0.0,0.0,0.03,0,0,0,0,0,0,0,0,0,0,0,0,0,0,0,0,0,0,0,0,0
2.4907069206237793,0,0.0,0.0,0.0,0.0,0.0,0.0,0.0,0.0,0.03,0,0,0,0,0,0,0,0,0,0,0,0,0,0,0,0,0,0,0,0,0
2.4918713569641113,0,0.0,0.0,0.0,0.0,0.0,0.0,0.0,0.0,0.03,0,0,0,0,0,0,0,0,0,0,0,0,0,0,0,0,0,0,0,0,0
2.4932782649993896,0,0.0,0.0,0.0,0.0,0.0,0.0,0.0,0.0,0.03,0,0,0,0,0,0,0,0,0,0,0,0,0,0,0,0,0,0,0,0,0
2.4943695068359375,0,0.0,0.0,0.0,0.0,0.0,0.0,0.0,0.0,0.03,0,0,0,0,0,0,0,0,0,0,0,0,0,0,0,0,0,0,0,0,0
2.4961719512939453,0,0.0,0.0,0.0,0.0,0.0,0.0,0.0,0.0,0.03,0,0,0,0,0,0,0,0,0,0,0,0,0,0,0,0,0,0,0,0,0
2.49794602394104,0,0.0,0.0,0.0,0.0,0.0,0.0,0.0,0.0,0.03,0,0,0,0,0,0,0,0,0,0,0,0,0,0,0,0,0,0,0,0,0
2.4995839595794678,0,0.0,0.0,0.0,0.0,0.0,0.0,0.0,0.0,0.03,0,0,0,0,0,0,0,0,0,0,0,0,0,0,0,0,0,0,0,0,0
2.501169204711914,0,0.0,0.0,0.0,0.0,0.0,0.0,0.0,0.0,0.03,0,0,0,0,0,0,0,0,0,0,0,0,0,0,0,0,0,0,0,0,0
2.502342700958252,0,0.0,0.0,0.0,0.0,0.0,0.0,0.0,0.0,0.03,0,0,0,0,0,0,0,0,0,0,0,0,0,0,0,0,0,0,0,0,0
2.503643035888672,0,0.0,0.0,0.0,0.0,0.0,0.0,0.0,0.0,0.03,0,0,0,0,0,0,0,0,0,0,0,0,0,0,0,0,0,0,0,0,0
2.504822254180908,0,0.0,0.0,0.0,0.0,0.0,0.0,0.0,0.0,0.03,0,0,0,0,0,0,0,0,0,0,0,0,0,0,0,0,0,0,0,0,0
2.506531000137329,0,0.0,0.0,0.0,0.0,0.0,0.0,0.0,0.0,0.03,0,0,0,0,0,0,0,0,0,0,0,0,0,0,0,0,0,0,0,0,0
2.508057117462158,0,0.0,0.0,0.0,0.0,0.0,0.0,0.0,0.0,0.03,0,0,0,0,0,0,0,0,0,0,0,0,0,0,0,0,0,0,0,0,0
2.5095863342285156,0,0.0,0.0,0.0,0.0,0.0,0.0,0.0,0.0,0.03,0,0,0,0,0,0,0,0,0,0,0,0,0,0,0,0,0,0,0,0,0
2.5106565952301025,0,0.0,0.0,0.0,0.0,0.0,0.0,0.0,0.0,0.03,0,0,0,0,0,0,0,0,0,0,0,0,0,0,0,0,0,0,0,0,0
2.5118231773376465,0,0.0,0.0,0.0,0.0,0.0,0.0,0.0,0.0,0.03,0,0,0,0,0,0,0,0,0,0,0,0,0,0,0,0,0,0,0,0,0
2.513049840927124,0,0.0,0.0,0.0,0.0,0.0,0.0,0.0,0.0,0.03,0,0,0,0,0,0,0,0,0,0,0,0,0,0,0,0,0,0,0,0,0
2.514289379119873,0,0.0,0.0,0.0,0.0,0.0,0.0,0.0,0.0,0.03,0,0,0,0,0,0,0,0,0,0,0,0,0,0,0,0,0,0,0,0,0
2.5153746604919434,0,0.0,0.0,0.0,0.0,0.0,0.0,0.0,0.0,0.03,0,0,0,0,0,0,0,0,0,0,0,0,0,0,0,0,0,0,0,0,0
2.5167176723480225,0,0.0,0.0,0.0,0.0,0.0,0.0,0.0,0.0,0.03,0,0,0,0,0,0,0,0,0,0,0,0,0,0,0,0,0,0,0,0,0
2.518263101577759,0,0.0,0.0,0.0,0.0,0.0,0.0,0.0,0.0,0.03,0,0,0,0,0,0,0,0,0,0,0,0,0,0,0,0,0,0,0,0,0
2.5198118686676025,0,0.0,0.0,0.0,0.0,0.0,0.0,0.0,0.0,0.03,0,0,0,0,0,0,0,0,0,0,0,0,0,0,0,0,0,0,0,0,0
2.5211069583892822,0,0.0,0.0,0.0,0.0,0.0,0.0,0.0,0.0,0.03,0,0,0,0,0,0,0,0,0,0,0,0,0,0,0,0,0,0,0,0,0
2.5225155353546143,0,0.0,0.0,0.0,0.0,0.0,0.0,0.0,0.0,0.03,0,0,0,0,0,0,0,0,0,0,0,0,0,0,0,0,0,0,0,0,0
2.523763656616211,0,0.0,0.0,0.0,0.0,0.0,0.0,0.0,0.0,0.03,0,0,0,0,0,0,0,0,0,0,0,0,0,0,0,0,0,0,0,0,0
2.525033473968506,0,0.0,0.0,0.0,0.0,0.0,0.0,0.0,0.0,0.03,0,0,0,0,0,0,0,0,0,0,0,0,0,0,0,0,0,0,0,0,0
2.526136636734009,0,0.0,0.0,0.0,0.0,0.0,0.0,0.0,0.0,0.03,0,0,0,0,0,0,0,0,0,0,0,0,0,0,0,0,0,0,0,0,0
2.5272626876831055,0,0.0,0.0,0.0,0.0,0.0,0.0,0.0,0.0,0.03,0,0,0,0,0,0,0,0,0,0,0,0,0,0,0,0,0,0,0,0,0
2.528548240661621,0,0.0,0.0,0.0,0.0,0.0,0.0,0.0,0.0,0.03,0,0,0,0,0,0,0,0,0,0,0,0,0,0,0,0,0,0,0,0,0
2.5299415588378906,0,0.0,0.0,0.0,0.0,0.0,0.0,0.0,0.0,0.03,0,0,0,0,0,0,0,0,0,0,0,0,0,0,0,0,0,0,0,0,0
2.531028985977173,0,0.0,0.0,0.0,0.0,0.0,0.0,0.0,0.0,0.03,0,0,0,0,0,0,0,0,0,0,0,0,0,0,0,0,0,0,0,0,0
2.533601999282837,0,0.0,0.0,0.0,0.0,0.0,0.0,0.0,0.0,0.03,0,0,0,0,0,0,0,0,0,0,0,0,0,0,0,0,0,0,0,0,0
2.535207748413086,0,0.0,0.0,0.0,0.0,0.0,0.0,0.0,0.0,0.03,0,0,0,0,0,0,0,0,0,0,0,0,0,0,0,0,0,0,0,0,0
2.537020206451416,0,0.0,0.0,0.0,0.0,0.0,0.0,0.0,0.0,0.03,0,0,0,0,0,0,0,0,0,0,0,0,0,0,0,0,0,0,0,0,0
2.539921522140503,0,0.0,0.0,0.0,0.0,0.0,0.0,0.0,0.0,0.03,0,0,0,0,0,0,0,0,0,0,0,0,0,0,0,0,0,0,0,0,0
2.5414235591888428,0,0.0,0.0,0.0,0.0,0.0,0.0,0.0,0.0,0.03,0,0,0,0,0,0,0,0,0,0,0,0,0,0,0,0,0,0,0,0,0
2.542522668838501,0,0.0,0.0,0.0,0.0,0.0,0.0,0.0,0.0,0.03,0,0,0,0,0,0,0,0,0,0,0,0,0,0,0,0,0,0,0,0,0
2.544306755065918,0,0.0,0.0,0.0,0.0,0.0,0.0,0.0,0.0,0.03,0,0,0,0,0,0,0,0,0,0,0,0,0,0,0,0,0,0,0,0,0
2.545522689819336,0,0.0,0.0,0.0,0.0,0.0,0.0,0.0,0.0,0.03,0,0,0,0,0,0,0,0,0,0,0,0,0,0,0,0,0,0,0,0,0
2.547011613845825,0,0.0,0.0,0.0,0.0,0.0,0.0,0.0,0.0,0.03,0,0,0,0,0,0,0,0,0,0,0,0,0,0,0,0,0,0,0,0,0
2.5481295585632324,0,0.0,0.0,0.0,0.0,0.0,0.0,0.0,0.0,0.03,0,0,0,0,0,0,0,0,0,0,0,0,0,0,0,0,0,0,0,0,0
2.5491955280303955,0,0.0,0.0,0.0,0.0,0.0,0.0,0.0,0.0,0.03,0,0,0,0,0,0,0,0,0,0,0,0,0,0,0,0,0,0,0,0,0
2.5502915382385254,0,0.0,0.0,0.0,0.0,0.0,0.0,0.0,0.0,0.03,0,0,0,0,0,0,0,0,0,0,0,0,0,0,0,0,0,0,0,0,0
2.5513978004455566,0,0.0,0.0,0.0,0.0,0.0,0.0,0.0,0.0,0.03,0,0,0,0,0,0,0,0,0,0,0,0,0,0,0,0,0,0,0,0,0
2.5524826049804688,0,0.0,0.0,0.0,0.0,0.0,0.0,0.0,0.0,0.03,0,0,0,0,0,0,0,0,0,0,0,0,0,0,0,0,0,0,0,0,0
2.5535473823547363,0,0.0,0.0,0.0,0.0,0.0,0.0,0.0,0.0,0.03,0,0,0,0,0,0,0,0,0,0,0,0,0,0,0,0,0,0,0,0,0
2.554777145385742,0,0.0,0.0,0.0,0.0,0.0,0.0,0.0,0.0,0.03,0,0,0,0,0,0,0,0,0,0,0,0,0,0,0,0,0,0,0,0,0
2.5560250282287598,0,0.0,0.0,0.0,0.0,0.0,0.0,0.0,0.0,0.03,0,0,0,0,0,0,0,0,0,0,0,0,0,0,0,0,0,0,0,0,0
2.5573031902313232,0,0.0,0.0,0.0,0.0,0.0,0.0,0.0,0.0,0.03,0,0,0,0,0,0,0,0,0,0,0,0,0,0,0,0,0,0,0,0,0
2.5594799518585205,0,0.0,0.0,0.0,0.0,0.0,0.0,0.0,0.0,0.03,0,0,0,0,0,0,0,0,0,0,0,0,0,0,0,0,0,0,0,0,0
2.5606608390808105,0,0.0,0.0,0.0,0.0,0.0,0.0,0.0,0.0,0.03,0,0,0,0,0,0,0,0,0,0,0,0,0,0,0,0,0,0,0,0,0
2.563277244567871,0,0.0,0.0,0.0,0.0,0.0,0.0,0.0,0.0,0.03,0,0,0,0,0,0,0,0,0,0,0,0,0,0,0,0,0,0,0,0,0
2.5645174980163574,0,0.0,0.0,0.0,0.0,0.0,0.0,0.0,0.0,0.03,0,0,0,0,0,0,0,0,0,0,0,0,0,0,0,0,0,0,0,0,0
2.567044973373413,0,0.0,0.0,0.0,0.0,0.0,0.0,0.0,0.0,0.03,0,0,0,0,0,0,0,0,0,0,0,0,0,0,0,0,0,0,0,0,0
2.568317413330078,0,0.0,0.0,0.0,0.0,0.0,0.0,0.0,0.0,0.03,0,0,0,0,0,0,0,0,0,0,0,0,0,0,0,0,0,0,0,0,0
2.5694141387939453,0,0.0,0.0,0.0,0.0,0.0,0.0,0.0,0.0,0.03,0,0,0,0,0,0,0,0,0,0,0,0,0,0,0,0,0,0,0,0,0
2.5710983276367188,0,0.0,0.0,0.0,0.0,0.0,0.0,0.0,0.0,0.03,0,0,0,0,0,0,0,0,0,0,0,0,0,0,0,0,0,0,0,0,0
2.5722150802612305,0,0.0,0.0,0.0,0.0,0.0,0.0,0.0,0.0,0.03,0,0,0,0,0,0,0,0,0,0,0,0,0,0,0,0,0,0,0,0,0
2.5732762813568115,0,0.0,0.0,0.0,0.0,0.0,0.0,0.0,0.0,0.03,0,0,0,0,0,0,0,0,0,0,0,0,0,0,0,0,0,0,0,0,0
2.574395179748535,0,0.0,0.0,0.0,0.0,0.0,0.0,0.0,0.0,0.03,0,0,0,0,0,0,0,0,0,0,0,0,0,0,0,0,0,0,0,0,0
2.575636625289917,0,0.0,0.0,0.0,0.0,0.0,0.0,0.0,0.0,0.03,0,0,0,0,0,0,0,0,0,0,0,0,0,0,0,0,0,0,0,0,0
2.5767264366149902,0,0.0,0.0,0.0,0.0,0.0,0.0,0.0,0.0,0.03,0,0,0,0,0,0,0,0,0,0,0,0,0,0,0,0,0,0,0,0,0
2.5778019428253174,0,0.0,0.0,0.0,0.0,0.0,0.0,0.0,0.0,0.03,0,0,0,0,0,0,0,0,0,0,0,0,0,0,0,0,0,0,0,0,0
2.5795111656188965,0,0.0,0.0,0.0,0.0,0.0,0.0,0.0,0.0,0.03,0,0,0,0,0,0,0,0,0,0,0,0,0,0,0,0,0,0,0,0,0
2.581068754196167,0,0.0,0.0,0.0,0.0,0.0,0.0,0.0,0.0,0.03,0,0,0,0,0,0,0,0,0,0,0,0,0,0,0,0,0,0,0,0,0
2.582449197769165,0,0.0,0.0,0.0,0.0,0.0,0.0,0.0,0.0,0.03,0,0,0,0,0,0,0,0,0,0,0,0,0,0,0,0,0,0,0,0,0
2.5837173461914062,0,0.0,0.0,0.0,0.0,0.0,0.0,0.0,0.0,0.03,0,0,0,0,0,0,0,0,0,0,0,0,0,0,0,0,0,0,0,0,0
2.5849690437316895,0,0.0,0.0,0.0,0.0,0.0,0.0,0.0,0.0,0.03,0,0,0,0,0,0,0,0,0,0,0,0,0,0,0,0,0,0,0,0,0
2.586836814880371,0,0.0,0.0,0.0,0.0,0.0,0.0,0.0,0.0,0.03,0,0,0,0,0,0,0,0,0,0,0,0,0,0,0,0,0,0,0,0,0
2.5879271030426025,0,0.0,0.0,0.0,0.0,0.0,0.0,0.0,0.0,0.03,0,0,0,0,0,0,0,0,0,0,0,0,0,0,0,0,0,0,0,0,0
2.5892179012298584,0,0.0,0.0,0.0,0.0,0.0,0.0,0.0,0.0,0.03,0,0,0,0,0,0,0,0,0,0,0,0,0,0,0,0,0,0,0,0,0
2.590559720993042,0,0.0,0.0,0.0,0.0,0.0,0.0,0.0,0.0,0.03,0,0,0,0,0,0,0,0,0,0,0,0,0,0,0,0,0,0,0,0,0
2.591665267944336,0,0.0,0.0,0.0,0.0,0.0,0.0,0.0,0.0,0.03,0,0,0,0,0,0,0,0,0,0,0,0,0,0,0,0,0,0,0,0,0
2.5947439670562744,0,0.0,0.0,0.0,0.0,0.0,0.0,0.0,0.0,0.03,0,0,0,0,0,0,0,0,0,0,0,0,0,0,0,0,0,0,0,0,0
2.5964813232421875,0,0.0,0.0,0.0,0.0,0.0,0.0,0.0,0.0,0.03,0,0,0,0,0,0,0,0,0,0,0,0,0,0,0,0,0,0,0,0,0
2.598094940185547,0,0.0,0.0,0.0,0.0,0.0,0.0,0.0,0.0,0.03,0,0,0,0,0,0,0,0,0,0,0,0,0,0,0,0,0,0,0,0,0
2.600046157836914,0,0.0,0.0,0.0,0.0,0.0,0.0,0.0,0.0,0.03,0,0,0,0,0,0,0,0,0,0,0,0,0,0,0,0,0,0,0,0,0
2.6015985012054443,0,0.0,0.0,0.0,0.0,0.0,0.0,0.0,0.0,0.03,0,0,0,0,0,0,0,0,0,0,0,0,0,0,0,0,0,0,0,0,0
2.6028661727905273,0,0.0,0.0,0.0,0.0,0.0,0.0,0.0,0.0,0.03,0,0,0,0,0,0,0,0,0,0,0,0,0,0,0,0,0,0,0,0,0
2.6042559146881104,0,0.0,0.0,0.0,0.0,0.0,0.0,0.0,0.0,0.03,0,0,0,0,0,0,0,0,0,0,0,0,0,0,0,0,0,0,0,0,0
2.6058175563812256,0,0.0,0.0,0.0,0.0,0.0,0.0,0.0,0.0,0.03,0,0,0,0,0,0,0,0,0,0,0,0,0,0,0,0,0,0,0,0,0
2.6076533794403076,0,0.0,0.0,0.0,0.0,0.0,0.0,0.0,0.0,0.03,0,0,0,0,0,0,0,0,0,0,0,0,0,0,0,0,0,0,0,0,0
2.6089119911193848,0,0.0,0.0,0.0,0.0,0.0,0.0,0.0,0.0,0.03,0,0,0,0,0,0,0,0,0,0,0,0,0,0,0,0,0,0,0,0,0
2.6100406646728516,0,0.0,0.0,0.0,0.0,0.0,0.0,0.0,0.0,0.03,0,0,0,0,0,0,0,0,0,0,0,0,0,0,0,0,0,0,0,0,0
2.611140012741089,0,0.0,0.0,0.0,0.0,0.0,0.0,0.0,0.0,0.03,0,0,0,0,0,0,0,0,0,0,0,0,0,0,0,0,0,0,0,0,0
2.612229824066162,0,0.0,0.0,0.0,0.0,0.0,0.0,0.0,0.0,0.03,0,0,0,0,0,0,0,0,0,0,0,0,0,0,0,0,0,0,0,0,0
2.6133358478546143,0,0.0,0.0,0.0,0.0,0.0,0.0,0.0,0.0,0.03,0,0,0,0,0,0,0,0,0,0,0,0,0,0,0,0,0,0,0,0,0
2.61442494392395,0,0.0,0.0,0.0,0.0,0.0,0.0,0.0,0.0,0.03,0,0,0,0,0,0,0,0,0,0,0,0,0,0,0,0,0,0,0,0,0
2.6156413555145264,0,0.0,0.0,0.0,0.0,0.0,0.0,0.0,0.0,0.03,0,0,0,0,0,0,0,0,0,0,0,0,0,0,0,0,0,0,0,0,0
2.616821050643921,0,0.0,0.0,0.0,0.0,0.0,0.0,0.0,0.0,0.03,0,0,0,0,0,0,0,0,0,0,0,0,0,0,0,0,0,0,0,0,0
2.6186864376068115,0,0.0,0.0,0.0,0.0,0.0,0.0,0.0,0.0,0.03,0,0,0,0,0,0,0,0,0,0,0,0,0,0,0,0,0,0,0,0,0
2.620197296142578,0,0.0,0.0,0.0,0.0,0.0,0.0,0.0,0.0,0.03,0,0,0,0,0,0,0,0,0,0,0,0,0,0,0,0,0,0,0,0,0
2.6234004497528076,0,0.0,0.0,0.0,0.0,0.0,0.0,0.0,0.0,0.03,0,0,0,0,0,0,0,0,0,0,0,0,0,0,0,0,0,0,0,0,0
2.6246376037597656,0,0.0,0.0,0.0,0.0,0.0,0.0,0.0,0.0,0.03,0,0,0,0,0,0,0,0,0,0,0,0,0,0,0,0,0,0,0,0,0
2.62667179107666,0,0.0,0.0,0.0,0.0,0.0,0.0,0.0,0.0,0.03,0,0,0,0,0,0,0,0,0,0,0,0,0,0,0,0,0,0,0,0,0
2.628743886947632,0,0.0,0.0,0.0,0.0,0.0,0.0,0.0,0.0,0.03,0,0,0,0,0,0,0,0,0,0,0,0,0,0,0,0,0,0,0,0,0
2.62984037399292,0,0.0,0.0,0.0,0.0,0.0,0.0,0.0,0.0,0.03,0,0,0,0,0,0,0,0,0,0,0,0,0,0,0,0,0,0,0,0,0
2.6318087577819824,0,0.0,0.0,0.0,0.0,0.0,0.0,0.0,0.0,0.03,0,0,0,0,0,0,0,0,0,0,0,0,0,0,0,0,0,0,0,0,0
2.632984161376953,0,0.0,0.0,0.0,0.0,0.0,0.0,0.0,0.0,0.03,0,0,0,0,0,0,0,0,0,0,0,0,0,0,0,0,0,0,0,0,0
2.6341803073883057,0,0.0,0.0,0.0,0.0,0.0,0.0,0.0,0.0,0.03,0,0,0,0,0,0,0,0,0,0,0,0,0,0,0,0,0,0,0,0,0
2.6354031562805176,0,0.0,0.0,0.0,0.0,0.0,0.0,0.0,0.0,0.03,0,0,0,0,0,0,0,0,0,0,0,0,0,0,0,0,0,0,0,0,0
2.6364905834198,0,0.0,0.0,0.0,0.0,0.0,0.0,0.0,0.0,0.03,0,0,0,0,0,0,0,0,0,0,0,0,0,0,0,0,0,0,0,0,0
2.6378896236419678,0,0.0,0.0,0.0,0.0,0.0,0.0,0.0,0.0,0.03,0,0,0,0,0,0,0,0,0,0,0,0,0,0,0,0,0,0,0,0,0
2.639939785003662,0,0.0,0.0,0.0,0.0,0.0,0.0,0.0,0.0,0.03,0,0,0,0,0,0,0,0,0,0,0,0,0,0,0,0,0,0,0,0,0
2.6412713527679443,0,0.0,0.0,0.0,0.0,0.0,0.0,0.0,0.0,0.03,0,0,0,0,0,0,0,0,0,0,0,0,0,0,0,0,0,0,0,0,0
2.6428213119506836,0,0.0,0.0,0.0,0.0,0.0,0.0,0.0,0.0,0.03,0,0,0,0,0,0,0,0,0,0,0,0,0,0,0,0,0,0,0,0,0
2.6442501544952393,0,0.0,0.0,0.0,0.0,0.0,0.0,0.0,0.0,0.03,0,0,0,0,0,0,0,0,0,0,0,0,0,0,0,0,0,0,0,0,0
2.6463611125946045,0,0.0,0.0,0.0,0.0,0.0,0.0,0.0,0.0,0.03,0,0,0,0,0,0,0,0,0,0,0,0,0,0,0,0,0,0,0,0,0
2.647522449493408,0,0.0,0.0,0.0,0.0,0.0,0.0,0.0,0.0,0.03,0,0,0,0,0,0,0,0,0,0,0,0,0,0,0,0,0,0,0,0,0
2.648613929748535,0,0.0,0.0,0.0,0.0,0.0,0.0,0.0,0.0,0.03,0,0,0,0,0,0,0,0,0,0,0,0,0,0,0,0,0,0,0,0,0
2.6498610973358154,0,0.0,0.0,0.0,0.0,0.0,0.0,0.0,0.0,0.03,0,0,0,0,0,0,0,0,0,0,0,0,0,0,0,0,0,0,0,0,0
2.6511170864105225,0,0.0,0.0,0.0,0.0,0.0,0.0,0.0,0.0,0.03,0,0,0,0,0,0,0,0,0,0,0,0,0,0,0,0,0,0,0,0,0
2.652205467224121,0,0.0,0.0,0.0,0.0,0.0,0.0,0.0,0.0,0.03,0,0,0,0,0,0,0,0,0,0,0,0,0,0,0,0,0,0,0,0,0
2.654912233352661,0,0.0,0.0,0.0,0.0,0.0,0.0,0.0,0.0,0.03,0,0,0,0,0,0,0,0,0,0,0,0,0,0,0,0,0,0,0,0,0
2.6566340923309326,0,0.0,0.0,0.0,0.0,0.0,0.0,0.0,0.0,0.03,0,0,0,0,0,0,0,0,0,0,0,0,0,0,0,0,0,0,0,0,0
2.6580281257629395,0,0.0,0.0,0.0,0.0,0.0,0.0,0.0,0.0,0.03,0,0,0,0,0,0,0,0,0,0,0,0,0,0,0,0,0,0,0,0,0
2.6596665382385254,0,0.0,0.0,0.0,0.0,0.0,0.0,0.0,0.0,0.03,0,0,0,0,0,0,0,0,0,0,0,0,0,0,0,0,0,0,0,0,0
2.6612937450408936,0,0.0,0.0,0.0,0.0,0.0,0.0,0.0,0.0,0.03,0,0,0,0,0,0,0,0,0,0,0,0,0,0,0,0,0,0,0,0,0
2.6624152660369873,0,0.0,0.0,0.0,0.0,0.0,0.0,0.0,0.0,0.03,0,0,0,0,0,0,0,0,0,0,0,0,0,0,0,0,0,0,0,0,0
2.663503408432007,0,0.0,0.0,0.0,0.0,0.0,0.0,0.0,0.0,0.03,0,0,0,0,0,0,0,0,0,0,0,0,0,0,0,0,0,0,0,0,0
2.6648788452148438,0,0.0,0.0,0.0,0.0,0.0,0.0,0.0,0.0,0.03,0,0,0,0,0,0,0,0,0,0,0,0,0,0,0,0,0,0,0,0,0
2.666813373565674,0,0.0,0.0,0.0,0.0,0.0,0.0,0.0,0.0,0.03,0,0,0,0,0,0,0,0,0,0,0,0,0,0,0,0,0,0,0,0,0
2.6683197021484375,0,0.0,0.0,0.0,0.0,0.0,0.0,0.0,0.0,0.03,0,0,0,0,0,0,0,0,0,0,0,0,0,0,0,0,0,0,0,0,0
2.669475555419922,0,0.0,0.0,0.0,0.0,0.0,0.0,0.0,0.0,0.03,0,0,0,0,0,0,0,0,0,0,0,0,0,0,0,0,0,0,0,0,0
2.670870780944824,0,0.0,0.0,0.0,0.0,0.0,0.0,0.0,0.0,0.03,0,0,0,0,0,0,0,0,0,0,0,0,0,0,0,0,0,0,0,0,0
2.672041893005371,0,0.0,0.0,0.0,0.0,0.0,0.0,0.0,0.0,0.03,0,0,0,0,0,0,0,0,0,0,0,0,0,0,0,0,0,0,0,0,0
2.6732873916625977,0,0.0,0.0,0.0,0.0,0.0,0.0,0.0,0.0,0.03,0,0,0,0,0,0,0,0,0,0,0,0,0,0,0,0,0,0,0,0,0
2.6746444702148438,0,0.0,0.0,0.0,0.0,0.0,0.0,0.0,0.0,0.03,0,0,0,0,0,0,0,0,0,0,0,0,0,0,0,0,0,0,0,0,0
2.6757709980010986,0,0.0,0.0,0.0,0.0,0.0,0.0,0.0,0.0,0.03,0,0,0,0,0,0,0,0,0,0,0,0,0,0,0,0,0,0,0,0,0
2.67693829536438,0,0.0,0.0,0.0,0.0,0.0,0.0,0.0,0.0,0.03,0,0,0,0,0,0,0,0,0,0,0,0,0,0,0,0,0,0,0,0,0
2.6784372329711914,0,0.0,0.0,0.0,0.0,0.0,0.0,0.0,0.0,0.03,0,0,0,0,0,0,0,0,0,0,0,0,0,0,0,0,0,0,0,0,0
2.6795942783355713,0,0.0,0.0,0.0,0.0,0.0,0.0,0.0,0.0,0.03,0,0,0,0,0,0,0,0,0,0,0,0,0,0,0,0,0,0,0,0,0
2.6808321475982666,0,0.0,0.0,0.0,0.0,0.0,0.0,0.0,0.0,0.03,0,0,0,0,0,0,0,0,0,0,0,0,0,0,0,0,0,0,0,0,0
2.6822447776794434,0,0.0,0.0,0.0,0.0,0.0,0.0,0.0,0.0,0.03,0,0,0,0,0,0,0,0,0,0,0,0,0,0,0,0,0,0,0,0,0
2.6839077472686768,0,0.0,0.0,0.0,0.0,0.0,0.0,0.0,0.0,0.03,0,0,0,0,0,0,0,0,0,0,0,0,0,0,0,0,0,0,0,0,0
2.685680866241455,0,0.0,0.0,0.0,0.0,0.0,0.0,0.0,0.0,0.03,0,0,0,0,0,0,0,0,0,0,0,0,0,0,0,0,0,0,0,0,0
2.6867868900299072,0,0.0,0.0,0.0,0.0,0.0,0.0,0.0,0.0,0.03,0,0,0,0,0,0,0,0,0,0,0,0,0,0,0,0,0,0,0,0,0
2.6880431175231934,0,0.0,0.0,0.0,0.0,0.0,0.0,0.0,0.0,0.03,0,0,0,0,0,0,0,0,0,0,0,0,0,0,0,0,0,0,0,0,0
2.6891729831695557,0,0.0,0.0,0.0,0.0,0.0,0.0,0.0,0.0,0.03,0,0,0,0,0,0,0,0,0,0,0,0,0,0,0,0,0,0,0,0,0
2.690704584121704,0,0.0,0.0,0.0,0.0,0.0,0.0,0.0,0.0,0.03,0,0,0,0,0,0,0,0,0,0,0,0,0,0,0,0,0,0,0,0,0
2.6920583248138428,0,0.0,0.0,0.0,0.0,0.0,0.0,0.0,0.0,0.03,0,0,0,0,0,0,0,0,0,0,0,0,0,0,0,0,0,0,0,0,0
2.6938371658325195,0,0.0,0.0,0.0,0.0,0.0,0.0,0.0,0.0,0.03,0,0,0,0,0,0,0,0,0,0,0,0,0,0,0,0,0,0,0,0,0
2.695430040359497,0,0.0,0.0,0.0,0.0,0.0,0.0,0.0,0.0,0.03,0,0,0,0,0,0,0,0,0,0,0,0,0,0,0,0,0,0,0,0,0
2.6965599060058594,0,0.0,0.0,0.0,0.0,0.0,0.0,0.0,0.0,0.03,0,0,0,0,0,0,0,0,0,0,0,0,0,0,0,0,0,0,0,0,0
2.6976935863494873,0,0.0,0.0,0.0,0.0,0.0,0.0,0.0,0.0,0.03,0,0,0,0,0,0,0,0,0,0,0,0,0,0,0,0,0,0,0,0,0
2.698928117752075,0,0.0,0.0,0.0,0.0,0.0,0.0,0.0,0.0,0.03,0,0,0,0,0,0,0,0,0,0,0,0,0,0,0,0,0,0,0,0,0
2.7004525661468506,0,0.0,0.0,0.0,0.0,0.0,0.0,0.0,0.0,0.03,0,0,0,0,0,0,0,0,0,0,0,0,0,0,0,0,0,0,0,0,0
2.7015974521636963,0,0.0,0.0,0.0,0.0,0.0,0.0,0.0,0.0,0.03,0,0,0,0,0,0,0,0,0,0,0,0,0,0,0,0,0,0,0,0,0
2.7030277252197266,0,0.0,0.0,0.0,0.0,0.0,0.0,0.0,0.0,0.03,0,0,0,0,0,0,0,0,0,0,0,0,0,0,0,0,0,0,0,0,0
2.704336643218994,0,0.0,0.0,0.0,0.0,0.0,0.0,0.0,0.0,0.03,0,0,0,0,0,0,0,0,0,0,0,0,0,0,0,0,0,0,0,0,0
2.7054762840270996,0,0.0,0.0,0.0,0.0,0.0,0.0,0.0,0.0,0.03,0,0,0,0,0,0,0,0,0,0,0,0,0,0,0,0,0,0,0,0,0
2.7068965435028076,0,0.0,0.0,0.0,0.0,0.0,0.0,0.0,0.0,0.03,0,0,0,0,0,0,0,0,0,0,0,0,0,0,0,0,0,0,0,0,0
2.7080025672912598,0,0.0,0.0,0.0,0.0,0.0,0.0,0.0,0.0,0.03,0,0,0,0,0,0,0,0,0,0,0,0,0,0,0,0,0,0,0,0,0
2.7101032733917236,0,0.0,0.0,0.0,0.0,0.0,0.0,0.0,0.0,0.03,0,0,0,0,0,0,0,0,0,0,0,0,0,0,0,0,0,0,0,0,0
2.711343765258789,0,0.0,0.0,0.0,0.0,0.0,0.0,0.0,0.0,0.03,0,0,0,0,0,0,0,0,0,0,0,0,0,0,0,0,0,0,0,0,0
2.7124240398406982,0,0.0,0.0,0.0,0.0,0.0,0.0,0.0,0.0,0.03,0,0,0,0,0,0,0,0,0,0,0,0,0,0,0,0,0,0,0,0,0
2.7136054039001465,0,0.0,0.0,0.0,0.0,0.0,0.0,0.0,0.0,0.03,0,0,0,0,0,0,0,0,0,0,0,0,0,0,0,0,0,0,0,0,0
2.714789390563965,0,0.0,0.0,0.0,0.0,0.0,0.0,0.0,0.0,0.03,0,0,0,0,0,0,0,0,0,0,0,0,0,0,0,0,0,0,0,0,0
2.7178006172180176,0,0.0,0.0,0.0,0.0,0.0,0.0,0.0,0.0,0.03,0,0,0,0,0,0,0,0,0,0,0,0,0,0,0,0,0,0,0,0,0
2.7194080352783203,0,0.0,0.0,0.0,0.0,0.0,0.0,0.0,0.0,0.03,0,0,0,0,0,0,0,0,0,0,0,0,0,0,0,0,0,0,0,0,0
2.720923662185669,0,0.0,0.0,0.0,0.0,0.0,0.0,0.0,0.0,0.03,0,0,0,0,0,0,0,0,0,0,0,0,0,0,0,0,0,0,0,0,0
2.722092866897583,0,0.0,0.0,0.0,0.0,0.0,0.0,0.0,0.0,0.03,0,0,0,0,0,0,0,0,0,0,0,0,0,0,0,0,0,0,0,0,0
2.724109172821045,0,0.0,0.0,0.0,0.0,0.0,0.0,0.0,0.0,0.03,0,0,0,0,0,0,0,0,0,0,0,0,0,0,0,0,0,0,0,0,0
2.7256178855895996,0,0.0,0.0,0.0,0.0,0.0,0.0,0.0,0.0,0.03,0,0,0,0,0,0,0,0,0,0,0,0,0,0,0,0,0,0,0,0,0
2.726733922958374,0,0.0,0.0,0.0,0.0,0.0,0.0,0.0,0.0,0.03,0,0,0,0,0,0,0,0,0,0,0,0,0,0,0,0,0,0,0,0,0
2.7286248207092285,0,0.0,0.0,0.0,0.0,0.0,0.0,0.0,0.0,0.03,0,0,0,0,0,0,0,0,0,0,0,0,0,0,0,0,0,0,0,0,0
2.7298457622528076,0,0.0,0.0,0.0,0.0,0.0,0.0,0.0,0.0,0.03,0,0,0,0,0,0,0,0,0,0,0,0,0,0,0,0,0,0,0,0,0
2.7313079833984375,0,0.0,0.0,0.0,0.0,0.0,0.0,0.0,0.0,0.03,0,0,0,0,0,0,0,0,0,0,0,0,0,0,0,0,0,0,0,0,0
2.732454299926758,0,0.0,0.0,0.0,0.0,0.0,0.0,0.0,0.0,0.03,0,0,0,0,0,0,0,0,0,0,0,0,0,0,0,0,0,0,0,0,0
2.734217643737793,0,0.0,0.0,0.0,0.0,0.0,0.0,0.0,0.0,0.03,0,0,0,0,0,0,0,0,0,0,0,0,0,0,0,0,0,0,0,0,0
2.7357118129730225,0,0.0,0.0,0.0,0.0,0.0,0.0,0.0,0.0,0.03,0,0,0,0,0,0,0,0,0,0,0,0,0,0,0,0,0,0,0,0,0
2.7368528842926025,0,0.0,0.0,0.0,0.0,0.0,0.0,0.0,0.0,0.03,0,0,0,0,0,0,0,0,0,0,0,0,0,0,0,0,0,0,0,0,0
2.737912654876709,0,0.0,0.0,0.0,0.0,0.0,0.0,0.0,0.0,0.03,0,0,0,0,0,0,0,0,0,0,0,0,0,0,0,0,0,0,0,0,0
2.7390787601470947,0,0.0,0.0,0.0,0.0,0.0,0.0,0.0,0.0,0.03,0,0,0,0,0,0,0,0,0,0,0,0,0,0,0,0,0,0,0,0,0
2.7401859760284424,0,0.0,0.0,0.0,0.0,0.0,0.0,0.0,0.0,0.03,0,0,0,0,0,0,0,0,0,0,0,0,0,0,0,0,0,0,0,0,0
2.741274833679199,0,0.0,0.0,0.0,0.0,0.0,0.0,0.0,0.0,0.03,0,0,0,0,0,0,0,0,0,0,0,0,0,0,0,0,0,0,0,0,0
2.742825746536255,0,0.0,0.0,0.0,0.0,0.0,0.0,0.0,0.0,0.03,0,0,0,0,0,0,0,0,0,0,0,0,0,0,0,0,0,0,0,0,0
2.7446045875549316,0,0.0,0.0,0.0,0.0,0.0,0.0,0.0,0.0,0.03,0,0,0,0,0,0,0,0,0,0,0,0,0,0,0,0,0,0,0,0,0
2.747343063354492,0,0.0,0.0,0.0,0.0,0.0,0.0,0.0,0.0,0.03,0,0,0,0,0,0,0,0,0,0,0,0,0,0,0,0,0,0,0,0,0
2.748553991317749,0,0.0,0.0,0.0,0.0,0.0,0.0,0.0,0.0,0.03,0,0,0,0,0,0,0,0,0,0,0,0,0,0,0,0,0,0,0,0,0
2.7497241497039795,0,0.0,0.0,0.0,0.0,0.0,0.0,0.0,0.0,0.03,0,0,0,0,0,0,0,0,0,0,0,0,0,0,0,0,0,0,0,0,0
2.751084327697754,0,0.0,0.0,0.0,0.0,0.0,0.0,0.0,0.0,0.03,0,0,0,0,0,0,0,0,0,0,0,0,0,0,0,0,0,0,0,0,0
2.7525436878204346,0,0.0,0.0,0.0,0.0,0.0,0.0,0.0,0.0,0.03,0,0,0,0,0,0,0,0,0,0,0,0,0,0,0,0,0,0,0,0,0
2.7536237239837646,0,0.0,0.0,0.0,0.0,0.0,0.0,0.0,0.0,0.03,0,0,0,0,0,0,0,0,0,0,0,0,0,0,0,0,0,0,0,0,0
2.7549428939819336,0,0.0,0.0,0.0,0.0,0.0,0.0,0.0,0.0,0.03,0,0,0,0,0,0,0,0,0,0,0,0,0,0,0,0,0,0,0,0,0
2.756476640701294,0,0.0,0.0,0.0,0.0,0.0,0.0,0.0,0.0,0.03,0,0,0,0,0,0,0,0,0,0,0,0,0,0,0,0,0,0,0,0,0
2.7577402591705322,0,0.0,0.0,0.0,0.0,0.0,0.0,0.0,0.0,0.03,0,0,0,0,0,0,0,0,0,0,0,0,0,0,0,0,0,0,0,0,0
2.758855104446411,0,0.0,0.0,0.0,0.0,0.0,0.0,0.0,0.0,0.03,0,0,0,0,0,0,0,0,0,0,0,0,0,0,0,0,0,0,0,0,0
2.7599544525146484,0,0.0,0.0,0.0,0.0,0.0,0.0,0.0,0.0,0.03,0,0,0,0,0,0,0,0,0,0,0,0,0,0,0,0,0,0,0,0,0
2.7610530853271484,0,0.0,0.0,0.0,0.0,0.0,0.0,0.0,0.0,0.03,0,0,0,0,0,0,0,0,0,0,0,0,0,0,0,0,0,0,0,0,0
2.7623374462127686,0,0.0,0.0,0.0,0.0,0.0,0.0,0.0,0.0,0.03,0,0,0,0,0,0,0,0,0,0,0,0,0,0,0,0,0,0,0,0,0
2.763935089111328,0,0.0,0.0,0.0,0.0,0.0,0.0,0.0,0.0,0.03,0,0,0,0,0,0,0,0,0,0,0,0,0,0,0,0,0,0,0,0,0
2.7668962478637695,0,0.0,0.0,0.0,0.0,0.0,0.0,0.0,0.0,0.03,0,0,0,0,0,0,0,0,0,0,0,0,0,0,0,0,0,0,0,0,0
2.768144130706787,0,0.0,0.0,0.0,0.0,0.0,0.0,0.0,0.0,0.03,0,0,0,0,0,0,0,0,0,0,0,0,0,0,0,0,0,0,0,0,0
2.769421339035034,0,0.0,0.0,0.0,0.0,0.0,0.0,0.0,0.0,0.03,0,0,0,0,0,0,0,0,0,0,0,0,0,0,0,0,0,0,0,0,0
2.771265983581543,0,0.0,0.0,0.0,0.0,0.0,0.0,0.0,0.0,0.03,0,0,0,0,0,0,0,0,0,0,0,0,0,0,0,0,0,0,0,0,0
2.7723844051361084,0,0.0,0.0,0.0,0.0,0.0,0.0,0.0,0.0,0.03,0,0,0,0,0,0,0,0,0,0,0,0,0,0,0,0,0,0,0,0,0
2.7738397121429443,0,0.0,0.0,0.0,0.0,0.0,0.0,0.0,0.0,0.03,0,0,0,0,0,0,0,0,0,0,0,0,0,0,0,0,0,0,0,0,0
2.775322437286377,0,0.0,0.0,0.0,0.0,0.0,0.0,0.0,0.0,0.03,0,0,0,0,0,0,0,0,0,0,0,0,0,0,0,0,0,0,0,0,0
2.776388168334961,0,0.0,0.0,0.0,0.0,0.0,0.0,0.0,0.0,0.03,0,0,0,0,0,0,0,0,0,0,0,0,0,0,0,0,0,0,0,0,0
2.779203414916992,0,0.0,0.0,0.0,0.0,0.0,0.0,0.0,0.0,0.03,0,0,0,0,0,0,0,0,0,0,0,0,0,0,0,0,0,0,0,0,0
2.780898332595825,0,0.0,0.0,0.0,0.0,0.0,0.0,0.0,0.0,0.03,0,0,0,0,0,0,0,0,0,0,0,0,0,0,0,0,0,0,0,0,0
2.782939910888672,0,0.0,0.0,0.0,0.0,0.0,0.0,0.0,0.0,0.03,0,0,0,0,0,0,0,0,0,0,0,0,0,0,0,0,0,0,0,0,0
2.7840418815612793,0,0.0,0.0,0.0,0.0,0.0,0.0,0.0,0.0,0.03,0,0,0,0,0,0,0,0,0,0,0,0,0,0,0,0,0,0,0,0,0
2.786468982696533,0,0.0,0.0,0.0,0.0,0.0,0.0,0.0,0.0,0.03,0,0,0,0,0,0,0,0,0,0,0,0,0,0,0,0,0,0,0,0,0
2.787970781326294,0,0.0,0.0,0.0,0.0,0.0,0.0,0.0,0.0,0.03,0,0,0,0,0,0,0,0,0,0,0,0,0,0,0,0,0,0,0,0,0
2.7902495861053467,0,0.0,0.0,0.0,0.0,0.0,0.0,0.0,0.0,0.03,0,0,0,0,0,0,0,0,0,0,0,0,0,0,0,0,0,0,0,0,0
2.791672945022583,0,0.0,0.0,0.0,0.0,0.0,0.0,0.0,0.0,0.03,0,0,0,0,0,0,0,0,0,0,0,0,0,0,0,0,0,0,0,0,0
2.7929317951202393,0,0.0,0.0,0.0,0.0,0.0,0.0,0.0,0.0,0.03,0,0,0,0,0,0,0,0,0,0,0,0,0,0,0,0,0,0,0,0,0
2.7941160202026367,0,0.0,0.0,0.0,0.0,0.0,0.0,0.0,0.0,0.03,0,0,0,0,0,0,0,0,0,0,0,0,0,0,0,0,0,0,0,0,0
2.795835256576538,0,0.0,0.0,0.0,0.0,0.0,0.0,0.0,0.0,0.03,0,0,0,0,0,0,0,0,0,0,0,0,0,0,0,0,0,0,0,0,0
2.796929121017456,0,0.0,0.0,0.0,0.0,0.0,0.0,0.0,0.0,0.03,0,0,0,0,0,0,0,0,0,0,0,0,0,0,0,0,0,0,0,0,0
2.7981326580047607,0,0.0,0.0,0.0,0.0,0.0,0.0,0.0,0.0,0.03,0,0,0,0,0,0,0,0,0,0,0,0,0,0,0,0,0,0,0,0,0
2.7992186546325684,0,0.0,0.0,0.0,0.0,0.0,0.0,0.0,0.0,0.03,0,0,0,0,0,0,0,0,0,0,0,0,0,0,0,0,0,0,0,0,0
2.800330400466919,0,0.0,0.0,0.0,0.0,0.0,0.0,0.0,0.0,0.03,0,0,0,0,0,0,0,0,0,0,0,0,0,0,0,0,0,0,0,0,0
2.801706552505493,0,0.0,0.0,0.0,0.0,0.0,0.0,0.0,0.0,0.03,0,0,0,0,0,0,0,0,0,0,0,0,0,0,0,0,0,0,0,0,0
2.802792549133301,0,0.0,0.0,0.0,0.0,0.0,0.0,0.0,0.0,0.03,0,0,0,0,0,0,0,0,0,0,0,0,0,0,0,0,0,0,0,0,0
2.8051648139953613,0,0.0,0.0,0.0,0.0,0.0,0.0,0.0,0.0,0.03,0,0,0,0,0,0,0,0,0,0,0,0,0,0,0,0,0,0,0,0,0
2.806256055831909,0,0.0,0.0,0.0,0.0,0.0,0.0,0.0,0.0,0.03,0,0,0,0,0,0,0,0,0,0,0,0,0,0,0,0,0,0,0,0,0
2.80861496925354,0,0.0,0.0,0.0,0.0,0.0,0.0,0.0,0.0,0.03,0,0,0,0,0,0,0,0,0,0,0,0,0,0,0,0,0,0,0,0,0
2.809699535369873,0,0.0,0.0,0.0,0.0,0.0,0.0,0.0,0.0,0.03,0,0,0,0,0,0,0,0,0,0,0,0,0,0,0,0,0,0,0,0,0
2.810962200164795,0,0.0,0.0,0.0,0.0,0.0,0.0,0.0,0.0,0.03,0,0,0,0,0,0,0,0,0,0,0,0,0,0,0,0,0,0,0,0,0
2.8126461505889893,0,0.0,0.0,0.0,0.0,0.0,0.0,0.0,0.0,0.03,0,0,0,0,0,0,0,0,0,0,0,0,0,0,0,0,0,0,0,0,0
2.813960552215576,0,0.0,0.0,0.0,0.0,0.0,0.0,0.0,0.0,0.03,0,0,0,0,0,0,0,0,0,0,0,0,0,0,0,0,0,0,0,0,0
2.815056085586548,0,0.0,0.0,0.0,0.0,0.0,0.0,0.0,0.0,0.03,0,0,0,0,0,0,0,0,0,0,0,0,0,0,0,0,0,0,0,0,0
2.8163228034973145,0,0.0,0.0,0.0,0.0,0.0,0.0,0.0,0.0,0.03,0,0,0,0,0,0,0,0,0,0,0,0,0,0,0,0,0,0,0,0,0
2.8178975582122803,0,0.0,0.0,0.0,0.0,0.0,0.0,0.0,0.0,0.03,0,0,0,0,0,0,0,0,0,0,0,0,0,0,0,0,0,0,0,0,0
2.818998098373413,0,0.0,0.0,0.0,0.0,0.0,0.0,0.0,0.0,0.03,0,0,0,0,0,0,0,0,0,0,0,0,0,0,0,0,0,0,0,0,0
2.8200955390930176,0,0.0,0.0,0.0,0.0,0.0,0.0,0.0,0.0,0.03,0,0,0,0,0,0,0,0,0,0,0,0,0,0,0,0,0,0,0,0,0
2.8215572834014893,0,0.0,0.0,0.0,0.0,0.0,0.0,0.0,0.0,0.03,0,0,0,0,0,0,0,0,0,0,0,0,0,0,0,0,0,0,0,0,0
2.8227767944335938,0,0.0,0.0,0.0,0.0,0.0,0.0,0.0,0.0,0.03,0,0,0,0,0,0,0,0,0,0,0,0,0,0,0,0,0,0,0,0,0
2.825052499771118,0,0.0,0.0,0.0,0.0,0.0,0.0,0.0,0.0,0.03,0,0,0,0,0,0,0,0,0,0,0,0,0,0,0,0,0,0,0,0,0
2.8266775608062744,0,0.0,0.0,0.0,0.0,0.0,0.0,0.0,0.0,0.03,0,0,0,0,0,0,0,0,0,0,0,0,0,0,0,0,0,0,0,0,0
2.828164577484131,0,0.0,0.0,0.0,0.0,0.0,0.0,0.0,0.0,0.03,0,0,0,0,0,0,0,0,0,0,0,0,0,0,0,0,0,0,0,0,0
2.8294589519500732,0,0.0,0.0,0.0,0.0,0.0,0.0,0.0,0.0,0.03,0,0,0,0,0,0,0,0,0,0,0,0,0,0,0,0,0,0,0,0,0
2.8307058811187744,0,0.0,0.0,0.0,0.0,0.0,0.0,0.0,0.0,0.03,0,0,0,0,0,0,0,0,0,0,0,0,0,0,0,0,0,0,0,0,0
2.831897497177124,0,0.0,0.0,0.0,0.0,0.0,0.0,0.0,0.0,0.03,0,0,0,0,0,0,0,0,0,0,0,0,0,0,0,0,0,0,0,0,0
2.8333961963653564,0,0.0,0.0,0.0,0.0,0.0,0.0,0.0,0.0,0.03,0,0,0,0,0,0,0,0,0,0,0,0,0,0,0,0,0,0,0,0,0
2.8345377445220947,0,0.0,0.0,0.0,0.0,0.0,0.0,0.0,0.0,0.03,0,0,0,0,0,0,0,0,0,0,0,0,0,0,0,0,0,0,0,0,0
2.8357396125793457,0,0.0,0.0,0.0,0.0,0.0,0.0,0.0,0.0,0.03,0,0,0,0,0,0,0,0,0,0,0,0,0,0,0,0,0,0,0,0,0
2.836972713470459,0,0.0,0.0,0.0,0.0,0.0,0.0,0.0,0.0,0.03,0,0,0,0,0,0,0,0,0,0,0,0,0,0,0,0,0,0,0,0,0
2.8380706310272217,0,0.0,0.0,0.0,0.0,0.0,0.0,0.0,0.0,0.03,0,0,0,0,0,0,0,0,0,0,0,0,0,0,0,0,0,0,0,0,0
2.8409810066223145,0,0.0,0.0,0.0,0.0,0.0,0.0,0.0,0.0,0.03,0,0,0,0,0,0,0,0,0,0,0,0,0,0,0,0,0,0,0,0,0
2.842766284942627,0,0.0,0.0,0.0,0.0,0.0,0.0,0.0,0.0,0.03,0,0,0,0,0,0,0,0,0,0,0,0,0,0,0,0,0,0,0,0,0
2.8445980548858643,0,0.0,0.0,0.0,0.0,0.0,0.0,0.0,0.0,0.03,0,0,0,0,0,0,0,0,0,0,0,0,0,0,0,0,0,0,0,0,0
2.846283435821533,0,0.0,0.0,0.0,0.0,0.0,0.0,0.0,0.0,0.03,0,0,0,0,0,0,0,0,0,0,0,0,0,0,0,0,0,0,0,0,0
2.8480429649353027,0,0.0,0.0,0.0,0.0,0.0,0.0,0.0,0.0,0.03,0,0,0,0,0,0,0,0,0,0,0,0,0,0,0,0,0,0,0,0,0
2.84954833984375,0,0.0,0.0,0.0,0.0,0.0,0.0,0.0,0.0,0.03,0,0,0,0,0,0,0,0,0,0,0,0,0,0,0,0,0,0,0,0,0
2.851630926132202,0,0.0,0.0,0.0,0.0,0.0,0.0,0.0,0.0,0.03,0,0,0,0,0,0,0,0,0,0,0,0,0,0,0,0,0,0,0,0,0
2.8532066345214844,0,0.0,0.0,0.0,0.0,0.0,0.0,0.0,0.0,0.03,0,0,0,0,0,0,0,0,0,0,0,0,0,0,0,0,0,0,0,0,0
2.8543031215667725,0,0.0,0.0,0.0,0.0,0.0,0.0,0.0,0.0,0.03,0,0,0,0,0,0,0,0,0,0,0,0,0,0,0,0,0,0,0,0,0
2.8554046154022217,0,0.0,0.0,0.0,0.0,0.0,0.0,0.0,0.0,0.03,0,0,0,0,0,0,0,0,0,0,0,0,0,0,0,0,0,0,0,0,0
2.8565375804901123,0,0.0,0.0,0.0,0.0,0.0,0.0,0.0,0.0,0.03,0,0,0,0,0,0,0,0,0,0,0,0,0,0,0,0,0,0,0,0,0
2.85768723487854,0,0.0,0.0,0.0,0.0,0.0,0.0,0.0,0.0,0.03,0,0,0,0,0,0,0,0,0,0,0,0,0,0,0,0,0,0,0,0,0
2.8587865829467773,0,0.0,0.0,0.0,0.0,0.0,0.0,0.0,0.0,0.03,0,0,0,0,0,0,0,0,0,0,0,0,0,0,0,0,0,0,0,0,0
2.859981060028076,0,0.0,0.0,0.0,0.0,0.0,0.0,0.0,0.0,0.03,0,0,0,0,0,0,0,0,0,0,0,0,0,0,0,0,0,0,0,0,0
2.861191987991333,0,0.0,0.0,0.0,0.0,0.0,0.0,0.0,0.0,0.03,0,0,0,0,0,0,0,0,0,0,0,0,0,0,0,0,0,0,0,0,0
2.862311840057373,0,0.0,0.0,0.0,0.0,0.0,0.0,0.0,0.0,0.03,0,0,0,0,0,0,0,0,0,0,0,0,0,0,0,0,0,0,0,0,0
2.8635315895080566,0,0.0,0.0,0.0,0.0,0.0,0.0,0.0,0.0,0.03,0,0,0,0,0,0,0,0,0,0,0,0,0,0,0,0,0,0,0,0,0
2.864616870880127,0,0.0,0.0,0.0,0.0,0.0,0.0,0.0,0.0,0.03,0,0,0,0,0,0,0,0,0,0,0,0,0,0,0,0,0,0,0,0,0
2.8658158779144287,0,0.0,0.0,0.0,0.0,0.0,0.0,0.0,0.0,0.03,0,0,0,0,0,0,0,0,0,0,0,0,0,0,0,0,0,0,0,0,0
2.8675858974456787,0,0.0,0.0,0.0,0.0,0.0,0.0,0.0,0.0,0.03,0,0,0,0,0,0,0,0,0,0,0,0,0,0,0,0,0,0,0,0,0
2.8702449798583984,0,0.0,0.0,0.0,0.0,0.0,0.0,0.0,0.0,0.03,0,0,0,0,0,0,0,0,0,0,0,0,0,0,0,0,0,0,0,0,0
2.8715338706970215,0,0.0,0.0,0.0,0.0,0.0,0.0,0.0,0.0,0.03,0,0,0,0,0,0,0,0,0,0,0,0,0,0,0,0,0,0,0,0,0
2.8726494312286377,0,0.0,0.0,0.0,0.0,0.0,0.0,0.0,0.0,0.03,0,0,0,0,0,0,0,0,0,0,0,0,0,0,0,0,0,0,0,0,0
2.8750176429748535,0,0.0,0.0,0.0,0.0,0.0,0.0,0.0,0.0,0.03,0,0,0,0,0,0,0,0,0,0,0,0,0,0,0,0,0,0,0,0,0
2.8762800693511963,0,0.0,0.0,0.0,0.0,0.0,0.0,0.0,0.0,0.03,0,0,0,0,0,0,0,0,0,0,0,0,0,0,0,0,0,0,0,0,0
2.8774216175079346,0,0.0,0.0,0.0,0.0,0.0,0.0,0.0,0.0,0.03,0,0,0,0,0,0,0,0,0,0,0,0,0,0,0,0,0,0,0,0,0
2.878554105758667,0,0.0,0.0,0.0,0.0,0.0,0.0,0.0,0.0,0.03,0,0,0,0,0,0,0,0,0,0,0,0,0,0,0,0,0,0,0,0,0
2.8802833557128906,0,0.0,0.0,0.0,0.0,0.0,0.0,0.0,0.0,0.03,0,0,0,0,0,0,0,0,0,0,0,0,0,0,0,0,0,0,0,0,0
2.881373882293701,0,0.0,0.0,0.0,0.0,0.0,0.0,0.0,0.0,0.03,0,0,0,0,0,0,0,0,0,0,0,0,0,0,0,0,0,0,0,0,0
2.8824844360351562,0,0.0,0.0,0.0,0.0,0.0,0.0,0.0,0.0,0.03,0,0,0,0,0,0,0,0,0,0,0,0,0,0,0,0,0,0,0,0,0
2.8836538791656494,0,0.0,0.0,0.0,0.0,0.0,0.0,0.0,0.0,0.03,0,0,0,0,0,0,0,0,0,0,0,0,0,0,0,0,0,0,0,0,0
2.885153293609619,0,0.0,0.0,0.0,0.0,0.0,0.0,0.0,0.0,0.03,0,0,0,0,0,0,0,0,0,0,0,0,0,0,0,0,0,0,0,0,0
2.886253595352173,0,0.0,0.0,0.0,0.0,0.0,0.0,0.0,0.0,0.03,0,0,0,0,0,0,0,0,0,0,0,0,0,0,0,0,0,0,0,0,0
2.888190746307373,0,0.0,0.0,0.0,0.0,0.0,0.0,0.0,0.0,0.03,0,0,0,0,0,0,0,0,0,0,0,0,0,0,0,0,0,0,0,0,0
2.889589309692383,0,0.0,0.0,0.0,0.0,0.0,0.0,0.0,0.0,0.03,0,0,0,0,0,0,0,0,0,0,0,0,0,0,0,0,0,0,0,0,0
2.891329765319824,0,0.0,0.0,0.0,0.0,0.0,0.0,0.0,0.0,0.03,0,0,0,0,0,0,0,0,0,0,0,0,0,0,0,0,0,0,0,0,0
2.8926217555999756,0,0.0,0.0,0.0,0.0,0.0,0.0,0.0,0.0,0.03,0,0,0,0,0,0,0,0,0,0,0,0,0,0,0,0,0,0,0,0,0
2.8939857482910156,0,0.0,0.0,0.0,0.0,0.0,0.0,0.0,0.0,0.03,0,0,0,0,0,0,0,0,0,0,0,0,0,0,0,0,0,0,0,0,0
2.8956854343414307,0,0.0,0.0,0.0,0.0,0.0,0.0,0.0,0.0,0.03,0,0,0,0,0,0,0,0,0,0,0,0,0,0,0,0,0,0,0,0,0
2.896851062774658,0,0.0,0.0,0.0,0.0,0.0,0.0,0.0,0.0,0.03,0,0,0,0,0,0,0,0,0,0,0,0,0,0,0,0,0,0,0,0,0
2.898005962371826,0,0.0,0.0,0.0,0.0,0.0,0.0,0.0,0.0,0.03,0,0,0,0,0,0,0,0,0,0,0,0,0,0,0,0,0,0,0,0,0
2.8992300033569336,0,0.0,0.0,0.0,0.0,0.0,0.0,0.0,0.0,0.03,0,0,0,0,0,0,0,0,0,0,0,0,0,0,0,0,0,0,0,0,0
2.9005138874053955,0,0.0,0.0,0.0,0.0,0.0,0.0,0.0,0.0,0.03,0,0,0,0,0,0,0,0,0,0,0,0,0,0,0,0,0,0,0,0,0
2.9015865325927734,0,0.0,0.0,0.0,0.0,0.0,0.0,0.0,0.0,0.03,0,0,0,0,0,0,0,0,0,0,0,0,0,0,0,0,0,0,0,0,0
2.9042909145355225,0,0.0,0.0,0.0,0.0,0.0,0.0,0.0,0.0,0.03,0,0,0,0,0,0,0,0,0,0,0,0,0,0,0,0,0,0,0,0,0
2.9061713218688965,0,0.0,0.0,0.0,0.0,0.0,0.0,0.0,0.0,0.03,0,0,0,0,0,0,0,0,0,0,0,0,0,0,0,0,0,0,0,0,0
2.907313346862793,0,0.0,0.0,0.0,0.0,0.0,0.0,0.0,0.0,0.03,0,0,0,0,0,0,0,0,0,0,0,0,0,0,0,0,0,0,0,0,0
2.908521890640259,0,0.0,0.0,0.0,0.0,0.0,0.0,0.0,0.0,0.03,0,0,0,0,0,0,0,0,0,0,0,0,0,0,0,0,0,0,0,0,0
2.9099903106689453,0,0.0,0.0,0.0,0.0,0.0,0.0,0.0,0.0,0.03,0,0,0,0,0,0,0,0,0,0,0,0,0,0,0,0,0,0,0,0,0
2.9113121032714844,0,0.0,0.0,0.0,0.0,0.0,0.0,0.0,0.0,0.03,0,0,0,0,0,0,0,0,0,0,0,0,0,0,0,0,0,0,0,0,0
2.9124231338500977,0,0.0,0.0,0.0,0.0,0.0,0.0,0.0,0.0,0.03,0,0,0,0,0,0,0,0,0,0,0,0,0,0,0,0,0,0,0,0,0
2.9135286808013916,0,0.0,0.0,0.0,0.0,0.0,0.0,0.0,0.0,0.03,0,0,0,0,0,0,0,0,0,0,0,0,0,0,0,0,0,0,0,0,0
2.9147934913635254,0,0.0,0.0,0.0,0.0,0.0,0.0,0.0,0.0,0.03,0,0,0,0,0,0,0,0,0,0,0,0,0,0,0,0,0,0,0,0,0
2.91645884513855,0,0.0,0.0,0.0,0.0,0.0,0.0,0.0,0.0,0.03,0,0,0,0,0,0,0,0,0,0,0,0,0,0,0,0,0,0,0,0,0
2.9182493686676025,0,0.0,0.0,0.0,0.0,0.0,0.0,0.0,0.0,0.03,0,0,0,0,0,0,0,0,0,0,0,0,0,0,0,0,0,0,0,0,0
2.919391632080078,0,0.0,0.0,0.0,0.0,0.0,0.0,0.0,0.0,0.03,0,0,0,0,0,0,0,0,0,0,0,0,0,0,0,0,0,0,0,0,0
2.9210433959960938,0,0.0,0.0,0.0,0.0,0.0,0.0,0.0,0.0,0.03,0,0,0,0,0,0,0,0,0,0,0,0,0,0,0,0,0,0,0,0,0
2.922696352005005,0,0.0,0.0,0.0,0.0,0.0,0.0,0.0,0.0,0.03,0,0,0,0,0,0,0,0,0,0,0,0,0,0,0,0,0,0,0,0,0
2.923757314682007,0,0.0,0.0,0.0,0.0,0.0,0.0,0.0,0.0,0.03,0,0,0,0,0,0,0,0,0,0,0,0,0,0,0,0,0,0,0,0,0
2.9248952865600586,0,0.0,0.0,0.0,0.0,0.0,0.0,0.0,0.0,0.03,0,0,0,0,0,0,0,0,0,0,0,0,0,0,0,0,0,0,0,0,0
2.926079273223877,0,0.0,0.0,0.0,0.0,0.0,0.0,0.0,0.0,0.03,0,0,0,0,0,0,0,0,0,0,0,0,0,0,0,0,0,0,0,0,0
2.927304983139038,0,0.0,0.0,0.0,0.0,0.0,0.0,0.0,0.0,0.03,0,0,0,0,0,0,0,0,0,0,0,0,0,0,0,0,0,0,0,0,0
2.928391695022583,0,0.0,0.0,0.0,0.0,0.0,0.0,0.0,0.0,0.03,0,0,0,0,0,0,0,0,0,0,0,0,0,0,0,0,0,0,0,0,0
2.9298698902130127,0,0.0,0.0,0.0,0.0,0.0,0.0,0.0,0.0,0.03,0,0,0,0,0,0,0,0,0,0,0,0,0,0,0,0,0,0,0,0,0
2.931544303894043,0,0.0,0.0,0.0,0.0,0.0,0.0,0.0,0.0,0.03,0,0,0,0,0,0,0,0,0,0,0,0,0,0,0,0,0,0,0,0,0
2.93444561958313,0,0.0,0.0,0.0,0.0,0.0,0.0,0.0,0.0,0.03,0,0,0,0,0,0,0,0,0,0,0,0,0,0,0,0,0,0,0,0,0
2.935642719268799,0,0.0,0.0,0.0,0.0,0.0,0.0,0.0,0.0,0.03,0,0,0,0,0,0,0,0,0,0,0,0,0,0,0,0,0,0,0,0,0
2.936818838119507,0,0.0,0.0,0.0,0.0,0.0,0.0,0.0,0.0,0.03,0,0,0,0,0,0,0,0,0,0,0,0,0,0,0,0,0,0,0,0,0
2.9382872581481934,0,0.0,0.0,0.0,0.0,0.0,0.0,0.0,0.0,0.03,0,0,0,0,0,0,0,0,0,0,0,0,0,0,0,0,0,0,0,0,0
2.940573215484619,0,0.0,0.0,0.0,0.0,0.0,0.0,0.0,0.0,0.03,0,0,0,0,0,0,0,0,0,0,0,0,0,0,0,0,0,0,0,0,0
2.941863536834717,0,0.0,0.0,0.0,0.0,0.0,0.0,0.0,0.0,0.03,0,0,0,0,0,0,0,0,0,0,0,0,0,0,0,0,0,0,0,0,0
2.9439759254455566,0,0.0,0.0,0.0,0.0,0.0,0.0,0.0,0.0,0.03,0,0,0,0,0,0,0,0,0,0,0,0,0,0,0,0,0,0,0,0,0
2.9450695514678955,0,0.0,0.0,0.0,0.0,0.0,0.0,0.0,0.0,0.03,0,0,0,0,0,0,0,0,0,0,0,0,0,0,0,0,0,0,0,0,0
2.9462311267852783,0,0.0,0.0,0.0,0.0,0.0,0.0,0.0,0.0,0.03,0,0,0,0,0,0,0,0,0,0,0,0,0,0,0,0,0,0,0,0,0
2.947326898574829,0,0.0,0.0,0.0,0.0,0.0,0.0,0.0,0.0,0.03,0,0,0,0,0,0,0,0,0,0,0,0,0,0,0,0,0,0,0,0,0
2.9484379291534424,0,0.0,0.0,0.0,0.0,0.0,0.0,0.0,0.0,0.03,0,0,0,0,0,0,0,0,0,0,0,0,0,0,0,0,0,0,0,0,0
2.950134754180908,0,0.0,0.0,0.0,0.0,0.0,0.0,0.0,0.0,0.03,0,0,0,0,0,0,0,0,0,0,0,0,0,0,0,0,0,0,0,0,0
2.9513766765594482,0,0.0,0.0,0.0,0.0,0.0,0.0,0.0,0.0,0.03,0,0,0,0,0,0,0,0,0,0,0,0,0,0,0,0,0,0,0,0,0
2.9531521797180176,0,0.0,0.0,0.0,0.0,0.0,0.0,0.0,0.0,0.03,0,0,0,0,0,0,0,0,0,0,0,0,0,0,0,0,0,0,0,0,0
2.9545061588287354,0,0.0,0.0,0.0,0.0,0.0,0.0,0.0,0.0,0.03,0,0,0,0,0,0,0,0,0,0,0,0,0,0,0,0,0,0,0,0,0
2.955737829208374,0,0.0,0.0,0.0,0.0,0.0,0.0,0.0,0.0,0.03,0,0,0,0,0,0,0,0,0,0,0,0,0,0,0,0,0,0,0,0,0
2.9579885005950928,0,0.0,0.0,0.0,0.0,0.0,0.0,0.0,0.0,0.03,0,0,0,0,0,0,0,0,0,0,0,0,0,0,0,0,0,0,0,0,0
2.9592132568359375,0,0.0,0.0,0.0,0.0,0.0,0.0,0.0,0.0,0.03,0,0,0,0,0,0,0,0,0,0,0,0,0,0,0,0,0,0,0,0,0
2.960381031036377,0,0.0,0.0,0.0,0.0,0.0,0.0,0.0,0.0,0.03,0,0,0,0,0,0,0,0,0,0,0,0,0,0,0,0,0,0,0,0,0
2.962047815322876,0,0.0,0.0,0.0,0.0,0.0,0.0,0.0,0.0,0.03,0,0,0,0,0,0,0,0,0,0,0,0,0,0,0,0,0,0,0,0,0
2.9631476402282715,0,0.0,0.0,0.0,0.0,0.0,0.0,0.0,0.0,0.03,0,0,0,0,0,0,0,0,0,0,0,0,0,0,0,0,0,0,0,0,0
2.964233636856079,0,0.0,0.0,0.0,0.0,0.0,0.0,0.0,0.0,0.03,0,0,0,0,0,0,0,0,0,0,0,0,0,0,0,0,0,0,0,0,0
2.9668540954589844,0,0.0,0.0,0.0,0.0,0.0,0.0,0.0,0.0,0.03,0,0,0,0,0,0,0,0,0,0,0,0,0,0,0,0,0,0,0,0,0
2.9684898853302,0,0.0,0.0,0.0,0.0,0.0,0.0,0.0,0.0,0.03,0,0,0,0,0,0,0,0,0,0,0,0,0,0,0,0,0,0,0,0,0
2.969818115234375,0,0.0,0.0,0.0,0.0,0.0,0.0,0.0,0.0,0.03,0,0,0,0,0,0,0,0,0,0,0,0,0,0,0,0,0,0,0,0,0
2.9711966514587402,0,0.0,0.0,0.0,0.0,0.0,0.0,0.0,0.0,0.03,0,0,0,0,0,0,0,0,0,0,0,0,0,0,0,0,0,0,0,0,0
2.972261667251587,0,0.0,0.0,0.0,0.0,0.0,0.0,0.0,0.0,0.03,0,0,0,0,0,0,0,0,0,0,0,0,0,0,0,0,0,0,0,0,0
2.973515510559082,0,0.0,0.0,0.0,0.0,0.0,0.0,0.0,0.0,0.03,0,0,0,0,0,0,0,0,0,0,0,0,0,0,0,0,0,0,0,0,0
2.9747769832611084,0,0.0,0.0,0.0,0.0,0.0,0.0,0.0,0.0,0.03,0,0,0,0,0,0,0,0,0,0,0,0,0,0,0,0,0,0,0,0,0
2.976206064224243,0,0.0,0.0,0.0,0.0,0.0,0.0,0.0,0.0,0.03,0,0,0,0,0,0,0,0,0,0,0,0,0,0,0,0,0,0,0,0,0
2.9773032665252686,0,0.0,0.0,0.0,0.0,0.0,0.0,0.0,0.0,0.03,0,0,0,0,0,0,0,0,0,0,0,0,0,0,0,0,0,0,0,0,0
2.978739023208618,0,0.0,0.0,0.0,0.0,0.0,0.0,0.0,0.0,0.03,0,0,0,0,0,0,0,0,0,0,0,0,0,0,0,0,0,0,0,0,0
2.9803507328033447,0,0.0,0.0,0.0,0.0,0.0,0.0,0.0,0.0,0.03,0,0,0,0,0,0,0,0,0,0,0,0,0,0,0,0,0,0,0,0,0
2.9814443588256836,0,0.0,0.0,0.0,0.0,0.0,0.0,0.0,0.0,0.03,0,0,0,0,0,0,0,0,0,0,0,0,0,0,0,0,0,0,0,0,0
2.9828622341156006,0,0.0,0.0,0.0,0.0,0.0,0.0,0.0,0.0,0.03,0,0,0,0,0,0,0,0,0,0,0,0,0,0,0,0,0,0,0,0,0
2.9840962886810303,0,0.0,0.0,0.0,0.0,0.0,0.0,0.0,0.0,0.03,0,0,0,0,0,0,0,0,0,0,0,0,0,0,0,0,0,0,0,0,0
2.9853196144104004,0,0.0,0.0,0.0,0.0,0.0,0.0,0.0,0.0,0.03,0,0,0,0,0,0,0,0,0,0,0,0,0,0,0,0,0,0,0,0,0
2.986443519592285,0,0.0,0.0,0.0,0.0,0.0,0.0,0.0,0.0,0.03,0,0,0,0,0,0,0,0,0,0,0,0,0,0,0,0,0,0,0,0,0
2.9875614643096924,0,0.0,0.0,0.0,0.0,0.0,0.0,0.0,0.0,0.03,0,0,0,0,0,0,0,0,0,0,0,0,0,0,0,0,0,0,0,0,0
2.9888434410095215,0,0.0,0.0,0.0,0.0,0.0,0.0,0.0,0.0,0.03,0,0,0,0,0,0,0,0,0,0,0,0,0,0,0,0,0,0,0,0,0
2.9899065494537354,0,0.0,0.0,0.0,0.0,0.0,0.0,0.0,0.0,0.03,0,0,0,0,0,0,0,0,0,0,0,0,0,0,0,0,0,0,0,0,0
2.9910030364990234,0,0.0,0.0,0.0,0.0,0.0,0.0,0.0,0.0,0.03,0,0,0,0,0,0,0,0,0,0,0,0,0,0,0,0,0,0,0,0,0
2.993422269821167,0,0.0,0.0,0.0,0.0,0.0,0.0,0.0,0.0,0.03,0,0,0,0,0,0,0,0,0,0,0,0,0,0,0,0,0,0,0,0,0
2.995312213897705,0,0.0,0.0,0.0,0.0,0.0,0.0,0.0,0.0,0.03,0,0,0,0,0,0,0,0,0,0,0,0,0,0,0,0,0,0,0,0,0
2.9968371391296387,0,0.0,0.0,0.0,0.0,0.0,0.0,0.0,0.0,0.03,0,0,0,0,0,0,0,0,0,0,0,0,0,0,0,0,0,0,0,0,0
2.998101234436035,0,0.0,0.0,0.0,0.0,0.0,0.0,0.0,0.0,0.03,0,0,0,0,0,0,0,0,0,0,0,0,0,0,0,0,0,0,0,0,0
2.9993016719818115,0,0.0,0.0,0.0,0.0,0.0,0.0,0.0,0.0,0.03,0,0,0,0,0,0,0,0,0,0,0,0,0,0,0,0,0,0,0,0,0
3.000993490219116,0,0.0,0.0,0.0,0.0,0.0,0.0,0.0,0.0,0.03,0,0,0,0,0,0,0,0,0,0,0,0,0,0,0,0,0,0,0,0,0
3.002305269241333,0,0.0,0.0,0.0,0.0,0.0,0.0,0.0,0.0,0.03,0,0,0,0,0,0,0,0,0,0,0,0,0,0,0,0,0,0,0,0,0
3.003394365310669,0,0.0,0.0,0.0,0.0,0.0,0.0,0.0,0.0,0.03,0,0,0,0,0,0,0,0,0,0,0,0,0,0,0,0,0,0,0,0,0
3.0046627521514893,0,0.0,0.0,0.0,0.0,0.0,0.0,0.0,0.0,0.03,0,0,0,0,0,0,0,0,0,0,0,0,0,0,0,0,0,0,0,0,0
3.0058343410491943,0,0.0,0.0,0.0,0.0,0.0,0.0,0.0,0.0,0.03,0,0,0,0,0,0,0,0,0,0,0,0,0,0,0,0,0,0,0,0,0
3.007063627243042,0,0.0,0.0,0.0,0.0,0.0,0.0,0.0,0.0,0.03,0,0,0,0,0,0,0,0,0,0,0,0,0,0,0,0,0,0,0,0,0
3.008157968521118,0,0.0,0.0,0.0,0.0,0.0,0.0,0.0,0.0,0.03,0,0,0,0,0,0,0,0,0,0,0,0,0,0,0,0,0,0,0,0,0
3.0092825889587402,0,0.0,0.0,0.0,0.0,0.0,0.0,0.0,0.0,0.03,0,0,0,0,0,0,0,0,0,0,0,0,0,0,0,0,0,0,0,0,0
3.0103700160980225,0,0.0,0.0,0.0,0.0,0.0,0.0,0.0,0.0,0.03,0,0,0,0,0,0,0,0,0,0,0,0,0,0,0,0,0,0,0,0,0
3.011925220489502,0,0.0,0.0,0.0,0.0,0.0,0.0,0.0,0.0,0.03,0,0,0,0,0,0,0,0,0,0,0,0,0,0,0,0,0,0,0,0,0
3.0135738849639893,0,0.0,0.0,0.0,0.0,0.0,0.0,0.0,0.0,0.03,0,0,0,0,0,0,0,0,0,0,0,0,0,0,0,0,0,0,0,0,0
3.015146255493164,0,0.0,0.0,0.0,0.0,0.0,0.0,0.0,0.0,0.03,0,0,0,0,0,0,0,0,0,0,0,0,0,0,0,0,0,0,0,0,0
3.0165114402770996,0,0.0,0.0,0.0,0.0,0.0,0.0,0.0,0.0,0.03,0,0,0,0,0,0,0,0,0,0,0,0,0,0,0,0,0,0,0,0,0
3.0177249908447266,0,0.0,0.0,0.0,0.0,0.0,0.0,0.0,0.0,0.03,0,0,0,0,0,0,0,0,0,0,0,0,0,0,0,0,0,0,0,0,0
3.0190908908843994,0,0.0,0.0,0.0,0.0,0.0,0.0,0.0,0.0,0.03,0,0,0,0,0,0,0,0,0,0,0,0,0,0,0,0,0,0,0,0,0
3.020881175994873,0,0.0,0.0,0.0,0.0,0.0,0.0,0.0,0.0,0.03,0,0,0,0,0,0,0,0,0,0,0,0,0,0,0,0,0,0,0,0,0
3.022003650665283,0,0.0,0.0,0.0,0.0,0.0,0.0,0.0,0.0,0.03,0,0,0,0,0,0,0,0,0,0,0,0,0,0,0,0,0,0,0,0,0
3.0240604877471924,0,0.0,0.0,0.0,0.0,0.0,0.0,0.0,0.0,0.03,0,0,0,0,0,0,0,0,0,0,0,0,0,0,0,0,0,0,0,0,0
3.0252950191497803,0,0.0,0.0,0.0,0.0,0.0,0.0,0.0,0.0,0.03,0,0,0,0,0,0,0,0,0,0,0,0,0,0,0,0,0,0,0,0,0
3.0286448001861572,0,0.0,0.0,0.0,0.0,0.0,0.0,0.0,0.0,0.03,0,0,0,0,0,0,0,0,0,0,0,0,0,0,0,0,0,0,0,0,0
3.030484676361084,0,0.0,0.0,0.0,0.0,0.0,0.0,0.0,0.0,0.03,0,0,0,0,0,0,0,0,0,0,0,0,0,0,0,0,0,0,0,0,0
3.033334493637085,0,0.0,0.0,0.0,0.0,0.0,0.0,0.0,0.0,0.03,0,0,0,0,0,0,0,0,0,0,0,0,0,0,0,0,0,0,0,0,0
3.035876512527466,0,0.0,0.0,0.0,0.0,0.0,0.0,0.0,0.0,0.03,0,0,0,0,0,0,0,0,0,0,0,0,0,0,0,0,0,0,0,0,0
3.037282705307007,0,0.0,0.0,0.0,0.0,0.0,0.0,0.0,0.0,0.03,0,0,0,0,0,0,0,0,0,0,0,0,0,0,0,0,0,0,0,0,0
3.038374423980713,0,0.0,0.0,0.0,0.0,0.0,0.0,0.0,0.0,0.03,0,0,0,0,0,0,0,0,0,0,0,0,0,0,0,0,0,0,0,0,0
3.0410330295562744,0,0.0,0.0,0.0,0.0,0.0,0.0,0.0,0.0,0.03,0,0,0,0,0,0,0,0,0,0,0,0,0,0,0,0,0,0,0,0,0
3.0425028800964355,0,0.0,0.0,0.0,0.0,0.0,0.0,0.0,0.0,0.03,0,0,0,0,0,0,0,0,0,0,0,0,0,0,0,0,0,0,0,0,0
3.0436975955963135,0,0.0,0.0,0.0,0.0,0.0,0.0,0.0,0.0,0.03,0,0,0,0,0,0,0,0,0,0,0,0,0,0,0,0,0,0,0,0,0
3.0457875728607178,0,0.0,0.0,0.0,0.0,0.0,0.0,0.0,0.0,0.03,0,0,0,0,0,0,0,0,0,0,0,0,0,0,0,0,0,0,0,0,0
3.046900987625122,0,0.0,0.0,0.0,0.0,0.0,0.0,0.0,0.0,0.03,0,0,0,0,0,0,0,0,0,0,0,0,0,0,0,0,0,0,0,0,0
3.0480599403381348,0,0.0,0.0,0.0,0.0,0.0,0.0,0.0,0.0,0.03,0,0,0,0,0,0,0,0,0,0,0,0,0,0,0,0,0,0,0,0,0
3.0491437911987305,0,0.0,0.0,0.0,0.0,0.0,0.0,0.0,0.0,0.03,0,0,0,0,0,0,0,0,0,0,0,0,0,0,0,0,0,0,0,0,0
3.0504302978515625,0,0.0,0.0,0.0,0.0,0.0,0.0,0.0,0.0,0.03,0,0,0,0,0,0,0,0,0,0,0,0,0,0,0,0,0,0,0,0,0
3.0516109466552734,0,0.0,0.0,0.0,0.0,0.0,0.0,0.0,0.0,0.03,0,0,0,0,0,0,0,0,0,0,0,0,0,0,0,0,0,0,0,0,0
3.052703857421875,0,0.0,0.0,0.0,0.0,0.0,0.0,0.0,0.0,0.03,0,0,0,0,0,0,0,0,0,0,0,0,0,0,0,0,0,0,0,0,0
3.054325819015503,0,0.0,0.0,0.0,0.0,0.0,0.0,0.0,0.0,0.03,0,0,0,0,0,0,0,0,0,0,0,0,0,0,0,0,0,0,0,0,0
3.0554697513580322,0,0.0,0.0,0.0,0.0,0.0,0.0,0.0,0.0,0.03,0,0,0,0,0,0,0,0,0,0,0,0,0,0,0,0,0,0,0,0,0
3.056821823120117,0,0.0,0.0,0.0,0.0,0.0,0.0,0.0,0.0,0.03,0,0,0,0,0,0,0,0,0,0,0,0,0,0,0,0,0,0,0,0,0
3.0585215091705322,0,0.0,0.0,0.0,0.0,0.0,0.0,0.0,0.0,0.03,0,0,0,0,0,0,0,0,0,0,0,0,0,0,0,0,0,0,0,0,0
3.059819221496582,0,0.0,0.0,0.0,0.0,0.0,0.0,0.0,0.0,0.03,0,0,0,0,0,0,0,0,0,0,0,0,0,0,0,0,0,0,0,0,0
3.06111216545105,0,0.0,0.0,0.0,0.0,0.0,0.0,0.0,0.0,0.03,0,0,0,0,0,0,0,0,0,0,0,0,0,0,0,0,0,0,0,0,0
3.0622401237487793,0,0.0,0.0,0.0,0.0,0.0,0.0,0.0,0.0,0.03,0,0,0,0,0,0,0,0,0,0,0,0,0,0,0,0,0,0,0,0,0
3.0642359256744385,0,0.0,0.0,0.0,0.0,0.0,0.0,0.0,0.0,0.03,0,0,0,0,0,0,0,0,0,0,0,0,0,0,0,0,0,0,0,0,0
3.0653419494628906,0,0.0,0.0,0.0,0.0,0.0,0.0,0.0,0.0,0.03,0,0,0,0,0,0,0,0,0,0,0,0,0,0,0,0,0,0,0,0,0
3.0666158199310303,0,0.0,0.0,0.0,0.0,0.0,0.0,0.0,0.0,0.03,0,0,0,0,0,0,0,0,0,0,0,0,0,0,0,0,0,0,0,0,0
3.068211317062378,0,0.0,0.0,0.0,0.0,0.0,0.0,0.0,0.0,0.03,0,0,0,0,0,0,0,0,0,0,0,0,0,0,0,0,0,0,0,0,0
3.0693130493164062,0,0.0,0.0,0.0,0.0,0.0,0.0,0.0,0.0,0.03,0,0,0,0,0,0,0,0,0,0,0,0,0,0,0,0,0,0,0,0,0
3.070437431335449,0,0.0,0.0,0.0,0.0,0.0,0.0,0.0,0.0,0.03,0,0,0,0,0,0,0,0,0,0,0,0,0,0,0,0,0,0,0,0,0
3.071732997894287,0,0.0,0.0,0.0,0.0,0.0,0.0,0.0,0.0,0.03,0,0,0,0,0,0,0,0,0,0,0,0,0,0,0,0,0,0,0,0,0
3.07293438911438,0,0.0,0.0,0.0,0.0,0.0,0.0,0.0,0.0,0.03,0,0,0,0,0,0,0,0,0,0,0,0,0,0,0,0,0,0,0,0,0
3.0755786895751953,0,0.0,0.0,0.0,0.0,0.0,0.0,0.0,0.0,0.03,0,0,0,0,0,0,0,0,0,0,0,0,0,0,0,0,0,0,0,0,0
3.0773892402648926,0,0.0,0.0,0.0,0.0,0.0,0.0,0.0,0.0,0.03,0,0,0,0,0,0,0,0,0,0,0,0,0,0,0,0,0,0,0,0,0
3.0792672634124756,0,0.0,0.0,0.0,0.0,0.0,0.0,0.0,0.0,0.03,0,0,0,0,0,0,0,0,0,0,0,0,0,0,0,0,0,0,0,0,0
3.080360174179077,0,0.0,0.0,0.0,0.0,0.0,0.0,0.0,0.0,0.03,0,0,0,0,0,0,0,0,0,0,0,0,0,0,0,0,0,0,0,0,0
3.0829803943634033,0,0.0,0.0,0.0,0.0,0.0,0.0,0.0,0.0,0.03,0,0,0,0,0,0,0,0,0,0,0,0,0,0,0,0,0,0,0,0,0
3.084197998046875,0,0.0,0.0,0.0,0.0,0.0,0.0,0.0,0.0,0.03,0,0,0,0,0,0,0,0,0,0,0,0,0,0,0,0,0,0,0,0,0
3.0852935314178467,0,0.0,0.0,0.0,0.0,0.0,0.0,0.0,0.0,0.03,0,0,0,0,0,0,0,0,0,0,0,0,0,0,0,0,0,0,0,0,0
3.0865745544433594,0,0.0,0.0,0.0,0.0,0.0,0.0,0.0,0.0,0.03,0,0,0,0,0,0,0,0,0,0,0,0,0,0,0,0,0,0,0,0,0
3.087986469268799,0,0.0,0.0,0.0,0.0,0.0,0.0,0.0,0.0,0.03,0,0,0,0,0,0,0,0,0,0,0,0,0,0,0,0,0,0,0,0,0
3.0890514850616455,0,0.0,0.0,0.0,0.0,0.0,0.0,0.0,0.0,0.03,0,0,0,0,0,0,0,0,0,0,0,0,0,0,0,0,0,0,0,0,0
3.092055082321167,0,0.0,0.0,0.0,0.0,0.0,0.0,0.0,0.0,0.03,0,0,0,0,0,0,0,0,0,0,0,0,0,0,0,0,0,0,0,0,0
3.0938637256622314,0,0.0,0.0,0.0,0.0,0.0,0.0,0.0,0.0,0.03,0,0,0,0,0,0,0,0,0,0,0,0,0,0,0,0,0,0,0,0,0
3.095435380935669,0,0.0,0.0,0.0,0.0,0.0,0.0,0.0,0.0,0.03,0,0,0,0,0,0,0,0,0,0,0,0,0,0,0,0,0,0,0,0,0
3.0965735912323,0,0.0,0.0,0.0,0.0,0.0,0.0,0.0,0.0,0.03,0,0,0,0,0,0,0,0,0,0,0,0,0,0,0,0,0,0,0,0,0
3.097860097885132,0,0.0,0.0,0.0,0.0,0.0,0.0,0.0,0.0,0.03,0,0,0,0,0,0,0,0,0,0,0,0,0,0,0,0,0,0,0,0,0
3.099303722381592,0,0.0,0.0,0.0,0.0,0.0,0.0,0.0,0.0,0.03,0,0,0,0,0,0,0,0,0,0,0,0,0,0,0,0,0,0,0,0,0
3.10040283203125,0,0.0,0.0,0.0,0.0,0.0,0.0,0.0,0.0,0.03,0,0,0,0,0,0,0,0,0,0,0,0,0,0,0,0,0,0,0,0,0
3.101752996444702,0,0.0,0.0,0.0,0.0,0.0,0.0,0.0,0.0,0.03,0,0,0,0,0,0,0,0,0,0,0,0,0,0,0,0,0,0,0,0,0
3.1034727096557617,0,0.0,0.0,0.0,0.0,0.0,0.0,0.0,0.0,0.03,0,0,0,0,0,0,0,0,0,0,0,0,0,0,0,0,0,0,0,0,0
3.105276107788086,0,0.0,0.0,0.0,0.0,0.0,0.0,0.0,0.0,0.03,0,0,0,0,0,0,0,0,0,0,0,0,0,0,0,0,0,0,0,0,0
3.1064748764038086,0,0.0,0.0,0.0,0.0,0.0,0.0,0.0,0.0,0.03,0,0,0,0,0,0,0,0,0,0,0,0,0,0,0,0,0,0,0,0,0
3.107593059539795,0,0.0,0.0,0.0,0.0,0.0,0.0,0.0,0.0,0.03,0,0,0,0,0,0,0,0,0,0,0,0,0,0,0,0,0,0,0,0,0
3.1087591648101807,0,0.0,0.0,0.0,0.0,0.0,0.0,0.0,0.0,0.03,0,0,0,0,0,0,0,0,0,0,0,0,0,0,0,0,0,0,0,0,0
3.109889268875122,0,0.0,0.0,0.0,0.0,0.0,0.0,0.0,0.0,0.03,0,0,0,0,0,0,0,0,0,0,0,0,0,0,0,0,0,0,0,0,0
3.110985279083252,0,0.0,0.0,0.0,0.0,0.0,0.0,0.0,0.0,0.03,0,0,0,0,0,0,0,0,0,0,0,0,0,0,0,0,0,0,0,0,0
3.1120898723602295,0,0.0,0.0,0.0,0.0,0.0,0.0,0.0,0.0,0.03,0,0,0,0,0,0,0,0,0,0,0,0,0,0,0,0,0,0,0,0,0
3.11317777633667,0,0.0,0.0,0.0,0.0,0.0,0.0,0.0,0.0,0.03,0,0,0,0,0,0,0,0,0,0,0,0,0,0,0,0,0,0,0,0,0
3.114428758621216,0,0.0,0.0,0.0,0.0,0.0,0.0,0.0,0.0,0.03,0,0,0,0,0,0,0,0,0,0,0,0,0,0,0,0,0,0,0,0,0
3.1158859729766846,0,0.0,0.0,0.0,0.0,0.0,0.0,0.0,0.0,0.03,0,0,0,0,0,0,0,0,0,0,0,0,0,0,0,0,0,0,0,0,0
3.117135763168335,0,0.0,0.0,0.0,0.0,0.0,0.0,0.0,0.0,0.03,0,0,0,0,0,0,0,0,0,0,0,0,0,0,0,0,0,0,0,0,0
3.1184346675872803,0,0.0,0.0,0.0,0.0,0.0,0.0,0.0,0.0,0.03,0,0,0,0,0,0,0,0,0,0,0,0,0,0,0,0,0,0,0,0,0
3.1198225021362305,0,0.0,0.0,0.0,0.0,0.0,0.0,0.0,0.0,0.03,0,0,0,0,0,0,0,0,0,0,0,0,0,0,0,0,0,0,0,0,0
3.121462345123291,0,0.0,0.0,0.0,0.0,0.0,0.0,0.0,0.0,0.03,0,0,0,0,0,0,0,0,0,0,0,0,0,0,0,0,0,0,0,0,0
3.122694253921509,0,0.0,0.0,0.0,0.0,0.0,0.0,0.0,0.0,0.03,0,0,0,0,0,0,0,0,0,0,0,0,0,0,0,0,0,0,0,0,0
3.1239287853240967,0,0.0,0.0,0.0,0.0,0.0,0.0,0.0,0.0,0.03,0,0,0,0,0,0,0,0,0,0,0,0,0,0,0,0,0,0,0,0,0
3.1251611709594727,0,0.0,0.0,0.0,0.0,0.0,0.0,0.0,0.0,0.03,0,0,0,0,0,0,0,0,0,0,0,0,0,0,0,0,0,0,0,0,0
3.1262598037719727,0,0.0,0.0,0.0,0.0,0.0,0.0,0.0,0.0,0.03,0,0,0,0,0,0,0,0,0,0,0,0,0,0,0,0,0,0,0,0,0
3.127396583557129,0,0.0,0.0,0.0,0.0,0.0,0.0,0.0,0.0,0.03,0,0,0,0,0,0,0,0,0,0,0,0,0,0,0,0,0,0,0,0,0
3.128566265106201,0,0.0,0.0,0.0,0.0,0.0,0.0,0.0,0.0,0.03,0,0,0,0,0,0,0,0,0,0,0,0,0,0,0,0,0,0,0,0,0
3.1297104358673096,0,0.0,0.0,0.0,0.0,0.0,0.0,0.0,0.0,0.03,0,0,0,0,0,0,0,0,0,0,0,0,0,0,0,0,0,0,0,0,0
3.1308987140655518,0,0.0,0.0,0.0,0.0,0.0,0.0,0.0,0.0,0.03,0,0,0,0,0,0,0,0,0,0,0,0,0,0,0,0,0,0,0,0,0
3.1320860385894775,0,0.0,0.0,0.0,0.0,0.0,0.0,0.0,0.0,0.03,0,0,0,0,0,0,0,0,0,0,0,0,0,0,0,0,0,0,0,0,0
3.133270263671875,0,0.0,0.0,0.0,0.0,0.0,0.0,0.0,0.0,0.03,0,0,0,0,0,0,0,0,0,0,0,0,0,0,0,0,0,0,0,0,0
3.1344377994537354,0,0.0,0.0,0.0,0.0,0.0,0.0,0.0,0.0,0.03,0,0,0,0,0,0,0,0,0,0,0,0,0,0,0,0,0,0,0,0,0
3.1355724334716797,0,0.0,0.0,0.0,0.0,0.0,0.0,0.0,0.0,0.03,0,0,0,0,0,0,0,0,0,0,0,0,0,0,0,0,0,0,0,0,0
3.136890172958374,0,0.0,0.0,0.0,0.0,0.0,0.0,0.0,0.0,0.03,0,0,0,0,0,0,0,0,0,0,0,0,0,0,0,0,0,0,0,0,0
3.137964963912964,0,0.0,0.0,0.0,0.0,0.0,0.0,0.0,0.0,0.03,0,0,0,0,0,0,0,0,0,0,0,0,0,0,0,0,0,0,0,0,0
3.1396231651306152,0,0.0,0.0,0.0,0.0,0.0,0.0,0.0,0.0,0.03,0,0,0,0,0,0,0,0,0,0,0,0,0,0,0,0,0,0,0,0,0
3.141402006149292,0,0.0,0.0,0.0,0.0,0.0,0.0,0.0,0.0,0.03,0,0,0,0,0,0,0,0,0,0,0,0,0,0,0,0,0,0,0,0,0
3.1438236236572266,0,0.0,0.0,0.0,0.0,0.0,0.0,0.0,0.0,0.03,0,0,0,0,0,0,0,0,0,0,0,0,0,0,0,0,0,0,0,0,0
3.14497971534729,0,0.0,0.0,0.0,0.0,0.0,0.0,0.0,0.0,0.03,0,0,0,0,0,0,0,0,0,0,0,0,0,0,0,0,0,0,0,0,0
3.146259307861328,0,0.0,0.0,0.0,0.0,0.0,0.0,0.0,0.0,0.03,0,0,0,0,0,0,0,0,0,0,0,0,0,0,0,0,0,0,0,0,0
3.147728681564331,0,0.0,0.0,0.0,0.0,0.0,0.0,0.0,0.0,0.03,0,0,0,0,0,0,0,0,0,0,0,0,0,0,0,0,0,0,0,0,0
3.149716377258301,0,0.0,0.0,0.0,0.0,0.0,0.0,0.0,0.0,0.03,0,0,0,0,0,0,0,0,0,0,0,0,0,0,0,0,0,0,0,0,0
3.1508290767669678,0,0.0,0.0,0.0,0.0,0.0,0.0,0.0,0.0,0.03,0,0,0,0,0,0,0,0,0,0,0,0,0,0,0,0,0,0,0,0,0
3.1520819664001465,0,0.0,0.0,0.0,0.0,0.0,0.0,0.0,0.0,0.03,0,0,0,0,0,0,0,0,0,0,0,0,0,0,0,0,0,0,0,0,0
3.153374433517456,0,0.0,0.0,0.0,0.0,0.0,0.0,0.0,0.0,0.03,0,0,0,0,0,0,0,0,0,0,0,0,0,0,0,0,0,0,0,0,0
3.154460906982422,0,0.0,0.0,0.0,0.0,0.0,0.0,0.0,0.0,0.03,0,0,0,0,0,0,0,0,0,0,0,0,0,0,0,0,0,0,0,0,0
3.157503604888916,0,0.0,0.0,0.0,0.0,0.0,0.0,0.0,0.0,0.03,0,0,0,0,0,0,0,0,0,0,0,0,0,0,0,0,0,0,0,0,0
3.1587328910827637,0,0.0,0.0,0.0,0.0,0.0,0.0,0.0,0.0,0.03,0,0,0,0,0,0,0,0,0,0,0,0,0,0,0,0,0,0,0,0,0
3.1610615253448486,0,0.0,0.0,0.0,0.0,0.0,0.0,0.0,0.0,0.03,0,0,0,0,0,0,0,0,0,0,0,0,0,0,0,0,0,0,0,0,0
3.1623849868774414,0,0.0,0.0,0.0,0.0,0.0,0.0,0.0,0.0,0.03,0,0,0,0,0,0,0,0,0,0,0,0,0,0,0,0,0,0,0,0,0
3.1638128757476807,0,0.0,0.0,0.0,0.0,0.0,0.0,0.0,0.0,0.03,0,0,0,0,0,0,0,0,0,0,0,0,0,0,0,0,0,0,0,0,0
3.1653428077697754,0,0.0,0.0,0.0,0.0,0.0,0.0,0.0,0.0,0.03,0,0,0,0,0,0,0,0,0,0,0,0,0,0,0,0,0,0,0,0,0
3.1664376258850098,0,0.0,0.0,0.0,0.0,0.0,0.0,0.0,0.0,0.03,0,0,0,0,0,0,0,0,0,0,0,0,0,0,0,0,0,0,0,0,0
3.167581796646118,0,0.0,0.0,0.0,0.0,0.0,0.0,0.0,0.0,0.03,0,0,0,0,0,0,0,0,0,0,0,0,0,0,0,0,0,0,0,0,0
3.170144557952881,0,0.0,0.0,0.0,0.0,0.0,0.0,0.0,0.0,0.03,0,0,0,0,0,0,0,0,0,0,0,0,0,0,0,0,0,0,0,0,0
3.1716928482055664,0,0.0,0.0,0.0,0.0,0.0,0.0,0.0,0.0,0.03,0,0,0,0,0,0,0,0,0,0,0,0,0,0,0,0,0,0,0,0,0
3.1729094982147217,0,0.0,0.0,0.0,0.0,0.0,0.0,0.0,0.0,0.03,0,0,0,0,0,0,0,0,0,0,0,0,0,0,0,0,0,0,0,0,0
3.174158811569214,0,0.0,0.0,0.0,0.0,0.0,0.0,0.0,0.0,0.03,0,0,0,0,0,0,0,0,0,0,0,0,0,0,0,0,0,0,0,0,0
3.1754472255706787,0,0.0,0.0,0.0,0.0,0.0,0.0,0.0,0.0,0.03,0,0,0,0,0,0,0,0,0,0,0,0,0,0,0,0,0,0,0,0,0
3.1766538619995117,0,0.0,0.0,0.0,0.0,0.0,0.0,0.0,0.0,0.03,0,0,0,0,0,0,0,0,0,0,0,0,0,0,0,0,0,0,0,0,0
3.17771053314209,0,0.0,0.0,0.0,0.0,0.0,0.0,0.0,0.0,0.03,0,0,0,0,0,0,0,0,0,0,0,0,0,0,0,0,0,0,0,0,0
3.1788628101348877,0,0.0,0.0,0.0,0.0,0.0,0.0,0.0,0.0,0.03,0,0,0,0,0,0,0,0,0,0,0,0,0,0,0,0,0,0,0,0,0
3.1800103187561035,0,0.0,0.0,0.0,0.0,0.0,0.0,0.0,0.0,0.03,0,0,0,0,0,0,0,0,0,0,0,0,0,0,0,0,0,0,0,0,0
3.1812005043029785,0,0.0,0.0,0.0,0.0,0.0,0.0,0.0,0.0,0.03,0,0,0,0,0,0,0,0,0,0,0,0,0,0,0,0,0,0,0,0,0
3.1822755336761475,0,0.0,0.0,0.0,0.0,0.0,0.0,0.0,0.0,0.03,0,0,0,0,0,0,0,0,0,0,0,0,0,0,0,0,0,0,0,0,0
3.1837284564971924,0,0.0,0.0,0.0,0.0,0.0,0.0,0.0,0.0,0.03,0,0,0,0,0,0,0,0,0,0,0,0,0,0,0,0,0,0,0,0,0
3.1853654384613037,0,0.0,0.0,0.0,0.0,0.0,0.0,0.0,0.0,0.03,0,0,0,0,0,0,0,0,0,0,0,0,0,0,0,0,0,0,0,0,0
3.186546802520752,0,0.0,0.0,0.0,0.0,0.0,0.0,0.0,0.0,0.03,0,0,0,0,0,0,0,0,0,0,0,0,0,0,0,0,0,0,0,0,0
3.187788963317871,0,0.0,0.0,0.0,0.0,0.0,0.0,0.0,0.0,0.03,0,0,0,0,0,0,0,0,0,0,0,0,0,0,0,0,0,0,0,0,0
3.1890597343444824,0,0.0,0.0,0.0,0.0,0.0,0.0,0.0,0.0,0.03,0,0,0,0,0,0,0,0,0,0,0,0,0,0,0,0,0,0,0,0,0
3.1903011798858643,0,0.0,0.0,0.0,0.0,0.0,0.0,0.0,0.0,0.03,0,0,0,0,0,0,0,0,0,0,0,0,0,0,0,0,0,0,0,0,0
3.192760944366455,0,0.0,0.0,0.0,0.0,0.0,0.0,0.0,0.0,0.03,0,0,0,0,0,0,0,0,0,0,0,0,0,0,0,0,0,0,0,0,0
3.194216728210449,0,0.0,0.0,0.0,0.0,0.0,0.0,0.0,0.0,0.03,0,0,0,0,0,0,0,0,0,0,0,0,0,0,0,0,0,0,0,0,0
3.1953601837158203,0,0.0,0.0,0.0,0.0,0.0,0.0,0.0,0.0,0.03,0,0,0,0,0,0,0,0,0,0,0,0,0,0,0,0,0,0,0,0,0
3.197256088256836,0,0.0,0.0,0.0,0.0,0.0,0.0,0.0,0.0,0.03,0,0,0,0,0,0,0,0,0,0,0,0,0,0,0,0,0,0,0,0,0
3.198411703109741,0,0.0,0.0,0.0,0.0,0.0,0.0,0.0,0.0,0.03,0,0,0,0,0,0,0,0,0,0,0,0,0,0,0,0,0,0,0,0,0
3.1996665000915527,0,0.0,0.0,0.0,0.0,0.0,0.0,0.0,0.0,0.03,0,0,0,0,0,0,0,0,0,0,0,0,0,0,0,0,0,0,0,0,0
3.200777769088745,0,0.0,0.0,0.0,0.0,0.0,0.0,0.0,0.0,0.03,0,0,0,0,0,0,0,0,0,0,0,0,0,0,0,0,0,0,0,0,0
3.201942205429077,0,0.0,0.0,0.0,0.0,0.0,0.0,0.0,0.0,0.03,0,0,0,0,0,0,0,0,0,0,0,0,0,0,0,0,0,0,0,0,0
3.2030162811279297,0,0.0,0.0,0.0,0.0,0.0,0.0,0.0,0.0,0.03,0,0,0,0,0,0,0,0,0,0,0,0,0,0,0,0,0,0,0,0,0
3.2045035362243652,0,0.0,0.0,0.0,0.0,0.0,0.0,0.0,0.0,0.03,0,0,0,0,0,0,0,0,0,0,0,0,0,0,0,0,0,0,0,0,0
3.2056288719177246,0,0.0,0.0,0.0,0.0,0.0,0.0,0.0,0.0,0.03,0,0,0,0,0,0,0,0,0,0,0,0,0,0,0,0,0,0,0,0,0
3.2068328857421875,0,0.0,0.0,0.0,0.0,0.0,0.0,0.0,0.0,0.03,0,0,0,0,0,0,0,0,0,0,0,0,0,0,0,0,0,0,0,0,0
3.2081780433654785,0,0.0,0.0,0.0,0.0,0.0,0.0,0.0,0.0,0.03,0,0,0,0,0,0,0,0,0,0,0,0,0,0,0,0,0,0,0,0,0
3.2094931602478027,0,0.0,0.0,0.0,0.0,0.0,0.0,0.0,0.0,0.03,0,0,0,0,0,0,0,0,0,0,0,0,0,0,0,0,0,0,0,0,0
3.210980176925659,0,0.0,0.0,0.0,0.0,0.0,0.0,0.0,0.0,0.03,0,0,0,0,0,0,0,0,0,0,0,0,0,0,0,0,0,0,0,0,0
3.2132070064544678,0,0.0,0.0,0.0,0.0,0.0,0.0,0.0,0.0,0.03,0,0,0,0,0,0,0,0,0,0,0,0,0,0,0,0,0,0,0,0,0
3.214339017868042,0,0.0,0.0,0.0,0.0,0.0,0.0,0.0,0.0,0.03,0,0,0,0,0,0,0,0,0,0,0,0,0,0,0,0,0,0,0,0,0
3.2155282497406006,0,0.0,0.0,0.0,0.0,0.0,0.0,0.0,0.0,0.03,0,0,0,0,0,0,0,0,0,0,0,0,0,0,0,0,0,0,0,0,0
3.2168264389038086,0,0.0,0.0,0.0,0.0,0.0,0.0,0.0,0.0,0.03,0,0,0,0,0,0,0,0,0,0,0,0,0,0,0,0,0,0,0,0,0
3.218414068222046,0,0.0,0.0,0.0,0.0,0.0,0.0,0.0,0.0,0.03,0,0,0,0,0,0,0,0,0,0,0,0,0,0,0,0,0,0,0,0,0
3.219493865966797,0,0.0,0.0,0.0,0.0,0.0,0.0,0.0,0.0,0.03,0,0,0,0,0,0,0,0,0,0,0,0,0,0,0,0,0,0,0,0,0
3.220600128173828,0,0.0,0.0,0.0,0.0,0.0,0.0,0.0,0.0,0.03,0,0,0,0,0,0,0,0,0,0,0,0,0,0,0,0,0,0,0,0,0
3.222160577774048,0,0.0,0.0,0.0,0.0,0.0,0.0,0.0,0.0,0.03,0,0,0,0,0,0,0,0,0,0,0,0,0,0,0,0,0,0,0,0,0
3.2239882946014404,0,0.0,0.0,0.0,0.0,0.0,0.0,0.0,0.0,0.03,0,0,0,0,0,0,0,0,0,0,0,0,0,0,0,0,0,0,0,0,0
3.2252931594848633,0,0.0,0.0,0.0,0.0,0.0,0.0,0.0,0.0,0.03,0,0,0,0,0,0,0,0,0,0,0,0,0,0,0,0,0,0,0,0,0
3.2271623611450195,0,0.0,0.0,0.0,0.0,0.0,0.0,0.0,0.0,0.03,0,0,0,0,0,0,0,0,0,0,0,0,0,0,0,0,0,0,0,0,0
3.228400707244873,0,0.0,0.0,0.0,0.0,0.0,0.0,0.0,0.0,0.03,0,0,0,0,0,0,0,0,0,0,0,0,0,0,0,0,0,0,0,0,0
3.2295570373535156,0,0.0,0.0,0.0,0.0,0.0,0.0,0.0,0.0,0.03,0,0,0,0,0,0,0,0,0,0,0,0,0,0,0,0,0,0,0,0,0
3.2306525707244873,0,0.0,0.0,0.0,0.0,0.0,0.0,0.0,0.0,0.03,0,0,0,0,0,0,0,0,0,0,0,0,0,0,0,0,0,0,0,0,0
3.2317328453063965,0,0.0,0.0,0.0,0.0,0.0,0.0,0.0,0.0,0.03,0,0,0,0,0,0,0,0,0,0,0,0,0,0,0,0,0,0,0,0,0
3.2339839935302734,0,0.0,0.0,0.0,0.0,0.0,0.0,0.0,0.0,0.03,0,0,0,0,0,0,0,0,0,0,0,0,0,0,0,0,0,0,0,0,0
3.235222101211548,0,0.0,0.0,0.0,0.0,0.0,0.0,0.0,0.0,0.03,0,0,0,0,0,0,0,0,0,0,0,0,0,0,0,0,0,0,0,0,0
3.236400604248047,0,0.0,0.0,0.0,0.0,0.0,0.0,0.0,0.0,0.03,0,0,0,0,0,0,0,0,0,0,0,0,0,0,0,0,0,0,0,0,0
3.237691879272461,0,0.0,0.0,0.0,0.0,0.0,0.0,0.0,0.0,0.03,0,0,0,0,0,0,0,0,0,0,0,0,0,0,0,0,0,0,0,0,0
3.2389378547668457,0,0.0,0.0,0.0,0.0,0.0,0.0,0.0,0.0,0.03,0,0,0,0,0,0,0,0,0,0,0,0,0,0,0,0,0,0,0,0,0
3.240017890930176,0,0.0,0.0,0.0,0.0,0.0,0.0,0.0,0.0,0.03,0,0,0,0,0,0,0,0,0,0,0,0,0,0,0,0,0,0,0,0,0
3.241305112838745,0,0.0,0.0,0.0,0.0,0.0,0.0,0.0,0.0,0.03,0,0,0,0,0,0,0,0,0,0,0,0,0,0,0,0,0,0,0,0,0
3.2423999309539795,0,0.0,0.0,0.0,0.0,0.0,0.0,0.0,0.0,0.03,0,0,0,0,0,0,0,0,0,0,0,0,0,0,0,0,0,0,0,0,0
3.2435102462768555,0,0.0,0.0,0.0,0.0,0.0,0.0,0.0,0.0,0.03,0,0,0,0,0,0,0,0,0,0,0,0,0,0,0,0,0,0,0,0,0
3.2446796894073486,0,0.0,0.0,0.0,0.0,0.0,0.0,0.0,0.0,0.03,0,0,0,0,0,0,0,0,0,0,0,0,0,0,0,0,0,0,0,0,0
3.246033191680908,0,0.0,0.0,0.0,0.0,0.0,0.0,0.0,0.0,0.03,0,0,0,0,0,0,0,0,0,0,0,0,0,0,0,0,0,0,0,0,0
3.2471110820770264,0,0.0,0.0,0.0,0.0,0.0,0.0,0.0,0.0,0.03,0,0,0,0,0,0,0,0,0,0,0,0,0,0,0,0,0,0,0,0,0
3.24853253364563,0,0.0,0.0,0.0,0.0,0.0,0.0,0.0,0.0,0.03,0,0,0,0,0,0,0,0,0,0,0,0,0,0,0,0,0,0,0,0,0
3.2496981620788574,0,0.0,0.0,0.0,0.0,0.0,0.0,0.0,0.0,0.03,0,0,0,0,0,0,0,0,0,0,0,0,0,0,0,0,0,0,0,0,0
3.2509357929229736,0,0.0,0.0,0.0,0.0,0.0,0.0,0.0,0.0,0.03,0,0,0,0,0,0,0,0,0,0,0,0,0,0,0,0,0,0,0,0,0
3.252156972885132,0,0.0,0.0,0.0,0.0,0.0,0.0,0.0,0.0,0.03,0,0,0,0,0,0,0,0,0,0,0,0,0,0,0,0,0,0,0,0,0
3.2535207271575928,0,0.0,0.0,0.0,0.0,0.0,0.0,0.0,0.0,0.03,0,0,0,0,0,0,0,0,0,0,0,0,0,0,0,0,0,0,0,0,0
3.2548279762268066,0,0.0,0.0,0.0,0.0,0.0,0.0,0.0,0.0,0.03,0,0,0,0,0,0,0,0,0,0,0,0,0,0,0,0,0,0,0,0,0
3.2560384273529053,0,0.0,0.0,0.0,0.0,0.0,0.0,0.0,0.0,0.03,0,0,0,0,0,0,0,0,0,0,0,0,0,0,0,0,0,0,0,0,0
3.257730007171631,0,0.0,0.0,0.0,0.0,0.0,0.0,0.0,0.0,0.03,0,0,0,0,0,0,0,0,0,0,0,0,0,0,0,0,0,0,0,0,0
3.2590322494506836,0,0.0,0.0,0.0,0.0,0.0,0.0,0.0,0.0,0.03,0,0,0,0,0,0,0,0,0,0,0,0,0,0,0,0,0,0,0,0,0
3.2601170539855957,0,0.0,0.0,0.0,0.0,0.0,0.0,0.0,0.0,0.03,0,0,0,0,0,0,0,0,0,0,0,0,0,0,0,0,0,0,0,0,0
3.261302947998047,0,0.0,0.0,0.0,0.0,0.0,0.0,0.0,0.0,0.03,0,0,0,0,0,0,0,0,0,0,0,0,0,0,0,0,0,0,0,0,0
3.262456178665161,0,0.0,0.0,0.0,0.0,0.0,0.0,0.0,0.0,0.03,0,0,0,0,0,0,0,0,0,0,0,0,0,0,0,0,0,0,0,0,0
3.2635915279388428,0,0.0,0.0,0.0,0.0,0.0,0.0,0.0,0.0,0.03,0,0,0,0,0,0,0,0,0,0,0,0,0,0,0,0,0,0,0,0,0
3.264873504638672,0,0.0,0.0,0.0,0.0,0.0,0.0,0.0,0.0,0.03,0,0,0,0,0,0,0,0,0,0,0,0,0,0,0,0,0,0,0,0,0
3.2659664154052734,0,0.0,0.0,0.0,0.0,0.0,0.0,0.0,0.0,0.03,0,0,0,0,0,0,0,0,0,0,0,0,0,0,0,0,0,0,0,0,0
3.267141342163086,0,0.0,0.0,0.0,0.0,0.0,0.0,0.0,0.0,0.03,0,0,0,0,0,0,0,0,0,0,0,0,0,0,0,0,0,0,0,0,0
3.268216848373413,0,0.0,0.0,0.0,0.0,0.0,0.0,0.0,0.0,0.03,0,0,0,0,0,0,0,0,0,0,0,0,0,0,0,0,0,0,0,0,0
3.2697513103485107,0,0.0,0.0,0.0,0.0,0.0,0.0,0.0,0.0,0.03,0,0,0,0,0,0,0,0,0,0,0,0,0,0,0,0,0,0,0,0,0
3.271320104598999,0,0.0,0.0,0.0,0.0,0.0,0.0,0.0,0.0,0.03,0,0,0,0,0,0,0,0,0,0,0,0,0,0,0,0,0,0,0,0,0
3.272376298904419,0,0.0,0.0,0.0,0.0,0.0,0.0,0.0,0.0,0.03,0,0,0,0,0,0,0,0,0,0,0,0,0,0,0,0,0,0,0,0,0
3.273574113845825,0,0.0,0.0,0.0,0.0,0.0,0.0,0.0,0.0,0.03,0,0,0,0,0,0,0,0,0,0,0,0,0,0,0,0,0,0,0,0,0
3.2747602462768555,0,0.0,0.0,0.0,0.0,0.0,0.0,0.0,0.0,0.03,0,0,0,0,0,0,0,0,0,0,0,0,0,0,0,0,0,0,0,0,0
3.2760114669799805,0,0.0,0.0,0.0,0.0,0.0,0.0,0.0,0.0,0.03,0,0,0,0,0,0,0,0,0,0,0,0,0,0,0,0,0,0,0,0,0
3.2774062156677246,0,0.0,0.0,0.0,0.0,0.0,0.0,0.0,0.0,0.03,0,0,0,0,0,0,0,0,0,0,0,0,0,0,0,0,0,0,0,0,0
3.2785000801086426,0,0.0,0.0,0.0,0.0,0.0,0.0,0.0,0.0,0.03,0,0,0,0,0,0,0,0,0,0,0,0,0,0,0,0,0,0,0,0,0
3.2798850536346436,0,0.0,0.0,0.0,0.0,0.0,0.0,0.0,0.0,0.03,0,0,0,0,0,0,0,0,0,0,0,0,0,0,0,0,0,0,0,0,0
3.281073808670044,0,0.0,0.0,0.0,0.0,0.0,0.0,0.0,0.0,0.03,0,0,0,0,0,0,0,0,0,0,0,0,0,0,0,0,0,0,0,0,0
3.2825002670288086,0,0.0,0.0,0.0,0.0,0.0,0.0,0.0,0.0,0.03,0,0,0,0,0,0,0,0,0,0,0,0,0,0,0,0,0,0,0,0,0
3.2840592861175537,0,0.0,0.0,0.0,0.0,0.0,0.0,0.0,0.0,0.03,0,0,0,0,0,0,0,0,0,0,0,0,0,0,0,0,0,0,0,0,0
3.2851359844207764,0,0.0,0.0,0.0,0.0,0.0,0.0,0.0,0.0,0.03,0,0,0,0,0,0,0,0,0,0,0,0,0,0,0,0,0,0,0,0,0
3.2862467765808105,0,0.0,0.0,0.0,0.0,0.0,0.0,0.0,0.0,0.03,0,0,0,0,0,0,0,0,0,0,0,0,0,0,0,0,0,0,0,0,0
3.287959575653076,0,0.0,0.0,0.0,0.0,0.0,0.0,0.0,0.0,0.03,0,0,0,0,0,0,0,0,0,0,0,0,0,0,0,0,0,0,0,0,0
3.2890408039093018,0,0.0,0.0,0.0,0.0,0.0,0.0,0.0,0.0,0.03,0,0,0,0,0,0,0,0,0,0,0,0,0,0,0,0,0,0,0,0,0
3.2902657985687256,0,0.0,0.0,0.0,0.0,0.0,0.0,0.0,0.0,0.03,0,0,0,0,0,0,0,0,0,0,0,0,0,0,0,0,0,0,0,0,0
3.2917826175689697,0,0.0,0.0,0.0,0.0,0.0,0.0,0.0,0.0,0.03,0,0,0,0,0,0,0,0,0,0,0,0,0,0,0,0,0,0,0,0,0
3.2930922508239746,0,0.0,0.0,0.0,0.0,0.0,0.0,0.0,0.0,0.03,0,0,0,0,0,0,0,0,0,0,0,0,0,0,0,0,0,0,0,0,0
3.294394016265869,0,0.0,0.0,0.0,0.0,0.0,0.0,0.0,0.0,0.03,0,0,0,0,0,0,0,0,0,0,0,0,0,0,0,0,0,0,0,0,0
3.2955780029296875,0,0.0,0.0,0.0,0.0,0.0,0.0,0.0,0.0,0.03,0,0,0,0,0,0,0,0,0,0,0,0,0,0,0,0,0,0,0,0,0
3.2966413497924805,0,0.0,0.0,0.0,0.0,0.0,0.0,0.0,0.0,0.03,0,0,0,0,0,0,0,0,0,0,0,0,0,0,0,0,0,0,0,0,0
3.29793119430542,0,0.0,0.0,0.0,0.0,0.0,0.0,0.0,0.0,0.03,0,0,0,0,0,0,0,0,0,0,0,0,0,0,0,0,0,0,0,0,0
3.299718141555786,0,0.0,0.0,0.0,0.0,0.0,0.0,0.0,0.0,0.03,0,0,0,0,0,0,0,0,0,0,0,0,0,0,0,0,0,0,0,0,0
3.3017945289611816,0,0.0,0.0,0.0,0.0,0.0,0.0,0.0,0.0,0.03,0,0,0,0,0,0,0,0,0,0,0,0,0,0,0,0,0,0,0,0,0
3.3030476570129395,0,0.0,0.0,0.0,0.0,0.0,0.0,0.0,0.0,0.03,0,0,0,0,0,0,0,0,0,0,0,0,0,0,0,0,0,0,0,0,0
3.3046488761901855,0,0.0,0.0,0.0,0.0,0.0,0.0,0.0,0.0,0.03,0,0,0,0,0,0,0,0,0,0,0,0,0,0,0,0,0,0,0,0,0
3.3057258129119873,0,0.0,0.0,0.0,0.0,0.0,0.0,0.0,0.0,0.03,0,0,0,0,0,0,0,0,0,0,0,0,0,0,0,0,0,0,0,0,0
3.307023048400879,0,0.0,0.0,0.0,0.0,0.0,0.0,0.0,0.0,0.03,0,0,0,0,0,0,0,0,0,0,0,0,0,0,0,0,0,0,0,0,0
3.3080852031707764,0,0.0,0.0,0.0,0.0,0.0,0.0,0.0,0.0,0.03,0,0,0,0,0,0,0,0,0,0,0,0,0,0,0,0,0,0,0,0,0
3.3092615604400635,0,0.0,0.0,0.0,0.0,0.0,0.0,0.0,0.0,0.03,0,0,0,0,0,0,0,0,0,0,0,0,0,0,0,0,0,0,0,0,0
3.3104021549224854,0,0.0,0.0,0.0,0.0,0.0,0.0,0.0,0.0,0.03,0,0,0,0,0,0,0,0,0,0,0,0,0,0,0,0,0,0,0,0,0
3.311568021774292,0,0.0,0.0,0.0,0.0,0.0,0.0,0.0,0.0,0.03,0,0,0,0,0,0,0,0,0,0,0,0,0,0,0,0,0,0,0,0,0
3.312642812728882,0,0.0,0.0,0.0,0.0,0.0,0.0,0.0,0.0,0.03,0,0,0,0,0,0,0,0,0,0,0,0,0,0,0,0,0,0,0,0,0
3.3137245178222656,0,0.0,0.0,0.0,0.0,0.0,0.0,0.0,0.0,0.03,0,0,0,0,0,0,0,0,0,0,0,0,0,0,0,0,0,0,0,0,0
3.3149607181549072,0,0.0,0.0,0.0,0.0,0.0,0.0,0.0,0.0,0.03,0,0,0,0,0,0,0,0,0,0,0,0,0,0,0,0,0,0,0,0,0
3.3163557052612305,0,0.0,0.0,0.0,0.0,0.0,0.0,0.0,0.0,0.03,0,0,0,0,0,0,0,0,0,0,0,0,0,0,0,0,0,0,0,0,0
3.3181254863739014,0,0.0,0.0,0.0,0.0,0.0,0.0,0.0,0.0,0.03,0,0,0,0,0,0,0,0,0,0,0,0,0,0,0,0,0,0,0,0,0
3.319284677505493,0,0.0,0.0,0.0,0.0,0.0,0.0,0.0,0.0,0.03,0,0,0,0,0,0,0,0,0,0,0,0,0,0,0,0,0,0,0,0,0
3.3207013607025146,0,0.0,0.0,0.0,0.0,0.0,0.0,0.0,0.0,0.03,0,0,0,0,0,0,0,0,0,0,0,0,0,0,0,0,0,0,0,0,0
3.3217668533325195,0,0.0,0.0,0.0,0.0,0.0,0.0,0.0,0.0,0.03,0,0,0,0,0,0,0,0,0,0,0,0,0,0,0,0,0,0,0,0,0
3.3228769302368164,0,0.0,0.0,0.0,0.0,0.0,0.0,0.0,0.0,0.03,0,0,0,0,0,0,0,0,0,0,0,0,0,0,0,0,0,0,0,0,0
3.3240160942077637,0,0.0,0.0,0.0,0.0,0.0,0.0,0.0,0.0,0.03,0,0,0,0,0,0,0,0,0,0,0,0,0,0,0,0,0,0,0,0,0
3.3253369331359863,0,0.0,0.0,0.0,0.0,0.0,0.0,0.0,0.0,0.03,0,0,0,0,0,0,0,0,0,0,0,0,0,0,0,0,0,0,0,0,0
3.3264591693878174,0,0.0,0.0,0.0,0.0,0.0,0.0,0.0,0.0,0.03,0,0,0,0,0,0,0,0,0,0,0,0,0,0,0,0,0,0,0,0,0
3.327890634536743,0,0.0,0.0,0.0,0.0,0.0,0.0,0.0,0.0,0.03,0,0,0,0,0,0,0,0,0,0,0,0,0,0,0,0,0,0,0,0,0
3.329150676727295,0,0.0,0.0,0.0,0.0,0.0,0.0,0.0,0.0,0.03,0,0,0,0,0,0,0,0,0,0,0,0,0,0,0,0,0,0,0,0,0
3.330249071121216,0,0.0,0.0,0.0,0.0,0.0,0.0,0.0,0.0,0.03,0,0,0,0,0,0,0,0,0,0,0,0,0,0,0,0,0,0,0,0,0
3.3314452171325684,0,0.0,0.0,0.0,0.0,0.0,0.0,0.0,0.0,0.03,0,0,0,0,0,0,0,0,0,0,0,0,0,0,0,0,0,0,0,0,0
3.3326525688171387,0,0.0,0.0,0.0,0.0,0.0,0.0,0.0,0.0,0.03,0,0,0,0,0,0,0,0,0,0,0,0,0,0,0,0,0,0,0,0,0
3.334021806716919,0,0.0,0.0,0.0,0.0,0.0,0.0,0.0,0.0,0.03,0,0,0,0,0,0,0,0,0,0,0,0,0,0,0,0,0,0,0,0,0
3.3357465267181396,0,0.0,0.0,0.0,0.0,0.0,0.0,0.0,0.0,0.03,0,0,0,0,0,0,0,0,0,0,0,0,0,0,0,0,0,0,0,0,0
3.3369944095611572,0,0.0,0.0,0.0,0.0,0.0,0.0,0.0,0.0,0.03,0,0,0,0,0,0,0,0,0,0,0,0,0,0,0,0,0,0,0,0,0
3.3383660316467285,0,0.0,0.0,0.0,0.0,0.0,0.0,0.0,0.0,0.03,0,0,0,0,0,0,0,0,0,0,0,0,0,0,0,0,0,0,0,0,0
3.3394908905029297,0,0.0,0.0,0.0,0.0,0.0,0.0,0.0,0.0,0.03,0,0,0,0,0,0,0,0,0,0,0,0,0,0,0,0,0,0,0,0,0
3.3407700061798096,0,0.0,0.0,0.0,0.0,0.0,0.0,0.0,0.0,0.03,0,0,0,0,0,0,0,0,0,0,0,0,0,0,0,0,0,0,0,0,0
3.34191632270813,0,0.0,0.0,0.0,0.0,0.0,0.0,0.0,0.0,0.03,0,0,0,0,0,0,0,0,0,0,0,0,0,0,0,0,0,0,0,0,0
3.343323230743408,0,0.0,0.0,0.0,0.0,0.0,0.0,0.0,0.0,0.03,0,0,0,0,0,0,0,0,0,0,0,0,0,0,0,0,0,0,0,0,0
3.3446919918060303,0,0.0,0.0,0.0,0.0,0.0,0.0,0.0,0.0,0.03,0,0,0,0,0,0,0,0,0,0,0,0,0,0,0,0,0,0,0,0,0
3.345895528793335,0,0.0,0.0,0.0,0.0,0.0,0.0,0.0,0.0,0.03,0,0,0,0,0,0,0,0,0,0,0,0,0,0,0,0,0,0,0,0,0
3.3470370769500732,0,0.0,0.0,0.0,0.0,0.0,0.0,0.0,0.0,0.03,0,0,0,0,0,0,0,0,0,0,0,0,0,0,0,0,0,0,0,0,0
3.348337173461914,0,0.0,0.0,0.0,0.0,0.0,0.0,0.0,0.0,0.03,0,0,0,0,0,0,0,0,0,0,0,0,0,0,0,0,0,0,0,0,0
3.3494386672973633,0,0.0,0.0,0.0,0.0,0.0,0.0,0.0,0.0,0.03,0,0,0,0,0,0,0,0,0,0,0,0,0,0,0,0,0,0,0,0,0
3.3505170345306396,0,0.0,0.0,0.0,0.0,0.0,0.0,0.0,0.0,0.03,0,0,0,0,0,0,0,0,0,0,0,0,0,0,0,0,0,0,0,0,0
3.3531508445739746,0,0.0,0.0,0.0,0.0,0.0,0.0,0.0,0.0,0.03,0,0,0,0,0,0,0,0,0,0,0,0,0,0,0,0,0,0,0,0,0
3.354969024658203,0,0.0,0.0,0.0,0.0,0.0,0.0,0.0,0.0,0.03,0,0,0,0,0,0,0,0,0,0,0,0,0,0,0,0,0,0,0,0,0
3.356550455093384,0,0.0,0.0,0.0,0.0,0.0,0.0,0.0,0.0,0.03,0,0,0,0,0,0,0,0,0,0,0,0,0,0,0,0,0,0,0,0,0
3.357701063156128,0,0.0,0.0,0.0,0.0,0.0,0.0,0.0,0.0,0.03,0,0,0,0,0,0,0,0,0,0,0,0,0,0,0,0,0,0,0,0,0
3.3593685626983643,0,0.0,0.0,0.0,0.0,0.0,0.0,0.0,0.0,0.03,0,0,0,0,0,0,0,0,0,0,0,0,0,0,0,0,0,0,0,0,0
3.3606345653533936,0,0.0,0.0,0.0,0.0,0.0,0.0,0.0,0.0,0.03,0,0,0,0,0,0,0,0,0,0,0,0,0,0,0,0,0,0,0,0,0
3.362003803253174,0,0.0,0.0,0.0,0.0,0.0,0.0,0.0,0.0,0.03,0,0,0,0,0,0,0,0,0,0,0,0,0,0,0,0,0,0,0,0,0
3.3631508350372314,0,0.0,0.0,0.0,0.0,0.0,0.0,0.0,0.0,0.03,0,0,0,0,0,0,0,0,0,0,0,0,0,0,0,0,0,0,0,0,0
3.3644707202911377,0,0.0,0.0,0.0,0.0,0.0,0.0,0.0,0.0,0.03,0,0,0,0,0,0,0,0,0,0,0,0,0,0,0,0,0,0,0,0,0
3.365765333175659,0,0.0,0.0,0.0,0.0,0.0,0.0,0.0,0.0,0.03,0,0,0,0,0,0,0,0,0,0,0,0,0,0,0,0,0,0,0,0,0
3.366899013519287,0,0.0,0.0,0.0,0.0,0.0,0.0,0.0,0.0,0.03,0,0,0,0,0,0,0,0,0,0,0,0,0,0,0,0,0,0,0,0,0
3.36802339553833,0,0.0,0.0,0.0,0.0,0.0,0.0,0.0,0.0,0.03,0,0,0,0,0,0,0,0,0,0,0,0,0,0,0,0,0,0,0,0,0
3.3692221641540527,0,0.0,0.0,0.0,0.0,0.0,0.0,0.0,0.0,0.03,0,0,0,0,0,0,0,0,0,0,0,0,0,0,0,0,0,0,0,0,0
3.3708083629608154,0,0.0,0.0,0.0,0.0,0.0,0.0,0.0,0.0,0.03,0,0,0,0,0,0,0,0,0,0,0,0,0,0,0,0,0,0,0,0,0
3.372037172317505,0,0.0,0.0,0.0,0.0,0.0,0.0,0.0,0.0,0.03,0,0,0,0,0,0,0,0,0,0,0,0,0,0,0,0,0,0,0,0,0
3.3731048107147217,0,0.0,0.0,0.0,0.0,0.0,0.0,0.0,0.0,0.03,0,0,0,0,0,0,0,0,0,0,0,0,0,0,0,0,0,0,0,0,0
3.374199390411377,0,0.0,0.0,0.0,0.0,0.0,0.0,0.0,0.0,0.03,0,0,0,0,0,0,0,0,0,0,0,0,0,0,0,0,0,0,0,0,0
3.3753578662872314,0,0.0,0.0,0.0,0.0,0.0,0.0,0.0,0.0,0.03,0,0,0,0,0,0,0,0,0,0,0,0,0,0,0,0,0,0,0,0,0
3.3764843940734863,0,0.0,0.0,0.0,0.0,0.0,0.0,0.0,0.0,0.03,0,0,0,0,0,0,0,0,0,0,0,0,0,0,0,0,0,0,0,0,0
3.3779008388519287,0,0.0,0.0,0.0,0.0,0.0,0.0,0.0,0.0,0.03,0,0,0,0,0,0,0,0,0,0,0,0,0,0,0,0,0,0,0,0,0
3.3789772987365723,0,0.0,0.0,0.0,0.0,0.0,0.0,0.0,0.0,0.03,0,0,0,0,0,0,0,0,0,0,0,0,0,0,0,0,0,0,0,0,0
3.380237340927124,0,0.0,0.0,0.0,0.0,0.0,0.0,0.0,0.0,0.03,0,0,0,0,0,0,0,0,0,0,0,0,0,0,0,0,0,0,0,0,0
3.382023572921753,0,0.0,0.0,0.0,0.0,0.0,0.0,0.0,0.0,0.03,0,0,0,0,0,0,0,0,0,0,0,0,0,0,0,0,0,0,0,0,0
3.383765697479248,0,0.0,0.0,0.0,0.0,0.0,0.0,0.0,0.0,0.03,0,0,0,0,0,0,0,0,0,0,0,0,0,0,0,0,0,0,0,0,0
3.384943962097168,0,0.0,0.0,0.0,0.0,0.0,0.0,0.0,0.0,0.03,0,0,0,0,0,0,0,0,0,0,0,0,0,0,0,0,0,0,0,0,0
3.3861725330352783,0,0.0,0.0,0.0,0.0,0.0,0.0,0.0,0.0,0.03,0,0,0,0,0,0,0,0,0,0,0,0,0,0,0,0,0,0,0,0,0
3.387237548828125,0,0.0,0.0,0.0,0.0,0.0,0.0,0.0,0.0,0.03,0,0,0,0,0,0,0,0,0,0,0,0,0,0,0,0,0,0,0,0,0
3.388404369354248,0,0.0,0.0,0.0,0.0,0.0,0.0,0.0,0.0,0.03,0,0,0,0,0,0,0,0,0,0,0,0,0,0,0,0,0,0,0,0,0
3.3895766735076904,0,0.0,0.0,0.0,0.0,0.0,0.0,0.0,0.0,0.03,0,0,0,0,0,0,0,0,0,0,0,0,0,0,0,0,0,0,0,0,0
3.390676975250244,0,0.0,0.0,0.0,0.0,0.0,0.0,0.0,0.0,0.03,0,0,0,0,0,0,0,0,0,0,0,0,0,0,0,0,0,0,0,0,0
3.392284870147705,0,0.0,0.0,0.0,0.0,0.0,0.0,0.0,0.0,0.03,0,0,0,0,0,0,0,0,0,0,0,0,0,0,0,0,0,0,0,0,0
3.393551826477051,0,0.0,0.0,0.0,0.0,0.0,0.0,0.0,0.0,0.03,0,0,0,0,0,0,0,0,0,0,0,0,0,0,0,0,0,0,0,0,0
3.395010232925415,0,0.0,0.0,0.0,0.0,0.0,0.0,0.0,0.0,0.03,0,0,0,0,0,0,0,0,0,0,0,0,0,0,0,0,0,0,0,0,0
3.3960888385772705,0,0.0,0.0,0.0,0.0,0.0,0.0,0.0,0.0,0.03,0,0,0,0,0,0,0,0,0,0,0,0,0,0,0,0,0,0,0,0,0
3.3974735736846924,0,0.0,0.0,0.0,0.0,0.0,0.0,0.0,0.0,0.03,0,0,0,0,0,0,0,0,0,0,0,0,0,0,0,0,0,0,0,0,0
3.399099111557007,0,0.0,0.0,0.0,0.0,0.0,0.0,0.0,0.0,0.03,0,0,0,0,0,0,0,0,0,0,0,0,0,0,0,0,0,0,0,0,0
3.4001734256744385,0,0.0,0.0,0.0,0.0,0.0,0.0,0.0,0.0,0.03,0,0,0,0,0,0,0,0,0,0,0,0,0,0,0,0,0,0,0,0,0
3.4013280868530273,0,0.0,0.0,0.0,0.0,0.0,0.0,0.0,0.0,0.03,0,0,0,0,0,0,0,0,0,0,0,0,0,0,0,0,0,0,0,0,0
3.402458906173706,0,0.0,0.0,0.0,0.0,0.0,0.0,0.0,0.0,0.03,0,0,0,0,0,0,0,0,0,0,0,0,0,0,0,0,0,0,0,0,0
3.403517246246338,0,0.0,0.0,0.0,0.0,0.0,0.0,0.0,0.0,0.03,0,0,0,0,0,0,0,0,0,0,0,0,0,0,0,0,0,0,0,0,0
3.404742479324341,0,0.0,0.0,0.0,0.0,0.0,0.0,0.0,0.0,0.03,0,0,0,0,0,0,0,0,0,0,0,0,0,0,0,0,0,0,0,0,0
3.4060916900634766,0,0.0,0.0,0.0,0.0,0.0,0.0,0.0,0.0,0.03,0,0,0,0,0,0,0,0,0,0,0,0,0,0,0,0,0,0,0,0,0
3.407554864883423,0,0.0,0.0,0.0,0.0,0.0,0.0,0.0,0.0,0.03,0,0,0,0,0,0,0,0,0,0,0,0,0,0,0,0,0,0,0,0,0
3.408762216567993,0,0.0,0.0,0.0,0.0,0.0,0.0,0.0,0.0,0.03,0,0,0,0,0,0,0,0,0,0,0,0,0,0,0,0,0,0,0,0,0
3.410017251968384,0,0.0,0.0,0.0,0.0,0.0,0.0,0.0,0.0,0.03,0,0,0,0,0,0,0,0,0,0,0,0,0,0,0,0,0,0,0,0,0
3.4113903045654297,0,0.0,0.0,0.0,0.0,0.0,0.0,0.0,0.0,0.03,0,0,0,0,0,0,0,0,0,0,0,0,0,0,0,0,0,0,0,0,0
3.413422107696533,0,0.0,0.0,0.0,0.0,0.0,0.0,0.0,0.0,0.03,0,0,0,0,0,0,0,0,0,0,0,0,0,0,0,0,0,0,0,0,0
3.4152159690856934,0,0.0,0.0,0.0,0.0,0.0,0.0,0.0,0.0,0.03,0,0,0,0,0,0,0,0,0,0,0,0,0,0,0,0,0,0,0,0,0
3.416297435760498,0,0.0,0.0,0.0,0.0,0.0,0.0,0.0,0.0,0.03,0,0,0,0,0,0,0,0,0,0,0,0,0,0,0,0,0,0,0,0,0
3.418790340423584,0,0.0,0.0,0.0,0.0,0.0,0.0,0.0,0.0,0.03,0,0,0,0,0,0,0,0,0,0,0,0,0,0,0,0,0,0,0,0,0
3.4198665618896484,0,0.0,0.0,0.0,0.0,0.0,0.0,0.0,0.0,0.03,0,0,0,0,0,0,0,0,0,0,0,0,0,0,0,0,0,0,0,0,0
3.4209563732147217,0,0.0,0.0,0.0,0.0,0.0,0.0,0.0,0.0,0.03,0,0,0,0,0,0,0,0,0,0,0,0,0,0,0,0,0,0,0,0,0
3.4236032962799072,0,0.0,0.0,0.0,0.0,0.0,0.0,0.0,0.0,0.03,0,0,0,0,0,0,0,0,0,0,0,0,0,0,0,0,0,0,0,0,0
3.424757480621338,0,0.0,0.0,0.0,0.0,0.0,0.0,0.0,0.0,0.03,0,0,0,0,0,0,0,0,0,0,0,0,0,0,0,0,0,0,0,0,0
3.425840139389038,0,0.0,0.0,0.0,0.0,0.0,0.0,0.0,0.0,0.03,0,0,0,0,0,0,0,0,0,0,0,0,0,0,0,0,0,0,0,0,0
3.4269888401031494,0,0.0,0.0,0.0,0.0,0.0,0.0,0.0,0.0,0.03,0,0,0,0,0,0,0,0,0,0,0,0,0,0,0,0,0,0,0,0,0
3.4290127754211426,0,0.0,0.0,0.0,0.0,0.0,0.0,0.0,0.0,0.03,0,0,0,0,0,0,0,0,0,0,0,0,0,0,0,0,0,0,0,0,0
3.4302191734313965,0,0.0,0.0,0.0,0.0,0.0,0.0,0.0,0.0,0.03,0,0,0,0,0,0,0,0,0,0,0,0,0,0,0,0,0,0,0,0,0
3.4319651126861572,0,0.0,0.0,0.0,0.0,0.0,0.0,0.0,0.0,0.03,0,0,0,0,0,0,0,0,0,0,0,0,0,0,0,0,0,0,0,0,0
3.4330434799194336,0,0.0,0.0,0.0,0.0,0.0,0.0,0.0,0.0,0.03,0,0,0,0,0,0,0,0,0,0,0,0,0,0,0,0,0,0,0,0,0
3.434115171432495,0,0.0,0.0,0.0,0.0,0.0,0.0,0.0,0.0,0.03,0,0,0,0,0,0,0,0,0,0,0,0,0,0,0,0,0,0,0,0,0
3.4351842403411865,0,0.0,0.0,0.0,0.0,0.0,0.0,0.0,0.0,0.03,0,0,0,0,0,0,0,0,0,0,0,0,0,0,0,0,0,0,0,0,0
3.436422109603882,0,0.0,0.0,0.0,0.0,0.0,0.0,0.0,0.0,0.03,0,0,0,0,0,0,0,0,0,0,0,0,0,0,0,0,0,0,0,0,0
3.4378368854522705,0,0.0,0.0,0.0,0.0,0.0,0.0,0.0,0.0,0.03,0,0,0,0,0,0,0,0,0,0,0,0,0,0,0,0,0,0,0,0,0
3.4392998218536377,0,0.0,0.0,0.0,0.0,0.0,0.0,0.0,0.0,0.03,0,0,0,0,0,0,0,0,0,0,0,0,0,0,0,0,0,0,0,0,0
3.4403815269470215,0,0.0,0.0,0.0,0.0,0.0,0.0,0.0,0.0,0.03,0,0,0,0,0,0,0,0,0,0,0,0,0,0,0,0,0,0,0,0,0
3.4415042400360107,0,0.0,0.0,0.0,0.0,0.0,0.0,0.0,0.0,0.03,0,0,0,0,0,0,0,0,0,0,0,0,0,0,0,0,0,0,0,0,0
3.4425621032714844,0,0.0,0.0,0.0,0.0,0.0,0.0,0.0,0.0,0.03,0,0,0,0,0,0,0,0,0,0,0,0,0,0,0,0,0,0,0,0,0
3.443831443786621,0,0.0,0.0,0.0,0.0,0.0,0.0,0.0,0.0,0.03,0,0,0,0,0,0,0,0,0,0,0,0,0,0,0,0,0,0,0,0,0
3.4448962211608887,0,0.0,0.0,0.0,0.0,0.0,0.0,0.0,0.0,0.03,0,0,0,0,0,0,0,0,0,0,0,0,0,0,0,0,0,0,0,0,0
3.4459550380706787,0,0.0,0.0,0.0,0.0,0.0,0.0,0.0,0.0,0.03,0,0,0,0,0,0,0,0,0,0,0,0,0,0,0,0,0,0,0,0,0
3.4470608234405518,0,0.0,0.0,0.0,0.0,0.0,0.0,0.0,0.0,0.03,0,0,0,0,0,0,0,0,0,0,0,0,0,0,0,0,0,0,0,0,0
3.4481866359710693,0,0.0,0.0,0.0,0.0,0.0,0.0,0.0,0.0,0.03,0,0,0,0,0,0,0,0,0,0,0,0,0,0,0,0,0,0,0,0,0
3.449280261993408,0,0.0,0.0,0.0,0.0,0.0,0.0,0.0,0.0,0.03,0,0,0,0,0,0,0,0,0,0,0,0,0,0,0,0,0,0,0,0,0
3.45046067237854,0,0.0,0.0,0.0,0.0,0.0,0.0,0.0,0.0,0.03,0,0,0,0,0,0,0,0,0,0,0,0,0,0,0,0,0,0,0,0,0
3.451521396636963,0,0.0,0.0,0.0,0.0,0.0,0.0,0.0,0.0,0.03,0,0,0,0,0,0,0,0,0,0,0,0,0,0,0,0,0,0,0,0,0
3.453174114227295,0,0.0,0.0,0.0,0.0,0.0,0.0,0.0,0.0,0.03,0,0,0,0,0,0,0,0,0,0,0,0,0,0,0,0,0,0,0,0,0
3.4548068046569824,0,0.0,0.0,0.0,0.0,0.0,0.0,0.0,0.0,0.03,0,0,0,0,0,0,0,0,0,0,0,0,0,0,0,0,0,0,0,0,0
3.456387758255005,0,0.0,0.0,0.0,0.0,0.0,0.0,0.0,0.0,0.03,0,0,0,0,0,0,0,0,0,0,0,0,0,0,0,0,0,0,0,0,0
3.457479238510132,0,0.0,0.0,0.0,0.0,0.0,0.0,0.0,0.0,0.03,0,0,0,0,0,0,0,0,0,0,0,0,0,0,0,0,0,0,0,0,0
3.458811044692993,0,0.0,0.0,0.0,0.0,0.0,0.0,0.0,0.0,0.03,0,0,0,0,0,0,0,0,0,0,0,0,0,0,0,0,0,0,0,0,0
3.4600064754486084,0,0.0,0.0,0.0,0.0,0.0,0.0,0.0,0.0,0.03,0,0,0,0,0,0,0,0,0,0,0,0,0,0,0,0,0,0,0,0,0
3.4610934257507324,0,0.0,0.0,0.0,0.0,0.0,0.0,0.0,0.0,0.03,0,0,0,0,0,0,0,0,0,0,0,0,0,0,0,0,0,0,0,0,0
3.463017463684082,0,0.0,0.0,0.0,0.0,0.0,0.0,0.0,0.0,0.03,0,0,0,0,0,0,0,0,0,0,0,0,0,0,0,0,0,0,0,0,0
3.464205026626587,0,0.0,0.0,0.0,0.0,0.0,0.0,0.0,0.0,0.03,0,0,0,0,0,0,0,0,0,0,0,0,0,0,0,0,0,0,0,0,0
3.465610980987549,0,0.0,0.0,0.0,0.0,0.0,0.0,0.0,0.0,0.03,0,0,0,0,0,0,0,0,0,0,0,0,0,0,0,0,0,0,0,0,0
3.4668679237365723,0,0.0,0.0,0.0,0.0,0.0,0.0,0.0,0.0,0.03,0,0,0,0,0,0,0,0,0,0,0,0,0,0,0,0,0,0,0,0,0
3.4681129455566406,0,0.0,0.0,0.0,0.0,0.0,0.0,0.0,0.0,0.03,0,0,0,0,0,0,0,0,0,0,0,0,0,0,0,0,0,0,0,0,0
3.4691710472106934,0,0.0,0.0,0.0,0.0,0.0,0.0,0.0,0.0,0.03,0,0,0,0,0,0,0,0,0,0,0,0,0,0,0,0,0,0,0,0,0
3.470238208770752,0,0.0,0.0,0.0,0.0,0.0,0.0,0.0,0.0,0.03,0,0,0,0,0,0,0,0,0,0,0,0,0,0,0,0,0,0,0,0,0
3.4713873863220215,0,0.0,0.0,0.0,0.0,0.0,0.0,0.0,0.0,0.03,0,0,0,0,0,0,0,0,0,0,0,0,0,0,0,0,0,0,0,0,0
3.4725990295410156,0,0.0,0.0,0.0,0.0,0.0,0.0,0.0,0.0,0.03,0,0,0,0,0,0,0,0,0,0,0,0,0,0,0,0,0,0,0,0,0
3.4736874103546143,0,0.0,0.0,0.0,0.0,0.0,0.0,0.0,0.0,0.03,0,0,0,0,0,0,0,0,0,0,0,0,0,0,0,0,0,0,0,0,0
3.4749035835266113,0,0.0,0.0,0.0,0.0,0.0,0.0,0.0,0.0,0.03,0,0,0,0,0,0,0,0,0,0,0,0,0,0,0,0,0,0,0,0,0
3.4762821197509766,0,0.0,0.0,0.0,0.0,0.0,0.0,0.0,0.0,0.03,0,0,0,0,0,0,0,0,0,0,0,0,0,0,0,0,0,0,0,0,0
3.47756290435791,0,0.0,0.0,0.0,0.0,0.0,0.0,0.0,0.0,0.03,0,0,0,0,0,0,0,0,0,0,0,0,0,0,0,0,0,0,0,0,0
3.4791057109832764,0,0.0,0.0,0.0,0.0,0.0,0.0,0.0,0.0,0.03,0,0,0,0,0,0,0,0,0,0,0,0,0,0,0,0,0,0,0,0,0
3.480550765991211,0,0.0,0.0,0.0,0.0,0.0,0.0,0.0,0.0,0.03,0,0,0,0,0,0,0,0,0,0,0,0,0,0,0,0,0,0,0,0,0
3.48195219039917,0,0.0,0.0,0.0,0.0,0.0,0.0,0.0,0.0,0.03,0,0,0,0,0,0,0,0,0,0,0,0,0,0,0,0,0,0,0,0,0
3.483593463897705,0,0.0,0.0,0.0,0.0,0.0,0.0,0.0,0.0,0.03,0,0,0,0,0,0,0,0,0,0,0,0,0,0,0,0,0,0,0,0,0
3.4848721027374268,0,0.0,0.0,0.0,0.0,0.0,0.0,0.0,0.0,0.03,0,0,0,0,0,0,0,0,0,0,0,0,0,0,0,0,0,0,0,0,0
3.4859464168548584,0,0.0,0.0,0.0,0.0,0.0,0.0,0.0,0.0,0.03,0,0,0,0,0,0,0,0,0,0,0,0,0,0,0,0,0,0,0,0,0
3.4871156215667725,0,0.0,0.0,0.0,0.0,0.0,0.0,0.0,0.0,0.03,0,0,0,0,0,0,0,0,0,0,0,0,0,0,0,0,0,0,0,0,0
3.4884161949157715,0,0.0,0.0,0.0,0.0,0.0,0.0,0.0,0.0,0.03,0,0,0,0,0,0,0,0,0,0,0,0,0,0,0,0,0,0,0,0,0
3.4895060062408447,0,0.0,0.0,0.0,0.0,0.0,0.0,0.0,0.0,0.03,0,0,0,0,0,0,0,0,0,0,0,0,0,0,0,0,0,0,0,0,0
3.4905755519866943,0,0.0,0.0,0.0,0.0,0.0,0.0,0.0,0.0,0.03,0,0,0,0,0,0,0,0,0,0,0,0,0,0,0,0,0,0,0,0,0
3.4916484355926514,0,0.0,0.0,0.0,0.0,0.0,0.0,0.0,0.0,0.03,0,0,0,0,0,0,0,0,0,0,0,0,0,0,0,0,0,0,0,0,0
3.4927189350128174,0,0.0,0.0,0.0,0.0,0.0,0.0,0.0,0.0,0.03,0,0,0,0,0,0,0,0,0,0,0,0,0,0,0,0,0,0,0,0,0
3.4946305751800537,0,0.0,0.0,0.0,0.0,0.0,0.0,0.0,0.0,0.03,0,0,0,0,0,0,0,0,0,0,0,0,0,0,0,0,0,0,0,0,0
3.496605396270752,0,0.0,0.0,0.0,0.0,0.0,0.0,0.0,0.0,0.03,0,0,0,0,0,0,0,0,0,0,0,0,0,0,0,0,0,0,0,0,0
3.4985687732696533,0,0.0,0.0,0.0,0.0,0.0,0.0,0.0,0.0,0.03,0,0,0,0,0,0,0,0,0,0,0,0,0,0,0,0,0,0,0,0,0
3.500145673751831,0,0.0,0.0,0.0,0.0,0.0,0.0,0.0,0.0,0.03,0,0,0,0,0,0,0,0,0,0,0,0,0,0,0,0,0,0,0,0,0
3.5014004707336426,0,0.0,0.0,0.0,0.0,0.0,0.0,0.0,0.0,0.03,0,0,0,0,0,0,0,0,0,0,0,0,0,0,0,0,0,0,0,0,0
3.5024971961975098,0,0.0,0.0,0.0,0.0,0.0,0.0,0.0,0.0,0.03,0,0,0,0,0,0,0,0,0,0,0,0,0,0,0,0,0,0,0,0,0
3.503706455230713,0,0.0,0.0,0.0,0.0,0.0,0.0,0.0,0.0,0.03,0,0,0,0,0,0,0,0,0,0,0,0,0,0,0,0,0,0,0,0,0
3.504781723022461,0,0.0,0.0,0.0,0.0,0.0,0.0,0.0,0.0,0.03,0,0,0,0,0,0,0,0,0,0,0,0,0,0,0,0,0,0,0,0,0
3.505847215652466,0,0.0,0.0,0.0,0.0,0.0,0.0,0.0,0.0,0.03,0,0,0,0,0,0,0,0,0,0,0,0,0,0,0,0,0,0,0,0,0
3.507546901702881,0,0.0,0.0,0.0,0.0,0.0,0.0,0.0,0.0,0.03,0,0,0,0,0,0,0,0,0,0,0,0,0,0,0,0,0,0,0,0,0
3.5090060234069824,0,0.0,0.0,0.0,0.0,0.0,0.0,0.0,0.0,0.03,0,0,0,0,0,0,0,0,0,0,0,0,0,0,0,0,0,0,0,0,0
3.5102803707122803,0,0.0,0.0,0.0,0.0,0.0,0.0,0.0,0.0,0.03,0,0,0,0,0,0,0,0,0,0,0,0,0,0,0,0,0,0,0,0,0
3.5113582611083984,0,0.0,0.0,0.0,0.0,0.0,0.0,0.0,0.0,0.03,0,0,0,0,0,0,0,0,0,0,0,0,0,0,0,0,0,0,0,0,0
3.5125527381896973,0,0.0,0.0,0.0,0.0,0.0,0.0,0.0,0.0,0.03,0,0,0,0,0,0,0,0,0,0,0,0,0,0,0,0,0,0,0,0,0
3.5136663913726807,0,0.0,0.0,0.0,0.0,0.0,0.0,0.0,0.0,0.03,0,0,0,0,0,0,0,0,0,0,0,0,0,0,0,0,0,0,0,0,0
3.5148370265960693,0,0.0,0.0,0.0,0.0,0.0,0.0,0.0,0.0,0.03,0,0,0,0,0,0,0,0,0,0,0,0,0,0,0,0,0,0,0,0,0
3.5159060955047607,0,0.0,0.0,0.0,0.0,0.0,0.0,0.0,0.0,0.03,0,0,0,0,0,0,0,0,0,0,0,0,0,0,0,0,0,0,0,0,0
3.5171127319335938,0,0.0,0.0,0.0,0.0,0.0,0.0,0.0,0.0,0.03,0,0,0,0,0,0,0,0,0,0,0,0,0,0,0,0,0,0,0,0,0
3.5183322429656982,0,0.0,0.0,0.0,0.0,0.0,0.0,0.0,0.0,0.03,0,0,0,0,0,0,0,0,0,0,0,0,0,0,0,0,0,0,0,0,0
3.519413471221924,0,0.0,0.0,0.0,0.0,0.0,0.0,0.0,0.0,0.03,0,0,0,0,0,0,0,0,0,0,0,0,0,0,0,0,0,0,0,0,0
3.520491600036621,0,0.0,0.0,0.0,0.0,0.0,0.0,0.0,0.0,0.03,0,0,0,0,0,0,0,0,0,0,0,0,0,0,0,0,0,0,0,0,0
3.5215070247650146,0,0.0,0.0,0.0,0.0,0.0,0.0,0.0,0.0,0.03,0,0,0,0,0,0,0,0,0,0,0,0,0,0,0,0,0,0,0,0,0
3.522753953933716,0,0.0,0.0,0.0,0.0,0.0,0.0,0.0,0.0,0.03,0,0,0,0,0,0,0,0,0,0,0,0,0,0,0,0,0,0,0,0,0
3.524064064025879,0,0.0,0.0,0.0,0.0,0.0,0.0,0.0,0.0,0.03,0,0,0,0,0,0,0,0,0,0,0,0,0,0,0,0,0,0,0,0,0
3.5252671241760254,0,0.0,0.0,0.0,0.0,0.0,0.0,0.0,0.0,0.03,0,0,0,0,0,0,0,0,0,0,0,0,0,0,0,0,0,0,0,0,0
3.5268471240997314,0,0.0,0.0,0.0,0.0,0.0,0.0,0.0,0.0,0.03,0,0,0,0,0,0,0,0,0,0,0,0,0,0,0,0,0,0,0,0,0
3.528580665588379,0,0.0,0.0,0.0,0.0,0.0,0.0,0.0,0.0,0.03,0,0,0,0,0,0,0,0,0,0,0,0,0,0,0,0,0,0,0,0,0
3.5297696590423584,0,0.0,0.0,0.0,0.0,0.0,0.0,0.0,0.0,0.03,0,0,0,0,0,0,0,0,0,0,0,0,0,0,0,0,0,0,0,0,0
3.53100323677063,0,0.0,0.0,0.0,0.0,0.0,0.0,0.0,0.0,0.03,0,0,0,0,0,0,0,0,0,0,0,0,0,0,0,0,0,0,0,0,0
3.532382011413574,0,0.0,0.0,0.0,0.0,0.0,0.0,0.0,0.0,0.03,0,0,0,0,0,0,0,0,0,0,0,0,0,0,0,0,0,0,0,0,0
3.5338733196258545,0,0.0,0.0,0.0,0.0,0.0,0.0,0.0,0.0,0.03,0,0,0,0,0,0,0,0,0,0,0,0,0,0,0,0,0,0,0,0,0
3.535045623779297,0,0.0,0.0,0.0,0.0,0.0,0.0,0.0,0.0,0.03,0,0,0,0,0,0,0,0,0,0,0,0,0,0,0,0,0,0,0,0,0
3.5362746715545654,0,0.0,0.0,0.0,0.0,0.0,0.0,0.0,0.0,0.03,0,0,0,0,0,0,0,0,0,0,0,0,0,0,0,0,0,0,0,0,0
3.537684917449951,0,0.0,0.0,0.0,0.0,0.0,0.0,0.0,0.0,0.03,0,0,0,0,0,0,0,0,0,0,0,0,0,0,0,0,0,0,0,0,0
3.5391929149627686,0,0.0,0.0,0.0,0.0,0.0,0.0,0.0,0.0,0.03,0,0,0,0,0,0,0,0,0,0,0,0,0,0,0,0,0,0,0,0,0
3.5402722358703613,0,0.0,0.0,0.0,0.0,0.0,0.0,0.0,0.0,0.03,0,0,0,0,0,0,0,0,0,0,0,0,0,0,0,0,0,0,0,0,0
3.541364908218384,0,0.0,0.0,0.0,0.0,0.0,0.0,0.0,0.0,0.03,0,0,0,0,0,0,0,0,0,0,0,0,0,0,0,0,0,0,0,0,0
3.5424349308013916,0,0.0,0.0,0.0,0.0,0.0,0.0,0.0,0.0,0.03,0,0,0,0,0,0,0,0,0,0,0,0,0,0,0,0,0,0,0,0,0
3.543534755706787,0,0.0,0.0,0.0,0.0,0.0,0.0,0.0,0.0,0.03,0,0,0,0,0,0,0,0,0,0,0,0,0,0,0,0,0,0,0,0,0
3.544741630554199,0,0.0,0.0,0.0,0.0,0.0,0.0,0.0,0.0,0.03,0,0,0,0,0,0,0,0,0,0,0,0,0,0,0,0,0,0,0,0,0
3.545814037322998,0,0.0,0.0,0.0,0.0,0.0,0.0,0.0,0.0,0.03,0,0,0,0,0,0,0,0,0,0,0,0,0,0,0,0,0,0,0,0,0
3.5474350452423096,0,0.0,0.0,0.0,0.0,0.0,0.0,0.0,0.0,0.03,0,0,0,0,0,0,0,0,0,0,0,0,0,0,0,0,0,0,0,0,0
3.5492682456970215,0,0.0,0.0,0.0,0.0,0.0,0.0,0.0,0.0,0.03,0,0,0,0,0,0,0,0,0,0,0,0,0,0,0,0,0,0,0,0,0
3.5504283905029297,0,0.0,0.0,0.0,0.0,0.0,0.0,0.0,0.0,0.03,0,0,0,0,0,0,0,0,0,0,0,0,0,0,0,0,0,0,0,0,0
3.552701711654663,0,0.0,0.0,0.0,0.0,0.0,0.0,0.0,0.0,0.03,0,0,0,0,0,0,0,0,0,0,0,0,0,0,0,0,0,0,0,0,0
3.5538039207458496,0,0.0,0.0,0.0,0.0,0.0,0.0,0.0,0.0,0.03,0,0,0,0,0,0,0,0,0,0,0,0,0,0,0,0,0,0,0,0,0
3.5562186241149902,0,0.0,0.0,0.0,0.0,0.0,0.0,0.0,0.0,0.03,0,0,0,0,0,0,0,0,0,0,0,0,0,0,0,0,0,0,0,0,0
3.55737566947937,0,0.0,0.0,0.0,0.0,0.0,0.0,0.0,0.0,0.03,0,0,0,0,0,0,0,0,0,0,0,0,0,0,0,0,0,0,0,0,0
3.558760166168213,0,0.0,0.0,0.0,0.0,0.0,0.0,0.0,0.0,0.03,0,0,0,0,0,0,0,0,0,0,0,0,0,0,0,0,0,0,0,0,0
3.5605709552764893,0,0.0,0.0,0.0,0.0,0.0,0.0,0.0,0.0,0.03,0,0,0,0,0,0,0,0,0,0,0,0,0,0,0,0,0,0,0,0,0
3.5617153644561768,0,0.0,0.0,0.0,0.0,0.0,0.0,0.0,0.0,0.03,0,0,0,0,0,0,0,0,0,0,0,0,0,0,0,0,0,0,0,0,0
3.5630133152008057,0,0.0,0.0,0.0,0.0,0.0,0.0,0.0,0.0,0.03,0,0,0,0,0,0,0,0,0,0,0,0,0,0,0,0,0,0,0,0,0
3.5665009021759033,0,0.0,0.0,0.0,0.0,0.0,0.0,0.0,0.0,0.03,0,0,0,0,0,0,0,0,0,0,0,0,0,0,0,0,0,0,0,0,0
3.5685276985168457,0,0.0,0.0,0.0,0.0,0.0,0.0,0.0,0.0,0.03,0,0,0,0,0,0,0,0,0,0,0,0,0,0,0,0,0,0,0,0,0
3.570479154586792,0,0.0,0.0,0.0,0.0,0.0,0.0,0.0,0.0,0.03,0,0,0,0,0,0,0,0,0,0,0,0,0,0,0,0,0,0,0,0,0
3.5716018676757812,0,0.0,0.0,0.0,0.0,0.0,0.0,0.0,0.0,0.03,0,0,0,0,0,0,0,0,0,0,0,0,0,0,0,0,0,0,0,0,0
3.5735905170440674,0,0.0,0.0,0.0,0.0,0.0,0.0,0.0,0.0,0.03,0,0,0,0,0,0,0,0,0,0,0,0,0,0,0,0,0,0,0,0,0
3.5746684074401855,0,0.0,0.0,0.0,0.0,0.0,0.0,0.0,0.0,0.03,0,0,0,0,0,0,0,0,0,0,0,0,0,0,0,0,0,0,0,0,0
3.5758676528930664,0,0.0,0.0,0.0,0.0,0.0,0.0,0.0,0.0,0.03,0,0,0,0,0,0,0,0,0,0,0,0,0,0,0,0,0,0,0,0,0
3.5773651599884033,0,0.0,0.0,0.0,0.0,0.0,0.0,0.0,0.0,0.03,0,0,0,0,0,0,0,0,0,0,0,0,0,0,0,0,0,0,0,0,0
3.579051971435547,0,0.0,0.0,0.0,0.0,0.0,0.0,0.0,0.0,0.03,0,0,0,0,0,0,0,0,0,0,0,0,0,0,0,0,0,0,0,0,0
3.5806829929351807,0,0.0,0.0,0.0,0.0,0.0,0.0,0.0,0.0,0.03,0,0,0,0,0,0,0,0,0,0,0,0,0,0,0,0,0,0,0,0,0
3.5822150707244873,0,0.0,0.0,0.0,0.0,0.0,0.0,0.0,0.0,0.03,0,0,0,0,0,0,0,0,0,0,0,0,0,0,0,0,0,0,0,0,0
3.5833306312561035,0,0.0,0.0,0.0,0.0,0.0,0.0,0.0,0.0,0.03,0,0,0,0,0,0,0,0,0,0,0,0,0,0,0,0,0,0,0,0,0
3.5851552486419678,0,0.0,0.0,0.0,0.0,0.0,0.0,0.0,0.0,0.03,0,0,0,0,0,0,0,0,0,0,0,0,0,0,0,0,0,0,0,0,0
3.586223602294922,0,0.0,0.0,0.0,0.0,0.0,0.0,0.0,0.0,0.03,0,0,0,0,0,0,0,0,0,0,0,0,0,0,0,0,0,0,0,0,0
3.5874710083007812,0,0.0,0.0,0.0,0.0,0.0,0.0,0.0,0.0,0.03,0,0,0,0,0,0,0,0,0,0,0,0,0,0,0,0,0,0,0,0,0
3.5885746479034424,0,0.0,0.0,0.0,0.0,0.0,0.0,0.0,0.0,0.03,0,0,0,0,0,0,0,0,0,0,0,0,0,0,0,0,0,0,0,0,0
3.589841604232788,0,0.0,0.0,0.0,0.0,0.0,0.0,0.0,0.0,0.03,0,0,0,0,0,0,0,0,0,0,0,0,0,0,0,0,0,0,0,0,0
3.59118914604187,0,0.0,0.0,0.0,0.0,0.0,0.0,0.0,0.0,0.03,0,0,0,0,0,0,0,0,0,0,0,0,0,0,0,0,0,0,0,0,0
3.592484474182129,0,0.0,0.0,0.0,0.0,0.0,0.0,0.0,0.0,0.03,0,0,0,0,0,0,0,0,0,0,0,0,0,0,0,0,0,0,0,0,0
3.593573808670044,0,0.0,0.0,0.0,0.0,0.0,0.0,0.0,0.0,0.03,0,0,0,0,0,0,0,0,0,0,0,0,0,0,0,0,0,0,0,0,0
3.595357656478882,0,0.0,0.0,0.0,0.0,0.0,0.0,0.0,0.0,0.03,0,0,0,0,0,0,0,0,0,0,0,0,0,0,0,0,0,0,0,0,0
3.5965874195098877,0,0.0,0.0,0.0,0.0,0.0,0.0,0.0,0.0,0.03,0,0,0,0,0,0,0,0,0,0,0,0,0,0,0,0,0,0,0,0,0
3.5978353023529053,0,0.0,0.0,0.0,0.0,0.0,0.0,0.0,0.0,0.03,0,0,0,0,0,0,0,0,0,0,0,0,0,0,0,0,0,0,0,0,0
3.599067211151123,0,0.0,0.0,0.0,0.0,0.0,0.0,0.0,0.0,0.03,0,0,0,0,0,0,0,0,0,0,0,0,0,0,0,0,0,0,0,0,0
3.600339412689209,0,0.0,0.0,0.0,0.0,0.0,0.0,0.0,0.0,0.03,0,0,0,0,0,0,0,0,0,0,0,0,0,0,0,0,0,0,0,0,0
3.601693630218506,0,0.0,0.0,0.0,0.0,0.0,0.0,0.0,0.0,0.03,0,0,0,0,0,0,0,0,0,0,0,0,0,0,0,0,0,0,0,0,0
3.6028287410736084,0,0.0,0.0,0.0,0.0,0.0,0.0,0.0,0.0,0.03,0,0,0,0,0,0,0,0,0,0,0,0,0,0,0,0,0,0,0,0,0
3.605029344558716,0,0.0,0.0,0.0,0.0,0.0,0.0,0.0,0.0,0.03,0,0,0,0,0,0,0,0,0,0,0,0,0,0,0,0,0,0,0,0,0
3.6070079803466797,0,0.0,0.0,0.0,0.0,0.0,0.0,0.0,0.0,0.03,0,0,0,0,0,0,0,0,0,0,0,0,0,0,0,0,0,0,0,0,0
3.6082262992858887,0,0.0,0.0,0.0,0.0,0.0,0.0,0.0,0.0,0.03,0,0,0,0,0,0,0,0,0,0,0,0,0,0,0,0,0,0,0,0,0
3.611084461212158,0,0.0,0.0,0.0,0.0,0.0,0.0,0.0,0.0,0.03,0,0,0,0,0,0,0,0,0,0,0,0,0,0,0,0,0,0,0,0,0
3.6121816635131836,0,0.0,0.0,0.0,0.0,0.0,0.0,0.0,0.0,0.03,0,0,0,0,0,0,0,0,0,0,0,0,0,0,0,0,0,0,0,0,0
3.613398313522339,0,0.0,0.0,0.0,0.0,0.0,0.0,0.0,0.0,0.03,0,0,0,0,0,0,0,0,0,0,0,0,0,0,0,0,0,0,0,0,0
3.6145362854003906,0,0.0,0.0,0.0,0.0,0.0,0.0,0.0,0.0,0.03,0,0,0,0,0,0,0,0,0,0,0,0,0,0,0,0,0,0,0,0,0
3.6156251430511475,0,0.0,0.0,0.0,0.0,0.0,0.0,0.0,0.0,0.03,0,0,0,0,0,0,0,0,0,0,0,0,0,0,0,0,0,0,0,0,0
3.616713523864746,0,0.0,0.0,0.0,0.0,0.0,0.0,0.0,0.0,0.03,0,0,0,0,0,0,0,0,0,0,0,0,0,0,0,0,0,0,0,0,0
3.618082046508789,0,0.0,0.0,0.0,0.0,0.0,0.0,0.0,0.0,0.03,0,0,0,0,0,0,0,0,0,0,0,0,0,0,0,0,0,0,0,0,0
3.6191799640655518,0,0.0,0.0,0.0,0.0,0.0,0.0,0.0,0.0,0.03,0,0,0,0,0,0,0,0,0,0,0,0,0,0,0,0,0,0,0,0,0
3.6204733848571777,0,0.0,0.0,0.0,0.0,0.0,0.0,0.0,0.0,0.03,0,0,0,0,0,0,0,0,0,0,0,0,0,0,0,0,0,0,0,0,0
3.6218371391296387,0,0.0,0.0,0.0,0.0,0.0,0.0,0.0,0.0,0.03,0,0,0,0,0,0,0,0,0,0,0,0,0,0,0,0,0,0,0,0,0
3.6231777667999268,0,0.0,0.0,0.0,0.0,0.0,0.0,0.0,0.0,0.03,0,0,0,0,0,0,0,0,0,0,0,0,0,0,0,0,0,0,0,0,0
3.6244547367095947,0,0.0,0.0,0.0,0.0,0.0,0.0,0.0,0.0,0.03,0,0,0,0,0,0,0,0,0,0,0,0,0,0,0,0,0,0,0,0,0
3.625541925430298,0,0.0,0.0,0.0,0.0,0.0,0.0,0.0,0.0,0.03,0,0,0,0,0,0,0,0,0,0,0,0,0,0,0,0,0,0,0,0,0
3.6278417110443115,0,0.0,0.0,0.0,0.0,0.0,0.0,0.0,0.0,0.03,0,0,0,0,0,0,0,0,0,0,0,0,0,0,0,0,0,0,0,0,0
3.6289498805999756,0,0.0,0.0,0.0,0.0,0.0,0.0,0.0,0.0,0.03,0,0,0,0,0,0,0,0,0,0,0,0,0,0,0,0,0,0,0,0,0
3.6305408477783203,0,0.0,0.0,0.0,0.0,0.0,0.0,0.0,0.0,0.03,0,0,0,0,0,0,0,0,0,0,0,0,0,0,0,0,0,0,0,0,0
3.631638526916504,0,0.0,0.0,0.0,0.0,0.0,0.0,0.0,0.0,0.03,0,0,0,0,0,0,0,0,0,0,0,0,0,0,0,0,0,0,0,0,0
3.6327271461486816,0,0.0,0.0,0.0,0.0,0.0,0.0,0.0,0.0,0.03,0,0,0,0,0,0,0,0,0,0,0,0,0,0,0,0,0,0,0,0,0
3.6356496810913086,0,0.0,0.0,0.0,0.0,0.0,0.0,0.0,0.0,0.03,0,0,0,0,0,0,0,0,0,0,0,0,0,0,0,0,0,0,0,0,0
3.6369032859802246,0,0.0,0.0,0.0,0.0,0.0,0.0,0.0,0.0,0.03,0,0,0,0,0,0,0,0,0,0,0,0,0,0,0,0,0,0,0,0,0
3.63800311088562,0,0.0,0.0,0.0,0.0,0.0,0.0,0.0,0.0,0.03,0,0,0,0,0,0,0,0,0,0,0,0,0,0,0,0,0,0,0,0,0
3.6390674114227295,0,0.0,0.0,0.0,0.0,0.0,0.0,0.0,0.0,0.03,0,0,0,0,0,0,0,0,0,0,0,0,0,0,0,0,0,0,0,0,0
3.6402201652526855,0,0.0,0.0,0.0,0.0,0.0,0.0,0.0,0.0,0.03,0,0,0,0,0,0,0,0,0,0,0,0,0,0,0,0,0,0,0,0,0
3.641374111175537,0,0.0,0.0,0.0,0.0,0.0,0.0,0.0,0.0,0.03,0,0,0,0,0,0,0,0,0,0,0,0,0,0,0,0,0,0,0,0,0
3.64275860786438,0,0.0,0.0,0.0,0.0,0.0,0.0,0.0,0.0,0.03,0,0,0,0,0,0,0,0,0,0,0,0,0,0,0,0,0,0,0,0,0
3.644246816635132,0,0.0,0.0,0.0,0.0,0.0,0.0,0.0,0.0,0.03,0,0,0,0,0,0,0,0,0,0,0,0,0,0,0,0,0,0,0,0,0
3.6454825401306152,0,0.0,0.0,0.0,0.0,0.0,0.0,0.0,0.0,0.03,0,0,0,0,0,0,0,0,0,0,0,0,0,0,0,0,0,0,0,0,0
3.647031307220459,0,0.0,0.0,0.0,0.0,0.0,0.0,0.0,0.0,0.03,0,0,0,0,0,0,0,0,0,0,0,0,0,0,0,0,0,0,0,0,0
3.6484522819519043,0,0.0,0.0,0.0,0.0,0.0,0.0,0.0,0.0,0.03,0,0,0,0,0,0,0,0,0,0,0,0,0,0,0,0,0,0,0,0,0
3.649609327316284,0,0.0,0.0,0.0,0.0,0.0,0.0,0.0,0.0,0.03,0,0,0,0,0,0,0,0,0,0,0,0,0,0,0,0,0,0,0,0,0
3.6507089138031006,0,0.0,0.0,0.0,0.0,0.0,0.0,0.0,0.0,0.03,0,0,0,0,0,0,0,0,0,0,0,0,0,0,0,0,0,0,0,0,0
3.6527528762817383,0,0.0,0.0,0.0,0.0,0.0,0.0,0.0,0.0,0.03,0,0,0,0,0,0,0,0,0,0,0,0,0,0,0,0,0,0,0,0,0
3.6539552211761475,0,0.0,0.0,0.0,0.0,0.0,0.0,0.0,0.0,0.03,0,0,0,0,0,0,0,0,0,0,0,0,0,0,0,0,0,0,0,0,0
3.6550610065460205,0,0.0,0.0,0.0,0.0,0.0,0.0,0.0,0.0,0.03,0,0,0,0,0,0,0,0,0,0,0,0,0,0,0,0,0,0,0,0,0
3.656278133392334,0,0.0,0.0,0.0,0.0,0.0,0.0,0.0,0.0,0.03,0,0,0,0,0,0,0,0,0,0,0,0,0,0,0,0,0,0,0,0,0
3.6575331687927246,0,0.0,0.0,0.0,0.0,0.0,0.0,0.0,0.0,0.03,0,0,0,0,0,0,0,0,0,0,0,0,0,0,0,0,0,0,0,0,0
3.658905267715454,0,0.0,0.0,0.0,0.0,0.0,0.0,0.0,0.0,0.03,0,0,0,0,0,0,0,0,0,0,0,0,0,0,0,0,0,0,0,0,0
3.660248041152954,0,0.0,0.0,0.0,0.0,0.0,0.0,0.0,0.0,0.03,0,0,0,0,0,0,0,0,0,0,0,0,0,0,0,0,0,0,0,0,0
3.661324977874756,0,0.0,0.0,0.0,0.0,0.0,0.0,0.0,0.0,0.03,0,0,0,0,0,0,0,0,0,0,0,0,0,0,0,0,0,0,0,0,0
3.6625125408172607,0,0.0,0.0,0.0,0.0,0.0,0.0,0.0,0.0,0.03,0,0,0,0,0,0,0,0,0,0,0,0,0,0,0,0,0,0,0,0,0
3.6636955738067627,0,0.0,0.0,0.0,0.0,0.0,0.0,0.0,0.0,0.03,0,0,0,0,0,0,0,0,0,0,0,0,0,0,0,0,0,0,0,0,0
3.6650211811065674,0,0.0,0.0,0.0,0.0,0.0,0.0,0.0,0.0,0.03,0,0,0,0,0,0,0,0,0,0,0,0,0,0,0,0,0,0,0,0,0
3.666097640991211,0,0.0,0.0,0.0,0.0,0.0,0.0,0.0,0.0,0.03,0,0,0,0,0,0,0,0,0,0,0,0,0,0,0,0,0,0,0,0,0
3.6675026416778564,0,0.0,0.0,0.0,0.0,0.0,0.0,0.0,0.0,0.03,0,0,0,0,0,0,0,0,0,0,0,0,0,0,0,0,0,0,0,0,0
3.668750762939453,0,0.0,0.0,0.0,0.0,0.0,0.0,0.0,0.0,0.03,0,0,0,0,0,0,0,0,0,0,0,0,0,0,0,0,0,0,0,0,0
3.6701109409332275,0,0.0,0.0,0.0,0.0,0.0,0.0,0.0,0.0,0.03,0,0,0,0,0,0,0,0,0,0,0,0,0,0,0,0,0,0,0,0,0
3.6717660427093506,0,0.0,0.0,0.0,0.0,0.0,0.0,0.0,0.0,0.03,0,0,0,0,0,0,0,0,0,0,0,0,0,0,0,0,0,0,0,0,0
3.672938823699951,0,0.0,0.0,0.0,0.0,0.0,0.0,0.0,0.0,0.03,0,0,0,0,0,0,0,0,0,0,0,0,0,0,0,0,0,0,0,0,0
3.674046039581299,0,0.0,0.0,0.0,0.0,0.0,0.0,0.0,0.0,0.03,0,0,0,0,0,0,0,0,0,0,0,0,0,0,0,0,0,0,0,0,0
3.6762492656707764,0,0.0,0.0,0.0,0.0,0.0,0.0,0.0,0.0,0.03,0,0,0,0,0,0,0,0,0,0,0,0,0,0,0,0,0,0,0,0,0
3.677696704864502,0,0.0,0.0,0.0,0.0,0.0,0.0,0.0,0.0,0.03,0,0,0,0,0,0,0,0,0,0,0,0,0,0,0,0,0,0,0,0,0
3.6794190406799316,0,0.0,0.0,0.0,0.0,0.0,0.0,0.0,0.0,0.03,0,0,0,0,0,0,0,0,0,0,0,0,0,0,0,0,0,0,0,0,0
3.6807780265808105,0,0.0,0.0,0.0,0.0,0.0,0.0,0.0,0.0,0.03,0,0,0,0,0,0,0,0,0,0,0,0,0,0,0,0,0,0,0,0,0
3.6832969188690186,0,0.0,0.0,0.0,0.0,0.0,0.0,0.0,0.0,0.03,0,0,0,0,0,0,0,0,0,0,0,0,0,0,0,0,0,0,0,0,0
3.684561014175415,0,0.0,0.0,0.0,0.0,0.0,0.0,0.0,0.0,0.03,0,0,0,0,0,0,0,0,0,0,0,0,0,0,0,0,0,0,0,0,0
3.685804843902588,0,0.0,0.0,0.0,0.0,0.0,0.0,0.0,0.0,0.03,0,0,0,0,0,0,0,0,0,0,0,0,0,0,0,0,0,0,0,0,0
3.686903715133667,0,0.0,0.0,0.0,0.0,0.0,0.0,0.0,0.0,0.03,0,0,0,0,0,0,0,0,0,0,0,0,0,0,0,0,0,0,0,0,0
3.6883957386016846,0,0.0,0.0,0.0,0.0,0.0,0.0,0.0,0.0,0.03,0,0,0,0,0,0,0,0,0,0,0,0,0,0,0,0,0,0,0,0,0
3.6895034313201904,0,0.0,0.0,0.0,0.0,0.0,0.0,0.0,0.0,0.03,0,0,0,0,0,0,0,0,0,0,0,0,0,0,0,0,0,0,0,0,0
3.690892219543457,0,0.0,0.0,0.0,0.0,0.0,0.0,0.0,0.0,0.03,0,0,0,0,0,0,0,0,0,0,0,0,0,0,0,0,0,0,0,0,0
3.692180633544922,0,0.0,0.0,0.0,0.0,0.0,0.0,0.0,0.0,0.03,0,0,0,0,0,0,0,0,0,0,0,0,0,0,0,0,0,0,0,0,0
3.6932806968688965,0,0.0,0.0,0.0,0.0,0.0,0.0,0.0,0.0,0.03,0,0,0,0,0,0,0,0,0,0,0,0,0,0,0,0,0,0,0,0,0
3.6945717334747314,0,0.0,0.0,0.0,0.0,0.0,0.0,0.0,0.0,0.03,0,0,0,0,0,0,0,0,0,0,0,0,0,0,0,0,0,0,0,0,0
3.695835590362549,0,0.0,0.0,0.0,0.0,0.0,0.0,0.0,0.0,0.03,0,0,0,0,0,0,0,0,0,0,0,0,0,0,0,0,0,0,0,0,0
3.6976375579833984,0,0.0,0.0,0.0,0.0,0.0,0.0,0.0,0.0,0.03,0,0,0,0,0,0,0,0,0,0,0,0,0,0,0,0,0,0,0,0,0
3.699812650680542,0,0.0,0.0,0.0,0.0,0.0,0.0,0.0,0.0,0.03,0,0,0,0,0,0,0,0,0,0,0,0,0,0,0,0,0,0,0,0,0
3.70143461227417,0,0.0,0.0,0.0,0.0,0.0,0.0,0.0,0.0,0.03,0,0,0,0,0,0,0,0,0,0,0,0,0,0,0,0,0,0,0,0,0
3.7034173011779785,0,0.0,0.0,0.0,0.0,0.0,0.0,0.0,0.0,0.03,0,0,0,0,0,0,0,0,0,0,0,0,0,0,0,0,0,0,0,0,0
3.705209970474243,0,0.0,0.0,0.0,0.0,0.0,0.0,0.0,0.0,0.03,0,0,0,0,0,0,0,0,0,0,0,0,0,0,0,0,0,0,0,0,0
3.706329345703125,0,0.0,0.0,0.0,0.0,0.0,0.0,0.0,0.0,0.03,0,0,0,0,0,0,0,0,0,0,0,0,0,0,0,0,0,0,0,0,0
3.7075400352478027,0,0.0,0.0,0.0,0.0,0.0,0.0,0.0,0.0,0.03,0,0,0,0,0,0,0,0,0,0,0,0,0,0,0,0,0,0,0,0,0
3.7102057933807373,0,0.0,0.0,0.0,0.0,0.0,0.0,0.0,0.0,0.03,0,0,0,0,0,0,0,0,0,0,0,0,0,0,0,0,0,0,0,0,0
3.711662769317627,0,0.0,0.0,0.0,0.0,0.0,0.0,0.0,0.0,0.03,0,0,0,0,0,0,0,0,0,0,0,0,0,0,0,0,0,0,0,0,0
3.7162091732025146,0,0.0,0.0,0.0,0.0,0.0,0.0,0.0,0.0,0.03,0,0,0,0,0,0,0,0,0,0,0,0,0,0,0,0,0,0,0,0,0
3.7173540592193604,0,0.0,0.0,0.0,0.0,0.0,0.0,0.0,0.0,0.03,0,0,0,0,0,0,0,0,0,0,0,0,0,0,0,0,0,0,0,0,0
3.718597650527954,0,0.0,0.0,0.0,0.0,0.0,0.0,0.0,0.0,0.03,0,0,0,0,0,0,0,0,0,0,0,0,0,0,0,0,0,0,0,0,0
3.719843864440918,0,0.0,0.0,0.0,0.0,0.0,0.0,0.0,0.0,0.03,0,0,0,0,0,0,0,0,0,0,0,0,0,0,0,0,0,0,0,0,0
3.7209715843200684,0,0.0,0.0,0.0,0.0,0.0,0.0,0.0,0.0,0.03,0,0,0,0,0,0,0,0,0,0,0,0,0,0,0,0,0,0,0,0,0
3.7227892875671387,0,0.0,0.0,0.0,0.0,0.0,0.0,0.0,0.0,0.03,0,0,0,0,0,0,0,0,0,0,0,0,0,0,0,0,0,0,0,0,0
3.7245094776153564,0,0.0,0.0,0.0,0.0,0.0,0.0,0.0,0.0,0.03,0,0,0,0,0,0,0,0,0,0,0,0,0,0,0,0,0,0,0,0,0
3.7260987758636475,0,0.0,0.0,0.0,0.0,0.0,0.0,0.0,0.0,0.03,0,0,0,0,0,0,0,0,0,0,0,0,0,0,0,0,0,0,0,0,0
3.7273051738739014,0,0.0,0.0,0.0,0.0,0.0,0.0,0.0,0.0,0.03,0,0,0,0,0,0,0,0,0,0,0,0,0,0,0,0,0,0,0,0,0
3.728456735610962,0,0.0,0.0,0.0,0.0,0.0,0.0,0.0,0.0,0.03,0,0,0,0,0,0,0,0,0,0,0,0,0,0,0,0,0,0,0,0,0
3.729888916015625,0,0.0,0.0,0.0,0.0,0.0,0.0,0.0,0.0,0.03,0,0,0,0,0,0,0,0,0,0,0,0,0,0,0,0,0,0,0,0,0
3.731271743774414,0,0.0,0.0,0.0,0.0,0.0,0.0,0.0,0.0,0.03,0,0,0,0,0,0,0,0,0,0,0,0,0,0,0,0,0,0,0,0,0
3.732640027999878,0,0.0,0.0,0.0,0.0,0.0,0.0,0.0,0.0,0.03,0,0,0,0,0,0,0,0,0,0,0,0,0,0,0,0,0,0,0,0,0
3.733938217163086,0,0.0,0.0,0.0,0.0,0.0,0.0,0.0,0.0,0.03,0,0,0,0,0,0,0,0,0,0,0,0,0,0,0,0,0,0,0,0,0
3.735351324081421,0,0.0,0.0,0.0,0.0,0.0,0.0,0.0,0.0,0.03,0,0,0,0,0,0,0,0,0,0,0,0,0,0,0,0,0,0,0,0,0
3.736583948135376,0,0.0,0.0,0.0,0.0,0.0,0.0,0.0,0.0,0.03,0,0,0,0,0,0,0,0,0,0,0,0,0,0,0,0,0,0,0,0,0
3.7383456230163574,0,0.0,0.0,0.0,0.0,0.0,0.0,0.0,0.0,0.03,0,0,0,0,0,0,0,0,0,0,0,0,0,0,0,0,0,0,0,0,0
3.7399001121520996,0,0.0,0.0,0.0,0.0,0.0,0.0,0.0,0.0,0.03,0,0,0,0,0,0,0,0,0,0,0,0,0,0,0,0,0,0,0,0,0
3.7409932613372803,0,0.0,0.0,0.0,0.0,0.0,0.0,0.0,0.0,0.03,0,0,0,0,0,0,0,0,0,0,0,0,0,0,0,0,0,0,0,0,0
3.7422120571136475,0,0.0,0.0,0.0,0.0,0.0,0.0,0.0,0.0,0.03,0,0,0,0,0,0,0,0,0,0,0,0,0,0,0,0,0,0,0,0,0
3.7433152198791504,0,0.0,0.0,0.0,0.0,0.0,0.0,0.0,0.0,0.03,0,0,0,0,0,0,0,0,0,0,0,0,0,0,0,0,0,0,0,0,0
3.74440598487854,0,0.0,0.0,0.0,0.0,0.0,0.0,0.0,0.0,0.03,0,0,0,0,0,0,0,0,0,0,0,0,0,0,0,0,0,0,0,0,0
3.7455039024353027,0,0.0,0.0,0.0,0.0,0.0,0.0,0.0,0.0,0.03,0,0,0,0,0,0,0,0,0,0,0,0,0,0,0,0,0,0,0,0,0
3.7466416358947754,0,0.0,0.0,0.0,0.0,0.0,0.0,0.0,0.0,0.03,0,0,0,0,0,0,0,0,0,0,0,0,0,0,0,0,0,0,0,0,0
3.748969793319702,0,0.0,0.0,0.0,0.0,0.0,0.0,0.0,0.0,0.03,0,0,0,0,0,0,0,0,0,0,0,0,0,0,0,0,0,0,0,0,0
3.7506697177886963,0,0.0,0.0,0.0,0.0,0.0,0.0,0.0,0.0,0.03,0,0,0,0,0,0,0,0,0,0,0,0,0,0,0,0,0,0,0,0,0
3.752264976501465,0,0.0,0.0,0.0,0.0,0.0,0.0,0.0,0.0,0.03,0,0,0,0,0,0,0,0,0,0,0,0,0,0,0,0,0,0,0,0,0
3.7536046504974365,0,0.0,0.0,0.0,0.0,0.0,0.0,0.0,0.0,0.03,0,0,0,0,0,0,0,0,0,0,0,0,0,0,0,0,0,0,0,0,0
3.754851818084717,0,0.0,0.0,0.0,0.0,0.0,0.0,0.0,0.0,0.03,0,0,0,0,0,0,0,0,0,0,0,0,0,0,0,0,0,0,0,0,0
3.7565481662750244,0,0.0,0.0,0.0,0.0,0.0,0.0,0.0,0.0,0.03,0,0,0,0,0,0,0,0,0,0,0,0,0,0,0,0,0,0,0,0,0
3.7579379081726074,0,0.0,0.0,0.0,0.0,0.0,0.0,0.0,0.0,0.03,0,0,0,0,0,0,0,0,0,0,0,0,0,0,0,0,0,0,0,0,0
3.759185314178467,0,0.0,0.0,0.0,0.0,0.0,0.0,0.0,0.0,0.03,0,0,0,0,0,0,0,0,0,0,0,0,0,0,0,0,0,0,0,0,0
3.7604010105133057,0,0.0,0.0,0.0,0.0,0.0,0.0,0.0,0.0,0.03,0,0,0,0,0,0,0,0,0,0,0,0,0,0,0,0,0,0,0,0,0
3.7621142864227295,0,0.0,0.0,0.0,0.0,0.0,0.0,0.0,0.0,0.03,0,0,0,0,0,0,0,0,0,0,0,0,0,0,0,0,0,0,0,0,0
3.763216495513916,0,0.0,0.0,0.0,0.0,0.0,0.0,0.0,0.0,0.03,0,0,0,0,0,0,0,0,0,0,0,0,0,0,0,0,0,0,0,0,0
3.76438570022583,0,0.0,0.0,0.0,0.0,0.0,0.0,0.0,0.0,0.03,0,0,0,0,0,0,0,0,0,0,0,0,0,0,0,0,0,0,0,0,0
3.7654807567596436,0,0.0,0.0,0.0,0.0,0.0,0.0,0.0,0.0,0.03,0,0,0,0,0,0,0,0,0,0,0,0,0,0,0,0,0,0,0,0,0
3.766963481903076,0,0.0,0.0,0.0,0.0,0.0,0.0,0.0,0.0,0.03,0,0,0,0,0,0,0,0,0,0,0,0,0,0,0,0,0,0,0,0,0
3.768684148788452,0,0.0,0.0,0.0,0.0,0.0,0.0,0.0,0.0,0.03,0,0,0,0,0,0,0,0,0,0,0,0,0,0,0,0,0,0,0,0,0
3.771345615386963,0,0.0,0.0,0.0,0.0,0.0,0.0,0.0,0.0,0.03,0,0,0,0,0,0,0,0,0,0,0,0,0,0,0,0,0,0,0,0,0
3.7734625339508057,0,0.0,0.0,0.0,0.0,0.0,0.0,0.0,0.0,0.03,0,0,0,0,0,0,0,0,0,0,0,0,0,0,0,0,0,0,0,0,0
3.774571418762207,0,0.0,0.0,0.0,0.0,0.0,0.0,0.0,0.0,0.03,0,0,0,0,0,0,0,0,0,0,0,0,0,0,0,0,0,0,0,0,0
3.7762863636016846,0,0.0,0.0,0.0,0.0,0.0,0.0,0.0,0.0,0.03,0,0,0,0,0,0,0,0,0,0,0,0,0,0,0,0,0,0,0,0,0
3.7780985832214355,0,0.0,0.0,0.0,0.0,0.0,0.0,0.0,0.0,0.03,0,0,0,0,0,0,0,0,0,0,0,0,0,0,0,0,0,0,0,0,0
3.779505491256714,0,0.0,0.0,0.0,0.0,0.0,0.0,0.0,0.0,0.03,0,0,0,0,0,0,0,0,0,0,0,0,0,0,0,0,0,0,0,0,0
3.781698226928711,0,0.0,0.0,0.0,0.0,0.0,0.0,0.0,0.0,0.03,0,0,0,0,0,0,0,0,0,0,0,0,0,0,0,0,0,0,0,0,0
3.7827913761138916,0,0.0,0.0,0.0,0.0,0.0,0.0,0.0,0.0,0.03,0,0,0,0,0,0,0,0,0,0,0,0,0,0,0,0,0,0,0,0,0
3.7838783264160156,0,0.0,0.0,0.0,0.0,0.0,0.0,0.0,0.0,0.03,0,0,0,0,0,0,0,0,0,0,0,0,0,0,0,0,0,0,0,0,0
3.7871620655059814,0,0.0,0.0,0.0,0.0,0.0,0.0,0.0,0.0,0.03,0,0,0,0,0,0,0,0,0,0,0,0,0,0,0,0,0,0,0,0,0
3.789292097091675,0,0.0,0.0,0.0,0.0,0.0,0.0,0.0,0.0,0.03,0,0,0,0,0,0,0,0,0,0,0,0,0,0,0,0,0,0,0,0,0
3.7907097339630127,0,0.0,0.0,0.0,0.0,0.0,0.0,0.0,0.0,0.03,0,0,0,0,0,0,0,0,0,0,0,0,0,0,0,0,0,0,0,0,0
3.7925803661346436,0,0.0,0.0,0.0,0.0,0.0,0.0,0.0,0.0,0.03,0,0,0,0,0,0,0,0,0,0,0,0,0,0,0,0,0,0,0,0,0
3.793715238571167,0,0.0,0.0,0.0,0.0,0.0,0.0,0.0,0.0,0.03,0,0,0,0,0,0,0,0,0,0,0,0,0,0,0,0,0,0,0,0,0
3.795264482498169,0,0.0,0.0,0.0,0.0,0.0,0.0,0.0,0.0,0.03,0,0,0,0,0,0,0,0,0,0,0,0,0,0,0,0,0,0,0,0,0
3.7964930534362793,0,0.0,0.0,0.0,0.0,0.0,0.0,0.0,0.0,0.03,0,0,0,0,0,0,0,0,0,0,0,0,0,0,0,0,0,0,0,0,0
3.7979071140289307,0,0.0,0.0,0.0,0.0,0.0,0.0,0.0,0.0,0.03,0,0,0,0,0,0,0,0,0,0,0,0,0,0,0,0,0,0,0,0,0
3.7990779876708984,0,0.0,0.0,0.0,0.0,0.0,0.0,0.0,0.0,0.03,0,0,0,0,0,0,0,0,0,0,0,0,0,0,0,0,0,0,0,0,0
3.8006110191345215,0,0.0,0.0,0.0,0.0,0.0,0.0,0.0,0.0,0.03,0,0,0,0,0,0,0,0,0,0,0,0,0,0,0,0,0,0,0,0,0
3.8021719455718994,0,0.0,0.0,0.0,0.0,0.0,0.0,0.0,0.0,0.03,0,0,0,0,0,0,0,0,0,0,0,0,0,0,0,0,0,0,0,0,0
3.8034722805023193,0,0.0,0.0,0.0,0.0,0.0,0.0,0.0,0.0,0.03,0,0,0,0,0,0,0,0,0,0,0,0,0,0,0,0,0,0,0,0,0
3.8046579360961914,0,0.0,0.0,0.0,0.0,0.0,0.0,0.0,0.0,0.03,0,0,0,0,0,0,0,0,0,0,0,0,0,0,0,0,0,0,0,0,0
3.805764675140381,0,0.0,0.0,0.0,0.0,0.0,0.0,0.0,0.0,0.03,0,0,0,0,0,0,0,0,0,0,0,0,0,0,0,0,0,0,0,0,0
3.8069610595703125,0,0.0,0.0,0.0,0.0,0.0,0.0,0.0,0.0,0.03,0,0,0,0,0,0,0,0,0,0,0,0,0,0,0,0,0,0,0,0,0
3.8080246448516846,0,0.0,0.0,0.0,0.0,0.0,0.0,0.0,0.0,0.03,0,0,0,0,0,0,0,0,0,0,0,0,0,0,0,0,0,0,0,0,0
3.8092098236083984,0,0.0,0.0,0.0,0.0,0.0,0.0,0.0,0.0,0.03,0,0,0,0,0,0,0,0,0,0,0,0,0,0,0,0,0,0,0,0,0
3.8104140758514404,0,0.0,0.0,0.0,0.0,0.0,0.0,0.0,0.0,0.03,0,0,0,0,0,0,0,0,0,0,0,0,0,0,0,0,0,0,0,0,0
3.8115460872650146,0,0.0,0.0,0.0,0.0,0.0,0.0,0.0,0.0,0.03,0,0,0,0,0,0,0,0,0,0,0,0,0,0,0,0,0,0,0,0,0
3.8127410411834717,0,0.0,0.0,0.0,0.0,0.0,0.0,0.0,0.0,0.03,0,0,0,0,0,0,0,0,0,0,0,0,0,0,0,0,0,0,0,0,0
3.8138017654418945,0,0.0,0.0,0.0,0.0,0.0,0.0,0.0,0.0,0.03,0,0,0,0,0,0,0,0,0,0,0,0,0,0,0,0,0,0,0,0,0
3.815204381942749,0,0.0,0.0,0.0,0.0,0.0,0.0,0.0,0.0,0.03,0,0,0,0,0,0,0,0,0,0,0,0,0,0,0,0,0,0,0,0,0
3.8167564868927,0,0.0,0.0,0.0,0.0,0.0,0.0,0.0,0.0,0.03,0,0,0,0,0,0,0,0,0,0,0,0,0,0,0,0,0,0,0,0,0
3.8178436756134033,0,0.0,0.0,0.0,0.0,0.0,0.0,0.0,0.0,0.03,0,0,0,0,0,0,0,0,0,0,0,0,0,0,0,0,0,0,0,0,0
3.819326162338257,0,0.0,0.0,0.0,0.0,0.0,0.0,0.0,0.0,0.03,0,0,0,0,0,0,0,0,0,0,0,0,0,0,0,0,0,0,0,0,0
3.820580244064331,0,0.0,0.0,0.0,0.0,0.0,0.0,0.0,0.0,0.03,0,0,0,0,0,0,0,0,0,0,0,0,0,0,0,0,0,0,0,0,0
3.8219189643859863,0,0.0,0.0,0.0,0.0,0.0,0.0,0.0,0.0,0.03,0,0,0,0,0,0,0,0,0,0,0,0,0,0,0,0,0,0,0,0,0
3.823211669921875,0,0.0,0.0,0.0,0.0,0.0,0.0,0.0,0.0,0.03,0,0,0,0,0,0,0,0,0,0,0,0,0,0,0,0,0,0,0,0,0
3.8256311416625977,0,0.0,0.0,0.0,0.0,0.0,0.0,0.0,0.0,0.03,0,0,0,0,0,0,0,0,0,0,0,0,0,0,0,0,0,0,0,0,0
3.8274178504943848,0,0.0,0.0,0.0,0.0,0.0,0.0,0.0,0.0,0.03,0,0,0,0,0,0,0,0,0,0,0,0,0,0,0,0,0,0,0,0,0
3.828782796859741,0,0.0,0.0,0.0,0.0,0.0,0.0,0.0,0.0,0.03,0,0,0,0,0,0,0,0,0,0,0,0,0,0,0,0,0,0,0,0,0
3.830441474914551,0,0.0,0.0,0.0,0.0,0.0,0.0,0.0,0.0,0.03,0,0,0,0,0,0,0,0,0,0,0,0,0,0,0,0,0,0,0,0,0
3.8321216106414795,0,0.0,0.0,0.0,0.0,0.0,0.0,0.0,0.0,0.03,0,0,0,0,0,0,0,0,0,0,0,0,0,0,0,0,0,0,0,0,0
3.833207368850708,0,0.0,0.0,0.0,0.0,0.0,0.0,0.0,0.0,0.03,0,0,0,0,0,0,0,0,0,0,0,0,0,0,0,0,0,0,0,0,0
3.8343276977539062,0,0.0,0.0,0.0,0.0,0.0,0.0,0.0,0.0,0.03,0,0,0,0,0,0,0,0,0,0,0,0,0,0,0,0,0,0,0,0,0
3.8354554176330566,0,0.0,0.0,0.0,0.0,0.0,0.0,0.0,0.0,0.03,0,0,0,0,0,0,0,0,0,0,0,0,0,0,0,0,0,0,0,0,0
3.836745500564575,0,0.0,0.0,0.0,0.0,0.0,0.0,0.0,0.0,0.03,0,0,0,0,0,0,0,0,0,0,0,0,0,0,0,0,0,0,0,0,0
3.8397819995880127,0,0.0,0.0,0.0,0.0,0.0,0.0,0.0,0.0,0.03,0,0,0,0,0,0,0,0,0,0,0,0,0,0,0,0,0,0,0,0,0
3.841552734375,0,0.0,0.0,0.0,0.0,0.0,0.0,0.0,0.0,0.03,0,0,0,0,0,0,0,0,0,0,0,0,0,0,0,0,0,0,0,0,0
3.84294056892395,0,0.0,0.0,0.0,0.0,0.0,0.0,0.0,0.0,0.03,0,0,0,0,0,0,0,0,0,0,0,0,0,0,0,0,0,0,0,0,0
3.8442537784576416,0,0.0,0.0,0.0,0.0,0.0,0.0,0.0,0.0,0.03,0,0,0,0,0,0,0,0,0,0,0,0,0,0,0,0,0,0,0,0,0
3.846229314804077,0,0.0,0.0,0.0,0.0,0.0,0.0,0.0,0.0,0.03,0,0,0,0,0,0,0,0,0,0,0,0,0,0,0,0,0,0,0,0,0
3.8474533557891846,0,0.0,0.0,0.0,0.0,0.0,0.0,0.0,0.0,0.03,0,0,0,0,0,0,0,0,0,0,0,0,0,0,0,0,0,0,0,0,0
3.8485560417175293,0,0.0,0.0,0.0,0.0,0.0,0.0,0.0,0.0,0.03,0,0,0,0,0,0,0,0,0,0,0,0,0,0,0,0,0,0,0,0,0
3.8504748344421387,0,0.0,0.0,0.0,0.0,0.0,0.0,0.0,0.0,0.03,0,0,0,0,0,0,0,0,0,0,0,0,0,0,0,0,0,0,0,0,0
3.851743221282959,0,0.0,0.0,0.0,0.0,0.0,0.0,0.0,0.0,0.03,0,0,0,0,0,0,0,0,0,0,0,0,0,0,0,0,0,0,0,0,0
3.8550853729248047,0,0.0,0.0,0.0,0.0,0.0,0.0,0.0,0.0,0.03,0,0,0,0,0,0,0,0,0,0,0,0,0,0,0,0,0,0,0,0,0
3.8564364910125732,0,0.0,0.0,0.0,0.0,0.0,0.0,0.0,0.0,0.03,0,0,0,0,0,0,0,0,0,0,0,0,0,0,0,0,0,0,0,0,0
3.8576738834381104,0,0.0,0.0,0.0,0.0,0.0,0.0,0.0,0.0,0.03,0,0,0,0,0,0,0,0,0,0,0,0,0,0,0,0,0,0,0,0,0
3.8598361015319824,0,0.0,0.0,0.0,0.0,0.0,0.0,0.0,0.0,0.03,0,0,0,0,0,0,0,0,0,0,0,0,0,0,0,0,0,0,0,0,0
3.8615572452545166,0,0.0,0.0,0.0,0.0,0.0,0.0,0.0,0.0,0.03,0,0,0,0,0,0,0,0,0,0,0,0,0,0,0,0,0,0,0,0,0
3.8634133338928223,0,0.0,0.0,0.0,0.0,0.0,0.0,0.0,0.0,0.03,0,0,0,0,0,0,0,0,0,0,0,0,0,0,0,0,0,0,0,0,0
3.8646600246429443,0,0.0,0.0,0.0,0.0,0.0,0.0,0.0,0.0,0.03,0,0,0,0,0,0,0,0,0,0,0,0,0,0,0,0,0,0,0,0,0
3.8661062717437744,0,0.0,0.0,0.0,0.0,0.0,0.0,0.0,0.0,0.03,0,0,0,0,0,0,0,0,0,0,0,0,0,0,0,0,0,0,0,0,0
3.867577314376831,0,0.0,0.0,0.0,0.0,0.0,0.0,0.0,0.0,0.03,0,0,0,0,0,0,0,0,0,0,0,0,0,0,0,0,0,0,0,0,0
3.8694474697113037,0,0.0,0.0,0.0,0.0,0.0,0.0,0.0,0.0,0.03,0,0,0,0,0,0,0,0,0,0,0,0,0,0,0,0,0,0,0,0,0
3.8713183403015137,0,0.0,0.0,0.0,0.0,0.0,0.0,0.0,0.0,0.03,0,0,0,0,0,0,0,0,0,0,0,0,0,0,0,0,0,0,0,0,0
3.8725128173828125,0,0.0,0.0,0.0,0.0,0.0,0.0,0.0,0.0,0.03,0,0,0,0,0,0,0,0,0,0,0,0,0,0,0,0,0,0,0,0,0
3.873697519302368,0,0.0,0.0,0.0,0.0,0.0,0.0,0.0,0.0,0.03,0,0,0,0,0,0,0,0,0,0,0,0,0,0,0,0,0,0,0,0,0
3.8748865127563477,0,0.0,0.0,0.0,0.0,0.0,0.0,0.0,0.0,0.03,0,0,0,0,0,0,0,0,0,0,0,0,0,0,0,0,0,0,0,0,0
3.876009464263916,0,0.0,0.0,0.0,0.0,0.0,0.0,0.0,0.0,0.03,0,0,0,0,0,0,0,0,0,0,0,0,0,0,0,0,0,0,0,0,0
3.8771090507507324,0,0.0,0.0,0.0,0.0,0.0,0.0,0.0,0.0,0.03,0,0,0,0,0,0,0,0,0,0,0,0,0,0,0,0,0,0,0,0,0
3.878248929977417,0,0.0,0.0,0.0,0.0,0.0,0.0,0.0,0.0,0.03,0,0,0,0,0,0,0,0,0,0,0,0,0,0,0,0,0,0,0,0,0
3.8794260025024414,0,0.0,0.0,0.0,0.0,0.0,0.0,0.0,0.0,0.03,0,0,0,0,0,0,0,0,0,0,0,0,0,0,0,0,0,0,0,0,0
3.880559206008911,0,0.0,0.0,0.0,0.0,0.0,0.0,0.0,0.0,0.03,0,0,0,0,0,0,0,0,0,0,0,0,0,0,0,0,0,0,0,0,0
3.8818023204803467,0,0.0,0.0,0.0,0.0,0.0,0.0,0.0,0.0,0.03,0,0,0,0,0,0,0,0,0,0,0,0,0,0,0,0,0,0,0,0,0
3.8828914165496826,0,0.0,0.0,0.0,0.0,0.0,0.0,0.0,0.0,0.03,0,0,0,0,0,0,0,0,0,0,0,0,0,0,0,0,0,0,0,0,0
3.884406566619873,0,0.0,0.0,0.0,0.0,0.0,0.0,0.0,0.0,0.03,0,0,0,0,0,0,0,0,0,0,0,0,0,0,0,0,0,0,0,0,0
3.886204957962036,0,0.0,0.0,0.0,0.0,0.0,0.0,0.0,0.0,0.03,0,0,0,0,0,0,0,0,0,0,0,0,0,0,0,0,0,0,0,0,0
3.887972354888916,0,0.0,0.0,0.0,0.0,0.0,0.0,0.0,0.0,0.03,0,0,0,0,0,0,0,0,0,0,0,0,0,0,0,0,0,0,0,0,0
3.8901638984680176,0,0.0,0.0,0.0,0.0,0.0,0.0,0.0,0.0,0.03,0,0,0,0,0,0,0,0,0,0,0,0,0,0,0,0,0,0,0,0,0
3.891413688659668,0,0.0,0.0,0.0,0.0,0.0,0.0,0.0,0.0,0.03,0,0,0,0,0,0,0,0,0,0,0,0,0,0,0,0,0,0,0,0,0
3.892871618270874,0,0.0,0.0,0.0,0.0,0.0,0.0,0.0,0.0,0.03,0,0,0,0,0,0,0,0,0,0,0,0,0,0,0,0,0,0,0,0,0
3.8943448066711426,0,0.0,0.0,0.0,0.0,0.0,0.0,0.0,0.0,0.03,0,0,0,0,0,0,0,0,0,0,0,0,0,0,0,0,0,0,0,0,0
3.8957879543304443,0,0.0,0.0,0.0,0.0,0.0,0.0,0.0,0.0,0.03,0,0,0,0,0,0,0,0,0,0,0,0,0,0,0,0,0,0,0,0,0
3.897343158721924,0,0.0,0.0,0.0,0.0,0.0,0.0,0.0,0.0,0.03,0,0,0,0,0,0,0,0,0,0,0,0,0,0,0,0,0,0,0,0,0
3.8987154960632324,0,0.0,0.0,0.0,0.0,0.0,0.0,0.0,0.0,0.03,0,0,0,0,0,0,0,0,0,0,0,0,0,0,0,0,0,0,0,0,0
3.9001481533050537,0,0.0,0.0,0.0,0.0,0.0,0.0,0.0,0.0,0.03,0,0,0,0,0,0,0,0,0,0,0,0,0,0,0,0,0,0,0,0,0
3.90195631980896,0,0.0,0.0,0.0,0.0,0.0,0.0,0.0,0.0,0.03,0,0,0,0,0,0,0,0,0,0,0,0,0,0,0,0,0,0,0,0,0
3.9030532836914062,0,0.0,0.0,0.0,0.0,0.0,0.0,0.0,0.0,0.03,0,0,0,0,0,0,0,0,0,0,0,0,0,0,0,0,0,0,0,0,0
3.9043309688568115,0,0.0,0.0,0.0,0.0,0.0,0.0,0.0,0.0,0.03,0,0,0,0,0,0,0,0,0,0,0,0,0,0,0,0,0,0,0,0,0
3.9054746627807617,0,0.0,0.0,0.0,0.0,0.0,0.0,0.0,0.0,0.03,0,0,0,0,0,0,0,0,0,0,0,0,0,0,0,0,0,0,0,0,0
3.9065768718719482,0,0.0,0.0,0.0,0.0,0.0,0.0,0.0,0.0,0.03,0,0,0,0,0,0,0,0,0,0,0,0,0,0,0,0,0,0,0,0,0
3.907651901245117,0,0.0,0.0,0.0,0.0,0.0,0.0,0.0,0.0,0.03,0,0,0,0,0,0,0,0,0,0,0,0,0,0,0,0,0,0,0,0,0
3.9090678691864014,0,0.0,0.0,0.0,0.0,0.0,0.0,0.0,0.0,0.03,0,0,0,0,0,0,0,0,0,0,0,0,0,0,0,0,0,0,0,0,0
3.910818099975586,0,0.0,0.0,0.0,0.0,0.0,0.0,0.0,0.0,0.03,0,0,0,0,0,0,0,0,0,0,0,0,0,0,0,0,0,0,0,0,0
3.9120349884033203,0,0.0,0.0,0.0,0.0,0.0,0.0,0.0,0.0,0.03,0,0,0,0,0,0,0,0,0,0,0,0,0,0,0,0,0,0,0,0,0
3.9134769439697266,0,0.0,0.0,0.0,0.0,0.0,0.0,0.0,0.0,0.03,0,0,0,0,0,0,0,0,0,0,0,0,0,0,0,0,0,0,0,0,0
3.9147744178771973,0,0.0,0.0,0.0,0.0,0.0,0.0,0.0,0.0,0.03,0,0,0,0,0,0,0,0,0,0,0,0,0,0,0,0,0,0,0,0,0
3.9160711765289307,0,0.0,0.0,0.0,0.0,0.0,0.0,0.0,0.0,0.03,0,0,0,0,0,0,0,0,0,0,0,0,0,0,0,0,0,0,0,0,0
3.9171831607818604,0,0.0,0.0,0.0,0.0,0.0,0.0,0.0,0.0,0.03,0,0,0,0,0,0,0,0,0,0,0,0,0,0,0,0,0,0,0,0,0
3.9183738231658936,0,0.0,0.0,0.0,0.0,0.0,0.0,0.0,0.0,0.03,0,0,0,0,0,0,0,0,0,0,0,0,0,0,0,0,0,0,0,0,0
3.919583320617676,0,0.0,0.0,0.0,0.0,0.0,0.0,0.0,0.0,0.03,0,0,0,0,0,0,0,0,0,0,0,0,0,0,0,0,0,0,0,0,0
3.9207849502563477,0,0.0,0.0,0.0,0.0,0.0,0.0,0.0,0.0,0.03,0,0,0,0,0,0,0,0,0,0,0,0,0,0,0,0,0,0,0,0,0
3.922541856765747,0,0.0,0.0,0.0,0.0,0.0,0.0,0.0,0.0,0.03,0,0,0,0,0,0,0,0,0,0,0,0,0,0,0,0,0,0,0,0,0
3.92401385307312,0,0.0,0.0,0.0,0.0,0.0,0.0,0.0,0.0,0.03,0,0,0,0,0,0,0,0,0,0,0,0,0,0,0,0,0,0,0,0,0
3.9274115562438965,0,0.0,0.0,0.0,0.0,0.0,0.0,0.0,0.0,0.03,0,0,0,0,0,0,0,0,0,0,0,0,0,0,0,0,0,0,0,0,0
3.928520679473877,0,0.0,0.0,0.0,0.0,0.0,0.0,0.0,0.0,0.03,0,0,0,0,0,0,0,0,0,0,0,0,0,0,0,0,0,0,0,0,0
3.929692268371582,0,0.0,0.0,0.0,0.0,0.0,0.0,0.0,0.0,0.03,0,0,0,0,0,0,0,0,0,0,0,0,0,0,0,0,0,0,0,0,0
3.9310238361358643,0,0.0,0.0,0.0,0.0,0.0,0.0,0.0,0.0,0.03,0,0,0,0,0,0,0,0,0,0,0,0,0,0,0,0,0,0,0,0,0
3.9322290420532227,0,0.0,0.0,0.0,0.0,0.0,0.0,0.0,0.0,0.03,0,0,0,0,0,0,0,0,0,0,0,0,0,0,0,0,0,0,0,0,0
3.9333605766296387,0,0.0,0.0,0.0,0.0,0.0,0.0,0.0,0.0,0.03,0,0,0,0,0,0,0,0,0,0,0,0,0,0,0,0,0,0,0,0,0
3.9350082874298096,0,0.0,0.0,0.0,0.0,0.0,0.0,0.0,0.0,0.03,0,0,0,0,0,0,0,0,0,0,0,0,0,0,0,0,0,0,0,0,0
3.936288833618164,0,0.0,0.0,0.0,0.0,0.0,0.0,0.0,0.0,0.03,0,0,0,0,0,0,0,0,0,0,0,0,0,0,0,0,0,0,0,0,0
3.9373836517333984,0,0.0,0.0,0.0,0.0,0.0,0.0,0.0,0.0,0.03,0,0,0,0,0,0,0,0,0,0,0,0,0,0,0,0,0,0,0,0,0
3.938754081726074,0,0.0,0.0,0.0,0.0,0.0,0.0,0.0,0.0,0.03,0,0,0,0,0,0,0,0,0,0,0,0,0,0,0,0,0,0,0,0,0
3.939851760864258,0,0.0,0.0,0.0,0.0,0.0,0.0,0.0,0.0,0.03,0,0,0,0,0,0,0,0,0,0,0,0,0,0,0,0,0,0,0,0,0
3.941235065460205,0,0.0,0.0,0.0,0.0,0.0,0.0,0.0,0.0,0.03,0,0,0,0,0,0,0,0,0,0,0,0,0,0,0,0,0,0,0,0,0
3.942681074142456,0,0.0,0.0,0.0,0.0,0.0,0.0,0.0,0.0,0.03,0,0,0,0,0,0,0,0,0,0,0,0,0,0,0,0,0,0,0,0,0
3.944154739379883,0,0.0,0.0,0.0,0.0,0.0,0.0,0.0,0.0,0.03,0,0,0,0,0,0,0,0,0,0,0,0,0,0,0,0,0,0,0,0,0
3.9453749656677246,0,0.0,0.0,0.0,0.0,0.0,0.0,0.0,0.0,0.03,0,0,0,0,0,0,0,0,0,0,0,0,0,0,0,0,0,0,0,0,0
3.9464714527130127,0,0.0,0.0,0.0,0.0,0.0,0.0,0.0,0.0,0.03,0,0,0,0,0,0,0,0,0,0,0,0,0,0,0,0,0,0,0,0,0
3.947542905807495,0,0.0,0.0,0.0,0.0,0.0,0.0,0.0,0.0,0.03,0,0,0,0,0,0,0,0,0,0,0,0,0,0,0,0,0,0,0,0,0
3.9486753940582275,0,0.0,0.0,0.0,0.0,0.0,0.0,0.0,0.0,0.03,0,0,0,0,0,0,0,0,0,0,0,0,0,0,0,0,0,0,0,0,0
3.949882745742798,0,0.0,0.0,0.0,0.0,0.0,0.0,0.0,0.0,0.03,0,0,0,0,0,0,0,0,0,0,0,0,0,0,0,0,0,0,0,0,0
3.9510884284973145,0,0.0,0.0,0.0,0.0,0.0,0.0,0.0,0.0,0.03,0,0,0,0,0,0,0,0,0,0,0,0,0,0,0,0,0,0,0,0,0
3.9521899223327637,0,0.0,0.0,0.0,0.0,0.0,0.0,0.0,0.0,0.03,0,0,0,0,0,0,0,0,0,0,0,0,0,0,0,0,0,0,0,0,0
3.953258991241455,0,0.0,0.0,0.0,0.0,0.0,0.0,0.0,0.0,0.03,0,0,0,0,0,0,0,0,0,0,0,0,0,0,0,0,0,0,0,0,0
3.954360008239746,0,0.0,0.0,0.0,0.0,0.0,0.0,0.0,0.0,0.03,0,0,0,0,0,0,0,0,0,0,0,0,0,0,0,0,0,0,0,0,0
3.9555888175964355,0,0.0,0.0,0.0,0.0,0.0,0.0,0.0,0.0,0.03,0,0,0,0,0,0,0,0,0,0,0,0,0,0,0,0,0,0,0,0,0
3.956697940826416,0,0.0,0.0,0.0,0.0,0.0,0.0,0.0,0.0,0.03,0,0,0,0,0,0,0,0,0,0,0,0,0,0,0,0,0,0,0,0,0
3.9582226276397705,0,0.0,0.0,0.0,0.0,0.0,0.0,0.0,0.0,0.03,0,0,0,0,0,0,0,0,0,0,0,0,0,0,0,0,0,0,0,0,0
3.9595556259155273,0,0.0,0.0,0.0,0.0,0.0,0.0,0.0,0.0,0.03,0,0,0,0,0,0,0,0,0,0,0,0,0,0,0,0,0,0,0,0,0
3.9612104892730713,0,0.0,0.0,0.0,0.0,0.0,0.0,0.0,0.0,0.03,0,0,0,0,0,0,0,0,0,0,0,0,0,0,0,0,0,0,0,0,0
3.962278366088867,0,0.0,0.0,0.0,0.0,0.0,0.0,0.0,0.0,0.03,0,0,0,0,0,0,0,0,0,0,0,0,0,0,0,0,0,0,0,0,0
3.9636809825897217,0,0.0,0.0,0.0,0.0,0.0,0.0,0.0,0.0,0.03,0,0,0,0,0,0,0,0,0,0,0,0,0,0,0,0,0,0,0,0,0
3.964972734451294,0,0.0,0.0,0.0,0.0,0.0,0.0,0.0,0.0,0.03,0,0,0,0,0,0,0,0,0,0,0,0,0,0,0,0,0,0,0,0,0
3.966566562652588,0,0.0,0.0,0.0,0.0,0.0,0.0,0.0,0.0,0.03,0,0,0,0,0,0,0,0,0,0,0,0,0,0,0,0,0,0,0,0,0
3.967879056930542,0,0.0,0.0,0.0,0.0,0.0,0.0,0.0,0.0,0.03,0,0,0,0,0,0,0,0,0,0,0,0,0,0,0,0,0,0,0,0,0
3.9692065715789795,0,0.0,0.0,0.0,0.0,0.0,0.0,0.0,0.0,0.03,0,0,0,0,0,0,0,0,0,0,0,0,0,0,0,0,0,0,0,0,0
3.970489025115967,0,0.0,0.0,0.0,0.0,0.0,0.0,0.0,0.0,0.03,0,0,0,0,0,0,0,0,0,0,0,0,0,0,0,0,0,0,0,0,0
3.9718282222747803,0,0.0,0.0,0.0,0.0,0.0,0.0,0.0,0.0,0.03,0,0,0,0,0,0,0,0,0,0,0,0,0,0,0,0,0,0,0,0,0
3.9730021953582764,0,0.0,0.0,0.0,0.0,0.0,0.0,0.0,0.0,0.03,0,0,0,0,0,0,0,0,0,0,0,0,0,0,0,0,0,0,0,0,0
3.9740684032440186,0,0.0,0.0,0.0,0.0,0.0,0.0,0.0,0.0,0.03,0,0,0,0,0,0,0,0,0,0,0,0,0,0,0,0,0,0,0,0,0
3.9752368927001953,0,0.0,0.0,0.0,0.0,0.0,0.0,0.0,0.0,0.03,0,0,0,0,0,0,0,0,0,0,0,0,0,0,0,0,0,0,0,0,0
3.976663112640381,0,0.0,0.0,0.0,0.0,0.0,0.0,0.0,0.0,0.03,0,0,0,0,0,0,0,0,0,0,0,0,0,0,0,0,0,0,0,0,0
3.977725028991699,0,0.0,0.0,0.0,0.0,0.0,0.0,0.0,0.0,0.03,0,0,0,0,0,0,0,0,0,0,0,0,0,0,0,0,0,0,0,0,0
3.9793810844421387,0,0.0,0.0,0.0,0.0,0.0,0.0,0.0,0.0,0.03,0,0,0,0,0,0,0,0,0,0,0,0,0,0,0,0,0,0,0,0,0
3.981168746948242,0,0.0,0.0,0.0,0.0,0.0,0.0,0.0,0.0,0.03,0,0,0,0,0,0,0,0,0,0,0,0,0,0,0,0,0,0,0,0,0
3.9830739498138428,0,0.0,0.0,0.0,0.0,0.0,0.0,0.0,0.0,0.03,0,0,0,0,0,0,0,0,0,0,0,0,0,0,0,0,0,0,0,0,0
3.9842607975006104,0,0.0,0.0,0.0,0.0,0.0,0.0,0.0,0.0,0.03,0,0,0,0,0,0,0,0,0,0,0,0,0,0,0,0,0,0,0,0,0
3.9857017993927,0,0.0,0.0,0.0,0.0,0.0,0.0,0.0,0.0,0.03,0,0,0,0,0,0,0,0,0,0,0,0,0,0,0,0,0,0,0,0,0
3.9876201152801514,0,0.0,0.0,0.0,0.0,0.0,0.0,0.0,0.0,0.03,0,0,0,0,0,0,0,0,0,0,0,0,0,0,0,0,0,0,0,0,0
3.9892075061798096,0,0.0,0.0,0.0,0.0,0.0,0.0,0.0,0.0,0.03,0,0,0,0,0,0,0,0,0,0,0,0,0,0,0,0,0,0,0,0,0
3.9903578758239746,0,0.0,0.0,0.0,0.0,0.0,0.0,0.0,0.0,0.03,0,0,0,0,0,0,0,0,0,0,0,0,0,0,0,0,0,0,0,0,0
3.992290496826172,0,0.0,0.0,0.0,0.0,0.0,0.0,0.0,0.0,0.03,0,0,0,0,0,0,0,0,0,0,0,0,0,0,0,0,0,0,0,0,0
3.993358612060547,0,0.0,0.0,0.0,0.0,0.0,0.0,0.0,0.0,0.03,0,0,0,0,0,0,0,0,0,0,0,0,0,0,0,0,0,0,0,0,0
3.9944236278533936,0,0.0,0.0,0.0,0.0,0.0,0.0,0.0,0.0,0.03,0,0,0,0,0,0,0,0,0,0,0,0,0,0,0,0,0,0,0,0,0
3.996394157409668,0,0.0,0.0,0.0,0.0,0.0,0.0,0.0,0.0,0.03,0,0,0,0,0,0,0,0,0,0,0,0,0,0,0,0,0,0,0,0,0
3.9975740909576416,0,0.0,0.0,0.0,0.0,0.0,0.0,0.0,0.0,0.03,0,0,0,0,0,0,0,0,0,0,0,0,0,0,0,0,0,0,0,0,0
3.9993953704833984,0,0.0,0.0,0.0,0.0,0.0,0.0,0.0,0.0,0.03,0,0,0,0,0,0,0,0,0,0,0,0,0,0,0,0,0,0,0,0,0
4.001725912094116,0,0.0,0.0,0.0,0.0,0.0,0.0,0.0,0.0,0.03,0,0,0,0,0,0,0,0,0,0,0,0,0,0,0,0,0,0,0,0,0
4.003520250320435,0,0.0,0.0,0.0,0.0,0.0,0.0,0.0,0.0,0.03,0,0,0,0,0,0,0,0,0,0,0,0,0,0,0,0,0,0,0,0,0
4.008287191390991,0,0.0,0.0,0.0,0.0,0.0,0.0,0.0,0.0,0.03,0,0,0,0,0,0,0,0,0,0,0,0,0,0,0,0,0,0,0,0,0
4.009408712387085,0,0.0,0.0,0.0,0.0,0.0,0.0,0.0,0.0,0.03,0,0,0,0,0,0,0,0,0,0,0,0,0,0,0,0,0,0,0,0,0
4.010502815246582,0,0.0,0.0,0.0,0.0,0.0,0.0,0.0,0.0,0.03,0,0,0,0,0,0,0,0,0,0,0,0,0,0,0,0,0,0,0,0,0
4.011569499969482,0,0.0,0.0,0.0,0.0,0.0,0.0,0.0,0.0,0.03,0,0,0,0,0,0,0,0,0,0,0,0,0,0,0,0,0,0,0,0,0
4.013041734695435,0,0.0,0.0,0.0,0.0,0.0,0.0,0.0,0.0,0.03,0,0,0,0,0,0,0,0,0,0,0,0,0,0,0,0,0,0,0,0,0
4.0150086879730225,0,0.0,0.0,0.0,0.0,0.0,0.0,0.0,0.0,0.03,0,0,0,0,0,0,0,0,0,0,0,0,0,0,0,0,0,0,0,0,0
4.01657509803772,0,0.0,0.0,0.0,0.0,0.0,0.0,0.0,0.0,0.03,0,0,0,0,0,0,0,0,0,0,0,0,0,0,0,0,0,0,0,0,0
4.017852783203125,0,0.0,0.0,0.0,0.0,0.0,0.0,0.0,0.0,0.03,0,0,0,0,0,0,0,0,0,0,0,0,0,0,0,0,0,0,0,0,0
4.01909065246582,0,0.0,0.0,0.0,0.0,0.0,0.0,0.0,0.0,0.03,0,0,0,0,0,0,0,0,0,0,0,0,0,0,0,0,0,0,0,0,0
4.020855903625488,0,0.0,0.0,0.0,0.0,0.0,0.0,0.0,0.0,0.03,0,0,0,0,0,0,0,0,0,0,0,0,0,0,0,0,0,0,0,0,0
4.0221147537231445,0,0.0,0.0,0.0,0.0,0.0,0.0,0.0,0.0,0.03,0,0,0,0,0,0,0,0,0,0,0,0,0,0,0,0,0,0,0,0,0
4.023404121398926,0,0.0,0.0,0.0,0.0,0.0,0.0,0.0,0.0,0.03,0,0,0,0,0,0,0,0,0,0,0,0,0,0,0,0,0,0,0,0,0
4.024601459503174,0,0.0,0.0,0.0,0.0,0.0,0.0,0.0,0.0,0.03,0,0,0,0,0,0,0,0,0,0,0,0,0,0,0,0,0,0,0,0,0
4.025784492492676,0,0.0,0.0,0.0,0.0,0.0,0.0,0.0,0.0,0.03,0,0,0,0,0,0,0,0,0,0,0,0,0,0,0,0,0,0,0,0,0
4.026986837387085,0,0.0,0.0,0.0,0.0,0.0,0.0,0.0,0.0,0.03,0,0,0,0,0,0,0,0,0,0,0,0,0,0,0,0,0,0,0,0,0
4.0280492305755615,0,0.0,0.0,0.0,0.0,0.0,0.0,0.0,0.0,0.03,0,0,0,0,0,0,0,0,0,0,0,0,0,0,0,0,0,0,0,0,0
4.029472351074219,0,0.0,0.0,0.0,0.0,0.0,0.0,0.0,0.0,0.03,0,0,0,0,0,0,0,0,0,0,0,0,0,0,0,0,0,0,0,0,0
4.030588865280151,0,0.0,0.0,0.0,0.0,0.0,0.0,0.0,0.0,0.03,0,0,0,0,0,0,0,0,0,0,0,0,0,0,0,0,0,0,0,0,0
4.0326409339904785,0,0.0,0.0,0.0,0.0,0.0,0.0,0.0,0.0,0.03,0,0,0,0,0,0,0,0,0,0,0,0,0,0,0,0,0,0,0,0,0
4.033718109130859,0,0.0,0.0,0.0,0.0,0.0,0.0,0.0,0.0,0.03,0,0,0,0,0,0,0,0,0,0,0,0,0,0,0,0,0,0,0,0,0
4.034840106964111,0,0.0,0.0,0.0,0.0,0.0,0.0,0.0,0.0,0.03,0,0,0,0,0,0,0,0,0,0,0,0,0,0,0,0,0,0,0,0,0
4.035987615585327,0,0.0,0.0,0.0,0.0,0.0,0.0,0.0,0.0,0.03,0,0,0,0,0,0,0,0,0,0,0,0,0,0,0,0,0,0,0,0,0
4.037237882614136,0,0.0,0.0,0.0,0.0,0.0,0.0,0.0,0.0,0.03,0,0,0,0,0,0,0,0,0,0,0,0,0,0,0,0,0,0,0,0,0
4.038607120513916,0,0.0,0.0,0.0,0.0,0.0,0.0,0.0,0.0,0.03,0,0,0,0,0,0,0,0,0,0,0,0,0,0,0,0,0,0,0,0,0
4.039908170700073,0,0.0,0.0,0.0,0.0,0.0,0.0,0.0,0.0,0.03,0,0,0,0,0,0,0,0,0,0,0,0,0,0,0,0,0,0,0,0,0
4.041064739227295,0,0.0,0.0,0.0,0.0,0.0,0.0,0.0,0.0,0.03,0,0,0,0,0,0,0,0,0,0,0,0,0,0,0,0,0,0,0,0,0
4.042171955108643,0,0.0,0.0,0.0,0.0,0.0,0.0,0.0,0.0,0.03,0,0,0,0,0,0,0,0,0,0,0,0,0,0,0,0,0,0,0,0,0
4.0433509349823,0,0.0,0.0,0.0,0.0,0.0,0.0,0.0,0.0,0.03,0,0,0,0,0,0,0,0,0,0,0,0,0,0,0,0,0,0,0,0,0
4.044880628585815,0,0.0,0.0,0.0,0.0,0.0,0.0,0.0,0.0,0.03,0,0,0,0,0,0,0,0,0,0,0,0,0,0,0,0,0,0,0,0,0
4.0462424755096436,0,0.0,0.0,0.0,0.0,0.0,0.0,0.0,0.0,0.03,0,0,0,0,0,0,0,0,0,0,0,0,0,0,0,0,0,0,0,0,0
4.047481060028076,0,0.0,0.0,0.0,0.0,0.0,0.0,0.0,0.0,0.03,0,0,0,0,0,0,0,0,0,0,0,0,0,0,0,0,0,0,0,0,0
4.04861307144165,0,0.0,0.0,0.0,0.0,0.0,0.0,0.0,0.0,0.03,0,0,0,0,0,0,0,0,0,0,0,0,0,0,0,0,0,0,0,0,0
4.049746990203857,0,0.0,0.0,0.0,0.0,0.0,0.0,0.0,0.0,0.03,0,0,0,0,0,0,0,0,0,0,0,0,0,0,0,0,0,0,0,0,0
4.050810813903809,0,0.0,0.0,0.0,0.0,0.0,0.0,0.0,0.0,0.03,0,0,0,0,0,0,0,0,0,0,0,0,0,0,0,0,0,0,0,0,0
4.051940679550171,0,0.0,0.0,0.0,0.0,0.0,0.0,0.0,0.0,0.03,0,0,0,0,0,0,0,0,0,0,0,0,0,0,0,0,0,0,0,0,0
4.053591728210449,0,0.0,0.0,0.0,0.0,0.0,0.0,0.0,0.0,0.03,0,0,0,0,0,0,0,0,0,0,0,0,0,0,0,0,0,0,0,0,0
4.0551652908325195,0,0.0,0.0,0.0,0.0,0.0,0.0,0.0,0.0,0.03,0,0,0,0,0,0,0,0,0,0,0,0,0,0,0,0,0,0,0,0,0
4.0568461418151855,0,0.0,0.0,0.0,0.0,0.0,0.0,0.0,0.0,0.03,0,0,0,0,0,0,0,0,0,0,0,0,0,0,0,0,0,0,0,0,0
4.058320760726929,0,0.0,0.0,0.0,0.0,0.0,0.0,0.0,0.0,0.03,0,0,0,0,0,0,0,0,0,0,0,0,0,0,0,0,0,0,0,0,0
4.059584617614746,0,0.0,0.0,0.0,0.0,0.0,0.0,0.0,0.0,0.03,0,0,0,0,0,0,0,0,0,0,0,0,0,0,0,0,0,0,0,0,0
4.060657978057861,0,0.0,0.0,0.0,0.0,0.0,0.0,0.0,0.0,0.03,0,0,0,0,0,0,0,0,0,0,0,0,0,0,0,0,0,0,0,0,0
4.061999320983887,0,0.0,0.0,0.0,0.0,0.0,0.0,0.0,0.0,0.03,0,0,0,0,0,0,0,0,0,0,0,0,0,0,0,0,0,0,0,0,0
4.06314492225647,0,0.0,0.0,0.0,0.0,0.0,0.0,0.0,0.0,0.03,0,0,0,0,0,0,0,0,0,0,0,0,0,0,0,0,0,0,0,0,0
4.064240455627441,0,0.0,0.0,0.0,0.0,0.0,0.0,0.0,0.0,0.03,0,0,0,0,0,0,0,0,0,0,0,0,0,0,0,0,0,0,0,0,0
4.065373182296753,0,0.0,0.0,0.0,0.0,0.0,0.0,0.0,0.0,0.03,0,0,0,0,0,0,0,0,0,0,0,0,0,0,0,0,0,0,0,0,0
4.066632270812988,0,0.0,0.0,0.0,0.0,0.0,0.0,0.0,0.0,0.03,0,0,0,0,0,0,0,0,0,0,0,0,0,0,0,0,0,0,0,0,0
4.069885492324829,0,0.0,0.0,0.0,0.0,0.0,0.0,0.0,0.0,0.03,0,0,0,0,0,0,0,0,0,0,0,0,0,0,0,0,0,0,0,0,0
4.070952892303467,0,0.0,0.0,0.0,0.0,0.0,0.0,0.0,0.0,0.03,0,0,0,0,0,0,0,0,0,0,0,0,0,0,0,0,0,0,0,0,0
4.072206974029541,0,0.0,0.0,0.0,0.0,0.0,0.0,0.0,0.0,0.03,0,0,0,0,0,0,0,0,0,0,0,0,0,0,0,0,0,0,0,0,0
4.0737810134887695,0,0.0,0.0,0.0,0.0,0.0,0.0,0.0,0.0,0.03,0,0,0,0,0,0,0,0,0,0,0,0,0,0,0,0,0,0,0,0,0
4.074928045272827,0,0.0,0.0,0.0,0.0,0.0,0.0,0.0,0.0,0.03,0,0,0,0,0,0,0,0,0,0,0,0,0,0,0,0,0,0,0,0,0
4.0766074657440186,0,0.0,0.0,0.0,0.0,0.0,0.0,0.0,0.0,0.03,0,0,0,0,0,0,0,0,0,0,0,0,0,0,0,0,0,0,0,0,0
4.07803750038147,0,0.0,0.0,0.0,0.0,0.0,0.0,0.0,0.0,0.03,0,0,0,0,0,0,0,0,0,0,0,0,0,0,0,0,0,0,0,0,0
4.079158544540405,0,0.0,0.0,0.0,0.0,0.0,0.0,0.0,0.0,0.03,0,0,0,0,0,0,0,0,0,0,0,0,0,0,0,0,0,0,0,0,0
4.080681085586548,0,0.0,0.0,0.0,0.0,0.0,0.0,0.0,0.0,0.03,0,0,0,0,0,0,0,0,0,0,0,0,0,0,0,0,0,0,0,0,0
4.082162380218506,0,0.0,0.0,0.0,0.0,0.0,0.0,0.0,0.0,0.03,0,0,0,0,0,0,0,0,0,0,0,0,0,0,0,0,0,0,0,0,0
4.084632635116577,0,0.0,0.0,0.0,0.0,0.0,0.0,0.0,0.0,0.03,0,0,0,0,0,0,0,0,0,0,0,0,0,0,0,0,0,0,0,0,0
4.0857789516448975,0,0.0,0.0,0.0,0.0,0.0,0.0,0.0,0.0,0.03,0,0,0,0,0,0,0,0,0,0,0,0,0,0,0,0,0,0,0,0,0
4.086948394775391,0,0.0,0.0,0.0,0.0,0.0,0.0,0.0,0.0,0.03,0,0,0,0,0,0,0,0,0,0,0,0,0,0,0,0,0,0,0,0,0
4.088129997253418,0,0.0,0.0,0.0,0.0,0.0,0.0,0.0,0.0,0.03,0,0,0,0,0,0,0,0,0,0,0,0,0,0,0,0,0,0,0,0,0
4.089198350906372,0,0.0,0.0,0.0,0.0,0.0,0.0,0.0,0.0,0.03,0,0,0,0,0,0,0,0,0,0,0,0,0,0,0,0,0,0,0,0,0
4.090461492538452,0,0.0,0.0,0.0,0.0,0.0,0.0,0.0,0.0,0.03,0,0,0,0,0,0,0,0,0,0,0,0,0,0,0,0,0,0,0,0,0
4.09155011177063,0,0.0,0.0,0.0,0.0,0.0,0.0,0.0,0.0,0.03,0,0,0,0,0,0,0,0,0,0,0,0,0,0,0,0,0,0,0,0,0
4.092759370803833,0,0.0,0.0,0.0,0.0,0.0,0.0,0.0,0.0,0.03,0,0,0,0,0,0,0,0,0,0,0,0,0,0,0,0,0,0,0,0,0
4.093820333480835,0,0.0,0.0,0.0,0.0,0.0,0.0,0.0,0.0,0.03,0,0,0,0,0,0,0,0,0,0,0,0,0,0,0,0,0,0,0,0,0
4.095016956329346,0,0.0,0.0,0.0,0.0,0.0,0.0,0.0,0.0,0.03,0,0,0,0,0,0,0,0,0,0,0,0,0,0,0,0,0,0,0,0,0
4.096299409866333,0,0.0,0.0,0.0,0.0,0.0,0.0,0.0,0.0,0.03,0,0,0,0,0,0,0,0,0,0,0,0,0,0,0,0,0,0,0,0,0
4.097365856170654,0,0.0,0.0,0.0,0.0,0.0,0.0,0.0,0.0,0.03,0,0,0,0,0,0,0,0,0,0,0,0,0,0,0,0,0,0,0,0,0
4.098653554916382,0,0.0,0.0,0.0,0.0,0.0,0.0,0.0,0.0,0.03,0,0,0,0,0,0,0,0,0,0,0,0,0,0,0,0,0,0,0,0,0
4.101468324661255,0,0.0,0.0,0.0,0.0,0.0,0.0,0.0,0.0,0.03,0,0,0,0,0,0,0,0,0,0,0,0,0,0,0,0,0,0,0,0,0
4.104282379150391,0,0.0,0.0,0.0,0.0,0.0,0.0,0.0,0.0,0.03,0,0,0,0,0,0,0,0,0,0,0,0,0,0,0,0,0,0,0,0,0
4.105366945266724,0,0.0,0.0,0.0,0.0,0.0,0.0,0.0,0.0,0.03,0,0,0,0,0,0,0,0,0,0,0,0,0,0,0,0,0,0,0,0,0
4.106628656387329,0,0.0,0.0,0.0,0.0,0.0,0.0,0.0,0.0,0.03,0,0,0,0,0,0,0,0,0,0,0,0,0,0,0,0,0,0,0,0,0
4.1080076694488525,0,0.0,0.0,0.0,0.0,0.0,0.0,0.0,0.0,0.03,0,0,0,0,0,0,0,0,0,0,0,0,0,0,0,0,0,0,0,0,0
4.109453916549683,0,0.0,0.0,0.0,0.0,0.0,0.0,0.0,0.0,0.03,0,0,0,0,0,0,0,0,0,0,0,0,0,0,0,0,0,0,0,0,0
4.110855579376221,0,0.0,0.0,0.0,0.0,0.0,0.0,0.0,0.0,0.03,0,0,0,0,0,0,0,0,0,0,0,0,0,0,0,0,0,0,0,0,0
4.112868547439575,0,0.0,0.0,0.0,0.0,0.0,0.0,0.0,0.0,0.03,0,0,0,0,0,0,0,0,0,0,0,0,0,0,0,0,0,0,0,0,0
4.114089727401733,0,0.0,0.0,0.0,0.0,0.0,0.0,0.0,0.0,0.03,0,0,0,0,0,0,0,0,0,0,0,0,0,0,0,0,0,0,0,0,0
4.115267038345337,0,0.0,0.0,0.0,0.0,0.0,0.0,0.0,0.0,0.03,0,0,0,0,0,0,0,0,0,0,0,0,0,0,0,0,0,0,0,0,0
4.116405725479126,0,0.0,0.0,0.0,0.0,0.0,0.0,0.0,0.0,0.03,0,0,0,0,0,0,0,0,0,0,0,0,0,0,0,0,0,0,0,0,0
4.117684602737427,0,0.0,0.0,0.0,0.0,0.0,0.0,0.0,0.0,0.03,0,0,0,0,0,0,0,0,0,0,0,0,0,0,0,0,0,0,0,0,0
4.119379043579102,0,0.0,0.0,0.0,0.0,0.0,0.0,0.0,0.0,0.03,0,0,0,0,0,0,0,0,0,0,0,0,0,0,0,0,0,0,0,0,0
4.120896577835083,0,0.0,0.0,0.0,0.0,0.0,0.0,0.0,0.0,0.03,0,0,0,0,0,0,0,0,0,0,0,0,0,0,0,0,0,0,0,0,0
4.123928546905518,0,0.0,0.0,0.0,0.0,0.0,0.0,0.0,0.0,0.03,0,0,0,0,0,0,0,0,0,0,0,0,0,0,0,0,0,0,0,0,0
4.125301837921143,0,0.0,0.0,0.0,0.0,0.0,0.0,0.0,0.0,0.03,0,0,0,0,0,0,0,0,0,0,0,0,0,0,0,0,0,0,0,0,0
4.127437591552734,0,0.0,0.0,0.0,0.0,0.0,0.0,0.0,0.0,0.03,0,0,0,0,0,0,0,0,0,0,0,0,0,0,0,0,0,0,0,0,0
4.128634452819824,0,0.0,0.0,0.0,0.0,0.0,0.0,0.0,0.0,0.03,0,0,0,0,0,0,0,0,0,0,0,0,0,0,0,0,0,0,0,0,0
4.129722595214844,0,0.0,0.0,0.0,0.0,0.0,0.0,0.0,0.0,0.03,0,0,0,0,0,0,0,0,0,0,0,0,0,0,0,0,0,0,0,0,0
4.131647348403931,0,0.0,0.0,0.0,0.0,0.0,0.0,0.0,0.0,0.03,0,0,0,0,0,0,0,0,0,0,0,0,0,0,0,0,0,0,0,0,0
4.132899284362793,0,0.0,0.0,0.0,0.0,0.0,0.0,0.0,0.0,0.03,0,0,0,0,0,0,0,0,0,0,0,0,0,0,0,0,0,0,0,0,0
4.136094808578491,0,0.0,0.0,0.0,0.0,0.0,0.0,0.0,0.0,0.03,0,0,0,0,0,0,0,0,0,0,0,0,0,0,0,0,0,0,0,0,0
4.137770175933838,0,0.0,0.0,0.0,0.0,0.0,0.0,0.0,0.0,0.03,0,0,0,0,0,0,0,0,0,0,0,0,0,0,0,0,0,0,0,0,0
4.139734745025635,0,0.0,0.0,0.0,0.0,0.0,0.0,0.0,0.0,0.03,0,0,0,0,0,0,0,0,0,0,0,0,0,0,0,0,0,0,0,0,0
4.14145827293396,0,0.0,0.0,0.0,0.0,0.0,0.0,0.0,0.0,0.03,0,0,0,0,0,0,0,0,0,0,0,0,0,0,0,0,0,0,0,0,0
4.142534255981445,0,0.0,0.0,0.0,0.0,0.0,0.0,0.0,0.0,0.03,0,0,0,0,0,0,0,0,0,0,0,0,0,0,0,0,0,0,0,0,0
4.1438517570495605,0,0.0,0.0,0.0,0.0,0.0,0.0,0.0,0.0,0.03,0,0,0,0,0,0,0,0,0,0,0,0,0,0,0,0,0,0,0,0,0
4.145122528076172,0,0.0,0.0,0.0,0.0,0.0,0.0,0.0,0.0,0.03,0,0,0,0,0,0,0,0,0,0,0,0,0,0,0,0,0,0,0,0,0
4.146880626678467,0,0.0,0.0,0.0,0.0,0.0,0.0,0.0,0.0,0.03,0,0,0,0,0,0,0,0,0,0,0,0,0,0,0,0,0,0,0,0,0
4.148263216018677,0,0.0,0.0,0.0,0.0,0.0,0.0,0.0,0.0,0.03,0,0,0,0,0,0,0,0,0,0,0,0,0,0,0,0,0,0,0,0,0
4.14942479133606,0,0.0,0.0,0.0,0.0,0.0,0.0,0.0,0.0,0.03,0,0,0,0,0,0,0,0,0,0,0,0,0,0,0,0,0,0,0,0,0
4.1508166790008545,0,0.0,0.0,0.0,0.0,0.0,0.0,0.0,0.0,0.03,0,0,0,0,0,0,0,0,0,0,0,0,0,0,0,0,0,0,0,0,0
4.151981592178345,0,0.0,0.0,0.0,0.0,0.0,0.0,0.0,0.0,0.03,0,0,0,0,0,0,0,0,0,0,0,0,0,0,0,0,0,0,0,0,0
4.153122901916504,0,0.0,0.0,0.0,0.0,0.0,0.0,0.0,0.0,0.03,0,0,0,0,0,0,0,0,0,0,0,0,0,0,0,0,0,0,0,0,0
4.1543567180633545,0,0.0,0.0,0.0,0.0,0.0,0.0,0.0,0.0,0.03,0,0,0,0,0,0,0,0,0,0,0,0,0,0,0,0,0,0,0,0,0
4.155723333358765,0,0.0,0.0,0.0,0.0,0.0,0.0,0.0,0.0,0.03,0,0,0,0,0,0,0,0,0,0,0,0,0,0,0,0,0,0,0,0,0
4.156825065612793,0,0.0,0.0,0.0,0.0,0.0,0.0,0.0,0.0,0.03,0,0,0,0,0,0,0,0,0,0,0,0,0,0,0,0,0,0,0,0,0
4.15791916847229,0,0.0,0.0,0.0,0.0,0.0,0.0,0.0,0.0,0.03,0,0,0,0,0,0,0,0,0,0,0,0,0,0,0,0,0,0,0,0,0
4.1590211391448975,0,0.0,0.0,0.0,0.0,0.0,0.0,0.0,0.0,0.03,0,0,0,0,0,0,0,0,0,0,0,0,0,0,0,0,0,0,0,0,0
4.161471605300903,0,0.0,0.0,0.0,0.0,0.0,0.0,0.0,0.0,0.03,0,0,0,0,0,0,0,0,0,0,0,0,0,0,0,0,0,0,0,0,0
4.163536548614502,0,0.0,0.0,0.0,0.0,0.0,0.0,0.0,0.0,0.03,0,0,0,0,0,0,0,0,0,0,0,0,0,0,0,0,0,0,0,0,0
4.1647515296936035,0,0.0,0.0,0.0,0.0,0.0,0.0,0.0,0.0,0.03,0,0,0,0,0,0,0,0,0,0,0,0,0,0,0,0,0,0,0,0,0
4.165848255157471,0,0.0,0.0,0.0,0.0,0.0,0.0,0.0,0.0,0.03,0,0,0,0,0,0,0,0,0,0,0,0,0,0,0,0,0,0,0,0,0
4.167134046554565,0,0.0,0.0,0.0,0.0,0.0,0.0,0.0,0.0,0.03,0,0,0,0,0,0,0,0,0,0,0,0,0,0,0,0,0,0,0,0,0
4.168576955795288,0,0.0,0.0,0.0,0.0,0.0,0.0,0.0,0.0,0.03,0,0,0,0,0,0,0,0,0,0,0,0,0,0,0,0,0,0,0,0,0
4.169646263122559,0,0.0,0.0,0.0,0.0,0.0,0.0,0.0,0.0,0.03,0,0,0,0,0,0,0,0,0,0,0,0,0,0,0,0,0,0,0,0,0
4.1715474128723145,0,0.0,0.0,0.0,0.0,0.0,0.0,0.0,0.0,0.03,0,0,0,0,0,0,0,0,0,0,0,0,0,0,0,0,0,0,0,0,0
4.172757625579834,0,0.0,0.0,0.0,0.0,0.0,0.0,0.0,0.0,0.03,0,0,0,0,0,0,0,0,0,0,0,0,0,0,0,0,0,0,0,0,0
4.173981189727783,0,0.0,0.0,0.0,0.0,0.0,0.0,0.0,0.0,0.03,0,0,0,0,0,0,0,0,0,0,0,0,0,0,0,0,0,0,0,0,0
4.175093173980713,0,0.0,0.0,0.0,0.0,0.0,0.0,0.0,0.0,0.03,0,0,0,0,0,0,0,0,0,0,0,0,0,0,0,0,0,0,0,0,0
4.176185846328735,0,0.0,0.0,0.0,0.0,0.0,0.0,0.0,0.0,0.03,0,0,0,0,0,0,0,0,0,0,0,0,0,0,0,0,0,0,0,0,0
4.177640199661255,0,0.0,0.0,0.0,0.0,0.0,0.0,0.0,0.0,0.03,0,0,0,0,0,0,0,0,0,0,0,0,0,0,0,0,0,0,0,0,0
4.179143190383911,0,0.0,0.0,0.0,0.0,0.0,0.0,0.0,0.0,0.03,0,0,0,0,0,0,0,0,0,0,0,0,0,0,0,0,0,0,0,0,0
4.1809327602386475,0,0.0,0.0,0.0,0.0,0.0,0.0,0.0,0.0,0.03,0,0,0,0,0,0,0,0,0,0,0,0,0,0,0,0,0,0,0,0,0
4.182281017303467,0,0.0,0.0,0.0,0.0,0.0,0.0,0.0,0.0,0.03,0,0,0,0,0,0,0,0,0,0,0,0,0,0,0,0,0,0,0,0,0
4.183532476425171,0,0.0,0.0,0.0,0.0,0.0,0.0,0.0,0.0,0.03,0,0,0,0,0,0,0,0,0,0,0,0,0,0,0,0,0,0,0,0,0
4.184830904006958,0,0.0,0.0,0.0,0.0,0.0,0.0,0.0,0.0,0.03,0,0,0,0,0,0,0,0,0,0,0,0,0,0,0,0,0,0,0,0,0
4.186679124832153,0,0.0,0.0,0.0,0.0,0.0,0.0,0.0,0.0,0.03,0,0,0,0,0,0,0,0,0,0,0,0,0,0,0,0,0,0,0,0,0
4.187743902206421,0,0.0,0.0,0.0,0.0,0.0,0.0,0.0,0.0,0.03,0,0,0,0,0,0,0,0,0,0,0,0,0,0,0,0,0,0,0,0,0
4.18967080116272,0,0.0,0.0,0.0,0.0,0.0,0.0,0.0,0.0,0.03,0,0,0,0,0,0,0,0,0,0,0,0,0,0,0,0,0,0,0,0,0
4.190926551818848,0,0.0,0.0,0.0,0.0,0.0,0.0,0.0,0.0,0.03,0,0,0,0,0,0,0,0,0,0,0,0,0,0,0,0,0,0,0,0,0
4.194205284118652,0,0.0,0.0,0.0,0.0,0.0,0.0,0.0,0.0,0.03,0,0,0,0,0,0,0,0,0,0,0,0,0,0,0,0,0,0,0,0,0
4.196207046508789,0,0.0,0.0,0.0,0.0,0.0,0.0,0.0,0.0,0.03,0,0,0,0,0,0,0,0,0,0,0,0,0,0,0,0,0,0,0,0,0
4.198190450668335,0,0.0,0.0,0.0,0.0,0.0,0.0,0.0,0.0,0.03,0,0,0,0,0,0,0,0,0,0,0,0,0,0,0,0,0,0,0,0,0
4.2019202709198,0,0.0,0.0,0.0,0.0,0.0,0.0,0.0,0.0,0.03,0,0,0,0,0,0,0,0,0,0,0,0,0,0,0,0,0,0,0,0,0
4.2030699253082275,0,0.0,0.0,0.0,0.0,0.0,0.0,0.0,0.0,0.03,0,0,0,0,0,0,0,0,0,0,0,0,0,0,0,0,0,0,0,0,0
4.204225063323975,0,0.0,0.0,0.0,0.0,0.0,0.0,0.0,0.0,0.03,0,0,0,0,0,0,0,0,0,0,0,0,0,0,0,0,0,0,0,0,0
4.206085443496704,0,0.0,0.0,0.0,0.0,0.0,0.0,0.0,0.0,0.03,0,0,0,0,0,0,0,0,0,0,0,0,0,0,0,0,0,0,0,0,0
4.207937479019165,0,0.0,0.0,0.0,0.0,0.0,0.0,0.0,0.0,0.03,0,0,0,0,0,0,0,0,0,0,0,0,0,0,0,0,0,0,0,0,0
4.209335803985596,0,0.0,0.0,0.0,0.0,0.0,0.0,0.0,0.0,0.03,0,0,0,0,0,0,0,0,0,0,0,0,0,0,0,0,0,0,0,0,0
4.210724830627441,0,0.0,0.0,0.0,0.0,0.0,0.0,0.0,0.0,0.03,0,0,0,0,0,0,0,0,0,0,0,0,0,0,0,0,0,0,0,0,0
4.211909294128418,0,0.0,0.0,0.0,0.0,0.0,0.0,0.0,0.0,0.03,0,0,0,0,0,0,0,0,0,0,0,0,0,0,0,0,0,0,0,0,0
4.213131666183472,0,0.0,0.0,0.0,0.0,0.0,0.0,0.0,0.0,0.03,0,0,0,0,0,0,0,0,0,0,0,0,0,0,0,0,0,0,0,0,0
4.214280366897583,0,0.0,0.0,0.0,0.0,0.0,0.0,0.0,0.0,0.03,0,0,0,0,0,0,0,0,0,0,0,0,0,0,0,0,0,0,0,0,0
4.2155983448028564,0,0.0,0.0,0.0,0.0,0.0,0.0,0.0,0.0,0.03,0,0,0,0,0,0,0,0,0,0,0,0,0,0,0,0,0,0,0,0,0
4.216844081878662,0,0.0,0.0,0.0,0.0,0.0,0.0,0.0,0.0,0.03,0,0,0,0,0,0,0,0,0,0,0,0,0,0,0,0,0,0,0,0,0
4.218096971511841,0,0.0,0.0,0.0,0.0,0.0,0.0,0.0,0.0,0.03,0,0,0,0,0,0,0,0,0,0,0,0,0,0,0,0,0,0,0,0,0
4.219187259674072,0,0.0,0.0,0.0,0.0,0.0,0.0,0.0,0.0,0.03,0,0,0,0,0,0,0,0,0,0,0,0,0,0,0,0,0,0,0,0,0
4.22092080116272,0,0.0,0.0,0.0,0.0,0.0,0.0,0.0,0.0,0.03,0,0,0,0,0,0,0,0,0,0,0,0,0,0,0,0,0,0,0,0,0
4.222844362258911,0,0.0,0.0,0.0,0.0,0.0,0.0,0.0,0.0,0.03,0,0,0,0,0,0,0,0,0,0,0,0,0,0,0,0,0,0,0,0,0
4.226407527923584,0,0.0,0.0,0.0,0.0,0.0,0.0,0.0,0.0,0.03,0,0,0,0,0,0,0,0,0,0,0,0,0,0,0,0,0,0,0,0,0
4.227513074874878,0,0.0,0.0,0.0,0.0,0.0,0.0,0.0,0.0,0.03,0,0,0,0,0,0,0,0,0,0,0,0,0,0,0,0,0,0,0,0,0
4.229377508163452,0,0.0,0.0,0.0,0.0,0.0,0.0,0.0,0.0,0.03,0,0,0,0,0,0,0,0,0,0,0,0,0,0,0,0,0,0,0,0,0
4.230802536010742,0,0.0,0.0,0.0,0.0,0.0,0.0,0.0,0.0,0.03,0,0,0,0,0,0,0,0,0,0,0,0,0,0,0,0,0,0,0,0,0
4.232052326202393,0,0.0,0.0,0.0,0.0,0.0,0.0,0.0,0.0,0.03,0,0,0,0,0,0,0,0,0,0,0,0,0,0,0,0,0,0,0,0,0
4.233508825302124,0,0.0,0.0,0.0,0.0,0.0,0.0,0.0,0.0,0.03,0,0,0,0,0,0,0,0,0,0,0,0,0,0,0,0,0,0,0,0,0
4.234687805175781,0,0.0,0.0,0.0,0.0,0.0,0.0,0.0,0.0,0.03,0,0,0,0,0,0,0,0,0,0,0,0,0,0,0,0,0,0,0,0,0
4.235807657241821,0,0.0,0.0,0.0,0.0,0.0,0.0,0.0,0.0,0.03,0,0,0,0,0,0,0,0,0,0,0,0,0,0,0,0,0,0,0,0,0
4.236902713775635,0,0.0,0.0,0.0,0.0,0.0,0.0,0.0,0.0,0.03,0,0,0,0,0,0,0,0,0,0,0,0,0,0,0,0,0,0,0,0,0
4.238197088241577,0,0.0,0.0,0.0,0.0,0.0,0.0,0.0,0.0,0.03,0,0,0,0,0,0,0,0,0,0,0,0,0,0,0,0,0,0,0,0,0
4.239260911941528,0,0.0,0.0,0.0,0.0,0.0,0.0,0.0,0.0,0.03,0,0,0,0,0,0,0,0,0,0,0,0,0,0,0,0,0,0,0,0,0
4.240911960601807,0,0.0,0.0,0.0,0.0,0.0,0.0,0.0,0.0,0.03,0,0,0,0,0,0,0,0,0,0,0,0,0,0,0,0,0,0,0,0,0
4.2421698570251465,0,0.0,0.0,0.0,0.0,0.0,0.0,0.0,0.0,0.03,0,0,0,0,0,0,0,0,0,0,0,0,0,0,0,0,0,0,0,0,0
4.2442662715911865,0,0.0,0.0,0.0,0.0,0.0,0.0,0.0,0.0,0.03,0,0,0,0,0,0,0,0,0,0,0,0,0,0,0,0,0,0,0,0,0
4.245779991149902,0,0.0,0.0,0.0,0.0,0.0,0.0,0.0,0.0,0.03,0,0,0,0,0,0,0,0,0,0,0,0,0,0,0,0,0,0,0,0,0
4.247047662734985,0,0.0,0.0,0.0,0.0,0.0,0.0,0.0,0.0,0.03,0,0,0,0,0,0,0,0,0,0,0,0,0,0,0,0,0,0,0,0,0
4.248383522033691,0,0.0,0.0,0.0,0.0,0.0,0.0,0.0,0.0,0.03,0,0,0,0,0,0,0,0,0,0,0,0,0,0,0,0,0,0,0,0,0
4.25024938583374,0,0.0,0.0,0.0,0.0,0.0,0.0,0.0,0.0,0.03,0,0,0,0,0,0,0,0,0,0,0,0,0,0,0,0,0,0,0,0,0
4.251344680786133,0,0.0,0.0,0.0,0.0,0.0,0.0,0.0,0.0,0.03,0,0,0,0,0,0,0,0,0,0,0,0,0,0,0,0,0,0,0,0,0
4.25320029258728,0,0.0,0.0,0.0,0.0,0.0,0.0,0.0,0.0,0.03,0,0,0,0,0,0,0,0,0,0,0,0,0,0,0,0,0,0,0,0,0
4.254411697387695,0,0.0,0.0,0.0,0.0,0.0,0.0,0.0,0.0,0.03,0,0,0,0,0,0,0,0,0,0,0,0,0,0,0,0,0,0,0,0,0
4.2577433586120605,0,0.0,0.0,0.0,0.0,0.0,0.0,0.0,0.0,0.03,0,0,0,0,0,0,0,0,0,0,0,0,0,0,0,0,0,0,0,0,0
4.258823394775391,0,0.0,0.0,0.0,0.0,0.0,0.0,0.0,0.0,0.03,0,0,0,0,0,0,0,0,0,0,0,0,0,0,0,0,0,0,0,0,0
4.2612388134002686,0,0.0,0.0,0.0,0.0,0.0,0.0,0.0,0.0,0.03,0,0,0,0,0,0,0,0,0,0,0,0,0,0,0,0,0,0,0,0,0
4.26513671875,0,0.0,0.0,0.0,0.0,0.0,0.0,0.0,0.0,0.03,0,0,0,0,0,0,0,0,0,0,0,0,0,0,0,0,0,0,0,0,0
4.266540765762329,0,0.0,0.0,0.0,0.0,0.0,0.0,0.0,0.0,0.03,0,0,0,0,0,0,0,0,0,0,0,0,0,0,0,0,0,0,0,0,0
4.267979621887207,0,0.0,0.0,0.0,0.0,0.0,0.0,0.0,0.0,0.03,0,0,0,0,0,0,0,0,0,0,0,0,0,0,0,0,0,0,0,0,0
4.269258260726929,0,0.0,0.0,0.0,0.0,0.0,0.0,0.0,0.0,0.03,0,0,0,0,0,0,0,0,0,0,0,0,0,0,0,0,0,0,0,0,0
4.270532131195068,0,0.0,0.0,0.0,0.0,0.0,0.0,0.0,0.0,0.03,0,0,0,0,0,0,0,0,0,0,0,0,0,0,0,0,0,0,0,0,0
4.271609783172607,0,0.0,0.0,0.0,0.0,0.0,0.0,0.0,0.0,0.03,0,0,0,0,0,0,0,0,0,0,0,0,0,0,0,0,0,0,0,0,0
4.2727086544036865,0,0.0,0.0,0.0,0.0,0.0,0.0,0.0,0.0,0.03,0,0,0,0,0,0,0,0,0,0,0,0,0,0,0,0,0,0,0,0,0
4.273855209350586,0,0.0,0.0,0.0,0.0,0.0,0.0,0.0,0.0,0.03,0,0,0,0,0,0,0,0,0,0,0,0,0,0,0,0,0,0,0,0,0
4.274963617324829,0,0.0,0.0,0.0,0.0,0.0,0.0,0.0,0.0,0.03,0,0,0,0,0,0,0,0,0,0,0,0,0,0,0,0,0,0,0,0,0
4.276025056838989,0,0.0,0.0,0.0,0.0,0.0,0.0,0.0,0.0,0.03,0,0,0,0,0,0,0,0,0,0,0,0,0,0,0,0,0,0,0,0,0
4.277122497558594,0,0.0,0.0,0.0,0.0,0.0,0.0,0.0,0.0,0.03,0,0,0,0,0,0,0,0,0,0,0,0,0,0,0,0,0,0,0,0,0
4.278493165969849,0,0.0,0.0,0.0,0.0,0.0,0.0,0.0,0.0,0.03,0,0,0,0,0,0,0,0,0,0,0,0,0,0,0,0,0,0,0,0,0
4.2797136306762695,0,0.0,0.0,0.0,0.0,0.0,0.0,0.0,0.0,0.03,0,0,0,0,0,0,0,0,0,0,0,0,0,0,0,0,0,0,0,0,0
4.2809014320373535,0,0.0,0.0,0.0,0.0,0.0,0.0,0.0,0.0,0.03,0,0,0,0,0,0,0,0,0,0,0,0,0,0,0,0,0,0,0,0,0
4.282110214233398,0,0.0,0.0,0.0,0.0,0.0,0.0,0.0,0.0,0.03,0,0,0,0,0,0,0,0,0,0,0,0,0,0,0,0,0,0,0,0,0
4.283431768417358,0,0.0,0.0,0.0,0.0,0.0,0.0,0.0,0.0,0.03,0,0,0,0,0,0,0,0,0,0,0,0,0,0,0,0,0,0,0,0,0
4.285040616989136,0,0.0,0.0,0.0,0.0,0.0,0.0,0.0,0.0,0.03,0,0,0,0,0,0,0,0,0,0,0,0,0,0,0,0,0,0,0,0,0
4.286590099334717,0,0.0,0.0,0.0,0.0,0.0,0.0,0.0,0.0,0.03,0,0,0,0,0,0,0,0,0,0,0,0,0,0,0,0,0,0,0,0,0
4.287813663482666,0,0.0,0.0,0.0,0.0,0.0,0.0,0.0,0.0,0.03,0,0,0,0,0,0,0,0,0,0,0,0,0,0,0,0,0,0,0,0,0
4.289746046066284,0,0.0,0.0,0.0,0.0,0.0,0.0,0.0,0.0,0.03,0,0,0,0,0,0,0,0,0,0,0,0,0,0,0,0,0,0,0,0,0
4.291439771652222,0,0.0,0.0,0.0,0.0,0.0,0.0,0.0,0.0,0.03,0,0,0,0,0,0,0,0,0,0,0,0,0,0,0,0,0,0,0,0,0
4.292605400085449,0,0.0,0.0,0.0,0.0,0.0,0.0,0.0,0.0,0.03,0,0,0,0,0,0,0,0,0,0,0,0,0,0,0,0,0,0,0,0,0
4.294784069061279,0,0.0,0.0,0.0,0.0,0.0,0.0,0.0,0.0,0.03,0,0,0,0,0,0,0,0,0,0,0,0,0,0,0,0,0,0,0,0,0
4.295853137969971,0,0.0,0.0,0.0,0.0,0.0,0.0,0.0,0.0,0.03,0,0,0,0,0,0,0,0,0,0,0,0,0,0,0,0,0,0,0,0,0
4.296945095062256,0,0.0,0.0,0.0,0.0,0.0,0.0,0.0,0.0,0.03,0,0,0,0,0,0,0,0,0,0,0,0,0,0,0,0,0,0,0,0,0
4.298085927963257,0,0.0,0.0,0.0,0.0,0.0,0.0,0.0,0.0,0.03,0,0,0,0,0,0,0,0,0,0,0,0,0,0,0,0,0,0,0,0,0
4.299397230148315,0,0.0,0.0,0.0,0.0,0.0,0.0,0.0,0.0,0.03,0,0,0,0,0,0,0,0,0,0,0,0,0,0,0,0,0,0,0,0,0
4.300462961196899,0,0.0,0.0,0.0,0.0,0.0,0.0,0.0,0.0,0.03,0,0,0,0,0,0,0,0,0,0,0,0,0,0,0,0,0,0,0,0,0
4.301602125167847,0,0.0,0.0,0.0,0.0,0.0,0.0,0.0,0.0,0.03,0,0,0,0,0,0,0,0,0,0,0,0,0,0,0,0,0,0,0,0,0
4.303783416748047,0,0.0,0.0,0.0,0.0,0.0,0.0,0.0,0.0,0.03,0,0,0,0,0,0,0,0,0,0,0,0,0,0,0,0,0,0,0,0,0
4.306454420089722,0,0.0,0.0,0.0,0.0,0.0,0.0,0.0,0.0,0.03,0,0,0,0,0,0,0,0,0,0,0,0,0,0,0,0,0,0,0,0,0
4.307804107666016,0,0.0,0.0,0.0,0.0,0.0,0.0,0.0,0.0,0.03,0,0,0,0,0,0,0,0,0,0,0,0,0,0,0,0,0,0,0,0,0
4.310199975967407,0,0.0,0.0,0.0,0.0,0.0,0.0,0.0,0.0,0.03,0,0,0,0,0,0,0,0,0,0,0,0,0,0,0,0,0,0,0,0,0
4.311413049697876,0,0.0,0.0,0.0,0.0,0.0,0.0,0.0,0.0,0.03,0,0,0,0,0,0,0,0,0,0,0,0,0,0,0,0,0,0,0,0,0
4.312531471252441,0,0.0,0.0,0.0,0.0,0.0,0.0,0.0,0.0,0.03,0,0,0,0,0,0,0,0,0,0,0,0,0,0,0,0,0,0,0,0,0
4.313810110092163,0,0.0,0.0,0.0,0.0,0.0,0.0,0.0,0.0,0.03,0,0,0,0,0,0,0,0,0,0,0,0,0,0,0,0,0,0,0,0,0
4.315392255783081,0,0.0,0.0,0.0,0.0,0.0,0.0,0.0,0.0,0.03,0,0,0,0,0,0,0,0,0,0,0,0,0,0,0,0,0,0,0,0,0
4.316479682922363,0,0.0,0.0,0.0,0.0,0.0,0.0,0.0,0.0,0.03,0,0,0,0,0,0,0,0,0,0,0,0,0,0,0,0,0,0,0,0,0
4.319103240966797,0,0.0,0.0,0.0,0.0,0.0,0.0,0.0,0.0,0.03,0,0,0,0,0,0,0,0,0,0,0,0,0,0,0,0,0,0,0,0,0
4.320623159408569,0,0.0,0.0,0.0,0.0,0.0,0.0,0.0,0.0,0.03,0,0,0,0,0,0,0,0,0,0,0,0,0,0,0,0,0,0,0,0,0
4.323566436767578,0,0.0,0.0,0.0,0.0,0.0,0.0,0.0,0.0,0.03,0,0,0,0,0,0,0,0,0,0,0,0,0,0,0,0,0,0,0,0,0
4.326983451843262,0,0.0,0.0,0.0,0.0,0.0,0.0,0.0,0.0,0.03,0,0,0,0,0,0,0,0,0,0,0,0,0,0,0,0,0,0,0,0,0
4.3283727169036865,0,0.0,0.0,0.0,0.0,0.0,0.0,0.0,0.0,0.03,0,0,0,0,0,0,0,0,0,0,0,0,0,0,0,0,0,0,0,0,0
4.32975697517395,0,0.0,0.0,0.0,0.0,0.0,0.0,0.0,0.0,0.03,0,0,0,0,0,0,0,0,0,0,0,0,0,0,0,0,0,0,0,0,0
4.330869197845459,0,0.0,0.0,0.0,0.0,0.0,0.0,0.0,0.0,0.03,0,0,0,0,0,0,0,0,0,0,0,0,0,0,0,0,0,0,0,0,0
4.332308053970337,0,0.0,0.0,0.0,0.0,0.0,0.0,0.0,0.0,0.03,0,0,0,0,0,0,0,0,0,0,0,0,0,0,0,0,0,0,0,0,0
4.334054470062256,0,0.0,0.0,0.0,0.0,0.0,0.0,0.0,0.0,0.03,0,0,0,0,0,0,0,0,0,0,0,0,0,0,0,0,0,0,0,0,0
4.335505723953247,0,0.0,0.0,0.0,0.0,0.0,0.0,0.0,0.0,0.03,0,0,0,0,0,0,0,0,0,0,0,0,0,0,0,0,0,0,0,0,0
4.337254047393799,0,0.0,0.0,0.0,0.0,0.0,0.0,0.0,0.0,0.03,0,0,0,0,0,0,0,0,0,0,0,0,0,0,0,0,0,0,0,0,0
4.338494062423706,0,0.0,0.0,0.0,0.0,0.0,0.0,0.0,0.0,0.03,0,0,0,0,0,0,0,0,0,0,0,0,0,0,0,0,0,0,0,0,0
4.339552879333496,0,0.0,0.0,0.0,0.0,0.0,0.0,0.0,0.0,0.03,0,0,0,0,0,0,0,0,0,0,0,0,0,0,0,0,0,0,0,0,0
4.340792655944824,0,0.0,0.0,0.0,0.0,0.0,0.0,0.0,0.0,0.03,0,0,0,0,0,0,0,0,0,0,0,0,0,0,0,0,0,0,0,0,0
4.3418920040130615,0,0.0,0.0,0.0,0.0,0.0,0.0,0.0,0.0,0.03,0,0,0,0,0,0,0,0,0,0,0,0,0,0,0,0,0,0,0,0,0
4.3431477546691895,0,0.0,0.0,0.0,0.0,0.0,0.0,0.0,0.0,0.03,0,0,0,0,0,0,0,0,0,0,0,0,0,0,0,0,0,0,0,0,0
4.344350576400757,0,0.0,0.0,0.0,0.0,0.0,0.0,0.0,0.0,0.03,0,0,0,0,0,0,0,0,0,0,0,0,0,0,0,0,0,0,0,0,0
4.345425605773926,0,0.0,0.0,0.0,0.0,0.0,0.0,0.0,0.0,0.03,0,0,0,0,0,0,0,0,0,0,0,0,0,0,0,0,0,0,0,0,0
4.34679913520813,0,0.0,0.0,0.0,0.0,0.0,0.0,0.0,0.0,0.03,0,0,0,0,0,0,0,0,0,0,0,0,0,0,0,0,0,0,0,0,0
4.348170518875122,0,0.0,0.0,0.0,0.0,0.0,0.0,0.0,0.0,0.03,0,0,0,0,0,0,0,0,0,0,0,0,0,0,0,0,0,0,0,0,0
4.3492326736450195,0,0.0,0.0,0.0,0.0,0.0,0.0,0.0,0.0,0.03,0,0,0,0,0,0,0,0,0,0,0,0,0,0,0,0,0,0,0,0,0
4.351031064987183,0,0.0,0.0,0.0,0.0,0.0,0.0,0.0,0.0,0.03,0,0,0,0,0,0,0,0,0,0,0,0,0,0,0,0,0,0,0,0,0
4.352733373641968,0,0.0,0.0,0.0,0.0,0.0,0.0,0.0,0.0,0.03,0,0,0,0,0,0,0,0,0,0,0,0,0,0,0,0,0,0,0,0,0
4.35425066947937,0,0.0,0.0,0.0,0.0,0.0,0.0,0.0,0.0,0.03,0,0,0,0,0,0,0,0,0,0,0,0,0,0,0,0,0,0,0,0,0
4.355499267578125,0,0.0,0.0,0.0,0.0,0.0,0.0,0.0,0.0,0.03,0,0,0,0,0,0,0,0,0,0,0,0,0,0,0,0,0,0,0,0,0
4.356685638427734,0,0.0,0.0,0.0,0.0,0.0,0.0,0.0,0.0,0.03,0,0,0,0,0,0,0,0,0,0,0,0,0,0,0,0,0,0,0,0,0
4.358044147491455,0,0.0,0.0,0.0,0.0,0.0,0.0,0.0,0.0,0.03,0,0,0,0,0,0,0,0,0,0,0,0,0,0,0,0,0,0,0,0,0
4.359414339065552,0,0.0,0.0,0.0,0.0,0.0,0.0,0.0,0.0,0.03,0,0,0,0,0,0,0,0,0,0,0,0,0,0,0,0,0,0,0,0,0
4.360813617706299,0,0.0,0.0,0.0,0.0,0.0,0.0,0.0,0.0,0.03,0,0,0,0,0,0,0,0,0,0,0,0,0,0,0,0,0,0,0,0,0
4.362080335617065,0,0.0,0.0,0.0,0.0,0.0,0.0,0.0,0.0,0.03,0,0,0,0,0,0,0,0,0,0,0,0,0,0,0,0,0,0,0,0,0
4.363476514816284,0,0.0,0.0,0.0,0.0,0.0,0.0,0.0,0.0,0.03,0,0,0,0,0,0,0,0,0,0,0,0,0,0,0,0,0,0,0,0,0
4.364597797393799,0,0.0,0.0,0.0,0.0,0.0,0.0,0.0,0.0,0.03,0,0,0,0,0,0,0,0,0,0,0,0,0,0,0,0,0,0,0,0,0
4.36586594581604,0,0.0,0.0,0.0,0.0,0.0,0.0,0.0,0.0,0.03,0,0,0,0,0,0,0,0,0,0,0,0,0,0,0,0,0,0,0,0,0
4.36699104309082,0,0.0,0.0,0.0,0.0,0.0,0.0,0.0,0.0,0.03,0,0,0,0,0,0,0,0,0,0,0,0,0,0,0,0,0,0,0,0,0
4.368161916732788,0,0.0,0.0,0.0,0.0,0.0,0.0,0.0,0.0,0.03,0,0,0,0,0,0,0,0,0,0,0,0,0,0,0,0,0,0,0,0,0
4.369223117828369,0,0.0,0.0,0.0,0.0,0.0,0.0,0.0,0.0,0.03,0,0,0,0,0,0,0,0,0,0,0,0,0,0,0,0,0,0,0,0,0
4.370781660079956,0,0.0,0.0,0.0,0.0,0.0,0.0,0.0,0.0,0.03,0,0,0,0,0,0,0,0,0,0,0,0,0,0,0,0,0,0,0,0,0
4.371882915496826,0,0.0,0.0,0.0,0.0,0.0,0.0,0.0,0.0,0.03,0,0,0,0,0,0,0,0,0,0,0,0,0,0,0,0,0,0,0,0,0
4.3734681606292725,0,0.0,0.0,0.0,0.0,0.0,0.0,0.0,0.0,0.03,0,0,0,0,0,0,0,0,0,0,0,0,0,0,0,0,0,0,0,0,0
4.3754143714904785,0,0.0,0.0,0.0,0.0,0.0,0.0,0.0,0.0,0.03,0,0,0,0,0,0,0,0,0,0,0,0,0,0,0,0,0,0,0,0,0
4.376906156539917,0,0.0,0.0,0.0,0.0,0.0,0.0,0.0,0.0,0.03,0,0,0,0,0,0,0,0,0,0,0,0,0,0,0,0,0,0,0,0,0
4.378002643585205,0,0.0,0.0,0.0,0.0,0.0,0.0,0.0,0.0,0.03,0,0,0,0,0,0,0,0,0,0,0,0,0,0,0,0,0,0,0,0,0
4.379582166671753,0,0.0,0.0,0.0,0.0,0.0,0.0,0.0,0.0,0.03,0,0,0,0,0,0,0,0,0,0,0,0,0,0,0,0,0,0,0,0,0
4.38079309463501,0,0.0,0.0,0.0,0.0,0.0,0.0,0.0,0.0,0.03,0,0,0,0,0,0,0,0,0,0,0,0,0,0,0,0,0,0,0,0,0
4.3819825649261475,0,0.0,0.0,0.0,0.0,0.0,0.0,0.0,0.0,0.03,0,0,0,0,0,0,0,0,0,0,0,0,0,0,0,0,0,0,0,0,0
4.383060932159424,0,0.0,0.0,0.0,0.0,0.0,0.0,0.0,0.0,0.03,0,0,0,0,0,0,0,0,0,0,0,0,0,0,0,0,0,0,0,0,0
4.38417387008667,0,0.0,0.0,0.0,0.0,0.0,0.0,0.0,0.0,0.03,0,0,0,0,0,0,0,0,0,0,0,0,0,0,0,0,0,0,0,0,0
4.385372638702393,0,0.0,0.0,0.0,0.0,0.0,0.0,0.0,0.0,0.03,0,0,0,0,0,0,0,0,0,0,0,0,0,0,0,0,0,0,0,0,0
4.387660503387451,0,0.0,0.0,0.0,0.0,0.0,0.0,0.0,0.0,0.03,0,0,0,0,0,0,0,0,0,0,0,0,0,0,0,0,0,0,0,0,0
4.390642881393433,0,0.0,0.0,0.0,0.0,0.0,0.0,0.0,0.0,0.03,0,0,0,0,0,0,0,0,0,0,0,0,0,0,0,0,0,0,0,0,0
4.39308500289917,0,0.0,0.0,0.0,0.0,0.0,0.0,0.0,0.0,0.03,0,0,0,0,0,0,0,0,0,0,0,0,0,0,0,0,0,0,0,0,0
4.394504547119141,0,0.0,0.0,0.0,0.0,0.0,0.0,0.0,0.0,0.03,0,0,0,0,0,0,0,0,0,0,0,0,0,0,0,0,0,0,0,0,0
4.396155118942261,0,0.0,0.0,0.0,0.0,0.0,0.0,0.0,0.0,0.03,0,0,0,0,0,0,0,0,0,0,0,0,0,0,0,0,0,0,0,0,0
4.397657632827759,0,0.0,0.0,0.0,0.0,0.0,0.0,0.0,0.0,0.03,0,0,0,0,0,0,0,0,0,0,0,0,0,0,0,0,0,0,0,0,0
4.400049209594727,0,0.0,0.0,0.0,0.0,0.0,0.0,0.0,0.0,0.03,0,0,0,0,0,0,0,0,0,0,0,0,0,0,0,0,0,0,0,0,0
4.401211500167847,0,0.0,0.0,0.0,0.0,0.0,0.0,0.0,0.0,0.03,0,0,0,0,0,0,0,0,0,0,0,0,0,0,0,0,0,0,0,0,0
4.402402877807617,0,0.0,0.0,0.0,0.0,0.0,0.0,0.0,0.0,0.03,0,0,0,0,0,0,0,0,0,0,0,0,0,0,0,0,0,0,0,0,0
4.404821157455444,0,0.0,0.0,0.0,0.0,0.0,0.0,0.0,0.0,0.03,0,0,0,0,0,0,0,0,0,0,0,0,0,0,0,0,0,0,0,0,0
4.406451940536499,0,0.0,0.0,0.0,0.0,0.0,0.0,0.0,0.0,0.03,0,0,0,0,0,0,0,0,0,0,0,0,0,0,0,0,0,0,0,0,0
4.407552480697632,0,0.0,0.0,0.0,0.0,0.0,0.0,0.0,0.0,0.03,0,0,0,0,0,0,0,0,0,0,0,0,0,0,0,0,0,0,0,0,0
4.408828496932983,0,0.0,0.0,0.0,0.0,0.0,0.0,0.0,0.0,0.03,0,0,0,0,0,0,0,0,0,0,0,0,0,0,0,0,0,0,0,0,0
4.409960985183716,0,0.0,0.0,0.0,0.0,0.0,0.0,0.0,0.0,0.03,0,0,0,0,0,0,0,0,0,0,0,0,0,0,0,0,0,0,0,0,0
4.411120414733887,0,0.0,0.0,0.0,0.0,0.0,0.0,0.0,0.0,0.03,0,0,0,0,0,0,0,0,0,0,0,0,0,0,0,0,0,0,0,0,0
4.412208795547485,0,0.0,0.0,0.0,0.0,0.0,0.0,0.0,0.0,0.03,0,0,0,0,0,0,0,0,0,0,0,0,0,0,0,0,0,0,0,0,0
4.41412615776062,0,0.0,0.0,0.0,0.0,0.0,0.0,0.0,0.0,0.03,0,0,0,0,0,0,0,0,0,0,0,0,0,0,0,0,0,0,0,0,0
4.415773153305054,0,0.0,0.0,0.0,0.0,0.0,0.0,0.0,0.0,0.03,0,0,0,0,0,0,0,0,0,0,0,0,0,0,0,0,0,0,0,0,0
4.417702913284302,0,0.0,0.0,0.0,0.0,0.0,0.0,0.0,0.0,0.03,0,0,0,0,0,0,0,0,0,0,0,0,0,0,0,0,0,0,0,0,0
4.4188666343688965,0,0.0,0.0,0.0,0.0,0.0,0.0,0.0,0.0,0.03,0,0,0,0,0,0,0,0,0,0,0,0,0,0,0,0,0,0,0,0,0
4.4201743602752686,0,0.0,0.0,0.0,0.0,0.0,0.0,0.0,0.0,0.03,0,0,0,0,0,0,0,0,0,0,0,0,0,0,0,0,0,0,0,0,0
4.422289133071899,0,0.0,0.0,0.0,0.0,0.0,0.0,0.0,0.0,0.03,0,0,0,0,0,0,0,0,0,0,0,0,0,0,0,0,0,0,0,0,0
4.4236650466918945,0,0.0,0.0,0.0,0.0,0.0,0.0,0.0,0.0,0.03,0,0,0,0,0,0,0,0,0,0,0,0,0,0,0,0,0,0,0,0,0
4.424814701080322,0,0.0,0.0,0.0,0.0,0.0,0.0,0.0,0.0,0.03,0,0,0,0,0,0,0,0,0,0,0,0,0,0,0,0,0,0,0,0,0
4.4260032176971436,0,0.0,0.0,0.0,0.0,0.0,0.0,0.0,0.0,0.03,0,0,0,0,0,0,0,0,0,0,0,0,0,0,0,0,0,0,0,0,0
4.4271063804626465,0,0.0,0.0,0.0,0.0,0.0,0.0,0.0,0.0,0.03,0,0,0,0,0,0,0,0,0,0,0,0,0,0,0,0,0,0,0,0,0
4.428301095962524,0,0.0,0.0,0.0,0.0,0.0,0.0,0.0,0.0,0.03,0,0,0,0,0,0,0,0,0,0,0,0,0,0,0,0,0,0,0,0,0
4.429551362991333,0,0.0,0.0,0.0,0.0,0.0,0.0,0.0,0.0,0.03,0,0,0,0,0,0,0,0,0,0,0,0,0,0,0,0,0,0,0,0,0
4.430835247039795,0,0.0,0.0,0.0,0.0,0.0,0.0,0.0,0.0,0.03,0,0,0,0,0,0,0,0,0,0,0,0,0,0,0,0,0,0,0,0,0
4.431922674179077,0,0.0,0.0,0.0,0.0,0.0,0.0,0.0,0.0,0.03,0,0,0,0,0,0,0,0,0,0,0,0,0,0,0,0,0,0,0,0,0
4.433344125747681,0,0.0,0.0,0.0,0.0,0.0,0.0,0.0,0.0,0.03,0,0,0,0,0,0,0,0,0,0,0,0,0,0,0,0,0,0,0,0,0
4.434581518173218,0,0.0,0.0,0.0,0.0,0.0,0.0,0.0,0.0,0.03,0,0,0,0,0,0,0,0,0,0,0,0,0,0,0,0,0,0,0,0,0
4.436336278915405,0,0.0,0.0,0.0,0.0,0.0,0.0,0.0,0.0,0.03,0,0,0,0,0,0,0,0,0,0,0,0,0,0,0,0,0,0,0,0,0
4.4376137256622314,0,0.0,0.0,0.0,0.0,0.0,0.0,0.0,0.0,0.03,0,0,0,0,0,0,0,0,0,0,0,0,0,0,0,0,0,0,0,0,0
4.438864469528198,0,0.0,0.0,0.0,0.0,0.0,0.0,0.0,0.0,0.03,0,0,0,0,0,0,0,0,0,0,0,0,0,0,0,0,0,0,0,0,0
4.439955949783325,0,0.0,0.0,0.0,0.0,0.0,0.0,0.0,0.0,0.03,0,0,0,0,0,0,0,0,0,0,0,0,0,0,0,0,0,0,0,0,0
4.441549777984619,0,0.0,0.0,0.0,0.0,0.0,0.0,0.0,0.0,0.03,0,0,0,0,0,0,0,0,0,0,0,0,0,0,0,0,0,0,0,0,0
4.442886829376221,0,0.0,0.0,0.0,0.0,0.0,0.0,0.0,0.0,0.03,0,0,0,0,0,0,0,0,0,0,0,0,0,0,0,0,0,0,0,0,0
4.444005966186523,0,0.0,0.0,0.0,0.0,0.0,0.0,0.0,0.0,0.03,0,0,0,0,0,0,0,0,0,0,0,0,0,0,0,0,0,0,0,0,0
4.4451584815979,0,0.0,0.0,0.0,0.0,0.0,0.0,0.0,0.0,0.03,0,0,0,0,0,0,0,0,0,0,0,0,0,0,0,0,0,0,0,0,0
4.44648003578186,0,0.0,0.0,0.0,0.0,0.0,0.0,0.0,0.0,0.03,0,0,0,0,0,0,0,0,0,0,0,0,0,0,0,0,0,0,0,0,0
4.448084831237793,0,0.0,0.0,0.0,0.0,0.0,0.0,0.0,0.0,0.03,0,0,0,0,0,0,0,0,0,0,0,0,0,0,0,0,0,0,0,0,0
4.449753522872925,0,0.0,0.0,0.0,0.0,0.0,0.0,0.0,0.0,0.03,0,0,0,0,0,0,0,0,0,0,0,0,0,0,0,0,0,0,0,0,0
4.452182054519653,0,0.0,0.0,0.0,0.0,0.0,0.0,0.0,0.0,0.03,0,0,0,0,0,0,0,0,0,0,0,0,0,0,0,0,0,0,0,0,0
4.453291893005371,0,0.0,0.0,0.0,0.0,0.0,0.0,0.0,0.0,0.03,0,0,0,0,0,0,0,0,0,0,0,0,0,0,0,0,0,0,0,0,0
4.455627679824829,0,0.0,0.0,0.0,0.0,0.0,0.0,0.0,0.0,0.03,0,0,0,0,0,0,0,0,0,0,0,0,0,0,0,0,0,0,0,0,0
4.4570231437683105,0,0.0,0.0,0.0,0.0,0.0,0.0,0.0,0.0,0.03,0,0,0,0,0,0,0,0,0,0,0,0,0,0,0,0,0,0,0,0,0
4.459596872329712,0,0.0,0.0,0.0,0.0,0.0,0.0,0.0,0.0,0.03,0,0,0,0,0,0,0,0,0,0,0,0,0,0,0,0,0,0,0,0,0
4.4610755443573,0,0.0,0.0,0.0,0.0,0.0,0.0,0.0,0.0,0.03,0,0,0,0,0,0,0,0,0,0,0,0,0,0,0,0,0,0,0,0,0
4.4623754024505615,0,0.0,0.0,0.0,0.0,0.0,0.0,0.0,0.0,0.03,0,0,0,0,0,0,0,0,0,0,0,0,0,0,0,0,0,0,0,0,0
4.463461399078369,0,0.0,0.0,0.0,0.0,0.0,0.0,0.0,0.0,0.03,0,0,0,0,0,0,0,0,0,0,0,0,0,0,0,0,0,0,0,0,0
4.464997053146362,0,0.0,0.0,0.0,0.0,0.0,0.0,0.0,0.0,0.03,0,0,0,0,0,0,0,0,0,0,0,0,0,0,0,0,0,0,0,0,0
4.466263294219971,0,0.0,0.0,0.0,0.0,0.0,0.0,0.0,0.0,0.03,0,0,0,0,0,0,0,0,0,0,0,0,0,0,0,0,0,0,0,0,0
4.467450857162476,0,0.0,0.0,0.0,0.0,0.0,0.0,0.0,0.0,0.03,0,0,0,0,0,0,0,0,0,0,0,0,0,0,0,0,0,0,0,0,0
4.468544960021973,0,0.0,0.0,0.0,0.0,0.0,0.0,0.0,0.0,0.03,0,0,0,0,0,0,0,0,0,0,0,0,0,0,0,0,0,0,0,0,0
4.469815492630005,0,0.0,0.0,0.0,0.0,0.0,0.0,0.0,0.0,0.03,0,0,0,0,0,0,0,0,0,0,0,0,0,0,0,0,0,0,0,0,0
4.470896244049072,0,0.0,0.0,0.0,0.0,0.0,0.0,0.0,0.0,0.03,0,0,0,0,0,0,0,0,0,0,0,0,0,0,0,0,0,0,0,0,0
4.472091913223267,0,0.0,0.0,0.0,0.0,0.0,0.0,0.0,0.0,0.03,0,0,0,0,0,0,0,0,0,0,0,0,0,0,0,0,0,0,0,0,0
4.47316575050354,0,0.0,0.0,0.0,0.0,0.0,0.0,0.0,0.0,0.03,0,0,0,0,0,0,0,0,0,0,0,0,0,0,0,0,0,0,0,0,0
4.474271059036255,0,0.0,0.0,0.0,0.0,0.0,0.0,0.0,0.0,0.03,0,0,0,0,0,0,0,0,0,0,0,0,0,0,0,0,0,0,0,0,0
4.475647926330566,0,0.0,0.0,0.0,0.0,0.0,0.0,0.0,0.0,0.03,0,0,0,0,0,0,0,0,0,0,0,0,0,0,0,0,0,0,0,0,0
4.477029323577881,0,0.0,0.0,0.0,0.0,0.0,0.0,0.0,0.0,0.03,0,0,0,0,0,0,0,0,0,0,0,0,0,0,0,0,0,0,0,0,0
4.479745864868164,0,0.0,0.0,0.0,0.0,0.0,0.0,0.0,0.0,0.03,0,0,0,0,0,0,0,0,0,0,0,0,0,0,0,0,0,0,0,0,0
4.480998992919922,0,0.0,0.0,0.0,0.0,0.0,0.0,0.0,0.0,0.03,0,0,0,0,0,0,0,0,0,0,0,0,0,0,0,0,0,0,0,0,0
4.482213020324707,0,0.0,0.0,0.0,0.0,0.0,0.0,0.0,0.0,0.03,0,0,0,0,0,0,0,0,0,0,0,0,0,0,0,0,0,0,0,0,0
4.4835896492004395,0,0.0,0.0,0.0,0.0,0.0,0.0,0.0,0.0,0.03,0,0,0,0,0,0,0,0,0,0,0,0,0,0,0,0,0,0,0,0,0
4.484752416610718,0,0.0,0.0,0.0,0.0,0.0,0.0,0.0,0.0,0.03,0,0,0,0,0,0,0,0,0,0,0,0,0,0,0,0,0,0,0,0,0
4.486031770706177,0,0.0,0.0,0.0,0.0,0.0,0.0,0.0,0.0,0.03,0,0,0,0,0,0,0,0,0,0,0,0,0,0,0,0,0,0,0,0,0
4.48720908164978,0,0.0,0.0,0.0,0.0,0.0,0.0,0.0,0.0,0.03,0,0,0,0,0,0,0,0,0,0,0,0,0,0,0,0,0,0,0,0,0
4.488349437713623,0,0.0,0.0,0.0,0.0,0.0,0.0,0.0,0.0,0.03,0,0,0,0,0,0,0,0,0,0,0,0,0,0,0,0,0,0,0,0,0
4.489643812179565,0,0.0,0.0,0.0,0.0,0.0,0.0,0.0,0.0,0.03,0,0,0,0,0,0,0,0,0,0,0,0,0,0,0,0,0,0,0,0,0
4.491194009780884,0,0.0,0.0,0.0,0.0,0.0,0.0,0.0,0.0,0.03,0,0,0,0,0,0,0,0,0,0,0,0,0,0,0,0,0,0,0,0,0
4.492593765258789,0,0.0,0.0,0.0,0.0,0.0,0.0,0.0,0.0,0.03,0,0,0,0,0,0,0,0,0,0,0,0,0,0,0,0,0,0,0,0,0
4.4938836097717285,0,0.0,0.0,0.0,0.0,0.0,0.0,0.0,0.0,0.03,0,0,0,0,0,0,0,0,0,0,0,0,0,0,0,0,0,0,0,0,0
4.495077610015869,0,0.0,0.0,0.0,0.0,0.0,0.0,0.0,0.0,0.03,0,0,0,0,0,0,0,0,0,0,0,0,0,0,0,0,0,0,0,0,0
4.496168851852417,0,0.0,0.0,0.0,0.0,0.0,0.0,0.0,0.0,0.03,0,0,0,0,0,0,0,0,0,0,0,0,0,0,0,0,0,0,0,0,0
4.49722957611084,0,0.0,0.0,0.0,0.0,0.0,0.0,0.0,0.0,0.03,0,0,0,0,0,0,0,0,0,0,0,0,0,0,0,0,0,0,0,0,0
4.498566150665283,0,0.0,0.0,0.0,0.0,0.0,0.0,0.0,0.0,0.03,0,0,0,0,0,0,0,0,0,0,0,0,0,0,0,0,0,0,0,0,0
4.500387191772461,0,0.0,0.0,0.0,0.0,0.0,0.0,0.0,0.0,0.03,0,0,0,0,0,0,0,0,0,0,0,0,0,0,0,0,0,0,0,0,0
4.502420663833618,0,0.0,0.0,0.0,0.0,0.0,0.0,0.0,0.0,0.03,0,0,0,0,0,0,0,0,0,0,0,0,0,0,0,0,0,0,0,0,0
4.503729581832886,0,0.0,0.0,0.0,0.0,0.0,0.0,0.0,0.0,0.03,0,0,0,0,0,0,0,0,0,0,0,0,0,0,0,0,0,0,0,0,0
4.504948854446411,0,0.0,0.0,0.0,0.0,0.0,0.0,0.0,0.0,0.03,0,0,0,0,0,0,0,0,0,0,0,0,0,0,0,0,0,0,0,0,0
4.50615930557251,0,0.0,0.0,0.0,0.0,0.0,0.0,0.0,0.0,0.03,0,0,0,0,0,0,0,0,0,0,0,0,0,0,0,0,0,0,0,0,0
4.507397413253784,0,0.0,0.0,0.0,0.0,0.0,0.0,0.0,0.0,0.03,0,0,0,0,0,0,0,0,0,0,0,0,0,0,0,0,0,0,0,0,0
4.508570909500122,0,0.0,0.0,0.0,0.0,0.0,0.0,0.0,0.0,0.03,0,0,0,0,0,0,0,0,0,0,0,0,0,0,0,0,0,0,0,0,0
4.5097815990448,0,0.0,0.0,0.0,0.0,0.0,0.0,0.0,0.0,0.03,0,0,0,0,0,0,0,0,0,0,0,0,0,0,0,0,0,0,0,0,0
4.5109851360321045,0,0.0,0.0,0.0,0.0,0.0,0.0,0.0,0.0,0.03,0,0,0,0,0,0,0,0,0,0,0,0,0,0,0,0,0,0,0,0,0
4.512094020843506,0,0.0,0.0,0.0,0.0,0.0,0.0,0.0,0.0,0.03,0,0,0,0,0,0,0,0,0,0,0,0,0,0,0,0,0,0,0,0,0
4.5138843059539795,0,0.0,0.0,0.0,0.0,0.0,0.0,0.0,0.0,0.03,0,0,0,0,0,0,0,0,0,0,0,0,0,0,0,0,0,0,0,0,0
4.514975547790527,0,0.0,0.0,0.0,0.0,0.0,0.0,0.0,0.0,0.03,0,0,0,0,0,0,0,0,0,0,0,0,0,0,0,0,0,0,0,0,0
4.518007516860962,0,0.0,0.0,0.0,0.0,0.0,0.0,0.0,0.0,0.03,0,0,0,0,0,0,0,0,0,0,0,0,0,0,0,0,0,0,0,0,0
4.519144535064697,0,0.0,0.0,0.0,0.0,0.0,0.0,0.0,0.0,0.03,0,0,0,0,0,0,0,0,0,0,0,0,0,0,0,0,0,0,0,0,0
4.520833253860474,0,0.0,0.0,0.0,0.0,0.0,0.0,0.0,0.0,0.03,0,0,0,0,0,0,0,0,0,0,0,0,0,0,0,0,0,0,0,0,0
4.522199869155884,0,0.0,0.0,0.0,0.0,0.0,0.0,0.0,0.0,0.03,0,0,0,0,0,0,0,0,0,0,0,0,0,0,0,0,0,0,0,0,0
4.524765729904175,0,0.0,0.0,0.0,0.0,0.0,0.0,0.0,0.0,0.03,0,0,0,0,0,0,0,0,0,0,0,0,0,0,0,0,0,0,0,0,0
4.526040315628052,0,0.0,0.0,0.0,0.0,0.0,0.0,0.0,0.0,0.03,0,0,0,0,0,0,0,0,0,0,0,0,0,0,0,0,0,0,0,0,0
4.527143478393555,0,0.0,0.0,0.0,0.0,0.0,0.0,0.0,0.0,0.03,0,0,0,0,0,0,0,0,0,0,0,0,0,0,0,0,0,0,0,0,0
4.528501987457275,0,0.0,0.0,0.0,0.0,0.0,0.0,0.0,0.0,0.03,0,0,0,0,0,0,0,0,0,0,0,0,0,0,0,0,0,0,0,0,0
4.529720306396484,0,0.0,0.0,0.0,0.0,0.0,0.0,0.0,0.0,0.03,0,0,0,0,0,0,0,0,0,0,0,0,0,0,0,0,0,0,0,0,0
4.531462907791138,0,0.0,0.0,0.0,0.0,0.0,0.0,0.0,0.0,0.03,0,0,0,0,0,0,0,0,0,0,0,0,0,0,0,0,0,0,0,0,0
4.532555103302002,0,0.0,0.0,0.0,0.0,0.0,0.0,0.0,0.0,0.03,0,0,0,0,0,0,0,0,0,0,0,0,0,0,0,0,0,0,0,0,0
4.533693552017212,0,0.0,0.0,0.0,0.0,0.0,0.0,0.0,0.0,0.03,0,0,0,0,0,0,0,0,0,0,0,0,0,0,0,0,0,0,0,0,0
4.5348429679870605,0,0.0,0.0,0.0,0.0,0.0,0.0,0.0,0.0,0.03,0,0,0,0,0,0,0,0,0,0,0,0,0,0,0,0,0,0,0,0,0
4.536044597625732,0,0.0,0.0,0.0,0.0,0.0,0.0,0.0,0.0,0.03,0,0,0,0,0,0,0,0,0,0,0,0,0,0,0,0,0,0,0,0,0
4.537115097045898,0,0.0,0.0,0.0,0.0,0.0,0.0,0.0,0.0,0.03,0,0,0,0,0,0,0,0,0,0,0,0,0,0,0,0,0,0,0,0,0
4.538211345672607,0,0.0,0.0,0.0,0.0,0.0,0.0,0.0,0.0,0.03,0,0,0,0,0,0,0,0,0,0,0,0,0,0,0,0,0,0,0,0,0
4.53928804397583,0,0.0,0.0,0.0,0.0,0.0,0.0,0.0,0.0,0.03,0,0,0,0,0,0,0,0,0,0,0,0,0,0,0,0,0,0,0,0,0
4.5403831005096436,0,0.0,0.0,0.0,0.0,0.0,0.0,0.0,0.0,0.03,0,0,0,0,0,0,0,0,0,0,0,0,0,0,0,0,0,0,0,0,0
4.541693687438965,0,0.0,0.0,0.0,0.0,0.0,0.0,0.0,0.0,0.03,0,0,0,0,0,0,0,0,0,0,0,0,0,0,0,0,0,0,0,0,0
4.54278826713562,0,0.0,0.0,0.0,0.0,0.0,0.0,0.0,0.0,0.03,0,0,0,0,0,0,0,0,0,0,0,0,0,0,0,0,0,0,0,0,0
4.543888807296753,0,0.0,0.0,0.0,0.0,0.0,0.0,0.0,0.0,0.03,0,0,0,0,0,0,0,0,0,0,0,0,0,0,0,0,0,0,0,0,0
4.5451130867004395,0,0.0,0.0,0.0,0.0,0.0,0.0,0.0,0.0,0.03,0,0,0,0,0,0,0,0,0,0,0,0,0,0,0,0,0,0,0,0,0
4.54629373550415,0,0.0,0.0,0.0,0.0,0.0,0.0,0.0,0.0,0.03,0,0,0,0,0,0,0,0,0,0,0,0,0,0,0,0,0,0,0,0,0
4.547506093978882,0,0.0,0.0,0.0,0.0,0.0,0.0,0.0,0.0,0.03,0,0,0,0,0,0,0,0,0,0,0,0,0,0,0,0,0,0,0,0,0
4.549255132675171,0,0.0,0.0,0.0,0.0,0.0,0.0,0.0,0.0,0.03,0,0,0,0,0,0,0,0,0,0,0,0,0,0,0,0,0,0,0,0,0
4.550406455993652,0,0.0,0.0,0.0,0.0,0.0,0.0,0.0,0.0,0.03,0,0,0,0,0,0,0,0,0,0,0,0,0,0,0,0,0,0,0,0,0
4.551626205444336,0,0.0,0.0,0.0,0.0,0.0,0.0,0.0,0.0,0.03,0,0,0,0,0,0,0,0,0,0,0,0,0,0,0,0,0,0,0,0,0
4.553073167800903,0,0.0,0.0,0.0,0.0,0.0,0.0,0.0,0.0,0.03,0,0,0,0,0,0,0,0,0,0,0,0,0,0,0,0,0,0,0,0,0
4.554677248001099,0,0.0,0.0,0.0,0.0,0.0,0.0,0.0,0.0,0.03,0,0,0,0,0,0,0,0,0,0,0,0,0,0,0,0,0,0,0,0,0
4.555842161178589,0,0.0,0.0,0.0,0.0,0.0,0.0,0.0,0.0,0.03,0,0,0,0,0,0,0,0,0,0,0,0,0,0,0,0,0,0,0,0,0
4.558013200759888,0,0.0,0.0,0.0,0.0,0.0,0.0,0.0,0.0,0.03,0,0,0,0,0,0,0,0,0,0,0,0,0,0,0,0,0,0,0,0,0
4.559131622314453,0,0.0,0.0,0.0,0.0,0.0,0.0,0.0,0.0,0.03,0,0,0,0,0,0,0,0,0,0,0,0,0,0,0,0,0,0,0,0,0
4.560411691665649,0,0.0,0.0,0.0,0.0,0.0,0.0,0.0,0.0,0.03,0,0,0,0,0,0,0,0,0,0,0,0,0,0,0,0,0,0,0,0,0
4.561570167541504,0,0.0,0.0,0.0,0.0,0.0,0.0,0.0,0.0,0.03,0,0,0,0,0,0,0,0,0,0,0,0,0,0,0,0,0,0,0,0,0
4.562638759613037,0,0.0,0.0,0.0,0.0,0.0,0.0,0.0,0.0,0.03,0,0,0,0,0,0,0,0,0,0,0,0,0,0,0,0,0,0,0,0,0
4.563699960708618,0,0.0,0.0,0.0,0.0,0.0,0.0,0.0,0.0,0.03,0,0,0,0,0,0,0,0,0,0,0,0,0,0,0,0,0,0,0,0,0
4.5651044845581055,0,0.0,0.0,0.0,0.0,0.0,0.0,0.0,0.0,0.03,0,0,0,0,0,0,0,0,0,0,0,0,0,0,0,0,0,0,0,0,0
4.566811561584473,0,0.0,0.0,0.0,0.0,0.0,0.0,0.0,0.0,0.03,0,0,0,0,0,0,0,0,0,0,0,0,0,0,0,0,0,0,0,0,0
4.569131374359131,0,0.0,0.0,0.0,0.0,0.0,0.0,0.0,0.0,0.03,0,0,0,0,0,0,0,0,0,0,0,0,0,0,0,0,0,0,0,0,0
4.570323467254639,0,0.0,0.0,0.0,0.0,0.0,0.0,0.0,0.0,0.03,0,0,0,0,0,0,0,0,0,0,0,0,0,0,0,0,0,0,0,0,0
4.571810245513916,0,0.0,0.0,0.0,0.0,0.0,0.0,0.0,0.0,0.03,0,0,0,0,0,0,0,0,0,0,0,0,0,0,0,0,0,0,0,0,0
4.574031591415405,0,0.0,0.0,0.0,0.0,0.0,0.0,0.0,0.0,0.03,0,0,0,0,0,0,0,0,0,0,0,0,0,0,0,0,0,0,0,0,0
4.575327634811401,0,0.0,0.0,0.0,0.0,0.0,0.0,0.0,0.0,0.03,0,0,0,0,0,0,0,0,0,0,0,0,0,0,0,0,0,0,0,0,0
4.576543569564819,0,0.0,0.0,0.0,0.0,0.0,0.0,0.0,0.0,0.03,0,0,0,0,0,0,0,0,0,0,0,0,0,0,0,0,0,0,0,0,0
4.57764196395874,0,0.0,0.0,0.0,0.0,0.0,0.0,0.0,0.0,0.03,0,0,0,0,0,0,0,0,0,0,0,0,0,0,0,0,0,0,0,0,0
4.579450845718384,0,0.0,0.0,0.0,0.0,0.0,0.0,0.0,0.0,0.03,0,0,0,0,0,0,0,0,0,0,0,0,0,0,0,0,0,0,0,0,0
4.580549716949463,0,0.0,0.0,0.0,0.0,0.0,0.0,0.0,0.0,0.03,0,0,0,0,0,0,0,0,0,0,0,0,0,0,0,0,0,0,0,0,0
4.583122968673706,0,0.0,0.0,0.0,0.0,0.0,0.0,0.0,0.0,0.03,0,0,0,0,0,0,0,0,0,0,0,0,0,0,0,0,0,0,0,0,0
4.584485054016113,0,0.0,0.0,0.0,0.0,0.0,0.0,0.0,0.0,0.03,0,0,0,0,0,0,0,0,0,0,0,0,0,0,0,0,0,0,0,0,0
4.585988759994507,0,0.0,0.0,0.0,0.0,0.0,0.0,0.0,0.0,0.03,0,0,0,0,0,0,0,0,0,0,0,0,0,0,0,0,0,0,0,0,0
4.589672088623047,0,0.0,0.0,0.0,0.0,0.0,0.0,0.0,0.0,0.03,0,0,0,0,0,0,0,0,0,0,0,0,0,0,0,0,0,0,0,0,0
4.5908050537109375,0,0.0,0.0,0.0,0.0,0.0,0.0,0.0,0.0,0.03,0,0,0,0,0,0,0,0,0,0,0,0,0,0,0,0,0,0,0,0,0
4.5921759605407715,0,0.0,0.0,0.0,0.0,0.0,0.0,0.0,0.0,0.03,0,0,0,0,0,0,0,0,0,0,0,0,0,0,0,0,0,0,0,0,0
4.593496561050415,0,0.0,0.0,0.0,0.0,0.0,0.0,0.0,0.0,0.03,0,0,0,0,0,0,0,0,0,0,0,0,0,0,0,0,0,0,0,0,0
4.597043037414551,0,0.0,0.0,0.0,0.0,0.0,0.0,0.0,0.0,0.03,0,0,0,0,0,0,0,0,0,0,0,0,0,0,0,0,0,0,0,0,0
4.599253416061401,0,0.0,0.0,0.0,0.0,0.0,0.0,0.0,0.0,0.03,0,0,0,0,0,0,0,0,0,0,0,0,0,0,0,0,0,0,0,0,0
4.6004040241241455,0,0.0,0.0,0.0,0.0,0.0,0.0,0.0,0.0,0.03,0,0,0,0,0,0,0,0,0,0,0,0,0,0,0,0,0,0,0,0,0
4.601726293563843,0,0.0,0.0,0.0,0.0,0.0,0.0,0.0,0.0,0.03,0,0,0,0,0,0,0,0,0,0,0,0,0,0,0,0,0,0,0,0,0
4.6028618812561035,0,0.0,0.0,0.0,0.0,0.0,0.0,0.0,0.0,0.03,0,0,0,0,0,0,0,0,0,0,0,0,0,0,0,0,0,0,0,0,0
4.605578422546387,0,0.0,0.0,0.0,0.0,0.0,0.0,0.0,0.0,0.03,0,0,0,0,0,0,0,0,0,0,0,0,0,0,0,0,0,0,0,0,0
4.6069700717926025,0,0.0,0.0,0.0,0.0,0.0,0.0,0.0,0.0,0.03,0,0,0,0,0,0,0,0,0,0,0,0,0,0,0,0,0,0,0,0,0
4.608250141143799,0,0.0,0.0,0.0,0.0,0.0,0.0,0.0,0.0,0.03,0,0,0,0,0,0,0,0,0,0,0,0,0,0,0,0,0,0,0,0,0
4.609346389770508,0,0.0,0.0,0.0,0.0,0.0,0.0,0.0,0.0,0.03,0,0,0,0,0,0,0,0,0,0,0,0,0,0,0,0,0,0,0,0,0
4.610576868057251,0,0.0,0.0,0.0,0.0,0.0,0.0,0.0,0.0,0.03,0,0,0,0,0,0,0,0,0,0,0,0,0,0,0,0,0,0,0,0,0
4.61167049407959,0,0.0,0.0,0.0,0.0,0.0,0.0,0.0,0.0,0.03,0,0,0,0,0,0,0,0,0,0,0,0,0,0,0,0,0,0,0,0,0
4.612790822982788,0,0.0,0.0,0.0,0.0,0.0,0.0,0.0,0.0,0.03,0,0,0,0,0,0,0,0,0,0,0,0,0,0,0,0,0,0,0,0,0
4.613898277282715,0,0.0,0.0,0.0,0.0,0.0,0.0,0.0,0.0,0.03,0,0,0,0,0,0,0,0,0,0,0,0,0,0,0,0,0,0,0,0,0
4.615135431289673,0,0.0,0.0,0.0,0.0,0.0,0.0,0.0,0.0,0.03,0,0,0,0,0,0,0,0,0,0,0,0,0,0,0,0,0,0,0,0,0
4.616458415985107,0,0.0,0.0,0.0,0.0,0.0,0.0,0.0,0.0,0.03,0,0,0,0,0,0,0,0,0,0,0,0,0,0,0,0,0,0,0,0,0
4.617953062057495,0,0.0,0.0,0.0,0.0,0.0,0.0,0.0,0.0,0.03,0,0,0,0,0,0,0,0,0,0,0,0,0,0,0,0,0,0,0,0,0
4.619046688079834,0,0.0,0.0,0.0,0.0,0.0,0.0,0.0,0.0,0.03,0,0,0,0,0,0,0,0,0,0,0,0,0,0,0,0,0,0,0,0,0
4.621038198471069,0,0.0,0.0,0.0,0.0,0.0,0.0,0.0,0.0,0.03,0,0,0,0,0,0,0,0,0,0,0,0,0,0,0,0,0,0,0,0,0
4.622482538223267,0,0.0,0.0,0.0,0.0,0.0,0.0,0.0,0.0,0.03,0,0,0,0,0,0,0,0,0,0,0,0,0,0,0,0,0,0,0,0,0
4.623930215835571,0,0.0,0.0,0.0,0.0,0.0,0.0,0.0,0.0,0.03,0,0,0,0,0,0,0,0,0,0,0,0,0,0,0,0,0,0,0,0,0
4.6252360343933105,0,0.0,0.0,0.0,0.0,0.0,0.0,0.0,0.0,0.03,0,0,0,0,0,0,0,0,0,0,0,0,0,0,0,0,0,0,0,0,0
4.627389430999756,0,0.0,0.0,0.0,0.0,0.0,0.0,0.0,0.0,0.03,0,0,0,0,0,0,0,0,0,0,0,0,0,0,0,0,0,0,0,0,0
4.629786491394043,0,0.0,0.0,0.0,0.0,0.0,0.0,0.0,0.0,0.03,0,0,0,0,0,0,0,0,0,0,0,0,0,0,0,0,0,0,0,0,0
4.631105899810791,0,0.0,0.0,0.0,0.0,0.0,0.0,0.0,0.0,0.03,0,0,0,0,0,0,0,0,0,0,0,0,0,0,0,0,0,0,0,0,0
4.633666038513184,0,0.0,0.0,0.0,0.0,0.0,0.0,0.0,0.0,0.03,0,0,0,0,0,0,0,0,0,0,0,0,0,0,0,0,0,0,0,0,0
4.63505744934082,0,0.0,0.0,0.0,0.0,0.0,0.0,0.0,0.0,0.03,0,0,0,0,0,0,0,0,0,0,0,0,0,0,0,0,0,0,0,0,0
4.636249780654907,0,0.0,0.0,0.0,0.0,0.0,0.0,0.0,0.0,0.03,0,0,0,0,0,0,0,0,0,0,0,0,0,0,0,0,0,0,0,0,0
4.637338161468506,0,0.0,0.0,0.0,0.0,0.0,0.0,0.0,0.0,0.03,0,0,0,0,0,0,0,0,0,0,0,0,0,0,0,0,0,0,0,0,0
4.638691663742065,0,0.0,0.0,0.0,0.0,0.0,0.0,0.0,0.0,0.03,0,0,0,0,0,0,0,0,0,0,0,0,0,0,0,0,0,0,0,0,0
4.639797210693359,0,0.0,0.0,0.0,0.0,0.0,0.0,0.0,0.0,0.03,0,0,0,0,0,0,0,0,0,0,0,0,0,0,0,0,0,0,0,0,0
4.641077995300293,0,0.0,0.0,0.0,0.0,0.0,0.0,0.0,0.0,0.03,0,0,0,0,0,0,0,0,0,0,0,0,0,0,0,0,0,0,0,0,0
4.642323970794678,0,0.0,0.0,0.0,0.0,0.0,0.0,0.0,0.0,0.03,0,0,0,0,0,0,0,0,0,0,0,0,0,0,0,0,0,0,0,0,0
4.643467664718628,0,0.0,0.0,0.0,0.0,0.0,0.0,0.0,0.0,0.03,0,0,0,0,0,0,0,0,0,0,0,0,0,0,0,0,0,0,0,0,0
4.6445558071136475,0,0.0,0.0,0.0,0.0,0.0,0.0,0.0,0.0,0.03,0,0,0,0,0,0,0,0,0,0,0,0,0,0,0,0,0,0,0,0,0
4.64587664604187,0,0.0,0.0,0.0,0.0,0.0,0.0,0.0,0.0,0.03,0,0,0,0,0,0,0,0,0,0,0,0,0,0,0,0,0,0,0,0,0
4.647194147109985,0,0.0,0.0,0.0,0.0,0.0,0.0,0.0,0.0,0.03,0,0,0,0,0,0,0,0,0,0,0,0,0,0,0,0,0,0,0,0,0
4.6493189334869385,0,0.0,0.0,0.0,0.0,0.0,0.0,0.0,0.0,0.03,0,0,0,0,0,0,0,0,0,0,0,0,0,0,0,0,0,0,0,0,0
4.650857925415039,0,0.0,0.0,0.0,0.0,0.0,0.0,0.0,0.0,0.03,0,0,0,0,0,0,0,0,0,0,0,0,0,0,0,0,0,0,0,0,0
4.652265787124634,0,0.0,0.0,0.0,0.0,0.0,0.0,0.0,0.0,0.03,0,0,0,0,0,0,0,0,0,0,0,0,0,0,0,0,0,0,0,0,0
4.653391599655151,0,0.0,0.0,0.0,0.0,0.0,0.0,0.0,0.0,0.03,0,0,0,0,0,0,0,0,0,0,0,0,0,0,0,0,0,0,0,0,0
4.654588460922241,0,0.0,0.0,0.0,0.0,0.0,0.0,0.0,0.0,0.03,0,0,0,0,0,0,0,0,0,0,0,0,0,0,0,0,0,0,0,0,0
4.6559998989105225,0,0.0,0.0,0.0,0.0,0.0,0.0,0.0,0.0,0.03,0,0,0,0,0,0,0,0,0,0,0,0,0,0,0,0,0,0,0,0,0
4.657168865203857,0,0.0,0.0,0.0,0.0,0.0,0.0,0.0,0.0,0.03,0,0,0,0,0,0,0,0,0,0,0,0,0,0,0,0,0,0,0,0,0
4.658338308334351,0,0.0,0.0,0.0,0.0,0.0,0.0,0.0,0.0,0.03,0,0,0,0,0,0,0,0,0,0,0,0,0,0,0,0,0,0,0,0,0
4.659436225891113,0,0.0,0.0,0.0,0.0,0.0,0.0,0.0,0.0,0.03,0,0,0,0,0,0,0,0,0,0,0,0,0,0,0,0,0,0,0,0,0
4.660934209823608,0,0.0,0.0,0.0,0.0,0.0,0.0,0.0,0.0,0.03,0,0,0,0,0,0,0,0,0,0,0,0,0,0,0,0,0,0,0,0,0
4.663006782531738,0,0.0,0.0,0.0,0.0,0.0,0.0,0.0,0.0,0.03,0,0,0,0,0,0,0,0,0,0,0,0,0,0,0,0,0,0,0,0,0
4.664353847503662,0,0.0,0.0,0.0,0.0,0.0,0.0,0.0,0.0,0.03,0,0,0,0,0,0,0,0,0,0,0,0,0,0,0,0,0,0,0,0,0
4.66675329208374,0,0.0,0.0,0.0,0.0,0.0,0.0,0.0,0.0,0.03,0,0,0,0,0,0,0,0,0,0,0,0,0,0,0,0,0,0,0,0,0
4.667904615402222,0,0.0,0.0,0.0,0.0,0.0,0.0,0.0,0.0,0.03,0,0,0,0,0,0,0,0,0,0,0,0,0,0,0,0,0,0,0,0,0
4.669869661331177,0,0.0,0.0,0.0,0.0,0.0,0.0,0.0,0.0,0.03,0,0,0,0,0,0,0,0,0,0,0,0,0,0,0,0,0,0,0,0,0
4.671069145202637,0,0.0,0.0,0.0,0.0,0.0,0.0,0.0,0.0,0.03,0,0,0,0,0,0,0,0,0,0,0,0,0,0,0,0,0,0,0,0,0
4.672332763671875,0,0.0,0.0,0.0,0.0,0.0,0.0,0.0,0.0,0.03,0,0,0,0,0,0,0,0,0,0,0,0,0,0,0,0,0,0,0,0,0
4.673539638519287,0,0.0,0.0,0.0,0.0,0.0,0.0,0.0,0.0,0.03,0,0,0,0,0,0,0,0,0,0,0,0,0,0,0,0,0,0,0,0,0
4.674977779388428,0,0.0,0.0,0.0,0.0,0.0,0.0,0.0,0.0,0.03,0,0,0,0,0,0,0,0,0,0,0,0,0,0,0,0,0,0,0,0,0
4.676405429840088,0,0.0,0.0,0.0,0.0,0.0,0.0,0.0,0.0,0.03,0,0,0,0,0,0,0,0,0,0,0,0,0,0,0,0,0,0,0,0,0
4.677647829055786,0,0.0,0.0,0.0,0.0,0.0,0.0,0.0,0.0,0.03,0,0,0,0,0,0,0,0,0,0,0,0,0,0,0,0,0,0,0,0,0
4.679387092590332,0,0.0,0.0,0.0,0.0,0.0,0.0,0.0,0.0,0.03,0,0,0,0,0,0,0,0,0,0,0,0,0,0,0,0,0,0,0,0,0
4.680530071258545,0,0.0,0.0,0.0,0.0,0.0,0.0,0.0,0.0,0.03,0,0,0,0,0,0,0,0,0,0,0,0,0,0,0,0,0,0,0,0,0
4.681604862213135,0,0.0,0.0,0.0,0.0,0.0,0.0,0.0,0.0,0.03,0,0,0,0,0,0,0,0,0,0,0,0,0,0,0,0,0,0,0,0,0
4.683544874191284,0,0.0,0.0,0.0,0.0,0.0,0.0,0.0,0.0,0.03,0,0,0,0,0,0,0,0,0,0,0,0,0,0,0,0,0,0,0,0,0
4.6850104331970215,0,0.0,0.0,0.0,0.0,0.0,0.0,0.0,0.0,0.03,0,0,0,0,0,0,0,0,0,0,0,0,0,0,0,0,0,0,0,0,0
4.686138391494751,0,0.0,0.0,0.0,0.0,0.0,0.0,0.0,0.0,0.03,0,0,0,0,0,0,0,0,0,0,0,0,0,0,0,0,0,0,0,0,0
4.687219619750977,0,0.0,0.0,0.0,0.0,0.0,0.0,0.0,0.0,0.03,0,0,0,0,0,0,0,0,0,0,0,0,0,0,0,0,0,0,0,0,0
4.6884765625,0,0.0,0.0,0.0,0.0,0.0,0.0,0.0,0.0,0.03,0,0,0,0,0,0,0,0,0,0,0,0,0,0,0,0,0,0,0,0,0
4.68979024887085,0,0.0,0.0,0.0,0.0,0.0,0.0,0.0,0.0,0.03,0,0,0,0,0,0,0,0,0,0,0,0,0,0,0,0,0,0,0,0,0
4.6908838748931885,0,0.0,0.0,0.0,0.0,0.0,0.0,0.0,0.0,0.03,0,0,0,0,0,0,0,0,0,0,0,0,0,0,0,0,0,0,0,0,0
4.692046403884888,0,0.0,0.0,0.0,0.0,0.0,0.0,0.0,0.0,0.03,0,0,0,0,0,0,0,0,0,0,0,0,0,0,0,0,0,0,0,0,0
4.694608926773071,0,0.0,0.0,0.0,0.0,0.0,0.0,0.0,0.0,0.03,0,0,0,0,0,0,0,0,0,0,0,0,0,0,0,0,0,0,0,0,0
4.696105003356934,0,0.0,0.0,0.0,0.0,0.0,0.0,0.0,0.0,0.03,0,0,0,0,0,0,0,0,0,0,0,0,0,0,0,0,0,0,0,0,0
4.697768449783325,0,0.0,0.0,0.0,0.0,0.0,0.0,0.0,0.0,0.03,0,0,0,0,0,0,0,0,0,0,0,0,0,0,0,0,0,0,0,0,0
4.699125051498413,0,0.0,0.0,0.0,0.0,0.0,0.0,0.0,0.0,0.03,0,0,0,0,0,0,0,0,0,0,0,0,0,0,0,0,0,0,0,0,0
4.700942754745483,0,0.0,0.0,0.0,0.0,0.0,0.0,0.0,0.0,0.03,0,0,0,0,0,0,0,0,0,0,0,0,0,0,0,0,0,0,0,0,0
4.7021849155426025,0,0.0,0.0,0.0,0.0,0.0,0.0,0.0,0.0,0.03,0,0,0,0,0,0,0,0,0,0,0,0,0,0,0,0,0,0,0,0,0
4.703584432601929,0,0.0,0.0,0.0,0.0,0.0,0.0,0.0,0.0,0.03,0,0,0,0,0,0,0,0,0,0,0,0,0,0,0,0,0,0,0,0,0
4.706205129623413,0,0.0,0.0,0.0,0.0,0.0,0.0,0.0,0.0,0.03,0,0,0,0,0,0,0,0,0,0,0,0,0,0,0,0,0,0,0,0,0
4.707329273223877,0,0.0,0.0,0.0,0.0,0.0,0.0,0.0,0.0,0.03,0,0,0,0,0,0,0,0,0,0,0,0,0,0,0,0,0,0,0,0,0
4.708525657653809,0,0.0,0.0,0.0,0.0,0.0,0.0,0.0,0.0,0.03,0,0,0,0,0,0,0,0,0,0,0,0,0,0,0,0,0,0,0,0,0
4.709735631942749,0,0.0,0.0,0.0,0.0,0.0,0.0,0.0,0.0,0.03,0,0,0,0,0,0,0,0,0,0,0,0,0,0,0,0,0,0,0,0,0
4.711254596710205,0,0.0,0.0,0.0,0.0,0.0,0.0,0.0,0.0,0.03,0,0,0,0,0,0,0,0,0,0,0,0,0,0,0,0,0,0,0,0,0
4.713165283203125,0,0.0,0.0,0.0,0.0,0.0,0.0,0.0,0.0,0.03,0,0,0,0,0,0,0,0,0,0,0,0,0,0,0,0,0,0,0,0,0
4.714400768280029,0,0.0,0.0,0.0,0.0,0.0,0.0,0.0,0.0,0.03,0,0,0,0,0,0,0,0,0,0,0,0,0,0,0,0,0,0,0,0,0
4.716048717498779,0,0.0,0.0,0.0,0.0,0.0,0.0,0.0,0.0,0.03,0,0,0,0,0,0,0,0,0,0,0,0,0,0,0,0,0,0,0,0,0
4.718438625335693,0,0.0,0.0,0.0,0.0,0.0,0.0,0.0,0.0,0.03,0,0,0,0,0,0,0,0,0,0,0,0,0,0,0,0,0,0,0,0,0
4.719907283782959,0,0.0,0.0,0.0,0.0,0.0,0.0,0.0,0.0,0.03,0,0,0,0,0,0,0,0,0,0,0,0,0,0,0,0,0,0,0,0,0
4.7227888107299805,0,0.0,0.0,0.0,0.0,0.0,0.0,0.0,0.0,0.03,0,0,0,0,0,0,0,0,0,0,0,0,0,0,0,0,0,0,0,0,0
4.724243402481079,0,0.0,0.0,0.0,0.0,0.0,0.0,0.0,0.0,0.03,0,0,0,0,0,0,0,0,0,0,0,0,0,0,0,0,0,0,0,0,0
4.725427627563477,0,0.0,0.0,0.0,0.0,0.0,0.0,0.0,0.0,0.03,0,0,0,0,0,0,0,0,0,0,0,0,0,0,0,0,0,0,0,0,0
4.726755857467651,0,0.0,0.0,0.0,0.0,0.0,0.0,0.0,0.0,0.03,0,0,0,0,0,0,0,0,0,0,0,0,0,0,0,0,0,0,0,0,0
4.727947950363159,0,0.0,0.0,0.0,0.0,0.0,0.0,0.0,0.0,0.03,0,0,0,0,0,0,0,0,0,0,0,0,0,0,0,0,0,0,0,0,0
4.729407072067261,0,0.0,0.0,0.0,0.0,0.0,0.0,0.0,0.0,0.03,0,0,0,0,0,0,0,0,0,0,0,0,0,0,0,0,0,0,0,0,0
4.732591867446899,0,0.0,0.0,0.0,0.0,0.0,0.0,0.0,0.0,0.03,0,0,0,0,0,0,0,0,0,0,0,0,0,0,0,0,0,0,0,0,0
4.734039068222046,0,0.0,0.0,0.0,0.0,0.0,0.0,0.0,0.0,0.03,0,0,0,0,0,0,0,0,0,0,0,0,0,0,0,0,0,0,0,0,0
4.735392093658447,0,0.0,0.0,0.0,0.0,0.0,0.0,0.0,0.0,0.03,0,0,0,0,0,0,0,0,0,0,0,0,0,0,0,0,0,0,0,0,0
4.737506151199341,0,0.0,0.0,0.0,0.0,0.0,0.0,0.0,0.0,0.03,0,0,0,0,0,0,0,0,0,0,0,0,0,0,0,0,0,0,0,0,0
4.739799499511719,0,0.0,0.0,0.0,0.0,0.0,0.0,0.0,0.0,0.03,0,0,0,0,0,0,0,0,0,0,0,0,0,0,0,0,0,0,0,0,0
4.741113901138306,0,0.0,0.0,0.0,0.0,0.0,0.0,0.0,0.0,0.03,0,0,0,0,0,0,0,0,0,0,0,0,0,0,0,0,0,0,0,0,0
4.7422661781311035,0,0.0,0.0,0.0,0.0,0.0,0.0,0.0,0.0,0.03,0,0,0,0,0,0,0,0,0,0,0,0,0,0,0,0,0,0,0,0,0
4.744035482406616,0,0.0,0.0,0.0,0.0,0.0,0.0,0.0,0.0,0.03,0,0,0,0,0,0,0,0,0,0,0,0,0,0,0,0,0,0,0,0,0
4.745120048522949,0,0.0,0.0,0.0,0.0,0.0,0.0,0.0,0.0,0.03,0,0,0,0,0,0,0,0,0,0,0,0,0,0,0,0,0,0,0,0,0
4.7469072341918945,0,0.0,0.0,0.0,0.0,0.0,0.0,0.0,0.0,0.03,0,0,0,0,0,0,0,0,0,0,0,0,0,0,0,0,0,0,0,0,0
4.74813175201416,0,0.0,0.0,0.0,0.0,0.0,0.0,0.0,0.0,0.03,0,0,0,0,0,0,0,0,0,0,0,0,0,0,0,0,0,0,0,0,0
4.7500998973846436,0,0.0,0.0,0.0,0.0,0.0,0.0,0.0,0.0,0.03,0,0,0,0,0,0,0,0,0,0,0,0,0,0,0,0,0,0,0,0,0
4.751693487167358,0,0.0,0.0,0.0,0.0,0.0,0.0,0.0,0.0,0.03,0,0,0,0,0,0,0,0,0,0,0,0,0,0,0,0,0,0,0,0,0
4.752790689468384,0,0.0,0.0,0.0,0.0,0.0,0.0,0.0,0.0,0.03,0,0,0,0,0,0,0,0,0,0,0,0,0,0,0,0,0,0,0,0,0
4.753888845443726,0,0.0,0.0,0.0,0.0,0.0,0.0,0.0,0.0,0.03,0,0,0,0,0,0,0,0,0,0,0,0,0,0,0,0,0,0,0,0,0
4.755141973495483,0,0.0,0.0,0.0,0.0,0.0,0.0,0.0,0.0,0.03,0,0,0,0,0,0,0,0,0,0,0,0,0,0,0,0,0,0,0,0,0
4.756209373474121,0,0.0,0.0,0.0,0.0,0.0,0.0,0.0,0.0,0.03,0,0,0,0,0,0,0,0,0,0,0,0,0,0,0,0,0,0,0,0,0
4.757451295852661,0,0.0,0.0,0.0,0.0,0.0,0.0,0.0,0.0,0.03,0,0,0,0,0,0,0,0,0,0,0,0,0,0,0,0,0,0,0,0,0
4.759990453720093,0,0.0,0.0,0.0,0.0,0.0,0.0,0.0,0.0,0.03,0,0,0,0,0,0,0,0,0,0,0,0,0,0,0,0,0,0,0,0,0
4.761378049850464,0,0.0,0.0,0.0,0.0,0.0,0.0,0.0,0.0,0.03,0,0,0,0,0,0,0,0,0,0,0,0,0,0,0,0,0,0,0,0,0
4.7625837326049805,0,0.0,0.0,0.0,0.0,0.0,0.0,0.0,0.0,0.03,0,0,0,0,0,0,0,0,0,0,0,0,0,0,0,0,0,0,0,0,0
4.763925790786743,0,0.0,0.0,0.0,0.0,0.0,0.0,0.0,0.0,0.03,0,0,0,0,0,0,0,0,0,0,0,0,0,0,0,0,0,0,0,0,0
4.765270948410034,0,0.0,0.0,0.0,0.0,0.0,0.0,0.0,0.0,0.03,0,0,0,0,0,0,0,0,0,0,0,0,0,0,0,0,0,0,0,0,0
4.766542434692383,0,0.0,0.0,0.0,0.0,0.0,0.0,0.0,0.0,0.03,0,0,0,0,0,0,0,0,0,0,0,0,0,0,0,0,0,0,0,0,0
4.768199682235718,0,0.0,0.0,0.0,0.0,0.0,0.0,0.0,0.0,0.03,0,0,0,0,0,0,0,0,0,0,0,0,0,0,0,0,0,0,0,0,0
4.7693116664886475,0,0.0,0.0,0.0,0.0,0.0,0.0,0.0,0.0,0.03,0,0,0,0,0,0,0,0,0,0,0,0,0,0,0,0,0,0,0,0,0
4.7703845500946045,0,0.0,0.0,0.0,0.0,0.0,0.0,0.0,0.0,0.03,0,0,0,0,0,0,0,0,0,0,0,0,0,0,0,0,0,0,0,0,0
4.7715394496917725,0,0.0,0.0,0.0,0.0,0.0,0.0,0.0,0.0,0.03,0,0,0,0,0,0,0,0,0,0,0,0,0,0,0,0,0,0,0,0,0
4.7727062702178955,0,0.0,0.0,0.0,0.0,0.0,0.0,0.0,0.0,0.03,0,0,0,0,0,0,0,0,0,0,0,0,0,0,0,0,0,0,0,0,0
4.77411675453186,0,0.0,0.0,0.0,0.0,0.0,0.0,0.0,0.0,0.03,0,0,0,0,0,0,0,0,0,0,0,0,0,0,0,0,0,0,0,0,0
4.775201797485352,0,0.0,0.0,0.0,0.0,0.0,0.0,0.0,0.0,0.03,0,0,0,0,0,0,0,0,0,0,0,0,0,0,0,0,0,0,0,0,0
4.776294708251953,0,0.0,0.0,0.0,0.0,0.0,0.0,0.0,0.0,0.03,0,0,0,0,0,0,0,0,0,0,0,0,0,0,0,0,0,0,0,0,0
4.777391195297241,0,0.0,0.0,0.0,0.0,0.0,0.0,0.0,0.0,0.03,0,0,0,0,0,0,0,0,0,0,0,0,0,0,0,0,0,0,0,0,0
4.778451681137085,0,0.0,0.0,0.0,0.0,0.0,0.0,0.0,0.0,0.03,0,0,0,0,0,0,0,0,0,0,0,0,0,0,0,0,0,0,0,0,0
4.7802207469940186,0,0.0,0.0,0.0,0.0,0.0,0.0,0.0,0.0,0.03,0,0,0,0,0,0,0,0,0,0,0,0,0,0,0,0,0,0,0,0,0
4.781890153884888,0,0.0,0.0,0.0,0.0,0.0,0.0,0.0,0.0,0.03,0,0,0,0,0,0,0,0,0,0,0,0,0,0,0,0,0,0,0,0,0
4.784106492996216,0,0.0,0.0,0.0,0.0,0.0,0.0,0.0,0.0,0.03,0,0,0,0,0,0,0,0,0,0,0,0,0,0,0,0,0,0,0,0,0
4.785539150238037,0,0.0,0.0,0.0,0.0,0.0,0.0,0.0,0.0,0.03,0,0,0,0,0,0,0,0,0,0,0,0,0,0,0,0,0,0,0,0,0
4.786768198013306,0,0.0,0.0,0.0,0.0,0.0,0.0,0.0,0.0,0.03,0,0,0,0,0,0,0,0,0,0,0,0,0,0,0,0,0,0,0,0,0
4.788002252578735,0,0.0,0.0,0.0,0.0,0.0,0.0,0.0,0.0,0.03,0,0,0,0,0,0,0,0,0,0,0,0,0,0,0,0,0,0,0,0,0
4.789433240890503,0,0.0,0.0,0.0,0.0,0.0,0.0,0.0,0.0,0.03,0,0,0,0,0,0,0,0,0,0,0,0,0,0,0,0,0,0,0,0,0
4.790900468826294,0,0.0,0.0,0.0,0.0,0.0,0.0,0.0,0.0,0.03,0,0,0,0,0,0,0,0,0,0,0,0,0,0,0,0,0,0,0,0,0
4.792423963546753,0,0.0,0.0,0.0,0.0,0.0,0.0,0.0,0.0,0.03,0,0,0,0,0,0,0,0,0,0,0,0,0,0,0,0,0,0,0,0,0
4.79363489151001,0,0.0,0.0,0.0,0.0,0.0,0.0,0.0,0.0,0.03,0,0,0,0,0,0,0,0,0,0,0,0,0,0,0,0,0,0,0,0,0
4.794944524765015,0,0.0,0.0,0.0,0.0,0.0,0.0,0.0,0.0,0.03,0,0,0,0,0,0,0,0,0,0,0,0,0,0,0,0,0,0,0,0,0
4.796847581863403,0,0.0,0.0,0.0,0.0,0.0,0.0,0.0,0.0,0.03,0,0,0,0,0,0,0,0,0,0,0,0,0,0,0,0,0,0,0,0,0
4.7983903884887695,0,0.0,0.0,0.0,0.0,0.0,0.0,0.0,0.0,0.03,0,0,0,0,0,0,0,0,0,0,0,0,0,0,0,0,0,0,0,0,0
4.800756454467773,0,0.0,0.0,0.0,0.0,0.0,0.0,0.0,0.0,0.03,0,0,0,0,0,0,0,0,0,0,0,0,0,0,0,0,0,0,0,0,0
4.802646160125732,0,0.0,0.0,0.0,0.0,0.0,0.0,0.0,0.0,0.03,0,0,0,0,0,0,0,0,0,0,0,0,0,0,0,0,0,0,0,0,0
4.804051876068115,0,0.0,0.0,0.0,0.0,0.0,0.0,0.0,0.0,0.03,0,0,0,0,0,0,0,0,0,0,0,0,0,0,0,0,0,0,0,0,0
4.805467367172241,0,0.0,0.0,0.0,0.0,0.0,0.0,0.0,0.0,0.03,0,0,0,0,0,0,0,0,0,0,0,0,0,0,0,0,0,0,0,0,0
4.8078954219818115,0,0.0,0.0,0.0,0.0,0.0,0.0,0.0,0.0,0.03,0,0,0,0,0,0,0,0,0,0,0,0,0,0,0,0,0,0,0,0,0
4.80905294418335,0,0.0,0.0,0.0,0.0,0.0,0.0,0.0,0.0,0.03,0,0,0,0,0,0,0,0,0,0,0,0,0,0,0,0,0,0,0,0,0
4.810542583465576,0,0.0,0.0,0.0,0.0,0.0,0.0,0.0,0.0,0.03,0,0,0,0,0,0,0,0,0,0,0,0,0,0,0,0,0,0,0,0,0
4.812435865402222,0,0.0,0.0,0.0,0.0,0.0,0.0,0.0,0.0,0.03,0,0,0,0,0,0,0,0,0,0,0,0,0,0,0,0,0,0,0,0,0
4.814157724380493,0,0.0,0.0,0.0,0.0,0.0,0.0,0.0,0.0,0.03,0,0,0,0,0,0,0,0,0,0,0,0,0,0,0,0,0,0,0,0,0
4.815559387207031,0,0.0,0.0,0.0,0.0,0.0,0.0,0.0,0.0,0.03,0,0,0,0,0,0,0,0,0,0,0,0,0,0,0,0,0,0,0,0,0
4.8183019161224365,0,0.0,0.0,0.0,0.0,0.0,0.0,0.0,0.0,0.03,0,0,0,0,0,0,0,0,0,0,0,0,0,0,0,0,0,0,0,0,0
4.819550275802612,0,0.0,0.0,0.0,0.0,0.0,0.0,0.0,0.0,0.03,0,0,0,0,0,0,0,0,0,0,0,0,0,0,0,0,0,0,0,0,0
4.820857286453247,0,0.0,0.0,0.0,0.0,0.0,0.0,0.0,0.0,0.03,0,0,0,0,0,0,0,0,0,0,0,0,0,0,0,0,0,0,0,0,0
4.82196831703186,0,0.0,0.0,0.0,0.0,0.0,0.0,0.0,0.0,0.03,0,0,0,0,0,0,0,0,0,0,0,0,0,0,0,0,0,0,0,0,0
4.823235750198364,0,0.0,0.0,0.0,0.0,0.0,0.0,0.0,0.0,0.03,0,0,0,0,0,0,0,0,0,0,0,0,0,0,0,0,0,0,0,0,0
4.824838161468506,0,0.0,0.0,0.0,0.0,0.0,0.0,0.0,0.0,0.03,0,0,0,0,0,0,0,0,0,0,0,0,0,0,0,0,0,0,0,0,0
4.825934648513794,0,0.0,0.0,0.0,0.0,0.0,0.0,0.0,0.0,0.03,0,0,0,0,0,0,0,0,0,0,0,0,0,0,0,0,0,0,0,0,0
4.8276050090789795,0,0.0,0.0,0.0,0.0,0.0,0.0,0.0,0.0,0.03,0,0,0,0,0,0,0,0,0,0,0,0,0,0,0,0,0,0,0,0,0
4.829873561859131,0,0.0,0.0,0.0,0.0,0.0,0.0,0.0,0.0,0.03,0,0,0,0,0,0,0,0,0,0,0,0,0,0,0,0,0,0,0,0,0
4.831056356430054,0,0.0,0.0,0.0,0.0,0.0,0.0,0.0,0.0,0.03,0,0,0,0,0,0,0,0,0,0,0,0,0,0,0,0,0,0,0,0,0
4.83240270614624,0,0.0,0.0,0.0,0.0,0.0,0.0,0.0,0.0,0.03,0,0,0,0,0,0,0,0,0,0,0,0,0,0,0,0,0,0,0,0,0
4.833508729934692,0,0.0,0.0,0.0,0.0,0.0,0.0,0.0,0.0,0.03,0,0,0,0,0,0,0,0,0,0,0,0,0,0,0,0,0,0,0,0,0
4.834611892700195,0,0.0,0.0,0.0,0.0,0.0,0.0,0.0,0.0,0.03,0,0,0,0,0,0,0,0,0,0,0,0,0,0,0,0,0,0,0,0,0
4.836003303527832,0,0.0,0.0,0.0,0.0,0.0,0.0,0.0,0.0,0.03,0,0,0,0,0,0,0,0,0,0,0,0,0,0,0,0,0,0,0,0,0
4.8377838134765625,0,0.0,0.0,0.0,0.0,0.0,0.0,0.0,0.0,0.03,0,0,0,0,0,0,0,0,0,0,0,0,0,0,0,0,0,0,0,0,0
4.839190721511841,0,0.0,0.0,0.0,0.0,0.0,0.0,0.0,0.0,0.03,0,0,0,0,0,0,0,0,0,0,0,0,0,0,0,0,0,0,0,0,0
4.840405225753784,0,0.0,0.0,0.0,0.0,0.0,0.0,0.0,0.0,0.03,0,0,0,0,0,0,0,0,0,0,0,0,0,0,0,0,0,0,0,0,0
4.841701984405518,0,0.0,0.0,0.0,0.0,0.0,0.0,0.0,0.0,0.03,0,0,0,0,0,0,0,0,0,0,0,0,0,0,0,0,0,0,0,0,0
4.842823505401611,0,0.0,0.0,0.0,0.0,0.0,0.0,0.0,0.0,0.03,0,0,0,0,0,0,0,0,0,0,0,0,0,0,0,0,0,0,0,0,0
4.844130039215088,0,0.0,0.0,0.0,0.0,0.0,0.0,0.0,0.0,0.03,0,0,0,0,0,0,0,0,0,0,0,0,0,0,0,0,0,0,0,0,0
4.845419883728027,0,0.0,0.0,0.0,0.0,0.0,0.0,0.0,0.0,0.03,0,0,0,0,0,0,0,0,0,0,0,0,0,0,0,0,0,0,0,0,0
4.846602916717529,0,0.0,0.0,0.0,0.0,0.0,0.0,0.0,0.0,0.03,0,0,0,0,0,0,0,0,0,0,0,0,0,0,0,0,0,0,0,0,0
4.847691297531128,0,0.0,0.0,0.0,0.0,0.0,0.0,0.0,0.0,0.03,0,0,0,0,0,0,0,0,0,0,0,0,0,0,0,0,0,0,0,0,0
4.848851203918457,0,0.0,0.0,0.0,0.0,0.0,0.0,0.0,0.0,0.03,0,0,0,0,0,0,0,0,0,0,0,0,0,0,0,0,0,0,0,0,0
4.850350618362427,0,0.0,0.0,0.0,0.0,0.0,0.0,0.0,0.0,0.03,0,0,0,0,0,0,0,0,0,0,0,0,0,0,0,0,0,0,0,0,0
4.851651430130005,0,0.0,0.0,0.0,0.0,0.0,0.0,0.0,0.0,0.03,0,0,0,0,0,0,0,0,0,0,0,0,0,0,0,0,0,0,0,0,0
4.85313081741333,0,0.0,0.0,0.0,0.0,0.0,0.0,0.0,0.0,0.03,0,0,0,0,0,0,0,0,0,0,0,0,0,0,0,0,0,0,0,0,0
4.854349136352539,0,0.0,0.0,0.0,0.0,0.0,0.0,0.0,0.0,0.03,0,0,0,0,0,0,0,0,0,0,0,0,0,0,0,0,0,0,0,0,0
4.855581283569336,0,0.0,0.0,0.0,0.0,0.0,0.0,0.0,0.0,0.03,0,0,0,0,0,0,0,0,0,0,0,0,0,0,0,0,0,0,0,0,0
4.857082843780518,0,0.0,0.0,0.0,0.0,0.0,0.0,0.0,0.0,0.03,0,0,0,0,0,0,0,0,0,0,0,0,0,0,0,0,0,0,0,0,0
4.859295606613159,0,0.0,0.0,0.0,0.0,0.0,0.0,0.0,0.0,0.03,0,0,0,0,0,0,0,0,0,0,0,0,0,0,0,0,0,0,0,0,0
4.860546112060547,0,0.0,0.0,0.0,0.0,0.0,0.0,0.0,0.0,0.03,0,0,0,0,0,0,0,0,0,0,0,0,0,0,0,0,0,0,0,0,0
4.862685441970825,0,0.0,0.0,0.0,0.0,0.0,0.0,0.0,0.0,0.03,0,0,0,0,0,0,0,0,0,0,0,0,0,0,0,0,0,0,0,0,0
4.863789319992065,0,0.0,0.0,0.0,0.0,0.0,0.0,0.0,0.0,0.03,0,0,0,0,0,0,0,0,0,0,0,0,0,0,0,0,0,0,0,0,0
4.86487340927124,0,0.0,0.0,0.0,0.0,0.0,0.0,0.0,0.0,0.03,0,0,0,0,0,0,0,0,0,0,0,0,0,0,0,0,0,0,0,0,0
4.867559432983398,0,0.0,0.0,0.0,0.0,0.0,0.0,0.0,0.0,0.03,0,0,0,0,0,0,0,0,0,0,0,0,0,0,0,0,0,0,0,0,0
4.869528293609619,0,0.0,0.0,0.0,0.0,0.0,0.0,0.0,0.0,0.03,0,0,0,0,0,0,0,0,0,0,0,0,0,0,0,0,0,0,0,0,0
4.871623277664185,0,0.0,0.0,0.0,0.0,0.0,0.0,0.0,0.0,0.03,0,0,0,0,0,0,0,0,0,0,0,0,0,0,0,0,0,0,0,0,0
4.8727123737335205,0,0.0,0.0,0.0,0.0,0.0,0.0,0.0,0.0,0.03,0,0,0,0,0,0,0,0,0,0,0,0,0,0,0,0,0,0,0,0,0
4.875319480895996,0,0.0,0.0,0.0,0.0,0.0,0.0,0.0,0.0,0.03,0,0,0,0,0,0,0,0,0,0,0,0,0,0,0,0,0,0,0,0,0
4.876768350601196,0,0.0,0.0,0.0,0.0,0.0,0.0,0.0,0.0,0.03,0,0,0,0,0,0,0,0,0,0,0,0,0,0,0,0,0,0,0,0,0
4.878297328948975,0,0.0,0.0,0.0,0.0,0.0,0.0,0.0,0.0,0.03,0,0,0,0,0,0,0,0,0,0,0,0,0,0,0,0,0,0,0,0,0
4.8797595500946045,0,0.0,0.0,0.0,0.0,0.0,0.0,0.0,0.0,0.03,0,0,0,0,0,0,0,0,0,0,0,0,0,0,0,0,0,0,0,0,0
4.881230592727661,0,0.0,0.0,0.0,0.0,0.0,0.0,0.0,0.0,0.03,0,0,0,0,0,0,0,0,0,0,0,0,0,0,0,0,0,0,0,0,0
4.882550477981567,0,0.0,0.0,0.0,0.0,0.0,0.0,0.0,0.0,0.03,0,0,0,0,0,0,0,0,0,0,0,0,0,0,0,0,0,0,0,0,0
4.883678197860718,0,0.0,0.0,0.0,0.0,0.0,0.0,0.0,0.0,0.03,0,0,0,0,0,0,0,0,0,0,0,0,0,0,0,0,0,0,0,0,0
4.885588645935059,0,0.0,0.0,0.0,0.0,0.0,0.0,0.0,0.0,0.03,0,0,0,0,0,0,0,0,0,0,0,0,0,0,0,0,0,0,0,0,0
4.886947870254517,0,0.0,0.0,0.0,0.0,0.0,0.0,0.0,0.0,0.03,0,0,0,0,0,0,0,0,0,0,0,0,0,0,0,0,0,0,0,0,0
4.888253688812256,0,0.0,0.0,0.0,0.0,0.0,0.0,0.0,0.0,0.03,0,0,0,0,0,0,0,0,0,0,0,0,0,0,0,0,0,0,0,0,0
4.88943338394165,0,0.0,0.0,0.0,0.0,0.0,0.0,0.0,0.0,0.03,0,0,0,0,0,0,0,0,0,0,0,0,0,0,0,0,0,0,0,0,0
4.890583276748657,0,0.0,0.0,0.0,0.0,0.0,0.0,0.0,0.0,0.03,0,0,0,0,0,0,0,0,0,0,0,0,0,0,0,0,0,0,0,0,0
4.891693353652954,0,0.0,0.0,0.0,0.0,0.0,0.0,0.0,0.0,0.03,0,0,0,0,0,0,0,0,0,0,0,0,0,0,0,0,0,0,0,0,0
4.892998218536377,0,0.0,0.0,0.0,0.0,0.0,0.0,0.0,0.0,0.03,0,0,0,0,0,0,0,0,0,0,0,0,0,0,0,0,0,0,0,0,0
4.8943116664886475,0,0.0,0.0,0.0,0.0,0.0,0.0,0.0,0.0,0.03,0,0,0,0,0,0,0,0,0,0,0,0,0,0,0,0,0,0,0,0,0
4.896878480911255,0,0.0,0.0,0.0,0.0,0.0,0.0,0.0,0.0,0.03,0,0,0,0,0,0,0,0,0,0,0,0,0,0,0,0,0,0,0,0,0
4.898209810256958,0,0.0,0.0,0.0,0.0,0.0,0.0,0.0,0.0,0.03,0,0,0,0,0,0,0,0,0,0,0,0,0,0,0,0,0,0,0,0,0
4.899675369262695,0,0.0,0.0,0.0,0.0,0.0,0.0,0.0,0.0,0.03,0,0,0,0,0,0,0,0,0,0,0,0,0,0,0,0,0,0,0,0,0
4.901050806045532,0,0.0,0.0,0.0,0.0,0.0,0.0,0.0,0.0,0.03,0,0,0,0,0,0,0,0,0,0,0,0,0,0,0,0,0,0,0,0,0
4.902320146560669,0,0.0,0.0,0.0,0.0,0.0,0.0,0.0,0.0,0.03,0,0,0,0,0,0,0,0,0,0,0,0,0,0,0,0,0,0,0,0,0
4.904181003570557,0,0.0,0.0,0.0,0.0,0.0,0.0,0.0,0.0,0.03,0,0,0,0,0,0,0,0,0,0,0,0,0,0,0,0,0,0,0,0,0
4.9064130783081055,0,0.0,0.0,0.0,0.0,0.0,0.0,0.0,0.0,0.03,0,0,0,0,0,0,0,0,0,0,0,0,0,0,0,0,0,0,0,0,0
4.907511234283447,0,0.0,0.0,0.0,0.0,0.0,0.0,0.0,0.0,0.03,0,0,0,0,0,0,0,0,0,0,0,0,0,0,0,0,0,0,0,0,0
4.909280776977539,0,0.0,0.0,0.0,0.0,0.0,0.0,0.0,0.0,0.03,0,0,0,0,0,0,0,0,0,0,0,0,0,0,0,0,0,0,0,0,0
4.910602807998657,0,0.0,0.0,0.0,0.0,0.0,0.0,0.0,0.0,0.03,0,0,0,0,0,0,0,0,0,0,0,0,0,0,0,0,0,0,0,0,0
4.911805152893066,0,0.0,0.0,0.0,0.0,0.0,0.0,0.0,0.0,0.03,0,0,0,0,0,0,0,0,0,0,0,0,0,0,0,0,0,0,0,0,0
4.912976503372192,0,0.0,0.0,0.0,0.0,0.0,0.0,0.0,0.0,0.03,0,0,0,0,0,0,0,0,0,0,0,0,0,0,0,0,0,0,0,0,0
4.91432785987854,0,0.0,0.0,0.0,0.0,0.0,0.0,0.0,0.0,0.03,0,0,0,0,0,0,0,0,0,0,0,0,0,0,0,0,0,0,0,0,0
4.915580987930298,0,0.0,0.0,0.0,0.0,0.0,0.0,0.0,0.0,0.03,0,0,0,0,0,0,0,0,0,0,0,0,0,0,0,0,0,0,0,0,0
4.918238401412964,0,0.0,0.0,0.0,0.0,0.0,0.0,0.0,0.0,0.03,0,0,0,0,0,0,0,0,0,0,0,0,0,0,0,0,0,0,0,0,0
4.919833421707153,0,0.0,0.0,0.0,0.0,0.0,0.0,0.0,0.0,0.03,0,0,0,0,0,0,0,0,0,0,0,0,0,0,0,0,0,0,0,0,0
4.920969486236572,0,0.0,0.0,0.0,0.0,0.0,0.0,0.0,0.0,0.03,0,0,0,0,0,0,0,0,0,0,0,0,0,0,0,0,0,0,0,0,0
4.92244553565979,0,0.0,0.0,0.0,0.0,0.0,0.0,0.0,0.0,0.03,0,0,0,0,0,0,0,0,0,0,0,0,0,0,0,0,0,0,0,0,0
4.923577070236206,0,0.0,0.0,0.0,0.0,0.0,0.0,0.0,0.0,0.03,0,0,0,0,0,0,0,0,0,0,0,0,0,0,0,0,0,0,0,0,0
4.925125598907471,0,0.0,0.0,0.0,0.0,0.0,0.0,0.0,0.0,0.03,0,0,0,0,0,0,0,0,0,0,0,0,0,0,0,0,0,0,0,0,0
4.926462173461914,0,0.0,0.0,0.0,0.0,0.0,0.0,0.0,0.0,0.03,0,0,0,0,0,0,0,0,0,0,0,0,0,0,0,0,0,0,0,0,0
4.927590847015381,0,0.0,0.0,0.0,0.0,0.0,0.0,0.0,0.0,0.03,0,0,0,0,0,0,0,0,0,0,0,0,0,0,0,0,0,0,0,0,0
4.928837299346924,0,0.0,0.0,0.0,0.0,0.0,0.0,0.0,0.0,0.03,0,0,0,0,0,0,0,0,0,0,0,0,0,0,0,0,0,0,0,0,0
4.930288314819336,0,0.0,0.0,0.0,0.0,0.0,0.0,0.0,0.0,0.03,0,0,0,0,0,0,0,0,0,0,0,0,0,0,0,0,0,0,0,0,0
4.931379556655884,0,0.0,0.0,0.0,0.0,0.0,0.0,0.0,0.0,0.03,0,0,0,0,0,0,0,0,0,0,0,0,0,0,0,0,0,0,0,0,0
4.93410587310791,0,0.0,0.0,0.0,0.0,0.0,0.0,0.0,0.0,0.03,0,0,0,0,0,0,0,0,0,0,0,0,0,0,0,0,0,0,0,0,0
4.935922145843506,0,0.0,0.0,0.0,0.0,0.0,0.0,0.0,0.0,0.03,0,0,0,0,0,0,0,0,0,0,0,0,0,0,0,0,0,0,0,0,0
4.9371161460876465,0,0.0,0.0,0.0,0.0,0.0,0.0,0.0,0.0,0.03,0,0,0,0,0,0,0,0,0,0,0,0,0,0,0,0,0,0,0,0,0
4.938546657562256,0,0.0,0.0,0.0,0.0,0.0,0.0,0.0,0.0,0.03,0,0,0,0,0,0,0,0,0,0,0,0,0,0,0,0,0,0,0,0,0
4.940557479858398,0,0.0,0.0,0.0,0.0,0.0,0.0,0.0,0.0,0.03,0,0,0,0,0,0,0,0,0,0,0,0,0,0,0,0,0,0,0,0,0
4.942389011383057,0,0.0,0.0,0.0,0.0,0.0,0.0,0.0,0.0,0.03,0,0,0,0,0,0,0,0,0,0,0,0,0,0,0,0,0,0,0,0,0
4.943865060806274,0,0.0,0.0,0.0,0.0,0.0,0.0,0.0,0.0,0.03,0,0,0,0,0,0,0,0,0,0,0,0,0,0,0,0,0,0,0,0,0
4.945339202880859,0,0.0,0.0,0.0,0.0,0.0,0.0,0.0,0.0,0.03,0,0,0,0,0,0,0,0,0,0,0,0,0,0,0,0,0,0,0,0,0
4.946751594543457,0,0.0,0.0,0.0,0.0,0.0,0.0,0.0,0.0,0.03,0,0,0,0,0,0,0,0,0,0,0,0,0,0,0,0,0,0,0,0,0
4.948708772659302,0,0.0,0.0,0.0,0.0,0.0,0.0,0.0,0.0,0.03,0,0,0,0,0,0,0,0,0,0,0,0,0,0,0,0,0,0,0,0,0
4.9498724937438965,0,0.0,0.0,0.0,0.0,0.0,0.0,0.0,0.0,0.03,0,0,0,0,0,0,0,0,0,0,0,0,0,0,0,0,0,0,0,0,0
4.950990438461304,0,0.0,0.0,0.0,0.0,0.0,0.0,0.0,0.0,0.03,0,0,0,0,0,0,0,0,0,0,0,0,0,0,0,0,0,0,0,0,0
4.952361822128296,0,0.0,0.0,0.0,0.0,0.0,0.0,0.0,0.0,0.03,0,0,0,0,0,0,0,0,0,0,0,0,0,0,0,0,0,0,0,0,0
4.953658819198608,0,0.0,0.0,0.0,0.0,0.0,0.0,0.0,0.0,0.03,0,0,0,0,0,0,0,0,0,0,0,0,0,0,0,0,0,0,0,0,0
4.954931974411011,0,0.0,0.0,0.0,0.0,0.0,0.0,0.0,0.0,0.03,0,0,0,0,0,0,0,0,0,0,0,0,0,0,0,0,0,0,0,0,0
4.956049680709839,0,0.0,0.0,0.0,0.0,0.0,0.0,0.0,0.0,0.03,0,0,0,0,0,0,0,0,0,0,0,0,0,0,0,0,0,0,0,0,0
4.957265377044678,0,0.0,0.0,0.0,0.0,0.0,0.0,0.0,0.0,0.03,0,0,0,0,0,0,0,0,0,0,0,0,0,0,0,0,0,0,0,0,0
4.958441972732544,0,0.0,0.0,0.0,0.0,0.0,0.0,0.0,0.0,0.03,0,0,0,0,0,0,0,0,0,0,0,0,0,0,0,0,0,0,0,0,0
4.959548711776733,0,0.0,0.0,0.0,0.0,0.0,0.0,0.0,0.0,0.03,0,0,0,0,0,0,0,0,0,0,0,0,0,0,0,0,0,0,0,0,0
4.960618257522583,0,0.0,0.0,0.0,0.0,0.0,0.0,0.0,0.0,0.03,0,0,0,0,0,0,0,0,0,0,0,0,0,0,0,0,0,0,0,0,0
4.963079452514648,0,0.0,0.0,0.0,0.0,0.0,0.0,0.0,0.0,0.03,0,0,0,0,0,0,0,0,0,0,0,0,0,0,0,0,0,0,0,0,0
4.9644951820373535,0,0.0,0.0,0.0,0.0,0.0,0.0,0.0,0.0,0.03,0,0,0,0,0,0,0,0,0,0,0,0,0,0,0,0,0,0,0,0,0
4.967024803161621,0,0.0,0.0,0.0,0.0,0.0,0.0,0.0,0.0,0.03,0,0,0,0,0,0,0,0,0,0,0,0,0,0,0,0,0,0,0,0,0
4.968235969543457,0,0.0,0.0,0.0,0.0,0.0,0.0,0.0,0.0,0.03,0,0,0,0,0,0,0,0,0,0,0,0,0,0,0,0,0,0,0,0,0
4.969411849975586,0,0.0,0.0,0.0,0.0,0.0,0.0,0.0,0.0,0.03,0,0,0,0,0,0,0,0,0,0,0,0,0,0,0,0,0,0,0,0,0
4.970813751220703,0,0.0,0.0,0.0,0.0,0.0,0.0,0.0,0.0,0.03,0,0,0,0,0,0,0,0,0,0,0,0,0,0,0,0,0,0,0,0,0
4.972456455230713,0,0.0,0.0,0.0,0.0,0.0,0.0,0.0,0.0,0.03,0,0,0,0,0,0,0,0,0,0,0,0,0,0,0,0,0,0,0,0,0
4.9737465381622314,0,0.0,0.0,0.0,0.0,0.0,0.0,0.0,0.0,0.03,0,0,0,0,0,0,0,0,0,0,0,0,0,0,0,0,0,0,0,0,0
4.97521710395813,0,0.0,0.0,0.0,0.0,0.0,0.0,0.0,0.0,0.03,0,0,0,0,0,0,0,0,0,0,0,0,0,0,0,0,0,0,0,0,0
4.9762818813323975,0,0.0,0.0,0.0,0.0,0.0,0.0,0.0,0.0,0.03,0,0,0,0,0,0,0,0,0,0,0,0,0,0,0,0,0,0,0,0,0
4.97737979888916,0,0.0,0.0,0.0,0.0,0.0,0.0,0.0,0.0,0.03,0,0,0,0,0,0,0,0,0,0,0,0,0,0,0,0,0,0,0,0,0
4.9784393310546875,0,0.0,0.0,0.0,0.0,0.0,0.0,0.0,0.0,0.03,0,0,0,0,0,0,0,0,0,0,0,0,0,0,0,0,0,0,0,0,0
4.979534387588501,0,0.0,0.0,0.0,0.0,0.0,0.0,0.0,0.0,0.03,0,0,0,0,0,0,0,0,0,0,0,0,0,0,0,0,0,0,0,0,0
4.980813503265381,0,0.0,0.0,0.0,0.0,0.0,0.0,0.0,0.0,0.03,0,0,0,0,0,0,0,0,0,0,0,0,0,0,0,0,0,0,0,0,0
4.9818971157073975,0,0.0,0.0,0.0,0.0,0.0,0.0,0.0,0.0,0.03,0,0,0,0,0,0,0,0,0,0,0,0,0,0,0,0,0,0,0,0,0
4.983208894729614,0,0.0,0.0,0.0,0.0,0.0,0.0,0.0,0.0,0.03,0,0,0,0,0,0,0,0,0,0,0,0,0,0,0,0,0,0,0,0,0
4.984791278839111,0,0.0,0.0,0.0,0.0,0.0,0.0,0.0,0.0,0.03,0,0,0,0,0,0,0,0,0,0,0,0,0,0,0,0,0,0,0,0,0
4.98723030090332,0,0.0,0.0,0.0,0.0,0.0,0.0,0.0,0.0,0.03,0,0,0,0,0,0,0,0,0,0,0,0,0,0,0,0,0,0,0,0,0
4.988447189331055,0,0.0,0.0,0.0,0.0,0.0,0.0,0.0,0.0,0.03,0,0,0,0,0,0,0,0,0,0,0,0,0,0,0,0,0,0,0,0,0
4.989800930023193,0,0.0,0.0,0.0,0.0,0.0,0.0,0.0,0.0,0.03,0,0,0,0,0,0,0,0,0,0,0,0,0,0,0,0,0,0,0,0,0
4.990881443023682,0,0.0,0.0,0.0,0.0,0.0,0.0,0.0,0.0,0.03,0,0,0,0,0,0,0,0,0,0,0,0,0,0,0,0,0,0,0,0,0
4.992325067520142,0,0.0,0.0,0.0,0.0,0.0,0.0,0.0,0.0,0.03,0,0,0,0,0,0,0,0,0,0,0,0,0,0,0,0,0,0,0,0,0
4.99341893196106,0,0.0,0.0,0.0,0.0,0.0,0.0,0.0,0.0,0.03,0,0,0,0,0,0,0,0,0,0,0,0,0,0,0,0,0,0,0,0,0
4.994577884674072,0,0.0,0.0,0.0,0.0,0.0,0.0,0.0,0.0,0.03,0,0,0,0,0,0,0,0,0,0,0,0,0,0,0,0,0,0,0,0,0
4.996018409729004,0,0.0,0.0,0.0,0.0,0.0,0.0,0.0,0.0,0.03,0,0,0,0,0,0,0,0,0,0,0,0,0,0,0,0,0,0,0,0,0
4.997119426727295,0,0.0,0.0,0.0,0.0,0.0,0.0,0.0,0.0,0.03,0,0,0,0,0,0,0,0,0,0,0,0,0,0,0,0,0,0,0,0,0
4.998208999633789,0,0.0,0.0,0.0,0.0,0.0,0.0,0.0,0.0,0.03,0,0,0,0,0,0,0,0,0,0,0,0,0,0,0,0,0,0,0,0,0
4.999727010726929,0,0.0,0.0,0.0,0.0,0.0,0.0,0.0,0.0,0.03,0,0,0,0,0,0,0,0,0,0,0,0,0,0,0,0,0,0,0,0,0
5.001116514205933,0,0.0,0.0,0.0,0.0,0.0,0.0,0.0,0.0,0.03,0,0,0,0,0,0,0,0,0,0,0,0,0,0,0,0,0,0,0,0,0
5.003495454788208,0,0.0,0.0,0.0,0.0,0.0,0.0,0.0,0.0,0.03,0,0,0,0,0,0,0,0,0,0,0,0,0,0,0,0,0,0,0,0,0
5.004635810852051,0,0.0,0.0,0.0,0.0,0.0,0.0,0.0,0.0,0.03,0,0,0,0,0,0,0,0,0,0,0,0,0,0,0,0,0,0,0,0,0
5.006004810333252,0,0.0,0.0,0.0,0.0,0.0,0.0,0.0,0.0,0.03,0,0,0,0,0,0,0,0,0,0,0,0,0,0,0,0,0,0,0,0,0
5.007298707962036,0,0.0,0.0,0.0,0.0,0.0,0.0,0.0,0.0,0.03,0,0,0,0,0,0,0,0,0,0,0,0,0,0,0,0,0,0,0,0,0
5.0109686851501465,0,0.0,0.0,0.0,0.0,0.0,0.0,0.0,0.0,0.03,0,0,0,0,0,0,0,0,0,0,0,0,0,0,0,0,0,0,0,0,0
5.012105941772461,0,0.0,0.0,0.0,0.0,0.0,0.0,0.0,0.0,0.03,0,0,0,0,0,0,0,0,0,0,0,0,0,0,0,0,0,0,0,0,0
5.013455152511597,0,0.0,0.0,0.0,0.0,0.0,0.0,0.0,0.0,0.03,0,0,0,0,0,0,0,0,0,0,0,0,0,0,0,0,0,0,0,0,0
5.014662265777588,0,0.0,0.0,0.0,0.0,0.0,0.0,0.0,0.0,0.03,0,0,0,0,0,0,0,0,0,0,0,0,0,0,0,0,0,0,0,0,0
5.016556024551392,0,0.0,0.0,0.0,0.0,0.0,0.0,0.0,0.0,0.03,0,0,0,0,0,0,0,0,0,0,0,0,0,0,0,0,0,0,0,0,0
5.017740488052368,0,0.0,0.0,0.0,0.0,0.0,0.0,0.0,0.0,0.03,0,0,0,0,0,0,0,0,0,0,0,0,0,0,0,0,0,0,0,0,0
5.019278526306152,0,0.0,0.0,0.0,0.0,0.0,0.0,0.0,0.0,0.03,0,0,0,0,0,0,0,0,0,0,0,0,0,0,0,0,0,0,0,0,0
5.020385503768921,0,0.0,0.0,0.0,0.0,0.0,0.0,0.0,0.0,0.03,0,0,0,0,0,0,0,0,0,0,0,0,0,0,0,0,0,0,0,0,0
5.02164363861084,0,0.0,0.0,0.0,0.0,0.0,0.0,0.0,0.0,0.03,0,0,0,0,0,0,0,0,0,0,0,0,0,0,0,0,0,0,0,0,0
5.022814750671387,0,0.0,0.0,0.0,0.0,0.0,0.0,0.0,0.0,0.03,0,0,0,0,0,0,0,0,0,0,0,0,0,0,0,0,0,0,0,0,0
5.023880958557129,0,0.0,0.0,0.0,0.0,0.0,0.0,0.0,0.0,0.03,0,0,0,0,0,0,0,0,0,0,0,0,0,0,0,0,0,0,0,0,0
5.024974346160889,0,0.0,0.0,0.0,0.0,0.0,0.0,0.0,0.0,0.03,0,0,0,0,0,0,0,0,0,0,0,0,0,0,0,0,0,0,0,0,0
5.026105642318726,0,0.0,0.0,0.0,0.0,0.0,0.0,0.0,0.0,0.03,0,0,0,0,0,0,0,0,0,0,0,0,0,0,0,0,0,0,0,0,0
5.027334451675415,0,0.0,0.0,0.0,0.0,0.0,0.0,0.0,0.0,0.03,0,0,0,0,0,0,0,0,0,0,0,0,0,0,0,0,0,0,0,0,0
5.028416872024536,0,0.0,0.0,0.0,0.0,0.0,0.0,0.0,0.0,0.03,0,0,0,0,0,0,0,0,0,0,0,0,0,0,0,0,0,0,0,0,0
5.029655933380127,0,0.0,0.0,0.0,0.0,0.0,0.0,0.0,0.0,0.03,0,0,0,0,0,0,0,0,0,0,0,0,0,0,0,0,0,0,0,0,0
5.030789136886597,0,0.0,0.0,0.0,0.0,0.0,0.0,0.0,0.0,0.03,0,0,0,0,0,0,0,0,0,0,0,0,0,0,0,0,0,0,0,0,0
5.033299207687378,0,0.0,0.0,0.0,0.0,0.0,0.0,0.0,0.0,0.03,0,0,0,0,0,0,0,0,0,0,0,0,0,0,0,0,0,0,0,0,0
5.034595251083374,0,0.0,0.0,0.0,0.0,0.0,0.0,0.0,0.0,0.03,0,0,0,0,0,0,0,0,0,0,0,0,0,0,0,0,0,0,0,0,0
5.0359578132629395,0,0.0,0.0,0.0,0.0,0.0,0.0,0.0,0.0,0.03,0,0,0,0,0,0,0,0,0,0,0,0,0,0,0,0,0,0,0,0,0
5.03778338432312,0,0.0,0.0,0.0,0.0,0.0,0.0,0.0,0.0,0.03,0,0,0,0,0,0,0,0,0,0,0,0,0,0,0,0,0,0,0,0,0
5.03993034362793,0,0.0,0.0,0.0,0.0,0.0,0.0,0.0,0.0,0.03,0,0,0,0,0,0,0,0,0,0,0,0,0,0,0,0,0,0,0,0,0
5.041122674942017,0,0.0,0.0,0.0,0.0,0.0,0.0,0.0,0.0,0.03,0,0,0,0,0,0,0,0,0,0,0,0,0,0,0,0,0,0,0,0,0
5.042391061782837,0,0.0,0.0,0.0,0.0,0.0,0.0,0.0,0.0,0.03,0,0,0,0,0,0,0,0,0,0,0,0,0,0,0,0,0,0,0,0,0
5.043481111526489,0,0.0,0.0,0.0,0.0,0.0,0.0,0.0,0.0,0.03,0,0,0,0,0,0,0,0,0,0,0,0,0,0,0,0,0,0,0,0,0
5.0445826053619385,0,0.0,0.0,0.0,0.0,0.0,0.0,0.0,0.0,0.03,0,0,0,0,0,0,0,0,0,0,0,0,0,0,0,0,0,0,0,0,0
5.04589319229126,0,0.0,0.0,0.0,0.0,0.0,0.0,0.0,0.0,0.03,0,0,0,0,0,0,0,0,0,0,0,0,0,0,0,0,0,0,0,0,0
5.04706597328186,0,0.0,0.0,0.0,0.0,0.0,0.0,0.0,0.0,0.03,0,0,0,0,0,0,0,0,0,0,0,0,0,0,0,0,0,0,0,0,0
5.048147201538086,0,0.0,0.0,0.0,0.0,0.0,0.0,0.0,0.0,0.03,0,0,0,0,0,0,0,0,0,0,0,0,0,0,0,0,0,0,0,0,0
5.049242734909058,0,0.0,0.0,0.0,0.0,0.0,0.0,0.0,0.0,0.03,0,0,0,0,0,0,0,0,0,0,0,0,0,0,0,0,0,0,0,0,0
5.050360679626465,0,0.0,0.0,0.0,0.0,0.0,0.0,0.0,0.0,0.03,0,0,0,0,0,0,0,0,0,0,0,0,0,0,0,0,0,0,0,0,0
5.051740646362305,0,0.0,0.0,0.0,0.0,0.0,0.0,0.0,0.0,0.03,0,0,0,0,0,0,0,0,0,0,0,0,0,0,0,0,0,0,0,0,0
5.053913593292236,0,0.0,0.0,0.0,0.0,0.0,0.0,0.0,0.0,0.03,0,0,0,0,0,0,0,0,0,0,0,0,0,0,0,0,0,0,0,0,0
5.055226564407349,0,0.0,0.0,0.0,0.0,0.0,0.0,0.0,0.0,0.03,0,0,0,0,0,0,0,0,0,0,0,0,0,0,0,0,0,0,0,0,0
5.056652069091797,0,0.0,0.0,0.0,0.0,0.0,0.0,0.0,0.0,0.03,0,0,0,0,0,0,0,0,0,0,0,0,0,0,0,0,0,0,0,0,0
5.058321237564087,0,0.0,0.0,0.0,0.0,0.0,0.0,0.0,0.0,0.03,0,0,0,0,0,0,0,0,0,0,0,0,0,0,0,0,0,0,0,0,0
5.059851169586182,0,0.0,0.0,0.0,0.0,0.0,0.0,0.0,0.0,0.03,0,0,0,0,0,0,0,0,0,0,0,0,0,0,0,0,0,0,0,0,0
5.061097145080566,0,0.0,0.0,0.0,0.0,0.0,0.0,0.0,0.0,0.03,0,0,0,0,0,0,0,0,0,0,0,0,0,0,0,0,0,0,0,0,0
5.062385320663452,0,0.0,0.0,0.0,0.0,0.0,0.0,0.0,0.0,0.03,0,0,0,0,0,0,0,0,0,0,0,0,0,0,0,0,0,0,0,0,0
5.064162254333496,0,0.0,0.0,0.0,0.0,0.0,0.0,0.0,0.0,0.03,0,0,0,0,0,0,0,0,0,0,0,0,0,0,0,0,0,0,0,0,0
5.065618276596069,0,0.0,0.0,0.0,0.0,0.0,0.0,0.0,0.0,0.03,0,0,0,0,0,0,0,0,0,0,0,0,0,0,0,0,0,0,0,0,0
5.068763971328735,0,0.0,0.0,0.0,0.0,0.0,0.0,0.0,0.0,0.03,0,0,0,0,0,0,0,0,0,0,0,0,0,0,0,0,0,0,0,0,0
5.069827318191528,0,0.0,0.0,0.0,0.0,0.0,0.0,0.0,0.0,0.03,0,0,0,0,0,0,0,0,0,0,0,0,0,0,0,0,0,0,0,0,0
5.071176052093506,0,0.0,0.0,0.0,0.0,0.0,0.0,0.0,0.0,0.03,0,0,0,0,0,0,0,0,0,0,0,0,0,0,0,0,0,0,0,0,0
5.072677850723267,0,0.0,0.0,0.0,0.0,0.0,0.0,0.0,0.0,0.03,0,0,0,0,0,0,0,0,0,0,0,0,0,0,0,0,0,0,0,0,0
5.0737597942352295,0,0.0,0.0,0.0,0.0,0.0,0.0,0.0,0.0,0.03,0,0,0,0,0,0,0,0,0,0,0,0,0,0,0,0,0,0,0,0,0
5.074869155883789,0,0.0,0.0,0.0,0.0,0.0,0.0,0.0,0.0,0.03,0,0,0,0,0,0,0,0,0,0,0,0,0,0,0,0,0,0,0,0,0
5.076568841934204,0,0.0,0.0,0.0,0.0,0.0,0.0,0.0,0.0,0.03,0,0,0,0,0,0,0,0,0,0,0,0,0,0,0,0,0,0,0,0,0
5.077646255493164,0,0.0,0.0,0.0,0.0,0.0,0.0,0.0,0.0,0.03,0,0,0,0,0,0,0,0,0,0,0,0,0,0,0,0,0,0,0,0,0
5.079012870788574,0,0.0,0.0,0.0,0.0,0.0,0.0,0.0,0.0,0.03,0,0,0,0,0,0,0,0,0,0,0,0,0,0,0,0,0,0,0,0,0
5.080244541168213,0,0.0,0.0,0.0,0.0,0.0,0.0,0.0,0.0,0.03,0,0,0,0,0,0,0,0,0,0,0,0,0,0,0,0,0,0,0,0,0
5.081725597381592,0,0.0,0.0,0.0,0.0,0.0,0.0,0.0,0.0,0.03,0,0,0,0,0,0,0,0,0,0,0,0,0,0,0,0,0,0,0,0,0
5.08298659324646,0,0.0,0.0,0.0,0.0,0.0,0.0,0.0,0.0,0.03,0,0,0,0,0,0,0,0,0,0,0,0,0,0,0,0,0,0,0,0,0
5.084141969680786,0,0.0,0.0,0.0,0.0,0.0,0.0,0.0,0.0,0.03,0,0,0,0,0,0,0,0,0,0,0,0,0,0,0,0,0,0,0,0,0
5.085630655288696,0,0.0,0.0,0.0,0.0,0.0,0.0,0.0,0.0,0.03,0,0,0,0,0,0,0,0,0,0,0,0,0,0,0,0,0,0,0,0,0
5.0873260498046875,0,0.0,0.0,0.0,0.0,0.0,0.0,0.0,0.0,0.03,0,0,0,0,0,0,0,0,0,0,0,0,0,0,0,0,0,0,0,0,0
5.088476181030273,0,0.0,0.0,0.0,0.0,0.0,0.0,0.0,0.0,0.03,0,0,0,0,0,0,0,0,0,0,0,0,0,0,0,0,0,0,0,0,0
5.089614152908325,0,0.0,0.0,0.0,0.0,0.0,0.0,0.0,0.0,0.03,0,0,0,0,0,0,0,0,0,0,0,0,0,0,0,0,0,0,0,0,0
5.090884208679199,0,0.0,0.0,0.0,0.0,0.0,0.0,0.0,0.0,0.03,0,0,0,0,0,0,0,0,0,0,0,0,0,0,0,0,0,0,0,0,0
5.092080354690552,0,0.0,0.0,0.0,0.0,0.0,0.0,0.0,0.0,0.03,0,0,0,0,0,0,0,0,0,0,0,0,0,0,0,0,0,0,0,0,0
5.093167543411255,0,0.0,0.0,0.0,0.0,0.0,0.0,0.0,0.0,0.03,0,0,0,0,0,0,0,0,0,0,0,0,0,0,0,0,0,0,0,0,0
5.094395637512207,0,0.0,0.0,0.0,0.0,0.0,0.0,0.0,0.0,0.03,0,0,0,0,0,0,0,0,0,0,0,0,0,0,0,0,0,0,0,0,0
5.097034454345703,0,0.0,0.0,0.0,0.0,0.0,0.0,0.0,0.0,0.03,0,0,0,0,0,0,0,0,0,0,0,0,0,0,0,0,0,0,0,0,0
5.0990309715271,0,0.0,0.0,0.0,0.0,0.0,0.0,0.0,0.0,0.03,0,0,0,0,0,0,0,0,0,0,0,0,0,0,0,0,0,0,0,0,0
5.100293397903442,0,0.0,0.0,0.0,0.0,0.0,0.0,0.0,0.0,0.03,0,0,0,0,0,0,0,0,0,0,0,0,0,0,0,0,0,0,0,0,0
5.101770401000977,0,0.0,0.0,0.0,0.0,0.0,0.0,0.0,0.0,0.03,0,0,0,0,0,0,0,0,0,0,0,0,0,0,0,0,0,0,0,0,0
5.103139162063599,0,0.0,0.0,0.0,0.0,0.0,0.0,0.0,0.0,0.03,0,0,0,0,0,0,0,0,0,0,0,0,0,0,0,0,0,0,0,0,0
5.104546546936035,0,0.0,0.0,0.0,0.0,0.0,0.0,0.0,0.0,0.03,0,0,0,0,0,0,0,0,0,0,0,0,0,0,0,0,0,0,0,0,0
5.10565972328186,0,0.0,0.0,0.0,0.0,0.0,0.0,0.0,0.0,0.03,0,0,0,0,0,0,0,0,0,0,0,0,0,0,0,0,0,0,0,0,0
5.106998443603516,0,0.0,0.0,0.0,0.0,0.0,0.0,0.0,0.0,0.03,0,0,0,0,0,0,0,0,0,0,0,0,0,0,0,0,0,0,0,0,0
5.108532667160034,0,0.0,0.0,0.0,0.0,0.0,0.0,0.0,0.0,0.03,0,0,0,0,0,0,0,0,0,0,0,0,0,0,0,0,0,0,0,0,0
5.110019683837891,0,0.0,0.0,0.0,0.0,0.0,0.0,0.0,0.0,0.03,0,0,0,0,0,0,0,0,0,0,0,0,0,0,0,0,0,0,0,0,0
5.111253261566162,0,0.0,0.0,0.0,0.0,0.0,0.0,0.0,0.0,0.03,0,0,0,0,0,0,0,0,0,0,0,0,0,0,0,0,0,0,0,0,0
5.112382888793945,0,0.0,0.0,0.0,0.0,0.0,0.0,0.0,0.0,0.03,0,0,0,0,0,0,0,0,0,0,0,0,0,0,0,0,0,0,0,0,0
5.11354923248291,0,0.0,0.0,0.0,0.0,0.0,0.0,0.0,0.0,0.03,0,0,0,0,0,0,0,0,0,0,0,0,0,0,0,0,0,0,0,0,0
5.114635944366455,0,0.0,0.0,0.0,0.0,0.0,0.0,0.0,0.0,0.03,0,0,0,0,0,0,0,0,0,0,0,0,0,0,0,0,0,0,0,0,0
5.116402626037598,0,0.0,0.0,0.0,0.0,0.0,0.0,0.0,0.0,0.03,0,0,0,0,0,0,0,0,0,0,0,0,0,0,0,0,0,0,0,0,0
5.1176018714904785,0,0.0,0.0,0.0,0.0,0.0,0.0,0.0,0.0,0.03,0,0,0,0,0,0,0,0,0,0,0,0,0,0,0,0,0,0,0,0,0
5.119120836257935,0,0.0,0.0,0.0,0.0,0.0,0.0,0.0,0.0,0.03,0,0,0,0,0,0,0,0,0,0,0,0,0,0,0,0,0,0,0,0,0
5.120893478393555,0,0.0,0.0,0.0,0.0,0.0,0.0,0.0,0.0,0.03,0,0,0,0,0,0,0,0,0,0,0,0,0,0,0,0,0,0,0,0,0
5.12196946144104,0,0.0,0.0,0.0,0.0,0.0,0.0,0.0,0.0,0.03,0,0,0,0,0,0,0,0,0,0,0,0,0,0,0,0,0,0,0,0,0
5.1233110427856445,0,0.0,0.0,0.0,0.0,0.0,0.0,0.0,0.0,0.03,0,0,0,0,0,0,0,0,0,0,0,0,0,0,0,0,0,0,0,0,0
5.12456750869751,0,0.0,0.0,0.0,0.0,0.0,0.0,0.0,0.0,0.03,0,0,0,0,0,0,0,0,0,0,0,0,0,0,0,0,0,0,0,0,0
5.126252889633179,0,0.0,0.0,0.0,0.0,0.0,0.0,0.0,0.0,0.03,0,0,0,0,0,0,0,0,0,0,0,0,0,0,0,0,0,0,0,0,0
5.127350330352783,0,0.0,0.0,0.0,0.0,0.0,0.0,0.0,0.0,0.03,0,0,0,0,0,0,0,0,0,0,0,0,0,0,0,0,0,0,0,0,0
5.129314661026001,0,0.0,0.0,0.0,0.0,0.0,0.0,0.0,0.0,0.03,0,0,0,0,0,0,0,0,0,0,0,0,0,0,0,0,0,0,0,0,0
5.130734443664551,0,0.0,0.0,0.0,0.0,0.0,0.0,0.0,0.0,0.03,0,0,0,0,0,0,0,0,0,0,0,0,0,0,0,0,0,0,0,0,0
5.1340484619140625,0,0.0,0.0,0.0,0.0,0.0,0.0,0.0,0.0,0.03,0,0,0,0,0,0,0,0,0,0,0,0,0,0,0,0,0,0,0,0,0
5.1359593868255615,0,0.0,0.0,0.0,0.0,0.0,0.0,0.0,0.0,0.03,0,0,0,0,0,0,0,0,0,0,0,0,0,0,0,0,0,0,0,0,0
5.137755632400513,0,0.0,0.0,0.0,0.0,0.0,0.0,0.0,0.0,0.03,0,0,0,0,0,0,0,0,0,0,0,0,0,0,0,0,0,0,0,0,0
5.13882303237915,0,0.0,0.0,0.0,0.0,0.0,0.0,0.0,0.0,0.03,0,0,0,0,0,0,0,0,0,0,0,0,0,0,0,0,0,0,0,0,0
5.140177488327026,0,0.0,0.0,0.0,0.0,0.0,0.0,0.0,0.0,0.03,0,0,0,0,0,0,0,0,0,0,0,0,0,0,0,0,0,0,0,0,0
5.141772747039795,0,0.0,0.0,0.0,0.0,0.0,0.0,0.0,0.0,0.03,0,0,0,0,0,0,0,0,0,0,0,0,0,0,0,0,0,0,0,0,0
5.143066883087158,0,0.0,0.0,0.0,0.0,0.0,0.0,0.0,0.0,0.03,0,0,0,0,0,0,0,0,0,0,0,0,0,0,0,0,0,0,0,0,0
5.144253253936768,0,0.0,0.0,0.0,0.0,0.0,0.0,0.0,0.0,0.03,0,0,0,0,0,0,0,0,0,0,0,0,0,0,0,0,0,0,0,0,0
5.145366430282593,0,0.0,0.0,0.0,0.0,0.0,0.0,0.0,0.0,0.03,0,0,0,0,0,0,0,0,0,0,0,0,0,0,0,0,0,0,0,0,0
5.146768569946289,0,0.0,0.0,0.0,0.0,0.0,0.0,0.0,0.0,0.03,0,0,0,0,0,0,0,0,0,0,0,0,0,0,0,0,0,0,0,0,0
5.147863864898682,0,0.0,0.0,0.0,0.0,0.0,0.0,0.0,0.0,0.03,0,0,0,0,0,0,0,0,0,0,0,0,0,0,0,0,0,0,0,0,0
5.149562120437622,0,0.0,0.0,0.0,0.0,0.0,0.0,0.0,0.0,0.03,0,0,0,0,0,0,0,0,0,0,0,0,0,0,0,0,0,0,0,0,0
5.1511313915252686,0,0.0,0.0,0.0,0.0,0.0,0.0,0.0,0.0,0.03,0,0,0,0,0,0,0,0,0,0,0,0,0,0,0,0,0,0,0,0,0
5.15241813659668,0,0.0,0.0,0.0,0.0,0.0,0.0,0.0,0.0,0.03,0,0,0,0,0,0,0,0,0,0,0,0,0,0,0,0,0,0,0,0,0
5.153656005859375,0,0.0,0.0,0.0,0.0,0.0,0.0,0.0,0.0,0.03,0,0,0,0,0,0,0,0,0,0,0,0,0,0,0,0,0,0,0,0,0
5.1553566455841064,0,0.0,0.0,0.0,0.0,0.0,0.0,0.0,0.0,0.03,0,0,0,0,0,0,0,0,0,0,0,0,0,0,0,0,0,0,0,0,0
5.156703948974609,0,0.0,0.0,0.0,0.0,0.0,0.0,0.0,0.0,0.03,0,0,0,0,0,0,0,0,0,0,0,0,0,0,0,0,0,0,0,0,0
5.1577606201171875,0,0.0,0.0,0.0,0.0,0.0,0.0,0.0,0.0,0.03,0,0,0,0,0,0,0,0,0,0,0,0,0,0,0,0,0,0,0,0,0
5.16018533706665,0,0.0,0.0,0.0,0.0,0.0,0.0,0.0,0.0,0.03,0,0,0,0,0,0,0,0,0,0,0,0,0,0,0,0,0,0,0,0,0
5.161923885345459,0,0.0,0.0,0.0,0.0,0.0,0.0,0.0,0.0,0.03,0,0,0,0,0,0,0,0,0,0,0,0,0,0,0,0,0,0,0,0,0
5.163551092147827,0,0.0,0.0,0.0,0.0,0.0,0.0,0.0,0.0,0.03,0,0,0,0,0,0,0,0,0,0,0,0,0,0,0,0,0,0,0,0,0
5.164782524108887,0,0.0,0.0,0.0,0.0,0.0,0.0,0.0,0.0,0.03,0,0,0,0,0,0,0,0,0,0,0,0,0,0,0,0,0,0,0,0,0
5.166222810745239,0,0.0,0.0,0.0,0.0,0.0,0.0,0.0,0.0,0.03,0,0,0,0,0,0,0,0,0,0,0,0,0,0,0,0,0,0,0,0,0
5.167611837387085,0,0.0,0.0,0.0,0.0,0.0,0.0,0.0,0.0,0.03,0,0,0,0,0,0,0,0,0,0,0,0,0,0,0,0,0,0,0,0,0
5.168859958648682,0,0.0,0.0,0.0,0.0,0.0,0.0,0.0,0.0,0.03,0,0,0,0,0,0,0,0,0,0,0,0,0,0,0,0,0,0,0,0,0
5.169977188110352,0,0.0,0.0,0.0,0.0,0.0,0.0,0.0,0.0,0.03,0,0,0,0,0,0,0,0,0,0,0,0,0,0,0,0,0,0,0,0,0
5.171772003173828,0,0.0,0.0,0.0,0.0,0.0,0.0,0.0,0.0,0.03,0,0,0,0,0,0,0,0,0,0,0,0,0,0,0,0,0,0,0,0,0
5.172955513000488,0,0.0,0.0,0.0,0.0,0.0,0.0,0.0,0.0,0.03,0,0,0,0,0,0,0,0,0,0,0,0,0,0,0,0,0,0,0,0,0
5.174141883850098,0,0.0,0.0,0.0,0.0,0.0,0.0,0.0,0.0,0.03,0,0,0,0,0,0,0,0,0,0,0,0,0,0,0,0,0,0,0,0,0
5.1754090785980225,0,0.0,0.0,0.0,0.0,0.0,0.0,0.0,0.0,0.03,0,0,0,0,0,0,0,0,0,0,0,0,0,0,0,0,0,0,0,0,0
5.1765055656433105,0,0.0,0.0,0.0,0.0,0.0,0.0,0.0,0.0,0.03,0,0,0,0,0,0,0,0,0,0,0,0,0,0,0,0,0,0,0,0,0
5.177762031555176,0,0.0,0.0,0.0,0.0,0.0,0.0,0.0,0.0,0.03,0,0,0,0,0,0,0,0,0,0,0,0,0,0,0,0,0,0,0,0,0
5.178839206695557,0,0.0,0.0,0.0,0.0,0.0,0.0,0.0,0.0,0.03,0,0,0,0,0,0,0,0,0,0,0,0,0,0,0,0,0,0,0,0,0
5.18021035194397,0,0.0,0.0,0.0,0.0,0.0,0.0,0.0,0.0,0.03,0,0,0,0,0,0,0,0,0,0,0,0,0,0,0,0,0,0,0,0,0
5.181380033493042,0,0.0,0.0,0.0,0.0,0.0,0.0,0.0,0.0,0.03,0,0,0,0,0,0,0,0,0,0,0,0,0,0,0,0,0,0,0,0,0
5.182471036911011,0,0.0,0.0,0.0,0.0,0.0,0.0,0.0,0.0,0.03,0,0,0,0,0,0,0,0,0,0,0,0,0,0,0,0,0,0,0,0,0
5.183606386184692,0,0.0,0.0,0.0,0.0,0.0,0.0,0.0,0.0,0.03,0,0,0,0,0,0,0,0,0,0,0,0,0,0,0,0,0,0,0,0,0
5.184821605682373,0,0.0,0.0,0.0,0.0,0.0,0.0,0.0,0.0,0.03,0,0,0,0,0,0,0,0,0,0,0,0,0,0,0,0,0,0,0,0,0
5.186088800430298,0,0.0,0.0,0.0,0.0,0.0,0.0,0.0,0.0,0.03,0,0,0,0,0,0,0,0,0,0,0,0,0,0,0,0,0,0,0,0,0
5.187183141708374,0,0.0,0.0,0.0,0.0,0.0,0.0,0.0,0.0,0.03,0,0,0,0,0,0,0,0,0,0,0,0,0,0,0,0,0,0,0,0,0
5.188446760177612,0,0.0,0.0,0.0,0.0,0.0,0.0,0.0,0.0,0.03,0,0,0,0,0,0,0,0,0,0,0,0,0,0,0,0,0,0,0,0,0
5.1896584033966064,0,0.0,0.0,0.0,0.0,0.0,0.0,0.0,0.0,0.03,0,0,0,0,0,0,0,0,0,0,0,0,0,0,0,0,0,0,0,0,0
5.190737247467041,0,0.0,0.0,0.0,0.0,0.0,0.0,0.0,0.0,0.03,0,0,0,0,0,0,0,0,0,0,0,0,0,0,0,0,0,0,0,0,0
5.1921775341033936,0,0.0,0.0,0.0,0.0,0.0,0.0,0.0,0.0,0.03,0,0,0,0,0,0,0,0,0,0,0,0,0,0,0,0,0,0,0,0,0
5.193390130996704,0,0.0,0.0,0.0,0.0,0.0,0.0,0.0,0.0,0.03,0,0,0,0,0,0,0,0,0,0,0,0,0,0,0,0,0,0,0,0,0
5.1944663524627686,0,0.0,0.0,0.0,0.0,0.0,0.0,0.0,0.0,0.03,0,0,0,0,0,0,0,0,0,0,0,0,0,0,0,0,0,0,0,0,0
5.1956329345703125,0,0.0,0.0,0.0,0.0,0.0,0.0,0.0,0.0,0.03,0,0,0,0,0,0,0,0,0,0,0,0,0,0,0,0,0,0,0,0,0
5.1972973346710205,0,0.0,0.0,0.0,0.0,0.0,0.0,0.0,0.0,0.03,0,0,0,0,0,0,0,0,0,0,0,0,0,0,0,0,0,0,0,0,0
5.199249505996704,0,0.0,0.0,0.0,0.0,0.0,0.0,0.0,0.0,0.03,0,0,0,0,0,0,0,0,0,0,0,0,0,0,0,0,0,0,0,0,0
5.201284170150757,0,0.0,0.0,0.0,0.0,0.0,0.0,0.0,0.0,0.03,0,0,0,0,0,0,0,0,0,0,0,0,0,0,0,0,0,0,0,0,0
5.202383279800415,0,0.0,0.0,0.0,0.0,0.0,0.0,0.0,0.0,0.03,0,0,0,0,0,0,0,0,0,0,0,0,0,0,0,0,0,0,0,0,0
5.203720808029175,0,0.0,0.0,0.0,0.0,0.0,0.0,0.0,0.0,0.03,0,0,0,0,0,0,0,0,0,0,0,0,0,0,0,0,0,0,0,0,0
5.204830646514893,0,0.0,0.0,0.0,0.0,0.0,0.0,0.0,0.0,0.03,0,0,0,0,0,0,0,0,0,0,0,0,0,0,0,0,0,0,0,0,0
5.206151485443115,0,0.0,0.0,0.0,0.0,0.0,0.0,0.0,0.0,0.03,0,0,0,0,0,0,0,0,0,0,0,0,0,0,0,0,0,0,0,0,0
5.207283973693848,0,0.0,0.0,0.0,0.0,0.0,0.0,0.0,0.0,0.03,0,0,0,0,0,0,0,0,0,0,0,0,0,0,0,0,0,0,0,0,0
5.208513498306274,0,0.0,0.0,0.0,0.0,0.0,0.0,0.0,0.0,0.03,0,0,0,0,0,0,0,0,0,0,0,0,0,0,0,0,0,0,0,0,0
5.209640741348267,0,0.0,0.0,0.0,0.0,0.0,0.0,0.0,0.0,0.03,0,0,0,0,0,0,0,0,0,0,0,0,0,0,0,0,0,0,0,0,0
5.21086573600769,0,0.0,0.0,0.0,0.0,0.0,0.0,0.0,0.0,0.03,0,0,0,0,0,0,0,0,0,0,0,0,0,0,0,0,0,0,0,0,0
5.212100267410278,0,0.0,0.0,0.0,0.0,0.0,0.0,0.0,0.0,0.03,0,0,0,0,0,0,0,0,0,0,0,0,0,0,0,0,0,0,0,0,0
5.213419437408447,0,0.0,0.0,0.0,0.0,0.0,0.0,0.0,0.0,0.03,0,0,0,0,0,0,0,0,0,0,0,0,0,0,0,0,0,0,0,0,0
5.214583873748779,0,0.0,0.0,0.0,0.0,0.0,0.0,0.0,0.0,0.03,0,0,0,0,0,0,0,0,0,0,0,0,0,0,0,0,0,0,0,0,0
5.215669870376587,0,0.0,0.0,0.0,0.0,0.0,0.0,0.0,0.0,0.03,0,0,0,0,0,0,0,0,0,0,0,0,0,0,0,0,0,0,0,0,0
5.216858148574829,0,0.0,0.0,0.0,0.0,0.0,0.0,0.0,0.0,0.03,0,0,0,0,0,0,0,0,0,0,0,0,0,0,0,0,0,0,0,0,0
5.217933893203735,0,0.0,0.0,0.0,0.0,0.0,0.0,0.0,0.0,0.03,0,0,0,0,0,0,0,0,0,0,0,0,0,0,0,0,0,0,0,0,0
5.219118595123291,0,0.0,0.0,0.0,0.0,0.0,0.0,0.0,0.0,0.03,0,0,0,0,0,0,0,0,0,0,0,0,0,0,0,0,0,0,0,0,0
5.220247745513916,0,0.0,0.0,0.0,0.0,0.0,0.0,0.0,0.0,0.03,0,0,0,0,0,0,0,0,0,0,0,0,0,0,0,0,0,0,0,0,0
5.221322536468506,0,0.0,0.0,0.0,0.0,0.0,0.0,0.0,0.0,0.03,0,0,0,0,0,0,0,0,0,0,0,0,0,0,0,0,0,0,0,0,0
5.222463130950928,0,0.0,0.0,0.0,0.0,0.0,0.0,0.0,0.0,0.03,0,0,0,0,0,0,0,0,0,0,0,0,0,0,0,0,0,0,0,0,0
5.223907709121704,0,0.0,0.0,0.0,0.0,0.0,0.0,0.0,0.0,0.03,0,0,0,0,0,0,0,0,0,0,0,0,0,0,0,0,0,0,0,0,0
5.225150108337402,0,0.0,0.0,0.0,0.0,0.0,0.0,0.0,0.0,0.03,0,0,0,0,0,0,0,0,0,0,0,0,0,0,0,0,0,0,0,0,0
5.2263123989105225,0,0.0,0.0,0.0,0.0,0.0,0.0,0.0,0.0,0.03,0,0,0,0,0,0,0,0,0,0,0,0,0,0,0,0,0,0,0,0,0
5.227459907531738,0,0.0,0.0,0.0,0.0,0.0,0.0,0.0,0.0,0.03,0,0,0,0,0,0,0,0,0,0,0,0,0,0,0,0,0,0,0,0,0
5.228949069976807,0,0.0,0.0,0.0,0.0,0.0,0.0,0.0,0.0,0.03,0,0,0,0,0,0,0,0,0,0,0,0,0,0,0,0,0,0,0,0,0
5.230182409286499,0,0.0,0.0,0.0,0.0,0.0,0.0,0.0,0.0,0.03,0,0,0,0,0,0,0,0,0,0,0,0,0,0,0,0,0,0,0,0,0
5.23134970664978,0,0.0,0.0,0.0,0.0,0.0,0.0,0.0,0.0,0.03,0,0,0,0,0,0,0,0,0,0,0,0,0,0,0,0,0,0,0,0,0
5.2336273193359375,0,0.0,0.0,0.0,0.0,0.0,0.0,0.0,0.0,0.03,0,0,0,0,0,0,0,0,0,0,0,0,0,0,0,0,0,0,0,0,0
5.234785079956055,0,0.0,0.0,0.0,0.0,0.0,0.0,0.0,0.0,0.03,0,0,0,0,0,0,0,0,0,0,0,0,0,0,0,0,0,0,0,0,0
5.236227512359619,0,0.0,0.0,0.0,0.0,0.0,0.0,0.0,0.0,0.03,0,0,0,0,0,0,0,0,0,0,0,0,0,0,0,0,0,0,0,0,0
5.237412929534912,0,0.0,0.0,0.0,0.0,0.0,0.0,0.0,0.0,0.03,0,0,0,0,0,0,0,0,0,0,0,0,0,0,0,0,0,0,0,0,0
5.2385876178741455,0,0.0,0.0,0.0,0.0,0.0,0.0,0.0,0.0,0.03,0,0,0,0,0,0,0,0,0,0,0,0,0,0,0,0,0,0,0,0,0
5.239830255508423,0,0.0,0.0,0.0,0.0,0.0,0.0,0.0,0.0,0.03,0,0,0,0,0,0,0,0,0,0,0,0,0,0,0,0,0,0,0,0,0
5.24092435836792,0,0.0,0.0,0.0,0.0,0.0,0.0,0.0,0.0,0.03,0,0,0,0,0,0,0,0,0,0,0,0,0,0,0,0,0,0,0,0,0
5.242180585861206,0,0.0,0.0,0.0,0.0,0.0,0.0,0.0,0.0,0.03,0,0,0,0,0,0,0,0,0,0,0,0,0,0,0,0,0,0,0,0,0
5.243605852127075,0,0.0,0.0,0.0,0.0,0.0,0.0,0.0,0.0,0.03,0,0,0,0,0,0,0,0,0,0,0,0,0,0,0,0,0,0,0,0,0
5.24505615234375,0,0.0,0.0,0.0,0.0,0.0,0.0,0.0,0.0,0.03,0,0,0,0,0,0,0,0,0,0,0,0,0,0,0,0,0,0,0,0,0
5.247570514678955,0,0.0,0.0,0.0,0.0,0.0,0.0,0.0,0.0,0.03,0,0,0,0,0,0,0,0,0,0,0,0,0,0,0,0,0,0,0,0,0
5.24885630607605,0,0.0,0.0,0.0,0.0,0.0,0.0,0.0,0.0,0.03,0,0,0,0,0,0,0,0,0,0,0,0,0,0,0,0,0,0,0,0,0
5.250034332275391,0,0.0,0.0,0.0,0.0,0.0,0.0,0.0,0.0,0.03,0,0,0,0,0,0,0,0,0,0,0,0,0,0,0,0,0,0,0,0,0
5.251342296600342,0,0.0,0.0,0.0,0.0,0.0,0.0,0.0,0.0,0.03,0,0,0,0,0,0,0,0,0,0,0,0,0,0,0,0,0,0,0,0,0
5.252570152282715,0,0.0,0.0,0.0,0.0,0.0,0.0,0.0,0.0,0.03,0,0,0,0,0,0,0,0,0,0,0,0,0,0,0,0,0,0,0,0,0
5.253681898117065,0,0.0,0.0,0.0,0.0,0.0,0.0,0.0,0.0,0.03,0,0,0,0,0,0,0,0,0,0,0,0,0,0,0,0,0,0,0,0,0
5.2548205852508545,0,0.0,0.0,0.0,0.0,0.0,0.0,0.0,0.0,0.03,0,0,0,0,0,0,0,0,0,0,0,0,0,0,0,0,0,0,0,0,0
5.256332635879517,0,0.0,0.0,0.0,0.0,0.0,0.0,0.0,0.0,0.03,0,0,0,0,0,0,0,0,0,0,0,0,0,0,0,0,0,0,0,0,0
5.257809162139893,0,0.0,0.0,0.0,0.0,0.0,0.0,0.0,0.0,0.03,0,0,0,0,0,0,0,0,0,0,0,0,0,0,0,0,0,0,0,0,0
5.258886814117432,0,0.0,0.0,0.0,0.0,0.0,0.0,0.0,0.0,0.03,0,0,0,0,0,0,0,0,0,0,0,0,0,0,0,0,0,0,0,0,0
5.260042667388916,0,0.0,0.0,0.0,0.0,0.0,0.0,0.0,0.0,0.03,0,0,0,0,0,0,0,0,0,0,0,0,0,0,0,0,0,0,0,0,0
5.261847019195557,0,0.0,0.0,0.0,0.0,0.0,0.0,0.0,0.0,0.03,0,0,0,0,0,0,0,0,0,0,0,0,0,0,0,0,0,0,0,0,0
5.262999534606934,0,0.0,0.0,0.0,0.0,0.0,0.0,0.0,0.0,0.03,0,0,0,0,0,0,0,0,0,0,0,0,0,0,0,0,0,0,0,0,0
5.2643561363220215,0,0.0,0.0,0.0,0.0,0.0,0.0,0.0,0.0,0.03,0,0,0,0,0,0,0,0,0,0,0,0,0,0,0,0,0,0,0,0,0
5.265906095504761,0,0.0,0.0,0.0,0.0,0.0,0.0,0.0,0.0,0.03,0,0,0,0,0,0,0,0,0,0,0,0,0,0,0,0,0,0,0,0,0
5.2669854164123535,0,0.0,0.0,0.0,0.0,0.0,0.0,0.0,0.0,0.03,0,0,0,0,0,0,0,0,0,0,0,0,0,0,0,0,0,0,0,0,0
5.2687668800354,0,0.0,0.0,0.0,0.0,0.0,0.0,0.0,0.0,0.03,0,0,0,0,0,0,0,0,0,0,0,0,0,0,0,0,0,0,0,0,0
5.270073175430298,0,0.0,0.0,0.0,0.0,0.0,0.0,0.0,0.0,0.03,0,0,0,0,0,0,0,0,0,0,0,0,0,0,0,0,0,0,0,0,0
5.271333694458008,0,0.0,0.0,0.0,0.0,0.0,0.0,0.0,0.0,0.03,0,0,0,0,0,0,0,0,0,0,0,0,0,0,0,0,0,0,0,0,0
5.272469520568848,0,0.0,0.0,0.0,0.0,0.0,0.0,0.0,0.0,0.03,0,0,0,0,0,0,0,0,0,0,0,0,0,0,0,0,0,0,0,0,0
5.274027109146118,0,0.0,0.0,0.0,0.0,0.0,0.0,0.0,0.0,0.03,0,0,0,0,0,0,0,0,0,0,0,0,0,0,0,0,0,0,0,0,0
5.2751240730285645,0,0.0,0.0,0.0,0.0,0.0,0.0,0.0,0.0,0.03,0,0,0,0,0,0,0,0,0,0,0,0,0,0,0,0,0,0,0,0,0
5.276338577270508,0,0.0,0.0,0.0,0.0,0.0,0.0,0.0,0.0,0.03,0,0,0,0,0,0,0,0,0,0,0,0,0,0,0,0,0,0,0,0,0
5.2783613204956055,0,0.0,0.0,0.0,0.0,0.0,0.0,0.0,0.0,0.03,0,0,0,0,0,0,0,0,0,0,0,0,0,0,0,0,0,0,0,0,0
5.279454708099365,0,0.0,0.0,0.0,0.0,0.0,0.0,0.0,0.0,0.03,0,0,0,0,0,0,0,0,0,0,0,0,0,0,0,0,0,0,0,0,0
5.280727863311768,0,0.0,0.0,0.0,0.0,0.0,0.0,0.0,0.0,0.03,0,0,0,0,0,0,0,0,0,0,0,0,0,0,0,0,0,0,0,0,0
5.281794786453247,0,0.0,0.0,0.0,0.0,0.0,0.0,0.0,0.0,0.03,0,0,0,0,0,0,0,0,0,0,0,0,0,0,0,0,0,0,0,0,0
5.283085584640503,0,0.0,0.0,0.0,0.0,0.0,0.0,0.0,0.0,0.03,0,0,0,0,0,0,0,0,0,0,0,0,0,0,0,0,0,0,0,0,0
5.28423547744751,0,0.0,0.0,0.0,0.0,0.0,0.0,0.0,0.0,0.03,0,0,0,0,0,0,0,0,0,0,0,0,0,0,0,0,0,0,0,0,0
5.28537130355835,0,0.0,0.0,0.0,0.0,0.0,0.0,0.0,0.0,0.03,0,0,0,0,0,0,0,0,0,0,0,0,0,0,0,0,0,0,0,0,0
5.286447763442993,0,0.0,0.0,0.0,0.0,0.0,0.0,0.0,0.0,0.03,0,0,0,0,0,0,0,0,0,0,0,0,0,0,0,0,0,0,0,0,0
5.287624359130859,0,0.0,0.0,0.0,0.0,0.0,0.0,0.0,0.0,0.03,0,0,0,0,0,0,0,0,0,0,0,0,0,0,0,0,0,0,0,0,0
5.2890684604644775,0,0.0,0.0,0.0,0.0,0.0,0.0,0.0,0.0,0.03,0,0,0,0,0,0,0,0,0,0,0,0,0,0,0,0,0,0,0,0,0
5.290316581726074,0,0.0,0.0,0.0,0.0,0.0,0.0,0.0,0.0,0.03,0,0,0,0,0,0,0,0,0,0,0,0,0,0,0,0,0,0,0,0,0
5.2914137840271,0,0.0,0.0,0.0,0.0,0.0,0.0,0.0,0.0,0.03,0,0,0,0,0,0,0,0,0,0,0,0,0,0,0,0,0,0,0,0,0
5.292938232421875,0,0.0,0.0,0.0,0.0,0.0,0.0,0.0,0.0,0.03,0,0,0,0,0,0,0,0,0,0,0,0,0,0,0,0,0,0,0,0,0
5.294365882873535,0,0.0,0.0,0.0,0.0,0.0,0.0,0.0,0.0,0.03,0,0,0,0,0,0,0,0,0,0,0,0,0,0,0,0,0,0,0,0,0
5.2955262660980225,0,0.0,0.0,0.0,0.0,0.0,0.0,0.0,0.0,0.03,0,0,0,0,0,0,0,0,0,0,0,0,0,0,0,0,0,0,0,0,0
5.296602010726929,0,0.0,0.0,0.0,0.0,0.0,0.0,0.0,0.0,0.03,0,0,0,0,0,0,0,0,0,0,0,0,0,0,0,0,0,0,0,0,0
5.297737121582031,0,0.0,0.0,0.0,0.0,0.0,0.0,0.0,0.0,0.03,0,0,0,0,0,0,0,0,0,0,0,0,0,0,0,0,0,0,0,0,0
5.299081802368164,0,0.0,0.0,0.0,0.0,0.0,0.0,0.0,0.0,0.03,0,0,0,0,0,0,0,0,0,0,0,0,0,0,0,0,0,0,0,0,0
5.300257682800293,0,0.0,0.0,0.0,0.0,0.0,0.0,0.0,0.0,0.03,0,0,0,0,0,0,0,0,0,0,0,0,0,0,0,0,0,0,0,0,0
5.301533222198486,0,0.0,0.0,0.0,0.0,0.0,0.0,0.0,0.0,0.03,0,0,0,0,0,0,0,0,0,0,0,0,0,0,0,0,0,0,0,0,0
5.302814960479736,0,0.0,0.0,0.0,0.0,0.0,0.0,0.0,0.0,0.03,0,0,0,0,0,0,0,0,0,0,0,0,0,0,0,0,0,0,0,0,0
5.3039257526397705,0,0.0,0.0,0.0,0.0,0.0,0.0,0.0,0.0,0.03,0,0,0,0,0,0,0,0,0,0,0,0,0,0,0,0,0,0,0,0,0
5.305243968963623,0,0.0,0.0,0.0,0.0,0.0,0.0,0.0,0.0,0.03,0,0,0,0,0,0,0,0,0,0,0,0,0,0,0,0,0,0,0,0,0
5.306452751159668,0,0.0,0.0,0.0,0.0,0.0,0.0,0.0,0.0,0.03,0,0,0,0,0,0,0,0,0,0,0,0,0,0,0,0,0,0,0,0,0
5.307536363601685,0,0.0,0.0,0.0,0.0,0.0,0.0,0.0,0.0,0.03,0,0,0,0,0,0,0,0,0,0,0,0,0,0,0,0,0,0,0,0,0
5.308634042739868,0,0.0,0.0,0.0,0.0,0.0,0.0,0.0,0.0,0.03,0,0,0,0,0,0,0,0,0,0,0,0,0,0,0,0,0,0,0,0,0
5.310112953186035,0,0.0,0.0,0.0,0.0,0.0,0.0,0.0,0.0,0.03,0,0,0,0,0,0,0,0,0,0,0,0,0,0,0,0,0,0,0,0,0
5.311649799346924,0,0.0,0.0,0.0,0.0,0.0,0.0,0.0,0.0,0.03,0,0,0,0,0,0,0,0,0,0,0,0,0,0,0,0,0,0,0,0,0
5.313188552856445,0,0.0,0.0,0.0,0.0,0.0,0.0,0.0,0.0,0.03,0,0,0,0,0,0,0,0,0,0,0,0,0,0,0,0,0,0,0,0,0
5.314434051513672,0,0.0,0.0,0.0,0.0,0.0,0.0,0.0,0.0,0.03,0,0,0,0,0,0,0,0,0,0,0,0,0,0,0,0,0,0,0,0,0
5.315705299377441,0,0.0,0.0,0.0,0.0,0.0,0.0,0.0,0.0,0.03,0,0,0,0,0,0,0,0,0,0,0,0,0,0,0,0,0,0,0,0,0
5.317059516906738,0,0.0,0.0,0.0,0.0,0.0,0.0,0.0,0.0,0.03,0,0,0,0,0,0,0,0,0,0,0,0,0,0,0,0,0,0,0,0,0
5.31847620010376,0,0.0,0.0,0.0,0.0,0.0,0.0,0.0,0.0,0.03,0,0,0,0,0,0,0,0,0,0,0,0,0,0,0,0,0,0,0,0,0
5.319713115692139,0,0.0,0.0,0.0,0.0,0.0,0.0,0.0,0.0,0.03,0,0,0,0,0,0,0,0,0,0,0,0,0,0,0,0,0,0,0,0,0
5.320810079574585,0,0.0,0.0,0.0,0.0,0.0,0.0,0.0,0.0,0.03,0,0,0,0,0,0,0,0,0,0,0,0,0,0,0,0,0,0,0,0,0
5.322685241699219,0,0.0,0.0,0.0,0.0,0.0,0.0,0.0,0.0,0.03,0,0,0,0,0,0,0,0,0,0,0,0,0,0,0,0,0,0,0,0,0
5.3241965770721436,0,0.0,0.0,0.0,0.0,0.0,0.0,0.0,0.0,0.03,0,0,0,0,0,0,0,0,0,0,0,0,0,0,0,0,0,0,0,0,0
5.3252763748168945,0,0.0,0.0,0.0,0.0,0.0,0.0,0.0,0.0,0.03,0,0,0,0,0,0,0,0,0,0,0,0,0,0,0,0,0,0,0,0,0
5.328261613845825,0,0.0,0.0,0.0,0.0,0.0,0.0,0.0,0.0,0.03,0,0,0,0,0,0,0,0,0,0,0,0,0,0,0,0,0,0,0,0,0
5.3294267654418945,0,0.0,0.0,0.0,0.0,0.0,0.0,0.0,0.0,0.03,0,0,0,0,0,0,0,0,0,0,0,0,0,0,0,0,0,0,0,0,0
5.331738471984863,0,0.0,0.0,0.0,0.0,0.0,0.0,0.0,0.0,0.03,0,0,0,0,0,0,0,0,0,0,0,0,0,0,0,0,0,0,0,0,0
5.333616733551025,0,0.0,0.0,0.0,0.0,0.0,0.0,0.0,0.0,0.03,0,0,0,0,0,0,0,0,0,0,0,0,0,0,0,0,0,0,0,0,0
5.33508563041687,0,0.0,0.0,0.0,0.0,0.0,0.0,0.0,0.0,0.03,0,0,0,0,0,0,0,0,0,0,0,0,0,0,0,0,0,0,0,0,0
5.336371898651123,0,0.0,0.0,0.0,0.0,0.0,0.0,0.0,0.0,0.03,0,0,0,0,0,0,0,0,0,0,0,0,0,0,0,0,0,0,0,0,0
5.337481498718262,0,0.0,0.0,0.0,0.0,0.0,0.0,0.0,0.0,0.03,0,0,0,0,0,0,0,0,0,0,0,0,0,0,0,0,0,0,0,0,0
5.339582443237305,0,0.0,0.0,0.0,0.0,0.0,0.0,0.0,0.0,0.03,0,0,0,0,0,0,0,0,0,0,0,0,0,0,0,0,0,0,0,0,0
5.340996980667114,0,0.0,0.0,0.0,0.0,0.0,0.0,0.0,0.0,0.03,0,0,0,0,0,0,0,0,0,0,0,0,0,0,0,0,0,0,0,0,0
5.3421711921691895,0,0.0,0.0,0.0,0.0,0.0,0.0,0.0,0.0,0.03,0,0,0,0,0,0,0,0,0,0,0,0,0,0,0,0,0,0,0,0,0
5.343353271484375,0,0.0,0.0,0.0,0.0,0.0,0.0,0.0,0.0,0.03,0,0,0,0,0,0,0,0,0,0,0,0,0,0,0,0,0,0,0,0,0
5.344453573226929,0,0.0,0.0,0.0,0.0,0.0,0.0,0.0,0.0,0.03,0,0,0,0,0,0,0,0,0,0,0,0,0,0,0,0,0,0,0,0,0
5.3456504344940186,0,0.0,0.0,0.0,0.0,0.0,0.0,0.0,0.0,0.03,0,0,0,0,0,0,0,0,0,0,0,0,0,0,0,0,0,0,0,0,0
5.346747875213623,0,0.0,0.0,0.0,0.0,0.0,0.0,0.0,0.0,0.03,0,0,0,0,0,0,0,0,0,0,0,0,0,0,0,0,0,0,0,0,0
5.347956657409668,0,0.0,0.0,0.0,0.0,0.0,0.0,0.0,0.0,0.03,0,0,0,0,0,0,0,0,0,0,0,0,0,0,0,0,0,0,0,0,0
5.349029779434204,0,0.0,0.0,0.0,0.0,0.0,0.0,0.0,0.0,0.03,0,0,0,0,0,0,0,0,0,0,0,0,0,0,0,0,0,0,0,0,0
5.350211143493652,0,0.0,0.0,0.0,0.0,0.0,0.0,0.0,0.0,0.03,0,0,0,0,0,0,0,0,0,0,0,0,0,0,0,0,0,0,0,0,0
5.3513360023498535,0,0.0,0.0,0.0,0.0,0.0,0.0,0.0,0.0,0.03,0,0,0,0,0,0,0,0,0,0,0,0,0,0,0,0,0,0,0,0,0
5.352409839630127,0,0.0,0.0,0.0,0.0,0.0,0.0,0.0,0.0,0.03,0,0,0,0,0,0,0,0,0,0,0,0,0,0,0,0,0,0,0,0,0
5.3535473346710205,0,0.0,0.0,0.0,0.0,0.0,0.0,0.0,0.0,0.03,0,0,0,0,0,0,0,0,0,0,0,0,0,0,0,0,0,0,0,0,0
5.35540246963501,0,0.0,0.0,0.0,0.0,0.0,0.0,0.0,0.0,0.03,0,0,0,0,0,0,0,0,0,0,0,0,0,0,0,0,0,0,0,0,0
5.357023000717163,0,0.0,0.0,0.0,0.0,0.0,0.0,0.0,0.0,0.03,0,0,0,0,0,0,0,0,0,0,0,0,0,0,0,0,0,0,0,0,0
5.358262538909912,0,0.0,0.0,0.0,0.0,0.0,0.0,0.0,0.0,0.03,0,0,0,0,0,0,0,0,0,0,0,0,0,0,0,0,0,0,0,0,0
5.359458923339844,0,0.0,0.0,0.0,0.0,0.0,0.0,0.0,0.0,0.03,0,0,0,0,0,0,0,0,0,0,0,0,0,0,0,0,0,0,0,0,0
5.360553503036499,0,0.0,0.0,0.0,0.0,0.0,0.0,0.0,0.0,0.03,0,0,0,0,0,0,0,0,0,0,0,0,0,0,0,0,0,0,0,0,0
5.3618292808532715,0,0.0,0.0,0.0,0.0,0.0,0.0,0.0,0.0,0.03,0,0,0,0,0,0,0,0,0,0,0,0,0,0,0,0,0,0,0,0,0
5.363197088241577,0,0.0,0.0,0.0,0.0,0.0,0.0,0.0,0.0,0.03,0,0,0,0,0,0,0,0,0,0,0,0,0,0,0,0,0,0,0,0,0
5.364521503448486,0,0.0,0.0,0.0,0.0,0.0,0.0,0.0,0.0,0.03,0,0,0,0,0,0,0,0,0,0,0,0,0,0,0,0,0,0,0,0,0
5.365814208984375,0,0.0,0.0,0.0,0.0,0.0,0.0,0.0,0.0,0.03,0,0,0,0,0,0,0,0,0,0,0,0,0,0,0,0,0,0,0,0,0
5.367422819137573,0,0.0,0.0,0.0,0.0,0.0,0.0,0.0,0.0,0.03,0,0,0,0,0,0,0,0,0,0,0,0,0,0,0,0,0,0,0,0,0
5.368556261062622,0,0.0,0.0,0.0,0.0,0.0,0.0,0.0,0.0,0.03,0,0,0,0,0,0,0,0,0,0,0,0,0,0,0,0,0,0,0,0,0
5.369743824005127,0,0.0,0.0,0.0,0.0,0.0,0.0,0.0,0.0,0.03,0,0,0,0,0,0,0,0,0,0,0,0,0,0,0,0,0,0,0,0,0
5.370982885360718,0,0.0,0.0,0.0,0.0,0.0,0.0,0.0,0.0,0.03,0,0,0,0,0,0,0,0,0,0,0,0,0,0,0,0,0,0,0,0,0
5.372214317321777,0,0.0,0.0,0.0,0.0,0.0,0.0,0.0,0.0,0.03,0,0,0,0,0,0,0,0,0,0,0,0,0,0,0,0,0,0,0,0,0
5.373290061950684,0,0.0,0.0,0.0,0.0,0.0,0.0,0.0,0.0,0.03,0,0,0,0,0,0,0,0,0,0,0,0,0,0,0,0,0,0,0,0,0
5.374429702758789,0,0.0,0.0,0.0,0.0,0.0,0.0,0.0,0.0,0.03,0,0,0,0,0,0,0,0,0,0,0,0,0,0,0,0,0,0,0,0,0
5.37565541267395,0,0.0,0.0,0.0,0.0,0.0,0.0,0.0,0.0,0.03,0,0,0,0,0,0,0,0,0,0,0,0,0,0,0,0,0,0,0,0,0
5.376791000366211,0,0.0,0.0,0.0,0.0,0.0,0.0,0.0,0.0,0.03,0,0,0,0,0,0,0,0,0,0,0,0,0,0,0,0,0,0,0,0,0
5.378811597824097,0,0.0,0.0,0.0,0.0,0.0,0.0,0.0,0.0,0.03,0,0,0,0,0,0,0,0,0,0,0,0,0,0,0,0,0,0,0,0,0
5.3801164627075195,0,0.0,0.0,0.0,0.0,0.0,0.0,0.0,0.0,0.03,0,0,0,0,0,0,0,0,0,0,0,0,0,0,0,0,0,0,0,0,0
5.381314992904663,0,0.0,0.0,0.0,0.0,0.0,0.0,0.0,0.0,0.03,0,0,0,0,0,0,0,0,0,0,0,0,0,0,0,0,0,0,0,0,0
5.382625579833984,0,0.0,0.0,0.0,0.0,0.0,0.0,0.0,0.0,0.03,0,0,0,0,0,0,0,0,0,0,0,0,0,0,0,0,0,0,0,0,0
5.38385796546936,0,0.0,0.0,0.0,0.0,0.0,0.0,0.0,0.0,0.03,0,0,0,0,0,0,0,0,0,0,0,0,0,0,0,0,0,0,0,0,0
5.385117769241333,0,0.0,0.0,0.0,0.0,0.0,0.0,0.0,0.0,0.03,0,0,0,0,0,0,0,0,0,0,0,0,0,0,0,0,0,0,0,0,0
5.38629674911499,0,0.0,0.0,0.0,0.0,0.0,0.0,0.0,0.0,0.03,0,0,0,0,0,0,0,0,0,0,0,0,0,0,0,0,0,0,0,0,0
5.387583494186401,0,0.0,0.0,0.0,0.0,0.0,0.0,0.0,0.0,0.03,0,0,0,0,0,0,0,0,0,0,0,0,0,0,0,0,0,0,0,0,0
5.3890061378479,0,0.0,0.0,0.0,0.0,0.0,0.0,0.0,0.0,0.03,0,0,0,0,0,0,0,0,0,0,0,0,0,0,0,0,0,0,0,0,0
5.390084505081177,0,0.0,0.0,0.0,0.0,0.0,0.0,0.0,0.0,0.03,0,0,0,0,0,0,0,0,0,0,0,0,0,0,0,0,0,0,0,0,0
5.392986059188843,0,0.0,0.0,0.0,0.0,0.0,0.0,0.0,0.0,0.03,0,0,0,0,0,0,0,0,0,0,0,0,0,0,0,0,0,0,0,0,0
5.394220352172852,0,0.0,0.0,0.0,0.0,0.0,0.0,0.0,0.0,0.03,0,0,0,0,0,0,0,0,0,0,0,0,0,0,0,0,0,0,0,0,0
5.395702838897705,0,0.0,0.0,0.0,0.0,0.0,0.0,0.0,0.0,0.03,0,0,0,0,0,0,0,0,0,0,0,0,0,0,0,0,0,0,0,0,0
5.397109746932983,0,0.0,0.0,0.0,0.0,0.0,0.0,0.0,0.0,0.03,0,0,0,0,0,0,0,0,0,0,0,0,0,0,0,0,0,0,0,0,0
5.3982532024383545,0,0.0,0.0,0.0,0.0,0.0,0.0,0.0,0.0,0.03,0,0,0,0,0,0,0,0,0,0,0,0,0,0,0,0,0,0,0,0,0
5.3998308181762695,0,0.0,0.0,0.0,0.0,0.0,0.0,0.0,0.0,0.03,0,0,0,0,0,0,0,0,0,0,0,0,0,0,0,0,0,0,0,0,0
5.401268482208252,0,0.0,0.0,0.0,0.0,0.0,0.0,0.0,0.0,0.03,0,0,0,0,0,0,0,0,0,0,0,0,0,0,0,0,0,0,0,0,0
5.402546167373657,0,0.0,0.0,0.0,0.0,0.0,0.0,0.0,0.0,0.03,0,0,0,0,0,0,0,0,0,0,0,0,0,0,0,0,0,0,0,0,0
5.404016733169556,0,0.0,0.0,0.0,0.0,0.0,0.0,0.0,0.0,0.03,0,0,0,0,0,0,0,0,0,0,0,0,0,0,0,0,0,0,0,0,0
5.405297040939331,0,0.0,0.0,0.0,0.0,0.0,0.0,0.0,0.0,0.03,0,0,0,0,0,0,0,0,0,0,0,0,0,0,0,0,0,0,0,0,0
5.406430959701538,0,0.0,0.0,0.0,0.0,0.0,0.0,0.0,0.0,0.03,0,0,0,0,0,0,0,0,0,0,0,0,0,0,0,0,0,0,0,0,0
5.407547473907471,0,0.0,0.0,0.0,0.0,0.0,0.0,0.0,0.0,0.03,0,0,0,0,0,0,0,0,0,0,0,0,0,0,0,0,0,0,0,0,0
5.408798456192017,0,0.0,0.0,0.0,0.0,0.0,0.0,0.0,0.0,0.03,0,0,0,0,0,0,0,0,0,0,0,0,0,0,0,0,0,0,0,0,0
5.410119533538818,0,0.0,0.0,0.0,0.0,0.0,0.0,0.0,0.0,0.03,0,0,0,0,0,0,0,0,0,0,0,0,0,0,0,0,0,0,0,0,0
5.411411285400391,0,0.0,0.0,0.0,0.0,0.0,0.0,0.0,0.0,0.03,0,0,0,0,0,0,0,0,0,0,0,0,0,0,0,0,0,0,0,0,0
5.412492275238037,0,0.0,0.0,0.0,0.0,0.0,0.0,0.0,0.0,0.03,0,0,0,0,0,0,0,0,0,0,0,0,0,0,0,0,0,0,0,0,0
5.413633108139038,0,0.0,0.0,0.0,0.0,0.0,0.0,0.0,0.0,0.03,0,0,0,0,0,0,0,0,0,0,0,0,0,0,0,0,0,0,0,0,0
5.41491174697876,0,0.0,0.0,0.0,0.0,0.0,0.0,0.0,0.0,0.03,0,0,0,0,0,0,0,0,0,0,0,0,0,0,0,0,0,0,0,0,0
5.416093111038208,0,0.0,0.0,0.0,0.0,0.0,0.0,0.0,0.0,0.03,0,0,0,0,0,0,0,0,0,0,0,0,0,0,0,0,0,0,0,0,0
5.417169570922852,0,0.0,0.0,0.0,0.0,0.0,0.0,0.0,0.0,0.03,0,0,0,0,0,0,0,0,0,0,0,0,0,0,0,0,0,0,0,0,0
5.418363809585571,0,0.0,0.0,0.0,0.0,0.0,0.0,0.0,0.0,0.03,0,0,0,0,0,0,0,0,0,0,0,0,0,0,0,0,0,0,0,0,0
5.419570207595825,0,0.0,0.0,0.0,0.0,0.0,0.0,0.0,0.0,0.03,0,0,0,0,0,0,0,0,0,0,0,0,0,0,0,0,0,0,0,0,0
5.420696496963501,0,0.0,0.0,0.0,0.0,0.0,0.0,0.0,0.0,0.03,0,0,0,0,0,0,0,0,0,0,0,0,0,0,0,0,0,0,0,0,0
5.42218017578125,0,0.0,0.0,0.0,0.0,0.0,0.0,0.0,0.0,0.03,0,0,0,0,0,0,0,0,0,0,0,0,0,0,0,0,0,0,0,0,0
5.423280954360962,0,0.0,0.0,0.0,0.0,0.0,0.0,0.0,0.0,0.03,0,0,0,0,0,0,0,0,0,0,0,0,0,0,0,0,0,0,0,0,0
5.424465179443359,0,0.0,0.0,0.0,0.0,0.0,0.0,0.0,0.0,0.03,0,0,0,0,0,0,0,0,0,0,0,0,0,0,0,0,0,0,0,0,0
5.42565393447876,0,0.0,0.0,0.0,0.0,0.0,0.0,0.0,0.0,0.03,0,0,0,0,0,0,0,0,0,0,0,0,0,0,0,0,0,0,0,0,0
5.427624940872192,0,0.0,0.0,0.0,0.0,0.0,0.0,0.0,0.0,0.03,0,0,0,0,0,0,0,0,0,0,0,0,0,0,0,0,0,0,0,0,0
5.4288201332092285,0,0.0,0.0,0.0,0.0,0.0,0.0,0.0,0.0,0.03,0,0,0,0,0,0,0,0,0,0,0,0,0,0,0,0,0,0,0,0,0
5.430022954940796,0,0.0,0.0,0.0,0.0,0.0,0.0,0.0,0.0,0.03,0,0,0,0,0,0,0,0,0,0,0,0,0,0,0,0,0,0,0,0,0
5.431210279464722,0,0.0,0.0,0.0,0.0,0.0,0.0,0.0,0.0,0.03,0,0,0,0,0,0,0,0,0,0,0,0,0,0,0,0,0,0,0,0,0
5.432512521743774,0,0.0,0.0,0.0,0.0,0.0,0.0,0.0,0.0,0.03,0,0,0,0,0,0,0,0,0,0,0,0,0,0,0,0,0,0,0,0,0
5.433605432510376,0,0.0,0.0,0.0,0.0,0.0,0.0,0.0,0.0,0.03,0,0,0,0,0,0,0,0,0,0,0,0,0,0,0,0,0,0,0,0,0
5.4348366260528564,0,0.0,0.0,0.0,0.0,0.0,0.0,0.0,0.0,0.03,0,0,0,0,0,0,0,0,0,0,0,0,0,0,0,0,0,0,0,0,0
5.436057090759277,0,0.0,0.0,0.0,0.0,0.0,0.0,0.0,0.0,0.03,0,0,0,0,0,0,0,0,0,0,0,0,0,0,0,0,0,0,0,0,0
5.437157392501831,0,0.0,0.0,0.0,0.0,0.0,0.0,0.0,0.0,0.03,0,0,0,0,0,0,0,0,0,0,0,0,0,0,0,0,0,0,0,0,0
5.4383628368377686,0,0.0,0.0,0.0,0.0,0.0,0.0,0.0,0.0,0.03,0,0,0,0,0,0,0,0,0,0,0,0,0,0,0,0,0,0,0,0,0
5.4394590854644775,0,0.0,0.0,0.0,0.0,0.0,0.0,0.0,0.0,0.03,0,0,0,0,0,0,0,0,0,0,0,0,0,0,0,0,0,0,0,0,0
5.4409496784210205,0,0.0,0.0,0.0,0.0,0.0,0.0,0.0,0.0,0.03,0,0,0,0,0,0,0,0,0,0,0,0,0,0,0,0,0,0,0,0,0
5.443971633911133,0,0.0,0.0,0.0,0.0,0.0,0.0,0.0,0.0,0.03,0,0,0,0,0,0,0,0,0,0,0,0,0,0,0,0,0,0,0,0,0
5.445598363876343,0,0.0,0.0,0.0,0.0,0.0,0.0,0.0,0.0,0.03,0,0,0,0,0,0,0,0,0,0,0,0,0,0,0,0,0,0,0,0,0
5.447046756744385,0,0.0,0.0,0.0,0.0,0.0,0.0,0.0,0.0,0.03,0,0,0,0,0,0,0,0,0,0,0,0,0,0,0,0,0,0,0,0,0
5.448199033737183,0,0.0,0.0,0.0,0.0,0.0,0.0,0.0,0.0,0.03,0,0,0,0,0,0,0,0,0,0,0,0,0,0,0,0,0,0,0,0,0
5.449916839599609,0,0.0,0.0,0.0,0.0,0.0,0.0,0.0,0.0,0.03,0,0,0,0,0,0,0,0,0,0,0,0,0,0,0,0,0,0,0,0,0
5.451032638549805,0,0.0,0.0,0.0,0.0,0.0,0.0,0.0,0.0,0.03,0,0,0,0,0,0,0,0,0,0,0,0,0,0,0,0,0,0,0,0,0
5.452168941497803,0,0.0,0.0,0.0,0.0,0.0,0.0,0.0,0.0,0.03,0,0,0,0,0,0,0,0,0,0,0,0,0,0,0,0,0,0,0,0,0
5.453270196914673,0,0.0,0.0,0.0,0.0,0.0,0.0,0.0,0.0,0.03,0,0,0,0,0,0,0,0,0,0,0,0,0,0,0,0,0,0,0,0,0
5.454361200332642,0,0.0,0.0,0.0,0.0,0.0,0.0,0.0,0.0,0.03,0,0,0,0,0,0,0,0,0,0,0,0,0,0,0,0,0,0,0,0,0
5.455425024032593,0,0.0,0.0,0.0,0.0,0.0,0.0,0.0,0.0,0.03,0,0,0,0,0,0,0,0,0,0,0,0,0,0,0,0,0,0,0,0,0
5.458302974700928,0,0.0,0.0,0.0,0.0,0.0,0.0,0.0,0.0,0.03,0,0,0,0,0,0,0,0,0,0,0,0,0,0,0,0,0,0,0,0,0
5.459488868713379,0,0.0,0.0,0.0,0.0,0.0,0.0,0.0,0.0,0.03,0,0,0,0,0,0,0,0,0,0,0,0,0,0,0,0,0,0,0,0,0
5.461946725845337,0,0.0,0.0,0.0,0.0,0.0,0.0,0.0,0.0,0.03,0,0,0,0,0,0,0,0,0,0,0,0,0,0,0,0,0,0,0,0,0
5.46386456489563,0,0.0,0.0,0.0,0.0,0.0,0.0,0.0,0.0,0.03,0,0,0,0,0,0,0,0,0,0,0,0,0,0,0,0,0,0,0,0,0
5.465096950531006,0,0.0,0.0,0.0,0.0,0.0,0.0,0.0,0.0,0.03,0,0,0,0,0,0,0,0,0,0,0,0,0,0,0,0,0,0,0,0,0
5.466589450836182,0,0.0,0.0,0.0,0.0,0.0,0.0,0.0,0.0,0.03,0,0,0,0,0,0,0,0,0,0,0,0,0,0,0,0,0,0,0,0,0
5.467902660369873,0,0.0,0.0,0.0,0.0,0.0,0.0,0.0,0.0,0.03,0,0,0,0,0,0,0,0,0,0,0,0,0,0,0,0,0,0,0,0,0
5.4690515995025635,0,0.0,0.0,0.0,0.0,0.0,0.0,0.0,0.0,0.03,0,0,0,0,0,0,0,0,0,0,0,0,0,0,0,0,0,0,0,0,0
5.471230745315552,0,0.0,0.0,0.0,0.0,0.0,0.0,0.0,0.0,0.03,0,0,0,0,0,0,0,0,0,0,0,0,0,0,0,0,0,0,0,0,0
5.472406387329102,0,0.0,0.0,0.0,0.0,0.0,0.0,0.0,0.0,0.03,0,0,0,0,0,0,0,0,0,0,0,0,0,0,0,0,0,0,0,0,0
5.474764347076416,0,0.0,0.0,0.0,0.0,0.0,0.0,0.0,0.0,0.03,0,0,0,0,0,0,0,0,0,0,0,0,0,0,0,0,0,0,0,0,0
5.476256370544434,0,0.0,0.0,0.0,0.0,0.0,0.0,0.0,0.0,0.03,0,0,0,0,0,0,0,0,0,0,0,0,0,0,0,0,0,0,0,0,0
5.477556228637695,0,0.0,0.0,0.0,0.0,0.0,0.0,0.0,0.0,0.03,0,0,0,0,0,0,0,0,0,0,0,0,0,0,0,0,0,0,0,0,0
5.478787660598755,0,0.0,0.0,0.0,0.0,0.0,0.0,0.0,0.0,0.03,0,0,0,0,0,0,0,0,0,0,0,0,0,0,0,0,0,0,0,0,0
5.479938507080078,0,0.0,0.0,0.0,0.0,0.0,0.0,0.0,0.0,0.03,0,0,0,0,0,0,0,0,0,0,0,0,0,0,0,0,0,0,0,0,0
5.481104850769043,0,0.0,0.0,0.0,0.0,0.0,0.0,0.0,0.0,0.03,0,0,0,0,0,0,0,0,0,0,0,0,0,0,0,0,0,0,0,0,0
5.482195138931274,0,0.0,0.0,0.0,0.0,0.0,0.0,0.0,0.0,0.03,0,0,0,0,0,0,0,0,0,0,0,0,0,0,0,0,0,0,0,0,0
5.48499870300293,0,0.0,0.0,0.0,0.0,0.0,0.0,0.0,0.0,0.03,0,0,0,0,0,0,0,0,0,0,0,0,0,0,0,0,0,0,0,0,0
5.4863011837005615,0,0.0,0.0,0.0,0.0,0.0,0.0,0.0,0.0,0.03,0,0,0,0,0,0,0,0,0,0,0,0,0,0,0,0,0,0,0,0,0
5.488724946975708,0,0.0,0.0,0.0,0.0,0.0,0.0,0.0,0.0,0.03,0,0,0,0,0,0,0,0,0,0,0,0,0,0,0,0,0,0,0,0,0
5.490036249160767,0,0.0,0.0,0.0,0.0,0.0,0.0,0.0,0.0,0.03,0,0,0,0,0,0,0,0,0,0,0,0,0,0,0,0,0,0,0,0,0
5.492799520492554,0,0.0,0.0,0.0,0.0,0.0,0.0,0.0,0.0,0.03,0,0,0,0,0,0,0,0,0,0,0,0,0,0,0,0,0,0,0,0,0
5.494247913360596,0,0.0,0.0,0.0,0.0,0.0,0.0,0.0,0.0,0.03,0,0,0,0,0,0,0,0,0,0,0,0,0,0,0,0,0,0,0,0,0
5.495370149612427,0,0.0,0.0,0.0,0.0,0.0,0.0,0.0,0.0,0.03,0,0,0,0,0,0,0,0,0,0,0,0,0,0,0,0,0,0,0,0,0
5.496713638305664,0,0.0,0.0,0.0,0.0,0.0,0.0,0.0,0.0,0.03,0,0,0,0,0,0,0,0,0,0,0,0,0,0,0,0,0,0,0,0,0
5.49789834022522,0,0.0,0.0,0.0,0.0,0.0,0.0,0.0,0.0,0.03,0,0,0,0,0,0,0,0,0,0,0,0,0,0,0,0,0,0,0,0,0
5.499124526977539,0,0.0,0.0,0.0,0.0,0.0,0.0,0.0,0.0,0.03,0,0,0,0,0,0,0,0,0,0,0,0,0,0,0,0,0,0,0,0,0
5.500302314758301,0,0.0,0.0,0.0,0.0,0.0,0.0,0.0,0.0,0.03,0,0,0,0,0,0,0,0,0,0,0,0,0,0,0,0,0,0,0,0,0
5.501511573791504,0,0.0,0.0,0.0,0.0,0.0,0.0,0.0,0.0,0.03,0,0,0,0,0,0,0,0,0,0,0,0,0,0,0,0,0,0,0,0,0
5.502600193023682,0,0.0,0.0,0.0,0.0,0.0,0.0,0.0,0.0,0.03,0,0,0,0,0,0,0,0,0,0,0,0,0,0,0,0,0,0,0,0,0
5.504263162612915,0,0.0,0.0,0.0,0.0,0.0,0.0,0.0,0.0,0.03,0,0,0,0,0,0,0,0,0,0,0,0,0,0,0,0,0,0,0,0,0
5.506778955459595,0,0.0,0.0,0.0,0.0,0.0,0.0,0.0,0.0,0.03,0,0,0,0,0,0,0,0,0,0,0,0,0,0,0,0,0,0,0,0,0
5.5086047649383545,0,0.0,0.0,0.0,0.0,0.0,0.0,0.0,0.0,0.03,0,0,0,0,0,0,0,0,0,0,0,0,0,0,0,0,0,0,0,0,0
5.5100319385528564,0,0.0,0.0,0.0,0.0,0.0,0.0,0.0,0.0,0.03,0,0,0,0,0,0,0,0,0,0,0,0,0,0,0,0,0,0,0,0,0
5.511415243148804,0,0.0,0.0,0.0,0.0,0.0,0.0,0.0,0.0,0.03,0,0,0,0,0,0,0,0,0,0,0,0,0,0,0,0,0,0,0,0,0
5.512489080429077,0,0.0,0.0,0.0,0.0,0.0,0.0,0.0,0.0,0.03,0,0,0,0,0,0,0,0,0,0,0,0,0,0,0,0,0,0,0,0,0
5.5136284828186035,0,0.0,0.0,0.0,0.0,0.0,0.0,0.0,0.0,0.03,0,0,0,0,0,0,0,0,0,0,0,0,0,0,0,0,0,0,0,0,0
5.514831781387329,0,0.0,0.0,0.0,0.0,0.0,0.0,0.0,0.0,0.03,0,0,0,0,0,0,0,0,0,0,0,0,0,0,0,0,0,0,0,0,0
5.5159454345703125,0,0.0,0.0,0.0,0.0,0.0,0.0,0.0,0.0,0.03,0,0,0,0,0,0,0,0,0,0,0,0,0,0,0,0,0,0,0,0,0
5.518324136734009,0,0.0,0.0,0.0,0.0,0.0,0.0,0.0,0.0,0.03,0,0,0,0,0,0,0,0,0,0,0,0,0,0,0,0,0,0,0,0,0
5.519421100616455,0,0.0,0.0,0.0,0.0,0.0,0.0,0.0,0.0,0.03,0,0,0,0,0,0,0,0,0,0,0,0,0,0,0,0,0,0,0,0,0
5.5222008228302,0,0.0,0.0,0.0,0.0,0.0,0.0,0.0,0.0,0.03,0,0,0,0,0,0,0,0,0,0,0,0,0,0,0,0,0,0,0,0,0
5.523353338241577,0,0.0,0.0,0.0,0.0,0.0,0.0,0.0,0.0,0.03,0,0,0,0,0,0,0,0,0,0,0,0,0,0,0,0,0,0,0,0,0
5.525380849838257,0,0.0,0.0,0.0,0.0,0.0,0.0,0.0,0.0,0.03,0,0,0,0,0,0,0,0,0,0,0,0,0,0,0,0,0,0,0,0,0
5.526893138885498,0,0.0,0.0,0.0,0.0,0.0,0.0,0.0,0.0,0.03,0,0,0,0,0,0,0,0,0,0,0,0,0,0,0,0,0,0,0,0,0
5.528929710388184,0,0.0,0.0,0.0,0.0,0.0,0.0,0.0,0.0,0.03,0,0,0,0,0,0,0,0,0,0,0,0,0,0,0,0,0,0,0,0,0
5.5303122997283936,0,0.0,0.0,0.0,0.0,0.0,0.0,0.0,0.0,0.03,0,0,0,0,0,0,0,0,0,0,0,0,0,0,0,0,0,0,0,0,0
5.5316002368927,0,0.0,0.0,0.0,0.0,0.0,0.0,0.0,0.0,0.03,0,0,0,0,0,0,0,0,0,0,0,0,0,0,0,0,0,0,0,0,0
5.533113956451416,0,0.0,0.0,0.0,0.0,0.0,0.0,0.0,0.0,0.03,0,0,0,0,0,0,0,0,0,0,0,0,0,0,0,0,0,0,0,0,0
5.535017490386963,0,0.0,0.0,0.0,0.0,0.0,0.0,0.0,0.0,0.03,0,0,0,0,0,0,0,0,0,0,0,0,0,0,0,0,0,0,0,0,0
5.536116123199463,0,0.0,0.0,0.0,0.0,0.0,0.0,0.0,0.0,0.03,0,0,0,0,0,0,0,0,0,0,0,0,0,0,0,0,0,0,0,0,0
5.537932634353638,0,0.0,0.0,0.0,0.0,0.0,0.0,0.0,0.0,0.03,0,0,0,0,0,0,0,0,0,0,0,0,0,0,0,0,0,0,0,0,0
5.53913688659668,0,0.0,0.0,0.0,0.0,0.0,0.0,0.0,0.0,0.03,0,0,0,0,0,0,0,0,0,0,0,0,0,0,0,0,0,0,0,0,0
5.540245294570923,0,0.0,0.0,0.0,0.0,0.0,0.0,0.0,0.0,0.03,0,0,0,0,0,0,0,0,0,0,0,0,0,0,0,0,0,0,0,0,0
5.5413336753845215,0,0.0,0.0,0.0,0.0,0.0,0.0,0.0,0.0,0.03,0,0,0,0,0,0,0,0,0,0,0,0,0,0,0,0,0,0,0,0,0
5.542433023452759,0,0.0,0.0,0.0,0.0,0.0,0.0,0.0,0.0,0.03,0,0,0,0,0,0,0,0,0,0,0,0,0,0,0,0,0,0,0,0,0
5.543548345565796,0,0.0,0.0,0.0,0.0,0.0,0.0,0.0,0.0,0.03,0,0,0,0,0,0,0,0,0,0,0,0,0,0,0,0,0,0,0,0,0
5.544691324234009,0,0.0,0.0,0.0,0.0,0.0,0.0,0.0,0.0,0.03,0,0,0,0,0,0,0,0,0,0,0,0,0,0,0,0,0,0,0,0,0
5.545755386352539,0,0.0,0.0,0.0,0.0,0.0,0.0,0.0,0.0,0.03,0,0,0,0,0,0,0,0,0,0,0,0,0,0,0,0,0,0,0,0,0
5.546857833862305,0,0.0,0.0,0.0,0.0,0.0,0.0,0.0,0.0,0.03,0,0,0,0,0,0,0,0,0,0,0,0,0,0,0,0,0,0,0,0,0
5.54947829246521,0,0.0,0.0,0.0,0.0,0.0,0.0,0.0,0.0,0.03,0,0,0,0,0,0,0,0,0,0,0,0,0,0,0,0,0,0,0,0,0
5.551597833633423,0,0.0,0.0,0.0,0.0,0.0,0.0,0.0,0.0,0.03,0,0,0,0,0,0,0,0,0,0,0,0,0,0,0,0,0,0,0,0,0
5.55286717414856,0,0.0,0.0,0.0,0.0,0.0,0.0,0.0,0.0,0.03,0,0,0,0,0,0,0,0,0,0,0,0,0,0,0,0,0,0,0,0,0
5.554113149642944,0,0.0,0.0,0.0,0.0,0.0,0.0,0.0,0.0,0.03,0,0,0,0,0,0,0,0,0,0,0,0,0,0,0,0,0,0,0,0,0
5.555240631103516,0,0.0,0.0,0.0,0.0,0.0,0.0,0.0,0.0,0.03,0,0,0,0,0,0,0,0,0,0,0,0,0,0,0,0,0,0,0,0,0
5.55633020401001,0,0.0,0.0,0.0,0.0,0.0,0.0,0.0,0.0,0.03,0,0,0,0,0,0,0,0,0,0,0,0,0,0,0,0,0,0,0,0,0
5.557713747024536,0,0.0,0.0,0.0,0.0,0.0,0.0,0.0,0.0,0.03,0,0,0,0,0,0,0,0,0,0,0,0,0,0,0,0,0,0,0,0,0
5.5588624477386475,0,0.0,0.0,0.0,0.0,0.0,0.0,0.0,0.0,0.03,0,0,0,0,0,0,0,0,0,0,0,0,0,0,0,0,0,0,0,0,0
5.560272455215454,0,0.0,0.0,0.0,0.0,0.0,0.0,0.0,0.0,0.03,0,0,0,0,0,0,0,0,0,0,0,0,0,0,0,0,0,0,0,0,0
5.561367034912109,0,0.0,0.0,0.0,0.0,0.0,0.0,0.0,0.0,0.03,0,0,0,0,0,0,0,0,0,0,0,0,0,0,0,0,0,0,0,0,0
5.562622785568237,0,0.0,0.0,0.0,0.0,0.0,0.0,0.0,0.0,0.03,0,0,0,0,0,0,0,0,0,0,0,0,0,0,0,0,0,0,0,0,0
5.563751459121704,0,0.0,0.0,0.0,0.0,0.0,0.0,0.0,0.0,0.03,0,0,0,0,0,0,0,0,0,0,0,0,0,0,0,0,0,0,0,0,0
5.564888954162598,0,0.0,0.0,0.0,0.0,0.0,0.0,0.0,0.0,0.03,0,0,0,0,0,0,0,0,0,0,0,0,0,0,0,0,0,0,0,0,0
5.56597638130188,0,0.0,0.0,0.0,0.0,0.0,0.0,0.0,0.0,0.03,0,0,0,0,0,0,0,0,0,0,0,0,0,0,0,0,0,0,0,0,0
5.567769289016724,0,0.0,0.0,0.0,0.0,0.0,0.0,0.0,0.0,0.03,0,0,0,0,0,0,0,0,0,0,0,0,0,0,0,0,0,0,0,0,0
5.568975925445557,0,0.0,0.0,0.0,0.0,0.0,0.0,0.0,0.0,0.03,0,0,0,0,0,0,0,0,0,0,0,0,0,0,0,0,0,0,0,0,0
5.5713019371032715,0,0.0,0.0,0.0,0.0,0.0,0.0,0.0,0.0,0.03,0,0,0,0,0,0,0,0,0,0,0,0,0,0,0,0,0,0,0,0,0
5.572499990463257,0,0.0,0.0,0.0,0.0,0.0,0.0,0.0,0.0,0.03,0,0,0,0,0,0,0,0,0,0,0,0,0,0,0,0,0,0,0,0,0
5.573801040649414,0,0.0,0.0,0.0,0.0,0.0,0.0,0.0,0.0,0.03,0,0,0,0,0,0,0,0,0,0,0,0,0,0,0,0,0,0,0,0,0
5.575655460357666,0,0.0,0.0,0.0,0.0,0.0,0.0,0.0,0.0,0.03,0,0,0,0,0,0,0,0,0,0,0,0,0,0,0,0,0,0,0,0,0
5.576931953430176,0,0.0,0.0,0.0,0.0,0.0,0.0,0.0,0.0,0.03,0,0,0,0,0,0,0,0,0,0,0,0,0,0,0,0,0,0,0,0,0
5.57806396484375,0,0.0,0.0,0.0,0.0,0.0,0.0,0.0,0.0,0.03,0,0,0,0,0,0,0,0,0,0,0,0,0,0,0,0,0,0,0,0,0
5.57932186126709,0,0.0,0.0,0.0,0.0,0.0,0.0,0.0,0.0,0.03,0,0,0,0,0,0,0,0,0,0,0,0,0,0,0,0,0,0,0,0,0
5.580695152282715,0,0.0,0.0,0.0,0.0,0.0,0.0,0.0,0.0,0.03,0,0,0,0,0,0,0,0,0,0,0,0,0,0,0,0,0,0,0,0,0
5.581766605377197,0,0.0,0.0,0.0,0.0,0.0,0.0,0.0,0.0,0.03,0,0,0,0,0,0,0,0,0,0,0,0,0,0,0,0,0,0,0,0,0
5.584453582763672,0,0.0,0.0,0.0,0.0,0.0,0.0,0.0,0.0,0.03,0,0,0,0,0,0,0,0,0,0,0,0,0,0,0,0,0,0,0,0,0
5.585686445236206,0,0.0,0.0,0.0,0.0,0.0,0.0,0.0,0.0,0.03,0,0,0,0,0,0,0,0,0,0,0,0,0,0,0,0,0,0,0,0,0
5.587723731994629,0,0.0,0.0,0.0,0.0,0.0,0.0,0.0,0.0,0.03,0,0,0,0,0,0,0,0,0,0,0,0,0,0,0,0,0,0,0,0,0
5.588791608810425,0,0.0,0.0,0.0,0.0,0.0,0.0,0.0,0.0,0.03,0,0,0,0,0,0,0,0,0,0,0,0,0,0,0,0,0,0,0,0,0
5.5900185108184814,0,0.0,0.0,0.0,0.0,0.0,0.0,0.0,0.0,0.03,0,0,0,0,0,0,0,0,0,0,0,0,0,0,0,0,0,0,0,0,0
5.592069387435913,0,0.0,0.0,0.0,0.0,0.0,0.0,0.0,0.0,0.03,0,0,0,0,0,0,0,0,0,0,0,0,0,0,0,0,0,0,0,0,0
5.5931713581085205,0,0.0,0.0,0.0,0.0,0.0,0.0,0.0,0.0,0.03,0,0,0,0,0,0,0,0,0,0,0,0,0,0,0,0,0,0,0,0,0
5.594516277313232,0,0.0,0.0,0.0,0.0,0.0,0.0,0.0,0.0,0.03,0,0,0,0,0,0,0,0,0,0,0,0,0,0,0,0,0,0,0,0,0
5.595970153808594,0,0.0,0.0,0.0,0.0,0.0,0.0,0.0,0.0,0.03,0,0,0,0,0,0,0,0,0,0,0,0,0,0,0,0,0,0,0,0,0
5.59765625,0,0.0,0.0,0.0,0.0,0.0,0.0,0.0,0.0,0.03,0,0,0,0,0,0,0,0,0,0,0,0,0,0,0,0,0,0,0,0,0
5.598790407180786,0,0.0,0.0,0.0,0.0,0.0,0.0,0.0,0.0,0.03,0,0,0,0,0,0,0,0,0,0,0,0,0,0,0,0,0,0,0,0,0
5.5998804569244385,0,0.0,0.0,0.0,0.0,0.0,0.0,0.0,0.0,0.03,0,0,0,0,0,0,0,0,0,0,0,0,0,0,0,0,0,0,0,0,0
5.601131439208984,0,0.0,0.0,0.0,0.0,0.0,0.0,0.0,0.0,0.03,0,0,0,0,0,0,0,0,0,0,0,0,0,0,0,0,0,0,0,0,0
5.602234840393066,0,0.0,0.0,0.0,0.0,0.0,0.0,0.0,0.0,0.03,0,0,0,0,0,0,0,0,0,0,0,0,0,0,0,0,0,0,0,0,0
5.60332465171814,0,0.0,0.0,0.0,0.0,0.0,0.0,0.0,0.0,0.03,0,0,0,0,0,0,0,0,0,0,0,0,0,0,0,0,0,0,0,0,0
5.604430675506592,0,0.0,0.0,0.0,0.0,0.0,0.0,0.0,0.0,0.03,0,0,0,0,0,0,0,0,0,0,0,0,0,0,0,0,0,0,0,0,0
5.605496406555176,0,0.0,0.0,0.0,0.0,0.0,0.0,0.0,0.0,0.03,0,0,0,0,0,0,0,0,0,0,0,0,0,0,0,0,0,0,0,0,0
5.606691360473633,0,0.0,0.0,0.0,0.0,0.0,0.0,0.0,0.0,0.03,0,0,0,0,0,0,0,0,0,0,0,0,0,0,0,0,0,0,0,0,0
5.607754230499268,0,0.0,0.0,0.0,0.0,0.0,0.0,0.0,0.0,0.03,0,0,0,0,0,0,0,0,0,0,0,0,0,0,0,0,0,0,0,0,0
5.608937978744507,0,0.0,0.0,0.0,0.0,0.0,0.0,0.0,0.0,0.03,0,0,0,0,0,0,0,0,0,0,0,0,0,0,0,0,0,0,0,0,0
5.611403226852417,0,0.0,0.0,0.0,0.0,0.0,0.0,0.0,0.0,0.03,0,0,0,0,0,0,0,0,0,0,0,0,0,0,0,0,0,0,0,0,0
5.61298942565918,0,0.0,0.0,0.0,0.0,0.0,0.0,0.0,0.0,0.03,0,0,0,0,0,0,0,0,0,0,0,0,0,0,0,0,0,0,0,0,0
5.61450982093811,0,0.0,0.0,0.0,0.0,0.0,0.0,0.0,0.0,0.03,0,0,0,0,0,0,0,0,0,0,0,0,0,0,0,0,0,0,0,0,0
5.615702867507935,0,0.0,0.0,0.0,0.0,0.0,0.0,0.0,0.0,0.03,0,0,0,0,0,0,0,0,0,0,0,0,0,0,0,0,0,0,0,0,0
5.6168293952941895,0,0.0,0.0,0.0,0.0,0.0,0.0,0.0,0.0,0.03,0,0,0,0,0,0,0,0,0,0,0,0,0,0,0,0,0,0,0,0,0
5.618061542510986,0,0.0,0.0,0.0,0.0,0.0,0.0,0.0,0.0,0.03,0,0,0,0,0,0,0,0,0,0,0,0,0,0,0,0,0,0,0,0,0
5.6192991733551025,0,0.0,0.0,0.0,0.0,0.0,0.0,0.0,0.0,0.03,0,0,0,0,0,0,0,0,0,0,0,0,0,0,0,0,0,0,0,0,0
5.620408535003662,0,0.0,0.0,0.0,0.0,0.0,0.0,0.0,0.0,0.03,0,0,0,0,0,0,0,0,0,0,0,0,0,0,0,0,0,0,0,0,0
5.621508836746216,0,0.0,0.0,0.0,0.0,0.0,0.0,0.0,0.0,0.03,0,0,0,0,0,0,0,0,0,0,0,0,0,0,0,0,0,0,0,0,0
5.622578382492065,0,0.0,0.0,0.0,0.0,0.0,0.0,0.0,0.0,0.03,0,0,0,0,0,0,0,0,0,0,0,0,0,0,0,0,0,0,0,0,0
5.623800754547119,0,0.0,0.0,0.0,0.0,0.0,0.0,0.0,0.0,0.03,0,0,0,0,0,0,0,0,0,0,0,0,0,0,0,0,0,0,0,0,0
5.6248779296875,0,0.0,0.0,0.0,0.0,0.0,0.0,0.0,0.0,0.03,0,0,0,0,0,0,0,0,0,0,0,0,0,0,0,0,0,0,0,0,0
5.626075029373169,0,0.0,0.0,0.0,0.0,0.0,0.0,0.0,0.0,0.03,0,0,0,0,0,0,0,0,0,0,0,0,0,0,0,0,0,0,0,0,0
5.627556562423706,0,0.0,0.0,0.0,0.0,0.0,0.0,0.0,0.0,0.03,0,0,0,0,0,0,0,0,0,0,0,0,0,0,0,0,0,0,0,0,0
5.62868857383728,0,0.0,0.0,0.0,0.0,0.0,0.0,0.0,0.0,0.03,0,0,0,0,0,0,0,0,0,0,0,0,0,0,0,0,0,0,0,0,0
5.630893230438232,0,0.0,0.0,0.0,0.0,0.0,0.0,0.0,0.0,0.03,0,0,0,0,0,0,0,0,0,0,0,0,0,0,0,0,0,0,0,0,0
5.632442951202393,0,0.0,0.0,0.0,0.0,0.0,0.0,0.0,0.0,0.03,0,0,0,0,0,0,0,0,0,0,0,0,0,0,0,0,0,0,0,0,0
5.633787155151367,0,0.0,0.0,0.0,0.0,0.0,0.0,0.0,0.0,0.03,0,0,0,0,0,0,0,0,0,0,0,0,0,0,0,0,0,0,0,0,0
5.635029554367065,0,0.0,0.0,0.0,0.0,0.0,0.0,0.0,0.0,0.03,0,0,0,0,0,0,0,0,0,0,0,0,0,0,0,0,0,0,0,0,0
5.636301517486572,0,0.0,0.0,0.0,0.0,0.0,0.0,0.0,0.0,0.03,0,0,0,0,0,0,0,0,0,0,0,0,0,0,0,0,0,0,0,0,0
5.638226270675659,0,0.0,0.0,0.0,0.0,0.0,0.0,0.0,0.0,0.03,0,0,0,0,0,0,0,0,0,0,0,0,0,0,0,0,0,0,0,0,0
5.639407157897949,0,0.0,0.0,0.0,0.0,0.0,0.0,0.0,0.0,0.03,0,0,0,0,0,0,0,0,0,0,0,0,0,0,0,0,0,0,0,0,0
5.641188144683838,0,0.0,0.0,0.0,0.0,0.0,0.0,0.0,0.0,0.03,0,0,0,0,0,0,0,0,0,0,0,0,0,0,0,0,0,0,0,0,0
5.642249584197998,0,0.0,0.0,0.0,0.0,0.0,0.0,0.0,0.0,0.03,0,0,0,0,0,0,0,0,0,0,0,0,0,0,0,0,0,0,0,0,0
5.643337726593018,0,0.0,0.0,0.0,0.0,0.0,0.0,0.0,0.0,0.03,0,0,0,0,0,0,0,0,0,0,0,0,0,0,0,0,0,0,0,0,0
5.646281480789185,0,0.0,0.0,0.0,0.0,0.0,0.0,0.0,0.0,0.03,0,0,0,0,0,0,0,0,0,0,0,0,0,0,0,0,0,0,0,0,0
5.647372245788574,0,0.0,0.0,0.0,0.0,0.0,0.0,0.0,0.0,0.03,0,0,0,0,0,0,0,0,0,0,0,0,0,0,0,0,0,0,0,0,0
5.648658514022827,0,0.0,0.0,0.0,0.0,0.0,0.0,0.0,0.0,0.03,0,0,0,0,0,0,0,0,0,0,0,0,0,0,0,0,0,0,0,0,0
5.650181293487549,0,0.0,0.0,0.0,0.0,0.0,0.0,0.0,0.0,0.03,0,0,0,0,0,0,0,0,0,0,0,0,0,0,0,0,0,0,0,0,0
5.652179002761841,0,0.0,0.0,0.0,0.0,0.0,0.0,0.0,0.0,0.03,0,0,0,0,0,0,0,0,0,0,0,0,0,0,0,0,0,0,0,0,0
5.653586149215698,0,0.0,0.0,0.0,0.0,0.0,0.0,0.0,0.0,0.03,0,0,0,0,0,0,0,0,0,0,0,0,0,0,0,0,0,0,0,0,0
5.655022859573364,0,0.0,0.0,0.0,0.0,0.0,0.0,0.0,0.0,0.03,0,0,0,0,0,0,0,0,0,0,0,0,0,0,0,0,0,0,0,0,0
5.657576560974121,0,0.0,0.0,0.0,0.0,0.0,0.0,0.0,0.0,0.03,0,0,0,0,0,0,0,0,0,0,0,0,0,0,0,0,0,0,0,0,0
5.659605503082275,0,0.0,0.0,0.0,0.0,0.0,0.0,0.0,0.0,0.03,0,0,0,0,0,0,0,0,0,0,0,0,0,0,0,0,0,0,0,0,0
5.660742521286011,0,0.0,0.0,0.0,0.0,0.0,0.0,0.0,0.0,0.03,0,0,0,0,0,0,0,0,0,0,0,0,0,0,0,0,0,0,0,0,0
5.6621785163879395,0,0.0,0.0,0.0,0.0,0.0,0.0,0.0,0.0,0.03,0,0,0,0,0,0,0,0,0,0,0,0,0,0,0,0,0,0,0,0,0
5.663354158401489,0,0.0,0.0,0.0,0.0,0.0,0.0,0.0,0.0,0.03,0,0,0,0,0,0,0,0,0,0,0,0,0,0,0,0,0,0,0,0,0
5.6645543575286865,0,0.0,0.0,0.0,0.0,0.0,0.0,0.0,0.0,0.03,0,0,0,0,0,0,0,0,0,0,0,0,0,0,0,0,0,0,0,0,0
5.665909051895142,0,0.0,0.0,0.0,0.0,0.0,0.0,0.0,0.0,0.03,0,0,0,0,0,0,0,0,0,0,0,0,0,0,0,0,0,0,0,0,0
5.6670942306518555,0,0.0,0.0,0.0,0.0,0.0,0.0,0.0,0.0,0.03,0,0,0,0,0,0,0,0,0,0,0,0,0,0,0,0,0,0,0,0,0
5.668187618255615,0,0.0,0.0,0.0,0.0,0.0,0.0,0.0,0.0,0.03,0,0,0,0,0,0,0,0,0,0,0,0,0,0,0,0,0,0,0,0,0
5.669309139251709,0,0.0,0.0,0.0,0.0,0.0,0.0,0.0,0.0,0.03,0,0,0,0,0,0,0,0,0,0,0,0,0,0,0,0,0,0,0,0,0
5.670373439788818,0,0.0,0.0,0.0,0.0,0.0,0.0,0.0,0.0,0.03,0,0,0,0,0,0,0,0,0,0,0,0,0,0,0,0,0,0,0,0,0
5.671592712402344,0,0.0,0.0,0.0,0.0,0.0,0.0,0.0,0.0,0.03,0,0,0,0,0,0,0,0,0,0,0,0,0,0,0,0,0,0,0,0,0
5.673082590103149,0,0.0,0.0,0.0,0.0,0.0,0.0,0.0,0.0,0.03,0,0,0,0,0,0,0,0,0,0,0,0,0,0,0,0,0,0,0,0,0
5.6756017208099365,0,0.0,0.0,0.0,0.0,0.0,0.0,0.0,0.0,0.03,0,0,0,0,0,0,0,0,0,0,0,0,0,0,0,0,0,0,0,0,0
5.677161693572998,0,0.0,0.0,0.0,0.0,0.0,0.0,0.0,0.0,0.03,0,0,0,0,0,0,0,0,0,0,0,0,0,0,0,0,0,0,0,0,0
5.67861533164978,0,0.0,0.0,0.0,0.0,0.0,0.0,0.0,0.0,0.03,0,0,0,0,0,0,0,0,0,0,0,0,0,0,0,0,0,0,0,0,0
5.680893659591675,0,0.0,0.0,0.0,0.0,0.0,0.0,0.0,0.0,0.03,0,0,0,0,0,0,0,0,0,0,0,0,0,0,0,0,0,0,0,0,0
5.68248176574707,0,0.0,0.0,0.0,0.0,0.0,0.0,0.0,0.0,0.03,0,0,0,0,0,0,0,0,0,0,0,0,0,0,0,0,0,0,0,0,0
5.683573961257935,0,0.0,0.0,0.0,0.0,0.0,0.0,0.0,0.0,0.03,0,0,0,0,0,0,0,0,0,0,0,0,0,0,0,0,0,0,0,0,0
5.685086727142334,0,0.0,0.0,0.0,0.0,0.0,0.0,0.0,0.0,0.03,0,0,0,0,0,0,0,0,0,0,0,0,0,0,0,0,0,0,0,0,0
5.686742305755615,0,0.0,0.0,0.0,0.0,0.0,0.0,0.0,0.0,0.03,0,0,0,0,0,0,0,0,0,0,0,0,0,0,0,0,0,0,0,0,0
5.688061952590942,0,0.0,0.0,0.0,0.0,0.0,0.0,0.0,0.0,0.03,0,0,0,0,0,0,0,0,0,0,0,0,0,0,0,0,0,0,0,0,0
5.6892805099487305,0,0.0,0.0,0.0,0.0,0.0,0.0,0.0,0.0,0.03,0,0,0,0,0,0,0,0,0,0,0,0,0,0,0,0,0,0,0,0,0
5.690516233444214,0,0.0,0.0,0.0,0.0,0.0,0.0,0.0,0.0,0.03,0,0,0,0,0,0,0,0,0,0,0,0,0,0,0,0,0,0,0,0,0
5.69158673286438,0,0.0,0.0,0.0,0.0,0.0,0.0,0.0,0.0,0.03,0,0,0,0,0,0,0,0,0,0,0,0,0,0,0,0,0,0,0,0,0
5.692897081375122,0,0.0,0.0,0.0,0.0,0.0,0.0,0.0,0.0,0.03,0,0,0,0,0,0,0,0,0,0,0,0,0,0,0,0,0,0,0,0,0
5.694276332855225,0,0.0,0.0,0.0,0.0,0.0,0.0,0.0,0.0,0.03,0,0,0,0,0,0,0,0,0,0,0,0,0,0,0,0,0,0,0,0,0
5.69642448425293,0,0.0,0.0,0.0,0.0,0.0,0.0,0.0,0.0,0.03,0,0,0,0,0,0,0,0,0,0,0,0,0,0,0,0,0,0,0,0,0
5.698233604431152,0,0.0,0.0,0.0,0.0,0.0,0.0,0.0,0.0,0.03,0,0,0,0,0,0,0,0,0,0,0,0,0,0,0,0,0,0,0,0,0
5.699338674545288,0,0.0,0.0,0.0,0.0,0.0,0.0,0.0,0.0,0.03,0,0,0,0,0,0,0,0,0,0,0,0,0,0,0,0,0,0,0,0,0
5.701975107192993,0,0.0,0.0,0.0,0.0,0.0,0.0,0.0,0.0,0.03,0,0,0,0,0,0,0,0,0,0,0,0,0,0,0,0,0,0,0,0,0
5.703154802322388,0,0.0,0.0,0.0,0.0,0.0,0.0,0.0,0.0,0.03,0,0,0,0,0,0,0,0,0,0,0,0,0,0,0,0,0,0,0,0,0
5.704281568527222,0,0.0,0.0,0.0,0.0,0.0,0.0,0.0,0.0,0.03,0,0,0,0,0,0,0,0,0,0,0,0,0,0,0,0,0,0,0,0,0
5.706387281417847,0,0.0,0.0,0.0,0.0,0.0,0.0,0.0,0.0,0.03,0,0,0,0,0,0,0,0,0,0,0,0,0,0,0,0,0,0,0,0,0
5.707867383956909,0,0.0,0.0,0.0,0.0,0.0,0.0,0.0,0.0,0.03,0,0,0,0,0,0,0,0,0,0,0,0,0,0,0,0,0,0,0,0,0
5.711053848266602,0,0.0,0.0,0.0,0.0,0.0,0.0,0.0,0.0,0.03,0,0,0,0,0,0,0,0,0,0,0,0,0,0,0,0,0,0,0,0,0
5.712181806564331,0,0.0,0.0,0.0,0.0,0.0,0.0,0.0,0.0,0.03,0,0,0,0,0,0,0,0,0,0,0,0,0,0,0,0,0,0,0,0,0
5.715002059936523,0,0.0,0.0,0.0,0.0,0.0,0.0,0.0,0.0,0.03,0,0,0,0,0,0,0,0,0,0,0,0,0,0,0,0,0,0,0,0,0
5.717360734939575,0,0.0,0.0,0.0,0.0,0.0,0.0,0.0,0.0,0.03,0,0,0,0,0,0,0,0,0,0,0,0,0,0,0,0,0,0,0,0,0
5.718503952026367,0,0.0,0.0,0.0,0.0,0.0,0.0,0.0,0.0,0.03,0,0,0,0,0,0,0,0,0,0,0,0,0,0,0,0,0,0,0,0,0
5.719873905181885,0,0.0,0.0,0.0,0.0,0.0,0.0,0.0,0.0,0.03,0,0,0,0,0,0,0,0,0,0,0,0,0,0,0,0,0,0,0,0,0
5.72124457359314,0,0.0,0.0,0.0,0.0,0.0,0.0,0.0,0.0,0.03,0,0,0,0,0,0,0,0,0,0,0,0,0,0,0,0,0,0,0,0,0
5.72352933883667,0,0.0,0.0,0.0,0.0,0.0,0.0,0.0,0.0,0.03,0,0,0,0,0,0,0,0,0,0,0,0,0,0,0,0,0,0,0,0,0
5.724615097045898,0,0.0,0.0,0.0,0.0,0.0,0.0,0.0,0.0,0.03,0,0,0,0,0,0,0,0,0,0,0,0,0,0,0,0,0,0,0,0,0
5.725787162780762,0,0.0,0.0,0.0,0.0,0.0,0.0,0.0,0.0,0.03,0,0,0,0,0,0,0,0,0,0,0,0,0,0,0,0,0,0,0,0,0
5.727132797241211,0,0.0,0.0,0.0,0.0,0.0,0.0,0.0,0.0,0.03,0,0,0,0,0,0,0,0,0,0,0,0,0,0,0,0,0,0,0,0,0
5.728811740875244,0,0.0,0.0,0.0,0.0,0.0,0.0,0.0,0.0,0.03,0,0,0,0,0,0,0,0,0,0,0,0,0,0,0,0,0,0,0,0,0
5.729899883270264,0,0.0,0.0,0.0,0.0,0.0,0.0,0.0,0.0,0.03,0,0,0,0,0,0,0,0,0,0,0,0,0,0,0,0,0,0,0,0,0
5.731141805648804,0,0.0,0.0,0.0,0.0,0.0,0.0,0.0,0.0,0.03,0,0,0,0,0,0,0,0,0,0,0,0,0,0,0,0,0,0,0,0,0
5.732236623764038,0,0.0,0.0,0.0,0.0,0.0,0.0,0.0,0.0,0.03,0,0,0,0,0,0,0,0,0,0,0,0,0,0,0,0,0,0,0,0,0
5.733614683151245,0,0.0,0.0,0.0,0.0,0.0,0.0,0.0,0.0,0.03,0,0,0,0,0,0,0,0,0,0,0,0,0,0,0,0,0,0,0,0,0
5.734997987747192,0,0.0,0.0,0.0,0.0,0.0,0.0,0.0,0.0,0.03,0,0,0,0,0,0,0,0,0,0,0,0,0,0,0,0,0,0,0,0,0
5.736107349395752,0,0.0,0.0,0.0,0.0,0.0,0.0,0.0,0.0,0.03,0,0,0,0,0,0,0,0,0,0,0,0,0,0,0,0,0,0,0,0,0
5.737735748291016,0,0.0,0.0,0.0,0.0,0.0,0.0,0.0,0.0,0.03,0,0,0,0,0,0,0,0,0,0,0,0,0,0,0,0,0,0,0,0,0
5.739340305328369,0,0.0,0.0,0.0,0.0,0.0,0.0,0.0,0.0,0.03,0,0,0,0,0,0,0,0,0,0,0,0,0,0,0,0,0,0,0,0,0
5.740415334701538,0,0.0,0.0,0.0,0.0,0.0,0.0,0.0,0.0,0.03,0,0,0,0,0,0,0,0,0,0,0,0,0,0,0,0,0,0,0,0,0
5.7418529987335205,0,0.0,0.0,0.0,0.0,0.0,0.0,0.0,0.0,0.03,0,0,0,0,0,0,0,0,0,0,0,0,0,0,0,0,0,0,0,0,0
5.743104457855225,0,0.0,0.0,0.0,0.0,0.0,0.0,0.0,0.0,0.03,0,0,0,0,0,0,0,0,0,0,0,0,0,0,0,0,0,0,0,0,0
5.7446794509887695,0,0.0,0.0,0.0,0.0,0.0,0.0,0.0,0.0,0.03,0,0,0,0,0,0,0,0,0,0,0,0,0,0,0,0,0,0,0,0,0
5.745849370956421,0,0.0,0.0,0.0,0.0,0.0,0.0,0.0,0.0,0.03,0,0,0,0,0,0,0,0,0,0,0,0,0,0,0,0,0,0,0,0,0
5.747128248214722,0,0.0,0.0,0.0,0.0,0.0,0.0,0.0,0.0,0.03,0,0,0,0,0,0,0,0,0,0,0,0,0,0,0,0,0,0,0,0,0
5.748223781585693,0,0.0,0.0,0.0,0.0,0.0,0.0,0.0,0.0,0.03,0,0,0,0,0,0,0,0,0,0,0,0,0,0,0,0,0,0,0,0,0
5.7501609325408936,0,0.0,0.0,0.0,0.0,0.0,0.0,0.0,0.0,0.03,0,0,0,0,0,0,0,0,0,0,0,0,0,0,0,0,0,0,0,0,0
5.751354694366455,0,0.0,0.0,0.0,0.0,0.0,0.0,0.0,0.0,0.03,0,0,0,0,0,0,0,0,0,0,0,0,0,0,0,0,0,0,0,0,0
5.752488851547241,0,0.0,0.0,0.0,0.0,0.0,0.0,0.0,0.0,0.03,0,0,0,0,0,0,0,0,0,0,0,0,0,0,0,0,0,0,0,0,0
5.753592252731323,0,0.0,0.0,0.0,0.0,0.0,0.0,0.0,0.0,0.03,0,0,0,0,0,0,0,0,0,0,0,0,0,0,0,0,0,0,0,0,0
5.754944324493408,0,0.0,0.0,0.0,0.0,0.0,0.0,0.0,0.0,0.03,0,0,0,0,0,0,0,0,0,0,0,0,0,0,0,0,0,0,0,0,0
5.756043434143066,0,0.0,0.0,0.0,0.0,0.0,0.0,0.0,0.0,0.03,0,0,0,0,0,0,0,0,0,0,0,0,0,0,0,0,0,0,0,0,0
5.757151126861572,0,0.0,0.0,0.0,0.0,0.0,0.0,0.0,0.0,0.03,0,0,0,0,0,0,0,0,0,0,0,0,0,0,0,0,0,0,0,0,0
5.758981227874756,0,0.0,0.0,0.0,0.0,0.0,0.0,0.0,0.0,0.03,0,0,0,0,0,0,0,0,0,0,0,0,0,0,0,0,0,0,0,0,0
5.760824918746948,0,0.0,0.0,0.0,0.0,0.0,0.0,0.0,0.0,0.03,0,0,0,0,0,0,0,0,0,0,0,0,0,0,0,0,0,0,0,0,0
5.762082099914551,0,0.0,0.0,0.0,0.0,0.0,0.0,0.0,0.0,0.03,0,0,0,0,0,0,0,0,0,0,0,0,0,0,0,0,0,0,0,0,0
5.76340913772583,0,0.0,0.0,0.0,0.0,0.0,0.0,0.0,0.0,0.03,0,0,0,0,0,0,0,0,0,0,0,0,0,0,0,0,0,0,0,0,0
5.764742374420166,0,0.0,0.0,0.0,0.0,0.0,0.0,0.0,0.0,0.03,0,0,0,0,0,0,0,0,0,0,0,0,0,0,0,0,0,0,0,0,0
5.766342401504517,0,0.0,0.0,0.0,0.0,0.0,0.0,0.0,0.0,0.03,0,0,0,0,0,0,0,0,0,0,0,0,0,0,0,0,0,0,0,0,0
5.767694711685181,0,0.0,0.0,0.0,0.0,0.0,0.0,0.0,0.0,0.03,0,0,0,0,0,0,0,0,0,0,0,0,0,0,0,0,0,0,0,0,0
5.769618034362793,0,0.0,0.0,0.0,0.0,0.0,0.0,0.0,0.0,0.03,0,0,0,0,0,0,0,0,0,0,0,0,0,0,0,0,0,0,0,0,0
5.770909547805786,0,0.0,0.0,0.0,0.0,0.0,0.0,0.0,0.0,0.03,0,0,0,0,0,0,0,0,0,0,0,0,0,0,0,0,0,0,0,0,0
5.774226903915405,0,0.0,0.0,0.0,0.0,0.0,0.0,0.0,0.0,0.03,0,0,0,0,0,0,0,0,0,0,0,0,0,0,0,0,0,0,0,0,0
5.775479793548584,0,0.0,0.0,0.0,0.0,0.0,0.0,0.0,0.0,0.03,0,0,0,0,0,0,0,0,0,0,0,0,0,0,0,0,0,0,0,0,0
5.7785210609436035,0,0.0,0.0,0.0,0.0,0.0,0.0,0.0,0.0,0.03,0,0,0,0,0,0,0,0,0,0,0,0,0,0,0,0,0,0,0,0,0
5.780335903167725,0,0.0,0.0,0.0,0.0,0.0,0.0,0.0,0.0,0.03,0,0,0,0,0,0,0,0,0,0,0,0,0,0,0,0,0,0,0,0,0
5.781708240509033,0,0.0,0.0,0.0,0.0,0.0,0.0,0.0,0.0,0.03,0,0,0,0,0,0,0,0,0,0,0,0,0,0,0,0,0,0,0,0,0
5.782830238342285,0,0.0,0.0,0.0,0.0,0.0,0.0,0.0,0.0,0.03,0,0,0,0,0,0,0,0,0,0,0,0,0,0,0,0,0,0,0,0,0
5.784144639968872,0,0.0,0.0,0.0,0.0,0.0,0.0,0.0,0.0,0.03,0,0,0,0,0,0,0,0,0,0,0,0,0,0,0,0,0,0,0,0,0
5.786125898361206,0,0.0,0.0,0.0,0.0,0.0,0.0,0.0,0.0,0.03,0,0,0,0,0,0,0,0,0,0,0,0,0,0,0,0,0,0,0,0,0
5.788214206695557,0,0.0,0.0,0.0,0.0,0.0,0.0,0.0,0.0,0.03,0,0,0,0,0,0,0,0,0,0,0,0,0,0,0,0,0,0,0,0,0
5.789524078369141,0,0.0,0.0,0.0,0.0,0.0,0.0,0.0,0.0,0.03,0,0,0,0,0,0,0,0,0,0,0,0,0,0,0,0,0,0,0,0,0
5.790671348571777,0,0.0,0.0,0.0,0.0,0.0,0.0,0.0,0.0,0.03,0,0,0,0,0,0,0,0,0,0,0,0,0,0,0,0,0,0,0,0,0
5.7917320728302,0,0.0,0.0,0.0,0.0,0.0,0.0,0.0,0.0,0.03,0,0,0,0,0,0,0,0,0,0,0,0,0,0,0,0,0,0,0,0,0
5.792949199676514,0,0.0,0.0,0.0,0.0,0.0,0.0,0.0,0.0,0.03,0,0,0,0,0,0,0,0,0,0,0,0,0,0,0,0,0,0,0,0,0
5.794060945510864,0,0.0,0.0,0.0,0.0,0.0,0.0,0.0,0.0,0.03,0,0,0,0,0,0,0,0,0,0,0,0,0,0,0,0,0,0,0,0,0
5.795153379440308,0,0.0,0.0,0.0,0.0,0.0,0.0,0.0,0.0,0.03,0,0,0,0,0,0,0,0,0,0,0,0,0,0,0,0,0,0,0,0,0
5.796250343322754,0,0.0,0.0,0.0,0.0,0.0,0.0,0.0,0.0,0.03,0,0,0,0,0,0,0,0,0,0,0,0,0,0,0,0,0,0,0,0,0
5.797623634338379,0,0.0,0.0,0.0,0.0,0.0,0.0,0.0,0.0,0.03,0,0,0,0,0,0,0,0,0,0,0,0,0,0,0,0,0,0,0,0,0
5.798710346221924,0,0.0,0.0,0.0,0.0,0.0,0.0,0.0,0.0,0.03,0,0,0,0,0,0,0,0,0,0,0,0,0,0,0,0,0,0,0,0,0
5.799853086471558,0,0.0,0.0,0.0,0.0,0.0,0.0,0.0,0.0,0.03,0,0,0,0,0,0,0,0,0,0,0,0,0,0,0,0,0,0,0,0,0
5.80134129524231,0,0.0,0.0,0.0,0.0,0.0,0.0,0.0,0.0,0.03,0,0,0,0,0,0,0,0,0,0,0,0,0,0,0,0,0,0,0,0,0
5.803689002990723,0,0.0,0.0,0.0,0.0,0.0,0.0,0.0,0.0,0.03,0,0,0,0,0,0,0,0,0,0,0,0,0,0,0,0,0,0,0,0,0
5.80479621887207,0,0.0,0.0,0.0,0.0,0.0,0.0,0.0,0.0,0.03,0,0,0,0,0,0,0,0,0,0,0,0,0,0,0,0,0,0,0,0,0
5.806060791015625,0,0.0,0.0,0.0,0.0,0.0,0.0,0.0,0.0,0.03,0,0,0,0,0,0,0,0,0,0,0,0,0,0,0,0,0,0,0,0,0
5.807331800460815,0,0.0,0.0,0.0,0.0,0.0,0.0,0.0,0.0,0.03,0,0,0,0,0,0,0,0,0,0,0,0,0,0,0,0,0,0,0,0,0
5.808562994003296,0,0.0,0.0,0.0,0.0,0.0,0.0,0.0,0.0,0.03,0,0,0,0,0,0,0,0,0,0,0,0,0,0,0,0,0,0,0,0,0
5.809783220291138,0,0.0,0.0,0.0,0.0,0.0,0.0,0.0,0.0,0.03,0,0,0,0,0,0,0,0,0,0,0,0,0,0,0,0,0,0,0,0,0
5.811128616333008,0,0.0,0.0,0.0,0.0,0.0,0.0,0.0,0.0,0.03,0,0,0,0,0,0,0,0,0,0,0,0,0,0,0,0,0,0,0,0,0
5.812221050262451,0,0.0,0.0,0.0,0.0,0.0,0.0,0.0,0.0,0.03,0,0,0,0,0,0,0,0,0,0,0,0,0,0,0,0,0,0,0,0,0
5.8139142990112305,0,0.0,0.0,0.0,0.0,0.0,0.0,0.0,0.0,0.03,0,0,0,0,0,0,0,0,0,0,0,0,0,0,0,0,0,0,0,0,0
5.815143585205078,0,0.0,0.0,0.0,0.0,0.0,0.0,0.0,0.0,0.03,0,0,0,0,0,0,0,0,0,0,0,0,0,0,0,0,0,0,0,0,0
5.816374063491821,0,0.0,0.0,0.0,0.0,0.0,0.0,0.0,0.0,0.03,0,0,0,0,0,0,0,0,0,0,0,0,0,0,0,0,0,0,0,0,0
5.81748628616333,0,0.0,0.0,0.0,0.0,0.0,0.0,0.0,0.0,0.03,0,0,0,0,0,0,0,0,0,0,0,0,0,0,0,0,0,0,0,0,0
5.818867444992065,0,0.0,0.0,0.0,0.0,0.0,0.0,0.0,0.0,0.03,0,0,0,0,0,0,0,0,0,0,0,0,0,0,0,0,0,0,0,0,0
5.820683717727661,0,0.0,0.0,0.0,0.0,0.0,0.0,0.0,0.0,0.03,0,0,0,0,0,0,0,0,0,0,0,0,0,0,0,0,0,0,0,0,0
5.822354078292847,0,0.0,0.0,0.0,0.0,0.0,0.0,0.0,0.0,0.03,0,0,0,0,0,0,0,0,0,0,0,0,0,0,0,0,0,0,0,0,0
5.8239500522613525,0,0.0,0.0,0.0,0.0,0.0,0.0,0.0,0.0,0.03,0,0,0,0,0,0,0,0,0,0,0,0,0,0,0,0,0,0,0,0,0
5.825754642486572,0,0.0,0.0,0.0,0.0,0.0,0.0,0.0,0.0,0.03,0,0,0,0,0,0,0,0,0,0,0,0,0,0,0,0,0,0,0,0,0
5.826845407485962,0,0.0,0.0,0.0,0.0,0.0,0.0,0.0,0.0,0.03,0,0,0,0,0,0,0,0,0,0,0,0,0,0,0,0,0,0,0,0,0
5.8288373947143555,0,0.0,0.0,0.0,0.0,0.0,0.0,0.0,0.0,0.03,0,0,0,0,0,0,0,0,0,0,0,0,0,0,0,0,0,0,0,0,0
5.830887079238892,0,0.0,0.0,0.0,0.0,0.0,0.0,0.0,0.0,0.03,0,0,0,0,0,0,0,0,0,0,0,0,0,0,0,0,0,0,0,0,0
5.832021713256836,0,0.0,0.0,0.0,0.0,0.0,0.0,0.0,0.0,0.03,0,0,0,0,0,0,0,0,0,0,0,0,0,0,0,0,0,0,0,0,0
5.833232402801514,0,0.0,0.0,0.0,0.0,0.0,0.0,0.0,0.0,0.03,0,0,0,0,0,0,0,0,0,0,0,0,0,0,0,0,0,0,0,0,0
5.834573268890381,0,0.0,0.0,0.0,0.0,0.0,0.0,0.0,0.0,0.03,0,0,0,0,0,0,0,0,0,0,0,0,0,0,0,0,0,0,0,0,0
5.835658073425293,0,0.0,0.0,0.0,0.0,0.0,0.0,0.0,0.0,0.03,0,0,0,0,0,0,0,0,0,0,0,0,0,0,0,0,0,0,0,0,0
5.838316202163696,0,0.0,0.0,0.0,0.0,0.0,0.0,0.0,0.0,0.03,0,0,0,0,0,0,0,0,0,0,0,0,0,0,0,0,0,0,0,0,0
5.839599847793579,0,0.0,0.0,0.0,0.0,0.0,0.0,0.0,0.0,0.03,0,0,0,0,0,0,0,0,0,0,0,0,0,0,0,0,0,0,0,0,0
5.840720891952515,0,0.0,0.0,0.0,0.0,0.0,0.0,0.0,0.0,0.03,0,0,0,0,0,0,0,0,0,0,0,0,0,0,0,0,0,0,0,0,0
5.842161178588867,0,0.0,0.0,0.0,0.0,0.0,0.0,0.0,0.0,0.03,0,0,0,0,0,0,0,0,0,0,0,0,0,0,0,0,0,0,0,0,0
5.846511363983154,0,0.0,0.0,0.0,0.0,0.0,0.0,0.0,0.0,0.03,0,0,0,0,0,0,0,0,0,0,0,0,0,0,0,0,0,0,0,0,0
5.8479790687561035,0,0.0,0.0,0.0,0.0,0.0,0.0,0.0,0.0,0.03,0,0,0,0,0,0,0,0,0,0,0,0,0,0,0,0,0,0,0,0,0
5.849230766296387,0,0.0,0.0,0.0,0.0,0.0,0.0,0.0,0.0,0.03,0,0,0,0,0,0,0,0,0,0,0,0,0,0,0,0,0,0,0,0,0
5.851202487945557,0,0.0,0.0,0.0,0.0,0.0,0.0,0.0,0.0,0.03,0,0,0,0,0,0,0,0,0,0,0,0,0,0,0,0,0,0,0,0,0
5.8525495529174805,0,0.0,0.0,0.0,0.0,0.0,0.0,0.0,0.0,0.03,0,0,0,0,0,0,0,0,0,0,0,0,0,0,0,0,0,0,0,0,0
5.853628873825073,0,0.0,0.0,0.0,0.0,0.0,0.0,0.0,0.0,0.03,0,0,0,0,0,0,0,0,0,0,0,0,0,0,0,0,0,0,0,0,0
5.855065584182739,0,0.0,0.0,0.0,0.0,0.0,0.0,0.0,0.0,0.03,0,0,0,0,0,0,0,0,0,0,0,0,0,0,0,0,0,0,0,0,0
5.856188535690308,0,0.0,0.0,0.0,0.0,0.0,0.0,0.0,0.0,0.03,0,0,0,0,0,0,0,0,0,0,0,0,0,0,0,0,0,0,0,0,0
5.85729718208313,0,0.0,0.0,0.0,0.0,0.0,0.0,0.0,0.0,0.03,0,0,0,0,0,0,0,0,0,0,0,0,0,0,0,0,0,0,0,0,0
5.8583948612213135,0,0.0,0.0,0.0,0.0,0.0,0.0,0.0,0.0,0.03,0,0,0,0,0,0,0,0,0,0,0,0,0,0,0,0,0,0,0,0,0
5.859658479690552,0,0.0,0.0,0.0,0.0,0.0,0.0,0.0,0.0,0.03,0,0,0,0,0,0,0,0,0,0,0,0,0,0,0,0,0,0,0,0,0
5.860794305801392,0,0.0,0.0,0.0,0.0,0.0,0.0,0.0,0.0,0.03,0,0,0,0,0,0,0,0,0,0,0,0,0,0,0,0,0,0,0,0,0
5.861892461776733,0,0.0,0.0,0.0,0.0,0.0,0.0,0.0,0.0,0.03,0,0,0,0,0,0,0,0,0,0,0,0,0,0,0,0,0,0,0,0,0
5.86297607421875,0,0.0,0.0,0.0,0.0,0.0,0.0,0.0,0.0,0.03,0,0,0,0,0,0,0,0,0,0,0,0,0,0,0,0,0,0,0,0,0
5.8640666007995605,0,0.0,0.0,0.0,0.0,0.0,0.0,0.0,0.0,0.03,0,0,0,0,0,0,0,0,0,0,0,0,0,0,0,0,0,0,0,0,0
5.866122722625732,0,0.0,0.0,0.0,0.0,0.0,0.0,0.0,0.0,0.03,0,0,0,0,0,0,0,0,0,0,0,0,0,0,0,0,0,0,0,0,0
5.869025468826294,0,0.0,0.0,0.0,0.0,0.0,0.0,0.0,0.0,0.03,0,0,0,0,0,0,0,0,0,0,0,0,0,0,0,0,0,0,0,0,0
5.8701488971710205,0,0.0,0.0,0.0,0.0,0.0,0.0,0.0,0.0,0.03,0,0,0,0,0,0,0,0,0,0,0,0,0,0,0,0,0,0,0,0,0
5.871284484863281,0,0.0,0.0,0.0,0.0,0.0,0.0,0.0,0.0,0.03,0,0,0,0,0,0,0,0,0,0,0,0,0,0,0,0,0,0,0,0,0
5.872387409210205,0,0.0,0.0,0.0,0.0,0.0,0.0,0.0,0.0,0.03,0,0,0,0,0,0,0,0,0,0,0,0,0,0,0,0,0,0,0,0,0
5.8736584186553955,0,0.0,0.0,0.0,0.0,0.0,0.0,0.0,0.0,0.03,0,0,0,0,0,0,0,0,0,0,0,0,0,0,0,0,0,0,0,0,0
5.874745845794678,0,0.0,0.0,0.0,0.0,0.0,0.0,0.0,0.0,0.03,0,0,0,0,0,0,0,0,0,0,0,0,0,0,0,0,0,0,0,0,0
5.8761374950408936,0,0.0,0.0,0.0,0.0,0.0,0.0,0.0,0.0,0.03,0,0,0,0,0,0,0,0,0,0,0,0,0,0,0,0,0,0,0,0,0
5.877714157104492,0,0.0,0.0,0.0,0.0,0.0,0.0,0.0,0.0,0.03,0,0,0,0,0,0,0,0,0,0,0,0,0,0,0,0,0,0,0,0,0
5.8788206577301025,0,0.0,0.0,0.0,0.0,0.0,0.0,0.0,0.0,0.03,0,0,0,0,0,0,0,0,0,0,0,0,0,0,0,0,0,0,0,0,0
5.879943370819092,0,0.0,0.0,0.0,0.0,0.0,0.0,0.0,0.0,0.03,0,0,0,0,0,0,0,0,0,0,0,0,0,0,0,0,0,0,0,0,0
5.881275177001953,0,0.0,0.0,0.0,0.0,0.0,0.0,0.0,0.0,0.03,0,0,0,0,0,0,0,0,0,0,0,0,0,0,0,0,0,0,0,0,0
5.882499694824219,0,0.0,0.0,0.0,0.0,0.0,0.0,0.0,0.0,0.03,0,0,0,0,0,0,0,0,0,0,0,0,0,0,0,0,0,0,0,0,0
5.883930444717407,0,0.0,0.0,0.0,0.0,0.0,0.0,0.0,0.0,0.03,0,0,0,0,0,0,0,0,0,0,0,0,0,0,0,0,0,0,0,0,0
5.885606050491333,0,0.0,0.0,0.0,0.0,0.0,0.0,0.0,0.0,0.03,0,0,0,0,0,0,0,0,0,0,0,0,0,0,0,0,0,0,0,0,0
5.886997938156128,0,0.0,0.0,0.0,0.0,0.0,0.0,0.0,0.0,0.03,0,0,0,0,0,0,0,0,0,0,0,0,0,0,0,0,0,0,0,0,0
5.888265371322632,0,0.0,0.0,0.0,0.0,0.0,0.0,0.0,0.0,0.03,0,0,0,0,0,0,0,0,0,0,0,0,0,0,0,0,0,0,0,0,0
5.89059042930603,0,0.0,0.0,0.0,0.0,0.0,0.0,0.0,0.0,0.03,0,0,0,0,0,0,0,0,0,0,0,0,0,0,0,0,0,0,0,0,0
5.891749382019043,0,0.0,0.0,0.0,0.0,0.0,0.0,0.0,0.0,0.03,0,0,0,0,0,0,0,0,0,0,0,0,0,0,0,0,0,0,0,0,0
5.894186019897461,0,0.0,0.0,0.0,0.0,0.0,0.0,0.0,0.0,0.03,0,0,0,0,0,0,0,0,0,0,0,0,0,0,0,0,0,0,0,0,0
5.895584583282471,0,0.0,0.0,0.0,0.0,0.0,0.0,0.0,0.0,0.03,0,0,0,0,0,0,0,0,0,0,0,0,0,0,0,0,0,0,0,0,0
5.896690130233765,0,0.0,0.0,0.0,0.0,0.0,0.0,0.0,0.0,0.03,0,0,0,0,0,0,0,0,0,0,0,0,0,0,0,0,0,0,0,0,0
5.898552656173706,0,0.0,0.0,0.0,0.0,0.0,0.0,0.0,0.0,0.03,0,0,0,0,0,0,0,0,0,0,0,0,0,0,0,0,0,0,0,0,0
5.90017294883728,0,0.0,0.0,0.0,0.0,0.0,0.0,0.0,0.0,0.03,0,0,0,0,0,0,0,0,0,0,0,0,0,0,0,0,0,0,0,0,0
5.901271104812622,0,0.0,0.0,0.0,0.0,0.0,0.0,0.0,0.0,0.03,0,0,0,0,0,0,0,0,0,0,0,0,0,0,0,0,0,0,0,0,0
5.904127836227417,0,0.0,0.0,0.0,0.0,0.0,0.0,0.0,0.0,0.03,0,0,0,0,0,0,0,0,0,0,0,0,0,0,0,0,0,0,0,0,0
5.9053497314453125,0,0.0,0.0,0.0,0.0,0.0,0.0,0.0,0.0,0.03,0,0,0,0,0,0,0,0,0,0,0,0,0,0,0,0,0,0,0,0,0
5.906455755233765,0,0.0,0.0,0.0,0.0,0.0,0.0,0.0,0.0,0.03,0,0,0,0,0,0,0,0,0,0,0,0,0,0,0,0,0,0,0,0,0
5.908470869064331,0,0.0,0.0,0.0,0.0,0.0,0.0,0.0,0.0,0.03,0,0,0,0,0,0,0,0,0,0,0,0,0,0,0,0,0,0,0,0,0
5.911345958709717,0,0.0,0.0,0.0,0.0,0.0,0.0,0.0,0.0,0.03,0,0,0,0,0,0,0,0,0,0,0,0,0,0,0,0,0,0,0,0,0
5.912759780883789,0,0.0,0.0,0.0,0.0,0.0,0.0,0.0,0.0,0.03,0,0,0,0,0,0,0,0,0,0,0,0,0,0,0,0,0,0,0,0,0
5.914239406585693,0,0.0,0.0,0.0,0.0,0.0,0.0,0.0,0.0,0.03,0,0,0,0,0,0,0,0,0,0,0,0,0,0,0,0,0,0,0,0,0
5.917030334472656,0,0.0,0.0,0.0,0.0,0.0,0.0,0.0,0.0,0.03,0,0,0,0,0,0,0,0,0,0,0,0,0,0,0,0,0,0,0,0,0
5.918390989303589,0,0.0,0.0,0.0,0.0,0.0,0.0,0.0,0.0,0.03,0,0,0,0,0,0,0,0,0,0,0,0,0,0,0,0,0,0,0,0,0
5.919501781463623,0,0.0,0.0,0.0,0.0,0.0,0.0,0.0,0.0,0.03,0,0,0,0,0,0,0,0,0,0,0,0,0,0,0,0,0,0,0,0,0
5.920795440673828,0,0.0,0.0,0.0,0.0,0.0,0.0,0.0,0.0,0.03,0,0,0,0,0,0,0,0,0,0,0,0,0,0,0,0,0,0,0,0,0
5.922061204910278,0,0.0,0.0,0.0,0.0,0.0,0.0,0.0,0.0,0.03,0,0,0,0,0,0,0,0,0,0,0,0,0,0,0,0,0,0,0,0,0
5.92316746711731,0,0.0,0.0,0.0,0.0,0.0,0.0,0.0,0.0,0.03,0,0,0,0,0,0,0,0,0,0,0,0,0,0,0,0,0,0,0,0,0
5.924253702163696,0,0.0,0.0,0.0,0.0,0.0,0.0,0.0,0.0,0.03,0,0,0,0,0,0,0,0,0,0,0,0,0,0,0,0,0,0,0,0,0
5.925344228744507,0,0.0,0.0,0.0,0.0,0.0,0.0,0.0,0.0,0.03,0,0,0,0,0,0,0,0,0,0,0,0,0,0,0,0,0,0,0,0,0
5.926510572433472,0,0.0,0.0,0.0,0.0,0.0,0.0,0.0,0.0,0.03,0,0,0,0,0,0,0,0,0,0,0,0,0,0,0,0,0,0,0,0,0
5.927599668502808,0,0.0,0.0,0.0,0.0,0.0,0.0,0.0,0.0,0.03,0,0,0,0,0,0,0,0,0,0,0,0,0,0,0,0,0,0,0,0,0
5.928686857223511,0,0.0,0.0,0.0,0.0,0.0,0.0,0.0,0.0,0.03,0,0,0,0,0,0,0,0,0,0,0,0,0,0,0,0,0,0,0,0,0
5.930475473403931,0,0.0,0.0,0.0,0.0,0.0,0.0,0.0,0.0,0.03,0,0,0,0,0,0,0,0,0,0,0,0,0,0,0,0,0,0,0,0,0
5.9320151805877686,0,0.0,0.0,0.0,0.0,0.0,0.0,0.0,0.0,0.03,0,0,0,0,0,0,0,0,0,0,0,0,0,0,0,0,0,0,0,0,0
5.933614015579224,0,0.0,0.0,0.0,0.0,0.0,0.0,0.0,0.0,0.03,0,0,0,0,0,0,0,0,0,0,0,0,0,0,0,0,0,0,0,0,0
5.935060739517212,0,0.0,0.0,0.0,0.0,0.0,0.0,0.0,0.0,0.03,0,0,0,0,0,0,0,0,0,0,0,0,0,0,0,0,0,0,0,0,0
5.936190843582153,0,0.0,0.0,0.0,0.0,0.0,0.0,0.0,0.0,0.03,0,0,0,0,0,0,0,0,0,0,0,0,0,0,0,0,0,0,0,0,0
5.937278747558594,0,0.0,0.0,0.0,0.0,0.0,0.0,0.0,0.0,0.03,0,0,0,0,0,0,0,0,0,0,0,0,0,0,0,0,0,0,0,0,0
5.938424587249756,0,0.0,0.0,0.0,0.0,0.0,0.0,0.0,0.0,0.03,0,0,0,0,0,0,0,0,0,0,0,0,0,0,0,0,0,0,0,0,0
5.940658330917358,0,0.0,0.0,0.0,0.0,0.0,0.0,0.0,0.0,0.03,0,0,0,0,0,0,0,0,0,0,0,0,0,0,0,0,0,0,0,0,0
5.94190526008606,0,0.0,0.0,0.0,0.0,0.0,0.0,0.0,0.0,0.03,0,0,0,0,0,0,0,0,0,0,0,0,0,0,0,0,0,0,0,0,0
5.943901300430298,0,0.0,0.0,0.0,0.0,0.0,0.0,0.0,0.0,0.03,0,0,0,0,0,0,0,0,0,0,0,0,0,0,0,0,0,0,0,0,0
5.945001125335693,0,0.0,0.0,0.0,0.0,0.0,0.0,0.0,0.0,0.03,0,0,0,0,0,0,0,0,0,0,0,0,0,0,0,0,0,0,0,0,0
5.946237802505493,0,0.0,0.0,0.0,0.0,0.0,0.0,0.0,0.0,0.03,0,0,0,0,0,0,0,0,0,0,0,0,0,0,0,0,0,0,0,0,0
5.947338581085205,0,0.0,0.0,0.0,0.0,0.0,0.0,0.0,0.0,0.03,0,0,0,0,0,0,0,0,0,0,0,0,0,0,0,0,0,0,0,0,0
5.948731899261475,0,0.0,0.0,0.0,0.0,0.0,0.0,0.0,0.0,0.03,0,0,0,0,0,0,0,0,0,0,0,0,0,0,0,0,0,0,0,0,0
5.950524568557739,0,0.0,0.0,0.0,0.0,0.0,0.0,0.0,0.0,0.03,0,0,0,0,0,0,0,0,0,0,0,0,0,0,0,0,0,0,0,0,0
5.952000617980957,0,0.0,0.0,0.0,0.0,0.0,0.0,0.0,0.0,0.03,0,0,0,0,0,0,0,0,0,0,0,0,0,0,0,0,0,0,0,0,0
5.955111503601074,0,0.0,0.0,0.0,0.0,0.0,0.0,0.0,0.0,0.03,0,0,0,0,0,0,0,0,0,0,0,0,0,0,0,0,0,0,0,0,0
5.956583738327026,0,0.0,0.0,0.0,0.0,0.0,0.0,0.0,0.0,0.03,0,0,0,0,0,0,0,0,0,0,0,0,0,0,0,0,0,0,0,0,0
5.958132028579712,0,0.0,0.0,0.0,0.0,0.0,0.0,0.0,0.0,0.03,0,0,0,0,0,0,0,0,0,0,0,0,0,0,0,0,0,0,0,0,0
5.959360837936401,0,0.0,0.0,0.0,0.0,0.0,0.0,0.0,0.0,0.03,0,0,0,0,0,0,0,0,0,0,0,0,0,0,0,0,0,0,0,0,0
5.960490465164185,0,0.0,0.0,0.0,0.0,0.0,0.0,0.0,0.0,0.03,0,0,0,0,0,0,0,0,0,0,0,0,0,0,0,0,0,0,0,0,0
5.961547374725342,0,0.0,0.0,0.0,0.0,0.0,0.0,0.0,0.0,0.03,0,0,0,0,0,0,0,0,0,0,0,0,0,0,0,0,0,0,0,0,0
5.962875127792358,0,0.0,0.0,0.0,0.0,0.0,0.0,0.0,0.0,0.03,0,0,0,0,0,0,0,0,0,0,0,0,0,0,0,0,0,0,0,0,0
5.963963747024536,0,0.0,0.0,0.0,0.0,0.0,0.0,0.0,0.0,0.03,0,0,0,0,0,0,0,0,0,0,0,0,0,0,0,0,0,0,0,0,0
5.965049505233765,0,0.0,0.0,0.0,0.0,0.0,0.0,0.0,0.0,0.03,0,0,0,0,0,0,0,0,0,0,0,0,0,0,0,0,0,0,0,0,0
5.967514991760254,0,0.0,0.0,0.0,0.0,0.0,0.0,0.0,0.0,0.03,0,0,0,0,0,0,0,0,0,0,0,0,0,0,0,0,0,0,0,0,0
5.968631267547607,0,0.0,0.0,0.0,0.0,0.0,0.0,0.0,0.0,0.03,0,0,0,0,0,0,0,0,0,0,0,0,0,0,0,0,0,0,0,0,0
5.971948623657227,0,0.0,0.0,0.0,0.0,0.0,0.0,0.0,0.0,0.03,0,0,0,0,0,0,0,0,0,0,0,0,0,0,0,0,0,0,0,0,0
5.973479747772217,0,0.0,0.0,0.0,0.0,0.0,0.0,0.0,0.0,0.03,0,0,0,0,0,0,0,0,0,0,0,0,0,0,0,0,0,0,0,0,0
5.975008010864258,0,0.0,0.0,0.0,0.0,0.0,0.0,0.0,0.0,0.03,0,0,0,0,0,0,0,0,0,0,0,0,0,0,0,0,0,0,0,0,0
5.976160049438477,0,0.0,0.0,0.0,0.0,0.0,0.0,0.0,0.0,0.03,0,0,0,0,0,0,0,0,0,0,0,0,0,0,0,0,0,0,0,0,0
5.9774415493011475,0,0.0,0.0,0.0,0.0,0.0,0.0,0.0,0.0,0.03,0,0,0,0,0,0,0,0,0,0,0,0,0,0,0,0,0,0,0,0,0
5.979648113250732,0,0.0,0.0,0.0,0.0,0.0,0.0,0.0,0.0,0.03,0,0,0,0,0,0,0,0,0,0,0,0,0,0,0,0,0,0,0,0,0
5.980974197387695,0,0.0,0.0,0.0,0.0,0.0,0.0,0.0,0.0,0.03,0,0,0,0,0,0,0,0,0,0,0,0,0,0,0,0,0,0,0,0,0
5.982147693634033,0,0.0,0.0,0.0,0.0,0.0,0.0,0.0,0.0,0.03,0,0,0,0,0,0,0,0,0,0,0,0,0,0,0,0,0,0,0,0,0
5.984118223190308,0,0.0,0.0,0.0,0.0,0.0,0.0,0.0,0.0,0.03,0,0,0,0,0,0,0,0,0,0,0,0,0,0,0,0,0,0,0,0,0
5.985236644744873,0,0.0,0.0,0.0,0.0,0.0,0.0,0.0,0.0,0.03,0,0,0,0,0,0,0,0,0,0,0,0,0,0,0,0,0,0,0,0,0
5.986457586288452,0,0.0,0.0,0.0,0.0,0.0,0.0,0.0,0.0,0.03,0,0,0,0,0,0,0,0,0,0,0,0,0,0,0,0,0,0,0,0,0
5.987762689590454,0,0.0,0.0,0.0,0.0,0.0,0.0,0.0,0.0,0.03,0,0,0,0,0,0,0,0,0,0,0,0,0,0,0,0,0,0,0,0,0
5.988917350769043,0,0.0,0.0,0.0,0.0,0.0,0.0,0.0,0.0,0.03,0,0,0,0,0,0,0,0,0,0,0,0,0,0,0,0,0,0,0,0,0
5.990209341049194,0,0.0,0.0,0.0,0.0,0.0,0.0,0.0,0.0,0.03,0,0,0,0,0,0,0,0,0,0,0,0,0,0,0,0,0,0,0,0,0
5.991577625274658,0,0.0,0.0,0.0,0.0,0.0,0.0,0.0,0.0,0.03,0,0,0,0,0,0,0,0,0,0,0,0,0,0,0,0,0,0,0,0,0
5.992737531661987,0,0.0,0.0,0.0,0.0,0.0,0.0,0.0,0.0,0.03,0,0,0,0,0,0,0,0,0,0,0,0,0,0,0,0,0,0,0,0,0
5.993971109390259,0,0.0,0.0,0.0,0.0,0.0,0.0,0.0,0.0,0.03,0,0,0,0,0,0,0,0,0,0,0,0,0,0,0,0,0,0,0,0,0
5.99560284614563,0,0.0,0.0,0.0,0.0,0.0,0.0,0.0,0.0,0.03,0,0,0,0,0,0,0,0,0,0,0,0,0,0,0,0,0,0,0,0,0
5.997166395187378,0,0.0,0.0,0.0,0.0,0.0,0.0,0.0,0.0,0.03,0,0,0,0,0,0,0,0,0,0,0,0,0,0,0,0,0,0,0,0,0
5.998661994934082,0,0.0,0.0,0.0,0.0,0.0,0.0,0.0,0.0,0.03,0,0,0,0,0,0,0,0,0,0,0,0,0,0,0,0,0,0,0,0,0
5.999772787094116,0,0.0,0.0,0.0,0.0,0.0,0.0,0.0,0.0,0.03,0,0,0,0,0,0,0,0,0,0,0,0,0,0,0,0,0,0,0,0,0
6.0018532276153564,0,0.0,0.0,0.0,0.0,0.0,0.0,0.0,0.0,0.03,0,0,0,0,0,0,0,0,0,0,0,0,0,0,0,0,0,0,0,0,0
6.003843545913696,0,0.0,0.0,0.0,0.0,0.0,0.0,0.0,0.0,0.03,0,0,0,0,0,0,0,0,0,0,0,0,0,0,0,0,0,0,0,0,0
6.0050835609436035,0,0.0,0.0,0.0,0.0,0.0,0.0,0.0,0.0,0.03,0,0,0,0,0,0,0,0,0,0,0,0,0,0,0,0,0,0,0,0,0
6.00623893737793,0,0.0,0.0,0.0,0.0,0.0,0.0,0.0,0.0,0.03,0,0,0,0,0,0,0,0,0,0,0,0,0,0,0,0,0,0,0,0,0
6.007347822189331,0,0.0,0.0,0.0,0.0,0.0,0.0,0.0,0.0,0.03,0,0,0,0,0,0,0,0,0,0,0,0,0,0,0,0,0,0,0,0,0
6.008433103561401,0,0.0,0.0,0.0,0.0,0.0,0.0,0.0,0.0,0.03,0,0,0,0,0,0,0,0,0,0,0,0,0,0,0,0,0,0,0,0,0
6.009780645370483,0,0.0,0.0,0.0,0.0,0.0,0.0,0.0,0.0,0.03,0,0,0,0,0,0,0,0,0,0,0,0,0,0,0,0,0,0,0,0,0
6.01119327545166,0,0.0,0.0,0.0,0.0,0.0,0.0,0.0,0.0,0.03,0,0,0,0,0,0,0,0,0,0,0,0,0,0,0,0,0,0,0,0,0
6.012534856796265,0,0.0,0.0,0.0,0.0,0.0,0.0,0.0,0.0,0.03,0,0,0,0,0,0,0,0,0,0,0,0,0,0,0,0,0,0,0,0,0
6.01366400718689,0,0.0,0.0,0.0,0.0,0.0,0.0,0.0,0.0,0.03,0,0,0,0,0,0,0,0,0,0,0,0,0,0,0,0,0,0,0,0,0
6.014890670776367,0,0.0,0.0,0.0,0.0,0.0,0.0,0.0,0.0,0.03,0,0,0,0,0,0,0,0,0,0,0,0,0,0,0,0,0,0,0,0,0
6.016036510467529,0,0.0,0.0,0.0,0.0,0.0,0.0,0.0,0.0,0.03,0,0,0,0,0,0,0,0,0,0,0,0,0,0,0,0,0,0,0,0,0
6.017228126525879,0,0.0,0.0,0.0,0.0,0.0,0.0,0.0,0.0,0.03,0,0,0,0,0,0,0,0,0,0,0,0,0,0,0,0,0,0,0,0,0
6.018482446670532,0,0.0,0.0,0.0,0.0,0.0,0.0,0.0,0.0,0.03,0,0,0,0,0,0,0,0,0,0,0,0,0,0,0,0,0,0,0,0,0
6.019665479660034,0,0.0,0.0,0.0,0.0,0.0,0.0,0.0,0.0,0.03,0,0,0,0,0,0,0,0,0,0,0,0,0,0,0,0,0,0,0,0,0
6.020922660827637,0,0.0,0.0,0.0,0.0,0.0,0.0,0.0,0.0,0.03,0,0,0,0,0,0,0,0,0,0,0,0,0,0,0,0,0,0,0,0,0
6.023425817489624,0,0.0,0.0,0.0,0.0,0.0,0.0,0.0,0.0,0.03,0,0,0,0,0,0,0,0,0,0,0,0,0,0,0,0,0,0,0,0,0
6.024883508682251,0,0.0,0.0,0.0,0.0,0.0,0.0,0.0,0.0,0.03,0,0,0,0,0,0,0,0,0,0,0,0,0,0,0,0,0,0,0,0,0
6.026318073272705,0,0.0,0.0,0.0,0.0,0.0,0.0,0.0,0.0,0.03,0,0,0,0,0,0,0,0,0,0,0,0,0,0,0,0,0,0,0,0,0
6.027463912963867,0,0.0,0.0,0.0,0.0,0.0,0.0,0.0,0.0,0.03,0,0,0,0,0,0,0,0,0,0,0,0,0,0,0,0,0,0,0,0,0
6.0287158489227295,0,0.0,0.0,0.0,0.0,0.0,0.0,0.0,0.0,0.03,0,0,0,0,0,0,0,0,0,0,0,0,0,0,0,0,0,0,0,0,0
6.031946897506714,0,0.0,0.0,0.0,0.0,0.0,0.0,0.0,0.0,0.03,0,0,0,0,0,0,0,0,0,0,0,0,0,0,0,0,0,0,0,0,0
6.03315806388855,0,0.0,0.0,0.0,0.0,0.0,0.0,0.0,0.0,0.03,0,0,0,0,0,0,0,0,0,0,0,0,0,0,0,0,0,0,0,0,0
6.036029815673828,0,0.0,0.0,0.0,0.0,0.0,0.0,0.0,0.0,0.03,0,0,0,0,0,0,0,0,0,0,0,0,0,0,0,0,0,0,0,0,0
6.037585973739624,0,0.0,0.0,0.0,0.0,0.0,0.0,0.0,0.0,0.03,0,0,0,0,0,0,0,0,0,0,0,0,0,0,0,0,0,0,0,0,0
6.03887677192688,0,0.0,0.0,0.0,0.0,0.0,0.0,0.0,0.0,0.03,0,0,0,0,0,0,0,0,0,0,0,0,0,0,0,0,0,0,0,0,0
6.040400981903076,0,0.0,0.0,0.0,0.0,0.0,0.0,0.0,0.0,0.03,0,0,0,0,0,0,0,0,0,0,0,0,0,0,0,0,0,0,0,0,0
6.041935443878174,0,0.0,0.0,0.0,0.0,0.0,0.0,0.0,0.0,0.03,0,0,0,0,0,0,0,0,0,0,0,0,0,0,0,0,0,0,0,0,0
6.043004512786865,0,0.0,0.0,0.0,0.0,0.0,0.0,0.0,0.0,0.03,0,0,0,0,0,0,0,0,0,0,0,0,0,0,0,0,0,0,0,0,0
6.044805526733398,0,0.0,0.0,0.0,0.0,0.0,0.0,0.0,0.0,0.03,0,0,0,0,0,0,0,0,0,0,0,0,0,0,0,0,0,0,0,0,0
6.046206951141357,0,0.0,0.0,0.0,0.0,0.0,0.0,0.0,0.0,0.03,0,0,0,0,0,0,0,0,0,0,0,0,0,0,0,0,0,0,0,0,0
6.047351837158203,0,0.0,0.0,0.0,0.0,0.0,0.0,0.0,0.0,0.03,0,0,0,0,0,0,0,0,0,0,0,0,0,0,0,0,0,0,0,0,0
6.048586845397949,0,0.0,0.0,0.0,0.0,0.0,0.0,0.0,0.0,0.03,0,0,0,0,0,0,0,0,0,0,0,0,0,0,0,0,0,0,0,0,0
6.049752950668335,0,0.0,0.0,0.0,0.0,0.0,0.0,0.0,0.0,0.03,0,0,0,0,0,0,0,0,0,0,0,0,0,0,0,0,0,0,0,0,0
6.0509302616119385,0,0.0,0.0,0.0,0.0,0.0,0.0,0.0,0.0,0.03,0,0,0,0,0,0,0,0,0,0,0,0,0,0,0,0,0,0,0,0,0
6.052206039428711,0,0.0,0.0,0.0,0.0,0.0,0.0,0.0,0.0,0.03,0,0,0,0,0,0,0,0,0,0,0,0,0,0,0,0,0,0,0,0,0
6.053404092788696,0,0.0,0.0,0.0,0.0,0.0,0.0,0.0,0.0,0.03,0,0,0,0,0,0,0,0,0,0,0,0,0,0,0,0,0,0,0,0,0
6.054603099822998,0,0.0,0.0,0.0,0.0,0.0,0.0,0.0,0.0,0.03,0,0,0,0,0,0,0,0,0,0,0,0,0,0,0,0,0,0,0,0,0
6.055699348449707,0,0.0,0.0,0.0,0.0,0.0,0.0,0.0,0.0,0.03,0,0,0,0,0,0,0,0,0,0,0,0,0,0,0,0,0,0,0,0,0
6.056786775588989,0,0.0,0.0,0.0,0.0,0.0,0.0,0.0,0.0,0.03,0,0,0,0,0,0,0,0,0,0,0,0,0,0,0,0,0,0,0,0,0
6.057908773422241,0,0.0,0.0,0.0,0.0,0.0,0.0,0.0,0.0,0.03,0,0,0,0,0,0,0,0,0,0,0,0,0,0,0,0,0,0,0,0,0
6.059826612472534,0,0.0,0.0,0.0,0.0,0.0,0.0,0.0,0.0,0.03,0,0,0,0,0,0,0,0,0,0,0,0,0,0,0,0,0,0,0,0,0
6.060928106307983,0,0.0,0.0,0.0,0.0,0.0,0.0,0.0,0.0,0.03,0,0,0,0,0,0,0,0,0,0,0,0,0,0,0,0,0,0,0,0,0
6.062924861907959,0,0.0,0.0,0.0,0.0,0.0,0.0,0.0,0.0,0.03,0,0,0,0,0,0,0,0,0,0,0,0,0,0,0,0,0,0,0,0,0
6.064121723175049,0,0.0,0.0,0.0,0.0,0.0,0.0,0.0,0.0,0.03,0,0,0,0,0,0,0,0,0,0,0,0,0,0,0,0,0,0,0,0,0
6.065474510192871,0,0.0,0.0,0.0,0.0,0.0,0.0,0.0,0.0,0.03,0,0,0,0,0,0,0,0,0,0,0,0,0,0,0,0,0,0,0,0,0
6.067391633987427,0,0.0,0.0,0.0,0.0,0.0,0.0,0.0,0.0,0.03,0,0,0,0,0,0,0,0,0,0,0,0,0,0,0,0,0,0,0,0,0
6.068895578384399,0,0.0,0.0,0.0,0.0,0.0,0.0,0.0,0.0,0.03,0,0,0,0,0,0,0,0,0,0,0,0,0,0,0,0,0,0,0,0,0
6.070010662078857,0,0.0,0.0,0.0,0.0,0.0,0.0,0.0,0.0,0.03,0,0,0,0,0,0,0,0,0,0,0,0,0,0,0,0,0,0,0,0,0
6.071950674057007,0,0.0,0.0,0.0,0.0,0.0,0.0,0.0,0.0,0.03,0,0,0,0,0,0,0,0,0,0,0,0,0,0,0,0,0,0,0,0,0
6.073012590408325,0,0.0,0.0,0.0,0.0,0.0,0.0,0.0,0.0,0.03,0,0,0,0,0,0,0,0,0,0,0,0,0,0,0,0,0,0,0,0,0
6.074101209640503,0,0.0,0.0,0.0,0.0,0.0,0.0,0.0,0.0,0.03,0,0,0,0,0,0,0,0,0,0,0,0,0,0,0,0,0,0,0,0,0
6.075169801712036,0,0.0,0.0,0.0,0.0,0.0,0.0,0.0,0.0,0.03,0,0,0,0,0,0,0,0,0,0,0,0,0,0,0,0,0,0,0,0,0
6.076407194137573,0,0.0,0.0,0.0,0.0,0.0,0.0,0.0,0.0,0.03,0,0,0,0,0,0,0,0,0,0,0,0,0,0,0,0,0,0,0,0,0
6.077511548995972,0,0.0,0.0,0.0,0.0,0.0,0.0,0.0,0.0,0.03,0,0,0,0,0,0,0,0,0,0,0,0,0,0,0,0,0,0,0,0,0
6.07984185218811,0,0.0,0.0,0.0,0.0,0.0,0.0,0.0,0.0,0.03,0,0,0,0,0,0,0,0,0,0,0,0,0,0,0,0,0,0,0,0,0
6.081025123596191,0,0.0,0.0,0.0,0.0,0.0,0.0,0.0,0.0,0.03,0,0,0,0,0,0,0,0,0,0,0,0,0,0,0,0,0,0,0,0,0
6.082225561141968,0,0.0,0.0,0.0,0.0,0.0,0.0,0.0,0.0,0.03,0,0,0,0,0,0,0,0,0,0,0,0,0,0,0,0,0,0,0,0,0
6.083477735519409,0,0.0,0.0,0.0,0.0,0.0,0.0,0.0,0.0,0.03,0,0,0,0,0,0,0,0,0,0,0,0,0,0,0,0,0,0,0,0,0
6.0846641063690186,0,0.0,0.0,0.0,0.0,0.0,0.0,0.0,0.0,0.03,0,0,0,0,0,0,0,0,0,0,0,0,0,0,0,0,0,0,0,0,0
6.085806846618652,0,0.0,0.0,0.0,0.0,0.0,0.0,0.0,0.0,0.03,0,0,0,0,0,0,0,0,0,0,0,0,0,0,0,0,0,0,0,0,0
6.086920261383057,0,0.0,0.0,0.0,0.0,0.0,0.0,0.0,0.0,0.03,0,0,0,0,0,0,0,0,0,0,0,0,0,0,0,0,0,0,0,0,0
6.088590860366821,0,0.0,0.0,0.0,0.0,0.0,0.0,0.0,0.0,0.03,0,0,0,0,0,0,0,0,0,0,0,0,0,0,0,0,0,0,0,0,0
6.089656114578247,0,0.0,0.0,0.0,0.0,0.0,0.0,0.0,0.0,0.03,0,0,0,0,0,0,0,0,0,0,0,0,0,0,0,0,0,0,0,0,0
6.09250020980835,0,0.0,0.0,0.0,0.0,0.0,0.0,0.0,0.0,0.03,0,0,0,0,0,0,0,0,0,0,0,0,0,0,0,0,0,0,0,0,0
6.094072341918945,0,0.0,0.0,0.0,0.0,0.0,0.0,0.0,0.0,0.03,0,0,0,0,0,0,0,0,0,0,0,0,0,0,0,0,0,0,0,0,0
6.09745979309082,0,0.0,0.0,0.0,0.0,0.0,0.0,0.0,0.0,0.03,0,0,0,0,0,0,0,0,0,0,0,0,0,0,0,0,0,0,0,0,0
6.098766803741455,0,0.0,0.0,0.0,0.0,0.0,0.0,0.0,0.0,0.03,0,0,0,0,0,0,0,0,0,0,0,0,0,0,0,0,0,0,0,0,0
6.100408554077148,0,0.0,0.0,0.0,0.0,0.0,0.0,0.0,0.0,0.03,0,0,0,0,0,0,0,0,0,0,0,0,0,0,0,0,0,0,0,0,0
6.101703882217407,0,0.0,0.0,0.0,0.0,0.0,0.0,0.0,0.0,0.03,0,0,0,0,0,0,0,0,0,0,0,0,0,0,0,0,0,0,0,0,0
6.103169202804565,0,0.0,0.0,0.0,0.0,0.0,0.0,0.0,0.0,0.03,0,0,0,0,0,0,0,0,0,0,0,0,0,0,0,0,0,0,0,0,0
6.105432033538818,0,0.0,0.0,0.0,0.0,0.0,0.0,0.0,0.0,0.03,0,0,0,0,0,0,0,0,0,0,0,0,0,0,0,0,0,0,0,0,0
6.106526613235474,0,0.0,0.0,0.0,0.0,0.0,0.0,0.0,0.0,0.03,0,0,0,0,0,0,0,0,0,0,0,0,0,0,0,0,0,0,0,0,0
6.107949495315552,0,0.0,0.0,0.0,0.0,0.0,0.0,0.0,0.0,0.03,0,0,0,0,0,0,0,0,0,0,0,0,0,0,0,0,0,0,0,0,0
6.109295606613159,0,0.0,0.0,0.0,0.0,0.0,0.0,0.0,0.0,0.03,0,0,0,0,0,0,0,0,0,0,0,0,0,0,0,0,0,0,0,0,0
6.110593318939209,0,0.0,0.0,0.0,0.0,0.0,0.0,0.0,0.0,0.03,0,0,0,0,0,0,0,0,0,0,0,0,0,0,0,0,0,0,0,0,0
6.112030029296875,0,0.0,0.0,0.0,0.0,0.0,0.0,0.0,0.0,0.03,0,0,0,0,0,0,0,0,0,0,0,0,0,0,0,0,0,0,0,0,0
6.113118648529053,0,0.0,0.0,0.0,0.0,0.0,0.0,0.0,0.0,0.03,0,0,0,0,0,0,0,0,0,0,0,0,0,0,0,0,0,0,0,0,0
6.114922285079956,0,0.0,0.0,0.0,0.0,0.0,0.0,0.0,0.0,0.03,0,0,0,0,0,0,0,0,0,0,0,0,0,0,0,0,0,0,0,0,0
6.116331338882446,0,0.0,0.0,0.0,0.0,0.0,0.0,0.0,0.0,0.03,0,0,0,0,0,0,0,0,0,0,0,0,0,0,0,0,0,0,0,0,0
6.117578029632568,0,0.0,0.0,0.0,0.0,0.0,0.0,0.0,0.0,0.03,0,0,0,0,0,0,0,0,0,0,0,0,0,0,0,0,0,0,0,0,0
6.118809938430786,0,0.0,0.0,0.0,0.0,0.0,0.0,0.0,0.0,0.03,0,0,0,0,0,0,0,0,0,0,0,0,0,0,0,0,0,0,0,0,0
6.119962930679321,0,0.0,0.0,0.0,0.0,0.0,0.0,0.0,0.0,0.03,0,0,0,0,0,0,0,0,0,0,0,0,0,0,0,0,0,0,0,0,0
6.121066570281982,0,0.0,0.0,0.0,0.0,0.0,0.0,0.0,0.0,0.03,0,0,0,0,0,0,0,0,0,0,0,0,0,0,0,0,0,0,0,0,0
6.122131109237671,0,0.0,0.0,0.0,0.0,0.0,0.0,0.0,0.0,0.03,0,0,0,0,0,0,0,0,0,0,0,0,0,0,0,0,0,0,0,0,0
6.123921155929565,0,0.0,0.0,0.0,0.0,0.0,0.0,0.0,0.0,0.03,0,0,0,0,0,0,0,0,0,0,0,0,0,0,0,0,0,0,0,0,0
6.125677824020386,0,0.0,0.0,0.0,0.0,0.0,0.0,0.0,0.0,0.03,0,0,0,0,0,0,0,0,0,0,0,0,0,0,0,0,0,0,0,0,0
6.127256155014038,0,0.0,0.0,0.0,0.0,0.0,0.0,0.0,0.0,0.03,0,0,0,0,0,0,0,0,0,0,0,0,0,0,0,0,0,0,0,0,0
6.128757476806641,0,0.0,0.0,0.0,0.0,0.0,0.0,0.0,0.0,0.03,0,0,0,0,0,0,0,0,0,0,0,0,0,0,0,0,0,0,0,0,0
6.130069255828857,0,0.0,0.0,0.0,0.0,0.0,0.0,0.0,0.0,0.03,0,0,0,0,0,0,0,0,0,0,0,0,0,0,0,0,0,0,0,0,0
6.1311728954315186,0,0.0,0.0,0.0,0.0,0.0,0.0,0.0,0.0,0.03,0,0,0,0,0,0,0,0,0,0,0,0,0,0,0,0,0,0,0,0,0
6.132863759994507,0,0.0,0.0,0.0,0.0,0.0,0.0,0.0,0.0,0.03,0,0,0,0,0,0,0,0,0,0,0,0,0,0,0,0,0,0,0,0,0
6.134185791015625,0,0.0,0.0,0.0,0.0,0.0,0.0,0.0,0.0,0.03,0,0,0,0,0,0,0,0,0,0,0,0,0,0,0,0,0,0,0,0,0
6.13528037071228,0,0.0,0.0,0.0,0.0,0.0,0.0,0.0,0.0,0.03,0,0,0,0,0,0,0,0,0,0,0,0,0,0,0,0,0,0,0,0,0
6.136498212814331,0,0.0,0.0,0.0,0.0,0.0,0.0,0.0,0.0,0.03,0,0,0,0,0,0,0,0,0,0,0,0,0,0,0,0,0,0,0,0,0
6.137698650360107,0,0.0,0.0,0.0,0.0,0.0,0.0,0.0,0.0,0.03,0,0,0,0,0,0,0,0,0,0,0,0,0,0,0,0,0,0,0,0,0
6.1388936042785645,0,0.0,0.0,0.0,0.0,0.0,0.0,0.0,0.0,0.03,0,0,0,0,0,0,0,0,0,0,0,0,0,0,0,0,0,0,0,0,0
6.140080690383911,0,0.0,0.0,0.0,0.0,0.0,0.0,0.0,0.0,0.03,0,0,0,0,0,0,0,0,0,0,0,0,0,0,0,0,0,0,0,0,0
6.14135217666626,0,0.0,0.0,0.0,0.0,0.0,0.0,0.0,0.0,0.03,0,0,0,0,0,0,0,0,0,0,0,0,0,0,0,0,0,0,0,0,0
6.142455339431763,0,0.0,0.0,0.0,0.0,0.0,0.0,0.0,0.0,0.03,0,0,0,0,0,0,0,0,0,0,0,0,0,0,0,0,0,0,0,0,0
6.144214868545532,0,0.0,0.0,0.0,0.0,0.0,0.0,0.0,0.0,0.03,0,0,0,0,0,0,0,0,0,0,0,0,0,0,0,0,0,0,0,0,0
6.145569801330566,0,0.0,0.0,0.0,0.0,0.0,0.0,0.0,0.0,0.03,0,0,0,0,0,0,0,0,0,0,0,0,0,0,0,0,0,0,0,0,0
6.147403240203857,0,0.0,0.0,0.0,0.0,0.0,0.0,0.0,0.0,0.03,0,0,0,0,0,0,0,0,0,0,0,0,0,0,0,0,0,0,0,0,0
6.14868688583374,0,0.0,0.0,0.0,0.0,0.0,0.0,0.0,0.0,0.03,0,0,0,0,0,0,0,0,0,0,0,0,0,0,0,0,0,0,0,0,0
6.1500678062438965,0,0.0,0.0,0.0,0.0,0.0,0.0,0.0,0.0,0.03,0,0,0,0,0,0,0,0,0,0,0,0,0,0,0,0,0,0,0,0,0
6.1513824462890625,0,0.0,0.0,0.0,0.0,0.0,0.0,0.0,0.0,0.03,0,0,0,0,0,0,0,0,0,0,0,0,0,0,0,0,0,0,0,0,0
6.153168678283691,0,0.0,0.0,0.0,0.0,0.0,0.0,0.0,0.0,0.03,0,0,0,0,0,0,0,0,0,0,0,0,0,0,0,0,0,0,0,0,0
6.154324531555176,0,0.0,0.0,0.0,0.0,0.0,0.0,0.0,0.0,0.03,0,0,0,0,0,0,0,0,0,0,0,0,0,0,0,0,0,0,0,0,0
6.155602216720581,0,0.0,0.0,0.0,0.0,0.0,0.0,0.0,0.0,0.03,0,0,0,0,0,0,0,0,0,0,0,0,0,0,0,0,0,0,0,0,0
6.156869173049927,0,0.0,0.0,0.0,0.0,0.0,0.0,0.0,0.0,0.03,0,0,0,0,0,0,0,0,0,0,0,0,0,0,0,0,0,0,0,0,0
6.1579601764678955,0,0.0,0.0,0.0,0.0,0.0,0.0,0.0,0.0,0.03,0,0,0,0,0,0,0,0,0,0,0,0,0,0,0,0,0,0,0,0,0
6.159607887268066,0,0.0,0.0,0.0,0.0,0.0,0.0,0.0,0.0,0.03,0,0,0,0,0,0,0,0,0,0,0,0,0,0,0,0,0,0,0,0,0
6.160754442214966,0,0.0,0.0,0.0,0.0,0.0,0.0,0.0,0.0,0.03,0,0,0,0,0,0,0,0,0,0,0,0,0,0,0,0,0,0,0,0,0
6.162003040313721,0,0.0,0.0,0.0,0.0,0.0,0.0,0.0,0.0,0.03,0,0,0,0,0,0,0,0,0,0,0,0,0,0,0,0,0,0,0,0,0
6.163363218307495,0,0.0,0.0,0.0,0.0,0.0,0.0,0.0,0.0,0.03,0,0,0,0,0,0,0,0,0,0,0,0,0,0,0,0,0,0,0,0,0
6.164822340011597,0,0.0,0.0,0.0,0.0,0.0,0.0,0.0,0.0,0.03,0,0,0,0,0,0,0,0,0,0,0,0,0,0,0,0,0,0,0,0,0
6.166104078292847,0,0.0,0.0,0.0,0.0,0.0,0.0,0.0,0.0,0.03,0,0,0,0,0,0,0,0,0,0,0,0,0,0,0,0,0,0,0,0,0
6.168851375579834,0,0.0,0.0,0.0,0.0,0.0,0.0,0.0,0.0,0.03,0,0,0,0,0,0,0,0,0,0,0,0,0,0,0,0,0,0,0,0,0
6.170156955718994,0,0.0,0.0,0.0,0.0,0.0,0.0,0.0,0.0,0.03,0,0,0,0,0,0,0,0,0,0,0,0,0,0,0,0,0,0,0,0,0
6.1714842319488525,0,0.0,0.0,0.0,0.0,0.0,0.0,0.0,0.0,0.03,0,0,0,0,0,0,0,0,0,0,0,0,0,0,0,0,0,0,0,0,0
6.172603368759155,0,0.0,0.0,0.0,0.0,0.0,0.0,0.0,0.0,0.03,0,0,0,0,0,0,0,0,0,0,0,0,0,0,0,0,0,0,0,0,0
6.174216270446777,0,0.0,0.0,0.0,0.0,0.0,0.0,0.0,0.0,0.03,0,0,0,0,0,0,0,0,0,0,0,0,0,0,0,0,0,0,0,0,0
6.1756322383880615,0,0.0,0.0,0.0,0.0,0.0,0.0,0.0,0.0,0.03,0,0,0,0,0,0,0,0,0,0,0,0,0,0,0,0,0,0,0,0,0
6.177611589431763,0,0.0,0.0,0.0,0.0,0.0,0.0,0.0,0.0,0.03,0,0,0,0,0,0,0,0,0,0,0,0,0,0,0,0,0,0,0,0,0
6.179184675216675,0,0.0,0.0,0.0,0.0,0.0,0.0,0.0,0.0,0.03,0,0,0,0,0,0,0,0,0,0,0,0,0,0,0,0,0,0,0,0,0
6.1803505420684814,0,0.0,0.0,0.0,0.0,0.0,0.0,0.0,0.0,0.03,0,0,0,0,0,0,0,0,0,0,0,0,0,0,0,0,0,0,0,0,0
6.181433916091919,0,0.0,0.0,0.0,0.0,0.0,0.0,0.0,0.0,0.03,0,0,0,0,0,0,0,0,0,0,0,0,0,0,0,0,0,0,0,0,0
6.182531356811523,0,0.0,0.0,0.0,0.0,0.0,0.0,0.0,0.0,0.03,0,0,0,0,0,0,0,0,0,0,0,0,0,0,0,0,0,0,0,0,0
6.183619737625122,0,0.0,0.0,0.0,0.0,0.0,0.0,0.0,0.0,0.03,0,0,0,0,0,0,0,0,0,0,0,0,0,0,0,0,0,0,0,0,0
6.1847076416015625,0,0.0,0.0,0.0,0.0,0.0,0.0,0.0,0.0,0.03,0,0,0,0,0,0,0,0,0,0,0,0,0,0,0,0,0,0,0,0,0
6.186402320861816,0,0.0,0.0,0.0,0.0,0.0,0.0,0.0,0.0,0.03,0,0,0,0,0,0,0,0,0,0,0,0,0,0,0,0,0,0,0,0,0
6.188639402389526,0,0.0,0.0,0.0,0.0,0.0,0.0,0.0,0.0,0.03,0,0,0,0,0,0,0,0,0,0,0,0,0,0,0,0,0,0,0,0,0
6.190668106079102,0,0.0,0.0,0.0,0.0,0.0,0.0,0.0,0.0,0.03,0,0,0,0,0,0,0,0,0,0,0,0,0,0,0,0,0,0,0,0,0
6.192002534866333,0,0.0,0.0,0.0,0.0,0.0,0.0,0.0,0.0,0.03,0,0,0,0,0,0,0,0,0,0,0,0,0,0,0,0,0,0,0,0,0
6.193287372589111,0,0.0,0.0,0.0,0.0,0.0,0.0,0.0,0.0,0.03,0,0,0,0,0,0,0,0,0,0,0,0,0,0,0,0,0,0,0,0,0
6.1945836544036865,0,0.0,0.0,0.0,0.0,0.0,0.0,0.0,0.0,0.03,0,0,0,0,0,0,0,0,0,0,0,0,0,0,0,0,0,0,0,0,0
6.1966962814331055,0,0.0,0.0,0.0,0.0,0.0,0.0,0.0,0.0,0.03,0,0,0,0,0,0,0,0,0,0,0,0,0,0,0,0,0,0,0,0,0
6.197941541671753,0,0.0,0.0,0.0,0.0,0.0,0.0,0.0,0.0,0.03,0,0,0,0,0,0,0,0,0,0,0,0,0,0,0,0,0,0,0,0,0
6.199017286300659,0,0.0,0.0,0.0,0.0,0.0,0.0,0.0,0.0,0.03,0,0,0,0,0,0,0,0,0,0,0,0,0,0,0,0,0,0,0,0,0
6.200976610183716,0,0.0,0.0,0.0,0.0,0.0,0.0,0.0,0.0,0.03,0,0,0,0,0,0,0,0,0,0,0,0,0,0,0,0,0,0,0,0,0
6.202071666717529,0,0.0,0.0,0.0,0.0,0.0,0.0,0.0,0.0,0.03,0,0,0,0,0,0,0,0,0,0,0,0,0,0,0,0,0,0,0,0,0
6.203249216079712,0,0.0,0.0,0.0,0.0,0.0,0.0,0.0,0.0,0.03,0,0,0,0,0,0,0,0,0,0,0,0,0,0,0,0,0,0,0,0,0
6.2044079303741455,0,0.0,0.0,0.0,0.0,0.0,0.0,0.0,0.0,0.03,0,0,0,0,0,0,0,0,0,0,0,0,0,0,0,0,0,0,0,0,0
6.205941915512085,0,0.0,0.0,0.0,0.0,0.0,0.0,0.0,0.0,0.03,0,0,0,0,0,0,0,0,0,0,0,0,0,0,0,0,0,0,0,0,0
6.207071781158447,0,0.0,0.0,0.0,0.0,0.0,0.0,0.0,0.0,0.03,0,0,0,0,0,0,0,0,0,0,0,0,0,0,0,0,0,0,0,0,0
6.209805250167847,0,0.0,0.0,0.0,0.0,0.0,0.0,0.0,0.0,0.03,0,0,0,0,0,0,0,0,0,0,0,0,0,0,0,0,0,0,0,0,0
6.2130818367004395,0,0.0,0.0,0.0,0.0,0.0,0.0,0.0,0.0,0.03,0,0,0,0,0,0,0,0,0,0,0,0,0,0,0,0,0,0,0,0,0
6.214215278625488,0,0.0,0.0,0.0,0.0,0.0,0.0,0.0,0.0,0.03,0,0,0,0,0,0,0,0,0,0,0,0,0,0,0,0,0,0,0,0,0
6.216786623001099,0,0.0,0.0,0.0,0.0,0.0,0.0,0.0,0.0,0.03,0,0,0,0,0,0,0,0,0,0,0,0,0,0,0,0,0,0,0,0,0
6.218403100967407,0,0.0,0.0,0.0,0.0,0.0,0.0,0.0,0.0,0.03,0,0,0,0,0,0,0,0,0,0,0,0,0,0,0,0,0,0,0,0,0
6.219619512557983,0,0.0,0.0,0.0,0.0,0.0,0.0,0.0,0.0,0.03,0,0,0,0,0,0,0,0,0,0,0,0,0,0,0,0,0,0,0,0,0
6.221873998641968,0,0.0,0.0,0.0,0.0,0.0,0.0,0.0,0.0,0.03,0,0,0,0,0,0,0,0,0,0,0,0,0,0,0,0,0,0,0,0,0
6.223149299621582,0,0.0,0.0,0.0,0.0,0.0,0.0,0.0,0.0,0.03,0,0,0,0,0,0,0,0,0,0,0,0,0,0,0,0,0,0,0,0,0
6.224241495132446,0,0.0,0.0,0.0,0.0,0.0,0.0,0.0,0.0,0.03,0,0,0,0,0,0,0,0,0,0,0,0,0,0,0,0,0,0,0,0,0
6.227001905441284,0,0.0,0.0,0.0,0.0,0.0,0.0,0.0,0.0,0.03,0,0,0,0,0,0,0,0,0,0,0,0,0,0,0,0,0,0,0,0,0
6.228255987167358,0,0.0,0.0,0.0,0.0,0.0,0.0,0.0,0.0,0.03,0,0,0,0,0,0,0,0,0,0,0,0,0,0,0,0,0,0,0,0,0
6.230680465698242,0,0.0,0.0,0.0,0.0,0.0,0.0,0.0,0.0,0.03,0,0,0,0,0,0,0,0,0,0,0,0,0,0,0,0,0,0,0,0,0
6.2331085205078125,0,0.0,0.0,0.0,0.0,0.0,0.0,0.0,0.0,0.03,0,0,0,0,0,0,0,0,0,0,0,0,0,0,0,0,0,0,0,0,0
6.234278678894043,0,0.0,0.0,0.0,0.0,0.0,0.0,0.0,0.0,0.03,0,0,0,0,0,0,0,0,0,0,0,0,0,0,0,0,0,0,0,0,0
6.23591685295105,0,0.0,0.0,0.0,0.0,0.0,0.0,0.0,0.0,0.03,0,0,0,0,0,0,0,0,0,0,0,0,0,0,0,0,0,0,0,0,0
6.237307548522949,0,0.0,0.0,0.0,0.0,0.0,0.0,0.0,0.0,0.03,0,0,0,0,0,0,0,0,0,0,0,0,0,0,0,0,0,0,0,0,0
6.23896050453186,0,0.0,0.0,0.0,0.0,0.0,0.0,0.0,0.0,0.03,0,0,0,0,0,0,0,0,0,0,0,0,0,0,0,0,0,0,0,0,0
6.24006986618042,0,0.0,0.0,0.0,0.0,0.0,0.0,0.0,0.0,0.03,0,0,0,0,0,0,0,0,0,0,0,0,0,0,0,0,0,0,0,0,0
6.241557598114014,0,0.0,0.0,0.0,0.0,0.0,0.0,0.0,0.0,0.03,0,0,0,0,0,0,0,0,0,0,0,0,0,0,0,0,0,0,0,0,0
6.242635488510132,0,0.0,0.0,0.0,0.0,0.0,0.0,0.0,0.0,0.03,0,0,0,0,0,0,0,0,0,0,0,0,0,0,0,0,0,0,0,0,0
6.24384069442749,0,0.0,0.0,0.0,0.0,0.0,0.0,0.0,0.0,0.03,0,0,0,0,0,0,0,0,0,0,0,0,0,0,0,0,0,0,0,0,0
6.245483636856079,0,0.0,0.0,0.0,0.0,0.0,0.0,0.0,0.0,0.03,0,0,0,0,0,0,0,0,0,0,0,0,0,0,0,0,0,0,0,0,0
6.2471044063568115,0,0.0,0.0,0.0,0.0,0.0,0.0,0.0,0.0,0.03,0,0,0,0,0,0,0,0,0,0,0,0,0,0,0,0,0,0,0,0,0
6.248190879821777,0,0.0,0.0,0.0,0.0,0.0,0.0,0.0,0.0,0.03,0,0,0,0,0,0,0,0,0,0,0,0,0,0,0,0,0,0,0,0,0
6.249293088912964,0,0.0,0.0,0.0,0.0,0.0,0.0,0.0,0.0,0.03,0,0,0,0,0,0,0,0,0,0,0,0,0,0,0,0,0,0,0,0,0
6.250421047210693,0,0.0,0.0,0.0,0.0,0.0,0.0,0.0,0.0,0.03,0,0,0,0,0,0,0,0,0,0,0,0,0,0,0,0,0,0,0,0,0
6.251611948013306,0,0.0,0.0,0.0,0.0,0.0,0.0,0.0,0.0,0.03,0,0,0,0,0,0,0,0,0,0,0,0,0,0,0,0,0,0,0,0,0
6.25269889831543,0,0.0,0.0,0.0,0.0,0.0,0.0,0.0,0.0,0.03,0,0,0,0,0,0,0,0,0,0,0,0,0,0,0,0,0,0,0,0,0
6.2539966106414795,0,0.0,0.0,0.0,0.0,0.0,0.0,0.0,0.0,0.03,0,0,0,0,0,0,0,0,0,0,0,0,0,0,0,0,0,0,0,0,0
6.255738019943237,0,0.0,0.0,0.0,0.0,0.0,0.0,0.0,0.0,0.03,0,0,0,0,0,0,0,0,0,0,0,0,0,0,0,0,0,0,0,0,0
6.2568395137786865,0,0.0,0.0,0.0,0.0,0.0,0.0,0.0,0.0,0.03,0,0,0,0,0,0,0,0,0,0,0,0,0,0,0,0,0,0,0,0,0
6.260049104690552,0,0.0,0.0,0.0,0.0,0.0,0.0,0.0,0.0,0.03,0,0,0,0,0,0,0,0,0,0,0,0,0,0,0,0,0,0,0,0,0
6.261303186416626,0,0.0,0.0,0.0,0.0,0.0,0.0,0.0,0.0,0.03,0,0,0,0,0,0,0,0,0,0,0,0,0,0,0,0,0,0,0,0,0
6.262559652328491,0,0.0,0.0,0.0,0.0,0.0,0.0,0.0,0.0,0.03,0,0,0,0,0,0,0,0,0,0,0,0,0,0,0,0,0,0,0,0,0
6.263900518417358,0,0.0,0.0,0.0,0.0,0.0,0.0,0.0,0.0,0.03,0,0,0,0,0,0,0,0,0,0,0,0,0,0,0,0,0,0,0,0,0
6.26550817489624,0,0.0,0.0,0.0,0.0,0.0,0.0,0.0,0.0,0.03,0,0,0,0,0,0,0,0,0,0,0,0,0,0,0,0,0,0,0,0,0
6.266624212265015,0,0.0,0.0,0.0,0.0,0.0,0.0,0.0,0.0,0.03,0,0,0,0,0,0,0,0,0,0,0,0,0,0,0,0,0,0,0,0,0
6.267869710922241,0,0.0,0.0,0.0,0.0,0.0,0.0,0.0,0.0,0.03,0,0,0,0,0,0,0,0,0,0,0,0,0,0,0,0,0,0,0,0,0
6.268973350524902,0,0.0,0.0,0.0,0.0,0.0,0.0,0.0,0.0,0.03,0,0,0,0,0,0,0,0,0,0,0,0,0,0,0,0,0,0,0,0,0
6.270223140716553,0,0.0,0.0,0.0,0.0,0.0,0.0,0.0,0.0,0.03,0,0,0,0,0,0,0,0,0,0,0,0,0,0,0,0,0,0,0,0,0
6.271394968032837,0,0.0,0.0,0.0,0.0,0.0,0.0,0.0,0.0,0.03,0,0,0,0,0,0,0,0,0,0,0,0,0,0,0,0,0,0,0,0,0
6.272670745849609,0,0.0,0.0,0.0,0.0,0.0,0.0,0.0,0.0,0.03,0,0,0,0,0,0,0,0,0,0,0,0,0,0,0,0,0,0,0,0,0
6.2737367153167725,0,0.0,0.0,0.0,0.0,0.0,0.0,0.0,0.0,0.03,0,0,0,0,0,0,0,0,0,0,0,0,0,0,0,0,0,0,0,0,0
6.27486252784729,0,0.0,0.0,0.0,0.0,0.0,0.0,0.0,0.0,0.03,0,0,0,0,0,0,0,0,0,0,0,0,0,0,0,0,0,0,0,0,0
6.277714014053345,0,0.0,0.0,0.0,0.0,0.0,0.0,0.0,0.0,0.03,0,0,0,0,0,0,0,0,0,0,0,0,0,0,0,0,0,0,0,0,0
6.280283212661743,0,0.0,0.0,0.0,0.0,0.0,0.0,0.0,0.0,0.03,0,0,0,0,0,0,0,0,0,0,0,0,0,0,0,0,0,0,0,0,0
6.28162956237793,0,0.0,0.0,0.0,0.0,0.0,0.0,0.0,0.0,0.03,0,0,0,0,0,0,0,0,0,0,0,0,0,0,0,0,0,0,0,0,0
6.2839837074279785,0,0.0,0.0,0.0,0.0,0.0,0.0,0.0,0.0,0.03,0,0,0,0,0,0,0,0,0,0,0,0,0,0,0,0,0,0,0,0,0
6.285097360610962,0,0.0,0.0,0.0,0.0,0.0,0.0,0.0,0.0,0.03,0,0,0,0,0,0,0,0,0,0,0,0,0,0,0,0,0,0,0,0,0
6.2862467765808105,0,0.0,0.0,0.0,0.0,0.0,0.0,0.0,0.0,0.03,0,0,0,0,0,0,0,0,0,0,0,0,0,0,0,0,0,0,0,0,0
6.287472486495972,0,0.0,0.0,0.0,0.0,0.0,0.0,0.0,0.0,0.03,0,0,0,0,0,0,0,0,0,0,0,0,0,0,0,0,0,0,0,0,0
6.28873872756958,0,0.0,0.0,0.0,0.0,0.0,0.0,0.0,0.0,0.03,0,0,0,0,0,0,0,0,0,0,0,0,0,0,0,0,0,0,0,0,0
6.289808034896851,0,0.0,0.0,0.0,0.0,0.0,0.0,0.0,0.0,0.03,0,0,0,0,0,0,0,0,0,0,0,0,0,0,0,0,0,0,0,0,0
6.292710065841675,0,0.0,0.0,0.0,0.0,0.0,0.0,0.0,0.0,0.03,0,0,0,0,0,0,0,0,0,0,0,0,0,0,0,0,0,0,0,0,0
6.293976783752441,0,0.0,0.0,0.0,0.0,0.0,0.0,0.0,0.0,0.03,0,0,0,0,0,0,0,0,0,0,0,0,0,0,0,0,0,0,0,0,0
6.296454429626465,0,0.0,0.0,0.0,0.0,0.0,0.0,0.0,0.0,0.03,0,0,0,0,0,0,0,0,0,0,0,0,0,0,0,0,0,0,0,0,0
6.298474073410034,0,0.0,0.0,0.0,0.0,0.0,0.0,0.0,0.0,0.03,0,0,0,0,0,0,0,0,0,0,0,0,0,0,0,0,0,0,0,0,0
6.300228118896484,0,0.0,0.0,0.0,0.0,0.0,0.0,0.0,0.0,0.03,0,0,0,0,0,0,0,0,0,0,0,0,0,0,0,0,0,0,0,0,0
6.30178165435791,0,0.0,0.0,0.0,0.0,0.0,0.0,0.0,0.0,0.03,0,0,0,0,0,0,0,0,0,0,0,0,0,0,0,0,0,0,0,0,0
6.303118944168091,0,0.0,0.0,0.0,0.0,0.0,0.0,0.0,0.0,0.03,0,0,0,0,0,0,0,0,0,0,0,0,0,0,0,0,0,0,0,0,0
6.30436110496521,0,0.0,0.0,0.0,0.0,0.0,0.0,0.0,0.0,0.03,0,0,0,0,0,0,0,0,0,0,0,0,0,0,0,0,0,0,0,0,0
6.306075572967529,0,0.0,0.0,0.0,0.0,0.0,0.0,0.0,0.0,0.03,0,0,0,0,0,0,0,0,0,0,0,0,0,0,0,0,0,0,0,0,0
6.307183027267456,0,0.0,0.0,0.0,0.0,0.0,0.0,0.0,0.0,0.03,0,0,0,0,0,0,0,0,0,0,0,0,0,0,0,0,0,0,0,0,0
6.3083717823028564,0,0.0,0.0,0.0,0.0,0.0,0.0,0.0,0.0,0.03,0,0,0,0,0,0,0,0,0,0,0,0,0,0,0,0,0,0,0,0,0
6.309512376785278,0,0.0,0.0,0.0,0.0,0.0,0.0,0.0,0.0,0.03,0,0,0,0,0,0,0,0,0,0,0,0,0,0,0,0,0,0,0,0,0
6.310634613037109,0,0.0,0.0,0.0,0.0,0.0,0.0,0.0,0.0,0.03,0,0,0,0,0,0,0,0,0,0,0,0,0,0,0,0,0,0,0,0,0
6.311708211898804,0,0.0,0.0,0.0,0.0,0.0,0.0,0.0,0.0,0.03,0,0,0,0,0,0,0,0,0,0,0,0,0,0,0,0,0,0,0,0,0
6.312771320343018,0,0.0,0.0,0.0,0.0,0.0,0.0,0.0,0.0,0.03,0,0,0,0,0,0,0,0,0,0,0,0,0,0,0,0,0,0,0,0,0
6.313832521438599,0,0.0,0.0,0.0,0.0,0.0,0.0,0.0,0.0,0.03,0,0,0,0,0,0,0,0,0,0,0,0,0,0,0,0,0,0,0,0,0
6.314899444580078,0,0.0,0.0,0.0,0.0,0.0,0.0,0.0,0.0,0.03,0,0,0,0,0,0,0,0,0,0,0,0,0,0,0,0,0,0,0,0,0
6.316220283508301,0,0.0,0.0,0.0,0.0,0.0,0.0,0.0,0.0,0.03,0,0,0,0,0,0,0,0,0,0,0,0,0,0,0,0,0,0,0,0,0
6.317308187484741,0,0.0,0.0,0.0,0.0,0.0,0.0,0.0,0.0,0.03,0,0,0,0,0,0,0,0,0,0,0,0,0,0,0,0,0,0,0,0,0
6.318405866622925,0,0.0,0.0,0.0,0.0,0.0,0.0,0.0,0.0,0.03,0,0,0,0,0,0,0,0,0,0,0,0,0,0,0,0,0,0,0,0,0
6.320067405700684,0,0.0,0.0,0.0,0.0,0.0,0.0,0.0,0.0,0.03,0,0,0,0,0,0,0,0,0,0,0,0,0,0,0,0,0,0,0,0,0
6.321876287460327,0,0.0,0.0,0.0,0.0,0.0,0.0,0.0,0.0,0.03,0,0,0,0,0,0,0,0,0,0,0,0,0,0,0,0,0,0,0,0,0
6.324354648590088,0,0.0,0.0,0.0,0.0,0.0,0.0,0.0,0.0,0.03,0,0,0,0,0,0,0,0,0,0,0,0,0,0,0,0,0,0,0,0,0
6.325554370880127,0,0.0,0.0,0.0,0.0,0.0,0.0,0.0,0.0,0.03,0,0,0,0,0,0,0,0,0,0,0,0,0,0,0,0,0,0,0,0,0
6.326674699783325,0,0.0,0.0,0.0,0.0,0.0,0.0,0.0,0.0,0.03,0,0,0,0,0,0,0,0,0,0,0,0,0,0,0,0,0,0,0,0,0
6.328860521316528,0,0.0,0.0,0.0,0.0,0.0,0.0,0.0,0.0,0.03,0,0,0,0,0,0,0,0,0,0,0,0,0,0,0,0,0,0,0,0,0
6.330185890197754,0,0.0,0.0,0.0,0.0,0.0,0.0,0.0,0.0,0.03,0,0,0,0,0,0,0,0,0,0,0,0,0,0,0,0,0,0,0,0,0
6.331287145614624,0,0.0,0.0,0.0,0.0,0.0,0.0,0.0,0.0,0.03,0,0,0,0,0,0,0,0,0,0,0,0,0,0,0,0,0,0,0,0,0
6.332532644271851,0,0.0,0.0,0.0,0.0,0.0,0.0,0.0,0.0,0.03,0,0,0,0,0,0,0,0,0,0,0,0,0,0,0,0,0,0,0,0,0
6.333684682846069,0,0.0,0.0,0.0,0.0,0.0,0.0,0.0,0.0,0.03,0,0,0,0,0,0,0,0,0,0,0,0,0,0,0,0,0,0,0,0,0
6.33486795425415,0,0.0,0.0,0.0,0.0,0.0,0.0,0.0,0.0,0.03,0,0,0,0,0,0,0,0,0,0,0,0,0,0,0,0,0,0,0,0,0
6.336049556732178,0,0.0,0.0,0.0,0.0,0.0,0.0,0.0,0.0,0.03,0,0,0,0,0,0,0,0,0,0,0,0,0,0,0,0,0,0,0,0,0
6.337256669998169,0,0.0,0.0,0.0,0.0,0.0,0.0,0.0,0.0,0.03,0,0,0,0,0,0,0,0,0,0,0,0,0,0,0,0,0,0,0,0,0
6.3383190631866455,0,0.0,0.0,0.0,0.0,0.0,0.0,0.0,0.0,0.03,0,0,0,0,0,0,0,0,0,0,0,0,0,0,0,0,0,0,0,0,0
6.340302228927612,0,0.0,0.0,0.0,0.0,0.0,0.0,0.0,0.0,0.03,0,0,0,0,0,0,0,0,0,0,0,0,0,0,0,0,0,0,0,0,0
6.342107772827148,0,0.0,0.0,0.0,0.0,0.0,0.0,0.0,0.0,0.03,0,0,0,0,0,0,0,0,0,0,0,0,0,0,0,0,0,0,0,0,0
6.343694686889648,0,0.0,0.0,0.0,0.0,0.0,0.0,0.0,0.0,0.03,0,0,0,0,0,0,0,0,0,0,0,0,0,0,0,0,0,0,0,0,0
6.345143795013428,0,0.0,0.0,0.0,0.0,0.0,0.0,0.0,0.0,0.03,0,0,0,0,0,0,0,0,0,0,0,0,0,0,0,0,0,0,0,0,0
6.3464953899383545,0,0.0,0.0,0.0,0.0,0.0,0.0,0.0,0.0,0.03,0,0,0,0,0,0,0,0,0,0,0,0,0,0,0,0,0,0,0,0,0
6.348506927490234,0,0.0,0.0,0.0,0.0,0.0,0.0,0.0,0.0,0.03,0,0,0,0,0,0,0,0,0,0,0,0,0,0,0,0,0,0,0,0,0
6.349748373031616,0,0.0,0.0,0.0,0.0,0.0,0.0,0.0,0.0,0.03,0,0,0,0,0,0,0,0,0,0,0,0,0,0,0,0,0,0,0,0,0
6.350834369659424,0,0.0,0.0,0.0,0.0,0.0,0.0,0.0,0.0,0.03,0,0,0,0,0,0,0,0,0,0,0,0,0,0,0,0,0,0,0,0,0
6.35272479057312,0,0.0,0.0,0.0,0.0,0.0,0.0,0.0,0.0,0.03,0,0,0,0,0,0,0,0,0,0,0,0,0,0,0,0,0,0,0,0,0
6.35412859916687,0,0.0,0.0,0.0,0.0,0.0,0.0,0.0,0.0,0.03,0,0,0,0,0,0,0,0,0,0,0,0,0,0,0,0,0,0,0,0,0
6.3573267459869385,0,0.0,0.0,0.0,0.0,0.0,0.0,0.0,0.0,0.03,0,0,0,0,0,0,0,0,0,0,0,0,0,0,0,0,0,0,0,0,0
6.358686208724976,0,0.0,0.0,0.0,0.0,0.0,0.0,0.0,0.0,0.03,0,0,0,0,0,0,0,0,0,0,0,0,0,0,0,0,0,0,0,0,0
6.3598315715789795,0,0.0,0.0,0.0,0.0,0.0,0.0,0.0,0.0,0.03,0,0,0,0,0,0,0,0,0,0,0,0,0,0,0,0,0,0,0,0,0
6.361725330352783,0,0.0,0.0,0.0,0.0,0.0,0.0,0.0,0.0,0.03,0,0,0,0,0,0,0,0,0,0,0,0,0,0,0,0,0,0,0,0,0
6.363754987716675,0,0.0,0.0,0.0,0.0,0.0,0.0,0.0,0.0,0.03,0,0,0,0,0,0,0,0,0,0,0,0,0,0,0,0,0,0,0,0,0
6.365287780761719,0,0.0,0.0,0.0,0.0,0.0,0.0,0.0,0.0,0.03,0,0,0,0,0,0,0,0,0,0,0,0,0,0,0,0,0,0,0,0,0
6.366644382476807,0,0.0,0.0,0.0,0.0,0.0,0.0,0.0,0.0,0.03,0,0,0,0,0,0,0,0,0,0,0,0,0,0,0,0,0,0,0,0,0
6.3678953647613525,0,0.0,0.0,0.0,0.0,0.0,0.0,0.0,0.0,0.03,0,0,0,0,0,0,0,0,0,0,0,0,0,0,0,0,0,0,0,0,0
6.3696630001068115,0,0.0,0.0,0.0,0.0,0.0,0.0,0.0,0.0,0.03,0,0,0,0,0,0,0,0,0,0,0,0,0,0,0,0,0,0,0,0,0
6.370997905731201,0,0.0,0.0,0.0,0.0,0.0,0.0,0.0,0.0,0.03,0,0,0,0,0,0,0,0,0,0,0,0,0,0,0,0,0,0,0,0,0
6.372148513793945,0,0.0,0.0,0.0,0.0,0.0,0.0,0.0,0.0,0.03,0,0,0,0,0,0,0,0,0,0,0,0,0,0,0,0,0,0,0,0,0
6.373946189880371,0,0.0,0.0,0.0,0.0,0.0,0.0,0.0,0.0,0.03,0,0,0,0,0,0,0,0,0,0,0,0,0,0,0,0,0,0,0,0,0
6.37556529045105,0,0.0,0.0,0.0,0.0,0.0,0.0,0.0,0.0,0.03,0,0,0,0,0,0,0,0,0,0,0,0,0,0,0,0,0,0,0,0,0
6.3767783641815186,0,0.0,0.0,0.0,0.0,0.0,0.0,0.0,0.0,0.03,0,0,0,0,0,0,0,0,0,0,0,0,0,0,0,0,0,0,0,0,0
6.377856731414795,0,0.0,0.0,0.0,0.0,0.0,0.0,0.0,0.0,0.03,0,0,0,0,0,0,0,0,0,0,0,0,0,0,0,0,0,0,0,0,0
6.37897515296936,0,0.0,0.0,0.0,0.0,0.0,0.0,0.0,0.0,0.03,0,0,0,0,0,0,0,0,0,0,0,0,0,0,0,0,0,0,0,0,0
6.380335330963135,0,0.0,0.0,0.0,0.0,0.0,0.0,0.0,0.0,0.03,0,0,0,0,0,0,0,0,0,0,0,0,0,0,0,0,0,0,0,0,0
6.381801128387451,0,0.0,0.0,0.0,0.0,0.0,0.0,0.0,0.0,0.03,0,0,0,0,0,0,0,0,0,0,0,0,0,0,0,0,0,0,0,0,0
6.38293981552124,0,0.0,0.0,0.0,0.0,0.0,0.0,0.0,0.0,0.03,0,0,0,0,0,0,0,0,0,0,0,0,0,0,0,0,0,0,0,0,0
6.3844993114471436,0,0.0,0.0,0.0,0.0,0.0,0.0,0.0,0.0,0.03,0,0,0,0,0,0,0,0,0,0,0,0,0,0,0,0,0,0,0,0,0
6.386082887649536,0,0.0,0.0,0.0,0.0,0.0,0.0,0.0,0.0,0.03,0,0,0,0,0,0,0,0,0,0,0,0,0,0,0,0,0,0,0,0,0
6.38719916343689,0,0.0,0.0,0.0,0.0,0.0,0.0,0.0,0.0,0.03,0,0,0,0,0,0,0,0,0,0,0,0,0,0,0,0,0,0,0,0,0
6.38834285736084,0,0.0,0.0,0.0,0.0,0.0,0.0,0.0,0.0,0.03,0,0,0,0,0,0,0,0,0,0,0,0,0,0,0,0,0,0,0,0,0
6.389441251754761,0,0.0,0.0,0.0,0.0,0.0,0.0,0.0,0.0,0.03,0,0,0,0,0,0,0,0,0,0,0,0,0,0,0,0,0,0,0,0,0
6.391874313354492,0,0.0,0.0,0.0,0.0,0.0,0.0,0.0,0.0,0.03,0,0,0,0,0,0,0,0,0,0,0,0,0,0,0,0,0,0,0,0,0
6.393185138702393,0,0.0,0.0,0.0,0.0,0.0,0.0,0.0,0.0,0.03,0,0,0,0,0,0,0,0,0,0,0,0,0,0,0,0,0,0,0,0,0
6.394277095794678,0,0.0,0.0,0.0,0.0,0.0,0.0,0.0,0.0,0.03,0,0,0,0,0,0,0,0,0,0,0,0,0,0,0,0,0,0,0,0,0
6.3955512046813965,0,0.0,0.0,0.0,0.0,0.0,0.0,0.0,0.0,0.03,0,0,0,0,0,0,0,0,0,0,0,0,0,0,0,0,0,0,0,0,0
6.396672010421753,0,0.0,0.0,0.0,0.0,0.0,0.0,0.0,0.0,0.03,0,0,0,0,0,0,0,0,0,0,0,0,0,0,0,0,0,0,0,0,0
6.397893905639648,0,0.0,0.0,0.0,0.0,0.0,0.0,0.0,0.0,0.03,0,0,0,0,0,0,0,0,0,0,0,0,0,0,0,0,0,0,0,0,0
6.3990678787231445,0,0.0,0.0,0.0,0.0,0.0,0.0,0.0,0.0,0.03,0,0,0,0,0,0,0,0,0,0,0,0,0,0,0,0,0,0,0,0,0
6.400235176086426,0,0.0,0.0,0.0,0.0,0.0,0.0,0.0,0.0,0.03,0,0,0,0,0,0,0,0,0,0,0,0,0,0,0,0,0,0,0,0,0
6.401324272155762,0,0.0,0.0,0.0,0.0,0.0,0.0,0.0,0.0,0.03,0,0,0,0,0,0,0,0,0,0,0,0,0,0,0,0,0,0,0,0,0
6.403583288192749,0,0.0,0.0,0.0,0.0,0.0,0.0,0.0,0.0,0.03,0,0,0,0,0,0,0,0,0,0,0,0,0,0,0,0,0,0,0,0,0
6.405919075012207,0,0.0,0.0,0.0,0.0,0.0,0.0,0.0,0.0,0.03,0,0,0,0,0,0,0,0,0,0,0,0,0,0,0,0,0,0,0,0,0
6.407404184341431,0,0.0,0.0,0.0,0.0,0.0,0.0,0.0,0.0,0.03,0,0,0,0,0,0,0,0,0,0,0,0,0,0,0,0,0,0,0,0,0
6.4085516929626465,0,0.0,0.0,0.0,0.0,0.0,0.0,0.0,0.0,0.03,0,0,0,0,0,0,0,0,0,0,0,0,0,0,0,0,0,0,0,0,0
6.410429000854492,0,0.0,0.0,0.0,0.0,0.0,0.0,0.0,0.0,0.03,0,0,0,0,0,0,0,0,0,0,0,0,0,0,0,0,0,0,0,0,0
6.4122936725616455,0,0.0,0.0,0.0,0.0,0.0,0.0,0.0,0.0,0.03,0,0,0,0,0,0,0,0,0,0,0,0,0,0,0,0,0,0,0,0,0
6.413384914398193,0,0.0,0.0,0.0,0.0,0.0,0.0,0.0,0.0,0.03,0,0,0,0,0,0,0,0,0,0,0,0,0,0,0,0,0,0,0,0,0
6.41504979133606,0,0.0,0.0,0.0,0.0,0.0,0.0,0.0,0.0,0.03,0,0,0,0,0,0,0,0,0,0,0,0,0,0,0,0,0,0,0,0,0
6.416579008102417,0,0.0,0.0,0.0,0.0,0.0,0.0,0.0,0.0,0.03,0,0,0,0,0,0,0,0,0,0,0,0,0,0,0,0,0,0,0,0,0
6.4196271896362305,0,0.0,0.0,0.0,0.0,0.0,0.0,0.0,0.0,0.03,0,0,0,0,0,0,0,0,0,0,0,0,0,0,0,0,0,0,0,0,0
6.420850992202759,0,0.0,0.0,0.0,0.0,0.0,0.0,0.0,0.0,0.03,0,0,0,0,0,0,0,0,0,0,0,0,0,0,0,0,0,0,0,0,0
6.421981334686279,0,0.0,0.0,0.0,0.0,0.0,0.0,0.0,0.0,0.03,0,0,0,0,0,0,0,0,0,0,0,0,0,0,0,0,0,0,0,0,0
6.42359185218811,0,0.0,0.0,0.0,0.0,0.0,0.0,0.0,0.0,0.03,0,0,0,0,0,0,0,0,0,0,0,0,0,0,0,0,0,0,0,0,0
6.425824880599976,0,0.0,0.0,0.0,0.0,0.0,0.0,0.0,0.0,0.03,0,0,0,0,0,0,0,0,0,0,0,0,0,0,0,0,0,0,0,0,0
6.427735328674316,0,0.0,0.0,0.0,0.0,0.0,0.0,0.0,0.0,0.03,0,0,0,0,0,0,0,0,0,0,0,0,0,0,0,0,0,0,0,0,0
6.4288201332092285,0,0.0,0.0,0.0,0.0,0.0,0.0,0.0,0.0,0.03,0,0,0,0,0,0,0,0,0,0,0,0,0,0,0,0,0,0,0,0,0
6.430108308792114,0,0.0,0.0,0.0,0.0,0.0,0.0,0.0,0.0,0.03,0,0,0,0,0,0,0,0,0,0,0,0,0,0,0,0,0,0,0,0,0
6.431688547134399,0,0.0,0.0,0.0,0.0,0.0,0.0,0.0,0.0,0.03,0,0,0,0,0,0,0,0,0,0,0,0,0,0,0,0,0,0,0,0,0
6.433170795440674,0,0.0,0.0,0.0,0.0,0.0,0.0,0.0,0.0,0.03,0,0,0,0,0,0,0,0,0,0,0,0,0,0,0,0,0,0,0,0,0
6.43443489074707,0,0.0,0.0,0.0,0.0,0.0,0.0,0.0,0.0,0.03,0,0,0,0,0,0,0,0,0,0,0,0,0,0,0,0,0,0,0,0,0
6.4355878829956055,0,0.0,0.0,0.0,0.0,0.0,0.0,0.0,0.0,0.03,0,0,0,0,0,0,0,0,0,0,0,0,0,0,0,0,0,0,0,0,0
6.4367406368255615,0,0.0,0.0,0.0,0.0,0.0,0.0,0.0,0.0,0.03,0,0,0,0,0,0,0,0,0,0,0,0,0,0,0,0,0,0,0,0,0
6.438011407852173,0,0.0,0.0,0.0,0.0,0.0,0.0,0.0,0.0,0.03,0,0,0,0,0,0,0,0,0,0,0,0,0,0,0,0,0,0,0,0,0
6.4392478466033936,0,0.0,0.0,0.0,0.0,0.0,0.0,0.0,0.0,0.03,0,0,0,0,0,0,0,0,0,0,0,0,0,0,0,0,0,0,0,0,0
6.440336465835571,0,0.0,0.0,0.0,0.0,0.0,0.0,0.0,0.0,0.03,0,0,0,0,0,0,0,0,0,0,0,0,0,0,0,0,0,0,0,0,0
6.441433906555176,0,0.0,0.0,0.0,0.0,0.0,0.0,0.0,0.0,0.03,0,0,0,0,0,0,0,0,0,0,0,0,0,0,0,0,0,0,0,0,0
6.4426398277282715,0,0.0,0.0,0.0,0.0,0.0,0.0,0.0,0.0,0.03,0,0,0,0,0,0,0,0,0,0,0,0,0,0,0,0,0,0,0,0,0
6.443702936172485,0,0.0,0.0,0.0,0.0,0.0,0.0,0.0,0.0,0.03,0,0,0,0,0,0,0,0,0,0,0,0,0,0,0,0,0,0,0,0,0
6.444803476333618,0,0.0,0.0,0.0,0.0,0.0,0.0,0.0,0.0,0.03,0,0,0,0,0,0,0,0,0,0,0,0,0,0,0,0,0,0,0,0,0
6.447256326675415,0,0.0,0.0,0.0,0.0,0.0,0.0,0.0,0.0,0.03,0,0,0,0,0,0,0,0,0,0,0,0,0,0,0,0,0,0,0,0,0
6.448825120925903,0,0.0,0.0,0.0,0.0,0.0,0.0,0.0,0.0,0.03,0,0,0,0,0,0,0,0,0,0,0,0,0,0,0,0,0,0,0,0,0
6.450307607650757,0,0.0,0.0,0.0,0.0,0.0,0.0,0.0,0.0,0.03,0,0,0,0,0,0,0,0,0,0,0,0,0,0,0,0,0,0,0,0,0
6.451414108276367,0,0.0,0.0,0.0,0.0,0.0,0.0,0.0,0.0,0.03,0,0,0,0,0,0,0,0,0,0,0,0,0,0,0,0,0,0,0,0,0
6.452544927597046,0,0.0,0.0,0.0,0.0,0.0,0.0,0.0,0.0,0.03,0,0,0,0,0,0,0,0,0,0,0,0,0,0,0,0,0,0,0,0,0
6.454233407974243,0,0.0,0.0,0.0,0.0,0.0,0.0,0.0,0.0,0.03,0,0,0,0,0,0,0,0,0,0,0,0,0,0,0,0,0,0,0,0,0
6.455594539642334,0,0.0,0.0,0.0,0.0,0.0,0.0,0.0,0.0,0.03,0,0,0,0,0,0,0,0,0,0,0,0,0,0,0,0,0,0,0,0,0
6.457122087478638,0,0.0,0.0,0.0,0.0,0.0,0.0,0.0,0.0,0.03,0,0,0,0,0,0,0,0,0,0,0,0,0,0,0,0,0,0,0,0,0
6.458654880523682,0,0.0,0.0,0.0,0.0,0.0,0.0,0.0,0.0,0.03,0,0,0,0,0,0,0,0,0,0,0,0,0,0,0,0,0,0,0,0,0
6.459993600845337,0,0.0,0.0,0.0,0.0,0.0,0.0,0.0,0.0,0.03,0,0,0,0,0,0,0,0,0,0,0,0,0,0,0,0,0,0,0,0,0
6.4612486362457275,0,0.0,0.0,0.0,0.0,0.0,0.0,0.0,0.0,0.03,0,0,0,0,0,0,0,0,0,0,0,0,0,0,0,0,0,0,0,0,0
6.462446451187134,0,0.0,0.0,0.0,0.0,0.0,0.0,0.0,0.0,0.03,0,0,0,0,0,0,0,0,0,0,0,0,0,0,0,0,0,0,0,0,0
6.463814973831177,0,0.0,0.0,0.0,0.0,0.0,0.0,0.0,0.0,0.03,0,0,0,0,0,0,0,0,0,0,0,0,0,0,0,0,0,0,0,0,0
6.465628385543823,0,0.0,0.0,0.0,0.0,0.0,0.0,0.0,0.0,0.03,0,0,0,0,0,0,0,0,0,0,0,0,0,0,0,0,0,0,0,0,0
6.467135190963745,0,0.0,0.0,0.0,0.0,0.0,0.0,0.0,0.0,0.03,0,0,0,0,0,0,0,0,0,0,0,0,0,0,0,0,0,0,0,0,0
6.469695806503296,0,0.0,0.0,0.0,0.0,0.0,0.0,0.0,0.0,0.03,0,0,0,0,0,0,0,0,0,0,0,0,0,0,0,0,0,0,0,0,0
6.4708757400512695,0,0.0,0.0,0.0,0.0,0.0,0.0,0.0,0.0,0.03,0,0,0,0,0,0,0,0,0,0,0,0,0,0,0,0,0,0,0,0,0
6.473180770874023,0,0.0,0.0,0.0,0.0,0.0,0.0,0.0,0.0,0.03,0,0,0,0,0,0,0,0,0,0,0,0,0,0,0,0,0,0,0,0,0
6.475160360336304,0,0.0,0.0,0.0,0.0,0.0,0.0,0.0,0.0,0.03,0,0,0,0,0,0,0,0,0,0,0,0,0,0,0,0,0,0,0,0,0
6.476343154907227,0,0.0,0.0,0.0,0.0,0.0,0.0,0.0,0.0,0.03,0,0,0,0,0,0,0,0,0,0,0,0,0,0,0,0,0,0,0,0,0
6.47806978225708,0,0.0,0.0,0.0,0.0,0.0,0.0,0.0,0.0,0.03,0,0,0,0,0,0,0,0,0,0,0,0,0,0,0,0,0,0,0,0,0
6.479224443435669,0,0.0,0.0,0.0,0.0,0.0,0.0,0.0,0.0,0.03,0,0,0,0,0,0,0,0,0,0,0,0,0,0,0,0,0,0,0,0,0
6.48031210899353,0,0.0,0.0,0.0,0.0,0.0,0.0,0.0,0.0,0.03,0,0,0,0,0,0,0,0,0,0,0,0,0,0,0,0,0,0,0,0,0
6.482966423034668,0,0.0,0.0,0.0,0.0,0.0,0.0,0.0,0.0,0.03,0,0,0,0,0,0,0,0,0,0,0,0,0,0,0,0,0,0,0,0,0
6.484170436859131,0,0.0,0.0,0.0,0.0,0.0,0.0,0.0,0.0,0.03,0,0,0,0,0,0,0,0,0,0,0,0,0,0,0,0,0,0,0,0,0
6.4855570793151855,0,0.0,0.0,0.0,0.0,0.0,0.0,0.0,0.0,0.03,0,0,0,0,0,0,0,0,0,0,0,0,0,0,0,0,0,0,0,0,0
6.4870100021362305,0,0.0,0.0,0.0,0.0,0.0,0.0,0.0,0.0,0.03,0,0,0,0,0,0,0,0,0,0,0,0,0,0,0,0,0,0,0,0,0
6.488574981689453,0,0.0,0.0,0.0,0.0,0.0,0.0,0.0,0.0,0.03,0,0,0,0,0,0,0,0,0,0,0,0,0,0,0,0,0,0,0,0,0
6.490930557250977,0,0.0,0.0,0.0,0.0,0.0,0.0,0.0,0.0,0.03,0,0,0,0,0,0,0,0,0,0,0,0,0,0,0,0,0,0,0,0,0
6.492413282394409,0,0.0,0.0,0.0,0.0,0.0,0.0,0.0,0.0,0.03,0,0,0,0,0,0,0,0,0,0,0,0,0,0,0,0,0,0,0,0,0
6.493875741958618,0,0.0,0.0,0.0,0.0,0.0,0.0,0.0,0.0,0.03,0,0,0,0,0,0,0,0,0,0,0,0,0,0,0,0,0,0,0,0,0
6.495126962661743,0,0.0,0.0,0.0,0.0,0.0,0.0,0.0,0.0,0.03,0,0,0,0,0,0,0,0,0,0,0,0,0,0,0,0,0,0,0,0,0
6.497341632843018,0,0.0,0.0,0.0,0.0,0.0,0.0,0.0,0.0,0.03,0,0,0,0,0,0,0,0,0,0,0,0,0,0,0,0,0,0,0,0,0
6.498570680618286,0,0.0,0.0,0.0,0.0,0.0,0.0,0.0,0.0,0.03,0,0,0,0,0,0,0,0,0,0,0,0,0,0,0,0,0,0,0,0,0
6.500388860702515,0,0.0,0.0,0.0,0.0,0.0,0.0,0.0,0.0,0.03,0,0,0,0,0,0,0,0,0,0,0,0,0,0,0,0,0,0,0,0,0
6.501600503921509,0,0.0,0.0,0.0,0.0,0.0,0.0,0.0,0.0,0.03,0,0,0,0,0,0,0,0,0,0,0,0,0,0,0,0,0,0,0,0,0
6.5027241706848145,0,0.0,0.0,0.0,0.0,0.0,0.0,0.0,0.0,0.03,0,0,0,0,0,0,0,0,0,0,0,0,0,0,0,0,0,0,0,0,0
6.5041351318359375,0,0.0,0.0,0.0,0.0,0.0,0.0,0.0,0.0,0.03,0,0,0,0,0,0,0,0,0,0,0,0,0,0,0,0,0,0,0,0,0
6.505311727523804,0,0.0,0.0,0.0,0.0,0.0,0.0,0.0,0.0,0.03,0,0,0,0,0,0,0,0,0,0,0,0,0,0,0,0,0,0,0,0,0
6.506543397903442,0,0.0,0.0,0.0,0.0,0.0,0.0,0.0,0.0,0.03,0,0,0,0,0,0,0,0,0,0,0,0,0,0,0,0,0,0,0,0,0
6.507761716842651,0,0.0,0.0,0.0,0.0,0.0,0.0,0.0,0.0,0.03,0,0,0,0,0,0,0,0,0,0,0,0,0,0,0,0,0,0,0,0,0
6.508853912353516,0,0.0,0.0,0.0,0.0,0.0,0.0,0.0,0.0,0.03,0,0,0,0,0,0,0,0,0,0,0,0,0,0,0,0,0,0,0,0,0
6.510113477706909,0,0.0,0.0,0.0,0.0,0.0,0.0,0.0,0.0,0.03,0,0,0,0,0,0,0,0,0,0,0,0,0,0,0,0,0,0,0,0,0
6.5118184089660645,0,0.0,0.0,0.0,0.0,0.0,0.0,0.0,0.0,0.03,0,0,0,0,0,0,0,0,0,0,0,0,0,0,0,0,0,0,0,0,0
6.514875173568726,0,0.0,0.0,0.0,0.0,0.0,0.0,0.0,0.0,0.03,0,0,0,0,0,0,0,0,0,0,0,0,0,0,0,0,0,0,0,0,0
6.516104221343994,0,0.0,0.0,0.0,0.0,0.0,0.0,0.0,0.0,0.03,0,0,0,0,0,0,0,0,0,0,0,0,0,0,0,0,0,0,0,0,0
6.518136739730835,0,0.0,0.0,0.0,0.0,0.0,0.0,0.0,0.0,0.03,0,0,0,0,0,0,0,0,0,0,0,0,0,0,0,0,0,0,0,0,0
6.52009129524231,0,0.0,0.0,0.0,0.0,0.0,0.0,0.0,0.0,0.03,0,0,0,0,0,0,0,0,0,0,0,0,0,0,0,0,0,0,0,0,0
6.521188974380493,0,0.0,0.0,0.0,0.0,0.0,0.0,0.0,0.0,0.03,0,0,0,0,0,0,0,0,0,0,0,0,0,0,0,0,0,0,0,0,0
6.523170232772827,0,0.0,0.0,0.0,0.0,0.0,0.0,0.0,0.0,0.03,0,0,0,0,0,0,0,0,0,0,0,0,0,0,0,0,0,0,0,0,0
6.524245977401733,0,0.0,0.0,0.0,0.0,0.0,0.0,0.0,0.0,0.03,0,0,0,0,0,0,0,0,0,0,0,0,0,0,0,0,0,0,0,0,0
6.525514364242554,0,0.0,0.0,0.0,0.0,0.0,0.0,0.0,0.0,0.03,0,0,0,0,0,0,0,0,0,0,0,0,0,0,0,0,0,0,0,0,0
6.52669095993042,0,0.0,0.0,0.0,0.0,0.0,0.0,0.0,0.0,0.03,0,0,0,0,0,0,0,0,0,0,0,0,0,0,0,0,0,0,0,0,0
6.5281031131744385,0,0.0,0.0,0.0,0.0,0.0,0.0,0.0,0.0,0.03,0,0,0,0,0,0,0,0,0,0,0,0,0,0,0,0,0,0,0,0,0
6.529244899749756,0,0.0,0.0,0.0,0.0,0.0,0.0,0.0,0.0,0.03,0,0,0,0,0,0,0,0,0,0,0,0,0,0,0,0,0,0,0,0,0
6.530375242233276,0,0.0,0.0,0.0,0.0,0.0,0.0,0.0,0.0,0.03,0,0,0,0,0,0,0,0,0,0,0,0,0,0,0,0,0,0,0,0,0
6.534013509750366,0,0.0,0.0,0.0,0.0,0.0,0.0,0.0,0.0,0.03,0,0,0,0,0,0,0,0,0,0,0,0,0,0,0,0,0,0,0,0,0
6.5351831912994385,0,0.0,0.0,0.0,0.0,0.0,0.0,0.0,0.0,0.03,0,0,0,0,0,0,0,0,0,0,0,0,0,0,0,0,0,0,0,0,0
6.536606073379517,0,0.0,0.0,0.0,0.0,0.0,0.0,0.0,0.0,0.03,0,0,0,0,0,0,0,0,0,0,0,0,0,0,0,0,0,0,0,0,0
6.538972854614258,0,0.0,0.0,0.0,0.0,0.0,0.0,0.0,0.0,0.03,0,0,0,0,0,0,0,0,0,0,0,0,0,0,0,0,0,0,0,0,0
6.540080547332764,0,0.0,0.0,0.0,0.0,0.0,0.0,0.0,0.0,0.03,0,0,0,0,0,0,0,0,0,0,0,0,0,0,0,0,0,0,0,0,0
6.542107343673706,0,0.0,0.0,0.0,0.0,0.0,0.0,0.0,0.0,0.03,0,0,0,0,0,0,0,0,0,0,0,0,0,0,0,0,0,0,0,0,0
6.543500185012817,0,0.0,0.0,0.0,0.0,0.0,0.0,0.0,0.0,0.03,0,0,0,0,0,0,0,0,0,0,0,0,0,0,0,0,0,0,0,0,0
6.546620845794678,0,0.0,0.0,0.0,0.0,0.0,0.0,0.0,0.0,0.03,0,0,0,0,0,0,0,0,0,0,0,0,0,0,0,0,0,0,0,0,0
6.5479736328125,0,0.0,0.0,0.0,0.0,0.0,0.0,0.0,0.0,0.03,0,0,0,0,0,0,0,0,0,0,0,0,0,0,0,0,0,0,0,0,0
6.550332069396973,0,0.0,0.0,0.0,0.0,0.0,0.0,0.0,0.0,0.03,0,0,0,0,0,0,0,0,0,0,0,0,0,0,0,0,0,0,0,0,0
6.552581787109375,0,0.0,0.0,0.0,0.0,0.0,0.0,0.0,0.0,0.03,0,0,0,0,0,0,0,0,0,0,0,0,0,0,0,0,0,0,0,0,0
6.554410696029663,0,0.0,0.0,0.0,0.0,0.0,0.0,0.0,0.0,0.03,0,0,0,0,0,0,0,0,0,0,0,0,0,0,0,0,0,0,0,0,0
6.555851936340332,0,0.0,0.0,0.0,0.0,0.0,0.0,0.0,0.0,0.03,0,0,0,0,0,0,0,0,0,0,0,0,0,0,0,0,0,0,0,0,0
6.5570900440216064,0,0.0,0.0,0.0,0.0,0.0,0.0,0.0,0.0,0.03,0,0,0,0,0,0,0,0,0,0,0,0,0,0,0,0,0,0,0,0,0
6.558415412902832,0,0.0,0.0,0.0,0.0,0.0,0.0,0.0,0.0,0.03,0,0,0,0,0,0,0,0,0,0,0,0,0,0,0,0,0,0,0,0,0
6.560495138168335,0,0.0,0.0,0.0,0.0,0.0,0.0,0.0,0.0,0.03,0,0,0,0,0,0,0,0,0,0,0,0,0,0,0,0,0,0,0,0,0
6.5616490840911865,0,0.0,0.0,0.0,0.0,0.0,0.0,0.0,0.0,0.03,0,0,0,0,0,0,0,0,0,0,0,0,0,0,0,0,0,0,0,0,0
6.563540697097778,0,0.0,0.0,0.0,0.0,0.0,0.0,0.0,0.0,0.03,0,0,0,0,0,0,0,0,0,0,0,0,0,0,0,0,0,0,0,0,0
6.564743518829346,0,0.0,0.0,0.0,0.0,0.0,0.0,0.0,0.0,0.03,0,0,0,0,0,0,0,0,0,0,0,0,0,0,0,0,0,0,0,0,0
6.5658040046691895,0,0.0,0.0,0.0,0.0,0.0,0.0,0.0,0.0,0.03,0,0,0,0,0,0,0,0,0,0,0,0,0,0,0,0,0,0,0,0,0
6.5669825077056885,0,0.0,0.0,0.0,0.0,0.0,0.0,0.0,0.0,0.03,0,0,0,0,0,0,0,0,0,0,0,0,0,0,0,0,0,0,0,0,0
6.568136930465698,0,0.0,0.0,0.0,0.0,0.0,0.0,0.0,0.0,0.03,0,0,0,0,0,0,0,0,0,0,0,0,0,0,0,0,0,0,0,0,0
6.56949520111084,0,0.0,0.0,0.0,0.0,0.0,0.0,0.0,0.0,0.03,0,0,0,0,0,0,0,0,0,0,0,0,0,0,0,0,0,0,0,0,0
6.5705859661102295,0,0.0,0.0,0.0,0.0,0.0,0.0,0.0,0.0,0.03,0,0,0,0,0,0,0,0,0,0,0,0,0,0,0,0,0,0,0,0,0
6.571717977523804,0,0.0,0.0,0.0,0.0,0.0,0.0,0.0,0.0,0.03,0,0,0,0,0,0,0,0,0,0,0,0,0,0,0,0,0,0,0,0,0
6.57411527633667,0,0.0,0.0,0.0,0.0,0.0,0.0,0.0,0.0,0.03,0,0,0,0,0,0,0,0,0,0,0,0,0,0,0,0,0,0,0,0,0
6.5752387046813965,0,0.0,0.0,0.0,0.0,0.0,0.0,0.0,0.0,0.03,0,0,0,0,0,0,0,0,0,0,0,0,0,0,0,0,0,0,0,0,0
6.576845645904541,0,0.0,0.0,0.0,0.0,0.0,0.0,0.0,0.0,0.03,0,0,0,0,0,0,0,0,0,0,0,0,0,0,0,0,0,0,0,0,0
6.578142166137695,0,0.0,0.0,0.0,0.0,0.0,0.0,0.0,0.0,0.03,0,0,0,0,0,0,0,0,0,0,0,0,0,0,0,0,0,0,0,0,0
6.579252481460571,0,0.0,0.0,0.0,0.0,0.0,0.0,0.0,0.0,0.03,0,0,0,0,0,0,0,0,0,0,0,0,0,0,0,0,0,0,0,0,0
6.58173131942749,0,0.0,0.0,0.0,0.0,0.0,0.0,0.0,0.0,0.03,0,0,0,0,0,0,0,0,0,0,0,0,0,0,0,0,0,0,0,0,0
6.582984447479248,0,0.0,0.0,0.0,0.0,0.0,0.0,0.0,0.0,0.03,0,0,0,0,0,0,0,0,0,0,0,0,0,0,0,0,0,0,0,0,0
6.584413290023804,0,0.0,0.0,0.0,0.0,0.0,0.0,0.0,0.0,0.03,0,0,0,0,0,0,0,0,0,0,0,0,0,0,0,0,0,0,0,0,0
6.585638523101807,0,0.0,0.0,0.0,0.0,0.0,0.0,0.0,0.0,0.03,0,0,0,0,0,0,0,0,0,0,0,0,0,0,0,0,0,0,0,0,0
6.586988210678101,0,0.0,0.0,0.0,0.0,0.0,0.0,0.0,0.0,0.03,0,0,0,0,0,0,0,0,0,0,0,0,0,0,0,0,0,0,0,0,0
6.588223457336426,0,0.0,0.0,0.0,0.0,0.0,0.0,0.0,0.0,0.03,0,0,0,0,0,0,0,0,0,0,0,0,0,0,0,0,0,0,0,0,0
6.58939266204834,0,0.0,0.0,0.0,0.0,0.0,0.0,0.0,0.0,0.03,0,0,0,0,0,0,0,0,0,0,0,0,0,0,0,0,0,0,0,0,0
6.590554714202881,0,0.0,0.0,0.0,0.0,0.0,0.0,0.0,0.0,0.03,0,0,0,0,0,0,0,0,0,0,0,0,0,0,0,0,0,0,0,0,0
6.5916221141815186,0,0.0,0.0,0.0,0.0,0.0,0.0,0.0,0.0,0.03,0,0,0,0,0,0,0,0,0,0,0,0,0,0,0,0,0,0,0,0,0
6.593052625656128,0,0.0,0.0,0.0,0.0,0.0,0.0,0.0,0.0,0.03,0,0,0,0,0,0,0,0,0,0,0,0,0,0,0,0,0,0,0,0,0
6.594736337661743,0,0.0,0.0,0.0,0.0,0.0,0.0,0.0,0.0,0.03,0,0,0,0,0,0,0,0,0,0,0,0,0,0,0,0,0,0,0,0,0
6.596317768096924,0,0.0,0.0,0.0,0.0,0.0,0.0,0.0,0.0,0.03,0,0,0,0,0,0,0,0,0,0,0,0,0,0,0,0,0,0,0,0,0
6.597648859024048,0,0.0,0.0,0.0,0.0,0.0,0.0,0.0,0.0,0.03,0,0,0,0,0,0,0,0,0,0,0,0,0,0,0,0,0,0,0,0,0
6.5989415645599365,0,0.0,0.0,0.0,0.0,0.0,0.0,0.0,0.0,0.03,0,0,0,0,0,0,0,0,0,0,0,0,0,0,0,0,0,0,0,0,0
6.6002514362335205,0,0.0,0.0,0.0,0.0,0.0,0.0,0.0,0.0,0.03,0,0,0,0,0,0,0,0,0,0,0,0,0,0,0,0,0,0,0,0,0
6.602052927017212,0,0.0,0.0,0.0,0.0,0.0,0.0,0.0,0.0,0.03,0,0,0,0,0,0,0,0,0,0,0,0,0,0,0,0,0,0,0,0,0
6.60314416885376,0,0.0,0.0,0.0,0.0,0.0,0.0,0.0,0.0,0.03,0,0,0,0,0,0,0,0,0,0,0,0,0,0,0,0,0,0,0,0,0
6.605128288269043,0,0.0,0.0,0.0,0.0,0.0,0.0,0.0,0.0,0.03,0,0,0,0,0,0,0,0,0,0,0,0,0,0,0,0,0,0,0,0,0
6.606440305709839,0,0.0,0.0,0.0,0.0,0.0,0.0,0.0,0.0,0.03,0,0,0,0,0,0,0,0,0,0,0,0,0,0,0,0,0,0,0,0,0
6.609686851501465,0,0.0,0.0,0.0,0.0,0.0,0.0,0.0,0.0,0.03,0,0,0,0,0,0,0,0,0,0,0,0,0,0,0,0,0,0,0,0,0
6.610944986343384,0,0.0,0.0,0.0,0.0,0.0,0.0,0.0,0.0,0.03,0,0,0,0,0,0,0,0,0,0,0,0,0,0,0,0,0,0,0,0,0
6.613017559051514,0,0.0,0.0,0.0,0.0,0.0,0.0,0.0,0.0,0.03,0,0,0,0,0,0,0,0,0,0,0,0,0,0,0,0,0,0,0,0,0
6.614558458328247,0,0.0,0.0,0.0,0.0,0.0,0.0,0.0,0.0,0.03,0,0,0,0,0,0,0,0,0,0,0,0,0,0,0,0,0,0,0,0,0
6.616206407546997,0,0.0,0.0,0.0,0.0,0.0,0.0,0.0,0.0,0.03,0,0,0,0,0,0,0,0,0,0,0,0,0,0,0,0,0,0,0,0,0
6.617771863937378,0,0.0,0.0,0.0,0.0,0.0,0.0,0.0,0.0,0.03,0,0,0,0,0,0,0,0,0,0,0,0,0,0,0,0,0,0,0,0,0
6.618945121765137,0,0.0,0.0,0.0,0.0,0.0,0.0,0.0,0.0,0.03,0,0,0,0,0,0,0,0,0,0,0,0,0,0,0,0,0,0,0,0,0
6.620136737823486,0,0.0,0.0,0.0,0.0,0.0,0.0,0.0,0.0,0.03,0,0,0,0,0,0,0,0,0,0,0,0,0,0,0,0,0,0,0,0,0
6.621450662612915,0,0.0,0.0,0.0,0.0,0.0,0.0,0.0,0.0,0.03,0,0,0,0,0,0,0,0,0,0,0,0,0,0,0,0,0,0,0,0,0
6.622828245162964,0,0.0,0.0,0.0,0.0,0.0,0.0,0.0,0.0,0.03,0,0,0,0,0,0,0,0,0,0,0,0,0,0,0,0,0,0,0,0,0
6.624025583267212,0,0.0,0.0,0.0,0.0,0.0,0.0,0.0,0.0,0.03,0,0,0,0,0,0,0,0,0,0,0,0,0,0,0,0,0,0,0,0,0
6.625478982925415,0,0.0,0.0,0.0,0.0,0.0,0.0,0.0,0.0,0.03,0,0,0,0,0,0,0,0,0,0,0,0,0,0,0,0,0,0,0,0,0
6.626598358154297,0,0.0,0.0,0.0,0.0,0.0,0.0,0.0,0.0,0.03,0,0,0,0,0,0,0,0,0,0,0,0,0,0,0,0,0,0,0,0,0
6.627807855606079,0,0.0,0.0,0.0,0.0,0.0,0.0,0.0,0.0,0.03,0,0,0,0,0,0,0,0,0,0,0,0,0,0,0,0,0,0,0,0,0
6.629126071929932,0,0.0,0.0,0.0,0.0,0.0,0.0,0.0,0.0,0.03,0,0,0,0,0,0,0,0,0,0,0,0,0,0,0,0,0,0,0,0,0
6.630252122879028,0,0.0,0.0,0.0,0.0,0.0,0.0,0.0,0.0,0.03,0,0,0,0,0,0,0,0,0,0,0,0,0,0,0,0,0,0,0,0,0
6.63140344619751,0,0.0,0.0,0.0,0.0,0.0,0.0,0.0,0.0,0.03,0,0,0,0,0,0,0,0,0,0,0,0,0,0,0,0,0,0,0,0,0
6.6325695514678955,0,0.0,0.0,0.0,0.0,0.0,0.0,0.0,0.0,0.03,0,0,0,0,0,0,0,0,0,0,0,0,0,0,0,0,0,0,0,0,0
6.633659362792969,0,0.0,0.0,0.0,0.0,0.0,0.0,0.0,0.0,0.03,0,0,0,0,0,0,0,0,0,0,0,0,0,0,0,0,0,0,0,0,0
6.634793996810913,0,0.0,0.0,0.0,0.0,0.0,0.0,0.0,0.0,0.03,0,0,0,0,0,0,0,0,0,0,0,0,0,0,0,0,0,0,0,0,0
6.636332750320435,0,0.0,0.0,0.0,0.0,0.0,0.0,0.0,0.0,0.03,0,0,0,0,0,0,0,0,0,0,0,0,0,0,0,0,0,0,0,0,0
6.637840509414673,0,0.0,0.0,0.0,0.0,0.0,0.0,0.0,0.0,0.03,0,0,0,0,0,0,0,0,0,0,0,0,0,0,0,0,0,0,0,0,0
6.639143705368042,0,0.0,0.0,0.0,0.0,0.0,0.0,0.0,0.0,0.03,0,0,0,0,0,0,0,0,0,0,0,0,0,0,0,0,0,0,0,0,0
6.6405189037323,0,0.0,0.0,0.0,0.0,0.0,0.0,0.0,0.0,0.03,0,0,0,0,0,0,0,0,0,0,0,0,0,0,0,0,0,0,0,0,0
6.641767978668213,0,0.0,0.0,0.0,0.0,0.0,0.0,0.0,0.0,0.03,0,0,0,0,0,0,0,0,0,0,0,0,0,0,0,0,0,0,0,0,0
6.64398980140686,0,0.0,0.0,0.0,0.0,0.0,0.0,0.0,0.0,0.03,0,0,0,0,0,0,0,0,0,0,0,0,0,0,0,0,0,0,0,0,0
6.645273208618164,0,0.0,0.0,0.0,0.0,0.0,0.0,0.0,0.0,0.03,0,0,0,0,0,0,0,0,0,0,0,0,0,0,0,0,0,0,0,0,0
6.646365165710449,0,0.0,0.0,0.0,0.0,0.0,0.0,0.0,0.0,0.03,0,0,0,0,0,0,0,0,0,0,0,0,0,0,0,0,0,0,0,0,0
6.648311376571655,0,0.0,0.0,0.0,0.0,0.0,0.0,0.0,0.0,0.03,0,0,0,0,0,0,0,0,0,0,0,0,0,0,0,0,0,0,0,0,0
6.649409294128418,0,0.0,0.0,0.0,0.0,0.0,0.0,0.0,0.0,0.03,0,0,0,0,0,0,0,0,0,0,0,0,0,0,0,0,0,0,0,0,0
6.650645017623901,0,0.0,0.0,0.0,0.0,0.0,0.0,0.0,0.0,0.03,0,0,0,0,0,0,0,0,0,0,0,0,0,0,0,0,0,0,0,0,0
6.651787042617798,0,0.0,0.0,0.0,0.0,0.0,0.0,0.0,0.0,0.03,0,0,0,0,0,0,0,0,0,0,0,0,0,0,0,0,0,0,0,0,0
6.653329610824585,0,0.0,0.0,0.0,0.0,0.0,0.0,0.0,0.0,0.03,0,0,0,0,0,0,0,0,0,0,0,0,0,0,0,0,0,0,0,0,0
6.654672622680664,0,0.0,0.0,0.0,0.0,0.0,0.0,0.0,0.0,0.03,0,0,0,0,0,0,0,0,0,0,0,0,0,0,0,0,0,0,0,0,0
6.656928062438965,0,0.0,0.0,0.0,0.0,0.0,0.0,0.0,0.0,0.03,0,0,0,0,0,0,0,0,0,0,0,0,0,0,0,0,0,0,0,0,0
6.659233331680298,0,0.0,0.0,0.0,0.0,0.0,0.0,0.0,0.0,0.03,0,0,0,0,0,0,0,0,0,0,0,0,0,0,0,0,0,0,0,0,0
6.660728931427002,0,0.0,0.0,0.0,0.0,0.0,0.0,0.0,0.0,0.03,0,0,0,0,0,0,0,0,0,0,0,0,0,0,0,0,0,0,0,0,0
6.662139654159546,0,0.0,0.0,0.0,0.0,0.0,0.0,0.0,0.0,0.03,0,0,0,0,0,0,0,0,0,0,0,0,0,0,0,0,0,0,0,0,0
6.663436412811279,0,0.0,0.0,0.0,0.0,0.0,0.0,0.0,0.0,0.03,0,0,0,0,0,0,0,0,0,0,0,0,0,0,0,0,0,0,0,0,0
6.665255784988403,0,0.0,0.0,0.0,0.0,0.0,0.0,0.0,0.0,0.03,0,0,0,0,0,0,0,0,0,0,0,0,0,0,0,0,0,0,0,0,0
6.666382789611816,0,0.0,0.0,0.0,0.0,0.0,0.0,0.0,0.0,0.03,0,0,0,0,0,0,0,0,0,0,0,0,0,0,0,0,0,0,0,0,0
6.667599201202393,0,0.0,0.0,0.0,0.0,0.0,0.0,0.0,0.0,0.03,0,0,0,0,0,0,0,0,0,0,0,0,0,0,0,0,0,0,0,0,0
6.66884970664978,0,0.0,0.0,0.0,0.0,0.0,0.0,0.0,0.0,0.03,0,0,0,0,0,0,0,0,0,0,0,0,0,0,0,0,0,0,0,0,0
6.669912815093994,0,0.0,0.0,0.0,0.0,0.0,0.0,0.0,0.0,0.03,0,0,0,0,0,0,0,0,0,0,0,0,0,0,0,0,0,0,0,0,0
6.6727612018585205,0,0.0,0.0,0.0,0.0,0.0,0.0,0.0,0.0,0.03,0,0,0,0,0,0,0,0,0,0,0,0,0,0,0,0,0,0,0,0,0
6.673936367034912,0,0.0,0.0,0.0,0.0,0.0,0.0,0.0,0.0,0.03,0,0,0,0,0,0,0,0,0,0,0,0,0,0,0,0,0,0,0,0,0
6.675304889678955,0,0.0,0.0,0.0,0.0,0.0,0.0,0.0,0.0,0.03,0,0,0,0,0,0,0,0,0,0,0,0,0,0,0,0,0,0,0,0,0
6.677632570266724,0,0.0,0.0,0.0,0.0,0.0,0.0,0.0,0.0,0.03,0,0,0,0,0,0,0,0,0,0,0,0,0,0,0,0,0,0,0,0,0
6.679436445236206,0,0.0,0.0,0.0,0.0,0.0,0.0,0.0,0.0,0.03,0,0,0,0,0,0,0,0,0,0,0,0,0,0,0,0,0,0,0,0,0
6.680795192718506,0,0.0,0.0,0.0,0.0,0.0,0.0,0.0,0.0,0.03,0,0,0,0,0,0,0,0,0,0,0,0,0,0,0,0,0,0,0,0,0
6.682229042053223,0,0.0,0.0,0.0,0.0,0.0,0.0,0.0,0.0,0.03,0,0,0,0,0,0,0,0,0,0,0,0,0,0,0,0,0,0,0,0,0
6.6833579540252686,0,0.0,0.0,0.0,0.0,0.0,0.0,0.0,0.0,0.03,0,0,0,0,0,0,0,0,0,0,0,0,0,0,0,0,0,0,0,0,0
6.685263156890869,0,0.0,0.0,0.0,0.0,0.0,0.0,0.0,0.0,0.03,0,0,0,0,0,0,0,0,0,0,0,0,0,0,0,0,0,0,0,0,0
6.687294244766235,0,0.0,0.0,0.0,0.0,0.0,0.0,0.0,0.0,0.03,0,0,0,0,0,0,0,0,0,0,0,0,0,0,0,0,0,0,0,0,0
6.688389301300049,0,0.0,0.0,0.0,0.0,0.0,0.0,0.0,0.0,0.03,0,0,0,0,0,0,0,0,0,0,0,0,0,0,0,0,0,0,0,0,0
6.69024133682251,0,0.0,0.0,0.0,0.0,0.0,0.0,0.0,0.0,0.03,0,0,0,0,0,0,0,0,0,0,0,0,0,0,0,0,0,0,0,0,0
6.691309928894043,0,0.0,0.0,0.0,0.0,0.0,0.0,0.0,0.0,0.03,0,0,0,0,0,0,0,0,0,0,0,0,0,0,0,0,0,0,0,0,0
6.692568302154541,0,0.0,0.0,0.0,0.0,0.0,0.0,0.0,0.0,0.03,0,0,0,0,0,0,0,0,0,0,0,0,0,0,0,0,0,0,0,0,0
6.693638324737549,0,0.0,0.0,0.0,0.0,0.0,0.0,0.0,0.0,0.03,0,0,0,0,0,0,0,0,0,0,0,0,0,0,0,0,0,0,0,0,0
6.694751024246216,0,0.0,0.0,0.0,0.0,0.0,0.0,0.0,0.0,0.03,0,0,0,0,0,0,0,0,0,0,0,0,0,0,0,0,0,0,0,0,0
6.69583797454834,0,0.0,0.0,0.0,0.0,0.0,0.0,0.0,0.0,0.03,0,0,0,0,0,0,0,0,0,0,0,0,0,0,0,0,0,0,0,0,0
6.696996212005615,0,0.0,0.0,0.0,0.0,0.0,0.0,0.0,0.0,0.03,0,0,0,0,0,0,0,0,0,0,0,0,0,0,0,0,0,0,0,0,0
6.698081970214844,0,0.0,0.0,0.0,0.0,0.0,0.0,0.0,0.0,0.03,0,0,0,0,0,0,0,0,0,0,0,0,0,0,0,0,0,0,0,0,0
6.699246406555176,0,0.0,0.0,0.0,0.0,0.0,0.0,0.0,0.0,0.03,0,0,0,0,0,0,0,0,0,0,0,0,0,0,0,0,0,0,0,0,0
6.701436519622803,0,0.0,0.0,0.0,0.0,0.0,0.0,0.0,0.0,0.03,0,0,0,0,0,0,0,0,0,0,0,0,0,0,0,0,0,0,0,0,0
6.703477144241333,0,0.0,0.0,0.0,0.0,0.0,0.0,0.0,0.0,0.03,0,0,0,0,0,0,0,0,0,0,0,0,0,0,0,0,0,0,0,0,0
6.7049400806427,0,0.0,0.0,0.0,0.0,0.0,0.0,0.0,0.0,0.03,0,0,0,0,0,0,0,0,0,0,0,0,0,0,0,0,0,0,0,0,0
6.7063376903533936,0,0.0,0.0,0.0,0.0,0.0,0.0,0.0,0.0,0.03,0,0,0,0,0,0,0,0,0,0,0,0,0,0,0,0,0,0,0,0,0
6.7075583934783936,0,0.0,0.0,0.0,0.0,0.0,0.0,0.0,0.0,0.03,0,0,0,0,0,0,0,0,0,0,0,0,0,0,0,0,0,0,0,0,0
6.7088165283203125,0,0.0,0.0,0.0,0.0,0.0,0.0,0.0,0.0,0.03,0,0,0,0,0,0,0,0,0,0,0,0,0,0,0,0,0,0,0,0,0
6.71010947227478,0,0.0,0.0,0.0,0.0,0.0,0.0,0.0,0.0,0.03,0,0,0,0,0,0,0,0,0,0,0,0,0,0,0,0,0,0,0,0,0
6.711457252502441,0,0.0,0.0,0.0,0.0,0.0,0.0,0.0,0.0,0.03,0,0,0,0,0,0,0,0,0,0,0,0,0,0,0,0,0,0,0,0,0
6.712554693222046,0,0.0,0.0,0.0,0.0,0.0,0.0,0.0,0.0,0.03,0,0,0,0,0,0,0,0,0,0,0,0,0,0,0,0,0,0,0,0,0
6.71382212638855,0,0.0,0.0,0.0,0.0,0.0,0.0,0.0,0.0,0.03,0,0,0,0,0,0,0,0,0,0,0,0,0,0,0,0,0,0,0,0,0
6.714946746826172,0,0.0,0.0,0.0,0.0,0.0,0.0,0.0,0.0,0.03,0,0,0,0,0,0,0,0,0,0,0,0,0,0,0,0,0,0,0,0,0
6.716129779815674,0,0.0,0.0,0.0,0.0,0.0,0.0,0.0,0.0,0.03,0,0,0,0,0,0,0,0,0,0,0,0,0,0,0,0,0,0,0,0,0
6.717306613922119,0,0.0,0.0,0.0,0.0,0.0,0.0,0.0,0.0,0.03,0,0,0,0,0,0,0,0,0,0,0,0,0,0,0,0,0,0,0,0,0
6.718503475189209,0,0.0,0.0,0.0,0.0,0.0,0.0,0.0,0.0,0.03,0,0,0,0,0,0,0,0,0,0,0,0,0,0,0,0,0,0,0,0,0
6.719599485397339,0,0.0,0.0,0.0,0.0,0.0,0.0,0.0,0.0,0.03,0,0,0,0,0,0,0,0,0,0,0,0,0,0,0,0,0,0,0,0,0
6.721167325973511,0,0.0,0.0,0.0,0.0,0.0,0.0,0.0,0.0,0.03,0,0,0,0,0,0,0,0,0,0,0,0,0,0,0,0,0,0,0,0,0
6.7226881980896,0,0.0,0.0,0.0,0.0,0.0,0.0,0.0,0.0,0.03,0,0,0,0,0,0,0,0,0,0,0,0,0,0,0,0,0,0,0,0,0
6.723821401596069,0,0.0,0.0,0.0,0.0,0.0,0.0,0.0,0.0,0.03,0,0,0,0,0,0,0,0,0,0,0,0,0,0,0,0,0,0,0,0,0
6.725581169128418,0,0.0,0.0,0.0,0.0,0.0,0.0,0.0,0.0,0.03,0,0,0,0,0,0,0,0,0,0,0,0,0,0,0,0,0,0,0,0,0
6.726893663406372,0,0.0,0.0,0.0,0.0,0.0,0.0,0.0,0.0,0.03,0,0,0,0,0,0,0,0,0,0,0,0,0,0,0,0,0,0,0,0,0
6.728372573852539,0,0.0,0.0,0.0,0.0,0.0,0.0,0.0,0.0,0.03,0,0,0,0,0,0,0,0,0,0,0,0,0,0,0,0,0,0,0,0,0
6.729717254638672,0,0.0,0.0,0.0,0.0,0.0,0.0,0.0,0.0,0.03,0,0,0,0,0,0,0,0,0,0,0,0,0,0,0,0,0,0,0,0,0
6.7312493324279785,0,0.0,0.0,0.0,0.0,0.0,0.0,0.0,0.0,0.03,0,0,0,0,0,0,0,0,0,0,0,0,0,0,0,0,0,0,0,0,0
6.732337236404419,0,0.0,0.0,0.0,0.0,0.0,0.0,0.0,0.0,0.03,0,0,0,0,0,0,0,0,0,0,0,0,0,0,0,0,0,0,0,0,0
6.7335124015808105,0,0.0,0.0,0.0,0.0,0.0,0.0,0.0,0.0,0.03,0,0,0,0,0,0,0,0,0,0,0,0,0,0,0,0,0,0,0,0,0
6.7349207401275635,0,0.0,0.0,0.0,0.0,0.0,0.0,0.0,0.0,0.03,0,0,0,0,0,0,0,0,0,0,0,0,0,0,0,0,0,0,0,0,0
6.735984802246094,0,0.0,0.0,0.0,0.0,0.0,0.0,0.0,0.0,0.03,0,0,0,0,0,0,0,0,0,0,0,0,0,0,0,0,0,0,0,0,0
6.742902994155884,0,0.0,0.0,0.0,0.0,0.0,0.0,0.0,0.0,0.03,0,0,0,0,0,0,0,0,0,0,0,0,0,0,0,0,0,0,0,0,0
6.745578050613403,0,0.0,0.0,0.0,0.0,0.0,0.0,0.0,0.0,0.03,0,0,0,0,0,0,0,0,0,0,0,0,0,0,0,0,0,0,0,0,0
6.747076988220215,0,0.0,0.0,0.0,0.0,0.0,0.0,0.0,0.0,0.03,0,0,0,0,0,0,0,0,0,0,0,0,0,0,0,0,0,0,0,0,0
6.748344898223877,0,0.0,0.0,0.0,0.0,0.0,0.0,0.0,0.0,0.03,0,0,0,0,0,0,0,0,0,0,0,0,0,0,0,0,0,0,0,0,0
6.7495436668396,0,0.0,0.0,0.0,0.0,0.0,0.0,0.0,0.0,0.03,0,0,0,0,0,0,0,0,0,0,0,0,0,0,0,0,0,0,0,0,0
6.750689744949341,0,0.0,0.0,0.0,0.0,0.0,0.0,0.0,0.0,0.03,0,0,0,0,0,0,0,0,0,0,0,0,0,0,0,0,0,0,0,0,0
6.752761363983154,0,0.0,0.0,0.0,0.0,0.0,0.0,0.0,0.0,0.03,0,0,0,0,0,0,0,0,0,0,0,0,0,0,0,0,0,0,0,0,0
6.75387167930603,0,0.0,0.0,0.0,0.0,0.0,0.0,0.0,0.0,0.03,0,0,0,0,0,0,0,0,0,0,0,0,0,0,0,0,0,0,0,0,0
6.755838871002197,0,0.0,0.0,0.0,0.0,0.0,0.0,0.0,0.0,0.03,0,0,0,0,0,0,0,0,0,0,0,0,0,0,0,0,0,0,0,0,0
6.757022380828857,0,0.0,0.0,0.0,0.0,0.0,0.0,0.0,0.0,0.03,0,0,0,0,0,0,0,0,0,0,0,0,0,0,0,0,0,0,0,0,0
6.758287668228149,0,0.0,0.0,0.0,0.0,0.0,0.0,0.0,0.0,0.03,0,0,0,0,0,0,0,0,0,0,0,0,0,0,0,0,0,0,0,0,0
6.759359836578369,0,0.0,0.0,0.0,0.0,0.0,0.0,0.0,0.0,0.03,0,0,0,0,0,0,0,0,0,0,0,0,0,0,0,0,0,0,0,0,0
6.760490417480469,0,0.0,0.0,0.0,0.0,0.0,0.0,0.0,0.0,0.03,0,0,0,0,0,0,0,0,0,0,0,0,0,0,0,0,0,0,0,0,0
6.761554002761841,0,0.0,0.0,0.0,0.0,0.0,0.0,0.0,0.0,0.03,0,0,0,0,0,0,0,0,0,0,0,0,0,0,0,0,0,0,0,0,0
6.762638330459595,0,0.0,0.0,0.0,0.0,0.0,0.0,0.0,0.0,0.03,0,0,0,0,0,0,0,0,0,0,0,0,0,0,0,0,0,0,0,0,0
6.764450311660767,0,0.0,0.0,0.0,0.0,0.0,0.0,0.0,0.0,0.03,0,0,0,0,0,0,0,0,0,0,0,0,0,0,0,0,0,0,0,0,0
6.766016721725464,0,0.0,0.0,0.0,0.0,0.0,0.0,0.0,0.0,0.03,0,0,0,0,0,0,0,0,0,0,0,0,0,0,0,0,0,0,0,0,0
6.767549276351929,0,0.0,0.0,0.0,0.0,0.0,0.0,0.0,0.0,0.03,0,0,0,0,0,0,0,0,0,0,0,0,0,0,0,0,0,0,0,0,0
6.769028425216675,0,0.0,0.0,0.0,0.0,0.0,0.0,0.0,0.0,0.03,0,0,0,0,0,0,0,0,0,0,0,0,0,0,0,0,0,0,0,0,0
6.7701332569122314,0,0.0,0.0,0.0,0.0,0.0,0.0,0.0,0.0,0.03,0,0,0,0,0,0,0,0,0,0,0,0,0,0,0,0,0,0,0,0,0
6.773377180099487,0,0.0,0.0,0.0,0.0,0.0,0.0,0.0,0.0,0.03,0,0,0,0,0,0,0,0,0,0,0,0,0,0,0,0,0,0,0,0,0
6.774729013442993,0,0.0,0.0,0.0,0.0,0.0,0.0,0.0,0.0,0.03,0,0,0,0,0,0,0,0,0,0,0,0,0,0,0,0,0,0,0,0,0
6.775840759277344,0,0.0,0.0,0.0,0.0,0.0,0.0,0.0,0.0,0.03,0,0,0,0,0,0,0,0,0,0,0,0,0,0,0,0,0,0,0,0,0
6.777758836746216,0,0.0,0.0,0.0,0.0,0.0,0.0,0.0,0.0,0.03,0,0,0,0,0,0,0,0,0,0,0,0,0,0,0,0,0,0,0,0,0
6.778850793838501,0,0.0,0.0,0.0,0.0,0.0,0.0,0.0,0.0,0.03,0,0,0,0,0,0,0,0,0,0,0,0,0,0,0,0,0,0,0,0,0
6.7800891399383545,0,0.0,0.0,0.0,0.0,0.0,0.0,0.0,0.0,0.03,0,0,0,0,0,0,0,0,0,0,0,0,0,0,0,0,0,0,0,0,0
6.781238555908203,0,0.0,0.0,0.0,0.0,0.0,0.0,0.0,0.0,0.03,0,0,0,0,0,0,0,0,0,0,0,0,0,0,0,0,0,0,0,0,0
6.782638788223267,0,0.0,0.0,0.0,0.0,0.0,0.0,0.0,0.0,0.03,0,0,0,0,0,0,0,0,0,0,0,0,0,0,0,0,0,0,0,0,0
6.7844226360321045,0,0.0,0.0,0.0,0.0,0.0,0.0,0.0,0.0,0.03,0,0,0,0,0,0,0,0,0,0,0,0,0,0,0,0,0,0,0,0,0
6.785686254501343,0,0.0,0.0,0.0,0.0,0.0,0.0,0.0,0.0,0.03,0,0,0,0,0,0,0,0,0,0,0,0,0,0,0,0,0,0,0,0,0
6.788889169692993,0,0.0,0.0,0.0,0.0,0.0,0.0,0.0,0.0,0.03,0,0,0,0,0,0,0,0,0,0,0,0,0,0,0,0,0,0,0,0,0
6.790224313735962,0,0.0,0.0,0.0,0.0,0.0,0.0,0.0,0.0,0.03,0,0,0,0,0,0,0,0,0,0,0,0,0,0,0,0,0,0,0,0,0
6.791321277618408,0,0.0,0.0,0.0,0.0,0.0,0.0,0.0,0.0,0.03,0,0,0,0,0,0,0,0,0,0,0,0,0,0,0,0,0,0,0,0,0
6.792466402053833,0,0.0,0.0,0.0,0.0,0.0,0.0,0.0,0.0,0.03,0,0,0,0,0,0,0,0,0,0,0,0,0,0,0,0,0,0,0,0,0
6.793872356414795,0,0.0,0.0,0.0,0.0,0.0,0.0,0.0,0.0,0.03,0,0,0,0,0,0,0,0,0,0,0,0,0,0,0,0,0,0,0,0,0
6.795077562332153,0,0.0,0.0,0.0,0.0,0.0,0.0,0.0,0.0,0.03,0,0,0,0,0,0,0,0,0,0,0,0,0,0,0,0,0,0,0,0,0
6.796477556228638,0,0.0,0.0,0.0,0.0,0.0,0.0,0.0,0.0,0.03,0,0,0,0,0,0,0,0,0,0,0,0,0,0,0,0,0,0,0,0,0
6.797783851623535,0,0.0,0.0,0.0,0.0,0.0,0.0,0.0,0.0,0.03,0,0,0,0,0,0,0,0,0,0,0,0,0,0,0,0,0,0,0,0,0
6.800900936126709,0,0.0,0.0,0.0,0.0,0.0,0.0,0.0,0.0,0.03,0,0,0,0,0,0,0,0,0,0,0,0,0,0,0,0,0,0,0,0,0
6.802191734313965,0,0.0,0.0,0.0,0.0,0.0,0.0,0.0,0.0,0.03,0,0,0,0,0,0,0,0,0,0,0,0,0,0,0,0,0,0,0,0,0
6.803845167160034,0,0.0,0.0,0.0,0.0,0.0,0.0,0.0,0.0,0.03,0,0,0,0,0,0,0,0,0,0,0,0,0,0,0,0,0,0,0,0,0
6.80515718460083,0,0.0,0.0,0.0,0.0,0.0,0.0,0.0,0.0,0.03,0,0,0,0,0,0,0,0,0,0,0,0,0,0,0,0,0,0,0,0,0
6.80743932723999,0,0.0,0.0,0.0,0.0,0.0,0.0,0.0,0.0,0.03,0,0,0,0,0,0,0,0,0,0,0,0,0,0,0,0,0,0,0,0,0
6.809192895889282,0,0.0,0.0,0.0,0.0,0.0,0.0,0.0,0.0,0.03,0,0,0,0,0,0,0,0,0,0,0,0,0,0,0,0,0,0,0,0,0
6.810326099395752,0,0.0,0.0,0.0,0.0,0.0,0.0,0.0,0.0,0.03,0,0,0,0,0,0,0,0,0,0,0,0,0,0,0,0,0,0,0,0,0
6.811612844467163,0,0.0,0.0,0.0,0.0,0.0,0.0,0.0,0.0,0.03,0,0,0,0,0,0,0,0,0,0,0,0,0,0,0,0,0,0,0,0,0
6.814401149749756,0,0.0,0.0,0.0,0.0,0.0,0.0,0.0,0.0,0.03,0,0,0,0,0,0,0,0,0,0,0,0,0,0,0,0,0,0,0,0,0
6.815750360488892,0,0.0,0.0,0.0,0.0,0.0,0.0,0.0,0.0,0.03,0,0,0,0,0,0,0,0,0,0,0,0,0,0,0,0,0,0,0,0,0
6.816842555999756,0,0.0,0.0,0.0,0.0,0.0,0.0,0.0,0.0,0.03,0,0,0,0,0,0,0,0,0,0,0,0,0,0,0,0,0,0,0,0,0
6.818408250808716,0,0.0,0.0,0.0,0.0,0.0,0.0,0.0,0.0,0.03,0,0,0,0,0,0,0,0,0,0,0,0,0,0,0,0,0,0,0,0,0
6.8199639320373535,0,0.0,0.0,0.0,0.0,0.0,0.0,0.0,0.0,0.03,0,0,0,0,0,0,0,0,0,0,0,0,0,0,0,0,0,0,0,0,0
6.821045875549316,0,0.0,0.0,0.0,0.0,0.0,0.0,0.0,0.0,0.03,0,0,0,0,0,0,0,0,0,0,0,0,0,0,0,0,0,0,0,0,0
6.822127103805542,0,0.0,0.0,0.0,0.0,0.0,0.0,0.0,0.0,0.03,0,0,0,0,0,0,0,0,0,0,0,0,0,0,0,0,0,0,0,0,0
6.823277235031128,0,0.0,0.0,0.0,0.0,0.0,0.0,0.0,0.0,0.03,0,0,0,0,0,0,0,0,0,0,0,0,0,0,0,0,0,0,0,0,0
6.824679613113403,0,0.0,0.0,0.0,0.0,0.0,0.0,0.0,0.0,0.03,0,0,0,0,0,0,0,0,0,0,0,0,0,0,0,0,0,0,0,0,0
6.82574200630188,0,0.0,0.0,0.0,0.0,0.0,0.0,0.0,0.0,0.03,0,0,0,0,0,0,0,0,0,0,0,0,0,0,0,0,0,0,0,0,0
6.827097654342651,0,0.0,0.0,0.0,0.0,0.0,0.0,0.0,0.0,0.03,0,0,0,0,0,0,0,0,0,0,0,0,0,0,0,0,0,0,0,0,0
6.829568147659302,0,0.0,0.0,0.0,0.0,0.0,0.0,0.0,0.0,0.03,0,0,0,0,0,0,0,0,0,0,0,0,0,0,0,0,0,0,0,0,0
6.831853151321411,0,0.0,0.0,0.0,0.0,0.0,0.0,0.0,0.0,0.03,0,0,0,0,0,0,0,0,0,0,0,0,0,0,0,0,0,0,0,0,0
6.833033323287964,0,0.0,0.0,0.0,0.0,0.0,0.0,0.0,0.0,0.03,0,0,0,0,0,0,0,0,0,0,0,0,0,0,0,0,0,0,0,0,0
6.834482431411743,0,0.0,0.0,0.0,0.0,0.0,0.0,0.0,0.0,0.03,0,0,0,0,0,0,0,0,0,0,0,0,0,0,0,0,0,0,0,0,0
6.836188793182373,0,0.0,0.0,0.0,0.0,0.0,0.0,0.0,0.0,0.03,0,0,0,0,0,0,0,0,0,0,0,0,0,0,0,0,0,0,0,0,0
6.837706804275513,0,0.0,0.0,0.0,0.0,0.0,0.0,0.0,0.0,0.03,0,0,0,0,0,0,0,0,0,0,0,0,0,0,0,0,0,0,0,0,0
6.838955640792847,0,0.0,0.0,0.0,0.0,0.0,0.0,0.0,0.0,0.03,0,0,0,0,0,0,0,0,0,0,0,0,0,0,0,0,0,0,0,0,0
6.841539144515991,0,0.0,0.0,0.0,0.0,0.0,0.0,0.0,0.0,0.03,0,0,0,0,0,0,0,0,0,0,0,0,0,0,0,0,0,0,0,0,0
6.842658281326294,0,0.0,0.0,0.0,0.0,0.0,0.0,0.0,0.0,0.03,0,0,0,0,0,0,0,0,0,0,0,0,0,0,0,0,0,0,0,0,0
6.843971014022827,0,0.0,0.0,0.0,0.0,0.0,0.0,0.0,0.0,0.03,0,0,0,0,0,0,0,0,0,0,0,0,0,0,0,0,0,0,0,0,0
6.845069169998169,0,0.0,0.0,0.0,0.0,0.0,0.0,0.0,0.0,0.03,0,0,0,0,0,0,0,0,0,0,0,0,0,0,0,0,0,0,0,0,0
6.846546411514282,0,0.0,0.0,0.0,0.0,0.0,0.0,0.0,0.0,0.03,0,0,0,0,0,0,0,0,0,0,0,0,0,0,0,0,0,0,0,0,0
6.848355293273926,0,0.0,0.0,0.0,0.0,0.0,0.0,0.0,0.0,0.03,0,0,0,0,0,0,0,0,0,0,0,0,0,0,0,0,0,0,0,0,0
6.84992241859436,0,0.0,0.0,0.0,0.0,0.0,0.0,0.0,0.0,0.03,0,0,0,0,0,0,0,0,0,0,0,0,0,0,0,0,0,0,0,0,0
6.851440191268921,0,0.0,0.0,0.0,0.0,0.0,0.0,0.0,0.0,0.03,0,0,0,0,0,0,0,0,0,0,0,0,0,0,0,0,0,0,0,0,0
6.852767705917358,0,0.0,0.0,0.0,0.0,0.0,0.0,0.0,0.0,0.03,0,0,0,0,0,0,0,0,0,0,0,0,0,0,0,0,0,0,0,0,0
6.854038953781128,0,0.0,0.0,0.0,0.0,0.0,0.0,0.0,0.0,0.03,0,0,0,0,0,0,0,0,0,0,0,0,0,0,0,0,0,0,0,0,0
6.855501174926758,0,0.0,0.0,0.0,0.0,0.0,0.0,0.0,0.0,0.03,0,0,0,0,0,0,0,0,0,0,0,0,0,0,0,0,0,0,0,0,0
6.8567540645599365,0,0.0,0.0,0.0,0.0,0.0,0.0,0.0,0.0,0.03,0,0,0,0,0,0,0,0,0,0,0,0,0,0,0,0,0,0,0,0,0
6.858025312423706,0,0.0,0.0,0.0,0.0,0.0,0.0,0.0,0.0,0.03,0,0,0,0,0,0,0,0,0,0,0,0,0,0,0,0,0,0,0,0,0
6.859163761138916,0,0.0,0.0,0.0,0.0,0.0,0.0,0.0,0.0,0.03,0,0,0,0,0,0,0,0,0,0,0,0,0,0,0,0,0,0,0,0,0
6.860537052154541,0,0.0,0.0,0.0,0.0,0.0,0.0,0.0,0.0,0.03,0,0,0,0,0,0,0,0,0,0,0,0,0,0,0,0,0,0,0,0,0
6.861598253250122,0,0.0,0.0,0.0,0.0,0.0,0.0,0.0,0.0,0.03,0,0,0,0,0,0,0,0,0,0,0,0,0,0,0,0,0,0,0,0,0
6.862685441970825,0,0.0,0.0,0.0,0.0,0.0,0.0,0.0,0.0,0.03,0,0,0,0,0,0,0,0,0,0,0,0,0,0,0,0,0,0,0,0,0
6.865312814712524,0,0.0,0.0,0.0,0.0,0.0,0.0,0.0,0.0,0.03,0,0,0,0,0,0,0,0,0,0,0,0,0,0,0,0,0,0,0,0,0
6.866603851318359,0,0.0,0.0,0.0,0.0,0.0,0.0,0.0,0.0,0.03,0,0,0,0,0,0,0,0,0,0,0,0,0,0,0,0,0,0,0,0,0
6.868861675262451,0,0.0,0.0,0.0,0.0,0.0,0.0,0.0,0.0,0.03,0,0,0,0,0,0,0,0,0,0,0,0,0,0,0,0,0,0,0,0,0
6.871334075927734,0,0.0,0.0,0.0,0.0,0.0,0.0,0.0,0.0,0.03,0,0,0,0,0,0,0,0,0,0,0,0,0,0,0,0,0,0,0,0,0
6.87427282333374,0,0.0,0.0,0.0,0.0,0.0,0.0,0.0,0.0,0.03,0,0,0,0,0,0,0,0,0,0,0,0,0,0,0,0,0,0,0,0,0
6.876134872436523,0,0.0,0.0,0.0,0.0,0.0,0.0,0.0,0.0,0.03,0,0,0,0,0,0,0,0,0,0,0,0,0,0,0,0,0,0,0,0,0
6.879098176956177,0,0.0,0.0,0.0,0.0,0.0,0.0,0.0,0.0,0.03,0,0,0,0,0,0,0,0,0,0,0,0,0,0,0,0,0,0,0,0,0
6.880437612533569,0,0.0,0.0,0.0,0.0,0.0,0.0,0.0,0.0,0.03,0,0,0,0,0,0,0,0,0,0,0,0,0,0,0,0,0,0,0,0,0
6.881563901901245,0,0.0,0.0,0.0,0.0,0.0,0.0,0.0,0.0,0.03,0,0,0,0,0,0,0,0,0,0,0,0,0,0,0,0,0,0,0,0,0
6.8828043937683105,0,0.0,0.0,0.0,0.0,0.0,0.0,0.0,0.0,0.03,0,0,0,0,0,0,0,0,0,0,0,0,0,0,0,0,0,0,0,0,0
6.883936405181885,0,0.0,0.0,0.0,0.0,0.0,0.0,0.0,0.0,0.03,0,0,0,0,0,0,0,0,0,0,0,0,0,0,0,0,0,0,0,0,0
6.885126113891602,0,0.0,0.0,0.0,0.0,0.0,0.0,0.0,0.0,0.03,0,0,0,0,0,0,0,0,0,0,0,0,0,0,0,0,0,0,0,0,0
6.8865063190460205,0,0.0,0.0,0.0,0.0,0.0,0.0,0.0,0.0,0.03,0,0,0,0,0,0,0,0,0,0,0,0,0,0,0,0,0,0,0,0,0
6.887622117996216,0,0.0,0.0,0.0,0.0,0.0,0.0,0.0,0.0,0.03,0,0,0,0,0,0,0,0,0,0,0,0,0,0,0,0,0,0,0,0,0
6.888890743255615,0,0.0,0.0,0.0,0.0,0.0,0.0,0.0,0.0,0.03,0,0,0,0,0,0,0,0,0,0,0,0,0,0,0,0,0,0,0,0,0
6.8902599811553955,0,0.0,0.0,0.0,0.0,0.0,0.0,0.0,0.0,0.03,0,0,0,0,0,0,0,0,0,0,0,0,0,0,0,0,0,0,0,0,0
6.891377210617065,0,0.0,0.0,0.0,0.0,0.0,0.0,0.0,0.0,0.03,0,0,0,0,0,0,0,0,0,0,0,0,0,0,0,0,0,0,0,0,0
6.892704963684082,0,0.0,0.0,0.0,0.0,0.0,0.0,0.0,0.0,0.03,0,0,0,0,0,0,0,0,0,0,0,0,0,0,0,0,0,0,0,0,0
6.893978834152222,0,0.0,0.0,0.0,0.0,0.0,0.0,0.0,0.0,0.03,0,0,0,0,0,0,0,0,0,0,0,0,0,0,0,0,0,0,0,0,0
6.896682024002075,0,0.0,0.0,0.0,0.0,0.0,0.0,0.0,0.0,0.03,0,0,0,0,0,0,0,0,0,0,0,0,0,0,0,0,0,0,0,0,0
6.897785425186157,0,0.0,0.0,0.0,0.0,0.0,0.0,0.0,0.0,0.03,0,0,0,0,0,0,0,0,0,0,0,0,0,0,0,0,0,0,0,0,0
6.899060487747192,0,0.0,0.0,0.0,0.0,0.0,0.0,0.0,0.0,0.03,0,0,0,0,0,0,0,0,0,0,0,0,0,0,0,0,0,0,0,0,0
6.900225400924683,0,0.0,0.0,0.0,0.0,0.0,0.0,0.0,0.0,0.03,0,0,0,0,0,0,0,0,0,0,0,0,0,0,0,0,0,0,0,0,0
6.901632308959961,0,0.0,0.0,0.0,0.0,0.0,0.0,0.0,0.0,0.03,0,0,0,0,0,0,0,0,0,0,0,0,0,0,0,0,0,0,0,0,0
6.902789354324341,0,0.0,0.0,0.0,0.0,0.0,0.0,0.0,0.0,0.03,0,0,0,0,0,0,0,0,0,0,0,0,0,0,0,0,0,0,0,0,0
6.904051780700684,0,0.0,0.0,0.0,0.0,0.0,0.0,0.0,0.0,0.03,0,0,0,0,0,0,0,0,0,0,0,0,0,0,0,0,0,0,0,0,0
6.905172824859619,0,0.0,0.0,0.0,0.0,0.0,0.0,0.0,0.0,0.03,0,0,0,0,0,0,0,0,0,0,0,0,0,0,0,0,0,0,0,0,0
6.906465530395508,0,0.0,0.0,0.0,0.0,0.0,0.0,0.0,0.0,0.03,0,0,0,0,0,0,0,0,0,0,0,0,0,0,0,0,0,0,0,0,0
6.907612562179565,0,0.0,0.0,0.0,0.0,0.0,0.0,0.0,0.0,0.03,0,0,0,0,0,0,0,0,0,0,0,0,0,0,0,0,0,0,0,0,0
6.908832311630249,0,0.0,0.0,0.0,0.0,0.0,0.0,0.0,0.0,0.03,0,0,0,0,0,0,0,0,0,0,0,0,0,0,0,0,0,0,0,0,0
6.9099202156066895,0,0.0,0.0,0.0,0.0,0.0,0.0,0.0,0.0,0.03,0,0,0,0,0,0,0,0,0,0,0,0,0,0,0,0,0,0,0,0,0
6.911280632019043,0,0.0,0.0,0.0,0.0,0.0,0.0,0.0,0.0,0.03,0,0,0,0,0,0,0,0,0,0,0,0,0,0,0,0,0,0,0,0,0
6.912364721298218,0,0.0,0.0,0.0,0.0,0.0,0.0,0.0,0.0,0.03,0,0,0,0,0,0,0,0,0,0,0,0,0,0,0,0,0,0,0,0,0
6.913823843002319,0,0.0,0.0,0.0,0.0,0.0,0.0,0.0,0.0,0.03,0,0,0,0,0,0,0,0,0,0,0,0,0,0,0,0,0,0,0,0,0
6.915480852127075,0,0.0,0.0,0.0,0.0,0.0,0.0,0.0,0.0,0.03,0,0,0,0,0,0,0,0,0,0,0,0,0,0,0,0,0,0,0,0,0
6.918354034423828,0,0.0,0.0,0.0,0.0,0.0,0.0,0.0,0.0,0.03,0,0,0,0,0,0,0,0,0,0,0,0,0,0,0,0,0,0,0,0,0
6.919551849365234,0,0.0,0.0,0.0,0.0,0.0,0.0,0.0,0.0,0.03,0,0,0,0,0,0,0,0,0,0,0,0,0,0,0,0,0,0,0,0,0
6.92084527015686,0,0.0,0.0,0.0,0.0,0.0,0.0,0.0,0.0,0.03,0,0,0,0,0,0,0,0,0,0,0,0,0,0,0,0,0,0,0,0,0
6.922294855117798,0,0.0,0.0,0.0,0.0,0.0,0.0,0.0,0.0,0.03,0,0,0,0,0,0,0,0,0,0,0,0,0,0,0,0,0,0,0,0,0
6.923636436462402,0,0.0,0.0,0.0,0.0,0.0,0.0,0.0,0.0,0.03,0,0,0,0,0,0,0,0,0,0,0,0,0,0,0,0,0,0,0,0,0
6.92478084564209,0,0.0,0.0,0.0,0.0,0.0,0.0,0.0,0.0,0.03,0,0,0,0,0,0,0,0,0,0,0,0,0,0,0,0,0,0,0,0,0
6.926014184951782,0,0.0,0.0,0.0,0.0,0.0,0.0,0.0,0.0,0.03,0,0,0,0,0,0,0,0,0,0,0,0,0,0,0,0,0,0,0,0,0
6.927351236343384,0,0.0,0.0,0.0,0.0,0.0,0.0,0.0,0.0,0.03,0,0,0,0,0,0,0,0,0,0,0,0,0,0,0,0,0,0,0,0,0
6.9304516315460205,0,0.0,0.0,0.0,0.0,0.0,0.0,0.0,0.0,0.03,0,0,0,0,0,0,0,0,0,0,0,0,0,0,0,0,0,0,0,0,0
6.9317467212677,0,0.0,0.0,0.0,0.0,0.0,0.0,0.0,0.0,0.03,0,0,0,0,0,0,0,0,0,0,0,0,0,0,0,0,0,0,0,0,0
6.933106422424316,0,0.0,0.0,0.0,0.0,0.0,0.0,0.0,0.0,0.03,0,0,0,0,0,0,0,0,0,0,0,0,0,0,0,0,0,0,0,0,0
6.9346253871917725,0,0.0,0.0,0.0,0.0,0.0,0.0,0.0,0.0,0.03,0,0,0,0,0,0,0,0,0,0,0,0,0,0,0,0,0,0,0,0,0
6.936389446258545,0,0.0,0.0,0.0,0.0,0.0,0.0,0.0,0.0,0.03,0,0,0,0,0,0,0,0,0,0,0,0,0,0,0,0,0,0,0,0,0
6.938431739807129,0,0.0,0.0,0.0,0.0,0.0,0.0,0.0,0.0,0.03,0,0,0,0,0,0,0,0,0,0,0,0,0,0,0,0,0,0,0,0,0
6.939833879470825,0,0.0,0.0,0.0,0.0,0.0,0.0,0.0,0.0,0.03,0,0,0,0,0,0,0,0,0,0,0,0,0,0,0,0,0,0,0,0,0
6.941128730773926,0,0.0,0.0,0.0,0.0,0.0,0.0,0.0,0.0,0.03,0,0,0,0,0,0,0,0,0,0,0,0,0,0,0,0,0,0,0,0,0
6.943554162979126,0,0.0,0.0,0.0,0.0,0.0,0.0,0.0,0.0,0.03,0,0,0,0,0,0,0,0,0,0,0,0,0,0,0,0,0,0,0,0,0
6.944857358932495,0,0.0,0.0,0.0,0.0,0.0,0.0,0.0,0.0,0.03,0,0,0,0,0,0,0,0,0,0,0,0,0,0,0,0,0,0,0,0,0
6.945980072021484,0,0.0,0.0,0.0,0.0,0.0,0.0,0.0,0.0,0.03,0,0,0,0,0,0,0,0,0,0,0,0,0,0,0,0,0,0,0,0,0
6.947314262390137,0,0.0,0.0,0.0,0.0,0.0,0.0,0.0,0.0,0.03,0,0,0,0,0,0,0,0,0,0,0,0,0,0,0,0,0,0,0,0,0
6.948400020599365,0,0.0,0.0,0.0,0.0,0.0,0.0,0.0,0.0,0.03,0,0,0,0,0,0,0,0,0,0,0,0,0,0,0,0,0,0,0,0,0
6.949615001678467,0,0.0,0.0,0.0,0.0,0.0,0.0,0.0,0.0,0.03,0,0,0,0,0,0,0,0,0,0,0,0,0,0,0,0,0,0,0,0,0
6.9509501457214355,0,0.0,0.0,0.0,0.0,0.0,0.0,0.0,0.0,0.03,0,0,0,0,0,0,0,0,0,0,0,0,0,0,0,0,0,0,0,0,0
6.952037811279297,0,0.0,0.0,0.0,0.0,0.0,0.0,0.0,0.0,0.03,0,0,0,0,0,0,0,0,0,0,0,0,0,0,0,0,0,0,0,0,0
6.953150510787964,0,0.0,0.0,0.0,0.0,0.0,0.0,0.0,0.0,0.03,0,0,0,0,0,0,0,0,0,0,0,0,0,0,0,0,0,0,0,0,0
6.954429864883423,0,0.0,0.0,0.0,0.0,0.0,0.0,0.0,0.0,0.03,0,0,0,0,0,0,0,0,0,0,0,0,0,0,0,0,0,0,0,0,0
6.955587863922119,0,0.0,0.0,0.0,0.0,0.0,0.0,0.0,0.0,0.03,0,0,0,0,0,0,0,0,0,0,0,0,0,0,0,0,0,0,0,0,0
6.956899404525757,0,0.0,0.0,0.0,0.0,0.0,0.0,0.0,0.0,0.03,0,0,0,0,0,0,0,0,0,0,0,0,0,0,0,0,0,0,0,0,0
6.958099603652954,0,0.0,0.0,0.0,0.0,0.0,0.0,0.0,0.0,0.03,0,0,0,0,0,0,0,0,0,0,0,0,0,0,0,0,0,0,0,0,0
6.960322141647339,0,0.0,0.0,0.0,0.0,0.0,0.0,0.0,0.0,0.03,0,0,0,0,0,0,0,0,0,0,0,0,0,0,0,0,0,0,0,0,0
6.961567401885986,0,0.0,0.0,0.0,0.0,0.0,0.0,0.0,0.0,0.03,0,0,0,0,0,0,0,0,0,0,0,0,0,0,0,0,0,0,0,0,0
6.96277379989624,0,0.0,0.0,0.0,0.0,0.0,0.0,0.0,0.0,0.03,0,0,0,0,0,0,0,0,0,0,0,0,0,0,0,0,0,0,0,0,0
6.9639060497283936,0,0.0,0.0,0.0,0.0,0.0,0.0,0.0,0.0,0.03,0,0,0,0,0,0,0,0,0,0,0,0,0,0,0,0,0,0,0,0,0
6.965031862258911,0,0.0,0.0,0.0,0.0,0.0,0.0,0.0,0.0,0.03,0,0,0,0,0,0,0,0,0,0,0,0,0,0,0,0,0,0,0,0,0
6.966423273086548,0,0.0,0.0,0.0,0.0,0.0,0.0,0.0,0.0,0.03,0,0,0,0,0,0,0,0,0,0,0,0,0,0,0,0,0,0,0,0,0
6.967655181884766,0,0.0,0.0,0.0,0.0,0.0,0.0,0.0,0.0,0.03,0,0,0,0,0,0,0,0,0,0,0,0,0,0,0,0,0,0,0,0,0
6.968743801116943,0,0.0,0.0,0.0,0.0,0.0,0.0,0.0,0.0,0.03,0,0,0,0,0,0,0,0,0,0,0,0,0,0,0,0,0,0,0,0,0
6.970430135726929,0,0.0,0.0,0.0,0.0,0.0,0.0,0.0,0.0,0.03,0,0,0,0,0,0,0,0,0,0,0,0,0,0,0,0,0,0,0,0,0
6.971669435501099,0,0.0,0.0,0.0,0.0,0.0,0.0,0.0,0.0,0.03,0,0,0,0,0,0,0,0,0,0,0,0,0,0,0,0,0,0,0,0,0
6.972766637802124,0,0.0,0.0,0.0,0.0,0.0,0.0,0.0,0.0,0.03,0,0,0,0,0,0,0,0,0,0,0,0,0,0,0,0,0,0,0,0,0
6.973984241485596,0,0.0,0.0,0.0,0.0,0.0,0.0,0.0,0.0,0.03,0,0,0,0,0,0,0,0,0,0,0,0,0,0,0,0,0,0,0,0,0
6.975096940994263,0,0.0,0.0,0.0,0.0,0.0,0.0,0.0,0.0,0.03,0,0,0,0,0,0,0,0,0,0,0,0,0,0,0,0,0,0,0,0,0
6.976188898086548,0,0.0,0.0,0.0,0.0,0.0,0.0,0.0,0.0,0.03,0,0,0,0,0,0,0,0,0,0,0,0,0,0,0,0,0,0,0,0,0
6.977773904800415,0,0.0,0.0,0.0,0.0,0.0,0.0,0.0,0.0,0.03,0,0,0,0,0,0,0,0,0,0,0,0,0,0,0,0,0,0,0,0,0
6.979649305343628,0,0.0,0.0,0.0,0.0,0.0,0.0,0.0,0.0,0.03,0,0,0,0,0,0,0,0,0,0,0,0,0,0,0,0,0,0,0,0,0
6.981639862060547,0,0.0,0.0,0.0,0.0,0.0,0.0,0.0,0.0,0.03,0,0,0,0,0,0,0,0,0,0,0,0,0,0,0,0,0,0,0,0,0
6.982742786407471,0,0.0,0.0,0.0,0.0,0.0,0.0,0.0,0.0,0.03,0,0,0,0,0,0,0,0,0,0,0,0,0,0,0,0,0,0,0,0,0
6.983896732330322,0,0.0,0.0,0.0,0.0,0.0,0.0,0.0,0.0,0.03,0,0,0,0,0,0,0,0,0,0,0,0,0,0,0,0,0,0,0,0,0
6.985447645187378,0,0.0,0.0,0.0,0.0,0.0,0.0,0.0,0.0,0.03,0,0,0,0,0,0,0,0,0,0,0,0,0,0,0,0,0,0,0,0,0
6.986679315567017,0,0.0,0.0,0.0,0.0,0.0,0.0,0.0,0.0,0.03,0,0,0,0,0,0,0,0,0,0,0,0,0,0,0,0,0,0,0,0,0
6.98784875869751,0,0.0,0.0,0.0,0.0,0.0,0.0,0.0,0.0,0.03,0,0,0,0,0,0,0,0,0,0,0,0,0,0,0,0,0,0,0,0,0
6.989206314086914,0,0.0,0.0,0.0,0.0,0.0,0.0,0.0,0.0,0.03,0,0,0,0,0,0,0,0,0,0,0,0,0,0,0,0,0,0,0,0,0
6.990780830383301,0,0.0,0.0,0.0,0.0,0.0,0.0,0.0,0.0,0.03,0,0,0,0,0,0,0,0,0,0,0,0,0,0,0,0,0,0,0,0,0
6.991873025894165,0,0.0,0.0,0.0,0.0,0.0,0.0,0.0,0.0,0.03,0,0,0,0,0,0,0,0,0,0,0,0,0,0,0,0,0,0,0,0,0
6.994611024856567,0,0.0,0.0,0.0,0.0,0.0,0.0,0.0,0.0,0.03,0,0,0,0,0,0,0,0,0,0,0,0,0,0,0,0,0,0,0,0,0
6.9958577156066895,0,0.0,0.0,0.0,0.0,0.0,0.0,0.0,0.0,0.03,0,0,0,0,0,0,0,0,0,0,0,0,0,0,0,0,0,0,0,0,0
6.997220277786255,0,0.0,0.0,0.0,0.0,0.0,0.0,0.0,0.0,0.03,0,0,0,0,0,0,0,0,0,0,0,0,0,0,0,0,0,0,0,0,0
6.998742580413818,0,0.0,0.0,0.0,0.0,0.0,0.0,0.0,0.0,0.03,0,0,0,0,0,0,0,0,0,0,0,0,0,0,0,0,0,0,0,0,0
7.000474691390991,0,0.0,0.0,0.0,0.0,0.0,0.0,0.0,0.0,0.03,0,0,0,0,0,0,0,0,0,0,0,0,0,0,0,0,0,0,0,0,0
7.001923322677612,0,0.0,0.0,0.0,0.0,0.0,0.0,0.0,0.0,0.03,0,0,0,0,0,0,0,0,0,0,0,0,0,0,0,0,0,0,0,0,0
7.003278493881226,0,0.0,0.0,0.0,0.0,0.0,0.0,0.0,0.0,0.03,0,0,0,0,0,0,0,0,0,0,0,0,0,0,0,0,0,0,0,0,0
7.0045695304870605,0,0.0,0.0,0.0,0.0,0.0,0.0,0.0,0.0,0.03,0,0,0,0,0,0,0,0,0,0,0,0,0,0,0,0,0,0,0,0,0
7.006728649139404,0,0.0,0.0,0.0,0.0,0.0,0.0,0.0,0.0,0.03,0,0,0,0,0,0,0,0,0,0,0,0,0,0,0,0,0,0,0,0,0
7.0090062618255615,0,0.0,0.0,0.0,0.0,0.0,0.0,0.0,0.0,0.03,0,0,0,0,0,0,0,0,0,0,0,0,0,0,0,0,0,0,0,0,0
7.010161638259888,0,0.0,0.0,0.0,0.0,0.0,0.0,0.0,0.0,0.03,0,0,0,0,0,0,0,0,0,0,0,0,0,0,0,0,0,0,0,0,0
7.0118489265441895,0,0.0,0.0,0.0,0.0,0.0,0.0,0.0,0.0,0.03,0,0,0,0,0,0,0,0,0,0,0,0,0,0,0,0,0,0,0,0,0
7.013314962387085,0,0.0,0.0,0.0,0.0,0.0,0.0,0.0,0.0,0.03,0,0,0,0,0,0,0,0,0,0,0,0,0,0,0,0,0,0,0,0,0
7.014422178268433,0,0.0,0.0,0.0,0.0,0.0,0.0,0.0,0.0,0.03,0,0,0,0,0,0,0,0,0,0,0,0,0,0,0,0,0,0,0,0,0
7.01556396484375,0,0.0,0.0,0.0,0.0,0.0,0.0,0.0,0.0,0.03,0,0,0,0,0,0,0,0,0,0,0,0,0,0,0,0,0,0,0,0,0
7.016655445098877,0,0.0,0.0,0.0,0.0,0.0,0.0,0.0,0.0,0.03,0,0,0,0,0,0,0,0,0,0,0,0,0,0,0,0,0,0,0,0,0
7.017759561538696,0,0.0,0.0,0.0,0.0,0.0,0.0,0.0,0.0,0.03,0,0,0,0,0,0,0,0,0,0,0,0,0,0,0,0,0,0,0,0,0
7.018847227096558,0,0.0,0.0,0.0,0.0,0.0,0.0,0.0,0.0,0.03,0,0,0,0,0,0,0,0,0,0,0,0,0,0,0,0,0,0,0,0,0
7.020828485488892,0,0.0,0.0,0.0,0.0,0.0,0.0,0.0,0.0,0.03,0,0,0,0,0,0,0,0,0,0,0,0,0,0,0,0,0,0,0,0,0
7.022377014160156,0,0.0,0.0,0.0,0.0,0.0,0.0,0.0,0.0,0.03,0,0,0,0,0,0,0,0,0,0,0,0,0,0,0,0,0,0,0,0,0
7.023504018783569,0,0.0,0.0,0.0,0.0,0.0,0.0,0.0,0.0,0.03,0,0,0,0,0,0,0,0,0,0,0,0,0,0,0,0,0,0,0,0,0
7.024724245071411,0,0.0,0.0,0.0,0.0,0.0,0.0,0.0,0.0,0.03,0,0,0,0,0,0,0,0,0,0,0,0,0,0,0,0,0,0,0,0,0
7.02629017829895,0,0.0,0.0,0.0,0.0,0.0,0.0,0.0,0.0,0.03,0,0,0,0,0,0,0,0,0,0,0,0,0,0,0,0,0,0,0,0,0
7.02763295173645,0,0.0,0.0,0.0,0.0,0.0,0.0,0.0,0.0,0.03,0,0,0,0,0,0,0,0,0,0,0,0,0,0,0,0,0,0,0,0,0
7.028907537460327,0,0.0,0.0,0.0,0.0,0.0,0.0,0.0,0.0,0.03,0,0,0,0,0,0,0,0,0,0,0,0,0,0,0,0,0,0,0,0,0
7.030043840408325,0,0.0,0.0,0.0,0.0,0.0,0.0,0.0,0.0,0.03,0,0,0,0,0,0,0,0,0,0,0,0,0,0,0,0,0,0,0,0,0
7.031206130981445,0,0.0,0.0,0.0,0.0,0.0,0.0,0.0,0.0,0.03,0,0,0,0,0,0,0,0,0,0,0,0,0,0,0,0,0,0,0,0,0
7.0324671268463135,0,0.0,0.0,0.0,0.0,0.0,0.0,0.0,0.0,0.03,0,0,0,0,0,0,0,0,0,0,0,0,0,0,0,0,0,0,0,0,0
7.033607721328735,0,0.0,0.0,0.0,0.0,0.0,0.0,0.0,0.0,0.03,0,0,0,0,0,0,0,0,0,0,0,0,0,0,0,0,0,0,0,0,0
7.034894943237305,0,0.0,0.0,0.0,0.0,0.0,0.0,0.0,0.0,0.03,0,0,0,0,0,0,0,0,0,0,0,0,0,0,0,0,0,0,0,0,0
7.036006212234497,0,0.0,0.0,0.0,0.0,0.0,0.0,0.0,0.0,0.03,0,0,0,0,0,0,0,0,0,0,0,0,0,0,0,0,0,0,0,0,0
7.037190914154053,0,0.0,0.0,0.0,0.0,0.0,0.0,0.0,0.0,0.03,0,0,0,0,0,0,0,0,0,0,0,0,0,0,0,0,0,0,0,0,0
7.038501024246216,0,0.0,0.0,0.0,0.0,0.0,0.0,0.0,0.0,0.03,0,0,0,0,0,0,0,0,0,0,0,0,0,0,0,0,0,0,0,0,0
7.0397467613220215,0,0.0,0.0,0.0,0.0,0.0,0.0,0.0,0.0,0.03,0,0,0,0,0,0,0,0,0,0,0,0,0,0,0,0,0,0,0,0,0
7.040816783905029,0,0.0,0.0,0.0,0.0,0.0,0.0,0.0,0.0,0.03,0,0,0,0,0,0,0,0,0,0,0,0,0,0,0,0,0,0,0,0,0
7.041929244995117,0,0.0,0.0,0.0,0.0,0.0,0.0,0.0,0.0,0.03,0,0,0,0,0,0,0,0,0,0,0,0,0,0,0,0,0,0,0,0,0
7.044264793395996,0,0.0,0.0,0.0,0.0,0.0,0.0,0.0,0.0,0.03,0,0,0,0,0,0,0,0,0,0,0,0,0,0,0,0,0,0,0,0,0
7.045881509780884,0,0.0,0.0,0.0,0.0,0.0,0.0,0.0,0.0,0.03,0,0,0,0,0,0,0,0,0,0,0,0,0,0,0,0,0,0,0,0,0
7.047231435775757,0,0.0,0.0,0.0,0.0,0.0,0.0,0.0,0.0,0.03,0,0,0,0,0,0,0,0,0,0,0,0,0,0,0,0,0,0,0,0,0
7.048469543457031,0,0.0,0.0,0.0,0.0,0.0,0.0,0.0,0.0,0.03,0,0,0,0,0,0,0,0,0,0,0,0,0,0,0,0,0,0,0,0,0
7.049834728240967,0,0.0,0.0,0.0,0.0,0.0,0.0,0.0,0.0,0.03,0,0,0,0,0,0,0,0,0,0,0,0,0,0,0,0,0,0,0,0,0
7.051677227020264,0,0.0,0.0,0.0,0.0,0.0,0.0,0.0,0.0,0.03,0,0,0,0,0,0,0,0,0,0,0,0,0,0,0,0,0,0,0,0,0
7.052765846252441,0,0.0,0.0,0.0,0.0,0.0,0.0,0.0,0.0,0.03,0,0,0,0,0,0,0,0,0,0,0,0,0,0,0,0,0,0,0,0,0
7.054109334945679,0,0.0,0.0,0.0,0.0,0.0,0.0,0.0,0.0,0.03,0,0,0,0,0,0,0,0,0,0,0,0,0,0,0,0,0,0,0,0,0
7.055542230606079,0,0.0,0.0,0.0,0.0,0.0,0.0,0.0,0.0,0.03,0,0,0,0,0,0,0,0,0,0,0,0,0,0,0,0,0,0,0,0,0
7.056608438491821,0,0.0,0.0,0.0,0.0,0.0,0.0,0.0,0.0,0.03,0,0,0,0,0,0,0,0,0,0,0,0,0,0,0,0,0,0,0,0,0
7.059408187866211,0,0.0,0.0,0.0,0.0,0.0,0.0,0.0,0.0,0.03,0,0,0,0,0,0,0,0,0,0,0,0,0,0,0,0,0,0,0,0,0
7.060713768005371,0,0.0,0.0,0.0,0.0,0.0,0.0,0.0,0.0,0.03,0,0,0,0,0,0,0,0,0,0,0,0,0,0,0,0,0,0,0,0,0
7.062776565551758,0,0.0,0.0,0.0,0.0,0.0,0.0,0.0,0.0,0.03,0,0,0,0,0,0,0,0,0,0,0,0,0,0,0,0,0,0,0,0,0
7.064228296279907,0,0.0,0.0,0.0,0.0,0.0,0.0,0.0,0.0,0.03,0,0,0,0,0,0,0,0,0,0,0,0,0,0,0,0,0,0,0,0,0
7.065636873245239,0,0.0,0.0,0.0,0.0,0.0,0.0,0.0,0.0,0.03,0,0,0,0,0,0,0,0,0,0,0,0,0,0,0,0,0,0,0,0,0
7.0672173500061035,0,0.0,0.0,0.0,0.0,0.0,0.0,0.0,0.0,0.03,0,0,0,0,0,0,0,0,0,0,0,0,0,0,0,0,0,0,0,0,0
7.068507671356201,0,0.0,0.0,0.0,0.0,0.0,0.0,0.0,0.0,0.03,0,0,0,0,0,0,0,0,0,0,0,0,0,0,0,0,0,0,0,0,0
7.069704294204712,0,0.0,0.0,0.0,0.0,0.0,0.0,0.0,0.0,0.03,0,0,0,0,0,0,0,0,0,0,0,0,0,0,0,0,0,0,0,0,0
7.07126784324646,0,0.0,0.0,0.0,0.0,0.0,0.0,0.0,0.0,0.03,0,0,0,0,0,0,0,0,0,0,0,0,0,0,0,0,0,0,0,0,0
7.073464393615723,0,0.0,0.0,0.0,0.0,0.0,0.0,0.0,0.0,0.03,0,0,0,0,0,0,0,0,0,0,0,0,0,0,0,0,0,0,0,0,0
7.074625730514526,0,0.0,0.0,0.0,0.0,0.0,0.0,0.0,0.0,0.03,0,0,0,0,0,0,0,0,0,0,0,0,0,0,0,0,0,0,0,0,0
7.076920509338379,0,0.0,0.0,0.0,0.0,0.0,0.0,0.0,0.0,0.03,0,0,0,0,0,0,0,0,0,0,0,0,0,0,0,0,0,0,0,0,0
7.078251600265503,0,0.0,0.0,0.0,0.0,0.0,0.0,0.0,0.0,0.03,0,0,0,0,0,0,0,0,0,0,0,0,0,0,0,0,0,0,0,0,0
7.079473257064819,0,0.0,0.0,0.0,0.0,0.0,0.0,0.0,0.0,0.03,0,0,0,0,0,0,0,0,0,0,0,0,0,0,0,0,0,0,0,0,0
7.0805463790893555,0,0.0,0.0,0.0,0.0,0.0,0.0,0.0,0.0,0.03,0,0,0,0,0,0,0,0,0,0,0,0,0,0,0,0,0,0,0,0,0
7.081704378128052,0,0.0,0.0,0.0,0.0,0.0,0.0,0.0,0.0,0.03,0,0,0,0,0,0,0,0,0,0,0,0,0,0,0,0,0,0,0,0,0
7.0830652713775635,0,0.0,0.0,0.0,0.0,0.0,0.0,0.0,0.0,0.03,0,0,0,0,0,0,0,0,0,0,0,0,0,0,0,0,0,0,0,0,0
7.084129095077515,0,0.0,0.0,0.0,0.0,0.0,0.0,0.0,0.0,0.03,0,0,0,0,0,0,0,0,0,0,0,0,0,0,0,0,0,0,0,0,0
7.085721492767334,0,0.0,0.0,0.0,0.0,0.0,0.0,0.0,0.0,0.03,0,0,0,0,0,0,0,0,0,0,0,0,0,0,0,0,0,0,0,0,0
7.087291479110718,0,0.0,0.0,0.0,0.0,0.0,0.0,0.0,0.0,0.03,0,0,0,0,0,0,0,0,0,0,0,0,0,0,0,0,0,0,0,0,0
7.089223623275757,0,0.0,0.0,0.0,0.0,0.0,0.0,0.0,0.0,0.03,0,0,0,0,0,0,0,0,0,0,0,0,0,0,0,0,0,0,0,0,0
7.090836048126221,0,0.0,0.0,0.0,0.0,0.0,0.0,0.0,0.0,0.03,0,0,0,0,0,0,0,0,0,0,0,0,0,0,0,0,0,0,0,0,0
7.0921831130981445,0,0.0,0.0,0.0,0.0,0.0,0.0,0.0,0.0,0.03,0,0,0,0,0,0,0,0,0,0,0,0,0,0,0,0,0,0,0,0,0
7.093409299850464,0,0.0,0.0,0.0,0.0,0.0,0.0,0.0,0.0,0.03,0,0,0,0,0,0,0,0,0,0,0,0,0,0,0,0,0,0,0,0,0
7.094707250595093,0,0.0,0.0,0.0,0.0,0.0,0.0,0.0,0.0,0.03,0,0,0,0,0,0,0,0,0,0,0,0,0,0,0,0,0,0,0,0,0
7.096031427383423,0,0.0,0.0,0.0,0.0,0.0,0.0,0.0,0.0,0.03,0,0,0,0,0,0,0,0,0,0,0,0,0,0,0,0,0,0,0,0,0
7.097280740737915,0,0.0,0.0,0.0,0.0,0.0,0.0,0.0,0.0,0.03,0,0,0,0,0,0,0,0,0,0,0,0,0,0,0,0,0,0,0,0,0
7.098449945449829,0,0.0,0.0,0.0,0.0,0.0,0.0,0.0,0.0,0.03,0,0,0,0,0,0,0,0,0,0,0,0,0,0,0,0,0,0,0,0,0
7.100140333175659,0,0.0,0.0,0.0,0.0,0.0,0.0,0.0,0.0,0.03,0,0,0,0,0,0,0,0,0,0,0,0,0,0,0,0,0,0,0,0,0
7.101279973983765,0,0.0,0.0,0.0,0.0,0.0,0.0,0.0,0.0,0.03,0,0,0,0,0,0,0,0,0,0,0,0,0,0,0,0,0,0,0,0,0
7.1025390625,0,0.0,0.0,0.0,0.0,0.0,0.0,0.0,0.0,0.03,0,0,0,0,0,0,0,0,0,0,0,0,0,0,0,0,0,0,0,0,0
7.103718042373657,0,0.0,0.0,0.0,0.0,0.0,0.0,0.0,0.0,0.03,0,0,0,0,0,0,0,0,0,0,0,0,0,0,0,0,0,0,0,0,0
7.104919910430908,0,0.0,0.0,0.0,0.0,0.0,0.0,0.0,0.0,0.03,0,0,0,0,0,0,0,0,0,0,0,0,0,0,0,0,0,0,0,0,0
7.105992794036865,0,0.0,0.0,0.0,0.0,0.0,0.0,0.0,0.0,0.03,0,0,0,0,0,0,0,0,0,0,0,0,0,0,0,0,0,0,0,0,0
7.107182741165161,0,0.0,0.0,0.0,0.0,0.0,0.0,0.0,0.0,0.03,0,0,0,0,0,0,0,0,0,0,0,0,0,0,0,0,0,0,0,0,0
7.108996391296387,0,0.0,0.0,0.0,0.0,0.0,0.0,0.0,0.0,0.03,0,0,0,0,0,0,0,0,0,0,0,0,0,0,0,0,0,0,0,0,0
7.110548496246338,0,0.0,0.0,0.0,0.0,0.0,0.0,0.0,0.0,0.03,0,0,0,0,0,0,0,0,0,0,0,0,0,0,0,0,0,0,0,0,0
7.112721681594849,0,0.0,0.0,0.0,0.0,0.0,0.0,0.0,0.0,0.03,0,0,0,0,0,0,0,0,0,0,0,0,0,0,0,0,0,0,0,0,0
7.114057779312134,0,0.0,0.0,0.0,0.0,0.0,0.0,0.0,0.0,0.03,0,0,0,0,0,0,0,0,0,0,0,0,0,0,0,0,0,0,0,0,0
7.115985155105591,0,0.0,0.0,0.0,0.0,0.0,0.0,0.0,0.0,0.03,0,0,0,0,0,0,0,0,0,0,0,0,0,0,0,0,0,0,0,0,0
7.117142677307129,0,0.0,0.0,0.0,0.0,0.0,0.0,0.0,0.0,0.03,0,0,0,0,0,0,0,0,0,0,0,0,0,0,0,0,0,0,0,0,0
7.118234872817993,0,0.0,0.0,0.0,0.0,0.0,0.0,0.0,0.0,0.03,0,0,0,0,0,0,0,0,0,0,0,0,0,0,0,0,0,0,0,0,0
7.119754314422607,0,0.0,0.0,0.0,0.0,0.0,0.0,0.0,0.0,0.03,0,0,0,0,0,0,0,0,0,0,0,0,0,0,0,0,0,0,0,0,0
7.1208577156066895,0,0.0,0.0,0.0,0.0,0.0,0.0,0.0,0.0,0.03,0,0,0,0,0,0,0,0,0,0,0,0,0,0,0,0,0,0,0,0,0
7.121925592422485,0,0.0,0.0,0.0,0.0,0.0,0.0,0.0,0.0,0.03,0,0,0,0,0,0,0,0,0,0,0,0,0,0,0,0,0,0,0,0,0
7.124751806259155,0,0.0,0.0,0.0,0.0,0.0,0.0,0.0,0.0,0.03,0,0,0,0,0,0,0,0,0,0,0,0,0,0,0,0,0,0,0,0,0
7.12581729888916,0,0.0,0.0,0.0,0.0,0.0,0.0,0.0,0.0,0.03,0,0,0,0,0,0,0,0,0,0,0,0,0,0,0,0,0,0,0,0,0
7.127151250839233,0,0.0,0.0,0.0,0.0,0.0,0.0,0.0,0.0,0.03,0,0,0,0,0,0,0,0,0,0,0,0,0,0,0,0,0,0,0,0,0
7.128433704376221,0,0.0,0.0,0.0,0.0,0.0,0.0,0.0,0.0,0.03,0,0,0,0,0,0,0,0,0,0,0,0,0,0,0,0,0,0,0,0,0
7.129889965057373,0,0.0,0.0,0.0,0.0,0.0,0.0,0.0,0.0,0.03,0,0,0,0,0,0,0,0,0,0,0,0,0,0,0,0,0,0,0,0,0
7.132729768753052,0,0.0,0.0,0.0,0.0,0.0,0.0,0.0,0.0,0.03,0,0,0,0,0,0,0,0,0,0,0,0,0,0,0,0,0,0,0,0,0
7.134139060974121,0,0.0,0.0,0.0,0.0,0.0,0.0,0.0,0.0,0.03,0,0,0,0,0,0,0,0,0,0,0,0,0,0,0,0,0,0,0,0,0
7.135322093963623,0,0.0,0.0,0.0,0.0,0.0,0.0,0.0,0.0,0.03,0,0,0,0,0,0,0,0,0,0,0,0,0,0,0,0,0,0,0,0,0
7.1364922523498535,0,0.0,0.0,0.0,0.0,0.0,0.0,0.0,0.0,0.03,0,0,0,0,0,0,0,0,0,0,0,0,0,0,0,0,0,0,0,0,0
7.139056921005249,0,0.0,0.0,0.0,0.0,0.0,0.0,0.0,0.0,0.03,0,0,0,0,0,0,0,0,0,0,0,0,0,0,0,0,0,0,0,0,0
7.140165328979492,0,0.0,0.0,0.0,0.0,0.0,0.0,0.0,0.0,0.03,0,0,0,0,0,0,0,0,0,0,0,0,0,0,0,0,0,0,0,0,0
7.1421825885772705,0,0.0,0.0,0.0,0.0,0.0,0.0,0.0,0.0,0.03,0,0,0,0,0,0,0,0,0,0,0,0,0,0,0,0,0,0,0,0,0
7.143460273742676,0,0.0,0.0,0.0,0.0,0.0,0.0,0.0,0.0,0.03,0,0,0,0,0,0,0,0,0,0,0,0,0,0,0,0,0,0,0,0,0
7.144559144973755,0,0.0,0.0,0.0,0.0,0.0,0.0,0.0,0.0,0.03,0,0,0,0,0,0,0,0,0,0,0,0,0,0,0,0,0,0,0,0,0
7.145733833312988,0,0.0,0.0,0.0,0.0,0.0,0.0,0.0,0.0,0.03,0,0,0,0,0,0,0,0,0,0,0,0,0,0,0,0,0,0,0,0,0
7.1468963623046875,0,0.0,0.0,0.0,0.0,0.0,0.0,0.0,0.0,0.03,0,0,0,0,0,0,0,0,0,0,0,0,0,0,0,0,0,0,0,0,0
7.148242712020874,0,0.0,0.0,0.0,0.0,0.0,0.0,0.0,0.0,0.03,0,0,0,0,0,0,0,0,0,0,0,0,0,0,0,0,0,0,0,0,0
7.149692058563232,0,0.0,0.0,0.0,0.0,0.0,0.0,0.0,0.0,0.03,0,0,0,0,0,0,0,0,0,0,0,0,0,0,0,0,0,0,0,0,0
7.1508636474609375,0,0.0,0.0,0.0,0.0,0.0,0.0,0.0,0.0,0.03,0,0,0,0,0,0,0,0,0,0,0,0,0,0,0,0,0,0,0,0,0
7.152377367019653,0,0.0,0.0,0.0,0.0,0.0,0.0,0.0,0.0,0.03,0,0,0,0,0,0,0,0,0,0,0,0,0,0,0,0,0,0,0,0,0
7.155660152435303,0,0.0,0.0,0.0,0.0,0.0,0.0,0.0,0.0,0.03,0,0,0,0,0,0,0,0,0,0,0,0,0,0,0,0,0,0,0,0,0
7.156927824020386,0,0.0,0.0,0.0,0.0,0.0,0.0,0.0,0.0,0.03,0,0,0,0,0,0,0,0,0,0,0,0,0,0,0,0,0,0,0,0,0
7.158202886581421,0,0.0,0.0,0.0,0.0,0.0,0.0,0.0,0.0,0.03,0,0,0,0,0,0,0,0,0,0,0,0,0,0,0,0,0,0,0,0,0
7.16037392616272,0,0.0,0.0,0.0,0.0,0.0,0.0,0.0,0.0,0.03,0,0,0,0,0,0,0,0,0,0,0,0,0,0,0,0,0,0,0,0,0
7.161975860595703,0,0.0,0.0,0.0,0.0,0.0,0.0,0.0,0.0,0.03,0,0,0,0,0,0,0,0,0,0,0,0,0,0,0,0,0,0,0,0,0
7.163064479827881,0,0.0,0.0,0.0,0.0,0.0,0.0,0.0,0.0,0.03,0,0,0,0,0,0,0,0,0,0,0,0,0,0,0,0,0,0,0,0,0
7.164335012435913,0,0.0,0.0,0.0,0.0,0.0,0.0,0.0,0.0,0.03,0,0,0,0,0,0,0,0,0,0,0,0,0,0,0,0,0,0,0,0,0
7.165944814682007,0,0.0,0.0,0.0,0.0,0.0,0.0,0.0,0.0,0.03,0,0,0,0,0,0,0,0,0,0,0,0,0,0,0,0,0,0,0,0,0
7.167229413986206,0,0.0,0.0,0.0,0.0,0.0,0.0,0.0,0.0,0.03,0,0,0,0,0,0,0,0,0,0,0,0,0,0,0,0,0,0,0,0,0
7.16838264465332,0,0.0,0.0,0.0,0.0,0.0,0.0,0.0,0.0,0.03,0,0,0,0,0,0,0,0,0,0,0,0,0,0,0,0,0,0,0,0,0
7.169752359390259,0,0.0,0.0,0.0,0.0,0.0,0.0,0.0,0.0,0.03,0,0,0,0,0,0,0,0,0,0,0,0,0,0,0,0,0,0,0,0,0
7.170948505401611,0,0.0,0.0,0.0,0.0,0.0,0.0,0.0,0.0,0.03,0,0,0,0,0,0,0,0,0,0,0,0,0,0,0,0,0,0,0,0,0
7.17303204536438,0,0.0,0.0,0.0,0.0,0.0,0.0,0.0,0.0,0.03,0,0,0,0,0,0,0,0,0,0,0,0,0,0,0,0,0,0,0,0,0
7.174676179885864,0,0.0,0.0,0.0,0.0,0.0,0.0,0.0,0.0,0.03,0,0,0,0,0,0,0,0,0,0,0,0,0,0,0,0,0,0,0,0,0
7.176019906997681,0,0.0,0.0,0.0,0.0,0.0,0.0,0.0,0.0,0.03,0,0,0,0,0,0,0,0,0,0,0,0,0,0,0,0,0,0,0,0,0
7.177378416061401,0,0.0,0.0,0.0,0.0,0.0,0.0,0.0,0.0,0.03,0,0,0,0,0,0,0,0,0,0,0,0,0,0,0,0,0,0,0,0,0
7.1787800788879395,0,0.0,0.0,0.0,0.0,0.0,0.0,0.0,0.0,0.03,0,0,0,0,0,0,0,0,0,0,0,0,0,0,0,0,0,0,0,0,0
7.180402517318726,0,0.0,0.0,0.0,0.0,0.0,0.0,0.0,0.0,0.03,0,0,0,0,0,0,0,0,0,0,0,0,0,0,0,0,0,0,0,0,0
7.181626081466675,0,0.0,0.0,0.0,0.0,0.0,0.0,0.0,0.0,0.03,0,0,0,0,0,0,0,0,0,0,0,0,0,0,0,0,0,0,0,0,0
7.1827170848846436,0,0.0,0.0,0.0,0.0,0.0,0.0,0.0,0.0,0.03,0,0,0,0,0,0,0,0,0,0,0,0,0,0,0,0,0,0,0,0,0
7.183981895446777,0,0.0,0.0,0.0,0.0,0.0,0.0,0.0,0.0,0.03,0,0,0,0,0,0,0,0,0,0,0,0,0,0,0,0,0,0,0,0,0
7.185246229171753,0,0.0,0.0,0.0,0.0,0.0,0.0,0.0,0.0,0.03,0,0,0,0,0,0,0,0,0,0,0,0,0,0,0,0,0,0,0,0,0
7.186336517333984,0,0.0,0.0,0.0,0.0,0.0,0.0,0.0,0.0,0.03,0,0,0,0,0,0,0,0,0,0,0,0,0,0,0,0,0,0,0,0,0
7.18922758102417,0,0.0,0.0,0.0,0.0,0.0,0.0,0.0,0.0,0.03,0,0,0,0,0,0,0,0,0,0,0,0,0,0,0,0,0,0,0,0,0
7.19037127494812,0,0.0,0.0,0.0,0.0,0.0,0.0,0.0,0.0,0.03,0,0,0,0,0,0,0,0,0,0,0,0,0,0,0,0,0,0,0,0,0
7.19180965423584,0,0.0,0.0,0.0,0.0,0.0,0.0,0.0,0.0,0.03,0,0,0,0,0,0,0,0,0,0,0,0,0,0,0,0,0,0,0,0,0
7.192898273468018,0,0.0,0.0,0.0,0.0,0.0,0.0,0.0,0.0,0.03,0,0,0,0,0,0,0,0,0,0,0,0,0,0,0,0,0,0,0,0,0
7.194002628326416,0,0.0,0.0,0.0,0.0,0.0,0.0,0.0,0.0,0.03,0,0,0,0,0,0,0,0,0,0,0,0,0,0,0,0,0,0,0,0,0
7.195114850997925,0,0.0,0.0,0.0,0.0,0.0,0.0,0.0,0.0,0.03,0,0,0,0,0,0,0,0,0,0,0,0,0,0,0,0,0,0,0,0,0
7.19715142250061,0,0.0,0.0,0.0,0.0,0.0,0.0,0.0,0.0,0.03,0,0,0,0,0,0,0,0,0,0,0,0,0,0,0,0,0,0,0,0,0
7.198303461074829,0,0.0,0.0,0.0,0.0,0.0,0.0,0.0,0.0,0.03,0,0,0,0,0,0,0,0,0,0,0,0,0,0,0,0,0,0,0,0,0
7.199696063995361,0,0.0,0.0,0.0,0.0,0.0,0.0,0.0,0.0,0.03,0,0,0,0,0,0,0,0,0,0,0,0,0,0,0,0,0,0,0,0,0
7.200976848602295,0,0.0,0.0,0.0,0.0,0.0,0.0,0.0,0.0,0.03,0,0,0,0,0,0,0,0,0,0,0,0,0,0,0,0,0,0,0,0,0
7.202321767807007,0,0.0,0.0,0.0,0.0,0.0,0.0,0.0,0.0,0.03,0,0,0,0,0,0,0,0,0,0,0,0,0,0,0,0,0,0,0,0,0
7.203912973403931,0,0.0,0.0,0.0,0.0,0.0,0.0,0.0,0.0,0.03,0,0,0,0,0,0,0,0,0,0,0,0,0,0,0,0,0,0,0,0,0
7.205309629440308,0,0.0,0.0,0.0,0.0,0.0,0.0,0.0,0.0,0.03,0,0,0,0,0,0,0,0,0,0,0,0,0,0,0,0,0,0,0,0,0
7.206633567810059,0,0.0,0.0,0.0,0.0,0.0,0.0,0.0,0.0,0.03,0,0,0,0,0,0,0,0,0,0,0,0,0,0,0,0,0,0,0,0,0
7.207918882369995,0,0.0,0.0,0.0,0.0,0.0,0.0,0.0,0.0,0.03,0,0,0,0,0,0,0,0,0,0,0,0,0,0,0,0,0,0,0,0,0
7.2092249393463135,0,0.0,0.0,0.0,0.0,0.0,0.0,0.0,0.0,0.03,0,0,0,0,0,0,0,0,0,0,0,0,0,0,0,0,0,0,0,0,0
7.210321664810181,0,0.0,0.0,0.0,0.0,0.0,0.0,0.0,0.0,0.03,0,0,0,0,0,0,0,0,0,0,0,0,0,0,0,0,0,0,0,0,0
7.211525917053223,0,0.0,0.0,0.0,0.0,0.0,0.0,0.0,0.0,0.03,0,0,0,0,0,0,0,0,0,0,0,0,0,0,0,0,0,0,0,0,0
7.21262526512146,0,0.0,0.0,0.0,0.0,0.0,0.0,0.0,0.0,0.03,0,0,0,0,0,0,0,0,0,0,0,0,0,0,0,0,0,0,0,0,0
7.213711261749268,0,0.0,0.0,0.0,0.0,0.0,0.0,0.0,0.0,0.03,0,0,0,0,0,0,0,0,0,0,0,0,0,0,0,0,0,0,0,0,0
7.214890241622925,0,0.0,0.0,0.0,0.0,0.0,0.0,0.0,0.0,0.03,0,0,0,0,0,0,0,0,0,0,0,0,0,0,0,0,0,0,0,0,0
7.215958833694458,0,0.0,0.0,0.0,0.0,0.0,0.0,0.0,0.0,0.03,0,0,0,0,0,0,0,0,0,0,0,0,0,0,0,0,0,0,0,0,0
7.217326879501343,0,0.0,0.0,0.0,0.0,0.0,0.0,0.0,0.0,0.03,0,0,0,0,0,0,0,0,0,0,0,0,0,0,0,0,0,0,0,0,0
7.21912145614624,0,0.0,0.0,0.0,0.0,0.0,0.0,0.0,0.0,0.03,0,0,0,0,0,0,0,0,0,0,0,0,0,0,0,0,0,0,0,0,0
7.220827341079712,0,0.0,0.0,0.0,0.0,0.0,0.0,0.0,0.0,0.03,0,0,0,0,0,0,0,0,0,0,0,0,0,0,0,0,0,0,0,0,0
7.222742319107056,0,0.0,0.0,0.0,0.0,0.0,0.0,0.0,0.0,0.03,0,0,0,0,0,0,0,0,0,0,0,0,0,0,0,0,0,0,0,0,0
7.224075794219971,0,0.0,0.0,0.0,0.0,0.0,0.0,0.0,0.0,0.03,0,0,0,0,0,0,0,0,0,0,0,0,0,0,0,0,0,0,0,0,0
7.2253358364105225,0,0.0,0.0,0.0,0.0,0.0,0.0,0.0,0.0,0.03,0,0,0,0,0,0,0,0,0,0,0,0,0,0,0,0,0,0,0,0,0
7.227811098098755,0,0.0,0.0,0.0,0.0,0.0,0.0,0.0,0.0,0.03,0,0,0,0,0,0,0,0,0,0,0,0,0,0,0,0,0,0,0,0,0
7.229269027709961,0,0.0,0.0,0.0,0.0,0.0,0.0,0.0,0.0,0.03,0,0,0,0,0,0,0,0,0,0,0,0,0,0,0,0,0,0,0,0,0
7.230546951293945,0,0.0,0.0,0.0,0.0,0.0,0.0,0.0,0.0,0.03,0,0,0,0,0,0,0,0,0,0,0,0,0,0,0,0,0,0,0,0,0
7.2318336963653564,0,0.0,0.0,0.0,0.0,0.0,0.0,0.0,0.0,0.03,0,0,0,0,0,0,0,0,0,0,0,0,0,0,0,0,0,0,0,0,0
7.2329394817352295,0,0.0,0.0,0.0,0.0,0.0,0.0,0.0,0.0,0.03,0,0,0,0,0,0,0,0,0,0,0,0,0,0,0,0,0,0,0,0,0
7.234106779098511,0,0.0,0.0,0.0,0.0,0.0,0.0,0.0,0.0,0.03,0,0,0,0,0,0,0,0,0,0,0,0,0,0,0,0,0,0,0,0,0
7.235533714294434,0,0.0,0.0,0.0,0.0,0.0,0.0,0.0,0.0,0.03,0,0,0,0,0,0,0,0,0,0,0,0,0,0,0,0,0,0,0,0,0
7.236674547195435,0,0.0,0.0,0.0,0.0,0.0,0.0,0.0,0.0,0.03,0,0,0,0,0,0,0,0,0,0,0,0,0,0,0,0,0,0,0,0,0
7.237917423248291,0,0.0,0.0,0.0,0.0,0.0,0.0,0.0,0.0,0.03,0,0,0,0,0,0,0,0,0,0,0,0,0,0,0,0,0,0,0,0,0
7.2390148639678955,0,0.0,0.0,0.0,0.0,0.0,0.0,0.0,0.0,0.03,0,0,0,0,0,0,0,0,0,0,0,0,0,0,0,0,0,0,0,0,0
7.240151882171631,0,0.0,0.0,0.0,0.0,0.0,0.0,0.0,0.0,0.03,0,0,0,0,0,0,0,0,0,0,0,0,0,0,0,0,0,0,0,0,0
7.241359710693359,0,0.0,0.0,0.0,0.0,0.0,0.0,0.0,0.0,0.03,0,0,0,0,0,0,0,0,0,0,0,0,0,0,0,0,0,0,0,0,0
7.244811296463013,0,0.0,0.0,0.0,0.0,0.0,0.0,0.0,0.0,0.03,0,0,0,0,0,0,0,0,0,0,0,0,0,0,0,0,0,0,0,0,0
7.246293306350708,0,0.0,0.0,0.0,0.0,0.0,0.0,0.0,0.0,0.03,0,0,0,0,0,0,0,0,0,0,0,0,0,0,0,0,0,0,0,0,0
7.247875928878784,0,0.0,0.0,0.0,0.0,0.0,0.0,0.0,0.0,0.03,0,0,0,0,0,0,0,0,0,0,0,0,0,0,0,0,0,0,0,0,0
7.249094247817993,0,0.0,0.0,0.0,0.0,0.0,0.0,0.0,0.0,0.03,0,0,0,0,0,0,0,0,0,0,0,0,0,0,0,0,0,0,0,0,0
7.250171661376953,0,0.0,0.0,0.0,0.0,0.0,0.0,0.0,0.0,0.03,0,0,0,0,0,0,0,0,0,0,0,0,0,0,0,0,0,0,0,0,0
7.251262664794922,0,0.0,0.0,0.0,0.0,0.0,0.0,0.0,0.0,0.03,0,0,0,0,0,0,0,0,0,0,0,0,0,0,0,0,0,0,0,0,0
7.253239393234253,0,0.0,0.0,0.0,0.0,0.0,0.0,0.0,0.0,0.03,0,0,0,0,0,0,0,0,0,0,0,0,0,0,0,0,0,0,0,0,0
7.254525423049927,0,0.0,0.0,0.0,0.0,0.0,0.0,0.0,0.0,0.03,0,0,0,0,0,0,0,0,0,0,0,0,0,0,0,0,0,0,0,0,0
7.2578301429748535,0,0.0,0.0,0.0,0.0,0.0,0.0,0.0,0.0,0.03,0,0,0,0,0,0,0,0,0,0,0,0,0,0,0,0,0,0,0,0,0
7.259260416030884,0,0.0,0.0,0.0,0.0,0.0,0.0,0.0,0.0,0.03,0,0,0,0,0,0,0,0,0,0,0,0,0,0,0,0,0,0,0,0,0
7.260514974594116,0,0.0,0.0,0.0,0.0,0.0,0.0,0.0,0.0,0.03,0,0,0,0,0,0,0,0,0,0,0,0,0,0,0,0,0,0,0,0,0
7.2619850635528564,0,0.0,0.0,0.0,0.0,0.0,0.0,0.0,0.0,0.03,0,0,0,0,0,0,0,0,0,0,0,0,0,0,0,0,0,0,0,0,0
7.263716220855713,0,0.0,0.0,0.0,0.0,0.0,0.0,0.0,0.0,0.03,0,0,0,0,0,0,0,0,0,0,0,0,0,0,0,0,0,0,0,0,0
7.265614748001099,0,0.0,0.0,0.0,0.0,0.0,0.0,0.0,0.0,0.03,0,0,0,0,0,0,0,0,0,0,0,0,0,0,0,0,0,0,0,0,0
7.269237756729126,0,0.0,0.0,0.0,0.0,0.0,0.0,0.0,0.0,0.03,0,0,0,0,0,0,0,0,0,0,0,0,0,0,0,0,0,0,0,0,0
7.27064847946167,0,0.0,0.0,0.0,0.0,0.0,0.0,0.0,0.0,0.03,0,0,0,0,0,0,0,0,0,0,0,0,0,0,0,0,0,0,0,0,0
7.271921396255493,0,0.0,0.0,0.0,0.0,0.0,0.0,0.0,0.0,0.03,0,0,0,0,0,0,0,0,0,0,0,0,0,0,0,0,0,0,0,0,0
7.273202419281006,0,0.0,0.0,0.0,0.0,0.0,0.0,0.0,0.0,0.03,0,0,0,0,0,0,0,0,0,0,0,0,0,0,0,0,0,0,0,0,0
7.2745513916015625,0,0.0,0.0,0.0,0.0,0.0,0.0,0.0,0.0,0.03,0,0,0,0,0,0,0,0,0,0,0,0,0,0,0,0,0,0,0,0,0
7.276208877563477,0,0.0,0.0,0.0,0.0,0.0,0.0,0.0,0.0,0.03,0,0,0,0,0,0,0,0,0,0,0,0,0,0,0,0,0,0,0,0,0
7.277450799942017,0,0.0,0.0,0.0,0.0,0.0,0.0,0.0,0.0,0.03,0,0,0,0,0,0,0,0,0,0,0,0,0,0,0,0,0,0,0,0,0
7.278938055038452,0,0.0,0.0,0.0,0.0,0.0,0.0,0.0,0.0,0.03,0,0,0,0,0,0,0,0,0,0,0,0,0,0,0,0,0,0,0,0,0
7.280022859573364,0,0.0,0.0,0.0,0.0,0.0,0.0,0.0,0.0,0.03,0,0,0,0,0,0,0,0,0,0,0,0,0,0,0,0,0,0,0,0,0
7.281120300292969,0,0.0,0.0,0.0,0.0,0.0,0.0,0.0,0.0,0.03,0,0,0,0,0,0,0,0,0,0,0,0,0,0,0,0,0,0,0,0,0
7.2823874950408936,0,0.0,0.0,0.0,0.0,0.0,0.0,0.0,0.0,0.03,0,0,0,0,0,0,0,0,0,0,0,0,0,0,0,0,0,0,0,0,0
7.283531427383423,0,0.0,0.0,0.0,0.0,0.0,0.0,0.0,0.0,0.03,0,0,0,0,0,0,0,0,0,0,0,0,0,0,0,0,0,0,0,0,0
7.284682989120483,0,0.0,0.0,0.0,0.0,0.0,0.0,0.0,0.0,0.03,0,0,0,0,0,0,0,0,0,0,0,0,0,0,0,0,0,0,0,0,0
7.285971641540527,0,0.0,0.0,0.0,0.0,0.0,0.0,0.0,0.0,0.03,0,0,0,0,0,0,0,0,0,0,0,0,0,0,0,0,0,0,0,0,0
7.287067651748657,0,0.0,0.0,0.0,0.0,0.0,0.0,0.0,0.0,0.03,0,0,0,0,0,0,0,0,0,0,0,0,0,0,0,0,0,0,0,0,0
7.28823447227478,0,0.0,0.0,0.0,0.0,0.0,0.0,0.0,0.0,0.03,0,0,0,0,0,0,0,0,0,0,0,0,0,0,0,0,0,0,0,0,0
7.289427995681763,0,0.0,0.0,0.0,0.0,0.0,0.0,0.0,0.0,0.03,0,0,0,0,0,0,0,0,0,0,0,0,0,0,0,0,0,0,0,0,0
7.291429758071899,0,0.0,0.0,0.0,0.0,0.0,0.0,0.0,0.0,0.03,0,0,0,0,0,0,0,0,0,0,0,0,0,0,0,0,0,0,0,0,0
7.29304575920105,0,0.0,0.0,0.0,0.0,0.0,0.0,0.0,0.0,0.03,0,0,0,0,0,0,0,0,0,0,0,0,0,0,0,0,0,0,0,0,0
7.294891834259033,0,0.0,0.0,0.0,0.0,0.0,0.0,0.0,0.0,0.03,0,0,0,0,0,0,0,0,0,0,0,0,0,0,0,0,0,0,0,0,0
7.29636025428772,0,0.0,0.0,0.0,0.0,0.0,0.0,0.0,0.0,0.03,0,0,0,0,0,0,0,0,0,0,0,0,0,0,0,0,0,0,0,0,0
7.297752380371094,0,0.0,0.0,0.0,0.0,0.0,0.0,0.0,0.0,0.03,0,0,0,0,0,0,0,0,0,0,0,0,0,0,0,0,0,0,0,0,0
7.300845146179199,0,0.0,0.0,0.0,0.0,0.0,0.0,0.0,0.0,0.03,0,0,0,0,0,0,0,0,0,0,0,0,0,0,0,0,0,0,0,0,0
7.302231550216675,0,0.0,0.0,0.0,0.0,0.0,0.0,0.0,0.0,0.03,0,0,0,0,0,0,0,0,0,0,0,0,0,0,0,0,0,0,0,0,0
7.3034303188323975,0,0.0,0.0,0.0,0.0,0.0,0.0,0.0,0.0,0.03,0,0,0,0,0,0,0,0,0,0,0,0,0,0,0,0,0,0,0,0,0
7.304527282714844,0,0.0,0.0,0.0,0.0,0.0,0.0,0.0,0.0,0.03,0,0,0,0,0,0,0,0,0,0,0,0,0,0,0,0,0,0,0,0,0
7.305601358413696,0,0.0,0.0,0.0,0.0,0.0,0.0,0.0,0.0,0.03,0,0,0,0,0,0,0,0,0,0,0,0,0,0,0,0,0,0,0,0,0
7.306744575500488,0,0.0,0.0,0.0,0.0,0.0,0.0,0.0,0.0,0.03,0,0,0,0,0,0,0,0,0,0,0,0,0,0,0,0,0,0,0,0,0
7.307832479476929,0,0.0,0.0,0.0,0.0,0.0,0.0,0.0,0.0,0.03,0,0,0,0,0,0,0,0,0,0,0,0,0,0,0,0,0,0,0,0,0
7.308927536010742,0,0.0,0.0,0.0,0.0,0.0,0.0,0.0,0.0,0.03,0,0,0,0,0,0,0,0,0,0,0,0,0,0,0,0,0,0,0,0,0
7.310138702392578,0,0.0,0.0,0.0,0.0,0.0,0.0,0.0,0.0,0.03,0,0,0,0,0,0,0,0,0,0,0,0,0,0,0,0,0,0,0,0,0
7.311227798461914,0,0.0,0.0,0.0,0.0,0.0,0.0,0.0,0.0,0.03,0,0,0,0,0,0,0,0,0,0,0,0,0,0,0,0,0,0,0,0,0
7.31292724609375,0,0.0,0.0,0.0,0.0,0.0,0.0,0.0,0.0,0.03,0,0,0,0,0,0,0,0,0,0,0,0,0,0,0,0,0,0,0,0,0
7.314569711685181,0,0.0,0.0,0.0,0.0,0.0,0.0,0.0,0.0,0.03,0,0,0,0,0,0,0,0,0,0,0,0,0,0,0,0,0,0,0,0,0
7.316470623016357,0,0.0,0.0,0.0,0.0,0.0,0.0,0.0,0.0,0.03,0,0,0,0,0,0,0,0,0,0,0,0,0,0,0,0,0,0,0,0,0
7.317666530609131,0,0.0,0.0,0.0,0.0,0.0,0.0,0.0,0.0,0.03,0,0,0,0,0,0,0,0,0,0,0,0,0,0,0,0,0,0,0,0,0
7.319115161895752,0,0.0,0.0,0.0,0.0,0.0,0.0,0.0,0.0,0.03,0,0,0,0,0,0,0,0,0,0,0,0,0,0,0,0,0,0,0,0,0
7.320491075515747,0,0.0,0.0,0.0,0.0,0.0,0.0,0.0,0.0,0.03,0,0,0,0,0,0,0,0,0,0,0,0,0,0,0,0,0,0,0,0,0
7.322278738021851,0,0.0,0.0,0.0,0.0,0.0,0.0,0.0,0.0,0.03,0,0,0,0,0,0,0,0,0,0,0,0,0,0,0,0,0,0,0,0,0
7.323432207107544,0,0.0,0.0,0.0,0.0,0.0,0.0,0.0,0.0,0.03,0,0,0,0,0,0,0,0,0,0,0,0,0,0,0,0,0,0,0,0,0
7.32525634765625,0,0.0,0.0,0.0,0.0,0.0,0.0,0.0,0.0,0.03,0,0,0,0,0,0,0,0,0,0,0,0,0,0,0,0,0,0,0,0,0
7.326814889907837,0,0.0,0.0,0.0,0.0,0.0,0.0,0.0,0.0,0.03,0,0,0,0,0,0,0,0,0,0,0,0,0,0,0,0,0,0,0,0,0
7.3278820514678955,0,0.0,0.0,0.0,0.0,0.0,0.0,0.0,0.0,0.03,0,0,0,0,0,0,0,0,0,0,0,0,0,0,0,0,0,0,0,0,0
7.330602169036865,0,0.0,0.0,0.0,0.0,0.0,0.0,0.0,0.0,0.03,0,0,0,0,0,0,0,0,0,0,0,0,0,0,0,0,0,0,0,0,0
7.33183479309082,0,0.0,0.0,0.0,0.0,0.0,0.0,0.0,0.0,0.03,0,0,0,0,0,0,0,0,0,0,0,0,0,0,0,0,0,0,0,0,0
7.332937717437744,0,0.0,0.0,0.0,0.0,0.0,0.0,0.0,0.0,0.03,0,0,0,0,0,0,0,0,0,0,0,0,0,0,0,0,0,0,0,0,0
7.334060907363892,0,0.0,0.0,0.0,0.0,0.0,0.0,0.0,0.0,0.03,0,0,0,0,0,0,0,0,0,0,0,0,0,0,0,0,0,0,0,0,0
7.335139751434326,0,0.0,0.0,0.0,0.0,0.0,0.0,0.0,0.0,0.03,0,0,0,0,0,0,0,0,0,0,0,0,0,0,0,0,0,0,0,0,0
7.336769342422485,0,0.0,0.0,0.0,0.0,0.0,0.0,0.0,0.0,0.03,0,0,0,0,0,0,0,0,0,0,0,0,0,0,0,0,0,0,0,0,0
7.338718414306641,0,0.0,0.0,0.0,0.0,0.0,0.0,0.0,0.0,0.03,0,0,0,0,0,0,0,0,0,0,0,0,0,0,0,0,0,0,0,0,0
7.340098142623901,0,0.0,0.0,0.0,0.0,0.0,0.0,0.0,0.0,0.03,0,0,0,0,0,0,0,0,0,0,0,0,0,0,0,0,0,0,0,0,0
7.3414082527160645,0,0.0,0.0,0.0,0.0,0.0,0.0,0.0,0.0,0.03,0,0,0,0,0,0,0,0,0,0,0,0,0,0,0,0,0,0,0,0,0
7.342846393585205,0,0.0,0.0,0.0,0.0,0.0,0.0,0.0,0.0,0.03,0,0,0,0,0,0,0,0,0,0,0,0,0,0,0,0,0,0,0,0,0
7.344400405883789,0,0.0,0.0,0.0,0.0,0.0,0.0,0.0,0.0,0.03,0,0,0,0,0,0,0,0,0,0,0,0,0,0,0,0,0,0,0,0,0
7.345765113830566,0,0.0,0.0,0.0,0.0,0.0,0.0,0.0,0.0,0.03,0,0,0,0,0,0,0,0,0,0,0,0,0,0,0,0,0,0,0,0,0
7.347001791000366,0,0.0,0.0,0.0,0.0,0.0,0.0,0.0,0.0,0.03,0,0,0,0,0,0,0,0,0,0,0,0,0,0,0,0,0,0,0,0,0
7.349340200424194,0,0.0,0.0,0.0,0.0,0.0,0.0,0.0,0.0,0.03,0,0,0,0,0,0,0,0,0,0,0,0,0,0,0,0,0,0,0,0,0
7.350688695907593,0,0.0,0.0,0.0,0.0,0.0,0.0,0.0,0.0,0.03,0,0,0,0,0,0,0,0,0,0,0,0,0,0,0,0,0,0,0,0,0
7.3518664836883545,0,0.0,0.0,0.0,0.0,0.0,0.0,0.0,0.0,0.03,0,0,0,0,0,0,0,0,0,0,0,0,0,0,0,0,0,0,0,0,0
7.3529579639434814,0,0.0,0.0,0.0,0.0,0.0,0.0,0.0,0.0,0.03,0,0,0,0,0,0,0,0,0,0,0,0,0,0,0,0,0,0,0,0,0
7.3540356159210205,0,0.0,0.0,0.0,0.0,0.0,0.0,0.0,0.0,0.03,0,0,0,0,0,0,0,0,0,0,0,0,0,0,0,0,0,0,0,0,0
7.355419635772705,0,0.0,0.0,0.0,0.0,0.0,0.0,0.0,0.0,0.03,0,0,0,0,0,0,0,0,0,0,0,0,0,0,0,0,0,0,0,0,0
7.356483697891235,0,0.0,0.0,0.0,0.0,0.0,0.0,0.0,0.0,0.03,0,0,0,0,0,0,0,0,0,0,0,0,0,0,0,0,0,0,0,0,0
7.3575334548950195,0,0.0,0.0,0.0,0.0,0.0,0.0,0.0,0.0,0.03,0,0,0,0,0,0,0,0,0,0,0,0,0,0,0,0,0,0,0,0,0
7.358748197555542,0,0.0,0.0,0.0,0.0,0.0,0.0,0.0,0.0,0.03,0,0,0,0,0,0,0,0,0,0,0,0,0,0,0,0,0,0,0,0,0
7.359897136688232,0,0.0,0.0,0.0,0.0,0.0,0.0,0.0,0.0,0.03,0,0,0,0,0,0,0,0,0,0,0,0,0,0,0,0,0,0,0,0,0
7.361082553863525,0,0.0,0.0,0.0,0.0,0.0,0.0,0.0,0.0,0.03,0,0,0,0,0,0,0,0,0,0,0,0,0,0,0,0,0,0,0,0,0
7.362177133560181,0,0.0,0.0,0.0,0.0,0.0,0.0,0.0,0.0,0.03,0,0,0,0,0,0,0,0,0,0,0,0,0,0,0,0,0,0,0,0,0
7.365118741989136,0,0.0,0.0,0.0,0.0,0.0,0.0,0.0,0.0,0.03,0,0,0,0,0,0,0,0,0,0,0,0,0,0,0,0,0,0,0,0,0
7.367645502090454,0,0.0,0.0,0.0,0.0,0.0,0.0,0.0,0.0,0.03,0,0,0,0,0,0,0,0,0,0,0,0,0,0,0,0,0,0,0,0,0
7.36898136138916,0,0.0,0.0,0.0,0.0,0.0,0.0,0.0,0.0,0.03,0,0,0,0,0,0,0,0,0,0,0,0,0,0,0,0,0,0,0,0,0
7.3701088428497314,0,0.0,0.0,0.0,0.0,0.0,0.0,0.0,0.0,0.03,0,0,0,0,0,0,0,0,0,0,0,0,0,0,0,0,0,0,0,0,0
7.371431350708008,0,0.0,0.0,0.0,0.0,0.0,0.0,0.0,0.0,0.03,0,0,0,0,0,0,0,0,0,0,0,0,0,0,0,0,0,0,0,0,0
7.372732400894165,0,0.0,0.0,0.0,0.0,0.0,0.0,0.0,0.0,0.03,0,0,0,0,0,0,0,0,0,0,0,0,0,0,0,0,0,0,0,0,0
7.374173641204834,0,0.0,0.0,0.0,0.0,0.0,0.0,0.0,0.0,0.03,0,0,0,0,0,0,0,0,0,0,0,0,0,0,0,0,0,0,0,0,0
7.375406742095947,0,0.0,0.0,0.0,0.0,0.0,0.0,0.0,0.0,0.03,0,0,0,0,0,0,0,0,0,0,0,0,0,0,0,0,0,0,0,0,0
7.37664008140564,0,0.0,0.0,0.0,0.0,0.0,0.0,0.0,0.0,0.03,0,0,0,0,0,0,0,0,0,0,0,0,0,0,0,0,0,0,0,0,0
7.3783581256866455,0,0.0,0.0,0.0,0.0,0.0,0.0,0.0,0.0,0.03,0,0,0,0,0,0,0,0,0,0,0,0,0,0,0,0,0,0,0,0,0
7.37947940826416,0,0.0,0.0,0.0,0.0,0.0,0.0,0.0,0.0,0.03,0,0,0,0,0,0,0,0,0,0,0,0,0,0,0,0,0,0,0,0,0
7.3805646896362305,0,0.0,0.0,0.0,0.0,0.0,0.0,0.0,0.0,0.03,0,0,0,0,0,0,0,0,0,0,0,0,0,0,0,0,0,0,0,0,0
7.381628513336182,0,0.0,0.0,0.0,0.0,0.0,0.0,0.0,0.0,0.03,0,0,0,0,0,0,0,0,0,0,0,0,0,0,0,0,0,0,0,0,0
7.382770299911499,0,0.0,0.0,0.0,0.0,0.0,0.0,0.0,0.0,0.03,0,0,0,0,0,0,0,0,0,0,0,0,0,0,0,0,0,0,0,0,0
7.383832216262817,0,0.0,0.0,0.0,0.0,0.0,0.0,0.0,0.0,0.03,0,0,0,0,0,0,0,0,0,0,0,0,0,0,0,0,0,0,0,0,0
7.38553786277771,0,0.0,0.0,0.0,0.0,0.0,0.0,0.0,0.0,0.03,0,0,0,0,0,0,0,0,0,0,0,0,0,0,0,0,0,0,0,0,0
7.387108087539673,0,0.0,0.0,0.0,0.0,0.0,0.0,0.0,0.0,0.03,0,0,0,0,0,0,0,0,0,0,0,0,0,0,0,0,0,0,0,0,0
7.389800786972046,0,0.0,0.0,0.0,0.0,0.0,0.0,0.0,0.0,0.03,0,0,0,0,0,0,0,0,0,0,0,0,0,0,0,0,0,0,0,0,0
7.391068458557129,0,0.0,0.0,0.0,0.0,0.0,0.0,0.0,0.0,0.03,0,0,0,0,0,0,0,0,0,0,0,0,0,0,0,0,0,0,0,0,0
7.392438650131226,0,0.0,0.0,0.0,0.0,0.0,0.0,0.0,0.0,0.03,0,0,0,0,0,0,0,0,0,0,0,0,0,0,0,0,0,0,0,0,0
7.393953323364258,0,0.0,0.0,0.0,0.0,0.0,0.0,0.0,0.0,0.03,0,0,0,0,0,0,0,0,0,0,0,0,0,0,0,0,0,0,0,0,0
7.395479917526245,0,0.0,0.0,0.0,0.0,0.0,0.0,0.0,0.0,0.03,0,0,0,0,0,0,0,0,0,0,0,0,0,0,0,0,0,0,0,0,0
7.396675109863281,0,0.0,0.0,0.0,0.0,0.0,0.0,0.0,0.0,0.03,0,0,0,0,0,0,0,0,0,0,0,0,0,0,0,0,0,0,0,0,0
7.398482084274292,0,0.0,0.0,0.0,0.0,0.0,0.0,0.0,0.0,0.03,0,0,0,0,0,0,0,0,0,0,0,0,0,0,0,0,0,0,0,0,0
7.39958119392395,0,0.0,0.0,0.0,0.0,0.0,0.0,0.0,0.0,0.03,0,0,0,0,0,0,0,0,0,0,0,0,0,0,0,0,0,0,0,0,0
7.402846574783325,0,0.0,0.0,0.0,0.0,0.0,0.0,0.0,0.0,0.03,0,0,0,0,0,0,0,0,0,0,0,0,0,0,0,0,0,0,0,0,0
7.403993129730225,0,0.0,0.0,0.0,0.0,0.0,0.0,0.0,0.0,0.03,0,0,0,0,0,0,0,0,0,0,0,0,0,0,0,0,0,0,0,0,0
7.405102968215942,0,0.0,0.0,0.0,0.0,0.0,0.0,0.0,0.0,0.03,0,0,0,0,0,0,0,0,0,0,0,0,0,0,0,0,0,0,0,0,0
7.406471252441406,0,0.0,0.0,0.0,0.0,0.0,0.0,0.0,0.0,0.03,0,0,0,0,0,0,0,0,0,0,0,0,0,0,0,0,0,0,0,0,0
7.408356666564941,0,0.0,0.0,0.0,0.0,0.0,0.0,0.0,0.0,0.03,0,0,0,0,0,0,0,0,0,0,0,0,0,0,0,0,0,0,0,0,0
7.409971475601196,0,0.0,0.0,0.0,0.0,0.0,0.0,0.0,0.0,0.03,0,0,0,0,0,0,0,0,0,0,0,0,0,0,0,0,0,0,0,0,0
7.411160469055176,0,0.0,0.0,0.0,0.0,0.0,0.0,0.0,0.0,0.03,0,0,0,0,0,0,0,0,0,0,0,0,0,0,0,0,0,0,0,0,0
7.412407159805298,0,0.0,0.0,0.0,0.0,0.0,0.0,0.0,0.0,0.03,0,0,0,0,0,0,0,0,0,0,0,0,0,0,0,0,0,0,0,0,0
7.414095163345337,0,0.0,0.0,0.0,0.0,0.0,0.0,0.0,0.0,0.03,0,0,0,0,0,0,0,0,0,0,0,0,0,0,0,0,0,0,0,0,0
7.415555000305176,0,0.0,0.0,0.0,0.0,0.0,0.0,0.0,0.0,0.03,0,0,0,0,0,0,0,0,0,0,0,0,0,0,0,0,0,0,0,0,0
7.416815996170044,0,0.0,0.0,0.0,0.0,0.0,0.0,0.0,0.0,0.03,0,0,0,0,0,0,0,0,0,0,0,0,0,0,0,0,0,0,0,0,0
7.418050050735474,0,0.0,0.0,0.0,0.0,0.0,0.0,0.0,0.0,0.03,0,0,0,0,0,0,0,0,0,0,0,0,0,0,0,0,0,0,0,0,0
7.419319152832031,0,0.0,0.0,0.0,0.0,0.0,0.0,0.0,0.0,0.03,0,0,0,0,0,0,0,0,0,0,0,0,0,0,0,0,0,0,0,0,0
7.420481204986572,0,0.0,0.0,0.0,0.0,0.0,0.0,0.0,0.0,0.03,0,0,0,0,0,0,0,0,0,0,0,0,0,0,0,0,0,0,0,0,0
7.421777725219727,0,0.0,0.0,0.0,0.0,0.0,0.0,0.0,0.0,0.03,0,0,0,0,0,0,0,0,0,0,0,0,0,0,0,0,0,0,0,0,0
7.423291921615601,0,0.0,0.0,0.0,0.0,0.0,0.0,0.0,0.0,0.03,0,0,0,0,0,0,0,0,0,0,0,0,0,0,0,0,0,0,0,0,0
7.4243762493133545,0,0.0,0.0,0.0,0.0,0.0,0.0,0.0,0.0,0.03,0,0,0,0,0,0,0,0,0,0,0,0,0,0,0,0,0,0,0,0,0
7.425665616989136,0,0.0,0.0,0.0,0.0,0.0,0.0,0.0,0.0,0.03,0,0,0,0,0,0,0,0,0,0,0,0,0,0,0,0,0,0,0,0,0
7.426738023757935,0,0.0,0.0,0.0,0.0,0.0,0.0,0.0,0.0,0.03,0,0,0,0,0,0,0,0,0,0,0,0,0,0,0,0,0,0,0,0,0
7.427842378616333,0,0.0,0.0,0.0,0.0,0.0,0.0,0.0,0.0,0.03,0,0,0,0,0,0,0,0,0,0,0,0,0,0,0,0,0,0,0,0,0
7.4290337562561035,0,0.0,0.0,0.0,0.0,0.0,0.0,0.0,0.0,0.03,0,0,0,0,0,0,0,0,0,0,0,0,0,0,0,0,0,0,0,0,0
7.430194854736328,0,0.0,0.0,0.0,0.0,0.0,0.0,0.0,0.0,0.03,0,0,0,0,0,0,0,0,0,0,0,0,0,0,0,0,0,0,0,0,0
7.431337118148804,0,0.0,0.0,0.0,0.0,0.0,0.0,0.0,0.0,0.03,0,0,0,0,0,0,0,0,0,0,0,0,0,0,0,0,0,0,0,0,0
7.432421445846558,0,0.0,0.0,0.0,0.0,0.0,0.0,0.0,0.0,0.03,0,0,0,0,0,0,0,0,0,0,0,0,0,0,0,0,0,0,0,0,0
7.433589935302734,0,0.0,0.0,0.0,0.0,0.0,0.0,0.0,0.0,0.03,0,0,0,0,0,0,0,0,0,0,0,0,0,0,0,0,0,0,0,0,0
7.434839963912964,0,0.0,0.0,0.0,0.0,0.0,0.0,0.0,0.0,0.03,0,0,0,0,0,0,0,0,0,0,0,0,0,0,0,0,0,0,0,0,0
7.4361982345581055,0,0.0,0.0,0.0,0.0,0.0,0.0,0.0,0.0,0.03,0,0,0,0,0,0,0,0,0,0,0,0,0,0,0,0,0,0,0,0,0
7.437958717346191,0,0.0,0.0,0.0,0.0,0.0,0.0,0.0,0.0,0.03,0,0,0,0,0,0,0,0,0,0,0,0,0,0,0,0,0,0,0,0,0
7.439347505569458,0,0.0,0.0,0.0,0.0,0.0,0.0,0.0,0.0,0.03,0,0,0,0,0,0,0,0,0,0,0,0,0,0,0,0,0,0,0,0,0
7.440691709518433,0,0.0,0.0,0.0,0.0,0.0,0.0,0.0,0.0,0.03,0,0,0,0,0,0,0,0,0,0,0,0,0,0,0,0,0,0,0,0,0
7.441890478134155,0,0.0,0.0,0.0,0.0,0.0,0.0,0.0,0.0,0.03,0,0,0,0,0,0,0,0,0,0,0,0,0,0,0,0,0,0,0,0,0
7.4439918994903564,0,0.0,0.0,0.0,0.0,0.0,0.0,0.0,0.0,0.03,0,0,0,0,0,0,0,0,0,0,0,0,0,0,0,0,0,0,0,0,0
7.445133209228516,0,0.0,0.0,0.0,0.0,0.0,0.0,0.0,0.0,0.03,0,0,0,0,0,0,0,0,0,0,0,0,0,0,0,0,0,0,0,0,0
7.446223020553589,0,0.0,0.0,0.0,0.0,0.0,0.0,0.0,0.0,0.03,0,0,0,0,0,0,0,0,0,0,0,0,0,0,0,0,0,0,0,0,0
7.447334051132202,0,0.0,0.0,0.0,0.0,0.0,0.0,0.0,0.0,0.03,0,0,0,0,0,0,0,0,0,0,0,0,0,0,0,0,0,0,0,0,0
7.448826551437378,0,0.0,0.0,0.0,0.0,0.0,0.0,0.0,0.0,0.03,0,0,0,0,0,0,0,0,0,0,0,0,0,0,0,0,0,0,0,0,0
7.450258016586304,0,0.0,0.0,0.0,0.0,0.0,0.0,0.0,0.0,0.03,0,0,0,0,0,0,0,0,0,0,0,0,0,0,0,0,0,0,0,0,0
7.451342821121216,0,0.0,0.0,0.0,0.0,0.0,0.0,0.0,0.0,0.03,0,0,0,0,0,0,0,0,0,0,0,0,0,0,0,0,0,0,0,0,0
7.4525370597839355,0,0.0,0.0,0.0,0.0,0.0,0.0,0.0,0.0,0.03,0,0,0,0,0,0,0,0,0,0,0,0,0,0,0,0,0,0,0,0,0
7.45362114906311,0,0.0,0.0,0.0,0.0,0.0,0.0,0.0,0.0,0.03,0,0,0,0,0,0,0,0,0,0,0,0,0,0,0,0,0,0,0,0,0
7.45468544960022,0,0.0,0.0,0.0,0.0,0.0,0.0,0.0,0.0,0.03,0,0,0,0,0,0,0,0,0,0,0,0,0,0,0,0,0,0,0,0,0
7.455845832824707,0,0.0,0.0,0.0,0.0,0.0,0.0,0.0,0.0,0.03,0,0,0,0,0,0,0,0,0,0,0,0,0,0,0,0,0,0,0,0,0
7.457945346832275,0,0.0,0.0,0.0,0.0,0.0,0.0,0.0,0.0,0.03,0,0,0,0,0,0,0,0,0,0,0,0,0,0,0,0,0,0,0,0,0
7.459569931030273,0,0.0,0.0,0.0,0.0,0.0,0.0,0.0,0.0,0.03,0,0,0,0,0,0,0,0,0,0,0,0,0,0,0,0,0,0,0,0,0
7.461853265762329,0,0.0,0.0,0.0,0.0,0.0,0.0,0.0,0.0,0.03,0,0,0,0,0,0,0,0,0,0,0,0,0,0,0,0,0,0,0,0,0
7.463220834732056,0,0.0,0.0,0.0,0.0,0.0,0.0,0.0,0.0,0.03,0,0,0,0,0,0,0,0,0,0,0,0,0,0,0,0,0,0,0,0,0
7.4650187492370605,0,0.0,0.0,0.0,0.0,0.0,0.0,0.0,0.0,0.03,0,0,0,0,0,0,0,0,0,0,0,0,0,0,0,0,0,0,0,0,0
7.466404676437378,0,0.0,0.0,0.0,0.0,0.0,0.0,0.0,0.0,0.03,0,0,0,0,0,0,0,0,0,0,0,0,0,0,0,0,0,0,0,0,0
7.46752142906189,0,0.0,0.0,0.0,0.0,0.0,0.0,0.0,0.0,0.03,0,0,0,0,0,0,0,0,0,0,0,0,0,0,0,0,0,0,0,0,0
7.468707323074341,0,0.0,0.0,0.0,0.0,0.0,0.0,0.0,0.0,0.03,0,0,0,0,0,0,0,0,0,0,0,0,0,0,0,0,0,0,0,0,0
7.469968795776367,0,0.0,0.0,0.0,0.0,0.0,0.0,0.0,0.0,0.03,0,0,0,0,0,0,0,0,0,0,0,0,0,0,0,0,0,0,0,0,0
7.471383333206177,0,0.0,0.0,0.0,0.0,0.0,0.0,0.0,0.0,0.03,0,0,0,0,0,0,0,0,0,0,0,0,0,0,0,0,0,0,0,0,0
7.474812269210815,0,0.0,0.0,0.0,0.0,0.0,0.0,0.0,0.0,0.03,0,0,0,0,0,0,0,0,0,0,0,0,0,0,0,0,0,0,0,0,0
7.475899934768677,0,0.0,0.0,0.0,0.0,0.0,0.0,0.0,0.0,0.03,0,0,0,0,0,0,0,0,0,0,0,0,0,0,0,0,0,0,0,0,0
7.477001190185547,0,0.0,0.0,0.0,0.0,0.0,0.0,0.0,0.0,0.03,0,0,0,0,0,0,0,0,0,0,0,0,0,0,0,0,0,0,0,0,0
7.478166818618774,0,0.0,0.0,0.0,0.0,0.0,0.0,0.0,0.0,0.03,0,0,0,0,0,0,0,0,0,0,0,0,0,0,0,0,0,0,0,0,0
7.479475975036621,0,0.0,0.0,0.0,0.0,0.0,0.0,0.0,0.0,0.03,0,0,0,0,0,0,0,0,0,0,0,0,0,0,0,0,0,0,0,0,0
7.481196403503418,0,0.0,0.0,0.0,0.0,0.0,0.0,0.0,0.0,0.03,0,0,0,0,0,0,0,0,0,0,0,0,0,0,0,0,0,0,0,0,0
7.48253321647644,0,0.0,0.0,0.0,0.0,0.0,0.0,0.0,0.0,0.03,0,0,0,0,0,0,0,0,0,0,0,0,0,0,0,0,0,0,0,0,0
7.48401951789856,0,0.0,0.0,0.0,0.0,0.0,0.0,0.0,0.0,0.03,0,0,0,0,0,0,0,0,0,0,0,0,0,0,0,0,0,0,0,0,0
7.486883878707886,0,0.0,0.0,0.0,0.0,0.0,0.0,0.0,0.0,0.03,0,0,0,0,0,0,0,0,0,0,0,0,0,0,0,0,0,0,0,0,0
7.488091468811035,0,0.0,0.0,0.0,0.0,0.0,0.0,0.0,0.0,0.03,0,0,0,0,0,0,0,0,0,0,0,0,0,0,0,0,0,0,0,0,0
7.4893739223480225,0,0.0,0.0,0.0,0.0,0.0,0.0,0.0,0.0,0.03,0,0,0,0,0,0,0,0,0,0,0,0,0,0,0,0,0,0,0,0,0
7.490479946136475,0,0.0,0.0,0.0,0.0,0.0,0.0,0.0,0.0,0.03,0,0,0,0,0,0,0,0,0,0,0,0,0,0,0,0,0,0,0,0,0
7.4922871589660645,0,0.0,0.0,0.0,0.0,0.0,0.0,0.0,0.0,0.03,0,0,0,0,0,0,0,0,0,0,0,0,0,0,0,0,0,0,0,0,0
7.4935455322265625,0,0.0,0.0,0.0,0.0,0.0,0.0,0.0,0.0,0.03,0,0,0,0,0,0,0,0,0,0,0,0,0,0,0,0,0,0,0,0,0
7.494652509689331,0,0.0,0.0,0.0,0.0,0.0,0.0,0.0,0.0,0.03,0,0,0,0,0,0,0,0,0,0,0,0,0,0,0,0,0,0,0,0,0
7.495780944824219,0,0.0,0.0,0.0,0.0,0.0,0.0,0.0,0.0,0.03,0,0,0,0,0,0,0,0,0,0,0,0,0,0,0,0,0,0,0,0,0
7.497790813446045,0,0.0,0.0,0.0,0.0,0.0,0.0,0.0,0.0,0.03,0,0,0,0,0,0,0,0,0,0,0,0,0,0,0,0,0,0,0,0,0
7.49932599067688,0,0.0,0.0,0.0,0.0,0.0,0.0,0.0,0.0,0.03,0,0,0,0,0,0,0,0,0,0,0,0,0,0,0,0,0,0,0,0,0
7.500424861907959,0,0.0,0.0,0.0,0.0,0.0,0.0,0.0,0.0,0.03,0,0,0,0,0,0,0,0,0,0,0,0,0,0,0,0,0,0,0,0,0
7.501537084579468,0,0.0,0.0,0.0,0.0,0.0,0.0,0.0,0.0,0.03,0,0,0,0,0,0,0,0,0,0,0,0,0,0,0,0,0,0,0,0,0
7.502746105194092,0,0.0,0.0,0.0,0.0,0.0,0.0,0.0,0.0,0.03,0,0,0,0,0,0,0,0,0,0,0,0,0,0,0,0,0,0,0,0,0
7.503819465637207,0,0.0,0.0,0.0,0.0,0.0,0.0,0.0,0.0,0.03,0,0,0,0,0,0,0,0,0,0,0,0,0,0,0,0,0,0,0,0,0
7.505245208740234,0,0.0,0.0,0.0,0.0,0.0,0.0,0.0,0.0,0.03,0,0,0,0,0,0,0,0,0,0,0,0,0,0,0,0,0,0,0,0,0
7.506730079650879,0,0.0,0.0,0.0,0.0,0.0,0.0,0.0,0.0,0.03,0,0,0,0,0,0,0,0,0,0,0,0,0,0,0,0,0,0,0,0,0
7.508124589920044,0,0.0,0.0,0.0,0.0,0.0,0.0,0.0,0.0,0.03,0,0,0,0,0,0,0,0,0,0,0,0,0,0,0,0,0,0,0,0,0
7.5093464851379395,0,0.0,0.0,0.0,0.0,0.0,0.0,0.0,0.0,0.03,0,0,0,0,0,0,0,0,0,0,0,0,0,0,0,0,0,0,0,0,0
7.513067245483398,0,0.0,0.0,0.0,0.0,0.0,0.0,0.0,0.0,0.03,0,0,0,0,0,0,0,0,0,0,0,0,0,0,0,0,0,0,0,0,0
7.514280080795288,0,0.0,0.0,0.0,0.0,0.0,0.0,0.0,0.0,0.03,0,0,0,0,0,0,0,0,0,0,0,0,0,0,0,0,0,0,0,0,0
7.515449285507202,0,0.0,0.0,0.0,0.0,0.0,0.0,0.0,0.0,0.03,0,0,0,0,0,0,0,0,0,0,0,0,0,0,0,0,0,0,0,0,0
7.517390251159668,0,0.0,0.0,0.0,0.0,0.0,0.0,0.0,0.0,0.03,0,0,0,0,0,0,0,0,0,0,0,0,0,0,0,0,0,0,0,0,0
7.518773317337036,0,0.0,0.0,0.0,0.0,0.0,0.0,0.0,0.0,0.03,0,0,0,0,0,0,0,0,0,0,0,0,0,0,0,0,0,0,0,0,0
7.519915580749512,0,0.0,0.0,0.0,0.0,0.0,0.0,0.0,0.0,0.03,0,0,0,0,0,0,0,0,0,0,0,0,0,0,0,0,0,0,0,0,0
7.521158218383789,0,0.0,0.0,0.0,0.0,0.0,0.0,0.0,0.0,0.03,0,0,0,0,0,0,0,0,0,0,0,0,0,0,0,0,0,0,0,0,0
7.522736072540283,0,0.0,0.0,0.0,0.0,0.0,0.0,0.0,0.0,0.03,0,0,0,0,0,0,0,0,0,0,0,0,0,0,0,0,0,0,0,0,0
7.524200916290283,0,0.0,0.0,0.0,0.0,0.0,0.0,0.0,0.0,0.03,0,0,0,0,0,0,0,0,0,0,0,0,0,0,0,0,0,0,0,0,0
7.525266885757446,0,0.0,0.0,0.0,0.0,0.0,0.0,0.0,0.0,0.03,0,0,0,0,0,0,0,0,0,0,0,0,0,0,0,0,0,0,0,0,0
7.526349306106567,0,0.0,0.0,0.0,0.0,0.0,0.0,0.0,0.0,0.03,0,0,0,0,0,0,0,0,0,0,0,0,0,0,0,0,0,0,0,0,0
7.527522802352905,0,0.0,0.0,0.0,0.0,0.0,0.0,0.0,0.0,0.03,0,0,0,0,0,0,0,0,0,0,0,0,0,0,0,0,0,0,0,0,0
7.528604507446289,0,0.0,0.0,0.0,0.0,0.0,0.0,0.0,0.0,0.03,0,0,0,0,0,0,0,0,0,0,0,0,0,0,0,0,0,0,0,0,0
7.530306100845337,0,0.0,0.0,0.0,0.0,0.0,0.0,0.0,0.0,0.03,0,0,0,0,0,0,0,0,0,0,0,0,0,0,0,0,0,0,0,0,0
7.531407117843628,0,0.0,0.0,0.0,0.0,0.0,0.0,0.0,0.0,0.03,0,0,0,0,0,0,0,0,0,0,0,0,0,0,0,0,0,0,0,0,0
7.532948970794678,0,0.0,0.0,0.0,0.0,0.0,0.0,0.0,0.0,0.03,0,0,0,0,0,0,0,0,0,0,0,0,0,0,0,0,0,0,0,0,0
7.534377813339233,0,0.0,0.0,0.0,0.0,0.0,0.0,0.0,0.0,0.03,0,0,0,0,0,0,0,0,0,0,0,0,0,0,0,0,0,0,0,0,0
7.535552263259888,0,0.0,0.0,0.0,0.0,0.0,0.0,0.0,0.0,0.03,0,0,0,0,0,0,0,0,0,0,0,0,0,0,0,0,0,0,0,0,0
7.536855697631836,0,0.0,0.0,0.0,0.0,0.0,0.0,0.0,0.0,0.03,0,0,0,0,0,0,0,0,0,0,0,0,0,0,0,0,0,0,0,0,0
7.53803563117981,0,0.0,0.0,0.0,0.0,0.0,0.0,0.0,0.0,0.03,0,0,0,0,0,0,0,0,0,0,0,0,0,0,0,0,0,0,0,0,0
7.539195537567139,0,0.0,0.0,0.0,0.0,0.0,0.0,0.0,0.0,0.03,0,0,0,0,0,0,0,0,0,0,0,0,0,0,0,0,0,0,0,0,0
7.540524482727051,0,0.0,0.0,0.0,0.0,0.0,0.0,0.0,0.0,0.03,0,0,0,0,0,0,0,0,0,0,0,0,0,0,0,0,0,0,0,0,0
7.541903734207153,0,0.0,0.0,0.0,0.0,0.0,0.0,0.0,0.0,0.03,0,0,0,0,0,0,0,0,0,0,0,0,0,0,0,0,0,0,0,0,0
7.5436506271362305,0,0.0,0.0,0.0,0.0,0.0,0.0,0.0,0.0,0.03,0,0,0,0,0,0,0,0,0,0,0,0,0,0,0,0,0,0,0,0,0
7.544808387756348,0,0.0,0.0,0.0,0.0,0.0,0.0,0.0,0.0,0.03,0,0,0,0,0,0,0,0,0,0,0,0,0,0,0,0,0,0,0,0,0
7.545870065689087,0,0.0,0.0,0.0,0.0,0.0,0.0,0.0,0.0,0.03,0,0,0,0,0,0,0,0,0,0,0,0,0,0,0,0,0,0,0,0,0
7.548640966415405,0,0.0,0.0,0.0,0.0,0.0,0.0,0.0,0.0,0.03,0,0,0,0,0,0,0,0,0,0,0,0,0,0,0,0,0,0,0,0,0
7.549905061721802,0,0.0,0.0,0.0,0.0,0.0,0.0,0.0,0.0,0.03,0,0,0,0,0,0,0,0,0,0,0,0,0,0,0,0,0,0,0,0,0
7.551129579544067,0,0.0,0.0,0.0,0.0,0.0,0.0,0.0,0.0,0.03,0,0,0,0,0,0,0,0,0,0,0,0,0,0,0,0,0,0,0,0,0
7.552501440048218,0,0.0,0.0,0.0,0.0,0.0,0.0,0.0,0.0,0.03,0,0,0,0,0,0,0,0,0,0,0,0,0,0,0,0,0,0,0,0,0
7.553689241409302,0,0.0,0.0,0.0,0.0,0.0,0.0,0.0,0.0,0.03,0,0,0,0,0,0,0,0,0,0,0,0,0,0,0,0,0,0,0,0,0
7.555518627166748,0,0.0,0.0,0.0,0.0,0.0,0.0,0.0,0.0,0.03,0,0,0,0,0,0,0,0,0,0,0,0,0,0,0,0,0,0,0,0,0
7.558753728866577,0,0.0,0.0,0.0,0.0,0.0,0.0,0.0,0.0,0.03,0,0,0,0,0,0,0,0,0,0,0,0,0,0,0,0,0,0,0,0,0
7.560255527496338,0,0.0,0.0,0.0,0.0,0.0,0.0,0.0,0.0,0.03,0,0,0,0,0,0,0,0,0,0,0,0,0,0,0,0,0,0,0,0,0
7.561739683151245,0,0.0,0.0,0.0,0.0,0.0,0.0,0.0,0.0,0.03,0,0,0,0,0,0,0,0,0,0,0,0,0,0,0,0,0,0,0,0,0
7.563101530075073,0,0.0,0.0,0.0,0.0,0.0,0.0,0.0,0.0,0.03,0,0,0,0,0,0,0,0,0,0,0,0,0,0,0,0,0,0,0,0,0
7.56465744972229,0,0.0,0.0,0.0,0.0,0.0,0.0,0.0,0.0,0.03,0,0,0,0,0,0,0,0,0,0,0,0,0,0,0,0,0,0,0,0,0
7.565938949584961,0,0.0,0.0,0.0,0.0,0.0,0.0,0.0,0.0,0.03,0,0,0,0,0,0,0,0,0,0,0,0,0,0,0,0,0,0,0,0,0
7.567256689071655,0,0.0,0.0,0.0,0.0,0.0,0.0,0.0,0.0,0.03,0,0,0,0,0,0,0,0,0,0,0,0,0,0,0,0,0,0,0,0,0
7.568507671356201,0,0.0,0.0,0.0,0.0,0.0,0.0,0.0,0.0,0.03,0,0,0,0,0,0,0,0,0,0,0,0,0,0,0,0,0,0,0,0,0
7.569885969161987,0,0.0,0.0,0.0,0.0,0.0,0.0,0.0,0.0,0.03,0,0,0,0,0,0,0,0,0,0,0,0,0,0,0,0,0,0,0,0,0
7.5715179443359375,0,0.0,0.0,0.0,0.0,0.0,0.0,0.0,0.0,0.03,0,0,0,0,0,0,0,0,0,0,0,0,0,0,0,0,0,0,0,0,0
7.572611570358276,0,0.0,0.0,0.0,0.0,0.0,0.0,0.0,0.0,0.03,0,0,0,0,0,0,0,0,0,0,0,0,0,0,0,0,0,0,0,0,0
7.573821544647217,0,0.0,0.0,0.0,0.0,0.0,0.0,0.0,0.0,0.03,0,0,0,0,0,0,0,0,0,0,0,0,0,0,0,0,0,0,0,0,0
7.574916839599609,0,0.0,0.0,0.0,0.0,0.0,0.0,0.0,0.0,0.03,0,0,0,0,0,0,0,0,0,0,0,0,0,0,0,0,0,0,0,0,0
7.576182842254639,0,0.0,0.0,0.0,0.0,0.0,0.0,0.0,0.0,0.03,0,0,0,0,0,0,0,0,0,0,0,0,0,0,0,0,0,0,0,0,0
7.577453136444092,0,0.0,0.0,0.0,0.0,0.0,0.0,0.0,0.0,0.03,0,0,0,0,0,0,0,0,0,0,0,0,0,0,0,0,0,0,0,0,0
7.57859468460083,0,0.0,0.0,0.0,0.0,0.0,0.0,0.0,0.0,0.03,0,0,0,0,0,0,0,0,0,0,0,0,0,0,0,0,0,0,0,0,0
7.579843282699585,0,0.0,0.0,0.0,0.0,0.0,0.0,0.0,0.0,0.03,0,0,0,0,0,0,0,0,0,0,0,0,0,0,0,0,0,0,0,0,0
7.581522464752197,0,0.0,0.0,0.0,0.0,0.0,0.0,0.0,0.0,0.03,0,0,0,0,0,0,0,0,0,0,0,0,0,0,0,0,0,0,0,0,0
7.584502696990967,0,0.0,0.0,0.0,0.0,0.0,0.0,0.0,0.0,0.03,0,0,0,0,0,0,0,0,0,0,0,0,0,0,0,0,0,0,0,0,0
7.58570671081543,0,0.0,0.0,0.0,0.0,0.0,0.0,0.0,0.0,0.03,0,0,0,0,0,0,0,0,0,0,0,0,0,0,0,0,0,0,0,0,0
7.586875915527344,0,0.0,0.0,0.0,0.0,0.0,0.0,0.0,0.0,0.03,0,0,0,0,0,0,0,0,0,0,0,0,0,0,0,0,0,0,0,0,0
7.5883073806762695,0,0.0,0.0,0.0,0.0,0.0,0.0,0.0,0.0,0.03,0,0,0,0,0,0,0,0,0,0,0,0,0,0,0,0,0,0,0,0,0
7.589601755142212,0,0.0,0.0,0.0,0.0,0.0,0.0,0.0,0.0,0.03,0,0,0,0,0,0,0,0,0,0,0,0,0,0,0,0,0,0,0,0,0
7.590667724609375,0,0.0,0.0,0.0,0.0,0.0,0.0,0.0,0.0,0.03,0,0,0,0,0,0,0,0,0,0,0,0,0,0,0,0,0,0,0,0,0
7.591903924942017,0,0.0,0.0,0.0,0.0,0.0,0.0,0.0,0.0,0.03,0,0,0,0,0,0,0,0,0,0,0,0,0,0,0,0,0,0,0,0,0
7.594469785690308,0,0.0,0.0,0.0,0.0,0.0,0.0,0.0,0.0,0.03,0,0,0,0,0,0,0,0,0,0,0,0,0,0,0,0,0,0,0,0,0
7.595657110214233,0,0.0,0.0,0.0,0.0,0.0,0.0,0.0,0.0,0.03,0,0,0,0,0,0,0,0,0,0,0,0,0,0,0,0,0,0,0,0,0
7.596720218658447,0,0.0,0.0,0.0,0.0,0.0,0.0,0.0,0.0,0.03,0,0,0,0,0,0,0,0,0,0,0,0,0,0,0,0,0,0,0,0,0
7.59778094291687,0,0.0,0.0,0.0,0.0,0.0,0.0,0.0,0.0,0.03,0,0,0,0,0,0,0,0,0,0,0,0,0,0,0,0,0,0,0,0,0
7.598949193954468,0,0.0,0.0,0.0,0.0,0.0,0.0,0.0,0.0,0.03,0,0,0,0,0,0,0,0,0,0,0,0,0,0,0,0,0,0,0,0,0
7.600011110305786,0,0.0,0.0,0.0,0.0,0.0,0.0,0.0,0.0,0.03,0,0,0,0,0,0,0,0,0,0,0,0,0,0,0,0,0,0,0,0,0
7.601611852645874,0,0.0,0.0,0.0,0.0,0.0,0.0,0.0,0.0,0.03,0,0,0,0,0,0,0,0,0,0,0,0,0,0,0,0,0,0,0,0,0
7.6029627323150635,0,0.0,0.0,0.0,0.0,0.0,0.0,0.0,0.0,0.03,0,0,0,0,0,0,0,0,0,0,0,0,0,0,0,0,0,0,0,0,0
7.604049921035767,0,0.0,0.0,0.0,0.0,0.0,0.0,0.0,0.0,0.03,0,0,0,0,0,0,0,0,0,0,0,0,0,0,0,0,0,0,0,0,0
7.6058714389801025,0,0.0,0.0,0.0,0.0,0.0,0.0,0.0,0.0,0.03,0,0,0,0,0,0,0,0,0,0,0,0,0,0,0,0,0,0,0,0,0
7.60713529586792,0,0.0,0.0,0.0,0.0,0.0,0.0,0.0,0.0,0.03,0,0,0,0,0,0,0,0,0,0,0,0,0,0,0,0,0,0,0,0,0
7.60821008682251,0,0.0,0.0,0.0,0.0,0.0,0.0,0.0,0.0,0.03,0,0,0,0,0,0,0,0,0,0,0,0,0,0,0,0,0,0,0,0,0
7.610514879226685,0,0.0,0.0,0.0,0.0,0.0,0.0,0.0,0.0,0.03,0,0,0,0,0,0,0,0,0,0,0,0,0,0,0,0,0,0,0,0,0
7.611802577972412,0,0.0,0.0,0.0,0.0,0.0,0.0,0.0,0.0,0.03,0,0,0,0,0,0,0,0,0,0,0,0,0,0,0,0,0,0,0,0,0
7.612993955612183,0,0.0,0.0,0.0,0.0,0.0,0.0,0.0,0.0,0.03,0,0,0,0,0,0,0,0,0,0,0,0,0,0,0,0,0,0,0,0,0
7.614387035369873,0,0.0,0.0,0.0,0.0,0.0,0.0,0.0,0.0,0.03,0,0,0,0,0,0,0,0,0,0,0,0,0,0,0,0,0,0,0,0,0
7.615857362747192,0,0.0,0.0,0.0,0.0,0.0,0.0,0.0,0.0,0.03,0,0,0,0,0,0,0,0,0,0,0,0,0,0,0,0,0,0,0,0,0
7.61691951751709,0,0.0,0.0,0.0,0.0,0.0,0.0,0.0,0.0,0.03,0,0,0,0,0,0,0,0,0,0,0,0,0,0,0,0,0,0,0,0,0
7.62076210975647,0,0.0,0.0,0.0,0.0,0.0,0.0,0.0,0.0,0.03,0,0,0,0,0,0,0,0,0,0,0,0,0,0,0,0,0,0,0,0,0
7.622510194778442,0,0.0,0.0,0.0,0.0,0.0,0.0,0.0,0.0,0.03,0,0,0,0,0,0,0,0,0,0,0,0,0,0,0,0,0,0,0,0,0
7.624562740325928,0,0.0,0.0,0.0,0.0,0.0,0.0,0.0,0.0,0.03,0,0,0,0,0,0,0,0,0,0,0,0,0,0,0,0,0,0,0,0,0
7.625674247741699,0,0.0,0.0,0.0,0.0,0.0,0.0,0.0,0.0,0.03,0,0,0,0,0,0,0,0,0,0,0,0,0,0,0,0,0,0,0,0,0
7.627362251281738,0,0.0,0.0,0.0,0.0,0.0,0.0,0.0,0.0,0.03,0,0,0,0,0,0,0,0,0,0,0,0,0,0,0,0,0,0,0,0,0
7.628530979156494,0,0.0,0.0,0.0,0.0,0.0,0.0,0.0,0.0,0.03,0,0,0,0,0,0,0,0,0,0,0,0,0,0,0,0,0,0,0,0,0
7.629942417144775,0,0.0,0.0,0.0,0.0,0.0,0.0,0.0,0.0,0.03,0,0,0,0,0,0,0,0,0,0,0,0,0,0,0,0,0,0,0,0,0
7.631266355514526,0,0.0,0.0,0.0,0.0,0.0,0.0,0.0,0.0,0.03,0,0,0,0,0,0,0,0,0,0,0,0,0,0,0,0,0,0,0,0,0
7.6326210498809814,0,0.0,0.0,0.0,0.0,0.0,0.0,0.0,0.0,0.03,0,0,0,0,0,0,0,0,0,0,0,0,0,0,0,0,0,0,0,0,0
7.634020566940308,0,0.0,0.0,0.0,0.0,0.0,0.0,0.0,0.0,0.03,0,0,0,0,0,0,0,0,0,0,0,0,0,0,0,0,0,0,0,0,0
7.635436296463013,0,0.0,0.0,0.0,0.0,0.0,0.0,0.0,0.0,0.03,0,0,0,0,0,0,0,0,0,0,0,0,0,0,0,0,0,0,0,0,0
7.636715412139893,0,0.0,0.0,0.0,0.0,0.0,0.0,0.0,0.0,0.03,0,0,0,0,0,0,0,0,0,0,0,0,0,0,0,0,0,0,0,0,0
7.637860059738159,0,0.0,0.0,0.0,0.0,0.0,0.0,0.0,0.0,0.03,0,0,0,0,0,0,0,0,0,0,0,0,0,0,0,0,0,0,0,0,0
7.638958930969238,0,0.0,0.0,0.0,0.0,0.0,0.0,0.0,0.0,0.03,0,0,0,0,0,0,0,0,0,0,0,0,0,0,0,0,0,0,0,0,0
7.640359878540039,0,0.0,0.0,0.0,0.0,0.0,0.0,0.0,0.0,0.03,0,0,0,0,0,0,0,0,0,0,0,0,0,0,0,0,0,0,0,0,0
7.641421794891357,0,0.0,0.0,0.0,0.0,0.0,0.0,0.0,0.0,0.03,0,0,0,0,0,0,0,0,0,0,0,0,0,0,0,0,0,0,0,0,0
7.642545461654663,0,0.0,0.0,0.0,0.0,0.0,0.0,0.0,0.0,0.03,0,0,0,0,0,0,0,0,0,0,0,0,0,0,0,0,0,0,0,0,0
7.64374566078186,0,0.0,0.0,0.0,0.0,0.0,0.0,0.0,0.0,0.03,0,0,0,0,0,0,0,0,0,0,0,0,0,0,0,0,0,0,0,0,0
7.644892692565918,0,0.0,0.0,0.0,0.0,0.0,0.0,0.0,0.0,0.03,0,0,0,0,0,0,0,0,0,0,0,0,0,0,0,0,0,0,0,0,0
7.646084785461426,0,0.0,0.0,0.0,0.0,0.0,0.0,0.0,0.0,0.03,0,0,0,0,0,0,0,0,0,0,0,0,0,0,0,0,0,0,0,0,0
7.647179365158081,0,0.0,0.0,0.0,0.0,0.0,0.0,0.0,0.0,0.03,0,0,0,0,0,0,0,0,0,0,0,0,0,0,0,0,0,0,0,0,0
7.6484644412994385,0,0.0,0.0,0.0,0.0,0.0,0.0,0.0,0.0,0.03,0,0,0,0,0,0,0,0,0,0,0,0,0,0,0,0,0,0,0,0,0
7.650172233581543,0,0.0,0.0,0.0,0.0,0.0,0.0,0.0,0.0,0.03,0,0,0,0,0,0,0,0,0,0,0,0,0,0,0,0,0,0,0,0,0
7.651658535003662,0,0.0,0.0,0.0,0.0,0.0,0.0,0.0,0.0,0.03,0,0,0,0,0,0,0,0,0,0,0,0,0,0,0,0,0,0,0,0,0
7.653239965438843,0,0.0,0.0,0.0,0.0,0.0,0.0,0.0,0.0,0.03,0,0,0,0,0,0,0,0,0,0,0,0,0,0,0,0,0,0,0,0,0
7.654635667800903,0,0.0,0.0,0.0,0.0,0.0,0.0,0.0,0.0,0.03,0,0,0,0,0,0,0,0,0,0,0,0,0,0,0,0,0,0,0,0,0
7.655864953994751,0,0.0,0.0,0.0,0.0,0.0,0.0,0.0,0.0,0.03,0,0,0,0,0,0,0,0,0,0,0,0,0,0,0,0,0,0,0,0,0
7.659286975860596,0,0.0,0.0,0.0,0.0,0.0,0.0,0.0,0.0,0.03,0,0,0,0,0,0,0,0,0,0,0,0,0,0,0,0,0,0,0,0,0
7.660611152648926,0,0.0,0.0,0.0,0.0,0.0,0.0,0.0,0.0,0.03,0,0,0,0,0,0,0,0,0,0,0,0,0,0,0,0,0,0,0,0,0
7.661746978759766,0,0.0,0.0,0.0,0.0,0.0,0.0,0.0,0.0,0.03,0,0,0,0,0,0,0,0,0,0,0,0,0,0,0,0,0,0,0,0,0
7.662989377975464,0,0.0,0.0,0.0,0.0,0.0,0.0,0.0,0.0,0.03,0,0,0,0,0,0,0,0,0,0,0,0,0,0,0,0,0,0,0,0,0
7.664106845855713,0,0.0,0.0,0.0,0.0,0.0,0.0,0.0,0.0,0.03,0,0,0,0,0,0,0,0,0,0,0,0,0,0,0,0,0,0,0,0,0
7.66533350944519,0,0.0,0.0,0.0,0.0,0.0,0.0,0.0,0.0,0.03,0,0,0,0,0,0,0,0,0,0,0,0,0,0,0,0,0,0,0,0,0
7.666418075561523,0,0.0,0.0,0.0,0.0,0.0,0.0,0.0,0.0,0.03,0,0,0,0,0,0,0,0,0,0,0,0,0,0,0,0,0,0,0,0,0
7.667654991149902,0,0.0,0.0,0.0,0.0,0.0,0.0,0.0,0.0,0.03,0,0,0,0,0,0,0,0,0,0,0,0,0,0,0,0,0,0,0,0,0
7.668741703033447,0,0.0,0.0,0.0,0.0,0.0,0.0,0.0,0.0,0.03,0,0,0,0,0,0,0,0,0,0,0,0,0,0,0,0,0,0,0,0,0
7.67053484916687,0,0.0,0.0,0.0,0.0,0.0,0.0,0.0,0.0,0.03,0,0,0,0,0,0,0,0,0,0,0,0,0,0,0,0,0,0,0,0,0
7.672124624252319,0,0.0,0.0,0.0,0.0,0.0,0.0,0.0,0.0,0.03,0,0,0,0,0,0,0,0,0,0,0,0,0,0,0,0,0,0,0,0,0
7.67575478553772,0,0.0,0.0,0.0,0.0,0.0,0.0,0.0,0.0,0.03,0,0,0,0,0,0,0,0,0,0,0,0,0,0,0,0,0,0,0,0,0
7.676864862442017,0,0.0,0.0,0.0,0.0,0.0,0.0,0.0,0.0,0.03,0,0,0,0,0,0,0,0,0,0,0,0,0,0,0,0,0,0,0,0,0
7.678497314453125,0,0.0,0.0,0.0,0.0,0.0,0.0,0.0,0.0,0.03,0,0,0,0,0,0,0,0,0,0,0,0,0,0,0,0,0,0,0,0,0
7.680616617202759,0,0.0,0.0,0.0,0.0,0.0,0.0,0.0,0.0,0.03,0,0,0,0,0,0,0,0,0,0,0,0,0,0,0,0,0,0,0,0,0
7.681737661361694,0,0.0,0.0,0.0,0.0,0.0,0.0,0.0,0.0,0.03,0,0,0,0,0,0,0,0,0,0,0,0,0,0,0,0,0,0,0,0,0
7.683422803878784,0,0.0,0.0,0.0,0.0,0.0,0.0,0.0,0.0,0.03,0,0,0,0,0,0,0,0,0,0,0,0,0,0,0,0,0,0,0,0,0
7.684511184692383,0,0.0,0.0,0.0,0.0,0.0,0.0,0.0,0.0,0.03,0,0,0,0,0,0,0,0,0,0,0,0,0,0,0,0,0,0,0,0,0
7.685572862625122,0,0.0,0.0,0.0,0.0,0.0,0.0,0.0,0.0,0.03,0,0,0,0,0,0,0,0,0,0,0,0,0,0,0,0,0,0,0,0,0
7.688275575637817,0,0.0,0.0,0.0,0.0,0.0,0.0,0.0,0.0,0.03,0,0,0,0,0,0,0,0,0,0,0,0,0,0,0,0,0,0,0,0,0
7.68935751914978,0,0.0,0.0,0.0,0.0,0.0,0.0,0.0,0.0,0.03,0,0,0,0,0,0,0,0,0,0,0,0,0,0,0,0,0,0,0,0,0
7.690783262252808,0,0.0,0.0,0.0,0.0,0.0,0.0,0.0,0.0,0.03,0,0,0,0,0,0,0,0,0,0,0,0,0,0,0,0,0,0,0,0,0
7.691924810409546,0,0.0,0.0,0.0,0.0,0.0,0.0,0.0,0.0,0.03,0,0,0,0,0,0,0,0,0,0,0,0,0,0,0,0,0,0,0,0,0
7.693110704421997,0,0.0,0.0,0.0,0.0,0.0,0.0,0.0,0.0,0.03,0,0,0,0,0,0,0,0,0,0,0,0,0,0,0,0,0,0,0,0,0
7.694438934326172,0,0.0,0.0,0.0,0.0,0.0,0.0,0.0,0.0,0.03,0,0,0,0,0,0,0,0,0,0,0,0,0,0,0,0,0,0,0,0,0
7.695854902267456,0,0.0,0.0,0.0,0.0,0.0,0.0,0.0,0.0,0.03,0,0,0,0,0,0,0,0,0,0,0,0,0,0,0,0,0,0,0,0,0
7.696954727172852,0,0.0,0.0,0.0,0.0,0.0,0.0,0.0,0.0,0.03,0,0,0,0,0,0,0,0,0,0,0,0,0,0,0,0,0,0,0,0,0
7.698239326477051,0,0.0,0.0,0.0,0.0,0.0,0.0,0.0,0.0,0.03,0,0,0,0,0,0,0,0,0,0,0,0,0,0,0,0,0,0,0,0,0
7.699542284011841,0,0.0,0.0,0.0,0.0,0.0,0.0,0.0,0.0,0.03,0,0,0,0,0,0,0,0,0,0,0,0,0,0,0,0,0,0,0,0,0
7.701374530792236,0,0.0,0.0,0.0,0.0,0.0,0.0,0.0,0.0,0.03,0,0,0,0,0,0,0,0,0,0,0,0,0,0,0,0,0,0,0,0,0
7.703874349594116,0,0.0,0.0,0.0,0.0,0.0,0.0,0.0,0.0,0.03,0,0,0,0,0,0,0,0,0,0,0,0,0,0,0,0,0,0,0,0,0
7.705188512802124,0,0.0,0.0,0.0,0.0,0.0,0.0,0.0,0.0,0.03,0,0,0,0,0,0,0,0,0,0,0,0,0,0,0,0,0,0,0,0,0
7.706805229187012,0,0.0,0.0,0.0,0.0,0.0,0.0,0.0,0.0,0.03,0,0,0,0,0,0,0,0,0,0,0,0,0,0,0,0,0,0,0,0,0
7.707926511764526,0,0.0,0.0,0.0,0.0,0.0,0.0,0.0,0.0,0.03,0,0,0,0,0,0,0,0,0,0,0,0,0,0,0,0,0,0,0,0,0
7.709053039550781,0,0.0,0.0,0.0,0.0,0.0,0.0,0.0,0.0,0.03,0,0,0,0,0,0,0,0,0,0,0,0,0,0,0,0,0,0,0,0,0
7.7101404666900635,0,0.0,0.0,0.0,0.0,0.0,0.0,0.0,0.0,0.03,0,0,0,0,0,0,0,0,0,0,0,0,0,0,0,0,0,0,0,0,0
7.711245059967041,0,0.0,0.0,0.0,0.0,0.0,0.0,0.0,0.0,0.03,0,0,0,0,0,0,0,0,0,0,0,0,0,0,0,0,0,0,0,0,0
7.712394714355469,0,0.0,0.0,0.0,0.0,0.0,0.0,0.0,0.0,0.03,0,0,0,0,0,0,0,0,0,0,0,0,0,0,0,0,0,0,0,0,0
7.713573455810547,0,0.0,0.0,0.0,0.0,0.0,0.0,0.0,0.0,0.03,0,0,0,0,0,0,0,0,0,0,0,0,0,0,0,0,0,0,0,0,0
7.7147626876831055,0,0.0,0.0,0.0,0.0,0.0,0.0,0.0,0.0,0.03,0,0,0,0,0,0,0,0,0,0,0,0,0,0,0,0,0,0,0,0,0
7.715874195098877,0,0.0,0.0,0.0,0.0,0.0,0.0,0.0,0.0,0.03,0,0,0,0,0,0,0,0,0,0,0,0,0,0,0,0,0,0,0,0,0
7.717059135437012,0,0.0,0.0,0.0,0.0,0.0,0.0,0.0,0.0,0.03,0,0,0,0,0,0,0,0,0,0,0,0,0,0,0,0,0,0,0,0,0
7.718162536621094,0,0.0,0.0,0.0,0.0,0.0,0.0,0.0,0.0,0.03,0,0,0,0,0,0,0,0,0,0,0,0,0,0,0,0,0,0,0,0,0
7.720803499221802,0,0.0,0.0,0.0,0.0,0.0,0.0,0.0,0.0,0.03,0,0,0,0,0,0,0,0,0,0,0,0,0,0,0,0,0,0,0,0,0
7.721988916397095,0,0.0,0.0,0.0,0.0,0.0,0.0,0.0,0.0,0.03,0,0,0,0,0,0,0,0,0,0,0,0,0,0,0,0,0,0,0,0,0
7.72318434715271,0,0.0,0.0,0.0,0.0,0.0,0.0,0.0,0.0,0.03,0,0,0,0,0,0,0,0,0,0,0,0,0,0,0,0,0,0,0,0,0
7.724474191665649,0,0.0,0.0,0.0,0.0,0.0,0.0,0.0,0.0,0.03,0,0,0,0,0,0,0,0,0,0,0,0,0,0,0,0,0,0,0,0,0
7.726710319519043,0,0.0,0.0,0.0,0.0,0.0,0.0,0.0,0.0,0.03,0,0,0,0,0,0,0,0,0,0,0,0,0,0,0,0,0,0,0,0,0
7.728770732879639,0,0.0,0.0,0.0,0.0,0.0,0.0,0.0,0.0,0.03,0,0,0,0,0,0,0,0,0,0,0,0,0,0,0,0,0,0,0,0,0
7.729933261871338,0,0.0,0.0,0.0,0.0,0.0,0.0,0.0,0.0,0.03,0,0,0,0,0,0,0,0,0,0,0,0,0,0,0,0,0,0,0,0,0
7.731171607971191,0,0.0,0.0,0.0,0.0,0.0,0.0,0.0,0.0,0.03,0,0,0,0,0,0,0,0,0,0,0,0,0,0,0,0,0,0,0,0,0
7.732286691665649,0,0.0,0.0,0.0,0.0,0.0,0.0,0.0,0.0,0.03,0,0,0,0,0,0,0,0,0,0,0,0,0,0,0,0,0,0,0,0,0
7.733464241027832,0,0.0,0.0,0.0,0.0,0.0,0.0,0.0,0.0,0.03,0,0,0,0,0,0,0,0,0,0,0,0,0,0,0,0,0,0,0,0,0
7.734687089920044,0,0.0,0.0,0.0,0.0,0.0,0.0,0.0,0.0,0.03,0,0,0,0,0,0,0,0,0,0,0,0,0,0,0,0,0,0,0,0,0
7.735949516296387,0,0.0,0.0,0.0,0.0,0.0,0.0,0.0,0.0,0.03,0,0,0,0,0,0,0,0,0,0,0,0,0,0,0,0,0,0,0,0,0
7.737037897109985,0,0.0,0.0,0.0,0.0,0.0,0.0,0.0,0.0,0.03,0,0,0,0,0,0,0,0,0,0,0,0,0,0,0,0,0,0,0,0,0
7.738145112991333,0,0.0,0.0,0.0,0.0,0.0,0.0,0.0,0.0,0.03,0,0,0,0,0,0,0,0,0,0,0,0,0,0,0,0,0,0,0,0,0
7.7406535148620605,0,0.0,0.0,0.0,0.0,0.0,0.0,0.0,0.0,0.03,0,0,0,0,0,0,0,0,0,0,0,0,0,0,0,0,0,0,0,0,0
7.743911027908325,0,0.0,0.0,0.0,0.0,0.0,0.0,0.0,0.0,0.03,0,0,0,0,0,0,0,0,0,0,0,0,0,0,0,0,0,0,0,0,0
7.745274066925049,0,0.0,0.0,0.0,0.0,0.0,0.0,0.0,0.0,0.03,0,0,0,0,0,0,0,0,0,0,0,0,0,0,0,0,0,0,0,0,0
7.747289657592773,0,0.0,0.0,0.0,0.0,0.0,0.0,0.0,0.0,0.03,0,0,0,0,0,0,0,0,0,0,0,0,0,0,0,0,0,0,0,0,0
7.748447418212891,0,0.0,0.0,0.0,0.0,0.0,0.0,0.0,0.0,0.03,0,0,0,0,0,0,0,0,0,0,0,0,0,0,0,0,0,0,0,0,0
7.749542236328125,0,0.0,0.0,0.0,0.0,0.0,0.0,0.0,0.0,0.03,0,0,0,0,0,0,0,0,0,0,0,0,0,0,0,0,0,0,0,0,0
7.751510858535767,0,0.0,0.0,0.0,0.0,0.0,0.0,0.0,0.0,0.03,0,0,0,0,0,0,0,0,0,0,0,0,0,0,0,0,0,0,0,0,0
7.752750396728516,0,0.0,0.0,0.0,0.0,0.0,0.0,0.0,0.0,0.03,0,0,0,0,0,0,0,0,0,0,0,0,0,0,0,0,0,0,0,0,0
7.756078481674194,0,0.0,0.0,0.0,0.0,0.0,0.0,0.0,0.0,0.03,0,0,0,0,0,0,0,0,0,0,0,0,0,0,0,0,0,0,0,0,0
7.757538318634033,0,0.0,0.0,0.0,0.0,0.0,0.0,0.0,0.0,0.03,0,0,0,0,0,0,0,0,0,0,0,0,0,0,0,0,0,0,0,0,0
7.758859872817993,0,0.0,0.0,0.0,0.0,0.0,0.0,0.0,0.0,0.03,0,0,0,0,0,0,0,0,0,0,0,0,0,0,0,0,0,0,0,0,0
7.760056257247925,0,0.0,0.0,0.0,0.0,0.0,0.0,0.0,0.0,0.03,0,0,0,0,0,0,0,0,0,0,0,0,0,0,0,0,0,0,0,0,0
7.7625508308410645,0,0.0,0.0,0.0,0.0,0.0,0.0,0.0,0.0,0.03,0,0,0,0,0,0,0,0,0,0,0,0,0,0,0,0,0,0,0,0,0
7.7645463943481445,0,0.0,0.0,0.0,0.0,0.0,0.0,0.0,0.0,0.03,0,0,0,0,0,0,0,0,0,0,0,0,0,0,0,0,0,0,0,0,0
7.765956163406372,0,0.0,0.0,0.0,0.0,0.0,0.0,0.0,0.0,0.03,0,0,0,0,0,0,0,0,0,0,0,0,0,0,0,0,0,0,0,0,0
7.767250299453735,0,0.0,0.0,0.0,0.0,0.0,0.0,0.0,0.0,0.03,0,0,0,0,0,0,0,0,0,0,0,0,0,0,0,0,0,0,0,0,0
7.770159959793091,0,0.0,0.0,0.0,0.0,0.0,0.0,0.0,0.0,0.03,0,0,0,0,0,0,0,0,0,0,0,0,0,0,0,0,0,0,0,0,0
7.771563529968262,0,0.0,0.0,0.0,0.0,0.0,0.0,0.0,0.0,0.03,0,0,0,0,0,0,0,0,0,0,0,0,0,0,0,0,0,0,0,0,0
7.773165941238403,0,0.0,0.0,0.0,0.0,0.0,0.0,0.0,0.0,0.03,0,0,0,0,0,0,0,0,0,0,0,0,0,0,0,0,0,0,0,0,0
7.7749879360198975,0,0.0,0.0,0.0,0.0,0.0,0.0,0.0,0.0,0.03,0,0,0,0,0,0,0,0,0,0,0,0,0,0,0,0,0,0,0,0,0
7.77623176574707,0,0.0,0.0,0.0,0.0,0.0,0.0,0.0,0.0,0.03,0,0,0,0,0,0,0,0,0,0,0,0,0,0,0,0,0,0,0,0,0
7.777318716049194,0,0.0,0.0,0.0,0.0,0.0,0.0,0.0,0.0,0.03,0,0,0,0,0,0,0,0,0,0,0,0,0,0,0,0,0,0,0,0,0
7.778475284576416,0,0.0,0.0,0.0,0.0,0.0,0.0,0.0,0.0,0.03,0,0,0,0,0,0,0,0,0,0,0,0,0,0,0,0,0,0,0,0,0
7.7795939445495605,0,0.0,0.0,0.0,0.0,0.0,0.0,0.0,0.0,0.03,0,0,0,0,0,0,0,0,0,0,0,0,0,0,0,0,0,0,0,0,0
7.7808637619018555,0,0.0,0.0,0.0,0.0,0.0,0.0,0.0,0.0,0.03,0,0,0,0,0,0,0,0,0,0,0,0,0,0,0,0,0,0,0,0,0
7.781950950622559,0,0.0,0.0,0.0,0.0,0.0,0.0,0.0,0.0,0.03,0,0,0,0,0,0,0,0,0,0,0,0,0,0,0,0,0,0,0,0,0
7.78311824798584,0,0.0,0.0,0.0,0.0,0.0,0.0,0.0,0.0,0.03,0,0,0,0,0,0,0,0,0,0,0,0,0,0,0,0,0,0,0,0,0
7.7855682373046875,0,0.0,0.0,0.0,0.0,0.0,0.0,0.0,0.0,0.03,0,0,0,0,0,0,0,0,0,0,0,0,0,0,0,0,0,0,0,0,0
7.788859605789185,0,0.0,0.0,0.0,0.0,0.0,0.0,0.0,0.0,0.03,0,0,0,0,0,0,0,0,0,0,0,0,0,0,0,0,0,0,0,0,0
7.790221214294434,0,0.0,0.0,0.0,0.0,0.0,0.0,0.0,0.0,0.03,0,0,0,0,0,0,0,0,0,0,0,0,0,0,0,0,0,0,0,0,0
7.7914814949035645,0,0.0,0.0,0.0,0.0,0.0,0.0,0.0,0.0,0.03,0,0,0,0,0,0,0,0,0,0,0,0,0,0,0,0,0,0,0,0,0
7.792890787124634,0,0.0,0.0,0.0,0.0,0.0,0.0,0.0,0.0,0.03,0,0,0,0,0,0,0,0,0,0,0,0,0,0,0,0,0,0,0,0,0
7.794135570526123,0,0.0,0.0,0.0,0.0,0.0,0.0,0.0,0.0,0.03,0,0,0,0,0,0,0,0,0,0,0,0,0,0,0,0,0,0,0,0,0
7.795724153518677,0,0.0,0.0,0.0,0.0,0.0,0.0,0.0,0.0,0.03,0,0,0,0,0,0,0,0,0,0,0,0,0,0,0,0,0,0,0,0,0
7.796817302703857,0,0.0,0.0,0.0,0.0,0.0,0.0,0.0,0.0,0.03,0,0,0,0,0,0,0,0,0,0,0,0,0,0,0,0,0,0,0,0,0
7.798046588897705,0,0.0,0.0,0.0,0.0,0.0,0.0,0.0,0.0,0.03,0,0,0,0,0,0,0,0,0,0,0,0,0,0,0,0,0,0,0,0,0
7.7992119789123535,0,0.0,0.0,0.0,0.0,0.0,0.0,0.0,0.0,0.03,0,0,0,0,0,0,0,0,0,0,0,0,0,0,0,0,0,0,0,0,0
7.800425291061401,0,0.0,0.0,0.0,0.0,0.0,0.0,0.0,0.0,0.03,0,0,0,0,0,0,0,0,0,0,0,0,0,0,0,0,0,0,0,0,0
7.801653861999512,0,0.0,0.0,0.0,0.0,0.0,0.0,0.0,0.0,0.03,0,0,0,0,0,0,0,0,0,0,0,0,0,0,0,0,0,0,0,0,0
7.802907943725586,0,0.0,0.0,0.0,0.0,0.0,0.0,0.0,0.0,0.03,0,0,0,0,0,0,0,0,0,0,0,0,0,0,0,0,0,0,0,0,0
7.803972244262695,0,0.0,0.0,0.0,0.0,0.0,0.0,0.0,0.0,0.03,0,0,0,0,0,0,0,0,0,0,0,0,0,0,0,0,0,0,0,0,0
7.805628538131714,0,0.0,0.0,0.0,0.0,0.0,0.0,0.0,0.0,0.03,0,0,0,0,0,0,0,0,0,0,0,0,0,0,0,0,0,0,0,0,0
7.8068602085113525,0,0.0,0.0,0.0,0.0,0.0,0.0,0.0,0.0,0.03,0,0,0,0,0,0,0,0,0,0,0,0,0,0,0,0,0,0,0,0,0
7.808351278305054,0,0.0,0.0,0.0,0.0,0.0,0.0,0.0,0.0,0.03,0,0,0,0,0,0,0,0,0,0,0,0,0,0,0,0,0,0,0,0,0
7.810448169708252,0,0.0,0.0,0.0,0.0,0.0,0.0,0.0,0.0,0.03,0,0,0,0,0,0,0,0,0,0,0,0,0,0,0,0,0,0,0,0,0
7.811831474304199,0,0.0,0.0,0.0,0.0,0.0,0.0,0.0,0.0,0.03,0,0,0,0,0,0,0,0,0,0,0,0,0,0,0,0,0,0,0,0,0
7.813591480255127,0,0.0,0.0,0.0,0.0,0.0,0.0,0.0,0.0,0.03,0,0,0,0,0,0,0,0,0,0,0,0,0,0,0,0,0,0,0,0,0
7.8154237270355225,0,0.0,0.0,0.0,0.0,0.0,0.0,0.0,0.0,0.03,0,0,0,0,0,0,0,0,0,0,0,0,0,0,0,0,0,0,0,0,0
7.8165202140808105,0,0.0,0.0,0.0,0.0,0.0,0.0,0.0,0.0,0.03,0,0,0,0,0,0,0,0,0,0,0,0,0,0,0,0,0,0,0,0,0
7.817746162414551,0,0.0,0.0,0.0,0.0,0.0,0.0,0.0,0.0,0.03,0,0,0,0,0,0,0,0,0,0,0,0,0,0,0,0,0,0,0,0,0
7.819034576416016,0,0.0,0.0,0.0,0.0,0.0,0.0,0.0,0.0,0.03,0,0,0,0,0,0,0,0,0,0,0,0,0,0,0,0,0,0,0,0,0
7.820137977600098,0,0.0,0.0,0.0,0.0,0.0,0.0,0.0,0.0,0.03,0,0,0,0,0,0,0,0,0,0,0,0,0,0,0,0,0,0,0,0,0
7.821829319000244,0,0.0,0.0,0.0,0.0,0.0,0.0,0.0,0.0,0.03,0,0,0,0,0,0,0,0,0,0,0,0,0,0,0,0,0,0,0,0,0
7.824072360992432,0,0.0,0.0,0.0,0.0,0.0,0.0,0.0,0.0,0.03,0,0,0,0,0,0,0,0,0,0,0,0,0,0,0,0,0,0,0,0,0
7.825984239578247,0,0.0,0.0,0.0,0.0,0.0,0.0,0.0,0.0,0.03,0,0,0,0,0,0,0,0,0,0,0,0,0,0,0,0,0,0,0,0,0
7.827285528182983,0,0.0,0.0,0.0,0.0,0.0,0.0,0.0,0.0,0.03,0,0,0,0,0,0,0,0,0,0,0,0,0,0,0,0,0,0,0,0,0
7.828678131103516,0,0.0,0.0,0.0,0.0,0.0,0.0,0.0,0.0,0.03,0,0,0,0,0,0,0,0,0,0,0,0,0,0,0,0,0,0,0,0,0
7.830504655838013,0,0.0,0.0,0.0,0.0,0.0,0.0,0.0,0.0,0.03,0,0,0,0,0,0,0,0,0,0,0,0,0,0,0,0,0,0,0,0,0
7.832078695297241,0,0.0,0.0,0.0,0.0,0.0,0.0,0.0,0.0,0.03,0,0,0,0,0,0,0,0,0,0,0,0,0,0,0,0,0,0,0,0,0
7.833821535110474,0,0.0,0.0,0.0,0.0,0.0,0.0,0.0,0.0,0.03,0,0,0,0,0,0,0,0,0,0,0,0,0,0,0,0,0,0,0,0,0
7.835146903991699,0,0.0,0.0,0.0,0.0,0.0,0.0,0.0,0.0,0.03,0,0,0,0,0,0,0,0,0,0,0,0,0,0,0,0,0,0,0,0,0
7.8371970653533936,0,0.0,0.0,0.0,0.0,0.0,0.0,0.0,0.0,0.03,0,0,0,0,0,0,0,0,0,0,0,0,0,0,0,0,0,0,0,0,0
7.838635206222534,0,0.0,0.0,0.0,0.0,0.0,0.0,0.0,0.0,0.03,0,0,0,0,0,0,0,0,0,0,0,0,0,0,0,0,0,0,0,0,0
7.839745998382568,0,0.0,0.0,0.0,0.0,0.0,0.0,0.0,0.0,0.03,0,0,0,0,0,0,0,0,0,0,0,0,0,0,0,0,0,0,0,0,0
7.840883731842041,0,0.0,0.0,0.0,0.0,0.0,0.0,0.0,0.0,0.03,0,0,0,0,0,0,0,0,0,0,0,0,0,0,0,0,0,0,0,0,0
7.841981887817383,0,0.0,0.0,0.0,0.0,0.0,0.0,0.0,0.0,0.03,0,0,0,0,0,0,0,0,0,0,0,0,0,0,0,0,0,0,0,0,0
7.843254089355469,0,0.0,0.0,0.0,0.0,0.0,0.0,0.0,0.0,0.03,0,0,0,0,0,0,0,0,0,0,0,0,0,0,0,0,0,0,0,0,0
7.844432592391968,0,0.0,0.0,0.0,0.0,0.0,0.0,0.0,0.0,0.03,0,0,0,0,0,0,0,0,0,0,0,0,0,0,0,0,0,0,0,0,0
7.845556259155273,0,0.0,0.0,0.0,0.0,0.0,0.0,0.0,0.0,0.03,0,0,0,0,0,0,0,0,0,0,0,0,0,0,0,0,0,0,0,0,0
7.846687078475952,0,0.0,0.0,0.0,0.0,0.0,0.0,0.0,0.0,0.03,0,0,0,0,0,0,0,0,0,0,0,0,0,0,0,0,0,0,0,0,0
7.847790241241455,0,0.0,0.0,0.0,0.0,0.0,0.0,0.0,0.0,0.03,0,0,0,0,0,0,0,0,0,0,0,0,0,0,0,0,0,0,0,0,0
7.848873138427734,0,0.0,0.0,0.0,0.0,0.0,0.0,0.0,0.0,0.03,0,0,0,0,0,0,0,0,0,0,0,0,0,0,0,0,0,0,0,0,0
7.850085973739624,0,0.0,0.0,0.0,0.0,0.0,0.0,0.0,0.0,0.03,0,0,0,0,0,0,0,0,0,0,0,0,0,0,0,0,0,0,0,0,0
7.851181507110596,0,0.0,0.0,0.0,0.0,0.0,0.0,0.0,0.0,0.03,0,0,0,0,0,0,0,0,0,0,0,0,0,0,0,0,0,0,0,0,0
7.852391958236694,0,0.0,0.0,0.0,0.0,0.0,0.0,0.0,0.0,0.03,0,0,0,0,0,0,0,0,0,0,0,0,0,0,0,0,0,0,0,0,0
7.854018926620483,0,0.0,0.0,0.0,0.0,0.0,0.0,0.0,0.0,0.03,0,0,0,0,0,0,0,0,0,0,0,0,0,0,0,0,0,0,0,0,0
7.8552939891815186,0,0.0,0.0,0.0,0.0,0.0,0.0,0.0,0.0,0.03,0,0,0,0,0,0,0,0,0,0,0,0,0,0,0,0,0,0,0,0,0
7.856549024581909,0,0.0,0.0,0.0,0.0,0.0,0.0,0.0,0.0,0.03,0,0,0,0,0,0,0,0,0,0,0,0,0,0,0,0,0,0,0,0,0
7.857821941375732,0,0.0,0.0,0.0,0.0,0.0,0.0,0.0,0.0,0.03,0,0,0,0,0,0,0,0,0,0,0,0,0,0,0,0,0,0,0,0,0
7.859065771102905,0,0.0,0.0,0.0,0.0,0.0,0.0,0.0,0.0,0.03,0,0,0,0,0,0,0,0,0,0,0,0,0,0,0,0,0,0,0,0,0
7.860363006591797,0,0.0,0.0,0.0,0.0,0.0,0.0,0.0,0.0,0.03,0,0,0,0,0,0,0,0,0,0,0,0,0,0,0,0,0,0,0,0,0
7.861932039260864,0,0.0,0.0,0.0,0.0,0.0,0.0,0.0,0.0,0.03,0,0,0,0,0,0,0,0,0,0,0,0,0,0,0,0,0,0,0,0,0
7.863270998001099,0,0.0,0.0,0.0,0.0,0.0,0.0,0.0,0.0,0.03,0,0,0,0,0,0,0,0,0,0,0,0,0,0,0,0,0,0,0,0,0
7.864392995834351,0,0.0,0.0,0.0,0.0,0.0,0.0,0.0,0.0,0.03,0,0,0,0,0,0,0,0,0,0,0,0,0,0,0,0,0,0,0,0,0
7.865533351898193,0,0.0,0.0,0.0,0.0,0.0,0.0,0.0,0.0,0.03,0,0,0,0,0,0,0,0,0,0,0,0,0,0,0,0,0,0,0,0,0
7.866608142852783,0,0.0,0.0,0.0,0.0,0.0,0.0,0.0,0.0,0.03,0,0,0,0,0,0,0,0,0,0,0,0,0,0,0,0,0,0,0,0,0
7.8679039478302,0,0.0,0.0,0.0,0.0,0.0,0.0,0.0,0.0,0.03,0,0,0,0,0,0,0,0,0,0,0,0,0,0,0,0,0,0,0,0,0
7.8691136837005615,0,0.0,0.0,0.0,0.0,0.0,0.0,0.0,0.0,0.03,0,0,0,0,0,0,0,0,0,0,0,0,0,0,0,0,0,0,0,0,0
7.870643377304077,0,0.0,0.0,0.0,0.0,0.0,0.0,0.0,0.0,0.03,0,0,0,0,0,0,0,0,0,0,0,0,0,0,0,0,0,0,0,0,0
7.8745996952056885,0,0.0,0.0,0.0,0.0,0.0,0.0,0.0,0.0,0.03,0,0,0,0,0,0,0,0,0,0,0,0,0,0,0,0,0,0,0,0,0
7.875744581222534,0,0.0,0.0,0.0,0.0,0.0,0.0,0.0,0.0,0.03,0,0,0,0,0,0,0,0,0,0,0,0,0,0,0,0,0,0,0,0,0
7.878025054931641,0,0.0,0.0,0.0,0.0,0.0,0.0,0.0,0.0,0.03,0,0,0,0,0,0,0,0,0,0,0,0,0,0,0,0,0,0,0,0,0
7.879133462905884,0,0.0,0.0,0.0,0.0,0.0,0.0,0.0,0.0,0.03,0,0,0,0,0,0,0,0,0,0,0,0,0,0,0,0,0,0,0,0,0
7.880954742431641,0,0.0,0.0,0.0,0.0,0.0,0.0,0.0,0.0,0.03,0,0,0,0,0,0,0,0,0,0,0,0,0,0,0,0,0,0,0,0,0
7.882871627807617,0,0.0,0.0,0.0,0.0,0.0,0.0,0.0,0.0,0.03,0,0,0,0,0,0,0,0,0,0,0,0,0,0,0,0,0,0,0,0,0
7.883943319320679,0,0.0,0.0,0.0,0.0,0.0,0.0,0.0,0.0,0.03,0,0,0,0,0,0,0,0,0,0,0,0,0,0,0,0,0,0,0,0,0
7.885528087615967,0,0.0,0.0,0.0,0.0,0.0,0.0,0.0,0.0,0.03,0,0,0,0,0,0,0,0,0,0,0,0,0,0,0,0,0,0,0,0,0
7.886632680892944,0,0.0,0.0,0.0,0.0,0.0,0.0,0.0,0.0,0.03,0,0,0,0,0,0,0,0,0,0,0,0,0,0,0,0,0,0,0,0,0
7.88769793510437,0,0.0,0.0,0.0,0.0,0.0,0.0,0.0,0.0,0.03,0,0,0,0,0,0,0,0,0,0,0,0,0,0,0,0,0,0,0,0,0
7.89152455329895,0,0.0,0.0,0.0,0.0,0.0,0.0,0.0,0.0,0.03,0,0,0,0,0,0,0,0,0,0,0,0,0,0,0,0,0,0,0,0,0
7.8932249546051025,0,0.0,0.0,0.0,0.0,0.0,0.0,0.0,0.0,0.03,0,0,0,0,0,0,0,0,0,0,0,0,0,0,0,0,0,0,0,0,0
7.895007610321045,0,0.0,0.0,0.0,0.0,0.0,0.0,0.0,0.0,0.03,0,0,0,0,0,0,0,0,0,0,0,0,0,0,0,0,0,0,0,0,0
7.89728569984436,0,0.0,0.0,0.0,0.0,0.0,0.0,0.0,0.0,0.03,0,0,0,0,0,0,0,0,0,0,0,0,0,0,0,0,0,0,0,0,0
7.898972511291504,0,0.0,0.0,0.0,0.0,0.0,0.0,0.0,0.0,0.03,0,0,0,0,0,0,0,0,0,0,0,0,0,0,0,0,0,0,0,0,0
7.9009668827056885,0,0.0,0.0,0.0,0.0,0.0,0.0,0.0,0.0,0.03,0,0,0,0,0,0,0,0,0,0,0,0,0,0,0,0,0,0,0,0,0
7.902266025543213,0,0.0,0.0,0.0,0.0,0.0,0.0,0.0,0.0,0.03,0,0,0,0,0,0,0,0,0,0,0,0,0,0,0,0,0,0,0,0,0
7.903363227844238,0,0.0,0.0,0.0,0.0,0.0,0.0,0.0,0.0,0.03,0,0,0,0,0,0,0,0,0,0,0,0,0,0,0,0,0,0,0,0,0
7.905314683914185,0,0.0,0.0,0.0,0.0,0.0,0.0,0.0,0.0,0.03,0,0,0,0,0,0,0,0,0,0,0,0,0,0,0,0,0,0,0,0,0
7.906827449798584,0,0.0,0.0,0.0,0.0,0.0,0.0,0.0,0.0,0.03,0,0,0,0,0,0,0,0,0,0,0,0,0,0,0,0,0,0,0,0,0
7.908430099487305,0,0.0,0.0,0.0,0.0,0.0,0.0,0.0,0.0,0.03,0,0,0,0,0,0,0,0,0,0,0,0,0,0,0,0,0,0,0,0,0
7.909698724746704,0,0.0,0.0,0.0,0.0,0.0,0.0,0.0,0.0,0.03,0,0,0,0,0,0,0,0,0,0,0,0,0,0,0,0,0,0,0,0,0
7.912113904953003,0,0.0,0.0,0.0,0.0,0.0,0.0,0.0,0.0,0.03,0,0,0,0,0,0,0,0,0,0,0,0,0,0,0,0,0,0,0,0,0
7.913671016693115,0,0.0,0.0,0.0,0.0,0.0,0.0,0.0,0.0,0.03,0,0,0,0,0,0,0,0,0,0,0,0,0,0,0,0,0,0,0,0,0
7.9147632122039795,0,0.0,0.0,0.0,0.0,0.0,0.0,0.0,0.0,0.03,0,0,0,0,0,0,0,0,0,0,0,0,0,0,0,0,0,0,0,0,0
7.915936231613159,0,0.0,0.0,0.0,0.0,0.0,0.0,0.0,0.0,0.03,0,0,0,0,0,0,0,0,0,0,0,0,0,0,0,0,0,0,0,0,0
7.917032241821289,0,0.0,0.0,0.0,0.0,0.0,0.0,0.0,0.0,0.03,0,0,0,0,0,0,0,0,0,0,0,0,0,0,0,0,0,0,0,0,0
7.918290138244629,0,0.0,0.0,0.0,0.0,0.0,0.0,0.0,0.0,0.03,0,0,0,0,0,0,0,0,0,0,0,0,0,0,0,0,0,0,0,0,0
7.919612646102905,0,0.0,0.0,0.0,0.0,0.0,0.0,0.0,0.0,0.03,0,0,0,0,0,0,0,0,0,0,0,0,0,0,0,0,0,0,0,0,0
7.920822858810425,0,0.0,0.0,0.0,0.0,0.0,0.0,0.0,0.0,0.03,0,0,0,0,0,0,0,0,0,0,0,0,0,0,0,0,0,0,0,0,0
7.922181606292725,0,0.0,0.0,0.0,0.0,0.0,0.0,0.0,0.0,0.03,0,0,0,0,0,0,0,0,0,0,0,0,0,0,0,0,0,0,0,0,0
7.923473358154297,0,0.0,0.0,0.0,0.0,0.0,0.0,0.0,0.0,0.03,0,0,0,0,0,0,0,0,0,0,0,0,0,0,0,0,0,0,0,0,0
7.924924612045288,0,0.0,0.0,0.0,0.0,0.0,0.0,0.0,0.0,0.03,0,0,0,0,0,0,0,0,0,0,0,0,0,0,0,0,0,0,0,0,0
7.92768669128418,0,0.0,0.0,0.0,0.0,0.0,0.0,0.0,0.0,0.03,0,0,0,0,0,0,0,0,0,0,0,0,0,0,0,0,0,0,0,0,0
7.928876638412476,0,0.0,0.0,0.0,0.0,0.0,0.0,0.0,0.0,0.03,0,0,0,0,0,0,0,0,0,0,0,0,0,0,0,0,0,0,0,0,0
7.930032968521118,0,0.0,0.0,0.0,0.0,0.0,0.0,0.0,0.0,0.03,0,0,0,0,0,0,0,0,0,0,0,0,0,0,0,0,0,0,0,0,0
7.932807207107544,0,0.0,0.0,0.0,0.0,0.0,0.0,0.0,0.0,0.03,0,0,0,0,0,0,0,0,0,0,0,0,0,0,0,0,0,0,0,0,0
7.934145212173462,0,0.0,0.0,0.0,0.0,0.0,0.0,0.0,0.0,0.03,0,0,0,0,0,0,0,0,0,0,0,0,0,0,0,0,0,0,0,0,0
7.935241937637329,0,0.0,0.0,0.0,0.0,0.0,0.0,0.0,0.0,0.03,0,0,0,0,0,0,0,0,0,0,0,0,0,0,0,0,0,0,0,0,0
7.937162399291992,0,0.0,0.0,0.0,0.0,0.0,0.0,0.0,0.0,0.03,0,0,0,0,0,0,0,0,0,0,0,0,0,0,0,0,0,0,0,0,0
7.938239574432373,0,0.0,0.0,0.0,0.0,0.0,0.0,0.0,0.0,0.03,0,0,0,0,0,0,0,0,0,0,0,0,0,0,0,0,0,0,0,0,0
7.93962550163269,0,0.0,0.0,0.0,0.0,0.0,0.0,0.0,0.0,0.03,0,0,0,0,0,0,0,0,0,0,0,0,0,0,0,0,0,0,0,0,0
7.940765619277954,0,0.0,0.0,0.0,0.0,0.0,0.0,0.0,0.0,0.03,0,0,0,0,0,0,0,0,0,0,0,0,0,0,0,0,0,0,0,0,0
7.942018032073975,0,0.0,0.0,0.0,0.0,0.0,0.0,0.0,0.0,0.03,0,0,0,0,0,0,0,0,0,0,0,0,0,0,0,0,0,0,0,0,0
7.9431092739105225,0,0.0,0.0,0.0,0.0,0.0,0.0,0.0,0.0,0.03,0,0,0,0,0,0,0,0,0,0,0,0,0,0,0,0,0,0,0,0,0
7.944374084472656,0,0.0,0.0,0.0,0.0,0.0,0.0,0.0,0.0,0.03,0,0,0,0,0,0,0,0,0,0,0,0,0,0,0,0,0,0,0,0,0
7.945983171463013,0,0.0,0.0,0.0,0.0,0.0,0.0,0.0,0.0,0.03,0,0,0,0,0,0,0,0,0,0,0,0,0,0,0,0,0,0,0,0,0
7.948107004165649,0,0.0,0.0,0.0,0.0,0.0,0.0,0.0,0.0,0.03,0,0,0,0,0,0,0,0,0,0,0,0,0,0,0,0,0,0,0,0,0
7.949421405792236,0,0.0,0.0,0.0,0.0,0.0,0.0,0.0,0.0,0.03,0,0,0,0,0,0,0,0,0,0,0,0,0,0,0,0,0,0,0,0,0
7.950624465942383,0,0.0,0.0,0.0,0.0,0.0,0.0,0.0,0.0,0.03,0,0,0,0,0,0,0,0,0,0,0,0,0,0,0,0,0,0,0,0,0
7.952185869216919,0,0.0,0.0,0.0,0.0,0.0,0.0,0.0,0.0,0.03,0,0,0,0,0,0,0,0,0,0,0,0,0,0,0,0,0,0,0,0,0
7.953284025192261,0,0.0,0.0,0.0,0.0,0.0,0.0,0.0,0.0,0.03,0,0,0,0,0,0,0,0,0,0,0,0,0,0,0,0,0,0,0,0,0
7.954347610473633,0,0.0,0.0,0.0,0.0,0.0,0.0,0.0,0.0,0.03,0,0,0,0,0,0,0,0,0,0,0,0,0,0,0,0,0,0,0,0,0
7.956419229507446,0,0.0,0.0,0.0,0.0,0.0,0.0,0.0,0.0,0.03,0,0,0,0,0,0,0,0,0,0,0,0,0,0,0,0,0,0,0,0,0
7.957526683807373,0,0.0,0.0,0.0,0.0,0.0,0.0,0.0,0.0,0.03,0,0,0,0,0,0,0,0,0,0,0,0,0,0,0,0,0,0,0,0,0
7.958617210388184,0,0.0,0.0,0.0,0.0,0.0,0.0,0.0,0.0,0.03,0,0,0,0,0,0,0,0,0,0,0,0,0,0,0,0,0,0,0,0,0
7.962806701660156,0,0.0,0.0,0.0,0.0,0.0,0.0,0.0,0.0,0.03,0,0,0,0,0,0,0,0,0,0,0,0,0,0,0,0,0,0,0,0,0
7.964694261550903,0,0.0,0.0,0.0,0.0,0.0,0.0,0.0,0.0,0.03,0,0,0,0,0,0,0,0,0,0,0,0,0,0,0,0,0,0,0,0,0
7.966856956481934,0,0.0,0.0,0.0,0.0,0.0,0.0,0.0,0.0,0.03,0,0,0,0,0,0,0,0,0,0,0,0,0,0,0,0,0,0,0,0,0
7.9679975509643555,0,0.0,0.0,0.0,0.0,0.0,0.0,0.0,0.0,0.03,0,0,0,0,0,0,0,0,0,0,0,0,0,0,0,0,0,0,0,0,0
7.970725059509277,0,0.0,0.0,0.0,0.0,0.0,0.0,0.0,0.0,0.03,0,0,0,0,0,0,0,0,0,0,0,0,0,0,0,0,0,0,0,0,0
7.972256422042847,0,0.0,0.0,0.0,0.0,0.0,0.0,0.0,0.0,0.03,0,0,0,0,0,0,0,0,0,0,0,0,0,0,0,0,0,0,0,0,0
7.973583459854126,0,0.0,0.0,0.0,0.0,0.0,0.0,0.0,0.0,0.03,0,0,0,0,0,0,0,0,0,0,0,0,0,0,0,0,0,0,0,0,0
7.97478723526001,0,0.0,0.0,0.0,0.0,0.0,0.0,0.0,0.0,0.03,0,0,0,0,0,0,0,0,0,0,0,0,0,0,0,0,0,0,0,0,0
7.976896047592163,0,0.0,0.0,0.0,0.0,0.0,0.0,0.0,0.0,0.03,0,0,0,0,0,0,0,0,0,0,0,0,0,0,0,0,0,0,0,0,0
7.978038787841797,0,0.0,0.0,0.0,0.0,0.0,0.0,0.0,0.0,0.03,0,0,0,0,0,0,0,0,0,0,0,0,0,0,0,0,0,0,0,0,0
7.979162693023682,0,0.0,0.0,0.0,0.0,0.0,0.0,0.0,0.0,0.03,0,0,0,0,0,0,0,0,0,0,0,0,0,0,0,0,0,0,0,0,0
7.980950355529785,0,0.0,0.0,0.0,0.0,0.0,0.0,0.0,0.0,0.03,0,0,0,0,0,0,0,0,0,0,0,0,0,0,0,0,0,0,0,0,0
7.982194185256958,0,0.0,0.0,0.0,0.0,0.0,0.0,0.0,0.0,0.03,0,0,0,0,0,0,0,0,0,0,0,0,0,0,0,0,0,0,0,0,0
7.983299016952515,0,0.0,0.0,0.0,0.0,0.0,0.0,0.0,0.0,0.03,0,0,0,0,0,0,0,0,0,0,0,0,0,0,0,0,0,0,0,0,0
7.9843878746032715,0,0.0,0.0,0.0,0.0,0.0,0.0,0.0,0.0,0.03,0,0,0,0,0,0,0,0,0,0,0,0,0,0,0,0,0,0,0,0,0
7.9854819774627686,0,0.0,0.0,0.0,0.0,0.0,0.0,0.0,0.0,0.03,0,0,0,0,0,0,0,0,0,0,0,0,0,0,0,0,0,0,0,0,0
7.986652851104736,0,0.0,0.0,0.0,0.0,0.0,0.0,0.0,0.0,0.03,0,0,0,0,0,0,0,0,0,0,0,0,0,0,0,0,0,0,0,0,0
7.987813234329224,0,0.0,0.0,0.0,0.0,0.0,0.0,0.0,0.0,0.03,0,0,0,0,0,0,0,0,0,0,0,0,0,0,0,0,0,0,0,0,0
7.988876581192017,0,0.0,0.0,0.0,0.0,0.0,0.0,0.0,0.0,0.03,0,0,0,0,0,0,0,0,0,0,0,0,0,0,0,0,0,0,0,0,0
7.990180969238281,0,0.0,0.0,0.0,0.0,0.0,0.0,0.0,0.0,0.03,0,0,0,0,0,0,0,0,0,0,0,0,0,0,0,0,0,0,0,0,0
7.99162220954895,0,0.0,0.0,0.0,0.0,0.0,0.0,0.0,0.0,0.03,0,0,0,0,0,0,0,0,0,0,0,0,0,0,0,0,0,0,0,0,0
7.992870092391968,0,0.0,0.0,0.0,0.0,0.0,0.0,0.0,0.0,0.03,0,0,0,0,0,0,0,0,0,0,0,0,0,0,0,0,0,0,0,0,0
7.994494199752808,0,0.0,0.0,0.0,0.0,0.0,0.0,0.0,0.0,0.03,0,0,0,0,0,0,0,0,0,0,0,0,0,0,0,0,0,0,0,0,0
7.99700403213501,0,0.0,0.0,0.0,0.0,0.0,0.0,0.0,0.0,0.03,0,0,0,0,0,0,0,0,0,0,0,0,0,0,0,0,0,0,0,0,0
7.998201608657837,0,0.0,0.0,0.0,0.0,0.0,0.0,0.0,0.0,0.03,0,0,0,0,0,0,0,0,0,0,0,0,0,0,0,0,0,0,0,0,0
7.999294757843018,0,0.0,0.0,0.0,0.0,0.0,0.0,0.0,0.0,0.03,0,0,0,0,0,0,0,0,0,0,0,0,0,0,0,0,0,0,0,0,0
8.001648187637329,0,0.0,0.0,0.0,0.0,0.0,0.0,0.0,0.0,0.03,0,0,0,0,0,0,0,0,0,0,0,0,0,0,0,0,0,0,0,0,0
8.003353595733643,0,0.0,0.0,0.0,0.0,0.0,0.0,0.0,0.0,0.03,0,0,0,0,0,0,0,0,0,0,0,0,0,0,0,0,0,0,0,0,0
8.004527807235718,0,0.0,0.0,0.0,0.0,0.0,0.0,0.0,0.0,0.03,0,0,0,0,0,0,0,0,0,0,0,0,0,0,0,0,0,0,0,0,0
8.006001949310303,0,0.0,0.0,0.0,0.0,0.0,0.0,0.0,0.0,0.03,0,0,0,0,0,0,0,0,0,0,0,0,0,0,0,0,0,0,0,0,0
8.00716495513916,0,0.0,0.0,0.0,0.0,0.0,0.0,0.0,0.0,0.03,0,0,0,0,0,0,0,0,0,0,0,0,0,0,0,0,0,0,0,0,0
8.008234739303589,0,0.0,0.0,0.0,0.0,0.0,0.0,0.0,0.0,0.03,0,0,0,0,0,0,0,0,0,0,0,0,0,0,0,0,0,0,0,0,0
8.009414911270142,0,0.0,0.0,0.0,0.0,0.0,0.0,0.0,0.0,0.03,0,0,0,0,0,0,0,0,0,0,0,0,0,0,0,0,0,0,0,0,0
8.010593891143799,0,0.0,0.0,0.0,0.0,0.0,0.0,0.0,0.0,0.03,0,0,0,0,0,0,0,0,0,0,0,0,0,0,0,0,0,0,0,0,0
8.012027025222778,0,0.0,0.0,0.0,0.0,0.0,0.0,0.0,0.0,0.03,0,0,0,0,0,0,0,0,0,0,0,0,0,0,0,0,0,0,0,0,0
8.013951063156128,0,0.0,0.0,0.0,0.0,0.0,0.0,0.0,0.0,0.03,0,0,0,0,0,0,0,0,0,0,0,0,0,0,0,0,0,0,0,0,0
8.015488147735596,0,0.0,0.0,0.0,0.0,0.0,0.0,0.0,0.0,0.03,0,0,0,0,0,0,0,0,0,0,0,0,0,0,0,0,0,0,0,0,0
8.01791524887085,0,0.0,0.0,0.0,0.0,0.0,0.0,0.0,0.0,0.03,0,0,0,0,0,0,0,0,0,0,0,0,0,0,0,0,0,0,0,0,0
8.019090414047241,0,0.0,0.0,0.0,0.0,0.0,0.0,0.0,0.0,0.03,0,0,0,0,0,0,0,0,0,0,0,0,0,0,0,0,0,0,0,0,0
8.020256757736206,0,0.0,0.0,0.0,0.0,0.0,0.0,0.0,0.0,0.03,0,0,0,0,0,0,0,0,0,0,0,0,0,0,0,0,0,0,0,0,0
8.02170443534851,0,0.0,0.0,0.0,0.0,0.0,0.0,0.0,0.0,0.03,0,0,0,0,0,0,0,0,0,0,0,0,0,0,0,0,0,0,0,0,0
8.023317337036133,0,0.0,0.0,0.0,0.0,0.0,0.0,0.0,0.0,0.03,0,0,0,0,0,0,0,0,0,0,0,0,0,0,0,0,0,0,0,0,0
8.024525165557861,0,0.0,0.0,0.0,0.0,0.0,0.0,0.0,0.0,0.03,0,0,0,0,0,0,0,0,0,0,0,0,0,0,0,0,0,0,0,0,0
8.025690793991089,0,0.0,0.0,0.0,0.0,0.0,0.0,0.0,0.0,0.03,0,0,0,0,0,0,0,0,0,0,0,0,0,0,0,0,0,0,0,0,0
8.026799201965332,0,0.0,0.0,0.0,0.0,0.0,0.0,0.0,0.0,0.03,0,0,0,0,0,0,0,0,0,0,0,0,0,0,0,0,0,0,0,0,0
8.028055906295776,0,0.0,0.0,0.0,0.0,0.0,0.0,0.0,0.0,0.03,0,0,0,0,0,0,0,0,0,0,0,0,0,0,0,0,0,0,0,0,0
8.03119969367981,0,0.0,0.0,0.0,0.0,0.0,0.0,0.0,0.0,0.03,0,0,0,0,0,0,0,0,0,0,0,0,0,0,0,0,0,0,0,0,0
8.032391548156738,0,0.0,0.0,0.0,0.0,0.0,0.0,0.0,0.0,0.03,0,0,0,0,0,0,0,0,0,0,0,0,0,0,0,0,0,0,0,0,0
8.033496141433716,0,0.0,0.0,0.0,0.0,0.0,0.0,0.0,0.0,0.03,0,0,0,0,0,0,0,0,0,0,0,0,0,0,0,0,0,0,0,0,0
8.034846067428589,0,0.0,0.0,0.0,0.0,0.0,0.0,0.0,0.0,0.03,0,0,0,0,0,0,0,0,0,0,0,0,0,0,0,0,0,0,0,0,0
8.036875247955322,0,0.0,0.0,0.0,0.0,0.0,0.0,0.0,0.0,0.03,0,0,0,0,0,0,0,0,0,0,0,0,0,0,0,0,0,0,0,0,0
8.038058757781982,0,0.0,0.0,0.0,0.0,0.0,0.0,0.0,0.0,0.03,0,0,0,0,0,0,0,0,0,0,0,0,0,0,0,0,0,0,0,0,0
8.039422035217285,0,0.0,0.0,0.0,0.0,0.0,0.0,0.0,0.0,0.03,0,0,0,0,0,0,0,0,0,0,0,0,0,0,0,0,0,0,0,0,0
8.040749549865723,0,0.0,0.0,0.0,0.0,0.0,0.0,0.0,0.0,0.03,0,0,0,0,0,0,0,0,0,0,0,0,0,0,0,0,0,0,0,0,0
8.041901588439941,0,0.0,0.0,0.0,0.0,0.0,0.0,0.0,0.0,0.03,0,0,0,0,0,0,0,0,0,0,0,0,0,0,0,0,0,0,0,0,0
8.043179512023926,0,0.0,0.0,0.0,0.0,0.0,0.0,0.0,0.0,0.03,0,0,0,0,0,0,0,0,0,0,0,0,0,0,0,0,0,0,0,0,0
8.04424262046814,0,0.0,0.0,0.0,0.0,0.0,0.0,0.0,0.0,0.03,0,0,0,0,0,0,0,0,0,0,0,0,0,0,0,0,0,0,0,0,0
8.045732021331787,0,0.0,0.0,0.0,0.0,0.0,0.0,0.0,0.0,0.03,0,0,0,0,0,0,0,0,0,0,0,0,0,0,0,0,0,0,0,0,0
8.046992063522339,0,0.0,0.0,0.0,0.0,0.0,0.0,0.0,0.0,0.03,0,0,0,0,0,0,0,0,0,0,0,0,0,0,0,0,0,0,0,0,0
8.048444509506226,0,0.0,0.0,0.0,0.0,0.0,0.0,0.0,0.0,0.03,0,0,0,0,0,0,0,0,0,0,0,0,0,0,0,0,0,0,0,0,0
8.049649000167847,0,0.0,0.0,0.0,0.0,0.0,0.0,0.0,0.0,0.03,0,0,0,0,0,0,0,0,0,0,0,0,0,0,0,0,0,0,0,0,0
8.050837755203247,0,0.0,0.0,0.0,0.0,0.0,0.0,0.0,0.0,0.03,0,0,0,0,0,0,0,0,0,0,0,0,0,0,0,0,0,0,0,0,0
8.052029371261597,0,0.0,0.0,0.0,0.0,0.0,0.0,0.0,0.0,0.03,0,0,0,0,0,0,0,0,0,0,0,0,0,0,0,0,0,0,0,0,0
8.053131103515625,0,0.0,0.0,0.0,0.0,0.0,0.0,0.0,0.0,0.03,0,0,0,0,0,0,0,0,0,0,0,0,0,0,0,0,0,0,0,0,0
8.054205179214478,0,0.0,0.0,0.0,0.0,0.0,0.0,0.0,0.0,0.03,0,0,0,0,0,0,0,0,0,0,0,0,0,0,0,0,0,0,0,0,0
8.055338859558105,0,0.0,0.0,0.0,0.0,0.0,0.0,0.0,0.0,0.03,0,0,0,0,0,0,0,0,0,0,0,0,0,0,0,0,0,0,0,0,0
8.056437730789185,0,0.0,0.0,0.0,0.0,0.0,0.0,0.0,0.0,0.03,0,0,0,0,0,0,0,0,0,0,0,0,0,0,0,0,0,0,0,0,0
8.05754041671753,0,0.0,0.0,0.0,0.0,0.0,0.0,0.0,0.0,0.03,0,0,0,0,0,0,0,0,0,0,0,0,0,0,0,0,0,0,0,0,0
8.058906078338623,0,0.0,0.0,0.0,0.0,0.0,0.0,0.0,0.0,0.03,0,0,0,0,0,0,0,0,0,0,0,0,0,0,0,0,0,0,0,0,0
8.060128211975098,0,0.0,0.0,0.0,0.0,0.0,0.0,0.0,0.0,0.03,0,0,0,0,0,0,0,0,0,0,0,0,0,0,0,0,0,0,0,0,0
8.061451196670532,0,0.0,0.0,0.0,0.0,0.0,0.0,0.0,0.0,0.03,0,0,0,0,0,0,0,0,0,0,0,0,0,0,0,0,0,0,0,0,0
8.063161134719849,0,0.0,0.0,0.0,0.0,0.0,0.0,0.0,0.0,0.03,0,0,0,0,0,0,0,0,0,0,0,0,0,0,0,0,0,0,0,0,0
8.064400434494019,0,0.0,0.0,0.0,0.0,0.0,0.0,0.0,0.0,0.03,0,0,0,0,0,0,0,0,0,0,0,0,0,0,0,0,0,0,0,0,0
8.065645456314087,0,0.0,0.0,0.0,0.0,0.0,0.0,0.0,0.0,0.03,0,0,0,0,0,0,0,0,0,0,0,0,0,0,0,0,0,0,0,0,0
8.066988945007324,0,0.0,0.0,0.0,0.0,0.0,0.0,0.0,0.0,0.03,0,0,0,0,0,0,0,0,0,0,0,0,0,0,0,0,0,0,0,0,0
8.068120002746582,0,0.0,0.0,0.0,0.0,0.0,0.0,0.0,0.0,0.03,0,0,0,0,0,0,0,0,0,0,0,0,0,0,0,0,0,0,0,0,0
8.069236755371094,0,0.0,0.0,0.0,0.0,0.0,0.0,0.0,0.0,0.03,0,0,0,0,0,0,0,0,0,0,0,0,0,0,0,0,0,0,0,0,0
8.071214199066162,0,0.0,0.0,0.0,0.0,0.0,0.0,0.0,0.0,0.03,0,0,0,0,0,0,0,0,0,0,0,0,0,0,0,0,0,0,0,0,0
8.073017835617065,0,0.0,0.0,0.0,0.0,0.0,0.0,0.0,0.0,0.03,0,0,0,0,0,0,0,0,0,0,0,0,0,0,0,0,0,0,0,0,0
8.074203491210938,0,0.0,0.0,0.0,0.0,0.0,0.0,0.0,0.0,0.03,0,0,0,0,0,0,0,0,0,0,0,0,0,0,0,0,0,0,0,0,0
8.075896739959717,0,0.0,0.0,0.0,0.0,0.0,0.0,0.0,0.0,0.03,0,0,0,0,0,0,0,0,0,0,0,0,0,0,0,0,0,0,0,0,0
8.077149152755737,0,0.0,0.0,0.0,0.0,0.0,0.0,0.0,0.0,0.03,0,0,0,0,0,0,0,0,0,0,0,0,0,0,0,0,0,0,0,0,0
8.07836627960205,0,0.0,0.0,0.0,0.0,0.0,0.0,0.0,0.0,0.03,0,0,0,0,0,0,0,0,0,0,0,0,0,0,0,0,0,0,0,0,0
8.079538345336914,0,0.0,0.0,0.0,0.0,0.0,0.0,0.0,0.0,0.03,0,0,0,0,0,0,0,0,0,0,0,0,0,0,0,0,0,0,0,0,0
8.080631971359253,0,0.0,0.0,0.0,0.0,0.0,0.0,0.0,0.0,0.03,0,0,0,0,0,0,0,0,0,0,0,0,0,0,0,0,0,0,0,0,0
8.081717014312744,0,0.0,0.0,0.0,0.0,0.0,0.0,0.0,0.0,0.03,0,0,0,0,0,0,0,0,0,0,0,0,0,0,0,0,0,0,0,0,0
8.082790613174438,0,0.0,0.0,0.0,0.0,0.0,0.0,0.0,0.0,0.03,0,0,0,0,0,0,0,0,0,0,0,0,0,0,0,0,0,0,0,0,0
8.084127187728882,0,0.0,0.0,0.0,0.0,0.0,0.0,0.0,0.0,0.03,0,0,0,0,0,0,0,0,0,0,0,0,0,0,0,0,0,0,0,0,0
8.085301876068115,0,0.0,0.0,0.0,0.0,0.0,0.0,0.0,0.0,0.03,0,0,0,0,0,0,0,0,0,0,0,0,0,0,0,0,0,0,0,0,0
8.086982011795044,0,0.0,0.0,0.0,0.0,0.0,0.0,0.0,0.0,0.03,0,0,0,0,0,0,0,0,0,0,0,0,0,0,0,0,0,0,0,0,0
8.088128566741943,0,0.0,0.0,0.0,0.0,0.0,0.0,0.0,0.0,0.03,0,0,0,0,0,0,0,0,0,0,0,0,0,0,0,0,0,0,0,0,0
8.089439392089844,0,0.0,0.0,0.0,0.0,0.0,0.0,0.0,0.0,0.03,0,0,0,0,0,0,0,0,0,0,0,0,0,0,0,0,0,0,0,0,0
8.090675830841064,0,0.0,0.0,0.0,0.0,0.0,0.0,0.0,0.0,0.03,0,0,0,0,0,0,0,0,0,0,0,0,0,0,0,0,0,0,0,0,0
8.092159986495972,0,0.0,0.0,0.0,0.0,0.0,0.0,0.0,0.0,0.03,0,0,0,0,0,0,0,0,0,0,0,0,0,0,0,0,0,0,0,0,0
8.093358039855957,0,0.0,0.0,0.0,0.0,0.0,0.0,0.0,0.0,0.03,0,0,0,0,0,0,0,0,0,0,0,0,0,0,0,0,0,0,0,0,0
8.09455943107605,0,0.0,0.0,0.0,0.0,0.0,0.0,0.0,0.0,0.03,0,0,0,0,0,0,0,0,0,0,0,0,0,0,0,0,0,0,0,0,0
8.095757722854614,0,0.0,0.0,0.0,0.0,0.0,0.0,0.0,0.0,0.03,0,0,0,0,0,0,0,0,0,0,0,0,0,0,0,0,0,0,0,0,0
8.097133874893188,0,0.0,0.0,0.0,0.0,0.0,0.0,0.0,0.0,0.03,0,0,0,0,0,0,0,0,0,0,0,0,0,0,0,0,0,0,0,0,0
8.098922491073608,0,0.0,0.0,0.0,0.0,0.0,0.0,0.0,0.0,0.03,0,0,0,0,0,0,0,0,0,0,0,0,0,0,0,0,0,0,0,0,0
8.100006341934204,0,0.0,0.0,0.0,0.0,0.0,0.0,0.0,0.0,0.03,0,0,0,0,0,0,0,0,0,0,0,0,0,0,0,0,0,0,0,0,0
8.10134506225586,0,0.0,0.0,0.0,0.0,0.0,0.0,0.0,0.0,0.03,0,0,0,0,0,0,0,0,0,0,0,0,0,0,0,0,0,0,0,0,0
8.103084802627563,0,0.0,0.0,0.0,0.0,0.0,0.0,0.0,0.0,0.03,0,0,0,0,0,0,0,0,0,0,0,0,0,0,0,0,0,0,0,0,0
8.104278326034546,0,0.0,0.0,0.0,0.0,0.0,0.0,0.0,0.0,0.03,0,0,0,0,0,0,0,0,0,0,0,0,0,0,0,0,0,0,0,0,0
8.105376243591309,0,0.0,0.0,0.0,0.0,0.0,0.0,0.0,0.0,0.03,0,0,0,0,0,0,0,0,0,0,0,0,0,0,0,0,0,0,0,0,0
8.106901168823242,0,0.0,0.0,0.0,0.0,0.0,0.0,0.0,0.0,0.03,0,0,0,0,0,0,0,0,0,0,0,0,0,0,0,0,0,0,0,0,0
8.108256816864014,0,0.0,0.0,0.0,0.0,0.0,0.0,0.0,0.0,0.03,0,0,0,0,0,0,0,0,0,0,0,0,0,0,0,0,0,0,0,0,0
8.109480381011963,0,0.0,0.0,0.0,0.0,0.0,0.0,0.0,0.0,0.03,0,0,0,0,0,0,0,0,0,0,0,0,0,0,0,0,0,0,0,0,0
8.110787630081177,0,0.0,0.0,0.0,0.0,0.0,0.0,0.0,0.0,0.03,0,0,0,0,0,0,0,0,0,0,0,0,0,0,0,0,0,0,0,0,0
8.112096309661865,0,0.0,0.0,0.0,0.0,0.0,0.0,0.0,0.0,0.03,0,0,0,0,0,0,0,0,0,0,0,0,0,0,0,0,0,0,0,0,0
8.113417625427246,0,0.0,0.0,0.0,0.0,0.0,0.0,0.0,0.0,0.03,0,0,0,0,0,0,0,0,0,0,0,0,0,0,0,0,0,0,0,0,0
8.114513158798218,0,0.0,0.0,0.0,0.0,0.0,0.0,0.0,0.0,0.03,0,0,0,0,0,0,0,0,0,0,0,0,0,0,0,0,0,0,0,0,0
8.115713357925415,0,0.0,0.0,0.0,0.0,0.0,0.0,0.0,0.0,0.03,0,0,0,0,0,0,0,0,0,0,0,0,0,0,0,0,0,0,0,0,0
8.116959810256958,0,0.0,0.0,0.0,0.0,0.0,0.0,0.0,0.0,0.03,0,0,0,0,0,0,0,0,0,0,0,0,0,0,0,0,0,0,0,0,0
8.118167400360107,0,0.0,0.0,0.0,0.0,0.0,0.0,0.0,0.0,0.03,0,0,0,0,0,0,0,0,0,0,0,0,0,0,0,0,0,0,0,0,0
8.119523525238037,0,0.0,0.0,0.0,0.0,0.0,0.0,0.0,0.0,0.03,0,0,0,0,0,0,0,0,0,0,0,0,0,0,0,0,0,0,0,0,0
8.120657444000244,0,0.0,0.0,0.0,0.0,0.0,0.0,0.0,0.0,0.03,0,0,0,0,0,0,0,0,0,0,0,0,0,0,0,0,0,0,0,0,0
8.122356176376343,0,0.0,0.0,0.0,0.0,0.0,0.0,0.0,0.0,0.03,0,0,0,0,0,0,0,0,0,0,0,0,0,0,0,0,0,0,0,0,0
8.123459577560425,0,0.0,0.0,0.0,0.0,0.0,0.0,0.0,0.0,0.03,0,0,0,0,0,0,0,0,0,0,0,0,0,0,0,0,0,0,0,0,0
8.124562978744507,0,0.0,0.0,0.0,0.0,0.0,0.0,0.0,0.0,0.03,0,0,0,0,0,0,0,0,0,0,0,0,0,0,0,0,0,0,0,0,0
8.125620126724243,0,0.0,0.0,0.0,0.0,0.0,0.0,0.0,0.0,0.03,0,0,0,0,0,0,0,0,0,0,0,0,0,0,0,0,0,0,0,0,0
8.126842260360718,0,0.0,0.0,0.0,0.0,0.0,0.0,0.0,0.0,0.03,0,0,0,0,0,0,0,0,0,0,0,0,0,0,0,0,0,0,0,0,0
8.127980947494507,0,0.0,0.0,0.0,0.0,0.0,0.0,0.0,0.0,0.03,0,0,0,0,0,0,0,0,0,0,0,0,0,0,0,0,0,0,0,0,0
8.129036664962769,0,0.0,0.0,0.0,0.0,0.0,0.0,0.0,0.0,0.03,0,0,0,0,0,0,0,0,0,0,0,0,0,0,0,0,0,0,0,0,0
8.130286693572998,0,0.0,0.0,0.0,0.0,0.0,0.0,0.0,0.0,0.03,0,0,0,0,0,0,0,0,0,0,0,0,0,0,0,0,0,0,0,0,0
8.13139033317566,0,0.0,0.0,0.0,0.0,0.0,0.0,0.0,0.0,0.03,0,0,0,0,0,0,0,0,0,0,0,0,0,0,0,0,0,0,0,0,0
8.1326904296875,0,0.0,0.0,0.0,0.0,0.0,0.0,0.0,0.0,0.03,0,0,0,0,0,0,0,0,0,0,0,0,0,0,0,0,0,0,0,0,0
8.134346723556519,0,0.0,0.0,0.0,0.0,0.0,0.0,0.0,0.0,0.03,0,0,0,0,0,0,0,0,0,0,0,0,0,0,0,0,0,0,0,0,0
8.135477781295776,0,0.0,0.0,0.0,0.0,0.0,0.0,0.0,0.0,0.03,0,0,0,0,0,0,0,0,0,0,0,0,0,0,0,0,0,0,0,0,0
8.13659119606018,0,0.0,0.0,0.0,0.0,0.0,0.0,0.0,0.0,0.03,0,0,0,0,0,0,0,0,0,0,0,0,0,0,0,0,0,0,0,0,0
8.138059377670288,0,0.0,0.0,0.0,0.0,0.0,0.0,0.0,0.0,0.03,0,0,0,0,0,0,0,0,0,0,0,0,0,0,0,0,0,0,0,0,0
8.13935661315918,0,0.0,0.0,0.0,0.0,0.0,0.0,0.0,0.0,0.03,0,0,0,0,0,0,0,0,0,0,0,0,0,0,0,0,0,0,0,0,0
8.140536546707153,0,0.0,0.0,0.0,0.0,0.0,0.0,0.0,0.0,0.03,0,0,0,0,0,0,0,0,0,0,0,0,0,0,0,0,0,0,0,0,0
8.141593933105469,0,0.0,0.0,0.0,0.0,0.0,0.0,0.0,0.0,0.03,0,0,0,0,0,0,0,0,0,0,0,0,0,0,0,0,0,0,0,0,0
8.143217086791992,0,0.0,0.0,0.0,0.0,0.0,0.0,0.0,0.0,0.03,0,0,0,0,0,0,0,0,0,0,0,0,0,0,0,0,0,0,0,0,0
8.144421577453613,0,0.0,0.0,0.0,0.0,0.0,0.0,0.0,0.0,0.03,0,0,0,0,0,0,0,0,0,0,0,0,0,0,0,0,0,0,0,0,0
8.145516872406006,0,0.0,0.0,0.0,0.0,0.0,0.0,0.0,0.0,0.03,0,0,0,0,0,0,0,0,0,0,0,0,0,0,0,0,0,0,0,0,0
8.14718770980835,0,0.0,0.0,0.0,0.0,0.0,0.0,0.0,0.0,0.03,0,0,0,0,0,0,0,0,0,0,0,0,0,0,0,0,0,0,0,0,0
8.148350238800049,0,0.0,0.0,0.0,0.0,0.0,0.0,0.0,0.0,0.03,0,0,0,0,0,0,0,0,0,0,0,0,0,0,0,0,0,0,0,0,0
8.149468183517456,0,0.0,0.0,0.0,0.0,0.0,0.0,0.0,0.0,0.03,0,0,0,0,0,0,0,0,0,0,0,0,0,0,0,0,0,0,0,0,0
8.150625705718994,0,0.0,0.0,0.0,0.0,0.0,0.0,0.0,0.0,0.03,0,0,0,0,0,0,0,0,0,0,0,0,0,0,0,0,0,0,0,0,0
8.15172290802002,0,0.0,0.0,0.0,0.0,0.0,0.0,0.0,0.0,0.03,0,0,0,0,0,0,0,0,0,0,0,0,0,0,0,0,0,0,0,0,0
8.152958869934082,0,0.0,0.0,0.0,0.0,0.0,0.0,0.0,0.0,0.03,0,0,0,0,0,0,0,0,0,0,0,0,0,0,0,0,0,0,0,0,0
8.154037475585938,0,0.0,0.0,0.0,0.0,0.0,0.0,0.0,0.0,0.03,0,0,0,0,0,0,0,0,0,0,0,0,0,0,0,0,0,0,0,0,0
8.155215978622437,0,0.0,0.0,0.0,0.0,0.0,0.0,0.0,0.0,0.03,0,0,0,0,0,0,0,0,0,0,0,0,0,0,0,0,0,0,0,0,0
8.156357049942017,0,0.0,0.0,0.0,0.0,0.0,0.0,0.0,0.0,0.03,0,0,0,0,0,0,0,0,0,0,0,0,0,0,0,0,0,0,0,0,0
8.157641410827637,0,0.0,0.0,0.0,0.0,0.0,0.0,0.0,0.0,0.03,0,0,0,0,0,0,0,0,0,0,0,0,0,0,0,0,0,0,0,0,0
8.159408807754517,0,0.0,0.0,0.0,0.0,0.0,0.0,0.0,0.0,0.03,0,0,0,0,0,0,0,0,0,0,0,0,0,0,0,0,0,0,0,0,0
8.160834312438965,0,0.0,0.0,0.0,0.0,0.0,0.0,0.0,0.0,0.03,0,0,0,0,0,0,0,0,0,0,0,0,0,0,0,0,0,0,0,0,0
8.16193675994873,0,0.0,0.0,0.0,0.0,0.0,0.0,0.0,0.0,0.03,0,0,0,0,0,0,0,0,0,0,0,0,0,0,0,0,0,0,0,0,0
8.1630277633667,0,0.0,0.0,0.0,0.0,0.0,0.0,0.0,0.0,0.03,0,0,0,0,0,0,0,0,0,0,0,0,0,0,0,0,0,0,0,0,0
8.16444706916809,0,0.0,0.0,0.0,0.0,0.0,0.0,0.0,0.0,0.03,0,0,0,0,0,0,0,0,0,0,0,0,0,0,0,0,0,0,0,0,0
8.165722370147705,0,0.0,0.0,0.0,0.0,0.0,0.0,0.0,0.0,0.03,0,0,0,0,0,0,0,0,0,0,0,0,0,0,0,0,0,0,0,0,0
8.166977405548096,0,0.0,0.0,0.0,0.0,0.0,0.0,0.0,0.0,0.03,0,0,0,0,0,0,0,0,0,0,0,0,0,0,0,0,0,0,0,0,0
8.168303728103638,0,0.0,0.0,0.0,0.0,0.0,0.0,0.0,0.0,0.03,0,0,0,0,0,0,0,0,0,0,0,0,0,0,0,0,0,0,0,0,0
8.16990327835083,0,0.0,0.0,0.0,0.0,0.0,0.0,0.0,0.0,0.03,0,0,0,0,0,0,0,0,0,0,0,0,0,0,0,0,0,0,0,0,0
8.170963048934937,0,0.0,0.0,0.0,0.0,0.0,0.0,0.0,0.0,0.03,0,0,0,0,0,0,0,0,0,0,0,0,0,0,0,0,0,0,0,0,0
8.17206358909607,0,0.0,0.0,0.0,0.0,0.0,0.0,0.0,0.0,0.03,0,0,0,0,0,0,0,0,0,0,0,0,0,0,0,0,0,0,0,0,0
8.173161506652832,0,0.0,0.0,0.0,0.0,0.0,0.0,0.0,0.0,0.03,0,0,0,0,0,0,0,0,0,0,0,0,0,0,0,0,0,0,0,0,0
8.175632238388062,0,0.0,0.0,0.0,0.0,0.0,0.0,0.0,0.0,0.03,0,0,0,0,0,0,0,0,0,0,0,0,0,0,0,0,0,0,0,0,0
8.178385019302368,0,0.0,0.0,0.0,0.0,0.0,0.0,0.0,0.0,0.03,0,0,0,0,0,0,0,0,0,0,0,0,0,0,0,0,0,0,0,0,0
8.179685354232788,0,0.0,0.0,0.0,0.0,0.0,0.0,0.0,0.0,0.03,0,0,0,0,0,0,0,0,0,0,0,0,0,0,0,0,0,0,0,0,0
8.180778980255127,0,0.0,0.0,0.0,0.0,0.0,0.0,0.0,0.0,0.03,0,0,0,0,0,0,0,0,0,0,0,0,0,0,0,0,0,0,0,0,0
8.181947946548462,0,0.0,0.0,0.0,0.0,0.0,0.0,0.0,0.0,0.03,0,0,0,0,0,0,0,0,0,0,0,0,0,0,0,0,0,0,0,0,0
8.183299779891968,0,0.0,0.0,0.0,0.0,0.0,0.0,0.0,0.0,0.03,0,0,0,0,0,0,0,0,0,0,0,0,0,0,0,0,0,0,0,0,0
8.184439897537231,0,0.0,0.0,0.0,0.0,0.0,0.0,0.0,0.0,0.03,0,0,0,0,0,0,0,0,0,0,0,0,0,0,0,0,0,0,0,0,0
8.185847043991089,0,0.0,0.0,0.0,0.0,0.0,0.0,0.0,0.0,0.03,0,0,0,0,0,0,0,0,0,0,0,0,0,0,0,0,0,0,0,0,0
8.188104152679443,0,0.0,0.0,0.0,0.0,0.0,0.0,0.0,0.0,0.03,0,0,0,0,0,0,0,0,0,0,0,0,0,0,0,0,0,0,0,0,0
8.189873456954956,0,0.0,0.0,0.0,0.0,0.0,0.0,0.0,0.0,0.03,0,0,0,0,0,0,0,0,0,0,0,0,0,0,0,0,0,0,0,0,0
8.190947771072388,0,0.0,0.0,0.0,0.0,0.0,0.0,0.0,0.0,0.03,0,0,0,0,0,0,0,0,0,0,0,0,0,0,0,0,0,0,0,0,0
8.192116260528564,0,0.0,0.0,0.0,0.0,0.0,0.0,0.0,0.0,0.03,0,0,0,0,0,0,0,0,0,0,0,0,0,0,0,0,0,0,0,0,0
8.193611860275269,0,0.0,0.0,0.0,0.0,0.0,0.0,0.0,0.0,0.03,0,0,0,0,0,0,0,0,0,0,0,0,0,0,0,0,0,0,0,0,0
8.195197105407715,0,0.0,0.0,0.0,0.0,0.0,0.0,0.0,0.0,0.03,0,0,0,0,0,0,0,0,0,0,0,0,0,0,0,0,0,0,0,0,0
8.196280241012573,0,0.0,0.0,0.0,0.0,0.0,0.0,0.0,0.0,0.03,0,0,0,0,0,0,0,0,0,0,0,0,0,0,0,0,0,0,0,0,0
8.197377681732178,0,0.0,0.0,0.0,0.0,0.0,0.0,0.0,0.0,0.03,0,0,0,0,0,0,0,0,0,0,0,0,0,0,0,0,0,0,0,0,0
8.198484659194946,0,0.0,0.0,0.0,0.0,0.0,0.0,0.0,0.0,0.03,0,0,0,0,0,0,0,0,0,0,0,0,0,0,0,0,0,0,0,0,0
8.19968557357788,0,0.0,0.0,0.0,0.0,0.0,0.0,0.0,0.0,0.03,0,0,0,0,0,0,0,0,0,0,0,0,0,0,0,0,0,0,0,0,0
8.2009437084198,0,0.0,0.0,0.0,0.0,0.0,0.0,0.0,0.0,0.03,0,0,0,0,0,0,0,0,0,0,0,0,0,0,0,0,0,0,0,0,0
8.202072143554688,0,0.0,0.0,0.0,0.0,0.0,0.0,0.0,0.0,0.03,0,0,0,0,0,0,0,0,0,0,0,0,0,0,0,0,0,0,0,0,0
8.203345775604248,0,0.0,0.0,0.0,0.0,0.0,0.0,0.0,0.0,0.03,0,0,0,0,0,0,0,0,0,0,0,0,0,0,0,0,0,0,0,0,0
8.205041646957397,0,0.0,0.0,0.0,0.0,0.0,0.0,0.0,0.0,0.03,0,0,0,0,0,0,0,0,0,0,0,0,0,0,0,0,0,0,0,0,0
8.206109762191772,0,0.0,0.0,0.0,0.0,0.0,0.0,0.0,0.0,0.03,0,0,0,0,0,0,0,0,0,0,0,0,0,0,0,0,0,0,0,0,0
8.207491159439087,0,0.0,0.0,0.0,0.0,0.0,0.0,0.0,0.0,0.03,0,0,0,0,0,0,0,0,0,0,0,0,0,0,0,0,0,0,0,0,0
8.208942651748657,0,0.0,0.0,0.0,0.0,0.0,0.0,0.0,0.0,0.03,0,0,0,0,0,0,0,0,0,0,0,0,0,0,0,0,0,0,0,0,0
8.210192203521729,0,0.0,0.0,0.0,0.0,0.0,0.0,0.0,0.0,0.03,0,0,0,0,0,0,0,0,0,0,0,0,0,0,0,0,0,0,0,0,0
8.211706638336182,0,0.0,0.0,0.0,0.0,0.0,0.0,0.0,0.0,0.03,0,0,0,0,0,0,0,0,0,0,0,0,0,0,0,0,0,0,0,0,0
8.212994575500488,0,0.0,0.0,0.0,0.0,0.0,0.0,0.0,0.0,0.03,0,0,0,0,0,0,0,0,0,0,0,0,0,0,0,0,0,0,0,0,0
8.214128494262695,0,0.0,0.0,0.0,0.0,0.0,0.0,0.0,0.0,0.03,0,0,0,0,0,0,0,0,0,0,0,0,0,0,0,0,0,0,0,0,0
8.215384483337402,0,0.0,0.0,0.0,0.0,0.0,0.0,0.0,0.0,0.03,0,0,0,0,0,0,0,0,0,0,0,0,0,0,0,0,0,0,0,0,0
8.216504096984863,0,0.0,0.0,0.0,0.0,0.0,0.0,0.0,0.0,0.03,0,0,0,0,0,0,0,0,0,0,0,0,0,0,0,0,0,0,0,0,0
8.217727899551392,0,0.0,0.0,0.0,0.0,0.0,0.0,0.0,0.0,0.03,0,0,0,0,0,0,0,0,0,0,0,0,0,0,0,0,0,0,0,0,0
8.218903064727783,0,0.0,0.0,0.0,0.0,0.0,0.0,0.0,0.0,0.03,0,0,0,0,0,0,0,0,0,0,0,0,0,0,0,0,0,0,0,0,0
8.220211029052734,0,0.0,0.0,0.0,0.0,0.0,0.0,0.0,0.0,0.03,0,0,0,0,0,0,0,0,0,0,0,0,0,0,0,0,0,0,0,0,0
8.221279859542847,0,0.0,0.0,0.0,0.0,0.0,0.0,0.0,0.0,0.03,0,0,0,0,0,0,0,0,0,0,0,0,0,0,0,0,0,0,0,0,0
8.223347902297974,0,0.0,0.0,0.0,0.0,0.0,0.0,0.0,0.0,0.03,0,0,0,0,0,0,0,0,0,0,0,0,0,0,0,0,0,0,0,0,0
8.225216627120972,0,0.0,0.0,0.0,0.0,0.0,0.0,0.0,0.0,0.03,0,0,0,0,0,0,0,0,0,0,0,0,0,0,0,0,0,0,0,0,0
8.22822117805481,0,0.0,0.0,0.0,0.0,0.0,0.0,0.0,0.0,0.03,0,0,0,0,0,0,0,0,0,0,0,0,0,0,0,0,0,0,0,0,0
8.22932505607605,0,0.0,0.0,0.0,0.0,0.0,0.0,0.0,0.0,0.03,0,0,0,0,0,0,0,0,0,0,0,0,0,0,0,0,0,0,0,0,0
8.230412244796753,0,0.0,0.0,0.0,0.0,0.0,0.0,0.0,0.0,0.03,0,0,0,0,0,0,0,0,0,0,0,0,0,0,0,0,0,0,0,0,0
8.231641292572021,0,0.0,0.0,0.0,0.0,0.0,0.0,0.0,0.0,0.03,0,0,0,0,0,0,0,0,0,0,0,0,0,0,0,0,0,0,0,0,0
8.234037160873413,0,0.0,0.0,0.0,0.0,0.0,0.0,0.0,0.0,0.03,0,0,0,0,0,0,0,0,0,0,0,0,0,0,0,0,0,0,0,0,0
8.2351713180542,0,0.0,0.0,0.0,0.0,0.0,0.0,0.0,0.0,0.03,0,0,0,0,0,0,0,0,0,0,0,0,0,0,0,0,0,0,0,0,0
8.237008810043335,0,0.0,0.0,0.0,0.0,0.0,0.0,0.0,0.0,0.03,0,0,0,0,0,0,0,0,0,0,0,0,0,0,0,0,0,0,0,0,0
8.23848271369934,0,0.0,0.0,0.0,0.0,0.0,0.0,0.0,0.0,0.03,0,0,0,0,0,0,0,0,0,0,0,0,0,0,0,0,0,0,0,0,0
8.239570379257202,0,0.0,0.0,0.0,0.0,0.0,0.0,0.0,0.0,0.03,0,0,0,0,0,0,0,0,0,0,0,0,0,0,0,0,0,0,0,0,0
8.240773677825928,0,0.0,0.0,0.0,0.0,0.0,0.0,0.0,0.0,0.03,0,0,0,0,0,0,0,0,0,0,0,0,0,0,0,0,0,0,0,0,0
8.2425696849823,0,0.0,0.0,0.0,0.0,0.0,0.0,0.0,0.0,0.03,0,0,0,0,0,0,0,0,0,0,0,0,0,0,0,0,0,0,0,0,0
8.243767023086548,0,0.0,0.0,0.0,0.0,0.0,0.0,0.0,0.0,0.03,0,0,0,0,0,0,0,0,0,0,0,0,0,0,0,0,0,0,0,0,0
8.245774507522583,0,0.0,0.0,0.0,0.0,0.0,0.0,0.0,0.0,0.03,0,0,0,0,0,0,0,0,0,0,0,0,0,0,0,0,0,0,0,0,0
8.247087717056274,0,0.0,0.0,0.0,0.0,0.0,0.0,0.0,0.0,0.03,0,0,0,0,0,0,0,0,0,0,0,0,0,0,0,0,0,0,0,0,0
8.24845290184021,0,0.0,0.0,0.0,0.0,0.0,0.0,0.0,0.0,0.03,0,0,0,0,0,0,0,0,0,0,0,0,0,0,0,0,0,0,0,0,0
8.249597787857056,0,0.0,0.0,0.0,0.0,0.0,0.0,0.0,0.0,0.03,0,0,0,0,0,0,0,0,0,0,0,0,0,0,0,0,0,0,0,0,0
8.251608610153198,0,0.0,0.0,0.0,0.0,0.0,0.0,0.0,0.0,0.03,0,0,0,0,0,0,0,0,0,0,0,0,0,0,0,0,0,0,0,0,0
8.25269865989685,0,0.0,0.0,0.0,0.0,0.0,0.0,0.0,0.0,0.03,0,0,0,0,0,0,0,0,0,0,0,0,0,0,0,0,0,0,0,0,0
8.254981279373169,0,0.0,0.0,0.0,0.0,0.0,0.0,0.0,0.0,0.03,0,0,0,0,0,0,0,0,0,0,0,0,0,0,0,0,0,0,0,0,0
8.256054878234863,0,0.0,0.0,0.0,0.0,0.0,0.0,0.0,0.0,0.03,0,0,0,0,0,0,0,0,0,0,0,0,0,0,0,0,0,0,0,0,0
8.257287502288818,0,0.0,0.0,0.0,0.0,0.0,0.0,0.0,0.0,0.03,0,0,0,0,0,0,0,0,0,0,0,0,0,0,0,0,0,0,0,0,0
8.258594512939453,0,0.0,0.0,0.0,0.0,0.0,0.0,0.0,0.0,0.03,0,0,0,0,0,0,0,0,0,0,0,0,0,0,0,0,0,0,0,0,0
8.260075330734253,0,0.0,0.0,0.0,0.0,0.0,0.0,0.0,0.0,0.03,0,0,0,0,0,0,0,0,0,0,0,0,0,0,0,0,0,0,0,0,0
8.261168956756592,0,0.0,0.0,0.0,0.0,0.0,0.0,0.0,0.0,0.03,0,0,0,0,0,0,0,0,0,0,0,0,0,0,0,0,0,0,0,0,0
8.262292385101318,0,0.0,0.0,0.0,0.0,0.0,0.0,0.0,0.0,0.03,0,0,0,0,0,0,0,0,0,0,0,0,0,0,0,0,0,0,0,0,0
8.263373136520386,0,0.0,0.0,0.0,0.0,0.0,0.0,0.0,0.0,0.03,0,0,0,0,0,0,0,0,0,0,0,0,0,0,0,0,0,0,0,0,0
8.264480352401733,0,0.0,0.0,0.0,0.0,0.0,0.0,0.0,0.0,0.03,0,0,0,0,0,0,0,0,0,0,0,0,0,0,0,0,0,0,0,0,0
8.265632152557373,0,0.0,0.0,0.0,0.0,0.0,0.0,0.0,0.0,0.03,0,0,0,0,0,0,0,0,0,0,0,0,0,0,0,0,0,0,0,0,0
8.266851425170898,0,0.0,0.0,0.0,0.0,0.0,0.0,0.0,0.0,0.03,0,0,0,0,0,0,0,0,0,0,0,0,0,0,0,0,0,0,0,0,0
8.268166065216064,0,0.0,0.0,0.0,0.0,0.0,0.0,0.0,0.0,0.03,0,0,0,0,0,0,0,0,0,0,0,0,0,0,0,0,0,0,0,0,0
8.269292116165161,0,0.0,0.0,0.0,0.0,0.0,0.0,0.0,0.0,0.03,0,0,0,0,0,0,0,0,0,0,0,0,0,0,0,0,0,0,0,0,0
8.270617961883545,0,0.0,0.0,0.0,0.0,0.0,0.0,0.0,0.0,0.03,0,0,0,0,0,0,0,0,0,0,0,0,0,0,0,0,0,0,0,0,0
8.271767377853394,0,0.0,0.0,0.0,0.0,0.0,0.0,0.0,0.0,0.03,0,0,0,0,0,0,0,0,0,0,0,0,0,0,0,0,0,0,0,0,0
8.27449893951416,0,0.0,0.0,0.0,0.0,0.0,0.0,0.0,0.0,0.03,0,0,0,0,0,0,0,0,0,0,0,0,0,0,0,0,0,0,0,0,0
8.276002883911133,0,0.0,0.0,0.0,0.0,0.0,0.0,0.0,0.0,0.03,0,0,0,0,0,0,0,0,0,0,0,0,0,0,0,0,0,0,0,0,0
8.277482032775879,0,0.0,0.0,0.0,0.0,0.0,0.0,0.0,0.0,0.03,0,0,0,0,0,0,0,0,0,0,0,0,0,0,0,0,0,0,0,0,0
8.27863073348999,0,0.0,0.0,0.0,0.0,0.0,0.0,0.0,0.0,0.03,0,0,0,0,0,0,0,0,0,0,0,0,0,0,0,0,0,0,0,0,0
8.280864000320435,0,0.0,0.0,0.0,0.0,0.0,0.0,0.0,0.0,0.03,0,0,0,0,0,0,0,0,0,0,0,0,0,0,0,0,0,0,0,0,0
8.282010078430176,0,0.0,0.0,0.0,0.0,0.0,0.0,0.0,0.0,0.03,0,0,0,0,0,0,0,0,0,0,0,0,0,0,0,0,0,0,0,0,0
8.283958435058594,0,0.0,0.0,0.0,0.0,0.0,0.0,0.0,0.0,0.03,0,0,0,0,0,0,0,0,0,0,0,0,0,0,0,0,0,0,0,0,0
8.285062313079834,0,0.0,0.0,0.0,0.0,0.0,0.0,0.0,0.0,0.03,0,0,0,0,0,0,0,0,0,0,0,0,0,0,0,0,0,0,0,0,0
8.286123991012573,0,0.0,0.0,0.0,0.0,0.0,0.0,0.0,0.0,0.03,0,0,0,0,0,0,0,0,0,0,0,0,0,0,0,0,0,0,0,0,0
8.287289142608643,0,0.0,0.0,0.0,0.0,0.0,0.0,0.0,0.0,0.03,0,0,0,0,0,0,0,0,0,0,0,0,0,0,0,0,0,0,0,0,0
8.28859567642212,0,0.0,0.0,0.0,0.0,0.0,0.0,0.0,0.0,0.03,0,0,0,0,0,0,0,0,0,0,0,0,0,0,0,0,0,0,0,0,0
8.289664268493652,0,0.0,0.0,0.0,0.0,0.0,0.0,0.0,0.0,0.03,0,0,0,0,0,0,0,0,0,0,0,0,0,0,0,0,0,0,0,0,0
8.291056156158447,0,0.0,0.0,0.0,0.0,0.0,0.0,0.0,0.0,0.03,0,0,0,0,0,0,0,0,0,0,0,0,0,0,0,0,0,0,0,0,0
8.293891191482544,0,0.0,0.0,0.0,0.0,0.0,0.0,0.0,0.0,0.03,0,0,0,0,0,0,0,0,0,0,0,0,0,0,0,0,0,0,0,0,0
8.295379161834717,0,0.0,0.0,0.0,0.0,0.0,0.0,0.0,0.0,0.03,0,0,0,0,0,0,0,0,0,0,0,0,0,0,0,0,0,0,0,0,0
8.296509742736816,0,0.0,0.0,0.0,0.0,0.0,0.0,0.0,0.0,0.03,0,0,0,0,0,0,0,0,0,0,0,0,0,0,0,0,0,0,0,0,0
8.297829389572144,0,0.0,0.0,0.0,0.0,0.0,0.0,0.0,0.0,0.03,0,0,0,0,0,0,0,0,0,0,0,0,0,0,0,0,0,0,0,0,0
8.299484491348267,0,0.0,0.0,0.0,0.0,0.0,0.0,0.0,0.0,0.03,0,0,0,0,0,0,0,0,0,0,0,0,0,0,0,0,0,0,0,0,0
8.30165982246399,0,0.0,0.0,0.0,0.0,0.0,0.0,0.0,0.0,0.03,0,0,0,0,0,0,0,0,0,0,0,0,0,0,0,0,0,0,0,0,0
8.302820444107056,0,0.0,0.0,0.0,0.0,0.0,0.0,0.0,0.0,0.03,0,0,0,0,0,0,0,0,0,0,0,0,0,0,0,0,0,0,0,0,0
8.304242610931396,0,0.0,0.0,0.0,0.0,0.0,0.0,0.0,0.0,0.03,0,0,0,0,0,0,0,0,0,0,0,0,0,0,0,0,0,0,0,0,0
8.3058443069458,0,0.0,0.0,0.0,0.0,0.0,0.0,0.0,0.0,0.03,0,0,0,0,0,0,0,0,0,0,0,0,0,0,0,0,0,0,0,0,0
8.306939125061035,0,0.0,0.0,0.0,0.0,0.0,0.0,0.0,0.0,0.03,0,0,0,0,0,0,0,0,0,0,0,0,0,0,0,0,0,0,0,0,0
8.309835195541382,0,0.0,0.0,0.0,0.0,0.0,0.0,0.0,0.0,0.03,0,0,0,0,0,0,0,0,0,0,0,0,0,0,0,0,0,0,0,0,0
8.310944557189941,0,0.0,0.0,0.0,0.0,0.0,0.0,0.0,0.0,0.03,0,0,0,0,0,0,0,0,0,0,0,0,0,0,0,0,0,0,0,0,0
8.312053203582764,0,0.0,0.0,0.0,0.0,0.0,0.0,0.0,0.0,0.03,0,0,0,0,0,0,0,0,0,0,0,0,0,0,0,0,0,0,0,0,0
8.313172578811646,0,0.0,0.0,0.0,0.0,0.0,0.0,0.0,0.0,0.03,0,0,0,0,0,0,0,0,0,0,0,0,0,0,0,0,0,0,0,0,0
8.314408540725708,0,0.0,0.0,0.0,0.0,0.0,0.0,0.0,0.0,0.03,0,0,0,0,0,0,0,0,0,0,0,0,0,0,0,0,0,0,0,0,0
8.316357612609863,0,0.0,0.0,0.0,0.0,0.0,0.0,0.0,0.0,0.03,0,0,0,0,0,0,0,0,0,0,0,0,0,0,0,0,0,0,0,0,0
8.318080425262451,0,0.0,0.0,0.0,0.0,0.0,0.0,0.0,0.0,0.03,0,0,0,0,0,0,0,0,0,0,0,0,0,0,0,0,0,0,0,0,0
8.319528341293335,0,0.0,0.0,0.0,0.0,0.0,0.0,0.0,0.0,0.03,0,0,0,0,0,0,0,0,0,0,0,0,0,0,0,0,0,0,0,0,0
8.320939064025879,0,0.0,0.0,0.0,0.0,0.0,0.0,0.0,0.0,0.03,0,0,0,0,0,0,0,0,0,0,0,0,0,0,0,0,0,0,0,0,0
8.32227087020874,0,0.0,0.0,0.0,0.0,0.0,0.0,0.0,0.0,0.03,0,0,0,0,0,0,0,0,0,0,0,0,0,0,0,0,0,0,0,0,0
8.323439359664917,0,0.0,0.0,0.0,0.0,0.0,0.0,0.0,0.0,0.03,0,0,0,0,0,0,0,0,0,0,0,0,0,0,0,0,0,0,0,0,0
8.324534893035889,0,0.0,0.0,0.0,0.0,0.0,0.0,0.0,0.0,0.03,0,0,0,0,0,0,0,0,0,0,0,0,0,0,0,0,0,0,0,0,0
8.326021909713745,0,0.0,0.0,0.0,0.0,0.0,0.0,0.0,0.0,0.03,0,0,0,0,0,0,0,0,0,0,0,0,0,0,0,0,0,0,0,0,0
8.327541828155518,0,0.0,0.0,0.0,0.0,0.0,0.0,0.0,0.0,0.03,0,0,0,0,0,0,0,0,0,0,0,0,0,0,0,0,0,0,0,0,0
8.328638553619385,0,0.0,0.0,0.0,0.0,0.0,0.0,0.0,0.0,0.03,0,0,0,0,0,0,0,0,0,0,0,0,0,0,0,0,0,0,0,0,0
8.329728603363037,0,0.0,0.0,0.0,0.0,0.0,0.0,0.0,0.0,0.03,0,0,0,0,0,0,0,0,0,0,0,0,0,0,0,0,0,0,0,0,0
8.330880165100098,0,0.0,0.0,0.0,0.0,0.0,0.0,0.0,0.0,0.03,0,0,0,0,0,0,0,0,0,0,0,0,0,0,0,0,0,0,0,0,0
8.332129955291748,0,0.0,0.0,0.0,0.0,0.0,0.0,0.0,0.0,0.03,0,0,0,0,0,0,0,0,0,0,0,0,0,0,0,0,0,0,0,0,0
8.333190679550171,0,0.0,0.0,0.0,0.0,0.0,0.0,0.0,0.0,0.03,0,0,0,0,0,0,0,0,0,0,0,0,0,0,0,0,0,0,0,0,0
8.33447813987732,0,0.0,0.0,0.0,0.0,0.0,0.0,0.0,0.0,0.03,0,0,0,0,0,0,0,0,0,0,0,0,0,0,0,0,0,0,0,0,0
8.336793899536133,0,0.0,0.0,0.0,0.0,0.0,0.0,0.0,0.0,0.03,0,0,0,0,0,0,0,0,0,0,0,0,0,0,0,0,0,0,0,0,0
8.339601039886475,0,0.0,0.0,0.0,0.0,0.0,0.0,0.0,0.0,0.03,0,0,0,0,0,0,0,0,0,0,0,0,0,0,0,0,0,0,0,0,0
8.340924739837646,0,0.0,0.0,0.0,0.0,0.0,0.0,0.0,0.0,0.03,0,0,0,0,0,0,0,0,0,0,0,0,0,0,0,0,0,0,0,0,0
8.342738628387451,0,0.0,0.0,0.0,0.0,0.0,0.0,0.0,0.0,0.03,0,0,0,0,0,0,0,0,0,0,0,0,0,0,0,0,0,0,0,0,0
8.344129085540771,0,0.0,0.0,0.0,0.0,0.0,0.0,0.0,0.0,0.03,0,0,0,0,0,0,0,0,0,0,0,0,0,0,0,0,0,0,0,0,0
8.345396041870117,0,0.0,0.0,0.0,0.0,0.0,0.0,0.0,0.0,0.03,0,0,0,0,0,0,0,0,0,0,0,0,0,0,0,0,0,0,0,0,0
8.347387313842773,0,0.0,0.0,0.0,0.0,0.0,0.0,0.0,0.0,0.03,0,0,0,0,0,0,0,0,0,0,0,0,0,0,0,0,0,0,0,0,0
8.348811388015747,0,0.0,0.0,0.0,0.0,0.0,0.0,0.0,0.0,0.03,0,0,0,0,0,0,0,0,0,0,0,0,0,0,0,0,0,0,0,0,0
8.35014295578003,0,0.0,0.0,0.0,0.0,0.0,0.0,0.0,0.0,0.03,0,0,0,0,0,0,0,0,0,0,0,0,0,0,0,0,0,0,0,0,0
8.351320028305054,0,0.0,0.0,0.0,0.0,0.0,0.0,0.0,0.0,0.03,0,0,0,0,0,0,0,0,0,0,0,0,0,0,0,0,0,0,0,0,0
8.352658987045288,0,0.0,0.0,0.0,0.0,0.0,0.0,0.0,0.0,0.03,0,0,0,0,0,0,0,0,0,0,0,0,0,0,0,0,0,0,0,0,0
8.35413646697998,0,0.0,0.0,0.0,0.0,0.0,0.0,0.0,0.0,0.03,0,0,0,0,0,0,0,0,0,0,0,0,0,0,0,0,0,0,0,0,0
8.356662273406982,0,0.0,0.0,0.0,0.0,0.0,0.0,0.0,0.0,0.03,0,0,0,0,0,0,0,0,0,0,0,0,0,0,0,0,0,0,0,0,0
8.359471559524536,0,0.0,0.0,0.0,0.0,0.0,0.0,0.0,0.0,0.03,0,0,0,0,0,0,0,0,0,0,0,0,0,0,0,0,0,0,0,0,0
8.360709190368652,0,0.0,0.0,0.0,0.0,0.0,0.0,0.0,0.0,0.03,0,0,0,0,0,0,0,0,0,0,0,0,0,0,0,0,0,0,0,0,0
8.362054109573364,0,0.0,0.0,0.0,0.0,0.0,0.0,0.0,0.0,0.03,0,0,0,0,0,0,0,0,0,0,0,0,0,0,0,0,0,0,0,0,0
8.363600969314575,0,0.0,0.0,0.0,0.0,0.0,0.0,0.0,0.0,0.03,0,0,0,0,0,0,0,0,0,0,0,0,0,0,0,0,0,0,0,0,0
8.364762783050537,0,0.0,0.0,0.0,0.0,0.0,0.0,0.0,0.0,0.03,0,0,0,0,0,0,0,0,0,0,0,0,0,0,0,0,0,0,0,0,0
8.365869283676147,0,0.0,0.0,0.0,0.0,0.0,0.0,0.0,0.0,0.03,0,0,0,0,0,0,0,0,0,0,0,0,0,0,0,0,0,0,0,0,0
8.36776852607727,0,0.0,0.0,0.0,0.0,0.0,0.0,0.0,0.0,0.03,0,0,0,0,0,0,0,0,0,0,0,0,0,0,0,0,0,0,0,0,0
8.369081020355225,0,0.0,0.0,0.0,0.0,0.0,0.0,0.0,0.0,0.03,0,0,0,0,0,0,0,0,0,0,0,0,0,0,0,0,0,0,0,0,0
8.372180461883545,0,0.0,0.0,0.0,0.0,0.0,0.0,0.0,0.0,0.03,0,0,0,0,0,0,0,0,0,0,0,0,0,0,0,0,0,0,0,0,0
8.37333345413208,0,0.0,0.0,0.0,0.0,0.0,0.0,0.0,0.0,0.03,0,0,0,0,0,0,0,0,0,0,0,0,0,0,0,0,0,0,0,0,0
8.375265121459961,0,0.0,0.0,0.0,0.0,0.0,0.0,0.0,0.0,0.03,0,0,0,0,0,0,0,0,0,0,0,0,0,0,0,0,0,0,0,0,0
8.376534223556519,0,0.0,0.0,0.0,0.0,0.0,0.0,0.0,0.0,0.03,0,0,0,0,0,0,0,0,0,0,0,0,0,0,0,0,0,0,0,0,0
8.377793788909912,0,0.0,0.0,0.0,0.0,0.0,0.0,0.0,0.0,0.03,0,0,0,0,0,0,0,0,0,0,0,0,0,0,0,0,0,0,0,0,0
8.379156589508057,0,0.0,0.0,0.0,0.0,0.0,0.0,0.0,0.0,0.03,0,0,0,0,0,0,0,0,0,0,0,0,0,0,0,0,0,0,0,0,0
8.38045048713684,0,0.0,0.0,0.0,0.0,0.0,0.0,0.0,0.0,0.03,0,0,0,0,0,0,0,0,0,0,0,0,0,0,0,0,0,0,0,0,0
8.381513118743896,0,0.0,0.0,0.0,0.0,0.0,0.0,0.0,0.0,0.03,0,0,0,0,0,0,0,0,0,0,0,0,0,0,0,0,0,0,0,0,0
8.382600784301758,0,0.0,0.0,0.0,0.0,0.0,0.0,0.0,0.0,0.03,0,0,0,0,0,0,0,0,0,0,0,0,0,0,0,0,0,0,0,0,0
8.384220838546753,0,0.0,0.0,0.0,0.0,0.0,0.0,0.0,0.0,0.03,0,0,0,0,0,0,0,0,0,0,0,0,0,0,0,0,0,0,0,0,0
8.385624647140503,0,0.0,0.0,0.0,0.0,0.0,0.0,0.0,0.0,0.03,0,0,0,0,0,0,0,0,0,0,0,0,0,0,0,0,0,0,0,0,0
8.38676118850708,0,0.0,0.0,0.0,0.0,0.0,0.0,0.0,0.0,0.03,0,0,0,0,0,0,0,0,0,0,0,0,0,0,0,0,0,0,0,0,0
8.388046503067017,0,0.0,0.0,0.0,0.0,0.0,0.0,0.0,0.0,0.03,0,0,0,0,0,0,0,0,0,0,0,0,0,0,0,0,0,0,0,0,0
8.389287233352661,0,0.0,0.0,0.0,0.0,0.0,0.0,0.0,0.0,0.03,0,0,0,0,0,0,0,0,0,0,0,0,0,0,0,0,0,0,0,0,0
8.39038896560669,0,0.0,0.0,0.0,0.0,0.0,0.0,0.0,0.0,0.03,0,0,0,0,0,0,0,0,0,0,0,0,0,0,0,0,0,0,0,0,0
8.391552925109863,0,0.0,0.0,0.0,0.0,0.0,0.0,0.0,0.0,0.03,0,0,0,0,0,0,0,0,0,0,0,0,0,0,0,0,0,0,0,0,0
8.392656087875366,0,0.0,0.0,0.0,0.0,0.0,0.0,0.0,0.0,0.03,0,0,0,0,0,0,0,0,0,0,0,0,0,0,0,0,0,0,0,0,0
8.393816471099854,0,0.0,0.0,0.0,0.0,0.0,0.0,0.0,0.0,0.03,0,0,0,0,0,0,0,0,0,0,0,0,0,0,0,0,0,0,0,0,0
8.394985437393188,0,0.0,0.0,0.0,0.0,0.0,0.0,0.0,0.0,0.03,0,0,0,0,0,0,0,0,0,0,0,0,0,0,0,0,0,0,0,0,0
8.396047115325928,0,0.0,0.0,0.0,0.0,0.0,0.0,0.0,0.0,0.03,0,0,0,0,0,0,0,0,0,0,0,0,0,0,0,0,0,0,0,0,0
8.397250652313232,0,0.0,0.0,0.0,0.0,0.0,0.0,0.0,0.0,0.03,0,0,0,0,0,0,0,0,0,0,0,0,0,0,0,0,0,0,0,0,0
8.398992538452148,0,0.0,0.0,0.0,0.0,0.0,0.0,0.0,0.0,0.03,0,0,0,0,0,0,0,0,0,0,0,0,0,0,0,0,0,0,0,0,0
8.40046238899231,0,0.0,0.0,0.0,0.0,0.0,0.0,0.0,0.0,0.03,0,0,0,0,0,0,0,0,0,0,0,0,0,0,0,0,0,0,0,0,0
8.402626514434814,0,0.0,0.0,0.0,0.0,0.0,0.0,0.0,0.0,0.03,0,0,0,0,0,0,0,0,0,0,0,0,0,0,0,0,0,0,0,0,0
8.403823852539062,0,0.0,0.0,0.0,0.0,0.0,0.0,0.0,0.0,0.03,0,0,0,0,0,0,0,0,0,0,0,0,0,0,0,0,0,0,0,0,0
8.40595030784607,0,0.0,0.0,0.0,0.0,0.0,0.0,0.0,0.0,0.03,0,0,0,0,0,0,0,0,0,0,0,0,0,0,0,0,0,0,0,0,0
8.40712308883667,0,0.0,0.0,0.0,0.0,0.0,0.0,0.0,0.0,0.03,0,0,0,0,0,0,0,0,0,0,0,0,0,0,0,0,0,0,0,0,0
8.40821623802185,0,0.0,0.0,0.0,0.0,0.0,0.0,0.0,0.0,0.03,0,0,0,0,0,0,0,0,0,0,0,0,0,0,0,0,0,0,0,0,0
8.4093496799469,0,0.0,0.0,0.0,0.0,0.0,0.0,0.0,0.0,0.03,0,0,0,0,0,0,0,0,0,0,0,0,0,0,0,0,0,0,0,0,0
8.41054892539978,0,0.0,0.0,0.0,0.0,0.0,0.0,0.0,0.0,0.03,0,0,0,0,0,0,0,0,0,0,0,0,0,0,0,0,0,0,0,0,0
8.41168999671936,0,0.0,0.0,0.0,0.0,0.0,0.0,0.0,0.0,0.03,0,0,0,0,0,0,0,0,0,0,0,0,0,0,0,0,0,0,0,0,0
8.412992238998413,0,0.0,0.0,0.0,0.0,0.0,0.0,0.0,0.0,0.03,0,0,0,0,0,0,0,0,0,0,0,0,0,0,0,0,0,0,0,0,0
8.414088726043701,0,0.0,0.0,0.0,0.0,0.0,0.0,0.0,0.0,0.03,0,0,0,0,0,0,0,0,0,0,0,0,0,0,0,0,0,0,0,0,0
8.415220975875854,0,0.0,0.0,0.0,0.0,0.0,0.0,0.0,0.0,0.03,0,0,0,0,0,0,0,0,0,0,0,0,0,0,0,0,0,0,0,0,0
8.416680335998535,0,0.0,0.0,0.0,0.0,0.0,0.0,0.0,0.0,0.03,0,0,0,0,0,0,0,0,0,0,0,0,0,0,0,0,0,0,0,0,0
8.41802716255188,0,0.0,0.0,0.0,0.0,0.0,0.0,0.0,0.0,0.03,0,0,0,0,0,0,0,0,0,0,0,0,0,0,0,0,0,0,0,0,0
8.419892311096191,0,0.0,0.0,0.0,0.0,0.0,0.0,0.0,0.0,0.03,0,0,0,0,0,0,0,0,0,0,0,0,0,0,0,0,0,0,0,0,0
8.421377182006836,0,0.0,0.0,0.0,0.0,0.0,0.0,0.0,0.0,0.03,0,0,0,0,0,0,0,0,0,0,0,0,0,0,0,0,0,0,0,0,0
8.422722339630127,0,0.0,0.0,0.0,0.0,0.0,0.0,0.0,0.0,0.03,0,0,0,0,0,0,0,0,0,0,0,0,0,0,0,0,0,0,0,0,0
8.423805236816406,0,0.0,0.0,0.0,0.0,0.0,0.0,0.0,0.0,0.03,0,0,0,0,0,0,0,0,0,0,0,0,0,0,0,0,0,0,0,0,0
8.425933122634888,0,0.0,0.0,0.0,0.0,0.0,0.0,0.0,0.0,0.03,0,0,0,0,0,0,0,0,0,0,0,0,0,0,0,0,0,0,0,0,0
8.427148580551147,0,0.0,0.0,0.0,0.0,0.0,0.0,0.0,0.0,0.03,0,0,0,0,0,0,0,0,0,0,0,0,0,0,0,0,0,0,0,0,0
8.428237438201904,0,0.0,0.0,0.0,0.0,0.0,0.0,0.0,0.0,0.03,0,0,0,0,0,0,0,0,0,0,0,0,0,0,0,0,0,0,0,0,0
8.429997205734253,0,0.0,0.0,0.0,0.0,0.0,0.0,0.0,0.0,0.03,0,0,0,0,0,0,0,0,0,0,0,0,0,0,0,0,0,0,0,0,0
8.431064128875732,0,0.0,0.0,0.0,0.0,0.0,0.0,0.0,0.0,0.03,0,0,0,0,0,0,0,0,0,0,0,0,0,0,0,0,0,0,0,0,0
8.432151317596436,0,0.0,0.0,0.0,0.0,0.0,0.0,0.0,0.0,0.03,0,0,0,0,0,0,0,0,0,0,0,0,0,0,0,0,0,0,0,0,0
8.43474006652832,0,0.0,0.0,0.0,0.0,0.0,0.0,0.0,0.0,0.03,0,0,0,0,0,0,0,0,0,0,0,0,0,0,0,0,0,0,0,0,0
8.435840368270874,0,0.0,0.0,0.0,0.0,0.0,0.0,0.0,0.0,0.03,0,0,0,0,0,0,0,0,0,0,0,0,0,0,0,0,0,0,0,0,0
8.437665462493896,0,0.0,0.0,0.0,0.0,0.0,0.0,0.0,0.0,0.03,0,0,0,0,0,0,0,0,0,0,0,0,0,0,0,0,0,0,0,0,0
8.439858675003052,0,0.0,0.0,0.0,0.0,0.0,0.0,0.0,0.0,0.03,0,0,0,0,0,0,0,0,0,0,0,0,0,0,0,0,0,0,0,0,0
8.44139289855957,0,0.0,0.0,0.0,0.0,0.0,0.0,0.0,0.0,0.03,0,0,0,0,0,0,0,0,0,0,0,0,0,0,0,0,0,0,0,0,0
8.443371295928955,0,0.0,0.0,0.0,0.0,0.0,0.0,0.0,0.0,0.03,0,0,0,0,0,0,0,0,0,0,0,0,0,0,0,0,0,0,0,0,0
8.444847822189331,0,0.0,0.0,0.0,0.0,0.0,0.0,0.0,0.0,0.03,0,0,0,0,0,0,0,0,0,0,0,0,0,0,0,0,0,0,0,0,0
8.44645380973816,0,0.0,0.0,0.0,0.0,0.0,0.0,0.0,0.0,0.03,0,0,0,0,0,0,0,0,0,0,0,0,0,0,0,0,0,0,0,0,0
8.447954177856445,0,0.0,0.0,0.0,0.0,0.0,0.0,0.0,0.0,0.03,0,0,0,0,0,0,0,0,0,0,0,0,0,0,0,0,0,0,0,0,0
8.449360370635986,0,0.0,0.0,0.0,0.0,0.0,0.0,0.0,0.0,0.03,0,0,0,0,0,0,0,0,0,0,0,0,0,0,0,0,0,0,0,0,0
8.451730251312256,0,0.0,0.0,0.0,0.0,0.0,0.0,0.0,0.0,0.03,0,0,0,0,0,0,0,0,0,0,0,0,0,0,0,0,0,0,0,0,0
8.453084468841553,0,0.0,0.0,0.0,0.0,0.0,0.0,0.0,0.0,0.03,0,0,0,0,0,0,0,0,0,0,0,0,0,0,0,0,0,0,0,0,0
8.454186201095581,0,0.0,0.0,0.0,0.0,0.0,0.0,0.0,0.0,0.03,0,0,0,0,0,0,0,0,0,0,0,0,0,0,0,0,0,0,0,0,0
8.455334186553955,0,0.0,0.0,0.0,0.0,0.0,0.0,0.0,0.0,0.03,0,0,0,0,0,0,0,0,0,0,0,0,0,0,0,0,0,0,0,0,0
8.456482648849487,0,0.0,0.0,0.0,0.0,0.0,0.0,0.0,0.0,0.03,0,0,0,0,0,0,0,0,0,0,0,0,0,0,0,0,0,0,0,0,0
8.457748174667358,0,0.0,0.0,0.0,0.0,0.0,0.0,0.0,0.0,0.03,0,0,0,0,0,0,0,0,0,0,0,0,0,0,0,0,0,0,0,0,0
8.459051609039307,0,0.0,0.0,0.0,0.0,0.0,0.0,0.0,0.0,0.03,0,0,0,0,0,0,0,0,0,0,0,0,0,0,0,0,0,0,0,0,0
8.460205316543579,0,0.0,0.0,0.0,0.0,0.0,0.0,0.0,0.0,0.03,0,0,0,0,0,0,0,0,0,0,0,0,0,0,0,0,0,0,0,0,0
8.46143651008606,0,0.0,0.0,0.0,0.0,0.0,0.0,0.0,0.0,0.03,0,0,0,0,0,0,0,0,0,0,0,0,0,0,0,0,0,0,0,0,0
8.46320128440857,0,0.0,0.0,0.0,0.0,0.0,0.0,0.0,0.0,0.03,0,0,0,0,0,0,0,0,0,0,0,0,0,0,0,0,0,0,0,0,0
8.464751482009888,0,0.0,0.0,0.0,0.0,0.0,0.0,0.0,0.0,0.03,0,0,0,0,0,0,0,0,0,0,0,0,0,0,0,0,0,0,0,0,0
8.466166973114014,0,0.0,0.0,0.0,0.0,0.0,0.0,0.0,0.0,0.03,0,0,0,0,0,0,0,0,0,0,0,0,0,0,0,0,0,0,0,0,0
8.467287063598633,0,0.0,0.0,0.0,0.0,0.0,0.0,0.0,0.0,0.03,0,0,0,0,0,0,0,0,0,0,0,0,0,0,0,0,0,0,0,0,0
8.468526601791382,0,0.0,0.0,0.0,0.0,0.0,0.0,0.0,0.0,0.03,0,0,0,0,0,0,0,0,0,0,0,0,0,0,0,0,0,0,0,0,0
8.470280647277832,0,0.0,0.0,0.0,0.0,0.0,0.0,0.0,0.0,0.03,0,0,0,0,0,0,0,0,0,0,0,0,0,0,0,0,0,0,0,0,0
8.471497058868408,0,0.0,0.0,0.0,0.0,0.0,0.0,0.0,0.0,0.03,0,0,0,0,0,0,0,0,0,0,0,0,0,0,0,0,0,0,0,0,0
8.473084449768066,0,0.0,0.0,0.0,0.0,0.0,0.0,0.0,0.0,0.03,0,0,0,0,0,0,0,0,0,0,0,0,0,0,0,0,0,0,0,0,0
8.474244117736816,0,0.0,0.0,0.0,0.0,0.0,0.0,0.0,0.0,0.03,0,0,0,0,0,0,0,0,0,0,0,0,0,0,0,0,0,0,0,0,0
8.475611925125122,0,0.0,0.0,0.0,0.0,0.0,0.0,0.0,0.0,0.03,0,0,0,0,0,0,0,0,0,0,0,0,0,0,0,0,0,0,0,0,0
8.476707696914673,0,0.0,0.0,0.0,0.0,0.0,0.0,0.0,0.0,0.03,0,0,0,0,0,0,0,0,0,0,0,0,0,0,0,0,0,0,0,0,0
8.477903127670288,0,0.0,0.0,0.0,0.0,0.0,0.0,0.0,0.0,0.03,0,0,0,0,0,0,0,0,0,0,0,0,0,0,0,0,0,0,0,0,0
8.479183673858643,0,0.0,0.0,0.0,0.0,0.0,0.0,0.0,0.0,0.03,0,0,0,0,0,0,0,0,0,0,0,0,0,0,0,0,0,0,0,0,0
8.4802725315094,0,0.0,0.0,0.0,0.0,0.0,0.0,0.0,0.0,0.03,0,0,0,0,0,0,0,0,0,0,0,0,0,0,0,0,0,0,0,0,0
8.481469869613647,0,0.0,0.0,0.0,0.0,0.0,0.0,0.0,0.0,0.03,0,0,0,0,0,0,0,0,0,0,0,0,0,0,0,0,0,0,0,0,0
8.483201026916504,0,0.0,0.0,0.0,0.0,0.0,0.0,0.0,0.0,0.03,0,0,0,0,0,0,0,0,0,0,0,0,0,0,0,0,0,0,0,0,0
8.484737873077393,0,0.0,0.0,0.0,0.0,0.0,0.0,0.0,0.0,0.03,0,0,0,0,0,0,0,0,0,0,0,0,0,0,0,0,0,0,0,0,0
8.48604130744934,0,0.0,0.0,0.0,0.0,0.0,0.0,0.0,0.0,0.03,0,0,0,0,0,0,0,0,0,0,0,0,0,0,0,0,0,0,0,0,0
8.48737621307373,0,0.0,0.0,0.0,0.0,0.0,0.0,0.0,0.0,0.03,0,0,0,0,0,0,0,0,0,0,0,0,0,0,0,0,0,0,0,0,0
8.48862075805664,0,0.0,0.0,0.0,0.0,0.0,0.0,0.0,0.0,0.03,0,0,0,0,0,0,0,0,0,0,0,0,0,0,0,0,0,0,0,0,0
8.489737749099731,0,0.0,0.0,0.0,0.0,0.0,0.0,0.0,0.0,0.03,0,0,0,0,0,0,0,0,0,0,0,0,0,0,0,0,0,0,0,0,0
8.491196870803833,0,0.0,0.0,0.0,0.0,0.0,0.0,0.0,0.0,0.03,0,0,0,0,0,0,0,0,0,0,0,0,0,0,0,0,0,0,0,0,0
8.4923574924469,0,0.0,0.0,0.0,0.0,0.0,0.0,0.0,0.0,0.03,0,0,0,0,0,0,0,0,0,0,0,0,0,0,0,0,0,0,0,0,0
8.493730783462524,0,0.0,0.0,0.0,0.0,0.0,0.0,0.0,0.0,0.03,0,0,0,0,0,0,0,0,0,0,0,0,0,0,0,0,0,0,0,0,0
8.495325565338135,0,0.0,0.0,0.0,0.0,0.0,0.0,0.0,0.0,0.03,0,0,0,0,0,0,0,0,0,0,0,0,0,0,0,0,0,0,0,0,0
8.496416568756104,0,0.0,0.0,0.0,0.0,0.0,0.0,0.0,0.0,0.03,0,0,0,0,0,0,0,0,0,0,0,0,0,0,0,0,0,0,0,0,0
8.499225854873657,0,0.0,0.0,0.0,0.0,0.0,0.0,0.0,0.0,0.03,0,0,0,0,0,0,0,0,0,0,0,0,0,0,0,0,0,0,0,0,0
8.500324010848999,0,0.0,0.0,0.0,0.0,0.0,0.0,0.0,0.0,0.03,0,0,0,0,0,0,0,0,0,0,0,0,0,0,0,0,0,0,0,0,0
8.502182483673096,0,0.0,0.0,0.0,0.0,0.0,0.0,0.0,0.0,0.03,0,0,0,0,0,0,0,0,0,0,0,0,0,0,0,0,0,0,0,0,0
8.503849983215332,0,0.0,0.0,0.0,0.0,0.0,0.0,0.0,0.0,0.03,0,0,0,0,0,0,0,0,0,0,0,0,0,0,0,0,0,0,0,0,0
8.505761623382568,0,0.0,0.0,0.0,0.0,0.0,0.0,0.0,0.0,0.03,0,0,0,0,0,0,0,0,0,0,0,0,0,0,0,0,0,0,0,0,0
8.5069260597229,0,0.0,0.0,0.0,0.0,0.0,0.0,0.0,0.0,0.03,0,0,0,0,0,0,0,0,0,0,0,0,0,0,0,0,0,0,0,0,0
8.508389949798584,0,0.0,0.0,0.0,0.0,0.0,0.0,0.0,0.0,0.03,0,0,0,0,0,0,0,0,0,0,0,0,0,0,0,0,0,0,0,0,0
8.510553359985352,0,0.0,0.0,0.0,0.0,0.0,0.0,0.0,0.0,0.03,0,0,0,0,0,0,0,0,0,0,0,0,0,0,0,0,0,0,0,0,0
8.511829137802124,0,0.0,0.0,0.0,0.0,0.0,0.0,0.0,0.0,0.03,0,0,0,0,0,0,0,0,0,0,0,0,0,0,0,0,0,0,0,0,0
8.513020753860474,0,0.0,0.0,0.0,0.0,0.0,0.0,0.0,0.0,0.03,0,0,0,0,0,0,0,0,0,0,0,0,0,0,0,0,0,0,0,0,0
8.514235973358154,0,0.0,0.0,0.0,0.0,0.0,0.0,0.0,0.0,0.03,0,0,0,0,0,0,0,0,0,0,0,0,0,0,0,0,0,0,0,0,0
8.516407489776611,0,0.0,0.0,0.0,0.0,0.0,0.0,0.0,0.0,0.03,0,0,0,0,0,0,0,0,0,0,0,0,0,0,0,0,0,0,0,0,0
8.517789840698242,0,0.0,0.0,0.0,0.0,0.0,0.0,0.0,0.0,0.03,0,0,0,0,0,0,0,0,0,0,0,0,0,0,0,0,0,0,0,0,0
8.519025325775146,0,0.0,0.0,0.0,0.0,0.0,0.0,0.0,0.0,0.03,0,0,0,0,0,0,0,0,0,0,0,0,0,0,0,0,0,0,0,0,0
8.520157814025879,0,0.0,0.0,0.0,0.0,0.0,0.0,0.0,0.0,0.03,0,0,0,0,0,0,0,0,0,0,0,0,0,0,0,0,0,0,0,0,0
8.521297454833984,0,0.0,0.0,0.0,0.0,0.0,0.0,0.0,0.0,0.03,0,0,0,0,0,0,0,0,0,0,0,0,0,0,0,0,0,0,0,0,0
8.522467374801636,0,0.0,0.0,0.0,0.0,0.0,0.0,0.0,0.0,0.03,0,0,0,0,0,0,0,0,0,0,0,0,0,0,0,0,0,0,0,0,0
8.523555994033813,0,0.0,0.0,0.0,0.0,0.0,0.0,0.0,0.0,0.03,0,0,0,0,0,0,0,0,0,0,0,0,0,0,0,0,0,0,0,0,0
8.524940729141235,0,0.0,0.0,0.0,0.0,0.0,0.0,0.0,0.0,0.03,0,0,0,0,0,0,0,0,0,0,0,0,0,0,0,0,0,0,0,0,0
8.527568817138672,0,0.0,0.0,0.0,0.0,0.0,0.0,0.0,0.0,0.03,0,0,0,0,0,0,0,0,0,0,0,0,0,0,0,0,0,0,0,0,0
8.530512809753418,0,0.0,0.0,0.0,0.0,0.0,0.0,0.0,0.0,0.03,0,0,0,0,0,0,0,0,0,0,0,0,0,0,0,0,0,0,0,0,0
8.531699180603027,0,0.0,0.0,0.0,0.0,0.0,0.0,0.0,0.0,0.03,0,0,0,0,0,0,0,0,0,0,0,0,0,0,0,0,0,0,0,0,0
8.532895803451538,0,0.0,0.0,0.0,0.0,0.0,0.0,0.0,0.0,0.03,0,0,0,0,0,0,0,0,0,0,0,0,0,0,0,0,0,0,0,0,0
8.534822463989258,0,0.0,0.0,0.0,0.0,0.0,0.0,0.0,0.0,0.03,0,0,0,0,0,0,0,0,0,0,0,0,0,0,0,0,0,0,0,0,0
8.535904169082642,0,0.0,0.0,0.0,0.0,0.0,0.0,0.0,0.0,0.03,0,0,0,0,0,0,0,0,0,0,0,0,0,0,0,0,0,0,0,0,0
8.53720474243164,0,0.0,0.0,0.0,0.0,0.0,0.0,0.0,0.0,0.03,0,0,0,0,0,0,0,0,0,0,0,0,0,0,0,0,0,0,0,0,0
8.538384914398193,0,0.0,0.0,0.0,0.0,0.0,0.0,0.0,0.0,0.03,0,0,0,0,0,0,0,0,0,0,0,0,0,0,0,0,0,0,0,0,0
8.539659261703491,0,0.0,0.0,0.0,0.0,0.0,0.0,0.0,0.0,0.03,0,0,0,0,0,0,0,0,0,0,0,0,0,0,0,0,0,0,0,0,0
8.540850639343262,0,0.0,0.0,0.0,0.0,0.0,0.0,0.0,0.0,0.03,0,0,0,0,0,0,0,0,0,0,0,0,0,0,0,0,0,0,0,0,0
8.542045593261719,0,0.0,0.0,0.0,0.0,0.0,0.0,0.0,0.0,0.03,0,0,0,0,0,0,0,0,0,0,0,0,0,0,0,0,0,0,0,0,0
8.543200016021729,0,0.0,0.0,0.0,0.0,0.0,0.0,0.0,0.0,0.03,0,0,0,0,0,0,0,0,0,0,0,0,0,0,0,0,0,0,0,0,0
8.544281244277954,0,0.0,0.0,0.0,0.0,0.0,0.0,0.0,0.0,0.03,0,0,0,0,0,0,0,0,0,0,0,0,0,0,0,0,0,0,0,0,0
8.546258926391602,0,0.0,0.0,0.0,0.0,0.0,0.0,0.0,0.0,0.03,0,0,0,0,0,0,0,0,0,0,0,0,0,0,0,0,0,0,0,0,0
8.547379732131958,0,0.0,0.0,0.0,0.0,0.0,0.0,0.0,0.0,0.03,0,0,0,0,0,0,0,0,0,0,0,0,0,0,0,0,0,0,0,0,0
8.549652814865112,0,0.0,0.0,0.0,0.0,0.0,0.0,0.0,0.0,0.03,0,0,0,0,0,0,0,0,0,0,0,0,0,0,0,0,0,0,0,0,0
8.550942182540894,0,0.0,0.0,0.0,0.0,0.0,0.0,0.0,0.0,0.03,0,0,0,0,0,0,0,0,0,0,0,0,0,0,0,0,0,0,0,0,0
8.552258968353271,0,0.0,0.0,0.0,0.0,0.0,0.0,0.0,0.0,0.03,0,0,0,0,0,0,0,0,0,0,0,0,0,0,0,0,0,0,0,0,0
8.554145336151123,0,0.0,0.0,0.0,0.0,0.0,0.0,0.0,0.0,0.03,0,0,0,0,0,0,0,0,0,0,0,0,0,0,0,0,0,0,0,0,0
8.555285453796387,0,0.0,0.0,0.0,0.0,0.0,0.0,0.0,0.0,0.03,0,0,0,0,0,0,0,0,0,0,0,0,0,0,0,0,0,0,0,0,0
8.556361675262451,0,0.0,0.0,0.0,0.0,0.0,0.0,0.0,0.0,0.03,0,0,0,0,0,0,0,0,0,0,0,0,0,0,0,0,0,0,0,0,0
8.557544231414795,0,0.0,0.0,0.0,0.0,0.0,0.0,0.0,0.0,0.03,0,0,0,0,0,0,0,0,0,0,0,0,0,0,0,0,0,0,0,0,0
8.558871507644653,0,0.0,0.0,0.0,0.0,0.0,0.0,0.0,0.0,0.03,0,0,0,0,0,0,0,0,0,0,0,0,0,0,0,0,0,0,0,0,0
8.562014818191528,0,0.0,0.0,0.0,0.0,0.0,0.0,0.0,0.0,0.03,0,0,0,0,0,0,0,0,0,0,0,0,0,0,0,0,0,0,0,0,0
8.563108444213867,0,0.0,0.0,0.0,0.0,0.0,0.0,0.0,0.0,0.03,0,0,0,0,0,0,0,0,0,0,0,0,0,0,0,0,0,0,0,0,0
8.564216136932373,0,0.0,0.0,0.0,0.0,0.0,0.0,0.0,0.0,0.03,0,0,0,0,0,0,0,0,0,0,0,0,0,0,0,0,0,0,0,0,0
8.566272258758545,0,0.0,0.0,0.0,0.0,0.0,0.0,0.0,0.0,0.03,0,0,0,0,0,0,0,0,0,0,0,0,0,0,0,0,0,0,0,0,0
8.568489789962769,0,0.0,0.0,0.0,0.0,0.0,0.0,0.0,0.0,0.03,0,0,0,0,0,0,0,0,0,0,0,0,0,0,0,0,0,0,0,0,0
8.57023572921753,0,0.0,0.0,0.0,0.0,0.0,0.0,0.0,0.0,0.03,0,0,0,0,0,0,0,0,0,0,0,0,0,0,0,0,0,0,0,0,0
8.57168436050415,0,0.0,0.0,0.0,0.0,0.0,0.0,0.0,0.0,0.03,0,0,0,0,0,0,0,0,0,0,0,0,0,0,0,0,0,0,0,0,0
8.572974681854248,0,0.0,0.0,0.0,0.0,0.0,0.0,0.0,0.0,0.03,0,0,0,0,0,0,0,0,0,0,0,0,0,0,0,0,0,0,0,0,0
8.574084758758545,0,0.0,0.0,0.0,0.0,0.0,0.0,0.0,0.0,0.03,0,0,0,0,0,0,0,0,0,0,0,0,0,0,0,0,0,0,0,0,0
8.575429677963257,0,0.0,0.0,0.0,0.0,0.0,0.0,0.0,0.0,0.03,0,0,0,0,0,0,0,0,0,0,0,0,0,0,0,0,0,0,0,0,0
8.576552867889404,0,0.0,0.0,0.0,0.0,0.0,0.0,0.0,0.0,0.03,0,0,0,0,0,0,0,0,0,0,0,0,0,0,0,0,0,0,0,0,0
8.578556060791016,0,0.0,0.0,0.0,0.0,0.0,0.0,0.0,0.0,0.03,0,0,0,0,0,0,0,0,0,0,0,0,0,0,0,0,0,0,0,0,0
8.57987117767334,0,0.0,0.0,0.0,0.0,0.0,0.0,0.0,0.0,0.03,0,0,0,0,0,0,0,0,0,0,0,0,0,0,0,0,0,0,0,0,0
8.58110237121582,0,0.0,0.0,0.0,0.0,0.0,0.0,0.0,0.0,0.03,0,0,0,0,0,0,0,0,0,0,0,0,0,0,0,0,0,0,0,0,0
8.582236528396606,0,0.0,0.0,0.0,0.0,0.0,0.0,0.0,0.0,0.03,0,0,0,0,0,0,0,0,0,0,0,0,0,0,0,0,0,0,0,0,0
8.583338260650635,0,0.0,0.0,0.0,0.0,0.0,0.0,0.0,0.0,0.03,0,0,0,0,0,0,0,0,0,0,0,0,0,0,0,0,0,0,0,0,0
8.584464311599731,0,0.0,0.0,0.0,0.0,0.0,0.0,0.0,0.0,0.03,0,0,0,0,0,0,0,0,0,0,0,0,0,0,0,0,0,0,0,0,0
8.585504531860352,0,0.0,0.0,0.0,0.0,0.0,0.0,0.0,0.0,0.03,0,0,0,0,0,0,0,0,0,0,0,0,0,0,0,0,0,0,0,0,0
8.586788654327393,0,0.0,0.0,0.0,0.0,0.0,0.0,0.0,0.0,0.03,0,0,0,0,0,0,0,0,0,0,0,0,0,0,0,0,0,0,0,0,0
8.587984323501587,0,0.0,0.0,0.0,0.0,0.0,0.0,0.0,0.0,0.03,0,0,0,0,0,0,0,0,0,0,0,0,0,0,0,0,0,0,0,0,0
8.589322805404663,0,0.0,0.0,0.0,0.0,0.0,0.0,0.0,0.0,0.03,0,0,0,0,0,0,0,0,0,0,0,0,0,0,0,0,0,0,0,0,0
8.591954708099365,0,0.0,0.0,0.0,0.0,0.0,0.0,0.0,0.0,0.03,0,0,0,0,0,0,0,0,0,0,0,0,0,0,0,0,0,0,0,0,0
8.593215227127075,0,0.0,0.0,0.0,0.0,0.0,0.0,0.0,0.0,0.03,0,0,0,0,0,0,0,0,0,0,0,0,0,0,0,0,0,0,0,0,0
8.594497203826904,0,0.0,0.0,0.0,0.0,0.0,0.0,0.0,0.0,0.03,0,0,0,0,0,0,0,0,0,0,0,0,0,0,0,0,0,0,0,0,0
8.596093893051147,0,0.0,0.0,0.0,0.0,0.0,0.0,0.0,0.0,0.03,0,0,0,0,0,0,0,0,0,0,0,0,0,0,0,0,0,0,0,0,0
8.597402811050415,0,0.0,0.0,0.0,0.0,0.0,0.0,0.0,0.0,0.03,0,0,0,0,0,0,0,0,0,0,0,0,0,0,0,0,0,0,0,0,0
8.598520517349243,0,0.0,0.0,0.0,0.0,0.0,0.0,0.0,0.0,0.03,0,0,0,0,0,0,0,0,0,0,0,0,0,0,0,0,0,0,0,0,0
8.600547552108765,0,0.0,0.0,0.0,0.0,0.0,0.0,0.0,0.0,0.03,0,0,0,0,0,0,0,0,0,0,0,0,0,0,0,0,0,0,0,0,0
8.601665258407593,0,0.0,0.0,0.0,0.0,0.0,0.0,0.0,0.0,0.03,0,0,0,0,0,0,0,0,0,0,0,0,0,0,0,0,0,0,0,0,0
8.60297417640686,0,0.0,0.0,0.0,0.0,0.0,0.0,0.0,0.0,0.03,0,0,0,0,0,0,0,0,0,0,0,0,0,0,0,0,0,0,0,0,0
8.60414743423462,0,0.0,0.0,0.0,0.0,0.0,0.0,0.0,0.0,0.03,0,0,0,0,0,0,0,0,0,0,0,0,0,0,0,0,0,0,0,0,0
8.605587244033813,0,0.0,0.0,0.0,0.0,0.0,0.0,0.0,0.0,0.03,0,0,0,0,0,0,0,0,0,0,0,0,0,0,0,0,0,0,0,0,0
8.606876134872437,0,0.0,0.0,0.0,0.0,0.0,0.0,0.0,0.0,0.03,0,0,0,0,0,0,0,0,0,0,0,0,0,0,0,0,0,0,0,0,0
8.6092848777771,0,0.0,0.0,0.0,0.0,0.0,0.0,0.0,0.0,0.03,0,0,0,0,0,0,0,0,0,0,0,0,0,0,0,0,0,0,0,0,0
8.611181020736694,0,0.0,0.0,0.0,0.0,0.0,0.0,0.0,0.0,0.03,0,0,0,0,0,0,0,0,0,0,0,0,0,0,0,0,0,0,0,0,0
8.612577438354492,0,0.0,0.0,0.0,0.0,0.0,0.0,0.0,0.0,0.03,0,0,0,0,0,0,0,0,0,0,0,0,0,0,0,0,0,0,0,0,0
8.61392617225647,0,0.0,0.0,0.0,0.0,0.0,0.0,0.0,0.0,0.03,0,0,0,0,0,0,0,0,0,0,0,0,0,0,0,0,0,0,0,0,0
8.61526894569397,0,0.0,0.0,0.0,0.0,0.0,0.0,0.0,0.0,0.03,0,0,0,0,0,0,0,0,0,0,0,0,0,0,0,0,0,0,0,0,0
8.617057085037231,0,0.0,0.0,0.0,0.0,0.0,0.0,0.0,0.0,0.03,0,0,0,0,0,0,0,0,0,0,0,0,0,0,0,0,0,0,0,0,0
8.61821460723877,0,0.0,0.0,0.0,0.0,0.0,0.0,0.0,0.0,0.03,0,0,0,0,0,0,0,0,0,0,0,0,0,0,0,0,0,0,0,0,0
8.619457006454468,0,0.0,0.0,0.0,0.0,0.0,0.0,0.0,0.0,0.03,0,0,0,0,0,0,0,0,0,0,0,0,0,0,0,0,0,0,0,0,0
8.620843410491943,0,0.0,0.0,0.0,0.0,0.0,0.0,0.0,0.0,0.03,0,0,0,0,0,0,0,0,0,0,0,0,0,0,0,0,0,0,0,0,0
8.621938943862915,0,0.0,0.0,0.0,0.0,0.0,0.0,0.0,0.0,0.03,0,0,0,0,0,0,0,0,0,0,0,0,0,0,0,0,0,0,0,0,0
8.625041484832764,0,0.0,0.0,0.0,0.0,0.0,0.0,0.0,0.0,0.03,0,0,0,0,0,0,0,0,0,0,0,0,0,0,0,0,0,0,0,0,0
8.626232147216797,0,0.0,0.0,0.0,0.0,0.0,0.0,0.0,0.0,0.03,0,0,0,0,0,0,0,0,0,0,0,0,0,0,0,0,0,0,0,0,0
8.627800941467285,0,0.0,0.0,0.0,0.0,0.0,0.0,0.0,0.0,0.03,0,0,0,0,0,0,0,0,0,0,0,0,0,0,0,0,0,0,0,0,0
8.629866361618042,0,0.0,0.0,0.0,0.0,0.0,0.0,0.0,0.0,0.03,0,0,0,0,0,0,0,0,0,0,0,0,0,0,0,0,0,0,0,0,0
8.631546020507812,0,0.0,0.0,0.0,0.0,0.0,0.0,0.0,0.0,0.03,0,0,0,0,0,0,0,0,0,0,0,0,0,0,0,0,0,0,0,0,0
8.633195161819458,0,0.0,0.0,0.0,0.0,0.0,0.0,0.0,0.0,0.03,0,0,0,0,0,0,0,0,0,0,0,0,0,0,0,0,0,0,0,0,0
8.634548902511597,0,0.0,0.0,0.0,0.0,0.0,0.0,0.0,0.0,0.03,0,0,0,0,0,0,0,0,0,0,0,0,0,0,0,0,0,0,0,0,0
8.636075973510742,0,0.0,0.0,0.0,0.0,0.0,0.0,0.0,0.0,0.03,0,0,0,0,0,0,0,0,0,0,0,0,0,0,0,0,0,0,0,0,0
8.637333393096924,0,0.0,0.0,0.0,0.0,0.0,0.0,0.0,0.0,0.03,0,0,0,0,0,0,0,0,0,0,0,0,0,0,0,0,0,0,0,0,0
8.638469934463501,0,0.0,0.0,0.0,0.0,0.0,0.0,0.0,0.0,0.03,0,0,0,0,0,0,0,0,0,0,0,0,0,0,0,0,0,0,0,0,0
8.639650583267212,0,0.0,0.0,0.0,0.0,0.0,0.0,0.0,0.0,0.03,0,0,0,0,0,0,0,0,0,0,0,0,0,0,0,0,0,0,0,0,0
8.641441583633423,0,0.0,0.0,0.0,0.0,0.0,0.0,0.0,0.0,0.03,0,0,0,0,0,0,0,0,0,0,0,0,0,0,0,0,0,0,0,0,0
8.642865896224976,0,0.0,0.0,0.0,0.0,0.0,0.0,0.0,0.0,0.03,0,0,0,0,0,0,0,0,0,0,0,0,0,0,0,0,0,0,0,0,0
8.644067287445068,0,0.0,0.0,0.0,0.0,0.0,0.0,0.0,0.0,0.03,0,0,0,0,0,0,0,0,0,0,0,0,0,0,0,0,0,0,0,0,0
8.645154237747192,0,0.0,0.0,0.0,0.0,0.0,0.0,0.0,0.0,0.03,0,0,0,0,0,0,0,0,0,0,0,0,0,0,0,0,0,0,0,0,0
8.646317720413208,0,0.0,0.0,0.0,0.0,0.0,0.0,0.0,0.0,0.03,0,0,0,0,0,0,0,0,0,0,0,0,0,0,0,0,0,0,0,0,0
8.647446870803833,0,0.0,0.0,0.0,0.0,0.0,0.0,0.0,0.0,0.03,0,0,0,0,0,0,0,0,0,0,0,0,0,0,0,0,0,0,0,0,0
8.648508071899414,0,0.0,0.0,0.0,0.0,0.0,0.0,0.0,0.0,0.03,0,0,0,0,0,0,0,0,0,0,0,0,0,0,0,0,0,0,0,0,0
8.649714946746826,0,0.0,0.0,0.0,0.0,0.0,0.0,0.0,0.0,0.03,0,0,0,0,0,0,0,0,0,0,0,0,0,0,0,0,0,0,0,0,0
8.651853084564209,0,0.0,0.0,0.0,0.0,0.0,0.0,0.0,0.0,0.03,0,0,0,0,0,0,0,0,0,0,0,0,0,0,0,0,0,0,0,0,0
8.653502941131592,0,0.0,0.0,0.0,0.0,0.0,0.0,0.0,0.0,0.03,0,0,0,0,0,0,0,0,0,0,0,0,0,0,0,0,0,0,0,0,0
8.6545729637146,0,0.0,0.0,0.0,0.0,0.0,0.0,0.0,0.0,0.03,0,0,0,0,0,0,0,0,0,0,0,0,0,0,0,0,0,0,0,0,0
8.655892848968506,0,0.0,0.0,0.0,0.0,0.0,0.0,0.0,0.0,0.03,0,0,0,0,0,0,0,0,0,0,0,0,0,0,0,0,0,0,0,0,0
8.65770936012268,0,0.0,0.0,0.0,0.0,0.0,0.0,0.0,0.0,0.03,0,0,0,0,0,0,0,0,0,0,0,0,0,0,0,0,0,0,0,0,0
8.660039186477661,0,0.0,0.0,0.0,0.0,0.0,0.0,0.0,0.0,0.03,0,0,0,0,0,0,0,0,0,0,0,0,0,0,0,0,0,0,0,0,0
8.66115427017212,0,0.0,0.0,0.0,0.0,0.0,0.0,0.0,0.0,0.03,0,0,0,0,0,0,0,0,0,0,0,0,0,0,0,0,0,0,0,0,0
8.663028240203857,0,0.0,0.0,0.0,0.0,0.0,0.0,0.0,0.0,0.03,0,0,0,0,0,0,0,0,0,0,0,0,0,0,0,0,0,0,0,0,0
8.664409160614014,0,0.0,0.0,0.0,0.0,0.0,0.0,0.0,0.0,0.03,0,0,0,0,0,0,0,0,0,0,0,0,0,0,0,0,0,0,0,0,0
8.665751934051514,0,0.0,0.0,0.0,0.0,0.0,0.0,0.0,0.0,0.03,0,0,0,0,0,0,0,0,0,0,0,0,0,0,0,0,0,0,0,0,0
8.666946649551392,0,0.0,0.0,0.0,0.0,0.0,0.0,0.0,0.0,0.03,0,0,0,0,0,0,0,0,0,0,0,0,0,0,0,0,0,0,0,0,0
8.668306112289429,0,0.0,0.0,0.0,0.0,0.0,0.0,0.0,0.0,0.03,0,0,0,0,0,0,0,0,0,0,0,0,0,0,0,0,0,0,0,0,0
8.669391870498657,0,0.0,0.0,0.0,0.0,0.0,0.0,0.0,0.0,0.03,0,0,0,0,0,0,0,0,0,0,0,0,0,0,0,0,0,0,0,0,0
8.671211242675781,0,0.0,0.0,0.0,0.0,0.0,0.0,0.0,0.0,0.03,0,0,0,0,0,0,0,0,0,0,0,0,0,0,0,0,0,0,0,0,0
8.675566673278809,0,0.0,0.0,0.0,0.0,0.0,0.0,0.0,0.0,0.03,0,0,0,0,0,0,0,0,0,0,0,0,0,0,0,0,0,0,0,0,0
8.6766939163208,0,0.0,0.0,0.0,0.0,0.0,0.0,0.0,0.0,0.03,0,0,0,0,0,0,0,0,0,0,0,0,0,0,0,0,0,0,0,0,0
8.678170680999756,0,0.0,0.0,0.0,0.0,0.0,0.0,0.0,0.0,0.03,0,0,0,0,0,0,0,0,0,0,0,0,0,0,0,0,0,0,0,0,0
8.679333686828613,0,0.0,0.0,0.0,0.0,0.0,0.0,0.0,0.0,0.03,0,0,0,0,0,0,0,0,0,0,0,0,0,0,0,0,0,0,0,0,0
8.680532455444336,0,0.0,0.0,0.0,0.0,0.0,0.0,0.0,0.0,0.03,0,0,0,0,0,0,0,0,0,0,0,0,0,0,0,0,0,0,0,0,0
8.681622505187988,0,0.0,0.0,0.0,0.0,0.0,0.0,0.0,0.0,0.03,0,0,0,0,0,0,0,0,0,0,0,0,0,0,0,0,0,0,0,0,0
8.68356990814209,0,0.0,0.0,0.0,0.0,0.0,0.0,0.0,0.0,0.03,0,0,0,0,0,0,0,0,0,0,0,0,0,0,0,0,0,0,0,0,0
8.684979677200317,0,0.0,0.0,0.0,0.0,0.0,0.0,0.0,0.0,0.03,0,0,0,0,0,0,0,0,0,0,0,0,0,0,0,0,0,0,0,0,0
8.688122034072876,0,0.0,0.0,0.0,0.0,0.0,0.0,0.0,0.0,0.03,0,0,0,0,0,0,0,0,0,0,0,0,0,0,0,0,0,0,0,0,0
8.689462900161743,0,0.0,0.0,0.0,0.0,0.0,0.0,0.0,0.0,0.03,0,0,0,0,0,0,0,0,0,0,0,0,0,0,0,0,0,0,0,0,0
8.690993309020996,0,0.0,0.0,0.0,0.0,0.0,0.0,0.0,0.0,0.03,0,0,0,0,0,0,0,0,0,0,0,0,0,0,0,0,0,0,0,0,0
8.692813634872437,0,0.0,0.0,0.0,0.0,0.0,0.0,0.0,0.0,0.03,0,0,0,0,0,0,0,0,0,0,0,0,0,0,0,0,0,0,0,0,0
8.695161819458008,0,0.0,0.0,0.0,0.0,0.0,0.0,0.0,0.0,0.03,0,0,0,0,0,0,0,0,0,0,0,0,0,0,0,0,0,0,0,0,0
8.696750164031982,0,0.0,0.0,0.0,0.0,0.0,0.0,0.0,0.0,0.03,0,0,0,0,0,0,0,0,0,0,0,0,0,0,0,0,0,0,0,0,0
8.698095083236694,0,0.0,0.0,0.0,0.0,0.0,0.0,0.0,0.0,0.03,0,0,0,0,0,0,0,0,0,0,0,0,0,0,0,0,0,0,0,0,0
8.699787378311157,0,0.0,0.0,0.0,0.0,0.0,0.0,0.0,0.0,0.03,0,0,0,0,0,0,0,0,0,0,0,0,0,0,0,0,0,0,0,0,0
8.70112156867981,0,0.0,0.0,0.0,0.0,0.0,0.0,0.0,0.0,0.03,0,0,0,0,0,0,0,0,0,0,0,0,0,0,0,0,0,0,0,0,0
8.702247381210327,0,0.0,0.0,0.0,0.0,0.0,0.0,0.0,0.0,0.03,0,0,0,0,0,0,0,0,0,0,0,0,0,0,0,0,0,0,0,0,0
8.703692197799683,0,0.0,0.0,0.0,0.0,0.0,0.0,0.0,0.0,0.03,0,0,0,0,0,0,0,0,0,0,0,0,0,0,0,0,0,0,0,0,0
8.704874277114868,0,0.0,0.0,0.0,0.0,0.0,0.0,0.0,0.0,0.03,0,0,0,0,0,0,0,0,0,0,0,0,0,0,0,0,0,0,0,0,0
8.706002950668335,0,0.0,0.0,0.0,0.0,0.0,0.0,0.0,0.0,0.03,0,0,0,0,0,0,0,0,0,0,0,0,0,0,0,0,0,0,0,0,0
8.707184076309204,0,0.0,0.0,0.0,0.0,0.0,0.0,0.0,0.0,0.03,0,0,0,0,0,0,0,0,0,0,0,0,0,0,0,0,0,0,0,0,0
8.70827579498291,0,0.0,0.0,0.0,0.0,0.0,0.0,0.0,0.0,0.03,0,0,0,0,0,0,0,0,0,0,0,0,0,0,0,0,0,0,0,0,0
8.7093665599823,0,0.0,0.0,0.0,0.0,0.0,0.0,0.0,0.0,0.03,0,0,0,0,0,0,0,0,0,0,0,0,0,0,0,0,0,0,0,0,0
8.710750818252563,0,0.0,0.0,0.0,0.0,0.0,0.0,0.0,0.0,0.03,0,0,0,0,0,0,0,0,0,0,0,0,0,0,0,0,0,0,0,0,0
8.712067127227783,0,0.0,0.0,0.0,0.0,0.0,0.0,0.0,0.0,0.03,0,0,0,0,0,0,0,0,0,0,0,0,0,0,0,0,0,0,0,0,0
8.71330976486206,0,0.0,0.0,0.0,0.0,0.0,0.0,0.0,0.0,0.03,0,0,0,0,0,0,0,0,0,0,0,0,0,0,0,0,0,0,0,0,0
8.714666843414307,0,0.0,0.0,0.0,0.0,0.0,0.0,0.0,0.0,0.03,0,0,0,0,0,0,0,0,0,0,0,0,0,0,0,0,0,0,0,0,0
8.718169927597046,0,0.0,0.0,0.0,0.0,0.0,0.0,0.0,0.0,0.03,0,0,0,0,0,0,0,0,0,0,0,0,0,0,0,0,0,0,0,0,0
8.719671964645386,0,0.0,0.0,0.0,0.0,0.0,0.0,0.0,0.0,0.03,0,0,0,0,0,0,0,0,0,0,0,0,0,0,0,0,0,0,0,0,0
8.720987319946289,0,0.0,0.0,0.0,0.0,0.0,0.0,0.0,0.0,0.03,0,0,0,0,0,0,0,0,0,0,0,0,0,0,0,0,0,0,0,0,0
8.722785472869873,0,0.0,0.0,0.0,0.0,0.0,0.0,0.0,0.0,0.03,0,0,0,0,0,0,0,0,0,0,0,0,0,0,0,0,0,0,0,0,0
8.724490642547607,0,0.0,0.0,0.0,0.0,0.0,0.0,0.0,0.0,0.03,0,0,0,0,0,0,0,0,0,0,0,0,0,0,0,0,0,0,0,0,0
8.725654602050781,0,0.0,0.0,0.0,0.0,0.0,0.0,0.0,0.0,0.03,0,0,0,0,0,0,0,0,0,0,0,0,0,0,0,0,0,0,0,0,0
8.727201223373413,0,0.0,0.0,0.0,0.0,0.0,0.0,0.0,0.0,0.03,0,0,0,0,0,0,0,0,0,0,0,0,0,0,0,0,0,0,0,0,0
8.728649139404297,0,0.0,0.0,0.0,0.0,0.0,0.0,0.0,0.0,0.03,0,0,0,0,0,0,0,0,0,0,0,0,0,0,0,0,0,0,0,0,0
8.72970986366272,0,0.0,0.0,0.0,0.0,0.0,0.0,0.0,0.0,0.03,0,0,0,0,0,0,0,0,0,0,0,0,0,0,0,0,0,0,0,0,0
8.730914831161499,0,0.0,0.0,0.0,0.0,0.0,0.0,0.0,0.0,0.03,0,0,0,0,0,0,0,0,0,0,0,0,0,0,0,0,0,0,0,0,0
8.732161045074463,0,0.0,0.0,0.0,0.0,0.0,0.0,0.0,0.0,0.03,0,0,0,0,0,0,0,0,0,0,0,0,0,0,0,0,0,0,0,0,0
8.733613729476929,0,0.0,0.0,0.0,0.0,0.0,0.0,0.0,0.0,0.03,0,0,0,0,0,0,0,0,0,0,0,0,0,0,0,0,0,0,0,0,0
8.735934734344482,0,0.0,0.0,0.0,0.0,0.0,0.0,0.0,0.0,0.03,0,0,0,0,0,0,0,0,0,0,0,0,0,0,0,0,0,0,0,0,0
8.737545251846313,0,0.0,0.0,0.0,0.0,0.0,0.0,0.0,0.0,0.03,0,0,0,0,0,0,0,0,0,0,0,0,0,0,0,0,0,0,0,0,0
8.738969087600708,0,0.0,0.0,0.0,0.0,0.0,0.0,0.0,0.0,0.03,0,0,0,0,0,0,0,0,0,0,0,0,0,0,0,0,0,0,0,0,0
8.740371704101562,0,0.0,0.0,0.0,0.0,0.0,0.0,0.0,0.0,0.03,0,0,0,0,0,0,0,0,0,0,0,0,0,0,0,0,0,0,0,0,0
8.741676092147827,0,0.0,0.0,0.0,0.0,0.0,0.0,0.0,0.0,0.03,0,0,0,0,0,0,0,0,0,0,0,0,0,0,0,0,0,0,0,0,0
8.743892431259155,0,0.0,0.0,0.0,0.0,0.0,0.0,0.0,0.0,0.03,0,0,0,0,0,0,0,0,0,0,0,0,0,0,0,0,0,0,0,0,0
8.744986057281494,0,0.0,0.0,0.0,0.0,0.0,0.0,0.0,0.0,0.03,0,0,0,0,0,0,0,0,0,0,0,0,0,0,0,0,0,0,0,0,0
8.746227502822876,0,0.0,0.0,0.0,0.0,0.0,0.0,0.0,0.0,0.03,0,0,0,0,0,0,0,0,0,0,0,0,0,0,0,0,0,0,0,0,0
8.747617244720459,0,0.0,0.0,0.0,0.0,0.0,0.0,0.0,0.0,0.03,0,0,0,0,0,0,0,0,0,0,0,0,0,0,0,0,0,0,0,0,0
8.748706817626953,0,0.0,0.0,0.0,0.0,0.0,0.0,0.0,0.0,0.03,0,0,0,0,0,0,0,0,0,0,0,0,0,0,0,0,0,0,0,0,0
8.751267671585083,0,0.0,0.0,0.0,0.0,0.0,0.0,0.0,0.0,0.03,0,0,0,0,0,0,0,0,0,0,0,0,0,0,0,0,0,0,0,0,0
8.752370834350586,0,0.0,0.0,0.0,0.0,0.0,0.0,0.0,0.0,0.03,0,0,0,0,0,0,0,0,0,0,0,0,0,0,0,0,0,0,0,0,0
8.753670930862427,0,0.0,0.0,0.0,0.0,0.0,0.0,0.0,0.0,0.03,0,0,0,0,0,0,0,0,0,0,0,0,0,0,0,0,0,0,0,0,0
8.75494384765625,0,0.0,0.0,0.0,0.0,0.0,0.0,0.0,0.0,0.03,0,0,0,0,0,0,0,0,0,0,0,0,0,0,0,0,0,0,0,0,0
8.757861852645874,0,0.0,0.0,0.0,0.0,0.0,0.0,0.0,0.0,0.03,0,0,0,0,0,0,0,0,0,0,0,0,0,0,0,0,0,0,0,0,0
8.759205102920532,0,0.0,0.0,0.0,0.0,0.0,0.0,0.0,0.0,0.03,0,0,0,0,0,0,0,0,0,0,0,0,0,0,0,0,0,0,0,0,0
8.760566473007202,0,0.0,0.0,0.0,0.0,0.0,0.0,0.0,0.0,0.03,0,0,0,0,0,0,0,0,0,0,0,0,0,0,0,0,0,0,0,0,0
8.762784957885742,0,0.0,0.0,0.0,0.0,0.0,0.0,0.0,0.0,0.03,0,0,0,0,0,0,0,0,0,0,0,0,0,0,0,0,0,0,0,0,0
8.764286041259766,0,0.0,0.0,0.0,0.0,0.0,0.0,0.0,0.0,0.03,0,0,0,0,0,0,0,0,0,0,0,0,0,0,0,0,0,0,0,0,0
8.76545763015747,0,0.0,0.0,0.0,0.0,0.0,0.0,0.0,0.0,0.03,0,0,0,0,0,0,0,0,0,0,0,0,0,0,0,0,0,0,0,0,0
8.767476797103882,0,0.0,0.0,0.0,0.0,0.0,0.0,0.0,0.0,0.03,0,0,0,0,0,0,0,0,0,0,0,0,0,0,0,0,0,0,0,0,0
8.768765449523926,0,0.0,0.0,0.0,0.0,0.0,0.0,0.0,0.0,0.03,0,0,0,0,0,0,0,0,0,0,0,0,0,0,0,0,0,0,0,0,0
8.769836902618408,0,0.0,0.0,0.0,0.0,0.0,0.0,0.0,0.0,0.03,0,0,0,0,0,0,0,0,0,0,0,0,0,0,0,0,0,0,0,0,0
8.77092456817627,0,0.0,0.0,0.0,0.0,0.0,0.0,0.0,0.0,0.03,0,0,0,0,0,0,0,0,0,0,0,0,0,0,0,0,0,0,0,0,0
8.772083282470703,0,0.0,0.0,0.0,0.0,0.0,0.0,0.0,0.0,0.03,0,0,0,0,0,0,0,0,0,0,0,0,0,0,0,0,0,0,0,0,0
8.77332091331482,0,0.0,0.0,0.0,0.0,0.0,0.0,0.0,0.0,0.03,0,0,0,0,0,0,0,0,0,0,0,0,0,0,0,0,0,0,0,0,0
8.77468490600586,0,0.0,0.0,0.0,0.0,0.0,0.0,0.0,0.0,0.03,0,0,0,0,0,0,0,0,0,0,0,0,0,0,0,0,0,0,0,0,0
8.775951385498047,0,0.0,0.0,0.0,0.0,0.0,0.0,0.0,0.0,0.03,0,0,0,0,0,0,0,0,0,0,0,0,0,0,0,0,0,0,0,0,0
8.777284383773804,0,0.0,0.0,0.0,0.0,0.0,0.0,0.0,0.0,0.03,0,0,0,0,0,0,0,0,0,0,0,0,0,0,0,0,0,0,0,0,0
8.778905391693115,0,0.0,0.0,0.0,0.0,0.0,0.0,0.0,0.0,0.03,0,0,0,0,0,0,0,0,0,0,0,0,0,0,0,0,0,0,0,0,0
8.780463218688965,0,0.0,0.0,0.0,0.0,0.0,0.0,0.0,0.0,0.03,0,0,0,0,0,0,0,0,0,0,0,0,0,0,0,0,0,0,0,0,0
8.78182578086853,0,0.0,0.0,0.0,0.0,0.0,0.0,0.0,0.0,0.03,0,0,0,0,0,0,0,0,0,0,0,0,0,0,0,0,0,0,0,0,0
8.782953023910522,0,0.0,0.0,0.0,0.0,0.0,0.0,0.0,0.0,0.03,0,0,0,0,0,0,0,0,0,0,0,0,0,0,0,0,0,0,0,0,0
8.784854173660278,0,0.0,0.0,0.0,0.0,0.0,0.0,0.0,0.0,0.03,0,0,0,0,0,0,0,0,0,0,0,0,0,0,0,0,0,0,0,0,0
8.786210298538208,0,0.0,0.0,0.0,0.0,0.0,0.0,0.0,0.0,0.03,0,0,0,0,0,0,0,0,0,0,0,0,0,0,0,0,0,0,0,0,0
8.787281274795532,0,0.0,0.0,0.0,0.0,0.0,0.0,0.0,0.0,0.03,0,0,0,0,0,0,0,0,0,0,0,0,0,0,0,0,0,0,0,0,0
8.78938627243042,0,0.0,0.0,0.0,0.0,0.0,0.0,0.0,0.0,0.03,0,0,0,0,0,0,0,0,0,0,0,0,0,0,0,0,0,0,0,0,0
8.790629148483276,0,0.0,0.0,0.0,0.0,0.0,0.0,0.0,0.0,0.03,0,0,0,0,0,0,0,0,0,0,0,0,0,0,0,0,0,0,0,0,0
8.791987657546997,0,0.0,0.0,0.0,0.0,0.0,0.0,0.0,0.0,0.03,0,0,0,0,0,0,0,0,0,0,0,0,0,0,0,0,0,0,0,0,0
8.79317855834961,0,0.0,0.0,0.0,0.0,0.0,0.0,0.0,0.0,0.03,0,0,0,0,0,0,0,0,0,0,0,0,0,0,0,0,0,0,0,0,0
8.794596433639526,0,0.0,0.0,0.0,0.0,0.0,0.0,0.0,0.0,0.03,0,0,0,0,0,0,0,0,0,0,0,0,0,0,0,0,0,0,0,0,0
8.79650330543518,0,0.0,0.0,0.0,0.0,0.0,0.0,0.0,0.0,0.03,0,0,0,0,0,0,0,0,0,0,0,0,0,0,0,0,0,0,0,0,0
8.79794955253601,0,0.0,0.0,0.0,0.0,0.0,0.0,0.0,0.0,0.03,0,0,0,0,0,0,0,0,0,0,0,0,0,0,0,0,0,0,0,0,0
8.8007333278656,0,0.0,0.0,0.0,0.0,0.0,0.0,0.0,0.0,0.03,0,0,0,0,0,0,0,0,0,0,0,0,0,0,0,0,0,0,0,0,0
8.801996946334839,0,0.0,0.0,0.0,0.0,0.0,0.0,0.0,0.0,0.03,0,0,0,0,0,0,0,0,0,0,0,0,0,0,0,0,0,0,0,0,0
8.803678035736084,0,0.0,0.0,0.0,0.0,0.0,0.0,0.0,0.0,0.03,0,0,0,0,0,0,0,0,0,0,0,0,0,0,0,0,0,0,0,0,0
8.80507516860962,0,0.0,0.0,0.0,0.0,0.0,0.0,0.0,0.0,0.03,0,0,0,0,0,0,0,0,0,0,0,0,0,0,0,0,0,0,0,0,0
8.806376457214355,0,0.0,0.0,0.0,0.0,0.0,0.0,0.0,0.0,0.03,0,0,0,0,0,0,0,0,0,0,0,0,0,0,0,0,0,0,0,0,0
8.807562351226807,0,0.0,0.0,0.0,0.0,0.0,0.0,0.0,0.0,0.03,0,0,0,0,0,0,0,0,0,0,0,0,0,0,0,0,0,0,0,0,0
8.808852434158325,0,0.0,0.0,0.0,0.0,0.0,0.0,0.0,0.0,0.03,0,0,0,0,0,0,0,0,0,0,0,0,0,0,0,0,0,0,0,0,0
8.810054779052734,0,0.0,0.0,0.0,0.0,0.0,0.0,0.0,0.0,0.03,0,0,0,0,0,0,0,0,0,0,0,0,0,0,0,0,0,0,0,0,0
8.811153173446655,0,0.0,0.0,0.0,0.0,0.0,0.0,0.0,0.0,0.03,0,0,0,0,0,0,0,0,0,0,0,0,0,0,0,0,0,0,0,0,0
8.813780307769775,0,0.0,0.0,0.0,0.0,0.0,0.0,0.0,0.0,0.03,0,0,0,0,0,0,0,0,0,0,0,0,0,0,0,0,0,0,0,0,0
8.815140962600708,0,0.0,0.0,0.0,0.0,0.0,0.0,0.0,0.0,0.03,0,0,0,0,0,0,0,0,0,0,0,0,0,0,0,0,0,0,0,0,0
8.816424369812012,0,0.0,0.0,0.0,0.0,0.0,0.0,0.0,0.0,0.03,0,0,0,0,0,0,0,0,0,0,0,0,0,0,0,0,0,0,0,0,0
8.818598985671997,0,0.0,0.0,0.0,0.0,0.0,0.0,0.0,0.0,0.03,0,0,0,0,0,0,0,0,0,0,0,0,0,0,0,0,0,0,0,0,0
8.82022500038147,0,0.0,0.0,0.0,0.0,0.0,0.0,0.0,0.0,0.03,0,0,0,0,0,0,0,0,0,0,0,0,0,0,0,0,0,0,0,0,0
8.822372198104858,0,0.0,0.0,0.0,0.0,0.0,0.0,0.0,0.0,0.03,0,0,0,0,0,0,0,0,0,0,0,0,0,0,0,0,0,0,0,0,0
8.82350468635559,0,0.0,0.0,0.0,0.0,0.0,0.0,0.0,0.0,0.03,0,0,0,0,0,0,0,0,0,0,0,0,0,0,0,0,0,0,0,0,0
8.825676441192627,0,0.0,0.0,0.0,0.0,0.0,0.0,0.0,0.0,0.03,0,0,0,0,0,0,0,0,0,0,0,0,0,0,0,0,0,0,0,0,0
8.827751159667969,0,0.0,0.0,0.0,0.0,0.0,0.0,0.0,0.0,0.03,0,0,0,0,0,0,0,0,0,0,0,0,0,0,0,0,0,0,0,0,0
8.82889175415039,0,0.0,0.0,0.0,0.0,0.0,0.0,0.0,0.0,0.03,0,0,0,0,0,0,0,0,0,0,0,0,0,0,0,0,0,0,0,0,0
8.830872297286987,0,0.0,0.0,0.0,0.0,0.0,0.0,0.0,0.0,0.03,0,0,0,0,0,0,0,0,0,0,0,0,0,0,0,0,0,0,0,0,0
8.832197189331055,0,0.0,0.0,0.0,0.0,0.0,0.0,0.0,0.0,0.03,0,0,0,0,0,0,0,0,0,0,0,0,0,0,0,0,0,0,0,0,0
8.833395004272461,0,0.0,0.0,0.0,0.0,0.0,0.0,0.0,0.0,0.03,0,0,0,0,0,0,0,0,0,0,0,0,0,0,0,0,0,0,0,0,0
8.834551572799683,0,0.0,0.0,0.0,0.0,0.0,0.0,0.0,0.0,0.03,0,0,0,0,0,0,0,0,0,0,0,0,0,0,0,0,0,0,0,0,0
8.835664749145508,0,0.0,0.0,0.0,0.0,0.0,0.0,0.0,0.0,0.03,0,0,0,0,0,0,0,0,0,0,0,0,0,0,0,0,0,0,0,0,0
8.83676815032959,0,0.0,0.0,0.0,0.0,0.0,0.0,0.0,0.0,0.03,0,0,0,0,0,0,0,0,0,0,0,0,0,0,0,0,0,0,0,0,0
8.837831735610962,0,0.0,0.0,0.0,0.0,0.0,0.0,0.0,0.0,0.03,0,0,0,0,0,0,0,0,0,0,0,0,0,0,0,0,0,0,0,0,0
8.838909387588501,0,0.0,0.0,0.0,0.0,0.0,0.0,0.0,0.0,0.03,0,0,0,0,0,0,0,0,0,0,0,0,0,0,0,0,0,0,0,0,0
8.84030294418335,0,0.0,0.0,0.0,0.0,0.0,0.0,0.0,0.0,0.03,0,0,0,0,0,0,0,0,0,0,0,0,0,0,0,0,0,0,0,0,0
8.84209656715393,0,0.0,0.0,0.0,0.0,0.0,0.0,0.0,0.0,0.03,0,0,0,0,0,0,0,0,0,0,0,0,0,0,0,0,0,0,0,0,0
8.843674659729004,0,0.0,0.0,0.0,0.0,0.0,0.0,0.0,0.0,0.03,0,0,0,0,0,0,0,0,0,0,0,0,0,0,0,0,0,0,0,0,0
8.845077514648438,0,0.0,0.0,0.0,0.0,0.0,0.0,0.0,0.0,0.03,0,0,0,0,0,0,0,0,0,0,0,0,0,0,0,0,0,0,0,0,0
8.84628176689148,0,0.0,0.0,0.0,0.0,0.0,0.0,0.0,0.0,0.03,0,0,0,0,0,0,0,0,0,0,0,0,0,0,0,0,0,0,0,0,0
8.84789228439331,0,0.0,0.0,0.0,0.0,0.0,0.0,0.0,0.0,0.03,0,0,0,0,0,0,0,0,0,0,0,0,0,0,0,0,0,0,0,0,0
8.849366903305054,0,0.0,0.0,0.0,0.0,0.0,0.0,0.0,0.0,0.03,0,0,0,0,0,0,0,0,0,0,0,0,0,0,0,0,0,0,0,0,0
8.85049557685852,0,0.0,0.0,0.0,0.0,0.0,0.0,0.0,0.0,0.03,0,0,0,0,0,0,0,0,0,0,0,0,0,0,0,0,0,0,0,0,0
8.851701021194458,0,0.0,0.0,0.0,0.0,0.0,0.0,0.0,0.0,0.03,0,0,0,0,0,0,0,0,0,0,0,0,0,0,0,0,0,0,0,0,0
8.852871656417847,0,0.0,0.0,0.0,0.0,0.0,0.0,0.0,0.0,0.03,0,0,0,0,0,0,0,0,0,0,0,0,0,0,0,0,0,0,0,0,0
8.854005575180054,0,0.0,0.0,0.0,0.0,0.0,0.0,0.0,0.0,0.03,0,0,0,0,0,0,0,0,0,0,0,0,0,0,0,0,0,0,0,0,0
8.855094909667969,0,0.0,0.0,0.0,0.0,0.0,0.0,0.0,0.0,0.03,0,0,0,0,0,0,0,0,0,0,0,0,0,0,0,0,0,0,0,0,0
8.85631775856018,0,0.0,0.0,0.0,0.0,0.0,0.0,0.0,0.0,0.03,0,0,0,0,0,0,0,0,0,0,0,0,0,0,0,0,0,0,0,0,0
8.857635021209717,0,0.0,0.0,0.0,0.0,0.0,0.0,0.0,0.0,0.03,0,0,0,0,0,0,0,0,0,0,0,0,0,0,0,0,0,0,0,0,0
8.858842611312866,0,0.0,0.0,0.0,0.0,0.0,0.0,0.0,0.0,0.03,0,0,0,0,0,0,0,0,0,0,0,0,0,0,0,0,0,0,0,0,0
8.861482858657837,0,0.0,0.0,0.0,0.0,0.0,0.0,0.0,0.0,0.03,0,0,0,0,0,0,0,0,0,0,0,0,0,0,0,0,0,0,0,0,0
8.863088846206665,0,0.0,0.0,0.0,0.0,0.0,0.0,0.0,0.0,0.03,0,0,0,0,0,0,0,0,0,0,0,0,0,0,0,0,0,0,0,0,0
8.864431858062744,0,0.0,0.0,0.0,0.0,0.0,0.0,0.0,0.0,0.03,0,0,0,0,0,0,0,0,0,0,0,0,0,0,0,0,0,0,0,0,0
8.865724563598633,0,0.0,0.0,0.0,0.0,0.0,0.0,0.0,0.0,0.03,0,0,0,0,0,0,0,0,0,0,0,0,0,0,0,0,0,0,0,0,0
8.867039442062378,0,0.0,0.0,0.0,0.0,0.0,0.0,0.0,0.0,0.03,0,0,0,0,0,0,0,0,0,0,0,0,0,0,0,0,0,0,0,0,0
8.868846893310547,0,0.0,0.0,0.0,0.0,0.0,0.0,0.0,0.0,0.03,0,0,0,0,0,0,0,0,0,0,0,0,0,0,0,0,0,0,0,0,0
8.869974851608276,0,0.0,0.0,0.0,0.0,0.0,0.0,0.0,0.0,0.03,0,0,0,0,0,0,0,0,0,0,0,0,0,0,0,0,0,0,0,0,0
8.871248722076416,0,0.0,0.0,0.0,0.0,0.0,0.0,0.0,0.0,0.03,0,0,0,0,0,0,0,0,0,0,0,0,0,0,0,0,0,0,0,0,0
8.872741460800171,0,0.0,0.0,0.0,0.0,0.0,0.0,0.0,0.0,0.03,0,0,0,0,0,0,0,0,0,0,0,0,0,0,0,0,0,0,0,0,0
8.873807668685913,0,0.0,0.0,0.0,0.0,0.0,0.0,0.0,0.0,0.03,0,0,0,0,0,0,0,0,0,0,0,0,0,0,0,0,0,0,0,0,0
8.877304077148438,0,0.0,0.0,0.0,0.0,0.0,0.0,0.0,0.0,0.03,0,0,0,0,0,0,0,0,0,0,0,0,0,0,0,0,0,0,0,0,0
8.878461360931396,0,0.0,0.0,0.0,0.0,0.0,0.0,0.0,0.0,0.03,0,0,0,0,0,0,0,0,0,0,0,0,0,0,0,0,0,0,0,0,0
8.87971830368042,0,0.0,0.0,0.0,0.0,0.0,0.0,0.0,0.0,0.03,0,0,0,0,0,0,0,0,0,0,0,0,0,0,0,0,0,0,0,0,0
8.881746292114258,0,0.0,0.0,0.0,0.0,0.0,0.0,0.0,0.0,0.03,0,0,0,0,0,0,0,0,0,0,0,0,0,0,0,0,0,0,0,0,0
8.883398056030273,0,0.0,0.0,0.0,0.0,0.0,0.0,0.0,0.0,0.03,0,0,0,0,0,0,0,0,0,0,0,0,0,0,0,0,0,0,0,0,0
8.884490251541138,0,0.0,0.0,0.0,0.0,0.0,0.0,0.0,0.0,0.03,0,0,0,0,0,0,0,0,0,0,0,0,0,0,0,0,0,0,0,0,0
8.885545492172241,0,0.0,0.0,0.0,0.0,0.0,0.0,0.0,0.0,0.03,0,0,0,0,0,0,0,0,0,0,0,0,0,0,0,0,0,0,0,0,0
8.886964321136475,0,0.0,0.0,0.0,0.0,0.0,0.0,0.0,0.0,0.03,0,0,0,0,0,0,0,0,0,0,0,0,0,0,0,0,0,0,0,0,0
8.88810133934021,0,0.0,0.0,0.0,0.0,0.0,0.0,0.0,0.0,0.03,0,0,0,0,0,0,0,0,0,0,0,0,0,0,0,0,0,0,0,0,0
8.889649391174316,0,0.0,0.0,0.0,0.0,0.0,0.0,0.0,0.0,0.03,0,0,0,0,0,0,0,0,0,0,0,0,0,0,0,0,0,0,0,0,0
8.890745162963867,0,0.0,0.0,0.0,0.0,0.0,0.0,0.0,0.0,0.03,0,0,0,0,0,0,0,0,0,0,0,0,0,0,0,0,0,0,0,0,0
8.891895771026611,0,0.0,0.0,0.0,0.0,0.0,0.0,0.0,0.0,0.03,0,0,0,0,0,0,0,0,0,0,0,0,0,0,0,0,0,0,0,0,0
8.89303708076477,0,0.0,0.0,0.0,0.0,0.0,0.0,0.0,0.0,0.03,0,0,0,0,0,0,0,0,0,0,0,0,0,0,0,0,0,0,0,0,0
8.89431643486023,0,0.0,0.0,0.0,0.0,0.0,0.0,0.0,0.0,0.03,0,0,0,0,0,0,0,0,0,0,0,0,0,0,0,0,0,0,0,0,0
8.895380020141602,0,0.0,0.0,0.0,0.0,0.0,0.0,0.0,0.0,0.03,0,0,0,0,0,0,0,0,0,0,0,0,0,0,0,0,0,0,0,0,0
8.896466493606567,0,0.0,0.0,0.0,0.0,0.0,0.0,0.0,0.0,0.03,0,0,0,0,0,0,0,0,0,0,0,0,0,0,0,0,0,0,0,0,0
8.897556066513062,0,0.0,0.0,0.0,0.0,0.0,0.0,0.0,0.0,0.03,0,0,0,0,0,0,0,0,0,0,0,0,0,0,0,0,0,0,0,0,0
8.89876914024353,0,0.0,0.0,0.0,0.0,0.0,0.0,0.0,0.0,0.03,0,0,0,0,0,0,0,0,0,0,0,0,0,0,0,0,0,0,0,0,0
8.899982452392578,0,0.0,0.0,0.0,0.0,0.0,0.0,0.0,0.0,0.03,0,0,0,0,0,0,0,0,0,0,0,0,0,0,0,0,0,0,0,0,0
8.90107250213623,0,0.0,0.0,0.0,0.0,0.0,0.0,0.0,0.0,0.03,0,0,0,0,0,0,0,0,0,0,0,0,0,0,0,0,0,0,0,0,0
8.902283191680908,0,0.0,0.0,0.0,0.0,0.0,0.0,0.0,0.0,0.03,0,0,0,0,0,0,0,0,0,0,0,0,0,0,0,0,0,0,0,0,0
8.903708219528198,0,0.0,0.0,0.0,0.0,0.0,0.0,0.0,0.0,0.03,0,0,0,0,0,0,0,0,0,0,0,0,0,0,0,0,0,0,0,0,0
8.904844522476196,0,0.0,0.0,0.0,0.0,0.0,0.0,0.0,0.0,0.03,0,0,0,0,0,0,0,0,0,0,0,0,0,0,0,0,0,0,0,0,0
8.906254291534424,0,0.0,0.0,0.0,0.0,0.0,0.0,0.0,0.0,0.03,0,0,0,0,0,0,0,0,0,0,0,0,0,0,0,0,0,0,0,0,0
8.90751028060913,0,0.0,0.0,0.0,0.0,0.0,0.0,0.0,0.0,0.03,0,0,0,0,0,0,0,0,0,0,0,0,0,0,0,0,0,0,0,0,0
8.908830404281616,0,0.0,0.0,0.0,0.0,0.0,0.0,0.0,0.0,0.03,0,0,0,0,0,0,0,0,0,0,0,0,0,0,0,0,0,0,0,0,0
8.910141944885254,0,0.0,0.0,0.0,0.0,0.0,0.0,0.0,0.0,0.03,0,0,0,0,0,0,0,0,0,0,0,0,0,0,0,0,0,0,0,0,0
8.91211748123169,0,0.0,0.0,0.0,0.0,0.0,0.0,0.0,0.0,0.03,0,0,0,0,0,0,0,0,0,0,0,0,0,0,0,0,0,0,0,0,0
8.913404703140259,0,0.0,0.0,0.0,0.0,0.0,0.0,0.0,0.0,0.03,0,0,0,0,0,0,0,0,0,0,0,0,0,0,0,0,0,0,0,0,0
8.9145028591156,0,0.0,0.0,0.0,0.0,0.0,0.0,0.0,0.0,0.03,0,0,0,0,0,0,0,0,0,0,0,0,0,0,0,0,0,0,0,0,0
8.916447401046753,0,0.0,0.0,0.0,0.0,0.0,0.0,0.0,0.0,0.03,0,0,0,0,0,0,0,0,0,0,0,0,0,0,0,0,0,0,0,0,0
8.91755199432373,0,0.0,0.0,0.0,0.0,0.0,0.0,0.0,0.0,0.03,0,0,0,0,0,0,0,0,0,0,0,0,0,0,0,0,0,0,0,0,0
8.918866634368896,0,0.0,0.0,0.0,0.0,0.0,0.0,0.0,0.0,0.03,0,0,0,0,0,0,0,0,0,0,0,0,0,0,0,0,0,0,0,0,0
8.919927835464478,0,0.0,0.0,0.0,0.0,0.0,0.0,0.0,0.0,0.03,0,0,0,0,0,0,0,0,0,0,0,0,0,0,0,0,0,0,0,0,0
8.921098947525024,0,0.0,0.0,0.0,0.0,0.0,0.0,0.0,0.0,0.03,0,0,0,0,0,0,0,0,0,0,0,0,0,0,0,0,0,0,0,0,0
8.922195196151733,0,0.0,0.0,0.0,0.0,0.0,0.0,0.0,0.0,0.03,0,0,0,0,0,0,0,0,0,0,0,0,0,0,0,0,0,0,0,0,0
8.92381238937378,0,0.0,0.0,0.0,0.0,0.0,0.0,0.0,0.0,0.03,0,0,0,0,0,0,0,0,0,0,0,0,0,0,0,0,0,0,0,0,0
8.925244569778442,0,0.0,0.0,0.0,0.0,0.0,0.0,0.0,0.0,0.03,0,0,0,0,0,0,0,0,0,0,0,0,0,0,0,0,0,0,0,0,0
8.92714262008667,0,0.0,0.0,0.0,0.0,0.0,0.0,0.0,0.0,0.03,0,0,0,0,0,0,0,0,0,0,0,0,0,0,0,0,0,0,0,0,0
8.928467512130737,0,0.0,0.0,0.0,0.0,0.0,0.0,0.0,0.0,0.03,0,0,0,0,0,0,0,0,0,0,0,0,0,0,0,0,0,0,0,0,0
8.929899454116821,0,0.0,0.0,0.0,0.0,0.0,0.0,0.0,0.0,0.03,0,0,0,0,0,0,0,0,0,0,0,0,0,0,0,0,0,0,0,0,0
8.931227445602417,0,0.0,0.0,0.0,0.0,0.0,0.0,0.0,0.0,0.03,0,0,0,0,0,0,0,0,0,0,0,0,0,0,0,0,0,0,0,0,0
8.933074951171875,0,0.0,0.0,0.0,0.0,0.0,0.0,0.0,0.0,0.03,0,0,0,0,0,0,0,0,0,0,0,0,0,0,0,0,0,0,0,0,0
8.93416166305542,0,0.0,0.0,0.0,0.0,0.0,0.0,0.0,0.0,0.03,0,0,0,0,0,0,0,0,0,0,0,0,0,0,0,0,0,0,0,0,0
8.936044216156006,0,0.0,0.0,0.0,0.0,0.0,0.0,0.0,0.0,0.03,0,0,0,0,0,0,0,0,0,0,0,0,0,0,0,0,0,0,0,0,0
8.937293291091919,0,0.0,0.0,0.0,0.0,0.0,0.0,0.0,0.0,0.03,0,0,0,0,0,0,0,0,0,0,0,0,0,0,0,0,0,0,0,0,0
8.940762519836426,0,0.0,0.0,0.0,0.0,0.0,0.0,0.0,0.0,0.03,0,0,0,0,0,0,0,0,0,0,0,0,0,0,0,0,0,0,0,0,0
8.941987752914429,0,0.0,0.0,0.0,0.0,0.0,0.0,0.0,0.0,0.03,0,0,0,0,0,0,0,0,0,0,0,0,0,0,0,0,0,0,0,0,0
8.943225860595703,0,0.0,0.0,0.0,0.0,0.0,0.0,0.0,0.0,0.03,0,0,0,0,0,0,0,0,0,0,0,0,0,0,0,0,0,0,0,0,0
8.945665836334229,0,0.0,0.0,0.0,0.0,0.0,0.0,0.0,0.0,0.03,0,0,0,0,0,0,0,0,0,0,0,0,0,0,0,0,0,0,0,0,0
8.946978569030762,0,0.0,0.0,0.0,0.0,0.0,0.0,0.0,0.0,0.03,0,0,0,0,0,0,0,0,0,0,0,0,0,0,0,0,0,0,0,0,0
8.94807243347168,0,0.0,0.0,0.0,0.0,0.0,0.0,0.0,0.0,0.03,0,0,0,0,0,0,0,0,0,0,0,0,0,0,0,0,0,0,0,0,0
8.949187517166138,0,0.0,0.0,0.0,0.0,0.0,0.0,0.0,0.0,0.03,0,0,0,0,0,0,0,0,0,0,0,0,0,0,0,0,0,0,0,0,0
8.950602769851685,0,0.0,0.0,0.0,0.0,0.0,0.0,0.0,0.0,0.03,0,0,0,0,0,0,0,0,0,0,0,0,0,0,0,0,0,0,0,0,0
8.95233678817749,0,0.0,0.0,0.0,0.0,0.0,0.0,0.0,0.0,0.03,0,0,0,0,0,0,0,0,0,0,0,0,0,0,0,0,0,0,0,0,0
8.953773975372314,0,0.0,0.0,0.0,0.0,0.0,0.0,0.0,0.0,0.03,0,0,0,0,0,0,0,0,0,0,0,0,0,0,0,0,0,0,0,0,0
8.95492434501648,0,0.0,0.0,0.0,0.0,0.0,0.0,0.0,0.0,0.03,0,0,0,0,0,0,0,0,0,0,0,0,0,0,0,0,0,0,0,0,0
8.956751585006714,0,0.0,0.0,0.0,0.0,0.0,0.0,0.0,0.0,0.03,0,0,0,0,0,0,0,0,0,0,0,0,0,0,0,0,0,0,0,0,0
8.95843768119812,0,0.0,0.0,0.0,0.0,0.0,0.0,0.0,0.0,0.03,0,0,0,0,0,0,0,0,0,0,0,0,0,0,0,0,0,0,0,0,0
8.959523439407349,0,0.0,0.0,0.0,0.0,0.0,0.0,0.0,0.0,0.03,0,0,0,0,0,0,0,0,0,0,0,0,0,0,0,0,0,0,0,0,0
8.960656881332397,0,0.0,0.0,0.0,0.0,0.0,0.0,0.0,0.0,0.03,0,0,0,0,0,0,0,0,0,0,0,0,0,0,0,0,0,0,0,0,0
8.961815357208252,0,0.0,0.0,0.0,0.0,0.0,0.0,0.0,0.0,0.03,0,0,0,0,0,0,0,0,0,0,0,0,0,0,0,0,0,0,0,0,0
8.963056802749634,0,0.0,0.0,0.0,0.0,0.0,0.0,0.0,0.0,0.03,0,0,0,0,0,0,0,0,0,0,0,0,0,0,0,0,0,0,0,0,0
8.964141845703125,0,0.0,0.0,0.0,0.0,0.0,0.0,0.0,0.0,0.03,0,0,0,0,0,0,0,0,0,0,0,0,0,0,0,0,0,0,0,0,0
8.965410709381104,0,0.0,0.0,0.0,0.0,0.0,0.0,0.0,0.0,0.03,0,0,0,0,0,0,0,0,0,0,0,0,0,0,0,0,0,0,0,0,0
8.967295408248901,0,0.0,0.0,0.0,0.0,0.0,0.0,0.0,0.0,0.03,0,0,0,0,0,0,0,0,0,0,0,0,0,0,0,0,0,0,0,0,0
8.968547344207764,0,0.0,0.0,0.0,0.0,0.0,0.0,0.0,0.0,0.03,0,0,0,0,0,0,0,0,0,0,0,0,0,0,0,0,0,0,0,0,0
8.970803499221802,0,0.0,0.0,0.0,0.0,0.0,0.0,0.0,0.0,0.03,0,0,0,0,0,0,0,0,0,0,0,0,0,0,0,0,0,0,0,0,0
8.97198486328125,0,0.0,0.0,0.0,0.0,0.0,0.0,0.0,0.0,0.03,0,0,0,0,0,0,0,0,0,0,0,0,0,0,0,0,0,0,0,0,0
8.973243236541748,0,0.0,0.0,0.0,0.0,0.0,0.0,0.0,0.0,0.03,0,0,0,0,0,0,0,0,0,0,0,0,0,0,0,0,0,0,0,0,0
8.974343538284302,0,0.0,0.0,0.0,0.0,0.0,0.0,0.0,0.0,0.03,0,0,0,0,0,0,0,0,0,0,0,0,0,0,0,0,0,0,0,0,0
8.975765705108643,0,0.0,0.0,0.0,0.0,0.0,0.0,0.0,0.0,0.03,0,0,0,0,0,0,0,0,0,0,0,0,0,0,0,0,0,0,0,0,0
8.977161884307861,0,0.0,0.0,0.0,0.0,0.0,0.0,0.0,0.0,0.03,0,0,0,0,0,0,0,0,0,0,0,0,0,0,0,0,0,0,0,0,0
8.978542804718018,0,0.0,0.0,0.0,0.0,0.0,0.0,0.0,0.0,0.03,0,0,0,0,0,0,0,0,0,0,0,0,0,0,0,0,0,0,0,0,0
8.979883193969727,0,0.0,0.0,0.0,0.0,0.0,0.0,0.0,0.0,0.03,0,0,0,0,0,0,0,0,0,0,0,0,0,0,0,0,0,0,0,0,0
8.98123812675476,0,0.0,0.0,0.0,0.0,0.0,0.0,0.0,0.0,0.03,0,0,0,0,0,0,0,0,0,0,0,0,0,0,0,0,0,0,0,0,0
8.982478857040405,0,0.0,0.0,0.0,0.0,0.0,0.0,0.0,0.0,0.03,0,0,0,0,0,0,0,0,0,0,0,0,0,0,0,0,0,0,0,0,0
8.98383378982544,0,0.0,0.0,0.0,0.0,0.0,0.0,0.0,0.0,0.03,0,0,0,0,0,0,0,0,0,0,0,0,0,0,0,0,0,0,0,0,0
8.985746145248413,0,0.0,0.0,0.0,0.0,0.0,0.0,0.0,0.0,0.03,0,0,0,0,0,0,0,0,0,0,0,0,0,0,0,0,0,0,0,0,0
8.987361431121826,0,0.0,0.0,0.0,0.0,0.0,0.0,0.0,0.0,0.03,0,0,0,0,0,0,0,0,0,0,0,0,0,0,0,0,0,0,0,0,0
8.988956212997437,0,0.0,0.0,0.0,0.0,0.0,0.0,0.0,0.0,0.03,0,0,0,0,0,0,0,0,0,0,0,0,0,0,0,0,0,0,0,0,0
8.990170955657959,0,0.0,0.0,0.0,0.0,0.0,0.0,0.0,0.0,0.03,0,0,0,0,0,0,0,0,0,0,0,0,0,0,0,0,0,0,0,0,0
8.991235733032227,0,0.0,0.0,0.0,0.0,0.0,0.0,0.0,0.0,0.03,0,0,0,0,0,0,0,0,0,0,0,0,0,0,0,0,0,0,0,0,0
8.992531061172485,0,0.0,0.0,0.0,0.0,0.0,0.0,0.0,0.0,0.03,0,0,0,0,0,0,0,0,0,0,0,0,0,0,0,0,0,0,0,0,0
8.993966579437256,0,0.0,0.0,0.0,0.0,0.0,0.0,0.0,0.0,0.03,0,0,0,0,0,0,0,0,0,0,0,0,0,0,0,0,0,0,0,0,0
8.995343446731567,0,0.0,0.0,0.0,0.0,0.0,0.0,0.0,0.0,0.03,0,0,0,0,0,0,0,0,0,0,0,0,0,0,0,0,0,0,0,0,0
8.99644660949707,0,0.0,0.0,0.0,0.0,0.0,0.0,0.0,0.0,0.03,0,0,0,0,0,0,0,0,0,0,0,0,0,0,0,0,0,0,0,0,0
8.998344659805298,0,0.0,0.0,0.0,0.0,0.0,0.0,0.0,0.0,0.03,0,0,0,0,0,0,0,0,0,0,0,0,0,0,0,0,0,0,0,0,0
8.999669790267944,0,0.0,0.0,0.0,0.0,0.0,0.0,0.0,0.0,0.03,0,0,0,0,0,0,0,0,0,0,0,0,0,0,0,0,0,0,0,0,0
9.002851963043213,0,0.0,0.0,0.0,0.0,0.0,0.0,0.0,0.0,0.03,0,0,0,0,0,0,0,0,0,0,0,0,0,0,0,0,0,0,0,0,0
9.004059314727783,0,0.0,0.0,0.0,0.0,0.0,0.0,0.0,0.0,0.03,0,0,0,0,0,0,0,0,0,0,0,0,0,0,0,0,0,0,0,0,0
9.005345106124878,0,0.0,0.0,0.0,0.0,0.0,0.0,0.0,0.0,0.03,0,0,0,0,0,0,0,0,0,0,0,0,0,0,0,0,0,0,0,0,0
9.007551193237305,0,0.0,0.0,0.0,0.0,0.0,0.0,0.0,0.0,0.03,0,0,0,0,0,0,0,0,0,0,0,0,0,0,0,0,0,0,0,0,0
9.009687662124634,0,0.0,0.0,0.0,0.0,0.0,0.0,0.0,0.0,0.03,0,0,0,0,0,0,0,0,0,0,0,0,0,0,0,0,0,0,0,0,0
9.011029481887817,0,0.0,0.0,0.0,0.0,0.0,0.0,0.0,0.0,0.03,0,0,0,0,0,0,0,0,0,0,0,0,0,0,0,0,0,0,0,0,0
9.012439012527466,0,0.0,0.0,0.0,0.0,0.0,0.0,0.0,0.0,0.03,0,0,0,0,0,0,0,0,0,0,0,0,0,0,0,0,0,0,0,0,0
9.013574600219727,0,0.0,0.0,0.0,0.0,0.0,0.0,0.0,0.0,0.03,0,0,0,0,0,0,0,0,0,0,0,0,0,0,0,0,0,0,0,0,0
9.014674663543701,0,0.0,0.0,0.0,0.0,0.0,0.0,0.0,0.0,0.03,0,0,0,0,0,0,0,0,0,0,0,0,0,0,0,0,0,0,0,0,0
9.01604413986206,0,0.0,0.0,0.0,0.0,0.0,0.0,0.0,0.0,0.03,0,0,0,0,0,0,0,0,0,0,0,0,0,0,0,0,0,0,0,0,0
9.017231941223145,0,0.0,0.0,0.0,0.0,0.0,0.0,0.0,0.0,0.03,0,0,0,0,0,0,0,0,0,0,0,0,0,0,0,0,0,0,0,0,0
9.018608093261719,0,0.0,0.0,0.0,0.0,0.0,0.0,0.0,0.0,0.03,0,0,0,0,0,0,0,0,0,0,0,0,0,0,0,0,0,0,0,0,0
9.019845008850098,0,0.0,0.0,0.0,0.0,0.0,0.0,0.0,0.0,0.03,0,0,0,0,0,0,0,0,0,0,0,0,0,0,0,0,0,0,0,0,0
9.020906209945679,0,0.0,0.0,0.0,0.0,0.0,0.0,0.0,0.0,0.03,0,0,0,0,0,0,0,0,0,0,0,0,0,0,0,0,0,0,0,0,0
9.021994829177856,0,0.0,0.0,0.0,0.0,0.0,0.0,0.0,0.0,0.03,0,0,0,0,0,0,0,0,0,0,0,0,0,0,0,0,0,0,0,0,0
9.023210763931274,0,0.0,0.0,0.0,0.0,0.0,0.0,0.0,0.0,0.03,0,0,0,0,0,0,0,0,0,0,0,0,0,0,0,0,0,0,0,0,0
9.024304389953613,0,0.0,0.0,0.0,0.0,0.0,0.0,0.0,0.0,0.03,0,0,0,0,0,0,0,0,0,0,0,0,0,0,0,0,0,0,0,0,0
9.025503635406494,0,0.0,0.0,0.0,0.0,0.0,0.0,0.0,0.0,0.03,0,0,0,0,0,0,0,0,0,0,0,0,0,0,0,0,0,0,0,0,0
9.026565551757812,0,0.0,0.0,0.0,0.0,0.0,0.0,0.0,0.0,0.03,0,0,0,0,0,0,0,0,0,0,0,0,0,0,0,0,0,0,0,0,0
9.028034210205078,0,0.0,0.0,0.0,0.0,0.0,0.0,0.0,0.0,0.03,0,0,0,0,0,0,0,0,0,0,0,0,0,0,0,0,0,0,0,0,0
9.029950618743896,0,0.0,0.0,0.0,0.0,0.0,0.0,0.0,0.0,0.03,0,0,0,0,0,0,0,0,0,0,0,0,0,0,0,0,0,0,0,0,0
9.031196594238281,0,0.0,0.0,0.0,0.0,0.0,0.0,0.0,0.0,0.03,0,0,0,0,0,0,0,0,0,0,0,0,0,0,0,0,0,0,0,0,0
9.033289432525635,0,0.0,0.0,0.0,0.0,0.0,0.0,0.0,0.0,0.03,0,0,0,0,0,0,0,0,0,0,0,0,0,0,0,0,0,0,0,0,0
9.034389019012451,0,0.0,0.0,0.0,0.0,0.0,0.0,0.0,0.0,0.03,0,0,0,0,0,0,0,0,0,0,0,0,0,0,0,0,0,0,0,0,0
9.035600900650024,0,0.0,0.0,0.0,0.0,0.0,0.0,0.0,0.0,0.03,0,0,0,0,0,0,0,0,0,0,0,0,0,0,0,0,0,0,0,0,0
9.037552118301392,0,0.0,0.0,0.0,0.0,0.0,0.0,0.0,0.0,0.03,0,0,0,0,0,0,0,0,0,0,0,0,0,0,0,0,0,0,0,0,0
9.038663148880005,0,0.0,0.0,0.0,0.0,0.0,0.0,0.0,0.0,0.03,0,0,0,0,0,0,0,0,0,0,0,0,0,0,0,0,0,0,0,0,0
9.039761781692505,0,0.0,0.0,0.0,0.0,0.0,0.0,0.0,0.0,0.03,0,0,0,0,0,0,0,0,0,0,0,0,0,0,0,0,0,0,0,0,0
9.040871620178223,0,0.0,0.0,0.0,0.0,0.0,0.0,0.0,0.0,0.03,0,0,0,0,0,0,0,0,0,0,0,0,0,0,0,0,0,0,0,0,0
9.042372941970825,0,0.0,0.0,0.0,0.0,0.0,0.0,0.0,0.0,0.03,0,0,0,0,0,0,0,0,0,0,0,0,0,0,0,0,0,0,0,0,0
9.0437593460083,0,0.0,0.0,0.0,0.0,0.0,0.0,0.0,0.0,0.03,0,0,0,0,0,0,0,0,0,0,0,0,0,0,0,0,0,0,0,0,0
9.045170545578003,0,0.0,0.0,0.0,0.0,0.0,0.0,0.0,0.0,0.03,0,0,0,0,0,0,0,0,0,0,0,0,0,0,0,0,0,0,0,0,0
9.046363592147827,0,0.0,0.0,0.0,0.0,0.0,0.0,0.0,0.0,0.03,0,0,0,0,0,0,0,0,0,0,0,0,0,0,0,0,0,0,0,0,0
9.047670602798462,0,0.0,0.0,0.0,0.0,0.0,0.0,0.0,0.0,0.03,0,0,0,0,0,0,0,0,0,0,0,0,0,0,0,0,0,0,0,0,0
9.049167156219482,0,0.0,0.0,0.0,0.0,0.0,0.0,0.0,0.0,0.03,0,0,0,0,0,0,0,0,0,0,0,0,0,0,0,0,0,0,0,0,0
9.050362348556519,0,0.0,0.0,0.0,0.0,0.0,0.0,0.0,0.0,0.03,0,0,0,0,0,0,0,0,0,0,0,0,0,0,0,0,0,0,0,0,0
9.051576137542725,0,0.0,0.0,0.0,0.0,0.0,0.0,0.0,0.0,0.03,0,0,0,0,0,0,0,0,0,0,0,0,0,0,0,0,0,0,0,0,0
9.05316686630249,0,0.0,0.0,0.0,0.0,0.0,0.0,0.0,0.0,0.03,0,0,0,0,0,0,0,0,0,0,0,0,0,0,0,0,0,0,0,0,0
9.054632902145386,0,0.0,0.0,0.0,0.0,0.0,0.0,0.0,0.0,0.03,0,0,0,0,0,0,0,0,0,0,0,0,0,0,0,0,0,0,0,0,0
9.056134939193726,0,0.0,0.0,0.0,0.0,0.0,0.0,0.0,0.0,0.03,0,0,0,0,0,0,0,0,0,0,0,0,0,0,0,0,0,0,0,0,0
9.057772874832153,0,0.0,0.0,0.0,0.0,0.0,0.0,0.0,0.0,0.03,0,0,0,0,0,0,0,0,0,0,0,0,0,0,0,0,0,0,0,0,0
9.059170961380005,0,0.0,0.0,0.0,0.0,0.0,0.0,0.0,0.0,0.03,0,0,0,0,0,0,0,0,0,0,0,0,0,0,0,0,0,0,0,0,0
9.060461282730103,0,0.0,0.0,0.0,0.0,0.0,0.0,0.0,0.0,0.03,0,0,0,0,0,0,0,0,0,0,0,0,0,0,0,0,0,0,0,0,0
9.061859130859375,0,0.0,0.0,0.0,0.0,0.0,0.0,0.0,0.0,0.03,0,0,0,0,0,0,0,0,0,0,0,0,0,0,0,0,0,0,0,0,0
9.063554048538208,0,0.0,0.0,0.0,0.0,0.0,0.0,0.0,0.0,0.03,0,0,0,0,0,0,0,0,0,0,0,0,0,0,0,0,0,0,0,0,0
9.064642667770386,0,0.0,0.0,0.0,0.0,0.0,0.0,0.0,0.0,0.03,0,0,0,0,0,0,0,0,0,0,0,0,0,0,0,0,0,0,0,0,0
9.068615674972534,0,0.0,0.0,0.0,0.0,0.0,0.0,0.0,0.0,0.03,0,0,0,0,0,0,0,0,0,0,0,0,0,0,0,0,0,0,0,0,0
9.070407152175903,0,0.0,0.0,0.0,0.0,0.0,0.0,0.0,0.0,0.03,0,0,0,0,0,0,0,0,0,0,0,0,0,0,0,0,0,0,0,0,0
9.072564840316772,0,0.0,0.0,0.0,0.0,0.0,0.0,0.0,0.0,0.03,0,0,0,0,0,0,0,0,0,0,0,0,0,0,0,0,0,0,0,0,0
9.074562311172485,0,0.0,0.0,0.0,0.0,0.0,0.0,0.0,0.0,0.03,0,0,0,0,0,0,0,0,0,0,0,0,0,0,0,0,0,0,0,0,0
9.076488494873047,0,0.0,0.0,0.0,0.0,0.0,0.0,0.0,0.0,0.03,0,0,0,0,0,0,0,0,0,0,0,0,0,0,0,0,0,0,0,0,0
9.077970027923584,0,0.0,0.0,0.0,0.0,0.0,0.0,0.0,0.0,0.03,0,0,0,0,0,0,0,0,0,0,0,0,0,0,0,0,0,0,0,0,0
9.0792076587677,0,0.0,0.0,0.0,0.0,0.0,0.0,0.0,0.0,0.03,0,0,0,0,0,0,0,0,0,0,0,0,0,0,0,0,0,0,0,0,0
9.081067562103271,0,0.0,0.0,0.0,0.0,0.0,0.0,0.0,0.0,0.03,0,0,0,0,0,0,0,0,0,0,0,0,0,0,0,0,0,0,0,0,0
9.082176923751831,0,0.0,0.0,0.0,0.0,0.0,0.0,0.0,0.0,0.03,0,0,0,0,0,0,0,0,0,0,0,0,0,0,0,0,0,0,0,0,0
9.084159135818481,0,0.0,0.0,0.0,0.0,0.0,0.0,0.0,0.0,0.03,0,0,0,0,0,0,0,0,0,0,0,0,0,0,0,0,0,0,0,0,0
9.08533000946045,0,0.0,0.0,0.0,0.0,0.0,0.0,0.0,0.0,0.03,0,0,0,0,0,0,0,0,0,0,0,0,0,0,0,0,0,0,0,0,0
9.086424589157104,0,0.0,0.0,0.0,0.0,0.0,0.0,0.0,0.0,0.03,0,0,0,0,0,0,0,0,0,0,0,0,0,0,0,0,0,0,0,0,0
9.087486743927002,0,0.0,0.0,0.0,0.0,0.0,0.0,0.0,0.0,0.03,0,0,0,0,0,0,0,0,0,0,0,0,0,0,0,0,0,0,0,0,0
9.088746786117554,0,0.0,0.0,0.0,0.0,0.0,0.0,0.0,0.0,0.03,0,0,0,0,0,0,0,0,0,0,0,0,0,0,0,0,0,0,0,0,0
9.089852571487427,0,0.0,0.0,0.0,0.0,0.0,0.0,0.0,0.0,0.03,0,0,0,0,0,0,0,0,0,0,0,0,0,0,0,0,0,0,0,0,0
9.09096074104309,0,0.0,0.0,0.0,0.0,0.0,0.0,0.0,0.0,0.03,0,0,0,0,0,0,0,0,0,0,0,0,0,0,0,0,0,0,0,0,0
9.0921790599823,0,0.0,0.0,0.0,0.0,0.0,0.0,0.0,0.0,0.03,0,0,0,0,0,0,0,0,0,0,0,0,0,0,0,0,0,0,0,0,0
9.093334197998047,0,0.0,0.0,0.0,0.0,0.0,0.0,0.0,0.0,0.03,0,0,0,0,0,0,0,0,0,0,0,0,0,0,0,0,0,0,0,0,0
9.094622373580933,0,0.0,0.0,0.0,0.0,0.0,0.0,0.0,0.0,0.03,0,0,0,0,0,0,0,0,0,0,0,0,0,0,0,0,0,0,0,0,0
9.096485614776611,0,0.0,0.0,0.0,0.0,0.0,0.0,0.0,0.0,0.03,0,0,0,0,0,0,0,0,0,0,0,0,0,0,0,0,0,0,0,0,0
9.09817123413086,0,0.0,0.0,0.0,0.0,0.0,0.0,0.0,0.0,0.03,0,0,0,0,0,0,0,0,0,0,0,0,0,0,0,0,0,0,0,0,0
9.09991979598999,0,0.0,0.0,0.0,0.0,0.0,0.0,0.0,0.0,0.03,0,0,0,0,0,0,0,0,0,0,0,0,0,0,0,0,0,0,0,0,0
9.101266622543335,0,0.0,0.0,0.0,0.0,0.0,0.0,0.0,0.0,0.03,0,0,0,0,0,0,0,0,0,0,0,0,0,0,0,0,0,0,0,0,0
9.103447198867798,0,0.0,0.0,0.0,0.0,0.0,0.0,0.0,0.0,0.03,0,0,0,0,0,0,0,0,0,0,0,0,0,0,0,0,0,0,0,0,0
9.104925394058228,0,0.0,0.0,0.0,0.0,0.0,0.0,0.0,0.0,0.03,0,0,0,0,0,0,0,0,0,0,0,0,0,0,0,0,0,0,0,0,0
9.106202363967896,0,0.0,0.0,0.0,0.0,0.0,0.0,0.0,0.0,0.03,0,0,0,0,0,0,0,0,0,0,0,0,0,0,0,0,0,0,0,0,0
9.107624053955078,0,0.0,0.0,0.0,0.0,0.0,0.0,0.0,0.0,0.03,0,0,0,0,0,0,0,0,0,0,0,0,0,0,0,0,0,0,0,0,0
9.108834266662598,0,0.0,0.0,0.0,0.0,0.0,0.0,0.0,0.0,0.03,0,0,0,0,0,0,0,0,0,0,0,0,0,0,0,0,0,0,0,0,0
9.109946489334106,0,0.0,0.0,0.0,0.0,0.0,0.0,0.0,0.0,0.03,0,0,0,0,0,0,0,0,0,0,0,0,0,0,0,0,0,0,0,0,0
9.111036539077759,0,0.0,0.0,0.0,0.0,0.0,0.0,0.0,0.0,0.03,0,0,0,0,0,0,0,0,0,0,0,0,0,0,0,0,0,0,0,0,0
9.11212682723999,0,0.0,0.0,0.0,0.0,0.0,0.0,0.0,0.0,0.03,0,0,0,0,0,0,0,0,0,0,0,0,0,0,0,0,0,0,0,0,0
9.113557577133179,0,0.0,0.0,0.0,0.0,0.0,0.0,0.0,0.0,0.03,0,0,0,0,0,0,0,0,0,0,0,0,0,0,0,0,0,0,0,0,0
9.114651918411255,0,0.0,0.0,0.0,0.0,0.0,0.0,0.0,0.0,0.03,0,0,0,0,0,0,0,0,0,0,0,0,0,0,0,0,0,0,0,0,0
9.116269588470459,0,0.0,0.0,0.0,0.0,0.0,0.0,0.0,0.0,0.03,0,0,0,0,0,0,0,0,0,0,0,0,0,0,0,0,0,0,0,0,0
9.117332458496094,0,0.0,0.0,0.0,0.0,0.0,0.0,0.0,0.0,0.03,0,0,0,0,0,0,0,0,0,0,0,0,0,0,0,0,0,0,0,0,0
9.11989974975586,0,0.0,0.0,0.0,0.0,0.0,0.0,0.0,0.0,0.03,0,0,0,0,0,0,0,0,0,0,0,0,0,0,0,0,0,0,0,0,0
9.121290922164917,0,0.0,0.0,0.0,0.0,0.0,0.0,0.0,0.0,0.03,0,0,0,0,0,0,0,0,0,0,0,0,0,0,0,0,0,0,0,0,0
9.122557640075684,0,0.0,0.0,0.0,0.0,0.0,0.0,0.0,0.0,0.03,0,0,0,0,0,0,0,0,0,0,0,0,0,0,0,0,0,0,0,0,0
9.124244213104248,0,0.0,0.0,0.0,0.0,0.0,0.0,0.0,0.0,0.03,0,0,0,0,0,0,0,0,0,0,0,0,0,0,0,0,0,0,0,0,0
9.1255943775177,0,0.0,0.0,0.0,0.0,0.0,0.0,0.0,0.0,0.03,0,0,0,0,0,0,0,0,0,0,0,0,0,0,0,0,0,0,0,0,0
9.127259969711304,0,0.0,0.0,0.0,0.0,0.0,0.0,0.0,0.0,0.03,0,0,0,0,0,0,0,0,0,0,0,0,0,0,0,0,0,0,0,0,0
9.128598928451538,0,0.0,0.0,0.0,0.0,0.0,0.0,0.0,0.0,0.03,0,0,0,0,0,0,0,0,0,0,0,0,0,0,0,0,0,0,0,0,0
9.129661560058594,0,0.0,0.0,0.0,0.0,0.0,0.0,0.0,0.0,0.03,0,0,0,0,0,0,0,0,0,0,0,0,0,0,0,0,0,0,0,0,0
9.132982015609741,0,0.0,0.0,0.0,0.0,0.0,0.0,0.0,0.0,0.03,0,0,0,0,0,0,0,0,0,0,0,0,0,0,0,0,0,0,0,0,0
9.13414978981018,0,0.0,0.0,0.0,0.0,0.0,0.0,0.0,0.0,0.03,0,0,0,0,0,0,0,0,0,0,0,0,0,0,0,0,0,0,0,0,0
9.138539791107178,0,0.0,0.0,0.0,0.0,0.0,0.0,0.0,0.0,0.03,0,0,0,0,0,0,0,0,0,0,0,0,0,0,0,0,0,0,0,0,0
9.140321731567383,0,0.0,0.0,0.0,0.0,0.0,0.0,0.0,0.0,0.03,0,0,0,0,0,0,0,0,0,0,0,0,0,0,0,0,0,0,0,0,0
9.141714811325073,0,0.0,0.0,0.0,0.0,0.0,0.0,0.0,0.0,0.03,0,0,0,0,0,0,0,0,0,0,0,0,0,0,0,0,0,0,0,0,0
9.143951177597046,0,0.0,0.0,0.0,0.0,0.0,0.0,0.0,0.0,0.03,0,0,0,0,0,0,0,0,0,0,0,0,0,0,0,0,0,0,0,0,0
9.145318746566772,0,0.0,0.0,0.0,0.0,0.0,0.0,0.0,0.0,0.03,0,0,0,0,0,0,0,0,0,0,0,0,0,0,0,0,0,0,0,0,0
9.146490812301636,0,0.0,0.0,0.0,0.0,0.0,0.0,0.0,0.0,0.03,0,0,0,0,0,0,0,0,0,0,0,0,0,0,0,0,0,0,0,0,0
9.147746801376343,0,0.0,0.0,0.0,0.0,0.0,0.0,0.0,0.0,0.03,0,0,0,0,0,0,0,0,0,0,0,0,0,0,0,0,0,0,0,0,0
9.148914813995361,0,0.0,0.0,0.0,0.0,0.0,0.0,0.0,0.0,0.03,0,0,0,0,0,0,0,0,0,0,0,0,0,0,0,0,0,0,0,0,0
9.150010585784912,0,0.0,0.0,0.0,0.0,0.0,0.0,0.0,0.0,0.03,0,0,0,0,0,0,0,0,0,0,0,0,0,0,0,0,0,0,0,0,0
9.151095867156982,0,0.0,0.0,0.0,0.0,0.0,0.0,0.0,0.0,0.03,0,0,0,0,0,0,0,0,0,0,0,0,0,0,0,0,0,0,0,0,0
9.152197360992432,0,0.0,0.0,0.0,0.0,0.0,0.0,0.0,0.0,0.03,0,0,0,0,0,0,0,0,0,0,0,0,0,0,0,0,0,0,0,0,0
9.153303623199463,0,0.0,0.0,0.0,0.0,0.0,0.0,0.0,0.0,0.03,0,0,0,0,0,0,0,0,0,0,0,0,0,0,0,0,0,0,0,0,0
9.154415845870972,0,0.0,0.0,0.0,0.0,0.0,0.0,0.0,0.0,0.03,0,0,0,0,0,0,0,0,0,0,0,0,0,0,0,0,0,0,0,0,0
9.155513048171997,0,0.0,0.0,0.0,0.0,0.0,0.0,0.0,0.0,0.03,0,0,0,0,0,0,0,0,0,0,0,0,0,0,0,0,0,0,0,0,0
9.156604766845703,0,0.0,0.0,0.0,0.0,0.0,0.0,0.0,0.0,0.03,0,0,0,0,0,0,0,0,0,0,0,0,0,0,0,0,0,0,0,0,0
9.157956838607788,0,0.0,0.0,0.0,0.0,0.0,0.0,0.0,0.0,0.03,0,0,0,0,0,0,0,0,0,0,0,0,0,0,0,0,0,0,0,0,0
9.159965515136719,0,0.0,0.0,0.0,0.0,0.0,0.0,0.0,0.0,0.03,0,0,0,0,0,0,0,0,0,0,0,0,0,0,0,0,0,0,0,0,0
9.161224603652954,0,0.0,0.0,0.0,0.0,0.0,0.0,0.0,0.0,0.03,0,0,0,0,0,0,0,0,0,0,0,0,0,0,0,0,0,0,0,0,0
9.162602186203003,0,0.0,0.0,0.0,0.0,0.0,0.0,0.0,0.0,0.03,0,0,0,0,0,0,0,0,0,0,0,0,0,0,0,0,0,0,0,0,0
9.16373872756958,0,0.0,0.0,0.0,0.0,0.0,0.0,0.0,0.0,0.03,0,0,0,0,0,0,0,0,0,0,0,0,0,0,0,0,0,0,0,0,0
9.165241003036499,0,0.0,0.0,0.0,0.0,0.0,0.0,0.0,0.0,0.03,0,0,0,0,0,0,0,0,0,0,0,0,0,0,0,0,0,0,0,0,0
9.16691541671753,0,0.0,0.0,0.0,0.0,0.0,0.0,0.0,0.0,0.03,0,0,0,0,0,0,0,0,0,0,0,0,0,0,0,0,0,0,0,0,0
9.168004512786865,0,0.0,0.0,0.0,0.0,0.0,0.0,0.0,0.0,0.03,0,0,0,0,0,0,0,0,0,0,0,0,0,0,0,0,0,0,0,0,0
9.16975998878479,0,0.0,0.0,0.0,0.0,0.0,0.0,0.0,0.0,0.03,0,0,0,0,0,0,0,0,0,0,0,0,0,0,0,0,0,0,0,0,0
9.170989513397217,0,0.0,0.0,0.0,0.0,0.0,0.0,0.0,0.0,0.03,0,0,0,0,0,0,0,0,0,0,0,0,0,0,0,0,0,0,0,0,0
9.172086715698242,0,0.0,0.0,0.0,0.0,0.0,0.0,0.0,0.0,0.03,0,0,0,0,0,0,0,0,0,0,0,0,0,0,0,0,0,0,0,0,0
9.17331051826477,0,0.0,0.0,0.0,0.0,0.0,0.0,0.0,0.0,0.03,0,0,0,0,0,0,0,0,0,0,0,0,0,0,0,0,0,0,0,0,0
9.174414157867432,0,0.0,0.0,0.0,0.0,0.0,0.0,0.0,0.0,0.03,0,0,0,0,0,0,0,0,0,0,0,0,0,0,0,0,0,0,0,0,0
9.17550253868103,0,0.0,0.0,0.0,0.0,0.0,0.0,0.0,0.0,0.03,0,0,0,0,0,0,0,0,0,0,0,0,0,0,0,0,0,0,0,0,0
9.177346467971802,0,0.0,0.0,0.0,0.0,0.0,0.0,0.0,0.0,0.03,0,0,0,0,0,0,0,0,0,0,0,0,0,0,0,0,0,0,0,0,0
9.178956985473633,0,0.0,0.0,0.0,0.0,0.0,0.0,0.0,0.0,0.03,0,0,0,0,0,0,0,0,0,0,0,0,0,0,0,0,0,0,0,0,0
9.180388927459717,0,0.0,0.0,0.0,0.0,0.0,0.0,0.0,0.0,0.03,0,0,0,0,0,0,0,0,0,0,0,0,0,0,0,0,0,0,0,0,0
9.181887149810791,0,0.0,0.0,0.0,0.0,0.0,0.0,0.0,0.0,0.03,0,0,0,0,0,0,0,0,0,0,0,0,0,0,0,0,0,0,0,0,0
9.183123350143433,0,0.0,0.0,0.0,0.0,0.0,0.0,0.0,0.0,0.03,0,0,0,0,0,0,0,0,0,0,0,0,0,0,0,0,0,0,0,0,0
9.18448805809021,0,0.0,0.0,0.0,0.0,0.0,0.0,0.0,0.0,0.03,0,0,0,0,0,0,0,0,0,0,0,0,0,0,0,0,0,0,0,0,0
9.186337232589722,0,0.0,0.0,0.0,0.0,0.0,0.0,0.0,0.0,0.03,0,0,0,0,0,0,0,0,0,0,0,0,0,0,0,0,0,0,0,0,0
9.187402963638306,0,0.0,0.0,0.0,0.0,0.0,0.0,0.0,0.0,0.03,0,0,0,0,0,0,0,0,0,0,0,0,0,0,0,0,0,0,0,0,0
9.188652753829956,0,0.0,0.0,0.0,0.0,0.0,0.0,0.0,0.0,0.03,0,0,0,0,0,0,0,0,0,0,0,0,0,0,0,0,0,0,0,0,0
9.190216541290283,0,0.0,0.0,0.0,0.0,0.0,0.0,0.0,0.0,0.03,0,0,0,0,0,0,0,0,0,0,0,0,0,0,0,0,0,0,0,0,0
9.19130539894104,0,0.0,0.0,0.0,0.0,0.0,0.0,0.0,0.0,0.03,0,0,0,0,0,0,0,0,0,0,0,0,0,0,0,0,0,0,0,0,0
9.19491958618164,0,0.0,0.0,0.0,0.0,0.0,0.0,0.0,0.0,0.03,0,0,0,0,0,0,0,0,0,0,0,0,0,0,0,0,0,0,0,0,0
9.196064710617065,0,0.0,0.0,0.0,0.0,0.0,0.0,0.0,0.0,0.03,0,0,0,0,0,0,0,0,0,0,0,0,0,0,0,0,0,0,0,0,0
9.198675394058228,0,0.0,0.0,0.0,0.0,0.0,0.0,0.0,0.0,0.03,0,0,0,0,0,0,0,0,0,0,0,0,0,0,0,0,0,0,0,0,0
9.200321197509766,0,0.0,0.0,0.0,0.0,0.0,0.0,0.0,0.0,0.03,0,0,0,0,0,0,0,0,0,0,0,0,0,0,0,0,0,0,0,0,0
9.202040672302246,0,0.0,0.0,0.0,0.0,0.0,0.0,0.0,0.0,0.03,0,0,0,0,0,0,0,0,0,0,0,0,0,0,0,0,0,0,0,0,0
9.203473091125488,0,0.0,0.0,0.0,0.0,0.0,0.0,0.0,0.0,0.03,0,0,0,0,0,0,0,0,0,0,0,0,0,0,0,0,0,0,0,0,0
9.205476760864258,0,0.0,0.0,0.0,0.0,0.0,0.0,0.0,0.0,0.03,0,0,0,0,0,0,0,0,0,0,0,0,0,0,0,0,0,0,0,0,0
9.206661224365234,0,0.0,0.0,0.0,0.0,0.0,0.0,0.0,0.0,0.03,0,0,0,0,0,0,0,0,0,0,0,0,0,0,0,0,0,0,0,0,0
9.207780599594116,0,0.0,0.0,0.0,0.0,0.0,0.0,0.0,0.0,0.03,0,0,0,0,0,0,0,0,0,0,0,0,0,0,0,0,0,0,0,0,0
9.20888066291809,0,0.0,0.0,0.0,0.0,0.0,0.0,0.0,0.0,0.03,0,0,0,0,0,0,0,0,0,0,0,0,0,0,0,0,0,0,0,0,0
9.210514545440674,0,0.0,0.0,0.0,0.0,0.0,0.0,0.0,0.0,0.03,0,0,0,0,0,0,0,0,0,0,0,0,0,0,0,0,0,0,0,0,0
9.211844205856323,0,0.0,0.0,0.0,0.0,0.0,0.0,0.0,0.0,0.03,0,0,0,0,0,0,0,0,0,0,0,0,0,0,0,0,0,0,0,0,0
9.213044881820679,0,0.0,0.0,0.0,0.0,0.0,0.0,0.0,0.0,0.03,0,0,0,0,0,0,0,0,0,0,0,0,0,0,0,0,0,0,0,0,0
9.214194536209106,0,0.0,0.0,0.0,0.0,0.0,0.0,0.0,0.0,0.03,0,0,0,0,0,0,0,0,0,0,0,0,0,0,0,0,0,0,0,0,0
9.215336084365845,0,0.0,0.0,0.0,0.0,0.0,0.0,0.0,0.0,0.03,0,0,0,0,0,0,0,0,0,0,0,0,0,0,0,0,0,0,0,0,0
9.216481685638428,0,0.0,0.0,0.0,0.0,0.0,0.0,0.0,0.0,0.03,0,0,0,0,0,0,0,0,0,0,0,0,0,0,0,0,0,0,0,0,0
9.217504739761353,0,0.0,0.0,0.0,0.0,0.0,0.0,0.0,0.0,0.03,0,0,0,0,0,0,0,0,0,0,0,0,0,0,0,0,0,0,0,0,0
9.218753814697266,0,0.0,0.0,0.0,0.0,0.0,0.0,0.0,0.0,0.03,0,0,0,0,0,0,0,0,0,0,0,0,0,0,0,0,0,0,0,0,0
9.220023393630981,0,0.0,0.0,0.0,0.0,0.0,0.0,0.0,0.0,0.03,0,0,0,0,0,0,0,0,0,0,0,0,0,0,0,0,0,0,0,0,0
9.221122026443481,0,0.0,0.0,0.0,0.0,0.0,0.0,0.0,0.0,0.03,0,0,0,0,0,0,0,0,0,0,0,0,0,0,0,0,0,0,0,0,0
9.223475694656372,0,0.0,0.0,0.0,0.0,0.0,0.0,0.0,0.0,0.03,0,0,0,0,0,0,0,0,0,0,0,0,0,0,0,0,0,0,0,0,0
9.224936246871948,0,0.0,0.0,0.0,0.0,0.0,0.0,0.0,0.0,0.03,0,0,0,0,0,0,0,0,0,0,0,0,0,0,0,0,0,0,0,0,0
9.22622013092041,0,0.0,0.0,0.0,0.0,0.0,0.0,0.0,0.0,0.03,0,0,0,0,0,0,0,0,0,0,0,0,0,0,0,0,0,0,0,0,0
9.227782487869263,0,0.0,0.0,0.0,0.0,0.0,0.0,0.0,0.0,0.03,0,0,0,0,0,0,0,0,0,0,0,0,0,0,0,0,0,0,0,0,0
9.229016780853271,0,0.0,0.0,0.0,0.0,0.0,0.0,0.0,0.0,0.03,0,0,0,0,0,0,0,0,0,0,0,0,0,0,0,0,0,0,0,0,0
9.230133295059204,0,0.0,0.0,0.0,0.0,0.0,0.0,0.0,0.0,0.03,0,0,0,0,0,0,0,0,0,0,0,0,0,0,0,0,0,0,0,0,0
9.231372356414795,0,0.0,0.0,0.0,0.0,0.0,0.0,0.0,0.0,0.03,0,0,0,0,0,0,0,0,0,0,0,0,0,0,0,0,0,0,0,0,0
9.232498407363892,0,0.0,0.0,0.0,0.0,0.0,0.0,0.0,0.0,0.03,0,0,0,0,0,0,0,0,0,0,0,0,0,0,0,0,0,0,0,0,0
9.233810663223267,0,0.0,0.0,0.0,0.0,0.0,0.0,0.0,0.0,0.03,0,0,0,0,0,0,0,0,0,0,0,0,0,0,0,0,0,0,0,0,0
9.235028505325317,0,0.0,0.0,0.0,0.0,0.0,0.0,0.0,0.0,0.03,0,0,0,0,0,0,0,0,0,0,0,0,0,0,0,0,0,0,0,0,0
9.236294507980347,0,0.0,0.0,0.0,0.0,0.0,0.0,0.0,0.0,0.03,0,0,0,0,0,0,0,0,0,0,0,0,0,0,0,0,0,0,0,0,0
9.23736572265625,0,0.0,0.0,0.0,0.0,0.0,0.0,0.0,0.0,0.03,0,0,0,0,0,0,0,0,0,0,0,0,0,0,0,0,0,0,0,0,0
9.239352941513062,0,0.0,0.0,0.0,0.0,0.0,0.0,0.0,0.0,0.03,0,0,0,0,0,0,0,0,0,0,0,0,0,0,0,0,0,0,0,0,0
9.241219997406006,0,0.0,0.0,0.0,0.0,0.0,0.0,0.0,0.0,0.03,0,0,0,0,0,0,0,0,0,0,0,0,0,0,0,0,0,0,0,0,0
9.242887496948242,0,0.0,0.0,0.0,0.0,0.0,0.0,0.0,0.0,0.03,0,0,0,0,0,0,0,0,0,0,0,0,0,0,0,0,0,0,0,0,0
9.244267702102661,0,0.0,0.0,0.0,0.0,0.0,0.0,0.0,0.0,0.03,0,0,0,0,0,0,0,0,0,0,0,0,0,0,0,0,0,0,0,0,0
9.24568247795105,0,0.0,0.0,0.0,0.0,0.0,0.0,0.0,0.0,0.03,0,0,0,0,0,0,0,0,0,0,0,0,0,0,0,0,0,0,0,0,0
9.247060060501099,0,0.0,0.0,0.0,0.0,0.0,0.0,0.0,0.0,0.03,0,0,0,0,0,0,0,0,0,0,0,0,0,0,0,0,0,0,0,0,0
9.24893593788147,0,0.0,0.0,0.0,0.0,0.0,0.0,0.0,0.0,0.03,0,0,0,0,0,0,0,0,0,0,0,0,0,0,0,0,0,0,0,0,0
9.25002646446228,0,0.0,0.0,0.0,0.0,0.0,0.0,0.0,0.0,0.03,0,0,0,0,0,0,0,0,0,0,0,0,0,0,0,0,0,0,0,0,0
9.251667737960815,0,0.0,0.0,0.0,0.0,0.0,0.0,0.0,0.0,0.03,0,0,0,0,0,0,0,0,0,0,0,0,0,0,0,0,0,0,0,0,0
9.253198623657227,0,0.0,0.0,0.0,0.0,0.0,0.0,0.0,0.0,0.03,0,0,0,0,0,0,0,0,0,0,0,0,0,0,0,0,0,0,0,0,0
9.256657600402832,0,0.0,0.0,0.0,0.0,0.0,0.0,0.0,0.0,0.03,0,0,0,0,0,0,0,0,0,0,0,0,0,0,0,0,0,0,0,0,0
9.25791335105896,0,0.0,0.0,0.0,0.0,0.0,0.0,0.0,0.0,0.03,0,0,0,0,0,0,0,0,0,0,0,0,0,0,0,0,0,0,0,0,0
9.259332418441772,0,0.0,0.0,0.0,0.0,0.0,0.0,0.0,0.0,0.03,0,0,0,0,0,0,0,0,0,0,0,0,0,0,0,0,0,0,0,0,0
9.263127565383911,0,0.0,0.0,0.0,0.0,0.0,0.0,0.0,0.0,0.03,0,0,0,0,0,0,0,0,0,0,0,0,0,0,0,0,0,0,0,0,0
9.264437675476074,0,0.0,0.0,0.0,0.0,0.0,0.0,0.0,0.0,0.03,0,0,0,0,0,0,0,0,0,0,0,0,0,0,0,0,0,0,0,0,0
9.26591444015503,0,0.0,0.0,0.0,0.0,0.0,0.0,0.0,0.0,0.03,0,0,0,0,0,0,0,0,0,0,0,0,0,0,0,0,0,0,0,0,0
9.2680344581604,0,0.0,0.0,0.0,0.0,0.0,0.0,0.0,0.0,0.03,0,0,0,0,0,0,0,0,0,0,0,0,0,0,0,0,0,0,0,0,0
9.269097566604614,0,0.0,0.0,0.0,0.0,0.0,0.0,0.0,0.0,0.03,0,0,0,0,0,0,0,0,0,0,0,0,0,0,0,0,0,0,0,0,0
9.270309686660767,0,0.0,0.0,0.0,0.0,0.0,0.0,0.0,0.0,0.03,0,0,0,0,0,0,0,0,0,0,0,0,0,0,0,0,0,0,0,0,0
9.272980213165283,0,0.0,0.0,0.0,0.0,0.0,0.0,0.0,0.0,0.03,0,0,0,0,0,0,0,0,0,0,0,0,0,0,0,0,0,0,0,0,0
9.27468729019165,0,0.0,0.0,0.0,0.0,0.0,0.0,0.0,0.0,0.03,0,0,0,0,0,0,0,0,0,0,0,0,0,0,0,0,0,0,0,0,0
9.275789022445679,0,0.0,0.0,0.0,0.0,0.0,0.0,0.0,0.0,0.03,0,0,0,0,0,0,0,0,0,0,0,0,0,0,0,0,0,0,0,0,0
9.276968955993652,0,0.0,0.0,0.0,0.0,0.0,0.0,0.0,0.0,0.03,0,0,0,0,0,0,0,0,0,0,0,0,0,0,0,0,0,0,0,0,0
9.27809739112854,0,0.0,0.0,0.0,0.0,0.0,0.0,0.0,0.0,0.03,0,0,0,0,0,0,0,0,0,0,0,0,0,0,0,0,0,0,0,0,0
9.279439687728882,0,0.0,0.0,0.0,0.0,0.0,0.0,0.0,0.0,0.03,0,0,0,0,0,0,0,0,0,0,0,0,0,0,0,0,0,0,0,0,0
9.280524015426636,0,0.0,0.0,0.0,0.0,0.0,0.0,0.0,0.0,0.03,0,0,0,0,0,0,0,0,0,0,0,0,0,0,0,0,0,0,0,0,0
9.281792879104614,0,0.0,0.0,0.0,0.0,0.0,0.0,0.0,0.0,0.03,0,0,0,0,0,0,0,0,0,0,0,0,0,0,0,0,0,0,0,0,0
9.284185886383057,0,0.0,0.0,0.0,0.0,0.0,0.0,0.0,0.0,0.03,0,0,0,0,0,0,0,0,0,0,0,0,0,0,0,0,0,0,0,0,0
9.285764932632446,0,0.0,0.0,0.0,0.0,0.0,0.0,0.0,0.0,0.03,0,0,0,0,0,0,0,0,0,0,0,0,0,0,0,0,0,0,0,0,0
9.287149667739868,0,0.0,0.0,0.0,0.0,0.0,0.0,0.0,0.0,0.03,0,0,0,0,0,0,0,0,0,0,0,0,0,0,0,0,0,0,0,0,0
9.28832721710205,0,0.0,0.0,0.0,0.0,0.0,0.0,0.0,0.0,0.03,0,0,0,0,0,0,0,0,0,0,0,0,0,0,0,0,0,0,0,0,0
9.28974962234497,0,0.0,0.0,0.0,0.0,0.0,0.0,0.0,0.0,0.03,0,0,0,0,0,0,0,0,0,0,0,0,0,0,0,0,0,0,0,0,0
9.291132688522339,0,0.0,0.0,0.0,0.0,0.0,0.0,0.0,0.0,0.03,0,0,0,0,0,0,0,0,0,0,0,0,0,0,0,0,0,0,0,0,0
9.292392015457153,0,0.0,0.0,0.0,0.0,0.0,0.0,0.0,0.0,0.03,0,0,0,0,0,0,0,0,0,0,0,0,0,0,0,0,0,0,0,0,0
9.293479919433594,0,0.0,0.0,0.0,0.0,0.0,0.0,0.0,0.0,0.03,0,0,0,0,0,0,0,0,0,0,0,0,0,0,0,0,0,0,0,0,0
9.29504680633545,0,0.0,0.0,0.0,0.0,0.0,0.0,0.0,0.0,0.03,0,0,0,0,0,0,0,0,0,0,0,0,0,0,0,0,0,0,0,0,0
9.296414375305176,0,0.0,0.0,0.0,0.0,0.0,0.0,0.0,0.0,0.03,0,0,0,0,0,0,0,0,0,0,0,0,0,0,0,0,0,0,0,0,0
9.297506093978882,0,0.0,0.0,0.0,0.0,0.0,0.0,0.0,0.0,0.03,0,0,0,0,0,0,0,0,0,0,0,0,0,0,0,0,0,0,0,0,0
9.298593759536743,0,0.0,0.0,0.0,0.0,0.0,0.0,0.0,0.0,0.03,0,0,0,0,0,0,0,0,0,0,0,0,0,0,0,0,0,0,0,0,0
9.299755811691284,0,0.0,0.0,0.0,0.0,0.0,0.0,0.0,0.0,0.03,0,0,0,0,0,0,0,0,0,0,0,0,0,0,0,0,0,0,0,0,0
9.300850868225098,0,0.0,0.0,0.0,0.0,0.0,0.0,0.0,0.0,0.03,0,0,0,0,0,0,0,0,0,0,0,0,0,0,0,0,0,0,0,0,0
9.30278491973877,0,0.0,0.0,0.0,0.0,0.0,0.0,0.0,0.0,0.03,0,0,0,0,0,0,0,0,0,0,0,0,0,0,0,0,0,0,0,0,0
9.304574728012085,0,0.0,0.0,0.0,0.0,0.0,0.0,0.0,0.0,0.03,0,0,0,0,0,0,0,0,0,0,0,0,0,0,0,0,0,0,0,0,0
9.30668044090271,0,0.0,0.0,0.0,0.0,0.0,0.0,0.0,0.0,0.03,0,0,0,0,0,0,0,0,0,0,0,0,0,0,0,0,0,0,0,0,0
9.308022260665894,0,0.0,0.0,0.0,0.0,0.0,0.0,0.0,0.0,0.03,0,0,0,0,0,0,0,0,0,0,0,0,0,0,0,0,0,0,0,0,0
9.309469223022461,0,0.0,0.0,0.0,0.0,0.0,0.0,0.0,0.0,0.03,0,0,0,0,0,0,0,0,0,0,0,0,0,0,0,0,0,0,0,0,0
9.311232805252075,0,0.0,0.0,0.0,0.0,0.0,0.0,0.0,0.0,0.03,0,0,0,0,0,0,0,0,0,0,0,0,0,0,0,0,0,0,0,0,0
9.312797784805298,0,0.0,0.0,0.0,0.0,0.0,0.0,0.0,0.0,0.03,0,0,0,0,0,0,0,0,0,0,0,0,0,0,0,0,0,0,0,0,0
9.313914775848389,0,0.0,0.0,0.0,0.0,0.0,0.0,0.0,0.0,0.03,0,0,0,0,0,0,0,0,0,0,0,0,0,0,0,0,0,0,0,0,0
9.315208911895752,0,0.0,0.0,0.0,0.0,0.0,0.0,0.0,0.0,0.03,0,0,0,0,0,0,0,0,0,0,0,0,0,0,0,0,0,0,0,0,0
9.316573858261108,0,0.0,0.0,0.0,0.0,0.0,0.0,0.0,0.0,0.03,0,0,0,0,0,0,0,0,0,0,0,0,0,0,0,0,0,0,0,0,0
9.31763744354248,0,0.0,0.0,0.0,0.0,0.0,0.0,0.0,0.0,0.03,0,0,0,0,0,0,0,0,0,0,0,0,0,0,0,0,0,0,0,0,0
9.320415258407593,0,0.0,0.0,0.0,0.0,0.0,0.0,0.0,0.0,0.03,0,0,0,0,0,0,0,0,0,0,0,0,0,0,0,0,0,0,0,0,0
9.321605920791626,0,0.0,0.0,0.0,0.0,0.0,0.0,0.0,0.0,0.03,0,0,0,0,0,0,0,0,0,0,0,0,0,0,0,0,0,0,0,0,0
9.322852849960327,0,0.0,0.0,0.0,0.0,0.0,0.0,0.0,0.0,0.03,0,0,0,0,0,0,0,0,0,0,0,0,0,0,0,0,0,0,0,0,0
9.324809074401855,0,0.0,0.0,0.0,0.0,0.0,0.0,0.0,0.0,0.03,0,0,0,0,0,0,0,0,0,0,0,0,0,0,0,0,0,0,0,0,0
9.327717065811157,0,0.0,0.0,0.0,0.0,0.0,0.0,0.0,0.0,0.03,0,0,0,0,0,0,0,0,0,0,0,0,0,0,0,0,0,0,0,0,0
9.329154968261719,0,0.0,0.0,0.0,0.0,0.0,0.0,0.0,0.0,0.03,0,0,0,0,0,0,0,0,0,0,0,0,0,0,0,0,0,0,0,0,0
9.331753253936768,0,0.0,0.0,0.0,0.0,0.0,0.0,0.0,0.0,0.03,0,0,0,0,0,0,0,0,0,0,0,0,0,0,0,0,0,0,0,0,0
9.33306884765625,0,0.0,0.0,0.0,0.0,0.0,0.0,0.0,0.0,0.03,0,0,0,0,0,0,0,0,0,0,0,0,0,0,0,0,0,0,0,0,0
9.334227800369263,0,0.0,0.0,0.0,0.0,0.0,0.0,0.0,0.0,0.03,0,0,0,0,0,0,0,0,0,0,0,0,0,0,0,0,0,0,0,0,0
9.335580825805664,0,0.0,0.0,0.0,0.0,0.0,0.0,0.0,0.0,0.03,0,0,0,0,0,0,0,0,0,0,0,0,0,0,0,0,0,0,0,0,0
9.33684253692627,0,0.0,0.0,0.0,0.0,0.0,0.0,0.0,0.0,0.03,0,0,0,0,0,0,0,0,0,0,0,0,0,0,0,0,0,0,0,0,0
9.33811354637146,0,0.0,0.0,0.0,0.0,0.0,0.0,0.0,0.0,0.03,0,0,0,0,0,0,0,0,0,0,0,0,0,0,0,0,0,0,0,0,0
9.339256763458252,0,0.0,0.0,0.0,0.0,0.0,0.0,0.0,0.0,0.03,0,0,0,0,0,0,0,0,0,0,0,0,0,0,0,0,0,0,0,0,0
9.340370655059814,0,0.0,0.0,0.0,0.0,0.0,0.0,0.0,0.0,0.03,0,0,0,0,0,0,0,0,0,0,0,0,0,0,0,0,0,0,0,0,0
9.341442346572876,0,0.0,0.0,0.0,0.0,0.0,0.0,0.0,0.0,0.03,0,0,0,0,0,0,0,0,0,0,0,0,0,0,0,0,0,0,0,0,0
9.342750549316406,0,0.0,0.0,0.0,0.0,0.0,0.0,0.0,0.0,0.03,0,0,0,0,0,0,0,0,0,0,0,0,0,0,0,0,0,0,0,0,0
9.343812465667725,0,0.0,0.0,0.0,0.0,0.0,0.0,0.0,0.0,0.03,0,0,0,0,0,0,0,0,0,0,0,0,0,0,0,0,0,0,0,0,0
9.34511661529541,0,0.0,0.0,0.0,0.0,0.0,0.0,0.0,0.0,0.03,0,0,0,0,0,0,0,0,0,0,0,0,0,0,0,0,0,0,0,0,0
9.34753680229187,0,0.0,0.0,0.0,0.0,0.0,0.0,0.0,0.0,0.03,0,0,0,0,0,0,0,0,0,0,0,0,0,0,0,0,0,0,0,0,0
9.350417613983154,0,0.0,0.0,0.0,0.0,0.0,0.0,0.0,0.0,0.03,0,0,0,0,0,0,0,0,0,0,0,0,0,0,0,0,0,0,0,0,0
9.35150694847107,0,0.0,0.0,0.0,0.0,0.0,0.0,0.0,0.0,0.03,0,0,0,0,0,0,0,0,0,0,0,0,0,0,0,0,0,0,0,0,0
9.35272765159607,0,0.0,0.0,0.0,0.0,0.0,0.0,0.0,0.0,0.03,0,0,0,0,0,0,0,0,0,0,0,0,0,0,0,0,0,0,0,0,0
9.35410761833191,0,0.0,0.0,0.0,0.0,0.0,0.0,0.0,0.0,0.03,0,0,0,0,0,0,0,0,0,0,0,0,0,0,0,0,0,0,0,0,0
9.355383396148682,0,0.0,0.0,0.0,0.0,0.0,0.0,0.0,0.0,0.03,0,0,0,0,0,0,0,0,0,0,0,0,0,0,0,0,0,0,0,0,0
9.35777235031128,0,0.0,0.0,0.0,0.0,0.0,0.0,0.0,0.0,0.03,0,0,0,0,0,0,0,0,0,0,0,0,0,0,0,0,0,0,0,0,0
9.358927011489868,0,0.0,0.0,0.0,0.0,0.0,0.0,0.0,0.0,0.03,0,0,0,0,0,0,0,0,0,0,0,0,0,0,0,0,0,0,0,0,0
9.359987020492554,0,0.0,0.0,0.0,0.0,0.0,0.0,0.0,0.0,0.03,0,0,0,0,0,0,0,0,0,0,0,0,0,0,0,0,0,0,0,0,0
9.361163854598999,0,0.0,0.0,0.0,0.0,0.0,0.0,0.0,0.0,0.03,0,0,0,0,0,0,0,0,0,0,0,0,0,0,0,0,0,0,0,0,0
9.362467050552368,0,0.0,0.0,0.0,0.0,0.0,0.0,0.0,0.0,0.03,0,0,0,0,0,0,0,0,0,0,0,0,0,0,0,0,0,0,0,0,0
9.363975763320923,0,0.0,0.0,0.0,0.0,0.0,0.0,0.0,0.0,0.03,0,0,0,0,0,0,0,0,0,0,0,0,0,0,0,0,0,0,0,0,0
9.366347074508667,0,0.0,0.0,0.0,0.0,0.0,0.0,0.0,0.0,0.03,0,0,0,0,0,0,0,0,0,0,0,0,0,0,0,0,0,0,0,0,0
9.367887258529663,0,0.0,0.0,0.0,0.0,0.0,0.0,0.0,0.0,0.03,0,0,0,0,0,0,0,0,0,0,0,0,0,0,0,0,0,0,0,0,0
9.369203805923462,0,0.0,0.0,0.0,0.0,0.0,0.0,0.0,0.0,0.03,0,0,0,0,0,0,0,0,0,0,0,0,0,0,0,0,0,0,0,0,0
9.370506763458252,0,0.0,0.0,0.0,0.0,0.0,0.0,0.0,0.0,0.03,0,0,0,0,0,0,0,0,0,0,0,0,0,0,0,0,0,0,0,0,0
9.371859550476074,0,0.0,0.0,0.0,0.0,0.0,0.0,0.0,0.0,0.03,0,0,0,0,0,0,0,0,0,0,0,0,0,0,0,0,0,0,0,0,0
9.373867511749268,0,0.0,0.0,0.0,0.0,0.0,0.0,0.0,0.0,0.03,0,0,0,0,0,0,0,0,0,0,0,0,0,0,0,0,0,0,0,0,0
9.374963283538818,0,0.0,0.0,0.0,0.0,0.0,0.0,0.0,0.0,0.03,0,0,0,0,0,0,0,0,0,0,0,0,0,0,0,0,0,0,0,0,0
9.37626838684082,0,0.0,0.0,0.0,0.0,0.0,0.0,0.0,0.0,0.03,0,0,0,0,0,0,0,0,0,0,0,0,0,0,0,0,0,0,0,0,0
9.377636432647705,0,0.0,0.0,0.0,0.0,0.0,0.0,0.0,0.0,0.03,0,0,0,0,0,0,0,0,0,0,0,0,0,0,0,0,0,0,0,0,0
9.378724336624146,0,0.0,0.0,0.0,0.0,0.0,0.0,0.0,0.0,0.03,0,0,0,0,0,0,0,0,0,0,0,0,0,0,0,0,0,0,0,0,0
9.380345821380615,0,0.0,0.0,0.0,0.0,0.0,0.0,0.0,0.0,0.03,0,0,0,0,0,0,0,0,0,0,0,0,0,0,0,0,0,0,0,0,0
9.38200306892395,0,0.0,0.0,0.0,0.0,0.0,0.0,0.0,0.0,0.03,0,0,0,0,0,0,0,0,0,0,0,0,0,0,0,0,0,0,0,0,0
9.383850574493408,0,0.0,0.0,0.0,0.0,0.0,0.0,0.0,0.0,0.03,0,0,0,0,0,0,0,0,0,0,0,0,0,0,0,0,0,0,0,0,0
9.385691404342651,0,0.0,0.0,0.0,0.0,0.0,0.0,0.0,0.0,0.03,0,0,0,0,0,0,0,0,0,0,0,0,0,0,0,0,0,0,0,0,0
9.389053106307983,0,0.0,0.0,0.0,0.0,0.0,0.0,0.0,0.0,0.03,0,0,0,0,0,0,0,0,0,0,0,0,0,0,0,0,0,0,0,0,0
9.390181303024292,0,0.0,0.0,0.0,0.0,0.0,0.0,0.0,0.0,0.03,0,0,0,0,0,0,0,0,0,0,0,0,0,0,0,0,0,0,0,0,0
9.391573667526245,0,0.0,0.0,0.0,0.0,0.0,0.0,0.0,0.0,0.03,0,0,0,0,0,0,0,0,0,0,0,0,0,0,0,0,0,0,0,0,0
9.392782926559448,0,0.0,0.0,0.0,0.0,0.0,0.0,0.0,0.0,0.03,0,0,0,0,0,0,0,0,0,0,0,0,0,0,0,0,0,0,0,0,0
9.394204378128052,0,0.0,0.0,0.0,0.0,0.0,0.0,0.0,0.0,0.03,0,0,0,0,0,0,0,0,0,0,0,0,0,0,0,0,0,0,0,0,0
9.395336151123047,0,0.0,0.0,0.0,0.0,0.0,0.0,0.0,0.0,0.03,0,0,0,0,0,0,0,0,0,0,0,0,0,0,0,0,0,0,0,0,0
9.397381782531738,0,0.0,0.0,0.0,0.0,0.0,0.0,0.0,0.0,0.03,0,0,0,0,0,0,0,0,0,0,0,0,0,0,0,0,0,0,0,0,0
9.398740768432617,0,0.0,0.0,0.0,0.0,0.0,0.0,0.0,0.0,0.03,0,0,0,0,0,0,0,0,0,0,0,0,0,0,0,0,0,0,0,0,0
9.399960279464722,0,0.0,0.0,0.0,0.0,0.0,0.0,0.0,0.0,0.03,0,0,0,0,0,0,0,0,0,0,0,0,0,0,0,0,0,0,0,0,0
9.401198863983154,0,0.0,0.0,0.0,0.0,0.0,0.0,0.0,0.0,0.03,0,0,0,0,0,0,0,0,0,0,0,0,0,0,0,0,0,0,0,0,0
9.402394771575928,0,0.0,0.0,0.0,0.0,0.0,0.0,0.0,0.0,0.03,0,0,0,0,0,0,0,0,0,0,0,0,0,0,0,0,0,0,0,0,0
9.4034903049469,0,0.0,0.0,0.0,0.0,0.0,0.0,0.0,0.0,0.03,0,0,0,0,0,0,0,0,0,0,0,0,0,0,0,0,0,0,0,0,0
9.404554843902588,0,0.0,0.0,0.0,0.0,0.0,0.0,0.0,0.0,0.03,0,0,0,0,0,0,0,0,0,0,0,0,0,0,0,0,0,0,0,0,0
9.406002759933472,0,0.0,0.0,0.0,0.0,0.0,0.0,0.0,0.0,0.03,0,0,0,0,0,0,0,0,0,0,0,0,0,0,0,0,0,0,0,0,0
9.408412218093872,0,0.0,0.0,0.0,0.0,0.0,0.0,0.0,0.0,0.03,0,0,0,0,0,0,0,0,0,0,0,0,0,0,0,0,0,0,0,0,0
9.410324335098267,0,0.0,0.0,0.0,0.0,0.0,0.0,0.0,0.0,0.03,0,0,0,0,0,0,0,0,0,0,0,0,0,0,0,0,0,0,0,0,0
9.411721467971802,0,0.0,0.0,0.0,0.0,0.0,0.0,0.0,0.0,0.03,0,0,0,0,0,0,0,0,0,0,0,0,0,0,0,0,0,0,0,0,0
9.412888765335083,0,0.0,0.0,0.0,0.0,0.0,0.0,0.0,0.0,0.03,0,0,0,0,0,0,0,0,0,0,0,0,0,0,0,0,0,0,0,0,0
9.41482138633728,0,0.0,0.0,0.0,0.0,0.0,0.0,0.0,0.0,0.03,0,0,0,0,0,0,0,0,0,0,0,0,0,0,0,0,0,0,0,0,0
9.416088581085205,0,0.0,0.0,0.0,0.0,0.0,0.0,0.0,0.0,0.03,0,0,0,0,0,0,0,0,0,0,0,0,0,0,0,0,0,0,0,0,0
9.417452812194824,0,0.0,0.0,0.0,0.0,0.0,0.0,0.0,0.0,0.03,0,0,0,0,0,0,0,0,0,0,0,0,0,0,0,0,0,0,0,0,0
9.418703079223633,0,0.0,0.0,0.0,0.0,0.0,0.0,0.0,0.0,0.03,0,0,0,0,0,0,0,0,0,0,0,0,0,0,0,0,0,0,0,0,0
9.420082092285156,0,0.0,0.0,0.0,0.0,0.0,0.0,0.0,0.0,0.03,0,0,0,0,0,0,0,0,0,0,0,0,0,0,0,0,0,0,0,0,0
9.421144723892212,0,0.0,0.0,0.0,0.0,0.0,0.0,0.0,0.0,0.03,0,0,0,0,0,0,0,0,0,0,0,0,0,0,0,0,0,0,0,0,0
9.422201156616211,0,0.0,0.0,0.0,0.0,0.0,0.0,0.0,0.0,0.03,0,0,0,0,0,0,0,0,0,0,0,0,0,0,0,0,0,0,0,0,0
9.423393487930298,0,0.0,0.0,0.0,0.0,0.0,0.0,0.0,0.0,0.03,0,0,0,0,0,0,0,0,0,0,0,0,0,0,0,0,0,0,0,0,0
9.42445969581604,0,0.0,0.0,0.0,0.0,0.0,0.0,0.0,0.0,0.03,0,0,0,0,0,0,0,0,0,0,0,0,0,0,0,0,0,0,0,0,0
9.425586462020874,0,0.0,0.0,0.0,0.0,0.0,0.0,0.0,0.0,0.03,0,0,0,0,0,0,0,0,0,0,0,0,0,0,0,0,0,0,0,0,0
9.427926778793335,0,0.0,0.0,0.0,0.0,0.0,0.0,0.0,0.0,0.03,0,0,0,0,0,0,0,0,0,0,0,0,0,0,0,0,0,0,0,0,0
9.429552793502808,0,0.0,0.0,0.0,0.0,0.0,0.0,0.0,0.0,0.03,0,0,0,0,0,0,0,0,0,0,0,0,0,0,0,0,0,0,0,0,0
9.430864095687866,0,0.0,0.0,0.0,0.0,0.0,0.0,0.0,0.0,0.03,0,0,0,0,0,0,0,0,0,0,0,0,0,0,0,0,0,0,0,0,0
9.432206392288208,0,0.0,0.0,0.0,0.0,0.0,0.0,0.0,0.0,0.03,0,0,0,0,0,0,0,0,0,0,0,0,0,0,0,0,0,0,0,0,0
9.43414831161499,0,0.0,0.0,0.0,0.0,0.0,0.0,0.0,0.0,0.03,0,0,0,0,0,0,0,0,0,0,0,0,0,0,0,0,0,0,0,0,0
9.435305833816528,0,0.0,0.0,0.0,0.0,0.0,0.0,0.0,0.0,0.03,0,0,0,0,0,0,0,0,0,0,0,0,0,0,0,0,0,0,0,0,0
9.43639850616455,0,0.0,0.0,0.0,0.0,0.0,0.0,0.0,0.0,0.03,0,0,0,0,0,0,0,0,0,0,0,0,0,0,0,0,0,0,0,0,0
9.438477516174316,0,0.0,0.0,0.0,0.0,0.0,0.0,0.0,0.0,0.03,0,0,0,0,0,0,0,0,0,0,0,0,0,0,0,0,0,0,0,0,0
9.439858198165894,0,0.0,0.0,0.0,0.0,0.0,0.0,0.0,0.0,0.03,0,0,0,0,0,0,0,0,0,0,0,0,0,0,0,0,0,0,0,0,0
9.443131685256958,0,0.0,0.0,0.0,0.0,0.0,0.0,0.0,0.0,0.03,0,0,0,0,0,0,0,0,0,0,0,0,0,0,0,0,0,0,0,0,0
9.444238662719727,0,0.0,0.0,0.0,0.0,0.0,0.0,0.0,0.0,0.03,0,0,0,0,0,0,0,0,0,0,0,0,0,0,0,0,0,0,0,0,0
9.445667028427124,0,0.0,0.0,0.0,0.0,0.0,0.0,0.0,0.0,0.03,0,0,0,0,0,0,0,0,0,0,0,0,0,0,0,0,0,0,0,0,0
9.447465419769287,0,0.0,0.0,0.0,0.0,0.0,0.0,0.0,0.0,0.03,0,0,0,0,0,0,0,0,0,0,0,0,0,0,0,0,0,0,0,0,0
9.449116945266724,0,0.0,0.0,0.0,0.0,0.0,0.0,0.0,0.0,0.03,0,0,0,0,0,0,0,0,0,0,0,0,0,0,0,0,0,0,0,0,0
9.450350284576416,0,0.0,0.0,0.0,0.0,0.0,0.0,0.0,0.0,0.03,0,0,0,0,0,0,0,0,0,0,0,0,0,0,0,0,0,0,0,0,0
9.45172905921936,0,0.0,0.0,0.0,0.0,0.0,0.0,0.0,0.0,0.03,0,0,0,0,0,0,0,0,0,0,0,0,0,0,0,0,0,0,0,0,0
9.453068494796753,0,0.0,0.0,0.0,0.0,0.0,0.0,0.0,0.0,0.03,0,0,0,0,0,0,0,0,0,0,0,0,0,0,0,0,0,0,0,0,0
9.454455137252808,0,0.0,0.0,0.0,0.0,0.0,0.0,0.0,0.0,0.03,0,0,0,0,0,0,0,0,0,0,0,0,0,0,0,0,0,0,0,0,0
9.456010103225708,0,0.0,0.0,0.0,0.0,0.0,0.0,0.0,0.0,0.03,0,0,0,0,0,0,0,0,0,0,0,0,0,0,0,0,0,0,0,0,0
9.457166910171509,0,0.0,0.0,0.0,0.0,0.0,0.0,0.0,0.0,0.03,0,0,0,0,0,0,0,0,0,0,0,0,0,0,0,0,0,0,0,0,0
9.459553956985474,0,0.0,0.0,0.0,0.0,0.0,0.0,0.0,0.0,0.03,0,0,0,0,0,0,0,0,0,0,0,0,0,0,0,0,0,0,0,0,0
9.460910558700562,0,0.0,0.0,0.0,0.0,0.0,0.0,0.0,0.0,0.03,0,0,0,0,0,0,0,0,0,0,0,0,0,0,0,0,0,0,0,0,0
9.4619882106781,0,0.0,0.0,0.0,0.0,0.0,0.0,0.0,0.0,0.03,0,0,0,0,0,0,0,0,0,0,0,0,0,0,0,0,0,0,0,0,0
9.463141441345215,0,0.0,0.0,0.0,0.0,0.0,0.0,0.0,0.0,0.03,0,0,0,0,0,0,0,0,0,0,0,0,0,0,0,0,0,0,0,0,0
9.464258909225464,0,0.0,0.0,0.0,0.0,0.0,0.0,0.0,0.0,0.03,0,0,0,0,0,0,0,0,0,0,0,0,0,0,0,0,0,0,0,0,0
9.465656042098999,0,0.0,0.0,0.0,0.0,0.0,0.0,0.0,0.0,0.03,0,0,0,0,0,0,0,0,0,0,0,0,0,0,0,0,0,0,0,0,0
9.46674108505249,0,0.0,0.0,0.0,0.0,0.0,0.0,0.0,0.0,0.03,0,0,0,0,0,0,0,0,0,0,0,0,0,0,0,0,0,0,0,0,0
9.46798586845398,0,0.0,0.0,0.0,0.0,0.0,0.0,0.0,0.0,0.03,0,0,0,0,0,0,0,0,0,0,0,0,0,0,0,0,0,0,0,0,0
9.470213890075684,0,0.0,0.0,0.0,0.0,0.0,0.0,0.0,0.0,0.03,0,0,0,0,0,0,0,0,0,0,0,0,0,0,0,0,0,0,0,0,0
9.471558809280396,0,0.0,0.0,0.0,0.0,0.0,0.0,0.0,0.0,0.03,0,0,0,0,0,0,0,0,0,0,0,0,0,0,0,0,0,0,0,0,0
9.47413945198059,0,0.0,0.0,0.0,0.0,0.0,0.0,0.0,0.0,0.03,0,0,0,0,0,0,0,0,0,0,0,0,0,0,0,0,0,0,0,0,0
9.47554874420166,0,0.0,0.0,0.0,0.0,0.0,0.0,0.0,0.0,0.03,0,0,0,0,0,0,0,0,0,0,0,0,0,0,0,0,0,0,0,0,0
9.477060317993164,0,0.0,0.0,0.0,0.0,0.0,0.0,0.0,0.0,0.03,0,0,0,0,0,0,0,0,0,0,0,0,0,0,0,0,0,0,0,0,0
9.479130744934082,0,0.0,0.0,0.0,0.0,0.0,0.0,0.0,0.0,0.03,0,0,0,0,0,0,0,0,0,0,0,0,0,0,0,0,0,0,0,0,0
9.480239868164062,0,0.0,0.0,0.0,0.0,0.0,0.0,0.0,0.0,0.03,0,0,0,0,0,0,0,0,0,0,0,0,0,0,0,0,0,0,0,0,0
9.481484413146973,0,0.0,0.0,0.0,0.0,0.0,0.0,0.0,0.0,0.03,0,0,0,0,0,0,0,0,0,0,0,0,0,0,0,0,0,0,0,0,0
9.482640981674194,0,0.0,0.0,0.0,0.0,0.0,0.0,0.0,0.0,0.03,0,0,0,0,0,0,0,0,0,0,0,0,0,0,0,0,0,0,0,0,0
9.483922004699707,0,0.0,0.0,0.0,0.0,0.0,0.0,0.0,0.0,0.03,0,0,0,0,0,0,0,0,0,0,0,0,0,0,0,0,0,0,0,0,0
9.48500680923462,0,0.0,0.0,0.0,0.0,0.0,0.0,0.0,0.0,0.03,0,0,0,0,0,0,0,0,0,0,0,0,0,0,0,0,0,0,0,0,0
9.486184120178223,0,0.0,0.0,0.0,0.0,0.0,0.0,0.0,0.0,0.03,0,0,0,0,0,0,0,0,0,0,0,0,0,0,0,0,0,0,0,0,0
9.487300157546997,0,0.0,0.0,0.0,0.0,0.0,0.0,0.0,0.0,0.03,0,0,0,0,0,0,0,0,0,0,0,0,0,0,0,0,0,0,0,0,0
9.488539695739746,0,0.0,0.0,0.0,0.0,0.0,0.0,0.0,0.0,0.03,0,0,0,0,0,0,0,0,0,0,0,0,0,0,0,0,0,0,0,0,0
9.492719173431396,0,0.0,0.0,0.0,0.0,0.0,0.0,0.0,0.0,0.03,0,0,0,0,0,0,0,0,0,0,0,0,0,0,0,0,0,0,0,0,0
9.49436616897583,0,0.0,0.0,0.0,0.0,0.0,0.0,0.0,0.0,0.03,0,0,0,0,0,0,0,0,0,0,0,0,0,0,0,0,0,0,0,0,0
9.495814085006714,0,0.0,0.0,0.0,0.0,0.0,0.0,0.0,0.0,0.03,0,0,0,0,0,0,0,0,0,0,0,0,0,0,0,0,0,0,0,0,0
9.496973276138306,0,0.0,0.0,0.0,0.0,0.0,0.0,0.0,0.0,0.03,0,0,0,0,0,0,0,0,0,0,0,0,0,0,0,0,0,0,0,0,0
9.498160362243652,0,0.0,0.0,0.0,0.0,0.0,0.0,0.0,0.0,0.03,0,0,0,0,0,0,0,0,0,0,0,0,0,0,0,0,0,0,0,0,0
9.499233484268188,0,0.0,0.0,0.0,0.0,0.0,0.0,0.0,0.0,0.03,0,0,0,0,0,0,0,0,0,0,0,0,0,0,0,0,0,0,0,0,0
9.500338554382324,0,0.0,0.0,0.0,0.0,0.0,0.0,0.0,0.0,0.03,0,0,0,0,0,0,0,0,0,0,0,0,0,0,0,0,0,0,0,0,0
9.501843214035034,0,0.0,0.0,0.0,0.0,0.0,0.0,0.0,0.0,0.03,0,0,0,0,0,0,0,0,0,0,0,0,0,0,0,0,0,0,0,0,0
9.503404140472412,0,0.0,0.0,0.0,0.0,0.0,0.0,0.0,0.0,0.03,0,0,0,0,0,0,0,0,0,0,0,0,0,0,0,0,0,0,0,0,0
9.504494905471802,0,0.0,0.0,0.0,0.0,0.0,0.0,0.0,0.0,0.03,0,0,0,0,0,0,0,0,0,0,0,0,0,0,0,0,0,0,0,0,0
9.506206512451172,0,0.0,0.0,0.0,0.0,0.0,0.0,0.0,0.0,0.03,0,0,0,0,0,0,0,0,0,0,0,0,0,0,0,0,0,0,0,0,0
9.508408308029175,0,0.0,0.0,0.0,0.0,0.0,0.0,0.0,0.0,0.03,0,0,0,0,0,0,0,0,0,0,0,0,0,0,0,0,0,0,0,0,0
9.510115146636963,0,0.0,0.0,0.0,0.0,0.0,0.0,0.0,0.0,0.03,0,0,0,0,0,0,0,0,0,0,0,0,0,0,0,0,0,0,0,0,0
9.512024641036987,0,0.0,0.0,0.0,0.0,0.0,0.0,0.0,0.0,0.03,0,0,0,0,0,0,0,0,0,0,0,0,0,0,0,0,0,0,0,0,0
9.513649940490723,0,0.0,0.0,0.0,0.0,0.0,0.0,0.0,0.0,0.03,0,0,0,0,0,0,0,0,0,0,0,0,0,0,0,0,0,0,0,0,0
9.515531539916992,0,0.0,0.0,0.0,0.0,0.0,0.0,0.0,0.0,0.03,0,0,0,0,0,0,0,0,0,0,0,0,0,0,0,0,0,0,0,0,0
9.51694393157959,0,0.0,0.0,0.0,0.0,0.0,0.0,0.0,0.0,0.03,0,0,0,0,0,0,0,0,0,0,0,0,0,0,0,0,0,0,0,0,0
9.518399000167847,0,0.0,0.0,0.0,0.0,0.0,0.0,0.0,0.0,0.03,0,0,0,0,0,0,0,0,0,0,0,0,0,0,0,0,0,0,0,0,0
9.52062439918518,0,0.0,0.0,0.0,0.0,0.0,0.0,0.0,0.0,0.03,0,0,0,0,0,0,0,0,0,0,0,0,0,0,0,0,0,0,0,0,0
9.521817445755005,0,0.0,0.0,0.0,0.0,0.0,0.0,0.0,0.0,0.03,0,0,0,0,0,0,0,0,0,0,0,0,0,0,0,0,0,0,0,0,0
9.523661136627197,0,0.0,0.0,0.0,0.0,0.0,0.0,0.0,0.0,0.03,0,0,0,0,0,0,0,0,0,0,0,0,0,0,0,0,0,0,0,0,0
9.525409460067749,0,0.0,0.0,0.0,0.0,0.0,0.0,0.0,0.0,0.03,0,0,0,0,0,0,0,0,0,0,0,0,0,0,0,0,0,0,0,0,0
9.526516437530518,0,0.0,0.0,0.0,0.0,0.0,0.0,0.0,0.0,0.03,0,0,0,0,0,0,0,0,0,0,0,0,0,0,0,0,0,0,0,0,0
9.527607917785645,0,0.0,0.0,0.0,0.0,0.0,0.0,0.0,0.0,0.03,0,0,0,0,0,0,0,0,0,0,0,0,0,0,0,0,0,0,0,0,0
9.52881145477295,0,0.0,0.0,0.0,0.0,0.0,0.0,0.0,0.0,0.03,0,0,0,0,0,0,0,0,0,0,0,0,0,0,0,0,0,0,0,0,0
9.529934644699097,0,0.0,0.0,0.0,0.0,0.0,0.0,0.0,0.0,0.03,0,0,0,0,0,0,0,0,0,0,0,0,0,0,0,0,0,0,0,0,0
9.531051874160767,0,0.0,0.0,0.0,0.0,0.0,0.0,0.0,0.0,0.03,0,0,0,0,0,0,0,0,0,0,0,0,0,0,0,0,0,0,0,0,0
9.532159566879272,0,0.0,0.0,0.0,0.0,0.0,0.0,0.0,0.0,0.03,0,0,0,0,0,0,0,0,0,0,0,0,0,0,0,0,0,0,0,0,0
9.533324956893921,0,0.0,0.0,0.0,0.0,0.0,0.0,0.0,0.0,0.03,0,0,0,0,0,0,0,0,0,0,0,0,0,0,0,0,0,0,0,0,0
9.535058498382568,0,0.0,0.0,0.0,0.0,0.0,0.0,0.0,0.0,0.03,0,0,0,0,0,0,0,0,0,0,0,0,0,0,0,0,0,0,0,0,0
9.537349462509155,0,0.0,0.0,0.0,0.0,0.0,0.0,0.0,0.0,0.03,0,0,0,0,0,0,0,0,0,0,0,0,0,0,0,0,0,0,0,0,0
9.538662195205688,0,0.0,0.0,0.0,0.0,0.0,0.0,0.0,0.0,0.03,0,0,0,0,0,0,0,0,0,0,0,0,0,0,0,0,0,0,0,0,0
9.539801359176636,0,0.0,0.0,0.0,0.0,0.0,0.0,0.0,0.0,0.03,0,0,0,0,0,0,0,0,0,0,0,0,0,0,0,0,0,0,0,0,0
9.54182243347168,0,0.0,0.0,0.0,0.0,0.0,0.0,0.0,0.0,0.03,0,0,0,0,0,0,0,0,0,0,0,0,0,0,0,0,0,0,0,0,0
9.543387174606323,0,0.0,0.0,0.0,0.0,0.0,0.0,0.0,0.0,0.03,0,0,0,0,0,0,0,0,0,0,0,0,0,0,0,0,0,0,0,0,0
9.544477462768555,0,0.0,0.0,0.0,0.0,0.0,0.0,0.0,0.0,0.03,0,0,0,0,0,0,0,0,0,0,0,0,0,0,0,0,0,0,0,0,0
9.54637336730957,0,0.0,0.0,0.0,0.0,0.0,0.0,0.0,0.0,0.03,0,0,0,0,0,0,0,0,0,0,0,0,0,0,0,0,0,0,0,0,0
9.547460794448853,0,0.0,0.0,0.0,0.0,0.0,0.0,0.0,0.0,0.03,0,0,0,0,0,0,0,0,0,0,0,0,0,0,0,0,0,0,0,0,0
9.54852819442749,0,0.0,0.0,0.0,0.0,0.0,0.0,0.0,0.0,0.03,0,0,0,0,0,0,0,0,0,0,0,0,0,0,0,0,0,0,0,0,0
9.54958701133728,0,0.0,0.0,0.0,0.0,0.0,0.0,0.0,0.0,0.03,0,0,0,0,0,0,0,0,0,0,0,0,0,0,0,0,0,0,0,0,0
9.550721645355225,0,0.0,0.0,0.0,0.0,0.0,0.0,0.0,0.0,0.03,0,0,0,0,0,0,0,0,0,0,0,0,0,0,0,0,0,0,0,0,0
9.551809549331665,0,0.0,0.0,0.0,0.0,0.0,0.0,0.0,0.0,0.03,0,0,0,0,0,0,0,0,0,0,0,0,0,0,0,0,0,0,0,0,0
9.553390264511108,0,0.0,0.0,0.0,0.0,0.0,0.0,0.0,0.0,0.03,0,0,0,0,0,0,0,0,0,0,0,0,0,0,0,0,0,0,0,0,0
9.5551917552948,0,0.0,0.0,0.0,0.0,0.0,0.0,0.0,0.0,0.03,0,0,0,0,0,0,0,0,0,0,0,0,0,0,0,0,0,0,0,0,0
9.557778596878052,0,0.0,0.0,0.0,0.0,0.0,0.0,0.0,0.0,0.03,0,0,0,0,0,0,0,0,0,0,0,0,0,0,0,0,0,0,0,0,0
9.559041023254395,0,0.0,0.0,0.0,0.0,0.0,0.0,0.0,0.0,0.03,0,0,0,0,0,0,0,0,0,0,0,0,0,0,0,0,0,0,0,0,0
9.560408353805542,0,0.0,0.0,0.0,0.0,0.0,0.0,0.0,0.0,0.03,0,0,0,0,0,0,0,0,0,0,0,0,0,0,0,0,0,0,0,0,0
9.561780452728271,0,0.0,0.0,0.0,0.0,0.0,0.0,0.0,0.0,0.03,0,0,0,0,0,0,0,0,0,0,0,0,0,0,0,0,0,0,0,0,0
9.563234806060791,0,0.0,0.0,0.0,0.0,0.0,0.0,0.0,0.0,0.03,0,0,0,0,0,0,0,0,0,0,0,0,0,0,0,0,0,0,0,0,0
9.564350843429565,0,0.0,0.0,0.0,0.0,0.0,0.0,0.0,0.0,0.03,0,0,0,0,0,0,0,0,0,0,0,0,0,0,0,0,0,0,0,0,0
9.565565586090088,0,0.0,0.0,0.0,0.0,0.0,0.0,0.0,0.0,0.03,0,0,0,0,0,0,0,0,0,0,0,0,0,0,0,0,0,0,0,0,0
9.566914558410645,0,0.0,0.0,0.0,0.0,0.0,0.0,0.0,0.0,0.03,0,0,0,0,0,0,0,0,0,0,0,0,0,0,0,0,0,0,0,0,0
9.568000078201294,0,0.0,0.0,0.0,0.0,0.0,0.0,0.0,0.0,0.03,0,0,0,0,0,0,0,0,0,0,0,0,0,0,0,0,0,0,0,0,0
9.570753812789917,0,0.0,0.0,0.0,0.0,0.0,0.0,0.0,0.0,0.03,0,0,0,0,0,0,0,0,0,0,0,0,0,0,0,0,0,0,0,0,0
9.57192325592041,0,0.0,0.0,0.0,0.0,0.0,0.0,0.0,0.0,0.03,0,0,0,0,0,0,0,0,0,0,0,0,0,0,0,0,0,0,0,0,0
9.573842525482178,0,0.0,0.0,0.0,0.0,0.0,0.0,0.0,0.0,0.03,0,0,0,0,0,0,0,0,0,0,0,0,0,0,0,0,0,0,0,0,0
9.575872421264648,0,0.0,0.0,0.0,0.0,0.0,0.0,0.0,0.0,0.03,0,0,0,0,0,0,0,0,0,0,0,0,0,0,0,0,0,0,0,0,0
9.57694959640503,0,0.0,0.0,0.0,0.0,0.0,0.0,0.0,0.0,0.03,0,0,0,0,0,0,0,0,0,0,0,0,0,0,0,0,0,0,0,0,0
9.57801079750061,0,0.0,0.0,0.0,0.0,0.0,0.0,0.0,0.0,0.03,0,0,0,0,0,0,0,0,0,0,0,0,0,0,0,0,0,0,0,0,0
9.579500198364258,0,0.0,0.0,0.0,0.0,0.0,0.0,0.0,0.0,0.03,0,0,0,0,0,0,0,0,0,0,0,0,0,0,0,0,0,0,0,0,0
9.580817222595215,0,0.0,0.0,0.0,0.0,0.0,0.0,0.0,0.0,0.03,0,0,0,0,0,0,0,0,0,0,0,0,0,0,0,0,0,0,0,0,0
9.581928968429565,0,0.0,0.0,0.0,0.0,0.0,0.0,0.0,0.0,0.03,0,0,0,0,0,0,0,0,0,0,0,0,0,0,0,0,0,0,0,0,0
9.583604335784912,0,0.0,0.0,0.0,0.0,0.0,0.0,0.0,0.0,0.03,0,0,0,0,0,0,0,0,0,0,0,0,0,0,0,0,0,0,0,0,0
9.58498477935791,0,0.0,0.0,0.0,0.0,0.0,0.0,0.0,0.0,0.03,0,0,0,0,0,0,0,0,0,0,0,0,0,0,0,0,0,0,0,0,0
9.586358308792114,0,0.0,0.0,0.0,0.0,0.0,0.0,0.0,0.0,0.03,0,0,0,0,0,0,0,0,0,0,0,0,0,0,0,0,0,0,0,0,0
9.587506771087646,0,0.0,0.0,0.0,0.0,0.0,0.0,0.0,0.0,0.03,0,0,0,0,0,0,0,0,0,0,0,0,0,0,0,0,0,0,0,0,0
9.588611841201782,0,0.0,0.0,0.0,0.0,0.0,0.0,0.0,0.0,0.03,0,0,0,0,0,0,0,0,0,0,0,0,0,0,0,0,0,0,0,0,0
9.590131521224976,0,0.0,0.0,0.0,0.0,0.0,0.0,0.0,0.0,0.03,0,0,0,0,0,0,0,0,0,0,0,0,0,0,0,0,0,0,0,0,0
9.591221570968628,0,0.0,0.0,0.0,0.0,0.0,0.0,0.0,0.0,0.03,0,0,0,0,0,0,0,0,0,0,0,0,0,0,0,0,0,0,0,0,0
9.59238052368164,0,0.0,0.0,0.0,0.0,0.0,0.0,0.0,0.0,0.03,0,0,0,0,0,0,0,0,0,0,0,0,0,0,0,0,0,0,0,0,0
9.593459606170654,0,0.0,0.0,0.0,0.0,0.0,0.0,0.0,0.0,0.03,0,0,0,0,0,0,0,0,0,0,0,0,0,0,0,0,0,0,0,0,0
9.594660520553589,0,0.0,0.0,0.0,0.0,0.0,0.0,0.0,0.0,0.03,0,0,0,0,0,0,0,0,0,0,0,0,0,0,0,0,0,0,0,0,0
9.595894575119019,0,0.0,0.0,0.0,0.0,0.0,0.0,0.0,0.0,0.03,0,0,0,0,0,0,0,0,0,0,0,0,0,0,0,0,0,0,0,0,0
9.597033262252808,0,0.0,0.0,0.0,0.0,0.0,0.0,0.0,0.0,0.03,0,0,0,0,0,0,0,0,0,0,0,0,0,0,0,0,0,0,0,0,0
9.598416090011597,0,0.0,0.0,0.0,0.0,0.0,0.0,0.0,0.0,0.03,0,0,0,0,0,0,0,0,0,0,0,0,0,0,0,0,0,0,0,0,0
9.599990844726562,0,0.0,0.0,0.0,0.0,0.0,0.0,0.0,0.0,0.03,0,0,0,0,0,0,0,0,0,0,0,0,0,0,0,0,0,0,0,0,0
9.60158085823059,0,0.0,0.0,0.0,0.0,0.0,0.0,0.0,0.0,0.03,0,0,0,0,0,0,0,0,0,0,0,0,0,0,0,0,0,0,0,0,0
9.602998495101929,0,0.0,0.0,0.0,0.0,0.0,0.0,0.0,0.0,0.03,0,0,0,0,0,0,0,0,0,0,0,0,0,0,0,0,0,0,0,0,0
9.604166269302368,0,0.0,0.0,0.0,0.0,0.0,0.0,0.0,0.0,0.03,0,0,0,0,0,0,0,0,0,0,0,0,0,0,0,0,0,0,0,0,0
9.605674743652344,0,0.0,0.0,0.0,0.0,0.0,0.0,0.0,0.0,0.03,0,0,0,0,0,0,0,0,0,0,0,0,0,0,0,0,0,0,0,0,0
9.606842041015625,0,0.0,0.0,0.0,0.0,0.0,0.0,0.0,0.0,0.03,0,0,0,0,0,0,0,0,0,0,0,0,0,0,0,0,0,0,0,0,0
9.60828948020935,0,0.0,0.0,0.0,0.0,0.0,0.0,0.0,0.0,0.03,0,0,0,0,0,0,0,0,0,0,0,0,0,0,0,0,0,0,0,0,0
9.60939908027649,0,0.0,0.0,0.0,0.0,0.0,0.0,0.0,0.0,0.03,0,0,0,0,0,0,0,0,0,0,0,0,0,0,0,0,0,0,0,0,0
9.610663890838623,0,0.0,0.0,0.0,0.0,0.0,0.0,0.0,0.0,0.03,0,0,0,0,0,0,0,0,0,0,0,0,0,0,0,0,0,0,0,0,0
9.611858367919922,0,0.0,0.0,0.0,0.0,0.0,0.0,0.0,0.0,0.03,0,0,0,0,0,0,0,0,0,0,0,0,0,0,0,0,0,0,0,0,0
9.613126754760742,0,0.0,0.0,0.0,0.0,0.0,0.0,0.0,0.0,0.03,0,0,0,0,0,0,0,0,0,0,0,0,0,0,0,0,0,0,0,0,0
9.614236116409302,0,0.0,0.0,0.0,0.0,0.0,0.0,0.0,0.0,0.03,0,0,0,0,0,0,0,0,0,0,0,0,0,0,0,0,0,0,0,0,0
9.615363836288452,0,0.0,0.0,0.0,0.0,0.0,0.0,0.0,0.0,0.03,0,0,0,0,0,0,0,0,0,0,0,0,0,0,0,0,0,0,0,0,0
9.616480588912964,0,0.0,0.0,0.0,0.0,0.0,0.0,0.0,0.0,0.03,0,0,0,0,0,0,0,0,0,0,0,0,0,0,0,0,0,0,0,0,0
9.617597818374634,0,0.0,0.0,0.0,0.0,0.0,0.0,0.0,0.0,0.03,0,0,0,0,0,0,0,0,0,0,0,0,0,0,0,0,0,0,0,0,0
9.62011170387268,0,0.0,0.0,0.0,0.0,0.0,0.0,0.0,0.0,0.03,0,0,0,0,0,0,0,0,0,0,0,0,0,0,0,0,0,0,0,0,0
9.622120380401611,0,0.0,0.0,0.0,0.0,0.0,0.0,0.0,0.0,0.03,0,0,0,0,0,0,0,0,0,0,0,0,0,0,0,0,0,0,0,0,0
9.623501539230347,0,0.0,0.0,0.0,0.0,0.0,0.0,0.0,0.0,0.03,0,0,0,0,0,0,0,0,0,0,0,0,0,0,0,0,0,0,0,0,0
9.625012159347534,0,0.0,0.0,0.0,0.0,0.0,0.0,0.0,0.0,0.03,0,0,0,0,0,0,0,0,0,0,0,0,0,0,0,0,0,0,0,0,0
9.626936435699463,0,0.0,0.0,0.0,0.0,0.0,0.0,0.0,0.0,0.03,0,0,0,0,0,0,0,0,0,0,0,0,0,0,0,0,0,0,0,0,0
9.628357887268066,0,0.0,0.0,0.0,0.0,0.0,0.0,0.0,0.0,0.03,0,0,0,0,0,0,0,0,0,0,0,0,0,0,0,0,0,0,0,0,0
9.629462480545044,0,0.0,0.0,0.0,0.0,0.0,0.0,0.0,0.0,0.03,0,0,0,0,0,0,0,0,0,0,0,0,0,0,0,0,0,0,0,0,0
9.630746364593506,0,0.0,0.0,0.0,0.0,0.0,0.0,0.0,0.0,0.03,0,0,0,0,0,0,0,0,0,0,0,0,0,0,0,0,0,0,0,0,0
9.63208556175232,0,0.0,0.0,0.0,0.0,0.0,0.0,0.0,0.0,0.03,0,0,0,0,0,0,0,0,0,0,0,0,0,0,0,0,0,0,0,0,0
9.633172750473022,0,0.0,0.0,0.0,0.0,0.0,0.0,0.0,0.0,0.03,0,0,0,0,0,0,0,0,0,0,0,0,0,0,0,0,0,0,0,0,0
9.635730504989624,0,0.0,0.0,0.0,0.0,0.0,0.0,0.0,0.0,0.03,0,0,0,0,0,0,0,0,0,0,0,0,0,0,0,0,0,0,0,0,0
9.636844396591187,0,0.0,0.0,0.0,0.0,0.0,0.0,0.0,0.0,0.03,0,0,0,0,0,0,0,0,0,0,0,0,0,0,0,0,0,0,0,0,0
9.638849020004272,0,0.0,0.0,0.0,0.0,0.0,0.0,0.0,0.0,0.03,0,0,0,0,0,0,0,0,0,0,0,0,0,0,0,0,0,0,0,0,0
9.640830278396606,0,0.0,0.0,0.0,0.0,0.0,0.0,0.0,0.0,0.03,0,0,0,0,0,0,0,0,0,0,0,0,0,0,0,0,0,0,0,0,0
9.641921281814575,0,0.0,0.0,0.0,0.0,0.0,0.0,0.0,0.0,0.03,0,0,0,0,0,0,0,0,0,0,0,0,0,0,0,0,0,0,0,0,0
9.643279314041138,0,0.0,0.0,0.0,0.0,0.0,0.0,0.0,0.0,0.03,0,0,0,0,0,0,0,0,0,0,0,0,0,0,0,0,0,0,0,0,0
9.64476752281189,0,0.0,0.0,0.0,0.0,0.0,0.0,0.0,0.0,0.03,0,0,0,0,0,0,0,0,0,0,0,0,0,0,0,0,0,0,0,0,0
9.646124362945557,0,0.0,0.0,0.0,0.0,0.0,0.0,0.0,0.0,0.03,0,0,0,0,0,0,0,0,0,0,0,0,0,0,0,0,0,0,0,0,0
9.647233486175537,0,0.0,0.0,0.0,0.0,0.0,0.0,0.0,0.0,0.03,0,0,0,0,0,0,0,0,0,0,0,0,0,0,0,0,0,0,0,0,0
9.648342609405518,0,0.0,0.0,0.0,0.0,0.0,0.0,0.0,0.0,0.03,0,0,0,0,0,0,0,0,0,0,0,0,0,0,0,0,0,0,0,0,0
9.649543285369873,0,0.0,0.0,0.0,0.0,0.0,0.0,0.0,0.0,0.03,0,0,0,0,0,0,0,0,0,0,0,0,0,0,0,0,0,0,0,0,0
9.65089750289917,0,0.0,0.0,0.0,0.0,0.0,0.0,0.0,0.0,0.03,0,0,0,0,0,0,0,0,0,0,0,0,0,0,0,0,0,0,0,0,0
9.652268648147583,0,0.0,0.0,0.0,0.0,0.0,0.0,0.0,0.0,0.03,0,0,0,0,0,0,0,0,0,0,0,0,0,0,0,0,0,0,0,0,0
9.653375387191772,0,0.0,0.0,0.0,0.0,0.0,0.0,0.0,0.0,0.03,0,0,0,0,0,0,0,0,0,0,0,0,0,0,0,0,0,0,0,0,0
9.654566764831543,0,0.0,0.0,0.0,0.0,0.0,0.0,0.0,0.0,0.03,0,0,0,0,0,0,0,0,0,0,0,0,0,0,0,0,0,0,0,0,0
9.655683994293213,0,0.0,0.0,0.0,0.0,0.0,0.0,0.0,0.0,0.03,0,0,0,0,0,0,0,0,0,0,0,0,0,0,0,0,0,0,0,0,0
9.656789064407349,0,0.0,0.0,0.0,0.0,0.0,0.0,0.0,0.0,0.03,0,0,0,0,0,0,0,0,0,0,0,0,0,0,0,0,0,0,0,0,0
9.657852411270142,0,0.0,0.0,0.0,0.0,0.0,0.0,0.0,0.0,0.03,0,0,0,0,0,0,0,0,0,0,0,0,0,0,0,0,0,0,0,0,0
9.65906286239624,0,0.0,0.0,0.0,0.0,0.0,0.0,0.0,0.0,0.03,0,0,0,0,0,0,0,0,0,0,0,0,0,0,0,0,0,0,0,0,0
9.66050672531128,0,0.0,0.0,0.0,0.0,0.0,0.0,0.0,0.0,0.03,0,0,0,0,0,0,0,0,0,0,0,0,0,0,0,0,0,0,0,0,0
9.6617910861969,0,0.0,0.0,0.0,0.0,0.0,0.0,0.0,0.0,0.03,0,0,0,0,0,0,0,0,0,0,0,0,0,0,0,0,0,0,0,0,0
9.663161277770996,0,0.0,0.0,0.0,0.0,0.0,0.0,0.0,0.0,0.03,0,0,0,0,0,0,0,0,0,0,0,0,0,0,0,0,0,0,0,0,0
9.664785146713257,0,0.0,0.0,0.0,0.0,0.0,0.0,0.0,0.0,0.03,0,0,0,0,0,0,0,0,0,0,0,0,0,0,0,0,0,0,0,0,0
9.666394472122192,0,0.0,0.0,0.0,0.0,0.0,0.0,0.0,0.0,0.03,0,0,0,0,0,0,0,0,0,0,0,0,0,0,0,0,0,0,0,0,0
9.667852401733398,0,0.0,0.0,0.0,0.0,0.0,0.0,0.0,0.0,0.03,0,0,0,0,0,0,0,0,0,0,0,0,0,0,0,0,0,0,0,0,0
9.668925285339355,0,0.0,0.0,0.0,0.0,0.0,0.0,0.0,0.0,0.03,0,0,0,0,0,0,0,0,0,0,0,0,0,0,0,0,0,0,0,0,0
9.670389652252197,0,0.0,0.0,0.0,0.0,0.0,0.0,0.0,0.0,0.03,0,0,0,0,0,0,0,0,0,0,0,0,0,0,0,0,0,0,0,0,0
9.671596765518188,0,0.0,0.0,0.0,0.0,0.0,0.0,0.0,0.0,0.03,0,0,0,0,0,0,0,0,0,0,0,0,0,0,0,0,0,0,0,0,0
9.673102855682373,0,0.0,0.0,0.0,0.0,0.0,0.0,0.0,0.0,0.03,0,0,0,0,0,0,0,0,0,0,0,0,0,0,0,0,0,0,0,0,0
9.674435138702393,0,0.0,0.0,0.0,0.0,0.0,0.0,0.0,0.0,0.03,0,0,0,0,0,0,0,0,0,0,0,0,0,0,0,0,0,0,0,0,0
9.676483869552612,0,0.0,0.0,0.0,0.0,0.0,0.0,0.0,0.0,0.03,0,0,0,0,0,0,0,0,0,0,0,0,0,0,0,0,0,0,0,0,0
9.677985906600952,0,0.0,0.0,0.0,0.0,0.0,0.0,0.0,0.0,0.03,0,0,0,0,0,0,0,0,0,0,0,0,0,0,0,0,0,0,0,0,0
9.679070234298706,0,0.0,0.0,0.0,0.0,0.0,0.0,0.0,0.0,0.03,0,0,0,0,0,0,0,0,0,0,0,0,0,0,0,0,0,0,0,0,0
9.680257558822632,0,0.0,0.0,0.0,0.0,0.0,0.0,0.0,0.0,0.03,0,0,0,0,0,0,0,0,0,0,0,0,0,0,0,0,0,0,0,0,0
9.682111024856567,0,0.0,0.0,0.0,0.0,0.0,0.0,0.0,0.0,0.03,0,0,0,0,0,0,0,0,0,0,0,0,0,0,0,0,0,0,0,0,0
9.685483694076538,0,0.0,0.0,0.0,0.0,0.0,0.0,0.0,0.0,0.03,0,0,0,0,0,0,0,0,0,0,0,0,0,0,0,0,0,0,0,0,0
9.687711477279663,0,0.0,0.0,0.0,0.0,0.0,0.0,0.0,0.0,0.03,0,0,0,0,0,0,0,0,0,0,0,0,0,0,0,0,0,0,0,0,0
9.688788175582886,0,0.0,0.0,0.0,0.0,0.0,0.0,0.0,0.0,0.03,0,0,0,0,0,0,0,0,0,0,0,0,0,0,0,0,0,0,0,0,0
9.68985366821289,0,0.0,0.0,0.0,0.0,0.0,0.0,0.0,0.0,0.03,0,0,0,0,0,0,0,0,0,0,0,0,0,0,0,0,0,0,0,0,0
9.691988945007324,0,0.0,0.0,0.0,0.0,0.0,0.0,0.0,0.0,0.03,0,0,0,0,0,0,0,0,0,0,0,0,0,0,0,0,0,0,0,0,0
9.693411111831665,0,0.0,0.0,0.0,0.0,0.0,0.0,0.0,0.0,0.03,0,0,0,0,0,0,0,0,0,0,0,0,0,0,0,0,0,0,0,0,0
9.69476866722107,0,0.0,0.0,0.0,0.0,0.0,0.0,0.0,0.0,0.03,0,0,0,0,0,0,0,0,0,0,0,0,0,0,0,0,0,0,0,0,0
9.695980072021484,0,0.0,0.0,0.0,0.0,0.0,0.0,0.0,0.0,0.03,0,0,0,0,0,0,0,0,0,0,0,0,0,0,0,0,0,0,0,0,0
9.697203397750854,0,0.0,0.0,0.0,0.0,0.0,0.0,0.0,0.0,0.03,0,0,0,0,0,0,0,0,0,0,0,0,0,0,0,0,0,0,0,0,0
9.69867491722107,0,0.0,0.0,0.0,0.0,0.0,0.0,0.0,0.0,0.03,0,0,0,0,0,0,0,0,0,0,0,0,0,0,0,0,0,0,0,0,0
9.70120120048523,0,0.0,0.0,0.0,0.0,0.0,0.0,0.0,0.0,0.03,0,0,0,0,0,0,0,0,0,0,0,0,0,0,0,0,0,0,0,0,0
9.702346563339233,0,0.0,0.0,0.0,0.0,0.0,0.0,0.0,0.0,0.03,0,0,0,0,0,0,0,0,0,0,0,0,0,0,0,0,0,0,0,0,0
9.703691959381104,0,0.0,0.0,0.0,0.0,0.0,0.0,0.0,0.0,0.03,0,0,0,0,0,0,0,0,0,0,0,0,0,0,0,0,0,0,0,0,0
9.705625534057617,0,0.0,0.0,0.0,0.0,0.0,0.0,0.0,0.0,0.03,0,0,0,0,0,0,0,0,0,0,0,0,0,0,0,0,0,0,0,0,0
9.707722663879395,0,0.0,0.0,0.0,0.0,0.0,0.0,0.0,0.0,0.03,0,0,0,0,0,0,0,0,0,0,0,0,0,0,0,0,0,0,0,0,0
9.709455966949463,0,0.0,0.0,0.0,0.0,0.0,0.0,0.0,0.0,0.03,0,0,0,0,0,0,0,0,0,0,0,0,0,0,0,0,0,0,0,0,0
9.71119499206543,0,0.0,0.0,0.0,0.0,0.0,0.0,0.0,0.0,0.03,0,0,0,0,0,0,0,0,0,0,0,0,0,0,0,0,0,0,0,0,0
9.712937831878662,0,0.0,0.0,0.0,0.0,0.0,0.0,0.0,0.0,0.03,0,0,0,0,0,0,0,0,0,0,0,0,0,0,0,0,0,0,0,0,0
9.71426272392273,0,0.0,0.0,0.0,0.0,0.0,0.0,0.0,0.0,0.03,0,0,0,0,0,0,0,0,0,0,0,0,0,0,0,0,0,0,0,0,0
9.715362071990967,0,0.0,0.0,0.0,0.0,0.0,0.0,0.0,0.0,0.03,0,0,0,0,0,0,0,0,0,0,0,0,0,0,0,0,0,0,0,0,0
9.716688871383667,0,0.0,0.0,0.0,0.0,0.0,0.0,0.0,0.0,0.03,0,0,0,0,0,0,0,0,0,0,0,0,0,0,0,0,0,0,0,0,0
9.717752695083618,0,0.0,0.0,0.0,0.0,0.0,0.0,0.0,0.0,0.03,0,0,0,0,0,0,0,0,0,0,0,0,0,0,0,0,0,0,0,0,0
9.718930721282959,0,0.0,0.0,0.0,0.0,0.0,0.0,0.0,0.0,0.03,0,0,0,0,0,0,0,0,0,0,0,0,0,0,0,0,0,0,0,0,0
9.720035791397095,0,0.0,0.0,0.0,0.0,0.0,0.0,0.0,0.0,0.03,0,0,0,0,0,0,0,0,0,0,0,0,0,0,0,0,0,0,0,0,0
9.721693277359009,0,0.0,0.0,0.0,0.0,0.0,0.0,0.0,0.0,0.03,0,0,0,0,0,0,0,0,0,0,0,0,0,0,0,0,0,0,0,0,0
9.722789287567139,0,0.0,0.0,0.0,0.0,0.0,0.0,0.0,0.0,0.03,0,0,0,0,0,0,0,0,0,0,0,0,0,0,0,0,0,0,0,0,0
9.723874807357788,0,0.0,0.0,0.0,0.0,0.0,0.0,0.0,0.0,0.03,0,0,0,0,0,0,0,0,0,0,0,0,0,0,0,0,0,0,0,0,0
9.724962711334229,0,0.0,0.0,0.0,0.0,0.0,0.0,0.0,0.0,0.03,0,0,0,0,0,0,0,0,0,0,0,0,0,0,0,0,0,0,0,0,0
9.726094007492065,0,0.0,0.0,0.0,0.0,0.0,0.0,0.0,0.0,0.03,0,0,0,0,0,0,0,0,0,0,0,0,0,0,0,0,0,0,0,0,0
9.72730541229248,0,0.0,0.0,0.0,0.0,0.0,0.0,0.0,0.0,0.03,0,0,0,0,0,0,0,0,0,0,0,0,0,0,0,0,0,0,0,0,0
9.728394031524658,0,0.0,0.0,0.0,0.0,0.0,0.0,0.0,0.0,0.03,0,0,0,0,0,0,0,0,0,0,0,0,0,0,0,0,0,0,0,0,0
9.73035979270935,0,0.0,0.0,0.0,0.0,0.0,0.0,0.0,0.0,0.03,0,0,0,0,0,0,0,0,0,0,0,0,0,0,0,0,0,0,0,0,0
9.732097387313843,0,0.0,0.0,0.0,0.0,0.0,0.0,0.0,0.0,0.03,0,0,0,0,0,0,0,0,0,0,0,0,0,0,0,0,0,0,0,0,0
9.733712911605835,0,0.0,0.0,0.0,0.0,0.0,0.0,0.0,0.0,0.03,0,0,0,0,0,0,0,0,0,0,0,0,0,0,0,0,0,0,0,0,0
9.735125303268433,0,0.0,0.0,0.0,0.0,0.0,0.0,0.0,0.0,0.03,0,0,0,0,0,0,0,0,0,0,0,0,0,0,0,0,0,0,0,0,0
9.736271858215332,0,0.0,0.0,0.0,0.0,0.0,0.0,0.0,0.0,0.03,0,0,0,0,0,0,0,0,0,0,0,0,0,0,0,0,0,0,0,0,0
9.738707542419434,0,0.0,0.0,0.0,0.0,0.0,0.0,0.0,0.0,0.03,0,0,0,0,0,0,0,0,0,0,0,0,0,0,0,0,0,0,0,0,0
9.740461826324463,0,0.0,0.0,0.0,0.0,0.0,0.0,0.0,0.0,0.03,0,0,0,0,0,0,0,0,0,0,0,0,0,0,0,0,0,0,0,0,0
9.741716384887695,0,0.0,0.0,0.0,0.0,0.0,0.0,0.0,0.0,0.03,0,0,0,0,0,0,0,0,0,0,0,0,0,0,0,0,0,0,0,0,0
9.743091344833374,0,0.0,0.0,0.0,0.0,0.0,0.0,0.0,0.0,0.03,0,0,0,0,0,0,0,0,0,0,0,0,0,0,0,0,0,0,0,0,0
9.74434208869934,0,0.0,0.0,0.0,0.0,0.0,0.0,0.0,0.0,0.03,0,0,0,0,0,0,0,0,0,0,0,0,0,0,0,0,0,0,0,0,0
9.745453596115112,0,0.0,0.0,0.0,0.0,0.0,0.0,0.0,0.0,0.03,0,0,0,0,0,0,0,0,0,0,0,0,0,0,0,0,0,0,0,0,0
9.746650695800781,0,0.0,0.0,0.0,0.0,0.0,0.0,0.0,0.0,0.03,0,0,0,0,0,0,0,0,0,0,0,0,0,0,0,0,0,0,0,0,0
9.747793912887573,0,0.0,0.0,0.0,0.0,0.0,0.0,0.0,0.0,0.03,0,0,0,0,0,0,0,0,0,0,0,0,0,0,0,0,0,0,0,0,0
9.749181747436523,0,0.0,0.0,0.0,0.0,0.0,0.0,0.0,0.0,0.03,0,0,0,0,0,0,0,0,0,0,0,0,0,0,0,0,0,0,0,0,0
9.750287532806396,0,0.0,0.0,0.0,0.0,0.0,0.0,0.0,0.0,0.03,0,0,0,0,0,0,0,0,0,0,0,0,0,0,0,0,0,0,0,0,0
9.752147912979126,0,0.0,0.0,0.0,0.0,0.0,0.0,0.0,0.0,0.03,0,0,0,0,0,0,0,0,0,0,0,0,0,0,0,0,0,0,0,0,0
9.75329041481018,0,0.0,0.0,0.0,0.0,0.0,0.0,0.0,0.0,0.03,0,0,0,0,0,0,0,0,0,0,0,0,0,0,0,0,0,0,0,0,0
9.755446672439575,0,0.0,0.0,0.0,0.0,0.0,0.0,0.0,0.0,0.03,0,0,0,0,0,0,0,0,0,0,0,0,0,0,0,0,0,0,0,0,0
9.7565279006958,0,0.0,0.0,0.0,0.0,0.0,0.0,0.0,0.0,0.03,0,0,0,0,0,0,0,0,0,0,0,0,0,0,0,0,0,0,0,0,0
9.757930278778076,0,0.0,0.0,0.0,0.0,0.0,0.0,0.0,0.0,0.03,0,0,0,0,0,0,0,0,0,0,0,0,0,0,0,0,0,0,0,0,0
9.759006023406982,0,0.0,0.0,0.0,0.0,0.0,0.0,0.0,0.0,0.03,0,0,0,0,0,0,0,0,0,0,0,0,0,0,0,0,0,0,0,0,0
9.760905504226685,0,0.0,0.0,0.0,0.0,0.0,0.0,0.0,0.0,0.03,0,0,0,0,0,0,0,0,0,0,0,0,0,0,0,0,0,0,0,0,0
9.762021541595459,0,0.0,0.0,0.0,0.0,0.0,0.0,0.0,0.0,0.03,0,0,0,0,0,0,0,0,0,0,0,0,0,0,0,0,0,0,0,0,0
9.763909578323364,0,0.0,0.0,0.0,0.0,0.0,0.0,0.0,0.0,0.03,0,0,0,0,0,0,0,0,0,0,0,0,0,0,0,0,0,0,0,0,0
9.765255212783813,0,0.0,0.0,0.0,0.0,0.0,0.0,0.0,0.0,0.03,0,0,0,0,0,0,0,0,0,0,0,0,0,0,0,0,0,0,0,0,0
9.76841425895691,0,0.0,0.0,0.0,0.0,0.0,0.0,0.0,0.0,0.03,0,0,0,0,0,0,0,0,0,0,0,0,0,0,0,0,0,0,0,0,0
9.769876480102539,0,0.0,0.0,0.0,0.0,0.0,0.0,0.0,0.0,0.03,0,0,0,0,0,0,0,0,0,0,0,0,0,0,0,0,0,0,0,0,0
9.771294832229614,0,0.0,0.0,0.0,0.0,0.0,0.0,0.0,0.0,0.03,0,0,0,0,0,0,0,0,0,0,0,0,0,0,0,0,0,0,0,0,0
9.772788286209106,0,0.0,0.0,0.0,0.0,0.0,0.0,0.0,0.0,0.03,0,0,0,0,0,0,0,0,0,0,0,0,0,0,0,0,0,0,0,0,0
9.776975154876709,0,0.0,0.0,0.0,0.0,0.0,0.0,0.0,0.0,0.03,0,0,0,0,0,0,0,0,0,0,0,0,0,0,0,0,0,0,0,0,0
9.778408765792847,0,0.0,0.0,0.0,0.0,0.0,0.0,0.0,0.0,0.03,0,0,0,0,0,0,0,0,0,0,0,0,0,0,0,0,0,0,0,0,0
9.779505014419556,0,0.0,0.0,0.0,0.0,0.0,0.0,0.0,0.0,0.03,0,0,0,0,0,0,0,0,0,0,0,0,0,0,0,0,0,0,0,0,0
9.78126335144043,0,0.0,0.0,0.0,0.0,0.0,0.0,0.0,0.0,0.03,0,0,0,0,0,0,0,0,0,0,0,0,0,0,0,0,0,0,0,0,0
9.782684326171875,0,0.0,0.0,0.0,0.0,0.0,0.0,0.0,0.0,0.03,0,0,0,0,0,0,0,0,0,0,0,0,0,0,0,0,0,0,0,0,0
9.783914804458618,0,0.0,0.0,0.0,0.0,0.0,0.0,0.0,0.0,0.03,0,0,0,0,0,0,0,0,0,0,0,0,0,0,0,0,0,0,0,0,0
9.785207986831665,0,0.0,0.0,0.0,0.0,0.0,0.0,0.0,0.0,0.03,0,0,0,0,0,0,0,0,0,0,0,0,0,0,0,0,0,0,0,0,0
9.78630781173706,0,0.0,0.0,0.0,0.0,0.0,0.0,0.0,0.0,0.03,0,0,0,0,0,0,0,0,0,0,0,0,0,0,0,0,0,0,0,0,0
9.787484407424927,0,0.0,0.0,0.0,0.0,0.0,0.0,0.0,0.0,0.03,0,0,0,0,0,0,0,0,0,0,0,0,0,0,0,0,0,0,0,0,0
9.788574457168579,0,0.0,0.0,0.0,0.0,0.0,0.0,0.0,0.0,0.03,0,0,0,0,0,0,0,0,0,0,0,0,0,0,0,0,0,0,0,0,0
9.789655208587646,0,0.0,0.0,0.0,0.0,0.0,0.0,0.0,0.0,0.03,0,0,0,0,0,0,0,0,0,0,0,0,0,0,0,0,0,0,0,0,0
9.790737390518188,0,0.0,0.0,0.0,0.0,0.0,0.0,0.0,0.0,0.03,0,0,0,0,0,0,0,0,0,0,0,0,0,0,0,0,0,0,0,0,0
9.791887044906616,0,0.0,0.0,0.0,0.0,0.0,0.0,0.0,0.0,0.03,0,0,0,0,0,0,0,0,0,0,0,0,0,0,0,0,0,0,0,0,0
9.79309344291687,0,0.0,0.0,0.0,0.0,0.0,0.0,0.0,0.0,0.03,0,0,0,0,0,0,0,0,0,0,0,0,0,0,0,0,0,0,0,0,0
9.794156551361084,0,0.0,0.0,0.0,0.0,0.0,0.0,0.0,0.0,0.03,0,0,0,0,0,0,0,0,0,0,0,0,0,0,0,0,0,0,0,0,0
9.79524040222168,0,0.0,0.0,0.0,0.0,0.0,0.0,0.0,0.0,0.03,0,0,0,0,0,0,0,0,0,0,0,0,0,0,0,0,0,0,0,0,0
9.797401666641235,0,0.0,0.0,0.0,0.0,0.0,0.0,0.0,0.0,0.03,0,0,0,0,0,0,0,0,0,0,0,0,0,0,0,0,0,0,0,0,0
9.799224853515625,0,0.0,0.0,0.0,0.0,0.0,0.0,0.0,0.0,0.03,0,0,0,0,0,0,0,0,0,0,0,0,0,0,0,0,0,0,0,0,0
9.80056619644165,0,0.0,0.0,0.0,0.0,0.0,0.0,0.0,0.0,0.03,0,0,0,0,0,0,0,0,0,0,0,0,0,0,0,0,0,0,0,0,0
9.801758766174316,0,0.0,0.0,0.0,0.0,0.0,0.0,0.0,0.0,0.03,0,0,0,0,0,0,0,0,0,0,0,0,0,0,0,0,0,0,0,0,0
9.802982091903687,0,0.0,0.0,0.0,0.0,0.0,0.0,0.0,0.0,0.03,0,0,0,0,0,0,0,0,0,0,0,0,0,0,0,0,0,0,0,0,0
9.80406141281128,0,0.0,0.0,0.0,0.0,0.0,0.0,0.0,0.0,0.03,0,0,0,0,0,0,0,0,0,0,0,0,0,0,0,0,0,0,0,0,0
9.805793285369873,0,0.0,0.0,0.0,0.0,0.0,0.0,0.0,0.0,0.03,0,0,0,0,0,0,0,0,0,0,0,0,0,0,0,0,0,0,0,0,0
9.806966304779053,0,0.0,0.0,0.0,0.0,0.0,0.0,0.0,0.0,0.03,0,0,0,0,0,0,0,0,0,0,0,0,0,0,0,0,0,0,0,0,0
9.808486461639404,0,0.0,0.0,0.0,0.0,0.0,0.0,0.0,0.0,0.03,0,0,0,0,0,0,0,0,0,0,0,0,0,0,0,0,0,0,0,0,0
9.809576511383057,0,0.0,0.0,0.0,0.0,0.0,0.0,0.0,0.0,0.03,0,0,0,0,0,0,0,0,0,0,0,0,0,0,0,0,0,0,0,0,0
9.810673713684082,0,0.0,0.0,0.0,0.0,0.0,0.0,0.0,0.0,0.03,0,0,0,0,0,0,0,0,0,0,0,0,0,0,0,0,0,0,0,0,0
9.811785459518433,0,0.0,0.0,0.0,0.0,0.0,0.0,0.0,0.0,0.03,0,0,0,0,0,0,0,0,0,0,0,0,0,0,0,0,0,0,0,0,0
9.813021183013916,0,0.0,0.0,0.0,0.0,0.0,0.0,0.0,0.0,0.03,0,0,0,0,0,0,0,0,0,0,0,0,0,0,0,0,0,0,0,0,0
9.81445574760437,0,0.0,0.0,0.0,0.0,0.0,0.0,0.0,0.0,0.03,0,0,0,0,0,0,0,0,0,0,0,0,0,0,0,0,0,0,0,0,0
9.815585374832153,0,0.0,0.0,0.0,0.0,0.0,0.0,0.0,0.0,0.03,0,0,0,0,0,0,0,0,0,0,0,0,0,0,0,0,0,0,0,0,0
9.81801700592041,0,0.0,0.0,0.0,0.0,0.0,0.0,0.0,0.0,0.03,0,0,0,0,0,0,0,0,0,0,0,0,0,0,0,0,0,0,0,0,0
9.819607257843018,0,0.0,0.0,0.0,0.0,0.0,0.0,0.0,0.0,0.03,0,0,0,0,0,0,0,0,0,0,0,0,0,0,0,0,0,0,0,0,0
9.821060180664062,0,0.0,0.0,0.0,0.0,0.0,0.0,0.0,0.0,0.03,0,0,0,0,0,0,0,0,0,0,0,0,0,0,0,0,0,0,0,0,0
9.822181463241577,0,0.0,0.0,0.0,0.0,0.0,0.0,0.0,0.0,0.03,0,0,0,0,0,0,0,0,0,0,0,0,0,0,0,0,0,0,0,0,0
9.824162721633911,0,0.0,0.0,0.0,0.0,0.0,0.0,0.0,0.0,0.03,0,0,0,0,0,0,0,0,0,0,0,0,0,0,0,0,0,0,0,0,0
9.825911283493042,0,0.0,0.0,0.0,0.0,0.0,0.0,0.0,0.0,0.03,0,0,0,0,0,0,0,0,0,0,0,0,0,0,0,0,0,0,0,0,0
9.827426671981812,0,0.0,0.0,0.0,0.0,0.0,0.0,0.0,0.0,0.03,0,0,0,0,0,0,0,0,0,0,0,0,0,0,0,0,0,0,0,0,0
9.829216957092285,0,0.0,0.0,0.0,0.0,0.0,0.0,0.0,0.0,0.03,0,0,0,0,0,0,0,0,0,0,0,0,0,0,0,0,0,0,0,0,0
9.830308198928833,0,0.0,0.0,0.0,0.0,0.0,0.0,0.0,0.0,0.03,0,0,0,0,0,0,0,0,0,0,0,0,0,0,0,0,0,0,0,0,0
9.831395387649536,0,0.0,0.0,0.0,0.0,0.0,0.0,0.0,0.0,0.03,0,0,0,0,0,0,0,0,0,0,0,0,0,0,0,0,0,0,0,0,0
9.833929300308228,0,0.0,0.0,0.0,0.0,0.0,0.0,0.0,0.0,0.03,0,0,0,0,0,0,0,0,0,0,0,0,0,0,0,0,0,0,0,0,0
9.835503339767456,0,0.0,0.0,0.0,0.0,0.0,0.0,0.0,0.0,0.03,0,0,0,0,0,0,0,0,0,0,0,0,0,0,0,0,0,0,0,0,0
9.836891174316406,0,0.0,0.0,0.0,0.0,0.0,0.0,0.0,0.0,0.03,0,0,0,0,0,0,0,0,0,0,0,0,0,0,0,0,0,0,0,0,0
9.83811616897583,0,0.0,0.0,0.0,0.0,0.0,0.0,0.0,0.0,0.03,0,0,0,0,0,0,0,0,0,0,0,0,0,0,0,0,0,0,0,0,0
9.839308261871338,0,0.0,0.0,0.0,0.0,0.0,0.0,0.0,0.0,0.03,0,0,0,0,0,0,0,0,0,0,0,0,0,0,0,0,0,0,0,0,0
9.84243369102478,0,0.0,0.0,0.0,0.0,0.0,0.0,0.0,0.0,0.03,0,0,0,0,0,0,0,0,0,0,0,0,0,0,0,0,0,0,0,0,0
9.843545913696289,0,0.0,0.0,0.0,0.0,0.0,0.0,0.0,0.0,0.03,0,0,0,0,0,0,0,0,0,0,0,0,0,0,0,0,0,0,0,0,0
9.844828367233276,0,0.0,0.0,0.0,0.0,0.0,0.0,0.0,0.0,0.03,0,0,0,0,0,0,0,0,0,0,0,0,0,0,0,0,0,0,0,0,0
9.84603214263916,0,0.0,0.0,0.0,0.0,0.0,0.0,0.0,0.0,0.03,0,0,0,0,0,0,0,0,0,0,0,0,0,0,0,0,0,0,0,0,0
9.847393274307251,0,0.0,0.0,0.0,0.0,0.0,0.0,0.0,0.0,0.03,0,0,0,0,0,0,0,0,0,0,0,0,0,0,0,0,0,0,0,0,0
9.848665714263916,0,0.0,0.0,0.0,0.0,0.0,0.0,0.0,0.0,0.03,0,0,0,0,0,0,0,0,0,0,0,0,0,0,0,0,0,0,0,0,0
9.849782228469849,0,0.0,0.0,0.0,0.0,0.0,0.0,0.0,0.0,0.03,0,0,0,0,0,0,0,0,0,0,0,0,0,0,0,0,0,0,0,0,0
9.851067543029785,0,0.0,0.0,0.0,0.0,0.0,0.0,0.0,0.0,0.03,0,0,0,0,0,0,0,0,0,0,0,0,0,0,0,0,0,0,0,0,0
9.852142810821533,0,0.0,0.0,0.0,0.0,0.0,0.0,0.0,0.0,0.03,0,0,0,0,0,0,0,0,0,0,0,0,0,0,0,0,0,0,0,0,0
9.853267908096313,0,0.0,0.0,0.0,0.0,0.0,0.0,0.0,0.0,0.03,0,0,0,0,0,0,0,0,0,0,0,0,0,0,0,0,0,0,0,0,0
9.854329347610474,0,0.0,0.0,0.0,0.0,0.0,0.0,0.0,0.0,0.03,0,0,0,0,0,0,0,0,0,0,0,0,0,0,0,0,0,0,0,0,0
9.855530977249146,0,0.0,0.0,0.0,0.0,0.0,0.0,0.0,0.0,0.03,0,0,0,0,0,0,0,0,0,0,0,0,0,0,0,0,0,0,0,0,0
9.856680154800415,0,0.0,0.0,0.0,0.0,0.0,0.0,0.0,0.0,0.03,0,0,0,0,0,0,0,0,0,0,0,0,0,0,0,0,0,0,0,0,0
9.857796669006348,0,0.0,0.0,0.0,0.0,0.0,0.0,0.0,0.0,0.03,0,0,0,0,0,0,0,0,0,0,0,0,0,0,0,0,0,0,0,0,0
9.859052658081055,0,0.0,0.0,0.0,0.0,0.0,0.0,0.0,0.0,0.03,0,0,0,0,0,0,0,0,0,0,0,0,0,0,0,0,0,0,0,0,0
9.86022400856018,0,0.0,0.0,0.0,0.0,0.0,0.0,0.0,0.0,0.03,0,0,0,0,0,0,0,0,0,0,0,0,0,0,0,0,0,0,0,0,0
9.861598491668701,0,0.0,0.0,0.0,0.0,0.0,0.0,0.0,0.0,0.03,0,0,0,0,0,0,0,0,0,0,0,0,0,0,0,0,0,0,0,0,0
9.863217115402222,0,0.0,0.0,0.0,0.0,0.0,0.0,0.0,0.0,0.03,0,0,0,0,0,0,0,0,0,0,0,0,0,0,0,0,0,0,0,0,0
9.866321086883545,0,0.0,0.0,0.0,0.0,0.0,0.0,0.0,0.0,0.03,0,0,0,0,0,0,0,0,0,0,0,0,0,0,0,0,0,0,0,0,0
9.867507457733154,0,0.0,0.0,0.0,0.0,0.0,0.0,0.0,0.0,0.03,0,0,0,0,0,0,0,0,0,0,0,0,0,0,0,0,0,0,0,0,0
9.868858337402344,0,0.0,0.0,0.0,0.0,0.0,0.0,0.0,0.0,0.03,0,0,0,0,0,0,0,0,0,0,0,0,0,0,0,0,0,0,0,0,0
9.869993925094604,0,0.0,0.0,0.0,0.0,0.0,0.0,0.0,0.0,0.03,0,0,0,0,0,0,0,0,0,0,0,0,0,0,0,0,0,0,0,0,0
9.871413469314575,0,0.0,0.0,0.0,0.0,0.0,0.0,0.0,0.0,0.03,0,0,0,0,0,0,0,0,0,0,0,0,0,0,0,0,0,0,0,0,0
9.872629165649414,0,0.0,0.0,0.0,0.0,0.0,0.0,0.0,0.0,0.03,0,0,0,0,0,0,0,0,0,0,0,0,0,0,0,0,0,0,0,0,0
9.87422800064087,0,0.0,0.0,0.0,0.0,0.0,0.0,0.0,0.0,0.03,0,0,0,0,0,0,0,0,0,0,0,0,0,0,0,0,0,0,0,0,0
9.875428199768066,0,0.0,0.0,0.0,0.0,0.0,0.0,0.0,0.0,0.03,0,0,0,0,0,0,0,0,0,0,0,0,0,0,0,0,0,0,0,0,0
9.876524448394775,0,0.0,0.0,0.0,0.0,0.0,0.0,0.0,0.0,0.03,0,0,0,0,0,0,0,0,0,0,0,0,0,0,0,0,0,0,0,0,0
9.877586126327515,0,0.0,0.0,0.0,0.0,0.0,0.0,0.0,0.0,0.03,0,0,0,0,0,0,0,0,0,0,0,0,0,0,0,0,0,0,0,0,0
9.878671169281006,0,0.0,0.0,0.0,0.0,0.0,0.0,0.0,0.0,0.03,0,0,0,0,0,0,0,0,0,0,0,0,0,0,0,0,0,0,0,0,0
9.879825592041016,0,0.0,0.0,0.0,0.0,0.0,0.0,0.0,0.0,0.03,0,0,0,0,0,0,0,0,0,0,0,0,0,0,0,0,0,0,0,0,0
9.880913496017456,0,0.0,0.0,0.0,0.0,0.0,0.0,0.0,0.0,0.03,0,0,0,0,0,0,0,0,0,0,0,0,0,0,0,0,0,0,0,0,0
9.883060693740845,0,0.0,0.0,0.0,0.0,0.0,0.0,0.0,0.0,0.03,0,0,0,0,0,0,0,0,0,0,0,0,0,0,0,0,0,0,0,0,0
9.884935140609741,0,0.0,0.0,0.0,0.0,0.0,0.0,0.0,0.0,0.03,0,0,0,0,0,0,0,0,0,0,0,0,0,0,0,0,0,0,0,0,0
9.886253833770752,0,0.0,0.0,0.0,0.0,0.0,0.0,0.0,0.0,0.03,0,0,0,0,0,0,0,0,0,0,0,0,0,0,0,0,0,0,0,0,0
9.88756799697876,0,0.0,0.0,0.0,0.0,0.0,0.0,0.0,0.0,0.03,0,0,0,0,0,0,0,0,0,0,0,0,0,0,0,0,0,0,0,0,0
9.888854742050171,0,0.0,0.0,0.0,0.0,0.0,0.0,0.0,0.0,0.03,0,0,0,0,0,0,0,0,0,0,0,0,0,0,0,0,0,0,0,0,0
9.890510082244873,0,0.0,0.0,0.0,0.0,0.0,0.0,0.0,0.0,0.03,0,0,0,0,0,0,0,0,0,0,0,0,0,0,0,0,0,0,0,0,0
9.891837358474731,0,0.0,0.0,0.0,0.0,0.0,0.0,0.0,0.0,0.03,0,0,0,0,0,0,0,0,0,0,0,0,0,0,0,0,0,0,0,0,0
9.892943382263184,0,0.0,0.0,0.0,0.0,0.0,0.0,0.0,0.0,0.03,0,0,0,0,0,0,0,0,0,0,0,0,0,0,0,0,0,0,0,0,0
9.895356893539429,0,0.0,0.0,0.0,0.0,0.0,0.0,0.0,0.0,0.03,0,0,0,0,0,0,0,0,0,0,0,0,0,0,0,0,0,0,0,0,0
9.896799802780151,0,0.0,0.0,0.0,0.0,0.0,0.0,0.0,0.0,0.03,0,0,0,0,0,0,0,0,0,0,0,0,0,0,0,0,0,0,0,0,0
9.900070667266846,0,0.0,0.0,0.0,0.0,0.0,0.0,0.0,0.0,0.03,0,0,0,0,0,0,0,0,0,0,0,0,0,0,0,0,0,0,0,0,0
9.901525974273682,0,0.0,0.0,0.0,0.0,0.0,0.0,0.0,0.0,0.03,0,0,0,0,0,0,0,0,0,0,0,0,0,0,0,0,0,0,0,0,0
9.902844667434692,0,0.0,0.0,0.0,0.0,0.0,0.0,0.0,0.0,0.03,0,0,0,0,0,0,0,0,0,0,0,0,0,0,0,0,0,0,0,0,0
9.904961585998535,0,0.0,0.0,0.0,0.0,0.0,0.0,0.0,0.0,0.03,0,0,0,0,0,0,0,0,0,0,0,0,0,0,0,0,0,0,0,0,0
9.906773805618286,0,0.0,0.0,0.0,0.0,0.0,0.0,0.0,0.0,0.03,0,0,0,0,0,0,0,0,0,0,0,0,0,0,0,0,0,0,0,0,0
9.908059358596802,0,0.0,0.0,0.0,0.0,0.0,0.0,0.0,0.0,0.03,0,0,0,0,0,0,0,0,0,0,0,0,0,0,0,0,0,0,0,0,0
9.90949296951294,0,0.0,0.0,0.0,0.0,0.0,0.0,0.0,0.0,0.03,0,0,0,0,0,0,0,0,0,0,0,0,0,0,0,0,0,0,0,0,0
9.910961866378784,0,0.0,0.0,0.0,0.0,0.0,0.0,0.0,0.0,0.03,0,0,0,0,0,0,0,0,0,0,0,0,0,0,0,0,0,0,0,0,0
9.912519931793213,0,0.0,0.0,0.0,0.0,0.0,0.0,0.0,0.0,0.03,0,0,0,0,0,0,0,0,0,0,0,0,0,0,0,0,0,0,0,0,0
9.914873361587524,0,0.0,0.0,0.0,0.0,0.0,0.0,0.0,0.0,0.03,0,0,0,0,0,0,0,0,0,0,0,0,0,0,0,0,0,0,0,0,0
9.916055917739868,0,0.0,0.0,0.0,0.0,0.0,0.0,0.0,0.0,0.03,0,0,0,0,0,0,0,0,0,0,0,0,0,0,0,0,0,0,0,0,0
9.91740369796753,0,0.0,0.0,0.0,0.0,0.0,0.0,0.0,0.0,0.03,0,0,0,0,0,0,0,0,0,0,0,0,0,0,0,0,0,0,0,0,0
9.918646097183228,0,0.0,0.0,0.0,0.0,0.0,0.0,0.0,0.0,0.03,0,0,0,0,0,0,0,0,0,0,0,0,0,0,0,0,0,0,0,0,0
9.919706344604492,0,0.0,0.0,0.0,0.0,0.0,0.0,0.0,0.0,0.03,0,0,0,0,0,0,0,0,0,0,0,0,0,0,0,0,0,0,0,0,0
9.920817852020264,0,0.0,0.0,0.0,0.0,0.0,0.0,0.0,0.0,0.03,0,0,0,0,0,0,0,0,0,0,0,0,0,0,0,0,0,0,0,0,0
9.922026872634888,0,0.0,0.0,0.0,0.0,0.0,0.0,0.0,0.0,0.03,0,0,0,0,0,0,0,0,0,0,0,0,0,0,0,0,0,0,0,0,0
9.923246622085571,0,0.0,0.0,0.0,0.0,0.0,0.0,0.0,0.0,0.03,0,0,0,0,0,0,0,0,0,0,0,0,0,0,0,0,0,0,0,0,0
9.924364566802979,0,0.0,0.0,0.0,0.0,0.0,0.0,0.0,0.0,0.03,0,0,0,0,0,0,0,0,0,0,0,0,0,0,0,0,0,0,0,0,0
9.925453662872314,0,0.0,0.0,0.0,0.0,0.0,0.0,0.0,0.0,0.03,0,0,0,0,0,0,0,0,0,0,0,0,0,0,0,0,0,0,0,0,0
9.927014589309692,0,0.0,0.0,0.0,0.0,0.0,0.0,0.0,0.0,0.03,0,0,0,0,0,0,0,0,0,0,0,0,0,0,0,0,0,0,0,0,0
9.928345918655396,0,0.0,0.0,0.0,0.0,0.0,0.0,0.0,0.0,0.03,0,0,0,0,0,0,0,0,0,0,0,0,0,0,0,0,0,0,0,0,0
9.930460214614868,0,0.0,0.0,0.0,0.0,0.0,0.0,0.0,0.0,0.03,0,0,0,0,0,0,0,0,0,0,0,0,0,0,0,0,0,0,0,0,0
9.932321071624756,0,0.0,0.0,0.0,0.0,0.0,0.0,0.0,0.0,0.03,0,0,0,0,0,0,0,0,0,0,0,0,0,0,0,0,0,0,0,0,0
9.934170007705688,0,0.0,0.0,0.0,0.0,0.0,0.0,0.0,0.0,0.03,0,0,0,0,0,0,0,0,0,0,0,0,0,0,0,0,0,0,0,0,0
9.936244249343872,0,0.0,0.0,0.0,0.0,0.0,0.0,0.0,0.0,0.03,0,0,0,0,0,0,0,0,0,0,0,0,0,0,0,0,0,0,0,0,0
9.93750524520874,0,0.0,0.0,0.0,0.0,0.0,0.0,0.0,0.0,0.03,0,0,0,0,0,0,0,0,0,0,0,0,0,0,0,0,0,0,0,0,0
9.938623189926147,0,0.0,0.0,0.0,0.0,0.0,0.0,0.0,0.0,0.03,0,0,0,0,0,0,0,0,0,0,0,0,0,0,0,0,0,0,0,0,0
9.93980598449707,0,0.0,0.0,0.0,0.0,0.0,0.0,0.0,0.0,0.03,0,0,0,0,0,0,0,0,0,0,0,0,0,0,0,0,0,0,0,0,0
9.940914154052734,0,0.0,0.0,0.0,0.0,0.0,0.0,0.0,0.0,0.03,0,0,0,0,0,0,0,0,0,0,0,0,0,0,0,0,0,0,0,0,0
9.942145586013794,0,0.0,0.0,0.0,0.0,0.0,0.0,0.0,0.0,0.03,0,0,0,0,0,0,0,0,0,0,0,0,0,0,0,0,0,0,0,0,0
9.943234920501709,0,0.0,0.0,0.0,0.0,0.0,0.0,0.0,0.0,0.03,0,0,0,0,0,0,0,0,0,0,0,0,0,0,0,0,0,0,0,0,0
9.944466590881348,0,0.0,0.0,0.0,0.0,0.0,0.0,0.0,0.0,0.03,0,0,0,0,0,0,0,0,0,0,0,0,0,0,0,0,0,0,0,0,0
9.945764064788818,0,0.0,0.0,0.0,0.0,0.0,0.0,0.0,0.0,0.03,0,0,0,0,0,0,0,0,0,0,0,0,0,0,0,0,0,0,0,0,0
9.947298765182495,0,0.0,0.0,0.0,0.0,0.0,0.0,0.0,0.0,0.03,0,0,0,0,0,0,0,0,0,0,0,0,0,0,0,0,0,0,0,0,0
9.949638366699219,0,0.0,0.0,0.0,0.0,0.0,0.0,0.0,0.0,0.03,0,0,0,0,0,0,0,0,0,0,0,0,0,0,0,0,0,0,0,0,0
9.95072889328003,0,0.0,0.0,0.0,0.0,0.0,0.0,0.0,0.0,0.03,0,0,0,0,0,0,0,0,0,0,0,0,0,0,0,0,0,0,0,0,0
9.95209789276123,0,0.0,0.0,0.0,0.0,0.0,0.0,0.0,0.0,0.03,0,0,0,0,0,0,0,0,0,0,0,0,0,0,0,0,0,0,0,0,0
9.953431606292725,0,0.0,0.0,0.0,0.0,0.0,0.0,0.0,0.0,0.03,0,0,0,0,0,0,0,0,0,0,0,0,0,0,0,0,0,0,0,0,0
9.956038236618042,0,0.0,0.0,0.0,0.0,0.0,0.0,0.0,0.0,0.03,0,0,0,0,0,0,0,0,0,0,0,0,0,0,0,0,0,0,0,0,0
9.95741057395935,0,0.0,0.0,0.0,0.0,0.0,0.0,0.0,0.0,0.03,0,0,0,0,0,0,0,0,0,0,0,0,0,0,0,0,0,0,0,0,0
9.958508253097534,0,0.0,0.0,0.0,0.0,0.0,0.0,0.0,0.0,0.03,0,0,0,0,0,0,0,0,0,0,0,0,0,0,0,0,0,0,0,0,0
9.959568977355957,0,0.0,0.0,0.0,0.0,0.0,0.0,0.0,0.0,0.03,0,0,0,0,0,0,0,0,0,0,0,0,0,0,0,0,0,0,0,0,0
9.960662126541138,0,0.0,0.0,0.0,0.0,0.0,0.0,0.0,0.0,0.03,0,0,0,0,0,0,0,0,0,0,0,0,0,0,0,0,0,0,0,0,0
9.961946487426758,0,0.0,0.0,0.0,0.0,0.0,0.0,0.0,0.0,0.03,0,0,0,0,0,0,0,0,0,0,0,0,0,0,0,0,0,0,0,0,0
9.965051174163818,0,0.0,0.0,0.0,0.0,0.0,0.0,0.0,0.0,0.03,0,0,0,0,0,0,0,0,0,0,0,0,0,0,0,0,0,0,0,0,0
9.966227531433105,0,0.0,0.0,0.0,0.0,0.0,0.0,0.0,0.0,0.03,0,0,0,0,0,0,0,0,0,0,0,0,0,0,0,0,0,0,0,0,0
9.967493057250977,0,0.0,0.0,0.0,0.0,0.0,0.0,0.0,0.0,0.03,0,0,0,0,0,0,0,0,0,0,0,0,0,0,0,0,0,0,0,0,0
9.968916654586792,0,0.0,0.0,0.0,0.0,0.0,0.0,0.0,0.0,0.03,0,0,0,0,0,0,0,0,0,0,0,0,0,0,0,0,0,0,0,0,0
9.97033429145813,0,0.0,0.0,0.0,0.0,0.0,0.0,0.0,0.0,0.03,0,0,0,0,0,0,0,0,0,0,0,0,0,0,0,0,0,0,0,0,0
9.973024845123291,0,0.0,0.0,0.0,0.0,0.0,0.0,0.0,0.0,0.03,0,0,0,0,0,0,0,0,0,0,0,0,0,0,0,0,0,0,0,0,0
9.974109411239624,0,0.0,0.0,0.0,0.0,0.0,0.0,0.0,0.0,0.03,0,0,0,0,0,0,0,0,0,0,0,0,0,0,0,0,0,0,0,0,0
9.975428581237793,0,0.0,0.0,0.0,0.0,0.0,0.0,0.0,0.0,0.03,0,0,0,0,0,0,0,0,0,0,0,0,0,0,0,0,0,0,0,0,0
9.977386236190796,0,0.0,0.0,0.0,0.0,0.0,0.0,0.0,0.0,0.03,0,0,0,0,0,0,0,0,0,0,0,0,0,0,0,0,0,0,0,0,0
9.97883415222168,0,0.0,0.0,0.0,0.0,0.0,0.0,0.0,0.0,0.03,0,0,0,0,0,0,0,0,0,0,0,0,0,0,0,0,0,0,0,0,0
9.97998571395874,0,0.0,0.0,0.0,0.0,0.0,0.0,0.0,0.0,0.03,0,0,0,0,0,0,0,0,0,0,0,0,0,0,0,0,0,0,0,0,0
9.98125410079956,0,0.0,0.0,0.0,0.0,0.0,0.0,0.0,0.0,0.03,0,0,0,0,0,0,0,0,0,0,0,0,0,0,0,0,0,0,0,0,0
9.982492208480835,0,0.0,0.0,0.0,0.0,0.0,0.0,0.0,0.0,0.03,0,0,0,0,0,0,0,0,0,0,0,0,0,0,0,0,0,0,0,0,0
9.983551979064941,0,0.0,0.0,0.0,0.0,0.0,0.0,0.0,0.0,0.03,0,0,0,0,0,0,0,0,0,0,0,0,0,0,0,0,0,0,0,0,0
9.984612464904785,0,0.0,0.0,0.0,0.0,0.0,0.0,0.0,0.0,0.03,0,0,0,0,0,0,0,0,0,0,0,0,0,0,0,0,0,0,0,0,0
9.98586106300354,0,0.0,0.0,0.0,0.0,0.0,0.0,0.0,0.0,0.03,0,0,0,0,0,0,0,0,0,0,0,0,0,0,0,0,0,0,0,0,0
9.987074613571167,0,0.0,0.0,0.0,0.0,0.0,0.0,0.0,0.0,0.03,0,0,0,0,0,0,0,0,0,0,0,0,0,0,0,0,0,0,0,0,0
9.988194704055786,0,0.0,0.0,0.0,0.0,0.0,0.0,0.0,0.0,0.03,0,0,0,0,0,0,0,0,0,0,0,0,0,0,0,0,0,0,0,0,0
9.989282846450806,0,0.0,0.0,0.0,0.0,0.0,0.0,0.0,0.0,0.03,0,0,0,0,0,0,0,0,0,0,0,0,0,0,0,0,0,0,0,0,0
9.991124391555786,0,0.0,0.0,0.0,0.0,0.0,0.0,0.0,0.0,0.03,0,0,0,0,0,0,0,0,0,0,0,0,0,0,0,0,0,0,0,0,0
9.992998600006104,0,0.0,0.0,0.0,0.0,0.0,0.0,0.0,0.0,0.03,0,0,0,0,0,0,0,0,0,0,0,0,0,0,0,0,0,0,0,0,0
9.99539303779602,0,0.0,0.0,0.0,0.0,0.0,0.0,0.0,0.0,0.03,0,0,0,0,0,0,0,0,0,0,0,0,0,0,0,0,0,0,0,0,0
9.996861696243286,0,0.0,0.0,0.0,0.0,0.0,0.0,0.0,0.0,0.03,0,0,0,0,0,0,0,0,0,0,0,0,0,0,0,0,0,0,0,0,0
9.998024940490723,0,0.0,0.0,0.0,0.0,0.0,0.0,0.0,0.0,0.03,0,0,0,0,0,0,0,0,0,0,0,0,0,0,0,0,0,0,0,0,0
9.999989986419678,0,0.0,0.0,0.0,0.0,0.0,0.0,0.0,0.0,0.03,0,0,0,0,0,0,0,0,0,0,0,0,0,0,0,0,0,0,0,0,0
10.001655578613281,0,0.0,0.0,0.0,0.0,0.0,0.0,0.0,0.0,0.03,0,0,0,0,0,0,0,0,0,0,0,0,0,0,0,0,0,0,0,0,0
10.002831935882568,0,0.0,0.0,0.0,0.0,0.0,0.0,0.0,0.0,0.03,0,0,0,0,0,0,0,0,0,0,0,0,0,0,0,0,0,0,0,0,0
10.004847049713135,0,0.0,0.0,0.0,0.0,0.0,0.0,0.0,0.0,0.03,0,0,0,0,0,0,0,0,0,0,0,0,0,0,0,0,0,0,0,0,0
10.006070852279663,0,0.0,0.0,0.0,0.0,0.0,0.0,0.0,0.0,0.03,0,0,0,0,0,0,0,0,0,0,0,0,0,0,0,0,0,0,0,0,0
10.007158756256104,0,0.0,0.0,0.0,0.0,0.0,0.0,0.0,0.0,0.03,0,0,0,0,0,0,0,0,0,0,0,0,0,0,0,0,0,0,0,0,0
10.008247137069702,0,0.0,0.0,0.0,0.0,0.0,0.0,0.0,0.0,0.03,0,0,0,0,0,0,0,0,0,0,0,0,0,0,0,0,0,0,0,0,0
10.00954008102417,0,0.0,0.0,0.0,0.0,0.0,0.0,0.0,0.0,0.03,0,0,0,0,0,0,0,0,0,0,0,0,0,0,0,0,0,0,0,0,0
10.010627269744873,0,0.0,0.0,0.0,0.0,0.0,0.0,0.0,0.0,0.03,0,0,0,0,0,0,0,0,0,0,0,0,0,0,0,0,0,0,0,0,0
10.012287378311157,0,0.0,0.0,0.0,0.0,0.0,0.0,0.0,0.0,0.03,0,0,0,0,0,0,0,0,0,0,0,0,0,0,0,0,0,0,0,0,0
10.013919591903687,0,0.0,0.0,0.0,0.0,0.0,0.0,0.0,0.0,0.03,0,0,0,0,0,0,0,0,0,0,0,0,0,0,0,0,0,0,0,0,0
10.015639781951904,0,0.0,0.0,0.0,0.0,0.0,0.0,0.0,0.0,0.03,0,0,0,0,0,0,0,0,0,0,0,0,0,0,0,0,0,0,0,0,0
10.01677131652832,0,0.0,0.0,0.0,0.0,0.0,0.0,0.0,0.0,0.03,0,0,0,0,0,0,0,0,0,0,0,0,0,0,0,0,0,0,0,0,0
10.018101930618286,0,0.0,0.0,0.0,0.0,0.0,0.0,0.0,0.0,0.03,0,0,0,0,0,0,0,0,0,0,0,0,0,0,0,0,0,0,0,0,0
10.019884824752808,0,0.0,0.0,0.0,0.0,0.0,0.0,0.0,0.0,0.03,0,0,0,0,0,0,0,0,0,0,0,0,0,0,0,0,0,0,0,0,0
10.02134656906128,0,0.0,0.0,0.0,0.0,0.0,0.0,0.0,0.0,0.03,0,0,0,0,0,0,0,0,0,0,0,0,0,0,0,0,0,0,0,0,0
10.02251386642456,0,0.0,0.0,0.0,0.0,0.0,0.0,0.0,0.0,0.03,0,0,0,0,0,0,0,0,0,0,0,0,0,0,0,0,0,0,0,0,0
10.02427625656128,0,0.0,0.0,0.0,0.0,0.0,0.0,0.0,0.0,0.03,0,0,0,0,0,0,0,0,0,0,0,0,0,0,0,0,0,0,0,0,0
10.025400638580322,0,0.0,0.0,0.0,0.0,0.0,0.0,0.0,0.0,0.03,0,0,0,0,0,0,0,0,0,0,0,0,0,0,0,0,0,0,0,0,0
10.02646517753601,0,0.0,0.0,0.0,0.0,0.0,0.0,0.0,0.0,0.03,0,0,0,0,0,0,0,0,0,0,0,0,0,0,0,0,0,0,0,0,0
10.029179811477661,0,0.0,0.0,0.0,0.0,0.0,0.0,0.0,0.0,0.03,0,0,0,0,0,0,0,0,0,0,0,0,0,0,0,0,0,0,0,0,0
10.030344009399414,0,0.0,0.0,0.0,0.0,0.0,0.0,0.0,0.0,0.03,0,0,0,0,0,0,0,0,0,0,0,0,0,0,0,0,0,0,0,0,0
10.03159236907959,0,0.0,0.0,0.0,0.0,0.0,0.0,0.0,0.0,0.03,0,0,0,0,0,0,0,0,0,0,0,0,0,0,0,0,0,0,0,0,0
10.033660411834717,0,0.0,0.0,0.0,0.0,0.0,0.0,0.0,0.0,0.03,0,0,0,0,0,0,0,0,0,0,0,0,0,0,0,0,0,0,0,0,0
10.037088632583618,0,0.0,0.0,0.0,0.0,0.0,0.0,0.0,0.0,0.03,0,0,0,0,0,0,0,0,0,0,0,0,0,0,0,0,0,0,0,0,0
10.038344383239746,0,0.0,0.0,0.0,0.0,0.0,0.0,0.0,0.0,0.03,0,0,0,0,0,0,0,0,0,0,0,0,0,0,0,0,0,0,0,0,0
10.039658308029175,0,0.0,0.0,0.0,0.0,0.0,0.0,0.0,0.0,0.03,0,0,0,0,0,0,0,0,0,0,0,0,0,0,0,0,0,0,0,0,0
10.041242837905884,0,0.0,0.0,0.0,0.0,0.0,0.0,0.0,0.0,0.03,0,0,0,0,0,0,0,0,0,0,0,0,0,0,0,0,0,0,0,0,0
10.042978048324585,0,0.0,0.0,0.0,0.0,0.0,0.0,0.0,0.0,0.03,0,0,0,0,0,0,0,0,0,0,0,0,0,0,0,0,0,0,0,0,0
10.044138431549072,0,0.0,0.0,0.0,0.0,0.0,0.0,0.0,0.0,0.03,0,0,0,0,0,0,0,0,0,0,0,0,0,0,0,0,0,0,0,0,0
10.04522156715393,0,0.0,0.0,0.0,0.0,0.0,0.0,0.0,0.0,0.03,0,0,0,0,0,0,0,0,0,0,0,0,0,0,0,0,0,0,0,0,0
10.04631781578064,0,0.0,0.0,0.0,0.0,0.0,0.0,0.0,0.0,0.03,0,0,0,0,0,0,0,0,0,0,0,0,0,0,0,0,0,0,0,0,0
10.047603130340576,0,0.0,0.0,0.0,0.0,0.0,0.0,0.0,0.0,0.03,0,0,0,0,0,0,0,0,0,0,0,0,0,0,0,0,0,0,0,0,0
10.048686265945435,0,0.0,0.0,0.0,0.0,0.0,0.0,0.0,0.0,0.03,0,0,0,0,0,0,0,0,0,0,0,0,0,0,0,0,0,0,0,0,0
10.049856662750244,0,0.0,0.0,0.0,0.0,0.0,0.0,0.0,0.0,0.03,0,0,0,0,0,0,0,0,0,0,0,0,0,0,0,0,0,0,0,0,0
10.050949335098267,0,0.0,0.0,0.0,0.0,0.0,0.0,0.0,0.0,0.03,0,0,0,0,0,0,0,0,0,0,0,0,0,0,0,0,0,0,0,0,0
10.052038192749023,0,0.0,0.0,0.0,0.0,0.0,0.0,0.0,0.0,0.03,0,0,0,0,0,0,0,0,0,0,0,0,0,0,0,0,0,0,0,0,0
10.053315162658691,0,0.0,0.0,0.0,0.0,0.0,0.0,0.0,0.0,0.03,0,0,0,0,0,0,0,0,0,0,0,0,0,0,0,0,0,0,0,0,0
10.054651737213135,0,0.0,0.0,0.0,0.0,0.0,0.0,0.0,0.0,0.03,0,0,0,0,0,0,0,0,0,0,0,0,0,0,0,0,0,0,0,0,0
10.05622673034668,0,0.0,0.0,0.0,0.0,0.0,0.0,0.0,0.0,0.03,0,0,0,0,0,0,0,0,0,0,0,0,0,0,0,0,0,0,0,0,0
10.057467937469482,0,0.0,0.0,0.0,0.0,0.0,0.0,0.0,0.0,0.03,0,0,0,0,0,0,0,0,0,0,0,0,0,0,0,0,0,0,0,0,0
10.058670282363892,0,0.0,0.0,0.0,0.0,0.0,0.0,0.0,0.0,0.03,0,0,0,0,0,0,0,0,0,0,0,0,0,0,0,0,0,0,0,0,0
10.06119704246521,0,0.0,0.0,0.0,0.0,0.0,0.0,0.0,0.0,0.03,0,0,0,0,0,0,0,0,0,0,0,0,0,0,0,0,0,0,0,0,0
10.0624361038208,0,0.0,0.0,0.0,0.0,0.0,0.0,0.0,0.0,0.03,0,0,0,0,0,0,0,0,0,0,0,0,0,0,0,0,0,0,0,0,0
10.063596248626709,0,0.0,0.0,0.0,0.0,0.0,0.0,0.0,0.0,0.03,0,0,0,0,0,0,0,0,0,0,0,0,0,0,0,0,0,0,0,0,0
10.064784288406372,0,0.0,0.0,0.0,0.0,0.0,0.0,0.0,0.0,0.03,0,0,0,0,0,0,0,0,0,0,0,0,0,0,0,0,0,0,0,0,0
10.066064357757568,0,0.0,0.0,0.0,0.0,0.0,0.0,0.0,0.0,0.03,0,0,0,0,0,0,0,0,0,0,0,0,0,0,0,0,0,0,0,0,0
10.067216873168945,0,0.0,0.0,0.0,0.0,0.0,0.0,0.0,0.0,0.03,0,0,0,0,0,0,0,0,0,0,0,0,0,0,0,0,0,0,0,0,0
10.068483114242554,0,0.0,0.0,0.0,0.0,0.0,0.0,0.0,0.0,0.03,0,0,0,0,0,0,0,0,0,0,0,0,0,0,0,0,0,0,0,0,0
10.069718599319458,0,0.0,0.0,0.0,0.0,0.0,0.0,0.0,0.0,0.03,0,0,0,0,0,0,0,0,0,0,0,0,0,0,0,0,0,0,0,0,0
10.070881366729736,0,0.0,0.0,0.0,0.0,0.0,0.0,0.0,0.0,0.03,0,0,0,0,0,0,0,0,0,0,0,0,0,0,0,0,0,0,0,0,0
10.072007656097412,0,0.0,0.0,0.0,0.0,0.0,0.0,0.0,0.0,0.03,0,0,0,0,0,0,0,0,0,0,0,0,0,0,0,0,0,0,0,0,0
10.073072910308838,0,0.0,0.0,0.0,0.0,0.0,0.0,0.0,0.0,0.03,0,0,0,0,0,0,0,0,0,0,0,0,0,0,0,0,0,0,0,0,0
10.074299812316895,0,0.0,0.0,0.0,0.0,0.0,0.0,0.0,0.0,0.03,0,0,0,0,0,0,0,0,0,0,0,0,0,0,0,0,0,0,0,0,0
10.07536506652832,0,0.0,0.0,0.0,0.0,0.0,0.0,0.0,0.0,0.03,0,0,0,0,0,0,0,0,0,0,0,0,0,0,0,0,0,0,0,0,0
10.077116250991821,0,0.0,0.0,0.0,0.0,0.0,0.0,0.0,0.0,0.03,0,0,0,0,0,0,0,0,0,0,0,0,0,0,0,0,0,0,0,0,0
10.08038330078125,0,0.0,0.0,0.0,0.0,0.0,0.0,0.0,0.0,0.03,0,0,0,0,0,0,0,0,0,0,0,0,0,0,0,0,0,0,0,0,0
10.08173418045044,0,0.0,0.0,0.0,0.0,0.0,0.0,0.0,0.0,0.03,0,0,0,0,0,0,0,0,0,0,0,0,0,0,0,0,0,0,0,0,0
10.083081722259521,0,0.0,0.0,0.0,0.0,0.0,0.0,0.0,0.0,0.03,0,0,0,0,0,0,0,0,0,0,0,0,0,0,0,0,0,0,0,0,0
10.08471393585205,0,0.0,0.0,0.0,0.0,0.0,0.0,0.0,0.0,0.03,0,0,0,0,0,0,0,0,0,0,0,0,0,0,0,0,0,0,0,0,0
10.086268663406372,0,0.0,0.0,0.0,0.0,0.0,0.0,0.0,0.0,0.03,0,0,0,0,0,0,0,0,0,0,0,0,0,0,0,0,0,0,0,0,0
10.087390422821045,0,0.0,0.0,0.0,0.0,0.0,0.0,0.0,0.0,0.03,0,0,0,0,0,0,0,0,0,0,0,0,0,0,0,0,0,0,0,0,0
10.088708639144897,0,0.0,0.0,0.0,0.0,0.0,0.0,0.0,0.0,0.03,0,0,0,0,0,0,0,0,0,0,0,0,0,0,0,0,0,0,0,0,0
10.09033727645874,0,0.0,0.0,0.0,0.0,0.0,0.0,0.0,0.0,0.03,0,0,0,0,0,0,0,0,0,0,0,0,0,0,0,0,0,0,0,0,0
10.091431379318237,0,0.0,0.0,0.0,0.0,0.0,0.0,0.0,0.0,0.03,0,0,0,0,0,0,0,0,0,0,0,0,0,0,0,0,0,0,0,0,0
10.095820903778076,0,0.0,0.0,0.0,0.0,0.0,0.0,0.0,0.0,0.03,0,0,0,0,0,0,0,0,0,0,0,0,0,0,0,0,0,0,0,0,0
10.098651647567749,0,0.0,0.0,0.0,0.0,0.0,0.0,0.0,0.0,0.03,0,0,0,0,0,0,0,0,0,0,0,0,0,0,0,0,0,0,0,0,0
10.100301027297974,0,0.0,0.0,0.0,0.0,0.0,0.0,0.0,0.0,0.03,0,0,0,0,0,0,0,0,0,0,0,0,0,0,0,0,0,0,0,0,0
10.101945877075195,0,0.0,0.0,0.0,0.0,0.0,0.0,0.0,0.0,0.03,0,0,0,0,0,0,0,0,0,0,0,0,0,0,0,0,0,0,0,0,0
10.103071689605713,0,0.0,0.0,0.0,0.0,0.0,0.0,0.0,0.0,0.03,0,0,0,0,0,0,0,0,0,0,0,0,0,0,0,0,0,0,0,0,0
10.104499816894531,0,0.0,0.0,0.0,0.0,0.0,0.0,0.0,0.0,0.03,0,0,0,0,0,0,0,0,0,0,0,0,0,0,0,0,0,0,0,0,0
10.105719089508057,0,0.0,0.0,0.0,0.0,0.0,0.0,0.0,0.0,0.03,0,0,0,0,0,0,0,0,0,0,0,0,0,0,0,0,0,0,0,0,0
10.108185529708862,0,0.0,0.0,0.0,0.0,0.0,0.0,0.0,0.0,0.03,0,0,0,0,0,0,0,0,0,0,0,0,0,0,0,0,0,0,0,0,0
10.109736919403076,0,0.0,0.0,0.0,0.0,0.0,0.0,0.0,0.0,0.03,0,0,0,0,0,0,0,0,0,0,0,0,0,0,0,0,0,0,0,0,0
10.11103367805481,0,0.0,0.0,0.0,0.0,0.0,0.0,0.0,0.0,0.03,0,0,0,0,0,0,0,0,0,0,0,0,0,0,0,0,0,0,0,0,0
10.112158060073853,0,0.0,0.0,0.0,0.0,0.0,0.0,0.0,0.0,0.03,0,0,0,0,0,0,0,0,0,0,0,0,0,0,0,0,0,0,0,0,0
10.113298177719116,0,0.0,0.0,0.0,0.0,0.0,0.0,0.0,0.0,0.03,0,0,0,0,0,0,0,0,0,0,0,0,0,0,0,0,0,0,0,0,0
10.114382266998291,0,0.0,0.0,0.0,0.0,0.0,0.0,0.0,0.0,0.03,0,0,0,0,0,0,0,0,0,0,0,0,0,0,0,0,0,0,0,0,0
10.115627765655518,0,0.0,0.0,0.0,0.0,0.0,0.0,0.0,0.0,0.03,0,0,0,0,0,0,0,0,0,0,0,0,0,0,0,0,0,0,0,0,0
10.116787672042847,0,0.0,0.0,0.0,0.0,0.0,0.0,0.0,0.0,0.03,0,0,0,0,0,0,0,0,0,0,0,0,0,0,0,0,0,0,0,0,0
10.117968559265137,0,0.0,0.0,0.0,0.0,0.0,0.0,0.0,0.0,0.03,0,0,0,0,0,0,0,0,0,0,0,0,0,0,0,0,0,0,0,0,0
10.119030714035034,0,0.0,0.0,0.0,0.0,0.0,0.0,0.0,0.0,0.03,0,0,0,0,0,0,0,0,0,0,0,0,0,0,0,0,0,0,0,0,0
10.121548891067505,0,0.0,0.0,0.0,0.0,0.0,0.0,0.0,0.0,0.03,0,0,0,0,0,0,0,0,0,0,0,0,0,0,0,0,0,0,0,0,0
10.12560224533081,0,0.0,0.0,0.0,0.0,0.0,0.0,0.0,0.0,0.03,0,0,0,0,0,0,0,0,0,0,0,0,0,0,0,0,0,0,0,0,0
10.12706995010376,0,0.0,0.0,0.0,0.0,0.0,0.0,0.0,0.0,0.03,0,0,0,0,0,0,0,0,0,0,0,0,0,0,0,0,0,0,0,0,0
10.128280639648438,0,0.0,0.0,0.0,0.0,0.0,0.0,0.0,0.0,0.03,0,0,0,0,0,0,0,0,0,0,0,0,0,0,0,0,0,0,0,0,0
10.131793975830078,0,0.0,0.0,0.0,0.0,0.0,0.0,0.0,0.0,0.03,0,0,0,0,0,0,0,0,0,0,0,0,0,0,0,0,0,0,0,0,0
10.132890701293945,0,0.0,0.0,0.0,0.0,0.0,0.0,0.0,0.0,0.03,0,0,0,0,0,0,0,0,0,0,0,0,0,0,0,0,0,0,0,0,0
10.134146213531494,0,0.0,0.0,0.0,0.0,0.0,0.0,0.0,0.0,0.03,0,0,0,0,0,0,0,0,0,0,0,0,0,0,0,0,0,0,0,0,0
10.135290384292603,0,0.0,0.0,0.0,0.0,0.0,0.0,0.0,0.0,0.03,0,0,0,0,0,0,0,0,0,0,0,0,0,0,0,0,0,0,0,0,0
10.13655138015747,0,0.0,0.0,0.0,0.0,0.0,0.0,0.0,0.0,0.03,0,0,0,0,0,0,0,0,0,0,0,0,0,0,0,0,0,0,0,0,0
10.137792587280273,0,0.0,0.0,0.0,0.0,0.0,0.0,0.0,0.0,0.03,0,0,0,0,0,0,0,0,0,0,0,0,0,0,0,0,0,0,0,0,0
10.13888955116272,0,0.0,0.0,0.0,0.0,0.0,0.0,0.0,0.0,0.03,0,0,0,0,0,0,0,0,0,0,0,0,0,0,0,0,0,0,0,0,0
10.140347003936768,0,0.0,0.0,0.0,0.0,0.0,0.0,0.0,0.0,0.03,0,0,0,0,0,0,0,0,0,0,0,0,0,0,0,0,0,0,0,0,0
10.141560792922974,0,0.0,0.0,0.0,0.0,0.0,0.0,0.0,0.0,0.03,0,0,0,0,0,0,0,0,0,0,0,0,0,0,0,0,0,0,0,0,0
10.144822120666504,0,0.0,0.0,0.0,0.0,0.0,0.0,0.0,0.0,0.03,0,0,0,0,0,0,0,0,0,0,0,0,0,0,0,0,0,0,0,0,0
10.147162675857544,0,0.0,0.0,0.0,0.0,0.0,0.0,0.0,0.0,0.03,0,0,0,0,0,0,0,0,0,0,0,0,0,0,0,0,0,0,0,0,0
10.148398637771606,0,0.0,0.0,0.0,0.0,0.0,0.0,0.0,0.0,0.03,0,0,0,0,0,0,0,0,0,0,0,0,0,0,0,0,0,0,0,0,0
10.149734735488892,0,0.0,0.0,0.0,0.0,0.0,0.0,0.0,0.0,0.03,0,0,0,0,0,0,0,0,0,0,0,0,0,0,0,0,0,0,0,0,0
10.151908874511719,0,0.0,0.0,0.0,0.0,0.0,0.0,0.0,0.0,0.03,0,0,0,0,0,0,0,0,0,0,0,0,0,0,0,0,0,0,0,0,0
10.153014183044434,0,0.0,0.0,0.0,0.0,0.0,0.0,0.0,0.0,0.03,0,0,0,0,0,0,0,0,0,0,0,0,0,0,0,0,0,0,0,0,0
10.154489278793335,0,0.0,0.0,0.0,0.0,0.0,0.0,0.0,0.0,0.03,0,0,0,0,0,0,0,0,0,0,0,0,0,0,0,0,0,0,0,0,0
10.155608892440796,0,0.0,0.0,0.0,0.0,0.0,0.0,0.0,0.0,0.03,0,0,0,0,0,0,0,0,0,0,0,0,0,0,0,0,0,0,0,0,0
10.156699419021606,0,0.0,0.0,0.0,0.0,0.0,0.0,0.0,0.0,0.03,0,0,0,0,0,0,0,0,0,0,0,0,0,0,0,0,0,0,0,0,0
10.159319877624512,0,0.0,0.0,0.0,0.0,0.0,0.0,0.0,0.0,0.03,0,0,0,0,0,0,0,0,0,0,0,0,0,0,0,0,0,0,0,0,0
10.160741806030273,0,0.0,0.0,0.0,0.0,0.0,0.0,0.0,0.0,0.03,0,0,0,0,0,0,0,0,0,0,0,0,0,0,0,0,0,0,0,0,0
10.162340641021729,0,0.0,0.0,0.0,0.0,0.0,0.0,0.0,0.0,0.03,0,0,0,0,0,0,0,0,0,0,0,0,0,0,0,0,0,0,0,0,0
10.164151668548584,0,0.0,0.0,0.0,0.0,0.0,0.0,0.0,0.0,0.03,0,0,0,0,0,0,0,0,0,0,0,0,0,0,0,0,0,0,0,0,0
10.165915727615356,0,0.0,0.0,0.0,0.0,0.0,0.0,0.0,0.0,0.03,0,0,0,0,0,0,0,0,0,0,0,0,0,0,0,0,0,0,0,0,0
10.167623281478882,0,0.0,0.0,0.0,0.0,0.0,0.0,0.0,0.0,0.03,0,0,0,0,0,0,0,0,0,0,0,0,0,0,0,0,0,0,0,0,0
10.169031143188477,0,0.0,0.0,0.0,0.0,0.0,0.0,0.0,0.0,0.03,0,0,0,0,0,0,0,0,0,0,0,0,0,0,0,0,0,0,0,0,0
10.17017388343811,0,0.0,0.0,0.0,0.0,0.0,0.0,0.0,0.0,0.03,0,0,0,0,0,0,0,0,0,0,0,0,0,0,0,0,0,0,0,0,0
10.171737670898438,0,0.0,0.0,0.0,0.0,0.0,0.0,0.0,0.0,0.03,0,0,0,0,0,0,0,0,0,0,0,0,0,0,0,0,0,0,0,0,0
10.17286491394043,0,0.0,0.0,0.0,0.0,0.0,0.0,0.0,0.0,0.03,0,0,0,0,0,0,0,0,0,0,0,0,0,0,0,0,0,0,0,0,0
10.17396092414856,0,0.0,0.0,0.0,0.0,0.0,0.0,0.0,0.0,0.03,0,0,0,0,0,0,0,0,0,0,0,0,0,0,0,0,0,0,0,0,0
10.175086498260498,0,0.0,0.0,0.0,0.0,0.0,0.0,0.0,0.0,0.03,0,0,0,0,0,0,0,0,0,0,0,0,0,0,0,0,0,0,0,0,0
10.176573276519775,0,0.0,0.0,0.0,0.0,0.0,0.0,0.0,0.0,0.03,0,0,0,0,0,0,0,0,0,0,0,0,0,0,0,0,0,0,0,0,0
10.178245782852173,0,0.0,0.0,0.0,0.0,0.0,0.0,0.0,0.0,0.03,0,0,0,0,0,0,0,0,0,0,0,0,0,0,0,0,0,0,0,0,0
10.179875612258911,0,0.0,0.0,0.0,0.0,0.0,0.0,0.0,0.0,0.03,0,0,0,0,0,0,0,0,0,0,0,0,0,0,0,0,0,0,0,0,0
10.180958032608032,0,0.0,0.0,0.0,0.0,0.0,0.0,0.0,0.0,0.03,0,0,0,0,0,0,0,0,0,0,0,0,0,0,0,0,0,0,0,0,0
10.182142496109009,0,0.0,0.0,0.0,0.0,0.0,0.0,0.0,0.0,0.03,0,0,0,0,0,0,0,0,0,0,0,0,0,0,0,0,0,0,0,0,0
10.183363676071167,0,0.0,0.0,0.0,0.0,0.0,0.0,0.0,0.0,0.03,0,0,0,0,0,0,0,0,0,0,0,0,0,0,0,0,0,0,0,0,0
10.184948682785034,0,0.0,0.0,0.0,0.0,0.0,0.0,0.0,0.0,0.03,0,0,0,0,0,0,0,0,0,0,0,0,0,0,0,0,0,0,0,0,0
10.187975406646729,0,0.0,0.0,0.0,0.0,0.0,0.0,0.0,0.0,0.03,0,0,0,0,0,0,0,0,0,0,0,0,0,0,0,0,0,0,0,0,0
10.190477848052979,0,0.0,0.0,0.0,0.0,0.0,0.0,0.0,0.0,0.03,0,0,0,0,0,0,0,0,0,0,0,0,0,0,0,0,0,0,0,0,0
10.191979885101318,0,0.0,0.0,0.0,0.0,0.0,0.0,0.0,0.0,0.03,0,0,0,0,0,0,0,0,0,0,0,0,0,0,0,0,0,0,0,0,0
10.193103313446045,0,0.0,0.0,0.0,0.0,0.0,0.0,0.0,0.0,0.03,0,0,0,0,0,0,0,0,0,0,0,0,0,0,0,0,0,0,0,0,0
10.195272445678711,0,0.0,0.0,0.0,0.0,0.0,0.0,0.0,0.0,0.03,0,0,0,0,0,0,0,0,0,0,0,0,0,0,0,0,0,0,0,0,0
10.196518421173096,0,0.0,0.0,0.0,0.0,0.0,0.0,0.0,0.0,0.03,0,0,0,0,0,0,0,0,0,0,0,0,0,0,0,0,0,0,0,0,0
10.197664737701416,0,0.0,0.0,0.0,0.0,0.0,0.0,0.0,0.0,0.03,0,0,0,0,0,0,0,0,0,0,0,0,0,0,0,0,0,0,0,0,0
10.19960904121399,0,0.0,0.0,0.0,0.0,0.0,0.0,0.0,0.0,0.03,0,0,0,0,0,0,0,0,0,0,0,0,0,0,0,0,0,0,0,0,0
10.200951337814331,0,0.0,0.0,0.0,0.0,0.0,0.0,0.0,0.0,0.03,0,0,0,0,0,0,0,0,0,0,0,0,0,0,0,0,0,0,0,0,0
10.202107667922974,0,0.0,0.0,0.0,0.0,0.0,0.0,0.0,0.0,0.03,0,0,0,0,0,0,0,0,0,0,0,0,0,0,0,0,0,0,0,0,0
10.203253269195557,0,0.0,0.0,0.0,0.0,0.0,0.0,0.0,0.0,0.03,0,0,0,0,0,0,0,0,0,0,0,0,0,0,0,0,0,0,0,0,0
10.204403400421143,0,0.0,0.0,0.0,0.0,0.0,0.0,0.0,0.0,0.03,0,0,0,0,0,0,0,0,0,0,0,0,0,0,0,0,0,0,0,0,0
10.205493211746216,0,0.0,0.0,0.0,0.0,0.0,0.0,0.0,0.0,0.03,0,0,0,0,0,0,0,0,0,0,0,0,0,0,0,0,0,0,0,0,0
10.207181215286255,0,0.0,0.0,0.0,0.0,0.0,0.0,0.0,0.0,0.03,0,0,0,0,0,0,0,0,0,0,0,0,0,0,0,0,0,0,0,0,0
10.208462238311768,0,0.0,0.0,0.0,0.0,0.0,0.0,0.0,0.0,0.03,0,0,0,0,0,0,0,0,0,0,0,0,0,0,0,0,0,0,0,0,0
10.209808826446533,0,0.0,0.0,0.0,0.0,0.0,0.0,0.0,0.0,0.03,0,0,0,0,0,0,0,0,0,0,0,0,0,0,0,0,0,0,0,0,0
10.211111545562744,0,0.0,0.0,0.0,0.0,0.0,0.0,0.0,0.0,0.03,0,0,0,0,0,0,0,0,0,0,0,0,0,0,0,0,0,0,0,0,0
10.212498188018799,0,0.0,0.0,0.0,0.0,0.0,0.0,0.0,0.0,0.03,0,0,0,0,0,0,0,0,0,0,0,0,0,0,0,0,0,0,0,0,0
10.213693618774414,0,0.0,0.0,0.0,0.0,0.0,0.0,0.0,0.0,0.03,0,0,0,0,0,0,0,0,0,0,0,0,0,0,0,0,0,0,0,0,0
10.215279817581177,0,0.0,0.0,0.0,0.0,0.0,0.0,0.0,0.0,0.03,0,0,0,0,0,0,0,0,0,0,0,0,0,0,0,0,0,0,0,0,0
10.216458320617676,0,0.0,0.0,0.0,0.0,0.0,0.0,0.0,0.0,0.03,0,0,0,0,0,0,0,0,0,0,0,0,0,0,0,0,0,0,0,0,0
10.21756386756897,0,0.0,0.0,0.0,0.0,0.0,0.0,0.0,0.0,0.03,0,0,0,0,0,0,0,0,0,0,0,0,0,0,0,0,0,0,0,0,0
10.219476222991943,0,0.0,0.0,0.0,0.0,0.0,0.0,0.0,0.0,0.03,0,0,0,0,0,0,0,0,0,0,0,0,0,0,0,0,0,0,0,0,0
10.220645666122437,0,0.0,0.0,0.0,0.0,0.0,0.0,0.0,0.0,0.03,0,0,0,0,0,0,0,0,0,0,0,0,0,0,0,0,0,0,0,0,0
10.224527597427368,0,0.0,0.0,0.0,0.0,0.0,0.0,0.0,0.0,0.03,0,0,0,0,0,0,0,0,0,0,0,0,0,0,0,0,0,0,0,0,0
10.225740432739258,0,0.0,0.0,0.0,0.0,0.0,0.0,0.0,0.0,0.03,0,0,0,0,0,0,0,0,0,0,0,0,0,0,0,0,0,0,0,0,0
10.22714614868164,0,0.0,0.0,0.0,0.0,0.0,0.0,0.0,0.0,0.03,0,0,0,0,0,0,0,0,0,0,0,0,0,0,0,0,0,0,0,0,0
10.229026079177856,0,0.0,0.0,0.0,0.0,0.0,0.0,0.0,0.0,0.03,0,0,0,0,0,0,0,0,0,0,0,0,0,0,0,0,0,0,0,0,0
10.232264995574951,0,0.0,0.0,0.0,0.0,0.0,0.0,0.0,0.0,0.03,0,0,0,0,0,0,0,0,0,0,0,0,0,0,0,0,0,0,0,0,0
10.233623027801514,0,0.0,0.0,0.0,0.0,0.0,0.0,0.0,0.0,0.03,0,0,0,0,0,0,0,0,0,0,0,0,0,0,0,0,0,0,0,0,0
10.234964847564697,0,0.0,0.0,0.0,0.0,0.0,0.0,0.0,0.0,0.03,0,0,0,0,0,0,0,0,0,0,0,0,0,0,0,0,0,0,0,0,0
10.236635684967041,0,0.0,0.0,0.0,0.0,0.0,0.0,0.0,0.0,0.03,0,0,0,0,0,0,0,0,0,0,0,0,0,0,0,0,0,0,0,0,0
10.238254308700562,0,0.0,0.0,0.0,0.0,0.0,0.0,0.0,0.0,0.03,0,0,0,0,0,0,0,0,0,0,0,0,0,0,0,0,0,0,0,0,0
10.239341497421265,0,0.0,0.0,0.0,0.0,0.0,0.0,0.0,0.0,0.03,0,0,0,0,0,0,0,0,0,0,0,0,0,0,0,0,0,0,0,0,0
10.2405366897583,0,0.0,0.0,0.0,0.0,0.0,0.0,0.0,0.0,0.03,0,0,0,0,0,0,0,0,0,0,0,0,0,0,0,0,0,0,0,0,0
10.241615295410156,0,0.0,0.0,0.0,0.0,0.0,0.0,0.0,0.0,0.03,0,0,0,0,0,0,0,0,0,0,0,0,0,0,0,0,0,0,0,0,0
10.243104934692383,0,0.0,0.0,0.0,0.0,0.0,0.0,0.0,0.0,0.03,0,0,0,0,0,0,0,0,0,0,0,0,0,0,0,0,0,0,0,0,0
10.244383096694946,0,0.0,0.0,0.0,0.0,0.0,0.0,0.0,0.0,0.03,0,0,0,0,0,0,0,0,0,0,0,0,0,0,0,0,0,0,0,0,0
10.245468854904175,0,0.0,0.0,0.0,0.0,0.0,0.0,0.0,0.0,0.03,0,0,0,0,0,0,0,0,0,0,0,0,0,0,0,0,0,0,0,0,0
10.246612310409546,0,0.0,0.0,0.0,0.0,0.0,0.0,0.0,0.0,0.03,0,0,0,0,0,0,0,0,0,0,0,0,0,0,0,0,0,0,0,0,0
10.247762680053711,0,0.0,0.0,0.0,0.0,0.0,0.0,0.0,0.0,0.03,0,0,0,0,0,0,0,0,0,0,0,0,0,0,0,0,0,0,0,0,0
10.248823404312134,0,0.0,0.0,0.0,0.0,0.0,0.0,0.0,0.0,0.03,0,0,0,0,0,0,0,0,0,0,0,0,0,0,0,0,0,0,0,0,0
10.250115156173706,0,0.0,0.0,0.0,0.0,0.0,0.0,0.0,0.0,0.03,0,0,0,0,0,0,0,0,0,0,0,0,0,0,0,0,0,0,0,0,0
10.251285314559937,0,0.0,0.0,0.0,0.0,0.0,0.0,0.0,0.0,0.03,0,0,0,0,0,0,0,0,0,0,0,0,0,0,0,0,0,0,0,0,0
10.252762079238892,0,0.0,0.0,0.0,0.0,0.0,0.0,0.0,0.0,0.03,0,0,0,0,0,0,0,0,0,0,0,0,0,0,0,0,0,0,0,0,0
10.255676746368408,0,0.0,0.0,0.0,0.0,0.0,0.0,0.0,0.0,0.03,0,0,0,0,0,0,0,0,0,0,0,0,0,0,0,0,0,0,0,0,0
10.25705885887146,0,0.0,0.0,0.0,0.0,0.0,0.0,0.0,0.0,0.03,0,0,0,0,0,0,0,0,0,0,0,0,0,0,0,0,0,0,0,0,0
10.258984565734863,0,0.0,0.0,0.0,0.0,0.0,0.0,0.0,0.0,0.03,0,0,0,0,0,0,0,0,0,0,0,0,0,0,0,0,0,0,0,0,0
10.260317087173462,0,0.0,0.0,0.0,0.0,0.0,0.0,0.0,0.0,0.03,0,0,0,0,0,0,0,0,0,0,0,0,0,0,0,0,0,0,0,0,0
10.261438608169556,0,0.0,0.0,0.0,0.0,0.0,0.0,0.0,0.0,0.03,0,0,0,0,0,0,0,0,0,0,0,0,0,0,0,0,0,0,0,0,0
10.26253890991211,0,0.0,0.0,0.0,0.0,0.0,0.0,0.0,0.0,0.03,0,0,0,0,0,0,0,0,0,0,0,0,0,0,0,0,0,0,0,0,0
10.26373815536499,0,0.0,0.0,0.0,0.0,0.0,0.0,0.0,0.0,0.03,0,0,0,0,0,0,0,0,0,0,0,0,0,0,0,0,0,0,0,0,0
10.264843940734863,0,0.0,0.0,0.0,0.0,0.0,0.0,0.0,0.0,0.03,0,0,0,0,0,0,0,0,0,0,0,0,0,0,0,0,0,0,0,0,0
10.266140460968018,0,0.0,0.0,0.0,0.0,0.0,0.0,0.0,0.0,0.03,0,0,0,0,0,0,0,0,0,0,0,0,0,0,0,0,0,0,0,0,0
10.26730990409851,0,0.0,0.0,0.0,0.0,0.0,0.0,0.0,0.0,0.03,0,0,0,0,0,0,0,0,0,0,0,0,0,0,0,0,0,0,0,0,0
10.268383502960205,0,0.0,0.0,0.0,0.0,0.0,0.0,0.0,0.0,0.03,0,0,0,0,0,0,0,0,0,0,0,0,0,0,0,0,0,0,0,0,0
10.269479036331177,0,0.0,0.0,0.0,0.0,0.0,0.0,0.0,0.0,0.03,0,0,0,0,0,0,0,0,0,0,0,0,0,0,0,0,0,0,0,0,0
10.270620107650757,0,0.0,0.0,0.0,0.0,0.0,0.0,0.0,0.0,0.03,0,0,0,0,0,0,0,0,0,0,0,0,0,0,0,0,0,0,0,0,0
10.271714448928833,0,0.0,0.0,0.0,0.0,0.0,0.0,0.0,0.0,0.03,0,0,0,0,0,0,0,0,0,0,0,0,0,0,0,0,0,0,0,0,0
10.272785902023315,0,0.0,0.0,0.0,0.0,0.0,0.0,0.0,0.0,0.03,0,0,0,0,0,0,0,0,0,0,0,0,0,0,0,0,0,0,0,0,0
10.275268793106079,0,0.0,0.0,0.0,0.0,0.0,0.0,0.0,0.0,0.03,0,0,0,0,0,0,0,0,0,0,0,0,0,0,0,0,0,0,0,0,0
10.276991844177246,0,0.0,0.0,0.0,0.0,0.0,0.0,0.0,0.0,0.03,0,0,0,0,0,0,0,0,0,0,0,0,0,0,0,0,0,0,0,0,0
10.279361009597778,0,0.0,0.0,0.0,0.0,0.0,0.0,0.0,0.0,0.03,0,0,0,0,0,0,0,0,0,0,0,0,0,0,0,0,0,0,0,0,0
10.280751466751099,0,0.0,0.0,0.0,0.0,0.0,0.0,0.0,0.0,0.03,0,0,0,0,0,0,0,0,0,0,0,0,0,0,0,0,0,0,0,0,0
10.28184962272644,0,0.0,0.0,0.0,0.0,0.0,0.0,0.0,0.0,0.03,0,0,0,0,0,0,0,0,0,0,0,0,0,0,0,0,0,0,0,0,0
10.283955574035645,0,0.0,0.0,0.0,0.0,0.0,0.0,0.0,0.0,0.03,0,0,0,0,0,0,0,0,0,0,0,0,0,0,0,0,0,0,0,0,0
10.285517692565918,0,0.0,0.0,0.0,0.0,0.0,0.0,0.0,0.0,0.03,0,0,0,0,0,0,0,0,0,0,0,0,0,0,0,0,0,0,0,0,0
10.28672456741333,0,0.0,0.0,0.0,0.0,0.0,0.0,0.0,0.0,0.03,0,0,0,0,0,0,0,0,0,0,0,0,0,0,0,0,0,0,0,0,0
10.288321018218994,0,0.0,0.0,0.0,0.0,0.0,0.0,0.0,0.0,0.03,0,0,0,0,0,0,0,0,0,0,0,0,0,0,0,0,0,0,0,0,0
10.289913415908813,0,0.0,0.0,0.0,0.0,0.0,0.0,0.0,0.0,0.03,0,0,0,0,0,0,0,0,0,0,0,0,0,0,0,0,0,0,0,0,0
10.2909836769104,0,0.0,0.0,0.0,0.0,0.0,0.0,0.0,0.0,0.03,0,0,0,0,0,0,0,0,0,0,0,0,0,0,0,0,0,0,0,0,0
10.29386591911316,0,0.0,0.0,0.0,0.0,0.0,0.0,0.0,0.0,0.03,0,0,0,0,0,0,0,0,0,0,0,0,0,0,0,0,0,0,0,0,0
10.295273303985596,0,0.0,0.0,0.0,0.0,0.0,0.0,0.0,0.0,0.03,0,0,0,0,0,0,0,0,0,0,0,0,0,0,0,0,0,0,0,0,0
10.29665493965149,0,0.0,0.0,0.0,0.0,0.0,0.0,0.0,0.0,0.03,0,0,0,0,0,0,0,0,0,0,0,0,0,0,0,0,0,0,0,0,0
10.297722578048706,0,0.0,0.0,0.0,0.0,0.0,0.0,0.0,0.0,0.03,0,0,0,0,0,0,0,0,0,0,0,0,0,0,0,0,0,0,0,0,0
10.298837423324585,0,0.0,0.0,0.0,0.0,0.0,0.0,0.0,0.0,0.03,0,0,0,0,0,0,0,0,0,0,0,0,0,0,0,0,0,0,0,0,0
10.300168514251709,0,0.0,0.0,0.0,0.0,0.0,0.0,0.0,0.0,0.03,0,0,0,0,0,0,0,0,0,0,0,0,0,0,0,0,0,0,0,0,0
10.301356077194214,0,0.0,0.0,0.0,0.0,0.0,0.0,0.0,0.0,0.03,0,0,0,0,0,0,0,0,0,0,0,0,0,0,0,0,0,0,0,0,0
10.30244255065918,0,0.0,0.0,0.0,0.0,0.0,0.0,0.0,0.0,0.03,0,0,0,0,0,0,0,0,0,0,0,0,0,0,0,0,0,0,0,0,0
10.303805351257324,0,0.0,0.0,0.0,0.0,0.0,0.0,0.0,0.0,0.03,0,0,0,0,0,0,0,0,0,0,0,0,0,0,0,0,0,0,0,0,0
10.305930137634277,0,0.0,0.0,0.0,0.0,0.0,0.0,0.0,0.0,0.03,0,0,0,0,0,0,0,0,0,0,0,0,0,0,0,0,0,0,0,0,0
10.307313442230225,0,0.0,0.0,0.0,0.0,0.0,0.0,0.0,0.0,0.03,0,0,0,0,0,0,0,0,0,0,0,0,0,0,0,0,0,0,0,0,0
10.308727264404297,0,0.0,0.0,0.0,0.0,0.0,0.0,0.0,0.0,0.03,0,0,0,0,0,0,0,0,0,0,0,0,0,0,0,0,0,0,0,0,0
10.310938835144043,0,0.0,0.0,0.0,0.0,0.0,0.0,0.0,0.0,0.03,0,0,0,0,0,0,0,0,0,0,0,0,0,0,0,0,0,0,0,0,0
10.312586545944214,0,0.0,0.0,0.0,0.0,0.0,0.0,0.0,0.0,0.03,0,0,0,0,0,0,0,0,0,0,0,0,0,0,0,0,0,0,0,0,0
10.313721179962158,0,0.0,0.0,0.0,0.0,0.0,0.0,0.0,0.0,0.03,0,0,0,0,0,0,0,0,0,0,0,0,0,0,0,0,0,0,0,0,0
10.314898014068604,0,0.0,0.0,0.0,0.0,0.0,0.0,0.0,0.0,0.03,0,0,0,0,0,0,0,0,0,0,0,0,0,0,0,0,0,0,0,0,0
10.316069602966309,0,0.0,0.0,0.0,0.0,0.0,0.0,0.0,0.0,0.03,0,0,0,0,0,0,0,0,0,0,0,0,0,0,0,0,0,0,0,0,0
10.317352771759033,0,0.0,0.0,0.0,0.0,0.0,0.0,0.0,0.0,0.03,0,0,0,0,0,0,0,0,0,0,0,0,0,0,0,0,0,0,0,0,0
10.318649053573608,0,0.0,0.0,0.0,0.0,0.0,0.0,0.0,0.0,0.03,0,0,0,0,0,0,0,0,0,0,0,0,0,0,0,0,0,0,0,0,0
10.320003986358643,0,0.0,0.0,0.0,0.0,0.0,0.0,0.0,0.0,0.03,0,0,0,0,0,0,0,0,0,0,0,0,0,0,0,0,0,0,0,0,0
10.321441888809204,0,0.0,0.0,0.0,0.0,0.0,0.0,0.0,0.0,0.03,0,0,0,0,0,0,0,0,0,0,0,0,0,0,0,0,0,0,0,0,0
10.32274580001831,0,0.0,0.0,0.0,0.0,0.0,0.0,0.0,0.0,0.03,0,0,0,0,0,0,0,0,0,0,0,0,0,0,0,0,0,0,0,0,0
10.324321508407593,0,0.0,0.0,0.0,0.0,0.0,0.0,0.0,0.0,0.03,0,0,0,0,0,0,0,0,0,0,0,0,0,0,0,0,0,0,0,0,0
10.32649827003479,0,0.0,0.0,0.0,0.0,0.0,0.0,0.0,0.0,0.03,0,0,0,0,0,0,0,0,0,0,0,0,0,0,0,0,0,0,0,0,0
10.327823638916016,0,0.0,0.0,0.0,0.0,0.0,0.0,0.0,0.0,0.03,0,0,0,0,0,0,0,0,0,0,0,0,0,0,0,0,0,0,0,0,0
10.330442190170288,0,0.0,0.0,0.0,0.0,0.0,0.0,0.0,0.0,0.03,0,0,0,0,0,0,0,0,0,0,0,0,0,0,0,0,0,0,0,0,0
10.331723690032959,0,0.0,0.0,0.0,0.0,0.0,0.0,0.0,0.0,0.03,0,0,0,0,0,0,0,0,0,0,0,0,0,0,0,0,0,0,0,0,0
10.332825899124146,0,0.0,0.0,0.0,0.0,0.0,0.0,0.0,0.0,0.03,0,0,0,0,0,0,0,0,0,0,0,0,0,0,0,0,0,0,0,0,0
10.334529399871826,0,0.0,0.0,0.0,0.0,0.0,0.0,0.0,0.0,0.03,0,0,0,0,0,0,0,0,0,0,0,0,0,0,0,0,0,0,0,0,0
10.335885047912598,0,0.0,0.0,0.0,0.0,0.0,0.0,0.0,0.0,0.03,0,0,0,0,0,0,0,0,0,0,0,0,0,0,0,0,0,0,0,0,0
10.33695125579834,0,0.0,0.0,0.0,0.0,0.0,0.0,0.0,0.0,0.03,0,0,0,0,0,0,0,0,0,0,0,0,0,0,0,0,0,0,0,0,0
10.33801555633545,0,0.0,0.0,0.0,0.0,0.0,0.0,0.0,0.0,0.03,0,0,0,0,0,0,0,0,0,0,0,0,0,0,0,0,0,0,0,0,0
10.339386940002441,0,0.0,0.0,0.0,0.0,0.0,0.0,0.0,0.0,0.03,0,0,0,0,0,0,0,0,0,0,0,0,0,0,0,0,0,0,0,0,0
10.340451002120972,0,0.0,0.0,0.0,0.0,0.0,0.0,0.0,0.0,0.03,0,0,0,0,0,0,0,0,0,0,0,0,0,0,0,0,0,0,0,0,0
10.34158992767334,0,0.0,0.0,0.0,0.0,0.0,0.0,0.0,0.0,0.03,0,0,0,0,0,0,0,0,0,0,0,0,0,0,0,0,0,0,0,0,0
10.34334397315979,0,0.0,0.0,0.0,0.0,0.0,0.0,0.0,0.0,0.03,0,0,0,0,0,0,0,0,0,0,0,0,0,0,0,0,0,0,0,0,0
10.344834089279175,0,0.0,0.0,0.0,0.0,0.0,0.0,0.0,0.0,0.03,0,0,0,0,0,0,0,0,0,0,0,0,0,0,0,0,0,0,0,0,0
10.346672296524048,0,0.0,0.0,0.0,0.0,0.0,0.0,0.0,0.0,0.03,0,0,0,0,0,0,0,0,0,0,0,0,0,0,0,0,0,0,0,0,0
10.347912549972534,0,0.0,0.0,0.0,0.0,0.0,0.0,0.0,0.0,0.03,0,0,0,0,0,0,0,0,0,0,0,0,0,0,0,0,0,0,0,0,0
10.350270748138428,0,0.0,0.0,0.0,0.0,0.0,0.0,0.0,0.0,0.03,0,0,0,0,0,0,0,0,0,0,0,0,0,0,0,0,0,0,0,0,0
10.351430654525757,0,0.0,0.0,0.0,0.0,0.0,0.0,0.0,0.0,0.03,0,0,0,0,0,0,0,0,0,0,0,0,0,0,0,0,0,0,0,0,0
10.35258150100708,0,0.0,0.0,0.0,0.0,0.0,0.0,0.0,0.0,0.03,0,0,0,0,0,0,0,0,0,0,0,0,0,0,0,0,0,0,0,0,0
10.354384660720825,0,0.0,0.0,0.0,0.0,0.0,0.0,0.0,0.0,0.03,0,0,0,0,0,0,0,0,0,0,0,0,0,0,0,0,0,0,0,0,0
10.355483293533325,0,0.0,0.0,0.0,0.0,0.0,0.0,0.0,0.0,0.03,0,0,0,0,0,0,0,0,0,0,0,0,0,0,0,0,0,0,0,0,0
10.356569290161133,0,0.0,0.0,0.0,0.0,0.0,0.0,0.0,0.0,0.03,0,0,0,0,0,0,0,0,0,0,0,0,0,0,0,0,0,0,0,0,0
