scenario,real_time_plot,lateral_angle_range,drag_speed,wiggle_time,servo_speed,extraction_height,wiggle frequency,insertion_angle,wiggle_amplitude
turtle,True,0.1,0.15,0.12,0.18,0.02,0.7853981633974483
time,turtle_state,leftadduction_pos,leftsweeping_pos,rightadduction_pos,rightsweeping_pos,leftadduction_curr,leftsweeping_curr,rightadduction_curr,rightsweeping_curr,insertiondepth,OptitrackPosition_x,OptitrackPosition_y,OptitrackPosition_z,OptitrackOrientation_x,OptitrackOrientation_y,OptitrackOrientation_z,OptitrackOrientation_w,LeftFlipperPosition_x,LeftFlipperPosition_y,LeftFlipperPosition_z,LeftFlipperOrientation_x,LeftFlipperOrientation_y,LeftFlipperOrientation_z,LeftFlipperOrientation_w,RightFlipperPosition_x,RightFlipperPosition_y,RightFlipperPosition_z,RightFlipperOrientation_x,RightFlipperOrientation_y,RightFlipperOrientation_z,RightFlipperOrientation_w
5.07316255569458,0,0.0,0.0,0.0,0.0,0.0,0.0,0.0,0.0,0.3,1.3086286783218384,0.20460005104541779,0.3402945101261139,0.06457913666963577,-0.10675349831581116,0.12589077651500702,0.9841670393943787,0,0,0,0,0,0,0,0,0,0,0,0,0,0
5.076604127883911,0,0.0,0.0,0.0,0.0,0.0,0.0,0.0,0.0,0.3,1.3086286783218384,0.20460005104541779,0.3402945101261139,0.06457913666963577,-0.10675349831581116,0.12589077651500702,0.9841670393943787,0,0,0,0,0,0,0,0,0,0,0,0,0,0
5.084530830383301,0,0.0,0.0,0.0,0.0,0.0,0.0,0.0,0.0,0.3,1.3086286783218384,0.20460005104541779,0.3402945101261139,0.06457913666963577,-0.10675349831581116,0.12589077651500702,0.9841670393943787,0,0,0,0,0,0,0,0,0,0,0,0,0,0
5.086912155151367,0,0.0,0.0,0.0,0.0,0.0,0.0,0.0,0.0,0.3,1.3086286783218384,0.20460005104541779,0.3402945101261139,0.06457913666963577,-0.10675349831581116,0.12589077651500702,0.9841670393943787,0,0,0,0,0,0,0,0,0,0,0,0,0,0
5.089684963226318,0,0.0,0.0,0.0,0.0,0.0,0.0,0.0,0.0,0.3,1.3086286783218384,0.20460005104541779,0.3402945101261139,0.06457913666963577,-0.10675349831581116,0.12589077651500702,0.9841670393943787,0,0,0,0,0,0,0,0,0,0,0,0,0,0
5.0910961627960205,0,0.0,0.0,0.0,0.0,0.0,0.0,0.0,0.0,0.3,1.3086286783218384,0.20460005104541779,0.3402945101261139,0.06457913666963577,-0.10675349831581116,0.12589077651500702,0.9841670393943787,0,0,0,0,0,0,0,0,0,0,0,0,0,0
5.092155933380127,0,0.0,0.0,0.0,0.0,0.0,0.0,0.0,0.0,0.3,1.3086286783218384,0.20460005104541779,0.3402945101261139,0.06457913666963577,-0.10675349831581116,0.12589077651500702,0.9841670393943787,0,0,0,0,0,0,0,0,0,0,0,0,0,0
5.094116926193237,0,0.0,0.0,0.0,0.0,0.0,0.0,0.0,0.0,0.3,1.3086286783218384,0.20460005104541779,0.3402945101261139,0.06457913666963577,-0.10675349831581116,0.12589077651500702,0.9841670393943787,0,0,0,0,0,0,0,0,0,0,0,0,0,0
5.097980976104736,0,0.0,0.0,0.0,0.0,0.0,0.0,0.0,0.0,0.3,1.3086286783218384,0.20460005104541779,0.3402945101261139,0.06457913666963577,-0.10675349831581116,0.12589077651500702,0.9841670393943787,0,0,0,0,0,0,0,0,0,0,0,0,0,0
5.099064111709595,0,0.0,0.0,0.0,0.0,0.0,0.0,0.0,0.0,0.3,1.3086286783218384,0.20460005104541779,0.3402945101261139,0.06457913666963577,-0.10675349831581116,0.12589077651500702,0.9841670393943787,0,0,0,0,0,0,0,0,0,0,0,0,0,0
5.100375175476074,0,0.0,0.0,0.0,0.0,0.0,0.0,0.0,0.0,0.3,1.3086286783218384,0.20460005104541779,0.3402945101261139,0.06457913666963577,-0.10675349831581116,0.12589077651500702,0.9841670393943787,0,0,0,0,0,0,0,0,0,0,0,0,0,0
5.101441383361816,0,0.0,0.0,0.0,0.0,0.0,0.0,0.0,0.0,0.3,1.3086286783218384,0.20460005104541779,0.3402945101261139,0.06457913666963577,-0.10675349831581116,0.12589077651500702,0.9841670393943787,0,0,0,0,0,0,0,0,0,0,0,0,0,0
5.102715730667114,0,0.0,0.0,0.0,0.0,0.0,0.0,0.0,0.0,0.3,1.3086286783218384,0.20460005104541779,0.3402945101261139,0.06457913666963577,-0.10675349831581116,0.12589077651500702,0.9841670393943787,0,0,0,0,0,0,0,0,0,0,0,0,0,0
5.103827714920044,0,0.0,0.0,0.0,0.0,0.0,0.0,0.0,0.0,0.3,1.3086286783218384,0.20460005104541779,0.3402945101261139,0.06457913666963577,-0.10675349831581116,0.12589077651500702,0.9841670393943787,0,0,0,0,0,0,0,0,0,0,0,0,0,0
5.105242729187012,0,0.0,0.0,0.0,0.0,0.0,0.0,0.0,0.0,0.3,1.3086286783218384,0.20460005104541779,0.3402945101261139,0.06457913666963577,-0.10675349831581116,0.12589077651500702,0.9841670393943787,0,0,0,0,0,0,0,0,0,0,0,0,0,0
5.1084747314453125,0,0.0,0.0,0.0,0.0,0.0,0.0,0.0,0.0,0.3,1.3086286783218384,0.20460005104541779,0.3402945101261139,0.06457913666963577,-0.10675349831581116,0.12589077651500702,0.9841670393943787,0,0,0,0,0,0,0,0,0,0,0,0,0,0
5.110303640365601,0,0.0,0.0,0.0,0.0,0.0,0.0,0.0,0.0,0.3,1.3086286783218384,0.20460005104541779,0.3402945101261139,0.06457913666963577,-0.10675349831581116,0.12589077651500702,0.9841670393943787,0,0,0,0,0,0,0,0,0,0,0,0,0,0
5.111859321594238,0,0.0,0.0,0.0,0.0,0.0,0.0,0.0,0.0,0.3,1.3086286783218384,0.20460005104541779,0.3402945101261139,0.06457913666963577,-0.10675349831581116,0.12589077651500702,0.9841670393943787,0,0,0,0,0,0,0,0,0,0,0,0,0,0
5.113149881362915,0,0.0,0.0,0.0,0.0,0.0,0.0,0.0,0.0,0.3,1.3086286783218384,0.20460005104541779,0.3402945101261139,0.06457913666963577,-0.10675349831581116,0.12589077651500702,0.9841670393943787,0,0,0,0,0,0,0,0,0,0,0,0,0,0
5.114404678344727,0,0.0,0.0,0.0,0.0,0.0,0.0,0.0,0.0,0.3,1.3086286783218384,0.20460005104541779,0.3402945101261139,0.06457913666963577,-0.10675349831581116,0.12589077651500702,0.9841670393943787,0,0,0,0,0,0,0,0,0,0,0,0,0,0
5.115726947784424,0,0.0,0.0,0.0,0.0,0.0,0.0,0.0,0.0,0.3,1.3086286783218384,0.20460005104541779,0.3402945101261139,0.06457913666963577,-0.10675349831581116,0.12589077651500702,0.9841670393943787,0,0,0,0,0,0,0,0,0,0,0,0,0,0
5.116823434829712,0,0.0,0.0,0.0,0.0,0.0,0.0,0.0,0.0,0.3,1.3086286783218384,0.20460005104541779,0.3402945101261139,0.06457913666963577,-0.10675349831581116,0.12589077651500702,0.9841670393943787,0,0,0,0,0,0,0,0,0,0,0,0,0,0
5.118456125259399,0,0.0,0.0,0.0,0.0,0.0,0.0,0.0,0.0,0.3,1.3086286783218384,0.20460005104541779,0.3402945101261139,0.06457913666963577,-0.10675349831581116,0.12589077651500702,0.9841670393943787,0,0,0,0,0,0,0,0,0,0,0,0,0,0
5.119552373886108,0,0.0,0.0,0.0,0.0,0.0,0.0,0.0,0.0,0.3,1.3086286783218384,0.20460005104541779,0.3402945101261139,0.06457913666963577,-0.10675349831581116,0.12589077651500702,0.9841670393943787,0,0,0,0,0,0,0,0,0,0,0,0,0,0
5.120654582977295,0,0.0,0.0,0.0,0.0,0.0,0.0,0.0,0.0,0.3,1.3086286783218384,0.20460005104541779,0.3402945101261139,0.06457913666963577,-0.10675349831581116,0.12589077651500702,0.9841670393943787,0,0,0,0,0,0,0,0,0,0,0,0,0,0
5.12223219871521,0,0.0,0.0,0.0,0.0,0.0,0.0,0.0,0.0,0.3,1.3086286783218384,0.20460005104541779,0.3402945101261139,0.06457913666963577,-0.10675349831581116,0.12589077651500702,0.9841670393943787,0,0,0,0,0,0,0,0,0,0,0,0,0,0
5.12332010269165,0,0.0,0.0,0.0,0.0,0.0,0.0,0.0,0.0,0.3,1.3086286783218384,0.20460005104541779,0.3402945101261139,0.06457913666963577,-0.10675349831581116,0.12589077651500702,0.9841670393943787,0,0,0,0,0,0,0,0,0,0,0,0,0,0
5.124402046203613,0,0.0,0.0,0.0,0.0,0.0,0.0,0.0,0.0,0.3,1.3086286783218384,0.20460005104541779,0.3402945101261139,0.06457913666963577,-0.10675349831581116,0.12589077651500702,0.9841670393943787,0,0,0,0,0,0,0,0,0,0,0,0,0,0
5.126278877258301,0,0.0,0.0,0.0,0.0,0.0,0.0,0.0,0.0,0.3,1.3086286783218384,0.20460005104541779,0.3402945101261139,0.06457913666963577,-0.10675349831581116,0.12589077651500702,0.9841670393943787,0,0,0,0,0,0,0,0,0,0,0,0,0,0
5.128048658370972,0,0.0,0.0,0.0,0.0,0.0,0.0,0.0,0.0,0.3,1.3086286783218384,0.20460005104541779,0.3402945101261139,0.06457913666963577,-0.10675349831581116,0.12589077651500702,0.9841670393943787,0,0,0,0,0,0,0,0,0,0,0,0,0,0
5.129731893539429,0,0.0,0.0,0.0,0.0,0.0,0.0,0.0,0.0,0.3,1.3086286783218384,0.20460005104541779,0.3402945101261139,0.06457913666963577,-0.10675349831581116,0.12589077651500702,0.9841670393943787,0,0,0,0,0,0,0,0,0,0,0,0,0,0
5.130806922912598,0,0.0,0.0,0.0,0.0,0.0,0.0,0.0,0.0,0.3,1.3086286783218384,0.20460005104541779,0.3402945101261139,0.06457913666963577,-0.10675349831581116,0.12589077651500702,0.9841670393943787,0,0,0,0,0,0,0,0,0,0,0,0,0,0
5.131964683532715,0,0.0,0.0,0.0,0.0,0.0,0.0,0.0,0.0,0.3,1.3086286783218384,0.20460005104541779,0.3402945101261139,0.06457913666963577,-0.10675349831581116,0.12589077651500702,0.9841670393943787,0,0,0,0,0,0,0,0,0,0,0,0,0,0
5.133062362670898,0,0.0,0.0,0.0,0.0,0.0,0.0,0.0,0.0,0.3,1.3086286783218384,0.20460005104541779,0.3402945101261139,0.06457913666963577,-0.10675349831581116,0.12589077651500702,0.9841670393943787,0,0,0,0,0,0,0,0,0,0,0,0,0,0
5.134212017059326,0,0.0,0.0,0.0,0.0,0.0,0.0,0.0,0.0,0.3,1.3086286783218384,0.20460005104541779,0.3402945101261139,0.06457913666963577,-0.10675349831581116,0.12589077651500702,0.9841670393943787,0,0,0,0,0,0,0,0,0,0,0,0,0,0
5.136292219161987,0,0.0,0.0,0.0,0.0,0.0,0.0,0.0,0.0,0.3,1.3086286783218384,0.20460005104541779,0.3402945101261139,0.06457913666963577,-0.10675349831581116,0.12589077651500702,0.9841670393943787,0,0,0,0,0,0,0,0,0,0,0,0,0,0
5.137374639511108,0,0.0,0.0,0.0,0.0,0.0,0.0,0.0,0.0,0.3,1.3086286783218384,0.20460005104541779,0.3402945101261139,0.06457913666963577,-0.10675349831581116,0.12589077651500702,0.9841670393943787,0,0,0,0,0,0,0,0,0,0,0,0,0,0
5.139084815979004,0,0.0,0.0,0.0,0.0,0.0,0.0,0.0,0.0,0.3,1.3086286783218384,0.20460005104541779,0.3402945101261139,0.06457913666963577,-0.10675349831581116,0.12589077651500702,0.9841670393943787,0,0,0,0,0,0,0,0,0,0,0,0,0,0
5.140548467636108,0,0.0,0.0,0.0,0.0,0.0,0.0,0.0,0.0,0.3,1.3086286783218384,0.20460005104541779,0.3402945101261139,0.06457913666963577,-0.10675349831581116,0.12589077651500702,0.9841670393943787,0,0,0,0,0,0,0,0,0,0,0,0,0,0
5.141767978668213,0,0.0,0.0,0.0,0.0,0.0,0.0,0.0,0.0,0.3,1.3086286783218384,0.20460005104541779,0.3402945101261139,0.06457913666963577,-0.10675349831581116,0.12589077651500702,0.9841670393943787,0,0,0,0,0,0,0,0,0,0,0,0,0,0
5.142920970916748,0,0.0,0.0,0.0,0.0,0.0,0.0,0.0,0.0,0.3,1.3086286783218384,0.20460005104541779,0.3402945101261139,0.06457913666963577,-0.10675349831581116,0.12589077651500702,0.9841670393943787,0,0,0,0,0,0,0,0,0,0,0,0,0,0
5.144110918045044,0,0.0,0.0,0.0,0.0,0.0,0.0,0.0,0.0,0.3,1.3086286783218384,0.20460005104541779,0.3402945101261139,0.06457913666963577,-0.10675349831581116,0.12589077651500702,0.9841670393943787,0,0,0,0,0,0,0,0,0,0,0,0,0,0
5.145169973373413,0,0.0,0.0,0.0,0.0,0.0,0.0,0.0,0.0,0.3,1.3086286783218384,0.20460005104541779,0.3402945101261139,0.06457913666963577,-0.10675349831581116,0.12589077651500702,0.9841670393943787,0,0,0,0,0,0,0,0,0,0,0,0,0,0
5.146260976791382,0,0.0,0.0,0.0,0.0,0.0,0.0,0.0,0.0,0.3,1.3086286783218384,0.20460005104541779,0.3402945101261139,0.06457913666963577,-0.10675349831581116,0.12589077651500702,0.9841670393943787,0,0,0,0,0,0,0,0,0,0,0,0,0,0
5.1478188037872314,0,0.0,0.0,0.0,0.0,0.0,0.0,0.0,0.0,0.3,1.3086286783218384,0.20460005104541779,0.3402945101261139,0.06457913666963577,-0.10675349831581116,0.12589077651500702,0.9841670393943787,0,0,0,0,0,0,0,0,0,0,0,0,0,0
5.149108409881592,0,0.0,0.0,0.0,0.0,0.0,0.0,0.0,0.0,0.3,1.3086286783218384,0.20460005104541779,0.3402945101261139,0.06457913666963577,-0.10675349831581116,0.12589077651500702,0.9841670393943787,0,0,0,0,0,0,0,0,0,0,0,0,0,0
5.150519847869873,0,0.0,0.0,0.0,0.0,0.0,0.0,0.0,0.0,0.3,1.3086286783218384,0.20460005104541779,0.3402945101261139,0.06457913666963577,-0.10675349831581116,0.12589077651500702,0.9841670393943787,0,0,0,0,0,0,0,0,0,0,0,0,0,0
5.151710271835327,0,0.0,0.0,0.0,0.0,0.0,0.0,0.0,0.0,0.3,1.3086286783218384,0.20460005104541779,0.3402945101261139,0.06457913666963577,-0.10675349831581116,0.12589077651500702,0.9841670393943787,0,0,0,0,0,0,0,0,0,0,0,0,0,0
5.152812480926514,0,0.0,0.0,0.0,0.0,0.0,0.0,0.0,0.0,0.3,1.3086286783218384,0.20460005104541779,0.3402945101261139,0.06457913666963577,-0.10675349831581116,0.12589077651500702,0.9841670393943787,0,0,0,0,0,0,0,0,0,0,0,0,0,0
5.154062271118164,0,0.0,0.0,0.0,0.0,0.0,0.0,0.0,0.0,0.3,1.3086286783218384,0.20460005104541779,0.3402945101261139,0.06457913666963577,-0.10675349831581116,0.12589077651500702,0.9841670393943787,0,0,0,0,0,0,0,0,0,0,0,0,0,0
5.1553168296813965,0,0.0,0.0,0.0,0.0,0.0,0.0,0.0,0.0,0.3,1.3086286783218384,0.20460005104541779,0.3402945101261139,0.06457913666963577,-0.10675349831581116,0.12589077651500702,0.9841670393943787,0,0,0,0,0,0,0,0,0,0,0,0,0,0
5.156814098358154,0,0.0,0.0,0.0,0.0,0.0,0.0,0.0,0.0,0.3,1.3086286783218384,0.20460005104541779,0.3402945101261139,0.06457913666963577,-0.10675349831581116,0.12589077651500702,0.9841670393943787,0,0,0,0,0,0,0,0,0,0,0,0,0,0
5.158064603805542,0,0.0,0.0,0.0,0.0,0.0,0.0,0.0,0.0,0.3,1.3086286783218384,0.20460005104541779,0.3402945101261139,0.06457913666963577,-0.10675349831581116,0.12589077651500702,0.9841670393943787,0,0,0,0,0,0,0,0,0,0,0,0,0,0
5.159231424331665,0,0.0,0.0,0.0,0.0,0.0,0.0,0.0,0.0,0.3,1.3086286783218384,0.20460005104541779,0.3402945101261139,0.06457913666963577,-0.10675349831581116,0.12589077651500702,0.9841670393943787,0,0,0,0,0,0,0,0,0,0,0,0,0,0
5.160412549972534,0,0.0,0.0,0.0,0.0,0.0,0.0,0.0,0.0,0.3,1.3086286783218384,0.20460005104541779,0.3402945101261139,0.06457913666963577,-0.10675349831581116,0.12589077651500702,0.9841670393943787,0,0,0,0,0,0,0,0,0,0,0,0,0,0
5.161485910415649,0,0.0,0.0,0.0,0.0,0.0,0.0,0.0,0.0,0.3,1.3086286783218384,0.20460005104541779,0.3402945101261139,0.06457913666963577,-0.10675349831581116,0.12589077651500702,0.9841670393943787,0,0,0,0,0,0,0,0,0,0,0,0,0,0
5.162580966949463,0,0.0,0.0,0.0,0.0,0.0,0.0,0.0,0.0,0.3,1.3086286783218384,0.20460005104541779,0.3402945101261139,0.06457913666963577,-0.10675349831581116,0.12589077651500702,0.9841670393943787,0,0,0,0,0,0,0,0,0,0,0,0,0,0
5.163662910461426,0,0.0,0.0,0.0,0.0,0.0,0.0,0.0,0.0,0.3,1.3086286783218384,0.20460005104541779,0.3402945101261139,0.06457913666963577,-0.10675349831581116,0.12589077651500702,0.9841670393943787,0,0,0,0,0,0,0,0,0,0,0,0,0,0
5.1648948192596436,0,0.0,0.0,0.0,0.0,0.0,0.0,0.0,0.0,0.3,1.3086286783218384,0.20460005104541779,0.3402945101261139,0.06457913666963577,-0.10675349831581116,0.12589077651500702,0.9841670393943787,0,0,0,0,0,0,0,0,0,0,0,0,0,0
5.166600227355957,0,0.0,0.0,0.0,0.0,0.0,0.0,0.0,0.0,0.3,1.3086286783218384,0.20460005104541779,0.3402945101261139,0.06457913666963577,-0.10675349831581116,0.12589077651500702,0.9841670393943787,0,0,0,0,0,0,0,0,0,0,0,0,0,0
5.167981386184692,0,0.0,0.0,0.0,0.0,0.0,0.0,0.0,0.0,0.3,1.3086286783218384,0.20460005104541779,0.3402945101261139,0.06457913666963577,-0.10675349831581116,0.12589077651500702,0.9841670393943787,0,0,0,0,0,0,0,0,0,0,0,0,0,0
5.169509172439575,0,0.0,0.0,0.0,0.0,0.0,0.0,0.0,0.0,0.3,1.3086286783218384,0.20460005104541779,0.3402945101261139,0.06457913666963577,-0.10675349831581116,0.12589077651500702,0.9841670393943787,0,0,0,0,0,0,0,0,0,0,0,0,0,0
5.171389102935791,0,0.0,0.0,0.0,0.0,0.0,0.0,0.0,0.0,0.3,1.3086286783218384,0.20460005104541779,0.3402945101261139,0.06457913666963577,-0.10675349831581116,0.12589077651500702,0.9841670393943787,0,0,0,0,0,0,0,0,0,0,0,0,0,0
5.172704219818115,0,0.0,0.0,0.0,0.0,0.0,0.0,0.0,0.0,0.3,1.3086286783218384,0.20460005104541779,0.3402945101261139,0.06457913666963577,-0.10675349831581116,0.12589077651500702,0.9841670393943787,0,0,0,0,0,0,0,0,0,0,0,0,0,0
5.174131870269775,0,0.0,0.0,0.0,0.0,0.0,0.0,0.0,0.0,0.3,1.3086286783218384,0.20460005104541779,0.3402945101261139,0.06457913666963577,-0.10675349831581116,0.12589077651500702,0.9841670393943787,0,0,0,0,0,0,0,0,0,0,0,0,0,0
5.175364017486572,0,0.0,0.0,0.0,0.0,0.0,0.0,0.0,0.0,0.3,1.3086286783218384,0.20460005104541779,0.3402945101261139,0.06457913666963577,-0.10675349831581116,0.12589077651500702,0.9841670393943787,0,0,0,0,0,0,0,0,0,0,0,0,0,0
5.177027225494385,0,0.0,0.0,0.0,0.0,0.0,0.0,0.0,0.0,0.3,1.3086286783218384,0.20460005104541779,0.3402945101261139,0.06457913666963577,-0.10675349831581116,0.12589077651500702,0.9841670393943787,0,0,0,0,0,0,0,0,0,0,0,0,0,0
5.178332328796387,0,0.0,0.0,0.0,0.0,0.0,0.0,0.0,0.0,0.3,1.3086286783218384,0.20460005104541779,0.3402945101261139,0.06457913666963577,-0.10675349831581116,0.12589077651500702,0.9841670393943787,0,0,0,0,0,0,0,0,0,0,0,0,0,0
5.179635286331177,0,0.0,0.0,0.0,0.0,0.0,0.0,0.0,0.0,0.3,1.3086286783218384,0.20460005104541779,0.3402945101261139,0.06457913666963577,-0.10675349831581116,0.12589077651500702,0.9841670393943787,0,0,0,0,0,0,0,0,0,0,0,0,0,0
5.180783748626709,0,0.0,0.0,0.0,0.0,0.0,0.0,0.0,0.0,0.3,1.3086286783218384,0.20460005104541779,0.3402945101261139,0.06457913666963577,-0.10675349831581116,0.12589077651500702,0.9841670393943787,0,0,0,0,0,0,0,0,0,0,0,0,0,0
5.181877851486206,0,0.0,0.0,0.0,0.0,0.0,0.0,0.0,0.0,0.3,1.3086286783218384,0.20460005104541779,0.3402945101261139,0.06457913666963577,-0.10675349831581116,0.12589077651500702,0.9841670393943787,0,0,0,0,0,0,0,0,0,0,0,0,0,0
5.183638334274292,0,0.0,0.0,0.0,0.0,0.0,0.0,0.0,0.0,0.3,1.3086286783218384,0.20460005104541779,0.3402945101261139,0.06457913666963577,-0.10675349831581116,0.12589077651500702,0.9841670393943787,0,0,0,0,0,0,0,0,0,0,0,0,0,0
5.184770584106445,0,0.0,0.0,0.0,0.0,0.0,0.0,0.0,0.0,0.3,1.3086286783218384,0.20460005104541779,0.3402945101261139,0.06457913666963577,-0.10675349831581116,0.12589077651500702,0.9841670393943787,0,0,0,0,0,0,0,0,0,0,0,0,0,0
5.186520576477051,0,0.0,0.0,0.0,0.0,0.0,0.0,0.0,0.0,0.3,1.3086286783218384,0.20460005104541779,0.3402945101261139,0.06457913666963577,-0.10675349831581116,0.12589077651500702,0.9841670393943787,0,0,0,0,0,0,0,0,0,0,0,0,0,0
5.187636137008667,0,0.0,0.0,0.0,0.0,0.0,0.0,0.0,0.0,0.3,1.3086286783218384,0.20460005104541779,0.3402945101261139,0.06457913666963577,-0.10675349831581116,0.12589077651500702,0.9841670393943787,0,0,0,0,0,0,0,0,0,0,0,0,0,0
5.188748121261597,0,0.0,0.0,0.0,0.0,0.0,0.0,0.0,0.0,0.3,1.3086286783218384,0.20460005104541779,0.3402945101261139,0.06457913666963577,-0.10675349831581116,0.12589077651500702,0.9841670393943787,0,0,0,0,0,0,0,0,0,0,0,0,0,0
5.189847230911255,0,0.0,0.0,0.0,0.0,0.0,0.0,0.0,0.0,0.3,1.3086286783218384,0.20460005104541779,0.3402945101261139,0.06457913666963577,-0.10675349831581116,0.12589077651500702,0.9841670393943787,0,0,0,0,0,0,0,0,0,0,0,0,0,0
5.191497325897217,0,0.0,0.0,0.0,0.0,0.0,0.0,0.0,0.0,0.3,1.3086286783218384,0.20460005104541779,0.3402945101261139,0.06457913666963577,-0.10675349831581116,0.12589077651500702,0.9841670393943787,0,0,0,0,0,0,0,0,0,0,0,0,0,0
5.193011045455933,0,0.0,0.0,0.0,0.0,0.0,0.0,0.0,0.0,0.3,1.3086286783218384,0.20460005104541779,0.3402945101261139,0.06457913666963577,-0.10675349831581116,0.12589077651500702,0.9841670393943787,0,0,0,0,0,0,0,0,0,0,0,0,0,0
5.194104194641113,0,0.0,0.0,0.0,0.0,0.0,0.0,0.0,0.0,0.3,1.3086286783218384,0.20460005104541779,0.3402945101261139,0.06457913666963577,-0.10675349831581116,0.12589077651500702,0.9841670393943787,0,0,0,0,0,0,0,0,0,0,0,0,0,0
5.196053981781006,0,0.0,0.0,0.0,0.0,0.0,0.0,0.0,0.0,0.3,1.3086286783218384,0.20460005104541779,0.3402945101261139,0.06457913666963577,-0.10675349831581116,0.12589077651500702,0.9841670393943787,0,0,0,0,0,0,0,0,0,0,0,0,0,0
5.19728684425354,0,0.0,0.0,0.0,0.0,0.0,0.0,0.0,0.0,0.3,1.3086286783218384,0.20460005104541779,0.3402945101261139,0.06457913666963577,-0.10675349831581116,0.12589077651500702,0.9841670393943787,0,0,0,0,0,0,0,0,0,0,0,0,0,0
5.198379278182983,0,0.0,0.0,0.0,0.0,0.0,0.0,0.0,0.0,0.3,1.3086286783218384,0.20460005104541779,0.3402945101261139,0.06457913666963577,-0.10675349831581116,0.12589077651500702,0.9841670393943787,0,0,0,0,0,0,0,0,0,0,0,0,0,0
5.200040817260742,0,0.0,0.0,0.0,0.0,0.0,0.0,0.0,0.0,0.3,1.3086286783218384,0.20460005104541779,0.3402945101261139,0.06457913666963577,-0.10675349831581116,0.12589077651500702,0.9841670393943787,0,0,0,0,0,0,0,0,0,0,0,0,0,0
5.201103448867798,0,0.0,0.0,0.0,0.0,0.0,0.0,0.0,0.0,0.3,1.3086286783218384,0.20460005104541779,0.3402945101261139,0.06457913666963577,-0.10675349831581116,0.12589077651500702,0.9841670393943787,0,0,0,0,0,0,0,0,0,0,0,0,0,0
5.202179670333862,0,0.0,0.0,0.0,0.0,0.0,0.0,0.0,0.0,0.3,1.3086286783218384,0.20460005104541779,0.3402945101261139,0.06457913666963577,-0.10675349831581116,0.12589077651500702,0.9841670393943787,0,0,0,0,0,0,0,0,0,0,0,0,0,0
5.203299045562744,0,0.0,0.0,0.0,0.0,0.0,0.0,0.0,0.0,0.3,1.3086286783218384,0.20460005104541779,0.3402945101261139,0.06457913666963577,-0.10675349831581116,0.12589077651500702,0.9841670393943787,0,0,0,0,0,0,0,0,0,0,0,0,0,0
5.204523086547852,0,0.0,0.0,0.0,0.0,0.0,0.0,0.0,0.0,0.3,1.3086286783218384,0.20460005104541779,0.3402945101261139,0.06457913666963577,-0.10675349831581116,0.12589077651500702,0.9841670393943787,0,0,0,0,0,0,0,0,0,0,0,0,0,0
5.206023693084717,0,0.0,0.0,0.0,0.0,0.0,0.0,0.0,0.0,0.3,1.3086286783218384,0.20460005104541779,0.3402945101261139,0.06457913666963577,-0.10675349831581116,0.12589077651500702,0.9841670393943787,0,0,0,0,0,0,0,0,0,0,0,0,0,0
5.20714807510376,0,0.0,0.0,0.0,0.0,0.0,0.0,0.0,0.0,0.3,1.3086286783218384,0.20460005104541779,0.3402945101261139,0.06457913666963577,-0.10675349831581116,0.12589077651500702,0.9841670393943787,0,0,0,0,0,0,0,0,0,0,0,0,0,0
5.20836067199707,0,0.0,0.0,0.0,0.0,0.0,0.0,0.0,0.0,0.3,1.3086286783218384,0.20460005104541779,0.3402945101261139,0.06457913666963577,-0.10675349831581116,0.12589077651500702,0.9841670393943787,0,0,0,0,0,0,0,0,0,0,0,0,0,0
5.209802627563477,0,0.0,0.0,0.0,0.0,0.0,0.0,0.0,0.0,0.3,1.3086286783218384,0.20460005104541779,0.3402945101261139,0.06457913666963577,-0.10675349831581116,0.12589077651500702,0.9841670393943787,0,0,0,0,0,0,0,0,0,0,0,0,0,0
5.210988283157349,0,0.0,0.0,0.0,0.0,0.0,0.0,0.0,0.0,0.3,1.3086286783218384,0.20460005104541779,0.3402945101261139,0.06457913666963577,-0.10675349831581116,0.12589077651500702,0.9841670393943787,0,0,0,0,0,0,0,0,0,0,0,0,0,0
5.21232008934021,0,0.0,0.0,0.0,0.0,0.0,0.0,0.0,0.0,0.3,1.3086286783218384,0.20460005104541779,0.3402945101261139,0.06457913666963577,-0.10675349831581116,0.12589077651500702,0.9841670393943787,0,0,0,0,0,0,0,0,0,0,0,0,0,0
5.2136781215667725,0,0.0,0.0,0.0,0.0,0.0,0.0,0.0,0.0,0.3,1.3086286783218384,0.20460005104541779,0.3402945101261139,0.06457913666963577,-0.10675349831581116,0.12589077651500702,0.9841670393943787,0,0,0,0,0,0,0,0,0,0,0,0,0,0
5.214920997619629,0,0.0,0.0,0.0,0.0,0.0,0.0,0.0,0.0,0.3,1.3086286783218384,0.20460005104541779,0.3402945101261139,0.06457913666963577,-0.10675349831581116,0.12589077651500702,0.9841670393943787,0,0,0,0,0,0,0,0,0,0,0,0,0,0
5.216062784194946,0,0.0,0.0,0.0,0.0,0.0,0.0,0.0,0.0,0.3,1.3086286783218384,0.20460005104541779,0.3402945101261139,0.06457913666963577,-0.10675349831581116,0.12589077651500702,0.9841670393943787,0,0,0,0,0,0,0,0,0,0,0,0,0,0
5.217280149459839,0,0.0,0.0,0.0,0.0,0.0,0.0,0.0,0.0,0.3,1.3086286783218384,0.20460005104541779,0.3402945101261139,0.06457913666963577,-0.10675349831581116,0.12589077651500702,0.9841670393943787,0,0,0,0,0,0,0,0,0,0,0,0,0,0
5.219020366668701,0,0.0,0.0,0.0,0.0,0.0,0.0,0.0,0.0,0.3,1.3086286783218384,0.20460005104541779,0.3402945101261139,0.06457913666963577,-0.10675349831581116,0.12589077651500702,0.9841670393943787,0,0,0,0,0,0,0,0,0,0,0,0,0,0
5.220130920410156,0,0.0,0.0,0.0,0.0,0.0,0.0,0.0,0.0,0.3,1.3086286783218384,0.20460005104541779,0.3402945101261139,0.06457913666963577,-0.10675349831581116,0.12589077651500702,0.9841670393943787,0,0,0,0,0,0,0,0,0,0,0,0,0,0
5.221340656280518,0,0.0,0.0,0.0,0.0,0.0,0.0,0.0,0.0,0.3,1.3086286783218384,0.20460005104541779,0.3402945101261139,0.06457913666963577,-0.10675349831581116,0.12589077651500702,0.9841670393943787,0,0,0,0,0,0,0,0,0,0,0,0,0,0
5.222943305969238,0,0.0,0.0,0.0,0.0,0.0,0.0,0.0,0.0,0.3,1.3086286783218384,0.20460005104541779,0.3402945101261139,0.06457913666963577,-0.10675349831581116,0.12589077651500702,0.9841670393943787,0,0,0,0,0,0,0,0,0,0,0,0,0,0
5.224445104598999,0,0.0,0.0,0.0,0.0,0.0,0.0,0.0,0.0,0.3,1.3086286783218384,0.20460005104541779,0.3402945101261139,0.06457913666963577,-0.10675349831581116,0.12589077651500702,0.9841670393943787,0,0,0,0,0,0,0,0,0,0,0,0,0,0
5.225758075714111,0,0.0,0.0,0.0,0.0,0.0,0.0,0.0,0.0,0.3,1.3086286783218384,0.20460005104541779,0.3402945101261139,0.06457913666963577,-0.10675349831581116,0.12589077651500702,0.9841670393943787,0,0,0,0,0,0,0,0,0,0,0,0,0,0
5.229165315628052,0,0.0,0.0,0.0,0.0,0.0,0.0,0.0,0.0,0.3,1.3086286783218384,0.20460005104541779,0.3402945101261139,0.06457913666963577,-0.10675349831581116,0.12589077651500702,0.9841670393943787,0,0,0,0,0,0,0,0,0,0,0,0,0,0
5.230705976486206,0,0.0,0.0,0.0,0.0,0.0,0.0,0.0,0.0,0.3,1.3086286783218384,0.20460005104541779,0.3402945101261139,0.06457913666963577,-0.10675349831581116,0.12589077651500702,0.9841670393943787,0,0,0,0,0,0,0,0,0,0,0,0,0,0
5.2329041957855225,0,0.0,0.0,0.0,0.0,0.0,0.0,0.0,0.0,0.3,1.3086286783218384,0.20460005104541779,0.3402945101261139,0.06457913666963577,-0.10675349831581116,0.12589077651500702,0.9841670393943787,0,0,0,0,0,0,0,0,0,0,0,0,0,0
5.234861850738525,0,0.0,0.0,0.0,0.0,0.0,0.0,0.0,0.0,0.3,1.3086286783218384,0.20460005104541779,0.3402945101261139,0.06457913666963577,-0.10675349831581116,0.12589077651500702,0.9841670393943787,0,0,0,0,0,0,0,0,0,0,0,0,0,0
5.237709283828735,0,0.0,0.0,0.0,0.0,0.0,0.0,0.0,0.0,0.3,1.3086286783218384,0.20460005104541779,0.3402945101261139,0.06457913666963577,-0.10675349831581116,0.12589077651500702,0.9841670393943787,0,0,0,0,0,0,0,0,0,0,0,0,0,0
5.238961696624756,0,0.0,0.0,0.0,0.0,0.0,0.0,0.0,0.0,0.3,1.3086286783218384,0.20460005104541779,0.3402945101261139,0.06457913666963577,-0.10675349831581116,0.12589077651500702,0.9841670393943787,0,0,0,0,0,0,0,0,0,0,0,0,0,0
5.240353107452393,0,0.0,0.0,0.0,0.0,0.0,0.0,0.0,0.0,0.3,1.3086286783218384,0.20460005104541779,0.3402945101261139,0.06457913666963577,-0.10675349831581116,0.12589077651500702,0.9841670393943787,0,0,0,0,0,0,0,0,0,0,0,0,0,0
5.2416746616363525,0,0.0,0.0,0.0,0.0,0.0,0.0,0.0,0.0,0.3,1.3086286783218384,0.20460005104541779,0.3402945101261139,0.06457913666963577,-0.10675349831581116,0.12589077651500702,0.9841670393943787,0,0,0,0,0,0,0,0,0,0,0,0,0,0
5.243643522262573,0,0.0,0.0,0.0,0.0,0.0,0.0,0.0,0.0,0.3,1.3086286783218384,0.20460005104541779,0.3402945101261139,0.06457913666963577,-0.10675349831581116,0.12589077651500702,0.9841670393943787,0,0,0,0,0,0,0,0,0,0,0,0,0,0
5.245997667312622,0,0.0,0.0,0.0,0.0,0.0,0.0,0.0,0.0,0.3,1.3086286783218384,0.20460005104541779,0.3402945101261139,0.06457913666963577,-0.10675349831581116,0.12589077651500702,0.9841670393943787,0,0,0,0,0,0,0,0,0,0,0,0,0,0
5.247121334075928,0,0.0,0.0,0.0,0.0,0.0,0.0,0.0,0.0,0.3,1.3086286783218384,0.20460005104541779,0.3402945101261139,0.06457913666963577,-0.10675349831581116,0.12589077651500702,0.9841670393943787,0,0,0,0,0,0,0,0,0,0,0,0,0,0
5.248297452926636,0,0.0,0.0,0.0,0.0,0.0,0.0,0.0,0.0,0.3,1.3086286783218384,0.20460005104541779,0.3402945101261139,0.06457913666963577,-0.10675349831581116,0.12589077651500702,0.9841670393943787,0,0,0,0,0,0,0,0,0,0,0,0,0,0
5.249554395675659,0,0.0,0.0,0.0,0.0,0.0,0.0,0.0,0.0,0.3,1.3086286783218384,0.20460005104541779,0.3402945101261139,0.06457913666963577,-0.10675349831581116,0.12589077651500702,0.9841670393943787,0,0,0,0,0,0,0,0,0,0,0,0,0,0
5.250614881515503,0,0.0,0.0,0.0,0.0,0.0,0.0,0.0,0.0,0.3,1.3086286783218384,0.20460005104541779,0.3402945101261139,0.06457913666963577,-0.10675349831581116,0.12589077651500702,0.9841670393943787,0,0,0,0,0,0,0,0,0,0,0,0,0,0
5.252066135406494,0,0.0,0.0,0.0,0.0,0.0,0.0,0.0,0.0,0.3,1.3086286783218384,0.20460005104541779,0.3402945101261139,0.06457913666963577,-0.10675349831581116,0.12589077651500702,0.9841670393943787,0,0,0,0,0,0,0,0,0,0,0,0,0,0
5.253422260284424,0,0.0,0.0,0.0,0.0,0.0,0.0,0.0,0.0,0.3,1.3086286783218384,0.20460005104541779,0.3402945101261139,0.06457913666963577,-0.10675349831581116,0.12589077651500702,0.9841670393943787,0,0,0,0,0,0,0,0,0,0,0,0,0,0
5.25456428527832,0,0.0,0.0,0.0,0.0,0.0,0.0,0.0,0.0,0.3,1.3086286783218384,0.20460005104541779,0.3402945101261139,0.06457913666963577,-0.10675349831581116,0.12589077651500702,0.9841670393943787,0,0,0,0,0,0,0,0,0,0,0,0,0,0
5.255652904510498,0,0.0,0.0,0.0,0.0,0.0,0.0,0.0,0.0,0.3,1.3086286783218384,0.20460005104541779,0.3402945101261139,0.06457913666963577,-0.10675349831581116,0.12589077651500702,0.9841670393943787,0,0,0,0,0,0,0,0,0,0,0,0,0,0
5.256760835647583,0,0.0,0.0,0.0,0.0,0.0,0.0,0.0,0.0,0.3,1.3086286783218384,0.20460005104541779,0.3402945101261139,0.06457913666963577,-0.10675349831581116,0.12589077651500702,0.9841670393943787,0,0,0,0,0,0,0,0,0,0,0,0,0,0
5.258586406707764,0,0.0,0.0,0.0,0.0,0.0,0.0,0.0,0.0,0.3,1.3086286783218384,0.20460005104541779,0.3402945101261139,0.06457913666963577,-0.10675349831581116,0.12589077651500702,0.9841670393943787,0,0,0,0,0,0,0,0,0,0,0,0,0,0
5.2606353759765625,0,0.0,0.0,0.0,0.0,0.0,0.0,0.0,0.0,0.3,1.3086286783218384,0.20460005104541779,0.3402945101261139,0.06457913666963577,-0.10675349831581116,0.12589077651500702,0.9841670393943787,0,0,0,0,0,0,0,0,0,0,0,0,0,0
5.262518882751465,0,0.0,0.0,0.0,0.0,0.0,0.0,0.0,0.0,0.3,1.3086286783218384,0.20460005104541779,0.3402945101261139,0.06457913666963577,-0.10675349831581116,0.12589077651500702,0.9841670393943787,0,0,0,0,0,0,0,0,0,0,0,0,0,0
5.263765096664429,0,0.0,0.0,0.0,0.0,0.0,0.0,0.0,0.0,0.3,1.3086286783218384,0.20460005104541779,0.3402945101261139,0.06457913666963577,-0.10675349831581116,0.12589077651500702,0.9841670393943787,0,0,0,0,0,0,0,0,0,0,0,0,0,0
5.264940977096558,0,0.0,0.0,0.0,0.0,0.0,0.0,0.0,0.0,0.3,1.3086286783218384,0.20460005104541779,0.3402945101261139,0.06457913666963577,-0.10675349831581116,0.12589077651500702,0.9841670393943787,0,0,0,0,0,0,0,0,0,0,0,0,0,0
5.266045808792114,0,0.0,0.0,0.0,0.0,0.0,0.0,0.0,0.0,0.3,1.3086286783218384,0.20460005104541779,0.3402945101261139,0.06457913666963577,-0.10675349831581116,0.12589077651500702,0.9841670393943787,0,0,0,0,0,0,0,0,0,0,0,0,0,0
5.267285108566284,0,0.0,0.0,0.0,0.0,0.0,0.0,0.0,0.0,0.3,1.3086286783218384,0.20460005104541779,0.3402945101261139,0.06457913666963577,-0.10675349831581116,0.12589077651500702,0.9841670393943787,0,0,0,0,0,0,0,0,0,0,0,0,0,0
5.268409967422485,0,0.0,0.0,0.0,0.0,0.0,0.0,0.0,0.0,0.3,1.3086286783218384,0.20460005104541779,0.3402945101261139,0.06457913666963577,-0.10675349831581116,0.12589077651500702,0.9841670393943787,0,0,0,0,0,0,0,0,0,0,0,0,0,0
5.269646406173706,0,0.0,0.0,0.0,0.0,0.0,0.0,0.0,0.0,0.3,1.3086286783218384,0.20460005104541779,0.3402945101261139,0.06457913666963577,-0.10675349831581116,0.12589077651500702,0.9841670393943787,0,0,0,0,0,0,0,0,0,0,0,0,0,0
5.2707507610321045,0,0.0,0.0,0.0,0.0,0.0,0.0,0.0,0.0,0.3,1.3086286783218384,0.20460005104541779,0.3402945101261139,0.06457913666963577,-0.10675349831581116,0.12589077651500702,0.9841670393943787,0,0,0,0,0,0,0,0,0,0,0,0,0,0
5.273287057876587,0,0.0,0.0,0.0,0.0,0.0,0.0,0.0,0.0,0.3,1.3086286783218384,0.20460005104541779,0.3402945101261139,0.06457913666963577,-0.10675349831581116,0.12589077651500702,0.9841670393943787,0,0,0,0,0,0,0,0,0,0,0,0,0,0
5.274382829666138,0,0.0,0.0,0.0,0.0,0.0,0.0,0.0,0.0,0.3,1.3086286783218384,0.20460005104541779,0.3402945101261139,0.06457913666963577,-0.10675349831581116,0.12589077651500702,0.9841670393943787,0,0,0,0,0,0,0,0,0,0,0,0,0,0
5.2754905223846436,0,0.0,0.0,0.0,0.0,0.0,0.0,0.0,0.0,0.3,1.3086286783218384,0.20460005104541779,0.3402945101261139,0.06457913666963577,-0.10675349831581116,0.12589077651500702,0.9841670393943787,0,0,0,0,0,0,0,0,0,0,0,0,0,0
5.27665638923645,0,0.0,0.0,0.0,0.0,0.0,0.0,0.0,0.0,0.3,1.3086286783218384,0.20460005104541779,0.3402945101261139,0.06457913666963577,-0.10675349831581116,0.12589077651500702,0.9841670393943787,0,0,0,0,0,0,0,0,0,0,0,0,0,0
5.278800964355469,0,0.0,0.0,0.0,0.0,0.0,0.0,0.0,0.0,0.3,1.3086286783218384,0.20460005104541779,0.3402945101261139,0.06457913666963577,-0.10675349831581116,0.12589077651500702,0.9841670393943787,0,0,0,0,0,0,0,0,0,0,0,0,0,0
5.280207395553589,0,0.0,0.0,0.0,0.0,0.0,0.0,0.0,0.0,0.3,1.3086286783218384,0.20460005104541779,0.3402945101261139,0.06457913666963577,-0.10675349831581116,0.12589077651500702,0.9841670393943787,0,0,0,0,0,0,0,0,0,0,0,0,0,0
5.281757593154907,0,0.0,0.0,0.0,0.0,0.0,0.0,0.0,0.0,0.3,1.3086286783218384,0.20460005104541779,0.3402945101261139,0.06457913666963577,-0.10675349831581116,0.12589077651500702,0.9841670393943787,0,0,0,0,0,0,0,0,0,0,0,0,0,0
5.283045530319214,0,0.0,0.0,0.0,0.0,0.0,0.0,0.0,0.0,0.3,1.3086286783218384,0.20460005104541779,0.3402945101261139,0.06457913666963577,-0.10675349831581116,0.12589077651500702,0.9841670393943787,0,0,0,0,0,0,0,0,0,0,0,0,0,0
5.284185171127319,0,0.0,0.0,0.0,0.0,0.0,0.0,0.0,0.0,0.3,1.3086286783218384,0.20460005104541779,0.3402945101261139,0.06457913666963577,-0.10675349831581116,0.12589077651500702,0.9841670393943787,0,0,0,0,0,0,0,0,0,0,0,0,0,0
5.2853899002075195,0,0.0,0.0,0.0,0.0,0.0,0.0,0.0,0.0,0.3,1.3086286783218384,0.20460005104541779,0.3402945101261139,0.06457913666963577,-0.10675349831581116,0.12589077651500702,0.9841670393943787,0,0,0,0,0,0,0,0,0,0,0,0,0,0
5.286496877670288,0,0.0,0.0,0.0,0.0,0.0,0.0,0.0,0.0,0.3,1.3086286783218384,0.20460005104541779,0.3402945101261139,0.06457913666963577,-0.10675349831581116,0.12589077651500702,0.9841670393943787,0,0,0,0,0,0,0,0,0,0,0,0,0,0
5.287648677825928,0,0.0,0.0,0.0,0.0,0.0,0.0,0.0,0.0,0.3,1.3086286783218384,0.20460005104541779,0.3402945101261139,0.06457913666963577,-0.10675349831581116,0.12589077651500702,0.9841670393943787,0,0,0,0,0,0,0,0,0,0,0,0,0,0
5.289019584655762,0,0.0,0.0,0.0,0.0,0.0,0.0,0.0,0.0,0.3,1.3086286783218384,0.20460005104541779,0.3402945101261139,0.06457913666963577,-0.10675349831581116,0.12589077651500702,0.9841670393943787,0,0,0,0,0,0,0,0,0,0,0,0,0,0
5.290203809738159,0,0.0,0.0,0.0,0.0,0.0,0.0,0.0,0.0,0.3,1.3086286783218384,0.20460005104541779,0.3402945101261139,0.06457913666963577,-0.10675349831581116,0.12589077651500702,0.9841670393943787,0,0,0,0,0,0,0,0,0,0,0,0,0,0
5.291545391082764,0,0.0,0.0,0.0,0.0,0.0,0.0,0.0,0.0,0.3,1.3086286783218384,0.20460005104541779,0.3402945101261139,0.06457913666963577,-0.10675349831581116,0.12589077651500702,0.9841670393943787,0,0,0,0,0,0,0,0,0,0,0,0,0,0
5.292782783508301,0,0.0,0.0,0.0,0.0,0.0,0.0,0.0,0.0,0.3,1.3086286783218384,0.20460005104541779,0.3402945101261139,0.06457913666963577,-0.10675349831581116,0.12589077651500702,0.9841670393943787,0,0,0,0,0,0,0,0,0,0,0,0,0,0
5.29526424407959,0,0.0,0.0,0.0,0.0,0.0,0.0,0.0,0.0,0.3,1.3086286783218384,0.20460005104541779,0.3402945101261139,0.06457913666963577,-0.10675349831581116,0.12589077651500702,0.9841670393943787,0,0,0,0,0,0,0,0,0,0,0,0,0,0
5.300090074539185,0,0.0,0.0,0.0,0.0,0.0,0.0,0.0,0.0,0.3,1.3086286783218384,0.20460005104541779,0.3402945101261139,0.06457913666963577,-0.10675349831581116,0.12589077651500702,0.9841670393943787,0,0,0,0,0,0,0,0,0,0,0,0,0,0
5.301483869552612,0,0.0,0.0,0.0,0.0,0.0,0.0,0.0,0.0,0.3,1.3086286783218384,0.20460005104541779,0.3402945101261139,0.06457913666963577,-0.10675349831581116,0.12589077651500702,0.9841670393943787,0,0,0,0,0,0,0,0,0,0,0,0,0,0
5.302955627441406,0,0.0,0.0,0.0,0.0,0.0,0.0,0.0,0.0,0.3,1.3086286783218384,0.20460005104541779,0.3402945101261139,0.06457913666963577,-0.10675349831581116,0.12589077651500702,0.9841670393943787,0,0,0,0,0,0,0,0,0,0,0,0,0,0
5.304205417633057,0,0.0,0.0,0.0,0.0,0.0,0.0,0.0,0.0,0.3,1.3086286783218384,0.20460005104541779,0.3402945101261139,0.06457913666963577,-0.10675349831581116,0.12589077651500702,0.9841670393943787,0,0,0,0,0,0,0,0,0,0,0,0,0,0
5.305836200714111,0,0.0,0.0,0.0,0.0,0.0,0.0,0.0,0.0,0.3,1.3086286783218384,0.20460005104541779,0.3402945101261139,0.06457913666963577,-0.10675349831581116,0.12589077651500702,0.9841670393943787,0,0,0,0,0,0,0,0,0,0,0,0,0,0
5.307198762893677,0,0.0,0.0,0.0,0.0,0.0,0.0,0.0,0.0,0.3,1.3086286783218384,0.20460005104541779,0.3402945101261139,0.06457913666963577,-0.10675349831581116,0.12589077651500702,0.9841670393943787,0,0,0,0,0,0,0,0,0,0,0,0,0,0
5.308546304702759,0,0.0,0.0,0.0,0.0,0.0,0.0,0.0,0.0,0.3,1.3086286783218384,0.20460005104541779,0.3402945101261139,0.06457913666963577,-0.10675349831581116,0.12589077651500702,0.9841670393943787,0,0,0,0,0,0,0,0,0,0,0,0,0,0
5.310400485992432,0,0.0,0.0,0.0,0.0,0.0,0.0,0.0,0.0,0.3,1.3086286783218384,0.20460005104541779,0.3402945101261139,0.06457913666963577,-0.10675349831581116,0.12589077651500702,0.9841670393943787,0,0,0,0,0,0,0,0,0,0,0,0,0,0
5.311620712280273,0,0.0,0.0,0.0,0.0,0.0,0.0,0.0,0.0,0.3,1.3086286783218384,0.20460005104541779,0.3402945101261139,0.06457913666963577,-0.10675349831581116,0.12589077651500702,0.9841670393943787,0,0,0,0,0,0,0,0,0,0,0,0,0,0
5.313251495361328,0,0.0,0.0,0.0,0.0,0.0,0.0,0.0,0.0,0.3,1.3086286783218384,0.20460005104541779,0.3402945101261139,0.06457913666963577,-0.10675349831581116,0.12589077651500702,0.9841670393943787,0,0,0,0,0,0,0,0,0,0,0,0,0,0
5.314454793930054,0,0.0,0.0,0.0,0.0,0.0,0.0,0.0,0.0,0.3,1.3086286783218384,0.20460005104541779,0.3402945101261139,0.06457913666963577,-0.10675349831581116,0.12589077651500702,0.9841670393943787,0,0,0,0,0,0,0,0,0,0,0,0,0,0
5.315659523010254,0,0.0,0.0,0.0,0.0,0.0,0.0,0.0,0.0,0.3,1.3086286783218384,0.20460005104541779,0.3402945101261139,0.06457913666963577,-0.10675349831581116,0.12589077651500702,0.9841670393943787,0,0,0,0,0,0,0,0,0,0,0,0,0,0
5.316748142242432,0,0.0,0.0,0.0,0.0,0.0,0.0,0.0,0.0,0.3,1.3086286783218384,0.20460005104541779,0.3402945101261139,0.06457913666963577,-0.10675349831581116,0.12589077651500702,0.9841670393943787,0,0,0,0,0,0,0,0,0,0,0,0,0,0
5.3192877769470215,0,0.0,0.0,0.0,0.0,0.0,0.0,0.0,0.0,0.3,1.3086286783218384,0.20460005104541779,0.3402945101261139,0.06457913666963577,-0.10675349831581116,0.12589077651500702,0.9841670393943787,0,0,0,0,0,0,0,0,0,0,0,0,0,0
5.321207284927368,0,0.0,0.0,0.0,0.0,0.0,0.0,0.0,0.0,0.3,1.3086286783218384,0.20460005104541779,0.3402945101261139,0.06457913666963577,-0.10675349831581116,0.12589077651500702,0.9841670393943787,0,0,0,0,0,0,0,0,0,0,0,0,0,0
5.322522163391113,0,0.0,0.0,0.0,0.0,0.0,0.0,0.0,0.0,0.3,1.3086286783218384,0.20460005104541779,0.3402945101261139,0.06457913666963577,-0.10675349831581116,0.12589077651500702,0.9841670393943787,0,0,0,0,0,0,0,0,0,0,0,0,0,0
5.32382345199585,0,0.0,0.0,0.0,0.0,0.0,0.0,0.0,0.0,0.3,1.3086286783218384,0.20460005104541779,0.3402945101261139,0.06457913666963577,-0.10675349831581116,0.12589077651500702,0.9841670393943787,0,0,0,0,0,0,0,0,0,0,0,0,0,0
5.32510232925415,0,0.0,0.0,0.0,0.0,0.0,0.0,0.0,0.0,0.3,1.3086286783218384,0.20460005104541779,0.3402945101261139,0.06457913666963577,-0.10675349831581116,0.12589077651500702,0.9841670393943787,0,0,0,0,0,0,0,0,0,0,0,0,0,0
5.326801300048828,0,0.0,0.0,0.0,0.0,0.0,0.0,0.0,0.0,0.3,1.3086286783218384,0.20460005104541779,0.3402945101261139,0.06457913666963577,-0.10675349831581116,0.12589077651500702,0.9841670393943787,0,0,0,0,0,0,0,0,0,0,0,0,0,0
5.32816219329834,0,0.0,0.0,0.0,0.0,0.0,0.0,0.0,0.0,0.3,1.3086286783218384,0.20460005104541779,0.3402945101261139,0.06457913666963577,-0.10675349831581116,0.12589077651500702,0.9841670393943787,0,0,0,0,0,0,0,0,0,0,0,0,0,0
5.329275131225586,0,0.0,0.0,0.0,0.0,0.0,0.0,0.0,0.0,0.3,1.3086286783218384,0.20460005104541779,0.3402945101261139,0.06457913666963577,-0.10675349831581116,0.12589077651500702,0.9841670393943787,0,0,0,0,0,0,0,0,0,0,0,0,0,0
5.33074164390564,0,0.0,0.0,0.0,0.0,0.0,0.0,0.0,0.0,0.3,1.3086286783218384,0.20460005104541779,0.3402945101261139,0.06457913666963577,-0.10675349831581116,0.12589077651500702,0.9841670393943787,0,0,0,0,0,0,0,0,0,0,0,0,0,0
5.331906080245972,0,0.0,0.0,0.0,0.0,0.0,0.0,0.0,0.0,0.3,1.3086286783218384,0.20460005104541779,0.3402945101261139,0.06457913666963577,-0.10675349831581116,0.12589077651500702,0.9841670393943787,0,0,0,0,0,0,0,0,0,0,0,0,0,0
5.332972526550293,0,0.0,0.0,0.0,0.0,0.0,0.0,0.0,0.0,0.3,1.3086286783218384,0.20460005104541779,0.3402945101261139,0.06457913666963577,-0.10675349831581116,0.12589077651500702,0.9841670393943787,0,0,0,0,0,0,0,0,0,0,0,0,0,0
5.3340959548950195,0,0.0,0.0,0.0,0.0,0.0,0.0,0.0,0.0,0.3,1.3086286783218384,0.20460005104541779,0.3402945101261139,0.06457913666963577,-0.10675349831581116,0.12589077651500702,0.9841670393943787,0,0,0,0,0,0,0,0,0,0,0,0,0,0
5.335179328918457,0,0.0,0.0,0.0,0.0,0.0,0.0,0.0,0.0,0.3,1.3086286783218384,0.20460005104541779,0.3402945101261139,0.06457913666963577,-0.10675349831581116,0.12589077651500702,0.9841670393943787,0,0,0,0,0,0,0,0,0,0,0,0,0,0
5.336817502975464,0,0.0,0.0,0.0,0.0,0.0,0.0,0.0,0.0,0.3,1.3086286783218384,0.20460005104541779,0.3402945101261139,0.06457913666963577,-0.10675349831581116,0.12589077651500702,0.9841670393943787,0,0,0,0,0,0,0,0,0,0,0,0,0,0
5.3403825759887695,0,0.0,0.0,0.0,0.0,0.0,0.0,0.0,0.0,0.3,1.3086286783218384,0.20460005104541779,0.3402945101261139,0.06457913666963577,-0.10675349831581116,0.12589077651500702,0.9841670393943787,0,0,0,0,0,0,0,0,0,0,0,0,0,0
5.34149169921875,0,0.0,0.0,0.0,0.0,0.0,0.0,0.0,0.0,0.3,1.3086286783218384,0.20460005104541779,0.3402945101261139,0.06457913666963577,-0.10675349831581116,0.12589077651500702,0.9841670393943787,0,0,0,0,0,0,0,0,0,0,0,0,0,0
5.343115568161011,0,0.0,0.0,0.0,0.0,0.0,0.0,0.0,0.0,0.3,1.3086286783218384,0.20460005104541779,0.3402945101261139,0.06457913666963577,-0.10675349831581116,0.12589077651500702,0.9841670393943787,0,0,0,0,0,0,0,0,0,0,0,0,0,0
5.34423303604126,0,0.0,0.0,0.0,0.0,0.0,0.0,0.0,0.0,0.3,1.3086286783218384,0.20460005104541779,0.3402945101261139,0.06457913666963577,-0.10675349831581116,0.12589077651500702,0.9841670393943787,0,0,0,0,0,0,0,0,0,0,0,0,0,0
5.345434665679932,0,0.0,0.0,0.0,0.0,0.0,0.0,0.0,0.0,0.3,1.3086286783218384,0.20460005104541779,0.3402945101261139,0.06457913666963577,-0.10675349831581116,0.12589077651500702,0.9841670393943787,0,0,0,0,0,0,0,0,0,0,0,0,0,0
5.346508979797363,0,0.0,0.0,0.0,0.0,0.0,0.0,0.0,0.0,0.3,1.3086286783218384,0.20460005104541779,0.3402945101261139,0.06457913666963577,-0.10675349831581116,0.12589077651500702,0.9841670393943787,0,0,0,0,0,0,0,0,0,0,0,0,0,0
5.347592830657959,0,0.0,0.0,0.0,0.0,0.0,0.0,0.0,0.0,0.3,1.3086286783218384,0.20460005104541779,0.3402945101261139,0.06457913666963577,-0.10675349831581116,0.12589077651500702,0.9841670393943787,0,0,0,0,0,0,0,0,0,0,0,0,0,0
5.348968982696533,0,0.0,0.0,0.0,0.0,0.0,0.0,0.0,0.0,0.3,1.3086286783218384,0.20460005104541779,0.3402945101261139,0.06457913666963577,-0.10675349831581116,0.12589077651500702,0.9841670393943787,0,0,0,0,0,0,0,0,0,0,0,0,0,0
5.350092649459839,0,0.0,0.0,0.0,0.0,0.0,0.0,0.0,0.0,0.3,1.3086286783218384,0.20460005104541779,0.3402945101261139,0.06457913666963577,-0.10675349831581116,0.12589077651500702,0.9841670393943787,0,0,0,0,0,0,0,0,0,0,0,0,0,0
5.351154804229736,0,0.0,0.0,0.0,0.0,0.0,0.0,0.0,0.0,0.3,1.3086286783218384,0.20460005104541779,0.3402945101261139,0.06457913666963577,-0.10675349831581116,0.12589077651500702,0.9841670393943787,0,0,0,0,0,0,0,0,0,0,0,0,0,0
5.354057550430298,0,0.0,0.0,0.0,0.0,0.0,0.0,0.0,0.0,0.3,1.3086286783218384,0.20460005104541779,0.3402945101261139,0.06457913666963577,-0.10675349831581116,0.12589077651500702,0.9841670393943787,0,0,0,0,0,0,0,0,0,0,0,0,0,0
5.355706214904785,0,0.0,0.0,0.0,0.0,0.0,0.0,0.0,0.0,0.3,1.3086286783218384,0.20460005104541779,0.3402945101261139,0.06457913666963577,-0.10675349831581116,0.12589077651500702,0.9841670393943787,0,0,0,0,0,0,0,0,0,0,0,0,0,0
5.357021808624268,0,0.0,0.0,0.0,0.0,0.0,0.0,0.0,0.0,0.3,1.3086286783218384,0.20460005104541779,0.3402945101261139,0.06457913666963577,-0.10675349831581116,0.12589077651500702,0.9841670393943787,0,0,0,0,0,0,0,0,0,0,0,0,0,0
5.363587141036987,0,0.0,0.0,0.0,0.0,0.0,0.0,0.0,0.0,0.3,1.3086286783218384,0.20460005104541779,0.3402945101261139,0.06457913666963577,-0.10675349831581116,0.12589077651500702,0.9841670393943787,0,0,0,0,0,0,0,0,0,0,0,0,0,0
5.365009307861328,0,0.0,0.0,0.0,0.0,0.0,0.0,0.0,0.0,0.3,1.3086286783218384,0.20460005104541779,0.3402945101261139,0.06457913666963577,-0.10675349831581116,0.12589077651500702,0.9841670393943787,0,0,0,0,0,0,0,0,0,0,0,0,0,0
5.36715292930603,0,0.0,0.0,0.0,0.0,0.0,0.0,0.0,0.0,0.3,1.3086286783218384,0.20460005104541779,0.3402945101261139,0.06457913666963577,-0.10675349831581116,0.12589077651500702,0.9841670393943787,0,0,0,0,0,0,0,0,0,0,0,0,0,0
5.3684775829315186,0,0.0,0.0,0.0,0.0,0.0,0.0,0.0,0.0,0.3,1.3086286783218384,0.20460005104541779,0.3402945101261139,0.06457913666963577,-0.10675349831581116,0.12589077651500702,0.9841670393943787,0,0,0,0,0,0,0,0,0,0,0,0,0,0
5.36955451965332,0,0.0,0.0,0.0,0.0,0.0,0.0,0.0,0.0,0.3,1.3086286783218384,0.20460005104541779,0.3402945101261139,0.06457913666963577,-0.10675349831581116,0.12589077651500702,0.9841670393943787,0,0,0,0,0,0,0,0,0,0,0,0,0,0
5.370707273483276,0,0.0,0.0,0.0,0.0,0.0,0.0,0.0,0.0,0.3,1.3086286783218384,0.20460005104541779,0.3402945101261139,0.06457913666963577,-0.10675349831581116,0.12589077651500702,0.9841670393943787,0,0,0,0,0,0,0,0,0,0,0,0,0,0
5.373157501220703,0,0.0,0.0,0.0,0.0,0.0,0.0,0.0,0.0,0.3,1.3086286783218384,0.20460005104541779,0.3402945101261139,0.06457913666963577,-0.10675349831581116,0.12589077651500702,0.9841670393943787,0,0,0,0,0,0,0,0,0,0,0,0,0,0
5.374295234680176,0,0.0,0.0,0.0,0.0,0.0,0.0,0.0,0.0,0.3,1.3086286783218384,0.20460005104541779,0.3402945101261139,0.06457913666963577,-0.10675349831581116,0.12589077651500702,0.9841670393943787,0,0,0,0,0,0,0,0,0,0,0,0,0,0
5.375356674194336,0,0.0,0.0,0.0,0.0,0.0,0.0,0.0,0.0,0.3,1.3086286783218384,0.20460005104541779,0.3402945101261139,0.06457913666963577,-0.10675349831581116,0.12589077651500702,0.9841670393943787,0,0,0,0,0,0,0,0,0,0,0,0,0,0
5.376696348190308,0,0.0,0.0,0.0,0.0,0.0,0.0,0.0,0.0,0.3,1.3086286783218384,0.20460005104541779,0.3402945101261139,0.06457913666963577,-0.10675349831581116,0.12589077651500702,0.9841670393943787,0,0,0,0,0,0,0,0,0,0,0,0,0,0
5.3783769607543945,0,0.0,0.0,0.0,0.0,0.0,0.0,0.0,0.0,0.3,1.3086286783218384,0.20460005104541779,0.3402945101261139,0.06457913666963577,-0.10675349831581116,0.12589077651500702,0.9841670393943787,0,0,0,0,0,0,0,0,0,0,0,0,0,0
5.379436254501343,0,0.0,0.0,0.0,0.0,0.0,0.0,0.0,0.0,0.3,1.3086286783218384,0.20460005104541779,0.3402945101261139,0.06457913666963577,-0.10675349831581116,0.12589077651500702,0.9841670393943787,0,0,0,0,0,0,0,0,0,0,0,0,0,0
5.381330490112305,0,0.0,0.0,0.0,0.0,0.0,0.0,0.0,0.0,0.3,1.3086286783218384,0.20460005104541779,0.3402945101261139,0.06457913666963577,-0.10675349831581116,0.12589077651500702,0.9841670393943787,0,0,0,0,0,0,0,0,0,0,0,0,0,0
5.382450819015503,0,0.0,0.0,0.0,0.0,0.0,0.0,0.0,0.0,0.3,1.3086286783218384,0.20460005104541779,0.3402945101261139,0.06457913666963577,-0.10675349831581116,0.12589077651500702,0.9841670393943787,0,0,0,0,0,0,0,0,0,0,0,0,0,0
5.383760690689087,0,0.0,0.0,0.0,0.0,0.0,0.0,0.0,0.0,0.3,1.3086286783218384,0.20460005104541779,0.3402945101261139,0.06457913666963577,-0.10675349831581116,0.12589077651500702,0.9841670393943787,0,0,0,0,0,0,0,0,0,0,0,0,0,0
5.384822607040405,0,0.0,0.0,0.0,0.0,0.0,0.0,0.0,0.0,0.3,1.3086286783218384,0.20460005104541779,0.3402945101261139,0.06457913666963577,-0.10675349831581116,0.12589077651500702,0.9841670393943787,0,0,0,0,0,0,0,0,0,0,0,0,0,0
5.385961055755615,0,0.0,0.0,0.0,0.0,0.0,0.0,0.0,0.0,0.3,1.3086286783218384,0.20460005104541779,0.3402945101261139,0.06457913666963577,-0.10675349831581116,0.12589077651500702,0.9841670393943787,0,0,0,0,0,0,0,0,0,0,0,0,0,0
5.387358903884888,0,0.0,0.0,0.0,0.0,0.0,0.0,0.0,0.0,0.3,1.3086286783218384,0.20460005104541779,0.3402945101261139,0.06457913666963577,-0.10675349831581116,0.12589077651500702,0.9841670393943787,0,0,0,0,0,0,0,0,0,0,0,0,0,0
5.389998197555542,0,0.0,0.0,0.0,0.0,0.0,0.0,0.0,0.0,0.3,1.3086286783218384,0.20460005104541779,0.3402945101261139,0.06457913666963577,-0.10675349831581116,0.12589077651500702,0.9841670393943787,0,0,0,0,0,0,0,0,0,0,0,0,0,0
5.391355752944946,0,0.0,0.0,0.0,0.0,0.0,0.0,0.0,0.0,0.3,1.3086286783218384,0.20460005104541779,0.3402945101261139,0.06457913666963577,-0.10675349831581116,0.12589077651500702,0.9841670393943787,0,0,0,0,0,0,0,0,0,0,0,0,0,0
5.392480373382568,0,0.0,0.0,0.0,0.0,0.0,0.0,0.0,0.0,0.3,1.3086286783218384,0.20460005104541779,0.3402945101261139,0.06457913666963577,-0.10675349831581116,0.12589077651500702,0.9841670393943787,0,0,0,0,0,0,0,0,0,0,0,0,0,0
5.39524507522583,0,0.0,0.0,0.0,0.0,0.0,0.0,0.0,0.0,0.3,1.3086286783218384,0.20460005104541779,0.3402945101261139,0.06457913666963577,-0.10675349831581116,0.12589077651500702,0.9841670393943787,0,0,0,0,0,0,0,0,0,0,0,0,0,0
5.396510124206543,0,0.0,0.0,0.0,0.0,0.0,0.0,0.0,0.0,0.3,1.3086286783218384,0.20460005104541779,0.3402945101261139,0.06457913666963577,-0.10675349831581116,0.12589077651500702,0.9841670393943787,0,0,0,0,0,0,0,0,0,0,0,0,0,0
5.397724390029907,0,0.0,0.0,0.0,0.0,0.0,0.0,0.0,0.0,0.3,1.3086286783218384,0.20460005104541779,0.3402945101261139,0.06457913666963577,-0.10675349831581116,0.12589077651500702,0.9841670393943787,0,0,0,0,0,0,0,0,0,0,0,0,0,0
5.3993613719940186,0,0.0,0.0,0.0,0.0,0.0,0.0,0.0,0.0,0.3,1.3086286783218384,0.20460005104541779,0.3402945101261139,0.06457913666963577,-0.10675349831581116,0.12589077651500702,0.9841670393943787,0,0,0,0,0,0,0,0,0,0,0,0,0,0
5.400559902191162,0,0.0,0.0,0.0,0.0,0.0,0.0,0.0,0.0,0.3,1.3086286783218384,0.20460005104541779,0.3402945101261139,0.06457913666963577,-0.10675349831581116,0.12589077651500702,0.9841670393943787,0,0,0,0,0,0,0,0,0,0,0,0,0,0
5.401669025421143,0,0.0,0.0,0.0,0.0,0.0,0.0,0.0,0.0,0.3,1.3086286783218384,0.20460005104541779,0.3402945101261139,0.06457913666963577,-0.10675349831581116,0.12589077651500702,0.9841670393943787,0,0,0,0,0,0,0,0,0,0,0,0,0,0
5.402914047241211,0,0.0,0.0,0.0,0.0,0.0,0.0,0.0,0.0,0.3,1.3086286783218384,0.20460005104541779,0.3402945101261139,0.06457913666963577,-0.10675349831581116,0.12589077651500702,0.9841670393943787,0,0,0,0,0,0,0,0,0,0,0,0,0,0
5.403990030288696,0,0.0,0.0,0.0,0.0,0.0,0.0,0.0,0.0,0.3,1.3086286783218384,0.20460005104541779,0.3402945101261139,0.06457913666963577,-0.10675349831581116,0.12589077651500702,0.9841670393943787,0,0,0,0,0,0,0,0,0,0,0,0,0,0
5.405457258224487,0,0.0,0.0,0.0,0.0,0.0,0.0,0.0,0.0,0.3,1.3086286783218384,0.20460005104541779,0.3402945101261139,0.06457913666963577,-0.10675349831581116,0.12589077651500702,0.9841670393943787,0,0,0,0,0,0,0,0,0,0,0,0,0,0
5.409459590911865,0,0.0,0.0,0.0,0.0,0.0,0.0,0.0,0.0,0.3,1.3086286783218384,0.20460005104541779,0.3402945101261139,0.06457913666963577,-0.10675349831581116,0.12589077651500702,0.9841670393943787,0,0,0,0,0,0,0,0,0,0,0,0,0,0
5.410664796829224,0,0.0,0.0,0.0,0.0,0.0,0.0,0.0,0.0,0.3,1.3086286783218384,0.20460005104541779,0.3402945101261139,0.06457913666963577,-0.10675349831581116,0.12589077651500702,0.9841670393943787,0,0,0,0,0,0,0,0,0,0,0,0,0,0
5.412722110748291,0,0.0,0.0,0.0,0.0,0.0,0.0,0.0,0.0,0.3,1.3086286783218384,0.20460005104541779,0.3402945101261139,0.06457913666963577,-0.10675349831581116,0.12589077651500702,0.9841670393943787,0,0,0,0,0,0,0,0,0,0,0,0,0,0
5.414121389389038,0,0.0,0.0,0.0,0.0,0.0,0.0,0.0,0.0,0.3,1.3086286783218384,0.20460005104541779,0.3402945101261139,0.06457913666963577,-0.10675349831581116,0.12589077651500702,0.9841670393943787,0,0,0,0,0,0,0,0,0,0,0,0,0,0
5.415206670761108,0,0.0,0.0,0.0,0.0,0.0,0.0,0.0,0.0,0.3,1.3086286783218384,0.20460005104541779,0.3402945101261139,0.06457913666963577,-0.10675349831581116,0.12589077651500702,0.9841670393943787,0,0,0,0,0,0,0,0,0,0,0,0,0,0
5.416404962539673,0,0.0,0.0,0.0,0.0,0.0,0.0,0.0,0.0,0.3,1.3086286783218384,0.20460005104541779,0.3402945101261139,0.06457913666963577,-0.10675349831581116,0.12589077651500702,0.9841670393943787,0,0,0,0,0,0,0,0,0,0,0,0,0,0
5.417591094970703,0,0.0,0.0,0.0,0.0,0.0,0.0,0.0,0.0,0.3,1.3086286783218384,0.20460005104541779,0.3402945101261139,0.06457913666963577,-0.10675349831581116,0.12589077651500702,0.9841670393943787,0,0,0,0,0,0,0,0,0,0,0,0,0,0
5.418652534484863,0,0.0,0.0,0.0,0.0,0.0,0.0,0.0,0.0,0.3,1.3086286783218384,0.20460005104541779,0.3402945101261139,0.06457913666963577,-0.10675349831581116,0.12589077651500702,0.9841670393943787,0,0,0,0,0,0,0,0,0,0,0,0,0,0
5.420731544494629,0,0.0,0.0,0.0,0.0,0.0,0.0,0.0,0.0,0.3,1.3086286783218384,0.20460005104541779,0.3402945101261139,0.06457913666963577,-0.10675349831581116,0.12589077651500702,0.9841670393943787,0,0,0,0,0,0,0,0,0,0,0,0,0,0
5.422374725341797,0,0.0,0.0,0.0,0.0,0.0,0.0,0.0,0.0,0.3,1.3086286783218384,0.20460005104541779,0.3402945101261139,0.06457913666963577,-0.10675349831581116,0.12589077651500702,0.9841670393943787,0,0,0,0,0,0,0,0,0,0,0,0,0,0
5.42449688911438,0,0.0,0.0,0.0,0.0,0.0,0.0,0.0,0.0,0.3,1.3086286783218384,0.20460005104541779,0.3402945101261139,0.06457913666963577,-0.10675349831581116,0.12589077651500702,0.9841670393943787,0,0,0,0,0,0,0,0,0,0,0,0,0,0
5.42570161819458,0,0.0,0.0,0.0,0.0,0.0,0.0,0.0,0.0,0.3,1.3086286783218384,0.20460005104541779,0.3402945101261139,0.06457913666963577,-0.10675349831581116,0.12589077651500702,0.9841670393943787,0,0,0,0,0,0,0,0,0,0,0,0,0,0
5.426858425140381,0,0.0,0.0,0.0,0.0,0.0,0.0,0.0,0.0,0.3,1.3086286783218384,0.20460005104541779,0.3402945101261139,0.06457913666963577,-0.10675349831581116,0.12589077651500702,0.9841670393943787,0,0,0,0,0,0,0,0,0,0,0,0,0,0
5.428271293640137,0,0.0,0.0,0.0,0.0,0.0,0.0,0.0,0.0,0.3,1.3086286783218384,0.20460005104541779,0.3402945101261139,0.06457913666963577,-0.10675349831581116,0.12589077651500702,0.9841670393943787,0,0,0,0,0,0,0,0,0,0,0,0,0,0
5.429441690444946,0,0.0,0.0,0.0,0.0,0.0,0.0,0.0,0.0,0.3,1.3086286783218384,0.20460005104541779,0.3402945101261139,0.06457913666963577,-0.10675349831581116,0.12589077651500702,0.9841670393943787,0,0,0,0,0,0,0,0,0,0,0,0,0,0
5.430737257003784,0,0.0,0.0,0.0,0.0,0.0,0.0,0.0,0.0,0.3,1.3086286783218384,0.20460005104541779,0.3402945101261139,0.06457913666963577,-0.10675349831581116,0.12589077651500702,0.9841670393943787,0,0,0,0,0,0,0,0,0,0,0,0,0,0
5.432983875274658,0,0.0,0.0,0.0,0.0,0.0,0.0,0.0,0.0,0.3,1.3086286783218384,0.20460005104541779,0.3402945101261139,0.06457913666963577,-0.10675349831581116,0.12589077651500702,0.9841670393943787,0,0,0,0,0,0,0,0,0,0,0,0,0,0
5.434678792953491,0,0.0,0.0,0.0,0.0,0.0,0.0,0.0,0.0,0.3,1.3086286783218384,0.20460005104541779,0.3402945101261139,0.06457913666963577,-0.10675349831581116,0.12589077651500702,0.9841670393943787,0,0,0,0,0,0,0,0,0,0,0,0,0,0
5.436011075973511,0,0.0,0.0,0.0,0.0,0.0,0.0,0.0,0.0,0.3,1.3086286783218384,0.20460005104541779,0.3402945101261139,0.06457913666963577,-0.10675349831581116,0.12589077651500702,0.9841670393943787,0,0,0,0,0,0,0,0,0,0,0,0,0,0
5.437948703765869,0,0.0,0.0,0.0,0.0,0.0,0.0,0.0,0.0,0.3,1.3086286783218384,0.20460005104541779,0.3402945101261139,0.06457913666963577,-0.10675349831581116,0.12589077651500702,0.9841670393943787,0,0,0,0,0,0,0,0,0,0,0,0,0,0
5.439036846160889,0,0.0,0.0,0.0,0.0,0.0,0.0,0.0,0.0,0.3,1.3086286783218384,0.20460005104541779,0.3402945101261139,0.06457913666963577,-0.10675349831581116,0.12589077651500702,0.9841670393943787,0,0,0,0,0,0,0,0,0,0,0,0,0,0
5.440427780151367,0,0.0,0.0,0.0,0.0,0.0,0.0,0.0,0.0,0.3,1.3086286783218384,0.20460005104541779,0.3402945101261139,0.06457913666963577,-0.10675349831581116,0.12589077651500702,0.9841670393943787,0,0,0,0,0,0,0,0,0,0,0,0,0,0
5.441553831100464,0,0.0,0.0,0.0,0.0,0.0,0.0,0.0,0.0,0.3,1.3086286783218384,0.20460005104541779,0.3402945101261139,0.06457913666963577,-0.10675349831581116,0.12589077651500702,0.9841670393943787,0,0,0,0,0,0,0,0,0,0,0,0,0,0
5.442853689193726,0,0.0,0.0,0.0,0.0,0.0,0.0,0.0,0.0,0.3,1.3086286783218384,0.20460005104541779,0.3402945101261139,0.06457913666963577,-0.10675349831581116,0.12589077651500702,0.9841670393943787,0,0,0,0,0,0,0,0,0,0,0,0,0,0
5.443941593170166,0,0.0,0.0,0.0,0.0,0.0,0.0,0.0,0.0,0.3,1.3086286783218384,0.20460005104541779,0.3402945101261139,0.06457913666963577,-0.10675349831581116,0.12589077651500702,0.9841670393943787,0,0,0,0,0,0,0,0,0,0,0,0,0,0
5.445380687713623,0,0.0,0.0,0.0,0.0,0.0,0.0,0.0,0.0,0.3,1.3086286783218384,0.20460005104541779,0.3402945101261139,0.06457913666963577,-0.10675349831581116,0.12589077651500702,0.9841670393943787,0,0,0,0,0,0,0,0,0,0,0,0,0,0
5.446683168411255,0,0.0,0.0,0.0,0.0,0.0,0.0,0.0,0.0,0.3,1.3086286783218384,0.20460005104541779,0.3402945101261139,0.06457913666963577,-0.10675349831581116,0.12589077651500702,0.9841670393943787,0,0,0,0,0,0,0,0,0,0,0,0,0,0
5.4479310512542725,0,0.0,0.0,0.0,0.0,0.0,0.0,0.0,0.0,0.3,1.3086286783218384,0.20460005104541779,0.3402945101261139,0.06457913666963577,-0.10675349831581116,0.12589077651500702,0.9841670393943787,0,0,0,0,0,0,0,0,0,0,0,0,0,0
5.449039697647095,0,0.0,0.0,0.0,0.0,0.0,0.0,0.0,0.0,0.3,1.3086286783218384,0.20460005104541779,0.3402945101261139,0.06457913666963577,-0.10675349831581116,0.12589077651500702,0.9841670393943787,0,0,0,0,0,0,0,0,0,0,0,0,0,0
5.450261354446411,0,0.0,0.0,0.0,0.0,0.0,0.0,0.0,0.0,0.3,1.3086286783218384,0.20460005104541779,0.3402945101261139,0.06457913666963577,-0.10675349831581116,0.12589077651500702,0.9841670393943787,0,0,0,0,0,0,0,0,0,0,0,0,0,0
5.45143985748291,0,0.0,0.0,0.0,0.0,0.0,0.0,0.0,0.0,0.3,1.3086286783218384,0.20460005104541779,0.3402945101261139,0.06457913666963577,-0.10675349831581116,0.12589077651500702,0.9841670393943787,0,0,0,0,0,0,0,0,0,0,0,0,0,0
5.453012228012085,0,0.0,0.0,0.0,0.0,0.0,0.0,0.0,0.0,0.3,1.3086286783218384,0.20460005104541779,0.3402945101261139,0.06457913666963577,-0.10675349831581116,0.12589077651500702,0.9841670393943787,0,0,0,0,0,0,0,0,0,0,0,0,0,0
5.4541356563568115,0,0.0,0.0,0.0,0.0,0.0,0.0,0.0,0.0,0.3,1.3086286783218384,0.20460005104541779,0.3402945101261139,0.06457913666963577,-0.10675349831581116,0.12589077651500702,0.9841670393943787,0,0,0,0,0,0,0,0,0,0,0,0,0,0
5.456155776977539,0,0.0,0.0,0.0,0.0,0.0,0.0,0.0,0.0,0.3,1.3086286783218384,0.20460005104541779,0.3402945101261139,0.06457913666963577,-0.10675349831581116,0.12589077651500702,0.9841670393943787,0,0,0,0,0,0,0,0,0,0,0,0,0,0
5.457244634628296,0,0.0,0.0,0.0,0.0,0.0,0.0,0.0,0.0,0.3,1.3086286783218384,0.20460005104541779,0.3402945101261139,0.06457913666963577,-0.10675349831581116,0.12589077651500702,0.9841670393943787,0,0,0,0,0,0,0,0,0,0,0,0,0,0
5.459537744522095,0,0.0,0.0,0.0,0.0,0.0,0.0,0.0,0.0,0.3,1.3086286783218384,0.20460005104541779,0.3402945101261139,0.06457913666963577,-0.10675349831581116,0.12589077651500702,0.9841670393943787,0,0,0,0,0,0,0,0,0,0,0,0,0,0
5.460683345794678,0,0.0,0.0,0.0,0.0,0.0,0.0,0.0,0.0,0.3,1.3086286783218384,0.20460005104541779,0.3402945101261139,0.06457913666963577,-0.10675349831581116,0.12589077651500702,0.9841670393943787,0,0,0,0,0,0,0,0,0,0,0,0,0,0
5.461825609207153,0,0.0,0.0,0.0,0.0,0.0,0.0,0.0,0.0,0.3,1.3086286783218384,0.20460005104541779,0.3402945101261139,0.06457913666963577,-0.10675349831581116,0.12589077651500702,0.9841670393943787,0,0,0,0,0,0,0,0,0,0,0,0,0,0
5.463017702102661,0,0.0,0.0,0.0,0.0,0.0,0.0,0.0,0.0,0.3,1.3086286783218384,0.20460005104541779,0.3402945101261139,0.06457913666963577,-0.10675349831581116,0.12589077651500702,0.9841670393943787,0,0,0,0,0,0,0,0,0,0,0,0,0,0
5.464212656021118,0,0.0,0.0,0.0,0.0,0.0,0.0,0.0,0.0,0.3,1.3086286783218384,0.20460005104541779,0.3402945101261139,0.06457913666963577,-0.10675349831581116,0.12589077651500702,0.9841670393943787,0,0,0,0,0,0,0,0,0,0,0,0,0,0
5.465696334838867,0,0.0,0.0,0.0,0.0,0.0,0.0,0.0,0.0,0.3,1.3086286783218384,0.20460005104541779,0.3402945101261139,0.06457913666963577,-0.10675349831581116,0.12589077651500702,0.9841670393943787,0,0,0,0,0,0,0,0,0,0,0,0,0,0
5.467093467712402,0,0.0,0.0,0.0,0.0,0.0,0.0,0.0,0.0,0.3,1.3086286783218384,0.20460005104541779,0.3402945101261139,0.06457913666963577,-0.10675349831581116,0.12589077651500702,0.9841670393943787,0,0,0,0,0,0,0,0,0,0,0,0,0,0
5.468976259231567,0,0.0,0.0,0.0,0.0,0.0,0.0,0.0,0.0,0.3,1.3086286783218384,0.20460005104541779,0.3402945101261139,0.06457913666963577,-0.10675349831581116,0.12589077651500702,0.9841670393943787,0,0,0,0,0,0,0,0,0,0,0,0,0,0
5.470144748687744,0,0.0,0.0,0.0,0.0,0.0,0.0,0.0,0.0,0.3,1.3086286783218384,0.20460005104541779,0.3402945101261139,0.06457913666963577,-0.10675349831581116,0.12589077651500702,0.9841670393943787,0,0,0,0,0,0,0,0,0,0,0,0,0,0
5.471436023712158,0,0.0,0.0,0.0,0.0,0.0,0.0,0.0,0.0,0.3,1.3086286783218384,0.20460005104541779,0.3402945101261139,0.06457913666963577,-0.10675349831581116,0.12589077651500702,0.9841670393943787,0,0,0,0,0,0,0,0,0,0,0,0,0,0
5.473203897476196,0,0.0,0.0,0.0,0.0,0.0,0.0,0.0,0.0,0.3,1.3086286783218384,0.20460005104541779,0.3402945101261139,0.06457913666963577,-0.10675349831581116,0.12589077651500702,0.9841670393943787,0,0,0,0,0,0,0,0,0,0,0,0,0,0
5.4745142459869385,0,0.0,0.0,0.0,0.0,0.0,0.0,0.0,0.0,0.3,1.3086286783218384,0.20460005104541779,0.3402945101261139,0.06457913666963577,-0.10675349831581116,0.12589077651500702,0.9841670393943787,0,0,0,0,0,0,0,0,0,0,0,0,0,0
5.475993871688843,0,0.0,0.0,0.0,0.0,0.0,0.0,0.0,0.0,0.3,1.3086286783218384,0.20460005104541779,0.3402945101261139,0.06457913666963577,-0.10675349831581116,0.12589077651500702,0.9841670393943787,0,0,0,0,0,0,0,0,0,0,0,0,0,0
5.477095603942871,0,0.0,0.0,0.0,0.0,0.0,0.0,0.0,0.0,0.3,1.3086286783218384,0.20460005104541779,0.3402945101261139,0.06457913666963577,-0.10675349831581116,0.12589077651500702,0.9841670393943787,0,0,0,0,0,0,0,0,0,0,0,0,0,0
5.480239152908325,0,0.0,0.0,0.0,0.0,0.0,0.0,0.0,0.0,0.3,1.3086286783218384,0.20460005104541779,0.3402945101261139,0.06457913666963577,-0.10675349831581116,0.12589077651500702,0.9841670393943787,0,0,0,0,0,0,0,0,0,0,0,0,0,0
5.481855154037476,0,0.0,0.0,0.0,0.0,0.0,0.0,0.0,0.0,0.3,1.3086286783218384,0.20460005104541779,0.3402945101261139,0.06457913666963577,-0.10675349831581116,0.12589077651500702,0.9841670393943787,0,0,0,0,0,0,0,0,0,0,0,0,0,0
5.483584642410278,0,0.0,0.0,0.0,0.0,0.0,0.0,0.0,0.0,0.3,1.3086286783218384,0.20460005104541779,0.3402945101261139,0.06457913666963577,-0.10675349831581116,0.12589077651500702,0.9841670393943787,0,0,0,0,0,0,0,0,0,0,0,0,0,0
5.484798192977905,0,0.0,0.0,0.0,0.0,0.0,0.0,0.0,0.0,0.3,1.3086286783218384,0.20460005104541779,0.3402945101261139,0.06457913666963577,-0.10675349831581116,0.12589077651500702,0.9841670393943787,0,0,0,0,0,0,0,0,0,0,0,0,0,0
5.488139629364014,0,0.0,0.0,0.0,0.0,0.0,0.0,0.0,0.0,0.3,1.3086286783218384,0.20460005104541779,0.3402945101261139,0.06457913666963577,-0.10675349831581116,0.12589077651500702,0.9841670393943787,0,0,0,0,0,0,0,0,0,0,0,0,0,0
5.489438533782959,0,0.0,0.0,0.0,0.0,0.0,0.0,0.0,0.0,0.3,1.3086286783218384,0.20460005104541779,0.3402945101261139,0.06457913666963577,-0.10675349831581116,0.12589077651500702,0.9841670393943787,0,0,0,0,0,0,0,0,0,0,0,0,0,0
5.49134373664856,0,0.0,0.0,0.0,0.0,0.0,0.0,0.0,0.0,0.3,1.3086286783218384,0.20460005104541779,0.3402945101261139,0.06457913666963577,-0.10675349831581116,0.12589077651500702,0.9841670393943787,0,0,0,0,0,0,0,0,0,0,0,0,0,0
5.492669582366943,0,0.0,0.0,0.0,0.0,0.0,0.0,0.0,0.0,0.3,1.3086286783218384,0.20460005104541779,0.3402945101261139,0.06457913666963577,-0.10675349831581116,0.12589077651500702,0.9841670393943787,0,0,0,0,0,0,0,0,0,0,0,0,0,0
5.494239807128906,0,0.0,0.0,0.0,0.0,0.0,0.0,0.0,0.0,0.3,1.3086286783218384,0.20460005104541779,0.3402945101261139,0.06457913666963577,-0.10675349831581116,0.12589077651500702,0.9841670393943787,0,0,0,0,0,0,0,0,0,0,0,0,0,0
5.495850563049316,0,0.0,0.0,0.0,0.0,0.0,0.0,0.0,0.0,0.3,1.3086286783218384,0.20460005104541779,0.3402945101261139,0.06457913666963577,-0.10675349831581116,0.12589077651500702,0.9841670393943787,0,0,0,0,0,0,0,0,0,0,0,0,0,0
5.496930122375488,0,0.0,0.0,0.0,0.0,0.0,0.0,0.0,0.0,0.3,1.3086286783218384,0.20460005104541779,0.3402945101261139,0.06457913666963577,-0.10675349831581116,0.12589077651500702,0.9841670393943787,0,0,0,0,0,0,0,0,0,0,0,0,0,0
5.498312473297119,0,0.0,0.0,0.0,0.0,0.0,0.0,0.0,0.0,0.3,1.3086286783218384,0.20460005104541779,0.3402945101261139,0.06457913666963577,-0.10675349831581116,0.12589077651500702,0.9841670393943787,0,0,0,0,0,0,0,0,0,0,0,0,0,0
5.5004565715789795,0,0.0,0.0,0.0,0.0,0.0,0.0,0.0,0.0,0.3,1.3086286783218384,0.20460005104541779,0.3402945101261139,0.06457913666963577,-0.10675349831581116,0.12589077651500702,0.9841670393943787,0,0,0,0,0,0,0,0,0,0,0,0,0,0
5.501559019088745,0,0.0,0.0,0.0,0.0,0.0,0.0,0.0,0.0,0.3,1.3086286783218384,0.20460005104541779,0.3402945101261139,0.06457913666963577,-0.10675349831581116,0.12589077651500702,0.9841670393943787,0,0,0,0,0,0,0,0,0,0,0,0,0,0
5.503313064575195,0,0.0,0.0,0.0,0.0,0.0,0.0,0.0,0.0,0.3,1.3086286783218384,0.20460005104541779,0.3402945101261139,0.06457913666963577,-0.10675349831581116,0.12589077651500702,0.9841670393943787,0,0,0,0,0,0,0,0,0,0,0,0,0,0
5.504441499710083,0,0.0,0.0,0.0,0.0,0.0,0.0,0.0,0.0,0.3,1.3086286783218384,0.20460005104541779,0.3402945101261139,0.06457913666963577,-0.10675349831581116,0.12589077651500702,0.9841670393943787,0,0,0,0,0,0,0,0,0,0,0,0,0,0
5.505591630935669,0,0.0,0.0,0.0,0.0,0.0,0.0,0.0,0.0,0.3,1.3086286783218384,0.20460005104541779,0.3402945101261139,0.06457913666963577,-0.10675349831581116,0.12589077651500702,0.9841670393943787,0,0,0,0,0,0,0,0,0,0,0,0,0,0
5.506674528121948,0,0.0,0.0,0.0,0.0,0.0,0.0,0.0,0.0,0.3,1.3086286783218384,0.20460005104541779,0.3402945101261139,0.06457913666963577,-0.10675349831581116,0.12589077651500702,0.9841670393943787,0,0,0,0,0,0,0,0,0,0,0,0,0,0
5.508021116256714,0,0.0,0.0,0.0,0.0,0.0,0.0,0.0,0.0,0.3,1.3086286783218384,0.20460005104541779,0.3402945101261139,0.06457913666963577,-0.10675349831581116,0.12589077651500702,0.9841670393943787,0,0,0,0,0,0,0,0,0,0,0,0,0,0
5.510223150253296,0,0.0,0.0,0.0,0.0,0.0,0.0,0.0,0.0,0.3,1.3086286783218384,0.20460005104541779,0.3402945101261139,0.06457913666963577,-0.10675349831581116,0.12589077651500702,0.9841670393943787,0,0,0,0,0,0,0,0,0,0,0,0,0,0
5.513833045959473,0,0.0,0.0,0.0,0.0,0.0,0.0,0.0,0.0,0.3,1.3086286783218384,0.20460005104541779,0.3402945101261139,0.06457913666963577,-0.10675349831581116,0.12589077651500702,0.9841670393943787,0,0,0,0,0,0,0,0,0,0,0,0,0,0
5.5151941776275635,0,0.0,0.0,0.0,0.0,0.0,0.0,0.0,0.0,0.3,1.3086286783218384,0.20460005104541779,0.3402945101261139,0.06457913666963577,-0.10675349831581116,0.12589077651500702,0.9841670393943787,0,0,0,0,0,0,0,0,0,0,0,0,0,0
5.516287326812744,0,0.0,0.0,0.0,0.0,0.0,0.0,0.0,0.0,0.3,1.3086286783218384,0.20460005104541779,0.3402945101261139,0.06457913666963577,-0.10675349831581116,0.12589077651500702,0.9841670393943787,0,0,0,0,0,0,0,0,0,0,0,0,0,0
5.5175392627716064,0,0.0,0.0,0.0,0.0,0.0,0.0,0.0,0.0,0.3,1.3086286783218384,0.20460005104541779,0.3402945101261139,0.06457913666963577,-0.10675349831581116,0.12589077651500702,0.9841670393943787,0,0,0,0,0,0,0,0,0,0,0,0,0,0
5.519098997116089,0,0.0,0.0,0.0,0.0,0.0,0.0,0.0,0.0,0.3,1.3086286783218384,0.20460005104541779,0.3402945101261139,0.06457913666963577,-0.10675349831581116,0.12589077651500702,0.9841670393943787,0,0,0,0,0,0,0,0,0,0,0,0,0,0
5.520463228225708,0,0.0,0.0,0.0,0.0,0.0,0.0,0.0,0.0,0.3,1.3086286783218384,0.20460005104541779,0.3402945101261139,0.06457913666963577,-0.10675349831581116,0.12589077651500702,0.9841670393943787,0,0,0,0,0,0,0,0,0,0,0,0,0,0
5.522315263748169,0,0.0,0.0,0.0,0.0,0.0,0.0,0.0,0.0,0.3,1.3086286783218384,0.20460005104541779,0.3402945101261139,0.06457913666963577,-0.10675349831581116,0.12589077651500702,0.9841670393943787,0,0,0,0,0,0,0,0,0,0,0,0,0,0
5.523407936096191,0,0.0,0.0,0.0,0.0,0.0,0.0,0.0,0.0,0.3,1.3086286783218384,0.20460005104541779,0.3402945101261139,0.06457913666963577,-0.10675349831581116,0.12589077651500702,0.9841670393943787,0,0,0,0,0,0,0,0,0,0,0,0,0,0
5.524522304534912,0,0.0,0.0,0.0,0.0,0.0,0.0,0.0,0.0,0.3,1.3086286783218384,0.20460005104541779,0.3402945101261139,0.06457913666963577,-0.10675349831581116,0.12589077651500702,0.9841670393943787,0,0,0,0,0,0,0,0,0,0,0,0,0,0
5.525666952133179,0,0.0,0.0,0.0,0.0,0.0,0.0,0.0,0.0,0.3,1.3086286783218384,0.20460005104541779,0.3402945101261139,0.06457913666963577,-0.10675349831581116,0.12589077651500702,0.9841670393943787,0,0,0,0,0,0,0,0,0,0,0,0,0,0
5.526727914810181,0,0.0,0.0,0.0,0.0,0.0,0.0,0.0,0.0,0.3,1.3086286783218384,0.20460005104541779,0.3402945101261139,0.06457913666963577,-0.10675349831581116,0.12589077651500702,0.9841670393943787,0,0,0,0,0,0,0,0,0,0,0,0,0,0
5.530701637268066,0,0.0,0.0,0.0,0.0,0.0,0.0,0.0,0.0,0.3,1.3086286783218384,0.20460005104541779,0.3402945101261139,0.06457913666963577,-0.10675349831581116,0.12589077651500702,0.9841670393943787,0,0,0,0,0,0,0,0,0,0,0,0,0,0
5.5319647789001465,0,0.0,0.0,0.0,0.0,0.0,0.0,0.0,0.0,0.3,1.3086286783218384,0.20460005104541779,0.3402945101261139,0.06457913666963577,-0.10675349831581116,0.12589077651500702,0.9841670393943787,0,0,0,0,0,0,0,0,0,0,0,0,0,0
5.533208608627319,0,0.0,0.0,0.0,0.0,0.0,0.0,0.0,0.0,0.3,1.3086286783218384,0.20460005104541779,0.3402945101261139,0.06457913666963577,-0.10675349831581116,0.12589077651500702,0.9841670393943787,0,0,0,0,0,0,0,0,0,0,0,0,0,0
5.534866571426392,0,0.0,0.0,0.0,0.0,0.0,0.0,0.0,0.0,0.3,1.3086286783218384,0.20460005104541779,0.3402945101261139,0.06457913666963577,-0.10675349831581116,0.12589077651500702,0.9841670393943787,0,0,0,0,0,0,0,0,0,0,0,0,0,0
5.5362162590026855,0,0.0,0.0,0.0,0.0,0.0,0.0,0.0,0.0,0.3,1.3086286783218384,0.20460005104541779,0.3402945101261139,0.06457913666963577,-0.10675349831581116,0.12589077651500702,0.9841670393943787,0,0,0,0,0,0,0,0,0,0,0,0,0,0
5.5373125076293945,0,0.0,0.0,0.0,0.0,0.0,0.0,0.0,0.0,0.3,1.3086286783218384,0.20460005104541779,0.3402945101261139,0.06457913666963577,-0.10675349831581116,0.12589077651500702,0.9841670393943787,0,0,0,0,0,0,0,0,0,0,0,0,0,0
5.539132833480835,0,0.0,0.0,0.0,0.0,0.0,0.0,0.0,0.0,0.3,1.3086286783218384,0.20460005104541779,0.3402945101261139,0.06457913666963577,-0.10675349831581116,0.12589077651500702,0.9841670393943787,0,0,0,0,0,0,0,0,0,0,0,0,0,0
5.540217399597168,0,0.0,0.0,0.0,0.0,0.0,0.0,0.0,0.0,0.3,1.3086286783218384,0.20460005104541779,0.3402945101261139,0.06457913666963577,-0.10675349831581116,0.12589077651500702,0.9841670393943787,0,0,0,0,0,0,0,0,0,0,0,0,0,0
5.5418384075164795,0,0.0,0.0,0.0,0.0,0.0,0.0,0.0,0.0,0.3,1.3086286783218384,0.20460005104541779,0.3402945101261139,0.06457913666963577,-0.10675349831581116,0.12589077651500702,0.9841670393943787,0,0,0,0,0,0,0,0,0,0,0,0,0,0
5.54417610168457,0,0.0,0.0,0.0,0.0,0.0,0.0,0.0,0.0,0.3,1.3086286783218384,0.20460005104541779,0.3402945101261139,0.06457913666963577,-0.10675349831581116,0.12589077651500702,0.9841670393943787,0,0,0,0,0,0,0,0,0,0,0,0,0,0
5.545844554901123,0,0.0,0.0,0.0,0.0,0.0,0.0,0.0,0.0,0.3,1.3086286783218384,0.20460005104541779,0.3402945101261139,0.06457913666963577,-0.10675349831581116,0.12589077651500702,0.9841670393943787,0,0,0,0,0,0,0,0,0,0,0,0,0,0
5.5480005741119385,0,0.0,0.0,0.0,0.0,0.0,0.0,0.0,0.0,0.3,1.3086286783218384,0.20460005104541779,0.3402945101261139,0.06457913666963577,-0.10675349831581116,0.12589077651500702,0.9841670393943787,0,0,0,0,0,0,0,0,0,0,0,0,0,0
5.549090623855591,0,0.0,0.0,0.0,0.0,0.0,0.0,0.0,0.0,0.3,1.3086286783218384,0.20460005104541779,0.3402945101261139,0.06457913666963577,-0.10675349831581116,0.12589077651500702,0.9841670393943787,0,0,0,0,0,0,0,0,0,0,0,0,0,0
5.5503833293914795,0,0.0,0.0,0.0,0.0,0.0,0.0,0.0,0.0,0.3,1.3086286783218384,0.20460005104541779,0.3402945101261139,0.06457913666963577,-0.10675349831581116,0.12589077651500702,0.9841670393943787,0,0,0,0,0,0,0,0,0,0,0,0,0,0
5.551600694656372,0,0.0,0.0,0.0,0.0,0.0,0.0,0.0,0.0,0.3,1.3086286783218384,0.20460005104541779,0.3402945101261139,0.06457913666963577,-0.10675349831581116,0.12589077651500702,0.9841670393943787,0,0,0,0,0,0,0,0,0,0,0,0,0,0
5.553192377090454,0,0.0,0.0,0.0,0.0,0.0,0.0,0.0,0.0,0.3,1.3086286783218384,0.20460005104541779,0.3402945101261139,0.06457913666963577,-0.10675349831581116,0.12589077651500702,0.9841670393943787,0,0,0,0,0,0,0,0,0,0,0,0,0,0
5.554453134536743,0,0.0,0.0,0.0,0.0,0.0,0.0,0.0,0.0,0.3,1.3086286783218384,0.20460005104541779,0.3402945101261139,0.06457913666963577,-0.10675349831581116,0.12589077651500702,0.9841670393943787,0,0,0,0,0,0,0,0,0,0,0,0,0,0
5.5556299686431885,0,0.0,0.0,0.0,0.0,0.0,0.0,0.0,0.0,0.3,1.3086286783218384,0.20460005104541779,0.3402945101261139,0.06457913666963577,-0.10675349831581116,0.12589077651500702,0.9841670393943787,0,0,0,0,0,0,0,0,0,0,0,0,0,0
5.557198762893677,0,0.0,0.0,0.0,0.0,0.0,0.0,0.0,0.0,0.3,1.3086286783218384,0.20460005104541779,0.3402945101261139,0.06457913666963577,-0.10675349831581116,0.12589077651500702,0.9841670393943787,0,0,0,0,0,0,0,0,0,0,0,0,0,0
5.558735370635986,0,0.0,0.0,0.0,0.0,0.0,0.0,0.0,0.0,0.3,1.3086286783218384,0.20460005104541779,0.3402945101261139,0.06457913666963577,-0.10675349831581116,0.12589077651500702,0.9841670393943787,0,0,0,0,0,0,0,0,0,0,0,0,0,0
5.559819936752319,0,0.0,0.0,0.0,0.0,0.0,0.0,0.0,0.0,0.3,1.3086286783218384,0.20460005104541779,0.3402945101261139,0.06457913666963577,-0.10675349831581116,0.12589077651500702,0.9841670393943787,0,0,0,0,0,0,0,0,0,0,0,0,0,0
5.560980319976807,0,0.0,0.0,0.0,0.0,0.0,0.0,0.0,0.0,0.3,1.3086286783218384,0.20460005104541779,0.3402945101261139,0.06457913666963577,-0.10675349831581116,0.12589077651500702,0.9841670393943787,0,0,0,0,0,0,0,0,0,0,0,0,0,0
5.562120676040649,0,0.0,0.0,0.0,0.0,0.0,0.0,0.0,0.0,0.3,1.3086286783218384,0.20460005104541779,0.3402945101261139,0.06457913666963577,-0.10675349831581116,0.12589077651500702,0.9841670393943787,0,0,0,0,0,0,0,0,0,0,0,0,0,0
5.56326699256897,0,0.0,0.0,0.0,0.0,0.0,0.0,0.0,0.0,0.3,1.3086286783218384,0.20460005104541779,0.3402945101261139,0.06457913666963577,-0.10675349831581116,0.12589077651500702,0.9841670393943787,0,0,0,0,0,0,0,0,0,0,0,0,0,0
5.564764022827148,0,0.0,0.0,0.0,0.0,0.0,0.0,0.0,0.0,0.3,1.3086286783218384,0.20460005104541779,0.3402945101261139,0.06457913666963577,-0.10675349831581116,0.12589077651500702,0.9841670393943787,0,0,0,0,0,0,0,0,0,0,0,0,0,0
5.56823992729187,0,0.0,0.0,0.0,0.0,0.0,0.0,0.0,0.0,0.3,1.3086286783218384,0.20460005104541779,0.3402945101261139,0.06457913666963577,-0.10675349831581116,0.12589077651500702,0.9841670393943787,0,0,0,0,0,0,0,0,0,0,0,0,0,0
5.569585084915161,0,0.0,0.0,0.0,0.0,0.0,0.0,0.0,0.0,0.3,1.3086286783218384,0.20460005104541779,0.3402945101261139,0.06457913666963577,-0.10675349831581116,0.12589077651500702,0.9841670393943787,0,0,0,0,0,0,0,0,0,0,0,0,0,0
5.570940732955933,0,0.0,0.0,0.0,0.0,0.0,0.0,0.0,0.0,0.3,1.3086286783218384,0.20460005104541779,0.3402945101261139,0.06457913666963577,-0.10675349831581116,0.12589077651500702,0.9841670393943787,0,0,0,0,0,0,0,0,0,0,0,0,0,0
5.57203483581543,0,0.0,0.0,0.0,0.0,0.0,0.0,0.0,0.0,0.3,1.3086286783218384,0.20460005104541779,0.3402945101261139,0.06457913666963577,-0.10675349831581116,0.12589077651500702,0.9841670393943787,0,0,0,0,0,0,0,0,0,0,0,0,0,0
5.574331760406494,0,0.0,0.0,0.0,0.0,0.0,0.0,0.0,0.0,0.3,1.3086286783218384,0.20460005104541779,0.3402945101261139,0.06457913666963577,-0.10675349831581116,0.12589077651500702,0.9841670393943787,0,0,0,0,0,0,0,0,0,0,0,0,0,0
5.5755934715271,0,0.0,0.0,0.0,0.0,0.0,0.0,0.0,0.0,0.3,1.3086286783218384,0.20460005104541779,0.3402945101261139,0.06457913666963577,-0.10675349831581116,0.12589077651500702,0.9841670393943787,0,0,0,0,0,0,0,0,0,0,0,0,0,0
5.576802015304565,0,0.0,0.0,0.0,0.0,0.0,0.0,0.0,0.0,0.3,1.3086286783218384,0.20460005104541779,0.3402945101261139,0.06457913666963577,-0.10675349831581116,0.12589077651500702,0.9841670393943787,0,0,0,0,0,0,0,0,0,0,0,0,0,0
5.578969955444336,0,0.0,0.0,0.0,0.0,0.0,0.0,0.0,0.0,0.3,1.3086286783218384,0.20460005104541779,0.3402945101261139,0.06457913666963577,-0.10675349831581116,0.12589077651500702,0.9841670393943787,0,0,0,0,0,0,0,0,0,0,0,0,0,0
5.580098867416382,0,0.0,0.0,0.0,0.0,0.0,0.0,0.0,0.0,0.3,1.3086286783218384,0.20460005104541779,0.3402945101261139,0.06457913666963577,-0.10675349831581116,0.12589077651500702,0.9841670393943787,0,0,0,0,0,0,0,0,0,0,0,0,0,0
5.581162214279175,0,0.0,0.0,0.0,0.0,0.0,0.0,0.0,0.0,0.3,1.3086286783218384,0.20460005104541779,0.3402945101261139,0.06457913666963577,-0.10675349831581116,0.12589077651500702,0.9841670393943787,0,0,0,0,0,0,0,0,0,0,0,0,0,0
5.582500696182251,0,0.0,0.0,0.0,0.0,0.0,0.0,0.0,0.0,0.3,1.3086286783218384,0.20460005104541779,0.3402945101261139,0.06457913666963577,-0.10675349831581116,0.12589077651500702,0.9841670393943787,0,0,0,0,0,0,0,0,0,0,0,0,0,0
5.583655595779419,0,0.0,0.0,0.0,0.0,0.0,0.0,0.0,0.0,0.3,1.3086286783218384,0.20460005104541779,0.3402945101261139,0.06457913666963577,-0.10675349831581116,0.12589077651500702,0.9841670393943787,0,0,0,0,0,0,0,0,0,0,0,0,0,0
5.585296392440796,0,0.0,0.0,0.0,0.0,0.0,0.0,0.0,0.0,0.3,1.3086286783218384,0.20460005104541779,0.3402945101261139,0.06457913666963577,-0.10675349831581116,0.12589077651500702,0.9841670393943787,0,0,0,0,0,0,0,0,0,0,0,0,0,0
5.587276220321655,0,0.0,0.0,0.0,0.0,0.0,0.0,0.0,0.0,0.3,1.3086286783218384,0.20460005104541779,0.3402945101261139,0.06457913666963577,-0.10675349831581116,0.12589077651500702,0.9841670393943787,0,0,0,0,0,0,0,0,0,0,0,0,0,0
5.588554859161377,0,0.0,0.0,0.0,0.0,0.0,0.0,0.0,0.0,0.3,1.3086286783218384,0.20460005104541779,0.3402945101261139,0.06457913666963577,-0.10675349831581116,0.12589077651500702,0.9841670393943787,0,0,0,0,0,0,0,0,0,0,0,0,0,0
5.589708089828491,0,0.0,0.0,0.0,0.0,0.0,0.0,0.0,0.0,0.3,1.3086286783218384,0.20460005104541779,0.3402945101261139,0.06457913666963577,-0.10675349831581116,0.12589077651500702,0.9841670393943787,0,0,0,0,0,0,0,0,0,0,0,0,0,0
5.591482639312744,0,0.0,0.0,0.0,0.0,0.0,0.0,0.0,0.0,0.3,1.3086286783218384,0.20460005104541779,0.3402945101261139,0.06457913666963577,-0.10675349831581116,0.12589077651500702,0.9841670393943787,0,0,0,0,0,0,0,0,0,0,0,0,0,0
5.593815803527832,0,0.0,0.0,0.0,0.0,0.0,0.0,0.0,0.0,0.3,1.3086286783218384,0.20460005104541779,0.3402945101261139,0.06457913666963577,-0.10675349831581116,0.12589077651500702,0.9841670393943787,0,0,0,0,0,0,0,0,0,0,0,0,0,0
5.595197916030884,0,0.0,0.0,0.0,0.0,0.0,0.0,0.0,0.0,0.3,1.3086286783218384,0.20460005104541779,0.3402945101261139,0.06457913666963577,-0.10675349831581116,0.12589077651500702,0.9841670393943787,0,0,0,0,0,0,0,0,0,0,0,0,0,0
5.596788644790649,0,0.0,0.0,0.0,0.0,0.0,0.0,0.0,0.0,0.3,1.3086286783218384,0.20460005104541779,0.3402945101261139,0.06457913666963577,-0.10675349831581116,0.12589077651500702,0.9841670393943787,0,0,0,0,0,0,0,0,0,0,0,0,0,0
5.5979225635528564,0,0.0,0.0,0.0,0.0,0.0,0.0,0.0,0.0,0.3,1.3086286783218384,0.20460005104541779,0.3402945101261139,0.06457913666963577,-0.10675349831581116,0.12589077651500702,0.9841670393943787,0,0,0,0,0,0,0,0,0,0,0,0,0,0
5.599581003189087,0,0.0,0.0,0.0,0.0,0.0,0.0,0.0,0.0,0.3,1.3086286783218384,0.20460005104541779,0.3402945101261139,0.06457913666963577,-0.10675349831581116,0.12589077651500702,0.9841670393943787,0,0,0,0,0,0,0,0,0,0,0,0,0,0
5.600896120071411,0,0.0,0.0,0.0,0.0,0.0,0.0,0.0,0.0,0.3,1.3086286783218384,0.20460005104541779,0.3402945101261139,0.06457913666963577,-0.10675349831581116,0.12589077651500702,0.9841670393943787,0,0,0,0,0,0,0,0,0,0,0,0,0,0
5.602322578430176,0,0.0,0.0,0.0,0.0,0.0,0.0,0.0,0.0,0.3,1.3086286783218384,0.20460005104541779,0.3402945101261139,0.06457913666963577,-0.10675349831581116,0.12589077651500702,0.9841670393943787,0,0,0,0,0,0,0,0,0,0,0,0,0,0
5.604449987411499,0,0.0,0.0,0.0,0.0,0.0,0.0,0.0,0.0,0.3,1.3086286783218384,0.20460005104541779,0.3402945101261139,0.06457913666963577,-0.10675349831581116,0.12589077651500702,0.9841670393943787,0,0,0,0,0,0,0,0,0,0,0,0,0,0
5.607622146606445,0,0.0,0.0,0.0,0.0,0.0,0.0,0.0,0.0,0.3,1.3086286783218384,0.20460005104541779,0.3402945101261139,0.06457913666963577,-0.10675349831581116,0.12589077651500702,0.9841670393943787,0,0,0,0,0,0,0,0,0,0,0,0,0,0
5.609395503997803,0,0.0,0.0,0.0,0.0,0.0,0.0,0.0,0.0,0.3,1.3086286783218384,0.20460005104541779,0.3402945101261139,0.06457913666963577,-0.10675349831581116,0.12589077651500702,0.9841670393943787,0,0,0,0,0,0,0,0,0,0,0,0,0,0
5.610914707183838,0,0.0,0.0,0.0,0.0,0.0,0.0,0.0,0.0,0.3,1.3086286783218384,0.20460005104541779,0.3402945101261139,0.06457913666963577,-0.10675349831581116,0.12589077651500702,0.9841670393943787,0,0,0,0,0,0,0,0,0,0,0,0,0,0
5.612386226654053,0,0.0,0.0,0.0,0.0,0.0,0.0,0.0,0.0,0.3,1.3086286783218384,0.20460005104541779,0.3402945101261139,0.06457913666963577,-0.10675349831581116,0.12589077651500702,0.9841670393943787,0,0,0,0,0,0,0,0,0,0,0,0,0,0
5.614027261734009,0,0.0,0.0,0.0,0.0,0.0,0.0,0.0,0.0,0.3,1.3086286783218384,0.20460005104541779,0.3402945101261139,0.06457913666963577,-0.10675349831581116,0.12589077651500702,0.9841670393943787,0,0,0,0,0,0,0,0,0,0,0,0,0,0
5.615447521209717,0,0.0,0.0,0.0,0.0,0.0,0.0,0.0,0.0,0.3,1.3086286783218384,0.20460005104541779,0.3402945101261139,0.06457913666963577,-0.10675349831581116,0.12589077651500702,0.9841670393943787,0,0,0,0,0,0,0,0,0,0,0,0,0,0
5.6171770095825195,0,0.0,0.0,0.0,0.0,0.0,0.0,0.0,0.0,0.3,1.3086286783218384,0.20460005104541779,0.3402945101261139,0.06457913666963577,-0.10675349831581116,0.12589077651500702,0.9841670393943787,0,0,0,0,0,0,0,0,0,0,0,0,0,0
5.618442535400391,0,0.0,0.0,0.0,0.0,0.0,0.0,0.0,0.0,0.3,1.3086286783218384,0.20460005104541779,0.3402945101261139,0.06457913666963577,-0.10675349831581116,0.12589077651500702,0.9841670393943787,0,0,0,0,0,0,0,0,0,0,0,0,0,0
5.619538068771362,0,0.0,0.0,0.0,0.0,0.0,0.0,0.0,0.0,0.3,1.3086286783218384,0.20460005104541779,0.3402945101261139,0.06457913666963577,-0.10675349831581116,0.12589077651500702,0.9841670393943787,0,0,0,0,0,0,0,0,0,0,0,0,0,0
5.620720863342285,0,0.0,0.0,0.0,0.0,0.0,0.0,0.0,0.0,0.3,1.3086286783218384,0.20460005104541779,0.3402945101261139,0.06457913666963577,-0.10675349831581116,0.12589077651500702,0.9841670393943787,0,0,0,0,0,0,0,0,0,0,0,0,0,0
5.621902704238892,0,0.0,0.0,0.0,0.0,0.0,0.0,0.0,0.0,0.3,1.3086286783218384,0.20460005104541779,0.3402945101261139,0.06457913666963577,-0.10675349831581116,0.12589077651500702,0.9841670393943787,0,0,0,0,0,0,0,0,0,0,0,0,0,0
5.623003721237183,0,0.0,0.0,0.0,0.0,0.0,0.0,0.0,0.0,0.3,1.3086286783218384,0.20460005104541779,0.3402945101261139,0.06457913666963577,-0.10675349831581116,0.12589077651500702,0.9841670393943787,0,0,0,0,0,0,0,0,0,0,0,0,0,0
5.62406587600708,0,0.0,0.0,0.0,0.0,0.0,0.0,0.0,0.0,0.3,1.3086286783218384,0.20460005104541779,0.3402945101261139,0.06457913666963577,-0.10675349831581116,0.12589077651500702,0.9841670393943787,0,0,0,0,0,0,0,0,0,0,0,0,0,0
5.625455141067505,0,0.0,0.0,0.0,0.0,0.0,0.0,0.0,0.0,0.3,1.3086286783218384,0.20460005104541779,0.3402945101261139,0.06457913666963577,-0.10675349831581116,0.12589077651500702,0.9841670393943787,0,0,0,0,0,0,0,0,0,0,0,0,0,0
5.627537965774536,0,0.0,0.0,0.0,0.0,0.0,0.0,0.0,0.0,0.3,1.3086286783218384,0.20460005104541779,0.3402945101261139,0.06457913666963577,-0.10675349831581116,0.12589077651500702,0.9841670393943787,0,0,0,0,0,0,0,0,0,0,0,0,0,0
5.629234790802002,0,0.0,0.0,0.0,0.0,0.0,0.0,0.0,0.0,0.3,1.3086286783218384,0.20460005104541779,0.3402945101261139,0.06457913666963577,-0.10675349831581116,0.12589077651500702,0.9841670393943787,0,0,0,0,0,0,0,0,0,0,0,0,0,0
5.630330801010132,0,0.0,0.0,0.0,0.0,0.0,0.0,0.0,0.0,0.3,1.3086286783218384,0.20460005104541779,0.3402945101261139,0.06457913666963577,-0.10675349831581116,0.12589077651500702,0.9841670393943787,0,0,0,0,0,0,0,0,0,0,0,0,0,0
5.63230299949646,0,0.0,0.0,0.0,0.0,0.0,0.0,0.0,0.0,0.3,1.3086286783218384,0.20460005104541779,0.3402945101261139,0.06457913666963577,-0.10675349831581116,0.12589077651500702,0.9841670393943787,0,0,0,0,0,0,0,0,0,0,0,0,0,0
5.634330987930298,0,0.0,0.0,0.0,0.0,0.0,0.0,0.0,0.0,0.3,1.3086286783218384,0.20460005104541779,0.3402945101261139,0.06457913666963577,-0.10675349831581116,0.12589077651500702,0.9841670393943787,0,0,0,0,0,0,0,0,0,0,0,0,0,0
5.635590076446533,0,0.0,0.0,0.0,0.0,0.0,0.0,0.0,0.0,0.3,1.3086286783218384,0.20460005104541779,0.3402945101261139,0.06457913666963577,-0.10675349831581116,0.12589077651500702,0.9841670393943787,0,0,0,0,0,0,0,0,0,0,0,0,0,0
5.636680603027344,0,0.0,0.0,0.0,0.0,0.0,0.0,0.0,0.0,0.3,1.3086286783218384,0.20460005104541779,0.3402945101261139,0.06457913666963577,-0.10675349831581116,0.12589077651500702,0.9841670393943787,0,0,0,0,0,0,0,0,0,0,0,0,0,0
5.637911081314087,0,0.0,0.0,0.0,0.0,0.0,0.0,0.0,0.0,0.3,1.3086286783218384,0.20460005104541779,0.3402945101261139,0.06457913666963577,-0.10675349831581116,0.12589077651500702,0.9841670393943787,0,0,0,0,0,0,0,0,0,0,0,0,0,0
5.63944411277771,0,0.0,0.0,0.0,0.0,0.0,0.0,0.0,0.0,0.3,1.3086286783218384,0.20460005104541779,0.3402945101261139,0.06457913666963577,-0.10675349831581116,0.12589077651500702,0.9841670393943787,0,0,0,0,0,0,0,0,0,0,0,0,0,0
5.640520334243774,0,0.0,0.0,0.0,0.0,0.0,0.0,0.0,0.0,0.3,1.3086286783218384,0.20460005104541779,0.3402945101261139,0.06457913666963577,-0.10675349831581116,0.12589077651500702,0.9841670393943787,0,0,0,0,0,0,0,0,0,0,0,0,0,0
5.641825914382935,0,0.0,0.0,0.0,0.0,0.0,0.0,0.0,0.0,0.3,1.3086286783218384,0.20460005104541779,0.3402945101261139,0.06457913666963577,-0.10675349831581116,0.12589077651500702,0.9841670393943787,0,0,0,0,0,0,0,0,0,0,0,0,0,0
5.642909049987793,0,0.0,0.0,0.0,0.0,0.0,0.0,0.0,0.0,0.3,1.3086286783218384,0.20460005104541779,0.3402945101261139,0.06457913666963577,-0.10675349831581116,0.12589077651500702,0.9841670393943787,0,0,0,0,0,0,0,0,0,0,0,0,0,0
5.644093751907349,0,0.0,0.0,0.0,0.0,0.0,0.0,0.0,0.0,0.3,1.3086286783218384,0.20460005104541779,0.3402945101261139,0.06457913666963577,-0.10675349831581116,0.12589077651500702,0.9841670393943787,0,0,0,0,0,0,0,0,0,0,0,0,0,0
5.645288705825806,0,0.0,0.0,0.0,0.0,0.0,0.0,0.0,0.0,0.3,1.3086286783218384,0.20460005104541779,0.3402945101261139,0.06457913666963577,-0.10675349831581116,0.12589077651500702,0.9841670393943787,0,0,0,0,0,0,0,0,0,0,0,0,0,0
5.648232698440552,0,0.0,0.0,0.0,0.0,0.0,0.0,0.0,0.0,0.3,1.3086286783218384,0.20460005104541779,0.3402945101261139,0.06457913666963577,-0.10675349831581116,0.12589077651500702,0.9841670393943787,0,0,0,0,0,0,0,0,0,0,0,0,0,0
5.649440050125122,0,0.0,0.0,0.0,0.0,0.0,0.0,0.0,0.0,0.3,1.3086286783218384,0.20460005104541779,0.3402945101261139,0.06457913666963577,-0.10675349831581116,0.12589077651500702,0.9841670393943787,0,0,0,0,0,0,0,0,0,0,0,0,0,0
5.652421712875366,0,0.0,0.0,0.0,0.0,0.0,0.0,0.0,0.0,0.3,1.3086286783218384,0.20460005104541779,0.3402945101261139,0.06457913666963577,-0.10675349831581116,0.12589077651500702,0.9841670393943787,0,0,0,0,0,0,0,0,0,0,0,0,0,0
5.653650283813477,0,0.0,0.0,0.0,0.0,0.0,0.0,0.0,0.0,0.3,1.3086286783218384,0.20460005104541779,0.3402945101261139,0.06457913666963577,-0.10675349831581116,0.12589077651500702,0.9841670393943787,0,0,0,0,0,0,0,0,0,0,0,0,0,0
5.654788017272949,0,0.0,0.0,0.0,0.0,0.0,0.0,0.0,0.0,0.3,1.3086286783218384,0.20460005104541779,0.3402945101261139,0.06457913666963577,-0.10675349831581116,0.12589077651500702,0.9841670393943787,0,0,0,0,0,0,0,0,0,0,0,0,0,0
5.656255483627319,0,0.0,0.0,0.0,0.0,0.0,0.0,0.0,0.0,0.3,1.3086286783218384,0.20460005104541779,0.3402945101261139,0.06457913666963577,-0.10675349831581116,0.12589077651500702,0.9841670393943787,0,0,0,0,0,0,0,0,0,0,0,0,0,0
5.65734076499939,0,0.0,0.0,0.0,0.0,0.0,0.0,0.0,0.0,0.3,1.3086286783218384,0.20460005104541779,0.3402945101261139,0.06457913666963577,-0.10675349831581116,0.12589077651500702,0.9841670393943787,0,0,0,0,0,0,0,0,0,0,0,0,0,0
5.660279989242554,0,0.0,0.0,0.0,0.0,0.0,0.0,0.0,0.0,0.3,1.3086286783218384,0.20460005104541779,0.3402945101261139,0.06457913666963577,-0.10675349831581116,0.12589077651500702,0.9841670393943787,0,0,0,0,0,0,0,0,0,0,0,0,0,0
5.661609649658203,0,0.0,0.0,0.0,0.0,0.0,0.0,0.0,0.0,0.3,1.3086286783218384,0.20460005104541779,0.3402945101261139,0.06457913666963577,-0.10675349831581116,0.12589077651500702,0.9841670393943787,0,0,0,0,0,0,0,0,0,0,0,0,0,0
5.663325548171997,0,0.0,0.0,0.0,0.0,0.0,0.0,0.0,0.0,0.3,1.3086286783218384,0.20460005104541779,0.3402945101261139,0.06457913666963577,-0.10675349831581116,0.12589077651500702,0.9841670393943787,0,0,0,0,0,0,0,0,0,0,0,0,0,0
5.665448427200317,0,0.0,0.0,0.0,0.0,0.0,0.0,0.0,0.0,0.3,1.3086286783218384,0.20460005104541779,0.3402945101261139,0.06457913666963577,-0.10675349831581116,0.12589077651500702,0.9841670393943787,0,0,0,0,0,0,0,0,0,0,0,0,0,0
5.667280673980713,0,0.0,0.0,0.0,0.0,0.0,0.0,0.0,0.0,0.3,1.3086286783218384,0.20460005104541779,0.3402945101261139,0.06457913666963577,-0.10675349831581116,0.12589077651500702,0.9841670393943787,0,0,0,0,0,0,0,0,0,0,0,0,0,0
5.66860032081604,0,0.0,0.0,0.0,0.0,0.0,0.0,0.0,0.0,0.3,1.3086286783218384,0.20460005104541779,0.3402945101261139,0.06457913666963577,-0.10675349831581116,0.12589077651500702,0.9841670393943787,0,0,0,0,0,0,0,0,0,0,0,0,0,0
5.669949769973755,0,0.0,0.0,0.0,0.0,0.0,0.0,0.0,0.0,0.3,1.3086286783218384,0.20460005104541779,0.3402945101261139,0.06457913666963577,-0.10675349831581116,0.12589077651500702,0.9841670393943787,0,0,0,0,0,0,0,0,0,0,0,0,0,0
5.671174049377441,0,0.0,0.0,0.0,0.0,0.0,0.0,0.0,0.0,0.3,1.3086286783218384,0.20460005104541779,0.3402945101261139,0.06457913666963577,-0.10675349831581116,0.12589077651500702,0.9841670393943787,0,0,0,0,0,0,0,0,0,0,0,0,0,0
5.672497034072876,0,0.0,0.0,0.0,0.0,0.0,0.0,0.0,0.0,0.3,1.3086286783218384,0.20460005104541779,0.3402945101261139,0.06457913666963577,-0.10675349831581116,0.12589077651500702,0.9841670393943787,0,0,0,0,0,0,0,0,0,0,0,0,0,0
5.674297571182251,0,0.0,0.0,0.0,0.0,0.0,0.0,0.0,0.0,0.3,1.3086286783218384,0.20460005104541779,0.3402945101261139,0.06457913666963577,-0.10675349831581116,0.12589077651500702,0.9841670393943787,0,0,0,0,0,0,0,0,0,0,0,0,0,0
5.676764965057373,0,0.0,0.0,0.0,0.0,0.0,0.0,0.0,0.0,0.3,1.3086286783218384,0.20460005104541779,0.3402945101261139,0.06457913666963577,-0.10675349831581116,0.12589077651500702,0.9841670393943787,0,0,0,0,0,0,0,0,0,0,0,0,0,0
5.677860736846924,0,0.0,0.0,0.0,0.0,0.0,0.0,0.0,0.0,0.3,1.3086286783218384,0.20460005104541779,0.3402945101261139,0.06457913666963577,-0.10675349831581116,0.12589077651500702,0.9841670393943787,0,0,0,0,0,0,0,0,0,0,0,0,0,0
5.678961277008057,0,0.0,0.0,0.0,0.0,0.0,0.0,0.0,0.0,0.3,1.3086286783218384,0.20460005104541779,0.3402945101261139,0.06457913666963577,-0.10675349831581116,0.12589077651500702,0.9841670393943787,0,0,0,0,0,0,0,0,0,0,0,0,0,0
5.680130243301392,0,0.0,0.0,0.0,0.0,0.0,0.0,0.0,0.0,0.3,1.3086286783218384,0.20460005104541779,0.3402945101261139,0.06457913666963577,-0.10675349831581116,0.12589077651500702,0.9841670393943787,0,0,0,0,0,0,0,0,0,0,0,0,0,0
5.681277275085449,0,0.0,0.0,0.0,0.0,0.0,0.0,0.0,0.0,0.3,1.3086286783218384,0.20460005104541779,0.3402945101261139,0.06457913666963577,-0.10675349831581116,0.12589077651500702,0.9841670393943787,0,0,0,0,0,0,0,0,0,0,0,0,0,0
5.682527780532837,0,0.0,0.0,0.0,0.0,0.0,0.0,0.0,0.0,0.3,1.3086286783218384,0.20460005104541779,0.3402945101261139,0.06457913666963577,-0.10675349831581116,0.12589077651500702,0.9841670393943787,0,0,0,0,0,0,0,0,0,0,0,0,0,0
5.683898210525513,0,0.0,0.0,0.0,0.0,0.0,0.0,0.0,0.0,0.3,1.3086286783218384,0.20460005104541779,0.3402945101261139,0.06457913666963577,-0.10675349831581116,0.12589077651500702,0.9841670393943787,0,0,0,0,0,0,0,0,0,0,0,0,0,0
5.684977769851685,0,0.0,0.0,0.0,0.0,0.0,0.0,0.0,0.0,0.3,1.3086286783218384,0.20460005104541779,0.3402945101261139,0.06457913666963577,-0.10675349831581116,0.12589077651500702,0.9841670393943787,0,0,0,0,0,0,0,0,0,0,0,0,0,0
5.687463760375977,0,0.0,0.0,0.0,0.0,0.0,0.0,0.0,0.0,0.3,1.3086286783218384,0.20460005104541779,0.3402945101261139,0.06457913666963577,-0.10675349831581116,0.12589077651500702,0.9841670393943787,0,0,0,0,0,0,0,0,0,0,0,0,0,0
5.689222574234009,0,0.0,0.0,0.0,0.0,0.0,0.0,0.0,0.0,0.3,1.3086286783218384,0.20460005104541779,0.3402945101261139,0.06457913666963577,-0.10675349831581116,0.12589077651500702,0.9841670393943787,0,0,0,0,0,0,0,0,0,0,0,0,0,0
5.690497398376465,0,0.0,0.0,0.0,0.0,0.0,0.0,0.0,0.0,0.3,1.3086286783218384,0.20460005104541779,0.3402945101261139,0.06457913666963577,-0.10675349831581116,0.12589077651500702,0.9841670393943787,0,0,0,0,0,0,0,0,0,0,0,0,0,0
5.691608667373657,0,0.0,0.0,0.0,0.0,0.0,0.0,0.0,0.0,0.3,1.3086286783218384,0.20460005104541779,0.3402945101261139,0.06457913666963577,-0.10675349831581116,0.12589077651500702,0.9841670393943787,0,0,0,0,0,0,0,0,0,0,0,0,0,0
5.693984270095825,0,0.0,0.0,0.0,0.0,0.0,0.0,0.0,0.0,0.3,1.3086286783218384,0.20460005104541779,0.3402945101261139,0.06457913666963577,-0.10675349831581116,0.12589077651500702,0.9841670393943787,0,0,0,0,0,0,0,0,0,0,0,0,0,0
5.695392608642578,0,0.0,0.0,0.0,0.0,0.0,0.0,0.0,0.0,0.3,1.3086286783218384,0.20460005104541779,0.3402945101261139,0.06457913666963577,-0.10675349831581116,0.12589077651500702,0.9841670393943787,0,0,0,0,0,0,0,0,0,0,0,0,0,0
5.696493864059448,0,0.0,0.0,0.0,0.0,0.0,0.0,0.0,0.0,0.3,1.3086286783218384,0.20460005104541779,0.3402945101261139,0.06457913666963577,-0.10675349831581116,0.12589077651500702,0.9841670393943787,0,0,0,0,0,0,0,0,0,0,0,0,0,0
5.698375225067139,0,0.0,0.0,0.0,0.0,0.0,0.0,0.0,0.0,0.3,1.3086286783218384,0.20460005104541779,0.3402945101261139,0.06457913666963577,-0.10675349831581116,0.12589077651500702,0.9841670393943787,0,0,0,0,0,0,0,0,0,0,0,0,0,0
5.699475288391113,0,0.0,0.0,0.0,0.0,0.0,0.0,0.0,0.0,0.3,1.3086286783218384,0.20460005104541779,0.3402945101261139,0.06457913666963577,-0.10675349831581116,0.12589077651500702,0.9841670393943787,0,0,0,0,0,0,0,0,0,0,0,0,0,0
5.700556993484497,0,0.0,0.0,0.0,0.0,0.0,0.0,0.0,0.0,0.3,1.3086286783218384,0.20460005104541779,0.3402945101261139,0.06457913666963577,-0.10675349831581116,0.12589077651500702,0.9841670393943787,0,0,0,0,0,0,0,0,0,0,0,0,0,0
5.701749086380005,0,0.0,0.0,0.0,0.0,0.0,0.0,0.0,0.0,0.3,1.3086286783218384,0.20460005104541779,0.3402945101261139,0.06457913666963577,-0.10675349831581116,0.12589077651500702,0.9841670393943787,0,0,0,0,0,0,0,0,0,0,0,0,0,0
5.70283317565918,0,0.0,0.0,0.0,0.0,0.0,0.0,0.0,0.0,0.3,1.3086286783218384,0.20460005104541779,0.3402945101261139,0.06457913666963577,-0.10675349831581116,0.12589077651500702,0.9841670393943787,0,0,0,0,0,0,0,0,0,0,0,0,0,0
5.705455541610718,0,0.0,0.0,0.0,0.0,0.0,0.0,0.0,0.0,0.3,1.3086286783218384,0.20460005104541779,0.3402945101261139,0.06457913666963577,-0.10675349831581116,0.12589077651500702,0.9841670393943787,0,0,0,0,0,0,0,0,0,0,0,0,0,0
5.707009792327881,0,0.0,0.0,0.0,0.0,0.0,0.0,0.0,0.0,0.3,1.3086286783218384,0.20460005104541779,0.3402945101261139,0.06457913666963577,-0.10675349831581116,0.12589077651500702,0.9841670393943787,0,0,0,0,0,0,0,0,0,0,0,0,0,0
5.708266496658325,0,0.0,0.0,0.0,0.0,0.0,0.0,0.0,0.0,0.3,1.3086286783218384,0.20460005104541779,0.3402945101261139,0.06457913666963577,-0.10675349831581116,0.12589077651500702,0.9841670393943787,0,0,0,0,0,0,0,0,0,0,0,0,0,0
5.709596633911133,0,0.0,0.0,0.0,0.0,0.0,0.0,0.0,0.0,0.3,1.3086286783218384,0.20460005104541779,0.3402945101261139,0.06457913666963577,-0.10675349831581116,0.12589077651500702,0.9841670393943787,0,0,0,0,0,0,0,0,0,0,0,0,0,0
5.711727142333984,0,0.0,0.0,0.0,0.0,0.0,0.0,0.0,0.0,0.3,1.3086286783218384,0.20460005104541779,0.3402945101261139,0.06457913666963577,-0.10675349831581116,0.12589077651500702,0.9841670393943787,0,0,0,0,0,0,0,0,0,0,0,0,0,0
5.713044881820679,0,0.0,0.0,0.0,0.0,0.0,0.0,0.0,0.0,0.3,1.3086286783218384,0.20460005104541779,0.3402945101261139,0.06457913666963577,-0.10675349831581116,0.12589077651500702,0.9841670393943787,0,0,0,0,0,0,0,0,0,0,0,0,0,0
5.714413404464722,0,0.0,0.0,0.0,0.0,0.0,0.0,0.0,0.0,0.3,1.3086286783218384,0.20460005104541779,0.3402945101261139,0.06457913666963577,-0.10675349831581116,0.12589077651500702,0.9841670393943787,0,0,0,0,0,0,0,0,0,0,0,0,0,0
5.716156721115112,0,0.0,0.0,0.0,0.0,0.0,0.0,0.0,0.0,0.3,1.3086286783218384,0.20460005104541779,0.3402945101261139,0.06457913666963577,-0.10675349831581116,0.12589077651500702,0.9841670393943787,0,0,0,0,0,0,0,0,0,0,0,0,0,0
5.71733021736145,0,0.0,0.0,0.0,0.0,0.0,0.0,0.0,0.0,0.3,1.3086286783218384,0.20460005104541779,0.3402945101261139,0.06457913666963577,-0.10675349831581116,0.12589077651500702,0.9841670393943787,0,0,0,0,0,0,0,0,0,0,0,0,0,0
5.7191267013549805,0,0.0,0.0,0.0,0.0,0.0,0.0,0.0,0.0,0.3,1.3086286783218384,0.20460005104541779,0.3402945101261139,0.06457913666963577,-0.10675349831581116,0.12589077651500702,0.9841670393943787,0,0,0,0,0,0,0,0,0,0,0,0,0,0
5.720210790634155,0,0.0,0.0,0.0,0.0,0.0,0.0,0.0,0.0,0.3,1.3086286783218384,0.20460005104541779,0.3402945101261139,0.06457913666963577,-0.10675349831581116,0.12589077651500702,0.9841670393943787,0,0,0,0,0,0,0,0,0,0,0,0,0,0
5.721763372421265,0,0.0,0.0,0.0,0.0,0.0,0.0,0.0,0.0,0.3,1.3086286783218384,0.20460005104541779,0.3402945101261139,0.06457913666963577,-0.10675349831581116,0.12589077651500702,0.9841670393943787,0,0,0,0,0,0,0,0,0,0,0,0,0,0
5.723462104797363,0,0.0,0.0,0.0,0.0,0.0,0.0,0.0,0.0,0.3,1.3086286783218384,0.20460005104541779,0.3402945101261139,0.06457913666963577,-0.10675349831581116,0.12589077651500702,0.9841670393943787,0,0,0,0,0,0,0,0,0,0,0,0,0,0
5.725767135620117,0,0.0,0.0,0.0,0.0,0.0,0.0,0.0,0.0,0.3,1.3086286783218384,0.20460005104541779,0.3402945101261139,0.06457913666963577,-0.10675349831581116,0.12589077651500702,0.9841670393943787,0,0,0,0,0,0,0,0,0,0,0,0,0,0
5.727216720581055,0,0.0,0.0,0.0,0.0,0.0,0.0,0.0,0.0,0.3,1.3086286783218384,0.20460005104541779,0.3402945101261139,0.06457913666963577,-0.10675349831581116,0.12589077651500702,0.9841670393943787,0,0,0,0,0,0,0,0,0,0,0,0,0,0
5.728358268737793,0,0.0,0.0,0.0,0.0,0.0,0.0,0.0,0.0,0.3,1.3086286783218384,0.20460005104541779,0.3402945101261139,0.06457913666963577,-0.10675349831581116,0.12589077651500702,0.9841670393943787,0,0,0,0,0,0,0,0,0,0,0,0,0,0
5.729706048965454,0,0.0,0.0,0.0,0.0,0.0,0.0,0.0,0.0,0.3,1.3086286783218384,0.20460005104541779,0.3402945101261139,0.06457913666963577,-0.10675349831581116,0.12589077651500702,0.9841670393943787,0,0,0,0,0,0,0,0,0,0,0,0,0,0
5.732486248016357,0,0.0,0.0,0.0,0.0,0.0,0.0,0.0,0.0,0.3,1.3086286783218384,0.20460005104541779,0.3402945101261139,0.06457913666963577,-0.10675349831581116,0.12589077651500702,0.9841670393943787,0,0,0,0,0,0,0,0,0,0,0,0,0,0
5.733858823776245,0,0.0,0.0,0.0,0.0,0.0,0.0,0.0,0.0,0.3,1.3086286783218384,0.20460005104541779,0.3402945101261139,0.06457913666963577,-0.10675349831581116,0.12589077651500702,0.9841670393943787,0,0,0,0,0,0,0,0,0,0,0,0,0,0
5.735187292098999,0,0.0,0.0,0.0,0.0,0.0,0.0,0.0,0.0,0.3,1.3086286783218384,0.20460005104541779,0.3402945101261139,0.06457913666963577,-0.10675349831581116,0.12589077651500702,0.9841670393943787,0,0,0,0,0,0,0,0,0,0,0,0,0,0
5.736424446105957,0,0.0,0.0,0.0,0.0,0.0,0.0,0.0,0.0,0.3,1.3086286783218384,0.20460005104541779,0.3402945101261139,0.06457913666963577,-0.10675349831581116,0.12589077651500702,0.9841670393943787,0,0,0,0,0,0,0,0,0,0,0,0,0,0
5.737797498703003,0,0.0,0.0,0.0,0.0,0.0,0.0,0.0,0.0,0.3,1.3086286783218384,0.20460005104541779,0.3402945101261139,0.06457913666963577,-0.10675349831581116,0.12589077651500702,0.9841670393943787,0,0,0,0,0,0,0,0,0,0,0,0,0,0
5.738901853561401,0,0.0,0.0,0.0,0.0,0.0,0.0,0.0,0.0,0.3,1.3086286783218384,0.20460005104541779,0.3402945101261139,0.06457913666963577,-0.10675349831581116,0.12589077651500702,0.9841670393943787,0,0,0,0,0,0,0,0,0,0,0,0,0,0
5.739995002746582,0,0.0,0.0,0.0,0.0,0.0,0.0,0.0,0.0,0.3,1.3086286783218384,0.20460005104541779,0.3402945101261139,0.06457913666963577,-0.10675349831581116,0.12589077651500702,0.9841670393943787,0,0,0,0,0,0,0,0,0,0,0,0,0,0
5.741184949874878,0,0.0,0.0,0.0,0.0,0.0,0.0,0.0,0.0,0.3,1.3086286783218384,0.20460005104541779,0.3402945101261139,0.06457913666963577,-0.10675349831581116,0.12589077651500702,0.9841670393943787,0,0,0,0,0,0,0,0,0,0,0,0,0,0
5.742344379425049,0,0.0,0.0,0.0,0.0,0.0,0.0,0.0,0.0,0.3,1.3086286783218384,0.20460005104541779,0.3402945101261139,0.06457913666963577,-0.10675349831581116,0.12589077651500702,0.9841670393943787,0,0,0,0,0,0,0,0,0,0,0,0,0,0
5.743434429168701,0,0.0,0.0,0.0,0.0,0.0,0.0,0.0,0.0,0.3,1.3086286783218384,0.20460005104541779,0.3402945101261139,0.06457913666963577,-0.10675349831581116,0.12589077651500702,0.9841670393943787,0,0,0,0,0,0,0,0,0,0,0,0,0,0
5.744498252868652,0,0.0,0.0,0.0,0.0,0.0,0.0,0.0,0.0,0.3,1.3086286783218384,0.20460005104541779,0.3402945101261139,0.06457913666963577,-0.10675349831581116,0.12589077651500702,0.9841670393943787,0,0,0,0,0,0,0,0,0,0,0,0,0,0
5.7457005977630615,0,0.0,0.0,0.0,0.0,0.0,0.0,0.0,0.0,0.3,1.3086286783218384,0.20460005104541779,0.3402945101261139,0.06457913666963577,-0.10675349831581116,0.12589077651500702,0.9841670393943787,0,0,0,0,0,0,0,0,0,0,0,0,0,0
5.747089147567749,0,0.0,0.0,0.0,0.0,0.0,0.0,0.0,0.0,0.3,1.3086286783218384,0.20460005104541779,0.3402945101261139,0.06457913666963577,-0.10675349831581116,0.12589077651500702,0.9841670393943787,0,0,0,0,0,0,0,0,0,0,0,0,0,0
5.748571395874023,0,0.0,0.0,0.0,0.0,0.0,0.0,0.0,0.0,0.3,1.3086286783218384,0.20460005104541779,0.3402945101261139,0.06457913666963577,-0.10675349831581116,0.12589077651500702,0.9841670393943787,0,0,0,0,0,0,0,0,0,0,0,0,0,0
5.750001668930054,0,0.0,0.0,0.0,0.0,0.0,0.0,0.0,0.0,0.3,1.3086286783218384,0.20460005104541779,0.3402945101261139,0.06457913666963577,-0.10675349831581116,0.12589077651500702,0.9841670393943787,0,0,0,0,0,0,0,0,0,0,0,0,0,0
5.75111198425293,0,0.0,0.0,0.0,0.0,0.0,0.0,0.0,0.0,0.3,1.3086286783218384,0.20460005104541779,0.3402945101261139,0.06457913666963577,-0.10675349831581116,0.12589077651500702,0.9841670393943787,0,0,0,0,0,0,0,0,0,0,0,0,0,0
5.7523181438446045,0,0.0,0.0,0.0,0.0,0.0,0.0,0.0,0.0,0.3,1.3086286783218384,0.20460005104541779,0.3402945101261139,0.06457913666963577,-0.10675349831581116,0.12589077651500702,0.9841670393943787,0,0,0,0,0,0,0,0,0,0,0,0,0,0
5.753793716430664,0,0.0,0.0,0.0,0.0,0.0,0.0,0.0,0.0,0.3,1.3086286783218384,0.20460005104541779,0.3402945101261139,0.06457913666963577,-0.10675349831581116,0.12589077651500702,0.9841670393943787,0,0,0,0,0,0,0,0,0,0,0,0,0,0
5.755280017852783,0,0.0,0.0,0.0,0.0,0.0,0.0,0.0,0.0,0.3,1.3086286783218384,0.20460005104541779,0.3402945101261139,0.06457913666963577,-0.10675349831581116,0.12589077651500702,0.9841670393943787,0,0,0,0,0,0,0,0,0,0,0,0,0,0
5.756617307662964,0,0.0,0.0,0.0,0.0,0.0,0.0,0.0,0.0,0.3,1.3086286783218384,0.20460005104541779,0.3402945101261139,0.06457913666963577,-0.10675349831581116,0.12589077651500702,0.9841670393943787,0,0,0,0,0,0,0,0,0,0,0,0,0,0
5.757776498794556,0,0.0,0.0,0.0,0.0,0.0,0.0,0.0,0.0,0.3,1.3086286783218384,0.20460005104541779,0.3402945101261139,0.06457913666963577,-0.10675349831581116,0.12589077651500702,0.9841670393943787,0,0,0,0,0,0,0,0,0,0,0,0,0,0
5.758951663970947,0,0.0,0.0,0.0,0.0,0.0,0.0,0.0,0.0,0.3,1.3086286783218384,0.20460005104541779,0.3402945101261139,0.06457913666963577,-0.10675349831581116,0.12589077651500702,0.9841670393943787,0,0,0,0,0,0,0,0,0,0,0,0,0,0
5.760075569152832,0,0.0,0.0,0.0,0.0,0.0,0.0,0.0,0.0,0.3,1.3086286783218384,0.20460005104541779,0.3402945101261139,0.06457913666963577,-0.10675349831581116,0.12589077651500702,0.9841670393943787,0,0,0,0,0,0,0,0,0,0,0,0,0,0
5.761349201202393,0,0.0,0.0,0.0,0.0,0.0,0.0,0.0,0.0,0.3,1.3086286783218384,0.20460005104541779,0.3402945101261139,0.06457913666963577,-0.10675349831581116,0.12589077651500702,0.9841670393943787,0,0,0,0,0,0,0,0,0,0,0,0,0,0
5.762431859970093,0,0.0,0.0,0.0,0.0,0.0,0.0,0.0,0.0,0.3,1.3086286783218384,0.20460005104541779,0.3402945101261139,0.06457913666963577,-0.10675349831581116,0.12589077651500702,0.9841670393943787,0,0,0,0,0,0,0,0,0,0,0,0,0,0
5.764091491699219,0,0.0,0.0,0.0,0.0,0.0,0.0,0.0,0.0,0.3,1.3086286783218384,0.20460005104541779,0.3402945101261139,0.06457913666963577,-0.10675349831581116,0.12589077651500702,0.9841670393943787,0,0,0,0,0,0,0,0,0,0,0,0,0,0
5.765596866607666,0,0.0,0.0,0.0,0.0,0.0,0.0,0.0,0.0,0.3,1.3086286783218384,0.20460005104541779,0.3402945101261139,0.06457913666963577,-0.10675349831581116,0.12589077651500702,0.9841670393943787,0,0,0,0,0,0,0,0,0,0,0,0,0,0
5.767758369445801,0,0.0,0.0,0.0,0.0,0.0,0.0,0.0,0.0,0.3,1.3086286783218384,0.20460005104541779,0.3402945101261139,0.06457913666963577,-0.10675349831581116,0.12589077651500702,0.9841670393943787,0,0,0,0,0,0,0,0,0,0,0,0,0,0
5.768987655639648,0,0.0,0.0,0.0,0.0,0.0,0.0,0.0,0.0,0.3,1.3086286783218384,0.20460005104541779,0.3402945101261139,0.06457913666963577,-0.10675349831581116,0.12589077651500702,0.9841670393943787,0,0,0,0,0,0,0,0,0,0,0,0,0,0
5.7704973220825195,0,0.0,0.0,0.0,0.0,0.0,0.0,0.0,0.0,0.3,1.3086286783218384,0.20460005104541779,0.3402945101261139,0.06457913666963577,-0.10675349831581116,0.12589077651500702,0.9841670393943787,0,0,0,0,0,0,0,0,0,0,0,0,0,0
5.772447347640991,0,0.0,0.0,0.0,0.0,0.0,0.0,0.0,0.0,0.3,1.3086286783218384,0.20460005104541779,0.3402945101261139,0.06457913666963577,-0.10675349831581116,0.12589077651500702,0.9841670393943787,0,0,0,0,0,0,0,0,0,0,0,0,0,0
5.7738564014434814,0,0.0,0.0,0.0,0.0,0.0,0.0,0.0,0.0,0.3,1.3086286783218384,0.20460005104541779,0.3402945101261139,0.06457913666963577,-0.10675349831581116,0.12589077651500702,0.9841670393943787,0,0,0,0,0,0,0,0,0,0,0,0,0,0
5.7753870487213135,0,0.0,0.0,0.0,0.0,0.0,0.0,0.0,0.0,0.3,1.3086286783218384,0.20460005104541779,0.3402945101261139,0.06457913666963577,-0.10675349831581116,0.12589077651500702,0.9841670393943787,0,0,0,0,0,0,0,0,0,0,0,0,0,0
5.776580333709717,0,0.0,0.0,0.0,0.0,0.0,0.0,0.0,0.0,0.3,1.3086286783218384,0.20460005104541779,0.3402945101261139,0.06457913666963577,-0.10675349831581116,0.12589077651500702,0.9841670393943787,0,0,0,0,0,0,0,0,0,0,0,0,0,0
5.777648448944092,0,0.0,0.0,0.0,0.0,0.0,0.0,0.0,0.0,0.3,1.3086286783218384,0.20460005104541779,0.3402945101261139,0.06457913666963577,-0.10675349831581116,0.12589077651500702,0.9841670393943787,0,0,0,0,0,0,0,0,0,0,0,0,0,0
5.779875993728638,0,0.0,0.0,0.0,0.0,0.0,0.0,0.0,0.0,0.3,1.3086286783218384,0.20460005104541779,0.3402945101261139,0.06457913666963577,-0.10675349831581116,0.12589077651500702,0.9841670393943787,0,0,0,0,0,0,0,0,0,0,0,0,0,0
5.783162355422974,0,0.0,0.0,0.0,0.0,0.0,0.0,0.0,0.0,0.3,1.3086286783218384,0.20460005104541779,0.3402945101261139,0.06457913666963577,-0.10675349831581116,0.12589077651500702,0.9841670393943787,0,0,0,0,0,0,0,0,0,0,0,0,0,0
5.785775661468506,0,0.0,0.0,0.0,0.0,0.0,0.0,0.0,0.0,0.3,1.3086286783218384,0.20460005104541779,0.3402945101261139,0.06457913666963577,-0.10675349831581116,0.12589077651500702,0.9841670393943787,0,0,0,0,0,0,0,0,0,0,0,0,0,0
5.78687858581543,0,0.0,0.0,0.0,0.0,0.0,0.0,0.0,0.0,0.3,1.3086286783218384,0.20460005104541779,0.3402945101261139,0.06457913666963577,-0.10675349831581116,0.12589077651500702,0.9841670393943787,0,0,0,0,0,0,0,0,0,0,0,0,0,0
5.788403511047363,0,0.0,0.0,0.0,0.0,0.0,0.0,0.0,0.0,0.3,1.3086286783218384,0.20460005104541779,0.3402945101261139,0.06457913666963577,-0.10675349831581116,0.12589077651500702,0.9841670393943787,0,0,0,0,0,0,0,0,0,0,0,0,0,0
5.789740800857544,0,0.0,0.0,0.0,0.0,0.0,0.0,0.0,0.0,0.3,1.3086286783218384,0.20460005104541779,0.3402945101261139,0.06457913666963577,-0.10675349831581116,0.12589077651500702,0.9841670393943787,0,0,0,0,0,0,0,0,0,0,0,0,0,0
5.790950775146484,0,0.0,0.0,0.0,0.0,0.0,0.0,0.0,0.0,0.3,1.3086286783218384,0.20460005104541779,0.3402945101261139,0.06457913666963577,-0.10675349831581116,0.12589077651500702,0.9841670393943787,0,0,0,0,0,0,0,0,0,0,0,0,0,0
5.792842864990234,0,0.0,0.0,0.0,0.0,0.0,0.0,0.0,0.0,0.3,1.3086286783218384,0.20460005104541779,0.3402945101261139,0.06457913666963577,-0.10675349831581116,0.12589077651500702,0.9841670393943787,0,0,0,0,0,0,0,0,0,0,0,0,0,0
5.794417381286621,0,0.0,0.0,0.0,0.0,0.0,0.0,0.0,0.0,0.3,1.3086286783218384,0.20460005104541779,0.3402945101261139,0.06457913666963577,-0.10675349831581116,0.12589077651500702,0.9841670393943787,0,0,0,0,0,0,0,0,0,0,0,0,0,0
5.795544385910034,0,0.0,0.0,0.0,0.0,0.0,0.0,0.0,0.0,0.3,1.3086286783218384,0.20460005104541779,0.3402945101261139,0.06457913666963577,-0.10675349831581116,0.12589077651500702,0.9841670393943787,0,0,0,0,0,0,0,0,0,0,0,0,0,0
5.797899007797241,0,0.0,0.0,0.0,0.0,0.0,0.0,0.0,0.0,0.3,1.3086286783218384,0.20460005104541779,0.3402945101261139,0.06457913666963577,-0.10675349831581116,0.12589077651500702,0.9841670393943787,0,0,0,0,0,0,0,0,0,0,0,0,0,0
5.799356937408447,0,0.0,0.0,0.0,0.0,0.0,0.0,0.0,0.0,0.3,1.3086286783218384,0.20460005104541779,0.3402945101261139,0.06457913666963577,-0.10675349831581116,0.12589077651500702,0.9841670393943787,0,0,0,0,0,0,0,0,0,0,0,0,0,0
5.800497770309448,0,0.0,0.0,0.0,0.0,0.0,0.0,0.0,0.0,0.3,1.3086286783218384,0.20460005104541779,0.3402945101261139,0.06457913666963577,-0.10675349831581116,0.12589077651500702,0.9841670393943787,0,0,0,0,0,0,0,0,0,0,0,0,0,0
5.801754713058472,0,0.0,0.0,0.0,0.0,0.0,0.0,0.0,0.0,0.3,1.3086286783218384,0.20460005104541779,0.3402945101261139,0.06457913666963577,-0.10675349831581116,0.12589077651500702,0.9841670393943787,0,0,0,0,0,0,0,0,0,0,0,0,0,0
5.802893877029419,0,0.0,0.0,0.0,0.0,0.0,0.0,0.0,0.0,0.3,1.3086286783218384,0.20460005104541779,0.3402945101261139,0.06457913666963577,-0.10675349831581116,0.12589077651500702,0.9841670393943787,0,0,0,0,0,0,0,0,0,0,0,0,0,0
5.804129600524902,0,0.0,0.0,0.0,0.0,0.0,0.0,0.0,0.0,0.3,1.3086286783218384,0.20460005104541779,0.3402945101261139,0.06457913666963577,-0.10675349831581116,0.12589077651500702,0.9841670393943787,0,0,0,0,0,0,0,0,0,0,0,0,0,0
5.805218458175659,0,0.0,0.0,0.0,0.0,0.0,0.0,0.0,0.0,0.3,1.3086286783218384,0.20460005104541779,0.3402945101261139,0.06457913666963577,-0.10675349831581116,0.12589077651500702,0.9841670393943787,0,0,0,0,0,0,0,0,0,0,0,0,0,0
5.808119773864746,0,0.0,0.0,0.0,0.0,0.0,0.0,0.0,0.0,0.3,1.3086286783218384,0.20460005104541779,0.3402945101261139,0.06457913666963577,-0.10675349831581116,0.12589077651500702,0.9841670393943787,0,0,0,0,0,0,0,0,0,0,0,0,0,0
5.809184551239014,0,0.0,0.0,0.0,0.0,0.0,0.0,0.0,0.0,0.3,1.3086286783218384,0.20460005104541779,0.3402945101261139,0.06457913666963577,-0.10675349831581116,0.12589077651500702,0.9841670393943787,0,0,0,0,0,0,0,0,0,0,0,0,0,0
5.8108298778533936,0,0.0,0.0,0.0,0.0,0.0,0.0,0.0,0.0,0.3,1.3086286783218384,0.20460005104541779,0.3402945101261139,0.06457913666963577,-0.10675349831581116,0.12589077651500702,0.9841670393943787,0,0,0,0,0,0,0,0,0,0,0,0,0,0
5.8120598793029785,0,0.0,0.0,0.0,0.0,0.0,0.0,0.0,0.0,0.3,1.3086286783218384,0.20460005104541779,0.3402945101261139,0.06457913666963577,-0.10675349831581116,0.12589077651500702,0.9841670393943787,0,0,0,0,0,0,0,0,0,0,0,0,0,0
5.8131935596466064,0,0.0,0.0,0.0,0.0,0.0,0.0,0.0,0.0,0.3,1.3086286783218384,0.20460005104541779,0.3402945101261139,0.06457913666963577,-0.10675349831581116,0.12589077651500702,0.9841670393943787,0,0,0,0,0,0,0,0,0,0,0,0,0,0
5.814260721206665,0,0.0,0.0,0.0,0.0,0.0,0.0,0.0,0.0,0.3,1.3086286783218384,0.20460005104541779,0.3402945101261139,0.06457913666963577,-0.10675349831581116,0.12589077651500702,0.9841670393943787,0,0,0,0,0,0,0,0,0,0,0,0,0,0
5.815493822097778,0,0.0,0.0,0.0,0.0,0.0,0.0,0.0,0.0,0.3,1.3086286783218384,0.20460005104541779,0.3402945101261139,0.06457913666963577,-0.10675349831581116,0.12589077651500702,0.9841670393943787,0,0,0,0,0,0,0,0,0,0,0,0,0,0
5.8175294399261475,0,0.0,0.0,0.0,0.0,0.0,0.0,0.0,0.0,0.3,1.3086286783218384,0.20460005104541779,0.3402945101261139,0.06457913666963577,-0.10675349831581116,0.12589077651500702,0.9841670393943787,0,0,0,0,0,0,0,0,0,0,0,0,0,0
5.818892955780029,0,0.0,0.0,0.0,0.0,0.0,0.0,0.0,0.0,0.3,1.3086286783218384,0.20460005104541779,0.3402945101261139,0.06457913666963577,-0.10675349831581116,0.12589077651500702,0.9841670393943787,0,0,0,0,0,0,0,0,0,0,0,0,0,0
5.820374011993408,0,0.0,0.0,0.0,0.0,0.0,0.0,0.0,0.0,0.3,1.3086286783218384,0.20460005104541779,0.3402945101261139,0.06457913666963577,-0.10675349831581116,0.12589077651500702,0.9841670393943787,0,0,0,0,0,0,0,0,0,0,0,0,0,0
5.821486711502075,0,0.0,0.0,0.0,0.0,0.0,0.0,0.0,0.0,0.3,1.3086286783218384,0.20460005104541779,0.3402945101261139,0.06457913666963577,-0.10675349831581116,0.12589077651500702,0.9841670393943787,0,0,0,0,0,0,0,0,0,0,0,0,0,0
5.822709321975708,0,0.0,0.0,0.0,0.0,0.0,0.0,0.0,0.0,0.3,1.3086286783218384,0.20460005104541779,0.3402945101261139,0.06457913666963577,-0.10675349831581116,0.12589077651500702,0.9841670393943787,0,0,0,0,0,0,0,0,0,0,0,0,0,0
5.824035167694092,0,0.0,0.0,0.0,0.0,0.0,0.0,0.0,0.0,0.3,1.3086286783218384,0.20460005104541779,0.3402945101261139,0.06457913666963577,-0.10675349831581116,0.12589077651500702,0.9841670393943787,0,0,0,0,0,0,0,0,0,0,0,0,0,0
5.825342178344727,0,0.0,0.0,0.0,0.0,0.0,0.0,0.0,0.0,0.3,1.3086286783218384,0.20460005104541779,0.3402945101261139,0.06457913666963577,-0.10675349831581116,0.12589077651500702,0.9841670393943787,0,0,0,0,0,0,0,0,0,0,0,0,0,0
5.827629327774048,0,0.0,0.0,0.0,0.0,0.0,0.0,0.0,0.0,0.3,1.3086286783218384,0.20460005104541779,0.3402945101261139,0.06457913666963577,-0.10675349831581116,0.12589077651500702,0.9841670393943787,0,0,0,0,0,0,0,0,0,0,0,0,0,0
5.829848289489746,0,0.0,0.0,0.0,0.0,0.0,0.0,0.0,0.0,0.3,1.3086286783218384,0.20460005104541779,0.3402945101261139,0.06457913666963577,-0.10675349831581116,0.12589077651500702,0.9841670393943787,0,0,0,0,0,0,0,0,0,0,0,0,0,0
5.830909967422485,0,0.0,0.0,0.0,0.0,0.0,0.0,0.0,0.0,0.3,1.3086286783218384,0.20460005104541779,0.3402945101261139,0.06457913666963577,-0.10675349831581116,0.12589077651500702,0.9841670393943787,0,0,0,0,0,0,0,0,0,0,0,0,0,0
5.8322227001190186,0,0.0,0.0,0.0,0.0,0.0,0.0,0.0,0.0,0.3,1.3086286783218384,0.20460005104541779,0.3402945101261139,0.06457913666963577,-0.10675349831581116,0.12589077651500702,0.9841670393943787,0,0,0,0,0,0,0,0,0,0,0,0,0,0
5.833542108535767,0,0.0,0.0,0.0,0.0,0.0,0.0,0.0,0.0,0.3,1.3086286783218384,0.20460005104541779,0.3402945101261139,0.06457913666963577,-0.10675349831581116,0.12589077651500702,0.9841670393943787,0,0,0,0,0,0,0,0,0,0,0,0,0,0
5.834639549255371,0,0.0,0.0,0.0,0.0,0.0,0.0,0.0,0.0,0.3,1.3086286783218384,0.20460005104541779,0.3402945101261139,0.06457913666963577,-0.10675349831581116,0.12589077651500702,0.9841670393943787,0,0,0,0,0,0,0,0,0,0,0,0,0,0
5.835782527923584,0,0.0,0.0,0.0,0.0,0.0,0.0,0.0,0.0,0.3,1.3086286783218384,0.20460005104541779,0.3402945101261139,0.06457913666963577,-0.10675349831581116,0.12589077651500702,0.9841670393943787,0,0,0,0,0,0,0,0,0,0,0,0,0,0
5.836888790130615,0,0.0,0.0,0.0,0.0,0.0,0.0,0.0,0.0,0.3,1.3086286783218384,0.20460005104541779,0.3402945101261139,0.06457913666963577,-0.10675349831581116,0.12589077651500702,0.9841670393943787,0,0,0,0,0,0,0,0,0,0,0,0,0,0
5.838154315948486,0,0.0,0.0,0.0,0.0,0.0,0.0,0.0,0.0,0.3,1.3086286783218384,0.20460005104541779,0.3402945101261139,0.06457913666963577,-0.10675349831581116,0.12589077651500702,0.9841670393943787,0,0,0,0,0,0,0,0,0,0,0,0,0,0
5.8393614292144775,0,0.0,0.0,0.0,0.0,0.0,0.0,0.0,0.0,0.3,1.3086286783218384,0.20460005104541779,0.3402945101261139,0.06457913666963577,-0.10675349831581116,0.12589077651500702,0.9841670393943787,0,0,0,0,0,0,0,0,0,0,0,0,0,0
5.841050148010254,0,0.0,0.0,0.0,0.0,0.0,0.0,0.0,0.0,0.3,1.3086286783218384,0.20460005104541779,0.3402945101261139,0.06457913666963577,-0.10675349831581116,0.12589077651500702,0.9841670393943787,0,0,0,0,0,0,0,0,0,0,0,0,0,0
5.843444108963013,0,0.0,0.0,0.0,0.0,0.0,0.0,0.0,0.0,0.3,1.3086286783218384,0.20460005104541779,0.3402945101261139,0.06457913666963577,-0.10675349831581116,0.12589077651500702,0.9841670393943787,0,0,0,0,0,0,0,0,0,0,0,0,0,0
5.844684839248657,0,0.0,0.0,0.0,0.0,0.0,0.0,0.0,0.0,0.3,1.3086286783218384,0.20460005104541779,0.3402945101261139,0.06457913666963577,-0.10675349831581116,0.12589077651500702,0.9841670393943787,0,0,0,0,0,0,0,0,0,0,0,0,0,0
5.848430156707764,0,0.0,0.0,0.0,0.0,0.0,0.0,0.0,0.0,0.3,1.3086286783218384,0.20460005104541779,0.3402945101261139,0.06457913666963577,-0.10675349831581116,0.12589077651500702,0.9841670393943787,0,0,0,0,0,0,0,0,0,0,0,0,0,0
5.850539684295654,0,0.0,0.0,0.0,0.0,0.0,0.0,0.0,0.0,0.3,1.3086286783218384,0.20460005104541779,0.3402945101261139,0.06457913666963577,-0.10675349831581116,0.12589077651500702,0.9841670393943787,0,0,0,0,0,0,0,0,0,0,0,0,0,0
5.851648330688477,0,0.0,0.0,0.0,0.0,0.0,0.0,0.0,0.0,0.3,1.3086286783218384,0.20460005104541779,0.3402945101261139,0.06457913666963577,-0.10675349831581116,0.12589077651500702,0.9841670393943787,0,0,0,0,0,0,0,0,0,0,0,0,0,0
5.853097438812256,0,0.0,0.0,0.0,0.0,0.0,0.0,0.0,0.0,0.3,1.3086286783218384,0.20460005104541779,0.3402945101261139,0.06457913666963577,-0.10675349831581116,0.12589077651500702,0.9841670393943787,0,0,0,0,0,0,0,0,0,0,0,0,0,0
5.8551225662231445,0,0.0,0.0,0.0,0.0,0.0,0.0,0.0,0.0,0.3,1.3086286783218384,0.20460005104541779,0.3402945101261139,0.06457913666963577,-0.10675349831581116,0.12589077651500702,0.9841670393943787,0,0,0,0,0,0,0,0,0,0,0,0,0,0
5.8574888706207275,0,0.0,0.0,0.0,0.0,0.0,0.0,0.0,0.0,0.3,1.3086286783218384,0.20460005104541779,0.3402945101261139,0.06457913666963577,-0.10675349831581116,0.12589077651500702,0.9841670393943787,0,0,0,0,0,0,0,0,0,0,0,0,0,0
5.858886241912842,0,0.0,0.0,0.0,0.0,0.0,0.0,0.0,0.0,0.3,1.3086286783218384,0.20460005104541779,0.3402945101261139,0.06457913666963577,-0.10675349831581116,0.12589077651500702,0.9841670393943787,0,0,0,0,0,0,0,0,0,0,0,0,0,0
5.860195875167847,0,0.0,0.0,0.0,0.0,0.0,0.0,0.0,0.0,0.3,1.3086286783218384,0.20460005104541779,0.3402945101261139,0.06457913666963577,-0.10675349831581116,0.12589077651500702,0.9841670393943787,0,0,0,0,0,0,0,0,0,0,0,0,0,0
5.8618762493133545,0,0.0,0.0,0.0,0.0,0.0,0.0,0.0,0.0,0.3,1.3086286783218384,0.20460005104541779,0.3402945101261139,0.06457913666963577,-0.10675349831581116,0.12589077651500702,0.9841670393943787,0,0,0,0,0,0,0,0,0,0,0,0,0,0
5.862969398498535,0,0.0,0.0,0.0,0.0,0.0,0.0,0.0,0.0,0.3,1.3086286783218384,0.20460005104541779,0.3402945101261139,0.06457913666963577,-0.10675349831581116,0.12589077651500702,0.9841670393943787,0,0,0,0,0,0,0,0,0,0,0,0,0,0
5.864151477813721,0,0.0,0.0,0.0,0.0,0.0,0.0,0.0,0.0,0.3,1.3086286783218384,0.20460005104541779,0.3402945101261139,0.06457913666963577,-0.10675349831581116,0.12589077651500702,0.9841670393943787,0,0,0,0,0,0,0,0,0,0,0,0,0,0
5.865251779556274,0,0.0,0.0,0.0,0.0,0.0,0.0,0.0,0.0,0.3,1.3086286783218384,0.20460005104541779,0.3402945101261139,0.06457913666963577,-0.10675349831581116,0.12589077651500702,0.9841670393943787,0,0,0,0,0,0,0,0,0,0,0,0,0,0
5.866624355316162,0,0.0,0.0,0.0,0.0,0.0,0.0,0.0,0.0,0.3,1.3086286783218384,0.20460005104541779,0.3402945101261139,0.06457913666963577,-0.10675349831581116,0.12589077651500702,0.9841670393943787,0,0,0,0,0,0,0,0,0,0,0,0,0,0
5.867706298828125,0,0.0,0.0,0.0,0.0,0.0,0.0,0.0,0.0,0.3,1.3086286783218384,0.20460005104541779,0.3402945101261139,0.06457913666963577,-0.10675349831581116,0.12589077651500702,0.9841670393943787,0,0,0,0,0,0,0,0,0,0,0,0,0,0
5.869035959243774,0,0.0,0.0,0.0,0.0,0.0,0.0,0.0,0.0,0.3,1.3086286783218384,0.20460005104541779,0.3402945101261139,0.06457913666963577,-0.10675349831581116,0.12589077651500702,0.9841670393943787,0,0,0,0,0,0,0,0,0,0,0,0,0,0
5.8712382316589355,0,0.0,0.0,0.0,0.0,0.0,0.0,0.0,0.0,0.3,1.3086286783218384,0.20460005104541779,0.3402945101261139,0.06457913666963577,-0.10675349831581116,0.12589077651500702,0.9841670393943787,0,0,0,0,0,0,0,0,0,0,0,0,0,0
5.874160289764404,0,0.0,0.0,0.0,0.0,0.0,0.0,0.0,0.0,0.3,1.3086286783218384,0.20460005104541779,0.3402945101261139,0.06457913666963577,-0.10675349831581116,0.12589077651500702,0.9841670393943787,0,0,0,0,0,0,0,0,0,0,0,0,0,0
5.875365734100342,0,0.0,0.0,0.0,0.0,0.0,0.0,0.0,0.0,0.3,1.3086286783218384,0.20460005104541779,0.3402945101261139,0.06457913666963577,-0.10675349831581116,0.12589077651500702,0.9841670393943787,0,0,0,0,0,0,0,0,0,0,0,0,0,0
5.876459836959839,0,0.0,0.0,0.0,0.0,0.0,0.0,0.0,0.0,0.3,1.3086286783218384,0.20460005104541779,0.3402945101261139,0.06457913666963577,-0.10675349831581116,0.12589077651500702,0.9841670393943787,0,0,0,0,0,0,0,0,0,0,0,0,0,0
5.8775858879089355,0,0.0,0.0,0.0,0.0,0.0,0.0,0.0,0.0,0.3,1.3086286783218384,0.20460005104541779,0.3402945101261139,0.06457913666963577,-0.10675349831581116,0.12589077651500702,0.9841670393943787,0,0,0,0,0,0,0,0,0,0,0,0,0,0
5.878897190093994,0,0.0,0.0,0.0,0.0,0.0,0.0,0.0,0.0,0.3,1.3086286783218384,0.20460005104541779,0.3402945101261139,0.06457913666963577,-0.10675349831581116,0.12589077651500702,0.9841670393943787,0,0,0,0,0,0,0,0,0,0,0,0,0,0
5.8800764083862305,0,0.0,0.0,0.0,0.0,0.0,0.0,0.0,0.0,0.3,1.3086286783218384,0.20460005104541779,0.3402945101261139,0.06457913666963577,-0.10675349831581116,0.12589077651500702,0.9841670393943787,0,0,0,0,0,0,0,0,0,0,0,0,0,0
5.881430387496948,0,0.0,0.0,0.0,0.0,0.0,0.0,0.0,0.0,0.3,1.3086286783218384,0.20460005104541779,0.3402945101261139,0.06457913666963577,-0.10675349831581116,0.12589077651500702,0.9841670393943787,0,0,0,0,0,0,0,0,0,0,0,0,0,0
5.882785081863403,0,0.0,0.0,0.0,0.0,0.0,0.0,0.0,0.0,0.3,1.3086286783218384,0.20460005104541779,0.3402945101261139,0.06457913666963577,-0.10675349831581116,0.12589077651500702,0.9841670393943787,0,0,0,0,0,0,0,0,0,0,0,0,0,0
5.885401964187622,0,0.0,0.0,0.0,0.0,0.0,0.0,0.0,0.0,0.3,1.3086286783218384,0.20460005104541779,0.3402945101261139,0.06457913666963577,-0.10675349831581116,0.12589077651500702,0.9841670393943787,0,0,0,0,0,0,0,0,0,0,0,0,0,0
5.886555433273315,0,0.0,0.0,0.0,0.0,0.0,0.0,0.0,0.0,0.3,1.3086286783218384,0.20460005104541779,0.3402945101261139,0.06457913666963577,-0.10675349831581116,0.12589077651500702,0.9841670393943787,0,0,0,0,0,0,0,0,0,0,0,0,0,0
5.887913942337036,0,0.0,0.0,0.0,0.0,0.0,0.0,0.0,0.0,0.3,1.3086286783218384,0.20460005104541779,0.3402945101261139,0.06457913666963577,-0.10675349831581116,0.12589077651500702,0.9841670393943787,0,0,0,0,0,0,0,0,0,0,0,0,0,0
5.888978004455566,0,0.0,0.0,0.0,0.0,0.0,0.0,0.0,0.0,0.3,1.3086286783218384,0.20460005104541779,0.3402945101261139,0.06457913666963577,-0.10675349831581116,0.12589077651500702,0.9841670393943787,0,0,0,0,0,0,0,0,0,0,0,0,0,0
5.8925487995147705,0,0.0,0.0,0.0,0.0,0.0,0.0,0.0,0.0,0.3,1.3086286783218384,0.20460005104541779,0.3402945101261139,0.06457913666963577,-0.10675349831581116,0.12589077651500702,0.9841670393943787,0,0,0,0,0,0,0,0,0,0,0,0,0,0
5.893871545791626,0,0.0,0.0,0.0,0.0,0.0,0.0,0.0,0.0,0.3,1.3086286783218384,0.20460005104541779,0.3402945101261139,0.06457913666963577,-0.10675349831581116,0.12589077651500702,0.9841670393943787,0,0,0,0,0,0,0,0,0,0,0,0,0,0
5.895200490951538,0,0.0,0.0,0.0,0.0,0.0,0.0,0.0,0.0,0.3,1.3086286783218384,0.20460005104541779,0.3402945101261139,0.06457913666963577,-0.10675349831581116,0.12589077651500702,0.9841670393943787,0,0,0,0,0,0,0,0,0,0,0,0,0,0
5.896335124969482,0,0.0,0.0,0.0,0.0,0.0,0.0,0.0,0.0,0.3,1.3086286783218384,0.20460005104541779,0.3402945101261139,0.06457913666963577,-0.10675349831581116,0.12589077651500702,0.9841670393943787,0,0,0,0,0,0,0,0,0,0,0,0,0,0
5.897649526596069,0,0.0,0.0,0.0,0.0,0.0,0.0,0.0,0.0,0.3,1.3086286783218384,0.20460005104541779,0.3402945101261139,0.06457913666963577,-0.10675349831581116,0.12589077651500702,0.9841670393943787,0,0,0,0,0,0,0,0,0,0,0,0,0,0
5.899100065231323,0,0.0,0.0,0.0,0.0,0.0,0.0,0.0,0.0,0.3,1.3086286783218384,0.20460005104541779,0.3402945101261139,0.06457913666963577,-0.10675349831581116,0.12589077651500702,0.9841670393943787,0,0,0,0,0,0,0,0,0,0,0,0,0,0
5.900242567062378,0,0.0,0.0,0.0,0.0,0.0,0.0,0.0,0.0,0.3,1.3086286783218384,0.20460005104541779,0.3402945101261139,0.06457913666963577,-0.10675349831581116,0.12589077651500702,0.9841670393943787,0,0,0,0,0,0,0,0,0,0,0,0,0,0
5.901554822921753,0,0.0,0.0,0.0,0.0,0.0,0.0,0.0,0.0,0.3,1.3086286783218384,0.20460005104541779,0.3402945101261139,0.06457913666963577,-0.10675349831581116,0.12589077651500702,0.9841670393943787,0,0,0,0,0,0,0,0,0,0,0,0,0,0
5.902721405029297,0,0.0,0.0,0.0,0.0,0.0,0.0,0.0,0.0,0.3,1.3086286783218384,0.20460005104541779,0.3402945101261139,0.06457913666963577,-0.10675349831581116,0.12589077651500702,0.9841670393943787,0,0,0,0,0,0,0,0,0,0,0,0,0,0
5.903807878494263,0,0.0,0.0,0.0,0.0,0.0,0.0,0.0,0.0,0.3,1.3086286783218384,0.20460005104541779,0.3402945101261139,0.06457913666963577,-0.10675349831581116,0.12589077651500702,0.9841670393943787,0,0,0,0,0,0,0,0,0,0,0,0,0,0
5.9049060344696045,0,0.0,0.0,0.0,0.0,0.0,0.0,0.0,0.0,0.3,1.3086286783218384,0.20460005104541779,0.3402945101261139,0.06457913666963577,-0.10675349831581116,0.12589077651500702,0.9841670393943787,0,0,0,0,0,0,0,0,0,0,0,0,0,0
5.906180381774902,0,0.0,0.0,0.0,0.0,0.0,0.0,0.0,0.0,0.3,1.3086286783218384,0.20460005104541779,0.3402945101261139,0.06457913666963577,-0.10675349831581116,0.12589077651500702,0.9841670393943787,0,0,0,0,0,0,0,0,0,0,0,0,0,0
5.908277750015259,0,0.0,0.0,0.0,0.0,0.0,0.0,0.0,0.0,0.3,1.3086286783218384,0.20460005104541779,0.3402945101261139,0.06457913666963577,-0.10675349831581116,0.12589077651500702,0.9841670393943787,0,0,0,0,0,0,0,0,0,0,0,0,0,0
5.910192012786865,0,0.0,0.0,0.0,0.0,0.0,0.0,0.0,0.0,0.3,1.3086286783218384,0.20460005104541779,0.3402945101261139,0.06457913666963577,-0.10675349831581116,0.12589077651500702,0.9841670393943787,0,0,0,0,0,0,0,0,0,0,0,0,0,0
5.913982391357422,0,0.0,0.0,0.0,0.0,0.0,0.0,0.0,0.0,0.3,1.3086286783218384,0.20460005104541779,0.3402945101261139,0.06457913666963577,-0.10675349831581116,0.12589077651500702,0.9841670393943787,0,0,0,0,0,0,0,0,0,0,0,0,0,0
5.91534686088562,0,0.0,0.0,0.0,0.0,0.0,0.0,0.0,0.0,0.3,1.3086286783218384,0.20460005104541779,0.3402945101261139,0.06457913666963577,-0.10675349831581116,0.12589077651500702,0.9841670393943787,0,0,0,0,0,0,0,0,0,0,0,0,0,0
5.91683554649353,0,0.0,0.0,0.0,0.0,0.0,0.0,0.0,0.0,0.3,1.3086286783218384,0.20460005104541779,0.3402945101261139,0.06457913666963577,-0.10675349831581116,0.12589077651500702,0.9841670393943787,0,0,0,0,0,0,0,0,0,0,0,0,0,0
5.918162822723389,0,0.0,0.0,0.0,0.0,0.0,0.0,0.0,0.0,0.3,1.3086286783218384,0.20460005104541779,0.3402945101261139,0.06457913666963577,-0.10675349831581116,0.12589077651500702,0.9841670393943787,0,0,0,0,0,0,0,0,0,0,0,0,0,0
5.92068886756897,0,0.0,0.0,0.0,0.0,0.0,0.0,0.0,0.0,0.3,1.3086286783218384,0.20460005104541779,0.3402945101261139,0.06457913666963577,-0.10675349831581116,0.12589077651500702,0.9841670393943787,0,0,0,0,0,0,0,0,0,0,0,0,0,0
5.922462701797485,0,0.0,0.0,0.0,0.0,0.0,0.0,0.0,0.0,0.3,1.3086286783218384,0.20460005104541779,0.3402945101261139,0.06457913666963577,-0.10675349831581116,0.12589077651500702,0.9841670393943787,0,0,0,0,0,0,0,0,0,0,0,0,0,0
5.923564434051514,0,0.0,0.0,0.0,0.0,0.0,0.0,0.0,0.0,0.3,1.3086286783218384,0.20460005104541779,0.3402945101261139,0.06457913666963577,-0.10675349831581116,0.12589077651500702,0.9841670393943787,0,0,0,0,0,0,0,0,0,0,0,0,0,0
5.9247119426727295,0,0.0,0.0,0.0,0.0,0.0,0.0,0.0,0.0,0.3,1.3086286783218384,0.20460005104541779,0.3402945101261139,0.06457913666963577,-0.10675349831581116,0.12589077651500702,0.9841670393943787,0,0,0,0,0,0,0,0,0,0,0,0,0,0
5.925905466079712,0,0.0,0.0,0.0,0.0,0.0,0.0,0.0,0.0,0.3,1.3086286783218384,0.20460005104541779,0.3402945101261139,0.06457913666963577,-0.10675349831581116,0.12589077651500702,0.9841670393943787,0,0,0,0,0,0,0,0,0,0,0,0,0,0
5.927224397659302,0,0.0,0.0,0.0,0.0,0.0,0.0,0.0,0.0,0.3,1.3086286783218384,0.20460005104541779,0.3402945101261139,0.06457913666963577,-0.10675349831581116,0.12589077651500702,0.9841670393943787,0,0,0,0,0,0,0,0,0,0,0,0,0,0
5.928401470184326,0,0.0,0.0,0.0,0.0,0.0,0.0,0.0,0.0,0.3,1.3086286783218384,0.20460005104541779,0.3402945101261139,0.06457913666963577,-0.10675349831581116,0.12589077651500702,0.9841670393943787,0,0,0,0,0,0,0,0,0,0,0,0,0,0
5.9294657707214355,0,0.0,0.0,0.0,0.0,0.0,0.0,0.0,0.0,0.3,1.3086286783218384,0.20460005104541779,0.3402945101261139,0.06457913666963577,-0.10675349831581116,0.12589077651500702,0.9841670393943787,0,0,0,0,0,0,0,0,0,0,0,0,0,0
5.931102991104126,0,0.0,0.0,0.0,0.0,0.0,0.0,0.0,0.0,0.3,1.3086286783218384,0.20460005104541779,0.3402945101261139,0.06457913666963577,-0.10675349831581116,0.12589077651500702,0.9841670393943787,0,0,0,0,0,0,0,0,0,0,0,0,0,0
5.933237314224243,0,0.0,0.0,0.0,0.0,0.0,0.0,0.0,0.0,0.3,1.3086286783218384,0.20460005104541779,0.3402945101261139,0.06457913666963577,-0.10675349831581116,0.12589077651500702,0.9841670393943787,0,0,0,0,0,0,0,0,0,0,0,0,0,0
5.936025857925415,0,0.0,0.0,0.0,0.0,0.0,0.0,0.0,0.0,0.3,1.3086286783218384,0.20460005104541779,0.3402945101261139,0.06457913666963577,-0.10675349831581116,0.12589077651500702,0.9841670393943787,0,0,0,0,0,0,0,0,0,0,0,0,0,0
5.937219142913818,0,0.0,0.0,0.0,0.0,0.0,0.0,0.0,0.0,0.3,1.3086286783218384,0.20460005104541779,0.3402945101261139,0.06457913666963577,-0.10675349831581116,0.12589077651500702,0.9841670393943787,0,0,0,0,0,0,0,0,0,0,0,0,0,0
5.939502716064453,0,0.0,0.0,0.0,0.0,0.0,0.0,0.0,0.0,0.3,1.3086286783218384,0.20460005104541779,0.3402945101261139,0.06457913666963577,-0.10675349831581116,0.12589077651500702,0.9841670393943787,0,0,0,0,0,0,0,0,0,0,0,0,0,0
5.940755844116211,0,0.0,0.0,0.0,0.0,0.0,0.0,0.0,0.0,0.3,1.3086286783218384,0.20460005104541779,0.3402945101261139,0.06457913666963577,-0.10675349831581116,0.12589077651500702,0.9841670393943787,0,0,0,0,0,0,0,0,0,0,0,0,0,0
5.942005395889282,0,0.0,0.0,0.0,0.0,0.0,0.0,0.0,0.0,0.3,1.3086286783218384,0.20460005104541779,0.3402945101261139,0.06457913666963577,-0.10675349831581116,0.12589077651500702,0.9841670393943787,0,0,0,0,0,0,0,0,0,0,0,0,0,0
5.943555116653442,0,0.0,0.0,0.0,0.0,0.0,0.0,0.0,0.0,0.3,1.3086286783218384,0.20460005104541779,0.3402945101261139,0.06457913666963577,-0.10675349831581116,0.12589077651500702,0.9841670393943787,0,0,0,0,0,0,0,0,0,0,0,0,0,0
5.944655895233154,0,0.0,0.0,0.0,0.0,0.0,0.0,0.0,0.0,0.3,1.3086286783218384,0.20460005104541779,0.3402945101261139,0.06457913666963577,-0.10675349831581116,0.12589077651500702,0.9841670393943787,0,0,0,0,0,0,0,0,0,0,0,0,0,0
5.945722341537476,0,0.0,0.0,0.0,0.0,0.0,0.0,0.0,0.0,0.3,1.3086286783218384,0.20460005104541779,0.3402945101261139,0.06457913666963577,-0.10675349831581116,0.12589077651500702,0.9841670393943787,0,0,0,0,0,0,0,0,0,0,0,0,0,0
5.946818113327026,0,0.0,0.0,0.0,0.0,0.0,0.0,0.0,0.0,0.3,1.3086286783218384,0.20460005104541779,0.3402945101261139,0.06457913666963577,-0.10675349831581116,0.12589077651500702,0.9841670393943787,0,0,0,0,0,0,0,0,0,0,0,0,0,0
5.948072671890259,0,0.0,0.0,0.0,0.0,0.0,0.0,0.0,0.0,0.3,1.3086286783218384,0.20460005104541779,0.3402945101261139,0.06457913666963577,-0.10675349831581116,0.12589077651500702,0.9841670393943787,0,0,0,0,0,0,0,0,0,0,0,0,0,0
5.954374313354492,0,0.0,0.0,0.0,0.0,0.0,0.0,0.0,0.0,0.3,1.3086286783218384,0.20460005104541779,0.3402945101261139,0.06457913666963577,-0.10675349831581116,0.12589077651500702,0.9841670393943787,0,0,0,0,0,0,0,0,0,0,0,0,0,0
5.955721616744995,0,0.0,0.0,0.0,0.0,0.0,0.0,0.0,0.0,0.3,1.3086286783218384,0.20460005104541779,0.3402945101261139,0.06457913666963577,-0.10675349831581116,0.12589077651500702,0.9841670393943787,0,0,0,0,0,0,0,0,0,0,0,0,0,0
5.957005977630615,0,0.0,0.0,0.0,0.0,0.0,0.0,0.0,0.0,0.3,1.3086286783218384,0.20460005104541779,0.3402945101261139,0.06457913666963577,-0.10675349831581116,0.12589077651500702,0.9841670393943787,0,0,0,0,0,0,0,0,0,0,0,0,0,0
5.95878005027771,0,0.0,0.0,0.0,0.0,0.0,0.0,0.0,0.0,0.3,1.3086286783218384,0.20460005104541779,0.3402945101261139,0.06457913666963577,-0.10675349831581116,0.12589077651500702,0.9841670393943787,0,0,0,0,0,0,0,0,0,0,0,0,0,0
5.9601569175720215,0,0.0,0.0,0.0,0.0,0.0,0.0,0.0,0.0,0.3,1.3086286783218384,0.20460005104541779,0.3402945101261139,0.06457913666963577,-0.10675349831581116,0.12589077651500702,0.9841670393943787,0,0,0,0,0,0,0,0,0,0,0,0,0,0
5.961679935455322,0,0.0,0.0,0.0,0.0,0.0,0.0,0.0,0.0,0.3,1.3086286783218384,0.20460005104541779,0.3402945101261139,0.06457913666963577,-0.10675349831581116,0.12589077651500702,0.9841670393943787,0,0,0,0,0,0,0,0,0,0,0,0,0,0
5.962844133377075,0,0.0,0.0,0.0,0.0,0.0,0.0,0.0,0.0,0.3,1.3086286783218384,0.20460005104541779,0.3402945101261139,0.06457913666963577,-0.10675349831581116,0.12589077651500702,0.9841670393943787,0,0,0,0,0,0,0,0,0,0,0,0,0,0
5.965700626373291,0,0.0,0.0,0.0,0.0,0.0,0.0,0.0,0.0,0.3,1.3086286783218384,0.20460005104541779,0.3402945101261139,0.06457913666963577,-0.10675349831581116,0.12589077651500702,0.9841670393943787,0,0,0,0,0,0,0,0,0,0,0,0,0,0
5.9672651290893555,0,0.0,0.0,0.0,0.0,0.0,0.0,0.0,0.0,0.3,1.3086286783218384,0.20460005104541779,0.3402945101261139,0.06457913666963577,-0.10675349831581116,0.12589077651500702,0.9841670393943787,0,0,0,0,0,0,0,0,0,0,0,0,0,0
5.968481063842773,0,0.0,0.0,0.0,0.0,0.0,0.0,0.0,0.0,0.3,1.3086286783218384,0.20460005104541779,0.3402945101261139,0.06457913666963577,-0.10675349831581116,0.12589077651500702,0.9841670393943787,0,0,0,0,0,0,0,0,0,0,0,0,0,0
5.971288204193115,0,0.0,0.0,0.0,0.0,0.0,0.0,0.0,0.0,0.3,1.3086286783218384,0.20460005104541779,0.3402945101261139,0.06457913666963577,-0.10675349831581116,0.12589077651500702,0.9841670393943787,0,0,0,0,0,0,0,0,0,0,0,0,0,0
5.972480058670044,0,0.0,0.0,0.0,0.0,0.0,0.0,0.0,0.0,0.3,1.3086286783218384,0.20460005104541779,0.3402945101261139,0.06457913666963577,-0.10675349831581116,0.12589077651500702,0.9841670393943787,0,0,0,0,0,0,0,0,0,0,0,0,0,0
5.973965644836426,0,0.0,0.0,0.0,0.0,0.0,0.0,0.0,0.0,0.3,1.3086286783218384,0.20460005104541779,0.3402945101261139,0.06457913666963577,-0.10675349831581116,0.12589077651500702,0.9841670393943787,0,0,0,0,0,0,0,0,0,0,0,0,0,0
5.9752037525177,0,0.0,0.0,0.0,0.0,0.0,0.0,0.0,0.0,0.3,1.3086286783218384,0.20460005104541779,0.3402945101261139,0.06457913666963577,-0.10675349831581116,0.12589077651500702,0.9841670393943787,0,0,0,0,0,0,0,0,0,0,0,0,0,0
5.977052211761475,0,0.0,0.0,0.0,0.0,0.0,0.0,0.0,0.0,0.3,1.3086286783218384,0.20460005104541779,0.3402945101261139,0.06457913666963577,-0.10675349831581116,0.12589077651500702,0.9841670393943787,0,0,0,0,0,0,0,0,0,0,0,0,0,0
5.9783501625061035,0,0.0,0.0,0.0,0.0,0.0,0.0,0.0,0.0,0.3,1.3086286783218384,0.20460005104541779,0.3402945101261139,0.06457913666963577,-0.10675349831581116,0.12589077651500702,0.9841670393943787,0,0,0,0,0,0,0,0,0,0,0,0,0,0
5.9795567989349365,0,0.0,0.0,0.0,0.0,0.0,0.0,0.0,0.0,0.3,1.3086286783218384,0.20460005104541779,0.3402945101261139,0.06457913666963577,-0.10675349831581116,0.12589077651500702,0.9841670393943787,0,0,0,0,0,0,0,0,0,0,0,0,0,0
5.980885982513428,0,0.0,0.0,0.0,0.0,0.0,0.0,0.0,0.0,0.3,1.3086286783218384,0.20460005104541779,0.3402945101261139,0.06457913666963577,-0.10675349831581116,0.12589077651500702,0.9841670393943787,0,0,0,0,0,0,0,0,0,0,0,0,0,0
5.982569694519043,0,0.0,0.0,0.0,0.0,0.0,0.0,0.0,0.0,0.3,1.3086286783218384,0.20460005104541779,0.3402945101261139,0.06457913666963577,-0.10675349831581116,0.12589077651500702,0.9841670393943787,0,0,0,0,0,0,0,0,0,0,0,0,0,0
5.983633756637573,0,0.0,0.0,0.0,0.0,0.0,0.0,0.0,0.0,0.3,1.3086286783218384,0.20460005104541779,0.3402945101261139,0.06457913666963577,-0.10675349831581116,0.12589077651500702,0.9841670393943787,0,0,0,0,0,0,0,0,0,0,0,0,0,0
5.984775543212891,0,0.0,0.0,0.0,0.0,0.0,0.0,0.0,0.0,0.3,1.3086286783218384,0.20460005104541779,0.3402945101261139,0.06457913666963577,-0.10675349831581116,0.12589077651500702,0.9841670393943787,0,0,0,0,0,0,0,0,0,0,0,0,0,0
5.985915660858154,0,0.0,0.0,0.0,0.0,0.0,0.0,0.0,0.0,0.3,1.3086286783218384,0.20460005104541779,0.3402945101261139,0.06457913666963577,-0.10675349831581116,0.12589077651500702,0.9841670393943787,0,0,0,0,0,0,0,0,0,0,0,0,0,0
5.987087965011597,0,0.0,0.0,0.0,0.0,0.0,0.0,0.0,0.0,0.3,1.3086286783218384,0.20460005104541779,0.3402945101261139,0.06457913666963577,-0.10675349831581116,0.12589077651500702,0.9841670393943787,0,0,0,0,0,0,0,0,0,0,0,0,0,0
5.9883856773376465,0,0.0,0.0,0.0,0.0,0.0,0.0,0.0,0.0,0.3,1.3086286783218384,0.20460005104541779,0.3402945101261139,0.06457913666963577,-0.10675349831581116,0.12589077651500702,0.9841670393943787,0,0,0,0,0,0,0,0,0,0,0,0,0,0
5.989475250244141,0,0.0,0.0,0.0,0.0,0.0,0.0,0.0,0.0,0.3,1.3086286783218384,0.20460005104541779,0.3402945101261139,0.06457913666963577,-0.10675349831581116,0.12589077651500702,0.9841670393943787,0,0,0,0,0,0,0,0,0,0,0,0,0,0
5.991211414337158,0,0.0,0.0,0.0,0.0,0.0,0.0,0.0,0.0,0.3,1.3086286783218384,0.20460005104541779,0.3402945101261139,0.06457913666963577,-0.10675349831581116,0.12589077651500702,0.9841670393943787,0,0,0,0,0,0,0,0,0,0,0,0,0,0
5.993506908416748,0,0.0,0.0,0.0,0.0,0.0,0.0,0.0,0.0,0.3,1.3086286783218384,0.20460005104541779,0.3402945101261139,0.06457913666963577,-0.10675349831581116,0.12589077651500702,0.9841670393943787,0,0,0,0,0,0,0,0,0,0,0,0,0,0
5.995047092437744,0,0.0,0.0,0.0,0.0,0.0,0.0,0.0,0.0,0.3,1.3086286783218384,0.20460005104541779,0.3402945101261139,0.06457913666963577,-0.10675349831581116,0.12589077651500702,0.9841670393943787,0,0,0,0,0,0,0,0,0,0,0,0,0,0
5.996477365493774,0,0.0,0.0,0.0,0.0,0.0,0.0,0.0,0.0,0.3,1.3086286783218384,0.20460005104541779,0.3402945101261139,0.06457913666963577,-0.10675349831581116,0.12589077651500702,0.9841670393943787,0,0,0,0,0,0,0,0,0,0,0,0,0,0
5.997815370559692,0,0.0,0.0,0.0,0.0,0.0,0.0,0.0,0.0,0.3,1.3086286783218384,0.20460005104541779,0.3402945101261139,0.06457913666963577,-0.10675349831581116,0.12589077651500702,0.9841670393943787,0,0,0,0,0,0,0,0,0,0,0,0,0,0
5.999083757400513,0,0.0,0.0,0.0,0.0,0.0,0.0,0.0,0.0,0.3,1.3086286783218384,0.20460005104541779,0.3402945101261139,0.06457913666963577,-0.10675349831581116,0.12589077651500702,0.9841670393943787,0,0,0,0,0,0,0,0,0,0,0,0,0,0
6.000274181365967,0,0.0,0.0,0.0,0.0,0.0,0.0,0.0,0.0,0.3,1.3086286783218384,0.20460005104541779,0.3402945101261139,0.06457913666963577,-0.10675349831581116,0.12589077651500702,0.9841670393943787,0,0,0,0,0,0,0,0,0,0,0,0,0,0
6.0013813972473145,0,0.0,0.0,0.0,0.0,0.0,0.0,0.0,0.0,0.3,1.3086286783218384,0.20460005104541779,0.3402945101261139,0.06457913666963577,-0.10675349831581116,0.12589077651500702,0.9841670393943787,0,0,0,0,0,0,0,0,0,0,0,0,0,0
6.002774715423584,0,0.0,0.0,0.0,0.0,0.0,0.0,0.0,0.0,0.3,1.3086286783218384,0.20460005104541779,0.3402945101261139,0.06457913666963577,-0.10675349831581116,0.12589077651500702,0.9841670393943787,0,0,0,0,0,0,0,0,0,0,0,0,0,0
6.004295587539673,0,0.0,0.0,0.0,0.0,0.0,0.0,0.0,0.0,0.3,1.3086286783218384,0.20460005104541779,0.3402945101261139,0.06457913666963577,-0.10675349831581116,0.12589077651500702,0.9841670393943787,0,0,0,0,0,0,0,0,0,0,0,0,0,0
6.005414962768555,0,0.0,0.0,0.0,0.0,0.0,0.0,0.0,0.0,0.3,1.3086286783218384,0.20460005104541779,0.3402945101261139,0.06457913666963577,-0.10675349831581116,0.12589077651500702,0.9841670393943787,0,0,0,0,0,0,0,0,0,0,0,0,0,0
6.006626844406128,0,0.0,0.0,0.0,0.0,0.0,0.0,0.0,0.0,0.3,1.3086286783218384,0.20460005104541779,0.3402945101261139,0.06457913666963577,-0.10675349831581116,0.12589077651500702,0.9841670393943787,0,0,0,0,0,0,0,0,0,0,0,0,0,0
6.008005380630493,0,0.0,0.0,0.0,0.0,0.0,0.0,0.0,0.0,0.3,1.3086286783218384,0.20460005104541779,0.3402945101261139,0.06457913666963577,-0.10675349831581116,0.12589077651500702,0.9841670393943787,0,0,0,0,0,0,0,0,0,0,0,0,0,0
6.00922155380249,0,0.0,0.0,0.0,0.0,0.0,0.0,0.0,0.0,0.3,1.3086286783218384,0.20460005104541779,0.3402945101261139,0.06457913666963577,-0.10675349831581116,0.12589077651500702,0.9841670393943787,0,0,0,0,0,0,0,0,0,0,0,0,0,0
6.011220455169678,0,0.0,0.0,0.0,0.0,0.0,0.0,0.0,0.0,0.3,1.3086286783218384,0.20460005104541779,0.3402945101261139,0.06457913666963577,-0.10675349831581116,0.12589077651500702,0.9841670393943787,0,0,0,0,0,0,0,0,0,0,0,0,0,0
6.012922048568726,0,0.0,0.0,0.0,0.0,0.0,0.0,0.0,0.0,0.3,1.3086286783218384,0.20460005104541779,0.3402945101261139,0.06457913666963577,-0.10675349831581116,0.12589077651500702,0.9841670393943787,0,0,0,0,0,0,0,0,0,0,0,0,0,0
6.014183759689331,0,0.0,0.0,0.0,0.0,0.0,0.0,0.0,0.0,0.3,1.3086286783218384,0.20460005104541779,0.3402945101261139,0.06457913666963577,-0.10675349831581116,0.12589077651500702,0.9841670393943787,0,0,0,0,0,0,0,0,0,0,0,0,0,0
6.015418291091919,0,0.0,0.0,0.0,0.0,0.0,0.0,0.0,0.0,0.3,1.3086286783218384,0.20460005104541779,0.3402945101261139,0.06457913666963577,-0.10675349831581116,0.12589077651500702,0.9841670393943787,0,0,0,0,0,0,0,0,0,0,0,0,0,0
6.017043590545654,0,0.0,0.0,0.0,0.0,0.0,0.0,0.0,0.0,0.3,1.3086286783218384,0.20460005104541779,0.3402945101261139,0.06457913666963577,-0.10675349831581116,0.12589077651500702,0.9841670393943787,0,0,0,0,0,0,0,0,0,0,0,0,0,0
6.018491983413696,0,0.0,0.0,0.0,0.0,0.0,0.0,0.0,0.0,0.3,1.3086286783218384,0.20460005104541779,0.3402945101261139,0.06457913666963577,-0.10675349831581116,0.12589077651500702,0.9841670393943787,0,0,0,0,0,0,0,0,0,0,0,0,0,0
6.01965069770813,0,0.0,0.0,0.0,0.0,0.0,0.0,0.0,0.0,0.3,1.3086286783218384,0.20460005104541779,0.3402945101261139,0.06457913666963577,-0.10675349831581116,0.12589077651500702,0.9841670393943787,0,0,0,0,0,0,0,0,0,0,0,0,0,0
6.020773410797119,0,0.0,0.0,0.0,0.0,0.0,0.0,0.0,0.0,0.3,1.3086286783218384,0.20460005104541779,0.3402945101261139,0.06457913666963577,-0.10675349831581116,0.12589077651500702,0.9841670393943787,0,0,0,0,0,0,0,0,0,0,0,0,0,0
6.022176504135132,0,0.0,0.0,0.0,0.0,0.0,0.0,0.0,0.0,0.3,1.3086286783218384,0.20460005104541779,0.3402945101261139,0.06457913666963577,-0.10675349831581116,0.12589077651500702,0.9841670393943787,0,0,0,0,0,0,0,0,0,0,0,0,0,0
6.0232627391815186,0,0.0,0.0,0.0,0.0,0.0,0.0,0.0,0.0,0.3,1.3086286783218384,0.20460005104541779,0.3402945101261139,0.06457913666963577,-0.10675349831581116,0.12589077651500702,0.9841670393943787,0,0,0,0,0,0,0,0,0,0,0,0,0,0
6.025001287460327,0,0.0,0.0,0.0,0.0,0.0,0.0,0.0,0.0,0.3,1.3086286783218384,0.20460005104541779,0.3402945101261139,0.06457913666963577,-0.10675349831581116,0.12589077651500702,0.9841670393943787,0,0,0,0,0,0,0,0,0,0,0,0,0,0
6.0262131690979,0,0.0,0.0,0.0,0.0,0.0,0.0,0.0,0.0,0.3,1.3086286783218384,0.20460005104541779,0.3402945101261139,0.06457913666963577,-0.10675349831581116,0.12589077651500702,0.9841670393943787,0,0,0,0,0,0,0,0,0,0,0,0,0,0
6.027472972869873,0,0.0,0.0,0.0,0.0,0.0,0.0,0.0,0.0,0.3,1.3086286783218384,0.20460005104541779,0.3402945101261139,0.06457913666963577,-0.10675349831581116,0.12589077651500702,0.9841670393943787,0,0,0,0,0,0,0,0,0,0,0,0,0,0
6.029585123062134,0,0.0,0.0,0.0,0.0,0.0,0.0,0.0,0.0,0.3,1.3086286783218384,0.20460005104541779,0.3402945101261139,0.06457913666963577,-0.10675349831581116,0.12589077651500702,0.9841670393943787,0,0,0,0,0,0,0,0,0,0,0,0,0,0
6.031365156173706,0,0.0,0.0,0.0,0.0,0.0,0.0,0.0,0.0,0.3,1.3086286783218384,0.20460005104541779,0.3402945101261139,0.06457913666963577,-0.10675349831581116,0.12589077651500702,0.9841670393943787,0,0,0,0,0,0,0,0,0,0,0,0,0,0
6.033661603927612,0,0.0,0.0,0.0,0.0,0.0,0.0,0.0,0.0,0.3,1.3086286783218384,0.20460005104541779,0.3402945101261139,0.06457913666963577,-0.10675349831581116,0.12589077651500702,0.9841670393943787,0,0,0,0,0,0,0,0,0,0,0,0,0,0
6.03478217124939,0,0.0,0.0,0.0,0.0,0.0,0.0,0.0,0.0,0.3,1.3086286783218384,0.20460005104541779,0.3402945101261139,0.06457913666963577,-0.10675349831581116,0.12589077651500702,0.9841670393943787,0,0,0,0,0,0,0,0,0,0,0,0,0,0
6.036662340164185,0,0.0,0.0,0.0,0.0,0.0,0.0,0.0,0.0,0.3,1.3086286783218384,0.20460005104541779,0.3402945101261139,0.06457913666963577,-0.10675349831581116,0.12589077651500702,0.9841670393943787,0,0,0,0,0,0,0,0,0,0,0,0,0,0
6.038815975189209,0,0.0,0.0,0.0,0.0,0.0,0.0,0.0,0.0,0.3,1.3086286783218384,0.20460005104541779,0.3402945101261139,0.06457913666963577,-0.10675349831581116,0.12589077651500702,0.9841670393943787,0,0,0,0,0,0,0,0,0,0,0,0,0,0
6.039935827255249,0,0.0,0.0,0.0,0.0,0.0,0.0,0.0,0.0,0.3,1.3086286783218384,0.20460005104541779,0.3402945101261139,0.06457913666963577,-0.10675349831581116,0.12589077651500702,0.9841670393943787,0,0,0,0,0,0,0,0,0,0,0,0,0,0
6.041622638702393,0,0.0,0.0,0.0,0.0,0.0,0.0,0.0,0.0,0.3,1.3086286783218384,0.20460005104541779,0.3402945101261139,0.06457913666963577,-0.10675349831581116,0.12589077651500702,0.9841670393943787,0,0,0,0,0,0,0,0,0,0,0,0,0,0
6.043233871459961,0,0.0,0.0,0.0,0.0,0.0,0.0,0.0,0.0,0.3,1.3086286783218384,0.20460005104541779,0.3402945101261139,0.06457913666963577,-0.10675349831581116,0.12589077651500702,0.9841670393943787,0,0,0,0,0,0,0,0,0,0,0,0,0,0
6.044323682785034,0,0.0,0.0,0.0,0.0,0.0,0.0,0.0,0.0,0.3,1.3086286783218384,0.20460005104541779,0.3402945101261139,0.06457913666963577,-0.10675349831581116,0.12589077651500702,0.9841670393943787,0,0,0,0,0,0,0,0,0,0,0,0,0,0
6.045488357543945,0,0.0,0.0,0.0,0.0,0.0,0.0,0.0,0.0,0.3,1.3086286783218384,0.20460005104541779,0.3402945101261139,0.06457913666963577,-0.10675349831581116,0.12589077651500702,0.9841670393943787,0,0,0,0,0,0,0,0,0,0,0,0,0,0
6.046590566635132,0,0.0,0.0,0.0,0.0,0.0,0.0,0.0,0.0,0.3,1.3086286783218384,0.20460005104541779,0.3402945101261139,0.06457913666963577,-0.10675349831581116,0.12589077651500702,0.9841670393943787,0,0,0,0,0,0,0,0,0,0,0,0,0,0
6.047736883163452,0,0.0,0.0,0.0,0.0,0.0,0.0,0.0,0.0,0.3,1.3086286783218384,0.20460005104541779,0.3402945101261139,0.06457913666963577,-0.10675349831581116,0.12589077651500702,0.9841670393943787,0,0,0,0,0,0,0,0,0,0,0,0,0,0
6.04882287979126,0,0.0,0.0,0.0,0.0,0.0,0.0,0.0,0.0,0.3,1.3086286783218384,0.20460005104541779,0.3402945101261139,0.06457913666963577,-0.10675349831581116,0.12589077651500702,0.9841670393943787,0,0,0,0,0,0,0,0,0,0,0,0,0,0
6.05165433883667,0,0.0,0.0,0.0,0.0,0.0,0.0,0.0,0.0,0.3,1.3086286783218384,0.20460005104541779,0.3402945101261139,0.06457913666963577,-0.10675349831581116,0.12589077651500702,0.9841670393943787,0,0,0,0,0,0,0,0,0,0,0,0,0,0
6.053200006484985,0,0.0,0.0,0.0,0.0,0.0,0.0,0.0,0.0,0.3,1.3086286783218384,0.20460005104541779,0.3402945101261139,0.06457913666963577,-0.10675349831581116,0.12589077651500702,0.9841670393943787,0,0,0,0,0,0,0,0,0,0,0,0,0,0
6.054603099822998,0,0.0,0.0,0.0,0.0,0.0,0.0,0.0,0.0,0.3,1.3086286783218384,0.20460005104541779,0.3402945101261139,0.06457913666963577,-0.10675349831581116,0.12589077651500702,0.9841670393943787,0,0,0,0,0,0,0,0,0,0,0,0,0,0
6.0559611320495605,0,0.0,0.0,0.0,0.0,0.0,0.0,0.0,0.0,0.3,1.3086286783218384,0.20460005104541779,0.3402945101261139,0.06457913666963577,-0.10675349831581116,0.12589077651500702,0.9841670393943787,0,0,0,0,0,0,0,0,0,0,0,0,0,0
6.057069540023804,0,0.0,0.0,0.0,0.0,0.0,0.0,0.0,0.0,0.3,1.3086286783218384,0.20460005104541779,0.3402945101261139,0.06457913666963577,-0.10675349831581116,0.12589077651500702,0.9841670393943787,0,0,0,0,0,0,0,0,0,0,0,0,0,0
6.0588836669921875,0,0.0,0.0,0.0,0.0,0.0,0.0,0.0,0.0,0.3,1.3086286783218384,0.20460005104541779,0.3402945101261139,0.06457913666963577,-0.10675349831581116,0.12589077651500702,0.9841670393943787,0,0,0,0,0,0,0,0,0,0,0,0,0,0
6.060485124588013,0,0.0,0.0,0.0,0.0,0.0,0.0,0.0,0.0,0.3,1.3086286783218384,0.20460005104541779,0.3402945101261139,0.06457913666963577,-0.10675349831581116,0.12589077651500702,0.9841670393943787,0,0,0,0,0,0,0,0,0,0,0,0,0,0
6.061640977859497,0,0.0,0.0,0.0,0.0,0.0,0.0,0.0,0.0,0.3,1.3086286783218384,0.20460005104541779,0.3402945101261139,0.06457913666963577,-0.10675349831581116,0.12589077651500702,0.9841670393943787,0,0,0,0,0,0,0,0,0,0,0,0,0,0
6.06301474571228,0,0.0,0.0,0.0,0.0,0.0,0.0,0.0,0.0,0.3,1.3086286783218384,0.20460005104541779,0.3402945101261139,0.06457913666963577,-0.10675349831581116,0.12589077651500702,0.9841670393943787,0,0,0,0,0,0,0,0,0,0,0,0,0,0
6.064577579498291,0,0.0,0.0,0.0,0.0,0.0,0.0,0.0,0.0,0.3,1.3086286783218384,0.20460005104541779,0.3402945101261139,0.06457913666963577,-0.10675349831581116,0.12589077651500702,0.9841670393943787,0,0,0,0,0,0,0,0,0,0,0,0,0,0
6.065787315368652,0,0.0,0.0,0.0,0.0,0.0,0.0,0.0,0.0,0.3,1.3086286783218384,0.20460005104541779,0.3402945101261139,0.06457913666963577,-0.10675349831581116,0.12589077651500702,0.9841670393943787,0,0,0,0,0,0,0,0,0,0,0,0,0,0
6.066897392272949,0,0.0,0.0,0.0,0.0,0.0,0.0,0.0,0.0,0.3,1.3086286783218384,0.20460005104541779,0.3402945101261139,0.06457913666963577,-0.10675349831581116,0.12589077651500702,0.9841670393943787,0,0,0,0,0,0,0,0,0,0,0,0,0,0
6.067957401275635,0,0.0,0.0,0.0,0.0,0.0,0.0,0.0,0.0,0.3,1.3086286783218384,0.20460005104541779,0.3402945101261139,0.06457913666963577,-0.10675349831581116,0.12589077651500702,0.9841670393943787,0,0,0,0,0,0,0,0,0,0,0,0,0,0
6.069526433944702,0,0.0,0.0,0.0,0.0,0.0,0.0,0.0,0.0,0.3,1.3086286783218384,0.20460005104541779,0.3402945101261139,0.06457913666963577,-0.10675349831581116,0.12589077651500702,0.9841670393943787,0,0,0,0,0,0,0,0,0,0,0,0,0,0
6.071102857589722,0,0.0,0.0,0.0,0.0,0.0,0.0,0.0,0.0,0.3,1.3086286783218384,0.20460005104541779,0.3402945101261139,0.06457913666963577,-0.10675349831581116,0.12589077651500702,0.9841670393943787,0,0,0,0,0,0,0,0,0,0,0,0,0,0
6.072775840759277,0,0.0,0.0,0.0,0.0,0.0,0.0,0.0,0.0,0.3,1.3086286783218384,0.20460005104541779,0.3402945101261139,0.06457913666963577,-0.10675349831581116,0.12589077651500702,0.9841670393943787,0,0,0,0,0,0,0,0,0,0,0,0,0,0
6.074161767959595,0,0.0,0.0,0.0,0.0,0.0,0.0,0.0,0.0,0.3,1.3086286783218384,0.20460005104541779,0.3402945101261139,0.06457913666963577,-0.10675349831581116,0.12589077651500702,0.9841670393943787,0,0,0,0,0,0,0,0,0,0,0,0,0,0
6.075484752655029,0,0.0,0.0,0.0,0.0,0.0,0.0,0.0,0.0,0.3,1.3086286783218384,0.20460005104541779,0.3402945101261139,0.06457913666963577,-0.10675349831581116,0.12589077651500702,0.9841670393943787,0,0,0,0,0,0,0,0,0,0,0,0,0,0
6.077337265014648,0,0.0,0.0,0.0,0.0,0.0,0.0,0.0,0.0,0.3,1.3086286783218384,0.20460005104541779,0.3402945101261139,0.06457913666963577,-0.10675349831581116,0.12589077651500702,0.9841670393943787,0,0,0,0,0,0,0,0,0,0,0,0,0,0
6.078832149505615,0,0.0,0.0,0.0,0.0,0.0,0.0,0.0,0.0,0.3,1.3086286783218384,0.20460005104541779,0.3402945101261139,0.06457913666963577,-0.10675349831581116,0.12589077651500702,0.9841670393943787,0,0,0,0,0,0,0,0,0,0,0,0,0,0
6.080004692077637,0,0.0,0.0,0.0,0.0,0.0,0.0,0.0,0.0,0.3,1.3086286783218384,0.20460005104541779,0.3402945101261139,0.06457913666963577,-0.10675349831581116,0.12589077651500702,0.9841670393943787,0,0,0,0,0,0,0,0,0,0,0,0,0,0
6.082073211669922,0,0.0,0.0,0.0,0.0,0.0,0.0,0.0,0.0,0.3,1.3086286783218384,0.20460005104541779,0.3402945101261139,0.06457913666963577,-0.10675349831581116,0.12589077651500702,0.9841670393943787,0,0,0,0,0,0,0,0,0,0,0,0,0,0
6.083196401596069,0,0.0,0.0,0.0,0.0,0.0,0.0,0.0,0.0,0.3,1.3086286783218384,0.20460005104541779,0.3402945101261139,0.06457913666963577,-0.10675349831581116,0.12589077651500702,0.9841670393943787,0,0,0,0,0,0,0,0,0,0,0,0,0,0
6.08478045463562,0,0.0,0.0,0.0,0.0,0.0,0.0,0.0,0.0,0.3,1.3086286783218384,0.20460005104541779,0.3402945101261139,0.06457913666963577,-0.10675349831581116,0.12589077651500702,0.9841670393943787,0,0,0,0,0,0,0,0,0,0,0,0,0,0
6.086057662963867,0,0.0,0.0,0.0,0.0,0.0,0.0,0.0,0.0,0.3,1.3086286783218384,0.20460005104541779,0.3402945101261139,0.06457913666963577,-0.10675349831581116,0.12589077651500702,0.9841670393943787,0,0,0,0,0,0,0,0,0,0,0,0,0,0
6.087665557861328,0,0.0,0.0,0.0,0.0,0.0,0.0,0.0,0.0,0.3,1.3086286783218384,0.20460005104541779,0.3402945101261139,0.06457913666963577,-0.10675349831581116,0.12589077651500702,0.9841670393943787,0,0,0,0,0,0,0,0,0,0,0,0,0,0
6.088757038116455,0,0.0,0.0,0.0,0.0,0.0,0.0,0.0,0.0,0.3,1.3086286783218384,0.20460005104541779,0.3402945101261139,0.06457913666963577,-0.10675349831581116,0.12589077651500702,0.9841670393943787,0,0,0,0,0,0,0,0,0,0,0,0,0,0
6.09199857711792,0,0.0,0.0,0.0,0.0,0.0,0.0,0.0,0.0,0.3,1.3086286783218384,0.20460005104541779,0.3402945101261139,0.06457913666963577,-0.10675349831581116,0.12589077651500702,0.9841670393943787,0,0,0,0,0,0,0,0,0,0,0,0,0,0
6.093371868133545,0,0.0,0.0,0.0,0.0,0.0,0.0,0.0,0.0,0.3,1.3086286783218384,0.20460005104541779,0.3402945101261139,0.06457913666963577,-0.10675349831581116,0.12589077651500702,0.9841670393943787,0,0,0,0,0,0,0,0,0,0,0,0,0,0
6.094544172286987,0,0.0,0.0,0.0,0.0,0.0,0.0,0.0,0.0,0.3,1.3086286783218384,0.20460005104541779,0.3402945101261139,0.06457913666963577,-0.10675349831581116,0.12589077651500702,0.9841670393943787,0,0,0,0,0,0,0,0,0,0,0,0,0,0
6.097093343734741,0,0.0,0.0,0.0,0.0,0.0,0.0,0.0,0.0,0.3,1.3086286783218384,0.20460005104541779,0.3402945101261139,0.06457913666963577,-0.10675349831581116,0.12589077651500702,0.9841670393943787,0,0,0,0,0,0,0,0,0,0,0,0,0,0
6.0990214347839355,0,0.0,0.0,0.0,0.0,0.0,0.0,0.0,0.0,0.3,1.3086286783218384,0.20460005104541779,0.3402945101261139,0.06457913666963577,-0.10675349831581116,0.12589077651500702,0.9841670393943787,0,0,0,0,0,0,0,0,0,0,0,0,0,0
6.100149393081665,0,0.0,0.0,0.0,0.0,0.0,0.0,0.0,0.0,0.3,1.3086286783218384,0.20460005104541779,0.3402945101261139,0.06457913666963577,-0.10675349831581116,0.12589077651500702,0.9841670393943787,0,0,0,0,0,0,0,0,0,0,0,0,0,0
6.102648973464966,0,0.0,0.0,0.0,0.0,0.0,0.0,0.0,0.0,0.3,1.3086286783218384,0.20460005104541779,0.3402945101261139,0.06457913666963577,-0.10675349831581116,0.12589077651500702,0.9841670393943787,0,0,0,0,0,0,0,0,0,0,0,0,0,0
6.1037561893463135,0,0.0,0.0,0.0,0.0,0.0,0.0,0.0,0.0,0.3,1.3086286783218384,0.20460005104541779,0.3402945101261139,0.06457913666963577,-0.10675349831581116,0.12589077651500702,0.9841670393943787,0,0,0,0,0,0,0,0,0,0,0,0,0,0
6.10558295249939,0,0.0,0.0,0.0,0.0,0.0,0.0,0.0,0.0,0.3,1.3086286783218384,0.20460005104541779,0.3402945101261139,0.06457913666963577,-0.10675349831581116,0.12589077651500702,0.9841670393943787,0,0,0,0,0,0,0,0,0,0,0,0,0,0
6.10686182975769,0,0.0,0.0,0.0,0.0,0.0,0.0,0.0,0.0,0.3,1.3086286783218384,0.20460005104541779,0.3402945101261139,0.06457913666963577,-0.10675349831581116,0.12589077651500702,0.9841670393943787,0,0,0,0,0,0,0,0,0,0,0,0,0,0
6.108130693435669,0,0.0,0.0,0.0,0.0,0.0,0.0,0.0,0.0,0.3,1.3086286783218384,0.20460005104541779,0.3402945101261139,0.06457913666963577,-0.10675349831581116,0.12589077651500702,0.9841670393943787,0,0,0,0,0,0,0,0,0,0,0,0,0,0
6.109327077865601,0,0.0,0.0,0.0,0.0,0.0,0.0,0.0,0.0,0.3,1.3086286783218384,0.20460005104541779,0.3402945101261139,0.06457913666963577,-0.10675349831581116,0.12589077651500702,0.9841670393943787,0,0,0,0,0,0,0,0,0,0,0,0,0,0
6.110413074493408,0,0.0,0.0,0.0,0.0,0.0,0.0,0.0,0.0,0.3,1.3086286783218384,0.20460005104541779,0.3402945101261139,0.06457913666963577,-0.10675349831581116,0.12589077651500702,0.9841670393943787,0,0,0,0,0,0,0,0,0,0,0,0,0,0
6.1120827198028564,0,0.0,0.0,0.0,0.0,0.0,0.0,0.0,0.0,0.3,1.3086286783218384,0.20460005104541779,0.3402945101261139,0.06457913666963577,-0.10675349831581116,0.12589077651500702,0.9841670393943787,0,0,0,0,0,0,0,0,0,0,0,0,0,0
6.1132423877716064,0,0.0,0.0,0.0,0.0,0.0,0.0,0.0,0.0,0.3,1.3086286783218384,0.20460005104541779,0.3402945101261139,0.06457913666963577,-0.10675349831581116,0.12589077651500702,0.9841670393943787,0,0,0,0,0,0,0,0,0,0,0,0,0,0
6.114904403686523,0,0.0,0.0,0.0,0.0,0.0,0.0,0.0,0.0,0.3,1.3086286783218384,0.20460005104541779,0.3402945101261139,0.06457913666963577,-0.10675349831581116,0.12589077651500702,0.9841670393943787,0,0,0,0,0,0,0,0,0,0,0,0,0,0
6.11621618270874,0,0.0,0.0,0.0,0.0,0.0,0.0,0.0,0.0,0.3,1.3086286783218384,0.20460005104541779,0.3402945101261139,0.06457913666963577,-0.10675349831581116,0.12589077651500702,0.9841670393943787,0,0,0,0,0,0,0,0,0,0,0,0,0,0
6.117526054382324,0,0.0,0.0,0.0,0.0,0.0,0.0,0.0,0.0,0.3,1.3086286783218384,0.20460005104541779,0.3402945101261139,0.06457913666963577,-0.10675349831581116,0.12589077651500702,0.9841670393943787,0,0,0,0,0,0,0,0,0,0,0,0,0,0
6.118865013122559,0,0.0,0.0,0.0,0.0,0.0,0.0,0.0,0.0,0.3,1.3086286783218384,0.20460005104541779,0.3402945101261139,0.06457913666963577,-0.10675349831581116,0.12589077651500702,0.9841670393943787,0,0,0,0,0,0,0,0,0,0,0,0,0,0
6.120087623596191,0,0.0,0.0,0.0,0.0,0.0,0.0,0.0,0.0,0.3,1.3086286783218384,0.20460005104541779,0.3402945101261139,0.06457913666963577,-0.10675349831581116,0.12589077651500702,0.9841670393943787,0,0,0,0,0,0,0,0,0,0,0,0,0,0
6.12116813659668,0,0.0,0.0,0.0,0.0,0.0,0.0,0.0,0.0,0.3,1.3086286783218384,0.20460005104541779,0.3402945101261139,0.06457913666963577,-0.10675349831581116,0.12589077651500702,0.9841670393943787,0,0,0,0,0,0,0,0,0,0,0,0,0,0
6.122318506240845,0,0.0,0.0,0.0,0.0,0.0,0.0,0.0,0.0,0.3,1.3086286783218384,0.20460005104541779,0.3402945101261139,0.06457913666963577,-0.10675349831581116,0.12589077651500702,0.9841670393943787,0,0,0,0,0,0,0,0,0,0,0,0,0,0
6.123952865600586,0,0.0,0.0,0.0,0.0,0.0,0.0,0.0,0.0,0.3,1.3086286783218384,0.20460005104541779,0.3402945101261139,0.06457913666963577,-0.10675349831581116,0.12589077651500702,0.9841670393943787,0,0,0,0,0,0,0,0,0,0,0,0,0,0
6.125166654586792,0,0.0,0.0,0.0,0.0,0.0,0.0,0.0,0.0,0.3,1.3086286783218384,0.20460005104541779,0.3402945101261139,0.06457913666963577,-0.10675349831581116,0.12589077651500702,0.9841670393943787,0,0,0,0,0,0,0,0,0,0,0,0,0,0
6.126370429992676,0,0.0,0.0,0.0,0.0,0.0,0.0,0.0,0.0,0.3,1.3086286783218384,0.20460005104541779,0.3402945101261139,0.06457913666963577,-0.10675349831581116,0.12589077651500702,0.9841670393943787,0,0,0,0,0,0,0,0,0,0,0,0,0,0
6.127468585968018,0,0.0,0.0,0.0,0.0,0.0,0.0,0.0,0.0,0.3,1.3086286783218384,0.20460005104541779,0.3402945101261139,0.06457913666963577,-0.10675349831581116,0.12589077651500702,0.9841670393943787,0,0,0,0,0,0,0,0,0,0,0,0,0,0
6.128680944442749,0,0.0,0.0,0.0,0.0,0.0,0.0,0.0,0.0,0.3,1.3086286783218384,0.20460005104541779,0.3402945101261139,0.06457913666963577,-0.10675349831581116,0.12589077651500702,0.9841670393943787,0,0,0,0,0,0,0,0,0,0,0,0,0,0
6.130229949951172,0,0.0,0.0,0.0,0.0,0.0,0.0,0.0,0.0,0.3,1.3086286783218384,0.20460005104541779,0.3402945101261139,0.06457913666963577,-0.10675349831581116,0.12589077651500702,0.9841670393943787,0,0,0,0,0,0,0,0,0,0,0,0,0,0
6.131582021713257,0,0.0,0.0,0.0,0.0,0.0,0.0,0.0,0.0,0.3,1.3086286783218384,0.20460005104541779,0.3402945101261139,0.06457913666963577,-0.10675349831581116,0.12589077651500702,0.9841670393943787,0,0,0,0,0,0,0,0,0,0,0,0,0,0
6.133519887924194,0,0.0,0.0,0.0,0.0,0.0,0.0,0.0,0.0,0.3,1.3086286783218384,0.20460005104541779,0.3402945101261139,0.06457913666963577,-0.10675349831581116,0.12589077651500702,0.9841670393943787,0,0,0,0,0,0,0,0,0,0,0,0,0,0
6.13494086265564,0,0.0,0.0,0.0,0.0,0.0,0.0,0.0,0.0,0.3,1.3086286783218384,0.20460005104541779,0.3402945101261139,0.06457913666963577,-0.10675349831581116,0.12589077651500702,0.9841670393943787,0,0,0,0,0,0,0,0,0,0,0,0,0,0
6.13628363609314,0,0.0,0.0,0.0,0.0,0.0,0.0,0.0,0.0,0.3,1.3086286783218384,0.20460005104541779,0.3402945101261139,0.06457913666963577,-0.10675349831581116,0.12589077651500702,0.9841670393943787,0,0,0,0,0,0,0,0,0,0,0,0,0,0
6.137681484222412,0,0.0,0.0,0.0,0.0,0.0,0.0,0.0,0.0,0.3,1.3086286783218384,0.20460005104541779,0.3402945101261139,0.06457913666963577,-0.10675349831581116,0.12589077651500702,0.9841670393943787,0,0,0,0,0,0,0,0,0,0,0,0,0,0
6.1396260261535645,0,0.0,0.0,0.0,0.0,0.0,0.0,0.0,0.0,0.3,1.3086286783218384,0.20460005104541779,0.3402945101261139,0.06457913666963577,-0.10675349831581116,0.12589077651500702,0.9841670393943787,0,0,0,0,0,0,0,0,0,0,0,0,0,0
6.140780687332153,0,0.0,0.0,0.0,0.0,0.0,0.0,0.0,0.0,0.3,1.3086286783218384,0.20460005104541779,0.3402945101261139,0.06457913666963577,-0.10675349831581116,0.12589077651500702,0.9841670393943787,0,0,0,0,0,0,0,0,0,0,0,0,0,0
6.1426002979278564,0,0.0,0.0,0.0,0.0,0.0,0.0,0.0,0.0,0.3,1.3086286783218384,0.20460005104541779,0.3402945101261139,0.06457913666963577,-0.10675349831581116,0.12589077651500702,0.9841670393943787,0,0,0,0,0,0,0,0,0,0,0,0,0,0
6.143911600112915,0,0.0,0.0,0.0,0.0,0.0,0.0,0.0,0.0,0.3,1.3086286783218384,0.20460005104541779,0.3402945101261139,0.06457913666963577,-0.10675349831581116,0.12589077651500702,0.9841670393943787,0,0,0,0,0,0,0,0,0,0,0,0,0,0
6.146642446517944,0,0.0,0.0,0.0,0.0,0.0,0.0,0.0,0.0,0.3,1.3086286783218384,0.20460005104541779,0.3402945101261139,0.06457913666963577,-0.10675349831581116,0.12589077651500702,0.9841670393943787,0,0,0,0,0,0,0,0,0,0,0,0,0,0
6.148276329040527,0,0.0,0.0,0.0,0.0,0.0,0.0,0.0,0.0,0.3,1.3086286783218384,0.20460005104541779,0.3402945101261139,0.06457913666963577,-0.10675349831581116,0.12589077651500702,0.9841670393943787,0,0,0,0,0,0,0,0,0,0,0,0,0,0
6.150258541107178,0,0.0,0.0,0.0,0.0,0.0,0.0,0.0,0.0,0.3,1.3086286783218384,0.20460005104541779,0.3402945101261139,0.06457913666963577,-0.10675349831581116,0.12589077651500702,0.9841670393943787,0,0,0,0,0,0,0,0,0,0,0,0,0,0
6.152227401733398,0,0.0,0.0,0.0,0.0,0.0,0.0,0.0,0.0,0.3,1.3086286783218384,0.20460005104541779,0.3402945101261139,0.06457913666963577,-0.10675349831581116,0.12589077651500702,0.9841670393943787,0,0,0,0,0,0,0,0,0,0,0,0,0,0
6.153623104095459,0,0.0,0.0,0.0,0.0,0.0,0.0,0.0,0.0,0.3,1.3086286783218384,0.20460005104541779,0.3402945101261139,0.06457913666963577,-0.10675349831581116,0.12589077651500702,0.9841670393943787,0,0,0,0,0,0,0,0,0,0,0,0,0,0
6.154718637466431,0,0.0,0.0,0.0,0.0,0.0,0.0,0.0,0.0,0.3,1.3086286783218384,0.20460005104541779,0.3402945101261139,0.06457913666963577,-0.10675349831581116,0.12589077651500702,0.9841670393943787,0,0,0,0,0,0,0,0,0,0,0,0,0,0
6.156168699264526,0,0.0,0.0,0.0,0.0,0.0,0.0,0.0,0.0,0.3,1.3086286783218384,0.20460005104541779,0.3402945101261139,0.06457913666963577,-0.10675349831581116,0.12589077651500702,0.9841670393943787,0,0,0,0,0,0,0,0,0,0,0,0,0,0
6.157707691192627,0,0.0,0.0,0.0,0.0,0.0,0.0,0.0,0.0,0.3,1.3086286783218384,0.20460005104541779,0.3402945101261139,0.06457913666963577,-0.10675349831581116,0.12589077651500702,0.9841670393943787,0,0,0,0,0,0,0,0,0,0,0,0,0,0
6.1591339111328125,0,0.0,0.0,0.0,0.0,0.0,0.0,0.0,0.0,0.3,1.3086286783218384,0.20460005104541779,0.3402945101261139,0.06457913666963577,-0.10675349831581116,0.12589077651500702,0.9841670393943787,0,0,0,0,0,0,0,0,0,0,0,0,0,0
6.160682678222656,0,0.0,0.0,0.0,0.0,0.0,0.0,0.0,0.0,0.3,1.3086286783218384,0.20460005104541779,0.3402945101261139,0.06457913666963577,-0.10675349831581116,0.12589077651500702,0.9841670393943787,0,0,0,0,0,0,0,0,0,0,0,0,0,0
6.161760091781616,0,0.0,0.0,0.0,0.0,0.0,0.0,0.0,0.0,0.3,1.3086286783218384,0.20460005104541779,0.3402945101261139,0.06457913666963577,-0.10675349831581116,0.12589077651500702,0.9841670393943787,0,0,0,0,0,0,0,0,0,0,0,0,0,0
6.163040637969971,0,0.0,0.0,0.0,0.0,0.0,0.0,0.0,0.0,0.3,1.3086286783218384,0.20460005104541779,0.3402945101261139,0.06457913666963577,-0.10675349831581116,0.12589077651500702,0.9841670393943787,0,0,0,0,0,0,0,0,0,0,0,0,0,0
6.1641411781311035,0,0.0,0.0,0.0,0.0,0.0,0.0,0.0,0.0,0.3,1.3086286783218384,0.20460005104541779,0.3402945101261139,0.06457913666963577,-0.10675349831581116,0.12589077651500702,0.9841670393943787,0,0,0,0,0,0,0,0,0,0,0,0,0,0
6.1652350425720215,0,0.0,0.0,0.0,0.0,0.0,0.0,0.0,0.0,0.3,1.3086286783218384,0.20460005104541779,0.3402945101261139,0.06457913666963577,-0.10675349831581116,0.12589077651500702,0.9841670393943787,0,0,0,0,0,0,0,0,0,0,0,0,0,0
6.166294813156128,0,0.0,0.0,0.0,0.0,0.0,0.0,0.0,0.0,0.3,1.3086286783218384,0.20460005104541779,0.3402945101261139,0.06457913666963577,-0.10675349831581116,0.12589077651500702,0.9841670393943787,0,0,0,0,0,0,0,0,0,0,0,0,0,0
6.167508363723755,0,0.0,0.0,0.0,0.0,0.0,0.0,0.0,0.0,0.3,1.3086286783218384,0.20460005104541779,0.3402945101261139,0.06457913666963577,-0.10675349831581116,0.12589077651500702,0.9841670393943787,0,0,0,0,0,0,0,0,0,0,0,0,0,0
6.168710708618164,0,0.0,0.0,0.0,0.0,0.0,0.0,0.0,0.0,0.3,1.3086286783218384,0.20460005104541779,0.3402945101261139,0.06457913666963577,-0.10675349831581116,0.12589077651500702,0.9841670393943787,0,0,0,0,0,0,0,0,0,0,0,0,0,0
6.170114517211914,0,0.0,0.0,0.0,0.0,0.0,0.0,0.0,0.0,0.3,1.3086286783218384,0.20460005104541779,0.3402945101261139,0.06457913666963577,-0.10675349831581116,0.12589077651500702,0.9841670393943787,0,0,0,0,0,0,0,0,0,0,0,0,0,0
6.171202898025513,0,0.0,0.0,0.0,0.0,0.0,0.0,0.0,0.0,0.3,1.3086286783218384,0.20460005104541779,0.3402945101261139,0.06457913666963577,-0.10675349831581116,0.12589077651500702,0.9841670393943787,0,0,0,0,0,0,0,0,0,0,0,0,0,0
6.172852516174316,0,0.0,0.0,0.0,0.0,0.0,0.0,0.0,0.0,0.3,1.3086286783218384,0.20460005104541779,0.3402945101261139,0.06457913666963577,-0.10675349831581116,0.12589077651500702,0.9841670393943787,0,0,0,0,0,0,0,0,0,0,0,0,0,0
6.174007892608643,0,0.0,0.0,0.0,0.0,0.0,0.0,0.0,0.0,0.3,1.3086286783218384,0.20460005104541779,0.3402945101261139,0.06457913666963577,-0.10675349831581116,0.12589077651500702,0.9841670393943787,0,0,0,0,0,0,0,0,0,0,0,0,0,0
6.1756603717803955,0,0.0,0.0,0.0,0.0,0.0,0.0,0.0,0.0,0.3,1.3086286783218384,0.20460005104541779,0.3402945101261139,0.06457913666963577,-0.10675349831581116,0.12589077651500702,0.9841670393943787,0,0,0,0,0,0,0,0,0,0,0,0,0,0
6.177235126495361,0,0.0,0.0,0.0,0.0,0.0,0.0,0.0,0.0,0.3,1.3086286783218384,0.20460005104541779,0.3402945101261139,0.06457913666963577,-0.10675349831581116,0.12589077651500702,0.9841670393943787,0,0,0,0,0,0,0,0,0,0,0,0,0,0
6.178465843200684,0,0.0,0.0,0.0,0.0,0.0,0.0,0.0,0.0,0.3,1.3086286783218384,0.20460005104541779,0.3402945101261139,0.06457913666963577,-0.10675349831581116,0.12589077651500702,0.9841670393943787,0,0,0,0,0,0,0,0,0,0,0,0,0,0
6.179757595062256,0,0.0,0.0,0.0,0.0,0.0,0.0,0.0,0.0,0.3,1.3086286783218384,0.20460005104541779,0.3402945101261139,0.06457913666963577,-0.10675349831581116,0.12589077651500702,0.9841670393943787,0,0,0,0,0,0,0,0,0,0,0,0,0,0
6.181152105331421,0,0.0,0.0,0.0,0.0,0.0,0.0,0.0,0.0,0.3,1.3086286783218384,0.20460005104541779,0.3402945101261139,0.06457913666963577,-0.10675349831581116,0.12589077651500702,0.9841670393943787,0,0,0,0,0,0,0,0,0,0,0,0,0,0
6.1827332973480225,0,0.0,0.0,0.0,0.0,0.0,0.0,0.0,0.0,0.3,1.3086286783218384,0.20460005104541779,0.3402945101261139,0.06457913666963577,-0.10675349831581116,0.12589077651500702,0.9841670393943787,0,0,0,0,0,0,0,0,0,0,0,0,0,0
6.18389630317688,0,0.0,0.0,0.0,0.0,0.0,0.0,0.0,0.0,0.3,1.3086286783218384,0.20460005104541779,0.3402945101261139,0.06457913666963577,-0.10675349831581116,0.12589077651500702,0.9841670393943787,0,0,0,0,0,0,0,0,0,0,0,0,0,0
6.185663461685181,0,0.0,0.0,0.0,0.0,0.0,0.0,0.0,0.0,0.3,1.3086286783218384,0.20460005104541779,0.3402945101261139,0.06457913666963577,-0.10675349831581116,0.12589077651500702,0.9841670393943787,0,0,0,0,0,0,0,0,0,0,0,0,0,0
6.186724901199341,0,0.0,0.0,0.0,0.0,0.0,0.0,0.0,0.0,0.3,1.3086286783218384,0.20460005104541779,0.3402945101261139,0.06457913666963577,-0.10675349831581116,0.12589077651500702,0.9841670393943787,0,0,0,0,0,0,0,0,0,0,0,0,0,0
6.187805414199829,0,0.0,0.0,0.0,0.0,0.0,0.0,0.0,0.0,0.3,1.3086286783218384,0.20460005104541779,0.3402945101261139,0.06457913666963577,-0.10675349831581116,0.12589077651500702,0.9841670393943787,0,0,0,0,0,0,0,0,0,0,0,0,0,0
6.188986301422119,0,0.0,0.0,0.0,0.0,0.0,0.0,0.0,0.0,0.3,1.3086286783218384,0.20460005104541779,0.3402945101261139,0.06457913666963577,-0.10675349831581116,0.12589077651500702,0.9841670393943787,0,0,0,0,0,0,0,0,0,0,0,0,0,0
6.190312623977661,0,0.0,0.0,0.0,0.0,0.0,0.0,0.0,0.0,0.3,1.3086286783218384,0.20460005104541779,0.3402945101261139,0.06457913666963577,-0.10675349831581116,0.12589077651500702,0.9841670393943787,0,0,0,0,0,0,0,0,0,0,0,0,0,0
6.19327712059021,0,0.0,0.0,0.0,0.0,0.0,0.0,0.0,0.0,0.3,1.3086286783218384,0.20460005104541779,0.3402945101261139,0.06457913666963577,-0.10675349831581116,0.12589077651500702,0.9841670393943787,0,0,0,0,0,0,0,0,0,0,0,0,0,0
6.194953203201294,0,0.0,0.0,0.0,0.0,0.0,0.0,0.0,0.0,0.3,1.3086286783218384,0.20460005104541779,0.3402945101261139,0.06457913666963577,-0.10675349831581116,0.12589077651500702,0.9841670393943787,0,0,0,0,0,0,0,0,0,0,0,0,0,0
6.196772336959839,0,0.0,0.0,0.0,0.0,0.0,0.0,0.0,0.0,0.3,1.3086286783218384,0.20460005104541779,0.3402945101261139,0.06457913666963577,-0.10675349831581116,0.12589077651500702,0.9841670393943787,0,0,0,0,0,0,0,0,0,0,0,0,0,0
6.1980881690979,0,0.0,0.0,0.0,0.0,0.0,0.0,0.0,0.0,0.3,1.3086286783218384,0.20460005104541779,0.3402945101261139,0.06457913666963577,-0.10675349831581116,0.12589077651500702,0.9841670393943787,0,0,0,0,0,0,0,0,0,0,0,0,0,0
6.199872016906738,0,0.0,0.0,0.0,0.0,0.0,0.0,0.0,0.0,0.3,1.3086286783218384,0.20460005104541779,0.3402945101261139,0.06457913666963577,-0.10675349831581116,0.12589077651500702,0.9841670393943787,0,0,0,0,0,0,0,0,0,0,0,0,0,0
6.202033281326294,0,0.0,0.0,0.0,0.0,0.0,0.0,0.0,0.0,0.3,1.3086286783218384,0.20460005104541779,0.3402945101261139,0.06457913666963577,-0.10675349831581116,0.12589077651500702,0.9841670393943787,0,0,0,0,0,0,0,0,0,0,0,0,0,0
6.203187465667725,0,0.0,0.0,0.0,0.0,0.0,0.0,0.0,0.0,0.3,1.3086286783218384,0.20460005104541779,0.3402945101261139,0.06457913666963577,-0.10675349831581116,0.12589077651500702,0.9841670393943787,0,0,0,0,0,0,0,0,0,0,0,0,0,0
6.204487085342407,0,0.0,0.0,0.0,0.0,0.0,0.0,0.0,0.0,0.3,1.3086286783218384,0.20460005104541779,0.3402945101261139,0.06457913666963577,-0.10675349831581116,0.12589077651500702,0.9841670393943787,0,0,0,0,0,0,0,0,0,0,0,0,0,0
6.205756425857544,0,0.0,0.0,0.0,0.0,0.0,0.0,0.0,0.0,0.3,1.3086286783218384,0.20460005104541779,0.3402945101261139,0.06457913666963577,-0.10675349831581116,0.12589077651500702,0.9841670393943787,0,0,0,0,0,0,0,0,0,0,0,0,0,0
6.206847667694092,0,0.0,0.0,0.0,0.0,0.0,0.0,0.0,0.0,0.3,1.3086286783218384,0.20460005104541779,0.3402945101261139,0.06457913666963577,-0.10675349831581116,0.12589077651500702,0.9841670393943787,0,0,0,0,0,0,0,0,0,0,0,0,0,0
6.209075927734375,0,0.0,0.0,0.0,0.0,0.0,0.0,0.0,0.0,0.3,1.3086286783218384,0.20460005104541779,0.3402945101261139,0.06457913666963577,-0.10675349831581116,0.12589077651500702,0.9841670393943787,0,0,0,0,0,0,0,0,0,0,0,0,0,0
6.210361957550049,0,0.0,0.0,0.0,0.0,0.0,0.0,0.0,0.0,0.3,1.3086286783218384,0.20460005104541779,0.3402945101261139,0.06457913666963577,-0.10675349831581116,0.12589077651500702,0.9841670393943787,0,0,0,0,0,0,0,0,0,0,0,0,0,0
6.212029218673706,0,0.0,0.0,0.0,0.0,0.0,0.0,0.0,0.0,0.3,1.3086286783218384,0.20460005104541779,0.3402945101261139,0.06457913666963577,-0.10675349831581116,0.12589077651500702,0.9841670393943787,0,0,0,0,0,0,0,0,0,0,0,0,0,0
6.216278314590454,0,0.0,0.0,0.0,0.0,0.0,0.0,0.0,0.0,0.3,1.3086286783218384,0.20460005104541779,0.3402945101261139,0.06457913666963577,-0.10675349831581116,0.12589077651500702,0.9841670393943787,0,0,0,0,0,0,0,0,0,0,0,0,0,0
6.217844009399414,0,0.0,0.0,0.0,0.0,0.0,0.0,0.0,0.0,0.3,1.3086286783218384,0.20460005104541779,0.3402945101261139,0.06457913666963577,-0.10675349831581116,0.12589077651500702,0.9841670393943787,0,0,0,0,0,0,0,0,0,0,0,0,0,0
6.219145774841309,0,0.0,0.0,0.0,0.0,0.0,0.0,0.0,0.0,0.3,1.3086286783218384,0.20460005104541779,0.3402945101261139,0.06457913666963577,-0.10675349831581116,0.12589077651500702,0.9841670393943787,0,0,0,0,0,0,0,0,0,0,0,0,0,0
6.220972061157227,0,0.0,0.0,0.0,0.0,0.0,0.0,0.0,0.0,0.3,1.3086286783218384,0.20460005104541779,0.3402945101261139,0.06457913666963577,-0.10675349831581116,0.12589077651500702,0.9841670393943787,0,0,0,0,0,0,0,0,0,0,0,0,0,0
6.222357749938965,0,0.0,0.0,0.0,0.0,0.0,0.0,0.0,0.0,0.3,1.3086286783218384,0.20460005104541779,0.3402945101261139,0.06457913666963577,-0.10675349831581116,0.12589077651500702,0.9841670393943787,0,0,0,0,0,0,0,0,0,0,0,0,0,0
6.223454713821411,0,0.0,0.0,0.0,0.0,0.0,0.0,0.0,0.0,0.3,1.3086286783218384,0.20460005104541779,0.3402945101261139,0.06457913666963577,-0.10675349831581116,0.12589077651500702,0.9841670393943787,0,0,0,0,0,0,0,0,0,0,0,0,0,0
6.2252984046936035,0,0.0,0.0,0.0,0.0,0.0,0.0,0.0,0.0,0.3,1.3086286783218384,0.20460005104541779,0.3402945101261139,0.06457913666963577,-0.10675349831581116,0.12589077651500702,0.9841670393943787,0,0,0,0,0,0,0,0,0,0,0,0,0,0
6.226404428482056,0,0.0,0.0,0.0,0.0,0.0,0.0,0.0,0.0,0.3,1.3086286783218384,0.20460005104541779,0.3402945101261139,0.06457913666963577,-0.10675349831581116,0.12589077651500702,0.9841670393943787,0,0,0,0,0,0,0,0,0,0,0,0,0,0
6.2276434898376465,0,0.0,0.0,0.0,0.0,0.0,0.0,0.0,0.0,0.3,1.3086286783218384,0.20460005104541779,0.3402945101261139,0.06457913666963577,-0.10675349831581116,0.12589077651500702,0.9841670393943787,0,0,0,0,0,0,0,0,0,0,0,0,0,0
6.229353666305542,0,0.0,0.0,0.0,0.0,0.0,0.0,0.0,0.0,0.3,1.3086286783218384,0.20460005104541779,0.3402945101261139,0.06457913666963577,-0.10675349831581116,0.12589077651500702,0.9841670393943787,0,0,0,0,0,0,0,0,0,0,0,0,0,0
6.230495929718018,0,0.0,0.0,0.0,0.0,0.0,0.0,0.0,0.0,0.3,1.3086286783218384,0.20460005104541779,0.3402945101261139,0.06457913666963577,-0.10675349831581116,0.12589077651500702,0.9841670393943787,0,0,0,0,0,0,0,0,0,0,0,0,0,0
6.231708526611328,0,0.0,0.0,0.0,0.0,0.0,0.0,0.0,0.0,0.3,1.3086286783218384,0.20460005104541779,0.3402945101261139,0.06457913666963577,-0.10675349831581116,0.12589077651500702,0.9841670393943787,0,0,0,0,0,0,0,0,0,0,0,0,0,0
6.232938051223755,0,0.0,0.0,0.0,0.0,0.0,0.0,0.0,0.0,0.3,1.3086286783218384,0.20460005104541779,0.3402945101261139,0.06457913666963577,-0.10675349831581116,0.12589077651500702,0.9841670393943787,0,0,0,0,0,0,0,0,0,0,0,0,0,0
6.234645128250122,0,0.0,0.0,0.0,0.0,0.0,0.0,0.0,0.0,0.3,1.3086286783218384,0.20460005104541779,0.3402945101261139,0.06457913666963577,-0.10675349831581116,0.12589077651500702,0.9841670393943787,0,0,0,0,0,0,0,0,0,0,0,0,0,0
6.2359538078308105,0,0.0,0.0,0.0,0.0,0.0,0.0,0.0,0.0,0.3,1.3086286783218384,0.20460005104541779,0.3402945101261139,0.06457913666963577,-0.10675349831581116,0.12589077651500702,0.9841670393943787,0,0,0,0,0,0,0,0,0,0,0,0,0,0
6.239782333374023,0,0.0,0.0,0.0,0.0,0.0,0.0,0.0,0.0,0.3,1.3086286783218384,0.20460005104541779,0.3402945101261139,0.06457913666963577,-0.10675349831581116,0.12589077651500702,0.9841670393943787,0,0,0,0,0,0,0,0,0,0,0,0,0,0
6.2410266399383545,0,0.0,0.0,0.0,0.0,0.0,0.0,0.0,0.0,0.3,1.3086286783218384,0.20460005104541779,0.3402945101261139,0.06457913666963577,-0.10675349831581116,0.12589077651500702,0.9841670393943787,0,0,0,0,0,0,0,0,0,0,0,0,0,0
6.242168664932251,0,0.0,0.0,0.0,0.0,0.0,0.0,0.0,0.0,0.3,1.3086286783218384,0.20460005104541779,0.3402945101261139,0.06457913666963577,-0.10675349831581116,0.12589077651500702,0.9841670393943787,0,0,0,0,0,0,0,0,0,0,0,0,0,0
6.243828058242798,0,0.0,0.0,0.0,0.0,0.0,0.0,0.0,0.0,0.3,1.3086286783218384,0.20460005104541779,0.3402945101261139,0.06457913666963577,-0.10675349831581116,0.12589077651500702,0.9841670393943787,0,0,0,0,0,0,0,0,0,0,0,0,0,0
6.245203971862793,0,0.0,0.0,0.0,0.0,0.0,0.0,0.0,0.0,0.3,1.3086286783218384,0.20460005104541779,0.3402945101261139,0.06457913666963577,-0.10675349831581116,0.12589077651500702,0.9841670393943787,0,0,0,0,0,0,0,0,0,0,0,0,0,0
6.246336936950684,0,0.0,0.0,0.0,0.0,0.0,0.0,0.0,0.0,0.3,1.3086286783218384,0.20460005104541779,0.3402945101261139,0.06457913666963577,-0.10675349831581116,0.12589077651500702,0.9841670393943787,0,0,0,0,0,0,0,0,0,0,0,0,0,0
6.24765682220459,0,0.0,0.0,0.0,0.0,0.0,0.0,0.0,0.0,0.3,1.3086286783218384,0.20460005104541779,0.3402945101261139,0.06457913666963577,-0.10675349831581116,0.12589077651500702,0.9841670393943787,0,0,0,0,0,0,0,0,0,0,0,0,0,0
6.2492265701293945,0,0.0,0.0,0.0,0.0,0.0,0.0,0.0,0.0,0.3,1.3086286783218384,0.20460005104541779,0.3402945101261139,0.06457913666963577,-0.10675349831581116,0.12589077651500702,0.9841670393943787,0,0,0,0,0,0,0,0,0,0,0,0,0,0
6.250290155410767,0,0.0,0.0,0.0,0.0,0.0,0.0,0.0,0.0,0.3,1.3086286783218384,0.20460005104541779,0.3402945101261139,0.06457913666963577,-0.10675349831581116,0.12589077651500702,0.9841670393943787,0,0,0,0,0,0,0,0,0,0,0,0,0,0
6.251419544219971,0,0.0,0.0,0.0,0.0,0.0,0.0,0.0,0.0,0.3,1.3086286783218384,0.20460005104541779,0.3402945101261139,0.06457913666963577,-0.10675349831581116,0.12589077651500702,0.9841670393943787,0,0,0,0,0,0,0,0,0,0,0,0,0,0
6.25251841545105,0,0.0,0.0,0.0,0.0,0.0,0.0,0.0,0.0,0.3,1.3086286783218384,0.20460005104541779,0.3402945101261139,0.06457913666963577,-0.10675349831581116,0.12589077651500702,0.9841670393943787,0,0,0,0,0,0,0,0,0,0,0,0,0,0
6.2537641525268555,0,0.0,0.0,0.0,0.0,0.0,0.0,0.0,0.0,0.3,1.3086286783218384,0.20460005104541779,0.3402945101261139,0.06457913666963577,-0.10675349831581116,0.12589077651500702,0.9841670393943787,0,0,0,0,0,0,0,0,0,0,0,0,0,0
6.2558183670043945,0,0.0,0.0,0.0,0.0,0.0,0.0,0.0,0.0,0.3,1.3086286783218384,0.20460005104541779,0.3402945101261139,0.06457913666963577,-0.10675349831581116,0.12589077651500702,0.9841670393943787,0,0,0,0,0,0,0,0,0,0,0,0,0,0
6.257998704910278,0,0.0,0.0,0.0,0.0,0.0,0.0,0.0,0.0,0.3,1.3086286783218384,0.20460005104541779,0.3402945101261139,0.06457913666963577,-0.10675349831581116,0.12589077651500702,0.9841670393943787,0,0,0,0,0,0,0,0,0,0,0,0,0,0
6.259361505508423,0,0.0,0.0,0.0,0.0,0.0,0.0,0.0,0.0,0.3,1.3086286783218384,0.20460005104541779,0.3402945101261139,0.06457913666963577,-0.10675349831581116,0.12589077651500702,0.9841670393943787,0,0,0,0,0,0,0,0,0,0,0,0,0,0
6.260581016540527,0,0.0,0.0,0.0,0.0,0.0,0.0,0.0,0.0,0.3,1.3086286783218384,0.20460005104541779,0.3402945101261139,0.06457913666963577,-0.10675349831581116,0.12589077651500702,0.9841670393943787,0,0,0,0,0,0,0,0,0,0,0,0,0,0
6.261960744857788,0,0.0,0.0,0.0,0.0,0.0,0.0,0.0,0.0,0.3,1.3086286783218384,0.20460005104541779,0.3402945101261139,0.06457913666963577,-0.10675349831581116,0.12589077651500702,0.9841670393943787,0,0,0,0,0,0,0,0,0,0,0,0,0,0
6.263880014419556,0,0.0,0.0,0.0,0.0,0.0,0.0,0.0,0.0,0.3,1.3086286783218384,0.20460005104541779,0.3402945101261139,0.06457913666963577,-0.10675349831581116,0.12589077651500702,0.9841670393943787,0,0,0,0,0,0,0,0,0,0,0,0,0,0
6.265115737915039,0,0.0,0.0,0.0,0.0,0.0,0.0,0.0,0.0,0.3,1.3086286783218384,0.20460005104541779,0.3402945101261139,0.06457913666963577,-0.10675349831581116,0.12589077651500702,0.9841670393943787,0,0,0,0,0,0,0,0,0,0,0,0,0,0
6.266440153121948,0,0.0,0.0,0.0,0.0,0.0,0.0,0.0,0.0,0.3,1.3086286783218384,0.20460005104541779,0.3402945101261139,0.06457913666963577,-0.10675349831581116,0.12589077651500702,0.9841670393943787,0,0,0,0,0,0,0,0,0,0,0,0,0,0
6.267845153808594,0,0.0,0.0,0.0,0.0,0.0,0.0,0.0,0.0,0.3,1.3086286783218384,0.20460005104541779,0.3402945101261139,0.06457913666963577,-0.10675349831581116,0.12589077651500702,0.9841670393943787,0,0,0,0,0,0,0,0,0,0,0,0,0,0
6.268909454345703,0,0.0,0.0,0.0,0.0,0.0,0.0,0.0,0.0,0.3,1.3086286783218384,0.20460005104541779,0.3402945101261139,0.06457913666963577,-0.10675349831581116,0.12589077651500702,0.9841670393943787,0,0,0,0,0,0,0,0,0,0,0,0,0,0
6.271270513534546,0,0.0,0.0,0.0,0.0,0.0,0.0,0.0,0.0,0.3,1.3086286783218384,0.20460005104541779,0.3402945101261139,0.06457913666963577,-0.10675349831581116,0.12589077651500702,0.9841670393943787,0,0,0,0,0,0,0,0,0,0,0,0,0,0
6.2725090980529785,0,0.0,0.0,0.0,0.0,0.0,0.0,0.0,0.0,0.3,1.3086286783218384,0.20460005104541779,0.3402945101261139,0.06457913666963577,-0.10675349831581116,0.12589077651500702,0.9841670393943787,0,0,0,0,0,0,0,0,0,0,0,0,0,0
6.274066686630249,0,0.0,0.0,0.0,0.0,0.0,0.0,0.0,0.0,0.3,1.3086286783218384,0.20460005104541779,0.3402945101261139,0.06457913666963577,-0.10675349831581116,0.12589077651500702,0.9841670393943787,0,0,0,0,0,0,0,0,0,0,0,0,0,0
6.275901556015015,0,0.0,0.0,0.0,0.0,0.0,0.0,0.0,0.0,0.3,1.3086286783218384,0.20460005104541779,0.3402945101261139,0.06457913666963577,-0.10675349831581116,0.12589077651500702,0.9841670393943787,0,0,0,0,0,0,0,0,0,0,0,0,0,0
6.278566122055054,0,0.0,0.0,0.0,0.0,0.0,0.0,0.0,0.0,0.3,1.3086286783218384,0.20460005104541779,0.3402945101261139,0.06457913666963577,-0.10675349831581116,0.12589077651500702,0.9841670393943787,0,0,0,0,0,0,0,0,0,0,0,0,0,0
6.279906749725342,0,0.0,0.0,0.0,0.0,0.0,0.0,0.0,0.0,0.3,1.3086286783218384,0.20460005104541779,0.3402945101261139,0.06457913666963577,-0.10675349831581116,0.12589077651500702,0.9841670393943787,0,0,0,0,0,0,0,0,0,0,0,0,0,0
6.281004428863525,0,0.0,0.0,0.0,0.0,0.0,0.0,0.0,0.0,0.3,1.3086286783218384,0.20460005104541779,0.3402945101261139,0.06457913666963577,-0.10675349831581116,0.12589077651500702,0.9841670393943787,0,0,0,0,0,0,0,0,0,0,0,0,0,0
6.2823450565338135,0,0.0,0.0,0.0,0.0,0.0,0.0,0.0,0.0,0.3,1.3086286783218384,0.20460005104541779,0.3402945101261139,0.06457913666963577,-0.10675349831581116,0.12589077651500702,0.9841670393943787,0,0,0,0,0,0,0,0,0,0,0,0,0,0
6.283518314361572,0,0.0,0.0,0.0,0.0,0.0,0.0,0.0,0.0,0.3,1.3086286783218384,0.20460005104541779,0.3402945101261139,0.06457913666963577,-0.10675349831581116,0.12589077651500702,0.9841670393943787,0,0,0,0,0,0,0,0,0,0,0,0,0,0
6.285185813903809,0,0.0,0.0,0.0,0.0,0.0,0.0,0.0,0.0,0.3,1.3086286783218384,0.20460005104541779,0.3402945101261139,0.06457913666963577,-0.10675349831581116,0.12589077651500702,0.9841670393943787,0,0,0,0,0,0,0,0,0,0,0,0,0,0
6.286324501037598,0,0.0,0.0,0.0,0.0,0.0,0.0,0.0,0.0,0.3,1.3086286783218384,0.20460005104541779,0.3402945101261139,0.06457913666963577,-0.10675349831581116,0.12589077651500702,0.9841670393943787,0,0,0,0,0,0,0,0,0,0,0,0,0,0
6.288402557373047,0,0.0,0.0,0.0,0.0,0.0,0.0,0.0,0.0,0.3,1.3086286783218384,0.20460005104541779,0.3402945101261139,0.06457913666963577,-0.10675349831581116,0.12589077651500702,0.9841670393943787,0,0,0,0,0,0,0,0,0,0,0,0,0,0
6.2898218631744385,0,0.0,0.0,0.0,0.0,0.0,0.0,0.0,0.0,0.3,1.3086286783218384,0.20460005104541779,0.3402945101261139,0.06457913666963577,-0.10675349831581116,0.12589077651500702,0.9841670393943787,0,0,0,0,0,0,0,0,0,0,0,0,0,0
6.290913343429565,0,0.0,0.0,0.0,0.0,0.0,0.0,0.0,0.0,0.3,1.3086286783218384,0.20460005104541779,0.3402945101261139,0.06457913666963577,-0.10675349831581116,0.12589077651500702,0.9841670393943787,0,0,0,0,0,0,0,0,0,0,0,0,0,0
6.292007923126221,0,0.0,0.0,0.0,0.0,0.0,0.0,0.0,0.0,0.3,1.3086286783218384,0.20460005104541779,0.3402945101261139,0.06457913666963577,-0.10675349831581116,0.12589077651500702,0.9841670393943787,0,0,0,0,0,0,0,0,0,0,0,0,0,0
6.293079614639282,0,0.0,0.0,0.0,0.0,0.0,0.0,0.0,0.0,0.3,1.3086286783218384,0.20460005104541779,0.3402945101261139,0.06457913666963577,-0.10675349831581116,0.12589077651500702,0.9841670393943787,0,0,0,0,0,0,0,0,0,0,0,0,0,0
6.294321298599243,0,0.0,0.0,0.0,0.0,0.0,0.0,0.0,0.0,0.3,1.3086286783218384,0.20460005104541779,0.3402945101261139,0.06457913666963577,-0.10675349831581116,0.12589077651500702,0.9841670393943787,0,0,0,0,0,0,0,0,0,0,0,0,0,0
6.295864105224609,0,0.0,0.0,0.0,0.0,0.0,0.0,0.0,0.0,0.3,1.3086286783218384,0.20460005104541779,0.3402945101261139,0.06457913666963577,-0.10675349831581116,0.12589077651500702,0.9841670393943787,0,0,0,0,0,0,0,0,0,0,0,0,0,0
6.297568321228027,0,0.0,0.0,0.0,0.0,0.0,0.0,0.0,0.0,0.3,1.3086286783218384,0.20460005104541779,0.3402945101261139,0.06457913666963577,-0.10675349831581116,0.12589077651500702,0.9841670393943787,0,0,0,0,0,0,0,0,0,0,0,0,0,0
6.299176454544067,0,0.0,0.0,0.0,0.0,0.0,0.0,0.0,0.0,0.3,1.3086286783218384,0.20460005104541779,0.3402945101261139,0.06457913666963577,-0.10675349831581116,0.12589077651500702,0.9841670393943787,0,0,0,0,0,0,0,0,0,0,0,0,0,0
6.302384376525879,0,0.0,0.0,0.0,0.0,0.0,0.0,0.0,0.0,0.3,1.3086286783218384,0.20460005104541779,0.3402945101261139,0.06457913666963577,-0.10675349831581116,0.12589077651500702,0.9841670393943787,0,0,0,0,0,0,0,0,0,0,0,0,0,0
6.303646564483643,0,0.0,0.0,0.0,0.0,0.0,0.0,0.0,0.0,0.3,1.3086286783218384,0.20460005104541779,0.3402945101261139,0.06457913666963577,-0.10675349831581116,0.12589077651500702,0.9841670393943787,0,0,0,0,0,0,0,0,0,0,0,0,0,0
6.305166482925415,0,0.0,0.0,0.0,0.0,0.0,0.0,0.0,0.0,0.3,1.3086286783218384,0.20460005104541779,0.3402945101261139,0.06457913666963577,-0.10675349831581116,0.12589077651500702,0.9841670393943787,0,0,0,0,0,0,0,0,0,0,0,0,0,0
6.306252956390381,0,0.0,0.0,0.0,0.0,0.0,0.0,0.0,0.0,0.3,1.3086286783218384,0.20460005104541779,0.3402945101261139,0.06457913666963577,-0.10675349831581116,0.12589077651500702,0.9841670393943787,0,0,0,0,0,0,0,0,0,0,0,0,0,0
6.307565689086914,0,0.0,0.0,0.0,0.0,0.0,0.0,0.0,0.0,0.3,1.3086286783218384,0.20460005104541779,0.3402945101261139,0.06457913666963577,-0.10675349831581116,0.12589077651500702,0.9841670393943787,0,0,0,0,0,0,0,0,0,0,0,0,0,0
6.308817625045776,0,0.0,0.0,0.0,0.0,0.0,0.0,0.0,0.0,0.3,1.3086286783218384,0.20460005104541779,0.3402945101261139,0.06457913666963577,-0.10675349831581116,0.12589077651500702,0.9841670393943787,0,0,0,0,0,0,0,0,0,0,0,0,0,0
6.310556173324585,0,0.0,0.0,0.0,0.0,0.0,0.0,0.0,0.0,0.3,1.3086286783218384,0.20460005104541779,0.3402945101261139,0.06457913666963577,-0.10675349831581116,0.12589077651500702,0.9841670393943787,0,0,0,0,0,0,0,0,0,0,0,0,0,0
6.312042713165283,0,0.0,0.0,0.0,0.0,0.0,0.0,0.0,0.0,0.3,1.3086286783218384,0.20460005104541779,0.3402945101261139,0.06457913666963577,-0.10675349831581116,0.12589077651500702,0.9841670393943787,0,0,0,0,0,0,0,0,0,0,0,0,0,0
6.313241243362427,0,0.0,0.0,0.0,0.0,0.0,0.0,0.0,0.0,0.3,1.3086286783218384,0.20460005104541779,0.3402945101261139,0.06457913666963577,-0.10675349831581116,0.12589077651500702,0.9841670393943787,0,0,0,0,0,0,0,0,0,0,0,0,0,0
6.31432843208313,0,0.0,0.0,0.0,0.0,0.0,0.0,0.0,0.0,0.3,1.3086286783218384,0.20460005104541779,0.3402945101261139,0.06457913666963577,-0.10675349831581116,0.12589077651500702,0.9841670393943787,0,0,0,0,0,0,0,0,0,0,0,0,0,0
6.315413951873779,0,0.0,0.0,0.0,0.0,0.0,0.0,0.0,0.0,0.3,1.3086286783218384,0.20460005104541779,0.3402945101261139,0.06457913666963577,-0.10675349831581116,0.12589077651500702,0.9841670393943787,0,0,0,0,0,0,0,0,0,0,0,0,0,0
6.318354606628418,0,0.0,0.0,0.0,0.0,0.0,0.0,0.0,0.0,0.3,1.3086286783218384,0.20460005104541779,0.3402945101261139,0.06457913666963577,-0.10675349831581116,0.12589077651500702,0.9841670393943787,0,0,0,0,0,0,0,0,0,0,0,0,0,0
6.32000994682312,0,0.0,0.0,0.0,0.0,0.0,0.0,0.0,0.0,0.3,1.3086286783218384,0.20460005104541779,0.3402945101261139,0.06457913666963577,-0.10675349831581116,0.12589077651500702,0.9841670393943787,0,0,0,0,0,0,0,0,0,0,0,0,0,0
6.3216493129730225,0,0.0,0.0,0.0,0.0,0.0,0.0,0.0,0.0,0.3,1.3086286783218384,0.20460005104541779,0.3402945101261139,0.06457913666963577,-0.10675349831581116,0.12589077651500702,0.9841670393943787,0,0,0,0,0,0,0,0,0,0,0,0,0,0
6.322951316833496,0,0.0,0.0,0.0,0.0,0.0,0.0,0.0,0.0,0.3,1.3086286783218384,0.20460005104541779,0.3402945101261139,0.06457913666963577,-0.10675349831581116,0.12589077651500702,0.9841670393943787,0,0,0,0,0,0,0,0,0,0,0,0,0,0
6.325039386749268,0,0.0,0.0,0.0,0.0,0.0,0.0,0.0,0.0,0.3,1.3086286783218384,0.20460005104541779,0.3402945101261139,0.06457913666963577,-0.10675349831581116,0.12589077651500702,0.9841670393943787,0,0,0,0,0,0,0,0,0,0,0,0,0,0
6.326291084289551,0,0.0,0.0,0.0,0.0,0.0,0.0,0.0,0.0,0.3,1.3086286783218384,0.20460005104541779,0.3402945101261139,0.06457913666963577,-0.10675349831581116,0.12589077651500702,0.9841670393943787,0,0,0,0,0,0,0,0,0,0,0,0,0,0
6.327521800994873,0,0.0,0.0,0.0,0.0,0.0,0.0,0.0,0.0,0.3,1.3086286783218384,0.20460005104541779,0.3402945101261139,0.06457913666963577,-0.10675349831581116,0.12589077651500702,0.9841670393943787,0,0,0,0,0,0,0,0,0,0,0,0,0,0
6.329180955886841,0,0.0,0.0,0.0,0.0,0.0,0.0,0.0,0.0,0.3,1.3086286783218384,0.20460005104541779,0.3402945101261139,0.06457913666963577,-0.10675349831581116,0.12589077651500702,0.9841670393943787,0,0,0,0,0,0,0,0,0,0,0,0,0,0
6.330529451370239,0,0.0,0.0,0.0,0.0,0.0,0.0,0.0,0.0,0.3,1.3086286783218384,0.20460005104541779,0.3402945101261139,0.06457913666963577,-0.10675349831581116,0.12589077651500702,0.9841670393943787,0,0,0,0,0,0,0,0,0,0,0,0,0,0
6.333227157592773,0,0.0,0.0,0.0,0.0,0.0,0.0,0.0,0.0,0.3,1.3086286783218384,0.20460005104541779,0.3402945101261139,0.06457913666963577,-0.10675349831581116,0.12589077651500702,0.9841670393943787,0,0,0,0,0,0,0,0,0,0,0,0,0,0
6.334892272949219,0,0.0,0.0,0.0,0.0,0.0,0.0,0.0,0.0,0.3,1.3086286783218384,0.20460005104541779,0.3402945101261139,0.06457913666963577,-0.10675349831581116,0.12589077651500702,0.9841670393943787,0,0,0,0,0,0,0,0,0,0,0,0,0,0
6.336727619171143,0,0.0,0.0,0.0,0.0,0.0,0.0,0.0,0.0,0.3,1.3086286783218384,0.20460005104541779,0.3402945101261139,0.06457913666963577,-0.10675349831581116,0.12589077651500702,0.9841670393943787,0,0,0,0,0,0,0,0,0,0,0,0,0,0
6.338536262512207,0,0.0,0.0,0.0,0.0,0.0,0.0,0.0,0.0,0.3,1.3086286783218384,0.20460005104541779,0.3402945101261139,0.06457913666963577,-0.10675349831581116,0.12589077651500702,0.9841670393943787,0,0,0,0,0,0,0,0,0,0,0,0,0,0
6.340375185012817,0,0.0,0.0,0.0,0.0,0.0,0.0,0.0,0.0,0.3,1.3086286783218384,0.20460005104541779,0.3402945101261139,0.06457913666963577,-0.10675349831581116,0.12589077651500702,0.9841670393943787,0,0,0,0,0,0,0,0,0,0,0,0,0,0
6.3414692878723145,0,0.0,0.0,0.0,0.0,0.0,0.0,0.0,0.0,0.3,1.3086286783218384,0.20460005104541779,0.3402945101261139,0.06457913666963577,-0.10675349831581116,0.12589077651500702,0.9841670393943787,0,0,0,0,0,0,0,0,0,0,0,0,0,0
6.342868089675903,0,0.0,0.0,0.0,0.0,0.0,0.0,0.0,0.0,0.3,1.3086286783218384,0.20460005104541779,0.3402945101261139,0.06457913666963577,-0.10675349831581116,0.12589077651500702,0.9841670393943787,0,0,0,0,0,0,0,0,0,0,0,0,0,0
6.345570087432861,0,0.0,0.0,0.0,0.0,0.0,0.0,0.0,0.0,0.3,1.3086286783218384,0.20460005104541779,0.3402945101261139,0.06457913666963577,-0.10675349831581116,0.12589077651500702,0.9841670393943787,0,0,0,0,0,0,0,0,0,0,0,0,0,0
6.347118616104126,0,0.0,0.0,0.0,0.0,0.0,0.0,0.0,0.0,0.3,1.3086286783218384,0.20460005104541779,0.3402945101261139,0.06457913666963577,-0.10675349831581116,0.12589077651500702,0.9841670393943787,0,0,0,0,0,0,0,0,0,0,0,0,0,0
6.348232984542847,0,0.0,0.0,0.0,0.0,0.0,0.0,0.0,0.0,0.3,1.3086286783218384,0.20460005104541779,0.3402945101261139,0.06457913666963577,-0.10675349831581116,0.12589077651500702,0.9841670393943787,0,0,0,0,0,0,0,0,0,0,0,0,0,0
6.349443674087524,0,0.0,0.0,0.0,0.0,0.0,0.0,0.0,0.0,0.3,1.3086286783218384,0.20460005104541779,0.3402945101261139,0.06457913666963577,-0.10675349831581116,0.12589077651500702,0.9841670393943787,0,0,0,0,0,0,0,0,0,0,0,0,0,0
6.350764036178589,0,0.0,0.0,0.0,0.0,0.0,0.0,0.0,0.0,0.3,1.3086286783218384,0.20460005104541779,0.3402945101261139,0.06457913666963577,-0.10675349831581116,0.12589077651500702,0.9841670393943787,0,0,0,0,0,0,0,0,0,0,0,0,0,0
6.351960897445679,0,0.0,0.0,0.0,0.0,0.0,0.0,0.0,0.0,0.3,1.3086286783218384,0.20460005104541779,0.3402945101261139,0.06457913666963577,-0.10675349831581116,0.12589077651500702,0.9841670393943787,0,0,0,0,0,0,0,0,0,0,0,0,0,0
6.353182792663574,0,0.0,0.0,0.0,0.0,0.0,0.0,0.0,0.0,0.3,1.3086286783218384,0.20460005104541779,0.3402945101261139,0.06457913666963577,-0.10675349831581116,0.12589077651500702,0.9841670393943787,0,0,0,0,0,0,0,0,0,0,0,0,0,0
6.3542680740356445,0,0.0,0.0,0.0,0.0,0.0,0.0,0.0,0.0,0.3,1.3086286783218384,0.20460005104541779,0.3402945101261139,0.06457913666963577,-0.10675349831581116,0.12589077651500702,0.9841670393943787,0,0,0,0,0,0,0,0,0,0,0,0,0,0
6.35543155670166,0,0.0,0.0,0.0,0.0,0.0,0.0,0.0,0.0,0.3,1.3086286783218384,0.20460005104541779,0.3402945101261139,0.06457913666963577,-0.10675349831581116,0.12589077651500702,0.9841670393943787,0,0,0,0,0,0,0,0,0,0,0,0,0,0
6.356550931930542,0,0.0,0.0,0.0,0.0,0.0,0.0,0.0,0.0,0.3,1.3086286783218384,0.20460005104541779,0.3402945101261139,0.06457913666963577,-0.10675349831581116,0.12589077651500702,0.9841670393943787,0,0,0,0,0,0,0,0,0,0,0,0,0,0
6.357661485671997,0,0.0,0.0,0.0,0.0,0.0,0.0,0.0,0.0,0.3,1.3086286783218384,0.20460005104541779,0.3402945101261139,0.06457913666963577,-0.10675349831581116,0.12589077651500702,0.9841670393943787,0,0,0,0,0,0,0,0,0,0,0,0,0,0
6.359176158905029,0,0.0,0.0,0.0,0.0,0.0,0.0,0.0,0.0,0.3,1.3086286783218384,0.20460005104541779,0.3402945101261139,0.06457913666963577,-0.10675349831581116,0.12589077651500702,0.9841670393943787,0,0,0,0,0,0,0,0,0,0,0,0,0,0
6.36065673828125,0,0.0,0.0,0.0,0.0,0.0,0.0,0.0,0.0,0.3,1.3086286783218384,0.20460005104541779,0.3402945101261139,0.06457913666963577,-0.10675349831581116,0.12589077651500702,0.9841670393943787,0,0,0,0,0,0,0,0,0,0,0,0,0,0
6.362968683242798,0,0.0,0.0,0.0,0.0,0.0,0.0,0.0,0.0,0.3,1.3086286783218384,0.20460005104541779,0.3402945101261139,0.06457913666963577,-0.10675349831581116,0.12589077651500702,0.9841670393943787,0,0,0,0,0,0,0,0,0,0,0,0,0,0
6.364398717880249,0,0.0,0.0,0.0,0.0,0.0,0.0,0.0,0.0,0.3,1.3086286783218384,0.20460005104541779,0.3402945101261139,0.06457913666963577,-0.10675349831581116,0.12589077651500702,0.9841670393943787,0,0,0,0,0,0,0,0,0,0,0,0,0,0
6.365511178970337,0,0.0,0.0,0.0,0.0,0.0,0.0,0.0,0.0,0.3,1.3086286783218384,0.20460005104541779,0.3402945101261139,0.06457913666963577,-0.10675349831581116,0.12589077651500702,0.9841670393943787,0,0,0,0,0,0,0,0,0,0,0,0,0,0
6.367674350738525,0,0.0,0.0,0.0,0.0,0.0,0.0,0.0,0.0,0.3,1.3086286783218384,0.20460005104541779,0.3402945101261139,0.06457913666963577,-0.10675349831581116,0.12589077651500702,0.9841670393943787,0,0,0,0,0,0,0,0,0,0,0,0,0,0
6.369579315185547,0,0.0,0.0,0.0,0.0,0.0,0.0,0.0,0.0,0.3,1.3086286783218384,0.20460005104541779,0.3402945101261139,0.06457913666963577,-0.10675349831581116,0.12589077651500702,0.9841670393943787,0,0,0,0,0,0,0,0,0,0,0,0,0,0
6.370664119720459,0,0.0,0.0,0.0,0.0,0.0,0.0,0.0,0.0,0.3,1.3086286783218384,0.20460005104541779,0.3402945101261139,0.06457913666963577,-0.10675349831581116,0.12589077651500702,0.9841670393943787,0,0,0,0,0,0,0,0,0,0,0,0,0,0
6.372283458709717,0,0.0,0.0,0.0,0.0,0.0,0.0,0.0,0.0,0.3,1.3086286783218384,0.20460005104541779,0.3402945101261139,0.06457913666963577,-0.10675349831581116,0.12589077651500702,0.9841670393943787,0,0,0,0,0,0,0,0,0,0,0,0,0,0
6.373351573944092,0,0.0,0.0,0.0,0.0,0.0,0.0,0.0,0.0,0.3,1.3086286783218384,0.20460005104541779,0.3402945101261139,0.06457913666963577,-0.10675349831581116,0.12589077651500702,0.9841670393943787,0,0,0,0,0,0,0,0,0,0,0,0,0,0
6.374590873718262,0,0.0,0.0,0.0,0.0,0.0,0.0,0.0,0.0,0.3,1.3086286783218384,0.20460005104541779,0.3402945101261139,0.06457913666963577,-0.10675349831581116,0.12589077651500702,0.9841670393943787,0,0,0,0,0,0,0,0,0,0,0,0,0,0
6.375696897506714,0,0.0,0.0,0.0,0.0,0.0,0.0,0.0,0.0,0.3,1.3086286783218384,0.20460005104541779,0.3402945101261139,0.06457913666963577,-0.10675349831581116,0.12589077651500702,0.9841670393943787,0,0,0,0,0,0,0,0,0,0,0,0,0,0
6.376760482788086,0,0.0,0.0,0.0,0.0,0.0,0.0,0.0,0.0,0.3,1.3086286783218384,0.20460005104541779,0.3402945101261139,0.06457913666963577,-0.10675349831581116,0.12589077651500702,0.9841670393943787,0,0,0,0,0,0,0,0,0,0,0,0,0,0
6.37797999382019,0,0.0,0.0,0.0,0.0,0.0,0.0,0.0,0.0,0.3,1.3086286783218384,0.20460005104541779,0.3402945101261139,0.06457913666963577,-0.10675349831581116,0.12589077651500702,0.9841670393943787,0,0,0,0,0,0,0,0,0,0,0,0,0,0
6.381023406982422,0,0.0,0.0,0.0,0.0,0.0,0.0,0.0,0.0,0.3,1.3086286783218384,0.20460005104541779,0.3402945101261139,0.06457913666963577,-0.10675349831581116,0.12589077651500702,0.9841670393943787,0,0,0,0,0,0,0,0,0,0,0,0,0,0
6.382233142852783,0,0.0,0.0,0.0,0.0,0.0,0.0,0.0,0.0,0.3,1.3086286783218384,0.20460005104541779,0.3402945101261139,0.06457913666963577,-0.10675349831581116,0.12589077651500702,0.9841670393943787,0,0,0,0,0,0,0,0,0,0,0,0,0,0
6.383496046066284,0,0.0,0.0,0.0,0.0,0.0,0.0,0.0,0.0,0.3,1.3086286783218384,0.20460005104541779,0.3402945101261139,0.06457913666963577,-0.10675349831581116,0.12589077651500702,0.9841670393943787,0,0,0,0,0,0,0,0,0,0,0,0,0,0
6.384756565093994,0,0.0,0.0,0.0,0.0,0.0,0.0,0.0,0.0,0.3,1.3086286783218384,0.20460005104541779,0.3402945101261139,0.06457913666963577,-0.10675349831581116,0.12589077651500702,0.9841670393943787,0,0,0,0,0,0,0,0,0,0,0,0,0,0
6.3865647315979,0,0.0,0.0,0.0,0.0,0.0,0.0,0.0,0.0,0.3,1.3086286783218384,0.20460005104541779,0.3402945101261139,0.06457913666963577,-0.10675349831581116,0.12589077651500702,0.9841670393943787,0,0,0,0,0,0,0,0,0,0,0,0,0,0
6.387628793716431,0,0.0,0.0,0.0,0.0,0.0,0.0,0.0,0.0,0.3,1.3086286783218384,0.20460005104541779,0.3402945101261139,0.06457913666963577,-0.10675349831581116,0.12589077651500702,0.9841670393943787,0,0,0,0,0,0,0,0,0,0,0,0,0,0
6.388800621032715,0,0.0,0.0,0.0,0.0,0.0,0.0,0.0,0.0,0.3,1.3086286783218384,0.20460005104541779,0.3402945101261139,0.06457913666963577,-0.10675349831581116,0.12589077651500702,0.9841670393943787,0,0,0,0,0,0,0,0,0,0,0,0,0,0
6.389947175979614,0,0.0,0.0,0.0,0.0,0.0,0.0,0.0,0.0,0.3,1.3086286783218384,0.20460005104541779,0.3402945101261139,0.06457913666963577,-0.10675349831581116,0.12589077651500702,0.9841670393943787,0,0,0,0,0,0,0,0,0,0,0,0,0,0
6.3930535316467285,0,0.0,0.0,0.0,0.0,0.0,0.0,0.0,0.0,0.3,1.3086286783218384,0.20460005104541779,0.3402945101261139,0.06457913666963577,-0.10675349831581116,0.12589077651500702,0.9841670393943787,0,0,0,0,0,0,0,0,0,0,0,0,0,0
6.394326448440552,0,0.0,0.0,0.0,0.0,0.0,0.0,0.0,0.0,0.3,1.3086286783218384,0.20460005104541779,0.3402945101261139,0.06457913666963577,-0.10675349831581116,0.12589077651500702,0.9841670393943787,0,0,0,0,0,0,0,0,0,0,0,0,0,0
6.3961663246154785,0,0.0,0.0,0.0,0.0,0.0,0.0,0.0,0.0,0.3,1.3086286783218384,0.20460005104541779,0.3402945101261139,0.06457913666963577,-0.10675349831581116,0.12589077651500702,0.9841670393943787,0,0,0,0,0,0,0,0,0,0,0,0,0,0
6.398899078369141,0,0.0,0.0,0.0,0.0,0.0,0.0,0.0,0.0,0.3,1.3086286783218384,0.20460005104541779,0.3402945101261139,0.06457913666963577,-0.10675349831581116,0.12589077651500702,0.9841670393943787,0,0,0,0,0,0,0,0,0,0,0,0,0,0
6.400378465652466,0,0.0,0.0,0.0,0.0,0.0,0.0,0.0,0.0,0.3,1.3086286783218384,0.20460005104541779,0.3402945101261139,0.06457913666963577,-0.10675349831581116,0.12589077651500702,0.9841670393943787,0,0,0,0,0,0,0,0,0,0,0,0,0,0
6.401805877685547,0,0.0,0.0,0.0,0.0,0.0,0.0,0.0,0.0,0.3,1.3086286783218384,0.20460005104541779,0.3402945101261139,0.06457913666963577,-0.10675349831581116,0.12589077651500702,0.9841670393943787,0,0,0,0,0,0,0,0,0,0,0,0,0,0
6.404715061187744,0,0.0,0.0,0.0,0.0,0.0,0.0,0.0,0.0,0.3,1.3086286783218384,0.20460005104541779,0.3402945101261139,0.06457913666963577,-0.10675349831581116,0.12589077651500702,0.9841670393943787,0,0,0,0,0,0,0,0,0,0,0,0,0,0
6.405940532684326,0,0.0,0.0,0.0,0.0,0.0,0.0,0.0,0.0,0.3,1.3086286783218384,0.20460005104541779,0.3402945101261139,0.06457913666963577,-0.10675349831581116,0.12589077651500702,0.9841670393943787,0,0,0,0,0,0,0,0,0,0,0,0,0,0
6.4072105884552,0,0.0,0.0,0.0,0.0,0.0,0.0,0.0,0.0,0.3,1.3086286783218384,0.20460005104541779,0.3402945101261139,0.06457913666963577,-0.10675349831581116,0.12589077651500702,0.9841670393943787,0,0,0,0,0,0,0,0,0,0,0,0,0,0
6.408307075500488,0,0.0,0.0,0.0,0.0,0.0,0.0,0.0,0.0,0.3,1.3086286783218384,0.20460005104541779,0.3402945101261139,0.06457913666963577,-0.10675349831581116,0.12589077651500702,0.9841670393943787,0,0,0,0,0,0,0,0,0,0,0,0,0,0
6.410830497741699,0,0.0,0.0,0.0,0.0,0.0,0.0,0.0,0.0,0.3,1.3086286783218384,0.20460005104541779,0.3402945101261139,0.06457913666963577,-0.10675349831581116,0.12589077651500702,0.9841670393943787,0,0,0,0,0,0,0,0,0,0,0,0,0,0
6.411938905715942,0,0.0,0.0,0.0,0.0,0.0,0.0,0.0,0.0,0.3,1.3086286783218384,0.20460005104541779,0.3402945101261139,0.06457913666963577,-0.10675349831581116,0.12589077651500702,0.9841670393943787,0,0,0,0,0,0,0,0,0,0,0,0,0,0
6.413161993026733,0,0.0,0.0,0.0,0.0,0.0,0.0,0.0,0.0,0.3,1.3086286783218384,0.20460005104541779,0.3402945101261139,0.06457913666963577,-0.10675349831581116,0.12589077651500702,0.9841670393943787,0,0,0,0,0,0,0,0,0,0,0,0,0,0
6.414239168167114,0,0.0,0.0,0.0,0.0,0.0,0.0,0.0,0.0,0.3,1.3086286783218384,0.20460005104541779,0.3402945101261139,0.06457913666963577,-0.10675349831581116,0.12589077651500702,0.9841670393943787,0,0,0,0,0,0,0,0,0,0,0,0,0,0
6.4153971672058105,0,0.0,0.0,0.0,0.0,0.0,0.0,0.0,0.0,0.3,1.3086286783218384,0.20460005104541779,0.3402945101261139,0.06457913666963577,-0.10675349831581116,0.12589077651500702,0.9841670393943787,0,0,0,0,0,0,0,0,0,0,0,0,0,0
6.416540145874023,0,0.0,0.0,0.0,0.0,0.0,0.0,0.0,0.0,0.3,1.3086286783218384,0.20460005104541779,0.3402945101261139,0.06457913666963577,-0.10675349831581116,0.12589077651500702,0.9841670393943787,0,0,0,0,0,0,0,0,0,0,0,0,0,0
6.417839527130127,0,0.0,0.0,0.0,0.0,0.0,0.0,0.0,0.0,0.3,1.3086286783218384,0.20460005104541779,0.3402945101261139,0.06457913666963577,-0.10675349831581116,0.12589077651500702,0.9841670393943787,0,0,0,0,0,0,0,0,0,0,0,0,0,0
6.419670343399048,0,0.0,0.0,0.0,0.0,0.0,0.0,0.0,0.0,0.3,1.3086286783218384,0.20460005104541779,0.3402945101261139,0.06457913666963577,-0.10675349831581116,0.12589077651500702,0.9841670393943787,0,0,0,0,0,0,0,0,0,0,0,0,0,0
6.422561407089233,0,0.0,0.0,0.0,0.0,0.0,0.0,0.0,0.0,0.3,1.3086286783218384,0.20460005104541779,0.3402945101261139,0.06457913666963577,-0.10675349831581116,0.12589077651500702,0.9841670393943787,0,0,0,0,0,0,0,0,0,0,0,0,0,0
6.423957824707031,0,0.0,0.0,0.0,0.0,0.0,0.0,0.0,0.0,0.3,1.3086286783218384,0.20460005104541779,0.3402945101261139,0.06457913666963577,-0.10675349831581116,0.12589077651500702,0.9841670393943787,0,0,0,0,0,0,0,0,0,0,0,0,0,0
6.425121307373047,0,0.0,0.0,0.0,0.0,0.0,0.0,0.0,0.0,0.3,1.3086286783218384,0.20460005104541779,0.3402945101261139,0.06457913666963577,-0.10675349831581116,0.12589077651500702,0.9841670393943787,0,0,0,0,0,0,0,0,0,0,0,0,0,0
6.426215171813965,0,0.0,0.0,0.0,0.0,0.0,0.0,0.0,0.0,0.3,1.3086286783218384,0.20460005104541779,0.3402945101261139,0.06457913666963577,-0.10675349831581116,0.12589077651500702,0.9841670393943787,0,0,0,0,0,0,0,0,0,0,0,0,0,0
6.427488088607788,0,0.0,0.0,0.0,0.0,0.0,0.0,0.0,0.0,0.3,1.3086286783218384,0.20460005104541779,0.3402945101261139,0.06457913666963577,-0.10675349831581116,0.12589077651500702,0.9841670393943787,0,0,0,0,0,0,0,0,0,0,0,0,0,0
6.429158926010132,0,0.0,0.0,0.0,0.0,0.0,0.0,0.0,0.0,0.3,1.3086286783218384,0.20460005104541779,0.3402945101261139,0.06457913666963577,-0.10675349831581116,0.12589077651500702,0.9841670393943787,0,0,0,0,0,0,0,0,0,0,0,0,0,0
6.430557727813721,0,0.0,0.0,0.0,0.0,0.0,0.0,0.0,0.0,0.3,1.3086286783218384,0.20460005104541779,0.3402945101261139,0.06457913666963577,-0.10675349831581116,0.12589077651500702,0.9841670393943787,0,0,0,0,0,0,0,0,0,0,0,0,0,0
6.431859731674194,0,0.0,0.0,0.0,0.0,0.0,0.0,0.0,0.0,0.3,1.3086286783218384,0.20460005104541779,0.3402945101261139,0.06457913666963577,-0.10675349831581116,0.12589077651500702,0.9841670393943787,0,0,0,0,0,0,0,0,0,0,0,0,0,0
6.432952165603638,0,0.0,0.0,0.0,0.0,0.0,0.0,0.0,0.0,0.3,1.3086286783218384,0.20460005104541779,0.3402945101261139,0.06457913666963577,-0.10675349831581116,0.12589077651500702,0.9841670393943787,0,0,0,0,0,0,0,0,0,0,0,0,0,0
6.434027910232544,0,0.0,0.0,0.0,0.0,0.0,0.0,0.0,0.0,0.3,1.3086286783218384,0.20460005104541779,0.3402945101261139,0.06457913666963577,-0.10675349831581116,0.12589077651500702,0.9841670393943787,0,0,0,0,0,0,0,0,0,0,0,0,0,0
6.435096740722656,0,0.0,0.0,0.0,0.0,0.0,0.0,0.0,0.0,0.3,1.3086286783218384,0.20460005104541779,0.3402945101261139,0.06457913666963577,-0.10675349831581116,0.12589077651500702,0.9841670393943787,0,0,0,0,0,0,0,0,0,0,0,0,0,0
6.436434507369995,0,0.0,0.0,0.0,0.0,0.0,0.0,0.0,0.0,0.3,1.3086286783218384,0.20460005104541779,0.3402945101261139,0.06457913666963577,-0.10675349831581116,0.12589077651500702,0.9841670393943787,0,0,0,0,0,0,0,0,0,0,0,0,0,0
6.437518835067749,0,0.0,0.0,0.0,0.0,0.0,0.0,0.0,0.0,0.3,1.3086286783218384,0.20460005104541779,0.3402945101261139,0.06457913666963577,-0.10675349831581116,0.12589077651500702,0.9841670393943787,0,0,0,0,0,0,0,0,0,0,0,0,0,0
6.438625812530518,0,0.0,0.0,0.0,0.0,0.0,0.0,0.0,0.0,0.3,1.3086286783218384,0.20460005104541779,0.3402945101261139,0.06457913666963577,-0.10675349831581116,0.12589077651500702,0.9841670393943787,0,0,0,0,0,0,0,0,0,0,0,0,0,0
6.439692974090576,0,0.0,0.0,0.0,0.0,0.0,0.0,0.0,0.0,0.3,1.3086286783218384,0.20460005104541779,0.3402945101261139,0.06457913666963577,-0.10675349831581116,0.12589077651500702,0.9841670393943787,0,0,0,0,0,0,0,0,0,0,0,0,0,0
6.441194534301758,0,0.0,0.0,0.0,0.0,0.0,0.0,0.0,0.0,0.3,1.3086286783218384,0.20460005104541779,0.3402945101261139,0.06457913666963577,-0.10675349831581116,0.12589077651500702,0.9841670393943787,0,0,0,0,0,0,0,0,0,0,0,0,0,0
6.442447185516357,0,0.0,0.0,0.0,0.0,0.0,0.0,0.0,0.0,0.3,1.3086286783218384,0.20460005104541779,0.3402945101261139,0.06457913666963577,-0.10675349831581116,0.12589077651500702,0.9841670393943787,0,0,0,0,0,0,0,0,0,0,0,0,0,0
6.44360613822937,0,0.0,0.0,0.0,0.0,0.0,0.0,0.0,0.0,0.3,1.3086286783218384,0.20460005104541779,0.3402945101261139,0.06457913666963577,-0.10675349831581116,0.12589077651500702,0.9841670393943787,0,0,0,0,0,0,0,0,0,0,0,0,0,0
6.444877862930298,0,0.0,0.0,0.0,0.0,0.0,0.0,0.0,0.0,0.3,1.3086286783218384,0.20460005104541779,0.3402945101261139,0.06457913666963577,-0.10675349831581116,0.12589077651500702,0.9841670393943787,0,0,0,0,0,0,0,0,0,0,0,0,0,0
6.44688868522644,0,0.0,0.0,0.0,0.0,0.0,0.0,0.0,0.0,0.3,1.3086286783218384,0.20460005104541779,0.3402945101261139,0.06457913666963577,-0.10675349831581116,0.12589077651500702,0.9841670393943787,0,0,0,0,0,0,0,0,0,0,0,0,0,0
6.448192596435547,0,0.0,0.0,0.0,0.0,0.0,0.0,0.0,0.0,0.3,1.3086286783218384,0.20460005104541779,0.3402945101261139,0.06457913666963577,-0.10675349831581116,0.12589077651500702,0.9841670393943787,0,0,0,0,0,0,0,0,0,0,0,0,0,0
6.450049638748169,0,0.0,0.0,0.0,0.0,0.0,0.0,0.0,0.0,0.3,1.3086286783218384,0.20460005104541779,0.3402945101261139,0.06457913666963577,-0.10675349831581116,0.12589077651500702,0.9841670393943787,0,0,0,0,0,0,0,0,0,0,0,0,0,0
6.451344013214111,0,0.0,0.0,0.0,0.0,0.0,0.0,0.0,0.0,0.3,1.3086286783218384,0.20460005104541779,0.3402945101261139,0.06457913666963577,-0.10675349831581116,0.12589077651500702,0.9841670393943787,0,0,0,0,0,0,0,0,0,0,0,0,0,0
6.453193187713623,0,0.0,0.0,0.0,0.0,0.0,0.0,0.0,0.0,0.3,1.3086286783218384,0.20460005104541779,0.3402945101261139,0.06457913666963577,-0.10675349831581116,0.12589077651500702,0.9841670393943787,0,0,0,0,0,0,0,0,0,0,0,0,0,0
6.454467058181763,0,0.0,0.0,0.0,0.0,0.0,0.0,0.0,0.0,0.3,1.3086286783218384,0.20460005104541779,0.3402945101261139,0.06457913666963577,-0.10675349831581116,0.12589077651500702,0.9841670393943787,0,0,0,0,0,0,0,0,0,0,0,0,0,0
6.4577085971832275,0,0.0,0.0,0.0,0.0,0.0,0.0,0.0,0.0,0.3,1.3086286783218384,0.20460005104541779,0.3402945101261139,0.06457913666963577,-0.10675349831581116,0.12589077651500702,0.9841670393943787,0,0,0,0,0,0,0,0,0,0,0,0,0,0
6.459122180938721,0,0.0,0.0,0.0,0.0,0.0,0.0,0.0,0.0,0.3,1.3086286783218384,0.20460005104541779,0.3402945101261139,0.06457913666963577,-0.10675349831581116,0.12589077651500702,0.9841670393943787,0,0,0,0,0,0,0,0,0,0,0,0,0,0
6.460964679718018,0,0.0,0.0,0.0,0.0,0.0,0.0,0.0,0.0,0.3,1.3086286783218384,0.20460005104541779,0.3402945101261139,0.06457913666963577,-0.10675349831581116,0.12589077651500702,0.9841670393943787,0,0,0,0,0,0,0,0,0,0,0,0,0,0
6.462416172027588,0,0.0,0.0,0.0,0.0,0.0,0.0,0.0,0.0,0.3,1.3086286783218384,0.20460005104541779,0.3402945101261139,0.06457913666963577,-0.10675349831581116,0.12589077651500702,0.9841670393943787,0,0,0,0,0,0,0,0,0,0,0,0,0,0
6.463789939880371,0,0.0,0.0,0.0,0.0,0.0,0.0,0.0,0.0,0.3,1.3086286783218384,0.20460005104541779,0.3402945101261139,0.06457913666963577,-0.10675349831581116,0.12589077651500702,0.9841670393943787,0,0,0,0,0,0,0,0,0,0,0,0,0,0
6.4649739265441895,0,0.0,0.0,0.0,0.0,0.0,0.0,0.0,0.0,0.3,1.3086286783218384,0.20460005104541779,0.3402945101261139,0.06457913666963577,-0.10675349831581116,0.12589077651500702,0.9841670393943787,0,0,0,0,0,0,0,0,0,0,0,0,0,0
6.466286897659302,0,0.0,0.0,0.0,0.0,0.0,0.0,0.0,0.0,0.3,1.3086286783218384,0.20460005104541779,0.3402945101261139,0.06457913666963577,-0.10675349831581116,0.12589077651500702,0.9841670393943787,0,0,0,0,0,0,0,0,0,0,0,0,0,0
6.467415809631348,0,0.0,0.0,0.0,0.0,0.0,0.0,0.0,0.0,0.3,1.3086286783218384,0.20460005104541779,0.3402945101261139,0.06457913666963577,-0.10675349831581116,0.12589077651500702,0.9841670393943787,0,0,0,0,0,0,0,0,0,0,0,0,0,0
6.468863487243652,0,0.0,0.0,0.0,0.0,0.0,0.0,0.0,0.0,0.3,1.3086286783218384,0.20460005104541779,0.3402945101261139,0.06457913666963577,-0.10675349831581116,0.12589077651500702,0.9841670393943787,0,0,0,0,0,0,0,0,0,0,0,0,0,0
6.470195293426514,0,0.0,0.0,0.0,0.0,0.0,0.0,0.0,0.0,0.3,1.3086286783218384,0.20460005104541779,0.3402945101261139,0.06457913666963577,-0.10675349831581116,0.12589077651500702,0.9841670393943787,0,0,0,0,0,0,0,0,0,0,0,0,0,0
6.4718568325042725,0,0.0,0.0,0.0,0.0,0.0,0.0,0.0,0.0,0.3,1.3086286783218384,0.20460005104541779,0.3402945101261139,0.06457913666963577,-0.10675349831581116,0.12589077651500702,0.9841670393943787,0,0,0,0,0,0,0,0,0,0,0,0,0,0
6.47298526763916,0,0.0,0.0,0.0,0.0,0.0,0.0,0.0,0.0,0.3,1.3086286783218384,0.20460005104541779,0.3402945101261139,0.06457913666963577,-0.10675349831581116,0.12589077651500702,0.9841670393943787,0,0,0,0,0,0,0,0,0,0,0,0,0,0
6.4742112159729,0,0.0,0.0,0.0,0.0,0.0,0.0,0.0,0.0,0.3,1.3086286783218384,0.20460005104541779,0.3402945101261139,0.06457913666963577,-0.10675349831581116,0.12589077651500702,0.9841670393943787,0,0,0,0,0,0,0,0,0,0,0,0,0,0
6.475405216217041,0,0.0,0.0,0.0,0.0,0.0,0.0,0.0,0.0,0.3,1.3086286783218384,0.20460005104541779,0.3402945101261139,0.06457913666963577,-0.10675349831581116,0.12589077651500702,0.9841670393943787,0,0,0,0,0,0,0,0,0,0,0,0,0,0
6.476478815078735,0,0.0,0.0,0.0,0.0,0.0,0.0,0.0,0.0,0.3,1.3086286783218384,0.20460005104541779,0.3402945101261139,0.06457913666963577,-0.10675349831581116,0.12589077651500702,0.9841670393943787,0,0,0,0,0,0,0,0,0,0,0,0,0,0
6.477540016174316,0,0.0,0.0,0.0,0.0,0.0,0.0,0.0,0.0,0.3,1.3086286783218384,0.20460005104541779,0.3402945101261139,0.06457913666963577,-0.10675349831581116,0.12589077651500702,0.9841670393943787,0,0,0,0,0,0,0,0,0,0,0,0,0,0
6.480546236038208,0,0.0,0.0,0.0,0.0,0.0,0.0,0.0,0.0,0.3,1.3086286783218384,0.20460005104541779,0.3402945101261139,0.06457913666963577,-0.10675349831581116,0.12589077651500702,0.9841670393943787,0,0,0,0,0,0,0,0,0,0,0,0,0,0
6.4821202754974365,0,0.0,0.0,0.0,0.0,0.0,0.0,0.0,0.0,0.3,1.3086286783218384,0.20460005104541779,0.3402945101261139,0.06457913666963577,-0.10675349831581116,0.12589077651500702,0.9841670393943787,0,0,0,0,0,0,0,0,0,0,0,0,0,0
6.483518123626709,0,0.0,0.0,0.0,0.0,0.0,0.0,0.0,0.0,0.3,1.3086286783218384,0.20460005104541779,0.3402945101261139,0.06457913666963577,-0.10675349831581116,0.12589077651500702,0.9841670393943787,0,0,0,0,0,0,0,0,0,0,0,0,0,0
6.484684705734253,0,0.0,0.0,0.0,0.0,0.0,0.0,0.0,0.0,0.3,1.3086286783218384,0.20460005104541779,0.3402945101261139,0.06457913666963577,-0.10675349831581116,0.12589077651500702,0.9841670393943787,0,0,0,0,0,0,0,0,0,0,0,0,0,0
6.485751390457153,0,0.0,0.0,0.0,0.0,0.0,0.0,0.0,0.0,0.3,1.3086286783218384,0.20460005104541779,0.3402945101261139,0.06457913666963577,-0.10675349831581116,0.12589077651500702,0.9841670393943787,0,0,0,0,0,0,0,0,0,0,0,0,0,0
6.487050771713257,0,0.0,0.0,0.0,0.0,0.0,0.0,0.0,0.0,0.3,1.3086286783218384,0.20460005104541779,0.3402945101261139,0.06457913666963577,-0.10675349831581116,0.12589077651500702,0.9841670393943787,0,0,0,0,0,0,0,0,0,0,0,0,0,0
6.488206624984741,0,0.0,0.0,0.0,0.0,0.0,0.0,0.0,0.0,0.3,1.3086286783218384,0.20460005104541779,0.3402945101261139,0.06457913666963577,-0.10675349831581116,0.12589077651500702,0.9841670393943787,0,0,0,0,0,0,0,0,0,0,0,0,0,0
6.489301443099976,0,0.0,0.0,0.0,0.0,0.0,0.0,0.0,0.0,0.3,1.3086286783218384,0.20460005104541779,0.3402945101261139,0.06457913666963577,-0.10675349831581116,0.12589077651500702,0.9841670393943787,0,0,0,0,0,0,0,0,0,0,0,0,0,0
6.491426229476929,0,0.0,0.0,0.0,0.0,0.0,0.0,0.0,0.0,0.3,1.3086286783218384,0.20460005104541779,0.3402945101261139,0.06457913666963577,-0.10675349831581116,0.12589077651500702,0.9841670393943787,0,0,0,0,0,0,0,0,0,0,0,0,0,0
6.492552995681763,0,0.0,0.0,0.0,0.0,0.0,0.0,0.0,0.0,0.3,1.3086286783218384,0.20460005104541779,0.3402945101261139,0.06457913666963577,-0.10675349831581116,0.12589077651500702,0.9841670393943787,0,0,0,0,0,0,0,0,0,0,0,0,0,0
6.493752479553223,0,0.0,0.0,0.0,0.0,0.0,0.0,0.0,0.0,0.3,1.3086286783218384,0.20460005104541779,0.3402945101261139,0.06457913666963577,-0.10675349831581116,0.12589077651500702,0.9841670393943787,0,0,0,0,0,0,0,0,0,0,0,0,0,0
6.494941711425781,0,0.0,0.0,0.0,0.0,0.0,0.0,0.0,0.0,0.3,1.3086286783218384,0.20460005104541779,0.3402945101261139,0.06457913666963577,-0.10675349831581116,0.12589077651500702,0.9841670393943787,0,0,0,0,0,0,0,0,0,0,0,0,0,0
6.496028661727905,0,0.0,0.0,0.0,0.0,0.0,0.0,0.0,0.0,0.3,1.3086286783218384,0.20460005104541779,0.3402945101261139,0.06457913666963577,-0.10675349831581116,0.12589077651500702,0.9841670393943787,0,0,0,0,0,0,0,0,0,0,0,0,0,0
6.497725009918213,0,0.0,0.0,0.0,0.0,0.0,0.0,0.0,0.0,0.3,1.3086286783218384,0.20460005104541779,0.3402945101261139,0.06457913666963577,-0.10675349831581116,0.12589077651500702,0.9841670393943787,0,0,0,0,0,0,0,0,0,0,0,0,0,0
6.499048709869385,0,0.0,0.0,0.0,0.0,0.0,0.0,0.0,0.0,0.3,1.3086286783218384,0.20460005104541779,0.3402945101261139,0.06457913666963577,-0.10675349831581116,0.12589077651500702,0.9841670393943787,0,0,0,0,0,0,0,0,0,0,0,0,0,0
6.500268936157227,0,0.0,0.0,0.0,0.0,0.0,0.0,0.0,0.0,0.3,1.3086286783218384,0.20460005104541779,0.3402945101261139,0.06457913666963577,-0.10675349831581116,0.12589077651500702,0.9841670393943787,0,0,0,0,0,0,0,0,0,0,0,0,0,0
6.502007484436035,0,0.0,0.0,0.0,0.0,0.0,0.0,0.0,0.0,0.3,1.3086286783218384,0.20460005104541779,0.3402945101261139,0.06457913666963577,-0.10675349831581116,0.12589077651500702,0.9841670393943787,0,0,0,0,0,0,0,0,0,0,0,0,0,0
6.5032830238342285,0,0.0,0.0,0.0,0.0,0.0,0.0,0.0,0.0,0.3,1.3086286783218384,0.20460005104541779,0.3402945101261139,0.06457913666963577,-0.10675349831581116,0.12589077651500702,0.9841670393943787,0,0,0,0,0,0,0,0,0,0,0,0,0,0
6.504418611526489,0,0.0,0.0,0.0,0.0,0.0,0.0,0.0,0.0,0.3,1.3086286783218384,0.20460005104541779,0.3402945101261139,0.06457913666963577,-0.10675349831581116,0.12589077651500702,0.9841670393943787,0,0,0,0,0,0,0,0,0,0,0,0,0,0
6.506700038909912,0,0.0,0.0,0.0,0.0,0.0,0.0,0.0,0.0,0.3,1.3086286783218384,0.20460005104541779,0.3402945101261139,0.06457913666963577,-0.10675349831581116,0.12589077651500702,0.9841670393943787,0,0,0,0,0,0,0,0,0,0,0,0,0,0
6.5078208446502686,0,0.0,0.0,0.0,0.0,0.0,0.0,0.0,0.0,0.3,1.3086286783218384,0.20460005104541779,0.3402945101261139,0.06457913666963577,-0.10675349831581116,0.12589077651500702,0.9841670393943787,0,0,0,0,0,0,0,0,0,0,0,0,0,0
6.50917649269104,0,0.0,0.0,0.0,0.0,0.0,0.0,0.0,0.0,0.3,1.3086286783218384,0.20460005104541779,0.3402945101261139,0.06457913666963577,-0.10675349831581116,0.12589077651500702,0.9841670393943787,0,0,0,0,0,0,0,0,0,0,0,0,0,0
6.510472774505615,0,0.0,0.0,0.0,0.0,0.0,0.0,0.0,0.0,0.3,1.3086286783218384,0.20460005104541779,0.3402945101261139,0.06457913666963577,-0.10675349831581116,0.12589077651500702,0.9841670393943787,0,0,0,0,0,0,0,0,0,0,0,0,0,0
6.511533737182617,0,0.0,0.0,0.0,0.0,0.0,0.0,0.0,0.0,0.3,1.3086286783218384,0.20460005104541779,0.3402945101261139,0.06457913666963577,-0.10675349831581116,0.12589077651500702,0.9841670393943787,0,0,0,0,0,0,0,0,0,0,0,0,0,0
6.513737440109253,0,0.0,0.0,0.0,0.0,0.0,0.0,0.0,0.0,0.3,1.3086286783218384,0.20460005104541779,0.3402945101261139,0.06457913666963577,-0.10675349831581116,0.12589077651500702,0.9841670393943787,0,0,0,0,0,0,0,0,0,0,0,0,0,0
6.514984369277954,0,0.0,0.0,0.0,0.0,0.0,0.0,0.0,0.0,0.3,1.3086286783218384,0.20460005104541779,0.3402945101261139,0.06457913666963577,-0.10675349831581116,0.12589077651500702,0.9841670393943787,0,0,0,0,0,0,0,0,0,0,0,0,0,0
6.516767263412476,0,0.0,0.0,0.0,0.0,0.0,0.0,0.0,0.0,0.3,1.3086286783218384,0.20460005104541779,0.3402945101261139,0.06457913666963577,-0.10675349831581116,0.12589077651500702,0.9841670393943787,0,0,0,0,0,0,0,0,0,0,0,0,0,0
6.518303871154785,0,0.0,0.0,0.0,0.0,0.0,0.0,0.0,0.0,0.3,1.3086286783218384,0.20460005104541779,0.3402945101261139,0.06457913666963577,-0.10675349831581116,0.12589077651500702,0.9841670393943787,0,0,0,0,0,0,0,0,0,0,0,0,0,0
6.52164626121521,0,0.0,0.0,0.0,0.0,0.0,0.0,0.0,0.0,0.3,1.3086286783218384,0.20460005104541779,0.3402945101261139,0.06457913666963577,-0.10675349831581116,0.12589077651500702,0.9841670393943787,0,0,0,0,0,0,0,0,0,0,0,0,0,0
6.522774696350098,0,0.0,0.0,0.0,0.0,0.0,0.0,0.0,0.0,0.3,1.3086286783218384,0.20460005104541779,0.3402945101261139,0.06457913666963577,-0.10675349831581116,0.12589077651500702,0.9841670393943787,0,0,0,0,0,0,0,0,0,0,0,0,0,0
6.52418065071106,0,0.0,0.0,0.0,0.0,0.0,0.0,0.0,0.0,0.3,1.3086286783218384,0.20460005104541779,0.3402945101261139,0.06457913666963577,-0.10675349831581116,0.12589077651500702,0.9841670393943787,0,0,0,0,0,0,0,0,0,0,0,0,0,0
6.5256102085113525,0,0.0,0.0,0.0,0.0,0.0,0.0,0.0,0.0,0.3,1.3086286783218384,0.20460005104541779,0.3402945101261139,0.06457913666963577,-0.10675349831581116,0.12589077651500702,0.9841670393943787,0,0,0,0,0,0,0,0,0,0,0,0,0,0
6.526785135269165,0,0.0,0.0,0.0,0.0,0.0,0.0,0.0,0.0,0.3,1.3086286783218384,0.20460005104541779,0.3402945101261139,0.06457913666963577,-0.10675349831581116,0.12589077651500702,0.9841670393943787,0,0,0,0,0,0,0,0,0,0,0,0,0,0
6.5283203125,0,0.0,0.0,0.0,0.0,0.0,0.0,0.0,0.0,0.3,1.3086286783218384,0.20460005104541779,0.3402945101261139,0.06457913666963577,-0.10675349831581116,0.12589077651500702,0.9841670393943787,0,0,0,0,0,0,0,0,0,0,0,0,0,0
6.529382705688477,0,0.0,0.0,0.0,0.0,0.0,0.0,0.0,0.0,0.3,1.3086286783218384,0.20460005104541779,0.3402945101261139,0.06457913666963577,-0.10675349831581116,0.12589077651500702,0.9841670393943787,0,0,0,0,0,0,0,0,0,0,0,0,0,0
6.531396389007568,0,0.0,0.0,0.0,0.0,0.0,0.0,0.0,0.0,0.3,1.3086286783218384,0.20460005104541779,0.3402945101261139,0.06457913666963577,-0.10675349831581116,0.12589077651500702,0.9841670393943787,0,0,0,0,0,0,0,0,0,0,0,0,0,0
6.532585620880127,0,0.0,0.0,0.0,0.0,0.0,0.0,0.0,0.0,0.3,1.3086286783218384,0.20460005104541779,0.3402945101261139,0.06457913666963577,-0.10675349831581116,0.12589077651500702,0.9841670393943787,0,0,0,0,0,0,0,0,0,0,0,0,0,0
6.533746242523193,0,0.0,0.0,0.0,0.0,0.0,0.0,0.0,0.0,0.3,1.3086286783218384,0.20460005104541779,0.3402945101261139,0.06457913666963577,-0.10675349831581116,0.12589077651500702,0.9841670393943787,0,0,0,0,0,0,0,0,0,0,0,0,0,0
6.534962177276611,0,0.0,0.0,0.0,0.0,0.0,0.0,0.0,0.0,0.3,1.3086286783218384,0.20460005104541779,0.3402945101261139,0.06457913666963577,-0.10675349831581116,0.12589077651500702,0.9841670393943787,0,0,0,0,0,0,0,0,0,0,0,0,0,0
6.5361785888671875,0,0.0,0.0,0.0,0.0,0.0,0.0,0.0,0.0,0.3,1.3086286783218384,0.20460005104541779,0.3402945101261139,0.06457913666963577,-0.10675349831581116,0.12589077651500702,0.9841670393943787,0,0,0,0,0,0,0,0,0,0,0,0,0,0
6.537245988845825,0,0.0,0.0,0.0,0.0,0.0,0.0,0.0,0.0,0.3,1.3086286783218384,0.20460005104541779,0.3402945101261139,0.06457913666963577,-0.10675349831581116,0.12589077651500702,0.9841670393943787,0,0,0,0,0,0,0,0,0,0,0,0,0,0
6.538637638092041,0,0.0,0.0,0.0,0.0,0.0,0.0,0.0,0.0,0.3,1.3086286783218384,0.20460005104541779,0.3402945101261139,0.06457913666963577,-0.10675349831581116,0.12589077651500702,0.9841670393943787,0,0,0,0,0,0,0,0,0,0,0,0,0,0
6.542987108230591,0,0.0,0.0,0.0,0.0,0.0,0.0,0.0,0.0,0.3,1.3086286783218384,0.20460005104541779,0.3402945101261139,0.06457913666963577,-0.10675349831581116,0.12589077651500702,0.9841670393943787,0,0,0,0,0,0,0,0,0,0,0,0,0,0
6.544257879257202,0,0.0,0.0,0.0,0.0,0.0,0.0,0.0,0.0,0.3,1.3086286783218384,0.20460005104541779,0.3402945101261139,0.06457913666963577,-0.10675349831581116,0.12589077651500702,0.9841670393943787,0,0,0,0,0,0,0,0,0,0,0,0,0,0
6.545515775680542,0,0.0,0.0,0.0,0.0,0.0,0.0,0.0,0.0,0.3,1.3086286783218384,0.20460005104541779,0.3402945101261139,0.06457913666963577,-0.10675349831581116,0.12589077651500702,0.9841670393943787,0,0,0,0,0,0,0,0,0,0,0,0,0,0
6.546610355377197,0,0.0,0.0,0.0,0.0,0.0,0.0,0.0,0.0,0.3,1.3086286783218384,0.20460005104541779,0.3402945101261139,0.06457913666963577,-0.10675349831581116,0.12589077651500702,0.9841670393943787,0,0,0,0,0,0,0,0,0,0,0,0,0,0
6.547683954238892,0,0.0,0.0,0.0,0.0,0.0,0.0,0.0,0.0,0.3,1.3086286783218384,0.20460005104541779,0.3402945101261139,0.06457913666963577,-0.10675349831581116,0.12589077651500702,0.9841670393943787,0,0,0,0,0,0,0,0,0,0,0,0,0,0
6.549002170562744,0,0.0,0.0,0.0,0.0,0.0,0.0,0.0,0.0,0.3,1.3086286783218384,0.20460005104541779,0.3402945101261139,0.06457913666963577,-0.10675349831581116,0.12589077651500702,0.9841670393943787,0,0,0,0,0,0,0,0,0,0,0,0,0,0
6.550138235092163,0,0.0,0.0,0.0,0.0,0.0,0.0,0.0,0.0,0.3,1.3086286783218384,0.20460005104541779,0.3402945101261139,0.06457913666963577,-0.10675349831581116,0.12589077651500702,0.9841670393943787,0,0,0,0,0,0,0,0,0,0,0,0,0,0
6.551516532897949,0,0.0,0.0,0.0,0.0,0.0,0.0,0.0,0.0,0.3,1.3086286783218384,0.20460005104541779,0.3402945101261139,0.06457913666963577,-0.10675349831581116,0.12589077651500702,0.9841670393943787,0,0,0,0,0,0,0,0,0,0,0,0,0,0
6.552679538726807,0,0.0,0.0,0.0,0.0,0.0,0.0,0.0,0.0,0.3,1.3086286783218384,0.20460005104541779,0.3402945101261139,0.06457913666963577,-0.10675349831581116,0.12589077651500702,0.9841670393943787,0,0,0,0,0,0,0,0,0,0,0,0,0,0
6.55446720123291,0,0.0,0.0,0.0,0.0,0.0,0.0,0.0,0.0,0.3,1.3086286783218384,0.20460005104541779,0.3402945101261139,0.06457913666963577,-0.10675349831581116,0.12589077651500702,0.9841670393943787,0,0,0,0,0,0,0,0,0,0,0,0,0,0
6.555553197860718,0,0.0,0.0,0.0,0.0,0.0,0.0,0.0,0.0,0.3,1.3086286783218384,0.20460005104541779,0.3402945101261139,0.06457913666963577,-0.10675349831581116,0.12589077651500702,0.9841670393943787,0,0,0,0,0,0,0,0,0,0,0,0,0,0
6.556626796722412,0,0.0,0.0,0.0,0.0,0.0,0.0,0.0,0.0,0.3,1.3086286783218384,0.20460005104541779,0.3402945101261139,0.06457913666963577,-0.10675349831581116,0.12589077651500702,0.9841670393943787,0,0,0,0,0,0,0,0,0,0,0,0,0,0
6.5577332973480225,0,0.0,0.0,0.0,0.0,0.0,0.0,0.0,0.0,0.3,1.3086286783218384,0.20460005104541779,0.3402945101261139,0.06457913666963577,-0.10675349831581116,0.12589077651500702,0.9841670393943787,0,0,0,0,0,0,0,0,0,0,0,0,0,0
6.558924674987793,0,0.0,0.0,0.0,0.0,0.0,0.0,0.0,0.0,0.3,1.3086286783218384,0.20460005104541779,0.3402945101261139,0.06457913666963577,-0.10675349831581116,0.12589077651500702,0.9841670393943787,0,0,0,0,0,0,0,0,0,0,0,0,0,0
6.561754465103149,0,0.0,0.0,0.0,0.0,0.0,0.0,0.0,0.0,0.3,1.3086286783218384,0.20460005104541779,0.3402945101261139,0.06457913666963577,-0.10675349831581116,0.12589077651500702,0.9841670393943787,0,0,0,0,0,0,0,0,0,0,0,0,0,0
6.564518213272095,0,0.0,0.0,0.0,0.0,0.0,0.0,0.0,0.0,0.3,1.3086286783218384,0.20460005104541779,0.3402945101261139,0.06457913666963577,-0.10675349831581116,0.12589077651500702,0.9841670393943787,0,0,0,0,0,0,0,0,0,0,0,0,0,0
6.565702676773071,0,0.0,0.0,0.0,0.0,0.0,0.0,0.0,0.0,0.3,1.3086286783218384,0.20460005104541779,0.3402945101261139,0.06457913666963577,-0.10675349831581116,0.12589077651500702,0.9841670393943787,0,0,0,0,0,0,0,0,0,0,0,0,0,0
6.566953182220459,0,0.0,0.0,0.0,0.0,0.0,0.0,0.0,0.0,0.3,1.3086286783218384,0.20460005104541779,0.3402945101261139,0.06457913666963577,-0.10675349831581116,0.12589077651500702,0.9841670393943787,0,0,0,0,0,0,0,0,0,0,0,0,0,0
6.568731069564819,0,0.0,0.0,0.0,0.0,0.0,0.0,0.0,0.0,0.3,1.3086286783218384,0.20460005104541779,0.3402945101261139,0.06457913666963577,-0.10675349831581116,0.12589077651500702,0.9841670393943787,0,0,0,0,0,0,0,0,0,0,0,0,0,0
6.569805145263672,0,0.0,0.0,0.0,0.0,0.0,0.0,0.0,0.0,0.3,1.3086286783218384,0.20460005104541779,0.3402945101261139,0.06457913666963577,-0.10675349831581116,0.12589077651500702,0.9841670393943787,0,0,0,0,0,0,0,0,0,0,0,0,0,0
6.5710768699646,0,0.0,0.0,0.0,0.0,0.0,0.0,0.0,0.0,0.3,1.3086286783218384,0.20460005104541779,0.3402945101261139,0.06457913666963577,-0.10675349831581116,0.12589077651500702,0.9841670393943787,0,0,0,0,0,0,0,0,0,0,0,0,0,0
6.572170257568359,0,0.0,0.0,0.0,0.0,0.0,0.0,0.0,0.0,0.3,1.3086286783218384,0.20460005104541779,0.3402945101261139,0.06457913666963577,-0.10675349831581116,0.12589077651500702,0.9841670393943787,0,0,0,0,0,0,0,0,0,0,0,0,0,0
6.575281143188477,0,0.0,0.0,0.0,0.0,0.0,0.0,0.0,0.0,0.3,1.3086286783218384,0.20460005104541779,0.3402945101261139,0.06457913666963577,-0.10675349831581116,0.12589077651500702,0.9841670393943787,0,0,0,0,0,0,0,0,0,0,0,0,0,0
6.576549768447876,0,0.0,0.0,0.0,0.0,0.0,0.0,0.0,0.0,0.3,1.3086286783218384,0.20460005104541779,0.3402945101261139,0.06457913666963577,-0.10675349831581116,0.12589077651500702,0.9841670393943787,0,0,0,0,0,0,0,0,0,0,0,0,0,0
6.5783727169036865,0,0.0,0.0,0.0,0.0,0.0,0.0,0.0,0.0,0.3,1.3086286783218384,0.20460005104541779,0.3402945101261139,0.06457913666963577,-0.10675349831581116,0.12589077651500702,0.9841670393943787,0,0,0,0,0,0,0,0,0,0,0,0,0,0
6.581110239028931,0,0.0,0.0,0.0,0.0,0.0,0.0,0.0,0.0,0.3,1.3086286783218384,0.20460005104541779,0.3402945101261139,0.06457913666963577,-0.10675349831581116,0.12589077651500702,0.9841670393943787,0,0,0,0,0,0,0,0,0,0,0,0,0,0
6.582234621047974,0,0.0,0.0,0.0,0.0,0.0,0.0,0.0,0.0,0.3,1.3086286783218384,0.20460005104541779,0.3402945101261139,0.06457913666963577,-0.10675349831581116,0.12589077651500702,0.9841670393943787,0,0,0,0,0,0,0,0,0,0,0,0,0,0
6.583590745925903,0,0.0,0.0,0.0,0.0,0.0,0.0,0.0,0.0,0.3,1.3086286783218384,0.20460005104541779,0.3402945101261139,0.06457913666963577,-0.10675349831581116,0.12589077651500702,0.9841670393943787,0,0,0,0,0,0,0,0,0,0,0,0,0,0
6.584883689880371,0,0.0,0.0,0.0,0.0,0.0,0.0,0.0,0.0,0.3,1.3086286783218384,0.20460005104541779,0.3402945101261139,0.06457913666963577,-0.10675349831581116,0.12589077651500702,0.9841670393943787,0,0,0,0,0,0,0,0,0,0,0,0,0,0
6.586282730102539,0,0.0,0.0,0.0,0.0,0.0,0.0,0.0,0.0,0.3,1.3086286783218384,0.20460005104541779,0.3402945101261139,0.06457913666963577,-0.10675349831581116,0.12589077651500702,0.9841670393943787,0,0,0,0,0,0,0,0,0,0,0,0,0,0
6.587366580963135,0,0.0,0.0,0.0,0.0,0.0,0.0,0.0,0.0,0.3,1.3086286783218384,0.20460005104541779,0.3402945101261139,0.06457913666963577,-0.10675349831581116,0.12589077651500702,0.9841670393943787,0,0,0,0,0,0,0,0,0,0,0,0,0,0
6.589214086532593,0,0.0,0.0,0.0,0.0,0.0,0.0,0.0,0.0,0.3,1.3086286783218384,0.20460005104541779,0.3402945101261139,0.06457913666963577,-0.10675349831581116,0.12589077651500702,0.9841670393943787,0,0,0,0,0,0,0,0,0,0,0,0,0,0
6.59028959274292,0,0.0,0.0,0.0,0.0,0.0,0.0,0.0,0.0,0.3,1.3086286783218384,0.20460005104541779,0.3402945101261139,0.06457913666963577,-0.10675349831581116,0.12589077651500702,0.9841670393943787,0,0,0,0,0,0,0,0,0,0,0,0,0,0
6.592811584472656,0,0.0,0.0,0.0,0.0,0.0,0.0,0.0,0.0,0.3,1.3086286783218384,0.20460005104541779,0.3402945101261139,0.06457913666963577,-0.10675349831581116,0.12589077651500702,0.9841670393943787,0,0,0,0,0,0,0,0,0,0,0,0,0,0
6.59388542175293,0,0.0,0.0,0.0,0.0,0.0,0.0,0.0,0.0,0.3,1.3086286783218384,0.20460005104541779,0.3402945101261139,0.06457913666963577,-0.10675349831581116,0.12589077651500702,0.9841670393943787,0,0,0,0,0,0,0,0,0,0,0,0,0,0
6.595011472702026,0,0.0,0.0,0.0,0.0,0.0,0.0,0.0,0.0,0.3,1.3086286783218384,0.20460005104541779,0.3402945101261139,0.06457913666963577,-0.10675349831581116,0.12589077651500702,0.9841670393943787,0,0,0,0,0,0,0,0,0,0,0,0,0,0
6.596073389053345,0,0.0,0.0,0.0,0.0,0.0,0.0,0.0,0.0,0.3,1.3086286783218384,0.20460005104541779,0.3402945101261139,0.06457913666963577,-0.10675349831581116,0.12589077651500702,0.9841670393943787,0,0,0,0,0,0,0,0,0,0,0,0,0,0
6.597209215164185,0,0.0,0.0,0.0,0.0,0.0,0.0,0.0,0.0,0.3,1.3086286783218384,0.20460005104541779,0.3402945101261139,0.06457913666963577,-0.10675349831581116,0.12589077651500702,0.9841670393943787,0,0,0,0,0,0,0,0,0,0,0,0,0,0
6.598282814025879,0,0.0,0.0,0.0,0.0,0.0,0.0,0.0,0.0,0.3,1.3086286783218384,0.20460005104541779,0.3402945101261139,0.06457913666963577,-0.10675349831581116,0.12589077651500702,0.9841670393943787,0,0,0,0,0,0,0,0,0,0,0,0,0,0
6.599344491958618,0,0.0,0.0,0.0,0.0,0.0,0.0,0.0,0.0,0.3,1.3086286783218384,0.20460005104541779,0.3402945101261139,0.06457913666963577,-0.10675349831581116,0.12589077651500702,0.9841670393943787,0,0,0,0,0,0,0,0,0,0,0,0,0,0
6.601948976516724,0,0.0,0.0,0.0,0.0,0.0,0.0,0.0,0.0,0.3,1.3086286783218384,0.20460005104541779,0.3402945101261139,0.06457913666963577,-0.10675349831581116,0.12589077651500702,0.9841670393943787,0,0,0,0,0,0,0,0,0,0,0,0,0,0
6.604181528091431,0,0.0,0.0,0.0,0.0,0.0,0.0,0.0,0.0,0.3,1.3086286783218384,0.20460005104541779,0.3402945101261139,0.06457913666963577,-0.10675349831581116,0.12589077651500702,0.9841670393943787,0,0,0,0,0,0,0,0,0,0,0,0,0,0
6.6056060791015625,0,0.0,0.0,0.0,0.0,0.0,0.0,0.0,0.0,0.3,1.3086286783218384,0.20460005104541779,0.3402945101261139,0.06457913666963577,-0.10675349831581116,0.12589077651500702,0.9841670393943787,0,0,0,0,0,0,0,0,0,0,0,0,0,0
6.6067283153533936,0,0.0,0.0,0.0,0.0,0.0,0.0,0.0,0.0,0.3,1.3086286783218384,0.20460005104541779,0.3402945101261139,0.06457913666963577,-0.10675349831581116,0.12589077651500702,0.9841670393943787,0,0,0,0,0,0,0,0,0,0,0,0,0,0
6.6077880859375,0,0.0,0.0,0.0,0.0,0.0,0.0,0.0,0.0,0.3,1.3086286783218384,0.20460005104541779,0.3402945101261139,0.06457913666963577,-0.10675349831581116,0.12589077651500702,0.9841670393943787,0,0,0,0,0,0,0,0,0,0,0,0,0,0
6.609769105911255,0,0.0,0.0,0.0,0.0,0.0,0.0,0.0,0.0,0.3,1.3086286783218384,0.20460005104541779,0.3402945101261139,0.06457913666963577,-0.10675349831581116,0.12589077651500702,0.9841670393943787,0,0,0,0,0,0,0,0,0,0,0,0,0,0
6.611258506774902,0,0.0,0.0,0.0,0.0,0.0,0.0,0.0,0.0,0.3,1.3086286783218384,0.20460005104541779,0.3402945101261139,0.06457913666963577,-0.10675349831581116,0.12589077651500702,0.9841670393943787,0,0,0,0,0,0,0,0,0,0,0,0,0,0
6.612323760986328,0,0.0,0.0,0.0,0.0,0.0,0.0,0.0,0.0,0.3,1.3086286783218384,0.20460005104541779,0.3402945101261139,0.06457913666963577,-0.10675349831581116,0.12589077651500702,0.9841670393943787,0,0,0,0,0,0,0,0,0,0,0,0,0,0
6.61413836479187,0,0.0,0.0,0.0,0.0,0.0,0.0,0.0,0.0,0.3,1.3086286783218384,0.20460005104541779,0.3402945101261139,0.06457913666963577,-0.10675349831581116,0.12589077651500702,0.9841670393943787,0,0,0,0,0,0,0,0,0,0,0,0,0,0
6.615199327468872,0,0.0,0.0,0.0,0.0,0.0,0.0,0.0,0.0,0.3,1.3086286783218384,0.20460005104541779,0.3402945101261139,0.06457913666963577,-0.10675349831581116,0.12589077651500702,0.9841670393943787,0,0,0,0,0,0,0,0,0,0,0,0,0,0
6.616377115249634,0,0.0,0.0,0.0,0.0,0.0,0.0,0.0,0.0,0.3,1.3086286783218384,0.20460005104541779,0.3402945101261139,0.06457913666963577,-0.10675349831581116,0.12589077651500702,0.9841670393943787,0,0,0,0,0,0,0,0,0,0,0,0,0,0
6.617451906204224,0,0.0,0.0,0.0,0.0,0.0,0.0,0.0,0.0,0.3,1.3086286783218384,0.20460005104541779,0.3402945101261139,0.06457913666963577,-0.10675349831581116,0.12589077651500702,0.9841670393943787,0,0,0,0,0,0,0,0,0,0,0,0,0,0
6.6185150146484375,0,0.0,0.0,0.0,0.0,0.0,0.0,0.0,0.0,0.3,1.3086286783218384,0.20460005104541779,0.3402945101261139,0.06457913666963577,-0.10675349831581116,0.12589077651500702,0.9841670393943787,0,0,0,0,0,0,0,0,0,0,0,0,0,0
6.619619607925415,0,0.0,0.0,0.0,0.0,0.0,0.0,0.0,0.0,0.3,1.3086286783218384,0.20460005104541779,0.3402945101261139,0.06457913666963577,-0.10675349831581116,0.12589077651500702,0.9841670393943787,0,0,0,0,0,0,0,0,0,0,0,0,0,0
6.62104868888855,0,0.0,0.0,0.0,0.0,0.0,0.0,0.0,0.0,0.3,1.3086286783218384,0.20460005104541779,0.3402945101261139,0.06457913666963577,-0.10675349831581116,0.12589077651500702,0.9841670393943787,0,0,0,0,0,0,0,0,0,0,0,0,0,0
6.622537612915039,0,0.0,0.0,0.0,0.0,0.0,0.0,0.0,0.0,0.3,1.3086286783218384,0.20460005104541779,0.3402945101261139,0.06457913666963577,-0.10675349831581116,0.12589077651500702,0.9841670393943787,0,0,0,0,0,0,0,0,0,0,0,0,0,0
6.623785018920898,0,0.0,0.0,0.0,0.0,0.0,0.0,0.0,0.0,0.3,1.3086286783218384,0.20460005104541779,0.3402945101261139,0.06457913666963577,-0.10675349831581116,0.12589077651500702,0.9841670393943787,0,0,0,0,0,0,0,0,0,0,0,0,0,0
6.624992370605469,0,0.0,0.0,0.0,0.0,0.0,0.0,0.0,0.0,0.3,1.3086286783218384,0.20460005104541779,0.3402945101261139,0.06457913666963577,-0.10675349831581116,0.12589077651500702,0.9841670393943787,0,0,0,0,0,0,0,0,0,0,0,0,0,0
6.626235485076904,0,0.0,0.0,0.0,0.0,0.0,0.0,0.0,0.0,0.3,1.3086286783218384,0.20460005104541779,0.3402945101261139,0.06457913666963577,-0.10675349831581116,0.12589077651500702,0.9841670393943787,0,0,0,0,0,0,0,0,0,0,0,0,0,0
6.62801718711853,0,0.0,0.0,0.0,0.0,0.0,0.0,0.0,0.0,0.3,1.3086286783218384,0.20460005104541779,0.3402945101261139,0.06457913666963577,-0.10675349831581116,0.12589077651500702,0.9841670393943787,0,0,0,0,0,0,0,0,0,0,0,0,0,0
6.629375457763672,0,0.0,0.0,0.0,0.0,0.0,0.0,0.0,0.0,0.3,1.3086286783218384,0.20460005104541779,0.3402945101261139,0.06457913666963577,-0.10675349831581116,0.12589077651500702,0.9841670393943787,0,0,0,0,0,0,0,0,0,0,0,0,0,0
6.630536794662476,0,0.0,0.0,0.0,0.0,0.0,0.0,0.0,0.0,0.3,1.3086286783218384,0.20460005104541779,0.3402945101261139,0.06457913666963577,-0.10675349831581116,0.12589077651500702,0.9841670393943787,0,0,0,0,0,0,0,0,0,0,0,0,0,0
6.631865501403809,0,0.0,0.0,0.0,0.0,0.0,0.0,0.0,0.0,0.3,1.3086286783218384,0.20460005104541779,0.3402945101261139,0.06457913666963577,-0.10675349831581116,0.12589077651500702,0.9841670393943787,0,0,0,0,0,0,0,0,0,0,0,0,0,0
6.634478569030762,0,0.0,0.0,0.0,0.0,0.0,0.0,0.0,0.0,0.3,1.3086286783218384,0.20460005104541779,0.3402945101261139,0.06457913666963577,-0.10675349831581116,0.12589077651500702,0.9841670393943787,0,0,0,0,0,0,0,0,0,0,0,0,0,0
6.635776996612549,0,0.0,0.0,0.0,0.0,0.0,0.0,0.0,0.0,0.3,1.3086286783218384,0.20460005104541779,0.3402945101261139,0.06457913666963577,-0.10675349831581116,0.12589077651500702,0.9841670393943787,0,0,0,0,0,0,0,0,0,0,0,0,0,0
6.637590169906616,0,0.0,0.0,0.0,0.0,0.0,0.0,0.0,0.0,0.3,1.3086286783218384,0.20460005104541779,0.3402945101261139,0.06457913666963577,-0.10675349831581116,0.12589077651500702,0.9841670393943787,0,0,0,0,0,0,0,0,0,0,0,0,0,0
6.6413795948028564,0,0.0,0.0,0.0,0.0,0.0,0.0,0.0,0.0,0.3,1.3086286783218384,0.20460005104541779,0.3402945101261139,0.06457913666963577,-0.10675349831581116,0.12589077651500702,0.9841670393943787,0,0,0,0,0,0,0,0,0,0,0,0,0,0
6.64244532585144,0,0.0,0.0,0.0,0.0,0.0,0.0,0.0,0.0,0.3,1.3086286783218384,0.20460005104541779,0.3402945101261139,0.06457913666963577,-0.10675349831581116,0.12589077651500702,0.9841670393943787,0,0,0,0,0,0,0,0,0,0,0,0,0,0
6.643846035003662,0,0.0,0.0,0.0,0.0,0.0,0.0,0.0,0.0,0.3,1.3086286783218384,0.20460005104541779,0.3402945101261139,0.06457913666963577,-0.10675349831581116,0.12589077651500702,0.9841670393943787,0,0,0,0,0,0,0,0,0,0,0,0,0,0
6.645280361175537,0,0.0,0.0,0.0,0.0,0.0,0.0,0.0,0.0,0.3,1.3086286783218384,0.20460005104541779,0.3402945101261139,0.06457913666963577,-0.10675349831581116,0.12589077651500702,0.9841670393943787,0,0,0,0,0,0,0,0,0,0,0,0,0,0
6.647442817687988,0,0.0,0.0,0.0,0.0,0.0,0.0,0.0,0.0,0.3,1.3086286783218384,0.20460005104541779,0.3402945101261139,0.06457913666963577,-0.10675349831581116,0.12589077651500702,0.9841670393943787,0,0,0,0,0,0,0,0,0,0,0,0,0,0
6.648865461349487,0,0.0,0.0,0.0,0.0,0.0,0.0,0.0,0.0,0.3,1.3086286783218384,0.20460005104541779,0.3402945101261139,0.06457913666963577,-0.10675349831581116,0.12589077651500702,0.9841670393943787,0,0,0,0,0,0,0,0,0,0,0,0,0,0
6.650195360183716,0,0.0,0.0,0.0,0.0,0.0,0.0,0.0,0.0,0.3,1.3086286783218384,0.20460005104541779,0.3402945101261139,0.06457913666963577,-0.10675349831581116,0.12589077651500702,0.9841670393943787,0,0,0,0,0,0,0,0,0,0,0,0,0,0
6.652161359786987,0,0.0,0.0,0.0,0.0,0.0,0.0,0.0,0.0,0.3,1.3086286783218384,0.20460005104541779,0.3402945101261139,0.06457913666963577,-0.10675349831581116,0.12589077651500702,0.9841670393943787,0,0,0,0,0,0,0,0,0,0,0,0,0,0
6.653230905532837,0,0.0,0.0,0.0,0.0,0.0,0.0,0.0,0.0,0.3,1.3086286783218384,0.20460005104541779,0.3402945101261139,0.06457913666963577,-0.10675349831581116,0.12589077651500702,0.9841670393943787,0,0,0,0,0,0,0,0,0,0,0,0,0,0
6.654325485229492,0,0.0,0.0,0.0,0.0,0.0,0.0,0.0,0.0,0.3,1.3086286783218384,0.20460005104541779,0.3402945101261139,0.06457913666963577,-0.10675349831581116,0.12589077651500702,0.9841670393943787,0,0,0,0,0,0,0,0,0,0,0,0,0,0
6.655567407608032,0,0.0,0.0,0.0,0.0,0.0,0.0,0.0,0.0,0.3,1.3086286783218384,0.20460005104541779,0.3402945101261139,0.06457913666963577,-0.10675349831581116,0.12589077651500702,0.9841670393943787,0,0,0,0,0,0,0,0,0,0,0,0,0,0
6.656630754470825,0,0.0,0.0,0.0,0.0,0.0,0.0,0.0,0.0,0.3,1.3086286783218384,0.20460005104541779,0.3402945101261139,0.06457913666963577,-0.10675349831581116,0.12589077651500702,0.9841670393943787,0,0,0,0,0,0,0,0,0,0,0,0,0,0
6.657885313034058,0,0.0,0.0,0.0,0.0,0.0,0.0,0.0,0.0,0.3,1.3086286783218384,0.20460005104541779,0.3402945101261139,0.06457913666963577,-0.10675349831581116,0.12589077651500702,0.9841670393943787,0,0,0,0,0,0,0,0,0,0,0,0,0,0
6.658946990966797,0,0.0,0.0,0.0,0.0,0.0,0.0,0.0,0.0,0.3,1.3086286783218384,0.20460005104541779,0.3402945101261139,0.06457913666963577,-0.10675349831581116,0.12589077651500702,0.9841670393943787,0,0,0,0,0,0,0,0,0,0,0,0,0,0
6.660213232040405,0,0.0,0.0,0.0,0.0,0.0,0.0,0.0,0.0,0.3,1.3086286783218384,0.20460005104541779,0.3402945101261139,0.06457913666963577,-0.10675349831581116,0.12589077651500702,0.9841670393943787,0,0,0,0,0,0,0,0,0,0,0,0,0,0
6.661634922027588,0,0.0,0.0,0.0,0.0,0.0,0.0,0.0,0.0,0.3,1.3086286783218384,0.20460005104541779,0.3402945101261139,0.06457913666963577,-0.10675349831581116,0.12589077651500702,0.9841670393943787,0,0,0,0,0,0,0,0,0,0,0,0,0,0
6.663159132003784,0,0.0,0.0,0.0,0.0,0.0,0.0,0.0,0.0,0.3,1.3086286783218384,0.20460005104541779,0.3402945101261139,0.06457913666963577,-0.10675349831581116,0.12589077651500702,0.9841670393943787,0,0,0,0,0,0,0,0,0,0,0,0,0,0
6.664645433425903,0,0.0,0.0,0.0,0.0,0.0,0.0,0.0,0.0,0.3,1.3086286783218384,0.20460005104541779,0.3402945101261139,0.06457913666963577,-0.10675349831581116,0.12589077651500702,0.9841670393943787,0,0,0,0,0,0,0,0,0,0,0,0,0,0
6.665777206420898,0,0.0,0.0,0.0,0.0,0.0,0.0,0.0,0.0,0.3,1.3086286783218384,0.20460005104541779,0.3402945101261139,0.06457913666963577,-0.10675349831581116,0.12589077651500702,0.9841670393943787,0,0,0,0,0,0,0,0,0,0,0,0,0,0
6.666849136352539,0,0.0,0.0,0.0,0.0,0.0,0.0,0.0,0.0,0.3,1.3086286783218384,0.20460005104541779,0.3402945101261139,0.06457913666963577,-0.10675349831581116,0.12589077651500702,0.9841670393943787,0,0,0,0,0,0,0,0,0,0,0,0,0,0
6.669158935546875,0,0.0,0.0,0.0,0.0,0.0,0.0,0.0,0.0,0.3,1.3086286783218384,0.20460005104541779,0.3402945101261139,0.06457913666963577,-0.10675349831581116,0.12589077651500702,0.9841670393943787,0,0,0,0,0,0,0,0,0,0,0,0,0,0
6.67064094543457,0,0.0,0.0,0.0,0.0,0.0,0.0,0.0,0.0,0.3,1.3086286783218384,0.20460005104541779,0.3402945101261139,0.06457913666963577,-0.10675349831581116,0.12589077651500702,0.9841670393943787,0,0,0,0,0,0,0,0,0,0,0,0,0,0
6.6720051765441895,0,0.0,0.0,0.0,0.0,0.0,0.0,0.0,0.0,0.3,1.3086286783218384,0.20460005104541779,0.3402945101261139,0.06457913666963577,-0.10675349831581116,0.12589077651500702,0.9841670393943787,0,0,0,0,0,0,0,0,0,0,0,0,0,0
6.673506498336792,0,0.0,0.0,0.0,0.0,0.0,0.0,0.0,0.0,0.3,1.3086286783218384,0.20460005104541779,0.3402945101261139,0.06457913666963577,-0.10675349831581116,0.12589077651500702,0.9841670393943787,0,0,0,0,0,0,0,0,0,0,0,0,0,0
6.674628734588623,0,0.0,0.0,0.0,0.0,0.0,0.0,0.0,0.0,0.3,1.3086286783218384,0.20460005104541779,0.3402945101261139,0.06457913666963577,-0.10675349831581116,0.12589077651500702,0.9841670393943787,0,0,0,0,0,0,0,0,0,0,0,0,0,0
6.676656246185303,0,0.0,0.0,0.0,0.0,0.0,0.0,0.0,0.0,0.3,1.3086286783218384,0.20460005104541779,0.3402945101261139,0.06457913666963577,-0.10675349831581116,0.12589077651500702,0.9841670393943787,0,0,0,0,0,0,0,0,0,0,0,0,0,0
6.677829742431641,0,0.0,0.0,0.0,0.0,0.0,0.0,0.0,0.0,0.3,1.3086286783218384,0.20460005104541779,0.3402945101261139,0.06457913666963577,-0.10675349831581116,0.12589077651500702,0.9841670393943787,0,0,0,0,0,0,0,0,0,0,0,0,0,0
6.678900480270386,0,0.0,0.0,0.0,0.0,0.0,0.0,0.0,0.0,0.3,1.3086286783218384,0.20460005104541779,0.3402945101261139,0.06457913666963577,-0.10675349831581116,0.12589077651500702,0.9841670393943787,0,0,0,0,0,0,0,0,0,0,0,0,0,0
6.681419372558594,0,0.0,0.0,0.0,0.0,0.0,0.0,0.0,0.0,0.3,1.3086286783218384,0.20460005104541779,0.3402945101261139,0.06457913666963577,-0.10675349831581116,0.12589077651500702,0.9841670393943787,0,0,0,0,0,0,0,0,0,0,0,0,0,0
6.682905912399292,0,0.0,0.0,0.0,0.0,0.0,0.0,0.0,0.0,0.3,1.3086286783218384,0.20460005104541779,0.3402945101261139,0.06457913666963577,-0.10675349831581116,0.12589077651500702,0.9841670393943787,0,0,0,0,0,0,0,0,0,0,0,0,0,0
6.684160470962524,0,0.0,0.0,0.0,0.0,0.0,0.0,0.0,0.0,0.3,1.3086286783218384,0.20460005104541779,0.3402945101261139,0.06457913666963577,-0.10675349831581116,0.12589077651500702,0.9841670393943787,0,0,0,0,0,0,0,0,0,0,0,0,0,0
6.68535590171814,0,0.0,0.0,0.0,0.0,0.0,0.0,0.0,0.0,0.3,1.3086286783218384,0.20460005104541779,0.3402945101261139,0.06457913666963577,-0.10675349831581116,0.12589077651500702,0.9841670393943787,0,0,0,0,0,0,0,0,0,0,0,0,0,0
6.6866135597229,0,0.0,0.0,0.0,0.0,0.0,0.0,0.0,0.0,0.3,1.3086286783218384,0.20460005104541779,0.3402945101261139,0.06457913666963577,-0.10675349831581116,0.12589077651500702,0.9841670393943787,0,0,0,0,0,0,0,0,0,0,0,0,0,0
6.687823295593262,0,0.0,0.0,0.0,0.0,0.0,0.0,0.0,0.0,0.3,1.3086286783218384,0.20460005104541779,0.3402945101261139,0.06457913666963577,-0.10675349831581116,0.12589077651500702,0.9841670393943787,0,0,0,0,0,0,0,0,0,0,0,0,0,0
6.689064979553223,0,0.0,0.0,0.0,0.0,0.0,0.0,0.0,0.0,0.3,1.3086286783218384,0.20460005104541779,0.3402945101261139,0.06457913666963577,-0.10675349831581116,0.12589077651500702,0.9841670393943787,0,0,0,0,0,0,0,0,0,0,0,0,0,0
6.6902077198028564,0,0.0,0.0,0.0,0.0,0.0,0.0,0.0,0.0,0.3,1.3086286783218384,0.20460005104541779,0.3402945101261139,0.06457913666963577,-0.10675349831581116,0.12589077651500702,0.9841670393943787,0,0,0,0,0,0,0,0,0,0,0,0,0,0
6.691512584686279,0,0.0,0.0,0.0,0.0,0.0,0.0,0.0,0.0,0.3,1.3086286783218384,0.20460005104541779,0.3402945101261139,0.06457913666963577,-0.10675349831581116,0.12589077651500702,0.9841670393943787,0,0,0,0,0,0,0,0,0,0,0,0,0,0
6.692732810974121,0,0.0,0.0,0.0,0.0,0.0,0.0,0.0,0.0,0.3,1.3086286783218384,0.20460005104541779,0.3402945101261139,0.06457913666963577,-0.10675349831581116,0.12589077651500702,0.9841670393943787,0,0,0,0,0,0,0,0,0,0,0,0,0,0
6.693820953369141,0,0.0,0.0,0.0,0.0,0.0,0.0,0.0,0.0,0.3,1.3086286783218384,0.20460005104541779,0.3402945101261139,0.06457913666963577,-0.10675349831581116,0.12589077651500702,0.9841670393943787,0,0,0,0,0,0,0,0,0,0,0,0,0,0
6.694920778274536,0,0.0,0.0,0.0,0.0,0.0,0.0,0.0,0.0,0.3,1.3086286783218384,0.20460005104541779,0.3402945101261139,0.06457913666963577,-0.10675349831581116,0.12589077651500702,0.9841670393943787,0,0,0,0,0,0,0,0,0,0,0,0,0,0
6.6963794231414795,0,0.0,0.0,0.0,0.0,0.0,0.0,0.0,0.0,0.3,1.3086286783218384,0.20460005104541779,0.3402945101261139,0.06457913666963577,-0.10675349831581116,0.12589077651500702,0.9841670393943787,0,0,0,0,0,0,0,0,0,0,0,0,0,0
6.699274301528931,0,0.0,0.0,0.0,0.0,0.0,0.0,0.0,0.0,0.3,1.3086286783218384,0.20460005104541779,0.3402945101261139,0.06457913666963577,-0.10675349831581116,0.12589077651500702,0.9841670393943787,0,0,0,0,0,0,0,0,0,0,0,0,0,0
6.701229572296143,0,0.0,0.0,0.0,0.0,0.0,0.0,0.0,0.0,0.3,1.3086286783218384,0.20460005104541779,0.3402945101261139,0.06457913666963577,-0.10675349831581116,0.12589077651500702,0.9841670393943787,0,0,0,0,0,0,0,0,0,0,0,0,0,0
6.703307151794434,0,0.0,0.0,0.0,0.0,0.0,0.0,0.0,0.0,0.3,1.3086286783218384,0.20460005104541779,0.3402945101261139,0.06457913666963577,-0.10675349831581116,0.12589077651500702,0.9841670393943787,0,0,0,0,0,0,0,0,0,0,0,0,0,0
6.704850912094116,0,0.0,0.0,0.0,0.0,0.0,0.0,0.0,0.0,0.3,1.3086286783218384,0.20460005104541779,0.3402945101261139,0.06457913666963577,-0.10675349831581116,0.12589077651500702,0.9841670393943787,0,0,0,0,0,0,0,0,0,0,0,0,0,0
6.706116676330566,0,0.0,0.0,0.0,0.0,0.0,0.0,0.0,0.0,0.3,1.3086286783218384,0.20460005104541779,0.3402945101261139,0.06457913666963577,-0.10675349831581116,0.12589077651500702,0.9841670393943787,0,0,0,0,0,0,0,0,0,0,0,0,0,0
6.707586050033569,0,0.0,0.0,0.0,0.0,0.0,0.0,0.0,0.0,0.3,1.3086286783218384,0.20460005104541779,0.3402945101261139,0.06457913666963577,-0.10675349831581116,0.12589077651500702,0.9841670393943787,0,0,0,0,0,0,0,0,0,0,0,0,0,0
6.709353685379028,0,0.0,0.0,0.0,0.0,0.0,0.0,0.0,0.0,0.3,1.3086286783218384,0.20460005104541779,0.3402945101261139,0.06457913666963577,-0.10675349831581116,0.12589077651500702,0.9841670393943787,0,0,0,0,0,0,0,0,0,0,0,0,0,0
6.710426330566406,0,0.0,0.0,0.0,0.0,0.0,0.0,0.0,0.0,0.3,1.3086286783218384,0.20460005104541779,0.3402945101261139,0.06457913666963577,-0.10675349831581116,0.12589077651500702,0.9841670393943787,0,0,0,0,0,0,0,0,0,0,0,0,0,0
6.711961984634399,0,0.0,0.0,0.0,0.0,0.0,0.0,0.0,0.0,0.3,1.3086286783218384,0.20460005104541779,0.3402945101261139,0.06457913666963577,-0.10675349831581116,0.12589077651500702,0.9841670393943787,0,0,0,0,0,0,0,0,0,0,0,0,0,0
6.713113069534302,0,0.0,0.0,0.0,0.0,0.0,0.0,0.0,0.0,0.3,1.3086286783218384,0.20460005104541779,0.3402945101261139,0.06457913666963577,-0.10675349831581116,0.12589077651500702,0.9841670393943787,0,0,0,0,0,0,0,0,0,0,0,0,0,0
6.7156171798706055,0,0.0,0.0,0.0,0.0,0.0,0.0,0.0,0.0,0.3,1.3086286783218384,0.20460005104541779,0.3402945101261139,0.06457913666963577,-0.10675349831581116,0.12589077651500702,0.9841670393943787,0,0,0,0,0,0,0,0,0,0,0,0,0,0
6.716697454452515,0,0.0,0.0,0.0,0.0,0.0,0.0,0.0,0.0,0.3,1.3086286783218384,0.20460005104541779,0.3402945101261139,0.06457913666963577,-0.10675349831581116,0.12589077651500702,0.9841670393943787,0,0,0,0,0,0,0,0,0,0,0,0,0,0
6.7178733348846436,0,0.0,0.0,0.0,0.0,0.0,0.0,0.0,0.0,0.3,1.3086286783218384,0.20460005104541779,0.3402945101261139,0.06457913666963577,-0.10675349831581116,0.12589077651500702,0.9841670393943787,0,0,0,0,0,0,0,0,0,0,0,0,0,0
6.718973875045776,0,0.0,0.0,0.0,0.0,0.0,0.0,0.0,0.0,0.3,1.3086286783218384,0.20460005104541779,0.3402945101261139,0.06457913666963577,-0.10675349831581116,0.12589077651500702,0.9841670393943787,0,0,0,0,0,0,0,0,0,0,0,0,0,0
6.72005558013916,0,0.0,0.0,0.0,0.0,0.0,0.0,0.0,0.0,0.3,1.3086286783218384,0.20460005104541779,0.3402945101261139,0.06457913666963577,-0.10675349831581116,0.12589077651500702,0.9841670393943787,0,0,0,0,0,0,0,0,0,0,0,0,0,0
6.72142767906189,0,0.0,0.0,0.0,0.0,0.0,0.0,0.0,0.0,0.3,1.3086286783218384,0.20460005104541779,0.3402945101261139,0.06457913666963577,-0.10675349831581116,0.12589077651500702,0.9841670393943787,0,0,0,0,0,0,0,0,0,0,0,0,0,0
6.722789764404297,0,0.0,0.0,0.0,0.0,0.0,0.0,0.0,0.0,0.3,1.3086286783218384,0.20460005104541779,0.3402945101261139,0.06457913666963577,-0.10675349831581116,0.12589077651500702,0.9841670393943787,0,0,0,0,0,0,0,0,0,0,0,0,0,0
6.7247231006622314,0,0.0,0.0,0.0,0.0,0.0,0.0,0.0,0.0,0.3,1.3086286783218384,0.20460005104541779,0.3402945101261139,0.06457913666963577,-0.10675349831581116,0.12589077651500702,0.9841670393943787,0,0,0,0,0,0,0,0,0,0,0,0,0,0
6.726177453994751,0,0.0,0.0,0.0,0.0,0.0,0.0,0.0,0.0,0.3,1.3086286783218384,0.20460005104541779,0.3402945101261139,0.06457913666963577,-0.10675349831581116,0.12589077651500702,0.9841670393943787,0,0,0,0,0,0,0,0,0,0,0,0,0,0
6.727726221084595,0,0.0,0.0,0.0,0.0,0.0,0.0,0.0,0.0,0.3,1.3086286783218384,0.20460005104541779,0.3402945101261139,0.06457913666963577,-0.10675349831581116,0.12589077651500702,0.9841670393943787,0,0,0,0,0,0,0,0,0,0,0,0,0,0
6.728857755661011,0,0.0,0.0,0.0,0.0,0.0,0.0,0.0,0.0,0.3,1.3086286783218384,0.20460005104541779,0.3402945101261139,0.06457913666963577,-0.10675349831581116,0.12589077651500702,0.9841670393943787,0,0,0,0,0,0,0,0,0,0,0,0,0,0
6.730021953582764,0,0.0,0.0,0.0,0.0,0.0,0.0,0.0,0.0,0.3,1.3086286783218384,0.20460005104541779,0.3402945101261139,0.06457913666963577,-0.10675349831581116,0.12589077651500702,0.9841670393943787,0,0,0,0,0,0,0,0,0,0,0,0,0,0
6.731128931045532,0,0.0,0.0,0.0,0.0,0.0,0.0,0.0,0.0,0.3,1.3086286783218384,0.20460005104541779,0.3402945101261139,0.06457913666963577,-0.10675349831581116,0.12589077651500702,0.9841670393943787,0,0,0,0,0,0,0,0,0,0,0,0,0,0
6.732262849807739,0,0.0,0.0,0.0,0.0,0.0,0.0,0.0,0.0,0.3,1.3086286783218384,0.20460005104541779,0.3402945101261139,0.06457913666963577,-0.10675349831581116,0.12589077651500702,0.9841670393943787,0,0,0,0,0,0,0,0,0,0,0,0,0,0
6.734007120132446,0,0.0,0.0,0.0,0.0,0.0,0.0,0.0,0.0,0.3,1.3086286783218384,0.20460005104541779,0.3402945101261139,0.06457913666963577,-0.10675349831581116,0.12589077651500702,0.9841670393943787,0,0,0,0,0,0,0,0,0,0,0,0,0,0
6.735569477081299,0,0.0,0.0,0.0,0.0,0.0,0.0,0.0,0.0,0.3,1.3086286783218384,0.20460005104541779,0.3402945101261139,0.06457913666963577,-0.10675349831581116,0.12589077651500702,0.9841670393943787,0,0,0,0,0,0,0,0,0,0,0,0,0,0
6.736970901489258,0,0.0,0.0,0.0,0.0,0.0,0.0,0.0,0.0,0.3,1.3086286783218384,0.20460005104541779,0.3402945101261139,0.06457913666963577,-0.10675349831581116,0.12589077651500702,0.9841670393943787,0,0,0,0,0,0,0,0,0,0,0,0,0,0
6.738123655319214,0,0.0,0.0,0.0,0.0,0.0,0.0,0.0,0.0,0.3,1.3086286783218384,0.20460005104541779,0.3402945101261139,0.06457913666963577,-0.10675349831581116,0.12589077651500702,0.9841670393943787,0,0,0,0,0,0,0,0,0,0,0,0,0,0
6.739258766174316,0,0.0,0.0,0.0,0.0,0.0,0.0,0.0,0.0,0.3,1.3086286783218384,0.20460005104541779,0.3402945101261139,0.06457913666963577,-0.10675349831581116,0.12589077651500702,0.9841670393943787,0,0,0,0,0,0,0,0,0,0,0,0,0,0
6.740412950515747,0,0.0,0.0,0.0,0.0,0.0,0.0,0.0,0.0,0.3,1.3086286783218384,0.20460005104541779,0.3402945101261139,0.06457913666963577,-0.10675349831581116,0.12589077651500702,0.9841670393943787,0,0,0,0,0,0,0,0,0,0,0,0,0,0
6.741759300231934,0,0.0,0.0,0.0,0.0,0.0,0.0,0.0,0.0,0.3,1.3086286783218384,0.20460005104541779,0.3402945101261139,0.06457913666963577,-0.10675349831581116,0.12589077651500702,0.9841670393943787,0,0,0,0,0,0,0,0,0,0,0,0,0,0
6.742856502532959,0,0.0,0.0,0.0,0.0,0.0,0.0,0.0,0.0,0.3,1.3086286783218384,0.20460005104541779,0.3402945101261139,0.06457913666963577,-0.10675349831581116,0.12589077651500702,0.9841670393943787,0,0,0,0,0,0,0,0,0,0,0,0,0,0
6.744661808013916,0,0.0,0.0,0.0,0.0,0.0,0.0,0.0,0.0,0.3,1.3086286783218384,0.20460005104541779,0.3402945101261139,0.06457913666963577,-0.10675349831581116,0.12589077651500702,0.9841670393943787,0,0,0,0,0,0,0,0,0,0,0,0,0,0
6.7464280128479,0,0.0,0.0,0.0,0.0,0.0,0.0,0.0,0.0,0.3,1.3086286783218384,0.20460005104541779,0.3402945101261139,0.06457913666963577,-0.10675349831581116,0.12589077651500702,0.9841670393943787,0,0,0,0,0,0,0,0,0,0,0,0,0,0
6.748628854751587,0,0.0,0.0,0.0,0.0,0.0,0.0,0.0,0.0,0.3,1.3086286783218384,0.20460005104541779,0.3402945101261139,0.06457913666963577,-0.10675349831581116,0.12589077651500702,0.9841670393943787,0,0,0,0,0,0,0,0,0,0,0,0,0,0
6.749822378158569,0,0.0,0.0,0.0,0.0,0.0,0.0,0.0,0.0,0.3,1.3086286783218384,0.20460005104541779,0.3402945101261139,0.06457913666963577,-0.10675349831581116,0.12589077651500702,0.9841670393943787,0,0,0,0,0,0,0,0,0,0,0,0,0,0
6.751705884933472,0,0.0,0.0,0.0,0.0,0.0,0.0,0.0,0.0,0.3,1.3086286783218384,0.20460005104541779,0.3402945101261139,0.06457913666963577,-0.10675349831581116,0.12589077651500702,0.9841670393943787,0,0,0,0,0,0,0,0,0,0,0,0,0,0
6.752811431884766,0,0.0,0.0,0.0,0.0,0.0,0.0,0.0,0.0,0.3,1.3086286783218384,0.20460005104541779,0.3402945101261139,0.06457913666963577,-0.10675349831581116,0.12589077651500702,0.9841670393943787,0,0,0,0,0,0,0,0,0,0,0,0,0,0
6.754213571548462,0,0.0,0.0,0.0,0.0,0.0,0.0,0.0,0.0,0.3,1.3086286783218384,0.20460005104541779,0.3402945101261139,0.06457913666963577,-0.10675349831581116,0.12589077651500702,0.9841670393943787,0,0,0,0,0,0,0,0,0,0,0,0,0,0
6.755704402923584,0,0.0,0.0,0.0,0.0,0.0,0.0,0.0,0.0,0.3,1.3086286783218384,0.20460005104541779,0.3402945101261139,0.06457913666963577,-0.10675349831581116,0.12589077651500702,0.9841670393943787,0,0,0,0,0,0,0,0,0,0,0,0,0,0
6.756789684295654,0,0.0,0.0,0.0,0.0,0.0,0.0,0.0,0.0,0.3,1.3086286783218384,0.20460005104541779,0.3402945101261139,0.06457913666963577,-0.10675349831581116,0.12589077651500702,0.9841670393943787,0,0,0,0,0,0,0,0,0,0,0,0,0,0
6.759252071380615,0,0.0,0.0,0.0,0.0,0.0,0.0,0.0,0.0,0.3,1.3086286783218384,0.20460005104541779,0.3402945101261139,0.06457913666963577,-0.10675349831581116,0.12589077651500702,0.9841670393943787,0,0,0,0,0,0,0,0,0,0,0,0,0,0
6.760612964630127,0,0.0,0.0,0.0,0.0,0.0,0.0,0.0,0.0,0.3,1.3086286783218384,0.20460005104541779,0.3402945101261139,0.06457913666963577,-0.10675349831581116,0.12589077651500702,0.9841670393943787,0,0,0,0,0,0,0,0,0,0,0,0,0,0
6.762526512145996,0,0.0,0.0,0.0,0.0,0.0,0.0,0.0,0.0,0.3,1.3086286783218384,0.20460005104541779,0.3402945101261139,0.06457913666963577,-0.10675349831581116,0.12589077651500702,0.9841670393943787,0,0,0,0,0,0,0,0,0,0,0,0,0,0
6.764303207397461,0,0.0,0.0,0.0,0.0,0.0,0.0,0.0,0.0,0.3,1.3086286783218384,0.20460005104541779,0.3402945101261139,0.06457913666963577,-0.10675349831581116,0.12589077651500702,0.9841670393943787,0,0,0,0,0,0,0,0,0,0,0,0,0,0
6.765578985214233,0,0.0,0.0,0.0,0.0,0.0,0.0,0.0,0.0,0.3,1.3086286783218384,0.20460005104541779,0.3402945101261139,0.06457913666963577,-0.10675349831581116,0.12589077651500702,0.9841670393943787,0,0,0,0,0,0,0,0,0,0,0,0,0,0
6.767074346542358,0,0.0,0.0,0.0,0.0,0.0,0.0,0.0,0.0,0.3,1.3086286783218384,0.20460005104541779,0.3402945101261139,0.06457913666963577,-0.10675349831581116,0.12589077651500702,0.9841670393943787,0,0,0,0,0,0,0,0,0,0,0,0,0,0
6.768439769744873,0,0.0,0.0,0.0,0.0,0.0,0.0,0.0,0.0,0.3,1.3086286783218384,0.20460005104541779,0.3402945101261139,0.06457913666963577,-0.10675349831581116,0.12589077651500702,0.9841670393943787,0,0,0,0,0,0,0,0,0,0,0,0,0,0
6.769781827926636,0,0.0,0.0,0.0,0.0,0.0,0.0,0.0,0.0,0.3,1.3086286783218384,0.20460005104541779,0.3402945101261139,0.06457913666963577,-0.10675349831581116,0.12589077651500702,0.9841670393943787,0,0,0,0,0,0,0,0,0,0,0,0,0,0
6.771776437759399,0,0.0,0.0,0.0,0.0,0.0,0.0,0.0,0.0,0.3,1.3086286783218384,0.20460005104541779,0.3402945101261139,0.06457913666963577,-0.10675349831581116,0.12589077651500702,0.9841670393943787,0,0,0,0,0,0,0,0,0,0,0,0,0,0
6.773273706436157,0,0.0,0.0,0.0,0.0,0.0,0.0,0.0,0.0,0.3,1.3086286783218384,0.20460005104541779,0.3402945101261139,0.06457913666963577,-0.10675349831581116,0.12589077651500702,0.9841670393943787,0,0,0,0,0,0,0,0,0,0,0,0,0,0
6.774635314941406,0,0.0,0.0,0.0,0.0,0.0,0.0,0.0,0.0,0.3,1.3086286783218384,0.20460005104541779,0.3402945101261139,0.06457913666963577,-0.10675349831581116,0.12589077651500702,0.9841670393943787,0,0,0,0,0,0,0,0,0,0,0,0,0,0
6.77594518661499,0,0.0,0.0,0.0,0.0,0.0,0.0,0.0,0.0,0.3,1.3086286783218384,0.20460005104541779,0.3402945101261139,0.06457913666963577,-0.10675349831581116,0.12589077651500702,0.9841670393943787,0,0,0,0,0,0,0,0,0,0,0,0,0,0
6.7770233154296875,0,0.0,0.0,0.0,0.0,0.0,0.0,0.0,0.0,0.3,1.3086286783218384,0.20460005104541779,0.3402945101261139,0.06457913666963577,-0.10675349831581116,0.12589077651500702,0.9841670393943787,0,0,0,0,0,0,0,0,0,0,0,0,0,0
6.778177499771118,0,0.0,0.0,0.0,0.0,0.0,0.0,0.0,0.0,0.3,1.3086286783218384,0.20460005104541779,0.3402945101261139,0.06457913666963577,-0.10675349831581116,0.12589077651500702,0.9841670393943787,0,0,0,0,0,0,0,0,0,0,0,0,0,0
6.779262065887451,0,0.0,0.0,0.0,0.0,0.0,0.0,0.0,0.0,0.3,1.3086286783218384,0.20460005104541779,0.3402945101261139,0.06457913666963577,-0.10675349831581116,0.12589077651500702,0.9841670393943787,0,0,0,0,0,0,0,0,0,0,0,0,0,0
6.780355453491211,0,0.0,0.0,0.0,0.0,0.0,0.0,0.0,0.0,0.3,1.3086286783218384,0.20460005104541779,0.3402945101261139,0.06457913666963577,-0.10675349831581116,0.12589077651500702,0.9841670393943787,0,0,0,0,0,0,0,0,0,0,0,0,0,0
6.781548261642456,0,0.0,0.0,0.0,0.0,0.0,0.0,0.0,0.0,0.3,1.3086286783218384,0.20460005104541779,0.3402945101261139,0.06457913666963577,-0.10675349831581116,0.12589077651500702,0.9841670393943787,0,0,0,0,0,0,0,0,0,0,0,0,0,0
6.782849311828613,0,0.0,0.0,0.0,0.0,0.0,0.0,0.0,0.0,0.3,1.3086286783218384,0.20460005104541779,0.3402945101261139,0.06457913666963577,-0.10675349831581116,0.12589077651500702,0.9841670393943787,0,0,0,0,0,0,0,0,0,0,0,0,0,0
6.784075736999512,0,0.0,0.0,0.0,0.0,0.0,0.0,0.0,0.0,0.3,1.3086286783218384,0.20460005104541779,0.3402945101261139,0.06457913666963577,-0.10675349831581116,0.12589077651500702,0.9841670393943787,0,0,0,0,0,0,0,0,0,0,0,0,0,0
6.785931825637817,0,0.0,0.0,0.0,0.0,0.0,0.0,0.0,0.0,0.3,1.3086286783218384,0.20460005104541779,0.3402945101261139,0.06457913666963577,-0.10675349831581116,0.12589077651500702,0.9841670393943787,0,0,0,0,0,0,0,0,0,0,0,0,0,0
6.7871317863464355,0,0.0,0.0,0.0,0.0,0.0,0.0,0.0,0.0,0.3,1.3086286783218384,0.20460005104541779,0.3402945101261139,0.06457913666963577,-0.10675349831581116,0.12589077651500702,0.9841670393943787,0,0,0,0,0,0,0,0,0,0,0,0,0,0
6.789407253265381,0,0.0,0.0,0.0,0.0,0.0,0.0,0.0,0.0,0.3,1.3086286783218384,0.20460005104541779,0.3402945101261139,0.06457913666963577,-0.10675349831581116,0.12589077651500702,0.9841670393943787,0,0,0,0,0,0,0,0,0,0,0,0,0,0
6.790585994720459,0,0.0,0.0,0.0,0.0,0.0,0.0,0.0,0.0,0.3,1.3086286783218384,0.20460005104541779,0.3402945101261139,0.06457913666963577,-0.10675349831581116,0.12589077651500702,0.9841670393943787,0,0,0,0,0,0,0,0,0,0,0,0,0,0
6.791698217391968,0,0.0,0.0,0.0,0.0,0.0,0.0,0.0,0.0,0.3,1.3086286783218384,0.20460005104541779,0.3402945101261139,0.06457913666963577,-0.10675349831581116,0.12589077651500702,0.9841670393943787,0,0,0,0,0,0,0,0,0,0,0,0,0,0
6.7932000160217285,0,0.0,0.0,0.0,0.0,0.0,0.0,0.0,0.0,0.3,1.3086286783218384,0.20460005104541779,0.3402945101261139,0.06457913666963577,-0.10675349831581116,0.12589077651500702,0.9841670393943787,0,0,0,0,0,0,0,0,0,0,0,0,0,0
6.7951273918151855,0,0.0,0.0,0.0,0.0,0.0,0.0,0.0,0.0,0.3,1.3086286783218384,0.20460005104541779,0.3402945101261139,0.06457913666963577,-0.10675349831581116,0.12589077651500702,0.9841670393943787,0,0,0,0,0,0,0,0,0,0,0,0,0,0
6.796499729156494,0,0.0,0.0,0.0,0.0,0.0,0.0,0.0,0.0,0.3,1.3086286783218384,0.20460005104541779,0.3402945101261139,0.06457913666963577,-0.10675349831581116,0.12589077651500702,0.9841670393943787,0,0,0,0,0,0,0,0,0,0,0,0,0,0
6.798025131225586,0,0.0,0.0,0.0,0.0,0.0,0.0,0.0,0.0,0.3,1.3086286783218384,0.20460005104541779,0.3402945101261139,0.06457913666963577,-0.10675349831581116,0.12589077651500702,0.9841670393943787,0,0,0,0,0,0,0,0,0,0,0,0,0,0
6.799151420593262,0,0.0,0.0,0.0,0.0,0.0,0.0,0.0,0.0,0.3,1.3086286783218384,0.20460005104541779,0.3402945101261139,0.06457913666963577,-0.10675349831581116,0.12589077651500702,0.9841670393943787,0,0,0,0,0,0,0,0,0,0,0,0,0,0
6.800273418426514,0,0.0,0.0,0.0,0.0,0.0,0.0,0.0,0.0,0.3,1.3086286783218384,0.20460005104541779,0.3402945101261139,0.06457913666963577,-0.10675349831581116,0.12589077651500702,0.9841670393943787,0,0,0,0,0,0,0,0,0,0,0,0,0,0
6.80137300491333,0,0.0,0.0,0.0,0.0,0.0,0.0,0.0,0.0,0.3,1.3086286783218384,0.20460005104541779,0.3402945101261139,0.06457913666963577,-0.10675349831581116,0.12589077651500702,0.9841670393943787,0,0,0,0,0,0,0,0,0,0,0,0,0,0
6.802438974380493,0,0.0,0.0,0.0,0.0,0.0,0.0,0.0,0.0,0.3,1.3086286783218384,0.20460005104541779,0.3402945101261139,0.06457913666963577,-0.10675349831581116,0.12589077651500702,0.9841670393943787,0,0,0,0,0,0,0,0,0,0,0,0,0,0
6.804807901382446,0,0.0,0.0,0.0,0.0,0.0,0.0,0.0,0.0,0.3,1.3086286783218384,0.20460005104541779,0.3402945101261139,0.06457913666963577,-0.10675349831581116,0.12589077651500702,0.9841670393943787,0,0,0,0,0,0,0,0,0,0,0,0,0,0
6.806337356567383,0,0.0,0.0,0.0,0.0,0.0,0.0,0.0,0.0,0.3,1.3086286783218384,0.20460005104541779,0.3402945101261139,0.06457913666963577,-0.10675349831581116,0.12589077651500702,0.9841670393943787,0,0,0,0,0,0,0,0,0,0,0,0,0,0
6.807544469833374,0,0.0,0.0,0.0,0.0,0.0,0.0,0.0,0.0,0.3,1.3086286783218384,0.20460005104541779,0.3402945101261139,0.06457913666963577,-0.10675349831581116,0.12589077651500702,0.9841670393943787,0,0,0,0,0,0,0,0,0,0,0,0,0,0
6.808783531188965,0,0.0,0.0,0.0,0.0,0.0,0.0,0.0,0.0,0.3,1.3086286783218384,0.20460005104541779,0.3402945101261139,0.06457913666963577,-0.10675349831581116,0.12589077651500702,0.9841670393943787,0,0,0,0,0,0,0,0,0,0,0,0,0,0
6.810096263885498,0,0.0,0.0,0.0,0.0,0.0,0.0,0.0,0.0,0.3,1.3086286783218384,0.20460005104541779,0.3402945101261139,0.06457913666963577,-0.10675349831581116,0.12589077651500702,0.9841670393943787,0,0,0,0,0,0,0,0,0,0,0,0,0,0
6.811918497085571,0,0.0,0.0,0.0,0.0,0.0,0.0,0.0,0.0,0.3,1.3086286783218384,0.20460005104541779,0.3402945101261139,0.06457913666963577,-0.10675349831581116,0.12589077651500702,0.9841670393943787,0,0,0,0,0,0,0,0,0,0,0,0,0,0
6.812980890274048,0,0.0,0.0,0.0,0.0,0.0,0.0,0.0,0.0,0.3,1.3086286783218384,0.20460005104541779,0.3402945101261139,0.06457913666963577,-0.10675349831581116,0.12589077651500702,0.9841670393943787,0,0,0,0,0,0,0,0,0,0,0,0,0,0
6.8141725063323975,0,0.0,0.0,0.0,0.0,0.0,0.0,0.0,0.0,0.3,1.3086286783218384,0.20460005104541779,0.3402945101261139,0.06457913666963577,-0.10675349831581116,0.12589077651500702,0.9841670393943787,0,0,0,0,0,0,0,0,0,0,0,0,0,0
6.815301895141602,0,0.0,0.0,0.0,0.0,0.0,0.0,0.0,0.0,0.3,1.3086286783218384,0.20460005104541779,0.3402945101261139,0.06457913666963577,-0.10675349831581116,0.12589077651500702,0.9841670393943787,0,0,0,0,0,0,0,0,0,0,0,0,0,0
6.818776845932007,0,0.0,0.0,0.0,0.0,0.0,0.0,0.0,0.0,0.3,1.3086286783218384,0.20460005104541779,0.3402945101261139,0.06457913666963577,-0.10675349831581116,0.12589077651500702,0.9841670393943787,0,0,0,0,0,0,0,0,0,0,0,0,0,0
6.8200695514678955,0,0.0,0.0,0.0,0.0,0.0,0.0,0.0,0.0,0.3,1.3086286783218384,0.20460005104541779,0.3402945101261139,0.06457913666963577,-0.10675349831581116,0.12589077651500702,0.9841670393943787,0,0,0,0,0,0,0,0,0,0,0,0,0,0
6.822062969207764,0,0.0,0.0,0.0,0.0,0.0,0.0,0.0,0.0,0.3,1.3086286783218384,0.20460005104541779,0.3402945101261139,0.06457913666963577,-0.10675349831581116,0.12589077651500702,0.9841670393943787,0,0,0,0,0,0,0,0,0,0,0,0,0,0
6.825879335403442,0,0.0,0.0,0.0,0.0,0.0,0.0,0.0,0.0,0.3,1.3086286783218384,0.20460005104541779,0.3402945101261139,0.06457913666963577,-0.10675349831581116,0.12589077651500702,0.9841670393943787,0,0,0,0,0,0,0,0,0,0,0,0,0,0
6.827027320861816,0,0.0,0.0,0.0,0.0,0.0,0.0,0.0,0.0,0.3,1.3086286783218384,0.20460005104541779,0.3402945101261139,0.06457913666963577,-0.10675349831581116,0.12589077651500702,0.9841670393943787,0,0,0,0,0,0,0,0,0,0,0,0,0,0
6.828408479690552,0,0.0,0.0,0.0,0.0,0.0,0.0,0.0,0.0,0.3,1.3086286783218384,0.20460005104541779,0.3402945101261139,0.06457913666963577,-0.10675349831581116,0.12589077651500702,0.9841670393943787,0,0,0,0,0,0,0,0,0,0,0,0,0,0
6.830705165863037,0,0.0,0.0,0.0,0.0,0.0,0.0,0.0,0.0,0.3,1.3086286783218384,0.20460005104541779,0.3402945101261139,0.06457913666963577,-0.10675349831581116,0.12589077651500702,0.9841670393943787,0,0,0,0,0,0,0,0,0,0,0,0,0,0
6.832862138748169,0,0.0,0.0,0.0,0.0,0.0,0.0,0.0,0.0,0.3,1.3086286783218384,0.20460005104541779,0.3402945101261139,0.06457913666963577,-0.10675349831581116,0.12589077651500702,0.9841670393943787,0,0,0,0,0,0,0,0,0,0,0,0,0,0
6.8342413902282715,0,0.0,0.0,0.0,0.0,0.0,0.0,0.0,0.0,0.3,1.3086286783218384,0.20460005104541779,0.3402945101261139,0.06457913666963577,-0.10675349831581116,0.12589077651500702,0.9841670393943787,0,0,0,0,0,0,0,0,0,0,0,0,0,0
6.836177587509155,0,0.0,0.0,0.0,0.0,0.0,0.0,0.0,0.0,0.3,1.3086286783218384,0.20460005104541779,0.3402945101261139,0.06457913666963577,-0.10675349831581116,0.12589077651500702,0.9841670393943787,0,0,0,0,0,0,0,0,0,0,0,0,0,0
6.837276935577393,0,0.0,0.0,0.0,0.0,0.0,0.0,0.0,0.0,0.3,1.3086286783218384,0.20460005104541779,0.3402945101261139,0.06457913666963577,-0.10675349831581116,0.12589077651500702,0.9841670393943787,0,0,0,0,0,0,0,0,0,0,0,0,0,0
6.838357210159302,0,0.0,0.0,0.0,0.0,0.0,0.0,0.0,0.0,0.3,1.3086286783218384,0.20460005104541779,0.3402945101261139,0.06457913666963577,-0.10675349831581116,0.12589077651500702,0.9841670393943787,0,0,0,0,0,0,0,0,0,0,0,0,0,0
6.839576244354248,0,0.0,0.0,0.0,0.0,0.0,0.0,0.0,0.0,0.3,1.3086286783218384,0.20460005104541779,0.3402945101261139,0.06457913666963577,-0.10675349831581116,0.12589077651500702,0.9841670393943787,0,0,0,0,0,0,0,0,0,0,0,0,0,0
6.8407392501831055,0,0.0,0.0,0.0,0.0,0.0,0.0,0.0,0.0,0.3,1.3086286783218384,0.20460005104541779,0.3402945101261139,0.06457913666963577,-0.10675349831581116,0.12589077651500702,0.9841670393943787,0,0,0,0,0,0,0,0,0,0,0,0,0,0
6.842007637023926,0,0.0,0.0,0.0,0.0,0.0,0.0,0.0,0.0,0.3,1.3086286783218384,0.20460005104541779,0.3402945101261139,0.06457913666963577,-0.10675349831581116,0.12589077651500702,0.9841670393943787,0,0,0,0,0,0,0,0,0,0,0,0,0,0
6.84308934211731,0,0.0,0.0,0.0,0.0,0.0,0.0,0.0,0.0,0.3,1.3086286783218384,0.20460005104541779,0.3402945101261139,0.06457913666963577,-0.10675349831581116,0.12589077651500702,0.9841670393943787,0,0,0,0,0,0,0,0,0,0,0,0,0,0
6.844564437866211,0,0.0,0.0,0.0,0.0,0.0,0.0,0.0,0.0,0.3,1.3086286783218384,0.20460005104541779,0.3402945101261139,0.06457913666963577,-0.10675349831581116,0.12589077651500702,0.9841670393943787,0,0,0,0,0,0,0,0,0,0,0,0,0,0
6.845781087875366,0,0.0,0.0,0.0,0.0,0.0,0.0,0.0,0.0,0.3,1.3086286783218384,0.20460005104541779,0.3402945101261139,0.06457913666963577,-0.10675349831581116,0.12589077651500702,0.9841670393943787,0,0,0,0,0,0,0,0,0,0,0,0,0,0
6.847534894943237,0,0.0,0.0,0.0,0.0,0.0,0.0,0.0,0.0,0.3,1.3086286783218384,0.20460005104541779,0.3402945101261139,0.06457913666963577,-0.10675349831581116,0.12589077651500702,0.9841670393943787,0,0,0,0,0,0,0,0,0,0,0,0,0,0
6.84900689125061,0,0.0,0.0,0.0,0.0,0.0,0.0,0.0,0.0,0.3,1.3086286783218384,0.20460005104541779,0.3402945101261139,0.06457913666963577,-0.10675349831581116,0.12589077651500702,0.9841670393943787,0,0,0,0,0,0,0,0,0,0,0,0,0,0
6.850207805633545,0,0.0,0.0,0.0,0.0,0.0,0.0,0.0,0.0,0.3,1.3086286783218384,0.20460005104541779,0.3402945101261139,0.06457913666963577,-0.10675349831581116,0.12589077651500702,0.9841670393943787,0,0,0,0,0,0,0,0,0,0,0,0,0,0
6.851714611053467,0,0.0,0.0,0.0,0.0,0.0,0.0,0.0,0.0,0.3,1.3086286783218384,0.20460005104541779,0.3402945101261139,0.06457913666963577,-0.10675349831581116,0.12589077651500702,0.9841670393943787,0,0,0,0,0,0,0,0,0,0,0,0,0,0
6.853485345840454,0,0.0,0.0,0.0,0.0,0.0,0.0,0.0,0.0,0.3,1.3086286783218384,0.20460005104541779,0.3402945101261139,0.06457913666963577,-0.10675349831581116,0.12589077651500702,0.9841670393943787,0,0,0,0,0,0,0,0,0,0,0,0,0,0
6.8547446727752686,0,0.0,0.0,0.0,0.0,0.0,0.0,0.0,0.0,0.3,1.3086286783218384,0.20460005104541779,0.3402945101261139,0.06457913666963577,-0.10675349831581116,0.12589077651500702,0.9841670393943787,0,0,0,0,0,0,0,0,0,0,0,0,0,0
6.855848073959351,0,0.0,0.0,0.0,0.0,0.0,0.0,0.0,0.0,0.3,1.3086286783218384,0.20460005104541779,0.3402945101261139,0.06457913666963577,-0.10675349831581116,0.12589077651500702,0.9841670393943787,0,0,0,0,0,0,0,0,0,0,0,0,0,0
6.8574464321136475,0,0.0,0.0,0.0,0.0,0.0,0.0,0.0,0.0,0.3,1.3086286783218384,0.20460005104541779,0.3402945101261139,0.06457913666963577,-0.10675349831581116,0.12589077651500702,0.9841670393943787,0,0,0,0,0,0,0,0,0,0,0,0,0,0
6.858629941940308,0,0.0,0.0,0.0,0.0,0.0,0.0,0.0,0.0,0.3,1.3086286783218384,0.20460005104541779,0.3402945101261139,0.06457913666963577,-0.10675349831581116,0.12589077651500702,0.9841670393943787,0,0,0,0,0,0,0,0,0,0,0,0,0,0
6.859724521636963,0,0.0,0.0,0.0,0.0,0.0,0.0,0.0,0.0,0.3,1.3086286783218384,0.20460005104541779,0.3402945101261139,0.06457913666963577,-0.10675349831581116,0.12589077651500702,0.9841670393943787,0,0,0,0,0,0,0,0,0,0,0,0,0,0
6.860898971557617,0,0.0,0.0,0.0,0.0,0.0,0.0,0.0,0.0,0.3,1.3086286783218384,0.20460005104541779,0.3402945101261139,0.06457913666963577,-0.10675349831581116,0.12589077651500702,0.9841670393943787,0,0,0,0,0,0,0,0,0,0,0,0,0,0
6.861996173858643,0,0.0,0.0,0.0,0.0,0.0,0.0,0.0,0.0,0.3,1.3086286783218384,0.20460005104541779,0.3402945101261139,0.06457913666963577,-0.10675349831581116,0.12589077651500702,0.9841670393943787,0,0,0,0,0,0,0,0,0,0,0,0,0,0
6.863966703414917,0,0.0,0.0,0.0,0.0,0.0,0.0,0.0,0.0,0.3,1.3086286783218384,0.20460005104541779,0.3402945101261139,0.06457913666963577,-0.10675349831581116,0.12589077651500702,0.9841670393943787,0,0,0,0,0,0,0,0,0,0,0,0,0,0
6.865087270736694,0,0.0,0.0,0.0,0.0,0.0,0.0,0.0,0.0,0.3,1.3086286783218384,0.20460005104541779,0.3402945101261139,0.06457913666963577,-0.10675349831581116,0.12589077651500702,0.9841670393943787,0,0,0,0,0,0,0,0,0,0,0,0,0,0
6.86725926399231,0,0.0,0.0,0.0,0.0,0.0,0.0,0.0,0.0,0.3,1.3086286783218384,0.20460005104541779,0.3402945101261139,0.06457913666963577,-0.10675349831581116,0.12589077651500702,0.9841670393943787,0,0,0,0,0,0,0,0,0,0,0,0,0,0
6.868467807769775,0,0.0,0.0,0.0,0.0,0.0,0.0,0.0,0.0,0.3,1.3086286783218384,0.20460005104541779,0.3402945101261139,0.06457913666963577,-0.10675349831581116,0.12589077651500702,0.9841670393943787,0,0,0,0,0,0,0,0,0,0,0,0,0,0
6.870028972625732,0,0.0,0.0,0.0,0.0,0.0,0.0,0.0,0.0,0.3,1.3086286783218384,0.20460005104541779,0.3402945101261139,0.06457913666963577,-0.10675349831581116,0.12589077651500702,0.9841670393943787,0,0,0,0,0,0,0,0,0,0,0,0,0,0
6.871506214141846,0,0.0,0.0,0.0,0.0,0.0,0.0,0.0,0.0,0.3,1.3086286783218384,0.20460005104541779,0.3402945101261139,0.06457913666963577,-0.10675349831581116,0.12589077651500702,0.9841670393943787,0,0,0,0,0,0,0,0,0,0,0,0,0,0
6.872845649719238,0,0.0,0.0,0.0,0.0,0.0,0.0,0.0,0.0,0.3,1.3086286783218384,0.20460005104541779,0.3402945101261139,0.06457913666963577,-0.10675349831581116,0.12589077651500702,0.9841670393943787,0,0,0,0,0,0,0,0,0,0,0,0,0,0
6.874391794204712,0,0.0,0.0,0.0,0.0,0.0,0.0,0.0,0.0,0.3,1.3086286783218384,0.20460005104541779,0.3402945101261139,0.06457913666963577,-0.10675349831581116,0.12589077651500702,0.9841670393943787,0,0,0,0,0,0,0,0,0,0,0,0,0,0
6.875452995300293,0,0.0,0.0,0.0,0.0,0.0,0.0,0.0,0.0,0.3,1.3086286783218384,0.20460005104541779,0.3402945101261139,0.06457913666963577,-0.10675349831581116,0.12589077651500702,0.9841670393943787,0,0,0,0,0,0,0,0,0,0,0,0,0,0
6.878095388412476,0,0.0,0.0,0.0,0.0,0.0,0.0,0.0,0.0,0.3,1.3086286783218384,0.20460005104541779,0.3402945101261139,0.06457913666963577,-0.10675349831581116,0.12589077651500702,0.9841670393943787,0,0,0,0,0,0,0,0,0,0,0,0,0,0
6.879450082778931,0,0.0,0.0,0.0,0.0,0.0,0.0,0.0,0.0,0.3,1.3086286783218384,0.20460005104541779,0.3402945101261139,0.06457913666963577,-0.10675349831581116,0.12589077651500702,0.9841670393943787,0,0,0,0,0,0,0,0,0,0,0,0,0,0
6.881301641464233,0,0.0,0.0,0.0,0.0,0.0,0.0,0.0,0.0,0.3,1.3086286783218384,0.20460005104541779,0.3402945101261139,0.06457913666963577,-0.10675349831581116,0.12589077651500702,0.9841670393943787,0,0,0,0,0,0,0,0,0,0,0,0,0,0
6.8849687576293945,0,0.0,0.0,0.0,0.0,0.0,0.0,0.0,0.0,0.3,1.3086286783218384,0.20460005104541779,0.3402945101261139,0.06457913666963577,-0.10675349831581116,0.12589077651500702,0.9841670393943787,0,0,0,0,0,0,0,0,0,0,0,0,0,0
6.886384725570679,0,0.0,0.0,0.0,0.0,0.0,0.0,0.0,0.0,0.3,1.3086286783218384,0.20460005104541779,0.3402945101261139,0.06457913666963577,-0.10675349831581116,0.12589077651500702,0.9841670393943787,0,0,0,0,0,0,0,0,0,0,0,0,0,0
6.8877129554748535,0,0.0,0.0,0.0,0.0,0.0,0.0,0.0,0.0,0.3,1.3086286783218384,0.20460005104541779,0.3402945101261139,0.06457913666963577,-0.10675349831581116,0.12589077651500702,0.9841670393943787,0,0,0,0,0,0,0,0,0,0,0,0,0,0
6.892228126525879,0,0.0,0.0,0.0,0.0,0.0,0.0,0.0,0.0,0.3,1.3086286783218384,0.20460005104541779,0.3402945101261139,0.06457913666963577,-0.10675349831581116,0.12589077651500702,0.9841670393943787,0,0,0,0,0,0,0,0,0,0,0,0,0,0
6.89350700378418,0,0.0,0.0,0.0,0.0,0.0,0.0,0.0,0.0,0.3,1.3086286783218384,0.20460005104541779,0.3402945101261139,0.06457913666963577,-0.10675349831581116,0.12589077651500702,0.9841670393943787,0,0,0,0,0,0,0,0,0,0,0,0,0,0
6.894620656967163,0,0.0,0.0,0.0,0.0,0.0,0.0,0.0,0.0,0.3,1.3086286783218384,0.20460005104541779,0.3402945101261139,0.06457913666963577,-0.10675349831581116,0.12589077651500702,0.9841670393943787,0,0,0,0,0,0,0,0,0,0,0,0,0,0
6.8959572315216064,0,0.0,0.0,0.0,0.0,0.0,0.0,0.0,0.0,0.3,1.3086286783218384,0.20460005104541779,0.3402945101261139,0.06457913666963577,-0.10675349831581116,0.12589077651500702,0.9841670393943787,0,0,0,0,0,0,0,0,0,0,0,0,0,0
6.897380352020264,0,0.0,0.0,0.0,0.0,0.0,0.0,0.0,0.0,0.3,1.3086286783218384,0.20460005104541779,0.3402945101261139,0.06457913666963577,-0.10675349831581116,0.12589077651500702,0.9841670393943787,0,0,0,0,0,0,0,0,0,0,0,0,0,0
6.898633241653442,0,0.0,0.0,0.0,0.0,0.0,0.0,0.0,0.0,0.3,1.3086286783218384,0.20460005104541779,0.3402945101261139,0.06457913666963577,-0.10675349831581116,0.12589077651500702,0.9841670393943787,0,0,0,0,0,0,0,0,0,0,0,0,0,0
6.899780035018921,0,0.0,0.0,0.0,0.0,0.0,0.0,0.0,0.0,0.3,1.3086286783218384,0.20460005104541779,0.3402945101261139,0.06457913666963577,-0.10675349831581116,0.12589077651500702,0.9841670393943787,0,0,0,0,0,0,0,0,0,0,0,0,0,0
6.900837182998657,0,0.0,0.0,0.0,0.0,0.0,0.0,0.0,0.0,0.3,1.3086286783218384,0.20460005104541779,0.3402945101261139,0.06457913666963577,-0.10675349831581116,0.12589077651500702,0.9841670393943787,0,0,0,0,0,0,0,0,0,0,0,0,0,0
6.9019176959991455,0,0.0,0.0,0.0,0.0,0.0,0.0,0.0,0.0,0.3,1.3086286783218384,0.20460005104541779,0.3402945101261139,0.06457913666963577,-0.10675349831581116,0.12589077651500702,0.9841670393943787,0,0,0,0,0,0,0,0,0,0,0,0,0,0
6.903262138366699,0,0.0,0.0,0.0,0.0,0.0,0.0,0.0,0.0,0.3,1.3086286783218384,0.20460005104541779,0.3402945101261139,0.06457913666963577,-0.10675349831581116,0.12589077651500702,0.9841670393943787,0,0,0,0,0,0,0,0,0,0,0,0,0,0
6.904485464096069,0,0.0,0.0,0.0,0.0,0.0,0.0,0.0,0.0,0.3,1.3086286783218384,0.20460005104541779,0.3402945101261139,0.06457913666963577,-0.10675349831581116,0.12589077651500702,0.9841670393943787,0,0,0,0,0,0,0,0,0,0,0,0,0,0
6.905658483505249,0,0.0,0.0,0.0,0.0,0.0,0.0,0.0,0.0,0.3,1.3086286783218384,0.20460005104541779,0.3402945101261139,0.06457913666963577,-0.10675349831581116,0.12589077651500702,0.9841670393943787,0,0,0,0,0,0,0,0,0,0,0,0,0,0
6.908495664596558,0,0.0,0.0,0.0,0.0,0.0,0.0,0.0,0.0,0.3,1.3086286783218384,0.20460005104541779,0.3402945101261139,0.06457913666963577,-0.10675349831581116,0.12589077651500702,0.9841670393943787,0,0,0,0,0,0,0,0,0,0,0,0,0,0
6.909698963165283,0,0.0,0.0,0.0,0.0,0.0,0.0,0.0,0.0,0.3,1.3086286783218384,0.20460005104541779,0.3402945101261139,0.06457913666963577,-0.10675349831581116,0.12589077651500702,0.9841670393943787,0,0,0,0,0,0,0,0,0,0,0,0,0,0
6.911149740219116,0,0.0,0.0,0.0,0.0,0.0,0.0,0.0,0.0,0.3,1.3086286783218384,0.20460005104541779,0.3402945101261139,0.06457913666963577,-0.10675349831581116,0.12589077651500702,0.9841670393943787,0,0,0,0,0,0,0,0,0,0,0,0,0,0
6.912415266036987,0,0.0,0.0,0.0,0.0,0.0,0.0,0.0,0.0,0.3,1.3086286783218384,0.20460005104541779,0.3402945101261139,0.06457913666963577,-0.10675349831581116,0.12589077651500702,0.9841670393943787,0,0,0,0,0,0,0,0,0,0,0,0,0,0
6.9136269092559814,0,0.0,0.0,0.0,0.0,0.0,0.0,0.0,0.0,0.3,1.3086286783218384,0.20460005104541779,0.3402945101261139,0.06457913666963577,-0.10675349831581116,0.12589077651500702,0.9841670393943787,0,0,0,0,0,0,0,0,0,0,0,0,0,0
6.9161882400512695,0,0.0,0.0,0.0,0.0,0.0,0.0,0.0,0.0,0.3,1.3086286783218384,0.20460005104541779,0.3402945101261139,0.06457913666963577,-0.10675349831581116,0.12589077651500702,0.9841670393943787,0,0,0,0,0,0,0,0,0,0,0,0,0,0
6.917455673217773,0,0.0,0.0,0.0,0.0,0.0,0.0,0.0,0.0,0.3,1.3086286783218384,0.20460005104541779,0.3402945101261139,0.06457913666963577,-0.10675349831581116,0.12589077651500702,0.9841670393943787,0,0,0,0,0,0,0,0,0,0,0,0,0,0
6.918520450592041,0,0.0,0.0,0.0,0.0,0.0,0.0,0.0,0.0,0.3,1.3086286783218384,0.20460005104541779,0.3402945101261139,0.06457913666963577,-0.10675349831581116,0.12589077651500702,0.9841670393943787,0,0,0,0,0,0,0,0,0,0,0,0,0,0
6.919598340988159,0,0.0,0.0,0.0,0.0,0.0,0.0,0.0,0.0,0.3,1.3086286783218384,0.20460005104541779,0.3402945101261139,0.06457913666963577,-0.10675349831581116,0.12589077651500702,0.9841670393943787,0,0,0,0,0,0,0,0,0,0,0,0,0,0
6.921136140823364,0,0.0,0.0,0.0,0.0,0.0,0.0,0.0,0.0,0.3,1.3086286783218384,0.20460005104541779,0.3402945101261139,0.06457913666963577,-0.10675349831581116,0.12589077651500702,0.9841670393943787,0,0,0,0,0,0,0,0,0,0,0,0,0,0
6.922318458557129,0,0.0,0.0,0.0,0.0,0.0,0.0,0.0,0.0,0.3,1.3086286783218384,0.20460005104541779,0.3402945101261139,0.06457913666963577,-0.10675349831581116,0.12589077651500702,0.9841670393943787,0,0,0,0,0,0,0,0,0,0,0,0,0,0
6.923382997512817,0,0.0,0.0,0.0,0.0,0.0,0.0,0.0,0.0,0.3,1.3086286783218384,0.20460005104541779,0.3402945101261139,0.06457913666963577,-0.10675349831581116,0.12589077651500702,0.9841670393943787,0,0,0,0,0,0,0,0,0,0,0,0,0,0
6.924547433853149,0,0.0,0.0,0.0,0.0,0.0,0.0,0.0,0.0,0.3,1.3086286783218384,0.20460005104541779,0.3402945101261139,0.06457913666963577,-0.10675349831581116,0.12589077651500702,0.9841670393943787,0,0,0,0,0,0,0,0,0,0,0,0,0,0
6.925613164901733,0,0.0,0.0,0.0,0.0,0.0,0.0,0.0,0.0,0.3,1.3086286783218384,0.20460005104541779,0.3402945101261139,0.06457913666963577,-0.10675349831581116,0.12589077651500702,0.9841670393943787,0,0,0,0,0,0,0,0,0,0,0,0,0,0
6.930187702178955,0,0.0,0.0,0.0,0.0,0.0,0.0,0.0,0.0,0.3,1.3086286783218384,0.20460005104541779,0.3402945101261139,0.06457913666963577,-0.10675349831581116,0.12589077651500702,0.9841670393943787,0,0,0,0,0,0,0,0,0,0,0,0,0,0
6.9316565990448,0,0.0,0.0,0.0,0.0,0.0,0.0,0.0,0.0,0.3,1.3086286783218384,0.20460005104541779,0.3402945101261139,0.06457913666963577,-0.10675349831581116,0.12589077651500702,0.9841670393943787,0,0,0,0,0,0,0,0,0,0,0,0,0,0
6.932891130447388,0,0.0,0.0,0.0,0.0,0.0,0.0,0.0,0.0,0.3,1.3086286783218384,0.20460005104541779,0.3402945101261139,0.06457913666963577,-0.10675349831581116,0.12589077651500702,0.9841670393943787,0,0,0,0,0,0,0,0,0,0,0,0,0,0
6.934515714645386,0,0.0,0.0,0.0,0.0,0.0,0.0,0.0,0.0,0.3,1.3086286783218384,0.20460005104541779,0.3402945101261139,0.06457913666963577,-0.10675349831581116,0.12589077651500702,0.9841670393943787,0,0,0,0,0,0,0,0,0,0,0,0,0,0
6.936304807662964,0,0.0,0.0,0.0,0.0,0.0,0.0,0.0,0.0,0.3,1.3086286783218384,0.20460005104541779,0.3402945101261139,0.06457913666963577,-0.10675349831581116,0.12589077651500702,0.9841670393943787,0,0,0,0,0,0,0,0,0,0,0,0,0,0
6.937379360198975,0,0.0,0.0,0.0,0.0,0.0,0.0,0.0,0.0,0.3,1.3086286783218384,0.20460005104541779,0.3402945101261139,0.06457913666963577,-0.10675349831581116,0.12589077651500702,0.9841670393943787,0,0,0,0,0,0,0,0,0,0,0,0,0,0
6.938858270645142,0,0.0,0.0,0.0,0.0,0.0,0.0,0.0,0.0,0.3,1.3086286783218384,0.20460005104541779,0.3402945101261139,0.06457913666963577,-0.10675349831581116,0.12589077651500702,0.9841670393943787,0,0,0,0,0,0,0,0,0,0,0,0,0,0
6.940211534500122,0,0.0,0.0,0.0,0.0,0.0,0.0,0.0,0.0,0.3,1.3086286783218384,0.20460005104541779,0.3402945101261139,0.06457913666963577,-0.10675349831581116,0.12589077651500702,0.9841670393943787,0,0,0,0,0,0,0,0,0,0,0,0,0,0
6.941352605819702,0,0.0,0.0,0.0,0.0,0.0,0.0,0.0,0.0,0.3,1.3086286783218384,0.20460005104541779,0.3402945101261139,0.06457913666963577,-0.10675349831581116,0.12589077651500702,0.9841670393943787,0,0,0,0,0,0,0,0,0,0,0,0,0,0
6.943194627761841,0,0.0,0.0,0.0,0.0,0.0,0.0,0.0,0.0,0.3,1.3086286783218384,0.20460005104541779,0.3402945101261139,0.06457913666963577,-0.10675349831581116,0.12589077651500702,0.9841670393943787,0,0,0,0,0,0,0,0,0,0,0,0,0,0
6.944716453552246,0,0.0,0.0,0.0,0.0,0.0,0.0,0.0,0.0,0.3,1.3086286783218384,0.20460005104541779,0.3402945101261139,0.06457913666963577,-0.10675349831581116,0.12589077651500702,0.9841670393943787,0,0,0,0,0,0,0,0,0,0,0,0,0,0
6.9461634159088135,0,0.0,0.0,0.0,0.0,0.0,0.0,0.0,0.0,0.3,1.3086286783218384,0.20460005104541779,0.3402945101261139,0.06457913666963577,-0.10675349831581116,0.12589077651500702,0.9841670393943787,0,0,0,0,0,0,0,0,0,0,0,0,0,0
6.949991226196289,0,0.0,0.0,0.0,0.0,0.0,0.0,0.0,0.0,0.3,1.3086286783218384,0.20460005104541779,0.3402945101261139,0.06457913666963577,-0.10675349831581116,0.12589077651500702,0.9841670393943787,0,0,0,0,0,0,0,0,0,0,0,0,0,0
6.951087474822998,0,0.0,0.0,0.0,0.0,0.0,0.0,0.0,0.0,0.3,1.3086286783218384,0.20460005104541779,0.3402945101261139,0.06457913666963577,-0.10675349831581116,0.12589077651500702,0.9841670393943787,0,0,0,0,0,0,0,0,0,0,0,0,0,0
6.95243239402771,0,0.0,0.0,0.0,0.0,0.0,0.0,0.0,0.0,0.3,1.3086286783218384,0.20460005104541779,0.3402945101261139,0.06457913666963577,-0.10675349831581116,0.12589077651500702,0.9841670393943787,0,0,0,0,0,0,0,0,0,0,0,0,0,0
6.953757047653198,0,0.0,0.0,0.0,0.0,0.0,0.0,0.0,0.0,0.3,1.3086286783218384,0.20460005104541779,0.3402945101261139,0.06457913666963577,-0.10675349831581116,0.12589077651500702,0.9841670393943787,0,0,0,0,0,0,0,0,0,0,0,0,0,0
6.9551002979278564,0,0.0,0.0,0.0,0.0,0.0,0.0,0.0,0.0,0.3,1.3086286783218384,0.20460005104541779,0.3402945101261139,0.06457913666963577,-0.10675349831581116,0.12589077651500702,0.9841670393943787,0,0,0,0,0,0,0,0,0,0,0,0,0,0
6.9566426277160645,0,0.0,0.0,0.0,0.0,0.0,0.0,0.0,0.0,0.3,1.3086286783218384,0.20460005104541779,0.3402945101261139,0.06457913666963577,-0.10675349831581116,0.12589077651500702,0.9841670393943787,0,0,0,0,0,0,0,0,0,0,0,0,0,0
6.958104610443115,0,0.0,0.0,0.0,0.0,0.0,0.0,0.0,0.0,0.3,1.3086286783218384,0.20460005104541779,0.3402945101261139,0.06457913666963577,-0.10675349831581116,0.12589077651500702,0.9841670393943787,0,0,0,0,0,0,0,0,0,0,0,0,0,0
6.959467887878418,0,0.0,0.0,0.0,0.0,0.0,0.0,0.0,0.0,0.3,1.3086286783218384,0.20460005104541779,0.3402945101261139,0.06457913666963577,-0.10675349831581116,0.12589077651500702,0.9841670393943787,0,0,0,0,0,0,0,0,0,0,0,0,0,0
6.960719347000122,0,0.0,0.0,0.0,0.0,0.0,0.0,0.0,0.0,0.3,1.3086286783218384,0.20460005104541779,0.3402945101261139,0.06457913666963577,-0.10675349831581116,0.12589077651500702,0.9841670393943787,0,0,0,0,0,0,0,0,0,0,0,0,0,0
6.961988925933838,0,0.0,0.0,0.0,0.0,0.0,0.0,0.0,0.0,0.3,1.3086286783218384,0.20460005104541779,0.3402945101261139,0.06457913666963577,-0.10675349831581116,0.12589077651500702,0.9841670393943787,0,0,0,0,0,0,0,0,0,0,0,0,0,0
6.963054895401001,0,0.0,0.0,0.0,0.0,0.0,0.0,0.0,0.0,0.3,1.3086286783218384,0.20460005104541779,0.3402945101261139,0.06457913666963577,-0.10675349831581116,0.12589077651500702,0.9841670393943787,0,0,0,0,0,0,0,0,0,0,0,0,0,0
6.964114189147949,0,0.0,0.0,0.0,0.0,0.0,0.0,0.0,0.0,0.3,1.3086286783218384,0.20460005104541779,0.3402945101261139,0.06457913666963577,-0.10675349831581116,0.12589077651500702,0.9841670393943787,0,0,0,0,0,0,0,0,0,0,0,0,0,0
6.965274095535278,0,0.0,0.0,0.0,0.0,0.0,0.0,0.0,0.0,0.3,1.3086286783218384,0.20460005104541779,0.3402945101261139,0.06457913666963577,-0.10675349831581116,0.12589077651500702,0.9841670393943787,0,0,0,0,0,0,0,0,0,0,0,0,0,0
6.966334581375122,0,0.0,0.0,0.0,0.0,0.0,0.0,0.0,0.0,0.3,1.3086286783218384,0.20460005104541779,0.3402945101261139,0.06457913666963577,-0.10675349831581116,0.12589077651500702,0.9841670393943787,0,0,0,0,0,0,0,0,0,0,0,0,0,0
6.967422246932983,0,0.0,0.0,0.0,0.0,0.0,0.0,0.0,0.0,0.3,1.3086286783218384,0.20460005104541779,0.3402945101261139,0.06457913666963577,-0.10675349831581116,0.12589077651500702,0.9841670393943787,0,0,0,0,0,0,0,0,0,0,0,0,0,0
6.968555927276611,0,0.0,0.0,0.0,0.0,0.0,0.0,0.0,0.0,0.3,1.3086286783218384,0.20460005104541779,0.3402945101261139,0.06457913666963577,-0.10675349831581116,0.12589077651500702,0.9841670393943787,0,0,0,0,0,0,0,0,0,0,0,0,0,0
6.970267057418823,0,0.0,0.0,0.0,0.0,0.0,0.0,0.0,0.0,0.3,1.3086286783218384,0.20460005104541779,0.3402945101261139,0.06457913666963577,-0.10675349831581116,0.12589077651500702,0.9841670393943787,0,0,0,0,0,0,0,0,0,0,0,0,0,0
6.971705675125122,0,0.0,0.0,0.0,0.0,0.0,0.0,0.0,0.0,0.3,1.3086286783218384,0.20460005104541779,0.3402945101261139,0.06457913666963577,-0.10675349831581116,0.12589077651500702,0.9841670393943787,0,0,0,0,0,0,0,0,0,0,0,0,0,0
6.973267316818237,0,0.0,0.0,0.0,0.0,0.0,0.0,0.0,0.0,0.3,1.3086286783218384,0.20460005104541779,0.3402945101261139,0.06457913666963577,-0.10675349831581116,0.12589077651500702,0.9841670393943787,0,0,0,0,0,0,0,0,0,0,0,0,0,0
6.974417209625244,0,0.0,0.0,0.0,0.0,0.0,0.0,0.0,0.0,0.3,1.3086286783218384,0.20460005104541779,0.3402945101261139,0.06457913666963577,-0.10675349831581116,0.12589077651500702,0.9841670393943787,0,0,0,0,0,0,0,0,0,0,0,0,0,0
6.975670576095581,0,0.0,0.0,0.0,0.0,0.0,0.0,0.0,0.0,0.3,1.3086286783218384,0.20460005104541779,0.3402945101261139,0.06457913666963577,-0.10675349831581116,0.12589077651500702,0.9841670393943787,0,0,0,0,0,0,0,0,0,0,0,0,0,0
6.976744890213013,0,0.0,0.0,0.0,0.0,0.0,0.0,0.0,0.0,0.3,1.3086286783218384,0.20460005104541779,0.3402945101261139,0.06457913666963577,-0.10675349831581116,0.12589077651500702,0.9841670393943787,0,0,0,0,0,0,0,0,0,0,0,0,0,0
6.977912425994873,0,0.0,0.0,0.0,0.0,0.0,0.0,0.0,0.0,0.3,1.3086286783218384,0.20460005104541779,0.3402945101261139,0.06457913666963577,-0.10675349831581116,0.12589077651500702,0.9841670393943787,0,0,0,0,0,0,0,0,0,0,0,0,0,0
6.979470252990723,0,0.0,0.0,0.0,0.0,0.0,0.0,0.0,0.0,0.3,1.3086286783218384,0.20460005104541779,0.3402945101261139,0.06457913666963577,-0.10675349831581116,0.12589077651500702,0.9841670393943787,0,0,0,0,0,0,0,0,0,0,0,0,0,0
6.980964660644531,0,0.0,0.0,0.0,0.0,0.0,0.0,0.0,0.0,0.3,1.3086286783218384,0.20460005104541779,0.3402945101261139,0.06457913666963577,-0.10675349831581116,0.12589077651500702,0.9841670393943787,0,0,0,0,0,0,0,0,0,0,0,0,0,0
6.982100009918213,0,0.0,0.0,0.0,0.0,0.0,0.0,0.0,0.0,0.3,1.3086286783218384,0.20460005104541779,0.3402945101261139,0.06457913666963577,-0.10675349831581116,0.12589077651500702,0.9841670393943787,0,0,0,0,0,0,0,0,0,0,0,0,0,0
6.983907222747803,0,0.0,0.0,0.0,0.0,0.0,0.0,0.0,0.0,0.3,1.3086286783218384,0.20460005104541779,0.3402945101261139,0.06457913666963577,-0.10675349831581116,0.12589077651500702,0.9841670393943787,0,0,0,0,0,0,0,0,0,0,0,0,0,0
6.985045433044434,0,0.0,0.0,0.0,0.0,0.0,0.0,0.0,0.0,0.3,1.3086286783218384,0.20460005104541779,0.3402945101261139,0.06457913666963577,-0.10675349831581116,0.12589077651500702,0.9841670393943787,0,0,0,0,0,0,0,0,0,0,0,0,0,0
6.986177921295166,0,0.0,0.0,0.0,0.0,0.0,0.0,0.0,0.0,0.3,1.3086286783218384,0.20460005104541779,0.3402945101261139,0.06457913666963577,-0.10675349831581116,0.12589077651500702,0.9841670393943787,0,0,0,0,0,0,0,0,0,0,0,0,0,0
6.98725438117981,0,0.0,0.0,0.0,0.0,0.0,0.0,0.0,0.0,0.3,1.3086286783218384,0.20460005104541779,0.3402945101261139,0.06457913666963577,-0.10675349831581116,0.12589077651500702,0.9841670393943787,0,0,0,0,0,0,0,0,0,0,0,0,0,0
6.988318204879761,0,0.0,0.0,0.0,0.0,0.0,0.0,0.0,0.0,0.3,1.3086286783218384,0.20460005104541779,0.3402945101261139,0.06457913666963577,-0.10675349831581116,0.12589077651500702,0.9841670393943787,0,0,0,0,0,0,0,0,0,0,0,0,0,0
6.989826202392578,0,0.0,0.0,0.0,0.0,0.0,0.0,0.0,0.0,0.3,1.3086286783218384,0.20460005104541779,0.3402945101261139,0.06457913666963577,-0.10675349831581116,0.12589077651500702,0.9841670393943787,0,0,0,0,0,0,0,0,0,0,0,0,0,0
6.991276264190674,0,0.0,0.0,0.0,0.0,0.0,0.0,0.0,0.0,0.3,1.3086286783218384,0.20460005104541779,0.3402945101261139,0.06457913666963577,-0.10675349831581116,0.12589077651500702,0.9841670393943787,0,0,0,0,0,0,0,0,0,0,0,0,0,0
6.992770671844482,0,0.0,0.0,0.0,0.0,0.0,0.0,0.0,0.0,0.3,1.3086286783218384,0.20460005104541779,0.3402945101261139,0.06457913666963577,-0.10675349831581116,0.12589077651500702,0.9841670393943787,0,0,0,0,0,0,0,0,0,0,0,0,0,0
6.99403977394104,0,0.0,0.0,0.0,0.0,0.0,0.0,0.0,0.0,0.3,1.3086286783218384,0.20460005104541779,0.3402945101261139,0.06457913666963577,-0.10675349831581116,0.12589077651500702,0.9841670393943787,0,0,0,0,0,0,0,0,0,0,0,0,0,0
6.995197057723999,0,0.0,0.0,0.0,0.0,0.0,0.0,0.0,0.0,0.3,1.3086286783218384,0.20460005104541779,0.3402945101261139,0.06457913666963577,-0.10675349831581116,0.12589077651500702,0.9841670393943787,0,0,0,0,0,0,0,0,0,0,0,0,0,0
6.996816635131836,0,0.0,0.0,0.0,0.0,0.0,0.0,0.0,0.0,0.3,1.3086286783218384,0.20460005104541779,0.3402945101261139,0.06457913666963577,-0.10675349831581116,0.12589077651500702,0.9841670393943787,0,0,0,0,0,0,0,0,0,0,0,0,0,0
6.9983229637146,0,0.0,0.0,0.0,0.0,0.0,0.0,0.0,0.0,0.3,1.3086286783218384,0.20460005104541779,0.3402945101261139,0.06457913666963577,-0.10675349831581116,0.12589077651500702,0.9841670393943787,0,0,0,0,0,0,0,0,0,0,0,0,0,0
6.999665021896362,0,0.0,0.0,0.0,0.0,0.0,0.0,0.0,0.0,0.3,1.3086286783218384,0.20460005104541779,0.3402945101261139,0.06457913666963577,-0.10675349831581116,0.12589077651500702,0.9841670393943787,0,0,0,0,0,0,0,0,0,0,0,0,0,0
7.001184701919556,0,0.0,0.0,0.0,0.0,0.0,0.0,0.0,0.0,0.3,1.3086286783218384,0.20460005104541779,0.3402945101261139,0.06457913666963577,-0.10675349831581116,0.12589077651500702,0.9841670393943787,0,0,0,0,0,0,0,0,0,0,0,0,0,0
7.0022454261779785,0,0.0,0.0,0.0,0.0,0.0,0.0,0.0,0.0,0.3,1.3086286783218384,0.20460005104541779,0.3402945101261139,0.06457913666963577,-0.10675349831581116,0.12589077651500702,0.9841670393943787,0,0,0,0,0,0,0,0,0,0,0,0,0,0
7.004896640777588,0,0.0,0.0,0.0,0.0,0.0,0.0,0.0,0.0,0.3,1.3086286783218384,0.20460005104541779,0.3402945101261139,0.06457913666963577,-0.10675349831581116,0.12589077651500702,0.9841670393943787,0,0,0,0,0,0,0,0,0,0,0,0,0,0
7.006330728530884,0,0.0,0.0,0.0,0.0,0.0,0.0,0.0,0.0,0.3,1.3086286783218384,0.20460005104541779,0.3402945101261139,0.06457913666963577,-0.10675349831581116,0.12589077651500702,0.9841670393943787,0,0,0,0,0,0,0,0,0,0,0,0,0,0
7.008142471313477,0,0.0,0.0,0.0,0.0,0.0,0.0,0.0,0.0,0.3,1.3086286783218384,0.20460005104541779,0.3402945101261139,0.06457913666963577,-0.10675349831581116,0.12589077651500702,0.9841670393943787,0,0,0,0,0,0,0,0,0,0,0,0,0,0
7.012131929397583,0,0.0,0.0,0.0,0.0,0.0,0.0,0.0,0.0,0.3,1.3086286783218384,0.20460005104541779,0.3402945101261139,0.06457913666963577,-0.10675349831581116,0.12589077651500702,0.9841670393943787,0,0,0,0,0,0,0,0,0,0,0,0,0,0
7.013610124588013,0,0.0,0.0,0.0,0.0,0.0,0.0,0.0,0.0,0.3,1.3086286783218384,0.20460005104541779,0.3402945101261139,0.06457913666963577,-0.10675349831581116,0.12589077651500702,0.9841670393943787,0,0,0,0,0,0,0,0,0,0,0,0,0,0
7.0149476528167725,0,0.0,0.0,0.0,0.0,0.0,0.0,0.0,0.0,0.3,1.3086286783218384,0.20460005104541779,0.3402945101261139,0.06457913666963577,-0.10675349831581116,0.12589077651500702,0.9841670393943787,0,0,0,0,0,0,0,0,0,0,0,0,0,0
7.016388177871704,0,0.0,0.0,0.0,0.0,0.0,0.0,0.0,0.0,0.3,1.3086286783218384,0.20460005104541779,0.3402945101261139,0.06457913666963577,-0.10675349831581116,0.12589077651500702,0.9841670393943787,0,0,0,0,0,0,0,0,0,0,0,0,0,0
7.017930746078491,0,0.0,0.0,0.0,0.0,0.0,0.0,0.0,0.0,0.3,1.3086286783218384,0.20460005104541779,0.3402945101261139,0.06457913666963577,-0.10675349831581116,0.12589077651500702,0.9841670393943787,0,0,0,0,0,0,0,0,0,0,0,0,0,0
7.0193235874176025,0,0.0,0.0,0.0,0.0,0.0,0.0,0.0,0.0,0.3,1.3086286783218384,0.20460005104541779,0.3402945101261139,0.06457913666963577,-0.10675349831581116,0.12589077651500702,0.9841670393943787,0,0,0,0,0,0,0,0,0,0,0,0,0,0
7.0206944942474365,0,0.0,0.0,0.0,0.0,0.0,0.0,0.0,0.0,0.3,1.3086286783218384,0.20460005104541779,0.3402945101261139,0.06457913666963577,-0.10675349831581116,0.12589077651500702,0.9841670393943787,0,0,0,0,0,0,0,0,0,0,0,0,0,0
7.0223236083984375,0,0.0,0.0,0.0,0.0,0.0,0.0,0.0,0.0,0.3,1.3086286783218384,0.20460005104541779,0.3402945101261139,0.06457913666963577,-0.10675349831581116,0.12589077651500702,0.9841670393943787,0,0,0,0,0,0,0,0,0,0,0,0,0,0
7.023696422576904,0,0.0,0.0,0.0,0.0,0.0,0.0,0.0,0.0,0.3,1.3086286783218384,0.20460005104541779,0.3402945101261139,0.06457913666963577,-0.10675349831581116,0.12589077651500702,0.9841670393943787,0,0,0,0,0,0,0,0,0,0,0,0,0,0
7.024817228317261,0,0.0,0.0,0.0,0.0,0.0,0.0,0.0,0.0,0.3,1.3086286783218384,0.20460005104541779,0.3402945101261139,0.06457913666963577,-0.10675349831581116,0.12589077651500702,0.9841670393943787,0,0,0,0,0,0,0,0,0,0,0,0,0,0
7.025982618331909,0,0.0,0.0,0.0,0.0,0.0,0.0,0.0,0.0,0.3,1.3086286783218384,0.20460005104541779,0.3402945101261139,0.06457913666963577,-0.10675349831581116,0.12589077651500702,0.9841670393943787,0,0,0,0,0,0,0,0,0,0,0,0,0,0
7.027059078216553,0,0.0,0.0,0.0,0.0,0.0,0.0,0.0,0.0,0.3,1.3086286783218384,0.20460005104541779,0.3402945101261139,0.06457913666963577,-0.10675349831581116,0.12589077651500702,0.9841670393943787,0,0,0,0,0,0,0,0,0,0,0,0,0,0
7.028170585632324,0,0.0,0.0,0.0,0.0,0.0,0.0,0.0,0.0,0.3,1.3086286783218384,0.20460005104541779,0.3402945101261139,0.06457913666963577,-0.10675349831581116,0.12589077651500702,0.9841670393943787,0,0,0,0,0,0,0,0,0,0,0,0,0,0
7.029310464859009,0,0.0,0.0,0.0,0.0,0.0,0.0,0.0,0.0,0.3,1.3086286783218384,0.20460005104541779,0.3402945101261139,0.06457913666963577,-0.10675349831581116,0.12589077651500702,0.9841670393943787,0,0,0,0,0,0,0,0,0,0,0,0,0,0
7.033098459243774,0,0.0,0.0,0.0,0.0,0.0,0.0,0.0,0.0,0.3,1.3086286783218384,0.20460005104541779,0.3402945101261139,0.06457913666963577,-0.10675349831581116,0.12589077651500702,0.9841670393943787,0,0,0,0,0,0,0,0,0,0,0,0,0,0
7.0353803634643555,0,0.0,0.0,0.0,0.0,0.0,0.0,0.0,0.0,0.3,1.3086286783218384,0.20460005104541779,0.3402945101261139,0.06457913666963577,-0.10675349831581116,0.12589077651500702,0.9841670393943787,0,0,0,0,0,0,0,0,0,0,0,0,0,0
7.036545276641846,0,0.0,0.0,0.0,0.0,0.0,0.0,0.0,0.0,0.3,1.3086286783218384,0.20460005104541779,0.3402945101261139,0.06457913666963577,-0.10675349831581116,0.12589077651500702,0.9841670393943787,0,0,0,0,0,0,0,0,0,0,0,0,0,0
7.037652254104614,0,0.0,0.0,0.0,0.0,0.0,0.0,0.0,0.0,0.3,1.3086286783218384,0.20460005104541779,0.3402945101261139,0.06457913666963577,-0.10675349831581116,0.12589077651500702,0.9841670393943787,0,0,0,0,0,0,0,0,0,0,0,0,0,0
7.038804054260254,0,0.0,0.0,0.0,0.0,0.0,0.0,0.0,0.0,0.3,1.3086286783218384,0.20460005104541779,0.3402945101261139,0.06457913666963577,-0.10675349831581116,0.12589077651500702,0.9841670393943787,0,0,0,0,0,0,0,0,0,0,0,0,0,0
7.040179252624512,0,0.0,0.0,0.0,0.0,0.0,0.0,0.0,0.0,0.3,1.3086286783218384,0.20460005104541779,0.3402945101261139,0.06457913666963577,-0.10675349831581116,0.12589077651500702,0.9841670393943787,0,0,0,0,0,0,0,0,0,0,0,0,0,0
7.041433095932007,0,0.0,0.0,0.0,0.0,0.0,0.0,0.0,0.0,0.3,1.3086286783218384,0.20460005104541779,0.3402945101261139,0.06457913666963577,-0.10675349831581116,0.12589077651500702,0.9841670393943787,0,0,0,0,0,0,0,0,0,0,0,0,0,0
7.042497396469116,0,0.0,0.0,0.0,0.0,0.0,0.0,0.0,0.0,0.3,1.3086286783218384,0.20460005104541779,0.3402945101261139,0.06457913666963577,-0.10675349831581116,0.12589077651500702,0.9841670393943787,0,0,0,0,0,0,0,0,0,0,0,0,0,0
7.04365086555481,0,0.0,0.0,0.0,0.0,0.0,0.0,0.0,0.0,0.3,1.3086286783218384,0.20460005104541779,0.3402945101261139,0.06457913666963577,-0.10675349831581116,0.12589077651500702,0.9841670393943787,0,0,0,0,0,0,0,0,0,0,0,0,0,0
7.04507303237915,0,0.0,0.0,0.0,0.0,0.0,0.0,0.0,0.0,0.3,1.3086286783218384,0.20460005104541779,0.3402945101261139,0.06457913666963577,-0.10675349831581116,0.12589077651500702,0.9841670393943787,0,0,0,0,0,0,0,0,0,0,0,0,0,0
7.046261787414551,0,0.0,0.0,0.0,0.0,0.0,0.0,0.0,0.0,0.3,1.3086286783218384,0.20460005104541779,0.3402945101261139,0.06457913666963577,-0.10675349831581116,0.12589077651500702,0.9841670393943787,0,0,0,0,0,0,0,0,0,0,0,0,0,0
7.047595739364624,0,0.0,0.0,0.0,0.0,0.0,0.0,0.0,0.0,0.3,1.3086286783218384,0.20460005104541779,0.3402945101261139,0.06457913666963577,-0.10675349831581116,0.12589077651500702,0.9841670393943787,0,0,0,0,0,0,0,0,0,0,0,0,0,0
7.048657655715942,0,0.0,0.0,0.0,0.0,0.0,0.0,0.0,0.0,0.3,1.3086286783218384,0.20460005104541779,0.3402945101261139,0.06457913666963577,-0.10675349831581116,0.12589077651500702,0.9841670393943787,0,0,0,0,0,0,0,0,0,0,0,0,0,0
7.049731254577637,0,0.0,0.0,0.0,0.0,0.0,0.0,0.0,0.0,0.3,1.3086286783218384,0.20460005104541779,0.3402945101261139,0.06457913666963577,-0.10675349831581116,0.12589077651500702,0.9841670393943787,0,0,0,0,0,0,0,0,0,0,0,0,0,0
7.051122426986694,0,0.0,0.0,0.0,0.0,0.0,0.0,0.0,0.0,0.3,1.3086286783218384,0.20460005104541779,0.3402945101261139,0.06457913666963577,-0.10675349831581116,0.12589077651500702,0.9841670393943787,0,0,0,0,0,0,0,0,0,0,0,0,0,0
7.052617311477661,0,0.0,0.0,0.0,0.0,0.0,0.0,0.0,0.0,0.3,1.3086286783218384,0.20460005104541779,0.3402945101261139,0.06457913666963577,-0.10675349831581116,0.12589077651500702,0.9841670393943787,0,0,0,0,0,0,0,0,0,0,0,0,0,0
7.05388617515564,0,0.0,0.0,0.0,0.0,0.0,0.0,0.0,0.0,0.3,1.3086286783218384,0.20460005104541779,0.3402945101261139,0.06457913666963577,-0.10675349831581116,0.12589077651500702,0.9841670393943787,0,0,0,0,0,0,0,0,0,0,0,0,0,0
7.055070877075195,0,0.0,0.0,0.0,0.0,0.0,0.0,0.0,0.0,0.3,1.3086286783218384,0.20460005104541779,0.3402945101261139,0.06457913666963577,-0.10675349831581116,0.12589077651500702,0.9841670393943787,0,0,0,0,0,0,0,0,0,0,0,0,0,0
7.056620836257935,0,0.0,0.0,0.0,0.0,0.0,0.0,0.0,0.0,0.3,1.3086286783218384,0.20460005104541779,0.3402945101261139,0.06457913666963577,-0.10675349831581116,0.12589077651500702,0.9841670393943787,0,0,0,0,0,0,0,0,0,0,0,0,0,0
7.058130502700806,0,0.0,0.0,0.0,0.0,0.0,0.0,0.0,0.0,0.3,1.3086286783218384,0.20460005104541779,0.3402945101261139,0.06457913666963577,-0.10675349831581116,0.12589077651500702,0.9841670393943787,0,0,0,0,0,0,0,0,0,0,0,0,0,0
7.059476137161255,0,0.0,0.0,0.0,0.0,0.0,0.0,0.0,0.0,0.3,1.3086286783218384,0.20460005104541779,0.3402945101261139,0.06457913666963577,-0.10675349831581116,0.12589077651500702,0.9841670393943787,0,0,0,0,0,0,0,0,0,0,0,0,0,0
7.060994625091553,0,0.0,0.0,0.0,0.0,0.0,0.0,0.0,0.0,0.3,1.3086286783218384,0.20460005104541779,0.3402945101261139,0.06457913666963577,-0.10675349831581116,0.12589077651500702,0.9841670393943787,0,0,0,0,0,0,0,0,0,0,0,0,0,0
7.062054634094238,0,0.0,0.0,0.0,0.0,0.0,0.0,0.0,0.0,0.3,1.3086286783218384,0.20460005104541779,0.3402945101261139,0.06457913666963577,-0.10675349831581116,0.12589077651500702,0.9841670393943787,0,0,0,0,0,0,0,0,0,0,0,0,0,0
7.064659357070923,0,0.0,0.0,0.0,0.0,0.0,0.0,0.0,0.0,0.3,1.3086286783218384,0.20460005104541779,0.3402945101261139,0.06457913666963577,-0.10675349831581116,0.12589077651500702,0.9841670393943787,0,0,0,0,0,0,0,0,0,0,0,0,0,0
7.0660929679870605,0,0.0,0.0,0.0,0.0,0.0,0.0,0.0,0.0,0.3,1.3086286783218384,0.20460005104541779,0.3402945101261139,0.06457913666963577,-0.10675349831581116,0.12589077651500702,0.9841670393943787,0,0,0,0,0,0,0,0,0,0,0,0,0,0
7.071638107299805,0,0.0,0.0,0.0,0.0,0.0,0.0,0.0,0.0,0.3,1.3086286783218384,0.20460005104541779,0.3402945101261139,0.06457913666963577,-0.10675349831581116,0.12589077651500702,0.9841670393943787,0,0,0,0,0,0,0,0,0,0,0,0,0,0
7.07271146774292,0,0.0,0.0,0.0,0.0,0.0,0.0,0.0,0.0,0.3,1.3086286783218384,0.20460005104541779,0.3402945101261139,0.06457913666963577,-0.10675349831581116,0.12589077651500702,0.9841670393943787,0,0,0,0,0,0,0,0,0,0,0,0,0,0
7.0740368366241455,0,0.0,0.0,0.0,0.0,0.0,0.0,0.0,0.0,0.3,1.3086286783218384,0.20460005104541779,0.3402945101261139,0.06457913666963577,-0.10675349831581116,0.12589077651500702,0.9841670393943787,0,0,0,0,0,0,0,0,0,0,0,0,0,0
7.075400352478027,0,0.0,0.0,0.0,0.0,0.0,0.0,0.0,0.0,0.3,1.3086286783218384,0.20460005104541779,0.3402945101261139,0.06457913666963577,-0.10675349831581116,0.12589077651500702,0.9841670393943787,0,0,0,0,0,0,0,0,0,0,0,0,0,0
7.076859474182129,0,0.0,0.0,0.0,0.0,0.0,0.0,0.0,0.0,0.3,1.3086286783218384,0.20460005104541779,0.3402945101261139,0.06457913666963577,-0.10675349831581116,0.12589077651500702,0.9841670393943787,0,0,0,0,0,0,0,0,0,0,0,0,0,0
7.079158544540405,0,0.0,0.0,0.0,0.0,0.0,0.0,0.0,0.0,0.3,1.3086286783218384,0.20460005104541779,0.3402945101261139,0.06457913666963577,-0.10675349831581116,0.12589077651500702,0.9841670393943787,0,0,0,0,0,0,0,0,0,0,0,0,0,0
7.080528020858765,0,0.0,0.0,0.0,0.0,0.0,0.0,0.0,0.0,0.3,1.3086286783218384,0.20460005104541779,0.3402945101261139,0.06457913666963577,-0.10675349831581116,0.12589077651500702,0.9841670393943787,0,0,0,0,0,0,0,0,0,0,0,0,0,0
7.081800937652588,0,0.0,0.0,0.0,0.0,0.0,0.0,0.0,0.0,0.3,1.3086286783218384,0.20460005104541779,0.3402945101261139,0.06457913666963577,-0.10675349831581116,0.12589077651500702,0.9841670393943787,0,0,0,0,0,0,0,0,0,0,0,0,0,0
7.08286190032959,0,0.0,0.0,0.0,0.0,0.0,0.0,0.0,0.0,0.3,1.3086286783218384,0.20460005104541779,0.3402945101261139,0.06457913666963577,-0.10675349831581116,0.12589077651500702,0.9841670393943787,0,0,0,0,0,0,0,0,0,0,0,0,0,0
7.084050416946411,0,0.0,0.0,0.0,0.0,0.0,0.0,0.0,0.0,0.3,1.3086286783218384,0.20460005104541779,0.3402945101261139,0.06457913666963577,-0.10675349831581116,0.12589077651500702,0.9841670393943787,0,0,0,0,0,0,0,0,0,0,0,0,0,0
7.085110425949097,0,0.0,0.0,0.0,0.0,0.0,0.0,0.0,0.0,0.3,1.3086286783218384,0.20460005104541779,0.3402945101261139,0.06457913666963577,-0.10675349831581116,0.12589077651500702,0.9841670393943787,0,0,0,0,0,0,0,0,0,0,0,0,0,0
7.086169719696045,0,0.0,0.0,0.0,0.0,0.0,0.0,0.0,0.0,0.3,1.3086286783218384,0.20460005104541779,0.3402945101261139,0.06457913666963577,-0.10675349831581116,0.12589077651500702,0.9841670393943787,0,0,0,0,0,0,0,0,0,0,0,0,0,0
7.087273359298706,0,0.0,0.0,0.0,0.0,0.0,0.0,0.0,0.0,0.3,1.3086286783218384,0.20460005104541779,0.3402945101261139,0.06457913666963577,-0.10675349831581116,0.12589077651500702,0.9841670393943787,0,0,0,0,0,0,0,0,0,0,0,0,0,0
7.088390111923218,0,0.0,0.0,0.0,0.0,0.0,0.0,0.0,0.0,0.3,1.3086286783218384,0.20460005104541779,0.3402945101261139,0.06457913666963577,-0.10675349831581116,0.12589077651500702,0.9841670393943787,0,0,0,0,0,0,0,0,0,0,0,0,0,0
7.089451789855957,0,0.0,0.0,0.0,0.0,0.0,0.0,0.0,0.0,0.3,1.3086286783218384,0.20460005104541779,0.3402945101261139,0.06457913666963577,-0.10675349831581116,0.12589077651500702,0.9841670393943787,0,0,0,0,0,0,0,0,0,0,0,0,0,0
7.090762615203857,0,0.0,0.0,0.0,0.0,0.0,0.0,0.0,0.0,0.3,1.3086286783218384,0.20460005104541779,0.3402945101261139,0.06457913666963577,-0.10675349831581116,0.12589077651500702,0.9841670393943787,0,0,0,0,0,0,0,0,0,0,0,0,0,0
7.0921852588653564,0,0.0,0.0,0.0,0.0,0.0,0.0,0.0,0.0,0.3,1.3086286783218384,0.20460005104541779,0.3402945101261139,0.06457913666963577,-0.10675349831581116,0.12589077651500702,0.9841670393943787,0,0,0,0,0,0,0,0,0,0,0,0,0,0
7.093723297119141,0,0.0,0.0,0.0,0.0,0.0,0.0,0.0,0.0,0.3,1.3086286783218384,0.20460005104541779,0.3402945101261139,0.06457913666963577,-0.10675349831581116,0.12589077651500702,0.9841670393943787,0,0,0,0,0,0,0,0,0,0,0,0,0,0
7.095252752304077,0,0.0,0.0,0.0,0.0,0.0,0.0,0.0,0.0,0.3,1.3086286783218384,0.20460005104541779,0.3402945101261139,0.06457913666963577,-0.10675349831581116,0.12589077651500702,0.9841670393943787,0,0,0,0,0,0,0,0,0,0,0,0,0,0
7.096391201019287,0,0.0,0.0,0.0,0.0,0.0,0.0,0.0,0.0,0.3,1.3086286783218384,0.20460005104541779,0.3402945101261139,0.06457913666963577,-0.10675349831581116,0.12589077651500702,0.9841670393943787,0,0,0,0,0,0,0,0,0,0,0,0,0,0
7.097557067871094,0,0.0,0.0,0.0,0.0,0.0,0.0,0.0,0.0,0.3,1.3086286783218384,0.20460005104541779,0.3402945101261139,0.06457913666963577,-0.10675349831581116,0.12589077651500702,0.9841670393943787,0,0,0,0,0,0,0,0,0,0,0,0,0,0
7.099792003631592,0,0.0,0.0,0.0,0.0,0.0,0.0,0.0,0.0,0.3,1.3086286783218384,0.20460005104541779,0.3402945101261139,0.06457913666963577,-0.10675349831581116,0.12589077651500702,0.9841670393943787,0,0,0,0,0,0,0,0,0,0,0,0,0,0
7.100895643234253,0,0.0,0.0,0.0,0.0,0.0,0.0,0.0,0.0,0.3,1.3086286783218384,0.20460005104541779,0.3402945101261139,0.06457913666963577,-0.10675349831581116,0.12589077651500702,0.9841670393943787,0,0,0,0,0,0,0,0,0,0,0,0,0,0
7.102055311203003,0,0.0,0.0,0.0,0.0,0.0,0.0,0.0,0.0,0.3,1.3086286783218384,0.20460005104541779,0.3402945101261139,0.06457913666963577,-0.10675349831581116,0.12589077651500702,0.9841670393943787,0,0,0,0,0,0,0,0,0,0,0,0,0,0
7.103147506713867,0,0.0,0.0,0.0,0.0,0.0,0.0,0.0,0.0,0.3,1.3086286783218384,0.20460005104541779,0.3402945101261139,0.06457913666963577,-0.10675349831581116,0.12589077651500702,0.9841670393943787,0,0,0,0,0,0,0,0,0,0,0,0,0,0
7.10445761680603,0,0.0,0.0,0.0,0.0,0.0,0.0,0.0,0.0,0.3,1.3086286783218384,0.20460005104541779,0.3402945101261139,0.06457913666963577,-0.10675349831581116,0.12589077651500702,0.9841670393943787,0,0,0,0,0,0,0,0,0,0,0,0,0,0
7.106346368789673,0,0.0,0.0,0.0,0.0,0.0,0.0,0.0,0.0,0.3,1.3086286783218384,0.20460005104541779,0.3402945101261139,0.06457913666963577,-0.10675349831581116,0.12589077651500702,0.9841670393943787,0,0,0,0,0,0,0,0,0,0,0,0,0,0
7.107515573501587,0,0.0,0.0,0.0,0.0,0.0,0.0,0.0,0.0,0.3,1.3086286783218384,0.20460005104541779,0.3402945101261139,0.06457913666963577,-0.10675349831581116,0.12589077651500702,0.9841670393943787,0,0,0,0,0,0,0,0,0,0,0,0,0,0
7.108659505844116,0,0.0,0.0,0.0,0.0,0.0,0.0,0.0,0.0,0.3,1.3086286783218384,0.20460005104541779,0.3402945101261139,0.06457913666963577,-0.10675349831581116,0.12589077651500702,0.9841670393943787,0,0,0,0,0,0,0,0,0,0,0,0,0,0
7.10975193977356,0,0.0,0.0,0.0,0.0,0.0,0.0,0.0,0.0,0.3,1.3086286783218384,0.20460005104541779,0.3402945101261139,0.06457913666963577,-0.10675349831581116,0.12589077651500702,0.9841670393943787,0,0,0,0,0,0,0,0,0,0,0,0,0,0
7.110814332962036,0,0.0,0.0,0.0,0.0,0.0,0.0,0.0,0.0,0.3,1.3086286783218384,0.20460005104541779,0.3402945101261139,0.06457913666963577,-0.10675349831581116,0.12589077651500702,0.9841670393943787,0,0,0,0,0,0,0,0,0,0,0,0,0,0
7.112085580825806,0,0.0,0.0,0.0,0.0,0.0,0.0,0.0,0.0,0.3,1.3086286783218384,0.20460005104541779,0.3402945101261139,0.06457913666963577,-0.10675349831581116,0.12589077651500702,0.9841670393943787,0,0,0,0,0,0,0,0,0,0,0,0,0,0
7.113566875457764,0,0.0,0.0,0.0,0.0,0.0,0.0,0.0,0.0,0.3,1.3086286783218384,0.20460005104541779,0.3402945101261139,0.06457913666963577,-0.10675349831581116,0.12589077651500702,0.9841670393943787,0,0,0,0,0,0,0,0,0,0,0,0,0,0
7.1160149574279785,0,0.0,0.0,0.0,0.0,0.0,0.0,0.0,0.0,0.3,1.3086286783218384,0.20460005104541779,0.3402945101261139,0.06457913666963577,-0.10675349831581116,0.12589077651500702,0.9841670393943787,0,0,0,0,0,0,0,0,0,0,0,0,0,0
7.1172473430633545,0,0.0,0.0,0.0,0.0,0.0,0.0,0.0,0.0,0.3,1.3086286783218384,0.20460005104541779,0.3402945101261139,0.06457913666963577,-0.10675349831581116,0.12589077651500702,0.9841670393943787,0,0,0,0,0,0,0,0,0,0,0,0,0,0
7.1191301345825195,0,0.0,0.0,0.0,0.0,0.0,0.0,0.0,0.0,0.3,1.3086286783218384,0.20460005104541779,0.3402945101261139,0.06457913666963577,-0.10675349831581116,0.12589077651500702,0.9841670393943787,0,0,0,0,0,0,0,0,0,0,0,0,0,0
7.120254278182983,0,0.0,0.0,0.0,0.0,0.0,0.0,0.0,0.0,0.3,1.3086286783218384,0.20460005104541779,0.3402945101261139,0.06457913666963577,-0.10675349831581116,0.12589077651500702,0.9841670393943787,0,0,0,0,0,0,0,0,0,0,0,0,0,0
7.121322154998779,0,0.0,0.0,0.0,0.0,0.0,0.0,0.0,0.0,0.3,1.3086286783218384,0.20460005104541779,0.3402945101261139,0.06457913666963577,-0.10675349831581116,0.12589077651500702,0.9841670393943787,0,0,0,0,0,0,0,0,0,0,0,0,0,0
7.122509241104126,0,0.0,0.0,0.0,0.0,0.0,0.0,0.0,0.0,0.3,1.3086286783218384,0.20460005104541779,0.3402945101261139,0.06457913666963577,-0.10675349831581116,0.12589077651500702,0.9841670393943787,0,0,0,0,0,0,0,0,0,0,0,0,0,0
7.123666286468506,0,0.0,0.0,0.0,0.0,0.0,0.0,0.0,0.0,0.3,1.3086286783218384,0.20460005104541779,0.3402945101261139,0.06457913666963577,-0.10675349831581116,0.12589077651500702,0.9841670393943787,0,0,0,0,0,0,0,0,0,0,0,0,0,0
7.125833749771118,0,0.0,0.0,0.0,0.0,0.0,0.0,0.0,0.0,0.3,1.3086286783218384,0.20460005104541779,0.3402945101261139,0.06457913666963577,-0.10675349831581116,0.12589077651500702,0.9841670393943787,0,0,0,0,0,0,0,0,0,0,0,0,0,0
7.127102375030518,0,0.0,0.0,0.0,0.0,0.0,0.0,0.0,0.0,0.3,1.3086286783218384,0.20460005104541779,0.3402945101261139,0.06457913666963577,-0.10675349831581116,0.12589077651500702,0.9841670393943787,0,0,0,0,0,0,0,0,0,0,0,0,0,0
7.128302574157715,0,0.0,0.0,0.0,0.0,0.0,0.0,0.0,0.0,0.3,1.3086286783218384,0.20460005104541779,0.3402945101261139,0.06457913666963577,-0.10675349831581116,0.12589077651500702,0.9841670393943787,0,0,0,0,0,0,0,0,0,0,0,0,0,0
7.130181550979614,0,0.0,0.0,0.0,0.0,0.0,0.0,0.0,0.0,0.3,1.3086286783218384,0.20460005104541779,0.3402945101261139,0.06457913666963577,-0.10675349831581116,0.12589077651500702,0.9841670393943787,0,0,0,0,0,0,0,0,0,0,0,0,0,0
7.13197660446167,0,0.0,0.0,0.0,0.0,0.0,0.0,0.0,0.0,0.3,1.3086286783218384,0.20460005104541779,0.3402945101261139,0.06457913666963577,-0.10675349831581116,0.12589077651500702,0.9841670393943787,0,0,0,0,0,0,0,0,0,0,0,0,0,0
7.133091688156128,0,0.0,0.0,0.0,0.0,0.0,0.0,0.0,0.0,0.3,1.3086286783218384,0.20460005104541779,0.3402945101261139,0.06457913666963577,-0.10675349831581116,0.12589077651500702,0.9841670393943787,0,0,0,0,0,0,0,0,0,0,0,0,0,0
7.134294748306274,0,0.0,0.0,0.0,0.0,0.0,0.0,0.0,0.0,0.3,1.3086286783218384,0.20460005104541779,0.3402945101261139,0.06457913666963577,-0.10675349831581116,0.12589077651500702,0.9841670393943787,0,0,0,0,0,0,0,0,0,0,0,0,0,0
7.135586977005005,0,0.0,0.0,0.0,0.0,0.0,0.0,0.0,0.0,0.3,1.3086286783218384,0.20460005104541779,0.3402945101261139,0.06457913666963577,-0.10675349831581116,0.12589077651500702,0.9841670393943787,0,0,0,0,0,0,0,0,0,0,0,0,0,0
7.1372904777526855,0,0.0,0.0,0.0,0.0,0.0,0.0,0.0,0.0,0.3,1.3086286783218384,0.20460005104541779,0.3402945101261139,0.06457913666963577,-0.10675349831581116,0.12589077651500702,0.9841670393943787,0,0,0,0,0,0,0,0,0,0,0,0,0,0
7.138709306716919,0,0.0,0.0,0.0,0.0,0.0,0.0,0.0,0.0,0.3,1.3086286783218384,0.20460005104541779,0.3402945101261139,0.06457913666963577,-0.10675349831581116,0.12589077651500702,0.9841670393943787,0,0,0,0,0,0,0,0,0,0,0,0,0,0
7.13979697227478,0,0.0,0.0,0.0,0.0,0.0,0.0,0.0,0.0,0.3,1.3086286783218384,0.20460005104541779,0.3402945101261139,0.06457913666963577,-0.10675349831581116,0.12589077651500702,0.9841670393943787,0,0,0,0,0,0,0,0,0,0,0,0,0,0
7.141129493713379,0,0.0,0.0,0.0,0.0,0.0,0.0,0.0,0.0,0.3,1.3086286783218384,0.20460005104541779,0.3402945101261139,0.06457913666963577,-0.10675349831581116,0.12589077651500702,0.9841670393943787,0,0,0,0,0,0,0,0,0,0,0,0,0,0
7.1421959400177,0,0.0,0.0,0.0,0.0,0.0,0.0,0.0,0.0,0.3,1.3086286783218384,0.20460005104541779,0.3402945101261139,0.06457913666963577,-0.10675349831581116,0.12589077651500702,0.9841670393943787,0,0,0,0,0,0,0,0,0,0,0,0,0,0
7.14326286315918,0,0.0,0.0,0.0,0.0,0.0,0.0,0.0,0.0,0.3,1.3086286783218384,0.20460005104541779,0.3402945101261139,0.06457913666963577,-0.10675349831581116,0.12589077651500702,0.9841670393943787,0,0,0,0,0,0,0,0,0,0,0,0,0,0
7.1444456577301025,0,0.0,0.0,0.0,0.0,0.0,0.0,0.0,0.0,0.3,1.3086286783218384,0.20460005104541779,0.3402945101261139,0.06457913666963577,-0.10675349831581116,0.12589077651500702,0.9841670393943787,0,0,0,0,0,0,0,0,0,0,0,0,0,0
7.14551568031311,0,0.0,0.0,0.0,0.0,0.0,0.0,0.0,0.0,0.3,1.3086286783218384,0.20460005104541779,0.3402945101261139,0.06457913666963577,-0.10675349831581116,0.12589077651500702,0.9841670393943787,0,0,0,0,0,0,0,0,0,0,0,0,0,0
7.1465744972229,0,0.0,0.0,0.0,0.0,0.0,0.0,0.0,0.0,0.3,1.3086286783218384,0.20460005104541779,0.3402945101261139,0.06457913666963577,-0.10675349831581116,0.12589077651500702,0.9841670393943787,0,0,0,0,0,0,0,0,0,0,0,0,0,0
7.1478471755981445,0,0.0,0.0,0.0,0.0,0.0,0.0,0.0,0.0,0.3,1.3086286783218384,0.20460005104541779,0.3402945101261139,0.06457913666963577,-0.10675349831581116,0.12589077651500702,0.9841670393943787,0,0,0,0,0,0,0,0,0,0,0,0,0,0
7.149010419845581,0,0.0,0.0,0.0,0.0,0.0,0.0,0.0,0.0,0.3,1.3086286783218384,0.20460005104541779,0.3402945101261139,0.06457913666963577,-0.10675349831581116,0.12589077651500702,0.9841670393943787,0,0,0,0,0,0,0,0,0,0,0,0,0,0
7.152207851409912,0,0.0,0.0,0.0,0.0,0.0,0.0,0.0,0.0,0.3,1.3086286783218384,0.20460005104541779,0.3402945101261139,0.06457913666963577,-0.10675349831581116,0.12589077651500702,0.9841670393943787,0,0,0,0,0,0,0,0,0,0,0,0,0,0
7.154577016830444,0,0.0,0.0,0.0,0.0,0.0,0.0,0.0,0.0,0.3,1.3086286783218384,0.20460005104541779,0.3402945101261139,0.06457913666963577,-0.10675349831581116,0.12589077651500702,0.9841670393943787,0,0,0,0,0,0,0,0,0,0,0,0,0,0
7.157827615737915,0,0.0,0.0,0.0,0.0,0.0,0.0,0.0,0.0,0.3,1.3086286783218384,0.20460005104541779,0.3402945101261139,0.06457913666963577,-0.10675349831581116,0.12589077651500702,0.9841670393943787,0,0,0,0,0,0,0,0,0,0,0,0,0,0
7.159754514694214,0,0.0,0.0,0.0,0.0,0.0,0.0,0.0,0.0,0.3,1.3086286783218384,0.20460005104541779,0.3402945101261139,0.06457913666963577,-0.10675349831581116,0.12589077651500702,0.9841670393943787,0,0,0,0,0,0,0,0,0,0,0,0,0,0
7.161593198776245,0,0.0,0.0,0.0,0.0,0.0,0.0,0.0,0.0,0.3,1.3086286783218384,0.20460005104541779,0.3402945101261139,0.06457913666963577,-0.10675349831581116,0.12589077651500702,0.9841670393943787,0,0,0,0,0,0,0,0,0,0,0,0,0,0
7.162675619125366,0,0.0,0.0,0.0,0.0,0.0,0.0,0.0,0.0,0.3,1.3086286783218384,0.20460005104541779,0.3402945101261139,0.06457913666963577,-0.10675349831581116,0.12589077651500702,0.9841670393943787,0,0,0,0,0,0,0,0,0,0,0,0,0,0
7.164308547973633,0,0.0,0.0,0.0,0.0,0.0,0.0,0.0,0.0,0.3,1.3086286783218384,0.20460005104541779,0.3402945101261139,0.06457913666963577,-0.10675349831581116,0.12589077651500702,0.9841670393943787,0,0,0,0,0,0,0,0,0,0,0,0,0,0
7.1653892993927,0,0.0,0.0,0.0,0.0,0.0,0.0,0.0,0.0,0.3,1.3086286783218384,0.20460005104541779,0.3402945101261139,0.06457913666963577,-0.10675349831581116,0.12589077651500702,0.9841670393943787,0,0,0,0,0,0,0,0,0,0,0,0,0,0
7.166455984115601,0,0.0,0.0,0.0,0.0,0.0,0.0,0.0,0.0,0.3,1.3086286783218384,0.20460005104541779,0.3402945101261139,0.06457913666963577,-0.10675349831581116,0.12589077651500702,0.9841670393943787,0,0,0,0,0,0,0,0,0,0,0,0,0,0
7.16775107383728,0,0.0,0.0,0.0,0.0,0.0,0.0,0.0,0.0,0.3,1.3086286783218384,0.20460005104541779,0.3402945101261139,0.06457913666963577,-0.10675349831581116,0.12589077651500702,0.9841670393943787,0,0,0,0,0,0,0,0,0,0,0,0,0,0
7.168811082839966,0,0.0,0.0,0.0,0.0,0.0,0.0,0.0,0.0,0.3,1.3086286783218384,0.20460005104541779,0.3402945101261139,0.06457913666963577,-0.10675349831581116,0.12589077651500702,0.9841670393943787,0,0,0,0,0,0,0,0,0,0,0,0,0,0
7.17102837562561,0,0.0,0.0,0.0,0.0,0.0,0.0,0.0,0.0,0.3,1.3086286783218384,0.20460005104541779,0.3402945101261139,0.06457913666963577,-0.10675349831581116,0.12589077651500702,0.9841670393943787,0,0,0,0,0,0,0,0,0,0,0,0,0,0
7.172765731811523,0,0.0,0.0,0.0,0.0,0.0,0.0,0.0,0.0,0.3,1.3086286783218384,0.20460005104541779,0.3402945101261139,0.06457913666963577,-0.10675349831581116,0.12589077651500702,0.9841670393943787,0,0,0,0,0,0,0,0,0,0,0,0,0,0
7.174025297164917,0,0.0,0.0,0.0,0.0,0.0,0.0,0.0,0.0,0.3,1.3086286783218384,0.20460005104541779,0.3402945101261139,0.06457913666963577,-0.10675349831581116,0.12589077651500702,0.9841670393943787,0,0,0,0,0,0,0,0,0,0,0,0,0,0
7.175237417221069,0,0.0,0.0,0.0,0.0,0.0,0.0,0.0,0.0,0.3,1.3086286783218384,0.20460005104541779,0.3402945101261139,0.06457913666963577,-0.10675349831581116,0.12589077651500702,0.9841670393943787,0,0,0,0,0,0,0,0,0,0,0,0,0,0
7.177160024642944,0,0.0,0.0,0.0,0.0,0.0,0.0,0.0,0.0,0.3,1.3086286783218384,0.20460005104541779,0.3402945101261139,0.06457913666963577,-0.10675349831581116,0.12589077651500702,0.9841670393943787,0,0,0,0,0,0,0,0,0,0,0,0,0,0
7.17830228805542,0,0.0,0.0,0.0,0.0,0.0,0.0,0.0,0.0,0.3,1.3086286783218384,0.20460005104541779,0.3402945101261139,0.06457913666963577,-0.10675349831581116,0.12589077651500702,0.9841670393943787,0,0,0,0,0,0,0,0,0,0,0,0,0,0
7.179633855819702,0,0.0,0.0,0.0,0.0,0.0,0.0,0.0,0.0,0.3,1.3086286783218384,0.20460005104541779,0.3402945101261139,0.06457913666963577,-0.10675349831581116,0.12589077651500702,0.9841670393943787,0,0,0,0,0,0,0,0,0,0,0,0,0,0
7.180914878845215,0,0.0,0.0,0.0,0.0,0.0,0.0,0.0,0.0,0.3,1.3086286783218384,0.20460005104541779,0.3402945101261139,0.06457913666963577,-0.10675349831581116,0.12589077651500702,0.9841670393943787,0,0,0,0,0,0,0,0,0,0,0,0,0,0
7.1821205615997314,0,0.0,0.0,0.0,0.0,0.0,0.0,0.0,0.0,0.3,1.3086286783218384,0.20460005104541779,0.3402945101261139,0.06457913666963577,-0.10675349831581116,0.12589077651500702,0.9841670393943787,0,0,0,0,0,0,0,0,0,0,0,0,0,0
7.184776782989502,0,0.0,0.0,0.0,0.0,0.0,0.0,0.0,0.0,0.3,1.3086286783218384,0.20460005104541779,0.3402945101261139,0.06457913666963577,-0.10675349831581116,0.12589077651500702,0.9841670393943787,0,0,0,0,0,0,0,0,0,0,0,0,0,0
7.18607497215271,0,0.0,0.0,0.0,0.0,0.0,0.0,0.0,0.0,0.3,1.3086286783218384,0.20460005104541779,0.3402945101261139,0.06457913666963577,-0.10675349831581116,0.12589077651500702,0.9841670393943787,0,0,0,0,0,0,0,0,0,0,0,0,0,0
7.187196969985962,0,0.0,0.0,0.0,0.0,0.0,0.0,0.0,0.0,0.3,1.3086286783218384,0.20460005104541779,0.3402945101261139,0.06457913666963577,-0.10675349831581116,0.12589077651500702,0.9841670393943787,0,0,0,0,0,0,0,0,0,0,0,0,0,0
7.188383340835571,0,0.0,0.0,0.0,0.0,0.0,0.0,0.0,0.0,0.3,1.3086286783218384,0.20460005104541779,0.3402945101261139,0.06457913666963577,-0.10675349831581116,0.12589077651500702,0.9841670393943787,0,0,0,0,0,0,0,0,0,0,0,0,0,0
7.189856767654419,0,0.0,0.0,0.0,0.0,0.0,0.0,0.0,0.0,0.3,1.3086286783218384,0.20460005104541779,0.3402945101261139,0.06457913666963577,-0.10675349831581116,0.12589077651500702,0.9841670393943787,0,0,0,0,0,0,0,0,0,0,0,0,0,0
7.191532135009766,0,0.0,0.0,0.0,0.0,0.0,0.0,0.0,0.0,0.3,1.3086286783218384,0.20460005104541779,0.3402945101261139,0.06457913666963577,-0.10675349831581116,0.12589077651500702,0.9841670393943787,0,0,0,0,0,0,0,0,0,0,0,0,0,0
7.193008899688721,0,0.0,0.0,0.0,0.0,0.0,0.0,0.0,0.0,0.3,1.3086286783218384,0.20460005104541779,0.3402945101261139,0.06457913666963577,-0.10675349831581116,0.12589077651500702,0.9841670393943787,0,0,0,0,0,0,0,0,0,0,0,0,0,0
7.195317029953003,0,0.0,0.0,0.0,0.0,0.0,0.0,0.0,0.0,0.3,1.3086286783218384,0.20460005104541779,0.3402945101261139,0.06457913666963577,-0.10675349831581116,0.12589077651500702,0.9841670393943787,0,0,0,0,0,0,0,0,0,0,0,0,0,0
7.196712493896484,0,0.0,0.0,0.0,0.0,0.0,0.0,0.0,0.0,0.3,1.3086286783218384,0.20460005104541779,0.3402945101261139,0.06457913666963577,-0.10675349831581116,0.12589077651500702,0.9841670393943787,0,0,0,0,0,0,0,0,0,0,0,0,0,0
7.197875261306763,0,0.0,0.0,0.0,0.0,0.0,0.0,0.0,0.0,0.3,1.3086286783218384,0.20460005104541779,0.3402945101261139,0.06457913666963577,-0.10675349831581116,0.12589077651500702,0.9841670393943787,0,0,0,0,0,0,0,0,0,0,0,0,0,0
7.199958324432373,0,0.0,0.0,0.0,0.0,0.0,0.0,0.0,0.0,0.3,1.3086286783218384,0.20460005104541779,0.3402945101261139,0.06457913666963577,-0.10675349831581116,0.12589077651500702,0.9841670393943787,0,0,0,0,0,0,0,0,0,0,0,0,0,0
7.20122504234314,0,0.0,0.0,0.0,0.0,0.0,0.0,0.0,0.0,0.3,1.3086286783218384,0.20460005104541779,0.3402945101261139,0.06457913666963577,-0.10675349831581116,0.12589077651500702,0.9841670393943787,0,0,0,0,0,0,0,0,0,0,0,0,0,0
7.202324867248535,0,0.0,0.0,0.0,0.0,0.0,0.0,0.0,0.0,0.3,1.3086286783218384,0.20460005104541779,0.3402945101261139,0.06457913666963577,-0.10675349831581116,0.12589077651500702,0.9841670393943787,0,0,0,0,0,0,0,0,0,0,0,0,0,0
7.203470468521118,0,0.0,0.0,0.0,0.0,0.0,0.0,0.0,0.0,0.3,1.3086286783218384,0.20460005104541779,0.3402945101261139,0.06457913666963577,-0.10675349831581116,0.12589077651500702,0.9841670393943787,0,0,0,0,0,0,0,0,0,0,0,0,0,0
7.204582452774048,0,0.0,0.0,0.0,0.0,0.0,0.0,0.0,0.0,0.3,1.3086286783218384,0.20460005104541779,0.3402945101261139,0.06457913666963577,-0.10675349831581116,0.12589077651500702,0.9841670393943787,0,0,0,0,0,0,0,0,0,0,0,0,0,0
7.2056884765625,0,0.0,0.0,0.0,0.0,0.0,0.0,0.0,0.0,0.3,1.3086286783218384,0.20460005104541779,0.3402945101261139,0.06457913666963577,-0.10675349831581116,0.12589077651500702,0.9841670393943787,0,0,0,0,0,0,0,0,0,0,0,0,0,0
7.206825017929077,0,0.0,0.0,0.0,0.0,0.0,0.0,0.0,0.0,0.3,1.3086286783218384,0.20460005104541779,0.3402945101261139,0.06457913666963577,-0.10675349831581116,0.12589077651500702,0.9841670393943787,0,0,0,0,0,0,0,0,0,0,0,0,0,0
7.208968639373779,0,0.0,0.0,0.0,0.0,0.0,0.0,0.0,0.0,0.3,1.3086286783218384,0.20460005104541779,0.3402945101261139,0.06457913666963577,-0.10675349831581116,0.12589077651500702,0.9841670393943787,0,0,0,0,0,0,0,0,0,0,0,0,0,0
7.212812662124634,0,0.0,0.0,0.0,0.0,0.0,0.0,0.0,0.0,0.3,1.3086286783218384,0.20460005104541779,0.3402945101261139,0.06457913666963577,-0.10675349831581116,0.12589077651500702,0.9841670393943787,0,0,0,0,0,0,0,0,0,0,0,0,0,0
7.213965892791748,0,0.0,0.0,0.0,0.0,0.0,0.0,0.0,0.0,0.3,1.3086286783218384,0.20460005104541779,0.3402945101261139,0.06457913666963577,-0.10675349831581116,0.12589077651500702,0.9841670393943787,0,0,0,0,0,0,0,0,0,0,0,0,0,0
7.21565842628479,0,0.0,0.0,0.0,0.0,0.0,0.0,0.0,0.0,0.3,1.3086286783218384,0.20460005104541779,0.3402945101261139,0.06457913666963577,-0.10675349831581116,0.12589077651500702,0.9841670393943787,0,0,0,0,0,0,0,0,0,0,0,0,0,0
7.21714186668396,0,0.0,0.0,0.0,0.0,0.0,0.0,0.0,0.0,0.3,1.3086286783218384,0.20460005104541779,0.3402945101261139,0.06457913666963577,-0.10675349831581116,0.12589077651500702,0.9841670393943787,0,0,0,0,0,0,0,0,0,0,0,0,0,0
7.21848464012146,0,0.0,0.0,0.0,0.0,0.0,0.0,0.0,0.0,0.3,1.3086286783218384,0.20460005104541779,0.3402945101261139,0.06457913666963577,-0.10675349831581116,0.12589077651500702,0.9841670393943787,0,0,0,0,0,0,0,0,0,0,0,0,0,0
7.220024824142456,0,0.0,0.0,0.0,0.0,0.0,0.0,0.0,0.0,0.3,1.3086286783218384,0.20460005104541779,0.3402945101261139,0.06457913666963577,-0.10675349831581116,0.12589077651500702,0.9841670393943787,0,0,0,0,0,0,0,0,0,0,0,0,0,0
7.221089839935303,0,0.0,0.0,0.0,0.0,0.0,0.0,0.0,0.0,0.3,1.3086286783218384,0.20460005104541779,0.3402945101261139,0.06457913666963577,-0.10675349831581116,0.12589077651500702,0.9841670393943787,0,0,0,0,0,0,0,0,0,0,0,0,0,0
7.2221808433532715,0,0.0,0.0,0.0,0.0,0.0,0.0,0.0,0.0,0.3,1.3086286783218384,0.20460005104541779,0.3402945101261139,0.06457913666963577,-0.10675349831581116,0.12589077651500702,0.9841670393943787,0,0,0,0,0,0,0,0,0,0,0,0,0,0
7.223368883132935,0,0.0,0.0,0.0,0.0,0.0,0.0,0.0,0.0,0.3,1.3086286783218384,0.20460005104541779,0.3402945101261139,0.06457913666963577,-0.10675349831581116,0.12589077651500702,0.9841670393943787,0,0,0,0,0,0,0,0,0,0,0,0,0,0
7.224435806274414,0,0.0,0.0,0.0,0.0,0.0,0.0,0.0,0.0,0.3,1.3086286783218384,0.20460005104541779,0.3402945101261139,0.06457913666963577,-0.10675349831581116,0.12589077651500702,0.9841670393943787,0,0,0,0,0,0,0,0,0,0,0,0,0,0
7.225596904754639,0,0.0,0.0,0.0,0.0,0.0,0.0,0.0,0.0,0.3,1.3086286783218384,0.20460005104541779,0.3402945101261139,0.06457913666963577,-0.10675349831581116,0.12589077651500702,0.9841670393943787,0,0,0,0,0,0,0,0,0,0,0,0,0,0
7.22698187828064,0,0.0,0.0,0.0,0.0,0.0,0.0,0.0,0.0,0.3,1.3086286783218384,0.20460005104541779,0.3402945101261139,0.06457913666963577,-0.10675349831581116,0.12589077651500702,0.9841670393943787,0,0,0,0,0,0,0,0,0,0,0,0,0,0
7.228452920913696,0,0.0,0.0,0.0,0.0,0.0,0.0,0.0,0.0,0.3,1.3086286783218384,0.20460005104541779,0.3402945101261139,0.06457913666963577,-0.10675349831581116,0.12589077651500702,0.9841670393943787,0,0,0,0,0,0,0,0,0,0,0,0,0,0
7.229761123657227,0,0.0,0.0,0.0,0.0,0.0,0.0,0.0,0.0,0.3,1.3086286783218384,0.20460005104541779,0.3402945101261139,0.06457913666963577,-0.10675349831581116,0.12589077651500702,0.9841670393943787,0,0,0,0,0,0,0,0,0,0,0,0,0,0
7.230962514877319,0,0.0,0.0,0.0,0.0,0.0,0.0,0.0,0.0,0.3,1.3086286783218384,0.20460005104541779,0.3402945101261139,0.06457913666963577,-0.10675349831581116,0.12589077651500702,0.9841670393943787,0,0,0,0,0,0,0,0,0,0,0,0,0,0
7.23284125328064,0,0.0,0.0,0.0,0.0,0.0,0.0,0.0,0.0,0.3,1.3086286783218384,0.20460005104541779,0.3402945101261139,0.06457913666963577,-0.10675349831581116,0.12589077651500702,0.9841670393943787,0,0,0,0,0,0,0,0,0,0,0,0,0,0
7.234487771987915,0,0.0,0.0,0.0,0.0,0.0,0.0,0.0,0.0,0.3,1.3086286783218384,0.20460005104541779,0.3402945101261139,0.06457913666963577,-0.10675349831581116,0.12589077651500702,0.9841670393943787,0,0,0,0,0,0,0,0,0,0,0,0,0,0
7.235613584518433,0,0.0,0.0,0.0,0.0,0.0,0.0,0.0,0.0,0.3,1.3086286783218384,0.20460005104541779,0.3402945101261139,0.06457913666963577,-0.10675349831581116,0.12589077651500702,0.9841670393943787,0,0,0,0,0,0,0,0,0,0,0,0,0,0
7.237262010574341,0,0.0,0.0,0.0,0.0,0.0,0.0,0.0,0.0,0.3,1.3086286783218384,0.20460005104541779,0.3402945101261139,0.06457913666963577,-0.10675349831581116,0.12589077651500702,0.9841670393943787,0,0,0,0,0,0,0,0,0,0,0,0,0,0
7.238363027572632,0,0.0,0.0,0.0,0.0,0.0,0.0,0.0,0.0,0.3,1.3086286783218384,0.20460005104541779,0.3402945101261139,0.06457913666963577,-0.10675349831581116,0.12589077651500702,0.9841670393943787,0,0,0,0,0,0,0,0,0,0,0,0,0,0
7.239493131637573,0,0.0,0.0,0.0,0.0,0.0,0.0,0.0,0.0,0.3,1.3086286783218384,0.20460005104541779,0.3402945101261139,0.06457913666963577,-0.10675349831581116,0.12589077651500702,0.9841670393943787,0,0,0,0,0,0,0,0,0,0,0,0,0,0
7.2410595417022705,0,0.0,0.0,0.0,0.0,0.0,0.0,0.0,0.0,0.3,1.3086286783218384,0.20460005104541779,0.3402945101261139,0.06457913666963577,-0.10675349831581116,0.12589077651500702,0.9841670393943787,0,0,0,0,0,0,0,0,0,0,0,0,0,0
7.242550611495972,0,0.0,0.0,0.0,0.0,0.0,0.0,0.0,0.0,0.3,1.3086286783218384,0.20460005104541779,0.3402945101261139,0.06457913666963577,-0.10675349831581116,0.12589077651500702,0.9841670393943787,0,0,0,0,0,0,0,0,0,0,0,0,0,0
7.244503974914551,0,0.0,0.0,0.0,0.0,0.0,0.0,0.0,0.0,0.3,1.3086286783218384,0.20460005104541779,0.3402945101261139,0.06457913666963577,-0.10675349831581116,0.12589077651500702,0.9841670393943787,0,0,0,0,0,0,0,0,0,0,0,0,0,0
7.246455907821655,0,0.0,0.0,0.0,0.0,0.0,0.0,0.0,0.0,0.3,1.3086286783218384,0.20460005104541779,0.3402945101261139,0.06457913666963577,-0.10675349831581116,0.12589077651500702,0.9841670393943787,0,0,0,0,0,0,0,0,0,0,0,0,0,0
7.248181343078613,0,0.0,0.0,0.0,0.0,0.0,0.0,0.0,0.0,0.3,1.3086286783218384,0.20460005104541779,0.3402945101261139,0.06457913666963577,-0.10675349831581116,0.12589077651500702,0.9841670393943787,0,0,0,0,0,0,0,0,0,0,0,0,0,0
7.249284744262695,0,0.0,0.0,0.0,0.0,0.0,0.0,0.0,0.0,0.3,1.3086286783218384,0.20460005104541779,0.3402945101261139,0.06457913666963577,-0.10675349831581116,0.12589077651500702,0.9841670393943787,0,0,0,0,0,0,0,0,0,0,0,0,0,0
7.250715494155884,0,0.0,0.0,0.0,0.0,0.0,0.0,0.0,0.0,0.3,1.3086286783218384,0.20460005104541779,0.3402945101261139,0.06457913666963577,-0.10675349831581116,0.12589077651500702,0.9841670393943787,0,0,0,0,0,0,0,0,0,0,0,0,0,0
7.252058267593384,0,0.0,0.0,0.0,0.0,0.0,0.0,0.0,0.0,0.3,1.3086286783218384,0.20460005104541779,0.3402945101261139,0.06457913666963577,-0.10675349831581116,0.12589077651500702,0.9841670393943787,0,0,0,0,0,0,0,0,0,0,0,0,0,0
7.253638982772827,0,0.0,0.0,0.0,0.0,0.0,0.0,0.0,0.0,0.3,1.3086286783218384,0.20460005104541779,0.3402945101261139,0.06457913666963577,-0.10675349831581116,0.12589077651500702,0.9841670393943787,0,0,0,0,0,0,0,0,0,0,0,0,0,0
7.254759311676025,0,0.0,0.0,0.0,0.0,0.0,0.0,0.0,0.0,0.3,1.3086286783218384,0.20460005104541779,0.3402945101261139,0.06457913666963577,-0.10675349831581116,0.12589077651500702,0.9841670393943787,0,0,0,0,0,0,0,0,0,0,0,0,0,0
7.257118225097656,0,0.0,0.0,0.0,0.0,0.0,0.0,0.0,0.0,0.3,1.3086286783218384,0.20460005104541779,0.3402945101261139,0.06457913666963577,-0.10675349831581116,0.12589077651500702,0.9841670393943787,0,0,0,0,0,0,0,0,0,0,0,0,0,0
7.258469343185425,0,0.0,0.0,0.0,0.0,0.0,0.0,0.0,0.0,0.3,1.3086286783218384,0.20460005104541779,0.3402945101261139,0.06457913666963577,-0.10675349831581116,0.12589077651500702,0.9841670393943787,0,0,0,0,0,0,0,0,0,0,0,0,0,0
7.259692192077637,0,0.0,0.0,0.0,0.0,0.0,0.0,0.0,0.0,0.3,1.3086286783218384,0.20460005104541779,0.3402945101261139,0.06457913666963577,-0.10675349831581116,0.12589077651500702,0.9841670393943787,0,0,0,0,0,0,0,0,0,0,0,0,0,0
7.2608537673950195,0,0.0,0.0,0.0,0.0,0.0,0.0,0.0,0.0,0.3,1.3086286783218384,0.20460005104541779,0.3402945101261139,0.06457913666963577,-0.10675349831581116,0.12589077651500702,0.9841670393943787,0,0,0,0,0,0,0,0,0,0,0,0,0,0
7.261913061141968,0,0.0,0.0,0.0,0.0,0.0,0.0,0.0,0.0,0.3,1.3086286783218384,0.20460005104541779,0.3402945101261139,0.06457913666963577,-0.10675349831581116,0.12589077651500702,0.9841670393943787,0,0,0,0,0,0,0,0,0,0,0,0,0,0
7.263040781021118,0,0.0,0.0,0.0,0.0,0.0,0.0,0.0,0.0,0.3,1.3086286783218384,0.20460005104541779,0.3402945101261139,0.06457913666963577,-0.10675349831581116,0.12589077651500702,0.9841670393943787,0,0,0,0,0,0,0,0,0,0,0,0,0,0
7.2641613483428955,0,0.0,0.0,0.0,0.0,0.0,0.0,0.0,0.0,0.3,1.3086286783218384,0.20460005104541779,0.3402945101261139,0.06457913666963577,-0.10675349831581116,0.12589077651500702,0.9841670393943787,0,0,0,0,0,0,0,0,0,0,0,0,0,0
7.265223264694214,0,0.0,0.0,0.0,0.0,0.0,0.0,0.0,0.0,0.3,1.3086286783218384,0.20460005104541779,0.3402945101261139,0.06457913666963577,-0.10675349831581116,0.12589077651500702,0.9841670393943787,0,0,0,0,0,0,0,0,0,0,0,0,0,0
7.266408205032349,0,0.0,0.0,0.0,0.0,0.0,0.0,0.0,0.0,0.3,1.3086286783218384,0.20460005104541779,0.3402945101261139,0.06457913666963577,-0.10675349831581116,0.12589077651500702,0.9841670393943787,0,0,0,0,0,0,0,0,0,0,0,0,0,0
7.267951250076294,0,0.0,0.0,0.0,0.0,0.0,0.0,0.0,0.0,0.3,1.3086286783218384,0.20460005104541779,0.3402945101261139,0.06457913666963577,-0.10675349831581116,0.12589077651500702,0.9841670393943787,0,0,0,0,0,0,0,0,0,0,0,0,0,0
7.269601583480835,0,0.0,0.0,0.0,0.0,0.0,0.0,0.0,0.0,0.3,1.3086286783218384,0.20460005104541779,0.3402945101261139,0.06457913666963577,-0.10675349831581116,0.12589077651500702,0.9841670393943787,0,0,0,0,0,0,0,0,0,0,0,0,0,0
7.271074056625366,0,0.0,0.0,0.0,0.0,0.0,0.0,0.0,0.0,0.3,1.3086286783218384,0.20460005104541779,0.3402945101261139,0.06457913666963577,-0.10675349831581116,0.12589077651500702,0.9841670393943787,0,0,0,0,0,0,0,0,0,0,0,0,0,0
7.272336483001709,0,0.0,0.0,0.0,0.0,0.0,0.0,0.0,0.0,0.3,1.3086286783218384,0.20460005104541779,0.3402945101261139,0.06457913666963577,-0.10675349831581116,0.12589077651500702,0.9841670393943787,0,0,0,0,0,0,0,0,0,0,0,0,0,0
7.274439573287964,0,0.0,0.0,0.0,0.0,0.0,0.0,0.0,0.0,0.3,1.3086286783218384,0.20460005104541779,0.3402945101261139,0.06457913666963577,-0.10675349831581116,0.12589077651500702,0.9841670393943787,0,0,0,0,0,0,0,0,0,0,0,0,0,0
7.275768756866455,0,0.0,0.0,0.0,0.0,0.0,0.0,0.0,0.0,0.3,1.3086286783218384,0.20460005104541779,0.3402945101261139,0.06457913666963577,-0.10675349831581116,0.12589077651500702,0.9841670393943787,0,0,0,0,0,0,0,0,0,0,0,0,0,0
7.276860952377319,0,0.0,0.0,0.0,0.0,0.0,0.0,0.0,0.0,0.3,1.3086286783218384,0.20460005104541779,0.3402945101261139,0.06457913666963577,-0.10675349831581116,0.12589077651500702,0.9841670393943787,0,0,0,0,0,0,0,0,0,0,0,0,0,0
7.278234481811523,0,0.0,0.0,0.0,0.0,0.0,0.0,0.0,0.0,0.3,1.3086286783218384,0.20460005104541779,0.3402945101261139,0.06457913666963577,-0.10675349831581116,0.12589077651500702,0.9841670393943787,0,0,0,0,0,0,0,0,0,0,0,0,0,0
7.27934455871582,0,0.0,0.0,0.0,0.0,0.0,0.0,0.0,0.0,0.3,1.3086286783218384,0.20460005104541779,0.3402945101261139,0.06457913666963577,-0.10675349831581116,0.12589077651500702,0.9841670393943787,0,0,0,0,0,0,0,0,0,0,0,0,0,0
7.2804036140441895,0,0.0,0.0,0.0,0.0,0.0,0.0,0.0,0.0,0.3,1.3086286783218384,0.20460005104541779,0.3402945101261139,0.06457913666963577,-0.10675349831581116,0.12589077651500702,0.9841670393943787,0,0,0,0,0,0,0,0,0,0,0,0,0,0
7.281543254852295,0,0.0,0.0,0.0,0.0,0.0,0.0,0.0,0.0,0.3,1.3086286783218384,0.20460005104541779,0.3402945101261139,0.06457913666963577,-0.10675349831581116,0.12589077651500702,0.9841670393943787,0,0,0,0,0,0,0,0,0,0,0,0,0,0
7.282712697982788,0,0.0,0.0,0.0,0.0,0.0,0.0,0.0,0.0,0.3,1.3086286783218384,0.20460005104541779,0.3402945101261139,0.06457913666963577,-0.10675349831581116,0.12589077651500702,0.9841670393943787,0,0,0,0,0,0,0,0,0,0,0,0,0,0
7.283773183822632,0,0.0,0.0,0.0,0.0,0.0,0.0,0.0,0.0,0.3,1.3086286783218384,0.20460005104541779,0.3402945101261139,0.06457913666963577,-0.10675349831581116,0.12589077651500702,0.9841670393943787,0,0,0,0,0,0,0,0,0,0,0,0,0,0
7.286311388015747,0,0.0,0.0,0.0,0.0,0.0,0.0,0.0,0.0,0.3,1.3086286783218384,0.20460005104541779,0.3402945101261139,0.06457913666963577,-0.10675349831581116,0.12589077651500702,0.9841670393943787,0,0,0,0,0,0,0,0,0,0,0,0,0,0
7.289534091949463,0,0.0,0.0,0.0,0.0,0.0,0.0,0.0,0.0,0.3,1.3086286783218384,0.20460005104541779,0.3402945101261139,0.06457913666963577,-0.10675349831581116,0.12589077651500702,0.9841670393943787,0,0,0,0,0,0,0,0,0,0,0,0,0,0
7.290714979171753,0,0.0,0.0,0.0,0.0,0.0,0.0,0.0,0.0,0.3,1.3086286783218384,0.20460005104541779,0.3402945101261139,0.06457913666963577,-0.10675349831581116,0.12589077651500702,0.9841670393943787,0,0,0,0,0,0,0,0,0,0,0,0,0,0
7.292825937271118,0,0.0,0.0,0.0,0.0,0.0,0.0,0.0,0.0,0.3,1.3086286783218384,0.20460005104541779,0.3402945101261139,0.06457913666963577,-0.10675349831581116,0.12589077651500702,0.9841670393943787,0,0,0,0,0,0,0,0,0,0,0,0,0,0
7.2940709590911865,0,0.0,0.0,0.0,0.0,0.0,0.0,0.0,0.0,0.3,1.3086286783218384,0.20460005104541779,0.3402945101261139,0.06457913666963577,-0.10675349831581116,0.12589077651500702,0.9841670393943787,0,0,0,0,0,0,0,0,0,0,0,0,0,0
7.2952351570129395,0,0.0,0.0,0.0,0.0,0.0,0.0,0.0,0.0,0.3,1.3086286783218384,0.20460005104541779,0.3402945101261139,0.06457913666963577,-0.10675349831581116,0.12589077651500702,0.9841670393943787,0,0,0,0,0,0,0,0,0,0,0,0,0,0
7.29723858833313,0,0.0,0.0,0.0,0.0,0.0,0.0,0.0,0.0,0.3,1.3086286783218384,0.20460005104541779,0.3402945101261139,0.06457913666963577,-0.10675349831581116,0.12589077651500702,0.9841670393943787,0,0,0,0,0,0,0,0,0,0,0,0,0,0
7.298318147659302,0,0.0,0.0,0.0,0.0,0.0,0.0,0.0,0.0,0.3,1.3086286783218384,0.20460005104541779,0.3402945101261139,0.06457913666963577,-0.10675349831581116,0.12589077651500702,0.9841670393943787,0,0,0,0,0,0,0,0,0,0,0,0,0,0
7.3004045486450195,0,0.0,0.0,0.0,0.0,0.0,0.0,0.0,0.0,0.3,1.3086286783218384,0.20460005104541779,0.3402945101261139,0.06457913666963577,-0.10675349831581116,0.12589077651500702,0.9841670393943787,0,0,0,0,0,0,0,0,0,0,0,0,0,0
7.301550388336182,0,0.0,0.0,0.0,0.0,0.0,0.0,0.0,0.0,0.3,1.3086286783218384,0.20460005104541779,0.3402945101261139,0.06457913666963577,-0.10675349831581116,0.12589077651500702,0.9841670393943787,0,0,0,0,0,0,0,0,0,0,0,0,0,0
7.304386377334595,0,0.0,0.0,0.0,0.0,0.0,0.0,0.0,0.0,0.3,1.3086286783218384,0.20460005104541779,0.3402945101261139,0.06457913666963577,-0.10675349831581116,0.12589077651500702,0.9841670393943787,0,0,0,0,0,0,0,0,0,0,0,0,0,0
7.306368350982666,0,0.0,0.0,0.0,0.0,0.0,0.0,0.0,0.0,0.3,1.3086286783218384,0.20460005104541779,0.3402945101261139,0.06457913666963577,-0.10675349831581116,0.12589077651500702,0.9841670393943787,0,0,0,0,0,0,0,0,0,0,0,0,0,0
7.308125019073486,0,0.0,0.0,0.0,0.0,0.0,0.0,0.0,0.0,0.3,1.3086286783218384,0.20460005104541779,0.3402945101261139,0.06457913666963577,-0.10675349831581116,0.12589077651500702,0.9841670393943787,0,0,0,0,0,0,0,0,0,0,0,0,0,0
7.309188604354858,0,0.0,0.0,0.0,0.0,0.0,0.0,0.0,0.0,0.3,1.3086286783218384,0.20460005104541779,0.3402945101261139,0.06457913666963577,-0.10675349831581116,0.12589077651500702,0.9841670393943787,0,0,0,0,0,0,0,0,0,0,0,0,0,0
7.310761213302612,0,0.0,0.0,0.0,0.0,0.0,0.0,0.0,0.0,0.3,1.3086286783218384,0.20460005104541779,0.3402945101261139,0.06457913666963577,-0.10675349831581116,0.12589077651500702,0.9841670393943787,0,0,0,0,0,0,0,0,0,0,0,0,0,0
7.3120927810668945,0,0.0,0.0,0.0,0.0,0.0,0.0,0.0,0.0,0.3,1.3086286783218384,0.20460005104541779,0.3402945101261139,0.06457913666963577,-0.10675349831581116,0.12589077651500702,0.9841670393943787,0,0,0,0,0,0,0,0,0,0,0,0,0,0
7.313708066940308,0,0.0,0.0,0.0,0.0,0.0,0.0,0.0,0.0,0.3,1.3086286783218384,0.20460005104541779,0.3402945101261139,0.06457913666963577,-0.10675349831581116,0.12589077651500702,0.9841670393943787,0,0,0,0,0,0,0,0,0,0,0,0,0,0
7.314826250076294,0,0.0,0.0,0.0,0.0,0.0,0.0,0.0,0.0,0.3,1.3086286783218384,0.20460005104541779,0.3402945101261139,0.06457913666963577,-0.10675349831581116,0.12589077651500702,0.9841670393943787,0,0,0,0,0,0,0,0,0,0,0,0,0,0
7.316296815872192,0,0.0,0.0,0.0,0.0,0.0,0.0,0.0,0.0,0.3,1.3086286783218384,0.20460005104541779,0.3402945101261139,0.06457913666963577,-0.10675349831581116,0.12589077651500702,0.9841670393943787,0,0,0,0,0,0,0,0,0,0,0,0,0,0
7.317408323287964,0,0.0,0.0,0.0,0.0,0.0,0.0,0.0,0.0,0.3,1.3086286783218384,0.20460005104541779,0.3402945101261139,0.06457913666963577,-0.10675349831581116,0.12589077651500702,0.9841670393943787,0,0,0,0,0,0,0,0,0,0,0,0,0,0
7.318507194519043,0,0.0,0.0,0.0,0.0,0.0,0.0,0.0,0.0,0.3,1.3086286783218384,0.20460005104541779,0.3402945101261139,0.06457913666963577,-0.10675349831581116,0.12589077651500702,0.9841670393943787,0,0,0,0,0,0,0,0,0,0,0,0,0,0
7.319566011428833,0,0.0,0.0,0.0,0.0,0.0,0.0,0.0,0.0,0.3,1.3086286783218384,0.20460005104541779,0.3402945101261139,0.06457913666963577,-0.10675349831581116,0.12589077651500702,0.9841670393943787,0,0,0,0,0,0,0,0,0,0,0,0,0,0
7.320729494094849,0,0.0,0.0,0.0,0.0,0.0,0.0,0.0,0.0,0.3,1.3086286783218384,0.20460005104541779,0.3402945101261139,0.06457913666963577,-0.10675349831581116,0.12589077651500702,0.9841670393943787,0,0,0,0,0,0,0,0,0,0,0,0,0,0
7.321794748306274,0,0.0,0.0,0.0,0.0,0.0,0.0,0.0,0.0,0.3,1.3086286783218384,0.20460005104541779,0.3402945101261139,0.06457913666963577,-0.10675349831581116,0.12589077651500702,0.9841670393943787,0,0,0,0,0,0,0,0,0,0,0,0,0,0
7.322945833206177,0,0.0,0.0,0.0,0.0,0.0,0.0,0.0,0.0,0.3,1.3086286783218384,0.20460005104541779,0.3402945101261139,0.06457913666963577,-0.10675349831581116,0.12589077651500702,0.9841670393943787,0,0,0,0,0,0,0,0,0,0,0,0,0,0
7.32421612739563,0,0.0,0.0,0.0,0.0,0.0,0.0,0.0,0.0,0.3,1.3086286783218384,0.20460005104541779,0.3402945101261139,0.06457913666963577,-0.10675349831581116,0.12589077651500702,0.9841670393943787,0,0,0,0,0,0,0,0,0,0,0,0,0,0
7.325278043746948,0,0.0,0.0,0.0,0.0,0.0,0.0,0.0,0.0,0.3,1.3086286783218384,0.20460005104541779,0.3402945101261139,0.06457913666963577,-0.10675349831581116,0.12589077651500702,0.9841670393943787,0,0,0,0,0,0,0,0,0,0,0,0,0,0
7.326513767242432,0,0.0,0.0,0.0,0.0,0.0,0.0,0.0,0.0,0.3,1.3086286783218384,0.20460005104541779,0.3402945101261139,0.06457913666963577,-0.10675349831581116,0.12589077651500702,0.9841670393943787,0,0,0,0,0,0,0,0,0,0,0,0,0,0
7.328100204467773,0,0.0,0.0,0.0,0.0,0.0,0.0,0.0,0.0,0.3,1.3086286783218384,0.20460005104541779,0.3402945101261139,0.06457913666963577,-0.10675349831581116,0.12589077651500702,0.9841670393943787,0,0,0,0,0,0,0,0,0,0,0,0,0,0
7.330502033233643,0,0.0,0.0,0.0,0.0,0.0,0.0,0.0,0.0,0.3,1.3086286783218384,0.20460005104541779,0.3402945101261139,0.06457913666963577,-0.10675349831581116,0.12589077651500702,0.9841670393943787,0,0,0,0,0,0,0,0,0,0,0,0,0,0
7.33164644241333,0,0.0,0.0,0.0,0.0,0.0,0.0,0.0,0.0,0.3,1.3086286783218384,0.20460005104541779,0.3402945101261139,0.06457913666963577,-0.10675349831581116,0.12589077651500702,0.9841670393943787,0,0,0,0,0,0,0,0,0,0,0,0,0,0
7.332880735397339,0,0.0,0.0,0.0,0.0,0.0,0.0,0.0,0.0,0.3,1.3086286783218384,0.20460005104541779,0.3402945101261139,0.06457913666963577,-0.10675349831581116,0.12589077651500702,0.9841670393943787,0,0,0,0,0,0,0,0,0,0,0,0,0,0
7.334563255310059,0,0.0,0.0,0.0,0.0,0.0,0.0,0.0,0.0,0.3,1.3086286783218384,0.20460005104541779,0.3402945101261139,0.06457913666963577,-0.10675349831581116,0.12589077651500702,0.9841670393943787,0,0,0,0,0,0,0,0,0,0,0,0,0,0
7.335869550704956,0,0.0,0.0,0.0,0.0,0.0,0.0,0.0,0.0,0.3,1.3086286783218384,0.20460005104541779,0.3402945101261139,0.06457913666963577,-0.10675349831581116,0.12589077651500702,0.9841670393943787,0,0,0,0,0,0,0,0,0,0,0,0,0,0
7.337090492248535,0,0.0,0.0,0.0,0.0,0.0,0.0,0.0,0.0,0.3,1.3086286783218384,0.20460005104541779,0.3402945101261139,0.06457913666963577,-0.10675349831581116,0.12589077651500702,0.9841670393943787,0,0,0,0,0,0,0,0,0,0,0,0,0,0
7.338424205780029,0,0.0,0.0,0.0,0.0,0.0,0.0,0.0,0.0,0.3,1.3086286783218384,0.20460005104541779,0.3402945101261139,0.06457913666963577,-0.10675349831581116,0.12589077651500702,0.9841670393943787,0,0,0,0,0,0,0,0,0,0,0,0,0,0
7.3395349979400635,0,0.0,0.0,0.0,0.0,0.0,0.0,0.0,0.0,0.3,1.3086286783218384,0.20460005104541779,0.3402945101261139,0.06457913666963577,-0.10675349831581116,0.12589077651500702,0.9841670393943787,0,0,0,0,0,0,0,0,0,0,0,0,0,0
7.340611696243286,0,0.0,0.0,0.0,0.0,0.0,0.0,0.0,0.0,0.3,1.3086286783218384,0.20460005104541779,0.3402945101261139,0.06457913666963577,-0.10675349831581116,0.12589077651500702,0.9841670393943787,0,0,0,0,0,0,0,0,0,0,0,0,0,0
7.341671705245972,0,0.0,0.0,0.0,0.0,0.0,0.0,0.0,0.0,0.3,1.3086286783218384,0.20460005104541779,0.3402945101261139,0.06457913666963577,-0.10675349831581116,0.12589077651500702,0.9841670393943787,0,0,0,0,0,0,0,0,0,0,0,0,0,0
7.342751979827881,0,0.0,0.0,0.0,0.0,0.0,0.0,0.0,0.0,0.3,1.3086286783218384,0.20460005104541779,0.3402945101261139,0.06457913666963577,-0.10675349831581116,0.12589077651500702,0.9841670393943787,0,0,0,0,0,0,0,0,0,0,0,0,0,0
7.34381365776062,0,0.0,0.0,0.0,0.0,0.0,0.0,0.0,0.0,0.3,1.3086286783218384,0.20460005104541779,0.3402945101261139,0.06457913666963577,-0.10675349831581116,0.12589077651500702,0.9841670393943787,0,0,0,0,0,0,0,0,0,0,0,0,0,0
7.345303773880005,0,0.0,0.0,0.0,0.0,0.0,0.0,0.0,0.0,0.3,1.3086286783218384,0.20460005104541779,0.3402945101261139,0.06457913666963577,-0.10675349831581116,0.12589077651500702,0.9841670393943787,0,0,0,0,0,0,0,0,0,0,0,0,0,0
7.346390008926392,0,0.0,0.0,0.0,0.0,0.0,0.0,0.0,0.0,0.3,1.3086286783218384,0.20460005104541779,0.3402945101261139,0.06457913666963577,-0.10675349831581116,0.12589077651500702,0.9841670393943787,0,0,0,0,0,0,0,0,0,0,0,0,0,0
7.34804630279541,0,0.0,0.0,0.0,0.0,0.0,0.0,0.0,0.0,0.3,1.3086286783218384,0.20460005104541779,0.3402945101261139,0.06457913666963577,-0.10675349831581116,0.12589077651500702,0.9841670393943787,0,0,0,0,0,0,0,0,0,0,0,0,0,0
7.349417209625244,0,0.0,0.0,0.0,0.0,0.0,0.0,0.0,0.0,0.3,1.3086286783218384,0.20460005104541779,0.3402945101261139,0.06457913666963577,-0.10675349831581116,0.12589077651500702,0.9841670393943787,0,0,0,0,0,0,0,0,0,0,0,0,0,0
7.35072135925293,0,0.0,0.0,0.0,0.0,0.0,0.0,0.0,0.0,0.3,1.3086286783218384,0.20460005104541779,0.3402945101261139,0.06457913666963577,-0.10675349831581116,0.12589077651500702,0.9841670393943787,0,0,0,0,0,0,0,0,0,0,0,0,0,0
7.352784633636475,0,0.0,0.0,0.0,0.0,0.0,0.0,0.0,0.0,0.3,1.3086286783218384,0.20460005104541779,0.3402945101261139,0.06457913666963577,-0.10675349831581116,0.12589077651500702,0.9841670393943787,0,0,0,0,0,0,0,0,0,0,0,0,0,0
7.3539581298828125,0,0.0,0.0,0.0,0.0,0.0,0.0,0.0,0.0,0.3,1.3086286783218384,0.20460005104541779,0.3402945101261139,0.06457913666963577,-0.10675349831581116,0.12589077651500702,0.9841670393943787,0,0,0,0,0,0,0,0,0,0,0,0,0,0
7.355072021484375,0,0.0,0.0,0.0,0.0,0.0,0.0,0.0,0.0,0.3,1.3086286783218384,0.20460005104541779,0.3402945101261139,0.06457913666963577,-0.10675349831581116,0.12589077651500702,0.9841670393943787,0,0,0,0,0,0,0,0,0,0,0,0,0,0
7.356429815292358,0,0.0,0.0,0.0,0.0,0.0,0.0,0.0,0.0,0.3,1.3086286783218384,0.20460005104541779,0.3402945101261139,0.06457913666963577,-0.10675349831581116,0.12589077651500702,0.9841670393943787,0,0,0,0,0,0,0,0,0,0,0,0,0,0
7.357740640640259,0,0.0,0.0,0.0,0.0,0.0,0.0,0.0,0.0,0.3,1.3086286783218384,0.20460005104541779,0.3402945101261139,0.06457913666963577,-0.10675349831581116,0.12589077651500702,0.9841670393943787,0,0,0,0,0,0,0,0,0,0,0,0,0,0
7.3588035106658936,0,0.0,0.0,0.0,0.0,0.0,0.0,0.0,0.0,0.3,1.3086286783218384,0.20460005104541779,0.3402945101261139,0.06457913666963577,-0.10675349831581116,0.12589077651500702,0.9841670393943787,0,0,0,0,0,0,0,0,0,0,0,0,0,0
7.360957622528076,0,0.0,0.0,0.0,0.0,0.0,0.0,0.0,0.0,0.3,1.3086286783218384,0.20460005104541779,0.3402945101261139,0.06457913666963577,-0.10675349831581116,0.12589077651500702,0.9841670393943787,0,0,0,0,0,0,0,0,0,0,0,0,0,0
7.3624427318573,0,0.0,0.0,0.0,0.0,0.0,0.0,0.0,0.0,0.3,1.3086286783218384,0.20460005104541779,0.3402945101261139,0.06457913666963577,-0.10675349831581116,0.12589077651500702,0.9841670393943787,0,0,0,0,0,0,0,0,0,0,0,0,0,0
7.364744663238525,0,0.0,0.0,0.0,0.0,0.0,0.0,0.0,0.0,0.3,1.3086286783218384,0.20460005104541779,0.3402945101261139,0.06457913666963577,-0.10675349831581116,0.12589077651500702,0.9841670393943787,0,0,0,0,0,0,0,0,0,0,0,0,0,0
7.366413116455078,0,0.0,0.0,0.0,0.0,0.0,0.0,0.0,0.0,0.3,1.3086286783218384,0.20460005104541779,0.3402945101261139,0.06457913666963577,-0.10675349831581116,0.12589077651500702,0.9841670393943787,0,0,0,0,0,0,0,0,0,0,0,0,0,0
7.37007474899292,0,0.0,0.0,0.0,0.0,0.0,0.0,0.0,0.0,0.3,1.3086286783218384,0.20460005104541779,0.3402945101261139,0.06457913666963577,-0.10675349831581116,0.12589077651500702,0.9841670393943787,0,0,0,0,0,0,0,0,0,0,0,0,0,0
7.3711817264556885,0,0.0,0.0,0.0,0.0,0.0,0.0,0.0,0.0,0.3,1.3086286783218384,0.20460005104541779,0.3402945101261139,0.06457913666963577,-0.10675349831581116,0.12589077651500702,0.9841670393943787,0,0,0,0,0,0,0,0,0,0,0,0,0,0
7.3727991580963135,0,0.0,0.0,0.0,0.0,0.0,0.0,0.0,0.0,0.3,1.3086286783218384,0.20460005104541779,0.3402945101261139,0.06457913666963577,-0.10675349831581116,0.12589077651500702,0.9841670393943787,0,0,0,0,0,0,0,0,0,0,0,0,0,0
7.374139070510864,0,0.0,0.0,0.0,0.0,0.0,0.0,0.0,0.0,0.3,1.3086286783218384,0.20460005104541779,0.3402945101261139,0.06457913666963577,-0.10675349831581116,0.12589077651500702,0.9841670393943787,0,0,0,0,0,0,0,0,0,0,0,0,0,0
7.375629425048828,0,0.0,0.0,0.0,0.0,0.0,0.0,0.0,0.0,0.3,1.3086286783218384,0.20460005104541779,0.3402945101261139,0.06457913666963577,-0.10675349831581116,0.12589077651500702,0.9841670393943787,0,0,0,0,0,0,0,0,0,0,0,0,0,0
7.376741170883179,0,0.0,0.0,0.0,0.0,0.0,0.0,0.0,0.0,0.3,1.3086286783218384,0.20460005104541779,0.3402945101261139,0.06457913666963577,-0.10675349831581116,0.12589077651500702,0.9841670393943787,0,0,0,0,0,0,0,0,0,0,0,0,0,0
7.378211259841919,0,0.0,0.0,0.0,0.0,0.0,0.0,0.0,0.0,0.3,1.3086286783218384,0.20460005104541779,0.3402945101261139,0.06457913666963577,-0.10675349831581116,0.12589077651500702,0.9841670393943787,0,0,0,0,0,0,0,0,0,0,0,0,0,0
7.379308462142944,0,0.0,0.0,0.0,0.0,0.0,0.0,0.0,0.0,0.3,1.3086286783218384,0.20460005104541779,0.3402945101261139,0.06457913666963577,-0.10675349831581116,0.12589077651500702,0.9841670393943787,0,0,0,0,0,0,0,0,0,0,0,0,0,0
7.380400657653809,0,0.0,0.0,0.0,0.0,0.0,0.0,0.0,0.0,0.3,1.3086286783218384,0.20460005104541779,0.3402945101261139,0.06457913666963577,-0.10675349831581116,0.12589077651500702,0.9841670393943787,0,0,0,0,0,0,0,0,0,0,0,0,0,0
7.38162636756897,0,0.0,0.0,0.0,0.0,0.0,0.0,0.0,0.0,0.3,1.3086286783218384,0.20460005104541779,0.3402945101261139,0.06457913666963577,-0.10675349831581116,0.12589077651500702,0.9841670393943787,0,0,0,0,0,0,0,0,0,0,0,0,0,0
7.382795095443726,0,0.0,0.0,0.0,0.0,0.0,0.0,0.0,0.0,0.3,1.3086286783218384,0.20460005104541779,0.3402945101261139,0.06457913666963577,-0.10675349831581116,0.12589077651500702,0.9841670393943787,0,0,0,0,0,0,0,0,0,0,0,0,0,0
7.383876085281372,0,0.0,0.0,0.0,0.0,0.0,0.0,0.0,0.0,0.3,1.3086286783218384,0.20460005104541779,0.3402945101261139,0.06457913666963577,-0.10675349831581116,0.12589077651500702,0.9841670393943787,0,0,0,0,0,0,0,0,0,0,0,0,0,0
7.385026693344116,0,0.0,0.0,0.0,0.0,0.0,0.0,0.0,0.0,0.3,1.3086286783218384,0.20460005104541779,0.3402945101261139,0.06457913666963577,-0.10675349831581116,0.12589077651500702,0.9841670393943787,0,0,0,0,0,0,0,0,0,0,0,0,0,0
7.386130332946777,0,0.0,0.0,0.0,0.0,0.0,0.0,0.0,0.0,0.3,1.3086286783218384,0.20460005104541779,0.3402945101261139,0.06457913666963577,-0.10675349831581116,0.12589077651500702,0.9841670393943787,0,0,0,0,0,0,0,0,0,0,0,0,0,0
7.387568712234497,0,0.0,0.0,0.0,0.0,0.0,0.0,0.0,0.0,0.3,1.3086286783218384,0.20460005104541779,0.3402945101261139,0.06457913666963577,-0.10675349831581116,0.12589077651500702,0.9841670393943787,0,0,0,0,0,0,0,0,0,0,0,0,0,0
7.389865875244141,0,0.0,0.0,0.0,0.0,0.0,0.0,0.0,0.0,0.3,1.3086286783218384,0.20460005104541779,0.3402945101261139,0.06457913666963577,-0.10675349831581116,0.12589077651500702,0.9841670393943787,0,0,0,0,0,0,0,0,0,0,0,0,0,0
7.391501426696777,0,0.0,0.0,0.0,0.0,0.0,0.0,0.0,0.0,0.3,1.3086286783218384,0.20460005104541779,0.3402945101261139,0.06457913666963577,-0.10675349831581116,0.12589077651500702,0.9841670393943787,0,0,0,0,0,0,0,0,0,0,0,0,0,0
7.393033742904663,0,0.0,0.0,0.0,0.0,0.0,0.0,0.0,0.0,0.3,1.3086286783218384,0.20460005104541779,0.3402945101261139,0.06457913666963577,-0.10675349831581116,0.12589077651500702,0.9841670393943787,0,0,0,0,0,0,0,0,0,0,0,0,0,0
7.394238471984863,0,0.0,0.0,0.0,0.0,0.0,0.0,0.0,0.0,0.3,1.3086286783218384,0.20460005104541779,0.3402945101261139,0.06457913666963577,-0.10675349831581116,0.12589077651500702,0.9841670393943787,0,0,0,0,0,0,0,0,0,0,0,0,0,0
7.396770477294922,0,0.0,0.0,0.0,0.0,0.0,0.0,0.0,0.0,0.3,1.3086286783218384,0.20460005104541779,0.3402945101261139,0.06457913666963577,-0.10675349831581116,0.12589077651500702,0.9841670393943787,0,0,0,0,0,0,0,0,0,0,0,0,0,0
7.398110389709473,0,0.0,0.0,0.0,0.0,0.0,0.0,0.0,0.0,0.3,1.3086286783218384,0.20460005104541779,0.3402945101261139,0.06457913666963577,-0.10675349831581116,0.12589077651500702,0.9841670393943787,0,0,0,0,0,0,0,0,0,0,0,0,0,0
7.399233818054199,0,0.0,0.0,0.0,0.0,0.0,0.0,0.0,0.0,0.3,1.3086286783218384,0.20460005104541779,0.3402945101261139,0.06457913666963577,-0.10675349831581116,0.12589077651500702,0.9841670393943787,0,0,0,0,0,0,0,0,0,0,0,0,0,0
7.400554895401001,0,0.0,0.0,0.0,0.0,0.0,0.0,0.0,0.0,0.3,1.3086286783218384,0.20460005104541779,0.3402945101261139,0.06457913666963577,-0.10675349831581116,0.12589077651500702,0.9841670393943787,0,0,0,0,0,0,0,0,0,0,0,0,0,0
7.4016828536987305,0,0.0,0.0,0.0,0.0,0.0,0.0,0.0,0.0,0.3,1.3086286783218384,0.20460005104541779,0.3402945101261139,0.06457913666963577,-0.10675349831581116,0.12589077651500702,0.9841670393943787,0,0,0,0,0,0,0,0,0,0,0,0,0,0
7.402754545211792,0,0.0,0.0,0.0,0.0,0.0,0.0,0.0,0.0,0.3,1.3086286783218384,0.20460005104541779,0.3402945101261139,0.06457913666963577,-0.10675349831581116,0.12589077651500702,0.9841670393943787,0,0,0,0,0,0,0,0,0,0,0,0,0,0
7.403881072998047,0,0.0,0.0,0.0,0.0,0.0,0.0,0.0,0.0,0.3,1.3086286783218384,0.20460005104541779,0.3402945101261139,0.06457913666963577,-0.10675349831581116,0.12589077651500702,0.9841670393943787,0,0,0,0,0,0,0,0,0,0,0,0,0,0
7.4052393436431885,0,0.0,0.0,0.0,0.0,0.0,0.0,0.0,0.0,0.3,1.3086286783218384,0.20460005104541779,0.3402945101261139,0.06457913666963577,-0.10675349831581116,0.12589077651500702,0.9841670393943787,0,0,0,0,0,0,0,0,0,0,0,0,0,0
7.406481027603149,0,0.0,0.0,0.0,0.0,0.0,0.0,0.0,0.0,0.3,1.3086286783218384,0.20460005104541779,0.3402945101261139,0.06457913666963577,-0.10675349831581116,0.12589077651500702,0.9841670393943787,0,0,0,0,0,0,0,0,0,0,0,0,0,0
7.40782904624939,0,0.0,0.0,0.0,0.0,0.0,0.0,0.0,0.0,0.3,1.3086286783218384,0.20460005104541779,0.3402945101261139,0.06457913666963577,-0.10675349831581116,0.12589077651500702,0.9841670393943787,0,0,0,0,0,0,0,0,0,0,0,0,0,0
7.409363269805908,0,0.0,0.0,0.0,0.0,0.0,0.0,0.0,0.0,0.3,1.3086286783218384,0.20460005104541779,0.3402945101261139,0.06457913666963577,-0.10675349831581116,0.12589077651500702,0.9841670393943787,0,0,0,0,0,0,0,0,0,0,0,0,0,0
7.410971164703369,0,0.0,0.0,0.0,0.0,0.0,0.0,0.0,0.0,0.3,1.3086286783218384,0.20460005104541779,0.3402945101261139,0.06457913666963577,-0.10675349831581116,0.12589077651500702,0.9841670393943787,0,0,0,0,0,0,0,0,0,0,0,0,0,0
7.412123680114746,0,0.0,0.0,0.0,0.0,0.0,0.0,0.0,0.0,0.3,1.3086286783218384,0.20460005104541779,0.3402945101261139,0.06457913666963577,-0.10675349831581116,0.12589077651500702,0.9841670393943787,0,0,0,0,0,0,0,0,0,0,0,0,0,0
7.4133687019348145,0,0.0,0.0,0.0,0.0,0.0,0.0,0.0,0.0,0.3,1.3086286783218384,0.20460005104541779,0.3402945101261139,0.06457913666963577,-0.10675349831581116,0.12589077651500702,0.9841670393943787,0,0,0,0,0,0,0,0,0,0,0,0,0,0
7.415035963058472,0,0.0,0.0,0.0,0.0,0.0,0.0,0.0,0.0,0.3,1.3086286783218384,0.20460005104541779,0.3402945101261139,0.06457913666963577,-0.10675349831581116,0.12589077651500702,0.9841670393943787,0,0,0,0,0,0,0,0,0,0,0,0,0,0
7.416277170181274,0,0.0,0.0,0.0,0.0,0.0,0.0,0.0,0.0,0.3,1.3086286783218384,0.20460005104541779,0.3402945101261139,0.06457913666963577,-0.10675349831581116,0.12589077651500702,0.9841670393943787,0,0,0,0,0,0,0,0,0,0,0,0,0,0
7.417428016662598,0,0.0,0.0,0.0,0.0,0.0,0.0,0.0,0.0,0.3,1.3086286783218384,0.20460005104541779,0.3402945101261139,0.06457913666963577,-0.10675349831581116,0.12589077651500702,0.9841670393943787,0,0,0,0,0,0,0,0,0,0,0,0,0,0
7.419200658798218,0,0.0,0.0,0.0,0.0,0.0,0.0,0.0,0.0,0.3,1.3086286783218384,0.20460005104541779,0.3402945101261139,0.06457913666963577,-0.10675349831581116,0.12589077651500702,0.9841670393943787,0,0,0,0,0,0,0,0,0,0,0,0,0,0
7.420508146286011,0,0.0,0.0,0.0,0.0,0.0,0.0,0.0,0.0,0.3,1.3086286783218384,0.20460005104541779,0.3402945101261139,0.06457913666963577,-0.10675349831581116,0.12589077651500702,0.9841670393943787,0,0,0,0,0,0,0,0,0,0,0,0,0,0
7.421731233596802,0,0.0,0.0,0.0,0.0,0.0,0.0,0.0,0.0,0.3,1.3086286783218384,0.20460005104541779,0.3402945101261139,0.06457913666963577,-0.10675349831581116,0.12589077651500702,0.9841670393943787,0,0,0,0,0,0,0,0,0,0,0,0,0,0
7.423227310180664,0,0.0,0.0,0.0,0.0,0.0,0.0,0.0,0.0,0.3,1.3086286783218384,0.20460005104541779,0.3402945101261139,0.06457913666963577,-0.10675349831581116,0.12589077651500702,0.9841670393943787,0,0,0,0,0,0,0,0,0,0,0,0,0,0
7.424690008163452,0,0.0,0.0,0.0,0.0,0.0,0.0,0.0,0.0,0.3,1.3086286783218384,0.20460005104541779,0.3402945101261139,0.06457913666963577,-0.10675349831581116,0.12589077651500702,0.9841670393943787,0,0,0,0,0,0,0,0,0,0,0,0,0,0
7.425902366638184,0,0.0,0.0,0.0,0.0,0.0,0.0,0.0,0.0,0.3,1.3086286783218384,0.20460005104541779,0.3402945101261139,0.06457913666963577,-0.10675349831581116,0.12589077651500702,0.9841670393943787,0,0,0,0,0,0,0,0,0,0,0,0,0,0
7.428481101989746,0,0.0,0.0,0.0,0.0,0.0,0.0,0.0,0.0,0.3,1.3086286783218384,0.20460005104541779,0.3402945101261139,0.06457913666963577,-0.10675349831581116,0.12589077651500702,0.9841670393943787,0,0,0,0,0,0,0,0,0,0,0,0,0,0
7.4298176765441895,0,0.0,0.0,0.0,0.0,0.0,0.0,0.0,0.0,0.3,1.3086286783218384,0.20460005104541779,0.3402945101261139,0.06457913666963577,-0.10675349831581116,0.12589077651500702,0.9841670393943787,0,0,0,0,0,0,0,0,0,0,0,0,0,0
7.430959701538086,0,0.0,0.0,0.0,0.0,0.0,0.0,0.0,0.0,0.3,1.3086286783218384,0.20460005104541779,0.3402945101261139,0.06457913666963577,-0.10675349831581116,0.12589077651500702,0.9841670393943787,0,0,0,0,0,0,0,0,0,0,0,0,0,0
7.432335615158081,0,0.0,0.0,0.0,0.0,0.0,0.0,0.0,0.0,0.3,1.3086286783218384,0.20460005104541779,0.3402945101261139,0.06457913666963577,-0.10675349831581116,0.12589077651500702,0.9841670393943787,0,0,0,0,0,0,0,0,0,0,0,0,0,0
7.4345948696136475,0,0.0,0.0,0.0,0.0,0.0,0.0,0.0,0.0,0.3,1.3086286783218384,0.20460005104541779,0.3402945101261139,0.06457913666963577,-0.10675349831581116,0.12589077651500702,0.9841670393943787,0,0,0,0,0,0,0,0,0,0,0,0,0,0
7.436422109603882,0,0.0,0.0,0.0,0.0,0.0,0.0,0.0,0.0,0.3,1.3086286783218384,0.20460005104541779,0.3402945101261139,0.06457913666963577,-0.10675349831581116,0.12589077651500702,0.9841670393943787,0,0,0,0,0,0,0,0,0,0,0,0,0,0
7.4375739097595215,0,0.0,0.0,0.0,0.0,0.0,0.0,0.0,0.0,0.3,1.3086286783218384,0.20460005104541779,0.3402945101261139,0.06457913666963577,-0.10675349831581116,0.12589077651500702,0.9841670393943787,0,0,0,0,0,0,0,0,0,0,0,0,0,0
7.440083026885986,0,0.0,0.0,0.0,0.0,0.0,0.0,0.0,0.0,0.3,1.3086286783218384,0.20460005104541779,0.3402945101261139,0.06457913666963577,-0.10675349831581116,0.12589077651500702,0.9841670393943787,0,0,0,0,0,0,0,0,0,0,0,0,0,0
7.441184997558594,0,0.0,0.0,0.0,0.0,0.0,0.0,0.0,0.0,0.3,1.3086286783218384,0.20460005104541779,0.3402945101261139,0.06457913666963577,-0.10675349831581116,0.12589077651500702,0.9841670393943787,0,0,0,0,0,0,0,0,0,0,0,0,0,0
7.442384958267212,0,0.0,0.0,0.0,0.0,0.0,0.0,0.0,0.0,0.3,1.3086286783218384,0.20460005104541779,0.3402945101261139,0.06457913666963577,-0.10675349831581116,0.12589077651500702,0.9841670393943787,0,0,0,0,0,0,0,0,0,0,0,0,0,0
7.443590879440308,0,0.0,0.0,0.0,0.0,0.0,0.0,0.0,0.0,0.3,1.3086286783218384,0.20460005104541779,0.3402945101261139,0.06457913666963577,-0.10675349831581116,0.12589077651500702,0.9841670393943787,0,0,0,0,0,0,0,0,0,0,0,0,0,0
7.444651126861572,0,0.0,0.0,0.0,0.0,0.0,0.0,0.0,0.0,0.3,1.3086286783218384,0.20460005104541779,0.3402945101261139,0.06457913666963577,-0.10675349831581116,0.12589077651500702,0.9841670393943787,0,0,0,0,0,0,0,0,0,0,0,0,0,0
7.445878028869629,0,0.0,0.0,0.0,0.0,0.0,0.0,0.0,0.0,0.3,1.3086286783218384,0.20460005104541779,0.3402945101261139,0.06457913666963577,-0.10675349831581116,0.12589077651500702,0.9841670393943787,0,0,0,0,0,0,0,0,0,0,0,0,0,0
7.447007656097412,0,0.0,0.0,0.0,0.0,0.0,0.0,0.0,0.0,0.3,1.3086286783218384,0.20460005104541779,0.3402945101261139,0.06457913666963577,-0.10675349831581116,0.12589077651500702,0.9841670393943787,0,0,0,0,0,0,0,0,0,0,0,0,0,0
7.448622465133667,0,0.0,0.0,0.0,0.0,0.0,0.0,0.0,0.0,0.3,1.3086286783218384,0.20460005104541779,0.3402945101261139,0.06457913666963577,-0.10675349831581116,0.12589077651500702,0.9841670393943787,0,0,0,0,0,0,0,0,0,0,0,0,0,0
7.450068473815918,0,0.0,0.0,0.0,0.0,0.0,0.0,0.0,0.0,0.3,1.3086286783218384,0.20460005104541779,0.3402945101261139,0.06457913666963577,-0.10675349831581116,0.12589077651500702,0.9841670393943787,0,0,0,0,0,0,0,0,0,0,0,0,0,0
7.4511425495147705,0,0.0,0.0,0.0,0.0,0.0,0.0,0.0,0.0,0.3,1.3086286783218384,0.20460005104541779,0.3402945101261139,0.06457913666963577,-0.10675349831581116,0.12589077651500702,0.9841670393943787,0,0,0,0,0,0,0,0,0,0,0,0,0,0
7.453611612319946,0,0.0,0.0,0.0,0.0,0.0,0.0,0.0,0.0,0.3,1.3086286783218384,0.20460005104541779,0.3402945101261139,0.06457913666963577,-0.10675349831581116,0.12589077651500702,0.9841670393943787,0,0,0,0,0,0,0,0,0,0,0,0,0,0
7.454832315444946,0,0.0,0.0,0.0,0.0,0.0,0.0,0.0,0.0,0.3,1.3086286783218384,0.20460005104541779,0.3402945101261139,0.06457913666963577,-0.10675349831581116,0.12589077651500702,0.9841670393943787,0,0,0,0,0,0,0,0,0,0,0,0,0,0
7.456006050109863,0,0.0,0.0,0.0,0.0,0.0,0.0,0.0,0.0,0.3,1.3086286783218384,0.20460005104541779,0.3402945101261139,0.06457913666963577,-0.10675349831581116,0.12589077651500702,0.9841670393943787,0,0,0,0,0,0,0,0,0,0,0,0,0,0
7.457825422286987,0,0.0,0.0,0.0,0.0,0.0,0.0,0.0,0.0,0.3,1.3086286783218384,0.20460005104541779,0.3402945101261139,0.06457913666963577,-0.10675349831581116,0.12589077651500702,0.9841670393943787,0,0,0,0,0,0,0,0,0,0,0,0,0,0
7.459127187728882,0,0.0,0.0,0.0,0.0,0.0,0.0,0.0,0.0,0.3,1.3086286783218384,0.20460005104541779,0.3402945101261139,0.06457913666963577,-0.10675349831581116,0.12589077651500702,0.9841670393943787,0,0,0,0,0,0,0,0,0,0,0,0,0,0
7.460298776626587,0,0.0,0.0,0.0,0.0,0.0,0.0,0.0,0.0,0.3,1.3086286783218384,0.20460005104541779,0.3402945101261139,0.06457913666963577,-0.10675349831581116,0.12589077651500702,0.9841670393943787,0,0,0,0,0,0,0,0,0,0,0,0,0,0
7.461611032485962,0,0.0,0.0,0.0,0.0,0.0,0.0,0.0,0.0,0.3,1.3086286783218384,0.20460005104541779,0.3402945101261139,0.06457913666963577,-0.10675349831581116,0.12589077651500702,0.9841670393943787,0,0,0,0,0,0,0,0,0,0,0,0,0,0
7.463104009628296,0,0.0,0.0,0.0,0.0,0.0,0.0,0.0,0.0,0.3,1.3086286783218384,0.20460005104541779,0.3402945101261139,0.06457913666963577,-0.10675349831581116,0.12589077651500702,0.9841670393943787,0,0,0,0,0,0,0,0,0,0,0,0,0,0
7.464223146438599,0,0.0,0.0,0.0,0.0,0.0,0.0,0.0,0.0,0.3,1.3086286783218384,0.20460005104541779,0.3402945101261139,0.06457913666963577,-0.10675349831581116,0.12589077651500702,0.9841670393943787,0,0,0,0,0,0,0,0,0,0,0,0,0,0
7.465356826782227,0,0.0,0.0,0.0,0.0,0.0,0.0,0.0,0.0,0.3,1.3086286783218384,0.20460005104541779,0.3402945101261139,0.06457913666963577,-0.10675349831581116,0.12589077651500702,0.9841670393943787,0,0,0,0,0,0,0,0,0,0,0,0,0,0
7.466532230377197,0,0.0,0.0,0.0,0.0,0.0,0.0,0.0,0.0,0.3,1.3086286783218384,0.20460005104541779,0.3402945101261139,0.06457913666963577,-0.10675349831581116,0.12589077651500702,0.9841670393943787,0,0,0,0,0,0,0,0,0,0,0,0,0,0
7.468457460403442,0,0.0,0.0,0.0,0.0,0.0,0.0,0.0,0.0,0.3,1.3086286783218384,0.20460005104541779,0.3402945101261139,0.06457913666963577,-0.10675349831581116,0.12589077651500702,0.9841670393943787,0,0,0,0,0,0,0,0,0,0,0,0,0,0
7.469585657119751,0,0.0,0.0,0.0,0.0,0.0,0.0,0.0,0.0,0.3,1.3086286783218384,0.20460005104541779,0.3402945101261139,0.06457913666963577,-0.10675349831581116,0.12589077651500702,0.9841670393943787,0,0,0,0,0,0,0,0,0,0,0,0,0,0
7.471222162246704,0,0.0,0.0,0.0,0.0,0.0,0.0,0.0,0.0,0.3,1.3086286783218384,0.20460005104541779,0.3402945101261139,0.06457913666963577,-0.10675349831581116,0.12589077651500702,0.9841670393943787,0,0,0,0,0,0,0,0,0,0,0,0,0,0
7.472583055496216,0,0.0,0.0,0.0,0.0,0.0,0.0,0.0,0.0,0.3,1.3086286783218384,0.20460005104541779,0.3402945101261139,0.06457913666963577,-0.10675349831581116,0.12589077651500702,0.9841670393943787,0,0,0,0,0,0,0,0,0,0,0,0,0,0
7.4738852977752686,0,0.0,0.0,0.0,0.0,0.0,0.0,0.0,0.0,0.3,1.3086286783218384,0.20460005104541779,0.3402945101261139,0.06457913666963577,-0.10675349831581116,0.12589077651500702,0.9841670393943787,0,0,0,0,0,0,0,0,0,0,0,0,0,0
7.47594428062439,0,0.0,0.0,0.0,0.0,0.0,0.0,0.0,0.0,0.3,1.3086286783218384,0.20460005104541779,0.3402945101261139,0.06457913666963577,-0.10675349831581116,0.12589077651500702,0.9841670393943787,0,0,0,0,0,0,0,0,0,0,0,0,0,0
7.477172374725342,0,0.0,0.0,0.0,0.0,0.0,0.0,0.0,0.0,0.3,1.3086286783218384,0.20460005104541779,0.3402945101261139,0.06457913666963577,-0.10675349831581116,0.12589077651500702,0.9841670393943787,0,0,0,0,0,0,0,0,0,0,0,0,0,0
7.478332042694092,0,0.0,0.0,0.0,0.0,0.0,0.0,0.0,0.0,0.3,1.3086286783218384,0.20460005104541779,0.3402945101261139,0.06457913666963577,-0.10675349831581116,0.12589077651500702,0.9841670393943787,0,0,0,0,0,0,0,0,0,0,0,0,0,0
7.479399681091309,0,0.0,0.0,0.0,0.0,0.0,0.0,0.0,0.0,0.3,1.3086286783218384,0.20460005104541779,0.3402945101261139,0.06457913666963577,-0.10675349831581116,0.12589077651500702,0.9841670393943787,0,0,0,0,0,0,0,0,0,0,0,0,0,0
7.48090934753418,0,0.0,0.0,0.0,0.0,0.0,0.0,0.0,0.0,0.3,1.3086286783218384,0.20460005104541779,0.3402945101261139,0.06457913666963577,-0.10675349831581116,0.12589077651500702,0.9841670393943787,0,0,0,0,0,0,0,0,0,0,0,0,0,0
7.481970548629761,0,0.0,0.0,0.0,0.0,0.0,0.0,0.0,0.0,0.3,1.3086286783218384,0.20460005104541779,0.3402945101261139,0.06457913666963577,-0.10675349831581116,0.12589077651500702,0.9841670393943787,0,0,0,0,0,0,0,0,0,0,0,0,0,0
7.4840874671936035,0,0.0,0.0,0.0,0.0,0.0,0.0,0.0,0.0,0.3,1.3086286783218384,0.20460005104541779,0.3402945101261139,0.06457913666963577,-0.10675349831581116,0.12589077651500702,0.9841670393943787,0,0,0,0,0,0,0,0,0,0,0,0,0,0
7.485537052154541,0,0.0,0.0,0.0,0.0,0.0,0.0,0.0,0.0,0.3,1.3086286783218384,0.20460005104541779,0.3402945101261139,0.06457913666963577,-0.10675349831581116,0.12589077651500702,0.9841670393943787,0,0,0,0,0,0,0,0,0,0,0,0,0,0
7.487389802932739,0,0.0,0.0,0.0,0.0,0.0,0.0,0.0,0.0,0.3,1.3086286783218384,0.20460005104541779,0.3402945101261139,0.06457913666963577,-0.10675349831581116,0.12589077651500702,0.9841670393943787,0,0,0,0,0,0,0,0,0,0,0,0,0,0
7.489125967025757,0,0.0,0.0,0.0,0.0,0.0,0.0,0.0,0.0,0.3,1.3086286783218384,0.20460005104541779,0.3402945101261139,0.06457913666963577,-0.10675349831581116,0.12589077651500702,0.9841670393943787,0,0,0,0,0,0,0,0,0,0,0,0,0,0
7.49109673500061,0,0.0,0.0,0.0,0.0,0.0,0.0,0.0,0.0,0.3,1.3086286783218384,0.20460005104541779,0.3402945101261139,0.06457913666963577,-0.10675349831581116,0.12589077651500702,0.9841670393943787,0,0,0,0,0,0,0,0,0,0,0,0,0,0
7.492180347442627,0,0.0,0.0,0.0,0.0,0.0,0.0,0.0,0.0,0.3,1.3086286783218384,0.20460005104541779,0.3402945101261139,0.06457913666963577,-0.10675349831581116,0.12589077651500702,0.9841670393943787,0,0,0,0,0,0,0,0,0,0,0,0,0,0
7.493931293487549,0,0.0,0.0,0.0,0.0,0.0,0.0,0.0,0.0,0.3,1.3086286783218384,0.20460005104541779,0.3402945101261139,0.06457913666963577,-0.10675349831581116,0.12589077651500702,0.9841670393943787,0,0,0,0,0,0,0,0,0,0,0,0,0,0
7.495862007141113,0,0.0,0.0,0.0,0.0,0.0,0.0,0.0,0.0,0.3,1.3086286783218384,0.20460005104541779,0.3402945101261139,0.06457913666963577,-0.10675349831581116,0.12589077651500702,0.9841670393943787,0,0,0,0,0,0,0,0,0,0,0,0,0,0
7.49695086479187,0,0.0,0.0,0.0,0.0,0.0,0.0,0.0,0.0,0.3,1.3086286783218384,0.20460005104541779,0.3402945101261139,0.06457913666963577,-0.10675349831581116,0.12589077651500702,0.9841670393943787,0,0,0,0,0,0,0,0,0,0,0,0,0,0
7.498316764831543,0,0.0,0.0,0.0,0.0,0.0,0.0,0.0,0.0,0.3,1.3086286783218384,0.20460005104541779,0.3402945101261139,0.06457913666963577,-0.10675349831581116,0.12589077651500702,0.9841670393943787,0,0,0,0,0,0,0,0,0,0,0,0,0,0
7.499986171722412,0,0.0,0.0,0.0,0.0,0.0,0.0,0.0,0.0,0.3,1.3086286783218384,0.20460005104541779,0.3402945101261139,0.06457913666963577,-0.10675349831581116,0.12589077651500702,0.9841670393943787,0,0,0,0,0,0,0,0,0,0,0,0,0,0
7.5012288093566895,0,0.0,0.0,0.0,0.0,0.0,0.0,0.0,0.0,0.3,1.3086286783218384,0.20460005104541779,0.3402945101261139,0.06457913666963577,-0.10675349831581116,0.12589077651500702,0.9841670393943787,0,0,0,0,0,0,0,0,0,0,0,0,0,0
7.504552602767944,0,0.0,0.0,0.0,0.0,0.0,0.0,0.0,0.0,0.3,1.3086286783218384,0.20460005104541779,0.3402945101261139,0.06457913666963577,-0.10675349831581116,0.12589077651500702,0.9841670393943787,0,0,0,0,0,0,0,0,0,0,0,0,0,0
7.505779266357422,0,0.0,0.0,0.0,0.0,0.0,0.0,0.0,0.0,0.3,1.3086286783218384,0.20460005104541779,0.3402945101261139,0.06457913666963577,-0.10675349831581116,0.12589077651500702,0.9841670393943787,0,0,0,0,0,0,0,0,0,0,0,0,0,0
7.506847620010376,0,0.0,0.0,0.0,0.0,0.0,0.0,0.0,0.0,0.3,1.3086286783218384,0.20460005104541779,0.3402945101261139,0.06457913666963577,-0.10675349831581116,0.12589077651500702,0.9841670393943787,0,0,0,0,0,0,0,0,0,0,0,0,0,0
7.507912635803223,0,0.0,0.0,0.0,0.0,0.0,0.0,0.0,0.0,0.3,1.3086286783218384,0.20460005104541779,0.3402945101261139,0.06457913666963577,-0.10675349831581116,0.12589077651500702,0.9841670393943787,0,0,0,0,0,0,0,0,0,0,0,0,0,0
7.5092127323150635,0,0.0,0.0,0.0,0.0,0.0,0.0,0.0,0.0,0.3,1.3086286783218384,0.20460005104541779,0.3402945101261139,0.06457913666963577,-0.10675349831581116,0.12589077651500702,0.9841670393943787,0,0,0,0,0,0,0,0,0,0,0,0,0,0
7.510277032852173,0,0.0,0.0,0.0,0.0,0.0,0.0,0.0,0.0,0.3,1.3086286783218384,0.20460005104541779,0.3402945101261139,0.06457913666963577,-0.10675349831581116,0.12589077651500702,0.9841670393943787,0,0,0,0,0,0,0,0,0,0,0,0,0,0
7.511697769165039,0,0.0,0.0,0.0,0.0,0.0,0.0,0.0,0.0,0.3,1.3086286783218384,0.20460005104541779,0.3402945101261139,0.06457913666963577,-0.10675349831581116,0.12589077651500702,0.9841670393943787,0,0,0,0,0,0,0,0,0,0,0,0,0,0
7.512899398803711,0,0.0,0.0,0.0,0.0,0.0,0.0,0.0,0.0,0.3,1.3086286783218384,0.20460005104541779,0.3402945101261139,0.06457913666963577,-0.10675349831581116,0.12589077651500702,0.9841670393943787,0,0,0,0,0,0,0,0,0,0,0,0,0,0
7.514051675796509,0,0.0,0.0,0.0,0.0,0.0,0.0,0.0,0.0,0.3,1.3086286783218384,0.20460005104541779,0.3402945101261139,0.06457913666963577,-0.10675349831581116,0.12589077651500702,0.9841670393943787,0,0,0,0,0,0,0,0,0,0,0,0,0,0
7.515732049942017,0,0.0,0.0,0.0,0.0,0.0,0.0,0.0,0.0,0.3,1.3086286783218384,0.20460005104541779,0.3402945101261139,0.06457913666963577,-0.10675349831581116,0.12589077651500702,0.9841670393943787,0,0,0,0,0,0,0,0,0,0,0,0,0,0
7.518680810928345,0,0.0,0.0,0.0,0.0,0.0,0.0,0.0,0.0,0.3,1.3086286783218384,0.20460005104541779,0.3402945101261139,0.06457913666963577,-0.10675349831581116,0.12589077651500702,0.9841670393943787,0,0,0,0,0,0,0,0,0,0,0,0,0,0
7.51989221572876,0,0.0,0.0,0.0,0.0,0.0,0.0,0.0,0.0,0.3,1.3086286783218384,0.20460005104541779,0.3402945101261139,0.06457913666963577,-0.10675349831581116,0.12589077651500702,0.9841670393943787,0,0,0,0,0,0,0,0,0,0,0,0,0,0
7.520954370498657,0,0.0,0.0,0.0,0.0,0.0,0.0,0.0,0.0,0.3,1.3086286783218384,0.20460005104541779,0.3402945101261139,0.06457913666963577,-0.10675349831581116,0.12589077651500702,0.9841670393943787,0,0,0,0,0,0,0,0,0,0,0,0,0,0
7.522175312042236,0,0.0,0.0,0.0,0.0,0.0,0.0,0.0,0.0,0.3,1.3086286783218384,0.20460005104541779,0.3402945101261139,0.06457913666963577,-0.10675349831581116,0.12589077651500702,0.9841670393943787,0,0,0,0,0,0,0,0,0,0,0,0,0,0
7.523629188537598,0,0.0,0.0,0.0,0.0,0.0,0.0,0.0,0.0,0.3,1.3086286783218384,0.20460005104541779,0.3402945101261139,0.06457913666963577,-0.10675349831581116,0.12589077651500702,0.9841670393943787,0,0,0,0,0,0,0,0,0,0,0,0,0,0
7.524957180023193,0,0.0,0.0,0.0,0.0,0.0,0.0,0.0,0.0,0.3,1.3086286783218384,0.20460005104541779,0.3402945101261139,0.06457913666963577,-0.10675349831581116,0.12589077651500702,0.9841670393943787,0,0,0,0,0,0,0,0,0,0,0,0,0,0
7.52609920501709,0,0.0,0.0,0.0,0.0,0.0,0.0,0.0,0.0,0.3,1.3086286783218384,0.20460005104541779,0.3402945101261139,0.06457913666963577,-0.10675349831581116,0.12589077651500702,0.9841670393943787,0,0,0,0,0,0,0,0,0,0,0,0,0,0
7.527902364730835,0,0.0,0.0,0.0,0.0,0.0,0.0,0.0,0.0,0.3,1.3086286783218384,0.20460005104541779,0.3402945101261139,0.06457913666963577,-0.10675349831581116,0.12589077651500702,0.9841670393943787,0,0,0,0,0,0,0,0,0,0,0,0,0,0
7.529057025909424,0,0.0,0.0,0.0,0.0,0.0,0.0,0.0,0.0,0.3,1.3086286783218384,0.20460005104541779,0.3402945101261139,0.06457913666963577,-0.10675349831581116,0.12589077651500702,0.9841670393943787,0,0,0,0,0,0,0,0,0,0,0,0,0,0
7.530206203460693,0,0.0,0.0,0.0,0.0,0.0,0.0,0.0,0.0,0.3,1.3086286783218384,0.20460005104541779,0.3402945101261139,0.06457913666963577,-0.10675349831581116,0.12589077651500702,0.9841670393943787,0,0,0,0,0,0,0,0,0,0,0,0,0,0
7.531389951705933,0,0.0,0.0,0.0,0.0,0.0,0.0,0.0,0.0,0.3,1.3086286783218384,0.20460005104541779,0.3402945101261139,0.06457913666963577,-0.10675349831581116,0.12589077651500702,0.9841670393943787,0,0,0,0,0,0,0,0,0,0,0,0,0,0
7.532471656799316,0,0.0,0.0,0.0,0.0,0.0,0.0,0.0,0.0,0.3,1.3086286783218384,0.20460005104541779,0.3402945101261139,0.06457913666963577,-0.10675349831581116,0.12589077651500702,0.9841670393943787,0,0,0,0,0,0,0,0,0,0,0,0,0,0
7.533855199813843,0,0.0,0.0,0.0,0.0,0.0,0.0,0.0,0.0,0.3,1.3086286783218384,0.20460005104541779,0.3402945101261139,0.06457913666963577,-0.10675349831581116,0.12589077651500702,0.9841670393943787,0,0,0,0,0,0,0,0,0,0,0,0,0,0
7.535255670547485,0,0.0,0.0,0.0,0.0,0.0,0.0,0.0,0.0,0.3,1.3086286783218384,0.20460005104541779,0.3402945101261139,0.06457913666963577,-0.10675349831581116,0.12589077651500702,0.9841670393943787,0,0,0,0,0,0,0,0,0,0,0,0,0,0
7.536683082580566,0,0.0,0.0,0.0,0.0,0.0,0.0,0.0,0.0,0.3,1.3086286783218384,0.20460005104541779,0.3402945101261139,0.06457913666963577,-0.10675349831581116,0.12589077651500702,0.9841670393943787,0,0,0,0,0,0,0,0,0,0,0,0,0,0
7.538167715072632,0,0.0,0.0,0.0,0.0,0.0,0.0,0.0,0.0,0.3,1.3086286783218384,0.20460005104541779,0.3402945101261139,0.06457913666963577,-0.10675349831581116,0.12589077651500702,0.9841670393943787,0,0,0,0,0,0,0,0,0,0,0,0,0,0
7.539344310760498,0,0.0,0.0,0.0,0.0,0.0,0.0,0.0,0.0,0.3,1.3086286783218384,0.20460005104541779,0.3402945101261139,0.06457913666963577,-0.10675349831581116,0.12589077651500702,0.9841670393943787,0,0,0,0,0,0,0,0,0,0,0,0,0,0
7.541258811950684,0,0.0,0.0,0.0,0.0,0.0,0.0,0.0,0.0,0.3,1.3086286783218384,0.20460005104541779,0.3402945101261139,0.06457913666963577,-0.10675349831581116,0.12589077651500702,0.9841670393943787,0,0,0,0,0,0,0,0,0,0,0,0,0,0
7.542387247085571,0,0.0,0.0,0.0,0.0,0.0,0.0,0.0,0.0,0.3,1.3086286783218384,0.20460005104541779,0.3402945101261139,0.06457913666963577,-0.10675349831581116,0.12589077651500702,0.9841670393943787,0,0,0,0,0,0,0,0,0,0,0,0,0,0
7.544314861297607,0,0.0,0.0,0.0,0.0,0.0,0.0,0.0,0.0,0.3,1.3086286783218384,0.20460005104541779,0.3402945101261139,0.06457913666963577,-0.10675349831581116,0.12589077651500702,0.9841670393943787,0,0,0,0,0,0,0,0,0,0,0,0,0,0
7.545913934707642,0,0.0,0.0,0.0,0.0,0.0,0.0,0.0,0.0,0.3,1.3086286783218384,0.20460005104541779,0.3402945101261139,0.06457913666963577,-0.10675349831581116,0.12589077651500702,0.9841670393943787,0,0,0,0,0,0,0,0,0,0,0,0,0,0
7.546993255615234,0,0.0,0.0,0.0,0.0,0.0,0.0,0.0,0.0,0.3,1.3086286783218384,0.20460005104541779,0.3402945101261139,0.06457913666963577,-0.10675349831581116,0.12589077651500702,0.9841670393943787,0,0,0,0,0,0,0,0,0,0,0,0,0,0
7.5480546951293945,0,0.0,0.0,0.0,0.0,0.0,0.0,0.0,0.0,0.3,1.3086286783218384,0.20460005104541779,0.3402945101261139,0.06457913666963577,-0.10675349831581116,0.12589077651500702,0.9841670393943787,0,0,0,0,0,0,0,0,0,0,0,0,0,0
7.5503363609313965,0,0.0,0.0,0.0,0.0,0.0,0.0,0.0,0.0,0.3,1.3086286783218384,0.20460005104541779,0.3402945101261139,0.06457913666963577,-0.10675349831581116,0.12589077651500702,0.9841670393943787,0,0,0,0,0,0,0,0,0,0,0,0,0,0
7.551974534988403,0,0.0,0.0,0.0,0.0,0.0,0.0,0.0,0.0,0.3,1.3086286783218384,0.20460005104541779,0.3402945101261139,0.06457913666963577,-0.10675349831581116,0.12589077651500702,0.9841670393943787,0,0,0,0,0,0,0,0,0,0,0,0,0,0
7.555871963500977,0,0.0,0.0,0.0,0.0,0.0,0.0,0.0,0.0,0.3,1.3086286783218384,0.20460005104541779,0.3402945101261139,0.06457913666963577,-0.10675349831581116,0.12589077651500702,0.9841670393943787,0,0,0,0,0,0,0,0,0,0,0,0,0,0
7.557589292526245,0,0.0,0.0,0.0,0.0,0.0,0.0,0.0,0.0,0.3,1.3086286783218384,0.20460005104541779,0.3402945101261139,0.06457913666963577,-0.10675349831581116,0.12589077651500702,0.9841670393943787,0,0,0,0,0,0,0,0,0,0,0,0,0,0
7.5590879917144775,0,0.0,0.0,0.0,0.0,0.0,0.0,0.0,0.0,0.3,1.3086286783218384,0.20460005104541779,0.3402945101261139,0.06457913666963577,-0.10675349831581116,0.12589077651500702,0.9841670393943787,0,0,0,0,0,0,0,0,0,0,0,0,0,0
7.560546159744263,0,0.0,0.0,0.0,0.0,0.0,0.0,0.0,0.0,0.3,1.3086286783218384,0.20460005104541779,0.3402945101261139,0.06457913666963577,-0.10675349831581116,0.12589077651500702,0.9841670393943787,0,0,0,0,0,0,0,0,0,0,0,0,0,0
7.561863422393799,0,0.0,0.0,0.0,0.0,0.0,0.0,0.0,0.0,0.3,1.3086286783218384,0.20460005104541779,0.3402945101261139,0.06457913666963577,-0.10675349831581116,0.12589077651500702,0.9841670393943787,0,0,0,0,0,0,0,0,0,0,0,0,0,0
7.563028573989868,0,0.0,0.0,0.0,0.0,0.0,0.0,0.0,0.0,0.3,1.3086286783218384,0.20460005104541779,0.3402945101261139,0.06457913666963577,-0.10675349831581116,0.12589077651500702,0.9841670393943787,0,0,0,0,0,0,0,0,0,0,0,0,0,0
7.564274787902832,0,0.0,0.0,0.0,0.0,0.0,0.0,0.0,0.0,0.3,1.3086286783218384,0.20460005104541779,0.3402945101261139,0.06457913666963577,-0.10675349831581116,0.12589077651500702,0.9841670393943787,0,0,0,0,0,0,0,0,0,0,0,0,0,0
7.565370559692383,0,0.0,0.0,0.0,0.0,0.0,0.0,0.0,0.0,0.3,1.3086286783218384,0.20460005104541779,0.3402945101261139,0.06457913666963577,-0.10675349831581116,0.12589077651500702,0.9841670393943787,0,0,0,0,0,0,0,0,0,0,0,0,0,0
7.5666608810424805,0,0.0,0.0,0.0,0.0,0.0,0.0,0.0,0.0,0.3,1.3086286783218384,0.20460005104541779,0.3402945101261139,0.06457913666963577,-0.10675349831581116,0.12589077651500702,0.9841670393943787,0,0,0,0,0,0,0,0,0,0,0,0,0,0
7.5686304569244385,0,0.0,0.0,0.0,0.0,0.0,0.0,0.0,0.0,0.3,1.3086286783218384,0.20460005104541779,0.3402945101261139,0.06457913666963577,-0.10675349831581116,0.12589077651500702,0.9841670393943787,0,0,0,0,0,0,0,0,0,0,0,0,0,0
7.570149898529053,0,0.0,0.0,0.0,0.0,0.0,0.0,0.0,0.0,0.3,1.3086286783218384,0.20460005104541779,0.3402945101261139,0.06457913666963577,-0.10675349831581116,0.12589077651500702,0.9841670393943787,0,0,0,0,0,0,0,0,0,0,0,0,0,0
7.571380853652954,0,0.0,0.0,0.0,0.0,0.0,0.0,0.0,0.0,0.3,1.3086286783218384,0.20460005104541779,0.3402945101261139,0.06457913666963577,-0.10675349831581116,0.12589077651500702,0.9841670393943787,0,0,0,0,0,0,0,0,0,0,0,0,0,0
7.572586536407471,0,0.0,0.0,0.0,0.0,0.0,0.0,0.0,0.0,0.3,1.3086286783218384,0.20460005104541779,0.3402945101261139,0.06457913666963577,-0.10675349831581116,0.12589077651500702,0.9841670393943787,0,0,0,0,0,0,0,0,0,0,0,0,0,0
7.573667764663696,0,0.0,0.0,0.0,0.0,0.0,0.0,0.0,0.0,0.3,1.3086286783218384,0.20460005104541779,0.3402945101261139,0.06457913666963577,-0.10675349831581116,0.12589077651500702,0.9841670393943787,0,0,0,0,0,0,0,0,0,0,0,0,0,0
7.57480001449585,0,0.0,0.0,0.0,0.0,0.0,0.0,0.0,0.0,0.3,1.3086286783218384,0.20460005104541779,0.3402945101261139,0.06457913666963577,-0.10675349831581116,0.12589077651500702,0.9841670393943787,0,0,0,0,0,0,0,0,0,0,0,0,0,0
7.57589316368103,0,0.0,0.0,0.0,0.0,0.0,0.0,0.0,0.0,0.3,1.3086286783218384,0.20460005104541779,0.3402945101261139,0.06457913666963577,-0.10675349831581116,0.12589077651500702,0.9841670393943787,0,0,0,0,0,0,0,0,0,0,0,0,0,0
7.576953411102295,0,0.0,0.0,0.0,0.0,0.0,0.0,0.0,0.0,0.3,1.3086286783218384,0.20460005104541779,0.3402945101261139,0.06457913666963577,-0.10675349831581116,0.12589077651500702,0.9841670393943787,0,0,0,0,0,0,0,0,0,0,0,0,0,0
7.578967571258545,0,0.0,0.0,0.0,0.0,0.0,0.0,0.0,0.0,0.3,1.3086286783218384,0.20460005104541779,0.3402945101261139,0.06457913666963577,-0.10675349831581116,0.12589077651500702,0.9841670393943787,0,0,0,0,0,0,0,0,0,0,0,0,0,0
7.580183982849121,0,0.0,0.0,0.0,0.0,0.0,0.0,0.0,0.0,0.3,1.3086286783218384,0.20460005104541779,0.3402945101261139,0.06457913666963577,-0.10675349831581116,0.12589077651500702,0.9841670393943787,0,0,0,0,0,0,0,0,0,0,0,0,0,0
7.583199739456177,0,0.0,0.0,0.0,0.0,0.0,0.0,0.0,0.0,0.3,1.3086286783218384,0.20460005104541779,0.3402945101261139,0.06457913666963577,-0.10675349831581116,0.12589077651500702,0.9841670393943787,0,0,0,0,0,0,0,0,0,0,0,0,0,0
7.584448575973511,0,0.0,0.0,0.0,0.0,0.0,0.0,0.0,0.0,0.3,1.3086286783218384,0.20460005104541779,0.3402945101261139,0.06457913666963577,-0.10675349831581116,0.12589077651500702,0.9841670393943787,0,0,0,0,0,0,0,0,0,0,0,0,0,0
7.585702419281006,0,0.0,0.0,0.0,0.0,0.0,0.0,0.0,0.0,0.3,1.3086286783218384,0.20460005104541779,0.3402945101261139,0.06457913666963577,-0.10675349831581116,0.12589077651500702,0.9841670393943787,0,0,0,0,0,0,0,0,0,0,0,0,0,0
7.58709979057312,0,0.0,0.0,0.0,0.0,0.0,0.0,0.0,0.0,0.3,1.3086286783218384,0.20460005104541779,0.3402945101261139,0.06457913666963577,-0.10675349831581116,0.12589077651500702,0.9841670393943787,0,0,0,0,0,0,0,0,0,0,0,0,0,0
7.588400602340698,0,0.0,0.0,0.0,0.0,0.0,0.0,0.0,0.0,0.3,1.3086286783218384,0.20460005104541779,0.3402945101261139,0.06457913666963577,-0.10675349831581116,0.12589077651500702,0.9841670393943787,0,0,0,0,0,0,0,0,0,0,0,0,0,0
7.589510917663574,0,0.0,0.0,0.0,0.0,0.0,0.0,0.0,0.0,0.3,1.3086286783218384,0.20460005104541779,0.3402945101261139,0.06457913666963577,-0.10675349831581116,0.12589077651500702,0.9841670393943787,0,0,0,0,0,0,0,0,0,0,0,0,0,0
7.591132164001465,0,0.0,0.0,0.0,0.0,0.0,0.0,0.0,0.0,0.3,1.3086286783218384,0.20460005104541779,0.3402945101261139,0.06457913666963577,-0.10675349831581116,0.12589077651500702,0.9841670393943787,0,0,0,0,0,0,0,0,0,0,0,0,0,0
7.592355251312256,0,0.0,0.0,0.0,0.0,0.0,0.0,0.0,0.0,0.3,1.3086286783218384,0.20460005104541779,0.3402945101261139,0.06457913666963577,-0.10675349831581116,0.12589077651500702,0.9841670393943787,0,0,0,0,0,0,0,0,0,0,0,0,0,0
7.5935962200164795,0,0.0,0.0,0.0,0.0,0.0,0.0,0.0,0.0,0.3,1.3086286783218384,0.20460005104541779,0.3402945101261139,0.06457913666963577,-0.10675349831581116,0.12589077651500702,0.9841670393943787,0,0,0,0,0,0,0,0,0,0,0,0,0,0
7.594755411148071,0,0.0,0.0,0.0,0.0,0.0,0.0,0.0,0.0,0.3,1.3086286783218384,0.20460005104541779,0.3402945101261139,0.06457913666963577,-0.10675349831581116,0.12589077651500702,0.9841670393943787,0,0,0,0,0,0,0,0,0,0,0,0,0,0
7.595938444137573,0,0.0,0.0,0.0,0.0,0.0,0.0,0.0,0.0,0.3,1.3086286783218384,0.20460005104541779,0.3402945101261139,0.06457913666963577,-0.10675349831581116,0.12589077651500702,0.9841670393943787,0,0,0,0,0,0,0,0,0,0,0,0,0,0
7.598001480102539,0,0.0,0.0,0.0,0.0,0.0,0.0,0.0,0.0,0.3,1.3086286783218384,0.20460005104541779,0.3402945101261139,0.06457913666963577,-0.10675349831581116,0.12589077651500702,0.9841670393943787,0,0,0,0,0,0,0,0,0,0,0,0,0,0
7.599880218505859,0,0.0,0.0,0.0,0.0,0.0,0.0,0.0,0.0,0.3,1.3086286783218384,0.20460005104541779,0.3402945101261139,0.06457913666963577,-0.10675349831581116,0.12589077651500702,0.9841670393943787,0,0,0,0,0,0,0,0,0,0,0,0,0,0
7.60222864151001,0,0.0,0.0,0.0,0.0,0.0,0.0,0.0,0.0,0.3,1.3086286783218384,0.20460005104541779,0.3402945101261139,0.06457913666963577,-0.10675349831581116,0.12589077651500702,0.9841670393943787,0,0,0,0,0,0,0,0,0,0,0,0,0,0
7.603521108627319,0,0.0,0.0,0.0,0.0,0.0,0.0,0.0,0.0,0.3,1.3086286783218384,0.20460005104541779,0.3402945101261139,0.06457913666963577,-0.10675349831581116,0.12589077651500702,0.9841670393943787,0,0,0,0,0,0,0,0,0,0,0,0,0,0
7.605604648590088,0,0.0,0.0,0.0,0.0,0.0,0.0,0.0,0.0,0.3,1.3086286783218384,0.20460005104541779,0.3402945101261139,0.06457913666963577,-0.10675349831581116,0.12589077651500702,0.9841670393943787,0,0,0,0,0,0,0,0,0,0,0,0,0,0
7.606844186782837,0,0.0,0.0,0.0,0.0,0.0,0.0,0.0,0.0,0.3,1.3086286783218384,0.20460005104541779,0.3402945101261139,0.06457913666963577,-0.10675349831581116,0.12589077651500702,0.9841670393943787,0,0,0,0,0,0,0,0,0,0,0,0,0,0
7.608088970184326,0,0.0,0.0,0.0,0.0,0.0,0.0,0.0,0.0,0.3,1.3086286783218384,0.20460005104541779,0.3402945101261139,0.06457913666963577,-0.10675349831581116,0.12589077651500702,0.9841670393943787,0,0,0,0,0,0,0,0,0,0,0,0,0,0
7.610095024108887,0,0.0,0.0,0.0,0.0,0.0,0.0,0.0,0.0,0.3,1.3086286783218384,0.20460005104541779,0.3402945101261139,0.06457913666963577,-0.10675349831581116,0.12589077651500702,0.9841670393943787,0,0,0,0,0,0,0,0,0,0,0,0,0,0
7.611175775527954,0,0.0,0.0,0.0,0.0,0.0,0.0,0.0,0.0,0.3,1.3086286783218384,0.20460005104541779,0.3402945101261139,0.06457913666963577,-0.10675349831581116,0.12589077651500702,0.9841670393943787,0,0,0,0,0,0,0,0,0,0,0,0,0,0
7.613865852355957,0,0.0,0.0,0.0,0.0,0.0,0.0,0.0,0.0,0.3,1.3086286783218384,0.20460005104541779,0.3402945101261139,0.06457913666963577,-0.10675349831581116,0.12589077651500702,0.9841670393943787,0,0,0,0,0,0,0,0,0,0,0,0,0,0
7.615456581115723,0,0.0,0.0,0.0,0.0,0.0,0.0,0.0,0.0,0.3,1.3086286783218384,0.20460005104541779,0.3402945101261139,0.06457913666963577,-0.10675349831581116,0.12589077651500702,0.9841670393943787,0,0,0,0,0,0,0,0,0,0,0,0,0,0
7.617360830307007,0,0.0,0.0,0.0,0.0,0.0,0.0,0.0,0.0,0.3,1.3086286783218384,0.20460005104541779,0.3402945101261139,0.06457913666963577,-0.10675349831581116,0.12589077651500702,0.9841670393943787,0,0,0,0,0,0,0,0,0,0,0,0,0,0
7.618537187576294,0,0.0,0.0,0.0,0.0,0.0,0.0,0.0,0.0,0.3,1.3086286783218384,0.20460005104541779,0.3402945101261139,0.06457913666963577,-0.10675349831581116,0.12589077651500702,0.9841670393943787,0,0,0,0,0,0,0,0,0,0,0,0,0,0
7.620240926742554,0,0.0,0.0,0.0,0.0,0.0,0.0,0.0,0.0,0.3,1.3086286783218384,0.20460005104541779,0.3402945101261139,0.06457913666963577,-0.10675349831581116,0.12589077651500702,0.9841670393943787,0,0,0,0,0,0,0,0,0,0,0,0,0,0
7.621861457824707,0,0.0,0.0,0.0,0.0,0.0,0.0,0.0,0.0,0.3,1.3086286783218384,0.20460005104541779,0.3402945101261139,0.06457913666963577,-0.10675349831581116,0.12589077651500702,0.9841670393943787,0,0,0,0,0,0,0,0,0,0,0,0,0,0
7.6232476234436035,0,0.0,0.0,0.0,0.0,0.0,0.0,0.0,0.0,0.3,1.3086286783218384,0.20460005104541779,0.3402945101261139,0.06457913666963577,-0.10675349831581116,0.12589077651500702,0.9841670393943787,0,0,0,0,0,0,0,0,0,0,0,0,0,0
7.6248674392700195,0,0.0,0.0,0.0,0.0,0.0,0.0,0.0,0.0,0.3,1.3086286783218384,0.20460005104541779,0.3402945101261139,0.06457913666963577,-0.10675349831581116,0.12589077651500702,0.9841670393943787,0,0,0,0,0,0,0,0,0,0,0,0,0,0
7.626554250717163,0,0.0,0.0,0.0,0.0,0.0,0.0,0.0,0.0,0.3,1.3086286783218384,0.20460005104541779,0.3402945101261139,0.06457913666963577,-0.10675349831581116,0.12589077651500702,0.9841670393943787,0,0,0,0,0,0,0,0,0,0,0,0,0,0
7.627665996551514,0,0.0,0.0,0.0,0.0,0.0,0.0,0.0,0.0,0.3,1.3086286783218384,0.20460005104541779,0.3402945101261139,0.06457913666963577,-0.10675349831581116,0.12589077651500702,0.9841670393943787,0,0,0,0,0,0,0,0,0,0,0,0,0,0
7.62893009185791,0,0.0,0.0,0.0,0.0,0.0,0.0,0.0,0.0,0.3,1.3086286783218384,0.20460005104541779,0.3402945101261139,0.06457913666963577,-0.10675349831581116,0.12589077651500702,0.9841670393943787,0,0,0,0,0,0,0,0,0,0,0,0,0,0
7.63041090965271,0,0.0,0.0,0.0,0.0,0.0,0.0,0.0,0.0,0.3,1.3086286783218384,0.20460005104541779,0.3402945101261139,0.06457913666963577,-0.10675349831581116,0.12589077651500702,0.9841670393943787,0,0,0,0,0,0,0,0,0,0,0,0,0,0
7.631498575210571,0,0.0,0.0,0.0,0.0,0.0,0.0,0.0,0.0,0.3,1.3086286783218384,0.20460005104541779,0.3402945101261139,0.06457913666963577,-0.10675349831581116,0.12589077651500702,0.9841670393943787,0,0,0,0,0,0,0,0,0,0,0,0,0,0
7.632760763168335,0,0.0,0.0,0.0,0.0,0.0,0.0,0.0,0.0,0.3,1.3086286783218384,0.20460005104541779,0.3402945101261139,0.06457913666963577,-0.10675349831581116,0.12589077651500702,0.9841670393943787,0,0,0,0,0,0,0,0,0,0,0,0,0,0
7.633826732635498,0,0.0,0.0,0.0,0.0,0.0,0.0,0.0,0.0,0.3,1.3086286783218384,0.20460005104541779,0.3402945101261139,0.06457913666963577,-0.10675349831581116,0.12589077651500702,0.9841670393943787,0,0,0,0,0,0,0,0,0,0,0,0,0,0
7.634899377822876,0,0.0,0.0,0.0,0.0,0.0,0.0,0.0,0.0,0.3,1.3086286783218384,0.20460005104541779,0.3402945101261139,0.06457913666963577,-0.10675349831581116,0.12589077651500702,0.9841670393943787,0,0,0,0,0,0,0,0,0,0,0,0,0,0
7.635958671569824,0,0.0,0.0,0.0,0.0,0.0,0.0,0.0,0.0,0.3,1.3086286783218384,0.20460005104541779,0.3402945101261139,0.06457913666963577,-0.10675349831581116,0.12589077651500702,0.9841670393943787,0,0,0,0,0,0,0,0,0,0,0,0,0,0
7.637017250061035,0,0.0,0.0,0.0,0.0,0.0,0.0,0.0,0.0,0.3,1.3086286783218384,0.20460005104541779,0.3402945101261139,0.06457913666963577,-0.10675349831581116,0.12589077651500702,0.9841670393943787,0,0,0,0,0,0,0,0,0,0,0,0,0,0
7.6382927894592285,0,0.0,0.0,0.0,0.0,0.0,0.0,0.0,0.0,0.3,1.3086286783218384,0.20460005104541779,0.3402945101261139,0.06457913666963577,-0.10675349831581116,0.12589077651500702,0.9841670393943787,0,0,0,0,0,0,0,0,0,0,0,0,0,0
7.639379501342773,0,0.0,0.0,0.0,0.0,0.0,0.0,0.0,0.0,0.3,1.3086286783218384,0.20460005104541779,0.3402945101261139,0.06457913666963577,-0.10675349831581116,0.12589077651500702,0.9841670393943787,0,0,0,0,0,0,0,0,0,0,0,0,0,0
7.640619277954102,0,0.0,0.0,0.0,0.0,0.0,0.0,0.0,0.0,0.3,1.3086286783218384,0.20460005104541779,0.3402945101261139,0.06457913666963577,-0.10675349831581116,0.12589077651500702,0.9841670393943787,0,0,0,0,0,0,0,0,0,0,0,0,0,0
7.642202615737915,0,0.0,0.0,0.0,0.0,0.0,0.0,0.0,0.0,0.3,1.3086286783218384,0.20460005104541779,0.3402945101261139,0.06457913666963577,-0.10675349831581116,0.12589077651500702,0.9841670393943787,0,0,0,0,0,0,0,0,0,0,0,0,0,0
7.643973350524902,0,0.0,0.0,0.0,0.0,0.0,0.0,0.0,0.0,0.3,1.3086286783218384,0.20460005104541779,0.3402945101261139,0.06457913666963577,-0.10675349831581116,0.12589077651500702,0.9841670393943787,0,0,0,0,0,0,0,0,0,0,0,0,0,0
7.64543890953064,0,0.0,0.0,0.0,0.0,0.0,0.0,0.0,0.0,0.3,1.3086286783218384,0.20460005104541779,0.3402945101261139,0.06457913666963577,-0.10675349831581116,0.12589077651500702,0.9841670393943787,0,0,0,0,0,0,0,0,0,0,0,0,0,0
7.646634578704834,0,0.0,0.0,0.0,0.0,0.0,0.0,0.0,0.0,0.3,1.3086286783218384,0.20460005104541779,0.3402945101261139,0.06457913666963577,-0.10675349831581116,0.12589077651500702,0.9841670393943787,0,0,0,0,0,0,0,0,0,0,0,0,0,0
7.648435592651367,0,0.0,0.0,0.0,0.0,0.0,0.0,0.0,0.0,0.3,1.3086286783218384,0.20460005104541779,0.3402945101261139,0.06457913666963577,-0.10675349831581116,0.12589077651500702,0.9841670393943787,0,0,0,0,0,0,0,0,0,0,0,0,0,0
7.650638580322266,0,0.0,0.0,0.0,0.0,0.0,0.0,0.0,0.0,0.3,1.3086286783218384,0.20460005104541779,0.3402945101261139,0.06457913666963577,-0.10675349831581116,0.12589077651500702,0.9841670393943787,0,0,0,0,0,0,0,0,0,0,0,0,0,0
7.651771068572998,0,0.0,0.0,0.0,0.0,0.0,0.0,0.0,0.0,0.3,1.3086286783218384,0.20460005104541779,0.3402945101261139,0.06457913666963577,-0.10675349831581116,0.12589077651500702,0.9841670393943787,0,0,0,0,0,0,0,0,0,0,0,0,0,0
7.653083562850952,0,0.0,0.0,0.0,0.0,0.0,0.0,0.0,0.0,0.3,1.3086286783218384,0.20460005104541779,0.3402945101261139,0.06457913666963577,-0.10675349831581116,0.12589077651500702,0.9841670393943787,0,0,0,0,0,0,0,0,0,0,0,0,0,0
7.6541972160339355,0,0.0,0.0,0.0,0.0,0.0,0.0,0.0,0.0,0.3,1.3086286783218384,0.20460005104541779,0.3402945101261139,0.06457913666963577,-0.10675349831581116,0.12589077651500702,0.9841670393943787,0,0,0,0,0,0,0,0,0,0,0,0,0,0
7.655283212661743,0,0.0,0.0,0.0,0.0,0.0,0.0,0.0,0.0,0.3,1.3086286783218384,0.20460005104541779,0.3402945101261139,0.06457913666963577,-0.10675349831581116,0.12589077651500702,0.9841670393943787,0,0,0,0,0,0,0,0,0,0,0,0,0,0
7.656346797943115,0,0.0,0.0,0.0,0.0,0.0,0.0,0.0,0.0,0.3,1.3086286783218384,0.20460005104541779,0.3402945101261139,0.06457913666963577,-0.10675349831581116,0.12589077651500702,0.9841670393943787,0,0,0,0,0,0,0,0,0,0,0,0,0,0
7.657438516616821,0,0.0,0.0,0.0,0.0,0.0,0.0,0.0,0.0,0.3,1.3086286783218384,0.20460005104541779,0.3402945101261139,0.06457913666963577,-0.10675349831581116,0.12589077651500702,0.9841670393943787,0,0,0,0,0,0,0,0,0,0,0,0,0,0
7.658520698547363,0,0.0,0.0,0.0,0.0,0.0,0.0,0.0,0.0,0.3,1.3086286783218384,0.20460005104541779,0.3402945101261139,0.06457913666963577,-0.10675349831581116,0.12589077651500702,0.9841670393943787,0,0,0,0,0,0,0,0,0,0,0,0,0,0
7.661132574081421,0,0.0,0.0,0.0,0.0,0.0,0.0,0.0,0.0,0.3,1.3086286783218384,0.20460005104541779,0.3402945101261139,0.06457913666963577,-0.10675349831581116,0.12589077651500702,0.9841670393943787,0,0,0,0,0,0,0,0,0,0,0,0,0,0
7.663573741912842,0,0.0,0.0,0.0,0.0,0.0,0.0,0.0,0.0,0.3,1.3086286783218384,0.20460005104541779,0.3402945101261139,0.06457913666963577,-0.10675349831581116,0.12589077651500702,0.9841670393943787,0,0,0,0,0,0,0,0,0,0,0,0,0,0
7.66471004486084,0,0.0,0.0,0.0,0.0,0.0,0.0,0.0,0.0,0.3,1.3086286783218384,0.20460005104541779,0.3402945101261139,0.06457913666963577,-0.10675349831581116,0.12589077651500702,0.9841670393943787,0,0,0,0,0,0,0,0,0,0,0,0,0,0
7.6659016609191895,0,0.0,0.0,0.0,0.0,0.0,0.0,0.0,0.0,0.3,1.3086286783218384,0.20460005104541779,0.3402945101261139,0.06457913666963577,-0.10675349831581116,0.12589077651500702,0.9841670393943787,0,0,0,0,0,0,0,0,0,0,0,0,0,0
7.667324781417847,0,0.0,0.0,0.0,0.0,0.0,0.0,0.0,0.0,0.3,1.3086286783218384,0.20460005104541779,0.3402945101261139,0.06457913666963577,-0.10675349831581116,0.12589077651500702,0.9841670393943787,0,0,0,0,0,0,0,0,0,0,0,0,0,0
7.668804168701172,0,0.0,0.0,0.0,0.0,0.0,0.0,0.0,0.0,0.3,1.3086286783218384,0.20460005104541779,0.3402945101261139,0.06457913666963577,-0.10675349831581116,0.12589077651500702,0.9841670393943787,0,0,0,0,0,0,0,0,0,0,0,0,0,0
7.669875860214233,0,0.0,0.0,0.0,0.0,0.0,0.0,0.0,0.0,0.3,1.3086286783218384,0.20460005104541779,0.3402945101261139,0.06457913666963577,-0.10675349831581116,0.12589077651500702,0.9841670393943787,0,0,0,0,0,0,0,0,0,0,0,0,0,0
7.671777009963989,0,0.0,0.0,0.0,0.0,0.0,0.0,0.0,0.0,0.3,1.3086286783218384,0.20460005104541779,0.3402945101261139,0.06457913666963577,-0.10675349831581116,0.12589077651500702,0.9841670393943787,0,0,0,0,0,0,0,0,0,0,0,0,0,0
7.673079490661621,0,0.0,0.0,0.0,0.0,0.0,0.0,0.0,0.0,0.3,1.3086286783218384,0.20460005104541779,0.3402945101261139,0.06457913666963577,-0.10675349831581116,0.12589077651500702,0.9841670393943787,0,0,0,0,0,0,0,0,0,0,0,0,0,0
7.67590856552124,0,0.0,0.0,0.0,0.0,0.0,0.0,0.0,0.0,0.3,1.3086286783218384,0.20460005104541779,0.3402945101261139,0.06457913666963577,-0.10675349831581116,0.12589077651500702,0.9841670393943787,0,0,0,0,0,0,0,0,0,0,0,0,0,0
7.677461624145508,0,0.0,0.0,0.0,0.0,0.0,0.0,0.0,0.0,0.3,1.3086286783218384,0.20460005104541779,0.3402945101261139,0.06457913666963577,-0.10675349831581116,0.12589077651500702,0.9841670393943787,0,0,0,0,0,0,0,0,0,0,0,0,0,0
7.6791253089904785,0,0.0,0.0,0.0,0.0,0.0,0.0,0.0,0.0,0.3,1.3086286783218384,0.20460005104541779,0.3402945101261139,0.06457913666963577,-0.10675349831581116,0.12589077651500702,0.9841670393943787,0,0,0,0,0,0,0,0,0,0,0,0,0,0
7.68022084236145,0,0.0,0.0,0.0,0.0,0.0,0.0,0.0,0.0,0.3,1.3086286783218384,0.20460005104541779,0.3402945101261139,0.06457913666963577,-0.10675349831581116,0.12589077651500702,0.9841670393943787,0,0,0,0,0,0,0,0,0,0,0,0,0,0
7.681717395782471,0,0.0,0.0,0.0,0.0,0.0,0.0,0.0,0.0,0.3,1.3086286783218384,0.20460005104541779,0.3402945101261139,0.06457913666963577,-0.10675349831581116,0.12589077651500702,0.9841670393943787,0,0,0,0,0,0,0,0,0,0,0,0,0,0
7.683167219161987,0,0.0,0.0,0.0,0.0,0.0,0.0,0.0,0.0,0.3,1.3086286783218384,0.20460005104541779,0.3402945101261139,0.06457913666963577,-0.10675349831581116,0.12589077651500702,0.9841670393943787,0,0,0,0,0,0,0,0,0,0,0,0,0,0
7.684522390365601,0,0.0,0.0,0.0,0.0,0.0,0.0,0.0,0.0,0.3,1.3086286783218384,0.20460005104541779,0.3402945101261139,0.06457913666963577,-0.10675349831581116,0.12589077651500702,0.9841670393943787,0,0,0,0,0,0,0,0,0,0,0,0,0,0
7.685679912567139,0,0.0,0.0,0.0,0.0,0.0,0.0,0.0,0.0,0.3,1.3086286783218384,0.20460005104541779,0.3402945101261139,0.06457913666963577,-0.10675349831581116,0.12589077651500702,0.9841670393943787,0,0,0,0,0,0,0,0,0,0,0,0,0,0
7.687150239944458,0,0.0,0.0,0.0,0.0,0.0,0.0,0.0,0.0,0.3,1.3086286783218384,0.20460005104541779,0.3402945101261139,0.06457913666963577,-0.10675349831581116,0.12589077651500702,0.9841670393943787,0,0,0,0,0,0,0,0,0,0,0,0,0,0
7.688244581222534,0,0.0,0.0,0.0,0.0,0.0,0.0,0.0,0.0,0.3,1.3086286783218384,0.20460005104541779,0.3402945101261139,0.06457913666963577,-0.10675349831581116,0.12589077651500702,0.9841670393943787,0,0,0,0,0,0,0,0,0,0,0,0,0,0
7.6895365715026855,0,0.0,0.0,0.0,0.0,0.0,0.0,0.0,0.0,0.3,1.3086286783218384,0.20460005104541779,0.3402945101261139,0.06457913666963577,-0.10675349831581116,0.12589077651500702,0.9841670393943787,0,0,0,0,0,0,0,0,0,0,0,0,0,0
7.690698146820068,0,0.0,0.0,0.0,0.0,0.0,0.0,0.0,0.0,0.3,1.3086286783218384,0.20460005104541779,0.3402945101261139,0.06457913666963577,-0.10675349831581116,0.12589077651500702,0.9841670393943787,0,0,0,0,0,0,0,0,0,0,0,0,0,0
7.691941499710083,0,0.0,0.0,0.0,0.0,0.0,0.0,0.0,0.0,0.3,1.3086286783218384,0.20460005104541779,0.3402945101261139,0.06457913666963577,-0.10675349831581116,0.12589077651500702,0.9841670393943787,0,0,0,0,0,0,0,0,0,0,0,0,0,0
7.693065643310547,0,0.0,0.0,0.0,0.0,0.0,0.0,0.0,0.0,0.3,1.3086286783218384,0.20460005104541779,0.3402945101261139,0.06457913666963577,-0.10675349831581116,0.12589077651500702,0.9841670393943787,0,0,0,0,0,0,0,0,0,0,0,0,0,0
7.694212198257446,0,0.0,0.0,0.0,0.0,0.0,0.0,0.0,0.0,0.3,1.3086286783218384,0.20460005104541779,0.3402945101261139,0.06457913666963577,-0.10675349831581116,0.12589077651500702,0.9841670393943787,0,0,0,0,0,0,0,0,0,0,0,0,0,0
7.695451498031616,0,0.0,0.0,0.0,0.0,0.0,0.0,0.0,0.0,0.3,1.3086286783218384,0.20460005104541779,0.3402945101261139,0.06457913666963577,-0.10675349831581116,0.12589077651500702,0.9841670393943787,0,0,0,0,0,0,0,0,0,0,0,0,0,0
7.696556568145752,0,0.0,0.0,0.0,0.0,0.0,0.0,0.0,0.0,0.3,1.3086286783218384,0.20460005104541779,0.3402945101261139,0.06457913666963577,-0.10675349831581116,0.12589077651500702,0.9841670393943787,0,0,0,0,0,0,0,0,0,0,0,0,0,0
7.697640419006348,0,0.0,0.0,0.0,0.0,0.0,0.0,0.0,0.0,0.3,1.3086286783218384,0.20460005104541779,0.3402945101261139,0.06457913666963577,-0.10675349831581116,0.12589077651500702,0.9841670393943787,0,0,0,0,0,0,0,0,0,0,0,0,0,0
7.698737144470215,0,0.0,0.0,0.0,0.0,0.0,0.0,0.0,0.0,0.3,1.3086286783218384,0.20460005104541779,0.3402945101261139,0.06457913666963577,-0.10675349831581116,0.12589077651500702,0.9841670393943787,0,0,0,0,0,0,0,0,0,0,0,0,0,0
7.700273036956787,0,0.0,0.0,0.0,0.0,0.0,0.0,0.0,0.0,0.3,1.3086286783218384,0.20460005104541779,0.3402945101261139,0.06457913666963577,-0.10675349831581116,0.12589077651500702,0.9841670393943787,0,0,0,0,0,0,0,0,0,0,0,0,0,0
7.7013468742370605,0,0.0,0.0,0.0,0.0,0.0,0.0,0.0,0.0,0.3,1.3086286783218384,0.20460005104541779,0.3402945101261139,0.06457913666963577,-0.10675349831581116,0.12589077651500702,0.9841670393943787,0,0,0,0,0,0,0,0,0,0,0,0,0,0
7.702783823013306,0,0.0,0.0,0.0,0.0,0.0,0.0,0.0,0.0,0.3,1.3086286783218384,0.20460005104541779,0.3402945101261139,0.06457913666963577,-0.10675349831581116,0.12589077651500702,0.9841670393943787,0,0,0,0,0,0,0,0,0,0,0,0,0,0
7.704166412353516,0,0.0,0.0,0.0,0.0,0.0,0.0,0.0,0.0,0.3,1.3086286783218384,0.20460005104541779,0.3402945101261139,0.06457913666963577,-0.10675349831581116,0.12589077651500702,0.9841670393943787,0,0,0,0,0,0,0,0,0,0,0,0,0,0
7.70548939704895,0,0.0,0.0,0.0,0.0,0.0,0.0,0.0,0.0,0.3,1.3086286783218384,0.20460005104541779,0.3402945101261139,0.06457913666963577,-0.10675349831581116,0.12589077651500702,0.9841670393943787,0,0,0,0,0,0,0,0,0,0,0,0,0,0
7.706556081771851,0,0.0,0.0,0.0,0.0,0.0,0.0,0.0,0.0,0.3,1.3086286783218384,0.20460005104541779,0.3402945101261139,0.06457913666963577,-0.10675349831581116,0.12589077651500702,0.9841670393943787,0,0,0,0,0,0,0,0,0,0,0,0,0,0
7.707883358001709,0,0.0,0.0,0.0,0.0,0.0,0.0,0.0,0.0,0.3,1.3086286783218384,0.20460005104541779,0.3402945101261139,0.06457913666963577,-0.10675349831581116,0.12589077651500702,0.9841670393943787,0,0,0,0,0,0,0,0,0,0,0,0,0,0
7.708939790725708,0,0.0,0.0,0.0,0.0,0.0,0.0,0.0,0.0,0.3,1.3086286783218384,0.20460005104541779,0.3402945101261139,0.06457913666963577,-0.10675349831581116,0.12589077651500702,0.9841670393943787,0,0,0,0,0,0,0,0,0,0,0,0,0,0
7.710005521774292,0,0.0,0.0,0.0,0.0,0.0,0.0,0.0,0.0,0.3,1.3086286783218384,0.20460005104541779,0.3402945101261139,0.06457913666963577,-0.10675349831581116,0.12589077651500702,0.9841670393943787,0,0,0,0,0,0,0,0,0,0,0,0,0,0
7.711080312728882,0,0.0,0.0,0.0,0.0,0.0,0.0,0.0,0.0,0.3,1.3086286783218384,0.20460005104541779,0.3402945101261139,0.06457913666963577,-0.10675349831581116,0.12589077651500702,0.9841670393943787,0,0,0,0,0,0,0,0,0,0,0,0,0,0
7.71234130859375,0,0.0,0.0,0.0,0.0,0.0,0.0,0.0,0.0,0.3,1.3086286783218384,0.20460005104541779,0.3402945101261139,0.06457913666963577,-0.10675349831581116,0.12589077651500702,0.9841670393943787,0,0,0,0,0,0,0,0,0,0,0,0,0,0
7.713660717010498,0,0.0,0.0,0.0,0.0,0.0,0.0,0.0,0.0,0.3,1.3086286783218384,0.20460005104541779,0.3402945101261139,0.06457913666963577,-0.10675349831581116,0.12589077651500702,0.9841670393943787,0,0,0,0,0,0,0,0,0,0,0,0,0,0
7.714988708496094,0,0.0,0.0,0.0,0.0,0.0,0.0,0.0,0.0,0.3,1.3086286783218384,0.20460005104541779,0.3402945101261139,0.06457913666963577,-0.10675349831581116,0.12589077651500702,0.9841670393943787,0,0,0,0,0,0,0,0,0,0,0,0,0,0
7.716107368469238,0,0.0,0.0,0.0,0.0,0.0,0.0,0.0,0.0,0.3,1.3086286783218384,0.20460005104541779,0.3402945101261139,0.06457913666963577,-0.10675349831581116,0.12589077651500702,0.9841670393943787,0,0,0,0,0,0,0,0,0,0,0,0,0,0
7.718144655227661,0,0.0,0.0,0.0,0.0,0.0,0.0,0.0,0.0,0.3,1.3086286783218384,0.20460005104541779,0.3402945101261139,0.06457913666963577,-0.10675349831581116,0.12589077651500702,0.9841670393943787,0,0,0,0,0,0,0,0,0,0,0,0,0,0
7.719259262084961,0,0.0,0.0,0.0,0.0,0.0,0.0,0.0,0.0,0.3,1.3086286783218384,0.20460005104541779,0.3402945101261139,0.06457913666963577,-0.10675349831581116,0.12589077651500702,0.9841670393943787,0,0,0,0,0,0,0,0,0,0,0,0,0,0
7.720505475997925,0,0.0,0.0,0.0,0.0,0.0,0.0,0.0,0.0,0.3,1.3086286783218384,0.20460005104541779,0.3402945101261139,0.06457913666963577,-0.10675349831581116,0.12589077651500702,0.9841670393943787,0,0,0,0,0,0,0,0,0,0,0,0,0,0
7.7217772006988525,0,0.0,0.0,0.0,0.0,0.0,0.0,0.0,0.0,0.3,1.3086286783218384,0.20460005104541779,0.3402945101261139,0.06457913666963577,-0.10675349831581116,0.12589077651500702,0.9841670393943787,0,0,0,0,0,0,0,0,0,0,0,0,0,0
7.722885608673096,0,0.0,0.0,0.0,0.0,0.0,0.0,0.0,0.0,0.3,1.3086286783218384,0.20460005104541779,0.3402945101261139,0.06457913666963577,-0.10675349831581116,0.12589077651500702,0.9841670393943787,0,0,0,0,0,0,0,0,0,0,0,0,0,0
7.724544525146484,0,0.0,0.0,0.0,0.0,0.0,0.0,0.0,0.0,0.3,1.3086286783218384,0.20460005104541779,0.3402945101261139,0.06457913666963577,-0.10675349831581116,0.12589077651500702,0.9841670393943787,0,0,0,0,0,0,0,0,0,0,0,0,0,0
7.725864410400391,0,0.0,0.0,0.0,0.0,0.0,0.0,0.0,0.0,0.3,1.3086286783218384,0.20460005104541779,0.3402945101261139,0.06457913666963577,-0.10675349831581116,0.12589077651500702,0.9841670393943787,0,0,0,0,0,0,0,0,0,0,0,0,0,0
7.727439641952515,0,0.0,0.0,0.0,0.0,0.0,0.0,0.0,0.0,0.3,1.3086286783218384,0.20460005104541779,0.3402945101261139,0.06457913666963577,-0.10675349831581116,0.12589077651500702,0.9841670393943787,0,0,0,0,0,0,0,0,0,0,0,0,0,0
7.728823184967041,0,0.0,0.0,0.0,0.0,0.0,0.0,0.0,0.0,0.3,1.3086286783218384,0.20460005104541779,0.3402945101261139,0.06457913666963577,-0.10675349831581116,0.12589077651500702,0.9841670393943787,0,0,0,0,0,0,0,0,0,0,0,0,0,0
7.729964256286621,0,0.0,0.0,0.0,0.0,0.0,0.0,0.0,0.0,0.3,1.3086286783218384,0.20460005104541779,0.3402945101261139,0.06457913666963577,-0.10675349831581116,0.12589077651500702,0.9841670393943787,0,0,0,0,0,0,0,0,0,0,0,0,0,0
7.7311742305755615,0,0.0,0.0,0.0,0.0,0.0,0.0,0.0,0.0,0.3,1.3086286783218384,0.20460005104541779,0.3402945101261139,0.06457913666963577,-0.10675349831581116,0.12589077651500702,0.9841670393943787,0,0,0,0,0,0,0,0,0,0,0,0,0,0
7.732600450515747,0,0.0,0.0,0.0,0.0,0.0,0.0,0.0,0.0,0.3,1.3086286783218384,0.20460005104541779,0.3402945101261139,0.06457913666963577,-0.10675349831581116,0.12589077651500702,0.9841670393943787,0,0,0,0,0,0,0,0,0,0,0,0,0,0
7.734796047210693,0,0.0,0.0,0.0,0.0,0.0,0.0,0.0,0.0,0.3,1.3086286783218384,0.20460005104541779,0.3402945101261139,0.06457913666963577,-0.10675349831581116,0.12589077651500702,0.9841670393943787,0,0,0,0,0,0,0,0,0,0,0,0,0,0
7.735999584197998,0,0.0,0.0,0.0,0.0,0.0,0.0,0.0,0.0,0.3,1.3086286783218384,0.20460005104541779,0.3402945101261139,0.06457913666963577,-0.10675349831581116,0.12589077651500702,0.9841670393943787,0,0,0,0,0,0,0,0,0,0,0,0,0,0
7.737402439117432,0,0.0,0.0,0.0,0.0,0.0,0.0,0.0,0.0,0.3,1.3086286783218384,0.20460005104541779,0.3402945101261139,0.06457913666963577,-0.10675349831581116,0.12589077651500702,0.9841670393943787,0,0,0,0,0,0,0,0,0,0,0,0,0,0
7.738518238067627,0,0.0,0.0,0.0,0.0,0.0,0.0,0.0,0.0,0.3,1.3086286783218384,0.20460005104541779,0.3402945101261139,0.06457913666963577,-0.10675349831581116,0.12589077651500702,0.9841670393943787,0,0,0,0,0,0,0,0,0,0,0,0,0,0
7.739599704742432,0,0.0,0.0,0.0,0.0,0.0,0.0,0.0,0.0,0.3,1.3086286783218384,0.20460005104541779,0.3402945101261139,0.06457913666963577,-0.10675349831581116,0.12589077651500702,0.9841670393943787,0,0,0,0,0,0,0,0,0,0,0,0,0,0
7.742335319519043,0,0.0,0.0,0.0,0.0,0.0,0.0,0.0,0.0,0.3,1.3086286783218384,0.20460005104541779,0.3402945101261139,0.06457913666963577,-0.10675349831581116,0.12589077651500702,0.9841670393943787,0,0,0,0,0,0,0,0,0,0,0,0,0,0
7.743473768234253,0,0.0,0.0,0.0,0.0,0.0,0.0,0.0,0.0,0.3,1.3086286783218384,0.20460005104541779,0.3402945101261139,0.06457913666963577,-0.10675349831581116,0.12589077651500702,0.9841670393943787,0,0,0,0,0,0,0,0,0,0,0,0,0,0
7.746251344680786,0,0.0,0.0,0.0,0.0,0.0,0.0,0.0,0.0,0.3,1.3086286783218384,0.20460005104541779,0.3402945101261139,0.06457913666963577,-0.10675349831581116,0.12589077651500702,0.9841670393943787,0,0,0,0,0,0,0,0,0,0,0,0,0,0
7.748213768005371,0,0.0,0.0,0.0,0.0,0.0,0.0,0.0,0.0,0.3,1.3086286783218384,0.20460005104541779,0.3402945101261139,0.06457913666963577,-0.10675349831581116,0.12589077651500702,0.9841670393943787,0,0,0,0,0,0,0,0,0,0,0,0,0,0
7.74935507774353,0,0.0,0.0,0.0,0.0,0.0,0.0,0.0,0.0,0.3,1.3086286783218384,0.20460005104541779,0.3402945101261139,0.06457913666963577,-0.10675349831581116,0.12589077651500702,0.9841670393943787,0,0,0,0,0,0,0,0,0,0,0,0,0,0
7.750580787658691,0,0.0,0.0,0.0,0.0,0.0,0.0,0.0,0.0,0.3,1.3086286783218384,0.20460005104541779,0.3402945101261139,0.06457913666963577,-0.10675349831581116,0.12589077651500702,0.9841670393943787,0,0,0,0,0,0,0,0,0,0,0,0,0,0
7.7520012855529785,0,0.0,0.0,0.0,0.0,0.0,0.0,0.0,0.0,0.3,1.3086286783218384,0.20460005104541779,0.3402945101261139,0.06457913666963577,-0.10675349831581116,0.12589077651500702,0.9841670393943787,0,0,0,0,0,0,0,0,0,0,0,0,0,0
7.753252267837524,0,0.0,0.0,0.0,0.0,0.0,0.0,0.0,0.0,0.3,1.3086286783218384,0.20460005104541779,0.3402945101261139,0.06457913666963577,-0.10675349831581116,0.12589077651500702,0.9841670393943787,0,0,0,0,0,0,0,0,0,0,0,0,0,0
7.7543699741363525,0,0.0,0.0,0.0,0.0,0.0,0.0,0.0,0.0,0.3,1.3086286783218384,0.20460005104541779,0.3402945101261139,0.06457913666963577,-0.10675349831581116,0.12589077651500702,0.9841670393943787,0,0,0,0,0,0,0,0,0,0,0,0,0,0
7.755465745925903,0,0.0,0.0,0.0,0.0,0.0,0.0,0.0,0.0,0.3,1.3086286783218384,0.20460005104541779,0.3402945101261139,0.06457913666963577,-0.10675349831581116,0.12589077651500702,0.9841670393943787,0,0,0,0,0,0,0,0,0,0,0,0,0,0
7.756723165512085,0,0.0,0.0,0.0,0.0,0.0,0.0,0.0,0.0,0.3,1.3086286783218384,0.20460005104541779,0.3402945101261139,0.06457913666963577,-0.10675349831581116,0.12589077651500702,0.9841670393943787,0,0,0,0,0,0,0,0,0,0,0,0,0,0
7.757830381393433,0,0.0,0.0,0.0,0.0,0.0,0.0,0.0,0.0,0.3,1.3086286783218384,0.20460005104541779,0.3402945101261139,0.06457913666963577,-0.10675349831581116,0.12589077651500702,0.9841670393943787,0,0,0,0,0,0,0,0,0,0,0,0,0,0
7.758984088897705,0,0.0,0.0,0.0,0.0,0.0,0.0,0.0,0.0,0.3,1.3086286783218384,0.20460005104541779,0.3402945101261139,0.06457913666963577,-0.10675349831581116,0.12589077651500702,0.9841670393943787,0,0,0,0,0,0,0,0,0,0,0,0,0,0
7.760152101516724,0,0.0,0.0,0.0,0.0,0.0,0.0,0.0,0.0,0.3,1.3086286783218384,0.20460005104541779,0.3402945101261139,0.06457913666963577,-0.10675349831581116,0.12589077651500702,0.9841670393943787,0,0,0,0,0,0,0,0,0,0,0,0,0,0
7.761328935623169,0,0.0,0.0,0.0,0.0,0.0,0.0,0.0,0.0,0.3,1.3086286783218384,0.20460005104541779,0.3402945101261139,0.06457913666963577,-0.10675349831581116,0.12589077651500702,0.9841670393943787,0,0,0,0,0,0,0,0,0,0,0,0,0,0
7.762402057647705,0,0.0,0.0,0.0,0.0,0.0,0.0,0.0,0.0,0.3,1.3086286783218384,0.20460005104541779,0.3402945101261139,0.06457913666963577,-0.10675349831581116,0.12589077651500702,0.9841670393943787,0,0,0,0,0,0,0,0,0,0,0,0,0,0
7.7635180950164795,0,0.0,0.0,0.0,0.0,0.0,0.0,0.0,0.0,0.3,1.3086286783218384,0.20460005104541779,0.3402945101261139,0.06457913666963577,-0.10675349831581116,0.12589077651500702,0.9841670393943787,0,0,0,0,0,0,0,0,0,0,0,0,0,0
7.764615774154663,0,0.0,0.0,0.0,0.0,0.0,0.0,0.0,0.0,0.3,1.3086286783218384,0.20460005104541779,0.3402945101261139,0.06457913666963577,-0.10675349831581116,0.12589077651500702,0.9841670393943787,0,0,0,0,0,0,0,0,0,0,0,0,0,0
7.765695095062256,0,0.0,0.0,0.0,0.0,0.0,0.0,0.0,0.0,0.3,1.3086286783218384,0.20460005104541779,0.3402945101261139,0.06457913666963577,-0.10675349831581116,0.12589077651500702,0.9841670393943787,0,0,0,0,0,0,0,0,0,0,0,0,0,0
7.766809940338135,0,0.0,0.0,0.0,0.0,0.0,0.0,0.0,0.0,0.3,1.3086286783218384,0.20460005104541779,0.3402945101261139,0.06457913666963577,-0.10675349831581116,0.12589077651500702,0.9841670393943787,0,0,0,0,0,0,0,0,0,0,0,0,0,0
7.768091201782227,0,0.0,0.0,0.0,0.0,0.0,0.0,0.0,0.0,0.3,1.3086286783218384,0.20460005104541779,0.3402945101261139,0.06457913666963577,-0.10675349831581116,0.12589077651500702,0.9841670393943787,0,0,0,0,0,0,0,0,0,0,0,0,0,0
7.769518136978149,0,0.0,0.0,0.0,0.0,0.0,0.0,0.0,0.0,0.3,1.3086286783218384,0.20460005104541779,0.3402945101261139,0.06457913666963577,-0.10675349831581116,0.12589077651500702,0.9841670393943787,0,0,0,0,0,0,0,0,0,0,0,0,0,0
7.770651817321777,0,0.0,0.0,0.0,0.0,0.0,0.0,0.0,0.0,0.3,1.3086286783218384,0.20460005104541779,0.3402945101261139,0.06457913666963577,-0.10675349831581116,0.12589077651500702,0.9841670393943787,0,0,0,0,0,0,0,0,0,0,0,0,0,0
7.771847486495972,0,0.0,0.0,0.0,0.0,0.0,0.0,0.0,0.0,0.3,1.3086286783218384,0.20460005104541779,0.3402945101261139,0.06457913666963577,-0.10675349831581116,0.12589077651500702,0.9841670393943787,0,0,0,0,0,0,0,0,0,0,0,0,0,0
7.773864269256592,0,0.0,0.0,0.0,0.0,0.0,0.0,0.0,0.0,0.3,1.3086286783218384,0.20460005104541779,0.3402945101261139,0.06457913666963577,-0.10675349831581116,0.12589077651500702,0.9841670393943787,0,0,0,0,0,0,0,0,0,0,0,0,0,0
7.775026082992554,0,0.0,0.0,0.0,0.0,0.0,0.0,0.0,0.0,0.3,1.3086286783218384,0.20460005104541779,0.3402945101261139,0.06457913666963577,-0.10675349831581116,0.12589077651500702,0.9841670393943787,0,0,0,0,0,0,0,0,0,0,0,0,0,0
7.776244163513184,0,0.0,0.0,0.0,0.0,0.0,0.0,0.0,0.0,0.3,1.3086286783218384,0.20460005104541779,0.3402945101261139,0.06457913666963577,-0.10675349831581116,0.12589077651500702,0.9841670393943787,0,0,0,0,0,0,0,0,0,0,0,0,0,0
7.777557373046875,0,0.0,0.0,0.0,0.0,0.0,0.0,0.0,0.0,0.3,1.3086286783218384,0.20460005104541779,0.3402945101261139,0.06457913666963577,-0.10675349831581116,0.12589077651500702,0.9841670393943787,0,0,0,0,0,0,0,0,0,0,0,0,0,0
7.7786712646484375,0,0.0,0.0,0.0,0.0,0.0,0.0,0.0,0.0,0.3,1.3086286783218384,0.20460005104541779,0.3402945101261139,0.06457913666963577,-0.10675349831581116,0.12589077651500702,0.9841670393943787,0,0,0,0,0,0,0,0,0,0,0,0,0,0
7.779749870300293,0,0.0,0.0,0.0,0.0,0.0,0.0,0.0,0.0,0.3,1.3086286783218384,0.20460005104541779,0.3402945101261139,0.06457913666963577,-0.10675349831581116,0.12589077651500702,0.9841670393943787,0,0,0,0,0,0,0,0,0,0,0,0,0,0
7.780864000320435,0,0.0,0.0,0.0,0.0,0.0,0.0,0.0,0.0,0.3,1.3086286783218384,0.20460005104541779,0.3402945101261139,0.06457913666963577,-0.10675349831581116,0.12589077651500702,0.9841670393943787,0,0,0,0,0,0,0,0,0,0,0,0,0,0
7.782158851623535,0,0.0,0.0,0.0,0.0,0.0,0.0,0.0,0.0,0.3,1.3086286783218384,0.20460005104541779,0.3402945101261139,0.06457913666963577,-0.10675349831581116,0.12589077651500702,0.9841670393943787,0,0,0,0,0,0,0,0,0,0,0,0,0,0
7.783254623413086,0,0.0,0.0,0.0,0.0,0.0,0.0,0.0,0.0,0.3,1.3086286783218384,0.20460005104541779,0.3402945101261139,0.06457913666963577,-0.10675349831581116,0.12589077651500702,0.9841670393943787,0,0,0,0,0,0,0,0,0,0,0,0,0,0
7.78441309928894,0,0.0,0.0,0.0,0.0,0.0,0.0,0.0,0.0,0.3,1.3086286783218384,0.20460005104541779,0.3402945101261139,0.06457913666963577,-0.10675349831581116,0.12589077651500702,0.9841670393943787,0,0,0,0,0,0,0,0,0,0,0,0,0,0
7.785485744476318,0,0.0,0.0,0.0,0.0,0.0,0.0,0.0,0.0,0.3,1.3086286783218384,0.20460005104541779,0.3402945101261139,0.06457913666963577,-0.10675349831581116,0.12589077651500702,0.9841670393943787,0,0,0,0,0,0,0,0,0,0,0,0,0,0
7.786641597747803,0,0.0,0.0,0.0,0.0,0.0,0.0,0.0,0.0,0.3,1.3086286783218384,0.20460005104541779,0.3402945101261139,0.06457913666963577,-0.10675349831581116,0.12589077651500702,0.9841670393943787,0,0,0,0,0,0,0,0,0,0,0,0,0,0
7.78780198097229,0,0.0,0.0,0.0,0.0,0.0,0.0,0.0,0.0,0.3,1.3086286783218384,0.20460005104541779,0.3402945101261139,0.06457913666963577,-0.10675349831581116,0.12589077651500702,0.9841670393943787,0,0,0,0,0,0,0,0,0,0,0,0,0,0
7.788989067077637,0,0.0,0.0,0.0,0.0,0.0,0.0,0.0,0.0,0.3,1.3086286783218384,0.20460005104541779,0.3402945101261139,0.06457913666963577,-0.10675349831581116,0.12589077651500702,0.9841670393943787,0,0,0,0,0,0,0,0,0,0,0,0,0,0
7.790205478668213,0,0.0,0.0,0.0,0.0,0.0,0.0,0.0,0.0,0.3,1.3086286783218384,0.20460005104541779,0.3402945101261139,0.06457913666963577,-0.10675349831581116,0.12589077651500702,0.9841670393943787,0,0,0,0,0,0,0,0,0,0,0,0,0,0
7.791479110717773,0,0.0,0.0,0.0,0.0,0.0,0.0,0.0,0.0,0.3,1.3086286783218384,0.20460005104541779,0.3402945101261139,0.06457913666963577,-0.10675349831581116,0.12589077651500702,0.9841670393943787,0,0,0,0,0,0,0,0,0,0,0,0,0,0
7.792763948440552,0,0.0,0.0,0.0,0.0,0.0,0.0,0.0,0.0,0.3,1.3086286783218384,0.20460005104541779,0.3402945101261139,0.06457913666963577,-0.10675349831581116,0.12589077651500702,0.9841670393943787,0,0,0,0,0,0,0,0,0,0,0,0,0,0
7.793909788131714,0,0.0,0.0,0.0,0.0,0.0,0.0,0.0,0.0,0.3,1.3086286783218384,0.20460005104541779,0.3402945101261139,0.06457913666963577,-0.10675349831581116,0.12589077651500702,0.9841670393943787,0,0,0,0,0,0,0,0,0,0,0,0,0,0
7.7951459884643555,0,0.0,0.0,0.0,0.0,0.0,0.0,0.0,0.0,0.3,1.3086286783218384,0.20460005104541779,0.3402945101261139,0.06457913666963577,-0.10675349831581116,0.12589077651500702,0.9841670393943787,0,0,0,0,0,0,0,0,0,0,0,0,0,0
7.796423435211182,0,0.0,0.0,0.0,0.0,0.0,0.0,0.0,0.0,0.3,1.3086286783218384,0.20460005104541779,0.3402945101261139,0.06457913666963577,-0.10675349831581116,0.12589077651500702,0.9841670393943787,0,0,0,0,0,0,0,0,0,0,0,0,0,0
7.797620058059692,0,0.0,0.0,0.0,0.0,0.0,0.0,0.0,0.0,0.3,1.3086286783218384,0.20460005104541779,0.3402945101261139,0.06457913666963577,-0.10675349831581116,0.12589077651500702,0.9841670393943787,0,0,0,0,0,0,0,0,0,0,0,0,0,0
7.798848628997803,0,0.0,0.0,0.0,0.0,0.0,0.0,0.0,0.0,0.3,1.3086286783218384,0.20460005104541779,0.3402945101261139,0.06457913666963577,-0.10675349831581116,0.12589077651500702,0.9841670393943787,0,0,0,0,0,0,0,0,0,0,0,0,0,0
7.800349712371826,0,0.0,0.0,0.0,0.0,0.0,0.0,0.0,0.0,0.3,1.3086286783218384,0.20460005104541779,0.3402945101261139,0.06457913666963577,-0.10675349831581116,0.12589077651500702,0.9841670393943787,0,0,0,0,0,0,0,0,0,0,0,0,0,0
7.801802635192871,0,0.0,0.0,0.0,0.0,0.0,0.0,0.0,0.0,0.3,1.3086286783218384,0.20460005104541779,0.3402945101261139,0.06457913666963577,-0.10675349831581116,0.12589077651500702,0.9841670393943787,0,0,0,0,0,0,0,0,0,0,0,0,0,0
7.8028764724731445,0,0.0,0.0,0.0,0.0,0.0,0.0,0.0,0.0,0.3,1.3086286783218384,0.20460005104541779,0.3402945101261139,0.06457913666963577,-0.10675349831581116,0.12589077651500702,0.9841670393943787,0,0,0,0,0,0,0,0,0,0,0,0,0,0
7.805047512054443,0,0.0,0.0,0.0,0.0,0.0,0.0,0.0,0.0,0.3,1.3086286783218384,0.20460005104541779,0.3402945101261139,0.06457913666963577,-0.10675349831581116,0.12589077651500702,0.9841670393943787,0,0,0,0,0,0,0,0,0,0,0,0,0,0
7.806804656982422,0,0.0,0.0,0.0,0.0,0.0,0.0,0.0,0.0,0.3,1.3086286783218384,0.20460005104541779,0.3402945101261139,0.06457913666963577,-0.10675349831581116,0.12589077651500702,0.9841670393943787,0,0,0,0,0,0,0,0,0,0,0,0,0,0
7.8086957931518555,0,0.0,0.0,0.0,0.0,0.0,0.0,0.0,0.0,0.3,1.3086286783218384,0.20460005104541779,0.3402945101261139,0.06457913666963577,-0.10675349831581116,0.12589077651500702,0.9841670393943787,0,0,0,0,0,0,0,0,0,0,0,0,0,0
7.810081720352173,0,0.0,0.0,0.0,0.0,0.0,0.0,0.0,0.0,0.3,1.3086286783218384,0.20460005104541779,0.3402945101261139,0.06457913666963577,-0.10675349831581116,0.12589077651500702,0.9841670393943787,0,0,0,0,0,0,0,0,0,0,0,0,0,0
7.81137228012085,0,0.0,0.0,0.0,0.0,0.0,0.0,0.0,0.0,0.3,1.3086286783218384,0.20460005104541779,0.3402945101261139,0.06457913666963577,-0.10675349831581116,0.12589077651500702,0.9841670393943787,0,0,0,0,0,0,0,0,0,0,0,0,0,0
7.81246542930603,0,0.0,0.0,0.0,0.0,0.0,0.0,0.0,0.0,0.3,1.3086286783218384,0.20460005104541779,0.3402945101261139,0.06457913666963577,-0.10675349831581116,0.12589077651500702,0.9841670393943787,0,0,0,0,0,0,0,0,0,0,0,0,0,0
7.813540935516357,0,0.0,0.0,0.0,0.0,0.0,0.0,0.0,0.0,0.3,1.3086286783218384,0.20460005104541779,0.3402945101261139,0.06457913666963577,-0.10675349831581116,0.12589077651500702,0.9841670393943787,0,0,0,0,0,0,0,0,0,0,0,0,0,0
7.81464695930481,0,0.0,0.0,0.0,0.0,0.0,0.0,0.0,0.0,0.3,1.3086286783218384,0.20460005104541779,0.3402945101261139,0.06457913666963577,-0.10675349831581116,0.12589077651500702,0.9841670393943787,0,0,0,0,0,0,0,0,0,0,0,0,0,0
7.816058158874512,0,0.0,0.0,0.0,0.0,0.0,0.0,0.0,0.0,0.3,1.3086286783218384,0.20460005104541779,0.3402945101261139,0.06457913666963577,-0.10675349831581116,0.12589077651500702,0.9841670393943787,0,0,0,0,0,0,0,0,0,0,0,0,0,0
7.817244291305542,0,0.0,0.0,0.0,0.0,0.0,0.0,0.0,0.0,0.3,1.3086286783218384,0.20460005104541779,0.3402945101261139,0.06457913666963577,-0.10675349831581116,0.12589077651500702,0.9841670393943787,0,0,0,0,0,0,0,0,0,0,0,0,0,0
7.8183183670043945,0,0.0,0.0,0.0,0.0,0.0,0.0,0.0,0.0,0.3,1.3086286783218384,0.20460005104541779,0.3402945101261139,0.06457913666963577,-0.10675349831581116,0.12589077651500702,0.9841670393943787,0,0,0,0,0,0,0,0,0,0,0,0,0,0
7.8196375370025635,0,0.0,0.0,0.0,0.0,0.0,0.0,0.0,0.0,0.3,1.3086286783218384,0.20460005104541779,0.3402945101261139,0.06457913666963577,-0.10675349831581116,0.12589077651500702,0.9841670393943787,0,0,0,0,0,0,0,0,0,0,0,0,0,0
7.821561813354492,0,0.0,0.0,0.0,0.0,0.0,0.0,0.0,0.0,0.3,1.3086286783218384,0.20460005104541779,0.3402945101261139,0.06457913666963577,-0.10675349831581116,0.12589077651500702,0.9841670393943787,0,0,0,0,0,0,0,0,0,0,0,0,0,0
7.822709798812866,0,0.0,0.0,0.0,0.0,0.0,0.0,0.0,0.0,0.3,1.3086286783218384,0.20460005104541779,0.3402945101261139,0.06457913666963577,-0.10675349831581116,0.12589077651500702,0.9841670393943787,0,0,0,0,0,0,0,0,0,0,0,0,0,0
7.823857307434082,0,0.0,0.0,0.0,0.0,0.0,0.0,0.0,0.0,0.3,1.3086286783218384,0.20460005104541779,0.3402945101261139,0.06457913666963577,-0.10675349831581116,0.12589077651500702,0.9841670393943787,0,0,0,0,0,0,0,0,0,0,0,0,0,0
7.824913024902344,0,0.0,0.0,0.0,0.0,0.0,0.0,0.0,0.0,0.3,1.3086286783218384,0.20460005104541779,0.3402945101261139,0.06457913666963577,-0.10675349831581116,0.12589077651500702,0.9841670393943787,0,0,0,0,0,0,0,0,0,0,0,0,0,0
7.826086759567261,0,0.0,0.0,0.0,0.0,0.0,0.0,0.0,0.0,0.3,1.3086286783218384,0.20460005104541779,0.3402945101261139,0.06457913666963577,-0.10675349831581116,0.12589077651500702,0.9841670393943787,0,0,0,0,0,0,0,0,0,0,0,0,0,0
7.827159643173218,0,0.0,0.0,0.0,0.0,0.0,0.0,0.0,0.0,0.3,1.3086286783218384,0.20460005104541779,0.3402945101261139,0.06457913666963577,-0.10675349831581116,0.12589077651500702,0.9841670393943787,0,0,0,0,0,0,0,0,0,0,0,0,0,0
7.828328609466553,0,0.0,0.0,0.0,0.0,0.0,0.0,0.0,0.0,0.3,1.3086286783218384,0.20460005104541779,0.3402945101261139,0.06457913666963577,-0.10675349831581116,0.12589077651500702,0.9841670393943787,0,0,0,0,0,0,0,0,0,0,0,0,0,0
7.829488515853882,0,0.0,0.0,0.0,0.0,0.0,0.0,0.0,0.0,0.3,1.3086286783218384,0.20460005104541779,0.3402945101261139,0.06457913666963577,-0.10675349831581116,0.12589077651500702,0.9841670393943787,0,0,0,0,0,0,0,0,0,0,0,0,0,0
7.83076548576355,0,0.0,0.0,0.0,0.0,0.0,0.0,0.0,0.0,0.3,1.3086286783218384,0.20460005104541779,0.3402945101261139,0.06457913666963577,-0.10675349831581116,0.12589077651500702,0.9841670393943787,0,0,0,0,0,0,0,0,0,0,0,0,0,0
7.833450078964233,0,0.0,0.0,0.0,0.0,0.0,0.0,0.0,0.0,0.3,1.3086286783218384,0.20460005104541779,0.3402945101261139,0.06457913666963577,-0.10675349831581116,0.12589077651500702,0.9841670393943787,0,0,0,0,0,0,0,0,0,0,0,0,0,0
7.8351171016693115,0,0.0,0.0,0.0,0.0,0.0,0.0,0.0,0.0,0.3,1.3086286783218384,0.20460005104541779,0.3402945101261139,0.06457913666963577,-0.10675349831581116,0.12589077651500702,0.9841670393943787,0,0,0,0,0,0,0,0,0,0,0,0,0,0
7.836629390716553,0,0.0,0.0,0.0,0.0,0.0,0.0,0.0,0.0,0.3,1.3086286783218384,0.20460005104541779,0.3402945101261139,0.06457913666963577,-0.10675349831581116,0.12589077651500702,0.9841670393943787,0,0,0,0,0,0,0,0,0,0,0,0,0,0
7.837955474853516,0,0.0,0.0,0.0,0.0,0.0,0.0,0.0,0.0,0.3,1.3086286783218384,0.20460005104541779,0.3402945101261139,0.06457913666963577,-0.10675349831581116,0.12589077651500702,0.9841670393943787,0,0,0,0,0,0,0,0,0,0,0,0,0,0
7.839796781539917,0,0.0,0.0,0.0,0.0,0.0,0.0,0.0,0.0,0.3,1.3086286783218384,0.20460005104541779,0.3402945101261139,0.06457913666963577,-0.10675349831581116,0.12589077651500702,0.9841670393943787,0,0,0,0,0,0,0,0,0,0,0,0,0,0
7.841125965118408,0,0.0,0.0,0.0,0.0,0.0,0.0,0.0,0.0,0.3,1.3086286783218384,0.20460005104541779,0.3402945101261139,0.06457913666963577,-0.10675349831581116,0.12589077651500702,0.9841670393943787,0,0,0,0,0,0,0,0,0,0,0,0,0,0
7.84229588508606,0,0.0,0.0,0.0,0.0,0.0,0.0,0.0,0.0,0.3,1.3086286783218384,0.20460005104541779,0.3402945101261139,0.06457913666963577,-0.10675349831581116,0.12589077651500702,0.9841670393943787,0,0,0,0,0,0,0,0,0,0,0,0,0,0
7.8434576988220215,0,0.0,0.0,0.0,0.0,0.0,0.0,0.0,0.0,0.3,1.3086286783218384,0.20460005104541779,0.3402945101261139,0.06457913666963577,-0.10675349831581116,0.12589077651500702,0.9841670393943787,0,0,0,0,0,0,0,0,0,0,0,0,0,0
7.844876527786255,0,0.0,0.0,0.0,0.0,0.0,0.0,0.0,0.0,0.3,1.3086286783218384,0.20460005104541779,0.3402945101261139,0.06457913666963577,-0.10675349831581116,0.12589077651500702,0.9841670393943787,0,0,0,0,0,0,0,0,0,0,0,0,0,0
7.845983266830444,0,0.0,0.0,0.0,0.0,0.0,0.0,0.0,0.0,0.3,1.3086286783218384,0.20460005104541779,0.3402945101261139,0.06457913666963577,-0.10675349831581116,0.12589077651500702,0.9841670393943787,0,0,0,0,0,0,0,0,0,0,0,0,0,0
7.847158908843994,0,0.0,0.0,0.0,0.0,0.0,0.0,0.0,0.0,0.3,1.3086286783218384,0.20460005104541779,0.3402945101261139,0.06457913666963577,-0.10675349831581116,0.12589077651500702,0.9841670393943787,0,0,0,0,0,0,0,0,0,0,0,0,0,0
7.8483264446258545,0,0.0,0.0,0.0,0.0,0.0,0.0,0.0,0.0,0.3,1.3086286783218384,0.20460005104541779,0.3402945101261139,0.06457913666963577,-0.10675349831581116,0.12589077651500702,0.9841670393943787,0,0,0,0,0,0,0,0,0,0,0,0,0,0
7.8497161865234375,0,0.0,0.0,0.0,0.0,0.0,0.0,0.0,0.0,0.3,1.3086286783218384,0.20460005104541779,0.3402945101261139,0.06457913666963577,-0.10675349831581116,0.12589077651500702,0.9841670393943787,0,0,0,0,0,0,0,0,0,0,0,0,0,0
7.851542949676514,0,0.0,0.0,0.0,0.0,0.0,0.0,0.0,0.0,0.3,1.3086286783218384,0.20460005104541779,0.3402945101261139,0.06457913666963577,-0.10675349831581116,0.12589077651500702,0.9841670393943787,0,0,0,0,0,0,0,0,0,0,0,0,0,0
7.852776765823364,0,0.0,0.0,0.0,0.0,0.0,0.0,0.0,0.0,0.3,1.3086286783218384,0.20460005104541779,0.3402945101261139,0.06457913666963577,-0.10675349831581116,0.12589077651500702,0.9841670393943787,0,0,0,0,0,0,0,0,0,0,0,0,0,0
7.85445237159729,0,0.0,0.0,0.0,0.0,0.0,0.0,0.0,0.0,0.3,1.3086286783218384,0.20460005104541779,0.3402945101261139,0.06457913666963577,-0.10675349831581116,0.12589077651500702,0.9841670393943787,0,0,0,0,0,0,0,0,0,0,0,0,0,0
7.855742692947388,0,0.0,0.0,0.0,0.0,0.0,0.0,0.0,0.0,0.3,1.3086286783218384,0.20460005104541779,0.3402945101261139,0.06457913666963577,-0.10675349831581116,0.12589077651500702,0.9841670393943787,0,0,0,0,0,0,0,0,0,0,0,0,0,0
7.857097148895264,0,0.0,0.0,0.0,0.0,0.0,0.0,0.0,0.0,0.3,1.3086286783218384,0.20460005104541779,0.3402945101261139,0.06457913666963577,-0.10675349831581116,0.12589077651500702,0.9841670393943787,0,0,0,0,0,0,0,0,0,0,0,0,0,0
7.858469247817993,0,0.0,0.0,0.0,0.0,0.0,0.0,0.0,0.0,0.3,1.3086286783218384,0.20460005104541779,0.3402945101261139,0.06457913666963577,-0.10675349831581116,0.12589077651500702,0.9841670393943787,0,0,0,0,0,0,0,0,0,0,0,0,0,0
7.85986590385437,0,0.0,0.0,0.0,0.0,0.0,0.0,0.0,0.0,0.3,1.3086286783218384,0.20460005104541779,0.3402945101261139,0.06457913666963577,-0.10675349831581116,0.12589077651500702,0.9841670393943787,0,0,0,0,0,0,0,0,0,0,0,0,0,0
7.861198425292969,0,0.0,0.0,0.0,0.0,0.0,0.0,0.0,0.0,0.3,1.3086286783218384,0.20460005104541779,0.3402945101261139,0.06457913666963577,-0.10675349831581116,0.12589077651500702,0.9841670393943787,0,0,0,0,0,0,0,0,0,0,0,0,0,0
7.862930774688721,0,0.0,0.0,0.0,0.0,0.0,0.0,0.0,0.0,0.3,1.3086286783218384,0.20460005104541779,0.3402945101261139,0.06457913666963577,-0.10675349831581116,0.12589077651500702,0.9841670393943787,0,0,0,0,0,0,0,0,0,0,0,0,0,0
7.864173412322998,0,0.0,0.0,0.0,0.0,0.0,0.0,0.0,0.0,0.3,1.3086286783218384,0.20460005104541779,0.3402945101261139,0.06457913666963577,-0.10675349831581116,0.12589077651500702,0.9841670393943787,0,0,0,0,0,0,0,0,0,0,0,0,0,0
7.86525821685791,0,0.0,0.0,0.0,0.0,0.0,0.0,0.0,0.0,0.3,1.3086286783218384,0.20460005104541779,0.3402945101261139,0.06457913666963577,-0.10675349831581116,0.12589077651500702,0.9841670393943787,0,0,0,0,0,0,0,0,0,0,0,0,0,0
7.867419004440308,0,0.0,0.0,0.0,0.0,0.0,0.0,0.0,0.0,0.3,1.3086286783218384,0.20460005104541779,0.3402945101261139,0.06457913666963577,-0.10675349831581116,0.12589077651500702,0.9841670393943787,0,0,0,0,0,0,0,0,0,0,0,0,0,0
7.869232892990112,0,0.0,0.0,0.0,0.0,0.0,0.0,0.0,0.0,0.3,1.3086286783218384,0.20460005104541779,0.3402945101261139,0.06457913666963577,-0.10675349831581116,0.12589077651500702,0.9841670393943787,0,0,0,0,0,0,0,0,0,0,0,0,0,0
7.870435476303101,0,0.0,0.0,0.0,0.0,0.0,0.0,0.0,0.0,0.3,1.3086286783218384,0.20460005104541779,0.3402945101261139,0.06457913666963577,-0.10675349831581116,0.12589077651500702,0.9841670393943787,0,0,0,0,0,0,0,0,0,0,0,0,0,0
7.872015714645386,0,0.0,0.0,0.0,0.0,0.0,0.0,0.0,0.0,0.3,1.3086286783218384,0.20460005104541779,0.3402945101261139,0.06457913666963577,-0.10675349831581116,0.12589077651500702,0.9841670393943787,0,0,0,0,0,0,0,0,0,0,0,0,0,0
7.873087644577026,0,0.0,0.0,0.0,0.0,0.0,0.0,0.0,0.0,0.3,1.3086286783218384,0.20460005104541779,0.3402945101261139,0.06457913666963577,-0.10675349831581116,0.12589077651500702,0.9841670393943787,0,0,0,0,0,0,0,0,0,0,0,0,0,0
7.874321460723877,0,0.0,0.0,0.0,0.0,0.0,0.0,0.0,0.0,0.3,1.3086286783218384,0.20460005104541779,0.3402945101261139,0.06457913666963577,-0.10675349831581116,0.12589077651500702,0.9841670393943787,0,0,0,0,0,0,0,0,0,0,0,0,0,0
7.875524520874023,0,0.0,0.0,0.0,0.0,0.0,0.0,0.0,0.0,0.3,1.3086286783218384,0.20460005104541779,0.3402945101261139,0.06457913666963577,-0.10675349831581116,0.12589077651500702,0.9841670393943787,0,0,0,0,0,0,0,0,0,0,0,0,0,0
7.877010822296143,0,0.0,0.0,0.0,0.0,0.0,0.0,0.0,0.0,0.3,1.3086286783218384,0.20460005104541779,0.3402945101261139,0.06457913666963577,-0.10675349831581116,0.12589077651500702,0.9841670393943787,0,0,0,0,0,0,0,0,0,0,0,0,0,0
7.879096746444702,0,0.0,0.0,0.0,0.0,0.0,0.0,0.0,0.0,0.3,1.3086286783218384,0.20460005104541779,0.3402945101261139,0.06457913666963577,-0.10675349831581116,0.12589077651500702,0.9841670393943787,0,0,0,0,0,0,0,0,0,0,0,0,0,0
7.8807148933410645,0,0.0,0.0,0.0,0.0,0.0,0.0,0.0,0.0,0.3,1.3086286783218384,0.20460005104541779,0.3402945101261139,0.06457913666963577,-0.10675349831581116,0.12589077651500702,0.9841670393943787,0,0,0,0,0,0,0,0,0,0,0,0,0,0
7.8818347454071045,0,0.0,0.0,0.0,0.0,0.0,0.0,0.0,0.0,0.3,1.3086286783218384,0.20460005104541779,0.3402945101261139,0.06457913666963577,-0.10675349831581116,0.12589077651500702,0.9841670393943787,0,0,0,0,0,0,0,0,0,0,0,0,0,0
7.882948875427246,0,0.0,0.0,0.0,0.0,0.0,0.0,0.0,0.0,0.3,1.3086286783218384,0.20460005104541779,0.3402945101261139,0.06457913666963577,-0.10675349831581116,0.12589077651500702,0.9841670393943787,0,0,0,0,0,0,0,0,0,0,0,0,0,0
7.884468078613281,0,0.0,0.0,0.0,0.0,0.0,0.0,0.0,0.0,0.3,1.3086286783218384,0.20460005104541779,0.3402945101261139,0.06457913666963577,-0.10675349831581116,0.12589077651500702,0.9841670393943787,0,0,0,0,0,0,0,0,0,0,0,0,0,0
7.885690212249756,0,0.0,0.0,0.0,0.0,0.0,0.0,0.0,0.0,0.3,1.3086286783218384,0.20460005104541779,0.3402945101261139,0.06457913666963577,-0.10675349831581116,0.12589077651500702,0.9841670393943787,0,0,0,0,0,0,0,0,0,0,0,0,0,0
7.886766672134399,0,0.0,0.0,0.0,0.0,0.0,0.0,0.0,0.0,0.3,1.3086286783218384,0.20460005104541779,0.3402945101261139,0.06457913666963577,-0.10675349831581116,0.12589077651500702,0.9841670393943787,0,0,0,0,0,0,0,0,0,0,0,0,0,0
7.887853384017944,0,0.0,0.0,0.0,0.0,0.0,0.0,0.0,0.0,0.3,1.3086286783218384,0.20460005104541779,0.3402945101261139,0.06457913666963577,-0.10675349831581116,0.12589077651500702,0.9841670393943787,0,0,0,0,0,0,0,0,0,0,0,0,0,0
7.888946533203125,0,0.0,0.0,0.0,0.0,0.0,0.0,0.0,0.0,0.3,1.3086286783218384,0.20460005104541779,0.3402945101261139,0.06457913666963577,-0.10675349831581116,0.12589077651500702,0.9841670393943787,0,0,0,0,0,0,0,0,0,0,0,0,0,0
7.890050888061523,0,0.0,0.0,0.0,0.0,0.0,0.0,0.0,0.0,0.3,1.3086286783218384,0.20460005104541779,0.3402945101261139,0.06457913666963577,-0.10675349831581116,0.12589077651500702,0.9841670393943787,0,0,0,0,0,0,0,0,0,0,0,0,0,0
7.891217947006226,0,0.0,0.0,0.0,0.0,0.0,0.0,0.0,0.0,0.3,1.3086286783218384,0.20460005104541779,0.3402945101261139,0.06457913666963577,-0.10675349831581116,0.12589077651500702,0.9841670393943787,0,0,0,0,0,0,0,0,0,0,0,0,0,0
7.892611742019653,0,0.0,0.0,0.0,0.0,0.0,0.0,0.0,0.0,0.3,1.3086286783218384,0.20460005104541779,0.3402945101261139,0.06457913666963577,-0.10675349831581116,0.12589077651500702,0.9841670393943787,0,0,0,0,0,0,0,0,0,0,0,0,0,0
7.893686771392822,0,0.0,0.0,0.0,0.0,0.0,0.0,0.0,0.0,0.3,1.3086286783218384,0.20460005104541779,0.3402945101261139,0.06457913666963577,-0.10675349831581116,0.12589077651500702,0.9841670393943787,0,0,0,0,0,0,0,0,0,0,0,0,0,0
7.894906759262085,0,0.0,0.0,0.0,0.0,0.0,0.0,0.0,0.0,0.3,1.3086286783218384,0.20460005104541779,0.3402945101261139,0.06457913666963577,-0.10675349831581116,0.12589077651500702,0.9841670393943787,0,0,0,0,0,0,0,0,0,0,0,0,0,0
7.8962132930755615,0,0.0,0.0,0.0,0.0,0.0,0.0,0.0,0.0,0.3,1.3086286783218384,0.20460005104541779,0.3402945101261139,0.06457913666963577,-0.10675349831581116,0.12589077651500702,0.9841670393943787,0,0,0,0,0,0,0,0,0,0,0,0,0,0
7.8976287841796875,0,0.0,0.0,0.0,0.0,0.0,0.0,0.0,0.0,0.3,1.3086286783218384,0.20460005104541779,0.3402945101261139,0.06457913666963577,-0.10675349831581116,0.12589077651500702,0.9841670393943787,0,0,0,0,0,0,0,0,0,0,0,0,0,0
7.8992600440979,0,0.0,0.0,0.0,0.0,0.0,0.0,0.0,0.0,0.3,1.3086286783218384,0.20460005104541779,0.3402945101261139,0.06457913666963577,-0.10675349831581116,0.12589077651500702,0.9841670393943787,0,0,0,0,0,0,0,0,0,0,0,0,0,0
7.900438070297241,0,0.0,0.0,0.0,0.0,0.0,0.0,0.0,0.0,0.3,1.3086286783218384,0.20460005104541779,0.3402945101261139,0.06457913666963577,-0.10675349831581116,0.12589077651500702,0.9841670393943787,0,0,0,0,0,0,0,0,0,0,0,0,0,0
7.90177845954895,0,0.0,0.0,0.0,0.0,0.0,0.0,0.0,0.0,0.3,1.3086286783218384,0.20460005104541779,0.3402945101261139,0.06457913666963577,-0.10675349831581116,0.12589077651500702,0.9841670393943787,0,0,0,0,0,0,0,0,0,0,0,0,0,0
7.902833938598633,0,0.0,0.0,0.0,0.0,0.0,0.0,0.0,0.0,0.3,1.3086286783218384,0.20460005104541779,0.3402945101261139,0.06457913666963577,-0.10675349831581116,0.12589077651500702,0.9841670393943787,0,0,0,0,0,0,0,0,0,0,0,0,0,0
7.903982400894165,0,0.0,0.0,0.0,0.0,0.0,0.0,0.0,0.0,0.3,1.3086286783218384,0.20460005104541779,0.3402945101261139,0.06457913666963577,-0.10675349831581116,0.12589077651500702,0.9841670393943787,0,0,0,0,0,0,0,0,0,0,0,0,0,0
7.9051513671875,0,0.0,0.0,0.0,0.0,0.0,0.0,0.0,0.0,0.3,1.3086286783218384,0.20460005104541779,0.3402945101261139,0.06457913666963577,-0.10675349831581116,0.12589077651500702,0.9841670393943787,0,0,0,0,0,0,0,0,0,0,0,0,0,0
7.906275987625122,0,0.0,0.0,0.0,0.0,0.0,0.0,0.0,0.0,0.3,1.3086286783218384,0.20460005104541779,0.3402945101261139,0.06457913666963577,-0.10675349831581116,0.12589077651500702,0.9841670393943787,0,0,0,0,0,0,0,0,0,0,0,0,0,0
7.907756805419922,0,0.0,0.0,0.0,0.0,0.0,0.0,0.0,0.0,0.3,1.3086286783218384,0.20460005104541779,0.3402945101261139,0.06457913666963577,-0.10675349831581116,0.12589077651500702,0.9841670393943787,0,0,0,0,0,0,0,0,0,0,0,0,0,0
7.908861398696899,0,0.0,0.0,0.0,0.0,0.0,0.0,0.0,0.0,0.3,1.3086286783218384,0.20460005104541779,0.3402945101261139,0.06457913666963577,-0.10675349831581116,0.12589077651500702,0.9841670393943787,0,0,0,0,0,0,0,0,0,0,0,0,0,0
7.909917116165161,0,0.0,0.0,0.0,0.0,0.0,0.0,0.0,0.0,0.3,1.3086286783218384,0.20460005104541779,0.3402945101261139,0.06457913666963577,-0.10675349831581116,0.12589077651500702,0.9841670393943787,0,0,0,0,0,0,0,0,0,0,0,0,0,0
7.911751985549927,0,0.0,0.0,0.0,0.0,0.0,0.0,0.0,0.0,0.3,1.3086286783218384,0.20460005104541779,0.3402945101261139,0.06457913666963577,-0.10675349831581116,0.12589077651500702,0.9841670393943787,0,0,0,0,0,0,0,0,0,0,0,0,0,0
7.912935256958008,0,0.0,0.0,0.0,0.0,0.0,0.0,0.0,0.0,0.3,1.3086286783218384,0.20460005104541779,0.3402945101261139,0.06457913666963577,-0.10675349831581116,0.12589077651500702,0.9841670393943787,0,0,0,0,0,0,0,0,0,0,0,0,0,0
7.914352178573608,0,0.0,0.0,0.0,0.0,0.0,0.0,0.0,0.0,0.3,1.3086286783218384,0.20460005104541779,0.3402945101261139,0.06457913666963577,-0.10675349831581116,0.12589077651500702,0.9841670393943787,0,0,0,0,0,0,0,0,0,0,0,0,0,0
7.915427923202515,0,0.0,0.0,0.0,0.0,0.0,0.0,0.0,0.0,0.3,1.3086286783218384,0.20460005104541779,0.3402945101261139,0.06457913666963577,-0.10675349831581116,0.12589077651500702,0.9841670393943787,0,0,0,0,0,0,0,0,0,0,0,0,0,0
7.916545867919922,0,0.0,0.0,0.0,0.0,0.0,0.0,0.0,0.0,0.3,1.3086286783218384,0.20460005104541779,0.3402945101261139,0.06457913666963577,-0.10675349831581116,0.12589077651500702,0.9841670393943787,0,0,0,0,0,0,0,0,0,0,0,0,0,0
7.918215751647949,0,0.0,0.0,0.0,0.0,0.0,0.0,0.0,0.0,0.3,1.3086286783218384,0.20460005104541779,0.3402945101261139,0.06457913666963577,-0.10675349831581116,0.12589077651500702,0.9841670393943787,0,0,0,0,0,0,0,0,0,0,0,0,0,0
7.919478416442871,0,0.0,0.0,0.0,0.0,0.0,0.0,0.0,0.0,0.3,1.3086286783218384,0.20460005104541779,0.3402945101261139,0.06457913666963577,-0.10675349831581116,0.12589077651500702,0.9841670393943787,0,0,0,0,0,0,0,0,0,0,0,0,0,0
7.921239852905273,0,0.0,0.0,0.0,0.0,0.0,0.0,0.0,0.0,0.3,1.3086286783218384,0.20460005104541779,0.3402945101261139,0.06457913666963577,-0.10675349831581116,0.12589077651500702,0.9841670393943787,0,0,0,0,0,0,0,0,0,0,0,0,0,0
7.922484874725342,0,0.0,0.0,0.0,0.0,0.0,0.0,0.0,0.0,0.3,1.3086286783218384,0.20460005104541779,0.3402945101261139,0.06457913666963577,-0.10675349831581116,0.12589077651500702,0.9841670393943787,0,0,0,0,0,0,0,0,0,0,0,0,0,0
7.9242846965789795,0,0.0,0.0,0.0,0.0,0.0,0.0,0.0,0.0,0.3,1.3086286783218384,0.20460005104541779,0.3402945101261139,0.06457913666963577,-0.10675349831581116,0.12589077651500702,0.9841670393943787,0,0,0,0,0,0,0,0,0,0,0,0,0,0
7.925423860549927,0,0.0,0.0,0.0,0.0,0.0,0.0,0.0,0.0,0.3,1.3086286783218384,0.20460005104541779,0.3402945101261139,0.06457913666963577,-0.10675349831581116,0.12589077651500702,0.9841670393943787,0,0,0,0,0,0,0,0,0,0,0,0,0,0
7.926572799682617,0,0.0,0.0,0.0,0.0,0.0,0.0,0.0,0.0,0.3,1.3086286783218384,0.20460005104541779,0.3402945101261139,0.06457913666963577,-0.10675349831581116,0.12589077651500702,0.9841670393943787,0,0,0,0,0,0,0,0,0,0,0,0,0,0
7.927675008773804,0,0.0,0.0,0.0,0.0,0.0,0.0,0.0,0.0,0.3,1.3086286783218384,0.20460005104541779,0.3402945101261139,0.06457913666963577,-0.10675349831581116,0.12589077651500702,0.9841670393943787,0,0,0,0,0,0,0,0,0,0,0,0,0,0
7.92929482460022,0,0.0,0.0,0.0,0.0,0.0,0.0,0.0,0.0,0.3,1.3086286783218384,0.20460005104541779,0.3402945101261139,0.06457913666963577,-0.10675349831581116,0.12589077651500702,0.9841670393943787,0,0,0,0,0,0,0,0,0,0,0,0,0,0
7.930410861968994,0,0.0,0.0,0.0,0.0,0.0,0.0,0.0,0.0,0.3,1.3086286783218384,0.20460005104541779,0.3402945101261139,0.06457913666963577,-0.10675349831581116,0.12589077651500702,0.9841670393943787,0,0,0,0,0,0,0,0,0,0,0,0,0,0
7.931922674179077,0,0.0,0.0,0.0,0.0,0.0,0.0,0.0,0.0,0.3,1.3086286783218384,0.20460005104541779,0.3402945101261139,0.06457913666963577,-0.10675349831581116,0.12589077651500702,0.9841670393943787,0,0,0,0,0,0,0,0,0,0,0,0,0,0
7.9335103034973145,0,0.0,0.0,0.0,0.0,0.0,0.0,0.0,0.0,0.3,1.3086286783218384,0.20460005104541779,0.3402945101261139,0.06457913666963577,-0.10675349831581116,0.12589077651500702,0.9841670393943787,0,0,0,0,0,0,0,0,0,0,0,0,0,0
7.9351184368133545,0,0.0,0.0,0.0,0.0,0.0,0.0,0.0,0.0,0.3,1.3086286783218384,0.20460005104541779,0.3402945101261139,0.06457913666963577,-0.10675349831581116,0.12589077651500702,0.9841670393943787,0,0,0,0,0,0,0,0,0,0,0,0,0,0
7.9371466636657715,0,0.0,0.0,0.0,0.0,0.0,0.0,0.0,0.0,0.3,1.3086286783218384,0.20460005104541779,0.3402945101261139,0.06457913666963577,-0.10675349831581116,0.12589077651500702,0.9841670393943787,0,0,0,0,0,0,0,0,0,0,0,0,0,0
7.938570737838745,0,0.0,0.0,0.0,0.0,0.0,0.0,0.0,0.0,0.3,1.3086286783218384,0.20460005104541779,0.3402945101261139,0.06457913666963577,-0.10675349831581116,0.12589077651500702,0.9841670393943787,0,0,0,0,0,0,0,0,0,0,0,0,0,0
7.939793825149536,0,0.0,0.0,0.0,0.0,0.0,0.0,0.0,0.0,0.3,1.3086286783218384,0.20460005104541779,0.3402945101261139,0.06457913666963577,-0.10675349831581116,0.12589077651500702,0.9841670393943787,0,0,0,0,0,0,0,0,0,0,0,0,0,0
7.940857172012329,0,0.0,0.0,0.0,0.0,0.0,0.0,0.0,0.0,0.3,1.3086286783218384,0.20460005104541779,0.3402945101261139,0.06457913666963577,-0.10675349831581116,0.12589077651500702,0.9841670393943787,0,0,0,0,0,0,0,0,0,0,0,0,0,0
7.942375421524048,0,0.0,0.0,0.0,0.0,0.0,0.0,0.0,0.0,0.3,1.3086286783218384,0.20460005104541779,0.3402945101261139,0.06457913666963577,-0.10675349831581116,0.12589077651500702,0.9841670393943787,0,0,0,0,0,0,0,0,0,0,0,0,0,0
7.943675756454468,0,0.0,0.0,0.0,0.0,0.0,0.0,0.0,0.0,0.3,1.3086286783218384,0.20460005104541779,0.3402945101261139,0.06457913666963577,-0.10675349831581116,0.12589077651500702,0.9841670393943787,0,0,0,0,0,0,0,0,0,0,0,0,0,0
7.945235252380371,0,0.0,0.0,0.0,0.0,0.0,0.0,0.0,0.0,0.3,1.3086286783218384,0.20460005104541779,0.3402945101261139,0.06457913666963577,-0.10675349831581116,0.12589077651500702,0.9841670393943787,0,0,0,0,0,0,0,0,0,0,0,0,0,0
7.946969985961914,0,0.0,0.0,0.0,0.0,0.0,0.0,0.0,0.0,0.3,1.3086286783218384,0.20460005104541779,0.3402945101261139,0.06457913666963577,-0.10675349831581116,0.12589077651500702,0.9841670393943787,0,0,0,0,0,0,0,0,0,0,0,0,0,0
7.948060512542725,0,0.0,0.0,0.0,0.0,0.0,0.0,0.0,0.0,0.3,1.3086286783218384,0.20460005104541779,0.3402945101261139,0.06457913666963577,-0.10675349831581116,0.12589077651500702,0.9841670393943787,0,0,0,0,0,0,0,0,0,0,0,0,0,0
7.949147701263428,0,0.0,0.0,0.0,0.0,0.0,0.0,0.0,0.0,0.3,1.3086286783218384,0.20460005104541779,0.3402945101261139,0.06457913666963577,-0.10675349831581116,0.12589077651500702,0.9841670393943787,0,0,0,0,0,0,0,0,0,0,0,0,0,0
7.9502112865448,0,0.0,0.0,0.0,0.0,0.0,0.0,0.0,0.0,0.3,1.3086286783218384,0.20460005104541779,0.3402945101261139,0.06457913666963577,-0.10675349831581116,0.12589077651500702,0.9841670393943787,0,0,0,0,0,0,0,0,0,0,0,0,0,0
7.951273202896118,0,0.0,0.0,0.0,0.0,0.0,0.0,0.0,0.0,0.3,1.3086286783218384,0.20460005104541779,0.3402945101261139,0.06457913666963577,-0.10675349831581116,0.12589077651500702,0.9841670393943787,0,0,0,0,0,0,0,0,0,0,0,0,0,0
7.95309042930603,0,0.0,0.0,0.0,0.0,0.0,0.0,0.0,0.0,0.3,1.3086286783218384,0.20460005104541779,0.3402945101261139,0.06457913666963577,-0.10675349831581116,0.12589077651500702,0.9841670393943787,0,0,0,0,0,0,0,0,0,0,0,0,0,0
7.954230785369873,0,0.0,0.0,0.0,0.0,0.0,0.0,0.0,0.0,0.3,1.3086286783218384,0.20460005104541779,0.3402945101261139,0.06457913666963577,-0.10675349831581116,0.12589077651500702,0.9841670393943787,0,0,0,0,0,0,0,0,0,0,0,0,0,0
7.955459117889404,0,0.0,0.0,0.0,0.0,0.0,0.0,0.0,0.0,0.3,1.3086286783218384,0.20460005104541779,0.3402945101261139,0.06457913666963577,-0.10675349831581116,0.12589077651500702,0.9841670393943787,0,0,0,0,0,0,0,0,0,0,0,0,0,0
7.956646680831909,0,0.0,0.0,0.0,0.0,0.0,0.0,0.0,0.0,0.3,1.3086286783218384,0.20460005104541779,0.3402945101261139,0.06457913666963577,-0.10675349831581116,0.12589077651500702,0.9841670393943787,0,0,0,0,0,0,0,0,0,0,0,0,0,0
7.957736015319824,0,0.0,0.0,0.0,0.0,0.0,0.0,0.0,0.0,0.3,1.3086286783218384,0.20460005104541779,0.3402945101261139,0.06457913666963577,-0.10675349831581116,0.12589077651500702,0.9841670393943787,0,0,0,0,0,0,0,0,0,0,0,0,0,0
7.958915710449219,0,0.0,0.0,0.0,0.0,0.0,0.0,0.0,0.0,0.3,1.3086286783218384,0.20460005104541779,0.3402945101261139,0.06457913666963577,-0.10675349831581116,0.12589077651500702,0.9841670393943787,0,0,0,0,0,0,0,0,0,0,0,0,0,0
7.960309982299805,0,0.0,0.0,0.0,0.0,0.0,0.0,0.0,0.0,0.3,1.3086286783218384,0.20460005104541779,0.3402945101261139,0.06457913666963577,-0.10675349831581116,0.12589077651500702,0.9841670393943787,0,0,0,0,0,0,0,0,0,0,0,0,0,0
7.9613940715789795,0,0.0,0.0,0.0,0.0,0.0,0.0,0.0,0.0,0.3,1.3086286783218384,0.20460005104541779,0.3402945101261139,0.06457913666963577,-0.10675349831581116,0.12589077651500702,0.9841670393943787,0,0,0,0,0,0,0,0,0,0,0,0,0,0
7.962612867355347,0,0.0,0.0,0.0,0.0,0.0,0.0,0.0,0.0,0.3,1.3086286783218384,0.20460005104541779,0.3402945101261139,0.06457913666963577,-0.10675349831581116,0.12589077651500702,0.9841670393943787,0,0,0,0,0,0,0,0,0,0,0,0,0,0
7.964062690734863,0,0.0,0.0,0.0,0.0,0.0,0.0,0.0,0.0,0.3,1.3086286783218384,0.20460005104541779,0.3402945101261139,0.06457913666963577,-0.10675349831581116,0.12589077651500702,0.9841670393943787,0,0,0,0,0,0,0,0,0,0,0,0,0,0
7.965594530105591,0,0.0,0.0,0.0,0.0,0.0,0.0,0.0,0.0,0.3,1.3086286783218384,0.20460005104541779,0.3402945101261139,0.06457913666963577,-0.10675349831581116,0.12589077651500702,0.9841670393943787,0,0,0,0,0,0,0,0,0,0,0,0,0,0
7.966997861862183,0,0.0,0.0,0.0,0.0,0.0,0.0,0.0,0.0,0.3,1.3086286783218384,0.20460005104541779,0.3402945101261139,0.06457913666963577,-0.10675349831581116,0.12589077651500702,0.9841670393943787,0,0,0,0,0,0,0,0,0,0,0,0,0,0
7.9681689739227295,0,0.0,0.0,0.0,0.0,0.0,0.0,0.0,0.0,0.3,1.3086286783218384,0.20460005104541779,0.3402945101261139,0.06457913666963577,-0.10675349831581116,0.12589077651500702,0.9841670393943787,0,0,0,0,0,0,0,0,0,0,0,0,0,0
7.969293594360352,0,0.0,0.0,0.0,0.0,0.0,0.0,0.0,0.0,0.3,1.3086286783218384,0.20460005104541779,0.3402945101261139,0.06457913666963577,-0.10675349831581116,0.12589077651500702,0.9841670393943787,0,0,0,0,0,0,0,0,0,0,0,0,0,0
7.9708411693573,0,0.0,0.0,0.0,0.0,0.0,0.0,0.0,0.0,0.3,1.3086286783218384,0.20460005104541779,0.3402945101261139,0.06457913666963577,-0.10675349831581116,0.12589077651500702,0.9841670393943787,0,0,0,0,0,0,0,0,0,0,0,0,0,0
7.972815990447998,0,0.0,0.0,0.0,0.0,0.0,0.0,0.0,0.0,0.3,1.3086286783218384,0.20460005104541779,0.3402945101261139,0.06457913666963577,-0.10675349831581116,0.12589077651500702,0.9841670393943787,0,0,0,0,0,0,0,0,0,0,0,0,0,0
7.973902225494385,0,0.0,0.0,0.0,0.0,0.0,0.0,0.0,0.0,0.3,1.3086286783218384,0.20460005104541779,0.3402945101261139,0.06457913666963577,-0.10675349831581116,0.12589077651500702,0.9841670393943787,0,0,0,0,0,0,0,0,0,0,0,0,0,0
7.975390195846558,0,0.0,0.0,0.0,0.0,0.0,0.0,0.0,0.0,0.3,1.3086286783218384,0.20460005104541779,0.3402945101261139,0.06457913666963577,-0.10675349831581116,0.12589077651500702,0.9841670393943787,0,0,0,0,0,0,0,0,0,0,0,0,0,0
7.976504325866699,0,0.0,0.0,0.0,0.0,0.0,0.0,0.0,0.0,0.3,1.3086286783218384,0.20460005104541779,0.3402945101261139,0.06457913666963577,-0.10675349831581116,0.12589077651500702,0.9841670393943787,0,0,0,0,0,0,0,0,0,0,0,0,0,0
7.977633953094482,0,0.0,0.0,0.0,0.0,0.0,0.0,0.0,0.0,0.3,1.3086286783218384,0.20460005104541779,0.3402945101261139,0.06457913666963577,-0.10675349831581116,0.12589077651500702,0.9841670393943787,0,0,0,0,0,0,0,0,0,0,0,0,0,0
7.978741645812988,0,0.0,0.0,0.0,0.0,0.0,0.0,0.0,0.0,0.3,1.3086286783218384,0.20460005104541779,0.3402945101261139,0.06457913666963577,-0.10675349831581116,0.12589077651500702,0.9841670393943787,0,0,0,0,0,0,0,0,0,0,0,0,0,0
7.980072736740112,0,0.0,0.0,0.0,0.0,0.0,0.0,0.0,0.0,0.3,1.3086286783218384,0.20460005104541779,0.3402945101261139,0.06457913666963577,-0.10675349831581116,0.12589077651500702,0.9841670393943787,0,0,0,0,0,0,0,0,0,0,0,0,0,0
7.9811670780181885,0,0.0,0.0,0.0,0.0,0.0,0.0,0.0,0.0,0.3,1.3086286783218384,0.20460005104541779,0.3402945101261139,0.06457913666963577,-0.10675349831581116,0.12589077651500702,0.9841670393943787,0,0,0,0,0,0,0,0,0,0,0,0,0,0
7.983572959899902,0,0.0,0.0,0.0,0.0,0.0,0.0,0.0,0.0,0.3,1.3086286783218384,0.20460005104541779,0.3402945101261139,0.06457913666963577,-0.10675349831581116,0.12589077651500702,0.9841670393943787,0,0,0,0,0,0,0,0,0,0,0,0,0,0
7.98478102684021,0,0.0,0.0,0.0,0.0,0.0,0.0,0.0,0.0,0.3,1.3086286783218384,0.20460005104541779,0.3402945101261139,0.06457913666963577,-0.10675349831581116,0.12589077651500702,0.9841670393943787,0,0,0,0,0,0,0,0,0,0,0,0,0,0
7.98645544052124,0,0.0,0.0,0.0,0.0,0.0,0.0,0.0,0.0,0.3,1.3086286783218384,0.20460005104541779,0.3402945101261139,0.06457913666963577,-0.10675349831581116,0.12589077651500702,0.9841670393943787,0,0,0,0,0,0,0,0,0,0,0,0,0,0
7.987642526626587,0,0.0,0.0,0.0,0.0,0.0,0.0,0.0,0.0,0.3,1.3086286783218384,0.20460005104541779,0.3402945101261139,0.06457913666963577,-0.10675349831581116,0.12589077651500702,0.9841670393943787,0,0,0,0,0,0,0,0,0,0,0,0,0,0
7.988928556442261,0,0.0,0.0,0.0,0.0,0.0,0.0,0.0,0.0,0.3,1.3086286783218384,0.20460005104541779,0.3402945101261139,0.06457913666963577,-0.10675349831581116,0.12589077651500702,0.9841670393943787,0,0,0,0,0,0,0,0,0,0,0,0,0,0
7.990704536437988,0,0.0,0.0,0.0,0.0,0.0,0.0,0.0,0.0,0.3,1.3086286783218384,0.20460005104541779,0.3402945101261139,0.06457913666963577,-0.10675349831581116,0.12589077651500702,0.9841670393943787,0,0,0,0,0,0,0,0,0,0,0,0,0,0
7.9920830726623535,0,0.0,0.0,0.0,0.0,0.0,0.0,0.0,0.0,0.3,1.3086286783218384,0.20460005104541779,0.3402945101261139,0.06457913666963577,-0.10675349831581116,0.12589077651500702,0.9841670393943787,0,0,0,0,0,0,0,0,0,0,0,0,0,0
7.993605375289917,0,0.0,0.0,0.0,0.0,0.0,0.0,0.0,0.0,0.3,1.3086286783218384,0.20460005104541779,0.3402945101261139,0.06457913666963577,-0.10675349831581116,0.12589077651500702,0.9841670393943787,0,0,0,0,0,0,0,0,0,0,0,0,0,0
7.994690895080566,0,0.0,0.0,0.0,0.0,0.0,0.0,0.0,0.0,0.3,1.3086286783218384,0.20460005104541779,0.3402945101261139,0.06457913666963577,-0.10675349831581116,0.12589077651500702,0.9841670393943787,0,0,0,0,0,0,0,0,0,0,0,0,0,0
7.996114015579224,0,0.0,0.0,0.0,0.0,0.0,0.0,0.0,0.0,0.3,1.3086286783218384,0.20460005104541779,0.3402945101261139,0.06457913666963577,-0.10675349831581116,0.12589077651500702,0.9841670393943787,0,0,0,0,0,0,0,0,0,0,0,0,0,0
7.9972357749938965,0,0.0,0.0,0.0,0.0,0.0,0.0,0.0,0.0,0.3,1.3086286783218384,0.20460005104541779,0.3402945101261139,0.06457913666963577,-0.10675349831581116,0.12589077651500702,0.9841670393943787,0,0,0,0,0,0,0,0,0,0,0,0,0,0
7.998603582382202,0,0.0,0.0,0.0,0.0,0.0,0.0,0.0,0.0,0.3,1.3086286783218384,0.20460005104541779,0.3402945101261139,0.06457913666963577,-0.10675349831581116,0.12589077651500702,0.9841670393943787,0,0,0,0,0,0,0,0,0,0,0,0,0,0
8.00053334236145,0,0.0,0.0,0.0,0.0,0.0,0.0,0.0,0.0,0.3,1.3086286783218384,0.20460005104541779,0.3402945101261139,0.06457913666963577,-0.10675349831581116,0.12589077651500702,0.9841670393943787,0,0,0,0,0,0,0,0,0,0,0,0,0,0
8.00240159034729,0,0.0,0.0,0.0,0.0,0.0,0.0,0.0,0.0,0.3,1.3086286783218384,0.20460005104541779,0.3402945101261139,0.06457913666963577,-0.10675349831581116,0.12589077651500702,0.9841670393943787,0,0,0,0,0,0,0,0,0,0,0,0,0,0
8.00413990020752,0,0.0,0.0,0.0,0.0,0.0,0.0,0.0,0.0,0.3,1.3086286783218384,0.20460005104541779,0.3402945101261139,0.06457913666963577,-0.10675349831581116,0.12589077651500702,0.9841670393943787,0,0,0,0,0,0,0,0,0,0,0,0,0,0
8.00559377670288,0,0.0,0.0,0.0,0.0,0.0,0.0,0.0,0.0,0.3,1.3086286783218384,0.20460005104541779,0.3402945101261139,0.06457913666963577,-0.10675349831581116,0.12589077651500702,0.9841670393943787,0,0,0,0,0,0,0,0,0,0,0,0,0,0
8.006853342056274,0,0.0,0.0,0.0,0.0,0.0,0.0,0.0,0.0,0.3,1.3086286783218384,0.20460005104541779,0.3402945101261139,0.06457913666963577,-0.10675349831581116,0.12589077651500702,0.9841670393943787,0,0,0,0,0,0,0,0,0,0,0,0,0,0
8.0083167552948,0,0.0,0.0,0.0,0.0,0.0,0.0,0.0,0.0,0.3,1.3086286783218384,0.20460005104541779,0.3402945101261139,0.06457913666963577,-0.10675349831581116,0.12589077651500702,0.9841670393943787,0,0,0,0,0,0,0,0,0,0,0,0,0,0
8.00994348526001,0,0.0,0.0,0.0,0.0,0.0,0.0,0.0,0.0,0.3,1.3086286783218384,0.20460005104541779,0.3402945101261139,0.06457913666963577,-0.10675349831581116,0.12589077651500702,0.9841670393943787,0,0,0,0,0,0,0,0,0,0,0,0,0,0
8.011332035064697,0,0.0,0.0,0.0,0.0,0.0,0.0,0.0,0.0,0.3,1.3086286783218384,0.20460005104541779,0.3402945101261139,0.06457913666963577,-0.10675349831581116,0.12589077651500702,0.9841670393943787,0,0,0,0,0,0,0,0,0,0,0,0,0,0
8.01273775100708,0,0.0,0.0,0.0,0.0,0.0,0.0,0.0,0.0,0.3,1.3086286783218384,0.20460005104541779,0.3402945101261139,0.06457913666963577,-0.10675349831581116,0.12589077651500702,0.9841670393943787,0,0,0,0,0,0,0,0,0,0,0,0,0,0
8.01383662223816,0,0.0,0.0,0.0,0.0,0.0,0.0,0.0,0.0,0.3,1.3086286783218384,0.20460005104541779,0.3402945101261139,0.06457913666963577,-0.10675349831581116,0.12589077651500702,0.9841670393943787,0,0,0,0,0,0,0,0,0,0,0,0,0,0
8.014900207519531,0,0.0,0.0,0.0,0.0,0.0,0.0,0.0,0.0,0.3,1.3086286783218384,0.20460005104541779,0.3402945101261139,0.06457913666963577,-0.10675349831581116,0.12589077651500702,0.9841670393943787,0,0,0,0,0,0,0,0,0,0,0,0,0,0
8.01597261428833,0,0.0,0.0,0.0,0.0,0.0,0.0,0.0,0.0,0.3,1.3086286783218384,0.20460005104541779,0.3402945101261139,0.06457913666963577,-0.10675349831581116,0.12589077651500702,0.9841670393943787,0,0,0,0,0,0,0,0,0,0,0,0,0,0
8.017075300216675,0,0.0,0.0,0.0,0.0,0.0,0.0,0.0,0.0,0.3,1.3086286783218384,0.20460005104541779,0.3402945101261139,0.06457913666963577,-0.10675349831581116,0.12589077651500702,0.9841670393943787,0,0,0,0,0,0,0,0,0,0,0,0,0,0
8.018156290054321,0,0.0,0.0,0.0,0.0,0.0,0.0,0.0,0.0,0.3,1.3086286783218384,0.20460005104541779,0.3402945101261139,0.06457913666963577,-0.10675349831581116,0.12589077651500702,0.9841670393943787,0,0,0,0,0,0,0,0,0,0,0,0,0,0
8.019304037094116,0,0.0,0.0,0.0,0.0,0.0,0.0,0.0,0.0,0.3,1.3086286783218384,0.20460005104541779,0.3402945101261139,0.06457913666963577,-0.10675349831581116,0.12589077651500702,0.9841670393943787,0,0,0,0,0,0,0,0,0,0,0,0,0,0
8.020495653152466,0,0.0,0.0,0.0,0.0,0.0,0.0,0.0,0.0,0.3,1.3086286783218384,0.20460005104541779,0.3402945101261139,0.06457913666963577,-0.10675349831581116,0.12589077651500702,0.9841670393943787,0,0,0,0,0,0,0,0,0,0,0,0,0,0
8.02176022529602,0,0.0,0.0,0.0,0.0,0.0,0.0,0.0,0.0,0.3,1.3086286783218384,0.20460005104541779,0.3402945101261139,0.06457913666963577,-0.10675349831581116,0.12589077651500702,0.9841670393943787,0,0,0,0,0,0,0,0,0,0,0,0,0,0
8.023096561431885,0,0.0,0.0,0.0,0.0,0.0,0.0,0.0,0.0,0.3,1.3086286783218384,0.20460005104541779,0.3402945101261139,0.06457913666963577,-0.10675349831581116,0.12589077651500702,0.9841670393943787,0,0,0,0,0,0,0,0,0,0,0,0,0,0
8.024735450744629,0,0.0,0.0,0.0,0.0,0.0,0.0,0.0,0.0,0.3,1.3086286783218384,0.20460005104541779,0.3402945101261139,0.06457913666963577,-0.10675349831581116,0.12589077651500702,0.9841670393943787,0,0,0,0,0,0,0,0,0,0,0,0,0,0
8.026747941970825,0,0.0,0.0,0.0,0.0,0.0,0.0,0.0,0.0,0.3,1.3086286783218384,0.20460005104541779,0.3402945101261139,0.06457913666963577,-0.10675349831581116,0.12589077651500702,0.9841670393943787,0,0,0,0,0,0,0,0,0,0,0,0,0,0
8.027865886688232,0,0.0,0.0,0.0,0.0,0.0,0.0,0.0,0.0,0.3,1.3086286783218384,0.20460005104541779,0.3402945101261139,0.06457913666963577,-0.10675349831581116,0.12589077651500702,0.9841670393943787,0,0,0,0,0,0,0,0,0,0,0,0,0,0
8.028945207595825,0,0.0,0.0,0.0,0.0,0.0,0.0,0.0,0.0,0.3,1.3086286783218384,0.20460005104541779,0.3402945101261139,0.06457913666963577,-0.10675349831581116,0.12589077651500702,0.9841670393943787,0,0,0,0,0,0,0,0,0,0,0,0,0,0
8.030993700027466,0,0.0,0.0,0.0,0.0,0.0,0.0,0.0,0.0,0.3,1.3086286783218384,0.20460005104541779,0.3402945101261139,0.06457913666963577,-0.10675349831581116,0.12589077651500702,0.9841670393943787,0,0,0,0,0,0,0,0,0,0,0,0,0,0
8.032194137573242,0,0.0,0.0,0.0,0.0,0.0,0.0,0.0,0.0,0.3,1.3086286783218384,0.20460005104541779,0.3402945101261139,0.06457913666963577,-0.10675349831581116,0.12589077651500702,0.9841670393943787,0,0,0,0,0,0,0,0,0,0,0,0,0,0
8.03329849243164,0,0.0,0.0,0.0,0.0,0.0,0.0,0.0,0.0,0.3,1.3086286783218384,0.20460005104541779,0.3402945101261139,0.06457913666963577,-0.10675349831581116,0.12589077651500702,0.9841670393943787,0,0,0,0,0,0,0,0,0,0,0,0,0,0
8.03447961807251,0,0.0,0.0,0.0,0.0,0.0,0.0,0.0,0.0,0.3,1.3086286783218384,0.20460005104541779,0.3402945101261139,0.06457913666963577,-0.10675349831581116,0.12589077651500702,0.9841670393943787,0,0,0,0,0,0,0,0,0,0,0,0,0,0
8.035893440246582,0,0.0,0.0,0.0,0.0,0.0,0.0,0.0,0.0,0.3,1.3086286783218384,0.20460005104541779,0.3402945101261139,0.06457913666963577,-0.10675349831581116,0.12589077651500702,0.9841670393943787,0,0,0,0,0,0,0,0,0,0,0,0,0,0
8.036953449249268,0,0.0,0.0,0.0,0.0,0.0,0.0,0.0,0.0,0.3,1.3086286783218384,0.20460005104541779,0.3402945101261139,0.06457913666963577,-0.10675349831581116,0.12589077651500702,0.9841670393943787,0,0,0,0,0,0,0,0,0,0,0,0,0,0
8.038038492202759,0,0.0,0.0,0.0,0.0,0.0,0.0,0.0,0.0,0.3,1.3086286783218384,0.20460005104541779,0.3402945101261139,0.06457913666963577,-0.10675349831581116,0.12589077651500702,0.9841670393943787,0,0,0,0,0,0,0,0,0,0,0,0,0,0
8.039160251617432,0,0.0,0.0,0.0,0.0,0.0,0.0,0.0,0.0,0.3,1.3086286783218384,0.20460005104541779,0.3402945101261139,0.06457913666963577,-0.10675349831581116,0.12589077651500702,0.9841670393943787,0,0,0,0,0,0,0,0,0,0,0,0,0,0
8.041064023971558,0,0.0,0.0,0.0,0.0,0.0,0.0,0.0,0.0,0.3,1.3086286783218384,0.20460005104541779,0.3402945101261139,0.06457913666963577,-0.10675349831581116,0.12589077651500702,0.9841670393943787,0,0,0,0,0,0,0,0,0,0,0,0,0,0
8.042797565460205,0,0.0,0.0,0.0,0.0,0.0,0.0,0.0,0.0,0.3,1.3086286783218384,0.20460005104541779,0.3402945101261139,0.06457913666963577,-0.10675349831581116,0.12589077651500702,0.9841670393943787,0,0,0,0,0,0,0,0,0,0,0,0,0,0
8.044006586074829,0,0.0,0.0,0.0,0.0,0.0,0.0,0.0,0.0,0.3,1.3086286783218384,0.20460005104541779,0.3402945101261139,0.06457913666963577,-0.10675349831581116,0.12589077651500702,0.9841670393943787,0,0,0,0,0,0,0,0,0,0,0,0,0,0
8.04520320892334,0,0.0,0.0,0.0,0.0,0.0,0.0,0.0,0.0,0.3,1.3086286783218384,0.20460005104541779,0.3402945101261139,0.06457913666963577,-0.10675349831581116,0.12589077651500702,0.9841670393943787,0,0,0,0,0,0,0,0,0,0,0,0,0,0
8.046386003494263,0,0.0,0.0,0.0,0.0,0.0,0.0,0.0,0.0,0.3,1.3086286783218384,0.20460005104541779,0.3402945101261139,0.06457913666963577,-0.10675349831581116,0.12589077651500702,0.9841670393943787,0,0,0,0,0,0,0,0,0,0,0,0,0,0
8.047552585601807,0,0.0,0.0,0.0,0.0,0.0,0.0,0.0,0.0,0.3,1.3086286783218384,0.20460005104541779,0.3402945101261139,0.06457913666963577,-0.10675349831581116,0.12589077651500702,0.9841670393943787,0,0,0,0,0,0,0,0,0,0,0,0,0,0
8.049083232879639,0,0.0,0.0,0.0,0.0,0.0,0.0,0.0,0.0,0.3,1.3086286783218384,0.20460005104541779,0.3402945101261139,0.06457913666963577,-0.10675349831581116,0.12589077651500702,0.9841670393943787,0,0,0,0,0,0,0,0,0,0,0,0,0,0
8.05045485496521,0,0.0,0.0,0.0,0.0,0.0,0.0,0.0,0.0,0.3,1.3086286783218384,0.20460005104541779,0.3402945101261139,0.06457913666963577,-0.10675349831581116,0.12589077651500702,0.9841670393943787,0,0,0,0,0,0,0,0,0,0,0,0,0,0
8.051946878433228,0,0.0,0.0,0.0,0.0,0.0,0.0,0.0,0.0,0.3,1.3086286783218384,0.20460005104541779,0.3402945101261139,0.06457913666963577,-0.10675349831581116,0.12589077651500702,0.9841670393943787,0,0,0,0,0,0,0,0,0,0,0,0,0,0
8.053005695343018,0,0.0,0.0,0.0,0.0,0.0,0.0,0.0,0.0,0.3,1.3086286783218384,0.20460005104541779,0.3402945101261139,0.06457913666963577,-0.10675349831581116,0.12589077651500702,0.9841670393943787,0,0,0,0,0,0,0,0,0,0,0,0,0,0
