[0.008s] Invoking command in '/home/qianlab/single_turtle_workspace/build/turtle_high_controller': AMENT_PREFIX_PATH=/home/qianlab/single_turtle_workspace/install/traveler_msgs:${AMENT_PREFIX_PATH} CMAKE_PREFIX_PATH=/home/qianlab/single_turtle_workspace/install/traveler_msgs:/home/qianlab/lassie-traveler/dependencies/install/traveler_high_controller:/home/qianlab/lassie-traveler/dependencies/install/traveler_msgs:/opt/ros/foxy LD_LIBRARY_PATH=/home/qianlab/single_turtle_workspace/install/traveler_msgs/lib:${LD_LIBRARY_PATH} PYTHONPATH=/home/qianlab/single_turtle_workspace/install/traveler_msgs/lib/python3.8/site-packages:${PYTHONPATH} /usr/bin/cmake --build /home/qianlab/single_turtle_workspace/build/turtle_high_controller -- -j12 -l12
[0.042s] [35m[1mScanning dependencies of target odrive_can_interface[0m
[0.044s] [35m[1mScanning dependencies of target turtle_high_controller[0m
[0.076s] [  7%] [32mBuilding CXX object CMakeFiles/turtle_high_controller.dir/src/can_driver/can_driver.cpp.o[0m
[0.076s] [ 35%] [32mBuilding CXX object CMakeFiles/turtle_high_controller.dir/src/proxy/lowerproxy.cpp.o[0m
[0.076s] [ 35%] [32mBuilding CXX object CMakeFiles/turtle_high_controller.dir/src/controller/Inverse_kinematics.cpp.o[0m
[0.076s] [ 35%] [32mBuilding CXX object CMakeFiles/turtle_high_controller.dir/src/controller/trajectories_parser.cpp.o[0m
[0.076s] [ 35%] [32mBuilding CXX object CMakeFiles/turtle_high_controller.dir/src/main.cpp.o[0m
[0.076s] [ 42%] [32mBuilding CXX object CMakeFiles/turtle_high_controller.dir/src/proxy/upperproxy.cpp.o[0m
[0.077s] [ 50%] [32mBuilding CXX object CMakeFiles/odrive_can_interface.dir/src/can_driver/can_driver.cpp.o[0m
[0.349s] In file included from [01m[K/home/qianlab/single_turtle_workspace/dependencies/traveler_controller/src/controller/Inverse_kinematics.cpp:1[m[K:
[0.349s] [01m[K/home/qianlab/single_turtle_workspace/dependencies/traveler_controller/include/controller/inverse_kinematics.h:14:47:[m[K [01;31m[Kerror: [m[K‘[01m[KXY_pair[m[K’ has not been declared
[0.349s]    14 | void abstractToPhysical(float L, float Theta, [01;31m[KXY_pair[m[K& point);
[0.350s]       |                                               [01;31m[K^~~~~~~[m[K
[0.350s] [01m[K/home/qianlab/single_turtle_workspace/dependencies/traveler_controller/include/controller/inverse_kinematics.h:19:41:[m[K [01;31m[Kerror: [m[K‘[01m[KXY_pair[m[K’ has not been declared
[0.350s]    19 | bool linearTraj(float t_rel, float vel, [01;31m[KXY_pair[m[K A, XY_pair B, float& X, float& Y);
[0.350s]       |                                         [01;31m[K^~~~~~~[m[K
[0.350s] [01m[K/home/qianlab/single_turtle_workspace/dependencies/traveler_controller/include/controller/inverse_kinematics.h:19:52:[m[K [01;31m[Kerror: [m[K‘[01m[KXY_pair[m[K’ has not been declared
[0.350s]    19 | bool linearTraj(float t_rel, float vel, XY_pair A, [01;31m[KXY_pair[m[K B, float& X, float& Y);
[0.350s]       |                                                    [01;31m[K^~~~~~~[m[K
[0.350s] [01m[K/home/qianlab/single_turtle_workspace/dependencies/traveler_controller/include/controller/inverse_kinematics.h:20:41:[m[K [01;31m[Kerror: [m[K‘[01m[KXY_pair[m[K’ has not been declared
[0.350s]    20 | bool linearTraj(float t_rel, float vel, [01;31m[KXY_pair[m[K A, XY_pair B,
[0.350s]       |                                         [01;31m[K^~~~~~~[m[K
[0.350s] [01m[K/home/qianlab/single_turtle_workspace/dependencies/traveler_controller/include/controller/inverse_kinematics.h:20:52:[m[K [01;31m[Kerror: [m[K‘[01m[KXY_pair[m[K’ has not been declared
[0.350s]    20 | bool linearTraj(float t_rel, float vel, XY_pair A, [01;31m[KXY_pair[m[K B,
[0.351s]       |                                                    [01;31m[K^~~~~~~[m[K
[0.351s] [01m[K/home/qianlab/single_turtle_workspace/dependencies/traveler_controller/include/controller/inverse_kinematics.h:21:17:[m[K [01;31m[Kerror: [m[K‘[01m[KXY_pair[m[K’ has not been declared
[0.351s]    21 |                 [01;31m[KXY_pair[m[K ToeXY, float& X, float& Y, float threshold = 0.01f);
[0.351s]       |                 [01;31m[K^~~~~~~[m[K
[0.351s] [01m[K/home/qianlab/single_turtle_workspace/dependencies/traveler_controller/include/controller/inverse_kinematics.h:26:16:[m[K [01;31m[Kerror: [m[K‘[01m[KXY_pair[m[K’ was not declared in this scope
[0.351s]    26 | bool validPath([01;31m[KXY_pair[m[K A, XY_pair B);
[0.351s]       |                [01;31m[K^~~~~~~[m[K
[0.351s] [01m[K/home/qianlab/single_turtle_workspace/dependencies/traveler_controller/include/controller/inverse_kinematics.h:26:27:[m[K [01;31m[Kerror: [m[K‘[01m[KXY_pair[m[K’ was not declared in this scope
[0.351s]    26 | bool validPath(XY_pair A, [01;31m[KXY_pair[m[K B);
[0.351s]       |                           [01;31m[K^~~~~~~[m[K
[0.351s] [01m[K/home/qianlab/single_turtle_workspace/dependencies/traveler_controller/include/controller/inverse_kinematics.h:26:36:[m[K [01;31m[Kerror: [m[Kexpression list treated as compound expression in initializer [[01;31m[K-fpermissive[m[K]
[0.351s]    26 | bool validPath(XY_pair A, XY_pair B[01;31m[K)[m[K;
[0.352s]       |                                    [01;31m[K^[m[K
[0.352s] [01m[K/home/qianlab/single_turtle_workspace/dependencies/traveler_controller/include/controller/inverse_kinematics.h:32:15:[m[K [01;31m[Kerror: [m[K‘[01m[KXY_pair[m[K’ was not declared in this scope
[0.352s]    32 | bool inBounds([01;31m[KXY_pair[m[K ToeXY);
[0.352s]       |               [01;31m[K^~~~~~~[m[K
[0.352s] [01m[K/home/qianlab/single_turtle_workspace/dependencies/traveler_controller/include/controller/inverse_kinematics.h:33:31:[m[K [01;31m[Kerror: [m[K‘[01m[Kbool inBounds(float, float)[m[K’ redeclared as different kind of entity
[0.353s]    33 | bool inBounds(float x, float y[01;31m[K)[m[K;
[0.353s]       |                               [01;31m[K^[m[K
[0.353s] [01m[K/home/qianlab/single_turtle_workspace/dependencies/traveler_controller/include/controller/inverse_kinematics.h:32:6:[m[K [01;36m[Knote: [m[Kprevious declaration ‘[01m[Kbool inBounds[m[K’
[0.353s]    32 | bool [01;36m[KinBounds[m[K(XY_pair ToeXY);
[0.353s]       |      [01;36m[K^~~~~~~~[m[K
[0.354s] [01m[K/home/qianlab/single_turtle_workspace/dependencies/traveler_controller/include/controller/inverse_kinematics.h:35:15:[m[K [01;31m[Kerror: [m[K‘[01m[KXY_pair[m[K’ was not declared in this scope
[0.354s]    35 | bool clamp_XY([01;31m[KXY_pair[m[K& P, float L = 0.0f);
[0.354s]       |               [01;31m[K^~~~~~~[m[K
[0.355s] [01m[K/home/qianlab/single_turtle_workspace/dependencies/traveler_controller/include/controller/inverse_kinematics.h:35:24:[m[K [01;31m[Kerror: [m[K‘[01m[KP[m[K’ was not declared in this scope
[0.355s]    35 | bool clamp_XY(XY_pair& [01;31m[KP[m[K, float L = 0.0f);
[0.355s]       |                        [01;31m[K^[m[K
[0.355s] [01m[K/home/qianlab/single_turtle_workspace/dependencies/traveler_controller/include/controller/inverse_kinematics.h:35:27:[m[K [01;31m[Kerror: [m[Kexpected primary-expression before ‘[01m[Kfloat[m[K’
[0.355s]    35 | bool clamp_XY(XY_pair& P, [01;31m[Kfloat[m[K L = 0.0f);
[0.355s]       |                           [01;31m[K^~~~~[m[K
[0.355s] [01m[K/home/qianlab/single_turtle_workspace/dependencies/traveler_controller/include/controller/inverse_kinematics.h:35:41:[m[K [01;31m[Kerror: [m[Kexpression list treated as compound expression in initializer [[01;31m[K-fpermissive[m[K]
[0.355s]    35 | bool clamp_XY(XY_pair& P, float L = 0.0f[01;31m[K)[m[K;
[0.355s]       |                                         [01;31m[K^[m[K
[0.355s] [01m[K/home/qianlab/single_turtle_workspace/dependencies/traveler_controller/include/controller/inverse_kinematics.h:36:16:[m[K [01;31m[Kerror: [m[K‘[01m[KXY_pair[m[K’ was not declared in this scope
[0.355s]    36 | float distance([01;31m[KXY_pair[m[K A, XY_pair B);
[0.356s]       |                [01;31m[K^~~~~~~[m[K
[0.356s] [01m[K/home/qianlab/single_turtle_workspace/dependencies/traveler_controller/include/controller/inverse_kinematics.h:36:27:[m[K [01;31m[Kerror: [m[K‘[01m[KXY_pair[m[K’ was not declared in this scope
[0.357s]    36 | float distance(XY_pair A, [01;31m[KXY_pair[m[K B);
[0.357s]       |                           [01;31m[K^~~~~~~[m[K
[0.357s] [01m[K/home/qianlab/single_turtle_workspace/dependencies/traveler_controller/include/controller/inverse_kinematics.h:36:36:[m[K [01;31m[Kerror: [m[Kexpression list treated as compound expression in initializer [[01;31m[K-fpermissive[m[K]
[0.357s]    36 | float distance(XY_pair A, XY_pair B[01;31m[K)[m[K;
[0.357s]       |                                    [01;31m[K^[m[K
[0.357s] [01m[K/home/qianlab/single_turtle_workspace/dependencies/traveler_controller/src/controller/Inverse_kinematics.cpp:11:13:[m[K [01;31m[Kerror: [m[Kredefinition of ‘[01m[Kconst float L1[m[K’
[0.357s]    11 | const float [01;31m[KL1[m[K = 0.130f;   // flipper length
[0.357s]       |             [01;31m[K^~[m[K
[0.358s] In file included from [01m[K/home/qianlab/single_turtle_workspace/dependencies/traveler_controller/include/controller/inverse_kinematics.h:6[m[K,
[0.358s]                  from [01m[K/home/qianlab/single_turtle_workspace/dependencies/traveler_controller/src/controller/Inverse_kinematics.cpp:1[m[K:
[0.358s] [01m[K/home/qianlab/single_turtle_workspace/dependencies/traveler_controller/include/controller/../proxy/control_data.h:23:13:[m[K [01;36m[Knote: [m[K‘[01m[Kconst float L1[m[K’ previously defined here
[0.358s]    23 | const float [01;36m[KL1[m[K = 0.1f;
[0.358s]       |             [01;36m[K^~[m[K
[0.358s] [01m[K/home/qianlab/single_turtle_workspace/dependencies/traveler_controller/src/controller/Inverse_kinematics.cpp:12:13:[m[K [01;31m[Kerror: [m[Kredefinition of ‘[01m[Kconst float L2[m[K’
[0.358s]    12 | const float [01;31m[KL2[m[K = 0.079f;   // hip-to-ground height
[0.358s]       |             [01;31m[K^~[m[K
[0.358s] In file included from [01m[K/home/qianlab/single_turtle_workspace/dependencies/traveler_controller/include/controller/inverse_kinematics.h:6[m[K,
[0.360s]                  from [01m[K/home/qianlab/single_turtle_workspace/dependencies/traveler_controller/src/controller/Inverse_kinematics.cpp:1[m[K:
[0.360s] [01m[K/home/qianlab/single_turtle_workspace/dependencies/traveler_controller/include/controller/../proxy/control_data.h:24:13:[m[K [01;36m[Knote: [m[K‘[01m[Kconst float L2[m[K’ previously defined here
[0.360s]    24 | const float [01;36m[KL2[m[K = 0.2f;
[0.360s]       |             [01;36m[K^~[m[K
[0.360s] [01m[K/home/qianlab/single_turtle_workspace/dependencies/traveler_controller/src/controller/Inverse_kinematics.cpp:13:13:[m[K [01;31m[Kerror: [m[Kredefinition of ‘[01m[Kconst float L3[m[K’
[0.360s]    13 | const float [01;31m[KL3[m[K = 0.055f;   // offset below hip
[0.360s]       |             [01;31m[K^~[m[K
[0.361s] In file included from [01m[K/home/qianlab/single_turtle_workspace/dependencies/traveler_controller/include/controller/inverse_kinematics.h:6[m[K,
[0.361s]                  from [01m[K/home/qianlab/single_turtle_workspace/dependencies/traveler_controller/src/controller/Inverse_kinematics.cpp:1[m[K:
[0.361s] [01m[K/home/qianlab/single_turtle_workspace/dependencies/traveler_controller/include/controller/../proxy/control_data.h:25:13:[m[K [01;36m[Knote: [m[K‘[01m[Kconst float L3[m[K’ previously defined here
[0.361s]    25 | const float [01;36m[KL3[m[K = 0.05f;
[0.361s]       |             [01;36m[K^~[m[K
[0.361s] [01m[K/home/qianlab/single_turtle_workspace/dependencies/traveler_controller/src/controller/Inverse_kinematics.cpp:[m[K In function ‘[01m[Kvoid physicalToAbstract(float, float, float&, float&, bool)[m[K’:
[0.361s] [01m[K/home/qianlab/single_turtle_workspace/dependencies/traveler_controller/src/controller/Inverse_kinematics.cpp:24:76:[m[K [01;35m[Kwarning: [m[Kunused parameter ‘[01m[Kclamp[m[K’ [[01;35m[K-Wunused-parameter[m[K]
[0.361s]    24 | void physicalToAbstract(float X, float Y, float &theta, float &gamma, [01;35m[Kbool clamp[m[K)
[0.361s]       |                                                                       [01;35m[K~~~~~^~~~~[m[K
[0.361s] [01m[K/home/qianlab/single_turtle_workspace/dependencies/traveler_controller/src/controller/Inverse_kinematics.cpp:[m[K At global scope:
[0.361s] [01m[K/home/qianlab/single_turtle_workspace/dependencies/traveler_controller/src/controller/Inverse_kinematics.cpp:46:47:[m[K [01;31m[Kerror: [m[K‘[01m[KXY_pair[m[K’ has not been declared
[0.361s]    46 | void abstractToPhysical(float L, float Theta, [01;31m[KXY_pair[m[K &point)
[0.362s]       |                                               [01;31m[K^~~~~~~[m[K
[0.362s] [01m[K/home/qianlab/single_turtle_workspace/dependencies/traveler_controller/src/controller/Inverse_kinematics.cpp:[m[K In function ‘[01m[Kvoid abstractToPhysical(float, float, int&)[m[K’:
[0.362s] [01m[K/home/qianlab/single_turtle_workspace/dependencies/traveler_controller/src/controller/Inverse_kinematics.cpp:48:11:[m[K [01;31m[Kerror: [m[Krequest for member ‘[01m[Kx[m[K’ in ‘[01m[Kpoint[m[K’, which is of non-class type ‘[01m[Kint[m[K’
[0.362s]    48 |     point.[01;31m[Kx[m[K = -L * sinf(Theta);
[0.362s]       |           [01;31m[K^[m[K
[0.362s] [01m[K/home/qianlab/single_turtle_workspace/dependencies/traveler_controller/src/controller/Inverse_kinematics.cpp:49:11:[m[K [01;31m[Kerror: [m[Krequest for member ‘[01m[Ky[m[K’ in ‘[01m[Kpoint[m[K’, which is of non-class type ‘[01m[Kint[m[K’
[0.362s]    49 |     point.[01;31m[Ky[m[K =  L * cosf(Theta);
[0.362s]       |           [01;31m[K^[m[K
[0.362s] [01m[K/home/qianlab/single_turtle_workspace/dependencies/traveler_controller/src/controller/Inverse_kinematics.cpp:[m[K At global scope:
[0.362s] [01m[K/home/qianlab/single_turtle_workspace/dependencies/traveler_controller/src/controller/Inverse_kinematics.cpp:62:41:[m[K [01;31m[Kerror: [m[K‘[01m[KXY_pair[m[K’ has not been declared
[0.362s]    62 | bool linearTraj(float t_rel, float vel, [01;31m[KXY_pair[m[K A, XY_pair B, float &X, float &Y)
[0.362s]       |                                         [01;31m[K^~~~~~~[m[K
[0.362s] [01m[K/home/qianlab/single_turtle_workspace/dependencies/traveler_controller/src/controller/Inverse_kinematics.cpp:62:52:[m[K [01;31m[Kerror: [m[K‘[01m[KXY_pair[m[K’ has not been declared
[0.363s]    62 | bool linearTraj(float t_rel, float vel, XY_pair A, [01;31m[KXY_pair[m[K B, float &X, float &Y)
[0.363s]       |                                                    [01;31m[K^~~~~~~[m[K
[0.363s] [01m[K/home/qianlab/single_turtle_workspace/dependencies/traveler_controller/src/controller/Inverse_kinematics.cpp:[m[K In function ‘[01m[Kbool linearTraj(float, float, int, int, float&, float&)[m[K’:
[0.363s] [01m[K/home/qianlab/single_turtle_workspace/dependencies/traveler_controller/src/controller/Inverse_kinematics.cpp:64:18:[m[K [01;31m[Kerror: [m[Krequest for member ‘[01m[Kx[m[K’ in ‘[01m[KB[m[K’, which is of non-class type ‘[01m[Kint[m[K’
[0.363s]    64 |     float dx = B.[01;31m[Kx[m[K - A.x;
[0.363s]       |                  [01;31m[K^[m[K
[0.363s] [01m[K/home/qianlab/single_turtle_workspace/dependencies/traveler_controller/src/controller/Inverse_kinematics.cpp:64:24:[m[K [01;31m[Kerror: [m[Krequest for member ‘[01m[Kx[m[K’ in ‘[01m[KA[m[K’, which is of non-class type ‘[01m[Kint[m[K’
[0.363s]    64 |     float dx = B.x - A.[01;31m[Kx[m[K;
[0.363s]       |                        [01;31m[K^[m[K
[0.363s] [01m[K/home/qianlab/single_turtle_workspace/dependencies/traveler_controller/src/controller/Inverse_kinematics.cpp:65:18:[m[K [01;31m[Kerror: [m[Krequest for member ‘[01m[Ky[m[K’ in ‘[01m[KB[m[K’, which is of non-class type ‘[01m[Kint[m[K’
[0.363s]    65 |     float dy = B.[01;31m[Ky[m[K - A.y;
[0.363s]       |                  [01;31m[K^[m[K
[0.363s] [01m[K/home/qianlab/single_turtle_workspace/dependencies/traveler_controller/src/controller/Inverse_kinematics.cpp:65:24:[m[K [01;31m[Kerror: [m[Krequest for member ‘[01m[Ky[m[K’ in ‘[01m[KA[m[K’, which is of non-class type ‘[01m[Kint[m[K’
[0.363s]    65 |     float dy = B.y - A.[01;31m[Ky[m[K;
[0.364s]       |                        [01;31m[K^[m[K
[0.364s] [01m[K/home/qianlab/single_turtle_workspace/dependencies/traveler_controller/src/controller/Inverse_kinematics.cpp:69:15:[m[K [01;31m[Kerror: [m[Krequest for member ‘[01m[Kx[m[K’ in ‘[01m[KA[m[K’, which is of non-class type ‘[01m[Kint[m[K’
[0.364s]    69 |         X = A.[01;31m[Kx[m[K;
[0.364s]       |               [01;31m[K^[m[K
[0.364s] [01m[K/home/qianlab/single_turtle_workspace/dependencies/traveler_controller/src/controller/Inverse_kinematics.cpp:70:15:[m[K [01;31m[Kerror: [m[Krequest for member ‘[01m[Ky[m[K’ in ‘[01m[KA[m[K’, which is of non-class type ‘[01m[Kint[m[K’
[0.364s]    70 |         Y = A.[01;31m[Ky[m[K;
[0.364s]       |               [01;31m[K^[m[K
[0.364s] [01m[K/home/qianlab/single_turtle_workspace/dependencies/traveler_controller/src/controller/Inverse_kinematics.cpp:75:33:[m[K [01;31m[Kerror: [m[Krequest for member ‘[01m[Kx[m[K’ in ‘[01m[KA[m[K’, which is of non-class type ‘[01m[Kint[m[K’
[0.364s]    75 |     X = scalar * dx * t_rel + A.[01;31m[Kx[m[K;
[0.364s]       |                                 [01;31m[K^[m[K
[0.364s] [01m[K/home/qianlab/single_turtle_workspace/dependencies/traveler_controller/src/controller/Inverse_kinematics.cpp:76:33:[m[K [01;31m[Kerror: [m[Krequest for member ‘[01m[Ky[m[K’ in ‘[01m[KA[m[K’, which is of non-class type ‘[01m[Kint[m[K’
[0.364s]    76 |     Y = scalar * dy * t_rel + A.[01;31m[Ky[m[K;
[0.364s]       |                                 [01;31m[K^[m[K
[0.364s] [01m[K/home/qianlab/single_turtle_workspace/dependencies/traveler_controller/src/controller/Inverse_kinematics.cpp:78:38:[m[K [01;31m[Kerror: [m[Krequest for member ‘[01m[Kx[m[K’ in ‘[01m[KA[m[K’, which is of non-class type ‘[01m[Kint[m[K’
[0.365s]    78 |     float actual_dist = sqrtf((X - A.[01;31m[Kx[m[K)*(X - A.x) + (Y - A.y)*(Y - A.y));
[0.365s]       |                                      [01;31m[K^[m[K
[0.365s] [01m[K/home/qianlab/single_turtle_workspace/dependencies/traveler_controller/src/controller/Inverse_kinematics.cpp:78:48:[m[K [01;31m[Kerror: [m[Krequest for member ‘[01m[Kx[m[K’ in ‘[01m[KA[m[K’, which is of non-class type ‘[01m[Kint[m[K’
[0.365s]    78 |     float actual_dist = sqrtf((X - A.x)*(X - A.[01;31m[Kx[m[K) + (Y - A.y)*(Y - A.y));
[0.365s]       |                                                [01;31m[K^[m[K
[0.365s] [01m[K/home/qianlab/single_turtle_workspace/dependencies/traveler_controller/src/controller/Inverse_kinematics.cpp:78:60:[m[K [01;31m[Kerror: [m[Krequest for member ‘[01m[Ky[m[K’ in ‘[01m[KA[m[K’, which is of non-class type ‘[01m[Kint[m[K’
[0.365s]    78 |     float actual_dist = sqrtf((X - A.x)*(X - A.x) + (Y - A.[01;31m[Ky[m[K)*(Y - A.y));
[0.365s]       |                                                            [01;31m[K^[m[K
[0.365s] [01m[K/home/qianlab/single_turtle_workspace/dependencies/traveler_controller/src/controller/Inverse_kinematics.cpp:78:70:[m[K [01;31m[Kerror: [m[Krequest for member ‘[01m[Ky[m[K’ in ‘[01m[KA[m[K’, which is of non-class type ‘[01m[Kint[m[K’
[0.365s]    78 |     float actual_dist = sqrtf((X - A.x)*(X - A.x) + (Y - A.y)*(Y - A.[01;31m[Ky[m[K));
[0.365s]       |                                                                      [01;31m[K^[m[K
[0.388s] make[2]: *** [CMakeFiles/turtle_high_controller.dir/build.make:76: CMakeFiles/turtle_high_controller.dir/src/controller/Inverse_kinematics.cpp.o] Error 1
[0.388s] make[2]: *** Waiting for unfinished jobs....
[0.441s] In file included from [01m[K/home/qianlab/single_turtle_workspace/dependencies/traveler_controller/include/controller/trajectories_parser.h:8[m[K,
[0.441s]                  from [01m[K/home/qianlab/single_turtle_workspace/dependencies/traveler_controller/src/controller/trajectories_parser.cpp:1[m[K:
[0.442s] [01m[K/home/qianlab/single_turtle_workspace/dependencies/traveler_controller/include/controller/inverse_kinematics.h:14:47:[m[K [01;31m[Kerror: [m[K‘[01m[KXY_pair[m[K’ has not been declared
[0.442s]    14 | void abstractToPhysical(float L, float Theta, [01;31m[KXY_pair[m[K& point);
[0.442s]       |                                               [01;31m[K^~~~~~~[m[K
[0.442s] [01m[K/home/qianlab/single_turtle_workspace/dependencies/traveler_controller/include/controller/inverse_kinematics.h:19:41:[m[K [01;31m[Kerror: [m[K‘[01m[KXY_pair[m[K’ has not been declared
[0.442s]    19 | bool linearTraj(float t_rel, float vel, [01;31m[KXY_pair[m[K A, XY_pair B, float& X, float& Y);
[0.442s]       |                                         [01;31m[K^~~~~~~[m[K
[0.442s] [01m[K/home/qianlab/single_turtle_workspace/dependencies/traveler_controller/include/controller/inverse_kinematics.h:19:52:[m[K [01;31m[Kerror: [m[K‘[01m[KXY_pair[m[K’ has not been declared
[0.442s]    19 | bool linearTraj(float t_rel, float vel, XY_pair A, [01;31m[KXY_pair[m[K B, float& X, float& Y);
[0.442s]       |                                                    [01;31m[K^~~~~~~[m[K
[0.442s] [01m[K/home/qianlab/single_turtle_workspace/dependencies/traveler_controller/include/controller/inverse_kinematics.h:20:41:[m[K [01;31m[Kerror: [m[K‘[01m[KXY_pair[m[K’ has not been declared
[0.442s]    20 | bool linearTraj(float t_rel, float vel, [01;31m[KXY_pair[m[K A, XY_pair B,
[0.442s]       |                                         [01;31m[K^~~~~~~[m[K
[0.443s] [01m[K/home/qianlab/single_turtle_workspace/dependencies/traveler_controller/include/controller/inverse_kinematics.h:20:52:[m[K [01;31m[Kerror: [m[K‘[01m[KXY_pair[m[K’ has not been declared
[0.443s]    20 | bool linearTraj(float t_rel, float vel, XY_pair A, [01;31m[KXY_pair[m[K B,
[0.443s]       |                                                    [01;31m[K^~~~~~~[m[K
[0.443s] [01m[K/home/qianlab/single_turtle_workspace/dependencies/traveler_controller/include/controller/inverse_kinematics.h:21:17:[m[K [01;31m[Kerror: [m[K‘[01m[KXY_pair[m[K’ has not been declared
[0.443s]    21 |                 [01;31m[KXY_pair[m[K ToeXY, float& X, float& Y, float threshold = 0.01f);
[0.443s]       |                 [01;31m[K^~~~~~~[m[K
[0.443s] [01m[K/home/qianlab/single_turtle_workspace/dependencies/traveler_controller/include/controller/inverse_kinematics.h:26:16:[m[K [01;31m[Kerror: [m[K‘[01m[KXY_pair[m[K’ was not declared in this scope
[0.443s]    26 | bool validPath([01;31m[KXY_pair[m[K A, XY_pair B);
[0.443s]       |                [01;31m[K^~~~~~~[m[K
[0.443s] [01m[K/home/qianlab/single_turtle_workspace/dependencies/traveler_controller/include/controller/inverse_kinematics.h:26:27:[m[K [01;31m[Kerror: [m[K‘[01m[KXY_pair[m[K’ was not declared in this scope
[0.444s]    26 | bool validPath(XY_pair A, [01;31m[KXY_pair[m[K B);
[0.444s]       |                           [01;31m[K^~~~~~~[m[K
[0.444s] [01m[K/home/qianlab/single_turtle_workspace/dependencies/traveler_controller/include/controller/inverse_kinematics.h:26:36:[m[K [01;31m[Kerror: [m[Kexpression list treated as compound expression in initializer [[01;31m[K-fpermissive[m[K]
[0.444s]    26 | bool validPath(XY_pair A, XY_pair B[01;31m[K)[m[K;
[0.444s]       |                                    [01;31m[K^[m[K
[0.444s] [01m[K/home/qianlab/single_turtle_workspace/dependencies/traveler_controller/include/controller/inverse_kinematics.h:32:15:[m[K [01;31m[Kerror: [m[K‘[01m[KXY_pair[m[K’ was not declared in this scope
[0.444s]    32 | bool inBounds([01;31m[KXY_pair[m[K ToeXY);
[0.444s]       |               [01;31m[K^~~~~~~[m[K
[0.444s] [01m[K/home/qianlab/single_turtle_workspace/dependencies/traveler_controller/include/controller/inverse_kinematics.h:33:31:[m[K [01;31m[Kerror: [m[K‘[01m[Kbool inBounds(float, float)[m[K’ redeclared as different kind of entity
[0.444s]    33 | bool inBounds(float x, float y[01;31m[K)[m[K;
[0.444s]       |                               [01;31m[K^[m[K
[0.444s] [01m[K/home/qianlab/single_turtle_workspace/dependencies/traveler_controller/include/controller/inverse_kinematics.h:32:6:[m[K [01;36m[Knote: [m[Kprevious declaration ‘[01m[Kbool inBounds[m[K’
[0.444s]    32 | bool [01;36m[KinBounds[m[K(XY_pair ToeXY);
[0.445s]       |      [01;36m[K^~~~~~~~[m[K
[0.445s] [01m[K/home/qianlab/single_turtle_workspace/dependencies/traveler_controller/include/controller/inverse_kinematics.h:35:15:[m[K [01;31m[Kerror: [m[K‘[01m[KXY_pair[m[K’ was not declared in this scope
[0.445s]    35 | bool clamp_XY([01;31m[KXY_pair[m[K& P, float L = 0.0f);
[0.445s]       |               [01;31m[K^~~~~~~[m[K
[0.445s] [01m[K/home/qianlab/single_turtle_workspace/dependencies/traveler_controller/include/controller/inverse_kinematics.h:35:24:[m[K [01;31m[Kerror: [m[K‘[01m[KP[m[K’ was not declared in this scope
[0.445s]    35 | bool clamp_XY(XY_pair& [01;31m[KP[m[K, float L = 0.0f);
[0.445s]       |                        [01;31m[K^[m[K
[0.445s] [01m[K/home/qianlab/single_turtle_workspace/dependencies/traveler_controller/include/controller/inverse_kinematics.h:35:27:[m[K [01;31m[Kerror: [m[Kexpected primary-expression before ‘[01m[Kfloat[m[K’
[0.445s]    35 | bool clamp_XY(XY_pair& P, [01;31m[Kfloat[m[K L = 0.0f);
[0.445s]       |                           [01;31m[K^~~~~[m[K
[0.445s] [01m[K/home/qianlab/single_turtle_workspace/dependencies/traveler_controller/include/controller/inverse_kinematics.h:35:41:[m[K [01;31m[Kerror: [m[Kexpression list treated as compound expression in initializer [[01;31m[K-fpermissive[m[K]
[0.445s]    35 | bool clamp_XY(XY_pair& P, float L = 0.0f[01;31m[K)[m[K;
[0.445s]       |                                         [01;31m[K^[m[K
[0.446s] [01m[K/home/qianlab/single_turtle_workspace/dependencies/traveler_controller/include/controller/inverse_kinematics.h:36:16:[m[K [01;31m[Kerror: [m[K‘[01m[KXY_pair[m[K’ was not declared in this scope
[0.446s]    36 | float distance([01;31m[KXY_pair[m[K A, XY_pair B);
[0.446s]       |                [01;31m[K^~~~~~~[m[K
[0.447s] [01m[K/home/qianlab/single_turtle_workspace/dependencies/traveler_controller/include/controller/inverse_kinematics.h:36:27:[m[K [01;31m[Kerror: [m[K‘[01m[KXY_pair[m[K’ was not declared in this scope
[0.447s]    36 | float distance(XY_pair A, [01;31m[KXY_pair[m[K B);
[0.447s]       |                           [01;31m[K^~~~~~~[m[K
[0.447s] [01m[K/home/qianlab/single_turtle_workspace/dependencies/traveler_controller/include/controller/inverse_kinematics.h:36:36:[m[K [01;31m[Kerror: [m[Kexpression list treated as compound expression in initializer [[01;31m[K-fpermissive[m[K]
[0.447s]    36 | float distance(XY_pair A, XY_pair B[01;31m[K)[m[K;
[0.447s]       |                                    [01;31m[K^[m[K
[0.449s] In file included from [01m[K/home/qianlab/single_turtle_workspace/dependencies/traveler_controller/src/controller/trajectories_parser.cpp:1[m[K:
[0.449s] [01m[K/home/qianlab/single_turtle_workspace/dependencies/traveler_controller/include/controller/trajectories_parser.h:40:17:[m[K [01;31m[Kerror: [m[K‘[01m[KWaypoint[m[K’ was not declared in this scope
[0.449s]    40 |     std::vector<[01;31m[KWaypoint[m[K> waypoints_;
[0.449s]       |                 [01;31m[K^~~~~~~~[m[K
[0.449s] [01m[K/home/qianlab/single_turtle_workspace/dependencies/traveler_controller/include/controller/trajectories_parser.h:40:25:[m[K [01;31m[Kerror: [m[Ktemplate argument 1 is invalid
[0.449s]    40 |     std::vector<Waypoint[01;31m[K>[m[K waypoints_;
[0.449s]       |                         [01;31m[K^[m[K
[0.449s] [01m[K/home/qianlab/single_turtle_workspace/dependencies/traveler_controller/include/controller/trajectories_parser.h:40:25:[m[K [01;31m[Kerror: [m[Ktemplate argument 2 is invalid
[0.449s] [01m[K/home/qianlab/single_turtle_workspace/dependencies/traveler_controller/include/controller/trajectories_parser.h:41:5:[m[K [01;31m[Kerror: [m[K‘[01m[KWaypoint[m[K’ does not name a type
[0.449s]    41 |     [01;31m[KWaypoint[m[K curr_waypoint_;
[0.450s]       |     [01;31m[K^~~~~~~~[m[K
[0.450s] [01m[K/home/qianlab/single_turtle_workspace/dependencies/traveler_controller/include/controller/trajectories_parser.h:42:5:[m[K [01;31m[Kerror: [m[K‘[01m[KWaypoint[m[K’ does not name a type
[0.450s]    42 |     [01;31m[KWaypoint[m[K prev_waypoint_;
[0.451s]       |     [01;31m[K^~~~~~~~[m[K
[0.451s] [01m[K/home/qianlab/single_turtle_workspace/dependencies/traveler_controller/src/controller/trajectories_parser.cpp:[m[K In member function ‘[01m[Kvoid turtle_namespace::control::TrajectoriesParser::generateWaypoints(turtle&)[m[K’:
[0.451s] [01m[K/home/qianlab/single_turtle_workspace/dependencies/traveler_controller/src/controller/trajectories_parser.cpp:20:16:[m[K [01;31m[Kerror: [m[Krequest for member ‘[01m[Kclear[m[K’ in ‘[01m[K((turtle_namespace::control::TrajectoriesParser*)this)->turtle_namespace::control::TrajectoriesParser::waypoints_[m[K’, which is of non-class type ‘[01m[Kint[m[K’
[0.451s]    20 |     waypoints_.[01;31m[Kclear[m[K();
[0.451s]       |                [01;31m[K^~~~~[m[K
[0.451s] [01m[K/home/qianlab/single_turtle_workspace/dependencies/traveler_controller/src/controller/trajectories_parser.cpp:21:42:[m[K [01;31m[Kerror: [m[K‘[01m[Kstruct TrajectoryData[m[K’ has no member named ‘[01m[Knum_waypoints[m[K’
[0.451s]    21 |     for (int i = 0; i < turtle.traj_data.[01;31m[Knum_waypoints[m[K; i++) {
[0.451s]       |                                          [01;31m[K^~~~~~~~~~~~~[m[K
[0.452s] [01m[K/home/qianlab/single_turtle_workspace/dependencies/traveler_controller/src/controller/trajectories_parser.cpp:22:36:[m[K [01;31m[Kerror: [m[K‘[01m[Kstruct TrajectoryData[m[K’ has no member named ‘[01m[Kwaypoints_x[m[K’
[0.452s]    22 |         float x = turtle.traj_data.[01;31m[Kwaypoints_x[m[K[i];
[0.452s]       |                                    [01;31m[K^~~~~~~~~~~[m[K
[0.452s] [01m[K/home/qianlab/single_turtle_workspace/dependencies/traveler_controller/src/controller/trajectories_parser.cpp:23:36:[m[K [01;31m[Kerror: [m[K‘[01m[Kstruct TrajectoryData[m[K’ has no member named ‘[01m[Kwaypoints_y[m[K’
[0.452s]    23 |         float y = turtle.traj_data.[01;31m[Kwaypoints_y[m[K[i];
[0.452s]       |                                    [01;31m[K^~~~~~~~~~~[m[K
[0.452s] [01m[K/home/qianlab/single_turtle_workspace/dependencies/traveler_controller/src/controller/trajectories_parser.cpp:24:36:[m[K [01;31m[Kerror: [m[K‘[01m[Kstruct TrajectoryData[m[K’ has no member named ‘[01m[Kwaypoints_v[m[K’
[0.452s]    24 |         float v = turtle.traj_data.[01;31m[Kwaypoints_v[m[K[i];
[0.452s]       |                                    [01;31m[K^~~~~~~~~~~[m[K
[0.452s] [01m[K/home/qianlab/single_turtle_workspace/dependencies/traveler_controller/src/controller/trajectories_parser.cpp:25:20:[m[K [01;31m[Kerror: [m[Krequest for member ‘[01m[Kpush_back[m[K’ in ‘[01m[K((turtle_namespace::control::TrajectoriesParser*)this)->turtle_namespace::control::TrajectoriesParser::waypoints_[m[K’, which is of non-class type ‘[01m[Kint[m[K’
[0.453s]    25 |         waypoints_.[01;31m[Kpush_back[m[K(Waypoint(x, y, v, 0.0f));
[0.453s]       |                    [01;31m[K^~~~~~~~~[m[K
[0.453s] [01m[K/home/qianlab/single_turtle_workspace/dependencies/traveler_controller/src/controller/trajectories_parser.cpp:25:30:[m[K [01;31m[Kerror: [m[K‘[01m[KWaypoint[m[K’ was not declared in this scope; did you mean ‘[01m[Kwaypoints_[m[K’?
[0.453s]    25 |         waypoints_.push_back([01;31m[KWaypoint[m[K(x, y, v, 0.0f));
[0.453s]       |                              [01;31m[K^~~~~~~~[m[K
[0.453s]       |                              [32m[Kwaypoints_[m[K
[0.453s] [01m[K/home/qianlab/single_turtle_workspace/dependencies/traveler_controller/src/controller/trajectories_parser.cpp:29:36:[m[K [01;31m[Kerror: [m[Krequest for member ‘[01m[Ksize[m[K’ in ‘[01m[K((turtle_namespace::control::TrajectoriesParser*)this)->turtle_namespace::control::TrajectoriesParser::waypoints_[m[K’, which is of non-class type ‘[01m[Kint[m[K’
[0.453s]    29 |     for (int i = 0; i < waypoints_.[01;31m[Ksize[m[K(); i++) {
[0.453s]       |                                    [01;31m[K^~~~[m[K
[0.453s] [01m[K/home/qianlab/single_turtle_workspace/dependencies/traveler_controller/src/controller/trajectories_parser.cpp:31:31:[m[K [01;31m[Kerror: [m[Kinvalid types ‘[01m[Kint[int][m[K’ for array subscript
[0.453s]    31 |                i, waypoints_[i[01;31m[K][m[K.point.x, waypoints_[i].point.y, waypoints_[i].vel);
[0.453s]       |                               [01;31m[K^[m[K
[0.453s] [01m[K/home/qianlab/single_turtle_workspace/dependencies/traveler_controller/src/controller/trajectories_parser.cpp:31:54:[m[K [01;31m[Kerror: [m[Kinvalid types ‘[01m[Kint[int][m[K’ for array subscript
[0.453s]    31 |                i, waypoints_[i].point.x, waypoints_[i[01;31m[K][m[K.point.y, waypoints_[i].vel);
[0.454s]       |                                                      [01;31m[K^[m[K
[0.454s] [01m[K/home/qianlab/single_turtle_workspace/dependencies/traveler_controller/src/controller/trajectories_parser.cpp:31:77:[m[K [01;31m[Kerror: [m[Kinvalid types ‘[01m[Kint[int][m[K’ for array subscript
[0.454s]    31 |                i, waypoints_[i].point.x, waypoints_[i].point.y, waypoints_[i[01;31m[K][m[K.vel);
[0.454s]       |                                                                             [01;31m[K^[m[K
[0.455s] [01m[K/home/qianlab/single_turtle_workspace/dependencies/traveler_controller/src/controller/trajectories_parser.cpp:[m[K In member function ‘[01m[Kbool turtle_namespace::control::TrajectoriesParser::processWaypoint(turtle&)[m[K’:
[0.455s] [01m[K/home/qianlab/single_turtle_workspace/dependencies/traveler_controller/src/controller/trajectories_parser.cpp:38:24:[m[K [01;31m[Kerror: [m[K‘[01m[Kcurr_waypoint_[m[K’ was not declared in this scope
[0.455s]    38 |     if (linearTraj(t_, [01;31m[Kcurr_waypoint_[m[K.vel,
[0.455s]       |                        [01;31m[K^~~~~~~~~~~~~~[m[K
[0.456s] [01m[K/home/qianlab/single_turtle_workspace/dependencies/traveler_controller/src/controller/trajectories_parser.cpp:39:20:[m[K [01;31m[Kerror: [m[K‘[01m[Kprev_waypoint_[m[K’ was not declared in this scope
[0.456s]    39 |                    [01;31m[Kprev_waypoint_[m[K.point, curr_waypoint_.point,
[0.456s]       |                    [01;31m[K^~~~~~~~~~~~~~[m[K
[0.457s] [01m[K/home/qianlab/single_turtle_workspace/dependencies/traveler_controller/src/controller/trajectories_parser.cpp:[m[K In member function ‘[01m[Kbool turtle_namespace::control::TrajectoriesParser::waypointTrajectory(turtle&)[m[K’:
[0.457s] [01m[K/home/qianlab/single_turtle_workspace/dependencies/traveler_controller/src/controller/trajectories_parser.cpp:52:9:[m[K [01;31m[Kerror: [m[K‘[01m[Kprev_waypoint_[m[K’ was not declared in this scope
[0.457s]    52 |         [01;31m[Kprev_waypoint_[m[K = Waypoint(turtle.turtle_chassis.left_adduction.pos_estimate, turtle.turtle_chassis.left_sweeping.pos_estimate, 0.0f, 0.0f);
[0.458s]       |         [01;31m[K^~~~~~~~~~~~~~[m[K
[0.458s] [01m[K/home/qianlab/single_turtle_workspace/dependencies/traveler_controller/src/controller/trajectories_parser.cpp:52:26:[m[K [01;31m[Kerror: [m[K‘[01m[KWaypoint[m[K’ was not declared in this scope; did you mean ‘[01m[Kwaypoints_[m[K’?
[0.458s]    52 |         prev_waypoint_ = [01;31m[KWaypoint[m[K(turtle.turtle_chassis.left_adduction.pos_estimate, turtle.turtle_chassis.left_sweeping.pos_estimate, 0.0f, 0.0f);
[0.458s]       |                          [01;31m[K^~~~~~~~[m[K
[0.458s]       |                          [32m[Kwaypoints_[m[K
[0.460s] [01m[K/home/qianlab/single_turtle_workspace/dependencies/traveler_controller/src/controller/trajectories_parser.cpp:53:9:[m[K [01;31m[Kerror: [m[K‘[01m[Kcurr_waypoint_[m[K’ was not declared in this scope
[0.460s]    53 |         [01;31m[Kcurr_waypoint_[m[K = waypoints_[waypoint_index_];
[0.460s]       |         [01;31m[K^~~~~~~~~~~~~~[m[K
[0.460s] [01m[K/home/qianlab/single_turtle_workspace/dependencies/traveler_controller/src/controller/trajectories_parser.cpp:53:52:[m[K [01;31m[Kerror: [m[Kinvalid types ‘[01m[Kint[int][m[K’ for array subscript
[0.460s]    53 |         curr_waypoint_ = waypoints_[waypoint_index_[01;31m[K][m[K;
[0.460s]       |                                                    [01;31m[K^[m[K
[0.460s] [01m[K/home/qianlab/single_turtle_workspace/dependencies/traveler_controller/src/controller/trajectories_parser.cpp:58:39:[m[K [01;31m[Kerror: [m[Krequest for member ‘[01m[Ksize[m[K’ in ‘[01m[K((turtle_namespace::control::TrajectoriesParser*)this)->turtle_namespace::control::TrajectoriesParser::waypoints_[m[K’, which is of non-class type ‘[01m[Kint[m[K’
[0.460s]    58 |     if (waypoint_index_ >= waypoints_.[01;31m[Ksize[m[K()) {
[0.460s]       |                                       [01;31m[K^~~~[m[K
[0.460s] [01m[K/home/qianlab/single_turtle_workspace/dependencies/traveler_controller/src/controller/trajectories_parser.cpp:65:42:[m[K [01;31m[Kerror: [m[Krequest for member ‘[01m[Ksize[m[K’ in ‘[01m[K((turtle_namespace::control::TrajectoriesParser*)this)->turtle_namespace::control::TrajectoriesParser::waypoints_[m[K’, which is of non-class type ‘[01m[Kint[m[K’
[0.460s]    65 |         if (waypoint_index_ < waypoints_.[01;31m[Ksize[m[K()) {
[0.461s]       |                                          [01;31m[K^~~~[m[K
[0.461s] [01m[K/home/qianlab/single_turtle_workspace/dependencies/traveler_controller/src/controller/trajectories_parser.cpp:66:13:[m[K [01;31m[Kerror: [m[K‘[01m[Kprev_waypoint_[m[K’ was not declared in this scope
[0.461s]    66 |             [01;31m[Kprev_waypoint_[m[K = curr_waypoint_;
[0.461s]       |             [01;31m[K^~~~~~~~~~~~~~[m[K
[0.463s] [01m[K/home/qianlab/single_turtle_workspace/dependencies/traveler_controller/src/controller/trajectories_parser.cpp:66:30:[m[K [01;31m[Kerror: [m[K‘[01m[Kcurr_waypoint_[m[K’ was not declared in this scope
[0.463s]    66 |             prev_waypoint_ = [01;31m[Kcurr_waypoint_[m[K;
[0.463s]       |                              [01;31m[K^~~~~~~~~~~~~~[m[K
[0.463s] [01m[K/home/qianlab/single_turtle_workspace/dependencies/traveler_controller/src/controller/trajectories_parser.cpp:67:56:[m[K [01;31m[Kerror: [m[Kinvalid types ‘[01m[Kint[int][m[K’ for array subscript
[0.464s]    67 |             curr_waypoint_ = waypoints_[waypoint_index_[01;31m[K][m[K;
[0.464s]       |                                                        [01;31m[K^[m[K
[0.493s] make[2]: *** [CMakeFiles/turtle_high_controller.dir/build.make:89: CMakeFiles/turtle_high_controller.dir/src/controller/trajectories_parser.cpp.o] Error 1
[1.151s] [01m[K/home/qianlab/single_turtle_workspace/dependencies/traveler_controller/src/proxy/upperproxy.cpp:[m[K In member function ‘[01m[Kvoid turtle_namespace::control::upperproxy::manual_waypoints()[m[K’:
[1.151s] [01m[K/home/qianlab/single_turtle_workspace/dependencies/traveler_controller/src/proxy/upperproxy.cpp:33:8:[m[K [01;31m[Kerror: [m[K‘[01m[Kstruct TrajectoryData[m[K’ has no member named ‘[01m[Knum_waypoints[m[K’
[1.151s]    33 |     td.[01;31m[Knum_waypoints[m[K = 0;
[1.151s]       |        [01;31m[K^~~~~~~~~~~~~[m[K
[1.151s] [01m[K/home/qianlab/single_turtle_workspace/dependencies/traveler_controller/src/proxy/upperproxy.cpp:34:8:[m[K [01;31m[Kerror: [m[K‘[01m[Kstruct TrajectoryData[m[K’ has no member named ‘[01m[Kwaypoints_x[m[K’
[1.151s]    34 |     td.[01;31m[Kwaypoints_x[m[K.clear();
[1.152s]       |        [01;31m[K^~~~~~~~~~~[m[K
[1.152s] [01m[K/home/qianlab/single_turtle_workspace/dependencies/traveler_controller/src/proxy/upperproxy.cpp:35:8:[m[K [01;31m[Kerror: [m[K‘[01m[Kstruct TrajectoryData[m[K’ has no member named ‘[01m[Kwaypoints_y[m[K’
[1.152s]    35 |     td.[01;31m[Kwaypoints_y[m[K.clear();
[1.152s]       |        [01;31m[K^~~~~~~~~~~[m[K
[1.152s] [01m[K/home/qianlab/single_turtle_workspace/dependencies/traveler_controller/src/proxy/upperproxy.cpp:36:8:[m[K [01;31m[Kerror: [m[K‘[01m[Kstruct TrajectoryData[m[K’ has no member named ‘[01m[Kwaypoints_v[m[K’
[1.152s]    36 |     td.[01;31m[Kwaypoints_v[m[K.clear();
[1.152s]       |        [01;31m[K^~~~~~~~~~~[m[K
[1.152s] [01m[K/home/qianlab/single_turtle_workspace/dependencies/traveler_controller/src/proxy/upperproxy.cpp:[m[K In lambda function:
[1.152s] [01m[K/home/qianlab/single_turtle_workspace/dependencies/traveler_controller/src/proxy/upperproxy.cpp:39:12:[m[K [01;31m[Kerror: [m[K‘[01m[Kstruct TrajectoryData[m[K’ has no member named ‘[01m[Kwaypoints_x[m[K’
[1.152s]    39 |         td.[01;31m[Kwaypoints_x[m[K.push_back(x);
[1.152s]       |            [01;31m[K^~~~~~~~~~~[m[K
[1.152s] [01m[K/home/qianlab/single_turtle_workspace/dependencies/traveler_controller/src/proxy/upperproxy.cpp:40:12:[m[K [01;31m[Kerror: [m[K‘[01m[Kstruct TrajectoryData[m[K’ has no member named ‘[01m[Kwaypoints_y[m[K’
[1.153s]    40 |         td.[01;31m[Kwaypoints_y[m[K.push_back(y);
[1.153s]       |            [01;31m[K^~~~~~~~~~~[m[K
[1.153s] [01m[K/home/qianlab/single_turtle_workspace/dependencies/traveler_controller/src/proxy/upperproxy.cpp:41:12:[m[K [01;31m[Kerror: [m[K‘[01m[Kstruct TrajectoryData[m[K’ has no member named ‘[01m[Kwaypoints_v[m[K’
[1.153s]    41 |         td.[01;31m[Kwaypoints_v[m[K.push_back(v);
[1.153s]       |            [01;31m[K^~~~~~~~~~~[m[K
[1.153s] [01m[K/home/qianlab/single_turtle_workspace/dependencies/traveler_controller/src/proxy/upperproxy.cpp:42:12:[m[K [01;31m[Kerror: [m[K‘[01m[Kstruct TrajectoryData[m[K’ has no member named ‘[01m[Knum_waypoints[m[K’
[1.153s]    42 |         td.[01;31m[Knum_waypoints[m[K++;
[1.153s]       |            [01;31m[K^~~~~~~~~~~~~[m[K
[1.153s] [01m[K/home/qianlab/single_turtle_workspace/dependencies/traveler_controller/src/proxy/upperproxy.cpp:44:19:[m[K [01;31m[Kerror: [m[K‘[01m[Kstruct TrajectoryData[m[K’ has no member named ‘[01m[Knum_waypoints[m[K’
[1.153s]    44 |                td.[01;31m[Knum_waypoints[m[K, x, y, v);
[1.153s]       |                   [01;31m[K^~~~~~~~~~~~~[m[K
[1.153s] [01m[K/home/qianlab/single_turtle_workspace/dependencies/traveler_controller/src/proxy/upperproxy.cpp:[m[K In member function ‘[01m[Kvoid turtle_namespace::control::upperproxy::manual_waypoints()[m[K’:
[1.153s] [01m[K/home/qianlab/single_turtle_workspace/dependencies/traveler_controller/src/proxy/upperproxy.cpp:47:5:[m[K [01;31m[Kerror: [m[Kexpected ‘[01m[K,[m[K’ or ‘[01m[K;[m[K’ before ‘[01m[Kpush_xy[m[K’
[1.154s]    47 |     [01;31m[Kpush_xy[m[K(0.10f, 0.12f, 0.03f);
[1.154s]       |     [01;31m[K^~~~~~~[m[K
[1.323s] [01m[K/home/qianlab/single_turtle_workspace/dependencies/traveler_controller/src/can_driver/can_driver.cpp:[m[K In member function ‘[01m[Kvoid can_driver::get_motor_status(turtle&)[m[K’:
[1.323s] [01m[K/home/qianlab/single_turtle_workspace/dependencies/traveler_controller/src/can_driver/can_driver.cpp:219:30:[m[K [01;31m[Kerror: [m[K‘[01m[Kstruct turtle_status[m[K’ has no member named ‘[01m[Kright_adduction[m[K’; did you mean ‘[01m[Kleft_adduction[m[K’?
[1.323s]   219 |       turtle_.turtle_chassis.[01;31m[Kright_adduction[m[K = odrive_status_msg_1_axis1;
[1.323s]       |                              [01;31m[K^~~~~~~~~~~~~~~[m[K
[1.323s]       |                              [32m[Kleft_adduction[m[K
[1.324s] [01m[K/home/qianlab/single_turtle_workspace/dependencies/traveler_controller/src/can_driver/can_driver.cpp:220:30:[m[K [01;31m[Kerror: [m[K‘[01m[Kstruct turtle_status[m[K’ has no member named ‘[01m[Kright_sweeping[m[K’; did you mean ‘[01m[Kleft_sweeping[m[K’?
[1.324s]   220 |       turtle_.turtle_chassis.[01;31m[Kright_sweeping[m[K = odrive_status_msg_1_axis0;
[1.324s]       |                              [01;31m[K^~~~~~~~~~~~~~[m[K
[1.324s]       |                              [32m[Kleft_sweeping[m[K
[1.324s] [01m[K/home/qianlab/single_turtle_workspace/dependencies/traveler_controller/src/can_driver/can_driver.cpp:[m[K In member function ‘[01m[Kvoid can_driver::setControl(turtle&)[m[K’:
[1.324s] [01m[K/home/qianlab/single_turtle_workspace/dependencies/traveler_controller/src/can_driver/can_driver.cpp:228:27:[m[K [01;31m[Kerror: [m[K‘[01m[Kstruct turtle_command[m[K’ has no member named ‘[01m[Kright_adduction[m[K’; did you mean ‘[01m[Kleft_adduction[m[K’?
[1.324s]   228 |    turtle_.turtle_control.[01;31m[Kright_adduction[m[K.set_input_position_radian.can_channel = 1;
[1.324s]       |                           [01;31m[K^~~~~~~~~~~~~~~[m[K
[1.324s]       |                           [32m[Kleft_adduction[m[K
[1.324s] [01m[K/home/qianlab/single_turtle_workspace/dependencies/traveler_controller/src/can_driver/can_driver.cpp:229:27:[m[K [01;31m[Kerror: [m[K‘[01m[Kstruct turtle_command[m[K’ has no member named ‘[01m[Kright_sweeping[m[K’; did you mean ‘[01m[Kleft_sweeping[m[K’?
[1.325s]   229 |    turtle_.turtle_control.[01;31m[Kright_sweeping[m[K.set_input_position_radian.can_channel = 1;
[1.325s]       |                           [01;31m[K^~~~~~~~~~~~~~[m[K
[1.325s]       |                           [32m[Kleft_sweeping[m[K
[1.325s] [01m[K/home/qianlab/single_turtle_workspace/dependencies/traveler_controller/src/can_driver/can_driver.cpp:235:58:[m[K [01;31m[Kerror: [m[K‘[01m[Kstruct turtle_command[m[K’ has no member named ‘[01m[Kright_adduction[m[K’; did you mean ‘[01m[Kleft_adduction[m[K’?
[1.325s]   235 |       setPosition_right_adduction(turtle_.turtle_control.[01;31m[Kright_adduction[m[K.set_input_position_radian);
[1.325s]       |                                                          [01;31m[K^~~~~~~~~~~~~~~[m[K
[1.325s]       |                                                          [32m[Kleft_adduction[m[K
[1.325s] [01m[K/home/qianlab/single_turtle_workspace/dependencies/traveler_controller/src/can_driver/can_driver.cpp:236:57:[m[K [01;31m[Kerror: [m[K‘[01m[Kstruct turtle_command[m[K’ has no member named ‘[01m[Kright_sweeping[m[K’; did you mean ‘[01m[Kleft_sweeping[m[K’?
[1.325s]   236 |       setPosition_right_sweeping(turtle_.turtle_control.[01;31m[Kright_sweeping[m[K.set_input_position_radian);
[1.325s]       |                                                         [01;31m[K^~~~~~~~~~~~~~[m[K
[1.325s]       |                                                         [32m[Kleft_sweeping[m[K
[1.325s] [01m[K/home/qianlab/single_turtle_workspace/dependencies/traveler_controller/src/can_driver/can_driver.cpp:[m[K In member function ‘[01m[Kvoid can_driver::change_odrive_state(turtle&)[m[K’:
[1.325s] [01m[K/home/qianlab/single_turtle_workspace/dependencies/traveler_controller/src/can_driver/can_driver.cpp:248:51:[m[K [01;31m[Kerror: [m[K‘[01m[Kstruct motor_command[m[K’ has no member named ‘[01m[Kset_state[m[K’
[1.325s]   248 |             turtle_.turtle_control.left_adduction.[01;31m[Kset_state[m[K.can_channel = 1;
[1.325s]       |                                                   [01;31m[K^~~~~~~~~[m[K
[1.325s] [01m[K/home/qianlab/single_turtle_workspace/dependencies/traveler_controller/src/can_driver/can_driver.cpp:249:50:[m[K [01;31m[Kerror: [m[K‘[01m[Kstruct motor_command[m[K’ has no member named ‘[01m[Kset_state[m[K’
[1.325s]   249 |             turtle_.turtle_control.left_sweeping.[01;31m[Kset_state[m[K.can_channel = 1;
[1.326s]       |                                                  [01;31m[K^~~~~~~~~[m[K
[1.326s] [01m[K/home/qianlab/single_turtle_workspace/dependencies/traveler_controller/src/can_driver/can_driver.cpp:250:36:[m[K [01;31m[Kerror: [m[K‘[01m[Kstruct turtle_command[m[K’ has no member named ‘[01m[Kright_adduction[m[K’; did you mean ‘[01m[Kleft_adduction[m[K’?
[1.326s]   250 |             turtle_.turtle_control.[01;31m[Kright_adduction[m[K.set_state.can_channel = 0;
[1.326s]       |                                    [01;31m[K^~~~~~~~~~~~~~~[m[K
[1.326s]       |                                    [32m[Kleft_adduction[m[K
[1.326s] [01m[K/home/qianlab/single_turtle_workspace/dependencies/traveler_controller/src/can_driver/can_driver.cpp:251:36:[m[K [01;31m[Kerror: [m[K‘[01m[Kstruct turtle_command[m[K’ has no member named ‘[01m[Kright_sweeping[m[K’; did you mean ‘[01m[Kleft_sweeping[m[K’?
[1.326s]   251 |             turtle_.turtle_control.[01;31m[Kright_sweeping[m[K.set_state.can_channel = 0;
[1.326s]       |                                    [01;31m[K^~~~~~~~~~~~~~[m[K
[1.326s]       |                                    [32m[Kleft_sweeping[m[K
[1.326s] [01m[K/home/qianlab/single_turtle_workspace/dependencies/traveler_controller/src/can_driver/can_driver.cpp:252:51:[m[K [01;31m[Kerror: [m[K‘[01m[Kstruct motor_command[m[K’ has no member named ‘[01m[Kset_state[m[K’
[1.326s]   252 |             turtle_.turtle_control.left_adduction.[01;31m[Kset_state[m[K.set_state = 8;
[1.326s]       |                                                   [01;31m[K^~~~~~~~~[m[K
[1.326s] [01m[K/home/qianlab/single_turtle_workspace/dependencies/traveler_controller/src/can_driver/can_driver.cpp:253:50:[m[K [01;31m[Kerror: [m[K‘[01m[Kstruct motor_command[m[K’ has no member named ‘[01m[Kset_state[m[K’
[1.326s]   253 |             turtle_.turtle_control.left_sweeping.[01;31m[Kset_state[m[K.set_state = 8;
[1.326s]       |                                                  [01;31m[K^~~~~~~~~[m[K
[1.326s] [01m[K/home/qianlab/single_turtle_workspace/dependencies/traveler_controller/src/can_driver/can_driver.cpp:254:36:[m[K [01;31m[Kerror: [m[K‘[01m[Kstruct turtle_command[m[K’ has no member named ‘[01m[Kright_adduction[m[K’; did you mean ‘[01m[Kleft_adduction[m[K’?
[1.326s]   254 |             turtle_.turtle_control.[01;31m[Kright_adduction[m[K.set_state.set_state = 8;
[1.327s]       |                                    [01;31m[K^~~~~~~~~~~~~~~[m[K
[1.327s]       |                                    [32m[Kleft_adduction[m[K
[1.327s] [01m[K/home/qianlab/single_turtle_workspace/dependencies/traveler_controller/src/can_driver/can_driver.cpp:255:36:[m[K [01;31m[Kerror: [m[K‘[01m[Kstruct turtle_command[m[K’ has no member named ‘[01m[Kright_sweeping[m[K’; did you mean ‘[01m[Kleft_sweeping[m[K’?
[1.327s]   255 |             turtle_.turtle_control.[01;31m[Kright_sweeping[m[K.set_state.set_state = 8;
[1.327s]       |                                    [01;31m[K^~~~~~~~~~~~~~[m[K
[1.327s]       |                                    [32m[Kleft_sweeping[m[K
[1.327s] [01m[K/home/qianlab/single_turtle_workspace/dependencies/traveler_controller/src/can_driver/can_driver.cpp:256:75:[m[K [01;31m[Kerror: [m[K‘[01m[Kstruct motor_command[m[K’ has no member named ‘[01m[Kset_state[m[K’
[1.327s]   256 |             setstate_left_adduction(turtle_.turtle_control.left_adduction.[01;31m[Kset_state[m[K);
[1.327s]       |                                                                           [01;31m[K^~~~~~~~~[m[K
[1.327s] [01m[K/home/qianlab/single_turtle_workspace/dependencies/traveler_controller/src/can_driver/can_driver.cpp:257:73:[m[K [01;31m[Kerror: [m[K‘[01m[Kstruct motor_command[m[K’ has no member named ‘[01m[Kset_state[m[K’
[1.327s]   257 |             setstate_left_sweeping(turtle_.turtle_control.left_sweeping.[01;31m[Kset_state[m[K);
[1.327s]       |                                                                         [01;31m[K^~~~~~~~~[m[K
[1.327s] [01m[K/home/qianlab/single_turtle_workspace/dependencies/traveler_controller/src/can_driver/can_driver.cpp:258:61:[m[K [01;31m[Kerror: [m[K‘[01m[Kstruct turtle_command[m[K’ has no member named ‘[01m[Kright_adduction[m[K’; did you mean ‘[01m[Kleft_adduction[m[K’?
[1.327s]   258 |             setstate_right_adduction(turtle_.turtle_control.[01;31m[Kright_adduction[m[K.set_state);
[1.327s]       |                                                             [01;31m[K^~~~~~~~~~~~~~~[m[K
[1.327s]       |                                                             [32m[Kleft_adduction[m[K
[1.327s] [01m[K/home/qianlab/single_turtle_workspace/dependencies/traveler_controller/src/can_driver/can_driver.cpp:259:60:[m[K [01;31m[Kerror: [m[K‘[01m[Kstruct turtle_command[m[K’ has no member named ‘[01m[Kright_sweeping[m[K’; did you mean ‘[01m[Kleft_sweeping[m[K’?
[1.327s]   259 |             setstate_right_sweeping(turtle_.turtle_control.[01;31m[Kright_sweeping[m[K.set_state);
[1.327s]       |                                                            [01;31m[K^~~~~~~~~~~~~~[m[K
[1.327s]       |                                                            [32m[Kleft_sweeping[m[K
[1.328s] [01m[K/home/qianlab/single_turtle_workspace/dependencies/traveler_controller/src/can_driver/can_driver.cpp:270:51:[m[K [01;31m[Kerror: [m[K‘[01m[Kstruct motor_command[m[K’ has no member named ‘[01m[Kset_state[m[K’
[1.328s]   270 |             turtle_.turtle_control.left_adduction.[01;31m[Kset_state[m[K.can_channel = 1;
[1.328s]       |                                                   [01;31m[K^~~~~~~~~[m[K
[1.328s] [01m[K/home/qianlab/single_turtle_workspace/dependencies/traveler_controller/src/can_driver/can_driver.cpp:271:50:[m[K [01;31m[Kerror: [m[K‘[01m[Kstruct motor_command[m[K’ has no member named ‘[01m[Kset_state[m[K’
[1.328s]   271 |             turtle_.turtle_control.left_sweeping.[01;31m[Kset_state[m[K.can_channel = 1;
[1.328s]       |                                                  [01;31m[K^~~~~~~~~[m[K
[1.328s] [01m[K/home/qianlab/single_turtle_workspace/dependencies/traveler_controller/src/can_driver/can_driver.cpp:272:36:[m[K [01;31m[Kerror: [m[K‘[01m[Kstruct turtle_command[m[K’ has no member named ‘[01m[Kright_adduction[m[K’; did you mean ‘[01m[Kleft_adduction[m[K’?
[1.328s]   272 |             turtle_.turtle_control.[01;31m[Kright_adduction[m[K.set_state.can_channel = 0;
[1.328s]       |                                    [01;31m[K^~~~~~~~~~~~~~~[m[K
[1.328s]       |                                    [32m[Kleft_adduction[m[K
[1.328s] [01m[K/home/qianlab/single_turtle_workspace/dependencies/traveler_controller/src/can_driver/can_driver.cpp:273:36:[m[K [01;31m[Kerror: [m[K‘[01m[Kstruct turtle_command[m[K’ has no member named ‘[01m[Kright_sweeping[m[K’; did you mean ‘[01m[Kleft_sweeping[m[K’?
[1.328s]   273 |             turtle_.turtle_control.[01;31m[Kright_sweeping[m[K.set_state.can_channel = 0;
[1.328s]       |                                    [01;31m[K^~~~~~~~~~~~~~[m[K
[1.328s]       |                                    [32m[Kleft_sweeping[m[K
[1.328s] [01m[K/home/qianlab/single_turtle_workspace/dependencies/traveler_controller/src/can_driver/can_driver.cpp:274:51:[m[K [01;31m[Kerror: [m[K‘[01m[Kstruct motor_command[m[K’ has no member named ‘[01m[Kset_state[m[K’
[1.328s]   274 |             turtle_.turtle_control.left_adduction.[01;31m[Kset_state[m[K.set_state = 1;
[1.328s]       |                                                   [01;31m[K^~~~~~~~~[m[K
[1.328s] [01m[K/home/qianlab/single_turtle_workspace/dependencies/traveler_controller/src/can_driver/can_driver.cpp:275:50:[m[K [01;31m[Kerror: [m[K‘[01m[Kstruct motor_command[m[K’ has no member named ‘[01m[Kset_state[m[K’
[1.328s]   275 |             turtle_.turtle_control.left_sweeping.[01;31m[Kset_state[m[K.set_state = 1;
[1.329s]       |                                                  [01;31m[K^~~~~~~~~[m[K
[1.329s] [01m[K/home/qianlab/single_turtle_workspace/dependencies/traveler_controller/src/can_driver/can_driver.cpp:276:36:[m[K [01;31m[Kerror: [m[K‘[01m[Kstruct turtle_command[m[K’ has no member named ‘[01m[Kright_adduction[m[K’; did you mean ‘[01m[Kleft_adduction[m[K’?
[1.329s]   276 |             turtle_.turtle_control.[01;31m[Kright_adduction[m[K.set_state.set_state = 1;
[1.329s]       |                                    [01;31m[K^~~~~~~~~~~~~~~[m[K
[1.329s]       |                                    [32m[Kleft_adduction[m[K
[1.329s] [01m[K/home/qianlab/single_turtle_workspace/dependencies/traveler_controller/src/can_driver/can_driver.cpp:277:36:[m[K [01;31m[Kerror: [m[K‘[01m[Kstruct turtle_command[m[K’ has no member named ‘[01m[Kright_sweeping[m[K’; did you mean ‘[01m[Kleft_sweeping[m[K’?
[1.329s]   277 |             turtle_.turtle_control.[01;31m[Kright_sweeping[m[K.set_state.set_state = 1;
[1.329s]       |                                    [01;31m[K^~~~~~~~~~~~~~[m[K
[1.329s]       |                                    [32m[Kleft_sweeping[m[K
[1.329s] [01m[K/home/qianlab/single_turtle_workspace/dependencies/traveler_controller/src/can_driver/can_driver.cpp:278:75:[m[K [01;31m[Kerror: [m[K‘[01m[Kstruct motor_command[m[K’ has no member named ‘[01m[Kset_state[m[K’
[1.329s]   278 |             setstate_left_adduction(turtle_.turtle_control.left_adduction.[01;31m[Kset_state[m[K);
[1.329s]       |                                                                           [01;31m[K^~~~~~~~~[m[K
[1.329s] [01m[K/home/qianlab/single_turtle_workspace/dependencies/traveler_controller/src/can_driver/can_driver.cpp:279:73:[m[K [01;31m[Kerror: [m[K‘[01m[Kstruct motor_command[m[K’ has no member named ‘[01m[Kset_state[m[K’
[1.329s]   279 |             setstate_left_sweeping(turtle_.turtle_control.left_sweeping.[01;31m[Kset_state[m[K);
[1.329s]       |                                                                         [01;31m[K^~~~~~~~~[m[K
[1.329s] [01m[K/home/qianlab/single_turtle_workspace/dependencies/traveler_controller/src/can_driver/can_driver.cpp:280:61:[m[K [01;31m[Kerror: [m[K‘[01m[Kstruct turtle_command[m[K’ has no member named ‘[01m[Kright_adduction[m[K’; did you mean ‘[01m[Kleft_adduction[m[K’?
[1.329s]   280 |             setstate_right_adduction(turtle_.turtle_control.[01;31m[Kright_adduction[m[K.set_state);
[1.329s]       |                                                             [01;31m[K^~~~~~~~~~~~~~~[m[K
[1.329s]       |                                                             [32m[Kleft_adduction[m[K
[1.329s] [01m[K/home/qianlab/single_turtle_workspace/dependencies/traveler_controller/src/can_driver/can_driver.cpp:281:60:[m[K [01;31m[Kerror: [m[K‘[01m[Kstruct turtle_command[m[K’ has no member named ‘[01m[Kright_sweeping[m[K’; did you mean ‘[01m[Kleft_sweeping[m[K’?
[1.330s]   281 |             setstate_right_sweeping(turtle_.turtle_control.[01;31m[Kright_sweeping[m[K.set_state);
[1.330s]       |                                                            [01;31m[K^~~~~~~~~~~~~~[m[K
[1.330s]       |                                                            [32m[Kleft_sweeping[m[K
[1.605s] In file included from [01m[K/home/qianlab/single_turtle_workspace/dependencies/traveler_controller/src/proxy/lowerproxy.cpp:8[m[K:
[1.606s] [01m[K/home/qianlab/single_turtle_workspace/dependencies/traveler_controller/include/proxy/lowerproxy.h:97:17:[m[K [01;31m[Kerror: [m[K‘[01m[KXY_pair[m[K’ was not declared in this scope
[1.606s]    97 |     std::vector<[01;31m[KXY_pair[m[K> precomputed_;
[1.606s]       |                 [01;31m[K^~~~~~~[m[K
[1.606s] [01m[K/home/qianlab/single_turtle_workspace/dependencies/traveler_controller/include/proxy/lowerproxy.h:97:24:[m[K [01;31m[Kerror: [m[Ktemplate argument 1 is invalid
[1.606s]    97 |     std::vector<XY_pair[01;31m[K>[m[K precomputed_;
[1.606s]       |                        [01;31m[K^[m[K
[1.606s] [01m[K/home/qianlab/single_turtle_workspace/dependencies/traveler_controller/include/proxy/lowerproxy.h:97:24:[m[K [01;31m[Kerror: [m[Ktemplate argument 2 is invalid
[1.606s] In file included from [01m[K/home/qianlab/single_turtle_workspace/dependencies/traveler_controller/src/proxy/lowerproxy.cpp:9[m[K:
[1.606s] [01m[K/home/qianlab/single_turtle_workspace/dependencies/traveler_controller/include/controller/inverse_kinematics.h:14:47:[m[K [01;31m[Kerror: [m[K‘[01m[KXY_pair[m[K’ has not been declared
[1.606s]    14 | void abstractToPhysical(float L, float Theta, [01;31m[KXY_pair[m[K& point);
[1.606s]       |                                               [01;31m[K^~~~~~~[m[K
[1.606s] [01m[K/home/qianlab/single_turtle_workspace/dependencies/traveler_controller/include/controller/inverse_kinematics.h:19:41:[m[K [01;31m[Kerror: [m[K‘[01m[KXY_pair[m[K’ has not been declared
[1.606s]    19 | bool linearTraj(float t_rel, float vel, [01;31m[KXY_pair[m[K A, XY_pair B, float& X, float& Y);
[1.606s]       |                                         [01;31m[K^~~~~~~[m[K
[1.606s] [01m[K/home/qianlab/single_turtle_workspace/dependencies/traveler_controller/include/controller/inverse_kinematics.h:19:52:[m[K [01;31m[Kerror: [m[K‘[01m[KXY_pair[m[K’ has not been declared
[1.607s]    19 | bool linearTraj(float t_rel, float vel, XY_pair A, [01;31m[KXY_pair[m[K B, float& X, float& Y);
[1.607s]       |                                                    [01;31m[K^~~~~~~[m[K
[1.607s] [01m[K/home/qianlab/single_turtle_workspace/dependencies/traveler_controller/include/controller/inverse_kinematics.h:20:41:[m[K [01;31m[Kerror: [m[K‘[01m[KXY_pair[m[K’ has not been declared
[1.607s]    20 | bool linearTraj(float t_rel, float vel, [01;31m[KXY_pair[m[K A, XY_pair B,
[1.607s]       |                                         [01;31m[K^~~~~~~[m[K
[1.607s] [01m[K/home/qianlab/single_turtle_workspace/dependencies/traveler_controller/include/controller/inverse_kinematics.h:20:52:[m[K [01;31m[Kerror: [m[K‘[01m[KXY_pair[m[K’ has not been declared
[1.607s]    20 | bool linearTraj(float t_rel, float vel, XY_pair A, [01;31m[KXY_pair[m[K B,
[1.607s]       |                                                    [01;31m[K^~~~~~~[m[K
[1.607s] [01m[K/home/qianlab/single_turtle_workspace/dependencies/traveler_controller/include/controller/inverse_kinematics.h:21:17:[m[K [01;31m[Kerror: [m[K‘[01m[KXY_pair[m[K’ has not been declared
[1.607s]    21 |                 [01;31m[KXY_pair[m[K ToeXY, float& X, float& Y, float threshold = 0.01f);
[1.607s]       |                 [01;31m[K^~~~~~~[m[K
[1.608s] [01m[K/home/qianlab/single_turtle_workspace/dependencies/traveler_controller/include/controller/inverse_kinematics.h:26:16:[m[K [01;31m[Kerror: [m[K‘[01m[KXY_pair[m[K’ was not declared in this scope
[1.608s]    26 | bool validPath([01;31m[KXY_pair[m[K A, XY_pair B);
[1.608s]       |                [01;31m[K^~~~~~~[m[K
[1.609s] [01m[K/home/qianlab/single_turtle_workspace/dependencies/traveler_controller/include/controller/inverse_kinematics.h:26:27:[m[K [01;31m[Kerror: [m[K‘[01m[KXY_pair[m[K’ was not declared in this scope
[1.609s]    26 | bool validPath(XY_pair A, [01;31m[KXY_pair[m[K B);
[1.609s]       |                           [01;31m[K^~~~~~~[m[K
[1.609s] [01m[K/home/qianlab/single_turtle_workspace/dependencies/traveler_controller/include/controller/inverse_kinematics.h:26:36:[m[K [01;31m[Kerror: [m[Kexpression list treated as compound expression in initializer [[01;31m[K-fpermissive[m[K]
[1.610s]    26 | bool validPath(XY_pair A, XY_pair B[01;31m[K)[m[K;
[1.610s]       |                                    [01;31m[K^[m[K
[1.611s] [01m[K/home/qianlab/single_turtle_workspace/dependencies/traveler_controller/include/controller/inverse_kinematics.h:32:15:[m[K [01;31m[Kerror: [m[K‘[01m[KXY_pair[m[K’ was not declared in this scope
[1.611s]    32 | bool inBounds([01;31m[KXY_pair[m[K ToeXY);
[1.611s]       |               [01;31m[K^~~~~~~[m[K
[1.611s] [01m[K/home/qianlab/single_turtle_workspace/dependencies/traveler_controller/include/controller/inverse_kinematics.h:33:31:[m[K [01;31m[Kerror: [m[K‘[01m[Kbool inBounds(float, float)[m[K’ redeclared as different kind of entity
[1.611s]    33 | bool inBounds(float x, float y[01;31m[K)[m[K;
[1.611s]       |                               [01;31m[K^[m[K
[1.611s] [01m[K/home/qianlab/single_turtle_workspace/dependencies/traveler_controller/include/controller/inverse_kinematics.h:32:6:[m[K [01;36m[Knote: [m[Kprevious declaration ‘[01m[Kbool inBounds[m[K’
[1.611s]    32 | bool [01;36m[KinBounds[m[K(XY_pair ToeXY);
[1.611s]       |      [01;36m[K^~~~~~~~[m[K
[1.613s] [01m[K/home/qianlab/single_turtle_workspace/dependencies/traveler_controller/include/controller/inverse_kinematics.h:35:15:[m[K [01;31m[Kerror: [m[K‘[01m[KXY_pair[m[K’ was not declared in this scope
[1.613s]    35 | bool clamp_XY([01;31m[KXY_pair[m[K& P, float L = 0.0f);
[1.613s]       |               [01;31m[K^~~~~~~[m[K
[1.614s] [01m[K/home/qianlab/single_turtle_workspace/dependencies/traveler_controller/include/controller/inverse_kinematics.h:35:24:[m[K [01;31m[Kerror: [m[K‘[01m[KP[m[K’ was not declared in this scope
[1.614s]    35 | bool clamp_XY(XY_pair& [01;31m[KP[m[K, float L = 0.0f);
[1.614s]       |                        [01;31m[K^[m[K
[1.614s] [01m[K/home/qianlab/single_turtle_workspace/dependencies/traveler_controller/include/controller/inverse_kinematics.h:35:27:[m[K [01;31m[Kerror: [m[Kexpected primary-expression before ‘[01m[Kfloat[m[K’
[1.614s]    35 | bool clamp_XY(XY_pair& P, [01;31m[Kfloat[m[K L = 0.0f);
[1.614s]       |                           [01;31m[K^~~~~[m[K
[1.614s] [01m[K/home/qianlab/single_turtle_workspace/dependencies/traveler_controller/include/controller/inverse_kinematics.h:35:41:[m[K [01;31m[Kerror: [m[Kexpression list treated as compound expression in initializer [[01;31m[K-fpermissive[m[K]
[1.615s]    35 | bool clamp_XY(XY_pair& P, float L = 0.0f[01;31m[K)[m[K;
[1.615s]       |                                         [01;31m[K^[m[K
[1.616s] [01m[K/home/qianlab/single_turtle_workspace/dependencies/traveler_controller/include/controller/inverse_kinematics.h:36:16:[m[K [01;31m[Kerror: [m[K‘[01m[KXY_pair[m[K’ was not declared in this scope
[1.616s]    36 | float distance([01;31m[KXY_pair[m[K A, XY_pair B);
[1.616s]       |                [01;31m[K^~~~~~~[m[K
[1.617s] [01m[K/home/qianlab/single_turtle_workspace/dependencies/traveler_controller/include/controller/inverse_kinematics.h:36:27:[m[K [01;31m[Kerror: [m[K‘[01m[KXY_pair[m[K’ was not declared in this scope
[1.617s]    36 | float distance(XY_pair A, [01;31m[KXY_pair[m[K B);
[1.617s]       |                           [01;31m[K^~~~~~~[m[K
[1.617s] [01m[K/home/qianlab/single_turtle_workspace/dependencies/traveler_controller/include/controller/inverse_kinematics.h:36:36:[m[K [01;31m[Kerror: [m[Kexpression list treated as compound expression in initializer [[01;31m[K-fpermissive[m[K]
[1.618s]    36 | float distance(XY_pair A, XY_pair B[01;31m[K)[m[K;
[1.618s]       |                                    [01;31m[K^[m[K
[1.627s] [01m[K/home/qianlab/single_turtle_workspace/dependencies/traveler_controller/src/can_driver/can_driver.cpp:[m[K In member function ‘[01m[Kvoid can_driver::get_motor_status(turtle&)[m[K’:
[1.628s] [01m[K/home/qianlab/single_turtle_workspace/dependencies/traveler_controller/src/can_driver/can_driver.cpp:219:30:[m[K [01;31m[Kerror: [m[K‘[01m[Kstruct turtle_status[m[K’ has no member named ‘[01m[Kright_adduction[m[K’; did you mean ‘[01m[Kleft_adduction[m[K’?
[1.628s]   219 |       turtle_.turtle_chassis.[01;31m[Kright_adduction[m[K = odrive_status_msg_1_axis1;
[1.628s]       |                              [01;31m[K^~~~~~~~~~~~~~~[m[K
[1.628s]       |                              [32m[Kleft_adduction[m[K
[1.628s] [01m[K/home/qianlab/single_turtle_workspace/dependencies/traveler_controller/src/can_driver/can_driver.cpp:220:30:[m[K [01;31m[Kerror: [m[K‘[01m[Kstruct turtle_status[m[K’ has no member named ‘[01m[Kright_sweeping[m[K’; did you mean ‘[01m[Kleft_sweeping[m[K’?
[1.628s]   220 |       turtle_.turtle_chassis.[01;31m[Kright_sweeping[m[K = odrive_status_msg_1_axis0;
[1.628s]       |                              [01;31m[K^~~~~~~~~~~~~~[m[K
[1.629s]       |                              [32m[Kleft_sweeping[m[K
[1.629s] [01m[K/home/qianlab/single_turtle_workspace/dependencies/traveler_controller/src/can_driver/can_driver.cpp:[m[K In member function ‘[01m[Kvoid can_driver::setControl(turtle&)[m[K’:
[1.629s] [01m[K/home/qianlab/single_turtle_workspace/dependencies/traveler_controller/src/can_driver/can_driver.cpp:228:27:[m[K [01;31m[Kerror: [m[K‘[01m[Kstruct turtle_command[m[K’ has no member named ‘[01m[Kright_adduction[m[K’; did you mean ‘[01m[Kleft_adduction[m[K’?
[1.629s]   228 |    turtle_.turtle_control.[01;31m[Kright_adduction[m[K.set_input_position_radian.can_channel = 1;
[1.629s]       |                           [01;31m[K^~~~~~~~~~~~~~~[m[K
[1.629s]       |                           [32m[Kleft_adduction[m[K
[1.630s] [01m[K/home/qianlab/single_turtle_workspace/dependencies/traveler_controller/src/can_driver/can_driver.cpp:229:27:[m[K [01;31m[Kerror: [m[K‘[01m[Kstruct turtle_command[m[K’ has no member named ‘[01m[Kright_sweeping[m[K’; did you mean ‘[01m[Kleft_sweeping[m[K’?
[1.630s]   229 |    turtle_.turtle_control.[01;31m[Kright_sweeping[m[K.set_input_position_radian.can_channel = 1;
[1.630s]       |                           [01;31m[K^~~~~~~~~~~~~~[m[K
[1.630s]       |                           [32m[Kleft_sweeping[m[K
[1.630s] [01m[K/home/qianlab/single_turtle_workspace/dependencies/traveler_controller/src/can_driver/can_driver.cpp:235:58:[m[K [01;31m[Kerror: [m[K‘[01m[Kstruct turtle_command[m[K’ has no member named ‘[01m[Kright_adduction[m[K’; did you mean ‘[01m[Kleft_adduction[m[K’?
[1.630s]   235 |       setPosition_right_adduction(turtle_.turtle_control.[01;31m[Kright_adduction[m[K.set_input_position_radian);
[1.630s]       |                                                          [01;31m[K^~~~~~~~~~~~~~~[m[K
[1.630s]       |                                                          [32m[Kleft_adduction[m[K
[1.630s] [01m[K/home/qianlab/single_turtle_workspace/dependencies/traveler_controller/src/can_driver/can_driver.cpp:236:57:[m[K [01;31m[Kerror: [m[K‘[01m[Kstruct turtle_command[m[K’ has no member named ‘[01m[Kright_sweeping[m[K’; did you mean ‘[01m[Kleft_sweeping[m[K’?
[1.630s]   236 |       setPosition_right_sweeping(turtle_.turtle_control.[01;31m[Kright_sweeping[m[K.set_input_position_radian);
[1.630s]       |                                                         [01;31m[K^~~~~~~~~~~~~~[m[K
[1.630s]       |                                                         [32m[Kleft_sweeping[m[K
[1.631s] [01m[K/home/qianlab/single_turtle_workspace/dependencies/traveler_controller/src/can_driver/can_driver.cpp:[m[K In member function ‘[01m[Kvoid can_driver::change_odrive_state(turtle&)[m[K’:
[1.631s] [01m[K/home/qianlab/single_turtle_workspace/dependencies/traveler_controller/src/can_driver/can_driver.cpp:248:51:[m[K [01;31m[Kerror: [m[K‘[01m[Kstruct motor_command[m[K’ has no member named ‘[01m[Kset_state[m[K’
[1.631s]   248 |             turtle_.turtle_control.left_adduction.[01;31m[Kset_state[m[K.can_channel = 1;
[1.631s]       |                                                   [01;31m[K^~~~~~~~~[m[K
[1.631s] [01m[K/home/qianlab/single_turtle_workspace/dependencies/traveler_controller/src/can_driver/can_driver.cpp:249:50:[m[K [01;31m[Kerror: [m[K‘[01m[Kstruct motor_command[m[K’ has no member named ‘[01m[Kset_state[m[K’
[1.631s]   249 |             turtle_.turtle_control.left_sweeping.[01;31m[Kset_state[m[K.can_channel = 1;
[1.631s]       |                                                  [01;31m[K^~~~~~~~~[m[K
[1.631s] [01m[K/home/qianlab/single_turtle_workspace/dependencies/traveler_controller/src/can_driver/can_driver.cpp:250:36:[m[K [01;31m[Kerror: [m[K‘[01m[Kstruct turtle_command[m[K’ has no member named ‘[01m[Kright_adduction[m[K’; did you mean ‘[01m[Kleft_adduction[m[K’?
[1.631s]   250 |             turtle_.turtle_control.[01;31m[Kright_adduction[m[K.set_state.can_channel = 0;
[1.631s]       |                                    [01;31m[K^~~~~~~~~~~~~~~[m[K
[1.631s]       |                                    [32m[Kleft_adduction[m[K
[1.631s] [01m[K/home/qianlab/single_turtle_workspace/dependencies/traveler_controller/src/can_driver/can_driver.cpp:251:36:[m[K [01;31m[Kerror: [m[K‘[01m[Kstruct turtle_command[m[K’ has no member named ‘[01m[Kright_sweeping[m[K’; did you mean ‘[01m[Kleft_sweeping[m[K’?
[1.631s]   251 |             turtle_.turtle_control.[01;31m[Kright_sweeping[m[K.set_state.can_channel = 0;
[1.631s]       |                                    [01;31m[K^~~~~~~~~~~~~~[m[K
[1.632s]       |                                    [32m[Kleft_sweeping[m[K
[1.632s] [01m[K/home/qianlab/single_turtle_workspace/dependencies/traveler_controller/src/can_driver/can_driver.cpp:252:51:[m[K [01;31m[Kerror: [m[K‘[01m[Kstruct motor_command[m[K’ has no member named ‘[01m[Kset_state[m[K’
[1.632s]   252 |             turtle_.turtle_control.left_adduction.[01;31m[Kset_state[m[K.set_state = 8;
[1.632s]       |                                                   [01;31m[K^~~~~~~~~[m[K
[1.632s] [01m[K/home/qianlab/single_turtle_workspace/dependencies/traveler_controller/src/can_driver/can_driver.cpp:253:50:[m[K [01;31m[Kerror: [m[K‘[01m[Kstruct motor_command[m[K’ has no member named ‘[01m[Kset_state[m[K’
[1.632s]   253 |             turtle_.turtle_control.left_sweeping.[01;31m[Kset_state[m[K.set_state = 8;
[1.632s]       |                                                  [01;31m[K^~~~~~~~~[m[K
[1.632s] [01m[K/home/qianlab/single_turtle_workspace/dependencies/traveler_controller/src/can_driver/can_driver.cpp:254:36:[m[K [01;31m[Kerror: [m[K‘[01m[Kstruct turtle_command[m[K’ has no member named ‘[01m[Kright_adduction[m[K’; did you mean ‘[01m[Kleft_adduction[m[K’?
[1.632s]   254 |             turtle_.turtle_control.[01;31m[Kright_adduction[m[K.set_state.set_state = 8;
[1.632s]       |                                    [01;31m[K^~~~~~~~~~~~~~~[m[K
[1.632s]       |                                    [32m[Kleft_adduction[m[K
[1.632s] [01m[K/home/qianlab/single_turtle_workspace/dependencies/traveler_controller/src/can_driver/can_driver.cpp:255:36:[m[K [01;31m[Kerror: [m[K‘[01m[Kstruct turtle_command[m[K’ has no member named ‘[01m[Kright_sweeping[m[K’; did you mean ‘[01m[Kleft_sweeping[m[K’?
[1.632s]   255 |             turtle_.turtle_control.[01;31m[Kright_sweeping[m[K.set_state.set_state = 8;
[1.632s]       |                                    [01;31m[K^~~~~~~~~~~~~~[m[K
[1.632s]       |                                    [32m[Kleft_sweeping[m[K
[1.633s] [01m[K/home/qianlab/single_turtle_workspace/dependencies/traveler_controller/src/can_driver/can_driver.cpp:256:75:[m[K [01;31m[Kerror: [m[K‘[01m[Kstruct motor_command[m[K’ has no member named ‘[01m[Kset_state[m[K’
[1.633s]   256 |             setstate_left_adduction(turtle_.turtle_control.left_adduction.[01;31m[Kset_state[m[K);
[1.633s]       |                                                                           [01;31m[K^~~~~~~~~[m[K
[1.633s] [01m[K/home/qianlab/single_turtle_workspace/dependencies/traveler_controller/src/can_driver/can_driver.cpp:257:73:[m[K [01;31m[Kerror: [m[K‘[01m[Kstruct motor_command[m[K’ has no member named ‘[01m[Kset_state[m[K’
[1.633s]   257 |             setstate_left_sweeping(turtle_.turtle_control.left_sweeping.[01;31m[Kset_state[m[K);
[1.633s]       |                                                                         [01;31m[K^~~~~~~~~[m[K
[1.633s] [01m[K/home/qianlab/single_turtle_workspace/dependencies/traveler_controller/src/can_driver/can_driver.cpp:258:61:[m[K [01;31m[Kerror: [m[K‘[01m[Kstruct turtle_command[m[K’ has no member named ‘[01m[Kright_adduction[m[K’; did you mean ‘[01m[Kleft_adduction[m[K’?
[1.633s]   258 |             setstate_right_adduction(turtle_.turtle_control.[01;31m[Kright_adduction[m[K.set_state);
[1.633s]       |                                                             [01;31m[K^~~~~~~~~~~~~~~[m[K
[1.633s]       |                                                             [32m[Kleft_adduction[m[K
[1.633s] [01m[K/home/qianlab/single_turtle_workspace/dependencies/traveler_controller/src/can_driver/can_driver.cpp:259:60:[m[K [01;31m[Kerror: [m[K‘[01m[Kstruct turtle_command[m[K’ has no member named ‘[01m[Kright_sweeping[m[K’; did you mean ‘[01m[Kleft_sweeping[m[K’?
[1.633s]   259 |             setstate_right_sweeping(turtle_.turtle_control.[01;31m[Kright_sweeping[m[K.set_state);
[1.633s]       |                                                            [01;31m[K^~~~~~~~~~~~~~[m[K
[1.633s]       |                                                            [32m[Kleft_sweeping[m[K
[1.634s] [01m[K/home/qianlab/single_turtle_workspace/dependencies/traveler_controller/src/can_driver/can_driver.cpp:270:51:[m[K [01;31m[Kerror: [m[K‘[01m[Kstruct motor_command[m[K’ has no member named ‘[01m[Kset_state[m[K’
[1.634s]   270 |             turtle_.turtle_control.left_adduction.[01;31m[Kset_state[m[K.can_channel = 1;
[1.634s]       |                                                   [01;31m[K^~~~~~~~~[m[K
[1.634s] [01m[K/home/qianlab/single_turtle_workspace/dependencies/traveler_controller/src/can_driver/can_driver.cpp:271:50:[m[K [01;31m[Kerror: [m[K‘[01m[Kstruct motor_command[m[K’ has no member named ‘[01m[Kset_state[m[K’
[1.634s]   271 |             turtle_.turtle_control.left_sweeping.[01;31m[Kset_state[m[K.can_channel = 1;
[1.634s]       |                                                  [01;31m[K^~~~~~~~~[m[K
[1.634s] [01m[K/home/qianlab/single_turtle_workspace/dependencies/traveler_controller/src/can_driver/can_driver.cpp:272:36:[m[K [01;31m[Kerror: [m[K‘[01m[Kstruct turtle_command[m[K’ has no member named ‘[01m[Kright_adduction[m[K’; did you mean ‘[01m[Kleft_adduction[m[K’?
[1.634s]   272 |             turtle_.turtle_control.[01;31m[Kright_adduction[m[K.set_state.can_channel = 0;
[1.634s]       |                                    [01;31m[K^~~~~~~~~~~~~~~[m[K
[1.634s]       |                                    [32m[Kleft_adduction[m[K
[1.634s] [01m[K/home/qianlab/single_turtle_workspace/dependencies/traveler_controller/src/can_driver/can_driver.cpp:273:36:[m[K [01;31m[Kerror: [m[K‘[01m[Kstruct turtle_command[m[K’ has no member named ‘[01m[Kright_sweeping[m[K’; did you mean ‘[01m[Kleft_sweeping[m[K’?
[1.634s]   273 |             turtle_.turtle_control.[01;31m[Kright_sweeping[m[K.set_state.can_channel = 0;
[1.634s]       |                                    [01;31m[K^~~~~~~~~~~~~~[m[K
[1.634s]       |                                    [32m[Kleft_sweeping[m[K
[1.635s] [01m[K/home/qianlab/single_turtle_workspace/dependencies/traveler_controller/src/can_driver/can_driver.cpp:274:51:[m[K [01;31m[Kerror: [m[K‘[01m[Kstruct motor_command[m[K’ has no member named ‘[01m[Kset_state[m[K’
[1.635s]   274 |             turtle_.turtle_control.left_adduction.[01;31m[Kset_state[m[K.set_state = 1;
[1.635s]       |                                                   [01;31m[K^~~~~~~~~[m[K
[1.635s] [01m[K/home/qianlab/single_turtle_workspace/dependencies/traveler_controller/src/can_driver/can_driver.cpp:275:50:[m[K [01;31m[Kerror: [m[K‘[01m[Kstruct motor_command[m[K’ has no member named ‘[01m[Kset_state[m[K’
[1.635s]   275 |             turtle_.turtle_control.left_sweeping.[01;31m[Kset_state[m[K.set_state = 1;
[1.635s]       |                                                  [01;31m[K^~~~~~~~~[m[K
[1.635s] [01m[K/home/qianlab/single_turtle_workspace/dependencies/traveler_controller/src/can_driver/can_driver.cpp:276:36:[m[K [01;31m[Kerror: [m[K‘[01m[Kstruct turtle_command[m[K’ has no member named ‘[01m[Kright_adduction[m[K’; did you mean ‘[01m[Kleft_adduction[m[K’?
[1.635s]   276 |             turtle_.turtle_control.[01;31m[Kright_adduction[m[K.set_state.set_state = 1;
[1.635s]       |                                    [01;31m[K^~~~~~~~~~~~~~~[m[K
[1.635s]       |                                    [32m[Kleft_adduction[m[K
[1.635s] [01m[K/home/qianlab/single_turtle_workspace/dependencies/traveler_controller/src/can_driver/can_driver.cpp:277:36:[m[K [01;31m[Kerror: [m[K‘[01m[Kstruct turtle_command[m[K’ has no member named ‘[01m[Kright_sweeping[m[K’; did you mean ‘[01m[Kleft_sweeping[m[K’?
[1.635s]   277 |             turtle_.turtle_control.[01;31m[Kright_sweeping[m[K.set_state.set_state = 1;
[1.635s]       |                                    [01;31m[K^~~~~~~~~~~~~~[m[K
[1.635s]       |                                    [32m[Kleft_sweeping[m[K
[1.635s] [01m[K/home/qianlab/single_turtle_workspace/dependencies/traveler_controller/src/can_driver/can_driver.cpp:278:75:[m[K [01;31m[Kerror: [m[K‘[01m[Kstruct motor_command[m[K’ has no member named ‘[01m[Kset_state[m[K’
[1.636s]   278 |             setstate_left_adduction(turtle_.turtle_control.left_adduction.[01;31m[Kset_state[m[K);
[1.636s]       |                                                                           [01;31m[K^~~~~~~~~[m[K
[1.636s] [01m[K/home/qianlab/single_turtle_workspace/dependencies/traveler_controller/src/can_driver/can_driver.cpp:279:73:[m[K [01;31m[Kerror: [m[K‘[01m[Kstruct motor_command[m[K’ has no member named ‘[01m[Kset_state[m[K’
[1.636s]   279 |             setstate_left_sweeping(turtle_.turtle_control.left_sweeping.[01;31m[Kset_state[m[K);
[1.636s]       |                                                                         [01;31m[K^~~~~~~~~[m[K
[1.636s] [01m[K/home/qianlab/single_turtle_workspace/dependencies/traveler_controller/src/can_driver/can_driver.cpp:280:61:[m[K [01;31m[Kerror: [m[K‘[01m[Kstruct turtle_command[m[K’ has no member named ‘[01m[Kright_adduction[m[K’; did you mean ‘[01m[Kleft_adduction[m[K’?
[1.636s]   280 |             setstate_right_adduction(turtle_.turtle_control.[01;31m[Kright_adduction[m[K.set_state);
[1.636s]       |                                                             [01;31m[K^~~~~~~~~~~~~~~[m[K
[1.636s]       |                                                             [32m[Kleft_adduction[m[K
[1.636s] [01m[K/home/qianlab/single_turtle_workspace/dependencies/traveler_controller/src/can_driver/can_driver.cpp:281:60:[m[K [01;31m[Kerror: [m[K‘[01m[Kstruct turtle_command[m[K’ has no member named ‘[01m[Kright_sweeping[m[K’; did you mean ‘[01m[Kleft_sweeping[m[K’?
[1.636s]   281 |             setstate_right_sweeping(turtle_.turtle_control.[01;31m[Kright_sweeping[m[K.set_state);
[1.636s]       |                                                            [01;31m[K^~~~~~~~~~~~~~[m[K
[1.636s]       |                                                            [32m[Kleft_sweeping[m[K
[1.665s] In file included from [01m[K/home/qianlab/single_turtle_workspace/dependencies/traveler_controller/include/main.h:13[m[K,
[1.665s]                  from [01m[K/home/qianlab/single_turtle_workspace/dependencies/traveler_controller/src/main.cpp:8[m[K:
[1.666s] [01m[K/home/qianlab/single_turtle_workspace/dependencies/traveler_controller/include/proxy/lowerproxy.h:97:17:[m[K [01;31m[Kerror: [m[K‘[01m[KXY_pair[m[K’ was not declared in this scope
[1.666s]    97 |     std::vector<[01;31m[KXY_pair[m[K> precomputed_;
[1.666s]       |                 [01;31m[K^~~~~~~[m[K
[1.666s] [01m[K/home/qianlab/single_turtle_workspace/dependencies/traveler_controller/include/proxy/lowerproxy.h:97:24:[m[K [01;31m[Kerror: [m[Ktemplate argument 1 is invalid
[1.666s]    97 |     std::vector<XY_pair[01;31m[K>[m[K precomputed_;
[1.666s]       |                        [01;31m[K^[m[K
[1.666s] [01m[K/home/qianlab/single_turtle_workspace/dependencies/traveler_controller/include/proxy/lowerproxy.h:97:24:[m[K [01;31m[Kerror: [m[Ktemplate argument 2 is invalid
[1.669s] In file included from [01m[K/home/qianlab/single_turtle_workspace/dependencies/traveler_controller/include/controller/trajectories_parser.h:8[m[K,
[1.669s]                  from [01m[K/home/qianlab/single_turtle_workspace/dependencies/traveler_controller/include/main.h:15[m[K,
[1.669s]                  from [01m[K/home/qianlab/single_turtle_workspace/dependencies/traveler_controller/src/main.cpp:8[m[K:
[1.670s] [01m[K/home/qianlab/single_turtle_workspace/dependencies/traveler_controller/include/controller/inverse_kinematics.h:14:47:[m[K [01;31m[Kerror: [m[K‘[01m[KXY_pair[m[K’ has not been declared
[1.670s]    14 | void abstractToPhysical(float L, float Theta, [01;31m[KXY_pair[m[K& point);
[1.670s]       |                                               [01;31m[K^~~~~~~[m[K
[1.670s] [01m[K/home/qianlab/single_turtle_workspace/dependencies/traveler_controller/include/controller/inverse_kinematics.h:19:41:[m[K [01;31m[Kerror: [m[K‘[01m[KXY_pair[m[K’ has not been declared
[1.670s]    19 | bool linearTraj(float t_rel, float vel, [01;31m[KXY_pair[m[K A, XY_pair B, float& X, float& Y);
[1.670s]       |                                         [01;31m[K^~~~~~~[m[K
[1.670s] [01m[K/home/qianlab/single_turtle_workspace/dependencies/traveler_controller/include/controller/inverse_kinematics.h:19:52:[m[K [01;31m[Kerror: [m[K‘[01m[KXY_pair[m[K’ has not been declared
[1.670s]    19 | bool linearTraj(float t_rel, float vel, XY_pair A, [01;31m[KXY_pair[m[K B, float& X, float& Y);
[1.670s]       |                                                    [01;31m[K^~~~~~~[m[K
[1.670s] [01m[K/home/qianlab/single_turtle_workspace/dependencies/traveler_controller/include/controller/inverse_kinematics.h:20:41:[m[K [01;31m[Kerror: [m[K‘[01m[KXY_pair[m[K’ has not been declared
[1.670s]    20 | bool linearTraj(float t_rel, float vel, [01;31m[KXY_pair[m[K A, XY_pair B,
[1.670s]       |                                         [01;31m[K^~~~~~~[m[K
[1.670s] [01m[K/home/qianlab/single_turtle_workspace/dependencies/traveler_controller/include/controller/inverse_kinematics.h:20:52:[m[K [01;31m[Kerror: [m[K‘[01m[KXY_pair[m[K’ has not been declared
[1.670s]    20 | bool linearTraj(float t_rel, float vel, XY_pair A, [01;31m[KXY_pair[m[K B,
[1.670s]       |                                                    [01;31m[K^~~~~~~[m[K
[1.671s] [01m[K/home/qianlab/single_turtle_workspace/dependencies/traveler_controller/include/controller/inverse_kinematics.h:21:17:[m[K [01;31m[Kerror: [m[K‘[01m[KXY_pair[m[K’ has not been declared
[1.671s]    21 |                 [01;31m[KXY_pair[m[K ToeXY, float& X, float& Y, float threshold = 0.01f);
[1.671s]       |                 [01;31m[K^~~~~~~[m[K
[1.671s] [01m[K/home/qianlab/single_turtle_workspace/dependencies/traveler_controller/include/controller/inverse_kinematics.h:26:16:[m[K [01;31m[Kerror: [m[K‘[01m[KXY_pair[m[K’ was not declared in this scope
[1.671s]    26 | bool validPath([01;31m[KXY_pair[m[K A, XY_pair B);
[1.671s]       |                [01;31m[K^~~~~~~[m[K
[1.673s] [01m[K/home/qianlab/single_turtle_workspace/dependencies/traveler_controller/include/controller/inverse_kinematics.h:26:27:[m[K [01;31m[Kerror: [m[K‘[01m[KXY_pair[m[K’ was not declared in this scope
[1.673s]    26 | bool validPath(XY_pair A, [01;31m[KXY_pair[m[K B);
[1.673s]       |                           [01;31m[K^~~~~~~[m[K
[1.673s] [01m[K/home/qianlab/single_turtle_workspace/dependencies/traveler_controller/include/controller/inverse_kinematics.h:26:36:[m[K [01;31m[Kerror: [m[Kexpression list treated as compound expression in initializer [[01;31m[K-fpermissive[m[K]
[1.673s]    26 | bool validPath(XY_pair A, XY_pair B[01;31m[K)[m[K;
[1.673s]       |                                    [01;31m[K^[m[K
[1.675s] [01m[K/home/qianlab/single_turtle_workspace/dependencies/traveler_controller/include/controller/inverse_kinematics.h:32:15:[m[K [01;31m[Kerror: [m[K‘[01m[KXY_pair[m[K’ was not declared in this scope
[1.675s]    32 | bool inBounds([01;31m[KXY_pair[m[K ToeXY);
[1.675s]       |               [01;31m[K^~~~~~~[m[K
[1.675s] [01m[K/home/qianlab/single_turtle_workspace/dependencies/traveler_controller/include/controller/inverse_kinematics.h:33:31:[m[K [01;31m[Kerror: [m[K‘[01m[Kbool inBounds(float, float)[m[K’ redeclared as different kind of entity
[1.675s]    33 | bool inBounds(float x, float y[01;31m[K)[m[K;
[1.675s]       |                               [01;31m[K^[m[K
[1.675s] [01m[K/home/qianlab/single_turtle_workspace/dependencies/traveler_controller/include/controller/inverse_kinematics.h:32:6:[m[K [01;36m[Knote: [m[Kprevious declaration ‘[01m[Kbool inBounds[m[K’
[1.675s]    32 | bool [01;36m[KinBounds[m[K(XY_pair ToeXY);
[1.675s]       |      [01;36m[K^~~~~~~~[m[K
[1.676s] [01m[K/home/qianlab/single_turtle_workspace/dependencies/traveler_controller/include/controller/inverse_kinematics.h:35:15:[m[K [01;31m[Kerror: [m[K‘[01m[KXY_pair[m[K’ was not declared in this scope
[1.677s]    35 | bool clamp_XY([01;31m[KXY_pair[m[K& P, float L = 0.0f);
[1.677s]       |               [01;31m[K^~~~~~~[m[K
[1.678s] [01m[K/home/qianlab/single_turtle_workspace/dependencies/traveler_controller/include/controller/inverse_kinematics.h:35:24:[m[K [01;31m[Kerror: [m[K‘[01m[KP[m[K’ was not declared in this scope
[1.678s]    35 | bool clamp_XY(XY_pair& [01;31m[KP[m[K, float L = 0.0f);
[1.678s]       |                        [01;31m[K^[m[K
[1.678s] [01m[K/home/qianlab/single_turtle_workspace/dependencies/traveler_controller/include/controller/inverse_kinematics.h:35:27:[m[K [01;31m[Kerror: [m[Kexpected primary-expression before ‘[01m[Kfloat[m[K’
[1.678s]    35 | bool clamp_XY(XY_pair& P, [01;31m[Kfloat[m[K L = 0.0f);
[1.678s]       |                           [01;31m[K^~~~~[m[K
[1.678s] [01m[K/home/qianlab/single_turtle_workspace/dependencies/traveler_controller/include/controller/inverse_kinematics.h:35:41:[m[K [01;31m[Kerror: [m[Kexpression list treated as compound expression in initializer [[01;31m[K-fpermissive[m[K]
[1.679s]    35 | bool clamp_XY(XY_pair& P, float L = 0.0f[01;31m[K)[m[K;
[1.679s]       |                                         [01;31m[K^[m[K
[1.680s] [01m[K/home/qianlab/single_turtle_workspace/dependencies/traveler_controller/include/controller/inverse_kinematics.h:36:16:[m[K [01;31m[Kerror: [m[K‘[01m[KXY_pair[m[K’ was not declared in this scope
[1.680s]    36 | float distance([01;31m[KXY_pair[m[K A, XY_pair B);
[1.680s]       |                [01;31m[K^~~~~~~[m[K
[1.682s] [01m[K/home/qianlab/single_turtle_workspace/dependencies/traveler_controller/include/controller/inverse_kinematics.h:36:27:[m[K [01;31m[Kerror: [m[K‘[01m[KXY_pair[m[K’ was not declared in this scope
[1.682s]    36 | float distance(XY_pair A, [01;31m[KXY_pair[m[K B);
[1.682s]       |                           [01;31m[K^~~~~~~[m[K
[1.682s] [01m[K/home/qianlab/single_turtle_workspace/dependencies/traveler_controller/include/controller/inverse_kinematics.h:36:36:[m[K [01;31m[Kerror: [m[Kexpression list treated as compound expression in initializer [[01;31m[K-fpermissive[m[K]
[1.683s]    36 | float distance(XY_pair A, XY_pair B[01;31m[K)[m[K;
[1.683s]       |                                    [01;31m[K^[m[K
[1.685s] In file included from [01m[K/home/qianlab/single_turtle_workspace/dependencies/traveler_controller/include/main.h:15[m[K,
[1.685s]                  from [01m[K/home/qianlab/single_turtle_workspace/dependencies/traveler_controller/src/main.cpp:8[m[K:
[1.685s] [01m[K/home/qianlab/single_turtle_workspace/dependencies/traveler_controller/include/controller/trajectories_parser.h:40:17:[m[K [01;31m[Kerror: [m[K‘[01m[KWaypoint[m[K’ was not declared in this scope
[1.685s]    40 |     std::vector<[01;31m[KWaypoint[m[K> waypoints_;
[1.685s]       |                 [01;31m[K^~~~~~~~[m[K
[1.685s] [01m[K/home/qianlab/single_turtle_workspace/dependencies/traveler_controller/include/controller/trajectories_parser.h:40:25:[m[K [01;31m[Kerror: [m[Ktemplate argument 1 is invalid
[1.685s]    40 |     std::vector<Waypoint[01;31m[K>[m[K waypoints_;
[1.685s]       |                         [01;31m[K^[m[K
[1.685s] [01m[K/home/qianlab/single_turtle_workspace/dependencies/traveler_controller/include/controller/trajectories_parser.h:40:25:[m[K [01;31m[Kerror: [m[Ktemplate argument 2 is invalid
[1.687s] [01m[K/home/qianlab/single_turtle_workspace/dependencies/traveler_controller/include/controller/trajectories_parser.h:41:5:[m[K [01;31m[Kerror: [m[K‘[01m[KWaypoint[m[K’ does not name a type
[1.687s]    41 |     [01;31m[KWaypoint[m[K curr_waypoint_;
[1.687s]       |     [01;31m[K^~~~~~~~[m[K
[1.688s] [01m[K/home/qianlab/single_turtle_workspace/dependencies/traveler_controller/src/proxy/lowerproxy.cpp:[m[K In member function ‘[01m[Kvoid turtle_namespace::control::lowerproxy::calculate_position(turtle&)[m[K’:
[1.688s] [01m[K/home/qianlab/single_turtle_workspace/dependencies/traveler_controller/src/proxy/lowerproxy.cpp:42:47:[m[K [01;31m[Kerror: [m[K‘[01m[Kstruct motor_command[m[K’ has no member named ‘[01m[Kmotor_control_position[m[K’
[1.688s]    42 |         turtle_.turtle_control.left_adduction.[01;31m[Kmotor_control_position[m[K;
[1.688s]       |                                               [01;31m[K^~~~~~~~~~~~~~~~~~~~~~[m[K
[1.688s] [01m[K/home/qianlab/single_turtle_workspace/dependencies/traveler_controller/src/proxy/lowerproxy.cpp:45:46:[m[K [01;31m[Kerror: [m[K‘[01m[Kstruct motor_command[m[K’ has no member named ‘[01m[Kmotor_control_position[m[K’
[1.688s]    45 |         turtle_.turtle_control.left_sweeping.[01;31m[Kmotor_control_position[m[K;
[1.688s]       |                                              [01;31m[K^~~~~~~~~~~~~~~~~~~~~~[m[K
[1.688s] [01m[K/home/qianlab/single_turtle_workspace/dependencies/traveler_controller/include/controller/trajectories_parser.h:42:5:[m[K [01;31m[Kerror: [m[K‘[01m[KWaypoint[m[K’ does not name a type
[1.688s]    42 |     [01;31m[KWaypoint[m[K prev_waypoint_;
[1.688s]       |     [01;31m[K^~~~~~~~[m[K
[1.739s] make[2]: *** [CMakeFiles/turtle_high_controller.dir/build.make:128: CMakeFiles/turtle_high_controller.dir/src/can_driver/can_driver.cpp.o] Error 1
[2.081s] make[2]: *** [CMakeFiles/odrive_can_interface.dir/build.make:76: CMakeFiles/odrive_can_interface.dir/src/can_driver/can_driver.cpp.o] Error 1
[2.081s] make[1]: *** [CMakeFiles/Makefile2:80: CMakeFiles/odrive_can_interface.dir/all] Error 2
[2.081s] make[1]: *** Waiting for unfinished jobs....
[2.247s] In file included from [01m[K/home/qianlab/single_turtle_workspace/dependencies/traveler_controller/src/main.cpp:8[m[K:
[2.247s] [01m[K/home/qianlab/single_turtle_workspace/dependencies/traveler_controller/include/main.h:48:14:[m[K [01;35m[Kwarning: [m[K‘[01m[Ktimer[m[K’ defined but not used [[01;35m[K-Wunused-variable[m[K]
[2.247s]    48 | static float [01;35m[Ktimer[m[K[10] = { 0 };
[2.247s]       |              [01;35m[K^~~~~[m[K
[2.247s] [01m[K/home/qianlab/single_turtle_workspace/dependencies/traveler_controller/include/main.h:46:12:[m[K [01;35m[Kwarning: [m[K‘[01m[Kinit_done[m[K’ defined but not used [[01;35m[K-Wunused-variable[m[K]
[2.247s]    46 | static int [01;35m[Kinit_done[m[K = 0;
[2.247s]       |            [01;35m[K^~~~~~~~~[m[K
[2.247s] [01m[K/home/qianlab/single_turtle_workspace/dependencies/traveler_controller/include/main.h:45:14:[m[K [01;35m[Kwarning: [m[K‘[01m[Kinit_cnt[m[K’ defined but not used [[01;35m[K-Wunused-variable[m[K]
[2.248s]    45 | static float [01;35m[Kinit_cnt[m[K = 0;
[2.248s]       |              [01;35m[K^~~~~~~~[m[K
[2.256s] make[2]: *** [CMakeFiles/turtle_high_controller.dir/build.make:115: CMakeFiles/turtle_high_controller.dir/src/proxy/upperproxy.cpp.o] Error 1
[2.259s] make[2]: *** [CMakeFiles/turtle_high_controller.dir/build.make:63: CMakeFiles/turtle_high_controller.dir/src/main.cpp.o] Error 1
[2.461s] make[2]: *** [CMakeFiles/turtle_high_controller.dir/build.make:102: CMakeFiles/turtle_high_controller.dir/src/proxy/lowerproxy.cpp.o] Error 1
[2.461s] make[1]: *** [CMakeFiles/Makefile2:107: CMakeFiles/turtle_high_controller.dir/all] Error 2
[2.461s] make: *** [Makefile:141: all] Error 2
[2.464s] Invoked command in '/home/qianlab/single_turtle_workspace/build/turtle_high_controller' returned '2': AMENT_PREFIX_PATH=/home/qianlab/single_turtle_workspace/install/traveler_msgs:${AMENT_PREFIX_PATH} CMAKE_PREFIX_PATH=/home/qianlab/single_turtle_workspace/install/traveler_msgs:/home/qianlab/lassie-traveler/dependencies/install/traveler_high_controller:/home/qianlab/lassie-traveler/dependencies/install/traveler_msgs:/opt/ros/foxy LD_LIBRARY_PATH=/home/qianlab/single_turtle_workspace/install/traveler_msgs/lib:${LD_LIBRARY_PATH} PYTHONPATH=/home/qianlab/single_turtle_workspace/install/traveler_msgs/lib/python3.8/site-packages:${PYTHONPATH} /usr/bin/cmake --build /home/qianlab/single_turtle_workspace/build/turtle_high_controller -- -j12 -l12
