[0.000000] (-) TimerEvent: {}
[0.000196] (traveler_msgs) JobQueued: {'identifier': 'traveler_msgs', 'dependencies': OrderedDict()}
[0.000327] (traveler_optitrack) JobQueued: {'identifier': 'traveler_optitrack', 'dependencies': OrderedDict()}
[0.000400] (turtle_high_controller) JobQueued: {'identifier': 'turtle_high_controller', 'dependencies': OrderedDict([('traveler_msgs', '/home/qianlab/single_turtle_workspace/install/traveler_msgs')])}
[0.000413] (traveler_msgs) JobStarted: {'identifier': 'traveler_msgs'}
[0.007201] (traveler_optitrack) JobStarted: {'identifier': 'traveler_optitrack'}
[0.012722] (traveler_msgs) JobProgress: {'identifier': 'traveler_msgs', 'progress': 'cmake'}
[0.013234] (traveler_msgs) JobProgress: {'identifier': 'traveler_msgs', 'progress': 'build'}
[0.013858] (traveler_msgs) Command: {'cmd': ['/usr/bin/cmake', '--build', '/home/qianlab/single_turtle_workspace/build/traveler_msgs', '--', '-j12', '-l12'], 'cwd': '/home/qianlab/single_turtle_workspace/build/traveler_msgs', 'env': OrderedDict([('GJS_DEBUG_TOPICS', 'JS ERROR;JS LOG'), ('LESSOPEN', '| /usr/bin/lesspipe %s'), ('USER', 'qianlab'), ('SSH_AGENT_PID', '2033'), ('XDG_SESSION_TYPE', 'x11'), ('GIT_ASKPASS', '/usr/share/code/resources/app/extensions/git/dist/askpass.sh'), ('SHLVL', '1'), ('LD_LIBRARY_PATH', '/home/qianlab/lassie-traveler/dependencies/install/traveler_msgs/lib:/opt/ros/foxy/opt/yaml_cpp_vendor/lib:/opt/ros/foxy/opt/rviz_ogre_vendor/lib:/opt/ros/foxy/lib/x86_64-linux-gnu:/opt/ros/foxy/lib'), ('HOME', '/home/qianlab'), ('CHROME_DESKTOP', 'code.desktop'), ('CONDA_SHLVL', '0'), ('TERM_PROGRAM_VERSION', '1.100.3'), ('DESKTOP_SESSION', 'ubuntu'), ('NVM_BIN', '/home/qianlab/.nvm/versions/node/v12.18.3/bin'), ('NVM_INC', '/home/qianlab/.nvm/versions/node/v12.18.3/include/node'), ('GIO_LAUNCHED_DESKTOP_FILE', '/usr/share/applications/code.desktop'), ('ROS_PYTHON_VERSION', '3'), ('GNOME_SHELL_SESSION_MODE', 'ubuntu'), ('GTK_MODULES', 'gail:atk-bridge'), ('VSCODE_GIT_ASKPASS_MAIN', '/usr/share/code/resources/app/extensions/git/dist/askpass-main.js'), ('VSCODE_GIT_ASKPASS_NODE', '/usr/share/code/code'), ('MANAGERPID', '1924'), ('DBUS_SESSION_BUS_ADDRESS', 'unix:path=/run/user/1000/bus'), ('COLORTERM', 'truecolor'), ('_CE_M', ''), ('GIO_LAUNCHED_DESKTOP_FILE_PID', '2660'), ('NVM_DIR', '/home/qianlab/.nvm'), ('MANDATORY_PATH', '/usr/share/gconf/ubuntu.mandatory.path'), ('IM_CONFIG_PHASE', '1'), ('COLCON_PREFIX_PATH', '/home/qianlab/lassie-traveler/dependencies/install'), ('ROS_DISTRO', 'foxy'), ('LOGNAME', 'qianlab'), ('JOURNAL_STREAM', '8:56505'), ('_', '/usr/bin/colcon'), ('ROS_VERSION', '2'), ('XDG_SESSION_CLASS', 'user'), ('DEFAULTS_PATH', '/usr/share/gconf/ubuntu.default.path'), ('USERNAME', 'qianlab'), ('TERM', 'xterm-256color'), ('GNOME_DESKTOP_SESSION_ID', 'this-is-deprecated'), ('_CE_CONDA', ''), ('ROS_LOCALHOST_ONLY', '0'), ('WINDOWPATH', '2'), ('PATH', '/home/qianlab/ghost_robotics/arm_toolchain/bin:/home/qianlab/.local/bin:/home/qianlab/ghost_robotics/arm_toolchain/bin:/home/qianlab/miniconda3/condabin:/home/qianlab/.nvm/versions/node/v12.18.3/bin:/opt/ros/foxy/bin:/home/qianlab/.local/bin:/usr/local/sbin:/usr/local/bin:/usr/sbin:/usr/bin:/sbin:/bin:/usr/games:/usr/local/games:/snap/bin'), ('SESSION_MANAGER', 'local/qianlab-Yoga-7-14IAL7:@/tmp/.ICE-unix/2071,unix/qianlab-Yoga-7-14IAL7:/tmp/.ICE-unix/2071'), ('INVOCATION_ID', 'ada520d1c1f94e228d33304f77e601b8'), ('XDG_MENU_PREFIX', 'gnome-'), ('XDG_RUNTIME_DIR', '/run/user/1000'), ('GDK_BACKEND', 'x11'), ('DISPLAY', ':0'), ('LANG', 'en_US.UTF-8'), ('XDG_CURRENT_DESKTOP', 'Unity'), ('XMODIFIERS', '@im=ibus'), ('XDG_SESSION_DESKTOP', 'ubuntu'), ('XAUTHORITY', '/run/user/1000/gdm/Xauthority'), ('LS_COLORS', 'rs=0:di=01;34:ln=01;36:mh=00:pi=40;33:so=01;35:do=01;35:bd=40;33;01:cd=40;33;01:or=40;31;01:mi=00:su=37;41:sg=30;43:ca=30;41:tw=30;42:ow=34;42:st=37;44:ex=01;32:*.tar=01;31:*.tgz=01;31:*.arc=01;31:*.arj=01;31:*.taz=01;31:*.lha=01;31:*.lz4=01;31:*.lzh=01;31:*.lzma=01;31:*.tlz=01;31:*.txz=01;31:*.tzo=01;31:*.t7z=01;31:*.zip=01;31:*.z=01;31:*.dz=01;31:*.gz=01;31:*.lrz=01;31:*.lz=01;31:*.lzo=01;31:*.xz=01;31:*.zst=01;31:*.tzst=01;31:*.bz2=01;31:*.bz=01;31:*.tbz=01;31:*.tbz2=01;31:*.tz=01;31:*.deb=01;31:*.rpm=01;31:*.jar=01;31:*.war=01;31:*.ear=01;31:*.sar=01;31:*.rar=01;31:*.alz=01;31:*.ace=01;31:*.zoo=01;31:*.cpio=01;31:*.7z=01;31:*.rz=01;31:*.cab=01;31:*.wim=01;31:*.swm=01;31:*.dwm=01;31:*.esd=01;31:*.jpg=01;35:*.jpeg=01;35:*.mjpg=01;35:*.mjpeg=01;35:*.gif=01;35:*.bmp=01;35:*.pbm=01;35:*.pgm=01;35:*.ppm=01;35:*.tga=01;35:*.xbm=01;35:*.xpm=01;35:*.tif=01;35:*.tiff=01;35:*.png=01;35:*.svg=01;35:*.svgz=01;35:*.mng=01;35:*.pcx=01;35:*.mov=01;35:*.mpg=01;35:*.mpeg=01;35:*.m2v=01;35:*.mkv=01;35:*.webm=01;35:*.ogm=01;35:*.mp4=01;35:*.m4v=01;35:*.mp4v=01;35:*.vob=01;35:*.qt=01;35:*.nuv=01;35:*.wmv=01;35:*.asf=01;35:*.rm=01;35:*.rmvb=01;35:*.flc=01;35:*.avi=01;35:*.fli=01;35:*.flv=01;35:*.gl=01;35:*.dl=01;35:*.xcf=01;35:*.xwd=01;35:*.yuv=01;35:*.cgm=01;35:*.emf=01;35:*.ogv=01;35:*.ogx=01;35:*.aac=00;36:*.au=00;36:*.flac=00;36:*.m4a=00;36:*.mid=00;36:*.midi=00;36:*.mka=00;36:*.mp3=00;36:*.mpc=00;36:*.ogg=00;36:*.ra=00;36:*.wav=00;36:*.oga=00;36:*.opus=00;36:*.spx=00;36:*.xspf=00;36:'), ('VSCODE_GIT_IPC_HANDLE', '/run/user/1000/vscode-git-66f982bc43.sock'), ('TERM_PROGRAM', 'vscode'), ('SSH_AUTH_SOCK', '/run/user/1000/keyring/ssh'), ('ROS_DOMAIN_ID', '19'), ('AMENT_PREFIX_PATH', '/home/qianlab/lassie-traveler/dependencies/install/traveler_high_controller:/home/qianlab/lassie-traveler/dependencies/install/traveler_msgs:/opt/ros/foxy'), ('CONDA_PYTHON_EXE', '/home/qianlab/miniconda3/bin/python'), ('ORIGINAL_XDG_CURRENT_DESKTOP', 'ubuntu:GNOME'), ('SHELL', '/bin/bash'), ('QT_ACCESSIBILITY', '1'), ('GDMSESSION', 'ubuntu'), ('LESSCLOSE', '/usr/bin/lesspipe %s %s'), ('GPG_AGENT_INFO', '/run/user/1000/gnupg/S.gpg-agent:0:1'), ('GJS_DEBUG_OUTPUT', 'stderr'), ('VSCODE_GIT_ASKPASS_EXTRA_ARGS', ''), ('QT_IM_MODULE', 'ibus'), ('PWD', '/home/qianlab/single_turtle_workspace/build/traveler_msgs'), ('XDG_CONFIG_DIRS', '/etc/xdg/xdg-ubuntu:/etc/xdg'), ('CONDA_EXE', '/home/qianlab/miniconda3/bin/conda'), ('NVM_CD_FLAGS', ''), ('XDG_DATA_DIRS', '/usr/share/ubuntu:/usr/local/share/:/usr/share/:/var/lib/snapd/desktop'), ('PYTHONPATH', '/home/qianlab/lassie-traveler/dependencies/install/traveler_msgs/lib/python3.8/site-packages:/opt/ros/foxy/lib/python3.8/site-packages'), ('CUSTOM_ENV_NAME', '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'), ('COLCON', '1'), ('CMAKE_PREFIX_PATH', '/home/qianlab/lassie-traveler/dependencies/install/traveler_high_controller:/home/qianlab/lassie-traveler/dependencies/install/traveler_msgs:/opt/ros/foxy')]), 'shell': False}
[0.095448] (traveler_msgs) StdoutLine: {'line': b'[  1%] Built target traveler_msgs__cpp\n'}
[0.099823] (-) TimerEvent: {}
[0.103901] (traveler_msgs) StdoutLine: {'line': b'[ 12%] Built target traveler_msgs__rosidl_generator_c\n'}
[0.112160] (traveler_msgs) StdoutLine: {'line': b'[ 23%] Built target traveler_msgs__rosidl_typesupport_cpp\n'}
[0.118137] (traveler_msgs) StdoutLine: {'line': b'[ 35%] Built target traveler_msgs__rosidl_typesupport_introspection_cpp\n'}
[0.122223] (traveler_msgs) StdoutLine: {'line': b'[ 46%] Built target traveler_msgs__rosidl_typesupport_c\n'}
[0.124686] (traveler_msgs) StdoutLine: {'line': b'[ 57%] Built target traveler_msgs__rosidl_typesupport_introspection_c\n'}
[0.125138] (traveler_msgs) StdoutLine: {'line': b'[ 69%] Built target traveler_msgs__rosidl_typesupport_fastrtps_cpp\n'}
[0.143679] (traveler_msgs) StdoutLine: {'line': b'[ 80%] Built target traveler_msgs__rosidl_typesupport_fastrtps_c\n'}
[0.158906] (traveler_msgs) StdoutLine: {'line': b'[ 80%] Built target traveler_msgs\n'}
[0.174332] (traveler_msgs) StdoutLine: {'line': b'[ 81%] Built target traveler_msgs__py\n'}
[0.195201] (traveler_msgs) StdoutLine: {'line': b'[ 91%] Built target traveler_msgs__python\n'}
[0.199928] (-) TimerEvent: {}
[0.212446] (traveler_msgs) StdoutLine: {'line': b'[ 94%] Built target traveler_msgs__rosidl_typesupport_introspection_c__pyext\n'}
[0.213357] (traveler_msgs) StdoutLine: {'line': b'[ 97%] Built target traveler_msgs__rosidl_typesupport_fastrtps_c__pyext\n'}
[0.219228] (traveler_msgs) StdoutLine: {'line': b'[100%] Built target traveler_msgs__rosidl_typesupport_c__pyext\n'}
[0.228082] (traveler_msgs) CommandEnded: {'returncode': 0}
[0.290675] (traveler_msgs) JobProgress: {'identifier': 'traveler_msgs', 'progress': 'install'}
[0.300472] (traveler_msgs) Command: {'cmd': ['/usr/bin/cmake', '--install', '/home/qianlab/single_turtle_workspace/build/traveler_msgs'], 'cwd': '/home/qianlab/single_turtle_workspace/build/traveler_msgs', 'env': OrderedDict([('GJS_DEBUG_TOPICS', 'JS ERROR;JS LOG'), ('LESSOPEN', '| /usr/bin/lesspipe %s'), ('USER', 'qianlab'), ('SSH_AGENT_PID', '2033'), ('XDG_SESSION_TYPE', 'x11'), ('GIT_ASKPASS', '/usr/share/code/resources/app/extensions/git/dist/askpass.sh'), ('SHLVL', '1'), ('LD_LIBRARY_PATH', '/home/qianlab/lassie-traveler/dependencies/install/traveler_msgs/lib:/opt/ros/foxy/opt/yaml_cpp_vendor/lib:/opt/ros/foxy/opt/rviz_ogre_vendor/lib:/opt/ros/foxy/lib/x86_64-linux-gnu:/opt/ros/foxy/lib'), ('HOME', '/home/qianlab'), ('CHROME_DESKTOP', 'code.desktop'), ('CONDA_SHLVL', '0'), ('TERM_PROGRAM_VERSION', '1.100.3'), ('DESKTOP_SESSION', 'ubuntu'), ('NVM_BIN', '/home/qianlab/.nvm/versions/node/v12.18.3/bin'), ('NVM_INC', '/home/qianlab/.nvm/versions/node/v12.18.3/include/node'), ('GIO_LAUNCHED_DESKTOP_FILE', '/usr/share/applications/code.desktop'), ('ROS_PYTHON_VERSION', '3'), ('GNOME_SHELL_SESSION_MODE', 'ubuntu'), ('GTK_MODULES', 'gail:atk-bridge'), ('VSCODE_GIT_ASKPASS_MAIN', '/usr/share/code/resources/app/extensions/git/dist/askpass-main.js'), ('VSCODE_GIT_ASKPASS_NODE', '/usr/share/code/code'), ('MANAGERPID', '1924'), ('DBUS_SESSION_BUS_ADDRESS', 'unix:path=/run/user/1000/bus'), ('COLORTERM', 'truecolor'), ('_CE_M', ''), ('GIO_LAUNCHED_DESKTOP_FILE_PID', '2660'), ('NVM_DIR', '/home/qianlab/.nvm'), ('MANDATORY_PATH', '/usr/share/gconf/ubuntu.mandatory.path'), ('IM_CONFIG_PHASE', '1'), ('COLCON_PREFIX_PATH', '/home/qianlab/lassie-traveler/dependencies/install'), ('ROS_DISTRO', 'foxy'), ('LOGNAME', 'qianlab'), ('JOURNAL_STREAM', '8:56505'), ('_', '/usr/bin/colcon'), ('ROS_VERSION', '2'), ('XDG_SESSION_CLASS', 'user'), ('DEFAULTS_PATH', '/usr/share/gconf/ubuntu.default.path'), ('USERNAME', 'qianlab'), ('TERM', 'xterm-256color'), ('GNOME_DESKTOP_SESSION_ID', 'this-is-deprecated'), ('_CE_CONDA', ''), ('ROS_LOCALHOST_ONLY', '0'), ('WINDOWPATH', '2'), ('PATH', '/home/qianlab/ghost_robotics/arm_toolchain/bin:/home/qianlab/.local/bin:/home/qianlab/ghost_robotics/arm_toolchain/bin:/home/qianlab/miniconda3/condabin:/home/qianlab/.nvm/versions/node/v12.18.3/bin:/opt/ros/foxy/bin:/home/qianlab/.local/bin:/usr/local/sbin:/usr/local/bin:/usr/sbin:/usr/bin:/sbin:/bin:/usr/games:/usr/local/games:/snap/bin'), ('SESSION_MANAGER', 'local/qianlab-Yoga-7-14IAL7:@/tmp/.ICE-unix/2071,unix/qianlab-Yoga-7-14IAL7:/tmp/.ICE-unix/2071'), ('INVOCATION_ID', 'ada520d1c1f94e228d33304f77e601b8'), ('XDG_MENU_PREFIX', 'gnome-'), ('XDG_RUNTIME_DIR', '/run/user/1000'), ('GDK_BACKEND', 'x11'), ('DISPLAY', ':0'), ('LANG', 'en_US.UTF-8'), ('XDG_CURRENT_DESKTOP', 'Unity'), ('XMODIFIERS', '@im=ibus'), ('XDG_SESSION_DESKTOP', 'ubuntu'), ('XAUTHORITY', '/run/user/1000/gdm/Xauthority'), ('LS_COLORS', 'rs=0:di=01;34:ln=01;36:mh=00:pi=40;33:so=01;35:do=01;35:bd=40;33;01:cd=40;33;01:or=40;31;01:mi=00:su=37;41:sg=30;43:ca=30;41:tw=30;42:ow=34;42:st=37;44:ex=01;32:*.tar=01;31:*.tgz=01;31:*.arc=01;31:*.arj=01;31:*.taz=01;31:*.lha=01;31:*.lz4=01;31:*.lzh=01;31:*.lzma=01;31:*.tlz=01;31:*.txz=01;31:*.tzo=01;31:*.t7z=01;31:*.zip=01;31:*.z=01;31:*.dz=01;31:*.gz=01;31:*.lrz=01;31:*.lz=01;31:*.lzo=01;31:*.xz=01;31:*.zst=01;31:*.tzst=01;31:*.bz2=01;31:*.bz=01;31:*.tbz=01;31:*.tbz2=01;31:*.tz=01;31:*.deb=01;31:*.rpm=01;31:*.jar=01;31:*.war=01;31:*.ear=01;31:*.sar=01;31:*.rar=01;31:*.alz=01;31:*.ace=01;31:*.zoo=01;31:*.cpio=01;31:*.7z=01;31:*.rz=01;31:*.cab=01;31:*.wim=01;31:*.swm=01;31:*.dwm=01;31:*.esd=01;31:*.jpg=01;35:*.jpeg=01;35:*.mjpg=01;35:*.mjpeg=01;35:*.gif=01;35:*.bmp=01;35:*.pbm=01;35:*.pgm=01;35:*.ppm=01;35:*.tga=01;35:*.xbm=01;35:*.xpm=01;35:*.tif=01;35:*.tiff=01;35:*.png=01;35:*.svg=01;35:*.svgz=01;35:*.mng=01;35:*.pcx=01;35:*.mov=01;35:*.mpg=01;35:*.mpeg=01;35:*.m2v=01;35:*.mkv=01;35:*.webm=01;35:*.ogm=01;35:*.mp4=01;35:*.m4v=01;35:*.mp4v=01;35:*.vob=01;35:*.qt=01;35:*.nuv=01;35:*.wmv=01;35:*.asf=01;35:*.rm=01;35:*.rmvb=01;35:*.flc=01;35:*.avi=01;35:*.fli=01;35:*.flv=01;35:*.gl=01;35:*.dl=01;35:*.xcf=01;35:*.xwd=01;35:*.yuv=01;35:*.cgm=01;35:*.emf=01;35:*.ogv=01;35:*.ogx=01;35:*.aac=00;36:*.au=00;36:*.flac=00;36:*.m4a=00;36:*.mid=00;36:*.midi=00;36:*.mka=00;36:*.mp3=00;36:*.mpc=00;36:*.ogg=00;36:*.ra=00;36:*.wav=00;36:*.oga=00;36:*.opus=00;36:*.spx=00;36:*.xspf=00;36:'), ('VSCODE_GIT_IPC_HANDLE', '/run/user/1000/vscode-git-66f982bc43.sock'), ('TERM_PROGRAM', 'vscode'), ('SSH_AUTH_SOCK', '/run/user/1000/keyring/ssh'), ('ROS_DOMAIN_ID', '19'), ('AMENT_PREFIX_PATH', '/home/qianlab/lassie-traveler/dependencies/install/traveler_high_controller:/home/qianlab/lassie-traveler/dependencies/install/traveler_msgs:/opt/ros/foxy'), ('CONDA_PYTHON_EXE', '/home/qianlab/miniconda3/bin/python'), ('ORIGINAL_XDG_CURRENT_DESKTOP', 'ubuntu:GNOME'), ('SHELL', '/bin/bash'), ('QT_ACCESSIBILITY', '1'), ('GDMSESSION', 'ubuntu'), ('LESSCLOSE', '/usr/bin/lesspipe %s %s'), ('GPG_AGENT_INFO', '/run/user/1000/gnupg/S.gpg-agent:0:1'), ('GJS_DEBUG_OUTPUT', 'stderr'), ('VSCODE_GIT_ASKPASS_EXTRA_ARGS', ''), ('QT_IM_MODULE', 'ibus'), ('PWD', '/home/qianlab/single_turtle_workspace/build/traveler_msgs'), ('XDG_CONFIG_DIRS', '/etc/xdg/xdg-ubuntu:/etc/xdg'), ('CONDA_EXE', '/home/qianlab/miniconda3/bin/conda'), ('NVM_CD_FLAGS', ''), ('XDG_DATA_DIRS', '/usr/share/ubuntu:/usr/local/share/:/usr/share/:/var/lib/snapd/desktop'), ('PYTHONPATH', '/home/qianlab/lassie-traveler/dependencies/install/traveler_msgs/lib/python3.8/site-packages:/opt/ros/foxy/lib/python3.8/site-packages'), ('CUSTOM_ENV_NAME', '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'), ('COLCON', '1'), ('CMAKE_PREFIX_PATH', '/home/qianlab/lassie-traveler/dependencies/install/traveler_high_controller:/home/qianlab/lassie-traveler/dependencies/install/traveler_msgs:/opt/ros/foxy')]), 'shell': False}
[0.301132] (-) TimerEvent: {}
[0.309714] (traveler_msgs) StdoutLine: {'line': b'-- Install configuration: ""\n'}
[0.310009] (traveler_msgs) StdoutLine: {'line': b'-- Up-to-date: /home/qianlab/single_turtle_workspace/install/traveler_msgs/share/ament_index/resource_index/rosidl_interfaces/traveler_msgs\n'}
[0.310212] (traveler_msgs) StdoutLine: {'line': b'-- Up-to-date: /home/qianlab/single_turtle_workspace/install/traveler_msgs/include/traveler_msgs\n'}
[0.310325] (traveler_msgs) StdoutLine: {'line': b'-- Up-to-date: /home/qianlab/single_turtle_workspace/install/traveler_msgs/include/traveler_msgs/msg\n'}
[0.310435] (traveler_msgs) StdoutLine: {'line': b'-- Up-to-date: /home/qianlab/single_turtle_workspace/install/traveler_msgs/include/traveler_msgs/msg/rosidl_generator_c__visibility_control.h\n'}
[0.310548] (traveler_msgs) StdoutLine: {'line': b'-- Up-to-date: /home/qianlab/single_turtle_workspace/install/traveler_msgs/include/traveler_msgs/msg/set_state.h\n'}
[0.310620] (traveler_msgs) StdoutLine: {'line': b'-- Up-to-date: /home/qianlab/single_turtle_workspace/install/traveler_msgs/include/traveler_msgs/msg/traveler_mode.h\n'}
[0.310711] (traveler_msgs) StdoutLine: {'line': b'-- Up-to-date: /home/qianlab/single_turtle_workspace/install/traveler_msgs/include/traveler_msgs/msg/odrive_status.h\n'}
[0.310782] (traveler_msgs) StdoutLine: {'line': b'-- Up-to-date: /home/qianlab/single_turtle_workspace/install/traveler_msgs/include/traveler_msgs/msg/traveler_config.h\n'}
[0.310851] (traveler_msgs) StdoutLine: {'line': b'-- Up-to-date: /home/qianlab/single_turtle_workspace/install/traveler_msgs/include/traveler_msgs/msg/traveler_status.h\n'}
[0.310930] (traveler_msgs) StdoutLine: {'line': b'-- Up-to-date: /home/qianlab/single_turtle_workspace/install/traveler_msgs/include/traveler_msgs/msg/set_input_position.h\n'}
[0.311001] (traveler_msgs) StdoutLine: {'line': b'-- Up-to-date: /home/qianlab/single_turtle_workspace/install/traveler_msgs/include/traveler_msgs/msg/detail\n'}
[0.311071] (traveler_msgs) StdoutLine: {'line': b'-- Up-to-date: /home/qianlab/single_turtle_workspace/install/traveler_msgs/include/traveler_msgs/msg/detail/set_state__struct.h\n'}
[0.311185] (traveler_msgs) StdoutLine: {'line': b'-- Up-to-date: /home/qianlab/single_turtle_workspace/install/traveler_msgs/include/traveler_msgs/msg/detail/traveler_config__struct.h\n'}
[0.311309] (traveler_msgs) StdoutLine: {'line': b'-- Up-to-date: /home/qianlab/single_turtle_workspace/install/traveler_msgs/include/traveler_msgs/msg/detail/odrive_status__struct.h\n'}
[0.311410] (traveler_msgs) StdoutLine: {'line': b'-- Up-to-date: /home/qianlab/single_turtle_workspace/install/traveler_msgs/include/traveler_msgs/msg/detail/odrive_status__functions.c\n'}
[0.311481] (traveler_msgs) StdoutLine: {'line': b'-- Up-to-date: /home/qianlab/single_turtle_workspace/install/traveler_msgs/include/traveler_msgs/msg/detail/traveler_config__functions.h\n'}
[0.311551] (traveler_msgs) StdoutLine: {'line': b'-- Up-to-date: /home/qianlab/single_turtle_workspace/install/traveler_msgs/include/traveler_msgs/msg/detail/traveler_config__functions.c\n'}
[0.311635] (traveler_msgs) StdoutLine: {'line': b'-- Up-to-date: /home/qianlab/single_turtle_workspace/install/traveler_msgs/include/traveler_msgs/msg/detail/traveler_status__functions.h\n'}
[0.311707] (traveler_msgs) StdoutLine: {'line': b'-- Up-to-date: /home/qianlab/single_turtle_workspace/install/traveler_msgs/include/traveler_msgs/msg/detail/odrive_status__type_support.h\n'}
[0.311788] (traveler_msgs) StdoutLine: {'line': b'-- Up-to-date: /home/qianlab/single_turtle_workspace/install/traveler_msgs/include/traveler_msgs/msg/detail/traveler_mode__functions.h\n'}
[0.311900] (traveler_msgs) StdoutLine: {'line': b'-- Up-to-date: /home/qianlab/single_turtle_workspace/install/traveler_msgs/include/traveler_msgs/msg/detail/set_input_position__functions.c\n'}
[0.312020] (traveler_msgs) StdoutLine: {'line': b'-- Up-to-date: /home/qianlab/single_turtle_workspace/install/traveler_msgs/include/traveler_msgs/msg/detail/traveler_status__struct.h\n'}
[0.312131] (traveler_msgs) StdoutLine: {'line': b'-- Up-to-date: /home/qianlab/single_turtle_workspace/install/traveler_msgs/include/traveler_msgs/msg/detail/traveler_status__functions.c\n'}
[0.312210] (traveler_msgs) StdoutLine: {'line': b'-- Up-to-date: /home/qianlab/single_turtle_workspace/install/traveler_msgs/include/traveler_msgs/msg/detail/traveler_mode__struct.h\n'}
[0.312282] (traveler_msgs) StdoutLine: {'line': b'-- Up-to-date: /home/qianlab/single_turtle_workspace/install/traveler_msgs/include/traveler_msgs/msg/detail/set_state__functions.h\n'}
[0.312358] (traveler_msgs) StdoutLine: {'line': b'-- Up-to-date: /home/qianlab/single_turtle_workspace/install/traveler_msgs/include/traveler_msgs/msg/detail/set_input_position__functions.h\n'}
[0.312448] (traveler_msgs) StdoutLine: {'line': b'-- Up-to-date: /home/qianlab/single_turtle_workspace/install/traveler_msgs/include/traveler_msgs/msg/detail/set_input_position__type_support.h\n'}
[0.312544] (traveler_msgs) StdoutLine: {'line': b'-- Up-to-date: /home/qianlab/single_turtle_workspace/install/traveler_msgs/include/traveler_msgs/msg/detail/odrive_status__functions.h\n'}
[0.312617] (traveler_msgs) StdoutLine: {'line': b'-- Up-to-date: /home/qianlab/single_turtle_workspace/install/traveler_msgs/include/traveler_msgs/msg/detail/traveler_mode__type_support.h\n'}
[0.312688] (traveler_msgs) StdoutLine: {'line': b'-- Up-to-date: /home/qianlab/single_turtle_workspace/install/traveler_msgs/include/traveler_msgs/msg/detail/traveler_mode__functions.c\n'}
[0.312793] (traveler_msgs) StdoutLine: {'line': b'-- Up-to-date: /home/qianlab/single_turtle_workspace/install/traveler_msgs/include/traveler_msgs/msg/detail/set_state__functions.c\n'}
[0.312906] (traveler_msgs) StdoutLine: {'line': b'-- Up-to-date: /home/qianlab/single_turtle_workspace/install/traveler_msgs/include/traveler_msgs/msg/detail/set_input_position__struct.h\n'}
[0.313037] (traveler_msgs) StdoutLine: {'line': b'-- Up-to-date: /home/qianlab/single_turtle_workspace/install/traveler_msgs/include/traveler_msgs/msg/detail/set_state__type_support.h\n'}
[0.313117] (traveler_msgs) StdoutLine: {'line': b'-- Up-to-date: /home/qianlab/single_turtle_workspace/install/traveler_msgs/include/traveler_msgs/msg/detail/traveler_status__type_support.h\n'}
[0.313189] (traveler_msgs) StdoutLine: {'line': b'-- Up-to-date: /home/qianlab/single_turtle_workspace/install/traveler_msgs/include/traveler_msgs/msg/detail/traveler_config__type_support.h\n'}
[0.313277] (traveler_msgs) StdoutLine: {'line': b'-- Up-to-date: /home/qianlab/single_turtle_workspace/install/traveler_msgs/share/traveler_msgs/environment/library_path.sh\n'}
[0.313347] (traveler_msgs) StdoutLine: {'line': b'-- Up-to-date: /home/qianlab/single_turtle_workspace/install/traveler_msgs/share/traveler_msgs/environment/library_path.dsv\n'}
[0.313418] (traveler_msgs) StdoutLine: {'line': b'-- Up-to-date: /home/qianlab/single_turtle_workspace/install/traveler_msgs/lib/libtraveler_msgs__rosidl_generator_c.so\n'}
[0.313489] (traveler_msgs) StdoutLine: {'line': b'-- Up-to-date: /home/qianlab/single_turtle_workspace/install/traveler_msgs/include/traveler_msgs\n'}
[0.313573] (traveler_msgs) StdoutLine: {'line': b'-- Up-to-date: /home/qianlab/single_turtle_workspace/install/traveler_msgs/include/traveler_msgs/msg\n'}
[0.313646] (traveler_msgs) StdoutLine: {'line': b'-- Up-to-date: /home/qianlab/single_turtle_workspace/install/traveler_msgs/include/traveler_msgs/msg/rosidl_typesupport_fastrtps_c__visibility_control.h\n'}
[0.313716] (traveler_msgs) StdoutLine: {'line': b'-- Up-to-date: /home/qianlab/single_turtle_workspace/install/traveler_msgs/include/traveler_msgs/msg/detail\n'}
[0.313816] (traveler_msgs) StdoutLine: {'line': b'-- Up-to-date: /home/qianlab/single_turtle_workspace/install/traveler_msgs/include/traveler_msgs/msg/detail/traveler_config__rosidl_typesupport_fastrtps_c.h\n'}
[0.313941] (traveler_msgs) StdoutLine: {'line': b'-- Up-to-date: /home/qianlab/single_turtle_workspace/install/traveler_msgs/include/traveler_msgs/msg/detail/traveler_mode__rosidl_typesupport_fastrtps_c.h\n'}
[0.314054] (traveler_msgs) StdoutLine: {'line': b'-- Up-to-date: /home/qianlab/single_turtle_workspace/install/traveler_msgs/include/traveler_msgs/msg/detail/traveler_status__rosidl_typesupport_fastrtps_c.h\n'}
[0.314183] (traveler_msgs) StdoutLine: {'line': b'-- Up-to-date: /home/qianlab/single_turtle_workspace/install/traveler_msgs/include/traveler_msgs/msg/detail/set_input_position__rosidl_typesupport_fastrtps_c.h\n'}
[0.314318] (traveler_msgs) StdoutLine: {'line': b'-- Up-to-date: /home/qianlab/single_turtle_workspace/install/traveler_msgs/include/traveler_msgs/msg/detail/set_state__rosidl_typesupport_fastrtps_c.h\n'}
[0.314444] (traveler_msgs) StdoutLine: {'line': b'-- Up-to-date: /home/qianlab/single_turtle_workspace/install/traveler_msgs/include/traveler_msgs/msg/detail/odrive_status__rosidl_typesupport_fastrtps_c.h\n'}
[0.314552] (traveler_msgs) StdoutLine: {'line': b'-- Up-to-date: /home/qianlab/single_turtle_workspace/install/traveler_msgs/lib/libtraveler_msgs__rosidl_typesupport_fastrtps_c.so\n'}
[0.314696] (traveler_msgs) StdoutLine: {'line': b'-- Up-to-date: /home/qianlab/single_turtle_workspace/install/traveler_msgs/include/traveler_msgs\n'}
[0.314813] (traveler_msgs) StdoutLine: {'line': b'-- Up-to-date: /home/qianlab/single_turtle_workspace/install/traveler_msgs/include/traveler_msgs/msg\n'}
[0.314887] (traveler_msgs) StdoutLine: {'line': b'-- Up-to-date: /home/qianlab/single_turtle_workspace/install/traveler_msgs/include/traveler_msgs/msg/detail\n'}
[0.314959] (traveler_msgs) StdoutLine: {'line': b'-- Up-to-date: /home/qianlab/single_turtle_workspace/install/traveler_msgs/include/traveler_msgs/msg/detail/traveler_config__rosidl_typesupport_fastrtps_cpp.hpp\n'}
[0.315029] (traveler_msgs) StdoutLine: {'line': b'-- Up-to-date: /home/qianlab/single_turtle_workspace/install/traveler_msgs/include/traveler_msgs/msg/detail/traveler_mode__rosidl_typesupport_fastrtps_cpp.hpp\n'}
[0.315101] (traveler_msgs) StdoutLine: {'line': b'-- Up-to-date: /home/qianlab/single_turtle_workspace/install/traveler_msgs/include/traveler_msgs/msg/detail/set_input_position__rosidl_typesupport_fastrtps_cpp.hpp\n'}
[0.315178] (traveler_msgs) StdoutLine: {'line': b'-- Up-to-date: /home/qianlab/single_turtle_workspace/install/traveler_msgs/include/traveler_msgs/msg/detail/dds_fastrtps\n'}
[0.315266] (traveler_msgs) StdoutLine: {'line': b'-- Up-to-date: /home/qianlab/single_turtle_workspace/install/traveler_msgs/include/traveler_msgs/msg/detail/traveler_status__rosidl_typesupport_fastrtps_cpp.hpp\n'}
[0.315358] (traveler_msgs) StdoutLine: {'line': b'-- Up-to-date: /home/qianlab/single_turtle_workspace/install/traveler_msgs/include/traveler_msgs/msg/detail/odrive_status__rosidl_typesupport_fastrtps_cpp.hpp\n'}
[0.315428] (traveler_msgs) StdoutLine: {'line': b'-- Up-to-date: /home/qianlab/single_turtle_workspace/install/traveler_msgs/include/traveler_msgs/msg/detail/set_state__rosidl_typesupport_fastrtps_cpp.hpp\n'}
[0.315499] (traveler_msgs) StdoutLine: {'line': b'-- Up-to-date: /home/qianlab/single_turtle_workspace/install/traveler_msgs/include/traveler_msgs/msg/rosidl_typesupport_fastrtps_cpp__visibility_control.h\n'}
[0.315587] (traveler_msgs) StdoutLine: {'line': b'-- Up-to-date: /home/qianlab/single_turtle_workspace/install/traveler_msgs/lib/libtraveler_msgs__rosidl_typesupport_fastrtps_cpp.so\n'}
[0.315660] (traveler_msgs) StdoutLine: {'line': b'-- Up-to-date: /home/qianlab/single_turtle_workspace/install/traveler_msgs/include/traveler_msgs\n'}
[0.315729] (traveler_msgs) StdoutLine: {'line': b'-- Up-to-date: /home/qianlab/single_turtle_workspace/install/traveler_msgs/include/traveler_msgs/msg\n'}
[0.315809] (traveler_msgs) StdoutLine: {'line': b'-- Up-to-date: /home/qianlab/single_turtle_workspace/install/traveler_msgs/include/traveler_msgs/msg/rosidl_typesupport_introspection_c__visibility_control.h\n'}
[0.315881] (traveler_msgs) StdoutLine: {'line': b'-- Up-to-date: /home/qianlab/single_turtle_workspace/install/traveler_msgs/include/traveler_msgs/msg/detail\n'}
[0.315967] (traveler_msgs) StdoutLine: {'line': b'-- Up-to-date: /home/qianlab/single_turtle_workspace/install/traveler_msgs/include/traveler_msgs/msg/detail/traveler_status__rosidl_typesupport_introspection_c.h\n'}
[0.316058] (traveler_msgs) StdoutLine: {'line': b'-- Up-to-date: /home/qianlab/single_turtle_workspace/install/traveler_msgs/include/traveler_msgs/msg/detail/traveler_config__rosidl_typesupport_introspection_c.h\n'}
[0.316135] (traveler_msgs) StdoutLine: {'line': b'-- Up-to-date: /home/qianlab/single_turtle_workspace/install/traveler_msgs/include/traveler_msgs/msg/detail/set_state__type_support.c\n'}
[0.316205] (traveler_msgs) StdoutLine: {'line': b'-- Up-to-date: /home/qianlab/single_turtle_workspace/install/traveler_msgs/include/traveler_msgs/msg/detail/traveler_mode__rosidl_typesupport_introspection_c.h\n'}
[0.316273] (traveler_msgs) StdoutLine: {'line': b'-- Up-to-date: /home/qianlab/single_turtle_workspace/install/traveler_msgs/include/traveler_msgs/msg/detail/set_input_position__rosidl_typesupport_introspection_c.h\n'}
[0.316342] (traveler_msgs) StdoutLine: {'line': b'-- Up-to-date: /home/qianlab/single_turtle_workspace/install/traveler_msgs/include/traveler_msgs/msg/detail/odrive_status__rosidl_typesupport_introspection_c.h\n'}
[0.316414] (traveler_msgs) StdoutLine: {'line': b'-- Up-to-date: /home/qianlab/single_turtle_workspace/install/traveler_msgs/include/traveler_msgs/msg/detail/traveler_mode__type_support.c\n'}
[0.316485] (traveler_msgs) StdoutLine: {'line': b'-- Up-to-date: /home/qianlab/single_turtle_workspace/install/traveler_msgs/include/traveler_msgs/msg/detail/set_input_position__type_support.c\n'}
[0.316559] (traveler_msgs) StdoutLine: {'line': b'-- Up-to-date: /home/qianlab/single_turtle_workspace/install/traveler_msgs/include/traveler_msgs/msg/detail/set_state__rosidl_typesupport_introspection_c.h\n'}
[0.316643] (traveler_msgs) StdoutLine: {'line': b'-- Up-to-date: /home/qianlab/single_turtle_workspace/install/traveler_msgs/include/traveler_msgs/msg/detail/traveler_status__type_support.c\n'}
[0.316717] (traveler_msgs) StdoutLine: {'line': b'-- Up-to-date: /home/qianlab/single_turtle_workspace/install/traveler_msgs/include/traveler_msgs/msg/detail/traveler_config__type_support.c\n'}
[0.316790] (traveler_msgs) StdoutLine: {'line': b'-- Up-to-date: /home/qianlab/single_turtle_workspace/install/traveler_msgs/include/traveler_msgs/msg/detail/odrive_status__type_support.c\n'}
[0.316860] (traveler_msgs) StdoutLine: {'line': b'-- Up-to-date: /home/qianlab/single_turtle_workspace/install/traveler_msgs/lib/libtraveler_msgs__rosidl_typesupport_introspection_c.so\n'}
[0.316927] (traveler_msgs) StdoutLine: {'line': b'-- Up-to-date: /home/qianlab/single_turtle_workspace/install/traveler_msgs/lib/libtraveler_msgs__rosidl_typesupport_c.so\n'}
[0.316996] (traveler_msgs) StdoutLine: {'line': b'-- Up-to-date: /home/qianlab/single_turtle_workspace/install/traveler_msgs/include/traveler_msgs\n'}
[0.317066] (traveler_msgs) StdoutLine: {'line': b'-- Up-to-date: /home/qianlab/single_turtle_workspace/install/traveler_msgs/include/traveler_msgs/msg\n'}
[0.317136] (traveler_msgs) StdoutLine: {'line': b'-- Up-to-date: /home/qianlab/single_turtle_workspace/install/traveler_msgs/include/traveler_msgs/msg/set_state.hpp\n'}
[0.317208] (traveler_msgs) StdoutLine: {'line': b'-- Up-to-date: /home/qianlab/single_turtle_workspace/install/traveler_msgs/include/traveler_msgs/msg/rosidl_generator_cpp__visibility_control.hpp\n'}
[0.317278] (traveler_msgs) StdoutLine: {'line': b'-- Up-to-date: /home/qianlab/single_turtle_workspace/install/traveler_msgs/include/traveler_msgs/msg/traveler_status.hpp\n'}
[0.317346] (traveler_msgs) StdoutLine: {'line': b'-- Up-to-date: /home/qianlab/single_turtle_workspace/install/traveler_msgs/include/traveler_msgs/msg/traveler_mode.hpp\n'}
[0.317415] (traveler_msgs) StdoutLine: {'line': b'-- Up-to-date: /home/qianlab/single_turtle_workspace/install/traveler_msgs/include/traveler_msgs/msg/traveler_config.hpp\n'}
[0.317493] (traveler_msgs) StdoutLine: {'line': b'-- Up-to-date: /home/qianlab/single_turtle_workspace/install/traveler_msgs/include/traveler_msgs/msg/set_input_position.hpp\n'}
[0.317562] (traveler_msgs) StdoutLine: {'line': b'-- Up-to-date: /home/qianlab/single_turtle_workspace/install/traveler_msgs/include/traveler_msgs/msg/odrive_status.hpp\n'}
[0.317629] (traveler_msgs) StdoutLine: {'line': b'-- Up-to-date: /home/qianlab/single_turtle_workspace/install/traveler_msgs/include/traveler_msgs/msg/detail\n'}
[0.317697] (traveler_msgs) StdoutLine: {'line': b'-- Up-to-date: /home/qianlab/single_turtle_workspace/install/traveler_msgs/include/traveler_msgs/msg/detail/traveler_config__builder.hpp\n'}
[0.317765] (traveler_msgs) StdoutLine: {'line': b'-- Up-to-date: /home/qianlab/single_turtle_workspace/install/traveler_msgs/include/traveler_msgs/msg/detail/traveler_status__builder.hpp\n'}
[0.317834] (traveler_msgs) StdoutLine: {'line': b'-- Up-to-date: /home/qianlab/single_turtle_workspace/install/traveler_msgs/include/traveler_msgs/msg/detail/traveler_config__type_support.hpp\n'}
[0.317901] (traveler_msgs) StdoutLine: {'line': b'-- Up-to-date: /home/qianlab/single_turtle_workspace/install/traveler_msgs/include/traveler_msgs/msg/detail/traveler_config__traits.hpp\n'}
[0.317970] (traveler_msgs) StdoutLine: {'line': b'-- Up-to-date: /home/qianlab/single_turtle_workspace/install/traveler_msgs/include/traveler_msgs/msg/detail/traveler_mode__builder.hpp\n'}
[0.318041] (traveler_msgs) StdoutLine: {'line': b'-- Up-to-date: /home/qianlab/single_turtle_workspace/install/traveler_msgs/include/traveler_msgs/msg/detail/odrive_status__traits.hpp\n'}
[0.318107] (traveler_msgs) StdoutLine: {'line': b'-- Up-to-date: /home/qianlab/single_turtle_workspace/install/traveler_msgs/include/traveler_msgs/msg/detail/set_input_position__struct.hpp\n'}
[0.318172] (traveler_msgs) StdoutLine: {'line': b'-- Up-to-date: /home/qianlab/single_turtle_workspace/install/traveler_msgs/include/traveler_msgs/msg/detail/set_state__traits.hpp\n'}
[0.318238] (traveler_msgs) StdoutLine: {'line': b'-- Up-to-date: /home/qianlab/single_turtle_workspace/install/traveler_msgs/include/traveler_msgs/msg/detail/odrive_status__builder.hpp\n'}
[0.318309] (traveler_msgs) StdoutLine: {'line': b'-- Up-to-date: /home/qianlab/single_turtle_workspace/install/traveler_msgs/include/traveler_msgs/msg/detail/traveler_mode__struct.hpp\n'}
[0.318379] (traveler_msgs) StdoutLine: {'line': b'-- Up-to-date: /home/qianlab/single_turtle_workspace/install/traveler_msgs/include/traveler_msgs/msg/detail/set_state__builder.hpp\n'}
[0.318448] (traveler_msgs) StdoutLine: {'line': b'-- Up-to-date: /home/qianlab/single_turtle_workspace/install/traveler_msgs/include/traveler_msgs/msg/detail/set_input_position__type_support.hpp\n'}
[0.318514] (traveler_msgs) StdoutLine: {'line': b'-- Up-to-date: /home/qianlab/single_turtle_workspace/install/traveler_msgs/include/traveler_msgs/msg/detail/traveler_status__traits.hpp\n'}
[0.318583] (traveler_msgs) StdoutLine: {'line': b'-- Up-to-date: /home/qianlab/single_turtle_workspace/install/traveler_msgs/include/traveler_msgs/msg/detail/traveler_mode__type_support.hpp\n'}
[0.318650] (traveler_msgs) StdoutLine: {'line': b'-- Up-to-date: /home/qianlab/single_turtle_workspace/install/traveler_msgs/include/traveler_msgs/msg/detail/set_state__type_support.hpp\n'}
[0.318724] (traveler_msgs) StdoutLine: {'line': b'-- Up-to-date: /home/qianlab/single_turtle_workspace/install/traveler_msgs/include/traveler_msgs/msg/detail/traveler_config__struct.hpp\n'}
[0.318791] (traveler_msgs) StdoutLine: {'line': b'-- Up-to-date: /home/qianlab/single_turtle_workspace/install/traveler_msgs/include/traveler_msgs/msg/detail/odrive_status__type_support.hpp\n'}
[0.318856] (traveler_msgs) StdoutLine: {'line': b'-- Up-to-date: /home/qianlab/single_turtle_workspace/install/traveler_msgs/include/traveler_msgs/msg/detail/odrive_status__struct.hpp\n'}
[0.318925] (traveler_msgs) StdoutLine: {'line': b'-- Up-to-date: /home/qianlab/single_turtle_workspace/install/traveler_msgs/include/traveler_msgs/msg/detail/traveler_status__type_support.hpp\n'}
[0.318992] (traveler_msgs) StdoutLine: {'line': b'-- Up-to-date: /home/qianlab/single_turtle_workspace/install/traveler_msgs/include/traveler_msgs/msg/detail/set_input_position__builder.hpp\n'}
[0.319057] (traveler_msgs) StdoutLine: {'line': b'-- Up-to-date: /home/qianlab/single_turtle_workspace/install/traveler_msgs/include/traveler_msgs/msg/detail/traveler_status__struct.hpp\n'}
[0.319122] (traveler_msgs) StdoutLine: {'line': b'-- Up-to-date: /home/qianlab/single_turtle_workspace/install/traveler_msgs/include/traveler_msgs/msg/detail/traveler_mode__traits.hpp\n'}
[0.319185] (traveler_msgs) StdoutLine: {'line': b'-- Up-to-date: /home/qianlab/single_turtle_workspace/install/traveler_msgs/include/traveler_msgs/msg/detail/set_state__struct.hpp\n'}
[0.319249] (traveler_msgs) StdoutLine: {'line': b'-- Up-to-date: /home/qianlab/single_turtle_workspace/install/traveler_msgs/include/traveler_msgs/msg/detail/set_input_position__traits.hpp\n'}
[0.319323] (traveler_msgs) StdoutLine: {'line': b'-- Up-to-date: /home/qianlab/single_turtle_workspace/install/traveler_msgs/include/traveler_msgs\n'}
[0.319392] (traveler_msgs) StdoutLine: {'line': b'-- Up-to-date: /home/qianlab/single_turtle_workspace/install/traveler_msgs/include/traveler_msgs/msg\n'}
[0.319458] (traveler_msgs) StdoutLine: {'line': b'-- Up-to-date: /home/qianlab/single_turtle_workspace/install/traveler_msgs/include/traveler_msgs/msg/detail\n'}
[0.319524] (traveler_msgs) StdoutLine: {'line': b'-- Up-to-date: /home/qianlab/single_turtle_workspace/install/traveler_msgs/include/traveler_msgs/msg/detail/traveler_mode__type_support.cpp\n'}
[0.319590] (traveler_msgs) StdoutLine: {'line': b'-- Up-to-date: /home/qianlab/single_turtle_workspace/install/traveler_msgs/include/traveler_msgs/msg/detail/odrive_status__rosidl_typesupport_introspection_cpp.hpp\n'}
[0.319664] (traveler_msgs) StdoutLine: {'line': b'-- Up-to-date: /home/qianlab/single_turtle_workspace/install/traveler_msgs/include/traveler_msgs/msg/detail/set_state__rosidl_typesupport_introspection_cpp.hpp\n'}
[0.319729] (traveler_msgs) StdoutLine: {'line': b'-- Up-to-date: /home/qianlab/single_turtle_workspace/install/traveler_msgs/include/traveler_msgs/msg/detail/traveler_status__type_support.cpp\n'}
[0.319797] (traveler_msgs) StdoutLine: {'line': b'-- Up-to-date: /home/qianlab/single_turtle_workspace/install/traveler_msgs/include/traveler_msgs/msg/detail/traveler_status__rosidl_typesupport_introspection_cpp.hpp\n'}
[0.319863] (traveler_msgs) StdoutLine: {'line': b'-- Up-to-date: /home/qianlab/single_turtle_workspace/install/traveler_msgs/include/traveler_msgs/msg/detail/set_input_position__rosidl_typesupport_introspection_cpp.hpp\n'}
[0.319927] (traveler_msgs) StdoutLine: {'line': b'-- Up-to-date: /home/qianlab/single_turtle_workspace/install/traveler_msgs/include/traveler_msgs/msg/detail/odrive_status__type_support.cpp\n'}
[0.319991] (traveler_msgs) StdoutLine: {'line': b'-- Up-to-date: /home/qianlab/single_turtle_workspace/install/traveler_msgs/include/traveler_msgs/msg/detail/traveler_mode__rosidl_typesupport_introspection_cpp.hpp\n'}
[0.320056] (traveler_msgs) StdoutLine: {'line': b'-- Up-to-date: /home/qianlab/single_turtle_workspace/install/traveler_msgs/include/traveler_msgs/msg/detail/set_state__type_support.cpp\n'}
[0.320121] (traveler_msgs) StdoutLine: {'line': b'-- Up-to-date: /home/qianlab/single_turtle_workspace/install/traveler_msgs/include/traveler_msgs/msg/detail/traveler_config__type_support.cpp\n'}
[0.320186] (traveler_msgs) StdoutLine: {'line': b'-- Up-to-date: /home/qianlab/single_turtle_workspace/install/traveler_msgs/include/traveler_msgs/msg/detail/set_input_position__type_support.cpp\n'}
[0.320250] (traveler_msgs) StdoutLine: {'line': b'-- Up-to-date: /home/qianlab/single_turtle_workspace/install/traveler_msgs/include/traveler_msgs/msg/detail/traveler_config__rosidl_typesupport_introspection_cpp.hpp\n'}
[0.320315] (traveler_msgs) StdoutLine: {'line': b'-- Up-to-date: /home/qianlab/single_turtle_workspace/install/traveler_msgs/lib/libtraveler_msgs__rosidl_typesupport_introspection_cpp.so\n'}
[0.320379] (traveler_msgs) StdoutLine: {'line': b'-- Up-to-date: /home/qianlab/single_turtle_workspace/install/traveler_msgs/lib/libtraveler_msgs__rosidl_typesupport_cpp.so\n'}
[0.320444] (traveler_msgs) StdoutLine: {'line': b'-- Up-to-date: /home/qianlab/single_turtle_workspace/install/traveler_msgs/share/traveler_msgs/environment/pythonpath.sh\n'}
[0.320508] (traveler_msgs) StdoutLine: {'line': b'-- Up-to-date: /home/qianlab/single_turtle_workspace/install/traveler_msgs/share/traveler_msgs/environment/pythonpath.dsv\n'}
[0.320578] (traveler_msgs) StdoutLine: {'line': b'-- Up-to-date: /home/qianlab/single_turtle_workspace/install/traveler_msgs/lib/python3.8/site-packages/traveler_msgs/__init__.py\n'}
[0.347621] (traveler_msgs) StdoutLine: {'line': b'-- Up-to-date: /home/qianlab/single_turtle_workspace/install/traveler_msgs/lib/python3.8/site-packages/traveler_msgs/msg\n'}
[0.347964] (traveler_msgs) StdoutLine: {'line': b'-- Up-to-date: /home/qianlab/single_turtle_workspace/install/traveler_msgs/lib/python3.8/site-packages/traveler_msgs/msg/_set_input_position_s.c\n'}
[0.348052] (traveler_msgs) StdoutLine: {'line': b'-- Up-to-date: /home/qianlab/single_turtle_workspace/install/traveler_msgs/lib/python3.8/site-packages/traveler_msgs/msg/_traveler_mode.py\n'}
[0.348122] (traveler_msgs) StdoutLine: {'line': b'-- Up-to-date: /home/qianlab/single_turtle_workspace/install/traveler_msgs/lib/python3.8/site-packages/traveler_msgs/msg/_odrive_status_s.c\n'}
[0.348209] (traveler_msgs) StdoutLine: {'line': b'-- Up-to-date: /home/qianlab/single_turtle_workspace/install/traveler_msgs/lib/python3.8/site-packages/traveler_msgs/msg/_traveler_mode_s.c\n'}
[0.348278] (traveler_msgs) StdoutLine: {'line': b'-- Up-to-date: /home/qianlab/single_turtle_workspace/install/traveler_msgs/lib/python3.8/site-packages/traveler_msgs/msg/_traveler_status.py\n'}
[0.348345] (traveler_msgs) StdoutLine: {'line': b'-- Up-to-date: /home/qianlab/single_turtle_workspace/install/traveler_msgs/lib/python3.8/site-packages/traveler_msgs/msg/_set_input_position.py\n'}
[0.348413] (traveler_msgs) StdoutLine: {'line': b'-- Up-to-date: /home/qianlab/single_turtle_workspace/install/traveler_msgs/lib/python3.8/site-packages/traveler_msgs/msg/_odrive_status.py\n'}
[0.348492] (traveler_msgs) StdoutLine: {'line': b'-- Up-to-date: /home/qianlab/single_turtle_workspace/install/traveler_msgs/lib/python3.8/site-packages/traveler_msgs/msg/_traveler_config_s.c\n'}
[0.348561] (traveler_msgs) StdoutLine: {'line': b'-- Up-to-date: /home/qianlab/single_turtle_workspace/install/traveler_msgs/lib/python3.8/site-packages/traveler_msgs/msg/_set_state_s.c\n'}
[0.348628] (traveler_msgs) StdoutLine: {'line': b'-- Up-to-date: /home/qianlab/single_turtle_workspace/install/traveler_msgs/lib/python3.8/site-packages/traveler_msgs/msg/_traveler_status_s.c\n'}
[0.348696] (traveler_msgs) StdoutLine: {'line': b'-- Up-to-date: /home/qianlab/single_turtle_workspace/install/traveler_msgs/lib/python3.8/site-packages/traveler_msgs/msg/_traveler_config.py\n'}
[0.348780] (traveler_msgs) StdoutLine: {'line': b'-- Up-to-date: /home/qianlab/single_turtle_workspace/install/traveler_msgs/lib/python3.8/site-packages/traveler_msgs/msg/_set_state.py\n'}
[0.348861] (traveler_msgs) StdoutLine: {'line': b'-- Up-to-date: /home/qianlab/single_turtle_workspace/install/traveler_msgs/lib/python3.8/site-packages/traveler_msgs/msg/__init__.py\n'}
[0.348932] (traveler_msgs) StdoutLine: {'line': b'-- Up-to-date: /home/qianlab/single_turtle_workspace/install/traveler_msgs/lib/python3.8/site-packages/traveler_msgs/traveler_msgs_s__rosidl_typesupport_fastrtps_c.cpython-38-x86_64-linux-gnu.so\n'}
[0.349006] (traveler_msgs) StdoutLine: {'line': b'-- Up-to-date: /home/qianlab/single_turtle_workspace/install/traveler_msgs/lib/python3.8/site-packages/traveler_msgs/traveler_msgs_s__rosidl_typesupport_introspection_c.cpython-38-x86_64-linux-gnu.so\n'}
[0.349357] (traveler_msgs) StdoutLine: {'line': b'-- Up-to-date: /home/qianlab/single_turtle_workspace/install/traveler_msgs/lib/python3.8/site-packages/traveler_msgs/traveler_msgs_s__rosidl_typesupport_c.cpython-38-x86_64-linux-gnu.so\n'}
[0.349770] (traveler_msgs) StdoutLine: {'line': b'-- Up-to-date: /home/qianlab/single_turtle_workspace/install/traveler_msgs/lib/libtraveler_msgs__python.so\n'}
[0.349967] (traveler_msgs) StdoutLine: {'line': b'-- Up-to-date: /home/qianlab/single_turtle_workspace/install/traveler_msgs/share/traveler_msgs/msg/OdriveStatus.idl\n'}
[0.350090] (traveler_msgs) StdoutLine: {'line': b'-- Up-to-date: /home/qianlab/single_turtle_workspace/install/traveler_msgs/share/traveler_msgs/msg/TravelerConfig.idl\n'}
[0.350186] (traveler_msgs) StdoutLine: {'line': b'-- Up-to-date: /home/qianlab/single_turtle_workspace/install/traveler_msgs/share/traveler_msgs/msg/TravelerMode.idl\n'}
[0.350275] (traveler_msgs) StdoutLine: {'line': b'-- Up-to-date: /home/qianlab/single_turtle_workspace/install/traveler_msgs/share/traveler_msgs/msg/TravelerStatus.idl\n'}
[0.350361] (traveler_msgs) StdoutLine: {'line': b'-- Up-to-date: /home/qianlab/single_turtle_workspace/install/traveler_msgs/share/traveler_msgs/msg/SetState.idl\n'}
[0.350446] (traveler_msgs) StdoutLine: {'line': b'-- Up-to-date: /home/qianlab/single_turtle_workspace/install/traveler_msgs/share/traveler_msgs/msg/SetInputPosition.idl\n'}
[0.350525] (traveler_msgs) StdoutLine: {'line': b'-- Up-to-date: /home/qianlab/single_turtle_workspace/install/traveler_msgs/share/traveler_msgs/msg/OdriveStatus.msg\n'}
[0.350613] (traveler_msgs) StdoutLine: {'line': b'-- Up-to-date: /home/qianlab/single_turtle_workspace/install/traveler_msgs/share/traveler_msgs/msg/TravelerConfig.msg\n'}
[0.350694] (traveler_msgs) StdoutLine: {'line': b'-- Up-to-date: /home/qianlab/single_turtle_workspace/install/traveler_msgs/share/traveler_msgs/msg/TravelerMode.msg\n'}
[0.350791] (traveler_msgs) StdoutLine: {'line': b'-- Up-to-date: /home/qianlab/single_turtle_workspace/install/traveler_msgs/share/traveler_msgs/msg/TravelerStatus.msg\n'}
[0.350880] (traveler_msgs) StdoutLine: {'line': b'-- Up-to-date: /home/qianlab/single_turtle_workspace/install/traveler_msgs/share/traveler_msgs/odrivemsg/SetState.msg\n'}
[0.350970] (traveler_msgs) StdoutLine: {'line': b'-- Up-to-date: /home/qianlab/single_turtle_workspace/install/traveler_msgs/share/traveler_msgs/odrivemsg/SetInputPosition.msg\n'}
[0.351052] (traveler_msgs) StdoutLine: {'line': b'-- Up-to-date: /home/qianlab/single_turtle_workspace/install/traveler_msgs/share/ament_index/resource_index/package_run_dependencies/traveler_msgs\n'}
[0.351119] (traveler_msgs) StdoutLine: {'line': b'-- Up-to-date: /home/qianlab/single_turtle_workspace/install/traveler_msgs/share/ament_index/resource_index/parent_prefix_path/traveler_msgs\n'}
[0.351184] (traveler_msgs) StdoutLine: {'line': b'-- Up-to-date: /home/qianlab/single_turtle_workspace/install/traveler_msgs/share/traveler_msgs/environment/ament_prefix_path.sh\n'}
[0.351263] (traveler_msgs) StdoutLine: {'line': b'-- Up-to-date: /home/qianlab/single_turtle_workspace/install/traveler_msgs/share/traveler_msgs/environment/ament_prefix_path.dsv\n'}
[0.351341] (traveler_msgs) StdoutLine: {'line': b'-- Up-to-date: /home/qianlab/single_turtle_workspace/install/traveler_msgs/share/traveler_msgs/environment/path.sh\n'}
[0.351432] (traveler_msgs) StdoutLine: {'line': b'-- Up-to-date: /home/qianlab/single_turtle_workspace/install/traveler_msgs/share/traveler_msgs/environment/path.dsv\n'}
[0.351498] (traveler_msgs) StdoutLine: {'line': b'-- Up-to-date: /home/qianlab/single_turtle_workspace/install/traveler_msgs/share/traveler_msgs/local_setup.bash\n'}
[0.351575] (traveler_msgs) StdoutLine: {'line': b'-- Up-to-date: /home/qianlab/single_turtle_workspace/install/traveler_msgs/share/traveler_msgs/local_setup.sh\n'}
[0.351655] (traveler_msgs) StdoutLine: {'line': b'-- Up-to-date: /home/qianlab/single_turtle_workspace/install/traveler_msgs/share/traveler_msgs/local_setup.zsh\n'}
[0.351720] (traveler_msgs) StdoutLine: {'line': b'-- Up-to-date: /home/qianlab/single_turtle_workspace/install/traveler_msgs/share/traveler_msgs/local_setup.dsv\n'}
[0.351797] (traveler_msgs) StdoutLine: {'line': b'-- Installing: /home/qianlab/single_turtle_workspace/install/traveler_msgs/share/traveler_msgs/package.dsv\n'}
[0.351873] (traveler_msgs) StdoutLine: {'line': b'-- Up-to-date: /home/qianlab/single_turtle_workspace/install/traveler_msgs/share/ament_index/resource_index/packages/traveler_msgs\n'}
[0.351950] (traveler_msgs) StdoutLine: {'line': b'-- Up-to-date: /home/qianlab/single_turtle_workspace/install/traveler_msgs/share/traveler_msgs/cmake/traveler_msgs__rosidl_generator_cExport.cmake\n'}
[0.352015] (traveler_msgs) StdoutLine: {'line': b'-- Up-to-date: /home/qianlab/single_turtle_workspace/install/traveler_msgs/share/traveler_msgs/cmake/traveler_msgs__rosidl_generator_cExport-noconfig.cmake\n'}
[0.352078] (traveler_msgs) StdoutLine: {'line': b'-- Up-to-date: /home/qianlab/single_turtle_workspace/install/traveler_msgs/share/traveler_msgs/cmake/traveler_msgs__rosidl_typesupport_introspection_cExport.cmake\n'}
[0.352172] (traveler_msgs) StdoutLine: {'line': b'-- Up-to-date: /home/qianlab/single_turtle_workspace/install/traveler_msgs/share/traveler_msgs/cmake/traveler_msgs__rosidl_typesupport_introspection_cExport-noconfig.cmake\n'}
[0.352239] (traveler_msgs) StdoutLine: {'line': b'-- Up-to-date: /home/qianlab/single_turtle_workspace/install/traveler_msgs/share/traveler_msgs/cmake/traveler_msgs__rosidl_typesupport_cExport.cmake\n'}
[0.352317] (traveler_msgs) StdoutLine: {'line': b'-- Up-to-date: /home/qianlab/single_turtle_workspace/install/traveler_msgs/share/traveler_msgs/cmake/traveler_msgs__rosidl_typesupport_cExport-noconfig.cmake\n'}
[0.352395] (traveler_msgs) StdoutLine: {'line': b'-- Up-to-date: /home/qianlab/single_turtle_workspace/install/traveler_msgs/share/traveler_msgs/cmake/traveler_msgs__rosidl_generator_cppExport.cmake\n'}
[0.352482] (traveler_msgs) StdoutLine: {'line': b'-- Up-to-date: /home/qianlab/single_turtle_workspace/install/traveler_msgs/share/traveler_msgs/cmake/traveler_msgs__rosidl_typesupport_introspection_cppExport.cmake\n'}
[0.352571] (traveler_msgs) StdoutLine: {'line': b'-- Up-to-date: /home/qianlab/single_turtle_workspace/install/traveler_msgs/share/traveler_msgs/cmake/traveler_msgs__rosidl_typesupport_introspection_cppExport-noconfig.cmake\n'}
[0.352661] (traveler_msgs) StdoutLine: {'line': b'-- Up-to-date: /home/qianlab/single_turtle_workspace/install/traveler_msgs/share/traveler_msgs/cmake/traveler_msgs__rosidl_typesupport_cppExport.cmake\n'}
[0.352737] (traveler_msgs) StdoutLine: {'line': b'-- Up-to-date: /home/qianlab/single_turtle_workspace/install/traveler_msgs/share/traveler_msgs/cmake/traveler_msgs__rosidl_typesupport_cppExport-noconfig.cmake\n'}
[0.352828] (traveler_msgs) StdoutLine: {'line': b'-- Up-to-date: /home/qianlab/single_turtle_workspace/install/traveler_msgs/share/traveler_msgs/cmake/rosidl_cmake-extras.cmake\n'}
[0.352893] (traveler_msgs) StdoutLine: {'line': b'-- Up-to-date: /home/qianlab/single_turtle_workspace/install/traveler_msgs/share/traveler_msgs/cmake/ament_cmake_export_dependencies-extras.cmake\n'}
[0.352961] (traveler_msgs) StdoutLine: {'line': b'-- Up-to-date: /home/qianlab/single_turtle_workspace/install/traveler_msgs/share/traveler_msgs/cmake/ament_cmake_export_libraries-extras.cmake\n'}
[0.353025] (traveler_msgs) StdoutLine: {'line': b'-- Up-to-date: /home/qianlab/single_turtle_workspace/install/traveler_msgs/share/traveler_msgs/cmake/ament_cmake_export_targets-extras.cmake\n'}
[0.353090] (traveler_msgs) StdoutLine: {'line': b'-- Up-to-date: /home/qianlab/single_turtle_workspace/install/traveler_msgs/share/traveler_msgs/cmake/ament_cmake_export_include_directories-extras.cmake\n'}
[0.353156] (traveler_msgs) StdoutLine: {'line': b'-- Up-to-date: /home/qianlab/single_turtle_workspace/install/traveler_msgs/share/traveler_msgs/cmake/rosidl_cmake_export_typesupport_libraries-extras.cmake\n'}
[0.353221] (traveler_msgs) StdoutLine: {'line': b'-- Up-to-date: /home/qianlab/single_turtle_workspace/install/traveler_msgs/share/traveler_msgs/cmake/rosidl_cmake_export_typesupport_targets-extras.cmake\n'}
[0.353286] (traveler_msgs) StdoutLine: {'line': b'-- Up-to-date: /home/qianlab/single_turtle_workspace/install/traveler_msgs/share/traveler_msgs/cmake/traveler_msgsConfig.cmake\n'}
[0.353351] (traveler_msgs) StdoutLine: {'line': b'-- Up-to-date: /home/qianlab/single_turtle_workspace/install/traveler_msgs/share/traveler_msgs/cmake/traveler_msgsConfig-version.cmake\n'}
[0.353416] (traveler_msgs) StdoutLine: {'line': b'-- Up-to-date: /home/qianlab/single_turtle_workspace/install/traveler_msgs/share/traveler_msgs/package.xml\n'}
[0.355132] (traveler_msgs) CommandEnded: {'returncode': 0}
[0.401382] (-) TimerEvent: {}
[0.456281] (traveler_msgs) JobEnded: {'identifier': 'traveler_msgs', 'rc': 0}
[0.457892] (turtle_high_controller) JobStarted: {'identifier': 'turtle_high_controller'}
[0.465144] (turtle_high_controller) JobProgress: {'identifier': 'turtle_high_controller', 'progress': 'cmake'}
[0.465799] (turtle_high_controller) JobProgress: {'identifier': 'turtle_high_controller', 'progress': 'build'}
[0.466054] (turtle_high_controller) Command: {'cmd': ['/usr/bin/cmake', '--build', '/home/qianlab/single_turtle_workspace/build/turtle_high_controller', '--', '-j12', '-l12'], 'cwd': '/home/qianlab/single_turtle_workspace/build/turtle_high_controller', 'env': OrderedDict([('GJS_DEBUG_TOPICS', 'JS ERROR;JS LOG'), ('LESSOPEN', '| /usr/bin/lesspipe %s'), ('USER', 'qianlab'), ('SSH_AGENT_PID', '2033'), ('XDG_SESSION_TYPE', 'x11'), ('GIT_ASKPASS', '/usr/share/code/resources/app/extensions/git/dist/askpass.sh'), ('SHLVL', '1'), ('LD_LIBRARY_PATH', '/home/qianlab/single_turtle_workspace/install/traveler_msgs/lib:/home/qianlab/lassie-traveler/dependencies/install/traveler_msgs/lib:/opt/ros/foxy/opt/yaml_cpp_vendor/lib:/opt/ros/foxy/opt/rviz_ogre_vendor/lib:/opt/ros/foxy/lib/x86_64-linux-gnu:/opt/ros/foxy/lib'), ('HOME', '/home/qianlab'), ('CHROME_DESKTOP', 'code.desktop'), ('CONDA_SHLVL', '0'), ('TERM_PROGRAM_VERSION', '1.100.3'), ('DESKTOP_SESSION', 'ubuntu'), ('NVM_BIN', '/home/qianlab/.nvm/versions/node/v12.18.3/bin'), ('NVM_INC', '/home/qianlab/.nvm/versions/node/v12.18.3/include/node'), ('GIO_LAUNCHED_DESKTOP_FILE', '/usr/share/applications/code.desktop'), ('ROS_PYTHON_VERSION', '3'), ('GNOME_SHELL_SESSION_MODE', 'ubuntu'), ('GTK_MODULES', 'gail:atk-bridge'), ('VSCODE_GIT_ASKPASS_MAIN', '/usr/share/code/resources/app/extensions/git/dist/askpass-main.js'), ('VSCODE_GIT_ASKPASS_NODE', '/usr/share/code/code'), ('MANAGERPID', '1924'), ('DBUS_SESSION_BUS_ADDRESS', 'unix:path=/run/user/1000/bus'), ('COLORTERM', 'truecolor'), ('_CE_M', ''), ('GIO_LAUNCHED_DESKTOP_FILE_PID', '2660'), ('NVM_DIR', '/home/qianlab/.nvm'), ('MANDATORY_PATH', '/usr/share/gconf/ubuntu.mandatory.path'), ('IM_CONFIG_PHASE', '1'), ('COLCON_PREFIX_PATH', '/home/qianlab/lassie-traveler/dependencies/install'), ('ROS_DISTRO', 'foxy'), ('LOGNAME', 'qianlab'), ('JOURNAL_STREAM', '8:56505'), ('_', '/usr/bin/colcon'), ('ROS_VERSION', '2'), ('XDG_SESSION_CLASS', 'user'), ('DEFAULTS_PATH', '/usr/share/gconf/ubuntu.default.path'), ('USERNAME', 'qianlab'), ('TERM', 'xterm-256color'), ('GNOME_DESKTOP_SESSION_ID', 'this-is-deprecated'), ('_CE_CONDA', ''), ('ROS_LOCALHOST_ONLY', '0'), ('WINDOWPATH', '2'), ('PATH', '/home/qianlab/ghost_robotics/arm_toolchain/bin:/home/qianlab/.local/bin:/home/qianlab/ghost_robotics/arm_toolchain/bin:/home/qianlab/miniconda3/condabin:/home/qianlab/.nvm/versions/node/v12.18.3/bin:/opt/ros/foxy/bin:/home/qianlab/.local/bin:/usr/local/sbin:/usr/local/bin:/usr/sbin:/usr/bin:/sbin:/bin:/usr/games:/usr/local/games:/snap/bin'), ('SESSION_MANAGER', 'local/qianlab-Yoga-7-14IAL7:@/tmp/.ICE-unix/2071,unix/qianlab-Yoga-7-14IAL7:/tmp/.ICE-unix/2071'), ('INVOCATION_ID', 'ada520d1c1f94e228d33304f77e601b8'), ('XDG_MENU_PREFIX', 'gnome-'), ('XDG_RUNTIME_DIR', '/run/user/1000'), ('GDK_BACKEND', 'x11'), ('DISPLAY', ':0'), ('LANG', 'en_US.UTF-8'), ('XDG_CURRENT_DESKTOP', 'Unity'), ('XMODIFIERS', '@im=ibus'), ('XDG_SESSION_DESKTOP', 'ubuntu'), ('XAUTHORITY', '/run/user/1000/gdm/Xauthority'), ('LS_COLORS', 'rs=0:di=01;34:ln=01;36:mh=00:pi=40;33:so=01;35:do=01;35:bd=40;33;01:cd=40;33;01:or=40;31;01:mi=00:su=37;41:sg=30;43:ca=30;41:tw=30;42:ow=34;42:st=37;44:ex=01;32:*.tar=01;31:*.tgz=01;31:*.arc=01;31:*.arj=01;31:*.taz=01;31:*.lha=01;31:*.lz4=01;31:*.lzh=01;31:*.lzma=01;31:*.tlz=01;31:*.txz=01;31:*.tzo=01;31:*.t7z=01;31:*.zip=01;31:*.z=01;31:*.dz=01;31:*.gz=01;31:*.lrz=01;31:*.lz=01;31:*.lzo=01;31:*.xz=01;31:*.zst=01;31:*.tzst=01;31:*.bz2=01;31:*.bz=01;31:*.tbz=01;31:*.tbz2=01;31:*.tz=01;31:*.deb=01;31:*.rpm=01;31:*.jar=01;31:*.war=01;31:*.ear=01;31:*.sar=01;31:*.rar=01;31:*.alz=01;31:*.ace=01;31:*.zoo=01;31:*.cpio=01;31:*.7z=01;31:*.rz=01;31:*.cab=01;31:*.wim=01;31:*.swm=01;31:*.dwm=01;31:*.esd=01;31:*.jpg=01;35:*.jpeg=01;35:*.mjpg=01;35:*.mjpeg=01;35:*.gif=01;35:*.bmp=01;35:*.pbm=01;35:*.pgm=01;35:*.ppm=01;35:*.tga=01;35:*.xbm=01;35:*.xpm=01;35:*.tif=01;35:*.tiff=01;35:*.png=01;35:*.svg=01;35:*.svgz=01;35:*.mng=01;35:*.pcx=01;35:*.mov=01;35:*.mpg=01;35:*.mpeg=01;35:*.m2v=01;35:*.mkv=01;35:*.webm=01;35:*.ogm=01;35:*.mp4=01;35:*.m4v=01;35:*.mp4v=01;35:*.vob=01;35:*.qt=01;35:*.nuv=01;35:*.wmv=01;35:*.asf=01;35:*.rm=01;35:*.rmvb=01;35:*.flc=01;35:*.avi=01;35:*.fli=01;35:*.flv=01;35:*.gl=01;35:*.dl=01;35:*.xcf=01;35:*.xwd=01;35:*.yuv=01;35:*.cgm=01;35:*.emf=01;35:*.ogv=01;35:*.ogx=01;35:*.aac=00;36:*.au=00;36:*.flac=00;36:*.m4a=00;36:*.mid=00;36:*.midi=00;36:*.mka=00;36:*.mp3=00;36:*.mpc=00;36:*.ogg=00;36:*.ra=00;36:*.wav=00;36:*.oga=00;36:*.opus=00;36:*.spx=00;36:*.xspf=00;36:'), ('VSCODE_GIT_IPC_HANDLE', '/run/user/1000/vscode-git-66f982bc43.sock'), ('TERM_PROGRAM', 'vscode'), ('SSH_AUTH_SOCK', '/run/user/1000/keyring/ssh'), ('ROS_DOMAIN_ID', '19'), ('AMENT_PREFIX_PATH', '/home/qianlab/single_turtle_workspace/install/traveler_msgs:/home/qianlab/lassie-traveler/dependencies/install/traveler_high_controller:/home/qianlab/lassie-traveler/dependencies/install/traveler_msgs:/opt/ros/foxy'), ('CONDA_PYTHON_EXE', '/home/qianlab/miniconda3/bin/python'), ('ORIGINAL_XDG_CURRENT_DESKTOP', 'ubuntu:GNOME'), ('SHELL', '/bin/bash'), ('QT_ACCESSIBILITY', '1'), ('GDMSESSION', 'ubuntu'), ('LESSCLOSE', '/usr/bin/lesspipe %s %s'), ('GPG_AGENT_INFO', '/run/user/1000/gnupg/S.gpg-agent:0:1'), ('GJS_DEBUG_OUTPUT', 'stderr'), ('VSCODE_GIT_ASKPASS_EXTRA_ARGS', ''), ('QT_IM_MODULE', 'ibus'), ('PWD', '/home/qianlab/single_turtle_workspace/build/turtle_high_controller'), ('XDG_CONFIG_DIRS', '/etc/xdg/xdg-ubuntu:/etc/xdg'), ('CONDA_EXE', '/home/qianlab/miniconda3/bin/conda'), ('NVM_CD_FLAGS', ''), ('XDG_DATA_DIRS', '/usr/share/ubuntu:/usr/local/share/:/usr/share/:/var/lib/snapd/desktop'), ('PYTHONPATH', '/home/qianlab/single_turtle_workspace/install/traveler_msgs/lib/python3.8/site-packages:/home/qianlab/lassie-traveler/dependencies/install/traveler_msgs/lib/python3.8/site-packages:/opt/ros/foxy/lib/python3.8/site-packages'), ('CUSTOM_ENV_NAME', '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'), ('COLCON', '1'), ('CMAKE_PREFIX_PATH', '/home/qianlab/single_turtle_workspace/install/traveler_msgs:/home/qianlab/lassie-traveler/dependencies/install/traveler_high_controller:/home/qianlab/lassie-traveler/dependencies/install/traveler_msgs:/opt/ros/foxy')]), 'shell': False}
[0.501478] (-) TimerEvent: {}
[0.507748] (turtle_high_controller) StdoutLine: {'line': b'\x1b[35m\x1b[1mScanning dependencies of target odrive_can_interface\x1b[0m\n'}
[0.510114] (turtle_high_controller) StdoutLine: {'line': b'\x1b[35m\x1b[1mScanning dependencies of target turtle_high_controller\x1b[0m\n'}
[0.533804] (turtle_high_controller) StdoutLine: {'line': b'[  7%] \x1b[32mBuilding CXX object CMakeFiles/odrive_can_interface.dir/src/can_driver/odrive_can.cpp.o\x1b[0m\n'}
[0.534246] (turtle_high_controller) StdoutLine: {'line': b'[ 14%] \x1b[32mBuilding CXX object CMakeFiles/odrive_can_interface.dir/src/can_driver/can_driver.cpp.o\x1b[0m\n'}
[0.557889] (turtle_high_controller) StdoutLine: {'line': b'[ 21%] \x1b[32mBuilding CXX object CMakeFiles/turtle_high_controller.dir/src/proxy/lowerproxy.cpp.o\x1b[0m\n'}
[0.558488] (turtle_high_controller) StdoutLine: {'line': b'[ 28%] \x1b[32mBuilding CXX object CMakeFiles/turtle_high_controller.dir/src/can_driver/can_driver.cpp.o\x1b[0m\n'}
[0.558662] (turtle_high_controller) StdoutLine: {'line': b'[ 42%] \x1b[32mBuilding CXX object CMakeFiles/turtle_high_controller.dir/src/controller/trajectories_parser.cpp.o\x1b[0m\n'}
[0.558867] (turtle_high_controller) StdoutLine: {'line': b'[ 42%] \x1b[32mBuilding CXX object CMakeFiles/turtle_high_controller.dir/src/controller/Inverse_kinematics.cpp.o\x1b[0m\n'}
[0.558960] (turtle_high_controller) StdoutLine: {'line': b'[ 50%] \x1b[32mBuilding CXX object CMakeFiles/turtle_high_controller.dir/src/main.cpp.o\x1b[0m\n'}
[0.559017] (turtle_high_controller) StdoutLine: {'line': b'[ 57%] \x1b[32mBuilding CXX object CMakeFiles/turtle_high_controller.dir/src/proxy/upperproxy.cpp.o\x1b[0m\n'}
[0.601570] (-) TimerEvent: {}
[0.625805] (turtle_high_controller) StderrLine: {'line': b'\x1b[01m\x1b[K/home/qianlab/single_turtle_workspace/dependencies/traveler_controller/src/controller/trajectories_parser.cpp:5:10:\x1b[m\x1b[K \x1b[01;31m\x1b[Kfatal error: \x1b[m\x1b[Kcontrol_data.h: No such file or directory\n'}
[0.626018] (turtle_high_controller) StderrLine: {'line': b'    5 | #include \x1b[01;31m\x1b[K"control_data.h"\x1b[m\x1b[K\n'}
[0.626080] (turtle_high_controller) StderrLine: {'line': b'      |          \x1b[01;31m\x1b[K^~~~~~~~~~~~~~~~\x1b[m\x1b[K\n'}
[0.626133] (turtle_high_controller) StderrLine: {'line': b'compilation terminated.\n'}
[0.631262] (turtle_high_controller) StderrLine: {'line': b'make[2]: *** [CMakeFiles/turtle_high_controller.dir/build.make:89: CMakeFiles/turtle_high_controller.dir/src/controller/trajectories_parser.cpp.o] Error 1\n'}
[0.631465] (turtle_high_controller) StderrLine: {'line': b'make[2]: *** Waiting for unfinished jobs....\n'}
[0.701668] (-) TimerEvent: {}
[0.793213] (traveler_optitrack) Command: {'cmd': ['/usr/bin/python3', '-W', 'ignore:setup.py install is deprecated', '-W', 'ignore:easy_install command is deprecated', 'setup.py', 'egg_info', '--egg-base', '../../build/traveler_optitrack', 'build', '--build-base', '/home/qianlab/single_turtle_workspace/build/traveler_optitrack/build', 'install', '--record', '/home/qianlab/single_turtle_workspace/build/traveler_optitrack/install.log', '--install-scripts', '$base/lib/traveler_optitrack', '--single-version-externally-managed', 'install_data'], 'cwd': '/home/qianlab/single_turtle_workspace/highlevel/traveler_optitrack', 'env': {'GJS_DEBUG_TOPICS': 'JS ERROR;JS LOG', 'LESSOPEN': '| /usr/bin/lesspipe %s', 'USER': 'qianlab', 'SSH_AGENT_PID': '2033', 'XDG_SESSION_TYPE': 'x11', 'GIT_ASKPASS': '/usr/share/code/resources/app/extensions/git/dist/askpass.sh', 'SHLVL': '1', 'LD_LIBRARY_PATH': '/home/qianlab/lassie-traveler/dependencies/install/traveler_msgs/lib:/opt/ros/foxy/opt/yaml_cpp_vendor/lib:/opt/ros/foxy/opt/rviz_ogre_vendor/lib:/opt/ros/foxy/lib/x86_64-linux-gnu:/opt/ros/foxy/lib', 'HOME': '/home/qianlab', 'CHROME_DESKTOP': 'code.desktop', 'CONDA_SHLVL': '0', 'TERM_PROGRAM_VERSION': '1.100.3', 'DESKTOP_SESSION': 'ubuntu', 'NVM_BIN': '/home/qianlab/.nvm/versions/node/v12.18.3/bin', 'NVM_INC': '/home/qianlab/.nvm/versions/node/v12.18.3/include/node', 'GIO_LAUNCHED_DESKTOP_FILE': '/usr/share/applications/code.desktop', 'ROS_PYTHON_VERSION': '3', 'GNOME_SHELL_SESSION_MODE': 'ubuntu', 'GTK_MODULES': 'gail:atk-bridge', 'VSCODE_GIT_ASKPASS_MAIN': '/usr/share/code/resources/app/extensions/git/dist/askpass-main.js', 'VSCODE_GIT_ASKPASS_NODE': '/usr/share/code/code', 'MANAGERPID': '1924', 'DBUS_SESSION_BUS_ADDRESS': 'unix:path=/run/user/1000/bus', 'COLORTERM': 'truecolor', '_CE_M': '', 'GIO_LAUNCHED_DESKTOP_FILE_PID': '2660', 'NVM_DIR': '/home/qianlab/.nvm', 'MANDATORY_PATH': '/usr/share/gconf/ubuntu.mandatory.path', 'IM_CONFIG_PHASE': '1', 'COLCON_PREFIX_PATH': '/home/qianlab/lassie-traveler/dependencies/install', 'ROS_DISTRO': 'foxy', 'LOGNAME': 'qianlab', 'JOURNAL_STREAM': '8:56505', '_': '/usr/bin/colcon', 'ROS_VERSION': '2', 'XDG_SESSION_CLASS': 'user', 'DEFAULTS_PATH': '/usr/share/gconf/ubuntu.default.path', 'USERNAME': 'qianlab', 'TERM': 'xterm-256color', 'GNOME_DESKTOP_SESSION_ID': 'this-is-deprecated', '_CE_CONDA': '', 'ROS_LOCALHOST_ONLY': '0', 'WINDOWPATH': '2', 'PATH': '/home/qianlab/ghost_robotics/arm_toolchain/bin:/home/qianlab/.local/bin:/home/qianlab/ghost_robotics/arm_toolchain/bin:/home/qianlab/miniconda3/condabin:/home/qianlab/.nvm/versions/node/v12.18.3/bin:/opt/ros/foxy/bin:/home/qianlab/.local/bin:/usr/local/sbin:/usr/local/bin:/usr/sbin:/usr/bin:/sbin:/bin:/usr/games:/usr/local/games:/snap/bin', 'SESSION_MANAGER': 'local/qianlab-Yoga-7-14IAL7:@/tmp/.ICE-unix/2071,unix/qianlab-Yoga-7-14IAL7:/tmp/.ICE-unix/2071', 'INVOCATION_ID': 'ada520d1c1f94e228d33304f77e601b8', 'XDG_MENU_PREFIX': 'gnome-', 'XDG_RUNTIME_DIR': '/run/user/1000', 'GDK_BACKEND': 'x11', 'DISPLAY': ':0', 'LANG': 'en_US.UTF-8', 'XDG_CURRENT_DESKTOP': 'Unity', 'XMODIFIERS': '@im=ibus', 'XDG_SESSION_DESKTOP': 'ubuntu', 'XAUTHORITY': '/run/user/1000/gdm/Xauthority', 'LS_COLORS': 'rs=0:di=01;34:ln=01;36:mh=00:pi=40;33:so=01;35:do=01;35:bd=40;33;01:cd=40;33;01:or=40;31;01:mi=00:su=37;41:sg=30;43:ca=30;41:tw=30;42:ow=34;42:st=37;44:ex=01;32:*.tar=01;31:*.tgz=01;31:*.arc=01;31:*.arj=01;31:*.taz=01;31:*.lha=01;31:*.lz4=01;31:*.lzh=01;31:*.lzma=01;31:*.tlz=01;31:*.txz=01;31:*.tzo=01;31:*.t7z=01;31:*.zip=01;31:*.z=01;31:*.dz=01;31:*.gz=01;31:*.lrz=01;31:*.lz=01;31:*.lzo=01;31:*.xz=01;31:*.zst=01;31:*.tzst=01;31:*.bz2=01;31:*.bz=01;31:*.tbz=01;31:*.tbz2=01;31:*.tz=01;31:*.deb=01;31:*.rpm=01;31:*.jar=01;31:*.war=01;31:*.ear=01;31:*.sar=01;31:*.rar=01;31:*.alz=01;31:*.ace=01;31:*.zoo=01;31:*.cpio=01;31:*.7z=01;31:*.rz=01;31:*.cab=01;31:*.wim=01;31:*.swm=01;31:*.dwm=01;31:*.esd=01;31:*.jpg=01;35:*.jpeg=01;35:*.mjpg=01;35:*.mjpeg=01;35:*.gif=01;35:*.bmp=01;35:*.pbm=01;35:*.pgm=01;35:*.ppm=01;35:*.tga=01;35:*.xbm=01;35:*.xpm=01;35:*.tif=01;35:*.tiff=01;35:*.png=01;35:*.svg=01;35:*.svgz=01;35:*.mng=01;35:*.pcx=01;35:*.mov=01;35:*.mpg=01;35:*.mpeg=01;35:*.m2v=01;35:*.mkv=01;35:*.webm=01;35:*.ogm=01;35:*.mp4=01;35:*.m4v=01;35:*.mp4v=01;35:*.vob=01;35:*.qt=01;35:*.nuv=01;35:*.wmv=01;35:*.asf=01;35:*.rm=01;35:*.rmvb=01;35:*.flc=01;35:*.avi=01;35:*.fli=01;35:*.flv=01;35:*.gl=01;35:*.dl=01;35:*.xcf=01;35:*.xwd=01;35:*.yuv=01;35:*.cgm=01;35:*.emf=01;35:*.ogv=01;35:*.ogx=01;35:*.aac=00;36:*.au=00;36:*.flac=00;36:*.m4a=00;36:*.mid=00;36:*.midi=00;36:*.mka=00;36:*.mp3=00;36:*.mpc=00;36:*.ogg=00;36:*.ra=00;36:*.wav=00;36:*.oga=00;36:*.opus=00;36:*.spx=00;36:*.xspf=00;36:', 'VSCODE_GIT_IPC_HANDLE': '/run/user/1000/vscode-git-66f982bc43.sock', 'TERM_PROGRAM': 'vscode', 'SSH_AUTH_SOCK': '/run/user/1000/keyring/ssh', 'ROS_DOMAIN_ID': '19', 'AMENT_PREFIX_PATH': '/home/qianlab/lassie-traveler/dependencies/install/traveler_high_controller:/home/qianlab/lassie-traveler/dependencies/install/traveler_msgs:/opt/ros/foxy', 'CONDA_PYTHON_EXE': '/home/qianlab/miniconda3/bin/python', 'ORIGINAL_XDG_CURRENT_DESKTOP': 'ubuntu:GNOME', 'SHELL': '/bin/bash', 'QT_ACCESSIBILITY': '1', 'GDMSESSION': 'ubuntu', 'LESSCLOSE': '/usr/bin/lesspipe %s %s', 'GPG_AGENT_INFO': '/run/user/1000/gnupg/S.gpg-agent:0:1', 'GJS_DEBUG_OUTPUT': 'stderr', 'VSCODE_GIT_ASKPASS_EXTRA_ARGS': '', 'QT_IM_MODULE': 'ibus', 'PWD': '/home/qianlab/single_turtle_workspace/build/traveler_optitrack', 'XDG_CONFIG_DIRS': '/etc/xdg/xdg-ubuntu:/etc/xdg', 'CONDA_EXE': '/home/qianlab/miniconda3/bin/conda', 'NVM_CD_FLAGS': '', 'XDG_DATA_DIRS': '/usr/share/ubuntu:/usr/local/share/:/usr/share/:/var/lib/snapd/desktop', 'PYTHONPATH': '/home/qianlab/single_turtle_workspace/build/traveler_optitrack/prefix_override:/usr/lib/python3/dist-packages/colcon_core/task/python/colcon_distutils_commands:/home/qianlab/single_turtle_workspace/install/traveler_optitrack/lib/python3.8/site-packages:/home/qianlab/lassie-traveler/dependencies/install/traveler_msgs/lib/python3.8/site-packages:/opt/ros/foxy/lib/python3.8/site-packages', 'CUSTOM_ENV_NAME': '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', 'COLCON': '1', 'CMAKE_PREFIX_PATH': '/home/qianlab/lassie-traveler/dependencies/install/traveler_high_controller:/home/qianlab/lassie-traveler/dependencies/install/traveler_msgs'}, 'shell': False}
[0.801802] (-) TimerEvent: {}
[0.859147] (turtle_high_controller) StderrLine: {'line': b'\x1b[01m\x1b[K/home/qianlab/single_turtle_workspace/dependencies/traveler_controller/src/controller/Inverse_kinematics.cpp:\x1b[m\x1b[K In function \xe2\x80\x98\x1b[01m\x1b[Kvoid getGamma(float, float&)\x1b[m\x1b[K\xe2\x80\x99:\n'}
[0.859401] (turtle_high_controller) StderrLine: {'line': b'\x1b[01m\x1b[K/home/qianlab/single_turtle_workspace/dependencies/traveler_controller/src/controller/Inverse_kinematics.cpp:26:47:\x1b[m\x1b[K \x1b[01;31m\x1b[Kerror: \x1b[m\x1b[K\xe2\x80\x98\x1b[01m\x1b[KL3\x1b[m\x1b[K\xe2\x80\x99 was not declared in this scope; did you mean \xe2\x80\x98\x1b[01m\x1b[KL\x1b[m\x1b[K\xe2\x80\x99?\n'}
[0.859478] (turtle_high_controller) StderrLine: {'line': b'   26 |     gamma = static_cast<float>(acosf((pow(L - \x1b[01;31m\x1b[KL3\x1b[m\x1b[K, 2) + L1 * L1 - L2 * L2) / (2 * L1 * (L - L3))));\n'}
[0.859543] (turtle_high_controller) StderrLine: {'line': b'      |                                               \x1b[01;31m\x1b[K^~\x1b[m\x1b[K\n'}
[0.859601] (turtle_high_controller) StderrLine: {'line': b'      |                                               \x1b[32m\x1b[KL\x1b[m\x1b[K\n'}
[0.859730] (turtle_high_controller) StderrLine: {'line': b'\x1b[01m\x1b[K/home/qianlab/single_turtle_workspace/dependencies/traveler_controller/src/controller/Inverse_kinematics.cpp:26:56:\x1b[m\x1b[K \x1b[01;31m\x1b[Kerror: \x1b[m\x1b[K\xe2\x80\x98\x1b[01m\x1b[KL1\x1b[m\x1b[K\xe2\x80\x99 was not declared in this scope; did you mean \xe2\x80\x98\x1b[01m\x1b[KL\x1b[m\x1b[K\xe2\x80\x99?\n'}
[0.859790] (turtle_high_controller) StderrLine: {'line': b'   26 |     gamma = static_cast<float>(acosf((pow(L - L3, 2) + \x1b[01;31m\x1b[KL1\x1b[m\x1b[K * L1 - L2 * L2) / (2 * L1 * (L - L3))));\n'}
[0.859841] (turtle_high_controller) StderrLine: {'line': b'      |                                                        \x1b[01;31m\x1b[K^~\x1b[m\x1b[K\n'}
[0.859893] (turtle_high_controller) StderrLine: {'line': b'      |                                                        \x1b[32m\x1b[KL\x1b[m\x1b[K\n'}
[0.860275] (turtle_high_controller) StderrLine: {'line': b'\x1b[01m\x1b[K/home/qianlab/single_turtle_workspace/dependencies/traveler_controller/src/controller/Inverse_kinematics.cpp:26:66:\x1b[m\x1b[K \x1b[01;31m\x1b[Kerror: \x1b[m\x1b[K\xe2\x80\x98\x1b[01m\x1b[KL2\x1b[m\x1b[K\xe2\x80\x99 was not declared in this scope; did you mean \xe2\x80\x98\x1b[01m\x1b[KL\x1b[m\x1b[K\xe2\x80\x99?\n'}
[0.860364] (turtle_high_controller) StderrLine: {'line': b'   26 |     gamma = static_cast<float>(acosf((pow(L - L3, 2) + L1 * L1 - \x1b[01;31m\x1b[KL2\x1b[m\x1b[K * L2) / (2 * L1 * (L - L3))));\n'}
[0.860416] (turtle_high_controller) StderrLine: {'line': b'      |                                                                  \x1b[01;31m\x1b[K^~\x1b[m\x1b[K\n'}
[0.860476] (turtle_high_controller) StderrLine: {'line': b'      |                                                                  \x1b[32m\x1b[KL\x1b[m\x1b[K\n'}
[0.861079] (turtle_high_controller) StderrLine: {'line': b'\x1b[01m\x1b[K/home/qianlab/single_turtle_workspace/dependencies/traveler_controller/src/controller/Inverse_kinematics.cpp:\x1b[m\x1b[K In function \xe2\x80\x98\x1b[01m\x1b[Kvoid physicalToAbstract(float, float, float&, float&, float&)\x1b[m\x1b[K\xe2\x80\x99:\n'}
[0.861254] (turtle_high_controller) StderrLine: {'line': b'\x1b[01m\x1b[K/home/qianlab/single_turtle_workspace/dependencies/traveler_controller/src/controller/Inverse_kinematics.cpp:54:47:\x1b[m\x1b[K \x1b[01;31m\x1b[Kerror: \x1b[m\x1b[K\xe2\x80\x98\x1b[01m\x1b[KL3\x1b[m\x1b[K\xe2\x80\x99 was not declared in this scope; did you mean \xe2\x80\x98\x1b[01m\x1b[KL\x1b[m\x1b[K\xe2\x80\x99?\n'}
[0.861355] (turtle_high_controller) StderrLine: {'line': b'   54 |     gamma = static_cast<float>(acosf((pow(L - \x1b[01;31m\x1b[KL3\x1b[m\x1b[K, 2) + L1 * L1 - L2 * L2) / (2 * L1 * (L - L3))));\n'}
[0.861599] (turtle_high_controller) StderrLine: {'line': b'      |                                               \x1b[01;31m\x1b[K^~\x1b[m\x1b[K\n'}
[0.861700] (turtle_high_controller) StderrLine: {'line': b'      |                                               \x1b[32m\x1b[KL\x1b[m\x1b[K\n'}
[0.861844] (turtle_high_controller) StderrLine: {'line': b'\x1b[01m\x1b[K/home/qianlab/single_turtle_workspace/dependencies/traveler_controller/src/controller/Inverse_kinematics.cpp:54:56:\x1b[m\x1b[K \x1b[01;31m\x1b[Kerror: \x1b[m\x1b[K\xe2\x80\x98\x1b[01m\x1b[KL1\x1b[m\x1b[K\xe2\x80\x99 was not declared in this scope; did you mean \xe2\x80\x98\x1b[01m\x1b[KL\x1b[m\x1b[K\xe2\x80\x99?\n'}
[0.861945] (turtle_high_controller) StderrLine: {'line': b'   54 |     gamma = static_cast<float>(acosf((pow(L - L3, 2) + \x1b[01;31m\x1b[KL1\x1b[m\x1b[K * L1 - L2 * L2) / (2 * L1 * (L - L3))));\n'}
[0.862031] (turtle_high_controller) StderrLine: {'line': b'      |                                                        \x1b[01;31m\x1b[K^~\x1b[m\x1b[K\n'}
[0.862115] (turtle_high_controller) StderrLine: {'line': b'      |                                                        \x1b[32m\x1b[KL\x1b[m\x1b[K\n'}
[0.862206] (turtle_high_controller) StderrLine: {'line': b'\x1b[01m\x1b[K/home/qianlab/single_turtle_workspace/dependencies/traveler_controller/src/controller/Inverse_kinematics.cpp:54:66:\x1b[m\x1b[K \x1b[01;31m\x1b[Kerror: \x1b[m\x1b[K\xe2\x80\x98\x1b[01m\x1b[KL2\x1b[m\x1b[K\xe2\x80\x99 was not declared in this scope; did you mean \xe2\x80\x98\x1b[01m\x1b[KL\x1b[m\x1b[K\xe2\x80\x99?\n'}
[0.862287] (turtle_high_controller) StderrLine: {'line': b'   54 |     gamma = static_cast<float>(acosf((pow(L - L3, 2) + L1 * L1 - \x1b[01;31m\x1b[KL2\x1b[m\x1b[K * L2) / (2 * L1 * (L - L3))));\n'}
[0.862446] (turtle_high_controller) StderrLine: {'line': b'      |                                                                  \x1b[01;31m\x1b[K^~\x1b[m\x1b[K\n'}
[0.862543] (turtle_high_controller) StderrLine: {'line': b'      |                                                                  \x1b[32m\x1b[KL\x1b[m\x1b[K\n'}
[0.862605] (turtle_high_controller) StderrLine: {'line': b'\x1b[01m\x1b[K/home/qianlab/single_turtle_workspace/dependencies/traveler_controller/src/controller/Inverse_kinematics.cpp:\x1b[m\x1b[K In function \xe2\x80\x98\x1b[01m\x1b[Kvoid physicalToAbstract(float, float, float&, float&, bool)\x1b[m\x1b[K\xe2\x80\x99:\n'}
[0.862672] (turtle_high_controller) StderrLine: {'line': b'\x1b[01m\x1b[K/home/qianlab/single_turtle_workspace/dependencies/traveler_controller/src/controller/Inverse_kinematics.cpp:86:47:\x1b[m\x1b[K \x1b[01;31m\x1b[Kerror: \x1b[m\x1b[K\xe2\x80\x98\x1b[01m\x1b[KL3\x1b[m\x1b[K\xe2\x80\x99 was not declared in this scope; did you mean \xe2\x80\x98\x1b[01m\x1b[KL\x1b[m\x1b[K\xe2\x80\x99?\n'}
[0.862738] (turtle_high_controller) StderrLine: {'line': b'   86 |     gamma = static_cast<float>(acosf((pow(L - \x1b[01;31m\x1b[KL3\x1b[m\x1b[K, 2) + L1 * L1 - L2 * L2) / (2 * L1 * (L - L3))));\n'}
[0.862801] (turtle_high_controller) StderrLine: {'line': b'      |                                               \x1b[01;31m\x1b[K^~\x1b[m\x1b[K\n'}
[0.862872] (turtle_high_controller) StderrLine: {'line': b'      |                                               \x1b[32m\x1b[KL\x1b[m\x1b[K\n'}
[0.863028] (turtle_high_controller) StderrLine: {'line': b'\x1b[01m\x1b[K/home/qianlab/single_turtle_workspace/dependencies/traveler_controller/src/controller/Inverse_kinematics.cpp:86:56:\x1b[m\x1b[K \x1b[01;31m\x1b[Kerror: \x1b[m\x1b[K\xe2\x80\x98\x1b[01m\x1b[KL1\x1b[m\x1b[K\xe2\x80\x99 was not declared in this scope; did you mean \xe2\x80\x98\x1b[01m\x1b[KL\x1b[m\x1b[K\xe2\x80\x99?\n'}
[0.863118] (turtle_high_controller) StderrLine: {'line': b'   86 |     gamma = static_cast<float>(acosf((pow(L - L3, 2) + \x1b[01;31m\x1b[KL1\x1b[m\x1b[K * L1 - L2 * L2) / (2 * L1 * (L - L3))));\n'}
[0.863190] (turtle_high_controller) StderrLine: {'line': b'      |                                                        \x1b[01;31m\x1b[K^~\x1b[m\x1b[K\n'}
[0.863261] (turtle_high_controller) StderrLine: {'line': b'      |                                                        \x1b[32m\x1b[KL\x1b[m\x1b[K\n'}
[0.863629] (turtle_high_controller) StderrLine: {'line': b'\x1b[01m\x1b[K/home/qianlab/single_turtle_workspace/dependencies/traveler_controller/src/controller/Inverse_kinematics.cpp:86:66:\x1b[m\x1b[K \x1b[01;31m\x1b[Kerror: \x1b[m\x1b[K\xe2\x80\x98\x1b[01m\x1b[KL2\x1b[m\x1b[K\xe2\x80\x99 was not declared in this scope; did you mean \xe2\x80\x98\x1b[01m\x1b[KL\x1b[m\x1b[K\xe2\x80\x99?\n'}
[0.863713] (turtle_high_controller) StderrLine: {'line': b'   86 |     gamma = static_cast<float>(acosf((pow(L - L3, 2) + L1 * L1 - \x1b[01;31m\x1b[KL2\x1b[m\x1b[K * L2) / (2 * L1 * (L - L3))));\n'}
[0.863776] (turtle_high_controller) StderrLine: {'line': b'      |                                                                  \x1b[01;31m\x1b[K^~\x1b[m\x1b[K\n'}
[0.863836] (turtle_high_controller) StderrLine: {'line': b'      |                                                                  \x1b[32m\x1b[KL\x1b[m\x1b[K\n'}
[0.866046] (turtle_high_controller) StderrLine: {'line': b'\x1b[01m\x1b[K/home/qianlab/single_turtle_workspace/dependencies/traveler_controller/src/controller/Inverse_kinematics.cpp:\x1b[m\x1b[K In function \xe2\x80\x98\x1b[01m\x1b[Kbool clamp_XY(float&, float&, float)\x1b[m\x1b[K\xe2\x80\x99:\n'}
[0.866243] (turtle_high_controller) StderrLine: {'line': b'\x1b[01m\x1b[K/home/qianlab/single_turtle_workspace/dependencies/traveler_controller/src/controller/Inverse_kinematics.cpp:194:14:\x1b[m\x1b[K \x1b[01;31m\x1b[Kerror: \x1b[m\x1b[K\xe2\x80\x98\x1b[01m\x1b[KMAX_EXT\x1b[m\x1b[K\xe2\x80\x99 was not declared in this scope\n'}
[0.866310] (turtle_high_controller) StderrLine: {'line': b'  194 |     if (L > (\x1b[01;31m\x1b[KMAX_EXT\x1b[m\x1b[K)) {\n'}
[0.866367] (turtle_high_controller) StderrLine: {'line': b'      |              \x1b[01;31m\x1b[K^~~~~~~\x1b[m\x1b[K\n'}
[0.866422] (turtle_high_controller) StderrLine: {'line': b'\x1b[01m\x1b[K/home/qianlab/single_turtle_workspace/dependencies/traveler_controller/src/controller/Inverse_kinematics.cpp:198:21:\x1b[m\x1b[K \x1b[01;31m\x1b[Kerror: \x1b[m\x1b[K\xe2\x80\x98\x1b[01m\x1b[KMIN_EXT\x1b[m\x1b[K\xe2\x80\x99 was not declared in this scope\n'}
[0.866495] (turtle_high_controller) StderrLine: {'line': b'  198 |     } else if (L < (\x1b[01;31m\x1b[KMIN_EXT\x1b[m\x1b[K)) {\n'}
[0.866566] (turtle_high_controller) StderrLine: {'line': b'      |                     \x1b[01;31m\x1b[K^~~~~~~\x1b[m\x1b[K\n'}
[0.866707] (turtle_high_controller) StderrLine: {'line': b'\x1b[01m\x1b[K/home/qianlab/single_turtle_workspace/dependencies/traveler_controller/src/controller/Inverse_kinematics.cpp:\x1b[m\x1b[K In function \xe2\x80\x98\x1b[01m\x1b[Kbool clamp_XY(XY_pair&, float)\x1b[m\x1b[K\xe2\x80\x99:\n'}
[0.866762] (turtle_high_controller) StderrLine: {'line': b'\x1b[01m\x1b[K/home/qianlab/single_turtle_workspace/dependencies/traveler_controller/src/controller/Inverse_kinematics.cpp:214:14:\x1b[m\x1b[K \x1b[01;31m\x1b[Kerror: \x1b[m\x1b[K\xe2\x80\x98\x1b[01m\x1b[KMAX_EXT\x1b[m\x1b[K\xe2\x80\x99 was not declared in this scope\n'}
[0.866815] (turtle_high_controller) StderrLine: {'line': b'  214 |     if (L > (\x1b[01;31m\x1b[KMAX_EXT\x1b[m\x1b[K)) {\n'}
[0.866866] (turtle_high_controller) StderrLine: {'line': b'      |              \x1b[01;31m\x1b[K^~~~~~~\x1b[m\x1b[K\n'}
[0.867233] (turtle_high_controller) StderrLine: {'line': b'\x1b[01m\x1b[K/home/qianlab/single_turtle_workspace/dependencies/traveler_controller/src/controller/Inverse_kinematics.cpp:220:21:\x1b[m\x1b[K \x1b[01;31m\x1b[Kerror: \x1b[m\x1b[K\xe2\x80\x98\x1b[01m\x1b[KMIN_EXT\x1b[m\x1b[K\xe2\x80\x99 was not declared in this scope\n'}
[0.867531] (turtle_high_controller) StderrLine: {'line': b'  220 |     } else if (L < (\x1b[01;31m\x1b[KMIN_EXT\x1b[m\x1b[K)) {\n'}
[0.867612] (turtle_high_controller) StderrLine: {'line': b'      |                     \x1b[01;31m\x1b[K^~~~~~~\x1b[m\x1b[K\n'}
[0.894146] (turtle_high_controller) StderrLine: {'line': b'\x1b[01m\x1b[K/home/qianlab/single_turtle_workspace/dependencies/traveler_controller/src/controller/Inverse_kinematics.cpp:\x1b[m\x1b[K In function \xe2\x80\x98\x1b[01m\x1b[Kbool clamp_XY(float&, float&, float)\x1b[m\x1b[K\xe2\x80\x99:\n'}
[0.894394] (turtle_high_controller) StderrLine: {'line': b'\x1b[01m\x1b[K/home/qianlab/single_turtle_workspace/dependencies/traveler_controller/src/controller/Inverse_kinematics.cpp:205:1:\x1b[m\x1b[K \x1b[01;35m\x1b[Kwarning: \x1b[m\x1b[Kcontrol reaches end of non-void function [\x1b[01;35m\x1b[K-Wreturn-type\x1b[m\x1b[K]\n'}
[0.894513] (turtle_high_controller) StderrLine: {'line': b'  205 | \x1b[01;35m\x1b[K}\x1b[m\x1b[K\n'}
[0.894603] (turtle_high_controller) StderrLine: {'line': b'      | \x1b[01;35m\x1b[K^\x1b[m\x1b[K\n'}
[0.894770] (turtle_high_controller) StderrLine: {'line': b'\x1b[01m\x1b[K/home/qianlab/single_turtle_workspace/dependencies/traveler_controller/src/controller/Inverse_kinematics.cpp:\x1b[m\x1b[K In function \xe2\x80\x98\x1b[01m\x1b[Kbool clamp_XY(XY_pair&, float)\x1b[m\x1b[K\xe2\x80\x99:\n'}
[0.894920] (turtle_high_controller) StderrLine: {'line': b'\x1b[01m\x1b[K/home/qianlab/single_turtle_workspace/dependencies/traveler_controller/src/controller/Inverse_kinematics.cpp:229:1:\x1b[m\x1b[K \x1b[01;35m\x1b[Kwarning: \x1b[m\x1b[Kcontrol reaches end of non-void function [\x1b[01;35m\x1b[K-Wreturn-type\x1b[m\x1b[K]\n'}
[0.895016] (turtle_high_controller) StderrLine: {'line': b'  229 | \x1b[01;35m\x1b[K}\x1b[m\x1b[K\n'}
[0.895102] (turtle_high_controller) StderrLine: {'line': b'      | \x1b[01;35m\x1b[K^\x1b[m\x1b[K\n'}
[0.900928] (turtle_high_controller) StderrLine: {'line': b'make[2]: *** [CMakeFiles/turtle_high_controller.dir/build.make:76: CMakeFiles/turtle_high_controller.dir/src/controller/Inverse_kinematics.cpp.o] Error 1\n'}
[0.901873] (-) TimerEvent: {}
[0.971682] (traveler_optitrack) StderrLine: {'line': b'/home/qianlab/.local/lib/python3.8/site-packages/setuptools/dist.py:498: SetuptoolsDeprecationWarning: Invalid dash-separated options\n'}
[0.971920] (traveler_optitrack) StderrLine: {'line': b'!!\n'}
[0.972004] (traveler_optitrack) StderrLine: {'line': b'\n'}
[0.972076] (traveler_optitrack) StderrLine: {'line': b'        ********************************************************************************\n'}
[0.972145] (traveler_optitrack) StderrLine: {'line': b"        Usage of dash-separated 'script-dir' will not be supported in future\n"}
[0.972214] (traveler_optitrack) StderrLine: {'line': b"        versions. Please use the underscore name 'script_dir' instead.\n"}
[0.972290] (traveler_optitrack) StderrLine: {'line': b'\n'}
[0.972356] (traveler_optitrack) StderrLine: {'line': b'        This deprecation is overdue, please update your project and remove deprecated\n'}
[0.972423] (traveler_optitrack) StderrLine: {'line': b'        calls to avoid build errors in the future.\n'}
[0.972489] (traveler_optitrack) StderrLine: {'line': b'\n'}
[0.972554] (traveler_optitrack) StderrLine: {'line': b'        See https://setuptools.pypa.io/en/latest/userguide/declarative_config.html for details.\n'}
[0.972621] (traveler_optitrack) StderrLine: {'line': b'        ********************************************************************************\n'}
[0.972686] (traveler_optitrack) StderrLine: {'line': b'\n'}
[0.972752] (traveler_optitrack) StderrLine: {'line': b'!!\n'}
[0.972816] (traveler_optitrack) StderrLine: {'line': b'  opt = self.warn_dash_deprecation(opt, section)\n'}
[1.001981] (-) TimerEvent: {}
[1.102310] (-) TimerEvent: {}
[1.134179] (traveler_optitrack) StdoutLine: {'line': b'running egg_info\n'}
[1.154283] (traveler_optitrack) StdoutLine: {'line': b'writing ../../build/traveler_optitrack/traveler_optitrack.egg-info/PKG-INFO\n'}
[1.154881] (traveler_optitrack) StdoutLine: {'line': b'writing dependency_links to ../../build/traveler_optitrack/traveler_optitrack.egg-info/dependency_links.txt\n'}
[1.155084] (traveler_optitrack) StdoutLine: {'line': b'writing entry points to ../../build/traveler_optitrack/traveler_optitrack.egg-info/entry_points.txt\n'}
[1.155241] (traveler_optitrack) StdoutLine: {'line': b'writing requirements to ../../build/traveler_optitrack/traveler_optitrack.egg-info/requires.txt\n'}
[1.155409] (traveler_optitrack) StdoutLine: {'line': b'writing top-level names to ../../build/traveler_optitrack/traveler_optitrack.egg-info/top_level.txt\n'}
[1.202403] (-) TimerEvent: {}
[1.280405] (traveler_optitrack) StdoutLine: {'line': b"reading manifest file '../../build/traveler_optitrack/traveler_optitrack.egg-info/SOURCES.txt'\n"}
[1.281330] (traveler_optitrack) StdoutLine: {'line': b"writing manifest file '../../build/traveler_optitrack/traveler_optitrack.egg-info/SOURCES.txt'\n"}
[1.281577] (traveler_optitrack) StdoutLine: {'line': b'running build\n'}
[1.281691] (traveler_optitrack) StdoutLine: {'line': b'running build_py\n'}
[1.281972] (traveler_optitrack) StdoutLine: {'line': b'running install\n'}
[1.285989] (traveler_optitrack) StdoutLine: {'line': b'running install_lib\n'}
[1.297147] (traveler_optitrack) StdoutLine: {'line': b'running install_data\n'}
[1.297432] (traveler_optitrack) StdoutLine: {'line': b'running install_egg_info\n'}
[1.302498] (-) TimerEvent: {}
[1.308578] (traveler_optitrack) StdoutLine: {'line': b"removing '/home/qianlab/single_turtle_workspace/install/traveler_optitrack/lib/python3.8/site-packages/traveler_optitrack-0.0.0-py3.8.egg-info' (and everything under it)\n"}
[1.308819] (traveler_optitrack) StdoutLine: {'line': b'Copying ../../build/traveler_optitrack/traveler_optitrack.egg-info to /home/qianlab/single_turtle_workspace/install/traveler_optitrack/lib/python3.8/site-packages/traveler_optitrack-0.0.0-py3.8.egg-info\n'}
[1.309325] (traveler_optitrack) StdoutLine: {'line': b'running install_scripts\n'}
[1.359738] (traveler_optitrack) StdoutLine: {'line': b'Installing traveler_optitrack script to /home/qianlab/single_turtle_workspace/install/traveler_optitrack/lib/traveler_optitrack\n'}
[1.360181] (traveler_optitrack) StdoutLine: {'line': b"writing list of installed files to '/home/qianlab/single_turtle_workspace/build/traveler_optitrack/install.log'\n"}
[1.395754] (traveler_optitrack) CommandEnded: {'returncode': 0}
[1.402672] (-) TimerEvent: {}
[1.403858] (traveler_optitrack) JobEnded: {'identifier': 'traveler_optitrack', 'rc': 0}
[1.502815] (-) TimerEvent: {}
[1.603124] (-) TimerEvent: {}
[1.703438] (-) TimerEvent: {}
[1.803784] (-) TimerEvent: {}
[1.904118] (-) TimerEvent: {}
[2.004447] (-) TimerEvent: {}
[2.104775] (-) TimerEvent: {}
[2.205183] (-) TimerEvent: {}
[2.305529] (-) TimerEvent: {}
[2.313247] (turtle_high_controller) StderrLine: {'line': b'In file included from \x1b[01m\x1b[K/home/qianlab/single_turtle_workspace/dependencies/traveler_controller/include/main.h:13\x1b[m\x1b[K,\n'}
[2.313691] (turtle_high_controller) StderrLine: {'line': b'                 from \x1b[01m\x1b[K/home/qianlab/single_turtle_workspace/dependencies/traveler_controller/src/main.cpp:8\x1b[m\x1b[K:\n'}
[2.313779] (turtle_high_controller) StderrLine: {'line': b'\x1b[01m\x1b[K/home/qianlab/single_turtle_workspace/dependencies/traveler_controller/include/proxy/lowerproxy.h:97:17:\x1b[m\x1b[K \x1b[01;31m\x1b[Kerror: \x1b[m\x1b[K\xe2\x80\x98\x1b[01m\x1b[KTrajectoryPoint\x1b[m\x1b[K\xe2\x80\x99 was not declared in this scope; did you mean \xe2\x80\x98\x1b[01m\x1b[KTrajectoryData\x1b[m\x1b[K\xe2\x80\x99?\n'}
[2.313867] (turtle_high_controller) StderrLine: {'line': b'   97 |     std::vector<\x1b[01;31m\x1b[KTrajectoryPoint\x1b[m\x1b[K> precomputed_;\n'}
[2.313949] (turtle_high_controller) StderrLine: {'line': b'      |                 \x1b[01;31m\x1b[K^~~~~~~~~~~~~~~\x1b[m\x1b[K\n'}
[2.314032] (turtle_high_controller) StderrLine: {'line': b'      |                 \x1b[32m\x1b[KTrajectoryData\x1b[m\x1b[K\n'}
[2.314111] (turtle_high_controller) StderrLine: {'line': b'\x1b[01m\x1b[K/home/qianlab/single_turtle_workspace/dependencies/traveler_controller/include/proxy/lowerproxy.h:97:32:\x1b[m\x1b[K \x1b[01;31m\x1b[Kerror: \x1b[m\x1b[Ktemplate argument 1 is invalid\n'}
[2.314193] (turtle_high_controller) StderrLine: {'line': b'   97 |     std::vector<TrajectoryPoint\x1b[01;31m\x1b[K>\x1b[m\x1b[K precomputed_;\n'}
[2.314275] (turtle_high_controller) StderrLine: {'line': b'      |                                \x1b[01;31m\x1b[K^\x1b[m\x1b[K\n'}
[2.314346] (turtle_high_controller) StderrLine: {'line': b'\x1b[01m\x1b[K/home/qianlab/single_turtle_workspace/dependencies/traveler_controller/include/proxy/lowerproxy.h:97:32:\x1b[m\x1b[K \x1b[01;31m\x1b[Kerror: \x1b[m\x1b[Ktemplate argument 2 is invalid\n'}
[2.334518] (turtle_high_controller) StderrLine: {'line': b'In file included from \x1b[01m\x1b[K/home/qianlab/single_turtle_workspace/dependencies/traveler_controller/src/proxy/lowerproxy.cpp:8\x1b[m\x1b[K:\n'}
[2.334721] (turtle_high_controller) StderrLine: {'line': b'\x1b[01m\x1b[K/home/qianlab/single_turtle_workspace/dependencies/traveler_controller/include/proxy/lowerproxy.h:97:17:\x1b[m\x1b[K \x1b[01;31m\x1b[Kerror: \x1b[m\x1b[K\xe2\x80\x98\x1b[01m\x1b[KTrajectoryPoint\x1b[m\x1b[K\xe2\x80\x99 was not declared in this scope; did you mean \xe2\x80\x98\x1b[01m\x1b[KTrajectoryData\x1b[m\x1b[K\xe2\x80\x99?\n'}
[2.334798] (turtle_high_controller) StderrLine: {'line': b'   97 |     std::vector<\x1b[01;31m\x1b[KTrajectoryPoint\x1b[m\x1b[K> precomputed_;\n'}
[2.334865] (turtle_high_controller) StderrLine: {'line': b'      |                 \x1b[01;31m\x1b[K^~~~~~~~~~~~~~~\x1b[m\x1b[K\n'}
[2.334930] (turtle_high_controller) StderrLine: {'line': b'      |                 \x1b[32m\x1b[KTrajectoryData\x1b[m\x1b[K\n'}
[2.334994] (turtle_high_controller) StderrLine: {'line': b'\x1b[01m\x1b[K/home/qianlab/single_turtle_workspace/dependencies/traveler_controller/include/proxy/lowerproxy.h:97:32:\x1b[m\x1b[K \x1b[01;31m\x1b[Kerror: \x1b[m\x1b[Ktemplate argument 1 is invalid\n'}
[2.335062] (turtle_high_controller) StderrLine: {'line': b'   97 |     std::vector<TrajectoryPoint\x1b[01;31m\x1b[K>\x1b[m\x1b[K precomputed_;\n'}
[2.335128] (turtle_high_controller) StderrLine: {'line': b'      |                                \x1b[01;31m\x1b[K^\x1b[m\x1b[K\n'}
[2.335196] (turtle_high_controller) StderrLine: {'line': b'\x1b[01m\x1b[K/home/qianlab/single_turtle_workspace/dependencies/traveler_controller/include/proxy/lowerproxy.h:97:32:\x1b[m\x1b[K \x1b[01;31m\x1b[Kerror: \x1b[m\x1b[Ktemplate argument 2 is invalid\n'}
[2.352506] (turtle_high_controller) StderrLine: {'line': b'\x1b[01m\x1b[K/home/qianlab/single_turtle_workspace/dependencies/traveler_controller/src/main.cpp:19:54:\x1b[m\x1b[K \x1b[01;31m\x1b[Kerror: \x1b[m\x1b[K\xe2\x80\x98\x1b[01m\x1b[Kturtle_namespace::control::TrajectoriesParser::TrajectoriesParser()\x1b[m\x1b[K\xe2\x80\x99 is private within this context\n'}
[2.352731] (turtle_high_controller) StderrLine: {'line': b'   19 | static turtle_namespace::control::TrajectoriesParser \x1b[01;31m\x1b[Ktraj\x1b[m\x1b[K;\n'}
[2.352903] (turtle_high_controller) StderrLine: {'line': b'      |                                                      \x1b[01;31m\x1b[K^~~~\x1b[m\x1b[K\n'}
[2.352998] (turtle_high_controller) StderrLine: {'line': b'In file included from \x1b[01m\x1b[K/home/qianlab/single_turtle_workspace/dependencies/traveler_controller/src/main.cpp:10\x1b[m\x1b[K:\n'}
[2.353079] (turtle_high_controller) StderrLine: {'line': b'\x1b[01m\x1b[K/home/qianlab/single_turtle_workspace/dependencies/traveler_controller/include/controller/trajectories_parser.h:94:5:\x1b[m\x1b[K \x1b[01;36m\x1b[Knote: \x1b[m\x1b[Kdeclared private here\n'}
[2.353156] (turtle_high_controller) StderrLine: {'line': b'   94 |     \x1b[01;36m\x1b[KTrajectoriesParser\x1b[m\x1b[K() = default;\n'}
[2.353229] (turtle_high_controller) StderrLine: {'line': b'      |     \x1b[01;36m\x1b[K^~~~~~~~~~~~~~~~~~\x1b[m\x1b[K\n'}
[2.405699] (-) TimerEvent: {}
[2.412083] (turtle_high_controller) StderrLine: {'line': b'\x1b[01m\x1b[K/home/qianlab/single_turtle_workspace/dependencies/traveler_controller/src/proxy/lowerproxy.cpp:\x1b[m\x1b[K In member function \xe2\x80\x98\x1b[01m\x1b[Kvoid turtle_namespace::control::lowerproxy::calculate_position(turtle&)\x1b[m\x1b[K\xe2\x80\x99:\n'}
[2.412298] (turtle_high_controller) StderrLine: {'line': b'\x1b[01m\x1b[K/home/qianlab/single_turtle_workspace/dependencies/traveler_controller/src/proxy/lowerproxy.cpp:35:45:\x1b[m\x1b[K \x1b[01;35m\x1b[Kwarning: \x1b[m\x1b[Kunused parameter \xe2\x80\x98\x1b[01m\x1b[Kturtle_\x1b[m\x1b[K\xe2\x80\x99 [\x1b[01;35m\x1b[K-Wunused-parameter\x1b[m\x1b[K]\n'}
[2.412379] (turtle_high_controller) StderrLine: {'line': b'   35 | void lowerproxy::calculate_position(\x1b[01;35m\x1b[Kturtle &turtle_\x1b[m\x1b[K) {\n'}
[2.412452] (turtle_high_controller) StderrLine: {'line': b'      |                                     \x1b[01;35m\x1b[K~~~~~~~~^~~~~~~\x1b[m\x1b[K\n'}
[2.505837] (-) TimerEvent: {}
[2.606198] (-) TimerEvent: {}
[2.706495] (-) TimerEvent: {}
[2.806817] (-) TimerEvent: {}
[2.837167] (turtle_high_controller) StdoutLine: {'line': b'[ 64%] \x1b[32m\x1b[1mLinking CXX executable odrive_can_interface\x1b[0m\n'}
[2.844758] (turtle_high_controller) StderrLine: {'line': b'In file included from \x1b[01m\x1b[K/usr/include/x86_64-linux-gnu/c++/9/bits/c++allocator.h:33\x1b[m\x1b[K,\n'}
[2.845079] (turtle_high_controller) StderrLine: {'line': b'                 from \x1b[01m\x1b[K/usr/include/c++/9/bits/allocator.h:46\x1b[m\x1b[K,\n'}
[2.845177] (turtle_high_controller) StderrLine: {'line': b'                 from \x1b[01m\x1b[K/usr/include/c++/9/string:41\x1b[m\x1b[K,\n'}
[2.845257] (turtle_high_controller) StderrLine: {'line': b'                 from \x1b[01m\x1b[K/usr/include/c++/9/stdexcept:39\x1b[m\x1b[K,\n'}
[2.845328] (turtle_high_controller) StderrLine: {'line': b'                 from \x1b[01m\x1b[K/usr/include/c++/9/array:39\x1b[m\x1b[K,\n'}
[2.845399] (turtle_high_controller) StderrLine: {'line': b'                 from \x1b[01m\x1b[K/usr/include/c++/9/tuple:39\x1b[m\x1b[K,\n'}
[2.845469] (turtle_high_controller) StderrLine: {'line': b'                 from \x1b[01m\x1b[K/usr/include/c++/9/functional:54\x1b[m\x1b[K,\n'}
[2.845541] (turtle_high_controller) StderrLine: {'line': b'                 from \x1b[01m\x1b[K/home/qianlab/single_turtle_workspace/dependencies/traveler_controller/include/proxy/lowerproxy.h:12\x1b[m\x1b[K,\n'}
[2.845619] (turtle_high_controller) StderrLine: {'line': b'                 from \x1b[01m\x1b[K/home/qianlab/single_turtle_workspace/dependencies/traveler_controller/include/main.h:13\x1b[m\x1b[K,\n'}
[2.845692] (turtle_high_controller) StderrLine: {'line': b'                 from \x1b[01m\x1b[K/home/qianlab/single_turtle_workspace/dependencies/traveler_controller/src/main.cpp:8\x1b[m\x1b[K:\n'}
[2.845768] (turtle_high_controller) StderrLine: {'line': b'/usr/include/c++/9/ext/new_allocator.h: In instantiation of \xe2\x80\x98\x1b[01m\x1b[Kvoid __gnu_cxx::new_allocator<_Tp>::construct(_Up*, _Args&& ...) [with _Up = turtle_namespace::control::upperproxy; _Args = {}; _Tp = turtle_namespace::control::upperproxy]\x1b[m\x1b[K\xe2\x80\x99:\n'}
[2.845863] (turtle_high_controller) StderrLine: {'line': b'\x1b[01m\x1b[K/usr/include/c++/9/bits/alloc_traits.h:483:4:\x1b[m\x1b[K   required from \xe2\x80\x98\x1b[01m\x1b[Kstatic void std::allocator_traits<std::allocator<_CharT> >::construct(std::allocator_traits<std::allocator<_CharT> >::allocator_type&, _Up*, _Args&& ...) [with _Up = turtle_namespace::control::upperproxy; _Args = {}; _Tp = turtle_namespace::control::upperproxy; std::allocator_traits<std::allocator<_CharT> >::allocator_type = std::allocator<turtle_namespace::control::upperproxy>]\x1b[m\x1b[K\xe2\x80\x99\n'}
[2.845942] (turtle_high_controller) StderrLine: {'line': b'\x1b[01m\x1b[K/usr/include/c++/9/bits/shared_ptr_base.h:548:39:\x1b[m\x1b[K   required from \xe2\x80\x98\x1b[01m\x1b[Kstd::_Sp_counted_ptr_inplace<_Tp, _Alloc, _Lp>::_Sp_counted_ptr_inplace(_Alloc, _Args&& ...) [with _Args = {}; _Tp = turtle_namespace::control::upperproxy; _Alloc = std::allocator<turtle_namespace::control::upperproxy>; __gnu_cxx::_Lock_policy _Lp = __gnu_cxx::_S_atomic]\x1b[m\x1b[K\xe2\x80\x99\n'}
[2.846014] (turtle_high_controller) StderrLine: {'line': b'\x1b[01m\x1b[K/usr/include/c++/9/bits/shared_ptr_base.h:679:16:\x1b[m\x1b[K   required from \xe2\x80\x98\x1b[01m\x1b[Kstd::__shared_count<_Lp>::__shared_count(_Tp*&, std::_Sp_alloc_shared_tag<_Alloc>, _Args&& ...) [with _Tp = turtle_namespace::control::upperproxy; _Alloc = std::allocator<turtle_namespace::control::upperproxy>; _Args = {}; __gnu_cxx::_Lock_policy _Lp = __gnu_cxx::_S_atomic]\x1b[m\x1b[K\xe2\x80\x99\n'}
[2.846086] (turtle_high_controller) StderrLine: {'line': b'\x1b[01m\x1b[K/usr/include/c++/9/bits/shared_ptr_base.h:1344:71:\x1b[m\x1b[K   required from \xe2\x80\x98\x1b[01m\x1b[Kstd::__shared_ptr<_Tp, _Lp>::__shared_ptr(std::_Sp_alloc_shared_tag<_Tp>, _Args&& ...) [with _Alloc = std::allocator<turtle_namespace::control::upperproxy>; _Args = {}; _Tp = turtle_namespace::control::upperproxy; __gnu_cxx::_Lock_policy _Lp = __gnu_cxx::_S_atomic]\x1b[m\x1b[K\xe2\x80\x99\n'}
[2.846157] (turtle_high_controller) StderrLine: {'line': b'\x1b[01m\x1b[K/usr/include/c++/9/bits/shared_ptr.h:359:59:\x1b[m\x1b[K   required from \xe2\x80\x98\x1b[01m\x1b[Kstd::shared_ptr<_Tp>::shared_ptr(std::_Sp_alloc_shared_tag<_Tp>, _Args&& ...) [with _Alloc = std::allocator<turtle_namespace::control::upperproxy>; _Args = {}; _Tp = turtle_namespace::control::upperproxy]\x1b[m\x1b[K\xe2\x80\x99\n'}
[2.846239] (turtle_high_controller) StderrLine: {'line': b'\x1b[01m\x1b[K/usr/include/c++/9/bits/shared_ptr.h:701:14:\x1b[m\x1b[K   required from \xe2\x80\x98\x1b[01m\x1b[Kstd::shared_ptr<_Tp> std::allocate_shared(const _Alloc&, _Args&& ...) [with _Tp = turtle_namespace::control::upperproxy; _Alloc = std::allocator<turtle_namespace::control::upperproxy>; _Args = {}]\x1b[m\x1b[K\xe2\x80\x99\n'}
[2.846313] (turtle_high_controller) StderrLine: {'line': b'\x1b[01m\x1b[K/usr/include/c++/9/bits/shared_ptr.h:717:39:\x1b[m\x1b[K   required from \xe2\x80\x98\x1b[01m\x1b[Kstd::shared_ptr<_Tp> std::make_shared(_Args&& ...) [with _Tp = turtle_namespace::control::upperproxy; _Args = {}]\x1b[m\x1b[K\xe2\x80\x99\n'}
[2.846381] (turtle_high_controller) StderrLine: {'line': b'\x1b[01m\x1b[K/home/qianlab/single_turtle_workspace/dependencies/traveler_controller/src/main.cpp:26:74:\x1b[m\x1b[K   required from here\n'}
[2.846448] (turtle_high_controller) StderrLine: {'line': b'\x1b[01m\x1b[K/usr/include/c++/9/ext/new_allocator.h:146:4:\x1b[m\x1b[K \x1b[01;31m\x1b[Kerror: \x1b[m\x1b[Kno matching function for call to \xe2\x80\x98\x1b[01m\x1b[Kturtle_namespace::control::upperproxy::upperproxy()\x1b[m\x1b[K\xe2\x80\x99\n'}
[2.846518] (turtle_high_controller) StderrLine: {'line': b'  146 |  { \x1b[01;31m\x1b[K::new((void *)__p) _Up(std::forward<_Args>(__args)...)\x1b[m\x1b[K; }\n'}
[2.846593] (turtle_high_controller) StderrLine: {'line': b'      |    \x1b[01;31m\x1b[K^~~~~~~~~~~~~~~~~~~~~~~~~~~~~~~~~~~~~~~~~~~~~~~~~~~~~~\x1b[m\x1b[K\n'}
[2.846664] (turtle_high_controller) StderrLine: {'line': b'In file included from \x1b[01m\x1b[K/home/qianlab/single_turtle_workspace/dependencies/traveler_controller/include/main.h:14\x1b[m\x1b[K,\n'}
[2.846744] (turtle_high_controller) StderrLine: {'line': b'                 from \x1b[01m\x1b[K/home/qianlab/single_turtle_workspace/dependencies/traveler_controller/src/main.cpp:8\x1b[m\x1b[K:\n'}
[2.846818] (turtle_high_controller) StderrLine: {'line': b'\x1b[01m\x1b[K/home/qianlab/single_turtle_workspace/dependencies/traveler_controller/include/proxy/upperproxy.h:37:4:\x1b[m\x1b[K \x1b[01;36m\x1b[Knote: \x1b[m\x1b[Kcandidate: \xe2\x80\x98\x1b[01m\x1b[Kturtle_namespace::control::upperproxy::upperproxy(std::string)\x1b[m\x1b[K\xe2\x80\x99\n'}
[2.846893] (turtle_high_controller) StderrLine: {'line': b'   37 |    \x1b[01;36m\x1b[Kupperproxy\x1b[m\x1b[K(std::string name);\n'}
[2.846963] (turtle_high_controller) StderrLine: {'line': b'      |    \x1b[01;36m\x1b[K^~~~~~~~~~\x1b[m\x1b[K\n'}
[2.847030] (turtle_high_controller) StderrLine: {'line': b'\x1b[01m\x1b[K/home/qianlab/single_turtle_workspace/dependencies/traveler_controller/include/proxy/upperproxy.h:37:4:\x1b[m\x1b[K \x1b[01;36m\x1b[Knote: \x1b[m\x1b[K  candidate expects 1 argument, 0 provided\n'}
[2.906961] (-) TimerEvent: {}
[2.914054] (turtle_high_controller) StderrLine: {'line': b'In file included from \x1b[01m\x1b[K/home/qianlab/single_turtle_workspace/dependencies/traveler_controller/src/main.cpp:8\x1b[m\x1b[K:\n'}
[2.914302] (turtle_high_controller) StderrLine: {'line': b'\x1b[01m\x1b[K/home/qianlab/single_turtle_workspace/dependencies/traveler_controller/include/main.h:46:14:\x1b[m\x1b[K \x1b[01;35m\x1b[Kwarning: \x1b[m\x1b[K\xe2\x80\x98\x1b[01m\x1b[Ktimer\x1b[m\x1b[K\xe2\x80\x99 defined but not used [\x1b[01;35m\x1b[K-Wunused-variable\x1b[m\x1b[K]\n'}
[2.914426] (turtle_high_controller) StderrLine: {'line': b'   46 | static float \x1b[01;35m\x1b[Ktimer\x1b[m\x1b[K[10] = { 0 };\n'}
[2.914532] (turtle_high_controller) StderrLine: {'line': b'      |              \x1b[01;35m\x1b[K^~~~~\x1b[m\x1b[K\n'}
[2.914633] (turtle_high_controller) StderrLine: {'line': b'\x1b[01m\x1b[K/home/qianlab/single_turtle_workspace/dependencies/traveler_controller/include/main.h:44:12:\x1b[m\x1b[K \x1b[01;35m\x1b[Kwarning: \x1b[m\x1b[K\xe2\x80\x98\x1b[01m\x1b[Kinit_done\x1b[m\x1b[K\xe2\x80\x99 defined but not used [\x1b[01;35m\x1b[K-Wunused-variable\x1b[m\x1b[K]\n'}
[2.914716] (turtle_high_controller) StderrLine: {'line': b'   44 | static int \x1b[01;35m\x1b[Kinit_done\x1b[m\x1b[K = 0;\n'}
[2.914790] (turtle_high_controller) StderrLine: {'line': b'      |            \x1b[01;35m\x1b[K^~~~~~~~~\x1b[m\x1b[K\n'}
[2.914864] (turtle_high_controller) StderrLine: {'line': b'\x1b[01m\x1b[K/home/qianlab/single_turtle_workspace/dependencies/traveler_controller/include/main.h:43:14:\x1b[m\x1b[K \x1b[01;35m\x1b[Kwarning: \x1b[m\x1b[K\xe2\x80\x98\x1b[01m\x1b[Kinit_cnt\x1b[m\x1b[K\xe2\x80\x99 defined but not used [\x1b[01;35m\x1b[K-Wunused-variable\x1b[m\x1b[K]\n'}
[2.914941] (turtle_high_controller) StderrLine: {'line': b'   43 | static float \x1b[01;35m\x1b[Kinit_cnt\x1b[m\x1b[K = 0;\n'}
[2.915011] (turtle_high_controller) StderrLine: {'line': b'      |              \x1b[01;35m\x1b[K^~~~~~~~\x1b[m\x1b[K\n'}
[2.932051] (turtle_high_controller) StderrLine: {'line': b'make[2]: *** [CMakeFiles/turtle_high_controller.dir/build.make:63: CMakeFiles/turtle_high_controller.dir/src/main.cpp.o] Error 1\n'}
[3.007082] (-) TimerEvent: {}
[3.107505] (-) TimerEvent: {}
[3.147833] (turtle_high_controller) StdoutLine: {'line': b'[ 78%] Built target odrive_can_interface\n'}
[3.207611] (-) TimerEvent: {}
[3.307949] (-) TimerEvent: {}
[3.408318] (-) TimerEvent: {}
[3.415605] (turtle_high_controller) StderrLine: {'line': b'make[2]: *** [CMakeFiles/turtle_high_controller.dir/build.make:102: CMakeFiles/turtle_high_controller.dir/src/proxy/lowerproxy.cpp.o] Error 1\n'}
[3.508412] (-) TimerEvent: {}
[3.608738] (-) TimerEvent: {}
[3.709072] (-) TimerEvent: {}
[3.809412] (-) TimerEvent: {}
[3.909825] (-) TimerEvent: {}
[4.010105] (-) TimerEvent: {}
[4.110376] (-) TimerEvent: {}
[4.210738] (-) TimerEvent: {}
[4.311072] (-) TimerEvent: {}
[4.411394] (-) TimerEvent: {}
[4.511689] (-) TimerEvent: {}
[4.612023] (-) TimerEvent: {}
[4.712420] (-) TimerEvent: {}
[4.812811] (-) TimerEvent: {}
[4.913192] (-) TimerEvent: {}
[5.013602] (-) TimerEvent: {}
[5.113966] (-) TimerEvent: {}
[5.214339] (-) TimerEvent: {}
[5.314644] (-) TimerEvent: {}
[5.414963] (-) TimerEvent: {}
[5.425171] (turtle_high_controller) StderrLine: {'line': b'make[1]: *** [CMakeFiles/Makefile2:107: CMakeFiles/turtle_high_controller.dir/all] Error 2\n'}
[5.425557] (turtle_high_controller) StderrLine: {'line': b'make: *** [Makefile:141: all] Error 2\n'}
[5.427304] (turtle_high_controller) CommandEnded: {'returncode': 2}
[5.461287] (turtle_high_controller) JobEnded: {'identifier': 'turtle_high_controller', 'rc': 2}
[5.472075] (-) EventReactorShutdown: {}
