[0.000000] (-) TimerEvent: {}
[0.000194] (-) JobUnselected: {'identifier': 'traveler_msgs'}
[0.000407] (-) JobUnselected: {'identifier': 'traveler_optitrack'}
[0.000455] (turtle_high_controller) JobQueued: {'identifier': 'turtle_high_controller', 'dependencies': OrderedDict([('traveler_msgs', '/home/qianlab/single_turtle_workspace/install/traveler_msgs')])}
[0.000764] (turtle_high_controller) JobStarted: {'identifier': 'turtle_high_controller'}
[0.007490] (turtle_high_controller) JobProgress: {'identifier': 'turtle_high_controller', 'progress': 'cmake'}
[0.008168] (turtle_high_controller) JobProgress: {'identifier': 'turtle_high_controller', 'progress': 'build'}
[0.008902] (turtle_high_controller) Command: {'cmd': ['/usr/bin/cmake', '--build', '/home/qianlab/single_turtle_workspace/build/turtle_high_controller', '--', '-j12', '-l12'], 'cwd': '/home/qianlab/single_turtle_workspace/build/turtle_high_controller', 'env': OrderedDict([('GJS_DEBUG_TOPICS', 'JS ERROR;JS LOG'), ('LESSOPEN', '| /usr/bin/lesspipe %s'), ('USER', 'qianlab'), ('SSH_AGENT_PID', '2033'), ('XDG_SESSION_TYPE', 'x11'), ('GIT_ASKPASS', '/usr/share/code/resources/app/extensions/git/dist/askpass.sh'), ('SHLVL', '1'), ('LD_LIBRARY_PATH', '/home/qianlab/single_turtle_workspace/install/traveler_msgs/lib:/home/qianlab/lassie-traveler/dependencies/install/traveler_msgs/lib:/opt/ros/foxy/opt/yaml_cpp_vendor/lib:/opt/ros/foxy/opt/rviz_ogre_vendor/lib:/opt/ros/foxy/lib/x86_64-linux-gnu:/opt/ros/foxy/lib'), ('HOME', '/home/qianlab'), ('CHROME_DESKTOP', 'code.desktop'), ('CONDA_SHLVL', '0'), ('TERM_PROGRAM_VERSION', '1.100.3'), ('DESKTOP_SESSION', 'ubuntu'), ('NVM_BIN', '/home/qianlab/.nvm/versions/node/v12.18.3/bin'), ('NVM_INC', '/home/qianlab/.nvm/versions/node/v12.18.3/include/node'), ('GIO_LAUNCHED_DESKTOP_FILE', '/usr/share/applications/code.desktop'), ('ROS_PYTHON_VERSION', '3'), ('GNOME_SHELL_SESSION_MODE', 'ubuntu'), ('GTK_MODULES', 'gail:atk-bridge'), ('VSCODE_GIT_ASKPASS_MAIN', '/usr/share/code/resources/app/extensions/git/dist/askpass-main.js'), ('VSCODE_GIT_ASKPASS_NODE', '/usr/share/code/code'), ('MANAGERPID', '1924'), ('DBUS_SESSION_BUS_ADDRESS', 'unix:path=/run/user/1000/bus'), ('COLORTERM', 'truecolor'), ('_CE_M', ''), ('GIO_LAUNCHED_DESKTOP_FILE_PID', '2660'), ('NVM_DIR', '/home/qianlab/.nvm'), ('MANDATORY_PATH', '/usr/share/gconf/ubuntu.mandatory.path'), ('IM_CONFIG_PHASE', '1'), ('COLCON_PREFIX_PATH', '/home/qianlab/lassie-traveler/dependencies/install'), ('ROS_DISTRO', 'foxy'), ('LOGNAME', 'qianlab'), ('JOURNAL_STREAM', '8:56505'), ('_', '/usr/bin/colcon'), ('ROS_VERSION', '2'), ('XDG_SESSION_CLASS', 'user'), ('DEFAULTS_PATH', '/usr/share/gconf/ubuntu.default.path'), ('USERNAME', 'qianlab'), ('TERM', 'xterm-256color'), ('GNOME_DESKTOP_SESSION_ID', 'this-is-deprecated'), ('_CE_CONDA', ''), ('ROS_LOCALHOST_ONLY', '0'), ('WINDOWPATH', '2'), ('PATH', '/home/qianlab/ghost_robotics/arm_toolchain/bin:/home/qianlab/.local/bin:/home/qianlab/ghost_robotics/arm_toolchain/bin:/home/qianlab/miniconda3/condabin:/home/qianlab/.nvm/versions/node/v12.18.3/bin:/opt/ros/foxy/bin:/home/qianlab/.local/bin:/usr/local/sbin:/usr/local/bin:/usr/sbin:/usr/bin:/sbin:/bin:/usr/games:/usr/local/games:/snap/bin'), ('SESSION_MANAGER', 'local/qianlab-Yoga-7-14IAL7:@/tmp/.ICE-unix/2071,unix/qianlab-Yoga-7-14IAL7:/tmp/.ICE-unix/2071'), ('INVOCATION_ID', 'ada520d1c1f94e228d33304f77e601b8'), ('XDG_MENU_PREFIX', 'gnome-'), ('XDG_RUNTIME_DIR', '/run/user/1000'), ('GDK_BACKEND', 'x11'), ('DISPLAY', ':0'), ('LANG', 'en_US.UTF-8'), ('XDG_CURRENT_DESKTOP', 'Unity'), ('XMODIFIERS', '@im=ibus'), ('XDG_SESSION_DESKTOP', 'ubuntu'), ('XAUTHORITY', '/run/user/1000/gdm/Xauthority'), ('LS_COLORS', 'rs=0:di=01;34:ln=01;36:mh=00:pi=40;33:so=01;35:do=01;35:bd=40;33;01:cd=40;33;01:or=40;31;01:mi=00:su=37;41:sg=30;43:ca=30;41:tw=30;42:ow=34;42:st=37;44:ex=01;32:*.tar=01;31:*.tgz=01;31:*.arc=01;31:*.arj=01;31:*.taz=01;31:*.lha=01;31:*.lz4=01;31:*.lzh=01;31:*.lzma=01;31:*.tlz=01;31:*.txz=01;31:*.tzo=01;31:*.t7z=01;31:*.zip=01;31:*.z=01;31:*.dz=01;31:*.gz=01;31:*.lrz=01;31:*.lz=01;31:*.lzo=01;31:*.xz=01;31:*.zst=01;31:*.tzst=01;31:*.bz2=01;31:*.bz=01;31:*.tbz=01;31:*.tbz2=01;31:*.tz=01;31:*.deb=01;31:*.rpm=01;31:*.jar=01;31:*.war=01;31:*.ear=01;31:*.sar=01;31:*.rar=01;31:*.alz=01;31:*.ace=01;31:*.zoo=01;31:*.cpio=01;31:*.7z=01;31:*.rz=01;31:*.cab=01;31:*.wim=01;31:*.swm=01;31:*.dwm=01;31:*.esd=01;31:*.jpg=01;35:*.jpeg=01;35:*.mjpg=01;35:*.mjpeg=01;35:*.gif=01;35:*.bmp=01;35:*.pbm=01;35:*.pgm=01;35:*.ppm=01;35:*.tga=01;35:*.xbm=01;35:*.xpm=01;35:*.tif=01;35:*.tiff=01;35:*.png=01;35:*.svg=01;35:*.svgz=01;35:*.mng=01;35:*.pcx=01;35:*.mov=01;35:*.mpg=01;35:*.mpeg=01;35:*.m2v=01;35:*.mkv=01;35:*.webm=01;35:*.ogm=01;35:*.mp4=01;35:*.m4v=01;35:*.mp4v=01;35:*.vob=01;35:*.qt=01;35:*.nuv=01;35:*.wmv=01;35:*.asf=01;35:*.rm=01;35:*.rmvb=01;35:*.flc=01;35:*.avi=01;35:*.fli=01;35:*.flv=01;35:*.gl=01;35:*.dl=01;35:*.xcf=01;35:*.xwd=01;35:*.yuv=01;35:*.cgm=01;35:*.emf=01;35:*.ogv=01;35:*.ogx=01;35:*.aac=00;36:*.au=00;36:*.flac=00;36:*.m4a=00;36:*.mid=00;36:*.midi=00;36:*.mka=00;36:*.mp3=00;36:*.mpc=00;36:*.ogg=00;36:*.ra=00;36:*.wav=00;36:*.oga=00;36:*.opus=00;36:*.spx=00;36:*.xspf=00;36:'), ('VSCODE_GIT_IPC_HANDLE', '/run/user/1000/vscode-git-66f982bc43.sock'), ('TERM_PROGRAM', 'vscode'), ('SSH_AUTH_SOCK', '/run/user/1000/keyring/ssh'), ('ROS_DOMAIN_ID', '19'), ('AMENT_PREFIX_PATH', '/home/qianlab/single_turtle_workspace/install/traveler_msgs:/home/qianlab/lassie-traveler/dependencies/install/traveler_high_controller:/home/qianlab/lassie-traveler/dependencies/install/traveler_msgs:/opt/ros/foxy'), ('CONDA_PYTHON_EXE', '/home/qianlab/miniconda3/bin/python'), ('ORIGINAL_XDG_CURRENT_DESKTOP', 'ubuntu:GNOME'), ('SHELL', '/bin/bash'), ('QT_ACCESSIBILITY', '1'), ('GDMSESSION', 'ubuntu'), ('LESSCLOSE', '/usr/bin/lesspipe %s %s'), ('GPG_AGENT_INFO', '/run/user/1000/gnupg/S.gpg-agent:0:1'), ('GJS_DEBUG_OUTPUT', 'stderr'), ('VSCODE_GIT_ASKPASS_EXTRA_ARGS', ''), ('QT_IM_MODULE', 'ibus'), ('PWD', '/home/qianlab/single_turtle_workspace/build/turtle_high_controller'), ('XDG_CONFIG_DIRS', '/etc/xdg/xdg-ubuntu:/etc/xdg'), ('CONDA_EXE', '/home/qianlab/miniconda3/bin/conda'), ('NVM_CD_FLAGS', ''), ('XDG_DATA_DIRS', '/usr/share/ubuntu:/usr/local/share/:/usr/share/:/var/lib/snapd/desktop'), ('PYTHONPATH', '/home/qianlab/single_turtle_workspace/install/traveler_msgs/lib/python3.8/site-packages:/home/qianlab/lassie-traveler/dependencies/install/traveler_msgs/lib/python3.8/site-packages:/opt/ros/foxy/lib/python3.8/site-packages'), ('CUSTOM_ENV_NAME', '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'), ('COLCON', '1'), ('CMAKE_PREFIX_PATH', '/home/qianlab/single_turtle_workspace/install/traveler_msgs:/home/qianlab/lassie-traveler/dependencies/install/traveler_high_controller:/home/qianlab/lassie-traveler/dependencies/install/traveler_msgs:/opt/ros/foxy')]), 'shell': False}
[0.044161] (turtle_high_controller) StdoutLine: {'line': b'\x1b[35m\x1b[1mScanning dependencies of target turtle_high_controller\x1b[0m\n'}
[0.056199] (turtle_high_controller) StdoutLine: {'line': b'[ 35%] Built target odrive_can_interface\n'}
[0.073525] (turtle_high_controller) StdoutLine: {'line': b'[ 42%] \x1b[32mBuilding CXX object CMakeFiles/turtle_high_controller.dir/src/main.cpp.o\x1b[0m\n'}
[0.076079] (turtle_high_controller) StdoutLine: {'line': b'[ 64%] \x1b[32mBuilding CXX object CMakeFiles/turtle_high_controller.dir/src/controller/Inverse_kinematics.cpp.o\x1b[0m\n'}
[0.076310] (turtle_high_controller) StdoutLine: {'line': b'[ 64%] \x1b[32mBuilding CXX object CMakeFiles/turtle_high_controller.dir/src/proxy/lowerproxy.cpp.o\x1b[0m\n'}
[0.076400] (turtle_high_controller) StdoutLine: {'line': b'[ 64%] \x1b[32mBuilding CXX object CMakeFiles/turtle_high_controller.dir/src/controller/trajectories_parser.cpp.o\x1b[0m\n'}
[0.076479] (turtle_high_controller) StdoutLine: {'line': b'[ 71%] \x1b[32mBuilding CXX object CMakeFiles/turtle_high_controller.dir/src/proxy/upperproxy.cpp.o\x1b[0m\n'}
[0.099820] (-) TimerEvent: {}
[0.200159] (-) TimerEvent: {}
[0.300480] (-) TimerEvent: {}
[0.400793] (-) TimerEvent: {}
[0.452310] (turtle_high_controller) StderrLine: {'line': b'In file included from \x1b[01m\x1b[K/home/qianlab/single_turtle_workspace/dependencies/traveler_controller/src/controller/Inverse_kinematics.cpp:1\x1b[m\x1b[K:\n'}
[0.452545] (turtle_high_controller) StderrLine: {'line': b'\x1b[01m\x1b[K/home/qianlab/single_turtle_workspace/dependencies/traveler_controller/include/controller/inverse_kinematics.h:28:47:\x1b[m\x1b[K \x1b[01;31m\x1b[Kerror: \x1b[m\x1b[K\xe2\x80\x98\x1b[01m\x1b[KXY_pair\x1b[m\x1b[K\xe2\x80\x99 has not been declared\n'}
[0.452623] (turtle_high_controller) StderrLine: {'line': b'   28 | void abstractToPhysical(float L, float Theta, \x1b[01;31m\x1b[KXY_pair\x1b[m\x1b[K& point);\n'}
[0.452691] (turtle_high_controller) StderrLine: {'line': b'      |                                               \x1b[01;31m\x1b[K^~~~~~~\x1b[m\x1b[K\n'}
[0.452758] (turtle_high_controller) StderrLine: {'line': b'\x1b[01m\x1b[K/home/qianlab/single_turtle_workspace/dependencies/traveler_controller/include/controller/inverse_kinematics.h:35:52:\x1b[m\x1b[K \x1b[01;31m\x1b[Kerror: \x1b[m\x1b[K\xe2\x80\x98\x1b[01m\x1b[KXY_pair\x1b[m\x1b[K\xe2\x80\x99 has not been declared\n'}
[0.452825] (turtle_high_controller) StderrLine: {'line': b'   35 | void linearTraj(float t, float t_start, float vel, \x1b[01;31m\x1b[KXY_pair\x1b[m\x1b[K A, XY_pair B, float& X, float& Y);\n'}
[0.452900] (turtle_high_controller) StderrLine: {'line': b'      |                                                    \x1b[01;31m\x1b[K^~~~~~~\x1b[m\x1b[K\n'}
[0.452969] (turtle_high_controller) StderrLine: {'line': b'\x1b[01m\x1b[K/home/qianlab/single_turtle_workspace/dependencies/traveler_controller/include/controller/inverse_kinematics.h:35:63:\x1b[m\x1b[K \x1b[01;31m\x1b[Kerror: \x1b[m\x1b[K\xe2\x80\x98\x1b[01m\x1b[KXY_pair\x1b[m\x1b[K\xe2\x80\x99 has not been declared\n'}
[0.453041] (turtle_high_controller) StderrLine: {'line': b'   35 | void linearTraj(float t, float t_start, float vel, XY_pair A, \x1b[01;31m\x1b[KXY_pair\x1b[m\x1b[K B, float& X, float& Y);\n'}
[0.453110] (turtle_high_controller) StderrLine: {'line': b'      |                                                               \x1b[01;31m\x1b[K^~~~~~~\x1b[m\x1b[K\n'}
[0.453175] (turtle_high_controller) StderrLine: {'line': b'\x1b[01m\x1b[K/home/qianlab/single_turtle_workspace/dependencies/traveler_controller/include/controller/inverse_kinematics.h:38:41:\x1b[m\x1b[K \x1b[01;31m\x1b[Kerror: \x1b[m\x1b[K\xe2\x80\x98\x1b[01m\x1b[KXY_pair\x1b[m\x1b[K\xe2\x80\x99 has not been declared\n'}
[0.453242] (turtle_high_controller) StderrLine: {'line': b'   38 | bool linearTraj(float t_rel, float vel, \x1b[01;31m\x1b[KXY_pair\x1b[m\x1b[K A, XY_pair B, float& X, float& Y);\n'}
[0.453308] (turtle_high_controller) StderrLine: {'line': b'      |                                         \x1b[01;31m\x1b[K^~~~~~~\x1b[m\x1b[K\n'}
[0.453373] (turtle_high_controller) StderrLine: {'line': b'\x1b[01m\x1b[K/home/qianlab/single_turtle_workspace/dependencies/traveler_controller/include/controller/inverse_kinematics.h:38:52:\x1b[m\x1b[K \x1b[01;31m\x1b[Kerror: \x1b[m\x1b[K\xe2\x80\x98\x1b[01m\x1b[KXY_pair\x1b[m\x1b[K\xe2\x80\x99 has not been declared\n'}
[0.453560] (turtle_high_controller) StderrLine: {'line': b'   38 | bool linearTraj(float t_rel, float vel, XY_pair A, \x1b[01;31m\x1b[KXY_pair\x1b[m\x1b[K B, float& X, float& Y);\n'}
[0.453643] (turtle_high_controller) StderrLine: {'line': b'      |                                                    \x1b[01;31m\x1b[K^~~~~~~\x1b[m\x1b[K\n'}
[0.453717] (turtle_high_controller) StderrLine: {'line': b'\x1b[01m\x1b[K/home/qianlab/single_turtle_workspace/dependencies/traveler_controller/include/controller/inverse_kinematics.h:41:41:\x1b[m\x1b[K \x1b[01;31m\x1b[Kerror: \x1b[m\x1b[K\xe2\x80\x98\x1b[01m\x1b[KXY_pair\x1b[m\x1b[K\xe2\x80\x99 has not been declared\n'}
[0.453787] (turtle_high_controller) StderrLine: {'line': b'   41 | bool linearTraj(float t_rel, float vel, \x1b[01;31m\x1b[KXY_pair\x1b[m\x1b[K A, XY_pair B,\n'}
[0.453856] (turtle_high_controller) StderrLine: {'line': b'      |                                         \x1b[01;31m\x1b[K^~~~~~~\x1b[m\x1b[K\n'}
[0.454035] (turtle_high_controller) StderrLine: {'line': b'\x1b[01m\x1b[K/home/qianlab/single_turtle_workspace/dependencies/traveler_controller/include/controller/inverse_kinematics.h:41:52:\x1b[m\x1b[K \x1b[01;31m\x1b[Kerror: \x1b[m\x1b[K\xe2\x80\x98\x1b[01m\x1b[KXY_pair\x1b[m\x1b[K\xe2\x80\x99 has not been declared\n'}
[0.454113] (turtle_high_controller) StderrLine: {'line': b'   41 | bool linearTraj(float t_rel, float vel, XY_pair A, \x1b[01;31m\x1b[KXY_pair\x1b[m\x1b[K B,\n'}
[0.454184] (turtle_high_controller) StderrLine: {'line': b'      |                                                    \x1b[01;31m\x1b[K^~~~~~~\x1b[m\x1b[K\n'}
[0.454251] (turtle_high_controller) StderrLine: {'line': b'\x1b[01m\x1b[K/home/qianlab/single_turtle_workspace/dependencies/traveler_controller/include/controller/inverse_kinematics.h:42:17:\x1b[m\x1b[K \x1b[01;31m\x1b[Kerror: \x1b[m\x1b[K\xe2\x80\x98\x1b[01m\x1b[KXY_pair\x1b[m\x1b[K\xe2\x80\x99 has not been declared\n'}
[0.454321] (turtle_high_controller) StderrLine: {'line': b'   42 |                 \x1b[01;31m\x1b[KXY_pair\x1b[m\x1b[K ToeXY, float& X, float& Y, float threshold = 0.01f);\n'}
[0.454390] (turtle_high_controller) StderrLine: {'line': b'      |                 \x1b[01;31m\x1b[K^~~~~~~\x1b[m\x1b[K\n'}
[0.454453] (turtle_high_controller) StderrLine: {'line': b'\x1b[01m\x1b[K/home/qianlab/single_turtle_workspace/dependencies/traveler_controller/include/controller/inverse_kinematics.h:50:15:\x1b[m\x1b[K \x1b[01;31m\x1b[Kerror: \x1b[m\x1b[K\xe2\x80\x98\x1b[01m\x1b[Kbool clamp_XY\x1b[m\x1b[K\xe2\x80\x99 redeclared as different kind of entity\n'}
[0.454523] (turtle_high_controller) StderrLine: {'line': b'   50 | bool clamp_XY(\x1b[01;31m\x1b[KXY_pair\x1b[m\x1b[K& P, float L = 0.0f);\n'}
[0.454595] (turtle_high_controller) StderrLine: {'line': b'      |               \x1b[01;31m\x1b[K^~~~~~~\x1b[m\x1b[K\n'}
[0.454661] (turtle_high_controller) StderrLine: {'line': b'\x1b[01m\x1b[K/home/qianlab/single_turtle_workspace/dependencies/traveler_controller/include/controller/inverse_kinematics.h:49:6:\x1b[m\x1b[K \x1b[01;36m\x1b[Knote: \x1b[m\x1b[Kprevious declaration \xe2\x80\x98\x1b[01m\x1b[Kbool clamp_XY(float&, float&, float)\x1b[m\x1b[K\xe2\x80\x99\n'}
[0.454777] (turtle_high_controller) StderrLine: {'line': b'   49 | bool \x1b[01;36m\x1b[Kclamp_XY\x1b[m\x1b[K(float& x, float& y, float L = 0.0f);\n'}
[0.454841] (turtle_high_controller) StderrLine: {'line': b'      |      \x1b[01;36m\x1b[K^~~~~~~~\x1b[m\x1b[K\n'}
[0.454901] (turtle_high_controller) StderrLine: {'line': b'\x1b[01m\x1b[K/home/qianlab/single_turtle_workspace/dependencies/traveler_controller/include/controller/inverse_kinematics.h:50:15:\x1b[m\x1b[K \x1b[01;31m\x1b[Kerror: \x1b[m\x1b[K\xe2\x80\x98\x1b[01m\x1b[KXY_pair\x1b[m\x1b[K\xe2\x80\x99 was not declared in this scope\n'}
[0.454968] (turtle_high_controller) StderrLine: {'line': b'   50 | bool clamp_XY(\x1b[01;31m\x1b[KXY_pair\x1b[m\x1b[K& P, float L = 0.0f);\n'}
[0.455030] (turtle_high_controller) StderrLine: {'line': b'      |               \x1b[01;31m\x1b[K^~~~~~~\x1b[m\x1b[K\n'}
[0.455091] (turtle_high_controller) StderrLine: {'line': b'\x1b[01m\x1b[K/home/qianlab/single_turtle_workspace/dependencies/traveler_controller/include/controller/inverse_kinematics.h:50:24:\x1b[m\x1b[K \x1b[01;31m\x1b[Kerror: \x1b[m\x1b[K\xe2\x80\x98\x1b[01m\x1b[KP\x1b[m\x1b[K\xe2\x80\x99 was not declared in this scope\n'}
[0.455154] (turtle_high_controller) StderrLine: {'line': b'   50 | bool clamp_XY(XY_pair& \x1b[01;31m\x1b[KP\x1b[m\x1b[K, float L = 0.0f);\n'}
[0.455218] (turtle_high_controller) StderrLine: {'line': b'      |                        \x1b[01;31m\x1b[K^\x1b[m\x1b[K\n'}
[0.455281] (turtle_high_controller) StderrLine: {'line': b'\x1b[01m\x1b[K/home/qianlab/single_turtle_workspace/dependencies/traveler_controller/include/controller/inverse_kinematics.h:50:27:\x1b[m\x1b[K \x1b[01;31m\x1b[Kerror: \x1b[m\x1b[Kexpected primary-expression before \xe2\x80\x98\x1b[01m\x1b[Kfloat\x1b[m\x1b[K\xe2\x80\x99\n'}
[0.455344] (turtle_high_controller) StderrLine: {'line': b'   50 | bool clamp_XY(XY_pair& P, \x1b[01;31m\x1b[Kfloat\x1b[m\x1b[K L = 0.0f);\n'}
[0.455415] (turtle_high_controller) StderrLine: {'line': b'      |                           \x1b[01;31m\x1b[K^~~~~\x1b[m\x1b[K\n'}
[0.455528] (turtle_high_controller) StderrLine: {'line': b'\x1b[01m\x1b[K/home/qianlab/single_turtle_workspace/dependencies/traveler_controller/include/controller/inverse_kinematics.h:53:16:\x1b[m\x1b[K \x1b[01;31m\x1b[Kerror: \x1b[m\x1b[K\xe2\x80\x98\x1b[01m\x1b[KXY_pair\x1b[m\x1b[K\xe2\x80\x99 was not declared in this scope\n'}
[0.455598] (turtle_high_controller) StderrLine: {'line': b'   53 | float distance(\x1b[01;31m\x1b[KXY_pair\x1b[m\x1b[K A, XY_pair B);\n'}
[0.455660] (turtle_high_controller) StderrLine: {'line': b'      |                \x1b[01;31m\x1b[K^~~~~~~\x1b[m\x1b[K\n'}
[0.455721] (turtle_high_controller) StderrLine: {'line': b'\x1b[01m\x1b[K/home/qianlab/single_turtle_workspace/dependencies/traveler_controller/include/controller/inverse_kinematics.h:53:27:\x1b[m\x1b[K \x1b[01;31m\x1b[Kerror: \x1b[m\x1b[K\xe2\x80\x98\x1b[01m\x1b[KXY_pair\x1b[m\x1b[K\xe2\x80\x99 was not declared in this scope\n'}
[0.455784] (turtle_high_controller) StderrLine: {'line': b'   53 | float distance(XY_pair A, \x1b[01;31m\x1b[KXY_pair\x1b[m\x1b[K B);\n'}
[0.455851] (turtle_high_controller) StderrLine: {'line': b'      |                           \x1b[01;31m\x1b[K^~~~~~~\x1b[m\x1b[K\n'}
[0.455914] (turtle_high_controller) StderrLine: {'line': b'\x1b[01m\x1b[K/home/qianlab/single_turtle_workspace/dependencies/traveler_controller/include/controller/inverse_kinematics.h:53:36:\x1b[m\x1b[K \x1b[01;31m\x1b[Kerror: \x1b[m\x1b[Kexpression list treated as compound expression in initializer [\x1b[01;31m\x1b[K-fpermissive\x1b[m\x1b[K]\n'}
[0.455978] (turtle_high_controller) StderrLine: {'line': b'   53 | float distance(XY_pair A, XY_pair B\x1b[01;31m\x1b[K)\x1b[m\x1b[K;\n'}
[0.456042] (turtle_high_controller) StderrLine: {'line': b'      |                                    \x1b[01;31m\x1b[K^\x1b[m\x1b[K\n'}
[0.456207] (turtle_high_controller) StderrLine: {'line': b'\x1b[01m\x1b[K/home/qianlab/single_turtle_workspace/dependencies/traveler_controller/src/controller/Inverse_kinematics.cpp:\x1b[m\x1b[K In function \xe2\x80\x98\x1b[01m\x1b[Kvoid getGamma(float, float&)\x1b[m\x1b[K\xe2\x80\x99:\n'}
[0.456314] (turtle_high_controller) StderrLine: {'line': b'\x1b[01m\x1b[K/home/qianlab/single_turtle_workspace/dependencies/traveler_controller/src/controller/Inverse_kinematics.cpp:26:47:\x1b[m\x1b[K \x1b[01;31m\x1b[Kerror: \x1b[m\x1b[K\xe2\x80\x98\x1b[01m\x1b[KL3\x1b[m\x1b[K\xe2\x80\x99 was not declared in this scope; did you mean \xe2\x80\x98\x1b[01m\x1b[KL\x1b[m\x1b[K\xe2\x80\x99?\n'}
[0.456397] (turtle_high_controller) StderrLine: {'line': b'   26 |     gamma = static_cast<float>(acosf((pow(L - \x1b[01;31m\x1b[KL3\x1b[m\x1b[K, 2) + L1 * L1 - L2 * L2) / (2 * L1 * (L - L3))));\n'}
[0.456468] (turtle_high_controller) StderrLine: {'line': b'      |                                               \x1b[01;31m\x1b[K^~\x1b[m\x1b[K\n'}
[0.456574] (turtle_high_controller) StderrLine: {'line': b'      |                                               \x1b[32m\x1b[KL\x1b[m\x1b[K\n'}
[0.456640] (turtle_high_controller) StderrLine: {'line': b'\x1b[01m\x1b[K/home/qianlab/single_turtle_workspace/dependencies/traveler_controller/src/controller/Inverse_kinematics.cpp:26:56:\x1b[m\x1b[K \x1b[01;31m\x1b[Kerror: \x1b[m\x1b[K\xe2\x80\x98\x1b[01m\x1b[KL1\x1b[m\x1b[K\xe2\x80\x99 was not declared in this scope; did you mean \xe2\x80\x98\x1b[01m\x1b[KL\x1b[m\x1b[K\xe2\x80\x99?\n'}
[0.456708] (turtle_high_controller) StderrLine: {'line': b'   26 |     gamma = static_cast<float>(acosf((pow(L - L3, 2) + \x1b[01;31m\x1b[KL1\x1b[m\x1b[K * L1 - L2 * L2) / (2 * L1 * (L - L3))));\n'}
[0.456772] (turtle_high_controller) StderrLine: {'line': b'      |                                                        \x1b[01;31m\x1b[K^~\x1b[m\x1b[K\n'}
[0.456836] (turtle_high_controller) StderrLine: {'line': b'      |                                                        \x1b[32m\x1b[KL\x1b[m\x1b[K\n'}
[0.456947] (turtle_high_controller) StderrLine: {'line': b'\x1b[01m\x1b[K/home/qianlab/single_turtle_workspace/dependencies/traveler_controller/src/controller/Inverse_kinematics.cpp:26:66:\x1b[m\x1b[K \x1b[01;31m\x1b[Kerror: \x1b[m\x1b[K\xe2\x80\x98\x1b[01m\x1b[KL2\x1b[m\x1b[K\xe2\x80\x99 was not declared in this scope; did you mean \xe2\x80\x98\x1b[01m\x1b[KL\x1b[m\x1b[K\xe2\x80\x99?\n'}
[0.457017] (turtle_high_controller) StderrLine: {'line': b'   26 |     gamma = static_cast<float>(acosf((pow(L - L3, 2) + L1 * L1 - \x1b[01;31m\x1b[KL2\x1b[m\x1b[K * L2) / (2 * L1 * (L - L3))));\n'}
[0.457080] (turtle_high_controller) StderrLine: {'line': b'      |                                                                  \x1b[01;31m\x1b[K^~\x1b[m\x1b[K\n'}
[0.457148] (turtle_high_controller) StderrLine: {'line': b'      |                                                                  \x1b[32m\x1b[KL\x1b[m\x1b[K\n'}
[0.457735] (turtle_high_controller) StderrLine: {'line': b'\x1b[01m\x1b[K/home/qianlab/single_turtle_workspace/dependencies/traveler_controller/src/controller/Inverse_kinematics.cpp:\x1b[m\x1b[K In function \xe2\x80\x98\x1b[01m\x1b[Kvoid physicalToAbstract(float, float, float&, float&, float&)\x1b[m\x1b[K\xe2\x80\x99:\n'}
[0.457832] (turtle_high_controller) StderrLine: {'line': b'\x1b[01m\x1b[K/home/qianlab/single_turtle_workspace/dependencies/traveler_controller/src/controller/Inverse_kinematics.cpp:54:47:\x1b[m\x1b[K \x1b[01;31m\x1b[Kerror: \x1b[m\x1b[K\xe2\x80\x98\x1b[01m\x1b[KL3\x1b[m\x1b[K\xe2\x80\x99 was not declared in this scope; did you mean \xe2\x80\x98\x1b[01m\x1b[KL\x1b[m\x1b[K\xe2\x80\x99?\n'}
[0.457915] (turtle_high_controller) StderrLine: {'line': b'   54 |     gamma = static_cast<float>(acosf((pow(L - \x1b[01;31m\x1b[KL3\x1b[m\x1b[K, 2) + L1 * L1 - L2 * L2) / (2 * L1 * (L - L3))));\n'}
[0.457985] (turtle_high_controller) StderrLine: {'line': b'      |                                               \x1b[01;31m\x1b[K^~\x1b[m\x1b[K\n'}
[0.458104] (turtle_high_controller) StderrLine: {'line': b'      |                                               \x1b[32m\x1b[KL\x1b[m\x1b[K\n'}
[0.458168] (turtle_high_controller) StderrLine: {'line': b'\x1b[01m\x1b[K/home/qianlab/single_turtle_workspace/dependencies/traveler_controller/src/controller/Inverse_kinematics.cpp:54:56:\x1b[m\x1b[K \x1b[01;31m\x1b[Kerror: \x1b[m\x1b[K\xe2\x80\x98\x1b[01m\x1b[KL1\x1b[m\x1b[K\xe2\x80\x99 was not declared in this scope; did you mean \xe2\x80\x98\x1b[01m\x1b[KL\x1b[m\x1b[K\xe2\x80\x99?\n'}
[0.458236] (turtle_high_controller) StderrLine: {'line': b'   54 |     gamma = static_cast<float>(acosf((pow(L - L3, 2) + \x1b[01;31m\x1b[KL1\x1b[m\x1b[K * L1 - L2 * L2) / (2 * L1 * (L - L3))));\n'}
[0.458302] (turtle_high_controller) StderrLine: {'line': b'      |                                                        \x1b[01;31m\x1b[K^~\x1b[m\x1b[K\n'}
[0.458367] (turtle_high_controller) StderrLine: {'line': b'      |                                                        \x1b[32m\x1b[KL\x1b[m\x1b[K\n'}
[0.458470] (turtle_high_controller) StderrLine: {'line': b'\x1b[01m\x1b[K/home/qianlab/single_turtle_workspace/dependencies/traveler_controller/src/controller/Inverse_kinematics.cpp:54:66:\x1b[m\x1b[K \x1b[01;31m\x1b[Kerror: \x1b[m\x1b[K\xe2\x80\x98\x1b[01m\x1b[KL2\x1b[m\x1b[K\xe2\x80\x99 was not declared in this scope; did you mean \xe2\x80\x98\x1b[01m\x1b[KL\x1b[m\x1b[K\xe2\x80\x99?\n'}
[0.458537] (turtle_high_controller) StderrLine: {'line': b'   54 |     gamma = static_cast<float>(acosf((pow(L - L3, 2) + L1 * L1 - \x1b[01;31m\x1b[KL2\x1b[m\x1b[K * L2) / (2 * L1 * (L - L3))));\n'}
[0.458602] (turtle_high_controller) StderrLine: {'line': b'      |                                                                  \x1b[01;31m\x1b[K^~\x1b[m\x1b[K\n'}
[0.458667] (turtle_high_controller) StderrLine: {'line': b'      |                                                                  \x1b[32m\x1b[KL\x1b[m\x1b[K\n'}
[0.459301] (turtle_high_controller) StderrLine: {'line': b'\x1b[01m\x1b[K/home/qianlab/single_turtle_workspace/dependencies/traveler_controller/src/controller/Inverse_kinematics.cpp:\x1b[m\x1b[K In function \xe2\x80\x98\x1b[01m\x1b[Kvoid physicalToAbstract(float, float, float&, float&, bool)\x1b[m\x1b[K\xe2\x80\x99:\n'}
[0.459383] (turtle_high_controller) StderrLine: {'line': b'\x1b[01m\x1b[K/home/qianlab/single_turtle_workspace/dependencies/traveler_controller/src/controller/Inverse_kinematics.cpp:86:47:\x1b[m\x1b[K \x1b[01;31m\x1b[Kerror: \x1b[m\x1b[K\xe2\x80\x98\x1b[01m\x1b[KL3\x1b[m\x1b[K\xe2\x80\x99 was not declared in this scope; did you mean \xe2\x80\x98\x1b[01m\x1b[KL\x1b[m\x1b[K\xe2\x80\x99?\n'}
[0.459447] (turtle_high_controller) StderrLine: {'line': b'   86 |     gamma = static_cast<float>(acosf((pow(L - \x1b[01;31m\x1b[KL3\x1b[m\x1b[K, 2) + L1 * L1 - L2 * L2) / (2 * L1 * (L - L3))));\n'}
[0.459542] (turtle_high_controller) StderrLine: {'line': b'      |                                               \x1b[01;31m\x1b[K^~\x1b[m\x1b[K\n'}
[0.459613] (turtle_high_controller) StderrLine: {'line': b'      |                                               \x1b[32m\x1b[KL\x1b[m\x1b[K\n'}
[0.459679] (turtle_high_controller) StderrLine: {'line': b'\x1b[01m\x1b[K/home/qianlab/single_turtle_workspace/dependencies/traveler_controller/src/controller/Inverse_kinematics.cpp:86:56:\x1b[m\x1b[K \x1b[01;31m\x1b[Kerror: \x1b[m\x1b[K\xe2\x80\x98\x1b[01m\x1b[KL1\x1b[m\x1b[K\xe2\x80\x99 was not declared in this scope; did you mean \xe2\x80\x98\x1b[01m\x1b[KL\x1b[m\x1b[K\xe2\x80\x99?\n'}
[0.459748] (turtle_high_controller) StderrLine: {'line': b'   86 |     gamma = static_cast<float>(acosf((pow(L - L3, 2) + \x1b[01;31m\x1b[KL1\x1b[m\x1b[K * L1 - L2 * L2) / (2 * L1 * (L - L3))));\n'}
[0.459812] (turtle_high_controller) StderrLine: {'line': b'      |                                                        \x1b[01;31m\x1b[K^~\x1b[m\x1b[K\n'}
[0.459910] (turtle_high_controller) StderrLine: {'line': b'      |                                                        \x1b[32m\x1b[KL\x1b[m\x1b[K\n'}
[0.459975] (turtle_high_controller) StderrLine: {'line': b'\x1b[01m\x1b[K/home/qianlab/single_turtle_workspace/dependencies/traveler_controller/src/controller/Inverse_kinematics.cpp:86:66:\x1b[m\x1b[K \x1b[01;31m\x1b[Kerror: \x1b[m\x1b[K\xe2\x80\x98\x1b[01m\x1b[KL2\x1b[m\x1b[K\xe2\x80\x99 was not declared in this scope; did you mean \xe2\x80\x98\x1b[01m\x1b[KL\x1b[m\x1b[K\xe2\x80\x99?\n'}
[0.460040] (turtle_high_controller) StderrLine: {'line': b'   86 |     gamma = static_cast<float>(acosf((pow(L - L3, 2) + L1 * L1 - \x1b[01;31m\x1b[KL2\x1b[m\x1b[K * L2) / (2 * L1 * (L - L3))));\n'}
[0.460127] (turtle_high_controller) StderrLine: {'line': b'      |                                                                  \x1b[01;31m\x1b[K^~\x1b[m\x1b[K\n'}
[0.460195] (turtle_high_controller) StderrLine: {'line': b'      |                                                                  \x1b[32m\x1b[KL\x1b[m\x1b[K\n'}
[0.461801] (turtle_high_controller) StderrLine: {'line': b'\x1b[01m\x1b[K/home/qianlab/single_turtle_workspace/dependencies/traveler_controller/src/controller/Inverse_kinematics.cpp:\x1b[m\x1b[K In function \xe2\x80\x98\x1b[01m\x1b[Kbool clamp_XY(float&, float&, float)\x1b[m\x1b[K\xe2\x80\x99:\n'}
[0.461921] (turtle_high_controller) StderrLine: {'line': b'\x1b[01m\x1b[K/home/qianlab/single_turtle_workspace/dependencies/traveler_controller/src/controller/Inverse_kinematics.cpp:194:14:\x1b[m\x1b[K \x1b[01;31m\x1b[Kerror: \x1b[m\x1b[K\xe2\x80\x98\x1b[01m\x1b[KMAX_EXT\x1b[m\x1b[K\xe2\x80\x99 was not declared in this scope\n'}
[0.462013] (turtle_high_controller) StderrLine: {'line': b'  194 |     if (L > (\x1b[01;31m\x1b[KMAX_EXT\x1b[m\x1b[K)) {\n'}
[0.462088] (turtle_high_controller) StderrLine: {'line': b'      |              \x1b[01;31m\x1b[K^~~~~~~\x1b[m\x1b[K\n'}
[0.462481] (turtle_high_controller) StderrLine: {'line': b'\x1b[01m\x1b[K/home/qianlab/single_turtle_workspace/dependencies/traveler_controller/src/controller/Inverse_kinematics.cpp:198:21:\x1b[m\x1b[K \x1b[01;31m\x1b[Kerror: \x1b[m\x1b[K\xe2\x80\x98\x1b[01m\x1b[KMIN_EXT\x1b[m\x1b[K\xe2\x80\x99 was not declared in this scope\n'}
[0.462561] (turtle_high_controller) StderrLine: {'line': b'  198 |     } else if (L < (\x1b[01;31m\x1b[KMIN_EXT\x1b[m\x1b[K)) {\n'}
[0.462639] (turtle_high_controller) StderrLine: {'line': b'      |                     \x1b[01;31m\x1b[K^~~~~~~\x1b[m\x1b[K\n'}
[0.463594] (turtle_high_controller) StderrLine: {'line': b'\x1b[01m\x1b[K/home/qianlab/single_turtle_workspace/dependencies/traveler_controller/src/controller/Inverse_kinematics.cpp:\x1b[m\x1b[K In function \xe2\x80\x98\x1b[01m\x1b[Kbool clamp_XY(XY_pair&, float)\x1b[m\x1b[K\xe2\x80\x99:\n'}
[0.463807] (turtle_high_controller) StderrLine: {'line': b'\x1b[01m\x1b[K/home/qianlab/single_turtle_workspace/dependencies/traveler_controller/src/controller/Inverse_kinematics.cpp:214:14:\x1b[m\x1b[K \x1b[01;31m\x1b[Kerror: \x1b[m\x1b[K\xe2\x80\x98\x1b[01m\x1b[KMAX_EXT\x1b[m\x1b[K\xe2\x80\x99 was not declared in this scope\n'}
[0.463890] (turtle_high_controller) StderrLine: {'line': b'  214 |     if (L > (\x1b[01;31m\x1b[KMAX_EXT\x1b[m\x1b[K)) {\n'}
[0.463963] (turtle_high_controller) StderrLine: {'line': b'      |              \x1b[01;31m\x1b[K^~~~~~~\x1b[m\x1b[K\n'}
[0.464651] (turtle_high_controller) StderrLine: {'line': b'\x1b[01m\x1b[K/home/qianlab/single_turtle_workspace/dependencies/traveler_controller/src/controller/Inverse_kinematics.cpp:220:21:\x1b[m\x1b[K \x1b[01;31m\x1b[Kerror: \x1b[m\x1b[K\xe2\x80\x98\x1b[01m\x1b[KMIN_EXT\x1b[m\x1b[K\xe2\x80\x99 was not declared in this scope\n'}
[0.464811] (turtle_high_controller) StderrLine: {'line': b'  220 |     } else if (L < (\x1b[01;31m\x1b[KMIN_EXT\x1b[m\x1b[K)) {\n'}
[0.464884] (turtle_high_controller) StderrLine: {'line': b'      |                     \x1b[01;31m\x1b[K^~~~~~~\x1b[m\x1b[K\n'}
[0.464949] (turtle_high_controller) StderrLine: {'line': b'\x1b[01m\x1b[K/home/qianlab/single_turtle_workspace/dependencies/traveler_controller/src/controller/Inverse_kinematics.cpp:\x1b[m\x1b[K At global scope:\n'}
[0.465014] (turtle_high_controller) StderrLine: {'line': b'\x1b[01m\x1b[K/home/qianlab/single_turtle_workspace/dependencies/traveler_controller/src/controller/Inverse_kinematics.cpp:231:36:\x1b[m\x1b[K \x1b[01;31m\x1b[Kerror: \x1b[m\x1b[K\xe2\x80\x98\x1b[01m\x1b[Kfloat distance(XY_pair, XY_pair)\x1b[m\x1b[K\xe2\x80\x99 redeclared as different kind of entity\n'}
[0.465080] (turtle_high_controller) StderrLine: {'line': b'  231 | float distance(XY_pair A, XY_pair B\x1b[01;31m\x1b[K)\x1b[m\x1b[K {\n'}
[0.465143] (turtle_high_controller) StderrLine: {'line': b'      |                                    \x1b[01;31m\x1b[K^\x1b[m\x1b[K\n'}
[0.465208] (turtle_high_controller) StderrLine: {'line': b'In file included from \x1b[01m\x1b[K/home/qianlab/single_turtle_workspace/dependencies/traveler_controller/src/controller/Inverse_kinematics.cpp:1\x1b[m\x1b[K:\n'}
[0.465278] (turtle_high_controller) StderrLine: {'line': b'\x1b[01m\x1b[K/home/qianlab/single_turtle_workspace/dependencies/traveler_controller/include/controller/inverse_kinematics.h:53:7:\x1b[m\x1b[K \x1b[01;36m\x1b[Knote: \x1b[m\x1b[Kprevious declaration \xe2\x80\x98\x1b[01m\x1b[Kfloat distance\x1b[m\x1b[K\xe2\x80\x99\n'}
[0.465350] (turtle_high_controller) StderrLine: {'line': b'   53 | float \x1b[01;36m\x1b[Kdistance\x1b[m\x1b[K(XY_pair A, XY_pair B);\n'}
[0.465422] (turtle_high_controller) StderrLine: {'line': b'      |       \x1b[01;36m\x1b[K^~~~~~~~\x1b[m\x1b[K\n'}
[0.475411] (turtle_high_controller) StderrLine: {'line': b'In file included from \x1b[01m\x1b[K/home/qianlab/single_turtle_workspace/dependencies/traveler_controller/include/controller/trajectories_parser.h:10\x1b[m\x1b[K,\n'}
[0.475622] (turtle_high_controller) StderrLine: {'line': b'                 from \x1b[01m\x1b[K/home/qianlab/single_turtle_workspace/dependencies/traveler_controller/src/controller/trajectories_parser.cpp:3\x1b[m\x1b[K:\n'}
[0.475694] (turtle_high_controller) StderrLine: {'line': b'\x1b[01m\x1b[K/home/qianlab/single_turtle_workspace/dependencies/traveler_controller/include/controller/inverse_kinematics.h:28:47:\x1b[m\x1b[K \x1b[01;31m\x1b[Kerror: \x1b[m\x1b[K\xe2\x80\x98\x1b[01m\x1b[KXY_pair\x1b[m\x1b[K\xe2\x80\x99 has not been declared\n'}
[0.475774] (turtle_high_controller) StderrLine: {'line': b'   28 | void abstractToPhysical(float L, float Theta, \x1b[01;31m\x1b[KXY_pair\x1b[m\x1b[K& point);\n'}
[0.475839] (turtle_high_controller) StderrLine: {'line': b'      |                                               \x1b[01;31m\x1b[K^~~~~~~\x1b[m\x1b[K\n'}
[0.475903] (turtle_high_controller) StderrLine: {'line': b'\x1b[01m\x1b[K/home/qianlab/single_turtle_workspace/dependencies/traveler_controller/include/controller/inverse_kinematics.h:35:52:\x1b[m\x1b[K \x1b[01;31m\x1b[Kerror: \x1b[m\x1b[K\xe2\x80\x98\x1b[01m\x1b[KXY_pair\x1b[m\x1b[K\xe2\x80\x99 has not been declared\n'}
[0.475968] (turtle_high_controller) StderrLine: {'line': b'   35 | void linearTraj(float t, float t_start, float vel, \x1b[01;31m\x1b[KXY_pair\x1b[m\x1b[K A, XY_pair B, float& X, float& Y);\n'}
[0.476032] (turtle_high_controller) StderrLine: {'line': b'      |                                                    \x1b[01;31m\x1b[K^~~~~~~\x1b[m\x1b[K\n'}
[0.476105] (turtle_high_controller) StderrLine: {'line': b'\x1b[01m\x1b[K/home/qianlab/single_turtle_workspace/dependencies/traveler_controller/include/controller/inverse_kinematics.h:35:63:\x1b[m\x1b[K \x1b[01;31m\x1b[Kerror: \x1b[m\x1b[K\xe2\x80\x98\x1b[01m\x1b[KXY_pair\x1b[m\x1b[K\xe2\x80\x99 has not been declared\n'}
[0.476175] (turtle_high_controller) StderrLine: {'line': b'   35 | void linearTraj(float t, float t_start, float vel, XY_pair A, \x1b[01;31m\x1b[KXY_pair\x1b[m\x1b[K B, float& X, float& Y);\n'}
[0.476239] (turtle_high_controller) StderrLine: {'line': b'      |                                                               \x1b[01;31m\x1b[K^~~~~~~\x1b[m\x1b[K\n'}
[0.476301] (turtle_high_controller) StderrLine: {'line': b'\x1b[01m\x1b[K/home/qianlab/single_turtle_workspace/dependencies/traveler_controller/include/controller/inverse_kinematics.h:38:41:\x1b[m\x1b[K \x1b[01;31m\x1b[Kerror: \x1b[m\x1b[K\xe2\x80\x98\x1b[01m\x1b[KXY_pair\x1b[m\x1b[K\xe2\x80\x99 has not been declared\n'}
[0.476364] (turtle_high_controller) StderrLine: {'line': b'   38 | bool linearTraj(float t_rel, float vel, \x1b[01;31m\x1b[KXY_pair\x1b[m\x1b[K A, XY_pair B, float& X, float& Y);\n'}
[0.476555] (turtle_high_controller) StderrLine: {'line': b'      |                                         \x1b[01;31m\x1b[K^~~~~~~\x1b[m\x1b[K\n'}
[0.476715] (turtle_high_controller) StderrLine: {'line': b'\x1b[01m\x1b[K/home/qianlab/single_turtle_workspace/dependencies/traveler_controller/include/controller/inverse_kinematics.h:38:52:\x1b[m\x1b[K \x1b[01;31m\x1b[Kerror: \x1b[m\x1b[K\xe2\x80\x98\x1b[01m\x1b[KXY_pair\x1b[m\x1b[K\xe2\x80\x99 has not been declared\n'}
[0.476787] (turtle_high_controller) StderrLine: {'line': b'   38 | bool linearTraj(float t_rel, float vel, XY_pair A, \x1b[01;31m\x1b[KXY_pair\x1b[m\x1b[K B, float& X, float& Y);\n'}
[0.476855] (turtle_high_controller) StderrLine: {'line': b'      |                                                    \x1b[01;31m\x1b[K^~~~~~~\x1b[m\x1b[K\n'}
[0.477110] (turtle_high_controller) StderrLine: {'line': b'\x1b[01m\x1b[K/home/qianlab/single_turtle_workspace/dependencies/traveler_controller/include/controller/inverse_kinematics.h:41:41:\x1b[m\x1b[K \x1b[01;31m\x1b[Kerror: \x1b[m\x1b[K\xe2\x80\x98\x1b[01m\x1b[KXY_pair\x1b[m\x1b[K\xe2\x80\x99 has not been declared\n'}
[0.477221] (turtle_high_controller) StderrLine: {'line': b'   41 | bool linearTraj(float t_rel, float vel, \x1b[01;31m\x1b[KXY_pair\x1b[m\x1b[K A, XY_pair B,\n'}
[0.477290] (turtle_high_controller) StderrLine: {'line': b'      |                                         \x1b[01;31m\x1b[K^~~~~~~\x1b[m\x1b[K\n'}
[0.477355] (turtle_high_controller) StderrLine: {'line': b'\x1b[01m\x1b[K/home/qianlab/single_turtle_workspace/dependencies/traveler_controller/include/controller/inverse_kinematics.h:41:52:\x1b[m\x1b[K \x1b[01;31m\x1b[Kerror: \x1b[m\x1b[K\xe2\x80\x98\x1b[01m\x1b[KXY_pair\x1b[m\x1b[K\xe2\x80\x99 has not been declared\n'}
[0.477420] (turtle_high_controller) StderrLine: {'line': b'   41 | bool linearTraj(float t_rel, float vel, XY_pair A, \x1b[01;31m\x1b[KXY_pair\x1b[m\x1b[K B,\n'}
[0.477487] (turtle_high_controller) StderrLine: {'line': b'      |                                                    \x1b[01;31m\x1b[K^~~~~~~\x1b[m\x1b[K\n'}
[0.477549] (turtle_high_controller) StderrLine: {'line': b'\x1b[01m\x1b[K/home/qianlab/single_turtle_workspace/dependencies/traveler_controller/include/controller/inverse_kinematics.h:42:17:\x1b[m\x1b[K \x1b[01;31m\x1b[Kerror: \x1b[m\x1b[K\xe2\x80\x98\x1b[01m\x1b[KXY_pair\x1b[m\x1b[K\xe2\x80\x99 has not been declared\n'}
[0.477695] (turtle_high_controller) StderrLine: {'line': b'   42 |                 \x1b[01;31m\x1b[KXY_pair\x1b[m\x1b[K ToeXY, float& X, float& Y, float threshold = 0.01f);\n'}
[0.477800] (turtle_high_controller) StderrLine: {'line': b'      |                 \x1b[01;31m\x1b[K^~~~~~~\x1b[m\x1b[K\n'}
[0.477873] (turtle_high_controller) StderrLine: {'line': b'\x1b[01m\x1b[K/home/qianlab/single_turtle_workspace/dependencies/traveler_controller/include/controller/inverse_kinematics.h:50:15:\x1b[m\x1b[K \x1b[01;31m\x1b[Kerror: \x1b[m\x1b[K\xe2\x80\x98\x1b[01m\x1b[Kbool clamp_XY\x1b[m\x1b[K\xe2\x80\x99 redeclared as different kind of entity\n'}
[0.477943] (turtle_high_controller) StderrLine: {'line': b'   50 | bool clamp_XY(\x1b[01;31m\x1b[KXY_pair\x1b[m\x1b[K& P, float L = 0.0f);\n'}
[0.478008] (turtle_high_controller) StderrLine: {'line': b'      |               \x1b[01;31m\x1b[K^~~~~~~\x1b[m\x1b[K\n'}
[0.478070] (turtle_high_controller) StderrLine: {'line': b'\x1b[01m\x1b[K/home/qianlab/single_turtle_workspace/dependencies/traveler_controller/include/controller/inverse_kinematics.h:49:6:\x1b[m\x1b[K \x1b[01;36m\x1b[Knote: \x1b[m\x1b[Kprevious declaration \xe2\x80\x98\x1b[01m\x1b[Kbool clamp_XY(float&, float&, float)\x1b[m\x1b[K\xe2\x80\x99\n'}
[0.478143] (turtle_high_controller) StderrLine: {'line': b'   49 | bool \x1b[01;36m\x1b[Kclamp_XY\x1b[m\x1b[K(float& x, float& y, float L = 0.0f);\n'}
[0.478205] (turtle_high_controller) StderrLine: {'line': b'      |      \x1b[01;36m\x1b[K^~~~~~~~\x1b[m\x1b[K\n'}
[0.478386] (turtle_high_controller) StderrLine: {'line': b'\x1b[01m\x1b[K/home/qianlab/single_turtle_workspace/dependencies/traveler_controller/include/controller/inverse_kinematics.h:50:15:\x1b[m\x1b[K \x1b[01;31m\x1b[Kerror: \x1b[m\x1b[K\xe2\x80\x98\x1b[01m\x1b[KXY_pair\x1b[m\x1b[K\xe2\x80\x99 was not declared in this scope\n'}
[0.478496] (turtle_high_controller) StderrLine: {'line': b'   50 | bool clamp_XY(\x1b[01;31m\x1b[KXY_pair\x1b[m\x1b[K& P, float L = 0.0f);\n'}
[0.478574] (turtle_high_controller) StderrLine: {'line': b'      |               \x1b[01;31m\x1b[K^~~~~~~\x1b[m\x1b[K\n'}
[0.478654] (turtle_high_controller) StderrLine: {'line': b'\x1b[01m\x1b[K/home/qianlab/single_turtle_workspace/dependencies/traveler_controller/include/controller/inverse_kinematics.h:50:24:\x1b[m\x1b[K \x1b[01;31m\x1b[Kerror: \x1b[m\x1b[K\xe2\x80\x98\x1b[01m\x1b[KP\x1b[m\x1b[K\xe2\x80\x99 was not declared in this scope\n'}
[0.478728] (turtle_high_controller) StderrLine: {'line': b'   50 | bool clamp_XY(XY_pair& \x1b[01;31m\x1b[KP\x1b[m\x1b[K, float L = 0.0f);\n'}
[0.478798] (turtle_high_controller) StderrLine: {'line': b'      |                        \x1b[01;31m\x1b[K^\x1b[m\x1b[K\n'}
[0.478867] (turtle_high_controller) StderrLine: {'line': b'\x1b[01m\x1b[K/home/qianlab/single_turtle_workspace/dependencies/traveler_controller/include/controller/inverse_kinematics.h:50:27:\x1b[m\x1b[K \x1b[01;31m\x1b[Kerror: \x1b[m\x1b[Kexpected primary-expression before \xe2\x80\x98\x1b[01m\x1b[Kfloat\x1b[m\x1b[K\xe2\x80\x99\n'}
[0.478939] (turtle_high_controller) StderrLine: {'line': b'   50 | bool clamp_XY(XY_pair& P, \x1b[01;31m\x1b[Kfloat\x1b[m\x1b[K L = 0.0f);\n'}
[0.479009] (turtle_high_controller) StderrLine: {'line': b'      |                           \x1b[01;31m\x1b[K^~~~~\x1b[m\x1b[K\n'}
[0.479076] (turtle_high_controller) StderrLine: {'line': b'\x1b[01m\x1b[K/home/qianlab/single_turtle_workspace/dependencies/traveler_controller/include/controller/inverse_kinematics.h:53:16:\x1b[m\x1b[K \x1b[01;31m\x1b[Kerror: \x1b[m\x1b[K\xe2\x80\x98\x1b[01m\x1b[KXY_pair\x1b[m\x1b[K\xe2\x80\x99 was not declared in this scope\n'}
[0.479157] (turtle_high_controller) StderrLine: {'line': b'   53 | float distance(\x1b[01;31m\x1b[KXY_pair\x1b[m\x1b[K A, XY_pair B);\n'}
[0.479226] (turtle_high_controller) StderrLine: {'line': b'      |                \x1b[01;31m\x1b[K^~~~~~~\x1b[m\x1b[K\n'}
[0.479296] (turtle_high_controller) StderrLine: {'line': b'\x1b[01m\x1b[K/home/qianlab/single_turtle_workspace/dependencies/traveler_controller/include/controller/inverse_kinematics.h:53:27:\x1b[m\x1b[K \x1b[01;31m\x1b[Kerror: \x1b[m\x1b[K\xe2\x80\x98\x1b[01m\x1b[KXY_pair\x1b[m\x1b[K\xe2\x80\x99 was not declared in this scope\n'}
[0.479368] (turtle_high_controller) StderrLine: {'line': b'   53 | float distance(XY_pair A, \x1b[01;31m\x1b[KXY_pair\x1b[m\x1b[K B);\n'}
[0.479437] (turtle_high_controller) StderrLine: {'line': b'      |                           \x1b[01;31m\x1b[K^~~~~~~\x1b[m\x1b[K\n'}
[0.479507] (turtle_high_controller) StderrLine: {'line': b'\x1b[01m\x1b[K/home/qianlab/single_turtle_workspace/dependencies/traveler_controller/include/controller/inverse_kinematics.h:53:36:\x1b[m\x1b[K \x1b[01;31m\x1b[Kerror: \x1b[m\x1b[Kexpression list treated as compound expression in initializer [\x1b[01;31m\x1b[K-fpermissive\x1b[m\x1b[K]\n'}
[0.479583] (turtle_high_controller) StderrLine: {'line': b'   53 | float distance(XY_pair A, XY_pair B\x1b[01;31m\x1b[K)\x1b[m\x1b[K;\n'}
[0.479658] (turtle_high_controller) StderrLine: {'line': b'      |                                    \x1b[01;31m\x1b[K^\x1b[m\x1b[K\n'}
[0.480286] (turtle_high_controller) StderrLine: {'line': b'In file included from \x1b[01m\x1b[K/home/qianlab/single_turtle_workspace/dependencies/traveler_controller/src/controller/trajectories_parser.cpp:3\x1b[m\x1b[K:\n'}
[0.480434] (turtle_high_controller) StderrLine: {'line': b'\x1b[01m\x1b[K/home/qianlab/single_turtle_workspace/dependencies/traveler_controller/include/controller/trajectories_parser.h:86:17:\x1b[m\x1b[K \x1b[01;31m\x1b[Kerror: \x1b[m\x1b[K\xe2\x80\x98\x1b[01m\x1b[KWaypoint\x1b[m\x1b[K\xe2\x80\x99 was not declared in this scope\n'}
[0.480513] (turtle_high_controller) StderrLine: {'line': b'   86 |     std::vector<\x1b[01;31m\x1b[KWaypoint\x1b[m\x1b[K> waypoints_;\n'}
[0.480596] (turtle_high_controller) StderrLine: {'line': b'      |                 \x1b[01;31m\x1b[K^~~~~~~~\x1b[m\x1b[K\n'}
[0.480664] (turtle_high_controller) StderrLine: {'line': b'\x1b[01m\x1b[K/home/qianlab/single_turtle_workspace/dependencies/traveler_controller/include/controller/trajectories_parser.h:86:25:\x1b[m\x1b[K \x1b[01;31m\x1b[Kerror: \x1b[m\x1b[Ktemplate argument 1 is invalid\n'}
[0.480732] (turtle_high_controller) StderrLine: {'line': b'   86 |     std::vector<Waypoint\x1b[01;31m\x1b[K>\x1b[m\x1b[K waypoints_;\n'}
[0.480800] (turtle_high_controller) StderrLine: {'line': b'      |                         \x1b[01;31m\x1b[K^\x1b[m\x1b[K\n'}
[0.480868] (turtle_high_controller) StderrLine: {'line': b'\x1b[01m\x1b[K/home/qianlab/single_turtle_workspace/dependencies/traveler_controller/include/controller/trajectories_parser.h:86:25:\x1b[m\x1b[K \x1b[01;31m\x1b[Kerror: \x1b[m\x1b[Ktemplate argument 2 is invalid\n'}
[0.481361] (turtle_high_controller) StderrLine: {'line': b'\x1b[01m\x1b[K/home/qianlab/single_turtle_workspace/dependencies/traveler_controller/include/controller/trajectories_parser.h:87:5:\x1b[m\x1b[K \x1b[01;31m\x1b[Kerror: \x1b[m\x1b[K\xe2\x80\x98\x1b[01m\x1b[KWaypoint\x1b[m\x1b[K\xe2\x80\x99 does not name a type\n'}
[0.481467] (turtle_high_controller) StderrLine: {'line': b'   87 |     \x1b[01;31m\x1b[KWaypoint\x1b[m\x1b[K curr_waypoint_{};\n'}
[0.481531] (turtle_high_controller) StderrLine: {'line': b'      |     \x1b[01;31m\x1b[K^~~~~~~~\x1b[m\x1b[K\n'}
[0.481595] (turtle_high_controller) StderrLine: {'line': b'\x1b[01m\x1b[K/home/qianlab/single_turtle_workspace/dependencies/traveler_controller/include/controller/trajectories_parser.h:87:30:\x1b[m\x1b[K \x1b[01;35m\x1b[Kwarning: \x1b[m\x1b[Kextra \xe2\x80\x98\x1b[01m\x1b[K;\x1b[m\x1b[K\xe2\x80\x99 [\x1b[01;35m\x1b[K-Wpedantic\x1b[m\x1b[K]\n'}
[0.481675] (turtle_high_controller) StderrLine: {'line': b'   87 |     Waypoint curr_waypoint_{}\x1b[01;35m\x1b[K;\x1b[m\x1b[K\n'}
[0.481741] (turtle_high_controller) StderrLine: {'line': b'      |                              \x1b[01;35m\x1b[K^\x1b[m\x1b[K\n'}
[0.481811] (turtle_high_controller) StderrLine: {'line': b'      |                              \x1b[31m\x1b[K-\x1b[m\x1b[K\n'}
[0.482429] (turtle_high_controller) StderrLine: {'line': b'\x1b[01m\x1b[K/home/qianlab/single_turtle_workspace/dependencies/traveler_controller/include/controller/trajectories_parser.h:88:5:\x1b[m\x1b[K \x1b[01;31m\x1b[Kerror: \x1b[m\x1b[K\xe2\x80\x98\x1b[01m\x1b[KWaypoint\x1b[m\x1b[K\xe2\x80\x99 does not name a type\n'}
[0.482535] (turtle_high_controller) StderrLine: {'line': b'   88 |     \x1b[01;31m\x1b[KWaypoint\x1b[m\x1b[K prev_waypoint_{};\n'}
[0.482600] (turtle_high_controller) StderrLine: {'line': b'      |     \x1b[01;31m\x1b[K^~~~~~~~\x1b[m\x1b[K\n'}
[0.482665] (turtle_high_controller) StderrLine: {'line': b'\x1b[01m\x1b[K/home/qianlab/single_turtle_workspace/dependencies/traveler_controller/include/controller/trajectories_parser.h:88:30:\x1b[m\x1b[K \x1b[01;35m\x1b[Kwarning: \x1b[m\x1b[Kextra \xe2\x80\x98\x1b[01m\x1b[K;\x1b[m\x1b[K\xe2\x80\x99 [\x1b[01;35m\x1b[K-Wpedantic\x1b[m\x1b[K]\n'}
[0.482731] (turtle_high_controller) StderrLine: {'line': b'   88 |     Waypoint prev_waypoint_{}\x1b[01;35m\x1b[K;\x1b[m\x1b[K\n'}
[0.482795] (turtle_high_controller) StderrLine: {'line': b'      |                              \x1b[01;35m\x1b[K^\x1b[m\x1b[K\n'}
[0.482860] (turtle_high_controller) StderrLine: {'line': b'      |                              \x1b[31m\x1b[K-\x1b[m\x1b[K\n'}
[0.485441] (turtle_high_controller) StderrLine: {'line': b'\x1b[01m\x1b[K/home/qianlab/single_turtle_workspace/dependencies/traveler_controller/src/controller/trajectories_parser.cpp:\x1b[m\x1b[K In member function \xe2\x80\x98\x1b[01m\x1b[Kbool turtle_namespace::control::TrajectoriesParser::waypointTrajectory(turtle&)\x1b[m\x1b[K\xe2\x80\x99:\n'}
[0.485634] (turtle_high_controller) StderrLine: {'line': b'\x1b[01m\x1b[K/home/qianlab/single_turtle_workspace/dependencies/traveler_controller/src/controller/trajectories_parser.cpp:47:9:\x1b[m\x1b[K \x1b[01;31m\x1b[Kerror: \x1b[m\x1b[K\xe2\x80\x98\x1b[01m\x1b[Kprev_waypoint_\x1b[m\x1b[K\xe2\x80\x99 was not declared in this scope\n'}
[0.485711] (turtle_high_controller) StderrLine: {'line': b'   47 |         \x1b[01;31m\x1b[Kprev_waypoint_\x1b[m\x1b[K = Waypoint(turtle.turtle_chassis.Leg_lf.toe_position, 0.0f, 0.0f);\n'}
[0.485784] (turtle_high_controller) StderrLine: {'line': b'      |         \x1b[01;31m\x1b[K^~~~~~~~~~~~~~\x1b[m\x1b[K\n'}
[0.485852] (turtle_high_controller) StderrLine: {'line': b'\x1b[01m\x1b[K/home/qianlab/single_turtle_workspace/dependencies/traveler_controller/src/controller/trajectories_parser.cpp:47:57:\x1b[m\x1b[K \x1b[01;31m\x1b[Kerror: \x1b[m\x1b[K\xe2\x80\x98\x1b[01m\x1b[Kstruct turtle_status\x1b[m\x1b[K\xe2\x80\x99 has no member named \xe2\x80\x98\x1b[01m\x1b[KLeg_lf\x1b[m\x1b[K\xe2\x80\x99\n'}
[0.485925] (turtle_high_controller) StderrLine: {'line': b'   47 |         prev_waypoint_ = Waypoint(turtle.turtle_chassis.\x1b[01;31m\x1b[KLeg_lf\x1b[m\x1b[K.toe_position, 0.0f, 0.0f);\n'}
[0.485993] (turtle_high_controller) StderrLine: {'line': b'      |                                                         \x1b[01;31m\x1b[K^~~~~~\x1b[m\x1b[K\n'}
[0.486740] (turtle_high_controller) StderrLine: {'line': b'\x1b[01m\x1b[K/home/qianlab/single_turtle_workspace/dependencies/traveler_controller/src/controller/trajectories_parser.cpp:47:26:\x1b[m\x1b[K \x1b[01;31m\x1b[Kerror: \x1b[m\x1b[K\xe2\x80\x98\x1b[01m\x1b[KWaypoint\x1b[m\x1b[K\xe2\x80\x99 was not declared in this scope; did you mean \xe2\x80\x98\x1b[01m\x1b[Kwaypoints_\x1b[m\x1b[K\xe2\x80\x99?\n'}
[0.486843] (turtle_high_controller) StderrLine: {'line': b'   47 |         prev_waypoint_ = \x1b[01;31m\x1b[KWaypoint\x1b[m\x1b[K(turtle.turtle_chassis.Leg_lf.toe_position, 0.0f, 0.0f);\n'}
[0.486929] (turtle_high_controller) StderrLine: {'line': b'      |                          \x1b[01;31m\x1b[K^~~~~~~~\x1b[m\x1b[K\n'}
[0.487001] (turtle_high_controller) StderrLine: {'line': b'      |                          \x1b[32m\x1b[Kwaypoints_\x1b[m\x1b[K\n'}
[0.487067] (turtle_high_controller) StderrLine: {'line': b'\x1b[01m\x1b[K/home/qianlab/single_turtle_workspace/dependencies/traveler_controller/src/controller/trajectories_parser.cpp:48:25:\x1b[m\x1b[K \x1b[01;31m\x1b[Kerror: \x1b[m\x1b[Krequest for member \xe2\x80\x98\x1b[01m\x1b[Kempty\x1b[m\x1b[K\xe2\x80\x99 in \xe2\x80\x98\x1b[01m\x1b[K((turtle_namespace::control::TrajectoriesParser*)this)->turtle_namespace::control::TrajectoriesParser::waypoints_\x1b[m\x1b[K\xe2\x80\x99, which is of non-class type \xe2\x80\x98\x1b[01m\x1b[Kint\x1b[m\x1b[K\xe2\x80\x99\n'}
[0.487142] (turtle_high_controller) StderrLine: {'line': b'   48 |         if (!waypoints_.\x1b[01;31m\x1b[Kempty\x1b[m\x1b[K()) {\n'}
[0.487205] (turtle_high_controller) StderrLine: {'line': b'      |                         \x1b[01;31m\x1b[K^~~~~\x1b[m\x1b[K\n'}
[0.488596] (turtle_high_controller) StderrLine: {'line': b'\x1b[01m\x1b[K/home/qianlab/single_turtle_workspace/dependencies/traveler_controller/src/controller/trajectories_parser.cpp:49:13:\x1b[m\x1b[K \x1b[01;31m\x1b[Kerror: \x1b[m\x1b[K\xe2\x80\x98\x1b[01m\x1b[Kcurr_waypoint_\x1b[m\x1b[K\xe2\x80\x99 was not declared in this scope\n'}
[0.488712] (turtle_high_controller) StderrLine: {'line': b'   49 |             \x1b[01;31m\x1b[Kcurr_waypoint_\x1b[m\x1b[K = waypoints_[waypoint_index_];\n'}
[0.488784] (turtle_high_controller) StderrLine: {'line': b'      |             \x1b[01;31m\x1b[K^~~~~~~~~~~~~~\x1b[m\x1b[K\n'}
[0.488851] (turtle_high_controller) StderrLine: {'line': b'\x1b[01m\x1b[K/home/qianlab/single_turtle_workspace/dependencies/traveler_controller/src/controller/trajectories_parser.cpp:49:56:\x1b[m\x1b[K \x1b[01;31m\x1b[Kerror: \x1b[m\x1b[Kinvalid types \xe2\x80\x98\x1b[01m\x1b[Kint[int]\x1b[m\x1b[K\xe2\x80\x99 for array subscript\n'}
[0.488920] (turtle_high_controller) StderrLine: {'line': b'   49 |             curr_waypoint_ = waypoints_[waypoint_index_\x1b[01;31m\x1b[K]\x1b[m\x1b[K;\n'}
[0.488986] (turtle_high_controller) StderrLine: {'line': b'      |                                                        \x1b[01;31m\x1b[K^\x1b[m\x1b[K\n'}
[0.489053] (turtle_high_controller) StderrLine: {'line': b'\x1b[01m\x1b[K/home/qianlab/single_turtle_workspace/dependencies/traveler_controller/src/controller/trajectories_parser.cpp:55:25:\x1b[m\x1b[K \x1b[01;31m\x1b[Kerror: \x1b[m\x1b[Krequest for member \xe2\x80\x98\x1b[01m\x1b[Kempty\x1b[m\x1b[K\xe2\x80\x99 in \xe2\x80\x98\x1b[01m\x1b[K((turtle_namespace::control::TrajectoriesParser*)this)->turtle_namespace::control::TrajectoriesParser::waypoints_\x1b[m\x1b[K\xe2\x80\x99, which is of non-class type \xe2\x80\x98\x1b[01m\x1b[Kint\x1b[m\x1b[K\xe2\x80\x99\n'}
[0.489125] (turtle_high_controller) StderrLine: {'line': b'   55 |         if (!waypoints_.\x1b[01;31m\x1b[Kempty\x1b[m\x1b[K()) {\n'}
[0.489189] (turtle_high_controller) StderrLine: {'line': b'      |                         \x1b[01;31m\x1b[K^~~~~\x1b[m\x1b[K\n'}
[0.490471] (turtle_high_controller) StderrLine: {'line': b'\x1b[01m\x1b[K/home/qianlab/single_turtle_workspace/dependencies/traveler_controller/src/controller/trajectories_parser.cpp:57:20:\x1b[m\x1b[K \x1b[01;31m\x1b[Kerror: \x1b[m\x1b[K\xe2\x80\x98\x1b[01m\x1b[Kcurr_waypoint_\x1b[m\x1b[K\xe2\x80\x99 was not declared in this scope\n'}
[0.490646] (turtle_high_controller) StderrLine: {'line': b'   57 |                    \x1b[01;31m\x1b[Kcurr_waypoint_\x1b[m\x1b[K.point.x, curr_waypoint_.point.y);\n'}
[0.490718] (turtle_high_controller) StderrLine: {'line': b'      |                    \x1b[01;31m\x1b[K^~~~~~~~~~~~~~\x1b[m\x1b[K\n'}
[0.490786] (turtle_high_controller) StderrLine: {'line': b'\x1b[01m\x1b[K/home/qianlab/single_turtle_workspace/dependencies/traveler_controller/src/controller/trajectories_parser.cpp:69:31:\x1b[m\x1b[K \x1b[01;31m\x1b[Kerror: \x1b[m\x1b[K\xe2\x80\x98\x1b[01m\x1b[Kstruct turtle_status\x1b[m\x1b[K\xe2\x80\x99 has no member named \xe2\x80\x98\x1b[01m\x1b[KLeg_lf\x1b[m\x1b[K\xe2\x80\x99\n'}
[0.490865] (turtle_high_controller) StderrLine: {'line': b'   69 |         turtle.turtle_chassis.\x1b[01;31m\x1b[KLeg_lf\x1b[m\x1b[K.state_flag = state_flag_;\n'}
[0.490931] (turtle_high_controller) StderrLine: {'line': b'      |                               \x1b[01;31m\x1b[K^~~~~~\x1b[m\x1b[K\n'}
[0.490994] (turtle_high_controller) StderrLine: {'line': b'\x1b[01m\x1b[K/home/qianlab/single_turtle_workspace/dependencies/traveler_controller/src/controller/trajectories_parser.cpp:71:42:\x1b[m\x1b[K \x1b[01;31m\x1b[Kerror: \x1b[m\x1b[Krequest for member \xe2\x80\x98\x1b[01m\x1b[Ksize\x1b[m\x1b[K\xe2\x80\x99 in \xe2\x80\x98\x1b[01m\x1b[K((turtle_namespace::control::TrajectoriesParser*)this)->turtle_namespace::control::TrajectoriesParser::waypoints_\x1b[m\x1b[K\xe2\x80\x99, which is of non-class type \xe2\x80\x98\x1b[01m\x1b[Kint\x1b[m\x1b[K\xe2\x80\x99\n'}
[0.491062] (turtle_high_controller) StderrLine: {'line': b'   71 |         if (waypoint_index_ < waypoints_.\x1b[01;31m\x1b[Ksize\x1b[m\x1b[K()) {\n'}
[0.491128] (turtle_high_controller) StderrLine: {'line': b'      |                                          \x1b[01;31m\x1b[K^~~~\x1b[m\x1b[K\n'}
[0.492238] (turtle_high_controller) StderrLine: {'line': b'\x1b[01m\x1b[K/home/qianlab/single_turtle_workspace/dependencies/traveler_controller/src/controller/trajectories_parser.cpp:72:13:\x1b[m\x1b[K \x1b[01;31m\x1b[Kerror: \x1b[m\x1b[K\xe2\x80\x98\x1b[01m\x1b[Kprev_waypoint_\x1b[m\x1b[K\xe2\x80\x99 was not declared in this scope\n'}
[0.492360] (turtle_high_controller) StderrLine: {'line': b'   72 |             \x1b[01;31m\x1b[Kprev_waypoint_\x1b[m\x1b[K = curr_waypoint_;\n'}
[0.492435] (turtle_high_controller) StderrLine: {'line': b'      |             \x1b[01;31m\x1b[K^~~~~~~~~~~~~~\x1b[m\x1b[K\n'}
[0.494218] (turtle_high_controller) StderrLine: {'line': b'\x1b[01m\x1b[K/home/qianlab/single_turtle_workspace/dependencies/traveler_controller/src/controller/trajectories_parser.cpp:72:30:\x1b[m\x1b[K \x1b[01;31m\x1b[Kerror: \x1b[m\x1b[K\xe2\x80\x98\x1b[01m\x1b[Kcurr_waypoint_\x1b[m\x1b[K\xe2\x80\x99 was not declared in this scope\n'}
[0.494427] (turtle_high_controller) StderrLine: {'line': b'   72 |             prev_waypoint_ = \x1b[01;31m\x1b[Kcurr_waypoint_\x1b[m\x1b[K;\n'}
[0.494509] (turtle_high_controller) StderrLine: {'line': b'      |                              \x1b[01;31m\x1b[K^~~~~~~~~~~~~~\x1b[m\x1b[K\n'}
[0.494581] (turtle_high_controller) StderrLine: {'line': b'\x1b[01m\x1b[K/home/qianlab/single_turtle_workspace/dependencies/traveler_controller/src/controller/trajectories_parser.cpp:73:56:\x1b[m\x1b[K \x1b[01;31m\x1b[Kerror: \x1b[m\x1b[Kinvalid types \xe2\x80\x98\x1b[01m\x1b[Kint[int]\x1b[m\x1b[K\xe2\x80\x99 for array subscript\n'}
[0.494655] (turtle_high_controller) StderrLine: {'line': b'   73 |             curr_waypoint_ = waypoints_[waypoint_index_\x1b[01;31m\x1b[K]\x1b[m\x1b[K;\n'}
[0.494740] (turtle_high_controller) StderrLine: {'line': b'      |                                                        \x1b[01;31m\x1b[K^\x1b[m\x1b[K\n'}
[0.497968] (turtle_high_controller) StderrLine: {'line': b'\x1b[01m\x1b[K/home/qianlab/single_turtle_workspace/dependencies/traveler_controller/src/controller/Inverse_kinematics.cpp:\x1b[m\x1b[K In function \xe2\x80\x98\x1b[01m\x1b[Kbool clamp_XY(float&, float&, float)\x1b[m\x1b[K\xe2\x80\x99:\n'}
[0.498229] (turtle_high_controller) StderrLine: {'line': b'\x1b[01m\x1b[K/home/qianlab/single_turtle_workspace/dependencies/traveler_controller/src/controller/Inverse_kinematics.cpp:205:1:\x1b[m\x1b[K \x1b[01;35m\x1b[Kwarning: \x1b[m\x1b[Kcontrol reaches end of non-void function [\x1b[01;35m\x1b[K-Wreturn-type\x1b[m\x1b[K]\n'}
[0.498322] (turtle_high_controller) StderrLine: {'line': b'  205 | \x1b[01;35m\x1b[K}\x1b[m\x1b[K\n'}
[0.498401] (turtle_high_controller) StderrLine: {'line': b'      | \x1b[01;35m\x1b[K^\x1b[m\x1b[K\n'}
[0.498485] (turtle_high_controller) StderrLine: {'line': b'\x1b[01m\x1b[K/home/qianlab/single_turtle_workspace/dependencies/traveler_controller/src/controller/Inverse_kinematics.cpp:\x1b[m\x1b[K In function \xe2\x80\x98\x1b[01m\x1b[Kbool clamp_XY(XY_pair&, float)\x1b[m\x1b[K\xe2\x80\x99:\n'}
[0.498608] (turtle_high_controller) StderrLine: {'line': b'\x1b[01m\x1b[K/home/qianlab/single_turtle_workspace/dependencies/traveler_controller/src/controller/Inverse_kinematics.cpp:229:1:\x1b[m\x1b[K \x1b[01;35m\x1b[Kwarning: \x1b[m\x1b[Kcontrol reaches end of non-void function [\x1b[01;35m\x1b[K-Wreturn-type\x1b[m\x1b[K]\n'}
[0.498692] (turtle_high_controller) StderrLine: {'line': b'  229 | \x1b[01;35m\x1b[K}\x1b[m\x1b[K\n'}
[0.498769] (turtle_high_controller) StderrLine: {'line': b'      | \x1b[01;35m\x1b[K^\x1b[m\x1b[K\n'}
[0.499904] (turtle_high_controller) StderrLine: {'line': b'\x1b[01m\x1b[K/home/qianlab/single_turtle_workspace/dependencies/traveler_controller/src/controller/trajectories_parser.cpp:\x1b[m\x1b[K In member function \xe2\x80\x98\x1b[01m\x1b[Kbool turtle_namespace::control::TrajectoriesParser::processWaypoint(turtle&)\x1b[m\x1b[K\xe2\x80\x99:\n'}
[0.500153] (turtle_high_controller) StderrLine: {'line': b'\x1b[01m\x1b[K/home/qianlab/single_turtle_workspace/dependencies/traveler_controller/src/controller/trajectories_parser.cpp:93:22:\x1b[m\x1b[K \x1b[01;31m\x1b[Kerror: \x1b[m\x1b[K\xe2\x80\x98\x1b[01m\x1b[Kcurr_waypoint_\x1b[m\x1b[K\xe2\x80\x99 was not declared in this scope\n'}
[0.500250] (turtle_high_controller) StderrLine: {'line': b'   93 |             clamp_XY(\x1b[01;31m\x1b[Kcurr_waypoint_\x1b[m\x1b[K.point);\n'}
[0.500340] (turtle_high_controller) StderrLine: {'line': b'      |                      \x1b[01;31m\x1b[K^~~~~~~~~~~~~~\x1b[m\x1b[K\n'}
[0.500873] (-) TimerEvent: {}
[0.501959] (turtle_high_controller) StderrLine: {'line': b'\x1b[01m\x1b[K/home/qianlab/single_turtle_workspace/dependencies/traveler_controller/src/controller/trajectories_parser.cpp:100:32:\x1b[m\x1b[K \x1b[01;31m\x1b[Kerror: \x1b[m\x1b[K\xe2\x80\x98\x1b[01m\x1b[Kcurr_waypoint_\x1b[m\x1b[K\xe2\x80\x99 was not declared in this scope\n'}
[0.502120] (turtle_high_controller) StderrLine: {'line': b'  100 |             if (linearTraj(t_, \x1b[01;31m\x1b[Kcurr_waypoint_\x1b[m\x1b[K.vel,\n'}
[0.502192] (turtle_high_controller) StderrLine: {'line': b'      |                                \x1b[01;31m\x1b[K^~~~~~~~~~~~~~\x1b[m\x1b[K\n'}
[0.502654] (turtle_high_controller) StderrLine: {'line': b'make[2]: *** [CMakeFiles/turtle_high_controller.dir/build.make:76: CMakeFiles/turtle_high_controller.dir/src/controller/Inverse_kinematics.cpp.o] Error 1\n'}
[0.502739] (turtle_high_controller) StderrLine: {'line': b'make[2]: *** Waiting for unfinished jobs....\n'}
[0.503523] (turtle_high_controller) StderrLine: {'line': b'\x1b[01m\x1b[K/home/qianlab/single_turtle_workspace/dependencies/traveler_controller/src/controller/trajectories_parser.cpp:101:28:\x1b[m\x1b[K \x1b[01;31m\x1b[Kerror: \x1b[m\x1b[K\xe2\x80\x98\x1b[01m\x1b[Kprev_waypoint_\x1b[m\x1b[K\xe2\x80\x99 was not declared in this scope\n'}
[0.503596] (turtle_high_controller) StderrLine: {'line': b'  101 |                            \x1b[01;31m\x1b[Kprev_waypoint_\x1b[m\x1b[K.point, curr_waypoint_.point,\n'}
[0.503662] (turtle_high_controller) StderrLine: {'line': b'      |                            \x1b[01;31m\x1b[K^~~~~~~~~~~~~~\x1b[m\x1b[K\n'}
[0.505231] (turtle_high_controller) StderrLine: {'line': b'\x1b[01m\x1b[K/home/qianlab/single_turtle_workspace/dependencies/traveler_controller/src/controller/trajectories_parser.cpp:120:22:\x1b[m\x1b[K \x1b[01;31m\x1b[Kerror: \x1b[m\x1b[K\xe2\x80\x98\x1b[01m\x1b[Kcurr_waypoint_\x1b[m\x1b[K\xe2\x80\x99 was not declared in this scope\n'}
[0.505403] (turtle_high_controller) StderrLine: {'line': b'  120 |             if (t_ > \x1b[01;31m\x1b[Kcurr_waypoint_\x1b[m\x1b[K.delay) {\n'}
[0.505495] (turtle_high_controller) StderrLine: {'line': b'      |                      \x1b[01;31m\x1b[K^~~~~~~~~~~~~~\x1b[m\x1b[K\n'}
[0.505560] (turtle_high_controller) StderrLine: {'line': b'\x1b[01m\x1b[K/home/qianlab/single_turtle_workspace/dependencies/traveler_controller/src/controller/trajectories_parser.cpp:\x1b[m\x1b[K In member function \xe2\x80\x98\x1b[01m\x1b[Kvoid turtle_namespace::control::TrajectoriesParser::generateWaypoints(turtle&)\x1b[m\x1b[K\xe2\x80\x99:\n'}
[0.505637] (turtle_high_controller) StderrLine: {'line': b'\x1b[01m\x1b[K/home/qianlab/single_turtle_workspace/dependencies/traveler_controller/src/controller/trajectories_parser.cpp:136:16:\x1b[m\x1b[K \x1b[01;31m\x1b[Kerror: \x1b[m\x1b[Krequest for member \xe2\x80\x98\x1b[01m\x1b[Kclear\x1b[m\x1b[K\xe2\x80\x99 in \xe2\x80\x98\x1b[01m\x1b[K((turtle_namespace::control::TrajectoriesParser*)this)->turtle_namespace::control::TrajectoriesParser::waypoints_\x1b[m\x1b[K\xe2\x80\x99, which is of non-class type \xe2\x80\x98\x1b[01m\x1b[Kint\x1b[m\x1b[K\xe2\x80\x99\n'}
[0.505707] (turtle_high_controller) StderrLine: {'line': b'  136 |     waypoints_.\x1b[01;31m\x1b[Kclear\x1b[m\x1b[K();\n'}
[0.505771] (turtle_high_controller) StderrLine: {'line': b'      |                \x1b[01;31m\x1b[K^~~~~\x1b[m\x1b[K\n'}
[0.505837] (turtle_high_controller) StderrLine: {'line': b'\x1b[01m\x1b[K/home/qianlab/single_turtle_workspace/dependencies/traveler_controller/src/controller/trajectories_parser.cpp:142:20:\x1b[m\x1b[K \x1b[01;31m\x1b[Kerror: \x1b[m\x1b[Krequest for member \xe2\x80\x98\x1b[01m\x1b[Kpush_back\x1b[m\x1b[K\xe2\x80\x99 in \xe2\x80\x98\x1b[01m\x1b[K((turtle_namespace::control::TrajectoriesParser*)this)->turtle_namespace::control::TrajectoriesParser::waypoints_\x1b[m\x1b[K\xe2\x80\x99, which is of non-class type \xe2\x80\x98\x1b[01m\x1b[Kint\x1b[m\x1b[K\xe2\x80\x99\n'}
[0.505904] (turtle_high_controller) StderrLine: {'line': b'  142 |         waypoints_.\x1b[01;31m\x1b[Kpush_back\x1b[m\x1b[K(Waypoint(x, y, v, 0.0f)); // zero delay between points\n'}
[0.505979] (turtle_high_controller) StderrLine: {'line': b'      |                    \x1b[01;31m\x1b[K^~~~~~~~~\x1b[m\x1b[K\n'}
[0.506806] (turtle_high_controller) StderrLine: {'line': b'\x1b[01m\x1b[K/home/qianlab/single_turtle_workspace/dependencies/traveler_controller/src/controller/trajectories_parser.cpp:142:30:\x1b[m\x1b[K \x1b[01;31m\x1b[Kerror: \x1b[m\x1b[K\xe2\x80\x98\x1b[01m\x1b[KWaypoint\x1b[m\x1b[K\xe2\x80\x99 was not declared in this scope; did you mean \xe2\x80\x98\x1b[01m\x1b[Kwaypoints_\x1b[m\x1b[K\xe2\x80\x99?\n'}
[0.507012] (turtle_high_controller) StderrLine: {'line': b'  142 |         waypoints_.push_back(\x1b[01;31m\x1b[KWaypoint\x1b[m\x1b[K(x, y, v, 0.0f)); // zero delay between points\n'}
[0.507081] (turtle_high_controller) StderrLine: {'line': b'      |                              \x1b[01;31m\x1b[K^~~~~~~~\x1b[m\x1b[K\n'}
[0.507146] (turtle_high_controller) StderrLine: {'line': b'      |                              \x1b[32m\x1b[Kwaypoints_\x1b[m\x1b[K\n'}
[0.507219] (turtle_high_controller) StderrLine: {'line': b'\x1b[01m\x1b[K/home/qianlab/single_turtle_workspace/dependencies/traveler_controller/src/controller/trajectories_parser.cpp:146:53:\x1b[m\x1b[K \x1b[01;31m\x1b[Kerror: \x1b[m\x1b[Krequest for member \xe2\x80\x98\x1b[01m\x1b[Ksize\x1b[m\x1b[K\xe2\x80\x99 in \xe2\x80\x98\x1b[01m\x1b[K((turtle_namespace::control::TrajectoriesParser*)this)->turtle_namespace::control::TrajectoriesParser::waypoints_\x1b[m\x1b[K\xe2\x80\x99, which is of non-class type \xe2\x80\x98\x1b[01m\x1b[Kint\x1b[m\x1b[K\xe2\x80\x99\n'}
[0.507291] (turtle_high_controller) StderrLine: {'line': b'  146 |     for (int i = 0; i < static_cast<int>(waypoints_.\x1b[01;31m\x1b[Ksize\x1b[m\x1b[K()); ++i) {\n'}
[0.507359] (turtle_high_controller) StderrLine: {'line': b'      |                                                     \x1b[01;31m\x1b[K^~~~\x1b[m\x1b[K\n'}
[0.507424] (turtle_high_controller) StderrLine: {'line': b'\x1b[01m\x1b[K/home/qianlab/single_turtle_workspace/dependencies/traveler_controller/src/controller/trajectories_parser.cpp:148:31:\x1b[m\x1b[K \x1b[01;31m\x1b[Kerror: \x1b[m\x1b[Kinvalid types \xe2\x80\x98\x1b[01m\x1b[Kint[int]\x1b[m\x1b[K\xe2\x80\x99 for array subscript\n'}
[0.507489] (turtle_high_controller) StderrLine: {'line': b'  148 |                i, waypoints_[i\x1b[01;31m\x1b[K]\x1b[m\x1b[K.point.x, waypoints_[i].point.y,\n'}
[0.507557] (turtle_high_controller) StderrLine: {'line': b'      |                               \x1b[01;31m\x1b[K^\x1b[m\x1b[K\n'}
[0.507621] (turtle_high_controller) StderrLine: {'line': b'\x1b[01m\x1b[K/home/qianlab/single_turtle_workspace/dependencies/traveler_controller/src/controller/trajectories_parser.cpp:148:54:\x1b[m\x1b[K \x1b[01;31m\x1b[Kerror: \x1b[m\x1b[Kinvalid types \xe2\x80\x98\x1b[01m\x1b[Kint[int]\x1b[m\x1b[K\xe2\x80\x99 for array subscript\n'}
[0.507685] (turtle_high_controller) StderrLine: {'line': b'  148 |                i, waypoints_[i].point.x, waypoints_[i\x1b[01;31m\x1b[K]\x1b[m\x1b[K.point.y,\n'}
[0.507752] (turtle_high_controller) StderrLine: {'line': b'      |                                                      \x1b[01;31m\x1b[K^\x1b[m\x1b[K\n'}
[0.507817] (turtle_high_controller) StderrLine: {'line': b'\x1b[01m\x1b[K/home/qianlab/single_turtle_workspace/dependencies/traveler_controller/src/controller/trajectories_parser.cpp:149:28:\x1b[m\x1b[K \x1b[01;31m\x1b[Kerror: \x1b[m\x1b[Kinvalid types \xe2\x80\x98\x1b[01m\x1b[Kint[int]\x1b[m\x1b[K\xe2\x80\x99 for array subscript\n'}
[0.507881] (turtle_high_controller) StderrLine: {'line': b'  149 |                waypoints_[i\x1b[01;31m\x1b[K]\x1b[m\x1b[K.vel, waypoints_[i].delay);\n'}
[0.507944] (turtle_high_controller) StderrLine: {'line': b'      |                            \x1b[01;31m\x1b[K^\x1b[m\x1b[K\n'}
[0.508014] (turtle_high_controller) StderrLine: {'line': b'\x1b[01m\x1b[K/home/qianlab/single_turtle_workspace/dependencies/traveler_controller/src/controller/trajectories_parser.cpp:149:47:\x1b[m\x1b[K \x1b[01;31m\x1b[Kerror: \x1b[m\x1b[Kinvalid types \xe2\x80\x98\x1b[01m\x1b[Kint[int]\x1b[m\x1b[K\xe2\x80\x99 for array subscript\n'}
[0.508092] (turtle_high_controller) StderrLine: {'line': b'  149 |                waypoints_[i].vel, waypoints_[i\x1b[01;31m\x1b[K]\x1b[m\x1b[K.delay);\n'}
[0.508165] (turtle_high_controller) StderrLine: {'line': b'      |                                               \x1b[01;31m\x1b[K^\x1b[m\x1b[K\n'}
[0.508768] (turtle_high_controller) StderrLine: {'line': b'\x1b[01m\x1b[K/home/qianlab/single_turtle_workspace/dependencies/traveler_controller/src/controller/trajectories_parser.cpp:\x1b[m\x1b[K In member function \xe2\x80\x98\x1b[01m\x1b[Kvoid turtle_namespace::control::TrajectoriesParser::generateTempTraj(turtle&)\x1b[m\x1b[K\xe2\x80\x99:\n'}
[0.508868] (turtle_high_controller) StderrLine: {'line': b'\x1b[01m\x1b[K/home/qianlab/single_turtle_workspace/dependencies/traveler_controller/src/controller/trajectories_parser.cpp:161:5:\x1b[m\x1b[K \x1b[01;31m\x1b[Kerror: \x1b[m\x1b[K\xe2\x80\x98\x1b[01m\x1b[Kprev_toe_pos\x1b[m\x1b[K\xe2\x80\x99 was not declared in this scope\n'}
[0.508935] (turtle_high_controller) StderrLine: {'line': b'  161 |     \x1b[01;31m\x1b[Kprev_toe_pos\x1b[m\x1b[K = curr_toe_pos;\n'}
[0.509000] (turtle_high_controller) StderrLine: {'line': b'      |     \x1b[01;31m\x1b[K^~~~~~~~~~~~\x1b[m\x1b[K\n'}
[0.510375] (turtle_high_controller) StderrLine: {'line': b'\x1b[01m\x1b[K/home/qianlab/single_turtle_workspace/dependencies/traveler_controller/src/controller/trajectories_parser.cpp:161:20:\x1b[m\x1b[K \x1b[01;31m\x1b[Kerror: \x1b[m\x1b[K\xe2\x80\x98\x1b[01m\x1b[Kcurr_toe_pos\x1b[m\x1b[K\xe2\x80\x99 was not declared in this scope\n'}
[0.510503] (turtle_high_controller) StderrLine: {'line': b'  161 |     prev_toe_pos = \x1b[01;31m\x1b[Kcurr_toe_pos\x1b[m\x1b[K;\n'}
[0.510568] (turtle_high_controller) StderrLine: {'line': b'      |                    \x1b[01;31m\x1b[K^~~~~~~~~~~~\x1b[m\x1b[K\n'}
[0.510631] (turtle_high_controller) StderrLine: {'line': b'\x1b[01m\x1b[K/home/qianlab/single_turtle_workspace/dependencies/traveler_controller/src/controller/trajectories_parser.cpp:162:42:\x1b[m\x1b[K \x1b[01;31m\x1b[Kerror: \x1b[m\x1b[K\xe2\x80\x98\x1b[01m\x1b[Kstruct turtle_status\x1b[m\x1b[K\xe2\x80\x99 has no member named \xe2\x80\x98\x1b[01m\x1b[KLeg_lf\x1b[m\x1b[K\xe2\x80\x99\n'}
[0.510699] (turtle_high_controller) StderrLine: {'line': b'  162 |     curr_toe_pos = turtle.turtle_chassis.\x1b[01;31m\x1b[KLeg_lf\x1b[m\x1b[K.toe_position;\n'}
[0.510850] (turtle_high_controller) StderrLine: {'line': b'      |                                          \x1b[01;31m\x1b[K^~~~~~\x1b[m\x1b[K\n'}
[0.510914] (turtle_high_controller) StderrLine: {'line': b'\x1b[01m\x1b[K/home/qianlab/single_turtle_workspace/dependencies/traveler_controller/src/controller/trajectories_parser.cpp:163:20:\x1b[m\x1b[K \x1b[01;31m\x1b[Kerror: \x1b[m\x1b[Kreference to \xe2\x80\x98\x1b[01m\x1b[Kdistance\x1b[m\x1b[K\xe2\x80\x99 is ambiguous\n'}
[0.511035] (turtle_high_controller) StderrLine: {'line': b'  163 |     Move_Dist    = \x1b[01;31m\x1b[Kdistance\x1b[m\x1b[K(prev_toe_pos, curr_toe_pos);\n'}
[0.511119] (turtle_high_controller) StderrLine: {'line': b'      |                    \x1b[01;31m\x1b[K^~~~~~~~\x1b[m\x1b[K\n'}
[0.511182] (turtle_high_controller) StderrLine: {'line': b'In file included from \x1b[01m\x1b[K/usr/include/c++/9/bits/stl_algobase.h:66\x1b[m\x1b[K,\n'}
[0.511246] (turtle_high_controller) StderrLine: {'line': b'                 from \x1b[01m\x1b[K/usr/include/c++/9/vector:60\x1b[m\x1b[K,\n'}
[0.511309] (turtle_high_controller) StderrLine: {'line': b'                 from \x1b[01m\x1b[K/home/qianlab/single_turtle_workspace/dependencies/traveler_controller/include/controller/trajectories_parser.h:4\x1b[m\x1b[K,\n'}
[0.511377] (turtle_high_controller) StderrLine: {'line': b'                 from \x1b[01m\x1b[K/home/qianlab/single_turtle_workspace/dependencies/traveler_controller/src/controller/trajectories_parser.cpp:3\x1b[m\x1b[K:\n'}
[0.511444] (turtle_high_controller) StderrLine: {'line': b'\x1b[01m\x1b[K/usr/include/c++/9/bits/stl_iterator_base_funcs.h:138:5:\x1b[m\x1b[K \x1b[01;36m\x1b[Knote: \x1b[m\x1b[Kcandidates are: \xe2\x80\x98\x1b[01m\x1b[Ktemplate<class _InputIterator> typename std::iterator_traits<_Iterator>::difference_type std::distance(_InputIterator, _InputIterator)\x1b[m\x1b[K\xe2\x80\x99\n'}
[0.511514] (turtle_high_controller) StderrLine: {'line': b'  138 |     \x1b[01;36m\x1b[Kdistance\x1b[m\x1b[K(_InputIterator __first, _InputIterator __last)\n'}
[0.511580] (turtle_high_controller) StderrLine: {'line': b'      |     \x1b[01;36m\x1b[K^~~~~~~~\x1b[m\x1b[K\n'}
[0.511650] (turtle_high_controller) StderrLine: {'line': b'In file included from \x1b[01m\x1b[K/home/qianlab/single_turtle_workspace/dependencies/traveler_controller/include/controller/trajectories_parser.h:10\x1b[m\x1b[K,\n'}
[0.511724] (turtle_high_controller) StderrLine: {'line': b'                 from \x1b[01m\x1b[K/home/qianlab/single_turtle_workspace/dependencies/traveler_controller/src/controller/trajectories_parser.cpp:3\x1b[m\x1b[K:\n'}
[0.511799] (turtle_high_controller) StderrLine: {'line': b'\x1b[01m\x1b[K/home/qianlab/single_turtle_workspace/dependencies/traveler_controller/include/controller/inverse_kinematics.h:53:7:\x1b[m\x1b[K \x1b[01;36m\x1b[Knote: \x1b[m\x1b[K                \xe2\x80\x98\x1b[01m\x1b[Kfloat distance\x1b[m\x1b[K\xe2\x80\x99\n'}
[0.511875] (turtle_high_controller) StderrLine: {'line': b'   53 | float \x1b[01;36m\x1b[Kdistance\x1b[m\x1b[K(XY_pair A, XY_pair B);\n'}
[0.511958] (turtle_high_controller) StderrLine: {'line': b'      |       \x1b[01;36m\x1b[K^~~~~~~~\x1b[m\x1b[K\n'}
[0.512040] (turtle_high_controller) StderrLine: {'line': b'\x1b[01m\x1b[K/home/qianlab/single_turtle_workspace/dependencies/traveler_controller/src/controller/trajectories_parser.cpp:184:38:\x1b[m\x1b[K \x1b[01;31m\x1b[Kerror: \x1b[m\x1b[K\xe2\x80\x98\x1b[01m\x1b[Kstruct turtle_status\x1b[m\x1b[K\xe2\x80\x99 has no member named \xe2\x80\x98\x1b[01m\x1b[KLeg_lf\x1b[m\x1b[K\xe2\x80\x99\n'}
[0.512133] (turtle_high_controller) StderrLine: {'line': b'  184 |                turtle.turtle_chassis.\x1b[01;31m\x1b[KLeg_lf\x1b[m\x1b[K.toe_position.x,\n'}
[0.512207] (turtle_high_controller) StderrLine: {'line': b'      |                                      \x1b[01;31m\x1b[K^~~~~~\x1b[m\x1b[K\n'}
[0.512278] (turtle_high_controller) StderrLine: {'line': b'\x1b[01m\x1b[K/home/qianlab/single_turtle_workspace/dependencies/traveler_controller/src/controller/trajectories_parser.cpp:185:38:\x1b[m\x1b[K \x1b[01;31m\x1b[Kerror: \x1b[m\x1b[K\xe2\x80\x98\x1b[01m\x1b[Kstruct turtle_status\x1b[m\x1b[K\xe2\x80\x99 has no member named \xe2\x80\x98\x1b[01m\x1b[KLeg_lf\x1b[m\x1b[K\xe2\x80\x99\n'}
[0.512357] (turtle_high_controller) StderrLine: {'line': b'  185 |                turtle.turtle_chassis.\x1b[01;31m\x1b[KLeg_lf\x1b[m\x1b[K.toe_position.y);\n'}
[0.512427] (turtle_high_controller) StderrLine: {'line': b'      |                                      \x1b[01;31m\x1b[K^~~~~~\x1b[m\x1b[K\n'}
[0.512494] (turtle_high_controller) StderrLine: {'line': b'\x1b[01m\x1b[K/home/qianlab/single_turtle_workspace/dependencies/traveler_controller/src/controller/trajectories_parser.cpp:191:22:\x1b[m\x1b[K \x1b[01;31m\x1b[Kerror: \x1b[m\x1b[K\xe2\x80\x98\x1b[01m\x1b[Kstruct TrajectoryData\x1b[m\x1b[K\xe2\x80\x99 has no member named \xe2\x80\x98\x1b[01m\x1b[Kcurrent_t\x1b[m\x1b[K\xe2\x80\x99\n'}
[0.512563] (turtle_high_controller) StderrLine: {'line': b'  191 |     turtle.traj_data.\x1b[01;31m\x1b[Kcurrent_t\x1b[m\x1b[K += 0.01000f;\n'}
[0.512630] (turtle_high_controller) StderrLine: {'line': b'      |                      \x1b[01;31m\x1b[K^~~~~~~~~\x1b[m\x1b[K\n'}
[0.512699] (turtle_high_controller) StderrLine: {'line': b'\x1b[01m\x1b[K/home/qianlab/single_turtle_workspace/dependencies/traveler_controller/src/controller/trajectories_parser.cpp:\x1b[m\x1b[K In member function \xe2\x80\x98\x1b[01m\x1b[Kvoid turtle_namespace::control::TrajectoriesParser::printTrajData(turtle&)\x1b[m\x1b[K\xe2\x80\x99:\n'}
[0.512770] (turtle_high_controller) StderrLine: {'line': b'\x1b[01m\x1b[K/home/qianlab/single_turtle_workspace/dependencies/traveler_controller/src/controller/trajectories_parser.cpp:205:58:\x1b[m\x1b[K \x1b[01;31m\x1b[Kerror: \x1b[m\x1b[K\xe2\x80\x98\x1b[01m\x1b[Kstruct TrajectoryData\x1b[m\x1b[K\xe2\x80\x99 has no member named \xe2\x80\x98\x1b[01m\x1b[Kwiggle_time\x1b[m\x1b[K\xe2\x80\x99\n'}
[0.512837] (turtle_high_controller) StderrLine: {'line': b'  205 |     printf("wiggle_time:         %f\\n", turtle.traj_data.\x1b[01;31m\x1b[Kwiggle_time\x1b[m\x1b[K);\n'}
[0.512904] (turtle_high_controller) StderrLine: {'line': b'      |                                                          \x1b[01;31m\x1b[K^~~~~~~~~~~\x1b[m\x1b[K\n'}
[0.512981] (turtle_high_controller) StderrLine: {'line': b'\x1b[01m\x1b[K/home/qianlab/single_turtle_workspace/dependencies/traveler_controller/src/controller/trajectories_parser.cpp:208:58:\x1b[m\x1b[K \x1b[01;31m\x1b[Kerror: \x1b[m\x1b[K\xe2\x80\x98\x1b[01m\x1b[Kstruct TrajectoryData\x1b[m\x1b[K\xe2\x80\x99 has no member named \xe2\x80\x98\x1b[01m\x1b[Kwiggle_frequency\x1b[m\x1b[K\xe2\x80\x99\n'}
[0.513055] (turtle_high_controller) StderrLine: {'line': b'  208 |     printf("wiggle_frequency:    %f\\n", turtle.traj_data.\x1b[01;31m\x1b[Kwiggle_frequency\x1b[m\x1b[K);\n'}
[0.513126] (turtle_high_controller) StderrLine: {'line': b'      |                                                          \x1b[01;31m\x1b[K^~~~~~~~~~~~~~~~\x1b[m\x1b[K\n'}
[0.513197] (turtle_high_controller) StderrLine: {'line': b'\x1b[01m\x1b[K/home/qianlab/single_turtle_workspace/dependencies/traveler_controller/src/controller/trajectories_parser.cpp:210:58:\x1b[m\x1b[K \x1b[01;31m\x1b[Kerror: \x1b[m\x1b[K\xe2\x80\x98\x1b[01m\x1b[Kstruct TrajectoryData\x1b[m\x1b[K\xe2\x80\x99 has no member named \xe2\x80\x98\x1b[01m\x1b[Kwiggle_amptitude\x1b[m\x1b[K\xe2\x80\x99\n'}
[0.513277] (turtle_high_controller) StderrLine: {'line': b'  210 |     printf("wiggle_amptitude:    %f\\n", turtle.traj_data.\x1b[01;31m\x1b[Kwiggle_amptitude\x1b[m\x1b[K);\n'}
[0.513346] (turtle_high_controller) StderrLine: {'line': b'      |                                                          \x1b[01;31m\x1b[K^~~~~~~~~~~~~~~~\x1b[m\x1b[K\n'}
[0.554865] (turtle_high_controller) StderrLine: {'line': b'make[2]: *** [CMakeFiles/turtle_high_controller.dir/build.make:89: CMakeFiles/turtle_high_controller.dir/src/controller/trajectories_parser.cpp.o] Error 1\n'}
[0.601018] (-) TimerEvent: {}
[0.701321] (-) TimerEvent: {}
[0.801646] (-) TimerEvent: {}
[0.901979] (-) TimerEvent: {}
[1.002325] (-) TimerEvent: {}
[1.102754] (-) TimerEvent: {}
[1.131898] (turtle_high_controller) StderrLine: {'line': b'In file included from \x1b[01m\x1b[K/home/qianlab/single_turtle_workspace/dependencies/traveler_controller/src/proxy/lowerproxy.cpp:8\x1b[m\x1b[K:\n'}
[1.132138] (turtle_high_controller) StderrLine: {'line': b'\x1b[01m\x1b[K/home/qianlab/single_turtle_workspace/dependencies/traveler_controller/include/proxy/lowerproxy.h:97:17:\x1b[m\x1b[K \x1b[01;31m\x1b[Kerror: \x1b[m\x1b[K\xe2\x80\x98\x1b[01m\x1b[KTrajectoryPoint\x1b[m\x1b[K\xe2\x80\x99 was not declared in this scope; did you mean \xe2\x80\x98\x1b[01m\x1b[KTrajectoryData\x1b[m\x1b[K\xe2\x80\x99?\n'}
[1.132239] (turtle_high_controller) StderrLine: {'line': b'   97 |     std::vector<\x1b[01;31m\x1b[KTrajectoryPoint\x1b[m\x1b[K> precomputed_;\n'}
[1.132309] (turtle_high_controller) StderrLine: {'line': b'      |                 \x1b[01;31m\x1b[K^~~~~~~~~~~~~~~\x1b[m\x1b[K\n'}
[1.132377] (turtle_high_controller) StderrLine: {'line': b'      |                 \x1b[32m\x1b[KTrajectoryData\x1b[m\x1b[K\n'}
[1.132441] (turtle_high_controller) StderrLine: {'line': b'\x1b[01m\x1b[K/home/qianlab/single_turtle_workspace/dependencies/traveler_controller/include/proxy/lowerproxy.h:97:32:\x1b[m\x1b[K \x1b[01;31m\x1b[Kerror: \x1b[m\x1b[Ktemplate argument 1 is invalid\n'}
[1.132509] (turtle_high_controller) StderrLine: {'line': b'   97 |     std::vector<TrajectoryPoint\x1b[01;31m\x1b[K>\x1b[m\x1b[K precomputed_;\n'}
[1.132573] (turtle_high_controller) StderrLine: {'line': b'      |                                \x1b[01;31m\x1b[K^\x1b[m\x1b[K\n'}
[1.132639] (turtle_high_controller) StderrLine: {'line': b'\x1b[01m\x1b[K/home/qianlab/single_turtle_workspace/dependencies/traveler_controller/include/proxy/lowerproxy.h:97:32:\x1b[m\x1b[K \x1b[01;31m\x1b[Kerror: \x1b[m\x1b[Ktemplate argument 2 is invalid\n'}
[1.132924] (turtle_high_controller) StderrLine: {'line': b'In file included from \x1b[01m\x1b[K/home/qianlab/single_turtle_workspace/dependencies/traveler_controller/src/proxy/lowerproxy.cpp:9\x1b[m\x1b[K:\n'}
[1.133024] (turtle_high_controller) StderrLine: {'line': b'\x1b[01m\x1b[K/home/qianlab/single_turtle_workspace/dependencies/traveler_controller/include/controller/inverse_kinematics.h:28:47:\x1b[m\x1b[K \x1b[01;31m\x1b[Kerror: \x1b[m\x1b[K\xe2\x80\x98\x1b[01m\x1b[KXY_pair\x1b[m\x1b[K\xe2\x80\x99 has not been declared\n'}
[1.133099] (turtle_high_controller) StderrLine: {'line': b'   28 | void abstractToPhysical(float L, float Theta, \x1b[01;31m\x1b[KXY_pair\x1b[m\x1b[K& point);\n'}
[1.133167] (turtle_high_controller) StderrLine: {'line': b'      |                                               \x1b[01;31m\x1b[K^~~~~~~\x1b[m\x1b[K\n'}
[1.133231] (turtle_high_controller) StderrLine: {'line': b'\x1b[01m\x1b[K/home/qianlab/single_turtle_workspace/dependencies/traveler_controller/include/controller/inverse_kinematics.h:35:52:\x1b[m\x1b[K \x1b[01;31m\x1b[Kerror: \x1b[m\x1b[K\xe2\x80\x98\x1b[01m\x1b[KXY_pair\x1b[m\x1b[K\xe2\x80\x99 has not been declared\n'}
[1.133296] (turtle_high_controller) StderrLine: {'line': b'   35 | void linearTraj(float t, float t_start, float vel, \x1b[01;31m\x1b[KXY_pair\x1b[m\x1b[K A, XY_pair B, float& X, float& Y);\n'}
[1.133361] (turtle_high_controller) StderrLine: {'line': b'      |                                                    \x1b[01;31m\x1b[K^~~~~~~\x1b[m\x1b[K\n'}
[1.133425] (turtle_high_controller) StderrLine: {'line': b'\x1b[01m\x1b[K/home/qianlab/single_turtle_workspace/dependencies/traveler_controller/include/controller/inverse_kinematics.h:35:63:\x1b[m\x1b[K \x1b[01;31m\x1b[Kerror: \x1b[m\x1b[K\xe2\x80\x98\x1b[01m\x1b[KXY_pair\x1b[m\x1b[K\xe2\x80\x99 has not been declared\n'}
[1.133490] (turtle_high_controller) StderrLine: {'line': b'   35 | void linearTraj(float t, float t_start, float vel, XY_pair A, \x1b[01;31m\x1b[KXY_pair\x1b[m\x1b[K B, float& X, float& Y);\n'}
[1.133555] (turtle_high_controller) StderrLine: {'line': b'      |                                                               \x1b[01;31m\x1b[K^~~~~~~\x1b[m\x1b[K\n'}
[1.133637] (turtle_high_controller) StderrLine: {'line': b'\x1b[01m\x1b[K/home/qianlab/single_turtle_workspace/dependencies/traveler_controller/include/controller/inverse_kinematics.h:38:41:\x1b[m\x1b[K \x1b[01;31m\x1b[Kerror: \x1b[m\x1b[K\xe2\x80\x98\x1b[01m\x1b[KXY_pair\x1b[m\x1b[K\xe2\x80\x99 has not been declared\n'}
[1.133704] (turtle_high_controller) StderrLine: {'line': b'   38 | bool linearTraj(float t_rel, float vel, \x1b[01;31m\x1b[KXY_pair\x1b[m\x1b[K A, XY_pair B, float& X, float& Y);\n'}
[1.133770] (turtle_high_controller) StderrLine: {'line': b'      |                                         \x1b[01;31m\x1b[K^~~~~~~\x1b[m\x1b[K\n'}
[1.133833] (turtle_high_controller) StderrLine: {'line': b'\x1b[01m\x1b[K/home/qianlab/single_turtle_workspace/dependencies/traveler_controller/include/controller/inverse_kinematics.h:38:52:\x1b[m\x1b[K \x1b[01;31m\x1b[Kerror: \x1b[m\x1b[K\xe2\x80\x98\x1b[01m\x1b[KXY_pair\x1b[m\x1b[K\xe2\x80\x99 has not been declared\n'}
[1.133897] (turtle_high_controller) StderrLine: {'line': b'   38 | bool linearTraj(float t_rel, float vel, XY_pair A, \x1b[01;31m\x1b[KXY_pair\x1b[m\x1b[K B, float& X, float& Y);\n'}
[1.133960] (turtle_high_controller) StderrLine: {'line': b'      |                                                    \x1b[01;31m\x1b[K^~~~~~~\x1b[m\x1b[K\n'}
[1.134023] (turtle_high_controller) StderrLine: {'line': b'\x1b[01m\x1b[K/home/qianlab/single_turtle_workspace/dependencies/traveler_controller/include/controller/inverse_kinematics.h:41:41:\x1b[m\x1b[K \x1b[01;31m\x1b[Kerror: \x1b[m\x1b[K\xe2\x80\x98\x1b[01m\x1b[KXY_pair\x1b[m\x1b[K\xe2\x80\x99 has not been declared\n'}
[1.134086] (turtle_high_controller) StderrLine: {'line': b'   41 | bool linearTraj(float t_rel, float vel, \x1b[01;31m\x1b[KXY_pair\x1b[m\x1b[K A, XY_pair B,\n'}
[1.134183] (turtle_high_controller) StderrLine: {'line': b'      |                                         \x1b[01;31m\x1b[K^~~~~~~\x1b[m\x1b[K\n'}
[1.134247] (turtle_high_controller) StderrLine: {'line': b'\x1b[01m\x1b[K/home/qianlab/single_turtle_workspace/dependencies/traveler_controller/include/controller/inverse_kinematics.h:41:52:\x1b[m\x1b[K \x1b[01;31m\x1b[Kerror: \x1b[m\x1b[K\xe2\x80\x98\x1b[01m\x1b[KXY_pair\x1b[m\x1b[K\xe2\x80\x99 has not been declared\n'}
[1.134317] (turtle_high_controller) StderrLine: {'line': b'   41 | bool linearTraj(float t_rel, float vel, XY_pair A, \x1b[01;31m\x1b[KXY_pair\x1b[m\x1b[K B,\n'}
[1.134386] (turtle_high_controller) StderrLine: {'line': b'      |                                                    \x1b[01;31m\x1b[K^~~~~~~\x1b[m\x1b[K\n'}
[1.134451] (turtle_high_controller) StderrLine: {'line': b'\x1b[01m\x1b[K/home/qianlab/single_turtle_workspace/dependencies/traveler_controller/include/controller/inverse_kinematics.h:42:17:\x1b[m\x1b[K \x1b[01;31m\x1b[Kerror: \x1b[m\x1b[K\xe2\x80\x98\x1b[01m\x1b[KXY_pair\x1b[m\x1b[K\xe2\x80\x99 has not been declared\n'}
[1.134516] (turtle_high_controller) StderrLine: {'line': b'   42 |                 \x1b[01;31m\x1b[KXY_pair\x1b[m\x1b[K ToeXY, float& X, float& Y, float threshold = 0.01f);\n'}
[1.134578] (turtle_high_controller) StderrLine: {'line': b'      |                 \x1b[01;31m\x1b[K^~~~~~~\x1b[m\x1b[K\n'}
[1.134646] (turtle_high_controller) StderrLine: {'line': b'\x1b[01m\x1b[K/home/qianlab/single_turtle_workspace/dependencies/traveler_controller/include/controller/inverse_kinematics.h:50:15:\x1b[m\x1b[K \x1b[01;31m\x1b[Kerror: \x1b[m\x1b[K\xe2\x80\x98\x1b[01m\x1b[Kbool clamp_XY\x1b[m\x1b[K\xe2\x80\x99 redeclared as different kind of entity\n'}
[1.134710] (turtle_high_controller) StderrLine: {'line': b'   50 | bool clamp_XY(\x1b[01;31m\x1b[KXY_pair\x1b[m\x1b[K& P, float L = 0.0f);\n'}
[1.134773] (turtle_high_controller) StderrLine: {'line': b'      |               \x1b[01;31m\x1b[K^~~~~~~\x1b[m\x1b[K\n'}
[1.134834] (turtle_high_controller) StderrLine: {'line': b'\x1b[01m\x1b[K/home/qianlab/single_turtle_workspace/dependencies/traveler_controller/include/controller/inverse_kinematics.h:49:6:\x1b[m\x1b[K \x1b[01;36m\x1b[Knote: \x1b[m\x1b[Kprevious declaration \xe2\x80\x98\x1b[01m\x1b[Kbool clamp_XY(float&, float&, float)\x1b[m\x1b[K\xe2\x80\x99\n'}
[1.134936] (turtle_high_controller) StderrLine: {'line': b'   49 | bool \x1b[01;36m\x1b[Kclamp_XY\x1b[m\x1b[K(float& x, float& y, float L = 0.0f);\n'}
[1.135002] (turtle_high_controller) StderrLine: {'line': b'      |      \x1b[01;36m\x1b[K^~~~~~~~\x1b[m\x1b[K\n'}
[1.135066] (turtle_high_controller) StderrLine: {'line': b'\x1b[01m\x1b[K/home/qianlab/single_turtle_workspace/dependencies/traveler_controller/include/controller/inverse_kinematics.h:50:15:\x1b[m\x1b[K \x1b[01;31m\x1b[Kerror: \x1b[m\x1b[K\xe2\x80\x98\x1b[01m\x1b[KXY_pair\x1b[m\x1b[K\xe2\x80\x99 was not declared in this scope\n'}
[1.135130] (turtle_high_controller) StderrLine: {'line': b'   50 | bool clamp_XY(\x1b[01;31m\x1b[KXY_pair\x1b[m\x1b[K& P, float L = 0.0f);\n'}
[1.135193] (turtle_high_controller) StderrLine: {'line': b'      |               \x1b[01;31m\x1b[K^~~~~~~\x1b[m\x1b[K\n'}
[1.135256] (turtle_high_controller) StderrLine: {'line': b'\x1b[01m\x1b[K/home/qianlab/single_turtle_workspace/dependencies/traveler_controller/include/controller/inverse_kinematics.h:50:24:\x1b[m\x1b[K \x1b[01;31m\x1b[Kerror: \x1b[m\x1b[K\xe2\x80\x98\x1b[01m\x1b[KP\x1b[m\x1b[K\xe2\x80\x99 was not declared in this scope\n'}
[1.135320] (turtle_high_controller) StderrLine: {'line': b'   50 | bool clamp_XY(XY_pair& \x1b[01;31m\x1b[KP\x1b[m\x1b[K, float L = 0.0f);\n'}
[1.135383] (turtle_high_controller) StderrLine: {'line': b'      |                        \x1b[01;31m\x1b[K^\x1b[m\x1b[K\n'}
[1.135445] (turtle_high_controller) StderrLine: {'line': b'\x1b[01m\x1b[K/home/qianlab/single_turtle_workspace/dependencies/traveler_controller/include/controller/inverse_kinematics.h:50:27:\x1b[m\x1b[K \x1b[01;31m\x1b[Kerror: \x1b[m\x1b[Kexpected primary-expression before \xe2\x80\x98\x1b[01m\x1b[Kfloat\x1b[m\x1b[K\xe2\x80\x99\n'}
[1.135636] (turtle_high_controller) StderrLine: {'line': b'   50 | bool clamp_XY(XY_pair& P, \x1b[01;31m\x1b[Kfloat\x1b[m\x1b[K L = 0.0f);\n'}
[1.135700] (turtle_high_controller) StderrLine: {'line': b'      |                           \x1b[01;31m\x1b[K^~~~~\x1b[m\x1b[K\n'}
[1.135790] (turtle_high_controller) StderrLine: {'line': b'In file included from \x1b[01m\x1b[K/home/qianlab/single_turtle_workspace/dependencies/traveler_controller/src/proxy/upperproxy.cpp:29\x1b[m\x1b[K:\n'}
[1.135855] (turtle_high_controller) StderrLine: {'line': b'\x1b[01m\x1b[K/home/qianlab/single_turtle_workspace/dependencies/traveler_controller/include/controller/inverse_kinematics.h:28:47:\x1b[m\x1b[K \x1b[01;31m\x1b[Kerror: \x1b[m\x1b[K\xe2\x80\x98\x1b[01m\x1b[KXY_pair\x1b[m\x1b[K\xe2\x80\x99 has not been declared\n'}
[1.135920] (turtle_high_controller) StderrLine: {'line': b'   28 | void abstractToPhysical(float L, float Theta, \x1b[01;31m\x1b[KXY_pair\x1b[m\x1b[K& point);\n'}
[1.135983] (turtle_high_controller) StderrLine: {'line': b'      |                                               \x1b[01;31m\x1b[K^~~~~~~\x1b[m\x1b[K\n'}
[1.136045] (turtle_high_controller) StderrLine: {'line': b'\x1b[01m\x1b[K/home/qianlab/single_turtle_workspace/dependencies/traveler_controller/include/controller/inverse_kinematics.h:35:52:\x1b[m\x1b[K \x1b[01;31m\x1b[Kerror: \x1b[m\x1b[K\xe2\x80\x98\x1b[01m\x1b[KXY_pair\x1b[m\x1b[K\xe2\x80\x99 has not been declared\n'}
[1.136136] (turtle_high_controller) StderrLine: {'line': b'   35 | void linearTraj(float t, float t_start, float vel, \x1b[01;31m\x1b[KXY_pair\x1b[m\x1b[K A, XY_pair B, float& X, float& Y);\n'}
[1.136202] (turtle_high_controller) StderrLine: {'line': b'      |                                                    \x1b[01;31m\x1b[K^~~~~~~\x1b[m\x1b[K\n'}
[1.136264] (turtle_high_controller) StderrLine: {'line': b'\x1b[01m\x1b[K/home/qianlab/single_turtle_workspace/dependencies/traveler_controller/include/controller/inverse_kinematics.h:35:63:\x1b[m\x1b[K \x1b[01;31m\x1b[Kerror: \x1b[m\x1b[K\xe2\x80\x98\x1b[01m\x1b[KXY_pair\x1b[m\x1b[K\xe2\x80\x99 has not been declared\n'}
[1.136334] (turtle_high_controller) StderrLine: {'line': b'   35 | void linearTraj(float t, float t_start, float vel, XY_pair A, \x1b[01;31m\x1b[KXY_pair\x1b[m\x1b[K B, float& X, float& Y);\n'}
[1.136397] (turtle_high_controller) StderrLine: {'line': b'      |                                                               \x1b[01;31m\x1b[K^~~~~~~\x1b[m\x1b[K\n'}
[1.136464] (turtle_high_controller) StderrLine: {'line': b'\x1b[01m\x1b[K/home/qianlab/single_turtle_workspace/dependencies/traveler_controller/include/controller/inverse_kinematics.h:38:41:\x1b[m\x1b[K \x1b[01;31m\x1b[Kerror: \x1b[m\x1b[K\xe2\x80\x98\x1b[01m\x1b[KXY_pair\x1b[m\x1b[K\xe2\x80\x99 has not been declared\n'}
[1.136568] (turtle_high_controller) StderrLine: {'line': b'   38 | bool linearTraj(float t_rel, float vel, \x1b[01;31m\x1b[KXY_pair\x1b[m\x1b[K A, XY_pair B, float& X, float& Y);\n'}
[1.136636] (turtle_high_controller) StderrLine: {'line': b'      |                                         \x1b[01;31m\x1b[K^~~~~~~\x1b[m\x1b[K\n'}
[1.136701] (turtle_high_controller) StderrLine: {'line': b'\x1b[01m\x1b[K/home/qianlab/single_turtle_workspace/dependencies/traveler_controller/include/controller/inverse_kinematics.h:38:52:\x1b[m\x1b[K \x1b[01;31m\x1b[Kerror: \x1b[m\x1b[K\xe2\x80\x98\x1b[01m\x1b[KXY_pair\x1b[m\x1b[K\xe2\x80\x99 has not been declared\n'}
[1.136768] (turtle_high_controller) StderrLine: {'line': b'   38 | bool linearTraj(float t_rel, float vel, XY_pair A, \x1b[01;31m\x1b[KXY_pair\x1b[m\x1b[K B, float& X, float& Y);\n'}
[1.136831] (turtle_high_controller) StderrLine: {'line': b'      |                                                    \x1b[01;31m\x1b[K^~~~~~~\x1b[m\x1b[K\n'}
[1.136893] (turtle_high_controller) StderrLine: {'line': b'\x1b[01m\x1b[K/home/qianlab/single_turtle_workspace/dependencies/traveler_controller/include/controller/inverse_kinematics.h:41:41:\x1b[m\x1b[K \x1b[01;31m\x1b[Kerror: \x1b[m\x1b[K\xe2\x80\x98\x1b[01m\x1b[KXY_pair\x1b[m\x1b[K\xe2\x80\x99 has not been declared\n'}
[1.136956] (turtle_high_controller) StderrLine: {'line': b'   41 | bool linearTraj(float t_rel, float vel, \x1b[01;31m\x1b[KXY_pair\x1b[m\x1b[K A, XY_pair B,\n'}
[1.137041] (turtle_high_controller) StderrLine: {'line': b'      |                                         \x1b[01;31m\x1b[K^~~~~~~\x1b[m\x1b[K\n'}
[1.137109] (turtle_high_controller) StderrLine: {'line': b'\x1b[01m\x1b[K/home/qianlab/single_turtle_workspace/dependencies/traveler_controller/include/controller/inverse_kinematics.h:41:52:\x1b[m\x1b[K \x1b[01;31m\x1b[Kerror: \x1b[m\x1b[K\xe2\x80\x98\x1b[01m\x1b[KXY_pair\x1b[m\x1b[K\xe2\x80\x99 has not been declared\n'}
[1.137174] (turtle_high_controller) StderrLine: {'line': b'   41 | bool linearTraj(float t_rel, float vel, XY_pair A, \x1b[01;31m\x1b[KXY_pair\x1b[m\x1b[K B,\n'}
[1.137239] (turtle_high_controller) StderrLine: {'line': b'      |                                                    \x1b[01;31m\x1b[K^~~~~~~\x1b[m\x1b[K\n'}
[1.137301] (turtle_high_controller) StderrLine: {'line': b'\x1b[01m\x1b[K/home/qianlab/single_turtle_workspace/dependencies/traveler_controller/include/controller/inverse_kinematics.h:42:17:\x1b[m\x1b[K \x1b[01;31m\x1b[Kerror: \x1b[m\x1b[K\xe2\x80\x98\x1b[01m\x1b[KXY_pair\x1b[m\x1b[K\xe2\x80\x99 has not been declared\n'}
[1.137364] (turtle_high_controller) StderrLine: {'line': b'   42 |                 \x1b[01;31m\x1b[KXY_pair\x1b[m\x1b[K ToeXY, float& X, float& Y, float threshold = 0.01f);\n'}
[1.137427] (turtle_high_controller) StderrLine: {'line': b'      |                 \x1b[01;31m\x1b[K^~~~~~~\x1b[m\x1b[K\n'}
[1.137488] (turtle_high_controller) StderrLine: {'line': b'\x1b[01m\x1b[K/home/qianlab/single_turtle_workspace/dependencies/traveler_controller/include/controller/inverse_kinematics.h:50:15:\x1b[m\x1b[K \x1b[01;31m\x1b[Kerror: \x1b[m\x1b[K\xe2\x80\x98\x1b[01m\x1b[Kbool turtle_namespace::control::clamp_XY\x1b[m\x1b[K\xe2\x80\x99 redeclared as different kind of entity\n'}
[1.137552] (turtle_high_controller) StderrLine: {'line': b'   50 | bool clamp_XY(\x1b[01;31m\x1b[KXY_pair\x1b[m\x1b[K& P, float L = 0.0f);\n'}
[1.137618] (turtle_high_controller) StderrLine: {'line': b'      |               \x1b[01;31m\x1b[K^~~~~~~\x1b[m\x1b[K\n'}
[1.137680] (turtle_high_controller) StderrLine: {'line': b'\x1b[01m\x1b[K/home/qianlab/single_turtle_workspace/dependencies/traveler_controller/include/controller/inverse_kinematics.h:49:6:\x1b[m\x1b[K \x1b[01;36m\x1b[Knote: \x1b[m\x1b[Kprevious declaration \xe2\x80\x98\x1b[01m\x1b[Kbool turtle_namespace::control::clamp_XY(float&, float&, float)\x1b[m\x1b[K\xe2\x80\x99\n'}
[1.137791] (turtle_high_controller) StderrLine: {'line': b'   49 | bool \x1b[01;36m\x1b[Kclamp_XY\x1b[m\x1b[K(float& x, float& y, float L = 0.0f);\n'}
[1.137855] (turtle_high_controller) StderrLine: {'line': b'      |      \x1b[01;36m\x1b[K^~~~~~~~\x1b[m\x1b[K\n'}
[1.137916] (turtle_high_controller) StderrLine: {'line': b'\x1b[01m\x1b[K/home/qianlab/single_turtle_workspace/dependencies/traveler_controller/include/controller/inverse_kinematics.h:53:16:\x1b[m\x1b[K \x1b[01;31m\x1b[Kerror: \x1b[m\x1b[K\xe2\x80\x98\x1b[01m\x1b[KXY_pair\x1b[m\x1b[K\xe2\x80\x99 was not declared in this scope\n'}
[1.137980] (turtle_high_controller) StderrLine: {'line': b'   53 | float distance(\x1b[01;31m\x1b[KXY_pair\x1b[m\x1b[K A, XY_pair B);\n'}
[1.138042] (turtle_high_controller) StderrLine: {'line': b'      |                \x1b[01;31m\x1b[K^~~~~~~\x1b[m\x1b[K\n'}
[1.138104] (turtle_high_controller) StderrLine: {'line': b'\x1b[01m\x1b[K/home/qianlab/single_turtle_workspace/dependencies/traveler_controller/include/controller/inverse_kinematics.h:53:27:\x1b[m\x1b[K \x1b[01;31m\x1b[Kerror: \x1b[m\x1b[K\xe2\x80\x98\x1b[01m\x1b[KXY_pair\x1b[m\x1b[K\xe2\x80\x99 was not declared in this scope\n'}
[1.138171] (turtle_high_controller) StderrLine: {'line': b'   53 | float distance(XY_pair A, \x1b[01;31m\x1b[KXY_pair\x1b[m\x1b[K B);\n'}
[1.138232] (turtle_high_controller) StderrLine: {'line': b'      |                           \x1b[01;31m\x1b[K^~~~~~~\x1b[m\x1b[K\n'}
[1.138294] (turtle_high_controller) StderrLine: {'line': b'\x1b[01m\x1b[K/home/qianlab/single_turtle_workspace/dependencies/traveler_controller/include/controller/inverse_kinematics.h:53:36:\x1b[m\x1b[K \x1b[01;31m\x1b[Kerror: \x1b[m\x1b[Kexpression list treated as compound expression in initializer [\x1b[01;31m\x1b[K-fpermissive\x1b[m\x1b[K]\n'}
[1.138356] (turtle_high_controller) StderrLine: {'line': b'   53 | float distance(XY_pair A, XY_pair B\x1b[01;31m\x1b[K)\x1b[m\x1b[K;\n'}
[1.138417] (turtle_high_controller) StderrLine: {'line': b'      |                                    \x1b[01;31m\x1b[K^\x1b[m\x1b[K\n'}
[1.138480] (turtle_high_controller) StderrLine: {'line': b'\x1b[01m\x1b[K/home/qianlab/single_turtle_workspace/dependencies/traveler_controller/include/controller/inverse_kinematics.h:50:15:\x1b[m\x1b[K \x1b[01;31m\x1b[Kerror: \x1b[m\x1b[K\xe2\x80\x98\x1b[01m\x1b[KXY_pair\x1b[m\x1b[K\xe2\x80\x99 was not declared in this scope\n'}
[1.138567] (turtle_high_controller) StderrLine: {'line': b'   50 | bool clamp_XY(\x1b[01;31m\x1b[KXY_pair\x1b[m\x1b[K& P, float L = 0.0f);\n'}
[1.138631] (turtle_high_controller) StderrLine: {'line': b'      |               \x1b[01;31m\x1b[K^~~~~~~\x1b[m\x1b[K\n'}
[1.138694] (turtle_high_controller) StderrLine: {'line': b'\x1b[01m\x1b[K/home/qianlab/single_turtle_workspace/dependencies/traveler_controller/include/controller/inverse_kinematics.h:50:24:\x1b[m\x1b[K \x1b[01;31m\x1b[Kerror: \x1b[m\x1b[K\xe2\x80\x98\x1b[01m\x1b[KP\x1b[m\x1b[K\xe2\x80\x99 was not declared in this scope\n'}
[1.138762] (turtle_high_controller) StderrLine: {'line': b'   50 | bool clamp_XY(XY_pair& \x1b[01;31m\x1b[KP\x1b[m\x1b[K, float L = 0.0f);\n'}
[1.138825] (turtle_high_controller) StderrLine: {'line': b'      |                        \x1b[01;31m\x1b[K^\x1b[m\x1b[K\n'}
[1.138889] (turtle_high_controller) StderrLine: {'line': b'\x1b[01m\x1b[K/home/qianlab/single_turtle_workspace/dependencies/traveler_controller/include/controller/inverse_kinematics.h:50:27:\x1b[m\x1b[K \x1b[01;31m\x1b[Kerror: \x1b[m\x1b[Kexpected primary-expression before \xe2\x80\x98\x1b[01m\x1b[Kfloat\x1b[m\x1b[K\xe2\x80\x99\n'}
[1.138958] (turtle_high_controller) StderrLine: {'line': b'   50 | bool clamp_XY(XY_pair& P, \x1b[01;31m\x1b[Kfloat\x1b[m\x1b[K L = 0.0f);\n'}
[1.139022] (turtle_high_controller) StderrLine: {'line': b'      |                           \x1b[01;31m\x1b[K^~~~~\x1b[m\x1b[K\n'}
[1.139083] (turtle_high_controller) StderrLine: {'line': b'\x1b[01m\x1b[K/home/qianlab/single_turtle_workspace/dependencies/traveler_controller/include/controller/inverse_kinematics.h:53:16:\x1b[m\x1b[K \x1b[01;31m\x1b[Kerror: \x1b[m\x1b[K\xe2\x80\x98\x1b[01m\x1b[KXY_pair\x1b[m\x1b[K\xe2\x80\x99 was not declared in this scope\n'}
[1.139147] (turtle_high_controller) StderrLine: {'line': b'   53 | float distance(\x1b[01;31m\x1b[KXY_pair\x1b[m\x1b[K A, XY_pair B);\n'}
[1.139210] (turtle_high_controller) StderrLine: {'line': b'      |                \x1b[01;31m\x1b[K^~~~~~~\x1b[m\x1b[K\n'}
[1.139305] (turtle_high_controller) StderrLine: {'line': b'\x1b[01m\x1b[K/home/qianlab/single_turtle_workspace/dependencies/traveler_controller/include/controller/inverse_kinematics.h:53:27:\x1b[m\x1b[K \x1b[01;31m\x1b[Kerror: \x1b[m\x1b[K\xe2\x80\x98\x1b[01m\x1b[KXY_pair\x1b[m\x1b[K\xe2\x80\x99 was not declared in this scope\n'}
[1.139372] (turtle_high_controller) StderrLine: {'line': b'   53 | float distance(XY_pair A, \x1b[01;31m\x1b[KXY_pair\x1b[m\x1b[K B);\n'}
[1.139433] (turtle_high_controller) StderrLine: {'line': b'      |                           \x1b[01;31m\x1b[K^~~~~~~\x1b[m\x1b[K\n'}
[1.139495] (turtle_high_controller) StderrLine: {'line': b'\x1b[01m\x1b[K/home/qianlab/single_turtle_workspace/dependencies/traveler_controller/include/controller/inverse_kinematics.h:53:36:\x1b[m\x1b[K \x1b[01;31m\x1b[Kerror: \x1b[m\x1b[Kexpression list treated as compound expression in initializer [\x1b[01;31m\x1b[K-fpermissive\x1b[m\x1b[K]\n'}
[1.139558] (turtle_high_controller) StderrLine: {'line': b'   53 | float distance(XY_pair A, XY_pair B\x1b[01;31m\x1b[K)\x1b[m\x1b[K;\n'}
[1.139621] (turtle_high_controller) StderrLine: {'line': b'      |                                    \x1b[01;31m\x1b[K^\x1b[m\x1b[K\n'}
[1.141231] (turtle_high_controller) StderrLine: {'line': b'\x1b[01m\x1b[K/home/qianlab/single_turtle_workspace/dependencies/traveler_controller/src/proxy/upperproxy.cpp:\x1b[m\x1b[K In member function \xe2\x80\x98\x1b[01m\x1b[Kvoid turtle_namespace::control::upperproxy::handle_gui(std_msgs::msg::Float64MultiArray_<std::allocator<void> >::SharedPtr)\x1b[m\x1b[K\xe2\x80\x99:\n'}
[1.141352] (turtle_high_controller) StderrLine: {'line': b'\x1b[01m\x1b[K/home/qianlab/single_turtle_workspace/dependencies/traveler_controller/src/proxy/upperproxy.cpp:38:29:\x1b[m\x1b[K \x1b[01;31m\x1b[Kerror: \x1b[m\x1b[K\xe2\x80\x98\x1b[01m\x1b[Kstruct TrajectoryData\x1b[m\x1b[K\xe2\x80\x99 has no member named \xe2\x80\x98\x1b[01m\x1b[Kwiggle_time\x1b[m\x1b[K\xe2\x80\x99\n'}
[1.141416] (turtle_high_controller) StderrLine: {'line': b'   38 |     turtle_inter_.traj_data.\x1b[01;31m\x1b[Kwiggle_time\x1b[m\x1b[K        = msg->data[4];\n'}
[1.141479] (turtle_high_controller) StderrLine: {'line': b'      |                             \x1b[01;31m\x1b[K^~~~~~~~~~~\x1b[m\x1b[K\n'}
[1.141542] (turtle_high_controller) StderrLine: {'line': b'\x1b[01m\x1b[K/home/qianlab/single_turtle_workspace/dependencies/traveler_controller/src/proxy/upperproxy.cpp:41:29:\x1b[m\x1b[K \x1b[01;31m\x1b[Kerror: \x1b[m\x1b[K\xe2\x80\x98\x1b[01m\x1b[Kstruct TrajectoryData\x1b[m\x1b[K\xe2\x80\x99 has no member named \xe2\x80\x98\x1b[01m\x1b[Kwiggle_frequency\x1b[m\x1b[K\xe2\x80\x99\n'}
[1.141605] (turtle_high_controller) StderrLine: {'line': b'   41 |     turtle_inter_.traj_data.\x1b[01;31m\x1b[Kwiggle_frequency\x1b[m\x1b[K   = msg->data[7];\n'}
[1.141667] (turtle_high_controller) StderrLine: {'line': b'      |                             \x1b[01;31m\x1b[K^~~~~~~~~~~~~~~~\x1b[m\x1b[K\n'}
[1.141728] (turtle_high_controller) StderrLine: {'line': b'\x1b[01m\x1b[K/home/qianlab/single_turtle_workspace/dependencies/traveler_controller/src/proxy/upperproxy.cpp:43:29:\x1b[m\x1b[K \x1b[01;31m\x1b[Kerror: \x1b[m\x1b[K\xe2\x80\x98\x1b[01m\x1b[Kstruct TrajectoryData\x1b[m\x1b[K\xe2\x80\x99 has no member named \xe2\x80\x98\x1b[01m\x1b[Kwiggle_amptitude\x1b[m\x1b[K\xe2\x80\x99\n'}
[1.141796] (turtle_high_controller) StderrLine: {'line': b'   43 |     turtle_inter_.traj_data.\x1b[01;31m\x1b[Kwiggle_amptitude\x1b[m\x1b[K   = msg->data[9];\n'}
[1.141861] (turtle_high_controller) StderrLine: {'line': b'      |                             \x1b[01;31m\x1b[K^~~~~~~~~~~~~~~~\x1b[m\x1b[K\n'}
[1.176158] (turtle_high_controller) StderrLine: {'line': b'\x1b[01m\x1b[K/home/qianlab/single_turtle_workspace/dependencies/traveler_controller/src/proxy/lowerproxy.cpp:\x1b[m\x1b[K In member function \xe2\x80\x98\x1b[01m\x1b[Kvoid turtle_namespace::control::lowerproxy::calculate_position(turtle&)\x1b[m\x1b[K\xe2\x80\x99:\n'}
[1.176346] (turtle_high_controller) StderrLine: {'line': b'\x1b[01m\x1b[K/home/qianlab/single_turtle_workspace/dependencies/traveler_controller/src/proxy/lowerproxy.cpp:35:45:\x1b[m\x1b[K \x1b[01;35m\x1b[Kwarning: \x1b[m\x1b[Kunused parameter \xe2\x80\x98\x1b[01m\x1b[Kturtle_\x1b[m\x1b[K\xe2\x80\x99 [\x1b[01;35m\x1b[K-Wunused-parameter\x1b[m\x1b[K]\n'}
[1.176418] (turtle_high_controller) StderrLine: {'line': b'   35 | void lowerproxy::calculate_position(\x1b[01;35m\x1b[Kturtle &turtle_\x1b[m\x1b[K) {\n'}
[1.176484] (turtle_high_controller) StderrLine: {'line': b'      |                                     \x1b[01;35m\x1b[K~~~~~~~~^~~~~~~\x1b[m\x1b[K\n'}
[1.202896] (-) TimerEvent: {}
[1.303319] (-) TimerEvent: {}
[1.403698] (-) TimerEvent: {}
[1.470333] (turtle_high_controller) StderrLine: {'line': b'In file included from \x1b[01m\x1b[K/home/qianlab/single_turtle_workspace/dependencies/traveler_controller/include/main.h:13\x1b[m\x1b[K,\n'}
[1.470525] (turtle_high_controller) StderrLine: {'line': b'                 from \x1b[01m\x1b[K/home/qianlab/single_turtle_workspace/dependencies/traveler_controller/src/main.cpp:8\x1b[m\x1b[K:\n'}
[1.470609] (turtle_high_controller) StderrLine: {'line': b'\x1b[01m\x1b[K/home/qianlab/single_turtle_workspace/dependencies/traveler_controller/include/proxy/lowerproxy.h:97:17:\x1b[m\x1b[K \x1b[01;31m\x1b[Kerror: \x1b[m\x1b[K\xe2\x80\x98\x1b[01m\x1b[KTrajectoryPoint\x1b[m\x1b[K\xe2\x80\x99 was not declared in this scope; did you mean \xe2\x80\x98\x1b[01m\x1b[KTrajectoryData\x1b[m\x1b[K\xe2\x80\x99?\n'}
[1.470679] (turtle_high_controller) StderrLine: {'line': b'   97 |     std::vector<\x1b[01;31m\x1b[KTrajectoryPoint\x1b[m\x1b[K> precomputed_;\n'}
[1.470744] (turtle_high_controller) StderrLine: {'line': b'      |                 \x1b[01;31m\x1b[K^~~~~~~~~~~~~~~\x1b[m\x1b[K\n'}
[1.470806] (turtle_high_controller) StderrLine: {'line': b'      |                 \x1b[32m\x1b[KTrajectoryData\x1b[m\x1b[K\n'}
[1.470867] (turtle_high_controller) StderrLine: {'line': b'\x1b[01m\x1b[K/home/qianlab/single_turtle_workspace/dependencies/traveler_controller/include/proxy/lowerproxy.h:97:32:\x1b[m\x1b[K \x1b[01;31m\x1b[Kerror: \x1b[m\x1b[Ktemplate argument 1 is invalid\n'}
[1.470938] (turtle_high_controller) StderrLine: {'line': b'   97 |     std::vector<TrajectoryPoint\x1b[01;31m\x1b[K>\x1b[m\x1b[K precomputed_;\n'}
[1.471001] (turtle_high_controller) StderrLine: {'line': b'      |                                \x1b[01;31m\x1b[K^\x1b[m\x1b[K\n'}
[1.471062] (turtle_high_controller) StderrLine: {'line': b'\x1b[01m\x1b[K/home/qianlab/single_turtle_workspace/dependencies/traveler_controller/include/proxy/lowerproxy.h:97:32:\x1b[m\x1b[K \x1b[01;31m\x1b[Kerror: \x1b[m\x1b[Ktemplate argument 2 is invalid\n'}
[1.500858] (turtle_high_controller) StderrLine: {'line': b'In file included from \x1b[01m\x1b[K/home/qianlab/single_turtle_workspace/dependencies/traveler_controller/include/controller/trajectories_parser.h:10\x1b[m\x1b[K,\n'}
[1.501071] (turtle_high_controller) StderrLine: {'line': b'                 from \x1b[01m\x1b[K/home/qianlab/single_turtle_workspace/dependencies/traveler_controller/src/main.cpp:10\x1b[m\x1b[K:\n'}
[1.501224] (turtle_high_controller) StderrLine: {'line': b'\x1b[01m\x1b[K/home/qianlab/single_turtle_workspace/dependencies/traveler_controller/include/controller/inverse_kinematics.h:28:47:\x1b[m\x1b[K \x1b[01;31m\x1b[Kerror: \x1b[m\x1b[K\xe2\x80\x98\x1b[01m\x1b[KXY_pair\x1b[m\x1b[K\xe2\x80\x99 has not been declared\n'}
[1.501363] (turtle_high_controller) StderrLine: {'line': b'   28 | void abstractToPhysical(float L, float Theta, \x1b[01;31m\x1b[KXY_pair\x1b[m\x1b[K& point);\n'}
[1.501432] (turtle_high_controller) StderrLine: {'line': b'      |                                               \x1b[01;31m\x1b[K^~~~~~~\x1b[m\x1b[K\n'}
[1.501497] (turtle_high_controller) StderrLine: {'line': b'\x1b[01m\x1b[K/home/qianlab/single_turtle_workspace/dependencies/traveler_controller/include/controller/inverse_kinematics.h:35:52:\x1b[m\x1b[K \x1b[01;31m\x1b[Kerror: \x1b[m\x1b[K\xe2\x80\x98\x1b[01m\x1b[KXY_pair\x1b[m\x1b[K\xe2\x80\x99 has not been declared\n'}
[1.501563] (turtle_high_controller) StderrLine: {'line': b'   35 | void linearTraj(float t, float t_start, float vel, \x1b[01;31m\x1b[KXY_pair\x1b[m\x1b[K A, XY_pair B, float& X, float& Y);\n'}
[1.501625] (turtle_high_controller) StderrLine: {'line': b'      |                                                    \x1b[01;31m\x1b[K^~~~~~~\x1b[m\x1b[K\n'}
[1.501688] (turtle_high_controller) StderrLine: {'line': b'\x1b[01m\x1b[K/home/qianlab/single_turtle_workspace/dependencies/traveler_controller/include/controller/inverse_kinematics.h:35:63:\x1b[m\x1b[K \x1b[01;31m\x1b[Kerror: \x1b[m\x1b[K\xe2\x80\x98\x1b[01m\x1b[KXY_pair\x1b[m\x1b[K\xe2\x80\x99 has not been declared\n'}
[1.501751] (turtle_high_controller) StderrLine: {'line': b'   35 | void linearTraj(float t, float t_start, float vel, XY_pair A, \x1b[01;31m\x1b[KXY_pair\x1b[m\x1b[K B, float& X, float& Y);\n'}
[1.501815] (turtle_high_controller) StderrLine: {'line': b'      |                                                               \x1b[01;31m\x1b[K^~~~~~~\x1b[m\x1b[K\n'}
[1.501878] (turtle_high_controller) StderrLine: {'line': b'\x1b[01m\x1b[K/home/qianlab/single_turtle_workspace/dependencies/traveler_controller/include/controller/inverse_kinematics.h:38:41:\x1b[m\x1b[K \x1b[01;31m\x1b[Kerror: \x1b[m\x1b[K\xe2\x80\x98\x1b[01m\x1b[KXY_pair\x1b[m\x1b[K\xe2\x80\x99 has not been declared\n'}
[1.501941] (turtle_high_controller) StderrLine: {'line': b'   38 | bool linearTraj(float t_rel, float vel, \x1b[01;31m\x1b[KXY_pair\x1b[m\x1b[K A, XY_pair B, float& X, float& Y);\n'}
[1.502008] (turtle_high_controller) StderrLine: {'line': b'      |                                         \x1b[01;31m\x1b[K^~~~~~~\x1b[m\x1b[K\n'}
[1.502073] (turtle_high_controller) StderrLine: {'line': b'\x1b[01m\x1b[K/home/qianlab/single_turtle_workspace/dependencies/traveler_controller/include/controller/inverse_kinematics.h:38:52:\x1b[m\x1b[K \x1b[01;31m\x1b[Kerror: \x1b[m\x1b[K\xe2\x80\x98\x1b[01m\x1b[KXY_pair\x1b[m\x1b[K\xe2\x80\x99 has not been declared\n'}
[1.502143] (turtle_high_controller) StderrLine: {'line': b'   38 | bool linearTraj(float t_rel, float vel, XY_pair A, \x1b[01;31m\x1b[KXY_pair\x1b[m\x1b[K B, float& X, float& Y);\n'}
[1.502207] (turtle_high_controller) StderrLine: {'line': b'      |                                                    \x1b[01;31m\x1b[K^~~~~~~\x1b[m\x1b[K\n'}
[1.502270] (turtle_high_controller) StderrLine: {'line': b'\x1b[01m\x1b[K/home/qianlab/single_turtle_workspace/dependencies/traveler_controller/include/controller/inverse_kinematics.h:41:41:\x1b[m\x1b[K \x1b[01;31m\x1b[Kerror: \x1b[m\x1b[K\xe2\x80\x98\x1b[01m\x1b[KXY_pair\x1b[m\x1b[K\xe2\x80\x99 has not been declared\n'}
[1.502334] (turtle_high_controller) StderrLine: {'line': b'   41 | bool linearTraj(float t_rel, float vel, \x1b[01;31m\x1b[KXY_pair\x1b[m\x1b[K A, XY_pair B,\n'}
[1.502396] (turtle_high_controller) StderrLine: {'line': b'      |                                         \x1b[01;31m\x1b[K^~~~~~~\x1b[m\x1b[K\n'}
[1.502458] (turtle_high_controller) StderrLine: {'line': b'\x1b[01m\x1b[K/home/qianlab/single_turtle_workspace/dependencies/traveler_controller/include/controller/inverse_kinematics.h:41:52:\x1b[m\x1b[K \x1b[01;31m\x1b[Kerror: \x1b[m\x1b[K\xe2\x80\x98\x1b[01m\x1b[KXY_pair\x1b[m\x1b[K\xe2\x80\x99 has not been declared\n'}
[1.502531] (turtle_high_controller) StderrLine: {'line': b'   41 | bool linearTraj(float t_rel, float vel, XY_pair A, \x1b[01;31m\x1b[KXY_pair\x1b[m\x1b[K B,\n'}
[1.502594] (turtle_high_controller) StderrLine: {'line': b'      |                                                    \x1b[01;31m\x1b[K^~~~~~~\x1b[m\x1b[K\n'}
[1.502658] (turtle_high_controller) StderrLine: {'line': b'\x1b[01m\x1b[K/home/qianlab/single_turtle_workspace/dependencies/traveler_controller/include/controller/inverse_kinematics.h:42:17:\x1b[m\x1b[K \x1b[01;31m\x1b[Kerror: \x1b[m\x1b[K\xe2\x80\x98\x1b[01m\x1b[KXY_pair\x1b[m\x1b[K\xe2\x80\x99 has not been declared\n'}
[1.502722] (turtle_high_controller) StderrLine: {'line': b'   42 |                 \x1b[01;31m\x1b[KXY_pair\x1b[m\x1b[K ToeXY, float& X, float& Y, float threshold = 0.01f);\n'}
[1.502786] (turtle_high_controller) StderrLine: {'line': b'      |                 \x1b[01;31m\x1b[K^~~~~~~\x1b[m\x1b[K\n'}
[1.502851] (turtle_high_controller) StderrLine: {'line': b'\x1b[01m\x1b[K/home/qianlab/single_turtle_workspace/dependencies/traveler_controller/include/controller/inverse_kinematics.h:50:15:\x1b[m\x1b[K \x1b[01;31m\x1b[Kerror: \x1b[m\x1b[K\xe2\x80\x98\x1b[01m\x1b[Kbool clamp_XY\x1b[m\x1b[K\xe2\x80\x99 redeclared as different kind of entity\n'}
[1.502919] (turtle_high_controller) StderrLine: {'line': b'   50 | bool clamp_XY(\x1b[01;31m\x1b[KXY_pair\x1b[m\x1b[K& P, float L = 0.0f);\n'}
[1.502983] (turtle_high_controller) StderrLine: {'line': b'      |               \x1b[01;31m\x1b[K^~~~~~~\x1b[m\x1b[K\n'}
[1.503088] (turtle_high_controller) StderrLine: {'line': b'\x1b[01m\x1b[K/home/qianlab/single_turtle_workspace/dependencies/traveler_controller/include/controller/inverse_kinematics.h:49:6:\x1b[m\x1b[K \x1b[01;36m\x1b[Knote: \x1b[m\x1b[Kprevious declaration \xe2\x80\x98\x1b[01m\x1b[Kbool clamp_XY(float&, float&, float)\x1b[m\x1b[K\xe2\x80\x99\n'}
[1.503160] (turtle_high_controller) StderrLine: {'line': b'   49 | bool \x1b[01;36m\x1b[Kclamp_XY\x1b[m\x1b[K(float& x, float& y, float L = 0.0f);\n'}
[1.503223] (turtle_high_controller) StderrLine: {'line': b'      |      \x1b[01;36m\x1b[K^~~~~~~~\x1b[m\x1b[K\n'}
[1.503286] (turtle_high_controller) StderrLine: {'line': b'\x1b[01m\x1b[K/home/qianlab/single_turtle_workspace/dependencies/traveler_controller/include/controller/inverse_kinematics.h:50:15:\x1b[m\x1b[K \x1b[01;31m\x1b[Kerror: \x1b[m\x1b[K\xe2\x80\x98\x1b[01m\x1b[KXY_pair\x1b[m\x1b[K\xe2\x80\x99 was not declared in this scope\n'}
[1.503350] (turtle_high_controller) StderrLine: {'line': b'   50 | bool clamp_XY(\x1b[01;31m\x1b[KXY_pair\x1b[m\x1b[K& P, float L = 0.0f);\n'}
[1.503417] (turtle_high_controller) StderrLine: {'line': b'      |               \x1b[01;31m\x1b[K^~~~~~~\x1b[m\x1b[K\n'}
[1.503734] (turtle_high_controller) StderrLine: {'line': b'\x1b[01m\x1b[K/home/qianlab/single_turtle_workspace/dependencies/traveler_controller/include/controller/inverse_kinematics.h:50:24:\x1b[m\x1b[K \x1b[01;31m\x1b[Kerror: \x1b[m\x1b[K\xe2\x80\x98\x1b[01m\x1b[KP\x1b[m\x1b[K\xe2\x80\x99 was not declared in this scope\n'}
[1.503804] (-) TimerEvent: {}
[1.503907] (turtle_high_controller) StderrLine: {'line': b'   50 | bool clamp_XY(XY_pair& \x1b[01;31m\x1b[KP\x1b[m\x1b[K, float L = 0.0f);\n'}
[1.503982] (turtle_high_controller) StderrLine: {'line': b'      |                        \x1b[01;31m\x1b[K^\x1b[m\x1b[K\n'}
[1.504049] (turtle_high_controller) StderrLine: {'line': b'\x1b[01m\x1b[K/home/qianlab/single_turtle_workspace/dependencies/traveler_controller/include/controller/inverse_kinematics.h:50:27:\x1b[m\x1b[K \x1b[01;31m\x1b[Kerror: \x1b[m\x1b[Kexpected primary-expression before \xe2\x80\x98\x1b[01m\x1b[Kfloat\x1b[m\x1b[K\xe2\x80\x99\n'}
[1.504138] (turtle_high_controller) StderrLine: {'line': b'   50 | bool clamp_XY(XY_pair& P, \x1b[01;31m\x1b[Kfloat\x1b[m\x1b[K L = 0.0f);\n'}
[1.504206] (turtle_high_controller) StderrLine: {'line': b'      |                           \x1b[01;31m\x1b[K^~~~~\x1b[m\x1b[K\n'}
[1.505093] (turtle_high_controller) StderrLine: {'line': b'\x1b[01m\x1b[K/home/qianlab/single_turtle_workspace/dependencies/traveler_controller/include/controller/inverse_kinematics.h:53:16:\x1b[m\x1b[K \x1b[01;31m\x1b[Kerror: \x1b[m\x1b[K\xe2\x80\x98\x1b[01m\x1b[KXY_pair\x1b[m\x1b[K\xe2\x80\x99 was not declared in this scope\n'}
[1.505206] (turtle_high_controller) StderrLine: {'line': b'   53 | float distance(\x1b[01;31m\x1b[KXY_pair\x1b[m\x1b[K A, XY_pair B);\n'}
[1.505273] (turtle_high_controller) StderrLine: {'line': b'      |                \x1b[01;31m\x1b[K^~~~~~~\x1b[m\x1b[K\n'}
[1.506587] (turtle_high_controller) StderrLine: {'line': b'\x1b[01m\x1b[K/home/qianlab/single_turtle_workspace/dependencies/traveler_controller/include/controller/inverse_kinematics.h:53:27:\x1b[m\x1b[K \x1b[01;31m\x1b[Kerror: \x1b[m\x1b[K\xe2\x80\x98\x1b[01m\x1b[KXY_pair\x1b[m\x1b[K\xe2\x80\x99 was not declared in this scope\n'}
[1.506663] (turtle_high_controller) StderrLine: {'line': b'   53 | float distance(XY_pair A, \x1b[01;31m\x1b[KXY_pair\x1b[m\x1b[K B);\n'}
[1.506726] (turtle_high_controller) StderrLine: {'line': b'      |                           \x1b[01;31m\x1b[K^~~~~~~\x1b[m\x1b[K\n'}
[1.506788] (turtle_high_controller) StderrLine: {'line': b'\x1b[01m\x1b[K/home/qianlab/single_turtle_workspace/dependencies/traveler_controller/include/controller/inverse_kinematics.h:53:36:\x1b[m\x1b[K \x1b[01;31m\x1b[Kerror: \x1b[m\x1b[Kexpression list treated as compound expression in initializer [\x1b[01;31m\x1b[K-fpermissive\x1b[m\x1b[K]\n'}
[1.506853] (turtle_high_controller) StderrLine: {'line': b'   53 | float distance(XY_pair A, XY_pair B\x1b[01;31m\x1b[K)\x1b[m\x1b[K;\n'}
[1.506916] (turtle_high_controller) StderrLine: {'line': b'      |                                    \x1b[01;31m\x1b[K^\x1b[m\x1b[K\n'}
[1.508877] (turtle_high_controller) StderrLine: {'line': b'In file included from \x1b[01m\x1b[K/home/qianlab/single_turtle_workspace/dependencies/traveler_controller/src/main.cpp:10\x1b[m\x1b[K:\n'}
[1.508956] (turtle_high_controller) StderrLine: {'line': b'\x1b[01m\x1b[K/home/qianlab/single_turtle_workspace/dependencies/traveler_controller/include/controller/trajectories_parser.h:86:17:\x1b[m\x1b[K \x1b[01;31m\x1b[Kerror: \x1b[m\x1b[K\xe2\x80\x98\x1b[01m\x1b[KWaypoint\x1b[m\x1b[K\xe2\x80\x99 was not declared in this scope\n'}
[1.509019] (turtle_high_controller) StderrLine: {'line': b'   86 |     std::vector<\x1b[01;31m\x1b[KWaypoint\x1b[m\x1b[K> waypoints_;\n'}
[1.509082] (turtle_high_controller) StderrLine: {'line': b'      |                 \x1b[01;31m\x1b[K^~~~~~~~\x1b[m\x1b[K\n'}
[1.509143] (turtle_high_controller) StderrLine: {'line': b'\x1b[01m\x1b[K/home/qianlab/single_turtle_workspace/dependencies/traveler_controller/include/controller/trajectories_parser.h:86:25:\x1b[m\x1b[K \x1b[01;31m\x1b[Kerror: \x1b[m\x1b[Ktemplate argument 1 is invalid\n'}
[1.509220] (turtle_high_controller) StderrLine: {'line': b'   86 |     std::vector<Waypoint\x1b[01;31m\x1b[K>\x1b[m\x1b[K waypoints_;\n'}
[1.509284] (turtle_high_controller) StderrLine: {'line': b'      |                         \x1b[01;31m\x1b[K^\x1b[m\x1b[K\n'}
[1.509346] (turtle_high_controller) StderrLine: {'line': b'\x1b[01m\x1b[K/home/qianlab/single_turtle_workspace/dependencies/traveler_controller/include/controller/trajectories_parser.h:86:25:\x1b[m\x1b[K \x1b[01;31m\x1b[Kerror: \x1b[m\x1b[Ktemplate argument 2 is invalid\n'}
[1.511001] (turtle_high_controller) StderrLine: {'line': b'\x1b[01m\x1b[K/home/qianlab/single_turtle_workspace/dependencies/traveler_controller/include/controller/trajectories_parser.h:87:5:\x1b[m\x1b[K \x1b[01;31m\x1b[Kerror: \x1b[m\x1b[K\xe2\x80\x98\x1b[01m\x1b[KWaypoint\x1b[m\x1b[K\xe2\x80\x99 does not name a type\n'}
[1.511142] (turtle_high_controller) StderrLine: {'line': b'   87 |     \x1b[01;31m\x1b[KWaypoint\x1b[m\x1b[K curr_waypoint_{};\n'}
[1.511208] (turtle_high_controller) StderrLine: {'line': b'      |     \x1b[01;31m\x1b[K^~~~~~~~\x1b[m\x1b[K\n'}
[1.511273] (turtle_high_controller) StderrLine: {'line': b'\x1b[01m\x1b[K/home/qianlab/single_turtle_workspace/dependencies/traveler_controller/include/controller/trajectories_parser.h:87:30:\x1b[m\x1b[K \x1b[01;35m\x1b[Kwarning: \x1b[m\x1b[Kextra \xe2\x80\x98\x1b[01m\x1b[K;\x1b[m\x1b[K\xe2\x80\x99 [\x1b[01;35m\x1b[K-Wpedantic\x1b[m\x1b[K]\n'}
[1.511351] (turtle_high_controller) StderrLine: {'line': b'   87 |     Waypoint curr_waypoint_{}\x1b[01;35m\x1b[K;\x1b[m\x1b[K\n'}
[1.511416] (turtle_high_controller) StderrLine: {'line': b'      |                              \x1b[01;35m\x1b[K^\x1b[m\x1b[K\n'}
[1.511479] (turtle_high_controller) StderrLine: {'line': b'      |                              \x1b[31m\x1b[K-\x1b[m\x1b[K\n'}
[1.512417] (turtle_high_controller) StderrLine: {'line': b'\x1b[01m\x1b[K/home/qianlab/single_turtle_workspace/dependencies/traveler_controller/include/controller/trajectories_parser.h:88:5:\x1b[m\x1b[K \x1b[01;31m\x1b[Kerror: \x1b[m\x1b[K\xe2\x80\x98\x1b[01m\x1b[KWaypoint\x1b[m\x1b[K\xe2\x80\x99 does not name a type\n'}
[1.512528] (turtle_high_controller) StderrLine: {'line': b'   88 |     \x1b[01;31m\x1b[KWaypoint\x1b[m\x1b[K prev_waypoint_{};\n'}
[1.512598] (turtle_high_controller) StderrLine: {'line': b'      |     \x1b[01;31m\x1b[K^~~~~~~~\x1b[m\x1b[K\n'}
[1.512664] (turtle_high_controller) StderrLine: {'line': b'\x1b[01m\x1b[K/home/qianlab/single_turtle_workspace/dependencies/traveler_controller/include/controller/trajectories_parser.h:88:30:\x1b[m\x1b[K \x1b[01;35m\x1b[Kwarning: \x1b[m\x1b[Kextra \xe2\x80\x98\x1b[01m\x1b[K;\x1b[m\x1b[K\xe2\x80\x99 [\x1b[01;35m\x1b[K-Wpedantic\x1b[m\x1b[K]\n'}
[1.512733] (turtle_high_controller) StderrLine: {'line': b'   88 |     Waypoint prev_waypoint_{}\x1b[01;35m\x1b[K;\x1b[m\x1b[K\n'}
[1.512803] (turtle_high_controller) StderrLine: {'line': b'      |                              \x1b[01;35m\x1b[K^\x1b[m\x1b[K\n'}
[1.512955] (turtle_high_controller) StderrLine: {'line': b'      |                              \x1b[31m\x1b[K-\x1b[m\x1b[K\n'}
[1.513019] (turtle_high_controller) StderrLine: {'line': b'\x1b[01m\x1b[K/home/qianlab/single_turtle_workspace/dependencies/traveler_controller/src/main.cpp:19:54:\x1b[m\x1b[K \x1b[01;31m\x1b[Kerror: \x1b[m\x1b[K\xe2\x80\x98\x1b[01m\x1b[Kturtle_namespace::control::TrajectoriesParser::TrajectoriesParser()\x1b[m\x1b[K\xe2\x80\x99 is private within this context\n'}
[1.513091] (turtle_high_controller) StderrLine: {'line': b'   19 | static turtle_namespace::control::TrajectoriesParser \x1b[01;31m\x1b[Ktraj\x1b[m\x1b[K;\n'}
[1.513157] (turtle_high_controller) StderrLine: {'line': b'      |                                                      \x1b[01;31m\x1b[K^~~~\x1b[m\x1b[K\n'}
[1.513226] (turtle_high_controller) StderrLine: {'line': b'In file included from \x1b[01m\x1b[K/home/qianlab/single_turtle_workspace/dependencies/traveler_controller/src/main.cpp:10\x1b[m\x1b[K:\n'}
[1.513292] (turtle_high_controller) StderrLine: {'line': b'\x1b[01m\x1b[K/home/qianlab/single_turtle_workspace/dependencies/traveler_controller/include/controller/trajectories_parser.h:94:5:\x1b[m\x1b[K \x1b[01;36m\x1b[Knote: \x1b[m\x1b[Kdeclared private here\n'}
[1.513359] (turtle_high_controller) StderrLine: {'line': b'   94 |     \x1b[01;36m\x1b[KTrajectoriesParser\x1b[m\x1b[K() = default;\n'}
[1.513426] (turtle_high_controller) StderrLine: {'line': b'      |     \x1b[01;36m\x1b[K^~~~~~~~~~~~~~~~~~\x1b[m\x1b[K\n'}
[1.604007] (-) TimerEvent: {}
[1.704317] (-) TimerEvent: {}
[1.793507] (turtle_high_controller) StderrLine: {'line': b'make[2]: *** [CMakeFiles/turtle_high_controller.dir/build.make:102: CMakeFiles/turtle_high_controller.dir/src/proxy/lowerproxy.cpp.o] Error 1\n'}
[1.804467] (-) TimerEvent: {}
[1.904811] (-) TimerEvent: {}
[1.928368] (turtle_high_controller) StderrLine: {'line': b'In file included from \x1b[01m\x1b[K/usr/include/x86_64-linux-gnu/c++/9/bits/c++allocator.h:33\x1b[m\x1b[K,\n'}
[1.928566] (turtle_high_controller) StderrLine: {'line': b'                 from \x1b[01m\x1b[K/usr/include/c++/9/bits/allocator.h:46\x1b[m\x1b[K,\n'}
[1.928644] (turtle_high_controller) StderrLine: {'line': b'                 from \x1b[01m\x1b[K/usr/include/c++/9/string:41\x1b[m\x1b[K,\n'}
[1.928727] (turtle_high_controller) StderrLine: {'line': b'                 from \x1b[01m\x1b[K/usr/include/c++/9/stdexcept:39\x1b[m\x1b[K,\n'}
[1.928796] (turtle_high_controller) StderrLine: {'line': b'                 from \x1b[01m\x1b[K/usr/include/c++/9/array:39\x1b[m\x1b[K,\n'}
[1.928864] (turtle_high_controller) StderrLine: {'line': b'                 from \x1b[01m\x1b[K/usr/include/c++/9/tuple:39\x1b[m\x1b[K,\n'}
[1.928932] (turtle_high_controller) StderrLine: {'line': b'                 from \x1b[01m\x1b[K/usr/include/c++/9/functional:54\x1b[m\x1b[K,\n'}
[1.928999] (turtle_high_controller) StderrLine: {'line': b'                 from \x1b[01m\x1b[K/home/qianlab/single_turtle_workspace/dependencies/traveler_controller/include/proxy/lowerproxy.h:12\x1b[m\x1b[K,\n'}
[1.929069] (turtle_high_controller) StderrLine: {'line': b'                 from \x1b[01m\x1b[K/home/qianlab/single_turtle_workspace/dependencies/traveler_controller/include/main.h:13\x1b[m\x1b[K,\n'}
[1.929137] (turtle_high_controller) StderrLine: {'line': b'                 from \x1b[01m\x1b[K/home/qianlab/single_turtle_workspace/dependencies/traveler_controller/src/main.cpp:8\x1b[m\x1b[K:\n'}
[1.929207] (turtle_high_controller) StderrLine: {'line': b'/usr/include/c++/9/ext/new_allocator.h: In instantiation of \xe2\x80\x98\x1b[01m\x1b[Kvoid __gnu_cxx::new_allocator<_Tp>::construct(_Up*, _Args&& ...) [with _Up = turtle_namespace::control::upperproxy; _Args = {}; _Tp = turtle_namespace::control::upperproxy]\x1b[m\x1b[K\xe2\x80\x99:\n'}
[1.929285] (turtle_high_controller) StderrLine: {'line': b'\x1b[01m\x1b[K/usr/include/c++/9/bits/alloc_traits.h:483:4:\x1b[m\x1b[K   required from \xe2\x80\x98\x1b[01m\x1b[Kstatic void std::allocator_traits<std::allocator<_CharT> >::construct(std::allocator_traits<std::allocator<_CharT> >::allocator_type&, _Up*, _Args&& ...) [with _Up = turtle_namespace::control::upperproxy; _Args = {}; _Tp = turtle_namespace::control::upperproxy; std::allocator_traits<std::allocator<_CharT> >::allocator_type = std::allocator<turtle_namespace::control::upperproxy>]\x1b[m\x1b[K\xe2\x80\x99\n'}
[1.929360] (turtle_high_controller) StderrLine: {'line': b'\x1b[01m\x1b[K/usr/include/c++/9/bits/shared_ptr_base.h:548:39:\x1b[m\x1b[K   required from \xe2\x80\x98\x1b[01m\x1b[Kstd::_Sp_counted_ptr_inplace<_Tp, _Alloc, _Lp>::_Sp_counted_ptr_inplace(_Alloc, _Args&& ...) [with _Args = {}; _Tp = turtle_namespace::control::upperproxy; _Alloc = std::allocator<turtle_namespace::control::upperproxy>; __gnu_cxx::_Lock_policy _Lp = __gnu_cxx::_S_atomic]\x1b[m\x1b[K\xe2\x80\x99\n'}
[1.929433] (turtle_high_controller) StderrLine: {'line': b'\x1b[01m\x1b[K/usr/include/c++/9/bits/shared_ptr_base.h:679:16:\x1b[m\x1b[K   required from \xe2\x80\x98\x1b[01m\x1b[Kstd::__shared_count<_Lp>::__shared_count(_Tp*&, std::_Sp_alloc_shared_tag<_Alloc>, _Args&& ...) [with _Tp = turtle_namespace::control::upperproxy; _Alloc = std::allocator<turtle_namespace::control::upperproxy>; _Args = {}; __gnu_cxx::_Lock_policy _Lp = __gnu_cxx::_S_atomic]\x1b[m\x1b[K\xe2\x80\x99\n'}
[1.929511] (turtle_high_controller) StderrLine: {'line': b'\x1b[01m\x1b[K/usr/include/c++/9/bits/shared_ptr_base.h:1344:71:\x1b[m\x1b[K   required from \xe2\x80\x98\x1b[01m\x1b[Kstd::__shared_ptr<_Tp, _Lp>::__shared_ptr(std::_Sp_alloc_shared_tag<_Tp>, _Args&& ...) [with _Alloc = std::allocator<turtle_namespace::control::upperproxy>; _Args = {}; _Tp = turtle_namespace::control::upperproxy; __gnu_cxx::_Lock_policy _Lp = __gnu_cxx::_S_atomic]\x1b[m\x1b[K\xe2\x80\x99\n'}
[1.929594] (turtle_high_controller) StderrLine: {'line': b'\x1b[01m\x1b[K/usr/include/c++/9/bits/shared_ptr.h:359:59:\x1b[m\x1b[K   required from \xe2\x80\x98\x1b[01m\x1b[Kstd::shared_ptr<_Tp>::shared_ptr(std::_Sp_alloc_shared_tag<_Tp>, _Args&& ...) [with _Alloc = std::allocator<turtle_namespace::control::upperproxy>; _Args = {}; _Tp = turtle_namespace::control::upperproxy]\x1b[m\x1b[K\xe2\x80\x99\n'}
[1.929678] (turtle_high_controller) StderrLine: {'line': b'\x1b[01m\x1b[K/usr/include/c++/9/bits/shared_ptr.h:701:14:\x1b[m\x1b[K   required from \xe2\x80\x98\x1b[01m\x1b[Kstd::shared_ptr<_Tp> std::allocate_shared(const _Alloc&, _Args&& ...) [with _Tp = turtle_namespace::control::upperproxy; _Alloc = std::allocator<turtle_namespace::control::upperproxy>; _Args = {}]\x1b[m\x1b[K\xe2\x80\x99\n'}
[1.929769] (turtle_high_controller) StderrLine: {'line': b'\x1b[01m\x1b[K/usr/include/c++/9/bits/shared_ptr.h:717:39:\x1b[m\x1b[K   required from \xe2\x80\x98\x1b[01m\x1b[Kstd::shared_ptr<_Tp> std::make_shared(_Args&& ...) [with _Tp = turtle_namespace::control::upperproxy; _Args = {}]\x1b[m\x1b[K\xe2\x80\x99\n'}
[1.929845] (turtle_high_controller) StderrLine: {'line': b'\x1b[01m\x1b[K/home/qianlab/single_turtle_workspace/dependencies/traveler_controller/src/main.cpp:26:74:\x1b[m\x1b[K   required from here\n'}
[1.929918] (turtle_high_controller) StderrLine: {'line': b'\x1b[01m\x1b[K/usr/include/c++/9/ext/new_allocator.h:146:4:\x1b[m\x1b[K \x1b[01;31m\x1b[Kerror: \x1b[m\x1b[Kno matching function for call to \xe2\x80\x98\x1b[01m\x1b[Kturtle_namespace::control::upperproxy::upperproxy()\x1b[m\x1b[K\xe2\x80\x99\n'}
[1.929991] (turtle_high_controller) StderrLine: {'line': b'  146 |  { \x1b[01;31m\x1b[K::new((void *)__p) _Up(std::forward<_Args>(__args)...)\x1b[m\x1b[K; }\n'}
[1.930063] (turtle_high_controller) StderrLine: {'line': b'      |    \x1b[01;31m\x1b[K^~~~~~~~~~~~~~~~~~~~~~~~~~~~~~~~~~~~~~~~~~~~~~~~~~~~~~\x1b[m\x1b[K\n'}
[1.930138] (turtle_high_controller) StderrLine: {'line': b'In file included from \x1b[01m\x1b[K/home/qianlab/single_turtle_workspace/dependencies/traveler_controller/include/main.h:14\x1b[m\x1b[K,\n'}
[1.930208] (turtle_high_controller) StderrLine: {'line': b'                 from \x1b[01m\x1b[K/home/qianlab/single_turtle_workspace/dependencies/traveler_controller/src/main.cpp:8\x1b[m\x1b[K:\n'}
[1.930281] (turtle_high_controller) StderrLine: {'line': b'\x1b[01m\x1b[K/home/qianlab/single_turtle_workspace/dependencies/traveler_controller/include/proxy/upperproxy.h:37:4:\x1b[m\x1b[K \x1b[01;36m\x1b[Knote: \x1b[m\x1b[Kcandidate: \xe2\x80\x98\x1b[01m\x1b[Kturtle_namespace::control::upperproxy::upperproxy(std::string)\x1b[m\x1b[K\xe2\x80\x99\n'}
[1.930356] (turtle_high_controller) StderrLine: {'line': b'   37 |    \x1b[01;36m\x1b[Kupperproxy\x1b[m\x1b[K(std::string name);\n'}
[1.930434] (turtle_high_controller) StderrLine: {'line': b'      |    \x1b[01;36m\x1b[K^~~~~~~~~~\x1b[m\x1b[K\n'}
[1.930512] (turtle_high_controller) StderrLine: {'line': b'\x1b[01m\x1b[K/home/qianlab/single_turtle_workspace/dependencies/traveler_controller/include/proxy/upperproxy.h:37:4:\x1b[m\x1b[K \x1b[01;36m\x1b[Knote: \x1b[m\x1b[K  candidate expects 1 argument, 0 provided\n'}
[1.983630] (turtle_high_controller) StderrLine: {'line': b'In file included from \x1b[01m\x1b[K/home/qianlab/single_turtle_workspace/dependencies/traveler_controller/src/main.cpp:8\x1b[m\x1b[K:\n'}
[1.983839] (turtle_high_controller) StderrLine: {'line': b'\x1b[01m\x1b[K/home/qianlab/single_turtle_workspace/dependencies/traveler_controller/include/main.h:46:14:\x1b[m\x1b[K \x1b[01;35m\x1b[Kwarning: \x1b[m\x1b[K\xe2\x80\x98\x1b[01m\x1b[Ktimer\x1b[m\x1b[K\xe2\x80\x99 defined but not used [\x1b[01;35m\x1b[K-Wunused-variable\x1b[m\x1b[K]\n'}
[1.983930] (turtle_high_controller) StderrLine: {'line': b'   46 | static float \x1b[01;35m\x1b[Ktimer\x1b[m\x1b[K[10] = { 0 };\n'}
[1.984003] (turtle_high_controller) StderrLine: {'line': b'      |              \x1b[01;35m\x1b[K^~~~~\x1b[m\x1b[K\n'}
[1.984072] (turtle_high_controller) StderrLine: {'line': b'\x1b[01m\x1b[K/home/qianlab/single_turtle_workspace/dependencies/traveler_controller/include/main.h:44:12:\x1b[m\x1b[K \x1b[01;35m\x1b[Kwarning: \x1b[m\x1b[K\xe2\x80\x98\x1b[01m\x1b[Kinit_done\x1b[m\x1b[K\xe2\x80\x99 defined but not used [\x1b[01;35m\x1b[K-Wunused-variable\x1b[m\x1b[K]\n'}
[1.984155] (turtle_high_controller) StderrLine: {'line': b'   44 | static int \x1b[01;35m\x1b[Kinit_done\x1b[m\x1b[K = 0;\n'}
[1.984225] (turtle_high_controller) StderrLine: {'line': b'      |            \x1b[01;35m\x1b[K^~~~~~~~~\x1b[m\x1b[K\n'}
[1.984302] (turtle_high_controller) StderrLine: {'line': b'\x1b[01m\x1b[K/home/qianlab/single_turtle_workspace/dependencies/traveler_controller/include/main.h:43:14:\x1b[m\x1b[K \x1b[01;35m\x1b[Kwarning: \x1b[m\x1b[K\xe2\x80\x98\x1b[01m\x1b[Kinit_cnt\x1b[m\x1b[K\xe2\x80\x99 defined but not used [\x1b[01;35m\x1b[K-Wunused-variable\x1b[m\x1b[K]\n'}
[1.984373] (turtle_high_controller) StderrLine: {'line': b'   43 | static float \x1b[01;35m\x1b[Kinit_cnt\x1b[m\x1b[K = 0;\n'}
[1.984440] (turtle_high_controller) StderrLine: {'line': b'      |              \x1b[01;35m\x1b[K^~~~~~~~\x1b[m\x1b[K\n'}
[1.995148] (turtle_high_controller) StderrLine: {'line': b'make[2]: *** [CMakeFiles/turtle_high_controller.dir/build.make:63: CMakeFiles/turtle_high_controller.dir/src/main.cpp.o] Error 1\n'}
[2.004943] (-) TimerEvent: {}
[2.105370] (-) TimerEvent: {}
[2.205808] (-) TimerEvent: {}
[2.231170] (turtle_high_controller) StderrLine: {'line': b'make[2]: *** [CMakeFiles/turtle_high_controller.dir/build.make:115: CMakeFiles/turtle_high_controller.dir/src/proxy/upperproxy.cpp.o] Error 1\n'}
[2.231545] (turtle_high_controller) StderrLine: {'line': b'make[1]: *** [CMakeFiles/Makefile2:107: CMakeFiles/turtle_high_controller.dir/all] Error 2\n'}
[2.231713] (turtle_high_controller) StderrLine: {'line': b'make: *** [Makefile:141: all] Error 2\n'}
[2.234000] (turtle_high_controller) CommandEnded: {'returncode': 2}
[2.267489] (turtle_high_controller) JobEnded: {'identifier': 'turtle_high_controller', 'rc': 2}
[2.278049] (-) EventReactorShutdown: {}
